<?xml version="1.0" encoding="UTF-8"?>
<alto xmlns:xsi="http://www.w3.org/2001/XMLSchema-instance"
    xmlns="http://www.loc.gov/standards/alto/ns-v4#"
    xsi:schemaLocation="http://www.loc.gov/standards/alto/ns-v4# http://www.loc.gov/standards/alto/v4/alto-4-3.xsd">
    <Description>
        <MeasurementUnit>pixel</MeasurementUnit>
        <sourceImageInformation>
            <fileName>2013125.jpeg</fileName>
        </sourceImageInformation>
        <Processing ID="OCR_0">
            <processingCategory>other</processingCategory>
            <processingStepDescription>unknown</processingStepDescription>
            <processingSoftware>
                <softwareName>kraken</softwareName>
                <softwareVersion>4.3.13</softwareVersion>
            </processingSoftware>
        </Processing>
    </Description>
    <Tags>
        <OtherTag ID="TYPE_1" LABEL="DefaultLine"/>
        <OtherTag ID="TYPE_2" LABEL="MarginTextZone-ManuscriptAddendum"/>
        <OtherTag ID="TYPE_3" LABEL="TitlePageZone"/>
        <OtherTag ID="TYPE_4" LABEL="StampZone-Sticker"/>
        <OtherTag ID="TYPE_5" LABEL="StampZone"/>
        <OtherTag ID="TYPE_6" LABEL="MainZone-Entry-Continued"/>
        <OtherTag ID="TYPE_7" LABEL="GraphicZone-Maths"/>
        <OtherTag ID="TYPE_8" LABEL="FigureZone"/>
        <OtherTag ID="TYPE_9" LABEL="MainZone-Signature"/>
        <OtherTag ID="TYPE_10" LABEL="MainZone-P-Continued"/>
        <OtherTag ID="TYPE_11" LABEL="GraphicZone-Decoration"/>
        <OtherTag ID="TYPE_12" LABEL="MainZone-Date"/>
        <OtherTag ID="TYPE_13" LABEL="MainZone-Other"/>
        <OtherTag ID="TYPE_14" LABEL="TableZone-Continued"/>
        <OtherTag ID="TYPE_15" LABEL="MarginTextZone-Notes-Continued"/>
        <OtherTag ID="TYPE_16" LABEL="FigureZone-FigDesc"/>
        <OtherTag ID="TYPE_17" LABEL="MarginTextZone-Notes"/>
        <OtherTag ID="TYPE_18" LABEL="DropCapitalZone"/>
        <OtherTag ID="TYPE_19" LABEL="GraphicZone"/>
        <OtherTag ID="TYPE_20" LABEL="RunningTitleZone"/>
        <OtherTag ID="TYPE_21" LABEL="GraphicZone-FigDesc"/>
        <OtherTag ID="TYPE_22" LABEL="MainZone-Lg"/>
        <OtherTag ID="TYPE_23" LABEL="FigureZone-Head"/>
        <OtherTag ID="TYPE_24" LABEL="MainZone-P"/>
        <OtherTag ID="TYPE_25" LABEL="GraphicZone-Head"/>
        <OtherTag ID="TYPE_26" LABEL="QuireMarksZone"/>
        <OtherTag ID="TYPE_27" LABEL="MainZone-Sp"/>
        <OtherTag ID="TYPE_28" LABEL="MainZone-List"/>
        <OtherTag ID="TYPE_29" LABEL="GraphicZone-Part"/>
        <OtherTag ID="TYPE_30" LABEL="DigitizationArtefactZone"/>
        <OtherTag ID="TYPE_31" LABEL="MainZone-Entry"/>
        <OtherTag ID="TYPE_32" LABEL="TableZone-Head"/>
        <OtherTag ID="TYPE_33" LABEL="GraphicZone-TextualContent"/>
        <OtherTag ID="TYPE_34" LABEL="AdvertisementZone"/>
        <OtherTag ID="TYPE_35" LABEL="MainZone-List-Continued"/>
        <OtherTag ID="TYPE_36" LABEL="MainZone-Form"/>
        <OtherTag ID="TYPE_37" LABEL="MainZone-Head"/>
        <OtherTag ID="TYPE_38" LABEL="NumberingZone"/>
        <OtherTag ID="TYPE_39" LABEL="TitlePageZone-Index"/>
        <OtherTag ID="TYPE_40" LABEL="MainZone-Sp-Continued"/>
        <OtherTag ID="TYPE_41" LABEL="TableZone"/>
        <OtherTag ID="TYPE_42" LABEL="MainZone-Lg-Continued"/>
    </Tags>
    <Layout>
        <Page WIDTH="1000" HEIGHT="1448" PHYSICAL_IMG_NR="0" ID="page_0">
            <PrintSpace HPOS="0" VPOS="0" WIDTH="1000" HEIGHT="1448">
                <TextBlock ID="block_1" HPOS="237" VPOS="97" WIDTH="214" HEIGHT="37" TAGREFS="TYPE_20">
                    <Shape>
                        <Polygon POINTS="237.86166381835938 97.86942291259766 451.9986877441406 97.86942291259766 451.9986877441406 134.67726135253906 237.86166381835938 134.67726135253906 237.86166381835938 97.86942291259766"/>
                    </Shape>
                    <TextLine ID="line_0" HPOS="237" VPOS="110" WIDTH="217" HEIGHT="24" BASELINE="238 121 454 123" TAGREFS="TYPE_1">
                        <Shape>
                            <Polygon POINTS="447 110 439 110 431 110 423 110 415 110 407 110 399 110 390 110 382 110 374 110 366 110 358 110 350 110 342 110 334 110 326 110 318 110 310 110 302 110 294 110 286 110 278 110 270 110 262 110 254 110 246 110 238 110 238 121 237 131 380 129 452 134 454 123 453 110 447 110"/>
                        </Shape>
                        <String CONTENT=""/>
                    </TextLine>
</TextBlock>
                <TextBlock ID="block_5" HPOS="602" VPOS="108" WIDTH="43" HEIGHT="33" TAGREFS="TYPE_38">
                    <Shape>
                        <Polygon POINTS="602.8408813476562 108.33675384521484 645.2568969726562 108.33675384521484 645.2568969726562 141.26425170898438 602.8408813476562 141.26425170898438 602.8408813476562 108.33675384521484"/>
                    </Shape>
                    <TextLine ID="line_1" HPOS="600" VPOS="89" WIDTH="41" HEIGHT="55" BASELINE="600 128 641 128" TAGREFS="TYPE_1">
                        <Shape>
                            <Polygon POINTS="600 139 640 144 641 128 641 99 601 89 600 128 600 139"/>
                        </Shape>
                        <String CONTENT=""/>
                    </TextLine>
</TextBlock>
                <TextBlock ID="block_0" HPOS="62" VPOS="136" WIDTH="579" HEIGHT="66" TAGREFS="TYPE_10">
                    <Shape>
                        <Polygon POINTS="62.64573287963867 136.06565856933594 641.8543701171875 136.06565856933594 641.8543701171875 202.6858673095703 62.64573287963867 202.6858673095703 62.64573287963867 136.06565856933594"/>
                    </Shape>
                    <TextLine ID="line_2" HPOS="61" VPOS="130" WIDTH="580" HEIGHT="48" BASELINE="61 159 641 164" TAGREFS="TYPE_1">
                        <Shape>
                            <Polygon POINTS="511 161 503 161 495 161 487 161 479 161 471 161 463 161 455 161 447 161 439 161 431 161 423 161 415 161 407 161 399 161 390 161 382 161 374 161 366 161 363 147 349 137 341 131 341 131 340 131 339 131 314 136 302 139 292 135 288 135 287 135 286 135 275 135 254 138 241 135 222 130 221 130 200 130 199 130 198 130 197 130 193 134 189 137 172 133 156 130 156 130 61 131 61 159 61 169 68 172 69 172 69 172 124 169 138 168 149 169 208 175 209 175 237 171 310 176 311 176 377 171 381 171 391 177 392 177 393 177 394 178 457 178 457 177 458 177 475 172 476 172 479 172 547 177 547 177 594 173 610 178 611 178 612 178 640 172 641 164 640 143 627 143 625 143 612 135 611 135 610 135 593 139 582 135 581 135 580 135 580 135 579 135 572 139 557 135 556 135 555 135 555 135 536 141 514 148 511 148 511 161"/>
                        </Shape>
                        <String CONTENT=""/>
                    </TextLine>

                    <TextLine ID="line_3" HPOS="63" VPOS="164" WIDTH="150" HEIGHT="41" BASELINE="63 192 213 192" TAGREFS="TYPE_1">
                        <Shape>
                            <Polygon POINTS="63 192 63 200 80 205 81 205 82 205 82 205 99 201 129 205 130 205 131 205 145 201 183 205 184 205 213 200 213 192 213 172 168 167 168 167 167 167 159 170 157 171 156 170 142 164 141 164 140 164 63 168 63 192"/>
                        </Shape>
                        <String CONTENT=""/>
                    </TextLine>
</TextBlock>
                <TextBlock ID="block_3" HPOS="58" VPOS="203" WIDTH="588" HEIGHT="714" TAGREFS="TYPE_24">
                    <Shape>
                        <Polygon POINTS="58.20570373535156 203.7712860107422 646.673095703125 203.7712860107422 646.673095703125 917.34228515625 58.20570373535156 917.34228515625 58.20570373535156 203.7712860107422"/>
                    </Shape>
                    <TextLine ID="line_4" HPOS="96" VPOS="193" WIDTH="545" HEIGHT="52" BASELINE="96 223 641 231" TAGREFS="TYPE_1">
                        <Shape>
                            <Polygon POINTS="96 223 96 236 108 233 123 237 127 238 127 238 128 238 129 238 131 237 144 233 158 237 163 238 164 238 164 238 177 238 220 234 278 239 283 239 284 239 285 239 286 239 300 235 315 239 320 241 320 241 321 241 327 240 346 235 363 240 368 242 369 242 370 242 378 241 408 236 477 236 489 242 491 243 492 243 493 243 498 242 518 238 529 242 532 244 533 244 534 244 545 243 579 239 589 244 590 244 591 244 592 245 641 245 641 231 641 207 588 197 587 197 540 205 529 205 499 205 498 205 480 195 479 195 388 194 387 194 386 194 386 194 374 203 372 203 362 202 353 202 344 194 344 193 343 193 342 193 341 193 341 193 308 201 307 201 242 197 242 197 214 201 209 201 205 201 160 193 160 193 96 198 96 223"/>
                        </Shape>
                        <String CONTENT=""/>
                    </TextLine>

                    <TextLine ID="line_5" HPOS="61" VPOS="230" WIDTH="580" HEIGHT="42" BASELINE="62 256 641 262" TAGREFS="TYPE_1">
                        <Shape>
                            <Polygon POINTS="62 256 61 267 640 272 641 262 641 240 582 234 581 234 501 238 481 238 479 238 469 233 469 233 468 233 445 237 443 238 442 237 438 234 437 234 436 234 436 234 358 236 328 237 321 236 301 231 300 231 283 235 278 236 273 235 260 231 259 231 259 231 242 234 238 235 227 234 193 231 192 231 168 234 154 235 151 234 146 230 145 230 144 230 144 230 62 232 62 256"/>
                        </Shape>
                        <String CONTENT=""/>
                    </TextLine>

                    <TextLine ID="line_6" HPOS="62" VPOS="263" WIDTH="579" HEIGHT="43" BASELINE="62 288 641 295" TAGREFS="TYPE_1">
                        <Shape>
                            <Polygon POINTS="62 288 62 300 133 296 142 301 142 302 143 302 144 302 144 302 149 302 181 297 227 302 234 303 234 303 235 303 236 303 243 299 272 303 279 304 280 304 292 303 351 299 370 304 373 304 374 304 374 304 382 304 424 300 639 306 641 295 639 271 507 272 500 269 495 267 494 267 493 267 480 268 455 272 433 268 429 267 428 267 427 267 426 268 418 272 352 272 338 267 335 266 334 266 333 266 333 266 330 267 321 271 279 271 251 266 238 264 238 264 221 266 184 269 173 265 169 263 168 263 168 263 62 263 62 288"/>
                        </Shape>
                        <String CONTENT=""/>
                    </TextLine>

                    <TextLine ID="line_7" HPOS="61" VPOS="296" WIDTH="580" HEIGHT="43" BASELINE="61 321 641 326" TAGREFS="TYPE_1">
                        <Shape>
                            <Polygon POINTS="61 321 61 328 79 334 80 334 81 334 218 330 255 336 255 336 256 336 266 331 369 331 382 337 383 337 384 337 482 333 490 337 491 337 492 337 493 337 493 337 509 333 545 338 546 339 618 339 618 338 619 338 640 333 641 326 640 305 547 305 531 304 493 299 493 299 492 299 491 299 485 303 483 305 462 305 458 303 448 298 447 298 419 298 418 298 417 298 416 298 411 302 408 304 397 302 370 298 369 298 368 298 356 302 351 303 342 301 316 297 315 297 287 301 271 303 259 300 235 296 204 296 203 296 202 296 195 300 191 302 144 302 142 300 138 296 138 296 137 296 136 296 135 296 61 298 61 321"/>
                        </Shape>
                        <String CONTENT=""/>
                    </TextLine>

                    <TextLine ID="line_8" HPOS="61" VPOS="326" WIDTH="581" HEIGHT="47" BASELINE="61 353 642 359" TAGREFS="TYPE_1">
                        <Shape>
                            <Polygon POINTS="61 353 61 365 171 362 191 366 209 368 210 368 211 368 212 368 216 366 222 362 273 362 278 366 284 369 285 369 286 369 345 366 374 364 379 366 393 370 394 370 395 371 477 371 477 370 477 370 486 366 487 366 490 366 536 370 537 370 538 370 539 370 546 366 547 366 547 366 567 372 567 372 568 373 622 373 622 372 623 372 641 366 642 359 641 330 612 337 561 337 504 329 503 329 502 329 485 335 474 329 473 329 473 329 472 329 467 329 395 334 382 328 382 328 381 328 380 328 367 328 248 333 220 327 215 326 214 326 213 326 213 326 212 327 206 332 185 332 162 326 159 326 61 326 61 353"/>
                        </Shape>
                        <String CONTENT=""/>
                    </TextLine>

                    <TextLine ID="line_9" HPOS="60" VPOS="362" WIDTH="580" HEIGHT="41" BASELINE="61 386 640 390" TAGREFS="TYPE_1">
                        <Shape>
                            <Polygon POINTS="61 386 60 395 94 399 94 399 112 396 123 394 138 396 176 400 176 400 233 396 253 395 266 397 303 401 304 401 333 397 340 396 367 396 368 397 374 402 375 402 376 402 377 402 397 397 399 397 401 397 417 402 418 402 419 402 468 398 477 403 478 403 479 403 480 403 489 399 546 403 547 403 639 398 640 390 639 371 609 366 608 366 547 369 514 365 513 365 512 365 502 369 499 370 496 369 486 365 485 365 485 365 484 365 483 365 480 368 477 370 447 370 440 367 435 366 434 366 433 366 399 367 350 369 337 366 327 363 326 363 325 363 303 366 275 368 262 365 254 362 253 362 252 362 238 364 218 367 201 363 193 362 193 362 172 363 98 366 61 362 61 386"/>
                        </Shape>
                        <String CONTENT=""/>
                    </TextLine>

                    <TextLine ID="line_10" HPOS="61" VPOS="392" WIDTH="582" HEIGHT="43" BASELINE="61 419 643 423" TAGREFS="TYPE_1">
                        <Shape>
                            <Polygon POINTS="61 419 61 429 254 427 267 430 280 432 281 432 370 431 402 430 414 431 461 434 462 434 585 431 606 431 608 431 617 435 618 435 619 435 642 431 643 423 642 396 613 401 483 401 477 396 477 395 476 395 475 395 450 394 449 394 448 394 444 396 433 399 401 396 383 394 382 394 382 394 377 396 367 399 359 396 353 394 353 394 352 394 331 396 311 399 292 396 270 394 269 394 268 394 259 396 257 397 256 396 251 393 251 393 250 393 211 393 210 393 209 393 201 396 197 399 160 399 156 396 142 392 141 392 140 392 61 396 61 419"/>
                        </Shape>
                        <String CONTENT=""/>
                    </TextLine>

                    <TextLine ID="line_11" HPOS="63" VPOS="426" WIDTH="580" HEIGHT="42" BASELINE="63 451 643 455" TAGREFS="TYPE_1">
                        <Shape>
                            <Polygon POINTS="63 451 63 463 108 460 120 463 129 465 130 465 131 465 131 465 132 465 135 463 139 460 177 460 183 463 189 466 189 466 190 466 191 466 200 463 206 461 209 463 213 466 213 466 214 466 215 467 251 467 251 466 269 463 282 461 290 463 302 467 303 467 304 467 320 463 328 462 350 463 407 467 408 467 441 463 448 463 449 463 458 468 459 468 460 468 460 468 477 463 480 463 482 463 496 468 497 468 497 468 546 464 563 468 564 468 565 468 642 463 643 455 642 432 493 428 493 428 478 431 467 434 448 431 424 428 423 428 423 428 412 431 404 433 396 431 380 427 379 427 378 427 366 431 358 434 300 434 291 431 281 428 280 428 279 428 250 431 230 432 228 431 222 427 221 427 220 427 179 426 178 426 157 431 152 431 63 431 63 451"/>
                        </Shape>
                        <String CONTENT=""/>
                    </TextLine>

                    <TextLine ID="line_12" HPOS="59" VPOS="457" WIDTH="585" HEIGHT="43" BASELINE="60 485 644 488" TAGREFS="TYPE_1">
                        <Shape>
                            <Polygon POINTS="59 490 96 497 97 497 98 497 114 492 205 492 214 498 215 498 216 498 217 498 266 493 274 498 275 498 275 498 276 498 277 498 278 498 282 495 352 499 353 499 439 493 448 499 448 499 449 499 450 499 476 495 501 500 502 500 502 500 521 494 529 500 530 500 530 500 531 500 532 500 551 494 619 500 620 500 621 500 643 493 644 488 644 467 572 467 570 465 562 460 561 460 560 460 559 460 559 460 548 465 546 467 507 467 501 464 486 460 485 460 485 460 460 464 449 465 446 464 440 459 440 459 439 459 438 459 437 459 422 463 411 465 383 462 371 461 370 461 370 461 366 462 353 465 349 462 344 458 343 458 342 458 341 458 288 460 221 464 209 460 204 457 203 457 202 457 201 457 201 457 198 460 196 461 193 460 189 457 188 457 139 457 138 457 137 457 135 458 124 464 75 464 61 457 60 485 59 490"/>
                        </Shape>
                        <String CONTENT=""/>
                    </TextLine>

                    <TextLine ID="line_13" HPOS="61" VPOS="490" WIDTH="582" HEIGHT="43" BASELINE="61 516 643 519" TAGREFS="TYPE_1">
                        <Shape>
                            <Polygon POINTS="61 516 61 523 177 524 183 530 184 530 185 530 185 530 186 530 197 525 212 529 213 529 213 529 245 526 255 530 255 530 256 530 292 526 300 530 301 530 302 530 353 531 354 531 382 526 413 531 414 531 448 527 468 531 469 531 469 531 470 531 477 527 498 532 499 533 624 533 624 532 625 532 642 526 643 519 643 499 575 497 570 493 569 493 568 493 567 493 567 493 559 497 519 493 518 493 518 493 501 497 478 492 477 492 477 492 463 497 428 492 427 492 355 497 311 492 310 492 271 497 271 497 263 491 263 491 262 491 261 491 239 495 226 491 226 491 225 491 224 491 209 497 207 497 196 497 74 490 73 490 72 490 61 495 61 516"/>
                        </Shape>
                        <String CONTENT=""/>
                    </TextLine>

                    <TextLine ID="line_14" HPOS="60" VPOS="522" WIDTH="583" HEIGHT="43" BASELINE="61 548 643 552" TAGREFS="TYPE_1">
                        <Shape>
                            <Polygon POINTS="61 548 60 555 114 556 126 562 127 562 127 562 175 557 294 563 295 563 296 563 296 563 304 559 559 565 560 565 642 559 643 552 643 533 599 526 598 526 575 531 574 531 567 526 567 526 566 526 565 526 564 526 552 530 539 525 538 525 537 525 479 530 468 530 466 530 457 524 456 524 456 524 455 524 434 529 430 530 425 529 398 523 397 523 396 523 382 528 378 529 372 528 348 524 347 524 346 524 345 524 341 527 337 530 308 530 302 527 294 522 293 522 280 522 279 522 279 522 278 522 273 526 270 530 238 530 234 526 230 522 230 522 229 522 228 522 227 522 217 526 205 529 189 525 185 524 184 524 183 524 182 524 179 525 167 528 157 525 149 522 148 522 111 522 111 522 110 522 109 522 106 523 100 529 89 529 82 523 81 522 80 522 79 522 78 522 61 522 61 548"/>
                        </Shape>
                        <String CONTENT=""/>
                    </TextLine>

                    <TextLine ID="line_15" HPOS="61" VPOS="555" WIDTH="580" HEIGHT="42" BASELINE="61 580 641 584" TAGREFS="TYPE_1">
                        <Shape>
                            <Polygon POINTS="61 580 61 593 77 588 122 588 132 593 133 594 134 594 135 594 140 593 176 588 206 588 215 594 218 595 218 595 219 595 230 594 255 591 271 594 277 595 278 595 279 595 279 595 280 594 285 590 292 594 296 596 297 596 298 596 317 596 317 596 318 596 319 596 320 594 327 590 358 594 374 596 374 596 375 596 378 594 386 590 400 594 409 596 410 596 411 596 411 596 419 594 427 592 453 594 477 596 478 597 512 597 512 596 513 596 514 596 516 594 521 591 543 594 563 597 563 597 641 594 641 584 641 564 607 559 606 559 479 561 415 563 407 560 398 557 397 557 396 557 356 559 329 561 324 559 318 557 317 557 316 557 316 557 308 559 295 562 278 559 270 557 269 557 249 558 192 561 181 557 177 555 176 555 176 555 175 555 171 557 159 561 97 561 90 555 89 555 88 555 61 555 61 580"/>
                        </Shape>
                        <String CONTENT=""/>
                    </TextLine>

                    <TextLine ID="line_16" HPOS="61" VPOS="585" WIDTH="580" HEIGHT="45" BASELINE="61 613 641 618" TAGREFS="TYPE_1">
                        <Shape>
                            <Polygon POINTS="61 613 61 622 177 626 178 626 179 626 180 626 182 624 187 621 233 621 238 625 240 626 241 626 242 626 242 626 243 626 246 625 254 621 264 625 270 627 271 627 271 627 308 625 371 623 380 626 383 628 384 628 385 628 393 627 415 623 440 627 448 629 449 629 465 628 505 625 548 629 551 629 552 629 553 629 567 625 579 629 580 629 581 629 582 630 641 630 641 618 641 596 596 592 595 592 566 594 546 596 535 593 515 589 514 589 514 589 513 589 507 593 504 596 488 596 474 592 448 588 448 588 389 588 388 588 378 591 367 594 356 591 344 587 343 587 342 587 276 589 192 592 168 588 157 585 156 585 145 587 122 592 111 587 107 585 106 585 106 585 99 586 82 590 61 586 61 613"/>
                        </Shape>
                        <String CONTENT=""/>
                    </TextLine>

                    <TextLine ID="line_17" HPOS="59" VPOS="620" WIDTH="580" HEIGHT="38" BASELINE="60 645 639 650" TAGREFS="TYPE_1">
                        <Shape>
                            <Polygon POINTS="60 645 59 652 101 657 102 657 234 654 238 654 252 658 253 658 254 658 638 658 639 650 639 629 581 623 580 623 522 628 521 628 513 622 512 622 511 622 510 622 460 628 456 628 455 628 448 621 447 621 446 621 445 621 415 625 397 621 396 621 395 621 395 621 394 621 387 625 379 621 378 621 378 621 377 621 359 626 350 621 349 621 349 621 348 621 309 625 251 620 251 620 250 620 237 625 213 620 212 620 211 620 195 625 193 625 188 625 126 621 125 621 124 621 115 625 115 625 60 625 60 645"/>
                        </Shape>
                        <String CONTENT=""/>
                    </TextLine>

                    <TextLine ID="line_18" HPOS="61" VPOS="650" WIDTH="581" HEIGHT="47" BASELINE="61 678 642 682" TAGREFS="TYPE_1">
                        <Shape>
                            <Polygon POINTS="61 678 61 684 92 692 93 692 94 692 120 686 130 686 260 686 265 687 297 695 298 695 402 695 402 695 403 695 403 695 408 691 418 695 419 695 419 696 466 696 466 695 467 695 477 691 477 690 552 690 563 691 592 696 592 697 615 697 615 696 616 696 625 692 631 690 640 692 642 682 642 661 540 656 539 656 517 658 505 659 502 658 492 653 491 653 490 653 489 653 477 658 473 660 450 660 441 657 428 653 427 653 427 653 426 653 415 656 410 658 405 656 391 652 390 652 390 652 350 655 329 657 325 654 318 652 317 652 316 652 316 652 315 652 311 654 306 658 265 654 253 653 252 653 247 654 223 658 210 653 206 651 205 651 177 650 135 650 134 650 133 650 132 650 131 651 127 654 114 651 111 650 110 650 109 650 108 650 106 651 91 657 61 650 61 678"/>
                        </Shape>
                        <String CONTENT=""/>
                    </TextLine>

                    <TextLine ID="line_19" HPOS="58" VPOS="682" WIDTH="583" HEIGHT="44" BASELINE="59 709 641 716" TAGREFS="TYPE_1">
                        <Shape>
                            <Polygon POINTS="58 715 86 721 86 721 122 717 123 717 134 722 135 722 135 722 136 722 148 718 153 722 154 722 155 722 156 722 191 719 255 724 256 724 386 722 446 721 639 726 641 716 641 692 623 689 622 689 605 691 576 695 567 691 562 688 561 688 560 688 543 691 522 693 514 690 510 687 509 687 481 687 480 687 479 687 475 689 465 694 437 689 436 689 388 693 382 688 382 688 381 688 380 688 354 692 345 687 345 686 345 686 344 686 310 685 309 685 308 685 304 686 293 691 263 686 252 684 225 684 224 684 223 684 222 684 222 685 215 689 202 685 201 684 200 684 199 684 198 684 197 684 188 691 151 684 147 683 146 683 139 683 84 689 60 682 59 709 58 715"/>
                        </Shape>
                        <String CONTENT=""/>
                    </TextLine>

                    <TextLine ID="line_20" HPOS="61" VPOS="730" WIDTH="580" HEIGHT="31" BASELINE="61 742 641 747" TAGREFS="TYPE_1">
                        <Shape>
                            <Polygon POINTS="520 737 512 738 504 738 496 738 488 738 480 738 472 738 464 738 456 738 448 738 440 738 432 738 423 738 415 738 407 738 399 738 391 738 383 738 375 738 367 738 359 738 351 738 343 738 335 738 327 738 319 738 311 738 303 738 295 738 287 738 279 738 271 738 263 738 255 738 246 738 238 738 230 738 222 738 214 738 206 738 198 738 190 738 182 738 174 738 166 738 158 738 150 738 142 738 134 738 126 738 118 738 110 738 102 738 94 738 86 738 78 738 69 738 61 738 61 742 61 752 87 756 88 756 89 756 97 752 99 752 180 752 181 752 186 756 186 757 187 757 188 757 189 757 277 753 292 752 296 753 315 758 316 758 316 758 317 758 328 753 370 753 371 753 389 759 390 759 390 759 494 755 502 760 503 760 504 760 505 760 539 756 550 761 551 761 551 761 615 761 615 761 640 754 641 747 640 736 543 730 543 730 522 732 520 737"/>
                        </Shape>
                        <String CONTENT=""/>
                    </TextLine>

                    <TextLine ID="line_21" HPOS="60" VPOS="748" WIDTH="581" HEIGHT="45" BASELINE="61 774 641 780" TAGREFS="TYPE_1">
                        <Shape>
                            <Polygon POINTS="61 774 60 786 234 789 234 789 272 787 304 785 329 787 362 790 363 790 380 788 389 786 392 788 399 791 400 791 401 791 402 791 403 791 408 788 410 787 468 787 474 788 498 792 499 792 545 788 550 788 555 788 595 793 596 793 641 788 641 780 641 756 621 752 620 752 619 752 618 752 615 755 609 759 561 759 544 754 533 752 532 752 522 754 507 757 477 753 456 751 455 751 433 753 402 756 394 752 389 750 388 750 325 750 325 750 324 750 323 750 320 752 316 755 307 752 299 749 298 749 297 749 287 752 275 754 262 751 252 749 251 749 230 751 191 754 180 750 174 748 173 748 172 748 156 750 140 752 136 750 131 748 131 748 130 748 112 749 81 753 61 749 61 774"/>
                        </Shape>
                        <String CONTENT=""/>
                    </TextLine>

                    <TextLine ID="line_22" HPOS="61" VPOS="781" WIDTH="580" HEIGHT="44" BASELINE="61 807 641 813" TAGREFS="TYPE_1">
                        <Shape>
                            <Polygon POINTS="520 800 515 788 489 790 478 785 474 784 473 784 393 784 392 784 391 784 389 785 381 789 338 789 322 785 310 782 309 782 282 785 266 786 255 785 238 782 237 782 236 782 235 782 233 785 230 787 211 785 197 783 197 783 196 783 189 785 179 787 173 785 166 781 165 781 164 781 164 781 163 781 160 785 156 787 148 785 141 782 140 782 139 782 61 784 61 807 61 814 78 820 78 820 79 820 106 816 144 821 145 821 341 820 473 819 640 825 641 813 640 786 578 791 563 785 559 785 559 785 558 785 543 785 525 787 520 800"/>
                        </Shape>
                        <String CONTENT=""/>
                    </TextLine>

                    <TextLine ID="line_23" HPOS="59" VPOS="814" WIDTH="580" HEIGHT="43" BASELINE="59 840 639 846" TAGREFS="TYPE_1">
                        <Shape>
                            <Polygon POINTS="59 840 59 851 390 851 637 857 639 846 639 823 600 823 599 822 595 818 594 818 593 818 592 818 564 822 557 822 551 822 526 817 525 817 485 821 474 822 473 821 468 817 468 816 467 816 466 816 465 816 410 820 400 820 399 819 392 815 391 815 390 815 390 815 344 818 334 819 328 818 300 814 300 814 280 818 271 819 256 818 224 814 223 814 202 817 190 818 59 815 59 840"/>
                        </Shape>
                        <String CONTENT=""/>
                    </TextLine>

                    <TextLine ID="line_24" HPOS="59" VPOS="846" WIDTH="581" HEIGHT="46" BASELINE="59 873 640 878" TAGREFS="TYPE_1">
                        <Shape>
                            <Polygon POINTS="59 873 59 886 94 882 136 887 156 889 156 889 170 888 201 883 312 887 312 887 348 884 374 884 380 889 381 890 381 891 382 891 382 891 383 892 419 892 419 891 420 891 423 890 443 884 481 891 489 892 552 892 553 892 554 892 559 892 574 887 581 892 582 892 583 892 584 892 584 892 639 892 640 878 639 856 596 849 595 849 594 849 573 855 571 855 569 855 555 849 555 849 554 849 553 849 552 849 545 855 543 855 536 855 499 848 434 847 433 847 432 847 432 847 424 853 422 855 399 855 396 852 390 850 390 850 389 850 363 852 358 852 357 852 349 847 348 847 347 847 346 847 345 847 330 851 325 854 275 854 267 851 253 846 252 846 251 846 177 850 164 850 161 849 152 846 152 846 151 846 150 846 140 849 131 851 59 848 59 873"/>
                        </Shape>
                        <String CONTENT=""/>
                    </TextLine>

                    <TextLine ID="line_25" HPOS="58" VPOS="879" WIDTH="309" HEIGHT="37" BASELINE="59 906 367 905" TAGREFS="TYPE_1">
                        <Shape>
                            <Polygon POINTS="59 906 59 914 366 916 367 905 366 887 351 882 350 882 349 882 321 886 310 879 309 879 308 879 308 879 307 879 292 886 274 885 267 880 267 879 267 879 266 879 233 879 232 879 231 879 230 879 221 887 205 887 190 879 189 879 189 879 188 879 169 887 139 887 122 879 121 879 69 879 69 879 68 879 67 879 58 885 59 906"/>
                        </Shape>
                        <String CONTENT=""/>
                    </TextLine>
</TextBlock>
                <TextBlock ID="block_2" HPOS="59" VPOS="917" WIDTH="587" HEIGHT="294" TAGREFS="TYPE_24">
                    <Shape>
                        <Polygon POINTS="59.85489273071289 917.8208618164062 646.0999145507812 917.8208618164062 646.0999145507812 1211.7410888671875 59.85489273071289 1211.7410888671875 59.85489273071289 917.8208618164062"/>
                    </Shape>
                    <TextLine ID="line_26" HPOS="88" VPOS="909" WIDTH="554" HEIGHT="46" BASELINE="89 938 642 942" TAGREFS="TYPE_1">
                        <Shape>
                            <Polygon POINTS="89 938 88 945 94 949 95 949 96 949 97 949 213 946 230 952 231 952 232 952 233 952 255 946 298 946 309 952 310 952 311 952 312 952 312 952 320 947 386 947 392 953 393 953 394 953 395 953 416 948 425 954 426 954 427 954 427 954 511 954 511 954 512 954 520 950 536 954 537 954 538 955 613 955 613 954 641 948 642 942 641 915 590 912 589 912 588 912 581 915 572 918 555 915 542 912 473 911 472 911 471 911 470 911 466 915 462 918 427 918 422 915 417 911 416 911 415 911 415 911 414 911 405 915 400 917 398 915 391 910 390 910 390 910 374 910 373 910 372 910 371 910 365 915 361 917 314 917 301 915 270 909 269 909 268 909 250 915 245 917 213 917 206 915 185 910 184 910 158 914 111 909 111 909 110 909 89 914 89 938"/>
                        </Shape>
                        <String CONTENT=""/>
                    </TextLine>

                    <TextLine ID="line_27" HPOS="58" VPOS="942" WIDTH="585" HEIGHT="45" BASELINE="58 969 643 974" TAGREFS="TYPE_1">
                        <Shape>
                            <Polygon POINTS="58 969 58 982 129 979 167 983 173 983 174 983 175 983 176 983 191 978 196 982 197 982 197 982 198 982 315 979 341 984 347 985 348 985 355 984 388 979 413 985 419 986 478 987 479 987 480 987 481 987 482 985 487 981 511 981 566 982 573 986 577 987 578 987 579 987 642 986 643 974 642 951 427 951 412 947 406 946 405 946 404 946 403 947 396 950 390 947 389 946 388 946 387 946 386 946 366 946 318 950 297 946 292 945 291 945 290 945 288 946 282 949 262 945 259 945 258 945 255 945 231 949 215 945 213 944 213 944 212 944 197 944 90 947 58 942 58 969"/>
                        </Shape>
                        <String CONTENT=""/>
                    </TextLine>

                    <TextLine ID="line_28" HPOS="58" VPOS="976" WIDTH="584" HEIGHT="43" BASELINE="58 1002 642 1004" TAGREFS="TYPE_1">
                        <Shape>
                            <Polygon POINTS="58 1002 58 1012 116 1011 119 1012 123 1016 124 1016 125 1016 126 1016 155 1012 169 1011 174 1012 185 1016 186 1016 187 1016 188 1016 197 1012 202 1011 251 1011 255 1012 259 1015 259 1015 260 1015 261 1015 351 1012 409 1011 418 1012 448 1018 449 1019 607 1019 607 1018 641 1012 642 1004 641 986 558 986 552 984 524 978 523 978 522 978 510 983 509 983 493 978 492 978 491 978 490 978 489 978 484 983 481 986 448 986 424 982 383 977 382 977 326 981 272 984 261 979 252 976 251 976 251 976 250 976 239 979 230 982 215 979 199 976 122 976 121 976 114 978 93 982 58 977 58 1002"/>
                        </Shape>
                        <String CONTENT=""/>
                    </TextLine>

                    <TextLine ID="line_29" HPOS="57" VPOS="1007" WIDTH="584" HEIGHT="45" BASELINE="57 1035 641 1038" TAGREFS="TYPE_1">
                        <Shape>
                            <Polygon POINTS="57 1035 57 1042 120 1047 121 1047 122 1047 131 1043 202 1043 203 1043 213 1048 214 1048 215 1048 246 1044 260 1049 261 1049 262 1049 263 1049 281 1044 320 1044 320 1044 350 1050 351 1051 397 1051 397 1050 398 1050 408 1044 491 1050 492 1050 493 1050 510 1045 530 1051 530 1051 531 1052 618 1052 618 1051 619 1051 641 1044 641 1038 641 1016 541 1011 540 1011 514 1014 500 1016 488 1013 469 1010 469 1010 468 1010 460 1013 456 1016 385 1016 358 1011 334 1008 333 1008 322 1011 310 1013 292 1010 279 1008 278 1008 267 1010 243 1013 234 1009 233 1009 232 1009 231 1009 225 1009 176 1011 156 1008 152 1007 151 1007 148 1007 129 1012 119 1007 119 1007 118 1007 117 1007 98 1011 57 1007 57 1035"/>
                        </Shape>
                        <String CONTENT=""/>
                    </TextLine>

                    <TextLine ID="line_30" HPOS="58" VPOS="1041" WIDTH="583" HEIGHT="42" BASELINE="59 1067 641 1072" TAGREFS="TYPE_1">
                        <Shape>
                            <Polygon POINTS="59 1067 58 1075 148 1074 155 1077 164 1080 164 1080 165 1080 209 1077 241 1075 255 1077 269 1080 270 1080 288 1077 300 1076 304 1077 308 1081 308 1081 309 1081 310 1081 326 1077 337 1076 423 1076 430 1078 445 1082 446 1082 447 1082 471 1078 479 1077 482 1078 490 1082 491 1082 492 1082 514 1079 518 1078 524 1079 550 1083 551 1083 640 1079 641 1072 640 1047 59 1041 59 1067"/>
                        </Shape>
                        <String CONTENT=""/>
                    </TextLine>

                    <TextLine ID="line_31" HPOS="60" VPOS="1073" WIDTH="582" HEIGHT="42" BASELINE="61 1099 642 1104" TAGREFS="TYPE_1">
                        <Shape>
                            <Polygon POINTS="61 1099 60 1110 641 1115 642 1104 642 1082 577 1077 576 1077 563 1081 558 1081 555 1081 546 1077 545 1077 544 1077 513 1080 502 1081 499 1080 493 1077 492 1077 491 1077 467 1079 449 1081 437 1078 423 1076 423 1076 409 1078 398 1080 347 1077 310 1075 309 1075 275 1076 189 1078 161 1074 156 1073 156 1073 148 1073 98 1077 61 1073 61 1099"/>
                        </Shape>
                        <String CONTENT=""/>
                    </TextLine>

                    <TextLine ID="line_32" HPOS="60" VPOS="1104" WIDTH="584" HEIGHT="45" BASELINE="61 1131 644 1137" TAGREFS="TYPE_1">
                        <Shape>
                            <Polygon POINTS="61 1131 60 1138 93 1143 94 1143 155 1140 157 1140 158 1140 164 1144 164 1144 165 1144 166 1144 193 1141 199 1140 201 1141 213 1145 214 1145 215 1145 260 1142 278 1141 280 1143 286 1146 287 1146 288 1146 288 1146 325 1143 349 1142 386 1144 427 1147 427 1147 482 1147 570 1144 586 1148 589 1149 590 1149 591 1149 597 1148 623 1145 642 1149 644 1137 642 1110 591 1115 551 1110 551 1110 513 1114 493 1110 492 1110 448 1114 432 1108 431 1108 430 1108 429 1108 409 1114 376 1114 358 1107 358 1107 357 1107 356 1107 286 1112 267 1106 266 1106 265 1106 226 1111 213 1106 212 1106 211 1106 210 1106 209 1106 201 1111 176 1111 162 1106 161 1106 160 1106 160 1106 139 1110 61 1104 61 1131"/>
                        </Shape>
                        <String CONTENT=""/>
                    </TextLine>

                    <TextLine ID="line_33" HPOS="60" VPOS="1136" WIDTH="585" HEIGHT="46" BASELINE="61 1164 645 1169" TAGREFS="TYPE_1">
                        <Shape>
                            <Polygon POINTS="61 1164 60 1171 227 1179 228 1179 374 1175 394 1180 395 1180 395 1180 396 1180 397 1180 404 1176 448 1180 448 1180 449 1180 469 1176 477 1181 478 1181 479 1181 480 1181 512 1177 548 1181 549 1181 550 1181 560 1177 583 1182 584 1182 644 1176 645 1169 645 1147 502 1147 493 1144 465 1139 465 1139 412 1143 405 1143 400 1143 374 1139 373 1139 372 1139 358 1143 350 1144 343 1142 333 1139 333 1139 332 1139 316 1142 307 1143 282 1141 248 1138 247 1138 246 1138 240 1140 233 1143 222 1140 212 1137 211 1137 210 1137 209 1137 202 1139 194 1143 171 1139 149 1136 123 1136 122 1136 121 1136 117 1139 110 1142 61 1138 61 1164"/>
                        </Shape>
                        <String CONTENT=""/>
                    </TextLine>

                    <TextLine ID="line_34" HPOS="63" VPOS="1171" WIDTH="583" HEIGHT="50" BASELINE="64 1197 646 1201" TAGREFS="TYPE_1">
                        <Shape>
                            <Polygon POINTS="64 1197 63 1208 110 1217 111 1217 111 1217 126 1210 143 1210 160 1218 160 1218 161 1218 162 1218 188 1212 197 1218 198 1218 199 1218 200 1218 246 1217 247 1217 256 1213 257 1213 262 1213 321 1219 322 1219 341 1215 354 1212 359 1215 365 1219 366 1219 366 1219 386 1220 387 1220 388 1220 389 1220 395 1216 403 1212 429 1212 441 1217 448 1220 448 1220 449 1220 463 1217 492 1213 541 1213 600 1213 609 1221 609 1221 610 1221 644 1221 646 1201 645 1176 600 1180 588 1175 588 1175 587 1175 586 1175 583 1175 553 1180 526 1180 518 1175 517 1175 516 1175 515 1175 514 1175 484 1180 473 1175 472 1174 471 1174 470 1174 465 1175 437 1179 430 1174 428 1173 427 1173 427 1173 426 1173 411 1174 360 1179 347 1174 343 1172 342 1172 341 1172 333 1174 312 1178 299 1174 294 1172 293 1172 292 1172 283 1174 262 1177 223 1173 201 1172 201 1172 200 1172 195 1173 185 1177 173 1173 166 1171 165 1171 164 1171 64 1172 64 1197"/>
                        </Shape>
                        <String CONTENT=""/>
                    </TextLine>
</TextBlock>
                <TextBlock ID="block_4" HPOS="463" VPOS="1213" WIDTH="63" HEIGHT="34" TAGREFS="TYPE_26">
                    <Shape>
                        <Polygon POINTS="463.591552734375 1213.8885498046875 526.9224853515625 1213.8885498046875 526.9224853515625 1247.5689697265625 463.591552734375 1247.5689697265625 463.591552734375 1213.8885498046875"/>
                    </Shape>
                    <TextLine ID="line_35" HPOS="463" VPOS="1213" WIDTH="62" HEIGHT="41" BASELINE="463 1234 525 1234" TAGREFS="TYPE_1">
                        <Shape>
                            <Polygon POINTS="463 1234 463 1251 524 1254 525 1234 525 1215 463 1213 463 1234"/>
                        </Shape>
                        <String CONTENT=""/>
                    </TextLine>
</TextBlock>
            </PrintSpace>
        </Page>
    </Layout>
</alto>