<?xml version="1.0" encoding="UTF-8"?>
<alto xmlns:xsi="http://www.w3.org/2001/XMLSchema-instance"
    xmlns="http://www.loc.gov/standards/alto/ns-v4#"
    xsi:schemaLocation="http://www.loc.gov/standards/alto/ns-v4# http://www.loc.gov/standards/alto/v4/alto-4-3.xsd">
    <Description>
        <MeasurementUnit>pixel</MeasurementUnit>
        <sourceImageInformation>
            <fileName>2013126.jpeg</fileName>
        </sourceImageInformation>
        <Processing ID="OCR_0">
            <processingCategory>other</processingCategory>
            <processingStepDescription>unknown</processingStepDescription>
            <processingSoftware>
                <softwareName>kraken</softwareName>
                <softwareVersion>4.3.13</softwareVersion>
            </processingSoftware>
        </Processing>
    </Description>
    <Tags>
        <OtherTag ID="TYPE_1" LABEL="DefaultLine"/>
        <OtherTag ID="TYPE_2" LABEL="MarginTextZone-ManuscriptAddendum"/>
        <OtherTag ID="TYPE_3" LABEL="TitlePageZone"/>
        <OtherTag ID="TYPE_4" LABEL="StampZone-Sticker"/>
        <OtherTag ID="TYPE_5" LABEL="StampZone"/>
        <OtherTag ID="TYPE_6" LABEL="MainZone-Entry-Continued"/>
        <OtherTag ID="TYPE_7" LABEL="GraphicZone-Maths"/>
        <OtherTag ID="TYPE_8" LABEL="FigureZone"/>
        <OtherTag ID="TYPE_9" LABEL="MainZone-Signature"/>
        <OtherTag ID="TYPE_10" LABEL="MainZone-P-Continued"/>
        <OtherTag ID="TYPE_11" LABEL="GraphicZone-Decoration"/>
        <OtherTag ID="TYPE_12" LABEL="MainZone-Date"/>
        <OtherTag ID="TYPE_13" LABEL="MainZone-Other"/>
        <OtherTag ID="TYPE_14" LABEL="TableZone-Continued"/>
        <OtherTag ID="TYPE_15" LABEL="MarginTextZone-Notes-Continued"/>
        <OtherTag ID="TYPE_16" LABEL="FigureZone-FigDesc"/>
        <OtherTag ID="TYPE_17" LABEL="MarginTextZone-Notes"/>
        <OtherTag ID="TYPE_18" LABEL="DropCapitalZone"/>
        <OtherTag ID="TYPE_19" LABEL="GraphicZone"/>
        <OtherTag ID="TYPE_20" LABEL="RunningTitleZone"/>
        <OtherTag ID="TYPE_21" LABEL="GraphicZone-FigDesc"/>
        <OtherTag ID="TYPE_22" LABEL="MainZone-Lg"/>
        <OtherTag ID="TYPE_23" LABEL="FigureZone-Head"/>
        <OtherTag ID="TYPE_24" LABEL="MainZone-P"/>
        <OtherTag ID="TYPE_25" LABEL="GraphicZone-Head"/>
        <OtherTag ID="TYPE_26" LABEL="QuireMarksZone"/>
        <OtherTag ID="TYPE_27" LABEL="MainZone-Sp"/>
        <OtherTag ID="TYPE_28" LABEL="MainZone-List"/>
        <OtherTag ID="TYPE_29" LABEL="GraphicZone-Part"/>
        <OtherTag ID="TYPE_30" LABEL="DigitizationArtefactZone"/>
        <OtherTag ID="TYPE_31" LABEL="MainZone-Entry"/>
        <OtherTag ID="TYPE_32" LABEL="TableZone-Head"/>
        <OtherTag ID="TYPE_33" LABEL="GraphicZone-TextualContent"/>
        <OtherTag ID="TYPE_34" LABEL="AdvertisementZone"/>
        <OtherTag ID="TYPE_35" LABEL="MainZone-List-Continued"/>
        <OtherTag ID="TYPE_36" LABEL="MainZone-Form"/>
        <OtherTag ID="TYPE_37" LABEL="MainZone-Head"/>
        <OtherTag ID="TYPE_38" LABEL="NumberingZone"/>
        <OtherTag ID="TYPE_39" LABEL="TitlePageZone-Index"/>
        <OtherTag ID="TYPE_40" LABEL="MainZone-Sp-Continued"/>
        <OtherTag ID="TYPE_41" LABEL="TableZone"/>
        <OtherTag ID="TYPE_42" LABEL="MainZone-Lg-Continued"/>
    </Tags>
    <Layout>
        <Page WIDTH="1000" HEIGHT="1448" PHYSICAL_IMG_NR="0" ID="page_0">
            <PrintSpace HPOS="0" VPOS="0" WIDTH="1000" HEIGHT="1448">
                <TextBlock ID="block_2" HPOS="470" VPOS="87" WIDTH="367" HEIGHT="38" TAGREFS="TYPE_20">
                    <Shape>
                        <Polygon POINTS="470.35418701171875 87.26777648925781 837.238525390625 87.26777648925781 837.238525390625 125.33914947509766 470.35418701171875 125.33914947509766 470.35418701171875 87.26777648925781"/>
                    </Shape>
                    <TextLine ID="line_0" HPOS="467" VPOS="86" WIDTH="371" HEIGHT="45" BASELINE="468 119 838 110" TAGREFS="TYPE_1">
                        <Shape>
                            <Polygon POINTS="748 102 740 103 732 103 724 103 716 103 708 103 700 103 692 103 684 103 676 103 668 103 660 103 652 103 644 103 636 103 629 103 628 103 620 103 612 103 606 103 604 105 565 105 563 103 555 103 547 103 539 103 532 103 531 103 523 103 515 103 507 103 499 103 497 103 491 103 483 103 475 103 472 103 467 106 468 119 468 124 497 131 498 131 518 130 518 130 519 130 527 123 529 123 533 123 551 129 551 129 552 129 553 129 554 129 554 128 559 123 562 122 569 123 587 127 588 127 588 127 597 123 599 123 603 123 624 125 625 125 625 125 626 125 629 123 633 120 645 123 661 125 662 125 662 125 672 122 683 119 697 122 710 124 711 125 735 125 735 124 736 124 736 124 740 121 746 117 760 117 765 121 767 123 767 123 768 123 769 123 769 123 770 123 778 120 786 118 788 120 790 123 791 123 792 123 793 123 837 119 838 110 837 99 829 91 829 90 828 90 827 90 807 86 806 86 755 88 754 88 753 88 753 89 748 93 748 102"/>
                        </Shape>
                        <String CONTENT=""/>
                    </TextLine>
</TextBlock>
                <TextBlock ID="block_6" HPOS="351" VPOS="101" WIDTH="52" HEIGHT="33" TAGREFS="TYPE_38">
                    <Shape>
                        <Polygon POINTS="351.9349365234375 101.43840789794922 403.0068054199219 101.43840789794922 403.0068054199219 134.478271484375 351.9349365234375 134.478271484375 351.9349365234375 101.43840789794922"/>
                    </Shape>
                    <TextLine ID="line_1" HPOS="352" VPOS="103" WIDTH="63" HEIGHT="31" BASELINE="353 122 415 120" TAGREFS="TYPE_1">
                        <Shape>
                            <Polygon POINTS="368 103 360 103 352 103 353 122 355 133 358 129 374 131 396 134 397 134 398 134 415 127 415 120 414 105 372 103 368 103"/>
                        </Shape>
                        <String CONTENT=""/>
                    </TextLine>
</TextBlock>
                <TextBlock ID="block_0" HPOS="352" VPOS="128" WIDTH="579" HEIGHT="72" TAGREFS="TYPE_10">
                    <Shape>
                        <Polygon POINTS="352.5375671386719 128.6189727783203 931.3939208984375 128.6189727783203 931.3939208984375 200.4529571533203 352.5375671386719 200.4529571533203 352.5375671386719 128.6189727783203"/>
                    </Shape>
                    <TextLine ID="line_2" HPOS="351" VPOS="118" WIDTH="579" HEIGHT="56" BASELINE="352 159 930 145" TAGREFS="TYPE_1">
                        <Shape>
                            <Polygon POINTS="352 159 352 171 399 174 400 174 438 170 445 169 451 169 486 174 487 174 513 169 551 172 551 172 552 172 553 172 559 168 561 165 632 164 650 166 676 169 677 169 678 169 679 169 683 166 686 164 718 165 753 167 754 167 755 167 756 167 756 166 758 164 762 161 795 164 815 165 816 165 930 161 930 145 925 119 921 123 908 120 896 118 895 118 894 118 889 120 878 127 827 127 810 122 805 120 804 120 803 120 791 123 759 129 735 123 725 122 724 122 724 122 719 124 707 129 694 126 693 126 692 126 691 126 677 131 649 131 637 126 636 125 635 125 634 125 633 125 631 126 614 132 576 127 565 126 564 126 563 126 563 126 561 127 553 134 522 129 521 129 520 129 519 129 519 130 513 135 477 135 465 129 462 128 461 128 460 128 460 128 459 128 457 130 444 137 418 137 406 131 405 131 404 131 403 131 385 137 377 131 376 131 375 131 374 131 374 131 351 131 352 159"/>
                        </Shape>
                        <String CONTENT=""/>
                    </TextLine>

                    <TextLine ID="line_3" HPOS="350" VPOS="166" WIDTH="111" HEIGHT="41" BASELINE="352 193 461 190" TAGREFS="TYPE_1">
                        <Shape>
                            <Polygon POINTS="352 193 352 204 385 207 386 207 421 201 423 201 448 205 448 205 449 205 461 198 461 190 460 172 414 168 413 168 412 168 411 168 407 172 406 172 404 172 389 166 388 166 387 166 350 172 352 193"/>
                        </Shape>
                        <String CONTENT=""/>
                    </TextLine>
</TextBlock>
                <TextBlock ID="block_1" HPOS="352" VPOS="191" WIDTH="586" HEIGHT="1017" TAGREFS="TYPE_10">
                    <Shape>
                        <Polygon POINTS="352.790771484375 191.23143005371094 938.3632202148438 191.23143005371094 938.3632202148438 1208.3043212890625 352.790771484375 1208.3043212890625 352.790771484375 191.23143005371094"/>
                    </Shape>
                    <TextLine ID="line_4" HPOS="386" VPOS="182" WIDTH="543" HEIGHT="52" BASELINE="387 222 929 210" TAGREFS="TYPE_1">
                        <Shape>
                            <Polygon POINTS="387 222 387 231 456 234 456 234 512 229 515 229 516 229 529 233 530 233 530 233 531 233 532 233 538 228 539 228 544 228 591 231 592 231 592 231 605 226 607 226 609 226 630 230 631 230 632 230 641 226 641 226 649 230 650 230 650 230 711 229 712 229 727 224 728 224 729 224 747 228 748 228 929 219 929 210 928 190 905 182 904 182 903 182 902 182 901 182 890 190 864 183 863 183 862 183 861 183 844 192 790 192 769 185 769 185 768 185 767 185 766 185 756 193 744 188 744 188 743 188 742 188 741 188 732 193 717 189 716 189 716 189 715 189 714 189 708 194 704 191 703 191 703 191 702 191 670 195 667 195 666 195 640 188 639 188 638 188 568 195 539 190 539 190 538 190 510 198 509 198 508 198 495 191 494 191 493 191 469 193 469 193 468 193 458 199 456 200 448 199 403 194 402 194 401 194 386 199 387 222"/>
                        </Shape>
                        <String CONTENT=""/>
                    </TextLine>

                    <TextLine ID="line_5" HPOS="353" VPOS="218" WIDTH="575" HEIGHT="49" BASELINE="353 257 928 242" TAGREFS="TYPE_1">
                        <Shape>
                            <Polygon POINTS="755 233 752 226 745 226 740 224 729 221 728 221 728 221 727 221 715 225 705 227 696 225 685 222 684 222 683 222 661 226 649 227 641 226 633 223 632 223 631 223 630 223 629 223 626 226 621 230 584 226 563 225 562 225 561 225 552 227 532 232 514 227 510 226 509 226 508 226 507 226 502 228 485 234 427 234 353 230 353 257 353 267 473 267 474 267 492 267 493 267 493 267 493 266 496 264 500 260 597 258 617 262 623 263 624 263 629 262 651 257 695 260 707 261 708 261 709 261 711 260 724 255 765 259 774 259 775 259 776 259 777 259 777 259 786 253 801 259 802 259 803 259 804 259 805 259 806 259 806 258 812 254 823 258 824 258 825 258 827 258 868 250 927 255 928 242 925 222 853 223 851 222 840 218 839 218 839 218 838 218 837 218 837 218 831 222 830 224 818 223 785 219 784 219 783 219 775 223 770 226 757 226 755 233"/>
                        </Shape>
                        <String CONTENT=""/>
                    </TextLine>

                    <TextLine ID="line_6" HPOS="353" VPOS="250" WIDTH="577" HEIGHT="52" BASELINE="353 289 930 276" TAGREFS="TYPE_1">
                        <Shape>
                            <Polygon POINTS="755 262 751 255 736 255 736 255 735 255 728 259 721 255 720 255 720 255 719 255 718 255 703 259 699 260 695 259 670 255 670 255 643 261 637 262 633 261 605 256 604 256 578 257 577 257 576 257 570 262 544 258 543 258 543 258 531 263 525 263 378 263 377 263 353 267 353 289 353 302 389 296 404 300 407 301 407 301 408 301 415 300 437 296 452 299 460 300 460 300 461 300 462 300 464 299 469 295 477 299 479 300 480 300 481 300 490 298 503 296 510 297 516 299 517 299 518 299 518 299 519 299 522 297 526 294 562 296 596 297 596 297 620 294 641 291 679 292 740 294 741 294 847 287 849 287 860 291 860 291 861 291 862 291 863 291 870 286 893 291 893 291 930 283 930 276 928 255 868 250 868 250 867 250 866 250 858 256 855 258 828 258 823 257 789 252 788 252 787 252 786 252 786 253 782 256 757 255 755 262"/>
                        </Shape>
                        <String CONTENT=""/>
                    </TextLine>

                    <TextLine ID="line_7" HPOS="353" VPOS="287" WIDTH="577" HEIGHT="48" BASELINE="353 320 930 307" TAGREFS="TYPE_1">
                        <Shape>
                            <Polygon POINTS="353 329 373 335 374 335 374 335 375 335 397 329 400 329 407 329 452 333 453 333 454 333 455 333 462 329 465 326 488 326 522 328 579 330 580 330 580 330 589 327 596 324 609 326 623 329 624 329 647 326 673 322 710 325 716 325 716 325 717 325 718 325 728 320 738 324 740 325 740 325 741 326 794 326 794 325 877 323 878 323 905 316 929 322 930 307 929 287 691 287 691 287 690 287 689 287 685 290 681 292 670 290 655 287 654 287 654 287 644 291 635 294 609 294 604 291 604 290 603 290 602 290 601 290 588 292 553 296 530 292 519 291 518 291 518 291 517 291 517 292 515 292 511 296 473 293 461 292 460 292 460 292 459 292 458 293 450 298 435 294 432 293 432 293 431 293 430 293 429 293 428 294 421 298 390 294 385 294 384 294 383 294 381 295 361 300 353 295 353 320 353 329"/>
                        </Shape>
                        <String CONTENT=""/>
                    </TextLine>

                    <TextLine ID="line_8" HPOS="352" VPOS="317" WIDTH="573" HEIGHT="50" BASELINE="353 353 925 341" TAGREFS="TYPE_1">
                        <Shape>
                            <Polygon POINTS="353 353 353 363 386 367 387 367 419 362 432 360 440 362 459 366 460 366 485 361 496 358 524 359 572 362 572 362 573 362 574 362 577 358 580 357 587 358 599 360 600 360 600 360 609 357 614 356 619 357 636 362 637 362 637 362 638 362 639 362 645 357 647 354 679 354 687 356 709 360 710 360 777 357 777 357 794 353 798 352 800 353 806 357 807 357 808 357 809 357 853 357 881 351 890 349 925 349 925 341 924 323 892 317 891 317 890 317 876 323 835 324 826 320 825 320 824 320 738 326 710 320 709 320 657 329 585 329 567 324 567 324 566 324 446 333 424 327 423 327 423 327 382 332 368 329 367 329 366 329 366 329 352 334 353 353"/>
                        </Shape>
                        <String CONTENT=""/>
                    </TextLine>

                    <TextLine ID="line_9" HPOS="353" VPOS="346" WIDTH="577" HEIGHT="50" BASELINE="353 385 930 372" TAGREFS="TYPE_1">
                        <Shape>
                            <Polygon POINTS="755 357 753 354 753 355 748 358 678 358 674 356 670 353 669 353 668 353 667 353 635 357 599 361 593 357 590 353 589 353 588 353 588 353 533 354 532 354 523 357 508 363 446 363 438 358 436 357 436 357 435 357 434 357 433 357 429 358 419 362 410 358 407 357 407 357 406 357 405 357 403 358 389 366 377 358 376 358 375 358 374 358 353 358 353 385 353 394 485 396 485 396 486 396 502 391 505 390 507 391 522 395 523 395 524 395 525 395 526 395 533 390 534 390 568 389 571 390 577 394 578 394 579 394 580 394 605 394 605 394 628 393 629 393 629 393 635 388 667 391 668 391 669 391 679 386 680 386 687 386 748 390 749 390 784 384 786 384 786 384 801 389 802 389 802 389 827 385 880 387 881 387 882 387 883 387 888 382 930 380 930 372 929 354 894 346 893 346 831 355 821 356 816 355 794 349 793 349 792 349 791 349 790 349 781 355 767 349 766 349 765 349 765 349 757 353 755 357"/>
                        </Shape>
                        <String CONTENT=""/>
                    </TextLine>

                    <TextLine ID="line_10" HPOS="353" VPOS="381" WIDTH="577" HEIGHT="50" BASELINE="353 418 930 404" TAGREFS="TYPE_1">
                        <Shape>
                            <Polygon POINTS="755 392 752 386 740 383 740 383 739 383 738 383 724 390 722 390 660 385 659 385 658 385 658 385 649 391 624 386 623 386 622 386 606 392 606 393 572 393 557 387 556 387 555 387 530 388 530 388 516 394 515 394 514 394 488 389 487 389 452 396 449 397 419 397 418 397 400 391 399 391 399 391 353 398 353 418 353 427 378 427 385 431 386 431 386 431 387 431 388 431 399 426 412 430 413 430 414 430 415 430 415 430 423 425 460 429 461 429 521 423 522 423 523 423 538 427 539 427 539 427 590 427 654 419 658 419 661 419 691 424 692 424 748 418 758 423 759 423 760 423 930 413 930 404 928 386 846 386 828 381 827 381 827 381 760 389 758 389 757 389 756 388 755 392"/>
                        </Shape>
                        <String CONTENT=""/>
                    </TextLine>

                    <TextLine ID="line_11" HPOS="352" VPOS="415" WIDTH="578" HEIGHT="49" BASELINE="353 449 930 438" TAGREFS="TYPE_1">
                        <Shape>
                            <Polygon POINTS="353 449 353 460 392 464 393 464 394 464 405 460 409 458 415 459 434 463 435 463 436 463 446 459 450 457 471 458 517 461 518 461 600 460 600 460 609 456 616 454 641 456 669 458 670 458 670 458 676 456 683 452 704 455 711 456 711 456 716 455 731 452 741 455 747 456 748 456 748 456 777 454 826 450 929 452 930 438 929 415 852 415 851 415 851 415 846 416 839 419 817 417 803 415 802 415 802 415 798 417 792 420 784 418 780 416 779 416 778 416 760 418 720 422 706 419 702 418 701 418 700 418 699 418 696 419 689 423 596 424 566 421 555 420 555 420 547 421 525 425 517 422 514 421 514 421 513 421 503 422 472 427 454 423 452 423 451 423 352 424 353 449"/>
                        </Shape>
                        <String CONTENT=""/>
                    </TextLine>

                    <TextLine ID="line_12" HPOS="354" VPOS="445" WIDTH="575" HEIGHT="51" BASELINE="355 481 929 468" TAGREFS="TYPE_1">
                        <Shape>
                            <Polygon POINTS="355 481 355 490 390 496 390 496 480 489 481 489 496 493 497 493 497 493 568 492 569 492 570 492 576 488 627 490 628 490 629 490 639 485 641 485 648 485 677 489 678 489 707 484 716 483 720 484 733 488 734 488 735 488 760 483 766 482 768 483 776 487 777 487 777 487 778 487 779 487 784 483 786 481 795 483 820 486 821 486 822 486 836 482 841 481 851 481 876 485 876 485 877 485 888 481 893 479 928 480 929 468 928 451 911 445 910 445 909 445 909 445 890 450 856 446 855 446 855 446 844 451 822 447 821 447 780 453 777 453 774 453 713 449 712 449 682 455 676 456 637 456 635 456 625 452 624 452 623 452 622 452 608 456 604 457 598 456 583 454 582 454 567 457 561 458 558 457 545 453 544 453 543 453 543 453 534 458 533 458 528 458 505 455 504 455 503 455 502 455 497 458 495 460 486 459 463 455 462 455 461 455 447 459 442 460 428 460 390 456 390 456 354 460 355 481"/>
                        </Shape>
                        <String CONTENT=""/>
                    </TextLine>

                    <TextLine ID="line_13" HPOS="354" VPOS="477" WIDTH="579" HEIGHT="50" BASELINE="355 514 933 502" TAGREFS="TYPE_1">
                        <Shape>
                            <Polygon POINTS="355 514 355 523 369 527 370 527 370 527 423 522 434 522 439 522 457 526 458 526 459 526 474 522 475 522 480 522 546 524 547 524 620 519 635 518 640 518 661 522 662 522 687 518 702 515 932 514 933 502 932 484 918 477 917 477 917 477 878 483 859 477 858 477 857 477 856 477 843 483 829 480 828 480 827 480 827 480 810 485 791 479 790 479 790 479 762 485 746 480 745 480 744 480 744 480 728 487 703 481 702 481 701 481 700 481 699 481 688 488 629 482 629 482 628 482 613 490 588 490 576 484 575 484 574 484 508 492 452 489 452 489 451 489 450 489 443 493 382 494 370 488 369 488 368 488 367 488 354 494 355 514"/>
                        </Shape>
                        <String CONTENT=""/>
                    </TextLine>

                    <TextLine ID="line_14" HPOS="353" VPOS="510" WIDTH="579" HEIGHT="50" BASELINE="354 547 932 534" TAGREFS="TYPE_1">
                        <Shape>
                            <Polygon POINTS="354 547 354 560 402 560 402 559 403 559 403 559 404 559 408 555 434 558 451 559 452 559 452 559 453 559 456 557 460 554 472 556 480 558 481 558 481 558 482 558 484 556 489 551 508 551 520 555 527 557 528 557 529 557 549 554 572 551 582 553 590 555 591 555 592 556 622 556 622 555 623 555 624 555 629 551 633 550 642 551 661 555 662 555 690 553 691 553 696 550 701 547 713 549 732 552 732 552 733 552 734 552 739 548 742 547 764 547 767 547 776 552 777 552 777 552 858 545 871 544 872 545 878 550 879 550 880 550 880 550 932 543 932 534 930 514 814 510 814 510 813 510 804 514 798 518 778 515 757 512 757 512 727 513 726 513 725 513 722 515 716 520 591 522 577 518 576 518 576 518 540 523 515 518 509 517 508 517 507 517 506 517 506 518 506 518 499 524 488 518 486 518 485 518 485 518 478 518 446 523 436 518 436 518 435 518 434 518 430 518 389 526 353 520 354 547"/>
                        </Shape>
                        <String CONTENT=""/>
                    </TextLine>

                    <TextLine ID="line_15" HPOS="355" VPOS="542" WIDTH="579" HEIGHT="50" BASELINE="356 580 934 567" TAGREFS="TYPE_1">
                        <Shape>
                            <Polygon POINTS="356 580 356 587 427 592 427 592 478 585 495 589 496 589 497 589 572 588 572 588 590 583 607 588 608 588 609 588 609 588 610 588 617 583 643 587 644 587 717 580 893 581 893 581 894 581 906 575 934 574 934 567 932 544 870 542 869 542 868 542 868 542 863 546 858 550 819 550 814 547 806 543 805 543 804 543 803 543 794 547 787 551 769 551 765 548 756 544 755 544 754 544 753 544 753 544 753 545 748 549 744 552 717 552 713 550 708 546 707 546 707 546 706 546 705 546 695 551 690 552 678 551 645 547 644 547 643 547 629 552 624 554 620 552 605 548 604 548 604 548 555 549 555 549 554 549 548 553 505 550 504 550 465 557 457 559 415 559 389 559 379 554 378 554 378 554 377 554 355 559 356 580"/>
                        </Shape>
                        <String CONTENT=""/>
                    </TextLine>

                    <TextLine ID="line_16" HPOS="355" VPOS="575" WIDTH="579" HEIGHT="51" BASELINE="356 611 934 599" TAGREFS="TYPE_1">
                        <Shape>
                            <Polygon POINTS="356 611 357 626 373 621 402 625 403 625 403 625 404 625 412 619 462 624 465 624 466 624 469 624 510 617 539 622 543 622 544 622 545 622 546 622 546 621 554 616 580 621 585 621 586 621 592 621 625 614 700 618 713 618 714 618 715 618 716 617 727 613 752 616 753 616 779 611 790 614 791 614 792 614 835 610 848 614 853 616 854 616 855 616 855 616 856 616 859 614 866 609 877 613 881 615 882 615 883 615 884 615 889 613 904 608 932 612 934 599 932 581 855 575 855 575 827 577 826 577 825 577 815 584 766 584 757 579 757 579 756 579 755 579 754 579 738 585 693 585 685 580 684 580 683 580 663 580 662 580 617 587 586 581 585 581 584 581 576 585 555 582 555 582 554 582 539 588 526 583 526 583 525 583 472 584 471 584 470 584 470 584 464 591 432 591 373 586 372 586 371 586 355 592 356 611"/>
                        </Shape>
                        <String CONTENT=""/>
                    </TextLine>

                    <TextLine ID="line_17" HPOS="354" VPOS="608" WIDTH="579" HEIGHT="50" BASELINE="355 645 933 631" TAGREFS="TYPE_1">
                        <Shape>
                            <Polygon POINTS="355 645 355 658 396 653 464 655 490 656 491 656 501 654 526 649 567 653 583 654 584 654 626 653 627 653 628 653 629 651 635 647 650 650 655 652 656 652 657 652 668 650 694 645 704 649 705 649 706 649 737 645 744 648 745 649 746 649 747 649 748 649 750 648 763 643 799 643 805 646 806 648 807 648 808 648 809 648 872 646 873 646 874 646 876 645 880 641 884 645 887 646 888 646 888 646 889 646 933 643 933 631 930 608 354 621 355 645"/>
                        </Shape>
                        <String CONTENT=""/>
                    </TextLine>

                    <TextLine ID="line_18" HPOS="355" VPOS="638" WIDTH="580" HEIGHT="52" BASELINE="355 678 935 664" TAGREFS="TYPE_1">
                        <Shape>
                            <Polygon POINTS="355 673 355 678 355 685 379 690 380 690 419 684 423 684 423 684 432 688 432 688 433 688 453 684 457 683 460 683 481 687 481 687 523 682 527 682 531 682 554 685 555 685 555 685 556 685 559 682 561 681 570 682 592 685 593 685 615 682 629 679 653 681 681 682 682 682 683 682 689 680 696 678 707 680 718 682 719 682 737 679 764 676 769 679 770 680 771 680 772 680 773 680 781 678 798 675 810 678 814 679 815 679 816 679 835 678 888 674 934 676 935 664 933 638 892 645 798 647 762 644 746 642 745 642 744 642 739 645 728 649 720 645 714 643 713 643 712 643 711 643 704 645 699 647 694 646 686 644 685 644 684 644 683 644 674 646 661 650 654 647 652 646 651 646 650 646 641 648 621 651 609 649 594 645 593 645 592 645 580 649 578 650 570 650 526 647 525 647 524 647 506 652 504 653 504 652 498 648 497 648 497 648 496 648 466 654 456 655 450 654 424 649 423 649 423 649 410 655 408 656 407 655 390 650 389 650 388 650 359 657 355 673"/>
                        </Shape>
                        <String CONTENT=""/>
                    </TextLine>

                    <TextLine ID="line_19" HPOS="353" VPOS="670" WIDTH="583" HEIGHT="48" BASELINE="354 709 936 696" TAGREFS="TYPE_1">
                        <Shape>
                            <Polygon POINTS="667 679 659 679 651 679 643 679 637 680 631 679 627 679 619 679 611 679 603 679 598 679 584 682 571 684 563 682 548 679 547 679 539 679 536 679 488 684 485 684 484 684 463 680 462 680 427 681 427 681 426 681 419 686 417 688 373 688 370 686 365 682 364 682 363 682 362 682 362 682 353 686 354 709 354 718 936 708 936 696 934 674 899 670 898 670 897 670 883 675 877 678 836 678 834 676 828 672 827 672 827 672 826 672 825 672 812 677 807 678 803 677 792 673 791 673 790 673 765 678 753 681 679 682 674 680 673 679 667 679"/>
                        </Shape>
                        <String CONTENT=""/>
                    </TextLine>

                    <TextLine ID="line_20" HPOS="355" VPOS="705" WIDTH="580" HEIGHT="49" BASELINE="356 742 935 728" TAGREFS="TYPE_1">
                        <Shape>
                            <Polygon POINTS="356 742 356 754 390 749 440 752 456 752 457 752 458 752 459 752 460 751 467 748 576 748 661 748 662 748 662 748 672 744 677 744 709 744 798 744 798 744 827 740 836 739 854 740 905 741 906 741 935 736 935 728 933 709 862 710 854 706 853 706 852 706 851 706 835 710 823 705 823 705 822 705 821 705 806 711 765 706 764 706 763 706 745 713 716 713 697 707 696 707 695 707 695 707 694 707 687 713 681 708 680 708 679 708 679 708 634 715 594 710 593 710 592 710 592 710 582 716 526 712 526 712 525 712 524 712 516 719 490 719 457 713 456 713 456 713 434 719 399 715 398 715 355 722 356 742"/>
                        </Shape>
                        <String CONTENT=""/>
                    </TextLine>

                    <TextLine ID="line_21" HPOS="354" VPOS="736" WIDTH="582" HEIGHT="53" BASELINE="355 774 936 761" TAGREFS="TYPE_1">
                        <Shape>
                            <Polygon POINTS="355 774 355 783 382 789 383 789 384 789 385 789 395 783 397 781 408 782 448 787 448 787 449 787 464 781 469 779 541 778 552 781 572 785 572 785 595 780 606 777 618 779 640 783 641 783 641 783 650 779 654 779 704 781 705 781 706 781 713 778 720 774 732 777 738 779 739 779 740 779 740 779 741 779 743 777 748 773 769 773 774 777 777 780 778 780 779 780 780 780 781 780 792 777 806 773 811 777 814 779 815 779 816 779 817 779 818 779 829 776 835 775 844 776 862 778 863 778 864 778 864 778 868 776 876 771 883 775 883 776 884 776 884 776 885 776 936 774 936 761 934 741 914 742 913 741 902 736 901 736 901 736 867 742 860 744 850 743 808 738 807 738 806 738 791 744 788 745 786 744 770 739 769 739 769 739 768 739 750 745 748 746 745 745 731 740 730 740 729 740 728 740 728 740 717 746 716 747 711 746 686 740 685 740 660 745 574 743 573 743 536 750 532 751 529 750 506 744 505 744 504 744 503 744 502 744 502 745 496 751 495 752 493 751 470 745 469 745 469 745 468 745 467 745 459 752 458 753 425 754 401 754 400 753 392 747 391 747 390 747 390 747 354 754 355 774"/>
                        </Shape>
                        <String CONTENT=""/>
                    </TextLine>

                    <TextLine ID="line_22" HPOS="358" VPOS="769" WIDTH="578" HEIGHT="50" BASELINE="358 806 936 794" TAGREFS="TYPE_1">
                        <Shape>
                            <Polygon POINTS="358 806 358 819 434 819 435 819 436 819 436 818 444 813 461 813 469 817 471 818 472 818 473 818 473 818 495 817 530 813 550 815 562 816 563 816 563 816 571 814 588 810 600 814 607 815 608 815 609 815 621 813 629 811 641 812 666 814 666 814 667 814 679 811 682 810 684 811 695 814 695 814 696 814 697 814 698 814 703 810 708 807 723 810 740 813 740 813 741 813 742 813 748 809 752 806 763 809 780 812 781 812 781 812 794 808 798 806 810 807 847 810 848 810 849 810 859 806 863 804 935 804 936 794 934 771 897 769 896 769 895 769 888 772 880 776 823 776 818 774 810 771 809 771 808 771 792 775 780 778 742 778 740 776 736 773 735 773 734 773 710 773 709 773 708 773 707 773 703 777 702 777 697 777 647 774 646 774 618 780 612 781 608 780 592 776 591 776 590 776 589 776 588 776 582 781 581 781 576 781 556 777 555 777 518 782 511 783 509 783 493 777 492 777 491 777 490 777 473 784 472 784 469 784 419 779 419 779 418 779 407 784 397 779 396 779 395 779 395 779 381 784 371 780 370 780 370 780 369 780 358 785 358 806"/>
                        </Shape>
                        <String CONTENT=""/>
                    </TextLine>

                    <TextLine ID="line_23" HPOS="359" VPOS="802" WIDTH="544" HEIGHT="52" BASELINE="360 839 903 826" TAGREFS="TYPE_1">
                        <Shape>
                            <Polygon POINTS="753 811 750 807 721 805 720 805 687 806 686 806 685 806 685 807 680 812 665 806 664 806 663 806 616 807 615 807 614 807 609 812 586 808 585 808 584 808 584 808 584 809 578 814 562 814 541 809 540 809 539 809 502 817 477 817 469 810 469 810 468 810 467 810 466 810 457 814 446 811 445 811 444 811 444 811 443 811 435 817 377 815 376 815 375 815 359 819 360 839 360 854 382 854 382 853 383 853 384 852 396 847 449 851 467 851 468 851 481 849 509 844 557 847 575 847 576 847 576 847 577 847 577 847 578 846 582 842 613 842 618 845 622 847 623 847 624 847 625 848 649 848 649 847 650 847 650 847 656 843 658 843 667 843 710 846 711 846 711 846 728 841 735 839 747 840 791 844 792 844 793 844 807 838 809 838 810 838 827 843 828 843 829 843 866 843 903 835 903 826 901 808 868 802 868 802 867 802 866 802 857 809 809 809 794 803 794 803 793 803 792 803 779 810 755 807 753 811"/>
                        </Shape>
                        <String CONTENT=""/>
                    </TextLine>

                    <TextLine ID="line_24" HPOS="390" VPOS="833" WIDTH="546" HEIGHT="50" BASELINE="390 870 936 859" TAGREFS="TYPE_1">
                        <Shape>
                            <Polygon POINTS="390 870 390 877 430 883 431 883 460 878 465 883 466 883 467 883 468 883 552 875 584 880 585 880 675 874 682 878 683 878 683 878 684 878 685 878 686 878 691 873 696 877 697 877 698 877 699 877 773 876 773 876 785 871 810 876 811 876 812 876 823 871 860 873 861 873 883 868 901 873 901 873 902 873 936 866 936 859 935 839 912 833 911 833 910 833 909 833 892 839 858 836 857 836 757 842 742 836 741 836 740 836 740 836 739 836 739 837 733 843 624 845 607 839 606 839 605 839 567 844 533 841 532 841 531 841 530 841 522 846 508 841 507 841 506 841 506 841 493 847 458 843 457 843 427 849 399 843 398 843 397 843 396 843 390 848 390 870"/>
                        </Shape>
                        <String CONTENT=""/>
                    </TextLine>

                    <TextLine ID="line_25" HPOS="358" VPOS="868" WIDTH="578" HEIGHT="49" BASELINE="359 903 936 892" TAGREFS="TYPE_1">
                        <Shape>
                            <Polygon POINTS="359 903 359 914 382 917 383 917 384 917 393 914 409 909 416 913 419 916 420 916 421 916 422 916 492 915 493 915 502 913 518 908 574 910 575 910 600 906 644 911 658 912 658 912 680 910 758 903 777 909 778 909 779 909 826 909 826 909 827 909 827 909 827 908 836 902 872 908 876 908 877 908 878 908 880 907 895 900 912 907 913 907 913 907 914 907 936 906 936 892 934 873 857 868 856 868 855 868 855 868 845 875 843 876 813 876 813 875 802 870 802 870 757 870 757 870 721 876 711 872 710 872 709 872 645 872 644 872 625 879 622 880 486 881 482 881 448 876 447 876 446 876 445 876 438 882 437 882 436 882 403 876 402 876 358 883 359 903"/>
                        </Shape>
                        <String CONTENT=""/>
                    </TextLine>

                    <TextLine ID="line_26" HPOS="358" VPOS="900" WIDTH="578" HEIGHT="49" BASELINE="358 935 936 924" TAGREFS="TYPE_1">
                        <Shape>
                            <Polygon POINTS="358 935 358 944 374 949 375 949 376 949 513 946 514 946 514 946 520 942 539 946 540 946 563 940 564 940 565 940 576 944 576 944 577 944 597 940 602 944 603 944 604 944 604 945 638 945 638 944 639 944 652 938 654 938 719 942 720 942 720 942 730 937 731 937 761 942 762 942 763 942 764 942 772 936 802 936 809 940 810 940 810 940 811 940 812 940 831 935 849 940 850 940 851 940 936 932 936 924 934 903 858 905 854 905 830 900 829 900 785 906 767 908 736 907 646 904 645 904 617 905 617 905 605 910 602 911 595 910 563 905 563 905 562 905 546 911 543 913 498 913 497 913 490 908 489 908 489 908 488 908 487 908 477 913 475 914 439 914 434 913 403 909 403 909 358 915 358 935"/>
                        </Shape>
                        <String CONTENT=""/>
                    </TextLine>

                    <TextLine ID="line_27" HPOS="358" VPOS="932" WIDTH="579" HEIGHT="48" BASELINE="358 967 937 957" TAGREFS="TYPE_1">
                        <Shape>
                            <Polygon POINTS="389 966 381 966 373 966 365 966 358 966 358 967 358 980 489 980 489 979 507 978 546 973 569 976 579 978 580 978 580 978 581 978 583 976 591 972 643 975 660 976 661 976 662 976 662 976 664 975 670 971 811 972 812 972 847 967 872 971 872 971 873 971 893 966 936 970 937 957 934 937 855 937 825 932 824 932 823 932 823 932 818 937 804 933 803 933 802 933 802 933 801 933 793 938 773 933 772 933 771 933 770 933 756 938 713 933 712 933 711 933 699 938 674 934 673 934 612 945 608 945 607 945 595 937 594 937 593 937 546 937 545 937 544 937 543 937 532 946 506 943 506 943 487 947 485 947 484 947 425 939 424 939 423 939 393 948 389 966"/>
                        </Shape>
                        <String CONTENT=""/>
                    </TextLine>

                    <TextLine ID="line_28" HPOS="358" VPOS="964" WIDTH="578" HEIGHT="50" BASELINE="358 999 936 988" TAGREFS="TYPE_1">
                        <Shape>
                            <Polygon POINTS="358 999 358 1008 440 1014 440 1014 470 1013 471 1013 472 1013 472 1012 478 1007 561 1011 562 1011 588 1011 588 1011 589 1011 597 1005 671 1009 672 1009 673 1009 674 1009 679 1004 726 1003 747 1007 748 1007 812 1000 847 1006 847 1006 894 1001 921 1004 922 1004 923 1004 936 997 936 988 934 969 879 969 870 964 869 964 868 964 814 970 810 970 806 970 772 966 771 966 735 971 734 971 733 971 695 967 694 967 693 967 692 967 692 968 687 972 686 973 683 972 664 969 663 969 619 974 604 974 600 974 584 970 584 970 583 970 582 970 572 974 570 974 563 974 522 970 522 970 501 975 495 977 358 977 358 999"/>
                        </Shape>
                        <String CONTENT=""/>
                    </TextLine>

                    <TextLine ID="line_29" HPOS="357" VPOS="998" WIDTH="579" HEIGHT="48" BASELINE="358 1032 936 1020" TAGREFS="TYPE_1">
                        <Shape>
                            <Polygon POINTS="358 1032 358 1042 415 1042 423 1046 424 1046 425 1046 426 1046 427 1046 435 1041 440 1041 498 1044 499 1044 500 1044 510 1040 512 1040 518 1040 549 1044 550 1044 582 1039 591 1038 608 1039 662 1041 663 1041 664 1041 672 1038 674 1037 676 1037 691 1040 691 1040 720 1037 733 1036 748 1036 780 1039 781 1039 818 1038 818 1038 819 1038 819 1037 822 1036 823 1034 936 1034 936 1020 934 1000 770 998 769 998 769 998 768 998 761 1002 760 1003 753 1002 732 999 732 999 713 1003 703 1004 700 1003 695 999 695 999 694 999 693 999 692 999 691 999 687 1003 683 1005 614 1007 600 1003 592 1002 591 1002 590 1002 589 1002 587 1003 582 1007 538 1008 513 1004 504 1003 503 1003 502 1003 502 1003 501 1004 497 1007 481 1005 475 1004 474 1004 473 1004 472 1005 460 1010 357 1007 358 1032"/>
                        </Shape>
                        <String CONTENT=""/>
                    </TextLine>

                    <TextLine ID="line_30" HPOS="358" VPOS="1028" WIDTH="578" HEIGHT="49" BASELINE="358 1065 936 1053" TAGREFS="TYPE_1">
                        <Shape>
                            <Polygon POINTS="358 1065 358 1077 473 1077 473 1077 510 1073 527 1071 534 1073 548 1076 549 1076 550 1076 577 1071 589 1069 606 1070 647 1073 648 1073 649 1073 662 1069 667 1068 674 1069 703 1073 704 1073 705 1073 706 1073 714 1068 715 1067 717 1068 733 1072 734 1072 735 1072 736 1072 736 1072 743 1067 800 1065 810 1065 810 1065 852 1069 853 1069 854 1069 867 1065 877 1069 878 1069 879 1069 936 1061 936 1053 934 1032 911 1028 910 1028 870 1033 855 1035 845 1033 827 1031 827 1031 826 1031 825 1031 820 1034 817 1036 799 1034 779 1032 778 1032 777 1032 769 1035 763 1036 759 1035 753 1032 752 1032 751 1032 750 1032 744 1035 738 1038 632 1039 628 1036 625 1034 624 1034 623 1034 588 1034 588 1034 587 1034 580 1037 575 1040 543 1038 512 1036 511 1036 485 1039 456 1043 448 1040 442 1037 441 1037 440 1037 413 1040 378 1044 358 1041 358 1065"/>
                        </Shape>
                        <String CONTENT=""/>
                    </TextLine>

                    <TextLine ID="line_31" HPOS="358" VPOS="1062" WIDTH="580" HEIGHT="46" BASELINE="358 1097 938 1085" TAGREFS="TYPE_1">
                        <Shape>
                            <Polygon POINTS="358 1097 358 1108 938 1098 938 1085 936 1062 806 1066 800 1065 789 1062 788 1062 787 1062 786 1062 779 1065 777 1066 767 1065 737 1064 736 1064 736 1064 735 1064 732 1067 730 1068 725 1067 710 1064 709 1064 708 1064 707 1064 707 1065 704 1067 703 1069 687 1068 655 1065 654 1065 636 1069 628 1070 618 1069 591 1066 590 1066 495 1072 471 1073 465 1073 436 1069 436 1069 435 1069 434 1069 427 1073 426 1074 423 1074 407 1070 407 1070 358 1075 358 1097"/>
                        </Shape>
                        <String CONTENT=""/>
                    </TextLine>

                    <TextLine ID="line_32" HPOS="358" VPOS="1094" WIDTH="580" HEIGHT="48" BASELINE="359 1129 938 1118" TAGREFS="TYPE_1">
                        <Shape>
                            <Polygon POINTS="359 1129 359 1139 438 1142 439 1142 475 1141 476 1141 477 1141 483 1137 485 1136 491 1137 512 1140 513 1140 514 1140 514 1140 518 1136 519 1136 522 1136 542 1139 543 1139 559 1136 565 1135 568 1136 576 1139 576 1139 577 1139 596 1135 607 1134 620 1135 647 1138 648 1138 691 1134 712 1132 730 1133 759 1135 760 1135 937 1130 938 1118 936 1098 897 1094 896 1094 895 1094 885 1098 870 1094 869 1094 868 1094 821 1099 813 1100 806 1100 775 1096 774 1096 736 1101 724 1102 644 1103 639 1102 632 1099 631 1099 630 1099 629 1099 623 1102 619 1103 616 1102 607 1099 606 1099 605 1099 604 1099 598 1102 594 1105 358 1105 359 1129"/>
                        </Shape>
                        <String CONTENT=""/>
                    </TextLine>

                    <TextLine ID="line_33" HPOS="361" VPOS="1126" WIDTH="577" HEIGHT="48" BASELINE="362 1160 938 1150" TAGREFS="TYPE_1">
                        <Shape>
                            <Polygon POINTS="362 1160 362 1174 938 1161 938 1150 937 1131 876 1126 876 1126 875 1126 860 1130 850 1126 849 1126 848 1126 847 1126 838 1131 774 1127 773 1127 773 1127 759 1132 753 1134 748 1132 741 1131 740 1131 740 1131 728 1132 714 1135 691 1133 674 1131 674 1131 658 1133 637 1135 633 1133 629 1130 628 1130 627 1130 626 1130 625 1130 614 1133 604 1136 572 1134 546 1131 545 1131 544 1131 543 1131 540 1134 534 1138 502 1134 491 1133 490 1133 479 1134 438 1139 430 1135 429 1134 428 1134 427 1134 427 1134 420 1135 399 1138 361 1135 362 1160"/>
                        </Shape>
                        <String CONTENT=""/>
                    </TextLine>

                    <TextLine ID="line_34" HPOS="355" VPOS="1160" WIDTH="584" HEIGHT="57" BASELINE="356 1193 939 1184" TAGREFS="TYPE_1">
                        <Shape>
                            <Polygon POINTS="356 1193 356 1216 425 1217 426 1217 427 1217 427 1217 430 1214 435 1210 444 1213 451 1216 452 1216 452 1216 484 1215 485 1215 492 1213 509 1206 526 1206 534 1211 535 1213 536 1213 537 1213 590 1213 591 1213 592 1213 600 1209 602 1208 606 1209 619 1213 620 1213 621 1213 654 1209 683 1213 684 1213 685 1213 686 1213 695 1206 695 1205 718 1204 726 1205 737 1209 738 1209 739 1209 740 1209 748 1205 751 1203 939 1199 939 1184 937 1160 355 1168 356 1193"/>
                        </Shape>
                        <String CONTENT=""/>
                    </TextLine>
</TextBlock>
                <TextBlock ID="block_5" HPOS="856" VPOS="1193" WIDTH="83" HEIGHT="35" TAGREFS="TYPE_26">
                    <Shape>
                        <Polygon POINTS="856.3361206054688 1193.8262939453125 939.1204223632812 1193.8262939453125 939.1204223632812 1228.1934814453125 856.3361206054688 1228.1934814453125 856.3361206054688 1193.8262939453125"/>
                    </Shape>
                    <TextLine ID="line_35" HPOS="855" VPOS="1194" WIDTH="83" HEIGHT="43" BASELINE="855 1217 938 1215" TAGREFS="TYPE_1">
                        <Shape>
                            <Polygon POINTS="855 1217 855 1235 938 1237 938 1215 937 1194 855 1194 855 1217"/>
                        </Shape>
                        <String CONTENT=""/>
                    </TextLine>
</TextBlock>
            </PrintSpace>
        </Page>
    </Layout>
</alto>