<?xml version="1.0" encoding="UTF-8"?>
<alto xmlns:xsi="http://www.w3.org/2001/XMLSchema-instance"
    xmlns="http://www.loc.gov/standards/alto/ns-v4#"
    xsi:schemaLocation="http://www.loc.gov/standards/alto/ns-v4# http://www.loc.gov/standards/alto/v4/alto-4-3.xsd">
    <Description>
        <MeasurementUnit>pixel</MeasurementUnit>
        <sourceImageInformation>
            <fileName>2013128.jpeg</fileName>
        </sourceImageInformation>
        <Processing ID="OCR_0">
            <processingCategory>other</processingCategory>
            <processingStepDescription>unknown</processingStepDescription>
            <processingSoftware>
                <softwareName>kraken</softwareName>
                <softwareVersion>4.3.13</softwareVersion>
            </processingSoftware>
        </Processing>
    </Description>
    <Tags>
        <OtherTag ID="TYPE_1" LABEL="DefaultLine"/>
        <OtherTag ID="TYPE_2" LABEL="MarginTextZone-ManuscriptAddendum"/>
        <OtherTag ID="TYPE_3" LABEL="TitlePageZone"/>
        <OtherTag ID="TYPE_4" LABEL="StampZone-Sticker"/>
        <OtherTag ID="TYPE_5" LABEL="StampZone"/>
        <OtherTag ID="TYPE_6" LABEL="MainZone-Entry-Continued"/>
        <OtherTag ID="TYPE_7" LABEL="GraphicZone-Maths"/>
        <OtherTag ID="TYPE_8" LABEL="FigureZone"/>
        <OtherTag ID="TYPE_9" LABEL="MainZone-Signature"/>
        <OtherTag ID="TYPE_10" LABEL="MainZone-P-Continued"/>
        <OtherTag ID="TYPE_11" LABEL="GraphicZone-Decoration"/>
        <OtherTag ID="TYPE_12" LABEL="MainZone-Date"/>
        <OtherTag ID="TYPE_13" LABEL="MainZone-Other"/>
        <OtherTag ID="TYPE_14" LABEL="TableZone-Continued"/>
        <OtherTag ID="TYPE_15" LABEL="MarginTextZone-Notes-Continued"/>
        <OtherTag ID="TYPE_16" LABEL="FigureZone-FigDesc"/>
        <OtherTag ID="TYPE_17" LABEL="MarginTextZone-Notes"/>
        <OtherTag ID="TYPE_18" LABEL="DropCapitalZone"/>
        <OtherTag ID="TYPE_19" LABEL="GraphicZone"/>
        <OtherTag ID="TYPE_20" LABEL="RunningTitleZone"/>
        <OtherTag ID="TYPE_21" LABEL="GraphicZone-FigDesc"/>
        <OtherTag ID="TYPE_22" LABEL="MainZone-Lg"/>
        <OtherTag ID="TYPE_23" LABEL="FigureZone-Head"/>
        <OtherTag ID="TYPE_24" LABEL="MainZone-P"/>
        <OtherTag ID="TYPE_25" LABEL="GraphicZone-Head"/>
        <OtherTag ID="TYPE_26" LABEL="QuireMarksZone"/>
        <OtherTag ID="TYPE_27" LABEL="MainZone-Sp"/>
        <OtherTag ID="TYPE_28" LABEL="MainZone-List"/>
        <OtherTag ID="TYPE_29" LABEL="GraphicZone-Part"/>
        <OtherTag ID="TYPE_30" LABEL="DigitizationArtefactZone"/>
        <OtherTag ID="TYPE_31" LABEL="MainZone-Entry"/>
        <OtherTag ID="TYPE_32" LABEL="TableZone-Head"/>
        <OtherTag ID="TYPE_33" LABEL="GraphicZone-TextualContent"/>
        <OtherTag ID="TYPE_34" LABEL="AdvertisementZone"/>
        <OtherTag ID="TYPE_35" LABEL="MainZone-List-Continued"/>
        <OtherTag ID="TYPE_36" LABEL="MainZone-Form"/>
        <OtherTag ID="TYPE_37" LABEL="MainZone-Head"/>
        <OtherTag ID="TYPE_38" LABEL="NumberingZone"/>
        <OtherTag ID="TYPE_39" LABEL="TitlePageZone-Index"/>
        <OtherTag ID="TYPE_40" LABEL="MainZone-Sp-Continued"/>
        <OtherTag ID="TYPE_41" LABEL="TableZone"/>
        <OtherTag ID="TYPE_42" LABEL="MainZone-Lg-Continued"/>
    </Tags>
    <Layout>
        <Page WIDTH="1000" HEIGHT="1448" PHYSICAL_IMG_NR="0" ID="page_0">
            <PrintSpace HPOS="0" VPOS="0" WIDTH="1000" HEIGHT="1448">
                <TextBlock ID="block_1" HPOS="474" VPOS="96" WIDTH="374" HEIGHT="36" TAGREFS="TYPE_20">
                    <Shape>
                        <Polygon POINTS="474.6145324707031 96.31344604492188 848.783203125 96.31344604492188 848.783203125 132.0465850830078 474.6145324707031 132.0465850830078 474.6145324707031 96.31344604492188"/>
                    </Shape>
                    <TextLine ID="line_0" HPOS="470" VPOS="93" WIDTH="377" HEIGHT="44" BASELINE="470 125 847 117" TAGREFS="TYPE_1">
                        <Shape>
                            <Polygon POINTS="751 105 743 105 735 105 727 105 719 105 711 105 703 105 695 105 687 105 682 106 674 105 670 105 662 105 654 105 646 105 638 105 630 105 622 105 621 105 619 106 613 108 567 108 563 106 561 105 558 105 550 105 542 105 534 105 526 105 520 105 518 105 510 105 502 105 493 105 485 105 478 105 476 107 474 110 470 107 470 125 470 133 476 137 477 137 477 137 478 137 479 137 480 137 487 132 488 131 488 132 495 136 496 136 497 136 497 136 498 136 507 131 510 131 521 131 543 134 543 134 581 131 630 127 643 131 650 132 650 132 651 132 666 131 697 126 712 130 721 132 722 132 723 132 724 132 731 130 745 125 762 129 770 131 771 131 772 131 773 131 773 131 777 129 785 124 793 129 795 131 796 131 797 131 798 131 847 128 847 117 847 103 810 93 810 93 773 93 772 93 771 93 751 99 751 105"/>
                        </Shape>
                        <String CONTENT=""/>
                    </TextLine>
</TextBlock>
                <TextBlock ID="block_3" HPOS="353" VPOS="104" WIDTH="47" HEIGHT="30" TAGREFS="TYPE_38">
                    <Shape>
                        <Polygon POINTS="353.898681640625 104.52794647216797 400.0564270019531 104.52794647216797 400.0564270019531 134.23890686035156 353.898681640625 134.23890686035156 353.898681640625 104.52794647216797"/>
                    </Shape>
                    <TextLine ID="line_1" HPOS="352" VPOS="105" WIDTH="59" HEIGHT="33" BASELINE="353 126 411 124" TAGREFS="TYPE_1">
                        <Shape>
                            <Polygon POINTS="408 105 400 105 392 105 384 105 376 105 368 105 360 105 352 105 353 126 353 138 391 138 391 137 392 137 411 131 411 124 409 105 408 105"/>
                        </Shape>
                        <String CONTENT=""/>
                    </TextLine>
</TextBlock>
                <TextBlock ID="block_0" HPOS="353" VPOS="130" WIDTH="584" HEIGHT="814" TAGREFS="TYPE_10">
                    <Shape>
                        <Polygon POINTS="353.1199645996094 130.7022705078125 937.0614013671875 130.7022705078125 937.0614013671875 944.3034057617188 353.1199645996094 944.3034057617188 353.1199645996094 130.7022705078125"/>
                    </Shape>
                    <TextLine ID="line_2" HPOS="349" VPOS="122" WIDTH="583" HEIGHT="54" BASELINE="350 164 932 154" TAGREFS="TYPE_1">
                        <Shape>
                            <Polygon POINTS="350 164 350 172 382 172 389 176 390 176 390 176 391 176 420 171 437 174 438 174 514 169 521 173 522 173 522 173 523 173 584 168 621 172 622 172 623 172 624 172 630 168 659 172 660 172 698 166 736 171 737 171 839 164 870 168 871 168 932 161 932 154 931 127 921 122 921 122 920 122 870 123 869 123 868 123 864 127 847 123 847 123 846 123 845 123 831 129 827 131 818 129 810 127 809 127 726 131 676 133 674 132 662 127 661 127 660 127 637 132 605 127 604 127 604 127 603 127 591 134 589 135 588 134 584 131 583 131 582 131 549 135 540 135 533 135 454 129 453 129 452 129 431 137 419 131 418 131 417 131 416 131 407 135 373 131 372 131 371 131 349 138 350 164"/>
                        </Shape>
                        <String CONTENT=""/>
                    </TextLine>

                    <TextLine ID="line_3" HPOS="349" VPOS="160" WIDTH="584" HEIGHT="47" BASELINE="349 195 933 186" TAGREFS="TYPE_1">
                        <Shape>
                            <Polygon POINTS="349 195 349 203 399 207 399 207 420 203 453 206 454 206 932 195 933 186 931 163 884 160 884 160 883 160 882 160 878 164 872 168 847 168 821 164 796 162 795 162 794 162 783 165 771 168 734 166 697 164 696 164 674 167 656 170 649 168 640 164 639 164 638 164 620 168 613 169 607 168 588 165 587 165 570 169 559 172 538 170 508 167 507 167 506 167 497 170 492 172 481 171 458 167 457 167 419 172 400 175 370 175 367 172 358 168 358 168 357 168 356 168 349 172 349 195"/>
                        </Shape>
                        <String CONTENT=""/>
                    </TextLine>

                    <TextLine ID="line_4" HPOS="350" VPOS="191" WIDTH="582" HEIGHT="49" BASELINE="351 229 932 218" TAGREFS="TYPE_1">
                        <Shape>
                            <Polygon POINTS="351 229 351 240 392 235 419 238 425 239 426 239 436 238 465 234 520 236 556 237 557 237 587 234 613 232 635 233 670 234 670 234 671 234 678 232 683 230 695 231 711 234 712 234 762 230 784 228 814 228 913 230 914 230 915 230 932 225 932 218 930 193 889 191 888 191 868 194 849 197 844 194 840 193 839 193 839 193 825 195 802 198 786 195 775 193 774 193 773 193 773 193 769 196 764 199 755 196 751 194 750 194 749 194 736 196 710 200 666 197 644 196 643 196 642 196 641 196 641 197 640 197 638 200 633 197 630 197 629 197 629 197 621 197 596 203 515 204 483 200 475 199 474 199 469 200 448 205 437 201 435 200 434 200 433 200 432 200 432 200 431 201 423 206 388 206 350 202 351 229"/>
                        </Shape>
                        <String CONTENT=""/>
                    </TextLine>

                    <TextLine ID="line_5" HPOS="350" VPOS="223" WIDTH="580" HEIGHT="48" BASELINE="351 260 930 250" TAGREFS="TYPE_1">
                        <Shape>
                            <Polygon POINTS="351 260 351 271 491 266 502 268 508 270 509 270 510 270 607 268 608 268 609 268 613 266 615 264 628 265 650 267 650 267 651 267 658 264 663 263 679 264 706 267 707 267 760 262 777 261 781 262 794 265 795 265 796 265 797 265 798 265 804 261 806 260 827 261 888 263 888 263 930 258 930 250 929 226 900 223 899 223 872 227 858 230 855 228 851 225 851 224 851 224 850 224 849 224 796 225 770 230 762 231 756 230 737 226 736 226 715 231 705 233 696 231 671 227 670 227 670 227 660 232 658 234 657 233 650 228 650 228 649 228 648 228 647 228 630 232 622 228 621 228 621 228 620 228 619 228 614 232 601 229 600 229 600 229 599 229 598 229 591 234 590 234 588 234 574 229 573 229 572 229 534 235 528 236 526 235 518 230 517 230 516 230 494 234 485 230 485 230 484 230 483 230 467 237 350 239 351 260"/>
                        </Shape>
                        <String CONTENT=""/>
                    </TextLine>

                    <TextLine ID="line_6" HPOS="352" VPOS="258" WIDTH="578" HEIGHT="46" BASELINE="353 292 930 282" TAGREFS="TYPE_1">
                        <Shape>
                            <Polygon POINTS="353 292 353 304 496 298 518 300 543 304 544 304 545 304 553 300 559 297 571 300 583 301 584 301 584 301 585 301 588 299 593 296 605 299 621 301 621 301 658 297 660 297 665 301 666 301 666 301 667 301 668 301 683 296 689 295 694 296 708 300 709 300 710 300 745 296 784 300 785 300 786 300 799 295 831 299 832 299 833 299 845 292 847 292 892 297 893 297 930 290 930 282 928 264 851 264 835 258 834 258 833 258 832 258 814 266 756 266 748 262 747 262 746 262 745 262 731 267 711 262 710 262 709 262 708 262 707 262 700 267 671 267 641 261 640 261 639 261 629 267 592 262 592 262 562 268 545 263 544 263 543 263 425 265 424 265 399 272 370 266 369 266 368 266 352 272 353 292"/>
                        </Shape>
                        <String CONTENT=""/>
                    </TextLine>

                    <TextLine ID="line_7" HPOS="353" VPOS="292" WIDTH="581" HEIGHT="44" BASELINE="353 324 934 315" TAGREFS="TYPE_1">
                        <Shape>
                            <Polygon POINTS="353 324 353 331 390 336 390 336 391 336 406 331 414 335 415 335 415 335 503 330 591 333 592 333 658 328 674 332 675 332 676 332 677 332 692 326 693 326 694 326 711 331 711 331 712 331 713 331 714 331 722 326 780 330 781 330 781 330 802 324 803 324 810 329 810 329 811 329 812 329 855 325 884 329 884 329 934 322 934 315 932 298 841 294 840 294 839 294 831 298 811 292 810 292 810 292 809 292 787 298 761 295 760 295 725 300 654 293 653 293 652 293 634 302 621 294 620 294 619 294 596 294 595 294 551 295 551 295 550 295 550 296 540 304 499 296 498 296 459 296 458 296 440 304 426 298 425 298 424 298 423 298 407 306 370 306 361 301 360 301 359 301 358 301 358 301 357 301 353 304 353 324"/>
                        </Shape>
                        <String CONTENT=""/>
                    </TextLine>

                    <TextLine ID="line_8" HPOS="352" VPOS="320" WIDTH="580" HEIGHT="50" BASELINE="353 357 932 347" TAGREFS="TYPE_1">
                        <Shape>
                            <Polygon POINTS="353 357 353 365 381 370 382 370 419 365 423 364 426 364 447 370 448 370 448 370 488 364 498 362 532 363 636 366 637 366 777 364 778 364 786 360 791 357 808 360 824 362 825 362 826 362 832 360 840 357 930 358 932 347 930 328 893 320 893 320 892 320 876 329 876 329 871 329 825 323 824 323 823 323 823 323 815 329 814 329 809 329 773 327 772 327 743 330 735 331 730 330 691 324 690 324 689 324 675 329 666 324 665 324 664 324 590 329 549 326 548 326 547 326 547 326 547 327 539 333 538 335 492 335 489 334 477 328 476 328 448 328 447 328 430 329 429 329 428 329 421 335 419 337 352 337 353 357"/>
                        </Shape>
                        <String CONTENT=""/>
                    </TextLine>

                    <TextLine ID="line_9" HPOS="354" VPOS="354" WIDTH="577" HEIGHT="46" BASELINE="355 388 931 378" TAGREFS="TYPE_1">
                        <Shape>
                            <Polygon POINTS="355 388 355 400 404 395 419 399 419 399 420 399 421 399 422 399 423 399 428 395 459 399 464 399 465 399 465 399 466 399 471 394 548 396 576 397 576 397 577 397 581 396 595 392 621 395 633 396 634 396 654 394 678 392 703 393 732 394 732 394 733 394 734 394 736 393 740 390 743 392 744 394 745 394 746 394 747 394 786 394 786 394 802 391 817 389 930 389 931 378 929 360 874 360 839 354 838 354 810 361 787 354 786 354 786 354 727 362 694 357 693 357 585 365 575 358 574 358 573 358 572 358 497 359 497 359 479 367 427 367 418 361 417 361 416 361 403 361 402 361 354 369 355 388"/>
                        </Shape>
                        <String CONTENT=""/>
                    </TextLine>

                    <TextLine ID="line_10" HPOS="353" VPOS="382" WIDTH="577" HEIGHT="49" BASELINE="354 422 930 411" TAGREFS="TYPE_1">
                        <Shape>
                            <Polygon POINTS="354 422 354 431 806 426 930 418 930 411 929 390 890 382 889 382 845 390 742 386 741 386 740 386 740 386 728 393 690 393 671 387 670 387 670 387 669 387 654 392 642 388 641 388 641 388 640 388 628 394 602 388 601 388 600 388 582 394 539 390 538 390 537 390 517 397 516 398 491 398 489 398 481 392 481 392 480 392 479 392 478 392 469 396 451 391 450 391 449 391 377 393 376 393 353 399 354 422"/>
                        </Shape>
                        <String CONTENT=""/>
                    </TextLine>

                    <TextLine ID="line_11" HPOS="353" VPOS="419" WIDTH="579" HEIGHT="42" BASELINE="354 453 932 444" TAGREFS="TYPE_1">
                        <Shape>
                            <Polygon POINTS="354 453 354 461 739 461 739 460 835 459 835 459 858 453 882 458 883 458 884 458 884 458 893 452 932 451 932 444 931 424 921 419 921 419 920 419 888 419 887 419 886 419 885 419 878 425 865 419 864 419 864 419 813 424 739 421 738 421 711 426 703 422 702 422 701 422 636 424 635 424 625 429 583 424 582 424 581 424 570 431 545 431 451 431 427 427 426 427 425 427 424 427 417 433 353 434 354 453"/>
                        </Shape>
                        <String CONTENT=""/>
                    </TextLine>

                    <TextLine ID="line_12" HPOS="353" VPOS="449" WIDTH="580" HEIGHT="49" BASELINE="354 486 933 475" TAGREFS="TYPE_1">
                        <Shape>
                            <Polygon POINTS="354 486 354 493 383 498 384 498 385 498 399 493 552 495 553 495 576 490 683 493 684 493 725 492 726 492 727 492 727 491 732 487 733 487 765 491 766 491 932 483 933 475 931 455 889 449 888 449 852 455 847 456 834 456 776 453 775 453 759 456 753 457 748 456 732 452 731 452 730 452 729 452 716 456 713 457 710 456 695 453 694 453 663 457 642 460 629 457 612 454 611 454 610 454 601 458 598 459 591 458 572 455 572 455 571 455 565 458 558 462 542 462 536 458 533 456 532 456 531 456 530 456 530 456 522 458 512 462 498 459 488 456 487 456 406 458 405 458 404 458 402 460 394 464 353 460 354 486"/>
                        </Shape>
                        <String CONTENT=""/>
                    </TextLine>

                    <TextLine ID="line_13" HPOS="353" VPOS="483" WIDTH="577" HEIGHT="47" BASELINE="354 518 930 508" TAGREFS="TYPE_1">
                        <Shape>
                            <Polygon POINTS="354 518 354 530 405 525 447 529 448 529 449 529 452 529 499 523 552 526 553 526 600 522 609 526 610 526 611 526 612 526 613 526 619 522 677 525 689 525 690 525 858 522 863 521 883 517 929 519 930 508 928 488 850 488 835 483 834 483 833 483 809 484 808 484 807 484 802 489 757 489 739 485 738 485 737 485 693 491 688 491 675 491 555 488 554 488 527 493 524 493 522 493 497 489 497 489 460 489 459 489 448 494 445 495 438 494 402 490 401 490 400 490 399 490 392 495 390 496 386 495 366 491 366 491 365 491 353 495 354 518"/>
                        </Shape>
                        <String CONTENT=""/>
                    </TextLine>

                    <TextLine ID="line_14" HPOS="356" VPOS="515" WIDTH="577" HEIGHT="47" BASELINE="357 549 933 540" TAGREFS="TYPE_1">
                        <Shape>
                            <Polygon POINTS="357 549 357 562 403 557 442 560 452 561 453 561 454 561 455 561 456 560 461 556 470 559 471 559 472 559 514 555 535 559 543 559 543 559 551 558 569 555 590 557 601 559 602 559 603 559 604 559 605 557 610 555 662 556 712 557 713 557 746 554 761 553 764 554 771 556 772 556 773 556 773 556 774 556 774 555 777 554 780 551 794 553 807 555 808 555 826 552 840 550 850 552 861 555 862 555 863 555 864 555 874 551 882 549 932 550 933 540 931 521 901 515 900 515 899 515 898 515 898 516 893 521 881 515 880 515 880 515 879 515 855 522 854 522 853 522 836 516 835 516 835 516 834 516 821 522 820 522 817 522 786 517 785 517 763 522 754 518 753 518 753 518 752 518 751 518 744 523 743 523 740 523 670 518 670 518 631 519 630 519 618 525 617 526 595 526 593 526 584 520 583 520 582 520 581 520 566 526 563 526 558 526 514 521 513 521 485 527 482 528 405 529 403 528 397 523 396 523 395 523 363 523 362 523 362 523 361 523 356 526 357 549"/>
                        </Shape>
                        <String CONTENT=""/>
                    </TextLine>

                    <TextLine ID="line_15" HPOS="354" VPOS="547" WIDTH="579" HEIGHT="45" BASELINE="355 582 933 572" TAGREFS="TYPE_1">
                        <Shape>
                            <Polygon POINTS="355 582 355 592 528 592 529 592 548 588 555 587 561 588 584 592 584 592 585 592 596 587 600 586 606 587 633 591 633 591 683 585 691 584 693 585 702 589 703 589 703 590 740 590 740 589 740 589 762 584 763 584 764 584 786 588 787 588 829 583 835 587 835 587 836 587 837 587 838 587 839 587 844 582 883 587 884 587 933 580 933 572 931 552 897 549 897 549 880 553 877 553 875 553 855 547 855 547 854 547 769 552 762 549 761 549 761 549 732 555 717 550 716 550 716 550 715 550 704 554 643 551 642 551 615 557 614 558 560 558 547 552 547 552 546 552 545 552 526 559 525 559 522 559 455 554 454 554 453 554 436 560 435 560 429 560 370 557 370 557 369 557 354 561 355 582"/>
                        </Shape>
                        <String CONTENT=""/>
                    </TextLine>

                    <TextLine ID="line_16" HPOS="356" VPOS="580" WIDTH="578" HEIGHT="48" BASELINE="356 614 934 604" TAGREFS="TYPE_1">
                        <Shape>
                            <Polygon POINTS="932 585 884 585 883 585 872 580 871 580 848 580 847 580 847 580 846 580 846 580 839 585 839 586 834 585 812 583 811 583 810 583 802 586 799 587 793 586 767 581 766 581 765 581 765 581 757 586 755 586 712 582 711 582 711 582 710 582 703 587 701 588 697 587 686 583 685 583 684 583 683 583 683 583 677 587 676 588 674 587 670 583 669 583 668 583 667 583 641 587 621 590 607 587 592 584 592 584 543 586 542 586 541 586 539 588 531 592 442 593 434 588 433 588 432 588 432 588 403 588 402 588 401 588 400 588 399 588 390 595 373 595 356 589 356 614 357 628 368 623 419 626 422 626 423 626 426 626 474 621 483 625 487 626 488 626 489 626 502 625 534 620 563 623 575 624 576 624 637 621 732 617 739 618 748 621 748 621 749 621 750 621 757 618 760 617 784 617 888 619 889 619 934 613 934 604 932 585"/>
                        </Shape>
                        <String CONTENT=""/>
                    </TextLine>

                    <TextLine ID="line_17" HPOS="356" VPOS="614" WIDTH="578" HEIGHT="44" BASELINE="357 646 934 637" TAGREFS="TYPE_1">
                        <Shape>
                            <Polygon POINTS="357 646 357 658 456 653 495 657 500 657 501 657 502 657 502 657 509 652 533 656 534 656 535 656 536 656 537 656 541 652 551 655 552 655 553 655 601 650 627 654 628 654 629 654 629 654 645 649 658 654 658 654 659 654 701 654 729 653 730 653 742 648 756 652 757 652 757 652 779 648 827 651 827 651 828 651 838 646 881 650 882 650 883 650 884 650 884 649 888 645 932 649 934 637 932 617 851 615 850 615 849 615 838 617 831 619 818 618 777 614 777 614 748 619 743 620 742 619 736 614 735 614 734 614 733 614 678 618 658 615 658 615 657 615 638 621 634 622 633 621 627 616 626 616 625 616 596 616 596 616 595 616 594 616 586 621 584 624 547 624 543 622 537 617 536 617 535 617 518 617 517 617 516 617 503 623 499 625 426 625 422 625 405 619 404 619 403 619 366 620 365 620 356 624 357 646"/>
                        </Shape>
                        <String CONTENT=""/>
                    </TextLine>

                    <TextLine ID="line_18" HPOS="358" VPOS="647" WIDTH="576" HEIGHT="44" BASELINE="358 678 934 669" TAGREFS="TYPE_1">
                        <Shape>
                            <Polygon POINTS="358 678 358 690 447 691 448 691 448 691 449 691 452 688 458 685 497 687 534 689 535 689 536 689 537 689 540 686 543 684 555 686 574 688 575 688 618 684 647 682 683 682 728 684 729 684 730 684 739 682 744 680 765 681 834 684 835 684 835 684 836 684 836 683 841 679 842 678 890 678 894 678 922 682 923 682 924 682 934 677 934 669 932 647 358 656 358 678"/>
                        </Shape>
                        <String CONTENT=""/>
                    </TextLine>

                    <TextLine ID="line_19" HPOS="358" VPOS="678" WIDTH="577" HEIGHT="46" BASELINE="358 711 935 701" TAGREFS="TYPE_1">
                        <Shape>
                            <Polygon POINTS="358 711 358 719 432 724 433 724 434 724 452 718 456 717 461 718 489 723 490 723 515 717 518 716 530 716 576 719 577 719 615 715 626 714 629 715 637 718 637 718 638 718 662 714 670 713 675 714 711 719 712 719 784 717 785 717 807 711 810 711 818 711 889 715 890 715 891 715 904 709 911 715 912 715 913 715 913 715 914 715 935 708 935 701 933 682 841 682 839 682 833 678 832 678 831 678 831 678 778 682 770 683 769 682 757 678 757 678 756 678 693 683 692 683 691 683 613 681 613 681 612 681 605 684 601 686 594 685 580 681 580 681 579 681 554 685 534 688 490 688 488 686 485 683 485 683 484 683 449 683 448 683 448 683 442 686 434 691 415 691 411 686 408 684 407 684 407 684 406 684 358 686 358 711"/>
                        </Shape>
                        <String CONTENT=""/>
                    </TextLine>

                    <TextLine ID="line_20" HPOS="360" VPOS="707" WIDTH="575" HEIGHT="49" BASELINE="361 744 935 733" TAGREFS="TYPE_1">
                        <Shape>
                            <Polygon POINTS="361 744 361 756 935 745 935 733 934 714 897 707 896 707 895 707 879 714 853 707 852 707 851 707 851 707 850 707 839 715 839 715 812 708 811 708 772 711 771 711 770 711 766 715 765 716 761 715 737 710 736 710 736 710 735 710 728 715 726 718 699 718 697 716 690 711 689 711 688 711 687 711 657 711 656 711 655 711 646 717 643 719 638 717 627 712 626 712 625 712 625 712 612 717 604 720 531 720 523 718 515 715 514 715 514 715 513 715 512 715 509 718 506 721 496 719 490 717 489 717 489 717 488 717 485 719 480 721 476 719 471 715 470 715 469 715 446 715 445 715 444 715 444 715 439 719 433 723 419 719 415 719 414 719 413 719 411 719 400 724 396 719 394 718 394 717 393 717 392 717 391 717 360 719 361 744"/>
                        </Shape>
                        <String CONTENT=""/>
                    </TextLine>

                    <TextLine ID="line_21" HPOS="358" VPOS="744" WIDTH="577" HEIGHT="43" BASELINE="359 775 935 765" TAGREFS="TYPE_1">
                        <Shape>
                            <Polygon POINTS="753 759 744 759 736 759 728 759 720 759 712 759 704 759 696 759 688 759 680 759 672 759 664 759 656 759 648 759 640 759 632 759 624 759 616 759 608 759 600 759 592 759 584 759 576 759 567 759 559 759 551 759 543 759 535 759 527 759 519 759 511 759 503 759 495 759 487 759 479 759 471 759 463 759 455 759 448 759 447 759 446 759 445 759 439 759 431 759 423 759 415 759 407 759 399 759 390 759 382 759 374 759 366 759 362 759 358 761 359 775 359 787 658 779 669 780 694 783 695 783 731 779 742 777 745 778 753 781 754 781 755 781 830 781 853 776 855 776 855 776 885 780 886 780 935 773 935 765 934 746 790 744 790 744 761 750 755 751 753 759"/>
                        </Shape>
                        <String CONTENT=""/>
                    </TextLine>

                    <TextLine ID="line_22" HPOS="358" VPOS="773" WIDTH="578" HEIGHT="47" BASELINE="358 808 936 798" TAGREFS="TYPE_1">
                        <Shape>
                            <Polygon POINTS="358 808 358 820 672 811 752 811 890 812 891 812 936 806 936 798 934 778 901 773 900 773 899 773 889 778 883 774 882 774 881 774 880 774 836 779 778 775 777 775 748 781 746 781 744 781 715 776 714 776 713 776 695 782 694 782 690 782 629 777 629 777 583 784 577 785 510 785 502 781 501 781 500 781 499 781 489 786 487 786 482 786 447 782 446 782 413 785 402 781 401 781 400 781 358 788 358 808"/>
                        </Shape>
                        <String CONTENT=""/>
                    </TextLine>

                    <TextLine ID="line_23" HPOS="359" VPOS="806" WIDTH="578" HEIGHT="46" BASELINE="360 839 937 830" TAGREFS="TYPE_1">
                        <Shape>
                            <Polygon POINTS="360 839 360 852 491 852 491 851 498 850 515 847 531 850 538 851 539 851 539 851 543 850 552 845 647 843 661 848 662 848 662 848 663 848 664 848 665 848 670 843 697 843 731 847 736 847 736 847 737 847 738 847 751 842 882 845 888 845 888 845 889 845 902 840 935 844 937 830 935 810 905 806 904 806 867 810 840 806 839 806 790 812 648 809 647 809 600 810 600 810 588 815 577 810 576 810 576 810 575 810 574 810 568 815 493 813 492 813 454 818 412 813 411 813 383 818 373 814 372 814 371 814 370 814 359 818 360 839"/>
                        </Shape>
                        <String CONTENT=""/>
                    </TextLine>

                    <TextLine ID="line_24" HPOS="362" VPOS="839" WIDTH="574" HEIGHT="44" BASELINE="362 872 936 862" TAGREFS="TYPE_1">
                        <Shape>
                            <Polygon POINTS="362 872 362 882 599 883 600 883 600 883 614 877 617 876 699 876 701 876 708 880 709 880 710 880 711 880 711 880 716 876 717 875 733 875 789 877 790 877 790 877 799 874 802 873 805 874 827 879 828 879 829 879 842 875 887 878 888 878 888 878 889 878 897 872 935 871 936 862 934 843 858 843 845 839 844 839 843 839 843 839 831 843 792 839 791 839 790 839 772 843 762 839 761 839 761 839 727 841 726 841 725 841 721 845 720 846 717 845 696 840 695 840 695 840 683 846 679 847 673 846 649 841 648 841 647 841 637 846 633 847 625 846 600 842 600 842 599 842 583 847 581 847 577 847 544 843 543 843 543 843 534 847 530 849 362 849 362 872"/>
                        </Shape>
                        <String CONTENT=""/>
                    </TextLine>

                    <TextLine ID="line_25" HPOS="364" VPOS="870" WIDTH="573" HEIGHT="47" BASELINE="365 905 937 896" TAGREFS="TYPE_1">
                        <Shape>
                            <Polygon POINTS="365 905 365 913 535 917 536 917 637 910 650 909 656 909 706 914 707 914 757 909 767 908 779 909 828 911 829 911 882 907 897 906 901 907 921 911 921 911 922 911 937 906 937 896 934 870 914 875 907 871 907 870 906 870 905 870 905 870 900 871 878 875 828 872 804 872 803 872 802 872 798 873 788 879 764 879 706 876 656 873 655 873 654 873 654 873 654 874 650 877 646 880 631 878 609 874 609 874 608 874 597 879 592 881 560 880 502 876 501 876 476 882 470 883 465 882 440 877 439 877 438 877 413 884 411 884 410 884 390 880 389 880 364 884 365 905"/>
                        </Shape>
                        <String CONTENT=""/>
                    </TextLine>

                    <TextLine ID="line_26" HPOS="362" VPOS="905" WIDTH="363" HEIGHT="44" BASELINE="363 937 725 930" TAGREFS="TYPE_1">
                        <Shape>
                            <Polygon POINTS="363 937 363 949 724 939 725 930 724 911 633 905 633 905 588 909 587 909 586 909 583 911 580 913 574 911 565 909 564 909 563 909 544 911 526 914 514 912 506 909 506 909 505 909 504 909 503 909 501 912 495 915 471 912 452 909 452 909 451 909 444 912 436 914 427 912 421 910 420 910 419 910 419 910 413 912 407 914 402 912 398 910 397 910 396 910 362 912 363 937"/>
                        </Shape>
                        <String CONTENT=""/>
                    </TextLine>
</TextBlock>
                <TextBlock ID="block_2" HPOS="360" VPOS="943" WIDTH="580" HEIGHT="264" TAGREFS="TYPE_24">
                    <Shape>
                        <Polygon POINTS="360.917724609375 943.5637817382812 940.5408325195312 943.5637817382812 940.5408325195312 1207.883544921875 360.917724609375 1207.883544921875 360.917724609375 943.5637817382812"/>
                    </Shape>
                    <TextLine ID="line_27" HPOS="393" VPOS="932" WIDTH="542" HEIGHT="47" BASELINE="394 969 935 958" TAGREFS="TYPE_1">
                        <Shape>
                            <Polygon POINTS="755 946 753 933 745 934 744 934 731 939 725 942 711 940 691 937 691 937 690 937 689 937 684 940 682 942 600 944 582 941 569 938 568 938 567 938 567 938 563 941 558 945 544 941 540 940 539 940 539 940 478 942 477 942 477 942 472 946 456 942 450 940 449 940 448 940 393 942 394 969 394 979 601 979 601 978 602 978 619 974 622 973 625 973 642 977 643 977 644 977 656 973 658 972 670 972 719 974 720 974 720 974 721 974 726 971 728 970 735 971 768 974 769 974 803 970 810 969 817 970 849 973 850 973 851 973 851 973 851 972 855 969 901 971 902 971 934 966 935 958 934 938 910 933 909 933 880 938 880 938 870 932 869 932 868 932 851 932 851 932 829 933 828 933 827 933 818 939 811 933 810 933 810 933 809 933 757 933 755 946"/>
                        </Shape>
                        <String CONTENT=""/>
                    </TextLine>

                    <TextLine ID="line_28" HPOS="360" VPOS="969" WIDTH="574" HEIGHT="44" BASELINE="361 1001 934 991" TAGREFS="TYPE_1">
                        <Shape>
                            <Polygon POINTS="361 1001 361 1008 407 1013 407 1013 456 1012 456 1012 457 1012 457 1011 461 1008 516 1011 517 1011 518 1011 518 1011 524 1007 551 1011 551 1011 573 1006 574 1006 598 1010 599 1010 600 1010 617 1005 618 1005 627 1005 735 1007 736 1007 736 1007 744 1003 746 1003 762 1003 831 1006 831 1006 849 1002 854 1001 934 1001 934 991 932 969 360 978 361 1001"/>
                        </Shape>
                        <String CONTENT=""/>
                    </TextLine>

                    <TextLine ID="line_29" HPOS="361" VPOS="998" WIDTH="577" HEIGHT="47" BASELINE="362 1032 938 1024" TAGREFS="TYPE_1">
                        <Shape>
                            <Polygon POINTS="362 1032 362 1045 464 1045 464 1044 465 1044 469 1042 473 1040 477 1042 479 1044 480 1044 481 1044 481 1044 543 1043 559 1040 576 1037 604 1039 627 1040 628 1040 629 1040 629 1040 631 1038 634 1036 676 1036 692 1037 727 1040 728 1040 728 1040 741 1036 745 1035 753 1036 779 1039 780 1039 781 1039 781 1039 787 1035 789 1034 794 1035 831 1039 831 1039 832 1039 833 1039 833 1038 837 1035 849 1038 850 1038 851 1038 884 1032 885 1032 887 1032 911 1037 912 1037 938 1031 938 1024 937 1005 903 1005 887 998 886 998 885 998 838 1002 781 999 781 999 780 999 779 999 768 1007 729 1003 728 1003 728 1003 727 1003 727 1004 723 1008 692 1008 681 1003 680 1003 679 1003 679 1003 662 1008 655 1002 654 1002 654 1002 637 1002 637 1002 636 1002 635 1002 625 1009 601 1009 565 1004 564 1004 563 1004 544 1010 519 1003 518 1003 518 1003 517 1003 516 1003 516 1004 512 1007 485 1004 485 1004 484 1004 464 1009 449 1005 448 1005 448 1005 447 1005 423 1011 408 1007 407 1007 407 1007 406 1007 393 1012 378 1007 378 1007 377 1007 376 1007 361 1012 362 1032"/>
                        </Shape>
                        <String CONTENT=""/>
                    </TextLine>

                    <TextLine ID="line_30" HPOS="362" VPOS="1030" WIDTH="574" HEIGHT="47" BASELINE="362 1065 936 1056" TAGREFS="TYPE_1">
                        <Shape>
                            <Polygon POINTS="362 1065 362 1077 727 1068 734 1069 742 1072 743 1072 744 1072 769 1069 784 1067 796 1068 823 1071 824 1071 825 1071 826 1071 831 1067 834 1066 845 1067 880 1070 881 1070 936 1065 936 1056 934 1036 883 1030 882 1030 834 1036 813 1032 812 1032 811 1032 810 1032 803 1036 802 1038 777 1038 771 1037 749 1032 748 1032 748 1032 732 1037 726 1039 724 1037 720 1034 720 1034 719 1034 718 1034 700 1037 696 1038 692 1037 675 1033 674 1033 674 1033 641 1034 641 1034 630 1038 621 1040 604 1038 584 1035 583 1035 582 1035 576 1038 568 1041 558 1038 549 1036 548 1036 547 1036 534 1038 517 1042 498 1039 490 1037 489 1037 482 1039 462 1044 444 1044 436 1039 434 1037 433 1037 432 1037 432 1037 431 1037 424 1039 415 1041 362 1040 362 1065"/>
                        </Shape>
                        <String CONTENT=""/>
                    </TextLine>

                    <TextLine ID="line_31" HPOS="360" VPOS="1062" WIDTH="578" HEIGHT="45" BASELINE="361 1098 938 1089" TAGREFS="TYPE_1">
                        <Shape>
                            <Polygon POINTS="361 1098 361 1107 938 1100 938 1089 937 1066 884 1062 883 1062 856 1067 853 1067 850 1067 827 1063 827 1063 791 1068 786 1068 782 1068 765 1065 765 1065 764 1065 763 1065 759 1068 757 1069 741 1068 692 1065 691 1065 667 1069 656 1070 643 1069 614 1066 613 1066 613 1066 604 1069 600 1071 575 1070 536 1068 535 1068 517 1070 503 1073 500 1071 497 1069 497 1069 496 1069 495 1069 476 1071 455 1073 360 1073 361 1098"/>
                        </Shape>
                        <String CONTENT=""/>
                    </TextLine>

                    <TextLine ID="line_32" HPOS="360" VPOS="1094" WIDTH="577" HEIGHT="45" BASELINE="361 1131 937 1120" TAGREFS="TYPE_1">
                        <Shape>
                            <Polygon POINTS="361 1131 361 1139 936 1131 937 1120 935 1101 907 1094 906 1094 868 1102 712 1104 678 1098 677 1098 676 1098 675 1098 675 1099 669 1104 662 1099 661 1099 660 1099 626 1099 625 1099 597 1106 557 1102 556 1102 503 1106 375 1104 374 1104 374 1104 360 1110 361 1131"/>
                        </Shape>
                        <String CONTENT=""/>
                    </TextLine>

                    <TextLine ID="line_33" HPOS="362" VPOS="1127" WIDTH="576" HEIGHT="48" BASELINE="362 1162 938 1152" TAGREFS="TYPE_1">
                        <Shape>
                            <Polygon POINTS="362 1162 362 1169 409 1175 410 1175 460 1168 460 1168 493 1173 494 1173 523 1168 529 1172 530 1172 530 1172 531 1172 590 1172 591 1172 603 1166 614 1171 615 1171 616 1171 617 1171 617 1171 625 1166 649 1171 650 1171 686 1165 711 1169 712 1169 833 1162 843 1162 850 1162 922 1166 923 1166 924 1166 938 1160 938 1152 937 1131 847 1127 847 1127 794 1133 793 1133 791 1133 753 1128 753 1128 752 1128 751 1128 744 1134 744 1134 742 1134 698 1129 697 1129 696 1129 679 1135 678 1135 578 1136 577 1136 563 1131 563 1131 562 1131 561 1131 546 1137 544 1137 543 1137 524 1132 523 1132 522 1132 522 1132 504 1137 502 1138 499 1138 478 1133 477 1133 477 1133 476 1133 469 1138 459 1133 458 1133 457 1133 456 1133 456 1133 456 1134 450 1138 449 1139 445 1139 410 1134 409 1134 408 1134 407 1134 399 1139 370 1135 369 1135 368 1135 367 1135 362 1138 362 1162"/>
                        </Shape>
                        <String CONTENT=""/>
                    </TextLine>

                    <TextLine ID="line_34" HPOS="361" VPOS="1160" WIDTH="570" HEIGHT="56" BASELINE="362 1196 931 1188" TAGREFS="TYPE_1">
                        <Shape>
                            <Polygon POINTS="362 1196 362 1213 447 1216 448 1216 448 1216 449 1216 453 1213 458 1209 474 1212 475 1212 476 1212 477 1212 488 1205 539 1205 553 1212 556 1213 557 1213 588 1214 588 1214 589 1214 595 1212 609 1205 627 1209 628 1209 629 1209 629 1209 634 1204 646 1209 647 1209 648 1209 705 1205 713 1211 714 1212 715 1212 716 1212 716 1213 759 1213 759 1212 767 1211 820 1201 864 1205 865 1205 866 1205 879 1200 930 1209 931 1188 930 1164 877 1160 876 1160 876 1160 875 1160 868 1164 864 1166 839 1164 795 1161 794 1161 794 1161 793 1161 793 1162 789 1164 786 1168 773 1168 769 1165 764 1161 763 1161 762 1161 761 1161 761 1161 760 1161 755 1165 751 1168 718 1168 713 1166 704 1162 703 1162 703 1162 679 1166 665 1168 636 1167 592 1164 592 1164 591 1164 590 1164 590 1164 587 1167 583 1170 554 1168 527 1165 526 1165 513 1168 499 1171 491 1168 483 1165 482 1165 481 1165 481 1165 474 1168 473 1169 460 1168 427 1166 426 1166 425 1166 424 1166 420 1169 414 1173 397 1173 390 1169 387 1167 386 1167 386 1167 385 1167 361 1169 362 1196"/>
                        </Shape>
                        <String CONTENT=""/>
                    </TextLine>
</TextBlock>
            </PrintSpace>
        </Page>
    </Layout>
</alto>