<?xml version="1.0" encoding="UTF-8"?>
<alto xmlns:xsi="http://www.w3.org/2001/XMLSchema-instance"
    xmlns="http://www.loc.gov/standards/alto/ns-v4#"
    xsi:schemaLocation="http://www.loc.gov/standards/alto/ns-v4# http://www.loc.gov/standards/alto/v4/alto-4-3.xsd">
    <Description>
        <MeasurementUnit>pixel</MeasurementUnit>
        <sourceImageInformation>
            <fileName>2013134.jpeg</fileName>
        </sourceImageInformation>
        <Processing ID="OCR_0">
            <processingCategory>other</processingCategory>
            <processingStepDescription>unknown</processingStepDescription>
            <processingSoftware>
                <softwareName>kraken</softwareName>
                <softwareVersion>4.3.13</softwareVersion>
            </processingSoftware>
        </Processing>
    </Description>
    <Tags>
        <OtherTag ID="TYPE_1" LABEL="DefaultLine"/>
        <OtherTag ID="TYPE_2" LABEL="MarginTextZone-ManuscriptAddendum"/>
        <OtherTag ID="TYPE_3" LABEL="TitlePageZone"/>
        <OtherTag ID="TYPE_4" LABEL="StampZone-Sticker"/>
        <OtherTag ID="TYPE_5" LABEL="StampZone"/>
        <OtherTag ID="TYPE_6" LABEL="MainZone-Entry-Continued"/>
        <OtherTag ID="TYPE_7" LABEL="GraphicZone-Maths"/>
        <OtherTag ID="TYPE_8" LABEL="FigureZone"/>
        <OtherTag ID="TYPE_9" LABEL="MainZone-Signature"/>
        <OtherTag ID="TYPE_10" LABEL="MainZone-P-Continued"/>
        <OtherTag ID="TYPE_11" LABEL="GraphicZone-Decoration"/>
        <OtherTag ID="TYPE_12" LABEL="MainZone-Date"/>
        <OtherTag ID="TYPE_13" LABEL="MainZone-Other"/>
        <OtherTag ID="TYPE_14" LABEL="TableZone-Continued"/>
        <OtherTag ID="TYPE_15" LABEL="MarginTextZone-Notes-Continued"/>
        <OtherTag ID="TYPE_16" LABEL="FigureZone-FigDesc"/>
        <OtherTag ID="TYPE_17" LABEL="MarginTextZone-Notes"/>
        <OtherTag ID="TYPE_18" LABEL="DropCapitalZone"/>
        <OtherTag ID="TYPE_19" LABEL="GraphicZone"/>
        <OtherTag ID="TYPE_20" LABEL="RunningTitleZone"/>
        <OtherTag ID="TYPE_21" LABEL="GraphicZone-FigDesc"/>
        <OtherTag ID="TYPE_22" LABEL="MainZone-Lg"/>
        <OtherTag ID="TYPE_23" LABEL="FigureZone-Head"/>
        <OtherTag ID="TYPE_24" LABEL="MainZone-P"/>
        <OtherTag ID="TYPE_25" LABEL="GraphicZone-Head"/>
        <OtherTag ID="TYPE_26" LABEL="QuireMarksZone"/>
        <OtherTag ID="TYPE_27" LABEL="MainZone-Sp"/>
        <OtherTag ID="TYPE_28" LABEL="MainZone-List"/>
        <OtherTag ID="TYPE_29" LABEL="GraphicZone-Part"/>
        <OtherTag ID="TYPE_30" LABEL="DigitizationArtefactZone"/>
        <OtherTag ID="TYPE_31" LABEL="MainZone-Entry"/>
        <OtherTag ID="TYPE_32" LABEL="TableZone-Head"/>
        <OtherTag ID="TYPE_33" LABEL="GraphicZone-TextualContent"/>
        <OtherTag ID="TYPE_34" LABEL="AdvertisementZone"/>
        <OtherTag ID="TYPE_35" LABEL="MainZone-List-Continued"/>
        <OtherTag ID="TYPE_36" LABEL="MainZone-Form"/>
        <OtherTag ID="TYPE_37" LABEL="MainZone-Head"/>
        <OtherTag ID="TYPE_38" LABEL="NumberingZone"/>
        <OtherTag ID="TYPE_39" LABEL="TitlePageZone-Index"/>
        <OtherTag ID="TYPE_40" LABEL="MainZone-Sp-Continued"/>
        <OtherTag ID="TYPE_41" LABEL="TableZone"/>
        <OtherTag ID="TYPE_42" LABEL="MainZone-Lg-Continued"/>
    </Tags>
    <Layout>
        <Page WIDTH="1000" HEIGHT="1448" PHYSICAL_IMG_NR="0" ID="page_0">
            <PrintSpace HPOS="0" VPOS="0" WIDTH="1000" HEIGHT="1448">
                <TextBlock ID="block_1" HPOS="488" VPOS="96" WIDTH="369" HEIGHT="36" TAGREFS="TYPE_20">
                    <Shape>
                        <Polygon POINTS="488.8942565917969 96.01009368896484 857.1288452148438 96.01009368896484 857.1288452148438 132.7854461669922 488.8942565917969 132.7854461669922 488.8942565917969 96.01009368896484"/>
                    </Shape>
                    <TextLine ID="line_0" HPOS="479" VPOS="95" WIDTH="378" HEIGHT="40" BASELINE="480 125 857 120" TAGREFS="TYPE_1">
                        <Shape>
                            <Polygon POINTS="761 108 753 108 744 108 736 108 728 108 720 108 712 108 704 108 696 108 688 108 680 108 672 108 664 108 656 108 648 108 640 108 632 108 624 108 616 108 608 108 600 108 592 108 584 108 576 108 567 108 559 108 551 108 543 108 535 108 527 108 519 108 511 108 503 108 495 108 487 108 483 108 479 110 480 125 480 130 498 135 499 135 500 135 537 131 543 130 549 131 590 135 591 135 609 131 616 129 624 131 641 134 641 134 670 131 678 130 685 131 702 133 703 133 703 133 704 133 704 132 707 131 708 129 730 131 751 132 752 132 753 132 756 131 764 127 787 131 793 131 794 131 794 131 795 131 795 131 800 127 807 131 809 131 810 131 810 131 857 131 857 120 855 96 769 95 769 95 768 95 767 95 767 96 763 99 761 101 761 108"/>
                        </Shape>
                        <String CONTENT=""/>
                    </TextLine>
</TextBlock>
                <TextBlock ID="block_5" HPOS="373" VPOS="107" WIDTH="48" HEIGHT="28" TAGREFS="TYPE_38">
                    <Shape>
                        <Polygon POINTS="373.8756408691406 107.16307067871094 421.3758850097656 107.16307067871094 421.3758850097656 135.6105194091797 373.8756408691406 135.6105194091797 373.8756408691406 107.16307067871094"/>
                    </Shape>
                    <TextLine ID="line_1" HPOS="372" VPOS="108" WIDTH="64" HEIGHT="31" BASELINE="373 127 436 126" TAGREFS="TYPE_1">
                        <Shape>
                            <Polygon POINTS="404 108 396 108 388 108 380 108 372 108 372 108 373 127 373 137 401 139 402 139 403 139 403 139 411 135 415 133 436 133 436 126 435 111 406 108 404 108"/>
                        </Shape>
                        <String CONTENT=""/>
                    </TextLine>
</TextBlock>
                <TextBlock ID="block_0" HPOS="371" VPOS="134" WIDTH="578" HEIGHT="619" TAGREFS="TYPE_10">
                    <Shape>
                        <Polygon POINTS="371.9801330566406 134.38211059570312 949.8921508789062 134.38211059570312 949.8921508789062 753.8200073242188 371.9801330566406 753.8200073242188 371.9801330566406 134.38211059570312"/>
                    </Shape>
                    <TextLine ID="line_2" HPOS="372" VPOS="127" WIDTH="574" HEIGHT="50" BASELINE="373 167 946 158" TAGREFS="TYPE_1">
                        <Shape>
                            <Polygon POINTS="373 167 373 177 946 168 946 158 945 134 900 127 899 127 868 134 842 127 841 127 840 127 789 135 765 131 764 131 720 136 695 129 695 129 694 129 693 129 667 135 661 130 660 130 659 130 633 130 632 130 631 130 606 138 582 131 581 131 580 131 580 131 560 137 538 131 537 131 536 131 535 131 514 140 480 140 456 133 455 133 454 133 453 133 452 133 445 139 408 141 395 136 394 136 393 136 392 136 372 142 373 167"/>
                        </Shape>
                        <String CONTENT=""/>
                    </TextLine>

                    <TextLine ID="line_3" HPOS="370" VPOS="165" WIDTH="576" HEIGHT="45" BASELINE="370 198 946 189" TAGREFS="TYPE_1">
                        <Shape>
                            <Polygon POINTS="764 189 758 172 728 168 727 168 726 168 707 174 707 175 661 175 659 175 632 169 631 169 630 169 617 176 616 176 591 176 590 176 582 170 581 170 580 170 580 170 579 170 563 176 562 177 513 177 512 177 502 172 502 172 501 172 452 178 449 178 448 178 432 172 431 172 430 172 429 172 412 179 411 180 370 180 370 198 370 208 409 210 410 210 425 207 435 205 448 207 473 209 474 209 475 209 489 206 495 205 499 205 508 209 509 209 510 209 559 205 580 203 589 204 616 207 617 207 617 207 633 203 637 202 641 203 656 206 657 206 679 202 683 201 686 202 695 205 696 205 697 205 731 201 737 201 748 201 827 204 827 204 852 199 853 199 886 203 887 203 888 203 888 203 896 198 929 202 930 202 930 202 946 197 946 189 945 171 915 165 914 165 840 166 811 172 788 167 787 167 786 167 786 167 776 173 772 173 768 172 764 189"/>
                        </Shape>
                        <String CONTENT=""/>
                    </TextLine>

                    <TextLine ID="line_4" HPOS="370" VPOS="196" WIDTH="577" HEIGHT="47" BASELINE="370 231 947 222" TAGREFS="TYPE_1">
                        <Shape>
                            <Polygon POINTS="764 222 758 202 733 205 720 203 712 201 711 201 703 203 692 205 684 204 670 200 669 200 668 200 667 200 666 200 661 204 658 207 641 207 638 205 634 201 634 201 633 201 633 201 580 201 579 201 578 201 566 206 563 209 526 209 524 208 512 202 511 202 510 202 510 202 509 202 500 208 498 209 471 209 465 209 422 203 421 203 370 211 370 231 371 243 394 238 415 242 419 243 420 243 421 243 422 243 423 242 432 237 489 239 489 239 581 234 587 238 589 240 590 240 591 240 592 240 592 240 600 238 608 235 629 237 663 239 664 239 690 235 701 234 719 234 777 238 778 238 805 232 810 231 821 232 884 236 885 236 886 236 887 236 894 230 915 234 916 234 947 228 947 222 945 197 918 200 908 198 896 196 895 196 894 196 893 196 889 198 884 201 871 199 865 198 864 198 864 198 861 199 854 202 842 200 831 197 830 197 829 197 823 200 816 204 808 201 802 198 801 198 800 198 769 201 764 222"/>
                        </Shape>
                        <String CONTENT=""/>
                    </TextLine>

                    <TextLine ID="line_5" HPOS="370" VPOS="230" WIDTH="577" HEIGHT="45" BASELINE="371 263 947 255" TAGREFS="TYPE_1">
                        <Shape>
                            <Polygon POINTS="371 263 371 269 419 275 420 275 597 267 604 272 604 272 605 272 606 273 626 273 626 272 627 272 641 267 730 271 731 271 901 263 907 268 908 268 909 268 909 269 928 269 928 268 929 268 947 262 947 255 946 237 925 230 925 230 924 230 879 237 830 230 829 230 754 238 753 239 721 239 651 239 642 235 641 235 641 235 593 240 584 234 583 234 582 234 563 233 562 233 561 233 541 239 514 234 514 234 513 234 512 234 503 241 485 234 485 234 484 234 424 235 423 235 423 235 418 239 393 235 392 235 391 235 370 242 371 263"/>
                        </Shape>
                        <String CONTENT=""/>
                    </TextLine>

                    <TextLine ID="line_6" HPOS="370" VPOS="262" WIDTH="575" HEIGHT="46" BASELINE="370 296 945 286" TAGREFS="TYPE_1">
                        <Shape>
                            <Polygon POINTS="764 287 759 271 756 271 753 271 745 265 744 265 744 265 743 265 742 265 730 271 728 271 707 267 706 267 705 267 704 267 699 271 697 272 675 272 674 271 663 266 662 266 662 266 661 266 637 272 636 273 616 273 616 272 609 267 609 267 608 267 607 267 543 271 537 268 536 268 535 268 534 268 534 268 533 268 524 273 417 270 416 270 415 270 415 270 407 275 385 271 384 271 383 271 370 275 370 296 370 303 379 308 380 308 381 308 449 307 450 307 472 301 592 303 592 303 593 303 610 299 656 304 657 304 801 296 812 300 813 300 814 300 839 296 928 299 929 299 930 299 945 292 945 286 943 267 896 262 895 262 894 262 874 267 849 263 848 263 847 263 847 263 847 263 840 269 839 269 839 269 816 263 815 263 814 263 799 270 798 271 768 271 764 287"/>
                        </Shape>
                        <String CONTENT=""/>
                    </TextLine>

                    <TextLine ID="line_7" HPOS="370" VPOS="291" WIDTH="579" HEIGHT="47" BASELINE="371 328 949 319" TAGREFS="TYPE_1">
                        <Shape>
                            <Polygon POINTS="371 328 371 338 949 329 949 319 948 295 937 291 936 291 935 291 906 296 887 299 883 296 879 292 878 292 877 292 876 292 855 296 846 292 845 292 844 292 772 299 736 302 696 302 694 300 689 296 688 296 687 296 687 296 666 300 661 302 658 301 642 295 641 295 641 295 640 295 621 302 617 303 614 302 591 296 590 296 589 296 538 296 537 296 536 296 525 304 524 304 523 304 508 297 507 297 506 297 456 298 427 304 402 299 401 299 400 299 370 307 371 328"/>
                        </Shape>
                        <String CONTENT=""/>
                    </TextLine>

                    <TextLine ID="line_8" HPOS="371" VPOS="327" WIDTH="584" HEIGHT="45" BASELINE="372 359 955 352" TAGREFS="TYPE_1">
                        <Shape>
                            <Polygon POINTS="372 359 372 368 500 372 501 372 560 366 566 370 567 370 567 370 568 371 630 371 630 370 662 366 718 369 719 369 761 363 767 362 855 362 856 362 868 366 868 366 869 366 870 366 888 362 891 362 954 362 955 352 954 327 915 327 914 327 913 327 911 328 890 334 860 329 859 329 826 336 786 336 781 331 778 329 777 329 777 329 762 329 761 329 761 329 754 332 744 337 716 337 708 333 701 329 700 329 699 329 699 329 698 329 693 333 688 337 649 337 643 334 633 330 633 330 632 330 585 336 564 338 551 337 511 332 510 332 510 332 491 338 483 333 482 333 481 333 481 333 430 333 429 333 428 333 423 337 390 333 389 333 388 333 371 340 372 359"/>
                        </Shape>
                        <String CONTENT=""/>
                    </TextLine>

                    <TextLine ID="line_9" HPOS="370" VPOS="358" WIDTH="579" HEIGHT="43" BASELINE="371 392 949 384" TAGREFS="TYPE_1">
                        <Shape>
                            <Polygon POINTS="371 392 371 400 658 401 659 401 699 396 716 400 716 400 717 400 894 393 921 397 922 397 949 391 949 384 948 364 938 358 937 358 936 358 910 363 864 359 864 359 863 359 862 359 855 365 835 359 835 359 834 359 833 359 832 359 832 360 825 366 810 362 809 362 808 362 777 366 773 366 766 366 666 362 665 362 664 362 650 368 650 369 629 369 629 368 601 362 600 362 600 362 586 369 585 369 584 369 544 363 543 363 484 370 398 366 397 366 370 371 371 392"/>
                        </Shape>
                        <String CONTENT=""/>
                    </TextLine>

                    <TextLine ID="line_10" HPOS="371" VPOS="392" WIDTH="578" HEIGHT="44" BASELINE="372 424 949 417" TAGREFS="TYPE_1">
                        <Shape>
                            <Polygon POINTS="372 424 373 436 387 432 399 436 400 436 401 436 402 436 411 436 460 431 473 435 479 436 480 436 588 434 589 434 590 434 592 432 595 430 611 431 627 433 628 433 629 433 633 431 639 429 651 431 669 433 670 433 695 430 708 428 736 429 810 431 810 431 811 431 823 427 825 427 827 427 838 430 839 430 839 430 886 426 889 426 892 426 933 430 934 430 934 430 949 424 949 417 947 399 884 392 883 392 882 392 864 399 862 399 858 399 830 396 829 396 828 396 820 399 817 400 807 399 756 394 755 394 754 394 741 399 737 402 696 402 693 399 685 395 684 395 683 395 683 395 671 399 667 402 625 403 604 400 587 398 586 398 555 400 533 402 530 400 525 397 524 397 523 397 522 397 522 397 513 400 504 403 496 400 489 398 489 398 488 398 371 400 372 424"/>
                        </Shape>
                        <String CONTENT=""/>
                    </TextLine>

                    <TextLine ID="line_11" HPOS="373" VPOS="424" WIDTH="577" HEIGHT="48" BASELINE="374 456 950 450" TAGREFS="TYPE_1">
                        <Shape>
                            <Polygon POINTS="374 456 374 472 404 465 429 471 432 471 432 471 433 471 434 471 448 464 488 469 495 470 496 470 497 470 500 469 517 464 529 468 530 469 531 469 532 470 576 470 576 469 592 467 621 463 628 466 632 468 633 468 633 469 661 469 661 468 687 465 694 464 705 464 759 467 760 467 761 467 761 467 767 464 771 461 797 463 831 464 831 464 832 464 833 464 836 462 839 460 949 459 950 450 948 431 917 424 916 424 888 429 868 425 867 425 866 425 865 425 858 430 842 425 841 425 840 425 839 425 828 431 794 426 793 426 792 426 777 431 765 426 764 426 763 426 762 426 749 431 735 426 734 426 733 426 690 427 689 427 688 427 681 433 660 433 625 427 625 427 624 427 623 427 616 434 588 434 445 429 444 429 444 429 430 436 406 430 405 430 373 436 374 456"/>
                        </Shape>
                        <String CONTENT=""/>
                    </TextLine>

                    <TextLine ID="line_12" HPOS="372" VPOS="459" WIDTH="577" HEIGHT="43" BASELINE="373 489 949 482" TAGREFS="TYPE_1">
                        <Shape>
                            <Polygon POINTS="373 489 373 496 389 501 390 501 390 502 444 502 444 501 444 501 458 497 580 500 581 500 611 495 617 499 617 499 618 499 619 499 620 499 621 499 626 494 650 499 650 499 691 493 711 498 711 498 712 498 713 498 727 493 788 493 802 497 803 497 804 497 805 497 819 492 867 496 868 496 949 489 949 482 947 464 804 459 803 459 772 464 662 462 661 462 609 466 584 462 584 462 549 467 516 462 515 462 514 462 494 468 466 463 465 463 388 464 387 464 372 468 373 489"/>
                        </Shape>
                        <String CONTENT=""/>
                    </TextLine>

                    <TextLine ID="line_13" HPOS="371" VPOS="490" WIDTH="576" HEIGHT="44" BASELINE="372 522 947 514" TAGREFS="TYPE_1">
                        <Shape>
                            <Polygon POINTS="372 522 372 530 433 534 434 534 435 534 436 534 441 530 442 530 445 530 493 534 494 534 495 534 507 530 508 530 609 532 610 532 611 532 612 532 615 529 617 527 629 529 650 531 650 531 651 531 662 528 670 526 690 528 714 530 715 530 716 530 716 530 720 528 724 525 756 525 790 525 794 528 795 529 796 529 797 529 798 529 808 527 835 524 946 526 947 514 945 494 845 495 842 495 818 490 817 490 816 490 805 495 803 496 802 495 795 491 794 491 794 491 751 491 750 491 715 495 701 492 700 492 699 492 699 492 689 497 686 498 603 498 599 497 588 493 588 493 587 493 536 498 520 499 517 498 506 494 506 494 505 494 504 494 496 498 492 500 477 498 444 495 444 495 443 495 433 499 427 501 416 499 396 496 395 496 371 499 372 522"/>
                        </Shape>
                        <String CONTENT=""/>
                    </TextLine>

                    <TextLine ID="line_14" HPOS="371" VPOS="522" WIDTH="578" HEIGHT="43" BASELINE="372 554 949 547" TAGREFS="TYPE_1">
                        <Shape>
                            <Polygon POINTS="372 554 372 565 948 555 949 547 947 527 888 522 887 522 886 522 885 522 880 526 851 522 850 522 818 528 736 524 735 524 734 524 720 529 691 524 691 524 627 530 613 526 613 526 612 526 611 526 600 531 560 531 543 526 543 526 542 526 541 526 540 526 534 532 497 532 457 527 456 527 407 533 395 528 394 528 393 528 392 528 371 534 372 554"/>
                        </Shape>
                        <String CONTENT=""/>
                    </TextLine>

                    <TextLine ID="line_15" HPOS="371" VPOS="554" WIDTH="579" HEIGHT="40" BASELINE="372 586 950 578" TAGREFS="TYPE_1">
                        <Shape>
                            <Polygon POINTS="372 586 372 594 950 588 950 578 946 555 936 559 907 555 892 554 891 554 874 556 851 559 842 557 835 555 834 555 833 555 832 555 826 557 818 561 775 561 761 559 750 557 749 557 735 559 717 562 708 559 698 557 697 557 696 557 674 560 658 563 646 561 620 558 619 558 618 558 617 558 611 562 609 563 607 562 600 559 599 559 598 559 559 563 544 564 534 563 490 559 489 559 489 559 477 565 477 565 468 560 467 560 435 560 434 560 433 560 418 566 390 561 389 561 388 561 371 567 372 586"/>
                        </Shape>
                        <String CONTENT=""/>
                    </TextLine>

                    <TextLine ID="line_16" HPOS="370" VPOS="589" WIDTH="580" HEIGHT="38" BASELINE="371 618 950 610" TAGREFS="TYPE_1">
                        <Shape>
                            <Polygon POINTS="765 606 757 608 748 608 740 608 732 608 724 608 716 608 708 608 700 608 692 608 684 608 676 608 668 608 660 608 652 608 644 608 636 608 628 608 620 608 612 608 604 608 596 608 588 608 580 608 572 608 563 608 555 608 547 608 539 608 531 608 523 608 515 608 507 608 499 608 491 608 483 608 475 608 467 608 459 608 451 608 443 608 435 608 427 608 419 608 411 608 403 608 395 608 386 608 378 608 370 608 371 618 371 627 950 620 950 610 948 589 806 591 806 591 805 591 802 593 797 597 779 593 776 593 775 593 774 593 773 593 773 594 766 600 765 606"/>
                        </Shape>
                        <String CONTENT=""/>
                    </TextLine>

                    <TextLine ID="line_17" HPOS="370" VPOS="617" WIDTH="580" HEIGHT="45" BASELINE="371 652 950 643" TAGREFS="TYPE_1">
                        <Shape>
                            <Polygon POINTS="371 652 371 658 401 662 402 662 435 658 452 662 453 662 454 662 504 657 577 660 578 660 618 655 619 655 621 655 738 658 739 658 781 653 791 652 795 653 804 655 805 655 806 655 949 650 950 643 947 617 835 624 798 619 793 618 792 618 791 618 790 618 790 619 784 625 745 620 739 619 738 619 737 619 736 619 736 620 726 625 695 621 690 620 689 620 688 620 686 621 669 626 651 621 649 621 648 621 647 621 646 621 645 621 629 627 606 622 602 621 601 621 600 621 599 622 588 627 569 624 568 624 527 629 370 626 371 652"/>
                        </Shape>
                        <String CONTENT=""/>
                    </TextLine>

                    <TextLine ID="line_18" HPOS="370" VPOS="648" WIDTH="578" HEIGHT="46" BASELINE="371 685 948 674" TAGREFS="TYPE_1">
                        <Shape>
                            <Polygon POINTS="371 685 371 694 947 683 948 674 946 648 842 653 829 650 814 648 814 648 813 648 804 651 797 654 779 652 758 649 757 649 739 653 724 655 708 654 681 650 680 650 649 655 636 657 629 655 613 652 612 652 547 653 547 653 534 658 532 659 492 659 491 659 482 654 481 654 481 654 441 659 422 655 421 655 420 655 419 655 413 661 412 662 370 662 371 685"/>
                        </Shape>
                        <String CONTENT=""/>
                    </TextLine>

                    <TextLine ID="line_19" HPOS="373" VPOS="682" WIDTH="577" HEIGHT="46" BASELINE="374 715 950 708" TAGREFS="TYPE_1">
                        <Shape>
                            <Polygon POINTS="374 715 374 724 438 727 439 727 440 727 440 727 445 724 448 722 502 722 504 723 514 727 515 727 516 728 565 728 565 727 566 727 567 727 573 722 573 721 596 721 600 721 625 726 625 726 654 722 688 725 689 725 690 725 705 719 707 719 716 719 821 724 822 724 950 715 950 708 950 689 934 682 934 682 913 682 912 682 911 682 884 689 884 690 853 690 849 690 831 682 830 682 829 682 828 682 811 690 810 691 774 691 773 690 765 684 765 684 764 684 763 684 762 684 748 690 745 691 716 691 714 690 695 684 695 684 694 684 645 690 554 686 553 686 552 686 543 691 539 693 530 691 514 687 513 687 512 687 497 691 494 691 491 691 465 687 464 687 463 687 462 687 457 691 453 695 436 695 410 695 406 691 401 688 400 688 399 688 399 688 373 691 374 715"/>
                        </Shape>
                        <String CONTENT=""/>
                    </TextLine>

                    <TextLine ID="line_20" HPOS="373" VPOS="718" WIDTH="400" HEIGHT="41" BASELINE="374 748 773 744" TAGREFS="TYPE_1">
                        <Shape>
                            <Polygon POINTS="374 748 374 759 507 754 559 755 624 756 625 756 646 753 653 752 662 752 705 756 706 756 707 756 707 756 713 752 714 752 716 752 761 755 762 755 763 755 773 750 773 744 772 724 732 724 732 724 724 718 723 718 722 718 721 718 720 718 707 724 704 724 700 724 682 719 681 719 656 724 652 724 650 724 640 719 639 719 585 719 584 719 559 723 537 726 512 723 496 720 495 720 494 720 493 720 493 721 492 722 486 727 426 722 413 721 412 721 411 721 410 722 398 728 392 722 392 721 391 721 390 721 390 721 373 721 374 748"/>
                        </Shape>
                        <String CONTENT=""/>
                    </TextLine>
</TextBlock>
                <TextBlock ID="block_3" HPOS="376" VPOS="755" WIDTH="576" HEIGHT="188" TAGREFS="TYPE_24">
                    <Shape>
                        <Polygon POINTS="376.605712890625 755.4039916992188 952.2418212890625 755.4039916992188 952.2418212890625 943.3165283203125 376.605712890625 943.3165283203125 376.605712890625 755.4039916992188"/>
                    </Shape>
                    <TextLine ID="line_21" HPOS="405" VPOS="749" WIDTH="545" HEIGHT="42" BASELINE="406 780 950 773" TAGREFS="TYPE_1">
                        <Shape>
                            <Polygon POINTS="767 763 759 763 751 763 743 763 735 763 727 763 719 763 711 763 703 763 695 763 687 763 679 763 670 763 662 763 654 763 646 763 638 763 630 763 622 763 614 763 606 763 598 763 590 763 582 763 574 763 566 763 558 763 550 763 542 763 534 763 526 763 518 763 510 763 506 763 502 763 493 763 485 763 477 763 469 763 461 763 453 763 445 763 437 763 429 763 422 763 405 765 406 780 406 788 540 791 541 791 570 786 572 786 573 786 608 790 609 790 609 790 610 790 617 785 617 785 620 785 655 789 656 789 732 785 740 789 740 789 741 789 742 789 743 789 748 784 756 788 757 788 757 788 758 788 770 784 771 784 775 784 881 787 882 787 913 782 941 786 942 786 942 786 943 786 950 781 950 773 950 759 922 749 921 749 921 749 893 754 883 749 882 749 881 749 816 750 815 750 814 750 806 756 773 751 772 751 771 751 770 751 768 752 767 763"/>
                        </Shape>
                        <String CONTENT=""/>
                    </TextLine>

                    <TextLine ID="line_22" HPOS="372" VPOS="781" WIDTH="578" HEIGHT="41" BASELINE="373 813 950 806" TAGREFS="TYPE_1">
                        <Shape>
                            <Polygon POINTS="373 813 373 822 950 816 950 806 948 784 889 785 878 784 855 781 855 781 854 781 843 785 834 787 808 785 775 781 774 781 773 781 766 785 761 789 738 789 707 785 668 782 667 782 666 782 666 782 662 785 657 789 645 786 640 785 639 785 638 785 637 785 634 786 627 790 594 790 587 786 580 784 580 784 579 784 578 784 572 786 562 790 548 787 537 784 536 784 535 784 534 784 534 784 530 787 523 791 444 792 431 788 423 785 423 785 422 785 372 788 373 813"/>
                        </Shape>
                        <String CONTENT=""/>
                    </TextLine>

                    <TextLine ID="line_23" HPOS="374" VPOS="812" WIDTH="575" HEIGHT="44" BASELINE="374 845 949 839" TAGREFS="TYPE_1">
                        <Shape>
                            <Polygon POINTS="374 845 374 852 454 856 455 856 456 856 456 856 463 852 468 852 506 855 507 855 508 855 518 852 524 851 530 852 543 855 543 855 544 855 545 855 548 852 550 851 559 852 574 854 575 854 592 851 609 850 613 851 620 855 621 855 621 855 662 855 662 855 662 855 670 851 677 849 699 851 723 854 724 854 749 851 776 848 782 851 787 853 788 853 789 853 876 852 877 852 883 851 893 847 900 851 901 851 901 851 902 851 903 851 904 851 908 847 917 851 921 851 921 851 922 851 949 850 949 839 948 818 932 813 931 813 930 813 930 813 913 818 904 812 903 812 902 812 880 812 879 812 836 817 814 814 813 814 812 814 811 814 805 818 803 819 794 818 746 814 745 814 710 818 704 819 695 819 649 815 648 815 647 815 646 815 646 816 642 819 640 822 584 822 579 819 575 816 574 816 573 816 572 816 542 819 512 822 506 819 504 818 503 818 502 818 502 818 501 818 496 819 487 822 460 819 442 818 426 818 425 818 424 818 423 818 422 819 417 823 403 819 396 818 395 818 395 818 374 819 374 845"/>
                        </Shape>
                        <String CONTENT=""/>
                    </TextLine>

                    <TextLine ID="line_24" HPOS="374" VPOS="843" WIDTH="574" HEIGHT="47" BASELINE="374 878 948 870" TAGREFS="TYPE_1">
                        <Shape>
                            <Polygon POINTS="374 878 374 890 432 885 622 885 774 885 775 885 887 884 888 884 901 879 931 883 932 883 933 883 948 877 948 870 946 851 910 850 892 843 891 843 890 843 889 843 865 851 864 851 864 851 855 847 855 847 854 847 805 851 792 851 790 851 777 846 777 846 776 846 775 846 765 851 761 853 727 853 725 851 720 847 719 847 718 847 717 847 716 847 699 851 693 853 687 851 673 846 672 846 671 846 670 846 659 851 654 854 626 854 622 851 613 847 612 847 611 847 576 847 575 847 574 847 567 851 565 854 562 852 556 847 555 847 555 847 554 847 488 848 487 848 479 852 470 856 445 852 427 850 427 850 374 852 374 878"/>
                        </Shape>
                        <String CONTENT=""/>
                    </TextLine>

                    <TextLine ID="line_25" HPOS="405" VPOS="880" WIDTH="496" HEIGHT="42" BASELINE="406 910 901 905" TAGREFS="TYPE_1">
                        <Shape>
                            <Polygon POINTS="406 910 406 920 489 916 496 918 504 921 505 921 506 922 547 922 547 921 547 921 548 921 554 917 558 914 618 914 622 916 632 920 633 920 633 920 704 919 705 919 714 915 758 919 759 919 793 913 818 918 819 918 851 914 891 917 892 917 893 917 893 917 901 911 901 905 900 887 872 881 871 881 870 881 869 881 862 886 821 883 820 883 787 887 764 880 763 880 762 880 761 880 761 880 750 888 740 888 734 883 734 882 733 882 732 882 732 882 731 882 730 882 721 888 690 888 663 882 662 882 596 889 554 883 553 883 515 888 502 884 502 884 501 884 500 884 475 890 417 884 416 884 415 884 415 884 405 890 406 910"/>
                        </Shape>
                        <String CONTENT=""/>
                    </TextLine>

                    <TextLine ID="line_26" HPOS="407" VPOS="913" WIDTH="435" HEIGHT="40" BASELINE="407 942 842 937" TAGREFS="TYPE_1">
                        <Shape>
                            <Polygon POINTS="407 942 407 948 460 948 461 948 471 953 472 953 473 953 502 948 509 947 515 948 551 953 551 953 578 947 584 946 589 947 601 950 602 950 603 950 678 947 679 947 692 951 693 951 694 951 695 951 695 951 703 946 703 946 708 950 709 950 710 950 711 950 711 950 724 946 725 946 841 946 842 937 841 919 827 913 827 913 826 913 825 913 824 913 824 914 819 919 818 920 754 920 748 918 732 913 731 913 730 913 707 918 695 921 662 921 658 917 654 914 654 913 653 913 652 913 651 913 621 917 592 921 580 917 575 916 574 916 573 916 572 916 572 916 570 917 565 921 546 917 535 915 534 915 534 915 529 917 519 921 504 917 497 915 497 915 496 915 460 916 460 916 458 917 449 921 407 917 407 942"/>
                        </Shape>
                        <String CONTENT=""/>
                    </TextLine>
</TextBlock>
                <TextBlock ID="block_2" HPOS="373" VPOS="948" WIDTH="582" HEIGHT="262" TAGREFS="TYPE_24">
                    <Shape>
                        <Polygon POINTS="373.7251281738281 948.597900390625 955.98046875 948.597900390625 955.98046875 1210.2774658203125 373.7251281738281 1210.2774658203125 373.7251281738281 948.597900390625"/>
                    </Shape>
                    <TextLine ID="line_27" HPOS="374" VPOS="942" WIDTH="576" HEIGHT="44" BASELINE="374 974 950 968" TAGREFS="TYPE_1">
                        <Shape>
                            <Polygon POINTS="510 972 502 972 494 972 486 972 478 972 470 972 462 972 454 972 446 972 438 972 430 972 422 972 414 972 406 972 398 972 390 972 374 974 374 982 443 986 444 986 444 986 455 982 457 981 469 982 518 985 518 985 519 985 534 981 539 980 556 981 616 984 617 984 635 980 641 979 654 980 690 983 691 983 691 983 700 980 704 979 714 980 735 983 736 983 767 979 786 978 804 979 835 982 836 982 950 978 950 968 950 950 934 942 933 942 877 942 876 942 876 942 866 946 815 943 814 943 814 943 792 953 759 954 729 950 722 944 721 944 720 944 720 944 682 951 636 945 635 945 634 945 633 945 617 954 532 950 531 950 530 950 514 958 510 972"/>
                        </Shape>
                        <String CONTENT=""/>
                    </TextLine>

                    <TextLine ID="line_28" HPOS="374" VPOS="974" WIDTH="579" HEIGHT="43" BASELINE="375 1005 953 999" TAGREFS="TYPE_1">
                        <Shape>
                            <Polygon POINTS="375 1005 375 1017 395 1013 432 1016 442 1017 443 1017 477 1016 556 1011 590 1014 621 1016 621 1016 622 1016 628 1013 633 1011 653 1012 678 1015 679 1015 695 1011 705 1010 720 1011 747 1014 748 1014 816 1013 817 1013 818 1013 823 1009 830 1013 831 1013 831 1013 913 1012 953 1007 953 999 951 979 880 974 879 974 878 974 869 979 864 983 833 983 829 979 825 977 824 977 823 977 823 977 822 977 821 977 818 979 814 983 785 983 779 980 773 976 773 976 772 976 771 976 770 976 758 980 750 983 748 980 743 976 742 976 741 976 715 976 714 976 713 976 704 980 698 984 638 984 634 981 630 977 629 977 629 977 628 977 627 977 626 977 622 981 618 984 601 984 584 981 567 978 566 978 519 979 518 979 518 979 518 979 514 982 510 986 485 986 475 982 467 979 466 979 465 979 465 979 456 982 446 986 423 982 407 979 407 979 374 982 375 1005"/>
                        </Shape>
                        <String CONTENT=""/>
                    </TextLine>

                    <TextLine ID="line_29" HPOS="374" VPOS="1007" WIDTH="578" HEIGHT="41" BASELINE="375 1038 952 1033" TAGREFS="TYPE_1">
                        <Shape>
                            <Polygon POINTS="375 1038 375 1047 520 1048 521 1048 543 1045 551 1044 554 1045 565 1048 566 1048 567 1048 591 1044 600 1044 609 1044 632 1048 633 1048 655 1044 664 1043 709 1044 855 1046 855 1046 888 1041 892 1041 895 1041 938 1045 939 1045 940 1045 952 1040 952 1033 950 1015 882 1007 881 1007 880 1007 854 1015 767 1008 766 1008 741 1009 740 1009 740 1009 732 1015 726 1010 725 1010 724 1010 724 1010 698 1016 679 1009 679 1009 678 1009 677 1009 662 1016 662 1017 550 1017 541 1011 540 1011 539 1011 516 1011 515 1011 514 1011 495 1017 475 1014 474 1014 446 1018 432 1011 431 1011 430 1011 429 1011 419 1017 391 1018 384 1014 383 1014 382 1014 382 1014 381 1014 380 1014 374 1016 375 1038"/>
                        </Shape>
                        <String CONTENT=""/>
                    </TextLine>

                    <TextLine ID="line_30" HPOS="374" VPOS="1040" WIDTH="580" HEIGHT="39" BASELINE="375 1070 954 1065" TAGREFS="TYPE_1">
                        <Shape>
                            <Polygon POINTS="375 1070 375 1079 953 1077 954 1065 952 1046 873 1040 872 1040 872 1040 871 1040 871 1040 864 1046 861 1046 789 1040 788 1040 753 1047 748 1048 717 1048 716 1047 707 1041 707 1041 706 1041 705 1041 678 1047 672 1048 664 1047 637 1044 636 1044 617 1047 608 1049 427 1050 423 1048 419 1044 418 1044 417 1044 416 1044 374 1048 375 1070"/>
                        </Shape>
                        <String CONTENT=""/>
                    </TextLine>

                    <TextLine ID="line_31" HPOS="375" VPOS="1073" WIDTH="579" HEIGHT="42" BASELINE="376 1102 954 1096" TAGREFS="TYPE_1">
                        <Shape>
                            <Polygon POINTS="376 1102 376 1111 516 1115 517 1115 518 1115 530 1111 537 1110 601 1111 650 1112 650 1112 651 1112 655 1111 666 1108 705 1110 734 1113 735 1113 736 1113 741 1110 751 1107 773 1110 783 1112 784 1112 785 1112 786 1112 787 1110 791 1107 802 1110 807 1112 808 1112 809 1112 810 1112 814 1110 826 1106 862 1110 872 1111 873 1111 890 1110 945 1106 950 1110 954 1096 951 1073 375 1081 376 1102"/>
                        </Shape>
                        <String CONTENT=""/>
                    </TextLine>

                    <TextLine ID="line_32" HPOS="376" VPOS="1104" WIDTH="578" HEIGHT="42" BASELINE="377 1135 954 1130" TAGREFS="TYPE_1">
                        <Shape>
                            <Polygon POINTS="377 1135 377 1146 593 1141 658 1144 663 1144 664 1144 665 1144 666 1144 675 1140 842 1143 843 1143 844 1143 872 1139 952 1142 954 1130 953 1110 930 1104 930 1104 929 1104 880 1108 858 1104 857 1104 824 1110 798 1105 798 1105 797 1105 796 1105 796 1106 790 1111 762 1111 760 1111 759 1111 687 1106 686 1106 685 1106 663 1112 662 1112 581 1106 580 1106 580 1106 567 1113 547 1107 547 1107 546 1107 545 1107 544 1107 535 1113 481 1114 463 1114 454 1114 396 1113 390 1108 389 1108 388 1108 387 1108 386 1108 376 1113 377 1135"/>
                        </Shape>
                        <String CONTENT=""/>
                    </TextLine>

                    <TextLine ID="line_33" HPOS="376" VPOS="1135" WIDTH="580" HEIGHT="45" BASELINE="377 1168 956 1160" TAGREFS="TYPE_1">
                        <Shape>
                            <Polygon POINTS="377 1168 377 1176 568 1180 569 1180 570 1180 585 1176 625 1180 626 1180 627 1180 628 1180 635 1173 636 1173 639 1173 679 1179 679 1179 715 1172 718 1172 722 1172 776 1177 777 1177 777 1177 789 1172 790 1171 857 1171 858 1171 875 1176 876 1176 876 1176 877 1176 890 1170 892 1170 896 1170 923 1174 924 1174 955 1169 956 1160 955 1139 946 1135 946 1135 945 1135 944 1135 893 1141 890 1141 888 1141 829 1135 828 1135 799 1142 746 1139 745 1139 744 1139 732 1143 724 1137 724 1137 723 1137 701 1137 700 1137 671 1143 664 1138 663 1138 662 1138 636 1138 635 1138 634 1138 620 1144 465 1140 464 1140 427 1147 395 1141 394 1141 393 1141 376 1147 377 1168"/>
                        </Shape>
                        <String CONTENT=""/>
                    </TextLine>

                    <TextLine ID="line_34" HPOS="376" VPOS="1168" WIDTH="579" HEIGHT="54" BASELINE="377 1200 955 1193" TAGREFS="TYPE_1">
                        <Shape>
                            <Polygon POINTS="377 1200 377 1212 448 1212 449 1213 459 1221 460 1221 460 1221 461 1222 518 1222 518 1221 518 1221 550 1213 566 1221 567 1221 567 1221 588 1220 588 1220 589 1220 602 1212 603 1211 680 1210 689 1211 736 1219 737 1219 777 1217 778 1217 779 1217 786 1213 798 1217 798 1217 799 1217 800 1217 801 1217 810 1210 812 1209 816 1210 837 1217 838 1217 839 1217 839 1217 853 1210 860 1207 954 1209 955 1193 954 1173 883 1168 882 1168 881 1168 869 1173 863 1176 764 1176 759 1174 757 1172 756 1172 755 1172 754 1172 743 1174 728 1177 724 1174 720 1171 720 1171 719 1171 704 1171 703 1171 703 1171 702 1171 698 1175 694 1177 681 1175 676 1174 675 1174 674 1174 671 1175 658 1179 603 1179 597 1176 594 1174 593 1174 592 1174 554 1176 498 1178 487 1176 472 1173 471 1173 470 1173 458 1176 448 1179 443 1176 440 1174 439 1174 438 1174 437 1174 414 1175 413 1175 412 1175 411 1176 407 1180 376 1177 377 1200"/>
                        </Shape>
                        <String CONTENT=""/>
                    </TextLine>
</TextBlock>
                <TextBlock ID="block_4" HPOS="880" VPOS="1205" WIDTH="74" HEIGHT="31" TAGREFS="TYPE_26">
                    <Shape>
                        <Polygon POINTS="880.1931762695312 1205.46875 954.3040161132812 1205.46875 954.3040161132812 1236.4541015625 880.1931762695312 1236.4541015625 880.1931762695312 1205.46875"/>
                    </Shape>
                    <TextLine ID="line_35" HPOS="876" VPOS="1200" WIDTH="79" HEIGHT="46" BASELINE="877 1227 955 1225" TAGREFS="TYPE_1">
                        <Shape>
                            <Polygon POINTS="877 1227 877 1243 910 1239 921 1245 921 1245 922 1246 955 1246 955 1225 954 1205 921 1200 920 1200 919 1200 918 1200 918 1201 913 1205 882 1201 881 1201 880 1201 880 1201 876 1203 877 1227"/>
                        </Shape>
                        <String CONTENT=""/>
                    </TextLine>
</TextBlock>
            </PrintSpace>
        </Page>
    </Layout>
</alto>