<?xml version="1.0" encoding="UTF-8"?>
<alto xmlns:xsi="http://www.w3.org/2001/XMLSchema-instance"
    xmlns="http://www.loc.gov/standards/alto/ns-v4#"
    xsi:schemaLocation="http://www.loc.gov/standards/alto/ns-v4# http://www.loc.gov/standards/alto/v4/alto-4-3.xsd">
    <Description>
        <MeasurementUnit>pixel</MeasurementUnit>
        <sourceImageInformation>
            <fileName>2013131.jpeg</fileName>
        </sourceImageInformation>
        <Processing ID="OCR_0">
            <processingCategory>other</processingCategory>
            <processingStepDescription>unknown</processingStepDescription>
            <processingSoftware>
                <softwareName>kraken</softwareName>
                <softwareVersion>4.3.13</softwareVersion>
            </processingSoftware>
        </Processing>
    </Description>
    <Tags>
        <OtherTag ID="TYPE_1" LABEL="DefaultLine"/>
        <OtherTag ID="TYPE_2" LABEL="MarginTextZone-ManuscriptAddendum"/>
        <OtherTag ID="TYPE_3" LABEL="TitlePageZone"/>
        <OtherTag ID="TYPE_4" LABEL="StampZone-Sticker"/>
        <OtherTag ID="TYPE_5" LABEL="StampZone"/>
        <OtherTag ID="TYPE_6" LABEL="MainZone-Entry-Continued"/>
        <OtherTag ID="TYPE_7" LABEL="GraphicZone-Maths"/>
        <OtherTag ID="TYPE_8" LABEL="FigureZone"/>
        <OtherTag ID="TYPE_9" LABEL="MainZone-Signature"/>
        <OtherTag ID="TYPE_10" LABEL="MainZone-P-Continued"/>
        <OtherTag ID="TYPE_11" LABEL="GraphicZone-Decoration"/>
        <OtherTag ID="TYPE_12" LABEL="MainZone-Date"/>
        <OtherTag ID="TYPE_13" LABEL="MainZone-Other"/>
        <OtherTag ID="TYPE_14" LABEL="TableZone-Continued"/>
        <OtherTag ID="TYPE_15" LABEL="MarginTextZone-Notes-Continued"/>
        <OtherTag ID="TYPE_16" LABEL="FigureZone-FigDesc"/>
        <OtherTag ID="TYPE_17" LABEL="MarginTextZone-Notes"/>
        <OtherTag ID="TYPE_18" LABEL="DropCapitalZone"/>
        <OtherTag ID="TYPE_19" LABEL="GraphicZone"/>
        <OtherTag ID="TYPE_20" LABEL="RunningTitleZone"/>
        <OtherTag ID="TYPE_21" LABEL="GraphicZone-FigDesc"/>
        <OtherTag ID="TYPE_22" LABEL="MainZone-Lg"/>
        <OtherTag ID="TYPE_23" LABEL="FigureZone-Head"/>
        <OtherTag ID="TYPE_24" LABEL="MainZone-P"/>
        <OtherTag ID="TYPE_25" LABEL="GraphicZone-Head"/>
        <OtherTag ID="TYPE_26" LABEL="QuireMarksZone"/>
        <OtherTag ID="TYPE_27" LABEL="MainZone-Sp"/>
        <OtherTag ID="TYPE_28" LABEL="MainZone-List"/>
        <OtherTag ID="TYPE_29" LABEL="GraphicZone-Part"/>
        <OtherTag ID="TYPE_30" LABEL="DigitizationArtefactZone"/>
        <OtherTag ID="TYPE_31" LABEL="MainZone-Entry"/>
        <OtherTag ID="TYPE_32" LABEL="TableZone-Head"/>
        <OtherTag ID="TYPE_33" LABEL="GraphicZone-TextualContent"/>
        <OtherTag ID="TYPE_34" LABEL="AdvertisementZone"/>
        <OtherTag ID="TYPE_35" LABEL="MainZone-List-Continued"/>
        <OtherTag ID="TYPE_36" LABEL="MainZone-Form"/>
        <OtherTag ID="TYPE_37" LABEL="MainZone-Head"/>
        <OtherTag ID="TYPE_38" LABEL="NumberingZone"/>
        <OtherTag ID="TYPE_39" LABEL="TitlePageZone-Index"/>
        <OtherTag ID="TYPE_40" LABEL="MainZone-Sp-Continued"/>
        <OtherTag ID="TYPE_41" LABEL="TableZone"/>
        <OtherTag ID="TYPE_42" LABEL="MainZone-Lg-Continued"/>
    </Tags>
    <Layout>
        <Page WIDTH="1000" HEIGHT="1448" PHYSICAL_IMG_NR="0" ID="page_0">
            <PrintSpace HPOS="0" VPOS="0" WIDTH="1000" HEIGHT="1448">
                <TextBlock ID="block_1" HPOS="225" VPOS="88" WIDTH="226" HEIGHT="37" TAGREFS="TYPE_20">
                    <Shape>
                        <Polygon POINTS="225.24183654785156 88.03963470458984 451.0452880859375 88.03963470458984 451.0452880859375 125.85347747802734 225.24183654785156 125.85347747802734 225.24183654785156 88.03963470458984"/>
                    </Shape>
                    <TextLine ID="line_0" HPOS="224" VPOS="104" WIDTH="224" HEIGHT="20" BASELINE="225 115 448 114" TAGREFS="TYPE_1">
                        <Shape>
                            <Polygon POINTS="225 115 225 122 446 124 448 114 445 104 224 105 225 115"/>
                        </Shape>
                        <String CONTENT=""/>
                    </TextLine>
</TextBlock>
                <TextBlock ID="block_4" HPOS="576" VPOS="97" WIDTH="53" HEIGHT="32" TAGREFS="TYPE_38">
                    <Shape>
                        <Polygon POINTS="576.5265502929688 97.75584411621094 629.1078491210938 97.75584411621094 629.1078491210938 129.3461456298828 576.5265502929688 129.3461456298828 576.5265502929688 97.75584411621094"/>
                    </Shape>
                    <TextLine ID="line_1" HPOS="577" VPOS="90" WIDTH="46" HEIGHT="43" BASELINE="578 116 623 118" TAGREFS="TYPE_1">
                        <Shape>
                            <Polygon POINTS="578 116 577 129 621 133 623 118 622 92 603 96 578 90 578 116"/>
                        </Shape>
                        <String CONTENT=""/>
                    </TextLine>
</TextBlock>
                <TextBlock ID="block_0" HPOS="46" VPOS="129" WIDTH="583" HEIGHT="584" TAGREFS="TYPE_10">
                    <Shape>
                        <Polygon POINTS="46.37614059448242 129.75685119628906 629.0839233398438 129.75685119628906 629.0839233398438 713.1233520507812 46.37614059448242 713.1233520507812 46.37614059448242 129.75685119628906"/>
                    </Shape>
                    <TextLine ID="line_2" HPOS="45" VPOS="124" WIDTH="580" HEIGHT="40" BASELINE="45 155 625 155" TAGREFS="TYPE_1">
                        <Shape>
                            <Polygon POINTS="45 155 45 164 625 163 625 155 625 133 565 131 551 124 551 124 494 124 493 124 493 124 492 124 481 131 480 132 470 131 423 127 422 127 421 127 420 127 415 131 412 133 378 133 374 131 358 124 358 124 357 124 329 131 321 132 304 131 257 125 256 125 255 125 242 130 236 132 233 130 225 124 224 124 223 124 185 124 184 124 183 124 166 130 157 132 142 129 134 128 133 128 109 129 76 131 72 129 61 124 61 124 60 124 59 124 45 128 45 155"/>
                        </Shape>
                        <String CONTENT=""/>
                    </TextLine>

                    <TextLine ID="line_3" HPOS="46" VPOS="161" WIDTH="580" HEIGHT="41" BASELINE="47 186 626 189" TAGREFS="TYPE_1">
                        <Shape>
                            <Polygon POINTS="47 186 46 197 101 200 102 200 102 200 103 200 106 197 111 195 135 195 154 198 167 200 168 200 181 198 202 195 208 198 209 200 210 200 211 200 212 200 233 198 273 196 285 199 292 201 292 201 293 201 333 199 432 196 447 201 448 201 449 201 579 201 580 201 580 201 594 197 600 201 601 201 602 201 603 202 625 202 626 189 626 168 616 163 615 163 591 163 590 163 589 163 588 163 584 167 583 168 579 167 551 163 551 163 550 163 542 167 537 169 362 169 354 164 350 162 349 162 349 162 250 162 249 162 248 162 245 164 236 168 204 168 195 163 193 161 192 161 191 161 190 161 189 161 189 161 186 163 179 168 156 168 131 163 123 161 122 161 121 161 119 162 108 168 85 168 70 162 69 161 68 161 67 161 47 161 47 186"/>
                        </Shape>
                        <String CONTENT=""/>
                    </TextLine>

                    <TextLine ID="line_4" HPOS="46" VPOS="197" WIDTH="580" HEIGHT="38" BASELINE="46 221 626 221" TAGREFS="TYPE_1">
                        <Shape>
                            <Polygon POINTS="46 221 46 235 87 235 87 234 89 234 117 228 148 232 148 232 149 232 163 228 217 232 218 232 218 232 219 232 225 228 232 232 233 232 234 232 234 232 243 228 334 228 342 232 347 234 348 234 349 235 375 235 375 234 376 234 382 232 388 229 399 232 409 234 410 234 411 234 425 231 437 229 445 231 454 234 455 234 456 234 478 231 488 230 492 231 502 234 502 234 503 235 564 235 564 234 565 234 574 230 576 229 586 230 617 234 617 234 618 234 626 230 626 221 626 204 604 204 594 197 574 204 556 204 547 197 534 204 477 204 460 197 443 204 428 197 386 203 370 197 360 204 326 204 318 197 273 203 226 197 211 204 203 197 173 197 164 204 126 204 115 198 107 204 46 204 46 221"/>
                        </Shape>
                        <String CONTENT=""/>
                    </TextLine>

                    <TextLine ID="line_5" HPOS="45" VPOS="228" WIDTH="580" HEIGHT="39" BASELINE="45 253 625 253" TAGREFS="TYPE_1">
                        <Shape>
                            <Polygon POINTS="45 253 45 261 70 266 71 266 167 262 174 267 175 267 176 267 176 267 208 262 249 262 255 267 256 267 257 267 258 267 259 267 271 262 304 262 312 267 313 267 314 267 315 267 316 267 333 262 362 267 362 267 406 263 420 267 421 267 422 267 588 267 588 267 625 261 625 253 625 234 600 234 595 234 580 229 580 229 579 229 578 229 577 229 571 234 568 235 526 235 518 234 479 228 478 228 477 228 477 228 469 234 469 234 465 234 443 228 442 228 441 228 440 228 425 234 425 234 312 234 311 234 296 228 295 228 294 228 256 234 247 228 246 228 246 228 226 228 226 228 196 234 195 234 166 228 165 228 135 234 119 228 119 228 94 228 94 228 93 228 92 228 82 234 56 230 55 230 54 230 45 234 45 253"/>
                        </Shape>
                        <String CONTENT=""/>
                    </TextLine>

                    <TextLine ID="line_6" HPOS="46" VPOS="258" WIDTH="575" HEIGHT="42" BASELINE="47 284 621 286" TAGREFS="TYPE_1">
                        <Shape>
                            <Polygon POINTS="47 284 46 292 100 292 106 298 106 298 107 298 108 298 152 293 154 293 189 293 189 293 195 298 196 298 197 298 197 298 245 294 257 293 279 293 281 294 286 298 287 298 288 298 288 298 316 295 329 293 332 295 338 299 339 299 340 299 341 299 370 295 382 294 387 296 400 299 401 299 402 300 460 300 460 299 460 299 468 296 473 294 479 296 485 299 486 299 487 299 501 296 514 294 620 297 621 286 621 259 584 265 534 261 534 261 425 265 416 259 415 259 415 259 414 259 369 265 334 259 333 259 310 264 302 259 301 259 300 259 300 259 299 259 288 264 222 259 222 259 221 259 220 259 212 265 177 265 170 259 169 259 168 259 147 259 146 259 145 259 132 265 77 265 47 258 47 284"/>
                        </Shape>
                        <String CONTENT=""/>
                    </TextLine>

                    <TextLine ID="line_7" HPOS="46" VPOS="292" WIDTH="576" HEIGHT="41" BASELINE="47 316 622 318" TAGREFS="TYPE_1">
                        <Shape>
                            <Polygon POINTS="47 316 46 325 54 331 55 331 56 331 57 331 57 331 58 331 66 326 94 330 94 330 176 326 181 331 182 331 183 331 184 331 221 326 261 331 262 331 263 331 274 326 291 331 292 331 361 332 362 333 395 333 395 332 396 332 407 327 418 332 419 332 419 332 621 327 622 318 622 298 551 298 551 297 539 292 539 292 538 292 492 296 480 292 479 292 478 292 477 292 467 296 465 298 438 298 436 296 427 292 427 292 426 292 395 296 386 297 286 297 284 296 279 292 278 292 277 292 276 292 237 296 225 297 153 297 150 295 144 292 144 292 143 292 142 292 141 292 134 295 130 297 91 297 88 295 84 292 83 292 82 292 82 292 47 294 47 316"/>
                        </Shape>
                        <String CONTENT=""/>
                    </TextLine>

                    <TextLine ID="line_8" HPOS="45" VPOS="324" WIDTH="579" HEIGHT="39" BASELINE="45 350 624 350" TAGREFS="TYPE_1">
                        <Shape>
                            <Polygon POINTS="45 350 45 363 624 363 624 350 624 329 585 324 584 324 554 329 544 329 540 329 526 324 526 324 525 324 524 324 523 324 519 329 518 330 451 330 441 329 397 324 396 324 376 329 373 329 369 329 341 324 340 324 339 324 338 324 333 329 333 330 296 330 292 329 265 324 264 324 263 324 263 324 255 329 251 329 211 325 210 325 156 329 151 324 150 324 149 324 116 324 115 324 115 324 114 324 109 329 74 329 60 324 59 324 58 324 57 324 45 329 45 350"/>
                        </Shape>
                        <String CONTENT=""/>
                    </TextLine>

                    <TextLine ID="line_9" HPOS="48" VPOS="357" WIDTH="574" HEIGHT="41" BASELINE="48 382 622 382" TAGREFS="TYPE_1">
                        <Shape>
                            <Polygon POINTS="48 382 48 392 87 392 88 392 93 397 94 397 94 397 95 397 96 397 108 392 110 392 111 392 123 397 123 397 124 397 125 397 141 393 143 392 144 393 148 397 149 397 150 397 151 397 152 397 168 393 172 392 181 393 209 397 209 398 302 398 302 397 303 397 310 394 315 392 320 394 326 397 327 397 328 398 386 398 386 397 387 397 388 397 390 395 393 392 400 395 405 397 406 397 407 397 407 397 415 395 426 392 433 395 436 397 437 397 438 397 447 395 466 392 534 396 549 397 550 397 551 397 551 397 551 396 559 392 592 396 593 396 594 396 606 392 621 397 622 382 622 363 559 362 545 357 544 357 543 357 543 357 532 362 522 357 522 357 486 357 485 357 485 357 473 363 440 363 427 357 427 357 426 357 401 363 325 363 317 357 316 357 316 357 315 357 314 357 313 357 305 362 294 357 293 357 292 357 274 361 269 357 268 357 267 357 232 357 231 357 230 357 230 357 222 363 201 363 174 357 173 357 172 357 172 357 164 362 125 357 124 357 123 357 103 362 79 357 78 357 78 357 77 357 69 363 48 363 48 382"/>
                        </Shape>
                        <String CONTENT=""/>
                    </TextLine>

                    <TextLine ID="line_10" HPOS="46" VPOS="388" WIDTH="579" HEIGHT="40" BASELINE="47 415 625 413" TAGREFS="TYPE_1">
                        <Shape>
                            <Polygon POINTS="47 415 47 424 254 428 255 428 279 424 279 424 316 428 317 428 318 428 334 423 337 423 338 423 353 427 353 427 354 428 497 428 497 427 497 427 498 427 503 423 507 423 603 427 604 427 625 423 625 413 624 395 585 394 576 388 575 388 574 388 573 388 572 388 550 394 525 388 524 388 523 388 480 394 465 388 465 388 464 388 443 392 423 388 423 388 422 388 411 393 401 388 400 388 399 388 399 388 380 395 335 395 314 391 313 391 277 394 267 390 267 390 266 390 265 390 246 395 223 389 222 389 222 389 185 394 176 389 176 389 175 389 174 389 135 394 76 389 75 389 74 389 46 396 47 415"/>
                        </Shape>
                        <String CONTENT=""/>
                    </TextLine>

                    <TextLine ID="line_11" HPOS="45" VPOS="422" WIDTH="581" HEIGHT="38" BASELINE="45 447 626 447" TAGREFS="TYPE_1">
                        <Shape>
                            <Polygon POINTS="45 457 625 460 626 447 626 428 601 427 595 422 594 422 593 422 555 422 555 422 554 422 535 427 533 428 363 428 348 426 319 422 318 422 317 422 309 425 304 427 295 425 285 423 284 423 283 423 259 425 231 427 197 424 166 422 165 422 164 422 157 424 147 427 104 423 89 423 88 423 81 423 57 427 46 423 45 447 45 457"/>
                        </Shape>
                        <String CONTENT=""/>
                    </TextLine>

                    <TextLine ID="line_12" HPOS="43" VPOS="453" WIDTH="581" HEIGHT="40" BASELINE="44 480 624 478" TAGREFS="TYPE_1">
                        <Shape>
                            <Polygon POINTS="44 480 44 489 333 493 333 493 368 489 372 489 374 489 386 493 386 493 387 493 447 489 453 489 465 489 588 493 589 493 623 488 624 478 621 457 551 457 546 456 534 453 533 453 532 453 531 453 521 456 517 457 515 456 511 453 510 453 510 453 509 453 455 456 425 457 414 456 399 453 398 453 381 456 368 457 364 456 359 453 358 453 358 453 343 456 325 458 319 455 316 454 315 454 314 454 313 454 308 455 297 458 288 455 284 454 283 454 283 454 282 454 279 455 272 459 201 459 151 454 144 454 143 454 140 454 119 458 43 454 44 480"/>
                        </Shape>
                        <String CONTENT=""/>
                    </TextLine>

                    <TextLine ID="line_13" HPOS="42" VPOS="485" WIDTH="583" HEIGHT="41" BASELINE="43 512 625 510" TAGREFS="TYPE_1">
                        <Shape>
                            <Polygon POINTS="43 512 43 522 116 522 120 523 133 526 134 526 135 526 163 523 173 522 181 523 197 526 198 526 308 524 410 522 423 524 429 526 430 526 456 525 526 521 623 525 625 510 623 489 448 485 448 485 447 485 430 489 427 489 420 489 378 485 377 485 376 485 375 485 370 489 370 490 286 490 285 489 256 485 255 485 235 490 232 490 215 490 94 486 94 486 93 486 92 486 86 490 57 486 56 486 55 486 42 490 43 512"/>
                        </Shape>
                        <String CONTENT=""/>
                    </TextLine>

                    <TextLine ID="line_14" HPOS="43" VPOS="518" WIDTH="580" HEIGHT="39" BASELINE="43 545 623 545" TAGREFS="TYPE_1">
                        <Shape>
                            <Polygon POINTS="43 545 43 555 622 557 623 545 623 524 591 518 590 518 537 523 523 518 522 518 522 518 483 522 461 518 460 518 460 518 448 523 405 518 404 518 308 523 293 518 292 518 292 518 222 523 165 518 164 518 164 518 163 518 156 522 144 518 143 518 142 518 141 518 125 524 43 524 43 545"/>
                        </Shape>
                        <String CONTENT=""/>
                    </TextLine>

                    <TextLine ID="line_15" HPOS="45" VPOS="559" WIDTH="580" HEIGHT="33" BASELINE="45 577 625 575" TAGREFS="TYPE_1">
                        <Shape>
                            <Polygon POINTS="495 575 487 575 479 575 471 575 463 575 455 575 447 575 439 575 431 575 423 575 415 575 407 575 399 575 390 575 382 575 374 575 366 575 358 575 350 575 342 575 334 575 326 575 318 575 310 575 302 575 294 575 286 575 278 575 270 575 262 575 254 575 246 575 238 575 230 575 222 575 213 576 205 576 197 576 189 576 181 576 173 576 165 576 157 576 149 576 141 576 133 576 125 576 117 576 109 576 101 576 93 576 85 576 77 576 69 576 61 576 53 576 45 576 45 577 45 592 98 586 196 590 197 590 238 586 244 590 246 592 247 592 248 592 249 592 281 589 302 588 308 588 321 592 322 592 344 588 358 586 378 588 412 591 413 591 414 591 427 587 434 585 440 587 459 591 460 591 508 590 509 590 510 590 516 586 571 590 572 590 572 590 573 590 581 585 604 591 604 591 605 591 606 591 625 584 625 575 623 560 502 559 501 559 500 559 499 559 495 575"/>
                        </Shape>
                        <String CONTENT=""/>
                    </TextLine>

                    <TextLine ID="line_16" HPOS="41" VPOS="582" WIDTH="583" HEIGHT="37" BASELINE="42 610 624 608" TAGREFS="TYPE_1">
                        <Shape>
                            <Polygon POINTS="42 610 42 618 622 619 624 608 622 587 592 582 591 582 572 586 571 586 563 586 431 582 430 582 392 585 379 586 372 585 354 582 353 582 331 585 314 587 41 584 42 610"/>
                        </Shape>
                        <String CONTENT=""/>
                    </TextLine>

                    <TextLine ID="line_17" HPOS="41" VPOS="615" WIDTH="583" HEIGHT="38" BASELINE="41 641 624 641" TAGREFS="TYPE_1">
                        <Shape>
                            <Polygon POINTS="41 641 41 650 623 653 624 641 624 621 555 620 549 615 548 615 547 615 514 615 513 615 512 615 495 621 479 615 478 615 477 615 415 619 398 615 397 615 396 615 395 615 376 621 299 615 298 615 260 621 217 615 216 615 178 621 168 615 167 615 166 615 97 621 65 615 65 615 64 615 63 615 56 621 41 621 41 641"/>
                        </Shape>
                        <String CONTENT=""/>
                    </TextLine>

                    <TextLine ID="line_18" HPOS="41" VPOS="646" WIDTH="581" HEIGHT="40" BASELINE="41 674 622 674" TAGREFS="TYPE_1">
                        <Shape>
                            <Polygon POINTS="41 674 41 686 621 686 622 674 622 654 542 654 541 654 514 646 513 646 512 646 511 646 497 654 497 654 448 654 446 654 419 647 418 647 417 647 408 650 403 646 402 646 401 646 400 646 399 646 383 654 382 654 380 654 330 646 249 646 248 646 213 653 209 654 207 653 183 646 182 646 181 646 104 651 53 646 52 646 51 646 41 651 41 674"/>
                        </Shape>
                        <String CONTENT=""/>
                    </TextLine>

                    <TextLine ID="line_19" HPOS="41" VPOS="678" WIDTH="289" HEIGHT="40" BASELINE="41 707 330 706" TAGREFS="TYPE_1">
                        <Shape>
                            <Polygon POINTS="41 707 41 715 312 718 313 718 314 718 330 713 330 706 329 686 295 678 294 678 293 678 276 686 248 686 212 678 211 678 210 678 209 678 197 686 175 686 168 679 167 679 166 679 165 679 124 686 122 686 112 679 111 679 111 679 60 679 59 679 58 679 41 686 41 707"/>
                        </Shape>
                        <String CONTENT=""/>
                    </TextLine>
</TextBlock>
                <TextBlock ID="block_2" HPOS="39" VPOS="716" WIDTH="586" HEIGHT="260" TAGREFS="TYPE_24">
                    <Shape>
                        <Polygon POINTS="39.89198303222656 716.40966796875 625.1629638671875 716.40966796875 625.1629638671875 976.4595336914062 39.89198303222656 976.4595336914062 39.89198303222656 716.40966796875"/>
                    </Shape>
                    <TextLine ID="line_20" HPOS="74" VPOS="712" WIDTH="549" HEIGHT="40" BASELINE="74 737 623 740" TAGREFS="TYPE_1">
                        <Shape>
                            <Polygon POINTS="74 737 74 748 476 748 479 748 501 752 502 752 622 748 623 740 623 718 582 715 581 715 580 715 580 715 580 715 576 718 572 722 526 722 521 718 521 717 520 717 519 717 518 717 512 718 486 721 465 718 446 715 445 715 444 715 434 718 425 720 420 718 413 714 412 714 395 714 394 714 393 714 392 714 386 718 382 721 355 721 333 718 288 713 287 713 261 718 254 719 248 718 231 713 230 713 192 712 191 712 190 712 189 712 182 718 182 719 141 719 139 719 130 712 129 712 128 712 127 712 127 712 112 716 93 712 92 712 91 712 74 718 74 737"/>
                        </Shape>
                        <String CONTENT=""/>
                    </TextLine>

                    <TextLine ID="line_21" HPOS="41" VPOS="744" WIDTH="582" HEIGHT="43" BASELINE="41 771 623 774" TAGREFS="TYPE_1">
                        <Shape>
                            <Polygon POINTS="41 771 41 782 259 781 275 785 279 785 279 785 286 785 325 781 330 785 331 785 332 785 333 785 337 785 382 781 436 785 442 785 443 785 445 785 473 781 478 785 478 786 479 786 480 786 481 787 622 787 623 774 623 752 607 747 606 747 605 747 572 752 569 752 566 752 542 747 541 747 540 747 533 751 527 754 522 751 516 747 515 747 514 747 514 747 513 747 499 750 484 754 470 750 458 746 457 746 456 746 456 746 455 746 449 749 444 753 440 749 436 746 435 746 434 746 391 746 390 746 390 746 389 746 386 748 381 752 374 748 370 746 369 746 368 746 367 746 362 748 351 753 251 748 251 748 218 752 204 746 202 745 201 745 201 745 200 745 198 746 184 752 143 752 127 745 127 745 126 745 77 752 68 744 67 744 66 744 41 744 41 771"/>
                        </Shape>
                        <String CONTENT=""/>
                    </TextLine>

                    <TextLine ID="line_22" HPOS="39" VPOS="783" WIDTH="582" HEIGHT="36" BASELINE="40 803 621 806" TAGREFS="TYPE_1">
                        <Shape>
                            <Polygon POINTS="498 785 490 785 485 785 441 786 432 785 426 785 418 785 410 785 402 785 394 785 386 785 378 785 370 785 362 785 353 785 345 785 337 785 329 785 321 785 313 785 305 785 297 785 289 785 281 785 273 785 265 785 257 785 249 785 241 785 233 785 225 785 217 785 209 785 201 785 193 785 185 785 176 785 168 785 160 785 152 785 144 785 136 785 128 785 120 785 112 785 104 785 96 785 88 785 80 785 72 785 64 785 56 785 48 785 40 785 40 803 39 811 102 817 102 817 127 812 127 812 129 812 176 816 176 816 177 816 178 816 181 813 186 817 187 817 188 817 189 817 213 812 216 812 218 812 245 817 246 817 246 817 259 813 367 813 375 818 376 818 377 818 427 818 428 819 470 819 470 818 471 818 472 818 477 814 483 818 484 818 485 818 485 818 560 814 604 818 604 818 605 818 620 813 621 806 619 783 498 785 498 785"/>
                        </Shape>
                        <String CONTENT=""/>
                    </TextLine>

                    <TextLine ID="line_23" HPOS="41" VPOS="810" WIDTH="581" HEIGHT="42" BASELINE="41 835 622 838" TAGREFS="TYPE_1">
                        <Shape>
                            <Polygon POINTS="41 835 41 843 163 844 165 846 172 851 173 851 174 851 175 851 218 847 234 845 247 847 273 851 274 852 341 852 341 851 342 851 349 848 357 846 365 849 372 851 373 851 439 852 440 852 454 850 475 847 483 851 486 852 487 852 488 852 514 851 577 847 621 852 622 838 622 819 598 813 597 813 596 813 576 817 569 811 568 811 567 811 567 811 510 818 507 818 506 818 478 812 477 812 450 816 434 811 433 811 432 811 432 811 431 811 422 818 402 818 370 810 329 810 328 810 327 810 315 816 307 810 306 810 305 810 234 810 234 810 233 810 213 817 213 818 90 818 90 817 78 811 77 811 76 811 41 816 41 835"/>
                        </Shape>
                        <String CONTENT=""/>
                    </TextLine>

                    <TextLine ID="line_24" HPOS="43" VPOS="843" WIDTH="580" HEIGHT="43" BASELINE="44 868 623 870" TAGREFS="TYPE_1">
                        <Shape>
                            <Polygon POINTS="44 868 43 877 83 884 84 884 85 884 97 879 165 879 168 879 180 884 181 884 181 884 182 884 201 879 201 879 222 879 223 879 230 884 230 884 231 884 232 884 302 880 343 885 344 885 428 880 444 880 448 880 472 885 473 885 473 885 485 880 488 880 499 880 537 885 538 886 567 886 567 885 568 885 576 881 580 880 588 881 604 884 604 884 622 881 623 870 622 848 572 844 571 844 570 844 562 847 556 849 547 847 533 844 532 844 506 847 482 849 469 847 459 844 458 844 457 844 456 844 455 846 451 850 333 850 300 845 293 844 292 844 285 844 245 848 209 844 203 843 202 843 201 843 200 843 188 849 132 849 110 843 109 843 108 843 107 843 102 849 81 849 74 843 73 843 72 843 44 843 44 868"/>
                        </Shape>
                        <String CONTENT=""/>
                    </TextLine>

                    <TextLine ID="line_25" HPOS="37" VPOS="874" WIDTH="586" HEIGHT="42" BASELINE="38 900 623 903" TAGREFS="TYPE_1">
                        <Shape>
                            <Polygon POINTS="37 909 60 914 61 914 94 910 199 915 200 915 221 911 279 911 312 911 320 915 321 915 322 915 323 915 331 911 345 916 345 916 346 916 622 913 623 903 623 883 574 877 573 877 572 877 572 877 567 881 566 883 526 883 522 881 511 877 510 877 510 877 489 880 477 882 473 880 464 876 463 876 462 876 461 876 452 880 447 881 440 880 427 876 426 876 425 876 424 876 415 880 407 881 261 881 255 877 255 876 254 876 253 876 252 876 251 876 249 877 234 880 230 876 229 876 228 876 227 876 175 875 174 875 152 876 56 880 39 874 38 900 37 909"/>
                        </Shape>
                        <String CONTENT=""/>
                    </TextLine>

                    <TextLine ID="line_26" HPOS="41" VPOS="908" WIDTH="581" HEIGHT="43" BASELINE="41 934 622 934" TAGREFS="TYPE_1">
                        <Shape>
                            <Polygon POINTS="41 934 41 946 50 950 51 950 52 950 154 946 167 951 168 951 168 951 230 946 283 951 284 951 285 951 303 946 341 951 341 951 427 947 477 951 477 951 538 947 557 951 558 951 559 951 576 946 601 951 602 951 603 951 622 946 622 934 621 914 464 914 460 913 451 908 450 908 449 908 448 908 438 913 433 915 358 915 351 912 342 908 341 908 341 908 312 911 288 914 275 911 262 908 261 908 260 908 234 910 200 914 181 910 169 908 168 908 156 910 137 913 131 909 128 908 127 908 127 908 126 908 41 909 41 934"/>
                        </Shape>
                        <String CONTENT=""/>
                    </TextLine>

                    <TextLine ID="line_27" HPOS="39" VPOS="942" WIDTH="306" HEIGHT="37" BASELINE="40 966 345 966" TAGREFS="TYPE_1">
                        <Shape>
                            <Polygon POINTS="40 966 40 975 251 979 251 979 283 975 284 975 315 979 316 979 344 974 345 966 344 946 326 942 325 942 325 942 288 946 286 946 39 945 40 966"/>
                        </Shape>
                        <String CONTENT=""/>
                    </TextLine>
</TextBlock>
                <TextBlock ID="block_3" HPOS="34" VPOS="976" WIDTH="589" HEIGHT="235" TAGREFS="TYPE_24">
                    <Shape>
                        <Polygon POINTS="34.76356887817383 976.7462158203125 623.63916015625 976.7462158203125 623.63916015625 1211.2152099609375 34.76356887817383 1211.2152099609375 34.76356887817383 976.7462158203125"/>
                    </Shape>
                    <TextLine ID="line_28" HPOS="67" VPOS="970" WIDTH="553" HEIGHT="43" BASELINE="67 998 620 999" TAGREFS="TYPE_1">
                        <Shape>
                            <Polygon POINTS="67 998 67 1011 320 1008 371 1010 479 1013 480 1013 481 1013 489 1009 489 1009 543 1009 543 1009 558 1013 559 1013 559 1013 590 1009 603 1013 604 1013 604 1013 605 1013 619 1008 620 999 620 978 600 971 599 971 541 971 540 971 539 971 539 971 531 977 518 972 518 972 517 972 516 972 502 977 501 977 493 971 493 971 492 971 491 971 490 971 478 977 477 977 473 977 436 971 436 971 435 971 423 976 420 977 407 976 333 970 333 970 332 970 331 970 323 975 322 976 317 975 283 970 282 970 281 970 272 974 263 970 263 970 262 970 238 975 237 975 236 975 230 972 229 972 228 972 227 972 226 972 223 975 221 977 201 977 199 975 195 971 194 971 193 971 193 971 175 974 168 976 165 974 156 970 156 970 155 970 154 970 139 974 133 977 102 977 98 974 90 970 89 970 88 970 67 974 67 998"/>
                        </Shape>
                        <String CONTENT=""/>
                    </TextLine>

                    <TextLine ID="line_29" HPOS="37" VPOS="1004" WIDTH="582" HEIGHT="40" BASELINE="37 1033 619 1032" TAGREFS="TYPE_1">
                        <Shape>
                            <Polygon POINTS="37 1033 37 1044 617 1044 619 1032 617 1009 519 1009 518 1008 509 1004 508 1004 507 1004 506 1004 493 1008 490 1009 478 1008 430 1005 429 1005 372 1008 355 1009 353 1008 349 1004 348 1004 347 1004 346 1004 324 1008 314 1010 311 1008 304 1005 304 1005 251 1005 251 1005 250 1005 249 1005 246 1008 242 1010 233 1008 214 1005 213 1005 196 1008 189 1009 184 1008 172 1005 171 1005 170 1005 37 1007 37 1033"/>
                        </Shape>
                        <String CONTENT=""/>
                    </TextLine>

                    <TextLine ID="line_30" HPOS="37" VPOS="1039" WIDTH="583" HEIGHT="38" BASELINE="37 1063 620 1063" TAGREFS="TYPE_1">
                        <Shape>
                            <Polygon POINTS="37 1063 37 1077 620 1077 620 1063 620 1044 592 1040 592 1040 567 1044 452 1039 452 1039 451 1039 440 1044 388 1044 380 1039 379 1039 378 1039 378 1039 289 1043 283 1039 283 1039 282 1039 244 1039 243 1039 242 1039 233 1044 214 1040 213 1040 213 1040 197 1044 189 1039 189 1039 188 1039 124 1039 123 1039 123 1039 109 1044 88 1040 87 1040 37 1044 37 1063"/>
                        </Shape>
                        <String CONTENT=""/>
                    </TextLine>

                    <TextLine ID="line_31" HPOS="36" VPOS="1070" WIDTH="583" HEIGHT="38" BASELINE="36 1096 619 1098" TAGREFS="TYPE_1">
                        <Shape>
                            <Polygon POINTS="36 1096 36 1108 618 1107 619 1098 618 1079 584 1072 583 1072 582 1072 581 1072 574 1077 505 1073 504 1073 481 1077 473 1071 472 1071 471 1071 470 1071 437 1078 370 1078 356 1071 355 1071 315 1070 314 1070 313 1070 289 1077 278 1072 277 1072 276 1072 275 1072 275 1072 271 1075 229 1070 228 1070 190 1077 160 1070 159 1070 158 1070 141 1077 128 1072 127 1072 127 1072 126 1072 118 1076 103 1070 102 1070 55 1070 54 1070 53 1070 36 1077 36 1096"/>
                        </Shape>
                        <String CONTENT=""/>
                    </TextLine>

                    <TextLine ID="line_32" HPOS="33" VPOS="1101" WIDTH="580" HEIGHT="43" BASELINE="34 1128 613 1131" TAGREFS="TYPE_1">
                        <Shape>
                            <Polygon POINTS="34 1128 33 1136 47 1142 48 1142 49 1142 135 1139 181 1143 181 1143 224 1139 273 1143 274 1143 275 1143 291 1139 343 1143 344 1143 367 1139 378 1143 379 1143 380 1143 381 1143 396 1139 397 1139 468 1139 473 1139 508 1143 509 1143 569 1139 576 1139 576 1139 589 1144 590 1144 591 1144 612 1139 613 1131 612 1111 575 1106 574 1106 556 1108 551 1103 550 1103 549 1103 548 1103 547 1103 547 1103 535 1110 516 1110 510 1105 510 1104 509 1104 508 1104 507 1104 476 1110 475 1110 469 1110 432 1110 417 1102 416 1102 415 1102 415 1102 393 1108 370 1103 370 1103 369 1103 368 1103 358 1109 358 1110 321 1110 320 1109 297 1102 296 1102 296 1102 246 1106 209 1102 209 1102 185 1107 177 1102 177 1101 176 1101 176 1101 175 1101 143 1106 136 1101 135 1101 135 1101 134 1101 95 1102 94 1102 86 1106 52 1102 51 1102 50 1102 34 1106 34 1128"/>
                        </Shape>
                        <String CONTENT=""/>
                    </TextLine>

                    <TextLine ID="line_33" HPOS="35" VPOS="1136" WIDTH="579" HEIGHT="39" BASELINE="35 1162 614 1162" TAGREFS="TYPE_1">
                        <Shape>
                            <Polygon POINTS="35 1162 35 1171 613 1175 614 1162 614 1142 596 1137 595 1137 594 1137 593 1137 584 1142 573 1136 572 1136 572 1136 571 1136 557 1142 556 1142 551 1142 490 1136 489 1136 468 1141 463 1142 461 1141 456 1137 456 1136 456 1136 455 1136 432 1136 432 1136 431 1136 430 1136 425 1140 423 1143 383 1143 368 1139 346 1136 345 1136 345 1136 344 1136 339 1139 336 1141 329 1139 321 1137 320 1137 320 1137 319 1137 312 1139 303 1142 294 1139 287 1136 286 1136 285 1136 284 1136 283 1136 281 1139 276 1143 249 1143 230 1138 219 1136 218 1136 218 1136 217 1136 214 1138 208 1142 189 1138 182 1136 181 1136 165 1137 112 1142 98 1136 97 1136 96 1136 35 1136 35 1162"/>
                        </Shape>
                        <String CONTENT=""/>
                    </TextLine>

                    <TextLine ID="line_34" HPOS="32" VPOS="1168" WIDTH="581" HEIGHT="49" BASELINE="33 1193 613 1195" TAGREFS="TYPE_1">
                        <Shape>
                            <Polygon POINTS="33 1193 32 1211 58 1216 59 1216 60 1216 61 1216 66 1212 70 1209 134 1209 141 1213 144 1213 144 1213 145 1213 146 1213 148 1213 155 1209 160 1213 165 1215 166 1215 167 1215 168 1215 174 1213 183 1209 209 1213 218 1214 219 1214 226 1213 250 1209 270 1213 277 1215 278 1215 279 1215 283 1213 295 1209 316 1214 321 1215 322 1215 329 1214 347 1212 350 1214 352 1216 353 1216 353 1216 354 1217 404 1217 404 1216 405 1216 406 1216 407 1215 411 1211 443 1215 454 1217 455 1217 456 1217 460 1216 480 1210 499 1216 502 1217 502 1217 503 1217 511 1216 543 1213 551 1217 552 1217 553 1217 554 1217 613 1217 613 1195 613 1176 489 1169 489 1169 488 1169 487 1169 481 1174 477 1176 445 1176 440 1173 433 1170 432 1170 432 1170 431 1170 430 1170 426 1173 423 1176 324 1176 298 1172 280 1168 279 1168 252 1171 204 1175 197 1170 196 1168 195 1168 194 1168 193 1168 193 1168 188 1169 178 1172 172 1169 170 1168 169 1168 119 1168 118 1168 117 1168 116 1168 106 1175 97 1168 96 1168 95 1168 94 1168 94 1168 70 1172 33 1168 33 1193"/>
                        </Shape>
                        <String CONTENT=""/>
                    </TextLine>
</TextBlock>
            </PrintSpace>
        </Page>
    </Layout>
</alto>