<?xml version="1.0" encoding="UTF-8"?>
<alto xmlns:xsi="http://www.w3.org/2001/XMLSchema-instance"
      xmlns="http://www.loc.gov/standards/alto/ns-v4#"
      xsi:schemaLocation="http://www.loc.gov/standards/alto/ns-v4# http://www.loc.gov/standards/alto/v4/alto-4-2.xsd">
  <Description>
    <MeasurementUnit>pixel</MeasurementUnit>
    <sourceImageInformation>
      <fileName>bsb00027764_00156.jpg</fileName>
    </sourceImageInformation>
  </Description>
  <Tags>
    <OtherTag ID="BT7" LABEL="CustomZone" DESCRIPTION="block type CustomZone"/><OtherTag ID="BT8" LABEL="DamageZone" DESCRIPTION="block type DamageZone"/><OtherTag ID="BT9" LABEL="DigitizationArtefactZone" DESCRIPTION="block type DigitizationArtefactZone"/><OtherTag ID="BT10" LABEL="DropCapitalZone" DESCRIPTION="block type DropCapitalZone"/><OtherTag ID="BT11" LABEL="GraphicZone" DESCRIPTION="block type GraphicZone"/><OtherTag ID="BT12" LABEL="MainZone" DESCRIPTION="block type MainZone"/><OtherTag ID="BT13" LABEL="MarginTextZone" DESCRIPTION="block type MarginTextZone"/><OtherTag ID="BT14" LABEL="MusicZone" DESCRIPTION="block type MusicZone"/><OtherTag ID="BT15" LABEL="NumberingZone" DESCRIPTION="block type NumberingZone"/><OtherTag ID="BT17" LABEL="QuireMarksZone" DESCRIPTION="block type QuireMarksZone"/><OtherTag ID="BT18" LABEL="RunningTitleZone" DESCRIPTION="block type RunningTitleZone"/><OtherTag ID="BT19" LABEL="SealZone" DESCRIPTION="block type SealZone"/><OtherTag ID="BT20" LABEL="StampZone" DESCRIPTION="block type StampZone"/><OtherTag ID="BT21" LABEL="TableZone" DESCRIPTION="block type TableZone"/><OtherTag ID="BT22" LABEL="TitlePageZone" DESCRIPTION="block type TitlePageZone"/><OtherTag ID="BT3014" LABEL="MainZone-P-Continued" DESCRIPTION="block type MainZone-P-Continued"/><OtherTag ID="BT3015" LABEL="MainZone-Sp-Continued" DESCRIPTION="block type MainZone-Sp-Continued"/><OtherTag ID="BT3016" LABEL="MainZone-Sp" DESCRIPTION="block type MainZone-Sp"/><OtherTag ID="BT3017" LABEL="MainZone-P" DESCRIPTION="block type MainZone-P"/><OtherTag ID="BT3018" LABEL="MarginTextZone-ManuscriptAddendum" DESCRIPTION="block type MarginTextZone-ManuscriptAddendum"/><OtherTag ID="BT3019" LABEL="MarginTextZone-Notes" DESCRIPTION="block type MarginTextZone-Notes"/><OtherTag ID="BT3020" LABEL="MainZone-Head" DESCRIPTION="block type MainZone-Head"/><OtherTag ID="BT3021" LABEL="text" DESCRIPTION="block type text"/>
    <OtherTag ID="LT7" LABEL="CustomLine" DESCRIPTION="line type CustomLine"/><OtherTag ID="LT8" LABEL="DefaultLine" DESCRIPTION="line type DefaultLine"/><OtherTag ID="LT9" LABEL="DropCapitalLine" DESCRIPTION="line type DropCapitalLine"/><OtherTag ID="LT10" LABEL="HeadingLine" DESCRIPTION="line type HeadingLine"/><OtherTag ID="LT11" LABEL="InterlinearLine" DESCRIPTION="line type InterlinearLine"/><OtherTag ID="LT12" LABEL="MusicLine" DESCRIPTION="line type MusicLine"/><OtherTag ID="LT952" LABEL="default" DESCRIPTION="line type default"/>
  </Tags>
  <Layout>
    <Page WIDTH="1200"
          HEIGHT="1893"
          PHYSICAL_IMG_NR="1"
          ID="eSc_dummypage_">
      <PrintSpace HPOS="0"
                  VPOS="0"
                  WIDTH="1200"
                  HEIGHT="1893">
        <TextBlock HPOS="389.0"
                   VPOS="148.0"
                   WIDTH="721.0"
                   HEIGHT="77.0"
                   ID="block_1"
                   TAGREFS="BT18">
          <Shape><Polygon POINTS="1110 148 1110 225 1016 225 1016 205 965 205 965 197 389 197 389 148"/></Shape>
          <TextLine ID="line_0"
                    TAGREFS="LT10"
                    BASELINE="390 188 859 181 1095 211" 
                    HPOS="388.0"
                    VPOS="148.0"
                    WIDTH="706.0"
                    HEIGHT="66.0">
            <Shape><Polygon POINTS="972 148 405 148 388 198 401 206 502 206 669 192 743 209 764 194 911 194 1005 214 1092 214 1094 156 982 156 972 148"/></Shape>
            <String CONTENT="ANNOT. IOANNIS POMERANI"
                    HPOS="388.0"
                    VPOS="148.0"
                    WIDTH="706.0"
                    HEIGHT="66.0"
                    ></String>
          </TextLine>
        </TextBlock>
        <TextBlock HPOS="343.0"
                   VPOS="210.0"
                   WIDTH="805.0"
                   HEIGHT="98.0"
                   ID="eSc_textblock_2a486897"
                   TAGREFS="BT3014">
          <Shape><Polygon POINTS="1140 214 1148 308 343 308 347 210"/></Shape>
          <TextLine ID="line_1"
                    TAGREFS="LT8"
                    BASELINE="351 247 860 240 972 247 1130 285" 
                    HPOS="348.0"
                    VPOS="211.0"
                    WIDTH="780.0"
                    HEIGHT="74.0">
            <Shape><Polygon POINTS="1012 212 986 212 980 216 975 212 843 212 832 216 827 212 789 212 780 216 770 212 729 211 350 211 348 268 461 260 492 277 530 279 571 253 637 269 724 253 854 253 874 265 900 257 912 268 920 268 933 258 997 285 1026 277 1125 285 1128 283 1128 220 1021 220 1012 212"/></Shape>
            <String CONTENT="præterea, quæ de doctrina Chriſtiana interſerit:ut ſu¬"
                    HPOS="348.0"
                    VPOS="211.0"
                    WIDTH="780.0"
                    HEIGHT="74.0"
                    ></String>
          </TextLine>
          <TextLine ID="line_2"
                    TAGREFS="LT8"
                    BASELINE="354 300 614 297" 
                    HPOS="353.0"
                    VPOS="257.0"
                    WIDTH="261.0"
                    HEIGHT="60.0">
            <Shape><Polygon POINTS="354 300 354 316 385 312 428 316 438 317 439 317 445 316 473 310 491 315 493 316 494 316 495 316 556 315 557 315 558 315 559 314 568 309 613 313 614 297 612 270 581 270 570 258 570 257 568 257 567 257 544 257 543 257 542 257 541 257 541 258 532 267 506 263 505 263 504 263 490 269 473 258 472 258 471 258 439 258 438 258 437 258 407 270 402 271 396 270 365 263 364 263 363 263 353 268 354 300"/></Shape>
            <String CONTENT="pra dictum eſt."
                    HPOS="353.0"
                    VPOS="257.0"
                    WIDTH="261.0"
                    HEIGHT="60.0"
                    WC="0.9929281592369079"></String>
          </TextLine>
        </TextBlock>
        <TextBlock HPOS="423.0"
                   VPOS="310.0"
                   WIDTH="639.0"
                   HEIGHT="54.0"
                   ID="eSc_textblock_d5493e1d"
                   TAGREFS="BT3020">
          <Shape><Polygon POINTS="1051 364 1062 310 423 316 423 362"/></Shape>
          <TextLine ID="line_4"
                    TAGREFS="LT8"
                    BASELINE="442 351 751 340 891 340 1045 353" 
                    HPOS="438.0"
                    VPOS="310.0"
                    WIDTH="604.0"
                    HEIGHT="55.0">
            <Shape><Polygon POINTS="1038 310 438 315 440 365 502 358 565 365 593 353 625 362 652 353 742 359 750 351 821 351 830 359 898 350 955 361 1042 359 1038 310"/></Shape>
            <String CONTENT="LOCI INSIGNIORES SVNT."
                    HPOS="438.0"
                    VPOS="310.0"
                    WIDTH="604.0"
                    HEIGHT="55.0"
                    ></String>
          </TextLine>
        </TextBlock>
        <TextBlock HPOS="326.0"
                   VPOS="365.0"
                   WIDTH="822.0"
                   HEIGHT="1184.0"
                   ID="block_0"
                   TAGREFS="BT3017">
          <Shape><Polygon POINTS="1148 365 1148 1549 326 1521 341 369"/></Shape>
          <TextLine ID="line_5"
                    TAGREFS="LT8"
                    BASELINE="379 402 696 390 865 390 1125 429" 
                    HPOS="377.0"
                    VPOS="365.0"
                    WIDTH="747.0"
                    HEIGHT="70.0">
            <Shape><Polygon POINTS="1024 365 378 367 377 411 552 418 562 408 595 416 623 402 827 403 841 416 852 406 888 414 960 410 1013 430 1034 424 1056 435 1122 435 1124 381 1042 377 1029 365 1024 365"/></Shape>
            <String CONTENT="Primus, quæ ſit doctrina Chriſtiana, &amp; quæ pro¬"
                    HPOS="377.0"
                    VPOS="365.0"
                    WIDTH="747.0"
                    HEIGHT="70.0"
                    ></String>
          </TextLine>
          <TextLine ID="line_7"
                    TAGREFS="LT8"
                    BASELINE="353 453 620 440 856 439 998 450 1128 473" 
                    HPOS="353.0"
                    VPOS="401.0"
                    WIDTH="775.0"
                    HEIGHT="72.0">
            <Shape><Polygon POINTS="353 453 353 466 398 462 418 467 419 467 420 467 421 467 424 467 455 460 465 466 466 466 468 466 469 466 470 466 510 455 533 462 534 462 535 462 606 452 634 457 635 457 636 457 654 451 729 451 750 460 751 460 753 460 754 460 781 452 841 458 842 458 887 452 919 463 920 463 921 463 922 463 940 454 948 461 949 461 950 461 951 462 1020 462 1031 471 1032 471 1033 471 1034 472 1110 472 1128 473 1128 424 1020 424 1019 423 1003 412 1002 412 1001 412 1000 412 975 417 945 402 944 402 943 402 861 414 829 402 828 402 760 401 759 401 758 401 747 406 692 401 690 401 689 401 665 412 634 401 633 401 632 401 631 401 629 401 614 412 595 409 594 409 544 418 485 406 484 406 483 406 482 406 466 417 434 420 431 420 428 420 402 418 388 408 387 408 385 408 384 408 383 408 353 418 353 453"/></Shape>
            <String CONTENT="phana, locus maxime neceſſarius, ne fiducia operum"
                    HPOS="353.0"
                    VPOS="401.0"
                    WIDTH="775.0"
                    HEIGHT="72.0"
                    ></String>
          </TextLine>
          <TextLine ID="line_8"
                    TAGREFS="LT8"
                    BASELINE="352 503 720 487 895 491 1132 526" 
                    HPOS="348.0"
                    VPOS="446.0"
                    WIDTH="782.0"
                    HEIGHT="82.0">
            <Shape><Polygon POINTS="350 501 348 511 478 511 500 518 579 503 628 511 633 511 644 503 743 503 783 514 789 514 808 503 884 503 955 517 1013 512 1037 528 1128 528 1130 473 1075 473 1064 462 1057 462 1045 468 1026 455 1020 455 996 466 953 452 922 462 887 462 871 449 798 455 704 446 661 446 642 459 521 448 459 462 350 462 350 501"/></Shape>
            <String CONTENT="legis, iuſtificatorem deum negemus, aut inani diſputa¬"
                    HPOS="348.0"
                    VPOS="446.0"
                    WIDTH="782.0"
                    HEIGHT="82.0"
                    ></String>
          </TextLine>
          <TextLine ID="line_10"
                    TAGREFS="LT8"
                    BASELINE="350 552 606 539 845 539 983 547 1124 571" 
                    HPOS="350.0"
                    VPOS="501.0"
                    WIDTH="774.0"
                    HEIGHT="70.0">
            <Shape><Polygon POINTS="350 552 350 562 430 561 435 563 439 566 440 566 441 566 442 566 462 564 513 557 527 564 532 566 533 566 534 566 535 566 536 566 538 564 561 550 611 556 612 556 613 556 633 551 773 556 774 556 842 552 889 553 920 563 921 563 922 563 923 563 933 559 952 570 953 570 954 570 1012 571 1013 571 1014 571 1015 571 1015 570 1024 564 1034 570 1035 570 1115 571 1124 571 1124 521 1038 521 1027 512 1026 512 1025 512 1024 512 988 520 951 512 950 512 949 512 939 516 910 504 909 504 908 504 837 509 829 503 828 503 827 503 775 503 774 503 773 503 751 514 699 503 698 503 697 503 677 512 657 502 656 502 655 502 614 512 585 505 584 505 583 505 582 505 574 512 559 501 558 501 557 501 556 501 470 516 350 516 350 552"/></Shape>
            <String CONTENT="tione &amp; pugna uerborum, &amp; inutilibus quæſtionibus."
                    HPOS="350.0"
                    VPOS="501.0"
                    WIDTH="774.0"
                    HEIGHT="70.0"
                    ></String>
          </TextLine>
          <TextLine ID="line_11"
                    TAGREFS="LT8"
                    BASELINE="353 600 489 592 684 587 888 588 1134 627" 
                    HPOS="350.0"
                    VPOS="544.0"
                    WIDTH="785.0"
                    HEIGHT="96.0">
            <Shape><Polygon POINTS="1068 561 1031 572 947 555 858 558 784 547 720 556 707 544 701 544 682 553 618 547 576 555 557 545 551 545 538 555 516 547 385 548 353 550 350 604 535 613 573 601 623 610 641 599 723 607 743 599 756 607 873 605 895 616 955 610 971 621 978 621 993 612 1029 616 1053 637 1094 640 1103 631 1130 640 1135 583 1068 561"/></Shape>
            <String CONTENT="fidẽ ſimul lædamus et charitatem, cap.1.4.&amp; 6. Se¬"
                    HPOS="350.0"
                    VPOS="544.0"
                    WIDTH="785.0"
                    HEIGHT="96.0"
                    ></String>
          </TextLine>
          <TextLine ID="line_14"
                    TAGREFS="LT8"
                    BASELINE="348 649 567 640 857 639 954 645 1121 665" 
                    HPOS="347.0"
                    VPOS="596.0"
                    WIDTH="774.0"
                    HEIGHT="72.0">
            <Shape><Polygon POINTS="348 649 347 658 387 662 388 662 404 659 438 653 475 660 491 663 492 663 493 663 499 660 522 650 557 656 558 656 618 652 642 659 643 659 644 659 645 659 664 650 750 650 765 659 766 659 767 659 768 659 783 655 802 660 803 660 804 660 805 660 825 653 887 653 903 663 904 663 905 663 906 663 907 663 908 663 924 654 985 667 988 667 1119 668 1121 665 1121 624 1052 623 1032 609 1031 609 1030 609 1029 609 1028 609 1027 609 1006 622 992 622 949 599 948 599 917 599 916 599 914 599 893 611 870 598 869 598 780 597 779 597 778 597 727 611 718 604 717 604 716 604 715 604 676 606 656 596 655 596 654 596 612 599 611 599 595 607 570 598 568 598 567 598 482 613 463 606 462 606 461 606 460 606 444 614 433 603 432 603 431 603 430 603 429 603 428 603 408 617 348 617 348 649"/></Shape>
            <String CONTENT="cundus, quod lex iuſto non eſt poſita, ſed iniuſtis, cap."
                    HPOS="347.0"
                    VPOS="596.0"
                    WIDTH="774.0"
                    HEIGHT="72.0"
                    ></String>
          </TextLine>
          <TextLine ID="line_15"
                    TAGREFS="LT8"
                    BASELINE="351 696 856 689 951 695 1129 719" 
                    HPOS="350.0"
                    VPOS="647.0"
                    WIDTH="779.0"
                    HEIGHT="72.0">
            <Shape><Polygon POINTS="351 696 350 704 436 713 437 713 438 713 439 713 448 706 453 702 475 701 505 706 506 706 507 706 520 700 545 705 546 705 609 702 619 708 621 710 622 710 623 710 624 710 625 710 626 710 628 709 640 702 656 709 661 711 662 711 663 711 664 711 665 711 667 709 681 701 715 701 735 710 737 711 738 711 739 711 747 710 814 702 842 711 843 711 844 711 845 711 871 702 910 702 972 715 982 716 983 716 984 716 985 716 986 715 995 709 1004 715 1005 716 1006 716 1007 716 1008 717 1097 717 1129 719 1129 674 990 674 952 657 951 657 950 657 917 662 877 648 876 648 875 648 873 648 858 654 845 648 844 648 843 648 791 652 790 652 776 659 755 647 754 647 753 647 716 653 708 647 707 647 706 647 656 647 655 647 654 647 623 657 601 648 600 648 599 648 598 648 597 648 582 659 552 647 551 647 550 647 548 647 515 657 497 652 496 652 495 652 494 652 451 664 396 654 395 654 394 654 351 667 351 696"/></Shape>
            <String CONTENT="I.id quod ad Gal.5. ſic legis: Si ſpiritu ducimini, non"
                    HPOS="350.0"
                    VPOS="647.0"
                    WIDTH="779.0"
                    HEIGHT="72.0"
                    ></String>
          </TextLine>
          <TextLine ID="line_16"
                    TAGREFS="LT8"
                    BASELINE="344 744 861 739 1074 758 1127 770" 
                    HPOS="343.0"
                    VPOS="700.0"
                    WIDTH="784.0"
                    HEIGHT="70.0">
            <Shape><Polygon POINTS="344 744 343 759 373 765 374 765 375 765 376 765 383 760 395 752 414 760 426 765 428 765 429 765 430 765 431 765 436 761 449 751 478 751 515 762 524 764 525 764 526 764 527 764 529 764 532 762 542 755 611 750 632 762 633 762 659 763 660 763 661 763 681 752 709 763 710 763 712 763 713 763 736 751 884 751 901 765 902 765 903 765 904 765 905 765 906 765 921 754 931 762 932 762 933 762 934 762 936 762 952 757 961 764 961 765 962 765 963 765 964 765 982 763 989 768 990 769 991 769 992 769 993 770 1117 770 1127 770 1127 719 945 718 875 703 873 703 838 710 827 704 826 704 825 704 824 704 779 708 754 702 753 702 751 702 750 702 739 708 730 702 729 702 728 702 618 701 617 701 616 701 585 711 570 707 568 707 567 707 540 714 532 715 526 713 496 702 495 702 444 700 443 700 442 700 441 700 425 711 423 714 417 711 389 703 388 703 387 703 344 710 344 744"/></Shape>
            <String CONTENT="eſtis ſub lege: manifeſta ſunt autem opera, &amp;c. Terti"
                    HPOS="343.0"
                    VPOS="700.0"
                    WIDTH="784.0"
                    HEIGHT="70.0"
                    ></String>
          </TextLine>
          <TextLine ID="line_17"
                    TAGREFS="LT8"
                    BASELINE="344 791 839 789 1134 815" 
                    HPOS="343.0"
                    VPOS="748.0"
                    WIDTH="791.0"
                    HEIGHT="73.0">
            <Shape><Polygon POINTS="344 791 343 798 355 806 356 806 357 806 358 806 464 800 480 800 490 801 538 810 539 810 540 810 565 803 579 800 590 804 596 807 597 807 598 807 611 805 638 799 651 805 652 805 653 805 694 800 703 807 704 807 705 807 706 807 707 807 735 801 862 802 880 809 881 809 882 809 905 807 916 815 917 815 918 815 919 815 921 815 949 808 965 816 970 819 971 819 972 819 984 817 1003 812 1020 818 1026 820 1027 820 1132 821 1134 815 1133 777 1015 775 1015 774 977 758 975 758 974 758 934 765 812 755 811 755 643 764 622 751 621 751 620 751 619 751 565 760 552 750 551 750 550 750 548 750 547 750 526 758 482 756 473 748 472 748 471 748 470 748 469 748 437 763 344 762 344 791"/></Shape>
            <String CONTENT="us, quod blaſpemia &amp; contumelia &amp; perſecutio con¬"
                    HPOS="343.0"
                    VPOS="748.0"
                    WIDTH="791.0"
                    HEIGHT="73.0"
                    WC="0.9897003185992338"></String>
          </TextLine>
          <TextLine ID="line_18"
                    TAGREFS="LT8"
                    BASELINE="342 841 886 840 1128 869" 
                    HPOS="341.0"
                    VPOS="799.0"
                    WIDTH="787.0"
                    HEIGHT="74.0">
            <Shape><Polygon POINTS="363 830 357 809 342 809 342 841 341 851 360 859 361 859 362 859 363 859 364 859 373 852 376 851 400 853 429 856 430 856 437 855 458 850 479 856 506 863 507 863 509 863 510 863 523 857 538 849 574 847 581 852 582 852 583 852 584 852 614 848 642 860 643 860 644 860 645 860 646 860 657 852 694 858 695 858 696 858 721 848 753 855 754 855 864 851 889 858 890 858 891 858 892 858 912 852 921 859 922 859 923 859 924 859 925 859 940 855 958 862 959 862 960 863 993 863 1009 870 1013 872 1014 872 1126 873 1128 869 1128 823 1073 823 1046 811 1045 811 1044 811 1043 811 1014 821 981 810 980 810 979 810 978 810 960 819 936 806 934 806 933 806 868 816 837 804 836 804 835 804 805 810 771 804 770 804 769 804 768 804 758 811 733 802 731 802 730 802 696 806 677 801 676 801 645 801 644 801 643 801 642 801 629 809 615 800 614 800 613 800 562 799 561 799 534 801 533 801 532 801 516 810 434 810 424 803 423 803 422 803 421 803 420 803 400 809 369 809 363 830"/></Shape>
            <String CONTENT="tra Euangeliũ Chriſti, nõ noceant auctoribus ſuis, qui"
                    HPOS="341.0"
                    VPOS="799.0"
                    WIDTH="787.0"
                    HEIGHT="74.0"
                    WC="0.9917488289730889"></String>
          </TextLine>
          <TextLine ID="line_19"
                    TAGREFS="LT8"
                    BASELINE="342 890 863 889 923 892 1126 918" 
                    HPOS="341.0"
                    VPOS="848.0"
                    WIDTH="785.0"
                    HEIGHT="72.0">
            <Shape><Polygon POINTS="363 878 359 863 342 863 342 890 341 896 392 907 393 907 394 907 422 899 425 898 430 899 450 905 451 905 452 905 477 901 502 910 503 910 504 910 505 910 537 902 555 898 602 899 611 904 618 909 619 909 620 909 621 909 622 909 623 909 629 905 641 899 698 899 715 907 722 911 723 911 724 911 725 911 726 911 730 908 743 901 788 902 799 910 800 910 801 910 802 910 803 910 804 910 818 902 834 909 835 909 836 909 887 903 904 913 905 914 906 914 907 914 931 917 932 917 933 917 940 914 957 909 978 916 987 919 988 919 1124 920 1126 918 1126 876 1025 873 1011 861 1010 861 1009 861 1008 861 1007 861 988 869 977 864 975 864 974 864 917 864 904 858 903 858 902 858 901 858 878 865 839 852 838 852 786 852 785 852 784 852 762 860 749 851 748 851 747 851 746 851 714 858 627 849 626 849 625 849 595 861 560 848 559 848 558 848 557 848 532 859 519 852 518 852 517 852 484 853 483 853 470 861 433 856 432 856 431 856 409 863 383 855 382 855 381 855 380 855 368 861 363 878"/></Shape>
            <String CONTENT="trrantes per hoc putant ſe obſequium præſtare deo"
                    HPOS="341.0"
                    VPOS="848.0"
                    WIDTH="785.0"
                    HEIGHT="72.0"
                    WC="0.9821119417949599"></String>
          </TextLine>
          <TextLine ID="line_20"
                    TAGREFS="LT8"
                    BASELINE="343 941 867 940 1128 964" 
                    HPOS="342.0"
                    VPOS="899.0"
                    WIDTH="786.0"
                    HEIGHT="71.0">
            <Shape><Polygon POINTS="343 941 342 951 480 960 481 960 482 960 483 960 490 955 497 950 552 949 572 958 580 961 581 961 582 961 583 961 591 958 611 949 808 951 845 964 849 965 850 965 851 965 852 965 855 964 868 958 882 963 883 963 884 963 885 963 905 957 948 958 962 967 963 967 964 967 965 967 966 967 967 967 987 961 1012 968 1018 969 1019 969 1126 970 1128 964 1128 923 965 921 964 920 949 908 948 908 947 908 946 908 912 910 880 904 879 904 794 908 770 903 769 903 768 903 767 903 766 903 753 912 739 902 738 902 737 902 736 902 643 906 633 900 632 900 631 900 629 900 628 900 608 907 561 903 560 903 559 903 530 911 495 899 494 899 493 899 492 899 491 899 471 911 445 903 444 903 443 903 442 903 429 908 420 901 419 901 418 901 417 901 416 901 396 910 343 910 343 941"/></Shape>
            <String CONTENT="modo poſtea cognita ueritate reſipiſcant, ut Pau. Alij"
                    HPOS="342.0"
                    VPOS="899.0"
                    WIDTH="786.0"
                    HEIGHT="71.0"
                    ></String>
          </TextLine>
          <TextLine ID="line_21"
                    TAGREFS="LT8"
                    BASELINE="341 990 837 988 937 994 1039 1009 1132 1012" 
                    HPOS="340.0"
                    VPOS="951.0"
                    WIDTH="792.0"
                    HEIGHT="68.0">
            <Shape><Polygon POINTS="341 990 340 1005 351 1010 352 1010 353 1010 354 1010 355 1010 362 1005 371 1001 418 1001 430 1007 449 1014 450 1014 451 1014 452 1014 453 1014 461 1007 480 1013 481 1013 482 1013 483 1013 495 1008 510 1000 623 999 631 1005 632 1005 633 1005 634 1005 635 1005 647 1000 665 1005 666 1005 667 1005 668 1005 669 1005 677 999 708 999 728 1005 729 1005 730 1005 801 1000 814 1005 815 1005 816 1005 817 1005 827 1000 876 1014 878 1014 879 1014 880 1014 881 1014 882 1014 897 1006 920 1014 925 1016 926 1016 927 1016 928 1016 932 1014 952 1006 984 1015 991 1018 992 1018 993 1019 1131 1019 1132 1012 1131 970 956 970 952 968 944 962 943 962 942 962 841 962 791 953 790 953 736 961 631 952 629 952 628 952 601 962 551 952 550 952 548 952 530 958 524 952 523 952 522 952 475 951 474 951 473 951 472 951 463 958 436 954 435 954 434 954 405 963 370 951 369 951 368 951 367 951 341 961 341 990"/></Shape>
            <String CONTENT="uero qui ſcientes contra ueritatem pugnant, &amp; blaſ¬"
                    HPOS="340.0"
                    VPOS="951.0"
                    WIDTH="792.0"
                    HEIGHT="68.0"
                    WC="0.9951409452101764"></String>
          </TextLine>
          <TextLine ID="line_22"
                    TAGREFS="LT8"
                    BASELINE="341 1041 838 1040 954 1047 1086 1070 1128 1071" 
                    HPOS="341.0"
                    VPOS="998.0"
                    WIDTH="787.0"
                    HEIGHT="73.0">
            <Shape><Polygon POINTS="341 1041 341 1062 414 1049 485 1051 510 1064 511 1064 512 1064 513 1064 544 1050 614 1049 640 1055 641 1055 642 1055 702 1050 739 1062 740 1062 741 1062 742 1062 778 1051 818 1056 819 1056 863 1052 895 1069 896 1069 897 1069 898 1069 942 1057 979 1069 980 1069 1085 1071 1128 1071 1128 1020 988 1019 985 1018 917 1004 916 1004 886 1009 870 1001 869 1001 868 1001 867 1001 853 1007 837 1001 836 1001 704 1000 703 1000 702 1000 690 1005 620 998 619 998 537 1009 518 1003 517 1003 516 1003 515 1003 514 1003 503 1011 399 1010 380 1000 379 1000 378 1000 377 1000 341 1009 341 1041"/></Shape>
            <String CONTENT="phemant, peccant irremiſſibiliter inſpiritum ſanctũ,"
                    HPOS="341.0"
                    VPOS="998.0"
                    WIDTH="787.0"
                    HEIGHT="73.0"
                    ></String>
          </TextLine>
          <TextLine ID="line_23"
                    TAGREFS="LT8"
                    BASELINE="343 1089 834 1089 928 1093 1133 1133" 
                    HPOS="341.0"
                    VPOS="1044.0"
                    WIDTH="792.0"
                    HEIGHT="88.0">
            <Shape><Polygon POINTS="342 1088 341 1104 385 1101 475 1110 487 1101 558 1112 663 1101 806 1104 832 1120 871 1107 895 1115 923 1108 974 1123 1002 1116 1132 1132 1133 1075 1001 1072 982 1055 904 1060 825 1050 789 1058 778 1049 724 1047 674 1055 653 1045 647 1045 626 1060 606 1044 574 1055 410 1044 399 1052 342 1052 342 1088"/></Shape>
            <String CONTENT="ut eſt in euangelio. Verũ hic non eſt nobis præcipitan¬"
                    HPOS="341.0"
                    VPOS="1044.0"
                    WIDTH="792.0"
                    HEIGHT="88.0"
                    ></String>
          </TextLine>
          <TextLine ID="line_24"
                    TAGREFS="LT8"
                    BASELINE="342 1140 830 1140 944 1146 1128 1183" 
                    HPOS="339.0"
                    VPOS="1093.0"
                    WIDTH="788.0"
                    HEIGHT="88.0">
            <Shape><Polygon POINTS="1111 1129 1084 1123 1010 1123 950 1101 892 1113 816 1097 734 1096 715 1105 704 1094 697 1094 660 1105 609 1093 538 1108 511 1094 456 1105 393 1094 383 1104 367 1096 341 1102 339 1156 450 1151 481 1159 500 1151 557 1164 573 1151 759 1151 775 1165 783 1165 797 1154 877 1154 895 1173 958 1161 1021 1176 1127 1181 1127 1132 1111 1129"/></Shape>
            <String CONTENT="da ſententia. Hic locus hodie ſcitu neceſſarius eſt. cap."
                    HPOS="339.0"
                    VPOS="1093.0"
                    WIDTH="788.0"
                    HEIGHT="88.0"
                    ></String>
          </TextLine>
          <TextLine ID="line_27"
                    TAGREFS="LT8"
                    BASELINE="342 1191 818 1190 942 1196 1129 1233" 
                    HPOS="339.0"
                    VPOS="1146.0"
                    WIDTH="789.0"
                    HEIGHT="86.0">
            <Shape><Polygon POINTS="1127 1181 1111 1179 1100 1176 1031 1176 994 1156 993 1156 991 1156 990 1156 988 1156 967 1168 892 1153 787 1149 786 1149 716 1159 641 1146 639 1146 543 1161 402 1149 401 1149 399 1149 397 1149 397 1151 390 1157 341 1157 341 1189 339 1197 445 1211 446 1211 513 1202 557 1214 558 1214 560 1214 562 1214 588 1202 641 1211 642 1211 841 1208 870 1220 871 1220 873 1220 952 1211 1020 1227 1102 1228 1128 1232 1128 1176 1127 1176 1127 1181"/></Shape>
            <String CONTENT="1. Quartus, quod pro omnibus eſt orandum. item"
                    HPOS="339.0"
                    VPOS="1146.0"
                    WIDTH="789.0"
                    HEIGHT="86.0"
                    ></String>
          </TextLine>
          <TextLine ID="line_29"
                    TAGREFS="LT8"
                    BASELINE="342 1244 573 1239 846 1242 951 1248 1126 1273" 
                    HPOS="341.0"
                    VPOS="1199.0"
                    WIDTH="785.0"
                    HEIGHT="78.0">
            <Shape><Polygon POINTS="363 1236 353 1213 351 1209 342 1209 342 1244 341 1256 397 1257 398 1257 399 1257 400 1257 411 1250 421 1258 422 1258 423 1258 465 1259 466 1259 468 1259 490 1250 512 1255 513 1255 514 1255 515 1255 532 1247 547 1258 548 1258 550 1258 592 1264 597 1264 598 1264 599 1264 635 1249 684 1255 685 1255 744 1252 776 1262 777 1262 778 1262 779 1262 804 1254 931 1265 932 1265 933 1265 956 1259 973 1271 974 1271 975 1271 977 1271 1009 1266 1056 1276 1060 1276 1124 1277 1126 1273 1126 1229 1044 1228 1043 1227 1018 1213 1017 1213 1015 1213 1014 1213 991 1225 977 1219 975 1219 974 1219 973 1219 963 1224 943 1209 942 1209 941 1209 940 1209 877 1212 866 1206 865 1206 864 1206 750 1203 749 1203 748 1203 724 1211 699 1202 698 1202 697 1202 696 1202 683 1207 661 1201 660 1201 659 1201 600 1209 497 1207 479 1199 478 1199 477 1199 429 1210 370 1209 363 1236"/></Shape>
            <String CONTENT="pro regibus &amp; prælatis, ut ſub eis nobis quiete uiue¬"
                    HPOS="341.0"
                    VPOS="1199.0"
                    WIDTH="785.0"
                    HEIGHT="78.0"
                    WC="0.9979098484201251"></String>
          </TextLine>
          <TextLine ID="line_30"
                    TAGREFS="LT8"
                    BASELINE="342 1293 818 1291 943 1297 1070 1317 1127 1320" 
                    HPOS="341.0"
                    VPOS="1251.0"
                    WIDTH="786.0"
                    HEIGHT="69.0">
            <Shape><Polygon POINTS="363 1274 360 1266 342 1266 342 1293 341 1298 389 1311 390 1311 391 1311 392 1311 420 1303 465 1307 466 1307 468 1307 469 1307 474 1303 478 1298 486 1303 493 1306 494 1306 495 1306 510 1304 535 1299 595 1306 615 1308 616 1308 617 1308 620 1307 631 1301 712 1301 727 1310 736 1314 737 1314 738 1314 739 1314 740 1314 745 1310 756 1301 802 1301 858 1303 881 1314 888 1317 889 1317 890 1317 907 1315 942 1309 952 1316 954 1318 956 1318 957 1318 958 1318 975 1316 1003 1314 1088 1319 1127 1320 1127 1275 1029 1275 1027 1273 1004 1262 1003 1262 1002 1262 942 1265 924 1255 923 1255 891 1253 890 1253 828 1265 800 1251 799 1251 637 1251 636 1251 523 1264 510 1256 509 1256 507 1256 436 1262 401 1252 400 1252 399 1252 398 1252 373 1266 372 1266 365 1266 363 1274"/></Shape>
            <String CONTENT="re liceat. Deus enim nullũ ſtatum reijcit: ſed ut ex iu¬"
                    HPOS="341.0"
                    VPOS="1251.0"
                    WIDTH="786.0"
                    HEIGHT="69.0"
                    WC="0.9885110551850838"></String>
          </TextLine>
          <TextLine ID="line_31"
                    TAGREFS="LT8"
                    BASELINE="341 1344 836 1341 975 1351 1046 1365 1125 1368" 
                    HPOS="341.0"
                    VPOS="1298.0"
                    WIDTH="784.0"
                    HEIGHT="74.0">
            <Shape><Polygon POINTS="1117 1320 1107 1319 1096 1319 1008 1319 1006 1318 982 1307 981 1307 980 1307 959 1311 929 1303 928 1303 927 1303 926 1303 898 1314 859 1312 847 1301 846 1301 845 1301 844 1301 843 1301 802 1314 728 1300 727 1300 726 1300 686 1311 661 1300 660 1300 606 1300 605 1300 604 1300 603 1300 594 1309 572 1303 571 1303 570 1303 568 1303 553 1311 501 1312 470 1299 469 1299 468 1299 389 1309 358 1298 357 1298 356 1298 355 1298 354 1298 341 1308 341 1344 342 1367 381 1355 439 1358 440 1358 441 1358 462 1352 482 1358 483 1358 484 1358 485 1358 496 1353 509 1359 510 1359 511 1359 552 1352 595 1367 596 1367 597 1367 598 1367 640 1353 663 1360 664 1360 665 1360 666 1360 685 1353 742 1353 769 1367 770 1367 771 1367 773 1367 796 1358 820 1367 821 1367 822 1367 823 1367 824 1367 841 1355 846 1359 847 1359 848 1359 849 1359 850 1359 867 1354 880 1359 881 1359 882 1359 925 1357 941 1371 942 1371 943 1371 944 1371 945 1371 947 1371 975 1361 993 1371 994 1371 995 1371 997 1372 1124 1372 1125 1368 1125 1320 1117 1320"/></Shape>
            <String CONTENT="fimis, ita &amp; ex ſublimibus quoſdam ad ſui agnitionẽ"
                    HPOS="341.0"
                    VPOS="1298.0"
                    WIDTH="784.0"
                    HEIGHT="74.0"
                    ></String>
          </TextLine>
          <TextLine ID="line_32"
                    TAGREFS="LT8"
                    BASELINE="341 1395 853 1393 954 1399 993 1408 1126 1420" 
                    HPOS="340.0"
                    VPOS="1352.0"
                    WIDTH="786.0"
                    HEIGHT="69.0">
            <Shape><Polygon POINTS="341 1395 340 1414 354 1417 355 1417 356 1417 364 1415 400 1402 471 1410 472 1410 505 1403 522 1416 523 1417 524 1417 525 1417 526 1417 527 1417 531 1416 560 1402 636 1413 637 1413 638 1413 659 1402 704 1402 721 1413 722 1413 723 1413 724 1413 725 1413 743 1403 802 1409 803 1409 838 1403 877 1406 889 1414 890 1414 891 1414 892 1414 957 1412 981 1419 983 1420 984 1420 985 1421 1114 1421 1126 1420 1126 1372 990 1372 986 1369 966 1358 965 1358 964 1358 963 1358 962 1358 949 1369 946 1371 942 1369 913 1354 912 1354 911 1354 910 1354 885 1365 862 1358 861 1358 860 1358 859 1358 834 1365 800 1354 799 1354 798 1354 755 1359 737 1353 736 1353 735 1353 734 1353 723 1358 637 1353 636 1353 588 1362 565 1355 564 1355 563 1355 562 1355 548 1362 545 1364 542 1362 532 1358 531 1358 530 1358 510 1361 492 1365 485 1361 471 1352 470 1352 469 1352 468 1352 466 1352 437 1360 436 1360 413 1352 412 1352 411 1352 410 1352 409 1352 397 1359 388 1366 341 1359 341 1395"/></Shape>
            <String CONTENT="perducit, cap.2. Quintus, habitus mulierũ, &amp; ut ſint"
                    HPOS="340.0"
                    VPOS="1352.0"
                    WIDTH="786.0"
                    HEIGHT="69.0"
                    ></String>
          </TextLine>
          <TextLine ID="line_33"
                    TAGREFS="LT8"
                    BASELINE="337 1444 802 1442 1125 1466" 
                    HPOS="336.0"
                    VPOS="1401.0"
                    WIDTH="789.0"
                    HEIGHT="73.0">
            <Shape><Polygon POINTS="337 1444 336 1456 407 1455 422 1459 425 1460 426 1460 428 1460 429 1460 430 1460 430 1459 438 1454 486 1461 493 1461 494 1461 498 1461 554 1453 564 1460 565 1460 566 1460 567 1460 568 1460 584 1453 596 1460 597 1460 598 1460 599 1460 658 1453 761 1456 776 1466 777 1466 778 1466 779 1466 780 1466 781 1466 794 1456 864 1456 908 1464 909 1464 939 1462 968 1471 971 1472 972 1472 973 1472 980 1472 1014 1467 1032 1473 1034 1473 1035 1473 1123 1474 1125 1466 1125 1430 1052 1428 1010 1412 1009 1412 993 1412 992 1412 991 1412 990 1412 967 1426 965 1426 864 1409 863 1409 862 1409 837 1421 822 1414 821 1414 820 1414 800 1418 784 1409 783 1409 782 1409 781 1409 738 1415 656 1405 544 1402 543 1402 542 1402 505 1413 468 1401 466 1401 465 1401 405 1413 398 1414 337 1412 337 1444"/></Shape>
            <String CONTENT="in omnibus uiris ſubiectæ, cap.2. Sextus, officium &amp;"
                    HPOS="336.0"
                    VPOS="1401.0"
                    WIDTH="789.0"
                    HEIGHT="73.0"
                    ></String>
          </TextLine>
          <TextLine ID="line_34"
                    TAGREFS="LT8"
                    BASELINE="337 1499 480 1493 785 1493 979 1505 1119 1521" 
                    HPOS="336.0"
                    VPOS="1452.0"
                    WIDTH="783.0"
                    HEIGHT="86.0">
            <Shape><Polygon POINTS="337 1499 336 1520 398 1516 435 1523 436 1523 463 1521 464 1521 465 1521 477 1513 491 1517 492 1517 493 1517 494 1517 495 1517 510 1509 543 1509 575 1523 576 1523 577 1523 578 1523 627 1511 662 1513 681 1528 682 1528 683 1528 701 1530 707 1530 708 1530 709 1530 747 1514 860 1515 886 1527 887 1527 888 1527 958 1518 984 1525 985 1525 986 1525 1018 1524 1043 1537 1044 1537 1116 1538 1119 1521 1119 1478 991 1476 990 1475 972 1463 971 1463 970 1463 969 1463 968 1463 956 1468 929 1459 928 1459 927 1459 866 1468 855 1459 853 1459 852 1459 851 1459 850 1459 838 1466 787 1457 629 1453 628 1453 627 1453 612 1460 594 1452 593 1452 592 1452 540 1463 463 1463 456 1463 455 1463 422 1453 421 1453 420 1453 380 1461 357 1453 356 1453 355 1453 354 1453 337 1459 337 1499"/></Shape>
            <String CONTENT="ſhectata conuerſatio Epiſcoporum &amp; Diaconorum,"
                    HPOS="336.0"
                    VPOS="1452.0"
                    WIDTH="783.0"
                    HEIGHT="86.0"
                    ></String>
          </TextLine>
        </TextBlock>
      </PrintSpace>
    </Page>
  </Layout>
</alto>
