<?xml version="1.0" encoding="UTF-8"?>
<alto xmlns:xsi="http://www.w3.org/2001/XMLSchema-instance"
    xmlns="http://www.loc.gov/standards/alto/ns-v4#"
    xsi:schemaLocation="http://www.loc.gov/standards/alto/ns-v4# http://www.loc.gov/standards/alto/v4/alto-4-3.xsd">
    <Description>
        <MeasurementUnit>pixel</MeasurementUnit>
        <sourceImageInformation>
            <fileName>2013186.jpeg</fileName>
        </sourceImageInformation>
        <Processing ID="OCR_0">
            <processingCategory>other</processingCategory>
            <processingStepDescription>unknown</processingStepDescription>
            <processingSoftware>
                <softwareName>kraken</softwareName>
                <softwareVersion>4.3.13</softwareVersion>
            </processingSoftware>
        </Processing>
    </Description>
    <Tags>
        <OtherTag ID="TYPE_1" LABEL="DefaultLine"/>
        <OtherTag ID="TYPE_2" LABEL="MarginTextZone-ManuscriptAddendum"/>
        <OtherTag ID="TYPE_3" LABEL="TitlePageZone"/>
        <OtherTag ID="TYPE_4" LABEL="StampZone-Sticker"/>
        <OtherTag ID="TYPE_5" LABEL="StampZone"/>
        <OtherTag ID="TYPE_6" LABEL="MainZone-Entry-Continued"/>
        <OtherTag ID="TYPE_7" LABEL="GraphicZone-Maths"/>
        <OtherTag ID="TYPE_8" LABEL="FigureZone"/>
        <OtherTag ID="TYPE_9" LABEL="MainZone-Signature"/>
        <OtherTag ID="TYPE_10" LABEL="MainZone-P-Continued"/>
        <OtherTag ID="TYPE_11" LABEL="GraphicZone-Decoration"/>
        <OtherTag ID="TYPE_12" LABEL="MainZone-Date"/>
        <OtherTag ID="TYPE_13" LABEL="MainZone-Other"/>
        <OtherTag ID="TYPE_14" LABEL="TableZone-Continued"/>
        <OtherTag ID="TYPE_15" LABEL="MarginTextZone-Notes-Continued"/>
        <OtherTag ID="TYPE_16" LABEL="FigureZone-FigDesc"/>
        <OtherTag ID="TYPE_17" LABEL="MarginTextZone-Notes"/>
        <OtherTag ID="TYPE_18" LABEL="DropCapitalZone"/>
        <OtherTag ID="TYPE_19" LABEL="GraphicZone"/>
        <OtherTag ID="TYPE_20" LABEL="RunningTitleZone"/>
        <OtherTag ID="TYPE_21" LABEL="GraphicZone-FigDesc"/>
        <OtherTag ID="TYPE_22" LABEL="MainZone-Lg"/>
        <OtherTag ID="TYPE_23" LABEL="FigureZone-Head"/>
        <OtherTag ID="TYPE_24" LABEL="MainZone-P"/>
        <OtherTag ID="TYPE_25" LABEL="GraphicZone-Head"/>
        <OtherTag ID="TYPE_26" LABEL="QuireMarksZone"/>
        <OtherTag ID="TYPE_27" LABEL="MainZone-Sp"/>
        <OtherTag ID="TYPE_28" LABEL="MainZone-List"/>
        <OtherTag ID="TYPE_29" LABEL="GraphicZone-Part"/>
        <OtherTag ID="TYPE_30" LABEL="DigitizationArtefactZone"/>
        <OtherTag ID="TYPE_31" LABEL="MainZone-Entry"/>
        <OtherTag ID="TYPE_32" LABEL="TableZone-Head"/>
        <OtherTag ID="TYPE_33" LABEL="GraphicZone-TextualContent"/>
        <OtherTag ID="TYPE_34" LABEL="AdvertisementZone"/>
        <OtherTag ID="TYPE_35" LABEL="MainZone-List-Continued"/>
        <OtherTag ID="TYPE_36" LABEL="MainZone-Form"/>
        <OtherTag ID="TYPE_37" LABEL="MainZone-Head"/>
        <OtherTag ID="TYPE_38" LABEL="NumberingZone"/>
        <OtherTag ID="TYPE_39" LABEL="TitlePageZone-Index"/>
        <OtherTag ID="TYPE_40" LABEL="MainZone-Sp-Continued"/>
        <OtherTag ID="TYPE_41" LABEL="TableZone"/>
        <OtherTag ID="TYPE_42" LABEL="MainZone-Lg-Continued"/>
    </Tags>
    <Layout>
        <Page WIDTH="1000" HEIGHT="1448" PHYSICAL_IMG_NR="0" ID="page_0">
            <PrintSpace HPOS="0" VPOS="0" WIDTH="1000" HEIGHT="1448">
                <TextBlock ID="block_6" HPOS="360" VPOS="97" WIDTH="49" HEIGHT="30" TAGREFS="TYPE_38">
                    <Shape>
                        <Polygon POINTS="360.16143798828125 97.36149597167969 409.1134338378906 97.36149597167969 409.1134338378906 127.41230010986328 360.16143798828125 127.41230010986328 360.16143798828125 97.36149597167969"/>
                    </Shape>
                    <TextLine ID="line_0" HPOS="359" VPOS="86" WIDTH="60" HEIGHT="47" BASELINE="359 115 419 115" TAGREFS="TYPE_1">
                        <Shape>
                            <Polygon POINTS="359 115 360 131 368 127 370 131 372 131 372 132 373 132 374 132 374 133 403 133 403 132 403 132 419 125 419 115 419 86 359 89 359 115"/>
                        </Shape>
                        <String CONTENT=""/>
                    </TextLine>
</TextBlock>
                <TextBlock ID="block_0" HPOS="477" VPOS="79" WIDTH="372" HEIGHT="37" TAGREFS="TYPE_20">
                    <Shape>
                        <Polygon POINTS="477.88409423828125 79.26251220703125 849.490234375 79.26251220703125 849.490234375 116.4809341430664 477.88409423828125 116.4809341430664 477.88409423828125 79.26251220703125"/>
                    </Shape>
                    <TextLine ID="line_1" HPOS="473" VPOS="65" WIDTH="374" HEIGHT="59" BASELINE="474 113 847 103" TAGREFS="TYPE_1">
                        <Shape>
                            <Polygon POINTS="474 124 518 124 518 123 519 123 523 122 537 117 609 119 629 119 629 119 630 119 634 119 644 115 651 118 658 120 658 120 659 120 675 117 692 113 705 115 720 119 720 119 740 115 745 114 760 114 836 115 837 115 838 115 847 111 847 103 844 65 799 66 798 66 798 66 781 76 764 71 763 71 762 71 761 71 761 71 747 80 689 82 651 78 646 74 646 73 646 73 645 73 644 73 643 73 642 73 635 78 628 73 627 73 626 73 606 71 597 71 596 71 596 71 595 71 595 72 580 86 519 86 502 74 501 74 500 74 499 74 497 74 481 78 473 75 474 113 474 124"/>
                        </Shape>
                        <String CONTENT=""/>
                    </TextLine>
</TextBlock>
                <TextBlock ID="textblock_3">
                    
                    <TextLine ID="line_2" HPOS="354" VPOS="118" WIDTH="483" HEIGHT="50" BASELINE="355 152 837 141" TAGREFS="TYPE_1">
                        <Shape>
                            <Polygon POINTS="740 128 732 128 724 128 716 128 708 128 700 128 692 128 684 128 676 128 668 128 660 128 652 128 644 128 636 128 628 128 620 128 612 128 609 128 576 130 560 130 559 128 555 128 547 128 539 128 531 128 523 128 515 128 509 128 502 129 487 131 481 130 473 128 467 128 459 128 451 128 443 128 435 128 427 128 419 128 414 128 412 130 403 128 403 128 395 128 386 128 380 128 354 134 355 152 355 168 458 164 468 165 477 167 477 167 478 167 479 167 481 164 485 163 498 164 519 166 520 166 543 163 555 160 559 162 565 164 566 164 567 164 567 164 574 161 583 156 613 156 619 160 620 160 621 160 621 160 622 161 622 160 623 160 624 160 625 160 629 156 636 159 640 160 641 160 641 160 657 158 668 156 672 157 687 163 687 163 688 163 689 163 700 157 710 162 711 162 711 162 712 162 736 156 778 160 779 160 780 160 781 160 790 153 837 151 837 141 835 118 742 122 740 128"/>
                        </Shape>
                        <String CONTENT=""/>
                    </TextLine>

                </TextBlock>
                <TextBlock ID="block_3" HPOS="358" VPOS="159" WIDTH="567" HEIGHT="64" TAGREFS="TYPE_24">
                    <Shape>
                        <Polygon POINTS="358.76019287109375 159.01095581054688 925.8526611328125 159.01095581054688 925.8526611328125 223.57479858398438 358.76019287109375 223.57479858398438 358.76019287109375 159.01095581054688"/>
                    </Shape>
                    <TextLine ID="line_3" HPOS="381" VPOS="151" WIDTH="544" HEIGHT="49" BASELINE="382 185 925 172" TAGREFS="TYPE_1">
                        <Shape>
                            <Polygon POINTS="743 176 739 161 729 160 710 156 709 156 708 156 691 162 690 162 687 177 679 177 670 177 662 177 654 177 646 177 638 177 630 177 622 177 614 177 606 177 598 177 590 177 582 180 574 180 566 180 558 180 550 180 542 180 534 180 526 180 518 180 510 180 502 180 493 180 485 180 477 180 469 180 461 180 453 180 445 180 437 180 429 180 421 180 413 180 405 180 397 180 389 180 381 180 382 185 382 200 445 194 473 198 477 198 477 198 493 197 585 191 598 195 600 195 600 195 601 195 602 195 603 195 611 190 637 193 638 193 721 189 730 192 732 192 732 192 733 192 734 192 735 191 742 188 759 191 762 191 763 191 764 191 765 190 777 186 814 189 819 189 820 189 824 189 862 184 925 186 925 172 923 151 767 154 766 154 754 159 745 161 743 176"/>
                        </Shape>
                        <String CONTENT=""/>
                    </TextLine>

                    <TextLine ID="line_4" HPOS="355" VPOS="185" WIDTH="278" HEIGHT="49" BASELINE="356 218 633 212" TAGREFS="TYPE_1">
                        <Shape>
                            <Polygon POINTS="356 218 356 234 395 234 395 234 396 234 405 228 420 233 421 233 422 233 423 233 446 226 471 231 472 231 555 224 572 229 572 229 573 229 574 229 593 223 632 228 633 212 631 193 605 193 592 185 592 185 591 185 543 193 539 189 538 189 537 189 536 189 535 189 526 194 508 188 507 188 506 188 473 193 436 189 435 189 434 189 433 189 420 197 419 198 393 198 391 198 375 191 374 191 374 191 373 191 372 191 372 192 365 198 365 199 355 199 356 218"/>
                        </Shape>
                        <String CONTENT=""/>
                    </TextLine>
</TextBlock>
                <TextBlock ID="block_2" HPOS="357" VPOS="222" WIDTH="576" HEIGHT="486" TAGREFS="TYPE_24">
                    <Shape>
                        <Polygon POINTS="357.734375 222.4417266845703 933.9315185546875 222.4417266845703 933.9315185546875 708.3038330078125 357.734375 708.3038330078125 357.734375 222.4417266845703"/>
                    </Shape>
                    <TextLine ID="line_5" HPOS="381" VPOS="210" WIDTH="548" HEIGHT="53" BASELINE="382 251 632 242 929 235" TAGREFS="TYPE_1">
                        <Shape>
                            <Polygon POINTS="751 217 750 215 742 218 720 214 719 214 718 214 703 220 703 220 702 220 676 217 675 217 613 223 607 223 604 223 582 218 581 218 552 225 551 225 550 225 533 220 532 220 531 220 530 220 517 225 469 222 468 222 467 222 466 222 462 226 446 222 445 222 444 222 444 222 427 228 413 223 412 223 411 223 381 230 382 251 382 259 513 263 514 263 514 263 523 259 628 259 629 259 629 259 647 255 658 252 663 255 670 258 671 258 672 258 691 254 694 254 699 254 741 256 742 256 743 256 757 253 775 247 810 247 822 251 827 253 827 253 828 253 875 252 876 252 876 252 876 251 878 250 884 246 928 249 929 235 927 213 880 210 880 210 859 215 855 216 853 215 843 211 842 211 841 211 840 211 839 211 832 216 831 217 827 216 807 212 806 212 806 212 805 212 805 213 800 217 799 218 798 217 780 213 779 213 778 213 777 213 777 213 769 218 761 213 761 213 760 213 759 213 751 215 751 217"/>
                        </Shape>
                        <String CONTENT=""/>
                    </TextLine>

                    <TextLine ID="line_6" HPOS="358" VPOS="246" WIDTH="576" HEIGHT="51" BASELINE="358 283 787 271 934 271" TAGREFS="TYPE_1">
                        <Shape>
                            <Polygon POINTS="358 283 358 297 934 283 934 271 933 250 804 246 803 246 746 248 745 248 726 254 701 249 700 249 699 249 699 249 691 255 679 255 666 255 666 255 634 250 633 250 633 250 623 255 476 255 475 255 446 260 433 255 432 255 432 255 431 255 408 261 395 256 394 256 393 256 358 263 358 283"/>
                        </Shape>
                        <String CONTENT=""/>
                    </TextLine>

                    <TextLine ID="line_7" HPOS="355" VPOS="277" WIDTH="575" HEIGHT="52" BASELINE="356 315 930 300" TAGREFS="TYPE_1">
                        <Shape>
                            <Polygon POINTS="356 315 356 324 372 329 373 329 374 329 419 329 483 320 485 320 485 320 502 326 503 326 504 326 505 326 522 320 540 325 541 325 542 325 543 325 543 325 543 324 550 319 554 319 567 319 576 324 577 324 578 324 579 324 611 317 641 323 642 323 685 321 686 321 707 315 742 320 743 320 744 320 770 313 832 318 833 318 897 310 919 316 920 316 921 316 921 316 922 316 930 309 930 300 927 281 875 282 874 282 868 277 867 277 866 277 865 277 864 277 864 277 857 282 831 278 831 278 830 278 814 283 813 283 811 283 801 279 800 279 799 279 735 280 710 285 702 287 629 288 626 287 622 283 621 283 621 283 620 283 591 287 581 289 577 288 569 286 568 286 567 286 545 289 529 291 519 289 507 287 506 287 470 291 444 292 435 291 417 288 416 288 385 289 384 289 383 289 379 292 375 295 371 292 366 290 366 290 365 290 364 290 355 292 356 315"/>
                        </Shape>
                        <String CONTENT=""/>
                    </TextLine>

                    <TextLine ID="line_8" HPOS="356" VPOS="311" WIDTH="574" HEIGHT="51" BASELINE="357 347 930 333" TAGREFS="TYPE_1">
                        <Shape>
                            <Polygon POINTS="357 347 357 362 421 357 526 357 637 357 637 357 638 357 647 353 652 351 658 353 670 356 671 356 672 356 721 351 753 353 754 353 755 353 766 349 770 348 777 349 802 353 802 353 839 347 846 346 848 347 864 351 864 351 865 351 930 344 930 333 927 316 886 316 869 311 868 311 868 311 805 317 770 312 769 312 769 312 742 319 707 314 706 314 705 314 685 320 657 317 656 317 610 323 580 318 579 318 514 319 467 320 466 320 450 328 356 329 357 347"/>
                        </Shape>
                        <String CONTENT=""/>
                    </TextLine>

                    <TextLine ID="line_9" HPOS="357" VPOS="342" WIDTH="575" HEIGHT="52" BASELINE="358 379 932 366" TAGREFS="TYPE_1">
                        <Shape>
                            <Polygon POINTS="358 379 358 387 419 387 424 391 425 391 426 391 427 391 427 391 428 391 432 388 437 392 437 393 438 393 439 393 440 394 461 394 461 393 462 393 463 393 463 392 464 392 466 389 608 390 609 390 631 385 634 384 636 385 645 388 646 388 646 388 647 388 648 388 653 384 657 382 681 382 684 384 688 387 689 387 690 387 691 387 721 383 757 379 805 382 827 384 828 384 829 384 834 382 843 379 848 382 851 384 851 384 852 384 853 384 854 384 858 382 868 377 931 381 932 366 930 348 897 342 896 342 870 348 862 343 861 343 860 343 860 343 787 350 724 346 723 346 722 346 721 346 721 347 715 353 677 353 648 348 647 348 600 354 577 349 576 349 576 349 558 356 501 357 471 352 470 352 421 357 393 353 392 353 357 360 358 379"/>
                        </Shape>
                        <String CONTENT=""/>
                    </TextLine>

                    <TextLine ID="line_10" HPOS="357" VPOS="373" WIDTH="575" HEIGHT="53" BASELINE="358 413 932 398" TAGREFS="TYPE_1">
                        <Shape>
                            <Polygon POINTS="358 413 358 426 464 426 465 426 470 423 480 419 498 422 510 424 511 424 629 422 630 422 631 422 636 418 655 420 656 420 657 420 658 420 663 416 668 413 751 411 773 412 833 416 834 416 835 416 851 410 853 409 856 410 870 413 871 413 872 413 872 413 888 408 889 408 890 408 900 413 901 413 901 413 902 413 903 413 910 407 912 407 931 407 932 398 930 378 906 373 905 373 860 378 841 374 840 374 839 374 839 374 839 375 834 380 833 380 832 380 810 375 810 375 761 381 748 383 651 385 643 383 629 380 628 380 578 385 537 388 530 386 524 383 523 383 522 383 522 383 515 386 506 389 484 386 471 385 470 385 469 385 462 386 447 390 440 387 437 386 436 386 436 386 435 386 432 387 423 390 416 387 414 386 413 386 412 386 357 388 358 413"/>
                        </Shape>
                        <String CONTENT=""/>
                    </TextLine>

                    <TextLine ID="line_11" HPOS="358" VPOS="406" WIDTH="575" HEIGHT="54" BASELINE="358 446 933 431" TAGREFS="TYPE_1">
                        <Shape>
                            <Polygon POINTS="358 446 358 456 387 460 388 460 448 459 471 454 480 452 486 454 501 457 502 457 502 457 503 457 516 453 521 452 534 452 568 456 569 456 596 451 609 449 624 451 651 453 652 453 653 453 664 449 669 448 683 449 720 452 720 452 721 452 732 448 740 446 765 447 807 449 808 449 809 449 816 446 821 443 847 443 852 445 856 448 857 448 858 448 859 448 873 444 886 442 932 443 933 431 931 410 905 406 905 406 904 406 894 411 893 411 888 411 855 407 855 407 854 407 853 407 848 411 846 414 826 414 798 412 753 410 752 410 732 414 716 417 694 415 670 412 670 412 669 412 661 415 653 419 629 416 618 415 617 415 617 415 613 416 601 419 590 417 578 415 577 415 576 415 570 418 564 420 551 418 537 415 536 415 535 415 534 415 530 419 526 421 517 419 507 416 506 416 506 416 492 419 473 423 452 420 447 419 446 419 438 420 409 425 358 423 358 446"/>
                        </Shape>
                        <String CONTENT=""/>
                    </TextLine>

                    <TextLine ID="line_12" HPOS="356" VPOS="439" WIDTH="578" HEIGHT="53" BASELINE="357 477 934 463" TAGREFS="TYPE_1">
                        <Shape>
                            <Polygon POINTS="357 477 357 492 389 486 403 491 405 491 406 491 407 491 407 491 409 490 423 485 444 489 451 490 452 490 452 490 456 489 469 485 498 488 512 489 513 489 514 489 514 489 514 488 516 487 519 484 534 486 545 488 546 488 573 485 613 481 707 481 836 481 837 481 934 473 934 463 932 440 886 439 885 439 884 439 880 440 870 444 814 442 794 441 794 441 793 441 789 442 777 445 753 443 742 442 741 442 740 442 737 444 728 448 640 450 614 446 609 445 608 445 600 446 568 452 505 450 504 450 478 454 451 450 450 450 449 450 448 450 442 456 383 456 356 452 357 477"/>
                        </Shape>
                        <String CONTENT=""/>
                    </TextLine>

                    <TextLine ID="line_13" HPOS="356" VPOS="471" WIDTH="581" HEIGHT="50" BASELINE="357 510 937 495" TAGREFS="TYPE_1">
                        <Shape>
                            <Polygon POINTS="357 510 357 521 596 519 597 519 615 514 617 514 619 514 648 518 649 518 650 518 665 513 667 513 670 513 691 517 692 517 720 511 724 511 726 511 751 515 752 515 791 510 793 510 794 510 843 513 844 513 937 505 937 495 935 475 879 471 878 471 844 477 838 477 810 477 687 476 686 476 626 477 625 477 625 477 625 478 621 481 618 483 612 481 600 480 600 480 580 482 564 485 559 483 549 480 548 480 547 480 547 480 536 484 532 485 528 484 516 481 515 481 514 481 514 481 506 484 502 485 494 485 474 481 473 481 473 481 462 485 456 487 440 485 415 483 414 483 413 483 412 483 412 484 409 486 407 488 401 486 388 484 387 484 386 484 378 487 370 489 356 488 357 510"/>
                        </Shape>
                        <String CONTENT=""/>
                    </TextLine>

                    <TextLine ID="line_14" HPOS="359" VPOS="504" WIDTH="574" HEIGHT="53" BASELINE="360 542 933 528" TAGREFS="TYPE_1">
                        <Shape>
                            <Polygon POINTS="360 542 360 557 415 551 423 555 425 556 426 556 427 556 494 555 495 555 500 552 510 547 523 551 528 553 529 553 530 553 617 551 618 551 624 548 630 546 641 547 662 551 662 551 702 546 730 542 746 544 772 547 773 547 773 547 774 547 781 543 784 541 786 543 795 547 796 547 797 547 798 547 809 542 812 540 825 541 860 544 861 544 862 544 871 539 874 538 933 537 933 528 932 510 916 504 915 504 914 504 797 513 786 507 785 507 784 507 746 514 732 509 731 509 730 509 682 514 662 510 662 510 560 519 513 519 502 514 501 514 500 514 499 514 485 520 442 515 441 515 440 515 425 521 403 516 403 516 402 516 386 523 359 523 360 542"/>
                        </Shape>
                        <String CONTENT=""/>
                    </TextLine>

                    <TextLine ID="line_15" HPOS="357" VPOS="535" WIDTH="576" HEIGHT="51" BASELINE="358 575 933 559" TAGREFS="TYPE_1">
                        <Shape>
                            <Polygon POINTS="590 568 582 568 574 568 566 568 558 568 550 568 542 568 534 570 526 570 518 570 510 570 502 570 493 570 485 570 477 570 469 570 461 570 453 570 445 570 437 570 429 570 421 570 413 570 405 570 397 570 389 570 381 570 373 570 365 570 357 570 358 575 358 586 576 586 576 585 577 585 578 585 588 579 588 578 650 577 661 581 662 581 662 581 663 581 676 576 677 576 689 581 690 581 691 581 720 575 722 575 723 575 738 580 739 580 740 580 769 580 795 579 796 579 797 579 806 572 822 578 823 578 823 578 933 568 933 559 931 535 905 535 904 535 903 535 900 537 891 541 868 538 860 538 860 538 859 538 858 538 857 539 851 543 835 540 823 538 823 538 822 538 821 538 815 541 808 546 786 546 770 543 747 540 746 540 712 541 711 541 711 541 711 542 706 546 658 543 658 543 657 543 656 543 646 550 634 544 633 544 633 544 632 544 631 544 624 549 613 545 612 545 611 545 610 545 595 553 592 554 590 568"/>
                        </Shape>
                        <String CONTENT=""/>
                    </TextLine>

                    <TextLine ID="line_16" HPOS="355" VPOS="565" WIDTH="578" HEIGHT="57" BASELINE="357 608 740 595 933 592" TAGREFS="TYPE_1">
                        <Shape>
                            <Polygon POINTS="749 572 741 572 733 572 725 572 721 572 699 578 683 572 681 572 680 572 679 572 672 573 628 579 590 575 585 575 584 575 584 575 583 575 566 584 526 584 519 580 518 580 518 580 517 580 516 580 505 585 467 582 466 582 465 582 455 587 419 586 412 581 411 580 411 580 410 580 409 580 408 580 403 582 386 587 378 583 376 582 375 582 374 582 355 583 357 608 357 622 378 622 379 622 380 622 380 621 386 616 405 621 407 622 408 622 409 622 480 620 481 620 482 619 496 612 524 612 539 617 542 618 543 618 543 618 559 617 581 613 585 616 586 617 587 617 588 617 588 617 589 617 592 615 604 608 624 608 718 606 727 610 727 611 728 611 728 611 729 611 730 611 732 610 744 606 761 609 772 611 773 611 932 603 933 592 930 565 861 575 779 577 761 571 761 571 756 571 751 571 749 572"/>
                        </Shape>
                        <String CONTENT=""/>
                    </TextLine>

                    <TextLine ID="line_17" HPOS="355" VPOS="600" WIDTH="580" HEIGHT="54" BASELINE="356 640 935 624" TAGREFS="TYPE_1">
                        <Shape>
                            <Polygon POINTS="356 640 356 654 439 654 451 652 465 649 491 650 520 652 521 652 543 649 567 645 586 647 610 649 611 649 612 649 613 649 617 646 620 643 626 645 629 647 630 647 631 647 641 645 652 643 668 644 702 647 703 647 723 642 734 639 790 638 799 640 814 642 815 642 816 642 829 638 832 637 833 638 839 643 840 643 841 643 842 643 935 634 935 624 933 604 868 605 866 605 851 600 851 600 850 600 825 606 824 606 796 600 795 600 758 607 742 601 741 601 740 601 740 601 739 601 733 605 673 603 672 603 647 608 615 604 614 604 613 604 587 612 584 614 527 615 525 615 499 608 498 608 497 608 497 608 468 617 465 617 415 617 392 611 391 611 390 611 390 611 389 611 378 619 355 619 356 640"/>
                        </Shape>
                        <String CONTENT=""/>
                    </TextLine>

                    <TextLine ID="line_18" HPOS="356" VPOS="634" WIDTH="578" HEIGHT="53" BASELINE="357 671 934 657" TAGREFS="TYPE_1">
                        <Shape>
                            <Polygon POINTS="750 649 742 649 734 649 726 649 718 649 710 649 702 649 694 649 686 649 678 649 670 649 662 649 654 649 646 649 637 649 629 649 621 649 613 649 609 649 511 651 507 649 501 649 493 649 485 649 481 649 480 650 476 649 469 649 460 649 452 649 446 649 444 651 434 649 428 649 420 649 419 649 415 654 415 654 399 654 399 654 378 649 372 649 370 649 356 654 357 671 358 687 387 687 387 686 388 686 389 686 389 686 390 686 395 680 406 685 408 686 409 686 410 686 411 686 414 685 425 681 435 684 439 685 440 685 440 685 485 684 485 684 491 682 496 679 499 682 502 683 502 683 503 683 504 683 505 683 512 681 518 679 526 680 542 682 543 682 543 682 544 682 544 682 547 679 551 677 562 679 580 682 580 682 581 682 589 678 593 676 597 678 604 680 605 680 606 680 652 678 653 678 665 674 678 670 870 666 872 666 900 674 901 674 901 674 902 674 934 664 934 657 933 641 888 634 887 634 849 639 838 635 837 635 836 635 753 641 750 649"/>
                        </Shape>
                        <String CONTENT=""/>
                    </TextLine>

                    <TextLine ID="line_19" HPOS="356" VPOS="673" WIDTH="272" HEIGHT="46" BASELINE="357 704 628 699" TAGREFS="TYPE_1">
                        <Shape>
                            <Polygon POINTS="357 704 357 715 394 719 395 719 395 719 412 715 613 715 613 714 614 714 628 709 628 699 626 678 588 673 588 673 587 673 586 673 577 678 575 680 540 680 538 679 524 674 523 674 522 674 522 674 511 680 495 675 494 675 493 675 459 682 458 682 447 676 446 676 445 676 416 682 399 677 399 677 398 677 397 677 382 684 356 684 357 704"/>
                        </Shape>
                        <String CONTENT=""/>
                    </TextLine>

                    <TextLine ID="line_20" HPOS="855" VPOS="662" WIDTH="22" HEIGHT="21" BASELINE="855 675 877 675" TAGREFS="TYPE_1">
                        <Shape>
                            <Polygon POINTS="855 675 855 683 877 682 877 675 877 665 855 662 855 675"/>
                        </Shape>
                        <String CONTENT=""/>
                    </TextLine>
</TextBlock>
                <TextBlock ID="block_4" HPOS="358" VPOS="711" WIDTH="577" HEIGHT="97" TAGREFS="TYPE_24">
                    <Shape>
                        <Polygon POINTS="358.76580810546875 711.0577392578125 935.2583618164062 711.0577392578125 935.2583618164062 808.8743286132812 358.76580810546875 808.8743286132812 358.76580810546875 711.0577392578125"/>
                    </Shape>
                    <TextLine ID="line_21" HPOS="378" VPOS="695" WIDTH="558" HEIGHT="58" BASELINE="379 738 806 724 936 723" TAGREFS="TYPE_1">
                        <Shape>
                            <Polygon POINTS="379 738 379 753 445 748 514 749 530 749 531 749 532 749 533 749 533 748 534 748 541 741 599 740 623 745 630 746 631 746 632 746 636 744 648 739 661 744 662 744 663 744 664 744 668 743 696 737 703 742 703 743 704 743 705 743 706 743 707 743 710 741 717 738 730 740 741 743 742 743 743 743 748 740 751 739 756 740 769 742 769 742 770 742 777 739 784 735 810 737 817 738 818 738 824 737 843 733 848 736 853 740 854 740 855 740 855 740 891 736 892 736 893 736 895 734 898 731 910 731 916 733 921 737 922 737 923 737 924 737 925 737 936 732 936 723 934 695 880 701 858 697 857 697 856 697 855 697 844 703 797 703 783 699 780 699 779 699 778 699 765 700 717 706 669 703 649 703 648 703 618 703 617 703 617 703 617 704 615 705 611 709 566 707 538 706 537 706 526 708 509 712 478 710 464 709 463 709 462 709 461 709 460 711 455 714 440 711 430 710 429 710 428 710 422 712 414 715 378 714 379 738"/>
                        </Shape>
                        <String CONTENT=""/>
                    </TextLine>

                    <TextLine ID="line_22" HPOS="357" VPOS="728" WIDTH="578" HEIGHT="59" BASELINE="358 770 935 756" TAGREFS="TYPE_1">
                        <Shape>
                            <Polygon POINTS="358 770 358 781 399 781 400 781 409 787 410 787 411 787 411 787 455 781 470 785 471 785 472 785 473 785 485 780 486 780 488 780 503 785 504 785 505 785 565 780 582 783 583 783 640 781 641 781 650 778 658 775 667 778 674 780 674 780 675 780 676 780 677 780 679 777 687 773 695 777 695 777 696 777 698 777 727 773 748 777 757 778 757 778 758 778 762 777 776 771 825 776 827 776 828 776 829 776 846 769 902 768 934 774 935 756 934 733 901 728 901 728 900 728 899 728 899 729 894 734 893 736 888 734 880 731 880 731 879 731 878 731 872 734 867 736 857 735 846 732 845 732 844 732 838 735 831 737 823 735 806 731 805 731 804 731 772 736 756 739 744 736 726 733 725 733 724 733 708 737 699 734 698 734 697 734 696 734 684 738 674 741 666 738 658 736 658 736 657 736 646 739 634 741 625 740 614 737 613 737 613 737 604 740 593 743 588 740 581 736 580 736 580 736 550 737 549 737 548 737 543 741 538 745 357 745 358 770"/>
                        </Shape>
                        <String CONTENT=""/>
                    </TextLine>

                    <TextLine ID="line_23" HPOS="359" VPOS="776" WIDTH="75" HEIGHT="42" BASELINE="359 803 434 803" TAGREFS="TYPE_1">
                        <Shape>
                            <Polygon POINTS="359 803 359 812 370 818 371 818 372 818 434 811 434 803 434 787 391 776 390 776 390 776 389 776 359 787 359 803"/>
                        </Shape>
                        <String CONTENT=""/>
                    </TextLine>
</TextBlock>
                <TextBlock ID="block_1" HPOS="359" VPOS="807" WIDTH="579" HEIGHT="394" TAGREFS="TYPE_24">
                    <Shape>
                        <Polygon POINTS="359.3853759765625 807.274658203125 938.6550903320312 807.274658203125 938.6550903320312 1201.9766845703125 359.3853759765625 1201.9766845703125 359.3853759765625 807.274658203125"/>
                    </Shape>
                    <TextLine ID="line_24" HPOS="389" VPOS="795" WIDTH="546" HEIGHT="52" BASELINE="390 835 935 822" TAGREFS="TYPE_1">
                        <Shape>
                            <Polygon POINTS="390 835 390 847 406 843 423 847 424 847 425 847 549 844 550 844 551 844 557 839 585 843 591 843 592 843 592 843 593 843 593 843 599 838 623 842 627 843 628 843 629 843 629 843 629 842 637 836 662 836 690 839 691 839 711 835 727 839 728 840 729 840 730 840 731 840 733 839 749 835 762 839 763 839 764 839 765 839 765 839 772 834 817 838 823 838 823 838 824 838 825 838 836 832 884 836 889 836 890 836 891 836 893 836 912 830 934 835 935 822 934 802 877 795 876 795 876 795 875 795 863 802 862 802 839 796 838 796 837 796 836 796 835 796 827 802 820 797 819 797 818 797 799 797 798 797 764 798 763 798 762 798 753 804 747 798 746 798 745 798 744 798 702 799 701 799 700 799 700 800 694 805 692 807 664 807 662 806 656 802 655 802 654 802 654 802 653 802 640 806 637 807 633 806 621 802 621 802 620 802 619 802 601 806 592 810 522 810 518 808 512 806 511 806 510 806 510 806 501 808 490 811 474 809 463 807 462 807 461 807 456 809 449 812 443 809 436 806 436 806 435 806 434 806 433 806 429 810 426 812 415 810 403 807 403 807 389 810 390 835"/>
                        </Shape>
                        <String CONTENT=""/>
                    </TextLine>

                    <TextLine ID="line_25" HPOS="358" VPOS="828" WIDTH="577" HEIGHT="54" BASELINE="359 867 935 853" TAGREFS="TYPE_1">
                        <Shape>
                            <Polygon POINTS="359 867 359 882 382 882 382 881 383 881 385 880 400 875 445 879 459 880 460 880 528 878 543 876 567 871 582 874 593 876 594 876 622 876 623 876 624 876 629 872 634 869 655 872 662 872 663 872 680 871 713 867 719 870 725 872 726 872 727 872 728 872 734 869 738 867 744 868 752 871 753 871 753 871 772 867 784 866 793 867 817 871 818 871 935 862 935 853 934 833 919 828 918 828 917 828 917 828 900 833 873 829 872 829 872 829 859 835 858 835 856 835 832 830 831 830 831 830 830 830 823 835 822 835 818 835 765 831 765 831 764 831 751 837 750 837 748 837 704 833 703 833 603 840 592 841 588 841 559 836 559 836 526 843 522 843 518 843 478 839 477 839 358 846 359 867"/>
                        </Shape>
                        <String CONTENT=""/>
                    </TextLine>

                    <TextLine ID="line_26" HPOS="358" VPOS="859" WIDTH="577" HEIGHT="55" BASELINE="358 900 935 886" TAGREFS="TYPE_1">
                        <Shape>
                            <Polygon POINTS="358 900 358 911 413 914 414 914 439 909 445 908 447 909 451 913 452 913 452 913 453 913 475 913 475 913 476 913 477 913 484 908 487 906 499 908 517 909 518 909 518 909 524 907 526 905 528 907 534 911 534 911 535 911 536 911 537 911 556 906 562 905 564 905 575 910 576 910 576 910 616 905 642 909 643 909 644 909 645 909 645 908 650 904 655 908 656 908 657 908 658 908 717 906 718 906 719 906 725 902 766 905 767 905 768 905 781 900 783 899 819 899 830 899 835 904 836 904 837 904 838 904 863 898 894 902 895 902 896 902 897 902 905 896 906 896 935 896 935 886 934 863 898 859 897 859 897 859 896 859 891 863 886 867 864 864 841 862 840 862 839 862 839 862 835 865 831 867 823 865 807 862 806 862 763 867 757 867 757 867 753 863 752 863 751 863 750 863 716 864 715 864 705 868 698 872 691 869 679 865 679 865 678 865 656 870 651 871 647 870 626 867 625 867 625 867 624 867 619 871 616 873 604 872 579 867 578 867 577 867 576 867 569 872 564 876 481 877 464 876 442 873 441 873 440 873 440 873 435 876 433 877 432 876 423 872 422 872 421 872 420 872 419 872 412 877 410 879 358 879 358 900"/>
                        </Shape>
                        <String CONTENT=""/>
                    </TextLine>

                    <TextLine ID="line_27" HPOS="358" VPOS="893" WIDTH="577" HEIGHT="51" BASELINE="358 932 935 917" TAGREFS="TYPE_1">
                        <Shape>
                            <Polygon POINTS="358 932 358 941 421 944 422 944 450 939 454 939 457 939 479 942 480 942 481 942 481 942 487 939 489 938 500 938 549 941 550 941 703 937 704 937 709 935 715 933 727 934 738 936 739 936 766 933 807 930 934 930 935 917 934 895 898 893 897 893 897 893 892 896 882 900 866 896 860 895 860 895 859 895 858 895 851 896 832 903 715 905 709 900 708 900 707 900 707 900 703 901 672 906 657 902 647 900 646 900 646 900 645 900 635 903 621 907 580 905 546 902 545 902 544 902 543 902 539 905 537 906 514 906 488 906 487 906 486 906 485 907 477 911 460 908 448 905 425 905 424 905 423 905 423 905 423 906 419 909 415 913 358 911 358 932"/>
                        </Shape>
                        <String CONTENT=""/>
                    </TextLine>

                    <TextLine ID="line_28" HPOS="358" VPOS="925" WIDTH="577" HEIGHT="54" BASELINE="359 965 935 950" TAGREFS="TYPE_1">
                        <Shape>
                            <Polygon POINTS="359 965 359 975 390 979 391 979 392 979 408 974 413 974 422 974 453 978 454 978 455 978 468 974 473 972 485 973 518 976 518 976 571 974 572 974 579 971 584 969 623 970 678 972 679 972 696 969 711 966 740 968 767 970 768 970 769 970 769 970 773 967 777 964 789 966 796 968 797 968 935 963 935 950 934 931 891 931 876 925 876 925 875 925 844 930 782 927 781 927 781 927 766 934 765 934 761 934 711 929 710 929 679 936 673 937 670 936 661 932 660 932 659 932 635 937 629 937 627 937 616 932 615 932 614 932 593 936 585 932 584 932 584 932 583 932 569 937 567 938 561 938 518 933 518 933 491 934 490 934 489 934 489 935 485 939 482 942 413 942 410 941 404 937 403 937 403 937 402 937 401 937 394 942 388 944 358 942 359 965"/>
                        </Shape>
                        <String CONTENT=""/>
                    </TextLine>

                    <TextLine ID="line_29" HPOS="358" VPOS="958" WIDTH="579" HEIGHT="53" BASELINE="359 996 937 983" TAGREFS="TYPE_1">
                        <Shape>
                            <Polygon POINTS="359 996 359 1011 415 1004 457 1009 460 1009 461 1009 551 1007 552 1007 554 1007 569 1002 574 1006 575 1006 576 1006 576 1006 617 1005 638 1003 639 1003 654 999 686 1003 693 1003 694 1003 695 1003 695 1003 695 1003 696 1003 703 997 821 998 822 998 859 994 886 997 899 999 900 999 901 999 901 999 903 997 909 992 936 995 937 983 934 958 868 966 842 962 841 962 798 968 790 962 789 962 788 962 787 962 770 962 769 962 769 962 768 962 766 963 759 968 732 970 707 965 699 963 699 963 698 963 697 963 695 965 688 970 678 966 676 965 675 965 674 965 674 965 671 966 660 970 641 966 631 965 630 965 578 966 577 966 576 966 576 967 574 969 569 974 551 974 519 974 511 970 508 969 507 969 506 969 506 969 499 970 483 976 453 976 448 972 445 970 444 970 444 970 443 970 442 970 436 973 434 974 427 973 411 970 410 970 409 970 403 974 395 977 358 975 359 996"/>
                        </Shape>
                        <String CONTENT=""/>
                    </TextLine>

                    <TextLine ID="line_30" HPOS="358" VPOS="990" WIDTH="578" HEIGHT="54" BASELINE="360 1029 936 1014" TAGREFS="TYPE_1">
                        <Shape>
                            <Polygon POINTS="360 1029 360 1037 386 1044 386 1044 387 1044 411 1043 411 1043 412 1043 421 1036 447 1043 448 1043 448 1043 449 1043 464 1036 480 1042 481 1042 481 1042 482 1042 483 1042 495 1035 537 1040 538 1040 618 1036 619 1036 632 1031 633 1031 633 1031 659 1036 660 1036 687 1032 723 1036 724 1036 724 1036 748 1028 770 1033 771 1033 798 1028 813 1033 814 1033 814 1033 935 1023 936 1014 934 994 923 990 922 990 907 990 906 990 905 990 905 990 905 991 899 995 898 996 885 995 813 992 812 992 811 992 796 999 794 999 777 999 694 998 693 998 692 998 691 998 687 1001 687 1002 684 1001 662 996 662 996 661 996 660 996 660 997 656 1000 646 997 645 997 644 997 643 997 642 997 635 1003 618 1003 588 1004 587 1004 576 999 575 999 574 999 529 1003 510 1000 510 1000 482 1007 478 1007 475 1007 450 1002 449 1002 448 1002 437 1008 436 1008 436 1008 419 1003 419 1003 418 1003 417 1003 416 1003 408 1009 407 1010 358 1010 360 1029"/>
                        </Shape>
                        <String CONTENT=""/>
                    </TextLine>

                    <TextLine ID="line_31" HPOS="358" VPOS="1022" WIDTH="581" HEIGHT="54" BASELINE="359 1061 939 1048" TAGREFS="TYPE_1">
                        <Shape>
                            <Polygon POINTS="359 1061 359 1072 392 1076 393 1076 427 1071 432 1070 437 1070 460 1074 460 1074 461 1074 477 1069 480 1069 485 1069 518 1073 519 1073 520 1073 533 1069 536 1068 540 1069 557 1072 558 1072 577 1068 582 1067 598 1067 665 1069 666 1069 697 1065 704 1065 709 1065 733 1068 734 1068 751 1064 757 1063 763 1064 777 1066 777 1066 778 1066 789 1063 793 1062 794 1063 799 1066 800 1066 801 1066 802 1066 825 1062 839 1061 939 1061 939 1048 937 1022 863 1029 844 1025 842 1024 841 1024 840 1024 839 1024 837 1025 822 1032 789 1032 773 1028 769 1026 768 1026 767 1026 766 1026 761 1028 749 1033 702 1033 696 1030 694 1028 693 1028 692 1028 691 1028 691 1028 683 1030 675 1033 639 1032 592 1030 591 1030 566 1035 549 1037 529 1036 490 1032 489 1032 489 1032 488 1032 481 1037 479 1040 447 1040 442 1039 423 1034 423 1034 422 1034 421 1034 420 1034 411 1040 410 1041 358 1041 359 1061"/>
                        </Shape>
                        <String CONTENT=""/>
                    </TextLine>

                    <TextLine ID="line_32" HPOS="361" VPOS="1059" WIDTH="577" HEIGHT="47" BASELINE="362 1094 938 1080" TAGREFS="TYPE_1">
                        <Shape>
                            <Polygon POINTS="362 1094 362 1102 410 1102 411 1102 427 1106 428 1106 429 1106 473 1101 481 1100 495 1100 563 1103 564 1103 586 1099 599 1097 610 1099 625 1102 625 1102 656 1098 672 1097 688 1098 707 1099 707 1099 716 1098 735 1094 937 1094 938 1080 935 1059 361 1071 362 1094"/>
                        </Shape>
                        <String CONTENT=""/>
                    </TextLine>

                    <TextLine ID="line_33" HPOS="361" VPOS="1086" WIDTH="577" HEIGHT="55" BASELINE="362 1127 938 1111" TAGREFS="TYPE_1">
                        <Shape>
                            <Polygon POINTS="362 1127 362 1139 388 1136 399 1138 419 1141 419 1141 420 1141 421 1141 427 1137 428 1135 488 1133 493 1135 504 1139 505 1139 506 1139 506 1139 525 1134 526 1134 528 1134 543 1138 543 1138 544 1138 570 1135 571 1135 572 1135 572 1135 574 1132 576 1130 634 1129 641 1131 658 1135 658 1135 659 1135 660 1135 661 1135 666 1130 669 1127 731 1127 736 1127 753 1132 753 1132 754 1132 831 1130 832 1130 850 1125 902 1128 903 1128 938 1121 938 1111 935 1093 901 1093 888 1086 887 1086 886 1086 885 1086 884 1086 873 1094 872 1094 864 1088 864 1088 863 1088 843 1088 843 1088 842 1088 841 1088 841 1089 835 1094 835 1094 833 1094 815 1088 814 1088 814 1088 813 1088 790 1094 783 1097 711 1098 707 1096 696 1091 695 1091 695 1091 694 1091 693 1091 685 1096 680 1098 640 1097 574 1094 573 1094 572 1094 564 1098 562 1099 548 1098 518 1096 518 1096 517 1096 511 1099 503 1103 494 1099 489 1097 488 1097 487 1097 474 1099 452 1105 438 1100 436 1099 435 1099 434 1099 433 1099 430 1100 414 1106 361 1102 362 1127"/>
                        </Shape>
                        <String CONTENT=""/>
                    </TextLine>

                    <TextLine ID="line_34" HPOS="362" VPOS="1123" WIDTH="577" HEIGHT="49" BASELINE="362 1157 939 1145" TAGREFS="TYPE_1">
                        <Shape>
                            <Polygon POINTS="362 1157 364 1172 370 1167 383 1172 386 1172 386 1172 387 1172 435 1172 436 1172 441 1170 450 1168 457 1169 461 1171 462 1171 463 1171 464 1171 467 1169 478 1164 502 1168 510 1169 510 1169 521 1168 555 1163 601 1166 622 1167 623 1167 624 1167 629 1165 637 1161 651 1164 663 1167 664 1167 665 1167 666 1167 669 1164 671 1163 699 1163 778 1164 779 1164 780 1164 790 1160 796 1157 862 1156 865 1159 869 1162 870 1162 871 1162 872 1163 900 1163 900 1162 901 1162 901 1162 908 1157 911 1155 917 1157 927 1160 928 1160 929 1160 930 1160 939 1156 939 1145 937 1123 740 1130 716 1128 687 1127 687 1127 686 1127 685 1127 681 1129 679 1131 677 1130 671 1127 670 1127 670 1127 669 1127 668 1127 668 1127 665 1130 663 1131 660 1130 652 1127 651 1127 650 1127 592 1128 591 1128 578 1132 575 1134 477 1135 475 1135 463 1131 462 1131 461 1131 429 1136 427 1136 427 1136 380 1133 379 1133 378 1133 362 1138 362 1157"/>
                        </Shape>
                        <String CONTENT=""/>
                    </TextLine>

                    <TextLine ID="line_35" HPOS="364" VPOS="1154" WIDTH="574" HEIGHT="61" BASELINE="365 1191 938 1177" TAGREFS="TYPE_1">
                        <Shape>
                            <Polygon POINTS="365 1191 365 1215 395 1215 396 1215 397 1215 408 1208 419 1213 419 1213 420 1214 462 1214 462 1213 463 1213 469 1212 501 1202 536 1209 549 1211 550 1211 594 1210 595 1210 596 1210 600 1206 609 1200 658 1201 665 1203 680 1208 681 1208 682 1208 683 1208 698 1201 708 1197 716 1201 722 1204 723 1204 724 1204 724 1204 738 1200 752 1197 765 1199 802 1205 803 1205 820 1205 821 1205 839 1196 843 1193 938 1191 938 1177 936 1157 875 1159 870 1158 857 1154 856 1154 855 1154 855 1154 846 1158 843 1160 814 1160 810 1159 805 1155 804 1155 803 1155 802 1155 802 1155 790 1159 782 1162 702 1163 698 1160 695 1159 695 1159 694 1159 693 1159 682 1160 662 1164 654 1161 649 1159 648 1159 647 1159 622 1162 604 1164 569 1163 533 1161 532 1161 531 1161 526 1163 516 1168 489 1164 486 1164 485 1164 485 1164 483 1164 464 1170 414 1170 364 1166 365 1191"/>
                        </Shape>
                        <String CONTENT=""/>
                    </TextLine>
</TextBlock>
                <TextBlock ID="block_5" HPOS="855" VPOS="1188" WIDTH="84" HEIGHT="32" TAGREFS="TYPE_26">
                    <Shape>
                        <Polygon POINTS="855.96484375 1188.6153564453125 939.5789794921875 1188.6153564453125 939.5789794921875 1220.734130859375 855.96484375 1220.734130859375 855.96484375 1188.6153564453125"/>
                    </Shape>
                    <TextLine ID="line_36" HPOS="853" VPOS="1184" WIDTH="86" HEIGHT="45" BASELINE="854 1211 939 1209" TAGREFS="TYPE_1">
                        <Shape>
                            <Polygon POINTS="854 1211 855 1229 870 1224 897 1229 898 1229 899 1229 900 1229 901 1229 901 1228 907 1223 938 1228 939 1209 938 1187 883 1185 882 1185 881 1185 880 1185 875 1189 868 1184 867 1184 866 1184 865 1184 864 1184 853 1189 854 1211"/>
                        </Shape>
                        <String CONTENT=""/>
                    </TextLine>
</TextBlock>
            </PrintSpace>
        </Page>
    </Layout>
</alto>