<?xml version="1.0" encoding="UTF-8"?>
<alto xmlns:xsi="http://www.w3.org/2001/XMLSchema-instance"
    xmlns="http://www.loc.gov/standards/alto/ns-v4#"
    xsi:schemaLocation="http://www.loc.gov/standards/alto/ns-v4# http://www.loc.gov/standards/alto/v4/alto-4-3.xsd">
    <Description>
        <MeasurementUnit>pixel</MeasurementUnit>
        <sourceImageInformation>
            <fileName>2013188.jpeg</fileName>
        </sourceImageInformation>
        <Processing ID="OCR_0">
            <processingCategory>other</processingCategory>
            <processingStepDescription>unknown</processingStepDescription>
            <processingSoftware>
                <softwareName>kraken</softwareName>
                <softwareVersion>4.3.13</softwareVersion>
            </processingSoftware>
        </Processing>
    </Description>
    <Tags>
        <OtherTag ID="TYPE_1" LABEL="DefaultLine"/>
        <OtherTag ID="TYPE_2" LABEL="MarginTextZone-ManuscriptAddendum"/>
        <OtherTag ID="TYPE_3" LABEL="TitlePageZone"/>
        <OtherTag ID="TYPE_4" LABEL="StampZone-Sticker"/>
        <OtherTag ID="TYPE_5" LABEL="StampZone"/>
        <OtherTag ID="TYPE_6" LABEL="MainZone-Entry-Continued"/>
        <OtherTag ID="TYPE_7" LABEL="GraphicZone-Maths"/>
        <OtherTag ID="TYPE_8" LABEL="FigureZone"/>
        <OtherTag ID="TYPE_9" LABEL="MainZone-Signature"/>
        <OtherTag ID="TYPE_10" LABEL="MainZone-P-Continued"/>
        <OtherTag ID="TYPE_11" LABEL="GraphicZone-Decoration"/>
        <OtherTag ID="TYPE_12" LABEL="MainZone-Date"/>
        <OtherTag ID="TYPE_13" LABEL="MainZone-Other"/>
        <OtherTag ID="TYPE_14" LABEL="TableZone-Continued"/>
        <OtherTag ID="TYPE_15" LABEL="MarginTextZone-Notes-Continued"/>
        <OtherTag ID="TYPE_16" LABEL="FigureZone-FigDesc"/>
        <OtherTag ID="TYPE_17" LABEL="MarginTextZone-Notes"/>
        <OtherTag ID="TYPE_18" LABEL="DropCapitalZone"/>
        <OtherTag ID="TYPE_19" LABEL="GraphicZone"/>
        <OtherTag ID="TYPE_20" LABEL="RunningTitleZone"/>
        <OtherTag ID="TYPE_21" LABEL="GraphicZone-FigDesc"/>
        <OtherTag ID="TYPE_22" LABEL="MainZone-Lg"/>
        <OtherTag ID="TYPE_23" LABEL="FigureZone-Head"/>
        <OtherTag ID="TYPE_24" LABEL="MainZone-P"/>
        <OtherTag ID="TYPE_25" LABEL="GraphicZone-Head"/>
        <OtherTag ID="TYPE_26" LABEL="QuireMarksZone"/>
        <OtherTag ID="TYPE_27" LABEL="MainZone-Sp"/>
        <OtherTag ID="TYPE_28" LABEL="MainZone-List"/>
        <OtherTag ID="TYPE_29" LABEL="GraphicZone-Part"/>
        <OtherTag ID="TYPE_30" LABEL="DigitizationArtefactZone"/>
        <OtherTag ID="TYPE_31" LABEL="MainZone-Entry"/>
        <OtherTag ID="TYPE_32" LABEL="TableZone-Head"/>
        <OtherTag ID="TYPE_33" LABEL="GraphicZone-TextualContent"/>
        <OtherTag ID="TYPE_34" LABEL="AdvertisementZone"/>
        <OtherTag ID="TYPE_35" LABEL="MainZone-List-Continued"/>
        <OtherTag ID="TYPE_36" LABEL="MainZone-Form"/>
        <OtherTag ID="TYPE_37" LABEL="MainZone-Head"/>
        <OtherTag ID="TYPE_38" LABEL="NumberingZone"/>
        <OtherTag ID="TYPE_39" LABEL="TitlePageZone-Index"/>
        <OtherTag ID="TYPE_40" LABEL="MainZone-Sp-Continued"/>
        <OtherTag ID="TYPE_41" LABEL="TableZone"/>
        <OtherTag ID="TYPE_42" LABEL="MainZone-Lg-Continued"/>
    </Tags>
    <Layout>
        <Page WIDTH="1000" HEIGHT="1448" PHYSICAL_IMG_NR="0" ID="page_0">
            <PrintSpace HPOS="0" VPOS="0" WIDTH="1000" HEIGHT="1448">
                <TextBlock ID="block_1" HPOS="466" VPOS="90" WIDTH="372" HEIGHT="41" TAGREFS="TYPE_20">
                    <Shape>
                        <Polygon POINTS="466.0158996582031 90.95191955566406 838.3712158203125 90.95191955566406 838.3712158203125 131.67127990722656 466.0158996582031 131.67127990722656 466.0158996582031 90.95191955566406"/>
                    </Shape>
                    <TextLine ID="line_0" HPOS="462" VPOS="90" WIDTH="376" HEIGHT="46" BASELINE="463 127 838 114" TAGREFS="TYPE_1">
                        <Shape>
                            <Polygon POINTS="752 107 744 107 736 107 728 107 720 107 711 107 703 107 695 107 687 107 679 107 671 107 663 107 655 107 647 107 639 107 636 107 626 108 625 107 623 107 615 107 607 107 604 107 602 110 572 110 565 107 559 107 551 107 543 107 536 107 530 110 526 108 524 107 518 107 510 107 502 107 494 107 486 107 478 107 476 107 462 111 463 127 463 130 504 136 505 136 506 136 506 136 517 129 520 129 549 133 550 133 573 128 578 127 580 128 590 132 591 132 592 132 592 132 601 128 604 126 606 127 611 131 611 132 612 132 613 132 613 133 626 133 626 132 660 131 661 131 668 127 674 123 706 123 710 126 716 129 717 129 718 129 719 129 729 126 744 121 764 125 773 127 773 127 838 123 838 114 835 90 761 93 760 93 759 93 757 94 752 97 752 107"/>
                        </Shape>
                        <String CONTENT=""/>
                    </TextLine>
</TextBlock>
                <TextBlock ID="block_5" HPOS="355" VPOS="107" WIDTH="49" HEIGHT="35" TAGREFS="TYPE_38">
                    <Shape>
                        <Polygon POINTS="355.0148620605469 107.83969116210938 404.26812744140625 107.83969116210938 404.26812744140625 142.76449584960938 355.0148620605469 142.76449584960938 355.0148620605469 107.83969116210938"/>
                    </Shape>
                    <TextLine ID="line_1" HPOS="354" VPOS="107" WIDTH="57" HEIGHT="45" BASELINE="357 132 411 128" TAGREFS="TYPE_1">
                        <Shape>
                            <Polygon POINTS="403 107 395 107 386 107 378 107 370 107 362 107 354 107 357 132 358 152 387 152 388 152 389 152 411 144 411 128 407 107 403 107"/>
                        </Shape>
                        <String CONTENT=""/>
                    </TextLine>
</TextBlock>
                <TextBlock ID="block_0" HPOS="357" VPOS="133" WIDTH="581" HEIGHT="689" TAGREFS="TYPE_10">
                    <Shape>
                        <Polygon POINTS="357.4305419921875 133.6047821044922 938.2172241210938 133.6047821044922 938.2172241210938 822.5581665039062 357.4305419921875 822.5581665039062 357.4305419921875 133.6047821044922"/>
                    </Shape>
                    <TextLine ID="line_2" HPOS="352" VPOS="121" WIDTH="578" HEIGHT="60" BASELINE="353 168 930 150" TAGREFS="TYPE_1">
                        <Shape>
                            <Polygon POINTS="755 142 750 129 732 125 732 125 731 125 730 125 692 135 648 135 624 128 623 128 622 128 621 128 603 137 563 130 562 130 511 131 510 131 483 141 469 135 469 135 468 135 431 139 417 135 416 135 415 135 415 135 397 144 352 145 353 168 353 181 432 180 433 180 485 171 589 172 590 172 591 172 604 168 623 173 624 173 625 173 654 167 683 172 683 172 684 172 685 172 686 172 695 164 764 163 769 167 770 167 771 167 772 167 773 167 783 162 813 162 820 166 821 166 822 166 823 166 873 164 874 164 875 164 882 159 930 164 930 150 929 128 893 121 892 121 891 121 870 129 848 124 847 124 847 124 846 124 846 125 839 131 823 131 800 123 799 123 798 123 765 124 764 124 763 124 759 127 755 142"/>
                        </Shape>
                        <String CONTENT=""/>
                    </TextLine>

                    <TextLine ID="line_3" HPOS="353" VPOS="157" WIDTH="576" HEIGHT="56" BASELINE="354 201 929 182" TAGREFS="TYPE_1">
                        <Shape>
                            <Polygon POINTS="354 201 354 209 378 213 378 213 435 207 450 205 454 206 465 210 466 210 467 210 468 210 469 210 473 206 476 204 561 202 572 204 593 206 594 206 595 206 608 202 618 200 629 202 641 205 641 205 642 205 650 201 653 201 692 201 760 201 761 201 783 198 833 193 928 194 929 182 926 164 891 164 881 157 880 157 880 157 879 157 878 157 866 161 816 160 815 160 814 160 783 168 782 168 765 168 710 169 689 164 688 164 687 164 687 164 686 164 680 168 661 165 660 165 659 165 658 165 658 166 651 172 617 166 616 166 567 172 539 169 538 169 537 169 536 169 527 176 510 176 496 177 494 177 474 171 473 171 473 171 472 171 448 179 447 179 444 179 403 173 402 173 401 173 400 173 390 181 390 181 353 181 354 201"/>
                        </Shape>
                        <String CONTENT=""/>
                    </TextLine>

                    <TextLine ID="line_4" HPOS="353" VPOS="189" WIDTH="577" HEIGHT="57" BASELINE="355 234 930 214" TAGREFS="TYPE_1">
                        <Shape>
                            <Polygon POINTS="355 234 355 246 407 242 436 244 450 245 451 245 470 242 523 236 551 239 567 241 567 241 568 241 579 238 595 234 617 236 637 238 638 238 666 234 690 230 699 233 712 236 713 236 714 236 748 230 765 228 778 230 809 233 810 233 869 226 881 224 885 225 904 230 905 230 905 230 906 230 930 222 930 214 928 193 880 189 880 189 879 189 868 195 864 197 832 197 830 197 821 193 820 193 788 193 787 193 786 193 765 199 757 201 660 204 643 203 569 200 568 200 567 200 547 207 543 208 536 207 497 202 497 202 496 202 495 202 487 209 480 203 479 203 478 203 477 203 477 203 476 203 468 209 467 211 448 211 442 210 403 205 402 205 401 205 386 213 353 213 355 234"/>
                        </Shape>
                        <String CONTENT=""/>
                    </TextLine>

                    <TextLine ID="line_5" HPOS="354" VPOS="222" WIDTH="576" HEIGHT="53" BASELINE="355 266 930 246" TAGREFS="TYPE_1">
                        <Shape>
                            <Polygon POINTS="355 266 355 275 547 267 573 270 592 271 593 271 594 271 604 268 616 265 626 268 633 270 634 270 635 270 690 268 691 268 691 268 694 266 699 263 705 266 708 267 709 267 710 267 719 265 740 261 769 263 785 265 786 265 786 265 787 265 790 263 798 259 929 259 930 246 927 225 913 227 911 225 908 222 907 222 906 222 905 222 905 222 896 226 890 228 886 226 880 222 879 222 854 222 853 222 852 222 841 228 837 230 835 228 830 224 829 224 828 224 827 224 827 224 811 228 802 225 801 225 800 225 799 225 786 230 781 232 776 230 767 226 766 226 739 226 738 226 737 226 736 226 736 227 732 232 729 234 719 232 686 228 685 228 684 228 658 234 652 236 647 235 637 232 636 232 635 232 634 232 633 232 629 236 628 237 621 236 590 231 589 231 570 232 569 232 568 232 558 238 556 239 555 238 543 233 543 233 542 233 501 241 493 242 487 241 455 236 454 236 453 236 440 242 439 244 354 246 355 266"/>
                        </Shape>
                        <String CONTENT=""/>
                    </TextLine>

                    <TextLine ID="line_6" HPOS="355" VPOS="255" WIDTH="575" HEIGHT="56" BASELINE="357 298 574 289 930 280" TAGREFS="TYPE_1">
                        <Shape>
                            <Polygon POINTS="357 298 357 311 423 303 432 309 432 309 433 309 434 309 435 309 436 309 436 308 442 304 493 308 494 308 495 308 522 300 652 303 653 303 654 303 654 303 664 296 672 302 673 302 674 302 674 302 675 302 694 295 733 300 734 300 770 292 808 292 823 298 824 298 825 298 831 298 850 296 851 296 851 296 851 296 859 290 876 290 888 296 888 296 889 296 890 296 891 296 899 289 928 295 930 280 927 255 877 264 843 264 827 258 825 258 824 258 823 258 807 259 806 259 806 259 794 267 744 267 735 261 734 261 733 261 714 261 713 261 706 262 658 270 619 264 614 264 613 264 613 264 612 264 612 265 600 272 554 272 533 267 529 267 528 267 527 267 526 267 526 267 514 275 452 275 443 270 441 269 440 269 440 269 433 271 403 277 355 273 357 298"/>
                        </Shape>
                        <String CONTENT=""/>
                    </TextLine>

                    <TextLine ID="line_7" HPOS="356" VPOS="291" WIDTH="574" HEIGHT="53" BASELINE="358 331 579 321 930 312" TAGREFS="TYPE_1">
                        <Shape>
                            <Polygon POINTS="358 331 358 344 443 338 450 341 452 341 452 341 453 341 454 341 456 341 462 337 484 339 491 340 492 340 493 340 495 339 508 333 542 335 543 335 567 331 583 335 590 337 591 337 592 337 592 337 599 334 613 329 647 332 649 332 650 332 652 332 691 327 718 329 758 332 759 332 798 325 812 323 820 324 831 326 831 326 832 326 833 326 833 325 835 324 837 321 930 319 930 312 929 294 884 291 883 291 882 291 871 295 862 291 861 291 860 291 860 291 859 291 859 292 854 296 854 296 832 296 831 296 790 292 790 292 789 292 788 292 777 298 777 299 767 299 726 299 709 294 708 294 707 294 707 294 706 294 706 295 699 300 689 301 682 301 679 301 632 296 631 296 598 304 597 304 586 300 585 300 584 300 525 305 508 300 507 300 506 300 506 300 478 308 477 308 475 308 458 302 457 302 456 302 356 311 358 331"/>
                        </Shape>
                        <String CONTENT=""/>
                    </TextLine>

                    <TextLine ID="line_8" HPOS="356" VPOS="321" WIDTH="576" HEIGHT="56" BASELINE="357 363 932 345" TAGREFS="TYPE_1">
                        <Shape>
                            <Polygon POINTS="357 363 357 377 380 377 381 377 382 377 382 376 387 371 440 374 440 374 441 374 468 367 479 373 480 373 481 373 481 373 499 368 514 371 515 371 516 371 532 365 574 367 575 367 576 367 576 367 583 363 596 366 596 366 597 366 672 361 738 364 756 365 757 365 757 365 763 363 782 357 792 362 794 363 795 363 796 363 804 362 827 357 836 361 839 362 839 362 840 362 850 360 883 354 891 358 893 359 893 359 894 359 895 359 896 359 897 358 904 353 913 357 916 359 917 359 917 359 932 357 932 345 930 325 902 321 901 321 901 321 900 321 892 326 891 327 832 328 802 329 794 322 793 322 792 322 777 322 777 322 776 322 775 322 762 330 732 324 731 324 730 324 716 332 703 324 702 324 701 324 654 326 654 326 653 326 645 333 631 327 630 327 629 327 600 328 572 329 571 329 552 337 551 337 550 337 527 330 526 330 526 330 525 330 498 339 497 339 497 339 478 332 477 332 477 332 476 332 442 341 440 341 356 343 357 363"/>
                        </Shape>
                        <String CONTENT=""/>
                    </TextLine>

                    <TextLine ID="line_9" HPOS="356" VPOS="352" WIDTH="575" HEIGHT="55" BASELINE="358 395 931 377" TAGREFS="TYPE_1">
                        <Shape>
                            <Polygon POINTS="358 395 358 406 399 407 399 407 400 407 401 407 403 405 407 402 451 403 481 404 481 404 493 402 513 398 541 400 555 402 556 402 557 402 565 400 583 395 609 399 619 399 620 399 621 399 625 398 637 393 683 392 716 395 730 396 731 396 732 396 732 396 734 394 738 391 771 394 780 394 781 394 781 394 782 394 783 393 788 389 853 390 876 391 877 391 878 391 879 391 879 390 880 390 885 386 930 388 931 377 930 357 906 352 905 352 905 352 904 352 903 352 893 358 837 361 805 362 798 362 751 359 750 359 749 359 748 359 743 364 742 365 692 366 691 366 682 359 681 359 680 359 679 359 646 366 631 361 630 361 629 361 592 369 590 370 568 370 559 365 558 365 557 365 556 365 545 370 532 364 531 364 530 364 356 376 358 395"/>
                        </Shape>
                        <String CONTENT=""/>
                    </TextLine>

                    <TextLine ID="line_10" HPOS="358" VPOS="386" WIDTH="573" HEIGHT="54" BASELINE="359 428 931 410" TAGREFS="TYPE_1">
                        <Shape>
                            <Polygon POINTS="359 428 359 439 429 440 430 440 431 440 442 436 450 434 463 436 482 438 483 438 484 438 497 434 509 431 517 434 528 436 529 436 530 436 530 436 531 436 531 436 534 433 536 431 577 431 625 431 626 431 627 431 628 431 630 430 634 427 651 429 682 431 683 431 683 431 684 431 684 431 688 427 690 426 718 427 779 428 780 428 781 428 789 424 793 422 831 421 846 422 880 425 881 425 882 425 883 425 883 424 888 420 889 419 931 419 931 410 930 393 892 386 891 386 890 386 873 394 830 394 814 389 814 389 813 389 812 389 797 395 782 390 781 390 781 390 716 397 684 393 683 393 683 393 668 400 633 402 625 402 610 395 609 395 609 395 581 396 580 396 553 404 552 404 542 399 541 399 540 399 502 405 483 399 482 399 481 399 465 400 464 400 463 400 455 407 444 401 444 401 443 401 442 401 423 408 423 409 358 410 359 428"/>
                        </Shape>
                        <String CONTENT=""/>
                    </TextLine>

                    <TextLine ID="line_11" HPOS="358" VPOS="418" WIDTH="576" HEIGHT="56" BASELINE="359 462 629 451 934 443" TAGREFS="TYPE_1">
                        <Shape>
                            <Polygon POINTS="359 474 394 468 405 472 406 472 407 472 407 472 408 472 414 467 505 469 515 469 516 469 517 469 518 468 530 463 552 463 569 467 575 468 576 468 576 468 582 466 602 460 674 462 674 462 736 456 753 460 765 461 765 461 934 452 934 443 931 419 911 418 910 418 909 418 906 419 888 425 864 420 858 419 857 419 856 419 853 420 835 427 823 421 819 420 818 420 818 420 817 420 811 422 788 429 744 430 709 425 703 424 703 424 702 424 701 424 700 425 688 432 647 434 609 434 588 428 587 428 586 428 585 428 582 428 547 436 531 431 530 431 530 431 477 431 460 432 459 432 448 438 436 433 436 433 435 433 434 433 433 433 433 434 426 440 411 435 411 435 410 435 373 439 358 436 359 462 359 474"/>
                        </Shape>
                        <String CONTENT=""/>
                    </TextLine>

                    <TextLine ID="line_12" HPOS="358" VPOS="452" WIDTH="576" HEIGHT="55" BASELINE="359 494 673 482 934 477" TAGREFS="TYPE_1">
                        <Shape>
                            <Polygon POINTS="359 494 359 504 384 507 385 507 386 507 396 503 403 501 426 502 439 503 440 503 440 503 441 503 443 501 448 499 473 501 504 503 505 503 571 498 641 493 667 495 690 497 691 497 691 497 703 494 717 490 758 493 778 493 779 493 780 493 785 492 796 488 806 491 806 491 807 491 810 491 843 486 858 489 867 492 868 492 868 492 934 487 934 477 932 454 855 458 845 456 814 452 814 452 813 452 788 459 784 460 781 459 769 453 769 453 768 453 734 454 733 454 713 461 707 464 658 464 653 464 633 457 633 457 632 457 613 458 613 458 612 458 601 465 600 466 598 465 584 459 583 459 582 459 581 459 580 459 570 466 569 467 567 466 547 460 546 460 545 460 492 468 480 462 479 462 478 462 477 462 457 469 429 464 428 464 405 468 384 465 383 465 382 465 382 465 371 473 370 474 358 474 359 494"/>
                        </Shape>
                        <String CONTENT=""/>
                    </TextLine>

                    <TextLine ID="line_13" HPOS="358" VPOS="484" WIDTH="576" HEIGHT="55" BASELINE="359 526 691 514 934 510" TAGREFS="TYPE_1">
                        <Shape>
                            <Polygon POINTS="359 526 359 539 516 528 565 534 568 534 569 534 572 534 596 530 615 533 617 533 617 533 618 533 619 533 619 532 628 524 648 523 702 522 713 530 714 530 715 530 716 530 716 530 735 522 759 528 760 528 761 528 790 522 873 524 874 524 875 524 890 517 933 523 934 510 931 489 901 489 900 489 888 484 887 484 886 484 885 484 875 489 851 484 850 484 849 484 823 491 820 492 818 492 793 487 792 487 791 487 773 493 770 493 765 493 740 489 740 489 716 494 712 495 711 494 695 489 694 489 693 489 692 489 691 489 691 489 684 495 683 496 680 496 646 490 645 490 644 490 643 490 643 491 637 497 636 497 627 497 562 493 561 493 560 493 539 498 521 494 520 494 519 494 500 501 499 501 485 496 484 496 483 496 482 496 461 502 456 504 441 504 440 502 433 497 432 497 432 497 431 497 382 504 377 505 376 505 366 499 365 499 364 499 363 499 362 499 358 501 359 526"/>
                        </Shape>
                        <String CONTENT=""/>
                    </TextLine>

                    <TextLine ID="line_14" HPOS="359" VPOS="521" WIDTH="575" HEIGHT="51" BASELINE="361 557 934 539" TAGREFS="TYPE_1">
                        <Shape>
                            <Polygon POINTS="361 557 361 572 382 572 382 571 383 571 384 571 384 571 389 566 398 570 399 571 399 571 400 571 425 570 426 570 429 569 450 561 526 560 533 564 534 565 534 565 535 565 536 565 537 565 542 564 563 559 579 563 585 563 586 563 609 561 637 558 649 559 670 563 671 563 672 563 673 563 679 558 683 555 694 557 702 559 703 559 712 556 728 553 732 555 740 560 740 560 741 560 742 560 777 559 806 552 814 551 819 552 827 555 827 555 828 555 848 551 857 549 860 550 869 554 870 554 871 554 872 554 872 554 878 549 933 547 934 539 931 521 728 522 727 522 716 527 714 528 712 527 699 523 699 523 698 523 674 529 668 530 657 530 621 527 621 527 620 527 609 530 607 531 599 531 542 528 541 528 540 528 518 534 514 535 359 538 361 557"/>
                        </Shape>
                        <String CONTENT=""/>
                    </TextLine>

                    <TextLine ID="line_15" HPOS="360" VPOS="550" WIDTH="577" HEIGHT="53" BASELINE="362 590 820 575 937 573" TAGREFS="TYPE_1">
                        <Shape>
                            <Polygon POINTS="755 564 752 558 727 556 691 554 691 554 690 554 689 554 683 558 676 562 655 562 607 559 562 558 561 558 539 562 511 567 496 563 487 560 486 560 485 560 467 561 466 561 465 561 463 563 457 568 442 564 436 563 435 563 434 563 422 565 399 569 390 566 387 564 386 564 386 564 385 564 384 564 382 566 376 570 360 567 362 590 362 598 383 603 384 603 444 596 462 595 485 596 522 597 523 597 538 595 549 592 561 594 580 596 581 596 582 596 583 596 587 593 591 591 641 592 683 593 684 593 701 591 728 587 753 590 759 590 760 590 764 589 787 584 935 585 937 573 934 551 826 556 821 554 813 550 812 550 811 550 810 550 796 555 786 559 757 559 755 564"/>
                        </Shape>
                        <String CONTENT=""/>
                    </TextLine>

                    <TextLine ID="line_16" HPOS="360" VPOS="580" WIDTH="578" HEIGHT="53" BASELINE="361 623 765 608 938 605" TAGREFS="TYPE_1">
                        <Shape>
                            <Polygon POINTS="361 623 361 633 381 630 439 631 476 632 477 632 497 629 526 625 538 627 548 629 549 629 564 626 577 623 582 625 588 628 588 628 589 628 590 628 598 625 605 622 617 624 635 626 636 626 637 626 637 626 642 623 646 620 691 619 701 621 717 623 718 623 805 621 806 621 823 615 825 615 830 615 873 618 874 618 875 618 876 618 876 617 880 613 901 616 902 616 938 610 938 605 935 581 868 586 860 584 853 582 852 582 851 582 851 582 843 584 834 588 819 588 817 585 811 580 810 580 810 580 809 580 764 587 705 584 704 584 667 592 656 593 646 592 609 587 609 587 593 588 592 588 592 588 581 595 580 596 571 595 551 593 550 593 549 593 541 596 539 597 536 596 526 592 525 592 469 592 469 592 468 592 446 600 444 600 442 600 433 597 432 597 432 597 403 601 390 596 389 596 388 596 387 596 360 603 361 623"/>
                        </Shape>
                        <String CONTENT=""/>
                    </TextLine>

                    <TextLine ID="line_17" HPOS="360" VPOS="613" WIDTH="576" HEIGHT="54" BASELINE="362 656 794 640 936 637" TAGREFS="TYPE_1">
                        <Shape>
                            <Polygon POINTS="755 631 749 618 733 615 732 615 732 615 731 615 731 616 727 620 724 623 702 623 684 621 663 617 662 617 662 617 647 621 633 626 612 626 605 622 600 620 600 620 599 620 542 621 529 625 507 630 451 632 428 626 425 626 424 626 420 627 399 632 360 629 362 656 362 667 399 666 400 666 401 666 409 661 425 666 426 666 427 666 427 666 463 659 510 662 521 663 522 663 541 662 613 654 629 658 633 659 634 659 635 659 636 659 642 658 662 651 684 651 692 655 694 656 695 656 695 656 701 655 727 649 771 653 794 654 794 654 818 650 851 646 855 649 859 651 860 651 860 651 861 651 936 645 936 637 934 615 772 613 771 613 770 613 769 613 769 614 765 619 762 621 758 620 755 631"/>
                        </Shape>
                        <String CONTENT=""/>
                    </TextLine>

                    <TextLine ID="line_18" HPOS="361" VPOS="645" WIDTH="576" HEIGHT="54" BASELINE="362 689 798 672 937 670" TAGREFS="TYPE_1">
                        <Shape>
                            <Polygon POINTS="756 660 748 660 739 660 731 660 723 660 715 660 707 660 699 660 691 660 683 660 674 660 666 660 658 660 654 660 604 662 596 660 594 660 586 660 578 660 570 660 568 660 559 663 551 660 546 660 538 660 534 660 534 661 530 663 526 661 523 660 522 660 514 660 506 660 497 660 492 660 490 662 485 666 456 662 435 661 434 661 361 665 362 689 362 699 389 695 419 699 427 699 428 699 429 699 430 699 431 699 438 694 465 697 473 698 473 698 474 698 478 697 497 691 561 689 623 691 624 691 651 686 748 687 756 687 757 687 759 687 788 681 866 683 868 683 869 683 870 683 882 678 935 681 937 670 934 650 864 652 864 652 850 645 849 645 848 645 811 647 810 647 810 647 810 648 803 654 802 655 757 656 756 660"/>
                        </Shape>
                        <String CONTENT=""/>
                    </TextLine>

                    <TextLine ID="line_19" HPOS="362" VPOS="674" WIDTH="575" HEIGHT="59" BASELINE="364 720 937 701" TAGREFS="TYPE_1">
                        <Shape>
                            <Polygon POINTS="364 720 364 727 403 733 404 733 441 732 442 732 456 725 460 724 462 725 478 731 479 731 480 731 507 730 508 730 525 724 531 722 543 724 572 728 572 728 598 723 614 719 629 722 646 724 646 724 647 724 656 721 667 718 705 720 709 720 710 720 711 720 711 720 722 715 730 720 734 722 735 722 736 722 769 721 770 721 778 719 794 715 806 719 810 719 810 719 811 719 812 719 814 718 823 714 847 718 851 718 852 718 858 717 912 709 921 715 921 715 922 715 923 716 937 716 937 701 934 682 911 682 901 674 900 674 899 674 898 674 839 684 839 684 792 678 791 678 762 679 761 679 744 687 729 681 728 681 728 681 727 681 711 688 711 689 648 691 646 691 601 684 600 684 600 684 588 688 573 686 572 686 572 686 571 686 571 686 563 693 530 686 529 686 496 694 488 688 487 688 486 688 485 688 485 688 484 688 473 696 465 690 465 690 464 690 463 690 429 694 411 691 410 691 409 691 386 699 385 700 362 700 364 720"/>
                        </Shape>
                        <String CONTENT=""/>
                    </TextLine>

                    <TextLine ID="line_20" HPOS="362" VPOS="708" WIDTH="575" HEIGHT="57" BASELINE="363 752 937 734" TAGREFS="TYPE_1">
                        <Shape>
                            <Polygon POINTS="363 752 363 760 379 765 380 765 381 765 459 762 460 762 460 762 460 761 465 757 486 761 487 761 517 755 518 755 521 755 586 758 587 758 616 752 617 752 619 752 687 755 687 755 688 755 712 748 713 748 740 748 775 747 792 751 793 751 794 751 820 745 883 748 884 748 937 740 937 734 935 715 910 708 909 708 909 708 908 708 888 714 861 710 860 710 860 710 832 719 831 719 828 719 788 712 787 712 786 712 771 720 723 722 717 722 716 722 706 715 705 715 704 715 685 715 684 715 637 725 634 725 633 725 611 718 610 718 609 718 573 727 572 727 571 727 535 720 534 720 534 720 510 729 509 730 467 730 458 730 444 725 444 725 443 725 442 725 441 725 433 732 432 732 362 733 363 752"/>
                        </Shape>
                        <String CONTENT=""/>
                    </TextLine>

                    <TextLine ID="line_21" HPOS="360" VPOS="740" WIDTH="578" HEIGHT="66" BASELINE="362 786 609 776 938 767" TAGREFS="TYPE_1">
                        <Shape>
                            <Polygon POINTS="362 786 362 803 374 806 375 806 376 806 386 802 411 795 432 799 432 799 469 793 484 798 485 798 485 798 486 798 497 792 535 791 576 797 588 798 589 798 619 796 651 793 674 793 699 795 699 795 700 795 704 793 711 789 724 793 732 794 733 794 746 792 784 783 818 789 827 791 828 791 843 789 857 786 866 788 873 789 874 789 875 789 880 788 897 782 913 786 917 788 918 788 919 788 938 785 938 767 936 745 885 745 870 740 869 740 868 740 868 740 855 747 852 748 845 747 805 742 804 742 803 742 791 748 789 749 787 748 777 744 777 744 776 744 775 744 761 748 730 744 729 744 728 744 710 750 702 753 633 754 626 752 617 749 616 749 615 749 597 753 580 756 572 753 563 750 563 750 562 750 561 750 560 750 555 754 552 756 545 754 534 751 534 751 533 751 532 751 519 755 505 759 484 756 469 753 468 753 467 753 460 756 449 761 427 757 423 756 423 756 422 756 420 757 413 761 398 757 387 756 386 756 360 758 362 786"/>
                        </Shape>
                        <String CONTENT=""/>
                    </TextLine>

                    <TextLine ID="line_22" HPOS="363" VPOS="794" WIDTH="170" HEIGHT="39" BASELINE="364 819 533 813" TAGREFS="TYPE_1">
                        <Shape>
                            <Polygon POINTS="476 814 468 814 460 814 452 814 444 814 436 816 427 816 419 816 411 816 403 816 395 818 387 818 379 818 371 818 363 818 364 819 364 833 407 825 428 829 432 829 432 829 433 829 436 828 440 826 442 827 444 829 444 830 444 830 445 830 446 830 467 826 469 825 470 825 480 829 481 829 481 829 482 829 493 823 497 821 533 819 533 813 532 802 523 794 522 794 522 794 521 794 489 795 489 795 488 795 478 800 476 814"/>
                        </Shape>
                        <String CONTENT=""/>
                    </TextLine>
</TextBlock>
                <TextBlock ID="block_3" HPOS="368" VPOS="820" WIDTH="576" HEIGHT="196" TAGREFS="TYPE_24">
                    <Shape>
                        <Polygon POINTS="368.0813903808594 820.0721435546875 944.9947509765625 820.0721435546875 944.9947509765625 1016.4530029296875 368.0813903808594 1016.4530029296875 368.0813903808594 820.0721435546875"/>
                    </Shape>
                    <TextLine ID="line_23" HPOS="396" VPOS="803" WIDTH="544" HEIGHT="56" BASELINE="398 847 775 835 940 833" TAGREFS="TYPE_1">
                        <Shape>
                            <Polygon POINTS="759 816 751 816 749 816 743 816 735 816 727 816 721 816 720 817 679 816 679 816 670 816 662 816 654 816 647 816 646 817 641 819 633 817 630 816 629 816 621 816 613 816 605 816 597 816 593 816 584 818 563 822 558 818 555 816 549 816 543 816 536 818 525 822 396 822 398 847 398 859 495 858 496 858 497 858 498 856 506 852 563 850 578 853 584 855 584 855 585 855 586 855 587 855 589 853 595 850 630 851 672 853 673 853 674 853 689 849 701 846 710 848 716 850 717 850 718 850 719 850 725 847 732 845 763 846 830 848 831 848 831 848 832 848 841 843 843 842 850 843 887 847 888 847 912 842 918 846 919 846 920 846 921 846 921 846 940 839 940 833 938 811 893 803 892 803 865 804 864 804 844 813 843 813 843 813 821 806 820 806 819 806 818 806 800 810 767 808 766 808 765 808 759 810 759 816"/>
                        </Shape>
                        <String CONTENT=""/>
                    </TextLine>

                    <TextLine ID="line_24" HPOS="367" VPOS="837" WIDTH="573" HEIGHT="57" BASELINE="369 881 854 866 940 867" TAGREFS="TYPE_1">
                        <Shape>
                            <Polygon POINTS="369 881 369 888 395 894 395 894 452 887 457 887 460 887 494 891 495 891 519 885 529 883 592 882 596 884 600 887 600 887 601 887 602 887 634 883 654 881 686 882 713 883 714 883 715 883 716 883 717 881 723 878 747 881 766 883 767 883 794 882 794 882 795 882 795 881 797 880 800 877 810 880 819 881 820 881 821 881 822 881 825 879 833 875 938 876 940 867 938 837 928 837 927 837 926 837 925 837 925 838 925 838 918 844 902 839 900 838 899 838 898 838 893 839 864 846 849 840 846 839 845 839 844 839 843 839 839 840 818 847 800 843 799 843 798 843 798 843 786 849 738 850 706 843 703 843 702 843 701 843 700 843 690 851 658 853 638 853 625 846 625 846 624 846 621 846 578 855 531 848 528 848 527 848 525 848 491 856 474 850 473 850 473 850 472 850 471 850 465 854 428 852 427 852 427 852 412 859 367 853 369 881"/>
                        </Shape>
                        <String CONTENT=""/>
                    </TextLine>

                    <TextLine ID="line_25" HPOS="366" VPOS="874" WIDTH="575" HEIGHT="52" BASELINE="367 915 941 896" TAGREFS="TYPE_1">
                        <Shape>
                            <Polygon POINTS="367 915 367 922 386 926 386 926 438 925 439 925 450 920 452 919 455 920 461 923 462 923 463 923 495 918 505 917 506 918 514 922 515 922 516 922 540 921 541 921 542 921 542 921 547 917 548 915 574 915 576 916 584 920 585 920 586 920 587 920 588 920 592 916 595 914 629 914 716 916 716 916 757 910 762 910 766 910 790 913 791 913 819 909 831 907 840 908 852 909 853 909 872 907 892 905 897 906 905 909 906 909 907 909 908 909 909 909 913 905 914 905 916 905 921 909 922 909 923 909 941 905 941 896 938 878 866 880 844 874 843 874 843 874 842 874 825 881 824 881 823 881 794 876 793 876 792 876 791 876 791 876 784 883 772 883 711 885 707 885 664 880 663 880 662 880 640 888 637 888 630 888 577 884 576 884 576 884 559 890 558 890 555 890 514 884 514 884 494 885 493 885 493 885 485 892 484 892 466 886 465 886 465 886 414 888 413 888 412 888 400 895 399 896 366 896 367 915"/>
                        </Shape>
                        <String CONTENT=""/>
                    </TextLine>

                    <TextLine ID="line_26" HPOS="367" VPOS="904" WIDTH="576" HEIGHT="55" BASELINE="369 946 818 931 943 931" TAGREFS="TYPE_1">
                        <Shape>
                            <Polygon POINTS="369 946 370 959 436 954 473 956 475 956 476 956 477 956 477 956 482 952 488 956 489 956 489 956 490 956 530 955 530 955 534 954 559 947 628 950 629 950 629 950 650 945 670 950 672 950 673 950 674 950 680 950 723 942 777 946 790 947 790 947 798 946 827 939 851 944 851 944 852 944 853 944 854 944 861 938 888 943 896 944 897 944 897 944 898 944 900 942 907 937 916 942 918 943 919 943 920 943 943 941 943 931 942 910 880 904 879 904 878 904 877 904 866 912 866 913 769 915 769 915 748 911 747 911 718 917 717 917 716 917 692 909 691 909 691 909 690 909 689 909 679 917 676 913 675 913 674 913 674 913 673 913 659 918 638 911 637 911 637 911 616 913 615 913 614 913 605 920 594 913 593 913 592 913 592 913 556 913 536 916 535 916 534 916 534 917 527 922 487 916 486 916 448 925 437 920 436 920 436 920 435 920 415 925 396 919 395 919 395 919 394 919 367 927 369 946"/>
                        </Shape>
                        <String CONTENT=""/>
                    </TextLine>

                    <TextLine ID="line_27" HPOS="369" VPOS="937" WIDTH="573" HEIGHT="55" BASELINE="369 979 942 962" TAGREFS="TYPE_1">
                        <Shape>
                            <Polygon POINTS="473 975 465 975 456 975 448 975 440 975 432 975 424 975 416 977 408 977 400 977 392 977 384 977 378 977 369 979 369 989 418 992 419 992 419 992 420 992 424 988 427 987 439 988 468 991 469 991 485 987 496 986 502 987 516 992 517 992 518 992 546 988 567 991 567 991 596 986 613 983 623 986 632 988 633 988 633 989 684 989 684 988 733 987 734 987 735 987 735 986 738 983 744 979 775 979 783 983 786 984 786 984 787 984 788 984 789 984 790 983 800 977 827 976 843 976 852 982 853 983 854 983 855 983 855 983 856 983 859 982 868 978 874 982 876 983 876 983 877 983 878 983 904 982 905 982 905 982 906 981 915 975 941 980 942 962 940 946 921 938 921 938 920 938 919 938 900 946 878 941 877 941 876 941 876 941 875 941 868 946 847 937 846 937 845 937 808 938 807 938 806 938 792 948 780 945 779 945 778 945 777 945 777 945 770 949 744 940 743 940 742 940 717 941 716 941 716 941 703 950 681 950 669 942 668 942 667 942 666 942 666 942 652 950 627 943 626 943 625 943 599 944 598 944 580 953 565 946 564 946 546 946 545 946 475 962 473 975"/>
                        </Shape>
                        <String CONTENT=""/>
                    </TextLine>

                    <TextLine ID="line_28" HPOS="368" VPOS="983" WIDTH="103" HEIGHT="41" BASELINE="369 1011 471 1009" TAGREFS="TYPE_1">
                        <Shape>
                            <Polygon POINTS="369 1011 369 1024 407 1017 417 1020 425 1023 426 1023 427 1023 471 1015 471 1009 469 986 408 991 397 986 392 983 391 983 390 983 368 985 369 1011"/>
                        </Shape>
                        <String CONTENT=""/>
                    </TextLine>
</TextBlock>
                <TextBlock ID="block_2" HPOS="368" VPOS="1014" WIDTH="578" HEIGHT="200" TAGREFS="TYPE_24">
                    <Shape>
                        <Polygon POINTS="368.14398193359375 1014.3779296875 946.7424926757812 1014.3779296875 946.7424926757812 1214.2117919921875 368.14398193359375 1214.2117919921875 368.14398193359375 1014.3779296875"/>
                    </Shape>
                    <TextLine ID="line_29" HPOS="399" VPOS="994" WIDTH="547" HEIGHT="63" BASELINE="400 1044 788 1029 946 1026" TAGREFS="TYPE_1">
                        <Shape>
                            <Polygon POINTS="400 1044 400 1052 411 1056 411 1056 412 1056 413 1056 428 1051 436 1057 436 1057 437 1057 438 1057 492 1048 495 1048 496 1048 506 1053 506 1053 507 1053 529 1048 551 1053 551 1053 552 1053 607 1052 608 1052 629 1044 631 1044 633 1044 661 1049 662 1049 662 1049 663 1049 663 1048 670 1043 699 1048 699 1048 720 1048 721 1048 722 1048 729 1042 784 1045 785 1045 786 1045 786 1045 786 1044 794 1038 794 1038 814 1044 815 1044 816 1044 858 1036 877 1042 878 1042 879 1042 880 1042 897 1035 897 1034 946 1032 946 1026 943 1003 913 1003 900 994 899 994 898 994 883 994 882 994 839 995 839 995 838 995 838 996 827 1007 827 1007 808 1007 798 999 797 999 796 999 795 999 794 999 768 1009 767 1009 749 1000 748 1000 723 999 722 999 721 999 699 1010 681 1001 680 1001 679 1001 679 1001 653 1013 652 1014 621 1014 620 1014 609 1006 609 1006 608 1006 607 1006 606 1006 584 1016 583 1016 581 1016 554 1009 553 1009 552 1009 531 1017 530 1017 530 1017 503 1010 502 1010 502 1010 501 1010 500 1010 490 1016 473 1011 473 1011 472 1011 432 1011 432 1011 399 1021 400 1044"/>
                        </Shape>
                        <String CONTENT=""/>
                    </TextLine>

                    <TextLine ID="line_30" HPOS="367" VPOS="1032" WIDTH="578" HEIGHT="58" BASELINE="368 1077 770 1062 945 1060" TAGREFS="TYPE_1">
                        <Shape>
                            <Polygon POINTS="368 1077 368 1084 415 1090 416 1090 417 1090 438 1082 443 1081 452 1082 489 1086 490 1086 517 1081 522 1080 526 1081 539 1086 540 1086 541 1086 542 1086 559 1080 567 1077 614 1078 688 1081 689 1081 711 1077 732 1073 743 1076 746 1077 747 1077 748 1077 758 1075 792 1070 802 1073 803 1073 804 1073 805 1073 819 1069 824 1074 827 1076 827 1076 828 1076 829 1076 859 1075 860 1075 860 1075 864 1073 871 1069 884 1073 888 1073 889 1073 890 1073 927 1073 928 1073 929 1073 930 1072 934 1068 942 1071 945 1060 943 1038 922 1032 921 1032 921 1032 920 1032 919 1032 919 1033 912 1040 910 1040 894 1040 893 1040 869 1034 868 1034 826 1041 819 1042 809 1042 750 1038 749 1038 723 1044 715 1046 664 1047 659 1045 648 1041 647 1041 646 1041 615 1046 595 1049 563 1048 523 1045 522 1045 448 1048 447 1048 438 1050 423 1055 367 1053 368 1077"/>
                        </Shape>
                        <String CONTENT=""/>
                    </TextLine>

                    <TextLine ID="line_31" HPOS="367" VPOS="1065" WIDTH="579" HEIGHT="57" BASELINE="369 1109 811 1094 946 1092" TAGREFS="TYPE_1">
                        <Shape>
                            <Polygon POINTS="369 1109 369 1117 407 1116 408 1117 415 1120 416 1120 417 1120 418 1120 427 1116 428 1115 429 1116 440 1121 441 1121 442 1122 468 1122 468 1121 469 1121 469 1121 469 1120 477 1114 478 1114 533 1117 534 1117 534 1117 535 1117 543 1112 553 1117 554 1117 555 1117 555 1117 570 1113 613 1116 614 1116 615 1116 637 1109 640 1108 644 1108 683 1114 684 1114 685 1114 686 1114 692 1108 716 1106 720 1106 728 1110 729 1110 730 1110 731 1110 761 1104 763 1104 764 1104 775 1110 776 1110 777 1110 823 1103 835 1109 836 1109 837 1109 883 1107 884 1107 884 1107 893 1099 910 1099 927 1106 928 1106 929 1106 930 1106 946 1098 946 1092 944 1069 930 1065 929 1065 928 1065 927 1065 926 1065 926 1065 920 1071 898 1071 885 1065 884 1065 884 1065 883 1065 860 1073 860 1073 833 1073 832 1073 813 1067 812 1067 811 1067 762 1076 761 1076 760 1076 738 1069 737 1069 736 1069 736 1069 735 1069 727 1077 713 1070 712 1070 711 1070 711 1070 710 1070 710 1071 703 1077 703 1078 659 1079 658 1079 640 1073 639 1073 638 1073 637 1073 637 1073 637 1073 630 1080 615 1073 614 1073 613 1073 596 1074 595 1074 594 1074 583 1081 560 1076 559 1076 559 1076 558 1076 534 1083 534 1083 516 1077 515 1077 514 1077 514 1077 513 1077 505 1082 492 1079 491 1079 490 1079 489 1079 467 1086 465 1086 451 1086 451 1086 444 1080 443 1080 442 1080 441 1080 415 1084 392 1081 391 1081 390 1081 367 1088 369 1109"/>
                        </Shape>
                        <String CONTENT=""/>
                    </TextLine>

                    <TextLine ID="line_32" HPOS="369" VPOS="1100" WIDTH="577" HEIGHT="51" BASELINE="370 1140 946 1124" TAGREFS="TYPE_1">
                        <Shape>
                            <Polygon POINTS="370 1140 370 1147 424 1151 425 1151 497 1144 514 1143 520 1144 542 1147 543 1147 567 1143 575 1142 581 1143 596 1146 596 1146 597 1146 598 1146 602 1143 604 1140 629 1140 639 1142 655 1144 656 1144 657 1144 658 1144 661 1141 663 1139 687 1139 700 1140 715 1143 716 1143 716 1143 717 1143 720 1140 723 1139 756 1139 786 1140 786 1140 787 1140 788 1140 790 1139 794 1136 807 1139 814 1139 815 1139 816 1139 820 1139 830 1135 838 1138 839 1139 840 1139 841 1139 842 1139 846 1138 860 1134 867 1137 868 1138 869 1138 870 1138 878 1137 917 1132 945 1135 946 1124 944 1107 917 1106 911 1100 910 1100 909 1100 909 1100 908 1100 884 1106 817 1102 816 1102 815 1102 814 1102 814 1103 808 1109 807 1110 804 1109 792 1105 791 1105 790 1105 790 1105 789 1105 782 1109 780 1110 771 1109 743 1104 742 1104 741 1104 724 1110 713 1114 580 1115 575 1111 572 1110 572 1110 571 1110 547 1110 546 1110 545 1110 539 1112 531 1115 520 1112 514 1110 513 1110 512 1110 502 1112 473 1120 426 1121 369 1114 370 1140"/>
                        </Shape>
                        <String CONTENT=""/>
                    </TextLine>

                    <TextLine ID="line_33" HPOS="369" VPOS="1135" WIDTH="576" HEIGHT="45" BASELINE="370 1174 945 1156" TAGREFS="TYPE_1">
                        <Shape>
                            <Polygon POINTS="370 1174 370 1180 580 1180 580 1180 596 1175 602 1173 609 1174 629 1178 630 1178 631 1178 640 1173 643 1172 654 1173 678 1176 679 1176 679 1176 680 1176 680 1176 685 1172 686 1171 688 1172 697 1176 698 1176 699 1176 748 1170 771 1168 778 1169 787 1171 788 1171 802 1168 814 1165 944 1164 945 1156 943 1136 761 1135 760 1135 735 1140 720 1143 716 1140 709 1137 708 1137 707 1137 707 1137 697 1141 690 1144 655 1145 624 1142 604 1140 603 1140 602 1140 593 1143 576 1147 551 1144 551 1144 550 1144 533 1148 517 1144 514 1143 513 1143 512 1143 505 1144 472 1151 450 1146 447 1145 446 1145 440 1146 400 1152 369 1147 370 1174"/>
                        </Shape>
                        <String CONTENT=""/>
                    </TextLine>

                    <TextLine ID="line_34" HPOS="368" VPOS="1162" WIDTH="578" HEIGHT="72" BASELINE="369 1206 946 1190" TAGREFS="TYPE_1">
                        <Shape>
                            <Polygon POINTS="369 1206 370 1232 375 1228 383 1231 392 1234 393 1234 394 1234 496 1231 497 1231 514 1226 559 1229 559 1229 560 1229 574 1223 583 1219 596 1222 603 1224 604 1224 604 1224 618 1221 647 1215 656 1220 662 1222 662 1222 663 1222 664 1222 679 1219 681 1218 683 1218 697 1225 698 1225 699 1225 736 1217 758 1221 759 1221 760 1221 782 1214 789 1213 793 1214 817 1222 818 1222 818 1222 819 1222 820 1222 834 1212 837 1209 844 1212 852 1214 853 1214 854 1214 855 1214 855 1214 855 1213 859 1211 861 1208 946 1207 946 1190 945 1167 930 1162 930 1162 929 1162 900 1169 890 1171 882 1169 855 1164 854 1164 820 1169 800 1166 799 1166 798 1166 798 1166 790 1171 727 1168 726 1168 684 1169 683 1169 670 1176 666 1178 600 1179 598 1178 592 1175 591 1175 590 1175 534 1180 523 1181 522 1180 515 1177 514 1177 514 1177 460 1180 440 1176 440 1176 439 1176 438 1176 416 1184 368 1185 369 1206"/>
                        </Shape>
                        <String CONTENT=""/>
                    </TextLine>
</TextBlock>
                <TextBlock ID="block_4" HPOS="859" VPOS="1200" WIDTH="81" HEIGHT="33" TAGREFS="TYPE_26">
                    <Shape>
                        <Polygon POINTS="859.4640502929688 1200.2161865234375 940.6428833007812 1200.2161865234375 940.6428833007812 1233.7952880859375 859.4640502929688 1233.7952880859375 859.4640502929688 1200.2161865234375"/>
                    </Shape>
                    <TextLine ID="line_35" HPOS="859" VPOS="1196" WIDTH="84" HEIGHT="41" BASELINE="859 1223 943 1223" TAGREFS="TYPE_1">
                        <Shape>
                            <Polygon POINTS="859 1223 859 1237 943 1234 943 1223 943 1202 915 1202 908 1196 907 1196 906 1196 905 1196 905 1196 886 1201 875 1196 874 1196 873 1196 872 1196 859 1201 859 1223"/>
                        </Shape>
                        <String CONTENT=""/>
                    </TextLine>
</TextBlock>
            </PrintSpace>
        </Page>
    </Layout>
</alto>