<?xml version="1.0" encoding="UTF-8"?>
<alto xmlns:xsi="http://www.w3.org/2001/XMLSchema-instance"
    xmlns="http://www.loc.gov/standards/alto/ns-v4#"
    xsi:schemaLocation="http://www.loc.gov/standards/alto/ns-v4# http://www.loc.gov/standards/alto/v4/alto-4-3.xsd">
    <Description>
        <MeasurementUnit>pixel</MeasurementUnit>
        <sourceImageInformation>
            <fileName>2013201.jpeg</fileName>
        </sourceImageInformation>
        <Processing ID="OCR_0">
            <processingCategory>other</processingCategory>
            <processingStepDescription>unknown</processingStepDescription>
            <processingSoftware>
                <softwareName>kraken</softwareName>
                <softwareVersion>4.3.13</softwareVersion>
            </processingSoftware>
        </Processing>
    </Description>
    <Tags>
        <OtherTag ID="TYPE_1" LABEL="DefaultLine"/>
        <OtherTag ID="TYPE_2" LABEL="TableZone"/>
        <OtherTag ID="TYPE_3" LABEL="MainZone-Other"/>
        <OtherTag ID="TYPE_4" LABEL="GraphicZone-FigDesc"/>
        <OtherTag ID="TYPE_5" LABEL="GraphicZone-Decoration"/>
        <OtherTag ID="TYPE_6" LABEL="GraphicZone-TextualContent"/>
        <OtherTag ID="TYPE_7" LABEL="DropCapitalZone"/>
        <OtherTag ID="TYPE_8" LABEL="MainZone-Sp"/>
        <OtherTag ID="TYPE_9" LABEL="MainZone-P"/>
        <OtherTag ID="TYPE_10" LABEL="MarginTextZone-Notes"/>
        <OtherTag ID="TYPE_11" LABEL="MainZone-Signature"/>
        <OtherTag ID="TYPE_12" LABEL="TitlePageZone-Index"/>
        <OtherTag ID="TYPE_13" LABEL="TableZone-Head"/>
        <OtherTag ID="TYPE_14" LABEL="NumberingZone"/>
        <OtherTag ID="TYPE_15" LABEL="GraphicZone-Part"/>
        <OtherTag ID="TYPE_16" LABEL="GraphicZone-Head"/>
        <OtherTag ID="TYPE_17" LABEL="FigureZone-FigDesc"/>
        <OtherTag ID="TYPE_18" LABEL="MainZone-P-Continued"/>
        <OtherTag ID="TYPE_19" LABEL="MainZone-List"/>
        <OtherTag ID="TYPE_20" LABEL="TitlePageZone"/>
        <OtherTag ID="TYPE_21" LABEL="GraphicZone-Maths"/>
        <OtherTag ID="TYPE_22" LABEL="FigureZone"/>
        <OtherTag ID="TYPE_23" LABEL="MainZone-Date"/>
        <OtherTag ID="TYPE_24" LABEL="GraphicZone"/>
        <OtherTag ID="TYPE_25" LABEL="AdvertisementZone"/>
        <OtherTag ID="TYPE_26" LABEL="MainZone-Lg"/>
        <OtherTag ID="TYPE_27" LABEL="QuireMarksZone"/>
        <OtherTag ID="TYPE_28" LABEL="TableZone-Continued"/>
        <OtherTag ID="TYPE_29" LABEL="MainZone-Form"/>
        <OtherTag ID="TYPE_30" LABEL="MainZone-Entry"/>
        <OtherTag ID="TYPE_31" LABEL="MarginTextZone-ManuscriptAddendum"/>
        <OtherTag ID="TYPE_32" LABEL="DigitizationArtefactZone"/>
        <OtherTag ID="TYPE_33" LABEL="MarginTextZone-Notes-Continued"/>
        <OtherTag ID="TYPE_34" LABEL="MainZone-Lg-Continued"/>
        <OtherTag ID="TYPE_35" LABEL="StampZone"/>
        <OtherTag ID="TYPE_36" LABEL="MainZone-Entry-Continued"/>
        <OtherTag ID="TYPE_37" LABEL="MainZone-List-Continued"/>
        <OtherTag ID="TYPE_38" LABEL="MainZone-Head"/>
        <OtherTag ID="TYPE_39" LABEL="MainZone-Sp-Continued"/>
        <OtherTag ID="TYPE_40" LABEL="RunningTitleZone"/>
        <OtherTag ID="TYPE_41" LABEL="FigureZone-Head"/>
        <OtherTag ID="TYPE_42" LABEL="StampZone-Sticker"/>
    </Tags>
    <Layout>
        <Page WIDTH="1000" HEIGHT="1448" PHYSICAL_IMG_NR="0" ID="page_0">
            <PrintSpace HPOS="0" VPOS="0" WIDTH="1000" HEIGHT="1448">
                <TextBlock ID="block_2" HPOS="583" VPOS="90" WIDTH="55" HEIGHT="42" TAGREFS="TYPE_14">
                    <Shape>
                        <Polygon POINTS="583.0567626953125 90.27149200439453 638.8289794921875 90.27149200439453 638.8289794921875 132.43133544921875 583.0567626953125 132.43133544921875 583.0567626953125 90.27149200439453"/>
                    </Shape>
                    <TextLine ID="line_0" HPOS="583" VPOS="81" WIDTH="50" HEIGHT="58" BASELINE="584 118 633 116" TAGREFS="TYPE_1">
                        <Shape>
                            <Polygon POINTS="584 118 584 137 614 135 632 139 633 116 630 83 623 86 617 84 607 81 606 81 605 81 604 81 583 87 584 118"/>
                        </Shape>
                        <String CONTENT=""/>
                    </TextLine>
</TextBlock>
                <TextBlock ID="block_5" HPOS="259" VPOS="84" WIDTH="172" HEIGHT="39" TAGREFS="TYPE_40">
                    <Shape>
                        <Polygon POINTS="259.4727478027344 84.63800048828125 431.99591064453125 84.63800048828125 431.99591064453125 123.46510314941406 259.4727478027344 123.46510314941406 259.4727478027344 84.63800048828125"/>
                    </Shape>
                    <TextLine ID="line_1" HPOS="260" VPOS="103" WIDTH="125" HEIGHT="21" BASELINE="260 113 385 113" TAGREFS="TYPE_1">
                        <Shape>
                            <Polygon POINTS="381 103 373 103 365 103 357 103 349 103 341 103 333 103 325 103 316 103 308 103 300 103 292 103 284 103 276 103 268 103 260 103 260 113 260 119 282 124 283 124 330 119 361 124 362 124 385 119 385 113 384 103 381 103"/>
                        </Shape>
                        <String CONTENT=""/>
                    </TextLine>

                    <TextLine ID="line_2" HPOS="395" VPOS="103" WIDTH="34" HEIGHT="21" BASELINE="395 114 429 115" TAGREFS="TYPE_1">
                        <Shape>
                            <Polygon POINTS="427 103 419 103 411 103 403 103 395 103 395 114 395 119 427 124 429 115 427 103 427 103"/>
                        </Shape>
                        <String CONTENT=""/>
                    </TextLine>
</TextBlock>
                <TextBlock ID="block_3" HPOS="51" VPOS="128" WIDTH="583" HEIGHT="328" TAGREFS="TYPE_18">
                    <Shape>
                        <Polygon POINTS="51.219581604003906 128.5714111328125 634.0899658203125 128.5714111328125 634.0899658203125 456.6977233886719 51.219581604003906 456.6977233886719 51.219581604003906 128.5714111328125"/>
                    </Shape>
                    <TextLine ID="line_3" HPOS="53" VPOS="117" WIDTH="576" HEIGHT="56" BASELINE="54 150 629 159" TAGREFS="TYPE_1">
                        <Shape>
                            <Polygon POINTS="54 150 53 161 153 166 154 166 168 164 184 161 189 164 191 167 192 167 193 167 193 167 222 165 236 164 246 166 265 168 266 168 284 167 315 163 350 168 367 170 368 171 396 171 396 170 397 170 399 169 409 164 472 164 484 171 486 172 487 172 488 172 494 171 513 168 523 172 524 172 525 172 526 172 526 172 527 172 534 167 564 171 565 171 566 171 575 167 628 173 629 159 629 136 476 135 471 131 462 123 461 123 460 123 460 123 419 129 392 132 373 127 352 122 351 122 350 122 349 122 337 126 333 127 327 126 315 122 314 122 313 122 312 122 305 125 304 126 301 125 293 121 292 121 292 121 258 122 257 122 253 123 234 130 218 122 216 121 215 121 214 121 213 121 211 122 196 127 184 124 183 124 182 124 160 129 143 119 140 119 139 119 54 117 54 150"/>
                        </Shape>
                        <String CONTENT=""/>
                    </TextLine>

                    <TextLine ID="line_4" HPOS="54" VPOS="157" WIDTH="575" HEIGHT="48" BASELINE="55 182 629 191" TAGREFS="TYPE_1">
                        <Shape>
                            <Polygon POINTS="55 182 54 194 211 193 227 198 232 199 233 199 234 199 239 198 256 194 270 198 275 200 275 200 276 200 286 199 311 195 317 199 319 201 320 201 320 201 321 201 331 199 347 197 379 200 395 201 396 201 397 201 402 201 415 197 421 201 423 202 424 202 425 202 426 202 440 201 469 197 490 201 492 201 493 201 493 201 508 198 518 202 523 204 524 204 525 204 537 202 559 199 575 199 581 203 584 205 584 205 585 205 586 205 629 203 629 191 629 171 577 163 576 163 576 163 558 168 549 163 548 163 547 163 547 163 546 163 527 168 514 162 513 162 512 162 511 162 494 168 493 168 490 168 472 161 471 161 470 161 469 161 457 168 456 168 432 168 430 167 422 160 421 160 420 160 419 160 378 166 370 167 364 166 343 160 342 160 341 160 341 160 326 165 323 166 319 164 306 161 305 161 304 161 281 164 271 165 263 164 235 158 234 158 199 163 197 163 196 163 189 157 189 157 188 157 187 157 163 162 158 163 152 162 132 157 131 157 131 157 121 161 116 163 55 160 55 182"/>
                        </Shape>
                        <String CONTENT=""/>
                    </TextLine>

                    <TextLine ID="line_5" HPOS="53" VPOS="190" WIDTH="575" HEIGHT="47" BASELINE="54 215 628 221" TAGREFS="TYPE_1">
                        <Shape>
                            <Polygon POINTS="54 215 53 224 69 230 70 230 71 230 72 230 82 226 108 226 115 230 115 231 115 231 116 231 136 232 137 232 138 232 150 226 197 232 197 232 223 227 236 231 237 231 238 231 294 227 312 233 313 233 314 233 315 233 316 233 324 228 340 234 341 234 341 234 342 234 356 229 362 233 362 233 363 233 364 233 365 233 380 228 437 228 446 234 447 234 448 234 448 234 518 231 546 236 547 236 547 236 559 231 563 236 564 236 565 236 566 237 601 237 601 236 627 230 628 221 627 202 576 202 576 201 568 195 567 195 567 195 566 195 481 201 474 201 473 201 465 193 465 193 464 193 463 193 462 193 436 200 419 193 418 193 401 193 400 193 399 193 399 193 391 200 390 200 362 200 362 199 353 193 352 193 351 193 350 193 305 199 301 199 299 199 275 192 274 192 273 192 230 197 219 191 218 191 218 191 135 195 106 190 106 190 105 190 87 196 74 192 73 192 72 192 71 192 54 196 54 215"/>
                        </Shape>
                        <String CONTENT=""/>
                    </TextLine>

                    <TextLine ID="line_6" HPOS="53" VPOS="222" WIDTH="578" HEIGHT="46" BASELINE="53 248 631 255" TAGREFS="TYPE_1">
                        <Shape>
                            <Polygon POINTS="53 248 53 259 181 263 182 263 200 260 207 259 222 261 260 264 261 264 262 264 263 264 267 261 271 259 308 259 329 262 349 265 350 265 371 262 385 260 388 263 393 266 394 266 395 266 395 266 396 266 410 263 419 260 435 263 450 265 451 265 475 263 502 261 510 263 522 267 522 267 523 267 555 264 566 268 567 268 567 268 589 267 590 267 591 267 594 264 596 263 629 264 631 255 631 235 574 234 573 234 564 228 563 228 563 228 562 228 561 228 547 233 497 227 497 227 496 227 495 227 489 232 488 234 452 234 449 231 439 226 438 226 394 226 393 226 392 226 391 226 386 230 384 232 382 230 376 226 375 226 374 226 374 226 373 226 362 230 359 231 350 230 327 226 326 226 325 226 316 229 311 231 307 229 299 225 298 225 297 225 267 228 249 230 238 228 230 226 229 226 228 226 211 227 189 230 171 226 151 223 150 223 136 226 122 229 113 226 105 222 104 222 103 222 53 224 53 248"/>
                        </Shape>
                        <String CONTENT=""/>
                    </TextLine>

                    <TextLine ID="line_7" HPOS="53" VPOS="254" WIDTH="580" HEIGHT="49" BASELINE="53 279 633 287" TAGREFS="TYPE_1">
                        <Shape>
                            <Polygon POINTS="53 279 53 291 78 296 79 296 80 296 93 292 98 290 102 292 111 296 112 296 113 296 114 296 115 296 121 292 121 292 122 292 127 296 127 296 128 296 129 296 149 293 169 297 170 297 209 293 216 293 221 294 246 298 247 298 248 298 259 294 264 293 269 295 284 299 285 299 286 299 287 299 296 295 300 293 341 293 351 296 364 300 365 300 366 300 366 300 378 296 387 294 415 296 459 301 460 302 501 302 501 301 502 301 508 298 514 296 572 296 581 300 592 303 593 303 594 303 632 300 633 287 633 267 613 261 613 261 612 261 584 267 580 267 542 267 539 265 518 259 517 259 516 259 472 264 460 265 458 263 450 259 449 259 448 259 448 259 447 259 437 263 435 265 409 265 403 263 386 258 386 258 385 258 364 262 356 263 353 262 344 257 343 257 342 257 341 257 325 261 325 261 314 257 313 257 312 257 312 257 303 261 299 263 294 260 283 256 283 256 282 256 250 259 230 262 222 259 213 255 212 255 211 255 194 259 185 260 182 259 179 256 178 256 177 256 176 256 155 258 124 260 118 257 112 255 111 255 111 255 110 255 102 257 93 259 82 256 74 254 73 254 72 254 53 255 53 279"/>
                        </Shape>
                        <String CONTENT=""/>
                    </TextLine>

                    <TextLine ID="line_8" HPOS="53" VPOS="286" WIDTH="579" HEIGHT="48" BASELINE="53 312 632 320" TAGREFS="TYPE_1">
                        <Shape>
                            <Polygon POINTS="53 321 169 329 170 330 213 330 213 329 214 329 215 329 222 324 227 329 227 330 228 330 229 330 230 330 275 324 277 324 280 324 326 331 327 331 328 331 341 325 341 325 358 332 359 332 360 332 399 326 399 326 407 332 407 333 407 333 408 333 459 333 460 333 489 328 531 328 538 333 538 334 539 334 539 334 540 334 631 329 632 320 631 298 508 292 507 292 493 295 469 299 408 293 382 291 381 291 380 291 379 291 377 292 368 298 343 298 320 297 309 291 307 290 306 290 305 290 299 291 271 296 263 290 263 289 262 289 261 289 260 289 259 289 257 290 241 296 169 296 154 287 153 287 152 287 152 287 151 287 150 287 141 295 117 295 100 287 99 287 98 287 98 287 97 287 72 293 54 286 53 312 53 321"/>
                        </Shape>
                        <String CONTENT=""/>
                    </TextLine>

                    <TextLine ID="line_9" HPOS="53" VPOS="320" WIDTH="580" HEIGHT="47" BASELINE="53 345 633 353" TAGREFS="TYPE_1">
                        <Shape>
                            <Polygon POINTS="53 345 53 353 75 360 76 360 77 360 133 356 144 360 145 360 146 360 165 357 168 361 168 361 168 362 169 362 170 362 171 362 226 357 227 357 276 357 277 357 286 363 287 363 288 363 288 363 289 363 290 363 296 358 307 363 308 363 308 363 341 358 343 358 349 358 460 366 460 366 497 366 497 366 498 366 499 366 506 361 507 361 525 366 526 366 526 366 527 366 539 362 540 362 592 367 593 367 632 362 633 353 633 332 408 331 403 327 401 325 400 325 399 325 399 325 398 325 394 327 386 329 236 329 230 324 230 323 229 323 228 323 227 323 223 324 208 327 123 327 112 321 111 321 111 321 109 321 83 324 53 320 53 345"/>
                        </Shape>
                        <String CONTENT=""/>
                    </TextLine>

                    <TextLine ID="line_10" HPOS="53" VPOS="361" WIDTH="576" HEIGHT="40" BASELINE="54 378 629 385" TAGREFS="TYPE_1">
                        <Shape>
                            <Polygon POINTS="505 366 497 366 489 366 481 366 473 366 465 366 456 366 448 366 440 366 432 366 424 366 416 366 408 366 400 366 392 366 384 366 376 366 368 366 360 366 352 366 344 366 336 366 328 366 320 366 312 366 304 366 296 366 288 366 279 366 271 366 263 366 255 366 247 366 239 366 231 366 223 366 215 366 207 366 199 366 191 366 183 366 175 366 167 366 159 366 151 366 143 366 135 366 127 366 119 366 111 366 102 366 94 366 86 366 78 366 70 366 62 366 54 366 54 378 53 386 125 387 129 389 146 393 147 393 148 393 148 393 149 393 154 389 155 389 158 390 188 395 189 395 189 395 203 390 205 390 212 390 231 394 232 394 250 391 264 390 267 392 271 395 271 396 272 396 273 396 324 397 325 397 325 397 334 394 341 390 348 394 353 397 354 397 355 397 356 397 362 394 370 391 385 394 392 396 393 396 394 396 399 395 412 391 418 395 422 399 423 399 423 399 424 399 425 399 435 396 444 394 448 396 451 399 452 399 452 399 453 399 469 397 488 394 493 397 496 399 497 399 497 399 498 399 509 398 524 395 562 399 576 400 577 400 578 400 580 399 588 394 596 400 596 400 597 400 598 401 629 401 629 385 629 368 617 362 616 362 615 362 583 367 582 367 581 367 558 361 557 361 556 361 516 365 506 364 505 366"/>
                        </Shape>
                        <String CONTENT=""/>
                    </TextLine>

                    <TextLine ID="line_11" HPOS="50" VPOS="386" WIDTH="577" HEIGHT="46" BASELINE="51 411 627 416" TAGREFS="TYPE_1">
                        <Shape>
                            <Polygon POINTS="51 411 50 419 74 426 74 426 75 426 76 426 93 420 111 424 112 424 148 421 152 421 153 421 157 425 158 425 159 425 160 425 185 422 193 421 197 422 216 428 217 428 218 428 218 428 229 423 231 422 243 423 271 427 271 427 284 424 296 422 299 424 303 427 303 428 304 428 304 428 329 429 330 430 355 430 355 429 356 429 365 426 374 423 383 427 388 428 389 428 390 428 403 427 425 424 432 427 438 430 439 430 440 430 477 428 526 427 539 430 544 431 545 431 546 432 626 432 627 416 626 397 581 392 580 392 557 396 553 396 549 395 522 390 521 390 473 394 465 395 463 394 451 390 450 390 449 390 399 394 390 394 388 394 382 389 381 389 380 389 379 389 358 394 356 394 217 394 213 392 200 388 199 388 198 388 197 388 197 388 193 391 192 393 135 393 132 391 125 386 124 386 123 386 123 386 51 390 51 411"/>
                        </Shape>
                        <String CONTENT=""/>
                    </TextLine>

                    <TextLine ID="line_12" HPOS="51" VPOS="423" WIDTH="436" HEIGHT="38" BASELINE="52 443 487 446" TAGREFS="TYPE_1">
                        <Shape>
                            <Polygon POINTS="485 445 477 445 469 445 461 445 453 445 445 445 437 445 429 445 421 445 413 445 405 445 398 444 390 444 382 444 374 444 366 444 358 444 349 444 341 444 333 444 325 444 316 444 308 444 300 444 292 444 284 444 276 444 268 444 260 444 252 444 244 444 236 444 228 444 220 444 212 444 204 444 196 444 188 444 184 428 181 426 180 425 180 424 179 424 178 424 52 423 52 443 51 452 62 458 63 458 64 458 100 452 116 458 117 458 118 458 154 453 156 453 157 453 171 459 172 459 172 459 173 459 187 454 190 453 264 453 267 456 270 459 270 460 271 460 271 460 272 460 273 460 283 456 289 454 295 456 302 460 303 460 304 460 304 460 314 457 325 454 333 457 340 460 341 460 341 460 342 460 349 458 359 454 363 458 364 459 365 459 366 459 366 459 367 459 369 458 377 455 381 458 382 460 382 460 383 460 384 460 385 460 386 460 391 459 403 455 415 459 419 460 420 460 421 461 486 461 487 446 486 445 485 445"/>
                        </Shape>
                        <String CONTENT=""/>
                    </TextLine>
</TextBlock>
                <TextBlock ID="block_1" HPOS="51" VPOS="455" WIDTH="579" HEIGHT="98" TAGREFS="TYPE_9">
                    <Shape>
                        <Polygon POINTS="51.84720993041992 455.8909912109375 630.4658203125 455.8909912109375 630.4658203125 553.2293090820312 51.84720993041992 553.2293090820312 51.84720993041992 455.8909912109375"/>
                    </Shape>
                    <TextLine ID="line_13" HPOS="86" VPOS="449" WIDTH="543" HEIGHT="48" BASELINE="87 476 629 481" TAGREFS="TYPE_1">
                        <Shape>
                            <Polygon POINTS="87 476 86 485 116 492 117 492 150 486 164 493 164 493 165 493 190 487 242 493 243 494 317 494 317 493 318 493 334 489 340 493 340 494 341 494 341 494 397 495 398 496 415 496 415 495 415 495 416 495 416 494 423 489 468 489 497 496 497 496 551 490 609 497 610 497 611 497 629 490 629 481 629 460 552 453 551 453 524 457 513 459 510 457 507 455 506 455 506 455 505 455 504 455 497 456 487 459 473 456 456 453 455 453 439 456 427 457 423 456 418 452 417 452 416 452 415 452 407 455 398 458 389 455 382 452 381 452 380 452 379 452 374 454 368 458 347 458 339 454 334 452 333 452 333 452 321 453 308 456 305 453 303 451 302 451 301 451 300 451 260 452 172 456 166 450 165 450 165 449 164 449 164 449 163 449 154 450 122 455 115 450 115 449 115 449 114 449 87 449 87 476"/>
                        </Shape>
                        <String CONTENT=""/>
                    </TextLine>

                    <TextLine ID="line_14" HPOS="49" VPOS="483" WIDTH="577" HEIGHT="48" BASELINE="50 508 626 513" TAGREFS="TYPE_1">
                        <Shape>
                            <Polygon POINTS="50 508 49 522 54 526 55 526 56 526 57 526 74 522 79 527 80 527 81 527 82 527 127 522 134 522 141 522 172 527 172 527 173 527 181 523 189 523 275 528 275 528 304 526 329 523 340 526 352 530 353 530 353 530 392 530 392 530 404 527 421 524 435 528 444 530 444 530 445 531 483 531 483 530 484 530 489 529 502 525 511 530 514 530 514 530 625 531 626 513 625 493 546 493 539 492 517 487 516 487 515 487 506 491 506 491 496 487 495 487 494 487 463 490 444 492 423 489 403 487 403 487 377 489 339 491 332 488 326 485 325 485 325 485 324 485 318 488 310 491 243 491 195 485 186 485 185 485 185 485 183 485 173 489 150 485 145 484 144 484 144 484 142 485 133 489 115 484 115 484 114 484 50 483 50 508"/>
                        </Shape>
                        <String CONTENT=""/>
                    </TextLine>

                    <TextLine ID="line_15" HPOS="49" VPOS="518" WIDTH="253" HEIGHT="38" BASELINE="50 541 302 543" TAGREFS="TYPE_1">
                        <Shape>
                            <Polygon POINTS="50 541 49 550 64 555 65 555 65 555 127 552 145 551 300 556 302 543 301 523 258 518 257 518 256 518 243 522 241 522 236 522 209 518 209 518 208 518 201 522 198 522 50 520 50 541"/>
                        </Shape>
                        <String CONTENT=""/>
                    </TextLine>
</TextBlock>
                <TextBlock ID="block_0" HPOS="46" VPOS="555" WIDTH="585" HEIGHT="651" TAGREFS="TYPE_9">
                    <Shape>
                        <Polygon POINTS="46.16720962524414 555.4383544921875 631.8906860351562 555.4383544921875 631.8906860351562 1206.9263916015625 46.16720962524414 1206.9263916015625 46.16720962524414 555.4383544921875"/>
                    </Shape>
                    <TextLine ID="line_16" HPOS="80" VPOS="546" WIDTH="549" HEIGHT="46" BASELINE="80 573 629 578" TAGREFS="TYPE_1">
                        <Shape>
                            <Polygon POINTS="80 573 80 587 464 587 465 587 471 591 472 591 473 591 473 591 529 587 537 587 541 587 572 592 573 592 628 587 629 578 629 558 595 551 594 551 593 551 592 551 592 552 587 557 586 558 562 558 561 557 553 550 552 550 551 550 537 549 518 549 517 549 516 549 515 549 515 550 508 556 507 556 506 556 486 552 485 552 485 552 473 555 471 556 471 555 463 549 462 549 461 549 446 548 410 548 409 548 408 548 407 548 398 555 396 556 385 556 383 555 375 548 374 548 374 548 373 548 341 554 337 555 329 554 296 551 296 551 278 554 271 555 264 553 236 547 235 547 234 547 218 553 214 554 211 553 197 547 196 547 195 547 194 547 183 552 181 554 178 552 167 546 166 546 165 546 149 546 148 546 148 546 147 546 139 552 138 553 134 552 124 549 123 549 123 549 122 549 115 551 111 553 106 551 94 547 93 547 92 547 91 547 80 551 80 573"/>
                        </Shape>
                        <String CONTENT=""/>
                    </TextLine>

                    <TextLine ID="line_17" HPOS="49" VPOS="579" WIDTH="580" HEIGHT="49" BASELINE="49 604 629 612" TAGREFS="TYPE_1">
                        <Shape>
                            <Polygon POINTS="49 612 69 621 70 621 71 621 105 614 106 614 106 614 111 619 112 619 113 619 114 619 135 615 137 615 139 615 164 622 165 622 166 622 167 622 179 616 186 621 187 621 188 621 189 621 225 617 232 617 234 617 241 623 242 623 242 623 243 623 268 618 271 618 273 618 296 624 296 624 297 624 311 620 317 617 325 620 338 625 339 625 340 625 341 625 352 621 359 618 394 618 399 621 403 625 403 625 404 625 405 625 438 623 471 620 477 624 480 626 481 626 481 626 482 626 510 625 566 621 572 626 573 627 573 628 574 628 575 628 576 628 628 627 629 612 629 592 335 583 334 583 333 583 328 584 320 587 283 584 270 583 269 583 261 583 224 586 212 582 209 581 208 581 207 581 186 581 112 584 107 580 106 580 106 580 105 580 102 580 68 584 50 579 49 604 49 612"/>
                        </Shape>
                        <String CONTENT=""/>
                    </TextLine>

                    <TextLine ID="line_18" HPOS="49" VPOS="611" WIDTH="578" HEIGHT="47" BASELINE="49 639 222 638 627 645" TAGREFS="TYPE_1">
                        <Shape>
                            <Polygon POINTS="49 639 49 650 120 647 132 651 138 653 139 653 230 654 230 654 231 654 238 651 247 649 271 652 295 654 296 654 296 654 304 652 310 649 316 652 326 655 327 655 328 655 329 655 339 652 342 651 346 652 361 655 362 655 362 655 370 652 374 650 378 652 386 656 386 656 387 656 433 653 440 657 440 657 441 657 442 657 489 653 499 652 510 653 563 658 564 658 565 658 581 654 626 654 627 645 627 626 485 624 484 622 477 617 477 617 476 617 475 617 448 621 437 623 429 621 417 617 416 617 415 617 415 617 407 620 405 621 400 620 374 615 373 615 352 619 336 621 319 617 303 614 302 614 301 614 300 614 296 617 291 621 278 621 238 616 219 613 218 613 218 613 213 615 202 620 187 614 181 612 181 612 180 612 170 614 139 619 122 612 119 612 119 612 118 612 114 612 86 618 49 611 49 639"/>
                        </Shape>
                        <String CONTENT=""/>
                    </TextLine>

                    <TextLine ID="line_19" HPOS="63" VPOS="644" WIDTH="562" HEIGHT="48" BASELINE="64 670 625 676" TAGREFS="TYPE_1">
                        <Shape>
                            <Polygon POINTS="64 670 63 678 134 686 135 687 169 687 169 686 170 686 171 686 178 681 179 680 185 681 218 687 218 687 257 682 275 681 335 681 339 685 343 688 343 689 344 689 345 689 345 689 379 686 414 682 446 687 462 690 463 690 482 688 530 684 563 691 571 691 572 692 625 692 625 676 625 656 602 656 602 655 596 650 596 650 595 650 594 650 538 654 536 654 525 649 524 649 523 649 490 654 486 654 484 654 462 648 461 648 460 648 460 648 448 654 448 654 429 648 428 648 427 648 383 653 382 653 381 653 374 647 373 647 372 647 371 647 370 647 353 653 353 653 345 646 344 646 343 646 342 646 341 646 325 650 279 646 279 646 278 646 261 651 234 645 234 645 233 645 232 645 225 651 203 651 183 651 182 650 173 645 172 645 172 645 171 645 142 648 135 644 135 644 134 644 133 644 64 649 64 670"/>
                        </Shape>
                        <String CONTENT=""/>
                    </TextLine>

                    <TextLine ID="line_20" HPOS="47" VPOS="677" WIDTH="580" HEIGHT="47" BASELINE="48 703 627 710" TAGREFS="TYPE_1">
                        <Shape>
                            <Polygon POINTS="48 703 47 711 98 718 98 718 99 718 115 713 131 719 131 719 132 719 168 714 175 713 185 715 220 719 221 719 222 719 233 715 235 715 273 715 278 716 287 720 288 720 349 721 350 721 351 721 360 719 370 715 398 719 402 719 403 719 405 719 427 716 432 720 435 722 435 723 436 723 436 723 437 723 459 721 496 717 514 722 520 724 521 724 625 724 627 710 626 690 555 689 555 688 546 682 545 682 544 682 543 682 506 687 499 688 452 688 450 686 435 681 434 681 433 681 432 681 420 686 419 686 416 686 389 681 388 681 387 681 374 686 370 686 357 685 305 679 275 679 275 679 274 679 273 679 273 680 268 684 267 685 256 683 213 678 177 678 176 678 176 678 175 678 170 682 168 684 135 684 129 682 112 677 111 677 111 677 110 677 98 682 95 682 90 681 75 678 74 678 74 678 48 680 48 703"/>
                        </Shape>
                        <String CONTENT=""/>
                    </TextLine>

                    <TextLine ID="line_21" HPOS="47" VPOS="713" WIDTH="578" HEIGHT="43" BASELINE="47 735 625 741" TAGREFS="TYPE_1">
                        <Shape>
                            <Polygon POINTS="47 735 47 749 102 745 122 751 124 751 125 751 126 751 129 751 157 745 167 750 168 750 168 750 192 745 386 753 409 754 410 754 411 754 411 754 422 748 474 754 481 755 482 755 488 755 535 749 562 755 563 755 563 755 577 752 583 756 584 756 584 756 585 756 625 756 625 741 625 723 409 721 401 719 384 716 383 716 352 719 337 719 332 718 321 715 320 715 320 715 319 715 307 718 303 719 295 718 263 713 263 713 47 714 47 735"/>
                        </Shape>
                        <String CONTENT=""/>
                    </TextLine>

                    <TextLine ID="line_22" HPOS="46" VPOS="741" WIDTH="578" HEIGHT="48" BASELINE="47 767 624 775" TAGREFS="TYPE_1">
                        <Shape>
                            <Polygon POINTS="47 767 46 774 61 781 62 781 63 781 173 777 211 777 219 778 230 781 231 781 232 781 279 780 335 778 346 781 356 785 357 785 358 785 378 785 378 785 379 785 380 785 382 782 388 779 397 783 403 785 404 785 405 785 419 783 436 781 444 784 450 786 451 786 452 786 468 785 502 781 539 786 542 786 543 786 543 786 563 781 580 787 583 788 584 788 584 789 623 789 624 775 623 754 552 748 551 748 520 752 512 753 430 752 428 752 419 748 419 748 418 748 417 748 408 751 406 752 357 752 356 750 350 746 350 745 349 745 349 745 348 745 316 750 312 750 312 750 304 744 303 744 302 744 301 744 243 748 216 743 215 743 172 748 167 748 166 748 156 742 156 742 155 742 130 742 129 742 128 742 127 742 127 743 122 748 121 748 102 747 84 747 75 741 74 741 74 741 73 741 47 746 47 767"/>
                        </Shape>
                        <String CONTENT=""/>
                    </TextLine>

                    <TextLine ID="line_23" HPOS="45" VPOS="775" WIDTH="578" HEIGHT="45" BASELINE="45 800 623 806" TAGREFS="TYPE_1">
                        <Shape>
                            <Polygon POINTS="45 800 45 807 80 814 81 815 81 814 108 810 119 815 119 815 120 815 121 815 143 810 189 810 226 816 227 816 228 816 229 816 234 811 292 811 307 817 308 817 308 817 309 817 320 811 333 818 333 818 334 818 362 818 362 818 362 818 374 812 407 818 488 819 489 819 513 814 519 819 520 819 521 819 522 819 522 819 523 819 530 814 550 820 551 820 551 820 622 814 623 806 623 788 593 787 580 780 579 780 578 780 550 785 542 779 541 779 540 779 539 779 500 785 497 785 497 785 489 779 489 779 488 779 487 779 448 785 444 785 442 784 425 778 424 778 423 778 355 783 332 784 312 784 310 781 303 777 302 777 301 777 277 777 276 777 275 777 267 781 263 783 257 781 243 777 242 777 242 777 222 781 218 781 217 780 205 776 205 776 204 776 203 776 202 776 197 780 193 782 164 781 161 779 156 775 155 775 154 775 153 775 74 777 73 777 72 777 71 777 65 781 45 777 45 800"/>
                        </Shape>
                        <String CONTENT=""/>
                    </TextLine>

                    <TextLine ID="line_24" HPOS="45" VPOS="806" WIDTH="578" HEIGHT="48" BASELINE="46 834 623 839" TAGREFS="TYPE_1">
                        <Shape>
                            <Polygon POINTS="46 834 45 848 71 849 72 849 73 849 74 849 88 843 114 847 115 847 179 843 195 850 196 850 235 851 236 851 237 851 238 851 251 844 259 851 260 851 261 851 322 851 323 851 324 851 325 851 336 845 371 845 449 852 458 853 459 853 460 853 461 852 478 847 506 852 507 852 530 848 541 853 542 853 543 853 590 847 621 854 623 839 623 819 606 812 605 812 604 812 604 812 582 818 580 818 546 818 544 818 538 812 538 811 537 811 536 811 535 811 534 811 518 817 515 818 415 818 410 814 404 810 403 810 403 810 402 810 382 814 381 814 380 814 375 810 374 810 374 810 373 810 372 810 362 813 354 817 295 817 263 816 258 811 256 810 256 809 255 809 255 809 230 809 230 809 229 809 226 810 218 815 211 810 209 808 209 808 208 808 143 808 142 808 139 808 119 813 106 807 106 807 105 807 104 807 103 807 102 807 86 811 46 806 46 834"/>
                        </Shape>
                        <String CONTENT=""/>
                    </TextLine>

                    <TextLine ID="line_25" HPOS="46" VPOS="841" WIDTH="577" HEIGHT="46" BASELINE="47 866 623 874" TAGREFS="TYPE_1">
                        <Shape>
                            <Polygon POINTS="47 866 46 880 75 880 75 879 76 879 91 873 102 880 102 880 103 880 104 880 105 881 127 881 127 880 127 880 128 880 137 874 160 880 162 881 163 881 164 881 164 881 165 881 174 875 219 875 275 876 282 882 282 883 283 883 283 883 284 883 288 883 334 876 349 884 349 884 350 884 351 884 356 884 417 878 454 885 458 885 459 885 460 885 460 885 467 880 506 879 519 886 520 886 521 886 522 886 525 886 558 880 571 887 572 887 572 887 573 887 574 887 576 887 588 883 621 887 623 874 623 855 599 848 598 848 597 848 596 848 596 848 587 854 566 847 565 847 526 847 525 847 524 847 523 847 516 851 502 846 502 846 501 846 444 850 415 845 415 845 414 845 395 851 392 851 370 851 370 851 360 844 359 844 358 844 358 844 357 844 341 849 312 846 312 846 283 850 278 850 178 849 177 848 163 841 162 841 161 841 160 841 135 847 134 847 133 847 108 842 107 842 106 842 93 847 77 841 76 841 75 841 74 841 74 841 65 847 65 847 47 847 47 866"/>
                        </Shape>
                        <String CONTENT=""/>
                    </TextLine>

                    <TextLine ID="line_26" HPOS="45" VPOS="872" WIDTH="576" HEIGHT="48" BASELINE="45 897 621 905" TAGREFS="TYPE_1">
                        <Shape>
                            <Polygon POINTS="45 897 45 913 140 914 141 914 142 914 143 914 144 913 151 908 172 908 237 908 254 913 255 913 255 913 274 909 292 914 301 917 302 917 303 917 304 917 310 914 321 910 329 914 333 917 334 917 366 917 366 917 397 915 427 913 437 915 440 916 441 916 442 916 443 916 444 916 444 915 448 912 497 912 502 916 505 918 505 919 506 919 506 919 507 919 508 919 521 916 534 913 553 916 578 920 579 920 621 916 621 905 621 884 600 880 600 880 599 880 569 884 567 884 567 884 559 878 558 878 557 878 556 878 485 881 461 877 460 877 438 883 437 883 436 883 430 877 430 876 429 876 428 876 407 876 407 876 406 876 393 882 392 883 366 883 344 881 331 881 324 876 323 876 322 876 321 876 286 880 273 875 272 875 271 875 241 880 238 880 199 880 198 880 192 874 191 874 190 874 189 874 148 879 147 879 146 879 122 873 121 873 120 873 111 879 110 879 106 879 67 872 66 872 65 872 45 877 45 897"/>
                        </Shape>
                        <String CONTENT=""/>
                    </TextLine>

                    <TextLine ID="line_27" HPOS="45" VPOS="905" WIDTH="578" HEIGHT="47" BASELINE="45 929 623 937" TAGREFS="TYPE_1">
                        <Shape>
                            <Polygon POINTS="45 929 45 939 62 945 63 945 64 945 159 942 208 941 230 941 234 944 238 947 238 947 239 947 334 949 335 949 358 946 388 943 422 943 427 948 429 950 430 950 431 950 432 950 440 948 458 945 474 949 475 949 476 949 477 949 489 945 513 949 514 949 562 946 621 952 623 937 622 920 567 911 566 911 565 911 564 911 554 918 553 919 539 919 535 918 503 910 476 910 475 910 474 910 473 910 465 917 464 918 452 918 451 917 443 909 442 909 441 909 440 909 405 910 404 910 403 910 397 915 395 917 337 917 324 914 308 912 308 912 307 912 306 912 304 913 302 915 298 913 279 907 278 907 277 907 242 910 205 906 204 906 203 906 192 912 188 913 181 912 160 905 160 905 159 905 158 905 139 911 131 913 45 909 45 929"/>
                        </Shape>
                        <String CONTENT=""/>
                    </TextLine>

                    <TextLine ID="line_28" HPOS="45" VPOS="938" WIDTH="577" HEIGHT="45" BASELINE="45 962 622 969" TAGREFS="TYPE_1">
                        <Shape>
                            <Polygon POINTS="45 962 45 970 82 977 83 977 117 972 125 978 126 978 127 978 127 978 173 974 197 979 198 979 230 974 240 973 251 974 278 979 279 979 279 979 288 975 293 974 333 974 382 974 395 978 405 981 406 981 407 981 435 979 477 975 501 980 509 982 510 982 518 981 538 978 554 982 559 983 559 983 560 983 621 983 622 969 621 950 576 943 575 943 574 943 552 950 551 950 549 950 533 942 532 942 531 942 530 942 514 949 513 949 499 942 498 942 473 942 449 942 448 942 448 942 436 948 428 942 427 942 427 942 426 942 425 942 408 947 400 941 399 941 399 941 398 941 353 947 349 947 267 947 265 946 258 941 257 941 256 941 255 941 255 941 254 941 249 944 189 938 189 938 188 938 168 945 167 945 45 944 45 962"/>
                        </Shape>
                        <String CONTENT=""/>
                    </TextLine>

                    <TextLine ID="line_29" HPOS="44" VPOS="970" WIDTH="578" HEIGHT="45" BASELINE="45 995 622 1001" TAGREFS="TYPE_1">
                        <Shape>
                            <Polygon POINTS="45 995 44 1003 60 1010 61 1010 61 1010 94 1004 94 1004 106 1010 107 1010 108 1010 109 1010 126 1005 160 1005 206 1005 207 1005 228 1011 229 1011 230 1011 289 1006 292 1006 292 1006 313 1012 314 1012 315 1012 362 1009 389 1013 390 1013 390 1013 403 1007 415 1013 415 1013 416 1013 417 1013 430 1008 463 1014 464 1014 510 1008 558 1015 559 1015 621 1008 622 1001 621 982 572 982 570 980 558 974 557 974 556 974 555 974 555 974 547 979 542 974 542 974 541 974 540 974 539 974 539 974 523 979 521 981 495 981 491 979 483 976 482 976 481 976 460 979 456 979 456 979 450 974 450 973 449 973 448 973 448 973 399 978 376 979 369 977 356 972 355 972 354 972 353 972 343 976 341 977 337 976 318 972 317 972 316 972 316 972 316 973 312 976 309 979 293 979 279 975 272 974 271 974 271 974 262 974 247 977 241 974 234 971 233 971 232 971 215 974 198 977 182 974 168 970 168 970 167 970 166 970 163 973 157 978 137 978 128 972 124 970 123 970 123 970 122 970 121 970 114 972 102 977 89 977 83 971 82 970 82 970 81 970 80 970 79 970 45 970 45 995"/>
                        </Shape>
                        <String CONTENT=""/>
                    </TextLine>

                    <TextLine ID="line_30" HPOS="43" VPOS="1002" WIDTH="577" HEIGHT="45" BASELINE="44 1028 620 1032" TAGREFS="TYPE_1">
                        <Shape>
                            <Polygon POINTS="43 1036 53 1043 53 1043 54 1043 55 1043 56 1043 70 1036 94 1036 106 1043 106 1043 107 1043 108 1043 142 1038 165 1044 166 1044 167 1044 197 1037 206 1044 207 1044 208 1044 236 1044 237 1044 238 1044 254 1038 428 1046 429 1047 469 1047 469 1046 470 1046 483 1040 559 1045 559 1045 619 1040 620 1032 620 1013 597 1007 596 1007 596 1007 595 1007 576 1012 574 1012 570 1011 545 1007 544 1007 543 1007 532 1011 529 1012 526 1011 514 1006 513 1006 512 1006 477 1010 464 1011 452 1010 427 1005 427 1005 407 1008 395 1011 372 1011 370 1008 366 1005 366 1005 365 1005 364 1005 335 1007 301 1010 295 1007 290 1004 289 1004 257 1004 256 1004 255 1004 255 1004 255 1005 253 1006 248 1010 182 1010 148 1003 139 1003 139 1003 135 1003 114 1009 65 1009 45 1002 44 1028 43 1036"/>
                        </Shape>
                        <String CONTENT=""/>
                    </TextLine>

                    <TextLine ID="line_31" HPOS="43" VPOS="1033" WIDTH="575" HEIGHT="45" BASELINE="44 1060 618 1067" TAGREFS="TYPE_1">
                        <Shape>
                            <Polygon POINTS="44 1060 43 1065 108 1073 109 1073 204 1069 251 1075 252 1075 288 1070 298 1076 299 1076 300 1076 323 1071 349 1076 349 1076 350 1076 351 1076 358 1071 360 1070 369 1071 435 1077 436 1077 466 1073 471 1072 477 1073 499 1076 500 1076 513 1073 515 1073 516 1073 523 1078 524 1078 525 1078 526 1078 547 1073 552 1073 559 1073 580 1077 581 1077 617 1074 618 1067 617 1046 602 1046 602 1045 593 1039 592 1039 592 1039 591 1039 590 1039 575 1045 574 1045 568 1045 527 1041 526 1041 513 1044 511 1044 510 1044 491 1037 490 1037 472 1037 471 1037 470 1037 469 1037 460 1044 449 1040 448 1040 448 1040 432 1044 428 1044 370 1043 335 1042 320 1036 319 1036 318 1036 317 1036 302 1041 296 1036 296 1035 295 1035 294 1035 250 1035 249 1035 248 1035 230 1040 189 1034 189 1034 188 1034 173 1040 172 1040 172 1040 158 1033 157 1033 156 1033 156 1033 144 1040 129 1033 128 1033 127 1033 127 1033 126 1033 119 1040 117 1040 96 1033 95 1033 94 1033 94 1033 74 1039 73 1039 44 1039 44 1060"/>
                        </Shape>
                        <String CONTENT=""/>
                    </TextLine>

                    <TextLine ID="line_32" HPOS="44" VPOS="1068" WIDTH="576" HEIGHT="44" BASELINE="45 1093 620 1099" TAGREFS="TYPE_1">
                        <Shape>
                            <Polygon POINTS="45 1093 44 1102 74 1108 75 1108 76 1108 88 1105 333 1111 333 1111 369 1106 408 1111 409 1111 439 1107 445 1112 446 1112 447 1112 448 1112 448 1112 463 1107 493 1112 493 1112 494 1112 504 1108 598 1112 599 1112 619 1108 620 1099 620 1079 572 1079 572 1078 566 1073 566 1073 565 1073 564 1073 563 1073 535 1077 534 1077 532 1077 516 1072 515 1072 491 1072 490 1072 489 1072 481 1077 479 1077 475 1077 454 1071 453 1071 452 1071 430 1075 422 1071 421 1071 420 1071 419 1071 409 1075 407 1077 404 1075 399 1072 399 1072 398 1072 397 1072 358 1075 339 1076 336 1074 325 1069 325 1069 259 1069 258 1069 240 1073 232 1074 220 1073 189 1068 188 1068 162 1072 150 1073 147 1071 144 1069 143 1069 142 1069 141 1069 140 1069 133 1071 128 1073 45 1070 45 1093"/>
                        </Shape>
                        <String CONTENT=""/>
                    </TextLine>

                    <TextLine ID="line_33" HPOS="43" VPOS="1101" WIDTH="578" HEIGHT="45" BASELINE="44 1125 621 1131" TAGREFS="TYPE_1">
                        <Shape>
                            <Polygon POINTS="44 1125 43 1135 68 1141 178 1142 179 1142 201 1138 209 1137 224 1139 250 1141 251 1141 251 1141 256 1139 259 1138 262 1139 267 1143 268 1143 269 1143 270 1143 295 1139 305 1139 308 1140 311 1143 312 1143 312 1143 313 1143 346 1141 374 1139 380 1142 384 1143 385 1143 439 1144 440 1144 440 1144 444 1143 448 1140 452 1143 455 1145 456 1145 456 1145 457 1145 458 1145 464 1143 472 1140 518 1144 539 1146 540 1146 541 1146 543 1145 551 1141 598 1141 619 1146 621 1131 621 1110 616 1106 615 1106 614 1106 613 1106 592 1110 502 1106 502 1106 480 1109 470 1110 467 1109 458 1105 457 1105 456 1105 407 1107 376 1109 368 1106 360 1104 359 1104 358 1104 329 1106 294 1108 280 1105 275 1104 274 1104 246 1104 145 1106 44 1101 44 1125"/>
                        </Shape>
                        <String CONTENT=""/>
                    </TextLine>

                    <TextLine ID="line_34" HPOS="41" VPOS="1133" WIDTH="580" HEIGHT="45" BASELINE="42 1158 621 1164" TAGREFS="TYPE_1">
                        <Shape>
                            <Polygon POINTS="42 1158 41 1170 140 1174 141 1174 142 1174 150 1171 156 1168 200 1168 213 1171 231 1175 232 1176 274 1176 274 1175 275 1175 275 1175 281 1171 283 1170 289 1171 312 1176 313 1176 341 1172 349 1176 349 1176 350 1176 390 1172 398 1171 524 1171 526 1172 555 1178 556 1178 557 1178 558 1178 566 1172 621 1172 621 1164 621 1143 602 1139 601 1139 600 1139 585 1143 583 1143 580 1143 555 1139 554 1139 553 1139 547 1142 544 1143 540 1142 528 1139 527 1139 526 1139 497 1141 482 1142 479 1140 473 1138 472 1138 471 1138 470 1138 463 1140 459 1142 456 1140 452 1137 451 1137 450 1137 449 1137 411 1139 381 1141 377 1139 374 1136 373 1136 372 1136 371 1136 337 1138 295 1140 285 1137 280 1135 279 1135 279 1135 238 1136 143 1139 127 1134 125 1134 124 1134 123 1134 117 1134 73 1138 42 1133 42 1158"/>
                        </Shape>
                        <String CONTENT=""/>
                    </TextLine>

                    <TextLine ID="line_35" HPOS="41" VPOS="1164" WIDTH="579" HEIGHT="57" BASELINE="41 1190 620 1197" TAGREFS="TYPE_1">
                        <Shape>
                            <Polygon POINTS="41 1206 53 1213 54 1213 55 1213 73 1210 93 1216 94 1216 94 1216 127 1209 157 1215 158 1215 159 1215 181 1209 185 1208 189 1209 199 1215 200 1215 201 1215 269 1211 280 1211 288 1212 316 1216 317 1216 318 1216 329 1213 333 1212 339 1213 364 1219 365 1219 366 1219 378 1214 387 1210 399 1215 412 1220 413 1220 414 1221 438 1221 438 1220 439 1220 447 1216 456 1211 475 1211 502 1211 510 1217 511 1217 512 1217 513 1217 514 1217 528 1213 540 1218 547 1221 547 1221 548 1221 619 1220 620 1197 620 1177 600 1171 599 1171 558 1171 557 1171 556 1171 555 1171 548 1176 547 1176 536 1170 535 1170 534 1170 515 1174 475 1169 456 1169 456 1169 455 1169 454 1169 448 1173 444 1176 408 1176 399 1172 389 1168 388 1168 387 1168 386 1168 386 1168 381 1172 375 1175 297 1170 283 1169 282 1169 281 1169 280 1169 271 1174 220 1174 212 1168 211 1167 210 1167 209 1167 209 1167 201 1168 174 1172 65 1172 42 1164 41 1190 41 1206"/>
                        </Shape>
                        <String CONTENT=""/>
                    </TextLine>
</TextBlock>
                <TextBlock ID="block_4" HPOS="459" VPOS="1211" WIDTH="38" HEIGHT="32" TAGREFS="TYPE_27">
                    <Shape>
                        <Polygon POINTS="459.80230712890625 1211.2366943359375 497.2542419433594 1211.2366943359375 497.2542419433594 1243.3619384765625 459.80230712890625 1243.3619384765625 459.80230712890625 1211.2366943359375"/>
                    </Shape>
                    <TextLine ID="line_36" HPOS="460" VPOS="1206" WIDTH="36" HEIGHT="47" BASELINE="461 1229 496 1227" TAGREFS="TYPE_1">
                        <Shape>
                            <Polygon POINTS="461 1229 462 1250 481 1249 495 1253 496 1227 494 1210 469 1206 468 1206 467 1206 466 1206 460 1209 461 1229"/>
                        </Shape>
                        <String CONTENT=""/>
                    </TextLine>
</TextBlock>
            </PrintSpace>
        </Page>
    </Layout>
</alto>