<?xml version="1.0" encoding="UTF-8"?>
<alto xmlns:xsi="http://www.w3.org/2001/XMLSchema-instance"
    xmlns="http://www.loc.gov/standards/alto/ns-v4#"
    xsi:schemaLocation="http://www.loc.gov/standards/alto/ns-v4# http://www.loc.gov/standards/alto/v4/alto-4-3.xsd">
    <Description>
        <MeasurementUnit>pixel</MeasurementUnit>
        <sourceImageInformation>
            <fileName>844104.jpg</fileName>
        </sourceImageInformation>
        <Processing ID="OCR_0">
            <processingCategory>other</processingCategory>
            <processingStepDescription>unknown</processingStepDescription>
            <processingSoftware>
                <softwareName>kraken</softwareName>
                <softwareVersion>4.3.13</softwareVersion>
            </processingSoftware>
        </Processing>
    </Description>
    <Tags>
        <OtherTag ID="TYPE_1" LABEL="DefaultLine"/>
        <OtherTag ID="TYPE_2" LABEL="TableZone-Continued"/>
        <OtherTag ID="TYPE_3" LABEL="MainZone-Sp-Continued"/>
        <OtherTag ID="TYPE_4" LABEL="GraphicZone-Decoration"/>
        <OtherTag ID="TYPE_5" LABEL="TitlePageZone-Index"/>
        <OtherTag ID="TYPE_6" LABEL="FigureZone"/>
        <OtherTag ID="TYPE_7" LABEL="MainZone-Head"/>
        <OtherTag ID="TYPE_8" LABEL="DigitizationArtefactZone"/>
        <OtherTag ID="TYPE_9" LABEL="MainZone-List-Continued"/>
        <OtherTag ID="TYPE_10" LABEL="StampZone-Sticker"/>
        <OtherTag ID="TYPE_11" LABEL="GraphicZone-Head"/>
        <OtherTag ID="TYPE_12" LABEL="NumberingZone"/>
        <OtherTag ID="TYPE_13" LABEL="MarginTextZone-Notes-Continued"/>
        <OtherTag ID="TYPE_14" LABEL="GraphicZone-FigDesc"/>
        <OtherTag ID="TYPE_15" LABEL="MarginTextZone-Notes"/>
        <OtherTag ID="TYPE_16" LABEL="MainZone-Other"/>
        <OtherTag ID="TYPE_17" LABEL="TableZone-Head"/>
        <OtherTag ID="TYPE_18" LABEL="GraphicZone"/>
        <OtherTag ID="TYPE_19" LABEL="MainZone-Entry"/>
        <OtherTag ID="TYPE_20" LABEL="MainZone-Form"/>
        <OtherTag ID="TYPE_21" LABEL="RunningTitleZone"/>
        <OtherTag ID="TYPE_22" LABEL="MainZone-Lg"/>
        <OtherTag ID="TYPE_23" LABEL="MainZone-Entry-Continued"/>
        <OtherTag ID="TYPE_24" LABEL="MainZone-Signature"/>
        <OtherTag ID="TYPE_25" LABEL="DropCapitalZone"/>
        <OtherTag ID="TYPE_26" LABEL="AdvertisementZone"/>
        <OtherTag ID="TYPE_27" LABEL="TitlePageZone"/>
        <OtherTag ID="TYPE_28" LABEL="GraphicZone-TextualContent"/>
        <OtherTag ID="TYPE_29" LABEL="QuireMarksZone"/>
        <OtherTag ID="TYPE_30" LABEL="MainZone-Date"/>
        <OtherTag ID="TYPE_31" LABEL="TableZone"/>
        <OtherTag ID="TYPE_32" LABEL="FigureZone-Head"/>
        <OtherTag ID="TYPE_33" LABEL="StampZone"/>
        <OtherTag ID="TYPE_34" LABEL="MainZone-Lg-Continued"/>
        <OtherTag ID="TYPE_35" LABEL="GraphicZone-Part"/>
        <OtherTag ID="TYPE_36" LABEL="MainZone-P-Continued"/>
        <OtherTag ID="TYPE_37" LABEL="MainZone-Sp"/>
        <OtherTag ID="TYPE_38" LABEL="GraphicZone-Maths"/>
        <OtherTag ID="TYPE_39" LABEL="MarginTextZone-ManuscriptAddendum"/>
        <OtherTag ID="TYPE_40" LABEL="MainZone-P"/>
        <OtherTag ID="TYPE_41" LABEL="FigureZone-FigDesc"/>
        <OtherTag ID="TYPE_42" LABEL="MainZone-List"/>
    </Tags>
    <Layout>
        <Page WIDTH="1000" HEIGHT="1565" PHYSICAL_IMG_NR="0" ID="page_0">
            <PrintSpace HPOS="0" VPOS="0" WIDTH="1000" HEIGHT="1565">
                <TextBlock ID="block_0" HPOS="218" VPOS="131" WIDTH="54" HEIGHT="33" TAGREFS="TYPE_12">
                    <Shape>
                        <Polygon POINTS="218.0120086669922 131.90869140625 272.30340576171875 131.90869140625 272.30340576171875 164.42694091796875 218.0120086669922 164.42694091796875 218.0120086669922 131.90869140625"/>
                    </Shape>
                    <TextLine ID="line_0" HPOS="220" VPOS="135" WIDTH="52" HEIGHT="36" BASELINE="222 153 272 150" TAGREFS="TYPE_1">
                        <Shape>
                            <Polygon POINTS="264 135 255 135 246 135 238 135 229 135 220 135 222 153 223 171 272 162 272 150 269 135 264 135"/>
                        </Shape>
                        <String CONTENT=""/>
                    </TextLine>
</TextBlock>
                <TextBlock ID="block_1" HPOS="453" VPOS="125" WIDTH="305" HEIGHT="30" TAGREFS="TYPE_21">
                    <Shape>
                        <Polygon POINTS="453.3111572265625 125.7189712524414 758.5931396484375 125.7189712524414 758.5931396484375 155.342041015625 453.3111572265625 155.342041015625 453.3111572265625 125.7189712524414"/>
                    </Shape>
                    <TextLine ID="line_1" HPOS="454" VPOS="135" WIDTH="303" HEIGHT="24" BASELINE="455 146 757 141" TAGREFS="TYPE_1">
                        <Shape>
                            <Polygon POINTS="750 135 741 135 733 135 724 135 715 135 706 135 698 135 689 135 680 135 672 135 663 135 654 135 646 135 637 135 628 135 620 135 611 135 602 135 593 135 585 135 576 135 567 135 559 135 550 135 541 135 533 135 524 135 515 135 506 135 498 135 489 135 480 135 472 135 463 135 454 135 455 146 455 159 757 153 757 141 755 135 750 135"/>
                        </Shape>
                        <String CONTENT=""/>
                    </TextLine>
</TextBlock>
                <TextBlock ID="block_2" HPOS="238" VPOS="155" WIDTH="727" HEIGHT="787" TAGREFS="TYPE_36">
                    <Shape>
                        <Polygon POINTS="238.85667419433594 155.10244750976562 965.97021484375 155.10244750976562 965.97021484375 942.7599487304688 238.85667419433594 942.7599487304688 238.85667419433594 155.10244750976562"/>
                    </Shape>
                    <TextLine ID="line_2" HPOS="240" VPOS="144" WIDTH="718" HEIGHT="45" BASELINE="240 180 958 170" TAGREFS="TYPE_1">
                        <Shape>
                            <Polygon POINTS="240 180 240 189 957 180 958 170 956 150 932 150 925 144 924 144 923 144 922 144 838 145 770 152 684 149 683 149 500 155 493 151 492 151 491 151 490 151 489 151 466 156 424 151 423 151 360 158 341 153 340 153 311 153 310 153 309 153 308 153 299 159 260 154 260 154 259 154 240 159 240 180"/>
                        </Shape>
                        <String CONTENT=""/>
                    </TextLine>

                    <TextLine ID="line_3" HPOS="240" VPOS="174" WIDTH="719" HEIGHT="42" BASELINE="241 205 959 195" TAGREFS="TYPE_1">
                        <Shape>
                            <Polygon POINTS="241 205 241 216 274 212 301 215 302 215 303 215 306 215 393 210 425 213 429 213 430 213 431 213 432 213 438 209 489 213 500 213 501 213 514 212 567 207 598 211 605 211 606 211 613 210 639 206 670 209 682 210 683 210 958 204 959 195 957 179 893 174 892 174 855 179 829 175 828 175 781 180 763 176 762 176 761 176 760 176 748 181 698 177 697 177 696 177 684 182 632 178 631 178 630 178 629 178 623 183 573 179 572 179 571 179 570 179 562 184 541 179 540 179 500 185 436 180 435 180 434 180 419 186 320 182 319 182 318 182 302 186 246 183 245 183 244 183 243 183 243 184 240 186 241 205"/>
                        </Shape>
                        <String CONTENT=""/>
                    </TextLine>

                    <TextLine ID="line_4" HPOS="241" VPOS="199" WIDTH="718" HEIGHT="40" BASELINE="242 228 959 219" TAGREFS="TYPE_1">
                        <Shape>
                            <Polygon POINTS="242 228 242 236 455 239 456 239 483 234 670 236 671 236 959 227 959 219 957 203 886 199 886 199 813 204 600 202 600 202 599 202 598 202 590 206 391 205 390 205 241 211 242 228"/>
                        </Shape>
                        <String CONTENT=""/>
                    </TextLine>

                    <TextLine ID="line_5" HPOS="241" VPOS="225" WIDTH="717" HEIGHT="41" BASELINE="242 253 958 243" TAGREFS="TYPE_1">
                        <Shape>
                            <Polygon POINTS="242 253 242 266 286 266 286 265 287 265 289 264 302 259 450 261 523 261 524 261 525 261 526 261 528 259 532 256 664 254 686 256 718 259 719 259 760 254 780 253 823 253 940 255 940 255 941 255 958 250 958 243 956 228 779 225 778 225 777 225 758 229 754 230 746 230 708 226 707 226 633 231 593 233 588 231 583 229 582 229 581 229 560 231 538 234 241 234 242 253"/>
                        </Shape>
                        <String CONTENT=""/>
                    </TextLine>

                    <TextLine ID="line_6" HPOS="242" VPOS="248" WIDTH="715" HEIGHT="42" BASELINE="243 278 957 267" TAGREFS="TYPE_1">
                        <Shape>
                            <Polygon POINTS="243 278 243 290 302 285 344 288 345 288 346 288 346 288 368 283 956 277 957 267 955 252 793 248 792 248 791 248 773 253 735 249 734 249 733 249 717 255 673 255 660 250 660 250 659 250 598 256 545 252 544 252 543 252 542 252 535 257 506 253 506 253 413 259 406 254 406 254 405 254 361 254 360 254 360 254 348 259 302 255 301 255 242 261 243 278"/>
                        </Shape>
                        <String CONTENT=""/>
                    </TextLine>

                    <TextLine ID="line_7" HPOS="242" VPOS="271" WIDTH="717" HEIGHT="42" BASELINE="243 302 959 292" TAGREFS="TYPE_1">
                        <Shape>
                            <Polygon POINTS="243 302 243 313 958 301 959 292 957 276 899 271 898 271 897 271 896 271 890 276 890 277 824 277 823 277 813 273 812 273 811 273 783 277 778 278 773 278 745 273 744 273 720 278 714 279 712 278 700 274 700 274 699 274 668 279 658 279 647 279 617 275 616 275 615 275 604 279 599 280 582 279 541 276 540 276 506 280 494 281 491 280 482 277 481 277 480 277 480 277 470 280 465 282 448 280 421 278 420 278 242 282 243 302"/>
                        </Shape>
                        <String CONTENT=""/>
                    </TextLine>

                    <TextLine ID="line_8" HPOS="241" VPOS="299" WIDTH="718" HEIGHT="39" BASELINE="242 326 959 317" TAGREFS="TYPE_1">
                        <Shape>
                            <Polygon POINTS="242 326 242 333 301 338 302 338 328 333 372 337 373 337 373 337 385 332 386 332 389 332 443 336 444 336 445 336 457 332 458 332 463 332 510 335 511 335 532 331 534 331 542 331 599 334 600 334 959 326 959 317 957 300 673 299 672 299 671 299 670 299 665 304 664 304 661 304 640 299 639 299 638 299 637 299 631 304 628 304 596 300 595 300 594 300 593 300 588 305 587 306 537 306 537 305 530 300 529 300 528 300 527 300 526 300 507 306 505 306 493 306 385 302 384 302 383 302 373 307 372 307 365 307 313 303 312 303 311 303 310 303 303 308 301 309 241 309 242 326"/>
                        </Shape>
                        <String CONTENT=""/>
                    </TextLine>

                    <TextLine ID="line_9" HPOS="243" VPOS="321" WIDTH="716" HEIGHT="38" BASELINE="244 351 959 341" TAGREFS="TYPE_1">
                        <Shape>
                            <Polygon POINTS="244 351 244 359 958 348 959 341 956 321 556 330 506 330 374 328 373 328 373 328 360 332 359 332 351 332 264 330 263 330 243 334 244 351"/>
                        </Shape>
                        <String CONTENT=""/>
                    </TextLine>

                    <TextLine ID="line_10" HPOS="243" VPOS="345" WIDTH="716" HEIGHT="41" BASELINE="244 375 594 368 959 366" TAGREFS="TYPE_1">
                        <Shape>
                            <Polygon POINTS="244 375 244 386 513 379 623 381 632 381 633 381 633 381 634 381 640 377 957 377 959 366 957 349 899 345 898 345 897 345 896 345 890 349 889 350 883 350 841 346 840 346 840 346 839 346 832 350 830 351 808 351 705 347 704 347 680 352 676 352 671 352 640 348 640 348 639 348 629 352 627 353 616 352 571 349 570 349 544 353 540 354 535 353 516 350 515 350 483 354 475 355 469 354 440 351 440 351 243 357 244 375"/>
                        </Shape>
                        <String CONTENT=""/>
                    </TextLine>

                    <TextLine ID="line_11" HPOS="243" VPOS="370" WIDTH="715" HEIGHT="41" BASELINE="244 399 958 389" TAGREFS="TYPE_1">
                        <Shape>
                            <Polygon POINTS="244 399 244 411 610 401 637 406 638 406 639 406 751 399 757 404 758 404 759 404 760 404 776 404 838 403 839 403 856 398 871 402 872 402 873 402 957 401 958 389 956 372 803 370 802 370 740 374 723 370 722 370 721 370 720 370 720 370 713 375 675 371 674 371 673 371 658 377 613 377 601 372 600 372 600 372 599 372 581 377 573 372 572 372 571 372 493 378 367 375 366 375 340 380 316 376 315 376 243 382 244 399"/>
                        </Shape>
                        <String CONTENT=""/>
                    </TextLine>

                    <TextLine ID="line_12" HPOS="244" VPOS="393" WIDTH="715" HEIGHT="43" BASELINE="245 425 585 417 959 415" TAGREFS="TYPE_1">
                        <Shape>
                            <Polygon POINTS="245 425 245 436 447 428 573 432 575 432 576 432 577 432 592 426 636 431 637 431 638 431 733 425 777 429 779 429 780 429 780 429 795 424 957 426 959 415 957 397 914 393 913 393 879 398 869 399 865 398 847 394 846 394 846 394 828 399 824 399 821 399 816 396 815 396 814 396 748 399 733 400 730 400 714 396 713 396 713 396 712 396 711 396 705 400 703 401 700 400 686 397 686 397 685 397 652 401 644 402 643 401 638 398 637 398 636 398 580 398 580 398 528 403 526 403 525 403 446 399 445 399 412 405 411 405 330 402 329 402 244 407 245 425"/>
                        </Shape>
                        <String CONTENT=""/>
                    </TextLine>

                    <TextLine ID="line_13" HPOS="244" VPOS="418" WIDTH="715" HEIGHT="41" BASELINE="245 447 959 439" TAGREFS="TYPE_1">
                        <Shape>
                            <Polygon POINTS="245 447 245 459 958 446 959 439 956 422 913 423 909 422 887 418 886 418 886 418 875 423 874 423 873 423 846 419 846 419 845 419 844 419 838 423 837 424 832 424 794 419 793 419 793 419 792 419 786 424 784 426 645 426 561 426 535 422 534 422 533 422 533 422 526 427 518 423 517 423 516 423 490 427 463 423 462 423 461 423 449 429 440 424 440 424 439 424 401 424 400 424 400 424 386 430 373 425 373 425 372 425 371 425 350 430 320 425 320 425 244 432 245 447"/>
                        </Shape>
                        <String CONTENT=""/>
                    </TextLine>

                    <TextLine ID="line_14" HPOS="245" VPOS="442" WIDTH="715" HEIGHT="38" BASELINE="246 472 960 463" TAGREFS="TYPE_1">
                        <Shape>
                            <Polygon POINTS="246 472 246 480 959 474 960 463 958 447 900 442 899 442 837 443 836 443 823 448 795 444 794 444 755 449 634 446 633 446 633 446 632 446 623 451 580 446 579 446 578 446 561 451 520 447 520 447 472 452 463 448 462 448 461 448 373 455 319 455 312 450 311 450 310 450 309 450 245 456 246 472"/>
                        </Shape>
                        <String CONTENT=""/>
                    </TextLine>

                    <TextLine ID="line_15" HPOS="245" VPOS="471" WIDTH="715" HEIGHT="37" BASELINE="246 498 492 492 960 487" TAGREFS="TYPE_1">
                        <Shape>
                            <Polygon POINTS="246 498 246 508 339 502 374 506 382 506 383 506 384 506 385 506 386 506 394 500 551 499 571 502 587 504 588 504 589 504 599 501 610 499 676 499 767 501 768 501 800 497 810 496 832 496 928 499 929 499 959 493 960 487 958 472 589 471 588 471 559 476 550 472 549 472 548 472 476 476 454 472 453 472 453 472 452 472 445 478 402 473 401 473 375 479 314 474 313 474 313 474 300 479 270 475 269 475 245 480 246 498"/>
                        </Shape>
                        <String CONTENT=""/>
                    </TextLine>

                    <TextLine ID="line_16" HPOS="244" VPOS="492" WIDTH="715" HEIGHT="39" BASELINE="245 520 959 512" TAGREFS="TYPE_1">
                        <Shape>
                            <Polygon POINTS="245 520 245 531 958 522 959 512 957 496 855 492 854 492 833 496 815 492 814 492 813 492 813 492 798 498 735 498 725 492 724 492 723 492 722 492 721 492 715 498 642 493 641 493 640 493 628 499 613 494 613 494 612 494 543 499 488 495 487 495 417 500 404 496 403 496 402 496 401 496 383 501 329 497 328 497 244 503 245 520"/>
                        </Shape>
                        <String CONTENT=""/>
                    </TextLine>

                    <TextLine ID="line_17" HPOS="245" VPOS="515" WIDTH="715" HEIGHT="40" BASELINE="246 546 960 536" TAGREFS="TYPE_1">
                        <Shape>
                            <Polygon POINTS="246 546 246 555 959 547 960 536 958 519 893 515 893 515 892 515 873 520 505 520 504 520 365 526 312 523 311 523 310 523 309 523 303 528 245 528 246 546"/>
                        </Shape>
                        <String CONTENT=""/>
                    </TextLine>

                    <TextLine ID="line_18" HPOS="245" VPOS="543" WIDTH="714" HEIGHT="40" BASELINE="246 570 959 559" TAGREFS="TYPE_1">
                        <Shape>
                            <Polygon POINTS="246 570 246 583 305 583 305 582 306 582 307 581 318 577 373 580 376 580 377 580 378 580 379 580 385 576 412 579 413 579 433 575 520 578 541 579 542 579 543 579 546 578 562 573 582 577 587 578 588 578 589 578 591 577 602 572 647 576 660 577 661 577 667 576 686 572 958 572 959 559 956 543 245 552 246 570"/>
                        </Shape>
                        <String CONTENT=""/>
                    </TextLine>

                    <TextLine ID="line_19" HPOS="246" VPOS="566" WIDTH="714" HEIGHT="36" BASELINE="246 595 960 584" TAGREFS="TYPE_1">
                        <Shape>
                            <Polygon POINTS="246 595 246 602 960 595 960 584 958 566 246 576 246 595"/>
                        </Shape>
                        <String CONTENT=""/>
                    </TextLine>

                    <TextLine ID="line_20" HPOS="245" VPOS="591" WIDTH="715" HEIGHT="39" BASELINE="246 619 960 609" TAGREFS="TYPE_1">
                        <Shape>
                            <Polygon POINTS="246 619 246 630 960 619 960 609 958 591 245 599 246 619"/>
                        </Shape>
                        <String CONTENT=""/>
                    </TextLine>

                    <TextLine ID="line_21" HPOS="246" VPOS="614" WIDTH="714" HEIGHT="40" BASELINE="246 643 960 632" TAGREFS="TYPE_1">
                        <Shape>
                            <Polygon POINTS="246 643 246 654 313 650 377 653 390 653 391 653 396 652 426 648 475 652 477 652 478 652 479 652 493 647 533 651 542 652 543 652 544 652 546 651 563 646 595 651 601 651 602 651 603 651 605 650 620 645 644 650 646 650 647 650 648 650 649 650 663 645 686 649 687 649 688 649 691 649 773 644 821 647 822 647 823 647 824 647 869 642 895 646 896 646 897 646 898 646 909 641 914 645 915 645 916 645 917 646 959 646 960 632 958 617 743 614 742 614 741 614 723 619 720 619 714 619 684 615 683 615 660 619 655 620 650 619 624 616 623 616 593 620 586 621 580 620 554 617 553 617 553 617 544 621 541 622 527 621 485 618 484 618 462 622 454 623 440 622 402 619 401 619 400 619 400 619 395 623 392 625 246 625 246 643"/>
                        </Shape>
                        <String CONTENT=""/>
                    </TextLine>

                    <TextLine ID="line_22" HPOS="246" VPOS="638" WIDTH="714" HEIGHT="37" BASELINE="246 666 960 658" TAGREFS="TYPE_1">
                        <Shape>
                            <Polygon POINTS="246 666 246 675 959 665 960 658 958 642 888 638 887 638 864 643 862 643 860 643 832 639 831 639 830 639 816 644 814 644 809 644 760 639 759 639 758 639 757 639 751 644 706 640 706 640 705 640 693 645 675 640 674 640 673 640 673 640 659 645 658 646 459 648 457 648 404 644 403 644 402 644 386 649 264 645 263 645 262 645 246 651 246 666"/>
                        </Shape>
                        <String CONTENT=""/>
                    </TextLine>

                    <TextLine ID="line_23" HPOS="246" VPOS="664" WIDTH="714" HEIGHT="40" BASELINE="247 691 960 681" TAGREFS="TYPE_1">
                        <Shape>
                            <Polygon POINTS="247 691 247 704 312 699 458 700 505 700 506 700 569 699 570 699 571 699 571 699 572 698 575 695 606 697 628 699 629 699 630 699 636 697 645 694 672 696 700 698 700 698 718 695 729 693 741 694 761 697 762 697 960 690 960 681 959 665 701 664 700 664 633 669 517 666 516 666 515 666 504 671 440 667 440 667 439 667 423 672 320 669 320 669 246 674 247 691"/>
                        </Shape>
                        <String CONTENT=""/>
                    </TextLine>

                    <TextLine ID="line_24" HPOS="246" VPOS="685" WIDTH="715" HEIGHT="40" BASELINE="247 716 961 706" TAGREFS="TYPE_1">
                        <Shape>
                            <Polygon POINTS="247 716 247 725 960 716 961 706 960 691 920 685 919 685 918 685 917 685 911 690 879 686 878 686 796 692 786 687 785 687 784 687 783 687 764 692 737 688 736 688 735 688 734 688 728 692 688 689 687 689 665 693 652 689 651 689 650 689 649 689 628 694 604 690 603 690 503 696 454 692 453 692 453 692 439 697 312 693 311 693 246 699 247 716"/>
                        </Shape>
                        <String CONTENT=""/>
                    </TextLine>

                    <TextLine ID="line_25" HPOS="246" VPOS="712" WIDTH="714" HEIGHT="40" BASELINE="247 740 960 731" TAGREFS="TYPE_1">
                        <Shape>
                            <Polygon POINTS="247 740 247 748 306 752 306 752 331 748 336 747 342 748 375 752 376 752 450 750 451 750 452 750 455 746 458 745 471 746 505 750 506 750 613 748 613 748 625 745 636 743 646 745 657 747 658 747 670 745 681 743 701 745 720 746 721 746 722 746 723 746 725 745 728 742 734 745 740 746 740 746 741 746 778 744 833 740 959 742 960 731 959 712 806 712 806 712 787 713 746 717 692 714 672 713 671 713 660 714 627 719 613 715 609 714 608 714 607 714 599 715 568 719 541 716 533 715 533 715 526 716 504 720 458 717 445 716 444 716 439 717 419 721 393 718 387 717 386 717 386 717 384 718 373 722 246 719 247 740"/>
                        </Shape>
                        <String CONTENT=""/>
                    </TextLine>

                    <TextLine ID="line_26" HPOS="246" VPOS="737" WIDTH="715" HEIGHT="39" BASELINE="247 764 961 754" TAGREFS="TYPE_1">
                        <Shape>
                            <Polygon POINTS="247 764 247 776 333 771 364 774 368 774 369 774 370 774 372 774 388 770 426 772 436 773 437 773 438 773 439 773 440 772 445 769 477 772 487 772 488 772 496 772 518 768 619 769 700 770 701 770 702 770 703 770 706 767 709 765 730 767 760 769 760 769 761 769 762 769 765 766 767 765 787 765 824 768 825 768 960 762 961 754 959 737 246 745 247 764"/>
                        </Shape>
                        <String CONTENT=""/>
                    </TextLine>

                    <TextLine ID="line_27" HPOS="247" VPOS="759" WIDTH="714" HEIGHT="39" BASELINE="248 789 961 779" TAGREFS="TYPE_1">
                        <Shape>
                            <Polygon POINTS="248 789 248 798 535 798 535 797 536 797 547 792 549 792 557 792 603 796 604 796 625 792 627 792 631 792 663 795 664 795 960 786 961 779 959 761 878 763 875 762 870 759 869 759 868 759 867 759 837 763 828 764 823 763 804 759 803 759 783 764 777 765 771 764 747 760 746 760 675 765 660 766 654 765 627 762 626 762 606 766 602 767 596 767 556 763 555 763 554 763 544 768 543 768 538 768 492 764 491 764 490 764 489 764 481 769 478 769 440 765 439 765 438 765 424 770 423 770 420 770 372 765 371 765 247 772 248 789"/>
                        </Shape>
                        <String CONTENT=""/>
                    </TextLine>

                    <TextLine ID="line_28" HPOS="247" VPOS="782" WIDTH="714" HEIGHT="39" BASELINE="248 813 961 803" TAGREFS="TYPE_1">
                        <Shape>
                            <Polygon POINTS="248 813 248 821 723 819 724 819 725 819 726 818 730 815 756 818 758 818 759 818 760 818 783 813 960 816 961 803 960 787 913 782 912 782 911 782 892 787 881 783 880 783 880 783 879 783 867 787 826 784 826 784 773 789 773 789 733 785 732 785 731 785 730 785 721 790 720 790 683 785 682 785 681 785 680 785 673 790 623 786 622 786 621 786 620 786 614 791 584 787 583 787 582 787 570 792 552 787 551 787 550 787 549 787 548 787 543 792 542 792 540 792 500 788 499 788 498 788 485 793 484 793 480 793 440 789 439 789 438 789 420 794 419 794 416 794 385 790 384 790 247 796 248 813"/>
                        </Shape>
                        <String CONTENT=""/>
                    </TextLine>

                    <TextLine ID="line_29" HPOS="246" VPOS="811" WIDTH="716" HEIGHT="35" BASELINE="247 838 962 828" TAGREFS="TYPE_1">
                        <Shape>
                            <Polygon POINTS="838 820 829 820 820 820 812 820 803 820 794 820 786 820 777 820 768 820 760 820 751 820 742 820 733 820 725 820 716 820 707 820 699 820 690 820 681 820 673 820 664 820 655 820 646 820 638 820 629 820 620 820 612 820 603 820 594 820 586 820 577 820 568 820 560 820 551 820 542 820 533 820 525 820 516 820 507 820 499 820 490 820 481 820 473 820 464 820 455 820 446 820 438 820 429 820 420 820 412 820 403 820 394 820 386 820 377 820 368 820 360 820 351 820 342 820 333 820 325 820 316 820 307 820 299 820 290 820 281 820 273 820 264 820 255 820 246 820 247 838 247 846 961 837 962 828 960 811 842 812 838 820"/>
                        </Shape>
                        <String CONTENT=""/>
                    </TextLine>

                    <TextLine ID="line_30" HPOS="247" VPOS="832" WIDTH="714" HEIGHT="42" BASELINE="248 861 961 852" TAGREFS="TYPE_1">
                        <Shape>
                            <Polygon POINTS="248 861 248 874 379 867 960 864 961 852 960 837 907 832 906 832 906 832 894 837 893 837 889 837 832 832 831 832 772 838 757 839 747 838 720 834 719 834 718 834 706 838 700 840 589 840 583 839 573 836 573 836 572 836 558 839 546 841 527 839 508 837 507 837 506 837 506 837 503 839 499 842 494 839 491 838 490 838 489 838 473 839 440 843 422 839 415 839 414 839 396 839 349 844 320 840 312 839 311 839 310 839 309 839 308 840 301 845 295 840 294 840 293 840 293 840 247 840 248 861"/>
                        </Shape>
                        <String CONTENT=""/>
                    </TextLine>

                    <TextLine ID="line_31" HPOS="247" VPOS="861" WIDTH="715" HEIGHT="37" BASELINE="248 886 962 876" TAGREFS="TYPE_1">
                        <Shape>
                            <Polygon POINTS="839 878 830 878 821 878 813 878 804 878 795 878 786 878 778 878 769 878 760 878 752 878 743 878 734 878 726 878 717 878 708 878 700 878 691 878 682 878 673 878 665 878 656 878 647 878 639 878 630 878 621 878 613 878 604 878 595 878 586 878 578 878 569 878 560 878 552 878 543 878 534 878 526 878 517 878 508 878 500 878 491 878 482 878 473 878 465 878 456 878 447 878 439 878 430 878 421 878 413 878 404 878 395 878 386 878 378 878 369 878 360 878 352 878 343 878 334 878 326 878 317 878 308 878 300 878 291 878 282 878 273 878 265 878 256 878 247 878 248 886 248 898 962 884 962 876 960 861 844 861 839 878"/>
                        </Shape>
                        <String CONTENT=""/>
                    </TextLine>

                    <TextLine ID="line_32" HPOS="247" VPOS="880" WIDTH="714" HEIGHT="45" BASELINE="248 910 961 901" TAGREFS="TYPE_1">
                        <Shape>
                            <Polygon POINTS="248 910 248 922 280 919 290 922 300 925 301 925 302 925 317 922 335 918 343 921 348 924 349 924 350 924 351 924 352 924 355 921 362 917 461 916 505 919 516 920 517 920 518 920 521 919 536 915 560 919 574 921 575 921 650 920 651 920 660 918 678 913 689 918 694 919 695 919 696 919 841 918 842 918 848 916 859 912 960 914 961 901 959 880 933 885 898 881 890 880 889 880 875 881 817 886 787 883 780 882 780 882 773 883 745 887 707 884 693 883 693 883 692 883 691 883 690 884 685 887 653 885 638 884 637 884 626 885 602 889 574 886 560 885 560 885 546 886 521 890 495 887 477 885 476 885 475 885 469 887 460 892 247 892 248 910"/>
                        </Shape>
                        <String CONTENT=""/>
                    </TextLine>

                    <TextLine ID="line_33" HPOS="248" VPOS="910" WIDTH="336" HEIGHT="41" BASELINE="249 934 584 931" TAGREFS="TYPE_1">
                        <Shape>
                            <Polygon POINTS="249 934 249 951 296 946 584 946 584 931 582 916 499 910 498 910 497 910 482 916 481 916 465 911 464 911 463 911 462 911 461 911 461 912 456 916 454 916 361 912 360 912 360 912 346 917 345 917 333 912 332 912 331 912 330 912 310 917 306 918 302 917 282 912 281 912 248 917 249 934"/>
                        </Shape>
                        <String CONTENT=""/>
                    </TextLine>
</TextBlock>
                <TextBlock ID="block_4" HPOS="243" VPOS="943" WIDTH="723" HEIGHT="64" TAGREFS="TYPE_40">
                    <Shape>
                        <Polygon POINTS="243.64251708984375 943.9926147460938 966.0574340820312 943.9926147460938 966.0574340820312 1007.9821166992188 243.64251708984375 1007.9821166992188 243.64251708984375 943.9926147460938"/>
                    </Shape>
                    <TextLine ID="line_34" HPOS="232" VPOS="952" WIDTH="23" HEIGHT="33" BASELINE="235 972 254 969" TAGREFS="TYPE_1">
                        <Shape>
                            <Polygon POINTS="235 972 238 985 255 977 254 969 250 952 232 954 235 972"/>
                        </Shape>
                        <String CONTENT=""/>
                    </TextLine>

                    <TextLine ID="line_35" HPOS="281" VPOS="934" WIDTH="679" HEIGHT="44" BASELINE="282 967 960 958" TAGREFS="TYPE_1">
                        <Shape>
                            <Polygon POINTS="282 967 282 978 960 970 960 958 959 938 863 934 862 934 861 934 860 934 854 938 851 940 758 940 751 939 740 936 740 936 739 936 724 939 713 941 706 939 696 936 695 936 694 936 639 939 592 943 584 940 577 938 576 938 575 938 560 940 542 944 524 940 516 939 515 939 508 940 495 944 491 941 489 939 488 939 487 939 486 939 486 939 481 941 472 945 438 941 426 940 425 940 406 941 347 946 281 943 282 967"/>
                        </Shape>
                        <String CONTENT=""/>
                    </TextLine>

                    <TextLine ID="line_36" HPOS="246" VPOS="966" WIDTH="574" HEIGHT="39" BASELINE="247 998 820 992" TAGREFS="TYPE_1">
                        <Shape>
                            <Polygon POINTS="247 998 247 1005 820 999 820 992 819 971 757 966 756 966 728 972 725 972 713 972 618 968 617 968 616 968 598 972 574 968 573 968 529 973 528 973 527 973 499 969 498 969 497 969 482 974 481 974 477 974 426 970 425 970 424 970 409 975 407 975 402 975 345 971 344 971 343 971 327 976 326 976 323 976 271 972 270 972 269 972 268 972 264 976 255 972 254 972 253 972 253 972 252 972 246 974 247 998"/>
                        </Shape>
                        <String CONTENT=""/>
                    </TextLine>
</TextBlock>
                <TextBlock ID="block_3" HPOS="246" VPOS="1009" WIDTH="723" HEIGHT="325" TAGREFS="TYPE_40">
                    <Shape>
                        <Polygon POINTS="246.92166137695312 1009.0339965820312 969.9353637695312 1009.0339965820312 969.9353637695312 1334.0390625 246.92166137695312 1334.0390625 246.92166137695312 1009.0339965820312"/>
                    </Shape>
                    <TextLine ID="line_37" HPOS="277" VPOS="995" WIDTH="684" HEIGHT="46" BASELINE="278 1029 961 1022" TAGREFS="TYPE_1">
                        <Shape>
                            <Polygon POINTS="278 1029 278 1037 360 1041 361 1041 362 1041 376 1037 875 1037 875 1036 961 1030 961 1022 959 997 921 999 912 997 904 995 903 995 902 995 901 995 893 998 870 1004 790 1000 789 1000 721 1005 715 1001 711 997 710 997 709 997 708 997 707 997 699 1001 690 1006 660 1006 653 1002 648 999 647 999 646 999 646 999 638 1002 631 1005 622 1002 608 998 607 998 558 998 557 998 556 998 555 998 548 1004 546 1005 514 1007 506 1005 494 999 493 999 493 999 464 1004 458 999 457 999 456 999 455 999 362 1005 327 1001 326 1001 277 1008 278 1029"/>
                        </Shape>
                        <String CONTENT=""/>
                    </TextLine>

                    <TextLine ID="line_38" HPOS="249" VPOS="1026" WIDTH="711" HEIGHT="41" BASELINE="250 1053 960 1045" TAGREFS="TYPE_1">
                        <Shape>
                            <Polygon POINTS="250 1053 251 1067 261 1063 293 1066 293 1066 408 1061 441 1065 443 1065 444 1065 446 1065 504 1060 553 1064 564 1064 565 1064 572 1063 600 1058 960 1058 960 1045 958 1029 916 1031 912 1029 906 1026 906 1026 905 1026 880 1029 856 1032 849 1029 841 1026 840 1026 840 1026 839 1026 832 1029 826 1032 602 1034 597 1031 595 1029 594 1029 593 1029 569 1029 568 1029 559 1031 544 1034 526 1032 516 1030 515 1030 514 1030 511 1032 504 1035 493 1032 487 1030 486 1030 486 1030 468 1032 443 1034 426 1032 417 1031 416 1031 415 1031 414 1031 413 1032 406 1037 389 1032 388 1032 387 1032 386 1032 375 1037 359 1032 356 1032 355 1032 354 1032 348 1032 325 1036 249 1033 250 1053"/>
                        </Shape>
                        <String CONTENT=""/>
                    </TextLine>

                    <TextLine ID="line_39" HPOS="249" VPOS="1052" WIDTH="711" HEIGHT="39" BASELINE="250 1078 960 1070" TAGREFS="TYPE_1">
                        <Shape>
                            <Polygon POINTS="250 1078 250 1091 960 1081 960 1070 959 1052 722 1052 721 1052 690 1056 674 1058 655 1057 608 1053 607 1053 606 1053 606 1053 601 1058 600 1058 586 1058 543 1054 542 1054 541 1054 530 1058 527 1059 523 1058 506 1055 506 1055 391 1056 390 1056 376 1061 374 1061 368 1061 320 1057 320 1057 290 1062 288 1062 287 1062 260 1058 260 1058 259 1058 249 1061 250 1078"/>
                        </Shape>
                        <String CONTENT=""/>
                    </TextLine>

                    <TextLine ID="line_40" HPOS="249" VPOS="1078" WIDTH="712" HEIGHT="37" BASELINE="250 1103 961 1095" TAGREFS="TYPE_1">
                        <Shape>
                            <Polygon POINTS="250 1103 250 1115 408 1110 544 1112 555 1112 556 1112 557 1112 569 1108 960 1108 961 1095 960 1078 724 1078 723 1078 701 1081 697 1082 690 1082 645 1078 644 1078 643 1078 642 1078 635 1083 634 1083 630 1083 600 1078 599 1078 501 1084 487 1079 486 1079 486 1079 485 1079 465 1085 464 1085 462 1085 420 1080 420 1080 419 1080 406 1085 406 1085 403 1085 360 1081 360 1081 249 1087 250 1103"/>
                        </Shape>
                        <String CONTENT=""/>
                    </TextLine>

                    <TextLine ID="line_41" HPOS="248" VPOS="1102" WIDTH="713" HEIGHT="38" BASELINE="249 1127 961 1119" TAGREFS="TYPE_1">
                        <Shape>
                            <Polygon POINTS="249 1127 249 1140 406 1134 455 1138 456 1138 487 1132 960 1132 961 1119 960 1102 564 1102 563 1102 562 1102 554 1106 552 1107 550 1106 542 1103 541 1103 540 1103 517 1106 510 1107 491 1106 417 1104 416 1104 387 1108 378 1109 366 1108 327 1105 326 1105 326 1105 325 1105 319 1109 317 1110 305 1109 272 1105 271 1105 248 1109 249 1127"/>
                        </Shape>
                        <String CONTENT=""/>
                    </TextLine>

                    <TextLine ID="line_42" HPOS="249" VPOS="1126" WIDTH="712" HEIGHT="38" BASELINE="250 1152 961 1144" TAGREFS="TYPE_1">
                        <Shape>
                            <Polygon POINTS="250 1152 250 1164 961 1154 961 1144 960 1127 676 1126 675 1126 674 1126 664 1131 663 1131 660 1131 620 1127 619 1127 417 1133 392 1130 391 1130 390 1130 374 1135 249 1136 250 1152"/>
                        </Shape>
                        <String CONTENT=""/>
                    </TextLine>

                    <TextLine ID="line_43" HPOS="250" VPOS="1150" WIDTH="710" HEIGHT="36" BASELINE="251 1177 960 1168" TAGREFS="TYPE_1">
                        <Shape>
                            <Polygon POINTS="251 1177 251 1186 960 1178 960 1168 959 1152 752 1150 751 1150 726 1154 550 1152 549 1152 548 1152 530 1157 466 1153 465 1153 391 1158 321 1155 320 1155 250 1160 251 1177"/>
                        </Shape>
                        <String CONTENT=""/>
                    </TextLine>

                    <TextLine ID="line_44" HPOS="251" VPOS="1174" WIDTH="708" HEIGHT="34" BASELINE="252 1200 959 1193" TAGREFS="TYPE_1">
                        <Shape>
                            <Polygon POINTS="252 1200 252 1208 958 1203 959 1193 957 1178 882 1174 881 1174 880 1174 863 1178 862 1178 845 1174 844 1174 843 1174 811 1178 781 1174 780 1174 715 1175 714 1175 713 1175 707 1179 706 1179 641 1176 640 1176 601 1180 591 1181 578 1180 528 1177 527 1177 526 1177 510 1181 504 1182 488 1181 447 1178 446 1178 425 1181 414 1183 402 1181 379 1178 378 1178 377 1178 370 1182 367 1183 251 1183 252 1200"/>
                        </Shape>
                        <String CONTENT=""/>
                    </TextLine>

                    <TextLine ID="line_45" HPOS="250" VPOS="1200" WIDTH="712" HEIGHT="35" BASELINE="251 1225 962 1218" TAGREFS="TYPE_1">
                        <Shape>
                            <Polygon POINTS="251 1225 251 1235 645 1235 645 1234 669 1230 673 1230 678 1230 724 1233 725 1233 961 1226 962 1218 960 1200 250 1205 251 1225"/>
                        </Shape>
                        <String CONTENT=""/>
                    </TextLine>

                    <TextLine ID="line_46" HPOS="250" VPOS="1222" WIDTH="712" HEIGHT="35" BASELINE="251 1248 962 1242" TAGREFS="TYPE_1">
                        <Shape>
                            <Polygon POINTS="251 1248 251 1257 962 1251 962 1242 960 1226 872 1222 871 1222 870 1222 869 1222 863 1226 862 1226 855 1226 758 1223 757 1223 736 1227 729 1228 694 1227 611 1225 610 1225 609 1225 603 1228 600 1230 250 1230 251 1248"/>
                        </Shape>
                        <String CONTENT=""/>
                    </TextLine>

                    <TextLine ID="line_47" HPOS="249" VPOS="1246" WIDTH="711" HEIGHT="37" BASELINE="250 1274 960 1266" TAGREFS="TYPE_1">
                        <Shape>
                            <Polygon POINTS="250 1274 250 1283 960 1276 960 1266 959 1252 890 1246 889 1246 888 1246 868 1252 866 1252 864 1252 846 1247 845 1247 844 1247 812 1252 802 1247 801 1247 800 1247 800 1247 783 1253 781 1254 694 1254 693 1254 681 1249 680 1249 680 1249 679 1249 678 1249 669 1254 667 1254 614 1250 613 1250 613 1250 599 1255 598 1255 597 1255 566 1250 565 1250 564 1250 549 1256 548 1256 534 1251 533 1251 487 1251 486 1251 486 1251 485 1251 477 1257 476 1258 367 1258 366 1258 345 1252 344 1252 343 1252 307 1253 306 1253 306 1253 298 1258 297 1258 266 1253 265 1253 264 1253 249 1258 250 1274"/>
                        </Shape>
                        <String CONTENT=""/>
                    </TextLine>

                    <TextLine ID="line_48" HPOS="250" VPOS="1270" WIDTH="711" HEIGHT="41" BASELINE="251 1299 961 1291" TAGREFS="TYPE_1">
                        <Shape>
                            <Polygon POINTS="251 1299 251 1311 289 1307 319 1311 320 1311 321 1311 322 1311 323 1311 328 1306 430 1309 439 1309 440 1309 960 1300 961 1291 960 1275 897 1270 896 1270 895 1270 881 1275 879 1276 868 1275 819 1271 818 1271 817 1271 801 1276 797 1277 781 1276 733 1272 733 1272 732 1272 716 1277 710 1278 696 1277 661 1273 660 1273 660 1273 659 1273 654 1277 652 1279 605 1279 582 1278 549 1274 548 1274 547 1274 539 1278 533 1280 520 1278 514 1277 513 1277 496 1278 459 1281 453 1278 448 1276 447 1276 446 1276 378 1277 377 1277 371 1278 361 1282 350 1279 344 1278 343 1278 342 1278 250 1279 251 1299"/>
                        </Shape>
                        <String CONTENT=""/>
                    </TextLine>

                    <TextLine ID="line_49" HPOS="251" VPOS="1295" WIDTH="710" HEIGHT="52" BASELINE="252 1323 961 1316" TAGREFS="TYPE_1">
                        <Shape>
                            <Polygon POINTS="252 1323 252 1344 312 1347 313 1347 313 1347 314 1347 320 1343 323 1340 349 1340 360 1342 383 1346 384 1346 428 1341 429 1341 431 1341 467 1345 468 1345 508 1339 526 1337 531 1339 542 1345 543 1345 544 1345 590 1344 591 1344 607 1338 611 1337 615 1338 648 1344 649 1344 695 1338 770 1343 771 1343 813 1336 850 1338 851 1338 852 1338 869 1332 873 1331 961 1331 961 1316 960 1300 899 1295 898 1295 811 1300 796 1296 795 1296 794 1296 793 1296 781 1301 754 1297 753 1297 753 1297 752 1297 746 1301 640 1298 639 1298 547 1303 522 1298 521 1298 486 1304 486 1304 485 1304 462 1299 461 1299 430 1305 426 1305 418 1305 340 1300 340 1300 339 1300 320 1305 318 1305 316 1305 291 1301 290 1301 251 1305 252 1323"/>
                        </Shape>
                        <String CONTENT=""/>
                    </TextLine>
</TextBlock>
                <TextBlock ID="textblock_6">
                    
                    <TextLine ID="line_50" HPOS="312" VPOS="1333" WIDTH="19" HEIGHT="44" BASELINE="315 1358 329 1357" TAGREFS="TYPE_1">
                        <Shape>
                            <Polygon POINTS="315 1358 317 1377 331 1376 329 1357 325 1333 312 1338 315 1358"/>
                        </Shape>
                        <String CONTENT=""/>
                    </TextLine>

                    
                    <TextLine ID="line_51" HPOS="863" VPOS="1317" WIDTH="98" HEIGHT="43" BASELINE="864 1341 961 1339" TAGREFS="TYPE_1">
                        <Shape>
                            <Polygon POINTS="912 1317 863 1322 864 1341 864 1360 961 1355 961 1339 960 1321 913 1317 912 1317"/>
                        </Shape>
                        <String CONTENT=""/>
                    </TextLine>

                </TextBlock>
            </PrintSpace>
        </Page>
    </Layout>
</alto>