<?xml version="1.0" encoding="UTF-8"?>
<alto xmlns:xsi="http://www.w3.org/2001/XMLSchema-instance"
    xmlns="http://www.loc.gov/standards/alto/ns-v4#"
    xsi:schemaLocation="http://www.loc.gov/standards/alto/ns-v4# http://www.loc.gov/standards/alto/v4/alto-4-3.xsd">
    <Description>
        <MeasurementUnit>pixel</MeasurementUnit>
        <sourceImageInformation>
            <fileName>7326037.jpeg</fileName>
        </sourceImageInformation>
        <Processing ID="OCR_0">
            <processingCategory>other</processingCategory>
            <processingStepDescription>unknown</processingStepDescription>
            <processingSoftware>
                <softwareName>kraken</softwareName>
                <softwareVersion>4.3.13</softwareVersion>
            </processingSoftware>
        </Processing>
    </Description>
    <Tags>
        <OtherTag ID="TYPE_1" LABEL="DefaultLine"/>
        <OtherTag ID="TYPE_2" LABEL="NumberingZone"/>
        <OtherTag ID="TYPE_3" LABEL="MainZone-Entry-Continued"/>
        <OtherTag ID="TYPE_4" LABEL="MainZone-Form"/>
        <OtherTag ID="TYPE_5" LABEL="MainZone-Lg"/>
        <OtherTag ID="TYPE_6" LABEL="DigitizationArtefactZone"/>
        <OtherTag ID="TYPE_7" LABEL="TableZone-Head"/>
        <OtherTag ID="TYPE_8" LABEL="MainZone-Sp"/>
        <OtherTag ID="TYPE_9" LABEL="MainZone-Sp-Continued"/>
        <OtherTag ID="TYPE_10" LABEL="TableZone-Continued"/>
        <OtherTag ID="TYPE_11" LABEL="MarginTextZone-ManuscriptAddendum"/>
        <OtherTag ID="TYPE_12" LABEL="GraphicZone-FigDesc"/>
        <OtherTag ID="TYPE_13" LABEL="MarginTextZone-Notes"/>
        <OtherTag ID="TYPE_14" LABEL="StampZone"/>
        <OtherTag ID="TYPE_15" LABEL="FigureZone"/>
        <OtherTag ID="TYPE_16" LABEL="MainZone-Head"/>
        <OtherTag ID="TYPE_17" LABEL="DropCapitalZone"/>
        <OtherTag ID="TYPE_18" LABEL="MainZone-Date"/>
        <OtherTag ID="TYPE_19" LABEL="MainZone-List-Continued"/>
        <OtherTag ID="TYPE_20" LABEL="FigureZone-Head"/>
        <OtherTag ID="TYPE_21" LABEL="GraphicZone-Head"/>
        <OtherTag ID="TYPE_22" LABEL="MainZone-P"/>
        <OtherTag ID="TYPE_23" LABEL="MainZone-Signature"/>
        <OtherTag ID="TYPE_24" LABEL="TitlePageZone-Index"/>
        <OtherTag ID="TYPE_25" LABEL="MainZone-Lg-Continued"/>
        <OtherTag ID="TYPE_26" LABEL="GraphicZone"/>
        <OtherTag ID="TYPE_27" LABEL="MarginTextZone-Notes-Continued"/>
        <OtherTag ID="TYPE_28" LABEL="GraphicZone-TextualContent"/>
        <OtherTag ID="TYPE_29" LABEL="GraphicZone-Maths"/>
        <OtherTag ID="TYPE_30" LABEL="GraphicZone-Part"/>
        <OtherTag ID="TYPE_31" LABEL="MainZone-Other"/>
        <OtherTag ID="TYPE_32" LABEL="FigureZone-FigDesc"/>
        <OtherTag ID="TYPE_33" LABEL="GraphicZone-Decoration"/>
        <OtherTag ID="TYPE_34" LABEL="MainZone-List"/>
        <OtherTag ID="TYPE_35" LABEL="MainZone-Entry"/>
        <OtherTag ID="TYPE_36" LABEL="AdvertisementZone"/>
        <OtherTag ID="TYPE_37" LABEL="TitlePageZone"/>
        <OtherTag ID="TYPE_38" LABEL="StampZone-Sticker"/>
        <OtherTag ID="TYPE_39" LABEL="MainZone-P-Continued"/>
        <OtherTag ID="TYPE_40" LABEL="TableZone"/>
        <OtherTag ID="TYPE_41" LABEL="RunningTitleZone"/>
        <OtherTag ID="TYPE_42" LABEL="QuireMarksZone"/>
    </Tags>
    <Layout>
        <Page WIDTH="1000" HEIGHT="1547" PHYSICAL_IMG_NR="0" ID="page_0">
            <PrintSpace HPOS="0" VPOS="0" WIDTH="1000" HEIGHT="1547">
                <TextBlock ID="block_6" HPOS="203" VPOS="95" WIDTH="392" HEIGHT="41" TAGREFS="TYPE_41">
                    <Shape>
                        <Polygon POINTS="203.9056396484375 95.92823791503906 595.862060546875 95.92823791503906 595.862060546875 136.7547149658203 203.9056396484375 136.7547149658203 203.9056396484375 95.92823791503906"/>
                    </Shape>
                    <TextLine ID="line_0" HPOS="206" VPOS="87" WIDTH="493" HEIGHT="55" BASELINE="207 127 699 128" TAGREFS="TYPE_1">
                        <Shape>
                            <Polygon POINTS="207 127 206 140 262 140 263 140 263 140 264 140 273 134 294 133 302 140 302 140 303 140 304 140 305 141 361 141 361 140 362 140 379 133 405 133 416 140 417 140 417 140 418 140 419 140 420 140 431 133 447 133 533 138 533 138 561 134 586 139 587 139 588 139 588 139 595 134 606 141 607 141 607 141 608 141 609 141 638 134 657 141 658 141 659 142 699 142 699 128 699 97 679 97 679 96 669 88 668 88 668 88 667 88 596 96 594 96 593 96 569 88 568 88 567 88 519 89 518 89 517 89 509 96 509 96 507 96 464 88 463 88 398 95 398 95 387 87 386 87 386 87 349 87 349 87 348 87 329 95 328 95 207 95 207 127"/>
                        </Shape>
                        <String CONTENT=""/>
                    </TextLine>
</TextBlock>
                <TextBlock ID="block_5" HPOS="29" VPOS="156" WIDTH="686" HEIGHT="1002" TAGREFS="TYPE_39">
                    <Shape>
                        <Polygon POINTS="29.882646560668945 156.7553253173828 715.6627197265625 156.7553253173828 715.6627197265625 1158.624267578125 29.882646560668945 1158.624267578125 29.882646560668945 156.7553253173828"/>
                    </Shape>
                    <TextLine ID="line_1" HPOS="39" VPOS="140" WIDTH="668" HEIGHT="58" BASELINE="40 183 707 175" TAGREFS="TYPE_1">
                        <Shape>
                            <Polygon POINTS="615 158 611 147 580 144 579 144 558 148 531 142 530 142 529 142 509 150 478 150 453 150 452 150 441 143 440 143 439 143 417 142 416 142 415 142 414 142 404 151 403 152 353 152 353 151 337 143 337 143 336 143 265 152 258 152 256 152 233 145 233 145 232 145 231 145 218 149 190 145 190 145 122 153 112 155 76 155 73 154 54 147 53 147 52 147 51 147 39 152 40 183 41 198 62 192 107 197 113 197 114 197 122 196 163 191 180 195 185 196 186 196 187 196 196 195 221 189 235 194 236 194 237 194 238 194 246 189 333 192 349 192 350 192 351 192 354 191 368 188 383 191 394 193 395 193 412 190 431 187 435 189 439 193 440 193 441 193 441 194 479 194 479 193 480 193 490 189 495 187 510 188 545 191 546 191 576 187 587 185 591 186 607 191 607 191 608 191 609 191 622 186 624 185 662 185 668 185 680 190 681 190 682 190 683 190 707 183 707 175 705 148 633 140 632 140 631 140 619 146 615 158"/>
                        </Shape>
                        <String CONTENT=""/>
                    </TextLine>

                    <TextLine ID="line_2" HPOS="40" VPOS="189" WIDTH="669" HEIGHT="53" BASELINE="41 226 709 220" TAGREFS="TYPE_1">
                        <Shape>
                            <Polygon POINTS="41 226 41 242 71 236 107 241 110 241 111 241 112 241 114 241 137 234 159 240 161 240 162 240 163 240 174 239 253 233 299 238 325 239 326 239 344 236 367 232 402 235 415 236 416 236 424 235 444 232 466 234 499 238 500 238 501 238 515 233 522 231 533 232 548 235 549 235 570 232 578 231 584 232 609 237 610 237 643 231 650 236 650 236 651 236 652 237 693 237 693 236 694 236 709 229 709 220 706 189 647 195 604 191 595 190 594 190 574 192 533 195 526 193 519 190 518 190 517 190 516 190 509 193 497 197 472 194 460 192 460 192 459 192 452 194 441 197 433 195 425 191 424 191 423 191 423 191 416 195 411 197 398 195 381 192 380 192 380 192 379 192 374 195 371 197 355 195 330 194 329 194 302 197 283 199 273 197 245 193 245 193 244 193 233 198 230 200 218 199 198 196 197 196 40 201 41 226"/>
                        </Shape>
                        <String CONTENT=""/>
                    </TextLine>

                    <TextLine ID="line_3" HPOS="37" VPOS="226" WIDTH="802" HEIGHT="60" BASELINE="38 270 634 264 698 262 743 256 839 256" TAGREFS="TYPE_1">
                        <Shape>
                            <Polygon POINTS="613 244 609 232 564 236 553 232 550 230 549 230 548 230 547 230 542 232 533 235 522 232 518 231 517 231 516 231 515 231 511 232 499 237 431 234 409 233 408 233 400 235 386 238 375 235 355 231 355 231 354 231 338 236 331 238 294 237 197 232 196 232 196 232 176 238 131 233 130 233 129 233 128 233 117 241 80 241 62 234 61 234 61 234 60 234 37 242 38 270 38 277 60 277 61 277 80 286 81 286 82 286 218 284 293 275 327 280 328 280 368 276 396 282 397 282 398 282 398 282 407 277 454 279 455 279 456 279 470 273 574 281 575 281 672 280 673 280 707 269 839 268 839 256 837 226 796 231 723 227 707 227 706 227 701 228 670 235 632 232 631 232 617 232 613 244"/>
                        </Shape>
                        <String CONTENT=""/>
                    </TextLine>

                    <TextLine ID="line_4" HPOS="36" VPOS="275" WIDTH="671" HEIGHT="53" BASELINE="37 313 707 309" TAGREFS="TYPE_1">
                        <Shape>
                            <Polygon POINTS="37 313 37 322 53 328 54 328 55 328 55 328 78 323 159 328 160 328 196 322 271 327 272 327 273 327 297 321 325 326 326 326 376 320 378 320 380 320 403 324 404 324 507 319 512 319 520 325 521 325 521 325 522 326 539 326 539 325 540 325 561 319 581 324 582 324 582 324 613 319 642 324 643 324 644 324 662 318 679 324 680 324 680 324 706 317 707 309 705 281 674 275 674 275 673 275 657 281 655 281 644 281 608 278 607 278 580 281 563 282 559 281 548 275 547 275 503 275 502 275 501 275 487 281 486 281 483 281 444 275 443 275 399 281 374 283 369 281 368 279 367 279 366 279 365 279 364 279 358 281 349 282 332 280 305 276 304 276 270 280 261 281 251 280 220 277 219 277 218 277 213 280 204 285 169 285 135 280 124 278 123 278 122 278 122 278 120 280 110 286 68 286 59 280 57 278 56 278 55 278 55 278 36 279 37 313"/>
                        </Shape>
                        <String CONTENT=""/>
                    </TextLine>

                    <TextLine ID="line_5" HPOS="36" VPOS="321" WIDTH="802" HEIGHT="52" BASELINE="36 357 339 354 838 356" TAGREFS="TYPE_1">
                        <Shape>
                            <Polygon POINTS="36 357 36 373 114 373 114 372 115 372 116 372 125 368 173 372 192 372 193 372 194 372 199 371 224 365 285 366 293 370 297 372 298 372 299 372 320 370 359 365 398 369 402 369 403 369 411 369 480 365 486 368 490 371 490 371 491 371 492 371 531 367 565 365 572 367 586 372 587 372 588 372 623 366 635 365 642 366 663 372 664 372 665 372 692 366 747 372 748 372 748 372 778 365 780 365 837 365 838 356 838 330 815 324 815 324 814 324 757 329 731 321 730 321 730 321 729 321 701 328 688 321 687 321 612 321 611 321 610 321 588 329 513 329 500 322 499 322 498 322 497 322 472 329 437 321 436 321 410 325 312 321 311 321 270 327 241 321 240 321 239 321 219 330 153 330 134 323 133 323 132 323 131 323 119 330 36 330 36 357"/>
                        </Shape>
                        <String CONTENT=""/>
                    </TextLine>

                    <TextLine ID="line_6" HPOS="35" VPOS="365" WIDTH="672" HEIGHT="50" BASELINE="36 402 707 397" TAGREFS="TYPE_1">
                        <Shape>
                            <Polygon POINTS="36 402 36 409 254 415 255 415 256 415 257 415 262 409 270 414 271 414 272 414 357 409 368 414 368 414 369 414 422 409 464 414 465 414 466 414 466 414 474 409 550 413 551 413 552 413 552 413 559 407 560 407 574 411 575 411 576 411 576 411 591 407 595 406 602 407 629 411 630 411 631 411 649 407 651 406 652 407 660 412 661 412 662 412 662 413 686 413 686 412 687 412 707 406 707 397 705 367 620 370 616 368 611 365 610 365 609 365 608 365 588 368 582 369 581 368 572 365 571 365 570 365 570 365 561 368 558 370 543 369 500 365 499 365 429 370 407 372 398 371 370 366 369 366 322 372 312 372 306 372 285 366 284 366 237 372 227 373 222 372 197 367 196 367 196 367 195 367 187 373 185 374 145 374 141 373 123 368 122 368 122 368 67 374 67 374 55 368 55 368 54 368 53 368 35 374 36 402"/>
                        </Shape>
                        <String CONTENT=""/>
                    </TextLine>

                    <TextLine ID="line_7" HPOS="36" VPOS="407" WIDTH="669" HEIGHT="53" BASELINE="37 446 705 440" TAGREFS="TYPE_1">
                        <Shape>
                            <Polygon POINTS="37 446 37 458 99 460 100 460 128 457 163 452 171 456 177 459 178 459 179 460 227 460 227 459 228 459 237 455 244 452 267 452 272 455 277 458 278 458 279 458 280 459 306 459 306 458 331 454 345 451 424 451 429 452 435 456 436 456 437 456 469 452 485 450 496 452 526 457 527 457 527 457 550 452 648 454 649 454 650 454 650 454 658 449 659 449 680 454 680 454 681 454 682 454 705 448 705 440 703 413 650 414 644 413 608 407 607 407 607 407 594 414 591 415 586 414 558 408 558 408 557 408 540 414 539 415 488 415 488 415 473 409 472 409 472 409 471 409 470 409 460 415 460 415 453 415 412 410 411 410 374 415 365 409 364 409 363 409 260 409 259 409 184 417 116 411 116 411 115 411 114 411 104 417 57 414 56 414 55 414 36 419 37 446"/>
                        </Shape>
                        <String CONTENT=""/>
                    </TextLine>

                    <TextLine ID="line_8" HPOS="36" VPOS="450" WIDTH="675" HEIGHT="55" BASELINE="36 489 711 483" TAGREFS="TYPE_1">
                        <Shape>
                            <Polygon POINTS="36 489 36 499 49 505 50 505 51 505 103 500 226 504 227 504 228 504 245 498 279 498 311 498 323 503 324 503 325 503 325 503 339 499 419 501 420 501 421 501 422 501 426 496 427 496 433 496 474 501 475 501 476 501 484 496 491 501 492 501 493 501 494 501 539 496 546 495 551 496 578 501 579 501 711 495 711 483 710 458 632 450 631 450 591 458 589 458 587 458 552 451 552 451 551 451 537 458 525 452 524 452 523 452 448 458 424 459 416 458 388 452 325 452 324 452 293 453 292 453 282 458 276 462 237 462 231 458 226 456 225 456 224 456 223 456 216 458 207 462 36 459 36 489"/>
                        </Shape>
                        <String CONTENT=""/>
                    </TextLine>

                    <TextLine ID="line_9" HPOS="37" VPOS="495" WIDTH="674" HEIGHT="54" BASELINE="38 533 711 527" TAGREFS="TYPE_1">
                        <Shape>
                            <Polygon POINTS="38 533 38 547 95 542 105 547 108 548 109 548 110 549 211 549 211 548 212 548 217 545 229 540 239 545 242 547 243 547 244 547 245 547 249 545 263 540 287 540 294 544 299 547 300 547 300 547 301 547 309 544 326 539 392 539 402 544 405 545 406 545 407 545 417 544 442 538 452 544 456 545 457 545 458 545 497 543 572 538 588 542 598 544 599 544 600 544 622 544 623 544 624 544 626 541 631 538 641 541 648 544 649 544 650 544 650 544 656 541 662 538 709 540 711 527 709 502 654 495 653 495 652 495 651 495 641 502 634 502 613 502 596 502 588 502 577 495 576 495 576 495 527 495 526 495 525 495 512 502 509 504 479 504 476 502 457 496 456 496 455 496 454 496 434 502 417 497 416 497 361 497 360 497 359 497 344 503 341 504 337 503 325 498 324 498 323 498 295 503 284 505 276 503 265 500 264 500 263 500 263 500 256 503 252 505 249 503 239 498 239 498 238 498 237 498 221 503 213 506 188 503 176 502 175 502 159 503 117 507 103 503 86 500 85 500 37 503 38 533"/>
                        </Shape>
                        <String CONTENT=""/>
                    </TextLine>

                    <TextLine ID="line_10" HPOS="36" VPOS="538" WIDTH="675" HEIGHT="55" BASELINE="37 579 312 574 711 572" TAGREFS="TYPE_1">
                        <Shape>
                            <Polygon POINTS="37 579 37 593 73 588 110 592 121 593 122 593 122 593 125 592 134 587 188 591 214 592 214 592 215 592 221 590 233 587 263 589 284 591 285 591 334 588 375 586 386 587 404 590 405 590 431 587 444 585 464 586 516 589 517 589 518 589 519 589 526 585 527 584 539 585 587 588 588 588 631 583 635 583 638 583 684 587 685 587 711 581 711 572 710 544 623 538 622 538 621 538 608 544 607 545 598 545 527 539 526 539 525 539 524 539 515 545 515 546 511 545 485 540 484 540 445 544 421 540 420 540 388 547 384 548 342 548 341 547 325 541 324 541 323 541 322 541 311 547 308 549 266 549 263 548 243 542 242 542 241 542 204 548 198 549 177 549 92 545 92 545 91 545 77 549 75 550 75 549 68 544 67 544 67 544 49 544 49 544 48 544 36 548 37 579"/>
                        </Shape>
                        <String CONTENT=""/>
                    </TextLine>

                    <TextLine ID="line_11" HPOS="34" VPOS="583" WIDTH="676" HEIGHT="52" BASELINE="35 621 710 615" TAGREFS="TYPE_1">
                        <Shape>
                            <Polygon POINTS="35 621 35 630 41 635 42 635 42 635 43 635 75 630 89 635 90 635 91 635 92 635 102 631 120 635 121 635 122 635 199 630 225 635 226 635 226 635 227 635 238 629 270 629 282 634 283 634 284 634 285 634 286 634 294 628 429 627 438 631 439 631 515 632 516 632 564 627 687 630 688 630 689 630 710 623 710 615 708 583 655 583 654 583 653 583 651 584 635 589 605 584 601 584 600 584 599 584 597 584 576 591 489 591 472 587 464 584 463 584 462 584 461 584 460 584 457 587 448 592 417 592 408 587 404 585 403 585 402 585 401 585 390 587 374 592 368 588 367 587 366 587 365 587 321 585 320 585 266 586 265 586 264 586 260 589 257 591 251 590 226 586 225 586 224 586 223 586 223 587 219 590 214 593 192 591 166 587 165 587 165 587 153 591 145 593 138 592 133 590 132 590 131 590 114 592 92 594 87 593 76 587 75 587 74 587 34 593 35 621"/>
                        </Shape>
                        <String CONTENT=""/>
                    </TextLine>

                    <TextLine ID="line_12" HPOS="36" VPOS="624" WIDTH="672" HEIGHT="58" BASELINE="36 666 708 660" TAGREFS="TYPE_1">
                        <Shape>
                            <Polygon POINTS="36 666 37 682 62 675 116 681 119 681 120 681 121 681 122 681 149 674 193 680 198 680 199 680 211 679 298 672 331 678 332 678 333 678 334 678 335 678 343 672 375 677 376 677 377 677 378 677 379 677 388 672 412 672 419 677 420 678 421 678 422 678 423 678 438 676 484 671 520 675 524 675 525 675 526 675 527 675 531 672 534 675 537 677 538 677 539 677 539 677 558 674 583 671 596 673 605 676 606 676 607 676 607 676 613 673 625 669 641 669 646 673 649 675 650 675 650 675 651 675 707 672 708 660 706 631 685 631 674 624 674 624 673 624 672 624 642 630 597 625 596 625 595 625 595 625 588 631 539 632 456 626 455 626 454 626 428 633 406 627 405 627 404 627 366 634 319 630 319 630 286 635 236 629 235 629 202 636 159 636 134 629 134 629 133 629 132 629 118 637 68 637 50 630 49 630 49 630 48 630 36 636 36 666"/>
                        </Shape>
                        <String CONTENT=""/>
                    </TextLine>

                    <TextLine ID="line_13" HPOS="35" VPOS="666" WIDTH="675" HEIGHT="60" BASELINE="36 710 710 703" TAGREFS="TYPE_1">
                        <Shape>
                            <Polygon POINTS="36 710 36 721 106 726 107 726 108 726 120 721 125 720 141 721 184 725 184 725 185 725 197 721 203 719 211 721 227 724 228 724 229 724 244 721 251 719 272 720 319 723 320 723 321 723 330 720 336 717 353 720 374 722 374 722 390 719 400 717 413 719 429 721 430 721 469 719 509 715 522 718 534 721 535 721 560 718 589 715 708 716 710 703 707 666 685 667 684 667 683 667 670 676 647 676 636 668 635 668 634 668 633 668 632 668 557 677 504 671 484 669 484 669 463 670 462 670 461 670 459 672 451 678 424 673 420 672 419 672 418 672 417 672 417 673 411 678 405 673 402 671 401 671 400 671 399 671 361 674 343 676 331 675 288 672 288 672 287 672 277 677 276 677 269 677 221 674 220 674 220 674 219 674 214 678 209 681 159 681 155 679 148 675 147 675 147 675 146 675 145 675 133 680 129 682 73 682 72 681 66 678 65 678 64 678 63 678 35 682 36 710"/>
                        </Shape>
                        <String CONTENT=""/>
                    </TextLine>

                    <TextLine ID="line_14" HPOS="36" VPOS="714" WIDTH="674" HEIGHT="55" BASELINE="36 753 710 746" TAGREFS="TYPE_1">
                        <Shape>
                            <Polygon POINTS="36 753 36 763 119 769 120 769 205 762 240 767 241 767 242 767 257 763 360 766 361 766 436 760 449 765 450 765 451 765 452 765 463 760 524 764 525 764 526 764 542 758 624 764 625 764 710 756 710 746 708 721 603 714 602 714 571 720 549 714 548 714 547 714 546 714 518 721 498 716 497 716 496 716 438 722 415 715 414 715 413 715 412 715 398 723 364 723 351 718 350 718 295 716 294 716 294 716 293 716 283 724 236 717 235 717 234 717 233 717 224 723 208 719 208 719 207 719 206 719 188 724 178 718 177 718 177 718 122 718 121 718 120 718 102 727 36 727 36 753"/>
                        </Shape>
                        <String CONTENT=""/>
                    </TextLine>

                    <TextLine ID="line_15" HPOS="34" VPOS="758" WIDTH="674" HEIGHT="55" BASELINE="35 797 708 791" TAGREFS="TYPE_1">
                        <Shape>
                            <Polygon POINTS="35 797 35 808 42 813 43 813 44 813 45 813 55 807 56 807 66 807 171 813 172 813 173 813 192 807 195 807 202 807 245 812 246 812 247 812 256 808 259 806 299 806 307 808 321 812 322 812 323 812 324 812 336 808 346 805 377 805 382 808 384 810 385 810 386 810 386 810 400 808 428 804 446 808 454 810 455 810 466 808 490 804 558 808 574 809 575 809 586 808 658 802 669 808 670 808 671 809 707 809 708 791 706 764 680 758 679 758 628 764 615 765 607 764 574 759 573 759 572 759 550 765 545 766 540 765 527 761 526 761 525 761 524 761 515 765 510 768 430 768 429 766 417 760 416 760 415 760 382 767 377 768 373 767 360 764 359 764 358 764 326 768 314 769 305 768 255 762 254 762 219 769 218 769 209 763 208 763 208 763 188 763 187 763 186 763 171 770 169 770 168 770 155 765 154 765 153 765 125 770 120 770 118 770 105 764 104 764 81 764 80 764 34 770 35 797"/>
                        </Shape>
                        <String CONTENT=""/>
                    </TextLine>

                    <TextLine ID="line_16" HPOS="35" VPOS="800" WIDTH="676" HEIGHT="56" BASELINE="36 842 711 834" TAGREFS="TYPE_1">
                        <Shape>
                            <Polygon POINTS="36 842 36 854 131 851 154 854 180 856 181 856 182 856 183 856 186 854 190 850 215 850 226 853 233 856 234 856 235 856 330 855 331 855 331 855 334 853 340 849 374 852 389 854 390 854 400 852 428 848 524 851 543 852 544 852 545 852 546 851 563 846 617 851 621 851 622 851 623 851 624 851 636 845 644 850 644 850 645 850 646 850 687 845 709 850 711 834 710 807 680 807 666 800 665 800 664 800 553 809 503 809 492 801 491 801 490 801 490 801 422 802 421 802 407 809 365 803 364 803 327 811 260 804 259 804 258 804 239 812 195 805 194 805 193 805 174 813 110 807 110 807 80 813 63 807 62 807 61 807 61 807 35 814 36 842"/>
                        </Shape>
                        <String CONTENT=""/>
                    </TextLine>

                    <TextLine ID="line_17" HPOS="36" VPOS="846" WIDTH="676" HEIGHT="56" BASELINE="36 886 712 879" TAGREFS="TYPE_1">
                        <Shape>
                            <Polygon POINTS="36 886 36 898 110 902 110 902 111 902 125 898 133 895 168 898 215 900 216 900 217 900 218 900 222 897 227 893 269 893 283 897 296 899 297 899 349 898 350 898 351 898 354 896 359 892 381 896 389 897 390 897 397 896 418 892 424 896 427 898 428 898 429 898 429 898 442 895 459 892 468 895 476 898 477 898 478 898 499 895 521 892 711 893 712 879 711 852 688 846 687 846 687 846 638 852 633 852 629 852 586 846 585 846 584 846 563 852 558 853 555 852 541 847 540 847 539 847 501 852 485 854 481 852 472 848 472 848 471 848 433 852 410 855 392 852 368 849 368 849 351 852 335 856 288 856 283 852 279 849 278 849 277 849 276 849 276 849 266 852 252 856 218 856 212 852 209 850 208 850 208 850 207 850 206 850 199 852 184 857 36 853 36 886"/>
                        </Shape>
                        <String CONTENT=""/>
                    </TextLine>

                    <TextLine ID="line_18" HPOS="36" VPOS="888" WIDTH="675" HEIGHT="57" BASELINE="36 929 711 922" TAGREFS="TYPE_1">
                        <Shape>
                            <Polygon POINTS="36 929 36 944 111 940 141 942 165 945 166 945 167 945 176 942 187 938 202 941 214 944 214 945 233 945 233 944 233 944 234 944 238 941 242 938 259 941 280 943 281 944 306 944 306 943 307 943 316 940 321 937 351 939 396 941 397 941 398 941 405 938 411 935 435 937 484 941 485 941 486 941 503 936 509 935 515 936 533 940 533 940 558 935 567 934 613 934 616 934 633 940 634 940 635 940 710 932 711 922 709 895 650 888 649 888 648 888 628 895 626 895 622 895 561 889 560 889 559 889 545 895 542 896 527 895 454 891 453 891 453 891 452 891 446 896 444 897 438 896 422 892 421 892 420 892 412 896 408 898 398 896 375 892 374 892 349 896 333 898 294 896 246 893 245 893 217 897 184 900 36 898 36 929"/>
                        </Shape>
                        <String CONTENT=""/>
                    </TextLine>

                    <TextLine ID="line_19" HPOS="36" VPOS="933" WIDTH="675" HEIGHT="55" BASELINE="36 974 711 966" TAGREFS="TYPE_1">
                        <Shape>
                            <Polygon POINTS="36 974 36 987 81 988 82 988 90 986 111 982 190 984 241 986 242 986 243 986 252 984 263 980 279 983 293 985 294 985 294 985 305 983 313 980 349 982 379 983 380 983 395 981 413 978 473 979 617 982 618 982 619 982 636 976 638 976 644 976 701 981 702 981 703 981 704 981 711 975 711 966 710 940 666 933 665 933 622 940 608 933 607 933 564 933 563 933 562 933 545 941 519 936 518 936 517 936 503 941 496 935 495 935 494 935 493 935 460 941 447 935 447 935 428 935 427 935 426 935 425 935 415 942 380 942 371 935 370 935 369 935 342 935 341 935 288 943 263 936 262 936 261 936 239 937 238 937 237 937 229 944 153 945 111 938 110 938 110 938 88 947 36 947 36 974"/>
                        </Shape>
                        <String CONTENT=""/>
                    </TextLine>

                    <TextLine ID="line_20" HPOS="36" VPOS="979" WIDTH="675" HEIGHT="53" BASELINE="37 1018 711 1011" TAGREFS="TYPE_1">
                        <Shape>
                            <Polygon POINTS="37 1018 37 1029 122 1027 132 1028 147 1032 148 1032 186 1027 191 1027 192 1027 202 1032 203 1032 204 1032 251 1027 265 1026 268 1027 276 1031 277 1031 278 1031 347 1030 348 1030 349 1030 355 1026 357 1025 372 1026 445 1029 446 1029 447 1029 457 1024 460 1023 462 1024 472 1028 473 1028 474 1028 475 1028 485 1024 488 1023 492 1024 509 1027 509 1027 533 1023 542 1022 601 1022 603 1022 623 1027 624 1027 625 1027 711 1021 711 1011 708 981 565 985 551 984 525 979 524 979 523 979 522 979 515 984 513 985 511 984 503 979 502 979 501 979 460 984 417 980 416 980 385 985 374 980 374 980 373 980 313 981 312 981 289 988 284 989 260 988 137 983 136 983 135 983 122 989 97 984 96 984 95 984 94 984 84 991 36 991 37 1018"/>
                        </Shape>
                        <String CONTENT=""/>
                    </TextLine>

                    <TextLine ID="line_21" HPOS="36" VPOS="1021" WIDTH="674" HEIGHT="56" BASELINE="37 1062 710 1055" TAGREFS="TYPE_1">
                        <Shape>
                            <Polygon POINTS="37 1062 37 1074 137 1070 148 1074 158 1077 159 1077 159 1077 160 1077 170 1074 178 1070 185 1073 194 1076 195 1076 196 1076 196 1076 197 1076 201 1073 207 1069 244 1069 252 1073 260 1076 261 1076 262 1077 283 1077 283 1076 284 1076 285 1076 290 1073 295 1069 332 1068 355 1072 372 1076 373 1076 374 1076 374 1076 380 1072 385 1069 415 1067 440 1071 456 1075 457 1075 458 1075 466 1071 480 1066 503 1067 508 1071 510 1074 511 1074 512 1074 513 1074 584 1073 585 1073 594 1070 609 1067 632 1070 645 1072 646 1072 709 1070 710 1055 708 1027 661 1021 660 1021 659 1021 658 1021 651 1026 560 1021 559 1021 558 1021 542 1027 539 1028 449 1028 446 1027 434 1024 433 1024 432 1024 414 1027 411 1028 407 1027 392 1023 391 1023 390 1023 389 1023 371 1028 368 1028 362 1028 336 1025 335 1025 334 1025 333 1025 330 1028 328 1029 306 1028 239 1025 239 1025 238 1025 237 1025 233 1028 230 1030 220 1028 198 1026 197 1026 196 1026 187 1029 180 1031 173 1029 163 1026 162 1026 161 1026 110 1027 110 1027 109 1027 105 1029 101 1032 36 1030 37 1062"/>
                        </Shape>
                        <String CONTENT=""/>
                    </TextLine>

                    <TextLine ID="line_22" HPOS="38" VPOS="1068" WIDTH="202" HEIGHT="56" BASELINE="38 1106 240 1104" TAGREFS="TYPE_1">
                        <Shape>
                            <Polygon POINTS="38 1124 66 1124 67 1124 67 1124 67 1123 74 1117 99 1117 107 1122 109 1124 110 1124 110 1124 111 1124 154 1123 155 1123 156 1123 156 1122 159 1120 163 1116 239 1117 240 1104 239 1079 177 1076 152 1068 151 1068 150 1068 149 1068 148 1068 148 1069 144 1072 98 1071 97 1071 96 1071 85 1075 74 1080 48 1080 39 1074 38 1106 38 1124"/>
                        </Shape>
                        <String CONTENT=""/>
                    </TextLine>
</TextBlock>
                <TextBlock ID="block_4" HPOS="37" VPOS="1131" WIDTH="677" HEIGHT="172" TAGREFS="TYPE_22">
                    <Shape>
                        <Polygon POINTS="37.83071517944336 1131.02392578125 714.066650390625 1131.02392578125 714.066650390625 1303.0831298828125 37.83071517944336 1303.0831298828125 37.83071517944336 1131.02392578125"/>
                    </Shape>
                    <TextLine ID="line_23" HPOS="130" VPOS="1128" WIDTH="576" HEIGHT="64" BASELINE="131 1176 706 1173" TAGREFS="TYPE_1">
                        <Shape>
                            <Polygon POINTS="131 1176 131 1185 171 1184 176 1186 186 1190 187 1190 188 1190 189 1190 190 1190 195 1186 196 1185 197 1186 203 1191 204 1191 205 1191 206 1191 234 1187 245 1192 245 1192 246 1192 247 1192 263 1186 276 1182 348 1182 360 1186 361 1186 361 1186 389 1182 397 1187 401 1191 402 1191 403 1191 404 1191 424 1188 452 1184 504 1187 505 1187 534 1181 555 1189 560 1191 561 1191 562 1191 599 1190 600 1190 601 1190 601 1189 611 1181 633 1180 653 1188 654 1188 705 1190 706 1173 705 1131 667 1128 666 1128 665 1128 664 1128 661 1131 649 1137 580 1137 572 1131 570 1129 570 1129 569 1129 538 1129 537 1129 536 1129 535 1129 533 1131 520 1138 441 1138 395 1131 386 1130 386 1130 385 1130 381 1131 359 1139 304 1139 272 1131 269 1131 269 1131 268 1131 267 1131 257 1135 232 1131 227 1131 226 1131 226 1131 225 1131 213 1137 196 1131 195 1131 194 1131 193 1131 192 1131 191 1131 191 1131 182 1140 167 1140 157 1131 156 1131 155 1131 154 1131 130 1131 131 1176"/>
                        </Shape>
                        <String CONTENT=""/>
                    </TextLine>

                    <TextLine ID="line_24" HPOS="38" VPOS="1189" WIDTH="672" HEIGHT="58" BASELINE="39 1230 710 1226" TAGREFS="TYPE_1">
                        <Shape>
                            <Polygon POINTS="39 1230 39 1241 56 1247 57 1247 58 1247 163 1247 163 1247 164 1247 176 1241 184 1238 243 1238 253 1241 262 1245 263 1245 263 1245 264 1245 276 1241 289 1237 380 1237 394 1242 402 1245 403 1245 404 1245 527 1244 527 1244 530 1243 543 1236 638 1241 639 1241 673 1235 683 1242 684 1242 685 1242 709 1243 710 1226 708 1196 651 1191 650 1191 525 1196 478 1189 478 1189 443 1196 426 1190 425 1190 389 1190 388 1190 387 1190 386 1190 377 1198 376 1198 355 1192 354 1192 353 1192 272 1198 266 1198 253 1191 252 1191 251 1191 218 1191 217 1191 216 1191 202 1198 153 1193 153 1193 152 1193 141 1199 140 1200 101 1200 99 1199 66 1193 65 1193 38 1199 39 1230"/>
                        </Shape>
                        <String CONTENT=""/>
                    </TextLine>

                    <TextLine ID="line_25" HPOS="36" VPOS="1236" WIDTH="671" HEIGHT="72" BASELINE="37 1286 707 1280" TAGREFS="TYPE_1">
                        <Shape>
                            <Polygon POINTS="37 1286 37 1301 227 1308 228 1308 229 1308 250 1300 257 1297 296 1297 303 1300 313 1303 314 1303 315 1303 338 1299 355 1296 362 1299 379 1306 380 1306 380 1307 407 1307 407 1306 408 1306 422 1299 430 1304 431 1304 432 1304 433 1304 434 1304 447 1299 449 1298 453 1299 485 1303 486 1303 487 1303 503 1298 516 1295 585 1297 585 1298 599 1304 600 1304 601 1304 654 1303 655 1303 656 1303 664 1297 670 1294 687 1294 690 1297 697 1302 698 1302 699 1302 699 1302 700 1302 701 1302 707 1297 707 1280 705 1246 676 1239 675 1239 674 1239 663 1245 661 1247 631 1247 629 1245 615 1236 614 1236 613 1236 613 1236 580 1237 579 1237 578 1237 568 1245 564 1247 508 1248 414 1248 405 1244 398 1239 397 1239 396 1239 395 1239 352 1243 338 1245 336 1243 327 1239 326 1239 325 1239 289 1240 288 1240 288 1240 282 1243 273 1250 245 1250 232 1243 225 1240 224 1240 223 1240 222 1240 211 1243 191 1248 178 1242 173 1241 172 1241 171 1241 171 1241 166 1242 150 1250 115 1248 107 1242 106 1241 105 1241 104 1241 74 1241 73 1241 73 1241 71 1242 62 1247 36 1242 37 1286"/>
                        </Shape>
                        <String CONTENT=""/>
                    </TextLine>
</TextBlock>
            </PrintSpace>
        </Page>
    </Layout>
</alto>