<?xml version="1.0" encoding="UTF-8"?>
<alto xmlns:xsi="http://www.w3.org/2001/XMLSchema-instance"
    xmlns="http://www.loc.gov/standards/alto/ns-v4#"
    xsi:schemaLocation="http://www.loc.gov/standards/alto/ns-v4# http://www.loc.gov/standards/alto/v4/alto-4-3.xsd">
    <Description>
        <MeasurementUnit>pixel</MeasurementUnit>
        <sourceImageInformation>
            <fileName>7326046.jpeg</fileName>
        </sourceImageInformation>
        <Processing ID="OCR_0">
            <processingCategory>other</processingCategory>
            <processingStepDescription>unknown</processingStepDescription>
            <processingSoftware>
                <softwareName>kraken</softwareName>
                <softwareVersion>4.3.13</softwareVersion>
            </processingSoftware>
        </Processing>
    </Description>
    <Tags>
        <OtherTag ID="TYPE_1" LABEL="DefaultLine"/>
        <OtherTag ID="TYPE_2" LABEL="MainZone-P"/>
        <OtherTag ID="TYPE_3" LABEL="MarginTextZone-Notes"/>
        <OtherTag ID="TYPE_4" LABEL="NumberingZone"/>
        <OtherTag ID="TYPE_5" LABEL="QuireMarksZone"/>
        <OtherTag ID="TYPE_6" LABEL="MainZone-List-Continued"/>
        <OtherTag ID="TYPE_7" LABEL="MainZone-Entry-Continued"/>
        <OtherTag ID="TYPE_8" LABEL="RunningTitleZone"/>
        <OtherTag ID="TYPE_9" LABEL="MainZone-Entry"/>
        <OtherTag ID="TYPE_10" LABEL="GraphicZone-Maths"/>
        <OtherTag ID="TYPE_11" LABEL="GraphicZone-FigDesc"/>
        <OtherTag ID="TYPE_12" LABEL="MainZone-P-Continued"/>
        <OtherTag ID="TYPE_13" LABEL="TableZone"/>
        <OtherTag ID="TYPE_14" LABEL="FigureZone-FigDesc"/>
        <OtherTag ID="TYPE_15" LABEL="FigureZone-Head"/>
        <OtherTag ID="TYPE_16" LABEL="MainZone-Head"/>
        <OtherTag ID="TYPE_17" LABEL="MainZone-Lg"/>
        <OtherTag ID="TYPE_18" LABEL="DropCapitalZone"/>
        <OtherTag ID="TYPE_19" LABEL="MainZone-Signature"/>
        <OtherTag ID="TYPE_20" LABEL="GraphicZone-Part"/>
        <OtherTag ID="TYPE_21" LABEL="GraphicZone-Decoration"/>
        <OtherTag ID="TYPE_22" LABEL="TitlePageZone-Index"/>
        <OtherTag ID="TYPE_23" LABEL="StampZone-Sticker"/>
        <OtherTag ID="TYPE_24" LABEL="MainZone-Lg-Continued"/>
        <OtherTag ID="TYPE_25" LABEL="MarginTextZone-Notes-Continued"/>
        <OtherTag ID="TYPE_26" LABEL="GraphicZone-Head"/>
        <OtherTag ID="TYPE_27" LABEL="MainZone-Form"/>
        <OtherTag ID="TYPE_28" LABEL="MainZone-Other"/>
        <OtherTag ID="TYPE_29" LABEL="AdvertisementZone"/>
        <OtherTag ID="TYPE_30" LABEL="MainZone-Sp-Continued"/>
        <OtherTag ID="TYPE_31" LABEL="TitlePageZone"/>
        <OtherTag ID="TYPE_32" LABEL="StampZone"/>
        <OtherTag ID="TYPE_33" LABEL="MainZone-Date"/>
        <OtherTag ID="TYPE_34" LABEL="GraphicZone-TextualContent"/>
        <OtherTag ID="TYPE_35" LABEL="TableZone-Continued"/>
        <OtherTag ID="TYPE_36" LABEL="FigureZone"/>
        <OtherTag ID="TYPE_37" LABEL="GraphicZone"/>
        <OtherTag ID="TYPE_38" LABEL="DigitizationArtefactZone"/>
        <OtherTag ID="TYPE_39" LABEL="MarginTextZone-ManuscriptAddendum"/>
        <OtherTag ID="TYPE_40" LABEL="MainZone-Sp"/>
        <OtherTag ID="TYPE_41" LABEL="MainZone-List"/>
        <OtherTag ID="TYPE_42" LABEL="TableZone-Head"/>
    </Tags>
    <Layout>
        <Page WIDTH="1000" HEIGHT="1547" PHYSICAL_IMG_NR="0" ID="page_0">
            <PrintSpace HPOS="0" VPOS="0" WIDTH="1000" HEIGHT="1547">
                <TextBlock ID="block_5" HPOS="356" VPOS="101" WIDTH="486" HEIGHT="42" TAGREFS="TYPE_8">
                    <Shape>
                        <Polygon POINTS="356.816650390625 101.70731353759766 842.1947631835938 101.70731353759766 842.1947631835938 143.70565795898438 356.816650390625 143.70565795898438 356.816650390625 101.70731353759766"/>
                    </Shape>
                    <TextLine ID="line_0" HPOS="355" VPOS="117" WIDTH="487" HEIGHT="26" BASELINE="355 131 842 128" TAGREFS="TYPE_1">
                        <Shape>
                            <Polygon POINTS="828 128 819 128 810 128 802 128 793 128 785 128 776 128 767 128 759 128 750 128 742 128 733 128 724 128 716 128 707 128 699 128 690 128 681 128 673 128 664 128 656 128 647 128 638 128 630 128 621 128 613 128 604 128 595 128 587 128 578 128 570 128 561 128 552 128 544 128 535 128 527 128 518 128 509 128 501 128 492 128 484 128 475 128 466 128 458 128 449 128 441 128 432 128 423 128 415 128 406 128 398 128 389 128 380 128 372 128 363 128 355 128 355 131 355 137 365 142 366 142 367 142 368 142 384 138 389 143 390 143 391 143 392 143 455 138 478 143 478 143 479 143 515 138 515 138 566 142 567 142 568 142 569 142 575 138 578 136 601 138 657 142 658 142 697 141 698 141 699 141 699 140 702 138 705 135 712 138 723 141 723 141 724 141 740 138 752 135 761 138 768 140 769 140 770 140 841 138 842 128 840 117 828 117 828 128"/>
                        </Shape>
                        <String CONTENT=""/>
                    </TextLine>
</TextBlock>
                <TextBlock ID="block_6" HPOS="298" VPOS="148" WIDTH="674" HEIGHT="483" TAGREFS="TYPE_12">
                    <Shape>
                        <Polygon POINTS="298.1944274902344 148.44517517089844 972.8806762695312 148.44517517089844 972.8806762695312 631.3549194335938 298.1944274902344 631.3549194335938 298.1944274902344 148.44517517089844"/>
                    </Shape>
                    <TextLine ID="line_1" HPOS="303" VPOS="141" WIDTH="666" HEIGHT="60" BASELINE="304 184 969 181" TAGREFS="TYPE_1">
                        <Shape>
                            <Polygon POINTS="836 171 831 148 812 144 803 142 803 142 788 145 776 146 770 145 762 142 761 142 760 142 760 142 754 145 748 148 744 146 740 142 739 142 738 142 700 142 699 142 699 142 682 146 665 152 619 152 609 148 592 143 591 143 590 143 589 143 576 149 568 152 505 152 502 150 496 146 496 146 495 146 494 146 476 151 467 152 447 152 416 149 415 149 342 152 325 144 324 144 323 144 322 144 303 152 304 184 305 201 328 195 343 200 343 200 344 200 345 200 367 195 407 201 411 201 411 201 412 201 413 201 422 195 470 194 559 197 560 197 596 194 607 198 607 198 608 198 609 198 613 198 647 193 669 197 680 199 680 199 681 199 690 197 699 195 705 196 711 199 711 199 712 200 803 200 803 199 819 195 826 194 833 195 845 198 846 198 846 199 884 199 884 198 885 198 895 195 901 192 968 193 969 181 968 141 882 141 881 141 871 143 837 148 836 171"/>
                        </Shape>
                        <String CONTENT=""/>
                    </TextLine>

                    <TextLine ID="line_2" HPOS="305" VPOS="191" WIDTH="665" HEIGHT="54" BASELINE="306 229 970 224" TAGREFS="TYPE_1">
                        <Shape>
                            <Polygon POINTS="306 229 306 244 324 238 378 244 396 245 397 245 398 245 402 244 417 237 451 237 464 243 469 244 470 244 471 244 472 244 477 242 489 237 524 237 537 241 543 244 544 244 545 244 546 244 553 241 566 237 575 241 581 244 582 244 582 244 634 244 634 244 635 244 645 240 650 238 660 239 680 243 681 243 682 243 683 243 687 239 690 237 694 239 702 243 703 243 704 244 747 244 747 243 748 243 748 243 755 238 763 234 794 234 799 238 803 242 804 242 805 242 806 242 835 238 860 233 869 237 879 241 880 241 881 241 882 241 897 237 908 233 969 235 970 224 969 198 905 191 904 191 846 198 845 198 827 191 826 191 825 191 824 191 809 198 768 194 767 194 735 199 732 199 730 199 700 193 699 193 699 193 698 193 690 199 689 200 656 200 656 199 639 192 638 192 638 192 637 192 636 192 625 199 611 193 610 193 609 193 608 193 585 200 582 200 571 200 466 194 465 194 464 194 449 200 423 194 422 194 421 194 420 194 420 195 414 200 399 195 398 195 398 195 370 201 368 201 364 201 313 195 312 195 312 195 311 195 305 198 306 229"/>
                        </Shape>
                        <String CONTENT=""/>
                    </TextLine>

                    <TextLine ID="line_3" HPOS="304" VPOS="235" WIDTH="662" HEIGHT="48" BASELINE="305 270 966 269" TAGREFS="TYPE_1">
                        <Shape>
                            <Polygon POINTS="305 270 305 278 322 283 323 283 324 283 325 283 325 283 333 279 334 278 337 279 361 283 361 283 362 283 377 279 380 278 398 279 463 283 464 283 484 280 493 278 500 280 513 283 514 283 515 283 531 280 540 278 558 280 584 283 585 283 602 281 611 279 619 281 634 283 635 283 636 283 642 281 650 277 684 281 700 282 701 282 758 281 939 277 964 282 966 269 964 240 856 235 855 235 832 240 828 241 823 240 791 235 791 235 790 235 772 240 748 235 747 235 746 235 745 235 738 241 737 242 647 242 641 237 640 237 639 237 638 237 638 237 637 237 637 238 632 242 631 242 628 242 598 238 597 238 596 238 579 242 577 242 576 242 552 237 552 237 509 241 502 236 501 236 500 236 499 236 461 240 448 236 447 236 447 236 446 236 428 242 416 238 415 238 414 238 364 242 330 236 329 236 328 236 304 243 305 270"/>
                        </Shape>
                        <String CONTENT=""/>
                    </TextLine>

                    <TextLine ID="line_4" HPOS="304" VPOS="279" WIDTH="667" HEIGHT="50" BASELINE="305 312 971 311" TAGREFS="TYPE_1">
                        <Shape>
                            <Polygon POINTS="305 312 305 322 337 327 338 327 417 322 424 322 427 322 454 328 455 328 510 323 518 328 519 328 520 328 521 329 558 329 558 328 558 328 559 328 568 323 752 327 753 327 754 327 754 327 761 321 762 321 767 321 845 326 846 326 897 321 898 321 899 321 933 327 934 327 970 320 971 311 969 279 926 283 899 280 893 279 892 279 888 280 863 285 846 280 842 279 841 279 840 279 785 280 784 280 783 280 782 281 777 285 768 281 762 279 761 279 722 279 721 279 720 279 714 281 708 285 645 282 567 280 566 280 565 280 564 280 558 284 554 287 521 287 518 284 513 280 512 280 511 280 510 280 474 285 466 286 460 285 426 280 425 280 424 280 411 285 395 280 394 280 393 280 392 280 380 286 341 281 340 281 304 287 305 312"/>
                        </Shape>
                        <String CONTENT=""/>
                    </TextLine>

                    <TextLine ID="line_5" HPOS="305" VPOS="320" WIDTH="659" HEIGHT="55" BASELINE="305 356 964 361" TAGREFS="TYPE_1">
                        <Shape>
                            <Polygon POINTS="305 356 305 365 368 365 368 365 379 370 380 370 380 370 381 370 394 365 395 365 449 365 449 366 461 371 462 371 463 371 464 371 481 366 525 372 526 372 527 372 548 366 560 372 561 372 562 372 601 372 601 372 601 372 619 366 620 366 638 372 638 372 639 373 670 373 670 372 671 372 672 372 680 367 698 372 699 372 699 372 700 372 701 372 710 367 745 373 746 373 747 373 761 368 792 373 793 373 794 373 795 373 804 368 831 368 858 374 859 375 908 375 908 374 909 374 920 369 945 374 946 374 947 374 963 368 964 361 963 324 924 324 923 324 922 324 921 324 916 328 851 324 824 323 823 323 822 323 819 324 810 329 798 324 793 323 792 323 791 323 791 323 787 324 773 332 726 332 710 325 705 324 705 324 704 324 703 324 699 325 687 331 650 325 646 325 645 325 640 325 605 330 598 326 596 324 595 324 595 324 594 324 579 326 546 330 520 328 519 327 510 320 509 320 509 320 508 320 488 322 487 322 486 322 479 327 476 330 468 327 457 324 456 324 455 324 454 324 447 327 441 330 429 327 410 324 409 324 389 328 382 329 305 329 305 356"/>
                        </Shape>
                        <String CONTENT=""/>
                    </TextLine>

                    <TextLine ID="line_6" HPOS="304" VPOS="363" WIDTH="666" HEIGHT="53" BASELINE="305 403 970 396" TAGREFS="TYPE_1">
                        <Shape>
                            <Polygon POINTS="305 403 305 411 379 416 380 416 380 416 390 411 392 409 516 409 522 411 534 415 535 415 536 415 599 413 600 413 601 413 603 411 606 409 611 411 619 414 619 414 620 414 681 413 701 410 731 407 751 410 760 412 761 412 785 410 838 406 860 406 866 410 867 411 868 411 869 411 870 411 969 409 970 396 967 363 947 371 853 371 834 364 830 363 829 363 828 363 828 363 822 365 801 372 784 365 781 364 780 364 730 364 729 364 728 364 727 364 725 366 716 372 693 368 692 368 628 373 619 367 618 367 617 367 616 367 615 367 614 367 608 372 593 367 590 366 589 366 548 366 547 366 546 366 544 367 531 374 500 369 499 369 469 375 420 369 404 367 404 367 392 369 374 373 367 370 365 368 364 368 363 368 362 368 304 370 305 403"/>
                        </Shape>
                        <String CONTENT=""/>
                    </TextLine>

                    <TextLine ID="line_7" HPOS="305" VPOS="409" WIDTH="667" HEIGHT="48" BASELINE="305 440 972 440" TAGREFS="TYPE_1">
                        <Shape>
                            <Polygon POINTS="305 440 305 451 325 451 335 457 336 457 337 457 337 457 460 451 478 456 479 456 480 456 481 456 493 451 538 457 539 457 539 457 552 452 586 457 587 457 618 451 752 457 753 457 754 457 776 451 829 451 854 457 855 457 856 457 857 457 874 452 925 457 926 457 971 450 972 440 971 416 926 416 907 409 906 409 807 409 806 409 805 409 804 409 793 415 703 409 702 409 701 409 686 416 656 416 648 410 647 410 646 410 645 410 644 410 644 410 636 415 597 409 596 409 595 409 575 415 523 409 522 409 471 415 452 409 451 409 450 409 449 409 448 409 441 415 428 411 427 411 426 411 355 415 334 409 333 409 332 409 331 409 305 415 305 440"/>
                        </Shape>
                        <String CONTENT=""/>
                    </TextLine>

                    <TextLine ID="line_8" HPOS="304" VPOS="452" WIDTH="666" HEIGHT="49" BASELINE="304 484 970 484" TAGREFS="TYPE_1">
                        <Shape>
                            <Polygon POINTS="304 484 306 497 312 493 374 493 390 496 404 500 405 500 406 500 407 500 411 496 417 493 439 496 466 500 466 500 488 495 503 493 525 495 540 497 541 497 561 495 582 493 585 495 591 500 592 500 593 500 594 500 625 495 627 495 628 495 638 500 638 500 639 501 670 501 670 500 671 500 680 495 683 493 708 493 719 494 762 500 763 500 764 500 765 500 773 494 773 493 792 493 797 494 822 500 823 501 860 501 860 500 861 500 862 500 870 494 897 500 898 500 928 495 948 499 949 499 950 499 970 492 970 484 969 454 926 457 907 454 891 452 890 452 859 454 831 457 815 454 794 452 793 452 756 455 733 457 724 455 711 452 710 452 617 452 616 452 615 452 606 456 602 458 437 458 435 457 417 452 416 452 415 452 414 452 413 452 406 457 405 458 304 458 304 484"/>
                        </Shape>
                        <String CONTENT=""/>
                    </TextLine>

                    <TextLine ID="line_9" HPOS="304" VPOS="494" WIDTH="666" HEIGHT="50" BASELINE="304 527 970 527" TAGREFS="TYPE_1">
                        <Shape>
                            <Polygon POINTS="304 527 304 538 370 544 371 544 426 538 449 544 450 544 451 544 482 538 563 538 598 544 599 544 639 538 723 544 724 544 754 539 776 543 777 543 809 538 837 544 838 544 902 539 945 544 946 544 947 544 970 538 970 527 969 494 951 501 889 501 881 494 880 494 879 494 878 494 874 494 846 500 836 495 834 494 834 494 833 494 832 494 830 495 818 500 778 495 767 494 766 494 766 494 761 495 750 498 723 495 716 495 715 495 714 495 712 495 698 501 652 501 638 495 638 495 637 495 636 495 635 495 634 495 628 500 611 496 610 496 544 501 536 496 533 494 532 494 531 494 472 494 472 494 471 494 464 496 454 501 439 501 432 497 428 494 427 494 426 494 425 494 410 497 397 500 392 497 385 494 384 494 383 494 304 497 304 527"/>
                        </Shape>
                        <String CONTENT=""/>
                    </TextLine>

                    <TextLine ID="line_10" HPOS="304" VPOS="547" WIDTH="663" HEIGHT="42" BASELINE="304 570 967 570" TAGREFS="TYPE_1">
                        <Shape>
                            <Polygon POINTS="820 556 811 556 803 556 797 556 794 556 785 556 777 556 768 556 760 556 751 556 742 556 734 556 725 556 717 556 708 556 701 556 699 557 670 557 668 556 665 556 656 556 648 556 639 556 631 556 630 558 554 558 549 556 545 556 536 556 527 556 519 556 510 556 503 556 493 558 441 558 435 556 433 556 424 556 416 556 407 556 404 556 401 557 399 556 398 556 390 556 381 556 378 556 377 557 364 556 364 556 355 556 347 556 338 556 330 556 321 556 312 556 304 556 304 570 304 580 366 585 367 585 391 580 394 580 398 580 434 588 435 588 435 588 436 588 447 580 448 580 451 580 463 587 464 587 465 587 466 587 481 580 488 579 496 580 504 583 505 583 506 583 573 580 638 579 642 580 652 586 653 586 654 586 679 580 681 580 682 580 694 588 695 588 696 588 697 589 782 589 782 588 783 588 784 588 794 580 796 580 828 580 834 580 844 584 845 584 846 584 870 580 874 580 875 580 885 588 886 588 887 588 888 589 938 589 938 588 939 588 967 580 967 570 967 547 851 547 850 547 849 547 847 548 828 557 825 556 820 556"/>
                        </Shape>
                        <String CONTENT=""/>
                    </TextLine>

                    <TextLine ID="line_11" HPOS="302" VPOS="581" WIDTH="526" HEIGHT="51" BASELINE="303 615 828 614" TAGREFS="TYPE_1">
                        <Shape>
                            <Polygon POINTS="303 615 303 625 365 629 366 629 386 625 388 625 390 625 401 630 402 630 403 630 457 625 461 625 462 625 468 630 468 631 469 631 470 631 471 632 577 632 577 631 578 631 591 627 633 631 634 631 635 631 636 631 644 625 670 625 680 625 682 625 736 631 737 631 828 624 828 614 828 591 805 585 804 585 803 585 803 585 802 585 795 591 701 591 684 583 683 583 682 583 681 583 680 583 672 590 662 582 662 582 661 582 615 581 614 581 613 581 613 581 613 582 604 589 588 586 587 586 586 586 585 586 580 590 573 584 572 584 571 584 570 584 543 590 533 581 532 581 531 581 496 581 495 581 453 590 447 585 447 585 446 585 445 585 405 587 373 581 372 581 371 581 346 590 329 582 328 582 327 582 326 582 302 591 303 615"/>
                        </Shape>
                        <String CONTENT=""/>
                    </TextLine>
</TextBlock>
                <TextBlock ID="block_3" HPOS="173" VPOS="640" WIDTH="128" HEIGHT="42" TAGREFS="TYPE_3">
                    <Shape>
                        <Polygon POINTS="173.44613647460938 640.4560546875 301.05126953125 640.4560546875 301.05126953125 682.05859375 173.44613647460938 682.05859375 173.44613647460938 640.4560546875"/>
                    </Shape>
                    <TextLine ID="line_12" HPOS="173" VPOS="630" WIDTH="133" HEIGHT="59" BASELINE="174 668 306 672" TAGREFS="TYPE_1">
                        <Shape>
                            <Polygon POINTS="174 668 173 681 184 687 184 687 219 688 220 688 220 688 232 684 242 681 290 682 304 689 306 672 306 633 267 637 248 633 233 630 233 630 232 630 231 630 226 634 223 635 175 635 174 668"/>
                        </Shape>
                        <String CONTENT=""/>
                    </TextLine>
</TextBlock>
                <TextBlock ID="block_1" HPOS="298" VPOS="647" WIDTH="674" HEIGHT="266" TAGREFS="TYPE_2">
                    <Shape>
                        <Polygon POINTS="298.5819396972656 647.2598876953125 972.0151977539062 647.2598876953125 972.0151977539062 913.2714233398438 298.5819396972656 913.2714233398438 298.5819396972656 647.2598876953125"/>
                    </Shape>
                    <TextLine ID="line_13" HPOS="364" VPOS="644" WIDTH="593" HEIGHT="60" BASELINE="365 684 840 686 957 690" TAGREFS="TYPE_1">
                        <Shape>
                            <Polygon POINTS="365 684 364 693 421 694 421 695 436 701 437 701 438 701 439 701 440 701 448 695 450 694 462 695 513 702 514 702 515 702 533 697 536 696 539 697 556 702 557 702 558 702 619 698 659 696 670 699 683 703 684 703 685 703 699 699 711 697 728 700 735 701 736 701 742 700 766 696 792 700 793 700 815 697 834 702 840 703 841 703 842 703 843 703 849 702 860 699 871 703 875 703 876 703 877 704 920 704 920 703 920 703 921 703 927 699 956 703 957 690 957 659 874 658 873 657 843 647 842 647 784 646 783 646 782 646 762 655 758 657 744 655 723 652 723 652 722 652 721 652 718 654 715 658 691 658 683 654 665 646 664 646 631 646 630 646 597 653 579 656 563 652 558 651 558 651 557 651 547 652 518 655 511 651 506 648 505 648 504 648 503 648 503 648 502 648 497 651 490 656 431 655 421 650 410 644 409 644 408 644 365 648 365 684"/>
                        </Shape>
                        <String CONTENT=""/>
                    </TextLine>

                    <TextLine ID="line_14" HPOS="301" VPOS="696" WIDTH="666" HEIGHT="58" BASELINE="301 739 967 741" TAGREFS="TYPE_1">
                        <Shape>
                            <Polygon POINTS="834 735 830 711 752 711 731 705 697 697 696 697 695 697 668 703 625 697 550 697 549 697 548 697 529 703 521 706 507 703 496 702 496 702 495 702 494 702 492 703 484 709 455 705 452 703 441 696 440 696 439 696 416 696 415 696 414 696 402 703 395 706 387 703 374 696 373 696 316 696 315 696 314 696 301 701 301 739 301 752 348 746 389 752 390 752 391 752 392 752 409 746 422 752 423 752 423 752 424 752 425 752 434 746 514 746 522 752 524 753 525 753 526 753 527 753 543 752 580 747 607 752 610 752 611 752 612 752 619 748 623 752 625 753 625 753 626 753 627 754 679 754 679 753 680 753 684 752 693 747 702 752 705 753 706 753 707 753 720 752 740 748 754 752 766 754 767 754 788 752 800 750 813 752 837 754 838 754 851 752 865 748 881 752 889 752 889 752 899 752 919 748 965 751 967 741 966 708 909 710 895 707 872 701 871 701 871 701 870 701 869 701 861 706 855 711 839 711 834 735"/>
                        </Shape>
                        <String CONTENT=""/>
                    </TextLine>

                    <TextLine ID="line_15" HPOS="301" VPOS="771" WIDTH="667" HEIGHT="39" BASELINE="302 792 968 794" TAGREFS="TYPE_1">
                        <Shape>
                            <Polygon POINTS="835 792 827 792 818 792 809 792 801 792 792 792 784 792 775 792 766 792 758 792 749 792 741 792 732 792 723 792 715 792 706 792 698 792 689 792 680 792 672 792 663 792 655 792 646 792 638 792 629 792 620 792 612 792 603 792 595 792 585 792 576 792 568 792 559 792 551 792 542 792 533 792 525 792 516 792 508 792 499 792 490 792 482 792 473 792 465 792 456 792 447 792 439 792 430 792 422 792 414 790 405 790 397 790 388 790 380 790 371 790 362 790 354 790 345 790 337 790 328 790 319 790 311 790 302 790 302 792 301 803 332 807 333 807 334 807 348 803 358 801 368 803 378 807 379 807 380 807 429 806 430 806 435 803 439 801 442 803 451 807 452 807 453 808 490 808 490 807 491 807 500 803 504 801 541 803 585 806 586 806 619 803 636 801 640 802 656 808 656 808 657 808 658 808 680 802 683 802 687 802 729 808 730 808 756 802 758 802 759 802 774 809 775 809 776 810 820 810 820 809 821 809 822 809 828 803 889 802 895 802 896 802 924 807 925 807 967 801 968 794 967 771 859 771 858 771 858 771 855 772 837 780 835 792"/>
                        </Shape>
                        <String CONTENT=""/>
                    </TextLine>

                    <TextLine ID="line_16" HPOS="300" VPOS="811" WIDTH="666" HEIGHT="54" BASELINE="300 845 966 849" TAGREFS="TYPE_1">
                        <Shape>
                            <Polygon POINTS="300 845 300 854 337 861 338 861 415 856 437 862 438 862 439 862 670 857 680 857 692 862 693 862 693 862 808 858 819 858 821 858 839 865 840 865 840 865 887 861 921 865 922 865 923 865 934 859 935 859 964 859 966 849 965 820 940 814 939 814 883 819 877 814 877 814 876 814 875 814 874 814 864 819 833 812 832 812 773 819 755 820 744 819 717 813 716 813 677 816 670 811 669 811 668 811 632 811 631 811 631 811 630 811 620 817 616 819 546 819 542 817 537 814 536 814 535 814 516 816 498 819 495 816 490 813 490 813 489 813 488 813 472 816 460 819 453 816 448 814 447 814 447 814 300 814 300 845"/>
                        </Shape>
                        <String CONTENT=""/>
                    </TextLine>

                    <TextLine ID="line_17" HPOS="301" VPOS="862" WIDTH="407" HEIGHT="53" BASELINE="302 899 708 901" TAGREFS="TYPE_1">
                        <Shape>
                            <Polygon POINTS="302 899 301 907 349 912 350 912 383 909 395 908 402 909 420 913 421 913 422 913 423 913 428 910 430 908 436 910 447 913 447 913 448 913 462 911 472 908 478 911 484 913 484 913 485 913 526 911 564 910 569 912 571 914 572 914 573 914 574 914 588 912 613 909 618 913 619 913 619 914 619 914 620 914 621 915 707 915 708 901 707 875 671 872 662 863 661 863 660 863 659 863 658 863 629 873 614 862 613 862 613 862 567 862 566 862 565 862 564 862 550 872 549 873 546 872 506 862 505 862 504 862 503 862 479 871 474 873 470 871 453 865 453 865 452 865 451 865 441 870 435 874 421 870 417 869 417 869 416 869 411 870 392 874 386 869 380 864 379 864 378 864 377 864 376 864 362 869 352 873 325 873 320 868 316 865 315 865 314 865 313 865 312 865 302 868 302 899"/>
                        </Shape>
                        <String CONTENT=""/>
                    </TextLine>
</TextBlock>
                <TextBlock ID="block_0" HPOS="295" VPOS="921" WIDTH="678" HEIGHT="358" TAGREFS="TYPE_2">
                    <Shape>
                        <Polygon POINTS="295.81463623046875 921.5302734375 973.0698852539062 921.5302734375 973.0698852539062 1279.412109375 295.81463623046875 1279.412109375 295.81463623046875 921.5302734375"/>
                    </Shape>
                    <TextLine ID="line_18" HPOS="349" VPOS="919" WIDTH="619" HEIGHT="54" BASELINE="349 954 968 956" TAGREFS="TYPE_1">
                        <Shape>
                            <Polygon POINTS="349 954 349 964 388 965 406 972 407 972 408 972 409 972 432 966 452 972 453 972 453 972 521 966 545 972 546 972 546 973 595 973 595 972 596 972 613 966 621 972 622 972 623 972 659 973 660 973 661 973 674 967 696 972 697 972 698 972 699 972 704 966 716 971 717 971 717 971 768 966 777 973 778 973 779 973 779 973 860 967 901 973 902 973 903 973 920 966 967 966 968 956 967 929 888 929 887 929 870 921 869 921 868 921 867 921 857 925 844 920 843 920 842 920 810 928 805 929 795 928 745 922 744 922 721 927 714 929 711 927 699 920 699 920 698 920 697 920 658 921 657 921 656 921 650 926 648 928 642 926 615 919 614 919 613 919 567 921 566 921 553 926 547 928 543 925 531 919 530 919 529 919 496 922 496 922 495 922 491 925 488 928 484 925 475 919 474 919 473 919 450 919 449 919 448 919 447 919 441 924 435 929 407 929 400 924 392 919 392 919 391 919 390 919 349 923 349 954"/>
                        </Shape>
                        <String CONTENT=""/>
                    </TextLine>

                    <TextLine ID="line_19" HPOS="302" VPOS="966" WIDTH="667" HEIGHT="49" BASELINE="302 996 969 999" TAGREFS="TYPE_1">
                        <Shape>
                            <Polygon POINTS="835 979 832 972 823 976 750 976 743 971 737 966 736 966 736 966 735 966 734 966 726 971 718 975 676 975 669 971 662 967 662 967 661 967 631 971 629 971 627 971 602 966 601 966 601 966 589 971 581 975 543 975 536 971 526 966 525 966 524 966 496 971 495 971 478 966 477 966 476 966 475 966 461 971 455 974 355 974 350 971 337 966 337 966 336 966 302 971 302 996 302 1012 369 1008 374 1012 376 1014 377 1014 378 1014 379 1014 393 1012 417 1009 472 1012 512 1014 513 1014 514 1014 517 1012 524 1008 533 1012 540 1015 541 1015 542 1015 576 1012 595 1010 608 1012 633 1015 634 1015 649 1011 660 1009 674 1011 696 1015 697 1015 739 1011 755 1010 778 1011 844 1015 845 1015 894 1011 905 1010 910 1011 938 1015 938 1015 968 1010 969 999 969 971 901 967 901 967 900 967 893 971 882 975 860 971 845 967 844 967 843 967 839 969 835 979"/>
                        </Shape>
                        <String CONTENT=""/>
                    </TextLine>

                    <TextLine ID="line_20" HPOS="301" VPOS="1009" WIDTH="668" HEIGHT="49" BASELINE="301 1040 969 1043" TAGREFS="TYPE_1">
                        <Shape>
                            <Polygon POINTS="301 1040 301 1055 426 1051 441 1055 446 1056 447 1056 447 1056 468 1054 518 1051 527 1054 533 1057 534 1057 535 1057 550 1054 556 1053 558 1054 564 1057 565 1057 566 1058 631 1058 631 1057 650 1053 660 1051 682 1053 726 1057 727 1057 728 1057 741 1053 747 1051 784 1051 785 1053 793 1058 794 1058 795 1058 796 1058 797 1058 818 1052 821 1052 827 1052 887 1058 888 1058 889 1058 911 1052 912 1052 936 1057 937 1057 969 1051 969 1043 969 1011 858 1018 806 1012 797 1011 796 1011 791 1012 766 1018 752 1012 747 1010 746 1010 745 1010 744 1010 740 1013 734 1015 726 1013 720 1010 719 1010 625 1010 625 1010 624 1010 613 1014 601 1018 553 1018 540 1014 523 1009 522 1009 521 1009 496 1015 485 1016 477 1015 454 1009 453 1009 453 1009 441 1015 436 1016 301 1016 301 1040"/>
                        </Shape>
                        <String CONTENT=""/>
                    </TextLine>

                    <TextLine ID="line_21" HPOS="302" VPOS="1051" WIDTH="667" HEIGHT="51" BASELINE="303 1084 969 1086" TAGREFS="TYPE_1">
                        <Shape>
                            <Polygon POINTS="303 1084 302 1094 333 1095 342 1101 343 1101 343 1101 344 1101 345 1101 360 1096 374 1101 374 1101 375 1101 376 1101 398 1096 414 1096 461 1096 462 1096 469 1101 470 1101 471 1101 472 1101 521 1096 530 1096 546 1097 637 1102 638 1102 703 1101 704 1101 710 1098 712 1097 723 1098 754 1102 754 1102 792 1099 812 1097 968 1100 969 1086 969 1060 950 1060 950 1059 941 1052 940 1052 939 1052 920 1052 920 1052 919 1052 918 1052 910 1059 909 1060 846 1060 840 1058 817 1053 816 1053 795 1057 787 1059 779 1057 765 1053 764 1053 763 1053 744 1057 732 1059 711 1057 677 1052 620 1052 619 1052 619 1052 610 1056 602 1058 566 1055 529 1051 528 1051 527 1051 520 1054 512 1058 465 1058 459 1054 456 1051 455 1051 454 1051 433 1051 432 1051 431 1051 430 1051 428 1053 420 1059 391 1059 362 1052 355 1051 355 1051 354 1051 350 1052 335 1058 328 1052 327 1051 326 1051 325 1051 325 1051 303 1051 303 1084"/>
                        </Shape>
                        <String CONTENT=""/>
                    </TextLine>

                    <TextLine ID="line_22" HPOS="173" VPOS="1092" WIDTH="790" HEIGHT="54" BASELINE="174 1122 313 1127 963 1131" TAGREFS="TYPE_1">
                        <Shape>
                            <Polygon POINTS="174 1122 173 1133 309 1134 313 1136 333 1143 334 1143 335 1143 423 1138 481 1143 482 1143 483 1143 493 1139 496 1137 510 1139 544 1143 545 1143 546 1143 554 1140 558 1138 573 1140 605 1144 606 1144 643 1141 669 1139 687 1142 703 1144 704 1144 705 1144 709 1143 718 1138 760 1143 766 1143 767 1143 768 1143 769 1143 782 1138 800 1143 805 1145 806 1145 807 1145 834 1144 915 1141 961 1146 963 1131 962 1096 911 1100 902 1095 901 1095 901 1095 900 1095 899 1095 897 1095 877 1102 836 1095 828 1094 721 1094 720 1094 719 1094 717 1095 703 1103 589 1096 588 1096 588 1096 576 1100 559 1094 552 1093 552 1093 517 1093 516 1093 515 1093 511 1094 499 1101 450 1098 445 1094 441 1092 441 1092 440 1092 439 1092 413 1094 359 1100 174 1094 174 1122"/>
                        </Shape>
                        <String CONTENT=""/>
                    </TextLine>

                    <TextLine ID="line_23" HPOS="305" VPOS="1138" WIDTH="663" HEIGHT="52" BASELINE="306 1170 968 1173" TAGREFS="TYPE_1">
                        <Shape>
                            <Polygon POINTS="306 1170 305 1179 361 1180 374 1188 375 1188 376 1188 377 1188 417 1180 496 1180 526 1189 527 1189 527 1190 554 1190 554 1189 555 1189 556 1189 569 1181 588 1189 588 1189 589 1189 661 1181 708 1187 709 1187 710 1187 730 1181 748 1189 748 1189 749 1189 750 1189 772 1184 865 1190 866 1190 942 1188 943 1188 967 1181 968 1173 966 1143 920 1147 911 1143 904 1140 903 1140 902 1140 901 1140 895 1143 888 1148 866 1148 861 1143 858 1140 857 1140 856 1140 817 1140 816 1140 795 1143 774 1147 741 1145 739 1143 734 1139 733 1139 732 1139 731 1139 710 1143 702 1145 699 1143 689 1139 688 1139 687 1139 665 1143 662 1144 662 1143 656 1139 655 1139 654 1139 600 1139 599 1139 598 1139 588 1144 585 1146 582 1144 574 1140 573 1140 540 1139 539 1139 539 1139 528 1144 526 1146 503 1146 500 1144 485 1138 484 1138 484 1138 453 1144 448 1145 445 1144 426 1138 425 1138 424 1138 423 1138 423 1138 413 1144 411 1146 362 1146 361 1144 352 1138 351 1138 350 1138 334 1138 333 1138 306 1144 306 1170"/>
                        </Shape>
                        <String CONTENT=""/>
                    </TextLine>

                    <TextLine ID="line_24" HPOS="304" VPOS="1180" WIDTH="665" HEIGHT="54" BASELINE="304 1214 969 1217" TAGREFS="TYPE_1">
                        <Shape>
                            <Polygon POINTS="304 1214 304 1230 384 1225 392 1230 393 1231 394 1231 395 1231 396 1231 424 1230 510 1226 551 1229 582 1232 582 1232 602 1229 623 1226 642 1229 666 1233 667 1233 722 1229 746 1227 750 1229 760 1233 761 1233 762 1233 763 1233 773 1229 777 1227 789 1229 830 1234 831 1234 832 1234 833 1234 840 1228 841 1228 969 1228 969 1217 969 1183 920 1183 920 1183 919 1183 918 1183 889 1192 867 1184 865 1183 865 1183 864 1183 863 1183 860 1184 839 1192 809 1192 786 1185 779 1182 778 1182 777 1182 753 1185 738 1186 735 1185 728 1182 727 1182 726 1182 725 1182 724 1182 720 1186 708 1192 648 1192 638 1186 634 1184 633 1184 632 1184 631 1184 613 1186 598 1188 595 1186 588 1181 588 1181 587 1181 572 1181 571 1181 570 1181 570 1181 561 1187 553 1192 499 1192 490 1187 470 1180 469 1180 468 1180 467 1180 446 1188 445 1188 444 1188 411 1180 410 1180 409 1180 408 1180 396 1189 393 1191 345 1191 343 1189 328 1182 327 1182 326 1182 325 1182 304 1189 304 1214"/>
                        </Shape>
                        <String CONTENT=""/>
                    </TextLine>

                    <TextLine ID="line_25" HPOS="303" VPOS="1226" WIDTH="666" HEIGHT="60" BASELINE="303 1259 969 1261" TAGREFS="TYPE_1">
                        <Shape>
                            <Polygon POINTS="303 1259 303 1278 331 1274 338 1278 347 1284 348 1284 349 1284 349 1284 377 1278 386 1277 398 1278 435 1284 436 1284 437 1284 456 1278 470 1274 521 1274 552 1277 607 1284 607 1284 628 1280 642 1285 643 1285 644 1286 693 1286 693 1285 693 1285 712 1279 723 1285 724 1285 778 1286 779 1286 779 1286 809 1277 813 1276 815 1277 830 1286 831 1286 832 1286 833 1286 834 1286 851 1278 875 1286 876 1286 877 1286 877 1286 878 1286 894 1277 896 1276 968 1276 969 1261 969 1235 915 1229 914 1229 895 1234 883 1229 883 1229 882 1229 860 1233 843 1228 842 1228 841 1228 807 1234 804 1234 803 1234 793 1228 792 1228 791 1228 763 1231 748 1227 747 1227 746 1227 705 1233 705 1234 671 1234 670 1233 655 1227 654 1227 601 1227 600 1227 599 1227 598 1227 589 1233 588 1234 565 1234 564 1233 558 1227 557 1227 556 1227 555 1227 554 1227 535 1233 533 1233 529 1233 507 1229 506 1229 505 1229 492 1232 481 1226 480 1226 431 1226 430 1226 429 1226 429 1226 422 1232 421 1232 303 1232 303 1259"/>
                        </Shape>
                        <String CONTENT=""/>
                    </TextLine>
</TextBlock>
                <TextBlock ID="block_2" HPOS="170" VPOS="1098" WIDTH="134" HEIGHT="66" TAGREFS="TYPE_3">
                    <Shape>
                        <Polygon POINTS="170.8412322998047 1098.4827880859375 304.31304931640625 1098.4827880859375 304.31304931640625 1164.0150146484375 170.8412322998047 1164.0150146484375 170.8412322998047 1098.4827880859375"/>
                    </Shape>
                    <TextLine ID="line_26" HPOS="169" VPOS="1124" WIDTH="131" HEIGHT="49" BASELINE="170 1151 300 1149" TAGREFS="TYPE_1">
                        <Shape>
                            <Polygon POINTS="289 1126 283 1126 276 1129 248 1125 246 1125 239 1125 224 1130 169 1124 170 1151 170 1170 192 1173 193 1173 194 1173 195 1173 195 1172 196 1171 202 1166 220 1171 227 1173 228 1173 229 1173 230 1173 231 1173 233 1171 244 1165 265 1165 271 1170 271 1171 272 1171 273 1171 274 1172 300 1172 300 1149 297 1126 289 1126"/>
                        </Shape>
                        <String CONTENT=""/>
                    </TextLine>
</TextBlock>
                <TextBlock ID="block_4" HPOS="910" VPOS="1278" WIDTH="60" HEIGHT="41" TAGREFS="TYPE_5">
                    <Shape>
                        <Polygon POINTS="910.852783203125 1278.2442626953125 970.3646240234375 1278.2442626953125 970.3646240234375 1319.021240234375 910.852783203125 1319.021240234375 910.852783203125 1278.2442626953125"/>
                    </Shape>
                    <TextLine ID="line_27" HPOS="911" VPOS="1276" WIDTH="58" HEIGHT="49" BASELINE="911 1306 969 1306" TAGREFS="TYPE_1">
                        <Shape>
                            <Polygon POINTS="911 1306 911 1320 916 1323 917 1323 918 1323 919 1323 935 1321 950 1319 968 1325 969 1306 969 1277 911 1276 911 1306"/>
                        </Shape>
                        <String CONTENT=""/>
                    </TextLine>
</TextBlock>
            </PrintSpace>
        </Page>
    </Layout>
</alto>