<?xml version="1.0" encoding="UTF-8"?>
<alto xmlns:xsi="http://www.w3.org/2001/XMLSchema-instance"
    xmlns="http://www.loc.gov/standards/alto/ns-v4#"
    xsi:schemaLocation="http://www.loc.gov/standards/alto/ns-v4# http://www.loc.gov/standards/alto/v4/alto-4-3.xsd">
    <Description>
        <MeasurementUnit>pixel</MeasurementUnit>
        <sourceImageInformation>
            <fileName>7326050.jpeg</fileName>
        </sourceImageInformation>
        <Processing ID="OCR_0">
            <processingCategory>other</processingCategory>
            <processingStepDescription>unknown</processingStepDescription>
            <processingSoftware>
                <softwareName>kraken</softwareName>
                <softwareVersion>4.3.13</softwareVersion>
            </processingSoftware>
        </Processing>
    </Description>
    <Tags>
        <OtherTag ID="TYPE_1" LABEL="DefaultLine"/>
        <OtherTag ID="TYPE_2" LABEL="NumberingZone"/>
        <OtherTag ID="TYPE_3" LABEL="MainZone-Entry-Continued"/>
        <OtherTag ID="TYPE_4" LABEL="MainZone-Form"/>
        <OtherTag ID="TYPE_5" LABEL="MainZone-Lg"/>
        <OtherTag ID="TYPE_6" LABEL="DigitizationArtefactZone"/>
        <OtherTag ID="TYPE_7" LABEL="TableZone-Head"/>
        <OtherTag ID="TYPE_8" LABEL="MainZone-Sp"/>
        <OtherTag ID="TYPE_9" LABEL="MainZone-Sp-Continued"/>
        <OtherTag ID="TYPE_10" LABEL="TableZone-Continued"/>
        <OtherTag ID="TYPE_11" LABEL="MarginTextZone-ManuscriptAddendum"/>
        <OtherTag ID="TYPE_12" LABEL="GraphicZone-FigDesc"/>
        <OtherTag ID="TYPE_13" LABEL="MarginTextZone-Notes"/>
        <OtherTag ID="TYPE_14" LABEL="StampZone"/>
        <OtherTag ID="TYPE_15" LABEL="FigureZone"/>
        <OtherTag ID="TYPE_16" LABEL="MainZone-Head"/>
        <OtherTag ID="TYPE_17" LABEL="DropCapitalZone"/>
        <OtherTag ID="TYPE_18" LABEL="MainZone-Date"/>
        <OtherTag ID="TYPE_19" LABEL="MainZone-List-Continued"/>
        <OtherTag ID="TYPE_20" LABEL="FigureZone-Head"/>
        <OtherTag ID="TYPE_21" LABEL="GraphicZone-Head"/>
        <OtherTag ID="TYPE_22" LABEL="MainZone-P"/>
        <OtherTag ID="TYPE_23" LABEL="MainZone-Signature"/>
        <OtherTag ID="TYPE_24" LABEL="TitlePageZone-Index"/>
        <OtherTag ID="TYPE_25" LABEL="MainZone-Lg-Continued"/>
        <OtherTag ID="TYPE_26" LABEL="GraphicZone"/>
        <OtherTag ID="TYPE_27" LABEL="MarginTextZone-Notes-Continued"/>
        <OtherTag ID="TYPE_28" LABEL="GraphicZone-TextualContent"/>
        <OtherTag ID="TYPE_29" LABEL="GraphicZone-Maths"/>
        <OtherTag ID="TYPE_30" LABEL="GraphicZone-Part"/>
        <OtherTag ID="TYPE_31" LABEL="MainZone-Other"/>
        <OtherTag ID="TYPE_32" LABEL="FigureZone-FigDesc"/>
        <OtherTag ID="TYPE_33" LABEL="GraphicZone-Decoration"/>
        <OtherTag ID="TYPE_34" LABEL="MainZone-List"/>
        <OtherTag ID="TYPE_35" LABEL="MainZone-Entry"/>
        <OtherTag ID="TYPE_36" LABEL="AdvertisementZone"/>
        <OtherTag ID="TYPE_37" LABEL="TitlePageZone"/>
        <OtherTag ID="TYPE_38" LABEL="StampZone-Sticker"/>
        <OtherTag ID="TYPE_39" LABEL="MainZone-P-Continued"/>
        <OtherTag ID="TYPE_40" LABEL="TableZone"/>
        <OtherTag ID="TYPE_41" LABEL="RunningTitleZone"/>
        <OtherTag ID="TYPE_42" LABEL="QuireMarksZone"/>
    </Tags>
    <Layout>
        <Page WIDTH="1000" HEIGHT="1547" PHYSICAL_IMG_NR="0" ID="page_0">
            <PrintSpace HPOS="0" VPOS="0" WIDTH="1000" HEIGHT="1547">
                <TextBlock ID="block_1" HPOS="400" VPOS="92" WIDTH="469" HEIGHT="43" TAGREFS="TYPE_41">
                    <Shape>
                        <Polygon POINTS="400.1769104003906 92.45475006103516 869.7601928710938 92.45475006103516 869.7601928710938 135.3505401611328 400.1769104003906 135.3505401611328 400.1769104003906 92.45475006103516"/>
                    </Shape>
                    <TextLine ID="line_0" HPOS="399" VPOS="110" WIDTH="472" HEIGHT="28" BASELINE="400 126 871 122" TAGREFS="TYPE_1">
                        <Shape>
                            <Polygon POINTS="829 121 821 121 812 121 803 121 795 121 786 121 778 121 769 121 760 121 752 121 743 121 735 121 726 121 717 121 709 121 700 121 692 121 683 122 674 122 666 122 657 122 649 122 640 122 631 122 623 122 614 122 606 122 597 122 588 122 580 122 571 122 563 122 554 122 546 122 537 122 528 122 520 122 511 122 503 122 494 122 485 122 477 122 468 122 460 122 451 122 442 122 434 122 425 122 417 122 408 122 399 122 400 126 400 133 484 138 484 138 485 138 486 138 494 133 499 137 500 137 501 137 502 137 503 137 503 137 509 133 510 133 521 137 521 137 522 137 591 133 611 132 625 133 664 136 665 136 692 133 699 132 718 133 772 135 773 135 773 135 774 135 778 133 781 130 871 132 871 122 869 110 829 112 829 121"/>
                        </Shape>
                        <String CONTENT=""/>
                    </TextLine>
</TextBlock>
                <TextBlock ID="block_0" HPOS="293" VPOS="142" WIDTH="678" HEIGHT="1130" TAGREFS="TYPE_39">
                    <Shape>
                        <Polygon POINTS="293.34344482421875 142.94216918945312 971.9776611328125 142.94216918945312 971.9776611328125 1272.94970703125 293.34344482421875 1272.94970703125 293.34344482421875 142.94216918945312"/>
                    </Shape>
                    <TextLine ID="line_1" HPOS="302" VPOS="134" WIDTH="662" HEIGHT="61" BASELINE="304 183 964 172" TAGREFS="TYPE_1">
                        <Shape>
                            <Polygon POINTS="304 183 304 189 320 195 321 195 322 195 361 189 398 195 398 195 399 195 414 189 456 195 457 195 458 195 476 187 536 187 604 187 619 192 619 192 620 192 657 186 687 191 688 191 749 186 782 189 783 189 784 189 795 184 812 189 813 189 814 189 941 187 942 187 964 179 964 172 963 134 921 134 920 134 920 134 919 134 902 144 846 144 833 135 832 135 831 135 799 135 798 135 797 135 797 136 780 145 739 140 738 140 737 140 727 145 712 137 711 137 689 137 688 137 687 137 687 138 670 146 657 140 656 140 656 140 620 147 590 143 589 143 588 143 577 148 504 144 503 144 503 144 485 149 477 143 476 143 475 143 474 143 473 143 472 143 464 151 443 151 424 141 423 141 423 141 422 141 416 141 332 152 318 143 317 143 316 143 315 143 302 143 304 183"/>
                        </Shape>
                        <String CONTENT=""/>
                    </TextLine>

                    <TextLine ID="line_2" HPOS="301" VPOS="183" WIDTH="664" HEIGHT="55" BASELINE="302 224 965 215" TAGREFS="TYPE_1">
                        <Shape>
                            <Polygon POINTS="302 224 302 234 371 233 372 233 379 238 380 238 380 238 381 238 382 238 395 233 397 232 398 233 406 238 407 238 408 238 409 238 454 232 460 232 461 232 468 238 469 238 470 238 471 238 498 238 498 238 499 238 521 231 523 231 527 231 552 234 553 234 611 230 613 230 614 230 631 236 632 236 633 236 675 229 698 235 699 235 699 235 741 228 823 233 824 233 907 226 941 231 942 231 943 231 965 224 965 215 963 186 938 183 937 183 936 183 935 183 930 186 924 190 907 190 901 187 895 183 894 183 832 183 831 183 830 183 811 189 809 189 806 189 778 184 777 184 776 184 762 189 759 191 698 192 694 190 686 186 685 186 662 186 661 186 631 192 619 194 606 192 566 187 565 187 564 187 564 187 564 188 558 193 555 195 546 193 522 189 521 189 521 189 505 194 498 196 480 196 478 195 466 189 466 189 465 189 464 189 447 195 446 195 439 195 378 189 377 189 376 189 375 189 364 196 363 197 361 196 347 192 346 192 345 192 301 197 302 224"/>
                        </Shape>
                        <String CONTENT=""/>
                    </TextLine>

                    <TextLine ID="line_3" HPOS="300" VPOS="226" WIDTH="665" HEIGHT="55" BASELINE="301 268 965 257" TAGREFS="TYPE_1">
                        <Shape>
                            <Polygon POINTS="301 268 301 280 353 277 363 279 376 281 377 281 378 281 389 279 398 276 406 278 418 281 419 281 420 281 521 281 522 281 541 275 550 274 556 275 569 280 570 280 570 280 592 275 595 275 599 275 629 279 630 279 631 279 643 274 649 272 657 274 677 278 678 278 711 274 740 277 741 277 742 277 742 277 750 272 754 270 765 272 794 276 795 276 819 271 827 269 835 270 864 275 865 275 865 275 878 269 879 269 883 273 884 273 885 273 886 273 887 273 888 273 893 269 895 269 965 269 965 257 963 233 947 233 946 233 936 226 935 226 934 226 933 226 892 234 889 234 885 234 840 229 840 229 785 236 779 236 773 236 687 230 687 230 686 230 661 238 659 238 628 238 626 238 617 232 616 232 615 232 595 232 594 232 593 232 592 232 581 238 528 232 527 232 507 233 506 233 505 233 495 240 494 240 472 234 471 234 470 234 469 234 447 241 445 241 441 241 392 237 392 237 391 237 390 237 381 242 368 237 367 237 366 237 365 237 351 243 349 244 300 244 301 268"/>
                        </Shape>
                        <String CONTENT=""/>
                    </TextLine>

                    <TextLine ID="line_4" HPOS="300" VPOS="268" WIDTH="665" HEIGHT="57" BASELINE="301 310 965 301" TAGREFS="TYPE_1">
                        <Shape>
                            <Polygon POINTS="301 310 301 320 366 325 367 325 389 320 391 320 392 320 423 324 424 324 425 324 426 324 434 320 435 319 444 320 496 324 496 324 551 319 571 317 590 319 621 322 622 322 649 318 667 317 671 318 677 322 678 322 679 322 726 321 744 318 766 315 793 318 813 320 814 320 828 317 846 315 857 317 864 319 865 319 865 319 877 317 898 314 907 317 909 318 910 318 911 318 965 317 965 301 963 268 932 273 846 269 833 269 832 269 831 269 830 269 830 269 822 275 797 270 796 270 795 270 794 270 786 277 765 277 723 270 719 270 718 270 717 270 716 270 687 279 607 279 598 273 597 273 596 273 595 273 595 273 578 277 567 273 566 273 565 273 564 273 549 281 488 281 466 274 465 274 464 274 463 274 462 274 461 274 451 281 405 275 403 275 402 275 401 275 386 282 348 282 328 275 327 275 326 275 325 275 300 275 301 310"/>
                        </Shape>
                        <String CONTENT=""/>
                    </TextLine>

                    <TextLine ID="line_5" HPOS="301" VPOS="315" WIDTH="663" HEIGHT="53" BASELINE="302 355 964 345" TAGREFS="TYPE_1">
                        <Shape>
                            <Polygon POINTS="302 355 302 368 963 357 964 345 962 317 865 320 858 319 842 315 841 315 840 315 840 315 839 315 832 319 828 322 786 322 783 320 773 316 773 316 772 316 771 316 753 321 752 321 750 321 711 317 710 317 683 322 664 317 663 317 662 317 638 324 631 324 613 324 542 319 541 319 540 319 524 325 521 326 513 325 468 320 467 320 466 320 453 326 426 321 425 321 424 321 423 321 415 327 403 322 402 322 401 322 374 326 358 322 357 322 356 322 355 322 339 329 338 329 337 329 312 324 312 324 311 324 301 328 302 355"/>
                        </Shape>
                        <String CONTENT=""/>
                    </TextLine>

                    <TextLine ID="line_6" HPOS="306" VPOS="355" WIDTH="658" HEIGHT="60" BASELINE="306 397 313 400 964 389" TAGREFS="TYPE_1">
                        <Shape>
                            <Polygon POINTS="306 415 347 414 348 414 349 414 357 409 398 413 405 414 406 414 407 414 409 413 420 408 438 412 439 412 440 412 441 412 458 407 491 410 506 412 507 412 508 412 509 412 510 410 517 405 558 405 575 409 577 409 578 409 585 408 613 404 618 407 620 409 621 409 622 409 623 409 672 406 702 403 709 404 724 408 725 408 726 408 740 403 745 403 757 403 807 407 808 407 809 407 831 401 833 401 834 401 846 406 846 406 847 406 951 404 952 404 964 397 964 389 962 359 926 361 919 359 909 355 908 355 877 355 876 355 875 355 874 355 867 360 861 363 850 360 840 357 840 357 839 357 838 357 833 360 824 365 720 366 713 361 712 360 711 360 711 360 668 359 667 359 666 359 665 359 661 362 653 367 624 362 621 362 620 362 619 362 619 362 601 367 586 363 581 361 580 361 579 361 578 361 577 361 576 363 569 368 534 363 517 361 516 361 515 361 511 364 498 371 456 371 442 366 441 366 441 366 408 371 398 365 398 364 397 364 396 364 395 364 307 366 306 397 306 415"/>
                        </Shape>
                        <String CONTENT=""/>
                    </TextLine>

                    <TextLine ID="line_7" HPOS="300" VPOS="401" WIDTH="663" HEIGHT="57" BASELINE="301 444 963 434" TAGREFS="TYPE_1">
                        <Shape>
                            <Polygon POINTS="301 444 301 452 361 458 361 458 362 458 376 452 411 457 411 457 412 457 423 451 424 451 446 451 578 452 579 452 595 449 601 448 604 449 613 453 613 453 614 453 615 453 616 453 623 449 625 447 661 447 678 449 719 452 720 452 721 452 737 448 743 446 749 448 761 452 762 452 763 452 785 447 797 446 804 447 815 451 816 451 817 451 963 446 963 434 962 406 949 401 948 401 947 401 946 401 945 401 937 406 936 407 895 407 893 407 873 402 872 402 871 402 871 402 849 407 779 403 778 403 719 403 718 403 704 409 703 409 700 409 662 405 661 405 660 405 644 410 643 410 642 410 619 405 619 405 618 405 617 405 610 410 556 406 555 406 554 406 536 412 534 412 531 412 509 409 509 409 457 413 453 413 452 413 438 408 437 408 436 408 407 414 404 415 300 415 301 444"/>
                        </Shape>
                        <String CONTENT=""/>
                    </TextLine>

                    <TextLine ID="line_8" HPOS="300" VPOS="445" WIDTH="666" HEIGHT="54" BASELINE="301 484 966 476" TAGREFS="TYPE_1">
                        <Shape>
                            <Polygon POINTS="301 484 301 497 420 492 434 495 446 499 447 499 447 499 448 499 456 495 465 491 496 495 514 496 515 496 515 496 521 495 533 490 540 494 548 497 549 497 550 497 551 497 565 494 577 490 588 493 599 496 600 496 601 496 683 495 684 495 692 491 693 491 699 491 742 495 743 495 772 490 774 490 776 490 807 494 808 494 809 494 816 489 819 488 822 489 827 494 828 494 828 494 829 494 830 494 845 489 851 488 965 488 966 476 965 452 937 445 936 445 935 445 889 451 838 446 837 446 836 446 826 451 765 446 764 446 763 446 736 454 736 455 660 455 646 448 645 448 644 448 611 453 597 448 596 448 595 448 524 457 521 457 517 457 448 450 447 450 447 450 429 458 429 458 334 458 320 453 319 453 319 453 318 453 300 458 301 484"/>
                        </Shape>
                        <String CONTENT=""/>
                    </TextLine>

                    <TextLine ID="line_9" HPOS="300" VPOS="489" WIDTH="667" HEIGHT="50" BASELINE="301 528 967 519" TAGREFS="TYPE_1">
                        <Shape>
                            <Polygon POINTS="301 528 301 538 524 539 525 539 551 535 556 534 561 534 591 538 592 538 593 538 606 534 607 533 610 533 632 538 633 538 691 532 701 531 710 531 766 537 766 537 767 537 790 531 791 531 791 531 815 534 816 534 863 530 923 534 924 534 967 527 967 519 965 495 936 495 928 489 927 489 926 489 926 489 925 489 898 495 880 489 879 489 878 489 848 495 769 490 768 490 698 498 668 492 667 492 666 492 665 492 656 499 632 499 567 493 566 493 565 493 546 501 499 501 483 495 482 495 481 495 429 501 380 497 379 497 378 497 363 502 319 496 319 496 318 496 300 503 301 528"/>
                        </Shape>
                        <String CONTENT=""/>
                    </TextLine>

                    <TextLine ID="line_10" HPOS="300" VPOS="530" WIDTH="668" HEIGHT="59" BASELINE="301 572 968 563" TAGREFS="TYPE_1">
                        <Shape>
                            <Polygon POINTS="301 572 302 589 325 581 427 585 428 585 429 585 429 585 436 580 463 580 482 585 483 585 484 585 484 585 485 585 486 585 493 580 498 584 499 584 500 584 551 586 552 586 552 586 558 583 561 581 571 582 591 585 592 585 593 585 603 581 615 578 627 581 638 584 639 584 640 584 641 584 654 580 661 579 670 580 699 584 699 584 700 584 701 584 709 579 711 578 715 579 731 582 732 582 751 578 759 576 774 577 833 582 834 582 834 582 862 575 865 574 868 574 893 581 894 581 895 581 895 581 896 581 906 574 907 573 968 572 968 563 967 537 943 530 942 530 941 530 899 536 852 531 852 531 851 531 837 537 831 539 825 537 811 531 810 531 809 531 736 537 734 537 733 537 700 532 699 532 699 532 687 537 676 541 610 538 608 538 607 538 607 538 577 542 564 538 557 535 556 535 555 535 554 535 546 538 527 544 448 544 437 538 435 537 434 537 433 537 432 537 428 538 404 544 300 538 301 572"/>
                        </Shape>
                        <String CONTENT=""/>
                    </TextLine>

                    <TextLine ID="line_11" HPOS="299" VPOS="574" WIDTH="667" HEIGHT="55" BASELINE="300 614 966 607" TAGREFS="TYPE_1">
                        <Shape>
                            <Polygon POINTS="300 614 300 623 354 629 355 629 404 623 410 623 412 623 423 627 424 627 425 627 453 623 459 623 460 623 469 628 470 628 471 628 515 623 528 622 533 623 546 628 547 628 548 628 549 628 564 623 571 621 616 623 676 626 677 626 695 623 718 619 786 623 814 624 815 624 815 624 822 623 834 620 883 623 896 623 897 623 898 623 900 623 910 618 965 623 966 607 963 574 932 574 932 574 931 574 919 582 883 575 879 574 878 574 871 575 838 580 823 576 819 575 818 575 817 575 816 575 810 577 785 584 769 580 768 580 767 580 766 580 766 580 760 584 743 580 742 580 684 585 665 580 656 578 655 578 654 578 653 578 644 580 628 587 567 587 557 583 550 580 549 580 548 580 534 583 518 587 503 584 474 579 473 579 472 579 457 585 455 586 453 585 441 580 440 580 387 580 386 580 386 580 369 587 368 587 365 587 336 583 335 583 299 588 300 614"/>
                        </Shape>
                        <String CONTENT=""/>
                    </TextLine>

                    <TextLine ID="line_12" HPOS="300" VPOS="617" WIDTH="666" HEIGHT="58" BASELINE="301 659 966 650" TAGREFS="TYPE_1">
                        <Shape>
                            <Polygon POINTS="301 659 301 675 368 667 423 672 433 673 434 673 435 673 436 672 449 666 488 672 499 672 500 672 522 671 576 666 616 668 638 670 638 670 639 670 646 668 658 664 664 667 668 670 668 670 669 670 670 671 699 671 699 670 700 670 711 666 714 666 730 666 780 668 781 668 782 668 783 668 787 665 791 662 799 665 805 666 806 666 807 666 819 664 834 661 858 663 889 666 889 666 890 666 901 662 908 660 965 660 966 650 963 623 928 624 923 623 911 617 910 617 909 617 887 623 879 624 874 623 856 617 855 617 854 617 853 617 837 623 828 626 809 623 773 617 772 617 754 618 754 618 753 618 746 623 742 626 734 623 714 618 713 618 712 618 711 618 711 618 703 623 697 629 609 629 588 624 567 621 566 621 486 622 485 622 484 622 480 625 473 630 466 625 460 622 459 622 458 622 441 622 440 622 439 622 438 622 433 626 423 632 355 632 335 626 325 623 324 623 323 623 300 626 301 659"/>
                        </Shape>
                        <String CONTENT=""/>
                    </TextLine>

                    <TextLine ID="line_13" HPOS="300" VPOS="660" WIDTH="669" HEIGHT="57" BASELINE="300 702 969 694" TAGREFS="TYPE_1">
                        <Shape>
                            <Polygon POINTS="300 702 300 713 432 717 433 717 434 717 453 711 458 710 515 710 516 710 530 715 531 715 532 715 533 715 552 710 555 709 558 710 588 715 588 715 589 715 590 715 599 709 601 709 611 709 651 713 652 713 736 708 754 707 762 708 819 713 820 713 851 712 852 712 863 706 867 706 938 711 939 711 969 704 969 694 968 660 911 660 910 660 909 660 908 660 907 661 900 666 891 662 889 661 889 661 888 661 887 661 885 662 873 669 862 662 860 661 859 661 858 661 858 661 857 661 852 663 834 669 825 663 822 661 822 661 821 661 820 661 793 662 792 662 791 662 789 664 779 670 768 665 765 663 764 663 763 663 762 663 758 665 744 671 715 666 705 665 705 665 695 666 669 672 649 667 630 664 629 664 628 664 612 668 595 672 546 670 496 667 496 667 495 667 482 672 476 673 473 672 465 666 464 666 463 666 448 666 447 666 447 666 433 672 429 674 425 672 411 666 411 666 410 666 409 666 408 666 398 673 398 674 373 675 366 674 330 667 329 667 328 667 300 675 300 702"/>
                        </Shape>
                        <String CONTENT=""/>
                    </TextLine>

                    <TextLine ID="line_14" HPOS="299" VPOS="706" WIDTH="668" HEIGHT="56" BASELINE="300 745 967 738" TAGREFS="TYPE_1">
                        <Shape>
                            <Polygon POINTS="300 745 300 757 341 756 343 757 355 762 355 762 356 762 357 762 377 756 382 755 402 756 453 758 453 758 454 758 465 755 468 754 476 755 520 760 521 760 556 754 560 753 562 753 576 759 577 759 578 759 579 759 600 753 604 752 613 753 666 758 667 758 699 752 742 758 743 758 777 757 778 757 779 757 787 751 789 751 815 754 815 754 816 754 817 754 822 750 823 750 825 750 846 756 847 756 848 757 866 757 866 756 867 756 868 756 876 750 945 755 946 755 947 755 967 748 967 738 965 706 920 706 919 706 918 706 916 707 907 712 899 707 898 706 897 706 896 706 895 706 895 706 892 707 886 710 868 708 862 707 861 707 860 707 858 708 847 713 805 710 804 710 803 710 803 710 797 715 772 709 760 708 760 708 759 708 751 710 731 715 692 711 665 709 664 709 663 709 650 712 631 717 564 717 558 714 558 713 557 713 556 713 555 713 536 715 498 718 494 715 489 711 488 711 487 711 443 711 442 711 404 717 392 720 299 720 300 745"/>
                        </Shape>
                        <String CONTENT=""/>
                    </TextLine>

                    <TextLine ID="line_15" HPOS="299" VPOS="752" WIDTH="666" HEIGHT="52" BASELINE="300 790 965 782" TAGREFS="TYPE_1">
                        <Shape>
                            <Polygon POINTS="300 790 300 801 378 803 379 803 380 803 386 801 392 799 404 801 433 804 434 804 435 804 449 800 455 798 472 799 520 803 521 803 543 798 548 797 556 798 594 802 595 802 595 802 613 797 616 796 624 797 668 801 668 801 698 795 700 795 701 795 714 801 715 801 716 801 754 795 814 800 815 800 815 800 838 794 839 793 901 793 936 798 937 798 965 791 965 782 963 759 877 759 874 758 850 752 849 752 848 752 847 752 833 758 831 759 827 758 803 754 803 754 802 754 793 758 790 761 734 761 725 758 712 754 711 754 711 754 678 758 653 762 643 758 627 753 626 753 625 753 625 753 624 753 618 758 617 759 569 763 558 758 546 754 546 754 521 754 520 754 487 758 471 760 463 758 451 755 450 755 449 755 383 756 382 756 377 758 361 765 334 758 328 757 327 757 326 757 299 758 300 790"/>
                        </Shape>
                        <String CONTENT=""/>
                    </TextLine>

                    <TextLine ID="line_16" HPOS="300" VPOS="793" WIDTH="667" HEIGHT="58" BASELINE="300 836 967 826" TAGREFS="TYPE_1">
                        <Shape>
                            <Polygon POINTS="300 836 300 845 329 844 337 846 357 851 358 851 359 851 360 851 374 846 381 843 393 845 420 850 421 850 422 850 438 845 447 843 458 845 480 849 481 849 482 849 499 844 509 842 520 844 533 847 534 847 555 843 574 841 582 843 595 848 596 848 597 848 636 843 641 847 642 847 643 847 644 847 644 847 652 843 655 842 667 843 703 846 704 846 705 846 717 842 730 837 809 837 815 841 817 843 818 843 819 843 820 843 831 841 855 837 875 841 890 843 891 843 907 840 920 837 926 840 931 843 932 843 932 843 933 843 940 840 948 837 965 839 967 826 964 801 894 801 875 793 874 793 873 793 872 793 871 793 860 801 841 801 830 794 829 794 828 794 785 794 785 794 734 801 702 795 701 795 667 803 621 796 620 796 619 796 601 803 547 806 540 807 461 807 430 799 429 799 429 799 428 799 427 799 418 807 403 800 402 800 378 800 377 800 376 800 359 808 356 808 311 803 310 803 309 803 300 807 300 836"/>
                        </Shape>
                        <String CONTENT=""/>
                    </TextLine>

                    <TextLine ID="line_17" HPOS="303" VPOS="837" WIDTH="662" HEIGHT="54" BASELINE="304 876 965 869" TAGREFS="TYPE_1">
                        <Shape>
                            <Polygon POINTS="304 876 304 888 371 885 375 887 379 891 380 891 380 891 381 891 419 890 420 890 431 886 441 884 486 886 544 888 545 888 546 888 559 885 569 882 573 885 579 887 580 887 581 887 582 887 582 887 586 884 588 883 592 884 607 888 608 888 609 888 631 883 635 883 642 883 693 887 693 887 694 887 695 887 703 882 705 880 734 880 739 881 752 886 753 886 754 886 814 880 819 880 822 880 854 886 855 886 881 880 886 879 893 880 939 885 940 885 941 885 965 878 965 869 963 845 907 844 893 837 892 837 891 837 798 838 797 838 797 838 789 844 785 848 706 848 701 844 696 840 695 840 694 840 693 840 693 840 684 844 681 844 644 840 644 840 643 840 631 844 618 849 547 849 515 844 496 842 496 842 495 842 494 842 490 844 480 850 373 851 347 844 344 843 343 843 343 843 303 843 304 876"/>
                        </Shape>
                        <String CONTENT=""/>
                    </TextLine>

                    <TextLine ID="line_18" HPOS="299" VPOS="880" WIDTH="668" HEIGHT="56" BASELINE="300 921 967 913" TAGREFS="TYPE_1">
                        <Shape>
                            <Polygon POINTS="300 921 300 930 361 936 361 936 362 936 363 936 373 930 374 929 385 930 447 935 447 935 477 929 481 929 484 929 497 934 498 934 499 934 524 929 533 928 543 929 579 934 580 934 581 934 592 929 596 927 615 929 669 933 670 933 705 928 705 928 706 928 728 932 729 932 730 932 747 927 754 925 762 927 775 931 776 931 777 932 804 932 804 931 805 931 814 927 820 923 914 923 919 926 926 929 927 929 928 929 967 925 967 913 964 880 940 886 935 881 934 881 933 881 920 880 889 880 889 880 884 881 855 888 776 882 769 882 768 882 767 882 766 882 756 887 736 884 736 884 735 884 721 890 709 885 708 885 707 885 662 891 633 884 631 884 631 884 630 884 629 884 621 890 568 886 567 886 542 892 524 887 523 887 522 887 521 887 521 887 514 893 493 893 478 886 478 886 477 886 476 886 473 886 440 893 351 887 349 887 348 887 347 887 333 894 319 887 319 887 318 887 317 887 299 887 300 921"/>
                        </Shape>
                        <String CONTENT=""/>
                    </TextLine>

                    <TextLine ID="line_19" HPOS="300" VPOS="925" WIDTH="666" HEIGHT="55" BASELINE="300 963 966 955" TAGREFS="TYPE_1">
                        <Shape>
                            <Polygon POINTS="300 963 300 980 321 979 322 979 323 979 331 972 426 978 447 978 447 978 458 977 488 972 543 975 575 977 576 977 576 977 588 974 601 971 632 972 653 974 654 974 655 974 662 972 674 968 726 968 731 971 740 975 741 975 742 975 769 970 774 969 778 970 800 973 801 973 802 973 813 969 819 966 825 968 832 971 833 971 834 971 868 967 880 966 883 967 901 972 902 972 903 972 965 965 966 955 964 934 930 933 919 925 918 925 917 925 916 925 895 929 885 925 884 925 827 925 826 925 789 932 770 926 769 926 768 926 767 926 744 934 737 935 643 935 640 934 629 928 628 928 627 928 626 928 606 934 593 937 570 934 563 933 562 933 556 934 539 937 534 934 533 933 533 933 532 933 531 933 523 934 499 938 490 934 480 929 479 929 478 929 478 929 465 934 453 939 353 939 346 934 343 931 342 931 341 931 340 931 300 934 300 963"/>
                        </Shape>
                        <String CONTENT=""/>
                    </TextLine>

                    <TextLine ID="line_20" HPOS="299" VPOS="966" WIDTH="667" HEIGHT="55" BASELINE="300 1007 966 999" TAGREFS="TYPE_1">
                        <Shape>
                            <Polygon POINTS="300 1007 300 1019 373 1021 374 1021 390 1018 405 1015 409 1017 411 1020 412 1020 413 1020 414 1021 443 1021 443 1020 465 1016 482 1014 496 1015 520 1019 521 1019 553 1015 569 1013 576 1015 595 1018 595 1018 623 1014 632 1012 640 1013 655 1015 656 1015 741 1011 767 1010 789 1010 938 1014 938 1014 966 1007 966 999 963 972 938 972 938 972 924 966 923 966 922 966 887 973 883 973 878 973 818 966 817 966 816 966 815 966 807 974 806 974 804 974 773 967 773 967 720 972 675 968 674 968 624 976 622 976 621 976 603 970 602 970 601 970 601 970 590 975 580 971 579 971 578 971 577 971 576 971 569 977 568 977 545 971 544 971 543 971 542 971 521 976 471 971 470 971 469 971 447 978 405 978 404 978 368 972 367 972 366 972 345 978 328 975 327 975 299 979 300 1007"/>
                        </Shape>
                        <String CONTENT=""/>
                    </TextLine>

                    <TextLine ID="line_21" HPOS="300" VPOS="1009" WIDTH="669" HEIGHT="58" BASELINE="300 1051 969 1044" TAGREFS="TYPE_1">
                        <Shape>
                            <Polygon POINTS="300 1051 300 1060 324 1060 325 1060 337 1067 337 1067 338 1067 375 1060 430 1063 431 1063 432 1063 448 1058 451 1058 454 1058 493 1065 494 1065 528 1057 532 1057 550 1057 743 1063 744 1063 745 1063 755 1057 803 1062 803 1062 868 1054 870 1054 871 1054 892 1061 893 1061 894 1061 968 1052 969 1044 966 1009 933 1014 920 1009 920 1009 919 1009 918 1009 917 1009 916 1009 893 1016 828 1010 820 1010 819 1010 818 1010 816 1011 804 1017 790 1014 789 1014 788 1014 743 1018 675 1013 674 1013 674 1013 673 1013 665 1020 629 1020 601 1014 597 1013 596 1013 595 1013 593 1014 573 1020 563 1015 562 1015 561 1015 527 1020 470 1015 463 1015 462 1015 459 1015 432 1021 389 1015 384 1015 383 1015 382 1015 380 1016 366 1023 325 1023 300 1017 300 1051"/>
                        </Shape>
                        <String CONTENT=""/>
                    </TextLine>

                    <TextLine ID="line_22" HPOS="302" VPOS="1055" WIDTH="666" HEIGHT="55" BASELINE="303 1095 968 1087" TAGREFS="TYPE_1">
                        <Shape>
                            <Polygon POINTS="500 1092 491 1092 483 1092 474 1092 466 1092 457 1092 448 1092 440 1092 431 1092 423 1092 414 1092 405 1092 397 1092 388 1092 380 1092 371 1094 362 1094 354 1094 345 1094 337 1094 328 1094 319 1094 311 1094 302 1094 303 1095 304 1110 329 1101 374 1101 408 1101 423 1108 424 1108 425 1108 426 1108 446 1100 470 1106 471 1106 472 1106 502 1100 521 1106 521 1106 522 1106 523 1106 533 1102 561 1106 563 1106 564 1106 564 1106 565 1106 575 1099 617 1102 618 1102 658 1098 678 1103 679 1103 680 1103 713 1098 736 1104 736 1104 737 1104 738 1104 770 1098 791 1103 792 1103 793 1103 795 1103 846 1098 862 1102 863 1102 864 1103 901 1103 901 1102 901 1102 902 1102 910 1097 920 1101 920 1101 921 1101 922 1101 923 1101 930 1097 967 1100 968 1087 966 1058 942 1055 941 1055 940 1055 924 1059 898 1067 870 1066 863 1062 853 1056 852 1056 852 1056 851 1056 850 1056 825 1063 812 1067 801 1064 772 1057 771 1057 770 1057 711 1065 693 1058 693 1058 692 1058 691 1058 661 1067 639 1061 638 1061 638 1061 637 1061 620 1067 606 1059 605 1059 569 1059 568 1059 521 1065 521 1065 520 1065 506 1076 503 1077 500 1092"/>
                        </Shape>
                        <String CONTENT=""/>
                    </TextLine>

                    <TextLine ID="line_23" HPOS="300" VPOS="1097" WIDTH="668" HEIGHT="55" BASELINE="301 1137 968 1131" TAGREFS="TYPE_1">
                        <Shape>
                            <Polygon POINTS="301 1137 301 1148 350 1147 358 1148 382 1152 383 1152 403 1148 416 1145 434 1148 460 1151 460 1151 461 1151 462 1151 466 1148 469 1145 473 1148 479 1150 480 1150 481 1150 516 1148 533 1146 539 1147 548 1150 549 1150 550 1150 575 1147 601 1143 619 1147 627 1149 628 1149 629 1149 632 1147 640 1143 647 1147 650 1149 651 1149 652 1149 674 1149 674 1149 674 1149 678 1147 686 1143 708 1147 711 1147 712 1147 722 1147 801 1141 846 1141 854 1146 855 1147 856 1147 857 1147 858 1147 864 1146 888 1141 967 1145 968 1131 965 1100 942 1103 935 1100 929 1097 928 1097 927 1097 926 1097 917 1100 907 1103 896 1100 883 1097 883 1097 882 1097 858 1101 836 1105 800 1102 758 1099 757 1099 736 1103 727 1105 689 1104 654 1103 653 1103 644 1105 631 1107 610 1105 567 1100 566 1100 565 1100 550 1106 548 1106 546 1106 527 1101 527 1101 526 1101 525 1101 511 1106 509 1107 506 1106 476 1101 475 1101 474 1101 462 1107 459 1110 411 1110 408 1108 384 1102 383 1102 382 1102 381 1102 367 1109 365 1111 351 1111 350 1110 342 1103 341 1103 340 1103 339 1103 338 1103 324 1110 324 1111 300 1111 301 1137"/>
                        </Shape>
                        <String CONTENT=""/>
                    </TextLine>

                    <TextLine ID="line_24" HPOS="302" VPOS="1141" WIDTH="666" HEIGHT="56" BASELINE="303 1181 968 1174" TAGREFS="TYPE_1">
                        <Shape>
                            <Polygon POINTS="303 1181 303 1197 337 1190 366 1190 381 1196 382 1196 383 1196 384 1196 401 1192 411 1195 411 1195 412 1195 413 1195 414 1195 422 1189 469 1189 482 1194 483 1194 484 1194 658 1186 707 1192 711 1192 711 1192 712 1192 713 1192 725 1186 737 1192 738 1192 739 1192 740 1192 764 1186 871 1191 883 1191 883 1191 884 1191 886 1191 910 1184 966 1189 968 1174 965 1144 933 1149 914 1144 899 1141 898 1141 882 1144 877 1145 871 1144 857 1142 856 1142 855 1142 854 1142 851 1144 844 1149 813 1146 812 1146 743 1150 736 1145 735 1145 734 1145 733 1145 732 1145 721 1151 650 1151 641 1145 639 1144 638 1144 638 1144 637 1144 636 1144 635 1144 633 1146 621 1153 604 1153 595 1146 594 1144 593 1144 592 1144 591 1144 538 1145 537 1145 536 1145 535 1146 529 1150 522 1146 520 1145 519 1145 518 1145 508 1146 484 1149 478 1146 475 1145 474 1145 473 1145 472 1145 472 1145 470 1147 457 1154 435 1147 433 1146 432 1146 431 1146 424 1147 380 1153 302 1148 303 1181"/>
                        </Shape>
                        <String CONTENT=""/>
                    </TextLine>

                    <TextLine ID="line_25" HPOS="300" VPOS="1184" WIDTH="669" HEIGHT="55" BASELINE="301 1225 969 1218" TAGREFS="TYPE_1">
                        <Shape>
                            <Polygon POINTS="301 1225 301 1236 381 1238 382 1238 383 1238 392 1235 400 1233 407 1235 417 1238 417 1238 418 1238 419 1238 426 1235 430 1233 441 1235 466 1239 467 1239 468 1239 484 1234 493 1232 503 1234 519 1236 520 1236 521 1236 521 1236 525 1234 528 1231 580 1231 585 1233 599 1237 600 1237 601 1237 601 1237 602 1237 610 1232 612 1231 654 1230 668 1231 714 1236 715 1236 745 1230 750 1229 753 1230 764 1235 765 1235 766 1236 791 1236 791 1235 792 1235 793 1235 801 1229 803 1229 826 1229 947 1234 948 1234 949 1234 969 1227 969 1218 967 1189 921 1184 920 1184 920 1184 901 1190 896 1191 889 1190 866 1186 865 1186 865 1186 856 1190 853 1192 846 1190 834 1187 833 1187 832 1187 825 1191 823 1192 821 1191 812 1186 811 1186 810 1186 730 1192 705 1193 701 1192 685 1186 684 1186 637 1186 636 1186 635 1186 619 1192 582 1187 582 1187 550 1194 548 1194 547 1194 538 1189 537 1189 536 1189 535 1189 521 1193 482 1188 481 1188 480 1188 464 1195 463 1196 431 1196 430 1196 417 1189 417 1189 416 1189 415 1189 398 1196 398 1196 394 1196 342 1192 341 1192 300 1197 301 1225"/>
                        </Shape>
                        <String CONTENT=""/>
                    </TextLine>

                    <TextLine ID="line_26" HPOS="303" VPOS="1229" WIDTH="660" HEIGHT="60" BASELINE="304 1268 963 1263" TAGREFS="TYPE_1">
                        <Shape>
                            <Polygon POINTS="304 1268 304 1289 384 1289 384 1288 385 1288 390 1286 416 1277 522 1277 533 1284 538 1286 539 1286 539 1286 540 1286 584 1285 585 1285 592 1282 601 1278 620 1282 638 1284 638 1284 639 1284 650 1281 662 1277 671 1281 685 1285 686 1285 687 1286 723 1286 723 1285 723 1285 736 1279 737 1278 740 1279 753 1284 754 1284 754 1284 755 1284 768 1278 776 1276 812 1277 914 1284 915 1284 963 1274 963 1263 961 1235 885 1235 884 1235 859 1229 858 1229 858 1229 857 1229 856 1229 848 1235 823 1229 822 1229 822 1229 821 1229 820 1229 810 1236 795 1232 794 1232 793 1232 766 1236 758 1231 757 1231 756 1231 755 1231 728 1235 717 1229 716 1229 715 1229 714 1229 699 1236 680 1236 668 1230 668 1230 667 1230 666 1230 665 1230 656 1236 613 1232 613 1232 587 1238 578 1230 577 1230 576 1230 576 1230 538 1235 527 1230 527 1230 526 1230 481 1231 480 1231 460 1238 453 1232 452 1232 451 1232 431 1231 430 1231 429 1231 411 1240 338 1232 337 1232 337 1232 303 1241 304 1268"/>
                        </Shape>
                        <String CONTENT=""/>
                    </TextLine>
</TextBlock>
                <TextBlock ID="block_2" HPOS="864" VPOS="1281" WIDTH="106" HEIGHT="43" TAGREFS="TYPE_42">
                    <Shape>
                        <Polygon POINTS="864.7537231445312 1281.6190185546875 970.775146484375 1281.6190185546875 970.775146484375 1324.9615478515625 864.7537231445312 1324.9615478515625 864.7537231445312 1281.6190185546875"/>
                    </Shape>
                    <TextLine ID="line_27" HPOS="864" VPOS="1275" WIDTH="105" HEIGHT="55" BASELINE="864 1308 969 1308" TAGREFS="TYPE_1">
                        <Shape>
                            <Polygon POINTS="864 1308 864 1320 881 1329 882 1329 883 1330 909 1330 909 1329 910 1329 911 1329 924 1321 925 1321 969 1321 969 1308 969 1280 924 1275 923 1275 864 1281 864 1308"/>
                        </Shape>
                        <String CONTENT=""/>
                    </TextLine>
</TextBlock>
            </PrintSpace>
        </Page>
    </Layout>
</alto>