<?xml version="1.0" encoding="UTF-8"?>
<alto xmlns:xsi="http://www.w3.org/2001/XMLSchema-instance"
    xmlns="http://www.loc.gov/standards/alto/ns-v4#"
    xsi:schemaLocation="http://www.loc.gov/standards/alto/ns-v4# http://www.loc.gov/standards/alto/v4/alto-4-3.xsd">
    <Description>
        <MeasurementUnit>pixel</MeasurementUnit>
        <sourceImageInformation>
            <fileName>7326039.jpeg</fileName>
        </sourceImageInformation>
        <Processing ID="OCR_0">
            <processingCategory>other</processingCategory>
            <processingStepDescription>unknown</processingStepDescription>
            <processingSoftware>
                <softwareName>kraken</softwareName>
                <softwareVersion>4.3.13</softwareVersion>
            </processingSoftware>
        </Processing>
    </Description>
    <Tags>
        <OtherTag ID="TYPE_1" LABEL="DefaultLine"/>
        <OtherTag ID="TYPE_2" LABEL="NumberingZone"/>
        <OtherTag ID="TYPE_3" LABEL="MainZone-Entry-Continued"/>
        <OtherTag ID="TYPE_4" LABEL="MainZone-Form"/>
        <OtherTag ID="TYPE_5" LABEL="MainZone-Lg"/>
        <OtherTag ID="TYPE_6" LABEL="DigitizationArtefactZone"/>
        <OtherTag ID="TYPE_7" LABEL="TableZone-Head"/>
        <OtherTag ID="TYPE_8" LABEL="MainZone-Sp"/>
        <OtherTag ID="TYPE_9" LABEL="MainZone-Sp-Continued"/>
        <OtherTag ID="TYPE_10" LABEL="TableZone-Continued"/>
        <OtherTag ID="TYPE_11" LABEL="MarginTextZone-ManuscriptAddendum"/>
        <OtherTag ID="TYPE_12" LABEL="GraphicZone-FigDesc"/>
        <OtherTag ID="TYPE_13" LABEL="MarginTextZone-Notes"/>
        <OtherTag ID="TYPE_14" LABEL="StampZone"/>
        <OtherTag ID="TYPE_15" LABEL="FigureZone"/>
        <OtherTag ID="TYPE_16" LABEL="MainZone-Head"/>
        <OtherTag ID="TYPE_17" LABEL="DropCapitalZone"/>
        <OtherTag ID="TYPE_18" LABEL="MainZone-Date"/>
        <OtherTag ID="TYPE_19" LABEL="MainZone-List-Continued"/>
        <OtherTag ID="TYPE_20" LABEL="FigureZone-Head"/>
        <OtherTag ID="TYPE_21" LABEL="GraphicZone-Head"/>
        <OtherTag ID="TYPE_22" LABEL="MainZone-P"/>
        <OtherTag ID="TYPE_23" LABEL="MainZone-Signature"/>
        <OtherTag ID="TYPE_24" LABEL="TitlePageZone-Index"/>
        <OtherTag ID="TYPE_25" LABEL="MainZone-Lg-Continued"/>
        <OtherTag ID="TYPE_26" LABEL="GraphicZone"/>
        <OtherTag ID="TYPE_27" LABEL="MarginTextZone-Notes-Continued"/>
        <OtherTag ID="TYPE_28" LABEL="GraphicZone-TextualContent"/>
        <OtherTag ID="TYPE_29" LABEL="GraphicZone-Maths"/>
        <OtherTag ID="TYPE_30" LABEL="GraphicZone-Part"/>
        <OtherTag ID="TYPE_31" LABEL="MainZone-Other"/>
        <OtherTag ID="TYPE_32" LABEL="FigureZone-FigDesc"/>
        <OtherTag ID="TYPE_33" LABEL="GraphicZone-Decoration"/>
        <OtherTag ID="TYPE_34" LABEL="MainZone-List"/>
        <OtherTag ID="TYPE_35" LABEL="MainZone-Entry"/>
        <OtherTag ID="TYPE_36" LABEL="AdvertisementZone"/>
        <OtherTag ID="TYPE_37" LABEL="TitlePageZone"/>
        <OtherTag ID="TYPE_38" LABEL="StampZone-Sticker"/>
        <OtherTag ID="TYPE_39" LABEL="MainZone-P-Continued"/>
        <OtherTag ID="TYPE_40" LABEL="TableZone"/>
        <OtherTag ID="TYPE_41" LABEL="RunningTitleZone"/>
        <OtherTag ID="TYPE_42" LABEL="QuireMarksZone"/>
    </Tags>
    <Layout>
        <Page WIDTH="1000" HEIGHT="1547" PHYSICAL_IMG_NR="0" ID="page_0">
            <PrintSpace HPOS="0" VPOS="0" WIDTH="1000" HEIGHT="1547">
                <TextBlock ID="block_5" HPOS="153" VPOS="103" WIDTH="395" HEIGHT="40" TAGREFS="TYPE_41">
                    <Shape>
                        <Polygon POINTS="153.067138671875 103.89093780517578 548.0855712890625 103.89093780517578 548.0855712890625 143.64573669433594 153.067138671875 143.64573669433594 153.067138671875 103.89093780517578"/>
                    </Shape>
                    <TextLine ID="line_0" HPOS="149" VPOS="94" WIDTH="404" HEIGHT="52" BASELINE="149 133 553 133" TAGREFS="TYPE_1">
                        <Shape>
                            <Polygon POINTS="149 133 149 143 245 139 248 142 251 144 251 145 251 145 252 145 253 146 294 146 294 145 325 141 347 139 350 140 355 144 355 144 356 144 357 144 398 140 409 140 414 140 447 145 447 145 448 145 469 140 472 139 478 140 521 145 522 145 553 138 553 133 553 102 483 94 482 94 481 94 480 94 472 100 470 102 444 102 442 99 437 95 437 94 436 94 435 94 417 94 416 94 415 94 402 98 394 101 368 97 355 97 355 97 354 97 350 97 339 101 325 97 315 94 314 94 313 94 312 94 312 94 312 95 309 97 305 102 275 102 269 97 269 96 269 96 268 96 267 96 266 96 265 96 260 99 235 95 226 94 225 94 224 94 223 94 222 95 213 102 196 102 179 94 178 94 177 94 149 94 149 133"/>
                        </Shape>
                        <String CONTENT=""/>
                    </TextLine>
</TextBlock>
                <TextBlock ID="block_0" HPOS="628" VPOS="102" WIDTH="91" HEIGHT="46" TAGREFS="TYPE_2">
                    <Shape>
                        <Polygon POINTS="628.1433715820312 102.32363891601562 719.3248901367188 102.32363891601562 719.3248901367188 148.87928771972656 628.1433715820312 148.87928771972656 628.1433715820312 102.32363891601562"/>
                    </Shape>
                    <TextLine ID="line_1" HPOS="632" VPOS="93" WIDTH="78" HEIGHT="57" BASELINE="632 134 710 134" TAGREFS="TYPE_1">
                        <Shape>
                            <Polygon POINTS="632 134 632 146 672 150 673 150 674 150 674 150 674 149 675 149 680 144 693 144 708 150 710 134 710 99 671 93 670 93 669 93 668 93 660 100 659 102 632 102 632 134"/>
                        </Shape>
                        <String CONTENT=""/>
                    </TextLine>
</TextBlock>
                <TextBlock ID="block_4" HPOS="38" VPOS="155" WIDTH="673" HEIGHT="174" TAGREFS="TYPE_39">
                    <Shape>
                        <Polygon POINTS="38.6358528137207 155.00723266601562 711.7626342773438 155.00723266601562 711.7626342773438 329.1300048828125 38.6358528137207 329.1300048828125 38.6358528137207 155.00723266601562"/>
                    </Shape>
                    <TextLine ID="line_2" HPOS="43" VPOS="146" WIDTH="669" HEIGHT="56" BASELINE="44 186 712 182" TAGREFS="TYPE_1">
                        <Shape>
                            <Polygon POINTS="44 186 45 202 73 195 276 199 351 200 352 200 353 200 361 197 371 195 389 197 411 200 411 200 445 196 474 193 510 195 576 199 577 199 578 199 589 194 592 194 668 198 669 198 711 191 712 182 710 146 656 152 641 146 639 146 638 146 588 146 588 146 587 146 582 147 561 154 477 150 476 150 475 150 466 153 457 149 456 149 455 149 451 149 398 154 392 150 391 149 390 149 389 149 388 149 387 149 386 150 377 154 350 150 335 148 313 148 312 148 312 148 306 151 294 156 284 151 280 149 279 149 278 149 267 151 245 156 228 152 219 149 218 149 217 149 197 152 176 155 135 152 126 152 125 152 124 152 123 152 118 157 43 154 44 186"/>
                        </Shape>
                        <String CONTENT=""/>
                    </TextLine>

                    <TextLine ID="line_3" HPOS="39" VPOS="195" WIDTH="672" HEIGHT="52" BASELINE="40 230 711 226" TAGREFS="TYPE_1">
                        <Shape>
                            <Polygon POINTS="40 230 40 238 85 245 86 245 153 239 165 246 165 246 166 246 167 247 185 247 185 246 286 245 287 245 288 245 297 238 361 238 374 244 374 244 375 244 376 244 377 244 386 238 397 244 398 244 398 244 399 244 433 239 483 243 484 243 484 243 494 238 541 244 542 244 582 244 582 244 601 237 601 237 625 244 625 244 626 244 626 244 627 244 650 237 651 237 711 237 711 226 710 195 673 195 672 195 671 195 670 195 660 201 634 195 630 195 629 195 625 195 601 201 569 196 558 195 557 195 556 195 552 196 541 202 472 202 464 197 460 195 460 195 459 195 445 197 428 201 416 198 405 195 404 195 404 195 391 198 374 202 326 199 285 196 284 196 283 196 275 200 269 201 245 200 208 198 207 198 188 201 172 203 154 201 118 197 117 197 116 197 105 202 102 203 91 202 62 199 61 199 39 202 40 230"/>
                        </Shape>
                        <String CONTENT=""/>
                    </TextLine>

                    <TextLine ID="line_4" HPOS="37" VPOS="239" WIDTH="671" HEIGHT="50" BASELINE="38 274 708 270" TAGREFS="TYPE_1">
                        <Shape>
                            <Polygon POINTS="38 274 38 286 140 283 146 285 155 288 156 288 157 289 200 289 200 288 201 288 202 288 206 284 207 283 211 284 220 287 221 287 222 287 251 284 261 283 269 284 300 287 301 287 328 283 334 282 338 283 354 287 355 287 355 287 413 282 425 281 427 282 436 287 437 287 438 287 439 287 455 282 527 287 527 287 587 281 589 281 593 281 681 286 682 286 683 286 708 279 708 270 706 245 680 240 680 240 679 240 678 240 672 245 670 247 622 247 613 245 582 240 582 240 581 240 580 240 572 245 570 247 525 247 521 245 509 241 509 241 508 241 507 241 495 245 490 248 460 248 456 245 441 239 440 239 403 239 402 239 401 239 400 239 392 245 389 248 370 248 365 246 351 240 350 240 349 240 349 240 334 246 329 248 325 246 312 240 312 240 311 240 310 240 288 246 280 248 274 246 258 240 257 240 225 240 224 240 223 240 209 246 202 249 195 246 177 241 177 241 127 241 126 241 125 241 115 246 110 249 106 246 95 241 94 241 73 241 72 241 71 241 60 246 55 249 37 247 38 274"/>
                        </Shape>
                        <String CONTENT=""/>
                    </TextLine>

                    <TextLine ID="line_5" HPOS="36" VPOS="281" WIDTH="617" HEIGHT="54" BASELINE="37 319 653 313" TAGREFS="TYPE_1">
                        <Shape>
                            <Polygon POINTS="604 290 595 290 587 290 578 290 570 290 563 290 561 290 552 290 544 290 535 290 527 290 518 290 509 290 501 290 492 290 484 290 475 290 466 290 458 290 455 290 449 290 441 290 436 290 432 290 423 290 415 290 406 290 398 290 389 290 380 290 372 290 363 290 355 290 346 290 341 290 333 291 327 290 320 290 312 290 303 290 294 290 288 290 286 290 277 290 269 290 260 290 257 290 251 292 245 290 243 290 234 290 226 290 217 290 208 290 208 290 197 292 194 290 191 290 183 290 174 290 165 290 157 290 148 290 140 290 131 290 122 290 119 290 114 290 105 290 97 290 88 290 79 290 71 290 62 290 54 290 45 290 36 290 37 319 37 330 79 333 80 333 81 333 91 330 98 329 104 330 121 335 122 335 122 335 150 330 161 328 165 330 168 333 169 333 170 333 171 334 201 334 201 333 202 333 208 330 214 327 218 330 225 333 226 333 226 334 288 334 288 333 289 333 299 329 305 326 336 326 339 329 343 332 344 332 345 332 346 332 371 328 388 325 397 328 407 331 408 331 409 331 428 328 439 325 442 328 447 331 448 331 449 331 450 331 451 331 452 331 456 327 459 325 466 327 478 330 478 330 479 330 480 330 491 327 497 325 500 327 505 330 506 330 507 330 508 330 509 330 522 327 532 324 549 326 573 330 574 330 575 330 576 330 579 326 581 324 583 326 588 330 589 330 590 330 591 330 652 325 653 313 650 288 632 288 631 287 618 281 617 281 616 281 615 281 606 286 604 290"/>
                        </Shape>
                        <String CONTENT=""/>
                    </TextLine>
</TextBlock>
                <TextBlock ID="block_3" HPOS="32" VPOS="337" WIDTH="680" HEIGHT="381" TAGREFS="TYPE_16">
                    <Shape>
                        <Polygon POINTS="32.90182113647461 337.73797607421875 712.4404296875 337.73797607421875 712.4404296875 718.189697265625 32.90182113647461 718.189697265625 32.90182113647461 337.73797607421875"/>
                    </Shape>
                    <TextLine ID="line_6" HPOS="98" VPOS="330" WIDTH="608" HEIGHT="61" BASELINE="98 380 706 378" TAGREFS="TYPE_1">
                        <Shape>
                            <Polygon POINTS="98 380 98 386 261 391 262 391 331 385 350 385 374 385 454 390 455 390 515 385 523 385 530 385 566 389 567 389 568 389 582 385 587 384 594 385 625 390 625 390 659 385 665 384 670 385 699 390 699 390 700 390 701 390 706 385 706 378 705 343 667 338 666 338 631 342 624 342 622 342 615 336 614 336 613 336 613 336 612 336 611 336 605 342 604 342 599 342 587 338 586 338 585 338 584 338 583 338 583 339 581 341 580 342 579 341 551 330 550 330 549 330 548 330 527 336 520 332 519 332 518 332 517 332 516 332 506 340 501 344 442 344 436 339 430 333 429 333 429 333 300 331 300 331 257 336 251 336 243 336 224 333 223 333 222 333 216 336 202 342 153 344 128 334 127 334 126 334 98 334 98 380"/>
                        </Shape>
                        <String CONTENT=""/>
                    </TextLine>

                    <TextLine ID="line_7" HPOS="35" VPOS="385" WIDTH="671" HEIGHT="66" BASELINE="36 434 706 431" TAGREFS="TYPE_1">
                        <Shape>
                            <Polygon POINTS="36 434 36 451 51 451 51 450 52 450 53 450 63 443 104 447 105 447 106 447 120 443 128 448 128 448 129 448 130 448 206 442 247 446 269 449 270 450 294 450 294 449 294 449 295 449 299 446 302 444 314 446 337 449 337 449 365 445 382 442 394 444 414 448 415 449 530 449 530 448 531 448 548 441 550 441 552 441 580 447 581 447 582 447 596 441 598 440 603 440 635 445 636 445 637 445 650 441 668 447 668 447 669 447 706 439 706 431 705 403 687 403 661 385 660 385 659 385 551 385 550 385 549 385 513 403 512 403 510 403 446 386 445 386 393 391 380 386 379 386 378 386 377 386 376 386 353 403 345 403 337 403 327 403 237 400 236 400 207 403 190 404 185 403 165 395 164 395 163 395 162 395 147 403 143 405 89 405 85 403 78 399 77 399 76 399 35 403 36 434"/>
                        </Shape>
                        <String CONTENT=""/>
                    </TextLine>

                    <TextLine ID="line_8" HPOS="35" VPOS="447" WIDTH="670" HEIGHT="52" BASELINE="36 489 313 486 705 488" TAGREFS="TYPE_1">
                        <Shape>
                            <Polygon POINTS="36 489 36 499 705 497 705 488 704 453 443 457 431 451 424 447 423 447 393 447 392 447 392 447 383 451 367 458 343 458 316 450 312 449 311 449 310 449 305 450 289 453 277 450 269 447 269 447 175 447 174 447 173 447 172 447 171 449 160 458 107 458 75 448 72 447 71 447 70 447 35 447 36 489"/>
                        </Shape>
                        <String CONTENT=""/>
                    </TextLine>

                    <TextLine ID="line_9" HPOS="35" VPOS="499" WIDTH="666" HEIGHT="59" BASELINE="36 543 701 542" TAGREFS="TYPE_1">
                        <Shape>
                            <Polygon POINTS="36 543 36 550 71 557 72 557 98 552 128 557 128 557 184 552 208 550 220 553 243 557 244 557 245 557 257 553 266 550 272 553 279 556 280 556 281 556 303 554 329 550 416 555 423 555 423 555 426 555 477 550 484 556 486 557 487 557 488 557 489 557 490 557 494 556 500 553 503 556 505 557 506 557 507 557 508 558 597 558 597 557 598 557 599 557 599 556 608 550 629 550 699 557 701 542 699 509 667 509 664 508 637 499 636 499 635 499 634 499 617 504 565 499 564 499 564 499 563 499 552 508 550 509 527 508 527 507 519 501 518 501 517 501 516 501 485 505 468 499 467 499 407 499 406 499 405 499 404 499 391 507 387 509 384 507 369 499 368 499 332 499 331 499 331 499 312 507 306 510 291 510 287 507 278 501 277 501 276 501 276 501 275 501 261 507 254 510 153 510 147 506 137 499 136 499 135 499 112 499 111 499 110 499 97 506 90 509 35 506 36 543"/>
                        </Shape>
                        <String CONTENT=""/>
                    </TextLine>

                    <TextLine ID="line_10" HPOS="33" VPOS="549" WIDTH="673" HEIGHT="61" BASELINE="34 599 706 593" TAGREFS="TYPE_1">
                        <Shape>
                            <Polygon POINTS="34 599 34 608 134 605 139 607 142 610 143 610 144 610 145 610 174 609 175 609 176 609 178 606 183 604 205 604 221 606 242 609 243 609 259 605 273 603 330 605 389 606 390 606 391 606 392 606 394 604 397 602 472 603 690 605 691 605 692 605 706 599 706 593 704 558 650 558 646 557 625 550 625 550 624 550 623 550 611 556 608 558 596 556 558 551 557 551 509 556 466 560 455 556 441 549 441 549 405 549 404 549 404 549 385 555 380 556 378 555 370 550 369 550 368 550 306 551 306 551 305 551 301 554 289 562 207 562 187 552 186 552 185 552 184 552 182 552 168 556 156 552 150 550 149 550 148 550 101 551 100 551 99 551 87 556 33 551 34 599"/>
                        </Shape>
                        <String CONTENT=""/>
                    </TextLine>

                    <TextLine ID="line_11" HPOS="32" VPOS="600" WIDTH="674" HEIGHT="70" BASELINE="33 652 706 647" TAGREFS="TYPE_1">
                        <Shape>
                            <Polygon POINTS="33 652 33 669 50 670 51 670 52 670 55 669 77 660 132 666 133 666 134 666 155 660 176 666 180 667 181 667 182 667 183 667 187 666 207 660 260 663 261 663 262 663 273 658 288 662 288 662 289 662 311 658 324 663 336 668 337 668 337 669 360 669 360 668 361 668 374 662 375 661 377 662 388 666 389 666 390 666 391 666 404 661 420 657 446 657 450 660 457 666 458 666 459 666 460 666 460 666 472 662 485 666 486 666 487 667 576 667 576 666 577 666 599 657 629 657 639 664 640 664 641 664 642 664 643 664 658 657 705 654 706 647 704 616 667 616 666 616 644 605 643 605 642 605 641 605 624 611 604 600 603 600 602 600 478 601 419 602 418 602 417 602 399 614 371 617 365 619 311 619 311 618 281 603 280 603 264 603 263 603 263 603 235 613 161 607 160 607 159 607 134 620 133 620 127 620 83 616 82 616 32 620 33 652"/>
                        </Shape>
                        <String CONTENT=""/>
                    </TextLine>

                    <TextLine ID="line_12" HPOS="35" VPOS="666" WIDTH="162" HEIGHT="52" BASELINE="35 707 197 707" TAGREFS="TYPE_1">
                        <Shape>
                            <Polygon POINTS="35 707 35 718 197 715 197 707 197 678 139 670 138 670 137 670 127 675 109 666 108 666 107 666 106 666 90 674 86 677 83 674 72 666 71 666 70 666 69 666 35 672 35 707"/>
                        </Shape>
                        <String CONTENT=""/>
                    </TextLine>
</TextBlock>
                <TextBlock ID="textblock_5">
                    
                    <TextLine ID="line_13" HPOS="76" VPOS="714" WIDTH="622" HEIGHT="55" BASELINE="77 752 698 748" TAGREFS="TYPE_1">
                        <Shape>
                            <Polygon POINTS="77 752 77 763 119 769 120 769 121 769 122 769 128 763 142 763 159 763 160 763 173 768 174 768 175 768 176 768 197 763 198 763 231 769 232 769 233 769 257 763 267 768 268 768 269 769 312 769 312 768 313 768 325 762 339 768 340 768 341 769 369 769 369 768 370 768 389 761 391 761 392 761 411 766 411 766 412 766 447 761 450 761 453 761 496 766 496 766 528 763 535 767 536 767 537 767 538 767 571 760 574 760 576 760 593 766 594 766 595 766 595 766 609 760 610 760 627 766 628 766 629 766 697 759 698 748 696 721 582 714 581 714 580 714 563 720 504 715 503 715 503 715 502 715 494 721 471 721 453 715 452 715 451 715 450 715 429 721 404 715 403 715 402 715 386 721 372 715 371 715 370 715 318 721 288 715 288 715 287 715 286 715 286 716 279 722 257 722 233 715 232 715 231 715 196 723 141 723 122 716 121 716 120 716 119 716 118 716 118 717 111 723 76 723 77 752"/>
                        </Shape>
                        <String CONTENT=""/>
                    </TextLine>

                </TextBlock>
                <TextBlock ID="block_2" HPOS="705" VPOS="710" WIDTH="136" HEIGHT="94" TAGREFS="TYPE_13">
                    <Shape>
                        <Polygon POINTS="705.214599609375 710.3906860351562 841.3861083984375 710.3906860351562 841.3861083984375 804.8906860351562 705.214599609375 804.8906860351562 705.214599609375 710.3906860351562"/>
                    </Shape>
                    <TextLine ID="line_14" HPOS="709" VPOS="700" WIDTH="110" HEIGHT="46" BASELINE="710 739 819 736" TAGREFS="TYPE_1">
                        <Shape>
                            <Polygon POINTS="710 745 814 746 815 746 815 746 816 746 816 745 817 745 819 743 819 736 817 708 751 700 750 700 749 700 743 703 729 709 709 701 710 739 710 745"/>
                        </Shape>
                        <String CONTENT=""/>
                    </TextLine>

                    <TextLine ID="line_15" HPOS="707" VPOS="737" WIDTH="131" HEIGHT="49" BASELINE="708 764 838 767" TAGREFS="TYPE_1">
                        <Shape>
                            <Polygon POINTS="797 737 797 737 784 739 764 745 757 741 750 738 742 739 739 739 732 742 729 744 708 744 708 764 707 776 836 786 838 767 837 738 809 742 803 739 798 737 797 737"/>
                        </Shape>
                        <String CONTENT=""/>
                    </TextLine>
</TextBlock>
                <TextBlock ID="textblock_7">
                    
                    <TextLine ID="line_16" HPOS="34" VPOS="760" WIDTH="722" HEIGHT="51" BASELINE="35 796 756 793" TAGREFS="TYPE_1">
                        <Shape>
                            <Polygon POINTS="35 796 35 806 64 811 65 811 66 811 77 806 79 805 139 805 153 806 214 811 214 811 298 805 320 804 362 805 453 807 454 807 455 807 462 805 466 803 479 805 521 809 521 810 558 810 558 809 559 809 573 804 576 803 582 804 600 808 601 808 625 804 631 803 638 804 660 807 661 807 755 803 756 793 754 769 687 769 686 768 662 760 661 760 585 760 584 760 583 760 563 767 558 769 539 767 506 764 505 764 452 767 426 768 423 767 415 761 414 761 413 761 412 761 367 762 366 762 357 766 350 770 281 770 276 766 270 762 269 762 269 762 268 762 267 762 253 766 251 766 231 766 133 763 132 763 114 765 85 770 69 765 63 764 62 764 61 764 34 764 35 796"/>
                        </Shape>
                        <String CONTENT=""/>
                    </TextLine>

                    
                    <TextLine ID="line_17" HPOS="34" VPOS="804" WIDTH="671" HEIGHT="53" BASELINE="35 840 705 837" TAGREFS="TYPE_1">
                        <Shape>
                            <Polygon POINTS="35 840 35 850 93 850 94 850 101 856 102 856 103 856 104 857 122 857 122 856 171 850 171 850 172 850 180 856 181 856 182 856 183 856 209 852 244 856 245 856 245 856 259 849 260 849 261 849 269 856 270 856 271 856 272 856 368 849 373 849 374 849 380 856 381 856 382 856 383 856 414 851 475 856 476 856 538 849 543 849 545 849 560 853 561 853 562 853 588 849 590 849 598 855 599 855 600 855 601 855 705 848 705 837 704 813 678 813 668 804 667 804 666 804 665 804 628 813 627 813 527 813 527 813 510 804 509 804 509 804 508 804 490 808 452 805 451 805 450 805 449 805 441 810 402 805 401 805 400 805 399 805 389 813 387 813 386 813 372 805 371 805 370 805 369 805 348 812 343 813 336 812 304 805 303 805 269 812 256 815 229 815 225 812 217 806 216 806 215 806 214 806 187 811 141 806 141 806 140 806 139 806 132 812 128 815 91 815 82 812 67 806 66 806 65 806 34 811 35 840"/>
                        </Shape>
                        <String CONTENT=""/>
                    </TextLine>

                    
                    <TextLine ID="line_18" HPOS="33" VPOS="849" WIDTH="672" HEIGHT="51" BASELINE="34 885 705 880" TAGREFS="TYPE_1">
                        <Shape>
                            <Polygon POINTS="34 885 34 894 61 894 64 895 81 900 82 900 83 900 116 895 122 894 133 895 190 899 191 899 192 899 193 899 198 895 201 892 263 892 335 892 343 895 354 898 355 898 355 898 411 895 482 891 532 895 552 897 552 897 613 896 613 896 615 895 632 890 704 895 705 880 704 854 675 849 674 849 640 854 639 854 638 854 621 849 620 849 619 849 619 849 606 854 597 849 596 849 595 849 595 849 594 849 593 849 585 855 583 856 497 856 497 855 479 849 478 849 478 849 442 856 439 856 435 856 386 851 386 851 385 851 367 856 364 856 361 856 336 851 335 851 293 856 292 856 291 856 264 851 263 851 263 851 244 857 241 857 231 857 143 852 142 852 115 858 112 858 110 858 76 853 75 853 33 858 34 885"/>
                        </Shape>
                        <String CONTENT=""/>
                    </TextLine>

                    
                    <TextLine ID="line_19" HPOS="32" VPOS="890" WIDTH="674" HEIGHT="55" BASELINE="33 929 706 924" TAGREFS="TYPE_1">
                        <Shape>
                            <Polygon POINTS="33 929 33 939 98 939 110 945 110 945 111 945 145 939 183 944 184 944 224 940 240 944 241 944 242 944 243 944 244 944 251 938 251 938 254 938 280 944 281 944 306 940 356 943 357 943 379 938 386 937 398 938 435 943 435 943 436 943 437 943 442 938 446 936 455 938 474 942 475 942 476 942 486 938 492 936 500 938 514 942 515 942 515 942 564 938 603 935 613 938 620 941 621 941 622 941 706 938 706 924 705 896 668 890 668 890 667 890 654 896 653 896 649 896 601 892 600 892 571 897 567 897 553 897 434 891 433 891 432 891 417 898 416 898 415 898 405 893 404 893 404 893 385 898 383 898 375 898 269 892 268 892 226 898 195 892 194 892 165 899 162 899 158 899 119 893 118 893 117 893 105 899 104 900 32 900 33 929"/>
                        </Shape>
                        <String CONTENT=""/>
                    </TextLine>

                    
                    <TextLine ID="line_20" HPOS="31" VPOS="934" WIDTH="674" HEIGHT="55" BASELINE="32 972 705 966" TAGREFS="TYPE_1">
                        <Shape>
                            <Polygon POINTS="32 972 32 985 62 982 85 985 104 989 104 989 105 989 106 989 110 985 117 982 136 982 148 985 155 988 156 988 157 988 158 988 165 985 181 981 224 985 249 988 250 988 251 988 257 985 271 980 337 980 358 985 366 987 367 987 368 987 380 985 417 979 436 985 440 986 441 986 441 986 442 986 446 985 460 980 472 985 476 986 477 986 478 986 478 986 481 985 494 978 594 984 595 985 650 985 655 985 655 984 656 984 674 979 703 984 705 966 702 940 625 940 624 940 604 934 603 934 602 934 601 934 588 941 587 941 572 941 455 935 454 935 411 941 411 941 410 941 403 935 402 935 401 935 369 935 368 935 337 942 335 942 333 942 316 936 315 936 314 936 266 941 253 936 252 936 251 936 220 943 218 943 214 943 159 937 159 937 158 937 141 944 139 944 138 944 123 939 122 939 63 938 62 938 31 944 32 972"/>
                        </Shape>
                        <String CONTENT=""/>
                    </TextLine>

                    
                    <TextLine ID="line_21" HPOS="32" VPOS="978" WIDTH="673" HEIGHT="51" BASELINE="33 1015 705 1010" TAGREFS="TYPE_1">
                        <Shape>
                            <Polygon POINTS="33 1015 33 1029 705 1026 705 1010 704 986 628 986 628 985 614 978 613 978 613 978 520 979 485 985 479 986 394 986 393 985 386 980 385 980 384 980 383 980 355 984 319 982 319 982 318 982 306 985 295 988 245 988 238 985 223 981 222 981 221 981 192 985 166 989 151 985 138 982 137 982 136 982 122 985 104 989 79 989 73 985 68 982 67 982 67 982 66 982 32 984 33 1015"/>
                        </Shape>
                        <String CONTENT=""/>
                    </TextLine>

                    
                    <TextLine ID="line_22" HPOS="32" VPOS="1025" WIDTH="674" HEIGHT="51" BASELINE="33 1059 706 1055" TAGREFS="TYPE_1">
                        <Shape>
                            <Polygon POINTS="33 1059 33 1069 80 1069 81 1069 90 1073 91 1073 92 1073 92 1073 103 1069 119 1076 120 1076 121 1076 160 1069 167 1068 173 1069 201 1075 202 1075 239 1070 259 1075 260 1075 261 1075 271 1070 300 1074 301 1074 302 1074 319 1070 328 1067 415 1067 420 1070 424 1073 425 1073 426 1073 427 1073 443 1070 462 1066 470 1070 477 1073 478 1073 478 1074 544 1074 544 1073 545 1073 552 1070 563 1066 705 1070 706 1055 705 1032 682 1032 681 1031 672 1025 671 1025 670 1025 669 1025 668 1025 654 1031 654 1032 570 1032 566 1031 550 1026 549 1026 548 1026 547 1026 531 1031 526 1033 435 1033 411 1030 377 1027 317 1027 316 1027 315 1027 308 1030 300 1033 277 1030 263 1027 230 1027 229 1027 228 1027 227 1027 225 1029 220 1033 173 1029 156 1028 155 1028 154 1028 152 1029 140 1034 32 1029 33 1059"/>
                        </Shape>
                        <String CONTENT=""/>
                    </TextLine>

                    
                    <TextLine ID="line_23" HPOS="31" VPOS="1064" WIDTH="668" HEIGHT="57" BASELINE="32 1105 699 1099" TAGREFS="TYPE_1">
                        <Shape>
                            <Polygon POINTS="32 1105 32 1121 67 1121 67 1120 67 1120 68 1120 79 1114 164 1119 169 1119 170 1119 171 1119 171 1119 178 1113 229 1112 243 1118 244 1118 245 1119 275 1119 275 1118 277 1118 317 1112 341 1116 342 1116 386 1112 398 1118 399 1118 400 1118 401 1118 411 1118 509 1110 548 1116 550 1116 551 1116 596 1116 601 1115 601 1115 602 1115 607 1111 613 1115 613 1115 614 1115 615 1115 699 1114 699 1099 697 1071 650 1072 648 1070 640 1064 639 1064 638 1064 638 1064 637 1064 613 1070 609 1071 607 1070 601 1067 600 1067 599 1067 598 1067 590 1070 585 1073 580 1070 571 1067 570 1067 570 1067 569 1067 561 1070 555 1073 533 1070 517 1069 516 1069 507 1070 490 1074 474 1070 473 1070 472 1070 469 1070 406 1076 343 1076 322 1070 316 1069 315 1069 296 1070 251 1073 238 1070 233 1069 233 1069 232 1069 231 1069 226 1070 201 1076 174 1070 171 1069 170 1069 169 1069 151 1070 77 1074 31 1070 32 1105"/>
                        </Shape>
                        <String CONTENT=""/>
                    </TextLine>

                    
                    <TextLine ID="line_24" HPOS="31" VPOS="1112" WIDTH="665" HEIGHT="49" BASELINE="32 1149 242 1144 696 1146" TAGREFS="TYPE_1">
                        <Shape>
                            <Polygon POINTS="32 1149 32 1161 153 1161 153 1161 153 1161 154 1161 160 1155 183 1161 184 1161 184 1161 187 1161 251 1155 319 1155 331 1161 332 1161 333 1161 334 1161 340 1161 411 1155 477 1155 490 1161 490 1161 491 1161 492 1161 516 1161 680 1155 693 1160 696 1146 695 1112 671 1112 670 1112 669 1112 668 1112 656 1121 632 1121 620 1112 619 1112 619 1112 618 1112 557 1112 556 1112 555 1112 550 1113 535 1119 527 1114 524 1112 523 1112 522 1112 498 1112 497 1112 496 1112 489 1114 475 1119 460 1115 448 1112 447 1112 398 1112 397 1112 396 1112 395 1112 388 1116 380 1121 351 1121 343 1117 335 1113 334 1113 333 1113 332 1113 322 1117 312 1121 264 1121 261 1118 252 1112 251 1112 251 1112 226 1112 225 1112 224 1112 223 1112 211 1118 208 1121 175 1121 173 1119 161 1113 160 1113 159 1113 159 1113 146 1119 144 1120 141 1120 93 1112 92 1112 92 1112 91 1112 79 1121 31 1121 32 1149"/>
                        </Shape>
                        <String CONTENT=""/>
                    </TextLine>

                </TextBlock>
                <TextBlock ID="block_1" HPOS="706" VPOS="1103" WIDTH="133" HEIGHT="120" TAGREFS="TYPE_13">
                    <Shape>
                        <Polygon POINTS="706.5383911132812 1103.08935546875 839.4878540039062 1103.08935546875 839.4878540039062 1223.2520751953125 706.5383911132812 1223.2520751953125 706.5383911132812 1103.08935546875"/>
                    </Shape>
                    <TextLine ID="line_25" HPOS="708" VPOS="1092" WIDTH="126" HEIGHT="45" BASELINE="708 1128 834 1128" TAGREFS="TYPE_1">
                        <Shape>
                            <Polygon POINTS="708 1128 708 1137 834 1136 834 1128 834 1100 708 1092 708 1128"/>
                        </Shape>
                        <String CONTENT=""/>
                    </TextLine>

                    <TextLine ID="line_26" HPOS="706" VPOS="1131" WIDTH="132" HEIGHT="32" BASELINE="707 1152 838 1154" TAGREFS="TYPE_1">
                        <Shape>
                            <Polygon POINTS="707 1152 706 1163 837 1163 838 1154 837 1131 799 1137 707 1134 707 1152"/>
                        </Shape>
                        <String CONTENT=""/>
                    </TextLine>

                    <TextLine ID="line_27" HPOS="711" VPOS="1190" WIDTH="39" HEIGHT="35" BASELINE="711 1210 750 1211" TAGREFS="TYPE_1">
                        <Shape>
                            <Polygon POINTS="711 1210 711 1218 748 1225 750 1211 750 1192 711 1190 711 1210"/>
                        </Shape>
                        <String CONTENT=""/>
                    </TextLine>
</TextBlock>
                <TextBlock ID="textblock_17">
                    
                    <TextLine ID="line_28" HPOS="30" VPOS="1154" WIDTH="809" HEIGHT="55" BASELINE="31 1193 203 1188 839 1184" TAGREFS="TYPE_1">
                        <Shape>
                            <Polygon POINTS="31 1193 32 1209 61 1201 98 1207 99 1207 164 1200 182 1205 183 1205 184 1205 214 1200 243 1205 244 1205 245 1205 257 1199 316 1199 329 1206 330 1206 331 1206 331 1206 336 1206 366 1200 377 1205 378 1205 379 1206 411 1206 411 1205 412 1205 415 1205 442 1198 459 1204 460 1204 460 1204 461 1204 473 1204 569 1200 655 1203 682 1203 683 1203 684 1203 687 1202 709 1195 751 1195 786 1199 787 1199 822 1195 837 1200 839 1184 836 1159 680 1159 669 1154 668 1154 668 1154 667 1154 666 1154 657 1160 653 1160 625 1160 625 1160 616 1154 615 1154 614 1154 557 1154 556 1154 555 1154 540 1160 539 1161 531 1160 478 1155 477 1155 443 1161 436 1162 355 1162 353 1161 336 1155 335 1155 334 1155 227 1157 226 1157 217 1161 164 1157 163 1157 162 1157 161 1157 153 1162 152 1163 149 1162 135 1157 134 1157 134 1157 94 1162 87 1163 80 1162 50 1158 49 1158 30 1162 31 1193"/>
                        </Shape>
                        <String CONTENT=""/>
                    </TextLine>

                    
                    <TextLine ID="line_29" HPOS="30" VPOS="1199" WIDTH="675" HEIGHT="52" BASELINE="31 1235 705 1229" TAGREFS="TYPE_1">
                        <Shape>
                            <Polygon POINTS="31 1235 31 1251 74 1245 157 1249 158 1249 159 1249 174 1244 202 1248 202 1248 257 1243 268 1248 269 1248 269 1248 270 1248 291 1243 309 1248 310 1248 311 1248 312 1248 330 1243 342 1248 343 1248 343 1248 349 1248 462 1242 533 1247 537 1247 538 1247 539 1247 556 1241 623 1246 626 1246 627 1246 628 1246 629 1246 636 1241 645 1246 646 1246 647 1246 650 1246 683 1241 702 1245 705 1229 703 1207 629 1202 628 1202 627 1202 618 1207 601 1207 510 1207 509 1207 498 1200 497 1200 496 1200 496 1200 495 1200 472 1207 467 1208 465 1207 457 1203 456 1203 455 1203 438 1206 412 1199 411 1199 368 1199 367 1199 366 1199 346 1207 343 1208 341 1207 321 1200 320 1200 271 1200 270 1200 269 1200 249 1207 244 1210 217 1210 214 1207 206 1201 205 1201 204 1201 203 1201 154 1207 128 1210 30 1208 31 1235"/>
                        </Shape>
                        <String CONTENT=""/>
                    </TextLine>

                    
                    <TextLine ID="line_30" HPOS="29" VPOS="1238" WIDTH="677" HEIGHT="66" BASELINE="30 1279 706 1273" TAGREFS="TYPE_1">
                        <Shape>
                            <Polygon POINTS="30 1279 30 1297 67 1303 67 1303 68 1303 69 1303 78 1298 86 1302 87 1302 88 1302 89 1302 103 1298 106 1296 152 1296 156 1298 162 1301 163 1301 164 1301 177 1298 188 1296 196 1298 217 1304 218 1304 219 1304 325 1301 326 1301 331 1299 340 1295 350 1299 357 1302 358 1302 359 1302 390 1302 390 1302 391 1302 398 1299 412 1295 421 1299 426 1302 427 1302 428 1302 496 1302 496 1302 509 1300 547 1293 603 1297 604 1297 605 1297 621 1293 629 1299 630 1299 631 1299 705 1300 706 1273 704 1244 646 1245 643 1244 623 1238 622 1238 621 1238 620 1238 619 1238 613 1243 587 1240 586 1240 585 1240 584 1240 577 1245 576 1246 565 1245 508 1240 507 1240 506 1240 505 1240 498 1246 496 1247 450 1247 447 1247 417 1240 417 1240 416 1240 415 1240 404 1247 403 1248 356 1248 355 1247 344 1241 343 1241 343 1241 342 1241 263 1245 233 1241 233 1241 232 1241 216 1248 214 1250 161 1250 159 1249 120 1242 119 1242 47 1244 46 1244 29 1250 30 1279"/>
                        </Shape>
                        <String CONTENT=""/>
                    </TextLine>

                </TextBlock>
            </PrintSpace>
        </Page>
    </Layout>
</alto>