<?xml version="1.0" encoding="UTF-8"?>
<alto xmlns:xsi="http://www.w3.org/2001/XMLSchema-instance"
    xmlns="http://www.loc.gov/standards/alto/ns-v4#"
    xsi:schemaLocation="http://www.loc.gov/standards/alto/ns-v4# http://www.loc.gov/standards/alto/v4/alto-4-3.xsd">
    <Description>
        <MeasurementUnit>pixel</MeasurementUnit>
        <sourceImageInformation>
            <fileName>2013036.jpeg</fileName>
        </sourceImageInformation>
        <Processing ID="OCR_0">
            <processingCategory>other</processingCategory>
            <processingStepDescription>unknown</processingStepDescription>
            <processingSoftware>
                <softwareName>kraken</softwareName>
                <softwareVersion>4.3.13</softwareVersion>
            </processingSoftware>
        </Processing>
    </Description>
    <Tags>
        <OtherTag ID="TYPE_1" LABEL="DefaultLine"/>
        <OtherTag ID="TYPE_2" LABEL="MarginTextZone-ManuscriptAddendum"/>
        <OtherTag ID="TYPE_3" LABEL="TitlePageZone"/>
        <OtherTag ID="TYPE_4" LABEL="StampZone-Sticker"/>
        <OtherTag ID="TYPE_5" LABEL="StampZone"/>
        <OtherTag ID="TYPE_6" LABEL="MainZone-Entry-Continued"/>
        <OtherTag ID="TYPE_7" LABEL="GraphicZone-Maths"/>
        <OtherTag ID="TYPE_8" LABEL="FigureZone"/>
        <OtherTag ID="TYPE_9" LABEL="MainZone-Signature"/>
        <OtherTag ID="TYPE_10" LABEL="MainZone-P-Continued"/>
        <OtherTag ID="TYPE_11" LABEL="GraphicZone-Decoration"/>
        <OtherTag ID="TYPE_12" LABEL="MainZone-Date"/>
        <OtherTag ID="TYPE_13" LABEL="MainZone-Other"/>
        <OtherTag ID="TYPE_14" LABEL="TableZone-Continued"/>
        <OtherTag ID="TYPE_15" LABEL="MarginTextZone-Notes-Continued"/>
        <OtherTag ID="TYPE_16" LABEL="FigureZone-FigDesc"/>
        <OtherTag ID="TYPE_17" LABEL="MarginTextZone-Notes"/>
        <OtherTag ID="TYPE_18" LABEL="DropCapitalZone"/>
        <OtherTag ID="TYPE_19" LABEL="GraphicZone"/>
        <OtherTag ID="TYPE_20" LABEL="RunningTitleZone"/>
        <OtherTag ID="TYPE_21" LABEL="GraphicZone-FigDesc"/>
        <OtherTag ID="TYPE_22" LABEL="MainZone-Lg"/>
        <OtherTag ID="TYPE_23" LABEL="FigureZone-Head"/>
        <OtherTag ID="TYPE_24" LABEL="MainZone-P"/>
        <OtherTag ID="TYPE_25" LABEL="GraphicZone-Head"/>
        <OtherTag ID="TYPE_26" LABEL="QuireMarksZone"/>
        <OtherTag ID="TYPE_27" LABEL="MainZone-Sp"/>
        <OtherTag ID="TYPE_28" LABEL="MainZone-List"/>
        <OtherTag ID="TYPE_29" LABEL="GraphicZone-Part"/>
        <OtherTag ID="TYPE_30" LABEL="DigitizationArtefactZone"/>
        <OtherTag ID="TYPE_31" LABEL="MainZone-Entry"/>
        <OtherTag ID="TYPE_32" LABEL="TableZone-Head"/>
        <OtherTag ID="TYPE_33" LABEL="GraphicZone-TextualContent"/>
        <OtherTag ID="TYPE_34" LABEL="AdvertisementZone"/>
        <OtherTag ID="TYPE_35" LABEL="MainZone-List-Continued"/>
        <OtherTag ID="TYPE_36" LABEL="MainZone-Form"/>
        <OtherTag ID="TYPE_37" LABEL="MainZone-Head"/>
        <OtherTag ID="TYPE_38" LABEL="NumberingZone"/>
        <OtherTag ID="TYPE_39" LABEL="TitlePageZone-Index"/>
        <OtherTag ID="TYPE_40" LABEL="MainZone-Sp-Continued"/>
        <OtherTag ID="TYPE_41" LABEL="TableZone"/>
        <OtherTag ID="TYPE_42" LABEL="MainZone-Lg-Continued"/>
    </Tags>
    <Layout>
        <Page WIDTH="1000" HEIGHT="1448" PHYSICAL_IMG_NR="0" ID="page_0">
            <PrintSpace HPOS="0" VPOS="0" WIDTH="1000" HEIGHT="1448">
                <TextBlock ID="block_2" HPOS="507" VPOS="87" WIDTH="368" HEIGHT="32" TAGREFS="TYPE_20">
                    <Shape>
                        <Polygon POINTS="507.11126708984375 87.7414779663086 875.8516235351562 87.7414779663086 875.8516235351562 119.7353744506836 507.11126708984375 119.7353744506836 507.11126708984375 87.7414779663086"/>
                    </Shape>
                    <TextLine ID="line_0" HPOS="505" VPOS="90" WIDTH="371" HEIGHT="36" BASELINE="505 115 876 110" TAGREFS="TYPE_1">
                        <Shape>
                            <Polygon POINTS="777 102 769 102 761 102 753 102 745 102 737 102 729 102 721 102 713 102 705 102 697 102 689 102 681 102 673 102 665 102 657 102 649 102 641 102 633 102 625 102 623 102 623 103 573 103 571 102 568 102 560 102 552 102 550 102 548 104 521 104 516 102 512 102 505 102 505 115 505 120 554 126 555 126 555 126 566 120 567 120 576 120 670 124 670 124 712 120 770 123 771 123 772 123 779 119 783 118 796 119 815 122 816 122 876 119 876 110 875 90 787 90 786 90 786 90 785 90 781 92 777 94 777 102"/>
                        </Shape>
                        <String CONTENT=""/>
                    </TextLine>
</TextBlock>
                <TextBlock ID="block_5" HPOS="391" VPOS="97" WIDTH="48" HEIGHT="30" TAGREFS="TYPE_38">
                    <Shape>
                        <Polygon POINTS="391.3381042480469 97.16049194335938 439.33319091796875 97.16049194335938 439.33319091796875 127.89959716796875 391.3381042480469 127.89959716796875 391.3381042480469 97.16049194335938"/>
                    </Shape>
                    <TextLine ID="line_1" HPOS="392" VPOS="102" WIDTH="59" HEIGHT="26" BASELINE="393 117 451 115" TAGREFS="TYPE_1">
                        <Shape>
                            <Polygon POINTS="408 102 400 102 392 102 393 117 393 125 433 128 434 128 435 128 451 121 451 115 449 106 411 102 408 102"/>
                        </Shape>
                        <String CONTENT=""/>
                    </TextLine>
</TextBlock>
                <TextBlock ID="block_0" HPOS="386" VPOS="127" WIDTH="585" HEIGHT="357" TAGREFS="TYPE_10">
                    <Shape>
                        <Polygon POINTS="386.95111083984375 127.49008178710938 971.1189575195312 127.49008178710938 971.1189575195312 484.8496398925781 386.95111083984375 484.8496398925781 386.95111083984375 127.49008178710938"/>
                    </Shape>
                    <TextLine ID="line_2" HPOS="389" VPOS="117" WIDTH="581" HEIGHT="50" BASELINE="390 154 970 148" TAGREFS="TYPE_1">
                        <Shape>
                            <Polygon POINTS="390 154 390 162 428 166 429 166 476 162 493 161 497 162 505 166 506 166 506 167 538 167 538 166 539 166 550 162 552 162 581 162 671 164 672 164 673 164 679 162 685 160 691 162 698 164 699 164 699 164 700 164 707 162 713 160 724 162 732 164 733 164 748 162 786 159 794 162 795 163 796 163 797 163 798 163 798 163 798 162 805 158 847 158 868 162 871 163 872 163 872 163 873 163 873 162 879 158 901 162 901 162 902 162 903 162 909 157 922 162 923 162 924 163 969 163 970 148 967 118 954 123 923 119 909 117 909 117 908 117 907 117 905 119 898 123 892 119 888 117 887 117 886 117 857 118 856 118 851 120 843 124 829 120 824 119 823 119 823 119 822 119 819 121 812 124 796 121 794 121 793 121 788 121 760 125 753 122 748 120 748 120 747 120 746 120 745 120 742 123 736 125 688 123 662 123 661 123 651 124 636 127 600 125 515 121 514 121 484 127 483 127 474 121 473 121 473 121 472 121 389 129 390 154"/>
                        </Shape>
                        <String CONTENT=""/>
                    </TextLine>

                    <TextLine ID="line_3" HPOS="390" VPOS="156" WIDTH="581" HEIGHT="40" BASELINE="390 185 971 181" TAGREFS="TYPE_1">
                        <Shape>
                            <Polygon POINTS="390 185 390 194 672 196 673 196 674 196 674 196 680 192 681 191 687 191 724 195 725 195 767 191 773 195 774 195 775 195 776 195 777 195 795 190 796 190 800 190 872 194 872 194 897 189 897 189 971 188 971 181 969 160 887 156 886 156 885 156 884 156 880 160 878 161 818 161 817 160 809 156 808 156 807 156 773 160 758 162 755 160 750 156 749 156 748 156 748 156 747 156 736 160 735 160 730 160 680 156 679 156 662 160 651 163 625 160 588 157 587 157 586 157 585 157 580 160 576 164 552 160 531 158 530 158 514 160 497 164 479 160 476 160 475 160 474 160 473 160 468 165 433 165 427 160 424 159 423 159 423 159 422 159 390 160 390 185"/>
                        </Shape>
                        <String CONTENT=""/>
                    </TextLine>

                    <TextLine ID="line_4" HPOS="387" VPOS="185" WIDTH="582" HEIGHT="45" BASELINE="388 218 969 212" TAGREFS="TYPE_1">
                        <Shape>
                            <Polygon POINTS="388 218 388 226 459 226 460 226 469 230 470 230 471 230 514 226 552 229 553 229 554 229 567 225 571 224 604 225 717 227 718 227 719 227 720 227 724 224 727 222 746 223 790 226 791 226 819 223 832 222 838 223 848 226 849 226 850 226 863 222 869 222 967 222 969 212 967 192 891 185 890 185 889 185 869 192 864 193 849 192 796 187 795 187 794 187 778 192 771 193 764 192 747 188 746 188 728 192 717 194 711 192 703 188 703 188 702 188 664 189 663 189 662 189 658 192 654 194 642 192 637 191 636 191 635 191 634 191 634 192 633 192 630 196 557 196 551 192 547 189 547 189 546 189 545 189 387 192 388 218"/>
                        </Shape>
                        <String CONTENT=""/>
                    </TextLine>

                    <TextLine ID="line_5" HPOS="388" VPOS="218" WIDTH="581" HEIGHT="42" BASELINE="389 250 969 244" TAGREFS="TYPE_1">
                        <Shape>
                            <Polygon POINTS="389 250 389 260 802 260 802 259 822 258 863 255 879 258 884 259 885 259 895 258 928 254 967 257 969 244 967 224 900 218 899 218 898 218 884 224 884 224 881 224 826 219 825 219 824 219 803 225 801 225 798 225 771 220 770 220 769 220 769 220 764 225 763 225 761 225 735 222 734 222 707 225 701 226 700 225 695 222 695 222 694 222 693 222 692 222 680 225 679 226 678 226 669 221 668 221 667 221 666 221 666 221 660 226 659 226 633 226 631 226 622 222 621 222 565 222 564 222 518 226 503 228 463 228 461 226 458 223 457 223 456 223 456 223 388 226 389 250"/>
                        </Shape>
                        <String CONTENT=""/>
                    </TextLine>

                    <TextLine ID="line_6" HPOS="388" VPOS="251" WIDTH="583" HEIGHT="41" BASELINE="389 280 971 277" TAGREFS="TYPE_1">
                        <Shape>
                            <Polygon POINTS="389 280 389 292 750 292 751 292 769 289 773 288 778 288 807 292 808 292 855 288 865 287 876 287 933 292 934 292 970 287 971 277 969 258 934 251 933 251 932 251 915 257 888 251 887 251 863 257 856 251 855 251 855 251 829 251 828 251 799 259 724 259 679 252 679 252 678 252 662 256 643 253 642 253 641 253 641 253 641 254 635 259 615 253 614 253 596 253 595 253 594 253 593 253 593 254 587 259 561 255 560 255 532 259 438 254 437 254 388 260 389 280"/>
                        </Shape>
                        <String CONTENT=""/>
                    </TextLine>

                    <TextLine ID="line_7" HPOS="390" VPOS="283" WIDTH="580" HEIGHT="45" BASELINE="390 315 970 309" TAGREFS="TYPE_1">
                        <Shape>
                            <Polygon POINTS="390 324 551 328 552 328 553 328 565 322 567 321 579 322 633 327 633 327 659 321 662 320 666 321 683 326 683 326 684 326 771 322 798 325 799 325 854 319 856 319 857 319 864 324 865 324 866 324 867 325 886 325 886 324 969 317 970 309 968 291 929 290 920 283 919 283 918 283 917 283 917 283 893 290 892 290 891 290 868 287 867 287 866 287 855 290 852 291 851 290 839 284 838 284 823 284 823 284 822 284 821 284 813 290 812 291 807 290 792 287 791 287 790 287 785 290 777 285 777 285 776 285 775 285 774 285 773 285 769 290 768 290 756 290 650 286 650 286 649 286 648 286 644 289 641 291 633 289 617 287 616 287 600 289 580 293 572 289 567 287 567 287 566 287 527 288 526 288 526 288 526 289 525 289 519 295 460 296 412 296 390 289 390 315 390 324"/>
                        </Shape>
                        <String CONTENT=""/>
                    </TextLine>

                    <TextLine ID="line_8" HPOS="388" VPOS="320" WIDTH="582" HEIGHT="37" BASELINE="389 346 970 342" TAGREFS="TYPE_1">
                        <Shape>
                            <Polygon POINTS="389 346 389 354 736 357 736 357 817 352 851 356 852 356 908 351 956 355 957 355 958 355 970 349 970 342 967 320 388 323 389 346"/>
                        </Shape>
                        <String CONTENT=""/>
                    </TextLine>

                    <TextLine ID="line_9" HPOS="389" VPOS="348" WIDTH="580" HEIGHT="45" BASELINE="390 380 969 374" TAGREFS="TYPE_1">
                        <Shape>
                            <Polygon POINTS="390 380 390 388 412 393 413 393 414 393 429 388 430 388 433 388 493 392 493 392 494 392 495 392 502 387 510 392 510 392 511 392 512 392 540 387 541 387 576 391 577 391 578 391 590 386 591 386 592 386 628 391 629 391 660 386 663 386 666 386 707 390 708 390 733 385 736 385 750 385 880 389 881 389 968 382 969 374 967 354 923 354 923 353 914 348 913 348 913 348 912 348 911 348 899 353 860 349 859 349 858 349 846 353 844 354 833 353 779 349 778 349 757 353 748 355 740 353 724 350 652 350 651 350 650 350 650 350 646 353 644 356 566 357 559 353 556 351 555 351 555 351 554 351 553 351 546 353 532 358 470 358 454 353 452 353 451 353 450 353 446 353 426 357 389 353 390 380"/>
                        </Shape>
                        <String CONTENT=""/>
                    </TextLine>

                    <TextLine ID="line_10" HPOS="386" VPOS="383" WIDTH="583" HEIGHT="42" BASELINE="387 411 969 407" TAGREFS="TYPE_1">
                        <Shape>
                            <Polygon POINTS="781 388 773 390 765 390 757 390 748 390 740 390 732 390 724 390 716 390 708 390 700 390 692 390 684 390 676 390 668 390 660 390 652 390 644 390 636 390 628 390 620 390 613 390 612 390 604 390 596 390 588 390 580 390 577 390 572 390 563 390 555 390 547 390 539 390 531 390 529 390 525 390 522 390 515 390 507 390 499 390 494 390 493 390 466 390 459 390 451 390 443 390 435 390 427 390 419 390 411 390 403 390 395 390 386 390 387 411 387 419 464 419 484 424 485 424 485 425 525 425 525 424 526 424 539 419 540 419 548 419 602 423 603 423 631 419 635 419 639 419 662 423 663 423 714 419 731 418 736 419 748 422 748 422 749 422 750 422 761 419 766 418 779 419 806 422 806 422 826 419 839 417 850 419 860 421 860 421 861 421 867 419 872 417 967 419 969 407 967 386 946 383 945 383 930 386 920 388 917 386 914 383 913 383 913 383 894 383 893 383 857 386 834 388 830 386 824 383 823 383 823 383 822 383 821 383 817 386 813 389 796 386 783 384 781 388"/>
                        </Shape>
                        <String CONTENT=""/>
                    </TextLine>

                    <TextLine ID="line_11" HPOS="385" VPOS="416" WIDTH="583" HEIGHT="40" BASELINE="386 444 968 440" TAGREFS="TYPE_1">
                        <Shape>
                            <Polygon POINTS="386 444 386 452 403 452 404 452 410 456 411 456 411 456 412 456 496 452 531 451 577 452 635 455 636 455 674 452 724 450 732 453 736 455 736 455 737 455 759 453 786 451 967 453 968 440 966 416 936 422 909 417 905 416 905 416 900 417 872 422 863 417 862 417 861 417 823 416 822 416 807 418 775 423 755 419 745 417 744 417 744 417 738 419 728 423 697 423 691 419 685 417 684 417 683 417 683 417 682 417 678 419 672 424 551 424 544 422 532 418 531 418 530 418 530 418 529 418 522 422 518 424 506 422 485 419 485 419 459 423 448 424 385 424 386 444"/>
                        </Shape>
                        <String CONTENT=""/>
                    </TextLine>

                    <TextLine ID="line_12" HPOS="386" VPOS="449" WIDTH="478" HEIGHT="39" BASELINE="387 477 864 474" TAGREFS="TYPE_1">
                        <Shape>
                            <Polygon POINTS="387 477 387 484 487 488 488 488 489 488 489 488 495 484 508 487 509 487 510 487 583 483 592 483 598 483 647 487 648 487 649 487 650 487 656 483 677 486 678 486 710 482 716 482 731 482 840 486 841 486 863 481 864 474 862 456 828 449 810 449 809 449 808 449 807 449 807 450 801 456 740 456 735 451 734 451 733 451 707 449 707 449 706 449 705 449 694 457 628 457 617 450 616 450 615 450 592 450 591 450 590 450 589 450 580 456 575 451 575 450 574 450 573 450 545 450 544 450 543 450 528 457 455 451 454 451 453 451 440 457 423 457 413 452 412 452 411 452 411 452 386 458 387 477"/>
                        </Shape>
                        <String CONTENT=""/>
                    </TextLine>
</TextBlock>
                <TextBlock ID="block_3" HPOS="383" VPOS="484" WIDTH="589" HEIGHT="718" TAGREFS="TYPE_24">
                    <Shape>
                        <Polygon POINTS="383.9819641113281 484.91619873046875 972.0931396484375 484.91619873046875 972.0931396484375 1202.2938232421875 383.9819641113281 1202.2938232421875 383.9819641113281 484.91619873046875"/>
                    </Shape>
                    <TextLine ID="line_13" HPOS="416" VPOS="477" WIDTH="552" HEIGHT="43" BASELINE="417 507 968 504" TAGREFS="TYPE_1">
                        <Shape>
                            <Polygon POINTS="417 507 417 517 468 515 477 517 494 520 495 520 565 516 594 514 614 515 670 519 670 519 695 514 703 514 711 514 735 518 736 518 736 518 745 514 750 514 829 518 830 518 831 518 839 514 916 518 917 518 967 512 968 504 967 477 878 477 877 477 876 477 876 477 876 478 875 478 869 483 846 478 843 478 842 478 841 478 840 478 827 485 802 480 802 480 801 480 800 480 800 481 794 486 747 486 739 481 738 481 737 481 736 481 736 481 716 485 661 482 660 482 625 486 619 481 617 479 616 479 615 479 614 479 613 479 605 481 587 487 555 487 548 482 546 480 545 480 544 480 543 480 543 480 534 482 523 485 514 482 510 481 509 481 508 481 507 481 503 482 494 487 473 483 457 480 456 480 416 483 417 507"/>
                        </Shape>
                        <String CONTENT=""/>
                    </TextLine>

                    <TextLine ID="line_14" HPOS="386" VPOS="510" WIDTH="581" HEIGHT="43" BASELINE="386 541 967 537" TAGREFS="TYPE_1">
                        <Shape>
                            <Polygon POINTS="386 541 386 548 474 553 475 553 476 553 477 553 481 548 489 548 531 547 534 548 542 552 543 552 543 552 573 548 580 547 594 548 645 551 646 551 676 547 689 547 703 547 736 551 737 551 967 547 967 537 967 516 962 512 961 512 960 512 959 512 904 514 877 510 876 510 876 510 875 510 865 518 841 511 840 511 839 511 839 511 838 511 827 518 827 518 825 518 806 513 806 513 805 513 804 513 793 518 792 519 654 519 653 519 637 512 636 512 635 512 586 513 585 513 584 513 576 518 564 513 563 513 563 513 562 513 543 519 522 513 521 513 520 513 489 520 485 521 484 520 477 514 476 514 475 514 474 514 473 514 454 518 443 514 442 514 402 514 401 514 400 514 386 519 386 541"/>
                        </Shape>
                        <String CONTENT=""/>
                    </TextLine>

                    <TextLine ID="line_15" HPOS="386" VPOS="545" WIDTH="582" HEIGHT="40" BASELINE="387 572 968 568" TAGREFS="TYPE_1">
                        <Shape>
                            <Polygon POINTS="387 572 388 585 398 581 481 584 499 584 500 584 501 584 502 584 502 584 508 580 582 583 617 584 617 584 618 584 621 582 626 580 680 581 724 583 724 583 725 583 731 580 736 579 783 580 851 582 851 582 852 582 853 582 856 579 859 578 967 578 968 568 966 547 938 550 934 547 932 545 931 545 930 545 876 545 875 545 874 545 864 547 856 550 849 548 842 546 841 546 840 546 839 546 834 548 827 551 820 548 814 546 813 546 812 546 811 546 810 546 808 548 805 551 754 551 748 549 736 546 736 546 735 546 707 550 695 551 686 550 666 547 666 547 665 547 657 551 655 551 654 551 648 547 647 547 646 547 646 547 625 551 617 552 606 551 569 547 568 547 567 547 567 547 561 552 560 552 554 552 512 549 511 549 510 549 502 553 502 553 493 553 415 548 414 548 386 554 387 572"/>
                        </Shape>
                        <String CONTENT=""/>
                    </TextLine>

                    <TextLine ID="line_16" HPOS="384" VPOS="575" WIDTH="582" HEIGHT="44" BASELINE="385 604 966 601" TAGREFS="TYPE_1">
                        <Shape>
                            <Polygon POINTS="385 604 385 612 414 618 415 619 491 619 491 618 492 618 508 613 535 617 536 617 578 612 670 617 671 617 672 617 683 612 712 617 713 617 751 612 817 617 818 617 818 617 839 611 959 616 960 616 961 616 962 616 962 615 966 611 966 601 963 580 906 580 905 580 881 575 880 575 880 575 879 575 871 580 856 575 855 575 823 575 822 575 821 575 807 581 806 581 805 581 787 576 786 576 786 576 785 576 765 581 764 582 724 582 724 581 718 576 717 576 716 576 716 576 715 576 714 576 706 581 674 577 674 577 653 582 651 582 644 576 643 576 642 576 566 576 565 576 564 576 552 582 503 577 502 577 502 577 488 583 487 584 448 584 447 583 438 577 437 577 436 577 399 577 399 577 398 577 384 582 385 604"/>
                        </Shape>
                        <String CONTENT=""/>
                    </TextLine>

                    <TextLine ID="line_17" HPOS="386" VPOS="608" WIDTH="581" HEIGHT="42" BASELINE="386 638 967 633" TAGREFS="TYPE_1">
                        <Shape>
                            <Polygon POINTS="386 638 386 646 469 650 469 650 470 650 484 646 489 645 503 646 538 649 539 649 539 649 547 646 552 645 567 646 585 649 586 649 587 649 588 649 591 646 593 645 610 646 626 648 627 648 628 648 632 646 638 644 659 646 674 648 674 648 675 648 676 648 678 646 681 644 695 646 707 648 708 648 709 648 712 646 717 644 797 646 814 646 814 646 818 646 838 642 966 645 967 633 965 613 947 614 944 613 930 608 930 608 929 608 928 608 927 608 921 613 919 615 907 615 905 613 885 608 884 608 884 608 883 608 882 608 873 614 871 616 780 616 777 615 761 609 760 609 759 609 732 613 719 609 718 609 717 609 716 609 716 609 704 616 703 617 640 617 640 617 629 611 628 611 551 611 551 611 550 611 549 611 543 616 502 612 502 612 501 612 488 618 438 619 427 612 427 612 426 612 395 612 394 612 393 612 392 612 386 617 386 638"/>
                        </Shape>
                        <String CONTENT=""/>
                    </TextLine>

                    <TextLine ID="line_18" HPOS="386" VPOS="640" WIDTH="581" HEIGHT="38" BASELINE="386 670 967 666" TAGREFS="TYPE_1">
                        <Shape>
                            <Polygon POINTS="386 670 386 678 967 677 967 666 966 644 941 640 940 640 939 640 938 640 933 644 929 646 902 646 899 644 893 640 893 640 892 640 891 640 890 640 889 640 884 645 881 646 826 646 823 645 818 641 817 641 816 641 797 641 796 641 795 641 782 645 778 646 770 645 742 641 741 641 740 641 726 645 722 647 719 646 709 641 708 641 707 641 707 641 706 641 700 646 699 647 696 646 683 641 683 641 682 641 681 641 669 646 666 647 661 646 634 642 633 642 633 642 620 647 616 648 598 647 547 644 546 644 545 644 544 644 539 648 537 649 511 649 506 648 483 643 482 643 481 643 469 649 465 649 460 649 447 644 446 644 445 644 386 649 386 670"/>
                        </Shape>
                        <String CONTENT=""/>
                    </TextLine>

                    <TextLine ID="line_19" HPOS="383" VPOS="672" WIDTH="585" HEIGHT="43" BASELINE="384 704 968 699" TAGREFS="TYPE_1">
                        <Shape>
                            <Polygon POINTS="384 704 384 715 967 708 968 699 966 678 899 678 898 678 891 672 890 672 889 672 869 672 868 672 868 672 845 678 841 679 830 678 794 675 794 675 767 678 755 680 751 678 738 674 737 674 736 674 736 674 724 678 722 679 716 678 676 674 675 674 674 674 674 674 667 679 666 680 664 679 658 674 657 674 656 674 637 674 636 674 635 674 634 674 627 679 624 681 604 679 572 676 571 676 553 679 539 682 530 679 516 675 515 675 514 675 514 675 506 679 501 682 460 682 455 679 449 676 448 676 448 676 447 676 446 676 436 679 433 681 430 679 422 676 421 676 420 676 383 679 384 704"/>
                        </Shape>
                        <String CONTENT=""/>
                    </TextLine>

                    <TextLine ID="line_20" HPOS="384" VPOS="706" WIDTH="585" HEIGHT="43" BASELINE="385 736 969 731" TAGREFS="TYPE_1">
                        <Shape>
                            <Polygon POINTS="385 736 385 748 445 749 446 749 447 749 451 747 457 744 491 746 500 747 501 747 502 747 503 746 510 743 527 746 543 748 543 748 544 748 554 745 565 742 592 745 617 748 617 748 618 748 627 744 635 741 641 744 646 747 647 747 648 748 679 748 679 747 679 747 680 747 685 744 690 741 728 743 798 746 799 746 800 746 801 746 806 742 810 740 823 741 846 744 847 744 872 740 885 739 897 740 924 744 925 744 969 739 969 731 967 712 934 712 919 706 918 706 917 706 885 712 883 712 879 712 818 707 817 707 816 707 802 712 799 713 786 712 712 708 711 708 711 708 699 713 695 714 693 713 683 710 683 710 682 710 662 713 662 713 660 713 638 708 637 708 637 708 636 708 629 713 627 713 586 709 585 709 584 709 576 714 574 715 564 714 543 711 543 711 521 714 513 715 510 714 499 710 498 710 497 710 384 714 385 736"/>
                        </Shape>
                        <String CONTENT=""/>
                    </TextLine>

                    <TextLine ID="line_21" HPOS="383" VPOS="738" WIDTH="584" HEIGHT="44" BASELINE="384 769 967 764" TAGREFS="TYPE_1">
                        <Shape>
                            <Polygon POINTS="384 769 384 778 473 782 474 782 506 777 512 777 519 777 567 781 568 781 569 781 570 781 577 777 579 776 621 776 621 776 631 781 632 781 633 781 672 781 672 781 673 781 689 776 747 780 748 780 748 780 749 780 756 775 794 779 795 779 796 779 806 774 845 779 846 779 847 779 870 773 956 778 957 778 958 778 958 778 967 773 967 764 967 744 955 738 954 738 954 738 916 743 893 738 893 738 865 744 819 739 818 739 772 744 751 740 750 740 749 740 748 740 735 745 690 745 683 740 682 740 681 740 680 740 654 745 624 740 623 740 581 744 531 741 530 741 530 741 518 746 513 741 512 741 511 741 484 741 483 741 383 748 384 769"/>
                        </Shape>
                        <String CONTENT=""/>
                    </TextLine>

                    <TextLine ID="line_22" HPOS="384" VPOS="771" WIDTH="583" HEIGHT="44" BASELINE="385 801 967 796" TAGREFS="TYPE_1">
                        <Shape>
                            <Polygon POINTS="385 801 385 810 433 814 434 814 435 814 436 814 439 810 440 809 527 809 529 810 540 814 541 814 542 815 568 815 568 814 569 814 570 814 577 809 579 808 582 809 597 814 598 814 599 814 632 814 632 814 633 814 645 808 646 808 648 808 672 814 673 814 699 810 757 813 758 813 791 807 795 806 797 807 807 812 808 812 809 813 860 813 860 812 861 812 862 812 870 806 871 806 872 806 887 811 888 811 888 811 889 811 905 806 906 806 907 806 917 811 917 811 918 811 966 805 967 796 965 776 913 771 912 771 911 771 910 771 905 776 851 776 846 772 845 772 844 772 843 772 798 776 786 772 785 772 784 772 783 772 770 777 757 773 757 773 756 773 755 773 754 773 749 777 707 777 675 773 674 773 674 773 673 773 666 777 579 773 578 773 577 773 564 778 406 775 405 775 404 775 384 780 385 801"/>
                        </Shape>
                        <String CONTENT=""/>
                    </TextLine>

                    <TextLine ID="line_23" HPOS="383" VPOS="803" WIDTH="584" HEIGHT="44" BASELINE="384 834 967 828" TAGREFS="TYPE_1">
                        <Shape>
                            <Polygon POINTS="384 834 384 847 405 843 504 846 549 847 550 847 562 845 576 843 636 843 716 845 716 845 717 845 724 842 730 840 751 842 784 844 785 844 786 844 795 841 800 839 816 841 847 843 848 843 849 843 850 843 854 840 855 839 869 839 939 843 940 843 966 838 967 828 964 808 860 808 852 804 851 804 851 804 850 804 826 808 776 803 775 803 774 803 773 803 768 808 703 805 702 805 668 810 639 804 638 804 637 804 623 810 575 805 574 805 573 805 549 811 527 806 526 806 479 806 478 806 477 806 461 811 455 806 454 806 453 806 402 806 401 806 400 806 383 812 384 834"/>
                        </Shape>
                        <String CONTENT=""/>
                    </TextLine>

                    <TextLine ID="line_24" HPOS="383" VPOS="836" WIDTH="586" HEIGHT="41" BASELINE="384 865 969 862" TAGREFS="TYPE_1">
                        <Shape>
                            <Polygon POINTS="384 865 384 877 968 874 969 862 967 841 833 836 832 836 831 836 818 842 814 844 716 844 712 843 679 838 639 838 638 838 637 838 624 843 574 838 573 838 572 838 547 845 519 845 487 845 469 839 469 839 468 839 467 839 450 845 442 839 441 839 440 839 414 839 413 839 412 839 383 846 384 865"/>
                        </Shape>
                        <String CONTENT=""/>
                    </TextLine>

                    <TextLine ID="line_25" HPOS="383" VPOS="869" WIDTH="584" HEIGHT="39" BASELINE="384 897 967 892" TAGREFS="TYPE_1">
                        <Shape>
                            <Polygon POINTS="384 897 384 908 966 902 967 892 965 874 898 874 898 873 888 869 887 869 886 869 885 869 884 869 879 873 878 873 875 873 822 871 821 871 790 873 768 875 753 873 724 869 723 869 722 869 712 873 707 875 699 873 692 872 691 872 678 873 650 876 588 876 584 872 580 870 580 870 579 870 578 870 563 872 543 876 530 872 526 871 525 871 524 871 383 872 384 897"/>
                        </Shape>
                        <String CONTENT=""/>
                    </TextLine>

                    <TextLine ID="line_26" HPOS="383" VPOS="901" WIDTH="584" HEIGHT="38" BASELINE="384 929 967 926" TAGREFS="TYPE_1">
                        <Shape>
                            <Polygon POINTS="384 929 384 939 966 939 967 926 965 908 939 901 938 901 909 905 904 901 903 901 902 901 857 901 856 901 855 901 836 907 823 901 823 901 822 901 796 906 786 902 786 902 785 902 784 902 773 908 757 902 756 902 755 902 710 908 673 903 672 903 671 903 658 909 582 903 581 903 580 903 580 903 572 909 549 905 548 905 526 909 518 904 518 904 517 904 497 904 497 904 496 904 482 909 453 904 452 904 452 904 451 904 444 910 383 910 384 929"/>
                        </Shape>
                        <String CONTENT=""/>
                    </TextLine>

                    <TextLine ID="line_27" HPOS="383" VPOS="933" WIDTH="584" HEIGHT="41" BASELINE="384 962 967 958" TAGREFS="TYPE_1">
                        <Shape>
                            <Polygon POINTS="384 962 385 974 398 970 489 974 529 974 530 974 530 974 534 973 541 970 650 971 787 973 788 973 789 973 801 970 804 969 808 970 819 973 820 973 821 973 847 969 857 968 867 969 899 972 900 972 967 967 967 958 966 938 932 938 921 933 921 933 920 933 919 933 918 933 910 937 897 933 896 933 895 933 865 937 858 933 857 933 856 933 831 933 830 933 829 933 810 938 683 933 683 933 682 933 681 933 673 939 543 934 543 934 542 934 520 940 390 935 389 935 388 935 387 935 383 938 384 962"/>
                        </Shape>
                        <String CONTENT=""/>
                    </TextLine>

                    <TextLine ID="line_28" HPOS="383" VPOS="965" WIDTH="584" HEIGHT="44" BASELINE="384 995 967 991" TAGREFS="TYPE_1">
                        <Shape>
                            <Polygon POINTS="384 995 384 1005 423 1003 429 1005 438 1009 439 1009 440 1009 440 1009 441 1009 447 1005 450 1003 468 1004 489 1007 489 1007 490 1007 497 1004 504 1002 558 1002 561 1003 567 1008 567 1008 568 1008 569 1009 608 1009 608 1008 609 1008 609 1008 616 1003 617 1001 622 1003 629 1005 630 1005 631 1005 632 1005 637 1003 642 1001 647 1003 662 1007 662 1007 663 1007 773 1003 849 1007 850 1007 851 1007 868 1000 870 999 872 1000 884 1006 884 1006 885 1006 967 999 967 991 966 971 917 971 917 970 900 965 899 965 879 965 878 965 877 965 876 965 868 970 857 965 856 965 855 965 855 965 843 970 842 972 813 972 810 970 804 966 803 966 802 966 802 966 753 970 732 972 720 970 698 966 644 966 643 966 624 970 608 973 593 970 581 967 580 967 566 970 548 973 537 970 528 967 527 967 526 967 526 967 521 970 515 972 502 970 492 968 491 968 490 968 489 968 488 970 481 974 383 970 384 995"/>
                        </Shape>
                        <String CONTENT=""/>
                    </TextLine>

                    <TextLine ID="line_29" HPOS="382" VPOS="996" WIDTH="585" HEIGHT="43" BASELINE="383 1026 967 1023" TAGREFS="TYPE_1">
                        <Shape>
                            <Polygon POINTS="383 1026 383 1035 528 1039 529 1039 530 1039 547 1034 549 1034 564 1034 672 1038 673 1038 674 1038 674 1038 680 1034 803 1037 804 1037 967 1032 967 1023 966 999 938 996 938 996 937 996 936 996 934 999 930 1002 910 1002 887 999 871 996 870 996 869 996 863 999 855 1001 835 999 827 998 827 998 815 999 773 1003 761 999 758 998 757 998 757 998 756 998 755 998 754 999 748 1003 657 1003 642 999 637 998 637 998 636 998 623 999 588 1003 545 999 526 998 525 998 508 999 473 1003 466 999 465 999 464 999 463 999 462 999 456 999 433 1004 415 999 411 999 410 999 409 999 382 999 383 1026"/>
                        </Shape>
                        <String CONTENT=""/>
                    </TextLine>

                    <TextLine ID="line_30" HPOS="382" VPOS="1030" WIDTH="595" HEIGHT="40" BASELINE="383 1058 977 1056" TAGREFS="TYPE_1">
                        <Shape>
                            <Polygon POINTS="383 1058 383 1069 675 1066 679 1066 698 1070 699 1070 770 1065 778 1065 779 1065 785 1069 786 1069 786 1069 787 1070 848 1070 848 1069 849 1069 861 1065 876 1069 877 1069 878 1069 949 1065 965 1069 966 1069 967 1069 967 1069 977 1064 977 1056 976 1037 961 1030 960 1030 959 1030 939 1034 924 1030 923 1030 833 1030 832 1030 831 1030 811 1036 759 1031 758 1031 721 1036 711 1031 710 1031 709 1031 708 1031 695 1038 674 1038 667 1032 666 1032 666 1032 665 1032 641 1036 592 1031 591 1031 590 1031 576 1037 560 1032 559 1032 559 1032 558 1032 557 1032 548 1038 506 1032 505 1032 504 1032 492 1039 457 1039 436 1032 436 1032 435 1032 434 1032 433 1032 422 1039 382 1039 383 1058"/>
                        </Shape>
                        <String CONTENT=""/>
                    </TextLine>

                    <TextLine ID="line_31" HPOS="384" VPOS="1062" WIDTH="583" HEIGHT="40" BASELINE="385 1092 967 1087" TAGREFS="TYPE_1">
                        <Shape>
                            <Polygon POINTS="385 1092 385 1102 869 1102 869 1101 966 1095 967 1087 966 1069 949 1062 948 1062 947 1062 917 1067 891 1064 890 1064 889 1064 871 1069 868 1069 867 1069 855 1064 854 1064 853 1064 852 1064 839 1069 835 1070 789 1070 787 1069 781 1063 780 1063 779 1063 778 1063 740 1069 730 1069 722 1068 703 1065 703 1065 702 1065 701 1065 697 1068 694 1071 674 1071 668 1068 661 1065 660 1065 659 1065 658 1065 646 1068 639 1069 617 1068 580 1065 579 1065 578 1065 577 1065 577 1065 574 1068 570 1072 556 1067 550 1065 549 1065 548 1065 547 1065 543 1067 534 1073 495 1073 485 1067 482 1065 481 1065 481 1065 480 1065 475 1067 458 1073 438 1073 430 1067 430 1066 429 1066 428 1066 427 1066 384 1066 385 1092"/>
                        </Shape>
                        <String CONTENT=""/>
                    </TextLine>

                    <TextLine ID="line_32" HPOS="384" VPOS="1094" WIDTH="584" HEIGHT="41" BASELINE="385 1123 968 1120" TAGREFS="TYPE_1">
                        <Shape>
                            <Polygon POINTS="385 1123 385 1131 563 1135 563 1135 620 1131 621 1131 621 1131 658 1135 659 1135 660 1135 661 1135 666 1131 811 1135 812 1135 845 1130 851 1129 857 1130 880 1134 880 1134 968 1129 968 1120 966 1094 840 1098 832 1096 826 1094 825 1094 824 1094 823 1094 814 1097 798 1101 782 1097 773 1095 773 1095 772 1095 771 1095 769 1098 762 1101 732 1098 717 1097 716 1097 702 1098 674 1102 634 1102 629 1100 619 1096 618 1096 617 1096 617 1096 601 1100 595 1102 590 1100 578 1096 577 1096 576 1096 576 1096 575 1096 567 1101 565 1102 530 1102 527 1102 519 1097 518 1097 518 1097 489 1098 489 1098 488 1098 481 1102 475 1097 474 1097 473 1097 409 1097 408 1097 407 1097 384 1103 385 1123"/>
                        </Shape>
                        <String CONTENT=""/>
                    </TextLine>

                    <TextLine ID="line_33" HPOS="383" VPOS="1127" WIDTH="584" HEIGHT="43" BASELINE="384 1157 967 1153" TAGREFS="TYPE_1">
                        <Shape>
                            <Polygon POINTS="384 1157 384 1168 557 1164 579 1168 589 1170 590 1170 591 1170 592 1170 594 1168 600 1163 695 1163 755 1168 764 1168 765 1168 765 1168 766 1168 766 1168 774 1163 781 1168 781 1168 782 1168 783 1168 784 1169 814 1169 814 1168 814 1168 815 1168 815 1168 821 1163 849 1161 885 1168 886 1168 920 1164 965 1168 967 1153 964 1127 832 1133 821 1129 819 1128 818 1128 818 1128 817 1128 814 1129 797 1135 744 1135 737 1130 736 1128 735 1128 734 1128 733 1128 715 1129 714 1129 713 1129 712 1130 703 1137 679 1137 670 1131 669 1129 668 1129 667 1129 666 1129 653 1131 612 1138 515 1138 506 1133 501 1130 500 1130 499 1130 461 1131 460 1131 460 1131 456 1133 449 1138 383 1135 384 1157"/>
                        </Shape>
                        <String CONTENT=""/>
                    </TextLine>

                    <TextLine ID="line_34" HPOS="384" VPOS="1162" WIDTH="453" HEIGHT="51" BASELINE="385 1189 837 1186" TAGREFS="TYPE_1">
                        <Shape>
                            <Polygon POINTS="385 1189 386 1212 410 1202 433 1206 434 1206 435 1206 436 1206 436 1205 440 1202 477 1202 489 1209 494 1213 495 1213 496 1213 497 1213 568 1212 569 1212 585 1206 600 1201 610 1205 621 1211 622 1211 623 1211 658 1210 658 1210 659 1210 667 1205 686 1211 687 1211 687 1211 688 1211 703 1203 703 1203 705 1203 751 1210 752 1210 753 1210 753 1210 753 1209 762 1201 765 1200 769 1201 786 1206 787 1206 788 1206 789 1206 790 1206 796 1201 798 1200 836 1200 837 1186 835 1169 741 1169 728 1162 727 1162 726 1162 725 1162 707 1169 707 1169 622 1163 621 1163 621 1163 604 1170 601 1167 601 1166 600 1166 600 1166 599 1166 526 1170 519 1166 518 1166 518 1166 517 1166 516 1166 505 1169 500 1165 500 1164 499 1164 498 1164 437 1164 436 1164 436 1164 435 1164 425 1171 415 1164 414 1164 413 1164 412 1164 384 1171 385 1189"/>
                        </Shape>
                        <String CONTENT=""/>
                    </TextLine>
</TextBlock>
                <TextBlock ID="block_1" HPOS="810" VPOS="1194" WIDTH="155" HEIGHT="37" TAGREFS="TYPE_13">
                    <Shape>
                        <Polygon POINTS="810.3534545898438 1194.933837890625 965.6521606445312 1194.933837890625 965.6521606445312 1231.8990478515625 810.3534545898438 1231.8990478515625 810.3534545898438 1194.933837890625"/>
                    </Shape>
                    <TextLine ID="line_35" HPOS="809" VPOS="1188" WIDTH="155" HEIGHT="53" BASELINE="810 1220 964 1218" TAGREFS="TYPE_1">
                        <Shape>
                            <Polygon POINTS="810 1220 810 1241 834 1234 846 1240 847 1240 847 1240 848 1240 854 1239 892 1234 920 1237 945 1240 946 1240 946 1240 964 1235 964 1218 962 1199 942 1199 924 1188 923 1188 922 1188 886 1188 885 1188 884 1188 884 1188 884 1188 872 1200 847 1200 822 1188 821 1188 820 1188 819 1188 818 1188 818 1189 809 1198 810 1220"/>
                        </Shape>
                        <String CONTENT=""/>
                    </TextLine>
</TextBlock>
            </PrintSpace>
        </Page>
    </Layout>
</alto>