<?xml version="1.0" encoding="UTF-8"?>
<alto xmlns:xsi="http://www.w3.org/2001/XMLSchema-instance"
    xmlns="http://www.loc.gov/standards/alto/ns-v4#"
    xsi:schemaLocation="http://www.loc.gov/standards/alto/ns-v4# http://www.loc.gov/standards/alto/v4/alto-4-3.xsd">
    <Description>
        <MeasurementUnit>pixel</MeasurementUnit>
        <sourceImageInformation>
            <fileName>7326006.jpeg</fileName>
        </sourceImageInformation>
        <Processing ID="OCR_0">
            <processingCategory>other</processingCategory>
            <processingStepDescription>unknown</processingStepDescription>
            <processingSoftware>
                <softwareName>kraken</softwareName>
                <softwareVersion>4.3.13</softwareVersion>
            </processingSoftware>
        </Processing>
    </Description>
    <Tags>
        <OtherTag ID="TYPE_1" LABEL="DefaultLine"/>
        <OtherTag ID="TYPE_2" LABEL="MainZone-P"/>
        <OtherTag ID="TYPE_3" LABEL="MarginTextZone-Notes"/>
        <OtherTag ID="TYPE_4" LABEL="NumberingZone"/>
        <OtherTag ID="TYPE_5" LABEL="QuireMarksZone"/>
        <OtherTag ID="TYPE_6" LABEL="MainZone-List-Continued"/>
        <OtherTag ID="TYPE_7" LABEL="MainZone-Entry-Continued"/>
        <OtherTag ID="TYPE_8" LABEL="RunningTitleZone"/>
        <OtherTag ID="TYPE_9" LABEL="MainZone-Entry"/>
        <OtherTag ID="TYPE_10" LABEL="GraphicZone-Maths"/>
        <OtherTag ID="TYPE_11" LABEL="GraphicZone-FigDesc"/>
        <OtherTag ID="TYPE_12" LABEL="MainZone-P-Continued"/>
        <OtherTag ID="TYPE_13" LABEL="TableZone"/>
        <OtherTag ID="TYPE_14" LABEL="FigureZone-FigDesc"/>
        <OtherTag ID="TYPE_15" LABEL="FigureZone-Head"/>
        <OtherTag ID="TYPE_16" LABEL="MainZone-Head"/>
        <OtherTag ID="TYPE_17" LABEL="MainZone-Lg"/>
        <OtherTag ID="TYPE_18" LABEL="DropCapitalZone"/>
        <OtherTag ID="TYPE_19" LABEL="MainZone-Signature"/>
        <OtherTag ID="TYPE_20" LABEL="GraphicZone-Part"/>
        <OtherTag ID="TYPE_21" LABEL="GraphicZone-Decoration"/>
        <OtherTag ID="TYPE_22" LABEL="TitlePageZone-Index"/>
        <OtherTag ID="TYPE_23" LABEL="StampZone-Sticker"/>
        <OtherTag ID="TYPE_24" LABEL="MainZone-Lg-Continued"/>
        <OtherTag ID="TYPE_25" LABEL="MarginTextZone-Notes-Continued"/>
        <OtherTag ID="TYPE_26" LABEL="GraphicZone-Head"/>
        <OtherTag ID="TYPE_27" LABEL="MainZone-Form"/>
        <OtherTag ID="TYPE_28" LABEL="MainZone-Other"/>
        <OtherTag ID="TYPE_29" LABEL="AdvertisementZone"/>
        <OtherTag ID="TYPE_30" LABEL="MainZone-Sp-Continued"/>
        <OtherTag ID="TYPE_31" LABEL="TitlePageZone"/>
        <OtherTag ID="TYPE_32" LABEL="StampZone"/>
        <OtherTag ID="TYPE_33" LABEL="MainZone-Date"/>
        <OtherTag ID="TYPE_34" LABEL="GraphicZone-TextualContent"/>
        <OtherTag ID="TYPE_35" LABEL="TableZone-Continued"/>
        <OtherTag ID="TYPE_36" LABEL="FigureZone"/>
        <OtherTag ID="TYPE_37" LABEL="GraphicZone"/>
        <OtherTag ID="TYPE_38" LABEL="DigitizationArtefactZone"/>
        <OtherTag ID="TYPE_39" LABEL="MarginTextZone-ManuscriptAddendum"/>
        <OtherTag ID="TYPE_40" LABEL="MainZone-Sp"/>
        <OtherTag ID="TYPE_41" LABEL="MainZone-List"/>
        <OtherTag ID="TYPE_42" LABEL="TableZone-Head"/>
    </Tags>
    <Layout>
        <Page WIDTH="1000" HEIGHT="1547" PHYSICAL_IMG_NR="0" ID="page_0">
            <PrintSpace HPOS="0" VPOS="0" WIDTH="1000" HEIGHT="1547">
                <TextBlock ID="block_5" HPOS="373" VPOS="102" WIDTH="479" HEIGHT="44" TAGREFS="TYPE_8">
                    <Shape>
                        <Polygon POINTS="373.20672607421875 102.9476089477539 852.9531860351562 102.9476089477539 852.9531860351562 146.4330596923828 373.20672607421875 146.4330596923828 373.20672607421875 102.9476089477539"/>
                    </Shape>
                    <TextLine ID="line_0" HPOS="374" VPOS="91" WIDTH="479" HEIGHT="60" BASELINE="375 132 853 137" TAGREFS="TYPE_1">
                        <Shape>
                            <Polygon POINTS="375 132 374 140 392 146 393 146 394 146 419 146 419 146 420 146 421 146 427 141 430 140 523 140 530 143 538 147 539 147 539 148 585 148 585 147 586 147 587 147 587 146 589 145 593 141 606 141 613 145 619 148 620 148 621 148 645 146 680 142 693 146 698 149 699 149 699 149 721 147 772 143 785 149 786 149 787 149 788 149 789 149 790 149 809 144 815 149 815 150 816 150 817 150 818 151 852 151 853 137 852 99 820 103 812 98 808 95 807 95 806 95 805 95 804 95 797 97 785 103 772 97 761 93 760 93 760 93 759 93 751 97 750 97 745 97 722 93 721 93 720 93 719 93 716 97 709 102 662 102 655 95 651 92 650 92 650 92 626 92 625 92 625 92 624 92 621 95 613 101 587 101 580 94 579 94 579 93 578 93 577 93 551 92 550 92 549 92 548 92 547 93 539 97 507 92 491 91 490 91 490 91 486 92 478 97 472 92 472 91 472 91 471 91 470 91 451 91 450 91 449 91 447 91 436 97 424 91 423 91 422 91 421 91 420 91 419 91 406 97 375 91 375 132"/>
                        </Shape>
                        <String CONTENT=""/>
                    </TextLine>
</TextBlock>
                <TextBlock ID="block_6" HPOS="277" VPOS="162" WIDTH="680" HEIGHT="1135" TAGREFS="TYPE_12">
                    <Shape>
                        <Polygon POINTS="277.8463439941406 162.13262939453125 957.521728515625 162.13262939453125 957.521728515625 1297.1890869140625 277.8463439941406 1297.1890869140625 277.8463439941406 162.13262939453125"/>
                    </Shape>
                    <TextLine ID="line_1" HPOS="289" VPOS="147" WIDTH="662" HEIGHT="56" BASELINE="290 183 951 187" TAGREFS="TYPE_1">
                        <Shape>
                            <Polygon POINTS="290 183 289 195 300 200 301 200 302 200 303 200 313 195 318 194 322 195 331 200 332 200 333 200 334 200 348 195 357 193 367 195 380 200 380 200 381 200 382 200 383 200 389 195 394 193 420 193 435 195 460 201 461 201 518 201 518 201 519 201 520 201 527 195 529 195 551 199 552 199 713 195 754 195 757 195 785 202 786 202 787 203 845 203 845 202 846 202 854 198 877 201 878 201 879 201 891 196 915 202 916 202 917 202 950 195 951 187 950 150 908 157 869 150 865 150 865 150 864 150 863 150 852 157 836 150 834 150 834 150 807 150 806 150 805 150 804 150 804 151 796 157 773 151 770 150 769 150 768 150 755 151 703 156 679 152 670 150 669 150 656 152 621 156 548 152 455 147 454 147 429 153 423 154 419 153 409 149 408 149 407 149 371 153 362 154 358 153 343 149 342 149 341 149 340 149 328 153 326 154 325 153 311 148 310 148 309 148 308 148 290 153 290 183"/>
                        </Shape>
                        <String CONTENT=""/>
                    </TextLine>

                    <TextLine ID="line_2" HPOS="288" VPOS="193" WIDTH="662" HEIGHT="54" BASELINE="288 226 950 231" TAGREFS="TYPE_1">
                        <Shape>
                            <Polygon POINTS="288 226 288 234 319 239 320 239 589 238 604 244 605 244 606 244 607 244 623 240 687 245 687 245 688 245 703 239 720 245 721 245 722 245 772 239 817 246 818 247 907 247 907 246 949 239 950 231 950 204 930 197 929 197 928 197 927 197 909 203 908 204 886 204 884 202 877 197 876 197 875 197 874 197 873 197 860 202 857 203 850 202 832 199 831 199 781 201 744 202 739 201 730 196 729 196 728 196 709 200 694 202 690 200 685 195 684 195 683 195 682 195 664 199 658 200 625 198 568 195 567 195 566 195 565 195 563 197 555 201 485 201 477 195 476 195 475 195 474 195 473 195 472 195 470 195 456 201 405 195 404 195 337 200 288 193 288 226"/>
                        </Shape>
                        <String CONTENT=""/>
                    </TextLine>

                    <TextLine ID="line_3" HPOS="288" VPOS="238" WIDTH="663" HEIGHT="51" BASELINE="288 271 951 275" TAGREFS="TYPE_1">
                        <Shape>
                            <Polygon POINTS="288 271 288 280 303 287 304 287 305 287 399 281 429 287 429 287 463 282 517 287 518 287 581 282 588 287 589 287 590 287 591 287 615 282 627 288 628 288 629 288 686 283 693 288 693 288 694 288 695 288 733 285 785 289 786 289 950 283 951 275 950 249 905 241 904 241 841 247 833 241 832 241 831 241 811 241 810 241 809 241 809 241 799 247 798 248 791 247 763 244 762 244 761 244 753 247 752 247 750 247 723 240 722 240 721 240 700 246 697 248 680 248 677 246 668 240 668 240 667 240 666 240 643 244 620 239 619 239 602 239 601 239 601 239 600 239 593 245 591 247 568 247 566 245 559 239 558 239 558 239 557 239 513 245 502 246 489 244 441 238 441 238 440 238 426 243 416 239 415 239 414 239 413 239 412 239 405 244 402 246 374 246 371 244 366 240 365 240 364 240 363 240 362 240 350 244 344 245 288 244 288 271"/>
                        </Shape>
                        <String CONTENT=""/>
                    </TextLine>

                    <TextLine ID="line_4" HPOS="288" VPOS="281" WIDTH="657" HEIGHT="52" BASELINE="288 313 945 318" TAGREFS="TYPE_1">
                        <Shape>
                            <Polygon POINTS="288 313 288 321 331 330 332 330 400 330 400 330 401 330 411 324 423 330 423 330 424 330 425 330 442 324 537 328 538 328 582 324 591 331 592 331 593 331 594 331 628 325 644 332 644 332 645 332 751 326 791 333 791 333 792 333 811 326 826 331 827 331 828 331 846 328 889 333 890 333 944 326 945 318 944 292 913 292 912 291 904 286 903 286 902 286 901 286 871 291 868 291 865 291 835 285 834 285 809 290 808 291 759 291 758 290 747 285 746 285 745 285 693 289 686 284 685 284 684 284 683 284 682 284 663 289 662 289 661 289 640 284 639 284 638 284 588 287 581 283 580 283 579 283 578 283 525 288 520 288 519 288 508 282 507 282 506 282 411 287 402 287 395 287 346 282 345 282 344 282 327 287 326 287 325 287 303 281 302 281 301 281 288 286 288 313"/>
                        </Shape>
                        <String CONTENT=""/>
                    </TextLine>

                    <TextLine ID="line_5" HPOS="287" VPOS="324" WIDTH="663" HEIGHT="51" BASELINE="288 357 950 360" TAGREFS="TYPE_1">
                        <Shape>
                            <Polygon POINTS="288 357 287 372 327 373 328 373 329 373 331 372 343 368 368 372 374 373 374 373 375 373 379 372 397 368 426 368 433 372 434 373 435 373 435 373 436 373 443 372 472 368 504 372 521 374 521 375 598 375 598 374 608 372 622 369 677 372 738 375 739 375 760 372 772 370 776 372 782 374 783 374 784 374 949 371 950 360 948 331 902 334 864 330 850 329 849 329 848 329 844 330 827 334 818 330 815 328 815 328 814 328 813 328 812 328 810 330 803 335 782 335 762 329 753 326 752 326 751 326 737 329 721 331 715 328 711 326 710 326 709 326 708 326 707 326 705 328 696 334 643 334 632 327 630 325 629 325 628 325 627 325 626 325 625 325 624 327 615 334 580 334 568 326 567 326 566 326 565 326 554 326 497 329 467 325 458 324 457 324 456 324 453 325 441 329 423 324 419 324 418 324 417 324 416 324 386 332 288 324 288 357"/>
                        </Shape>
                        <String CONTENT=""/>
                    </TextLine>

                    <TextLine ID="line_6" HPOS="288" VPOS="367" WIDTH="661" HEIGHT="54" BASELINE="289 401 949 404" TAGREFS="TYPE_1">
                        <Shape>
                            <Polygon POINTS="289 401 288 417 369 418 370 418 374 417 408 411 512 411 524 417 527 419 528 419 529 419 530 419 533 417 546 412 560 417 564 419 564 419 565 419 575 417 588 415 604 417 619 420 620 420 621 420 627 417 639 413 680 413 690 417 693 419 694 419 695 419 696 419 700 417 715 413 733 417 742 420 742 420 743 420 744 420 748 417 758 413 811 417 847 421 848 421 849 421 859 417 870 415 879 417 889 421 889 421 890 421 948 417 949 404 948 375 837 370 836 370 791 374 776 375 771 374 754 369 754 369 753 369 752 369 751 369 745 374 743 376 687 376 685 373 680 369 679 369 678 369 608 368 607 368 607 368 606 368 600 373 598 375 554 375 551 373 542 368 541 368 509 368 508 368 481 372 472 374 468 372 454 367 453 367 453 367 423 372 416 374 347 374 345 372 339 367 338 367 337 367 337 367 289 372 289 401"/>
                        </Shape>
                        <String CONTENT=""/>
                    </TextLine>

                    <TextLine ID="line_7" HPOS="286" VPOS="411" WIDTH="664" HEIGHT="51" BASELINE="287 443 950 448" TAGREFS="TYPE_1">
                        <Shape>
                            <Polygon POINTS="287 443 286 452 509 459 509 459 729 456 762 461 763 461 860 458 904 462 905 462 906 462 907 462 912 458 950 458 950 448 950 423 912 415 911 415 910 415 892 422 891 423 841 423 839 421 824 416 823 416 822 416 822 416 803 421 787 415 786 415 785 415 757 421 756 421 713 421 711 421 701 414 700 414 699 414 652 414 651 414 650 414 650 414 642 420 640 421 596 421 595 419 586 413 585 413 584 413 583 413 539 418 511 413 510 413 509 413 494 418 490 420 432 420 429 417 422 412 421 412 420 412 419 412 379 417 368 419 320 419 317 416 310 411 309 411 308 411 307 411 287 415 287 443"/>
                        </Shape>
                        <String CONTENT=""/>
                    </TextLine>

                    <TextLine ID="line_8" HPOS="286" VPOS="455" WIDTH="663" HEIGHT="52" BASELINE="286 488 949 491" TAGREFS="TYPE_1">
                        <Shape>
                            <Polygon POINTS="286 488 286 503 330 498 413 503 452 505 453 505 497 502 560 499 571 502 581 505 582 505 582 505 583 505 589 502 595 499 648 501 723 506 723 506 724 506 733 501 736 500 775 500 794 500 795 501 802 507 803 507 803 507 804 507 833 501 834 501 836 501 855 506 856 506 857 506 886 501 893 506 894 506 895 506 923 507 924 507 925 507 948 500 949 491 948 458 920 458 920 458 919 458 918 458 907 464 837 458 829 458 828 458 824 458 788 464 777 458 773 457 773 457 707 457 706 457 705 457 705 457 702 458 696 464 618 464 604 459 598 458 597 458 596 458 563 460 518 463 495 460 451 455 450 455 423 461 419 461 411 461 365 458 364 458 332 461 325 462 324 461 307 455 306 455 306 455 305 455 286 461 286 488"/>
                        </Shape>
                        <String CONTENT=""/>
                    </TextLine>

                    <TextLine ID="line_9" HPOS="285" VPOS="499" WIDTH="667" HEIGHT="51" BASELINE="286 531 952 535" TAGREFS="TYPE_1">
                        <Shape>
                            <Polygon POINTS="286 531 285 540 308 545 309 545 470 543 479 547 480 547 481 547 558 544 565 548 566 548 567 548 568 548 676 544 684 549 685 549 686 549 687 549 794 544 828 550 828 550 925 550 925 550 951 544 952 535 951 506 836 508 816 505 799 502 798 502 752 505 711 507 697 505 677 501 676 501 675 501 662 505 656 507 631 505 576 501 575 501 553 505 546 506 535 505 489 500 488 500 487 500 476 505 475 506 425 506 420 505 400 499 399 499 398 499 398 499 379 505 376 506 341 506 339 505 331 499 330 499 329 499 328 499 286 504 286 531"/>
                        </Shape>
                        <String CONTENT=""/>
                    </TextLine>

                    <TextLine ID="line_10" HPOS="286" VPOS="542" WIDTH="662" HEIGHT="52" BASELINE="287 574 948 578" TAGREFS="TYPE_1">
                        <Shape>
                            <Polygon POINTS="286 583 325 590 326 590 364 585 388 590 389 590 492 587 552 592 552 592 661 587 678 591 679 591 680 591 809 587 828 593 828 593 829 594 902 594 902 593 903 593 914 588 947 588 948 578 946 551 816 553 805 550 790 544 789 544 788 544 787 544 776 550 769 552 755 550 737 545 736 545 736 545 735 545 730 549 724 553 689 553 655 549 648 548 647 548 642 548 618 551 613 548 608 544 607 544 607 544 606 544 605 544 594 548 581 551 568 548 552 543 551 543 550 543 549 543 537 547 527 551 501 551 493 547 485 543 484 543 484 543 439 544 438 544 437 544 434 546 429 550 419 546 411 543 410 543 409 543 408 543 407 543 402 546 400 547 398 546 390 542 389 542 337 542 336 542 335 542 334 542 330 545 326 549 313 545 310 544 309 544 308 544 307 544 306 544 306 545 299 550 288 545 287 574 286 583"/>
                        </Shape>
                        <String CONTENT=""/>
                    </TextLine>

                    <TextLine ID="line_11" HPOS="291" VPOS="584" WIDTH="657" HEIGHT="58" BASELINE="291 615 948 623" TAGREFS="TYPE_1">
                        <Shape>
                            <Polygon POINTS="291 615 291 629 411 629 422 632 431 635 432 635 433 635 434 635 441 632 448 629 491 629 515 634 532 637 533 637 533 637 534 637 538 634 542 631 553 635 555 635 556 635 557 635 559 635 582 629 597 635 605 638 606 638 714 639 715 639 716 639 722 637 731 635 746 638 757 640 758 640 768 638 796 633 850 633 857 637 858 637 858 637 859 637 885 634 895 640 896 642 897 642 898 642 899 642 947 641 948 623 947 590 910 590 909 590 908 590 883 599 846 591 845 591 808 598 797 590 795 588 794 588 793 588 792 588 791 588 784 590 756 598 695 598 672 591 657 587 656 587 629 587 628 587 627 587 612 591 593 596 576 591 571 590 570 590 570 590 555 591 528 593 523 591 510 585 509 585 488 585 487 585 486 585 472 592 466 594 413 592 407 592 389 584 388 584 387 584 337 592 330 593 291 593 291 615"/>
                        </Shape>
                        <String CONTENT=""/>
                    </TextLine>

                    <TextLine ID="line_12" HPOS="282" VPOS="629" WIDTH="666" HEIGHT="54" BASELINE="282 661 948 666" TAGREFS="TYPE_1">
                        <Shape>
                            <Polygon POINTS="282 661 282 671 330 678 331 678 360 673 368 679 368 679 369 679 370 680 399 680 399 679 400 679 414 673 534 673 546 681 547 681 548 681 549 681 573 677 578 680 579 680 580 680 581 680 582 680 582 680 591 674 682 682 683 683 727 683 727 682 728 682 729 682 735 678 760 681 761 681 762 681 776 675 791 680 792 680 793 680 794 680 813 675 815 675 816 675 840 683 841 683 842 683 896 676 899 676 900 676 914 683 914 683 915 683 947 676 948 666 948 642 899 641 898 640 885 632 884 632 883 632 883 632 837 639 830 640 828 639 820 633 819 633 818 633 817 633 816 633 802 638 799 640 767 640 765 637 757 631 756 631 755 631 737 631 736 631 736 631 735 631 726 637 723 638 716 636 693 632 692 632 691 632 679 635 674 637 669 635 656 630 655 630 654 630 653 630 652 630 645 635 640 639 597 639 591 634 586 630 585 630 584 630 558 630 557 630 556 630 555 630 551 634 544 637 487 632 482 632 481 632 478 632 440 637 421 631 414 629 413 629 412 629 398 630 361 636 352 629 351 629 350 629 349 629 282 629 282 661"/>
                        </Shape>
                        <String CONTENT=""/>
                    </TextLine>

                    <TextLine ID="line_13" HPOS="283" VPOS="672" WIDTH="664" HEIGHT="50" BASELINE="284 704 947 709" TAGREFS="TYPE_1">
                        <Shape>
                            <Polygon POINTS="284 704 283 714 291 719 292 719 293 719 294 719 395 715 416 720 417 720 417 720 543 715 580 721 581 721 674 716 689 721 690 721 691 721 731 717 747 721 748 721 748 721 809 718 815 722 815 722 816 722 817 722 918 718 926 722 927 722 928 722 929 722 946 717 947 709 946 678 926 675 925 675 924 675 916 678 901 682 875 678 859 675 858 675 858 675 847 678 836 680 833 678 829 675 828 675 828 675 744 674 743 674 742 674 729 678 712 682 656 678 636 677 635 677 606 678 550 681 545 678 535 672 534 672 533 672 484 672 483 672 482 672 469 678 465 681 417 681 414 678 402 672 401 672 400 672 399 672 375 678 372 679 370 678 357 672 356 672 355 672 355 672 328 678 325 679 284 679 284 704"/>
                        </Shape>
                        <String CONTENT=""/>
                    </TextLine>

                    <TextLine ID="line_14" HPOS="282" VPOS="715" WIDTH="665" HEIGHT="55" BASELINE="283 748 947 752" TAGREFS="TYPE_1">
                        <Shape>
                            <Polygon POINTS="283 748 282 757 307 762 308 762 393 758 394 758 424 766 425 766 426 766 427 766 447 758 448 758 449 758 466 767 466 767 467 767 588 762 642 768 643 768 644 768 658 761 702 768 703 768 704 768 705 768 711 763 730 766 730 766 731 766 747 761 749 761 751 761 772 767 773 767 773 767 774 767 785 763 852 763 859 769 860 769 861 769 862 770 907 770 907 769 946 763 947 752 947 726 926 719 926 719 925 719 924 719 906 725 900 720 899 720 898 720 850 717 849 717 848 717 834 725 833 725 812 720 811 720 810 720 785 725 783 725 782 725 766 716 765 716 744 716 743 716 742 716 742 716 731 724 723 720 722 720 721 720 720 720 707 723 694 716 693 716 693 716 668 721 639 718 638 718 638 718 637 718 629 724 628 724 625 724 588 716 588 716 587 716 570 723 533 717 533 717 532 717 509 723 508 723 505 723 448 715 447 715 283 721 283 748"/>
                        </Shape>
                        <String CONTENT=""/>
                    </TextLine>

                    <TextLine ID="line_15" HPOS="283" VPOS="758" WIDTH="667" HEIGHT="52" BASELINE="283 791 950 796" TAGREFS="TYPE_1">
                        <Shape>
                            <Polygon POINTS="283 791 283 803 382 802 394 804 411 807 411 807 431 804 446 802 454 804 463 807 464 807 465 807 477 804 488 802 505 804 529 807 530 807 531 807 542 805 547 803 550 805 554 807 555 807 556 807 617 808 618 808 637 805 644 804 705 804 708 805 713 808 714 808 715 808 716 808 787 806 809 805 815 806 839 810 840 810 840 810 856 806 857 806 925 806 926 806 931 810 932 810 932 810 933 810 934 810 950 806 950 796 950 767 910 763 909 763 908 763 901 766 895 770 871 765 862 764 861 764 860 764 857 765 846 770 835 765 833 764 832 764 831 764 820 765 776 769 766 764 759 762 758 762 757 762 756 762 747 764 730 769 712 764 705 762 705 762 704 762 680 764 656 765 650 763 645 761 644 761 644 761 643 761 636 763 619 768 613 763 611 761 611 760 610 760 609 760 560 760 559 760 558 760 552 762 534 767 478 763 477 763 398 766 385 760 381 758 380 758 380 758 379 758 374 760 357 765 343 760 343 760 283 759 283 791"/>
                        </Shape>
                        <String CONTENT=""/>
                    </TextLine>

                    <TextLine ID="line_16" HPOS="281" VPOS="800" WIDTH="666" HEIGHT="56" BASELINE="282 834 947 839" TAGREFS="TYPE_1">
                        <Shape>
                            <Polygon POINTS="281 845 299 852 300 852 300 852 301 852 302 852 312 846 331 846 341 852 342 852 343 852 343 852 392 846 423 851 423 851 481 847 494 853 495 853 496 853 526 849 614 855 615 855 640 850 665 855 666 855 667 855 678 849 763 856 764 856 790 849 815 856 815 856 816 856 870 850 902 856 903 856 946 849 947 839 945 807 736 812 730 807 729 807 728 807 727 807 726 807 713 811 696 805 695 805 694 805 693 805 681 812 650 812 613 804 612 804 533 810 517 802 516 802 484 801 484 801 483 801 481 801 453 809 432 801 431 801 422 801 398 801 397 801 396 801 379 808 360 801 359 801 358 801 357 801 318 808 282 800 282 834 281 845"/>
                        </Shape>
                        <String CONTENT=""/>
                    </TextLine>

                    <TextLine ID="line_17" HPOS="282" VPOS="844" WIDTH="663" HEIGHT="52" BASELINE="282 877 945 881" TAGREFS="TYPE_1">
                        <Shape>
                            <Polygon POINTS="282 877 282 890 563 890 569 891 591 894 592 894 656 891 680 890 685 891 699 895 699 895 700 895 779 892 800 891 810 892 850 896 851 896 944 892 945 881 944 852 906 848 905 848 904 848 903 848 897 852 892 856 865 856 857 852 852 849 851 849 850 849 849 849 848 849 840 852 828 856 817 852 816 852 815 852 815 852 800 856 796 852 790 847 789 847 788 847 775 847 774 847 773 847 764 852 757 856 736 852 715 849 714 849 713 849 703 852 693 856 688 852 686 849 685 849 684 849 683 849 664 852 657 853 656 852 647 846 646 846 645 846 625 846 625 846 624 846 611 852 605 855 588 852 575 850 574 850 573 850 569 852 564 855 459 855 456 852 448 847 447 847 447 847 446 847 445 847 437 850 416 844 415 844 414 844 350 850 341 844 340 844 339 844 312 844 311 844 310 844 282 852 282 877"/>
                        </Shape>
                        <String CONTENT=""/>
                    </TextLine>

                    <TextLine ID="line_18" HPOS="282" VPOS="888" WIDTH="664" HEIGHT="54" BASELINE="282 920 946 926" TAGREFS="TYPE_1">
                        <Shape>
                            <Polygon POINTS="282 920 282 930 294 937 295 937 296 937 441 933 456 937 457 937 458 937 459 937 467 933 524 933 531 939 532 939 533 939 533 939 557 934 565 939 566 939 567 939 568 939 604 935 613 940 613 940 614 940 615 941 644 941 644 940 645 940 660 935 730 940 730 940 755 935 775 941 776 941 777 941 845 936 865 942 865 942 866 942 945 936 946 926 946 897 865 893 864 893 863 893 862 893 858 896 852 900 827 895 810 892 809 892 789 895 757 899 733 895 724 893 723 893 723 893 718 894 706 898 674 894 665 893 664 893 650 894 602 898 595 893 592 891 591 891 590 891 567 890 566 890 546 893 526 898 479 898 472 892 467 890 466 890 466 890 465 890 450 892 436 895 411 892 377 888 376 888 375 888 366 892 361 893 359 892 353 888 352 888 351 888 350 888 282 891 282 920"/>
                        </Shape>
                        <String CONTENT=""/>
                    </TextLine>

                    <TextLine ID="line_19" HPOS="283" VPOS="930" WIDTH="662" HEIGHT="52" BASELINE="284 965 945 970" TAGREFS="TYPE_1">
                        <Shape>
                            <Polygon POINTS="284 965 283 974 312 980 312 980 340 976 394 981 395 981 396 981 412 977 433 981 434 982 944 982 945 970 943 937 930 944 835 944 772 943 748 935 746 935 745 935 722 935 721 935 720 935 719 935 711 941 681 935 678 934 677 934 676 934 675 935 661 942 636 942 623 934 622 934 621 934 620 934 619 934 607 941 558 935 557 935 556 935 539 941 508 932 505 932 504 932 503 932 498 932 451 938 431 932 430 932 411 931 365 931 364 931 363 931 362 931 351 940 323 940 284 930 284 965"/>
                        </Shape>
                        <String CONTENT=""/>
                    </TextLine>

                    <TextLine ID="line_20" HPOS="281" VPOS="977" WIDTH="662" HEIGHT="51" BASELINE="282 1009 943 1014" TAGREFS="TYPE_1">
                        <Shape>
                            <Polygon POINTS="282 1009 281 1024 304 1025 305 1025 306 1025 306 1025 306 1024 313 1020 341 1023 342 1023 343 1023 343 1023 349 1019 380 1024 386 1025 387 1025 388 1025 391 1024 406 1019 411 1024 413 1025 413 1026 414 1026 415 1026 416 1026 453 1024 524 1020 539 1023 546 1025 546 1025 547 1025 562 1023 581 1021 584 1023 588 1027 589 1027 590 1027 591 1027 614 1023 633 1021 639 1023 647 1027 648 1027 649 1027 750 1023 792 1021 796 1022 809 1028 810 1028 811 1028 812 1028 825 1024 932 1028 933 1028 934 1028 935 1028 942 1022 943 1014 942 988 857 981 856 981 831 986 828 986 827 986 810 979 809 979 788 979 787 979 786 979 785 979 777 985 775 986 711 986 705 984 695 979 694 979 693 979 625 983 577 985 562 982 542 978 541 978 540 978 526 982 524 982 523 982 517 978 516 978 515 978 515 978 514 978 506 981 498 984 472 981 449 978 448 978 447 978 441 980 431 984 419 980 411 977 410 977 409 977 386 979 367 982 350 979 337 977 336 977 335 977 334 977 331 978 323 984 312 978 308 977 307 977 306 977 282 978 282 1009"/>
                        </Shape>
                        <String CONTENT=""/>
                    </TextLine>

                    <TextLine ID="line_21" HPOS="284" VPOS="1019" WIDTH="655" HEIGHT="54" BASELINE="284 1053 939 1057" TAGREFS="TYPE_1">
                        <Shape>
                            <Polygon POINTS="938 1032 887 1032 885 1031 874 1023 873 1023 872 1023 871 1023 871 1023 870 1023 859 1030 858 1032 834 1032 833 1030 822 1022 822 1022 821 1022 775 1021 774 1021 773 1021 756 1027 740 1021 739 1021 738 1021 710 1027 686 1022 685 1022 684 1022 683 1022 675 1028 672 1031 613 1031 606 1027 591 1020 590 1020 545 1020 544 1020 543 1020 527 1025 509 1020 508 1020 507 1020 506 1020 496 1026 488 1030 456 1030 451 1025 449 1024 449 1023 448 1023 447 1023 447 1023 434 1025 409 1028 398 1024 383 1019 382 1019 360 1019 359 1019 358 1019 357 1019 352 1024 349 1026 338 1023 324 1021 323 1021 322 1021 316 1023 306 1028 285 1023 284 1053 284 1070 368 1064 380 1070 383 1070 384 1070 458 1071 459 1071 472 1069 491 1065 496 1069 499 1071 500 1071 501 1071 502 1072 523 1072 523 1071 524 1071 529 1069 536 1065 561 1065 575 1069 586 1071 587 1071 588 1071 646 1068 669 1067 681 1068 722 1072 723 1072 723 1072 733 1068 734 1067 735 1068 742 1072 743 1072 744 1072 745 1072 746 1072 765 1068 806 1073 807 1073 808 1073 824 1067 825 1067 828 1067 865 1073 865 1073 866 1073 881 1067 882 1067 909 1071 910 1071 938 1066 939 1057 938 1032"/>
                        </Shape>
                        <String CONTENT=""/>
                    </TextLine>

                    <TextLine ID="line_22" HPOS="280" VPOS="1063" WIDTH="665" HEIGHT="46" BASELINE="281 1095 945 1100" TAGREFS="TYPE_1">
                        <Shape>
                            <Polygon POINTS="281 1095 280 1103 293 1108 294 1108 415 1109 416 1109 944 1107 945 1100 944 1071 832 1067 831 1067 830 1067 829 1067 826 1070 822 1073 792 1070 783 1069 782 1069 773 1070 744 1072 727 1069 712 1066 711 1066 711 1066 705 1069 699 1072 625 1072 617 1068 611 1065 610 1065 609 1065 608 1065 607 1065 604 1068 599 1072 562 1072 549 1067 540 1064 539 1064 539 1064 521 1067 504 1070 490 1067 478 1064 478 1064 464 1066 441 1070 433 1066 429 1064 429 1064 428 1064 414 1066 401 1068 398 1066 395 1063 394 1063 393 1063 392 1063 368 1065 329 1070 321 1065 319 1063 319 1063 318 1063 317 1063 281 1064 281 1095"/>
                        </Shape>
                        <String CONTENT=""/>
                    </TextLine>

                    <TextLine ID="line_23" HPOS="280" VPOS="1107" WIDTH="664" HEIGHT="53" BASELINE="281 1135 319 1140 944 1143" TAGREFS="TYPE_1">
                        <Shape>
                            <Polygon POINTS="281 1135 280 1149 312 1156 313 1156 314 1156 342 1149 343 1149 453 1149 453 1150 463 1157 464 1157 465 1157 466 1157 466 1157 480 1150 513 1150 527 1150 540 1157 541 1157 542 1157 543 1157 559 1151 561 1150 563 1151 580 1157 581 1157 615 1158 616 1159 731 1159 731 1158 756 1152 757 1152 764 1158 764 1159 765 1159 766 1159 766 1160 863 1160 863 1159 864 1159 874 1154 890 1158 891 1158 892 1158 893 1158 902 1153 904 1152 943 1153 944 1143 943 1110 915 1116 900 1111 899 1111 898 1111 897 1111 896 1111 887 1118 786 1118 777 1111 777 1110 776 1110 775 1110 758 1109 757 1109 738 1111 708 1113 685 1111 668 1109 667 1109 648 1111 601 1117 539 1117 518 1112 500 1108 484 1108 484 1108 483 1108 482 1108 477 1112 472 1116 463 1112 453 1108 453 1108 452 1108 406 1112 401 1112 400 1112 387 1107 386 1107 332 1107 331 1107 281 1113 281 1135"/>
                        </Shape>
                        <String CONTENT=""/>
                    </TextLine>

                    <TextLine ID="line_24" HPOS="282" VPOS="1149" WIDTH="662" HEIGHT="53" BASELINE="282 1182 944 1186" TAGREFS="TYPE_1">
                        <Shape>
                            <Polygon POINTS="282 1182 282 1198 505 1194 558 1198 607 1200 607 1200 636 1197 656 1195 692 1197 760 1201 761 1201 762 1201 763 1201 770 1197 773 1196 810 1196 825 1197 899 1202 900 1202 944 1196 944 1186 944 1153 900 1153 899 1153 898 1153 897 1153 889 1160 830 1160 815 1153 812 1152 811 1152 810 1152 804 1153 783 1158 771 1153 768 1152 767 1152 766 1152 753 1153 706 1158 688 1154 679 1151 678 1151 677 1151 660 1154 637 1157 626 1154 619 1151 618 1151 617 1151 605 1154 590 1157 582 1154 576 1151 575 1151 574 1151 551 1154 532 1156 527 1154 518 1150 517 1150 516 1150 515 1150 501 1155 495 1155 489 1155 474 1151 473 1151 472 1151 472 1151 467 1155 465 1156 453 1155 432 1150 431 1150 395 1155 386 1155 382 1155 368 1149 368 1149 367 1149 282 1155 282 1182"/>
                        </Shape>
                        <String CONTENT=""/>
                    </TextLine>

                    <TextLine ID="line_25" HPOS="280" VPOS="1196" WIDTH="664" HEIGHT="49" BASELINE="280 1226 944 1229" TAGREFS="TYPE_1">
                        <Shape>
                            <Polygon POINTS="280 1226 280 1238 435 1235 451 1240 453 1241 454 1241 455 1241 468 1240 532 1236 542 1241 546 1242 546 1242 547 1242 548 1242 552 1241 556 1239 568 1241 580 1243 581 1243 582 1243 582 1243 585 1241 593 1236 613 1241 623 1244 624 1244 625 1245 712 1245 712 1244 713 1244 717 1242 727 1239 759 1243 778 1245 779 1245 899 1244 900 1244 901 1244 914 1240 942 1244 944 1229 943 1205 915 1205 915 1204 906 1198 905 1198 904 1198 903 1198 789 1204 778 1204 775 1204 754 1199 753 1199 752 1199 742 1204 732 1204 673 1204 672 1204 655 1198 654 1198 653 1198 625 1203 612 1197 611 1197 610 1197 609 1197 597 1202 556 1197 555 1197 513 1201 496 1197 495 1197 494 1197 493 1197 484 1201 448 1197 447 1197 423 1202 407 1196 406 1196 405 1196 380 1201 360 1196 359 1196 358 1196 357 1196 333 1202 325 1197 325 1197 324 1197 288 1196 287 1196 286 1196 285 1196 280 1199 280 1226"/>
                        </Shape>
                        <String CONTENT=""/>
                    </TextLine>

                    <TextLine ID="line_26" HPOS="282" VPOS="1237" WIDTH="662" HEIGHT="61" BASELINE="282 1271 944 1274" TAGREFS="TYPE_1">
                        <Shape>
                            <Polygon POINTS="282 1271 282 1290 316 1296 317 1296 345 1293 346 1293 347 1293 350 1290 361 1285 484 1285 492 1290 493 1290 494 1290 495 1290 496 1290 507 1290 545 1286 561 1290 593 1296 594 1296 666 1289 670 1289 678 1294 679 1294 680 1294 724 1297 725 1298 750 1298 750 1297 751 1297 752 1297 758 1292 767 1297 768 1297 769 1298 854 1298 854 1297 855 1297 883 1288 887 1287 943 1287 944 1274 943 1240 914 1244 858 1239 852 1239 852 1239 851 1239 850 1239 840 1246 799 1241 798 1241 797 1241 797 1241 788 1247 756 1247 747 1239 746 1239 745 1239 744 1239 743 1239 717 1246 660 1246 645 1238 644 1238 644 1238 643 1238 642 1238 641 1238 631 1246 607 1246 592 1238 591 1238 590 1238 588 1238 542 1245 519 1239 518 1239 517 1239 478 1244 463 1237 462 1237 461 1237 460 1237 429 1237 415 1238 414 1238 413 1238 407 1242 400 1237 399 1237 398 1237 398 1237 375 1237 349 1238 348 1238 328 1243 282 1237 282 1271"/>
                        </Shape>
                        <String CONTENT=""/>
                    </TextLine>
</TextBlock>
                <TextBlock ID="block_3" HPOS="154" VPOS="580" WIDTH="129" HEIGHT="92" TAGREFS="TYPE_3">
                    <Shape>
                        <Polygon POINTS="154.5374298095703 580.8706665039062 283.5592041015625 580.8706665039062 283.5592041015625 672.3258666992188 154.5374298095703 672.3258666992188 154.5374298095703 580.8706665039062"/>
                    </Shape>
                    <TextLine ID="line_27" HPOS="154" VPOS="575" WIDTH="127" HEIGHT="42" BASELINE="155 605 281 607" TAGREFS="TYPE_1">
                        <Shape>
                            <Polygon POINTS="155 605 154 613 213 611 215 615 216 615 216 616 217 616 218 616 219 616 220 616 220 616 226 612 279 617 281 607 279 576 260 580 210 580 208 578 206 576 206 575 205 575 204 575 203 575 155 579 155 605"/>
                        </Shape>
                        <String CONTENT=""/>
                    </TextLine>

                    <TextLine ID="line_28" HPOS="153" VPOS="610" WIDTH="128" HEIGHT="40" BASELINE="153 633 281 633" TAGREFS="TYPE_1">
                        <Shape>
                            <Polygon POINTS="153 633 153 643 192 648 193 648 209 647 231 643 239 648 242 649 243 649 244 650 281 650 281 633 280 613 220 615 216 611 214 611 214 610 214 610 213 610 194 610 193 610 192 610 188 611 175 615 153 611 153 633"/>
                        </Shape>
                        <String CONTENT=""/>
                    </TextLine>

                    <TextLine ID="line_29" HPOS="153" VPOS="636" WIDTH="79" HEIGHT="39" BASELINE="154 659 232 661" TAGREFS="TYPE_1">
                        <Shape>
                            <Polygon POINTS="154 659 153 672 230 675 232 661 232 646 213 646 210 644 201 637 200 637 199 637 198 637 197 637 196 637 191 642 177 636 176 636 175 636 154 639 154 659"/>
                        </Shape>
                        <String CONTENT=""/>
                    </TextLine>
</TextBlock>
                <TextBlock ID="block_1" HPOS="153" VPOS="927" WIDTH="127" HEIGHT="31" TAGREFS="TYPE_3">
                    <Shape>
                        <Polygon POINTS="153.02896118164062 927.3031616210938 280.0751037597656 927.3031616210938 280.0751037597656 958.7891235351562 153.02896118164062 958.7891235351562 153.02896118164062 927.3031616210938"/>
                    </Shape>
                    <TextLine ID="line_30" HPOS="151" VPOS="917" WIDTH="122" HEIGHT="46" BASELINE="151 949 273 949" TAGREFS="TYPE_1">
                        <Shape>
                            <Polygon POINTS="151 949 152 963 166 958 214 958 220 960 226 963 226 963 227 963 273 958 273 949 272 917 151 920 151 949"/>
                        </Shape>
                        <String CONTENT=""/>
                    </TextLine>
</TextBlock>
                <TextBlock ID="block_0" HPOS="152" VPOS="1008" WIDTH="127" HEIGHT="62" TAGREFS="TYPE_3">
                    <Shape>
                        <Polygon POINTS="152.0425262451172 1008.5010986328125 279.33258056640625 1008.5010986328125 279.33258056640625 1070.607421875 152.0425262451172 1070.607421875 152.0425262451172 1008.5010986328125"/>
                    </Shape>
                    <TextLine ID="line_31" HPOS="157" VPOS="1000" WIDTH="118" HEIGHT="45" BASELINE="157 1032 275 1032" TAGREFS="TYPE_1">
                        <Shape>
                            <Polygon POINTS="157 1032 157 1045 275 1043 275 1032 275 1007 178 1000 177 1000 177 1000 157 1006 157 1032"/>
                        </Shape>
                        <String CONTENT=""/>
                    </TextLine>

                    <TextLine ID="line_32" HPOS="152" VPOS="1038" WIDTH="89" HEIGHT="33" BASELINE="152 1060 241 1060" TAGREFS="TYPE_1">
                        <Shape>
                            <Polygon POINTS="152 1060 152 1071 241 1070 241 1060 241 1041 152 1038 152 1060"/>
                        </Shape>
                        <String CONTENT=""/>
                    </TextLine>
</TextBlock>
                <TextBlock ID="block_2" HPOS="150" VPOS="1106" WIDTH="129" HEIGHT="62" TAGREFS="TYPE_3">
                    <Shape>
                        <Polygon POINTS="150.28831481933594 1106.6455078125 279.9586486816406 1106.6455078125 279.9586486816406 1168.93017578125 150.28831481933594 1168.93017578125 150.28831481933594 1106.6455078125"/>
                    </Shape>
                    <TextLine ID="line_33" HPOS="159" VPOS="1101" WIDTH="115" HEIGHT="41" BASELINE="159 1130 274 1131" TAGREFS="TYPE_1">
                        <Shape>
                            <Polygon POINTS="159 1130 159 1138 272 1142 274 1131 274 1105 159 1101 159 1130"/>
                        </Shape>
                        <String CONTENT=""/>
                    </TextLine>

                    <TextLine ID="line_34" HPOS="150" VPOS="1134" WIDTH="101" HEIGHT="40" BASELINE="150 1158 251 1158" TAGREFS="TYPE_1">
                        <Shape>
                            <Polygon POINTS="150 1158 150 1174 251 1174 251 1158 250 1134 150 1134 150 1158"/>
                        </Shape>
                        <String CONTENT=""/>
                    </TextLine>
</TextBlock>
                <TextBlock ID="block_4" HPOS="865" VPOS="1286" WIDTH="81" HEIGHT="56" TAGREFS="TYPE_5">
                    <Shape>
                        <Polygon POINTS="865.8163452148438 1286.444580078125 946.8601684570312 1286.444580078125 946.8601684570312 1342.7044677734375 865.8163452148438 1342.7044677734375 865.8163452148438 1286.444580078125"/>
                    </Shape>
                    <TextLine ID="line_35" HPOS="869" VPOS="1282" WIDTH="74" HEIGHT="63" BASELINE="869 1318 943 1318" TAGREFS="TYPE_1">
                        <Shape>
                            <Polygon POINTS="869 1318 869 1340 892 1345 893 1345 943 1340 943 1318 943 1282 910 1282 909 1282 908 1282 907 1282 900 1288 896 1290 869 1292 869 1318"/>
                        </Shape>
                        <String CONTENT=""/>
                    </TextLine>
</TextBlock>
            </PrintSpace>
        </Page>
    </Layout>
</alto>