<?xml version="1.0" encoding="UTF-8"?>
<alto xmlns:xsi="http://www.w3.org/2001/XMLSchema-instance"
    xmlns="http://www.loc.gov/standards/alto/ns-v4#"
    xsi:schemaLocation="http://www.loc.gov/standards/alto/ns-v4# http://www.loc.gov/standards/alto/v4/alto-4-3.xsd">
    <Description>
        <MeasurementUnit>pixel</MeasurementUnit>
        <sourceImageInformation>
            <fileName>7326011.jpeg</fileName>
        </sourceImageInformation>
        <Processing ID="OCR_0">
            <processingCategory>other</processingCategory>
            <processingStepDescription>unknown</processingStepDescription>
            <processingSoftware>
                <softwareName>kraken</softwareName>
                <softwareVersion>4.3.13</softwareVersion>
            </processingSoftware>
        </Processing>
    </Description>
    <Tags>
        <OtherTag ID="TYPE_1" LABEL="DefaultLine"/>
        <OtherTag ID="TYPE_2" LABEL="MainZone-P"/>
        <OtherTag ID="TYPE_3" LABEL="MarginTextZone-Notes"/>
        <OtherTag ID="TYPE_4" LABEL="NumberingZone"/>
        <OtherTag ID="TYPE_5" LABEL="QuireMarksZone"/>
        <OtherTag ID="TYPE_6" LABEL="MainZone-List-Continued"/>
        <OtherTag ID="TYPE_7" LABEL="MainZone-Entry-Continued"/>
        <OtherTag ID="TYPE_8" LABEL="RunningTitleZone"/>
        <OtherTag ID="TYPE_9" LABEL="MainZone-Entry"/>
        <OtherTag ID="TYPE_10" LABEL="GraphicZone-Maths"/>
        <OtherTag ID="TYPE_11" LABEL="GraphicZone-FigDesc"/>
        <OtherTag ID="TYPE_12" LABEL="MainZone-P-Continued"/>
        <OtherTag ID="TYPE_13" LABEL="TableZone"/>
        <OtherTag ID="TYPE_14" LABEL="FigureZone-FigDesc"/>
        <OtherTag ID="TYPE_15" LABEL="FigureZone-Head"/>
        <OtherTag ID="TYPE_16" LABEL="MainZone-Head"/>
        <OtherTag ID="TYPE_17" LABEL="MainZone-Lg"/>
        <OtherTag ID="TYPE_18" LABEL="DropCapitalZone"/>
        <OtherTag ID="TYPE_19" LABEL="MainZone-Signature"/>
        <OtherTag ID="TYPE_20" LABEL="GraphicZone-Part"/>
        <OtherTag ID="TYPE_21" LABEL="GraphicZone-Decoration"/>
        <OtherTag ID="TYPE_22" LABEL="TitlePageZone-Index"/>
        <OtherTag ID="TYPE_23" LABEL="StampZone-Sticker"/>
        <OtherTag ID="TYPE_24" LABEL="MainZone-Lg-Continued"/>
        <OtherTag ID="TYPE_25" LABEL="MarginTextZone-Notes-Continued"/>
        <OtherTag ID="TYPE_26" LABEL="GraphicZone-Head"/>
        <OtherTag ID="TYPE_27" LABEL="MainZone-Form"/>
        <OtherTag ID="TYPE_28" LABEL="MainZone-Other"/>
        <OtherTag ID="TYPE_29" LABEL="AdvertisementZone"/>
        <OtherTag ID="TYPE_30" LABEL="MainZone-Sp-Continued"/>
        <OtherTag ID="TYPE_31" LABEL="TitlePageZone"/>
        <OtherTag ID="TYPE_32" LABEL="StampZone"/>
        <OtherTag ID="TYPE_33" LABEL="MainZone-Date"/>
        <OtherTag ID="TYPE_34" LABEL="GraphicZone-TextualContent"/>
        <OtherTag ID="TYPE_35" LABEL="TableZone-Continued"/>
        <OtherTag ID="TYPE_36" LABEL="FigureZone"/>
        <OtherTag ID="TYPE_37" LABEL="GraphicZone"/>
        <OtherTag ID="TYPE_38" LABEL="DigitizationArtefactZone"/>
        <OtherTag ID="TYPE_39" LABEL="MarginTextZone-ManuscriptAddendum"/>
        <OtherTag ID="TYPE_40" LABEL="MainZone-Sp"/>
        <OtherTag ID="TYPE_41" LABEL="MainZone-List"/>
        <OtherTag ID="TYPE_42" LABEL="TableZone-Head"/>
    </Tags>
    <Layout>
        <Page WIDTH="1000" HEIGHT="1547" PHYSICAL_IMG_NR="0" ID="page_0">
            <PrintSpace HPOS="0" VPOS="0" WIDTH="1000" HEIGHT="1547">
                <TextBlock ID="block_3" HPOS="641" VPOS="119" WIDTH="67" HEIGHT="47" TAGREFS="TYPE_4">
                    <Shape>
                        <Polygon POINTS="641.4617919921875 119.58062744140625 708.6597290039062 119.58062744140625 708.6597290039062 166.02798461914062 641.4617919921875 166.02798461914062 641.4617919921875 119.58062744140625"/>
                    </Shape>
                    <TextLine ID="line_0" HPOS="644" VPOS="110" WIDTH="53" HEIGHT="53" BASELINE="645 147 697 148" TAGREFS="TYPE_1">
                        <Shape>
                            <Polygon POINTS="645 147 644 158 656 163 656 163 657 163 696 158 697 148 696 110 645 111 645 147"/>
                        </Shape>
                        <String CONTENT=""/>
                    </TextLine>
</TextBlock>
                <TextBlock ID="block_6" HPOS="171" VPOS="107" WIDTH="362" HEIGHT="42" TAGREFS="TYPE_8">
                    <Shape>
                        <Polygon POINTS="171.1466827392578 107.56973266601562 533.3789672851562 107.56973266601562 533.3789672851562 149.8976593017578 171.1466827392578 149.8976593017578 171.1466827392578 107.56973266601562"/>
                    </Shape>
                    <TextLine ID="line_1" HPOS="168" VPOS="117" WIDTH="371" HEIGHT="38" BASELINE="169 135 539 141" TAGREFS="TYPE_1">
                        <Shape>
                            <Polygon POINTS="538 137 529 137 521 137 512 137 503 137 495 137 486 137 478 137 469 137 460 137 452 137 443 137 435 137 426 137 417 137 409 137 400 137 392 137 383 137 374 137 366 137 357 137 349 137 340 137 331 137 323 137 315 135 306 135 298 135 289 135 280 135 271 135 263 135 254 135 245 135 237 135 228 135 220 135 211 135 210 119 208 118 208 118 207 118 169 117 169 135 168 146 274 145 292 150 299 152 300 152 300 152 308 150 325 146 331 151 333 152 334 152 335 152 336 152 337 152 340 151 349 146 356 152 358 152 359 152 360 152 361 152 371 152 395 149 422 152 433 154 434 154 441 153 470 148 476 153 476 154 477 154 478 154 538 155 539 141 539 137 538 137"/>
                        </Shape>
                        <String CONTENT=""/>
                    </TextLine>
</TextBlock>
                <TextBlock ID="block_7" HPOS="21" VPOS="159" WIDTH="677" HEIGHT="305" TAGREFS="TYPE_12">
                    <Shape>
                        <Polygon POINTS="21.168291091918945 159.7844696044922 698.4938354492188 159.7844696044922 698.4938354492188 464.1347961425781 21.168291091918945 464.1347961425781 21.168291091918945 159.7844696044922"/>
                    </Shape>
                    <TextLine ID="line_2" HPOS="25" VPOS="150" WIDTH="674" HEIGHT="63" BASELINE="26 185 699 197" TAGREFS="TYPE_1">
                        <Shape>
                            <Polygon POINTS="26 185 25 194 60 201 61 201 61 201 73 196 81 202 82 202 83 202 84 202 111 199 122 203 122 203 123 203 124 203 133 199 190 204 191 204 249 199 257 199 261 200 283 205 284 205 325 201 331 201 336 201 363 207 364 207 433 203 458 202 472 204 507 210 508 210 532 206 543 204 590 204 600 207 615 212 616 212 617 212 618 212 630 208 635 207 640 208 651 213 652 213 653 213 699 209 699 197 699 169 655 169 654 168 648 163 647 163 646 163 645 163 644 163 644 163 637 167 636 167 557 167 554 165 528 158 527 158 527 158 491 165 490 165 482 158 481 158 480 158 460 157 460 157 416 164 412 164 407 163 378 158 377 158 343 162 341 162 340 162 317 154 316 154 239 153 239 153 238 153 226 159 220 154 220 153 219 153 218 153 196 152 195 152 194 152 173 159 171 159 144 159 143 158 135 152 134 152 134 152 67 150 66 150 26 156 26 185"/>
                        </Shape>
                        <String CONTENT=""/>
                    </TextLine>

                    <TextLine ID="line_3" HPOS="24" VPOS="195" WIDTH="669" HEIGHT="61" BASELINE="25 229 693 241" TAGREFS="TYPE_1">
                        <Shape>
                            <Polygon POINTS="25 229 24 238 52 245 53 245 54 245 109 243 168 248 169 248 206 247 207 247 208 247 215 242 312 250 312 251 342 251 342 250 343 250 355 244 379 251 380 251 380 251 381 251 405 245 416 252 417 252 417 252 418 253 441 253 441 252 441 252 442 252 452 246 465 252 466 252 466 252 537 248 548 255 549 255 550 255 551 255 645 250 664 256 665 256 666 256 693 250 693 241 693 215 600 214 599 213 585 204 584 204 583 204 549 203 548 203 509 211 507 211 495 202 494 202 493 202 435 201 435 201 434 201 433 201 423 208 394 201 393 201 392 201 392 201 374 207 373 208 372 207 366 203 365 203 364 203 363 203 362 203 350 207 349 207 347 207 306 200 306 200 305 200 286 206 284 207 282 206 265 198 264 198 263 198 225 205 218 206 214 205 207 201 206 201 205 201 161 203 146 204 141 203 116 195 115 195 114 195 113 195 92 201 42 195 42 195 41 195 25 200 25 229"/>
                        </Shape>
                        <String CONTENT=""/>
                    </TextLine>

                    <TextLine ID="line_4" HPOS="23" VPOS="240" WIDTH="672" HEIGHT="59" BASELINE="24 272 695 282" TAGREFS="TYPE_1">
                        <Shape>
                            <Polygon POINTS="24 272 23 284 42 288 42 288 61 285 73 283 79 286 90 289 91 289 92 289 108 286 115 285 122 287 134 290 135 290 136 290 159 287 179 285 186 287 193 291 194 291 195 291 245 289 302 287 316 290 324 293 325 293 325 293 353 291 401 288 420 293 429 294 430 294 441 293 470 289 478 293 481 295 482 295 483 295 501 294 537 292 582 296 596 297 597 297 604 296 637 292 645 297 646 298 647 298 648 298 649 299 694 299 695 282 695 257 669 250 668 250 668 250 667 250 652 256 650 257 639 256 589 250 588 250 588 250 577 255 574 256 484 252 434 250 433 250 432 250 430 250 418 254 413 250 408 246 407 246 406 246 405 246 376 250 362 250 326 248 278 244 277 244 267 246 255 249 251 246 249 244 248 244 247 244 246 244 218 245 136 250 101 249 92 242 92 242 91 242 24 240 24 272"/>
                        </Shape>
                        <String CONTENT=""/>
                    </TextLine>

                    <TextLine ID="line_5" HPOS="22" VPOS="284" WIDTH="671" HEIGHT="58" BASELINE="23 315 693 327" TAGREFS="TYPE_1">
                        <Shape>
                            <Polygon POINTS="23 315 22 324 34 331 35 331 82 332 83 332 84 332 95 327 110 327 117 332 117 333 118 333 119 333 120 334 153 334 153 333 154 333 155 333 160 329 192 334 193 334 194 334 208 330 284 334 285 334 310 330 453 339 453 339 454 339 474 334 597 342 598 342 652 337 668 342 669 342 670 342 671 342 692 336 693 327 693 303 645 294 644 294 644 294 619 300 601 296 601 296 600 296 573 299 565 293 564 293 564 293 563 293 562 293 541 299 515 299 509 293 508 293 507 293 506 293 505 293 490 298 435 293 434 293 415 297 406 290 405 290 404 290 404 290 374 294 305 288 304 288 262 294 231 294 214 287 214 287 213 287 212 287 198 291 152 286 151 286 82 291 72 284 71 284 70 284 69 284 23 290 23 315"/>
                        </Shape>
                        <String CONTENT=""/>
                    </TextLine>

                    <TextLine ID="line_6" HPOS="21" VPOS="327" WIDTH="672" HEIGHT="58" BASELINE="22 360 693 372" TAGREFS="TYPE_1">
                        <Shape>
                            <Polygon POINTS="21 374 119 376 120 376 121 376 129 372 135 376 137 378 138 378 139 378 173 379 174 379 175 379 181 377 197 372 208 376 208 376 209 376 344 374 355 379 361 381 361 381 454 384 455 384 472 380 490 377 500 381 507 384 508 384 509 385 534 385 534 384 535 384 539 381 546 378 558 382 571 385 572 385 573 385 692 383 693 372 693 341 662 337 662 337 646 340 619 344 599 339 588 336 587 336 586 336 572 338 550 343 529 337 518 335 517 335 516 335 497 337 467 342 457 336 453 335 453 335 452 335 451 335 450 335 447 336 441 340 429 336 425 335 424 335 423 335 423 335 418 336 410 339 404 336 398 333 398 333 397 333 396 333 391 336 388 336 380 336 356 331 303 330 302 330 301 330 290 334 282 336 266 334 245 330 244 330 243 330 242 330 238 333 232 338 219 338 134 336 126 331 119 327 118 327 117 327 116 327 116 327 107 331 98 335 32 335 23 330 22 360 21 374"/>
                        </Shape>
                        <String CONTENT=""/>
                    </TextLine>

                    <TextLine ID="line_7" HPOS="20" VPOS="391" WIDTH="671" HEIGHT="41" BASELINE="21 403 691 413" TAGREFS="TYPE_1">
                        <Shape>
                            <Polygon POINTS="597 398 588 398 580 398 571 398 563 398 560 398 552 400 543 398 537 398 528 398 520 398 511 398 507 398 506 399 499 398 494 398 485 398 477 398 468 398 460 398 456 398 455 399 453 398 451 398 442 398 434 398 425 398 420 398 417 398 408 398 399 398 391 398 382 398 374 398 365 398 356 398 348 398 339 398 331 398 322 398 313 398 305 398 296 398 288 398 279 398 270 398 262 398 253 398 245 398 236 398 227 398 219 398 210 398 202 398 193 398 184 398 176 398 167 398 159 398 150 398 141 398 133 398 124 398 116 398 107 398 98 398 90 398 81 398 73 398 64 398 55 398 47 398 38 398 30 398 21 398 21 403 20 414 48 423 49 423 49 424 101 424 101 423 102 423 103 423 113 416 114 416 133 421 134 421 134 421 135 421 136 421 141 417 143 416 155 417 204 423 205 423 228 420 238 418 251 420 270 423 271 423 287 421 294 420 297 421 300 424 300 424 301 424 302 424 303 424 309 421 313 420 379 420 396 424 411 428 411 428 412 428 413 428 422 424 425 423 428 425 433 428 434 428 435 428 466 429 467 429 484 426 508 421 539 428 555 430 556 430 557 430 562 428 565 427 566 428 569 430 569 431 570 431 570 431 571 432 690 432 691 413 690 392 599 391 597 398"/>
                        </Shape>
                        <String CONTENT=""/>
                    </TextLine>

                    <TextLine ID="line_8" HPOS="21" VPOS="420" WIDTH="132" HEIGHT="46" BASELINE="22 449 153 447" TAGREFS="TYPE_1">
                        <Shape>
                            <Polygon POINTS="22 449 22 466 153 461 153 447 152 427 96 420 95 420 21 425 22 449"/>
                        </Shape>
                        <String CONTENT=""/>
                    </TextLine>
</TextBlock>
                <TextBlock ID="block_1" HPOS="15" VPOS="463" WIDTH="682" HEIGHT="413" TAGREFS="TYPE_2">
                    <Shape>
                        <Polygon POINTS="15.302755355834961 463.0635986328125 697.6312866210938 463.0635986328125 697.6312866210938 876.2612915039062 15.302755355834961 876.2612915039062 15.302755355834961 463.0635986328125"/>
                    </Shape>
                    <TextLine ID="line_9" HPOS="82" VPOS="459" WIDTH="601" HEIGHT="66" BASELINE="83 503 375 505 683 512" TAGREFS="TYPE_1">
                        <Shape>
                            <Polygon POINTS="83 503 82 511 177 518 178 518 292 516 365 515 375 518 386 521 387 521 388 521 389 521 395 519 400 516 415 519 427 521 428 521 454 519 504 517 512 521 515 523 516 523 517 523 528 521 553 518 570 522 574 524 575 524 576 524 582 523 606 519 620 524 624 525 625 525 625 525 682 525 683 512 683 476 626 476 625 475 616 467 616 466 615 466 614 466 584 466 583 466 582 466 569 473 566 475 537 475 531 471 516 466 515 466 515 466 514 466 497 470 488 474 448 474 383 472 377 467 372 463 371 463 370 463 356 463 355 463 355 463 354 463 349 466 346 469 343 466 340 464 339 464 338 464 300 462 299 462 298 462 288 464 269 470 239 470 230 463 228 461 227 461 226 461 190 460 189 460 188 460 184 462 166 469 144 461 140 459 139 459 83 459 83 503"/>
                        </Shape>
                        <String CONTENT=""/>
                    </TextLine>

                    <TextLine ID="line_10" HPOS="18" VPOS="516" WIDTH="672" HEIGHT="60" BASELINE="18 556 690 563" TAGREFS="TYPE_1">
                        <Shape>
                            <Polygon POINTS="18 556 18 565 121 565 122 565 127 569 128 569 128 569 129 569 130 569 131 569 135 566 137 565 180 565 182 566 191 573 192 573 193 573 194 574 241 574 241 573 242 573 264 567 291 574 292 574 293 574 334 574 334 574 335 574 336 574 345 568 397 573 398 573 492 570 557 576 558 576 558 576 583 570 655 576 656 576 689 569 690 563 690 531 656 528 649 521 648 521 647 521 627 521 626 521 625 521 610 530 607 531 601 529 582 525 581 525 564 528 554 521 553 521 552 521 552 521 551 521 550 521 539 528 539 529 472 529 467 526 459 519 458 519 457 519 437 519 436 519 400 525 384 528 374 525 355 518 354 518 353 518 352 518 333 524 323 527 311 523 305 521 304 521 303 521 293 523 271 527 247 522 245 522 245 522 242 522 191 526 184 520 178 516 177 516 177 516 112 516 111 516 110 516 110 516 105 519 99 522 18 518 18 556"/>
                        </Shape>
                        <String CONTENT=""/>
                    </TextLine>

                    <TextLine ID="line_11" HPOS="18" VPOS="568" WIDTH="670" HEIGHT="64" BASELINE="18 611 688 618" TAGREFS="TYPE_1">
                        <Shape>
                            <Polygon POINTS="18 611 18 617 31 624 32 624 33 624 62 619 70 624 71 624 72 624 73 624 73 624 89 618 116 626 116 626 117 627 141 627 141 626 142 626 143 626 152 620 189 620 235 620 239 620 266 628 267 628 268 629 311 629 311 628 312 628 324 622 325 622 331 622 370 626 371 626 372 626 381 623 385 622 387 623 397 629 398 629 398 629 399 629 445 624 460 623 483 623 484 624 491 630 492 630 493 630 494 630 521 625 523 625 597 626 597 627 614 632 615 632 616 632 687 628 688 618 688 590 616 589 612 587 579 575 578 575 552 575 551 575 550 575 527 584 521 587 493 585 491 583 482 576 481 576 480 576 479 576 478 576 466 582 461 585 436 586 429 581 415 574 414 574 391 573 390 573 389 573 374 580 366 583 348 583 343 579 336 573 335 573 334 573 333 573 332 573 321 578 313 582 208 583 198 579 197 579 196 579 171 583 122 577 122 577 97 582 79 570 78 569 77 569 76 569 18 568 18 611"/>
                        </Shape>
                        <String CONTENT=""/>
                    </TextLine>

                    <TextLine ID="line_12" HPOS="18" VPOS="626" WIDTH="671" HEIGHT="60" BASELINE="18 665 689 672" TAGREFS="TYPE_1">
                        <Shape>
                            <Polygon POINTS="18 665 18 672 32 680 33 680 34 680 82 674 96 681 97 681 223 682 224 682 225 682 239 676 242 675 281 677 353 681 354 681 355 681 363 678 369 677 438 677 452 680 467 683 468 683 480 680 490 678 495 681 501 684 502 684 503 684 530 681 554 679 561 682 571 686 572 686 573 686 650 685 650 685 658 684 671 680 687 684 689 672 688 642 639 637 638 637 604 641 602 641 601 641 581 635 580 635 579 635 578 635 577 635 570 641 565 641 487 641 484 639 468 629 467 629 466 629 386 628 385 628 384 628 383 628 374 635 338 635 313 627 312 627 312 627 285 633 276 627 275 627 274 627 242 626 241 626 199 635 199 635 171 635 170 635 162 629 161 629 160 629 159 629 159 629 141 635 138 635 134 634 116 629 116 629 115 629 114 629 98 634 95 634 93 634 73 629 73 629 55 633 47 635 18 633 18 665"/>
                        </Shape>
                        <String CONTENT=""/>
                    </TextLine>

                    <TextLine ID="line_13" HPOS="18" VPOS="679" WIDTH="669" HEIGHT="60" BASELINE="18 719 687 726" TAGREFS="TYPE_1">
                        <Shape>
                            <Polygon POINTS="18 719 18 727 30 733 30 733 31 733 57 728 102 734 103 734 164 729 256 735 257 735 319 731 321 731 323 731 353 737 354 737 393 732 396 732 452 732 453 733 460 738 461 738 462 738 463 738 509 733 510 733 511 733 532 739 533 739 533 739 562 734 567 733 598 733 601 734 615 739 616 739 617 739 618 739 634 735 638 734 640 735 657 739 658 739 659 739 686 735 687 726 686 695 644 695 644 694 631 689 630 689 629 689 582 693 580 693 558 684 558 684 545 684 544 684 543 684 542 684 529 693 528 693 515 687 515 687 490 684 489 684 488 684 477 689 435 682 435 682 379 684 378 684 355 691 352 691 330 691 330 690 307 681 306 681 281 681 280 681 279 681 261 690 260 690 230 688 221 680 220 680 220 680 219 680 218 680 217 680 204 690 202 690 191 690 190 690 181 684 180 684 179 684 178 684 177 684 161 688 134 679 133 679 132 679 71 688 68 688 18 688 18 719"/>
                        </Shape>
                        <String CONTENT=""/>
                    </TextLine>

                    <TextLine ID="line_14" HPOS="23" VPOS="733" WIDTH="664" HEIGHT="60" BASELINE="23 775 298 774 687 780" TAGREFS="TYPE_1">
                        <Shape>
                            <Polygon POINTS="270 733 263 733 255 733 246 733 238 733 229 733 220 733 212 733 203 733 195 733 186 733 177 733 169 733 160 733 152 733 149 733 134 743 134 743 120 743 105 742 88 733 83 733 78 733 65 742 64 742 23 742 23 775 23 788 91 783 131 788 141 789 142 789 143 789 144 789 145 788 152 783 199 783 208 788 208 789 209 789 210 789 211 789 212 789 214 788 220 786 230 788 236 790 237 790 238 791 278 791 278 790 279 790 280 790 282 788 288 785 298 788 302 790 303 790 304 790 318 788 343 786 348 788 351 791 352 791 353 791 354 792 380 792 380 791 381 791 382 791 385 789 388 786 393 789 398 791 398 791 399 791 436 789 492 786 505 789 518 793 519 793 520 793 536 789 549 787 685 789 687 780 686 748 647 748 646 747 629 738 628 738 627 738 588 746 563 746 522 736 521 736 496 737 495 737 476 745 476 746 443 746 442 745 426 735 425 735 424 735 408 734 374 734 374 734 373 734 372 734 357 745 356 745 296 745 296 744 271 733 270 733"/>
                        </Shape>
                        <String CONTENT=""/>
                    </TextLine>

                    <TextLine ID="line_15" HPOS="18" VPOS="786" WIDTH="515" HEIGHT="60" BASELINE="18 827 533 832" TAGREFS="TYPE_1">
                        <Shape>
                            <Polygon POINTS="18 827 18 834 32 839 33 839 34 839 85 836 104 843 104 843 105 843 177 836 181 836 220 836 233 836 242 843 243 843 244 843 245 843 245 843 246 843 255 837 276 844 276 844 277 844 328 837 362 845 363 846 392 846 392 845 392 845 393 845 401 838 430 845 431 845 432 845 446 838 457 845 458 845 459 845 460 845 501 841 513 846 514 846 515 846 515 846 533 838 533 832 533 801 523 801 523 800 512 790 512 789 511 789 510 789 509 789 509 789 508 789 494 800 493 801 466 801 465 800 456 792 456 791 455 791 454 791 453 791 435 794 411 789 410 789 409 789 408 789 401 795 393 789 393 788 392 788 392 788 358 788 357 788 356 788 331 798 331 798 330 798 307 794 306 794 306 794 297 798 296 798 276 787 276 787 246 787 245 787 245 787 244 787 244 788 233 797 190 786 190 786 157 786 156 786 155 786 132 795 18 795 18 827"/>
                        </Shape>
                        <String CONTENT=""/>
                    </TextLine>
</TextBlock>
                <TextBlock ID="block_0" HPOS="15" VPOS="853" WIDTH="673" HEIGHT="446" TAGREFS="TYPE_2">
                    <Shape>
                        <Polygon POINTS="15.573577880859375 853.70703125 688.8839111328125 853.70703125 688.8839111328125 1299.7698974609375 15.573577880859375 1299.7698974609375 15.573577880859375 853.70703125"/>
                    </Shape>
                    <TextLine ID="line_16" HPOS="48" VPOS="851" WIDTH="638" HEIGHT="56" BASELINE="49 885 686 891" TAGREFS="TYPE_1">
                        <Shape>
                            <Polygon POINTS="49 885 48 893 67 899 67 899 68 899 125 895 157 903 158 903 159 904 197 904 197 903 198 903 199 903 204 898 233 904 234 904 304 897 364 904 365 905 390 905 390 904 391 904 392 904 400 898 430 905 431 905 432 905 433 905 442 898 460 898 503 906 504 906 555 899 576 906 576 906 610 907 611 907 612 907 633 900 655 907 656 907 656 907 657 907 685 899 686 891 686 862 627 856 626 856 600 862 596 862 593 862 561 856 560 856 536 861 534 861 526 855 525 855 524 855 523 855 522 855 506 861 504 861 502 861 486 855 485 855 484 855 459 859 447 854 446 854 445 854 417 860 414 860 413 860 400 853 399 853 398 853 364 859 361 859 356 859 282 853 281 853 250 858 246 858 245 858 231 852 230 852 229 852 228 852 227 852 221 857 174 853 173 853 109 856 104 856 94 851 93 851 92 851 92 851 79 856 79 856 49 856 49 885"/>
                        </Shape>
                        <String CONTENT=""/>
                    </TextLine>

                    <TextLine ID="line_17" HPOS="17" VPOS="898" WIDTH="668" HEIGHT="52" BASELINE="18 929 685 934" TAGREFS="TYPE_1">
                        <Shape>
                            <Polygon POINTS="18 929 17 939 24 944 25 944 26 944 27 944 28 944 45 939 66 945 67 945 67 945 68 945 83 940 95 944 96 944 97 944 121 939 181 939 196 944 196 944 197 944 237 939 245 944 246 944 247 944 248 944 249 944 257 940 377 945 378 945 379 945 392 941 403 947 404 947 404 947 405 947 406 947 413 941 441 941 466 948 466 948 573 949 574 950 605 950 605 949 606 949 607 949 616 942 659 949 660 949 661 949 684 941 685 934 685 910 665 902 664 902 663 902 662 902 641 910 641 911 589 911 588 910 576 901 575 901 574 901 573 901 481 909 475 909 473 909 450 900 449 900 448 900 447 900 427 906 367 900 366 900 365 900 364 900 354 907 330 907 294 899 293 899 292 899 280 906 270 899 269 899 269 899 240 898 239 898 196 906 194 906 192 906 128 898 105 898 104 898 104 898 103 898 90 905 89 905 18 905 18 929"/>
                        </Shape>
                        <String CONTENT=""/>
                    </TextLine>

                    <TextLine ID="line_18" HPOS="18" VPOS="941" WIDTH="668" HEIGHT="53" BASELINE="18 973 686 978" TAGREFS="TYPE_1">
                        <Shape>
                            <Polygon POINTS="18 973 18 990 49 986 67 990 71 990 72 990 73 990 74 990 88 984 138 990 155 991 156 991 157 991 158 991 159 990 165 986 198 990 221 991 222 991 223 991 229 990 241 984 262 989 276 992 277 993 309 993 309 992 310 992 320 989 331 985 341 989 351 993 352 993 353 993 409 989 429 987 432 989 439 993 440 993 441 993 464 994 465 994 520 988 533 987 591 987 592 988 598 992 599 992 600 992 601 992 685 987 686 978 686 953 638 952 621 944 620 944 619 944 586 951 583 951 582 951 562 943 561 943 560 943 533 949 499 944 498 944 497 944 496 944 490 949 489 951 464 951 457 948 435 943 435 943 434 943 433 943 422 948 418 950 354 950 346 947 330 941 329 941 328 941 293 946 287 947 283 946 269 941 268 941 187 941 186 941 185 941 171 944 158 947 18 942 18 973"/>
                        </Shape>
                        <String CONTENT=""/>
                    </TextLine>

                    <TextLine ID="line_19" HPOS="15" VPOS="984" WIDTH="672" HEIGHT="54" BASELINE="16 1016 687 1022" TAGREFS="TYPE_1">
                        <Shape>
                            <Polygon POINTS="16 1016 15 1024 52 1033 53 1033 104 1027 110 1026 114 1027 137 1033 138 1033 139 1033 191 1028 207 1027 222 1028 259 1034 260 1034 336 1031 399 1028 425 1028 433 1033 439 1036 440 1036 441 1036 456 1033 481 1029 489 1034 493 1037 494 1037 495 1037 496 1037 496 1037 504 1034 517 1030 558 1030 566 1036 567 1037 568 1037 569 1037 685 1038 687 1022 687 993 675 988 674 988 674 988 673 988 654 992 601 988 600 988 599 988 598 988 592 992 588 995 564 995 559 992 550 987 549 987 503 987 502 987 466 991 454 993 445 991 417 986 416 986 415 986 414 986 407 991 404 993 376 991 339 989 338 989 337 989 332 991 330 992 327 991 323 988 322 988 321 988 320 988 319 988 310 990 305 992 300 990 279 984 278 984 277 984 231 990 222 991 220 990 211 984 210 984 209 984 208 984 208 984 190 990 190 990 189 990 178 984 177 984 177 984 130 984 129 984 128 984 111 990 110 990 54 990 53 990 48 985 47 985 46 985 45 985 16 989 16 1016"/>
                        </Shape>
                        <String CONTENT=""/>
                    </TextLine>

                    <TextLine ID="line_20" HPOS="16" VPOS="1030" WIDTH="670" HEIGHT="50" BASELINE="17 1060 686 1064" TAGREFS="TYPE_1">
                        <Shape>
                            <Polygon POINTS="17 1060 16 1070 51 1076 52 1076 140 1071 147 1071 148 1071 159 1077 160 1077 161 1077 195 1073 245 1076 245 1076 246 1076 256 1073 257 1072 261 1073 285 1078 286 1078 381 1074 398 1074 415 1074 416 1075 420 1078 420 1079 421 1079 422 1079 423 1080 452 1080 452 1079 453 1079 453 1079 459 1075 460 1074 468 1076 485 1078 486 1078 487 1078 492 1076 495 1074 497 1076 502 1079 503 1079 503 1079 504 1079 520 1076 530 1074 553 1076 589 1080 590 1080 611 1076 626 1075 684 1077 686 1064 685 1041 579 1033 578 1033 577 1033 558 1040 556 1040 555 1040 540 1033 539 1033 507 1033 506 1033 505 1033 504 1033 496 1039 495 1040 455 1040 454 1039 446 1033 445 1033 444 1033 443 1033 409 1039 394 1033 393 1033 392 1033 363 1033 362 1033 361 1033 355 1039 355 1039 285 1039 282 1038 249 1031 248 1031 184 1032 184 1032 164 1038 162 1038 160 1038 145 1030 144 1030 143 1030 142 1030 141 1030 132 1037 113 1030 112 1030 111 1030 17 1036 17 1060"/>
                        </Shape>
                        <String CONTENT=""/>
                    </TextLine>

                    <TextLine ID="line_21" HPOS="16" VPOS="1073" WIDTH="670" HEIGHT="52" BASELINE="17 1104 686 1109" TAGREFS="TYPE_1">
                        <Shape>
                            <Polygon POINTS="17 1104 16 1114 61 1119 62 1119 63 1119 73 1115 74 1114 77 1115 93 1120 94 1120 95 1120 139 1116 148 1119 149 1119 150 1119 151 1119 152 1119 157 1115 158 1115 159 1115 194 1120 195 1120 217 1115 224 1114 233 1115 251 1118 252 1118 312 1116 332 1115 335 1116 353 1123 354 1123 355 1123 355 1123 378 1116 380 1116 454 1116 466 1117 574 1125 575 1125 685 1117 686 1109 685 1082 647 1077 646 1077 619 1082 609 1083 600 1082 580 1077 579 1077 514 1082 489 1082 483 1081 467 1076 466 1076 466 1076 429 1081 420 1082 417 1081 406 1076 405 1076 404 1076 404 1076 393 1081 391 1082 368 1081 316 1077 315 1077 314 1077 306 1080 305 1081 304 1080 295 1075 294 1075 294 1075 239 1074 239 1074 238 1074 215 1080 213 1081 170 1081 169 1079 162 1074 161 1074 160 1074 159 1074 98 1079 94 1079 82 1073 81 1073 80 1073 17 1078 17 1104"/>
                        </Shape>
                        <String CONTENT=""/>
                    </TextLine>

                    <TextLine ID="line_22" HPOS="15" VPOS="1113" WIDTH="659" HEIGHT="56" BASELINE="16 1149 298 1149 674 1154" TAGREFS="TYPE_1">
                        <Shape>
                            <Polygon POINTS="16 1149 15 1157 42 1165 42 1165 43 1165 90 1164 91 1164 103 1158 105 1157 127 1159 173 1162 174 1162 239 1160 270 1159 274 1161 284 1167 285 1167 286 1167 287 1167 318 1167 318 1167 319 1167 319 1167 329 1161 331 1160 334 1161 353 1167 354 1167 355 1168 407 1168 407 1167 408 1167 423 1161 426 1161 429 1161 440 1167 441 1167 441 1167 461 1162 468 1161 470 1162 478 1168 478 1168 479 1168 480 1168 536 1167 537 1167 538 1167 542 1163 545 1161 549 1163 560 1169 561 1169 562 1169 595 1164 600 1163 604 1164 632 1169 633 1169 673 1164 674 1154 674 1126 654 1118 653 1118 652 1118 651 1118 635 1125 559 1120 558 1120 541 1124 522 1117 521 1117 521 1117 520 1117 519 1117 509 1125 505 1125 466 1125 465 1125 410 1116 409 1116 319 1120 311 1115 310 1115 309 1115 308 1115 249 1123 238 1115 237 1115 236 1115 235 1115 234 1115 220 1120 208 1114 208 1114 207 1114 161 1121 147 1114 147 1114 146 1114 145 1114 144 1114 134 1122 116 1122 116 1122 115 1122 49 1113 48 1113 16 1121 16 1149"/>
                        </Shape>
                        <String CONTENT=""/>
                    </TextLine>

                    <TextLine ID="line_23" HPOS="14" VPOS="1161" WIDTH="803" HEIGHT="49" BASELINE="14 1192 817 1194" TAGREFS="TYPE_1">
                        <Shape>
                            <Polygon POINTS="14 1192 14 1207 32 1202 101 1207 120 1208 121 1208 150 1206 237 1202 246 1206 251 1208 251 1208 252 1208 335 1205 438 1203 443 1205 452 1209 453 1209 453 1209 470 1205 480 1203 521 1203 524 1204 530 1209 531 1209 532 1209 645 1210 646 1210 699 1204 704 1204 816 1204 817 1194 816 1169 676 1169 671 1168 644 1163 643 1163 642 1163 622 1168 618 1169 607 1168 550 1162 549 1162 502 1168 496 1169 380 1169 377 1167 360 1162 359 1162 358 1162 333 1167 330 1168 325 1167 301 1162 300 1162 250 1167 248 1167 237 1161 236 1161 117 1161 116 1161 77 1167 73 1167 70 1167 36 1161 35 1161 34 1161 14 1167 14 1192"/>
                        </Shape>
                        <String CONTENT=""/>
                    </TextLine>

                    <TextLine ID="line_24" HPOS="14" VPOS="1201" WIDTH="657" HEIGHT="57" BASELINE="15 1234 671 1241" TAGREFS="TYPE_1">
                        <Shape>
                            <Polygon POINTS="15 1234 14 1242 119 1244 133 1253 134 1253 134 1253 135 1253 171 1253 171 1253 171 1253 172 1253 180 1247 238 1253 239 1253 278 1247 294 1254 294 1254 343 1255 344 1255 345 1255 361 1250 407 1255 408 1255 475 1248 506 1257 507 1257 508 1258 542 1258 542 1257 543 1257 564 1249 583 1255 584 1255 585 1255 670 1249 671 1241 671 1215 649 1208 648 1208 647 1208 646 1208 635 1214 634 1215 601 1215 600 1214 579 1206 578 1206 577 1206 576 1206 576 1206 567 1211 507 1204 506 1204 505 1204 496 1209 484 1205 484 1205 483 1205 482 1205 481 1205 472 1212 472 1212 423 1204 380 1204 380 1204 379 1204 355 1211 354 1211 331 1211 331 1210 319 1203 319 1203 318 1203 317 1203 273 1210 269 1210 257 1210 228 1209 220 1202 219 1202 218 1202 217 1202 177 1210 170 1210 154 1210 153 1209 142 1201 141 1201 141 1201 140 1201 139 1201 121 1209 120 1209 50 1209 49 1208 42 1203 42 1203 41 1203 40 1203 15 1207 15 1234"/>
                        </Shape>
                        <String CONTENT=""/>
                    </TextLine>

                    <TextLine ID="line_25" HPOS="16" VPOS="1246" WIDTH="664" HEIGHT="70" BASELINE="16 1280 680 1284" TAGREFS="TYPE_1">
                        <Shape>
                            <Polygon POINTS="16 1280 16 1306 78 1302 85 1308 90 1311 91 1311 92 1311 122 1313 123 1313 124 1313 135 1308 147 1302 156 1308 157 1309 158 1309 159 1309 159 1309 160 1309 161 1309 162 1308 172 1302 241 1308 242 1308 259 1304 276 1310 286 1314 287 1314 393 1314 394 1314 395 1314 402 1312 412 1308 420 1312 421 1313 422 1313 423 1313 423 1313 424 1313 425 1313 426 1312 436 1306 449 1313 452 1314 453 1314 453 1314 461 1313 515 1304 561 1304 584 1314 587 1315 588 1315 588 1315 589 1315 592 1314 609 1308 631 1314 632 1314 633 1314 634 1314 646 1308 657 1315 658 1315 659 1315 660 1316 680 1316 680 1284 680 1257 628 1257 627 1255 614 1249 613 1249 590 1249 589 1249 567 1254 559 1257 515 1257 501 1253 476 1248 424 1248 423 1248 423 1248 422 1248 416 1252 411 1255 399 1252 387 1248 386 1248 386 1248 361 1251 333 1254 314 1250 311 1250 310 1250 303 1250 250 1254 218 1248 209 1247 208 1247 192 1248 118 1253 104 1247 104 1247 103 1247 102 1247 101 1247 100 1247 91 1252 77 1247 76 1247 75 1247 74 1247 57 1252 16 1246 16 1280"/>
                        </Shape>
                        <String CONTENT=""/>
                    </TextLine>
</TextBlock>
                <TextBlock ID="block_2" HPOS="680" VPOS="1140" WIDTH="138" HEIGHT="119" TAGREFS="TYPE_3">
                    <Shape>
                        <Polygon POINTS="680.872802734375 1140.874267578125 818.2810668945312 1140.874267578125 818.2810668945312 1259.1473388671875 680.872802734375 1259.1473388671875 680.872802734375 1140.874267578125"/>
                    </Shape>
                    <TextLine ID="line_26" HPOS="685" VPOS="1132" WIDTH="131" HEIGHT="47" BASELINE="685 1165 816 1165" TAGREFS="TYPE_1">
                        <Shape>
                            <Polygon POINTS="685 1165 685 1174 740 1179 741 1179 816 1174 816 1165 816 1137 794 1132 793 1132 766 1136 758 1137 685 1134 685 1165"/>
                        </Shape>
                        <String CONTENT=""/>
                    </TextLine>

                    <TextLine ID="line_27" HPOS="683" VPOS="1198" WIDTH="115" HEIGHT="37" BASELINE="684 1222 798 1221" TAGREFS="TYPE_1">
                        <Shape>
                            <Polygon POINTS="684 1222 684 1234 797 1235 798 1221 797 1204 772 1198 771 1198 770 1198 759 1203 758 1203 757 1203 742 1198 741 1198 740 1198 683 1201 684 1222"/>
                        </Shape>
                        <String CONTENT=""/>
                    </TextLine>

                    <TextLine ID="line_28" HPOS="680" VPOS="1224" WIDTH="56" HEIGHT="41" BASELINE="680 1245 691 1248 736 1249" TAGREFS="TYPE_1">
                        <Shape>
                            <Polygon POINTS="680 1263 735 1265 736 1249 736 1231 708 1224 707 1224 681 1229 680 1245 680 1263"/>
                        </Shape>
                        <String CONTENT=""/>
                    </TextLine>
</TextBlock>
                <TextBlock ID="block_4" HPOS="477" VPOS="1301" WIDTH="100" HEIGHT="48" TAGREFS="TYPE_5">
                    <Shape>
                        <Polygon POINTS="477.2709655761719 1301.9561767578125 577.0145874023438 1301.9561767578125 577.0145874023438 1349.7342529296875 477.2709655761719 1349.7342529296875 477.2709655761719 1301.9561767578125"/>
                    </Shape>
                    <TextLine ID="line_29" HPOS="489" VPOS="1300" WIDTH="17" HEIGHT="69" BASELINE="491 1336 505 1335" TAGREFS="TYPE_1">
                        <Shape>
                            <Polygon POINTS="491 1336 493 1369 506 1369 505 1335 502 1300 489 1300 491 1336"/>
                        </Shape>
                        <String CONTENT=""/>
                    </TextLine>

                    <TextLine ID="line_30" HPOS="546" VPOS="1296" WIDTH="18" HEIGHT="49" BASELINE="548 1332 564 1332" TAGREFS="TYPE_1">
                        <Shape>
                            <Polygon POINTS="548 1332 548 1345 564 1344 564 1332 559 1296 546 1302 548 1332"/>
                        </Shape>
                        <String CONTENT=""/>
                    </TextLine>
</TextBlock>
            </PrintSpace>
        </Page>
    </Layout>
</alto>