<?xml version="1.0" encoding="UTF-8"?>
<alto xmlns:xsi="http://www.w3.org/2001/XMLSchema-instance"
    xmlns="http://www.loc.gov/standards/alto/ns-v4#"
    xsi:schemaLocation="http://www.loc.gov/standards/alto/ns-v4# http://www.loc.gov/standards/alto/v4/alto-4-3.xsd">
    <Description>
        <MeasurementUnit>pixel</MeasurementUnit>
        <sourceImageInformation>
            <fileName>7326015.jpeg</fileName>
        </sourceImageInformation>
        <Processing ID="OCR_0">
            <processingCategory>other</processingCategory>
            <processingStepDescription>unknown</processingStepDescription>
            <processingSoftware>
                <softwareName>kraken</softwareName>
                <softwareVersion>4.3.13</softwareVersion>
            </processingSoftware>
        </Processing>
    </Description>
    <Tags>
        <OtherTag ID="TYPE_1" LABEL="DefaultLine"/>
        <OtherTag ID="TYPE_2" LABEL="NumberingZone"/>
        <OtherTag ID="TYPE_3" LABEL="MainZone-Entry-Continued"/>
        <OtherTag ID="TYPE_4" LABEL="MainZone-Form"/>
        <OtherTag ID="TYPE_5" LABEL="MainZone-Lg"/>
        <OtherTag ID="TYPE_6" LABEL="DigitizationArtefactZone"/>
        <OtherTag ID="TYPE_7" LABEL="TableZone-Head"/>
        <OtherTag ID="TYPE_8" LABEL="MainZone-Sp"/>
        <OtherTag ID="TYPE_9" LABEL="MainZone-Sp-Continued"/>
        <OtherTag ID="TYPE_10" LABEL="TableZone-Continued"/>
        <OtherTag ID="TYPE_11" LABEL="MarginTextZone-ManuscriptAddendum"/>
        <OtherTag ID="TYPE_12" LABEL="GraphicZone-FigDesc"/>
        <OtherTag ID="TYPE_13" LABEL="MarginTextZone-Notes"/>
        <OtherTag ID="TYPE_14" LABEL="StampZone"/>
        <OtherTag ID="TYPE_15" LABEL="FigureZone"/>
        <OtherTag ID="TYPE_16" LABEL="MainZone-Head"/>
        <OtherTag ID="TYPE_17" LABEL="DropCapitalZone"/>
        <OtherTag ID="TYPE_18" LABEL="MainZone-Date"/>
        <OtherTag ID="TYPE_19" LABEL="MainZone-List-Continued"/>
        <OtherTag ID="TYPE_20" LABEL="FigureZone-Head"/>
        <OtherTag ID="TYPE_21" LABEL="GraphicZone-Head"/>
        <OtherTag ID="TYPE_22" LABEL="MainZone-P"/>
        <OtherTag ID="TYPE_23" LABEL="MainZone-Signature"/>
        <OtherTag ID="TYPE_24" LABEL="TitlePageZone-Index"/>
        <OtherTag ID="TYPE_25" LABEL="MainZone-Lg-Continued"/>
        <OtherTag ID="TYPE_26" LABEL="GraphicZone"/>
        <OtherTag ID="TYPE_27" LABEL="MarginTextZone-Notes-Continued"/>
        <OtherTag ID="TYPE_28" LABEL="GraphicZone-TextualContent"/>
        <OtherTag ID="TYPE_29" LABEL="GraphicZone-Maths"/>
        <OtherTag ID="TYPE_30" LABEL="GraphicZone-Part"/>
        <OtherTag ID="TYPE_31" LABEL="MainZone-Other"/>
        <OtherTag ID="TYPE_32" LABEL="FigureZone-FigDesc"/>
        <OtherTag ID="TYPE_33" LABEL="GraphicZone-Decoration"/>
        <OtherTag ID="TYPE_34" LABEL="MainZone-List"/>
        <OtherTag ID="TYPE_35" LABEL="MainZone-Entry"/>
        <OtherTag ID="TYPE_36" LABEL="AdvertisementZone"/>
        <OtherTag ID="TYPE_37" LABEL="TitlePageZone"/>
        <OtherTag ID="TYPE_38" LABEL="StampZone-Sticker"/>
        <OtherTag ID="TYPE_39" LABEL="MainZone-P-Continued"/>
        <OtherTag ID="TYPE_40" LABEL="TableZone"/>
        <OtherTag ID="TYPE_41" LABEL="RunningTitleZone"/>
        <OtherTag ID="TYPE_42" LABEL="QuireMarksZone"/>
    </Tags>
    <Layout>
        <Page WIDTH="1000" HEIGHT="1547" PHYSICAL_IMG_NR="0" ID="page_0">
            <PrintSpace HPOS="0" VPOS="0" WIDTH="1000" HEIGHT="1547">
                <TextBlock ID="block_1" HPOS="707" VPOS="134" WIDTH="138" HEIGHT="144" TAGREFS="TYPE_27">
                    <Shape>
                        <Polygon POINTS="707.1151733398438 134.48162841796875 845.7088012695312 134.48162841796875 845.7088012695312 278.14959716796875 707.1151733398438 278.14959716796875 707.1151733398438 134.48162841796875"/>
                    </Shape>
                    <TextLine ID="line_0" HPOS="714" VPOS="125" WIDTH="121" HEIGHT="42" BASELINE="715 159 741 156 835 156" TAGREFS="TYPE_1">
                        <Shape>
                            <Polygon POINTS="715 159 715 166 834 167 835 156 833 125 809 131 795 128 794 128 793 128 792 128 792 129 785 135 741 135 714 127 715 159"/>
                        </Shape>
                        <String CONTENT=""/>
                    </TextLine>

                    <TextLine ID="line_1" HPOS="710" VPOS="160" WIDTH="119" HEIGHT="33" BASELINE="710 183 829 183" TAGREFS="TYPE_1">
                        <Shape>
                            <Polygon POINTS="710 183 710 193 829 192 829 183 829 165 710 160 710 183"/>
                        </Shape>
                        <String CONTENT=""/>
                    </TextLine>

                    <TextLine ID="line_2" HPOS="711" VPOS="213" WIDTH="131" HEIGHT="46" BASELINE="711 239 842 238" TAGREFS="TYPE_1">
                        <Shape>
                            <Polygon POINTS="711 239 711 250 749 256 750 256 751 256 756 254 760 251 764 254 766 256 766 256 767 256 768 256 769 256 773 255 790 250 797 256 798 257 798 258 799 258 800 258 801 259 842 259 842 238 840 213 711 217 711 239"/>
                        </Shape>
                        <String CONTENT=""/>
                    </TextLine>

                    <TextLine ID="line_3" HPOS="710" VPOS="243" WIDTH="77" HEIGHT="45" BASELINE="711 265 787 267" TAGREFS="TYPE_1">
                        <Shape>
                            <Polygon POINTS="711 265 710 287 734 288 735 288 736 288 736 288 736 287 741 284 746 280 786 280 787 267 787 247 711 243 711 265"/>
                        </Shape>
                        <String CONTENT=""/>
                    </TextLine>
</TextBlock>
                <TextBlock ID="block_3" HPOS="157" VPOS="90" WIDTH="451" HEIGHT="39" TAGREFS="TYPE_41">
                    <Shape>
                        <Polygon POINTS="157.28811645507812 90.53247833251953 608.2720947265625 90.53247833251953 608.2720947265625 129.10113525390625 157.28811645507812 129.10113525390625 157.28811645507812 90.53247833251953"/>
                    </Shape>
                    <TextLine ID="line_4" HPOS="160" VPOS="84" WIDTH="545" HEIGHT="52" BASELINE="161 121 705 116" TAGREFS="TYPE_1">
                        <Shape>
                            <Polygon POINTS="161 121 161 132 231 135 232 135 233 135 233 135 233 134 236 133 239 129 250 133 254 134 255 134 256 134 257 134 261 133 271 129 288 133 308 136 309 136 310 136 311 136 314 133 316 132 323 133 340 134 341 134 342 134 347 133 361 127 391 127 398 133 398 133 398 134 399 134 400 134 441 135 442 135 476 133 477 133 478 133 488 126 522 126 535 133 537 134 538 134 539 134 539 134 540 134 546 133 559 129 582 133 594 134 595 134 595 134 601 133 623 126 633 133 633 134 634 134 635 134 636 134 705 133 705 116 702 88 584 89 582 89 564 84 563 84 562 84 536 88 517 84 516 84 515 84 515 84 514 84 508 89 434 85 433 85 432 85 416 90 409 85 408 85 407 85 383 85 382 85 356 91 354 91 349 91 276 85 276 85 275 85 254 91 252 91 247 91 173 86 172 86 171 86 160 91 161 121"/>
                        </Shape>
                        <String CONTENT=""/>
                    </TextLine>
</TextBlock>
                <TextBlock ID="block_2" HPOS="36" VPOS="139" WIDTH="682" HEIGHT="1122" TAGREFS="TYPE_39">
                    <Shape>
                        <Polygon POINTS="36.13752365112305 139.01817321777344 718.8096313476562 139.01817321777344 718.8096313476562 1261.57861328125 36.13752365112305 1261.57861328125 36.13752365112305 139.01817321777344"/>
                    </Shape>
                    <TextLine ID="line_5" HPOS="84" VPOS="134" WIDTH="620" HEIGHT="55" BASELINE="85 172 648 168 704 164" TAGREFS="TYPE_1">
                        <Shape>
                            <Polygon POINTS="85 172 85 183 112 182 121 183 149 189 150 189 151 189 166 183 171 181 207 181 214 183 229 188 230 188 231 188 232 188 242 183 247 181 262 183 289 188 290 188 291 188 306 183 319 180 342 183 366 187 367 187 368 187 380 183 390 181 393 183 396 186 397 186 398 186 398 187 423 187 423 186 423 186 424 186 424 185 427 183 430 181 435 183 435 184 436 184 437 184 438 184 447 183 479 180 511 183 527 185 527 185 528 185 533 183 546 178 552 183 552 183 553 183 554 183 648 177 662 183 663 184 664 184 665 184 703 183 704 164 701 134 659 136 658 136 647 142 613 142 607 137 606 137 605 137 604 137 603 137 602 137 596 143 553 143 545 136 545 135 544 135 543 135 524 135 523 135 522 135 521 135 521 136 512 142 478 137 472 136 472 136 471 136 470 136 469 137 460 144 398 144 390 138 389 137 388 137 387 137 386 137 386 137 381 138 358 144 309 140 308 140 281 145 273 140 271 138 270 138 269 138 269 138 268 138 263 140 252 143 238 140 228 138 227 138 226 138 226 138 224 140 220 144 185 146 171 146 164 140 161 139 160 139 159 139 159 139 84 141 85 172"/>
                        </Shape>
                        <String CONTENT=""/>
                    </TextLine>

                    <TextLine ID="line_6" HPOS="43" VPOS="178" WIDTH="794" HEIGHT="53" BASELINE="44 219 837 208" TAGREFS="TYPE_1">
                        <Shape>
                            <Polygon POINTS="44 219 44 231 837 219 837 208 834 186 698 187 695 186 684 178 683 178 682 178 656 178 656 178 609 185 572 179 571 179 570 179 570 179 558 186 523 183 522 183 521 183 513 187 505 189 498 187 492 184 491 184 490 184 444 187 411 189 406 187 397 183 396 183 395 183 367 187 342 190 331 187 318 183 317 183 316 183 294 188 288 189 282 188 265 183 264 183 263 183 263 183 253 188 239 193 226 188 217 184 216 184 215 184 112 185 111 185 104 188 89 193 73 188 69 187 68 187 67 187 43 188 44 219"/>
                        </Shape>
                        <String CONTENT=""/>
                    </TextLine>

                    <TextLine ID="line_7" HPOS="42" VPOS="223" WIDTH="656" HEIGHT="50" BASELINE="43 260 698 255" TAGREFS="TYPE_1">
                        <Shape>
                            <Polygon POINTS="43 260 43 273 281 269 307 272 314 273 315 273 327 272 381 268 401 272 404 272 404 272 410 272 447 268 462 272 464 272 465 272 466 272 569 271 570 271 570 271 576 267 648 270 649 270 650 270 650 270 656 266 696 270 698 255 695 224 674 228 624 225 602 223 601 223 601 223 600 223 598 225 593 228 565 225 552 224 552 224 531 226 490 229 484 226 481 224 480 224 479 224 478 224 466 226 448 231 386 231 380 227 378 226 377 226 376 226 375 226 365 227 348 231 344 227 342 226 341 226 340 226 316 226 315 226 314 226 309 228 303 232 245 232 237 229 230 226 229 226 228 226 227 226 220 229 213 232 153 232 149 230 143 227 142 227 141 227 42 231 43 260"/>
                        </Shape>
                        <String CONTENT=""/>
                    </TextLine>

                    <TextLine ID="line_8" HPOS="42" VPOS="264" WIDTH="667" HEIGHT="59" BASELINE="43 305 709 298" TAGREFS="TYPE_1">
                        <Shape>
                            <Polygon POINTS="43 305 44 323 77 314 101 320 102 320 103 320 158 316 190 321 190 321 191 321 214 314 272 319 273 319 274 319 302 311 344 318 345 318 346 318 372 311 387 318 388 318 389 319 408 319 412 319 412 318 486 309 501 317 502 317 503 317 535 309 561 316 562 316 563 317 608 317 608 316 609 316 610 316 620 307 635 307 650 307 662 315 663 315 664 315 665 316 708 316 709 298 708 267 704 264 703 264 702 264 701 264 700 264 699 264 694 268 688 273 585 273 573 270 558 266 558 266 511 266 510 266 509 266 509 266 502 271 498 274 466 275 460 271 452 267 451 267 424 267 423 267 423 267 422 267 413 272 406 275 337 274 334 274 326 269 325 269 325 269 324 269 274 275 263 275 262 275 256 269 255 269 254 269 253 269 252 269 241 275 229 269 228 269 193 269 192 269 191 269 171 276 163 278 134 277 134 276 126 270 125 270 124 270 123 270 122 270 106 277 101 279 91 277 59 271 58 271 57 271 42 276 43 305"/>
                        </Shape>
                        <String CONTENT=""/>
                    </TextLine>

                    <TextLine ID="line_9" HPOS="41" VPOS="309" WIDTH="670" HEIGHT="54" BASELINE="42 348 711 340" TAGREFS="TYPE_1">
                        <Shape>
                            <Polygon POINTS="42 348 42 359 92 362 92 362 124 359 137 358 143 359 164 363 165 363 165 363 166 363 171 359 173 357 269 356 289 359 313 361 314 361 343 359 372 355 381 358 387 360 388 360 389 360 406 358 434 354 459 358 471 360 472 360 472 360 478 358 491 354 538 358 553 359 554 359 560 358 586 353 595 358 595 358 596 358 597 358 650 358 660 357 661 357 662 357 667 353 709 357 711 340 708 311 686 314 679 311 675 309 674 309 644 309 644 309 643 309 642 309 638 311 631 316 613 316 601 312 592 310 591 310 590 310 589 310 584 312 578 316 484 317 472 314 460 311 460 311 435 315 411 317 392 315 371 312 370 312 369 312 368 312 364 316 362 317 355 316 333 313 332 313 331 313 319 317 312 318 307 317 300 313 300 313 299 313 281 317 273 319 232 319 231 317 226 314 226 314 225 314 224 314 153 315 153 315 145 319 144 319 135 319 53 316 52 316 51 316 41 319 42 348"/>
                        </Shape>
                        <String CONTENT=""/>
                    </TextLine>

                    <TextLine ID="line_10" HPOS="41" VPOS="350" WIDTH="670" HEIGHT="58" BASELINE="42 391 711 385" TAGREFS="TYPE_1">
                        <Shape>
                            <Polygon POINTS="42 391 42 405 85 408 86 408 87 408 97 405 110 402 116 405 117 407 118 407 119 407 120 407 121 407 124 405 133 401 184 405 193 405 194 405 198 405 227 400 266 404 282 406 283 406 284 406 285 406 288 404 293 401 321 403 322 403 323 403 324 403 329 399 340 404 343 405 343 405 344 406 376 406 376 405 397 404 398 404 398 404 398 403 406 398 424 403 427 404 428 404 429 404 435 403 466 399 509 403 515 403 516 403 517 403 518 403 527 397 548 397 710 402 711 385 711 357 694 350 693 350 693 350 638 357 626 359 619 358 589 352 588 352 588 352 576 358 575 359 569 358 544 354 543 354 542 354 524 358 519 360 516 359 504 352 503 352 482 352 481 352 480 352 463 359 458 360 453 359 433 353 432 353 376 353 375 353 349 358 316 354 315 354 314 354 300 360 296 361 285 360 240 354 239 354 239 354 216 360 207 363 183 361 149 358 148 358 147 358 134 361 126 363 121 361 112 358 111 358 110 358 87 361 73 364 68 362 56 356 55 356 55 356 54 356 41 361 42 391"/>
                        </Shape>
                        <String CONTENT=""/>
                    </TextLine>

                    <TextLine ID="line_11" HPOS="42" VPOS="396" WIDTH="669" HEIGHT="53" BASELINE="42 435 711 428" TAGREFS="TYPE_1">
                        <Shape>
                            <Polygon POINTS="618 418 613 400 579 397 578 397 577 397 561 404 525 399 524 399 495 404 460 398 460 398 459 398 438 405 416 398 415 398 414 398 413 398 412 398 404 406 380 399 380 399 379 399 378 399 357 404 323 402 322 402 321 402 320 402 312 407 293 402 292 402 291 402 264 407 237 401 236 401 235 401 214 408 159 402 159 402 114 409 53 403 52 403 51 403 50 403 42 409 42 435 42 448 269 442 275 445 280 448 281 448 282 448 282 449 331 449 331 448 332 448 343 444 349 441 355 443 364 446 365 446 366 446 389 443 395 442 401 442 435 446 436 446 576 441 603 445 604 445 605 445 621 439 623 439 626 439 668 444 669 444 711 437 711 428 710 403 656 396 656 396 655 396 634 403 622 402 618 418"/>
                        </Shape>
                        <String CONTENT=""/>
                    </TextLine>

                    <TextLine ID="line_12" HPOS="41" VPOS="440" WIDTH="671" HEIGHT="54" BASELINE="42 480 712 472" TAGREFS="TYPE_1">
                        <Shape>
                            <Polygon POINTS="42 480 42 494 146 493 147 493 165 488 205 491 206 491 207 491 216 487 256 493 261 493 262 493 265 492 294 486 308 489 309 489 310 489 348 485 532 489 551 489 552 489 552 489 553 489 564 483 711 487 712 472 710 445 670 446 665 445 650 440 649 440 648 440 626 445 618 446 610 445 597 440 596 440 595 440 595 440 584 445 579 446 574 445 565 441 564 441 564 441 563 441 555 445 548 448 450 448 438 445 427 441 426 441 425 441 424 441 417 445 406 450 376 450 370 445 367 442 366 442 365 442 349 442 349 442 348 442 347 442 344 445 338 450 306 450 299 445 296 443 295 443 294 443 265 443 264 443 263 443 263 443 261 445 257 448 251 445 248 444 247 444 246 444 245 444 245 444 244 445 238 449 216 446 215 446 187 451 171 445 171 445 170 445 118 445 117 445 116 445 116 445 106 452 41 446 42 480"/>
                        </Shape>
                        <String CONTENT=""/>
                    </TextLine>

                    <TextLine ID="line_13" HPOS="42" VPOS="483" WIDTH="670" HEIGHT="55" BASELINE="43 524 712 515" TAGREFS="TYPE_1">
                        <Shape>
                            <Polygon POINTS="43 524 43 538 79 532 96 538 97 538 98 538 98 538 116 532 122 537 123 537 124 537 125 538 143 538 177 538 177 537 179 537 205 531 310 534 315 534 316 534 317 534 318 534 325 529 367 533 376 534 377 534 387 533 418 529 432 532 436 533 437 533 438 533 439 533 440 533 441 532 447 528 470 531 477 532 478 532 478 532 479 532 480 531 486 527 513 531 520 531 521 531 532 531 579 525 711 527 712 515 711 487 648 483 647 483 646 483 636 488 631 489 625 488 608 483 607 483 607 483 606 483 591 489 584 490 570 489 536 484 535 484 534 484 518 489 509 493 423 493 411 491 384 486 383 486 382 486 381 486 374 492 370 494 355 492 319 487 319 487 318 487 300 492 248 488 247 488 207 489 206 489 183 495 175 496 160 495 110 489 109 489 108 489 107 489 97 496 42 496 43 524"/>
                        </Shape>
                        <String CONTENT=""/>
                    </TextLine>

                    <TextLine ID="line_14" HPOS="42" VPOS="527" WIDTH="672" HEIGHT="56" BASELINE="42 567 714 558" TAGREFS="TYPE_1">
                        <Shape>
                            <Polygon POINTS="618 550 613 535 601 535 597 533 580 528 579 528 578 528 577 528 576 528 570 533 566 535 540 533 512 531 511 531 510 531 504 533 496 537 386 537 371 534 360 531 359 531 358 531 357 531 355 534 349 538 343 534 339 531 338 531 317 531 316 531 315 531 309 534 297 538 278 534 269 532 269 532 268 532 267 532 265 534 260 538 202 534 183 533 182 533 171 534 125 540 113 535 112 535 111 535 87 539 42 535 42 567 42 579 107 583 108 583 109 583 122 579 129 576 145 578 175 582 176 582 218 577 244 574 253 577 257 578 257 578 258 578 279 577 326 574 334 576 343 580 344 580 345 580 378 580 378 580 396 575 409 573 417 575 425 579 426 579 427 579 453 575 474 572 492 574 509 577 510 577 541 574 580 570 603 574 622 576 623 576 638 573 648 571 713 572 714 558 712 533 675 527 674 527 674 527 661 533 660 533 646 527 645 527 644 527 644 527 629 533 625 535 621 535 618 550"/>
                        </Shape>
                        <String CONTENT=""/>
                    </TextLine>

                    <TextLine ID="line_15" HPOS="44" VPOS="568" WIDTH="671" HEIGHT="59" BASELINE="45 614 193 608 715 602" TAGREFS="TYPE_1">
                        <Shape>
                            <Polygon POINTS="45 614 45 627 77 620 102 626 104 626 104 626 105 626 106 626 122 619 223 623 224 623 302 617 338 621 357 623 358 623 359 623 368 620 386 616 411 619 413 619 414 619 415 619 428 615 445 618 456 621 457 621 458 621 469 618 482 615 510 617 546 620 546 620 582 619 583 619 593 616 599 613 606 615 616 618 617 618 618 619 650 619 650 618 650 618 651 618 656 614 659 612 714 612 715 602 713 576 687 576 677 568 676 568 675 568 674 568 644 569 644 569 643 569 634 576 608 571 607 571 607 571 606 571 598 577 598 578 569 578 517 578 498 571 497 571 496 571 496 571 476 577 447 572 446 572 350 580 295 574 294 574 233 576 232 576 211 582 141 576 140 576 139 576 138 576 128 584 44 585 45 614"/>
                        </Shape>
                        <String CONTENT=""/>
                    </TextLine>

                    <TextLine ID="line_16" HPOS="43" VPOS="611" WIDTH="673" HEIGHT="58" BASELINE="44 655 716 646" TAGREFS="TYPE_1">
                        <Shape>
                            <Polygon POINTS="44 655 44 664 66 669 67 669 93 664 159 668 160 668 226 661 234 661 245 661 325 665 326 665 374 660 377 660 379 660 409 665 410 665 431 660 497 663 498 663 499 663 500 663 506 658 507 658 512 658 632 661 633 661 634 661 653 655 656 655 659 655 689 660 690 660 716 654 716 646 713 611 682 611 681 611 680 611 668 621 651 622 637 622 623 612 622 612 621 612 595 612 595 612 594 612 593 612 579 622 533 613 533 613 532 613 509 623 475 615 474 615 473 615 453 622 445 615 444 615 443 615 411 615 410 615 409 615 408 615 380 625 286 625 237 617 236 617 235 617 208 627 153 619 152 619 151 619 150 619 136 628 107 623 106 623 105 623 93 629 43 620 44 655"/>
                        </Shape>
                        <String CONTENT=""/>
                    </TextLine>

                    <TextLine ID="line_17" HPOS="42" VPOS="656" WIDTH="667" HEIGHT="58" BASELINE="43 698 709 690" TAGREFS="TYPE_1">
                        <Shape>
                            <Polygon POINTS="43 698 44 714 61 708 85 711 85 711 145 707 170 711 175 712 176 712 186 711 226 706 288 709 321 710 322 710 338 708 362 704 386 707 409 709 410 709 411 709 411 709 415 706 419 703 445 706 477 709 478 709 478 709 479 709 484 705 485 703 487 705 490 708 491 708 492 708 493 709 546 709 546 708 547 708 558 703 562 702 582 703 633 707 634 707 635 707 645 702 647 701 652 702 677 706 678 706 708 700 709 690 706 663 667 664 665 663 656 656 656 656 655 656 654 656 601 661 589 657 588 657 588 657 485 658 484 658 484 658 471 666 469 666 465 666 437 660 436 660 408 666 407 666 394 660 393 660 392 660 392 660 391 660 381 666 381 667 326 668 323 667 301 662 300 662 300 662 268 668 263 670 212 670 211 669 190 661 190 661 189 661 150 670 149 670 147 670 124 664 123 664 122 664 94 670 71 663 70 663 69 663 68 663 42 671 43 698"/>
                        </Shape>
                        <String CONTENT=""/>
                    </TextLine>

                    <TextLine ID="line_18" HPOS="42" VPOS="703" WIDTH="672" HEIGHT="54" BASELINE="43 742 714 733" TAGREFS="TYPE_1">
                        <Shape>
                            <Polygon POINTS="43 742 43 757 124 756 125 756 141 748 184 747 238 755 243 755 244 755 247 754 280 747 381 749 382 749 383 749 397 745 423 752 424 752 425 752 426 752 427 752 429 752 449 746 501 750 502 750 583 742 611 750 612 750 613 750 613 750 614 750 615 750 647 741 678 749 680 749 680 749 714 748 714 733 712 710 672 703 671 703 670 703 644 710 566 704 565 704 529 712 429 713 411 706 410 706 409 706 368 715 335 715 319 708 318 708 317 708 316 708 315 708 306 715 282 715 271 708 270 708 269 708 269 708 222 715 190 709 189 709 122 713 110 709 110 709 109 709 42 718 43 742"/>
                        </Shape>
                        <String CONTENT=""/>
                    </TextLine>

                    <TextLine ID="line_19" HPOS="43" VPOS="745" WIDTH="673" HEIGHT="54" BASELINE="44 786 716 776" TAGREFS="TYPE_1">
                        <Shape>
                            <Polygon POINTS="44 786 44 797 120 794 154 795 214 799 215 799 257 794 270 792 274 793 284 797 285 797 286 797 309 793 312 792 313 792 320 797 321 797 322 797 323 797 366 791 370 791 373 791 395 796 396 796 471 795 534 788 540 788 545 788 582 794 582 794 583 794 584 794 595 787 596 787 603 787 688 790 689 790 716 784 716 776 713 752 642 752 640 752 621 745 620 745 619 745 619 745 595 752 591 754 506 754 500 752 484 748 483 748 482 748 481 748 463 753 458 754 457 753 451 748 450 748 449 748 423 748 423 748 422 748 405 753 396 756 385 753 374 751 374 751 373 751 372 751 361 753 348 757 321 756 319 753 313 750 312 750 312 750 311 750 310 750 299 753 287 758 261 758 251 754 243 751 242 751 241 751 212 754 165 759 143 754 134 752 134 752 133 752 126 754 117 757 111 754 107 752 106 752 105 752 104 752 98 754 83 760 68 754 65 753 64 753 63 753 43 754 44 786"/>
                        </Shape>
                        <String CONTENT=""/>
                    </TextLine>

                    <TextLine ID="line_20" HPOS="43" VPOS="788" WIDTH="674" HEIGHT="57" BASELINE="44 831 717 819" TAGREFS="TYPE_1">
                        <Shape>
                            <Polygon POINTS="44 831 44 841 95 845 96 845 138 844 139 844 140 844 146 840 149 838 171 839 233 843 233 843 234 843 246 838 251 837 282 837 285 837 293 842 294 842 294 842 324 837 333 836 338 837 352 841 353 841 354 841 355 841 368 837 371 836 375 837 400 840 401 840 475 835 500 833 516 834 560 837 561 837 717 831 717 819 717 794 694 788 693 788 693 788 692 788 678 794 676 795 650 796 638 794 597 789 596 789 595 789 575 794 570 790 569 790 568 790 567 790 458 791 424 800 421 801 355 801 338 801 222 795 221 795 170 804 97 801 96 801 43 807 44 831"/>
                        </Shape>
                        <String CONTENT=""/>
                    </TextLine>

                    <TextLine ID="line_21" HPOS="44" VPOS="832" WIDTH="672" HEIGHT="55" BASELINE="45 874 716 863" TAGREFS="TYPE_1">
                        <Shape>
                            <Polygon POINTS="45 874 45 883 200 887 201 887 202 887 216 881 259 886 260 886 261 886 262 886 269 880 282 886 282 886 283 886 380 885 435 884 435 884 436 884 445 878 539 882 539 882 540 882 556 876 573 881 574 881 575 882 575 881 576 881 594 876 693 878 694 878 716 873 716 863 715 839 697 832 696 832 695 832 694 832 673 838 662 832 661 832 631 832 630 832 629 832 601 840 568 837 567 837 490 841 463 835 462 835 461 835 460 835 451 842 401 836 400 836 399 836 374 843 327 837 326 837 325 837 307 843 268 837 267 837 233 845 165 839 165 839 136 840 135 840 134 840 123 847 122 848 44 848 45 874"/>
                        </Shape>
                        <String CONTENT=""/>
                    </TextLine>

                    <TextLine ID="line_22" HPOS="45" VPOS="875" WIDTH="674" HEIGHT="60" BASELINE="46 919 719 907" TAGREFS="TYPE_1">
                        <Shape>
                            <Polygon POINTS="46 919 47 935 67 928 85 934 89 935 90 935 91 935 101 934 153 926 231 930 255 931 256 931 265 929 292 923 376 923 384 926 390 929 391 929 392 929 392 929 401 926 411 923 419 925 428 929 429 929 429 929 430 929 439 925 444 923 457 924 478 928 478 928 509 927 510 927 511 927 515 923 517 922 518 923 522 926 523 926 524 926 525 926 565 922 576 921 583 921 622 925 623 925 659 924 660 924 661 924 668 919 672 917 718 917 719 907 718 883 692 875 691 875 690 875 689 875 669 883 652 877 651 877 650 877 650 877 637 883 601 879 600 879 599 879 598 879 591 884 533 878 533 878 532 878 531 878 521 886 457 886 432 880 431 880 430 880 429 880 429 880 429 880 421 887 411 880 410 880 409 880 408 880 407 880 406 880 398 888 376 888 341 881 340 881 339 881 319 889 240 886 239 886 239 886 238 886 238 886 233 891 185 885 184 885 149 889 93 886 92 886 45 894 46 919"/>
                        </Shape>
                        <String CONTENT=""/>
                    </TextLine>

                    <TextLine ID="line_23" HPOS="44" VPOS="921" WIDTH="676" HEIGHT="53" BASELINE="45 961 720 951" TAGREFS="TYPE_1">
                        <Shape>
                            <Polygon POINTS="45 961 45 974 196 974 196 973 203 972 221 968 276 971 305 972 306 972 306 972 307 972 309 971 314 967 356 970 380 972 381 972 391 970 411 966 430 969 435 970 435 970 436 970 437 970 438 969 445 965 480 969 486 969 487 969 491 969 516 964 540 968 547 969 548 969 549 969 550 969 551 968 558 963 596 967 606 968 607 968 607 968 608 968 609 967 618 962 649 966 654 967 655 967 656 967 658 966 678 961 719 966 720 951 717 921 595 928 561 923 546 921 546 921 533 923 507 929 443 929 435 925 435 925 434 925 433 925 432 925 422 930 394 925 381 923 380 923 361 926 319 932 294 927 285 925 284 925 283 925 277 927 260 934 237 934 229 928 227 926 226 926 226 926 225 926 224 926 217 928 197 935 161 935 154 929 152 927 151 927 150 927 149 927 115 928 114 928 108 929 92 935 74 930 68 929 67 929 67 929 44 930 45 961"/>
                        </Shape>
                        <String CONTENT=""/>
                    </TextLine>

                    <TextLine ID="line_24" HPOS="48" VPOS="960" WIDTH="672" HEIGHT="62" BASELINE="49 1007 720 994" TAGREFS="TYPE_1">
                        <Shape>
                            <Polygon POINTS="616 992 611 972 599 972 578 966 577 966 576 966 576 966 560 973 510 973 496 967 496 967 495 967 494 967 493 967 469 974 458 968 452 966 451 966 450 966 411 966 410 966 409 966 404 970 398 976 361 977 325 972 289 969 288 969 288 969 277 974 269 978 253 975 227 970 226 970 226 970 212 977 206 979 176 978 94 972 93 972 92 972 92 972 83 979 65 973 64 973 63 973 62 973 48 980 49 1007 49 1022 96 1015 133 1021 137 1021 138 1021 139 1021 141 1021 153 1015 182 1019 183 1019 184 1019 195 1013 228 1013 260 1019 263 1019 264 1019 265 1019 266 1019 275 1011 328 1011 357 1017 361 1017 361 1017 368 1016 411 1010 441 1015 444 1015 445 1015 446 1015 447 1015 456 1008 496 1014 497 1014 498 1014 520 1008 531 1013 532 1013 533 1013 596 1006 719 1009 720 994 717 960 674 962 673 962 672 962 660 972 619 972 616 992"/>
                        </Shape>
                        <String CONTENT=""/>
                    </TextLine>

                    <TextLine ID="line_25" HPOS="47" VPOS="1005" WIDTH="676" HEIGHT="56" BASELINE="48 1051 723 1038" TAGREFS="TYPE_1">
                        <Shape>
                            <Polygon POINTS="48 1051 48 1061 317 1061 317 1060 450 1051 462 1051 471 1051 585 1055 586 1055 587 1055 598 1049 643 1049 667 1053 668 1053 668 1053 682 1047 682 1046 723 1045 723 1038 721 1013 678 1013 661 1005 660 1005 659 1005 658 1005 642 1014 600 1014 580 1007 579 1007 545 1007 544 1007 499 1016 498 1016 496 1016 460 1008 460 1008 459 1008 458 1008 447 1017 446 1018 432 1018 426 1018 411 1009 410 1009 409 1009 408 1009 378 1018 319 1011 319 1011 288 1012 287 1012 286 1012 273 1021 271 1021 239 1013 238 1013 237 1013 214 1021 214 1021 212 1021 171 1016 171 1016 170 1016 169 1016 162 1022 161 1023 147 1023 147 1022 135 1015 134 1015 134 1015 106 1015 105 1015 104 1015 88 1024 47 1024 48 1051"/>
                        </Shape>
                        <String CONTENT=""/>
                    </TextLine>

                    <TextLine ID="line_26" HPOS="48" VPOS="1050" WIDTH="675" HEIGHT="61" BASELINE="49 1093 723 1081" TAGREFS="TYPE_1">
                        <Shape>
                            <Polygon POINTS="49 1093 49 1101 95 1111 96 1111 97 1111 116 1100 169 1100 181 1109 182 1109 183 1109 184 1109 274 1107 275 1107 291 1099 319 1104 319 1104 320 1104 337 1097 353 1104 354 1104 355 1104 355 1104 376 1098 387 1105 388 1105 389 1105 390 1105 443 1098 452 1104 453 1104 453 1104 454 1105 478 1105 478 1104 478 1104 479 1104 489 1096 548 1102 549 1102 550 1102 579 1093 681 1095 682 1095 723 1089 723 1081 720 1057 655 1057 628 1050 627 1050 626 1050 625 1050 607 1058 579 1058 560 1051 559 1051 558 1051 533 1056 508 1051 507 1051 506 1051 494 1057 439 1052 438 1052 437 1052 436 1052 430 1057 375 1054 374 1054 374 1054 349 1063 304 1063 292 1057 291 1057 290 1057 289 1057 274 1064 214 1064 194 1057 193 1057 192 1057 143 1064 110 1060 109 1060 108 1060 89 1067 61 1059 61 1059 60 1059 59 1059 58 1059 48 1066 49 1093"/>
                        </Shape>
                        <String CONTENT=""/>
                    </TextLine>

                    <TextLine ID="line_27" HPOS="48" VPOS="1093" WIDTH="677" HEIGHT="56" BASELINE="49 1137 725 1125" TAGREFS="TYPE_1">
                        <Shape>
                            <Polygon POINTS="49 1137 49 1149 259 1149 259 1149 260 1149 273 1144 279 1143 289 1143 318 1148 319 1148 319 1148 334 1143 338 1142 342 1143 357 1147 358 1147 359 1147 360 1147 361 1147 368 1142 369 1141 378 1142 406 1146 407 1146 408 1146 409 1146 415 1141 417 1140 426 1141 448 1143 449 1143 450 1143 451 1143 454 1140 457 1138 501 1138 506 1139 520 1143 521 1143 521 1143 631 1142 631 1142 642 1137 679 1141 680 1141 725 1134 725 1125 723 1098 680 1093 679 1093 526 1101 493 1103 490 1102 472 1097 472 1097 471 1097 470 1097 449 1103 445 1105 398 1105 386 1104 319 1100 318 1100 276 1106 270 1107 269 1106 257 1101 257 1101 256 1101 207 1108 202 1108 198 1108 153 1103 152 1103 151 1103 141 1108 125 1104 124 1104 123 1104 122 1104 110 1110 110 1110 109 1110 92 1106 91 1106 90 1106 89 1106 88 1106 81 1111 80 1112 48 1112 49 1137"/>
                        </Shape>
                        <String CONTENT=""/>
                    </TextLine>

                    <TextLine ID="line_28" HPOS="51" VPOS="1138" WIDTH="675" HEIGHT="53" BASELINE="52 1180 726 1169" TAGREFS="TYPE_1">
                        <Shape>
                            <Polygon POINTS="52 1180 52 1187 219 1191 220 1191 220 1191 239 1186 331 1189 332 1189 403 1183 410 1183 413 1183 442 1187 443 1187 494 1186 495 1186 496 1186 503 1182 504 1180 726 1179 726 1169 725 1146 711 1138 711 1138 674 1138 673 1138 672 1138 671 1138 661 1145 576 1141 576 1141 575 1141 556 1148 543 1143 542 1143 541 1143 540 1143 523 1148 512 1143 511 1143 510 1143 509 1143 496 1147 464 1142 463 1142 462 1142 436 1149 411 1145 411 1145 320 1151 309 1144 308 1144 307 1144 288 1144 287 1144 286 1144 263 1153 204 1153 190 1146 190 1146 189 1146 188 1146 162 1155 98 1155 89 1148 88 1148 87 1148 67 1148 67 1148 66 1148 51 1155 52 1180"/>
                        </Shape>
                        <String CONTENT=""/>
                    </TextLine>

                    <TextLine ID="line_29" HPOS="51" VPOS="1180" WIDTH="677" HEIGHT="57" BASELINE="52 1224 728 1211" TAGREFS="TYPE_1">
                        <Shape>
                            <Polygon POINTS="52 1224 52 1235 184 1237 185 1237 222 1232 233 1231 250 1232 320 1235 321 1235 360 1229 368 1229 374 1229 411 1233 411 1233 493 1226 502 1226 506 1226 546 1230 546 1230 547 1230 562 1225 590 1229 591 1229 592 1229 593 1229 601 1225 662 1228 662 1228 663 1228 664 1228 670 1222 728 1221 728 1211 725 1186 645 1186 634 1181 633 1181 632 1181 631 1181 618 1186 600 1180 599 1180 598 1180 553 1180 552 1180 538 1188 537 1189 486 1189 486 1188 473 1183 472 1183 472 1183 428 1189 417 1192 350 1192 348 1191 337 1185 336 1185 335 1185 296 1186 295 1186 294 1186 287 1191 239 1186 238 1186 195 1192 184 1194 175 1193 148 1188 147 1188 147 1188 131 1193 124 1197 81 1197 75 1194 65 1190 64 1190 63 1190 62 1190 51 1193 52 1224"/>
                        </Shape>
                        <String CONTENT=""/>
                    </TextLine>
</TextBlock>
                <TextBlock ID="textblock_4">
                    
                    <TextLine ID="line_30" HPOS="52" VPOS="1226" WIDTH="679" HEIGHT="74" BASELINE="53 1268 731 1256" TAGREFS="TYPE_1">
                        <Shape>
                            <Polygon POINTS="53 1268 54 1300 108 1286 146 1296 151 1297 152 1297 153 1297 174 1295 226 1289 234 1292 239 1295 240 1295 241 1295 242 1295 243 1295 246 1292 257 1285 263 1288 264 1288 265 1288 266 1288 284 1278 301 1278 318 1289 326 1295 327 1295 328 1295 329 1295 440 1293 460 1292 461 1292 462 1292 472 1285 491 1288 492 1288 493 1288 509 1281 522 1274 619 1273 627 1276 643 1281 644 1281 644 1281 668 1279 669 1279 670 1279 680 1273 684 1271 730 1271 731 1256 730 1231 689 1226 688 1226 593 1233 592 1233 566 1226 565 1226 564 1226 564 1226 563 1226 552 1234 525 1234 498 1227 497 1227 496 1227 448 1228 447 1228 417 1235 401 1229 400 1229 399 1229 352 1229 351 1229 350 1229 339 1237 268 1231 267 1231 266 1231 265 1231 253 1239 252 1239 251 1239 159 1235 158 1235 157 1235 147 1240 125 1234 124 1234 123 1234 52 1242 53 1268"/>
                        </Shape>
                        <String CONTENT=""/>
                    </TextLine>

                    
                    <TextLine ID="line_31" HPOS="122" VPOS="1284" WIDTH="12" HEIGHT="61" BASELINE="122 1313 134 1313" TAGREFS="TYPE_1">
                        <Shape>
                            <Polygon POINTS="122 1313 122 1345 134 1343 134 1313 134 1286 122 1284 122 1313"/>
                        </Shape>
                        <String CONTENT=""/>
                    </TextLine>

                </TextBlock>
            </PrintSpace>
        </Page>
    </Layout>
</alto>