<?xml version="1.0" encoding="UTF-8"?>
<alto xmlns:xsi="http://www.w3.org/2001/XMLSchema-instance"
    xmlns="http://www.loc.gov/standards/alto/ns-v4#"
    xsi:schemaLocation="http://www.loc.gov/standards/alto/ns-v4# http://www.loc.gov/standards/alto/v4/alto-4-3.xsd">
    <Description>
        <MeasurementUnit>pixel</MeasurementUnit>
        <sourceImageInformation>
            <fileName>7326016.jpeg</fileName>
        </sourceImageInformation>
        <Processing ID="OCR_0">
            <processingCategory>other</processingCategory>
            <processingStepDescription>unknown</processingStepDescription>
            <processingSoftware>
                <softwareName>kraken</softwareName>
                <softwareVersion>4.3.13</softwareVersion>
            </processingSoftware>
        </Processing>
    </Description>
    <Tags>
        <OtherTag ID="TYPE_1" LABEL="DefaultLine"/>
        <OtherTag ID="TYPE_2" LABEL="NumberingZone"/>
        <OtherTag ID="TYPE_3" LABEL="MainZone-Entry-Continued"/>
        <OtherTag ID="TYPE_4" LABEL="MainZone-Form"/>
        <OtherTag ID="TYPE_5" LABEL="MainZone-Lg"/>
        <OtherTag ID="TYPE_6" LABEL="DigitizationArtefactZone"/>
        <OtherTag ID="TYPE_7" LABEL="TableZone-Head"/>
        <OtherTag ID="TYPE_8" LABEL="MainZone-Sp"/>
        <OtherTag ID="TYPE_9" LABEL="MainZone-Sp-Continued"/>
        <OtherTag ID="TYPE_10" LABEL="TableZone-Continued"/>
        <OtherTag ID="TYPE_11" LABEL="MarginTextZone-ManuscriptAddendum"/>
        <OtherTag ID="TYPE_12" LABEL="GraphicZone-FigDesc"/>
        <OtherTag ID="TYPE_13" LABEL="MarginTextZone-Notes"/>
        <OtherTag ID="TYPE_14" LABEL="StampZone"/>
        <OtherTag ID="TYPE_15" LABEL="FigureZone"/>
        <OtherTag ID="TYPE_16" LABEL="MainZone-Head"/>
        <OtherTag ID="TYPE_17" LABEL="DropCapitalZone"/>
        <OtherTag ID="TYPE_18" LABEL="MainZone-Date"/>
        <OtherTag ID="TYPE_19" LABEL="MainZone-List-Continued"/>
        <OtherTag ID="TYPE_20" LABEL="FigureZone-Head"/>
        <OtherTag ID="TYPE_21" LABEL="GraphicZone-Head"/>
        <OtherTag ID="TYPE_22" LABEL="MainZone-P"/>
        <OtherTag ID="TYPE_23" LABEL="MainZone-Signature"/>
        <OtherTag ID="TYPE_24" LABEL="TitlePageZone-Index"/>
        <OtherTag ID="TYPE_25" LABEL="MainZone-Lg-Continued"/>
        <OtherTag ID="TYPE_26" LABEL="GraphicZone"/>
        <OtherTag ID="TYPE_27" LABEL="MarginTextZone-Notes-Continued"/>
        <OtherTag ID="TYPE_28" LABEL="GraphicZone-TextualContent"/>
        <OtherTag ID="TYPE_29" LABEL="GraphicZone-Maths"/>
        <OtherTag ID="TYPE_30" LABEL="GraphicZone-Part"/>
        <OtherTag ID="TYPE_31" LABEL="MainZone-Other"/>
        <OtherTag ID="TYPE_32" LABEL="FigureZone-FigDesc"/>
        <OtherTag ID="TYPE_33" LABEL="GraphicZone-Decoration"/>
        <OtherTag ID="TYPE_34" LABEL="MainZone-List"/>
        <OtherTag ID="TYPE_35" LABEL="MainZone-Entry"/>
        <OtherTag ID="TYPE_36" LABEL="AdvertisementZone"/>
        <OtherTag ID="TYPE_37" LABEL="TitlePageZone"/>
        <OtherTag ID="TYPE_38" LABEL="StampZone-Sticker"/>
        <OtherTag ID="TYPE_39" LABEL="MainZone-P-Continued"/>
        <OtherTag ID="TYPE_40" LABEL="TableZone"/>
        <OtherTag ID="TYPE_41" LABEL="RunningTitleZone"/>
        <OtherTag ID="TYPE_42" LABEL="QuireMarksZone"/>
    </Tags>
    <Layout>
        <Page WIDTH="1000" HEIGHT="1547" PHYSICAL_IMG_NR="0" ID="page_0">
            <PrintSpace HPOS="0" VPOS="0" WIDTH="1000" HEIGHT="1547">
                <TextBlock ID="block_6" HPOS="393" VPOS="96" WIDTH="487" HEIGHT="41" TAGREFS="TYPE_41">
                    <Shape>
                        <Polygon POINTS="393.5698547363281 96.99109649658203 880.155517578125 96.99109649658203 880.155517578125 137.505615234375 393.5698547363281 137.505615234375 393.5698547363281 96.99109649658203"/>
                    </Shape>
                    <TextLine ID="line_0" HPOS="393" VPOS="114" WIDTH="485" HEIGHT="27" BASELINE="393 126 878 126" TAGREFS="TYPE_1">
                        <Shape>
                            <Polygon POINTS="840 121 832 124 823 124 815 124 806 124 797 124 789 124 780 124 772 124 763 124 754 124 746 124 737 124 729 124 720 124 711 124 703 124 694 124 686 124 677 124 668 124 660 124 651 124 643 124 634 124 625 124 617 124 608 124 600 124 591 124 582 124 574 124 565 124 557 124 548 124 539 124 531 124 522 124 514 124 505 124 496 124 488 124 479 124 471 124 462 124 453 124 445 124 436 124 428 124 419 124 411 124 402 124 393 124 393 126 393 134 429 134 436 140 436 140 437 140 438 140 439 140 440 140 441 140 452 134 462 140 463 140 464 140 465 140 505 139 506 139 507 139 513 134 542 134 558 140 559 140 560 140 561 140 577 134 591 140 592 140 593 141 654 141 654 140 655 140 666 135 671 140 672 140 673 140 674 140 695 136 717 140 717 140 718 140 719 140 731 134 758 134 766 140 766 140 766 140 767 140 768 140 808 134 825 140 826 140 827 140 828 140 828 140 835 134 843 140 844 140 845 140 846 140 846 140 860 134 878 134 878 126 878 114 840 114 840 121"/>
                        </Shape>
                        <String CONTENT=""/>
                    </TextLine>
</TextBlock>
                <TextBlock ID="block_4" HPOS="299" VPOS="144" WIDTH="677" HEIGHT="398" TAGREFS="TYPE_39">
                    <Shape>
                        <Polygon POINTS="299.80120849609375 144.23570251464844 976.7739868164062 144.23570251464844 976.7739868164062 542.5455932617188 299.80120849609375 542.5455932617188 299.80120849609375 144.23570251464844"/>
                    </Shape>
                    <TextLine ID="line_1" HPOS="304" VPOS="140" WIDTH="668" HEIGHT="53" BASELINE="305 180 972 177" TAGREFS="TYPE_1">
                        <Shape>
                            <Polygon POINTS="305 180 305 189 424 193 425 193 426 193 436 189 440 189 544 192 545 192 546 192 554 188 555 188 571 192 572 192 573 192 609 188 610 188 631 192 632 192 667 187 669 187 670 187 675 191 676 191 677 191 678 191 771 187 773 187 774 187 803 191 804 191 805 191 806 191 814 186 815 186 820 186 854 190 855 190 971 185 972 177 970 147 927 147 926 146 917 140 916 140 915 140 914 140 914 140 897 146 896 146 895 146 870 142 869 142 800 146 767 147 764 146 755 141 754 141 754 141 726 146 712 147 707 146 697 140 696 140 673 140 672 140 671 140 670 140 663 145 662 146 640 145 585 142 584 142 583 142 579 145 571 148 541 144 519 141 518 141 517 141 510 144 499 149 470 149 445 144 437 142 436 142 435 142 431 143 422 146 380 143 366 142 365 142 364 142 361 143 346 149 329 143 327 142 326 142 325 142 304 142 305 180"/>
                        </Shape>
                        <String CONTENT=""/>
                    </TextLine>

                    <TextLine ID="line_2" HPOS="305" VPOS="191" WIDTH="667" HEIGHT="48" BASELINE="306 223 972 220" TAGREFS="TYPE_1">
                        <Shape>
                            <Polygon POINTS="838 196 835 191 305 192 306 223 306 234 508 239 509 239 649 233 656 233 663 233 762 238 763 238 764 238 779 232 781 232 805 232 806 232 812 238 813 238 814 238 815 238 901 232 904 232 905 232 934 238 935 238 971 232 972 220 969 191 840 191 838 196"/>
                        </Shape>
                        <String CONTENT=""/>
                    </TextLine>

                    <TextLine ID="line_3" HPOS="305" VPOS="232" WIDTH="670" HEIGHT="50" BASELINE="306 268 975 263" TAGREFS="TYPE_1">
                        <Shape>
                            <Polygon POINTS="306 268 306 278 327 277 330 278 335 282 336 282 337 282 337 282 338 282 347 278 349 277 350 278 358 281 359 281 360 281 397 278 404 277 410 278 438 282 439 282 500 277 509 276 510 277 515 281 515 281 516 281 517 281 518 281 533 277 567 281 568 281 569 281 570 281 578 276 579 276 599 281 600 281 601 281 601 281 607 276 609 275 687 275 687 275 704 281 705 281 705 281 706 281 724 275 871 279 872 279 907 274 907 274 920 279 921 279 922 280 962 280 962 279 963 279 975 273 975 263 974 232 939 232 938 232 938 232 937 232 926 239 881 239 871 232 870 232 869 232 868 232 838 239 825 234 824 234 823 234 797 239 775 232 774 232 773 232 716 232 715 232 714 232 713 232 703 241 644 241 631 233 631 233 630 233 629 233 628 233 627 233 610 238 562 234 561 234 560 234 559 234 540 242 489 242 473 234 472 234 472 234 441 234 441 234 440 234 439 234 439 235 429 242 305 236 306 268"/>
                        </Shape>
                        <String CONTENT=""/>
                    </TextLine>

                    <TextLine ID="line_4" HPOS="304" VPOS="274" WIDTH="670" HEIGHT="54" BASELINE="305 311 974 307" TAGREFS="TYPE_1">
                        <Shape>
                            <Polygon POINTS="305 311 305 321 354 321 355 321 361 326 362 326 363 326 364 326 386 322 415 327 416 327 417 327 417 327 426 321 435 327 435 327 436 327 437 328 457 328 457 327 571 320 576 320 577 320 601 326 601 326 602 326 603 326 618 320 618 319 667 319 669 319 696 325 697 326 761 326 761 325 762 325 763 325 769 321 805 325 806 325 835 318 838 318 857 318 858 318 865 324 866 324 867 324 868 324 973 317 974 307 972 281 937 274 936 274 935 274 920 281 878 274 877 274 877 274 849 281 801 281 758 277 757 277 733 281 724 275 723 275 723 275 693 275 692 275 691 275 676 281 639 275 638 275 586 275 585 275 584 275 575 283 490 283 476 276 475 276 474 276 473 276 459 283 425 276 424 276 380 283 320 276 319 276 319 276 304 283 305 311"/>
                        </Shape>
                        <String CONTENT=""/>
                    </TextLine>

                    <TextLine ID="line_5" HPOS="304" VPOS="319" WIDTH="670" HEIGHT="52" BASELINE="305 354 974 351" TAGREFS="TYPE_1">
                        <Shape>
                            <Polygon POINTS="305 354 306 371 322 364 336 368 337 368 337 368 386 365 393 370 394 370 395 370 396 370 397 370 411 365 476 367 477 367 478 367 487 363 541 363 548 369 549 369 550 369 551 369 607 363 650 368 651 368 652 368 663 364 754 368 762 368 763 368 764 368 765 368 783 362 846 367 846 367 847 367 848 367 878 361 899 367 900 367 901 367 901 367 974 366 974 351 972 325 835 319 834 319 806 325 804 325 799 325 722 320 721 320 720 320 719 320 711 325 710 326 675 326 675 325 653 320 652 320 651 320 613 326 609 326 607 326 591 321 590 321 589 321 521 326 514 326 509 326 472 321 471 321 470 321 460 326 458 327 452 326 427 322 426 322 304 326 305 354"/>
                        </Shape>
                        <String CONTENT=""/>
                    </TextLine>

                    <TextLine ID="line_6" HPOS="303" VPOS="362" WIDTH="670" HEIGHT="51" BASELINE="304 398 973 394" TAGREFS="TYPE_1">
                        <Shape>
                            <Polygon POINTS="304 398 304 409 486 413 487 413 528 409 537 408 541 409 558 412 558 412 559 412 574 408 579 407 592 408 633 412 634 412 635 412 636 412 642 408 643 407 681 407 682 408 690 411 691 411 692 411 716 407 723 406 730 407 753 411 754 411 779 407 785 406 790 407 817 411 818 411 819 411 834 406 840 405 864 405 865 406 871 410 871 410 872 410 873 411 907 411 907 410 907 410 917 406 919 405 925 406 957 410 957 410 958 410 973 405 973 394 970 362 927 369 920 363 919 363 918 363 917 363 916 363 835 371 752 371 746 366 744 364 743 364 742 364 724 364 723 364 723 364 718 366 713 368 694 366 676 365 675 365 674 365 674 365 671 366 663 371 610 368 582 366 581 366 557 369 527 372 504 370 465 366 464 366 436 371 434 371 432 371 401 366 400 366 399 366 386 372 386 372 343 372 341 372 335 368 334 368 333 368 332 368 303 372 304 398"/>
                        </Shape>
                        <String CONTENT=""/>
                    </TextLine>

                    <TextLine ID="line_7" HPOS="303" VPOS="406" WIDTH="670" HEIGHT="48" BASELINE="304 441 973 440" TAGREFS="TYPE_1">
                        <Shape>
                            <Polygon POINTS="304 441 304 454 973 452 973 440 972 411 955 406 954 406 953 406 952 406 938 411 932 414 883 414 878 411 862 406 861 406 860 406 859 406 858 406 850 412 847 414 829 414 827 412 819 406 818 406 817 406 721 406 720 406 719 406 699 413 698 414 665 414 664 413 653 406 652 406 651 406 650 406 599 413 594 414 592 413 579 407 578 407 527 407 527 407 526 407 508 414 493 407 492 407 491 407 490 407 469 414 452 409 451 409 450 409 401 414 380 407 380 407 379 407 378 407 364 415 344 415 332 408 331 408 331 408 330 408 303 415 304 441"/>
                        </Shape>
                        <String CONTENT=""/>
                    </TextLine>

                    <TextLine ID="line_8" HPOS="303" VPOS="464" WIDTH="668" HEIGHT="37" BASELINE="304 485 971 483" TAGREFS="TYPE_1">
                        <Shape>
                            <Polygon POINTS="836 475 828 476 819 476 810 476 802 476 793 476 785 476 776 476 767 476 759 476 750 476 742 476 733 476 724 476 716 476 707 476 699 476 690 476 681 476 673 476 664 476 656 476 647 476 638 476 630 476 621 476 613 476 604 476 595 476 587 476 578 476 570 476 561 476 552 476 544 476 535 476 527 476 518 476 509 476 501 476 492 476 484 476 475 476 466 476 458 476 449 476 441 476 432 476 423 476 415 476 406 476 398 476 389 476 380 476 372 476 363 476 355 476 346 476 337 476 329 476 320 476 312 476 303 476 304 485 304 493 316 499 317 499 318 499 319 499 319 499 327 494 439 494 455 501 456 501 457 501 558 500 558 500 559 500 570 493 570 493 574 493 610 498 611 498 638 494 646 500 647 500 648 500 649 500 685 493 688 493 703 493 723 494 730 500 731 500 732 500 733 500 771 499 772 499 783 493 785 492 815 492 819 493 829 499 830 499 831 500 869 500 869 499 870 499 883 493 884 493 891 493 947 499 948 499 949 499 950 499 957 493 959 492 969 493 971 483 969 464 858 464 857 464 856 464 853 464 838 473 836 473 836 475"/>
                        </Shape>
                        <String CONTENT=""/>
                    </TextLine>

                    <TextLine ID="line_9" HPOS="306" VPOS="491" WIDTH="631" HEIGHT="56" BASELINE="306 531 937 525" TAGREFS="TYPE_1">
                        <Shape>
                            <Polygon POINTS="306 531 307 547 325 542 380 547 386 547 387 547 388 547 390 547 411 541 467 541 474 546 475 546 476 546 477 547 511 547 511 546 512 546 513 546 513 545 521 540 566 545 570 545 571 545 576 545 625 539 644 544 644 544 645 544 646 544 663 539 670 544 671 544 672 544 673 545 709 545 709 544 710 544 711 544 728 538 743 544 744 544 745 544 747 544 784 539 813 544 818 544 819 544 937 542 937 525 935 501 902 495 901 495 901 495 891 500 880 491 879 491 878 491 865 491 864 491 863 491 862 491 850 501 837 501 830 501 829 501 813 495 812 495 811 495 810 495 809 495 803 501 803 501 784 501 749 501 727 492 726 492 725 492 667 501 627 493 626 493 625 493 596 502 595 503 505 503 503 502 495 495 494 495 493 495 492 495 491 495 481 501 423 495 422 495 306 503 306 531"/>
                        </Shape>
                        <String CONTENT=""/>
                    </TextLine>
</TextBlock>
                <TextBlock ID="block_1" HPOS="298" VPOS="551" WIDTH="677" HEIGHT="322" TAGREFS="TYPE_16">
                    <Shape>
                        <Polygon POINTS="298.2743835449219 551.8479614257812 975.13330078125 551.8479614257812 975.13330078125 873.75048828125 298.2743835449219 873.75048828125 298.2743835449219 551.8479614257812"/>
                    </Shape>
                    <TextLine ID="line_10" HPOS="369" VPOS="547" WIDTH="601" HEIGHT="57" BASELINE="370 591 970 589" TAGREFS="TYPE_1">
                        <Shape>
                            <Polygon POINTS="370 591 370 602 412 598 481 601 501 602 502 602 503 602 504 601 510 598 515 601 518 603 519 603 520 603 521 604 587 604 587 603 588 603 595 600 601 598 651 598 657 599 668 603 668 603 669 603 670 603 671 603 676 599 680 597 688 599 699 602 700 602 701 603 701 602 702 602 714 599 723 597 803 597 806 598 812 602 813 602 814 602 815 602 843 598 850 597 880 597 882 597 889 602 889 602 890 602 891 602 892 602 907 597 909 597 911 597 938 602 939 603 939 602 969 596 970 589 967 553 943 562 889 562 870 553 857 547 856 547 855 547 854 547 853 547 846 552 836 559 824 555 823 555 822 555 796 561 783 554 782 554 781 554 780 554 757 561 723 552 714 550 713 550 712 550 711 550 709 552 694 561 673 557 672 557 623 562 602 552 593 548 592 548 549 548 548 548 547 548 539 552 521 561 470 562 448 552 440 548 439 548 438 548 369 551 370 591"/>
                        </Shape>
                        <String CONTENT=""/>
                    </TextLine>

                    <TextLine ID="line_11" HPOS="301" VPOS="602" WIDTH="668" HEIGHT="60" BASELINE="301 642 969 642" TAGREFS="TYPE_1">
                        <Shape>
                            <Polygon POINTS="301 655 313 661 314 661 315 661 347 655 370 661 371 661 372 662 413 662 413 661 414 661 415 661 423 654 426 653 486 653 488 654 494 659 495 659 496 659 496 659 535 654 545 653 548 654 558 658 559 658 560 659 560 658 561 658 572 654 575 653 629 653 632 654 649 659 650 659 741 661 742 661 742 661 758 653 760 653 836 653 837 653 853 660 854 660 855 660 856 660 876 653 877 653 897 661 898 661 899 662 939 662 939 661 940 661 941 661 951 653 968 652 969 642 968 613 932 613 931 612 878 602 877 602 828 612 825 612 823 611 803 602 802 602 801 602 739 611 730 613 691 613 687 611 674 602 673 602 672 602 644 602 644 602 643 602 609 611 601 613 573 613 570 611 558 602 558 602 557 602 556 602 555 602 538 610 533 613 519 613 514 610 502 602 501 602 500 602 499 602 453 606 439 602 438 602 437 602 436 602 435 602 423 610 421 611 417 610 405 606 404 606 404 606 380 609 368 602 368 602 367 602 366 602 365 602 345 607 334 602 333 602 332 602 331 602 316 609 309 611 302 609 301 642 301 655"/>
                        </Shape>
                        <String CONTENT=""/>
                    </TextLine>

                    <TextLine ID="line_12" HPOS="306" VPOS="655" WIDTH="664" HEIGHT="59" BASELINE="306 696 970 697" TAGREFS="TYPE_1">
                        <Shape>
                            <Polygon POINTS="306 696 306 713 346 707 356 713 357 714 358 714 359 714 360 714 373 713 423 707 444 707 453 712 455 714 456 714 457 714 458 714 459 714 466 711 477 709 516 711 564 714 564 714 565 714 575 710 584 707 671 707 688 709 723 714 723 714 724 714 725 714 734 709 736 707 747 709 774 713 775 713 833 708 841 707 846 707 877 714 878 714 879 714 899 707 900 707 901 707 958 713 959 713 960 713 961 713 969 706 970 697 970 660 960 655 959 655 958 655 957 655 957 655 948 661 941 666 807 666 798 662 781 655 780 655 755 655 754 655 754 655 753 655 742 663 738 666 726 663 715 660 714 660 713 660 705 663 695 666 637 666 632 663 621 655 620 655 619 655 573 655 572 655 571 655 556 664 553 665 551 664 531 657 530 657 492 655 491 655 490 655 490 655 478 664 464 664 447 665 447 665 435 655 435 655 434 655 414 655 413 655 412 655 399 662 369 655 368 655 368 655 347 665 345 666 306 666 306 696"/>
                        </Shape>
                        <String CONTENT=""/>
                    </TextLine>

                    <TextLine ID="line_13" HPOS="300" VPOS="709" WIDTH="669" HEIGHT="58" BASELINE="300 748 969 750" TAGREFS="TYPE_1">
                        <Shape>
                            <Polygon POINTS="300 748 300 763 390 762 394 763 409 766 410 766 411 766 411 766 419 763 424 760 440 763 460 765 578 766 579 766 608 762 613 761 619 762 649 767 650 767 650 767 661 761 663 760 668 761 681 765 682 765 683 765 684 765 697 761 700 760 752 760 760 761 804 767 805 767 857 760 860 760 863 760 894 767 895 767 895 767 913 760 914 760 968 760 969 750 968 721 847 715 846 715 814 718 797 720 791 718 767 710 766 710 766 710 736 711 736 711 735 711 726 717 723 719 722 717 711 710 711 710 710 710 666 710 665 710 664 710 642 716 634 718 622 716 582 709 582 709 581 709 564 715 555 719 469 719 464 715 458 709 457 709 456 709 455 709 417 714 375 719 351 713 337 709 336 709 335 709 300 712 300 748"/>
                        </Shape>
                        <String CONTENT=""/>
                    </TextLine>

                    <TextLine ID="line_14" HPOS="301" VPOS="762" WIDTH="667" HEIGHT="51" BASELINE="302 801 968 805" TAGREFS="TYPE_1">
                        <Shape>
                            <Polygon POINTS="302 801 301 807 326 813 327 813 967 813 968 805 967 776 949 775 938 765 937 765 936 765 935 765 934 765 909 776 908 776 871 776 869 776 858 768 857 768 856 768 855 768 854 768 839 776 838 776 834 776 803 769 802 769 776 775 775 775 774 775 745 764 744 764 691 764 690 764 689 764 688 764 674 774 674 775 661 775 660 774 619 764 619 764 618 764 617 764 588 774 587 774 529 774 529 773 504 763 503 763 476 763 475 763 474 763 437 773 435 773 435 773 428 768 427 768 426 768 425 768 408 770 390 762 389 762 337 762 337 762 336 762 335 762 320 772 302 772 302 801"/>
                        </Shape>
                        <String CONTENT=""/>
                    </TextLine>

                    <TextLine ID="line_15" HPOS="300" VPOS="813" WIDTH="553" HEIGHT="61" BASELINE="300 856 853 859" TAGREFS="TYPE_1">
                        <Shape>
                            <Polygon POINTS="300 856 300 864 318 872 319 872 319 873 354 873 354 872 355 872 355 872 363 867 419 872 420 872 421 872 422 872 429 867 468 869 469 869 470 869 471 869 476 866 477 865 483 866 520 873 521 874 561 874 561 873 562 873 578 867 581 866 588 867 619 871 620 871 621 871 633 867 638 866 651 868 677 870 678 870 700 868 710 867 713 868 724 872 725 872 726 872 727 872 742 868 748 867 758 868 783 872 784 872 852 868 853 859 852 830 828 828 813 815 813 814 812 814 811 814 800 814 799 814 798 814 797 814 797 815 786 825 773 814 773 814 772 814 771 814 770 814 742 822 734 814 733 814 732 814 685 814 684 814 683 814 670 821 650 813 649 813 648 813 606 814 605 814 604 814 585 828 584 829 542 829 541 828 523 813 522 813 521 813 521 813 508 814 507 814 506 814 490 828 489 828 484 828 438 822 437 822 405 827 404 827 393 822 392 822 392 822 391 822 380 827 361 813 361 813 360 813 359 813 358 813 357 813 336 827 334 827 300 827 300 856"/>
                        </Shape>
                        <String CONTENT=""/>
                    </TextLine>
</TextBlock>
                <TextBlock ID="block_2" HPOS="296" VPOS="884" WIDTH="674" HEIGHT="395" TAGREFS="TYPE_22">
                    <Shape>
                        <Polygon POINTS="296.7513732910156 884.2982788085938 970.1575927734375 884.2982788085938 970.1575927734375 1279.2154541015625 296.7513732910156 1279.2154541015625 296.7513732910156 884.2982788085938"/>
                    </Shape>
                    <TextLine ID="line_16" HPOS="342" VPOS="880" WIDTH="629" HEIGHT="46" BASELINE="343 912 971 915" TAGREFS="TYPE_1">
                        <Shape>
                            <Polygon POINTS="343 912 342 920 353 925 354 925 355 925 530 922 552 926 553 926 970 923 971 915 970 888 926 882 926 882 879 887 877 887 876 887 842 882 811 882 810 882 809 882 809 882 802 887 795 882 794 882 793 882 792 882 680 886 679 886 678 886 670 881 669 881 668 881 668 881 667 881 666 881 659 886 619 881 618 881 617 881 616 881 609 886 600 881 599 881 598 881 547 885 538 880 537 880 536 880 535 880 520 886 468 881 467 881 435 886 422 880 421 880 352 880 351 880 350 880 343 884 343 912"/>
                        </Shape>
                        <String CONTENT=""/>
                    </TextLine>

                    <TextLine ID="line_17" HPOS="299" VPOS="921" WIDTH="670" HEIGHT="51" BASELINE="299 954 969 959" TAGREFS="TYPE_1">
                        <Shape>
                            <Polygon POINTS="299 954 299 967 404 963 438 967 460 970 460 970 461 970 467 967 476 964 522 964 527 967 528 968 529 968 530 968 531 968 541 967 567 964 592 964 595 967 600 971 601 971 601 971 602 971 620 966 630 965 638 966 652 971 653 971 654 971 699 966 713 966 717 966 735 972 736 972 736 972 762 966 767 966 769 966 777 972 778 972 779 972 946 972 947 972 948 972 968 966 969 959 969 929 944 924 944 924 943 924 942 924 935 929 931 932 862 932 857 929 852 925 852 925 851 925 850 925 826 929 810 930 805 929 796 924 795 924 794 924 793 924 779 928 770 930 760 928 753 926 752 926 751 926 730 928 705 930 680 928 640 923 639 923 638 923 627 928 622 930 588 930 570 927 536 922 535 922 534 922 525 927 521 929 492 929 488 927 481 922 480 922 479 922 478 922 406 925 397 921 396 921 395 921 299 925 299 954"/>
                        </Shape>
                        <String CONTENT=""/>
                    </TextLine>

                    <TextLine ID="line_18" HPOS="300" VPOS="966" WIDTH="667" HEIGHT="53" BASELINE="300 998 967 1002" TAGREFS="TYPE_1">
                        <Shape>
                            <Polygon POINTS="833 977 831 973 787 975 701 977 696 973 687 967 687 967 686 967 685 967 684 967 668 973 660 977 625 977 617 972 606 967 605 967 555 966 554 966 553 966 552 966 546 972 539 976 485 976 478 971 474 966 473 966 472 966 472 966 471 966 464 970 460 972 453 970 442 966 441 966 441 966 426 970 406 975 367 975 356 969 352 966 351 966 350 966 349 966 300 967 300 998 300 1015 352 1008 366 1015 368 1015 368 1015 369 1015 381 1015 435 1009 481 1014 490 1015 490 1015 491 1015 493 1014 503 1009 509 1014 512 1016 513 1016 514 1016 590 1017 591 1017 607 1014 620 1010 625 1014 627 1015 628 1015 629 1015 630 1015 642 1013 665 1010 672 1013 680 1017 681 1017 682 1017 711 1013 712 1013 714 1013 736 1018 737 1018 738 1018 748 1013 752 1011 791 1011 804 1012 859 1019 860 1019 861 1019 862 1019 871 1012 872 1012 966 1012 967 1002 967 977 955 969 954 969 953 969 920 969 920 969 919 969 895 977 892 978 888 977 877 973 877 973 876 973 834 973 833 977"/>
                        </Shape>
                        <String CONTENT=""/>
                    </TextLine>

                    <TextLine ID="line_19" HPOS="298" VPOS="1008" WIDTH="668" HEIGHT="52" BASELINE="299 1042 966 1046" TAGREFS="TYPE_1">
                        <Shape>
                            <Polygon POINTS="299 1042 298 1051 306 1056 306 1056 307 1056 308 1056 356 1051 400 1056 401 1056 429 1051 431 1051 435 1051 457 1055 458 1055 573 1053 643 1052 655 1055 669 1057 670 1057 671 1057 678 1055 685 1052 692 1055 699 1058 699 1058 700 1059 779 1059 779 1058 790 1057 809 1053 826 1057 833 1059 834 1059 834 1060 965 1060 966 1046 964 1015 853 1018 840 1015 831 1011 830 1011 829 1011 828 1011 821 1015 812 1018 699 1018 693 1015 683 1010 682 1010 681 1010 680 1010 670 1015 663 1017 630 1017 623 1015 611 1010 610 1010 609 1010 582 1015 566 1016 559 1015 551 1011 550 1011 549 1011 534 1015 527 1015 506 1015 440 1009 439 1009 438 1009 426 1015 424 1015 370 1015 366 1015 337 1008 337 1008 299 1014 299 1042"/>
                        </Shape>
                        <String CONTENT=""/>
                    </TextLine>

                    <TextLine ID="line_20" HPOS="297" VPOS="1051" WIDTH="668" HEIGHT="55" BASELINE="298 1085 965 1089" TAGREFS="TYPE_1">
                        <Shape>
                            <Polygon POINTS="298 1085 297 1098 354 1102 355 1102 355 1102 363 1099 366 1097 389 1099 431 1101 432 1101 451 1099 462 1097 478 1099 518 1103 519 1103 520 1103 521 1103 527 1099 529 1097 541 1099 565 1102 566 1102 567 1102 578 1099 582 1098 686 1098 688 1099 697 1105 698 1105 699 1105 699 1105 700 1105 721 1100 752 1105 753 1105 754 1105 766 1099 766 1099 769 1099 803 1105 804 1105 805 1105 822 1099 823 1099 844 1099 847 1099 855 1106 856 1106 857 1106 858 1106 895 1101 932 1106 932 1106 933 1106 934 1106 942 1100 964 1100 965 1089 965 1063 948 1056 947 1056 946 1056 945 1056 921 1062 883 1054 883 1054 882 1054 881 1054 871 1062 870 1063 838 1063 837 1062 828 1053 827 1053 826 1053 744 1053 743 1053 742 1053 742 1053 731 1061 730 1061 687 1060 634 1059 626 1054 625 1054 625 1054 624 1054 623 1054 622 1054 613 1059 612 1061 588 1061 586 1059 575 1052 574 1052 573 1052 552 1051 552 1051 496 1058 495 1058 439 1051 438 1051 406 1058 403 1058 402 1057 392 1051 391 1051 390 1051 389 1051 358 1057 356 1057 298 1057 298 1085"/>
                        </Shape>
                        <String CONTENT=""/>
                    </TextLine>

                    <TextLine ID="line_21" HPOS="298" VPOS="1097" WIDTH="666" HEIGHT="50" BASELINE="298 1130 964 1132" TAGREFS="TYPE_1">
                        <Shape>
                            <Polygon POINTS="298 1130 298 1141 409 1138 423 1141 433 1143 434 1143 435 1143 440 1141 447 1138 456 1141 463 1143 464 1143 465 1143 466 1143 470 1141 477 1138 533 1141 635 1145 636 1145 665 1140 673 1139 679 1140 702 1145 703 1145 731 1140 737 1139 739 1140 748 1146 748 1146 749 1146 750 1147 841 1147 841 1146 842 1146 855 1140 875 1144 876 1144 909 1140 918 1146 919 1146 920 1146 920 1147 944 1147 944 1146 945 1146 963 1139 964 1132 963 1106 926 1106 926 1106 917 1099 916 1099 915 1099 914 1099 914 1099 896 1104 877 1099 876 1099 848 1099 847 1099 846 1099 846 1099 839 1104 809 1100 809 1100 808 1100 807 1100 801 1105 799 1106 750 1106 747 1105 732 1099 731 1099 730 1099 730 1099 717 1105 717 1105 716 1105 697 1098 696 1098 662 1098 662 1098 661 1098 660 1098 650 1104 649 1105 616 1105 614 1104 604 1098 603 1098 554 1098 553 1098 552 1098 552 1098 545 1103 542 1105 497 1105 495 1103 487 1098 486 1098 485 1098 484 1098 464 1103 458 1105 401 1105 398 1102 387 1097 386 1097 386 1097 385 1097 367 1102 362 1103 298 1102 298 1130"/>
                        </Shape>
                        <String CONTENT=""/>
                    </TextLine>

                    <TextLine ID="line_22" HPOS="299" VPOS="1139" WIDTH="665" HEIGHT="52" BASELINE="299 1174 964 1177" TAGREFS="TYPE_1">
                        <Shape>
                            <Polygon POINTS="299 1174 299 1186 384 1184 394 1186 399 1188 400 1188 401 1188 410 1186 424 1184 439 1186 447 1188 448 1188 449 1188 455 1186 461 1185 464 1186 466 1188 466 1189 466 1189 467 1189 468 1189 484 1186 496 1185 504 1186 514 1189 515 1189 515 1190 616 1190 616 1189 617 1189 623 1186 628 1185 635 1186 649 1190 650 1190 650 1190 692 1186 704 1186 713 1186 743 1190 744 1190 769 1186 776 1186 797 1186 893 1191 894 1191 963 1186 964 1177 963 1149 925 1149 925 1149 911 1142 910 1142 909 1142 908 1142 890 1149 889 1149 869 1149 868 1149 859 1142 858 1142 858 1142 857 1142 834 1146 805 1142 804 1142 803 1142 787 1148 786 1148 779 1143 778 1143 777 1143 749 1148 745 1148 743 1148 727 1141 726 1141 725 1141 724 1141 705 1147 701 1149 676 1149 674 1147 665 1141 664 1141 663 1141 662 1141 608 1146 599 1147 594 1146 569 1141 568 1141 542 1146 534 1147 518 1145 485 1143 484 1143 484 1143 472 1145 466 1147 459 1145 440 1139 439 1139 438 1139 299 1143 299 1174"/>
                        </Shape>
                        <String CONTENT=""/>
                    </TextLine>

                    <TextLine ID="line_23" HPOS="301" VPOS="1186" WIDTH="663" HEIGHT="49" BASELINE="301 1221 341 1217 964 1220" TAGREFS="TYPE_1">
                        <Shape>
                            <Polygon POINTS="301 1221 301 1234 329 1234 329 1233 330 1233 331 1233 340 1227 428 1233 429 1233 429 1233 441 1227 454 1233 455 1233 456 1233 691 1228 705 1234 705 1234 736 1235 737 1235 742 1234 770 1229 825 1229 845 1234 847 1235 848 1235 849 1235 853 1234 876 1229 963 1234 964 1220 962 1187 939 1194 822 1194 813 1188 813 1187 812 1187 811 1187 810 1187 809 1187 808 1188 789 1193 703 1189 702 1189 674 1192 660 1188 653 1186 652 1186 561 1186 560 1186 559 1186 550 1189 537 1192 500 1192 495 1189 488 1186 487 1186 486 1186 466 1190 455 1192 400 1192 396 1190 388 1186 387 1186 386 1186 386 1186 374 1190 368 1192 359 1190 332 1186 331 1186 301 1190 301 1221"/>
                        </Shape>
                        <String CONTENT=""/>
                    </TextLine>

                    <TextLine ID="line_24" HPOS="296" VPOS="1229" WIDTH="667" HEIGHT="56" BASELINE="297 1261 963 1263" TAGREFS="TYPE_1">
                        <Shape>
                            <Polygon POINTS="297 1261 296 1276 369 1284 370 1284 404 1277 410 1277 471 1277 474 1277 520 1284 521 1285 598 1285 598 1284 599 1284 613 1278 617 1277 623 1278 653 1285 654 1285 677 1280 683 1285 684 1285 685 1285 686 1285 720 1281 732 1284 733 1284 734 1284 735 1284 750 1280 755 1278 757 1280 765 1285 766 1285 766 1285 767 1285 791 1280 801 1278 836 1278 843 1280 858 1285 858 1285 859 1285 888 1281 905 1278 962 1281 963 1263 963 1237 912 1230 911 1230 910 1230 891 1236 889 1237 845 1237 841 1235 825 1230 824 1230 823 1230 822 1230 812 1235 809 1237 774 1237 766 1235 746 1230 745 1230 744 1230 734 1235 728 1237 693 1237 671 1234 644 1230 643 1230 642 1230 636 1234 630 1236 614 1233 595 1229 595 1229 579 1233 566 1235 543 1232 520 1229 451 1229 450 1229 449 1229 444 1231 438 1234 432 1231 427 1229 426 1229 425 1229 424 1229 423 1229 422 1231 417 1234 413 1231 410 1229 409 1229 408 1229 407 1229 401 1231 386 1235 297 1230 297 1261"/>
                        </Shape>
                        <String CONTENT=""/>
                    </TextLine>
</TextBlock>
                <TextBlock ID="block_0" HPOS="874" VPOS="1284" WIDTH="85" HEIGHT="38" TAGREFS="TYPE_2">
                    <Shape>
                        <Polygon POINTS="874.507568359375 1284.4898681640625 959.3567504882812 1284.4898681640625 959.3567504882812 1322.9154052734375 874.507568359375 1322.9154052734375 874.507568359375 1284.4898681640625"/>
                    </Shape>
                    <TextLine ID="line_25" HPOS="872" VPOS="1278" WIDTH="89" HEIGHT="54" BASELINE="872 1310 961 1310" TAGREFS="TYPE_1">
                        <Shape>
                            <Polygon POINTS="872 1310 872 1329 914 1332 915 1332 961 1323 961 1310 961 1287 912 1278 911 1278 910 1278 902 1283 901 1283 872 1281 872 1310"/>
                        </Shape>
                        <String CONTENT=""/>
                    </TextLine>
</TextBlock>
            </PrintSpace>
        </Page>
    </Layout>
</alto>