<?xml version="1.0" encoding="UTF-8"?>
<alto xmlns:xsi="http://www.w3.org/2001/XMLSchema-instance"
    xmlns="http://www.loc.gov/standards/alto/ns-v4#"
    xsi:schemaLocation="http://www.loc.gov/standards/alto/ns-v4# http://www.loc.gov/standards/alto/v4/alto-4-3.xsd">
    <Description>
        <MeasurementUnit>pixel</MeasurementUnit>
        <sourceImageInformation>
            <fileName>bsb10313792_00108.jpg</fileName>
        </sourceImageInformation>
        <Processing ID="OCR_0">
            <processingCategory>other</processingCategory>
            <processingStepDescription>unknown</processingStepDescription>
            <processingSoftware>
                <softwareName>kraken</softwareName>
                <softwareVersion>4.3.13</softwareVersion>
            </processingSoftware>
        </Processing>
    </Description>
    <Tags>
        <OtherTag ID="TYPE_1" LABEL="DefaultLine"/>
        <OtherTag ID="TYPE_2" LABEL="MainZone-Other"/>
        <OtherTag ID="TYPE_3" LABEL="RunningTitleZone"/>
        <OtherTag ID="TYPE_4" LABEL="QuireMarksZone"/>
        <OtherTag ID="TYPE_5" LABEL="MarginTextZone-Notes-Continued"/>
        <OtherTag ID="TYPE_6" LABEL="MarginTextZone-Notes"/>
        <OtherTag ID="TYPE_7" LABEL="GraphicZone-TextualContent"/>
        <OtherTag ID="TYPE_8" LABEL="DigitizationArtefactZone"/>
        <OtherTag ID="TYPE_9" LABEL="TableZone-Continued"/>
        <OtherTag ID="TYPE_10" LABEL="MainZone-Lg"/>
        <OtherTag ID="TYPE_11" LABEL="MainZone-Head"/>
        <OtherTag ID="TYPE_12" LABEL="StampZone"/>
        <OtherTag ID="TYPE_13" LABEL="MainZone-Form"/>
        <OtherTag ID="TYPE_14" LABEL="MainZone-List-Continued"/>
        <OtherTag ID="TYPE_15" LABEL="MainZone-Signature"/>
        <OtherTag ID="TYPE_16" LABEL="MarginTextZone-ManuscriptAddendum"/>
        <OtherTag ID="TYPE_17" LABEL="MainZone-P-Continued"/>
        <OtherTag ID="TYPE_18" LABEL="StampZone-Sticker"/>
        <OtherTag ID="TYPE_19" LABEL="TableZone-Head"/>
        <OtherTag ID="TYPE_20" LABEL="GraphicZone-Decoration"/>
        <OtherTag ID="TYPE_21" LABEL="DropCapitalZone"/>
        <OtherTag ID="TYPE_22" LABEL="NumberingZone"/>
        <OtherTag ID="TYPE_23" LABEL="FigureZone-Head"/>
        <OtherTag ID="TYPE_24" LABEL="TitlePageZone"/>
        <OtherTag ID="TYPE_25" LABEL="GraphicZone-Maths"/>
        <OtherTag ID="TYPE_26" LABEL="MainZone-Entry-Continued"/>
        <OtherTag ID="TYPE_27" LABEL="MainZone-Sp"/>
        <OtherTag ID="TYPE_28" LABEL="MainZone-Entry"/>
        <OtherTag ID="TYPE_29" LABEL="GraphicZone-Part"/>
        <OtherTag ID="TYPE_30" LABEL="GraphicZone"/>
        <OtherTag ID="TYPE_31" LABEL="MainZone-Sp-Continued"/>
        <OtherTag ID="TYPE_32" LABEL="TableZone"/>
        <OtherTag ID="TYPE_33" LABEL="TitlePageZone-Index"/>
        <OtherTag ID="TYPE_34" LABEL="AdvertisementZone"/>
        <OtherTag ID="TYPE_35" LABEL="MainZone-Date"/>
        <OtherTag ID="TYPE_36" LABEL="FigureZone-FigDesc"/>
        <OtherTag ID="TYPE_37" LABEL="GraphicZone-Head"/>
        <OtherTag ID="TYPE_38" LABEL="MainZone-List"/>
        <OtherTag ID="TYPE_39" LABEL="MainZone-P"/>
        <OtherTag ID="TYPE_40" LABEL="MainZone-Lg-Continued"/>
        <OtherTag ID="TYPE_41" LABEL="FigureZone"/>
        <OtherTag ID="TYPE_42" LABEL="GraphicZone-FigDesc"/>
    </Tags>
    <Layout>
        <Page WIDTH="1083" HEIGHT="1770" PHYSICAL_IMG_NR="0" ID="page_0">
            <PrintSpace HPOS="0" VPOS="0" WIDTH="1083" HEIGHT="1770">
                <TextBlock ID="block_3" HPOS="210" VPOS="87" WIDTH="67" HEIGHT="39" TAGREFS="TYPE_22">
                    <Shape>
                        <Polygon POINTS="210.32501220703125 87.06925964355469 277.4595642089844 87.06925964355469 277.4595642089844 126.60607147216797 210.32501220703125 126.60607147216797 210.32501220703125 87.06925964355469"/>
                    </Shape>
                    <TextLine ID="line_0" HPOS="212" VPOS="86" WIDTH="73" HEIGHT="42" BASELINE="213 114 285 112" TAGREFS="TYPE_1">
                        <Shape>
                            <Polygon POINTS="271 97 261 86 251 86 241 86 232 86 222 86 212 86 213 114 213 122 245 128 246 128 285 120 285 112 283 86 271 86 271 97"/>
                        </Shape>
                        <String CONTENT=""/>
                    </TextLine>
</TextBlock>
                <TextBlock ID="block_0" HPOS="394" VPOS="75" WIDTH="457" HEIGHT="46" TAGREFS="TYPE_3">
                    <Shape>
                        <Polygon POINTS="394.2720031738281 75.066162109375 851.0518188476562 75.066162109375 851.0518188476562 121.0219497680664 394.2720031738281 121.0219497680664 394.2720031738281 75.066162109375"/>
                    </Shape>
                    <TextLine ID="line_1" HPOS="389" VPOS="68" WIDTH="456" HEIGHT="56" BASELINE="390 110 845 107" TAGREFS="TYPE_1">
                        <Shape>
                            <Polygon POINTS="832 74 822 74 812 74 802 74 792 74 782 74 773 74 763 74 753 74 743 74 733 74 723 74 714 74 704 74 694 74 684 74 674 74 664 74 655 74 645 74 635 74 625 74 615 74 612 74 605 74 596 74 586 74 576 74 566 74 556 74 546 74 537 74 530 74 528 75 526 74 517 74 507 74 497 74 487 74 478 74 468 74 458 74 448 74 438 74 433 74 428 74 419 74 409 74 399 74 389 74 390 110 390 122 462 118 490 122 505 124 506 124 522 122 553 118 559 122 560 123 561 123 562 123 563 123 564 123 565 123 566 122 573 118 614 118 621 121 622 123 623 123 624 123 625 124 683 124 683 123 684 123 685 123 687 121 694 118 701 121 703 122 704 122 705 123 767 123 767 122 768 122 772 121 783 117 795 121 798 122 799 122 800 122 844 120 845 107 842 68 832 70 832 74"/>
                        </Shape>
                        <String CONTENT=""/>
                    </TextLine>
</TextBlock>
                <TextBlock ID="block_2" HPOS="204" VPOS="129" WIDTH="833" HEIGHT="1425" TAGREFS="TYPE_17">
                    <Shape>
                        <Polygon POINTS="204.2397918701172 129.0745391845703 1037.840087890625 129.0745391845703 1037.840087890625 1554.2178955078125 204.2397918701172 1554.2178955078125 204.2397918701172 129.0745391845703"/>
                    </Shape>
                    <TextLine ID="line_2" HPOS="209" VPOS="127" WIDTH="813" HEIGHT="59" BASELINE="210 172 554 167 1022 169" TAGREFS="TYPE_1">
                        <Shape>
                            <Polygon POINTS="1018 134 1002 127 1001 127 1000 127 947 133 926 127 917 127 908 127 895 131 887 127 878 127 868 127 858 127 848 127 839 127 829 127 819 127 809 127 806 127 748 135 736 127 730 127 721 127 711 127 701 127 691 127 681 127 676 127 668 133 618 133 610 127 609 127 608 127 607 127 606 127 605 127 594 135 547 137 514 137 497 127 494 127 488 127 461 135 417 127 416 127 406 127 372 135 361 127 357 127 347 127 337 127 332 127 321 136 290 129 289 129 288 129 270 137 209 137 210 172 210 179 264 179 265 179 283 185 284 185 285 186 337 186 337 185 361 179 367 178 382 179 435 185 436 185 505 180 535 178 549 180 572 184 573 184 574 184 581 180 587 178 625 178 638 181 655 184 656 184 657 184 662 181 669 177 679 181 682 182 683 182 684 182 685 182 688 181 696 177 790 177 798 181 801 184 802 184 803 184 804 185 843 185 843 184 844 184 850 182 861 177 888 182 901 184 902 184 1021 182 1022 169 1021 141 1018 134"/>
                        </Shape>
                        <String CONTENT=""/>
                    </TextLine>

                    <TextLine ID="line_3" HPOS="208" VPOS="177" WIDTH="814" HEIGHT="59" BASELINE="209 219 1022 217" TAGREFS="TYPE_1">
                        <Shape>
                            <Polygon POINTS="209 219 209 227 240 235 240 235 270 229 283 236 284 236 285 236 353 235 354 235 375 228 376 228 396 228 397 228 407 236 408 236 409 236 410 236 447 229 475 236 476 236 477 236 478 236 495 230 541 236 541 236 542 236 543 236 554 228 556 228 579 233 580 233 606 228 616 227 718 227 722 229 734 235 735 235 736 235 737 235 757 229 764 227 780 229 807 232 808 232 823 229 832 227 837 229 849 235 850 235 851 236 896 236 896 235 897 235 898 235 907 229 908 229 927 235 928 235 929 236 999 236 999 235 1000 235 1022 229 1022 217 1021 187 947 187 901 177 900 177 899 177 872 183 834 177 833 177 832 177 831 177 823 183 782 184 771 177 770 177 769 177 726 177 725 177 671 186 652 177 651 177 650 177 649 177 616 187 613 187 611 187 593 182 592 182 591 182 514 186 483 178 482 178 481 178 481 178 458 187 457 187 456 187 441 177 440 177 439 177 438 177 397 184 379 177 378 177 346 177 345 177 344 177 328 185 306 177 305 177 271 177 270 177 269 177 268 177 258 185 228 179 227 179 226 179 208 185 209 219"/>
                        </Shape>
                        <String CONTENT=""/>
                    </TextLine>

                    <TextLine ID="line_4" HPOS="208" VPOS="225" WIDTH="809" HEIGHT="59" BASELINE="209 269 789 265 1017 270" TAGREFS="TYPE_1">
                        <Shape>
                            <Polygon POINTS="209 269 209 276 230 283 231 283 232 283 233 283 250 277 314 277 315 277 333 284 334 284 335 284 365 278 370 277 378 278 428 284 429 284 430 284 445 278 449 276 548 276 582 279 621 283 622 283 679 280 749 276 757 281 762 283 763 283 764 284 795 284 795 283 816 281 867 275 878 281 878 282 879 282 880 282 881 282 882 282 885 282 902 277 917 282 918 282 919 282 920 283 1016 283 1017 270 1016 236 961 236 960 236 943 229 942 229 941 229 940 229 939 229 930 236 929 236 869 236 866 235 847 225 846 225 845 225 768 234 751 236 746 234 731 228 730 228 729 228 697 234 694 234 691 234 660 225 659 225 658 225 657 225 640 233 637 235 633 233 617 225 616 225 545 225 544 225 543 225 542 225 534 232 528 237 507 238 466 238 452 232 450 231 449 231 448 231 443 232 420 236 405 231 392 226 391 226 365 226 364 226 363 226 362 226 356 231 348 236 329 231 326 230 325 230 324 230 318 230 300 233 296 230 292 227 291 227 290 227 289 227 288 227 275 230 260 234 248 230 239 226 238 226 237 226 208 229 209 269"/>
                        </Shape>
                        <String CONTENT=""/>
                    </TextLine>

                    <TextLine ID="line_5" HPOS="207" VPOS="274" WIDTH="809" HEIGHT="60" BASELINE="208 318 565 314 1016 317" TAGREFS="TYPE_1">
                        <Shape>
                            <Polygon POINTS="208 318 208 334 255 325 281 333 282 333 283 333 317 326 342 333 343 333 344 333 417 328 431 332 432 332 433 332 434 332 435 332 446 325 509 331 510 331 511 331 530 325 541 333 541 333 542 333 543 334 618 334 618 333 619 333 621 332 636 325 749 325 760 332 761 333 762 333 763 333 764 334 795 334 795 333 796 333 797 333 799 332 810 325 1014 330 1016 317 1015 285 959 285 958 284 920 274 919 274 918 274 917 274 900 282 842 274 842 274 841 274 840 274 825 283 823 284 819 283 795 277 794 277 793 277 792 277 777 282 762 274 761 274 661 274 660 274 659 274 645 282 641 284 620 284 616 282 602 274 601 274 601 274 564 279 533 274 532 274 531 274 516 281 509 285 424 285 408 280 385 274 384 274 365 274 364 274 363 274 362 274 356 280 349 285 332 285 324 279 317 274 316 274 315 274 314 274 274 275 273 275 272 275 267 279 260 284 207 279 208 318"/>
                        </Shape>
                        <String CONTENT=""/>
                    </TextLine>

                    <TextLine ID="line_6" HPOS="210" VPOS="324" WIDTH="802" HEIGHT="61" BASELINE="211 367 1012 363" TAGREFS="TYPE_1">
                        <Shape>
                            <Polygon POINTS="211 367 211 375 230 384 231 384 232 385 286 385 286 384 287 384 288 384 296 378 329 383 330 383 331 383 332 383 340 377 375 382 376 382 420 376 428 375 505 375 508 376 519 383 520 383 521 383 522 384 569 384 569 383 570 383 587 376 588 376 589 376 601 383 602 383 603 383 637 382 638 382 650 376 655 374 754 377 807 378 808 378 815 377 834 373 841 377 846 381 847 381 848 381 849 381 850 381 864 377 868 376 873 377 886 381 887 381 888 381 1012 377 1012 363 1010 335 972 335 953 324 952 324 951 324 950 324 922 334 871 329 870 329 837 333 798 326 797 326 796 326 777 334 754 325 753 325 664 325 663 325 662 325 661 325 649 333 570 328 569 328 568 328 567 328 556 336 519 330 518 330 517 330 516 330 507 336 455 331 454 331 373 337 324 327 323 327 210 338 211 367"/>
                        </Shape>
                        <String CONTENT=""/>
                    </TextLine>

                    <TextLine ID="line_7" HPOS="211" VPOS="372" WIDTH="789" HEIGHT="57" BASELINE="212 416 1000 413" TAGREFS="TYPE_1">
                        <Shape>
                            <Polygon POINTS="212 416 212 424 328 429 329 429 330 429 341 425 344 424 350 425 372 429 373 429 402 425 418 423 438 425 467 428 468 428 507 425 540 423 544 425 550 428 551 428 552 428 591 425 641 422 672 426 686 427 687 427 688 427 692 426 705 422 756 426 775 427 776 427 783 426 809 421 835 426 837 426 838 426 842 426 902 421 917 426 918 426 919 427 999 427 1000 413 998 380 968 375 967 375 945 380 933 383 869 383 865 380 854 373 853 373 852 373 802 372 801 372 800 372 771 380 760 384 735 384 731 381 722 373 721 373 720 373 662 373 661 373 661 373 643 381 638 384 589 384 567 381 549 379 548 379 547 379 541 381 532 384 527 381 516 374 515 374 514 374 452 374 451 374 450 374 434 382 431 383 423 382 388 375 387 375 386 375 361 382 349 386 273 386 264 382 252 378 251 378 250 378 211 382 212 416"/>
                        </Shape>
                        <String CONTENT=""/>
                    </TextLine>

                    <TextLine ID="line_8" HPOS="210" VPOS="421" WIDTH="797" HEIGHT="60" BASELINE="211 465 1007 461" TAGREFS="TYPE_1">
                        <Shape>
                            <Polygon POINTS="211 465 211 481 410 472 432 478 433 478 434 478 435 478 436 478 443 473 513 473 521 477 526 479 527 479 528 479 549 476 575 473 583 476 589 478 590 478 591 478 592 478 598 476 609 472 633 475 651 478 652 478 653 478 666 475 678 472 692 474 710 477 711 477 712 477 722 474 726 472 728 474 734 478 735 478 736 478 737 478 738 478 752 473 757 472 761 473 775 478 776 478 777 478 778 478 788 473 790 472 796 473 825 477 826 477 854 472 860 472 874 472 969 477 970 477 1006 470 1007 461 1005 432 931 432 918 425 917 425 916 425 915 425 904 431 888 421 887 421 886 421 885 421 804 433 771 433 751 422 750 422 749 422 699 427 655 422 654 422 615 430 597 423 596 423 595 423 563 429 540 423 539 423 538 423 537 423 512 432 497 424 496 424 495 424 494 424 474 429 437 423 436 423 435 423 434 423 421 433 396 429 395 429 357 434 327 424 326 424 325 424 210 435 211 465"/>
                        </Shape>
                        <String CONTENT=""/>
                    </TextLine>

                    <TextLine ID="line_9" HPOS="210" VPOS="471" WIDTH="804" HEIGHT="59" BASELINE="211 515 1014 510" TAGREFS="TYPE_1">
                        <Shape>
                            <Polygon POINTS="211 515 211 524 331 524 332 524 342 529 343 529 344 529 411 523 418 523 419 523 431 529 432 529 503 530 504 530 505 530 532 523 550 528 551 528 552 528 553 528 554 528 562 522 563 522 565 522 590 528 591 528 592 528 612 522 613 522 632 528 633 528 634 528 635 528 656 522 657 522 731 528 732 528 733 528 755 521 757 521 760 521 815 528 816 528 875 522 977 526 978 526 1013 519 1014 510 1012 481 891 476 890 476 816 481 813 481 793 472 792 472 738 471 737 471 736 471 714 478 689 472 688 472 581 472 580 472 579 472 578 472 568 479 552 472 551 472 550 472 549 472 548 472 531 482 530 483 520 482 417 472 416 472 369 478 330 473 329 473 328 473 300 483 296 484 210 484 211 515"/>
                        </Shape>
                        <String CONTENT=""/>
                    </TextLine>

                    <TextLine ID="line_10" HPOS="209" VPOS="520" WIDTH="805" HEIGHT="61" BASELINE="210 564 1014 559" TAGREFS="TYPE_1">
                        <Shape>
                            <Polygon POINTS="210 564 210 577 315 581 316 581 317 581 318 581 324 576 327 574 365 574 383 576 419 580 420 580 421 580 421 580 429 575 432 574 465 575 526 577 527 577 562 574 587 572 609 573 681 579 682 579 683 579 695 573 699 571 723 571 733 572 767 578 768 578 769 578 781 572 782 571 782 572 790 578 791 578 792 578 793 579 852 579 852 578 853 578 876 571 880 570 893 571 971 577 972 577 1013 569 1014 559 1011 531 879 531 876 531 868 525 867 525 866 525 865 525 835 530 820 523 819 523 818 523 817 523 816 523 806 530 801 533 776 533 767 530 741 520 740 520 739 520 716 521 715 521 714 521 701 530 696 532 689 529 671 521 670 521 669 521 541 528 540 528 539 528 539 529 528 535 462 535 449 528 440 522 439 522 438 522 420 522 419 522 418 522 417 522 408 528 397 533 381 528 372 524 371 524 370 524 369 524 361 527 356 530 344 527 323 523 322 523 209 526 210 564"/>
                        </Shape>
                        <String CONTENT=""/>
                    </TextLine>

                    <TextLine ID="line_11" HPOS="209" VPOS="572" WIDTH="806" HEIGHT="55" BASELINE="210 613 1015 608" TAGREFS="TYPE_1">
                        <Shape>
                            <Polygon POINTS="210 613 211 627 232 621 248 626 249 626 250 626 286 621 333 626 340 626 341 626 345 626 371 620 627 622 837 623 838 623 839 623 849 619 854 617 864 619 885 622 886 622 1014 616 1015 608 1013 581 906 581 896 572 895 572 894 572 863 572 862 572 861 572 860 572 845 581 844 582 820 582 776 582 742 574 741 574 740 574 715 581 601 577 601 577 600 577 586 582 532 574 531 574 530 574 505 583 504 583 500 583 370 575 369 575 329 582 307 576 306 576 237 576 236 576 235 576 209 584 210 613"/>
                        </Shape>
                        <String CONTENT=""/>
                    </TextLine>

                    <TextLine ID="line_12" HPOS="214" VPOS="618" WIDTH="805" HEIGHT="59" BASELINE="215 662 1019 659" TAGREFS="TYPE_1">
                        <Shape>
                            <Polygon POINTS="215 662 215 670 408 677 409 677 410 677 411 677 417 672 418 671 421 672 436 676 437 676 438 676 439 676 452 672 459 670 466 672 481 677 481 677 482 677 513 672 536 669 552 673 564 675 565 675 588 673 623 669 647 673 663 676 664 676 665 676 672 673 683 669 720 669 726 674 729 676 730 676 731 676 732 676 751 674 796 668 810 674 812 675 813 675 814 675 823 674 867 669 895 675 898 675 899 676 1018 676 1019 659 1017 628 971 618 970 618 969 618 947 627 947 628 927 628 927 627 913 618 912 618 911 618 887 618 886 618 885 618 884 618 875 625 865 618 864 618 863 618 750 618 749 618 748 618 727 627 725 629 578 629 574 627 549 619 548 619 496 619 495 619 494 619 493 619 481 627 477 630 444 630 435 627 414 620 413 620 412 620 411 620 399 627 396 628 378 627 326 622 325 622 302 627 290 629 214 627 215 662"/>
                        </Shape>
                        <String CONTENT=""/>
                    </TextLine>

                    <TextLine ID="line_13" HPOS="206" VPOS="669" WIDTH="814" HEIGHT="59" BASELINE="207 711 1020 709" TAGREFS="TYPE_1">
                        <Shape>
                            <Polygon POINTS="207 711 207 727 242 721 266 727 267 727 268 727 269 727 297 721 324 726 325 726 326 726 327 726 334 721 378 726 379 726 435 721 444 727 445 727 446 727 447 728 509 728 509 727 510 727 511 727 524 721 560 727 566 727 567 728 598 728 598 727 599 727 600 727 600 726 607 721 675 726 677 726 678 726 679 726 691 720 779 726 784 726 785 726 786 726 803 720 1018 725 1020 709 1015 673 1008 680 982 680 972 674 968 671 967 671 966 671 965 671 964 671 955 674 940 679 927 674 913 669 912 669 911 669 910 669 898 675 890 679 800 679 785 675 768 671 767 671 766 671 765 671 753 676 744 680 614 680 608 677 589 670 588 670 587 670 554 677 541 670 541 670 492 670 491 670 490 670 479 676 463 670 462 670 408 670 407 670 406 670 389 679 387 680 323 680 321 680 308 670 307 670 306 670 283 670 282 670 281 670 266 678 255 673 254 673 253 673 206 680 207 711"/>
                        </Shape>
                        <String CONTENT=""/>
                    </TextLine>

                    <TextLine ID="line_14" HPOS="206" VPOS="718" WIDTH="811" HEIGHT="57" BASELINE="207 759 1017 757" TAGREFS="TYPE_1">
                        <Shape>
                            <Polygon POINTS="207 759 207 768 250 775 251 775 348 769 372 775 373 775 374 775 471 769 565 775 566 775 567 775 568 775 575 770 616 774 617 774 618 774 633 768 634 768 745 768 746 768 754 774 755 774 756 774 757 774 758 774 776 768 830 774 831 774 935 769 993 774 994 774 995 774 1017 767 1017 757 1015 729 931 723 930 723 877 728 876 728 848 718 847 718 846 718 792 724 775 718 774 718 773 718 772 718 771 718 761 725 751 718 750 718 749 718 669 718 668 718 667 718 642 727 612 718 611 718 610 718 571 727 549 722 548 722 547 722 502 728 490 730 408 730 404 728 380 719 379 719 378 719 311 720 310 720 293 727 215 719 214 719 213 719 212 719 212 720 206 725 207 759"/>
                        </Shape>
                        <String CONTENT=""/>
                    </TextLine>

                    <TextLine ID="line_15" HPOS="207" VPOS="767" WIDTH="808" HEIGHT="62" BASELINE="208 809 1015 807" TAGREFS="TYPE_1">
                        <Shape>
                            <Polygon POINTS="208 809 208 829 254 828 255 828 281 818 385 818 408 826 409 826 410 826 411 826 430 820 456 826 464 827 465 827 466 827 471 826 486 820 531 825 540 826 541 826 541 826 544 825 555 821 566 825 573 826 574 826 575 826 588 824 623 816 645 823 646 823 647 823 648 823 660 817 682 822 683 822 722 817 733 822 745 827 746 827 747 827 809 821 850 816 862 820 877 825 878 825 879 825 880 825 899 819 901 819 905 819 959 826 960 826 1014 817 1015 807 1013 777 971 777 953 767 952 767 904 767 903 767 902 767 902 767 889 776 829 770 828 770 827 770 806 776 766 767 765 767 764 767 763 767 748 777 698 777 684 767 683 767 682 767 681 767 654 773 626 767 625 767 624 767 601 777 545 768 544 768 543 768 513 777 492 768 491 768 472 768 471 768 470 768 469 768 458 776 430 768 429 768 428 768 369 776 327 768 326 768 325 768 324 768 312 777 271 773 270 773 207 778 208 809"/>
                        </Shape>
                        <String CONTENT=""/>
                    </TextLine>

                    <TextLine ID="line_16" HPOS="209" VPOS="819" WIDTH="804" HEIGHT="55" BASELINE="209 858 1013 858" TAGREFS="TYPE_1">
                        <Shape>
                            <Polygon POINTS="209 858 209 868 286 868 296 874 297 874 298 874 299 874 334 868 423 868 430 874 431 874 432 874 433 874 497 868 537 874 538 874 567 869 655 874 656 874 657 874 658 874 666 868 833 874 834 874 891 868 980 874 981 874 1013 867 1013 858 1013 827 968 822 967 822 934 826 923 819 922 819 921 819 920 819 849 826 847 826 844 826 809 822 808 822 761 826 744 819 743 819 742 819 741 819 716 826 715 826 714 826 700 819 699 819 639 819 638 819 637 819 615 826 613 826 610 826 583 819 582 819 581 819 580 819 557 826 554 827 412 827 409 826 394 819 393 819 392 819 391 819 376 826 373 826 314 826 312 826 300 819 300 819 299 819 209 825 209 858"/>
                        </Shape>
                        <String CONTENT=""/>
                    </TextLine>

                    <TextLine ID="line_17" HPOS="208" VPOS="864" WIDTH="799" HEIGHT="58" BASELINE="209 906 1007 909" TAGREFS="TYPE_1">
                        <Shape>
                            <Polygon POINTS="209 906 208 919 1005 922 1007 909 1006 874 977 867 976 867 975 867 955 874 953 874 943 866 942 866 941 866 877 866 876 866 875 866 859 874 855 876 785 876 782 874 773 866 772 866 771 866 723 866 722 866 722 866 702 874 697 876 583 876 580 874 568 865 567 865 566 865 565 865 564 865 545 871 521 865 520 865 519 865 488 871 445 864 444 864 443 864 417 874 414 875 382 875 380 874 368 866 367 866 366 866 365 866 364 866 351 872 299 867 298 867 297 867 296 867 288 872 273 866 272 866 271 866 270 866 269 866 259 874 258 874 242 867 241 867 240 867 240 867 239 867 231 874 229 874 209 874 209 906"/>
                        </Shape>
                        <String CONTENT=""/>
                    </TextLine>

                    <TextLine ID="line_18" HPOS="207" VPOS="916" WIDTH="806" HEIGHT="58" BASELINE="208 955 1013 958" TAGREFS="TYPE_1">
                        <Shape>
                            <Polygon POINTS="208 955 207 964 225 972 226 972 227 973 345 973 345 972 346 972 357 967 369 972 370 972 371 972 462 967 491 973 492 973 553 968 622 973 623 973 648 968 653 967 783 967 785 969 791 974 792 974 793 974 794 974 823 969 830 968 838 969 863 974 864 974 865 974 875 969 879 968 1011 970 1013 958 1012 929 962 927 946 918 945 918 887 918 886 918 845 928 843 929 745 929 716 928 691 917 690 917 689 917 607 927 605 927 587 917 586 917 585 917 540 926 526 917 525 917 524 917 523 917 522 917 497 925 477 917 476 917 475 917 445 924 424 916 423 916 422 916 421 916 408 923 387 920 386 920 385 920 368 926 347 918 346 918 345 918 297 926 296 926 287 920 286 920 285 920 284 920 283 920 263 925 251 916 250 916 249 916 233 916 232 916 231 916 208 925 208 955"/>
                        </Shape>
                        <String CONTENT=""/>
                    </TextLine>

                    <TextLine ID="line_19" HPOS="209" VPOS="966" WIDTH="805" HEIGHT="58" BASELINE="210 1004 1014 1007" TAGREFS="TYPE_1">
                        <Shape>
                            <Polygon POINTS="210 1004 209 1012 261 1022 262 1023 365 1023 365 1022 366 1022 379 1016 432 1016 440 1022 441 1022 442 1022 443 1022 486 1018 494 1023 495 1023 496 1023 497 1023 535 1015 537 1015 586 1015 587 1015 607 1023 608 1023 609 1024 647 1024 647 1023 648 1023 649 1023 660 1015 661 1015 711 1015 716 1016 749 1023 750 1023 751 1023 767 1017 777 1022 778 1022 779 1022 830 1016 837 1016 838 1016 851 1024 852 1024 853 1024 905 1017 914 1016 1012 1017 1014 1007 1014 976 1003 968 1002 968 1001 968 1000 968 961 973 939 968 938 968 937 968 936 968 912 977 751 977 732 967 731 967 730 967 637 975 542 969 541 969 541 969 527 976 479 976 433 975 422 966 421 966 421 966 420 966 385 971 351 966 350 966 349 966 325 973 307 967 306 967 305 967 304 967 285 974 269 966 268 966 237 966 236 966 235 966 210 974 210 1004"/>
                        </Shape>
                        <String CONTENT=""/>
                    </TextLine>

                    <TextLine ID="line_20" HPOS="208" VPOS="1012" WIDTH="807" HEIGHT="61" BASELINE="209 1054 1015 1057" TAGREFS="TYPE_1">
                        <Shape>
                            <Polygon POINTS="209 1054 208 1063 260 1071 261 1072 377 1072 377 1071 378 1071 390 1065 454 1071 455 1071 456 1071 477 1064 478 1064 518 1064 537 1064 546 1071 547 1071 548 1071 549 1071 550 1071 568 1066 577 1072 578 1072 579 1072 580 1072 581 1072 598 1065 615 1072 616 1072 617 1073 672 1073 672 1072 673 1072 688 1065 698 1071 699 1071 700 1071 701 1071 739 1065 740 1065 766 1072 767 1072 768 1072 769 1072 782 1067 879 1067 888 1073 889 1073 890 1073 891 1073 923 1066 984 1066 991 1071 992 1071 993 1071 994 1071 995 1071 1014 1065 1015 1057 1015 1022 974 1015 973 1015 972 1015 971 1015 963 1021 958 1026 940 1026 916 1020 890 1015 889 1015 888 1015 877 1020 866 1026 821 1026 814 1020 813 1020 812 1020 811 1020 810 1020 794 1025 783 1019 779 1015 778 1015 777 1015 684 1014 683 1014 682 1014 674 1017 663 1022 602 1019 601 1019 601 1019 588 1024 568 1016 563 1014 562 1014 507 1014 506 1014 499 1015 467 1023 443 1018 442 1018 441 1018 440 1018 431 1024 378 1024 369 1018 368 1018 367 1018 366 1018 320 1023 298 1014 297 1014 296 1014 295 1014 278 1023 249 1013 248 1013 209 1012 209 1054"/>
                        </Shape>
                        <String CONTENT=""/>
                    </TextLine>

                    <TextLine ID="line_21" HPOS="207" VPOS="1064" WIDTH="807" HEIGHT="56" BASELINE="208 1105 1014 1103" TAGREFS="TYPE_1">
                        <Shape>
                            <Polygon POINTS="208 1105 208 1114 253 1119 254 1119 325 1115 353 1114 359 1115 369 1119 370 1119 371 1119 393 1116 405 1114 418 1116 444 1120 445 1120 446 1120 460 1116 468 1114 544 1114 564 1117 588 1120 589 1120 590 1120 600 1117 613 1113 660 1117 680 1119 681 1120 755 1120 755 1119 761 1118 782 1113 828 1118 837 1119 838 1120 1013 1120 1014 1103 1011 1072 980 1072 978 1072 958 1064 957 1064 956 1064 955 1064 941 1072 939 1073 863 1073 860 1072 839 1066 838 1066 837 1066 836 1066 835 1066 827 1072 825 1073 797 1073 790 1072 717 1064 716 1064 715 1064 714 1064 707 1070 688 1065 687 1065 686 1065 685 1065 662 1072 661 1073 604 1073 526 1073 525 1072 505 1065 504 1065 503 1065 433 1072 423 1073 421 1072 412 1065 411 1065 410 1065 409 1065 292 1072 276 1073 274 1072 260 1065 259 1065 215 1065 214 1065 213 1065 212 1065 207 1068 208 1105"/>
                        </Shape>
                        <String CONTENT=""/>
                    </TextLine>

                    <TextLine ID="line_22" HPOS="207" VPOS="1114" WIDTH="807" HEIGHT="57" BASELINE="208 1153 713 1150 1014 1154" TAGREFS="TYPE_1">
                        <Shape>
                            <Polygon POINTS="208 1153 208 1165 240 1162 246 1166 252 1170 253 1170 254 1170 255 1171 280 1171 280 1170 310 1166 343 1162 386 1167 420 1170 421 1170 421 1170 428 1167 439 1162 453 1167 459 1169 460 1169 461 1169 462 1169 469 1167 486 1162 507 1167 510 1168 511 1168 512 1168 517 1167 542 1162 586 1168 604 1170 605 1170 606 1170 611 1168 626 1162 636 1168 638 1170 639 1170 640 1170 641 1171 681 1171 681 1170 682 1170 686 1168 703 1162 777 1162 859 1170 869 1170 870 1170 871 1170 872 1170 890 1162 907 1170 908 1170 909 1170 910 1171 1013 1171 1014 1154 1013 1121 963 1114 962 1114 818 1120 793 1114 792 1114 791 1114 790 1114 771 1120 757 1114 756 1114 690 1114 689 1114 650 1120 635 1114 634 1114 633 1114 601 1120 588 1115 587 1115 586 1115 556 1119 443 1114 442 1114 441 1114 440 1114 434 1119 422 1114 421 1114 421 1114 392 1119 371 1114 370 1114 369 1114 368 1114 357 1120 342 1114 341 1114 340 1114 339 1114 314 1120 305 1114 304 1114 303 1114 302 1114 301 1114 300 1114 291 1120 228 1116 227 1116 226 1116 207 1121 208 1153"/>
                        </Shape>
                        <String CONTENT=""/>
                    </TextLine>

                    <TextLine ID="line_23" HPOS="210" VPOS="1161" WIDTH="803" HEIGHT="58" BASELINE="210 1201 667 1198 1013 1205" TAGREFS="TYPE_1">
                        <Shape>
                            <Polygon POINTS="210 1201 210 1215 314 1215 314 1214 315 1214 316 1214 326 1208 345 1214 349 1215 350 1215 351 1215 352 1215 356 1214 374 1208 431 1208 438 1214 442 1217 443 1217 444 1217 445 1217 522 1216 523 1216 534 1213 551 1209 580 1213 600 1216 601 1216 601 1216 612 1213 629 1209 721 1209 726 1213 731 1215 732 1215 733 1215 734 1215 741 1213 746 1211 749 1213 756 1217 757 1217 758 1217 759 1217 853 1212 866 1212 867 1212 879 1218 880 1218 881 1218 912 1213 926 1218 927 1218 928 1219 1004 1219 1004 1218 1005 1218 1006 1218 1012 1212 1013 1205 1011 1164 895 1170 877 1164 870 1162 869 1162 868 1162 867 1162 866 1162 863 1164 853 1171 819 1171 809 1165 805 1162 804 1162 803 1162 802 1162 732 1165 691 1167 684 1166 669 1162 668 1162 667 1162 651 1166 637 1169 629 1166 618 1161 617 1161 577 1161 576 1161 575 1161 564 1166 558 1169 543 1166 528 1164 527 1164 526 1164 521 1167 516 1169 502 1167 481 1163 481 1163 480 1163 470 1167 467 1168 463 1167 448 1161 447 1161 446 1161 399 1167 385 1169 376 1167 360 1164 359 1164 289 1168 282 1168 268 1161 267 1161 266 1161 210 1168 210 1201"/>
                        </Shape>
                        <String CONTENT=""/>
                    </TextLine>

                    <TextLine ID="line_24" HPOS="208" VPOS="1205" WIDTH="803" HEIGHT="60" BASELINE="209 1248 583 1246 1011 1252" TAGREFS="TYPE_1">
                        <Shape>
                            <Polygon POINTS="209 1248 208 1261 315 1262 316 1262 317 1262 318 1262 328 1256 416 1261 417 1261 418 1261 419 1261 424 1256 433 1262 434 1262 435 1262 436 1262 491 1257 524 1263 526 1263 527 1263 528 1263 541 1257 641 1257 1009 1265 1011 1252 1010 1221 899 1221 897 1219 877 1209 876 1209 824 1208 755 1208 754 1208 753 1208 728 1218 724 1219 711 1218 651 1210 650 1210 649 1210 624 1217 618 1218 612 1217 582 1207 581 1207 580 1207 498 1212 456 1206 455 1206 454 1206 434 1214 391 1207 390 1207 360 1214 358 1214 356 1214 317 1207 316 1207 296 1211 287 1205 286 1205 285 1205 284 1205 283 1205 266 1213 260 1216 209 1213 209 1248"/>
                        </Shape>
                        <String CONTENT=""/>
                    </TextLine>

                    <TextLine ID="line_25" HPOS="206" VPOS="1254" WIDTH="802" HEIGHT="62" BASELINE="207 1297 475 1295 1008 1301" TAGREFS="TYPE_1">
                        <Shape>
                            <Polygon POINTS="207 1297 206 1302 228 1310 229 1310 230 1310 284 1304 345 1311 346 1311 397 1305 562 1313 563 1313 596 1307 673 1314 674 1314 675 1314 699 1308 714 1314 715 1314 716 1314 764 1308 767 1308 776 1314 777 1314 778 1314 779 1314 780 1314 799 1309 814 1315 815 1315 816 1315 869 1309 873 1309 878 1309 934 1316 935 1316 1007 1310 1008 1301 1008 1269 973 1262 972 1262 971 1262 957 1268 956 1268 845 1268 844 1267 832 1259 831 1259 830 1259 829 1259 711 1266 703 1266 690 1258 689 1258 688 1258 687 1258 658 1264 649 1257 648 1257 647 1257 619 1257 618 1257 617 1257 616 1257 607 1264 593 1257 592 1257 591 1257 559 1261 444 1255 443 1255 442 1255 425 1263 416 1263 352 1263 330 1254 329 1254 328 1254 207 1261 207 1297"/>
                        </Shape>
                        <String CONTENT=""/>
                    </TextLine>

                    <TextLine ID="line_26" HPOS="203" VPOS="1305" WIDTH="804" HEIGHT="60" BASELINE="203 1344 1007 1351" TAGREFS="TYPE_1">
                        <Shape>
                            <Polygon POINTS="1007 1321 987 1314 986 1314 985 1314 926 1319 923 1319 910 1311 909 1311 908 1311 907 1311 906 1311 885 1318 885 1319 788 1319 784 1316 775 1309 774 1309 773 1309 772 1309 738 1315 727 1318 688 1318 683 1314 676 1309 675 1309 674 1309 613 1308 612 1308 611 1308 610 1308 603 1313 598 1316 586 1312 581 1311 580 1311 579 1311 578 1311 574 1312 560 1316 547 1312 543 1310 542 1310 541 1310 527 1311 506 1313 502 1311 497 1307 496 1307 495 1307 494 1307 460 1310 431 1312 422 1309 415 1306 414 1306 413 1306 400 1309 376 1314 364 1308 361 1306 360 1306 359 1306 332 1307 236 1313 204 1305 203 1344 203 1357 296 1355 309 1357 324 1360 325 1360 326 1360 333 1357 338 1356 405 1356 460 1357 552 1362 553 1362 609 1358 627 1357 630 1358 638 1362 639 1362 778 1364 779 1364 855 1359 860 1359 864 1359 915 1365 916 1365 1006 1359 1007 1351 1007 1321"/>
                        </Shape>
                        <String CONTENT=""/>
                    </TextLine>

                    <TextLine ID="line_27" HPOS="201" VPOS="1354" WIDTH="801" HEIGHT="63" BASELINE="202 1391 1002 1397" TAGREFS="TYPE_1">
                        <Shape>
                            <Polygon POINTS="202 1391 201 1402 247 1412 248 1412 249 1412 267 1404 315 1404 357 1412 469 1414 470 1415 486 1415 486 1414 487 1414 488 1414 499 1406 560 1414 561 1414 620 1408 646 1415 647 1415 648 1415 692 1407 747 1415 748 1415 809 1408 843 1414 844 1414 870 1410 879 1416 880 1416 881 1416 882 1417 911 1417 911 1416 912 1416 932 1409 946 1414 947 1414 948 1414 1001 1408 1002 1397 1001 1368 972 1367 962 1358 961 1358 960 1358 959 1358 958 1358 927 1367 924 1367 909 1366 819 1361 818 1361 773 1365 757 1366 754 1365 735 1357 734 1357 673 1357 672 1357 671 1357 649 1364 643 1365 636 1363 601 1356 541 1356 541 1356 540 1356 517 1362 510 1365 472 1365 467 1361 454 1356 453 1356 452 1356 415 1361 399 1364 355 1364 349 1360 337 1354 336 1354 335 1354 334 1354 304 1360 302 1360 301 1360 293 1354 292 1354 291 1354 290 1354 202 1358 202 1391"/>
                        </Shape>
                        <String CONTENT=""/>
                    </TextLine>

                    <TextLine ID="line_28" HPOS="203" VPOS="1405" WIDTH="801" HEIGHT="59" BASELINE="204 1442 1004 1446" TAGREFS="TYPE_1">
                        <Shape>
                            <Polygon POINTS="204 1442 203 1453 247 1461 248 1461 318 1455 321 1455 331 1461 332 1461 333 1461 538 1462 539 1462 569 1458 586 1456 596 1458 613 1463 614 1463 615 1463 645 1459 661 1457 838 1457 844 1461 850 1464 851 1464 852 1464 887 1462 948 1458 962 1463 965 1464 966 1464 967 1464 968 1464 969 1464 970 1463 978 1458 1002 1463 1004 1446 1003 1415 986 1411 985 1411 984 1411 977 1415 972 1416 963 1415 940 1408 939 1408 938 1408 937 1408 919 1415 911 1417 868 1417 861 1414 845 1408 844 1408 791 1407 790 1407 789 1407 773 1414 768 1416 728 1416 724 1414 715 1407 714 1407 713 1407 665 1407 664 1407 663 1407 662 1407 654 1414 651 1416 632 1416 621 1414 583 1406 582 1406 531 1414 522 1416 467 1416 462 1414 439 1407 438 1407 437 1407 436 1407 417 1414 412 1415 404 1414 366 1407 365 1407 270 1414 260 1414 258 1414 245 1405 244 1405 243 1405 242 1405 204 1413 204 1442"/>
                        </Shape>
                        <String CONTENT=""/>
                    </TextLine>

                    <TextLine ID="line_29" HPOS="204" VPOS="1454" WIDTH="800" HEIGHT="56" BASELINE="205 1493 1004 1496" TAGREFS="TYPE_1">
                        <Shape>
                            <Polygon POINTS="205 1493 204 1507 1002 1510 1004 1496 1003 1466 861 1466 860 1465 834 1456 833 1456 832 1456 831 1456 799 1465 798 1465 797 1465 778 1456 777 1456 776 1456 775 1456 774 1456 762 1465 760 1466 745 1466 741 1465 701 1455 606 1455 605 1455 604 1455 587 1460 554 1455 553 1455 552 1455 551 1455 541 1464 531 1464 507 1464 504 1464 472 1454 471 1454 435 1454 434 1454 433 1454 432 1454 421 1462 404 1454 403 1454 402 1454 401 1454 367 1463 366 1463 332 1456 331 1456 293 1463 290 1463 284 1463 222 1458 221 1458 220 1458 205 1462 205 1493"/>
                        </Shape>
                        <String CONTENT=""/>
                    </TextLine>

                    <TextLine ID="line_30" HPOS="204" VPOS="1504" WIDTH="806" HEIGHT="74" BASELINE="205 1542 1010 1547" TAGREFS="TYPE_1">
                        <Shape>
                            <Polygon POINTS="205 1542 204 1560 246 1560 252 1562 288 1574 289 1574 290 1574 291 1574 311 1564 328 1572 329 1572 330 1572 331 1572 366 1563 385 1575 386 1575 387 1575 388 1576 415 1576 415 1575 416 1575 453 1562 454 1562 504 1561 508 1563 534 1576 535 1576 536 1577 620 1577 620 1576 621 1576 645 1563 646 1563 668 1574 669 1574 670 1574 671 1574 686 1567 713 1577 714 1577 715 1578 745 1578 745 1577 746 1577 747 1577 758 1569 766 1575 767 1575 768 1575 769 1575 770 1575 786 1568 812 1571 813 1571 873 1564 876 1564 877 1564 913 1576 914 1576 915 1576 916 1576 940 1564 941 1564 1008 1564 1010 1547 1010 1517 985 1517 985 1516 973 1508 972 1508 971 1508 909 1508 908 1508 907 1508 906 1508 895 1516 893 1517 862 1517 858 1516 821 1507 783 1507 782 1507 782 1507 766 1515 761 1515 703 1510 702 1510 660 1514 659 1514 647 1506 646 1506 645 1506 644 1506 551 1514 542 1514 541 1514 529 1505 528 1505 527 1505 526 1505 382 1513 366 1513 363 1512 337 1504 336 1504 335 1504 277 1512 274 1512 272 1512 244 1504 243 1504 242 1504 241 1504 240 1504 231 1512 230 1512 205 1512 205 1542"/>
                        </Shape>
                        <String CONTENT=""/>
                    </TextLine>
</TextBlock>
                <TextBlock ID="block_1" HPOS="930" VPOS="1557" WIDTH="82" HEIGHT="55" TAGREFS="TYPE_4">
                    <Shape>
                        <Polygon POINTS="930.6605834960938 1557.905029296875 1012.1765747070312 1557.905029296875 1012.1765747070312 1612.8763427734375 930.6605834960938 1612.8763427734375 930.6605834960938 1557.905029296875"/>
                    </Shape>
                    <TextLine ID="line_31" HPOS="923" VPOS="1556" WIDTH="88" HEIGHT="74" BASELINE="925 1596 1011 1594" TAGREFS="TYPE_1">
                        <Shape>
                            <Polygon POINTS="925 1596 925 1622 940 1622 941 1623 949 1629 949 1630 950 1630 951 1630 952 1630 992 1629 993 1629 994 1629 994 1628 995 1627 998 1624 1009 1628 1011 1594 1008 1556 923 1560 925 1596"/>
                        </Shape>
                        <String CONTENT=""/>
                    </TextLine>
</TextBlock>
            </PrintSpace>
        </Page>
    </Layout>
</alto>