<?xml version="1.0" encoding="UTF-8"?>
<alto xmlns:xsi="http://www.w3.org/2001/XMLSchema-instance"
    xmlns="http://www.loc.gov/standards/alto/ns-v4#"
    xsi:schemaLocation="http://www.loc.gov/standards/alto/ns-v4# http://www.loc.gov/standards/alto/v4/alto-4-3.xsd">
    <Description>
        <MeasurementUnit>pixel</MeasurementUnit>
        <sourceImageInformation>
            <fileName>bsb10313792_00114.jpg</fileName>
        </sourceImageInformation>
        <Processing ID="OCR_0">
            <processingCategory>other</processingCategory>
            <processingStepDescription>unknown</processingStepDescription>
            <processingSoftware>
                <softwareName>kraken</softwareName>
                <softwareVersion>4.3.13</softwareVersion>
            </processingSoftware>
        </Processing>
    </Description>
    <Tags>
        <OtherTag ID="TYPE_1" LABEL="DefaultLine"/>
        <OtherTag ID="TYPE_2" LABEL="MainZone-Other"/>
        <OtherTag ID="TYPE_3" LABEL="RunningTitleZone"/>
        <OtherTag ID="TYPE_4" LABEL="QuireMarksZone"/>
        <OtherTag ID="TYPE_5" LABEL="MarginTextZone-Notes-Continued"/>
        <OtherTag ID="TYPE_6" LABEL="MarginTextZone-Notes"/>
        <OtherTag ID="TYPE_7" LABEL="GraphicZone-TextualContent"/>
        <OtherTag ID="TYPE_8" LABEL="DigitizationArtefactZone"/>
        <OtherTag ID="TYPE_9" LABEL="TableZone-Continued"/>
        <OtherTag ID="TYPE_10" LABEL="MainZone-Lg"/>
        <OtherTag ID="TYPE_11" LABEL="MainZone-Head"/>
        <OtherTag ID="TYPE_12" LABEL="StampZone"/>
        <OtherTag ID="TYPE_13" LABEL="MainZone-Form"/>
        <OtherTag ID="TYPE_14" LABEL="MainZone-List-Continued"/>
        <OtherTag ID="TYPE_15" LABEL="MainZone-Signature"/>
        <OtherTag ID="TYPE_16" LABEL="MarginTextZone-ManuscriptAddendum"/>
        <OtherTag ID="TYPE_17" LABEL="MainZone-P-Continued"/>
        <OtherTag ID="TYPE_18" LABEL="StampZone-Sticker"/>
        <OtherTag ID="TYPE_19" LABEL="TableZone-Head"/>
        <OtherTag ID="TYPE_20" LABEL="GraphicZone-Decoration"/>
        <OtherTag ID="TYPE_21" LABEL="DropCapitalZone"/>
        <OtherTag ID="TYPE_22" LABEL="NumberingZone"/>
        <OtherTag ID="TYPE_23" LABEL="FigureZone-Head"/>
        <OtherTag ID="TYPE_24" LABEL="TitlePageZone"/>
        <OtherTag ID="TYPE_25" LABEL="GraphicZone-Maths"/>
        <OtherTag ID="TYPE_26" LABEL="MainZone-Entry-Continued"/>
        <OtherTag ID="TYPE_27" LABEL="MainZone-Sp"/>
        <OtherTag ID="TYPE_28" LABEL="MainZone-Entry"/>
        <OtherTag ID="TYPE_29" LABEL="GraphicZone-Part"/>
        <OtherTag ID="TYPE_30" LABEL="GraphicZone"/>
        <OtherTag ID="TYPE_31" LABEL="MainZone-Sp-Continued"/>
        <OtherTag ID="TYPE_32" LABEL="TableZone"/>
        <OtherTag ID="TYPE_33" LABEL="TitlePageZone-Index"/>
        <OtherTag ID="TYPE_34" LABEL="AdvertisementZone"/>
        <OtherTag ID="TYPE_35" LABEL="MainZone-Date"/>
        <OtherTag ID="TYPE_36" LABEL="FigureZone-FigDesc"/>
        <OtherTag ID="TYPE_37" LABEL="GraphicZone-Head"/>
        <OtherTag ID="TYPE_38" LABEL="MainZone-List"/>
        <OtherTag ID="TYPE_39" LABEL="MainZone-P"/>
        <OtherTag ID="TYPE_40" LABEL="MainZone-Lg-Continued"/>
        <OtherTag ID="TYPE_41" LABEL="FigureZone"/>
        <OtherTag ID="TYPE_42" LABEL="GraphicZone-FigDesc"/>
    </Tags>
    <Layout>
        <Page WIDTH="1062" HEIGHT="1746" PHYSICAL_IMG_NR="0" ID="page_0">
            <PrintSpace HPOS="0" VPOS="0" WIDTH="1062" HEIGHT="1746">
                <TextBlock ID="block_3" HPOS="184" VPOS="58" WIDTH="69" HEIGHT="46" TAGREFS="TYPE_22">
                    <Shape>
                        <Polygon POINTS="184.1808624267578 58.32523727416992 253.88790893554688 58.32523727416992 253.88790893554688 104.05307006835938 184.1808624267578 104.05307006835938 184.1808624267578 58.32523727416992"/>
                    </Shape>
                    <TextLine ID="line_0" HPOS="187" VPOS="57" WIDTH="69" HEIGHT="44" BASELINE="189 90 256 87" TAGREFS="TYPE_1">
                        <Shape>
                            <Polygon POINTS="246 86 236 60 220 57 216 57 206 57 197 57 187 57 189 90 189 99 255 101 256 87 254 64 247 63 246 86"/>
                        </Shape>
                        <String CONTENT=""/>
                    </TextLine>
</TextBlock>
                <TextBlock ID="block_0" HPOS="373" VPOS="55" WIDTH="467" HEIGHT="48" TAGREFS="TYPE_3">
                    <Shape>
                        <Polygon POINTS="373.4294738769531 55.324859619140625 840.8531494140625 55.324859619140625 840.8531494140625 103.24299621582031 373.4294738769531 103.24299621582031 373.4294738769531 55.324859619140625"/>
                    </Shape>
                    <TextLine ID="line_1" HPOS="377" VPOS="49" WIDTH="455" HEIGHT="56" BASELINE="378 87 832 89" TAGREFS="TYPE_1">
                        <Shape>
                            <Polygon POINTS="814 52 804 54 795 54 793 54 785 54 775 54 765 54 756 54 746 54 736 54 727 54 717 54 707 54 697 54 688 54 678 54 668 54 659 54 649 54 639 54 630 54 620 54 610 54 608 54 605 54 601 54 600 54 591 54 581 54 571 54 562 54 552 54 542 54 532 54 523 54 513 54 503 54 494 54 484 54 474 54 464 54 455 54 445 54 435 54 426 54 416 54 406 54 397 54 387 54 378 54 378 87 377 95 410 96 418 103 418 104 419 104 420 104 421 105 439 105 439 104 440 104 441 104 441 103 449 97 483 104 484 105 516 105 516 104 517 104 518 104 525 98 596 104 597 104 597 104 598 104 598 103 603 99 609 103 610 103 611 103 612 103 640 97 654 103 655 103 656 103 657 103 669 97 736 97 781 105 782 105 831 97 832 89 832 55 814 49 814 52"/>
                        </Shape>
                        <String CONTENT=""/>
                    </TextLine>
</TextBlock>
                <TextBlock ID="block_6" HPOS="182" VPOS="110" WIDTH="800" HEIGHT="244" TAGREFS="TYPE_39">
                    <Shape>
                        <Polygon POINTS="182.83566284179688 110.42517852783203 982.2089233398438 110.42517852783203 982.2089233398438 354.7091064453125 182.83566284179688 354.7091064453125 182.83566284179688 110.42517852783203"/>
                    </Shape>
                    <TextLine ID="line_2" HPOS="229" VPOS="104" WIDTH="748" HEIGHT="57" BASELINE="229 146 977 146" TAGREFS="TYPE_1">
                        <Shape>
                            <Polygon POINTS="947 107 939 107 929 113 917 107 908 107 898 107 896 107 868 113 679 108 643 107 636 107 627 107 617 107 607 107 597 107 588 107 578 107 568 107 559 107 549 107 539 107 531 107 528 110 523 114 479 114 475 111 469 107 462 107 452 107 429 111 418 113 410 112 389 107 384 107 374 107 365 107 355 107 345 107 335 107 326 107 316 107 314 107 286 113 251 107 248 107 238 107 234 107 229 111 229 146 229 157 453 161 454 161 455 161 470 157 474 156 482 157 522 161 523 161 524 161 533 157 536 156 785 156 786 156 794 161 795 161 796 161 796 161 836 156 838 156 841 156 957 161 958 161 959 161 977 155 977 146 977 104 947 104 947 107"/>
                        </Shape>
                        <String CONTENT=""/>
                    </TextLine>

                    <TextLine ID="line_3" HPOS="183" VPOS="155" WIDTH="794" HEIGHT="57" BASELINE="183 194 977 194" TAGREFS="TYPE_1">
                        <Shape>
                            <Polygon POINTS="183 194 183 205 201 211 202 211 203 212 276 212 276 211 277 211 298 205 300 205 342 205 344 205 353 211 354 211 355 211 356 211 393 205 397 205 401 205 461 211 462 212 531 212 531 211 532 211 533 211 541 206 662 211 663 211 696 205 697 205 705 205 927 211 928 211 977 204 977 194 976 163 885 164 882 163 871 155 870 155 869 155 690 155 689 155 688 155 674 160 648 155 647 155 646 155 629 163 627 164 626 163 603 155 602 155 601 155 600 155 570 162 542 155 541 155 540 155 539 155 538 155 524 164 522 165 483 165 481 164 455 155 454 155 453 155 452 155 451 155 438 164 437 165 389 165 388 164 371 155 370 155 369 155 340 155 339 155 338 155 337 155 325 163 272 159 271 159 183 164 183 194"/>
                        </Shape>
                        <String CONTENT=""/>
                    </TextLine>

                    <TextLine ID="line_4" HPOS="182" VPOS="203" WIDTH="792" HEIGHT="59" BASELINE="182 243 974 243" TAGREFS="TYPE_1">
                        <Shape>
                            <Polygon POINTS="182 243 182 256 192 260 193 260 194 260 195 260 206 257 302 261 303 261 304 261 319 256 323 255 325 256 331 261 332 261 333 261 334 262 443 262 443 261 444 261 456 258 459 257 461 258 472 261 473 261 474 261 507 258 535 255 568 258 582 259 583 259 600 258 655 255 696 259 700 259 701 259 702 259 703 259 720 255 737 259 743 261 744 261 745 261 755 259 785 255 862 255 875 260 876 260 877 260 913 255 972 261 974 243 973 213 852 213 837 203 836 203 835 203 834 203 833 203 797 213 763 213 745 203 744 203 666 203 665 203 664 203 635 212 622 203 621 203 620 203 619 203 618 203 589 212 562 205 561 205 560 205 559 205 549 210 536 203 535 203 534 203 533 203 513 209 481 206 480 206 479 206 478 206 468 212 423 203 422 203 421 203 389 212 356 203 355 203 354 203 229 211 207 203 206 203 205 203 204 203 182 212 182 243"/>
                        </Shape>
                        <String CONTENT=""/>
                    </TextLine>

                    <TextLine ID="line_5" HPOS="181" VPOS="253" WIDTH="790" HEIGHT="63" BASELINE="182 292 971 291" TAGREFS="TYPE_1">
                        <Shape>
                            <Polygon POINTS="182 292 182 316 218 315 219 315 220 315 236 305 250 311 251 311 252 311 253 311 276 303 332 312 333 312 385 303 401 313 406 315 407 315 408 316 432 316 432 315 433 315 440 312 456 304 483 308 484 308 518 303 531 310 534 312 535 312 536 312 537 312 543 310 563 303 589 309 605 313 606 313 607 313 623 309 629 307 633 308 645 313 646 313 647 313 648 313 664 308 678 304 709 307 783 315 784 315 785 315 806 307 820 312 821 312 822 312 906 304 928 311 929 311 929 311 970 302 971 291 970 264 950 258 949 258 948 258 947 258 946 258 937 264 864 264 851 254 850 254 849 254 848 254 847 254 828 263 692 263 676 253 675 253 674 253 584 253 583 253 582 253 581 253 564 263 542 253 541 253 493 253 492 253 448 258 431 255 431 255 430 255 429 255 397 262 354 258 353 258 352 258 330 263 329 263 294 253 293 253 292 253 242 262 230 253 229 253 228 253 199 253 198 253 197 253 196 253 181 260 182 292"/>
                        </Shape>
                        <String CONTENT=""/>
                    </TextLine>

                    <TextLine ID="line_6" HPOS="180" VPOS="306" WIDTH="233" HEIGHT="47" BASELINE="181 342 413 341" TAGREFS="TYPE_1">
                        <Shape>
                            <Polygon POINTS="181 342 181 353 412 353 413 341 410 311 360 313 357 311 352 307 351 307 350 307 297 306 296 306 295 306 294 306 294 307 287 312 286 313 277 312 233 308 232 308 232 308 231 308 228 311 223 307 222 307 221 307 220 307 219 307 210 312 205 307 205 306 204 306 203 306 202 306 201 306 180 312 181 342"/>
                        </Shape>
                        <String CONTENT=""/>
                    </TextLine>
</TextBlock>
                <TextBlock ID="block_5" HPOS="177" VPOS="356" WIDTH="804" HEIGHT="589" TAGREFS="TYPE_39">
                    <Shape>
                        <Polygon POINTS="177.68734741210938 356.83587646484375 981.7786865234375 356.83587646484375 981.7786865234375 945.781005859375 177.68734741210938 945.781005859375 177.68734741210938 356.83587646484375"/>
                    </Shape>
                    <TextLine ID="line_7" HPOS="223" VPOS="345" WIDTH="739" HEIGHT="64" BASELINE="224 389 962 388" TAGREFS="TYPE_1">
                        <Shape>
                            <Polygon POINTS="941 346 931 346 930 346 915 356 857 356 833 347 830 346 825 346 823 346 822 347 810 355 774 348 763 346 757 346 755 346 750 349 735 356 708 356 699 349 696 346 689 346 679 346 669 346 660 346 655 346 649 350 639 355 571 352 474 346 473 346 472 346 449 354 440 357 418 357 412 355 391 346 390 346 389 346 388 346 360 355 356 357 332 357 331 356 317 348 316 348 315 348 314 348 313 348 297 355 271 346 270 346 269 346 268 346 223 357 224 389 224 402 306 402 324 408 325 408 326 408 366 402 368 402 369 402 388 408 389 408 390 409 482 409 482 408 483 408 484 408 492 402 495 401 511 402 575 408 576 408 618 403 628 407 629 407 630 407 630 407 638 403 643 400 672 403 716 407 717 407 718 407 732 403 744 400 763 403 788 407 789 407 790 407 802 403 807 402 815 403 838 407 839 407 840 407 847 403 853 400 961 403 962 388 961 345 946 345 941 346"/>
                        </Shape>
                        <String CONTENT=""/>
                    </TextLine>

                    <TextLine ID="line_8" HPOS="178" VPOS="397" WIDTH="785" HEIGHT="60" BASELINE="179 442 963 439" TAGREFS="TYPE_1">
                        <Shape>
                            <Polygon POINTS="179 442 180 457 204 452 228 456 229 456 230 456 242 452 402 452 418 456 419 456 420 456 452 451 469 455 470 455 471 455 498 451 538 455 539 455 540 455 558 451 564 455 564 455 565 455 566 455 671 451 681 455 682 455 683 455 684 455 701 450 714 454 715 454 716 454 717 454 730 450 757 454 758 454 791 450 962 454 963 439 962 408 780 408 775 406 731 397 730 397 730 397 707 406 704 407 701 406 689 399 688 399 687 399 686 399 667 404 661 398 660 398 659 398 658 398 657 398 632 405 603 400 602 400 601 400 584 405 583 405 562 398 561 398 485 398 484 398 483 398 471 404 464 409 439 409 407 404 376 399 308 399 307 399 306 399 305 399 299 403 290 409 241 409 225 403 212 399 211 399 210 399 178 402 179 442"/>
                        </Shape>
                        <String CONTENT=""/>
                    </TextLine>

                    <TextLine ID="line_9" HPOS="177" VPOS="446" WIDTH="788" HEIGHT="64" BASELINE="178 490 965 485" TAGREFS="TYPE_1">
                        <Shape>
                            <Polygon POINTS="178 490 178 500 201 507 202 507 203 507 251 501 295 510 296 510 297 510 332 500 362 509 363 509 364 509 365 509 365 509 381 499 382 499 475 499 536 499 554 508 555 508 556 508 557 508 582 499 591 505 592 505 593 505 639 508 640 508 678 499 689 507 690 507 691 507 692 508 752 508 752 507 797 498 820 506 821 506 822 506 823 506 824 506 834 498 893 501 894 501 895 501 913 496 914 496 929 501 929 501 930 501 964 495 965 485 963 452 923 447 922 447 921 447 900 452 896 453 889 452 855 446 854 446 853 446 833 452 830 453 829 452 807 446 806 446 805 446 777 447 776 447 775 447 766 453 763 455 621 455 616 453 599 448 598 448 597 448 597 448 584 454 581 455 578 454 564 448 564 448 563 448 562 448 536 454 531 455 512 454 430 449 429 449 428 449 415 455 412 457 379 457 376 455 365 450 364 450 363 450 362 450 361 450 353 455 352 455 332 450 331 450 193 450 192 450 191 450 177 454 178 490"/>
                        </Shape>
                        <String CONTENT=""/>
                    </TextLine>

                    <TextLine ID="line_10" HPOS="178" VPOS="500" WIDTH="790" HEIGHT="57" BASELINE="179 539 968 537" TAGREFS="TYPE_1">
                        <Shape>
                            <Polygon POINTS="179 539 179 549 225 556 226 556 272 549 277 549 280 549 308 556 309 556 310 556 391 549 399 549 450 549 452 549 461 554 462 554 463 554 464 554 495 549 497 549 507 556 508 556 509 556 510 557 536 557 536 556 537 556 538 556 548 549 550 549 577 555 578 556 606 556 606 555 607 555 608 555 618 549 632 555 633 555 634 555 635 555 636 555 646 549 648 548 658 549 698 555 699 556 792 556 792 555 793 555 805 549 808 548 877 548 886 549 922 555 923 555 924 555 936 549 937 549 950 555 951 555 952 555 953 555 968 549 968 537 966 510 913 510 913 509 895 500 894 500 893 500 892 500 865 509 863 509 857 509 802 503 801 503 800 503 787 508 781 504 780 504 779 504 778 504 777 504 763 508 758 510 634 510 630 507 615 500 614 500 613 500 563 506 555 502 554 502 553 502 552 502 539 506 527 510 443 509 437 505 430 501 429 501 428 501 427 501 412 505 399 509 395 505 390 501 389 501 388 501 387 501 365 505 358 506 357 505 352 501 351 501 350 501 349 501 178 503 179 539"/>
                        </Shape>
                        <String CONTENT=""/>
                    </TextLine>

                    <TextLine ID="line_11" HPOS="181" VPOS="549" WIDTH="788" HEIGHT="61" BASELINE="182 588 969 585" TAGREFS="TYPE_1">
                        <Shape>
                            <Polygon POINTS="182 588 183 610 210 600 375 607 427 609 428 609 429 609 430 609 433 606 447 599 508 599 519 604 520 604 521 604 522 604 534 599 544 604 551 608 552 608 553 608 576 604 601 599 610 603 619 608 620 608 621 609 667 609 667 608 668 608 681 602 686 600 698 602 709 603 710 603 711 603 716 602 726 598 738 601 761 607 762 607 763 608 861 608 861 607 862 607 862 607 873 599 874 598 877 599 891 603 892 603 893 603 894 603 904 598 906 598 907 598 932 607 933 607 934 607 935 607 969 597 969 585 968 558 949 549 948 549 947 549 946 549 928 557 896 549 896 549 895 549 894 549 879 557 820 557 772 549 771 549 770 549 746 558 712 558 705 558 704 558 663 550 663 550 662 550 640 557 607 550 606 550 605 550 604 550 594 559 553 559 538 551 537 551 536 551 535 551 534 551 525 557 480 552 479 552 478 552 464 559 454 559 430 559 429 559 420 553 419 553 418 553 417 553 416 553 398 559 397 559 387 553 386 553 385 553 384 553 326 557 318 551 317 551 316 551 247 551 246 551 245 551 244 551 236 557 217 553 216 553 215 553 199 559 191 553 190 553 189 553 188 553 187 553 186 553 181 556 182 588"/>
                        </Shape>
                        <String CONTENT=""/>
                    </TextLine>

                    <TextLine ID="line_12" HPOS="180" VPOS="598" WIDTH="784" HEIGHT="59" BASELINE="180 637 964 637" TAGREFS="TYPE_1">
                        <Shape>
                            <Polygon POINTS="180 637 180 646 226 653 227 653 228 653 248 646 249 646 250 646 282 654 283 654 284 654 285 654 296 646 297 646 311 652 312 652 313 652 336 647 341 646 346 647 395 656 396 656 449 648 460 646 469 648 502 655 503 655 504 655 527 648 534 646 539 648 556 656 557 656 558 657 653 657 653 656 654 656 668 649 675 646 683 649 689 652 690 652 691 652 712 650 741 646 752 650 764 655 765 655 766 655 788 650 805 646 814 650 825 656 826 656 827 656 890 654 891 654 897 651 909 646 929 651 942 654 943 654 964 651 964 637 963 601 920 604 914 601 907 598 906 598 868 598 867 598 845 602 806 610 640 610 626 605 609 599 608 599 572 598 571 598 570 598 550 605 540 609 531 606 526 604 525 604 524 604 523 604 516 606 505 609 466 607 465 606 450 598 449 598 448 598 447 598 415 607 411 608 408 607 386 598 385 598 384 598 383 598 365 606 347 598 346 598 313 598 312 598 311 598 281 609 280 609 266 598 265 598 265 598 231 598 230 598 229 598 228 598 221 604 204 598 203 598 202 598 201 598 180 609 180 637"/>
                        </Shape>
                        <String CONTENT=""/>
                    </TextLine>

                    <TextLine ID="line_13" HPOS="183" VPOS="647" WIDTH="785" HEIGHT="61" BASELINE="184 696 274 686 968 683" TAGREFS="TYPE_1">
                        <Shape>
                            <Polygon POINTS="184 696 184 708 245 699 306 705 307 705 308 705 324 701 340 706 345 707 346 707 347 707 358 705 398 698 490 703 498 703 499 703 500 703 501 703 513 697 555 697 563 702 566 705 567 705 568 705 569 706 594 706 594 705 626 701 652 697 668 700 691 704 692 704 693 704 694 704 699 699 704 696 728 699 772 704 773 704 823 697 838 695 844 697 862 703 862 703 863 704 890 704 890 703 891 703 892 703 899 697 927 703 928 703 967 694 968 683 965 650 898 654 882 651 864 647 863 647 862 647 847 651 831 656 789 656 777 652 763 648 762 648 761 648 760 648 749 652 742 656 700 656 694 653 679 648 678 648 677 648 676 648 661 653 653 656 623 654 595 652 594 652 540 655 501 658 464 658 462 656 454 650 453 650 452 650 451 650 425 656 421 657 418 657 388 650 387 650 291 651 290 651 289 651 282 656 218 651 217 651 183 659 184 696"/>
                        </Shape>
                        <String CONTENT=""/>
                    </TextLine>

                    <TextLine ID="line_14" HPOS="178" VPOS="695" WIDTH="793" HEIGHT="59" BASELINE="179 736 971 734" TAGREFS="TYPE_1">
                        <Shape>
                            <Polygon POINTS="179 736 179 745 223 753 224 754 275 754 275 753 276 753 299 746 333 752 334 752 335 752 347 747 356 753 357 753 358 753 359 753 360 753 382 746 383 746 434 753 435 753 436 753 462 746 463 746 493 753 494 754 535 754 535 753 536 753 552 746 553 746 566 751 567 751 568 751 569 751 570 751 575 746 576 745 578 746 593 752 594 752 595 753 637 753 637 752 638 752 656 746 659 745 663 746 675 751 676 751 677 751 678 751 690 746 694 745 713 746 777 751 778 751 779 751 790 746 793 745 796 746 811 751 812 751 813 751 851 746 863 745 865 746 873 752 874 752 875 752 876 752 877 752 895 746 900 745 970 746 971 734 970 708 931 695 930 695 929 695 929 695 896 707 868 701 867 701 794 707 786 707 784 707 760 699 759 699 758 699 757 699 743 706 742 707 735 706 696 701 695 701 694 701 684 706 681 708 628 708 582 706 580 706 565 696 564 696 564 696 404 696 403 696 367 705 352 708 335 704 309 698 308 698 307 698 288 704 278 707 267 704 258 701 257 701 256 701 255 701 245 704 233 707 178 704 179 736"/>
                        </Shape>
                        <String CONTENT=""/>
                    </TextLine>

                    <TextLine ID="line_15" HPOS="180" VPOS="743" WIDTH="789" HEIGHT="59" BASELINE="180 781 969 784" TAGREFS="TYPE_1">
                        <Shape>
                            <Polygon POINTS="180 781 180 797 266 793 273 797 277 800 278 800 279 800 280 800 299 797 313 795 328 797 350 800 351 800 352 800 365 797 376 794 402 797 437 800 438 800 439 800 440 800 445 796 449 794 469 796 493 799 494 799 495 799 500 796 504 794 518 796 542 800 543 800 597 796 621 794 625 796 631 801 632 801 633 801 634 802 678 802 678 801 778 795 786 795 799 802 800 802 801 802 802 802 803 802 812 795 813 795 877 795 878 795 911 802 912 802 913 802 931 795 951 800 952 800 953 800 954 800 968 794 969 784 968 744 929 744 929 744 928 744 927 744 912 754 827 754 811 745 809 744 808 744 727 744 726 744 725 744 724 744 722 746 709 753 594 753 586 747 581 743 580 743 579 743 564 743 564 743 563 743 562 743 557 747 550 753 505 753 496 748 484 743 483 743 482 743 481 743 480 743 474 748 468 753 445 753 438 748 431 745 431 745 430 745 429 745 420 749 414 751 410 749 401 743 400 743 399 743 338 743 337 743 336 743 316 750 315 750 313 750 298 743 298 743 297 743 249 750 241 751 236 750 200 743 199 743 199 743 180 750 180 781"/>
                        </Shape>
                        <String CONTENT=""/>
                    </TextLine>

                    <TextLine ID="line_16" HPOS="178" VPOS="794" WIDTH="790" HEIGHT="58" BASELINE="179 832 968 834" TAGREFS="TYPE_1">
                        <Shape>
                            <Polygon POINTS="179 832 178 840 195 850 196 850 197 850 198 851 241 851 241 850 280 841 330 843 339 850 340 850 341 850 342 850 364 849 365 849 365 849 375 841 376 841 399 847 400 847 401 847 429 844 440 850 441 850 442 850 563 845 572 851 573 851 574 851 575 852 611 852 611 851 612 851 634 844 637 843 643 844 663 847 664 847 665 847 674 844 682 842 728 845 770 847 771 847 812 846 872 843 878 846 885 851 886 851 887 851 888 851 909 847 918 845 927 847 939 849 940 849 941 849 946 847 956 842 965 847 968 834 967 804 902 798 901 798 900 798 880 803 869 795 868 795 867 795 866 795 865 795 851 802 831 798 830 798 829 798 815 803 814 803 790 796 789 796 788 796 787 796 786 796 777 802 764 795 763 795 674 795 673 795 672 795 648 803 647 803 645 803 626 795 625 795 624 795 623 795 622 795 612 803 611 804 575 804 573 803 560 794 559 794 558 794 504 794 503 794 502 794 501 794 494 801 464 794 463 794 462 794 437 802 436 803 378 803 377 802 364 796 363 796 362 796 361 796 346 802 345 802 326 794 325 794 324 794 289 799 277 794 276 794 275 794 274 794 273 794 264 802 263 803 240 803 239 802 225 794 224 794 223 794 222 794 207 802 206 802 179 802 179 832"/>
                        </Shape>
                        <String CONTENT=""/>
                    </TextLine>

                    <TextLine ID="line_17" HPOS="179" VPOS="845" WIDTH="787" HEIGHT="63" BASELINE="179 882 966 882" TAGREFS="TYPE_1">
                        <Shape>
                            <Polygon POINTS="179 882 179 895 235 895 236 895 265 907 266 907 267 907 268 907 298 896 299 895 301 896 314 902 315 902 316 902 387 901 397 906 398 906 398 906 399 906 400 906 424 898 451 897 463 897 464 897 474 903 475 903 476 903 477 903 496 898 504 895 509 898 521 905 522 905 523 905 524 905 525 905 526 905 536 898 542 895 568 895 576 898 596 907 597 907 597 907 598 907 622 899 625 898 628 899 650 906 651 906 652 906 653 906 673 899 676 898 680 899 690 904 691 904 692 904 693 904 700 900 705 897 713 900 724 903 725 903 726 903 727 903 728 903 731 900 739 895 753 900 772 906 773 906 774 906 775 906 776 906 785 900 790 897 796 900 802 903 803 903 804 903 805 903 806 903 809 901 817 895 844 895 859 901 875 907 876 907 877 908 954 908 954 907 955 907 966 902 966 882 966 854 916 849 915 849 914 849 904 853 900 855 896 853 879 845 878 845 851 845 850 845 849 845 848 845 838 852 811 849 810 849 809 849 802 852 796 855 724 853 722 852 710 845 709 845 688 845 687 845 686 845 685 845 677 851 672 855 659 851 637 845 636 845 561 845 560 845 559 845 558 845 551 850 544 855 509 850 506 850 505 850 501 850 453 855 441 850 440 849 439 849 438 849 437 849 436 849 428 856 347 856 327 849 315 845 314 845 313 845 292 848 274 851 265 848 257 845 256 845 255 845 179 847 179 882"/>
                        </Shape>
                        <String CONTENT=""/>
                    </TextLine>

                    <TextLine ID="line_18" HPOS="178" VPOS="917" WIDTH="234" HEIGHT="29" BASELINE="179 933 412 932" TAGREFS="TYPE_1">
                        <Shape>
                            <Polygon POINTS="401 921 392 921 382 921 372 921 363 921 353 921 343 921 333 921 324 921 314 921 304 921 295 921 285 921 275 921 265 921 256 921 246 921 236 921 227 921 217 921 207 921 198 921 197 917 178 917 179 933 179 940 209 946 210 946 412 941 412 932 410 921 401 921"/>
                        </Shape>
                        <String CONTENT=""/>
                    </TextLine>
</TextBlock>
                <TextBlock ID="block_2" HPOS="201" VPOS="949" WIDTH="442" HEIGHT="56" TAGREFS="TYPE_11">
                    <Shape>
                        <Polygon POINTS="201.9933319091797 949.054931640625 643.4834594726562 949.054931640625 643.4834594726562 1005.7079467773438 201.9933319091797 1005.7079467773438 201.9933319091797 949.054931640625"/>
                    </Shape>
                    <TextLine ID="line_19" HPOS="232" VPOS="971" WIDTH="410" HEIGHT="35" BASELINE="232 988 642 985" TAGREFS="TYPE_1">
                        <Shape>
                            <Polygon POINTS="232 988 232 997 245 1002 246 1002 247 1002 248 1002 249 1002 249 1002 254 998 255 998 284 999 299 1006 300 1006 301 1006 302 1006 326 1000 336 1006 337 1006 338 1006 339 1006 409 1005 434 1001 452 997 457 1001 461 1004 461 1005 462 1005 463 1005 464 1006 489 1006 489 1005 490 1005 499 1002 512 996 525 1002 526 1002 527 1002 579 996 641 1003 642 985 640 971 232 971 232 988"/>
                        </Shape>
                        <String CONTENT=""/>
                    </TextLine>
</TextBlock>
                <TextBlock ID="block_4" HPOS="176" VPOS="999" WIDTH="805" HEIGHT="548" TAGREFS="TYPE_39">
                    <Shape>
                        <Polygon POINTS="176.2348175048828 999.2470703125 981.214111328125 999.2470703125 981.214111328125 1547.056640625 176.2348175048828 1547.056640625 176.2348175048828 999.2470703125"/>
                    </Shape>
                    <TextLine ID="line_20" HPOS="252" VPOS="992" WIDTH="717" HEIGHT="57" BASELINE="253 1038 969 1034" TAGREFS="TYPE_1">
                        <Shape>
                            <Polygon POINTS="253 1038 253 1049 968 1045 969 1034 967 996 895 992 894 992 893 992 884 997 875 1002 783 1002 774 999 762 993 761 993 760 993 682 1000 658 1002 648 1001 611 994 610 994 579 1002 573 1002 569 1002 562 999 561 999 560 999 508 1002 490 1003 489 1002 479 997 478 997 477 997 476 997 475 997 459 1003 457 1003 455 1003 418 995 417 995 416 995 415 995 404 1003 334 999 333 999 332 999 308 1004 298 996 298 996 297 996 270 996 269 996 268 996 267 996 252 1004 253 1038"/>
                        </Shape>
                        <String CONTENT=""/>
                    </TextLine>

                    <TextLine ID="line_21" HPOS="178" VPOS="1043" WIDTH="793" HEIGHT="57" BASELINE="179 1086 971 1084" TAGREFS="TYPE_1">
                        <Shape>
                            <Polygon POINTS="179 1086 179 1094 232 1100 233 1100 297 1096 307 1099 308 1099 309 1099 310 1099 311 1099 319 1094 320 1094 324 1094 359 1100 360 1100 361 1100 382 1095 391 1100 392 1100 393 1100 394 1100 395 1100 416 1095 459 1100 460 1100 461 1100 473 1094 475 1094 480 1094 517 1100 518 1100 574 1099 575 1099 594 1094 599 1093 607 1094 624 1098 625 1098 647 1094 657 1093 663 1094 679 1099 680 1099 681 1099 719 1094 730 1093 736 1094 752 1099 753 1099 754 1099 774 1094 783 1093 860 1093 862 1094 873 1099 874 1099 875 1099 970 1094 971 1084 968 1045 778 1049 761 1046 740 1043 739 1043 738 1043 737 1043 731 1047 727 1050 636 1050 632 1048 624 1043 623 1043 622 1043 621 1043 620 1043 612 1048 609 1049 570 1048 468 1045 467 1045 466 1045 453 1049 449 1050 441 1049 403 1044 402 1044 401 1044 388 1050 387 1050 374 1044 373 1044 372 1044 316 1050 307 1044 306 1044 305 1044 272 1044 271 1044 270 1044 269 1044 263 1050 249 1044 248 1044 205 1044 204 1044 203 1044 178 1051 179 1086"/>
                        </Shape>
                        <String CONTENT=""/>
                    </TextLine>

                    <TextLine ID="line_22" HPOS="177" VPOS="1092" WIDTH="792" HEIGHT="50" BASELINE="178 1135 509 1131 969 1133" TAGREFS="TYPE_1">
                        <Shape>
                            <Polygon POINTS="178 1135 178 1141 967 1142 969 1133 967 1100 895 1100 894 1100 875 1092 874 1092 873 1092 872 1092 859 1099 805 1092 804 1092 803 1092 791 1099 766 1092 765 1092 764 1092 763 1092 744 1100 743 1101 718 1101 716 1100 671 1092 670 1092 572 1098 535 1092 534 1092 533 1092 505 1101 471 1101 446 1092 445 1092 388 1092 387 1092 386 1092 361 1101 319 1101 300 1092 299 1092 298 1092 249 1099 227 1092 226 1092 225 1092 177 1101 178 1135"/>
                        </Shape>
                        <String CONTENT=""/>
                    </TextLine>

                    <TextLine ID="line_23" HPOS="177" VPOS="1141" WIDTH="790" HEIGHT="56" BASELINE="178 1183 813 1180 967 1183" TAGREFS="TYPE_1">
                        <Shape>
                            <Polygon POINTS="178 1183 178 1197 292 1196 293 1196 305 1192 331 1196 332 1196 333 1196 349 1190 453 1194 454 1194 455 1194 475 1189 557 1190 565 1196 566 1196 567 1196 568 1196 569 1196 592 1189 661 1195 662 1195 663 1195 671 1190 678 1196 679 1196 680 1196 681 1196 703 1196 758 1196 758 1196 759 1196 779 1189 797 1195 798 1195 799 1195 800 1195 820 1188 856 1195 857 1196 966 1196 967 1183 965 1144 880 1147 868 1144 855 1141 854 1141 853 1141 835 1145 825 1147 815 1145 807 1143 806 1143 805 1143 769 1145 728 1148 724 1146 715 1141 714 1141 713 1141 659 1146 647 1147 645 1146 637 1142 636 1142 635 1142 566 1146 503 1141 502 1141 501 1141 500 1141 492 1148 491 1149 447 1149 440 1148 407 1142 406 1142 368 1148 361 1142 360 1142 359 1142 304 1142 303 1142 302 1142 301 1142 292 1149 245 1143 244 1143 177 1150 178 1183"/>
                        </Shape>
                        <String CONTENT=""/>
                    </TextLine>

                    <TextLine ID="line_24" HPOS="178" VPOS="1189" WIDTH="791" HEIGHT="56" BASELINE="179 1229 969 1231" TAGREFS="TYPE_1">
                        <Shape>
                            <Polygon POINTS="179 1229 178 1237 193 1244 194 1244 195 1244 269 1239 302 1244 303 1244 459 1240 516 1239 527 1241 543 1244 544 1244 545 1244 552 1241 558 1239 564 1241 574 1245 575 1245 576 1245 606 1242 624 1240 641 1242 664 1245 665 1245 666 1245 667 1245 670 1242 674 1240 967 1245 969 1231 968 1195 919 1191 918 1191 917 1191 916 1191 910 1195 906 1196 898 1195 887 1191 886 1191 885 1191 866 1195 852 1197 845 1195 835 1190 834 1190 833 1190 790 1195 786 1195 781 1195 737 1190 736 1190 707 1195 693 1197 689 1195 684 1191 683 1191 682 1191 681 1191 680 1191 672 1195 668 1196 658 1195 627 1190 626 1190 625 1190 624 1190 616 1195 612 1197 597 1195 558 1189 557 1189 556 1189 555 1189 547 1196 544 1197 497 1197 495 1196 482 1189 481 1189 448 1189 447 1189 446 1189 433 1196 431 1196 422 1196 398 1192 397 1192 355 1196 342 1196 336 1196 315 1191 285 1191 284 1191 283 1191 282 1191 274 1196 273 1196 265 1196 230 1192 229 1192 179 1196 179 1229"/>
                        </Shape>
                        <String CONTENT=""/>
                    </TextLine>

                    <TextLine ID="line_25" HPOS="175" VPOS="1238" WIDTH="789" HEIGHT="57" BASELINE="175 1280 964 1280" TAGREFS="TYPE_1">
                        <Shape>
                            <Polygon POINTS="175 1280 175 1291 387 1294 388 1294 415 1291 424 1290 436 1291 483 1294 484 1294 513 1291 519 1290 524 1291 545 1294 546 1294 547 1294 560 1291 562 1290 565 1290 592 1294 593 1294 594 1294 595 1294 601 1290 602 1290 612 1294 613 1294 614 1295 695 1295 695 1294 696 1294 715 1290 717 1290 726 1290 816 1294 817 1294 818 1294 831 1290 838 1294 839 1294 840 1294 841 1294 873 1290 874 1290 908 1294 909 1294 964 1289 964 1280 964 1250 890 1250 875 1238 874 1238 873 1238 854 1238 853 1238 852 1238 829 1249 800 1238 799 1238 707 1238 706 1238 705 1238 704 1238 687 1250 673 1250 638 1238 637 1238 636 1238 635 1238 612 1246 533 1238 532 1238 531 1238 531 1238 512 1250 439 1250 419 1238 418 1238 417 1238 392 1243 386 1238 385 1238 384 1238 335 1238 334 1238 333 1238 324 1243 283 1238 282 1238 281 1238 280 1238 267 1248 232 1241 232 1241 175 1249 175 1280"/>
                        </Shape>
                        <String CONTENT=""/>
                    </TextLine>

                    <TextLine ID="line_26" HPOS="175" VPOS="1285" WIDTH="787" HEIGHT="57" BASELINE="175 1326 962 1329" TAGREFS="TYPE_1">
                        <Shape>
                            <Polygon POINTS="175 1326 175 1340 396 1336 430 1341 440 1342 441 1342 442 1342 445 1341 453 1337 486 1341 498 1342 499 1342 518 1341 570 1337 960 1341 962 1329 962 1299 874 1299 873 1298 852 1287 851 1287 820 1287 819 1287 818 1287 784 1298 782 1299 708 1299 707 1298 699 1292 698 1292 697 1292 696 1292 674 1295 661 1286 660 1286 659 1286 658 1286 657 1286 617 1297 616 1297 612 1297 581 1296 559 1286 558 1286 557 1286 512 1292 499 1287 498 1287 497 1287 497 1287 475 1295 459 1289 458 1289 457 1289 416 1293 406 1286 405 1286 404 1286 403 1286 402 1286 393 1290 344 1285 343 1285 342 1285 322 1290 263 1285 262 1285 261 1285 246 1293 236 1287 235 1287 234 1287 233 1287 197 1289 196 1289 175 1295 175 1326"/>
                        </Shape>
                        <String CONTENT=""/>
                    </TextLine>

                    <TextLine ID="line_27" HPOS="173" VPOS="1339" WIDTH="785" HEIGHT="52" BASELINE="173 1377 958 1377" TAGREFS="TYPE_1">
                        <Shape>
                            <Polygon POINTS="173 1377 173 1387 218 1387 225 1391 226 1391 227 1391 228 1391 272 1387 446 1391 447 1391 708 1387 782 1391 783 1391 813 1387 917 1391 918 1391 958 1386 958 1377 958 1350 805 1350 796 1347 757 1339 756 1339 715 1346 714 1346 705 1339 704 1339 703 1339 683 1339 682 1339 681 1339 669 1345 666 1347 652 1345 627 1342 626 1342 610 1345 597 1347 583 1344 559 1339 558 1339 557 1339 542 1344 528 1348 465 1344 464 1344 464 1344 447 1349 429 1342 421 1339 420 1339 419 1339 406 1342 389 1346 368 1341 357 1339 356 1339 355 1339 354 1339 352 1341 342 1349 309 1340 303 1339 302 1339 301 1339 300 1339 296 1340 276 1346 255 1340 252 1339 251 1339 250 1339 245 1340 220 1344 173 1339 173 1377"/>
                        </Shape>
                        <String CONTENT=""/>
                    </TextLine>

                    <TextLine ID="line_28" HPOS="173" VPOS="1385" WIDTH="783" HEIGHT="57" BASELINE="173 1425 956 1427" TAGREFS="TYPE_1">
                        <Shape>
                            <Polygon POINTS="173 1425 173 1439 563 1436 568 1441 569 1441 570 1441 571 1442 955 1442 956 1427 955 1395 872 1395 872 1394 861 1386 860 1386 859 1386 858 1386 793 1390 757 1386 756 1386 702 1394 698 1394 654 1394 640 1394 627 1387 626 1387 625 1387 578 1394 572 1394 566 1394 494 1385 493 1385 492 1385 479 1390 385 1387 384 1387 383 1387 360 1393 348 1385 347 1385 346 1385 292 1385 291 1385 290 1385 273 1393 272 1394 249 1394 248 1393 236 1385 235 1385 234 1385 233 1385 173 1392 173 1425"/>
                        </Shape>
                        <String CONTENT=""/>
                    </TextLine>

                    <TextLine ID="line_29" HPOS="176" VPOS="1438" WIDTH="781" HEIGHT="54" BASELINE="177 1474 957 1476" TAGREFS="TYPE_1">
                        <Shape>
                            <Polygon POINTS="177 1474 176 1487 333 1490 334 1490 335 1490 336 1490 340 1487 344 1485 448 1485 458 1487 471 1490 472 1490 473 1491 542 1491 542 1490 543 1490 559 1487 566 1485 571 1487 582 1491 583 1491 584 1492 680 1492 680 1491 681 1491 682 1491 689 1486 690 1486 695 1486 721 1490 722 1490 808 1486 816 1486 823 1486 908 1491 909 1491 956 1485 957 1476 955 1438 177 1438 177 1474"/>
                        </Shape>
                        <String CONTENT=""/>
                    </TextLine>

                    <TextLine ID="line_30" HPOS="176" VPOS="1484" WIDTH="786" HEIGHT="68" BASELINE="177 1526 962 1524" TAGREFS="TYPE_1">
                        <Shape>
                            <Polygon POINTS="177 1526 177 1552 210 1552 210 1552 211 1552 212 1552 230 1541 310 1541 328 1550 331 1552 332 1552 333 1552 488 1552 488 1552 489 1552 490 1552 495 1548 497 1547 504 1548 542 1552 543 1552 544 1552 564 1547 592 1540 621 1545 622 1545 623 1545 635 1541 641 1546 645 1549 646 1549 647 1549 648 1549 649 1549 650 1549 655 1546 659 1543 663 1545 665 1547 666 1547 667 1547 678 1545 704 1540 730 1544 736 1545 737 1545 746 1544 780 1540 787 1544 797 1549 798 1549 799 1549 800 1549 820 1543 830 1540 837 1543 854 1551 855 1551 856 1551 899 1542 910 1540 919 1542 945 1548 946 1548 947 1548 962 1541 962 1524 960 1494 902 1494 892 1486 891 1486 890 1486 863 1484 835 1484 834 1484 833 1484 832 1484 817 1493 769 1484 768 1484 767 1484 736 1492 717 1484 716 1484 715 1484 660 1493 582 1485 581 1485 580 1485 557 1491 532 1486 531 1486 531 1486 471 1488 470 1488 469 1488 461 1494 424 1485 423 1485 397 1485 396 1485 395 1485 375 1494 365 1487 365 1487 364 1487 363 1487 362 1487 336 1493 301 1487 300 1487 299 1487 286 1493 277 1487 276 1487 275 1487 274 1487 273 1487 272 1487 263 1492 234 1485 233 1485 232 1485 232 1485 231 1485 216 1495 176 1495 177 1526"/>
                        </Shape>
                        <String CONTENT=""/>
                    </TextLine>
</TextBlock>
                <TextBlock ID="block_1" HPOS="861" VPOS="1539" WIDTH="108" HEIGHT="58" TAGREFS="TYPE_4">
                    <Shape>
                        <Polygon POINTS="861.9127807617188 1539.1524658203125 969.0469970703125 1539.1524658203125 969.0469970703125 1597.9310302734375 861.9127807617188 1597.9310302734375 861.9127807617188 1539.1524658203125"/>
                    </Shape>
                    <TextLine ID="line_31" HPOS="863" VPOS="1539" WIDTH="99" HEIGHT="71" BASELINE="863 1576 962 1576" TAGREFS="TYPE_1">
                        <Shape>
                            <Polygon POINTS="863 1576 863 1610 890 1604 896 1606 909 1610 910 1610 911 1610 912 1610 913 1610 913 1609 921 1602 929 1594 962 1595 962 1576 962 1548 930 1539 929 1539 929 1539 928 1539 927 1539 915 1548 904 1539 903 1539 902 1539 886 1539 885 1539 884 1539 863 1548 863 1576"/>
                        </Shape>
                        <String CONTENT=""/>
                    </TextLine>
</TextBlock>
            </PrintSpace>
        </Page>
    </Layout>
</alto>