<?xml version="1.0" encoding="UTF-8"?>
<alto xmlns:xsi="http://www.w3.org/2001/XMLSchema-instance"
    xmlns="http://www.loc.gov/standards/alto/ns-v4#"
    xsi:schemaLocation="http://www.loc.gov/standards/alto/ns-v4# http://www.loc.gov/standards/alto/v4/alto-4-3.xsd">
    <Description>
        <MeasurementUnit>pixel</MeasurementUnit>
        <sourceImageInformation>
            <fileName>2013006.jpeg</fileName>
        </sourceImageInformation>
        <Processing ID="OCR_0">
            <processingCategory>other</processingCategory>
            <processingStepDescription>unknown</processingStepDescription>
            <processingSoftware>
                <softwareName>kraken</softwareName>
                <softwareVersion>4.3.13</softwareVersion>
            </processingSoftware>
        </Processing>
    </Description>
    <Tags>
        <OtherTag ID="TYPE_1" LABEL="DefaultLine"/>
        <OtherTag ID="TYPE_2" LABEL="MarginTextZone-ManuscriptAddendum"/>
        <OtherTag ID="TYPE_3" LABEL="TitlePageZone"/>
        <OtherTag ID="TYPE_4" LABEL="StampZone-Sticker"/>
        <OtherTag ID="TYPE_5" LABEL="StampZone"/>
        <OtherTag ID="TYPE_6" LABEL="MainZone-Entry-Continued"/>
        <OtherTag ID="TYPE_7" LABEL="GraphicZone-Maths"/>
        <OtherTag ID="TYPE_8" LABEL="FigureZone"/>
        <OtherTag ID="TYPE_9" LABEL="MainZone-Signature"/>
        <OtherTag ID="TYPE_10" LABEL="MainZone-P-Continued"/>
        <OtherTag ID="TYPE_11" LABEL="GraphicZone-Decoration"/>
        <OtherTag ID="TYPE_12" LABEL="MainZone-Date"/>
        <OtherTag ID="TYPE_13" LABEL="MainZone-Other"/>
        <OtherTag ID="TYPE_14" LABEL="TableZone-Continued"/>
        <OtherTag ID="TYPE_15" LABEL="MarginTextZone-Notes-Continued"/>
        <OtherTag ID="TYPE_16" LABEL="FigureZone-FigDesc"/>
        <OtherTag ID="TYPE_17" LABEL="MarginTextZone-Notes"/>
        <OtherTag ID="TYPE_18" LABEL="DropCapitalZone"/>
        <OtherTag ID="TYPE_19" LABEL="GraphicZone"/>
        <OtherTag ID="TYPE_20" LABEL="RunningTitleZone"/>
        <OtherTag ID="TYPE_21" LABEL="GraphicZone-FigDesc"/>
        <OtherTag ID="TYPE_22" LABEL="MainZone-Lg"/>
        <OtherTag ID="TYPE_23" LABEL="FigureZone-Head"/>
        <OtherTag ID="TYPE_24" LABEL="MainZone-P"/>
        <OtherTag ID="TYPE_25" LABEL="GraphicZone-Head"/>
        <OtherTag ID="TYPE_26" LABEL="QuireMarksZone"/>
        <OtherTag ID="TYPE_27" LABEL="MainZone-Sp"/>
        <OtherTag ID="TYPE_28" LABEL="MainZone-List"/>
        <OtherTag ID="TYPE_29" LABEL="GraphicZone-Part"/>
        <OtherTag ID="TYPE_30" LABEL="DigitizationArtefactZone"/>
        <OtherTag ID="TYPE_31" LABEL="MainZone-Entry"/>
        <OtherTag ID="TYPE_32" LABEL="TableZone-Head"/>
        <OtherTag ID="TYPE_33" LABEL="GraphicZone-TextualContent"/>
        <OtherTag ID="TYPE_34" LABEL="AdvertisementZone"/>
        <OtherTag ID="TYPE_35" LABEL="MainZone-List-Continued"/>
        <OtherTag ID="TYPE_36" LABEL="MainZone-Form"/>
        <OtherTag ID="TYPE_37" LABEL="MainZone-Head"/>
        <OtherTag ID="TYPE_38" LABEL="NumberingZone"/>
        <OtherTag ID="TYPE_39" LABEL="TitlePageZone-Index"/>
        <OtherTag ID="TYPE_40" LABEL="MainZone-Sp-Continued"/>
        <OtherTag ID="TYPE_41" LABEL="TableZone"/>
        <OtherTag ID="TYPE_42" LABEL="MainZone-Lg-Continued"/>
    </Tags>
    <Layout>
        <Page WIDTH="1000" HEIGHT="1448" PHYSICAL_IMG_NR="0" ID="page_0">
            <PrintSpace HPOS="0" VPOS="0" WIDTH="1000" HEIGHT="1448">
                <TextBlock ID="block_1" HPOS="472" VPOS="85" WIDTH="384" HEIGHT="38" TAGREFS="TYPE_20">
                    <Shape>
                        <Polygon POINTS="472.89453125 85.5494384765625 856.494140625 85.5494384765625 856.494140625 123.25055694580078 472.89453125 123.25055694580078 472.89453125 85.5494384765625"/>
                    </Shape>
                    <TextLine ID="line_0" HPOS="469" VPOS="92" WIDTH="386" HEIGHT="35" BASELINE="469 113 855 115" TAGREFS="TYPE_1">
                        <Shape>
                            <Polygon POINTS="750 101 742 101 734 101 733 101 726 101 718 101 710 101 702 101 694 101 686 101 678 101 675 101 674 102 671 101 670 101 662 101 654 101 646 101 637 101 634 101 629 101 621 101 613 101 605 101 597 101 589 101 581 101 573 101 565 101 557 101 549 101 541 101 533 101 525 101 517 101 509 101 501 101 493 101 485 101 477 101 469 101 469 113 469 120 484 127 485 127 485 127 519 124 520 124 521 124 521 123 525 119 526 119 552 119 563 127 564 127 565 127 566 127 625 127 625 127 626 127 639 120 641 119 643 120 664 127 665 127 666 127 666 127 688 120 689 120 691 120 746 127 747 127 774 120 776 120 778 120 805 127 806 127 806 127 855 120 855 115 855 94 762 92 761 92 761 92 752 94 750 94 750 101"/>
                        </Shape>
                        <String CONTENT=""/>
                    </TextLine>
</TextBlock>
                <TextBlock ID="block_3" HPOS="364" VPOS="94" WIDTH="41" HEIGHT="34" TAGREFS="TYPE_38">
                    <Shape>
                        <Polygon POINTS="364.2320251464844 94.48886108398438 405.7596130371094 94.48886108398438 405.7596130371094 128.11795043945312 364.2320251464844 128.11795043945312 364.2320251464844 94.48886108398438"/>
                    </Shape>
                    <TextLine ID="line_1" HPOS="366" VPOS="101" WIDTH="45" HEIGHT="29" BASELINE="368 116 411 114" TAGREFS="TYPE_1">
                        <Shape>
                            <Polygon POINTS="407 101 399 101 390 101 382 101 374 101 366 101 368 116 369 130 411 124 411 114 409 101 407 101"/>
                        </Shape>
                        <String CONTENT=""/>
                    </TextLine>
</TextBlock>
                <TextBlock ID="block_0" HPOS="355" VPOS="125" WIDTH="586" HEIGHT="1080" TAGREFS="TYPE_10">
                    <Shape>
                        <Polygon POINTS="355.095947265625 125.87200164794922 941.9708251953125 125.87200164794922 941.9708251953125 1205.556640625 355.095947265625 1205.556640625 355.095947265625 125.87200164794922"/>
                    </Shape>
                    <TextLine ID="line_2" HPOS="360" VPOS="120" WIDTH="582" HEIGHT="48" BASELINE="361 153 688 152 942 156" TAGREFS="TYPE_1">
                        <Shape>
                            <Polygon POINTS="361 153 360 160 386 166 387 166 444 161 446 161 455 165 456 165 456 165 457 165 468 161 471 160 472 161 477 166 478 166 479 166 480 166 506 162 509 162 512 162 563 167 564 167 586 163 598 161 669 161 673 164 675 166 676 166 677 166 678 166 679 166 683 164 693 161 704 164 709 166 710 166 711 166 711 166 716 165 728 161 738 165 740 166 741 166 742 166 749 165 772 162 777 166 780 168 781 168 781 168 782 168 783 168 788 166 796 162 801 166 802 168 803 168 804 168 805 168 820 166 860 162 882 167 885 168 886 168 910 168 910 168 911 168 912 168 918 163 940 168 942 156 942 127 886 122 885 122 884 122 871 127 865 128 860 127 843 122 843 122 842 122 841 122 825 127 812 131 753 131 743 127 724 121 723 121 722 121 721 121 720 121 711 127 710 127 671 121 670 121 670 121 657 127 619 121 618 121 617 121 604 128 600 131 584 131 580 128 568 121 567 121 567 121 534 120 533 120 532 120 502 129 499 130 423 130 422 129 408 120 407 120 407 120 406 120 405 120 391 127 361 129 361 153"/>
                        </Shape>
                        <String CONTENT=""/>
                    </TextLine>

                    <TextLine ID="line_3" HPOS="360" VPOS="157" WIDTH="582" HEIGHT="42" BASELINE="361 185 942 188" TAGREFS="TYPE_1">
                        <Shape>
                            <Polygon POINTS="361 185 360 192 376 197 377 197 378 197 534 193 554 198 555 198 555 198 580 194 601 198 602 198 637 194 725 198 726 198 747 194 771 199 772 199 941 194 942 188 941 167 886 167 886 166 877 159 876 159 876 159 840 159 839 159 839 159 823 166 823 167 800 167 798 166 778 159 777 159 777 159 776 159 775 159 764 166 763 166 748 158 748 158 732 158 732 158 731 158 730 158 720 165 666 158 637 158 637 158 636 158 621 164 605 158 604 158 567 158 567 158 566 158 565 158 556 165 553 165 531 160 530 160 489 164 488 164 487 164 477 157 477 157 476 157 475 157 438 159 437 159 436 159 430 164 428 164 407 160 406 160 361 164 361 185"/>
                        </Shape>
                        <String CONTENT=""/>
                    </TextLine>

                    <TextLine ID="line_4" HPOS="359" VPOS="189" WIDTH="582" HEIGHT="41" BASELINE="360 218 605 217 941 221" TAGREFS="TYPE_1">
                        <Shape>
                            <Polygon POINTS="360 218 359 228 939 230 941 221 940 196 911 193 910 193 909 193 905 195 896 200 884 195 878 193 877 193 876 193 876 193 875 193 872 195 865 201 826 201 807 194 802 193 802 193 801 193 800 193 796 194 780 200 699 200 690 193 689 192 688 192 687 192 592 191 591 191 590 191 589 191 588 192 579 199 552 199 542 191 541 191 540 191 539 191 539 191 538 191 527 196 497 190 493 190 492 190 489 190 459 197 408 193 407 193 407 193 394 197 360 189 360 218"/>
                        </Shape>
                        <String CONTENT=""/>
                    </TextLine>

                    <TextLine ID="line_5" HPOS="359" VPOS="222" WIDTH="579" HEIGHT="41" BASELINE="360 250 938 252" TAGREFS="TYPE_1">
                        <Shape>
                            <Polygon POINTS="360 250 359 258 408 262 409 262 475 259 477 259 492 263 493 263 493 263 695 259 709 263 710 263 711 263 938 259 938 252 938 232 867 232 863 230 841 224 840 224 839 224 839 224 838 224 831 230 829 232 810 232 806 230 795 224 794 224 794 224 793 224 792 224 786 229 783 232 760 232 753 229 740 224 740 224 739 224 738 224 737 224 732 228 727 232 694 232 686 227 679 224 679 224 678 224 677 224 666 227 660 229 654 227 644 223 643 223 642 223 619 226 605 228 602 226 598 223 597 223 596 223 572 223 571 223 570 223 563 226 547 230 538 225 535 223 534 223 534 223 474 223 473 223 473 223 470 224 450 230 418 223 417 223 416 223 415 223 398 230 391 225 390 225 390 225 360 222 360 250"/>
                        </Shape>
                        <String CONTENT=""/>
                    </TextLine>

                    <TextLine ID="line_6" HPOS="358" VPOS="257" WIDTH="580" HEIGHT="36" BASELINE="359 282 938 285" TAGREFS="TYPE_1">
                        <Shape>
                            <Polygon POINTS="359 282 358 292 937 293 938 285 935 263 931 266 927 263 921 259 921 259 920 259 888 259 888 259 887 259 880 263 874 266 869 263 868 262 868 262 867 262 866 262 854 263 826 266 818 263 810 259 809 259 782 259 781 259 781 259 780 259 774 263 771 266 759 266 752 263 738 259 737 259 736 259 736 259 735 259 729 263 726 266 650 266 615 263 615 263 609 258 609 258 608 258 530 258 529 258 528 258 527 258 521 263 518 265 506 265 504 263 497 257 497 257 496 257 434 257 433 257 432 257 432 257 423 263 423 263 359 263 359 282"/>
                        </Shape>
                        <String CONTENT=""/>
                    </TextLine>

                    <TextLine ID="line_7" HPOS="360" VPOS="287" WIDTH="578" HEIGHT="43" BASELINE="360 314 938 318" TAGREFS="TYPE_1">
                        <Shape>
                            <Polygon POINTS="360 314 360 325 454 322 472 327 477 328 477 328 478 328 479 328 480 328 481 327 485 323 514 327 516 327 517 327 521 327 589 323 595 328 596 328 596 329 596 329 597 329 598 329 614 329 614 329 626 328 682 324 702 329 707 329 707 329 708 329 710 329 718 325 783 325 788 329 789 329 790 329 829 330 830 330 831 330 831 330 831 329 838 325 850 329 851 329 851 329 884 325 890 329 891 329 892 329 936 330 938 318 938 295 930 290 930 290 929 290 928 290 927 290 909 294 885 290 884 290 884 290 872 296 872 296 823 296 812 295 774 289 773 289 773 289 772 289 765 295 764 296 731 296 729 295 724 291 724 290 724 290 723 290 722 290 721 290 711 295 708 296 707 295 698 288 697 288 696 288 665 288 664 288 663 288 662 288 654 294 654 295 654 294 648 290 647 290 646 290 646 290 645 290 644 290 639 294 638 296 618 296 615 294 592 287 591 287 590 287 547 294 544 294 542 294 516 287 515 287 488 293 485 294 483 293 469 287 469 287 468 287 467 287 449 293 448 293 448 293 420 287 419 287 360 292 360 314"/>
                        </Shape>
                        <String CONTENT=""/>
                    </TextLine>

                    <TextLine ID="line_8" HPOS="359" VPOS="320" WIDTH="579" HEIGHT="43" BASELINE="359 346 938 350" TAGREFS="TYPE_1">
                        <Shape>
                            <Polygon POINTS="937 325 837 324 836 324 830 324 777 329 770 324 770 323 769 323 769 323 735 323 734 323 732 323 706 329 663 329 645 322 644 322 643 322 642 322 641 322 641 322 631 329 592 329 539 321 537 321 536 321 534 321 509 327 502 322 502 321 502 321 501 321 500 321 473 325 457 320 456 320 456 320 455 320 454 320 439 327 376 327 360 320 359 346 359 357 590 356 683 361 719 362 720 363 802 363 802 362 802 362 804 362 819 357 827 362 828 363 829 363 830 363 831 363 831 363 835 362 851 358 857 362 857 363 858 363 859 363 860 363 860 363 862 362 877 358 936 363 938 350 937 325"/>
                        </Shape>
                        <String CONTENT=""/>
                    </TextLine>

                    <TextLine ID="line_9" HPOS="358" VPOS="353" WIDTH="578" HEIGHT="42" BASELINE="359 378 936 382" TAGREFS="TYPE_1">
                        <Shape>
                            <Polygon POINTS="358 386 474 393 475 393 476 393 488 388 489 388 584 388 591 390 604 394 605 394 606 394 679 394 679 394 679 394 690 391 699 389 703 391 708 394 709 394 710 394 725 391 740 390 746 392 753 394 753 394 754 395 802 395 802 394 802 394 808 393 818 390 829 393 835 395 835 395 836 395 851 394 879 390 934 394 936 382 936 363 918 357 917 357 917 357 879 362 873 362 871 362 855 357 855 357 854 357 853 357 836 362 831 362 809 361 777 358 777 358 759 360 742 362 729 359 705 355 704 355 651 358 604 361 596 357 590 354 589 354 588 354 572 357 551 361 519 361 509 356 505 354 504 354 503 354 480 355 407 359 399 354 398 354 397 354 396 354 375 357 360 353 359 378 358 386"/>
                        </Shape>
                        <String CONTENT=""/>
                    </TextLine>

                    <TextLine ID="line_10" HPOS="358" VPOS="385" WIDTH="578" HEIGHT="43" BASELINE="358 411 936 414" TAGREFS="TYPE_1">
                        <Shape>
                            <Polygon POINTS="358 411 358 419 439 420 445 426 445 427 446 427 447 427 448 427 448 427 470 421 503 421 534 421 534 421 559 427 559 427 560 427 597 423 634 427 635 427 636 427 637 427 642 423 658 427 659 427 660 427 692 422 693 422 695 422 723 427 724 427 756 423 762 428 763 428 764 428 765 428 765 428 776 424 781 428 781 428 782 428 783 428 817 424 875 428 876 428 935 423 936 414 935 394 907 394 906 394 891 386 890 386 889 386 864 390 814 386 814 386 813 386 792 392 786 394 763 394 761 392 753 386 752 386 751 386 750 386 749 386 733 391 728 394 713 394 711 391 704 386 703 386 703 386 702 386 670 390 655 393 644 390 624 386 623 386 622 386 607 390 596 393 543 393 537 389 528 385 527 385 485 385 484 385 483 385 482 385 478 388 473 392 358 387 358 411"/>
                        </Shape>
                        <String CONTENT=""/>
                    </TextLine>

                    <TextLine ID="line_11" HPOS="357" VPOS="417" WIDTH="579" HEIGHT="45" BASELINE="358 443 936 446" TAGREFS="TYPE_1">
                        <Shape>
                            <Polygon POINTS="358 443 357 451 376 456 377 456 393 452 414 459 415 459 415 459 459 452 488 452 510 460 511 460 512 460 513 460 534 453 547 460 548 460 549 460 635 453 665 460 666 460 666 460 717 460 718 460 719 460 727 454 793 461 794 462 822 462 822 461 823 461 823 461 823 460 830 456 905 461 905 461 935 454 936 446 934 423 893 426 884 422 881 420 880 420 880 420 879 420 875 422 863 426 848 421 843 420 843 420 842 420 841 420 839 421 830 427 794 427 784 421 782 420 781 420 781 420 780 420 778 421 771 424 757 420 753 419 752 419 751 419 750 419 747 420 732 426 696 426 671 419 668 419 667 419 662 419 617 423 609 419 608 419 607 419 606 419 599 419 561 423 539 419 539 419 538 419 537 419 526 424 503 418 502 418 501 418 500 418 499 418 498 418 489 424 390 424 358 417 358 443"/>
                        </Shape>
                        <String CONTENT=""/>
                    </TextLine>

                    <TextLine ID="line_12" HPOS="358" VPOS="451" WIDTH="577" HEIGHT="43" BASELINE="358 476 935 479" TAGREFS="TYPE_1">
                        <Shape>
                            <Polygon POINTS="358 476 358 485 428 485 429 485 436 491 436 491 437 491 438 491 439 491 457 485 458 485 501 485 502 485 505 489 505 489 506 489 506 489 507 489 569 486 583 492 584 492 584 492 604 488 621 492 622 492 623 492 624 492 634 486 647 493 648 493 649 493 650 493 667 488 691 493 691 493 728 487 736 493 736 493 737 493 738 493 795 489 818 493 819 493 849 488 861 493 862 493 863 494 910 494 910 493 911 493 934 487 935 479 934 460 835 453 835 453 834 453 823 460 821 460 799 460 798 460 784 452 783 452 782 452 759 456 706 452 705 452 704 452 703 452 695 459 695 459 687 459 588 452 587 452 541 456 534 452 533 452 532 452 531 452 506 458 503 458 501 457 469 451 451 451 450 451 449 451 448 451 439 457 438 457 358 457 358 476"/>
                        </Shape>
                        <String CONTENT=""/>
                    </TextLine>

                    <TextLine ID="line_13" HPOS="356" VPOS="482" WIDTH="578" HEIGHT="42" BASELINE="357 508 934 513" TAGREFS="TYPE_1">
                        <Shape>
                            <Polygon POINTS="357 508 356 515 419 516 428 521 429 521 430 521 487 518 492 522 493 522 493 522 494 522 535 518 540 518 542 518 547 522 548 522 549 522 550 522 576 518 577 518 580 518 615 522 616 522 617 522 625 519 626 518 636 519 679 523 679 523 714 520 725 519 740 520 777 524 777 524 798 521 806 520 809 522 814 524 815 524 816 524 934 522 934 513 934 489 915 485 914 485 913 485 901 489 893 492 851 492 843 489 831 485 831 485 830 485 829 485 828 485 822 489 819 489 791 485 790 485 790 485 789 485 784 489 782 489 781 489 775 485 774 485 773 485 773 485 772 485 760 489 753 490 745 489 728 484 727 484 726 484 690 488 683 489 682 488 677 484 676 484 675 484 640 483 639 483 638 483 623 488 620 489 618 488 609 483 609 483 608 483 607 483 591 488 587 489 584 488 576 483 575 483 574 483 573 483 555 488 551 489 547 488 537 482 536 482 535 482 357 486 357 508"/>
                        </Shape>
                        <String CONTENT=""/>
                    </TextLine>

                    <TextLine ID="line_14" HPOS="358" VPOS="514" WIDTH="576" HEIGHT="41" BASELINE="359 540 934 544" TAGREFS="TYPE_1">
                        <Shape>
                            <Polygon POINTS="359 540 358 547 393 552 394 552 461 549 474 549 933 555 934 544 934 525 907 518 906 518 905 518 865 524 863 524 860 524 839 520 838 520 837 520 823 523 819 524 790 523 765 522 757 517 756 517 755 517 754 517 686 518 685 518 673 522 671 522 668 522 641 516 641 516 613 522 608 522 604 522 589 515 588 515 588 515 587 515 572 521 570 522 556 522 555 521 547 515 547 515 546 515 545 515 544 515 525 520 513 515 512 515 511 515 465 518 459 514 458 514 457 514 456 514 456 514 441 520 438 522 399 522 393 519 378 514 377 514 376 514 375 514 359 518 359 540"/>
                        </Shape>
                        <String CONTENT=""/>
                    </TextLine>

                    <TextLine ID="line_15" HPOS="354" VPOS="547" WIDTH="580" HEIGHT="43" BASELINE="355 574 934 577" TAGREFS="TYPE_1">
                        <Shape>
                            <Polygon POINTS="355 574 354 582 381 588 382 588 429 583 432 583 435 583 500 587 501 587 536 584 546 588 547 588 547 588 662 584 670 589 670 589 671 589 672 589 766 584 767 584 768 584 832 590 833 590 934 584 934 577 934 559 875 558 875 557 851 549 851 549 810 549 810 549 809 549 808 549 798 556 797 557 789 556 752 551 751 551 750 551 742 555 740 557 694 557 691 555 680 548 679 548 679 548 678 548 646 554 637 547 637 547 636 547 635 547 634 547 613 554 606 555 596 554 576 550 575 550 555 553 551 554 549 553 543 548 543 547 543 547 542 547 541 547 518 552 514 553 513 552 500 547 499 547 498 547 467 551 453 554 443 551 424 547 423 547 423 547 355 550 355 574"/>
                        </Shape>
                        <String CONTENT=""/>
                    </TextLine>

                    <TextLine ID="line_16" HPOS="354" VPOS="580" WIDTH="580" HEIGHT="41" BASELINE="354 606 934 608" TAGREFS="TYPE_1">
                        <Shape>
                            <Polygon POINTS="354 606 354 619 413 615 419 619 420 620 421 620 422 620 423 621 452 621 452 620 452 620 453 620 454 619 461 615 487 615 494 619 496 620 497 620 497 620 498 621 529 621 529 620 530 620 535 618 547 615 580 618 608 621 609 621 639 618 662 616 664 617 667 621 668 621 669 621 670 621 751 617 771 617 773 617 777 621 777 621 778 621 826 621 827 621 848 617 849 617 850 617 860 621 861 621 862 621 934 616 934 608 934 585 895 582 894 582 893 582 882 585 872 588 864 585 858 583 857 583 856 583 855 583 855 583 852 585 847 588 810 588 805 585 802 583 801 583 800 583 799 583 786 585 775 588 765 585 753 582 753 582 752 582 732 585 724 587 720 585 711 581 710 581 709 581 650 585 631 587 626 586 610 581 609 581 609 581 608 581 596 586 592 588 558 588 555 586 547 580 546 580 545 580 522 580 521 580 520 580 519 580 512 586 511 587 467 587 466 586 456 580 455 580 412 580 411 580 411 580 410 580 402 586 401 587 354 587 354 606"/>
                        </Shape>
                        <String CONTENT=""/>
                    </TextLine>

                    <TextLine ID="line_17" HPOS="353" VPOS="612" WIDTH="581" HEIGHT="42" BASELINE="353 638 934 642" TAGREFS="TYPE_1">
                        <Shape>
                            <Polygon POINTS="353 638 353 646 932 654 934 642 933 621 910 616 909 616 869 621 865 621 864 621 855 616 854 616 817 615 781 615 780 615 779 615 778 615 773 620 772 620 761 620 701 616 700 616 675 618 670 619 669 618 664 614 663 614 662 614 662 614 616 618 600 619 595 617 578 613 577 613 576 613 532 617 517 619 487 619 482 617 470 612 469 612 469 612 353 615 353 638"/>
                        </Shape>
                        <String CONTENT=""/>
                    </TextLine>

                    <TextLine ID="line_18" HPOS="354" VPOS="644" WIDTH="576" HEIGHT="42" BASELINE="355 671 930 674" TAGREFS="TYPE_1">
                        <Shape>
                            <Polygon POINTS="355 671 354 679 363 684 364 684 365 685 425 685 425 684 426 684 427 684 432 680 433 680 437 680 480 684 481 684 481 684 495 681 498 680 502 681 512 685 513 685 514 686 930 686 930 674 930 653 885 653 884 652 869 647 868 647 868 647 867 647 866 647 861 652 860 653 831 653 831 652 817 646 816 646 815 646 794 650 783 645 782 645 781 645 757 651 738 645 737 645 736 645 699 651 696 651 686 645 685 645 684 645 683 645 674 649 663 645 662 645 662 645 661 645 650 651 650 651 646 651 622 646 621 646 621 646 604 650 592 645 591 645 590 645 545 650 542 650 540 650 521 645 520 645 519 645 518 645 502 650 499 650 497 650 477 644 477 644 476 644 412 645 411 645 411 645 407 649 406 649 389 644 388 644 387 644 355 649 355 671"/>
                        </Shape>
                        <String CONTENT=""/>
                    </TextLine>

                    <TextLine ID="line_19" HPOS="354" VPOS="678" WIDTH="576" HEIGHT="41" BASELINE="354 703 930 707" TAGREFS="TYPE_1">
                        <Shape>
                            <Polygon POINTS="354 703 354 714 755 714 759 714 815 719 816 719 839 715 919 719 920 719 921 719 930 714 930 707 930 683 354 678 354 703"/>
                        </Shape>
                        <String CONTENT=""/>
                    </TextLine>

                    <TextLine ID="line_20" HPOS="353" VPOS="709" WIDTH="579" HEIGHT="38" BASELINE="353 736 932 739" TAGREFS="TYPE_1">
                        <Shape>
                            <Polygon POINTS="353 736 353 744 930 747 932 739 932 719 861 719 860 718 853 711 852 711 851 711 851 711 850 711 849 711 841 718 840 719 814 719 807 718 744 711 744 711 716 715 699 711 699 711 698 711 697 711 696 711 688 717 687 718 666 718 663 717 638 710 637 710 587 710 586 710 585 710 561 716 560 716 559 716 542 710 541 710 498 709 497 709 497 709 481 714 464 709 463 709 462 709 461 709 436 715 435 715 433 715 398 711 397 711 353 715 353 736"/>
                        </Shape>
                        <String CONTENT=""/>
                    </TextLine>

                    <TextLine ID="line_21" HPOS="353" VPOS="741" WIDTH="578" HEIGHT="39" BASELINE="353 768 931 770" TAGREFS="TYPE_1">
                        <Shape>
                            <Polygon POINTS="353 768 353 780 930 778 931 770 930 744 893 749 884 744 884 744 883 744 882 744 881 744 861 749 835 744 835 744 834 744 833 744 827 749 809 744 808 744 807 744 806 744 806 744 799 750 739 750 685 744 684 744 601 748 593 743 592 743 592 743 550 742 546 742 545 742 475 748 470 744 469 744 469 744 420 742 419 742 390 748 353 741 353 768"/>
                        </Shape>
                        <String CONTENT=""/>
                    </TextLine>

                    <TextLine ID="line_22" HPOS="354" VPOS="773" WIDTH="576" HEIGHT="44" BASELINE="354 801 930 804" TAGREFS="TYPE_1">
                        <Shape>
                            <Polygon POINTS="354 801 354 814 435 810 481 814 502 814 503 814 504 814 507 813 515 810 523 813 527 814 528 814 529 814 530 814 530 814 532 813 538 810 572 813 598 815 599 815 600 815 607 813 615 810 649 812 692 816 693 816 694 816 704 812 709 810 781 810 784 812 790 814 790 814 791 814 842 811 848 811 850 811 873 817 874 817 875 817 876 817 882 811 929 810 930 804 930 784 906 783 893 775 893 775 892 775 891 775 818 777 817 777 799 782 786 782 727 782 698 774 697 774 666 774 666 774 665 774 664 774 657 779 621 776 620 776 619 776 618 776 610 781 582 781 567 775 567 775 566 775 565 775 549 779 545 775 544 775 543 775 543 775 542 775 531 779 495 773 475 773 474 773 473 773 473 773 464 780 408 773 376 773 375 773 374 773 354 779 354 801"/>
                        </Shape>
                        <String CONTENT=""/>
                    </TextLine>

                    <TextLine ID="line_23" HPOS="354" VPOS="806" WIDTH="576" HEIGHT="43" BASELINE="355 832 930 835" TAGREFS="TYPE_1">
                        <Shape>
                            <Polygon POINTS="355 832 354 839 379 846 380 847 456 847 456 846 477 842 481 841 487 842 516 847 517 847 518 847 532 843 535 842 591 842 596 843 604 847 604 847 605 847 606 847 607 847 612 843 616 842 641 842 648 844 655 847 656 847 657 847 699 845 741 843 756 846 762 847 763 847 764 847 794 847 876 843 889 848 890 848 891 848 892 849 929 849 930 835 930 814 893 814 893 814 882 808 881 808 880 808 880 808 879 808 879 809 872 814 872 814 845 814 844 814 838 808 837 808 836 808 835 808 784 809 783 809 782 809 777 813 768 807 767 807 766 807 765 807 740 813 740 814 714 814 713 813 701 807 700 807 699 807 658 813 654 813 652 813 639 806 638 806 608 806 607 806 606 806 596 812 574 806 573 806 572 806 572 806 558 812 550 806 549 806 548 806 547 806 547 806 534 811 482 806 481 806 355 810 355 832"/>
                        </Shape>
                        <String CONTENT=""/>
                    </TextLine>

                    <TextLine ID="line_24" HPOS="351" VPOS="839" WIDTH="579" HEIGHT="41" BASELINE="352 866 930 868" TAGREFS="TYPE_1">
                        <Shape>
                            <Polygon POINTS="352 866 351 872 373 879 374 879 374 879 375 879 384 875 429 879 430 879 462 874 499 878 500 878 530 875 546 880 547 880 547 880 583 875 618 880 619 880 641 875 643 875 649 875 737 880 738 880 762 876 764 876 766 876 786 880 786 880 929 876 930 868 929 847 820 847 814 845 809 842 808 842 807 842 792 844 774 847 766 844 759 841 758 841 757 841 757 841 756 841 753 843 747 847 691 843 683 843 682 843 679 843 662 847 658 843 655 840 654 840 654 840 629 840 629 840 628 840 627 840 627 841 625 842 620 847 600 847 591 842 589 840 588 840 588 840 510 839 510 839 509 839 506 840 495 846 457 842 456 842 428 846 418 839 417 839 416 839 352 839 352 866"/>
                        </Shape>
                        <String CONTENT=""/>
                    </TextLine>

                    <TextLine ID="line_25" HPOS="353" VPOS="873" WIDTH="578" HEIGHT="40" BASELINE="353 897 931 900" TAGREFS="TYPE_1">
                        <Shape>
                            <Polygon POINTS="353 897 353 909 721 909 729 909 791 913 792 913 930 909 931 900 931 883 895 882 888 876 888 876 888 876 887 876 829 876 828 876 827 876 817 881 786 875 761 875 761 875 760 875 743 881 737 881 621 877 621 877 554 880 547 880 546 880 530 874 530 874 529 874 491 880 481 873 481 873 480 873 427 873 427 873 426 873 425 873 418 879 397 880 389 880 388 880 377 873 376 873 375 873 374 873 353 879 353 897"/>
                        </Shape>
                        <String CONTENT=""/>
                    </TextLine>

                    <TextLine ID="line_26" HPOS="352" VPOS="905" WIDTH="577" HEIGHT="43" BASELINE="353 929 929 933" TAGREFS="TYPE_1">
                        <Shape>
                            <Polygon POINTS="353 929 352 941 389 945 390 945 410 942 422 939 425 942 430 945 431 945 432 945 432 945 433 945 440 942 444 939 467 939 477 942 495 946 496 946 497 946 509 942 514 940 537 940 540 942 544 945 545 945 546 945 547 945 571 942 583 940 599 942 643 946 644 946 645 946 646 946 651 942 653 941 698 941 703 942 724 947 725 947 726 947 794 942 801 942 802 942 824 948 825 948 826 948 928 942 929 933 928 914 878 908 853 908 852 908 851 908 851 908 851 909 845 913 844 913 842 913 820 909 819 909 747 913 735 913 734 913 728 908 728 907 728 907 727 907 698 906 697 906 696 906 695 906 687 912 672 908 671 908 670 908 641 912 637 912 635 912 620 906 619 906 618 906 617 906 601 911 599 912 596 911 580 905 580 905 579 905 548 911 545 911 542 911 515 906 514 906 514 906 513 906 506 910 504 912 477 912 475 910 468 905 467 905 466 905 465 905 465 905 454 909 449 905 448 905 448 905 366 905 366 905 365 905 353 909 353 929"/>
                        </Shape>
                        <String CONTENT=""/>
                    </TextLine>

                    <TextLine ID="line_27" HPOS="349" VPOS="937" WIDTH="576" HEIGHT="42" BASELINE="350 963 925 966" TAGREFS="TYPE_1">
                        <Shape>
                            <Polygon POINTS="350 963 349 970 479 975 480 975 541 972 582 978 583 978 617 973 655 978 656 978 657 978 674 974 730 978 731 978 732 978 743 974 756 979 757 979 757 979 798 974 809 979 810 979 810 979 903 979 903 979 904 979 924 973 925 966 924 941 880 944 866 941 855 938 855 938 843 941 828 944 817 941 808 938 807 938 768 938 767 938 766 938 765 938 761 941 757 944 752 941 749 940 748 940 748 940 747 940 743 941 733 944 727 942 718 937 717 937 674 937 673 937 672 937 671 937 666 942 662 944 627 944 623 942 614 937 613 937 613 937 612 937 601 942 598 943 594 942 584 937 584 937 583 937 559 942 551 943 549 942 541 937 540 937 539 937 539 937 538 937 522 942 521 943 489 943 487 942 479 937 478 937 477 937 451 937 450 937 449 937 435 942 434 942 432 942 398 937 397 937 396 937 386 942 350 942 350 963"/>
                        </Shape>
                        <String CONTENT=""/>
                    </TextLine>

                    <TextLine ID="line_28" HPOS="351" VPOS="966" WIDTH="576" HEIGHT="46" BASELINE="351 995 927 998" TAGREFS="TYPE_1">
                        <Shape>
                            <Polygon POINTS="736 995 728 995 720 995 712 995 704 995 696 995 688 995 680 995 672 995 664 995 656 995 648 995 640 995 632 995 628 982 625 982 608 970 607 970 606 970 605 970 604 970 588 975 568 968 567 968 539 968 539 968 538 968 537 968 528 976 513 968 512 968 459 967 458 967 457 967 456 967 444 975 405 967 351 966 351 995 351 1005 549 1004 551 1005 556 1010 557 1010 558 1010 559 1011 578 1011 578 1010 579 1010 580 1010 580 1009 584 1005 586 1004 593 1005 610 1008 611 1008 627 1005 634 1004 637 1005 647 1011 648 1011 649 1011 650 1011 662 1007 715 1011 716 1011 716 1011 717 1011 724 1005 726 1005 762 1005 765 1005 783 1011 784 1011 785 1012 890 1012 890 1011 926 1005 927 998 926 970 907 970 906 970 905 970 905 970 889 980 883 975 882 975 881 975 822 974 821 974 820 974 796 981 781 975 780 975 779 975 740 981 736 995"/>
                        </Shape>
                        <String CONTENT=""/>
                    </TextLine>

                    <TextLine ID="line_29" HPOS="349" VPOS="1002" WIDTH="578" HEIGHT="42" BASELINE="349 1028 927 1032" TAGREFS="TYPE_1">
                        <Shape>
                            <Polygon POINTS="349 1028 349 1039 629 1036 654 1038 709 1043 710 1043 711 1043 720 1038 722 1037 748 1037 751 1038 765 1043 765 1043 909 1044 909 1044 910 1044 926 1037 927 1032 927 1009 916 1004 915 1004 914 1004 913 1004 901 1009 899 1010 834 1010 832 1008 827 1005 827 1005 826 1005 825 1005 824 1005 823 1005 819 1008 818 1010 784 1010 781 1008 773 1003 772 1003 730 1003 729 1003 728 1003 728 1003 723 1007 722 1009 673 1009 671 1007 666 1003 666 1003 665 1003 632 1003 631 1003 630 1003 616 1007 613 1007 611 1007 591 1003 590 1003 561 1007 554 1007 547 1007 520 1003 519 1003 518 1003 506 1007 502 1007 501 1007 495 1002 494 1002 493 1002 493 1002 468 1006 463 1007 456 1006 424 1002 423 1002 423 1002 408 1006 404 1007 349 1006 349 1028"/>
                        </Shape>
                        <String CONTENT=""/>
                    </TextLine>

                    <TextLine ID="line_30" HPOS="350" VPOS="1036" WIDTH="575" HEIGHT="39" BASELINE="350 1061 599 1060 925 1064" TAGREFS="TYPE_1">
                        <Shape>
                            <Polygon POINTS="350 1061 350 1069 427 1068 436 1069 446 1072 447 1072 461 1069 474 1068 487 1069 505 1073 506 1073 506 1073 507 1073 510 1069 512 1069 627 1069 629 1069 633 1073 634 1073 635 1073 636 1073 679 1069 684 1069 690 1069 728 1073 729 1073 755 1069 758 1069 761 1069 791 1074 792 1075 875 1075 875 1074 876 1074 876 1074 882 1070 914 1074 915 1074 916 1074 925 1069 925 1064 925 1043 775 1036 774 1036 773 1036 763 1041 762 1041 755 1036 754 1036 753 1036 713 1036 712 1036 711 1036 703 1040 702 1041 698 1040 679 1036 641 1036 640 1036 639 1036 638 1036 633 1040 630 1041 581 1041 579 1040 573 1036 572 1036 572 1036 571 1036 550 1040 543 1040 537 1039 526 1036 525 1036 524 1036 523 1036 518 1039 515 1040 350 1038 350 1061"/>
                        </Shape>
                        <String CONTENT=""/>
                    </TextLine>

                    <TextLine ID="line_31" HPOS="349" VPOS="1064" WIDTH="576" HEIGHT="44" BASELINE="349 1092 925 1095" TAGREFS="TYPE_1">
                        <Shape>
                            <Polygon POINTS="925 1095 924 1070 876 1073 869 1069 868 1068 867 1068 866 1068 865 1068 864 1068 861 1069 852 1073 832 1069 831 1069 787 1073 772 1068 766 1066 765 1066 731 1066 730 1066 729 1066 724 1068 708 1073 699 1067 698 1066 697 1066 696 1066 695 1066 695 1066 694 1066 693 1067 686 1073 643 1073 636 1067 636 1066 635 1066 634 1066 633 1066 626 1066 596 1069 591 1066 590 1065 589 1065 588 1065 523 1065 522 1065 522 1065 521 1065 513 1073 494 1073 481 1065 480 1065 479 1065 451 1065 450 1065 449 1065 448 1065 436 1072 402 1072 386 1065 385 1065 384 1065 383 1065 370 1071 349 1064 349 1092 349 1101 604 1101 606 1102 614 1106 615 1106 616 1106 639 1102 650 1106 651 1106 652 1106 653 1106 654 1106 659 1102 672 1106 673 1106 674 1106 781 1103 798 1107 799 1107 800 1107 801 1107 814 1102 828 1107 829 1107 830 1108 910 1108 910 1107 911 1107 925 1102 925 1095"/>
                        </Shape>
                        <String CONTENT=""/>
                    </TextLine>

                    <TextLine ID="line_32" HPOS="346" VPOS="1096" WIDTH="578" HEIGHT="43" BASELINE="347 1124 924 1128" TAGREFS="TYPE_1">
                        <Shape>
                            <Polygon POINTS="347 1124 346 1131 589 1137 590 1137 654 1134 654 1134 655 1134 694 1138 695 1138 764 1135 814 1139 815 1139 923 1135 924 1128 923 1106 863 1099 862 1099 841 1103 809 1099 808 1099 807 1099 806 1099 801 1104 800 1105 713 1105 710 1102 706 1099 705 1099 704 1099 703 1099 703 1099 695 1102 689 1104 683 1102 671 1098 670 1098 670 1098 669 1098 659 1102 654 1104 577 1104 573 1100 569 1097 568 1097 567 1097 567 1097 531 1099 493 1102 489 1098 487 1098 487 1097 486 1097 485 1097 485 1097 476 1098 466 1101 456 1098 447 1096 446 1096 445 1096 347 1096 347 1124"/>
                        </Shape>
                        <String CONTENT=""/>
                    </TextLine>

                    <TextLine ID="line_33" HPOS="348" VPOS="1131" WIDTH="577" HEIGHT="41" BASELINE="348 1156 925 1160" TAGREFS="TYPE_1">
                        <Shape>
                            <Polygon POINTS="348 1156 348 1166 485 1164 565 1168 598 1170 599 1170 600 1170 604 1169 618 1165 633 1169 636 1170 637 1170 637 1170 642 1169 658 1166 664 1169 666 1171 666 1171 667 1171 668 1171 680 1170 704 1167 711 1170 713 1171 714 1171 715 1171 726 1170 755 1168 778 1171 788 1172 789 1172 794 1171 813 1167 823 1171 824 1172 825 1172 826 1172 924 1172 925 1160 924 1139 874 1133 873 1133 807 1137 784 1138 753 1138 751 1136 746 1132 745 1132 744 1132 744 1132 743 1132 733 1136 732 1136 728 1135 710 1132 709 1132 708 1132 707 1132 703 1135 701 1137 698 1135 691 1132 690 1132 689 1132 688 1132 687 1132 684 1135 681 1138 637 1138 627 1135 617 1131 616 1131 615 1131 572 1134 530 1136 514 1133 503 1131 502 1131 502 1131 498 1133 492 1136 481 1133 473 1131 473 1131 472 1131 463 1132 449 1135 348 1131 348 1156"/>
                        </Shape>
                        <String CONTENT=""/>
                    </TextLine>

                    <TextLine ID="line_34" HPOS="345" VPOS="1161" WIDTH="579" HEIGHT="51" BASELINE="345 1189 924 1192" TAGREFS="TYPE_1">
                        <Shape>
                            <Polygon POINTS="345 1189 345 1209 364 1210 365 1210 366 1210 367 1209 383 1202 419 1209 423 1209 424 1209 427 1209 459 1201 474 1209 478 1210 479 1210 538 1211 539 1212 572 1212 572 1211 573 1211 574 1211 578 1208 585 1202 614 1207 624 1209 625 1209 641 1207 674 1203 687 1206 703 1211 703 1211 704 1211 726 1206 744 1202 869 1202 881 1205 897 1208 898 1208 899 1208 900 1208 904 1205 906 1203 922 1204 924 1192 924 1169 904 1163 903 1163 902 1163 901 1163 883 1168 883 1169 831 1169 830 1168 819 1163 818 1163 818 1163 817 1163 816 1163 810 1168 809 1169 741 1169 737 1168 707 1162 679 1162 679 1162 678 1162 677 1162 677 1163 671 1168 655 1162 654 1162 634 1162 633 1162 633 1162 623 1168 622 1168 621 1168 605 1162 604 1162 604 1162 603 1162 602 1162 596 1167 595 1168 594 1167 581 1162 580 1162 580 1162 579 1162 567 1167 564 1168 540 1168 540 1167 534 1162 534 1161 533 1161 532 1161 531 1161 468 1167 460 1168 437 1168 436 1166 428 1161 427 1161 427 1161 426 1161 395 1165 386 1161 386 1161 385 1161 384 1161 383 1161 377 1166 376 1166 358 1161 358 1161 357 1161 356 1161 345 1165 345 1189"/>
                        </Shape>
                        <String CONTENT=""/>
                    </TextLine>
</TextBlock>
                <TextBlock ID="block_2" HPOS="778" VPOS="1201" WIDTH="148" HEIGHT="38" TAGREFS="TYPE_26">
                    <Shape>
                        <Polygon POINTS="778.815185546875 1201.8193359375 926.5394287109375 1201.8193359375 926.5394287109375 1239.80908203125 778.815185546875 1239.80908203125 778.815185546875 1201.8193359375"/>
                    </Shape>
                    <TextLine ID="line_35" HPOS="780" VPOS="1199" WIDTH="145" HEIGHT="43" BASELINE="780 1225 925 1225" TAGREFS="TYPE_1">
                        <Shape>
                            <Polygon POINTS="780 1225 780 1236 843 1236 847 1238 851 1242 851 1242 852 1242 853 1242 868 1239 890 1236 899 1241 901 1242 901 1242 902 1242 925 1242 925 1225 925 1200 780 1199 780 1225"/>
                        </Shape>
                        <String CONTENT=""/>
                    </TextLine>
</TextBlock>
            </PrintSpace>
        </Page>
    </Layout>
</alto>