<?xml version="1.0" encoding="UTF-8"?>
<alto xmlns:xsi="http://www.w3.org/2001/XMLSchema-instance"
    xmlns="http://www.loc.gov/standards/alto/ns-v4#"
    xsi:schemaLocation="http://www.loc.gov/standards/alto/ns-v4# http://www.loc.gov/standards/alto/v4/alto-4-3.xsd">
    <Description>
        <MeasurementUnit>pixel</MeasurementUnit>
        <sourceImageInformation>
            <fileName>bsb00027764_00172.jpg</fileName>
        </sourceImageInformation>
        <Processing ID="OCR_0">
            <processingCategory>other</processingCategory>
            <processingStepDescription>unknown</processingStepDescription>
            <processingSoftware>
                <softwareName>kraken</softwareName>
                <softwareVersion>4.3.13</softwareVersion>
            </processingSoftware>
        </Processing>
    </Description>
    <Tags>
        <OtherTag ID="TYPE_1" LABEL="DefaultLine"/>
        <OtherTag ID="TYPE_2" LABEL="GraphicZone-Maths"/>
        <OtherTag ID="TYPE_3" LABEL="TitlePageZone-Index"/>
        <OtherTag ID="TYPE_4" LABEL="MainZone-Lg"/>
        <OtherTag ID="TYPE_5" LABEL="MainZone-Date"/>
        <OtherTag ID="TYPE_6" LABEL="QuireMarksZone"/>
        <OtherTag ID="TYPE_7" LABEL="MainZone-Entry-Continued"/>
        <OtherTag ID="TYPE_8" LABEL="MainZone-Entry"/>
        <OtherTag ID="TYPE_9" LABEL="MainZone-P-Continued"/>
        <OtherTag ID="TYPE_10" LABEL="NumberingZone"/>
        <OtherTag ID="TYPE_11" LABEL="GraphicZone-TextualContent"/>
        <OtherTag ID="TYPE_12" LABEL="TableZone-Continued"/>
        <OtherTag ID="TYPE_13" LABEL="MainZone-Signature"/>
        <OtherTag ID="TYPE_14" LABEL="MainZone-Sp"/>
        <OtherTag ID="TYPE_15" LABEL="FigureZone-FigDesc"/>
        <OtherTag ID="TYPE_16" LABEL="RunningTitleZone"/>
        <OtherTag ID="TYPE_17" LABEL="TableZone"/>
        <OtherTag ID="TYPE_18" LABEL="MainZone-P"/>
        <OtherTag ID="TYPE_19" LABEL="TitlePageZone"/>
        <OtherTag ID="TYPE_20" LABEL="GraphicZone"/>
        <OtherTag ID="TYPE_21" LABEL="MainZone-Lg-Continued"/>
        <OtherTag ID="TYPE_22" LABEL="MainZone-Head"/>
        <OtherTag ID="TYPE_23" LABEL="DigitizationArtefactZone"/>
        <OtherTag ID="TYPE_24" LABEL="MainZone-Form"/>
        <OtherTag ID="TYPE_25" LABEL="MainZone-Sp-Continued"/>
        <OtherTag ID="TYPE_26" LABEL="GraphicZone-Head"/>
        <OtherTag ID="TYPE_27" LABEL="StampZone-Sticker"/>
        <OtherTag ID="TYPE_28" LABEL="FigureZone-Head"/>
        <OtherTag ID="TYPE_29" LABEL="MainZone-Other"/>
        <OtherTag ID="TYPE_30" LABEL="GraphicZone-Part"/>
        <OtherTag ID="TYPE_31" LABEL="DropCapitalZone"/>
        <OtherTag ID="TYPE_32" LABEL="MarginTextZone-ManuscriptAddendum"/>
        <OtherTag ID="TYPE_33" LABEL="FigureZone"/>
        <OtherTag ID="TYPE_34" LABEL="StampZone"/>
        <OtherTag ID="TYPE_35" LABEL="MainZone-List"/>
        <OtherTag ID="TYPE_36" LABEL="GraphicZone-Decoration"/>
        <OtherTag ID="TYPE_37" LABEL="AdvertisementZone"/>
        <OtherTag ID="TYPE_38" LABEL="TableZone-Head"/>
        <OtherTag ID="TYPE_39" LABEL="MarginTextZone-Notes"/>
        <OtherTag ID="TYPE_40" LABEL="GraphicZone-FigDesc"/>
        <OtherTag ID="TYPE_41" LABEL="MarginTextZone-Notes-Continued"/>
        <OtherTag ID="TYPE_42" LABEL="MainZone-List-Continued"/>
    </Tags>
    <Layout>
        <Page WIDTH="1200" HEIGHT="1893" PHYSICAL_IMG_NR="0" ID="page_0">
            <PrintSpace HPOS="0" VPOS="0" WIDTH="1200" HEIGHT="1893">
                <TextBlock ID="block_1" HPOS="373" VPOS="127" WIDTH="717" HEIGHT="55" TAGREFS="TYPE_16">
                    <Shape>
                        <Polygon POINTS="373.8833312988281 127.33436584472656 1090.539794921875 127.33436584472656 1090.539794921875 182.46115112304688 373.8833312988281 182.46115112304688 373.8833312988281 127.33436584472656"/>
                    </Shape>
                    <TextLine ID="line_0" HPOS="363" VPOS="128" WIDTH="731" HEIGHT="63" BASELINE="364 172 893 164 990 169 1094 184" TAGREFS="TYPE_1">
                        <Shape>
                            <Polygon POINTS="994 134 984 134 973 134 963 134 952 134 942 134 931 134 921 134 910 134 900 134 889 134 879 134 868 134 858 134 847 134 840 134 829 139 741 139 734 134 731 134 721 134 710 134 700 134 689 134 679 134 668 134 658 134 654 134 647 134 637 134 626 134 616 134 605 134 595 134 588 134 587 135 582 134 574 134 563 134 553 134 542 134 532 134 531 134 519 138 511 134 500 134 490 134 479 134 469 134 458 134 448 134 437 134 426 134 416 134 408 134 405 134 395 134 394 128 363 128 364 172 367 188 374 181 396 188 410 191 411 191 412 191 452 188 513 181 570 187 580 188 581 188 588 187 653 176 709 176 726 182 727 182 728 182 729 182 751 175 765 179 766 179 767 179 891 173 987 187 993 187 994 187 1093 186 1094 184 1093 137 1005 137 1002 135 1000 134 994 134"/>
                        </Shape>
                        <String CONTENT=""/>
                    </TextLine>
</TextBlock>
                <TextBlock ID="block_3" HPOS="332" VPOS="189" WIDTH="800" HEIGHT="306" TAGREFS="TYPE_25">
                    <Shape>
                        <Polygon POINTS="332.7049560546875 189.1848907470703 1132.0550537109375 189.1848907470703 1132.0550537109375 495.80670166015625 332.7049560546875 495.80670166015625 332.7049560546875 189.1848907470703"/>
                    </Shape>
                    <TextLine ID="line_1" HPOS="342" VPOS="199" WIDTH="766" HEIGHT="52" BASELINE="343 233 885 221 1034 233 1108 248" TAGREFS="TYPE_1">
                        <Shape>
                            <Polygon POINTS="1097 199 1087 199 1078 199 1067 199 1056 199 1046 199 1036 199 1026 199 1015 199 1005 199 994 199 984 199 973 199 963 199 952 199 942 199 931 199 921 199 910 199 900 199 889 199 879 199 868 199 858 199 856 199 853 201 838 201 821 201 820 201 814 199 805 199 795 199 784 199 774 199 763 199 753 199 742 199 731 199 721 199 710 199 700 199 689 199 679 199 668 199 658 199 647 199 637 199 626 199 616 199 605 199 604 199 583 204 571 199 563 199 553 199 542 199 532 199 521 199 511 199 500 199 490 199 479 199 475 199 461 205 413 199 405 199 395 199 384 199 374 199 371 199 342 206 343 233 343 242 414 247 415 247 437 243 451 241 455 243 471 251 472 251 473 251 474 251 490 243 499 239 505 243 512 249 513 249 514 249 515 249 516 249 536 243 559 238 585 238 596 245 605 249 606 249 607 249 608 249 619 245 626 241 643 245 676 250 677 250 678 250 679 250 687 245 694 240 710 245 719 247 720 247 721 247 722 247 723 247 725 245 739 234 842 234 866 242 867 242 868 242 869 242 870 242 882 234 939 234 949 241 950 241 951 241 1090 246 1108 248 1107 199 1097 199"/>
                        </Shape>
                        <String CONTENT=""/>
                    </TextLine>

                    <TextLine ID="line_2" HPOS="332" VPOS="231" WIDTH="785" HEIGHT="75" BASELINE="332 285 881 271 1022 282 1117 296" TAGREFS="TYPE_1">
                        <Shape>
                            <Polygon POINTS="1107 248 1096 247 1017 247 1014 247 969 232 968 232 967 232 966 232 965 232 949 245 930 246 876 231 875 231 873 231 872 231 852 239 818 232 817 232 784 237 755 233 754 233 753 233 733 241 693 234 692 234 690 234 645 247 644 247 592 238 591 238 590 238 567 247 558 251 540 251 535 247 522 238 521 238 520 238 519 238 518 238 517 238 507 245 500 239 499 239 498 239 497 239 423 242 422 242 421 242 416 248 412 250 398 248 370 242 353 242 352 242 351 242 350 242 344 248 340 251 332 248 332 285 332 298 399 306 400 306 430 298 436 297 440 298 455 304 456 304 457 304 458 304 478 299 510 304 511 304 550 298 568 295 573 298 579 303 580 303 581 303 582 304 605 304 605 303 606 303 621 298 627 296 651 297 652 297 653 297 654 297 673 287 875 289 876 289 901 283 991 297 995 297 997 297 1110 296 1117 296 1115 247 1107 247 1107 248"/>
                        </Shape>
                        <String CONTENT=""/>
                    </TextLine>

                    <TextLine ID="line_3" HPOS="334" VPOS="288" WIDTH="788" HEIGHT="65" BASELINE="335 338 556 333 734 322 907 322 1012 330 1122 348" TAGREFS="TYPE_1">
                        <Shape>
                            <Polygon POINTS="335 338 335 348 436 353 437 353 438 353 448 349 455 345 478 349 485 350 486 350 487 350 489 350 490 349 496 344 509 349 520 353 521 353 522 353 523 353 524 353 530 349 535 345 577 344 587 350 593 352 594 352 595 352 596 352 602 350 625 341 646 350 654 353 655 353 656 353 657 353 658 353 661 350 680 336 940 334 950 341 951 341 952 341 953 341 954 341 965 336 1002 337 1026 352 1027 352 1028 352 1029 353 1121 353 1122 348 1121 304 1050 304 1050 303 1025 291 1024 291 1023 291 1022 291 1021 291 1003 302 963 288 962 288 961 288 841 293 800 289 799 289 798 289 782 295 754 289 753 289 700 294 668 289 667 289 666 289 644 300 627 297 626 297 595 303 593 303 582 297 581 297 580 297 579 297 578 297 560 303 555 306 453 306 448 303 417 292 416 292 415 292 414 292 393 303 390 304 384 303 365 297 364 297 363 297 334 302 335 338"/>
                        </Shape>
                        <String CONTENT=""/>
                    </TextLine>

                    <TextLine ID="line_4" HPOS="335" VPOS="334" WIDTH="787" HEIGHT="70" BASELINE="336 389 518 384 723 373 883 372 1010 380 1122 396" TAGREFS="TYPE_1">
                        <Shape>
                            <Polygon POINTS="336 389 336 404 418 404 418 403 419 403 469 394 484 401 485 401 486 401 546 397 568 403 570 403 571 403 572 403 573 403 574 403 588 392 603 403 604 403 605 403 606 404 627 404 627 403 628 403 629 403 676 385 753 385 761 391 762 391 763 391 764 391 859 385 877 392 878 392 879 392 880 392 881 392 889 384 926 384 1008 388 1054 401 1055 401 1056 402 1122 402 1122 396 1121 355 1040 355 983 335 982 335 981 335 980 335 959 347 920 345 905 334 904 334 903 334 902 334 730 339 708 334 707 334 706 334 705 334 704 334 696 341 674 334 673 334 672 334 670 334 640 349 621 340 620 340 581 340 580 340 579 340 546 357 518 357 502 343 501 343 500 343 499 343 498 343 497 343 478 356 426 345 425 345 424 345 388 357 335 357 336 389"/>
                        </Shape>
                        <String CONTENT=""/>
                    </TextLine>

                    <TextLine ID="line_5" HPOS="335" VPOS="387" WIDTH="780" HEIGHT="71" BASELINE="336 441 500 436 659 423 866 421 986 428 1115 448" TAGREFS="TYPE_1">
                        <Shape>
                            <Polygon POINTS="336 441 335 449 348 455 349 455 350 455 351 455 372 450 428 457 429 457 462 450 466 449 466 450 476 457 477 457 478 457 479 458 536 458 536 457 537 457 552 451 574 440 599 451 600 451 601 451 602 451 645 439 703 439 709 444 710 444 712 444 713 444 714 444 726 439 802 439 843 451 844 451 845 451 846 451 872 439 907 439 950 455 954 457 956 457 957 458 982 458 982 457 983 457 984 457 985 456 997 448 1113 457 1115 448 1115 405 1031 405 1030 404 1004 389 1003 389 1002 389 1001 389 963 397 869 387 708 387 707 387 706 387 687 393 642 389 641 389 640 389 584 404 583 404 581 404 564 399 563 399 562 399 530 402 515 392 514 392 513 392 483 391 482 391 481 391 448 404 445 404 336 404 336 441"/>
                        </Shape>
                        <String CONTENT=""/>
                    </TextLine>

                    <TextLine ID="line_6" HPOS="334" VPOS="433" WIDTH="505" HEIGHT="86" BASELINE="336 494 628 474 838 470" TAGREFS="TYPE_1">
                        <Shape>
                            <Polygon POINTS="336 494 337 516 350 519 351 519 352 519 353 519 356 516 365 509 390 515 412 519 413 519 492 516 493 516 503 511 529 496 618 492 635 505 636 505 637 505 638 505 639 505 640 505 640 504 647 498 679 503 680 503 681 503 706 490 740 485 791 500 792 500 794 500 795 500 839 498 838 470 835 438 789 439 788 439 768 433 767 433 766 433 731 438 706 433 705 433 672 435 670 435 655 443 639 437 638 437 637 437 636 437 635 437 620 445 618 446 617 445 613 442 613 441 612 441 611 441 609 441 568 446 561 441 560 441 559 441 558 441 557 441 536 449 521 455 486 455 478 451 472 449 471 449 470 449 469 449 468 449 468 450 466 450 465 452 461 458 421 458 417 454 413 451 413 450 412 450 411 450 410 450 409 450 394 454 378 459 364 455 351 452 350 452 349 452 348 452 334 456 336 494"/>
                        </Shape>
                        <String CONTENT=""/>
                    </TextLine>
</TextBlock>
                <TextBlock ID="block_0" HPOS="332" VPOS="520" WIDTH="804" HEIGHT="990" TAGREFS="TYPE_14">
                    <Shape>
                        <Polygon POINTS="332.6943359375 520.4715576171875 1136.7681884765625 520.4715576171875 1136.7681884765625 1510.8067626953125 332.6943359375 1510.8067626953125 332.6943359375 520.4715576171875"/>
                    </Shape>
                    <TextLine ID="line_7" HPOS="563" VPOS="522" WIDTH="328" HEIGHT="34" BASELINE="564 541 891 537" TAGREFS="TYPE_1">
                        <Shape>
                            <Polygon POINTS="889 527 879 527 868 527 858 527 847 527 837 527 826 527 816 527 805 527 795 527 784 527 774 527 763 527 753 527 742 527 731 527 721 527 710 527 700 527 689 527 679 527 668 527 658 527 647 527 637 527 626 527 616 527 605 527 595 527 593 522 563 522 564 541 564 556 604 551 644 554 645 554 646 554 660 547 716 553 718 553 719 553 720 553 721 553 730 546 777 546 784 552 786 554 787 554 788 554 789 554 790 554 797 552 805 547 890 548 891 537 889 527 889 527"/>
                        </Shape>
                        <String CONTENT=""/>
                    </TextLine>

                    <TextLine ID="line_8" HPOS="383" VPOS="566" WIDTH="693" HEIGHT="70" BASELINE="384 625 703 614 906 614 1076 623" TAGREFS="TYPE_1">
                        <Shape>
                            <Polygon POINTS="384 625 384 633 495 632 496 632 506 626 540 634 554 636 555 636 556 636 557 636 561 633 578 623 634 628 635 628 848 620 869 625 870 625 871 625 914 621 928 631 929 631 930 631 931 632 969 632 969 631 970 631 971 631 971 629 980 623 988 631 989 631 990 631 991 631 1076 629 1076 623 1075 579 995 579 968 566 967 566 909 566 908 566 907 566 906 566 885 580 846 570 845 570 844 570 843 570 816 580 733 568 731 568 643 571 642 571 641 571 622 583 573 571 572 571 571 571 570 571 532 583 477 572 476 572 475 572 474 572 474 573 459 586 383 586 384 625"/>
                        </Shape>
                        <String CONTENT=""/>
                    </TextLine>

                    <TextLine ID="line_9" HPOS="407" VPOS="632" WIDTH="719" HEIGHT="71" BASELINE="408 676 928 674 1126 695" TAGREFS="TYPE_1">
                        <Shape>
                            <Polygon POINTS="408 676 407 681 454 696 455 696 456 696 457 696 489 687 503 697 504 697 505 697 506 697 563 693 606 698 607 698 608 698 609 698 619 690 625 696 626 696 627 696 679 698 680 698 681 698 682 698 693 689 699 685 706 690 707 690 708 690 709 690 714 690 758 685 766 691 769 695 770 695 771 695 773 695 774 695 782 693 807 685 912 685 938 693 939 693 940 693 941 693 957 687 1020 699 1021 699 1022 699 1043 694 1062 701 1066 702 1067 702 1068 703 1125 703 1126 695 1126 649 1101 649 1101 648 1070 636 1069 636 1068 636 1067 636 1046 641 1028 637 1027 637 1026 637 1025 637 1002 647 1001 647 952 646 919 646 908 638 907 638 906 638 905 638 884 642 871 634 870 634 869 634 868 634 791 641 776 633 775 633 774 633 722 637 697 632 696 632 695 632 694 632 680 641 666 637 665 637 664 637 663 637 646 643 641 644 638 642 618 632 617 632 616 632 615 632 582 642 576 644 503 644 497 641 482 634 481 634 480 634 408 639 408 676"/>
                        </Shape>
                        <String CONTENT=""/>
                    </TextLine>

                    <TextLine ID="line_10" HPOS="408" VPOS="684" WIDTH="717" HEIGHT="66" BASELINE="408 729 900 723 1125 739" TAGREFS="TYPE_1">
                        <Shape>
                            <Polygon POINTS="408 729 408 749 424 749 424 748 425 748 426 748 437 740 534 747 535 747 536 747 563 741 592 745 593 745 594 745 607 739 694 741 695 741 696 741 697 741 703 737 718 749 719 749 720 749 721 750 740 750 740 749 741 749 742 749 756 740 771 748 773 748 774 748 775 748 776 748 795 736 931 736 978 738 1001 749 1002 749 1003 749 1004 749 1026 742 1039 748 1040 748 1123 749 1125 739 1124 704 1042 704 1042 703 1025 689 1024 689 1023 689 1022 689 993 691 985 685 985 684 984 684 983 684 982 684 906 695 864 684 863 684 862 684 820 689 812 684 811 684 810 684 727 684 726 684 725 684 724 684 707 697 667 689 666 689 665 689 634 700 578 688 577 688 540 690 539 690 510 703 507 704 484 704 482 703 457 689 456 689 455 689 454 689 430 703 408 703 408 729"/>
                        </Shape>
                        <String CONTENT=""/>
                    </TextLine>

                    <TextLine ID="line_11" HPOS="332" VPOS="735" WIDTH="797" HEIGHT="67" BASELINE="333 786 499 778 860 772 961 776 1129 792" TAGREFS="TYPE_1">
                        <Shape>
                            <Polygon POINTS="333 786 333 802 412 801 413 801 449 789 490 799 491 799 492 799 493 799 513 786 556 801 557 801 558 801 559 801 584 788 627 794 628 794 629 794 644 786 687 792 688 792 689 792 715 786 811 786 823 795 824 795 825 795 826 795 827 795 828 795 843 786 885 786 914 799 916 799 917 799 918 799 948 786 968 788 983 801 984 801 985 801 986 801 987 801 1008 796 1023 801 1024 801 1025 802 1128 802 1129 792 1128 751 1091 751 1071 743 1070 743 1069 743 1068 743 1051 748 1033 735 1032 735 1031 735 1030 735 1029 735 975 750 953 735 952 735 951 735 903 735 902 735 901 735 884 741 877 735 876 735 875 735 780 735 779 735 778 735 777 735 761 744 743 741 742 741 741 741 722 747 684 735 683 735 682 735 681 735 651 748 619 748 605 738 604 738 603 738 561 735 560 735 559 735 558 735 535 749 518 745 517 745 516 745 515 745 497 750 477 735 476 735 475 735 460 735 459 735 458 735 457 735 433 751 332 751 333 786"/>
                        </Shape>
                        <String CONTENT=""/>
                    </TextLine>

                    <TextLine ID="line_12" HPOS="332" VPOS="787" WIDTH="793" HEIGHT="64" BASELINE="332 835 588 825 893 823 1125 842" TAGREFS="TYPE_1">
                        <Shape>
                            <Polygon POINTS="332 835 332 848 430 848 430 847 431 847 456 841 487 847 489 847 490 847 516 840 536 848 537 848 538 848 539 848 583 836 635 841 636 841 787 835 839 835 858 845 859 845 860 845 861 845 887 836 903 846 904 846 905 846 906 846 907 846 927 836 1123 851 1125 842 1124 802 1068 802 1067 801 1030 792 1029 792 1028 792 1027 792 1014 801 1013 802 973 802 972 801 959 789 958 789 957 789 956 789 922 796 914 789 913 789 912 789 866 789 865 789 864 789 840 798 818 789 817 789 816 789 787 794 733 788 731 788 696 796 681 788 680 788 679 788 678 788 677 788 667 796 637 791 636 791 603 797 585 787 584 787 583 787 582 787 551 798 536 787 535 787 534 787 533 787 444 798 332 798 332 835"/>
                        </Shape>
                        <String CONTENT=""/>
                    </TextLine>

                    <TextLine ID="line_13" HPOS="333" VPOS="832" WIDTH="796" HEIGHT="73" BASELINE="334 884 607 874 903 872 1005 878 1058 889 1129 893" TAGREFS="TYPE_1">
                        <Shape>
                            <Polygon POINTS="334 884 334 905 399 904 400 904 431 888 454 888 472 888 494 903 495 903 496 903 497 903 498 903 540 889 555 900 556 900 557 900 558 900 559 900 574 892 598 899 599 899 600 899 601 899 623 887 703 887 728 899 729 899 730 899 731 899 733 899 753 886 784 894 785 894 786 894 787 894 788 894 802 885 829 885 859 896 860 896 861 896 862 896 884 884 930 884 947 890 948 890 949 890 950 890 959 886 973 893 974 893 975 893 977 893 984 889 995 898 997 898 998 898 999 898 1129 897 1129 893 1127 847 993 847 992 847 972 842 971 842 970 842 969 842 968 842 961 847 943 832 942 832 941 832 919 832 918 832 917 832 916 832 897 845 877 833 876 833 875 833 831 843 820 833 819 833 818 833 789 833 788 833 787 833 769 843 698 835 697 835 696 835 675 844 653 836 652 836 594 836 593 836 592 836 591 836 575 847 562 844 561 844 560 844 559 844 544 850 524 837 523 837 522 837 459 837 458 837 457 837 456 837 432 851 426 855 376 855 372 851 349 839 348 839 347 839 346 839 344 839 333 848 334 884"/>
                        </Shape>
                        <String CONTENT=""/>
                    </TextLine>

                    <TextLine ID="line_14" HPOS="333" VPOS="886" WIDTH="794" HEIGHT="68" BASELINE="334 932 875 922 981 927 1127 944" TAGREFS="TYPE_1">
                        <Shape>
                            <Polygon POINTS="334 932 334 954 394 954 394 953 395 953 396 953 408 944 448 948 449 948 511 937 536 944 537 944 538 945 538 944 539 944 564 937 588 943 590 943 591 943 592 943 619 935 639 944 640 944 641 944 642 944 643 944 655 934 795 934 812 941 814 941 815 941 850 933 871 933 901 949 902 949 903 949 905 949 990 938 1006 947 1007 947 1008 947 1009 948 1126 948 1127 944 1125 899 1006 899 984 886 983 886 982 886 981 886 980 886 961 897 949 889 948 889 947 889 946 889 945 889 922 896 908 886 907 886 906 886 878 886 877 886 876 886 858 893 845 887 844 887 787 887 786 887 785 887 770 893 721 888 720 888 499 900 485 889 484 889 483 889 463 889 462 889 421 891 420 891 419 891 398 904 384 898 383 898 382 898 381 898 380 898 372 904 347 900 346 900 344 900 333 904 334 932"/>
                        </Shape>
                        <String CONTENT=""/>
                    </TextLine>

                    <TextLine ID="line_15" HPOS="330" VPOS="934" WIDTH="796" HEIGHT="65" BASELINE="331 983 840 971 967 975 1126 993" TAGREFS="TYPE_1">
                        <Shape>
                            <Polygon POINTS="331 983 331 999 433 994 434 994 435 994 443 989 461 995 462 995 463 995 464 995 465 995 478 987 533 993 534 993 600 988 614 998 615 998 616 998 617 998 618 998 638 991 660 998 665 999 666 999 667 999 668 999 669 999 670 998 685 985 710 985 725 990 726 990 727 990 770 985 797 996 799 998 800 998 801 998 802 998 805 996 841 984 1125 994 1126 993 1124 948 1027 948 1019 942 1018 942 1017 942 1015 942 939 946 834 934 832 934 705 935 704 935 681 942 626 937 625 937 624 937 605 945 585 941 584 941 583 941 563 947 538 939 537 939 536 939 535 939 502 949 404 952 368 947 367 947 330 953 331 983"/>
                        </Shape>
                        <String CONTENT=""/>
                    </TextLine>

                    <TextLine ID="line_16" HPOS="330" VPOS="986" WIDTH="792" HEIGHT="67" BASELINE="331 1033 880 1023 941 1025 1122 1045" TAGREFS="TYPE_1">
                        <Shape>
                            <Polygon POINTS="331 1033 331 1037 380 1053 381 1053 382 1053 444 1049 445 1049 446 1049 459 1040 460 1039 464 1040 504 1053 505 1053 506 1053 568 1042 595 1036 614 1042 645 1052 646 1052 647 1052 648 1052 668 1043 684 1035 761 1040 762 1040 860 1034 879 1040 880 1040 881 1040 882 1040 901 1034 928 1047 936 1050 937 1050 938 1050 939 1050 945 1047 957 1041 966 1047 969 1050 970 1050 971 1050 972 1050 973 1050 981 1048 993 1043 1003 1048 1007 1050 1008 1050 1009 1050 1121 1049 1122 1045 1121 996 1048 996 1040 990 1039 990 1038 990 1036 990 999 996 997 996 979 986 978 986 977 986 944 986 943 986 942 986 941 986 926 996 925 996 924 996 824 987 823 987 784 994 770 989 769 989 768 989 709 993 685 987 684 987 683 987 644 990 643 990 628 998 627 999 625 998 597 988 596 988 595 988 594 988 575 995 564 988 563 988 562 988 518 988 517 988 516 988 515 988 499 999 498 999 466 989 465 989 464 989 463 989 462 989 451 999 449 1001 379 1001 376 999 356 993 355 993 354 993 330 999 331 1033"/>
                        </Shape>
                        <String CONTENT=""/>
                    </TextLine>

                    <TextLine ID="line_17" HPOS="328" VPOS="1034" WIDTH="798" HEIGHT="68" BASELINE="329 1082 873 1072 998 1079 1067 1091 1126 1094" TAGREFS="TYPE_1">
                        <Shape>
                            <Polygon POINTS="329 1082 329 1095 423 1092 435 1095 452 1102 453 1102 454 1102 455 1102 471 1095 490 1089 536 1094 537 1094 586 1086 602 1095 603 1095 604 1095 605 1095 606 1095 646 1085 678 1091 679 1091 738 1084 784 1084 800 1095 803 1098 804 1098 805 1098 806 1098 822 1095 879 1085 908 1095 912 1097 913 1097 914 1098 936 1098 936 1097 937 1097 938 1097 939 1095 951 1087 1011 1095 1018 1096 1019 1096 1125 1095 1126 1094 1125 1049 950 1048 950 1047 916 1034 914 1034 913 1034 871 1040 807 1035 806 1035 757 1044 747 1037 746 1037 745 1037 744 1037 743 1037 742 1037 733 1045 715 1039 714 1039 713 1039 712 1039 684 1046 681 1046 675 1046 598 1037 597 1037 596 1037 595 1037 585 1045 576 1052 537 1045 535 1045 534 1045 530 1045 419 1051 378 1044 355 1040 354 1040 328 1043 329 1082"/>
                        </Shape>
                        <String CONTENT=""/>
                    </TextLine>

                    <TextLine ID="line_18" HPOS="329" VPOS="1085" WIDTH="793" HEIGHT="64" BASELINE="329 1134 599 1125 852 1123 985 1129 1122 1147" TAGREFS="TYPE_1">
                        <Shape>
                            <Polygon POINTS="329 1134 329 1145 527 1138 539 1146 541 1148 542 1148 543 1148 544 1148 545 1148 552 1146 563 1143 574 1146 578 1148 579 1148 580 1149 580 1148 581 1148 585 1146 605 1138 621 1147 624 1148 625 1148 626 1148 627 1148 632 1147 658 1137 696 1143 697 1143 698 1143 699 1143 704 1137 717 1142 718 1142 719 1142 770 1135 937 1135 956 1148 957 1148 958 1148 959 1148 960 1148 961 1148 975 1142 984 1148 985 1148 986 1148 987 1148 988 1148 989 1148 997 1143 1120 1148 1122 1147 1122 1103 1024 1103 1024 1102 991 1085 990 1085 958 1085 957 1085 956 1085 954 1085 941 1096 901 1085 900 1085 899 1085 840 1093 773 1085 771 1085 770 1085 769 1085 759 1093 726 1085 725 1085 724 1085 723 1085 722 1085 713 1093 683 1095 669 1090 668 1090 667 1090 666 1090 643 1097 634 1090 633 1090 632 1090 578 1085 577 1085 576 1085 575 1085 559 1097 533 1098 505 1086 504 1086 503 1086 502 1086 483 1094 466 1088 465 1088 464 1088 463 1088 441 1100 437 1103 403 1103 399 1100 383 1088 382 1088 381 1088 380 1088 379 1088 356 1100 353 1101 351 1100 339 1094 338 1094 337 1094 336 1094 329 1097 329 1134"/>
                        </Shape>
                        <String CONTENT=""/>
                    </TextLine>

                    <TextLine ID="line_19" HPOS="329" VPOS="1134" WIDTH="796" HEIGHT="70" BASELINE="330 1184 625 1174 883 1172 970 1176 1059 1190 1125 1194" TAGREFS="TYPE_1">
                        <Shape>
                            <Polygon POINTS="330 1184 330 1199 376 1192 392 1201 398 1204 399 1204 400 1204 417 1201 443 1195 452 1201 455 1203 456 1203 457 1203 458 1203 459 1203 463 1201 479 1192 534 1188 570 1191 584 1199 586 1202 587 1202 588 1202 590 1202 591 1202 597 1199 641 1187 712 1193 713 1193 714 1193 738 1186 800 1186 834 1197 835 1197 836 1197 837 1197 838 1197 856 1185 973 1192 974 1192 975 1192 977 1192 983 1188 1023 1198 1024 1198 1025 1198 1026 1198 1125 1197 1125 1194 1123 1149 1066 1149 1064 1149 1034 1141 1033 1141 1032 1141 974 1148 939 1134 938 1134 845 1134 844 1134 799 1145 748 1135 747 1135 746 1135 718 1149 674 1141 673 1141 648 1144 638 1136 637 1136 636 1136 635 1136 634 1136 607 1146 587 1136 586 1136 585 1136 584 1136 536 1151 530 1153 522 1152 485 1143 484 1143 436 1152 430 1153 425 1152 414 1148 413 1148 412 1148 411 1148 400 1152 395 1154 387 1152 373 1149 372 1149 371 1149 329 1152 330 1184"/>
                        </Shape>
                        <String CONTENT=""/>
                    </TextLine>

                    <TextLine ID="line_20" HPOS="331" VPOS="1184" WIDTH="672" HEIGHT="64" BASELINE="332 1234 692 1224 892 1224 1003 1231" TAGREFS="TYPE_1">
                        <Shape>
                            <Polygon POINTS="332 1234 332 1248 415 1242 430 1248 431 1248 432 1248 434 1248 474 1239 487 1245 489 1245 490 1245 491 1245 511 1239 561 1244 562 1244 591 1237 597 1243 598 1243 599 1243 600 1243 601 1243 602 1243 612 1236 676 1244 677 1244 678 1244 679 1244 680 1244 693 1234 721 1234 755 1234 767 1243 768 1243 769 1243 770 1243 773 1243 810 1233 836 1239 837 1239 838 1239 839 1239 851 1233 862 1238 863 1238 864 1238 890 1233 911 1239 912 1239 913 1239 939 1234 949 1239 950 1239 951 1239 1003 1238 1003 1231 1001 1189 952 1192 945 1190 930 1184 929 1184 928 1184 927 1184 914 1190 908 1194 836 1194 832 1192 827 1188 826 1188 825 1188 824 1188 823 1188 814 1192 811 1194 686 1196 683 1195 673 1191 672 1191 670 1191 625 1194 619 1189 618 1189 617 1189 616 1189 587 1194 469 1191 468 1191 466 1191 465 1191 465 1192 455 1201 430 1194 429 1194 428 1194 393 1202 360 1193 359 1193 358 1193 357 1193 331 1203 332 1234"/>
                        </Shape>
                        <String CONTENT=""/>
                    </TextLine>

                    <TextLine ID="line_21" HPOS="1051" VPOS="1205" WIDTH="75" HEIGHT="60" BASELINE="1054 1239 1125 1246" TAGREFS="TYPE_1">
                        <Shape>
                            <Polygon POINTS="1054 1239 1051 1263 1067 1265 1068 1265 1069 1265 1070 1265 1072 1263 1084 1254 1122 1260 1125 1246 1126 1212 1086 1205 1085 1205 1056 1208 1054 1239"/>
                        </Shape>
                        <String CONTENT=""/>
                    </TextLine>

                    <TextLine ID="line_22" HPOS="334" VPOS="1231" WIDTH="787" HEIGHT="73" BASELINE="335 1287 683 1275 876 1274 1005 1280 1121 1294" TAGREFS="TYPE_1">
                        <Shape>
                            <Polygon POINTS="335 1287 335 1304 385 1293 468 1293 496 1303 497 1303 498 1304 524 1304 552 1304 552 1303 561 1303 578 1301 579 1301 603 1289 612 1293 613 1293 614 1293 615 1293 616 1293 624 1288 674 1292 675 1292 770 1287 785 1294 786 1294 787 1294 880 1285 925 1285 959 1295 960 1295 961 1295 1001 1290 1031 1297 1032 1297 1033 1297 1120 1296 1121 1294 1119 1249 1028 1249 977 1234 975 1234 974 1234 973 1234 972 1234 958 1246 945 1236 944 1236 943 1236 879 1231 878 1231 827 1232 826 1232 825 1232 809 1246 792 1240 791 1240 790 1240 789 1240 768 1250 749 1234 748 1234 747 1234 746 1234 708 1238 680 1233 679 1233 678 1233 677 1233 657 1247 637 1244 636 1244 635 1244 597 1253 553 1234 552 1234 551 1234 516 1236 515 1236 514 1236 499 1247 474 1236 473 1236 472 1236 471 1236 448 1249 409 1242 408 1242 407 1242 377 1254 348 1250 347 1250 346 1250 334 1255 335 1287"/>
                        </Shape>
                        <String CONTENT=""/>
                    </TextLine>

                    <TextLine ID="line_23" HPOS="337" VPOS="1287" WIDTH="789" HEIGHT="71" BASELINE="338 1336 890 1325 990 1330 1126 1345" TAGREFS="TYPE_1">
                        <Shape>
                            <Polygon POINTS="348 1309 344 1303 337 1301 338 1336 338 1351 358 1348 364 1351 375 1358 376 1358 377 1358 378 1358 379 1358 405 1351 431 1345 445 1351 458 1357 459 1357 460 1358 481 1358 481 1357 482 1357 483 1357 493 1351 506 1344 553 1346 554 1346 555 1346 556 1346 562 1340 615 1340 652 1350 653 1350 654 1350 655 1350 680 1338 725 1338 738 1347 739 1347 740 1347 741 1347 742 1347 761 1338 780 1345 781 1345 782 1345 783 1345 801 1337 869 1341 870 1341 871 1341 884 1336 933 1341 946 1351 947 1352 948 1352 949 1352 950 1352 951 1352 952 1352 954 1351 962 1346 968 1351 969 1352 970 1352 971 1352 972 1352 973 1352 980 1351 999 1346 1006 1351 1007 1351 1008 1351 1009 1351 1125 1350 1126 1345 1124 1298 1046 1298 1045 1298 1033 1290 1032 1290 1031 1290 1030 1290 994 1298 993 1298 991 1298 952 1287 951 1287 950 1287 949 1287 948 1287 931 1297 920 1289 919 1289 918 1289 883 1287 882 1287 881 1287 865 1294 851 1288 850 1288 792 1288 791 1288 790 1288 773 1296 736 1291 735 1291 681 1295 668 1290 667 1290 666 1290 611 1300 599 1301 546 1300 507 1299 489 1292 487 1292 486 1292 436 1300 418 1304 413 1300 398 1293 397 1293 396 1293 395 1293 374 1300 360 1306 350 1304 348 1309"/>
                        </Shape>
                        <String CONTENT=""/>
                    </TextLine>

                    <TextLine ID="line_24" HPOS="337" VPOS="1336" WIDTH="789" HEIGHT="67" BASELINE="338 1387 881 1375 1126 1393" TAGREFS="TYPE_1">
                        <Shape>
                            <Polygon POINTS="338 1387 338 1394 369 1403 370 1403 371 1403 444 1395 450 1395 453 1395 492 1403 493 1403 494 1403 495 1403 504 1396 504 1395 507 1396 533 1403 534 1403 535 1403 536 1403 558 1396 568 1393 575 1396 584 1401 585 1401 614 1402 615 1402 616 1402 617 1402 624 1397 633 1391 832 1389 852 1398 859 1401 860 1401 861 1401 862 1401 863 1401 866 1398 878 1390 932 1393 933 1393 958 1388 986 1399 988 1400 989 1400 990 1400 991 1400 993 1399 1011 1393 1124 1400 1126 1393 1125 1354 1017 1354 972 1344 971 1344 970 1344 969 1344 963 1348 931 1336 930 1336 929 1336 744 1337 743 1337 703 1350 672 1338 670 1338 669 1338 668 1338 667 1338 660 1345 636 1340 635 1340 634 1340 597 1354 592 1355 573 1354 551 1338 550 1338 548 1338 547 1338 546 1338 511 1353 451 1349 450 1349 429 1354 425 1354 424 1354 409 1344 408 1344 407 1344 405 1344 404 1344 375 1354 367 1356 337 1354 338 1387"/>
                        </Shape>
                        <String CONTENT=""/>
                    </TextLine>

                    <TextLine ID="line_25" HPOS="338" VPOS="1389" WIDTH="790" HEIGHT="65" BASELINE="339 1437 895 1427 1128 1441" TAGREFS="TYPE_1">
                        <Shape>
                            <Polygon POINTS="339 1437 339 1447 381 1454 382 1454 383 1454 397 1448 403 1444 422 1448 463 1454 464 1454 499 1448 513 1446 517 1448 525 1452 526 1452 527 1452 529 1452 530 1452 535 1448 542 1442 559 1448 562 1449 563 1449 564 1449 573 1448 618 1442 639 1449 655 1453 656 1453 657 1453 658 1453 659 1453 665 1449 679 1440 725 1440 744 1449 749 1451 750 1451 751 1451 753 1451 754 1451 757 1449 773 1439 910 1439 953 1447 954 1447 956 1447 981 1439 1001 1450 1002 1450 1003 1451 1127 1451 1128 1441 1127 1400 1083 1400 1071 1393 1070 1393 1069 1393 1068 1393 1038 1399 1006 1389 1005 1389 1004 1389 1003 1389 969 1400 944 1389 943 1389 942 1389 876 1390 875 1390 873 1390 867 1395 818 1389 817 1389 816 1389 797 1397 782 1390 781 1390 780 1390 739 1398 661 1390 660 1390 659 1390 636 1402 541 1402 500 1391 499 1391 498 1391 497 1391 496 1391 484 1401 462 1392 461 1392 460 1392 459 1392 418 1403 338 1405 339 1437"/>
                        </Shape>
                        <String CONTENT=""/>
                    </TextLine>

                    <TextLine ID="line_26" HPOS="331" VPOS="1440" WIDTH="796" HEIGHT="84" BASELINE="332 1484 887 1479 1127 1495" TAGREFS="TYPE_1">
                        <Shape>
                            <Polygon POINTS="332 1484 331 1509 364 1515 365 1515 396 1511 417 1521 418 1521 419 1521 450 1520 451 1520 469 1512 471 1511 473 1512 489 1521 490 1521 491 1521 492 1521 529 1513 530 1513 542 1519 543 1519 544 1519 545 1519 546 1519 555 1513 561 1510 607 1514 678 1521 679 1521 680 1521 681 1521 689 1516 698 1511 720 1511 730 1517 733 1518 734 1518 735 1518 736 1518 737 1518 742 1517 764 1511 853 1511 885 1519 900 1523 901 1523 902 1523 924 1520 944 1517 967 1521 982 1523 983 1523 984 1523 985 1523 987 1521 993 1516 1033 1515 1048 1522 1050 1523 1051 1523 1052 1524 1126 1524 1127 1495 1125 1451 1052 1452 1049 1450 1045 1446 1044 1446 1043 1446 1042 1446 1014 1450 1001 1452 998 1450 986 1441 985 1441 984 1441 790 1441 789 1441 788 1441 769 1449 767 1450 766 1449 759 1442 758 1442 757 1442 756 1442 690 1449 684 1449 681 1449 638 1440 637 1440 636 1440 618 1449 614 1450 609 1449 588 1440 587 1440 586 1440 585 1440 563 1448 554 1452 449 1452 444 1448 437 1441 436 1441 435 1441 434 1441 433 1441 418 1448 410 1451 332 1448 332 1484"/>
                        </Shape>
                        <String CONTENT=""/>
                    </TextLine>
</TextBlock>
                <TextBlock ID="block_5" HPOS="143" VPOS="1317" WIDTH="191" HEIGHT="165" TAGREFS="TYPE_39">
                    <Shape>
                        <Polygon POINTS="143.66815185546875 1317.648681640625 334.5331115722656 1317.648681640625 334.5331115722656 1482.355224609375 143.66815185546875 1482.355224609375 143.66815185546875 1317.648681640625"/>
                    </Shape>
                    <TextLine ID="line_27" HPOS="146" VPOS="1312" WIDTH="181" HEIGHT="64" BASELINE="148 1359 327 1353" TAGREFS="TYPE_1">
                        <Shape>
                            <Polygon POINTS="148 1359 148 1369 176 1376 177 1376 178 1376 179 1376 190 1369 205 1374 206 1374 207 1374 208 1374 209 1374 209 1373 214 1368 215 1368 219 1368 266 1373 267 1373 327 1366 327 1353 324 1316 304 1312 303 1312 274 1318 266 1320 265 1319 257 1314 256 1314 255 1314 254 1314 212 1315 146 1326 148 1359"/>
                        </Shape>
                        <String CONTENT=""/>
                    </TextLine>

                    <TextLine ID="line_28" HPOS="148" VPOS="1385" WIDTH="178" HEIGHT="44" BASELINE="149 1408 326 1401" TAGREFS="TYPE_1">
                        <Shape>
                            <Polygon POINTS="316 1386 306 1386 295 1386 285 1386 274 1386 263 1386 253 1386 242 1386 232 1386 221 1386 211 1386 200 1386 190 1386 179 1386 169 1386 158 1386 157 1385 148 1385 149 1408 149 1421 177 1429 178 1429 207 1428 208 1428 209 1428 209 1427 210 1427 213 1421 215 1419 326 1420 326 1401 322 1386 316 1386"/>
                        </Shape>
                        <String CONTENT=""/>
                    </TextLine>

                    <TextLine ID="line_29" HPOS="148" VPOS="1418" WIDTH="176" HEIGHT="66" BASELINE="149 1457 324 1454" TAGREFS="TYPE_1">
                        <Shape>
                            <Polygon POINTS="149 1457 149 1477 194 1484 195 1484 196 1484 209 1480 219 1476 247 1476 258 1481 263 1484 265 1484 266 1484 324 1483 324 1454 321 1418 254 1426 247 1422 239 1419 238 1419 237 1419 236 1419 226 1423 221 1426 210 1425 161 1420 160 1420 159 1420 158 1420 148 1426 149 1457"/>
                        </Shape>
                        <String CONTENT=""/>
                    </TextLine>
</TextBlock>
            </PrintSpace>
        </Page>
    </Layout>
</alto>