<?xml version="1.0" encoding="UTF-8"?>
<alto xmlns:xsi="http://www.w3.org/2001/XMLSchema-instance"
    xmlns="http://www.loc.gov/standards/alto/ns-v4#"
    xsi:schemaLocation="http://www.loc.gov/standards/alto/ns-v4# http://www.loc.gov/standards/alto/v4/alto-4-3.xsd">
    <Description>
        <MeasurementUnit>pixel</MeasurementUnit>
        <sourceImageInformation>
            <fileName>bsb00027764_00168.jpg</fileName>
        </sourceImageInformation>
        <Processing ID="OCR_0">
            <processingCategory>other</processingCategory>
            <processingStepDescription>unknown</processingStepDescription>
            <processingSoftware>
                <softwareName>kraken</softwareName>
                <softwareVersion>4.3.13</softwareVersion>
            </processingSoftware>
        </Processing>
    </Description>
    <Tags>
        <OtherTag ID="TYPE_1" LABEL="DefaultLine"/>
        <OtherTag ID="TYPE_2" LABEL="GraphicZone-Maths"/>
        <OtherTag ID="TYPE_3" LABEL="TitlePageZone-Index"/>
        <OtherTag ID="TYPE_4" LABEL="MainZone-Lg"/>
        <OtherTag ID="TYPE_5" LABEL="MainZone-Date"/>
        <OtherTag ID="TYPE_6" LABEL="QuireMarksZone"/>
        <OtherTag ID="TYPE_7" LABEL="MainZone-Entry-Continued"/>
        <OtherTag ID="TYPE_8" LABEL="MainZone-Entry"/>
        <OtherTag ID="TYPE_9" LABEL="MainZone-P-Continued"/>
        <OtherTag ID="TYPE_10" LABEL="NumberingZone"/>
        <OtherTag ID="TYPE_11" LABEL="GraphicZone-TextualContent"/>
        <OtherTag ID="TYPE_12" LABEL="TableZone-Continued"/>
        <OtherTag ID="TYPE_13" LABEL="MainZone-Signature"/>
        <OtherTag ID="TYPE_14" LABEL="MainZone-Sp"/>
        <OtherTag ID="TYPE_15" LABEL="FigureZone-FigDesc"/>
        <OtherTag ID="TYPE_16" LABEL="RunningTitleZone"/>
        <OtherTag ID="TYPE_17" LABEL="TableZone"/>
        <OtherTag ID="TYPE_18" LABEL="MainZone-P"/>
        <OtherTag ID="TYPE_19" LABEL="TitlePageZone"/>
        <OtherTag ID="TYPE_20" LABEL="GraphicZone"/>
        <OtherTag ID="TYPE_21" LABEL="MainZone-Lg-Continued"/>
        <OtherTag ID="TYPE_22" LABEL="MainZone-Head"/>
        <OtherTag ID="TYPE_23" LABEL="DigitizationArtefactZone"/>
        <OtherTag ID="TYPE_24" LABEL="MainZone-Form"/>
        <OtherTag ID="TYPE_25" LABEL="MainZone-Sp-Continued"/>
        <OtherTag ID="TYPE_26" LABEL="GraphicZone-Head"/>
        <OtherTag ID="TYPE_27" LABEL="StampZone-Sticker"/>
        <OtherTag ID="TYPE_28" LABEL="FigureZone-Head"/>
        <OtherTag ID="TYPE_29" LABEL="MainZone-Other"/>
        <OtherTag ID="TYPE_30" LABEL="GraphicZone-Part"/>
        <OtherTag ID="TYPE_31" LABEL="DropCapitalZone"/>
        <OtherTag ID="TYPE_32" LABEL="MarginTextZone-ManuscriptAddendum"/>
        <OtherTag ID="TYPE_33" LABEL="FigureZone"/>
        <OtherTag ID="TYPE_34" LABEL="StampZone"/>
        <OtherTag ID="TYPE_35" LABEL="MainZone-List"/>
        <OtherTag ID="TYPE_36" LABEL="GraphicZone-Decoration"/>
        <OtherTag ID="TYPE_37" LABEL="AdvertisementZone"/>
        <OtherTag ID="TYPE_38" LABEL="TableZone-Head"/>
        <OtherTag ID="TYPE_39" LABEL="MarginTextZone-Notes"/>
        <OtherTag ID="TYPE_40" LABEL="GraphicZone-FigDesc"/>
        <OtherTag ID="TYPE_41" LABEL="MarginTextZone-Notes-Continued"/>
        <OtherTag ID="TYPE_42" LABEL="MainZone-List-Continued"/>
    </Tags>
    <Layout>
        <Page WIDTH="1200" HEIGHT="1893" PHYSICAL_IMG_NR="0" ID="page_0">
            <PrintSpace HPOS="0" VPOS="0" WIDTH="1200" HEIGHT="1893">
                <TextBlock ID="block_2" HPOS="336" VPOS="124" WIDTH="739" HEIGHT="53" TAGREFS="TYPE_16">
                    <Shape>
                        <Polygon POINTS="336.5125732421875 124.77626037597656 1075.47998046875 124.77626037597656 1075.47998046875 177.5089874267578 336.5125732421875 177.5089874267578 336.5125732421875 124.77626037597656"/>
                    </Shape>
                    <TextLine ID="line_0" HPOS="335" VPOS="125" WIDTH="731" HEIGHT="57" BASELINE="336 167 844 159 939 164 1066 180" TAGREFS="TYPE_1">
                        <Shape>
                            <Polygon POINTS="1007 131 998 131 987 131 978 131 974 132 973 132 972 132 970 131 966 131 956 131 945 131 934 131 924 131 913 131 903 131 892 131 882 131 871 131 861 131 850 131 840 131 829 131 819 131 808 131 803 131 755 133 750 131 745 131 735 131 724 131 714 131 703 131 693 131 682 131 672 131 661 131 651 131 640 131 629 131 625 131 623 133 620 131 619 131 608 131 598 131 587 131 577 131 566 131 564 131 559 134 540 131 535 131 524 131 514 131 503 131 493 131 482 131 472 131 461 131 451 131 440 131 430 131 419 131 409 131 398 131 388 131 377 131 367 131 356 131 355 125 335 125 336 167 336 172 348 180 349 180 350 180 351 180 383 173 424 178 425 178 426 178 428 178 437 172 439 171 441 172 446 176 448 176 449 176 450 176 496 173 519 172 522 174 532 178 533 178 534 178 535 178 536 178 541 174 545 170 557 174 568 178 570 178 571 178 603 175 640 171 662 176 670 177 672 177 673 177 674 177 675 176 685 170 713 176 721 178 722 178 723 178 724 178 724 177 725 177 735 168 843 168 864 179 865 179 866 179 867 179 868 179 870 179 896 171 911 179 913 181 914 181 916 181 917 182 1065 182 1066 180 1065 133 1012 133 1011 132 1008 131 1007 131"/>
                        </Shape>
                        <String CONTENT=""/>
                    </TextLine>
</TextBlock>
                <TextBlock ID="block_1" HPOS="312" VPOS="185" WIDTH="803" HEIGHT="700" TAGREFS="TYPE_9">
                    <Shape>
                        <Polygon POINTS="312.15802001953125 185.54774475097656 1115.1014404296875 185.54774475097656 1115.1014404296875 885.5629272460938 312.15802001953125 885.5629272460938 312.15802001953125 185.54774475097656"/>
                    </Shape>
                    <TextLine ID="line_1" HPOS="312" VPOS="193" WIDTH="686" HEIGHT="56" BASELINE="313 231 837 221 998 234" TAGREFS="TYPE_1">
                        <Shape>
                            <Polygon POINTS="995 195 985 195 974 195 964 195 953 195 943 195 932 195 922 195 911 195 901 195 890 195 880 195 869 195 859 195 848 195 838 195 827 195 824 195 823 195 819 195 817 195 806 195 796 195 785 195 775 195 764 195 754 195 743 195 733 195 722 195 712 195 701 195 690 195 680 195 669 195 663 195 638 197 627 198 583 198 583 197 580 195 575 195 564 195 556 195 548 197 535 195 533 195 522 195 512 195 506 195 502 198 501 198 486 195 480 195 470 195 459 195 456 195 441 198 431 195 428 195 417 195 407 195 393 199 391 199 388 199 352 195 343 195 333 195 332 193 332 193 312 198 313 231 313 249 396 239 403 245 404 245 405 245 407 245 408 245 424 240 431 246 431 247 432 247 433 247 434 248 506 248 526 248 526 247 527 247 548 238 558 246 559 246 560 246 561 247 604 247 617 247 617 246 618 246 660 234 674 241 675 241 676 241 677 241 696 234 728 239 729 239 730 239 745 233 842 237 843 237 883 232 929 242 930 242 931 242 997 241 998 234 997 195 995 195"/>
                        </Shape>
                        <String CONTENT=""/>
                    </TextLine>

                    <TextLine ID="line_2" HPOS="1034" VPOS="196" WIDTH="69" HEIGHT="71" BASELINE="1036 242 1100 251" TAGREFS="TYPE_1">
                        <Shape>
                            <Polygon POINTS="1034 255 1058 266 1059 266 1095 267 1100 251 1103 214 1084 212 1081 207 1075 199 1074 199 1074 198 1073 198 1072 198 1042 196 1036 242 1034 255"/>
                        </Shape>
                        <String CONTENT=""/>
                    </TextLine>

                    <TextLine ID="line_3" HPOS="311" VPOS="232" WIDTH="786" HEIGHT="71" BASELINE="312 282 830 271 924 276 1097 299" TAGREFS="TYPE_1">
                        <Shape>
                            <Polygon POINTS="312 282 312 296 338 293 353 297 376 303 377 303 378 303 379 303 401 297 426 290 435 297 442 303 443 303 444 303 445 303 478 297 492 295 496 297 505 303 506 303 507 303 509 303 510 303 524 298 541 291 550 296 551 296 552 296 553 296 609 293 611 293 625 286 667 292 668 292 707 283 881 283 946 300 948 300 949 300 950 301 1096 301 1097 299 1096 247 1026 247 1006 239 1005 239 1004 239 1003 239 979 246 903 233 902 233 901 233 876 242 827 232 756 232 755 232 673 233 672 233 640 246 628 235 627 235 626 235 625 235 624 235 588 249 514 249 492 236 491 236 490 236 448 245 405 236 404 236 403 236 368 249 341 241 340 241 339 241 338 241 311 249 312 282"/>
                        </Shape>
                        <String CONTENT=""/>
                    </TextLine>

                    <TextLine ID="line_4" HPOS="317" VPOS="279" WIDTH="774" HEIGHT="79" BASELINE="318 335 816 321 917 326 1091 343" TAGREFS="TYPE_1">
                        <Shape>
                            <Polygon POINTS="1084 298 1073 297 1068 296 987 296 986 296 970 288 969 288 968 288 946 292 896 282 895 282 893 282 878 287 785 279 784 279 690 280 689 280 652 295 629 285 628 285 599 285 598 285 597 285 596 285 579 296 570 301 546 296 543 295 542 295 541 295 540 295 538 296 530 299 525 296 518 290 517 290 516 290 515 290 514 290 513 290 509 294 495 288 494 288 493 288 492 288 470 296 456 300 449 296 433 285 432 285 431 285 430 285 429 285 403 296 384 303 317 296 318 335 318 343 350 357 351 357 352 358 375 358 375 357 376 357 377 357 377 356 385 350 417 356 418 356 419 356 420 356 434 344 435 344 480 355 481 355 482 355 483 355 495 347 502 350 503 350 504 350 505 350 520 345 530 342 564 345 581 347 582 347 588 345 627 337 679 342 680 342 681 342 682 342 694 336 737 336 744 341 745 341 746 341 747 341 792 335 808 341 809 341 810 341 811 341 812 341 823 335 867 335 936 339 953 349 959 351 960 351 961 351 1091 349 1091 343 1089 298 1084 298"/>
                        </Shape>
                        <String CONTENT=""/>
                    </TextLine>

                    <TextLine ID="line_5" HPOS="311" VPOS="329" WIDTH="645" HEIGHT="74" BASELINE="312 387 726 372 852 372 956 379" TAGREFS="TYPE_1">
                        <Shape>
                            <Polygon POINTS="312 387 312 395 335 403 336 403 337 403 338 403 360 395 390 400 391 400 442 394 451 393 452 394 462 400 463 400 464 400 465 400 563 397 564 397 576 392 585 388 604 392 607 392 608 392 609 392 612 392 628 387 636 391 636 392 637 392 638 392 639 392 655 391 734 384 748 390 751 391 753 391 754 391 755 391 756 391 757 390 765 383 777 390 778 390 779 390 780 390 784 390 818 381 845 389 846 389 847 389 848 389 853 389 896 382 901 387 901 388 902 388 903 388 904 388 954 387 956 379 953 336 910 336 897 330 896 330 895 330 848 338 847 338 835 329 834 329 832 329 831 329 830 329 812 338 797 329 796 329 795 329 774 329 773 329 771 329 745 336 738 330 737 330 736 330 735 330 672 332 670 332 669 332 656 343 655 344 636 344 636 343 623 334 622 334 621 334 620 334 541 335 540 335 539 335 529 342 494 338 493 338 492 338 491 338 480 348 460 348 449 339 448 339 446 339 445 339 444 339 443 339 432 349 432 350 398 350 391 343 390 343 389 343 388 343 311 352 312 387"/>
                        </Shape>
                        <String CONTENT=""/>
                    </TextLine>

                    <TextLine ID="line_6" HPOS="988" VPOS="348" WIDTH="114" HEIGHT="61" BASELINE="989 385 1101 395" TAGREFS="TYPE_1">
                        <Shape>
                            <Polygon POINTS="989 385 988 396 1024 409 1025 409 1026 409 1099 405 1101 395 1102 367 1023 348 1022 348 991 348 989 385"/>
                        </Shape>
                        <String CONTENT=""/>
                    </TextLine>

                    <TextLine ID="line_7" HPOS="312" VPOS="383" WIDTH="789" HEIGHT="72" BASELINE="313 438 662 423 837 422 964 431 1101 448" TAGREFS="TYPE_1">
                        <Shape>
                            <Polygon POINTS="313 438 313 451 384 455 385 455 387 455 394 451 401 448 439 448 458 451 477 454 478 454 479 454 492 451 525 441 600 442 601 442 637 435 766 435 791 443 792 443 794 443 795 443 822 434 896 434 913 443 914 443 916 443 917 443 932 437 956 449 957 449 958 449 1090 448 1101 448 1099 398 1006 398 968 388 967 388 966 388 965 388 936 395 871 383 870 383 869 383 843 390 826 383 825 383 824 383 756 384 755 384 738 391 721 384 720 384 719 384 718 384 693 398 668 385 667 385 624 385 623 385 622 385 621 385 621 387 612 394 568 387 567 387 566 387 529 402 487 398 486 398 459 403 418 392 417 392 416 392 415 392 414 392 395 404 328 398 327 398 326 398 312 404 313 438"/>
                        </Shape>
                        <String CONTENT=""/>
                    </TextLine>

                    <TextLine ID="line_8" HPOS="313" VPOS="435" WIDTH="784" HEIGHT="72" BASELINE="314 489 666 472 845 472 925 476 1097 497" TAGREFS="TYPE_1">
                        <Shape>
                            <Polygon POINTS="314 489 314 507 373 502 410 507 416 507 417 507 418 507 420 507 459 495 513 495 532 505 533 505 534 505 535 505 596 490 621 496 622 496 623 496 624 496 625 496 637 487 665 487 678 496 679 496 680 496 681 496 682 496 700 486 788 486 803 493 804 493 805 493 806 493 834 485 865 495 866 495 867 495 868 495 888 487 906 494 907 494 908 494 947 487 988 501 989 501 990 501 1097 500 1097 497 1095 450 987 450 946 435 945 435 944 435 943 435 919 448 877 438 876 438 875 438 855 445 780 435 779 435 692 440 665 436 664 436 663 436 662 436 654 441 625 436 624 436 570 437 568 437 520 453 491 438 490 438 489 438 487 438 440 455 397 445 396 445 395 445 394 445 375 457 313 457 314 489"/>
                        </Shape>
                        <String CONTENT=""/>
                    </TextLine>

                    <TextLine ID="line_9" HPOS="317" VPOS="482" WIDTH="692" HEIGHT="69" BASELINE="318 541 548 525 685 521 882 523 1009 534" TAGREFS="TYPE_1">
                        <Shape>
                            <Polygon POINTS="318 541 318 547 415 551 416 551 449 546 501 539 516 545 520 547 521 547 522 547 523 547 524 547 526 545 541 536 574 545 580 546 581 546 582 546 583 546 584 546 585 544 598 534 758 532 804 540 805 540 806 540 827 531 851 540 852 540 853 540 855 540 856 540 865 533 896 541 898 541 899 541 900 541 1009 539 1009 534 1008 494 963 494 940 482 939 482 938 482 937 482 911 495 908 495 855 494 829 483 828 483 827 483 768 491 754 484 753 484 751 484 696 485 695 485 694 485 682 494 642 486 641 486 601 487 600 487 576 497 553 493 552 493 520 499 510 492 509 492 507 492 506 492 482 495 481 495 480 495 480 496 471 504 376 504 365 499 364 499 363 499 362 499 361 499 353 506 317 506 318 541"/>
                        </Shape>
                        <String CONTENT=""/>
                    </TextLine>

                    <TextLine ID="line_10" HPOS="1025" VPOS="498" WIDTH="22" HEIGHT="61" BASELINE="1029 540 1040 542" TAGREFS="TYPE_1">
                        <Shape>
                            <Polygon POINTS="1029 540 1025 559 1035 559 1040 542 1047 502 1036 498 1029 540"/>
                        </Shape>
                        <String CONTENT=""/>
                    </TextLine>

                    <TextLine ID="line_11" HPOS="1051" VPOS="506" WIDTH="51" HEIGHT="57" BASELINE="1052 543 1101 546" TAGREFS="TYPE_1">
                        <Shape>
                            <Polygon POINTS="1052 543 1051 554 1099 563 1101 546 1102 512 1054 506 1052 543"/>
                        </Shape>
                        <String CONTENT=""/>
                    </TextLine>

                    <TextLine ID="line_12" HPOS="314" VPOS="535" WIDTH="790" HEIGHT="68" BASELINE="315 589 563 574 844 572 939 577 1104 597" TAGREFS="TYPE_1">
                        <Shape>
                            <Polygon POINTS="315 589 315 603 391 603 391 602 392 602 426 594 452 602 453 602 454 602 455 602 495 587 520 592 521 592 560 584 595 591 596 591 597 591 617 583 687 583 695 589 696 589 697 589 698 589 699 589 713 583 753 589 754 589 755 589 756 589 765 583 782 596 783 596 784 596 785 596 786 596 787 596 807 583 851 588 852 588 853 588 876 583 931 598 932 598 933 598 934 598 954 588 1001 600 1002 600 1003 601 1103 601 1104 597 1103 551 1020 551 992 536 991 536 990 536 989 536 971 540 928 535 927 535 926 535 901 544 856 536 855 536 853 536 824 544 799 536 798 536 797 536 708 542 690 536 689 536 588 536 587 536 586 536 562 547 522 539 521 539 520 539 486 552 453 552 442 544 441 544 440 544 439 544 438 544 437 544 424 553 354 553 346 546 344 546 343 546 342 546 314 553 315 589"/>
                        </Shape>
                        <String CONTENT=""/>
                    </TextLine>

                    <TextLine ID="line_13" HPOS="315" VPOS="585" WIDTH="792" HEIGHT="69" BASELINE="316 640 509 625 842 623 938 627 1008 639 1107 646" TAGREFS="TYPE_1">
                        <Shape>
                            <Polygon POINTS="316 640 316 654 451 637 512 638 541 653 542 653 543 653 544 653 545 653 566 636 623 636 646 645 647 645 648 645 649 645 669 635 703 644 704 644 705 644 706 644 707 644 720 635 778 640 779 640 780 640 803 634 832 637 845 647 846 647 847 647 848 647 849 647 876 634 883 640 884 640 885 640 886 640 917 639 930 649 931 649 932 649 933 649 934 649 953 641 982 649 983 649 984 649 1106 648 1107 646 1106 598 1021 598 971 588 970 588 909 596 875 588 873 588 841 594 791 586 790 586 746 593 707 585 706 585 623 586 622 586 603 595 584 586 583 586 546 586 545 586 483 595 459 591 458 591 457 591 435 602 315 604 316 640"/>
                        </Shape>
                        <String CONTENT=""/>
                    </TextLine>

                    <TextLine ID="line_14" HPOS="316" VPOS="632" WIDTH="780" HEIGHT="70" BASELINE="316 688 485 676 842 673 1096 693" TAGREFS="TYPE_1">
                        <Shape>
                            <Polygon POINTS="327 662 319 647 316 647 316 688 316 697 404 697 404 696 405 696 437 684 458 691 459 691 460 691 497 687 506 695 507 695 509 695 510 695 511 695 512 695 525 685 554 689 555 689 556 689 567 684 587 699 588 699 590 699 591 699 592 699 593 699 618 687 637 694 638 694 639 694 640 694 661 685 705 699 706 699 707 699 708 699 735 686 758 695 759 695 760 695 761 695 778 686 842 686 901 686 923 698 924 698 925 698 967 691 981 699 982 699 983 699 1006 695 1094 702 1096 693 1095 654 1012 654 1010 653 991 646 990 646 989 646 952 652 912 635 911 635 910 635 848 639 832 634 831 634 830 634 829 634 814 640 798 634 797 634 717 633 716 633 715 633 685 640 677 633 676 633 675 633 674 633 673 633 641 644 619 633 618 633 617 633 616 633 593 639 575 632 574 632 573 632 572 632 542 645 516 634 515 634 514 634 513 634 512 634 493 645 471 636 470 636 469 636 468 636 438 647 333 647 327 662"/>
                        </Shape>
                        <String CONTENT=""/>
                    </TextLine>

                    <TextLine ID="line_15" HPOS="315" VPOS="682" WIDTH="789" HEIGHT="69" BASELINE="316 735 491 726 853 723 965 729 1104 747" TAGREFS="TYPE_1">
                        <Shape>
                            <Polygon POINTS="967 683 966 683 965 683 926 699 925 699 872 683 871 683 839 683 838 683 837 683 836 683 825 691 815 683 814 683 812 683 768 683 767 683 766 683 765 683 744 696 712 696 690 682 689 682 688 682 687 682 635 685 634 685 633 685 619 697 593 690 592 690 591 690 555 698 554 698 533 686 532 686 531 686 493 690 482 682 481 682 480 682 436 682 435 682 397 685 396 685 370 697 316 697 316 735 315 742 358 747 359 747 360 747 375 743 401 736 416 744 421 746 422 746 423 746 424 746 425 746 429 744 434 740 440 744 448 747 449 747 450 747 474 744 505 740 539 745 570 749 571 749 572 749 573 749 579 745 591 738 600 742 601 742 602 742 603 742 623 736 653 746 656 747 657 747 658 747 659 747 662 746 692 736 725 736 740 743 741 743 742 743 743 743 744 743 756 736 878 736 893 747 895 747 896 747 897 747 942 740 1005 750 1011 750 1012 751 1103 751 1104 747 1104 700 989 700 989 699 969 683 967 683"/>
                        </Shape>
                        <String CONTENT=""/>
                    </TextLine>

                    <TextLine ID="line_16" HPOS="314" VPOS="734" WIDTH="783" HEIGHT="66" BASELINE="315 781 826 772 932 777 1097 795" TAGREFS="TYPE_1">
                        <Shape>
                            <Polygon POINTS="1091 746 993 746 990 746 948 735 947 735 946 735 889 742 877 734 876 734 875 734 770 734 769 734 768 734 767 734 760 740 746 734 745 734 744 734 743 734 697 745 673 739 672 739 670 739 669 739 651 745 616 735 615 735 614 735 613 735 612 735 597 746 596 747 564 747 564 746 540 737 539 737 538 737 537 737 518 744 500 736 499 736 498 736 497 736 455 746 430 737 429 737 385 735 384 735 314 746 315 781 315 789 324 796 326 796 327 796 328 796 329 796 340 790 387 800 388 800 389 800 414 789 428 784 468 790 484 792 485 792 500 790 531 786 656 790 657 790 658 790 675 784 695 790 696 790 697 790 746 783 777 795 784 797 785 797 786 797 787 797 788 797 791 795 808 783 822 783 837 791 838 791 839 791 840 791 841 791 862 784 873 791 875 791 876 791 1095 798 1097 795 1095 746 1091 746"/>
                        </Shape>
                        <String CONTENT=""/>
                    </TextLine>

                    <TextLine ID="line_17" HPOS="316" VPOS="784" WIDTH="790" HEIGHT="67" BASELINE="316 828 821 823 928 828 1106 846" TAGREFS="TYPE_1">
                        <Shape>
                            <Polygon POINTS="316 828 317 848 352 839 390 843 391 843 522 833 542 841 543 841 544 841 769 835 820 850 822 850 823 850 824 850 825 850 826 850 855 838 880 841 881 841 882 841 883 841 890 836 912 846 913 846 914 846 937 842 970 847 971 847 972 847 973 847 981 842 991 850 992 850 993 850 994 851 1105 851 1106 846 1106 799 1025 799 1023 797 1009 787 1008 787 1007 787 1006 787 1005 787 991 792 984 787 983 787 982 787 981 787 980 787 979 787 967 796 964 798 961 796 946 786 945 786 944 786 903 786 902 786 901 786 879 794 877 795 877 794 871 789 870 789 869 789 868 789 824 791 815 785 814 785 812 785 811 785 782 792 771 795 766 791 754 785 753 785 751 785 750 785 727 791 718 794 703 790 674 785 673 785 672 785 661 790 657 791 646 789 632 787 631 787 629 787 628 787 625 789 616 796 586 791 585 791 584 791 566 797 535 787 521 784 520 784 519 784 476 786 474 787 473 787 472 787 462 795 433 787 432 787 431 787 430 787 413 797 377 797 356 786 355 786 316 784 316 828"/>
                        </Shape>
                        <String CONTENT=""/>
                    </TextLine>

                    <TextLine ID="line_18" HPOS="317" VPOS="837" WIDTH="282" HEIGHT="55" BASELINE="319 880 599 871" TAGREFS="TYPE_1">
                        <Shape>
                            <Polygon POINTS="329 850 328 849 317 850 319 880 319 892 599 881 599 871 597 844 493 837 492 837 491 837 490 837 480 844 463 841 462 841 461 841 460 841 450 847 424 839 423 839 422 839 329 849 329 850"/>
                        </Shape>
                        <String CONTENT=""/>
                    </TextLine>
</TextBlock>
                <TextBlock ID="block_4" HPOS="311" VPOS="886" WIDTH="795" HEIGHT="66" TAGREFS="TYPE_18">
                    <Shape>
                        <Polygon POINTS="311.9654541015625 886.10546875 1106.9796142578125 886.10546875 1106.9796142578125 952.247314453125 311.9654541015625 952.247314453125 311.9654541015625 886.10546875"/>
                    </Shape>
                    <TextLine ID="line_19" HPOS="351" VPOS="930" WIDTH="701" HEIGHT="27" BASELINE="351 937 787 931 928 937 1052 951" TAGREFS="TYPE_1">
                        <Shape>
                            <Polygon POINTS="1044 932 1033 932 1023 932 1012 932 1002 932 991 932 981 932 970 932 960 932 949 932 939 932 928 932 918 932 907 932 897 932 886 932 876 932 865 932 855 932 844 932 834 932 823 932 812 930 802 930 791 930 781 930 770 930 760 930 749 930 739 930 728 930 718 930 707 930 697 930 686 932 676 932 665 932 655 932 644 932 634 932 623 932 613 932 602 932 592 932 581 932 571 932 560 932 550 932 539 932 529 932 518 932 507 932 497 932 486 932 476 932 465 932 455 932 444 932 434 932 423 932 413 932 403 932 393 932 382 932 372 932 361 932 351 932 351 937 351 947 394 943 404 948 411 951 412 951 413 951 414 951 420 948 428 945 461 949 475 950 476 950 487 949 538 943 575 950 601 955 602 955 603 955 604 955 612 950 625 943 662 950 663 950 664 950 683 943 725 943 736 949 737 949 738 949 739 949 791 943 819 953 825 955 826 955 827 957 860 957 860 955 861 955 865 953 892 943 930 953 931 953 932 953 933 953 947 949 970 955 973 955 974 955 975 957 1051 957 1052 951 1051 932 1044 932"/>
                        </Shape>
                        <String CONTENT=""/>
                    </TextLine>
</TextBlock>
                <TextBlock ID="block_3" HPOS="311" VPOS="951" WIDTH="805" HEIGHT="571" TAGREFS="TYPE_18">
                    <Shape>
                        <Polygon POINTS="311.8051452636719 951.3834838867188 1116.6075439453125 951.3834838867188 1116.6075439453125 1522.8624267578125 311.8051452636719 1522.8624267578125 311.8051452636719 951.3834838867188"/>
                    </Shape>
                    <TextLine ID="line_20" HPOS="1056" VPOS="937" WIDTH="37" HEIGHT="36" BASELINE="1060 951 1092 958" TAGREFS="TYPE_1">
                        <Shape>
                            <Polygon POINTS="1060 951 1056 965 1087 973 1092 958 1093 942 1062 937 1060 951"/>
                        </Shape>
                        <String CONTENT=""/>
                    </TextLine>

                    <TextLine ID="line_21" HPOS="346" VPOS="947" WIDTH="762" HEIGHT="69" BASELINE="347 992 822 987 975 996 1033 1009 1108 1016" TAGREFS="TYPE_1">
                        <Shape>
                            <Polygon POINTS="1060 1002 1049 1002 1039 1002 1028 1002 1018 1002 1007 1002 998 1000 992 974 965 963 964 963 929 962 912 949 911 949 910 949 909 949 908 949 865 963 849 955 848 955 847 955 790 959 776 947 775 947 774 947 773 947 771 947 739 959 702 959 665 947 664 947 663 947 662 947 643 955 627 947 626 947 603 947 602 947 601 947 600 947 584 958 563 951 562 951 561 951 560 951 526 961 497 947 496 947 495 947 444 959 430 947 429 947 428 947 426 947 425 947 424 947 407 958 384 951 383 951 382 951 381 951 380 951 369 961 347 961 347 992 346 999 413 1011 414 1011 415 1011 444 1001 448 1001 451 1002 469 1006 470 1006 471 1006 472 1006 473 1006 477 1002 483 998 505 1003 536 1009 537 1009 538 1009 539 1009 546 1004 551 1000 558 1004 566 1008 567 1008 568 1008 570 1008 582 1004 587 1003 594 1005 602 1007 603 1007 604 1007 605 1007 606 1007 608 1005 618 998 799 1006 800 1006 801 1006 809 1002 828 1009 829 1009 830 1009 869 1001 912 1010 913 1010 914 1010 939 1001 984 1013 990 1014 991 1014 992 1015 1075 1015 1108 1016 1066 1002 1060 1002"/>
                        </Shape>
                        <String CONTENT=""/>
                    </TextLine>

                    <TextLine ID="line_22" HPOS="312" VPOS="1001" WIDTH="731" HEIGHT="60" BASELINE="313 1042 810 1037 931 1043 1043 1055" TAGREFS="TYPE_1">
                        <Shape>
                            <Polygon POINTS="953 1001 952 1001 943 1001 932 1001 922 1001 911 1001 901 1001 890 1001 878 1009 838 1008 826 1001 817 1001 806 1001 796 1001 785 1001 775 1001 764 1001 754 1001 743 1001 734 1001 722 1009 685 1001 680 1001 672 1001 664 1008 642 1010 628 1001 627 1001 617 1001 606 1001 596 1001 585 1001 575 1001 564 1001 554 1001 543 1001 537 1001 516 1009 457 1005 456 1005 428 1010 380 1001 375 1001 364 1001 352 1010 312 1011 313 1042 313 1053 361 1060 362 1060 363 1060 382 1054 399 1050 454 1055 462 1055 463 1055 468 1055 500 1049 511 1055 515 1059 516 1059 517 1059 518 1059 536 1055 573 1049 581 1054 582 1054 583 1054 584 1054 629 1049 662 1055 663 1055 664 1055 692 1049 784 1049 798 1057 798 1059 799 1059 800 1059 801 1059 802 1059 804 1059 829 1049 861 1057 862 1057 863 1057 864 1057 876 1053 881 1059 882 1060 883 1060 884 1060 885 1061 1042 1061 1043 1055 1042 1011 965 1011 954 1002 954 1001 953 1001"/>
                        </Shape>
                        <String CONTENT=""/>
                    </TextLine>

                    <TextLine ID="line_23" HPOS="314" VPOS="1051" WIDTH="710" HEIGHT="58" BASELINE="315 1093 821 1088 912 1092 1024 1106" TAGREFS="TYPE_1">
                        <Shape>
                            <Polygon POINTS="315 1093 315 1102 328 1109 329 1109 330 1109 363 1103 439 1109 440 1109 441 1109 454 1102 458 1100 485 1100 537 1103 578 1106 579 1106 580 1106 581 1106 584 1104 591 1100 659 1104 660 1104 832 1098 857 1105 858 1105 859 1105 860 1105 871 1102 877 1107 878 1107 878 1108 879 1108 880 1108 881 1109 1023 1109 1024 1106 1023 1063 979 1054 978 1054 977 1054 961 1063 866 1063 838 1054 837 1054 836 1054 835 1054 807 1062 795 1051 794 1051 792 1051 746 1051 745 1051 704 1059 696 1052 695 1052 694 1052 693 1052 692 1052 690 1052 684 1059 670 1054 669 1054 668 1054 638 1060 592 1052 591 1052 590 1052 574 1061 537 1055 536 1055 495 1062 481 1054 480 1054 479 1054 478 1054 477 1054 468 1062 437 1062 429 1056 428 1056 426 1056 425 1056 377 1061 361 1052 360 1052 359 1052 358 1052 314 1064 315 1093"/>
                        </Shape>
                        <String CONTENT=""/>
                    </TextLine>

                    <TextLine ID="line_24" HPOS="313" VPOS="1098" WIDTH="618" HEIGHT="60" BASELINE="314 1144 722 1137 931 1145" TAGREFS="TYPE_1">
                        <Shape>
                            <Polygon POINTS="314 1144 314 1158 375 1156 376 1156 377 1156 387 1150 405 1157 407 1157 408 1157 547 1149 621 1149 654 1156 655 1156 656 1156 669 1149 696 1154 697 1154 745 1148 929 1155 931 1145 929 1104 858 1108 851 1105 844 1098 843 1098 842 1098 820 1098 819 1098 818 1098 802 1105 794 1108 778 1105 757 1102 756 1102 755 1102 745 1106 738 1109 731 1106 720 1100 719 1100 653 1100 652 1100 651 1100 649 1100 649 1101 641 1107 640 1109 635 1107 618 1102 617 1102 616 1102 615 1102 595 1108 591 1109 586 1108 565 1100 564 1100 527 1100 526 1100 461 1110 456 1110 453 1110 420 1101 419 1101 418 1101 417 1101 416 1101 401 1110 400 1111 313 1111 314 1144"/>
                        </Shape>
                        <String CONTENT=""/>
                    </TextLine>

                    <TextLine ID="line_25" HPOS="1038" VPOS="1080" WIDTH="69" HEIGHT="57" BASELINE="1041 1112 1104 1121" TAGREFS="TYPE_1">
                        <Shape>
                            <Polygon POINTS="1038 1127 1100 1137 1104 1121 1107 1087 1082 1082 1081 1082 1080 1082 1076 1083 1066 1087 1045 1080 1041 1112 1038 1127"/>
                        </Shape>
                        <String CONTENT=""/>
                    </TextLine>

                    <TextLine ID="line_26" HPOS="963" VPOS="1115" WIDTH="146" HEIGHT="72" BASELINE="966 1154 1106 1171" TAGREFS="TYPE_1">
                        <Shape>
                            <Polygon POINTS="966 1154 963 1170 1025 1171 1103 1187 1106 1171 1109 1138 1097 1131 1096 1131 1095 1131 1094 1131 1064 1131 1053 1131 1049 1129 1032 1116 1031 1116 1030 1116 992 1115 991 1115 990 1115 983 1118 975 1122 970 1116 966 1154"/>
                        </Shape>
                        <String CONTENT=""/>
                    </TextLine>

                    <TextLine ID="line_27" HPOS="313" VPOS="1145" WIDTH="793" HEIGHT="75" BASELINE="314 1194 512 1189 809 1190 928 1197 1025 1212 1106 1215" TAGREFS="TYPE_1">
                        <Shape>
                            <Polygon POINTS="314 1194 313 1207 321 1212 322 1212 323 1212 324 1213 324 1212 326 1212 327 1212 336 1206 360 1212 361 1212 362 1212 363 1212 384 1206 408 1199 437 1207 440 1208 441 1208 442 1208 443 1208 444 1208 462 1197 484 1204 485 1204 486 1204 527 1198 542 1209 544 1211 545 1211 546 1211 547 1211 548 1211 553 1210 580 1199 608 1207 609 1207 611 1207 612 1207 613 1207 623 1199 666 1206 667 1206 739 1201 773 1209 774 1209 775 1209 776 1209 804 1202 851 1206 861 1214 862 1214 863 1214 864 1214 865 1214 883 1208 902 1214 903 1214 904 1214 905 1214 906 1214 919 1205 927 1212 928 1212 929 1212 930 1212 945 1210 978 1218 982 1219 983 1219 1104 1220 1106 1215 1106 1172 990 1171 989 1170 979 1162 978 1162 977 1162 975 1162 922 1168 872 1157 871 1157 870 1157 857 1165 820 1159 807 1148 806 1148 805 1148 745 1147 693 1147 692 1147 690 1147 657 1157 634 1146 633 1146 632 1146 584 1153 566 1145 565 1145 499 1145 498 1145 497 1145 465 1161 461 1163 454 1161 441 1156 440 1156 439 1156 438 1156 437 1156 432 1159 425 1164 398 1159 391 1158 380 1149 380 1148 379 1148 378 1148 377 1148 376 1148 375 1148 359 1158 358 1158 314 1158 314 1194"/>
                        </Shape>
                        <String CONTENT=""/>
                    </TextLine>

                    <TextLine ID="line_28" HPOS="317" VPOS="1195" WIDTH="678" HEIGHT="65" BASELINE="318 1244 748 1238 995 1254" TAGREFS="TYPE_1">
                        <Shape>
                            <Polygon POINTS="318 1244 317 1256 471 1256 471 1255 472 1255 482 1250 493 1255 494 1255 495 1255 496 1255 515 1250 534 1255 535 1255 536 1255 572 1251 586 1257 587 1257 588 1257 590 1257 603 1251 675 1251 683 1256 684 1256 685 1256 686 1256 709 1252 717 1258 718 1258 719 1258 720 1258 721 1258 722 1258 738 1252 819 1252 824 1256 824 1257 825 1257 826 1257 827 1257 828 1257 829 1257 837 1252 865 1259 868 1259 869 1259 870 1259 871 1259 887 1254 895 1259 896 1259 897 1259 898 1260 994 1260 995 1254 994 1214 932 1214 931 1212 925 1207 925 1206 924 1206 923 1206 922 1206 858 1209 840 1198 839 1198 838 1198 788 1198 787 1198 786 1198 763 1209 758 1211 753 1209 733 1198 731 1198 620 1198 619 1198 618 1198 596 1205 594 1206 592 1205 576 1197 575 1197 574 1197 573 1197 572 1197 560 1205 556 1207 545 1204 523 1198 522 1198 521 1198 520 1198 519 1198 519 1199 514 1204 506 1211 404 1211 392 1202 391 1202 390 1202 389 1202 388 1202 368 1210 347 1199 337 1195 336 1195 335 1195 334 1195 333 1195 333 1196 329 1199 326 1203 318 1199 318 1244"/>
                        </Shape>
                        <String CONTENT=""/>
                    </TextLine>

                    <TextLine ID="line_29" HPOS="1020" VPOS="1219" WIDTH="86" HEIGHT="70" BASELINE="1022 1262 1104 1270" TAGREFS="TYPE_1">
                        <Shape>
                            <Polygon POINTS="1022 1262 1020 1280 1040 1276 1050 1284 1050 1285 1051 1285 1052 1285 1053 1285 1054 1285 1055 1285 1055 1284 1063 1277 1099 1289 1104 1270 1106 1240 1097 1232 1097 1231 1096 1231 1095 1231 1094 1231 1076 1233 1060 1235 1053 1227 1050 1222 1049 1222 1049 1220 1048 1220 1047 1220 1025 1219 1022 1262"/>
                        </Shape>
                        <String CONTENT=""/>
                    </TextLine>

                    <TextLine ID="line_30" HPOS="314" VPOS="1245" WIDTH="792" HEIGHT="82" BASELINE="315 1295 537 1290 811 1291 1106 1315" TAGREFS="TYPE_1">
                        <Shape>
                            <Polygon POINTS="326 1266 323 1254 315 1254 315 1295 314 1304 477 1307 478 1307 479 1307 500 1300 511 1307 512 1307 513 1307 514 1307 560 1299 580 1307 581 1307 582 1307 644 1300 670 1303 685 1315 686 1315 687 1315 688 1315 689 1315 690 1315 721 1304 749 1304 774 1310 775 1310 776 1310 777 1310 791 1306 803 1315 804 1315 805 1315 806 1315 807 1315 808 1315 821 1307 873 1312 875 1312 876 1312 887 1308 901 1314 902 1314 903 1314 904 1314 927 1309 969 1318 970 1318 1017 1317 1033 1326 1034 1326 1035 1326 1104 1327 1106 1315 1106 1277 1020 1275 1019 1274 991 1259 990 1259 989 1259 988 1259 987 1259 969 1270 934 1255 933 1255 932 1255 900 1258 899 1258 877 1270 849 1253 848 1253 847 1253 744 1250 743 1250 742 1250 721 1258 702 1249 701 1249 649 1247 648 1247 647 1247 613 1260 582 1249 581 1249 580 1249 579 1249 552 1260 551 1260 502 1245 501 1245 500 1245 499 1245 498 1245 482 1254 457 1246 456 1246 455 1246 416 1248 415 1248 414 1248 402 1256 401 1256 331 1254 326 1266"/>
                        </Shape>
                        <String CONTENT=""/>
                    </TextLine>

                    <TextLine ID="line_31" HPOS="317" VPOS="1301" WIDTH="786" HEIGHT="70" BASELINE="317 1345 798 1341 929 1349 1103 1369" TAGREFS="TYPE_1">
                        <Shape>
                            <Polygon POINTS="317 1345 317 1362 357 1355 394 1360 395 1360 396 1360 428 1352 444 1359 445 1359 446 1359 476 1353 546 1359 547 1359 548 1359 564 1352 604 1352 654 1366 655 1366 656 1366 657 1366 658 1366 680 1353 703 1353 725 1365 726 1365 727 1365 728 1365 753 1354 774 1364 775 1364 776 1364 777 1364 801 1354 847 1360 848 1360 849 1360 862 1355 907 1356 957 1367 958 1367 982 1362 1000 1370 1002 1370 1003 1370 1004 1371 1102 1371 1103 1369 1103 1322 1058 1316 1056 1316 1055 1316 1043 1320 1020 1311 1019 1311 1018 1311 1017 1311 1015 1311 1000 1321 987 1321 952 1321 951 1320 939 1314 938 1314 937 1314 902 1317 876 1305 875 1305 837 1305 836 1305 835 1305 808 1313 779 1304 778 1304 724 1304 723 1304 673 1315 605 1301 581 1301 580 1301 579 1301 578 1301 562 1313 495 1301 494 1301 442 1313 380 1313 357 1304 356 1304 355 1304 354 1304 353 1304 334 1315 317 1315 317 1345"/>
                        </Shape>
                        <String CONTENT=""/>
                    </TextLine>

                    <TextLine ID="line_32" HPOS="315" VPOS="1349" WIDTH="793" HEIGHT="69" BASELINE="315 1394 790 1392 946 1400 1108 1418" TAGREFS="TYPE_1">
                        <Shape>
                            <Polygon POINTS="315 1394 315 1410 357 1410 357 1409 358 1409 376 1400 414 1408 415 1408 656 1402 686 1409 687 1409 767 1405 778 1411 779 1411 780 1411 781 1411 819 1406 844 1415 845 1415 846 1415 847 1415 848 1415 858 1410 923 1410 961 1417 964 1417 1096 1418 1108 1418 1107 1373 1041 1367 1040 1367 1039 1367 1022 1372 1021 1372 1018 1372 995 1365 994 1365 993 1365 950 1371 949 1371 948 1371 931 1358 930 1358 929 1358 928 1358 927 1358 895 1368 855 1357 853 1357 852 1357 851 1357 839 1364 819 1353 818 1353 817 1353 773 1358 750 1352 749 1352 748 1352 747 1352 746 1352 738 1358 721 1352 720 1352 672 1352 670 1352 669 1352 668 1352 661 1358 649 1353 648 1353 647 1353 646 1353 645 1353 637 1360 599 1361 570 1351 568 1351 567 1351 566 1351 545 1362 519 1362 479 1349 478 1349 477 1349 426 1357 410 1350 409 1350 408 1350 407 1350 388 1354 356 1349 355 1349 354 1349 315 1362 315 1394"/>
                        </Shape>
                        <String CONTENT=""/>
                    </TextLine>

                    <TextLine ID="line_33" HPOS="316" VPOS="1400" WIDTH="767" HEIGHT="77" BASELINE="317 1444 778 1442 910 1449 1083 1466" TAGREFS="TYPE_1">
                        <Shape>
                            <Polygon POINTS="317 1444 316 1455 337 1467 338 1467 339 1467 429 1458 460 1470 461 1470 462 1470 501 1462 515 1470 516 1470 517 1470 518 1470 535 1460 542 1457 594 1462 596 1462 597 1462 599 1462 690 1458 718 1458 728 1467 734 1471 735 1471 736 1471 737 1471 774 1469 790 1474 791 1474 792 1474 794 1474 805 1469 818 1463 838 1470 840 1471 841 1471 842 1471 847 1471 900 1461 913 1471 914 1471 916 1471 917 1471 918 1471 933 1464 952 1474 958 1476 959 1476 1081 1477 1083 1466 1083 1421 926 1420 923 1419 898 1416 884 1405 883 1405 882 1405 881 1405 855 1410 837 1405 836 1405 835 1405 791 1409 784 1403 783 1403 782 1403 781 1403 780 1403 779 1403 765 1413 756 1407 755 1407 754 1407 753 1407 716 1415 690 1402 689 1402 688 1402 687 1402 686 1402 669 1413 636 1402 635 1402 634 1402 633 1402 601 1413 567 1401 566 1401 487 1400 486 1400 421 1410 407 1403 405 1403 404 1403 403 1403 384 1414 317 1414 317 1444"/>
                        </Shape>
                        <String CONTENT=""/>
                    </TextLine>

                    <TextLine ID="line_34" HPOS="540" VPOS="1453" WIDTH="387" HEIGHT="84" BASELINE="540 1502 755 1502 927 1509" TAGREFS="TYPE_1">
                        <Shape>
                            <Polygon POINTS="540 1502 540 1524 551 1521 557 1525 563 1530 564 1530 565 1530 566 1530 567 1530 577 1525 593 1519 646 1525 647 1525 648 1525 649 1525 649 1524 659 1517 706 1517 763 1519 779 1532 782 1535 783 1535 784 1535 785 1535 802 1533 844 1527 853 1534 855 1535 855 1536 856 1536 857 1536 858 1537 926 1537 927 1509 927 1473 875 1466 873 1466 872 1466 864 1469 858 1472 850 1469 835 1460 834 1460 832 1460 831 1460 814 1467 809 1468 783 1464 730 1459 729 1459 728 1459 720 1461 696 1469 673 1462 672 1462 670 1462 669 1462 648 1469 636 1457 633 1455 633 1454 632 1454 631 1454 607 1454 606 1454 605 1454 604 1454 602 1456 592 1464 581 1455 581 1454 580 1454 579 1454 540 1453 540 1502"/>
                        </Shape>
                        <String CONTENT=""/>
                    </TextLine>
</TextBlock>
                <TextBlock ID="block_0" HPOS="937" VPOS="1535" WIDTH="186" HEIGHT="69" TAGREFS="TYPE_6">
                    <Shape>
                        <Polygon POINTS="937.2649536132812 1535.1068115234375 1123.9698486328125 1535.1068115234375 1123.9698486328125 1604.54345703125 937.2649536132812 1604.54345703125 937.2649536132812 1535.1068115234375"/>
                    </Shape>
                    <TextLine ID="line_35" HPOS="936" VPOS="1530" WIDTH="181" HEIGHT="82" BASELINE="938 1572 1116 1583" TAGREFS="TYPE_1">
                        <Shape>
                            <Polygon POINTS="938 1572 936 1592 980 1593 985 1596 1017 1612 1018 1612 1019 1612 1082 1611 1083 1611 1084 1611 1094 1603 1097 1601 1113 1604 1116 1583 1117 1550 1090 1549 1087 1547 1073 1536 1072 1536 1071 1536 1070 1536 1069 1536 1046 1542 1044 1542 1011 1533 1010 1533 1009 1533 1008 1533 998 1538 990 1541 983 1536 973 1530 972 1530 971 1530 970 1530 940 1532 938 1572"/>
                        </Shape>
                        <String CONTENT=""/>
                    </TextLine>
</TextBlock>
            </PrintSpace>
        </Page>
    </Layout>
</alto>