<?xml version="1.0" encoding="UTF-8"?>
<alto xmlns:xsi="http://www.w3.org/2001/XMLSchema-instance"
    xmlns="http://www.loc.gov/standards/alto/ns-v4#"
    xsi:schemaLocation="http://www.loc.gov/standards/alto/ns-v4# http://www.loc.gov/standards/alto/v4/alto-4-3.xsd">
    <Description>
        <MeasurementUnit>pixel</MeasurementUnit>
        <sourceImageInformation>
            <fileName>bsb00027764_00165.jpg</fileName>
        </sourceImageInformation>
        <Processing ID="OCR_0">
            <processingCategory>other</processingCategory>
            <processingStepDescription>unknown</processingStepDescription>
            <processingSoftware>
                <softwareName>kraken</softwareName>
                <softwareVersion>4.3.13</softwareVersion>
            </processingSoftware>
        </Processing>
    </Description>
    <Tags>
        <OtherTag ID="TYPE_1" LABEL="DefaultLine"/>
        <OtherTag ID="TYPE_2" LABEL="GraphicZone-Maths"/>
        <OtherTag ID="TYPE_3" LABEL="TitlePageZone-Index"/>
        <OtherTag ID="TYPE_4" LABEL="MainZone-Lg"/>
        <OtherTag ID="TYPE_5" LABEL="MainZone-Date"/>
        <OtherTag ID="TYPE_6" LABEL="QuireMarksZone"/>
        <OtherTag ID="TYPE_7" LABEL="MainZone-Entry-Continued"/>
        <OtherTag ID="TYPE_8" LABEL="MainZone-Entry"/>
        <OtherTag ID="TYPE_9" LABEL="MainZone-P-Continued"/>
        <OtherTag ID="TYPE_10" LABEL="NumberingZone"/>
        <OtherTag ID="TYPE_11" LABEL="GraphicZone-TextualContent"/>
        <OtherTag ID="TYPE_12" LABEL="TableZone-Continued"/>
        <OtherTag ID="TYPE_13" LABEL="MainZone-Signature"/>
        <OtherTag ID="TYPE_14" LABEL="MainZone-Sp"/>
        <OtherTag ID="TYPE_15" LABEL="FigureZone-FigDesc"/>
        <OtherTag ID="TYPE_16" LABEL="RunningTitleZone"/>
        <OtherTag ID="TYPE_17" LABEL="TableZone"/>
        <OtherTag ID="TYPE_18" LABEL="MainZone-P"/>
        <OtherTag ID="TYPE_19" LABEL="TitlePageZone"/>
        <OtherTag ID="TYPE_20" LABEL="GraphicZone"/>
        <OtherTag ID="TYPE_21" LABEL="MainZone-Lg-Continued"/>
        <OtherTag ID="TYPE_22" LABEL="MainZone-Head"/>
        <OtherTag ID="TYPE_23" LABEL="DigitizationArtefactZone"/>
        <OtherTag ID="TYPE_24" LABEL="MainZone-Form"/>
        <OtherTag ID="TYPE_25" LABEL="MainZone-Sp-Continued"/>
        <OtherTag ID="TYPE_26" LABEL="GraphicZone-Head"/>
        <OtherTag ID="TYPE_27" LABEL="StampZone-Sticker"/>
        <OtherTag ID="TYPE_28" LABEL="FigureZone-Head"/>
        <OtherTag ID="TYPE_29" LABEL="MainZone-Other"/>
        <OtherTag ID="TYPE_30" LABEL="GraphicZone-Part"/>
        <OtherTag ID="TYPE_31" LABEL="DropCapitalZone"/>
        <OtherTag ID="TYPE_32" LABEL="MarginTextZone-ManuscriptAddendum"/>
        <OtherTag ID="TYPE_33" LABEL="FigureZone"/>
        <OtherTag ID="TYPE_34" LABEL="StampZone"/>
        <OtherTag ID="TYPE_35" LABEL="MainZone-List"/>
        <OtherTag ID="TYPE_36" LABEL="GraphicZone-Decoration"/>
        <OtherTag ID="TYPE_37" LABEL="AdvertisementZone"/>
        <OtherTag ID="TYPE_38" LABEL="TableZone-Head"/>
        <OtherTag ID="TYPE_39" LABEL="MarginTextZone-Notes"/>
        <OtherTag ID="TYPE_40" LABEL="GraphicZone-FigDesc"/>
        <OtherTag ID="TYPE_41" LABEL="MarginTextZone-Notes-Continued"/>
        <OtherTag ID="TYPE_42" LABEL="MainZone-List-Continued"/>
    </Tags>
    <Layout>
        <Page WIDTH="1177" HEIGHT="1883" PHYSICAL_IMG_NR="0" ID="page_0">
            <PrintSpace HPOS="0" VPOS="0" WIDTH="1177" HEIGHT="1883">
                <TextBlock ID="block_3" HPOS="92" VPOS="136" WIDTH="690" HEIGHT="60" TAGREFS="TYPE_16">
                    <Shape>
                        <Polygon POINTS="92.40606689453125 136.518798828125 782.0341796875 136.518798828125 782.0341796875 196.79689025878906 92.40606689453125 196.79689025878906 92.40606689453125 136.518798828125"/>
                    </Shape>
                    <TextLine ID="line_0" HPOS="92" VPOS="130" WIDTH="759" HEIGHT="76" BASELINE="93 185 538 178 698 171 851 172" TAGREFS="TYPE_1">
                        <Shape>
                            <Polygon POINTS="813 143 803 143 793 143 782 143 774 143 767 144 727 144 725 143 719 143 709 143 698 143 688 143 677 143 667 143 657 143 651 143 642 144 640 143 636 143 625 143 615 143 604 143 594 143 583 143 573 143 562 143 552 143 541 143 534 143 528 147 509 147 490 143 489 143 479 143 468 143 458 143 449 143 441 148 408 148 387 143 385 143 374 143 364 143 353 143 349 143 346 144 344 144 342 144 335 143 332 143 322 143 311 143 301 143 296 143 288 145 277 148 263 146 244 143 238 143 228 143 217 143 207 143 196 143 188 143 92 150 93 185 93 199 159 206 160 206 161 206 184 198 191 196 207 198 255 203 256 203 321 196 370 190 390 194 416 200 417 200 564 199 598 198 599 198 600 198 608 191 626 196 627 196 628 196 629 196 630 196 641 190 649 185 740 185 750 188 759 192 760 192 761 192 762 192 763 192 770 188 777 184 849 186 851 172 849 130 813 135 813 143"/>
                        </Shape>
                        <String CONTENT=""/>
                    </TextLine>
</TextBlock>
                <TextBlock ID="block_1" HPOS="60" VPOS="207" WIDTH="806" HEIGHT="1312" TAGREFS="TYPE_9">
                    <Shape>
                        <Polygon POINTS="60.39990234375 207.18765258789062 866.0462036132812 207.18765258789062 866.0462036132812 1519.611328125 60.39990234375 1519.611328125 60.39990234375 207.18765258789062"/>
                    </Shape>
                    <TextLine ID="line_1" HPOS="312" VPOS="227" WIDTH="317" HEIGHT="41" BASELINE="313 253 629 254" TAGREFS="TYPE_1">
                        <Shape>
                            <Polygon POINTS="626 227 616 227 605 227 595 227 584 227 574 227 563 227 553 227 546 227 541 231 517 231 513 227 511 227 501 227 490 227 480 227 469 227 459 227 448 227 438 227 427 227 417 227 406 227 396 227 391 228 378 230 372 228 369 227 365 227 354 227 347 227 344 229 341 230 313 230 313 253 312 265 550 262 552 263 557 267 558 267 559 267 560 268 608 268 608 267 609 267 628 261 629 254 628 227 626 227"/>
                        </Shape>
                        <String CONTENT=""/>
                    </TextLine>

                    <TextLine ID="line_2" HPOS="183" VPOS="256" WIDTH="853" HEIGHT="92" BASELINE="185 327 1036 303" TAGREFS="TYPE_1">
                        <Shape>
                            <Polygon POINTS="185 327 185 348 332 335 399 343 400 343 401 343 443 332 465 341 466 341 467 341 468 341 486 334 646 335 648 335 649 335 650 335 651 335 668 325 828 323 863 329 864 329 865 329 924 319 951 325 952 325 953 325 1036 324 1036 303 1034 263 1021 256 1020 256 1019 256 1017 256 986 264 984 264 983 264 970 257 969 257 968 257 967 257 937 264 920 268 891 265 822 257 821 257 820 257 793 266 775 273 734 267 722 266 721 266 720 266 717 267 699 276 603 277 574 269 571 269 570 269 569 269 568 269 552 280 517 280 469 271 453 268 451 268 421 271 356 280 346 273 343 270 342 270 341 270 340 270 310 274 267 278 183 276 185 327"/>
                        </Shape>
                        <String CONTENT=""/>
                    </TextLine>

                    <TextLine ID="line_3" HPOS="163" VPOS="321" WIDTH="690" HEIGHT="72" BASELINE="164 376 624 367 853 356" TAGREFS="TYPE_1">
                        <Shape>
                            <Polygon POINTS="164 376 164 389 202 393 204 393 205 393 206 393 214 388 219 384 244 387 272 390 273 390 274 390 281 386 287 382 386 380 410 382 450 387 451 387 485 380 503 377 513 379 530 384 531 384 532 384 685 375 706 374 710 374 738 379 739 379 766 373 780 370 851 370 853 356 851 331 829 326 828 326 798 331 782 321 781 321 780 321 779 321 735 322 734 322 691 334 663 327 662 327 661 327 616 336 601 327 600 327 599 327 598 327 597 327 596 327 583 337 582 338 546 338 545 338 529 332 528 332 527 332 526 332 507 339 491 328 490 328 489 328 488 328 417 330 416 330 393 343 392 343 371 331 370 331 369 331 368 331 336 342 329 335 329 334 328 334 327 334 303 333 302 333 301 333 300 333 283 344 270 335 269 335 268 335 267 335 266 335 251 343 236 335 235 335 234 335 233 335 232 335 221 345 163 348 164 376"/>
                        </Shape>
                        <String CONTENT=""/>
                    </TextLine>

                    <TextLine ID="line_4" HPOS="64" VPOS="370" WIDTH="790" HEIGHT="74" BASELINE="65 426 854 409" TAGREFS="TYPE_1">
                        <Shape>
                            <Polygon POINTS="65 426 65 444 112 436 221 440 250 441 251 441 263 439 302 429 420 428 428 433 434 437 435 437 436 437 437 437 464 436 465 436 473 432 485 425 538 425 550 428 564 434 566 434 567 434 568 434 569 434 575 428 579 425 608 426 672 430 673 430 707 423 710 423 712 423 753 429 754 429 755 429 773 421 776 420 787 421 833 424 834 424 835 424 854 418 854 409 852 378 820 378 809 370 808 370 807 370 806 370 805 370 784 379 781 380 779 379 762 373 761 373 760 373 684 382 667 384 619 384 617 383 605 375 604 375 603 375 602 375 601 375 600 375 590 381 489 377 488 377 487 377 486 377 469 388 467 389 433 390 414 390 413 389 397 379 396 379 395 379 394 379 348 380 347 380 346 380 330 391 329 391 322 391 291 391 280 382 279 382 278 382 277 382 231 388 206 383 205 383 204 383 202 383 193 392 64 397 65 426"/>
                        </Shape>
                        <String CONTENT=""/>
                    </TextLine>

                    <TextLine ID="line_5" HPOS="64" VPOS="422" WIDTH="789" HEIGHT="68" BASELINE="65 475 853 459" TAGREFS="TYPE_1">
                        <Shape>
                            <Polygon POINTS="65 475 65 490 220 490 220 489 221 489 222 489 227 486 229 484 238 485 260 489 261 489 292 484 311 481 321 483 334 487 335 487 336 487 383 482 410 479 423 481 450 485 451 485 453 485 463 480 468 477 513 477 523 478 548 483 549 483 550 483 551 483 558 478 561 475 571 477 605 482 606 482 690 473 709 472 717 473 753 479 754 479 853 469 853 459 850 422 795 432 734 432 726 425 725 425 723 425 722 425 721 425 720 425 702 434 598 435 573 430 556 427 555 427 526 432 490 437 432 435 359 432 358 432 326 438 312 440 300 439 263 434 262 434 261 434 260 434 260 435 254 440 252 442 245 440 227 435 225 435 224 435 223 435 210 441 206 443 200 442 185 437 184 437 183 437 182 437 157 443 151 444 142 443 94 438 93 438 92 438 64 445 65 475"/>
                        </Shape>
                        <String CONTENT=""/>
                    </TextLine>

                    <TextLine ID="line_6" HPOS="64" VPOS="470" WIDTH="792" HEIGHT="71" BASELINE="66 525 856 508" TAGREFS="TYPE_1">
                        <Shape>
                            <Polygon POINTS="66 525 66 533 115 541 116 541 117 541 139 534 160 539 161 539 162 539 200 534 262 538 263 538 373 529 396 535 397 535 398 535 468 526 474 525 574 524 575 524 582 530 583 530 584 530 585 530 586 530 599 524 600 523 726 522 727 522 752 528 753 528 754 528 755 528 756 528 767 520 856 518 856 508 854 473 806 470 805 470 804 470 803 470 803 471 800 474 795 480 755 483 639 484 628 478 625 475 624 475 623 475 622 475 621 475 615 479 609 481 591 479 559 475 558 475 557 475 539 480 519 485 495 481 473 478 472 478 471 478 470 478 465 482 456 488 446 482 441 479 440 479 439 479 412 479 411 479 363 480 361 480 350 484 336 489 322 485 313 483 312 483 311 483 310 483 304 485 290 492 150 493 134 489 124 486 123 486 122 486 64 490 66 525"/>
                        </Shape>
                        <String CONTENT=""/>
                    </TextLine>

                    <TextLine ID="line_7" HPOS="66" VPOS="522" WIDTH="792" HEIGHT="71" BASELINE="68 572 240 574 542 562 858 556" TAGREFS="TYPE_1">
                        <Shape>
                            <Polygon POINTS="68 584 111 593 112 593 114 593 129 584 155 592 156 592 157 592 244 587 245 587 246 587 253 582 379 586 380 586 381 586 382 586 396 577 398 576 441 576 444 576 473 584 474 584 476 584 555 574 567 573 574 574 630 580 631 580 632 580 648 572 649 571 700 570 713 571 790 577 791 577 857 566 858 556 855 522 699 531 688 526 681 523 680 523 678 523 608 524 607 524 595 529 583 533 554 530 551 530 550 530 547 530 517 535 484 532 444 528 443 528 442 528 426 533 416 537 410 534 399 529 398 529 397 529 396 529 381 535 380 535 378 535 354 530 353 530 352 530 351 530 342 536 335 539 329 536 323 534 322 534 321 534 320 534 309 537 301 539 297 537 286 532 285 532 284 532 283 532 282 532 274 538 268 541 241 541 237 539 233 535 232 535 231 535 230 535 229 535 211 540 199 542 189 540 156 534 155 534 66 545 68 572 68 584"/>
                        </Shape>
                        <String CONTENT=""/>
                    </TextLine>

                    <TextLine ID="line_8" HPOS="63" VPOS="564" WIDTH="796" HEIGHT="78" BASELINE="65 627 681 608 859 606" TAGREFS="TYPE_1">
                        <Shape>
                            <Polygon POINTS="65 627 65 642 281 642 281 641 282 641 296 634 314 640 315 640 317 640 368 631 389 628 396 630 414 637 415 637 416 637 459 636 460 636 487 627 498 625 523 626 566 629 567 629 568 629 584 624 591 623 597 624 629 630 630 630 631 630 632 630 632 629 641 623 643 620 675 620 689 621 738 627 739 627 740 627 756 621 849 622 850 622 851 622 852 622 859 617 859 606 857 569 835 564 834 564 833 564 832 564 826 569 817 576 785 571 784 571 783 571 782 571 774 577 711 574 710 574 673 580 659 573 651 570 650 570 649 570 631 574 598 581 586 575 584 573 583 573 582 573 581 573 570 575 539 581 513 576 498 574 496 574 495 574 489 577 473 585 456 578 451 576 450 576 449 576 431 578 400 582 393 579 388 577 387 577 386 577 385 577 378 579 361 586 353 581 352 581 351 581 350 581 349 581 314 591 285 581 283 581 282 581 281 581 280 581 278 582 255 592 223 588 222 588 221 588 206 594 166 584 163 584 162 584 161 584 160 584 130 596 106 586 104 585 103 585 102 585 63 586 65 627"/>
                        </Shape>
                        <String CONTENT=""/>
                    </TextLine>

                    <TextLine ID="line_9" HPOS="64" VPOS="618" WIDTH="795" HEIGHT="74" BASELINE="66 674 299 673 859 653" TAGREFS="TYPE_1">
                        <Shape>
                            <Polygon POINTS="66 674 66 686 155 686 164 692 165 692 166 692 167 692 235 690 236 690 237 690 245 684 252 689 253 689 254 689 255 689 371 686 453 675 455 675 456 675 538 681 539 681 637 669 642 669 644 669 672 676 673 676 674 676 675 676 676 676 687 668 707 673 708 673 709 673 710 673 711 673 720 667 721 667 722 667 832 668 833 668 859 662 859 653 857 625 836 618 835 618 834 618 833 618 809 627 807 628 766 628 764 627 750 620 749 620 748 620 707 621 706 621 688 629 684 630 650 629 594 628 593 628 579 631 561 634 455 633 438 633 437 633 428 633 334 642 301 636 290 634 289 634 288 634 283 637 262 645 228 645 175 639 167 638 166 638 132 639 131 639 130 639 117 648 64 641 66 674"/>
                        </Shape>
                        <String CONTENT=""/>
                    </TextLine>

                    <TextLine ID="line_10" HPOS="64" VPOS="665" WIDTH="793" HEIGHT="77" BASELINE="66 723 311 723 728 706 857 706" TAGREFS="TYPE_1">
                        <Shape>
                            <Polygon POINTS="66 723 66 735 146 734 148 734 170 742 171 742 172 742 213 735 311 738 312 738 343 735 344 735 345 735 345 734 352 729 352 728 354 728 379 736 380 736 381 736 857 713 857 706 855 665 778 676 717 669 716 669 715 669 682 677 671 671 670 671 669 671 641 671 629 671 628 671 627 671 598 681 585 675 584 675 583 675 582 675 556 686 521 687 502 687 490 677 489 677 488 677 487 677 486 677 485 677 471 686 454 676 453 676 451 676 421 677 420 677 419 677 405 690 318 691 305 686 304 686 303 686 239 694 184 690 183 690 182 690 169 695 149 688 148 688 147 688 106 695 93 688 92 688 64 688 66 723"/>
                        </Shape>
                        <String CONTENT=""/>
                    </TextLine>

                    <TextLine ID="line_11" HPOS="64" VPOS="712" WIDTH="792" HEIGHT="84" BASELINE="66 773 334 773 856 751" TAGREFS="TYPE_1">
                        <Shape>
                            <Polygon POINTS="66 773 66 786 128 796 129 796 130 796 159 786 234 791 235 791 236 791 258 785 307 789 308 789 340 783 536 783 536 782 591 770 622 777 623 777 723 765 726 764 823 762 842 772 843 772 844 772 845 772 846 772 846 770 856 760 856 751 852 712 784 723 757 717 756 717 755 717 692 726 662 718 661 718 660 718 659 718 627 730 561 731 504 723 503 723 502 723 439 736 396 736 379 729 378 729 377 729 376 729 355 737 344 730 343 730 342 730 341 730 283 740 267 732 266 732 265 732 234 733 233 733 232 733 216 743 170 743 161 736 160 736 159 736 157 736 114 741 64 738 66 773"/>
                        </Shape>
                        <String CONTENT=""/>
                    </TextLine>

                    <TextLine ID="line_12" HPOS="66" VPOS="765" WIDTH="789" HEIGHT="82" BASELINE="68 819 323 823 855 797" TAGREFS="TYPE_1">
                        <Shape>
                            <Polygon POINTS="68 819 68 835 109 835 110 835 125 846 126 846 127 846 128 847 151 847 151 846 152 846 153 846 153 845 165 835 236 843 237 843 349 831 404 836 405 836 406 836 408 836 419 828 453 834 454 834 495 826 549 831 550 831 583 829 584 829 607 819 627 824 628 824 629 824 630 824 651 815 709 813 731 812 732 812 753 819 754 819 755 819 756 819 777 810 778 810 783 810 828 813 829 813 855 807 855 797 853 772 821 766 820 766 819 766 794 773 793 773 763 765 762 765 761 765 717 775 692 767 691 767 690 767 689 767 662 777 658 779 597 780 594 779 578 772 577 772 576 772 575 772 547 780 521 775 519 775 518 775 496 782 489 784 474 783 435 778 434 778 433 778 420 784 416 786 413 784 399 779 398 779 397 779 396 779 395 779 388 785 385 787 371 786 330 781 329 781 328 781 304 787 265 783 264 783 263 783 245 789 234 793 199 791 174 789 173 789 172 789 160 792 150 795 146 792 139 789 138 789 137 789 66 796 68 819"/>
                        </Shape>
                        <String CONTENT=""/>
                    </TextLine>

                    <TextLine ID="line_13" HPOS="66" VPOS="813" WIDTH="790" HEIGHT="81" BASELINE="69 871 368 870 733 849 856 846" TAGREFS="TYPE_1">
                        <Shape>
                            <Polygon POINTS="69 871 69 882 115 882 116 882 156 894 157 894 159 894 280 882 296 889 297 889 298 889 333 882 350 887 351 887 352 887 353 887 354 887 364 879 380 886 381 886 382 886 485 882 486 882 515 871 542 880 544 880 545 880 546 880 584 866 585 866 599 870 600 870 601 870 602 870 603 870 608 865 609 864 640 864 661 864 684 873 685 873 686 873 687 873 718 860 856 855 856 846 855 823 827 813 826 813 825 813 824 813 808 819 784 813 783 813 742 822 694 817 693 817 692 817 659 826 615 825 614 825 613 825 612 825 607 828 601 832 570 832 563 829 551 822 550 822 549 822 548 822 547 822 547 823 539 829 537 829 487 824 486 824 485 824 468 830 454 836 439 831 438 831 437 831 436 831 435 831 434 831 421 837 405 833 404 833 403 833 366 840 350 833 349 833 348 833 347 833 318 841 304 834 300 832 299 832 298 832 297 832 296 832 293 834 284 842 267 837 266 837 265 837 264 837 244 844 221 840 220 840 156 847 120 837 118 837 117 837 116 837 66 838 69 871"/>
                        </Shape>
                        <String CONTENT=""/>
                    </TextLine>

                    <TextLine ID="line_14" HPOS="68" VPOS="858" WIDTH="786" HEIGHT="85" BASELINE="69 921 290 921 854 894" TAGREFS="TYPE_1">
                        <Shape>
                            <Polygon POINTS="69 935 124 935 138 943 139 943 140 943 141 943 169 942 170 942 186 936 318 936 319 936 320 936 345 927 394 932 395 932 445 922 492 928 493 928 494 928 524 918 532 924 533 924 534 924 568 925 569 925 570 925 602 916 626 921 627 921 628 921 651 913 703 915 704 915 734 909 762 917 763 917 764 917 765 917 766 917 784 906 835 910 836 910 838 910 854 902 854 894 851 866 801 858 800 858 799 858 775 868 773 868 760 868 642 865 641 865 640 865 622 872 614 875 605 872 590 868 589 868 587 868 548 874 533 876 522 875 491 871 490 871 489 871 477 876 464 882 373 885 356 879 347 877 346 877 345 877 297 880 296 880 295 880 293 881 283 890 190 893 154 886 151 886 150 886 144 886 102 892 68 889 69 921 69 935"/>
                        </Shape>
                        <String CONTENT=""/>
                    </TextLine>

                    <TextLine ID="line_15" HPOS="69" VPOS="910" WIDTH="785" HEIGHT="78" BASELINE="70 970 296 970 854 944" TAGREFS="TYPE_1">
                        <Shape>
                            <Polygon POINTS="70 984 146 988 147 988 853 953 854 944 851 914 807 910 806 910 754 917 739 919 734 918 717 914 716 914 715 914 714 914 703 919 698 921 676 920 627 918 626 918 625 918 609 923 605 924 602 923 590 918 589 918 587 918 586 918 570 924 564 926 561 925 548 920 547 920 546 920 545 920 525 926 517 928 511 927 492 922 491 922 490 922 489 922 488 922 488 923 483 928 480 931 458 929 409 925 408 925 381 926 380 926 379 926 379 927 374 933 371 935 341 934 303 933 302 933 261 937 222 941 190 940 121 937 120 937 69 945 70 970 70 984"/>
                        </Shape>
                        <String CONTENT=""/>
                    </TextLine>

                    <TextLine ID="line_16" HPOS="66" VPOS="957" WIDTH="786" HEIGHT="84" BASELINE="69 1022 280 1021 852 992" TAGREFS="TYPE_1">
                        <Shape>
                            <Polygon POINTS="69 1022 70 1038 142 1033 168 1033 173 1035 185 1041 186 1041 187 1041 285 1032 323 1035 324 1035 371 1028 401 1023 409 1026 418 1031 419 1031 420 1031 448 1030 449 1030 466 1024 477 1021 493 1023 518 1027 519 1027 521 1027 542 1022 566 1015 573 1019 578 1024 579 1024 580 1024 581 1024 614 1023 615 1023 634 1017 664 1009 757 1006 773 1012 779 1015 780 1015 781 1015 782 1015 791 1012 811 1004 852 1009 852 992 849 959 788 957 787 957 786 957 776 961 759 969 729 970 691 964 688 964 687 964 686 964 684 964 674 968 669 965 665 962 664 962 663 962 662 962 661 962 653 965 644 970 618 968 617 968 538 979 484 972 468 970 467 970 466 970 460 972 440 981 429 973 428 973 427 973 426 973 425 973 424 973 423 974 412 982 374 978 373 978 372 978 349 987 307 983 306 983 305 983 288 989 255 983 254 983 253 983 235 992 180 994 146 985 145 985 144 985 66 987 69 1022"/>
                        </Shape>
                        <String CONTENT=""/>
                    </TextLine>

                    <TextLine ID="line_17" HPOS="69" VPOS="1006" WIDTH="783" HEIGHT="78" BASELINE="70 1065 285 1069 852 1040" TAGREFS="TYPE_1">
                        <Shape>
                            <Polygon POINTS="70 1065 71 1084 295 1084 295 1083 336 1076 470 1076 471 1076 505 1069 557 1072 558 1072 665 1060 683 1059 688 1060 720 1065 721 1065 722 1065 748 1057 754 1055 799 1054 802 1055 807 1059 808 1059 809 1059 810 1059 852 1053 852 1040 850 1015 823 1006 822 1006 821 1006 744 1021 742 1021 741 1021 712 1011 711 1011 710 1011 709 1011 680 1022 665 1015 664 1015 663 1015 662 1015 644 1025 643 1026 631 1026 600 1026 571 1016 570 1016 569 1016 519 1018 518 1018 517 1018 503 1028 479 1022 478 1022 477 1022 476 1022 474 1022 461 1032 461 1033 444 1033 443 1033 428 1028 427 1028 426 1028 373 1035 345 1026 344 1026 343 1026 342 1026 295 1039 292 1040 241 1041 192 1042 174 1036 173 1036 94 1036 93 1036 92 1036 69 1048 70 1065"/>
                        </Shape>
                        <String CONTENT=""/>
                    </TextLine>

                    <TextLine ID="line_18" HPOS="68" VPOS="1055" WIDTH="787" HEIGHT="82" BASELINE="69 1116 305 1118 855 1091" TAGREFS="TYPE_1">
                        <Shape>
                            <Polygon POINTS="69 1116 70 1133 129 1130 134 1131 154 1137 155 1137 156 1137 206 1130 222 1137 223 1137 224 1137 302 1133 303 1133 304 1133 304 1132 312 1126 404 1129 405 1129 487 1117 555 1121 556 1121 640 1109 645 1109 648 1109 680 1115 681 1115 682 1115 700 1107 702 1107 738 1114 739 1114 740 1114 768 1104 770 1104 781 1104 795 1104 811 1113 812 1113 813 1113 815 1113 816 1113 829 1102 829 1101 855 1100 855 1091 852 1060 800 1055 799 1055 798 1055 797 1055 787 1062 783 1067 712 1070 702 1067 681 1060 680 1060 678 1060 582 1063 581 1063 551 1074 542 1076 533 1074 514 1071 513 1071 512 1071 511 1071 511 1072 506 1076 503 1079 479 1079 468 1077 435 1070 434 1070 433 1070 432 1070 420 1079 420 1080 397 1082 380 1081 343 1078 342 1078 341 1078 322 1084 315 1086 245 1089 242 1087 223 1078 222 1078 221 1078 220 1078 187 1090 185 1091 183 1091 165 1083 164 1083 163 1083 140 1087 119 1082 118 1082 117 1082 116 1082 68 1095 69 1116"/>
                        </Shape>
                        <String CONTENT=""/>
                    </TextLine>

                    <TextLine ID="line_19" HPOS="70" VPOS="1106" WIDTH="784" HEIGHT="84" BASELINE="72 1168 335 1167 564 1152 854 1141" TAGREFS="TYPE_1">
                        <Shape>
                            <Polygon POINTS="72 1168 72 1190 100 1190 101 1190 124 1180 151 1187 152 1187 153 1187 154 1187 176 1182 251 1183 287 1184 288 1184 350 1182 351 1182 352 1182 357 1178 364 1173 369 1177 372 1181 373 1181 374 1181 375 1181 432 1178 433 1178 442 1174 457 1167 587 1164 601 1167 624 1172 625 1172 626 1172 640 1166 653 1171 654 1171 655 1171 657 1171 658 1171 658 1170 665 1164 666 1163 668 1164 687 1170 688 1170 689 1170 690 1170 714 1162 723 1158 854 1154 854 1141 851 1109 794 1106 793 1106 767 1112 750 1115 747 1112 742 1108 741 1108 740 1108 739 1108 689 1109 688 1109 678 1114 668 1119 655 1115 646 1112 645 1112 644 1112 610 1113 609 1113 603 1116 583 1126 522 1126 504 1119 499 1117 498 1117 496 1117 495 1117 490 1119 464 1131 397 1131 386 1124 385 1124 383 1124 382 1124 381 1124 363 1135 202 1135 201 1135 200 1135 199 1135 192 1140 128 1130 127 1130 70 1130 72 1168"/>
                        </Shape>
                        <String CONTENT=""/>
                    </TextLine>

                    <TextLine ID="line_20" HPOS="72" VPOS="1160" WIDTH="781" HEIGHT="75" BASELINE="72 1216 335 1216 542 1203 853 1190" TAGREFS="TYPE_1">
                        <Shape>
                            <Polygon POINTS="72 1228 110 1227 117 1228 145 1235 146 1235 147 1235 359 1229 397 1227 398 1227 418 1217 419 1217 420 1217 451 1224 453 1224 454 1224 455 1224 465 1218 506 1221 507 1221 508 1221 526 1213 528 1213 537 1213 623 1217 624 1217 625 1217 626 1217 637 1210 637 1209 699 1208 720 1217 721 1217 722 1217 723 1217 759 1206 759 1205 853 1201 853 1190 851 1160 761 1160 760 1160 759 1160 753 1163 742 1167 737 1163 735 1161 734 1161 733 1161 732 1161 711 1164 669 1170 650 1166 643 1164 642 1164 641 1164 628 1166 605 1171 577 1168 556 1166 555 1166 554 1166 544 1169 522 1175 485 1171 466 1169 465 1169 464 1169 463 1169 460 1172 450 1178 423 1178 402 1173 394 1172 393 1172 392 1172 391 1172 391 1173 389 1174 382 1181 327 1183 214 1185 205 1181 199 1177 198 1177 197 1177 196 1177 190 1181 185 1183 179 1181 171 1178 170 1178 169 1178 168 1178 167 1178 163 1182 155 1187 132 1183 121 1181 120 1181 119 1181 108 1184 87 1189 72 1185 72 1216 72 1228"/>
                        </Shape>
                        <String CONTENT=""/>
                    </TextLine>

                    <TextLine ID="line_21" HPOS="69" VPOS="1207" WIDTH="786" HEIGHT="78" BASELINE="70 1263 305 1266 541 1253 855 1241" TAGREFS="TYPE_1">
                        <Shape>
                            <Polygon POINTS="70 1263 70 1276 109 1276 112 1276 139 1283 140 1283 141 1283 161 1279 175 1285 176 1285 177 1285 292 1277 401 1278 402 1278 446 1268 536 1275 537 1275 604 1268 605 1268 606 1268 618 1261 621 1261 654 1266 655 1266 750 1258 776 1264 777 1264 778 1264 779 1264 800 1256 801 1255 855 1254 855 1241 852 1207 729 1210 716 1212 667 1220 613 1216 584 1214 583 1214 566 1218 532 1226 496 1226 490 1221 485 1217 484 1217 483 1217 482 1217 481 1217 472 1221 461 1228 401 1224 391 1224 390 1224 389 1224 388 1224 388 1226 379 1231 269 1233 263 1230 255 1226 254 1226 253 1226 198 1233 173 1236 160 1234 115 1228 114 1228 112 1228 111 1228 97 1237 85 1229 84 1229 83 1229 82 1229 81 1229 80 1229 69 1235 70 1263"/>
                        </Shape>
                        <String CONTENT=""/>
                    </TextLine>

                    <TextLine ID="line_22" HPOS="70" VPOS="1256" WIDTH="784" HEIGHT="75" BASELINE="71 1312 307 1316 854 1291" TAGREFS="TYPE_1">
                        <Shape>
                            <Polygon POINTS="71 1312 71 1331 370 1331 370 1330 486 1322 487 1322 488 1322 488 1321 494 1316 541 1324 542 1324 623 1316 667 1320 668 1320 669 1320 712 1307 854 1302 854 1291 850 1256 772 1260 771 1260 755 1266 682 1263 681 1263 517 1275 481 1271 467 1269 466 1269 465 1269 464 1269 462 1272 455 1277 419 1274 398 1272 397 1272 396 1272 385 1275 366 1280 333 1277 309 1275 308 1275 307 1275 306 1275 302 1278 295 1282 244 1281 189 1279 188 1279 70 1287 71 1312"/>
                        </Shape>
                        <String CONTENT=""/>
                    </TextLine>

                    <TextLine ID="line_23" HPOS="69" VPOS="1304" WIDTH="786" HEIGHT="84" BASELINE="70 1362 361 1364 855 1342" TAGREFS="TYPE_1">
                        <Shape>
                            <Polygon POINTS="70 1378 126 1378 146 1388 147 1388 148 1388 185 1380 218 1387 219 1387 220 1387 238 1381 267 1386 268 1386 269 1386 283 1379 324 1384 325 1384 326 1384 346 1376 368 1381 369 1381 370 1381 371 1381 372 1381 383 1375 505 1378 506 1378 507 1378 542 1366 568 1371 569 1371 612 1363 613 1363 614 1363 643 1373 644 1373 645 1374 674 1374 674 1373 694 1372 695 1372 696 1372 710 1362 751 1366 752 1366 753 1366 775 1357 776 1356 855 1354 855 1342 853 1310 841 1304 840 1304 839 1304 739 1307 738 1307 737 1307 730 1313 705 1308 704 1308 703 1308 683 1314 667 1320 649 1316 647 1316 646 1316 645 1316 644 1316 629 1324 586 1324 572 1318 570 1317 569 1317 568 1317 562 1318 524 1326 491 1319 488 1319 487 1319 486 1319 484 1319 456 1328 412 1321 399 1319 398 1319 397 1319 389 1321 360 1330 232 1336 199 1336 183 1325 182 1325 180 1325 179 1325 175 1325 132 1335 111 1328 110 1328 69 1328 70 1362 70 1378"/>
                        </Shape>
                        <String CONTENT=""/>
                    </TextLine>

                    <TextLine ID="line_24" HPOS="68" VPOS="1358" WIDTH="787" HEIGHT="78" BASELINE="69 1410 365 1414 855 1392" TAGREFS="TYPE_1">
                        <Shape>
                            <Polygon POINTS="69 1410 69 1427 187 1425 188 1425 210 1435 211 1435 212 1436 244 1436 244 1435 344 1432 376 1424 427 1430 428 1430 429 1430 453 1421 470 1427 471 1427 472 1427 473 1427 498 1421 535 1426 536 1426 601 1424 602 1424 642 1412 644 1412 645 1412 668 1422 669 1422 670 1422 704 1421 705 1421 706 1421 722 1410 723 1409 772 1409 773 1409 788 1418 789 1418 790 1418 791 1418 855 1405 855 1392 852 1358 532 1378 431 1379 406 1371 405 1371 404 1371 403 1371 402 1371 401 1371 373 1379 363 1372 361 1372 360 1372 359 1372 358 1372 357 1372 347 1380 330 1373 329 1373 328 1373 327 1373 326 1373 325 1373 302 1382 285 1376 284 1376 283 1376 282 1376 281 1376 268 1385 231 1380 230 1380 229 1380 208 1387 68 1381 69 1410"/>
                        </Shape>
                        <String CONTENT=""/>
                    </TextLine>

                    <TextLine ID="line_25" HPOS="66" VPOS="1408" WIDTH="789" HEIGHT="77" BASELINE="68 1460 391 1462 855 1441" TAGREFS="TYPE_1">
                        <Shape>
                            <Polygon POINTS="68 1460 68 1477 140 1480 141 1480 142 1480 160 1475 175 1485 176 1485 177 1485 178 1485 216 1478 285 1481 286 1481 287 1481 288 1481 288 1480 295 1475 346 1480 347 1480 348 1480 373 1471 394 1477 395 1477 396 1477 428 1470 443 1477 444 1477 445 1477 512 1476 622 1462 672 1470 673 1470 738 1458 739 1458 781 1467 782 1467 783 1467 809 1456 809 1455 854 1454 855 1441 852 1408 794 1417 775 1410 774 1410 773 1410 760 1410 721 1412 720 1412 693 1424 667 1414 666 1414 665 1414 620 1421 602 1416 601 1416 600 1416 599 1416 569 1427 546 1419 545 1419 544 1419 512 1421 511 1421 510 1421 500 1430 478 1425 477 1425 300 1435 278 1428 277 1428 276 1428 212 1438 176 1427 175 1427 174 1427 143 1433 66 1430 68 1460"/>
                        </Shape>
                        <String CONTENT=""/>
                    </TextLine>

                    <TextLine ID="line_26" HPOS="63" VPOS="1458" WIDTH="785" HEIGHT="91" BASELINE="65 1509 381 1514 848 1490" TAGREFS="TYPE_1">
                        <Shape>
                            <Polygon POINTS="65 1509 65 1534 169 1534 170 1534 179 1541 180 1541 182 1541 183 1541 208 1539 231 1549 232 1549 233 1549 234 1549 261 1538 302 1544 303 1544 304 1544 325 1534 358 1546 359 1546 360 1546 482 1543 483 1543 542 1528 582 1535 583 1535 638 1526 690 1516 756 1524 771 1525 772 1525 780 1523 821 1513 847 1522 848 1490 845 1458 816 1460 815 1460 813 1460 804 1467 771 1460 770 1460 768 1460 767 1460 756 1469 736 1462 735 1462 734 1462 682 1469 647 1464 646 1464 645 1464 626 1472 601 1466 600 1466 599 1466 598 1466 580 1475 535 1469 534 1469 533 1469 510 1477 490 1469 489 1469 488 1469 487 1469 486 1469 486 1470 477 1478 447 1469 446 1469 445 1469 418 1470 417 1470 416 1470 403 1481 310 1482 295 1477 293 1477 292 1477 291 1477 270 1484 237 1479 236 1479 235 1479 208 1485 164 1479 163 1479 63 1480 65 1509"/>
                        </Shape>
                        <String CONTENT=""/>
                    </TextLine>
</TextBlock>
            </PrintSpace>
        </Page>
    </Layout>
</alto>