<?xml version="1.0" encoding="UTF-8"?>
<alto xmlns:xsi="http://www.w3.org/2001/XMLSchema-instance"
    xmlns="http://www.loc.gov/standards/alto/ns-v4#"
    xsi:schemaLocation="http://www.loc.gov/standards/alto/ns-v4# http://www.loc.gov/standards/alto/v4/alto-4-3.xsd">
    <Description>
        <MeasurementUnit>pixel</MeasurementUnit>
        <sourceImageInformation>
            <fileName>bsb00027764_00159.jpg</fileName>
        </sourceImageInformation>
        <Processing ID="OCR_0">
            <processingCategory>other</processingCategory>
            <processingStepDescription>unknown</processingStepDescription>
            <processingSoftware>
                <softwareName>kraken</softwareName>
                <softwareVersion>4.3.13</softwareVersion>
            </processingSoftware>
        </Processing>
    </Description>
    <Tags>
        <OtherTag ID="TYPE_1" LABEL="DefaultLine"/>
        <OtherTag ID="TYPE_2" LABEL="GraphicZone-Maths"/>
        <OtherTag ID="TYPE_3" LABEL="TitlePageZone-Index"/>
        <OtherTag ID="TYPE_4" LABEL="MainZone-Lg"/>
        <OtherTag ID="TYPE_5" LABEL="MainZone-Date"/>
        <OtherTag ID="TYPE_6" LABEL="QuireMarksZone"/>
        <OtherTag ID="TYPE_7" LABEL="MainZone-Entry-Continued"/>
        <OtherTag ID="TYPE_8" LABEL="MainZone-Entry"/>
        <OtherTag ID="TYPE_9" LABEL="MainZone-P-Continued"/>
        <OtherTag ID="TYPE_10" LABEL="NumberingZone"/>
        <OtherTag ID="TYPE_11" LABEL="GraphicZone-TextualContent"/>
        <OtherTag ID="TYPE_12" LABEL="TableZone-Continued"/>
        <OtherTag ID="TYPE_13" LABEL="MainZone-Signature"/>
        <OtherTag ID="TYPE_14" LABEL="MainZone-Sp"/>
        <OtherTag ID="TYPE_15" LABEL="FigureZone-FigDesc"/>
        <OtherTag ID="TYPE_16" LABEL="RunningTitleZone"/>
        <OtherTag ID="TYPE_17" LABEL="TableZone"/>
        <OtherTag ID="TYPE_18" LABEL="MainZone-P"/>
        <OtherTag ID="TYPE_19" LABEL="TitlePageZone"/>
        <OtherTag ID="TYPE_20" LABEL="GraphicZone"/>
        <OtherTag ID="TYPE_21" LABEL="MainZone-Lg-Continued"/>
        <OtherTag ID="TYPE_22" LABEL="MainZone-Head"/>
        <OtherTag ID="TYPE_23" LABEL="DigitizationArtefactZone"/>
        <OtherTag ID="TYPE_24" LABEL="MainZone-Form"/>
        <OtherTag ID="TYPE_25" LABEL="MainZone-Sp-Continued"/>
        <OtherTag ID="TYPE_26" LABEL="GraphicZone-Head"/>
        <OtherTag ID="TYPE_27" LABEL="StampZone-Sticker"/>
        <OtherTag ID="TYPE_28" LABEL="FigureZone-Head"/>
        <OtherTag ID="TYPE_29" LABEL="MainZone-Other"/>
        <OtherTag ID="TYPE_30" LABEL="GraphicZone-Part"/>
        <OtherTag ID="TYPE_31" LABEL="DropCapitalZone"/>
        <OtherTag ID="TYPE_32" LABEL="MarginTextZone-ManuscriptAddendum"/>
        <OtherTag ID="TYPE_33" LABEL="FigureZone"/>
        <OtherTag ID="TYPE_34" LABEL="StampZone"/>
        <OtherTag ID="TYPE_35" LABEL="MainZone-List"/>
        <OtherTag ID="TYPE_36" LABEL="GraphicZone-Decoration"/>
        <OtherTag ID="TYPE_37" LABEL="AdvertisementZone"/>
        <OtherTag ID="TYPE_38" LABEL="TableZone-Head"/>
        <OtherTag ID="TYPE_39" LABEL="MarginTextZone-Notes"/>
        <OtherTag ID="TYPE_40" LABEL="GraphicZone-FigDesc"/>
        <OtherTag ID="TYPE_41" LABEL="MarginTextZone-Notes-Continued"/>
        <OtherTag ID="TYPE_42" LABEL="MainZone-List-Continued"/>
    </Tags>
    <Layout>
        <Page WIDTH="1200" HEIGHT="1896" PHYSICAL_IMG_NR="0" ID="page_0">
            <PrintSpace HPOS="0" VPOS="0" WIDTH="1200" HEIGHT="1896">
                <TextBlock ID="block_2" HPOS="84" VPOS="146" WIDTH="647" HEIGHT="65" TAGREFS="TYPE_16">
                    <Shape>
                        <Polygon POINTS="84.89552307128906 146.9394073486328 731.156494140625 146.9394073486328 731.156494140625 211.51271057128906 84.89552307128906 211.51271057128906 84.89552307128906 146.9394073486328"/>
                    </Shape>
                    <TextLine ID="line_0" HPOS="88" VPOS="153" WIDTH="746" HEIGHT="62" BASELINE="88 184 533 200 834 194" TAGREFS="TYPE_1">
                        <Shape>
                            <Polygon POINTS="696 154 695 154 694 154 693 154 691 156 678 165 647 165 624 156 618 154 615 154 604 154 600 154 593 156 566 163 544 157 543 157 542 157 510 162 494 155 489 154 488 154 487 154 486 154 485 154 483 155 475 161 463 155 460 154 459 154 458 154 444 155 409 160 392 155 388 154 383 154 372 154 362 154 351 154 341 154 330 154 320 154 309 154 305 154 304 155 302 157 299 155 297 154 288 154 284 154 281 155 277 156 274 155 272 154 267 154 257 154 246 154 235 154 225 154 214 154 204 154 193 154 183 154 172 154 162 154 151 154 141 154 130 154 120 154 109 154 99 154 88 153 88 184 88 196 179 196 185 198 230 207 231 207 287 199 293 199 297 200 320 208 321 208 322 208 370 204 386 210 387 210 388 211 420 211 420 210 421 210 422 210 430 203 441 211 442 211 443 211 502 212 503 212 504 212 536 203 537 203 546 211 546 212 547 212 548 212 549 212 551 212 569 207 575 212 576 212 577 212 634 214 635 214 636 214 652 208 665 215 666 215 667 215 721 207 765 207 774 213 775 213 776 213 777 213 833 207 834 194 833 157 784 156 783 156 782 156 781 156 755 167 724 167 702 156 697 154 696 154"/>
                        </Shape>
                        <String CONTENT=""/>
                    </TextLine>
</TextBlock>
                <TextBlock ID="block_4" HPOS="49" VPOS="212" WIDTH="794" HEIGHT="114" TAGREFS="TYPE_25">
                    <Shape>
                        <Polygon POINTS="49.069297790527344 212.1063690185547 843.0430297851562 212.1063690185547 843.0430297851562 326.3256530761719 49.069297790527344 326.3256530761719 49.069297790527344 212.1063690185547"/>
                    </Shape>
                    <TextLine ID="line_1" HPOS="48" VPOS="220" WIDTH="791" HEIGHT="65" BASELINE="49 243 471 261 839 257" TAGREFS="TYPE_1">
                        <Shape>
                            <Polygon POINTS="745 224 739 225 712 231 698 225 696 224 692 224 681 224 678 224 633 230 619 224 618 224 607 224 597 224 586 224 576 224 573 224 508 229 363 227 353 224 344 224 333 224 323 224 316 224 313 225 308 224 302 224 291 224 281 224 270 224 260 224 249 224 243 224 239 224 228 224 218 224 207 224 197 224 186 224 175 224 165 224 154 224 144 224 133 224 123 224 112 224 102 224 91 224 81 224 70 224 60 224 58 220 49 220 49 243 48 260 213 263 234 270 235 270 237 270 238 270 260 265 277 271 278 271 279 271 296 268 309 277 310 277 311 277 312 277 313 277 336 268 347 278 348 278 349 278 350 279 391 279 391 278 392 278 394 278 407 269 455 280 456 280 517 273 530 281 532 281 564 282 565 282 624 277 700 284 701 284 762 274 809 285 810 285 811 285 838 274 839 257 838 226 746 224 745 224"/>
                        </Shape>
                        <String CONTENT=""/>
                    </TextLine>

                    <TextLine ID="line_2" HPOS="49" VPOS="263" WIDTH="641" HEIGHT="67" BASELINE="50 300 440 311 690 312" TAGREFS="TYPE_1">
                        <Shape>
                            <Polygon POINTS="50 294 50 300 49 315 88 320 89 320 103 317 122 312 142 318 154 321 155 321 156 321 178 318 204 314 235 319 272 324 273 324 274 324 276 324 281 320 284 317 299 320 324 325 325 325 345 321 358 318 375 321 406 327 407 327 451 322 464 321 473 322 501 329 502 329 536 324 548 330 549 330 551 330 689 325 690 312 690 284 556 284 552 281 535 273 534 273 502 272 501 272 500 272 473 280 466 281 313 279 307 277 266 267 265 267 187 274 184 274 182 274 147 265 146 265 145 265 144 265 125 273 112 265 111 265 110 265 76 263 75 263 74 263 55 270 50 294"/>
                        </Shape>
                        <String CONTENT=""/>
                    </TextLine>
</TextBlock>
                <TextBlock ID="block_1" HPOS="48" VPOS="330" WIDTH="799" HEIGHT="1254" TAGREFS="TYPE_14">
                    <Shape>
                        <Polygon POINTS="48.827545166015625 330.8140563964844 847.876708984375 330.8140563964844 847.876708984375 1584.996826171875 48.827545166015625 1584.996826171875 48.827545166015625 330.8140563964844"/>
                    </Shape>
                    <TextLine ID="line_3" HPOS="244" VPOS="348" WIDTH="402" HEIGHT="37" BASELINE="245 368 646 370" TAGREFS="TYPE_1">
                        <Shape>
                            <Polygon POINTS="625 348 624 348 623 348 612 353 605 348 603 348 596 348 586 353 569 348 561 348 554 348 541 352 537 348 529 348 519 348 515 348 483 352 469 348 466 348 456 348 445 348 416 352 414 352 412 352 408 348 403 348 392 348 382 348 371 348 361 348 350 348 340 348 329 348 323 348 245 350 245 368 244 376 482 385 483 385 645 378 646 370 646 354 626 348 625 348"/>
                        </Shape>
                        <String CONTENT=""/>
                    </TextLine>

                    <TextLine ID="line_4" HPOS="74" VPOS="372" WIDTH="767" HEIGHT="70" BASELINE="75 411 347 424 841 422" TAGREFS="TYPE_1">
                        <Shape>
                            <Polygon POINTS="75 411 74 426 178 428 212 439 213 439 214 439 215 439 231 430 282 440 283 441 407 441 407 440 408 440 434 430 445 440 446 440 447 440 484 441 485 441 526 435 537 440 538 440 539 440 592 436 604 442 605 442 606 442 652 432 671 440 672 440 673 440 674 440 693 435 720 440 721 440 722 440 723 440 734 433 735 432 738 433 760 439 761 439 762 439 840 433 841 422 840 390 821 390 820 389 803 378 802 378 801 378 800 378 799 378 777 384 665 382 664 382 644 385 620 389 598 384 597 384 596 384 595 384 594 384 593 384 573 390 559 383 552 380 551 380 549 380 530 383 490 389 460 381 459 381 458 381 457 381 456 381 455 381 443 389 319 389 283 379 282 379 281 379 237 387 204 374 203 374 202 374 75 372 75 411"/>
                        </Shape>
                        <String CONTENT=""/>
                    </TextLine>

                    <TextLine ID="line_5" HPOS="48" VPOS="428" WIDTH="794" HEIGHT="63" BASELINE="49 456 279 472 842 470" TAGREFS="TYPE_1">
                        <Shape>
                            <Polygon POINTS="49 456 48 476 408 489 409 490 508 490 508 489 509 489 535 482 561 488 562 488 563 488 705 483 780 491 781 491 841 481 842 470 842 447 818 433 817 433 816 433 815 433 814 433 780 443 745 441 744 441 743 441 742 441 737 445 735 447 699 446 697 444 685 436 684 436 683 436 682 436 681 436 659 444 657 444 656 443 641 433 640 433 639 433 638 433 637 433 610 442 597 446 589 442 575 432 574 432 573 432 572 432 571 432 541 441 526 445 468 445 458 440 457 440 456 440 408 445 369 438 368 438 367 438 366 438 355 445 322 445 302 435 298 432 297 432 296 432 294 432 290 433 262 444 211 435 210 435 209 435 198 440 187 431 185 429 184 429 183 429 49 428 49 456"/>
                        </Shape>
                        <String CONTENT=""/>
                    </TextLine>

                    <TextLine ID="line_6" HPOS="60" VPOS="476" WIDTH="780" HEIGHT="65" BASELINE="60 508 312 523 840 520" TAGREFS="TYPE_1">
                        <Shape>
                            <Polygon POINTS="60 508 60 527 125 527 151 538 152 538 153 538 194 530 316 539 317 539 388 534 490 539 492 539 493 539 512 532 525 537 526 537 527 537 589 531 611 540 612 540 613 540 703 532 759 541 760 541 761 541 780 531 839 531 840 520 839 492 815 486 814 486 813 486 783 490 778 491 776 490 768 486 766 486 765 486 740 490 729 491 723 489 698 480 697 480 660 479 598 479 597 479 596 479 595 479 585 486 579 491 493 491 447 484 422 480 421 480 420 480 412 483 396 489 362 482 351 480 350 480 349 480 348 480 347 481 336 490 318 490 303 484 302 484 301 484 279 488 267 480 265 478 264 478 263 478 230 478 229 478 228 478 227 478 226 479 213 487 188 478 184 477 183 477 182 477 181 477 176 478 152 484 140 477 139 476 138 476 136 476 60 476 60 508"/>
                        </Shape>
                        <String CONTENT=""/>
                    </TextLine>

                    <TextLine ID="line_7" HPOS="51" VPOS="526" WIDTH="788" HEIGHT="64" BASELINE="51 555 158 567 258 571 839 568" TAGREFS="TYPE_1">
                        <Shape>
                            <Polygon POINTS="51 577 127 577 128 577 143 589 144 589 145 589 146 589 147 589 176 579 257 589 258 590 303 590 303 589 304 589 305 589 311 583 321 589 322 589 323 589 324 589 382 584 395 588 396 588 397 588 438 582 547 589 548 589 549 589 551 589 565 580 606 580 631 589 632 589 633 589 634 589 635 589 645 580 664 586 665 586 666 586 667 586 700 577 752 584 753 584 838 576 839 568 838 540 811 529 810 529 809 529 808 529 782 539 780 539 778 539 758 534 757 534 756 534 755 534 754 534 748 538 746 539 745 538 732 528 731 528 730 528 706 526 705 526 645 537 628 539 619 536 600 529 599 529 598 529 597 529 585 536 579 539 574 535 562 526 561 526 560 526 536 526 535 526 534 526 519 534 508 540 439 540 419 532 416 531 415 531 414 531 390 531 380 532 379 532 378 532 368 540 278 540 265 529 264 528 263 528 262 528 239 528 238 528 237 528 233 529 193 539 161 536 150 527 149 526 148 526 147 526 51 526 51 555 51 577"/>
                        </Shape>
                        <String CONTENT=""/>
                    </TextLine>

                    <TextLine ID="line_8" HPOS="57" VPOS="576" WIDTH="783" HEIGHT="63" BASELINE="57 605 172 619 248 622 840 619" TAGREFS="TYPE_1">
                        <Shape>
                            <Polygon POINTS="57 625 222 629 250 638 251 638 252 639 448 639 448 638 449 638 477 628 489 638 490 638 492 638 493 638 494 638 509 631 524 638 525 638 526 638 564 631 602 638 603 638 674 626 683 625 724 626 734 626 764 638 765 638 766 638 768 638 787 628 821 633 822 633 823 633 840 626 840 619 838 590 804 589 795 582 794 582 793 582 792 582 791 582 770 587 754 576 753 576 752 576 706 576 705 576 704 576 703 576 703 577 696 582 689 577 687 577 686 577 685 577 638 586 620 590 567 590 561 585 557 581 556 581 555 581 535 581 534 581 533 581 532 581 528 584 520 590 504 590 486 583 474 579 473 579 471 579 470 579 469 579 465 583 456 589 410 583 409 583 336 589 299 581 298 581 297 581 280 590 220 590 199 578 195 576 194 576 193 576 192 576 180 578 153 582 138 577 134 576 133 576 57 576 57 605 57 625"/>
                        </Shape>
                        <String CONTENT=""/>
                    </TextLine>

                    <TextLine ID="line_9" HPOS="55" VPOS="623" WIDTH="780" HEIGHT="64" BASELINE="55 657 256 672 835 666" TAGREFS="TYPE_1">
                        <Shape>
                            <Polygon POINTS="55 678 167 678 178 686 179 686 180 686 181 687 469 687 469 686 518 681 546 686 547 686 548 686 572 681 596 685 597 685 598 685 611 679 667 684 669 684 703 677 788 677 814 683 815 683 816 683 817 683 835 676 835 666 833 623 808 623 807 623 805 623 765 637 738 624 737 624 736 624 700 626 699 626 678 637 646 627 645 627 644 627 643 627 620 638 572 638 559 626 558 626 557 626 556 626 508 635 457 626 456 626 407 629 406 629 405 629 395 637 363 631 362 631 361 631 360 631 351 638 234 638 222 628 221 628 220 628 167 623 55 623 55 657 55 678"/>
                        </Shape>
                        <String CONTENT=""/>
                    </TextLine>

                    <TextLine ID="line_10" HPOS="56" VPOS="674" WIDTH="782" HEIGHT="65" BASELINE="56 702 145 716 292 722 838 715" TAGREFS="TYPE_1">
                        <Shape>
                            <Polygon POINTS="56 728 409 739 410 739 535 732 556 738 557 738 558 738 559 738 583 728 617 736 618 736 675 726 788 737 789 737 790 737 791 737 807 725 838 723 838 715 836 674 819 674 818 674 817 674 816 674 793 687 736 675 735 675 707 680 696 675 695 675 694 675 693 675 669 687 636 683 635 683 634 683 633 683 621 693 526 694 499 677 498 677 497 677 496 677 495 677 494 677 469 694 385 681 384 681 383 681 356 696 289 696 274 686 273 686 272 686 271 686 270 686 269 686 259 696 238 696 162 688 145 678 144 678 143 678 57 678 56 702 56 728"/>
                        </Shape>
                        <String CONTENT=""/>
                    </TextLine>

                    <TextLine ID="line_11" HPOS="57" VPOS="709" WIDTH="65" HEIGHT="67" BASELINE="60 752 120 761" TAGREFS="TYPE_1">
                        <Shape>
                            <Polygon POINTS="57 758 115 776 120 761 122 719 99 725 66 709 60 752 57 758"/>
                        </Shape>
                        <String CONTENT=""/>
                    </TextLine>

                    <TextLine ID="line_12" HPOS="149" VPOS="726" WIDTH="684" HEIGHT="67" BASELINE="150 765 242 772 462 773 833 761" TAGREFS="TYPE_1">
                        <Shape>
                            <Polygon POINTS="150 765 150 784 195 784 214 793 215 793 217 793 260 783 305 789 306 789 307 789 322 783 338 789 339 789 340 789 341 789 360 784 381 788 382 788 383 788 384 788 384 787 389 783 479 788 480 788 481 788 482 788 492 782 499 788 500 788 501 788 502 788 539 781 559 787 560 787 561 787 624 777 665 785 666 785 667 785 669 785 679 777 705 781 706 781 833 772 833 761 830 735 766 735 762 735 712 726 711 726 710 726 709 726 695 735 680 726 679 726 678 726 677 726 653 735 646 738 615 738 608 735 593 728 592 728 572 728 571 728 569 728 568 728 561 736 556 740 502 740 497 736 490 731 489 731 488 731 487 731 486 731 470 736 458 740 445 736 441 735 440 735 439 735 438 735 431 736 420 739 416 736 408 732 407 732 406 732 405 732 404 732 394 736 381 743 297 743 283 737 277 734 276 734 274 734 207 735 206 735 199 737 179 744 169 737 167 736 166 736 165 736 164 736 149 737 150 765"/>
                        </Shape>
                        <String CONTENT=""/>
                    </TextLine>

                    <TextLine ID="line_13" HPOS="58" VPOS="771" WIDTH="774" HEIGHT="69" BASELINE="58 802 194 819 339 823 832 811" TAGREFS="TYPE_1">
                        <Shape>
                            <Polygon POINTS="58 827 162 827 237 840 238 840 290 835 325 839 326 839 327 839 328 839 336 833 362 838 363 838 488 837 489 837 510 827 528 836 529 836 530 836 573 828 608 833 610 833 611 833 626 826 644 833 645 833 646 833 647 833 678 822 705 826 706 826 832 819 832 811 828 779 823 781 821 779 812 771 811 771 810 771 809 771 808 771 781 779 766 783 753 779 745 777 744 777 743 777 742 777 741 777 739 779 731 785 703 779 693 777 692 777 691 777 685 779 669 786 644 779 634 776 633 776 632 776 631 776 621 779 586 791 557 779 544 774 543 774 542 774 541 774 530 779 513 787 497 779 496 779 495 779 494 779 464 793 340 793 319 783 318 783 317 783 316 783 315 783 297 795 254 795 223 792 207 781 206 781 205 781 204 781 203 781 183 788 58 779 58 802 58 827"/>
                        </Shape>
                        <String CONTENT=""/>
                    </TextLine>

                    <TextLine ID="line_14" HPOS="52" VPOS="808" WIDTH="67" HEIGHT="63" BASELINE="54 853 117 860" TAGREFS="TYPE_1">
                        <Shape>
                            <Polygon POINTS="54 853 52 867 79 864 115 871 117 860 119 830 90 826 82 817 79 812 77 812 77 811 76 811 75 811 58 808 54 853"/>
                        </Shape>
                        <String CONTENT=""/>
                    </TextLine>

                    <TextLine ID="line_15" HPOS="138" VPOS="821" WIDTH="696" HEIGHT="69" BASELINE="140 864 200 871 340 874 834 859" TAGREFS="TYPE_1">
                        <Shape>
                            <Polygon POINTS="140 864 140 885 357 890 358 890 450 882 486 886 487 886 488 886 503 880 542 884 543 884 576 877 642 882 643 882 644 882 663 873 664 873 681 873 814 875 815 875 816 875 834 868 834 859 832 830 777 823 776 823 775 823 759 828 744 821 743 821 742 821 741 821 740 821 730 830 705 823 704 823 703 823 702 823 684 830 675 823 674 823 673 823 672 823 671 823 652 831 645 833 640 831 619 823 618 823 617 823 616 823 594 832 586 834 578 832 564 827 563 827 562 827 533 832 505 836 495 832 488 830 487 830 486 830 485 830 480 833 471 837 457 833 454 832 453 832 451 832 450 832 449 832 448 833 440 839 399 839 386 833 378 830 377 830 376 830 352 834 310 841 290 834 286 833 285 833 258 833 257 833 256 833 252 835 237 842 221 835 219 834 218 834 217 834 138 835 140 864"/>
                        </Shape>
                        <String CONTENT=""/>
                    </TextLine>

                    <TextLine ID="line_16" HPOS="57" VPOS="863" WIDTH="777" HEIGHT="79" BASELINE="58 906 233 922 375 923 834 906" TAGREFS="TYPE_1">
                        <Shape>
                            <Polygon POINTS="58 906 58 929 191 927 192 927 225 942 226 942 227 942 228 942 249 936 400 939 401 939 438 931 446 937 447 937 448 937 449 937 450 937 451 937 461 932 512 933 513 933 514 933 515 933 515 932 519 929 526 934 527 934 528 934 529 934 530 934 546 927 580 930 581 930 582 930 583 930 593 923 632 927 633 927 634 927 652 920 773 932 774 932 775 932 776 932 791 920 799 924 800 924 801 924 802 924 834 915 834 906 830 863 814 872 804 865 803 865 802 865 801 865 769 866 768 866 732 879 692 866 691 866 690 866 689 866 647 882 622 873 621 873 620 873 619 873 596 882 575 874 574 874 573 874 572 874 546 886 519 874 518 874 517 874 516 874 456 890 396 890 367 880 366 880 365 880 364 880 343 892 302 892 292 884 291 884 290 884 289 884 288 884 265 892 251 880 250 880 249 880 248 880 247 880 208 893 175 880 174 880 173 880 172 880 154 884 145 876 144 876 143 876 142 876 57 876 58 906"/>
                        </Shape>
                        <String CONTENT=""/>
                    </TextLine>

                    <TextLine ID="line_17" HPOS="54" VPOS="909" WIDTH="41" HEIGHT="57" BASELINE="57 949 89 955" TAGREFS="TYPE_1">
                        <Shape>
                            <Polygon POINTS="57 949 54 960 86 966 89 955 95 916 64 909 57 949"/>
                        </Shape>
                        <String CONTENT=""/>
                    </TextLine>

                    <TextLine ID="line_18" HPOS="133" VPOS="923" WIDTH="701" HEIGHT="66" BASELINE="134 963 269 972 394 972 834 959" TAGREFS="TYPE_1">
                        <Shape>
                            <Polygon POINTS="134 963 134 981 225 981 234 989 235 989 237 989 238 989 239 989 263 982 296 989 297 989 322 983 510 984 512 984 513 984 526 978 598 979 599 979 600 979 620 974 647 981 648 981 650 981 651 981 652 981 665 972 679 972 750 971 751 971 770 976 771 976 772 976 773 976 774 976 783 970 785 970 834 970 834 959 832 923 800 923 799 923 798 923 797 923 766 934 748 924 746 924 745 924 743 924 717 930 683 925 679 925 678 925 675 925 619 937 510 934 509 934 508 934 507 934 498 940 350 942 337 934 336 934 335 934 333 934 294 942 282 936 281 936 280 936 279 936 278 936 268 943 224 935 223 935 133 935 134 963"/>
                        </Shape>
                        <String CONTENT=""/>
                    </TextLine>

                    <TextLine ID="line_19" HPOS="56" VPOS="965" WIDTH="778" HEIGHT="74" BASELINE="56 999 175 1017 304 1022 834 1008" TAGREFS="TYPE_1">
                        <Shape>
                            <Polygon POINTS="56 1027 150 1027 174 1039 175 1039 176 1039 178 1039 201 1029 221 1036 222 1036 304 1038 305 1038 429 1036 430 1036 449 1028 512 1032 513 1032 514 1032 532 1024 581 1034 582 1034 583 1034 608 1023 622 1029 623 1029 624 1029 680 1022 700 1032 701 1032 702 1032 703 1032 719 1023 834 1017 834 1008 833 983 800 970 799 970 798 970 797 970 770 978 739 965 738 965 712 965 711 965 710 965 679 981 675 984 644 985 634 981 603 969 602 969 580 969 579 969 578 969 546 980 528 988 492 988 473 979 468 978 467 978 466 978 465 978 464 978 462 979 446 989 338 981 337 981 336 981 316 991 280 984 279 984 219 992 197 977 195 976 194 976 193 976 56 976 56 999 56 1027"/>
                        </Shape>
                        <String CONTENT=""/>
                    </TextLine>

                    <TextLine ID="line_20" HPOS="63" VPOS="1018" WIDTH="769" HEIGHT="73" BASELINE="64 1057 304 1073 832 1058" TAGREFS="TYPE_1">
                        <Shape>
                            <Polygon POINTS="64 1057 64 1075 179 1075 207 1090 208 1090 209 1091 233 1091 233 1090 234 1090 235 1090 247 1082 329 1089 330 1089 331 1089 344 1082 412 1088 414 1088 415 1088 416 1088 426 1079 485 1087 486 1087 487 1087 512 1079 583 1081 584 1081 616 1075 631 1084 632 1084 633 1084 634 1084 635 1084 663 1072 684 1081 685 1081 686 1081 687 1081 725 1070 798 1079 799 1079 800 1079 832 1067 832 1058 830 1018 789 1018 788 1018 787 1018 785 1018 776 1024 751 1019 750 1019 749 1019 748 1019 733 1029 715 1019 714 1019 713 1019 712 1019 711 1019 690 1034 667 1028 666 1028 665 1028 538 1038 506 1029 505 1029 504 1029 503 1029 482 1040 465 1040 431 1028 430 1028 429 1028 428 1028 395 1041 371 1041 359 1033 358 1033 357 1033 356 1033 355 1033 353 1033 343 1041 316 1042 256 1042 243 1034 242 1034 241 1034 240 1034 239 1034 215 1042 198 1028 197 1028 195 1028 194 1028 193 1028 174 1038 160 1025 159 1025 158 1025 156 1025 63 1025 64 1057"/>
                        </Shape>
                        <String CONTENT=""/>
                    </TextLine>

                    <TextLine ID="line_21" HPOS="61" VPOS="1068" WIDTH="772" HEIGHT="76" BASELINE="61 1097 134 1114 280 1122 833 1106" TAGREFS="TYPE_1">
                        <Shape>
                            <Polygon POINTS="61 1127 187 1127 230 1143 231 1143 232 1144 254 1144 254 1143 256 1143 269 1136 302 1142 303 1142 401 1140 402 1140 422 1132 515 1138 516 1138 517 1138 518 1138 539 1124 593 1123 636 1135 637 1135 638 1135 639 1135 640 1135 655 1122 678 1120 717 1134 718 1134 719 1134 720 1134 749 1118 764 1124 765 1124 766 1124 833 1113 833 1106 829 1070 805 1076 787 1071 785 1071 784 1071 783 1071 759 1080 738 1071 731 1068 730 1068 729 1068 728 1068 726 1068 726 1069 723 1071 718 1076 692 1073 691 1073 690 1073 689 1073 674 1085 644 1079 643 1079 642 1079 622 1085 585 1073 579 1071 578 1071 577 1071 576 1071 575 1071 573 1073 552 1088 517 1074 516 1074 515 1074 514 1074 484 1089 397 1084 396 1084 395 1084 369 1091 353 1084 352 1084 351 1084 315 1093 286 1093 267 1078 266 1078 265 1078 264 1078 263 1078 234 1091 181 1082 180 1082 179 1082 178 1082 170 1089 123 1079 122 1079 121 1079 61 1080 61 1097 61 1127"/>
                        </Shape>
                        <String CONTENT=""/>
                    </TextLine>

                    <TextLine ID="line_22" HPOS="54" VPOS="1117" WIDTH="778" HEIGHT="73" BASELINE="55 1153 208 1169 316 1172 832 1156" TAGREFS="TYPE_1">
                        <Shape>
                            <Polygon POINTS="55 1153 55 1175 178 1176 199 1190 200 1190 201 1190 202 1190 250 1180 348 1188 349 1188 422 1179 463 1186 464 1186 465 1186 486 1176 500 1182 501 1182 502 1182 503 1182 526 1176 554 1181 555 1181 601 1171 631 1171 653 1181 654 1181 655 1181 656 1181 680 1173 739 1180 740 1180 741 1180 742 1180 763 1168 795 1172 796 1172 797 1172 832 1161 832 1156 830 1135 817 1135 816 1134 790 1117 789 1117 788 1117 787 1117 785 1117 784 1117 764 1133 750 1133 716 1133 667 1118 666 1118 665 1118 664 1118 635 1133 632 1135 591 1137 580 1133 565 1126 564 1126 563 1126 562 1126 543 1132 521 1140 513 1135 512 1135 510 1135 509 1135 385 1142 377 1136 376 1136 375 1136 332 1134 331 1134 330 1134 329 1134 319 1143 287 1144 260 1138 259 1138 258 1138 257 1138 244 1144 199 1130 197 1129 195 1129 194 1129 193 1129 190 1130 161 1138 131 1129 127 1128 126 1128 125 1128 54 1128 55 1153"/>
                        </Shape>
                        <String CONTENT=""/>
                    </TextLine>

                    <TextLine ID="line_23" HPOS="61" VPOS="1167" WIDTH="771" HEIGHT="74" BASELINE="63 1205 102 1205 183 1218 287 1221 414 1221 832 1207" TAGREFS="TYPE_1">
                        <Shape>
                            <Polygon POINTS="63 1205 63 1230 178 1229 180 1229 215 1241 217 1241 218 1241 219 1241 244 1232 263 1239 264 1239 265 1239 308 1233 321 1238 322 1238 323 1238 359 1233 398 1238 399 1238 400 1238 415 1231 468 1237 469 1237 470 1237 501 1228 529 1236 530 1236 532 1236 564 1229 596 1234 597 1234 598 1234 625 1223 631 1221 671 1221 674 1222 686 1232 687 1232 689 1232 690 1232 691 1232 715 1226 746 1231 748 1231 749 1231 750 1231 760 1221 761 1221 771 1221 797 1222 798 1222 799 1222 802 1221 812 1216 830 1220 832 1207 830 1178 799 1172 798 1172 797 1172 796 1172 788 1178 787 1178 785 1178 760 1167 759 1167 758 1167 757 1167 724 1178 711 1182 701 1178 679 1167 678 1167 677 1167 676 1167 642 1178 628 1182 617 1178 593 1168 592 1168 591 1168 589 1168 588 1168 575 1178 569 1182 561 1178 551 1173 549 1173 548 1173 522 1178 510 1180 507 1178 498 1171 497 1171 496 1171 495 1171 494 1171 479 1178 459 1188 397 1179 396 1179 395 1179 394 1179 381 1190 328 1185 327 1185 326 1185 310 1191 237 1189 235 1189 201 1194 148 1178 146 1178 145 1178 144 1178 61 1178 63 1205"/>
                        </Shape>
                        <String CONTENT=""/>
                    </TextLine>

                    <TextLine ID="line_24" HPOS="63" VPOS="1218" WIDTH="767" HEIGHT="71" BASELINE="63 1249 192 1267 276 1271 830 1260" TAGREFS="TYPE_1">
                        <Shape>
                            <Polygon POINTS="63 1274 150 1274 162 1280 163 1280 164 1280 165 1280 194 1279 210 1289 211 1289 212 1289 213 1289 243 1284 259 1289 260 1289 261 1289 294 1284 392 1288 394 1288 429 1279 460 1287 461 1287 462 1287 498 1285 499 1285 500 1285 508 1277 519 1286 520 1286 521 1286 522 1287 541 1287 541 1286 542 1286 571 1274 628 1285 630 1285 631 1285 653 1273 658 1271 675 1273 703 1278 704 1278 705 1278 717 1273 723 1271 829 1273 830 1260 827 1218 738 1233 713 1225 712 1225 711 1225 677 1231 646 1221 645 1221 644 1221 643 1221 599 1233 589 1227 588 1227 587 1227 586 1227 585 1227 584 1227 571 1238 521 1238 502 1228 501 1228 500 1228 499 1228 498 1228 483 1240 394 1240 350 1234 349 1234 348 1234 347 1234 339 1241 301 1241 232 1228 231 1228 230 1228 210 1238 188 1223 187 1223 186 1223 185 1223 184 1223 160 1231 146 1225 145 1225 64 1225 63 1249 63 1274"/>
                        </Shape>
                        <String CONTENT=""/>
                    </TextLine>

                    <TextLine ID="line_25" HPOS="53" VPOS="1273" WIDTH="776" HEIGHT="65" BASELINE="54 1294 162 1314 341 1321 829 1309" TAGREFS="TYPE_1">
                        <Shape>
                            <Polygon POINTS="54 1294 54 1324 139 1324 183 1336 184 1336 185 1336 238 1331 276 1338 277 1338 318 1330 328 1337 329 1337 330 1337 331 1338 386 1338 386 1337 438 1331 470 1336 471 1336 473 1336 498 1330 547 1335 548 1335 549 1335 571 1326 579 1331 580 1331 581 1331 582 1331 661 1322 682 1329 683 1329 684 1329 724 1322 741 1328 742 1328 743 1328 744 1328 761 1319 800 1325 801 1325 802 1325 829 1316 829 1309 827 1278 803 1273 802 1273 801 1273 800 1273 793 1278 784 1282 753 1277 748 1277 746 1277 740 1277 691 1285 670 1277 662 1275 661 1275 660 1275 659 1275 658 1275 656 1277 646 1286 585 1287 569 1281 568 1281 567 1281 566 1281 547 1287 522 1277 520 1276 519 1276 518 1276 512 1277 490 1281 481 1277 479 1276 478 1276 477 1276 476 1276 475 1276 474 1277 455 1289 380 1289 368 1282 367 1282 366 1282 365 1282 327 1289 309 1281 308 1281 246 1281 245 1281 244 1281 222 1289 184 1276 181 1275 180 1275 179 1275 53 1275 54 1294"/>
                        </Shape>
                        <String CONTENT=""/>
                    </TextLine>

                    <TextLine ID="line_26" HPOS="57" VPOS="1299" WIDTH="28" HEIGHT="62" BASELINE="63 1344 73 1347" TAGREFS="TYPE_1">
                        <Shape>
                            <Polygon POINTS="63 1344 57 1357 67 1361 73 1347 85 1302 74 1299 63 1344"/>
                        </Shape>
                        <String CONTENT=""/>
                    </TextLine>

                    <TextLine ID="line_27" HPOS="85" VPOS="1313" WIDTH="50" HEIGHT="64" BASELINE="88 1350 130 1358" TAGREFS="TYPE_1">
                        <Shape>
                            <Polygon POINTS="88 1350 85 1364 125 1377 130 1358 135 1318 94 1313 88 1350"/>
                        </Shape>
                        <String CONTENT=""/>
                    </TextLine>

                    <TextLine ID="line_28" HPOS="155" VPOS="1325" WIDTH="678" HEIGHT="63" BASELINE="156 1363 231 1369 437 1371 833 1361" TAGREFS="TYPE_1">
                        <Shape>
                            <Polygon POINTS="156 1363 158 1388 170 1383 206 1387 213 1388 214 1388 215 1388 219 1387 235 1381 290 1386 304 1387 305 1387 315 1386 346 1380 357 1385 361 1387 362 1387 363 1387 525 1385 526 1385 532 1383 543 1377 562 1381 572 1384 573 1384 589 1381 619 1377 645 1380 662 1383 663 1383 664 1383 672 1380 685 1375 697 1379 701 1381 702 1381 703 1381 721 1379 762 1374 832 1377 833 1361 831 1325 801 1325 800 1325 799 1325 798 1325 783 1337 761 1337 743 1329 742 1329 741 1329 740 1329 721 1335 707 1326 706 1326 705 1326 704 1326 698 1326 586 1340 558 1340 552 1334 552 1333 551 1333 549 1333 548 1333 466 1340 421 1330 419 1330 401 1330 400 1330 399 1330 398 1330 377 1344 320 1344 293 1332 292 1332 256 1332 254 1332 253 1332 252 1332 252 1333 243 1341 155 1334 156 1363"/>
                        </Shape>
                        <String CONTENT=""/>
                    </TextLine>

                    <TextLine ID="line_29" HPOS="54" VPOS="1368" WIDTH="941" HEIGHT="69" BASELINE="55 1394 163 1412 322 1420 995 1413" TAGREFS="TYPE_1">
                        <Shape>
                            <Polygon POINTS="55 1394 55 1421 160 1421 164 1421 214 1431 362 1437 363 1437 495 1436 496 1436 497 1436 506 1430 572 1436 573 1436 574 1436 600 1429 620 1435 621 1435 622 1435 623 1435 643 1429 667 1433 669 1433 670 1433 689 1425 734 1429 735 1429 736 1429 756 1421 834 1421 906 1435 907 1435 908 1435 909 1435 922 1426 960 1430 961 1430 962 1430 995 1419 995 1413 992 1380 966 1383 961 1379 950 1372 949 1372 948 1372 947 1372 946 1372 929 1377 909 1368 908 1368 907 1368 906 1368 888 1377 868 1378 818 1383 802 1378 771 1368 770 1368 734 1368 733 1368 732 1368 731 1368 717 1376 699 1373 698 1373 697 1373 687 1377 681 1379 672 1376 650 1370 648 1370 647 1370 598 1376 561 1380 554 1375 546 1370 545 1370 544 1370 543 1370 542 1370 530 1375 514 1384 429 1376 428 1376 427 1376 403 1385 345 1385 245 1375 244 1375 243 1375 208 1386 171 1386 131 1371 127 1370 126 1370 125 1370 54 1370 55 1394"/>
                        </Shape>
                        <String CONTENT=""/>
                    </TextLine>

                    <TextLine ID="line_30" HPOS="54" VPOS="1420" WIDTH="942" HEIGHT="67" BASELINE="54 1445 178 1464 272 1470 996 1464" TAGREFS="TYPE_1">
                        <Shape>
                            <Polygon POINTS="54 1472 213 1475 253 1487 254 1487 256 1487 541 1485 594 1476 655 1486 656 1486 657 1486 658 1486 672 1476 720 1475 753 1482 754 1482 755 1482 771 1473 774 1471 819 1471 824 1473 851 1485 852 1485 853 1485 854 1485 893 1474 914 1484 915 1484 916 1484 948 1477 969 1485 970 1485 971 1485 972 1485 996 1473 996 1464 994 1424 968 1420 967 1420 966 1420 957 1423 942 1428 934 1423 931 1420 930 1420 929 1420 928 1420 927 1420 918 1423 897 1430 879 1424 878 1424 877 1424 876 1424 849 1436 757 1423 744 1421 743 1421 736 1423 675 1437 637 1429 636 1429 635 1429 634 1429 619 1438 552 1438 543 1432 542 1432 541 1432 540 1432 539 1432 538 1432 529 1438 443 1438 424 1432 423 1432 422 1432 421 1432 420 1432 408 1439 343 1439 318 1429 317 1429 316 1429 243 1433 209 1423 208 1423 54 1423 54 1445 54 1472"/>
                        </Shape>
                        <String CONTENT=""/>
                    </TextLine>

                    <TextLine ID="line_31" HPOS="46" VPOS="1468" WIDTH="854" HEIGHT="68" BASELINE="47 1496 198 1514 294 1518 900 1514" TAGREFS="TYPE_1">
                        <Shape>
                            <Polygon POINTS="47 1496 46 1519 163 1522 191 1533 192 1533 193 1533 262 1529 338 1535 339 1535 445 1530 454 1535 455 1535 456 1535 457 1536 574 1536 574 1535 575 1535 576 1535 586 1528 608 1532 610 1532 611 1532 612 1532 623 1524 626 1522 637 1524 687 1535 689 1535 690 1535 726 1525 737 1522 750 1525 788 1534 789 1534 790 1534 820 1529 842 1535 843 1535 844 1535 846 1535 847 1535 860 1527 887 1533 888 1533 889 1533 890 1533 891 1533 899 1526 900 1514 900 1480 880 1474 879 1474 878 1474 877 1474 867 1479 861 1483 856 1479 837 1470 836 1470 835 1470 834 1470 811 1478 809 1479 802 1478 770 1473 769 1473 768 1473 756 1478 750 1480 743 1477 737 1475 736 1475 735 1475 734 1475 733 1475 730 1477 723 1483 712 1477 701 1473 700 1473 699 1473 698 1473 691 1477 677 1485 641 1476 622 1472 621 1472 620 1472 619 1472 613 1476 591 1489 563 1488 537 1475 536 1474 535 1474 534 1474 533 1474 532 1474 512 1490 463 1490 450 1482 449 1482 448 1482 447 1482 446 1482 431 1490 276 1490 243 1476 242 1476 241 1476 240 1476 224 1482 199 1471 198 1471 197 1471 164 1477 152 1469 151 1468 150 1468 149 1468 47 1468 47 1496"/>
                        </Shape>
                        <String CONTENT=""/>
                    </TextLine>

                    <TextLine ID="line_32" HPOS="61" VPOS="1521" WIDTH="769" HEIGHT="75" BASELINE="61 1545 175 1564 326 1571 830 1565" TAGREFS="TYPE_1">
                        <Shape>
                            <Polygon POINTS="830 1526 823 1521 822 1521 821 1521 820 1521 819 1521 818 1521 810 1526 796 1534 773 1535 725 1528 724 1528 723 1528 707 1535 684 1525 683 1525 682 1525 681 1525 680 1525 679 1525 666 1535 636 1536 606 1525 604 1524 603 1524 602 1524 601 1524 599 1525 565 1538 482 1538 453 1528 451 1528 450 1528 449 1528 428 1537 395 1527 394 1527 392 1527 391 1527 390 1527 377 1535 344 1527 343 1527 342 1527 341 1527 301 1537 277 1528 276 1528 274 1528 273 1528 243 1537 221 1522 220 1521 219 1521 218 1521 217 1521 210 1522 165 1529 141 1521 140 1521 139 1521 62 1521 61 1545 61 1578 155 1578 190 1595 191 1595 192 1596 266 1596 266 1595 267 1595 301 1586 316 1595 317 1595 318 1595 319 1596 376 1596 376 1595 377 1595 378 1595 386 1589 407 1595 408 1595 409 1596 525 1596 525 1595 526 1595 567 1581 581 1589 582 1589 583 1589 584 1590 620 1590 620 1589 621 1589 645 1578 694 1578 705 1587 706 1587 707 1587 709 1587 710 1587 719 1583 735 1589 736 1589 737 1589 738 1589 739 1589 750 1581 779 1588 780 1588 781 1588 829 1577 830 1565 830 1526"/>
                        </Shape>
                        <String CONTENT=""/>
                    </TextLine>
</TextBlock>
            </PrintSpace>
        </Page>
    </Layout>
</alto>