<?xml version="1.0" encoding="UTF-8"?>
<alto xmlns:xsi="http://www.w3.org/2001/XMLSchema-instance"
    xmlns="http://www.loc.gov/standards/alto/ns-v4#"
    xsi:schemaLocation="http://www.loc.gov/standards/alto/ns-v4# http://www.loc.gov/standards/alto/v4/alto-4-3.xsd">
    <Description>
        <MeasurementUnit>pixel</MeasurementUnit>
        <sourceImageInformation>
            <fileName>7326019.jpeg</fileName>
        </sourceImageInformation>
        <Processing ID="OCR_0">
            <processingCategory>other</processingCategory>
            <processingStepDescription>unknown</processingStepDescription>
            <processingSoftware>
                <softwareName>kraken</softwareName>
                <softwareVersion>4.3.13</softwareVersion>
            </processingSoftware>
        </Processing>
    </Description>
    <Tags>
        <OtherTag ID="TYPE_1" LABEL="DefaultLine"/>
        <OtherTag ID="TYPE_2" LABEL="MainZone-P"/>
        <OtherTag ID="TYPE_3" LABEL="MarginTextZone-Notes"/>
        <OtherTag ID="TYPE_4" LABEL="NumberingZone"/>
        <OtherTag ID="TYPE_5" LABEL="QuireMarksZone"/>
        <OtherTag ID="TYPE_6" LABEL="MainZone-List-Continued"/>
        <OtherTag ID="TYPE_7" LABEL="MainZone-Entry-Continued"/>
        <OtherTag ID="TYPE_8" LABEL="RunningTitleZone"/>
        <OtherTag ID="TYPE_9" LABEL="MainZone-Entry"/>
        <OtherTag ID="TYPE_10" LABEL="GraphicZone-Maths"/>
        <OtherTag ID="TYPE_11" LABEL="GraphicZone-FigDesc"/>
        <OtherTag ID="TYPE_12" LABEL="MainZone-P-Continued"/>
        <OtherTag ID="TYPE_13" LABEL="TableZone"/>
        <OtherTag ID="TYPE_14" LABEL="FigureZone-FigDesc"/>
        <OtherTag ID="TYPE_15" LABEL="FigureZone-Head"/>
        <OtherTag ID="TYPE_16" LABEL="MainZone-Head"/>
        <OtherTag ID="TYPE_17" LABEL="MainZone-Lg"/>
        <OtherTag ID="TYPE_18" LABEL="DropCapitalZone"/>
        <OtherTag ID="TYPE_19" LABEL="MainZone-Signature"/>
        <OtherTag ID="TYPE_20" LABEL="GraphicZone-Part"/>
        <OtherTag ID="TYPE_21" LABEL="GraphicZone-Decoration"/>
        <OtherTag ID="TYPE_22" LABEL="TitlePageZone-Index"/>
        <OtherTag ID="TYPE_23" LABEL="StampZone-Sticker"/>
        <OtherTag ID="TYPE_24" LABEL="MainZone-Lg-Continued"/>
        <OtherTag ID="TYPE_25" LABEL="MarginTextZone-Notes-Continued"/>
        <OtherTag ID="TYPE_26" LABEL="GraphicZone-Head"/>
        <OtherTag ID="TYPE_27" LABEL="MainZone-Form"/>
        <OtherTag ID="TYPE_28" LABEL="MainZone-Other"/>
        <OtherTag ID="TYPE_29" LABEL="AdvertisementZone"/>
        <OtherTag ID="TYPE_30" LABEL="MainZone-Sp-Continued"/>
        <OtherTag ID="TYPE_31" LABEL="TitlePageZone"/>
        <OtherTag ID="TYPE_32" LABEL="StampZone"/>
        <OtherTag ID="TYPE_33" LABEL="MainZone-Date"/>
        <OtherTag ID="TYPE_34" LABEL="GraphicZone-TextualContent"/>
        <OtherTag ID="TYPE_35" LABEL="TableZone-Continued"/>
        <OtherTag ID="TYPE_36" LABEL="FigureZone"/>
        <OtherTag ID="TYPE_37" LABEL="GraphicZone"/>
        <OtherTag ID="TYPE_38" LABEL="DigitizationArtefactZone"/>
        <OtherTag ID="TYPE_39" LABEL="MarginTextZone-ManuscriptAddendum"/>
        <OtherTag ID="TYPE_40" LABEL="MainZone-Sp"/>
        <OtherTag ID="TYPE_41" LABEL="MainZone-List"/>
        <OtherTag ID="TYPE_42" LABEL="TableZone-Head"/>
    </Tags>
    <Layout>
        <Page WIDTH="1000" HEIGHT="1547" PHYSICAL_IMG_NR="0" ID="page_0">
            <PrintSpace HPOS="0" VPOS="0" WIDTH="1000" HEIGHT="1547">
                <TextBlock ID="block_3" HPOS="185" VPOS="98" WIDTH="384" HEIGHT="41" TAGREFS="TYPE_8">
                    <Shape>
                        <Polygon POINTS="185.6627960205078 98.20603942871094 569.8177490234375 98.20603942871094 569.8177490234375 139.53785705566406 185.6627960205078 139.53785705566406 185.6627960205078 98.20603942871094"/>
                    </Shape>
                    <TextLine ID="line_0" HPOS="183" VPOS="87" WIDTH="394" HEIGHT="55" BASELINE="184 131 577 128" TAGREFS="TYPE_1">
                        <Shape>
                            <Polygon POINTS="184 131 184 141 203 138 223 140 234 142 235 142 236 142 240 140 248 137 254 140 258 142 259 142 260 142 283 140 298 138 314 139 355 141 356 141 357 141 372 137 380 135 387 137 399 140 400 140 401 141 469 141 469 140 470 140 471 140 478 135 479 134 483 135 506 140 507 140 556 135 562 140 563 140 564 140 564 140 565 140 577 133 577 128 575 92 490 92 487 91 478 87 478 87 477 87 476 87 475 87 470 91 466 94 441 94 435 91 431 88 430 88 429 88 429 88 414 91 404 93 392 91 379 88 378 88 341 91 280 95 211 90 207 90 206 90 205 90 204 90 196 95 183 90 184 131"/>
                        </Shape>
                        <String CONTENT=""/>
                    </TextLine>
</TextBlock>
                <TextBlock ID="block_2" HPOS="660" VPOS="96" WIDTH="74" HEIGHT="48" TAGREFS="TYPE_4">
                    <Shape>
                        <Polygon POINTS="660.0761108398438 96.56768798828125 734.35107421875 96.56768798828125 734.35107421875 144.4535369873047 660.0761108398438 144.4535369873047 660.0761108398438 96.56768798828125"/>
                    </Shape>
                    <TextLine ID="line_1" HPOS="658" VPOS="91" WIDTH="73" HEIGHT="54" BASELINE="658 129 731 129" TAGREFS="TYPE_1">
                        <Shape>
                            <Polygon POINTS="658 129 658 140 680 145 680 145 731 140 731 129 730 91 658 94 658 129"/>
                        </Shape>
                        <String CONTENT=""/>
                    </TextLine>
</TextBlock>
                <TextBlock ID="block_0" HPOS="721" VPOS="151" WIDTH="132" HEIGHT="62" TAGREFS="TYPE_3">
                    <Shape>
                        <Polygon POINTS="721.5220947265625 151.54745483398438 853.5819091796875 151.54745483398438 853.5819091796875 213.89529418945312 721.5220947265625 213.89529418945312 721.5220947265625 151.54745483398438"/>
                    </Shape>
                    <TextLine ID="line_2" HPOS="726" VPOS="178" WIDTH="127" HEIGHT="40" BASELINE="727 204 853 201" TAGREFS="TYPE_1">
                        <Shape>
                            <Polygon POINTS="727 204 727 216 781 213 803 217 809 218 810 218 811 218 812 218 813 217 821 212 852 216 853 201 852 183 817 178 816 178 726 185 727 204"/>
                        </Shape>
                        <String CONTENT=""/>
                    </TextLine>
</TextBlock>
                <TextBlock ID="block_4" HPOS="46" VPOS="158" WIDTH="688" HEIGHT="1136" TAGREFS="TYPE_12">
                    <Shape>
                        <Polygon POINTS="46.20426940917969 158.06985473632812 734.04541015625 158.06985473632812 734.04541015625 1294.7794189453125 46.20426940917969 1294.7794189453125 46.20426940917969 158.06985473632812"/>
                    </Shape>
                    <TextLine ID="line_3" HPOS="52" VPOS="140" WIDTH="802" HEIGHT="59" BASELINE="53 184 567 180 854 172" TAGREFS="TYPE_1">
                        <Shape>
                            <Polygon POINTS="53 184 53 197 98 194 110 196 118 199 119 199 120 199 121 199 131 196 144 193 159 195 171 198 172 198 254 197 276 194 294 191 305 193 320 196 321 196 322 196 328 193 333 190 350 193 374 195 374 195 375 195 383 192 389 189 396 192 405 195 406 195 407 195 423 191 429 190 432 191 442 195 443 195 444 195 521 194 521 194 539 189 546 188 552 189 570 193 570 193 627 192 670 187 680 186 687 187 717 191 718 191 719 191 735 186 738 185 746 186 773 189 773 189 853 183 854 172 852 146 807 141 806 141 805 141 789 146 786 147 684 147 680 146 663 141 662 141 591 140 590 140 561 146 552 148 529 146 473 141 472 141 472 141 455 146 441 151 389 146 355 144 354 144 353 144 348 146 340 151 332 146 325 143 325 143 324 143 297 146 250 153 204 152 196 146 192 145 191 145 190 145 124 146 123 146 120 146 110 151 52 147 53 184"/>
                        </Shape>
                        <String CONTENT=""/>
                    </TextLine>

                    <TextLine ID="line_4" HPOS="52" VPOS="187" WIDTH="668" HEIGHT="57" BASELINE="53 226 720 220" TAGREFS="TYPE_1">
                        <Shape>
                            <Polygon POINTS="53 226 53 244 78 243 79 243 79 243 90 236 245 236 283 239 300 241 301 241 318 239 340 236 346 238 350 240 351 240 352 240 353 240 359 238 369 234 394 238 404 238 404 238 429 237 463 234 467 236 474 239 475 239 476 239 506 235 511 235 517 235 575 238 576 238 576 238 585 234 623 238 624 238 719 231 720 220 719 195 703 187 702 187 701 187 664 193 624 187 623 187 622 187 607 192 539 188 539 188 538 188 537 188 524 196 500 189 499 189 498 189 497 189 477 197 432 198 377 198 360 190 359 190 358 190 357 190 337 199 309 199 301 193 300 193 300 193 299 193 298 193 289 196 276 190 275 190 274 190 273 190 272 190 260 199 239 199 222 192 221 192 172 192 171 192 171 192 145 199 99 192 98 192 98 192 97 192 85 201 52 201 53 226"/>
                        </Shape>
                        <String CONTENT=""/>
                    </TextLine>

                    <TextLine ID="line_5" HPOS="52" VPOS="233" WIDTH="672" HEIGHT="54" BASELINE="52 270 724 264" TAGREFS="TYPE_1">
                        <Shape>
                            <Polygon POINTS="52 280 65 287 66 287 67 287 171 280 198 280 212 286 213 286 214 286 300 284 301 284 302 284 309 278 339 278 390 284 391 284 419 278 520 283 521 283 521 283 534 276 541 282 542 282 543 282 544 282 581 276 616 281 617 281 618 281 630 275 669 281 670 281 724 274 724 264 723 240 682 233 681 233 638 239 625 242 584 242 578 239 562 234 561 234 560 234 559 234 558 234 552 239 548 242 527 243 498 243 494 239 490 236 490 236 489 236 488 236 487 236 486 236 481 239 478 241 473 239 466 237 466 237 465 237 448 239 423 243 369 239 336 237 335 237 323 238 302 243 289 238 288 238 287 238 286 238 279 238 241 242 233 238 230 238 229 238 167 238 166 238 165 238 164 238 151 245 126 245 116 238 115 238 114 238 113 238 111 238 71 243 52 238 52 270 52 280"/>
                        </Shape>
                        <String CONTENT=""/>
                    </TextLine>

                    <TextLine ID="line_6" HPOS="53" VPOS="275" WIDTH="670" HEIGHT="55" BASELINE="54 314 723 308" TAGREFS="TYPE_1">
                        <Shape>
                            <Polygon POINTS="54 314 54 324 153 324 154 324 165 328 166 328 167 328 214 324 216 324 217 324 233 330 234 330 235 330 236 330 258 323 261 323 268 323 336 329 337 329 366 323 411 328 411 328 441 323 527 327 527 327 558 322 624 326 625 326 625 326 638 319 639 319 642 319 673 325 674 325 723 318 723 308 720 275 699 281 689 275 688 275 687 275 687 275 668 281 656 275 655 275 654 275 627 275 626 275 604 275 603 275 602 275 595 282 546 282 534 276 532 275 531 275 530 275 529 275 526 277 510 282 497 279 496 279 496 279 407 283 393 278 390 277 389 277 388 277 387 277 382 279 368 283 339 279 329 278 279 278 278 278 267 280 243 285 226 281 220 279 219 279 218 279 217 279 210 281 195 285 174 281 160 279 159 279 159 279 153 281 145 287 100 287 94 282 92 280 91 280 90 280 89 280 53 282 54 314"/>
                        </Shape>
                        <String CONTENT=""/>
                    </TextLine>

                    <TextLine ID="line_7" HPOS="52" VPOS="320" WIDTH="675" HEIGHT="52" BASELINE="53 357 727 353" TAGREFS="TYPE_1">
                        <Shape>
                            <Polygon POINTS="53 357 53 366 158 372 159 372 196 366 199 366 202 366 231 372 232 372 314 372 314 372 347 366 353 365 355 366 367 371 368 371 368 371 433 366 456 364 462 366 477 370 478 370 478 370 509 366 521 364 525 366 535 370 536 370 537 370 538 370 556 366 563 363 626 363 631 366 637 369 638 369 638 369 639 369 640 369 651 366 659 363 674 366 698 369 699 369 699 369 700 369 705 365 709 363 726 365 727 353 725 323 703 321 702 321 701 321 698 323 690 326 683 323 676 320 675 320 674 320 655 324 632 327 620 324 611 321 610 321 609 321 608 321 601 324 590 329 509 329 503 325 493 321 492 321 491 321 490 321 472 326 464 328 454 326 431 322 430 322 429 322 417 327 411 329 380 327 328 324 327 324 326 324 313 328 308 330 277 330 276 329 267 323 266 323 265 323 264 323 263 323 238 330 235 330 217 330 216 330 206 323 205 323 204 323 203 323 131 327 72 324 71 324 70 324 52 330 53 357"/>
                        </Shape>
                        <String CONTENT=""/>
                    </TextLine>

                    <TextLine ID="line_8" HPOS="51" VPOS="363" WIDTH="675" HEIGHT="55" BASELINE="52 402 726 396" TAGREFS="TYPE_1">
                        <Shape>
                            <Polygon POINTS="52 402 52 412 142 418 143 418 144 418 145 418 153 411 153 411 203 411 205 411 243 417 244 417 276 410 278 410 281 410 325 416 325 416 348 412 375 415 376 415 377 415 378 415 384 411 432 415 433 415 434 415 435 415 442 409 443 409 450 409 516 415 517 415 518 415 537 409 544 414 545 414 546 414 546 415 610 415 610 414 611 414 612 414 622 408 622 407 725 406 726 396 723 368 656 370 650 369 628 363 627 363 626 363 571 370 559 371 554 370 533 364 532 364 531 364 495 371 491 371 490 371 475 365 474 365 435 365 434 365 391 366 390 366 389 366 382 372 380 373 332 373 328 372 309 367 308 367 307 367 284 373 282 373 281 373 270 366 269 366 269 366 247 366 246 366 209 373 181 367 180 367 179 367 178 367 169 374 168 375 145 375 138 375 101 371 100 371 80 375 69 369 68 369 67 369 67 369 51 374 52 402"/>
                        </Shape>
                        <String CONTENT=""/>
                    </TextLine>

                    <TextLine ID="line_9" HPOS="51" VPOS="405" WIDTH="675" HEIGHT="56" BASELINE="52 446 726 440" TAGREFS="TYPE_1">
                        <Shape>
                            <Polygon POINTS="52 446 53 461 76 455 142 459 143 459 144 459 145 459 153 454 165 460 165 460 166 461 194 461 194 460 195 460 196 460 204 453 273 453 281 459 282 459 282 459 283 460 304 460 304 459 318 458 381 454 400 458 401 458 402 458 403 458 429 452 461 458 466 458 466 458 467 458 468 458 468 457 477 451 522 456 523 456 558 450 595 450 601 456 602 456 603 456 604 457 641 457 641 456 642 456 643 456 643 455 652 449 675 455 676 455 677 455 678 455 680 455 705 451 725 454 726 440 723 405 638 406 632 407 600 412 577 408 567 406 566 406 565 406 564 406 561 408 553 413 530 409 522 408 521 408 521 408 516 409 507 413 502 409 499 407 498 407 497 407 496 407 467 408 466 408 461 410 454 415 386 415 382 412 380 410 380 410 379 410 378 410 368 412 356 415 354 413 349 409 348 409 347 409 304 409 303 409 302 409 301 409 294 414 290 415 282 414 258 409 257 409 257 409 243 415 240 416 164 416 163 416 157 411 156 411 155 411 154 411 126 417 124 417 122 417 66 411 65 411 64 411 51 417 52 446"/>
                        </Shape>
                        <String CONTENT=""/>
                    </TextLine>

                    <TextLine ID="line_10" HPOS="53" VPOS="450" WIDTH="805" HEIGHT="57" BASELINE="54 490 858 483" TAGREFS="TYPE_1">
                        <Shape>
                            <Polygon POINTS="54 490 54 507 81 500 154 499 172 505 173 505 174 505 175 505 176 505 198 499 251 502 251 502 277 498 302 502 311 504 312 504 326 502 347 500 367 501 385 503 386 503 386 503 391 501 398 498 423 501 447 503 447 503 448 503 461 500 477 496 510 499 547 502 548 502 656 501 680 496 688 495 702 496 742 501 743 501 744 501 745 501 754 495 754 495 756 495 769 499 770 499 771 499 772 499 785 495 788 494 858 494 858 483 856 454 756 458 742 454 729 450 728 450 619 450 618 450 617 450 608 454 592 450 591 450 590 450 589 450 574 455 556 461 457 461 448 455 446 453 445 453 444 453 443 453 442 453 438 455 427 459 408 455 390 452 389 452 388 452 381 455 376 458 299 462 270 456 256 452 255 452 230 453 229 453 223 456 209 462 199 456 195 453 194 453 193 453 176 453 175 453 128 454 127 454 122 456 108 464 84 456 77 454 76 454 75 454 53 456 54 490"/>
                        </Shape>
                        <String CONTENT=""/>
                    </TextLine>

                    <TextLine ID="line_11" HPOS="54" VPOS="496" WIDTH="662" HEIGHT="53" BASELINE="55 538 716 530" TAGREFS="TYPE_1">
                        <Shape>
                            <Polygon POINTS="55 538 55 548 78 544 110 548 122 549 123 549 129 548 147 544 157 547 159 548 159 548 160 548 240 547 241 547 242 547 242 546 247 543 311 546 322 546 323 546 326 546 349 541 396 545 402 545 403 545 405 545 427 540 484 544 490 544 491 544 492 544 494 544 513 539 558 544 560 544 561 544 562 544 573 538 613 543 613 543 664 538 714 542 716 530 714 502 671 496 670 496 669 496 644 503 639 504 624 503 553 498 552 498 552 498 537 504 535 505 532 505 515 501 514 501 477 505 470 506 466 506 435 499 435 499 434 499 416 504 368 500 368 500 367 500 342 506 298 501 297 501 296 501 286 506 276 501 275 501 274 501 220 507 173 502 172 502 171 502 156 510 54 511 55 538"/>
                        </Shape>
                        <String CONTENT=""/>
                    </TextLine>

                    <TextLine ID="line_12" HPOS="54" VPOS="538" WIDTH="670" HEIGHT="57" BASELINE="55 580 724 571" TAGREFS="TYPE_1">
                        <Shape>
                            <Polygon POINTS="55 580 55 595 72 588 127 588 134 593 134 593 135 593 136 593 140 593 189 587 263 591 297 592 298 592 315 589 341 586 356 588 366 590 367 590 368 590 376 588 389 585 394 587 398 590 398 590 399 590 400 590 588 588 646 583 696 587 697 587 724 580 724 571 723 545 670 538 669 538 589 546 587 547 491 547 470 540 469 540 468 540 467 540 466 540 459 545 424 542 423 542 423 542 411 548 390 543 389 543 388 543 322 549 315 544 314 544 313 544 257 543 257 543 256 543 255 543 246 550 245 550 243 550 228 545 227 545 226 545 226 545 225 545 218 550 216 551 188 551 187 550 178 544 177 544 177 544 147 544 147 544 146 544 145 544 138 550 122 544 121 544 120 544 119 544 99 551 97 552 95 551 83 545 82 545 81 545 54 551 55 580"/>
                        </Shape>
                        <String CONTENT=""/>
                    </TextLine>

                    <TextLine ID="line_13" HPOS="53" VPOS="583" WIDTH="675" HEIGHT="54" BASELINE="54 623 728 617" TAGREFS="TYPE_1">
                        <Shape>
                            <Polygon POINTS="54 623 54 635 159 637 159 637 160 637 175 634 184 631 187 634 190 636 191 636 192 636 193 637 268 637 268 636 297 635 298 635 299 635 303 632 306 629 390 629 393 630 404 635 404 635 405 635 456 635 456 635 457 635 466 629 467 629 474 629 525 634 526 634 527 634 539 629 540 629 589 629 607 634 607 634 608 634 609 634 622 628 623 628 625 628 658 633 659 633 660 633 661 633 668 627 728 626 728 617 725 583 613 590 595 585 594 585 593 585 558 590 530 585 528 585 527 585 527 585 501 592 449 592 435 586 435 586 434 586 431 586 388 592 320 592 312 587 311 587 310 587 309 587 305 587 276 593 231 587 225 587 224 587 223 587 222 587 213 593 53 590 54 623"/>
                        </Shape>
                        <String CONTENT=""/>
                    </TextLine>

                    <TextLine ID="line_14" HPOS="55" VPOS="628" WIDTH="675" HEIGHT="54" BASELINE="55 666 730 660" TAGREFS="TYPE_1">
                        <Shape>
                            <Polygon POINTS="55 666 55 677 147 676 150 676 175 682 176 682 177 682 190 676 209 682 210 682 211 682 212 682 213 682 223 675 225 675 258 675 283 675 301 681 302 681 303 681 304 681 319 676 338 680 339 680 340 680 341 680 349 675 355 680 356 680 357 680 358 680 359 680 374 674 390 680 391 680 392 680 422 673 424 673 428 673 475 678 476 678 584 678 585 678 601 673 644 678 644 678 729 670 730 660 728 634 655 629 654 629 607 634 580 628 579 628 578 628 559 635 558 635 552 635 478 629 477 629 476 629 475 629 467 635 466 635 454 635 361 630 360 630 331 636 328 636 326 636 309 630 308 630 307 630 306 630 292 636 289 637 278 636 224 631 223 631 222 631 221 631 214 637 212 638 208 637 194 632 193 632 142 632 141 632 141 632 140 632 131 637 128 640 76 640 73 638 67 634 66 634 65 634 64 634 63 634 55 637 55 666"/>
                        </Shape>
                        <String CONTENT=""/>
                    </TextLine>

                    <TextLine ID="line_15" HPOS="55" VPOS="670" WIDTH="675" HEIGHT="53" BASELINE="55 712 730 704" TAGREFS="TYPE_1">
                        <Shape>
                            <Polygon POINTS="55 712 55 723 278 717 282 720 284 721 285 721 286 721 287 721 337 719 392 716 405 718 429 721 429 721 430 721 440 717 445 715 465 716 499 719 500 719 518 715 525 715 530 715 549 719 550 719 585 715 592 714 607 714 705 717 705 717 730 711 730 704 728 674 655 670 654 670 653 670 645 674 638 678 526 678 519 675 517 673 516 673 515 673 515 673 514 673 510 675 502 679 372 677 371 677 370 677 353 681 295 681 288 676 287 674 286 674 285 674 284 674 270 676 244 680 225 676 217 675 216 675 209 677 183 683 148 678 147 678 147 678 128 684 96 677 92 677 92 677 55 677 55 712"/>
                        </Shape>
                        <String CONTENT=""/>
                    </TextLine>

                    <TextLine ID="line_16" HPOS="56" VPOS="714" WIDTH="674" HEIGHT="52" BASELINE="57 756 730 748" TAGREFS="TYPE_1">
                        <Shape>
                            <Polygon POINTS="57 756 57 766 730 763 730 748 726 714 711 720 674 715 665 714 664 714 663 714 661 715 650 721 635 715 631 715 631 715 594 715 593 715 592 715 591 715 588 716 584 719 561 717 547 716 546 716 546 716 545 716 543 717 536 721 457 720 429 719 429 719 428 719 424 720 416 723 405 721 397 718 396 718 395 718 394 718 393 718 390 721 387 723 379 721 370 719 369 719 368 719 368 719 360 721 352 724 288 723 132 720 131 720 130 720 116 727 115 727 84 723 83 723 56 727 57 756"/>
                        </Shape>
                        <String CONTENT=""/>
                    </TextLine>

                    <TextLine ID="line_17" HPOS="57" VPOS="758" WIDTH="670" HEIGHT="55" BASELINE="58 798 727 791" TAGREFS="TYPE_1">
                        <Shape>
                            <Polygon POINTS="58 798 58 812 121 813 122 813 134 811 162 807 220 809 252 811 253 811 254 811 261 809 272 806 289 808 307 811 308 811 309 811 319 807 331 805 354 807 380 810 381 810 382 810 383 810 388 807 393 804 432 804 437 806 446 809 447 809 447 809 532 804 555 803 565 804 609 807 610 807 611 807 620 803 622 801 726 801 727 791 726 765 710 758 709 758 708 758 707 758 696 764 643 758 642 758 641 758 640 758 630 765 587 759 586 759 552 766 533 760 532 760 531 760 530 760 506 767 488 767 478 760 478 760 477 760 476 760 439 765 417 761 416 761 415 761 390 768 344 764 343 764 343 764 330 768 309 762 308 762 307 762 275 769 256 763 255 763 254 763 211 770 132 766 131 766 108 770 67 765 66 765 65 765 64 765 57 770 58 798"/>
                        </Shape>
                        <String CONTENT=""/>
                    </TextLine>

                    <TextLine ID="line_18" HPOS="57" VPOS="802" WIDTH="672" HEIGHT="55" BASELINE="58 842 729 836" TAGREFS="TYPE_1">
                        <Shape>
                            <Polygon POINTS="58 842 58 850 149 857 150 857 151 857 152 857 152 856 159 850 159 850 171 850 343 856 344 856 419 850 507 854 508 854 595 849 602 849 607 849 646 852 647 852 648 852 656 849 662 846 728 848 729 836 727 807 632 802 631 802 611 807 598 811 458 811 451 808 441 805 440 805 439 805 417 809 404 812 399 809 396 806 395 806 394 806 393 806 392 806 392 806 386 809 386 809 360 805 359 805 358 805 349 809 343 813 278 813 268 810 254 807 253 807 252 807 251 807 242 811 237 813 205 811 160 808 159 808 159 808 153 812 147 814 141 812 132 807 131 807 130 807 129 807 116 812 110 813 57 813 58 842"/>
                        </Shape>
                        <String CONTENT=""/>
                    </TextLine>

                    <TextLine ID="line_19" HPOS="55" VPOS="847" WIDTH="673" HEIGHT="55" BASELINE="56 886 728 879" TAGREFS="TYPE_1">
                        <Shape>
                            <Polygon POINTS="56 886 56 895 73 895 80 901 81 901 82 901 83 902 134 902 134 901 135 901 136 901 146 894 185 900 186 901 213 901 213 900 214 900 214 900 224 894 296 899 297 899 298 899 309 893 338 898 339 898 392 892 430 898 431 898 514 891 640 896 641 896 682 890 707 894 708 894 709 894 728 887 728 879 726 854 693 847 693 847 692 847 679 854 678 854 675 854 652 849 651 849 650 849 642 854 640 855 620 854 571 851 570 851 570 851 561 854 556 856 483 856 478 855 466 849 465 849 411 849 411 849 381 855 366 857 337 855 312 853 311 853 310 853 309 853 306 855 300 858 288 855 273 851 272 851 271 851 252 856 245 856 236 856 224 854 223 854 222 854 219 856 212 859 188 856 165 852 164 852 55 856 56 886"/>
                        </Shape>
                        <String CONTENT=""/>
                    </TextLine>

                    <TextLine ID="line_20" HPOS="57" VPOS="888" WIDTH="673" HEIGHT="56" BASELINE="58 930 730 925" TAGREFS="TYPE_1">
                        <Shape>
                            <Polygon POINTS="58 930 58 940 118 944 119 944 170 939 177 939 177 939 182 943 183 943 184 943 226 944 227 944 228 944 239 939 276 939 346 939 392 943 393 943 521 941 522 941 532 936 533 936 534 936 559 941 560 941 561 941 576 936 587 941 588 941 588 941 627 936 705 941 706 941 707 941 730 935 730 925 728 891 659 888 658 888 657 888 656 888 652 892 644 897 616 898 569 892 539 889 538 889 537 889 536 889 530 893 521 898 508 893 498 890 497 890 474 890 473 890 472 890 462 894 451 899 423 899 410 895 394 890 393 890 392 890 342 892 341 892 327 896 315 900 304 897 297 894 296 894 295 894 294 894 288 897 277 902 237 902 231 898 223 892 222 892 221 892 220 892 220 892 208 898 203 900 199 898 193 895 192 895 191 895 190 895 183 898 177 900 171 898 165 896 164 896 163 896 162 896 161 896 158 898 151 903 95 903 87 899 73 895 73 895 72 895 71 895 57 899 58 930"/>
                        </Shape>
                        <String CONTENT=""/>
                    </TextLine>

                    <TextLine ID="line_21" HPOS="61" VPOS="935" WIDTH="669" HEIGHT="53" BASELINE="61 973 730 967" TAGREFS="TYPE_1">
                        <Shape>
                            <Polygon POINTS="61 973 61 983 153 988 154 988 283 981 293 981 294 981 306 986 306 986 307 987 347 987 347 986 377 980 380 980 382 980 413 985 414 985 415 985 416 985 424 980 425 979 461 979 468 979 524 984 525 984 552 978 555 978 557 978 572 984 573 984 574 984 613 979 633 984 634 984 635 984 636 984 636 983 641 978 730 977 730 967 730 941 711 935 711 935 710 935 709 935 697 941 662 941 642 935 641 935 640 935 639 935 638 935 630 941 541 936 540 936 539 936 539 936 529 943 478 943 466 937 466 937 465 937 464 937 453 941 428 938 427 938 385 943 374 939 374 939 373 939 372 939 361 943 349 938 348 938 347 938 346 938 324 944 258 939 257 939 257 939 245 945 243 945 156 940 155 940 154 940 141 945 134 941 134 941 133 941 71 941 70 941 69 941 68 941 61 945 61 973"/>
                        </Shape>
                        <String CONTENT=""/>
                    </TextLine>

                    <TextLine ID="line_22" HPOS="61" VPOS="977" WIDTH="670" HEIGHT="58" BASELINE="62 1019 731 1010" TAGREFS="TYPE_1">
                        <Shape>
                            <Polygon POINTS="62 1019 62 1034 196 1028 208 1032 220 1035 220 1035 221 1035 290 1034 291 1034 292 1034 297 1030 300 1027 307 1030 324 1034 325 1034 325 1034 355 1028 359 1028 361 1028 379 1033 380 1033 380 1033 381 1033 395 1028 399 1027 417 1027 419 1027 427 1033 428 1033 429 1033 429 1033 457 1027 518 1032 519 1032 582 1025 662 1030 663 1030 731 1021 731 1010 729 979 683 981 679 980 669 977 668 977 668 977 667 977 656 980 650 982 645 981 635 978 634 978 633 978 632 978 631 978 626 981 620 984 613 981 602 978 601 978 601 978 600 978 599 978 595 982 589 986 564 986 558 983 551 978 550 978 549 978 548 978 547 978 541 983 537 985 528 983 515 979 515 979 514 979 513 979 512 979 507 984 503 986 480 984 442 980 441 980 441 980 429 985 423 987 401 985 342 981 341 981 340 981 322 987 319 988 316 987 292 982 291 982 290 982 277 986 256 984 255 984 254 984 245 989 243 990 238 989 198 983 197 983 173 984 172 984 171 984 163 990 162 991 61 992 62 1019"/>
                        </Shape>
                        <String CONTENT=""/>
                    </TextLine>

                    <TextLine ID="line_23" HPOS="61" VPOS="1025" WIDTH="671" HEIGHT="52" BASELINE="61 1063 732 1054" TAGREFS="TYPE_1">
                        <Shape>
                            <Polygon POINTS="61 1063 61 1075 141 1073 148 1074 160 1077 161 1077 162 1077 163 1077 170 1074 176 1071 184 1074 189 1076 190 1076 190 1076 223 1074 279 1070 288 1073 296 1076 297 1076 298 1076 312 1073 329 1069 336 1072 341 1075 342 1075 343 1076 391 1076 391 1075 392 1075 392 1075 392 1074 395 1072 400 1067 505 1067 511 1070 512 1071 513 1071 514 1071 515 1071 515 1071 520 1070 537 1066 544 1070 546 1072 547 1072 548 1072 549 1072 732 1068 732 1054 730 1026 595 1030 582 1027 566 1025 565 1025 564 1025 564 1025 559 1028 557 1030 554 1028 549 1025 548 1025 547 1025 546 1025 523 1029 510 1031 503 1029 490 1026 490 1026 489 1026 488 1026 487 1026 482 1029 479 1032 395 1033 381 1031 352 1027 351 1027 350 1027 341 1032 338 1033 254 1034 242 1033 198 1029 197 1029 196 1029 180 1034 177 1035 172 1034 147 1030 147 1030 112 1036 109 1036 106 1036 84 1031 83 1031 82 1031 61 1036 61 1063"/>
                        </Shape>
                        <String CONTENT=""/>
                    </TextLine>

                    <TextLine ID="line_24" HPOS="60" VPOS="1064" WIDTH="672" HEIGHT="61" BASELINE="61 1106 732 1098" TAGREFS="TYPE_1">
                        <Shape>
                            <Polygon POINTS="61 1106 61 1118 76 1118 84 1119 103 1125 104 1125 104 1125 105 1125 116 1118 121 1116 151 1116 156 1118 167 1124 168 1124 169 1125 195 1125 195 1124 245 1117 267 1114 274 1117 288 1122 288 1122 289 1123 327 1123 327 1122 375 1115 387 1113 389 1115 397 1120 398 1120 398 1120 399 1121 462 1121 462 1120 463 1120 490 1113 498 1112 525 1112 527 1112 535 1118 536 1118 537 1118 538 1118 651 1118 652 1118 653 1118 663 1111 666 1109 730 1109 732 1098 730 1072 702 1072 701 1072 689 1064 688 1064 687 1064 687 1064 621 1065 620 1065 595 1074 592 1074 581 1074 462 1067 461 1067 460 1067 447 1074 438 1068 437 1068 436 1068 415 1068 414 1068 413 1068 412 1068 400 1076 400 1076 357 1076 356 1076 329 1069 328 1069 327 1069 300 1070 299 1070 298 1070 287 1077 286 1078 238 1078 236 1078 228 1073 227 1073 226 1073 226 1073 225 1073 224 1073 218 1078 217 1079 196 1079 196 1078 148 1071 147 1071 147 1071 146 1071 134 1079 133 1080 60 1080 61 1106"/>
                        </Shape>
                        <String CONTENT=""/>
                    </TextLine>

                    <TextLine ID="line_25" HPOS="61" VPOS="1110" WIDTH="670" HEIGHT="56" BASELINE="62 1149 731 1142" TAGREFS="TYPE_1">
                        <Shape>
                            <Polygon POINTS="62 1149 62 1159 88 1159 90 1159 98 1165 98 1165 99 1165 100 1165 101 1165 122 1160 134 1166 135 1166 136 1166 170 1159 176 1157 226 1157 246 1157 250 1159 260 1164 261 1164 262 1164 305 1158 322 1156 333 1158 358 1163 359 1163 403 1158 433 1155 453 1158 477 1161 478 1161 507 1158 536 1154 613 1154 631 1157 646 1160 647 1160 731 1156 731 1142 730 1116 679 1110 678 1110 677 1110 676 1110 668 1115 601 1111 600 1111 527 1117 509 1112 508 1112 507 1112 470 1118 360 1113 359 1113 358 1113 345 1118 331 1114 331 1114 330 1114 329 1114 328 1114 321 1119 321 1120 263 1120 262 1120 251 1115 251 1115 250 1115 249 1115 248 1115 242 1120 241 1121 160 1121 159 1121 142 1116 141 1116 141 1116 140 1116 123 1120 68 1117 67 1117 67 1117 66 1117 61 1119 62 1149"/>
                        </Shape>
                        <String CONTENT=""/>
                    </TextLine>

                    <TextLine ID="line_26" HPOS="62" VPOS="1153" WIDTH="668" HEIGHT="56" BASELINE="63 1193 730 1185" TAGREFS="TYPE_1">
                        <Shape>
                            <Polygon POINTS="63 1193 64 1207 73 1202 142 1202 152 1205 160 1209 161 1209 162 1209 181 1205 200 1201 230 1204 262 1207 263 1208 329 1208 329 1207 330 1207 331 1207 339 1202 346 1202 430 1205 431 1205 489 1199 505 1198 512 1198 536 1204 537 1204 596 1204 596 1204 615 1203 616 1203 617 1203 625 1197 627 1195 730 1194 730 1185 729 1161 711 1161 700 1153 699 1153 699 1153 698 1153 697 1153 678 1161 604 1154 603 1154 602 1154 567 1163 534 1163 516 1155 515 1155 515 1155 514 1155 513 1155 499 1164 482 1164 464 1155 463 1155 462 1155 418 1161 410 1156 409 1156 408 1156 407 1156 384 1163 373 1158 372 1158 263 1158 262 1158 261 1158 260 1158 245 1167 245 1167 241 1167 141 1164 141 1164 84 1168 74 1164 73 1164 73 1164 72 1164 62 1167 63 1193"/>
                        </Shape>
                        <String CONTENT=""/>
                    </TextLine>

                    <TextLine ID="line_27" HPOS="62" VPOS="1199" WIDTH="669" HEIGHT="53" BASELINE="63 1237 731 1229" TAGREFS="TYPE_1">
                        <Shape>
                            <Polygon POINTS="63 1237 63 1252 92 1246 139 1250 140 1250 141 1250 141 1250 148 1244 220 1244 244 1249 245 1249 245 1249 246 1249 253 1243 300 1243 731 1243 731 1229 729 1202 684 1205 673 1203 662 1199 661 1199 660 1199 659 1199 651 1203 644 1207 595 1207 589 1204 576 1199 576 1199 575 1199 574 1199 564 1204 558 1208 534 1208 530 1205 519 1199 518 1199 517 1199 516 1199 515 1199 507 1205 506 1206 504 1205 493 1202 492 1202 491 1202 490 1202 478 1206 472 1208 466 1206 441 1200 440 1200 439 1200 438 1200 437 1200 428 1207 425 1210 397 1210 392 1208 370 1201 369 1201 368 1201 368 1201 347 1209 343 1210 330 1209 235 1203 234 1203 233 1203 219 1210 193 1204 192 1204 191 1204 181 1210 176 1205 175 1205 174 1205 126 1204 125 1204 124 1204 108 1210 76 1204 75 1204 74 1204 73 1204 62 1211 63 1237"/>
                        </Shape>
                        <String CONTENT=""/>
                    </TextLine>

                    <TextLine ID="line_28" HPOS="60" VPOS="1237" WIDTH="669" HEIGHT="68" BASELINE="61 1282 729 1272" TAGREFS="TYPE_1">
                        <Shape>
                            <Polygon POINTS="61 1282 61 1295 139 1295 142 1296 177 1305 177 1305 178 1305 179 1305 180 1305 187 1300 241 1302 242 1302 243 1302 260 1295 301 1303 302 1303 303 1303 304 1303 315 1296 346 1299 347 1299 348 1299 362 1293 368 1291 373 1293 388 1299 389 1299 422 1301 423 1301 423 1301 438 1292 442 1290 447 1292 453 1296 454 1296 455 1296 456 1296 467 1292 468 1292 469 1292 481 1300 482 1300 483 1300 484 1300 484 1300 506 1292 514 1290 527 1292 571 1299 572 1299 654 1298 655 1298 656 1298 668 1290 674 1287 695 1287 700 1290 704 1293 705 1293 705 1293 706 1293 707 1293 708 1293 712 1290 716 1288 728 1290 729 1272 728 1246 696 1237 695 1237 694 1237 638 1247 637 1247 636 1247 613 1240 612 1240 611 1240 610 1240 609 1240 597 1247 596 1247 595 1247 559 1241 558 1241 558 1241 536 1248 534 1249 474 1249 472 1249 444 1241 443 1241 442 1241 398 1241 397 1241 378 1250 378 1251 353 1251 352 1251 343 1247 343 1247 342 1247 284 1250 269 1243 269 1243 268 1243 267 1243 257 1248 246 1244 245 1244 172 1244 171 1244 116 1246 116 1246 115 1246 105 1254 104 1255 60 1255 61 1282"/>
                        </Shape>
                        <String CONTENT=""/>
                    </TextLine>
</TextBlock>
                <TextBlock ID="block_1" HPOS="723" VPOS="459" WIDTH="135" HEIGHT="94" TAGREFS="TYPE_3">
                    <Shape>
                        <Polygon POINTS="723.9801025390625 459.960205078125 858.58349609375 459.960205078125 858.58349609375 553.4615478515625 723.9801025390625 553.4615478515625 723.9801025390625 459.960205078125"/>
                    </Shape>
                    <TextLine ID="line_29" HPOS="729" VPOS="490" WIDTH="130" HEIGHT="35" BASELINE="730 514 859 512" TAGREFS="TYPE_1">
                        <Shape>
                            <Polygon POINTS="730 514 730 525 859 524 859 512 857 490 729 494 730 514"/>
                        </Shape>
                        <String CONTENT=""/>
                    </TextLine>

                    <TextLine ID="line_30" HPOS="725" VPOS="518" WIDTH="83" HEIGHT="44" BASELINE="725 542 808 542" TAGREFS="TYPE_1">
                        <Shape>
                            <Polygon POINTS="725 542 725 559 780 562 781 562 782 562 783 562 783 562 789 556 790 556 808 556 808 542 808 525 784 518 783 518 782 518 781 518 770 523 765 525 758 522 746 518 745 518 744 518 725 519 725 542"/>
                        </Shape>
                        <String CONTENT=""/>
                    </TextLine>
</TextBlock>
            </PrintSpace>
        </Page>
    </Layout>
</alto>