<?xml version="1.0" encoding="UTF-8"?>
<alto xmlns:xsi="http://www.w3.org/2001/XMLSchema-instance"
    xmlns="http://www.loc.gov/standards/alto/ns-v4#"
    xsi:schemaLocation="http://www.loc.gov/standards/alto/ns-v4# http://www.loc.gov/standards/alto/v4/alto-4-3.xsd">
    <Description>
        <MeasurementUnit>pixel</MeasurementUnit>
        <sourceImageInformation>
            <fileName>7326017.jpeg</fileName>
        </sourceImageInformation>
        <Processing ID="OCR_0">
            <processingCategory>other</processingCategory>
            <processingStepDescription>unknown</processingStepDescription>
            <processingSoftware>
                <softwareName>kraken</softwareName>
                <softwareVersion>4.3.13</softwareVersion>
            </processingSoftware>
        </Processing>
    </Description>
    <Tags>
        <OtherTag ID="TYPE_1" LABEL="DefaultLine"/>
        <OtherTag ID="TYPE_2" LABEL="NumberingZone"/>
        <OtherTag ID="TYPE_3" LABEL="MainZone-Entry-Continued"/>
        <OtherTag ID="TYPE_4" LABEL="MainZone-Form"/>
        <OtherTag ID="TYPE_5" LABEL="MainZone-Lg"/>
        <OtherTag ID="TYPE_6" LABEL="DigitizationArtefactZone"/>
        <OtherTag ID="TYPE_7" LABEL="TableZone-Head"/>
        <OtherTag ID="TYPE_8" LABEL="MainZone-Sp"/>
        <OtherTag ID="TYPE_9" LABEL="MainZone-Sp-Continued"/>
        <OtherTag ID="TYPE_10" LABEL="TableZone-Continued"/>
        <OtherTag ID="TYPE_11" LABEL="MarginTextZone-ManuscriptAddendum"/>
        <OtherTag ID="TYPE_12" LABEL="GraphicZone-FigDesc"/>
        <OtherTag ID="TYPE_13" LABEL="MarginTextZone-Notes"/>
        <OtherTag ID="TYPE_14" LABEL="StampZone"/>
        <OtherTag ID="TYPE_15" LABEL="FigureZone"/>
        <OtherTag ID="TYPE_16" LABEL="MainZone-Head"/>
        <OtherTag ID="TYPE_17" LABEL="DropCapitalZone"/>
        <OtherTag ID="TYPE_18" LABEL="MainZone-Date"/>
        <OtherTag ID="TYPE_19" LABEL="MainZone-List-Continued"/>
        <OtherTag ID="TYPE_20" LABEL="FigureZone-Head"/>
        <OtherTag ID="TYPE_21" LABEL="GraphicZone-Head"/>
        <OtherTag ID="TYPE_22" LABEL="MainZone-P"/>
        <OtherTag ID="TYPE_23" LABEL="MainZone-Signature"/>
        <OtherTag ID="TYPE_24" LABEL="TitlePageZone-Index"/>
        <OtherTag ID="TYPE_25" LABEL="MainZone-Lg-Continued"/>
        <OtherTag ID="TYPE_26" LABEL="GraphicZone"/>
        <OtherTag ID="TYPE_27" LABEL="MarginTextZone-Notes-Continued"/>
        <OtherTag ID="TYPE_28" LABEL="GraphicZone-TextualContent"/>
        <OtherTag ID="TYPE_29" LABEL="GraphicZone-Maths"/>
        <OtherTag ID="TYPE_30" LABEL="GraphicZone-Part"/>
        <OtherTag ID="TYPE_31" LABEL="MainZone-Other"/>
        <OtherTag ID="TYPE_32" LABEL="FigureZone-FigDesc"/>
        <OtherTag ID="TYPE_33" LABEL="GraphicZone-Decoration"/>
        <OtherTag ID="TYPE_34" LABEL="MainZone-List"/>
        <OtherTag ID="TYPE_35" LABEL="MainZone-Entry"/>
        <OtherTag ID="TYPE_36" LABEL="AdvertisementZone"/>
        <OtherTag ID="TYPE_37" LABEL="TitlePageZone"/>
        <OtherTag ID="TYPE_38" LABEL="StampZone-Sticker"/>
        <OtherTag ID="TYPE_39" LABEL="MainZone-P-Continued"/>
        <OtherTag ID="TYPE_40" LABEL="TableZone"/>
        <OtherTag ID="TYPE_41" LABEL="RunningTitleZone"/>
        <OtherTag ID="TYPE_42" LABEL="QuireMarksZone"/>
    </Tags>
    <Layout>
        <Page WIDTH="1000" HEIGHT="1547" PHYSICAL_IMG_NR="0" ID="page_0">
            <PrintSpace HPOS="0" VPOS="0" WIDTH="1000" HEIGHT="1547">
                <TextBlock ID="block_0" HPOS="661" VPOS="95" WIDTH="65" HEIGHT="45" TAGREFS="TYPE_2">
                    <Shape>
                        <Polygon POINTS="661.4866943359375 95.08878326416016 726.9226684570312 95.08878326416016 726.9226684570312 140.3625030517578 661.4866943359375 140.3625030517578 661.4866943359375 95.08878326416016"/>
                    </Shape>
                    <TextLine ID="line_0" HPOS="683" VPOS="94" WIDTH="16" HEIGHT="46" BASELINE="684 129 697 130" TAGREFS="TYPE_1">
                        <Shape>
                            <Polygon POINTS="684 129 683 140 695 140 697 130 699 96 686 94 684 129"/>
                        </Shape>
                        <String CONTENT=""/>
                    </TextLine>
</TextBlock>
                <TextBlock ID="block_2" HPOS="204" VPOS="90" WIDTH="375" HEIGHT="40" TAGREFS="TYPE_41">
                    <Shape>
                        <Polygon POINTS="204.7371368408203 90.5802993774414 579.9931030273438 90.5802993774414 579.9931030273438 130.2267608642578 204.7371368408203 130.2267608642578 204.7371368408203 90.5802993774414"/>
                    </Shape>
                    <TextLine ID="line_1" HPOS="203" VPOS="120" WIDTH="380" HEIGHT="16" BASELINE="204 121 583 122" TAGREFS="TYPE_1">
                        <Shape>
                            <Polygon POINTS="582 120 573 120 564 120 556 120 547 120 539 120 530 120 521 120 513 120 504 120 496 120 487 120 478 120 470 120 461 120 453 120 444 120 435 120 427 120 418 120 410 120 401 120 392 120 384 120 375 120 367 120 358 120 349 120 341 120 332 120 324 120 315 120 306 120 298 120 289 120 281 120 272 120 263 120 255 120 246 120 238 120 229 120 220 120 212 120 204 120 204 121 203 128 239 134 239 134 240 134 258 129 259 129 261 129 304 134 305 134 324 130 331 129 336 131 349 134 349 134 350 134 384 132 403 130 405 132 408 134 408 135 409 135 410 135 411 136 484 136 484 135 496 134 521 130 526 134 527 134 527 134 528 134 530 134 559 131 582 135 583 122 582 120 582 120"/>
                        </Shape>
                        <String CONTENT=""/>
                    </TextLine>
</TextBlock>
                <TextBlock ID="block_1" HPOS="35" VPOS="139" WIDTH="690" HEIGHT="1140" TAGREFS="TYPE_39">
                    <Shape>
                        <Polygon POINTS="35.60615539550781 139.2803955078125 725.643310546875 139.2803955078125 725.643310546875 1279.001220703125 35.60615539550781 1279.001220703125 35.60615539550781 139.2803955078125"/>
                    </Shape>
                    <TextLine ID="line_2" HPOS="49" VPOS="134" WIDTH="673" HEIGHT="56" BASELINE="50 176 722 171" TAGREFS="TYPE_1">
                        <Shape>
                            <Polygon POINTS="50 176 50 186 123 190 124 190 201 185 208 185 216 190 217 190 218 190 219 190 361 184 362 184 370 190 371 190 372 190 373 190 479 184 496 189 496 189 497 189 528 183 557 189 558 189 582 184 588 189 589 189 590 189 591 189 691 188 721 181 722 171 719 139 652 140 650 139 641 134 640 134 639 134 617 140 607 142 513 142 511 140 498 135 497 135 496 135 468 141 466 141 462 141 418 136 417 136 357 142 349 143 349 142 338 137 337 137 303 137 302 137 301 137 300 137 292 143 291 144 213 144 204 138 203 138 202 138 174 138 173 138 172 138 171 138 163 144 137 139 136 139 135 139 119 145 111 139 110 139 110 139 92 139 91 139 90 139 89 139 80 146 49 146 50 176"/>
                        </Shape>
                        <String CONTENT=""/>
                    </TextLine>

                    <TextLine ID="line_3" HPOS="49" VPOS="183" WIDTH="674" HEIGHT="50" BASELINE="50 219 723 216" TAGREFS="TYPE_1">
                        <Shape>
                            <Polygon POINTS="50 219 50 228 203 233 204 233 261 228 268 233 269 233 269 233 270 233 271 233 272 233 281 227 282 227 314 227 315 227 326 232 327 232 328 232 372 227 374 227 375 227 389 232 390 232 391 233 447 233 447 232 448 232 464 227 471 232 472 232 472 232 473 232 507 226 510 226 514 226 538 232 539 232 539 232 553 226 554 226 555 226 579 232 580 232 581 232 597 226 598 226 619 232 619 232 620 232 667 226 705 232 706 232 707 232 723 226 723 216 722 191 692 184 691 184 690 184 689 184 681 190 681 191 611 191 610 190 601 183 601 183 600 183 599 183 598 183 582 189 580 190 560 189 506 187 505 187 504 187 500 189 495 192 483 192 479 189 473 184 472 184 472 184 452 184 451 184 450 184 449 184 444 189 440 192 389 192 381 189 371 184 370 184 330 184 329 184 328 184 327 184 323 188 318 192 278 192 264 188 257 185 256 185 255 185 254 185 246 187 233 190 187 187 164 185 163 185 162 185 161 185 159 187 153 191 130 186 123 185 85 185 84 185 83 185 81 186 73 190 49 186 50 219"/>
                        </Shape>
                        <String CONTENT=""/>
                    </TextLine>

                    <TextLine ID="line_4" HPOS="49" VPOS="226" WIDTH="672" HEIGHT="55" BASELINE="49 261 721 262" TAGREFS="TYPE_1">
                        <Shape>
                            <Polygon POINTS="49 261 49 276 137 280 138 280 166 277 219 273 245 278 256 280 257 280 257 280 262 278 276 273 333 273 343 279 343 280 344 280 345 280 346 280 347 280 350 279 367 273 386 279 387 279 388 279 389 279 390 279 391 279 397 275 404 279 405 281 406 281 407 281 408 281 409 281 412 279 424 274 479 280 493 281 494 281 495 281 496 281 496 280 505 274 535 280 540 281 541 281 542 281 543 281 544 280 552 275 586 280 587 280 588 280 588 280 598 274 662 274 680 281 681 281 682 281 720 281 721 262 719 227 649 234 607 228 600 227 599 227 598 227 596 228 586 233 537 234 524 229 521 227 520 227 496 227 495 227 494 227 490 229 478 234 441 234 425 230 420 228 419 228 418 228 404 230 388 232 385 230 378 226 377 226 278 226 277 226 276 226 276 226 269 231 264 234 82 234 79 232 70 229 69 229 68 229 49 232 49 261"/>
                        </Shape>
                        <String CONTENT=""/>
                    </TextLine>

                    <TextLine ID="line_5" HPOS="48" VPOS="271" WIDTH="675" HEIGHT="50" BASELINE="49 306 723 304" TAGREFS="TYPE_1">
                        <Shape>
                            <Polygon POINTS="49 306 49 320 316 315 328 317 343 321 344 321 345 321 357 317 362 316 366 317 373 321 374 321 374 321 447 317 449 317 451 317 497 321 498 321 552 315 565 314 569 315 581 320 582 320 582 321 618 321 618 320 619 320 631 314 632 314 639 314 696 320 697 320 698 320 723 313 723 304 722 278 655 271 654 271 653 271 641 278 639 279 580 279 579 278 558 271 557 271 556 271 555 271 534 278 534 279 482 279 481 279 467 272 466 272 466 272 465 272 451 279 442 272 441 272 441 272 417 272 416 272 415 272 414 272 404 279 391 279 377 279 376 279 368 272 367 272 366 272 365 272 324 278 295 272 294 272 294 272 266 280 263 281 235 281 234 280 226 273 225 273 224 273 179 273 178 273 177 273 165 280 145 273 144 273 143 273 142 273 120 278 87 273 86 273 85 273 85 273 73 280 73 281 48 281 49 306"/>
                        </Shape>
                        <String CONTENT=""/>
                    </TextLine>

                    <TextLine ID="line_6" HPOS="48" VPOS="315" WIDTH="675" HEIGHT="51" BASELINE="49 350 723 348" TAGREFS="TYPE_1">
                        <Shape>
                            <Polygon POINTS="49 350 49 366 127 359 165 359 177 364 177 364 178 364 204 359 227 365 231 366 232 366 233 366 255 366 255 366 256 366 258 365 273 358 284 364 286 365 287 365 288 365 288 365 291 364 308 359 336 364 344 365 345 365 346 365 350 363 361 360 379 363 389 365 390 365 405 363 428 360 438 362 446 365 447 365 447 365 448 365 457 362 472 358 505 361 527 364 528 364 529 364 530 364 533 361 541 357 550 361 554 363 555 363 556 363 557 363 565 361 571 360 576 360 588 364 588 364 589 365 619 365 619 364 619 364 620 364 625 360 626 359 628 360 634 364 635 364 636 364 637 364 638 364 650 360 655 359 658 360 668 364 668 364 669 364 670 364 687 360 699 357 722 359 723 348 721 320 694 315 693 315 693 315 680 320 680 321 596 321 596 320 578 315 577 315 576 315 576 315 555 320 503 315 503 315 502 315 488 321 487 321 486 321 469 316 468 316 467 316 466 316 454 321 454 322 421 322 421 321 414 316 413 316 412 316 352 316 351 316 310 321 295 316 294 316 294 316 293 316 278 321 212 317 211 317 210 317 195 322 178 317 177 317 177 317 176 317 175 317 169 322 148 317 147 317 97 322 80 317 79 317 79 317 48 323 49 350"/>
                        </Shape>
                        <String CONTENT=""/>
                    </TextLine>

                    <TextLine ID="line_7" HPOS="47" VPOS="360" WIDTH="675" HEIGHT="49" BASELINE="47 392 722 392" TAGREFS="TYPE_1">
                        <Shape>
                            <Polygon POINTS="47 392 47 402 116 408 116 408 142 403 159 408 160 408 161 408 162 408 178 403 211 403 220 408 220 408 221 408 222 408 300 403 332 407 333 407 423 403 433 408 434 408 435 408 462 403 477 408 478 408 478 408 597 403 605 408 606 408 607 408 607 409 682 409 682 408 722 402 722 392 722 360 658 360 657 360 656 360 654 360 628 367 618 360 616 360 615 360 614 360 570 360 570 360 569 360 564 361 551 369 538 369 527 362 524 360 523 360 522 360 521 360 521 360 513 362 496 369 405 369 398 364 392 360 392 360 391 360 373 360 372 360 371 360 370 360 363 365 357 369 282 369 277 366 269 360 268 360 267 360 266 360 235 366 226 368 214 366 190 363 189 363 188 363 180 367 177 369 140 369 136 368 111 361 110 361 110 361 109 361 85 367 60 361 59 361 58 361 57 361 56 361 47 367 47 392"/>
                        </Shape>
                        <String CONTENT=""/>
                    </TextLine>

                    <TextLine ID="line_8" HPOS="47" VPOS="402" WIDTH="675" HEIGHT="53" BASELINE="48 437 722 434" TAGREFS="TYPE_1">
                        <Shape>
                            <Polygon POINTS="48 437 48 447 67 448 75 455 76 455 77 455 78 455 110 450 177 455 177 455 178 455 179 455 186 449 194 452 195 452 196 452 196 452 211 448 270 455 271 455 316 449 345 454 346 454 347 454 374 447 481 454 482 454 483 454 501 446 502 446 527 446 528 446 545 453 546 453 546 453 547 453 548 453 557 447 633 453 634 453 721 446 722 434 720 406 682 402 681 402 680 402 665 406 646 411 633 406 621 402 620 402 619 402 619 402 618 402 612 406 608 409 588 411 496 411 490 407 484 403 483 403 482 403 462 403 461 403 460 403 460 403 453 408 446 413 382 413 373 408 366 405 365 405 364 405 363 405 362 405 358 408 355 409 345 408 310 403 309 403 308 403 297 409 291 412 284 409 273 403 272 403 271 403 234 403 233 403 233 403 226 409 219 414 184 414 177 409 170 403 169 403 168 403 97 403 96 403 95 403 85 408 67 403 67 403 66 403 65 403 47 409 48 437"/>
                        </Shape>
                        <String CONTENT=""/>
                    </TextLine>

                    <TextLine ID="line_9" HPOS="46" VPOS="447" WIDTH="674" HEIGHT="51" BASELINE="46 479 720 481" TAGREFS="TYPE_1">
                        <Shape>
                            <Polygon POINTS="46 479 46 492 73 490 85 492 108 496 109 496 110 496 110 496 116 492 119 491 188 491 194 492 210 496 211 496 212 496 213 496 228 492 235 490 242 492 256 496 257 496 257 496 258 496 273 492 280 490 285 492 294 495 294 495 341 496 342 496 343 496 343 496 349 492 351 490 381 490 394 492 429 497 429 498 461 498 461 497 462 497 463 497 469 492 470 492 472 492 558 497 558 497 559 497 573 492 576 491 614 491 624 492 681 497 682 497 719 491 720 481 718 453 640 455 630 452 617 448 616 448 615 448 614 448 606 452 598 456 565 456 546 452 528 448 527 448 527 448 521 451 514 455 505 451 498 448 497 448 496 448 496 448 495 448 491 451 487 454 453 455 438 451 430 448 429 448 429 448 428 448 427 448 424 450 417 456 404 456 397 450 394 448 393 448 392 448 392 448 391 448 386 450 379 453 374 450 372 447 371 447 370 447 348 447 347 447 346 447 341 450 332 453 327 449 325 447 324 447 323 447 283 447 282 447 274 449 251 454 241 449 239 447 239 447 238 447 213 447 212 447 211 447 210 447 209 448 202 454 178 449 177 449 177 449 165 454 128 450 127 450 88 454 72 447 71 447 46 447 46 479"/>
                        </Shape>
                        <String CONTENT=""/>
                    </TextLine>

                    <TextLine ID="line_10" HPOS="44" VPOS="491" WIDTH="675" HEIGHT="50" BASELINE="45 525 719 523" TAGREFS="TYPE_1">
                        <Shape>
                            <Polygon POINTS="45 525 45 533 68 540 69 540 70 540 71 540 88 533 90 533 112 533 113 533 122 540 122 540 123 540 124 540 161 533 164 533 188 533 189 533 197 540 198 540 199 540 200 541 267 541 267 540 268 540 289 533 319 540 320 541 368 541 368 540 369 540 380 535 448 538 449 538 450 538 469 532 471 532 472 532 499 538 500 538 501 538 515 532 516 532 562 532 563 532 584 538 585 538 586 538 625 532 626 532 686 539 687 539 718 531 719 523 718 500 700 491 699 491 699 491 698 491 672 499 668 500 666 499 642 492 641 492 640 492 639 492 620 499 616 500 612 498 594 493 593 493 592 493 558 498 543 500 519 497 464 491 463 491 462 491 444 496 432 500 418 496 417 496 417 496 416 496 380 501 342 501 329 495 322 492 321 492 307 492 306 492 306 492 305 492 302 495 294 501 242 494 224 492 223 492 222 492 217 494 196 501 182 496 181 496 180 496 151 501 116 499 104 492 104 492 103 492 44 492 45 525"/>
                        </Shape>
                        <String CONTENT=""/>
                    </TextLine>

                    <TextLine ID="line_11" HPOS="43" VPOS="534" WIDTH="678" HEIGHT="52" BASELINE="44 569 721 567" TAGREFS="TYPE_1">
                        <Shape>
                            <Polygon POINTS="44 569 45 586 66 580 93 580 101 585 102 585 103 585 104 585 104 585 253 580 263 583 268 585 269 585 269 585 270 585 276 583 288 579 339 579 345 582 347 584 348 584 349 584 349 584 390 581 437 579 452 580 472 584 473 584 493 580 507 578 527 580 560 583 561 583 578 580 585 578 591 579 606 583 607 583 607 583 720 577 721 567 718 542 682 543 677 541 658 534 657 534 656 534 656 534 640 541 635 544 586 544 578 540 562 534 561 534 560 534 559 534 546 540 540 542 517 539 472 535 471 535 470 535 469 535 464 539 458 544 421 544 413 538 409 535 408 535 407 535 367 535 366 535 365 535 364 535 360 538 353 544 302 544 291 538 287 535 286 535 285 535 269 535 268 535 267 535 259 538 237 545 202 545 184 537 182 536 181 536 180 536 179 536 177 537 165 544 154 538 153 538 153 538 152 538 135 544 119 538 118 538 43 536 44 569"/>
                        </Shape>
                        <String CONTENT=""/>
                    </TextLine>

                    <TextLine ID="line_12" HPOS="42" VPOS="578" WIDTH="678" HEIGHT="52" BASELINE="43 611 720 613" TAGREFS="TYPE_1">
                        <Shape>
                            <Polygon POINTS="43 611 42 621 71 627 72 627 98 623 107 629 108 629 109 629 110 630 249 630 249 629 250 629 269 623 298 629 299 629 300 629 324 623 333 629 334 629 335 629 336 630 373 630 373 629 419 623 433 630 434 630 435 630 435 630 461 623 504 623 527 630 527 630 528 630 719 623 720 613 720 585 705 579 705 579 599 579 598 579 597 579 587 584 566 579 565 579 564 579 534 583 503 579 503 579 502 579 490 584 489 585 462 585 460 584 454 579 453 579 453 579 452 579 451 579 435 583 432 584 264 584 263 583 249 578 248 578 247 578 246 578 237 582 235 584 169 584 166 582 158 578 157 578 156 578 134 582 128 583 116 582 78 578 77 578 43 581 43 611"/>
                        </Shape>
                        <String CONTENT=""/>
                    </TextLine>

                    <TextLine ID="line_13" HPOS="42" VPOS="623" WIDTH="679" HEIGHT="51" BASELINE="43 657 721 655" TAGREFS="TYPE_1">
                        <Shape>
                            <Polygon POINTS="43 657 43 666 90 672 91 672 92 672 103 667 201 667 214 674 215 674 216 674 217 674 239 668 273 674 274 674 275 674 288 667 288 667 289 667 305 672 306 672 306 672 307 672 308 672 314 667 316 667 368 667 370 667 379 673 380 673 380 673 381 673 382 673 404 668 410 666 449 666 453 668 461 673 462 673 463 673 464 674 505 674 505 673 506 673 507 673 515 668 535 673 536 673 537 674 625 674 625 673 626 673 636 668 638 666 640 668 646 673 647 673 648 673 649 673 720 668 721 655 720 629 712 623 711 623 711 623 710 623 663 623 662 623 662 623 654 629 654 630 618 630 617 629 604 623 603 623 602 623 601 623 601 623 591 629 590 630 570 630 570 629 549 623 548 623 547 623 546 623 527 629 527 629 507 623 506 623 505 623 504 623 484 629 484 630 448 630 448 629 435 623 434 623 394 623 393 623 359 629 353 630 347 629 320 623 319 623 319 623 298 629 297 629 295 629 280 623 279 623 278 623 277 623 276 623 268 629 265 631 228 631 223 629 203 623 202 623 202 623 159 624 159 624 158 624 152 629 151 630 147 629 128 623 127 623 126 623 125 623 107 629 102 630 42 629 43 657"/>
                        </Shape>
                        <String CONTENT=""/>
                    </TextLine>

                    <TextLine ID="line_14" HPOS="42" VPOS="666" WIDTH="676" HEIGHT="52" BASELINE="43 701 718 699" TAGREFS="TYPE_1">
                        <Shape>
                            <Polygon POINTS="43 701 43 710 120 710 122 711 134 716 134 716 135 716 136 716 146 712 148 710 155 712 173 715 174 715 175 715 184 712 186 711 190 712 210 718 211 718 212 718 259 713 268 712 275 713 308 718 309 718 310 718 328 713 341 710 361 714 385 717 386 718 412 718 412 717 413 717 423 714 436 709 455 715 466 717 467 717 468 717 481 715 491 713 525 715 558 717 559 717 581 715 649 709 662 716 663 716 664 716 665 717 717 717 718 699 717 673 639 673 629 666 628 666 627 666 626 666 599 672 588 667 587 667 586 667 585 667 576 672 540 668 539 668 539 668 538 668 531 673 492 673 460 666 460 666 438 671 401 666 400 666 367 674 338 674 326 667 325 667 275 667 274 667 273 667 250 673 235 667 234 667 233 667 233 667 219 673 202 667 201 667 200 667 199 667 186 674 147 674 132 667 131 667 85 667 85 667 42 674 43 701"/>
                        </Shape>
                        <String CONTENT=""/>
                    </TextLine>

                    <TextLine ID="line_15" HPOS="43" VPOS="715" WIDTH="676" HEIGHT="47" BASELINE="43 744 719 744" TAGREFS="TYPE_1">
                        <Shape>
                            <Polygon POINTS="43 744 43 758 96 754 112 759 116 760 116 760 117 760 124 759 151 754 180 759 190 761 191 761 192 761 196 759 205 754 251 759 252 759 288 754 342 759 343 759 343 759 360 754 432 760 444 761 445 761 449 760 475 754 498 761 500 761 501 761 502 761 508 761 541 757 574 761 577 761 578 761 579 761 580 761 599 755 618 761 619 761 619 761 622 761 674 754 687 761 687 761 688 762 718 762 719 744 717 718 692 721 685 718 677 715 676 715 649 715 648 715 630 718 617 721 600 718 574 715 573 715 572 715 563 719 558 721 555 719 551 715 550 715 549 715 527 715 527 715 490 719 475 721 472 719 467 715 466 715 466 715 449 715 448 715 447 715 436 719 432 721 380 721 368 720 328 715 327 715 326 715 325 715 319 720 317 721 288 721 285 720 268 715 267 715 266 715 240 721 238 721 237 721 224 715 223 715 222 715 221 715 208 721 208 721 135 721 134 721 115 715 114 715 113 715 112 715 88 721 58 715 57 715 56 715 43 721 43 744"/>
                        </Shape>
                        <String CONTENT=""/>
                    </TextLine>

                    <TextLine ID="line_16" HPOS="45" VPOS="757" WIDTH="675" HEIGHT="48" BASELINE="45 788 720 788" TAGREFS="TYPE_1">
                        <Shape>
                            <Polygon POINTS="45 788 45 805 64 805 64 804 65 804 66 804 75 797 132 797 144 803 146 804 147 804 147 804 153 803 182 798 189 803 190 804 191 804 192 804 193 805 229 805 229 804 230 804 231 804 233 802 236 800 249 802 257 803 257 803 258 803 263 802 280 797 294 801 303 804 304 804 305 804 328 801 360 797 370 801 380 804 380 804 381 804 382 804 397 801 410 797 420 800 430 803 431 803 432 803 456 800 475 797 490 800 517 804 518 804 519 804 520 804 527 799 532 797 549 797 552 799 563 804 564 804 564 804 600 798 601 798 602 798 614 804 615 804 616 805 661 805 661 804 662 804 662 804 670 798 720 796 720 788 720 763 695 757 694 757 644 763 572 763 564 757 563 757 562 757 561 757 560 757 559 757 551 762 509 762 496 757 496 757 495 757 494 757 493 757 485 763 397 763 384 758 383 758 382 758 361 762 350 758 349 758 349 758 312 762 284 757 283 757 244 762 217 757 216 757 215 757 214 757 208 762 134 762 122 757 121 757 75 757 74 757 45 762 45 788"/>
                        </Shape>
                        <String CONTENT=""/>
                    </TextLine>

                    <TextLine ID="line_17" HPOS="42" VPOS="797" WIDTH="677" HEIGHT="52" BASELINE="42 831 719 832" TAGREFS="TYPE_1">
                        <Shape>
                            <Polygon POINTS="42 831 42 840 59 848 60 848 61 848 122 843 150 848 151 848 190 843 201 847 202 847 202 847 203 847 204 847 210 843 214 843 339 848 340 848 341 848 350 844 357 842 368 844 381 848 382 848 383 848 384 848 395 845 401 843 418 845 453 849 453 849 467 846 482 843 495 846 503 849 504 849 505 849 506 849 507 849 509 846 515 843 556 847 568 848 569 848 570 848 572 847 584 843 688 843 717 849 719 832 718 803 673 798 672 798 671 798 655 803 648 805 645 803 639 799 638 799 638 799 637 799 636 799 625 803 614 807 579 807 564 803 548 800 547 800 521 803 502 807 497 803 490 798 490 798 489 798 446 798 445 798 444 798 429 804 423 807 397 807 379 804 334 797 333 797 332 797 331 797 320 804 317 807 292 807 289 804 281 797 280 797 279 797 265 797 264 797 263 797 263 797 252 805 250 807 197 807 194 805 176 797 175 797 174 797 173 797 172 797 160 805 159 806 155 805 131 798 130 798 83 797 82 797 81 797 66 805 65 806 42 806 42 831"/>
                        </Shape>
                        <String CONTENT=""/>
                    </TextLine>

                    <TextLine ID="line_18" HPOS="42" VPOS="841" WIDTH="672" HEIGHT="53" BASELINE="43 874 714 877" TAGREFS="TYPE_1">
                        <Shape>
                            <Polygon POINTS="43 874 42 886 78 889 79 889 94 886 106 885 115 886 131 892 132 892 133 892 134 892 134 892 141 887 141 886 214 885 227 888 239 892 240 892 241 892 242 892 252 888 264 885 328 885 334 889 337 892 338 892 339 892 340 893 355 893 355 892 356 892 366 890 380 886 414 886 427 891 432 892 433 892 434 892 448 891 461 889 475 891 491 893 492 894 510 894 510 893 511 893 512 893 515 892 521 886 536 892 537 892 538 892 539 892 559 886 585 892 591 893 592 894 656 894 656 893 656 893 657 893 667 889 712 893 714 877 713 850 686 850 685 849 674 843 673 843 672 843 671 843 644 848 631 843 631 843 536 843 535 843 534 843 514 849 511 849 506 849 476 845 475 845 445 849 444 849 421 842 420 842 419 842 302 849 291 849 288 849 252 841 251 841 251 841 224 848 224 849 92 849 92 848 79 843 79 843 78 843 43 847 43 874"/>
                        </Shape>
                        <String CONTENT=""/>
                    </TextLine>

                    <TextLine ID="line_19" HPOS="42" VPOS="887" WIDTH="677" HEIGHT="50" BASELINE="42 919 719 919" TAGREFS="TYPE_1">
                        <Shape>
                            <Polygon POINTS="42 919 42 929 119 935 120 935 158 930 180 936 181 936 182 937 242 937 242 936 243 936 263 930 281 935 282 935 282 935 283 935 294 931 380 931 388 936 389 936 390 936 391 937 446 937 446 936 447 936 465 931 505 936 506 936 507 936 522 930 550 936 551 936 552 936 576 930 604 935 605 935 606 935 626 930 632 935 633 935 634 935 635 935 661 931 668 936 668 936 669 936 670 937 696 937 696 936 697 936 719 929 719 919 719 894 608 894 606 892 590 887 589 887 588 887 588 887 575 892 572 893 569 892 556 887 555 887 554 887 553 887 543 892 539 894 493 894 488 892 478 887 478 887 450 887 449 887 448 887 447 887 443 891 441 892 440 891 434 887 433 887 432 887 431 887 430 887 423 891 418 894 352 894 341 890 333 887 332 887 331 887 331 887 323 890 312 893 306 890 303 887 302 887 301 887 254 887 253 887 242 889 217 893 209 889 208 887 207 887 206 887 157 887 156 887 155 887 153 888 141 893 99 887 95 887 94 887 93 887 92 887 73 893 42 887 42 919"/>
                        </Shape>
                        <String CONTENT=""/>
                    </TextLine>

                    <TextLine ID="line_20" HPOS="43" VPOS="929" WIDTH="676" HEIGHT="50" BASELINE="44 965 719 963" TAGREFS="TYPE_1">
                        <Shape>
                            <Polygon POINTS="44 965 44 979 77 973 131 978 132 978 172 973 184 978 184 978 185 978 345 973 380 978 381 978 429 972 453 978 454 978 510 978 510 978 511 978 527 972 542 978 543 978 544 978 656 978 656 978 657 978 678 972 717 978 719 963 717 936 625 929 625 929 624 929 602 935 582 929 582 929 581 929 580 929 579 929 568 936 526 936 510 929 509 929 509 929 508 929 496 935 480 929 479 929 450 929 449 929 448 929 447 929 439 935 412 929 411 929 380 935 364 929 363 929 362 929 361 929 337 936 336 936 333 936 296 932 295 932 275 936 274 936 254 929 253 929 252 929 251 929 230 936 229 937 197 937 196 936 171 929 170 929 169 929 168 929 167 929 157 936 157 937 123 937 123 936 112 929 111 929 110 929 51 929 50 929 49 929 49 929 49 930 43 935 44 965"/>
                        </Shape>
                        <String CONTENT=""/>
                    </TextLine>

                    <TextLine ID="line_21" HPOS="42" VPOS="974" WIDTH="676" HEIGHT="51" BASELINE="42 1008 718 1006" TAGREFS="TYPE_1">
                        <Shape>
                            <Polygon POINTS="42 1008 42 1020 91 1025 92 1025 117 1020 122 1020 127 1020 163 1025 164 1025 165 1025 177 1020 179 1020 236 1020 238 1020 244 1025 245 1025 245 1025 246 1025 294 1021 402 1023 403 1023 404 1023 416 1020 422 1019 424 1020 432 1024 433 1024 434 1024 435 1024 446 1020 450 1019 455 1020 471 1024 472 1024 472 1024 496 1020 506 1019 509 1020 518 1024 519 1024 520 1024 717 1020 718 1006 716 981 696 981 694 981 679 974 678 974 677 974 676 974 659 981 657 981 649 981 557 974 556 974 555 974 554 974 544 981 543 982 503 982 502 981 481 975 480 975 420 974 419 974 418 974 403 978 386 975 385 975 384 975 383 975 383 976 376 981 375 983 347 983 345 981 338 975 337 975 337 975 336 975 335 975 317 981 314 983 276 983 274 981 266 976 265 976 264 976 263 976 263 976 242 981 234 975 233 975 233 975 232 975 231 975 208 982 206 982 203 982 170 975 128 975 127 975 126 975 113 982 112 983 65 983 64 982 52 977 51 977 50 977 49 977 42 980 42 1008"/>
                        </Shape>
                        <String CONTENT=""/>
                    </TextLine>

                    <TextLine ID="line_22" HPOS="42" VPOS="1019" WIDTH="676" HEIGHT="48" BASELINE="42 1051 718 1051" TAGREFS="TYPE_1">
                        <Shape>
                            <Polygon POINTS="42 1051 42 1059 93 1066 94 1066 171 1061 184 1060 259 1060 262 1061 277 1066 278 1066 279 1066 300 1062 305 1061 323 1062 367 1064 368 1064 368 1064 369 1064 372 1062 374 1060 385 1063 404 1066 404 1066 405 1066 417 1063 424 1060 472 1060 480 1063 489 1066 490 1066 490 1066 508 1063 526 1060 534 1063 541 1066 542 1066 543 1067 632 1067 632 1066 633 1066 634 1066 637 1064 644 1060 717 1064 718 1051 718 1025 653 1024 648 1019 647 1019 646 1019 645 1019 607 1025 602 1025 597 1025 546 1019 546 1019 545 1019 544 1019 535 1024 521 1020 520 1020 519 1020 518 1020 517 1020 509 1025 509 1026 478 1026 477 1025 460 1019 460 1019 459 1019 458 1019 457 1019 450 1025 449 1026 358 1026 357 1025 349 1019 349 1019 348 1019 347 1019 254 1023 247 1019 246 1019 245 1019 177 1019 176 1019 137 1025 136 1026 42 1026 42 1051"/>
                        </Shape>
                        <String CONTENT=""/>
                    </TextLine>

                    <TextLine ID="line_23" HPOS="42" VPOS="1060" WIDTH="673" HEIGHT="51" BASELINE="42 1094 715 1094" TAGREFS="TYPE_1">
                        <Shape>
                            <Polygon POINTS="42 1094 42 1107 539 1111 539 1111 625 1106 628 1106 629 1106 644 1111 645 1111 646 1111 715 1106 715 1094 715 1069 662 1061 661 1061 660 1061 639 1068 638 1069 595 1069 593 1067 576 1062 576 1062 575 1062 574 1062 573 1062 566 1067 564 1068 553 1067 511 1063 510 1063 509 1063 509 1063 503 1067 502 1068 499 1067 485 1060 484 1060 462 1060 461 1060 460 1060 460 1060 449 1066 447 1068 435 1066 398 1060 337 1060 337 1060 336 1060 319 1065 312 1067 300 1065 271 1060 270 1060 269 1060 257 1064 249 1068 213 1066 211 1064 206 1060 205 1060 204 1060 203 1060 181 1064 162 1068 150 1064 141 1061 140 1061 139 1061 138 1061 131 1063 123 1067 119 1063 115 1060 114 1060 113 1060 112 1060 97 1063 78 1068 42 1063 42 1094"/>
                        </Shape>
                        <String CONTENT=""/>
                    </TextLine>

                    <TextLine ID="line_24" HPOS="42" VPOS="1106" WIDTH="675" HEIGHT="49" BASELINE="42 1139 717 1137" TAGREFS="TYPE_1">
                        <Shape>
                            <Polygon POINTS="42 1139 42 1148 78 1153 79 1153 104 1148 105 1148 106 1148 123 1155 124 1155 125 1155 126 1155 127 1155 137 1148 138 1148 172 1148 175 1148 237 1155 238 1155 239 1155 255 1147 261 1147 320 1147 325 1147 386 1155 386 1155 387 1155 399 1149 472 1155 472 1155 473 1155 474 1155 485 1147 540 1154 541 1154 576 1149 606 1154 607 1154 607 1154 608 1154 616 1148 682 1154 683 1154 684 1154 685 1154 693 1147 703 1150 704 1150 705 1150 705 1150 717 1145 717 1137 716 1113 664 1113 639 1106 638 1106 638 1106 598 1113 533 1113 508 1106 507 1106 506 1106 505 1106 486 1113 417 1106 416 1106 415 1106 414 1106 402 1113 280 1109 279 1109 232 1114 199 1107 198 1107 138 1114 110 1107 109 1107 51 1107 50 1107 49 1107 49 1107 42 1112 42 1139"/>
                        </Shape>
                        <String CONTENT=""/>
                    </TextLine>

                    <TextLine ID="line_25" HPOS="44" VPOS="1149" WIDTH="673" HEIGHT="49" BASELINE="44 1182 717 1182" TAGREFS="TYPE_1">
                        <Shape>
                            <Polygon POINTS="44 1194 388 1198 389 1198 390 1198 399 1194 456 1194 458 1194 483 1198 484 1198 539 1194 540 1194 541 1194 559 1198 560 1198 561 1198 584 1194 585 1194 614 1198 615 1198 717 1193 717 1182 717 1156 694 1157 691 1155 682 1151 681 1151 680 1151 680 1151 663 1155 656 1157 649 1155 631 1150 631 1150 630 1150 629 1150 628 1150 621 1155 618 1157 607 1155 588 1151 587 1151 586 1151 578 1155 572 1158 511 1158 505 1154 503 1153 503 1153 502 1153 501 1153 500 1153 497 1154 490 1157 480 1154 472 1151 472 1151 471 1151 459 1154 447 1156 429 1154 406 1149 405 1149 404 1149 391 1153 374 1157 368 1153 367 1151 366 1151 365 1151 276 1149 276 1149 263 1152 240 1158 164 1158 141 1151 134 1149 134 1149 133 1149 118 1150 88 1154 82 1150 81 1149 80 1149 79 1149 79 1149 73 1150 58 1154 45 1150 44 1182 44 1194"/>
                        </Shape>
                        <String CONTENT=""/>
                    </TextLine>

                    <TextLine ID="line_26" HPOS="42" VPOS="1194" WIDTH="676" HEIGHT="48" BASELINE="42 1226 718 1226" TAGREFS="TYPE_1">
                        <Shape>
                            <Polygon POINTS="42 1226 42 1236 61 1236 70 1242 71 1242 72 1242 73 1242 109 1236 122 1242 123 1242 124 1242 172 1236 322 1236 344 1242 345 1242 346 1242 371 1237 413 1241 414 1241 451 1236 467 1242 468 1242 469 1242 570 1237 610 1242 611 1242 612 1242 637 1236 661 1241 662 1241 717 1235 718 1226 717 1202 687 1202 687 1201 674 1194 673 1194 672 1194 629 1201 628 1202 543 1202 543 1201 527 1194 527 1194 484 1194 483 1194 482 1194 481 1194 472 1201 443 1194 442 1194 441 1194 422 1201 421 1201 404 1194 404 1194 355 1194 355 1194 354 1194 338 1200 319 1194 318 1194 283 1194 282 1194 282 1194 281 1194 273 1199 257 1194 256 1194 255 1194 185 1201 179 1201 177 1201 157 1194 156 1194 155 1194 154 1194 153 1194 145 1201 144 1201 42 1201 42 1226"/>
                        </Shape>
                        <String CONTENT=""/>
                    </TextLine>

                    <TextLine ID="line_27" HPOS="43" VPOS="1235" WIDTH="670" HEIGHT="61" BASELINE="44 1273 713 1271" TAGREFS="TYPE_1">
                        <Shape>
                            <Polygon POINTS="44 1273 44 1288 118 1288 120 1288 130 1292 131 1292 132 1292 178 1289 194 1288 196 1289 201 1293 202 1293 202 1293 203 1293 228 1290 252 1296 253 1296 254 1296 255 1296 263 1290 268 1287 295 1290 345 1296 346 1296 396 1296 396 1296 419 1291 433 1289 445 1291 460 1296 461 1296 462 1296 479 1292 504 1286 519 1292 523 1294 524 1294 525 1294 526 1294 531 1292 546 1288 570 1293 581 1295 582 1295 605 1293 642 1290 651 1294 655 1295 656 1295 656 1295 713 1294 713 1271 711 1237 670 1235 669 1235 668 1235 668 1235 664 1237 658 1241 636 1238 616 1235 615 1235 614 1235 603 1238 596 1241 589 1238 580 1235 579 1235 578 1235 577 1235 568 1239 559 1243 496 1243 487 1240 474 1235 473 1235 472 1235 472 1235 458 1240 453 1242 412 1243 404 1241 395 1238 394 1238 393 1238 376 1241 365 1243 360 1241 348 1236 347 1236 346 1236 263 1242 251 1243 250 1242 233 1236 232 1236 184 1236 184 1236 140 1244 139 1244 138 1244 100 1236 99 1236 98 1236 98 1236 88 1244 73 1238 73 1238 72 1238 71 1238 43 1245 44 1273"/>
                        </Shape>
                        <String CONTENT=""/>
                    </TextLine>
</TextBlock>
            </PrintSpace>
        </Page>
    </Layout>
</alto>