<?xml version="1.0" encoding="UTF-8"?>
<alto xmlns:xsi="http://www.w3.org/2001/XMLSchema-instance"
    xmlns="http://www.loc.gov/standards/alto/ns-v4#"
    xsi:schemaLocation="http://www.loc.gov/standards/alto/ns-v4# http://www.loc.gov/standards/alto/v4/alto-4-3.xsd">
    <Description>
        <MeasurementUnit>pixel</MeasurementUnit>
        <sourceImageInformation>
            <fileName>bsb10313792_00162.jpg</fileName>
        </sourceImageInformation>
        <Processing ID="OCR_0">
            <processingCategory>other</processingCategory>
            <processingStepDescription>unknown</processingStepDescription>
            <processingSoftware>
                <softwareName>kraken</softwareName>
                <softwareVersion>4.3.13</softwareVersion>
            </processingSoftware>
        </Processing>
    </Description>
    <Tags>
        <OtherTag ID="TYPE_1" LABEL="DefaultLine"/>
        <OtherTag ID="TYPE_2" LABEL="MainZone-Other"/>
        <OtherTag ID="TYPE_3" LABEL="RunningTitleZone"/>
        <OtherTag ID="TYPE_4" LABEL="QuireMarksZone"/>
        <OtherTag ID="TYPE_5" LABEL="MarginTextZone-Notes-Continued"/>
        <OtherTag ID="TYPE_6" LABEL="MarginTextZone-Notes"/>
        <OtherTag ID="TYPE_7" LABEL="GraphicZone-TextualContent"/>
        <OtherTag ID="TYPE_8" LABEL="DigitizationArtefactZone"/>
        <OtherTag ID="TYPE_9" LABEL="TableZone-Continued"/>
        <OtherTag ID="TYPE_10" LABEL="MainZone-Lg"/>
        <OtherTag ID="TYPE_11" LABEL="MainZone-Head"/>
        <OtherTag ID="TYPE_12" LABEL="StampZone"/>
        <OtherTag ID="TYPE_13" LABEL="MainZone-Form"/>
        <OtherTag ID="TYPE_14" LABEL="MainZone-List-Continued"/>
        <OtherTag ID="TYPE_15" LABEL="MainZone-Signature"/>
        <OtherTag ID="TYPE_16" LABEL="MarginTextZone-ManuscriptAddendum"/>
        <OtherTag ID="TYPE_17" LABEL="MainZone-P-Continued"/>
        <OtherTag ID="TYPE_18" LABEL="StampZone-Sticker"/>
        <OtherTag ID="TYPE_19" LABEL="TableZone-Head"/>
        <OtherTag ID="TYPE_20" LABEL="GraphicZone-Decoration"/>
        <OtherTag ID="TYPE_21" LABEL="DropCapitalZone"/>
        <OtherTag ID="TYPE_22" LABEL="NumberingZone"/>
        <OtherTag ID="TYPE_23" LABEL="FigureZone-Head"/>
        <OtherTag ID="TYPE_24" LABEL="TitlePageZone"/>
        <OtherTag ID="TYPE_25" LABEL="GraphicZone-Maths"/>
        <OtherTag ID="TYPE_26" LABEL="MainZone-Entry-Continued"/>
        <OtherTag ID="TYPE_27" LABEL="MainZone-Sp"/>
        <OtherTag ID="TYPE_28" LABEL="MainZone-Entry"/>
        <OtherTag ID="TYPE_29" LABEL="GraphicZone-Part"/>
        <OtherTag ID="TYPE_30" LABEL="GraphicZone"/>
        <OtherTag ID="TYPE_31" LABEL="MainZone-Sp-Continued"/>
        <OtherTag ID="TYPE_32" LABEL="TableZone"/>
        <OtherTag ID="TYPE_33" LABEL="TitlePageZone-Index"/>
        <OtherTag ID="TYPE_34" LABEL="AdvertisementZone"/>
        <OtherTag ID="TYPE_35" LABEL="MainZone-Date"/>
        <OtherTag ID="TYPE_36" LABEL="FigureZone-FigDesc"/>
        <OtherTag ID="TYPE_37" LABEL="GraphicZone-Head"/>
        <OtherTag ID="TYPE_38" LABEL="MainZone-List"/>
        <OtherTag ID="TYPE_39" LABEL="MainZone-P"/>
        <OtherTag ID="TYPE_40" LABEL="MainZone-Lg-Continued"/>
        <OtherTag ID="TYPE_41" LABEL="FigureZone"/>
        <OtherTag ID="TYPE_42" LABEL="GraphicZone-FigDesc"/>
    </Tags>
    <Layout>
        <Page WIDTH="1057" HEIGHT="1750" PHYSICAL_IMG_NR="0" ID="page_0">
            <PrintSpace HPOS="0" VPOS="0" WIDTH="1057" HEIGHT="1750">
                <TextBlock ID="block_4" HPOS="193" VPOS="74" WIDTH="60" HEIGHT="42" TAGREFS="TYPE_22">
                    <Shape>
                        <Polygon POINTS="193.44876098632812 74.92562866210938 253.6287078857422 74.92562866210938 253.6287078857422 116.75654602050781 193.44876098632812 116.75654602050781 193.44876098632812 74.92562866210938"/>
                    </Shape>
                    <TextLine ID="line_0" HPOS="197" VPOS="68" WIDTH="59" HEIGHT="47" BASELINE="197 102 256 102" TAGREFS="TYPE_1">
                        <Shape>
                            <Polygon POINTS="246 70 236 72 226 72 216 72 207 72 197 72 197 102 197 115 256 111 256 102 256 68 246 68 246 70"/>
                        </Shape>
                        <String CONTENT=""/>
                    </TextLine>
</TextBlock>
                <TextBlock ID="block_0" HPOS="375" VPOS="65" WIDTH="454" HEIGHT="46" TAGREFS="TYPE_3">
                    <Shape>
                        <Polygon POINTS="375.5733337402344 65.0456314086914 829.7813720703125 65.0456314086914 829.7813720703125 111.27644348144531 375.5733337402344 111.27644348144531 375.5733337402344 65.0456314086914"/>
                    </Shape>
                    <TextLine ID="line_1" HPOS="377" VPOS="63" WIDTH="450" HEIGHT="52" BASELINE="378 98 827 95" TAGREFS="TYPE_1">
                        <Shape>
                            <Polygon POINTS="805 74 795 64 785 64 775 64 766 64 756 64 746 64 737 64 727 64 717 64 707 64 698 64 688 64 678 64 669 64 659 64 649 64 639 64 630 64 620 64 617 64 610 64 600 64 591 64 581 64 571 64 562 64 552 64 542 64 532 64 523 64 522 64 515 65 513 64 503 64 493 64 484 64 474 64 464 64 455 64 445 64 435 64 425 64 422 64 416 64 406 64 396 64 387 64 379 64 377 65 378 98 380 113 387 108 465 108 476 112 483 114 484 114 485 115 523 115 523 114 524 114 525 114 528 111 530 109 534 111 536 113 537 113 538 113 539 114 638 114 638 113 639 113 640 113 640 112 642 110 645 107 653 110 660 113 661 113 662 113 686 110 714 106 731 109 743 112 744 112 826 108 827 95 825 64 806 63 805 74"/>
                        </Shape>
                        <String CONTENT=""/>
                    </TextLine>
</TextBlock>
                <TextBlock ID="block_3" HPOS="188" VPOS="120" WIDTH="805" HEIGHT="128" TAGREFS="TYPE_17">
                    <Shape>
                        <Polygon POINTS="188.00686645507812 120.3454360961914 993.7288208007812 120.3454360961914 993.7288208007812 248.83853149414062 188.00686645507812 248.83853149414062 188.00686645507812 120.3454360961914"/>
                    </Shape>
                    <TextLine ID="line_2" HPOS="190" VPOS="117" WIDTH="799" HEIGHT="57" BASELINE="191 157 989 154" TAGREFS="TYPE_1">
                        <Shape>
                            <Polygon POINTS="910 117 901 117 893 124 847 124 838 117 832 117 822 117 815 117 813 118 811 117 803 117 793 117 789 117 783 117 774 117 764 117 754 117 751 117 750 118 745 117 744 117 735 117 725 117 715 117 705 117 700 117 669 124 650 117 647 117 637 117 628 117 627 117 612 124 565 117 560 117 550 117 540 117 530 117 521 117 511 117 501 117 493 117 476 123 459 117 453 117 443 117 433 117 432 117 409 121 403 117 394 117 385 117 375 117 365 117 355 117 347 117 331 125 309 117 307 117 297 117 287 117 278 117 268 117 258 117 248 117 243 117 190 126 191 157 191 168 238 173 239 173 281 168 291 167 302 168 350 174 351 174 352 174 352 174 361 168 363 167 372 168 438 174 439 174 440 174 441 174 449 168 477 173 478 173 479 173 480 173 489 167 490 166 586 166 590 166 623 173 624 173 684 166 687 166 689 166 721 173 722 173 829 165 838 165 839 165 852 172 853 172 854 173 956 173 956 172 988 164 989 154 987 124 916 117 910 117"/>
                        </Shape>
                        <String CONTENT=""/>
                    </TextLine>

                    <TextLine ID="line_3" HPOS="198" VPOS="162" WIDTH="790" HEIGHT="67" BASELINE="198 204 988 207" TAGREFS="TYPE_1">
                        <Shape>
                            <Polygon POINTS="198 204 198 226 290 225 326 217 336 223 337 223 338 223 339 223 389 220 410 227 411 227 412 227 413 227 421 227 444 224 445 224 446 224 455 217 470 227 473 228 474 228 475 228 547 227 548 227 549 227 563 218 599 219 610 227 611 228 612 228 613 228 614 229 635 229 635 228 636 228 637 228 638 227 655 218 732 218 739 224 740 224 741 224 742 224 829 219 848 227 852 229 853 229 854 229 883 227 960 222 986 227 988 207 987 175 898 164 897 164 834 166 803 174 801 174 799 174 774 164 773 164 772 164 771 164 770 164 757 174 756 175 731 175 729 174 710 163 709 163 708 163 707 163 689 173 662 163 661 163 660 163 659 163 634 173 609 163 608 163 552 163 551 163 550 163 549 163 535 173 534 174 491 174 488 173 465 166 464 166 463 166 415 172 382 162 381 162 380 162 379 162 340 172 339 172 309 165 308 165 267 172 264 172 262 172 234 163 233 163 232 163 198 171 198 204"/>
                        </Shape>
                        <String CONTENT=""/>
                    </TextLine>
</TextBlock>
                <TextBlock ID="block_2" HPOS="250" VPOS="223" WIDTH="654" HEIGHT="50" TAGREFS="TYPE_11">
                    <Shape>
                        <Polygon POINTS="250.1661376953125 223.99053955078125 904.1893920898438 223.99053955078125 904.1893920898438 273.2894287109375 250.1661376953125 273.2894287109375 250.1661376953125 223.99053955078125"/>
                    </Shape>
                    <TextLine ID="line_4" HPOS="246" VPOS="217" WIDTH="661" HEIGHT="58" BASELINE="247 256 907 259" TAGREFS="TYPE_1">
                        <Shape>
                            <Polygon POINTS="378 217 320 224 318 224 317 224 311 218 311 217 310 217 309 217 306 217 296 217 286 217 277 217 269 217 268 217 267 217 247 223 247 256 246 266 314 273 315 273 464 268 533 273 534 273 570 269 582 274 583 274 584 274 585 274 599 269 604 274 605 274 606 274 607 274 632 269 688 275 689 275 906 269 907 259 906 227 850 220 849 220 848 220 829 226 828 226 825 226 761 221 760 221 732 226 729 226 719 219 718 219 717 219 716 219 665 225 645 218 644 218 643 218 642 218 618 225 617 225 615 225 542 219 541 219 540 219 529 225 528 226 468 226 459 225 379 217 378 217"/>
                        </Shape>
                        <String CONTENT=""/>
                    </TextLine>
</TextBlock>
                <TextBlock ID="textblock_5">
                    
                    <TextLine ID="line_5" HPOS="289" VPOS="266" WIDTH="696" HEIGHT="63" BASELINE="290 311 985 309" TAGREFS="TYPE_1">
                        <Shape>
                            <Polygon POINTS="290 311 290 329 329 320 344 326 345 326 346 326 373 320 408 328 412 328 413 328 414 328 416 327 423 323 438 327 442 328 443 328 444 328 445 328 446 328 447 327 455 321 466 327 469 328 470 328 471 328 472 328 476 326 489 320 501 326 505 328 506 328 507 329 563 329 563 328 564 328 565 328 569 325 574 321 579 325 580 325 581 325 582 325 587 325 615 320 625 324 634 328 635 328 636 328 637 328 651 324 666 319 692 323 701 324 702 324 703 324 708 323 723 319 732 322 742 327 743 327 744 328 744 327 745 327 757 322 765 319 825 319 834 321 860 327 861 328 960 328 960 327 961 327 985 318 985 309 983 275 938 266 937 266 866 268 865 268 864 268 858 273 857 275 783 275 777 273 754 266 753 266 752 266 729 267 728 267 727 267 720 272 718 274 709 272 683 266 682 266 681 266 664 272 657 274 651 272 638 266 637 266 636 266 635 266 625 271 618 276 596 276 590 271 588 269 587 269 586 269 585 269 584 269 576 271 565 274 562 271 559 268 558 268 557 268 556 268 542 271 523 275 512 270 506 268 505 268 504 268 503 268 502 268 499 270 492 276 455 276 437 270 428 267 427 267 426 267 410 270 389 273 383 269 378 267 377 267 376 267 289 268 290 311"/>
                        </Shape>
                        <String CONTENT=""/>
                    </TextLine>

                    
                    <TextLine ID="line_6" HPOS="189" VPOS="313" WIDTH="793" HEIGHT="64" BASELINE="190 360 982 357" TAGREFS="TYPE_1">
                        <Shape>
                            <Polygon POINTS="190 360 191 377 212 369 280 369 301 376 302 376 303 376 335 370 349 376 350 376 351 377 425 377 425 376 429 375 462 368 503 374 504 374 572 369 584 374 586 375 587 375 588 375 595 374 636 368 672 373 673 373 717 368 733 373 735 374 736 374 737 375 789 375 789 374 790 374 792 373 804 367 842 367 858 372 864 374 865 374 866 374 867 374 874 372 888 368 900 372 906 374 907 374 908 374 981 371 982 357 979 326 883 326 882 326 866 318 865 318 864 318 863 318 843 325 823 313 822 313 821 313 820 313 819 313 787 326 786 327 769 327 768 326 757 318 756 318 755 318 754 318 725 324 688 314 687 314 686 314 685 314 684 314 672 321 653 319 652 319 651 319 632 326 612 320 611 320 610 320 582 327 580 327 578 327 552 319 551 319 550 319 549 319 529 324 519 316 518 316 517 316 516 316 471 324 458 316 458 316 457 316 456 316 455 316 454 316 447 322 431 317 430 317 429 317 373 327 332 315 331 315 212 315 211 315 211 315 210 315 189 325 190 360"/>
                        </Shape>
                        <String CONTENT=""/>
                    </TextLine>

                    
                    <TextLine ID="line_7" HPOS="186" VPOS="365" WIDTH="789" HEIGHT="61" BASELINE="187 408 975 406" TAGREFS="TYPE_1">
                        <Shape>
                            <Polygon POINTS="187 408 187 422 226 419 240 422 249 425 250 425 251 426 312 426 312 425 313 425 314 425 317 422 321 419 330 422 337 424 338 424 339 424 358 421 383 419 405 421 431 425 432 425 433 425 434 425 440 421 444 419 515 419 541 420 579 424 580 424 581 424 589 420 593 419 605 420 631 424 632 424 633 424 643 420 651 418 663 420 682 424 683 425 713 425 713 424 714 424 715 424 721 420 723 419 812 419 813 420 823 424 824 424 825 424 826 424 827 424 835 420 838 418 870 418 873 419 880 424 881 424 882 424 883 425 908 425 908 424 937 419 943 418 947 419 964 424 965 424 966 424 967 424 968 424 975 419 975 406 972 375 830 375 822 374 796 367 795 367 794 367 782 373 779 375 767 373 746 370 745 370 730 373 724 374 722 373 711 365 710 365 709 365 708 365 707 365 681 372 673 365 672 365 671 365 651 365 650 365 649 365 635 372 630 375 617 372 594 367 593 367 562 372 542 375 536 372 528 367 527 367 526 367 525 367 507 372 505 372 503 372 491 366 490 366 489 366 488 366 487 366 479 371 471 376 424 371 377 366 376 366 375 366 374 366 368 371 365 371 348 367 347 367 346 367 345 367 341 370 338 373 334 370 325 366 324 366 323 366 186 369 187 408"/>
                        </Shape>
                        <String CONTENT=""/>
                    </TextLine>

                    
                    <TextLine ID="line_8" HPOS="186" VPOS="416" WIDTH="793" HEIGHT="60" BASELINE="187 457 979 456" TAGREFS="TYPE_1">
                        <Shape>
                            <Polygon POINTS="187 457 187 468 232 475 233 475 335 468 348 468 376 468 377 468 390 475 391 475 392 476 474 476 474 475 509 468 512 468 516 468 553 473 554 473 597 469 603 474 604 474 605 474 606 474 638 469 653 475 654 475 655 475 656 475 671 468 672 468 674 468 709 475 710 475 711 475 736 469 776 475 777 475 812 468 813 468 814 468 833 473 834 473 835 473 836 473 837 473 844 468 845 468 899 468 900 468 920 475 921 475 922 476 968 476 968 475 969 475 970 475 979 468 979 456 977 423 912 417 911 417 910 417 898 422 794 416 793 416 792 416 771 421 750 417 749 417 748 417 747 417 727 422 679 418 678 418 614 422 579 416 476 416 475 416 474 416 458 420 398 416 397 416 371 420 317 416 316 416 258 422 213 416 212 416 211 416 186 423 187 457"/>
                        </Shape>
                        <String CONTENT=""/>
                    </TextLine>

                    
                    <TextLine ID="line_9" HPOS="188" VPOS="465" WIDTH="798" HEIGHT="59" BASELINE="189 505 986 507" TAGREFS="TYPE_1">
                        <Shape>
                            <Polygon POINTS="189 505 188 520 300 522 301 522 302 522 303 522 305 520 310 517 352 520 385 522 386 522 397 520 409 517 416 520 422 522 422 522 423 523 505 523 505 522 506 522 514 519 521 517 526 519 531 522 532 522 533 522 612 519 641 518 647 519 669 523 669 523 670 523 681 519 684 518 691 519 723 523 724 523 725 523 739 518 741 518 742 518 751 523 752 523 753 524 849 524 849 523 892 518 895 518 897 518 944 523 945 523 986 517 986 507 986 467 707 472 696 468 689 466 688 466 687 466 686 466 679 468 669 472 658 469 649 466 648 466 647 466 615 469 592 471 581 469 561 465 560 465 559 465 545 469 539 471 535 469 526 465 525 465 479 465 478 465 440 470 431 471 422 470 388 465 387 465 359 471 355 471 354 471 347 465 346 465 345 465 294 465 293 465 292 465 275 471 274 471 271 471 211 465 211 465 210 465 189 471 189 505"/>
                        </Shape>
                        <String CONTENT=""/>
                    </TextLine>

                    
                    <TextLine ID="line_10" HPOS="187" VPOS="513" WIDTH="798" HEIGHT="58" BASELINE="188 555 985 553" TAGREFS="TYPE_1">
                        <Shape>
                            <Polygon POINTS="188 555 188 566 436 571 437 571 438 571 439 571 445 566 446 566 512 566 520 566 585 571 586 571 984 565 985 553 983 523 934 523 919 516 918 516 917 516 916 516 905 522 871 513 870 513 869 513 868 513 867 513 857 520 797 515 796 515 795 515 777 522 732 517 731 517 730 517 719 522 704 514 703 514 672 513 671 513 670 513 653 523 589 523 562 514 561 514 560 514 559 514 524 523 505 515 504 515 503 515 476 520 461 514 460 514 459 514 285 519 278 514 277 514 276 514 217 514 216 514 215 514 187 524 188 555"/>
                        </Shape>
                        <String CONTENT=""/>
                    </TextLine>

                    
                    <TextLine ID="line_11" HPOS="186" VPOS="561" WIDTH="798" HEIGHT="64" BASELINE="187 604 984 606" TAGREFS="TYPE_1">
                        <Shape>
                            <Polygon POINTS="187 604 186 614 205 622 206 622 207 622 236 616 277 622 278 622 317 616 338 624 339 624 340 625 421 625 421 624 422 624 422 624 433 616 464 624 465 624 466 624 528 616 542 622 543 622 544 622 639 618 651 625 652 625 653 625 654 625 715 618 748 625 749 625 785 619 814 625 815 625 816 625 836 617 852 622 853 622 854 622 855 622 865 617 866 617 958 617 959 617 971 622 972 622 973 622 974 622 983 617 984 606 983 562 887 562 886 562 885 562 884 562 876 569 850 563 846 562 789 562 788 562 787 562 785 563 774 570 738 570 729 563 728 562 727 562 726 562 725 562 715 564 685 570 586 570 567 565 559 563 558 563 533 565 499 568 494 565 490 561 489 561 488 561 487 561 486 561 469 565 458 568 450 566 438 562 437 562 436 562 416 566 403 569 317 569 305 567 273 562 272 562 271 562 254 567 250 568 246 567 226 561 225 561 224 561 187 567 187 604"/>
                        </Shape>
                        <String CONTENT=""/>
                    </TextLine>

                    
                    <TextLine ID="line_12" HPOS="185" VPOS="617" WIDTH="768" HEIGHT="55" BASELINE="185 655 953 655" TAGREFS="TYPE_1">
                        <Shape>
                            <Polygon POINTS="185 655 185 664 222 670 223 670 224 670 243 665 260 670 261 670 262 670 359 665 376 671 377 671 378 672 406 672 406 671 407 671 408 671 418 665 501 665 538 671 539 671 581 666 592 671 593 671 594 671 595 671 614 665 629 671 630 671 631 672 659 672 659 671 660 671 661 671 669 665 682 670 683 670 684 670 685 670 699 665 706 671 707 671 708 671 709 672 803 672 803 671 902 665 923 671 924 671 925 671 926 671 953 664 953 655 951 621 937 627 906 621 893 619 892 619 891 619 887 621 877 627 833 621 826 621 825 621 821 621 798 627 782 622 770 617 769 617 768 617 767 617 766 617 758 622 749 627 727 622 713 619 712 619 672 622 615 627 606 623 596 617 595 617 551 617 550 617 549 617 535 623 525 628 389 628 380 624 361 617 360 617 359 617 327 623 310 617 309 617 234 617 233 617 185 624 185 655"/>
                        </Shape>
                        <String CONTENT=""/>
                    </TextLine>

                    
                    <TextLine ID="line_13" HPOS="213" VPOS="660" WIDTH="774" HEIGHT="63" BASELINE="214 703 987 701" TAGREFS="TYPE_1">
                        <Shape>
                            <Polygon POINTS="214 703 214 714 321 714 323 715 338 722 339 722 340 722 341 722 356 715 358 714 406 714 409 715 428 722 429 722 430 723 449 723 449 722 450 722 451 722 458 715 460 714 466 715 500 720 501 720 549 715 561 714 565 715 591 722 592 722 593 722 651 715 670 713 675 715 681 718 682 718 683 718 748 715 781 714 784 715 797 721 798 721 799 722 850 722 850 721 851 721 852 721 859 715 872 721 873 721 874 721 986 715 987 701 986 664 932 661 931 661 930 661 921 663 908 666 903 663 899 660 898 660 897 660 896 660 895 660 882 663 876 665 873 663 870 660 869 660 868 660 867 660 866 660 865 660 860 663 855 665 841 663 823 660 822 660 802 663 775 666 749 663 741 662 740 662 739 662 736 663 719 667 528 667 519 662 518 661 517 661 516 661 515 661 508 662 485 667 471 662 470 662 469 662 468 662 467 662 466 662 448 667 422 663 421 663 382 667 369 662 367 661 366 661 365 661 358 662 338 665 333 662 332 661 331 661 330 661 329 661 213 661 214 703"/>
                        </Shape>
                        <String CONTENT=""/>
                    </TextLine>

                    
                    <TextLine ID="line_14" HPOS="185" VPOS="709" WIDTH="803" HEIGHT="61" BASELINE="186 750 988 753" TAGREFS="TYPE_1">
                        <Shape>
                            <Polygon POINTS="186 750 185 763 195 768 196 768 197 768 235 762 239 762 245 762 317 769 318 769 319 769 335 762 336 762 440 762 442 762 456 770 457 770 458 770 601 770 601 770 602 770 621 764 714 770 715 770 716 770 730 764 815 764 862 770 863 770 864 770 887 764 927 764 937 770 938 770 939 770 940 770 987 763 988 753 987 717 906 718 903 716 898 712 897 712 896 712 869 712 868 712 867 712 866 712 860 716 856 719 807 719 801 716 787 711 786 711 699 710 698 710 668 716 663 717 658 716 633 710 632 710 603 716 597 717 586 716 535 710 534 710 533 710 532 710 523 716 521 716 499 712 498 712 469 716 458 717 449 716 399 709 398 709 343 715 326 709 325 709 324 709 280 714 225 709 224 709 186 715 186 750"/>
                        </Shape>
                        <String CONTENT=""/>
                    </TextLine>

                    
                    <TextLine ID="line_15" HPOS="188" VPOS="759" WIDTH="797" HEIGHT="60" BASELINE="189 803 985 801" TAGREFS="TYPE_1">
                        <Shape>
                            <Polygon POINTS="189 803 189 810 314 815 315 815 351 812 368 810 373 812 387 817 387 817 388 817 414 812 424 810 426 812 430 815 431 815 432 815 433 815 434 815 445 812 450 811 463 812 526 819 527 819 578 813 612 809 629 813 638 816 639 816 640 816 641 816 652 813 662 811 665 813 670 818 671 818 672 818 673 818 674 818 686 814 695 810 702 814 708 817 709 817 710 817 711 817 719 814 732 809 747 814 748 814 749 814 750 814 752 814 781 809 790 814 795 818 796 818 797 818 798 819 896 819 896 818 897 818 898 818 902 815 906 812 916 815 926 818 927 818 928 818 929 818 930 818 934 815 940 812 983 815 985 801 983 770 873 770 873 769 851 762 850 762 849 762 848 762 834 769 800 769 781 769 779 769 741 759 740 759 739 759 739 759 711 766 698 759 697 759 696 759 660 764 619 759 618 759 617 759 585 769 582 769 574 769 502 762 501 762 448 768 434 770 431 768 422 762 422 762 421 762 395 760 267 760 266 760 265 760 254 765 204 760 203 760 202 760 188 766 189 803"/>
                        </Shape>
                        <String CONTENT=""/>
                    </TextLine>

                    
                    <TextLine ID="line_16" HPOS="181" VPOS="837" WIDTH="801" HEIGHT="32" BASELINE="182 850 982 852" TAGREFS="TYPE_1">
                        <Shape>
                            <Polygon POINTS="960 845 951 845 941 845 931 845 921 845 912 845 902 845 892 845 882 845 873 845 863 845 853 845 844 845 834 845 824 845 814 845 805 845 795 845 785 845 775 845 766 845 756 845 746 845 737 845 727 845 717 845 707 845 698 845 688 845 678 845 669 845 659 845 649 845 639 845 630 845 620 845 610 845 600 845 591 845 581 845 571 845 562 845 552 845 542 845 532 845 523 845 513 845 503 845 493 845 484 845 474 845 464 845 455 845 445 845 435 845 425 845 416 845 406 845 396 845 387 845 377 845 367 845 357 845 348 845 338 845 328 845 318 845 309 845 299 845 289 845 280 845 270 845 260 845 250 845 241 845 231 845 221 845 211 845 202 845 192 845 191 837 182 837 182 850 181 860 240 867 241 867 332 862 357 861 410 863 520 867 521 867 561 864 608 861 623 865 634 868 634 868 635 869 668 869 668 868 669 868 669 868 672 865 680 861 754 861 765 866 766 866 767 866 768 866 779 861 876 861 908 868 911 868 912 869 981 869 982 852 982 839 961 838 960 845"/>
                        </Shape>
                        <String CONTENT=""/>
                    </TextLine>

                </TextBlock>
                <TextBlock ID="block_5" HPOS="190" VPOS="869" WIDTH="800" HEIGHT="96" TAGREFS="TYPE_28">
                    <Shape>
                        <Polygon POINTS="190.6000518798828 869.7699584960938 990.9846801757812 869.7699584960938 990.9846801757812 965.9058837890625 190.6000518798828 965.9058837890625 190.6000518798828 869.7699584960938"/>
                    </Shape>
                    <TextLine ID="line_17" HPOS="229" VPOS="859" WIDTH="757" HEIGHT="58" BASELINE="230 902 986 900" TAGREFS="TYPE_1">
                        <Shape>
                            <Polygon POINTS="230 902 230 911 485 917 486 917 533 911 536 911 539 911 580 917 581 917 617 911 624 910 638 911 704 916 705 916 706 916 724 911 727 910 808 910 809 910 815 916 816 916 817 916 818 917 878 917 878 916 879 916 891 910 892 910 894 910 912 916 913 916 914 917 972 917 972 916 973 916 986 910 986 900 985 865 916 861 916 861 889 864 872 866 867 864 857 859 856 859 855 859 854 859 853 859 847 864 845 866 833 864 810 859 810 859 790 863 779 866 775 863 770 859 769 859 768 859 767 859 766 859 765 859 760 863 755 867 646 867 634 863 628 861 627 861 626 861 616 863 592 867 578 862 571 860 570 860 569 860 568 860 562 862 550 866 545 862 543 860 542 860 541 860 540 860 539 860 532 862 523 865 504 862 492 860 491 860 490 860 484 862 469 867 408 861 388 860 387 860 387 860 383 861 365 867 344 861 339 860 338 860 337 860 229 860 230 902"/>
                        </Shape>
                        <String CONTENT=""/>
                    </TextLine>

                    <TextLine ID="line_18" HPOS="186" VPOS="907" WIDTH="798" HEIGHT="63" BASELINE="187 950 984 951" TAGREFS="TYPE_1">
                        <Shape>
                            <Polygon POINTS="187 950 186 959 255 967 256 967 257 967 278 962 309 969 310 970 510 970 510 969 567 962 578 961 712 962 713 963 734 969 735 969 736 970 764 970 764 969 765 969 766 969 773 963 776 961 826 961 830 964 836 968 837 968 838 968 839 968 840 968 852 964 861 961 921 961 927 964 935 969 936 969 937 969 938 969 983 964 984 951 983 917 896 917 895 916 882 907 881 907 880 907 880 907 879 907 856 916 854 917 833 917 831 915 817 907 816 907 815 907 814 907 776 915 775 915 774 915 751 910 750 910 716 914 698 907 697 907 638 907 637 907 636 907 635 907 624 914 623 914 608 910 607 910 606 910 605 910 595 914 587 916 577 913 556 909 555 909 554 909 553 909 542 913 536 916 528 913 518 910 517 910 516 910 497 913 492 914 484 913 462 909 461 909 460 909 459 909 454 913 449 916 423 912 393 909 392 909 391 909 378 912 364 916 359 912 357 910 356 910 355 910 354 910 353 910 347 912 334 915 318 912 294 907 293 907 292 907 278 911 275 912 268 911 239 907 238 907 187 910 187 950"/>
                        </Shape>
                        <String CONTENT=""/>
                    </TextLine>
</TextBlock>
                <TextBlock ID="textblock_18">
                    
                    <TextLine ID="line_19" HPOS="183" VPOS="955" WIDTH="803" HEIGHT="62" BASELINE="184 1004 986 998" TAGREFS="TYPE_1">
                        <Shape>
                            <Polygon POINTS="184 1004 184 1012 211 1017 212 1017 213 1017 230 1012 233 1012 236 1012 261 1017 262 1017 263 1017 277 1013 279 1012 303 1013 415 1016 416 1016 447 1013 468 1010 519 1013 574 1015 575 1015 576 1015 577 1015 581 1013 587 1009 621 1013 639 1015 640 1015 653 1013 675 1009 681 1013 683 1015 684 1015 685 1015 686 1015 718 1015 718 1015 739 1013 792 1008 815 1013 820 1014 821 1014 908 1013 909 1013 925 1007 985 1013 986 998 984 963 899 963 882 955 881 955 856 955 855 955 854 955 838 961 791 956 790 956 789 956 762 964 760 964 755 964 689 957 688 957 687 957 671 964 669 965 665 964 628 958 627 958 591 965 589 965 587 965 563 958 562 958 561 958 560 958 547 965 503 965 485 958 484 958 483 958 447 966 440 968 384 968 382 966 369 960 368 960 367 960 366 960 345 966 342 967 338 967 302 960 301 960 300 960 286 965 213 960 212 960 211 960 211 960 201 967 199 968 183 968 184 1004"/>
                        </Shape>
                        <String CONTENT=""/>
                    </TextLine>

                    
                    <TextLine ID="line_20" HPOS="181" VPOS="1006" WIDTH="807" HEIGHT="62" BASELINE="182 1050 988 1048" TAGREFS="TYPE_1">
                        <Shape>
                            <Polygon POINTS="182 1050 182 1061 263 1068 264 1068 265 1068 278 1062 281 1060 317 1060 324 1062 349 1068 350 1068 351 1068 370 1062 380 1060 391 1062 417 1068 418 1068 419 1068 429 1063 435 1060 456 1063 487 1067 488 1067 489 1067 490 1067 494 1063 502 1058 651 1058 661 1064 665 1067 666 1067 667 1067 668 1068 716 1068 716 1067 717 1067 724 1064 741 1057 782 1057 817 1064 822 1065 823 1065 824 1065 826 1065 845 1058 856 1065 858 1066 859 1066 860 1066 861 1066 880 1065 965 1058 986 1065 988 1048 986 1015 891 1006 890 1006 889 1006 863 1014 853 1006 852 1006 851 1006 823 1006 822 1006 821 1006 799 1014 781 1007 780 1007 779 1007 778 1007 763 1014 721 1010 720 1010 719 1010 718 1010 709 1015 668 1015 652 1007 651 1007 650 1007 617 1014 608 1007 607 1007 606 1007 576 1007 575 1007 574 1007 552 1015 531 1007 530 1007 489 1007 488 1007 487 1007 486 1007 474 1015 432 1015 408 1008 407 1008 406 1008 363 1015 346 1008 345 1008 344 1008 343 1008 342 1008 333 1015 293 1015 228 1008 227 1008 226 1008 225 1008 213 1016 181 1016 182 1050"/>
                        </Shape>
                        <String CONTENT=""/>
                    </TextLine>

                    
                    <TextLine ID="line_21" HPOS="181" VPOS="1059" WIDTH="806" HEIGHT="54" BASELINE="182 1100 508 1096 987 1098" TAGREFS="TYPE_1">
                        <Shape>
                            <Polygon POINTS="182 1100 182 1113 250 1107 330 1112 335 1112 336 1112 337 1112 359 1105 380 1112 381 1112 382 1112 383 1112 384 1112 386 1112 409 1105 433 1111 438 1112 439 1112 448 1111 488 1105 561 1105 572 1110 577 1112 578 1112 579 1113 610 1113 610 1112 611 1112 612 1112 615 1110 622 1105 666 1105 677 1109 686 1112 687 1112 688 1112 689 1112 697 1109 706 1105 753 1108 804 1112 805 1112 834 1108 851 1105 862 1107 881 1112 882 1112 883 1112 900 1107 901 1107 906 1107 971 1112 972 1112 973 1112 987 1106 987 1098 986 1068 933 1060 932 1060 931 1060 915 1067 897 1059 896 1059 784 1059 783 1059 782 1059 762 1067 737 1060 736 1060 735 1060 734 1060 719 1068 687 1068 667 1059 666 1059 665 1059 664 1059 636 1067 628 1061 627 1061 626 1061 625 1061 581 1067 563 1059 563 1059 509 1059 508 1059 507 1059 484 1068 409 1068 384 1059 383 1059 382 1059 381 1059 355 1067 314 1059 313 1059 312 1059 311 1059 298 1067 266 1061 265 1061 264 1061 263 1061 254 1068 217 1068 199 1059 198 1059 197 1059 196 1059 195 1059 181 1067 182 1100"/>
                        </Shape>
                        <String CONTENT=""/>
                    </TextLine>

                    
                    <TextLine ID="line_22" HPOS="180" VPOS="1124" WIDTH="694" HEIGHT="38" BASELINE="181 1150 484 1144 874 1144" TAGREFS="TYPE_1">
                        <Shape>
                            <Polygon POINTS="774 1124 766 1124 763 1126 763 1127 715 1128 688 1128 688 1127 684 1124 676 1124 667 1124 665 1124 660 1126 657 1124 657 1124 647 1124 637 1124 628 1124 618 1124 608 1124 600 1124 589 1125 586 1124 579 1124 569 1124 560 1124 550 1124 540 1124 530 1124 521 1124 511 1124 506 1124 490 1125 488 1124 482 1124 472 1124 462 1124 453 1124 443 1124 433 1124 423 1124 414 1124 404 1124 394 1124 385 1124 375 1124 365 1124 355 1124 346 1124 336 1124 326 1124 317 1124 313 1125 288 1124 287 1124 278 1124 268 1124 258 1124 248 1124 239 1124 229 1124 219 1124 210 1124 204 1124 180 1131 181 1150 181 1161 258 1157 291 1160 314 1162 315 1162 335 1159 368 1155 375 1159 378 1161 379 1161 380 1161 381 1161 382 1161 390 1159 406 1155 422 1158 436 1161 437 1161 456 1158 472 1155 487 1157 501 1160 502 1160 503 1160 504 1160 507 1157 513 1155 535 1157 547 1158 548 1158 560 1157 584 1154 651 1154 654 1155 658 1159 659 1159 660 1159 661 1159 662 1159 676 1155 684 1154 732 1155 850 1158 851 1158 852 1158 874 1153 874 1144 872 1126 785 1126 782 1124 774 1124"/>
                        </Shape>
                        <String CONTENT=""/>
                    </TextLine>

                </TextBlock>
                <TextBlock ID="block_6" HPOS="181" VPOS="1156" WIDTH="811" HEIGHT="402" TAGREFS="TYPE_39">
                    <Shape>
                        <Polygon POINTS="181.98170471191406 1156.2540283203125 992.0672607421875 1156.2540283203125 992.0672607421875 1558.3350830078125 181.98170471191406 1558.3350830078125 181.98170471191406 1156.2540283203125"/>
                    </Shape>
                    <TextLine ID="line_23" HPOS="236" VPOS="1154" WIDTH="748" HEIGHT="55" BASELINE="237 1196 737 1193 984 1196" TAGREFS="TYPE_1">
                        <Shape>
                            <Polygon POINTS="237 1196 237 1203 260 1209 261 1209 262 1209 283 1204 287 1203 294 1204 339 1209 340 1209 379 1204 380 1204 382 1204 412 1209 413 1209 414 1209 415 1209 422 1204 424 1203 427 1204 442 1209 443 1209 444 1209 468 1204 474 1203 477 1204 487 1209 488 1209 489 1209 490 1209 499 1204 502 1203 982 1205 984 1196 983 1162 750 1162 712 1154 711 1154 710 1154 691 1159 658 1155 657 1155 609 1160 601 1155 600 1155 599 1155 598 1155 568 1162 564 1162 557 1162 487 1155 486 1155 361 1159 346 1155 345 1155 344 1155 343 1155 327 1162 325 1162 324 1162 304 1155 303 1155 302 1155 301 1155 300 1155 291 1160 273 1156 272 1156 236 1161 237 1196"/>
                        </Shape>
                        <String CONTENT=""/>
                    </TextLine>

                    <TextLine ID="line_24" HPOS="185" VPOS="1201" WIDTH="804" HEIGHT="59" BASELINE="186 1247 384 1243 989 1246" TAGREFS="TYPE_1">
                        <Shape>
                            <Polygon POINTS="186 1247 185 1252 206 1259 207 1259 208 1260 301 1260 301 1259 327 1253 343 1250 387 1250 393 1254 405 1259 406 1259 407 1259 408 1259 419 1254 426 1250 488 1254 503 1255 504 1255 522 1254 589 1251 595 1255 598 1259 599 1259 600 1259 601 1259 619 1255 637 1251 677 1251 686 1256 691 1259 692 1259 693 1259 694 1259 723 1256 739 1254 745 1256 756 1260 757 1260 758 1260 820 1260 820 1260 821 1260 835 1257 847 1253 860 1257 871 1260 872 1260 873 1260 889 1257 905 1254 921 1257 938 1260 939 1260 988 1257 989 1246 989 1210 966 1202 965 1202 922 1202 921 1202 920 1202 919 1202 907 1211 904 1213 843 1213 840 1211 824 1203 823 1203 822 1203 821 1203 820 1203 809 1211 807 1212 802 1211 783 1205 782 1205 781 1205 753 1209 692 1202 691 1202 690 1202 674 1208 599 1205 598 1205 557 1211 551 1211 550 1211 535 1201 534 1201 533 1201 532 1201 450 1209 439 1201 438 1201 437 1201 416 1201 415 1201 414 1201 387 1208 349 1203 348 1203 310 1211 305 1211 299 1211 250 1204 249 1204 248 1204 235 1211 233 1211 186 1211 186 1247"/>
                        </Shape>
                        <String CONTENT=""/>
                    </TextLine>

                    <TextLine ID="line_25" HPOS="181" VPOS="1249" WIDTH="805" HEIGHT="61" BASELINE="181 1295 342 1291 986 1294" TAGREFS="TYPE_1">
                        <Shape>
                            <Polygon POINTS="181 1295 181 1303 487 1301 492 1303 498 1308 499 1308 500 1308 501 1309 531 1309 531 1308 532 1308 545 1303 551 1301 554 1303 560 1308 561 1308 562 1308 563 1309 607 1309 607 1308 632 1303 645 1301 681 1303 758 1309 759 1309 810 1303 824 1302 831 1303 854 1309 855 1310 890 1310 890 1309 891 1309 892 1309 900 1303 901 1303 908 1303 965 1309 966 1309 967 1309 986 1303 986 1294 986 1260 909 1255 908 1255 856 1259 841 1260 838 1259 827 1253 826 1253 825 1253 797 1258 787 1260 774 1258 728 1251 727 1251 686 1257 679 1258 677 1257 669 1251 669 1251 668 1251 667 1251 618 1256 601 1250 600 1250 599 1250 524 1255 522 1255 518 1255 397 1251 396 1251 395 1251 394 1251 391 1254 385 1258 332 1253 324 1253 323 1253 318 1253 285 1257 277 1253 271 1250 270 1250 269 1250 268 1250 262 1252 249 1259 214 1259 205 1252 202 1249 201 1249 200 1249 199 1249 181 1251 181 1295"/>
                        </Shape>
                        <String CONTENT=""/>
                    </TextLine>

                    <TextLine ID="line_26" HPOS="180" VPOS="1297" WIDTH="805" HEIGHT="61" BASELINE="181 1340 985 1344" TAGREFS="TYPE_1">
                        <Shape>
                            <Polygon POINTS="181 1340 180 1347 219 1355 220 1356 284 1356 284 1355 285 1355 299 1349 343 1354 344 1354 345 1354 354 1349 355 1349 403 1349 403 1350 421 1356 422 1356 422 1356 507 1351 510 1351 521 1355 522 1355 523 1355 524 1355 533 1351 536 1350 545 1351 584 1357 585 1357 625 1352 635 1351 691 1351 695 1353 701 1357 702 1357 703 1357 704 1357 734 1353 743 1352 753 1353 783 1358 784 1358 808 1354 818 1352 983 1355 985 1344 984 1306 912 1300 911 1300 910 1300 909 1300 901 1305 900 1306 895 1305 870 1301 869 1301 812 1305 784 1307 766 1305 719 1299 718 1299 717 1299 699 1305 694 1306 626 1306 624 1305 618 1300 617 1300 616 1300 615 1300 614 1300 604 1305 600 1306 594 1305 573 1300 572 1300 518 1304 508 1305 506 1304 498 1298 497 1298 496 1298 459 1298 458 1298 458 1298 457 1298 449 1304 432 1298 431 1298 430 1298 395 1303 361 1297 360 1297 256 1304 247 1304 244 1304 207 1297 206 1297 205 1297 181 1303 181 1340"/>
                        </Shape>
                        <String CONTENT=""/>
                    </TextLine>

                    <TextLine ID="line_27" HPOS="178" VPOS="1348" WIDTH="798" HEIGHT="59" BASELINE="179 1392 976 1390" TAGREFS="TYPE_1">
                        <Shape>
                            <Polygon POINTS="179 1392 179 1407 207 1401 445 1405 543 1406 544 1406 570 1403 605 1400 634 1403 657 1405 658 1405 690 1402 718 1400 786 1401 941 1405 942 1405 975 1400 976 1390 974 1358 900 1358 872 1348 871 1348 870 1348 869 1348 854 1355 833 1349 832 1349 831 1349 783 1357 751 1348 750 1348 749 1348 692 1353 671 1348 670 1348 669 1348 669 1348 644 1357 614 1349 613 1349 612 1349 611 1349 575 1359 493 1359 446 1349 445 1349 399 1358 381 1349 380 1349 379 1349 378 1349 354 1355 257 1349 256 1349 255 1349 242 1356 199 1349 198 1349 197 1349 178 1358 179 1392"/>
                        </Shape>
                        <String CONTENT=""/>
                    </TextLine>

                    <TextLine ID="line_28" HPOS="180" VPOS="1398" WIDTH="796" HEIGHT="59" BASELINE="180 1440 976 1440" TAGREFS="TYPE_1">
                        <Shape>
                            <Polygon POINTS="180 1440 180 1451 191 1457 192 1457 193 1457 231 1451 256 1457 257 1457 258 1457 305 1452 325 1457 326 1457 327 1457 444 1452 454 1456 455 1456 456 1456 457 1456 458 1456 465 1451 493 1457 494 1457 617 1451 812 1457 813 1457 814 1457 840 1451 863 1456 864 1456 976 1450 976 1440 976 1409 892 1409 855 1398 854 1398 853 1398 852 1398 820 1409 784 1409 767 1398 766 1398 765 1398 744 1398 743 1398 742 1398 718 1408 698 1398 697 1398 696 1398 638 1403 625 1398 624 1398 623 1398 622 1398 597 1406 547 1398 546 1398 545 1398 517 1407 492 1400 491 1400 490 1400 489 1400 454 1409 416 1409 389 1398 388 1398 387 1398 387 1398 359 1406 345 1398 344 1398 343 1398 342 1398 233 1402 215 1398 214 1398 213 1398 212 1398 180 1408 180 1440"/>
                        </Shape>
                        <String CONTENT=""/>
                    </TextLine>

                    <TextLine ID="line_29" HPOS="177" VPOS="1447" WIDTH="799" HEIGHT="61" BASELINE="178 1492 976 1490" TAGREFS="TYPE_1">
                        <Shape>
                            <Polygon POINTS="178 1492 179 1506 197 1502 220 1506 232 1508 233 1508 234 1508 239 1506 250 1502 272 1505 285 1508 286 1508 300 1505 319 1502 339 1505 352 1507 352 1507 383 1505 422 1502 426 1505 428 1506 429 1506 430 1506 526 1508 527 1508 528 1508 528 1508 535 1504 539 1502 551 1504 574 1507 575 1507 604 1504 623 1501 664 1503 736 1506 737 1506 738 1506 752 1502 757 1501 767 1502 807 1507 808 1507 809 1507 810 1507 818 1502 820 1501 843 1501 845 1501 864 1507 865 1507 866 1507 942 1503 950 1507 951 1507 951 1507 952 1507 953 1507 976 1500 976 1490 974 1455 871 1455 817 1447 816 1447 815 1447 814 1447 805 1455 775 1455 765 1447 764 1447 763 1447 723 1447 722 1447 721 1447 697 1455 654 1455 639 1447 638 1447 595 1447 594 1447 510 1454 485 1448 484 1448 483 1448 482 1448 463 1456 411 1456 397 1448 396 1448 395 1448 394 1448 378 1455 354 1448 353 1448 352 1448 270 1455 252 1448 251 1448 250 1448 249 1448 248 1448 239 1455 202 1448 201 1448 200 1448 177 1455 178 1492"/>
                        </Shape>
                        <String CONTENT=""/>
                    </TextLine>

                    <TextLine ID="line_30" HPOS="184" VPOS="1498" WIDTH="648" HEIGHT="74" BASELINE="185 1538 832 1540" TAGREFS="TYPE_1">
                        <Shape>
                            <Polygon POINTS="185 1538 184 1568 210 1570 211 1570 211 1570 216 1568 242 1558 267 1561 273 1567 276 1569 276 1570 277 1570 278 1570 279 1570 280 1570 287 1567 300 1561 313 1566 315 1567 316 1567 317 1567 317 1567 319 1566 335 1558 360 1566 374 1570 375 1570 376 1570 402 1565 423 1561 437 1565 450 1568 451 1568 452 1568 453 1568 454 1568 458 1564 465 1560 471 1564 480 1570 481 1570 482 1570 483 1571 504 1571 504 1570 505 1570 506 1570 517 1563 523 1559 527 1563 534 1570 534 1571 535 1571 536 1571 537 1572 561 1572 561 1571 562 1571 563 1571 571 1564 591 1571 592 1571 593 1571 594 1571 614 1562 621 1559 679 1559 683 1561 697 1571 698 1571 699 1571 700 1572 733 1572 733 1571 734 1571 735 1571 741 1564 831 1558 832 1540 831 1508 767 1498 685 1498 684 1498 683 1498 667 1506 649 1498 648 1498 647 1498 622 1503 617 1499 617 1498 616 1498 615 1498 582 1498 581 1498 580 1498 551 1507 549 1507 544 1507 500 1501 499 1501 498 1501 480 1506 480 1507 462 1507 462 1506 457 1502 457 1501 456 1501 455 1501 454 1501 410 1505 382 1498 381 1498 380 1498 379 1498 378 1498 368 1505 354 1501 353 1501 352 1501 352 1501 351 1501 343 1506 342 1506 318 1506 298 1506 272 1499 271 1499 270 1499 269 1499 253 1506 252 1506 250 1506 226 1501 225 1501 185 1505 185 1538"/>
                        </Shape>
                        <String CONTENT=""/>
                    </TextLine>
</TextBlock>
                <TextBlock ID="block_1" HPOS="852" VPOS="1552" WIDTH="126" HEIGHT="53" TAGREFS="TYPE_4">
                    <Shape>
                        <Polygon POINTS="852.6441040039062 1552.944580078125 978.9301147460938 1552.944580078125 978.9301147460938 1605.2235107421875 852.6441040039062 1605.2235107421875 852.6441040039062 1552.944580078125"/>
                    </Shape>
                    <TextLine ID="line_31" HPOS="846" VPOS="1542" WIDTH="129" HEIGHT="87" BASELINE="848 1592 975 1589" TAGREFS="TYPE_1">
                        <Shape>
                            <Polygon POINTS="848 1592 849 1629 880 1629 880 1628 880 1628 881 1628 881 1627 882 1627 900 1610 932 1610 956 1623 962 1626 963 1626 964 1626 965 1626 975 1622 975 1589 970 1546 958 1557 922 1557 898 1546 889 1542 888 1542 887 1542 846 1545 848 1592"/>
                        </Shape>
                        <String CONTENT=""/>
                    </TextLine>
</TextBlock>
            </PrintSpace>
        </Page>
    </Layout>
</alto>