<?xml version="1.0" encoding="UTF-8"?>
<alto xmlns:xsi="http://www.w3.org/2001/XMLSchema-instance"
    xmlns="http://www.loc.gov/standards/alto/ns-v4#"
    xsi:schemaLocation="http://www.loc.gov/standards/alto/ns-v4# http://www.loc.gov/standards/alto/v4/alto-4-3.xsd">
    <Description>
        <MeasurementUnit>pixel</MeasurementUnit>
        <sourceImageInformation>
            <fileName>bsb10313792_00165.jpg</fileName>
        </sourceImageInformation>
        <Processing ID="OCR_0">
            <processingCategory>other</processingCategory>
            <processingStepDescription>unknown</processingStepDescription>
            <processingSoftware>
                <softwareName>kraken</softwareName>
                <softwareVersion>4.3.13</softwareVersion>
            </processingSoftware>
        </Processing>
    </Description>
    <Tags>
        <OtherTag ID="TYPE_1" LABEL="DefaultLine"/>
        <OtherTag ID="TYPE_2" LABEL="MainZone-Other"/>
        <OtherTag ID="TYPE_3" LABEL="RunningTitleZone"/>
        <OtherTag ID="TYPE_4" LABEL="QuireMarksZone"/>
        <OtherTag ID="TYPE_5" LABEL="MarginTextZone-Notes-Continued"/>
        <OtherTag ID="TYPE_6" LABEL="MarginTextZone-Notes"/>
        <OtherTag ID="TYPE_7" LABEL="GraphicZone-TextualContent"/>
        <OtherTag ID="TYPE_8" LABEL="DigitizationArtefactZone"/>
        <OtherTag ID="TYPE_9" LABEL="TableZone-Continued"/>
        <OtherTag ID="TYPE_10" LABEL="MainZone-Lg"/>
        <OtherTag ID="TYPE_11" LABEL="MainZone-Head"/>
        <OtherTag ID="TYPE_12" LABEL="StampZone"/>
        <OtherTag ID="TYPE_13" LABEL="MainZone-Form"/>
        <OtherTag ID="TYPE_14" LABEL="MainZone-List-Continued"/>
        <OtherTag ID="TYPE_15" LABEL="MainZone-Signature"/>
        <OtherTag ID="TYPE_16" LABEL="MarginTextZone-ManuscriptAddendum"/>
        <OtherTag ID="TYPE_17" LABEL="MainZone-P-Continued"/>
        <OtherTag ID="TYPE_18" LABEL="StampZone-Sticker"/>
        <OtherTag ID="TYPE_19" LABEL="TableZone-Head"/>
        <OtherTag ID="TYPE_20" LABEL="GraphicZone-Decoration"/>
        <OtherTag ID="TYPE_21" LABEL="DropCapitalZone"/>
        <OtherTag ID="TYPE_22" LABEL="NumberingZone"/>
        <OtherTag ID="TYPE_23" LABEL="FigureZone-Head"/>
        <OtherTag ID="TYPE_24" LABEL="TitlePageZone"/>
        <OtherTag ID="TYPE_25" LABEL="GraphicZone-Maths"/>
        <OtherTag ID="TYPE_26" LABEL="MainZone-Entry-Continued"/>
        <OtherTag ID="TYPE_27" LABEL="MainZone-Sp"/>
        <OtherTag ID="TYPE_28" LABEL="MainZone-Entry"/>
        <OtherTag ID="TYPE_29" LABEL="GraphicZone-Part"/>
        <OtherTag ID="TYPE_30" LABEL="GraphicZone"/>
        <OtherTag ID="TYPE_31" LABEL="MainZone-Sp-Continued"/>
        <OtherTag ID="TYPE_32" LABEL="TableZone"/>
        <OtherTag ID="TYPE_33" LABEL="TitlePageZone-Index"/>
        <OtherTag ID="TYPE_34" LABEL="AdvertisementZone"/>
        <OtherTag ID="TYPE_35" LABEL="MainZone-Date"/>
        <OtherTag ID="TYPE_36" LABEL="FigureZone-FigDesc"/>
        <OtherTag ID="TYPE_37" LABEL="GraphicZone-Head"/>
        <OtherTag ID="TYPE_38" LABEL="MainZone-List"/>
        <OtherTag ID="TYPE_39" LABEL="MainZone-P"/>
        <OtherTag ID="TYPE_40" LABEL="MainZone-Lg-Continued"/>
        <OtherTag ID="TYPE_41" LABEL="FigureZone"/>
        <OtherTag ID="TYPE_42" LABEL="GraphicZone-FigDesc"/>
    </Tags>
    <Layout>
        <Page WIDTH="1073" HEIGHT="1744" PHYSICAL_IMG_NR="0" ID="page_0">
            <PrintSpace HPOS="0" VPOS="0" WIDTH="1073" HEIGHT="1744">
                <TextBlock ID="block_0" HPOS="127" VPOS="53" WIDTH="657" HEIGHT="52" TAGREFS="TYPE_3">
                    <Shape>
                        <Polygon POINTS="127.39119720458984 53.028038024902344 784.221435546875 53.028038024902344 784.221435546875 105.23868560791016 127.39119720458984 105.23868560791016 127.39119720458984 53.028038024902344"/>
                    </Shape>
                    <TextLine ID="line_0" HPOS="131" VPOS="50" WIDTH="734" HEIGHT="59" BASELINE="132 92 455 89 865 93" TAGREFS="TYPE_1">
                        <Shape>
                            <Polygon POINTS="752 52 748 52 712 57 696 52 694 52 684 52 680 52 662 57 658 58 657 57 650 52 645 52 635 52 631 52 590 55 585 52 577 52 568 52 558 52 557 52 542 55 533 52 529 52 519 52 509 52 505 52 493 56 487 57 481 56 469 52 461 52 451 52 441 52 432 52 422 52 412 52 403 52 393 52 385 52 383 52 374 52 364 52 354 52 345 52 335 52 325 52 315 52 306 52 304 52 300 54 296 57 274 57 270 54 267 52 267 52 257 52 248 52 238 52 228 52 221 52 215 53 195 57 162 57 157 53 155 52 151 52 141 52 132 52 132 92 131 99 151 106 152 106 153 106 154 106 155 106 163 100 164 99 165 100 178 105 179 105 180 105 181 105 182 105 189 100 190 98 244 97 257 101 264 103 265 103 266 103 267 103 274 101 289 97 310 102 330 106 331 106 332 106 343 102 352 98 362 102 374 107 375 107 376 107 377 107 387 103 399 98 414 103 422 105 423 105 424 105 435 103 460 98 467 104 471 107 472 107 473 107 473 108 489 108 489 107 490 107 497 104 505 99 556 98 584 105 590 106 591 106 597 105 618 100 631 106 636 108 637 108 638 109 677 109 677 108 678 108 682 106 694 99 708 107 711 108 712 108 713 109 763 109 763 108 764 108 766 107 785 99 808 99 817 106 818 106 819 106 863 108 865 93 864 59 780 59 778 58 764 50 763 50 762 50 752 51 752 52"/>
                        </Shape>
                        <String CONTENT=""/>
                    </TextLine>
</TextBlock>
                <TextBlock ID="block_1" HPOS="62" VPOS="136" WIDTH="820" HEIGHT="1404" TAGREFS="TYPE_17">
                    <Shape>
                        <Polygon POINTS="62.18232727050781 136.05628967285156 882.4166259765625 136.05628967285156 882.4166259765625 1540.16748046875 62.18232727050781 1540.16748046875 62.18232727050781 136.05628967285156"/>
                    </Shape>
                    <TextLine ID="line_1" HPOS="61" VPOS="127" WIDTH="811" HEIGHT="38" BASELINE="62 146 872 148" TAGREFS="TYPE_1">
                        <Shape>
                            <Polygon POINTS="846 132 836 132 826 132 817 132 807 132 797 132 788 132 778 132 768 132 758 132 749 132 740 132 739 132 729 132 723 132 722 133 716 132 710 132 700 132 691 132 681 132 680 132 676 135 597 135 593 132 584 132 574 132 565 132 564 132 553 134 539 132 536 132 526 132 516 132 506 132 504 132 502 134 485 132 477 132 468 132 458 132 448 132 445 132 442 134 349 134 347 132 342 132 332 132 322 132 315 132 306 134 254 134 252 132 245 132 235 132 226 132 223 133 183 132 177 132 167 132 157 132 148 132 138 132 128 132 119 132 109 132 99 132 90 132 80 132 70 132 62 132 62 146 61 155 94 155 108 164 109 164 110 164 111 164 205 156 216 156 224 157 276 164 277 164 315 158 329 156 465 156 478 160 491 164 492 164 493 164 494 164 503 160 511 157 532 157 538 161 544 165 545 165 546 165 547 165 575 161 596 159 615 162 633 165 634 165 635 165 641 162 653 157 684 157 708 163 715 165 716 165 717 165 733 164 770 160 780 164 782 165 783 165 784 165 788 164 813 160 870 165 872 148 870 127 847 127 846 132"/>
                        </Shape>
                        <String CONTENT=""/>
                    </TextLine>

                    <TextLine ID="line_2" HPOS="68" VPOS="152" WIDTH="803" HEIGHT="63" BASELINE="69 193 871 196" TAGREFS="TYPE_1">
                        <Shape>
                            <Polygon POINTS="69 193 68 203 140 212 141 212 142 212 157 205 205 211 206 211 207 211 219 206 233 212 234 212 235 213 294 213 294 212 295 212 311 205 312 205 315 205 371 212 372 212 373 212 385 206 411 206 490 206 504 213 505 213 506 213 549 207 603 214 604 215 855 215 855 214 856 214 870 208 871 196 870 166 830 166 828 165 795 156 794 156 793 156 792 156 778 164 775 166 725 166 721 163 697 155 696 155 695 155 694 155 675 163 670 166 626 166 620 162 600 153 599 153 584 153 583 153 582 153 581 153 568 161 568 162 565 161 532 153 531 153 530 153 492 160 491 160 463 153 462 153 461 153 460 153 441 160 432 163 426 159 414 153 413 153 412 153 411 153 311 154 310 154 301 158 291 163 280 157 266 152 265 152 174 152 173 152 172 152 163 156 150 164 119 164 107 155 102 152 101 152 100 152 99 152 69 155 69 193"/>
                        </Shape>
                        <String CONTENT=""/>
                    </TextLine>

                    <TextLine ID="line_3" HPOS="68" VPOS="201" WIDTH="803" HEIGHT="63" BASELINE="69 244 871 246" TAGREFS="TYPE_1">
                        <Shape>
                            <Polygon POINTS="69 244 68 253 104 262 105 262 149 257 160 263 161 263 162 263 163 263 183 255 214 255 265 255 280 262 281 262 282 262 283 262 296 256 315 263 315 263 316 263 362 256 385 263 386 263 387 264 463 264 463 263 464 263 465 263 474 256 476 256 510 256 513 257 524 264 525 264 526 264 527 264 528 264 552 258 568 263 569 263 570 263 571 263 572 263 579 257 581 256 588 257 617 264 618 264 649 258 650 258 652 258 673 262 674 262 675 262 684 258 690 256 700 258 726 264 727 264 870 259 871 246 871 214 843 205 842 205 841 205 840 205 839 205 831 211 809 207 808 207 807 207 797 212 790 216 776 212 760 208 759 208 758 208 757 208 744 212 728 216 719 211 703 203 702 203 701 203 700 203 699 203 689 211 684 214 673 210 656 205 655 205 654 205 653 205 636 210 615 216 584 209 556 203 555 203 523 208 515 209 504 208 470 202 378 202 378 202 377 202 369 205 347 216 137 216 69 201 69 244"/>
                        </Shape>
                        <String CONTENT=""/>
                    </TextLine>

                    <TextLine ID="line_4" HPOS="70" VPOS="253" WIDTH="799" HEIGHT="58" BASELINE="71 294 869 293" TAGREFS="TYPE_1">
                        <Shape>
                            <Polygon POINTS="71 294 71 305 208 311 209 311 210 311 211 311 217 307 219 305 226 307 243 310 244 310 245 310 252 307 258 305 454 305 461 308 463 310 464 310 465 310 466 310 467 310 471 309 478 306 517 309 547 311 548 311 549 311 550 311 552 309 559 305 565 309 567 311 568 311 568 311 569 311 619 311 619 311 629 310 656 305 663 310 664 311 665 311 666 311 667 311 868 311 869 293 868 264 835 255 834 255 833 255 832 255 831 255 821 263 820 264 722 264 718 262 691 253 690 253 689 253 688 253 672 262 669 263 658 261 632 258 631 258 631 258 624 261 621 262 617 261 589 253 588 253 587 253 586 253 569 261 564 263 538 260 483 254 482 254 481 254 465 260 454 263 447 259 435 253 434 253 433 253 407 259 401 260 397 259 380 253 379 253 378 253 315 258 297 259 293 258 280 253 279 253 222 253 221 253 220 253 220 253 215 257 205 264 148 264 136 256 131 253 130 253 129 253 128 253 70 255 71 294"/>
                        </Shape>
                        <String CONTENT=""/>
                    </TextLine>

                    <TextLine ID="line_5" HPOS="72" VPOS="302" WIDTH="798" HEIGHT="63" BASELINE="73 342 870 343" TAGREFS="TYPE_1">
                        <Shape>
                            <Polygon POINTS="73 342 72 352 116 354 131 362 132 362 133 362 187 355 244 363 245 363 246 363 247 363 257 355 260 354 319 354 324 356 334 361 335 361 336 361 337 361 348 357 356 354 378 357 417 363 418 363 419 363 420 363 427 358 433 354 463 354 471 359 478 364 479 364 480 364 481 365 552 365 552 364 553 364 554 364 559 360 565 355 577 360 588 364 589 364 590 364 607 361 635 355 724 355 743 363 747 364 748 364 749 365 869 365 870 343 869 312 763 312 763 311 741 303 740 303 715 303 714 303 713 303 695 311 695 312 637 312 636 311 621 306 620 306 619 306 618 306 601 311 589 303 588 303 587 303 586 303 585 303 566 311 565 312 524 312 518 311 452 302 451 302 450 302 430 307 370 302 369 302 368 302 367 302 354 310 315 302 184 302 183 302 182 302 165 307 148 302 147 302 146 302 145 302 120 311 119 311 118 311 100 302 99 302 98 302 97 302 73 310 73 342"/>
                        </Shape>
                        <String CONTENT=""/>
                    </TextLine>

                    <TextLine ID="line_6" HPOS="69" VPOS="353" WIDTH="801" HEIGHT="55" BASELINE="69 390 870 392" TAGREFS="TYPE_1">
                        <Shape>
                            <Polygon POINTS="69 390 69 405 469 403 484 407 487 408 488 408 489 408 490 408 491 408 492 407 498 404 533 407 542 408 543 408 549 407 574 404 868 408 870 392 869 365 833 357 832 357 831 357 830 357 821 364 797 364 766 364 764 364 743 354 742 354 679 354 678 354 677 354 676 354 665 363 664 363 661 363 631 359 631 359 613 362 603 365 515 365 510 361 506 358 505 358 504 358 504 358 478 361 470 362 467 361 449 353 448 353 426 353 425 353 424 353 423 353 413 361 410 363 373 360 341 358 340 358 339 358 338 358 335 360 329 363 288 363 283 359 273 353 272 353 271 353 270 353 269 353 246 359 231 363 219 359 201 353 200 353 178 353 177 353 176 353 175 353 166 358 158 363 142 358 124 353 123 353 122 353 69 357 69 390"/>
                        </Shape>
                        <String CONTENT=""/>
                    </TextLine>

                    <TextLine ID="line_7" HPOS="70" VPOS="400" WIDTH="800" HEIGHT="62" BASELINE="71 439 870 443" TAGREFS="TYPE_1">
                        <Shape>
                            <Polygon POINTS="71 439 70 456 141 457 142 457 143 457 145 457 157 452 165 457 170 459 171 459 172 459 196 457 223 454 253 457 280 459 281 459 282 459 291 457 307 453 337 457 363 460 364 460 365 460 376 457 388 453 398 457 401 458 402 458 403 458 404 458 405 458 406 457 413 453 469 453 510 457 550 461 551 461 552 461 553 461 558 457 563 454 612 454 626 457 642 461 643 461 668 457 678 456 685 457 702 462 703 462 704 462 705 462 706 462 712 457 715 455 728 457 754 462 755 462 781 457 789 456 796 457 809 461 810 461 811 461 869 457 870 443 868 408 817 410 813 407 806 403 805 403 804 403 722 403 721 403 720 403 719 403 712 407 710 409 671 410 663 407 658 405 657 405 656 405 655 405 646 407 639 409 636 407 627 403 626 403 625 403 624 403 606 407 599 409 592 407 569 402 568 402 568 402 567 402 566 402 557 407 553 410 472 410 423 407 262 400 261 400 260 400 259 400 248 407 247 407 245 407 212 401 211 401 210 401 188 407 187 407 186 407 173 402 172 402 171 402 170 402 158 405 107 401 106 401 71 406 71 439"/>
                        </Shape>
                        <String CONTENT=""/>
                    </TextLine>

                    <TextLine ID="line_8" HPOS="72" VPOS="449" WIDTH="798" HEIGHT="58" BASELINE="73 492 870 489" TAGREFS="TYPE_1">
                        <Shape>
                            <Polygon POINTS="73 492 73 502 189 507 189 507 190 507 191 507 196 503 198 502 317 502 321 503 326 507 327 507 328 507 329 507 330 507 337 503 340 502 393 504 461 506 462 506 486 504 520 501 554 504 573 506 574 506 595 504 645 500 686 505 691 505 692 505 693 505 694 505 706 500 715 505 716 505 717 505 718 506 869 506 870 489 868 459 810 459 809 458 797 450 796 450 795 450 794 450 793 450 767 458 765 459 733 459 732 458 718 451 717 451 716 451 694 456 675 449 674 449 673 449 672 449 671 449 661 457 661 458 658 457 623 449 622 449 621 449 605 457 601 459 597 457 588 454 587 454 586 454 585 454 584 454 580 457 577 460 492 460 488 457 480 450 479 450 478 450 477 450 446 456 433 459 418 456 386 450 385 450 347 456 343 456 337 456 283 451 282 451 281 451 269 455 256 460 229 455 204 451 203 451 72 454 73 492"/>
                        </Shape>
                        <String CONTENT=""/>
                    </TextLine>

                    <TextLine ID="line_9" HPOS="70" VPOS="499" WIDTH="802" HEIGHT="61" BASELINE="70 540 872 540" TAGREFS="TYPE_1">
                        <Shape>
                            <Polygon POINTS="70 540 70 552 125 559 126 559 154 553 157 553 159 553 189 559 190 559 228 554 230 554 231 554 243 559 244 559 245 559 287 554 294 554 295 554 302 559 303 559 304 559 305 559 306 559 307 559 313 555 315 553 323 555 339 558 340 558 341 558 342 558 346 555 348 553 409 553 415 556 423 559 424 559 425 559 461 556 494 553 500 556 503 559 504 559 504 559 505 560 625 560 625 559 635 557 661 553 692 558 700 559 701 559 711 558 749 553 767 559 769 559 770 559 771 560 871 560 872 540 871 508 809 499 808 499 807 499 791 504 768 499 767 499 766 499 765 499 751 508 748 510 659 510 655 508 637 502 636 502 635 502 634 502 615 508 612 509 610 508 596 499 595 499 594 499 593 499 542 506 518 499 517 499 516 499 515 499 482 509 479 509 476 509 435 499 434 499 358 504 338 499 337 499 336 499 304 506 261 499 260 499 259 499 241 509 240 510 188 510 188 509 169 501 168 501 167 501 166 501 151 510 126 510 100 499 99 499 98 499 97 499 70 509 70 540"/>
                        </Shape>
                        <String CONTENT=""/>
                    </TextLine>

                    <TextLine ID="line_10" HPOS="64" VPOS="550" WIDTH="806" HEIGHT="57" BASELINE="65 591 870 590" TAGREFS="TYPE_1">
                        <Shape>
                            <Polygon POINTS="65 591 65 603 105 600 112 604 117 606 118 606 119 607 155 607 155 606 156 606 160 604 169 600 213 600 220 604 222 606 223 606 224 606 225 606 247 604 284 600 323 604 343 606 344 606 345 606 350 604 365 600 451 600 471 605 474 605 475 605 476 605 478 605 490 600 497 605 498 605 499 605 500 606 578 606 578 605 586 605 662 599 677 605 678 605 679 606 869 606 870 590 867 558 822 558 820 557 811 551 810 551 809 551 808 551 807 551 792 557 789 558 781 557 746 553 745 553 723 557 716 558 712 557 694 550 694 550 693 550 631 557 615 559 575 559 572 556 568 553 568 553 567 553 566 553 565 553 564 553 560 556 560 557 559 556 551 550 550 550 549 550 548 550 517 556 507 558 500 556 484 552 483 552 482 552 448 556 438 557 434 556 421 551 420 551 419 551 389 556 385 556 382 556 367 551 366 551 365 551 345 556 329 559 311 555 287 551 165 551 164 551 163 551 162 551 157 555 151 560 111 560 103 555 98 551 97 551 96 551 95 551 64 554 65 591"/>
                        </Shape>
                        <String CONTENT=""/>
                    </TextLine>

                    <TextLine ID="line_11" HPOS="65" VPOS="598" WIDTH="806" HEIGHT="59" BASELINE="66 640 871 638" TAGREFS="TYPE_1">
                        <Shape>
                            <Polygon POINTS="66 640 66 651 98 656 99 657 141 657 141 656 142 656 143 656 150 652 151 651 156 652 175 656 176 656 177 656 202 652 211 651 276 651 280 653 284 655 285 655 286 655 287 655 288 655 289 655 293 653 296 651 336 651 340 653 345 656 346 656 347 656 347 656 381 653 406 651 429 654 455 656 456 656 457 656 465 654 474 650 484 654 489 655 490 655 491 655 492 655 497 654 504 651 510 654 514 655 515 655 516 655 529 654 551 651 869 655 871 638 869 599 833 598 832 598 831 598 829 599 815 607 784 601 783 601 722 607 700 600 698 599 697 599 696 599 695 599 693 600 667 608 631 608 620 600 617 598 616 598 615 598 571 598 570 598 569 598 568 598 566 600 557 607 517 601 498 598 497 598 456 601 382 607 367 602 359 599 358 599 315 599 314 599 313 599 304 602 287 609 246 609 235 602 230 599 229 599 228 599 186 599 185 599 184 599 183 599 178 603 170 609 118 609 109 603 103 599 102 599 101 599 100 599 65 603 66 640"/>
                        </Shape>
                        <String CONTENT=""/>
                    </TextLine>

                    <TextLine ID="line_12" HPOS="65" VPOS="649" WIDTH="806" HEIGHT="60" BASELINE="66 689 871 687" TAGREFS="TYPE_1">
                        <Shape>
                            <Polygon POINTS="66 689 66 701 139 701 156 708 157 708 157 709 199 709 199 708 200 708 201 708 210 702 218 708 219 708 220 708 220 708 270 701 362 701 395 708 396 708 397 708 398 708 409 700 500 700 561 700 562 700 581 707 582 707 583 707 661 701 712 707 713 707 714 707 726 700 763 707 764 707 765 707 786 702 839 707 840 707 871 699 871 687 870 657 857 651 856 651 855 651 854 651 853 651 845 657 797 657 779 651 778 651 777 651 776 651 765 656 754 649 753 649 752 649 751 649 750 649 726 657 602 657 591 649 590 649 589 649 588 649 451 650 450 650 433 656 432 657 431 656 417 650 416 650 415 650 414 650 387 656 383 657 378 656 346 651 345 651 318 656 315 657 315 656 303 650 302 650 301 650 300 650 261 656 254 658 207 658 205 656 195 650 194 650 193 650 192 650 123 656 111 657 109 656 100 650 99 650 98 650 77 650 76 650 75 650 74 650 65 654 66 689"/>
                        </Shape>
                        <String CONTENT=""/>
                    </TextLine>

                    <TextLine ID="line_13" HPOS="72" VPOS="700" WIDTH="797" HEIGHT="58" BASELINE="73 740 869 738" TAGREFS="TYPE_1">
                        <Shape>
                            <Polygon POINTS="73 740 73 750 130 750 131 750 138 756 139 756 140 756 141 756 171 750 174 750 177 750 198 756 199 756 200 756 201 756 202 756 211 751 213 749 380 749 388 752 398 757 399 757 400 758 467 758 467 757 468 757 480 753 497 748 518 748 529 754 534 756 535 756 536 756 549 754 565 751 574 754 581 756 582 756 583 757 688 757 688 756 689 756 694 755 717 749 744 755 745 755 769 750 867 756 869 738 867 709 845 704 844 704 809 708 798 709 795 708 776 700 775 700 774 700 773 700 772 700 762 708 759 710 699 710 695 707 681 700 680 700 624 700 623 700 622 700 603 706 595 710 525 710 517 705 509 702 508 702 507 702 479 705 447 709 436 705 425 701 424 701 357 701 356 701 355 701 354 701 350 704 342 711 296 711 268 703 257 701 256 701 255 701 249 703 238 706 215 703 200 701 199 701 198 701 197 701 195 703 186 711 146 711 130 702 128 701 127 701 126 701 120 702 98 706 72 702 73 740"/>
                        </Shape>
                        <String CONTENT=""/>
                    </TextLine>

                    <TextLine ID="line_14" HPOS="70" VPOS="747" WIDTH="798" HEIGHT="59" BASELINE="71 789 868 786" TAGREFS="TYPE_1">
                        <Shape>
                            <Polygon POINTS="71 789 71 800 135 806 136 806 286 801 346 799 423 799 433 801 451 805 452 805 471 801 480 799 487 801 499 805 500 805 501 805 541 801 557 800 866 801 868 786 865 752 831 755 825 752 818 747 817 747 816 747 797 747 796 747 757 753 747 754 745 753 735 747 734 747 733 747 708 747 707 747 706 747 705 747 694 753 688 757 606 757 596 754 559 747 558 747 557 747 538 755 534 757 531 755 520 747 519 747 518 747 470 747 469 747 468 747 451 756 448 758 431 758 426 756 396 747 395 747 339 747 338 747 337 747 336 747 324 756 286 749 285 749 245 758 243 759 197 759 170 759 154 748 153 748 152 748 151 748 150 748 149 748 142 753 96 748 95 748 94 748 70 758 71 789"/>
                        </Shape>
                        <String CONTENT=""/>
                    </TextLine>

                    <TextLine ID="line_15" HPOS="66" VPOS="795" WIDTH="803" HEIGHT="61" BASELINE="67 838 869 836" TAGREFS="TYPE_1">
                        <Shape>
                            <Polygon POINTS="67 838 67 848 100 855 101 855 102 855 118 849 121 848 124 849 141 855 142 855 143 855 194 849 210 848 219 850 242 855 243 856 288 856 288 855 289 855 305 850 314 848 385 848 391 851 397 855 398 855 399 855 400 855 401 855 410 851 414 850 417 851 427 855 428 855 429 855 430 855 437 851 442 848 451 851 462 855 463 855 464 855 465 855 466 855 466 854 470 851 473 847 495 847 522 852 535 854 536 854 536 854 543 852 559 847 867 854 869 836 867 806 764 800 763 800 719 805 710 799 709 799 708 799 635 795 634 795 633 795 598 805 560 797 559 797 526 805 500 798 499 798 498 798 497 798 496 798 486 806 455 806 437 796 436 796 411 796 410 796 410 796 409 796 394 807 373 807 358 796 357 796 356 796 304 796 303 796 302 796 283 804 260 796 259 796 222 796 221 796 163 806 154 799 153 799 152 799 100 796 99 796 98 796 66 807 67 838"/>
                        </Shape>
                        <String CONTENT=""/>
                    </TextLine>

                    <TextLine ID="line_16" HPOS="65" VPOS="844" WIDTH="804" HEIGHT="63" BASELINE="66 888 869 883" TAGREFS="TYPE_1">
                        <Shape>
                            <Polygon POINTS="66 888 66 905 125 907 126 907 126 907 131 905 139 902 158 904 177 907 178 907 196 904 227 899 359 899 367 902 371 903 372 903 373 903 374 903 378 902 388 898 405 902 416 903 417 903 471 901 519 898 527 900 545 905 546 905 547 905 548 905 572 899 579 898 587 899 618 904 619 904 649 899 687 904 688 904 721 897 728 896 740 897 799 903 800 903 831 898 846 903 847 903 848 903 849 903 869 895 869 883 866 851 602 855 589 849 577 844 576 844 575 844 574 844 573 844 567 849 558 855 548 849 546 847 545 847 544 847 488 845 487 845 486 845 477 849 473 850 463 848 443 845 442 845 441 845 431 848 410 855 393 848 385 845 384 845 383 845 382 845 376 848 363 854 353 848 351 846 350 846 349 846 305 846 304 846 303 846 297 848 269 857 159 858 143 847 142 847 141 847 65 847 66 888"/>
                        </Shape>
                        <String CONTENT=""/>
                    </TextLine>

                    <TextLine ID="line_17" HPOS="62" VPOS="894" WIDTH="806" HEIGHT="65" BASELINE="63 938 868 934" TAGREFS="TYPE_1">
                        <Shape>
                            <Polygon POINTS="63 938 63 959 82 949 123 958 124 959 154 959 167 959 167 958 168 958 169 958 182 949 225 948 284 948 323 957 324 957 379 954 380 954 394 947 404 952 405 952 406 952 407 952 417 947 504 947 531 956 532 956 533 956 534 956 551 947 575 955 576 955 577 956 627 956 627 955 628 955 650 947 678 952 679 952 744 945 779 954 780 954 781 955 867 955 868 934 865 903 774 903 773 903 756 894 755 894 754 894 715 903 693 895 692 895 691 895 690 895 689 895 678 903 677 903 676 903 658 895 657 895 656 895 655 895 631 903 615 896 614 896 567 895 566 895 565 895 564 895 552 903 532 896 531 896 435 896 434 896 433 896 432 896 424 903 400 904 382 905 373 904 322 897 321 897 320 897 288 904 284 905 279 904 222 897 221 897 179 905 172 906 62 906 63 938"/>
                        </Shape>
                        <String CONTENT=""/>
                    </TextLine>

                    <TextLine ID="line_18" HPOS="66" VPOS="947" WIDTH="806" HEIGHT="60" BASELINE="67 990 872 981" TAGREFS="TYPE_1">
                        <Shape>
                            <Polygon POINTS="67 990 67 1002 139 1007 140 1007 141 1007 159 1002 171 999 192 1002 220 1005 221 1005 222 1005 223 1005 228 1001 233 998 288 998 293 1001 299 1005 300 1005 301 1005 302 1006 335 1006 335 1005 336 1005 337 1005 342 1000 347 997 392 1000 423 1002 424 1002 438 1000 457 996 471 999 484 1003 485 1003 486 1003 487 1003 500 999 514 996 554 999 587 1002 588 1002 629 998 645 997 653 998 669 1001 670 1001 692 998 722 994 729 998 732 1000 733 1000 734 1000 735 1000 736 1000 737 1000 740 997 747 994 784 997 803 999 804 999 872 996 872 981 870 955 785 950 784 950 783 950 782 950 778 954 776 956 742 956 740 954 731 947 730 947 729 947 728 947 727 947 711 954 707 955 693 954 645 949 644 949 619 954 600 957 588 953 569 948 568 948 568 948 526 953 503 956 488 953 460 947 459 947 435 953 410 959 401 953 399 951 398 951 397 951 337 948 336 948 294 952 215 961 188 952 182 950 181 950 180 950 179 950 172 952 147 960 108 952 103 951 102 951 66 951 67 990"/>
                        </Shape>
                        <String CONTENT=""/>
                    </TextLine>

                    <TextLine ID="line_19" HPOS="59" VPOS="996" WIDTH="812" HEIGHT="62" BASELINE="60 1038 871 1031" TAGREFS="TYPE_1">
                        <Shape>
                            <Polygon POINTS="60 1038 60 1049 104 1049 115 1057 116 1057 117 1057 118 1058 135 1058 135 1057 175 1048 176 1047 356 1047 357 1047 379 1053 380 1053 381 1053 382 1053 383 1053 392 1047 447 1051 448 1051 494 1046 499 1046 504 1046 589 1053 590 1053 631 1047 642 1052 643 1052 644 1052 860 1051 861 1051 862 1051 871 1045 871 1031 869 1004 842 1004 842 1003 828 996 827 996 826 996 825 996 812 1003 755 998 754 998 753 998 734 1003 730 1004 722 1003 683 999 682 999 681 999 680 999 674 1003 672 1005 614 1005 607 1003 590 997 589 997 588 997 587 997 567 1003 560 1005 557 1003 549 997 548 997 547 997 546 997 481 998 480 998 469 1003 463 1005 452 1003 426 998 425 998 303 999 302 999 301 999 296 1003 292 1006 285 1003 282 1001 281 1001 280 1001 269 1003 243 1008 224 1003 216 1000 215 1000 214 1000 201 1003 173 1009 59 1003 60 1038"/>
                        </Shape>
                        <String CONTENT=""/>
                    </TextLine>

                    <TextLine ID="line_20" HPOS="63" VPOS="1043" WIDTH="808" HEIGHT="63" BASELINE="63 1087 871 1083" TAGREFS="TYPE_1">
                        <Shape>
                            <Polygon POINTS="63 1087 63 1106 112 1105 113 1105 128 1097 187 1097 203 1104 204 1104 205 1104 264 1096 271 1101 272 1101 273 1101 274 1101 440 1096 456 1102 462 1104 463 1104 464 1104 474 1102 505 1095 521 1101 525 1103 526 1103 527 1103 528 1103 533 1101 548 1095 587 1101 605 1103 606 1103 625 1100 644 1097 654 1100 662 1103 663 1103 664 1103 703 1099 729 1097 746 1099 771 1102 772 1102 773 1102 774 1102 778 1099 784 1094 801 1098 818 1102 819 1102 870 1097 871 1083 869 1052 781 1046 780 1046 779 1046 768 1051 758 1044 757 1044 757 1044 756 1044 755 1044 737 1049 723 1044 722 1044 721 1044 720 1044 719 1044 709 1052 663 1052 623 1044 622 1044 585 1052 565 1043 564 1043 563 1043 562 1043 529 1052 514 1043 513 1043 512 1043 493 1043 492 1043 451 1044 450 1044 449 1044 440 1050 426 1044 425 1044 424 1044 423 1044 411 1051 405 1046 404 1046 403 1046 402 1046 401 1046 393 1050 320 1044 319 1044 318 1044 317 1044 305 1054 288 1054 266 1044 265 1044 264 1044 263 1044 241 1054 208 1045 207 1045 144 1045 143 1045 142 1045 141 1045 126 1055 63 1055 63 1087"/>
                        </Shape>
                        <String CONTENT=""/>
                    </TextLine>

                    <TextLine ID="line_21" HPOS="59" VPOS="1091" WIDTH="810" HEIGHT="63" BASELINE="60 1136 869 1130" TAGREFS="TYPE_1">
                        <Shape>
                            <Polygon POINTS="60 1136 60 1152 177 1148 183 1152 187 1154 188 1154 189 1154 189 1154 253 1153 277 1151 299 1147 312 1150 327 1153 328 1153 329 1153 330 1153 345 1150 358 1146 375 1149 385 1151 386 1151 387 1151 395 1149 405 1146 410 1149 418 1152 419 1152 420 1152 421 1152 422 1152 427 1148 432 1145 468 1145 489 1148 521 1152 522 1152 556 1147 557 1147 589 1152 590 1152 591 1152 612 1146 613 1146 624 1146 833 1150 834 1150 868 1142 869 1130 867 1102 813 1102 795 1091 794 1091 793 1091 792 1091 791 1091 758 1100 740 1091 739 1091 738 1091 696 1098 681 1092 680 1092 679 1092 678 1092 647 1103 594 1103 574 1103 561 1093 560 1093 559 1093 499 1093 498 1093 497 1093 496 1093 480 1103 437 1094 357 1094 356 1094 355 1094 340 1101 327 1095 326 1095 325 1095 302 1100 285 1095 284 1095 284 1095 283 1095 282 1095 268 1105 268 1106 192 1107 164 1107 163 1106 143 1096 142 1096 141 1096 140 1096 118 1102 100 1097 99 1097 98 1097 59 1106 60 1136"/>
                        </Shape>
                        <String CONTENT=""/>
                    </TextLine>

                    <TextLine ID="line_22" HPOS="63" VPOS="1141" WIDTH="808" HEIGHT="64" BASELINE="63 1183 871 1180" TAGREFS="TYPE_1">
                        <Shape>
                            <Polygon POINTS="63 1183 63 1196 112 1196 128 1204 129 1204 130 1205 178 1205 178 1204 179 1204 180 1204 189 1196 220 1203 220 1203 221 1203 250 1196 303 1201 304 1201 347 1195 381 1195 390 1201 391 1201 392 1201 393 1201 424 1195 449 1202 450 1202 451 1202 486 1194 537 1201 538 1201 568 1194 596 1202 597 1202 598 1202 599 1202 614 1197 649 1202 650 1202 651 1202 652 1202 662 1195 671 1201 672 1201 673 1201 674 1202 790 1202 790 1201 791 1201 792 1201 802 1193 843 1201 844 1201 845 1201 871 1191 871 1180 869 1146 837 1141 836 1141 835 1141 834 1141 826 1146 818 1151 743 1147 733 1147 732 1147 720 1147 647 1152 640 1148 630 1143 629 1143 628 1143 627 1143 626 1143 617 1149 610 1152 577 1152 571 1149 557 1142 556 1142 555 1142 554 1142 553 1142 542 1150 541 1150 538 1150 504 1143 503 1143 502 1143 484 1148 477 1142 476 1142 475 1142 474 1142 367 1143 330 1152 326 1152 325 1152 312 1143 311 1143 310 1143 265 1143 264 1143 263 1143 246 1152 243 1154 186 1154 185 1153 170 1146 169 1146 168 1146 167 1146 157 1150 150 1144 149 1144 148 1144 109 1144 108 1144 107 1144 106 1144 93 1154 63 1154 63 1183"/>
                        </Shape>
                        <String CONTENT=""/>
                    </TextLine>

                    <TextLine ID="line_23" HPOS="65" VPOS="1190" WIDTH="805" HEIGHT="64" BASELINE="66 1233 870 1228" TAGREFS="TYPE_1">
                        <Shape>
                            <Polygon POINTS="66 1233 67 1254 101 1245 160 1253 165 1253 166 1253 167 1253 168 1253 178 1245 237 1245 274 1249 275 1249 276 1249 277 1249 284 1245 344 1245 353 1249 353 1250 354 1250 355 1250 356 1250 367 1249 404 1245 412 1248 418 1251 419 1251 420 1251 436 1248 458 1244 468 1247 473 1250 474 1250 513 1251 514 1251 596 1246 830 1249 831 1249 832 1249 833 1249 844 1242 845 1242 869 1242 870 1228 868 1201 836 1201 836 1200 812 1190 811 1190 810 1190 767 1200 766 1200 765 1200 750 1196 749 1196 748 1196 718 1200 707 1201 620 1201 619 1200 608 1191 607 1191 606 1191 605 1191 511 1192 510 1192 509 1192 501 1199 497 1202 489 1199 472 1193 471 1193 470 1193 436 1199 433 1199 424 1192 423 1192 422 1192 421 1192 349 1193 320 1198 301 1202 287 1198 268 1193 267 1193 239 1193 238 1193 237 1193 226 1198 220 1201 215 1198 209 1195 208 1195 207 1195 206 1195 197 1198 179 1204 118 1204 108 1198 103 1194 102 1194 101 1194 100 1194 65 1197 66 1233"/>
                        </Shape>
                        <String CONTENT=""/>
                    </TextLine>

                    <TextLine ID="line_24" HPOS="67" VPOS="1243" WIDTH="805" HEIGHT="60" BASELINE="68 1281 872 1278" TAGREFS="TYPE_1">
                        <Shape>
                            <Polygon POINTS="68 1281 68 1295 132 1295 137 1296 173 1303 174 1303 199 1298 233 1303 234 1303 235 1303 236 1303 245 1296 247 1295 299 1295 302 1296 315 1303 315 1303 316 1303 317 1303 332 1296 335 1294 363 1294 387 1296 423 1299 424 1299 439 1296 448 1294 456 1296 477 1302 478 1302 479 1303 513 1303 513 1302 514 1302 515 1302 523 1296 527 1294 553 1296 609 1301 610 1301 672 1296 680 1296 683 1296 701 1300 702 1300 703 1300 704 1300 709 1296 713 1293 724 1296 738 1301 739 1301 740 1301 871 1296 872 1278 868 1245 853 1251 750 1251 731 1245 720 1243 719 1243 718 1243 693 1246 675 1248 662 1246 641 1243 640 1243 639 1243 631 1246 622 1250 606 1246 599 1245 598 1245 597 1245 591 1247 577 1251 564 1247 551 1244 550 1244 549 1244 548 1244 547 1244 541 1247 534 1252 448 1252 410 1248 336 1244 335 1244 254 1250 229 1252 222 1250 202 1245 201 1245 200 1245 172 1251 167 1252 166 1251 157 1245 157 1245 156 1245 82 1245 81 1245 80 1245 67 1250 68 1281"/>
                        </Shape>
                        <String CONTENT=""/>
                    </TextLine>

                    <TextLine ID="line_25" HPOS="66" VPOS="1290" WIDTH="806" HEIGHT="64" BASELINE="67 1333 872 1328" TAGREFS="TYPE_1">
                        <Shape>
                            <Polygon POINTS="67 1333 67 1345 162 1345 164 1345 180 1354 181 1354 182 1354 183 1354 206 1346 212 1344 238 1346 293 1350 294 1350 295 1350 304 1346 312 1343 351 1343 360 1347 368 1350 369 1350 370 1350 371 1350 380 1347 397 1342 418 1347 436 1351 437 1351 438 1351 450 1347 468 1342 476 1348 482 1352 483 1352 484 1352 485 1352 504 1348 516 1345 532 1348 548 1351 549 1351 550 1351 551 1351 555 1348 562 1344 577 1348 584 1350 585 1350 586 1350 598 1348 625 1344 662 1349 681 1351 682 1351 683 1351 689 1349 705 1343 725 1349 727 1350 728 1350 729 1351 871 1351 872 1328 870 1298 803 1292 802 1292 743 1297 723 1290 722 1290 721 1290 720 1290 706 1296 682 1290 681 1290 680 1290 679 1290 661 1299 596 1299 568 1291 568 1291 567 1291 524 1299 503 1293 502 1293 501 1293 500 1293 487 1297 469 1291 468 1291 403 1291 402 1291 401 1291 380 1298 372 1292 371 1292 370 1292 328 1292 327 1292 326 1292 309 1299 289 1292 288 1292 244 1292 243 1292 242 1292 225 1299 197 1293 196 1293 195 1293 164 1301 86 1294 85 1294 84 1294 66 1301 67 1333"/>
                        </Shape>
                        <String CONTENT=""/>
                    </TextLine>

                    <TextLine ID="line_26" HPOS="58" VPOS="1340" WIDTH="816" HEIGHT="62" BASELINE="59 1382 874 1376" TAGREFS="TYPE_1">
                        <Shape>
                            <Polygon POINTS="59 1382 59 1396 87 1396 89 1396 106 1402 107 1402 108 1402 141 1396 144 1396 147 1396 188 1402 189 1402 283 1401 284 1401 302 1396 305 1395 323 1396 436 1401 437 1401 438 1401 458 1395 467 1393 474 1395 494 1400 495 1400 496 1400 530 1395 542 1393 545 1395 552 1400 553 1400 554 1400 555 1400 616 1394 634 1393 641 1394 660 1399 661 1399 662 1399 873 1393 874 1376 871 1344 763 1348 757 1344 753 1341 752 1341 751 1341 750 1341 728 1344 717 1346 713 1344 704 1340 703 1340 702 1340 673 1345 648 1349 625 1345 596 1340 595 1340 594 1340 582 1345 571 1350 536 1346 535 1346 534 1346 460 1351 438 1346 423 1343 422 1343 421 1343 415 1346 406 1352 352 1352 346 1347 340 1342 339 1342 338 1342 337 1342 336 1342 320 1347 318 1347 316 1347 296 1343 295 1343 294 1343 293 1343 287 1347 279 1353 256 1353 247 1347 238 1343 237 1343 236 1343 58 1348 59 1382"/>
                        </Shape>
                        <String CONTENT=""/>
                    </TextLine>

                    <TextLine ID="line_27" HPOS="53" VPOS="1388" WIDTH="821" HEIGHT="64" BASELINE="54 1432 874 1425" TAGREFS="TYPE_1">
                        <Shape>
                            <Polygon POINTS="54 1432 54 1446 190 1445 193 1445 216 1450 217 1450 269 1445 284 1452 285 1452 286 1452 336 1444 339 1444 342 1444 404 1451 405 1451 435 1446 536 1448 536 1448 537 1448 538 1448 545 1443 571 1448 572 1448 620 1443 670 1448 671 1448 672 1448 693 1442 702 1448 703 1448 704 1448 705 1448 852 1447 852 1447 874 1439 874 1425 870 1390 852 1395 843 1390 838 1388 837 1388 836 1388 835 1388 826 1390 810 1395 803 1391 799 1388 798 1388 797 1388 796 1388 767 1391 749 1393 746 1391 741 1389 740 1389 739 1389 738 1389 737 1389 734 1392 726 1397 681 1397 665 1393 648 1389 647 1389 646 1389 631 1393 615 1398 591 1398 585 1394 580 1390 579 1390 578 1390 577 1390 553 1394 536 1397 517 1395 487 1391 486 1391 485 1391 484 1391 478 1395 473 1398 421 1396 314 1392 313 1392 274 1398 262 1400 254 1399 232 1393 231 1393 192 1399 187 1400 180 1400 130 1394 129 1394 128 1394 112 1401 110 1401 53 1401 54 1432"/>
                        </Shape>
                        <String CONTENT=""/>
                    </TextLine>

                    <TextLine ID="line_28" HPOS="51" VPOS="1437" WIDTH="824" HEIGHT="63" BASELINE="52 1481 875 1474" TAGREFS="TYPE_1">
                        <Shape>
                            <Polygon POINTS="52 1481 52 1494 128 1494 139 1499 140 1499 141 1499 215 1494 227 1500 228 1500 229 1500 230 1500 244 1494 272 1494 307 1500 308 1500 309 1500 327 1494 363 1498 364 1498 365 1498 385 1492 464 1492 477 1499 478 1499 479 1499 480 1500 515 1500 515 1499 631 1492 655 1497 656 1497 657 1498 757 1498 757 1497 854 1496 855 1496 875 1487 875 1474 871 1437 842 1445 792 1439 791 1439 790 1439 778 1446 716 1446 691 1440 686 1439 685 1439 684 1439 682 1440 670 1446 658 1440 655 1439 654 1439 653 1439 652 1439 648 1440 631 1448 567 1448 556 1442 555 1442 554 1442 550 1442 514 1447 493 1443 481 1441 480 1441 449 1444 396 1449 374 1445 355 1442 354 1442 353 1442 346 1446 339 1449 332 1446 323 1442 322 1442 321 1442 320 1442 308 1446 298 1449 287 1447 271 1443 270 1443 249 1447 239 1449 235 1447 224 1443 223 1443 166 1443 165 1443 164 1443 163 1443 156 1449 155 1449 149 1449 83 1444 82 1444 51 1450 52 1481"/>
                        </Shape>
                        <String CONTENT=""/>
                    </TextLine>

                    <TextLine ID="line_29" HPOS="52" VPOS="1488" WIDTH="822" HEIGHT="72" BASELINE="53 1528 874 1523" TAGREFS="TYPE_1">
                        <Shape>
                            <Polygon POINTS="53 1528 53 1547 193 1546 195 1547 215 1557 216 1557 217 1557 218 1557 247 1547 249 1546 251 1547 276 1556 277 1556 278 1556 279 1556 301 1547 320 1553 321 1553 322 1553 323 1553 340 1546 344 1545 374 1545 376 1546 394 1559 395 1559 396 1559 462 1560 463 1560 513 1559 514 1559 515 1559 530 1550 571 1557 572 1557 573 1557 594 1552 611 1558 612 1558 613 1559 698 1559 698 1558 699 1558 724 1549 736 1557 737 1557 738 1557 739 1558 757 1558 757 1557 758 1557 759 1557 772 1548 873 1543 874 1523 870 1488 848 1496 829 1492 828 1492 827 1492 805 1496 783 1490 782 1490 781 1490 780 1490 764 1496 732 1492 731 1492 730 1492 718 1497 703 1491 700 1490 699 1490 698 1490 691 1491 661 1497 652 1492 648 1489 647 1489 646 1489 608 1489 607 1489 585 1490 584 1490 583 1490 578 1493 569 1499 488 1499 479 1494 468 1490 467 1490 466 1490 465 1490 464 1490 457 1495 450 1500 380 1500 375 1496 365 1491 364 1491 363 1491 362 1491 309 1493 308 1493 295 1498 293 1499 291 1498 282 1492 281 1492 280 1492 279 1492 247 1497 233 1492 232 1492 192 1492 191 1492 190 1492 168 1500 166 1501 159 1501 91 1493 90 1493 89 1493 52 1502 53 1528"/>
                        </Shape>
                        <String CONTENT=""/>
                    </TextLine>
</TextBlock>
            </PrintSpace>
        </Page>
    </Layout>
</alto>