<?xml version="1.0" encoding="UTF-8"?>
<alto xmlns:xsi="http://www.w3.org/2001/XMLSchema-instance"
    xmlns="http://www.loc.gov/standards/alto/ns-v4#"
    xsi:schemaLocation="http://www.loc.gov/standards/alto/ns-v4# http://www.loc.gov/standards/alto/v4/alto-4-3.xsd">
    <Description>
        <MeasurementUnit>pixel</MeasurementUnit>
        <sourceImageInformation>
            <fileName>bsb10313792_00160.jpg</fileName>
        </sourceImageInformation>
        <Processing ID="OCR_0">
            <processingCategory>other</processingCategory>
            <processingStepDescription>unknown</processingStepDescription>
            <processingSoftware>
                <softwareName>kraken</softwareName>
                <softwareVersion>4.3.13</softwareVersion>
            </processingSoftware>
        </Processing>
    </Description>
    <Tags>
        <OtherTag ID="TYPE_1" LABEL="DefaultLine"/>
        <OtherTag ID="TYPE_2" LABEL="MainZone-Other"/>
        <OtherTag ID="TYPE_3" LABEL="RunningTitleZone"/>
        <OtherTag ID="TYPE_4" LABEL="QuireMarksZone"/>
        <OtherTag ID="TYPE_5" LABEL="MarginTextZone-Notes-Continued"/>
        <OtherTag ID="TYPE_6" LABEL="MarginTextZone-Notes"/>
        <OtherTag ID="TYPE_7" LABEL="GraphicZone-TextualContent"/>
        <OtherTag ID="TYPE_8" LABEL="DigitizationArtefactZone"/>
        <OtherTag ID="TYPE_9" LABEL="TableZone-Continued"/>
        <OtherTag ID="TYPE_10" LABEL="MainZone-Lg"/>
        <OtherTag ID="TYPE_11" LABEL="MainZone-Head"/>
        <OtherTag ID="TYPE_12" LABEL="StampZone"/>
        <OtherTag ID="TYPE_13" LABEL="MainZone-Form"/>
        <OtherTag ID="TYPE_14" LABEL="MainZone-List-Continued"/>
        <OtherTag ID="TYPE_15" LABEL="MainZone-Signature"/>
        <OtherTag ID="TYPE_16" LABEL="MarginTextZone-ManuscriptAddendum"/>
        <OtherTag ID="TYPE_17" LABEL="MainZone-P-Continued"/>
        <OtherTag ID="TYPE_18" LABEL="StampZone-Sticker"/>
        <OtherTag ID="TYPE_19" LABEL="TableZone-Head"/>
        <OtherTag ID="TYPE_20" LABEL="GraphicZone-Decoration"/>
        <OtherTag ID="TYPE_21" LABEL="DropCapitalZone"/>
        <OtherTag ID="TYPE_22" LABEL="NumberingZone"/>
        <OtherTag ID="TYPE_23" LABEL="FigureZone-Head"/>
        <OtherTag ID="TYPE_24" LABEL="TitlePageZone"/>
        <OtherTag ID="TYPE_25" LABEL="GraphicZone-Maths"/>
        <OtherTag ID="TYPE_26" LABEL="MainZone-Entry-Continued"/>
        <OtherTag ID="TYPE_27" LABEL="MainZone-Sp"/>
        <OtherTag ID="TYPE_28" LABEL="MainZone-Entry"/>
        <OtherTag ID="TYPE_29" LABEL="GraphicZone-Part"/>
        <OtherTag ID="TYPE_30" LABEL="GraphicZone"/>
        <OtherTag ID="TYPE_31" LABEL="MainZone-Sp-Continued"/>
        <OtherTag ID="TYPE_32" LABEL="TableZone"/>
        <OtherTag ID="TYPE_33" LABEL="TitlePageZone-Index"/>
        <OtherTag ID="TYPE_34" LABEL="AdvertisementZone"/>
        <OtherTag ID="TYPE_35" LABEL="MainZone-Date"/>
        <OtherTag ID="TYPE_36" LABEL="FigureZone-FigDesc"/>
        <OtherTag ID="TYPE_37" LABEL="GraphicZone-Head"/>
        <OtherTag ID="TYPE_38" LABEL="MainZone-List"/>
        <OtherTag ID="TYPE_39" LABEL="MainZone-P"/>
        <OtherTag ID="TYPE_40" LABEL="MainZone-Lg-Continued"/>
        <OtherTag ID="TYPE_41" LABEL="FigureZone"/>
        <OtherTag ID="TYPE_42" LABEL="GraphicZone-FigDesc"/>
    </Tags>
    <Layout>
        <Page WIDTH="1009" HEIGHT="1760" PHYSICAL_IMG_NR="0" ID="page_0">
            <PrintSpace HPOS="0" VPOS="0" WIDTH="1009" HEIGHT="1760">
                <TextBlock ID="block_3" HPOS="186" VPOS="76" WIDTH="64" HEIGHT="39" TAGREFS="TYPE_22">
                    <Shape>
                        <Polygon POINTS="186.00021362304688 76.28791046142578 250.7220001220703 76.28791046142578 250.7220001220703 115.6383285522461 186.00021362304688 115.6383285522461 186.00021362304688 76.28791046142578"/>
                    </Shape>
                    <TextLine ID="line_0" HPOS="198" VPOS="76" WIDTH="43" HEIGHT="44" BASELINE="198 100 241 100" TAGREFS="TYPE_1">
                        <Shape>
                            <Polygon POINTS="198 100 198 115 205 120 206 120 207 120 208 120 241 114 241 100 240 76 198 76 198 100"/>
                        </Shape>
                        <String CONTENT=""/>
                    </TextLine>
</TextBlock>
                <TextBlock ID="block_0" HPOS="400" VPOS="61" WIDTH="394" HEIGHT="46" TAGREFS="TYPE_3">
                    <Shape>
                        <Polygon POINTS="400.7946472167969 61.34954833984375 794.0933227539062 61.34954833984375 794.0933227539062 107.34205627441406 400.7946472167969 107.34205627441406 400.7946472167969 61.34954833984375"/>
                    </Shape>
                    <TextLine ID="line_1" HPOS="401" VPOS="53" WIDTH="386" HEIGHT="57" BASELINE="402 93 787 90" TAGREFS="TYPE_1">
                        <Shape>
                            <Polygon POINTS="773 60 763 60 753 60 743 60 733 60 724 60 714 60 704 60 694 60 685 60 675 60 665 60 655 60 645 60 636 60 626 60 616 60 606 60 596 60 587 60 577 60 567 60 557 60 548 60 538 60 528 60 518 60 508 60 499 60 489 60 479 60 469 60 459 60 450 60 440 60 430 60 420 60 411 60 401 60 402 93 402 110 786 105 787 90 784 53 773 54 773 60"/>
                        </Shape>
                        <String CONTENT=""/>
                    </TextLine>
</TextBlock>
                <TextBlock ID="block_2" HPOS="185" VPOS="116" WIDTH="792" HEIGHT="199" TAGREFS="TYPE_17">
                    <Shape>
                        <Polygon POINTS="185.8031005859375 116.79197692871094 977.3031616210938 116.79197692871094 977.3031616210938 315.56365966796875 185.8031005859375 315.56365966796875 185.8031005859375 116.79197692871094"/>
                    </Shape>
                    <TextLine ID="line_2" HPOS="186" VPOS="114" WIDTH="785" HEIGHT="62" BASELINE="187 159 545 153 971 153" TAGREFS="TYPE_1">
                        <Shape>
                            <Polygon POINTS="860 114 859 114 858 114 840 119 827 114 823 114 813 114 803 114 793 114 783 114 774 114 764 114 759 114 756 117 749 114 744 114 734 114 725 114 717 114 712 115 702 114 695 114 686 114 676 114 666 114 656 114 655 114 642 120 630 114 629 114 628 114 627 114 606 121 586 114 578 114 568 114 558 114 549 114 539 114 529 114 519 114 509 114 500 114 490 114 480 114 470 114 464 114 435 123 391 123 378 114 372 114 363 114 353 114 343 114 333 114 323 114 314 114 304 114 294 114 284 114 223 116 186 124 187 159 187 169 257 176 258 176 259 176 286 169 287 169 304 169 333 169 343 176 344 176 345 176 346 176 391 169 406 176 407 176 408 176 470 176 470 176 471 176 472 176 483 168 485 167 508 168 636 174 637 174 638 174 650 167 653 166 731 166 733 167 748 174 749 174 750 174 751 174 771 166 776 165 779 166 798 173 799 173 800 174 835 174 835 173 836 173 837 173 845 167 895 173 896 173 897 173 898 173 909 166 941 172 942 172 971 165 971 153 969 119 879 119 878 119 861 114 860 114"/>
                        </Shape>
                        <String CONTENT=""/>
                    </TextLine>

                    <TextLine ID="line_3" HPOS="185" VPOS="163" WIDTH="785" HEIGHT="61" BASELINE="186 207 970 202" TAGREFS="TYPE_1">
                        <Shape>
                            <Polygon POINTS="186 207 186 224 238 218 255 223 256 223 257 223 258 223 277 218 314 222 320 223 321 223 321 223 324 222 344 217 366 221 367 221 368 221 383 217 460 217 469 220 471 221 472 221 473 221 484 220 517 216 527 220 532 221 533 221 534 222 602 222 602 221 630 219 658 215 701 217 761 220 762 220 763 220 780 216 786 215 791 216 811 220 812 220 813 220 853 215 864 214 880 215 950 219 951 219 952 219 970 213 970 202 968 169 904 163 903 163 902 163 890 169 886 172 803 172 797 170 765 164 764 164 763 164 741 171 739 171 737 171 707 166 706 166 705 166 704 166 695 171 695 172 694 171 685 165 684 165 683 165 682 165 654 170 607 165 606 165 605 165 587 172 585 173 583 173 555 165 554 165 553 165 552 165 551 165 541 173 540 174 523 174 522 173 501 165 500 165 499 165 498 165 480 174 478 175 408 175 408 174 396 166 395 166 394 166 373 166 372 166 321 167 320 167 319 167 310 173 282 167 281 167 280 167 257 175 216 168 215 168 214 168 185 176 186 207"/>
                        </Shape>
                        <String CONTENT=""/>
                    </TextLine>

                    <TextLine ID="line_4" HPOS="186" VPOS="214" WIDTH="782" HEIGHT="58" BASELINE="187 255 968 252" TAGREFS="TYPE_1">
                        <Shape>
                            <Polygon POINTS="187 255 187 270 218 265 254 270 263 271 264 272 392 272 392 271 403 269 426 265 460 269 471 270 472 271 520 271 520 270 521 270 522 270 523 269 529 265 567 269 587 270 588 270 589 270 590 270 592 268 597 264 657 264 666 268 671 270 672 270 673 270 695 268 741 264 797 264 803 267 805 269 806 269 807 269 808 269 819 267 842 264 865 267 876 269 877 269 878 269 883 267 891 264 900 267 903 268 904 268 905 268 968 266 968 252 965 219 933 222 926 219 918 214 917 214 917 214 895 214 894 214 868 220 852 222 843 220 828 214 827 214 788 214 787 214 759 220 748 222 742 220 731 216 730 216 729 216 728 216 709 220 698 223 689 220 670 215 669 215 611 215 610 215 609 215 591 221 586 224 500 224 495 222 468 217 467 217 424 223 417 224 415 223 406 216 405 216 404 216 372 216 371 216 370 216 369 216 358 224 357 225 334 225 331 224 268 216 267 216 266 216 265 216 254 224 186 225 187 255"/>
                        </Shape>
                        <String CONTENT=""/>
                    </TextLine>

                    <TextLine ID="line_5" HPOS="186" VPOS="262" WIDTH="635" HEIGHT="62" BASELINE="187 304 821 301" TAGREFS="TYPE_1">
                        <Shape>
                            <Polygon POINTS="187 304 188 322 208 315 250 315 263 321 268 323 269 323 270 323 304 322 305 322 306 322 308 320 314 315 320 320 323 323 324 323 325 323 326 324 398 324 398 323 399 323 412 318 418 316 425 318 436 322 437 322 438 322 439 322 440 322 445 318 450 314 466 317 478 319 479 320 479 319 493 317 508 314 513 316 525 322 526 322 527 323 556 323 556 322 557 322 575 315 579 314 582 315 601 322 602 322 603 322 604 322 605 322 617 315 620 313 630 314 655 318 656 318 693 313 697 313 699 313 731 320 732 320 767 313 777 320 778 320 779 320 779 320 780 320 781 320 781 319 788 313 808 318 809 318 810 318 811 318 812 318 821 312 821 301 819 270 788 270 788 269 777 262 776 262 775 262 747 262 746 262 745 262 744 262 733 269 732 269 708 264 707 264 685 269 683 269 682 269 667 262 666 262 665 262 539 263 538 263 524 268 519 271 496 271 493 268 487 264 487 263 486 263 485 263 453 263 452 263 451 263 450 263 442 268 439 270 423 268 395 264 394 264 371 267 352 271 186 267 187 304"/>
                        </Shape>
                        <String CONTENT=""/>
                    </TextLine>
</TextBlock>
                <TextBlock ID="block_5" HPOS="188" VPOS="319" WIDTH="786" HEIGHT="585" TAGREFS="TYPE_39">
                    <Shape>
                        <Polygon POINTS="188.69065856933594 319.9195251464844 974.5130004882812 319.9195251464844 974.5130004882812 904.5089111328125 188.69065856933594 904.5089111328125 188.69065856933594 319.9195251464844"/>
                    </Shape>
                    <TextLine ID="line_6" HPOS="229" VPOS="309" WIDTH="736" HEIGHT="57" BASELINE="229 352 965 348" TAGREFS="TYPE_1">
                        <Shape>
                            <Polygon POINTS="953 310 943 312 933 312 932 312 924 318 864 313 863 313 862 313 845 318 829 312 825 312 816 312 806 312 796 312 791 313 768 317 759 313 757 312 747 312 737 312 731 312 725 313 720 314 719 314 716 312 708 312 698 312 696 312 688 314 686 314 682 314 664 312 659 312 649 312 642 312 638 315 629 320 606 315 593 312 591 312 581 312 573 312 552 316 522 321 507 316 496 312 493 312 483 312 473 312 463 312 454 312 444 312 443 312 438 317 434 320 428 317 417 312 414 312 409 312 391 318 374 322 229 320 229 352 229 366 965 363 965 348 963 311 953 309 953 310"/>
                        </Shape>
                        <String CONTENT=""/>
                    </TextLine>

                    <TextLine ID="line_7" HPOS="188" VPOS="355" WIDTH="772" HEIGHT="66" BASELINE="189 401 960 395" TAGREFS="TYPE_1">
                        <Shape>
                            <Polygon POINTS="189 401 189 416 246 414 256 416 277 421 278 421 328 415 333 415 338 415 374 420 375 420 376 420 388 415 392 413 403 415 430 419 431 419 432 419 433 419 440 414 445 412 467 412 482 414 517 419 518 419 519 419 538 413 544 412 562 413 628 418 629 418 668 412 684 410 688 412 699 417 700 417 701 418 739 418 739 417 740 417 758 411 767 409 782 411 809 415 810 415 842 411 861 408 867 410 874 414 875 414 876 414 877 414 893 410 903 408 959 409 960 395 958 360 937 357 936 357 935 357 926 360 917 363 909 360 891 355 890 355 889 355 888 355 887 355 879 361 873 365 805 365 800 362 793 356 792 356 791 356 790 356 754 363 746 364 744 363 733 357 732 357 696 357 695 357 694 357 693 357 683 364 680 366 669 364 629 357 628 357 627 357 596 365 590 367 588 366 579 358 578 358 577 358 547 358 546 358 545 358 544 358 534 366 532 368 480 368 476 367 449 359 448 359 447 359 446 359 445 359 433 368 419 359 418 359 417 359 416 359 415 359 392 369 390 370 356 370 356 369 336 360 335 360 334 360 333 360 332 360 321 370 308 370 298 370 297 370 272 361 271 361 207 361 206 361 205 361 204 361 188 369 189 401"/>
                        </Shape>
                        <String CONTENT=""/>
                    </TextLine>

                    <TextLine ID="line_8" HPOS="186" VPOS="406" WIDTH="773" HEIGHT="64" BASELINE="187 453 959 444" TAGREFS="TYPE_1">
                        <Shape>
                            <Polygon POINTS="187 453 187 465 316 470 317 470 318 470 334 464 335 464 356 470 357 470 358 470 413 463 415 463 416 463 443 469 444 469 503 462 504 462 505 462 528 468 529 468 530 468 580 462 595 467 596 467 596 467 748 460 784 465 785 465 786 465 807 458 809 458 813 458 855 464 856 464 857 464 877 457 880 457 958 457 959 444 957 411 911 406 910 406 909 406 908 406 902 411 897 415 826 415 819 412 811 408 810 408 809 408 808 408 794 412 779 416 771 412 762 408 761 408 760 408 759 408 751 412 743 416 731 412 720 409 719 409 718 409 717 409 709 412 698 418 601 418 594 413 589 411 588 411 587 411 575 413 556 418 544 414 533 410 532 410 531 410 530 410 529 410 524 414 516 419 444 415 443 415 442 415 428 420 414 415 407 412 406 412 405 412 385 415 354 420 344 415 339 413 338 413 286 413 285 413 284 413 275 416 258 421 247 416 243 414 242 414 241 414 186 416 187 453"/>
                        </Shape>
                        <String CONTENT=""/>
                    </TextLine>

                    <TextLine ID="line_9" HPOS="187" VPOS="454" WIDTH="776" HEIGHT="68" BASELINE="188 502 963 492" TAGREFS="TYPE_1">
                        <Shape>
                            <Polygon POINTS="188 502 188 518 219 514 231 518 245 522 246 522 247 522 278 517 296 514 322 516 376 520 377 520 378 520 379 520 386 515 389 512 400 514 412 517 412 517 413 517 425 514 436 511 443 514 456 519 457 519 458 519 485 513 499 510 541 510 545 512 555 516 556 516 557 516 597 511 603 510 606 510 626 516 627 516 628 517 628 516 629 516 651 510 714 516 715 516 716 516 740 509 807 515 808 515 851 514 852 514 870 506 911 510 912 510 963 503 963 492 961 454 871 455 871 455 869 456 850 464 794 459 793 459 767 465 744 459 732 456 731 456 730 456 729 456 721 460 708 467 637 467 602 467 597 463 592 458 591 458 590 458 589 458 588 458 567 464 551 468 525 467 523 465 515 459 514 459 513 459 512 459 475 464 458 460 458 460 457 460 456 460 455 460 447 467 445 469 418 471 360 471 354 469 317 462 316 462 268 472 264 472 261 472 229 463 228 463 227 463 226 463 187 473 188 502"/>
                        </Shape>
                        <String CONTENT=""/>
                    </TextLine>

                    <TextLine ID="line_10" HPOS="188" VPOS="502" WIDTH="775" HEIGHT="70" BASELINE="189 553 963 543" TAGREFS="TYPE_1">
                        <Shape>
                            <Polygon POINTS="952 514 946 502 889 502 888 502 887 502 882 504 866 512 828 506 827 506 826 506 825 506 798 514 772 514 762 507 758 504 757 504 756 504 755 504 754 504 753 504 747 508 737 514 677 514 667 510 665 509 664 509 663 509 662 509 660 510 648 515 624 511 614 509 613 509 612 509 608 511 599 515 593 511 581 506 580 506 579 506 533 511 504 507 504 507 503 507 502 507 493 514 488 517 456 515 386 509 385 509 384 509 365 517 362 518 360 517 345 509 344 509 343 509 342 509 312 518 308 519 305 518 292 513 291 513 290 513 252 519 247 520 243 520 206 511 205 511 204 511 188 519 189 553 189 564 235 564 236 564 264 572 265 572 266 572 267 572 286 565 303 571 304 571 305 571 306 571 323 565 333 568 334 568 335 568 336 568 337 568 344 562 346 562 399 562 400 562 427 569 428 569 429 569 491 561 499 560 513 560 651 567 652 567 721 563 722 563 733 557 733 557 734 557 752 565 753 565 754 566 807 566 807 565 808 565 832 558 890 563 891 563 892 563 918 555 920 555 963 555 963 543 962 503 957 502 952 514"/>
                        </Shape>
                        <String CONTENT=""/>
                    </TextLine>

                    <TextLine ID="line_11" HPOS="190" VPOS="554" WIDTH="775" HEIGHT="63" BASELINE="191 600 965 593" TAGREFS="TYPE_1">
                        <Shape>
                            <Polygon POINTS="191 600 191 615 395 617 396 617 419 613 429 611 452 612 498 616 499 616 500 616 515 612 523 610 535 611 566 616 567 616 590 611 594 610 595 611 601 616 602 616 603 616 604 616 647 610 650 610 651 610 657 615 658 615 659 615 660 616 724 616 724 615 725 615 726 615 732 610 738 615 739 615 740 615 741 615 964 606 965 593 963 560 913 564 898 560 881 555 880 555 879 555 878 555 861 559 828 554 827 554 826 554 825 554 817 561 810 565 751 561 729 560 728 560 727 560 726 560 725 561 718 567 618 567 607 562 595 557 594 557 593 557 564 561 522 556 521 556 452 557 451 557 450 557 442 564 440 565 433 564 412 559 411 559 410 559 400 564 396 566 394 564 388 559 387 559 386 559 385 559 384 559 368 563 319 558 318 558 284 560 283 560 282 560 276 565 270 570 249 565 224 559 223 559 190 565 191 600"/>
                        </Shape>
                        <String CONTENT=""/>
                    </TextLine>

                    <TextLine ID="line_12" HPOS="188" VPOS="601" WIDTH="777" HEIGHT="65" BASELINE="189 651 965 642" TAGREFS="TYPE_1">
                        <Shape>
                            <Polygon POINTS="952 607 949 604 939 607 927 604 926 604 925 604 924 604 923 604 915 611 901 601 900 601 899 601 883 601 882 601 881 601 880 601 861 612 815 608 814 608 742 613 733 606 732 606 731 606 707 606 706 606 705 606 675 615 618 615 588 605 587 605 583 605 553 605 552 605 551 605 550 605 543 611 536 606 535 606 534 606 533 606 418 607 417 607 416 607 404 616 342 609 341 609 340 609 339 609 325 617 286 608 285 608 284 608 247 616 237 609 236 609 235 609 188 609 189 651 189 665 247 661 273 664 290 666 291 666 308 663 329 660 341 663 354 666 355 666 356 666 357 666 367 662 377 660 449 660 454 661 460 664 461 664 462 664 492 660 510 659 528 660 562 663 563 663 564 663 565 663 570 660 572 659 579 660 613 663 614 663 643 659 649 658 654 658 689 662 690 662 855 660 901 654 905 654 908 654 952 660 953 660 954 660 955 660 965 653 965 642 962 601 955 602 952 607"/>
                        </Shape>
                        <String CONTENT=""/>
                    </TextLine>

                    <TextLine ID="line_13" HPOS="187" VPOS="651" WIDTH="779" HEIGHT="67" BASELINE="188 701 966 691" TAGREFS="TYPE_1">
                        <Shape>
                            <Polygon POINTS="188 701 188 712 247 718 248 718 249 718 265 711 267 711 271 711 293 715 294 715 420 709 441 709 447 709 498 715 499 715 500 715 501 715 509 708 510 708 514 708 560 714 561 714 681 706 689 706 692 706 732 712 733 712 965 703 966 691 962 654 956 658 936 654 916 651 915 651 914 651 903 655 884 661 807 656 782 655 781 655 780 655 779 655 778 657 774 659 768 657 756 653 755 653 754 653 753 653 752 653 745 657 737 661 726 658 724 657 723 657 722 657 721 657 719 658 702 664 643 664 633 660 632 660 631 660 630 660 629 660 622 664 615 659 614 658 613 658 612 658 575 655 574 655 573 655 572 655 566 660 560 664 534 665 513 660 500 657 499 657 498 657 497 657 484 660 465 666 447 661 429 657 428 657 427 657 356 658 355 658 354 658 346 662 344 663 337 662 305 659 304 659 303 659 293 663 291 664 286 663 265 659 264 659 263 659 242 664 223 669 187 665 188 701"/>
                        </Shape>
                        <String CONTENT=""/>
                    </TextLine>

                    <TextLine ID="line_14" HPOS="187" VPOS="701" WIDTH="783" HEIGHT="62" BASELINE="188 747 970 741" TAGREFS="TYPE_1">
                        <Shape>
                            <Polygon POINTS="188 747 188 758 339 756 342 757 350 763 351 763 352 763 353 763 354 763 366 757 367 757 369 757 403 763 404 763 405 763 426 757 426 756 507 756 508 756 520 762 521 762 522 763 573 763 573 762 574 762 591 755 592 755 594 755 606 761 607 761 608 761 634 755 639 754 641 755 651 761 652 761 653 762 686 762 686 761 687 761 700 755 701 754 703 755 714 760 715 760 716 760 749 754 753 754 756 754 796 760 797 760 798 760 816 754 817 754 884 759 885 759 969 752 970 741 968 701 925 701 924 701 923 701 921 702 893 710 861 705 860 705 775 711 754 704 745 702 744 702 743 702 742 702 733 705 728 707 715 705 696 703 695 703 694 703 687 706 680 710 670 706 662 704 661 704 660 704 659 704 658 704 653 706 648 709 617 707 609 707 608 707 604 707 578 714 544 714 537 709 530 704 529 704 528 704 527 704 526 704 514 709 505 713 498 710 490 707 489 707 488 707 468 710 449 714 437 711 411 704 410 704 320 704 319 704 285 710 256 705 255 705 254 705 253 705 245 712 239 707 238 707 237 707 236 707 235 707 220 716 187 716 188 747"/>
                        </Shape>
                        <String CONTENT=""/>
                    </TextLine>

                    <TextLine ID="line_15" HPOS="186" VPOS="748" WIDTH="784" HEIGHT="68" BASELINE="187 797 970 789" TAGREFS="TYPE_1">
                        <Shape>
                            <Polygon POINTS="187 797 188 816 208 808 247 808 258 815 259 815 260 815 261 815 265 814 295 806 369 806 395 811 404 813 405 813 451 810 547 804 576 807 607 811 608 811 609 811 619 806 627 803 636 806 648 810 649 810 650 810 711 804 738 802 752 803 795 809 796 809 826 802 831 801 834 802 864 808 865 808 866 808 883 802 904 807 905 807 906 807 970 798 970 789 967 748 937 748 936 748 923 755 902 748 901 748 900 748 899 748 898 748 885 756 862 752 861 752 860 752 835 758 752 751 739 750 738 750 737 750 733 751 706 760 695 752 694 752 693 752 692 752 691 752 667 760 639 753 630 751 629 751 628 751 624 753 608 762 538 762 508 755 494 753 493 753 492 753 485 756 472 761 457 756 455 756 454 756 453 756 452 756 451 756 451 757 443 763 432 757 431 757 430 757 426 757 393 761 386 758 377 754 376 754 375 754 374 754 360 758 353 760 347 759 332 755 331 755 330 755 329 755 328 755 323 759 318 764 305 759 292 755 291 755 290 755 289 755 269 760 268 760 265 760 201 756 200 756 199 756 186 761 187 797"/>
                        </Shape>
                        <String CONTENT=""/>
                    </TextLine>

                    <TextLine ID="line_16" HPOS="187" VPOS="799" WIDTH="779" HEIGHT="66" BASELINE="188 844 966 839" TAGREFS="TYPE_1">
                        <Shape>
                            <Polygon POINTS="188 844 188 858 224 858 225 858 237 864 238 864 239 864 272 858 274 858 275 858 309 864 310 864 344 857 348 857 349 857 358 864 359 864 360 864 361 865 421 865 421 864 495 857 504 856 509 856 553 863 554 863 555 863 578 856 579 856 583 856 653 863 654 863 691 855 695 855 701 855 766 862 767 862 815 855 849 861 850 861 851 861 865 854 866 854 867 854 888 860 889 860 890 860 965 853 966 839 963 799 910 807 861 800 849 799 848 799 847 799 846 799 845 801 836 808 808 808 773 808 762 802 758 800 757 800 756 800 755 800 750 802 740 806 715 803 691 800 690 800 689 800 688 800 685 803 677 809 653 809 634 804 622 801 621 801 620 801 586 805 551 809 537 806 520 802 519 802 518 802 506 806 497 810 444 807 394 805 393 805 375 809 368 810 364 809 345 802 344 802 343 802 342 802 341 802 333 808 306 804 305 804 304 804 303 804 295 810 293 811 291 810 277 803 276 803 275 803 275 803 274 803 264 809 250 803 249 803 248 803 247 803 229 810 210 803 209 803 208 803 207 803 187 811 188 844"/>
                        </Shape>
                        <String CONTENT=""/>
                    </TextLine>

                    <TextLine ID="line_17" HPOS="189" VPOS="860" WIDTH="776" HEIGHT="56" BASELINE="190 896 965 886" TAGREFS="TYPE_1">
                        <Shape>
                            <Polygon POINTS="747 888 737 888 728 888 718 888 708 888 698 888 688 888 679 888 669 888 659 888 649 888 640 888 630 888 620 888 610 888 600 888 591 890 581 890 571 890 561 890 551 890 542 890 532 890 522 890 512 890 503 890 493 890 483 890 473 890 463 890 454 890 444 890 434 890 424 890 414 890 405 890 395 890 385 890 375 890 366 890 356 890 346 890 336 890 326 890 317 890 307 890 297 890 287 890 277 890 268 890 258 890 248 890 238 890 229 890 219 890 209 890 199 890 189 890 190 896 190 909 244 909 261 916 262 916 263 916 264 916 265 916 274 910 319 915 320 915 321 915 344 907 346 907 349 907 381 914 382 914 383 914 384 914 394 907 395 907 398 907 480 913 481 913 515 906 522 905 530 906 575 912 576 912 688 905 733 902 737 904 747 909 748 909 749 909 750 909 760 904 764 902 782 904 820 908 821 909 869 909 869 908 870 908 871 908 876 903 878 901 888 903 908 907 909 907 928 903 942 900 964 902 965 886 963 860 769 862 768 862 756 867 751 869 747 888"/>
                        </Shape>
                        <String CONTENT=""/>
                    </TextLine>
</TextBlock>
                <TextBlock ID="block_4" HPOS="190" VPOS="910" WIDTH="782" HEIGHT="646" TAGREFS="TYPE_39">
                    <Shape>
                        <Polygon POINTS="190.40762329101562 910.7726440429688 972.2237548828125 910.7726440429688 972.2237548828125 1556.6610107421875 190.40762329101562 1556.6610107421875 190.40762329101562 910.7726440429688"/>
                    </Shape>
                    <TextLine ID="line_18" HPOS="218" VPOS="901" WIDTH="747" HEIGHT="64" BASELINE="219 945 965 937" TAGREFS="TYPE_1">
                        <Shape>
                            <Polygon POINTS="219 945 219 957 310 965 311 965 336 964 337 964 338 964 347 957 348 957 351 957 403 964 404 964 446 957 454 956 483 956 485 957 492 963 493 963 494 963 495 963 561 957 591 954 602 956 622 961 623 961 658 956 663 956 666 956 683 961 684 961 685 961 686 961 687 961 693 956 699 953 710 956 724 960 725 960 726 960 743 956 753 954 757 956 765 960 766 960 767 960 768 960 769 960 774 956 779 953 798 956 819 959 820 959 821 959 831 956 842 953 859 956 873 958 874 958 875 958 880 956 889 951 964 955 965 937 963 901 916 909 826 905 825 905 825 905 814 911 747 911 715 906 711 906 710 906 706 906 683 912 624 908 614 908 613 908 608 909 587 913 581 909 574 905 573 905 572 905 499 905 498 905 497 905 478 912 470 914 443 912 405 910 404 910 403 910 402 910 397 913 394 916 377 916 374 914 366 907 365 907 364 907 363 907 296 908 295 908 294 908 287 913 249 908 248 908 247 908 246 908 236 917 218 917 219 945"/>
                        </Shape>
                        <String CONTENT=""/>
                    </TextLine>

                    <TextLine ID="line_19" HPOS="191" VPOS="951" WIDTH="769" HEIGHT="61" BASELINE="192 996 960 987" TAGREFS="TYPE_1">
                        <Shape>
                            <Polygon POINTS="192 996 192 1009 444 1012 445 1012 473 1006 479 1005 485 1006 515 1011 516 1011 517 1011 531 1005 534 1004 564 1004 566 1005 573 1010 574 1010 575 1010 576 1010 577 1010 590 1004 591 1004 592 1004 611 1010 612 1010 613 1010 641 1005 774 1008 775 1008 776 1008 797 1002 801 1001 805 1001 836 1007 837 1007 838 1007 850 1002 891 1006 892 1006 959 999 960 987 958 954 928 951 927 951 905 954 867 960 846 955 842 954 841 954 840 954 839 954 836 955 826 959 812 955 808 955 807 955 799 956 754 961 743 956 742 956 741 956 740 956 739 956 737 956 721 961 714 957 709 953 708 953 707 953 706 953 705 953 698 957 688 962 649 958 648 958 613 963 606 958 602 955 601 955 600 955 539 955 538 955 514 959 489 964 479 960 471 956 470 956 469 956 468 956 458 960 445 965 433 960 425 957 424 957 372 957 371 957 370 957 369 957 365 961 357 967 246 967 237 963 229 959 228 959 227 959 191 963 192 996"/>
                        </Shape>
                        <String CONTENT=""/>
                    </TextLine>

                    <TextLine ID="line_20" HPOS="188" VPOS="1001" WIDTH="778" HEIGHT="56" BASELINE="189 1044 798 1040 966 1034" TAGREFS="TYPE_1">
                        <Shape>
                            <Polygon POINTS="189 1044 189 1054 419 1057 420 1057 421 1057 422 1057 429 1053 430 1053 533 1056 534 1056 535 1056 536 1056 542 1052 546 1052 651 1056 652 1056 653 1056 654 1056 662 1051 663 1051 675 1051 881 1054 882 1054 966 1048 966 1034 963 1003 932 1009 921 1003 917 1001 917 1001 916 1001 894 1004 848 1010 827 1005 817 1002 816 1002 815 1002 814 1002 813 1002 809 1005 802 1009 783 1006 782 1006 781 1006 764 1011 614 1008 468 1005 467 1005 437 1011 419 1013 412 1011 401 1006 400 1006 399 1006 360 1012 344 1013 337 1012 318 1006 317 1006 316 1006 315 1006 314 1006 304 1012 300 1015 249 1015 245 1013 234 1009 233 1009 232 1009 188 1013 189 1044"/>
                        </Shape>
                        <String CONTENT=""/>
                    </TextLine>

                    <TextLine ID="line_21" HPOS="193" VPOS="1045" WIDTH="776" HEIGHT="63" BASELINE="194 1093 969 1084" TAGREFS="TYPE_1">
                        <Shape>
                            <Polygon POINTS="194 1093 194 1103 342 1108 343 1108 374 1101 382 1100 389 1101 411 1106 412 1106 412 1106 413 1106 419 1101 421 1100 561 1099 563 1100 568 1103 569 1103 570 1103 571 1103 668 1100 709 1104 710 1104 711 1104 735 1098 741 1097 751 1098 796 1103 797 1103 798 1103 799 1103 807 1099 864 1102 865 1102 903 1097 935 1101 936 1101 937 1101 938 1101 946 1096 948 1095 967 1095 969 1084 965 1045 942 1053 915 1046 914 1046 913 1046 912 1046 911 1046 904 1052 895 1048 894 1048 893 1048 892 1048 891 1048 880 1055 829 1055 821 1048 819 1046 818 1046 817 1046 816 1046 807 1048 784 1053 769 1048 767 1048 766 1048 765 1048 764 1048 763 1048 763 1049 754 1054 746 1049 744 1047 743 1047 742 1047 712 1047 711 1047 667 1048 666 1048 665 1048 662 1051 657 1054 617 1051 578 1049 577 1049 561 1052 538 1057 529 1053 523 1050 522 1050 521 1050 505 1054 498 1055 486 1054 454 1050 453 1050 452 1050 443 1055 435 1058 430 1055 427 1052 426 1052 425 1052 393 1051 392 1051 391 1051 376 1056 365 1059 193 1059 194 1093"/>
                        </Shape>
                        <String CONTENT=""/>
                    </TextLine>

                    <TextLine ID="line_22" HPOS="188" VPOS="1091" WIDTH="781" HEIGHT="65" BASELINE="189 1140 969 1132" TAGREFS="TYPE_1">
                        <Shape>
                            <Polygon POINTS="189 1140 189 1151 362 1156 363 1156 392 1149 395 1149 399 1149 423 1155 424 1155 425 1155 426 1155 434 1149 435 1149 437 1149 469 1153 470 1153 552 1148 555 1148 556 1148 576 1154 577 1154 578 1154 609 1147 612 1147 621 1147 714 1152 715 1152 716 1152 729 1146 745 1151 746 1151 747 1151 803 1145 808 1145 809 1145 816 1151 817 1151 818 1151 819 1152 871 1152 871 1151 969 1144 969 1132 966 1091 939 1092 938 1092 916 1103 868 1104 803 1104 790 1098 789 1098 788 1098 787 1098 778 1102 765 1094 764 1094 763 1094 762 1094 700 1104 661 1095 660 1095 655 1095 593 1095 592 1095 591 1095 590 1095 570 1106 539 1100 538 1100 537 1100 522 1104 496 1097 494 1096 493 1096 492 1096 471 1097 470 1097 469 1097 457 1106 428 1101 427 1101 381 1108 358 1103 357 1103 356 1103 346 1107 321 1099 319 1098 318 1098 317 1098 316 1098 312 1099 283 1106 263 1100 261 1099 260 1099 259 1099 188 1100 189 1140"/>
                        </Shape>
                        <String CONTENT=""/>
                    </TextLine>

                    <TextLine ID="line_23" HPOS="186" VPOS="1139" WIDTH="781" HEIGHT="67" BASELINE="187 1189 967 1180" TAGREFS="TYPE_1">
                        <Shape>
                            <Polygon POINTS="187 1189 187 1203 235 1206 236 1206 257 1202 274 1199 285 1202 298 1205 299 1205 300 1205 301 1205 302 1205 308 1201 312 1199 318 1201 326 1204 327 1204 328 1204 329 1204 337 1201 344 1197 443 1197 452 1199 475 1204 476 1204 477 1204 494 1198 501 1196 520 1198 570 1202 571 1202 612 1196 613 1196 614 1196 641 1202 642 1202 706 1201 707 1201 729 1195 810 1200 811 1200 845 1194 887 1199 888 1199 967 1189 967 1180 964 1139 938 1140 937 1140 936 1140 922 1150 891 1150 881 1144 880 1144 879 1144 878 1144 877 1144 876 1144 867 1151 778 1151 765 1146 764 1146 763 1146 762 1146 751 1152 676 1152 663 1145 657 1142 656 1142 655 1142 654 1142 653 1142 638 1146 620 1151 606 1146 596 1144 596 1144 595 1144 594 1144 585 1147 574 1152 568 1147 562 1144 561 1144 560 1144 499 1144 498 1144 497 1144 478 1150 476 1150 473 1150 442 1144 441 1144 440 1144 439 1144 429 1151 426 1153 413 1151 376 1145 375 1145 374 1145 373 1145 364 1152 358 1157 342 1157 322 1153 284 1146 283 1146 247 1153 209 1147 208 1147 207 1147 186 1156 187 1189"/>
                        </Shape>
                        <String CONTENT=""/>
                    </TextLine>

                    <TextLine ID="line_24" HPOS="186" VPOS="1190" WIDTH="783" HEIGHT="63" BASELINE="187 1237 404 1232 969 1232" TAGREFS="TYPE_1">
                        <Shape>
                            <Polygon POINTS="187 1237 187 1253 230 1246 296 1252 299 1252 300 1252 301 1252 331 1244 472 1244 484 1250 486 1251 487 1251 488 1252 528 1252 528 1251 529 1251 532 1249 544 1244 554 1249 558 1251 559 1251 560 1251 583 1249 631 1244 675 1244 680 1248 684 1251 685 1251 686 1251 687 1251 750 1247 799 1244 807 1246 818 1250 819 1250 820 1250 968 1244 969 1232 968 1190 945 1190 944 1190 943 1190 942 1190 932 1198 903 1191 902 1191 901 1191 900 1191 899 1191 887 1201 865 1191 863 1191 862 1191 861 1191 860 1191 858 1192 841 1200 795 1201 775 1193 769 1191 768 1191 767 1191 766 1191 765 1191 762 1193 749 1203 731 1203 717 1194 712 1191 711 1191 710 1191 709 1191 708 1191 707 1191 702 1195 691 1202 680 1195 672 1191 671 1191 670 1191 669 1191 656 1195 649 1198 643 1196 633 1191 632 1191 631 1191 606 1193 605 1193 594 1197 577 1202 571 1197 563 1191 562 1191 561 1191 560 1191 559 1191 541 1198 534 1200 530 1198 519 1191 518 1191 517 1191 497 1191 496 1191 495 1191 477 1199 469 1202 457 1199 422 1192 421 1192 420 1192 393 1201 384 1203 377 1201 355 1192 354 1192 310 1192 309 1192 308 1192 286 1203 285 1204 257 1204 256 1203 246 1196 245 1196 244 1196 243 1196 242 1196 241 1196 232 1204 186 1204 187 1237"/>
                        </Shape>
                        <String CONTENT=""/>
                    </TextLine>

                    <TextLine ID="line_25" HPOS="184" VPOS="1240" WIDTH="779" HEIGHT="63" BASELINE="185 1285 963 1279" TAGREFS="TYPE_1">
                        <Shape>
                            <Polygon POINTS="185 1285 186 1303 205 1296 223 1303 224 1303 225 1303 226 1303 227 1303 228 1303 236 1296 258 1302 259 1302 260 1302 261 1302 265 1302 316 1295 392 1295 406 1300 412 1302 413 1302 414 1302 429 1299 455 1294 496 1298 536 1302 537 1302 538 1302 539 1302 544 1297 549 1293 577 1293 590 1296 598 1299 599 1299 600 1299 619 1296 636 1293 641 1296 648 1300 649 1300 650 1301 832 1301 832 1300 880 1292 886 1291 891 1291 941 1299 942 1299 943 1299 963 1290 963 1279 961 1246 838 1249 832 1247 814 1240 813 1240 812 1240 811 1240 796 1247 783 1241 782 1241 781 1241 742 1245 713 1240 712 1240 711 1240 690 1249 689 1249 688 1249 654 1241 653 1241 652 1241 651 1241 640 1250 637 1251 616 1250 566 1247 565 1247 538 1251 528 1252 519 1251 445 1242 444 1242 400 1243 399 1243 361 1253 360 1253 338 1246 337 1246 336 1246 278 1254 277 1254 264 1245 263 1245 262 1245 235 1244 234 1244 233 1244 232 1244 220 1255 184 1255 185 1285"/>
                        </Shape>
                        <String CONTENT=""/>
                    </TextLine>

                    <TextLine ID="line_26" HPOS="186" VPOS="1291" WIDTH="762" HEIGHT="62" BASELINE="187 1334 948 1329" TAGREFS="TYPE_1">
                        <Shape>
                            <Polygon POINTS="187 1334 187 1346 197 1353 198 1353 199 1353 200 1353 257 1346 315 1352 316 1352 342 1345 346 1345 431 1345 433 1346 448 1352 449 1352 450 1352 521 1351 522 1351 523 1351 530 1346 534 1344 585 1344 590 1346 599 1351 600 1351 601 1351 641 1346 671 1343 683 1347 692 1350 693 1350 694 1350 768 1347 815 1345 834 1347 852 1349 853 1349 862 1347 884 1342 947 1347 948 1329 943 1293 933 1302 761 1302 743 1297 724 1291 723 1291 722 1291 721 1291 705 1298 699 1300 677 1298 653 1296 652 1296 651 1296 644 1299 634 1303 629 1299 620 1292 619 1292 618 1292 617 1292 616 1292 592 1298 585 1292 584 1292 583 1292 549 1292 548 1292 494 1301 476 1304 422 1304 420 1303 406 1293 405 1293 404 1293 403 1293 309 1294 272 1303 261 1294 260 1294 259 1294 230 1294 229 1294 229 1294 186 1306 187 1334"/>
                        </Shape>
                        <String CONTENT=""/>
                    </TextLine>

                    <TextLine ID="line_27" HPOS="197" VPOS="1338" WIDTH="755" HEIGHT="63" BASELINE="197 1382 761 1382 952 1376" TAGREFS="TYPE_1">
                        <Shape>
                            <Polygon POINTS="197 1393 249 1393 252 1393 277 1400 278 1400 279 1400 308 1393 310 1393 312 1393 349 1400 350 1401 414 1401 414 1400 415 1400 416 1400 424 1395 504 1400 505 1400 544 1393 560 1398 561 1398 562 1398 647 1393 661 1399 662 1399 663 1399 664 1399 683 1394 692 1399 693 1399 694 1400 814 1400 814 1399 842 1393 859 1398 860 1398 861 1398 862 1398 876 1391 951 1391 952 1376 950 1344 857 1338 856 1338 855 1338 833 1344 823 1339 822 1339 821 1339 820 1339 799 1345 784 1349 775 1345 760 1339 759 1339 758 1339 719 1346 698 1349 690 1346 675 1339 674 1339 673 1339 672 1339 655 1346 649 1349 644 1346 634 1339 633 1339 632 1339 631 1339 630 1339 629 1339 619 1347 618 1347 614 1347 581 1341 580 1341 579 1341 578 1341 570 1347 566 1349 546 1347 519 1345 518 1345 517 1345 510 1348 503 1350 495 1348 471 1341 470 1341 469 1341 468 1341 467 1341 458 1348 457 1349 456 1348 441 1340 440 1340 439 1340 406 1348 380 1340 379 1340 378 1340 377 1340 360 1349 357 1351 317 1351 315 1349 297 1341 296 1341 257 1340 256 1340 255 1340 226 1350 225 1351 197 1351 197 1382 197 1393"/>
                        </Shape>
                        <String CONTENT=""/>
                    </TextLine>

                    <TextLine ID="line_28" HPOS="188" VPOS="1389" WIDTH="761" HEIGHT="62" BASELINE="189 1430 737 1432 949 1424" TAGREFS="TYPE_1">
                        <Shape>
                            <Polygon POINTS="189 1430 189 1451 218 1451 218 1450 219 1450 231 1443 257 1450 259 1450 260 1450 261 1450 267 1450 303 1444 311 1449 312 1449 313 1449 314 1449 315 1449 316 1449 330 1443 352 1449 360 1450 361 1451 394 1451 394 1450 395 1450 396 1450 398 1448 405 1443 439 1448 453 1449 454 1449 455 1449 458 1447 464 1444 471 1447 478 1450 479 1450 480 1450 494 1447 510 1443 527 1446 541 1449 542 1449 631 1445 646 1445 648 1445 664 1450 665 1450 666 1450 667 1450 668 1450 674 1445 676 1444 693 1445 790 1449 791 1449 792 1449 806 1443 809 1442 813 1443 831 1449 832 1449 833 1449 864 1442 867 1442 874 1449 875 1449 876 1449 877 1450 896 1450 896 1449 897 1449 898 1449 907 1442 908 1442 948 1442 949 1424 947 1389 908 1389 907 1389 906 1389 905 1389 892 1399 798 1394 797 1394 765 1399 757 1394 756 1394 755 1394 754 1394 753 1394 741 1400 722 1392 718 1391 717 1391 716 1391 706 1392 687 1396 682 1393 679 1390 678 1390 677 1390 676 1390 652 1393 619 1398 610 1394 601 1390 600 1390 530 1390 529 1390 528 1390 527 1390 520 1395 513 1401 454 1401 442 1397 420 1390 419 1390 418 1390 417 1390 403 1397 397 1400 391 1397 375 1391 374 1391 373 1391 337 1398 332 1399 330 1398 308 1390 307 1390 306 1390 305 1390 274 1399 271 1400 270 1399 261 1392 260 1392 259 1392 258 1392 257 1392 242 1399 218 1390 217 1390 216 1390 215 1390 188 1400 189 1430"/>
                        </Shape>
                        <String CONTENT=""/>
                    </TextLine>

                    <TextLine ID="line_29" HPOS="186" VPOS="1437" WIDTH="767" HEIGHT="69" BASELINE="187 1482 791 1482 953 1473" TAGREFS="TYPE_1">
                        <Shape>
                            <Polygon POINTS="187 1482 187 1498 310 1496 326 1497 366 1504 367 1504 398 1500 449 1506 450 1506 515 1505 554 1496 561 1495 563 1496 576 1505 577 1505 578 1505 579 1506 653 1506 653 1505 654 1505 655 1505 664 1499 675 1504 676 1504 677 1504 678 1504 691 1498 722 1505 723 1505 754 1504 755 1504 756 1504 763 1498 774 1503 775 1503 776 1503 777 1503 778 1503 792 1495 793 1494 796 1495 810 1498 811 1498 812 1499 812 1498 813 1498 827 1494 830 1494 832 1494 869 1503 870 1503 871 1503 871 1503 894 1494 895 1494 953 1494 953 1473 951 1437 913 1437 912 1437 911 1437 910 1437 897 1447 877 1442 876 1442 875 1442 830 1447 815 1440 814 1440 813 1440 812 1440 785 1447 754 1440 740 1437 739 1437 738 1437 737 1437 734 1440 728 1445 692 1441 681 1440 680 1440 679 1440 678 1440 676 1441 668 1446 659 1442 651 1438 650 1438 649 1438 648 1438 647 1438 643 1442 640 1445 585 1448 577 1443 572 1439 571 1439 570 1439 553 1439 552 1439 551 1439 535 1444 518 1449 463 1449 458 1445 450 1439 449 1439 448 1439 409 1439 408 1439 407 1439 406 1439 397 1446 392 1450 342 1450 339 1447 329 1439 328 1439 327 1439 303 1439 302 1439 301 1439 300 1439 285 1448 283 1449 280 1448 254 1439 253 1439 223 1439 222 1439 221 1439 186 1449 187 1482"/>
                        </Shape>
                        <String CONTENT=""/>
                    </TextLine>

                    <TextLine ID="line_30" HPOS="187" VPOS="1493" WIDTH="439" HEIGHT="85" BASELINE="187 1533 626 1533" TAGREFS="TYPE_1">
                        <Shape>
                            <Polygon POINTS="187 1533 187 1551 197 1558 198 1558 199 1558 200 1558 201 1558 215 1551 252 1552 275 1571 276 1571 277 1571 278 1571 279 1571 297 1562 310 1567 311 1567 312 1567 313 1567 314 1567 321 1561 326 1566 326 1567 327 1567 328 1567 348 1568 349 1568 350 1568 351 1568 351 1567 361 1559 381 1562 398 1577 399 1577 400 1577 401 1578 472 1578 472 1577 473 1577 474 1577 504 1552 522 1562 523 1562 524 1562 525 1562 548 1556 567 1563 568 1563 569 1563 570 1563 596 1551 626 1551 626 1533 626 1504 582 1501 572 1493 571 1493 570 1493 569 1493 511 1501 494 1503 446 1499 418 1497 417 1497 416 1497 413 1498 401 1503 387 1498 380 1496 379 1496 378 1496 377 1496 376 1496 373 1497 366 1503 332 1498 331 1498 330 1498 329 1498 324 1503 309 1496 301 1493 300 1493 254 1493 253 1493 252 1493 251 1493 248 1495 234 1503 187 1494 187 1533"/>
                        </Shape>
                        <String CONTENT=""/>
                    </TextLine>
</TextBlock>
                <TextBlock ID="block_1" HPOS="871" VPOS="1538" WIDTH="84" HEIGHT="52" TAGREFS="TYPE_4">
                    <Shape>
                        <Polygon POINTS="871.0831909179688 1538.0404052734375 955.9059448242188 1538.0404052734375 955.9059448242188 1590.9193115234375 871.0831909179688 1590.9193115234375 871.0831909179688 1538.0404052734375"/>
                    </Shape>
                    <TextLine ID="line_31" HPOS="869" VPOS="1534" WIDTH="87" HEIGHT="68" BASELINE="869 1577 956 1577" TAGREFS="TYPE_1">
                        <Shape>
                            <Polygon POINTS="869 1577 869 1595 889 1602 890 1602 891 1602 956 1598 956 1577 956 1547 895 1534 894 1534 893 1534 892 1534 892 1535 879 1547 869 1547 869 1577"/>
                        </Shape>
                        <String CONTENT=""/>
                    </TextLine>
</TextBlock>
            </PrintSpace>
        </Page>
    </Layout>
</alto>