<?xml version="1.0" encoding="UTF-8"?>
<alto xmlns:xsi="http://www.w3.org/2001/XMLSchema-instance"
    xmlns="http://www.loc.gov/standards/alto/ns-v4#"
    xsi:schemaLocation="http://www.loc.gov/standards/alto/ns-v4# http://www.loc.gov/standards/alto/v4/alto-4-3.xsd">
    <Description>
        <MeasurementUnit>pixel</MeasurementUnit>
        <sourceImageInformation>
            <fileName>bsb10313792_00175.jpg</fileName>
        </sourceImageInformation>
        <Processing ID="OCR_0">
            <processingCategory>other</processingCategory>
            <processingStepDescription>unknown</processingStepDescription>
            <processingSoftware>
                <softwareName>kraken</softwareName>
                <softwareVersion>4.3.13</softwareVersion>
            </processingSoftware>
        </Processing>
    </Description>
    <Tags>
        <OtherTag ID="TYPE_1" LABEL="DefaultLine"/>
        <OtherTag ID="TYPE_2" LABEL="MainZone-Other"/>
        <OtherTag ID="TYPE_3" LABEL="RunningTitleZone"/>
        <OtherTag ID="TYPE_4" LABEL="QuireMarksZone"/>
        <OtherTag ID="TYPE_5" LABEL="MarginTextZone-Notes-Continued"/>
        <OtherTag ID="TYPE_6" LABEL="MarginTextZone-Notes"/>
        <OtherTag ID="TYPE_7" LABEL="GraphicZone-TextualContent"/>
        <OtherTag ID="TYPE_8" LABEL="DigitizationArtefactZone"/>
        <OtherTag ID="TYPE_9" LABEL="TableZone-Continued"/>
        <OtherTag ID="TYPE_10" LABEL="MainZone-Lg"/>
        <OtherTag ID="TYPE_11" LABEL="MainZone-Head"/>
        <OtherTag ID="TYPE_12" LABEL="StampZone"/>
        <OtherTag ID="TYPE_13" LABEL="MainZone-Form"/>
        <OtherTag ID="TYPE_14" LABEL="MainZone-List-Continued"/>
        <OtherTag ID="TYPE_15" LABEL="MainZone-Signature"/>
        <OtherTag ID="TYPE_16" LABEL="MarginTextZone-ManuscriptAddendum"/>
        <OtherTag ID="TYPE_17" LABEL="MainZone-P-Continued"/>
        <OtherTag ID="TYPE_18" LABEL="StampZone-Sticker"/>
        <OtherTag ID="TYPE_19" LABEL="TableZone-Head"/>
        <OtherTag ID="TYPE_20" LABEL="GraphicZone-Decoration"/>
        <OtherTag ID="TYPE_21" LABEL="DropCapitalZone"/>
        <OtherTag ID="TYPE_22" LABEL="NumberingZone"/>
        <OtherTag ID="TYPE_23" LABEL="FigureZone-Head"/>
        <OtherTag ID="TYPE_24" LABEL="TitlePageZone"/>
        <OtherTag ID="TYPE_25" LABEL="GraphicZone-Maths"/>
        <OtherTag ID="TYPE_26" LABEL="MainZone-Entry-Continued"/>
        <OtherTag ID="TYPE_27" LABEL="MainZone-Sp"/>
        <OtherTag ID="TYPE_28" LABEL="MainZone-Entry"/>
        <OtherTag ID="TYPE_29" LABEL="GraphicZone-Part"/>
        <OtherTag ID="TYPE_30" LABEL="GraphicZone"/>
        <OtherTag ID="TYPE_31" LABEL="MainZone-Sp-Continued"/>
        <OtherTag ID="TYPE_32" LABEL="TableZone"/>
        <OtherTag ID="TYPE_33" LABEL="TitlePageZone-Index"/>
        <OtherTag ID="TYPE_34" LABEL="AdvertisementZone"/>
        <OtherTag ID="TYPE_35" LABEL="MainZone-Date"/>
        <OtherTag ID="TYPE_36" LABEL="FigureZone-FigDesc"/>
        <OtherTag ID="TYPE_37" LABEL="GraphicZone-Head"/>
        <OtherTag ID="TYPE_38" LABEL="MainZone-List"/>
        <OtherTag ID="TYPE_39" LABEL="MainZone-P"/>
        <OtherTag ID="TYPE_40" LABEL="MainZone-Lg-Continued"/>
        <OtherTag ID="TYPE_41" LABEL="FigureZone"/>
        <OtherTag ID="TYPE_42" LABEL="GraphicZone-FigDesc"/>
    </Tags>
    <Layout>
        <Page WIDTH="1068" HEIGHT="1749" PHYSICAL_IMG_NR="0" ID="page_0">
            <PrintSpace HPOS="0" VPOS="0" WIDTH="1068" HEIGHT="1749">
                <TextBlock ID="block_0" HPOS="138" VPOS="53" WIDTH="648" HEIGHT="51" TAGREFS="TYPE_3">
                    <Shape>
                        <Polygon POINTS="138.36610412597656 53.82741928100586 786.7809448242188 53.82741928100586 786.7809448242188 104.07376861572266 138.36610412597656 104.07376861572266 138.36610412597656 53.82741928100586"/>
                    </Shape>
                    <TextLine ID="line_0" HPOS="136" VPOS="48" WIDTH="740" HEIGHT="57" BASELINE="137 87 876 93" TAGREFS="TYPE_1">
                        <Shape>
                            <Polygon POINTS="748 52 738 52 728 52 719 52 709 52 699 52 689 52 680 52 673 52 670 52 660 52 651 52 641 52 640 52 638 53 629 52 621 52 612 52 602 52 592 52 583 52 577 52 576 53 571 52 563 52 553 52 544 52 534 52 524 52 522 52 508 57 498 52 495 52 485 52 476 52 466 52 456 52 447 52 437 52 427 52 417 52 408 52 398 52 388 52 378 52 369 52 359 52 349 52 340 52 330 52 328 52 324 54 321 52 320 52 310 52 301 52 296 52 286 57 260 57 219 56 211 52 204 52 194 52 184 52 174 52 165 52 155 52 145 52 137 52 137 87 136 95 164 102 165 102 240 97 242 97 243 97 250 102 251 102 252 102 253 102 316 98 320 98 321 98 337 102 338 102 339 102 414 99 426 99 427 99 436 103 437 103 438 103 457 100 462 99 472 100 509 104 510 104 536 101 543 100 549 101 567 104 568 105 875 105 876 93 876 54 854 48 853 48 852 48 851 48 837 54 824 61 768 61 753 53 750 52 748 52"/>
                        </Shape>
                        <String CONTENT=""/>
                    </TextLine>
</TextBlock>
                <TextBlock ID="block_3" HPOS="71" VPOS="118" WIDTH="823" HEIGHT="1375" TAGREFS="TYPE_17">
                    <Shape>
                        <Polygon POINTS="71.9461898803711 118.72589874267578 894.9735717773438 118.72589874267578 894.9735717773438 1493.8453369140625 71.9461898803711 1493.8453369140625 71.9461898803711 118.72589874267578"/>
                    </Shape>
                    <TextLine ID="line_1" HPOS="125" VPOS="113" WIDTH="749" HEIGHT="51" BASELINE="126 143 335 141 874 147" TAGREFS="TYPE_1">
                        <Shape>
                            <Polygon POINTS="864 115 855 115 845 115 835 115 826 115 816 115 806 115 796 115 787 115 777 115 767 115 756 121 750 115 748 115 738 115 736 115 735 116 731 115 728 115 719 115 709 115 699 115 689 115 680 115 670 115 660 115 651 115 641 115 631 115 621 115 612 115 602 115 592 115 583 115 573 115 563 115 553 115 544 115 536 115 517 120 482 120 472 115 466 115 456 115 447 115 437 115 427 115 417 115 414 115 411 117 405 115 398 115 388 115 378 115 369 115 368 115 367 116 363 118 298 118 287 116 282 115 281 115 272 115 262 115 252 115 242 115 233 115 223 115 216 115 213 115 204 115 194 115 184 115 174 115 171 115 167 116 162 117 126 117 126 143 125 153 202 160 203 160 204 160 219 154 221 153 223 154 236 160 237 160 238 160 239 160 261 154 274 150 283 154 301 161 302 161 303 161 333 154 337 153 339 154 352 161 353 161 399 162 400 162 474 159 475 159 476 159 482 154 485 152 522 152 524 154 530 159 531 159 532 159 533 159 559 154 561 154 564 154 586 159 587 159 588 159 589 159 595 154 603 160 604 160 605 160 606 160 626 156 651 161 652 161 653 161 673 154 675 154 721 154 726 154 792 164 793 164 794 164 795 164 805 158 817 164 818 164 819 164 820 164 844 155 873 155 874 147 873 114 864 113 864 115"/>
                        </Shape>
                        <String CONTENT=""/>
                    </TextLine>

                    <TextLine ID="line_2" HPOS="69" VPOS="148" WIDTH="809" HEIGHT="61" BASELINE="70 193 878 196" TAGREFS="TYPE_1">
                        <Shape>
                            <Polygon POINTS="70 193 69 202 166 207 167 207 168 207 179 203 184 201 197 203 215 205 216 205 252 203 280 201 299 203 340 208 341 208 342 208 359 204 366 202 385 204 440 208 441 209 479 209 479 208 480 208 491 204 496 202 502 204 516 208 516 208 517 208 518 208 532 204 540 202 621 202 624 205 632 209 633 209 634 209 635 209 702 208 703 208 704 208 709 205 712 203 715 205 725 209 726 209 727 209 728 209 744 205 752 203 759 205 777 209 778 209 779 209 799 205 809 203 820 205 843 209 844 209 845 209 857 205 862 203 876 205 878 196 877 163 828 163 826 162 813 151 812 151 811 151 810 151 809 151 777 161 772 162 767 160 749 153 748 153 747 153 714 159 700 162 689 159 671 153 670 153 669 153 646 158 633 161 619 158 594 152 593 152 592 152 582 157 578 159 555 160 548 156 543 154 542 154 541 154 540 154 534 156 524 160 518 156 512 150 511 150 510 150 509 150 508 150 488 155 487 155 486 155 464 152 463 152 462 152 457 155 449 159 439 154 438 154 437 154 436 154 435 154 434 154 425 161 340 161 314 152 311 151 310 151 310 151 309 151 308 151 307 152 300 157 273 152 272 152 271 152 244 160 218 150 214 149 213 149 212 149 211 149 208 150 196 157 143 157 130 149 129 149 70 148 70 193"/>
                        </Shape>
                        <String CONTENT=""/>
                    </TextLine>

                    <TextLine ID="line_3" HPOS="78" VPOS="197" WIDTH="796" HEIGHT="63" BASELINE="79 241 427 240 874 246" TAGREFS="TYPE_1">
                        <Shape>
                            <Polygon POINTS="79 241 78 247 92 254 93 254 94 254 170 249 184 248 246 248 248 250 259 255 260 255 261 255 262 255 277 250 283 249 289 250 306 255 307 255 308 255 335 251 344 250 349 251 366 256 367 256 368 256 450 253 482 252 487 254 497 257 498 257 499 257 520 254 542 251 594 255 632 258 633 258 648 256 674 252 692 257 698 258 699 258 700 258 701 258 704 257 717 252 731 257 736 259 737 259 738 260 873 260 874 246 874 209 856 201 855 201 854 201 805 209 801 209 800 208 793 204 792 204 792 204 752 201 751 201 750 201 733 208 733 209 644 209 640 208 599 199 490 199 489 199 488 199 487 199 474 207 450 207 430 198 429 198 397 198 396 198 395 198 378 206 361 198 360 198 359 198 358 198 357 198 346 206 338 206 326 206 325 206 303 197 302 197 301 197 263 199 262 199 261 199 249 205 249 206 204 206 203 205 170 198 169 198 168 198 149 204 138 200 137 200 137 200 136 200 135 200 128 205 79 205 79 241"/>
                        </Shape>
                        <String CONTENT=""/>
                    </TextLine>

                    <TextLine ID="line_4" HPOS="79" VPOS="247" WIDTH="798" HEIGHT="61" BASELINE="80 289 877 292" TAGREFS="TYPE_1">
                        <Shape>
                            <Polygon POINTS="80 289 79 302 152 307 153 307 154 307 155 307 161 303 164 300 170 303 175 305 176 305 177 305 178 305 188 303 199 300 308 300 316 303 329 307 330 307 331 307 351 303 361 301 364 303 371 308 372 308 373 308 374 308 395 303 401 302 407 303 434 308 435 308 436 308 445 303 449 301 516 301 520 303 530 307 531 307 606 308 607 308 640 303 651 302 668 303 732 308 733 308 876 303 877 292 876 258 805 258 804 257 791 250 790 250 750 249 749 249 748 249 735 256 690 257 668 257 665 257 638 249 637 249 636 249 635 249 620 257 618 257 616 257 591 249 590 249 589 249 588 249 573 256 554 248 553 248 552 248 510 256 508 256 482 256 445 256 435 248 434 248 433 248 432 248 357 255 293 247 206 247 205 247 204 247 203 247 190 255 189 256 147 256 144 255 106 247 105 247 104 247 80 254 80 289"/>
                        </Shape>
                        <String CONTENT=""/>
                    </TextLine>

                    <TextLine ID="line_5" HPOS="77" VPOS="296" WIDTH="815" HEIGHT="60" BASELINE="78 338 892 341" TAGREFS="TYPE_1">
                        <Shape>
                            <Polygon POINTS="78 338 77 348 101 355 102 355 103 356 103 355 103 355 126 349 127 349 339 349 343 350 354 355 355 355 356 355 378 351 381 350 382 351 388 356 389 356 390 356 391 356 445 351 450 351 453 351 474 355 475 355 476 355 477 355 481 351 482 350 490 351 513 356 514 356 515 356 523 352 527 350 541 352 568 356 569 356 891 354 892 341 892 306 850 306 849 305 832 298 831 298 830 298 789 305 779 306 770 304 748 300 747 300 729 304 721 306 717 304 708 298 707 298 706 298 705 298 704 298 690 304 685 306 658 303 614 299 613 299 583 303 565 305 557 303 541 297 540 297 539 297 514 302 500 305 489 302 472 297 471 297 470 297 469 297 455 302 445 306 391 306 373 301 349 296 348 296 282 300 251 302 236 300 211 296 210 296 195 300 181 303 170 299 160 296 159 296 158 296 157 296 156 296 152 299 145 304 78 299 78 338"/>
                        </Shape>
                        <String CONTENT=""/>
                    </TextLine>

                    <TextLine ID="line_6" HPOS="76" VPOS="345" WIDTH="803" HEIGHT="60" BASELINE="77 388 879 390" TAGREFS="TYPE_1">
                        <Shape>
                            <Polygon POINTS="77 388 76 398 86 404 87 404 88 404 89 404 138 403 139 403 140 403 146 398 153 404 154 404 155 404 156 404 191 398 269 403 270 403 350 398 360 398 362 398 378 404 378 404 379 404 403 398 407 398 475 398 480 399 507 405 508 405 531 400 552 405 553 405 554 405 878 400 879 390 878 357 800 357 799 356 784 348 783 348 782 348 742 355 738 356 737 355 725 346 724 346 723 346 723 346 677 355 669 356 642 355 576 351 575 351 554 354 542 356 535 354 523 350 522 350 521 350 503 354 496 355 489 354 454 345 397 345 396 345 395 345 375 353 371 354 358 353 302 345 301 345 270 352 255 355 249 352 239 345 238 345 237 345 236 345 235 345 215 351 195 345 194 345 193 345 77 350 77 388"/>
                        </Shape>
                        <String CONTENT=""/>
                    </TextLine>

                    <TextLine ID="line_7" HPOS="74" VPOS="395" WIDTH="804" HEIGHT="61" BASELINE="75 436 878 439" TAGREFS="TYPE_1">
                        <Shape>
                            <Polygon POINTS="75 436 74 445 115 447 125 454 126 454 127 454 128 455 210 455 210 454 211 454 229 447 284 454 285 454 286 454 287 454 297 447 332 447 344 455 345 455 346 455 347 455 570 448 582 455 583 455 584 455 585 455 622 451 641 456 642 456 643 456 644 456 645 456 653 450 668 456 669 456 670 456 716 451 751 456 752 456 753 456 768 450 783 456 784 456 785 456 877 448 878 439 877 405 841 407 832 405 816 399 815 399 814 399 813 399 800 405 795 407 792 405 780 397 779 397 778 397 777 397 743 403 719 397 718 397 717 397 716 397 701 405 696 407 686 405 654 397 654 397 653 397 639 405 636 406 621 405 553 396 552 396 520 402 478 396 477 396 476 396 455 404 444 396 443 396 442 396 403 396 402 396 401 396 387 404 375 397 374 397 373 397 313 402 297 395 296 395 238 395 237 395 236 395 217 405 215 405 75 405 75 436"/>
                        </Shape>
                        <String CONTENT=""/>
                    </TextLine>

                    <TextLine ID="line_8" HPOS="76" VPOS="447" WIDTH="802" HEIGHT="58" BASELINE="77 485 878 487" TAGREFS="TYPE_1">
                        <Shape>
                            <Polygon POINTS="77 485 76 494 152 504 153 505 203 505 203 504 238 496 333 504 334 504 335 504 351 496 389 496 396 501 397 501 398 501 399 501 400 501 413 497 441 503 442 503 443 503 444 503 449 498 479 505 480 505 481 505 501 499 560 503 561 503 562 503 575 498 585 503 586 503 587 503 632 498 646 504 647 504 700 505 701 505 741 497 817 505 818 505 819 505 820 505 828 499 854 503 855 503 856 503 877 496 878 487 878 456 857 448 856 448 855 448 854 448 833 456 786 456 761 448 760 448 759 448 758 448 732 455 700 448 699 448 698 448 685 455 685 456 628 456 625 455 573 448 572 448 534 454 516 448 516 448 515 448 514 448 513 448 503 455 502 455 499 455 457 447 337 447 336 447 335 447 323 452 239 447 238 447 237 447 219 454 218 455 168 455 167 454 154 447 153 447 97 447 96 447 95 447 77 453 77 485"/>
                        </Shape>
                        <String CONTENT=""/>
                    </TextLine>

                    <TextLine ID="line_9" HPOS="73" VPOS="497" WIDTH="807" HEIGHT="53" BASELINE="74 535 880 537" TAGREFS="TYPE_1">
                        <Shape>
                            <Polygon POINTS="74 535 73 548 878 550 880 537 879 505 818 498 817 498 816 498 815 498 806 505 803 507 741 507 716 505 657 498 656 498 655 498 654 498 647 505 644 507 618 507 610 505 592 498 591 498 554 498 553 498 552 498 551 498 543 505 494 507 482 505 456 498 455 498 454 498 442 505 438 507 378 507 374 505 355 497 354 497 353 497 352 497 335 502 280 497 279 497 278 497 277 497 267 505 264 507 185 507 181 505 163 497 162 497 107 497 106 497 105 497 92 505 91 505 74 505 74 535"/>
                        </Shape>
                        <String CONTENT=""/>
                    </TextLine>

                    <TextLine ID="line_10" HPOS="69" VPOS="545" WIDTH="811" HEIGHT="54" BASELINE="70 585 880 587" TAGREFS="TYPE_1">
                        <Shape>
                            <Polygon POINTS="70 585 69 595 878 599 880 587 880 550 853 546 852 546 851 546 839 550 830 553 814 550 792 546 792 546 791 546 790 546 784 550 778 554 620 554 597 550 567 546 566 546 565 546 552 550 543 553 537 550 530 547 529 547 528 547 527 547 526 547 521 550 517 553 493 553 486 550 472 545 471 545 470 545 469 545 468 545 461 550 459 551 453 550 444 548 443 548 442 548 407 550 374 552 370 550 363 545 362 545 361 545 360 545 323 549 177 545 176 545 175 545 164 550 163 550 157 550 115 545 114 545 113 545 98 550 90 552 70 550 70 585"/>
                        </Shape>
                        <String CONTENT=""/>
                    </TextLine>

                    <TextLine ID="line_11" HPOS="68" VPOS="595" WIDTH="811" HEIGHT="57" BASELINE="68 636 879 636" TAGREFS="TYPE_1">
                        <Shape>
                            <Polygon POINTS="68 636 68 645 134 651 135 652 195 652 195 651 196 651 209 647 212 646 218 647 248 651 249 651 293 647 300 647 308 648 344 651 344 651 345 651 358 648 365 646 459 646 472 649 484 651 485 651 486 651 505 649 526 646 878 651 879 636 879 603 808 595 807 595 806 595 785 602 615 595 614 595 613 595 601 601 559 596 558 596 557 596 536 602 500 595 499 595 447 602 431 595 430 595 429 595 380 600 366 595 365 595 364 595 262 602 252 595 251 595 250 595 173 595 172 595 68 602 68 636"/>
                        </Shape>
                        <String CONTENT=""/>
                    </TextLine>

                    <TextLine ID="line_12" HPOS="68" VPOS="641" WIDTH="806" HEIGHT="62" BASELINE="69 686 874 684" TAGREFS="TYPE_1">
                        <Shape>
                            <Polygon POINTS="69 686 69 696 113 703 114 703 172 697 186 696 194 697 221 703 222 703 254 698 265 696 271 698 285 703 286 703 287 703 309 698 318 695 454 695 464 699 471 702 472 702 473 702 474 702 482 699 495 695 557 695 587 700 604 702 605 702 616 700 633 696 665 700 674 701 675 701 676 701 678 700 689 694 738 701 744 701 745 701 746 701 747 701 766 694 788 701 789 701 790 701 791 701 792 701 792 701 813 696 872 701 874 684 873 649 847 642 846 642 845 642 776 649 770 649 767 649 729 641 728 641 727 641 726 641 719 646 679 642 678 642 677 642 676 642 667 649 666 650 611 650 610 649 599 642 598 642 597 642 596 642 566 649 562 650 560 649 549 643 548 643 547 643 498 647 462 642 461 642 414 649 410 650 409 649 401 643 400 643 399 643 354 642 353 642 352 642 328 650 326 650 325 650 313 643 312 643 197 643 196 643 195 643 194 643 185 650 183 651 125 651 117 650 79 643 78 643 77 643 76 643 68 647 69 686"/>
                        </Shape>
                        <String CONTENT=""/>
                    </TextLine>

                    <TextLine ID="line_13" HPOS="68" VPOS="692" WIDTH="811" HEIGHT="58" BASELINE="69 735 879 733" TAGREFS="TYPE_1">
                        <Shape>
                            <Polygon POINTS="69 735 69 747 185 750 186 750 202 747 214 744 286 744 303 746 334 750 335 750 360 746 371 744 388 745 442 750 443 750 444 750 445 750 451 745 452 744 454 745 465 749 466 749 467 749 468 749 484 745 492 743 560 743 569 744 598 749 599 749 659 743 668 743 672 743 699 749 700 750 866 750 866 749 867 749 868 749 879 742 879 733 876 699 846 701 834 699 809 693 808 693 807 693 806 693 797 699 794 701 781 699 761 696 760 696 759 696 753 699 748 702 679 702 675 700 656 692 655 692 654 692 615 700 607 701 605 700 593 692 592 692 591 692 553 692 552 692 525 697 481 694 480 694 479 694 458 701 453 702 450 701 439 693 438 693 437 693 436 693 348 698 225 693 224 693 223 693 222 693 209 702 208 703 190 703 189 702 181 696 180 696 179 696 137 693 137 693 68 702 69 735"/>
                        </Shape>
                        <String CONTENT=""/>
                    </TextLine>

                    <TextLine ID="line_14" HPOS="68" VPOS="741" WIDTH="811" HEIGHT="58" BASELINE="69 783 879 785" TAGREFS="TYPE_1">
                        <Shape>
                            <Polygon POINTS="69 783 68 791 109 798 110 799 152 799 152 798 153 798 154 798 160 793 176 798 177 798 178 798 446 793 458 798 459 798 460 798 461 798 471 793 481 798 482 798 482 798 657 794 682 799 683 799 707 794 722 799 723 799 723 799 724 799 745 794 761 799 762 799 763 799 798 794 860 799 861 799 861 799 878 793 879 785 878 742 859 742 858 742 857 742 856 742 842 751 826 742 826 742 825 742 824 742 823 742 806 753 765 742 763 742 762 742 749 742 748 742 747 742 746 742 730 754 716 754 696 743 694 742 693 742 635 742 634 742 633 742 630 743 623 747 616 743 612 742 611 742 610 742 609 742 604 744 579 753 552 744 546 742 545 742 544 742 524 744 478 750 459 745 447 741 447 741 446 741 445 741 433 745 415 751 406 745 400 741 399 741 398 741 397 741 396 741 382 745 378 746 369 745 343 743 342 743 341 743 332 746 310 753 297 753 287 746 280 741 279 741 278 741 277 741 276 741 265 746 251 753 120 753 107 747 94 742 93 742 92 742 69 747 69 783"/>
                        </Shape>
                        <String CONTENT=""/>
                    </TextLine>

                    <TextLine ID="line_15" HPOS="71" VPOS="790" WIDTH="806" HEIGHT="59" BASELINE="71 832 877 834" TAGREFS="TYPE_1">
                        <Shape>
                            <Polygon POINTS="71 832 71 846 389 842 450 847 456 847 457 847 458 847 459 847 471 842 479 847 480 848 481 848 482 848 482 849 646 849 646 848 652 847 674 843 875 847 877 834 876 798 777 791 776 791 775 791 774 791 766 797 761 801 739 801 718 797 686 791 685 791 684 791 683 791 676 796 671 800 652 796 634 793 633 793 632 793 620 796 604 800 580 796 552 791 551 791 551 791 543 795 534 800 522 795 512 791 511 791 510 791 452 795 420 797 416 795 411 790 410 790 409 790 376 790 375 790 321 792 320 792 315 794 305 800 256 800 245 794 240 791 239 791 238 791 237 791 236 791 233 794 224 799 166 794 165 794 164 794 163 794 156 800 116 800 106 793 103 790 103 790 102 790 101 790 71 792 71 832"/>
                        </Shape>
                        <String CONTENT=""/>
                    </TextLine>

                    <TextLine ID="line_16" HPOS="76" VPOS="840" WIDTH="799" HEIGHT="58" BASELINE="76 881 875 881" TAGREFS="TYPE_1">
                        <Shape>
                            <Polygon POINTS="76 881 76 891 128 896 129 896 130 896 138 892 144 897 145 897 146 897 147 897 265 892 300 891 308 893 328 897 329 897 350 893 361 891 371 893 385 897 386 897 387 897 388 897 403 893 413 891 480 891 483 894 487 897 488 897 489 897 490 897 491 897 492 897 496 894 503 891 590 891 600 895 605 897 606 897 607 898 657 898 657 897 658 897 661 896 672 891 688 896 691 897 692 897 693 897 701 896 730 891 742 896 744 897 745 897 746 897 747 897 748 897 748 896 757 891 798 891 809 897 810 897 811 897 812 898 875 898 875 881 875 850 809 850 808 849 783 840 782 840 731 840 730 840 729 840 728 840 718 848 698 840 697 840 696 840 695 840 679 849 678 850 600 850 597 848 583 840 582 840 581 840 507 848 490 849 484 848 460 840 459 840 404 840 403 840 402 840 385 846 357 840 356 840 355 840 332 846 272 840 271 840 270 840 269 840 259 846 256 848 251 846 231 840 230 840 229 840 228 840 227 840 218 846 213 850 169 850 163 846 155 840 154 840 153 840 152 840 151 840 132 846 119 849 76 846 76 881"/>
                        </Shape>
                        <String CONTENT=""/>
                    </TextLine>

                    <TextLine ID="line_17" HPOS="71" VPOS="889" WIDTH="804" HEIGHT="55" BASELINE="72 930 875 929" TAGREFS="TYPE_1">
                        <Shape>
                            <Polygon POINTS="72 930 72 940 478 939 551 943 578 944 579 944 580 944 581 944 582 943 589 939 759 939 873 944 875 929 873 893 841 889 840 889 839 889 838 889 832 893 830 895 755 895 748 893 723 889 723 889 722 889 705 893 702 894 698 893 682 889 681 889 680 889 679 889 678 889 670 893 669 894 657 893 605 890 604 890 552 894 546 894 545 894 533 889 532 889 495 889 494 889 493 889 492 889 484 894 483 895 453 895 450 894 404 889 251 889 250 889 249 889 238 894 201 889 200 889 199 889 179 894 160 889 159 889 158 889 130 894 110 889 109 889 108 889 107 889 106 889 99 895 71 895 72 930"/>
                        </Shape>
                        <String CONTENT=""/>
                    </TextLine>

                    <TextLine ID="line_18" HPOS="68" VPOS="934" WIDTH="809" HEIGHT="63" BASELINE="69 983 542 977 877 978" TAGREFS="TYPE_1">
                        <Shape>
                            <Polygon POINTS="69 983 69 991 104 997 105 997 106 997 124 991 125 991 126 991 157 996 158 996 189 992 197 996 198 996 199 996 200 997 265 997 265 996 266 996 281 990 281 989 391 989 392 989 412 995 413 995 413 995 447 989 469 995 470 995 471 995 502 994 503 994 516 988 520 988 584 994 585 994 585 994 607 988 640 994 641 994 672 988 847 993 848 993 849 993 877 985 877 978 876 945 792 944 764 934 763 934 762 934 761 934 760 934 745 945 731 939 730 939 729 939 728 939 714 945 710 946 705 945 664 935 663 935 662 935 638 945 635 946 626 945 560 936 559 936 558 936 557 936 546 945 544 947 542 945 533 941 532 941 531 941 530 941 518 945 516 946 513 945 472 936 471 936 436 937 435 937 434 937 425 943 395 937 394 937 393 937 392 937 378 946 375 948 365 946 330 938 289 938 288 938 287 938 260 946 249 950 142 950 135 946 122 939 121 939 120 939 119 939 95 947 83 950 68 947 69 983"/>
                        </Shape>
                        <String CONTENT=""/>
                    </TextLine>

                    <TextLine ID="line_19" HPOS="70" VPOS="984" WIDTH="808" HEIGHT="63" BASELINE="70 1029 878 1024" TAGREFS="TYPE_1">
                        <Shape>
                            <Polygon POINTS="71 1014 70 1029 70 1040 226 1047 227 1047 255 1041 262 1040 273 1041 314 1046 315 1046 316 1046 332 1041 340 1039 415 1039 420 1041 429 1046 430 1046 431 1047 474 1047 474 1046 475 1046 492 1042 507 1038 557 1042 604 1045 605 1045 638 1044 639 1044 640 1044 642 1042 650 1037 713 1042 740 1044 741 1044 760 1042 816 1036 826 1042 826 1043 827 1043 828 1043 829 1043 878 1042 878 1024 876 994 851 994 838 984 837 984 836 984 835 984 834 984 817 994 799 994 790 986 789 986 788 986 787 986 786 986 785 986 775 994 755 994 741 985 740 985 739 985 738 985 684 991 666 985 665 985 664 985 663 985 662 985 648 994 639 989 638 989 637 989 600 994 599 994 598 994 558 986 557 986 556 986 538 994 501 989 500 989 463 995 461 995 457 995 354 987 353 987 296 993 271 988 270 988 216 993 169 989 168 989 167 989 150 997 75 997 71 1014"/>
                        </Shape>
                        <String CONTENT=""/>
                    </TextLine>

                    <TextLine ID="line_20" HPOS="73" VPOS="1034" WIDTH="801" HEIGHT="60" BASELINE="74 1079 874 1072" TAGREFS="TYPE_1">
                        <Shape>
                            <Polygon POINTS="74 1079 74 1094 303 1088 342 1090 380 1093 381 1093 409 1089 429 1087 516 1087 518 1088 528 1092 529 1092 530 1092 559 1087 569 1086 605 1086 756 1090 757 1090 757 1090 770 1084 771 1084 775 1084 847 1089 848 1089 849 1089 874 1082 874 1072 872 1045 841 1045 841 1044 827 1034 826 1034 826 1034 825 1034 824 1034 798 1044 783 1038 782 1038 781 1038 780 1038 760 1044 757 1045 722 1045 721 1044 703 1035 702 1035 701 1035 700 1035 699 1035 685 1044 682 1046 642 1047 615 1047 610 1044 601 1039 600 1039 599 1039 598 1039 584 1044 580 1045 577 1044 561 1036 560 1036 559 1036 453 1041 452 1041 451 1041 448 1043 443 1047 431 1043 413 1038 412 1038 411 1038 383 1043 382 1043 381 1043 347 1038 346 1038 324 1043 300 1049 245 1049 238 1043 233 1039 232 1039 231 1039 230 1039 229 1039 216 1043 198 1049 181 1043 173 1040 172 1040 172 1040 171 1040 163 1043 142 1051 127 1051 115 1043 112 1040 111 1040 110 1040 109 1040 73 1042 74 1079"/>
                        </Shape>
                        <String CONTENT=""/>
                    </TextLine>

                    <TextLine ID="line_21" HPOS="74" VPOS="1085" WIDTH="798" HEIGHT="57" BASELINE="75 1126 872 1124" TAGREFS="TYPE_1">
                        <Shape>
                            <Polygon POINTS="75 1126 75 1135 109 1142 110 1142 111 1142 132 1136 134 1135 137 1136 153 1142 154 1142 155 1142 229 1137 241 1142 242 1142 243 1142 244 1142 259 1137 315 1142 316 1142 317 1142 318 1142 326 1136 328 1135 333 1136 354 1142 355 1142 356 1142 412 1137 467 1141 468 1141 469 1141 470 1141 476 1136 478 1135 480 1136 488 1141 489 1141 490 1141 525 1137 533 1136 544 1137 592 1141 593 1141 594 1141 607 1137 616 1134 624 1137 637 1141 638 1141 639 1141 640 1141 650 1137 653 1136 657 1137 675 1141 676 1141 677 1141 687 1137 694 1134 870 1137 872 1124 870 1093 816 1093 800 1085 799 1085 798 1085 797 1085 780 1093 718 1093 708 1086 707 1086 706 1086 705 1086 676 1092 661 1085 660 1085 604 1085 603 1085 602 1085 601 1085 591 1092 543 1086 542 1086 541 1086 524 1092 488 1085 487 1085 486 1085 465 1093 405 1086 404 1086 348 1091 302 1086 301 1086 300 1086 275 1093 262 1086 261 1086 218 1086 217 1086 180 1093 164 1086 163 1086 162 1086 161 1086 133 1093 95 1086 94 1086 93 1086 74 1094 75 1126"/>
                        </Shape>
                        <String CONTENT=""/>
                    </TextLine>

                    <TextLine ID="line_22" HPOS="79" VPOS="1137" WIDTH="796" HEIGHT="54" BASELINE="80 1178 875 1173" TAGREFS="TYPE_1">
                        <Shape>
                            <Polygon POINTS="80 1178 80 1187 178 1191 179 1191 180 1191 181 1191 186 1187 188 1186 195 1187 211 1191 212 1191 251 1187 279 1185 306 1187 332 1190 333 1190 380 1187 443 1184 472 1187 486 1189 487 1189 501 1187 527 1184 546 1187 554 1189 555 1189 556 1189 557 1189 558 1187 565 1183 595 1183 603 1187 603 1188 604 1188 605 1188 606 1189 710 1189 710 1188 711 1188 712 1188 712 1187 719 1182 873 1187 875 1173 873 1145 811 1139 810 1139 753 1144 728 1138 727 1138 726 1138 725 1138 724 1138 715 1145 714 1145 706 1145 632 1137 631 1137 592 1145 587 1145 582 1145 533 1138 472 1138 471 1138 470 1138 469 1138 460 1145 447 1138 446 1138 445 1138 420 1143 404 1138 403 1138 402 1138 401 1138 400 1138 393 1144 341 1139 340 1139 339 1139 338 1139 331 1145 329 1146 325 1145 318 1142 317 1142 316 1142 315 1142 308 1145 300 1147 268 1145 211 1140 210 1140 181 1145 159 1148 135 1145 102 1140 101 1140 79 1144 80 1178"/>
                        </Shape>
                        <String CONTENT=""/>
                    </TextLine>

                    <TextLine ID="line_23" HPOS="79" VPOS="1179" WIDTH="798" HEIGHT="63" BASELINE="80 1227 877 1222" TAGREFS="TYPE_1">
                        <Shape>
                            <Polygon POINTS="80 1227 80 1241 110 1236 174 1240 200 1242 201 1242 202 1242 203 1242 205 1240 210 1235 254 1235 275 1239 282 1241 283 1241 304 1239 345 1235 354 1239 359 1241 360 1241 361 1241 378 1238 406 1234 447 1238 473 1240 474 1241 551 1241 551 1240 552 1240 553 1240 558 1237 563 1234 646 1234 651 1236 657 1239 658 1239 659 1239 676 1235 683 1234 689 1235 702 1239 703 1239 704 1239 748 1235 778 1233 802 1234 842 1238 843 1238 877 1234 877 1222 875 1190 840 1189 828 1179 827 1179 826 1179 826 1179 714 1188 689 1191 672 1191 667 1188 656 1181 655 1181 654 1181 654 1181 653 1181 628 1188 620 1190 616 1188 606 1180 605 1180 604 1180 582 1180 581 1180 580 1180 564 1187 555 1192 491 1192 466 1186 437 1181 436 1181 435 1181 422 1186 409 1191 391 1186 378 1182 378 1182 262 1182 261 1182 260 1182 254 1185 237 1194 119 1194 105 1184 105 1183 104 1183 103 1183 103 1183 79 1183 80 1227"/>
                        </Shape>
                        <String CONTENT=""/>
                    </TextLine>

                    <TextLine ID="line_24" HPOS="78" VPOS="1231" WIDTH="798" HEIGHT="55" BASELINE="79 1275 876 1270" TAGREFS="TYPE_1">
                        <Shape>
                            <Polygon POINTS="79 1275 79 1286 875 1281 876 1270 873 1236 768 1240 751 1237 715 1231 714 1231 686 1234 685 1234 684 1234 678 1238 673 1242 622 1242 618 1238 607 1232 606 1232 605 1232 555 1232 554 1232 553 1232 523 1239 512 1242 495 1240 447 1233 447 1233 446 1233 445 1233 431 1240 428 1242 420 1240 408 1238 407 1238 406 1238 399 1241 394 1243 391 1241 380 1234 379 1234 378 1234 300 1234 299 1234 298 1234 279 1242 276 1243 268 1242 244 1239 243 1239 204 1243 187 1244 183 1243 157 1234 156 1234 155 1234 154 1234 153 1234 141 1242 91 1236 90 1236 89 1236 88 1236 78 1241 79 1275"/>
                        </Shape>
                        <String CONTENT=""/>
                    </TextLine>

                    <TextLine ID="line_25" HPOS="73" VPOS="1283" WIDTH="803" HEIGHT="59" BASELINE="74 1325 876 1321" TAGREFS="TYPE_1">
                        <Shape>
                            <Polygon POINTS="74 1325 74 1334 166 1342 167 1342 168 1342 178 1337 216 1342 217 1342 218 1342 237 1336 239 1334 287 1334 395 1334 400 1337 409 1341 410 1341 411 1341 412 1341 413 1341 432 1337 444 1334 461 1337 486 1340 487 1340 488 1340 489 1340 494 1337 499 1333 520 1337 526 1337 527 1337 535 1337 561 1334 567 1337 571 1340 572 1340 573 1340 574 1341 606 1341 606 1340 607 1340 613 1337 621 1333 630 1337 636 1340 637 1340 638 1340 682 1337 761 1333 772 1338 773 1338 774 1338 775 1338 776 1338 777 1338 784 1334 799 1338 803 1339 804 1339 805 1339 876 1338 876 1321 875 1292 857 1287 856 1287 855 1287 792 1292 788 1292 768 1283 767 1283 718 1283 717 1283 716 1283 698 1291 655 1284 654 1284 654 1284 624 1293 623 1293 621 1293 585 1287 585 1287 584 1287 569 1293 568 1293 475 1289 474 1289 448 1294 447 1294 447 1294 427 1286 426 1286 425 1286 389 1291 329 1285 328 1285 327 1285 308 1291 276 1285 275 1285 275 1285 274 1285 260 1295 239 1289 238 1289 237 1289 236 1289 223 1295 223 1296 201 1296 137 1296 115 1286 114 1286 87 1286 86 1286 85 1286 84 1286 73 1293 74 1325"/>
                        </Shape>
                        <String CONTENT=""/>
                    </TextLine>

                    <TextLine ID="line_26" HPOS="70" VPOS="1347" WIDTH="520" HEIGHT="45" BASELINE="71 1375 590 1369" TAGREFS="TYPE_1">
                        <Shape>
                            <Polygon POINTS="585 1347 576 1347 566 1347 556 1347 547 1347 537 1347 527 1347 517 1347 508 1347 498 1347 488 1347 479 1347 469 1347 459 1347 449 1347 440 1347 430 1347 420 1347 411 1347 401 1347 391 1347 381 1347 372 1347 362 1347 352 1347 343 1347 333 1347 323 1347 321 1347 318 1347 313 1347 304 1347 294 1347 284 1347 275 1347 265 1347 255 1347 245 1347 236 1347 226 1347 216 1347 206 1347 197 1347 188 1347 187 1347 177 1347 168 1347 158 1347 148 1347 144 1347 142 1349 140 1350 134 1349 122 1347 119 1347 109 1347 100 1347 93 1347 70 1349 71 1375 71 1385 100 1391 101 1391 102 1391 118 1385 131 1392 132 1392 133 1392 134 1392 135 1392 145 1384 146 1384 161 1391 162 1391 163 1392 192 1392 192 1391 236 1383 239 1383 241 1383 270 1390 271 1390 356 1382 365 1389 366 1389 367 1389 368 1389 402 1381 403 1381 404 1381 438 1388 439 1388 440 1388 441 1388 441 1387 447 1382 468 1387 469 1387 470 1387 481 1382 490 1387 491 1387 492 1387 493 1387 511 1382 569 1386 570 1386 571 1386 590 1378 590 1369 588 1347 585 1347"/>
                        </Shape>
                        <String CONTENT=""/>
                    </TextLine>

                    <TextLine ID="line_27" HPOS="176" VPOS="1431" WIDTH="700" HEIGHT="62" BASELINE="177 1476 876 1471" TAGREFS="TYPE_1">
                        <Shape>
                            <Polygon POINTS="177 1476 177 1487 286 1493 287 1493 288 1493 300 1487 318 1492 319 1492 320 1492 321 1492 344 1486 346 1486 349 1486 404 1492 405 1492 437 1485 440 1485 447 1485 519 1491 520 1491 521 1491 541 1486 603 1490 604 1490 605 1490 627 1484 636 1490 637 1490 638 1490 639 1490 640 1490 662 1483 665 1483 672 1483 736 1489 737 1489 738 1489 761 1483 837 1488 838 1488 875 1481 876 1471 875 1439 857 1432 856 1432 855 1432 854 1432 853 1432 844 1439 842 1440 841 1439 834 1434 833 1434 832 1434 831 1434 830 1434 821 1439 818 1440 746 1440 734 1438 708 1431 707 1431 706 1431 683 1436 643 1431 642 1431 641 1431 628 1438 620 1442 546 1442 536 1438 526 1433 525 1433 524 1433 523 1433 514 1438 501 1442 484 1437 470 1433 469 1433 468 1433 467 1433 466 1433 459 1437 450 1442 434 1437 420 1433 419 1433 418 1433 417 1433 406 1437 388 1443 362 1437 349 1434 348 1434 347 1434 346 1434 340 1437 328 1441 312 1437 304 1434 303 1434 302 1434 301 1434 295 1437 277 1444 258 1437 253 1435 252 1435 251 1435 250 1435 246 1437 233 1442 210 1437 205 1435 204 1435 203 1435 176 1436 177 1476"/>
                        </Shape>
                        <String CONTENT=""/>
                    </TextLine>
</TextBlock>
                <TextBlock ID="block_2" HPOS="90" VPOS="1386" WIDTH="623" HEIGHT="54" TAGREFS="TYPE_11">
                    <Shape>
                        <Polygon POINTS="90.11754608154297 1386.6566162109375 713.2877807617188 1386.6566162109375 713.2877807617188 1440.695556640625 90.11754608154297 1440.695556640625 90.11754608154297 1386.6566162109375"/>
                    </Shape>
                    <TextLine ID="line_28" HPOS="129" VPOS="1400" WIDTH="578" HEIGHT="45" BASELINE="130 1428 707 1422" TAGREFS="TYPE_1">
                        <Shape>
                            <Polygon POINTS="702 1400 692 1400 683 1400 673 1400 663 1400 654 1400 644 1400 634 1400 624 1400 615 1400 605 1400 595 1400 585 1400 576 1400 566 1400 556 1400 547 1400 537 1400 527 1400 517 1400 508 1400 498 1400 488 1400 479 1400 469 1400 459 1400 449 1400 440 1400 430 1400 420 1400 411 1400 401 1400 391 1400 381 1400 372 1400 362 1400 352 1400 343 1400 333 1400 323 1400 313 1400 304 1400 298 1400 296 1401 295 1401 280 1400 275 1400 265 1400 255 1400 245 1400 236 1400 226 1400 216 1400 214 1400 210 1402 207 1402 180 1400 177 1400 168 1400 158 1400 148 1400 138 1400 132 1400 129 1401 130 1428 130 1443 171 1445 172 1445 172 1445 173 1445 175 1443 184 1437 236 1437 302 1441 313 1442 314 1442 319 1441 344 1436 352 1441 355 1443 356 1443 357 1443 358 1443 359 1443 367 1441 384 1436 399 1440 405 1442 406 1442 407 1442 408 1442 413 1440 428 1435 462 1440 468 1440 469 1440 470 1440 472 1440 480 1436 482 1440 485 1441 485 1442 486 1442 487 1442 488 1442 611 1441 643 1438 684 1433 706 1437 707 1422 705 1400 702 1400"/>
                        </Shape>
                        <String CONTENT=""/>
                    </TextLine>
</TextBlock>
                <TextBlock ID="block_5" HPOS="66" VPOS="1440" WIDTH="821" HEIGHT="104" TAGREFS="TYPE_39">
                    <Shape>
                        <Polygon POINTS="66.68470001220703 1440.7764892578125 887.9541625976562 1440.7764892578125 887.9541625976562 1544.8475341796875 66.68470001220703 1544.8475341796875 66.68470001220703 1440.7764892578125"/>
                    </Shape>
                    <TextLine ID="line_29" HPOS="74" VPOS="1481" WIDTH="803" HEIGHT="77" BASELINE="75 1529 877 1521" TAGREFS="TYPE_1">
                        <Shape>
                            <Polygon POINTS="75 1529 75 1544 195 1544 197 1545 219 1557 220 1557 221 1558 260 1558 260 1557 261 1557 262 1557 277 1545 282 1543 315 1543 325 1546 333 1549 334 1549 335 1549 336 1549 344 1546 347 1545 350 1546 374 1555 375 1555 376 1555 410 1547 432 1552 433 1552 434 1552 445 1547 455 1543 473 1547 498 1554 499 1554 500 1554 501 1554 515 1547 530 1541 561 1541 583 1548 590 1551 591 1551 592 1551 593 1551 594 1551 598 1548 613 1540 629 1540 649 1549 652 1550 653 1550 654 1550 661 1549 706 1539 734 1549 741 1552 742 1552 743 1552 770 1551 771 1551 772 1551 773 1550 782 1543 808 1550 812 1551 813 1551 814 1551 877 1550 877 1521 875 1489 744 1481 743 1481 742 1481 741 1481 732 1489 729 1491 674 1491 671 1489 663 1482 662 1482 661 1482 641 1482 640 1482 639 1482 626 1489 621 1491 613 1489 598 1484 597 1484 596 1484 595 1484 594 1484 588 1489 585 1492 502 1492 491 1489 477 1483 476 1483 475 1483 451 1484 450 1484 449 1484 444 1489 438 1493 425 1489 417 1486 416 1486 415 1486 414 1486 413 1486 411 1489 404 1493 380 1489 379 1489 332 1494 317 1489 308 1485 307 1485 306 1485 276 1489 241 1493 235 1489 231 1486 230 1486 229 1486 201 1486 200 1486 199 1486 192 1489 171 1496 129 1489 118 1487 117 1487 74 1488 75 1529"/>
                        </Shape>
                        <String CONTENT=""/>
                    </TextLine>
</TextBlock>
                <TextBlock ID="block_1" HPOS="604" VPOS="1540" WIDTH="102" HEIGHT="54" TAGREFS="TYPE_4">
                    <Shape>
                        <Polygon POINTS="604.5397338867188 1540.39453125 706.7019653320312 1540.39453125 706.7019653320312 1594.58154296875 604.5397338867188 1594.58154296875 604.5397338867188 1540.39453125"/>
                    </Shape>
                    <TextLine ID="line_30" HPOS="604" VPOS="1531" WIDTH="96" HEIGHT="75" BASELINE="605 1572 700 1577" TAGREFS="TYPE_1">
                        <Shape>
                            <Polygon POINTS="605 1572 604 1592 636 1592 643 1598 647 1602 647 1603 648 1603 649 1603 697 1606 700 1577 699 1536 663 1554 647 1554 624 1533 624 1532 623 1532 622 1532 606 1531 605 1572"/>
                        </Shape>
                        <String CONTENT=""/>
                    </TextLine>
</TextBlock>
            </PrintSpace>
        </Page>
    </Layout>
</alto>