<?xml version="1.0" encoding="UTF-8"?>
<alto xmlns:xsi="http://www.w3.org/2001/XMLSchema-instance"
    xmlns="http://www.loc.gov/standards/alto/ns-v4#"
    xsi:schemaLocation="http://www.loc.gov/standards/alto/ns-v4# http://www.loc.gov/standards/alto/v4/alto-4-3.xsd">
    <Description>
        <MeasurementUnit>pixel</MeasurementUnit>
        <sourceImageInformation>
            <fileName>7325977.jpeg</fileName>
        </sourceImageInformation>
        <Processing ID="OCR_0">
            <processingCategory>other</processingCategory>
            <processingStepDescription>unknown</processingStepDescription>
            <processingSoftware>
                <softwareName>kraken</softwareName>
                <softwareVersion>4.3.13</softwareVersion>
            </processingSoftware>
        </Processing>
    </Description>
    <Tags>
        <OtherTag ID="TYPE_1" LABEL="DefaultLine"/>
        <OtherTag ID="TYPE_2" LABEL="NumberingZone"/>
        <OtherTag ID="TYPE_3" LABEL="MainZone-Entry-Continued"/>
        <OtherTag ID="TYPE_4" LABEL="MainZone-Form"/>
        <OtherTag ID="TYPE_5" LABEL="MainZone-Lg"/>
        <OtherTag ID="TYPE_6" LABEL="DigitizationArtefactZone"/>
        <OtherTag ID="TYPE_7" LABEL="TableZone-Head"/>
        <OtherTag ID="TYPE_8" LABEL="MainZone-Sp"/>
        <OtherTag ID="TYPE_9" LABEL="MainZone-Sp-Continued"/>
        <OtherTag ID="TYPE_10" LABEL="TableZone-Continued"/>
        <OtherTag ID="TYPE_11" LABEL="MarginTextZone-ManuscriptAddendum"/>
        <OtherTag ID="TYPE_12" LABEL="GraphicZone-FigDesc"/>
        <OtherTag ID="TYPE_13" LABEL="MarginTextZone-Notes"/>
        <OtherTag ID="TYPE_14" LABEL="StampZone"/>
        <OtherTag ID="TYPE_15" LABEL="FigureZone"/>
        <OtherTag ID="TYPE_16" LABEL="MainZone-Head"/>
        <OtherTag ID="TYPE_17" LABEL="DropCapitalZone"/>
        <OtherTag ID="TYPE_18" LABEL="MainZone-Date"/>
        <OtherTag ID="TYPE_19" LABEL="MainZone-List-Continued"/>
        <OtherTag ID="TYPE_20" LABEL="FigureZone-Head"/>
        <OtherTag ID="TYPE_21" LABEL="GraphicZone-Head"/>
        <OtherTag ID="TYPE_22" LABEL="MainZone-P"/>
        <OtherTag ID="TYPE_23" LABEL="MainZone-Signature"/>
        <OtherTag ID="TYPE_24" LABEL="TitlePageZone-Index"/>
        <OtherTag ID="TYPE_25" LABEL="MainZone-Lg-Continued"/>
        <OtherTag ID="TYPE_26" LABEL="GraphicZone"/>
        <OtherTag ID="TYPE_27" LABEL="MarginTextZone-Notes-Continued"/>
        <OtherTag ID="TYPE_28" LABEL="GraphicZone-TextualContent"/>
        <OtherTag ID="TYPE_29" LABEL="GraphicZone-Maths"/>
        <OtherTag ID="TYPE_30" LABEL="GraphicZone-Part"/>
        <OtherTag ID="TYPE_31" LABEL="MainZone-Other"/>
        <OtherTag ID="TYPE_32" LABEL="FigureZone-FigDesc"/>
        <OtherTag ID="TYPE_33" LABEL="GraphicZone-Decoration"/>
        <OtherTag ID="TYPE_34" LABEL="MainZone-List"/>
        <OtherTag ID="TYPE_35" LABEL="MainZone-Entry"/>
        <OtherTag ID="TYPE_36" LABEL="AdvertisementZone"/>
        <OtherTag ID="TYPE_37" LABEL="TitlePageZone"/>
        <OtherTag ID="TYPE_38" LABEL="StampZone-Sticker"/>
        <OtherTag ID="TYPE_39" LABEL="MainZone-P-Continued"/>
        <OtherTag ID="TYPE_40" LABEL="TableZone"/>
        <OtherTag ID="TYPE_41" LABEL="RunningTitleZone"/>
        <OtherTag ID="TYPE_42" LABEL="QuireMarksZone"/>
    </Tags>
    <Layout>
        <Page WIDTH="1000" HEIGHT="1547" PHYSICAL_IMG_NR="0" ID="page_0">
            <PrintSpace HPOS="0" VPOS="0" WIDTH="1000" HEIGHT="1547">
                <TextBlock ID="block_2" HPOS="231" VPOS="107" WIDTH="326" HEIGHT="43" TAGREFS="TYPE_41">
                    <Shape>
                        <Polygon POINTS="231.82957458496094 107.3388900756836 557.2515869140625 107.3388900756836 557.2515869140625 150.7756805419922 231.82957458496094 150.7756805419922 231.82957458496094 107.3388900756836"/>
                    </Shape>
                    <TextLine ID="line_0" HPOS="231" VPOS="98" WIDTH="331" HEIGHT="54" BASELINE="232 137 562 142" TAGREFS="TYPE_1">
                        <Shape>
                            <Polygon POINTS="231 148 560 152 562 142 561 110 466 103 465 103 436 105 407 108 403 104 398 101 398 101 397 101 396 101 372 103 346 106 341 103 338 100 337 100 337 100 336 100 335 100 329 102 324 103 302 101 287 99 286 99 278 100 243 105 233 98 232 137 231 148"/>
                        </Shape>
                        <String CONTENT=""/>
                    </TextLine>
</TextBlock>
                <TextBlock ID="block_1" HPOS="26" VPOS="167" WIDTH="683" HEIGHT="1131" TAGREFS="TYPE_39">
                    <Shape>
                        <Polygon POINTS="26.86593246459961 167.09889221191406 709.0916748046875 167.09889221191406 709.0916748046875 1298.7835693359375 26.86593246459961 1298.7835693359375 26.86593246459961 167.09889221191406"/>
                    </Shape>
                    <TextLine ID="line_1" HPOS="44" VPOS="149" WIDTH="663" HEIGHT="64" BASELINE="44 188 291 189 707 199" TAGREFS="TYPE_1">
                        <Shape>
                            <Polygon POINTS="44 188 44 201 93 196 141 201 153 203 154 203 184 202 233 201 239 203 245 205 245 205 246 205 247 205 253 203 263 200 279 203 292 206 293 206 310 203 329 201 338 204 344 206 345 206 346 206 415 204 477 203 519 203 521 206 526 209 526 210 527 210 527 210 528 210 558 206 566 205 574 206 609 211 610 211 638 207 638 207 639 207 662 213 662 213 663 213 706 207 707 199 707 167 622 166 620 165 604 158 603 158 602 158 578 164 575 165 458 163 455 161 441 157 441 157 440 157 439 157 427 161 425 161 422 161 392 156 391 156 369 159 365 160 361 159 337 153 336 153 243 152 242 152 220 157 215 158 213 157 202 151 201 151 171 151 171 151 170 151 161 155 160 156 159 155 153 150 152 150 151 150 150 150 126 154 98 149 97 149 44 152 44 188"/>
                        </Shape>
                        <String CONTENT=""/>
                    </TextLine>

                    <TextLine ID="line_2" HPOS="42" VPOS="197" WIDTH="663" HEIGHT="60" BASELINE="42 230 705 241" TAGREFS="TYPE_1">
                        <Shape>
                            <Polygon POINTS="42 230 42 246 85 242 142 248 144 248 145 248 146 248 165 243 173 249 174 249 175 249 221 250 222 250 223 250 224 250 231 245 241 250 242 250 243 250 244 250 257 244 346 244 396 244 402 250 403 250 404 250 404 250 423 246 432 252 432 253 433 253 434 253 435 253 435 253 437 253 447 250 452 253 453 254 453 254 454 254 455 254 479 253 598 249 607 255 608 255 609 255 610 255 611 255 621 250 659 256 670 257 671 257 672 257 674 256 687 251 702 256 705 241 704 215 663 215 662 214 642 207 641 207 640 207 639 207 623 213 588 207 588 207 587 207 564 213 562 213 519 213 518 212 500 204 499 204 498 204 427 210 423 210 366 210 365 209 359 205 358 205 357 205 356 205 308 208 301 208 300 208 293 201 293 201 292 201 291 201 290 201 289 201 269 207 245 200 245 200 244 200 209 201 208 201 196 207 195 207 194 207 180 199 179 199 178 199 155 204 144 198 143 198 142 198 104 202 77 197 76 197 42 203 42 230"/>
                        </Shape>
                        <String CONTENT=""/>
                    </TextLine>

                    <TextLine ID="line_3" HPOS="36" VPOS="240" WIDTH="669" HEIGHT="63" BASELINE="36 275 260 276 705 287" TAGREFS="TYPE_1">
                        <Shape>
                            <Polygon POINTS="36 275 36 287 51 284 58 287 65 291 66 291 67 292 97 292 97 291 109 288 129 284 140 289 145 292 146 292 147 292 159 290 189 285 214 291 223 293 224 293 225 293 226 293 230 292 239 287 270 287 279 293 282 295 283 295 284 295 285 295 306 293 323 292 349 294 376 297 377 297 378 297 384 295 394 292 399 295 403 298 404 298 404 298 405 298 406 298 413 296 430 290 491 293 498 298 500 299 501 299 502 299 503 299 519 298 576 293 618 295 628 300 631 302 632 302 633 303 704 303 705 287 704 252 662 259 649 251 648 250 647 250 646 250 645 250 638 251 604 256 585 252 584 252 583 252 582 252 573 256 566 250 564 249 563 249 562 249 561 249 551 250 525 256 447 256 435 250 426 246 425 246 424 246 401 250 377 253 369 250 360 244 359 244 358 244 335 249 321 251 306 249 275 243 274 243 214 248 194 250 189 248 171 241 171 241 140 240 112 240 111 240 110 240 110 240 100 247 99 247 36 247 36 275"/>
                        </Shape>
                        <String CONTENT=""/>
                    </TextLine>

                    <TextLine ID="line_4" HPOS="36" VPOS="287" WIDTH="669" HEIGHT="53" BASELINE="36 317 705 330" TAGREFS="TYPE_1">
                        <Shape>
                            <Polygon POINTS="36 317 36 325 117 326 119 327 131 334 132 334 133 334 249 330 265 330 268 330 281 335 282 335 282 335 300 330 304 330 434 332 437 334 466 340 466 340 704 338 705 330 705 298 676 296 675 296 674 296 672 297 657 303 627 297 618 295 617 295 602 297 563 301 545 296 538 294 537 294 536 294 535 294 529 296 514 300 488 296 466 292 465 292 448 295 441 297 438 295 433 292 432 292 431 292 430 292 429 292 417 295 407 298 385 295 367 293 366 293 365 293 359 294 353 297 343 294 323 289 322 289 321 289 299 294 290 296 281 294 253 288 252 288 210 293 202 294 198 293 180 287 179 287 159 287 159 287 158 287 157 287 148 293 147 293 146 293 127 287 126 287 125 287 102 293 101 293 89 287 88 287 87 287 36 292 36 317"/>
                        </Shape>
                        <String CONTENT=""/>
                    </TextLine>

                    <TextLine ID="line_5" HPOS="33" VPOS="326" WIDTH="670" HEIGHT="63" BASELINE="34 360 703 374" TAGREFS="TYPE_1">
                        <Shape>
                            <Polygon POINTS="610 361 605 343 605 344 598 345 595 344 576 338 575 338 574 338 573 338 572 338 564 343 564 344 562 343 546 336 546 336 545 336 515 342 508 343 505 342 496 336 495 336 494 336 493 336 461 341 453 342 435 340 380 335 379 335 361 338 359 338 358 338 348 332 347 332 309 331 308 331 307 331 306 331 300 336 297 339 273 339 258 336 231 330 230 330 229 330 228 330 222 334 218 337 193 337 162 336 159 332 153 329 153 328 153 328 152 328 151 328 150 328 135 332 125 335 103 331 73 326 73 326 72 326 64 330 62 331 61 330 55 326 55 326 54 326 53 326 34 329 34 360 33 367 73 376 74 376 133 371 134 371 173 371 174 372 184 378 184 378 185 378 186 378 214 372 215 372 218 372 245 379 246 379 296 375 306 374 309 375 320 381 321 381 367 382 368 382 368 382 379 377 382 376 392 378 427 384 428 384 473 379 488 379 496 380 510 384 511 384 512 384 530 381 545 379 597 380 601 383 603 385 604 385 605 385 606 385 619 384 631 382 643 385 663 389 664 389 702 385 703 374 703 348 636 342 635 342 614 343 610 361"/>
                        </Shape>
                        <String CONTENT=""/>
                    </TextLine>

                    <TextLine ID="line_6" HPOS="34" VPOS="369" WIDTH="663" HEIGHT="65" BASELINE="35 406 280 408 697 417" TAGREFS="TYPE_1">
                        <Shape>
                            <Polygon POINTS="34 421 61 417 77 422 78 422 79 422 120 417 136 423 137 423 138 423 179 418 202 426 202 426 203 426 204 426 205 426 222 419 259 427 260 427 261 427 262 427 280 420 287 424 288 424 288 424 289 424 326 421 335 427 336 427 337 427 360 428 374 429 374 429 380 429 417 425 433 429 434 429 435 429 435 429 436 429 445 423 466 423 509 432 513 432 514 433 534 433 534 432 535 432 536 432 545 426 577 433 579 433 580 433 581 433 582 433 591 426 604 426 695 434 697 417 697 389 680 381 680 381 679 381 678 381 652 388 651 388 650 388 598 379 597 379 558 385 556 385 552 385 512 378 511 378 510 378 496 383 492 385 472 383 443 379 442 379 425 381 405 383 393 380 374 375 374 375 373 375 372 375 358 379 352 380 337 379 310 374 309 374 308 374 300 377 288 381 284 377 281 374 281 373 280 373 279 373 278 373 277 373 267 376 251 380 190 380 153 372 143 371 142 371 141 371 137 372 119 378 109 371 108 371 107 371 106 371 105 371 104 371 85 377 78 372 77 372 76 372 36 369 35 406 34 421"/>
                        </Shape>
                        <String CONTENT=""/>
                    </TextLine>

                    <TextLine ID="line_7" HPOS="31" VPOS="418" WIDTH="672" HEIGHT="56" BASELINE="32 448 703 459" TAGREFS="TYPE_1">
                        <Shape>
                            <Polygon POINTS="608 446 603 430 598 426 598 425 597 425 596 425 595 425 559 430 552 431 548 430 534 426 533 426 533 426 507 429 503 429 495 423 494 423 493 423 492 423 467 428 461 429 456 428 439 423 438 423 437 423 436 423 428 428 425 428 365 428 360 426 343 421 343 421 342 421 313 425 312 425 311 425 285 420 284 420 283 420 269 424 263 426 255 424 233 419 233 419 208 423 205 423 203 423 189 418 188 418 187 418 32 419 32 448 31 458 84 464 85 464 134 460 252 462 262 467 263 467 263 467 264 467 276 464 289 468 290 468 291 468 467 467 514 471 515 471 515 471 525 467 601 473 601 473 647 469 662 474 662 474 663 474 702 469 703 459 703 434 660 428 659 428 616 431 612 431 608 446"/>
                        </Shape>
                        <String CONTENT=""/>
                    </TextLine>

                    <TextLine ID="line_8" HPOS="32" VPOS="458" WIDTH="671" HEIGHT="59" BASELINE="33 492 703 504" TAGREFS="TYPE_1">
                        <Shape>
                            <Polygon POINTS="33 492 32 503 36 507 36 507 36 507 37 507 38 507 108 503 115 503 116 503 133 509 134 509 134 509 169 504 174 504 181 505 225 511 226 511 264 507 271 506 278 507 308 512 309 512 384 508 398 508 402 509 418 514 419 514 420 514 421 514 431 509 433 509 448 510 559 517 560 517 702 514 703 504 703 479 676 478 657 469 656 469 656 469 655 469 654 469 641 477 620 477 608 477 594 476 587 476 576 467 575 467 574 467 573 467 518 474 493 465 492 465 491 465 456 474 455 474 416 474 414 472 396 464 395 464 394 464 393 464 374 472 373 472 338 472 337 471 324 464 323 464 322 464 321 464 309 470 308 470 288 462 287 462 286 462 285 462 263 470 262 470 251 461 250 461 249 461 224 460 127 458 126 458 89 466 82 467 75 465 44 458 43 458 42 458 42 458 41 458 33 463 33 492"/>
                        </Shape>
                        <String CONTENT=""/>
                    </TextLine>

                    <TextLine ID="line_9" HPOS="39" VPOS="502" WIDTH="663" HEIGHT="59" BASELINE="39 540 285 539 702 547" TAGREFS="TYPE_1">
                        <Shape>
                            <Polygon POINTS="39 540 39 553 164 548 181 554 184 555 185 555 186 555 196 554 216 551 226 554 233 556 233 556 234 556 242 554 261 550 336 550 342 554 342 555 343 555 343 555 344 555 349 554 367 550 375 554 378 556 379 556 380 556 387 555 403 551 417 555 435 558 435 558 524 555 552 554 570 555 661 561 662 561 701 555 702 547 702 519 638 513 637 513 607 517 593 511 592 511 591 511 556 516 483 516 473 507 472 507 472 507 435 507 392 507 391 507 390 507 373 514 371 514 370 514 349 506 348 506 347 506 346 506 320 513 318 513 282 513 281 513 270 505 269 505 269 505 268 505 237 510 231 505 230 505 229 505 228 505 227 505 214 512 213 512 209 512 186 507 185 507 155 511 150 511 148 511 141 505 141 505 140 505 139 505 138 505 121 510 120 510 102 502 101 502 100 502 39 508 39 540"/>
                        </Shape>
                        <String CONTENT=""/>
                    </TextLine>

                    <TextLine ID="line_10" HPOS="31" VPOS="546" WIDTH="668" HEIGHT="61" BASELINE="32 579 699 591" TAGREFS="TYPE_1">
                        <Shape>
                            <Polygon POINTS="608 579 604 564 582 564 576 562 564 555 564 555 533 554 532 554 531 554 518 561 515 562 512 561 502 553 501 553 500 553 473 553 472 553 472 553 471 553 461 559 432 556 431 556 430 556 429 556 426 559 423 561 399 561 397 559 389 552 388 552 387 552 386 552 386 552 368 558 367 558 365 558 337 555 337 555 336 555 325 557 319 559 318 557 307 550 306 550 306 550 269 549 251 549 250 549 249 549 233 556 231 557 189 557 185 556 157 547 156 547 155 547 114 551 102 546 101 546 100 546 99 546 98 546 90 551 55 548 55 548 54 548 32 553 32 579 31 587 80 593 81 593 82 593 93 589 104 595 105 595 106 595 139 591 180 599 181 599 232 593 276 600 276 600 345 593 349 593 460 594 462 596 471 599 472 599 472 599 473 599 482 596 483 596 485 596 525 605 526 605 565 601 572 605 573 605 574 605 656 607 656 607 699 600 699 591 699 563 674 556 674 556 673 556 672 556 660 562 655 565 612 564 608 579"/>
                        </Shape>
                        <String CONTENT=""/>
                    </TextLine>

                    <TextLine ID="line_11" HPOS="30" VPOS="588" WIDTH="670" HEIGHT="63" BASELINE="30 623 700 636" TAGREFS="TYPE_1">
                        <Shape>
                            <Polygon POINTS="30 623 30 634 80 639 81 639 82 639 92 635 98 634 114 635 134 638 135 638 145 636 153 635 154 636 159 641 160 641 161 641 162 641 244 638 274 637 276 639 282 643 283 643 284 643 285 643 313 639 322 638 332 640 365 645 366 645 439 642 503 648 504 648 505 648 515 642 515 642 520 643 545 647 546 647 601 644 612 644 614 644 632 650 633 650 634 650 635 650 648 645 649 645 651 645 686 651 687 651 687 651 699 646 700 636 700 605 687 602 686 602 685 602 684 602 677 605 670 609 637 609 621 604 608 600 607 600 607 600 606 600 598 603 588 607 537 607 530 601 527 599 526 599 525 599 484 598 484 598 483 598 478 600 470 604 459 599 451 597 450 597 449 597 437 599 415 603 404 598 399 596 398 596 398 596 384 598 353 601 346 596 345 595 344 595 343 595 343 595 332 596 286 601 137 599 128 591 128 591 127 591 126 591 125 591 124 591 116 598 104 590 103 590 102 590 101 590 100 590 83 597 74 591 73 591 73 591 30 588 30 623"/>
                        </Shape>
                        <String CONTENT=""/>
                    </TextLine>

                    <TextLine ID="line_12" HPOS="30" VPOS="633" WIDTH="670" HEIGHT="61" BASELINE="30 666 700 680" TAGREFS="TYPE_1">
                        <Shape>
                            <Polygon POINTS="30 666 30 673 63 682 64 682 65 682 78 677 198 685 199 685 255 680 269 679 276 681 294 685 294 685 295 685 321 683 331 688 332 688 369 689 370 689 371 689 382 684 387 682 405 684 421 687 422 687 423 687 426 685 431 683 435 685 440 689 441 689 441 689 442 689 463 686 489 684 530 684 539 689 546 692 547 692 548 692 549 692 556 690 565 685 571 690 574 692 575 692 576 692 576 692 577 692 584 690 588 689 598 690 616 694 617 694 699 693 700 680 700 652 625 644 625 644 624 644 612 649 574 649 546 649 545 648 528 642 527 642 527 642 471 647 467 647 466 647 453 640 453 640 452 640 451 640 429 646 429 646 428 646 409 639 408 639 407 639 355 644 354 644 338 639 337 639 337 639 292 642 282 637 281 637 280 637 249 642 246 642 242 642 202 635 201 635 200 635 178 641 177 641 177 641 150 634 149 634 148 634 123 640 122 640 119 640 93 633 92 633 92 633 30 637 30 666"/>
                        </Shape>
                        <String CONTENT=""/>
                    </TextLine>

                    <TextLine ID="line_13" HPOS="31" VPOS="675" WIDTH="669" HEIGHT="63" BASELINE="32 709 700 724" TAGREFS="TYPE_1">
                        <Shape>
                            <Polygon POINTS="608 711 603 692 572 691 571 691 560 693 552 695 542 693 511 684 510 684 509 684 446 687 445 687 439 690 432 692 419 689 393 682 392 682 392 682 356 687 347 688 338 686 312 680 312 680 311 680 300 685 294 688 285 684 276 681 276 681 275 681 254 684 224 687 214 682 206 678 205 678 204 678 191 681 171 686 163 680 162 680 161 680 160 680 159 680 158 680 139 685 126 679 119 676 118 676 117 676 116 676 109 678 99 682 83 678 70 675 69 675 32 676 32 709 31 724 57 725 58 725 59 725 60 725 67 720 73 725 74 726 75 726 76 726 77 726 85 725 116 721 138 726 150 727 151 727 162 726 177 723 191 726 203 728 204 728 220 727 246 723 345 723 356 727 358 728 359 728 360 728 365 727 385 725 403 728 429 733 429 733 430 733 441 728 446 727 454 729 473 733 474 733 506 735 507 735 508 735 521 729 524 728 527 729 542 734 543 734 544 734 565 730 566 730 567 730 583 737 584 737 585 737 586 737 602 732 642 732 650 738 650 738 651 738 652 738 699 731 700 724 700 698 613 693 608 711"/>
                        </Shape>
                        <String CONTENT=""/>
                    </TextLine>

                    <TextLine ID="line_14" HPOS="31" VPOS="721" WIDTH="668" HEIGHT="60" BASELINE="32 755 271 757 699 767" TAGREFS="TYPE_1">
                        <Shape>
                            <Polygon POINTS="608 755 603 737 570 737 559 737 558 736 546 730 546 730 545 730 517 735 502 729 501 729 500 729 447 734 442 734 441 734 423 727 423 727 422 727 325 730 316 725 315 725 314 725 270 724 269 724 238 730 230 724 230 723 229 723 228 723 227 723 150 728 147 728 136 721 135 721 134 721 134 721 133 721 110 727 110 727 85 727 77 727 69 721 68 721 67 721 67 721 32 726 32 755 31 767 139 764 248 771 249 771 290 767 330 773 331 773 331 773 343 768 390 775 391 775 412 770 439 776 442 776 443 776 446 776 472 771 484 777 484 777 485 777 486 777 489 777 517 771 533 777 533 777 534 777 570 772 602 779 603 779 604 779 605 779 606 779 614 773 637 779 638 779 698 781 699 767 699 738 695 733 695 733 694 733 693 733 693 733 692 733 671 738 613 737 608 755"/>
                        </Shape>
                        <String CONTENT=""/>
                    </TextLine>

                    <TextLine ID="line_15" HPOS="31" VPOS="763" WIDTH="668" HEIGHT="62" BASELINE="32 797 699 811" TAGREFS="TYPE_1">
                        <Shape>
                            <Polygon POINTS="608 799 604 782 599 781 581 774 580 774 579 774 518 779 497 781 494 779 486 775 485 775 484 775 484 775 470 778 466 779 459 778 401 770 400 770 399 770 380 776 361 771 360 771 359 771 337 776 330 777 323 776 282 767 282 767 213 774 202 775 199 774 181 767 180 767 179 767 178 767 161 773 159 774 159 773 149 764 148 764 147 764 147 764 119 769 108 764 107 764 106 764 105 764 92 770 74 763 73 763 73 763 32 770 32 797 31 806 46 813 47 813 48 813 323 813 365 820 366 820 367 820 368 820 375 814 409 821 410 821 411 821 429 816 462 822 463 822 464 822 483 816 507 822 508 822 509 822 509 822 521 818 548 824 549 824 550 824 551 824 560 818 576 825 577 825 615 825 616 825 617 825 634 819 697 819 699 811 699 782 688 778 687 778 687 778 686 778 679 782 674 784 612 783 608 799"/>
                        </Shape>
                        <String CONTENT=""/>
                    </TextLine>

                    <TextLine ID="line_16" HPOS="30" VPOS="808" WIDTH="670" HEIGHT="62" BASELINE="30 841 700 853" TAGREFS="TYPE_1">
                        <Shape>
                            <Polygon POINTS="30 841 30 855 57 853 72 856 85 860 86 860 87 860 104 856 126 853 159 857 191 862 192 862 220 858 240 856 256 859 279 863 280 863 312 859 317 859 319 859 334 863 335 863 336 863 337 863 337 863 343 860 347 857 355 860 364 862 365 862 366 862 381 860 389 859 394 860 412 866 413 866 414 866 415 866 429 861 431 860 472 860 479 862 509 868 509 868 546 862 556 861 565 862 604 869 605 870 631 870 631 869 632 869 633 869 642 863 643 862 647 863 670 868 671 868 699 863 700 853 700 826 544 824 543 823 512 815 511 815 510 815 509 815 491 822 490 822 490 822 442 814 441 814 335 817 326 812 325 812 325 812 288 812 287 812 286 812 285 812 279 817 256 811 255 811 254 811 224 816 215 810 214 810 214 810 181 809 180 809 179 809 159 815 149 809 148 809 147 809 147 809 146 809 135 815 127 808 126 808 125 808 124 808 123 808 106 815 105 815 104 815 67 810 67 810 30 813 30 841"/>
                        </Shape>
                        <String CONTENT=""/>
                    </TextLine>

                    <TextLine ID="line_17" HPOS="32" VPOS="852" WIDTH="666" HEIGHT="62" BASELINE="32 886 261 888 698 898" TAGREFS="TYPE_1">
                        <Shape>
                            <Polygon POINTS="608 886 603 868 590 863 589 863 588 863 588 863 575 868 559 861 558 861 558 861 521 866 509 860 509 860 508 860 472 865 456 859 455 859 426 859 425 859 375 865 364 860 363 860 362 860 361 860 353 864 307 860 306 860 306 860 296 863 292 859 291 859 290 859 289 859 269 862 262 856 261 856 260 856 236 855 235 855 151 861 150 861 149 861 97 852 53 852 52 852 51 852 32 858 32 886 32 902 61 898 110 903 112 903 113 903 114 903 115 903 122 898 190 904 215 905 216 905 217 905 218 905 220 904 225 899 280 899 290 904 294 907 294 907 295 907 296 908 315 908 315 907 316 907 317 907 320 904 329 900 386 901 395 905 401 909 402 909 403 909 432 906 462 903 468 906 470 908 471 908 472 908 472 908 482 906 497 904 506 906 519 911 520 911 521 911 606 908 622 907 626 908 650 914 651 914 652 914 697 908 698 898 698 872 663 871 652 862 651 862 650 862 650 862 613 868 608 886"/>
                        </Shape>
                        <String CONTENT=""/>
                    </TextLine>

                    <TextLine ID="line_18" HPOS="30" VPOS="895" WIDTH="669" HEIGHT="56" BASELINE="30 928 699 940" TAGREFS="TYPE_1">
                        <Shape>
                            <Polygon POINTS="30 928 30 940 698 951 699 940 699 912 677 906 676 906 675 906 674 906 656 911 625 905 625 905 583 911 582 911 576 905 576 905 575 905 574 905 539 910 539 910 538 910 503 903 503 903 470 906 444 902 443 902 442 902 432 906 365 900 343 900 342 900 341 900 340 900 332 906 325 901 325 901 324 901 323 901 322 901 309 905 247 905 246 904 235 898 234 898 233 898 233 898 232 898 225 904 218 904 193 904 192 904 175 897 174 897 152 897 151 897 150 897 149 897 140 903 135 903 78 895 77 895 30 900 30 928"/>
                        </Shape>
                        <String CONTENT=""/>
                    </TextLine>

                    <TextLine ID="line_19" HPOS="30" VPOS="940" WIDTH="669" HEIGHT="58" BASELINE="30 972 699 984" TAGREFS="TYPE_1">
                        <Shape>
                            <Polygon POINTS="30 972 30 984 33 988 33 989 34 989 35 989 36 989 61 984 67 983 70 984 86 989 87 989 88 989 108 984 109 984 132 990 133 990 184 991 185 991 218 985 221 985 226 986 251 990 251 990 279 988 287 993 288 993 288 993 289 993 290 993 313 987 315 987 375 987 376 988 390 995 391 995 392 995 417 989 418 989 484 989 484 990 493 996 494 996 495 996 496 996 595 993 600 997 600 998 601 998 601 998 602 998 603 998 604 998 610 994 648 998 649 998 699 992 699 984 699 958 671 951 670 951 669 951 659 956 605 956 570 947 569 947 548 952 538 947 537 947 536 947 510 951 442 945 441 945 441 945 440 945 429 952 371 952 349 945 349 945 348 945 347 945 329 950 319 943 319 943 318 943 317 943 289 947 282 942 281 942 280 942 279 942 278 942 257 949 203 949 185 941 184 941 184 941 153 946 89 940 88 940 87 940 86 940 77 947 30 947 30 972"/>
                        </Shape>
                        <String CONTENT=""/>
                    </TextLine>

                    <TextLine ID="line_20" HPOS="30" VPOS="983" WIDTH="669" HEIGHT="58" BASELINE="30 1016 699 1027" TAGREFS="TYPE_1">
                        <Shape>
                            <Polygon POINTS="30 1016 30 1026 83 1032 84 1032 173 1028 184 1028 186 1028 208 1033 209 1033 210 1033 222 1029 223 1029 236 1034 237 1034 238 1034 266 1030 267 1030 287 1035 288 1035 288 1035 335 1031 339 1031 344 1031 414 1037 415 1037 416 1037 417 1037 422 1033 441 1038 442 1038 443 1038 622 1036 648 1041 649 1041 699 1036 699 1027 699 1002 646 992 645 992 601 999 597 999 595 999 580 993 579 993 578 993 577 993 576 993 570 998 570 998 507 998 505 996 496 989 495 989 494 989 493 989 398 994 392 994 390 994 372 988 371 988 370 988 369 988 359 993 358 993 355 993 327 989 326 989 309 991 297 994 294 991 287 985 286 985 285 985 284 985 283 985 271 990 263 985 263 985 262 985 207 984 206 984 205 984 194 989 186 992 178 989 168 984 167 984 166 984 165 984 165 984 158 988 152 991 113 991 108 987 103 983 102 983 101 983 100 983 30 984 30 1016"/>
                        </Shape>
                        <String CONTENT=""/>
                    </TextLine>

                    <TextLine ID="line_21" HPOS="30" VPOS="1027" WIDTH="669" HEIGHT="58" BASELINE="31 1059 699 1071" TAGREFS="TYPE_1">
                        <Shape>
                            <Polygon POINTS="30 1071 106 1076 107 1076 108 1076 117 1073 130 1070 152 1074 174 1077 175 1077 176 1077 183 1075 187 1073 226 1076 262 1077 263 1077 263 1077 267 1076 273 1073 277 1076 281 1079 282 1079 282 1079 283 1079 284 1079 293 1076 297 1076 302 1076 318 1080 319 1080 336 1077 357 1074 555 1076 582 1082 603 1085 604 1085 698 1083 699 1071 699 1043 684 1038 683 1038 682 1038 681 1038 670 1043 668 1044 661 1043 644 1039 643 1039 620 1041 603 1043 582 1043 579 1040 573 1036 572 1036 571 1036 570 1036 540 1039 538 1039 534 1039 508 1034 484 1034 483 1034 482 1034 481 1034 477 1038 472 1040 458 1037 443 1034 442 1034 441 1034 435 1037 425 1039 349 1034 342 1034 341 1034 339 1034 319 1038 306 1033 304 1033 303 1033 302 1033 297 1033 272 1037 228 1031 209 1029 208 1029 201 1031 181 1035 171 1030 167 1028 166 1028 165 1028 154 1029 133 1032 125 1028 122 1027 122 1027 121 1027 120 1027 116 1028 101 1033 32 1027 31 1059 30 1071"/>
                        </Shape>
                        <String CONTENT=""/>
                    </TextLine>

                    <TextLine ID="line_22" HPOS="30" VPOS="1071" WIDTH="669" HEIGHT="59" BASELINE="30 1103 699 1114" TAGREFS="TYPE_1">
                        <Shape>
                            <Polygon POINTS="30 1103 30 1112 42 1118 43 1118 44 1118 67 1113 81 1119 82 1119 83 1119 120 1114 122 1114 122 1114 134 1119 134 1119 135 1119 168 1115 173 1115 177 1116 196 1121 196 1121 197 1121 221 1117 227 1116 240 1118 266 1120 267 1120 325 1119 389 1118 394 1121 399 1125 400 1125 401 1125 442 1125 443 1125 458 1123 470 1121 502 1125 526 1126 527 1126 527 1126 531 1125 539 1121 546 1125 546 1125 547 1125 548 1125 549 1125 550 1125 562 1122 619 1127 622 1127 623 1127 624 1127 647 1123 658 1128 660 1129 661 1129 662 1130 699 1130 699 1114 699 1088 673 1088 671 1087 663 1081 662 1081 662 1081 661 1081 660 1081 648 1087 646 1088 606 1088 601 1086 583 1081 582 1081 582 1081 560 1085 554 1086 548 1085 525 1078 524 1078 523 1078 522 1078 506 1084 502 1085 490 1083 440 1076 439 1076 388 1081 347 1075 329 1075 328 1075 327 1075 326 1075 319 1081 318 1082 315 1081 295 1074 294 1074 294 1074 262 1080 255 1081 213 1081 211 1079 207 1076 206 1076 205 1076 204 1076 184 1079 180 1079 179 1078 169 1072 168 1072 167 1072 166 1072 133 1078 128 1079 91 1079 87 1077 74 1071 73 1071 73 1071 30 1076 30 1103"/>
                        </Shape>
                        <String CONTENT=""/>
                    </TextLine>

                    <TextLine ID="line_23" HPOS="30" VPOS="1113" WIDTH="670" HEIGHT="62" BASELINE="30 1147 700 1158" TAGREFS="TYPE_1">
                        <Shape>
                            <Polygon POINTS="30 1147 30 1155 46 1162 47 1162 48 1162 49 1162 64 1156 86 1161 87 1161 128 1157 150 1167 151 1167 152 1167 204 1160 288 1169 289 1170 308 1170 308 1169 309 1169 325 1161 368 1167 368 1167 369 1167 381 1162 421 1162 435 1162 446 1172 447 1172 447 1172 448 1173 472 1173 472 1172 472 1172 494 1163 537 1163 557 1172 558 1172 558 1172 591 1169 605 1174 606 1174 656 1175 657 1175 699 1166 700 1158 700 1131 673 1125 672 1125 671 1125 660 1130 659 1130 658 1130 642 1125 641 1125 640 1125 639 1125 638 1125 631 1129 631 1129 600 1125 599 1125 560 1128 556 1128 555 1128 539 1121 538 1121 537 1121 508 1126 500 1120 499 1120 498 1120 497 1120 418 1125 415 1125 401 1118 400 1118 374 1118 373 1118 372 1118 371 1118 362 1125 361 1125 331 1125 331 1124 323 1118 322 1118 321 1118 320 1118 246 1122 229 1116 228 1116 227 1116 149 1121 143 1121 141 1121 120 1114 119 1114 118 1114 77 1119 52 1113 51 1113 50 1113 49 1113 30 1118 30 1147"/>
                        </Shape>
                        <String CONTENT=""/>
                    </TextLine>

                    <TextLine ID="line_24" HPOS="30" VPOS="1158" WIDTH="669" HEIGHT="61" BASELINE="30 1189 699 1202" TAGREFS="TYPE_1">
                        <Shape>
                            <Polygon POINTS="30 1189 30 1199 69 1202 76 1208 77 1208 78 1208 79 1208 79 1208 80 1208 86 1204 116 1208 116 1208 158 1203 164 1203 207 1203 211 1204 233 1210 234 1210 235 1210 260 1205 263 1205 263 1206 272 1211 273 1211 274 1211 275 1211 300 1207 305 1206 306 1207 312 1212 313 1212 314 1212 342 1213 343 1214 441 1214 441 1213 441 1213 450 1210 456 1209 462 1210 475 1216 476 1216 477 1216 526 1212 559 1210 578 1214 585 1215 586 1215 597 1214 631 1212 642 1216 653 1219 654 1219 655 1219 656 1219 662 1216 668 1213 697 1216 699 1202 699 1175 610 1174 609 1174 596 1167 595 1167 595 1167 569 1173 568 1173 567 1173 562 1167 562 1167 561 1167 560 1167 475 1164 474 1164 392 1169 387 1169 385 1169 342 1161 341 1161 289 1167 252 1160 251 1160 199 1161 198 1161 197 1161 191 1165 147 1165 139 1158 138 1158 137 1158 136 1158 107 1163 61 1158 60 1158 30 1162 30 1189"/>
                        </Shape>
                        <String CONTENT=""/>
                    </TextLine>

                    <TextLine ID="line_25" HPOS="30" VPOS="1200" WIDTH="663" HEIGHT="61" BASELINE="30 1233 693 1246" TAGREFS="TYPE_1">
                        <Shape>
                            <Polygon POINTS="30 1233 30 1247 72 1243 128 1249 129 1249 207 1246 249 1253 250 1253 294 1249 310 1253 311 1253 312 1253 312 1253 334 1248 343 1254 343 1254 344 1254 345 1254 374 1251 392 1256 394 1256 395 1256 487 1258 488 1258 489 1258 490 1258 501 1252 529 1259 532 1259 533 1259 534 1259 561 1253 692 1261 693 1246 693 1217 675 1212 674 1212 674 1212 641 1217 638 1217 635 1217 616 1211 615 1211 560 1210 559 1210 489 1215 480 1215 479 1214 472 1208 471 1208 470 1208 469 1208 468 1208 455 1214 454 1214 446 1214 349 1208 348 1208 347 1208 331 1211 308 1206 307 1206 284 1210 275 1204 274 1204 273 1204 272 1204 271 1204 252 1210 232 1204 231 1204 230 1204 229 1204 218 1210 180 1210 178 1210 162 1202 161 1202 160 1202 79 1207 66 1200 65 1200 64 1200 30 1206 30 1233"/>
                        </Shape>
                        <String CONTENT=""/>
                    </TextLine>

                    <TextLine ID="line_26" HPOS="30" VPOS="1246" WIDTH="666" HEIGHT="74" BASELINE="30 1277 696 1289" TAGREFS="TYPE_1">
                        <Shape>
                            <Polygon POINTS="30 1277 30 1296 74 1296 90 1308 91 1308 92 1308 92 1308 139 1305 148 1312 149 1312 150 1312 184 1313 184 1313 219 1308 252 1314 286 1314 287 1314 288 1314 288 1314 295 1309 313 1314 314 1314 315 1314 316 1314 336 1307 352 1315 353 1315 354 1315 398 1310 422 1316 423 1316 423 1316 424 1316 439 1308 497 1315 498 1315 499 1315 500 1315 509 1308 542 1305 578 1306 596 1319 597 1319 598 1319 613 1320 614 1320 615 1320 616 1320 638 1307 694 1307 696 1289 695 1262 666 1262 665 1261 660 1256 659 1256 658 1256 657 1256 602 1260 595 1260 591 1259 568 1254 567 1254 546 1259 543 1259 539 1259 518 1253 517 1253 516 1253 515 1253 502 1259 500 1259 499 1259 481 1253 480 1253 479 1253 447 1258 443 1258 438 1257 389 1251 388 1251 347 1255 312 1250 312 1250 311 1250 298 1255 297 1255 295 1255 273 1249 272 1249 271 1249 270 1249 269 1249 263 1254 263 1255 237 1255 233 1253 211 1250 210 1250 190 1253 186 1253 185 1253 173 1247 172 1247 171 1247 98 1252 89 1252 87 1252 70 1246 69 1246 68 1246 30 1250 30 1277"/>
                        </Shape>
                        <String CONTENT=""/>
                    </TextLine>
</TextBlock>
            </PrintSpace>
        </Page>
    </Layout>
</alto>