<?xml version="1.0" encoding="UTF-8"?>
<alto xmlns:xsi="http://www.w3.org/2001/XMLSchema-instance"
    xmlns="http://www.loc.gov/standards/alto/ns-v4#"
    xsi:schemaLocation="http://www.loc.gov/standards/alto/ns-v4# http://www.loc.gov/standards/alto/v4/alto-4-3.xsd">
    <Description>
        <MeasurementUnit>pixel</MeasurementUnit>
        <sourceImageInformation>
            <fileName>7325987.jpeg</fileName>
        </sourceImageInformation>
        <Processing ID="OCR_0">
            <processingCategory>other</processingCategory>
            <processingStepDescription>unknown</processingStepDescription>
            <processingSoftware>
                <softwareName>kraken</softwareName>
                <softwareVersion>4.3.13</softwareVersion>
            </processingSoftware>
        </Processing>
    </Description>
    <Tags>
        <OtherTag ID="TYPE_1" LABEL="DefaultLine"/>
        <OtherTag ID="TYPE_2" LABEL="NumberingZone"/>
        <OtherTag ID="TYPE_3" LABEL="MainZone-Entry-Continued"/>
        <OtherTag ID="TYPE_4" LABEL="MainZone-Form"/>
        <OtherTag ID="TYPE_5" LABEL="MainZone-Lg"/>
        <OtherTag ID="TYPE_6" LABEL="DigitizationArtefactZone"/>
        <OtherTag ID="TYPE_7" LABEL="TableZone-Head"/>
        <OtherTag ID="TYPE_8" LABEL="MainZone-Sp"/>
        <OtherTag ID="TYPE_9" LABEL="MainZone-Sp-Continued"/>
        <OtherTag ID="TYPE_10" LABEL="TableZone-Continued"/>
        <OtherTag ID="TYPE_11" LABEL="MarginTextZone-ManuscriptAddendum"/>
        <OtherTag ID="TYPE_12" LABEL="GraphicZone-FigDesc"/>
        <OtherTag ID="TYPE_13" LABEL="MarginTextZone-Notes"/>
        <OtherTag ID="TYPE_14" LABEL="StampZone"/>
        <OtherTag ID="TYPE_15" LABEL="FigureZone"/>
        <OtherTag ID="TYPE_16" LABEL="MainZone-Head"/>
        <OtherTag ID="TYPE_17" LABEL="DropCapitalZone"/>
        <OtherTag ID="TYPE_18" LABEL="MainZone-Date"/>
        <OtherTag ID="TYPE_19" LABEL="MainZone-List-Continued"/>
        <OtherTag ID="TYPE_20" LABEL="FigureZone-Head"/>
        <OtherTag ID="TYPE_21" LABEL="GraphicZone-Head"/>
        <OtherTag ID="TYPE_22" LABEL="MainZone-P"/>
        <OtherTag ID="TYPE_23" LABEL="MainZone-Signature"/>
        <OtherTag ID="TYPE_24" LABEL="TitlePageZone-Index"/>
        <OtherTag ID="TYPE_25" LABEL="MainZone-Lg-Continued"/>
        <OtherTag ID="TYPE_26" LABEL="GraphicZone"/>
        <OtherTag ID="TYPE_27" LABEL="MarginTextZone-Notes-Continued"/>
        <OtherTag ID="TYPE_28" LABEL="GraphicZone-TextualContent"/>
        <OtherTag ID="TYPE_29" LABEL="GraphicZone-Maths"/>
        <OtherTag ID="TYPE_30" LABEL="GraphicZone-Part"/>
        <OtherTag ID="TYPE_31" LABEL="MainZone-Other"/>
        <OtherTag ID="TYPE_32" LABEL="FigureZone-FigDesc"/>
        <OtherTag ID="TYPE_33" LABEL="GraphicZone-Decoration"/>
        <OtherTag ID="TYPE_34" LABEL="MainZone-List"/>
        <OtherTag ID="TYPE_35" LABEL="MainZone-Entry"/>
        <OtherTag ID="TYPE_36" LABEL="AdvertisementZone"/>
        <OtherTag ID="TYPE_37" LABEL="TitlePageZone"/>
        <OtherTag ID="TYPE_38" LABEL="StampZone-Sticker"/>
        <OtherTag ID="TYPE_39" LABEL="MainZone-P-Continued"/>
        <OtherTag ID="TYPE_40" LABEL="TableZone"/>
        <OtherTag ID="TYPE_41" LABEL="RunningTitleZone"/>
        <OtherTag ID="TYPE_42" LABEL="QuireMarksZone"/>
    </Tags>
    <Layout>
        <Page WIDTH="1000" HEIGHT="1547" PHYSICAL_IMG_NR="0" ID="page_0">
            <PrintSpace HPOS="0" VPOS="0" WIDTH="1000" HEIGHT="1547">
                <TextBlock ID="block_3" HPOS="222" VPOS="95" WIDTH="363" HEIGHT="43" TAGREFS="TYPE_41">
                    <Shape>
                        <Polygon POINTS="222.46311950683594 95.98847961425781 585.4640502929688 95.98847961425781 585.4640502929688 138.52723693847656 222.46311950683594 138.52723693847656 222.46311950683594 95.98847961425781"/>
                    </Shape>
                    <TextLine ID="line_0" HPOS="219" VPOS="87" WIDTH="373" HEIGHT="56" BASELINE="220 126 592 128" TAGREFS="TYPE_1">
                        <Shape>
                            <Polygon POINTS="220 126 219 139 275 140 276 140 276 140 277 140 277 140 283 135 301 135 311 140 313 141 314 141 372 142 373 142 384 141 422 136 433 141 435 142 435 142 436 142 437 142 439 141 449 138 466 142 471 143 472 143 472 143 473 143 476 142 484 138 502 142 503 142 503 142 504 142 526 137 537 143 538 143 539 143 539 143 540 143 541 143 558 139 590 143 592 128 592 97 506 97 503 97 468 88 467 88 466 88 451 93 447 89 446 89 445 89 375 88 374 88 374 88 355 95 345 87 344 87 343 87 329 87 328 87 285 95 283 95 282 95 250 88 249 88 248 88 247 88 237 95 235 95 220 95 220 126"/>
                        </Shape>
                        <String CONTENT=""/>
                    </TextLine>
</TextBlock>
                <TextBlock ID="block_0" HPOS="665" VPOS="93" WIDTH="68" HEIGHT="49" TAGREFS="TYPE_2">
                    <Shape>
                        <Polygon POINTS="665.949462890625 93.65177154541016 733.7266235351562 93.65177154541016 733.7266235351562 142.34341430664062 665.949462890625 142.34341430664062 665.949462890625 93.65177154541016"/>
                    </Shape>
                    <TextLine ID="line_1" HPOS="666" VPOS="87" WIDTH="61" HEIGHT="52" BASELINE="666 130 727 130" TAGREFS="TYPE_1">
                        <Shape>
                            <Polygon POINTS="666 130 666 139 727 138 727 130 727 91 715 87 714 87 713 87 666 90 666 130"/>
                        </Shape>
                        <String CONTENT=""/>
                    </TextLine>
</TextBlock>
                <TextBlock ID="block_2" HPOS="45" VPOS="158" WIDTH="688" HEIGHT="1146" TAGREFS="TYPE_39">
                    <Shape>
                        <Polygon POINTS="45.62711715698242 158.48521423339844 733.761962890625 158.48521423339844 733.761962890625 1304.61962890625 45.62711715698242 1304.61962890625 45.62711715698242 158.48521423339844"/>
                    </Shape>
                    <TextLine ID="line_2" HPOS="58" VPOS="142" WIDTH="665" HEIGHT="53" BASELINE="59 182 239 178 723 181" TAGREFS="TYPE_1">
                        <Shape>
                            <Polygon POINTS="59 182 58 189 64 193 65 193 66 193 67 193 188 189 209 188 292 188 294 189 301 192 302 192 303 192 360 189 373 189 374 189 380 194 380 194 381 194 382 195 404 195 404 194 405 194 406 194 411 189 413 189 476 189 477 189 481 194 482 194 483 194 484 195 543 195 543 194 544 194 552 190 556 189 562 190 576 194 577 194 578 194 613 190 631 189 721 190 723 181 722 144 699 143 698 143 697 143 696 143 695 144 687 150 669 144 666 143 665 143 626 143 625 143 625 143 624 143 621 145 609 152 586 146 584 145 583 145 582 145 582 145 581 145 581 146 570 153 515 153 502 146 500 146 499 146 498 146 497 146 494 146 475 152 434 147 402 144 401 144 400 144 399 144 394 147 386 153 368 153 361 148 359 146 358 146 357 146 356 146 355 146 345 148 333 152 329 148 320 142 319 142 319 142 318 142 317 142 301 149 297 152 259 152 255 150 241 142 240 142 164 142 163 142 162 142 142 148 127 142 126 142 125 142 124 142 104 152 103 152 101 152 81 147 80 147 59 152 59 182"/>
                        </Shape>
                        <String CONTENT=""/>
                    </TextLine>

                    <TextLine ID="line_3" HPOS="55" VPOS="188" WIDTH="662" HEIGHT="54" BASELINE="56 222 717 225" TAGREFS="TYPE_1">
                        <Shape>
                            <Polygon POINTS="56 222 55 232 66 238 67 238 67 238 104 236 110 240 110 240 111 240 112 240 183 235 194 240 195 240 196 241 253 241 253 240 254 240 271 235 276 234 283 236 308 241 309 241 333 237 351 240 352 240 353 240 361 237 366 235 409 235 414 238 422 241 423 241 423 241 424 241 434 238 441 235 466 238 497 242 498 242 499 242 509 238 519 236 601 236 622 240 632 242 633 242 646 240 680 236 715 241 717 225 717 197 703 193 702 193 701 193 667 197 661 197 660 197 646 189 645 189 608 189 607 189 607 189 591 196 589 198 558 198 554 196 525 189 524 189 523 189 510 195 475 189 474 189 473 189 453 196 452 196 442 189 441 189 441 189 440 189 398 196 395 197 343 197 341 196 329 189 328 189 327 189 300 189 299 189 298 189 297 189 288 195 237 195 212 195 211 195 193 188 192 188 191 188 154 192 128 188 128 188 127 188 110 195 110 195 109 195 86 189 85 189 85 189 56 195 56 222"/>
                        </Shape>
                        <String CONTENT=""/>
                    </TextLine>

                    <TextLine ID="line_4" HPOS="56" VPOS="235" WIDTH="667" HEIGHT="46" BASELINE="56 267 723 267" TAGREFS="TYPE_1">
                        <Shape>
                            <Polygon POINTS="56 267 56 275 117 275 125 281 126 281 127 281 128 281 162 275 185 280 186 280 232 275 240 281 241 281 242 281 243 281 266 281 266 281 267 281 268 281 276 275 312 275 323 281 324 281 325 281 365 275 382 281 383 281 384 281 416 275 444 275 452 281 453 281 453 281 454 281 455 281 470 276 602 281 603 281 604 281 618 275 670 281 671 281 672 281 673 281 679 275 723 275 723 267 723 242 626 242 625 240 616 235 615 235 614 235 594 235 593 235 592 235 591 235 583 240 581 242 541 242 539 240 534 237 533 237 533 237 532 237 531 237 530 237 527 239 524 242 466 242 460 239 450 235 449 235 448 235 428 238 414 242 380 242 375 238 372 235 371 235 370 235 325 235 324 235 323 235 318 238 312 241 300 238 290 235 289 235 288 235 263 238 224 242 186 242 170 237 165 235 164 235 163 235 162 235 156 237 138 241 114 236 108 235 107 235 56 235 56 267"/>
                        </Shape>
                        <String CONTENT=""/>
                    </TextLine>

                    <TextLine ID="line_5" HPOS="55" VPOS="276" WIDTH="666" HEIGHT="51" BASELINE="55 308 721 311" TAGREFS="TYPE_1">
                        <Shape>
                            <Polygon POINTS="55 308 55 317 97 324 98 325 144 325 144 324 145 324 165 318 167 318 168 318 176 324 177 324 177 324 298 325 299 325 300 325 312 321 319 319 343 322 388 326 389 327 436 327 436 326 437 326 447 324 459 320 484 324 502 326 503 326 517 324 546 320 556 325 560 327 561 327 562 327 570 325 588 321 719 327 721 311 720 282 696 279 695 279 694 279 688 281 684 284 674 281 661 279 660 279 624 281 595 284 555 281 494 278 493 278 472 281 463 283 457 281 445 278 444 278 443 278 417 281 405 283 397 281 377 277 376 277 375 277 361 281 358 283 238 283 233 281 216 276 215 276 176 276 175 276 174 276 161 281 160 281 151 276 150 276 149 276 122 281 75 276 74 276 73 276 55 281 55 308"/>
                        </Shape>
                        <String CONTENT=""/>
                    </TextLine>

                    <TextLine ID="line_6" HPOS="54" VPOS="317" WIDTH="669" HEIGHT="51" BASELINE="54 352 723 354" TAGREFS="TYPE_1">
                        <Shape>
                            <Polygon POINTS="54 352 54 365 252 362 269 366 274 366 275 366 276 366 278 366 293 362 298 366 300 367 300 367 301 367 302 368 374 368 374 367 374 367 378 366 387 362 396 366 400 368 401 368 402 368 403 368 411 366 424 363 430 366 433 368 434 368 435 368 435 368 451 366 480 363 516 366 533 368 534 368 535 368 539 366 551 363 616 363 656 367 668 368 669 368 670 368 671 368 672 367 680 363 711 363 720 367 723 354 722 328 678 328 674 327 644 319 643 319 642 319 625 326 620 328 595 328 591 325 582 318 581 318 580 318 579 318 578 318 562 324 556 327 545 324 532 322 531 322 520 324 507 327 496 324 482 318 481 318 480 318 479 318 466 324 455 328 389 328 380 322 375 318 374 318 374 318 373 318 372 318 365 322 360 324 355 321 350 318 349 318 349 318 348 318 347 318 338 321 320 327 249 327 221 319 215 317 214 317 214 317 206 318 172 326 54 317 54 352"/>
                        </Shape>
                        <String CONTENT=""/>
                    </TextLine>

                    <TextLine ID="line_7" HPOS="53" VPOS="360" WIDTH="669" HEIGHT="55" BASELINE="54 397 722 396" TAGREFS="TYPE_1">
                        <Shape>
                            <Polygon POINTS="54 397 54 408 67 408 68 409 76 415 77 415 78 415 79 415 122 409 129 415 130 415 131 415 132 415 133 415 142 410 167 415 168 415 169 415 188 409 195 408 202 409 220 415 221 415 222 415 223 415 237 409 244 408 293 408 298 410 305 415 306 415 306 415 307 415 337 415 337 415 338 415 349 411 359 408 381 411 399 414 400 414 411 411 425 409 451 412 469 414 470 414 471 414 472 414 473 412 482 407 528 412 535 413 536 413 543 413 592 408 610 413 613 414 613 414 614 414 619 413 656 407 668 413 669 413 720 414 722 396 720 369 616 360 615 360 614 360 589 368 535 361 534 361 533 361 533 361 521 369 500 369 465 360 464 360 463 360 447 368 409 361 408 361 407 361 385 369 382 369 379 369 337 361 336 361 335 361 334 361 325 369 324 370 262 370 261 369 245 361 245 361 244 361 178 368 92 361 91 361 53 368 54 397"/>
                        </Shape>
                        <String CONTENT=""/>
                    </TextLine>

                    <TextLine ID="line_8" HPOS="53" VPOS="409" WIDTH="668" HEIGHT="49" BASELINE="54 440 721 441" TAGREFS="TYPE_1">
                        <Shape>
                            <Polygon POINTS="54 440 53 449 87 456 88 456 123 451 355 456 356 456 371 453 383 451 389 453 397 457 398 457 398 457 399 457 410 453 417 452 429 454 442 456 443 456 444 456 449 454 457 452 496 452 504 455 509 457 510 457 511 457 512 457 518 455 527 452 546 455 560 457 561 457 562 457 563 457 564 455 570 452 627 452 636 456 637 457 638 457 638 457 639 458 676 458 676 457 677 457 678 457 683 452 719 457 721 441 721 415 708 411 707 411 706 411 655 415 654 415 644 410 643 410 642 410 570 415 563 415 561 415 545 410 544 410 543 410 542 410 528 415 527 416 437 416 435 415 430 410 429 410 429 410 428 410 403 415 399 415 398 415 388 409 387 409 386 409 386 409 368 414 364 415 358 414 319 409 318 409 317 409 305 414 302 415 298 414 276 409 276 409 251 414 244 415 187 415 183 413 176 409 175 409 174 409 152 413 140 415 54 413 54 440"/>
                        </Shape>
                        <String CONTENT=""/>
                    </TextLine>

                    <TextLine ID="line_9" HPOS="52" VPOS="449" WIDTH="670" HEIGHT="52" BASELINE="53 483 722 486" TAGREFS="TYPE_1">
                        <Shape>
                            <Polygon POINTS="53 483 52 494 78 500 79 500 79 500 80 500 87 495 172 495 197 495 198 495 214 500 214 500 215 500 251 495 256 495 259 495 285 501 286 501 417 501 417 501 418 501 427 497 429 496 431 497 442 501 443 501 444 501 475 497 487 496 499 497 528 501 529 501 721 499 722 486 721 459 646 459 645 458 634 452 633 452 632 452 608 458 592 451 591 451 590 451 558 455 544 451 543 451 542 451 541 451 540 451 529 458 527 459 499 459 497 458 472 450 472 450 430 450 429 450 429 450 407 458 377 452 376 452 375 452 374 452 367 458 366 458 341 458 340 458 323 450 322 450 276 449 275 449 274 449 254 458 240 458 229 449 228 449 227 449 226 449 176 457 157 449 156 449 155 449 105 457 104 457 103 457 66 450 65 450 64 450 53 455 53 483"/>
                        </Shape>
                        <String CONTENT=""/>
                    </TextLine>

                    <TextLine ID="line_10" HPOS="53" VPOS="495" WIDTH="668" HEIGHT="52" BASELINE="53 527 721 530" TAGREFS="TYPE_1">
                        <Shape>
                            <Polygon POINTS="53 527 53 542 110 538 136 542 154 544 155 544 167 542 181 539 208 542 233 544 234 544 235 544 240 542 247 538 269 538 281 542 293 545 294 545 294 546 335 546 335 545 336 545 343 542 347 540 366 542 393 544 394 544 407 541 419 539 430 541 452 545 453 545 472 541 481 539 491 541 509 544 509 544 510 544 518 541 520 540 521 541 527 546 528 546 529 546 530 547 565 547 565 546 566 546 581 541 583 540 586 541 601 546 601 546 602 547 636 547 636 546 659 541 663 540 719 540 721 530 720 503 693 503 692 502 684 497 683 497 682 497 681 497 658 502 645 497 644 497 644 497 643 497 624 501 590 497 589 497 588 497 574 502 572 502 563 502 484 496 483 496 451 501 447 502 403 502 401 501 386 496 386 496 385 496 384 496 383 496 375 501 374 501 374 501 364 496 363 496 362 496 361 496 361 496 355 501 354 502 301 502 295 501 270 495 269 495 269 495 259 501 258 501 256 501 226 495 202 495 202 495 201 495 200 495 194 500 193 501 190 500 172 495 171 495 171 495 170 495 152 500 148 501 144 500 128 495 128 495 127 495 126 495 115 500 111 501 103 500 73 495 72 495 53 499 53 527"/>
                        </Shape>
                        <String CONTENT=""/>
                    </TextLine>

                    <TextLine ID="line_11" HPOS="53" VPOS="538" WIDTH="665" HEIGHT="51" BASELINE="53 573 718 573" TAGREFS="TYPE_1">
                        <Shape>
                            <Polygon POINTS="53 573 53 588 92 584 128 588 129 588 130 588 131 588 158 584 174 588 175 588 176 588 177 588 203 584 248 588 253 588 254 588 255 588 256 588 268 584 305 588 310 588 311 589 402 589 402 588 403 588 404 588 404 587 410 584 439 587 447 588 447 588 448 588 450 587 459 584 503 587 515 588 516 589 581 589 581 588 582 588 582 588 583 587 587 584 595 587 597 588 598 588 599 588 718 587 718 573 718 547 587 547 576 541 575 541 574 541 550 546 529 542 528 542 527 542 517 547 414 547 396 538 395 538 353 538 352 538 351 538 350 538 340 547 308 547 294 538 294 538 293 538 237 538 236 538 235 538 207 546 189 538 188 538 122 538 122 538 121 538 94 545 68 542 67 542 67 542 53 546 53 573"/>
                        </Shape>
                        <String CONTENT=""/>
                    </TextLine>

                    <TextLine ID="line_12" HPOS="55" VPOS="582" WIDTH="666" HEIGHT="47" BASELINE="56 615 688 617 721 613" TAGREFS="TYPE_1">
                        <Shape>
                            <Polygon POINTS="56 615 55 627 719 629 721 613 719 591 689 583 688 583 687 583 664 590 618 585 617 585 558 590 549 583 548 583 547 583 546 583 546 583 545 583 533 590 533 591 515 591 515 590 504 583 503 583 503 583 502 583 501 583 500 583 490 590 490 590 441 584 441 584 440 584 424 588 418 583 417 583 417 583 416 583 349 589 339 582 338 582 337 582 337 582 250 589 235 582 234 582 201 582 200 582 199 582 185 589 177 582 176 582 175 582 157 582 156 582 155 582 154 582 145 590 128 590 110 582 110 582 109 582 108 582 92 589 56 589 56 615"/>
                        </Shape>
                        <String CONTENT=""/>
                    </TextLine>

                    <TextLine ID="line_13" HPOS="54" VPOS="624" WIDTH="709" HEIGHT="56" BASELINE="55 659 763 663" TAGREFS="TYPE_1">
                        <Shape>
                            <Polygon POINTS="55 659 54 676 94 677 95 677 96 677 98 676 109 671 162 671 187 676 196 678 197 678 198 678 203 676 214 672 269 676 300 678 301 678 314 675 335 672 353 675 369 678 370 678 433 675 479 672 490 675 508 679 509 679 509 680 566 680 566 679 567 679 581 674 585 673 594 674 627 679 628 679 656 674 656 674 658 674 678 679 679 679 680 679 680 679 681 679 688 674 689 674 762 674 763 663 763 638 716 637 701 629 700 629 699 629 669 636 667 636 666 636 654 629 653 629 652 629 651 629 630 633 617 627 616 627 615 627 555 633 542 627 541 627 506 627 505 627 504 627 503 627 494 633 489 635 438 635 434 632 423 626 422 626 361 626 361 626 360 626 348 630 337 635 304 629 288 628 287 628 270 629 231 634 217 629 215 628 214 628 214 628 210 629 189 634 127 634 117 627 115 624 114 624 113 624 112 624 55 625 55 659"/>
                        </Shape>
                        <String CONTENT=""/>
                    </TextLine>

                    <TextLine ID="line_14" HPOS="55" VPOS="670" WIDTH="667" HEIGHT="52" BASELINE="55 703 722 706" TAGREFS="TYPE_1">
                        <Shape>
                            <Polygon POINTS="55 703 55 717 166 714 188 717 205 720 206 720 220 717 237 714 250 717 257 719 258 719 259 719 293 716 324 715 331 716 341 720 342 720 343 720 343 720 350 716 353 715 473 715 481 715 496 719 496 719 563 715 570 715 571 715 578 721 579 721 580 721 581 722 647 722 647 721 648 721 659 717 693 721 694 721 721 715 722 706 722 675 683 672 682 672 681 672 670 675 662 677 652 675 635 672 634 672 633 672 624 675 613 678 584 675 569 673 568 673 558 675 540 678 534 675 529 672 528 672 527 672 527 672 526 672 513 675 501 678 491 675 481 672 480 672 479 672 447 675 428 678 423 675 417 671 417 671 416 671 415 671 391 676 382 677 372 676 339 671 338 671 337 671 323 676 317 678 312 676 301 672 300 672 300 672 279 676 273 677 270 676 259 670 258 670 218 670 217 670 181 676 174 677 165 676 122 671 121 671 120 671 119 671 111 676 110 677 55 677 55 703"/>
                        </Shape>
                        <String CONTENT=""/>
                    </TextLine>

                    <TextLine ID="line_15" HPOS="55" VPOS="715" WIDTH="668" HEIGHT="52" BASELINE="55 747 723 749" TAGREFS="TYPE_1">
                        <Shape>
                            <Polygon POINTS="55 747 55 758 124 759 145 765 146 765 147 766 223 766 223 765 224 765 235 761 238 760 275 761 390 766 391 766 407 763 417 761 444 764 475 766 476 766 546 764 680 761 687 766 688 766 689 766 690 767 722 767 723 749 722 723 681 723 680 722 668 716 668 716 645 716 644 716 644 716 632 722 616 718 615 718 614 718 613 718 597 722 596 723 489 723 485 722 451 716 422 716 421 716 420 716 406 722 404 722 399 722 357 717 356 717 319 721 304 715 303 715 302 715 262 721 261 721 260 721 236 715 235 715 234 715 233 715 209 721 208 721 183 715 182 715 133 721 129 721 128 721 112 715 111 715 73 715 73 715 72 715 55 721 55 747"/>
                        </Shape>
                        <String CONTENT=""/>
                    </TextLine>

                    <TextLine ID="line_16" HPOS="55" VPOS="760" WIDTH="666" HEIGHT="48" BASELINE="55 791 721 794" TAGREFS="TYPE_1">
                        <Shape>
                            <Polygon POINTS="55 791 55 801 68 806 69 806 70 806 150 802 152 802 719 808 721 794 719 764 678 770 644 764 636 763 635 763 634 763 631 764 615 769 605 764 604 764 603 764 554 770 504 764 503 764 481 769 469 763 466 762 466 762 433 762 432 762 431 762 430 762 429 763 423 768 416 763 415 762 414 762 413 762 387 761 368 761 368 761 367 761 366 761 364 763 356 768 319 768 313 763 312 761 311 761 310 761 309 761 308 761 307 761 306 763 296 768 274 764 273 764 202 767 196 763 195 763 194 763 193 763 171 767 159 762 156 760 155 760 154 760 153 760 147 762 130 768 85 768 76 762 74 760 73 760 73 760 72 760 55 761 55 791"/>
                        </Shape>
                        <String CONTENT=""/>
                    </TextLine>

                    <TextLine ID="line_17" HPOS="55" VPOS="803" WIDTH="667" HEIGHT="52" BASELINE="55 836 722 837" TAGREFS="TYPE_1">
                        <Shape>
                            <Polygon POINTS="55 836 55 846 85 851 86 851 107 848 118 854 119 854 120 854 121 854 136 848 158 854 159 854 159 855 243 855 243 854 244 854 254 849 355 854 355 854 356 854 371 848 372 848 388 855 389 855 390 855 441 849 460 855 461 855 462 855 511 849 567 855 568 855 569 855 587 849 588 849 590 849 654 855 655 855 721 849 722 837 721 811 649 804 648 804 533 810 525 810 506 810 496 810 489 804 488 804 487 804 486 804 485 804 464 810 461 810 357 810 357 809 336 803 335 803 334 803 304 809 303 809 302 809 263 803 214 803 214 803 213 803 195 809 193 809 191 809 160 803 159 803 55 808 55 836"/>
                        </Shape>
                        <String CONTENT=""/>
                    </TextLine>

                    <TextLine ID="line_18" HPOS="54" VPOS="848" WIDTH="661" HEIGHT="49" BASELINE="55 880 715 882" TAGREFS="TYPE_1">
                        <Shape>
                            <Polygon POINTS="55 880 54 889 69 896 70 896 71 896 134 892 192 896 193 896 194 896 208 891 240 891 249 896 250 896 251 896 251 896 252 896 268 891 286 896 287 896 288 896 335 891 364 896 365 896 366 896 385 891 408 895 409 895 438 892 445 896 446 896 447 896 447 896 486 892 506 897 507 897 508 897 582 892 613 897 614 897 714 891 715 882 715 856 656 856 654 855 638 849 638 849 637 849 636 849 630 853 625 849 625 849 624 849 623 849 622 849 603 854 601 855 597 854 582 849 581 849 580 849 579 849 578 849 572 854 571 855 543 855 536 853 516 849 515 849 489 853 481 854 476 853 461 849 460 849 460 849 459 849 447 852 439 855 434 852 427 849 426 849 425 849 392 852 386 852 381 852 359 848 358 848 357 848 356 848 352 851 349 855 312 855 308 851 305 848 304 848 303 848 284 848 283 848 282 848 275 850 265 855 227 855 208 849 196 848 196 848 195 848 194 848 192 849 186 855 145 855 137 849 135 848 134 848 134 848 133 848 132 848 128 849 117 855 79 855 55 849 55 880"/>
                        </Shape>
                        <String CONTENT=""/>
                    </TextLine>

                    <TextLine ID="line_19" HPOS="54" VPOS="891" WIDTH="665" HEIGHT="50" BASELINE="55 923 719 925" TAGREFS="TYPE_1">
                        <Shape>
                            <Polygon POINTS="55 923 54 932 75 933 85 941 85 941 86 941 87 941 120 934 148 934 159 941 159 941 160 941 161 941 186 941 186 941 187 941 188 941 198 934 208 941 209 941 210 941 211 941 262 934 282 939 283 939 284 939 285 939 296 934 306 941 307 941 308 941 309 941 310 941 330 934 348 941 349 941 349 941 395 940 396 940 407 935 464 941 465 941 466 941 485 935 502 941 503 941 503 941 504 941 519 935 570 941 570 941 632 935 655 939 656 939 656 939 673 935 690 941 691 941 692 941 718 934 719 925 718 896 611 898 586 894 569 892 568 892 567 892 561 894 550 898 494 898 482 893 478 892 478 892 477 892 467 893 441 898 435 893 435 892 434 892 433 892 432 892 425 893 401 897 391 893 387 892 386 892 309 892 308 892 307 892 305 892 290 898 216 898 208 892 207 892 206 892 175 892 174 892 173 892 172 892 165 898 83 898 55 891 55 923"/>
                        </Shape>
                        <String CONTENT=""/>
                    </TextLine>

                    <TextLine ID="line_20" HPOS="52" VPOS="936" WIDTH="665" HEIGHT="48" BASELINE="53 967 717 970" TAGREFS="TYPE_1">
                        <Shape>
                            <Polygon POINTS="53 967 52 977 77 982 78 982 252 979 317 978 351 980 396 983 397 983 398 983 402 981 408 978 413 981 417 983 418 983 419 983 499 982 663 979 715 984 717 970 717 943 703 938 702 938 701 938 700 938 699 938 692 944 690 944 672 943 563 938 562 938 561 938 560 938 555 942 552 944 531 942 504 940 503 940 503 940 502 940 499 941 496 944 489 941 476 937 475 937 382 937 381 937 380 937 380 937 375 941 372 943 248 943 244 940 240 936 239 936 239 936 238 936 237 936 228 939 219 942 53 938 53 967"/>
                        </Shape>
                        <String CONTENT=""/>
                    </TextLine>

                    <TextLine ID="line_21" HPOS="54" VPOS="980" WIDTH="666" HEIGHT="49" BASELINE="55 1011 720 1014" TAGREFS="TYPE_1">
                        <Shape>
                            <Polygon POINTS="55 1011 54 1021 61 1027 62 1027 63 1027 64 1027 132 1021 226 1027 226 1027 227 1027 242 1022 246 1021 251 1022 276 1028 277 1029 312 1029 312 1028 312 1028 323 1023 326 1022 331 1024 347 1028 348 1028 349 1028 349 1028 364 1024 368 1023 371 1024 380 1028 381 1028 382 1028 404 1025 414 1023 435 1025 458 1027 459 1027 460 1027 465 1026 474 1022 487 1026 498 1029 499 1029 500 1029 515 1027 531 1023 560 1023 571 1027 576 1029 577 1029 578 1029 579 1029 583 1027 589 1025 624 1028 638 1029 639 1029 640 1029 641 1029 642 1028 650 1023 692 1023 718 1029 720 1014 720 985 55 980 55 1011"/>
                        </Shape>
                        <String CONTENT=""/>
                    </TextLine>

                    <TextLine ID="line_22" HPOS="53" VPOS="1021" WIDTH="670" HEIGHT="51" BASELINE="54 1054 723 1056" TAGREFS="TYPE_1">
                        <Shape>
                            <Polygon POINTS="54 1054 53 1066 90 1071 91 1071 174 1066 187 1066 191 1066 217 1071 218 1071 219 1071 229 1067 239 1071 240 1071 241 1071 242 1071 257 1066 260 1066 263 1066 285 1071 286 1071 312 1066 316 1066 321 1066 356 1071 357 1071 358 1071 374 1066 376 1066 378 1066 399 1072 400 1072 401 1072 445 1067 518 1072 519 1072 566 1067 632 1072 633 1072 722 1066 723 1056 722 1030 697 1025 696 1025 662 1029 652 1022 651 1022 650 1022 650 1022 649 1022 635 1029 635 1030 599 1030 599 1029 584 1022 583 1022 582 1022 454 1029 445 1029 444 1029 438 1024 437 1024 436 1024 407 1022 406 1022 405 1022 389 1029 387 1029 384 1029 345 1022 344 1022 343 1022 330 1028 282 1022 282 1022 281 1022 263 1028 228 1021 227 1021 201 1026 190 1021 189 1021 188 1021 187 1021 186 1021 178 1027 166 1021 165 1021 165 1021 164 1021 140 1028 139 1028 138 1028 128 1023 127 1023 126 1023 93 1027 83 1021 82 1021 81 1021 54 1027 54 1054"/>
                        </Shape>
                        <String CONTENT=""/>
                    </TextLine>

                    <TextLine ID="line_23" HPOS="55" VPOS="1067" WIDTH="665" HEIGHT="49" BASELINE="55 1099 720 1099" TAGREFS="TYPE_1">
                        <Shape>
                            <Polygon POINTS="55 1099 55 1110 116 1115 116 1115 117 1115 118 1115 125 1110 129 1110 216 1109 220 1110 233 1115 234 1115 235 1115 236 1115 245 1110 247 1109 289 1109 292 1110 303 1115 304 1115 305 1116 331 1116 331 1115 332 1115 343 1110 344 1109 351 1110 378 1114 379 1114 404 1110 411 1109 418 1110 454 1115 455 1115 504 1110 514 1109 517 1110 537 1115 538 1115 539 1116 659 1116 659 1115 720 1109 720 1099 720 1074 631 1074 608 1067 607 1067 607 1067 606 1067 584 1073 567 1067 566 1067 532 1067 531 1067 530 1067 529 1067 520 1074 490 1074 457 1067 456 1067 455 1067 454 1067 446 1074 362 1074 298 1067 297 1067 296 1067 282 1073 252 1067 251 1067 251 1067 250 1067 242 1074 178 1074 124 1067 123 1067 122 1067 102 1073 95 1067 94 1067 93 1067 71 1067 70 1067 69 1067 55 1073 55 1099"/>
                        </Shape>
                        <String CONTENT=""/>
                    </TextLine>

                    <TextLine ID="line_24" HPOS="52" VPOS="1109" WIDTH="669" HEIGHT="47" BASELINE="53 1143 721 1143" TAGREFS="TYPE_1">
                        <Shape>
                            <Polygon POINTS="53 1143 53 1155 719 1156 721 1143 719 1117 696 1112 695 1112 694 1112 693 1112 688 1116 687 1118 664 1118 662 1116 647 1109 646 1109 645 1109 644 1109 624 1115 619 1118 570 1118 565 1115 553 1109 552 1109 552 1109 529 1114 518 1118 486 1118 479 1114 467 1109 466 1109 405 1109 404 1109 404 1109 395 1113 387 1118 264 1118 252 1112 246 1109 245 1109 245 1109 225 1112 208 1113 202 1111 196 1109 196 1109 195 1109 176 1111 151 1113 134 1111 130 1110 129 1110 128 1110 127 1110 116 1114 52 1110 53 1143"/>
                        </Shape>
                        <String CONTENT=""/>
                    </TextLine>

                    <TextLine ID="line_25" HPOS="52" VPOS="1155" WIDTH="670" HEIGHT="48" BASELINE="53 1186 722 1186" TAGREFS="TYPE_1">
                        <Shape>
                            <Polygon POINTS="53 1186 52 1199 125 1200 126 1200 127 1200 131 1199 144 1196 158 1199 171 1202 172 1202 189 1198 203 1196 211 1198 220 1202 220 1202 221 1203 305 1203 305 1202 306 1202 314 1198 319 1196 358 1196 361 1198 368 1202 368 1202 369 1202 370 1203 390 1203 390 1202 432 1198 447 1196 453 1198 471 1202 472 1202 472 1202 473 1202 482 1197 485 1196 509 1196 518 1197 557 1202 558 1202 558 1202 579 1197 582 1196 591 1196 659 1202 660 1202 661 1202 678 1196 679 1196 721 1196 722 1186 721 1161 693 1161 693 1161 679 1155 678 1155 608 1155 607 1155 607 1155 606 1155 599 1161 598 1161 580 1161 570 1161 561 1155 560 1155 559 1155 558 1155 507 1159 458 1155 457 1155 456 1155 443 1160 441 1161 357 1161 355 1160 349 1155 348 1155 347 1155 346 1155 345 1155 332 1160 329 1161 214 1161 210 1159 202 1155 201 1155 200 1155 199 1155 183 1159 175 1161 145 1161 141 1159 135 1155 134 1155 134 1155 133 1155 132 1155 122 1159 117 1161 53 1159 53 1186"/>
                        </Shape>
                        <String CONTENT=""/>
                    </TextLine>

                    <TextLine ID="line_26" HPOS="53" VPOS="1196" WIDTH="667" HEIGHT="51" BASELINE="54 1230 720 1229" TAGREFS="TYPE_1">
                        <Shape>
                            <Polygon POINTS="54 1230 54 1247 85 1242 93 1247 94 1247 95 1247 96 1247 99 1247 128 1242 167 1242 176 1247 178 1247 179 1247 180 1247 181 1247 184 1247 196 1242 217 1246 228 1247 229 1247 230 1247 234 1246 239 1243 283 1245 335 1247 336 1247 337 1247 346 1244 354 1242 417 1243 552 1247 552 1247 553 1247 564 1241 564 1241 568 1241 595 1247 595 1247 619 1241 620 1241 621 1241 699 1247 700 1247 701 1247 720 1240 720 1229 718 1204 699 1203 691 1196 690 1196 689 1196 688 1196 576 1203 546 1196 546 1196 515 1202 506 1196 505 1196 504 1196 503 1196 503 1196 481 1204 427 1204 379 1204 376 1204 331 1197 331 1197 280 1203 269 1198 268 1198 267 1198 231 1203 224 1198 223 1198 222 1198 221 1198 195 1204 164 1197 76 1197 75 1197 74 1197 53 1204 54 1230"/>
                        </Shape>
                        <String CONTENT=""/>
                    </TextLine>

                    <TextLine ID="line_27" HPOS="53" VPOS="1242" WIDTH="660" HEIGHT="61" BASELINE="54 1276 713 1277" TAGREFS="TYPE_1">
                        <Shape>
                            <Polygon POINTS="54 1276 53 1290 128 1290 129 1291 135 1296 136 1296 137 1296 138 1296 139 1296 153 1292 155 1291 157 1292 175 1301 176 1301 177 1301 177 1301 200 1293 205 1291 219 1293 266 1301 267 1301 309 1295 337 1291 344 1296 354 1302 355 1302 355 1302 356 1302 357 1302 371 1296 379 1293 382 1296 387 1301 388 1301 389 1301 411 1302 411 1302 412 1302 428 1297 432 1301 433 1301 434 1301 435 1301 435 1301 436 1301 441 1297 447 1292 472 1298 478 1300 479 1300 480 1300 481 1300 482 1300 484 1298 492 1292 521 1292 541 1300 547 1302 548 1302 597 1302 598 1302 607 1301 625 1296 644 1302 648 1302 649 1302 650 1303 712 1303 713 1277 712 1247 632 1245 631 1245 620 1247 612 1249 607 1247 600 1243 599 1243 598 1243 571 1247 568 1247 564 1247 541 1243 540 1243 539 1243 524 1247 515 1249 498 1247 463 1243 462 1243 426 1247 410 1249 394 1247 355 1242 354 1242 353 1242 343 1247 341 1249 309 1249 307 1247 300 1243 300 1243 299 1243 298 1243 267 1247 260 1248 259 1247 251 1242 251 1242 250 1242 249 1242 248 1242 247 1242 241 1247 239 1249 150 1249 148 1247 138 1242 137 1242 98 1242 97 1242 54 1247 54 1276"/>
                        </Shape>
                        <String CONTENT=""/>
                    </TextLine>
</TextBlock>
                <TextBlock ID="block_1" HPOS="719" VPOS="581" WIDTH="134" HEIGHT="92" TAGREFS="TYPE_13">
                    <Shape>
                        <Polygon POINTS="719.4443969726562 581.5285034179688 853.606201171875 581.5285034179688 853.606201171875 673.9027099609375 719.4443969726562 673.9027099609375 719.4443969726562 581.5285034179688"/>
                    </Shape>
                    <TextLine ID="line_28" HPOS="725" VPOS="573" WIDTH="127" HEIGHT="44" BASELINE="726 612 748 608 852 608" TAGREFS="TYPE_1">
                        <Shape>
                            <Polygon POINTS="726 612 726 617 852 617 852 608 852 573 806 573 805 573 804 573 803 573 803 574 794 579 725 575 726 612"/>
                        </Shape>
                        <String CONTENT=""/>
                    </TextLine>

                    <TextLine ID="line_29" HPOS="722" VPOS="615" WIDTH="131" HEIGHT="40" BASELINE="722 636 853 636" TAGREFS="TYPE_1">
                        <Shape>
                            <Polygon POINTS="722 636 722 645 773 647 778 649 785 654 786 654 787 654 788 655 853 655 853 636 852 615 722 617 722 636"/>
                        </Shape>
                        <String CONTENT=""/>
                    </TextLine>
</TextBlock>
            </PrintSpace>
        </Page>
    </Layout>
</alto>