<?xml version="1.0" encoding="UTF-8"?>
<alto xmlns:xsi="http://www.w3.org/2001/XMLSchema-instance"
    xmlns="http://www.loc.gov/standards/alto/ns-v4#"
    xsi:schemaLocation="http://www.loc.gov/standards/alto/ns-v4# http://www.loc.gov/standards/alto/v4/alto-4-3.xsd">
    <Description>
        <MeasurementUnit>pixel</MeasurementUnit>
        <sourceImageInformation>
            <fileName>7325978.jpeg</fileName>
        </sourceImageInformation>
        <Processing ID="OCR_0">
            <processingCategory>other</processingCategory>
            <processingStepDescription>unknown</processingStepDescription>
            <processingSoftware>
                <softwareName>kraken</softwareName>
                <softwareVersion>4.3.13</softwareVersion>
            </processingSoftware>
        </Processing>
    </Description>
    <Tags>
        <OtherTag ID="TYPE_1" LABEL="DefaultLine"/>
        <OtherTag ID="TYPE_2" LABEL="NumberingZone"/>
        <OtherTag ID="TYPE_3" LABEL="MainZone-Entry-Continued"/>
        <OtherTag ID="TYPE_4" LABEL="MainZone-Form"/>
        <OtherTag ID="TYPE_5" LABEL="MainZone-Lg"/>
        <OtherTag ID="TYPE_6" LABEL="DigitizationArtefactZone"/>
        <OtherTag ID="TYPE_7" LABEL="TableZone-Head"/>
        <OtherTag ID="TYPE_8" LABEL="MainZone-Sp"/>
        <OtherTag ID="TYPE_9" LABEL="MainZone-Sp-Continued"/>
        <OtherTag ID="TYPE_10" LABEL="TableZone-Continued"/>
        <OtherTag ID="TYPE_11" LABEL="MarginTextZone-ManuscriptAddendum"/>
        <OtherTag ID="TYPE_12" LABEL="GraphicZone-FigDesc"/>
        <OtherTag ID="TYPE_13" LABEL="MarginTextZone-Notes"/>
        <OtherTag ID="TYPE_14" LABEL="StampZone"/>
        <OtherTag ID="TYPE_15" LABEL="FigureZone"/>
        <OtherTag ID="TYPE_16" LABEL="MainZone-Head"/>
        <OtherTag ID="TYPE_17" LABEL="DropCapitalZone"/>
        <OtherTag ID="TYPE_18" LABEL="MainZone-Date"/>
        <OtherTag ID="TYPE_19" LABEL="MainZone-List-Continued"/>
        <OtherTag ID="TYPE_20" LABEL="FigureZone-Head"/>
        <OtherTag ID="TYPE_21" LABEL="GraphicZone-Head"/>
        <OtherTag ID="TYPE_22" LABEL="MainZone-P"/>
        <OtherTag ID="TYPE_23" LABEL="MainZone-Signature"/>
        <OtherTag ID="TYPE_24" LABEL="TitlePageZone-Index"/>
        <OtherTag ID="TYPE_25" LABEL="MainZone-Lg-Continued"/>
        <OtherTag ID="TYPE_26" LABEL="GraphicZone"/>
        <OtherTag ID="TYPE_27" LABEL="MarginTextZone-Notes-Continued"/>
        <OtherTag ID="TYPE_28" LABEL="GraphicZone-TextualContent"/>
        <OtherTag ID="TYPE_29" LABEL="GraphicZone-Maths"/>
        <OtherTag ID="TYPE_30" LABEL="GraphicZone-Part"/>
        <OtherTag ID="TYPE_31" LABEL="MainZone-Other"/>
        <OtherTag ID="TYPE_32" LABEL="FigureZone-FigDesc"/>
        <OtherTag ID="TYPE_33" LABEL="GraphicZone-Decoration"/>
        <OtherTag ID="TYPE_34" LABEL="MainZone-List"/>
        <OtherTag ID="TYPE_35" LABEL="MainZone-Entry"/>
        <OtherTag ID="TYPE_36" LABEL="AdvertisementZone"/>
        <OtherTag ID="TYPE_37" LABEL="TitlePageZone"/>
        <OtherTag ID="TYPE_38" LABEL="StampZone-Sticker"/>
        <OtherTag ID="TYPE_39" LABEL="MainZone-P-Continued"/>
        <OtherTag ID="TYPE_40" LABEL="TableZone"/>
        <OtherTag ID="TYPE_41" LABEL="RunningTitleZone"/>
        <OtherTag ID="TYPE_42" LABEL="QuireMarksZone"/>
    </Tags>
    <Layout>
        <Page WIDTH="1000" HEIGHT="1547" PHYSICAL_IMG_NR="0" ID="page_0">
            <PrintSpace HPOS="0" VPOS="0" WIDTH="1000" HEIGHT="1547">
                <TextBlock ID="block_2" HPOS="396" VPOS="113" WIDTH="469" HEIGHT="48" TAGREFS="TYPE_41">
                    <Shape>
                        <Polygon POINTS="396.6019592285156 113.57807922363281 865.7723999023438 113.57807922363281 865.7723999023438 161.87171936035156 396.6019592285156 161.87171936035156 396.6019592285156 113.57807922363281"/>
                    </Shape>
                    <TextLine ID="line_0" HPOS="399" VPOS="115" WIDTH="468" HEIGHT="53" BASELINE="400 155 867 142" TAGREFS="TYPE_1">
                        <Shape>
                            <Polygon POINTS="735 146 726 146 717 146 709 146 700 146 692 146 683 146 674 147 666 147 657 147 649 147 640 147 631 147 623 147 614 147 606 147 597 147 588 147 580 147 571 147 563 147 554 147 546 147 537 147 528 147 520 147 511 147 503 147 494 147 485 147 477 147 468 147 460 147 451 147 442 147 434 147 425 147 417 147 408 147 399 147 400 155 400 162 429 167 430 167 460 163 467 168 468 168 469 168 470 168 471 168 490 161 520 167 521 167 521 167 522 167 529 163 612 164 613 164 613 164 629 157 647 162 648 162 649 162 679 155 680 155 680 155 705 161 705 161 706 161 707 161 726 154 742 154 748 159 748 160 748 160 749 160 750 160 751 160 762 156 771 160 772 160 773 160 821 158 822 158 834 153 850 158 851 158 852 158 852 158 867 150 867 142 865 115 757 117 756 117 755 117 750 122 735 134 735 146"/>
                        </Shape>
                        <String CONTENT=""/>
                    </TextLine>
</TextBlock>
                <TextBlock ID="block_1" HPOS="292" VPOS="171" WIDTH="678" HEIGHT="1136" TAGREFS="TYPE_39">
                    <Shape>
                        <Polygon POINTS="292.1876525878906 171.1232147216797 970.4400634765625 171.1232147216797 970.4400634765625 1307.154296875 292.1876525878906 1307.154296875 292.1876525878906 171.1232147216797"/>
                    </Shape>
                    <TextLine ID="line_1" HPOS="294" VPOS="155" WIDTH="664" HEIGHT="72" BASELINE="295 214 731 196 958 191" TAGREFS="TYPE_1">
                        <Shape>
                            <Polygon POINTS="295 214 295 226 312 227 313 227 314 227 315 227 318 225 324 221 333 225 338 226 339 226 340 226 341 226 342 226 344 224 350 220 374 223 382 224 383 224 384 224 385 224 386 223 391 219 404 222 410 223 411 223 411 223 418 221 434 218 484 219 510 220 511 220 521 218 547 213 562 216 569 218 570 218 570 218 571 218 572 218 575 216 581 212 626 214 627 214 648 209 673 213 685 214 686 214 707 211 755 205 818 207 841 207 842 207 843 207 846 206 853 203 861 206 865 207 866 207 867 207 958 201 958 191 956 158 872 155 871 155 840 161 836 162 834 161 824 157 823 157 822 157 736 160 736 160 735 160 735 161 730 165 728 167 613 170 611 170 595 165 595 165 594 165 593 165 576 171 569 172 563 171 548 167 547 167 546 167 502 169 501 169 484 174 477 176 455 175 411 172 410 172 409 172 390 177 381 179 374 177 368 176 367 176 366 176 365 176 364 176 361 178 359 181 294 181 295 214"/>
                        </Shape>
                        <String CONTENT=""/>
                    </TextLine>

                    <TextLine ID="line_2" HPOS="294" VPOS="201" WIDTH="663" HEIGHT="68" BASELINE="295 256 830 237 957 235" TAGREFS="TYPE_1">
                        <Shape>
                            <Polygon POINTS="295 256 295 264 343 263 346 263 364 269 365 269 366 269 367 269 368 269 375 262 389 269 390 269 391 269 411 269 411 269 412 269 421 261 422 261 435 261 463 261 470 266 471 266 472 266 472 266 548 260 558 263 558 263 559 263 560 263 561 263 561 262 565 259 592 262 593 262 594 262 608 254 610 253 656 251 680 251 709 251 731 256 732 256 733 256 824 254 825 254 839 249 871 252 872 252 873 252 874 252 874 251 881 246 942 247 943 247 944 247 957 241 957 235 954 207 936 207 922 201 921 201 920 201 920 201 898 208 871 202 870 202 850 203 849 203 848 203 838 211 817 207 816 207 815 207 815 207 808 212 782 208 781 208 780 208 779 208 773 214 772 214 718 215 717 215 706 208 705 208 705 208 704 208 674 215 663 210 662 210 662 210 661 210 631 218 533 214 533 214 442 226 436 226 435 226 423 219 422 219 421 219 420 219 399 224 393 220 392 220 392 220 391 220 320 222 319 222 294 230 295 256"/>
                        </Shape>
                        <String CONTENT=""/>
                    </TextLine>

                    <TextLine ID="line_3" HPOS="293" VPOS="245" WIDTH="666" HEIGHT="71" BASELINE="294 299 815 281 959 279" TAGREFS="TYPE_1">
                        <Shape>
                            <Polygon POINTS="834 252 831 248 824 250 811 255 796 251 790 250 789 250 788 250 787 250 786 251 782 256 770 252 758 249 757 249 756 249 662 251 644 255 613 262 539 264 521 258 521 258 520 258 519 258 518 258 492 265 449 260 440 259 439 259 438 259 435 260 417 269 389 269 293 264 294 299 295 316 326 308 332 312 333 312 334 312 335 312 393 305 419 311 425 311 426 311 427 311 432 310 446 306 472 308 492 310 493 310 494 310 503 307 519 301 533 305 540 308 541 308 542 308 562 307 563 307 564 307 568 304 576 299 584 304 591 306 592 306 593 306 612 302 631 298 667 299 709 302 710 302 711 302 711 302 718 298 723 293 753 293 757 296 764 300 765 300 766 300 766 300 767 300 790 294 797 293 816 293 889 296 890 296 891 296 914 289 919 287 922 288 937 294 938 294 938 294 939 294 959 287 959 279 957 248 927 245 926 245 909 249 895 251 892 249 886 245 885 245 884 245 883 245 860 250 856 250 854 250 842 245 841 245 840 245 840 245 837 245 834 252"/>
                        </Shape>
                        <String CONTENT=""/>
                    </TextLine>

                    <TextLine ID="line_4" HPOS="292" VPOS="289" WIDTH="667" HEIGHT="65" BASELINE="294 343 811 324 959 321" TAGREFS="TYPE_1">
                        <Shape>
                            <Polygon POINTS="834 320 828 298 822 299 821 299 806 292 805 292 804 292 757 299 746 296 745 296 744 296 743 296 733 301 730 303 687 304 683 303 665 297 664 297 663 297 662 297 641 305 639 305 638 305 618 299 617 299 616 299 615 299 614 299 607 305 598 300 597 300 596 300 552 307 552 307 551 307 515 305 514 305 513 305 503 309 498 311 486 310 444 305 443 305 442 305 441 305 432 311 429 313 406 312 336 309 335 309 292 316 294 343 294 354 370 350 387 352 410 354 411 354 436 350 446 348 447 349 453 353 453 353 454 353 455 353 504 351 505 351 519 347 525 345 533 346 551 349 552 349 552 349 567 345 575 342 582 344 587 346 588 346 588 346 631 342 669 339 697 340 761 342 762 342 763 342 781 336 787 334 823 334 825 335 830 339 831 339 832 339 833 339 834 339 852 333 858 332 862 333 878 337 879 337 880 337 881 337 901 331 906 330 958 329 959 321 956 294 919 294 906 289 905 289 904 289 903 289 902 289 902 290 895 295 878 292 877 292 877 292 866 297 865 298 838 298 834 320"/>
                        </Shape>
                        <String CONTENT=""/>
                    </TextLine>

                    <TextLine ID="line_5" HPOS="293" VPOS="330" WIDTH="665" HEIGHT="66" BASELINE="294 387 958 364" TAGREFS="TYPE_1">
                        <Shape>
                            <Polygon POINTS="834 340 833 337 832 338 794 336 793 336 792 336 770 342 763 338 762 338 761 338 760 338 710 345 687 338 687 338 686 338 611 348 495 345 494 345 493 345 465 354 441 347 441 347 440 347 423 348 423 348 422 348 422 348 413 355 371 349 370 349 369 349 368 349 368 350 361 356 325 352 324 352 323 352 322 352 313 360 293 360 294 387 294 396 441 396 442 396 461 391 467 390 472 391 490 394 491 394 529 389 539 387 546 388 564 391 564 391 606 385 615 385 619 385 634 389 635 389 636 389 637 389 638 389 643 385 644 384 668 384 756 384 757 384 780 379 785 379 790 379 809 383 809 383 838 377 841 377 842 377 848 381 849 381 850 381 851 381 932 379 958 372 958 364 957 337 934 330 933 330 932 330 896 338 859 332 858 332 835 337 834 340"/>
                        </Shape>
                        <String CONTENT=""/>
                    </TextLine>

                    <TextLine ID="line_6" HPOS="294" VPOS="373" WIDTH="665" HEIGHT="72" BASELINE="296 430 959 407" TAGREFS="TYPE_1">
                        <Shape>
                            <Polygon POINTS="296 430 296 445 346 436 411 435 435 440 437 440 438 440 439 440 440 440 449 434 487 439 491 439 492 439 497 438 543 430 603 434 614 434 615 434 629 433 693 425 705 428 705 428 706 428 767 422 779 428 781 428 782 428 783 428 791 427 818 420 861 419 871 423 874 425 875 425 876 425 877 425 883 423 899 419 910 422 914 423 915 423 916 423 959 420 959 407 956 373 785 385 745 383 722 381 721 381 720 381 710 385 698 388 691 385 687 384 687 384 686 384 667 386 641 390 631 388 615 385 614 385 613 385 602 389 595 392 540 394 534 392 521 388 521 388 520 388 490 389 490 389 471 395 465 397 450 396 394 392 393 392 392 392 369 400 367 400 362 400 330 397 329 397 294 403 296 430"/>
                        </Shape>
                        <String CONTENT=""/>
                    </TextLine>

                    <TextLine ID="line_7" HPOS="294" VPOS="417" WIDTH="665" HEIGHT="71" BASELINE="296 473 689 458 959 452" TAGREFS="TYPE_1">
                        <Shape>
                            <Polygon POINTS="296 473 296 488 349 480 381 483 382 483 429 477 448 483 453 483 453 483 454 483 455 483 456 483 458 482 465 478 484 481 492 482 493 482 494 482 497 480 509 475 533 478 533 478 534 478 545 474 554 478 559 480 560 480 561 480 596 476 645 470 662 473 676 476 677 476 678 476 689 472 700 469 721 470 746 473 747 473 748 473 763 469 774 466 782 468 798 472 799 472 800 472 839 466 852 470 852 470 853 470 854 470 873 464 874 464 932 468 932 468 933 468 959 460 959 452 957 423 942 417 941 417 940 417 889 425 875 420 874 420 873 420 794 421 793 421 777 429 774 430 761 430 726 428 725 428 724 428 717 431 712 434 675 434 674 433 663 426 662 426 662 426 661 426 631 431 619 428 618 428 617 428 616 428 615 428 604 435 603 436 601 435 583 428 582 428 582 428 581 428 555 437 552 438 546 437 503 431 502 431 501 431 480 438 464 433 463 433 462 433 461 433 443 440 441 441 436 441 400 438 399 438 358 444 355 444 355 444 342 440 341 440 340 440 339 440 338 440 332 445 331 446 294 446 296 473"/>
                        </Shape>
                        <String CONTENT=""/>
                    </TextLine>

                    <TextLine ID="line_8" HPOS="294" VPOS="462" WIDTH="669" HEIGHT="67" BASELINE="296 518 581 506 963 495" TAGREFS="TYPE_1">
                        <Shape>
                            <Polygon POINTS="296 518 296 527 423 529 423 529 424 529 425 529 435 523 437 522 447 522 533 525 534 525 578 518 588 516 595 517 638 522 638 522 639 522 640 522 640 521 648 515 648 514 668 513 670 514 687 520 687 520 688 520 689 520 718 513 722 512 726 512 773 518 773 518 823 508 826 508 828 508 860 514 861 514 862 514 883 507 884 507 942 510 943 510 944 510 963 503 963 495 961 462 899 462 898 462 897 462 892 464 880 470 858 465 846 464 845 464 844 464 837 466 826 471 813 468 811 467 810 467 809 467 802 468 765 474 726 471 692 469 691 469 690 469 673 473 657 478 580 480 570 477 556 473 555 473 554 473 553 473 533 478 503 475 502 475 501 475 489 481 485 483 475 482 460 480 459 480 435 483 419 485 411 484 374 479 374 479 373 479 355 487 353 487 351 487 326 481 325 481 325 481 324 481 312 489 311 489 294 489 296 518"/>
                        </Shape>
                        <String CONTENT=""/>
                    </TextLine>

                    <TextLine ID="line_9" HPOS="296" VPOS="507" WIDTH="667" HEIGHT="65" BASELINE="298 559 963 540" TAGREFS="TYPE_1">
                        <Shape>
                            <Polygon POINTS="298 559 298 572 331 568 351 571 357 572 358 572 359 572 361 571 368 567 374 570 374 571 375 571 376 571 377 571 448 569 449 569 458 567 480 562 511 565 521 566 521 566 537 564 578 559 588 562 597 565 598 565 599 565 645 563 646 563 657 560 668 556 727 555 741 556 764 560 765 560 766 560 777 556 782 553 789 555 802 558 803 558 803 558 804 558 816 554 819 553 826 553 860 556 861 556 862 556 873 551 877 550 962 548 963 540 961 511 871 507 870 507 869 507 855 513 853 514 852 513 840 509 840 509 839 509 791 516 781 517 777 516 757 511 756 511 755 511 754 511 754 511 746 517 743 519 687 520 683 519 669 513 668 513 668 513 632 519 606 515 605 515 497 525 477 526 475 525 462 519 461 519 460 519 460 519 446 526 443 528 386 529 380 528 338 523 337 523 337 523 336 523 324 530 322 531 296 531 298 559"/>
                        </Shape>
                        <String CONTENT=""/>
                    </TextLine>

                    <TextLine ID="line_10" HPOS="296" VPOS="550" WIDTH="667" HEIGHT="67" BASELINE="298 602 963 582" TAGREFS="TYPE_1">
                        <Shape>
                            <Polygon POINTS="298 602 298 617 334 611 371 616 375 616 376 616 377 616 379 616 392 610 437 612 438 612 439 612 453 607 465 611 469 613 470 613 471 613 472 613 479 611 501 605 516 610 523 611 524 611 525 611 548 608 587 603 642 605 701 606 702 606 782 604 783 604 784 604 791 599 794 597 797 598 803 600 804 600 805 600 806 600 815 598 819 596 834 597 903 600 904 600 963 591 963 582 961 554 945 550 944 550 944 550 904 556 901 556 900 556 879 550 878 550 877 550 844 551 820 557 815 558 810 557 796 552 795 552 794 552 729 554 728 554 717 559 717 559 716 559 702 555 701 555 700 555 699 555 699 555 693 559 690 562 642 560 623 560 622 560 607 561 543 566 533 562 528 560 527 560 527 560 489 563 442 567 429 564 425 563 424 563 423 563 421 564 408 569 396 564 394 564 393 564 392 564 392 564 391 564 391 565 380 572 353 572 296 567 298 602"/>
                        </Shape>
                        <String CONTENT=""/>
                    </TextLine>

                    <TextLine ID="line_11" HPOS="297" VPOS="595" WIDTH="668" HEIGHT="65" BASELINE="298 646 965 627" TAGREFS="TYPE_1">
                        <Shape>
                            <Polygon POINTS="298 646 298 654 337 660 337 660 366 653 368 652 422 651 425 651 457 655 458 655 579 649 600 653 601 653 638 645 638 644 692 643 696 643 782 648 783 648 808 647 809 647 809 647 809 646 817 640 840 646 840 646 841 646 842 646 873 638 874 638 903 644 904 644 905 644 919 636 965 635 965 627 963 600 889 602 887 602 867 595 866 595 865 595 840 597 839 597 838 597 828 604 827 604 809 599 809 599 808 599 765 599 764 599 746 605 743 607 692 607 691 607 682 601 681 601 680 601 661 601 660 601 659 601 658 601 658 602 650 608 650 609 641 609 564 604 564 604 563 604 535 611 532 612 529 611 510 605 509 605 509 605 508 605 507 605 497 612 491 608 490 608 490 608 489 608 488 608 473 613 470 615 395 616 390 616 351 610 350 610 349 610 349 610 342 616 322 611 321 611 320 611 319 611 297 617 298 646"/>
                        </Shape>
                        <String CONTENT=""/>
                    </TextLine>

                    <TextLine ID="line_12" HPOS="298" VPOS="635" WIDTH="668" HEIGHT="65" BASELINE="300 689 856 672 966 672" TAGREFS="TYPE_1">
                        <Shape>
                            <Polygon POINTS="300 689 300 699 500 700 501 700 557 691 561 691 564 691 613 697 613 697 614 697 636 690 649 695 650 695 650 695 704 694 737 686 738 685 744 685 819 685 834 690 835 690 836 690 837 690 850 683 852 683 938 684 938 684 966 678 966 672 964 642 951 642 950 642 941 635 940 635 939 635 938 635 889 643 883 644 883 643 874 638 873 638 872 638 847 638 846 638 795 646 785 648 782 647 772 642 771 642 770 642 769 642 756 648 753 648 747 648 717 642 716 642 715 642 698 649 695 650 692 649 681 645 680 645 680 645 631 651 622 652 619 651 595 646 595 646 594 646 593 646 584 653 583 654 557 655 497 656 492 655 472 649 472 649 471 649 470 649 448 654 385 652 384 652 383 652 367 659 364 660 298 660 300 689"/>
                        </Shape>
                        <String CONTENT=""/>
                    </TextLine>

                    <TextLine ID="line_13" HPOS="300" VPOS="680" WIDTH="665" HEIGHT="67" BASELINE="301 735 644 721 965 714" TAGREFS="TYPE_1">
                        <Shape>
                            <Polygon POINTS="833 686 829 682 828 683 827 683 826 683 816 689 815 690 813 689 802 684 801 684 800 684 776 690 766 693 717 694 713 692 697 687 696 687 695 687 652 695 642 697 639 696 629 690 628 690 627 690 588 697 564 691 564 691 563 691 562 691 553 698 552 700 536 701 522 701 521 700 513 693 512 693 511 693 510 693 460 702 456 703 453 703 405 697 404 697 404 697 375 705 357 706 352 706 338 701 337 701 337 701 300 708 301 735 301 742 316 747 317 747 318 747 349 741 355 740 368 740 429 744 430 744 431 744 452 739 453 739 463 739 564 739 564 739 603 735 631 732 638 734 640 735 641 735 642 735 643 735 644 735 645 734 650 731 673 733 693 735 694 735 745 733 746 733 747 733 748 732 754 727 786 731 801 732 802 732 811 730 833 725 847 729 851 730 852 730 852 730 853 730 854 730 854 729 855 729 861 723 881 723 892 728 894 728 895 728 895 728 965 726 965 714 962 684 944 686 932 684 909 680 908 680 876 686 864 689 861 687 855 682 854 682 853 682 852 682 834 682 833 686"/>
                        </Shape>
                        <String CONTENT=""/>
                    </TextLine>

                    <TextLine ID="line_14" HPOS="299" VPOS="722" WIDTH="667" HEIGHT="62" BASELINE="300 776 966 757" TAGREFS="TYPE_1">
                        <Shape>
                            <Polygon POINTS="833 751 828 733 795 733 788 729 787 729 786 729 785 729 778 730 731 735 722 732 714 728 713 728 712 728 632 731 631 731 623 734 614 737 605 734 594 732 593 732 592 732 591 732 590 732 586 735 580 740 562 740 539 737 533 736 533 736 532 736 530 737 521 741 465 739 457 739 456 739 455 739 453 739 435 744 422 739 412 737 411 737 411 737 382 738 381 738 372 741 360 745 349 742 343 739 342 739 341 739 299 743 300 776 300 784 684 777 730 772 733 772 736 772 784 775 785 775 813 770 815 770 821 770 904 771 905 771 966 764 966 757 963 725 928 722 927 722 908 726 885 731 875 727 870 725 869 725 868 725 856 727 836 732 833 751"/>
                        </Shape>
                        <String CONTENT=""/>
                    </TextLine>

                    <TextLine ID="line_15" HPOS="300" VPOS="766" WIDTH="669" HEIGHT="62" BASELINE="301 819 796 804 969 802" TAGREFS="TYPE_1">
                        <Shape>
                            <Polygon POINTS="301 819 301 828 539 828 567 821 570 821 571 821 596 826 597 826 628 819 630 819 631 819 651 825 652 825 653 825 654 825 655 825 655 824 660 819 687 819 774 821 775 821 859 813 865 813 869 813 922 817 923 817 969 809 969 802 963 766 956 771 929 767 924 767 923 767 922 767 921 767 920 768 911 774 874 770 868 769 867 769 862 770 834 776 814 772 813 772 812 772 800 777 714 776 713 776 664 781 651 776 649 776 648 776 647 776 646 776 642 776 624 782 606 778 598 776 597 776 596 776 588 778 566 784 547 780 538 778 537 778 536 778 527 781 507 786 462 783 461 783 439 788 413 784 397 782 396 782 300 788 301 819"/>
                        </Shape>
                        <String CONTENT=""/>
                    </TextLine>

                    <TextLine ID="line_16" HPOS="301" VPOS="812" WIDTH="668" HEIGHT="64" BASELINE="303 862 809 847 969 845" TAGREFS="TYPE_1">
                        <Shape>
                            <Polygon POINTS="303 862 303 869 334 876 335 876 336 876 367 868 555 870 556 870 603 862 615 868 616 868 617 868 618 868 619 868 631 861 650 861 674 867 675 867 676 867 677 867 678 867 678 866 686 859 715 859 751 862 752 862 796 857 805 862 806 862 807 862 808 862 821 856 837 862 838 862 839 862 879 857 900 861 901 861 901 861 914 854 955 859 956 859 957 859 969 851 969 845 968 817 947 812 946 812 945 812 944 812 930 819 929 819 913 812 912 812 911 812 870 820 867 820 866 820 853 813 852 813 852 813 815 814 815 814 797 822 797 823 704 825 703 825 681 818 680 818 680 818 642 825 619 820 619 820 618 820 604 825 591 820 590 820 589 820 539 826 527 823 526 823 525 823 524 823 523 823 513 830 493 823 492 823 491 823 490 823 490 823 478 831 477 831 458 831 447 831 334 827 333 827 332 827 331 827 320 835 301 835 303 862"/>
                        </Shape>
                        <String CONTENT=""/>
                    </TextLine>

                    <TextLine ID="line_17" HPOS="301" VPOS="853" WIDTH="667" HEIGHT="64" BASELINE="303 906 968 888" TAGREFS="TYPE_1">
                        <Shape>
                            <Polygon POINTS="303 906 303 917 492 917 492 917 493 917 494 917 501 911 504 908 619 905 634 906 681 911 682 911 729 904 736 903 746 903 808 908 809 908 843 900 845 900 846 900 877 904 877 904 878 904 889 898 890 898 895 898 936 902 937 902 967 896 968 888 964 853 914 860 877 856 877 856 876 856 875 856 866 863 823 856 818 856 817 856 816 856 815 857 798 865 779 858 777 857 776 857 775 857 774 857 770 858 748 865 694 861 681 860 680 860 680 860 679 860 677 861 665 868 640 862 639 862 638 862 638 862 616 870 580 865 579 865 578 865 563 872 521 873 498 867 492 865 491 865 490 865 490 865 489 865 486 867 482 869 458 868 442 867 441 867 441 867 440 867 437 868 424 876 358 877 342 872 341 872 340 872 339 872 338 872 331 877 321 872 319 871 319 871 318 871 301 872 303 906"/>
                        </Shape>
                        <String CONTENT=""/>
                    </TextLine>

                    <TextLine ID="line_18" HPOS="301" VPOS="899" WIDTH="668" HEIGHT="58" BASELINE="302 948 969 931" TAGREFS="TYPE_1">
                        <Shape>
                            <Polygon POINTS="834 923 829 908 790 908 773 903 773 903 772 903 771 903 770 903 761 909 740 904 739 904 738 904 690 904 659 912 656 912 654 912 619 907 618 907 617 907 591 914 589 914 583 914 494 910 493 910 492 910 491 910 491 911 484 917 483 917 448 911 447 911 408 918 407 919 345 920 332 915 331 915 331 915 301 921 302 948 302 956 501 957 502 957 556 955 557 955 568 949 569 949 583 949 668 951 668 951 699 946 704 946 706 946 729 951 730 951 730 951 741 945 742 945 743 945 767 950 768 950 834 943 868 947 869 947 904 941 907 941 912 941 952 944 953 944 954 944 969 939 969 931 968 904 892 899 891 899 890 899 875 904 849 901 848 901 847 901 839 905 834 923"/>
                        </Shape>
                        <String CONTENT=""/>
                    </TextLine>

                    <TextLine ID="line_19" HPOS="301" VPOS="941" WIDTH="672" HEIGHT="64" BASELINE="303 992 973 974" TAGREFS="TYPE_1">
                        <Shape>
                            <Polygon POINTS="303 992 303 1005 395 1005 395 1004 396 1004 401 1002 408 998 453 998 456 1000 460 1002 460 1002 461 1002 462 1002 463 1002 472 999 478 996 506 998 525 999 526 999 527 999 530 997 536 995 603 995 710 996 711 996 711 996 712 996 719 991 723 989 749 989 774 990 840 992 841 992 842 992 853 987 856 986 869 986 938 990 939 990 940 990 941 990 947 984 972 983 973 974 971 945 909 941 908 941 883 947 875 948 852 947 783 944 782 944 781 944 765 949 751 945 750 945 749 945 748 945 736 951 733 952 724 951 694 947 693 947 693 947 692 947 685 952 684 953 680 952 660 947 659 947 658 947 657 947 650 953 647 955 576 956 573 954 566 952 565 952 564 952 564 952 552 955 546 957 543 955 534 951 533 951 533 951 505 956 493 959 475 957 431 953 430 953 407 959 397 961 388 959 368 955 368 955 367 955 366 955 359 960 357 961 355 960 347 956 346 956 345 956 344 956 334 961 330 963 326 961 319 958 319 958 318 958 301 961 303 992"/>
                        </Shape>
                        <String CONTENT=""/>
                    </TextLine>

                    <TextLine ID="line_20" HPOS="302" VPOS="984" WIDTH="668" HEIGHT="64" BASELINE="304 1036 724 1023 970 1019" TAGREFS="TYPE_1">
                        <Shape>
                            <Polygon POINTS="304 1036 304 1045 429 1048 429 1048 430 1048 431 1048 439 1041 440 1041 444 1041 505 1045 506 1045 551 1039 555 1038 558 1038 580 1044 581 1044 582 1044 582 1044 583 1044 583 1043 590 1037 591 1037 603 1037 606 1037 648 1042 649 1042 650 1042 650 1042 658 1035 659 1034 703 1034 713 1039 714 1039 715 1039 716 1039 730 1033 730 1033 731 1033 774 1039 775 1039 825 1037 826 1037 827 1037 834 1032 866 1036 867 1036 868 1036 869 1036 877 1029 877 1029 882 1029 923 1032 924 1032 925 1032 937 1027 938 1027 939 1027 955 1033 956 1033 957 1033 957 1033 970 1027 970 1019 969 985 907 984 906 984 905 984 904 984 899 987 891 992 866 993 854 989 845 985 844 985 843 985 824 990 816 991 806 990 774 987 773 987 773 987 763 992 754 996 693 997 676 995 649 990 648 990 647 990 627 996 616 1000 606 997 587 992 586 992 585 992 555 993 554 993 553 993 544 999 539 1002 428 1005 423 1003 404 997 404 997 403 997 365 998 364 998 337 1007 336 1007 333 1007 310 1002 309 1002 308 1002 307 1002 302 1005 304 1036"/>
                        </Shape>
                        <String CONTENT=""/>
                    </TextLine>

                    <TextLine ID="line_21" HPOS="303" VPOS="1030" WIDTH="668" HEIGHT="61" BASELINE="305 1076 971 1062" TAGREFS="TYPE_1">
                        <Shape>
                            <Polygon POINTS="305 1076 305 1085 349 1090 349 1091 383 1091 383 1090 384 1090 408 1083 417 1088 418 1088 419 1088 501 1082 513 1086 514 1086 515 1086 616 1085 617 1085 618 1085 618 1084 625 1079 648 1084 649 1084 695 1077 699 1076 703 1076 734 1082 735 1082 817 1074 824 1074 825 1074 837 1079 838 1079 839 1080 892 1080 892 1079 893 1079 894 1079 904 1072 970 1070 971 1062 969 1033 930 1030 929 1030 928 1030 914 1034 905 1037 901 1035 892 1031 891 1031 890 1031 861 1036 843 1039 819 1037 773 1033 773 1033 746 1039 733 1041 698 1040 617 1037 616 1037 556 1044 537 1045 522 1045 470 1040 469 1040 468 1040 467 1040 460 1046 457 1048 303 1050 305 1076"/>
                        </Shape>
                        <String CONTENT=""/>
                    </TextLine>

                    <TextLine ID="line_22" HPOS="304" VPOS="1074" WIDTH="668" HEIGHT="60" BASELINE="305 1120 972 1105" TAGREFS="TYPE_1">
                        <Shape>
                            <Polygon POINTS="305 1120 305 1134 484 1131 484 1131 485 1131 485 1131 487 1130 492 1125 535 1128 563 1130 564 1130 564 1130 571 1127 581 1124 590 1126 599 1129 600 1129 601 1129 628 1125 654 1122 673 1124 697 1126 698 1126 713 1123 724 1120 743 1122 776 1125 777 1125 778 1125 789 1120 793 1118 797 1120 807 1124 808 1124 809 1124 809 1124 820 1119 824 1118 860 1118 933 1119 934 1119 972 1114 972 1105 970 1078 888 1076 887 1076 886 1076 885 1076 879 1080 871 1074 870 1074 869 1074 848 1074 847 1074 846 1074 828 1081 815 1077 815 1077 814 1077 753 1082 752 1082 743 1078 742 1078 742 1078 741 1078 731 1082 705 1077 704 1077 660 1084 589 1080 588 1080 588 1080 570 1087 566 1087 406 1084 405 1084 404 1084 404 1084 395 1091 394 1092 304 1093 305 1120"/>
                        </Shape>
                        <String CONTENT=""/>
                    </TextLine>

                    <TextLine ID="line_23" HPOS="303" VPOS="1113" WIDTH="668" HEIGHT="64" BASELINE="304 1164 801 1151 971 1149" TAGREFS="TYPE_1">
                        <Shape>
                            <Polygon POINTS="304 1164 304 1173 323 1177 324 1177 369 1172 375 1171 379 1171 409 1177 410 1177 447 1170 507 1174 508 1174 509 1174 509 1174 517 1167 518 1167 531 1167 532 1167 549 1174 550 1174 551 1174 594 1166 595 1166 597 1166 613 1169 613 1169 614 1169 625 1165 626 1165 642 1171 643 1171 644 1171 644 1171 663 1164 664 1164 673 1164 756 1167 757 1167 758 1167 759 1167 765 1161 766 1161 799 1161 803 1161 837 1166 838 1166 940 1164 970 1156 971 1149 969 1113 833 1122 802 1118 797 1118 796 1118 795 1118 793 1119 783 1125 754 1120 749 1120 748 1120 748 1120 747 1120 747 1121 739 1125 723 1121 715 1119 714 1119 713 1119 678 1120 677 1120 676 1120 672 1124 665 1127 593 1126 503 1125 502 1125 501 1125 500 1125 492 1130 489 1131 472 1131 446 1128 445 1128 444 1128 434 1131 429 1134 303 1136 304 1164"/>
                        </Shape>
                        <String CONTENT=""/>
                    </TextLine>

                    <TextLine ID="line_24" HPOS="303" VPOS="1159" WIDTH="671" HEIGHT="62" BASELINE="304 1207 974 1192" TAGREFS="TYPE_1">
                        <Shape>
                            <Polygon POINTS="304 1207 304 1221 417 1213 515 1217 521 1217 521 1217 522 1217 523 1217 533 1210 549 1215 550 1215 551 1215 552 1215 573 1210 697 1213 698 1213 750 1205 784 1211 785 1211 785 1211 786 1211 805 1205 817 1209 818 1209 819 1209 820 1209 821 1209 828 1203 865 1203 897 1209 898 1209 899 1209 900 1209 938 1201 973 1207 974 1192 971 1161 907 1164 901 1162 894 1160 893 1160 892 1160 891 1160 881 1162 872 1165 865 1163 852 1159 851 1159 850 1159 828 1164 820 1166 816 1164 809 1161 808 1161 807 1161 745 1161 744 1161 743 1161 736 1167 734 1168 724 1167 699 1162 698 1162 697 1162 696 1162 688 1167 686 1170 579 1172 567 1171 513 1167 512 1167 511 1167 484 1174 483 1174 481 1174 451 1168 450 1168 449 1168 437 1174 436 1175 424 1175 327 1171 326 1171 325 1171 303 1178 304 1207"/>
                        </Shape>
                        <String CONTENT=""/>
                    </TextLine>

                    <TextLine ID="line_25" HPOS="303" VPOS="1202" WIDTH="669" HEIGHT="63" BASELINE="305 1250 972 1235" TAGREFS="TYPE_1">
                        <Shape>
                            <Polygon POINTS="305 1250 305 1260 333 1265 334 1265 402 1259 488 1262 489 1262 490 1262 502 1256 505 1254 521 1255 577 1260 578 1260 579 1260 598 1253 601 1253 615 1253 651 1255 652 1255 653 1255 654 1255 659 1252 661 1251 674 1252 736 1257 736 1257 773 1249 778 1248 783 1249 803 1253 804 1253 805 1253 825 1248 839 1254 840 1254 840 1254 841 1254 855 1250 876 1253 877 1253 877 1253 889 1247 890 1246 971 1244 972 1235 969 1206 945 1208 937 1206 914 1202 913 1202 912 1202 901 1207 899 1209 897 1208 890 1203 889 1203 889 1203 858 1203 857 1203 856 1203 855 1203 847 1209 846 1210 841 1209 814 1204 813 1204 812 1204 793 1210 789 1211 779 1210 740 1205 739 1205 738 1205 737 1205 730 1211 728 1214 703 1214 700 1212 693 1208 693 1208 692 1208 691 1208 665 1213 661 1214 660 1213 652 1208 651 1208 650 1208 650 1208 649 1208 648 1208 641 1214 640 1215 638 1214 619 1208 619 1208 618 1208 584 1215 576 1216 543 1216 538 1216 527 1210 526 1210 525 1210 524 1210 511 1217 510 1217 499 1217 390 1213 389 1213 388 1213 387 1213 387 1214 380 1220 379 1222 303 1222 305 1250"/>
                        </Shape>
                        <String CONTENT=""/>
                    </TextLine>

                    <TextLine ID="line_26" HPOS="303" VPOS="1246" WIDTH="668" HEIGHT="72" BASELINE="305 1296 971 1277" TAGREFS="TYPE_1">
                        <Shape>
                            <Polygon POINTS="305 1296 305 1311 367 1318 368 1318 453 1308 463 1307 466 1308 480 1312 481 1312 482 1312 539 1305 545 1305 546 1305 568 1312 569 1312 570 1312 613 1303 616 1303 619 1303 682 1309 683 1309 684 1309 685 1309 693 1304 717 1308 717 1308 718 1308 733 1301 779 1307 780 1307 875 1304 876 1304 890 1296 893 1295 971 1294 971 1277 969 1246 878 1246 877 1246 877 1246 876 1246 873 1247 864 1253 826 1254 779 1250 762 1248 761 1248 760 1248 753 1250 728 1258 699 1258 689 1252 687 1251 687 1251 686 1251 685 1251 681 1252 662 1259 647 1253 644 1252 644 1252 643 1252 604 1253 582 1253 582 1253 581 1253 580 1254 570 1261 542 1255 540 1255 539 1255 536 1255 476 1264 303 1261 305 1296"/>
                        </Shape>
                        <String CONTENT=""/>
                    </TextLine>
</TextBlock>
                <TextBlock ID="block_3" HPOS="881" VPOS="1294" WIDTH="92" HEIGHT="48" TAGREFS="TYPE_42">
                    <Shape>
                        <Polygon POINTS="881.53515625 1294.9217529296875 973.1632080078125 1294.9217529296875 973.1632080078125 1342.4476318359375 881.53515625 1342.4476318359375 881.53515625 1294.9217529296875"/>
                    </Shape>
                    <TextLine ID="line_27" HPOS="882" VPOS="1289" WIDTH="89" HEIGHT="58" BASELINE="882 1322 971 1322" TAGREFS="TYPE_1">
                        <Shape>
                            <Polygon POINTS="882 1322 882 1338 909 1347 910 1347 911 1347 971 1338 971 1322 971 1293 892 1289 891 1289 890 1289 882 1293 882 1322"/>
                        </Shape>
                        <String CONTENT=""/>
                    </TextLine>
</TextBlock>
            </PrintSpace>
        </Page>
    </Layout>
</alto>