<?xml version="1.0" encoding="UTF-8"?>
<alto xmlns:xsi="http://www.w3.org/2001/XMLSchema-instance"
    xmlns="http://www.loc.gov/standards/alto/ns-v4#"
    xsi:schemaLocation="http://www.loc.gov/standards/alto/ns-v4# http://www.loc.gov/standards/alto/v4/alto-4-3.xsd">
    <Description>
        <MeasurementUnit>pixel</MeasurementUnit>
        <sourceImageInformation>
            <fileName>7325979.jpeg</fileName>
        </sourceImageInformation>
        <Processing ID="OCR_0">
            <processingCategory>other</processingCategory>
            <processingStepDescription>unknown</processingStepDescription>
            <processingSoftware>
                <softwareName>kraken</softwareName>
                <softwareVersion>4.3.13</softwareVersion>
            </processingSoftware>
        </Processing>
    </Description>
    <Tags>
        <OtherTag ID="TYPE_1" LABEL="DefaultLine"/>
        <OtherTag ID="TYPE_2" LABEL="NumberingZone"/>
        <OtherTag ID="TYPE_3" LABEL="MainZone-Entry-Continued"/>
        <OtherTag ID="TYPE_4" LABEL="MainZone-Form"/>
        <OtherTag ID="TYPE_5" LABEL="MainZone-Lg"/>
        <OtherTag ID="TYPE_6" LABEL="DigitizationArtefactZone"/>
        <OtherTag ID="TYPE_7" LABEL="TableZone-Head"/>
        <OtherTag ID="TYPE_8" LABEL="MainZone-Sp"/>
        <OtherTag ID="TYPE_9" LABEL="MainZone-Sp-Continued"/>
        <OtherTag ID="TYPE_10" LABEL="TableZone-Continued"/>
        <OtherTag ID="TYPE_11" LABEL="MarginTextZone-ManuscriptAddendum"/>
        <OtherTag ID="TYPE_12" LABEL="GraphicZone-FigDesc"/>
        <OtherTag ID="TYPE_13" LABEL="MarginTextZone-Notes"/>
        <OtherTag ID="TYPE_14" LABEL="StampZone"/>
        <OtherTag ID="TYPE_15" LABEL="FigureZone"/>
        <OtherTag ID="TYPE_16" LABEL="MainZone-Head"/>
        <OtherTag ID="TYPE_17" LABEL="DropCapitalZone"/>
        <OtherTag ID="TYPE_18" LABEL="MainZone-Date"/>
        <OtherTag ID="TYPE_19" LABEL="MainZone-List-Continued"/>
        <OtherTag ID="TYPE_20" LABEL="FigureZone-Head"/>
        <OtherTag ID="TYPE_21" LABEL="GraphicZone-Head"/>
        <OtherTag ID="TYPE_22" LABEL="MainZone-P"/>
        <OtherTag ID="TYPE_23" LABEL="MainZone-Signature"/>
        <OtherTag ID="TYPE_24" LABEL="TitlePageZone-Index"/>
        <OtherTag ID="TYPE_25" LABEL="MainZone-Lg-Continued"/>
        <OtherTag ID="TYPE_26" LABEL="GraphicZone"/>
        <OtherTag ID="TYPE_27" LABEL="MarginTextZone-Notes-Continued"/>
        <OtherTag ID="TYPE_28" LABEL="GraphicZone-TextualContent"/>
        <OtherTag ID="TYPE_29" LABEL="GraphicZone-Maths"/>
        <OtherTag ID="TYPE_30" LABEL="GraphicZone-Part"/>
        <OtherTag ID="TYPE_31" LABEL="MainZone-Other"/>
        <OtherTag ID="TYPE_32" LABEL="FigureZone-FigDesc"/>
        <OtherTag ID="TYPE_33" LABEL="GraphicZone-Decoration"/>
        <OtherTag ID="TYPE_34" LABEL="MainZone-List"/>
        <OtherTag ID="TYPE_35" LABEL="MainZone-Entry"/>
        <OtherTag ID="TYPE_36" LABEL="AdvertisementZone"/>
        <OtherTag ID="TYPE_37" LABEL="TitlePageZone"/>
        <OtherTag ID="TYPE_38" LABEL="StampZone-Sticker"/>
        <OtherTag ID="TYPE_39" LABEL="MainZone-P-Continued"/>
        <OtherTag ID="TYPE_40" LABEL="TableZone"/>
        <OtherTag ID="TYPE_41" LABEL="RunningTitleZone"/>
        <OtherTag ID="TYPE_42" LABEL="QuireMarksZone"/>
    </Tags>
    <Layout>
        <Page WIDTH="1000" HEIGHT="1547" PHYSICAL_IMG_NR="0" ID="page_0">
            <PrintSpace HPOS="0" VPOS="0" WIDTH="1000" HEIGHT="1547">
                <TextBlock ID="block_0" HPOS="658" VPOS="115" WIDTH="75" HEIGHT="50" TAGREFS="TYPE_2">
                    <Shape>
                        <Polygon POINTS="658.26513671875 115.15949249267578 733.7825927734375 115.15949249267578 733.7825927734375 165.10433959960938 658.26513671875 165.10433959960938 658.26513671875 115.15949249267578"/>
                    </Shape>
                    <TextLine ID="line_0" HPOS="658" VPOS="113" WIDTH="71" HEIGHT="54" BASELINE="658 147 729 147" TAGREFS="TYPE_1">
                        <Shape>
                            <Polygon POINTS="658 147 658 158 674 156 682 161 683 161 684 161 685 161 686 161 697 156 708 165 711 166 711 166 712 166 713 167 729 167 729 147 729 113 658 113 658 147"/>
                        </Shape>
                        <String CONTENT=""/>
                    </TextLine>
</TextBlock>
                <TextBlock ID="block_2" HPOS="212" VPOS="108" WIDTH="359" HEIGHT="43" TAGREFS="TYPE_41">
                    <Shape>
                        <Polygon POINTS="212.1034698486328 108.37533569335938 571.1382446289062 108.37533569335938 571.1382446289062 151.4188232421875 212.1034698486328 151.4188232421875 212.1034698486328 108.37533569335938"/>
                    </Shape>
                    <TextLine ID="line_1" HPOS="209" VPOS="95" WIDTH="373" HEIGHT="62" BASELINE="210 137 582 143" TAGREFS="TYPE_1">
                        <Shape>
                            <Polygon POINTS="210 137 209 145 219 152 220 152 220 152 221 152 242 147 262 152 263 152 263 152 264 152 265 152 274 146 300 146 315 153 316 153 317 153 318 153 328 149 337 153 338 153 339 153 340 153 355 146 383 151 384 151 407 147 409 147 421 155 422 155 423 155 423 155 424 155 434 151 440 155 441 155 441 155 442 155 521 152 546 157 546 157 581 151 582 143 582 110 525 110 525 109 516 101 516 100 515 100 515 100 514 100 463 103 456 98 455 98 454 98 453 98 453 98 427 106 416 99 415 99 414 99 413 99 412 99 411 99 411 100 404 106 403 108 386 108 382 106 366 97 365 97 364 97 330 104 323 106 313 104 263 95 263 95 210 102 210 137"/>
                        </Shape>
                        <String CONTENT=""/>
                    </TextLine>
</TextBlock>
                <TextBlock ID="block_1" HPOS="39" VPOS="164" WIDTH="688" HEIGHT="1127" TAGREFS="TYPE_39">
                    <Shape>
                        <Polygon POINTS="39.62826156616211 164.44212341308594 727.6101684570312 164.44212341308594 727.6101684570312 1291.86767578125 39.62826156616211 1291.86767578125 39.62826156616211 164.44212341308594"/>
                    </Shape>
                    <TextLine ID="line_2" HPOS="59" VPOS="149" WIDTH="665" HEIGHT="65" BASELINE="59 189 724 197" TAGREFS="TYPE_1">
                        <Shape>
                            <Polygon POINTS="724 166 693 158 693 158 692 158 641 165 631 165 627 165 607 158 607 158 606 158 605 158 586 163 577 165 568 163 546 155 546 155 545 155 544 155 527 160 498 160 490 154 489 154 488 154 487 154 462 159 451 163 371 163 362 157 356 152 355 152 355 152 354 152 353 152 340 157 321 162 251 162 235 153 231 152 230 152 204 151 203 151 183 152 154 154 132 151 124 150 123 150 119 151 85 158 60 149 59 189 59 206 82 202 104 207 109 207 110 207 110 207 112 207 131 201 153 207 159 207 159 207 160 207 170 207 198 202 353 202 371 207 375 207 376 207 387 207 428 204 460 207 503 212 504 212 546 207 563 206 566 207 576 213 576 213 577 213 611 208 625 213 626 213 627 213 628 213 642 207 643 207 644 207 657 214 658 214 659 214 693 214 693 214 723 207 724 197 724 166"/>
                        </Shape>
                        <String CONTENT=""/>
                    </TextLine>

                    <TextLine ID="line_3" HPOS="56" VPOS="201" WIDTH="667" HEIGHT="54" BASELINE="57 233 723 238" TAGREFS="TYPE_1">
                        <Shape>
                            <Polygon POINTS="57 233 56 243 88 250 89 250 137 244 174 251 175 251 206 245 217 251 218 251 219 251 220 251 232 245 257 250 257 250 279 245 390 253 391 253 392 253 405 247 425 247 435 253 436 253 437 253 438 253 462 249 515 254 516 254 574 248 582 254 583 254 584 254 611 255 612 255 613 255 622 250 644 254 645 254 722 248 723 238 723 212 611 204 610 204 609 204 596 209 595 211 551 211 547 209 541 205 540 205 539 205 539 205 505 208 493 209 488 208 471 203 470 203 469 203 437 207 421 209 416 207 411 205 410 205 409 205 388 207 375 207 374 207 367 202 366 202 365 202 364 202 325 206 294 208 261 208 257 205 252 201 251 201 251 201 213 201 212 201 211 201 210 201 207 204 201 207 57 202 57 233"/>
                        </Shape>
                        <String CONTENT=""/>
                    </TextLine>

                    <TextLine ID="line_4" HPOS="55" VPOS="244" WIDTH="668" HEIGHT="55" BASELINE="55 276 723 283" TAGREFS="TYPE_1">
                        <Shape>
                            <Polygon POINTS="55 276 55 287 98 287 102 287 114 292 115 292 116 292 116 292 117 292 124 287 126 287 132 287 153 292 153 292 154 292 163 287 164 287 171 288 226 294 227 294 228 294 229 294 239 288 239 288 256 293 257 293 257 293 287 289 305 295 306 295 306 295 307 295 329 290 389 296 390 297 424 297 424 296 425 296 426 296 432 291 446 295 447 295 447 295 448 295 464 290 465 290 466 290 483 297 484 297 484 297 485 297 502 291 531 297 532 297 533 297 547 291 554 297 554 298 555 298 556 298 557 298 633 292 634 292 652 299 653 299 654 299 722 292 723 283 723 256 704 250 703 250 702 250 603 254 556 256 527 253 472 247 471 247 470 247 455 252 451 253 436 251 397 247 396 247 395 247 387 251 383 254 349 254 332 250 305 245 304 245 285 250 274 253 238 253 226 249 213 244 212 244 211 244 172 248 146 250 55 247 55 276"/>
                        </Shape>
                        <String CONTENT=""/>
                    </TextLine>

                    <TextLine ID="line_5" HPOS="54" VPOS="286" WIDTH="669" HEIGHT="56" BASELINE="54 320 723 328" TAGREFS="TYPE_1">
                        <Shape>
                            <Polygon POINTS="54 320 54 335 349 333 413 336 480 340 481 340 482 340 493 336 499 335 506 336 520 341 521 341 521 341 601 338 650 342 650 342 679 337 680 337 681 337 711 342 712 342 713 342 722 337 723 328 722 301 663 301 662 299 655 293 654 293 653 293 652 293 630 299 625 299 618 299 582 293 581 293 553 296 546 291 545 291 544 291 543 291 487 296 465 298 457 295 448 293 447 293 447 293 446 293 441 295 434 298 425 294 422 293 421 293 420 293 414 294 401 297 394 294 383 289 382 289 381 289 380 289 364 293 361 294 358 293 346 288 345 288 344 288 343 288 330 293 319 296 311 293 302 288 301 288 300 288 281 292 261 296 203 296 191 290 184 287 184 287 183 287 161 289 153 290 140 289 111 286 110 286 110 286 109 286 105 288 98 293 85 287 80 286 79 286 79 286 54 287 54 320"/>
                        </Shape>
                        <String CONTENT=""/>
                    </TextLine>

                    <TextLine ID="line_6" HPOS="51" VPOS="330" WIDTH="670" HEIGHT="55" BASELINE="52 364 721 372" TAGREFS="TYPE_1">
                        <Shape>
                            <Polygon POINTS="52 364 51 372 79 379 79 379 126 373 144 379 145 379 146 379 201 376 232 380 233 380 257 375 276 380 276 380 277 380 317 377 325 381 326 381 401 382 402 382 432 378 478 383 478 383 479 383 480 383 487 378 551 378 571 385 572 385 573 385 631 379 685 385 686 385 720 379 721 372 721 342 716 337 715 337 714 337 713 337 668 342 646 344 619 344 613 342 602 336 601 336 601 336 540 340 504 342 499 340 490 335 489 335 488 335 487 335 474 339 467 342 423 342 338 339 337 337 326 333 325 333 325 333 303 337 288 340 277 336 263 332 263 332 262 332 261 332 247 336 237 339 226 336 222 335 221 335 220 335 207 336 175 338 169 335 162 331 161 331 160 331 142 335 129 337 122 335 111 330 110 330 110 330 52 333 52 364"/>
                        </Shape>
                        <String CONTENT=""/>
                    </TextLine>

                    <TextLine ID="line_7" HPOS="50" VPOS="376" WIDTH="673" HEIGHT="53" BASELINE="51 408 723 414" TAGREFS="TYPE_1">
                        <Shape>
                            <Polygon POINTS="51 408 50 420 104 424 104 424 105 424 116 421 127 418 146 421 159 423 159 423 219 422 330 420 347 423 361 427 361 427 377 424 391 421 402 424 411 427 412 427 413 427 414 427 422 424 434 421 442 425 448 428 449 428 450 428 486 428 486 428 487 428 488 428 490 425 495 422 501 426 506 428 507 428 508 428 509 428 515 426 526 421 541 426 551 428 552 428 552 428 585 427 621 424 626 427 630 429 631 429 631 429 632 429 723 428 723 414 723 389 629 389 626 387 612 380 611 380 610 380 571 386 563 387 556 386 527 379 482 379 481 379 480 379 466 385 461 386 412 385 411 384 404 379 404 379 403 379 402 379 401 379 386 383 376 385 356 383 320 378 294 378 294 378 293 378 292 378 288 382 283 385 269 381 245 377 244 377 222 381 210 383 198 380 181 377 118 376 117 376 116 376 116 376 112 379 106 383 51 379 51 408"/>
                        </Shape>
                        <String CONTENT=""/>
                    </TextLine>

                    <TextLine ID="line_8" HPOS="50" VPOS="418" WIDTH="670" HEIGHT="54" BASELINE="51 452 720 458" TAGREFS="TYPE_1">
                        <Shape>
                            <Polygon POINTS="51 452 50 461 146 462 162 468 163 468 294 469 294 469 295 469 306 464 338 470 339 470 369 465 379 470 380 470 380 470 492 466 529 471 530 471 619 467 637 472 638 472 638 472 719 467 720 458 720 432 700 425 699 425 699 425 698 425 684 431 683 432 650 432 634 430 523 422 522 422 521 422 510 428 508 430 442 430 437 428 431 424 430 424 429 424 405 427 390 428 386 427 382 423 381 423 380 423 337 420 289 420 288 420 288 420 287 420 281 424 260 421 259 421 258 421 257 421 253 424 251 425 242 424 196 419 196 419 195 419 184 423 177 427 171 423 165 419 164 419 163 419 162 419 161 419 148 422 140 425 135 422 129 418 128 418 128 418 127 418 126 418 114 422 105 425 51 421 51 452"/>
                        </Shape>
                        <String CONTENT=""/>
                    </TextLine>

                    <TextLine ID="line_9" HPOS="52" VPOS="462" WIDTH="661" HEIGHT="54" BASELINE="52 497 713 501" TAGREFS="TYPE_1">
                        <Shape>
                            <Polygon POINTS="52 497 52 512 85 507 208 507 218 512 221 513 222 513 223 513 224 513 225 513 226 512 234 507 308 507 319 511 323 513 324 513 325 513 344 511 372 508 376 511 380 514 381 514 382 514 383 514 408 511 425 508 434 511 448 515 449 515 450 515 451 515 468 510 471 510 475 510 508 515 509 515 531 510 536 509 539 510 549 515 550 515 665 516 666 516 667 516 675 512 687 516 688 516 689 516 690 516 712 509 713 501 711 470 583 473 576 470 569 465 568 465 567 465 566 465 565 465 559 470 558 470 557 470 548 466 547 466 546 466 512 470 482 472 476 470 469 466 468 466 467 466 466 466 456 470 449 471 443 470 428 464 427 464 426 464 393 469 379 471 374 469 369 467 368 467 368 467 344 469 317 471 299 469 261 463 260 463 259 463 246 469 241 471 210 471 203 469 184 462 184 462 61 462 61 462 60 462 59 462 52 466 52 497"/>
                        </Shape>
                        <String CONTENT=""/>
                    </TextLine>

                    <TextLine ID="line_10" HPOS="50" VPOS="507" WIDTH="673" HEIGHT="55" BASELINE="50 538 723 545" TAGREFS="TYPE_1">
                        <Shape>
                            <Polygon POINTS="50 538 50 553 130 550 168 554 194 556 195 556 208 554 220 551 232 554 239 556 239 556 240 556 241 556 242 556 244 554 247 551 257 554 268 557 269 557 269 557 297 554 302 554 311 554 386 559 387 559 425 555 433 554 448 555 555 561 556 562 592 562 592 561 593 561 594 561 602 555 615 561 616 561 617 561 722 555 723 545 722 517 699 513 699 513 698 513 697 513 693 516 689 520 662 520 644 516 625 513 624 513 623 513 622 513 618 516 613 519 494 519 485 515 472 511 471 511 470 511 469 511 453 515 445 517 441 515 431 511 430 511 429 511 429 511 418 515 412 517 404 515 386 511 386 511 385 511 384 511 378 514 374 517 328 517 321 514 301 509 300 509 300 509 268 514 260 515 258 514 252 509 251 509 251 509 216 508 215 508 149 513 135 514 129 513 102 507 101 507 50 513 50 538"/>
                        </Shape>
                        <String CONTENT=""/>
                    </TextLine>

                    <TextLine ID="line_11" HPOS="49" VPOS="549" WIDTH="669" HEIGHT="56" BASELINE="50 583 718 589" TAGREFS="TYPE_1">
                        <Shape>
                            <Polygon POINTS="50 583 49 593 122 598 122 598 123 598 130 595 134 593 139 595 147 599 148 599 149 599 196 596 214 595 220 596 240 602 241 602 242 602 264 597 269 596 269 597 276 602 276 602 277 602 278 603 294 603 294 602 315 598 328 595 375 599 404 600 404 600 428 599 470 597 478 600 488 604 489 604 490 605 526 605 526 604 527 604 527 604 532 600 538 598 582 598 587 601 590 605 591 605 592 605 593 605 717 603 718 589 717 554 682 562 644 562 634 556 633 556 632 556 631 556 605 561 575 554 570 553 569 553 568 553 567 553 566 554 554 562 539 562 523 554 518 552 517 552 497 552 496 552 496 552 495 552 492 554 484 560 453 554 441 552 440 552 439 552 433 555 421 560 340 560 331 555 325 550 324 550 323 550 294 550 293 550 292 550 291 550 286 555 281 558 265 555 241 550 240 550 197 555 177 557 165 555 146 550 145 550 144 550 128 555 114 549 113 549 71 549 70 549 69 549 50 555 50 583"/>
                        </Shape>
                        <String CONTENT=""/>
                    </TextLine>

                    <TextLine ID="line_12" HPOS="49" VPOS="593" WIDTH="674" HEIGHT="54" BASELINE="49 626 723 632" TAGREFS="TYPE_1">
                        <Shape>
                            <Polygon POINTS="49 626 49 636 88 642 89 642 139 638 144 638 152 643 153 643 153 643 154 643 224 640 239 639 242 640 256 644 257 644 257 644 277 641 281 640 282 641 288 644 288 644 289 644 451 646 452 646 453 646 460 643 464 642 468 643 474 646 475 646 476 646 533 644 595 642 722 647 723 632 723 605 700 599 699 599 699 599 698 599 679 605 677 605 614 605 613 604 601 598 600 598 599 598 564 603 559 604 555 603 531 596 530 596 529 596 528 596 511 602 509 603 505 602 487 599 486 599 462 602 453 603 450 602 437 595 436 595 327 594 326 594 325 594 325 594 316 599 305 594 304 594 303 594 302 594 290 599 286 602 245 602 241 599 234 594 233 594 233 594 232 594 231 594 220 599 215 600 196 599 141 593 140 593 116 598 104 599 93 597 73 593 73 593 49 596 49 626"/>
                        </Shape>
                        <String CONTENT=""/>
                    </TextLine>

                    <TextLine ID="line_13" HPOS="52" VPOS="640" WIDTH="671" HEIGHT="50" BASELINE="52 672 723 675" TAGREFS="TYPE_1">
                        <Shape>
                            <Polygon POINTS="52 672 52 686 211 683 269 686 303 688 304 688 305 688 313 686 326 683 330 686 332 688 333 688 334 688 335 689 374 689 374 688 375 688 380 685 388 683 420 685 453 689 454 689 455 689 456 689 460 685 463 684 550 684 563 685 587 689 588 689 654 685 669 684 673 685 691 690 692 690 693 690 723 684 723 675 722 649 678 649 675 648 663 642 662 642 662 642 661 642 649 648 645 649 514 649 504 646 496 644 496 644 495 644 483 646 466 648 445 645 421 642 420 642 399 645 392 646 390 645 386 641 385 641 384 641 383 641 338 644 311 646 303 643 294 641 294 641 293 641 292 641 287 643 278 648 253 648 242 642 238 641 237 641 210 640 209 640 189 642 150 647 125 642 117 640 116 640 116 640 110 641 90 647 52 641 52 672"/>
                        </Shape>
                        <String CONTENT=""/>
                    </TextLine>

                    <TextLine ID="line_14" HPOS="49" VPOS="684" WIDTH="674" HEIGHT="51" BASELINE="50 715 723 718" TAGREFS="TYPE_1">
                        <Shape>
                            <Polygon POINTS="50 715 49 723 122 724 133 729 134 729 134 729 135 729 136 729 141 725 200 729 201 729 245 725 274 733 275 733 276 733 276 733 305 726 368 733 368 733 369 733 380 729 408 733 409 733 410 733 411 733 422 727 499 734 500 735 592 735 592 734 593 734 611 729 650 734 651 734 722 726 723 718 723 691 704 685 703 685 702 685 701 685 680 690 657 685 656 685 618 690 613 690 609 690 563 685 562 685 561 685 560 685 555 690 553 691 511 691 509 690 499 684 498 684 497 684 451 690 445 690 442 690 426 684 425 684 424 684 392 689 385 690 374 689 336 684 335 684 334 684 323 689 319 690 249 690 246 688 240 684 239 684 239 684 238 684 188 688 169 689 50 687 50 715"/>
                        </Shape>
                        <String CONTENT=""/>
                    </TextLine>

                    <TextLine ID="line_15" HPOS="49" VPOS="724" WIDTH="673" HEIGHT="53" BASELINE="50 758 722 763" TAGREFS="TYPE_1">
                        <Shape>
                            <Polygon POINTS="50 758 49 768 76 773 77 773 121 769 137 767 140 769 146 773 147 773 147 773 214 774 214 774 215 774 227 769 231 768 243 769 293 775 294 775 344 770 345 770 347 770 397 776 398 776 422 770 498 776 499 776 554 770 556 770 600 770 663 770 676 777 677 777 678 777 721 770 722 763 721 732 665 728 664 728 663 728 658 731 649 736 611 731 601 730 601 730 600 730 596 731 582 736 570 731 566 729 565 729 531 727 530 727 529 727 528 727 524 731 515 737 498 737 394 732 393 732 392 732 392 732 386 735 368 730 350 726 349 726 349 726 325 730 301 734 230 734 222 730 212 725 211 725 210 725 184 730 177 731 174 730 160 724 159 724 58 724 57 724 56 724 55 724 50 727 50 758"/>
                        </Shape>
                        <String CONTENT=""/>
                    </TextLine>

                    <TextLine ID="line_16" HPOS="49" VPOS="769" WIDTH="673" HEIGHT="53" BASELINE="49 802 722 807" TAGREFS="TYPE_1">
                        <Shape>
                            <Polygon POINTS="49 802 49 811 72 819 73 819 73 819 119 813 256 813 263 819 264 819 265 819 266 819 267 819 284 814 291 819 292 819 293 819 294 819 340 816 351 820 352 820 353 821 396 821 396 820 397 820 413 814 431 820 432 820 433 820 434 820 435 820 444 814 445 814 476 821 477 821 529 820 530 820 540 815 542 815 602 821 603 821 630 816 639 822 640 822 641 822 642 822 721 816 722 807 722 781 675 772 674 772 601 778 587 779 546 777 541 777 533 771 533 771 532 771 531 771 530 771 514 776 509 779 475 779 471 776 464 771 463 771 462 771 461 771 460 771 447 776 439 778 419 778 414 775 405 770 404 770 404 770 403 770 391 775 381 778 319 778 306 773 296 770 295 770 277 770 276 770 276 770 275 770 270 772 263 776 244 772 237 770 236 770 229 771 205 776 190 770 184 769 183 769 49 769 49 802"/>
                        </Shape>
                        <String CONTENT=""/>
                    </TextLine>

                    <TextLine ID="line_17" HPOS="49" VPOS="811" WIDTH="672" HEIGHT="53" BASELINE="49 844 721 850" TAGREFS="TYPE_1">
                        <Shape>
                            <Polygon POINTS="49 844 49 856 241 862 242 862 336 858 362 857 373 858 399 862 400 862 420 859 429 857 431 859 436 863 437 863 438 863 439 863 467 859 470 859 471 859 477 864 478 864 478 864 479 864 533 860 546 859 639 859 641 861 645 864 646 864 647 864 648 864 720 861 721 850 721 822 699 816 699 816 698 816 697 816 696 816 689 821 684 825 627 825 621 821 617 818 616 818 615 818 614 818 613 818 604 821 598 823 595 821 590 816 589 816 588 816 519 814 518 814 517 814 501 820 492 824 441 824 428 819 412 815 411 815 411 815 410 815 395 819 385 823 346 823 340 819 339 818 338 818 337 818 337 818 322 819 292 821 285 819 271 813 270 813 227 812 226 812 226 812 213 818 211 819 209 818 194 812 193 812 159 812 159 812 158 812 157 812 148 817 135 811 134 811 134 811 102 817 89 819 79 817 64 813 63 813 62 813 61 813 49 816 49 844"/>
                        </Shape>
                        <String CONTENT=""/>
                    </TextLine>

                    <TextLine ID="line_18" HPOS="49" VPOS="857" WIDTH="670" HEIGHT="51" BASELINE="49 889 719 893" TAGREFS="TYPE_1">
                        <Shape>
                            <Polygon POINTS="49 889 49 900 312 899 331 901 381 906 382 906 412 901 418 900 422 901 430 904 431 904 432 904 468 902 477 907 478 907 478 907 479 908 523 908 523 907 524 907 525 907 532 903 584 908 585 908 718 901 719 893 718 868 631 861 630 861 582 867 570 867 461 867 459 866 431 859 430 859 356 865 353 865 352 865 343 859 343 859 342 859 316 858 279 858 278 858 277 858 276 858 269 864 269 865 214 865 214 864 202 858 201 858 200 858 166 863 155 857 154 857 106 857 105 857 104 857 88 863 87 863 86 863 59 858 58 858 57 858 49 862 49 889"/>
                        </Shape>
                        <String CONTENT=""/>
                    </TextLine>

                    <TextLine ID="line_19" HPOS="48" VPOS="898" WIDTH="671" HEIGHT="50" BASELINE="49 933 719 937" TAGREFS="TYPE_1">
                        <Shape>
                            <Polygon POINTS="48 943 55 947 55 947 56 947 57 947 165 944 182 948 183 948 184 948 718 947 719 937 717 908 686 910 672 907 650 902 649 902 648 902 647 902 640 906 636 910 585 910 563 905 539 901 539 901 509 904 477 909 461 904 449 900 448 900 447 900 447 900 446 900 441 904 435 908 404 904 393 902 392 902 392 902 389 903 379 909 342 909 322 902 312 899 311 899 267 899 266 899 265 899 257 901 242 905 232 901 227 899 226 899 182 898 181 898 180 898 176 900 163 907 138 907 132 902 131 902 130 902 129 902 59 904 50 898 49 933 48 943"/>
                        </Shape>
                        <String CONTENT=""/>
                    </TextLine>

                    <TextLine ID="line_20" HPOS="49" VPOS="942" WIDTH="672" HEIGHT="54" BASELINE="49 977 721 981" TAGREFS="TYPE_1">
                        <Shape>
                            <Polygon POINTS="49 977 49 985 73 991 73 991 114 986 124 985 135 986 184 992 184 992 206 988 261 992 262 992 287 988 297 986 308 988 337 993 337 993 338 993 353 989 355 988 357 989 368 991 368 991 369 991 398 989 420 987 454 990 509 993 509 993 510 993 523 990 532 988 591 988 598 990 613 995 613 995 614 996 666 996 666 995 667 995 674 991 679 989 690 991 705 995 705 995 720 991 721 981 721 946 701 946 700 946 699 946 699 946 688 954 588 954 573 949 572 949 571 949 524 953 510 947 506 945 505 945 504 945 478 947 422 952 404 947 391 944 390 944 343 944 343 944 342 944 331 947 320 952 314 948 314 947 313 947 312 947 312 947 306 948 284 951 280 948 273 943 272 943 271 943 182 942 181 942 180 942 179 942 169 949 166 950 133 950 132 949 121 942 120 942 119 942 118 942 49 949 49 977"/>
                        </Shape>
                        <String CONTENT=""/>
                    </TextLine>

                    <TextLine ID="line_21" HPOS="47" VPOS="987" WIDTH="676" HEIGHT="53" BASELINE="48 1021 723 1025" TAGREFS="TYPE_1">
                        <Shape>
                            <Polygon POINTS="48 1021 47 1033 107 1037 108 1037 141 1033 157 1032 167 1033 190 1038 190 1038 281 1034 317 1033 325 1034 348 1039 453 1039 454 1039 563 1035 587 1034 594 1035 626 1040 627 1040 722 1035 723 1025 723 999 706 990 705 990 705 990 704 990 677 998 676 998 675 998 656 993 656 993 655 993 654 993 644 997 643 999 590 999 586 996 580 994 579 994 578 994 558 996 547 997 545 996 537 990 536 990 535 990 534 990 500 996 486 997 476 995 455 989 454 989 453 989 392 993 349 996 295 991 278 990 277 990 263 991 233 993 228 990 225 988 224 988 223 988 222 988 205 990 173 995 147 989 135 987 134 987 134 987 127 989 111 993 102 989 99 987 98 987 98 987 48 987 48 1021"/>
                        </Shape>
                        <String CONTENT=""/>
                    </TextLine>

                    <TextLine ID="line_22" HPOS="49" VPOS="1032" WIDTH="673" HEIGHT="51" BASELINE="49 1064 722 1067" TAGREFS="TYPE_1">
                        <Shape>
                            <Polygon POINTS="49 1064 49 1073 93 1081 94 1081 133 1076 153 1081 154 1081 155 1081 180 1075 233 1081 233 1081 234 1081 256 1075 302 1075 340 1082 341 1082 378 1076 455 1076 498 1082 499 1082 539 1076 572 1082 573 1083 680 1083 680 1082 721 1076 722 1067 722 1041 640 1041 639 1040 625 1033 625 1033 603 1033 602 1033 601 1033 601 1033 592 1040 591 1041 547 1041 545 1039 533 1035 532 1035 531 1035 530 1035 514 1039 509 1040 418 1040 411 1039 368 1033 367 1033 294 1036 267 1032 266 1032 240 1033 239 1033 239 1033 233 1038 232 1039 228 1038 211 1032 210 1032 209 1032 49 1036 49 1064"/>
                        </Shape>
                        <String CONTENT=""/>
                    </TextLine>

                    <TextLine ID="line_23" HPOS="49" VPOS="1078" WIDTH="674" HEIGHT="50" BASELINE="50 1107 723 1112" TAGREFS="TYPE_1">
                        <Shape>
                            <Polygon POINTS="617 1110 608 1110 600 1110 591 1110 582 1110 574 1110 565 1108 557 1108 548 1108 539 1108 531 1108 522 1108 514 1108 505 1108 496 1108 488 1108 479 1108 471 1108 462 1108 453 1108 445 1108 436 1108 428 1108 419 1108 411 1108 402 1108 393 1108 385 1108 376 1108 368 1108 359 1108 350 1108 342 1108 333 1108 325 1108 316 1108 307 1108 306 1099 272 1080 271 1080 270 1080 269 1080 209 1082 208 1082 208 1082 202 1086 183 1079 182 1079 181 1079 153 1085 146 1079 145 1079 144 1079 143 1079 105 1082 50 1078 50 1107 49 1117 99 1118 111 1125 112 1125 113 1125 144 1118 160 1125 161 1125 201 1125 202 1125 303 1119 325 1126 326 1126 327 1126 487 1121 503 1127 504 1127 505 1127 566 1123 588 1128 588 1128 589 1128 619 1123 657 1128 658 1128 659 1128 678 1122 723 1122 723 1112 723 1082 628 1089 627 1089 626 1089 620 1094 617 1110"/>
                        </Shape>
                        <String CONTENT=""/>
                    </TextLine>

                    <TextLine ID="line_24" HPOS="49" VPOS="1120" WIDTH="674" HEIGHT="52" BASELINE="49 1150 723 1155" TAGREFS="TYPE_1">
                        <Shape>
                            <Polygon POINTS="49 1150 49 1165 133 1167 134 1167 134 1167 135 1167 138 1165 143 1162 177 1165 207 1167 208 1167 224 1165 243 1162 251 1165 259 1168 260 1168 261 1168 277 1165 283 1164 294 1165 323 1168 324 1168 325 1168 325 1168 330 1165 331 1164 331 1165 338 1169 339 1169 340 1169 341 1170 373 1170 373 1169 374 1169 382 1165 386 1163 396 1165 419 1169 420 1169 421 1169 422 1169 428 1165 430 1163 440 1165 454 1167 455 1167 505 1165 523 1164 527 1165 545 1170 546 1170 546 1170 547 1170 548 1170 557 1165 558 1164 577 1164 579 1165 584 1168 585 1168 586 1168 587 1168 619 1165 627 1171 628 1171 629 1171 630 1172 661 1172 661 1171 662 1171 662 1171 672 1165 723 1165 723 1155 723 1129 704 1124 703 1124 702 1124 630 1128 593 1130 544 1129 541 1127 535 1123 534 1123 533 1123 533 1123 532 1123 516 1127 508 1129 473 1126 440 1125 439 1125 388 1126 322 1128 317 1125 308 1121 307 1121 259 1121 258 1121 257 1121 250 1125 245 1127 237 1125 223 1121 222 1121 221 1121 220 1121 207 1125 197 1127 187 1125 172 1120 171 1120 171 1120 132 1124 124 1125 120 1124 103 1120 102 1120 101 1120 92 1124 84 1126 74 1124 62 1120 61 1120 61 1120 60 1120 49 1123 49 1150"/>
                        </Shape>
                        <String CONTENT=""/>
                    </TextLine>

                    <TextLine ID="line_25" HPOS="51" VPOS="1161" WIDTH="673" HEIGHT="55" BASELINE="51 1196 724 1199" TAGREFS="TYPE_1">
                        <Shape>
                            <Polygon POINTS="51 1196 51 1212 106 1205 116 1212 116 1213 117 1213 118 1213 119 1214 135 1214 135 1213 136 1213 137 1213 138 1212 149 1205 194 1205 211 1211 219 1214 220 1214 220 1214 221 1214 233 1211 252 1206 279 1210 297 1214 298 1214 313 1210 333 1206 349 1210 362 1214 363 1214 364 1214 400 1210 469 1215 470 1215 496 1210 507 1207 552 1207 555 1209 558 1211 559 1211 560 1211 638 1216 639 1216 640 1216 652 1210 684 1216 685 1216 686 1216 701 1208 723 1208 724 1199 724 1173 704 1165 703 1165 675 1165 674 1165 674 1165 673 1165 663 1172 662 1174 604 1174 601 1171 595 1167 594 1167 593 1167 592 1167 571 1171 559 1173 540 1170 516 1167 515 1167 493 1169 470 1172 460 1168 447 1164 446 1164 445 1164 444 1164 432 1168 420 1173 391 1173 368 1167 350 1163 349 1163 349 1163 337 1167 318 1171 292 1166 280 1163 279 1163 278 1163 271 1165 261 1167 245 1165 237 1163 236 1163 235 1163 230 1164 208 1170 188 1163 184 1162 183 1162 182 1162 181 1162 178 1163 164 1169 153 1163 152 1163 151 1163 150 1163 135 1170 51 1161 51 1196"/>
                        </Shape>
                        <String CONTENT=""/>
                    </TextLine>

                    <TextLine ID="line_26" HPOS="51" VPOS="1205" WIDTH="674" HEIGHT="54" BASELINE="52 1237 725 1242" TAGREFS="TYPE_1">
                        <Shape>
                            <Polygon POINTS="52 1237 51 1247 77 1255 78 1255 79 1255 114 1249 185 1256 186 1256 187 1256 188 1256 199 1249 229 1254 230 1254 271 1250 302 1257 303 1257 374 1252 388 1258 389 1258 390 1259 482 1259 482 1258 483 1258 484 1258 495 1251 514 1259 515 1259 515 1259 576 1259 576 1259 576 1259 577 1259 588 1252 723 1252 725 1242 725 1216 665 1216 664 1215 656 1210 656 1210 655 1210 654 1210 615 1214 607 1209 606 1209 605 1209 604 1209 518 1213 497 1208 496 1208 496 1208 495 1208 484 1213 484 1214 438 1214 435 1213 392 1207 392 1207 294 1212 281 1212 277 1212 251 1206 251 1206 215 1211 214 1211 213 1211 207 1206 206 1206 205 1206 168 1205 167 1205 166 1205 146 1210 145 1210 117 1205 116 1205 116 1205 106 1210 52 1210 52 1237"/>
                        </Shape>
                        <String CONTENT=""/>
                    </TextLine>

                    <TextLine ID="line_27" HPOS="49" VPOS="1248" WIDTH="675" HEIGHT="66" BASELINE="49 1281 420 1287 724 1285" TAGREFS="TYPE_1">
                        <Shape>
                            <Polygon POINTS="49 1281 49 1304 61 1301 72 1304 79 1308 80 1308 81 1308 82 1308 92 1304 103 1301 134 1301 141 1304 153 1310 154 1310 155 1311 235 1311 235 1310 236 1310 249 1304 256 1302 306 1302 314 1304 334 1311 335 1311 336 1311 337 1311 361 1304 369 1302 375 1304 393 1312 394 1312 395 1313 429 1313 429 1312 430 1312 446 1304 449 1303 491 1303 516 1304 527 1313 528 1313 529 1313 530 1313 576 1306 607 1314 608 1314 609 1314 666 1314 666 1314 667 1314 668 1314 674 1308 723 1304 724 1285 724 1259 715 1253 714 1253 713 1253 689 1253 688 1253 592 1259 581 1252 580 1252 579 1252 578 1252 577 1252 551 1259 499 1253 498 1253 471 1258 449 1251 448 1251 447 1251 447 1251 427 1258 426 1259 384 1259 382 1258 370 1250 369 1250 368 1250 368 1250 297 1257 293 1257 291 1257 261 1249 260 1249 259 1249 220 1254 214 1249 213 1249 212 1249 188 1249 187 1249 186 1249 167 1256 165 1256 163 1256 133 1249 132 1249 131 1249 108 1255 98 1248 97 1248 96 1248 95 1248 94 1248 76 1255 74 1255 49 1255 49 1281"/>
                        </Shape>
                        <String CONTENT=""/>
                    </TextLine>
</TextBlock>
            </PrintSpace>
        </Page>
    </Layout>
</alto>