<?xml version="1.0" encoding="UTF-8"?>
<alto xmlns:xsi="http://www.w3.org/2001/XMLSchema-instance"
    xmlns="http://www.loc.gov/standards/alto/ns-v4#"
    xsi:schemaLocation="http://www.loc.gov/standards/alto/ns-v4# http://www.loc.gov/standards/alto/v4/alto-4-3.xsd">
    <Description>
        <MeasurementUnit>pixel</MeasurementUnit>
        <sourceImageInformation>
            <fileName>952806.jpg</fileName>
        </sourceImageInformation>
        <Processing ID="OCR_0">
            <processingCategory>other</processingCategory>
            <processingStepDescription>unknown</processingStepDescription>
            <processingSoftware>
                <softwareName>kraken</softwareName>
                <softwareVersion>4.3.13</softwareVersion>
            </processingSoftware>
        </Processing>
    </Description>
    <Tags>
        <OtherTag ID="TYPE_1" LABEL="DefaultLine"/>
        <OtherTag ID="TYPE_2" LABEL="TableZone-Continued"/>
        <OtherTag ID="TYPE_3" LABEL="MainZone-Sp-Continued"/>
        <OtherTag ID="TYPE_4" LABEL="GraphicZone-Decoration"/>
        <OtherTag ID="TYPE_5" LABEL="TitlePageZone-Index"/>
        <OtherTag ID="TYPE_6" LABEL="FigureZone"/>
        <OtherTag ID="TYPE_7" LABEL="MainZone-Head"/>
        <OtherTag ID="TYPE_8" LABEL="DigitizationArtefactZone"/>
        <OtherTag ID="TYPE_9" LABEL="MainZone-List-Continued"/>
        <OtherTag ID="TYPE_10" LABEL="StampZone-Sticker"/>
        <OtherTag ID="TYPE_11" LABEL="GraphicZone-Head"/>
        <OtherTag ID="TYPE_12" LABEL="NumberingZone"/>
        <OtherTag ID="TYPE_13" LABEL="MarginTextZone-Notes-Continued"/>
        <OtherTag ID="TYPE_14" LABEL="GraphicZone-FigDesc"/>
        <OtherTag ID="TYPE_15" LABEL="MarginTextZone-Notes"/>
        <OtherTag ID="TYPE_16" LABEL="MainZone-Other"/>
        <OtherTag ID="TYPE_17" LABEL="TableZone-Head"/>
        <OtherTag ID="TYPE_18" LABEL="GraphicZone"/>
        <OtherTag ID="TYPE_19" LABEL="MainZone-Entry"/>
        <OtherTag ID="TYPE_20" LABEL="MainZone-Form"/>
        <OtherTag ID="TYPE_21" LABEL="RunningTitleZone"/>
        <OtherTag ID="TYPE_22" LABEL="MainZone-Lg"/>
        <OtherTag ID="TYPE_23" LABEL="MainZone-Entry-Continued"/>
        <OtherTag ID="TYPE_24" LABEL="MainZone-Signature"/>
        <OtherTag ID="TYPE_25" LABEL="DropCapitalZone"/>
        <OtherTag ID="TYPE_26" LABEL="AdvertisementZone"/>
        <OtherTag ID="TYPE_27" LABEL="TitlePageZone"/>
        <OtherTag ID="TYPE_28" LABEL="GraphicZone-TextualContent"/>
        <OtherTag ID="TYPE_29" LABEL="QuireMarksZone"/>
        <OtherTag ID="TYPE_30" LABEL="MainZone-Date"/>
        <OtherTag ID="TYPE_31" LABEL="TableZone"/>
        <OtherTag ID="TYPE_32" LABEL="FigureZone-Head"/>
        <OtherTag ID="TYPE_33" LABEL="StampZone"/>
        <OtherTag ID="TYPE_34" LABEL="MainZone-Lg-Continued"/>
        <OtherTag ID="TYPE_35" LABEL="GraphicZone-Part"/>
        <OtherTag ID="TYPE_36" LABEL="MainZone-P-Continued"/>
        <OtherTag ID="TYPE_37" LABEL="MainZone-Sp"/>
        <OtherTag ID="TYPE_38" LABEL="GraphicZone-Maths"/>
        <OtherTag ID="TYPE_39" LABEL="MarginTextZone-ManuscriptAddendum"/>
        <OtherTag ID="TYPE_40" LABEL="MainZone-P"/>
        <OtherTag ID="TYPE_41" LABEL="FigureZone-FigDesc"/>
        <OtherTag ID="TYPE_42" LABEL="MainZone-List"/>
    </Tags>
    <Layout>
        <Page WIDTH="1000" HEIGHT="1490" PHYSICAL_IMG_NR="0" ID="page_0">
            <PrintSpace HPOS="0" VPOS="0" WIDTH="1000" HEIGHT="1490">
                <TextBlock ID="block_1" HPOS="358" VPOS="122" WIDTH="452" HEIGHT="48" TAGREFS="TYPE_21">
                    <Shape>
                        <Polygon POINTS="358.0237731933594 122.4671859741211 810.0291137695312 122.4671859741211 810.0291137695312 170.37416076660156 358.0237731933594 170.37416076660156 358.0237731933594 122.4671859741211"/>
                    </Shape>
                    <TextLine ID="line_0" HPOS="291" VPOS="137" WIDTH="516" HEIGHT="35" BASELINE="292 150 807 158" TAGREFS="TYPE_1">
                        <Shape>
                            <Polygon POINTS="747 149 739 149 730 149 722 149 714 149 706 149 697 149 689 149 681 149 673 149 664 149 656 149 648 149 639 149 631 149 623 149 615 149 606 149 598 149 590 149 581 149 573 149 565 149 557 149 548 149 540 149 532 149 524 149 515 149 507 149 499 149 490 149 482 149 474 149 466 149 457 149 449 149 441 149 432 149 424 149 416 149 408 149 399 149 391 149 383 149 375 149 366 149 358 149 350 149 341 149 333 149 325 149 317 149 308 149 300 149 292 149 292 150 291 163 342 159 387 166 395 167 474 168 475 168 478 167 497 163 515 168 519 168 519 168 520 168 525 168 548 163 566 167 567 167 567 167 620 165 625 169 626 170 627 170 628 170 629 170 642 169 687 165 701 170 706 172 706 172 707 172 807 171 807 158 807 138 752 137 751 137 750 137 750 137 749 139 747 139 747 149"/>
                        </Shape>
                        <String CONTENT=""/>
                    </TextLine>
</TextBlock>
                <TextBlock ID="block_3" HPOS="303" VPOS="180" WIDTH="602" HEIGHT="195" TAGREFS="TYPE_36">
                    <Shape>
                        <Polygon POINTS="303.64031982421875 180.7246856689453 905.3621215820312 180.7246856689453 905.3621215820312 375.6017150878906 303.64031982421875 375.6017150878906 303.64031982421875 180.7246856689453"/>
                    </Shape>
                    <TextLine ID="line_1" HPOS="307" VPOS="169" WIDTH="596" HEIGHT="61" BASELINE="307 205 903 216" TAGREFS="TYPE_1">
                        <Shape>
                            <Polygon POINTS="307 205 307 212 350 220 350 220 647 220 687 220 695 226 696 226 697 226 794 228 795 228 796 228 797 228 803 223 860 230 861 230 894 230 894 230 894 230 895 230 902 224 903 216 903 188 861 178 860 178 824 186 819 187 706 185 697 182 666 175 665 175 664 175 644 180 634 176 634 176 633 176 632 176 622 181 620 182 618 180 608 175 607 175 606 175 605 175 596 180 595 180 593 180 565 173 564 173 511 173 510 173 509 173 494 177 483 180 477 177 468 171 467 171 466 171 466 171 417 173 416 173 412 175 405 178 391 174 374 169 373 169 372 169 371 169 359 173 349 177 307 173 307 205"/>
                        </Shape>
                        <String CONTENT=""/>
                    </TextLine>

                    <TextLine ID="line_2" HPOS="306" VPOS="214" WIDTH="596" HEIGHT="55" BASELINE="306 245 902 255" TAGREFS="TYPE_1">
                        <Shape>
                            <Polygon POINTS="306 245 306 259 323 254 350 259 355 260 355 260 360 259 394 254 408 259 409 259 410 259 411 259 421 256 426 261 427 261 427 261 428 261 432 261 480 256 490 262 491 263 492 263 493 263 494 263 500 262 522 259 567 264 572 264 573 264 574 264 575 264 580 259 584 263 585 263 586 263 586 263 587 263 605 259 633 264 639 265 639 265 644 264 668 259 683 264 684 264 685 264 736 261 759 267 764 268 764 268 765 268 772 267 794 263 817 268 822 269 823 269 901 269 902 255 902 231 831 230 830 230 808 222 807 222 807 222 757 228 755 228 754 228 726 222 725 222 725 222 712 226 671 221 670 221 669 221 668 221 663 225 647 220 646 220 645 220 644 220 629 225 627 226 625 225 610 221 609 221 608 221 607 221 595 225 593 225 591 225 579 221 578 221 577 221 550 224 544 225 543 224 536 218 536 217 535 217 534 217 447 216 447 216 446 216 445 216 439 221 426 216 425 216 424 216 423 216 423 216 423 217 417 221 416 223 398 223 394 221 376 216 375 216 375 216 374 216 365 221 364 221 342 221 341 221 335 215 335 214 334 214 333 214 318 214 317 214 317 214 306 218 306 245"/>
                        </Shape>
                        <String CONTENT=""/>
                    </TextLine>

                    <TextLine ID="line_3" HPOS="305" VPOS="250" WIDTH="595" HEIGHT="57" BASELINE="306 283 480 285 900 296" TAGREFS="TYPE_1">
                        <Shape>
                            <Polygon POINTS="306 283 305 292 899 307 900 296 900 270 876 264 875 264 875 264 836 269 835 269 834 269 825 262 824 262 823 262 822 262 822 262 805 269 804 269 766 268 752 268 745 261 745 260 744 260 743 260 723 259 722 259 721 259 701 265 680 259 679 259 678 259 639 264 625 258 625 258 624 258 623 258 609 262 578 258 577 258 576 258 564 263 546 258 545 258 544 258 512 262 511 262 510 262 474 254 473 254 472 254 447 260 376 254 375 254 343 258 328 250 327 250 326 250 326 250 306 257 306 283"/>
                        </Shape>
                        <String CONTENT=""/>
                    </TextLine>

                    <TextLine ID="line_4" HPOS="304" VPOS="307" WIDTH="596" HEIGHT="42" BASELINE="305 322 900 335" TAGREFS="TYPE_1">
                        <Shape>
                            <Polygon POINTS="744 315 735 315 727 315 719 315 711 315 702 315 694 315 686 315 677 315 669 315 661 315 653 315 644 315 636 315 628 315 620 315 611 315 603 315 595 315 592 315 586 315 578 315 570 315 566 315 562 315 553 315 545 315 537 315 528 315 520 315 512 315 504 315 495 315 487 315 479 315 471 315 462 315 454 315 446 315 437 315 429 315 421 315 413 315 404 315 396 315 388 315 379 315 371 315 363 315 355 315 346 315 338 315 330 315 322 315 313 315 306 315 305 322 304 332 414 333 417 336 420 339 421 339 422 339 423 339 436 336 444 335 456 336 478 341 479 341 504 338 521 336 524 339 528 341 528 342 528 342 529 342 569 344 570 344 627 341 647 341 649 342 653 346 653 346 654 346 681 346 682 346 682 346 683 346 687 343 692 341 706 341 713 344 716 345 716 345 717 345 735 344 776 342 783 346 790 349 791 349 792 349 899 348 900 335 900 312 819 309 818 309 817 309 817 309 813 312 812 313 810 312 807 309 806 309 805 309 746 307 744 315"/>
                        </Shape>
                        <String CONTENT=""/>
                    </TextLine>

                    <TextLine ID="line_5" HPOS="308" VPOS="330" WIDTH="211" HEIGHT="47" BASELINE="309 360 519 365" TAGREFS="TYPE_1">
                        <Shape>
                            <Polygon POINTS="309 360 308 369 350 376 351 376 352 376 368 371 370 371 370 371 392 377 393 377 394 377 394 377 411 373 415 372 518 376 519 365 519 341 506 341 506 341 499 334 499 333 498 333 497 333 496 333 495 333 495 333 488 339 463 332 462 332 461 332 424 338 417 339 410 337 394 333 393 333 392 333 357 336 356 336 343 330 342 330 341 330 309 334 309 360"/>
                        </Shape>
                        <String CONTENT=""/>
                    </TextLine>
</TextBlock>
                <TextBlock ID="block_4" HPOS="297" VPOS="380" WIDTH="604" HEIGHT="275" TAGREFS="TYPE_40">
                    <Shape>
                        <Polygon POINTS="297.63238525390625 380.6534729003906 901.2245483398438 380.6534729003906 901.2245483398438 655.5142211914062 297.63238525390625 655.5142211914062 297.63238525390625 380.6534729003906"/>
                    </Shape>
                    <TextLine ID="line_6" HPOS="344" VPOS="373" WIDTH="555" HEIGHT="49" BASELINE="345 402 899 412" TAGREFS="TYPE_1">
                        <Shape>
                            <Polygon POINTS="345 402 344 410 354 414 355 414 355 414 476 413 481 413 483 413 529 419 530 419 582 415 622 421 700 422 701 422 701 422 702 422 710 418 711 417 713 418 733 422 734 422 735 422 899 421 899 412 899 386 854 378 853 378 852 378 833 384 808 377 807 377 752 376 751 376 723 382 718 383 716 382 701 375 701 375 700 375 663 381 658 381 654 380 632 375 631 375 594 379 582 380 566 379 519 374 518 374 517 374 516 374 510 378 509 378 499 373 498 373 497 373 465 377 452 378 345 374 345 402"/>
                        </Shape>
                        <String CONTENT=""/>
                    </TextLine>

                    <TextLine ID="line_7" HPOS="300" VPOS="410" WIDTH="598" HEIGHT="56" BASELINE="301 440 898 451" TAGREFS="TYPE_1">
                        <Shape>
                            <Polygon POINTS="301 440 300 448 346 456 346 456 373 451 399 455 400 455 437 452 444 457 445 457 446 457 447 457 490 453 513 459 514 459 573 460 574 460 575 460 596 455 610 461 611 461 612 461 673 457 683 462 684 462 685 462 849 460 856 466 857 466 858 466 859 466 897 460 898 451 896 423 856 427 848 422 843 419 842 419 841 419 841 419 818 422 802 424 796 422 786 418 785 418 784 418 783 418 774 422 767 424 760 422 749 418 748 418 747 418 729 422 715 424 706 421 695 417 694 417 693 417 692 417 692 417 685 421 680 423 599 423 590 420 572 414 571 414 570 414 569 414 557 420 553 422 530 422 528 419 522 415 521 415 520 415 519 415 519 415 508 419 504 420 502 419 485 413 484 413 483 413 458 418 446 412 445 412 385 410 384 410 353 418 351 418 301 418 301 440"/>
                        </Shape>
                        <String CONTENT=""/>
                    </TextLine>

                    <TextLine ID="line_8" HPOS="299" VPOS="450" WIDTH="599" HEIGHT="54" BASELINE="300 480 898 491" TAGREFS="TYPE_1">
                        <Shape>
                            <Polygon POINTS="300 480 299 490 326 493 326 493 327 493 331 491 337 489 354 491 371 495 372 495 403 492 427 490 444 493 471 497 471 497 499 494 511 492 514 494 519 498 519 498 520 498 521 498 542 495 550 493 562 495 600 499 600 499 633 495 641 495 644 495 657 500 658 500 731 502 732 502 765 497 769 497 769 497 782 503 783 503 783 503 784 503 803 498 804 498 806 498 855 504 856 504 897 499 898 491 897 466 870 466 863 464 847 458 846 458 846 458 773 462 732 464 727 461 724 458 723 458 722 458 721 458 721 458 715 461 706 463 661 459 649 458 648 458 639 458 599 461 585 457 581 456 580 456 579 456 552 456 503 457 489 455 471 451 470 451 469 451 460 454 455 455 428 453 389 450 389 450 379 451 355 456 300 450 300 480"/>
                        </Shape>
                        <String CONTENT=""/>
                    </TextLine>

                    <TextLine ID="line_9" HPOS="298" VPOS="489" WIDTH="599" HEIGHT="55" BASELINE="298 519 897 530" TAGREFS="TYPE_1">
                        <Shape>
                            <Polygon POINTS="298 519 298 528 308 534 309 534 310 534 467 533 512 538 513 538 552 534 564 539 565 539 566 539 603 536 610 540 610 540 611 540 612 540 640 537 725 543 726 543 759 538 768 543 769 543 769 543 770 543 797 539 811 544 812 544 812 544 896 540 897 530 896 501 853 506 826 500 818 499 817 499 817 499 816 499 814 500 808 505 783 505 739 499 702 495 701 495 701 495 692 499 682 503 671 499 659 495 658 495 625 494 624 494 623 494 622 494 616 499 615 499 611 499 591 493 591 493 590 493 565 498 560 499 519 499 518 498 504 491 503 491 502 491 475 497 468 499 466 497 455 490 454 490 453 490 452 490 451 490 429 497 426 498 424 497 415 490 414 490 413 490 382 489 355 489 355 489 354 489 353 489 342 496 341 496 298 496 298 519"/>
                        </Shape>
                        <String CONTENT=""/>
                    </TextLine>

                    <TextLine ID="line_10" HPOS="298" VPOS="543" WIDTH="597" HEIGHT="39" BASELINE="299 557 895 569" TAGREFS="TYPE_1">
                        <Shape>
                            <Polygon POINTS="738 548 736 547 730 548 723 545 721 545 713 545 705 545 697 545 688 545 683 545 669 547 659 545 655 545 647 545 639 545 630 545 622 545 619 545 615 546 612 545 605 545 597 545 589 545 581 545 572 545 564 545 562 545 556 545 548 545 539 545 531 545 523 545 514 545 506 545 498 545 490 545 481 545 473 545 465 545 456 545 448 545 440 545 432 545 423 545 415 545 407 545 399 545 390 545 382 545 374 545 365 545 357 545 349 545 341 545 332 545 324 545 316 545 307 545 299 545 299 557 298 567 894 582 895 569 895 545 860 544 859 544 858 544 857 544 853 548 838 544 835 543 834 543 833 543 832 543 831 543 831 544 826 548 820 544 820 543 819 543 818 543 817 543 817 543 815 544 807 547 800 544 797 543 796 543 795 543 780 543 738 547 738 548"/>
                        </Shape>
                        <String CONTENT=""/>
                    </TextLine>

                    <TextLine ID="line_11" HPOS="295" VPOS="567" WIDTH="598" HEIGHT="57" BASELINE="296 597 893 609" TAGREFS="TYPE_1">
                        <Shape>
                            <Polygon POINTS="296 597 295 606 367 609 382 615 383 615 384 615 493 611 505 611 506 612 512 617 512 618 513 618 514 618 514 618 579 614 590 613 591 614 600 620 600 620 601 620 602 620 695 616 721 615 725 617 737 622 738 622 739 622 740 622 754 618 769 623 770 623 771 623 815 619 829 618 835 620 850 624 850 624 851 624 892 620 893 609 893 581 872 577 871 577 870 577 862 580 851 583 800 579 749 575 748 575 747 575 746 575 742 578 738 581 722 581 705 577 679 573 678 573 597 576 562 577 560 576 553 571 552 571 552 571 531 571 530 571 529 571 528 571 522 575 519 576 467 576 457 574 423 568 423 568 399 573 381 567 380 567 379 567 379 567 359 573 356 573 353 573 319 567 318 567 296 571 296 597"/>
                        </Shape>
                        <String CONTENT=""/>
                    </TextLine>

                    <TextLine ID="line_12" HPOS="298" VPOS="606" WIDTH="595" HEIGHT="57" BASELINE="298 636 893 648" TAGREFS="TYPE_1">
                        <Shape>
                            <Polygon POINTS="298 636 299 652 314 648 354 653 363 653 364 653 365 653 368 653 381 649 386 653 387 654 388 654 389 654 389 654 427 653 481 652 495 654 511 657 512 657 555 654 594 653 611 655 638 659 639 659 682 656 684 656 685 656 691 660 692 660 692 660 693 660 715 656 722 655 734 656 775 662 776 662 777 662 791 658 832 663 833 663 834 663 847 658 866 663 867 663 868 663 892 658 893 648 893 624 819 616 818 616 782 620 769 621 767 620 759 615 758 615 757 615 756 615 686 617 644 619 633 615 620 612 620 612 619 612 618 612 611 615 606 618 601 615 596 611 596 611 595 611 594 611 581 614 568 617 561 614 554 610 553 610 552 610 523 612 482 615 442 610 424 608 423 608 405 609 352 613 337 607 336 607 298 606 298 636"/>
                        </Shape>
                        <String CONTENT=""/>
                    </TextLine>
</TextBlock>
                <TextBlock ID="block_5" HPOS="288" VPOS="658" WIDTH="605" HEIGHT="231" TAGREFS="TYPE_40">
                    <Shape>
                        <Polygon POINTS="288.303466796875 658.5200805664062 893.290771484375 658.5200805664062 893.290771484375 889.729248046875 288.303466796875 889.729248046875 288.303466796875 658.5200805664062"/>
                    </Shape>
                    <TextLine ID="line_13" HPOS="334" VPOS="647" WIDTH="557" HEIGHT="55" BASELINE="335 677 891 687" TAGREFS="TYPE_1">
                        <Shape>
                            <Polygon POINTS="335 677 334 686 367 687 380 694 381 694 382 694 419 691 439 695 440 695 472 689 493 696 494 696 495 696 495 696 514 690 521 696 522 696 523 696 524 696 600 692 612 696 613 696 614 696 646 692 658 699 659 699 660 700 692 700 692 699 693 699 706 693 720 700 721 700 721 700 749 695 756 700 757 700 758 700 759 700 759 700 772 695 777 699 778 699 778 699 779 699 796 696 805 701 806 701 807 701 845 702 846 702 890 696 891 687 891 663 876 656 875 656 875 656 846 663 845 663 841 663 774 654 773 654 757 658 753 654 753 653 752 653 751 653 750 653 692 658 672 653 671 653 670 653 669 653 668 653 660 658 649 653 648 653 647 653 615 658 606 651 605 651 605 651 604 651 543 657 528 653 527 653 526 653 482 656 464 650 463 650 462 650 461 650 442 655 416 651 415 651 397 654 369 647 368 647 348 647 347 647 346 647 335 653 335 677"/>
                        </Shape>
                        <String CONTENT=""/>
                    </TextLine>

                    <TextLine ID="line_14" HPOS="293" VPOS="685" WIDTH="598" HEIGHT="57" BASELINE="294 716 891 726" TAGREFS="TYPE_1">
                        <Shape>
                            <Polygon POINTS="294 716 293 725 350 731 350 731 351 731 363 727 387 734 388 734 389 734 601 731 615 738 615 738 616 738 617 738 639 732 662 739 663 739 663 739 776 735 798 741 799 741 800 741 844 735 863 742 864 742 865 742 890 735 891 726 891 697 857 695 856 695 855 695 855 695 853 696 845 701 774 695 773 695 772 695 771 695 763 700 748 694 744 692 743 692 742 692 741 692 737 694 721 699 701 693 697 692 696 692 695 692 694 692 693 692 692 693 684 699 661 699 620 692 610 690 609 690 608 690 605 691 590 696 574 691 570 689 569 689 568 689 561 690 528 696 512 689 509 688 509 688 508 688 507 688 504 689 482 695 443 695 433 687 432 687 432 687 431 687 430 687 429 687 427 687 408 694 386 694 376 687 375 687 375 687 374 687 343 692 335 687 334 687 333 687 332 687 331 687 326 690 321 685 320 685 319 685 294 685 294 716"/>
                        </Shape>
                        <String CONTENT=""/>
                    </TextLine>

                    <TextLine ID="line_15" HPOS="288" VPOS="735" WIDTH="602" HEIGHT="45" BASELINE="289 754 890 766" TAGREFS="TYPE_1">
                        <Shape>
                            <Polygon POINTS="728 736 720 736 711 736 703 736 696 736 689 740 686 736 678 736 670 736 662 736 653 736 645 736 637 736 593 738 590 738 587 738 574 736 571 736 562 736 554 736 546 736 538 736 529 736 521 736 515 736 514 736 513 736 512 736 504 736 496 736 488 736 480 736 471 736 463 736 455 736 447 736 438 736 430 736 422 736 413 736 405 736 397 736 389 736 380 736 372 736 364 736 355 736 347 736 339 736 331 736 322 736 314 736 306 736 298 736 289 736 289 754 288 767 547 774 548 774 603 772 621 771 633 772 675 777 676 777 711 773 717 773 718 773 725 778 725 778 726 778 727 778 775 774 783 778 784 778 785 778 841 775 846 779 846 780 846 780 847 780 848 780 889 775 890 766 890 744 877 738 876 738 875 738 875 738 874 738 868 742 836 737 835 737 784 741 762 735 761 735 729 735 728 736"/>
                        </Shape>
                        <String CONTENT=""/>
                    </TextLine>

                    <TextLine ID="line_16" HPOS="288" VPOS="765" WIDTH="600" HEIGHT="56" BASELINE="289 793 888 805" TAGREFS="TYPE_1">
                        <Shape>
                            <Polygon POINTS="289 793 288 802 314 811 315 811 316 811 360 805 370 812 370 812 371 812 372 812 424 808 466 814 467 814 468 814 481 807 482 807 492 813 493 813 528 816 528 816 596 811 608 810 627 810 629 812 638 817 639 817 639 817 640 817 641 817 653 812 654 812 715 812 717 813 726 820 727 820 728 820 729 820 776 819 777 819 778 819 783 815 785 814 812 814 815 816 823 821 824 821 825 821 826 821 826 821 839 817 843 815 850 817 867 821 868 821 869 821 887 817 888 805 888 777 846 775 846 775 842 776 822 780 777 774 767 773 766 773 761 774 736 778 668 773 648 771 647 771 640 772 619 776 580 776 568 771 565 769 564 769 563 769 554 770 528 774 467 773 454 769 448 767 447 767 447 767 425 768 381 771 362 767 356 766 355 766 355 766 353 767 346 770 341 767 340 765 339 765 338 765 337 765 289 765 289 793"/>
                        </Shape>
                        <String CONTENT=""/>
                    </TextLine>

                    <TextLine ID="line_17" HPOS="287" VPOS="807" WIDTH="597" HEIGHT="55" BASELINE="288 833 884 846" TAGREFS="TYPE_1">
                        <Shape>
                            <Polygon POINTS="288 833 287 842 325 850 326 850 358 845 361 845 365 845 400 852 401 852 434 849 450 853 451 853 451 853 452 853 467 849 474 847 481 849 498 854 499 854 500 854 500 854 511 850 515 849 550 851 623 857 624 857 649 855 677 852 702 856 708 857 709 857 710 857 711 857 718 853 731 857 738 860 739 860 740 860 759 859 807 855 817 860 817 861 818 861 819 861 882 862 884 846 884 817 780 815 779 815 778 815 778 815 768 821 747 821 737 815 736 815 735 815 735 815 705 818 696 814 692 812 692 812 672 812 671 812 670 812 669 812 668 814 661 818 653 813 649 812 648 812 647 812 637 813 617 817 609 813 604 811 603 811 602 811 583 812 549 817 491 814 489 812 486 809 485 809 485 809 484 809 471 812 470 812 469 812 465 807 464 807 463 807 462 807 461 807 450 812 441 814 422 811 408 809 408 809 407 809 406 809 404 811 400 813 363 813 358 810 351 807 350 807 350 807 349 807 339 810 332 812 288 810 288 833"/>
                        </Shape>
                        <String CONTENT=""/>
                    </TextLine>

                    <TextLine ID="line_18" HPOS="288" VPOS="845" WIDTH="250" HEIGHT="48" BASELINE="288 874 538 879" TAGREFS="TYPE_1">
                        <Shape>
                            <Polygon POINTS="288 874 288 883 337 884 339 885 344 889 345 889 346 889 346 889 396 888 437 886 456 890 467 892 536 893 538 879 538 855 507 850 506 850 468 853 463 853 461 853 447 847 447 847 446 847 417 852 413 852 413 852 401 845 400 845 399 845 399 845 380 851 379 851 373 845 373 845 372 845 371 845 370 845 288 849 288 874"/>
                        </Shape>
                        <String CONTENT=""/>
                    </TextLine>
</TextBlock>
                <TextBlock ID="block_6" HPOS="280" VPOS="889" WIDTH="604" HEIGHT="255" TAGREFS="TYPE_40">
                    <Shape>
                        <Polygon POINTS="280.4984130859375 889.7848510742188 884.9242553710938 889.7848510742188 884.9242553710938 1144.7857666015625 280.4984130859375 1144.7857666015625 280.4984130859375 889.7848510742188"/>
                    </Shape>
                    <TextLine ID="line_19" HPOS="322" VPOS="883" WIDTH="561" HEIGHT="54" BASELINE="323 915 883 923" TAGREFS="TYPE_1">
                        <Shape>
                            <Polygon POINTS="323 915 322 922 547 932 548 932 648 930 734 935 735 935 735 935 751 930 787 936 788 936 788 936 789 936 798 931 826 931 851 935 852 935 853 935 862 932 866 936 866 937 867 937 868 937 869 937 870 937 882 931 883 923 882 897 856 890 855 890 783 895 772 895 767 894 738 889 737 889 712 893 711 893 711 893 704 888 703 888 702 888 701 888 668 893 660 893 653 893 626 887 625 887 584 891 576 892 573 891 563 886 562 886 562 886 561 886 551 891 548 892 545 890 534 885 533 885 533 885 506 889 447 884 446 884 403 888 393 889 390 888 379 883 379 883 378 883 377 883 367 887 360 883 360 883 359 883 358 883 357 883 356 883 350 887 348 889 346 887 341 883 340 883 339 883 338 883 337 883 323 886 323 915"/>
                        </Shape>
                        <String CONTENT=""/>
                    </TextLine>

                    <TextLine ID="line_20" HPOS="286" VPOS="932" WIDTH="598" HEIGHT="46" BASELINE="287 951 884 961" TAGREFS="TYPE_1">
                        <Shape>
                            <Polygon POINTS="725 954 718 937 711 938 707 936 701 936 692 936 684 936 676 936 668 936 657 937 651 936 651 936 643 936 634 936 626 936 618 936 610 936 601 936 593 936 585 936 576 936 568 936 560 936 552 936 543 936 541 936 535 936 527 936 519 936 510 936 502 936 494 936 485 936 477 936 469 936 461 936 452 936 444 936 436 936 427 936 419 936 411 936 403 936 394 936 386 936 378 936 370 936 361 936 353 936 345 936 336 936 328 936 320 936 312 936 303 936 295 936 287 936 287 951 286 967 333 963 379 963 388 969 389 970 390 970 391 970 392 970 393 970 399 969 416 965 422 969 423 970 424 970 425 970 426 970 437 969 461 966 475 970 485 972 485 972 486 972 487 972 497 970 504 968 544 970 637 975 638 975 639 975 639 975 645 970 645 970 646 970 651 975 652 975 653 975 653 975 675 970 684 969 693 970 716 975 716 975 819 971 827 971 828 971 836 978 836 978 837 978 838 978 883 971 884 961 883 934 808 939 789 933 787 932 786 932 785 932 774 933 730 937 725 954"/>
                        </Shape>
                        <String CONTENT=""/>
                    </TextLine>

                    <TextLine ID="line_21" HPOS="282" VPOS="961" WIDTH="598" HEIGHT="56" BASELINE="283 992 880 1001" TAGREFS="TYPE_1">
                        <Shape>
                            <Polygon POINTS="283 992 282 1001 337 1009 338 1009 388 1004 405 1008 406 1008 407 1008 471 1005 479 1011 480 1011 480 1011 501 1012 502 1012 503 1012 504 1012 511 1006 555 1013 556 1014 586 1014 586 1013 587 1013 600 1007 601 1007 604 1007 668 1014 669 1014 698 1010 736 1015 737 1015 738 1015 739 1015 747 1010 770 1016 771 1016 772 1016 806 1012 827 1017 828 1017 829 1017 830 1017 831 1017 840 1012 879 1012 880 1001 880 979 845 978 821 969 820 969 819 969 783 976 757 971 756 971 730 975 702 967 701 967 701 967 700 967 699 967 687 975 631 975 626 970 625 970 625 970 624 970 603 974 586 968 586 968 585 968 584 968 572 971 526 965 525 965 478 970 423 964 422 964 421 964 406 970 386 962 385 962 306 961 305 961 304 961 283 969 283 992"/>
                        </Shape>
                        <String CONTENT=""/>
                    </TextLine>

                    <TextLine ID="line_22" HPOS="279" VPOS="1002" WIDTH="599" HEIGHT="53" BASELINE="280 1031 878 1039" TAGREFS="TYPE_1">
                        <Shape>
                            <Polygon POINTS="280 1031 279 1045 458 1043 466 1047 471 1049 471 1049 472 1049 483 1047 495 1044 500 1047 503 1049 504 1049 504 1049 505 1049 531 1047 559 1045 567 1047 578 1051 579 1051 580 1051 646 1047 671 1047 677 1047 699 1052 700 1052 788 1050 817 1054 818 1055 863 1055 863 1054 864 1054 877 1048 878 1039 877 1018 827 1017 812 1009 812 1009 811 1009 753 1015 752 1015 747 1015 725 1015 718 1009 718 1008 717 1008 716 1008 716 1008 646 1014 634 1006 634 1006 633 1006 632 1006 596 1013 513 1004 512 1004 511 1004 500 1009 480 1006 479 1006 478 1006 477 1006 471 1011 424 1011 410 1004 409 1004 408 1004 374 1009 336 1009 328 1002 327 1002 326 1002 288 1002 288 1002 287 1002 286 1002 280 1006 280 1031"/>
                        </Shape>
                        <String CONTENT=""/>
                    </TextLine>

                    <TextLine ID="line_23" HPOS="278" VPOS="1040" WIDTH="597" HEIGHT="53" BASELINE="279 1071 875 1081" TAGREFS="TYPE_1">
                        <Shape>
                            <Polygon POINTS="279 1071 278 1081 331 1086 331 1086 368 1083 378 1082 380 1083 390 1086 391 1086 392 1086 413 1084 419 1083 422 1084 434 1088 435 1088 436 1088 504 1086 527 1085 541 1086 577 1091 578 1091 611 1087 625 1086 630 1088 641 1091 642 1091 643 1091 676 1089 687 1088 690 1089 697 1092 698 1092 699 1093 874 1093 875 1081 875 1056 860 1051 860 1051 859 1051 858 1051 844 1056 835 1050 834 1050 833 1050 832 1050 831 1050 821 1056 807 1056 791 1056 791 1055 783 1048 782 1048 781 1048 780 1048 779 1048 778 1048 769 1055 754 1055 730 1055 729 1054 720 1048 719 1048 718 1048 717 1048 716 1048 716 1048 707 1053 651 1046 650 1046 649 1046 639 1052 627 1045 626 1045 625 1045 592 1052 587 1052 554 1052 528 1043 527 1043 526 1043 483 1048 475 1043 474 1043 473 1043 436 1043 435 1043 434 1043 433 1043 427 1047 419 1042 418 1042 418 1042 394 1042 393 1042 392 1042 391 1042 379 1048 377 1048 341 1048 325 1040 324 1040 323 1040 279 1047 279 1071"/>
                        </Shape>
                        <String CONTENT=""/>
                    </TextLine>

                    <TextLine ID="line_24" HPOS="279" VPOS="1081" WIDTH="522" HEIGHT="53" BASELINE="279 1110 801 1119" TAGREFS="TYPE_1">
                        <Shape>
                            <Polygon POINTS="279 1110 280 1125 295 1120 311 1125 312 1126 313 1126 314 1126 326 1126 377 1123 383 1126 385 1128 386 1128 387 1128 388 1128 398 1126 414 1123 418 1126 419 1127 419 1128 420 1128 421 1128 422 1128 433 1126 456 1123 474 1126 481 1128 482 1128 483 1128 486 1127 495 1124 584 1124 601 1124 604 1127 608 1130 608 1131 609 1131 610 1131 735 1133 736 1133 757 1129 769 1134 769 1134 770 1134 800 1128 801 1119 801 1091 778 1089 778 1089 777 1089 776 1089 775 1090 770 1094 764 1090 763 1089 762 1089 761 1089 760 1089 759 1089 758 1090 749 1094 731 1090 725 1088 725 1088 724 1088 709 1089 679 1092 673 1089 668 1087 668 1087 667 1087 666 1087 660 1089 647 1092 622 1088 607 1086 606 1086 579 1088 541 1091 493 1087 436 1083 435 1083 434 1083 425 1086 421 1088 369 1088 366 1086 360 1082 360 1082 359 1082 358 1082 341 1086 335 1087 332 1086 326 1081 326 1081 325 1081 324 1081 279 1085 279 1110"/>
                        </Shape>
                        <String CONTENT=""/>
                    </TextLine>
</TextBlock>
                <TextBlock ID="block_7" HPOS="291" VPOS="1130" WIDTH="587" HEIGHT="43" TAGREFS="TYPE_40">
                    <Shape>
                        <Polygon POINTS="291.0537109375 1130.3385009765625 878.0195922851562 1130.3385009765625 878.0195922851562 1173.1500244140625 291.0537109375 1173.1500244140625 291.0537109375 1130.3385009765625"/>
                    </Shape>
                    <TextLine ID="line_25" HPOS="317" VPOS="1120" WIDTH="553" HEIGHT="62" BASELINE="317 1152 870 1159" TAGREFS="TYPE_1">
                        <Shape>
                            <Polygon POINTS="317 1152 317 1165 332 1170 333 1170 334 1170 377 1167 386 1174 387 1174 388 1174 389 1174 418 1167 439 1175 440 1175 441 1175 480 1168 500 1179 501 1179 502 1180 545 1180 545 1179 546 1179 555 1174 562 1180 563 1180 564 1180 687 1182 688 1182 689 1182 690 1182 704 1172 740 1172 754 1181 755 1181 756 1181 793 1182 793 1182 794 1182 826 1173 870 1173 870 1159 870 1134 846 1129 845 1129 844 1129 835 1134 834 1134 833 1134 810 1126 809 1126 808 1126 807 1126 787 1133 784 1134 750 1134 720 1133 718 1131 713 1127 712 1127 711 1127 711 1127 710 1127 696 1130 678 1124 677 1124 677 1124 651 1129 643 1131 628 1129 603 1126 602 1126 601 1126 594 1129 588 1130 581 1129 561 1123 560 1123 559 1123 532 1128 519 1129 495 1129 490 1127 480 1122 480 1122 417 1122 416 1122 402 1125 388 1128 370 1124 350 1120 349 1120 317 1123 317 1152"/>
                        </Shape>
                        <String CONTENT=""/>
                    </TextLine>
</TextBlock>
                <TextBlock ID="block_2" HPOS="825" VPOS="1174" WIDTH="46" HEIGHT="39" TAGREFS="TYPE_29">
                    <Shape>
                        <Polygon POINTS="825.4791259765625 1174.1351318359375 871.8826293945312 1174.1351318359375 871.8826293945312 1213.1650390625 825.4791259765625 1213.1650390625 825.4791259765625 1174.1351318359375"/>
                    </Shape>
                    <TextLine ID="line_26" HPOS="829" VPOS="1168" WIDTH="39" HEIGHT="52" BASELINE="831 1196 867 1199" TAGREFS="TYPE_1">
                        <Shape>
                            <Polygon POINTS="831 1196 829 1216 865 1220 867 1199 868 1175 854 1168 853 1168 852 1168 831 1172 831 1196"/>
                        </Shape>
                        <String CONTENT=""/>
                    </TextLine>
</TextBlock>
            </PrintSpace>
        </Page>
    </Layout>
</alto>