<?xml version="1.0" encoding="UTF-8"?>
<alto xmlns:xsi="http://www.w3.org/2001/XMLSchema-instance"
    xmlns="http://www.loc.gov/standards/alto/ns-v4#"
    xsi:schemaLocation="http://www.loc.gov/standards/alto/ns-v4# http://www.loc.gov/standards/alto/v4/alto-4-3.xsd">
    <Description>
        <MeasurementUnit>pixel</MeasurementUnit>
        <sourceImageInformation>
            <fileName>952812.jpg</fileName>
        </sourceImageInformation>
        <Processing ID="OCR_0">
            <processingCategory>other</processingCategory>
            <processingStepDescription>unknown</processingStepDescription>
            <processingSoftware>
                <softwareName>kraken</softwareName>
                <softwareVersion>4.3.13</softwareVersion>
            </processingSoftware>
        </Processing>
    </Description>
    <Tags>
        <OtherTag ID="TYPE_1" LABEL="DefaultLine"/>
        <OtherTag ID="TYPE_2" LABEL="TableZone-Continued"/>
        <OtherTag ID="TYPE_3" LABEL="MainZone-Sp-Continued"/>
        <OtherTag ID="TYPE_4" LABEL="GraphicZone-Decoration"/>
        <OtherTag ID="TYPE_5" LABEL="TitlePageZone-Index"/>
        <OtherTag ID="TYPE_6" LABEL="FigureZone"/>
        <OtherTag ID="TYPE_7" LABEL="MainZone-Head"/>
        <OtherTag ID="TYPE_8" LABEL="DigitizationArtefactZone"/>
        <OtherTag ID="TYPE_9" LABEL="MainZone-List-Continued"/>
        <OtherTag ID="TYPE_10" LABEL="StampZone-Sticker"/>
        <OtherTag ID="TYPE_11" LABEL="GraphicZone-Head"/>
        <OtherTag ID="TYPE_12" LABEL="NumberingZone"/>
        <OtherTag ID="TYPE_13" LABEL="MarginTextZone-Notes-Continued"/>
        <OtherTag ID="TYPE_14" LABEL="GraphicZone-FigDesc"/>
        <OtherTag ID="TYPE_15" LABEL="MarginTextZone-Notes"/>
        <OtherTag ID="TYPE_16" LABEL="MainZone-Other"/>
        <OtherTag ID="TYPE_17" LABEL="TableZone-Head"/>
        <OtherTag ID="TYPE_18" LABEL="GraphicZone"/>
        <OtherTag ID="TYPE_19" LABEL="MainZone-Entry"/>
        <OtherTag ID="TYPE_20" LABEL="MainZone-Form"/>
        <OtherTag ID="TYPE_21" LABEL="RunningTitleZone"/>
        <OtherTag ID="TYPE_22" LABEL="MainZone-Lg"/>
        <OtherTag ID="TYPE_23" LABEL="MainZone-Entry-Continued"/>
        <OtherTag ID="TYPE_24" LABEL="MainZone-Signature"/>
        <OtherTag ID="TYPE_25" LABEL="DropCapitalZone"/>
        <OtherTag ID="TYPE_26" LABEL="AdvertisementZone"/>
        <OtherTag ID="TYPE_27" LABEL="TitlePageZone"/>
        <OtherTag ID="TYPE_28" LABEL="GraphicZone-TextualContent"/>
        <OtherTag ID="TYPE_29" LABEL="QuireMarksZone"/>
        <OtherTag ID="TYPE_30" LABEL="MainZone-Date"/>
        <OtherTag ID="TYPE_31" LABEL="TableZone"/>
        <OtherTag ID="TYPE_32" LABEL="FigureZone-Head"/>
        <OtherTag ID="TYPE_33" LABEL="StampZone"/>
        <OtherTag ID="TYPE_34" LABEL="MainZone-Lg-Continued"/>
        <OtherTag ID="TYPE_35" LABEL="GraphicZone-Part"/>
        <OtherTag ID="TYPE_36" LABEL="MainZone-P-Continued"/>
        <OtherTag ID="TYPE_37" LABEL="MainZone-Sp"/>
        <OtherTag ID="TYPE_38" LABEL="GraphicZone-Maths"/>
        <OtherTag ID="TYPE_39" LABEL="MarginTextZone-ManuscriptAddendum"/>
        <OtherTag ID="TYPE_40" LABEL="MainZone-P"/>
        <OtherTag ID="TYPE_41" LABEL="FigureZone-FigDesc"/>
        <OtherTag ID="TYPE_42" LABEL="MainZone-List"/>
    </Tags>
    <Layout>
        <Page WIDTH="1000" HEIGHT="1490" PHYSICAL_IMG_NR="0" ID="page_0">
            <PrintSpace HPOS="0" VPOS="0" WIDTH="1000" HEIGHT="1490">
                <TextBlock ID="block_1" HPOS="366" VPOS="121" WIDTH="478" HEIGHT="47" TAGREFS="TYPE_21">
                    <Shape>
                        <Polygon POINTS="366.9082946777344 121.47129821777344 844.5437622070312 121.47129821777344 844.5437622070312 168.87539672851562 366.9082946777344 168.87539672851562 366.9082946777344 121.47129821777344"/>
                    </Shape>
                    <TextLine ID="line_0" HPOS="286" VPOS="138" WIDTH="554" HEIGHT="35" BASELINE="287 154 533 153 840 158" TAGREFS="TYPE_1">
                        <Shape>
                            <Polygon POINTS="759 149 750 149 742 149 734 149 725 149 717 149 709 149 701 149 692 149 684 149 676 149 668 149 659 149 651 149 643 149 634 149 626 149 618 149 610 149 601 149 593 149 585 149 576 149 568 149 560 149 552 149 543 149 535 149 527 149 519 149 510 149 502 149 494 149 485 149 477 149 469 149 461 149 452 149 444 149 436 149 427 149 419 149 411 149 403 149 394 149 386 149 378 149 370 149 361 149 353 149 345 149 336 149 328 149 320 149 312 149 303 149 295 149 287 149 287 154 286 164 317 168 318 168 319 168 325 165 332 162 362 166 370 167 371 167 384 166 451 163 489 168 510 171 511 171 512 171 519 168 534 163 570 168 571 168 612 164 620 170 621 172 622 172 623 172 645 173 646 173 647 173 651 171 664 165 682 171 687 173 687 173 688 173 689 173 694 172 717 165 726 172 726 173 727 173 728 173 838 173 840 158 839 138 771 138 770 138 769 138 769 138 768 139 759 144 759 149"/>
                        </Shape>
                        <String CONTENT=""/>
                    </TextLine>
</TextBlock>
                <TextBlock ID="block_3" HPOS="310" VPOS="179" WIDTH="615" HEIGHT="157" TAGREFS="TYPE_36">
                    <Shape>
                        <Polygon POINTS="310.4372253417969 179.99179077148438 925.8900146484375 179.99179077148438 925.8900146484375 336.2099304199219 310.4372253417969 336.2099304199219 310.4372253417969 179.99179077148438"/>
                    </Shape>
                    <TextLine ID="line_1" HPOS="309" VPOS="172" WIDTH="613" HEIGHT="60" BASELINE="310 206 567 208 922 216" TAGREFS="TYPE_1">
                        <Shape>
                            <Polygon POINTS="310 206 309 218 425 224 426 224 427 224 441 220 449 218 464 221 496 225 497 225 498 225 499 225 506 221 508 221 539 221 541 221 545 225 546 225 547 225 548 225 565 221 570 221 575 221 591 227 592 227 593 227 640 222 646 222 647 222 657 228 658 228 658 228 659 228 679 223 683 222 693 223 745 230 746 230 797 225 798 225 798 225 875 232 875 232 921 225 922 216 921 187 863 189 854 186 841 182 841 182 840 182 839 182 826 186 820 188 812 186 806 183 805 183 804 183 803 183 797 186 788 188 769 185 732 178 731 178 730 178 711 184 702 187 697 184 693 182 692 182 692 182 677 184 656 186 651 183 636 177 635 177 592 176 557 176 556 176 555 176 541 182 538 183 537 182 528 175 528 175 527 175 512 175 511 175 510 175 509 175 501 182 500 182 403 182 395 180 355 172 355 172 354 172 336 179 333 180 331 179 321 175 320 175 319 175 318 175 310 178 310 206"/>
                        </Shape>
                        <String CONTENT=""/>
                    </TextLine>

                    <TextLine ID="line_2" HPOS="313" VPOS="216" WIDTH="607" HEIGHT="53" BASELINE="314 247 539 247 920 255" TAGREFS="TYPE_1">
                        <Shape>
                            <Polygon POINTS="314 247 313 255 378 261 379 261 403 257 405 257 406 257 415 262 416 262 417 262 435 258 442 256 453 258 479 262 480 262 500 259 509 257 524 259 561 264 562 264 598 260 610 259 612 260 618 265 619 265 620 265 663 266 663 266 687 261 695 260 765 260 790 263 869 269 870 269 919 264 920 255 920 231 900 225 899 225 899 225 898 225 876 230 839 224 838 224 837 224 821 230 812 223 811 223 810 223 780 223 779 223 778 223 778 223 772 227 767 223 766 223 765 223 764 223 726 226 716 221 715 221 714 221 663 225 653 221 653 221 652 221 613 226 583 220 582 220 529 225 521 219 520 219 519 219 519 219 518 219 517 219 508 225 504 225 484 225 475 218 475 218 474 218 473 218 472 218 452 223 446 218 446 217 445 217 444 217 427 217 427 217 426 217 407 223 364 216 363 216 362 216 350 222 314 222 314 247"/>
                        </Shape>
                        <String CONTENT=""/>
                    </TextLine>

                    <TextLine ID="line_3" HPOS="317" VPOS="270" WIDTH="606" HEIGHT="41" BASELINE="318 284 923 295" TAGREFS="TYPE_1">
                        <Shape>
                            <Polygon POINTS="765 280 757 281 753 281 752 282 750 281 749 281 740 281 732 281 724 281 716 281 707 281 704 281 697 282 696 281 691 281 682 281 674 281 666 281 658 281 653 281 649 281 641 281 633 281 625 281 616 281 608 281 600 281 591 281 583 281 575 281 567 281 558 281 550 281 542 281 533 281 525 281 517 281 509 281 500 281 492 281 484 281 475 281 467 281 459 281 451 281 442 281 434 281 426 281 418 281 409 281 401 281 393 281 384 281 376 281 368 281 360 281 351 281 343 281 335 281 326 281 318 281 318 284 317 298 375 301 375 301 376 301 384 298 393 297 404 299 424 302 425 302 426 302 439 299 443 298 448 299 461 302 461 302 462 302 463 302 473 300 481 298 490 300 505 304 506 304 507 304 508 304 524 300 531 298 540 300 552 303 552 303 553 303 610 301 644 300 666 302 737 308 738 308 739 308 740 308 749 302 756 302 783 302 793 303 876 311 877 311 923 304 923 295 923 276 769 270 768 270 765 280"/>
                        </Shape>
                        <String CONTENT=""/>
                    </TextLine>

                    <TextLine ID="line_4" HPOS="317" VPOS="294" WIDTH="282" HEIGHT="48" BASELINE="317 326 599 326" TAGREFS="TYPE_1">
                        <Shape>
                            <Polygon POINTS="317 326 317 337 345 341 346 341 346 341 347 341 352 337 355 336 391 336 394 337 399 341 400 341 401 341 402 341 403 341 412 337 415 336 454 336 456 336 461 341 461 341 461 341 462 341 463 342 495 342 495 341 495 341 508 336 509 336 512 336 528 341 529 341 530 342 590 342 590 341 591 341 591 341 599 336 599 326 599 302 548 296 547 296 546 296 545 296 536 302 504 302 499 297 499 296 498 296 497 296 470 294 469 294 468 294 455 301 443 295 442 295 442 295 405 298 401 295 401 294 400 294 399 294 367 294 366 294 317 301 317 326"/>
                        </Shape>
                        <String CONTENT=""/>
                    </TextLine>
</TextBlock>
                <TextBlock ID="block_4" HPOS="313" VPOS="339" WIDTH="611" HEIGHT="234" TAGREFS="TYPE_40">
                    <Shape>
                        <Polygon POINTS="313.7025451660156 339.92236328125 924.354248046875 339.92236328125 924.354248046875 573.468505859375 313.7025451660156 573.468505859375 313.7025451660156 339.92236328125"/>
                    </Shape>
                    <TextLine ID="line_5" HPOS="354" VPOS="334" WIDTH="566" HEIGHT="54" BASELINE="355 364 920 374" TAGREFS="TYPE_1">
                        <Shape>
                            <Polygon POINTS="355 364 354 374 396 379 397 379 425 376 447 374 470 377 497 381 498 381 529 379 548 377 555 379 563 382 564 382 565 382 566 382 567 382 570 379 576 376 618 376 629 381 636 384 637 384 638 384 664 384 664 384 665 384 668 382 676 378 714 383 731 385 732 385 754 384 812 380 918 388 920 374 918 340 875 345 798 338 779 337 778 337 773 338 755 342 744 338 741 337 740 337 685 336 684 336 683 336 676 337 665 341 661 337 659 336 658 336 658 336 657 336 644 337 627 340 624 337 620 335 620 335 619 335 618 335 606 337 596 339 584 337 566 334 565 334 552 336 544 338 538 336 528 334 528 334 527 334 526 334 521 336 518 338 514 336 507 334 506 334 505 334 504 334 504 334 500 336 497 338 355 336 355 364"/>
                        </Shape>
                        <String CONTENT=""/>
                    </TextLine>

                    <TextLine ID="line_6" HPOS="315" VPOS="372" WIDTH="607" HEIGHT="55" BASELINE="316 403 922 412" TAGREFS="TYPE_1">
                        <Shape>
                            <Polygon POINTS="316 403 315 410 350 416 350 416 351 416 360 412 385 416 386 416 408 413 425 420 426 420 427 420 427 420 448 413 479 413 484 418 484 418 485 418 485 418 486 418 487 418 495 414 503 421 504 421 504 421 505 421 506 421 528 414 562 421 562 422 615 422 615 421 616 421 617 421 625 416 645 423 646 423 647 423 720 418 756 425 757 425 806 418 824 426 825 426 866 427 867 427 868 427 894 420 908 425 908 425 909 425 910 425 921 419 922 412 922 384 913 380 913 380 912 380 911 380 910 380 890 385 887 386 818 386 816 384 798 379 798 379 767 379 766 379 765 379 764 379 758 384 756 384 750 384 701 377 682 377 682 377 681 377 680 377 673 383 673 383 668 383 624 377 623 377 586 381 585 381 576 375 576 375 575 375 574 375 549 381 546 381 542 380 512 375 511 375 475 379 475 379 466 374 466 374 465 374 464 374 391 379 384 379 383 379 366 372 365 372 365 372 316 377 316 403"/>
                        </Shape>
                        <String CONTENT=""/>
                    </TextLine>

                    <TextLine ID="line_7" HPOS="315" VPOS="410" WIDTH="603" HEIGHT="56" BASELINE="315 443 500 443 918 452" TAGREFS="TYPE_1">
                        <Shape>
                            <Polygon POINTS="315 443 315 455 417 451 451 456 452 456 453 456 454 456 459 452 478 456 479 456 501 453 508 458 509 458 509 458 510 458 511 458 528 454 551 460 554 460 555 460 562 460 616 456 642 461 645 461 646 461 660 461 781 458 838 464 839 464 870 460 885 466 886 466 887 466 888 466 918 466 918 452 918 429 886 421 885 421 884 421 862 427 862 427 833 427 832 426 829 423 829 422 828 422 827 422 826 422 756 423 717 424 714 422 708 418 707 418 706 418 706 418 684 421 678 417 677 417 677 417 676 417 675 417 660 421 651 423 647 420 643 417 643 416 642 416 641 416 640 416 624 419 610 422 556 422 543 417 535 414 534 414 533 414 520 416 505 418 471 414 451 413 450 413 439 413 402 418 389 412 389 412 388 412 387 412 384 412 357 416 351 411 350 411 350 411 315 410 315 443"/>
                        </Shape>
                        <String CONTENT=""/>
                    </TextLine>

                    <TextLine ID="line_8" HPOS="313" VPOS="467" WIDTH="589" HEIGHT="34" BASELINE="314 482 902 490" TAGREFS="TYPE_1">
                        <Shape>
                            <Polygon POINTS="761 475 753 475 748 475 741 479 721 475 720 475 711 475 709 475 689 478 686 475 678 475 670 475 662 475 653 475 645 475 637 475 629 475 620 475 612 475 611 475 610 477 604 475 604 475 596 475 587 475 579 475 571 475 562 475 557 475 551 476 549 475 546 475 538 475 529 475 521 475 514 475 513 475 504 475 496 475 488 475 480 475 471 475 463 475 455 475 447 475 438 475 430 475 422 475 413 475 405 475 397 475 389 475 380 475 372 475 364 475 355 475 347 475 339 475 331 475 322 475 314 475 314 482 313 490 467 492 469 493 479 497 480 497 480 497 497 494 498 494 502 498 503 498 504 498 504 498 539 495 548 494 554 495 578 499 579 499 610 495 613 495 619 499 620 499 620 499 621 499 647 496 653 495 660 496 682 500 683 500 702 497 706 496 711 497 725 501 725 501 726 501 901 499 902 490 901 471 767 467 766 467 765 467 763 468 761 475"/>
                        </Shape>
                        <String CONTENT=""/>
                    </TextLine>

                    <TextLine ID="line_9" HPOS="314" VPOS="490" WIDTH="607" HEIGHT="56" BASELINE="315 520 921 531" TAGREFS="TYPE_1">
                        <Shape>
                            <Polygon POINTS="315 520 314 531 348 534 349 534 350 534 355 533 361 530 368 533 379 537 379 537 380 537 381 537 390 533 396 531 408 533 427 538 427 538 428 538 436 534 442 532 472 532 476 535 480 538 480 538 481 538 502 539 503 539 524 537 548 533 586 534 590 538 592 540 592 541 593 541 594 541 595 541 596 541 605 538 609 538 639 539 690 543 691 543 700 541 711 538 725 542 735 543 735 544 757 544 757 543 758 543 759 543 759 543 765 538 821 543 822 543 822 543 823 543 829 539 873 539 919 546 921 531 921 506 855 500 854 500 836 504 833 504 831 504 815 497 814 497 813 497 812 497 800 504 799 504 784 499 783 499 783 499 782 499 765 503 764 503 739 495 738 495 737 495 697 500 664 495 663 495 663 495 650 501 642 494 641 494 640 494 639 494 639 494 622 500 621 501 606 501 605 500 593 493 592 493 591 493 591 493 560 499 559 499 558 499 551 493 551 492 550 492 549 492 548 492 519 498 503 491 502 491 501 491 500 491 475 498 474 498 473 498 459 490 458 490 435 490 434 490 433 490 432 490 424 497 423 497 402 497 402 496 394 490 393 490 392 490 391 490 315 495 315 520"/>
                        </Shape>
                        <String CONTENT=""/>
                    </TextLine>

                    <TextLine ID="line_10" HPOS="315" VPOS="529" WIDTH="327" HEIGHT="50" BASELINE="316 561 642 565" TAGREFS="TYPE_1">
                        <Shape>
                            <Polygon POINTS="316 561 315 570 343 576 344 576 360 576 360 576 360 576 361 576 361 575 365 571 366 571 367 571 370 573 370 574 370 574 371 574 372 574 390 572 403 571 405 572 410 576 411 576 412 576 446 577 447 577 479 574 507 571 513 575 517 578 518 578 519 578 519 578 543 576 574 572 585 576 590 579 591 579 591 579 605 577 631 573 639 578 642 565 642 540 605 540 601 538 575 532 574 532 573 532 535 537 521 538 506 536 479 531 478 531 455 534 445 536 442 534 438 531 438 530 437 530 437 530 404 530 403 530 403 530 397 533 389 537 379 533 371 529 370 529 370 529 369 529 368 529 365 532 357 537 348 537 343 531 341 530 341 529 341 529 340 529 339 529 316 530 316 561"/>
                        </Shape>
                        <String CONTENT=""/>
                    </TextLine>
</TextBlock>
                <TextBlock ID="block_6" HPOS="314" VPOS="574" WIDTH="610" HEIGHT="158" TAGREFS="TYPE_40">
                    <Shape>
                        <Polygon POINTS="314.5240478515625 574.7611083984375 924.4764404296875 574.7611083984375 924.4764404296875 732.9600830078125 314.5240478515625 732.9600830078125 314.5240478515625 574.7611083984375"/>
                    </Shape>
                    <TextLine ID="line_11" HPOS="361" VPOS="569" WIDTH="558" HEIGHT="49" BASELINE="362 602 919 610" TAGREFS="TYPE_1">
                        <Shape>
                            <Polygon POINTS="362 602 361 610 366 614 367 614 368 614 369 614 584 613 641 618 642 618 918 617 919 610 919 583 900 576 899 576 899 576 830 581 811 581 793 580 745 574 745 574 659 576 586 578 570 574 561 571 560 571 559 571 558 571 551 573 537 577 531 573 531 572 530 572 529 572 528 572 528 572 525 573 513 576 507 572 505 571 504 571 504 571 503 571 495 572 475 576 362 569 362 602"/>
                        </Shape>
                        <String CONTENT=""/>
                    </TextLine>

                    <TextLine ID="line_12" HPOS="313" VPOS="610" WIDTH="605" HEIGHT="48" BASELINE="314 641 918 648" TAGREFS="TYPE_1">
                        <Shape>
                            <Polygon POINTS="314 641 313 647 389 653 390 653 391 653 408 649 409 649 411 649 456 653 457 653 458 653 459 653 464 650 466 649 917 658 918 648 918 623 843 623 841 621 823 615 822 615 822 615 821 615 806 621 805 621 803 621 777 615 776 615 725 620 720 620 717 620 692 613 692 613 659 613 658 613 658 613 648 618 581 612 581 612 580 612 567 618 566 619 564 618 551 614 550 614 549 614 520 616 513 611 512 611 511 611 510 611 443 617 436 617 433 616 411 610 410 610 409 610 408 610 408 610 399 616 398 617 396 616 388 613 387 613 386 613 355 615 346 616 345 615 331 610 331 610 330 610 329 610 314 615 314 641"/>
                        </Shape>
                        <String CONTENT=""/>
                    </TextLine>

                    <TextLine ID="line_13" HPOS="317" VPOS="645" WIDTH="601" HEIGHT="55" BASELINE="317 681 705 684 918 690" TAGREFS="TYPE_1">
                        <Shape>
                            <Polygon POINTS="317 681 317 690 917 700 918 690 918 662 841 661 841 660 824 652 823 652 822 652 822 652 807 657 792 652 791 652 790 652 746 658 736 659 733 658 719 650 718 650 717 650 687 656 675 650 674 650 637 649 636 649 609 655 598 658 524 657 519 653 509 648 508 648 507 648 460 647 459 647 458 647 457 647 449 653 445 655 431 652 403 646 403 646 386 647 385 647 384 647 379 651 377 653 365 651 340 645 339 645 317 649 317 681"/>
                        </Shape>
                        <String CONTENT=""/>
                    </TextLine>

                    <TextLine ID="line_14" HPOS="315" VPOS="689" WIDTH="441" HEIGHT="46" BASELINE="316 718 756 724" TAGREFS="TYPE_1">
                        <Shape>
                            <Polygon POINTS="316 718 315 728 319 731 320 731 321 731 470 733 471 733 471 733 485 729 539 734 540 734 541 734 551 730 555 734 556 734 557 734 557 734 609 730 648 735 649 735 755 731 756 724 756 701 738 701 737 700 730 694 730 694 729 694 728 694 727 694 716 700 716 700 715 700 694 693 693 693 666 693 665 693 664 693 652 699 650 699 649 699 636 695 635 695 634 695 506 696 483 696 482 696 477 692 476 692 475 692 475 692 450 696 442 696 441 696 432 690 431 690 430 690 429 690 428 690 413 695 411 696 410 695 403 691 403 691 402 691 401 691 400 691 392 695 390 696 384 695 367 692 366 692 353 694 350 695 349 694 344 690 344 689 343 689 342 689 341 689 316 693 316 718"/>
                        </Shape>
                        <String CONTENT=""/>
                    </TextLine>
</TextBlock>
                <TextBlock ID="block_7" HPOS="314" VPOS="734" WIDTH="610" HEIGHT="235" TAGREFS="TYPE_40">
                    <Shape>
                        <Polygon POINTS="314.12750244140625 734.5086059570312 924.7501220703125 734.5086059570312 924.7501220703125 969.4776000976562 314.12750244140625 969.4776000976562 314.12750244140625 734.5086059570312"/>
                    </Shape>
                    <TextLine ID="line_15" HPOS="353" VPOS="726" WIDTH="567" HEIGHT="53" BASELINE="354 758 920 765" TAGREFS="TYPE_1">
                        <Shape>
                            <Polygon POINTS="354 758 353 766 373 773 374 773 375 773 413 768 421 773 422 773 423 773 423 773 557 771 578 775 579 775 580 775 592 770 593 770 605 776 605 776 606 776 607 776 625 771 625 771 685 777 686 777 687 777 701 772 703 772 748 772 749 773 756 778 757 778 758 778 759 778 759 778 777 773 781 773 808 773 809 773 816 778 817 778 817 778 818 778 842 774 848 773 854 774 875 779 875 779 919 775 920 765 919 734 862 740 812 732 798 730 773 730 772 730 771 730 770 730 768 732 757 739 720 731 707 730 706 730 692 731 673 734 665 731 658 729 658 729 657 729 656 729 651 731 640 737 610 737 568 737 554 730 548 727 547 727 546 727 545 727 538 730 524 735 499 730 483 726 461 726 461 726 460 726 452 730 440 735 422 729 418 728 417 728 416 728 415 728 414 728 413 729 406 734 354 729 354 758"/>
                        </Shape>
                        <String CONTENT=""/>
                    </TextLine>

                    <TextLine ID="line_16" HPOS="314" VPOS="768" WIDTH="605" HEIGHT="50" BASELINE="315 797 919 804" TAGREFS="TYPE_1">
                        <Shape>
                            <Polygon POINTS="761 801 753 801 745 801 736 801 728 801 720 801 711 801 703 801 695 801 687 801 678 801 670 801 662 801 653 801 650 787 650 787 638 780 618 770 617 770 585 770 584 770 583 770 565 778 540 769 539 769 538 769 538 769 518 777 503 783 492 777 480 769 480 769 479 769 478 769 477 769 476 769 466 776 466 776 458 776 419 773 418 773 418 773 417 773 415 774 412 778 406 774 395 769 394 769 394 769 393 769 379 773 379 774 378 773 369 768 368 768 367 768 366 768 315 772 315 797 314 806 326 812 326 812 327 812 328 812 336 808 390 813 391 813 392 813 393 813 398 809 415 813 416 813 417 813 490 809 501 814 502 814 503 814 504 814 524 809 571 815 572 815 639 811 656 816 657 816 658 816 721 812 740 817 740 817 741 817 766 812 806 817 807 817 842 812 879 818 880 818 918 812 919 804 919 787 894 786 869 774 868 774 867 774 866 774 850 780 842 773 841 773 841 773 840 773 809 779 795 776 794 776 793 776 793 776 773 783 764 785 761 801"/>
                        </Shape>
                        <String CONTENT=""/>
                    </TextLine>

                    <TextLine ID="line_17" HPOS="313" VPOS="807" WIDTH="606" HEIGHT="52" BASELINE="314 836 919 843" TAGREFS="TYPE_1">
                        <Shape>
                            <Polygon POINTS="761 837 755 816 718 812 692 810 691 810 690 810 685 812 678 817 644 817 591 813 538 808 537 808 536 808 517 813 505 816 461 816 457 813 452 809 451 809 451 809 450 809 449 809 448 809 443 813 441 815 419 815 417 813 404 807 403 807 403 807 377 813 373 814 314 814 314 836 313 845 333 852 334 852 335 853 371 853 371 852 372 852 384 847 393 852 394 852 394 852 395 852 439 848 541 855 542 855 543 855 543 855 549 850 571 855 572 855 572 855 573 855 581 850 610 854 610 854 630 850 642 855 643 855 644 855 746 851 751 851 759 856 760 856 761 856 762 856 797 852 798 852 830 857 831 857 831 857 841 852 842 852 843 852 856 858 857 858 858 859 894 859 894 858 918 853 919 843 918 812 856 817 834 812 829 812 828 812 822 812 779 819 765 817 761 837"/>
                        </Shape>
                        <String CONTENT=""/>
                    </TextLine>

                    <TextLine ID="line_18" HPOS="313" VPOS="845" WIDTH="607" HEIGHT="52" BASELINE="314 877 920 883" TAGREFS="TYPE_1">
                        <Shape>
                            <Polygon POINTS="761 878 756 857 748 857 747 855 742 851 741 851 740 851 740 851 739 851 730 855 728 856 727 855 718 849 717 849 716 849 716 849 644 855 633 855 631 855 617 848 616 848 615 848 615 848 614 848 603 855 600 855 581 855 580 855 573 849 573 848 572 848 572 848 571 848 570 848 569 848 561 855 560 855 558 855 537 849 536 849 535 849 534 849 515 854 512 855 510 854 496 847 495 847 495 847 494 847 480 854 479 854 466 846 465 846 464 846 394 850 359 845 358 845 357 845 343 853 342 853 314 853 314 877 313 886 328 892 329 892 330 892 385 887 389 887 400 893 401 893 402 893 428 889 456 893 457 893 458 893 459 893 465 888 466 888 466 888 515 893 516 894 561 894 561 893 562 893 572 889 588 894 589 894 590 894 608 891 682 895 682 895 713 890 734 894 735 894 735 894 736 894 743 890 745 890 821 896 822 896 822 896 833 892 840 897 841 897 841 897 842 897 919 891 920 883 920 856 900 850 899 850 899 850 871 856 855 850 854 850 853 850 852 850 851 850 845 856 836 856 802 857 799 856 783 850 783 850 782 850 781 850 780 850 774 855 771 857 765 857 761 878"/>
                        </Shape>
                        <String CONTENT=""/>
                    </TextLine>

                    <TextLine ID="line_19" HPOS="311" VPOS="885" WIDTH="607" HEIGHT="54" BASELINE="312 916 918 923" TAGREFS="TYPE_1">
                        <Shape>
                            <Polygon POINTS="312 916 311 927 424 932 425 932 426 932 436 929 444 927 447 929 451 932 451 933 451 933 452 933 453 933 483 930 508 927 533 931 554 934 555 934 567 932 581 928 619 932 635 934 636 934 672 933 774 931 781 936 783 937 783 937 784 937 829 937 830 937 831 937 834 937 845 932 856 937 860 938 861 938 862 939 888 939 888 938 889 938 889 938 890 937 896 933 916 937 918 923 916 892 852 898 772 897 755 891 754 891 753 891 752 891 751 891 750 891 730 896 720 891 716 889 715 889 714 889 713 889 709 891 701 895 614 895 609 891 606 889 605 889 605 889 604 889 603 889 597 891 593 893 589 891 581 888 580 888 560 888 559 888 558 888 557 888 552 891 548 893 511 891 446 886 445 886 372 890 356 885 355 885 355 885 312 890 312 916"/>
                        </Shape>
                        <String CONTENT=""/>
                    </TextLine>

                    <TextLine ID="line_20" HPOS="312" VPOS="925" WIDTH="370" HEIGHT="49" BASELINE="313 955 682 958" TAGREFS="TYPE_1">
                        <Shape>
                            <Polygon POINTS="313 955 312 970 384 965 413 971 418 972 418 972 419 972 420 972 420 971 429 966 446 966 452 971 452 972 453 972 454 972 455 972 458 972 495 966 518 970 519 970 540 966 546 970 547 970 548 970 548 970 568 967 594 973 596 973 597 974 681 974 682 958 680 933 651 934 648 932 638 927 637 927 636 927 635 927 634 927 634 928 629 932 628 935 611 935 605 932 590 927 589 927 588 927 547 927 546 927 545 927 545 928 541 932 539 934 501 934 500 932 495 927 495 926 494 926 493 926 492 926 491 926 480 931 476 932 471 931 452 926 451 926 451 926 450 926 440 931 436 933 406 933 400 930 388 925 387 925 386 925 365 930 359 932 356 930 351 926 351 925 350 925 350 925 349 925 313 929 313 955"/>
                        </Shape>
                        <String CONTENT=""/>
                    </TextLine>
</TextBlock>
                <TextBlock ID="block_5" HPOS="311" VPOS="970" WIDTH="608" HEIGHT="203" TAGREFS="TYPE_40">
                    <Shape>
                        <Polygon POINTS="311.1551208496094 970.9465942382812 919.0128173828125 970.9465942382812 919.0128173828125 1173.94140625 311.1551208496094 1173.94140625 311.1551208496094 970.9465942382812"/>
                    </Shape>
                    <TextLine ID="line_21" HPOS="335" VPOS="965" WIDTH="583" HEIGHT="50" BASELINE="336 995 918 1000" TAGREFS="TYPE_1">
                        <Shape>
                            <Polygon POINTS="336 995 335 1003 407 1004 407 1004 414 1010 414 1011 415 1011 416 1011 432 1012 433 1012 434 1012 435 1012 446 1005 451 1005 507 1005 509 1005 528 1013 529 1013 530 1014 581 1014 581 1013 581 1013 582 1013 591 1007 593 1006 600 1007 645 1014 646 1014 695 1009 724 1014 725 1014 749 1009 773 1009 800 1009 803 1010 826 1015 826 1015 917 1011 918 1000 918 969 873 969 872 969 871 969 855 975 794 975 783 969 782 969 781 969 780 969 747 975 738 969 737 968 736 968 735 968 735 968 734 968 731 969 713 975 649 975 639 969 638 969 637 969 635 969 617 972 609 969 602 966 601 966 580 966 579 966 578 966 577 966 577 967 575 969 570 973 542 969 533 968 532 968 531 968 530 968 529 969 524 972 511 969 502 967 501 967 492 969 485 970 483 969 480 966 479 966 478 966 477 966 476 966 469 969 461 972 457 969 454 966 454 966 453 966 452 966 432 965 432 965 405 969 392 971 388 969 385 967 384 967 384 967 383 967 382 967 378 969 373 971 336 970 336 995"/>
                        </Shape>
                        <String CONTENT=""/>
                    </TextLine>

                    <TextLine ID="line_22" HPOS="312" VPOS="1004" WIDTH="601" HEIGHT="50" BASELINE="312 1034 913 1040" TAGREFS="TYPE_1">
                        <Shape>
                            <Polygon POINTS="312 1034 312 1043 379 1049 380 1049 456 1046 477 1045 535 1045 538 1047 543 1051 543 1051 544 1051 545 1051 576 1048 592 1047 595 1048 598 1052 599 1052 600 1052 600 1052 718 1051 830 1050 858 1053 865 1054 866 1054 867 1054 869 1053 879 1050 911 1054 913 1040 913 1017 802 1016 802 1015 787 1008 786 1008 785 1008 759 1009 759 1009 758 1009 750 1015 750 1015 715 1015 714 1014 703 1007 702 1007 701 1007 701 1007 700 1007 686 1014 685 1015 660 1015 658 1014 645 1006 644 1006 644 1006 643 1006 596 1007 596 1007 595 1007 586 1014 586 1014 572 1014 572 1014 563 1006 562 1006 562 1006 561 1006 560 1006 539 1013 538 1013 506 1007 505 1007 423 1011 399 1004 398 1004 335 1004 334 1004 333 1004 312 1010 312 1034"/>
                        </Shape>
                        <String CONTENT=""/>
                    </TextLine>

                    <TextLine ID="line_23" HPOS="308" VPOS="1044" WIDTH="605" HEIGHT="50" BASELINE="309 1074 913 1081" TAGREFS="TYPE_1">
                        <Shape>
                            <Polygon POINTS="309 1074 308 1083 346 1088 346 1088 381 1085 385 1085 912 1094 913 1081 913 1058 783 1057 777 1056 749 1049 748 1049 747 1049 736 1055 734 1055 688 1056 670 1056 668 1053 661 1048 660 1048 659 1048 605 1047 585 1047 584 1047 583 1047 582 1047 576 1052 572 1054 552 1052 511 1046 474 1046 473 1046 472 1046 463 1050 456 1052 393 1050 391 1048 384 1044 383 1044 382 1044 351 1044 350 1044 350 1044 343 1047 336 1051 309 1047 309 1074"/>
                        </Shape>
                        <String CONTENT=""/>
                    </TextLine>

                    <TextLine ID="line_24" HPOS="312" VPOS="1085" WIDTH="604" HEIGHT="48" BASELINE="313 1115 916 1118" TAGREFS="TYPE_1">
                        <Shape>
                            <Polygon POINTS="313 1115 312 1123 326 1130 326 1130 327 1131 366 1131 366 1130 367 1130 368 1130 377 1124 396 1130 397 1130 398 1130 464 1124 520 1124 533 1131 533 1131 534 1131 535 1131 550 1125 577 1125 615 1132 615 1132 739 1126 768 1133 769 1133 867 1131 868 1131 878 1127 899 1133 899 1133 900 1133 901 1133 915 1126 916 1118 916 1094 893 1094 893 1093 885 1087 884 1087 884 1087 883 1087 882 1087 870 1093 869 1093 862 1093 765 1086 764 1086 764 1086 763 1086 755 1092 754 1092 731 1092 731 1091 725 1086 724 1086 723 1086 722 1086 721 1086 721 1086 713 1091 712 1092 710 1091 693 1086 692 1086 692 1086 646 1091 645 1091 611 1086 610 1086 610 1086 594 1091 590 1091 586 1091 576 1086 575 1086 574 1086 573 1086 572 1086 567 1090 565 1091 562 1090 552 1086 552 1086 551 1086 550 1086 538 1090 538 1090 534 1090 485 1086 485 1086 484 1086 469 1089 462 1091 455 1089 435 1085 412 1085 411 1085 410 1085 409 1085 403 1089 400 1091 394 1088 381 1085 380 1085 379 1085 360 1088 346 1091 313 1088 313 1115"/>
                        </Shape>
                        <String CONTENT=""/>
                    </TextLine>

                    <TextLine ID="line_25" HPOS="309" VPOS="1125" WIDTH="608" HEIGHT="59" BASELINE="310 1154 917 1157" TAGREFS="TYPE_1">
                        <Shape>
                            <Polygon POINTS="310 1154 309 1168 382 1176 383 1176 384 1176 398 1170 446 1170 466 1177 466 1177 467 1178 510 1178 515 1182 516 1182 517 1182 518 1183 551 1183 551 1182 552 1182 568 1175 605 1182 606 1183 673 1183 673 1182 673 1182 674 1182 685 1173 707 1182 708 1182 709 1182 710 1182 729 1172 764 1172 788 1183 789 1183 790 1184 833 1184 833 1183 834 1183 852 1174 882 1177 883 1177 884 1177 884 1177 892 1172 916 1172 917 1157 917 1131 877 1127 876 1127 875 1127 875 1127 870 1131 866 1134 815 1134 810 1131 802 1128 802 1128 801 1128 800 1128 792 1131 785 1133 776 1131 765 1129 764 1129 754 1131 745 1133 737 1131 725 1127 725 1127 724 1127 699 1131 690 1132 684 1131 668 1126 667 1126 666 1126 617 1131 601 1132 596 1131 583 1127 582 1127 581 1127 581 1127 569 1130 484 1125 483 1125 456 1130 404 1125 403 1125 310 1130 310 1154"/>
                        </Shape>
                        <String CONTENT=""/>
                    </TextLine>
</TextBlock>
                <TextBlock ID="block_2" HPOS="850" VPOS="1173" WIDTH="70" HEIGHT="38" TAGREFS="TYPE_29">
                    <Shape>
                        <Polygon POINTS="850.072998046875 1173.4688720703125 920.3316650390625 1173.4688720703125 920.3316650390625 1211.0198974609375 850.072998046875 1211.0198974609375 850.072998046875 1173.4688720703125"/>
                    </Shape>
                    <TextLine ID="line_26" HPOS="850" VPOS="1167" WIDTH="66" HEIGHT="46" BASELINE="851 1198 916 1196" TAGREFS="TYPE_1">
                        <Shape>
                            <Polygon POINTS="851 1198 851 1213 916 1209 916 1196 914 1174 894 1167 894 1167 893 1167 892 1167 882 1171 865 1168 865 1168 864 1168 863 1168 850 1175 851 1198"/>
                        </Shape>
                        <String CONTENT=""/>
                    </TextLine>
</TextBlock>
            </PrintSpace>
        </Page>
    </Layout>
</alto>