<?xml version="1.0" encoding="UTF-8"?>
<alto xmlns:xsi="http://www.w3.org/2001/XMLSchema-instance"
    xmlns="http://www.loc.gov/standards/alto/ns-v4#"
    xsi:schemaLocation="http://www.loc.gov/standards/alto/ns-v4# http://www.loc.gov/standards/alto/v4/alto-4-3.xsd">
    <Description>
        <MeasurementUnit>pixel</MeasurementUnit>
        <sourceImageInformation>
            <fileName>bsb10143002_00325.jpg</fileName>
        </sourceImageInformation>
        <Processing ID="OCR_0">
            <processingCategory>other</processingCategory>
            <processingStepDescription>unknown</processingStepDescription>
            <processingSoftware>
                <softwareName>kraken</softwareName>
                <softwareVersion>4.3.13</softwareVersion>
            </processingSoftware>
        </Processing>
    </Description>
    <Tags>
        <OtherTag ID="TYPE_1" LABEL="DefaultLine"/>
        <OtherTag ID="TYPE_2" LABEL="FigureZone-Head"/>
        <OtherTag ID="TYPE_3" LABEL="TableZone-Head"/>
        <OtherTag ID="TYPE_4" LABEL="MainZone-Sp"/>
        <OtherTag ID="TYPE_5" LABEL="MainZone-Form"/>
        <OtherTag ID="TYPE_6" LABEL="MarginTextZone-Notes-Continued"/>
        <OtherTag ID="TYPE_7" LABEL="AdvertisementZone"/>
        <OtherTag ID="TYPE_8" LABEL="StampZone"/>
        <OtherTag ID="TYPE_9" LABEL="MarginTextZone-ManuscriptAddendum"/>
        <OtherTag ID="TYPE_10" LABEL="StampZone-Sticker"/>
        <OtherTag ID="TYPE_11" LABEL="MainZone-Entry-Continued"/>
        <OtherTag ID="TYPE_12" LABEL="TableZone-Continued"/>
        <OtherTag ID="TYPE_13" LABEL="NumberingZone"/>
        <OtherTag ID="TYPE_14" LABEL="TableZone"/>
        <OtherTag ID="TYPE_15" LABEL="FigureZone-FigDesc"/>
        <OtherTag ID="TYPE_16" LABEL="MainZone-Entry"/>
        <OtherTag ID="TYPE_17" LABEL="MarginTextZone-Notes"/>
        <OtherTag ID="TYPE_18" LABEL="MainZone-Head"/>
        <OtherTag ID="TYPE_19" LABEL="DropCapitalZone"/>
        <OtherTag ID="TYPE_20" LABEL="MainZone-Date"/>
        <OtherTag ID="TYPE_21" LABEL="GraphicZone-Head"/>
        <OtherTag ID="TYPE_22" LABEL="MainZone-P"/>
        <OtherTag ID="TYPE_23" LABEL="GraphicZone-Part"/>
        <OtherTag ID="TYPE_24" LABEL="MainZone-Other"/>
        <OtherTag ID="TYPE_25" LABEL="MainZone-Lg"/>
        <OtherTag ID="TYPE_26" LABEL="GraphicZone-FigDesc"/>
        <OtherTag ID="TYPE_27" LABEL="GraphicZone-Decoration"/>
        <OtherTag ID="TYPE_28" LABEL="RunningTitleZone"/>
        <OtherTag ID="TYPE_29" LABEL="GraphicZone"/>
        <OtherTag ID="TYPE_30" LABEL="TitlePageZone"/>
        <OtherTag ID="TYPE_31" LABEL="GraphicZone-TextualContent"/>
        <OtherTag ID="TYPE_32" LABEL="MainZone-P-Continued"/>
        <OtherTag ID="TYPE_33" LABEL="MainZone-Lg-Continued"/>
        <OtherTag ID="TYPE_34" LABEL="DigitizationArtefactZone"/>
        <OtherTag ID="TYPE_35" LABEL="MainZone-List"/>
        <OtherTag ID="TYPE_36" LABEL="GraphicZone-Maths"/>
        <OtherTag ID="TYPE_37" LABEL="FigureZone"/>
        <OtherTag ID="TYPE_38" LABEL="QuireMarksZone"/>
        <OtherTag ID="TYPE_39" LABEL="MainZone-Sp-Continued"/>
        <OtherTag ID="TYPE_40" LABEL="TitlePageZone-Index"/>
        <OtherTag ID="TYPE_41" LABEL="MainZone-List-Continued"/>
        <OtherTag ID="TYPE_42" LABEL="MainZone-Signature"/>
    </Tags>
    <Layout>
        <Page WIDTH="2458" HEIGHT="3735" PHYSICAL_IMG_NR="0" ID="page_0">
            <PrintSpace HPOS="0" VPOS="0" WIDTH="2458" HEIGHT="3735">
                <TextBlock ID="block_0" HPOS="1956" VPOS="175" WIDTH="132" HEIGHT="74" TAGREFS="TYPE_13">
                    <Shape>
                        <Polygon POINTS="1956.5911865234375 175.2263946533203 2088.64208984375 175.2263946533203 2088.64208984375 249.5209197998047 1956.5911865234375 249.5209197998047 1956.5911865234375 175.2263946533203"/>
                    </Shape>
                    <TextLine ID="line_0" HPOS="1968" VPOS="147" WIDTH="103" HEIGHT="135" BASELINE="1968 219 2071 219" TAGREFS="TYPE_1">
                        <Shape>
                            <Polygon POINTS="1968 219 1968 259 1988 259 1992 261 2007 275 2009 275 2009 275 2013 280 2013 282 2015 282 2017 282 2019 282 2071 271 2071 219 2069 147 1968 166 1968 219"/>
                        </Shape>
                        <String CONTENT=""/>
                    </TextLine>
</TextBlock>
                <TextBlock ID="block_1" HPOS="1440" VPOS="168" WIDTH="123" HEIGHT="65" TAGREFS="TYPE_13">
                    <Shape>
                        <Polygon POINTS="1440.8702392578125 168.30474853515625 1563.9564208984375 168.30474853515625 1563.9564208984375 233.06350708007812 1440.8702392578125 233.06350708007812 1440.8702392578125 168.30474853515625"/>
                    </Shape>
                    <TextLine ID="line_1" HPOS="1438" VPOS="157" WIDTH="145" HEIGHT="83" BASELINE="1442 215 1583 211" TAGREFS="TYPE_1">
                        <Shape>
                            <Polygon POINTS="1442 215 1442 240 1583 234 1583 211 1579 161 1438 157 1442 215"/>
                        </Shape>
                        <String CONTENT=""/>
                    </TextLine>
</TextBlock>
                <TextBlock ID="block_3" HPOS="612" VPOS="166" WIDTH="239" HEIGHT="69" TAGREFS="TYPE_28">
                    <Shape>
                        <Polygon POINTS="612.4425659179688 166.56088256835938 851.7593383789062 166.56088256835938 851.7593383789062 235.22796630859375 612.4425659179688 235.22796630859375 612.4425659179688 166.56088256835938"/>
                    </Shape>
                    <TextLine ID="line_2" HPOS="606" VPOS="141" WIDTH="251" HEIGHT="97" BASELINE="606 213 857 213" TAGREFS="TYPE_1">
                        <Shape>
                            <Polygon POINTS="606 213 606 238 857 238 857 213 857 141 811 141 809 141 807 141 805 141 803 143 784 157 751 147 749 147 747 147 745 147 606 157 606 213"/>
                        </Shape>
                        <String CONTENT=""/>
                    </TextLine>
</TextBlock>
                <TextBlock ID="block_5" HPOS="129" VPOS="217" WIDTH="1885" HEIGHT="2838" TAGREFS="TYPE_32">
                    <Shape>
                        <Polygon POINTS="129.2208709716797 217.55966186523438 2014.5943603515625 217.55966186523438 2014.5943603515625 3055.37060546875 129.2208709716797 3055.37060546875 129.2208709716797 217.55966186523438"/>
                    </Shape>
                    <TextLine ID="line_3" HPOS="141" VPOS="209" WIDTH="1870" HEIGHT="96" BASELINE="143 275 2011 280" TAGREFS="TYPE_1">
                        <Shape>
                            <Polygon POINTS="143 275 141 292 2007 305 2011 280 2009 234 1903 215 1901 215 1899 215 1897 215 1874 230 1754 222 1752 222 1571 228 1415 232 1393 226 1382 222 1380 222 1378 222 1355 224 1305 232 1270 224 1262 222 1260 222 1258 222 1243 224 1179 232 1145 222 1121 213 1118 213 1031 211 1029 211 923 219 768 232 489 232 413 211 406 211 143 209 143 275"/>
                        </Shape>
                        <String CONTENT=""/>
                    </TextLine>

                    <TextLine ID="line_4" HPOS="145" VPOS="284" WIDTH="1856" HEIGHT="68" BASELINE="147 329 1204 323 2001 329" TAGREFS="TYPE_1">
                        <Shape>
                            <Polygon POINTS="147 329 147 348 1997 352 2001 329 1999 292 145 284 147 329"/>
                        </Shape>
                        <String CONTENT=""/>
                    </TextLine>

                    <TextLine ID="line_5" HPOS="145" VPOS="336" WIDTH="1854" HEIGHT="68" BASELINE="147 373 1999 379" TAGREFS="TYPE_1">
                        <Shape>
                            <Polygon POINTS="147 373 145 392 1995 404 1999 379 1997 342 147 336 147 373"/>
                        </Shape>
                        <String CONTENT=""/>
                    </TextLine>

                    <TextLine ID="line_6" HPOS="145" VPOS="379" WIDTH="1852" HEIGHT="75" BASELINE="147 419 1997 425" TAGREFS="TYPE_1">
                        <Shape>
                            <Polygon POINTS="147 419 145 439 1992 454 1997 425 1995 392 147 379 147 419"/>
                        </Shape>
                        <String CONTENT=""/>
                    </TextLine>

                    <TextLine ID="line_7" HPOS="145" VPOS="431" WIDTH="1854" HEIGHT="71" BASELINE="147 471 1999 477" TAGREFS="TYPE_1">
                        <Shape>
                            <Polygon POINTS="1992 452 1972 452 1951 452 1930 452 1909 452 1889 452 1868 452 1847 452 1826 452 1806 452 1785 452 1764 452 1743 452 1723 452 1702 452 1681 452 1660 452 1640 452 1619 452 1598 452 1577 452 1557 452 1536 452 1515 452 1494 452 1473 452 1453 452 1432 452 1411 452 1390 452 1370 452 1349 452 1328 452 1307 452 1287 452 1266 452 1245 452 1224 452 1204 452 1183 452 1162 452 1141 452 1121 452 1100 452 1079 452 1058 452 1038 452 1017 452 996 452 975 452 954 452 934 452 913 452 892 452 871 452 851 452 830 452 809 452 788 452 768 452 747 452 726 452 705 452 685 452 664 452 643 452 622 452 602 452 581 452 560 452 539 452 519 452 498 452 477 452 456 452 435 452 415 452 394 452 373 452 352 452 332 452 311 452 290 452 269 452 255 431 147 431 147 471 145 489 1995 502 1999 477 1997 452 1992 452"/>
                        </Shape>
                        <String CONTENT=""/>
                    </TextLine>

                    <TextLine ID="line_8" HPOS="143" VPOS="481" WIDTH="1858" HEIGHT="70" BASELINE="145 520 2001 527" TAGREFS="TYPE_1">
                        <Shape>
                            <Polygon POINTS="145 520 143 543 1997 551 2001 527 1999 489 145 481 145 520"/>
                        </Shape>
                        <String CONTENT=""/>
                    </TextLine>

                    <TextLine ID="line_9" HPOS="147" VPOS="529" WIDTH="1848" HEIGHT="74" BASELINE="149 568 1995 578" TAGREFS="TYPE_1">
                        <Shape>
                            <Polygon POINTS="149 568 147 587 1990 603 1995 578 1992 541 149 529 149 568"/>
                        </Shape>
                        <String CONTENT=""/>
                    </TextLine>

                    <TextLine ID="line_10" HPOS="149" VPOS="574" WIDTH="1850" HEIGHT="75" BASELINE="151 616 1999 622" TAGREFS="TYPE_1">
                        <Shape>
                            <Polygon POINTS="151 616 149 637 1995 649 1999 622 1997 589 151 574 151 616"/>
                        </Shape>
                        <String CONTENT=""/>
                    </TextLine>

                    <TextLine ID="line_11" HPOS="143" VPOS="630" WIDTH="1849" HEIGHT="63" BASELINE="145 672 1992 668" TAGREFS="TYPE_1">
                        <Shape>
                            <Polygon POINTS="145 672 145 693 1990 688 1992 668 1988 634 143 630 145 672"/>
                        </Shape>
                        <String CONTENT=""/>
                    </TextLine>

                    <TextLine ID="line_12" HPOS="143" VPOS="680" WIDTH="1856" HEIGHT="69" BASELINE="145 717 1999 724" TAGREFS="TYPE_1">
                        <Shape>
                            <Polygon POINTS="145 717 143 736 1995 749 1999 724 1997 686 145 680 145 717"/>
                        </Shape>
                        <String CONTENT=""/>
                    </TextLine>

                    <TextLine ID="line_13" HPOS="143" VPOS="724" WIDTH="1852" HEIGHT="72" BASELINE="145 767 1995 771" TAGREFS="TYPE_1">
                        <Shape>
                            <Polygon POINTS="145 767 143 784 1990 796 1995 771 1992 736 145 724 145 767"/>
                        </Shape>
                        <String CONTENT=""/>
                    </TextLine>

                    <TextLine ID="line_14" HPOS="143" VPOS="771" WIDTH="1852" HEIGHT="75" BASELINE="145 815 1995 821" TAGREFS="TYPE_1">
                        <Shape>
                            <Polygon POINTS="145 815 143 836 1990 846 1995 821 1992 786 145 771 145 815"/>
                        </Shape>
                        <String CONTENT=""/>
                    </TextLine>

                    <TextLine ID="line_15" HPOS="143" VPOS="830" WIDTH="1854" HEIGHT="58" BASELINE="143 869 1997 869" TAGREFS="TYPE_1">
                        <Shape>
                            <Polygon POINTS="143 869 143 888 1997 888 1997 869 1997 834 143 830 143 869"/>
                        </Shape>
                        <String CONTENT=""/>
                    </TextLine>

                    <TextLine ID="line_16" HPOS="143" VPOS="879" WIDTH="1852" HEIGHT="56" BASELINE="145 915 1995 919" TAGREFS="TYPE_1">
                        <Shape>
                            <Polygon POINTS="145 915 143 933 1990 935 1995 919 1992 883 145 879 145 915"/>
                        </Shape>
                        <String CONTENT=""/>
                    </TextLine>

                    <TextLine ID="line_17" HPOS="145" VPOS="921" WIDTH="1850" HEIGHT="72" BASELINE="147 962 1995 966" TAGREFS="TYPE_1">
                        <Shape>
                            <Polygon POINTS="147 962 145 983 1990 993 1995 966 1992 923 147 921 147 962"/>
                        </Shape>
                        <String CONTENT=""/>
                    </TextLine>

                    <TextLine ID="line_18" HPOS="143" VPOS="973" WIDTH="1852" HEIGHT="70" BASELINE="145 1012 1995 1018" TAGREFS="TYPE_1">
                        <Shape>
                            <Polygon POINTS="145 1012 143 1033 1990 1043 1995 1018 1992 981 145 973 145 1012"/>
                        </Shape>
                        <String CONTENT=""/>
                    </TextLine>

                    <TextLine ID="line_19" HPOS="145" VPOS="1027" WIDTH="1852" HEIGHT="64" BASELINE="147 1062 1997 1066" TAGREFS="TYPE_1">
                        <Shape>
                            <Polygon POINTS="147 1062 145 1081 1992 1091 1997 1066 1995 1031 147 1027 147 1062"/>
                        </Shape>
                        <String CONTENT=""/>
                    </TextLine>

                    <TextLine ID="line_20" HPOS="141" VPOS="1072" WIDTH="1856" HEIGHT="67" BASELINE="143 1110 1997 1116" TAGREFS="TYPE_1">
                        <Shape>
                            <Polygon POINTS="143 1110 141 1130 1992 1139 1997 1116 1997 1081 143 1072 143 1110"/>
                        </Shape>
                        <String CONTENT=""/>
                    </TextLine>

                    <TextLine ID="line_21" HPOS="141" VPOS="1118" WIDTH="1856" HEIGHT="64" BASELINE="143 1159 1997 1164" TAGREFS="TYPE_1">
                        <Shape>
                            <Polygon POINTS="143 1159 141 1178 1992 1182 1997 1164 1997 1130 143 1118 143 1159"/>
                        </Shape>
                        <String CONTENT=""/>
                    </TextLine>

                    <TextLine ID="line_22" HPOS="141" VPOS="1170" WIDTH="1856" HEIGHT="70" BASELINE="143 1207 1997 1213" TAGREFS="TYPE_1">
                        <Shape>
                            <Polygon POINTS="143 1207 141 1228 1992 1240 1997 1213 1997 1170 143 1170 143 1207"/>
                        </Shape>
                        <String CONTENT=""/>
                    </TextLine>

                    <TextLine ID="line_23" HPOS="141" VPOS="1226" WIDTH="1854" HEIGHT="62" BASELINE="143 1257 1995 1261" TAGREFS="TYPE_1">
                        <Shape>
                            <Polygon POINTS="143 1257 141 1278 1990 1288 1995 1261 1995 1230 143 1226 143 1257"/>
                        </Shape>
                        <String CONTENT=""/>
                    </TextLine>

                    <TextLine ID="line_24" HPOS="141" VPOS="1276" WIDTH="1854" HEIGHT="54" BASELINE="143 1307 1995 1311" TAGREFS="TYPE_1">
                        <Shape>
                            <Polygon POINTS="143 1307 141 1325 1990 1330 1995 1311 1995 1280 143 1276 143 1307"/>
                        </Shape>
                        <String CONTENT=""/>
                    </TextLine>

                    <TextLine ID="line_25" HPOS="141" VPOS="1315" WIDTH="1856" HEIGHT="69" BASELINE="143 1361 1997 1357" TAGREFS="TYPE_1">
                        <Shape>
                            <Polygon POINTS="143 1361 143 1381 1992 1384 1997 1357 1990 1315 141 1317 143 1361"/>
                        </Shape>
                        <String CONTENT=""/>
                    </TextLine>

                    <TextLine ID="line_26" HPOS="141" VPOS="1375" WIDTH="1854" HEIGHT="62" BASELINE="141 1411 1995 1411" TAGREFS="TYPE_1">
                        <Shape>
                            <Polygon POINTS="141 1411 141 1431 1992 1437 1995 1411 1995 1375 141 1375 141 1411"/>
                        </Shape>
                        <String CONTENT=""/>
                    </TextLine>

                    <TextLine ID="line_27" HPOS="145" VPOS="1417" WIDTH="1852" HEIGHT="70" BASELINE="145 1460 1997 1460" TAGREFS="TYPE_1">
                        <Shape>
                            <Polygon POINTS="145 1460 145 1487 1997 1487 1997 1460 1997 1423 145 1417 145 1460"/>
                        </Shape>
                        <String CONTENT=""/>
                    </TextLine>

                    <TextLine ID="line_28" HPOS="145" VPOS="1473" WIDTH="1850" HEIGHT="62" BASELINE="145 1508 1995 1508" TAGREFS="TYPE_1">
                        <Shape>
                            <Polygon POINTS="145 1508 145 1527 1990 1535 1995 1508 1992 1473 145 1473 145 1508"/>
                        </Shape>
                        <String CONTENT=""/>
                    </TextLine>

                    <TextLine ID="line_29" HPOS="141" VPOS="1518" WIDTH="1849" HEIGHT="59" BASELINE="143 1554 1990 1558" TAGREFS="TYPE_1">
                        <Shape>
                            <Polygon POINTS="143 1554 141 1572 1986 1577 1990 1558 1990 1523 143 1518 143 1554"/>
                        </Shape>
                        <String CONTENT=""/>
                    </TextLine>

                    <TextLine ID="line_30" HPOS="141" VPOS="1564" WIDTH="1854" HEIGHT="66" BASELINE="141 1606 1995 1606" TAGREFS="TYPE_1">
                        <Shape>
                            <Polygon POINTS="141 1606 141 1626 1992 1630 1995 1606 1995 1572 141 1564 141 1606"/>
                        </Shape>
                        <String CONTENT=""/>
                    </TextLine>

                    <TextLine ID="line_31" HPOS="143" VPOS="1614" WIDTH="1847" HEIGHT="62" BASELINE="143 1653 1990 1657" TAGREFS="TYPE_1">
                        <Shape>
                            <Polygon POINTS="143 1653 143 1676 1988 1674 1990 1657 1990 1620 143 1614 143 1653"/>
                        </Shape>
                        <String CONTENT=""/>
                    </TextLine>

                    <TextLine ID="line_32" HPOS="139" VPOS="1662" WIDTH="1853" HEIGHT="70" BASELINE="141 1701 1992 1707" TAGREFS="TYPE_1">
                        <Shape>
                            <Polygon POINTS="141 1701 139 1720 1988 1732 1992 1707 1990 1670 141 1662 141 1701"/>
                        </Shape>
                        <String CONTENT=""/>
                    </TextLine>

                    <TextLine ID="line_33" HPOS="139" VPOS="1713" WIDTH="1698" HEIGHT="67" BASELINE="141 1749 1837 1753" TAGREFS="TYPE_1">
                        <Shape>
                            <Polygon POINTS="141 1749 139 1767 1833 1780 1837 1753 1835 1718 141 1713 141 1749"/>
                        </Shape>
                        <String CONTENT=""/>
                    </TextLine>

                    <TextLine ID="line_34" HPOS="143" VPOS="1767" WIDTH="1849" HEIGHT="61" BASELINE="145 1805 1992 1801" TAGREFS="TYPE_1">
                        <Shape>
                            <Polygon POINTS="145 1805 145 1823 1988 1828 1992 1801 1988 1767 143 1767 145 1805"/>
                        </Shape>
                        <String CONTENT=""/>
                    </TextLine>

                    <TextLine ID="line_35" HPOS="141" VPOS="1811" WIDTH="1849" HEIGHT="64" BASELINE="141 1848 1990 1855" TAGREFS="TYPE_1">
                        <Shape>
                            <Polygon POINTS="141 1848 141 1875 1988 1875 1990 1855 1988 1817 141 1811 141 1848"/>
                        </Shape>
                        <String CONTENT=""/>
                    </TextLine>

                    <TextLine ID="line_36" HPOS="139" VPOS="1859" WIDTH="1853" HEIGHT="70" BASELINE="141 1896 1992 1902" TAGREFS="TYPE_1">
                        <Shape>
                            <Polygon POINTS="141 1896 139 1919 1988 1929 1992 1902 1988 1859 141 1859 141 1896"/>
                        </Shape>
                        <String CONTENT=""/>
                    </TextLine>

                    <TextLine ID="line_37" HPOS="141" VPOS="1917" WIDTH="1849" HEIGHT="60" BASELINE="141 1950 1990 1950" TAGREFS="TYPE_1">
                        <Shape>
                            <Polygon POINTS="141 1950 141 1969 1986 1977 1990 1950 1988 1917 141 1917 141 1950"/>
                        </Shape>
                        <String CONTENT=""/>
                    </TextLine>

                    <TextLine ID="line_38" HPOS="141" VPOS="1960" WIDTH="1849" HEIGHT="67" BASELINE="141 2000 1990 2000" TAGREFS="TYPE_1">
                        <Shape>
                            <Polygon POINTS="141 2000 141 2018 1986 2027 1990 2000 1988 1965 141 1960 141 2000"/>
                        </Shape>
                        <String CONTENT=""/>
                    </TextLine>

                    <TextLine ID="line_39" HPOS="139" VPOS="2012" WIDTH="1851" HEIGHT="65" BASELINE="139 2050 1990 2050" TAGREFS="TYPE_1">
                        <Shape>
                            <Polygon POINTS="139 2050 139 2068 1988 2077 1990 2050 1990 2012 139 2012 139 2050"/>
                        </Shape>
                        <String CONTENT=""/>
                    </TextLine>

                    <TextLine ID="line_40" HPOS="139" VPOS="2064" WIDTH="1849" HEIGHT="60" BASELINE="139 2099 1988 2099" TAGREFS="TYPE_1">
                        <Shape>
                            <Polygon POINTS="139 2099 139 2116 1984 2124 1988 2099 1986 2064 139 2064 139 2099"/>
                        </Shape>
                        <String CONTENT=""/>
                    </TextLine>

                    <TextLine ID="line_41" HPOS="137" VPOS="2110" WIDTH="1851" HEIGHT="64" BASELINE="139 2149 1988 2145" TAGREFS="TYPE_1">
                        <Shape>
                            <Polygon POINTS="139 2149 139 2168 1984 2174 1988 2145 1982 2110 137 2110 139 2149"/>
                        </Shape>
                        <String CONTENT=""/>
                    </TextLine>

                    <TextLine ID="line_42" HPOS="137" VPOS="2158" WIDTH="1847" HEIGHT="66" BASELINE="139 2195 1984 2199" TAGREFS="TYPE_1">
                        <Shape>
                            <Polygon POINTS="139 2195 137 2220 1980 2224 1984 2199 1982 2162 139 2158 139 2195"/>
                        </Shape>
                        <String CONTENT=""/>
                    </TextLine>

                    <TextLine ID="line_43" HPOS="141" VPOS="2207" WIDTH="1845" HEIGHT="67" BASELINE="141 2247 1986 2247" TAGREFS="TYPE_1">
                        <Shape>
                            <Polygon POINTS="141 2247 141 2265 1984 2274 1986 2247 1986 2211 141 2207 141 2247"/>
                        </Shape>
                        <String CONTENT=""/>
                    </TextLine>

                    <TextLine ID="line_44" HPOS="139" VPOS="2259" WIDTH="1853" HEIGHT="62" BASELINE="141 2297 1992 2292" TAGREFS="TYPE_1">
                        <Shape>
                            <Polygon POINTS="141 2297 141 2315 1988 2321 1992 2292 1988 2259 139 2259 141 2297"/>
                        </Shape>
                        <String CONTENT=""/>
                    </TextLine>

                    <TextLine ID="line_45" HPOS="141" VPOS="2307" WIDTH="1849" HEIGHT="64" BASELINE="141 2346 1990 2346" TAGREFS="TYPE_1">
                        <Shape>
                            <Polygon POINTS="141 2346 141 2367 1986 2371 1990 2346 1988 2311 141 2307 141 2346"/>
                        </Shape>
                        <String CONTENT=""/>
                    </TextLine>

                    <TextLine ID="line_46" HPOS="141" VPOS="2359" WIDTH="1849" HEIGHT="64" BASELINE="141 2394 1990 2394" TAGREFS="TYPE_1">
                        <Shape>
                            <Polygon POINTS="141 2394 141 2423 1988 2423 1990 2394 1988 2359 141 2359 141 2394"/>
                        </Shape>
                        <String CONTENT=""/>
                    </TextLine>

                    <TextLine ID="line_47" HPOS="137" VPOS="2409" WIDTH="1855" HEIGHT="58" BASELINE="139 2446 1992 2442" TAGREFS="TYPE_1">
                        <Shape>
                            <Polygon POINTS="139 2446 139 2467 1990 2467 1992 2442 1986 2409 137 2409 139 2446"/>
                        </Shape>
                        <String CONTENT=""/>
                    </TextLine>

                    <TextLine ID="line_48" HPOS="139" VPOS="2452" WIDTH="1856" HEIGHT="67" BASELINE="139 2494 1995 2494" TAGREFS="TYPE_1">
                        <Shape>
                            <Polygon POINTS="139 2494 139 2512 1992 2519 1995 2494 1995 2456 139 2452 139 2494"/>
                        </Shape>
                        <String CONTENT=""/>
                    </TextLine>

                    <TextLine ID="line_49" HPOS="137" VPOS="2496" WIDTH="1858" HEIGHT="66" BASELINE="139 2539 1995 2543" TAGREFS="TYPE_1">
                        <Shape>
                            <Polygon POINTS="139 2539 137 2560 1990 2562 1995 2543 1992 2508 139 2496 139 2539"/>
                        </Shape>
                        <String CONTENT=""/>
                    </TextLine>

                    <TextLine ID="line_50" HPOS="141" VPOS="2556" WIDTH="1851" HEIGHT="60" BASELINE="143 2593 1992 2589" TAGREFS="TYPE_1">
                        <Shape>
                            <Polygon POINTS="143 2593 143 2612 1988 2616 1992 2589 1986 2556 141 2558 143 2593"/>
                        </Shape>
                        <String CONTENT=""/>
                    </TextLine>

                    <TextLine ID="line_51" HPOS="141" VPOS="2597" WIDTH="1854" HEIGHT="67" BASELINE="141 2641 1995 2641" TAGREFS="TYPE_1">
                        <Shape>
                            <Polygon POINTS="141 2641 141 2664 1995 2664 1995 2641 1995 2606 141 2597 141 2641"/>
                        </Shape>
                        <String CONTENT=""/>
                    </TextLine>

                    <TextLine ID="line_52" HPOS="141" VPOS="2649" WIDTH="1854" HEIGHT="65" BASELINE="141 2691 1995 2691" TAGREFS="TYPE_1">
                        <Shape>
                            <Polygon POINTS="141 2691 141 2714 1995 2714 1995 2691 1995 2651 141 2649 141 2691"/>
                        </Shape>
                        <String CONTENT=""/>
                    </TextLine>

                    <TextLine ID="line_53" HPOS="141" VPOS="2701" WIDTH="1851" HEIGHT="60" BASELINE="141 2739 1992 2739" TAGREFS="TYPE_1">
                        <Shape>
                            <Polygon POINTS="141 2739 141 2761 1992 2761 1992 2739 1990 2701 141 2703 141 2739"/>
                        </Shape>
                        <String CONTENT=""/>
                    </TextLine>

                    <TextLine ID="line_54" HPOS="141" VPOS="2749" WIDTH="1856" HEIGHT="66" BASELINE="141 2788 1997 2788" TAGREFS="TYPE_1">
                        <Shape>
                            <Polygon POINTS="141 2788 141 2813 1995 2815 1997 2788 1997 2749 141 2749 141 2788"/>
                        </Shape>
                        <String CONTENT=""/>
                    </TextLine>

                    <TextLine ID="line_55" HPOS="143" VPOS="2799" WIDTH="1457" HEIGHT="64" BASELINE="143 2838 1600 2838" TAGREFS="TYPE_1">
                        <Shape>
                            <Polygon POINTS="143 2838 143 2863 1600 2861 1600 2838 1600 2803 143 2799 143 2838"/>
                        </Shape>
                        <String CONTENT=""/>
                    </TextLine>
</TextBlock>
                <TextBlock ID="block_2" HPOS="137" VPOS="2854" WIDTH="1873" HEIGHT="254" TAGREFS="TYPE_22">
                    <Shape>
                        <Polygon POINTS="137.37132263183594 2854.0537109375 2010.5401611328125 2854.0537109375 2010.5401611328125 3108.726318359375 137.37132263183594 3108.726318359375 137.37132263183594 2854.0537109375"/>
                    </Shape>
                    <TextLine ID="line_56" HPOS="153" VPOS="2840" WIDTH="23" HEIGHT="75" BASELINE="155 2882 176 2884" TAGREFS="TYPE_1">
                        <Shape>
                            <Polygon POINTS="155 2882 153 2915 172 2907 176 2884 176 2844 155 2840 155 2882"/>
                        </Shape>
                        <String CONTENT=""/>
                    </TextLine>

                    <TextLine ID="line_57" HPOS="228" VPOS="2848" WIDTH="1771" HEIGHT="61" BASELINE="228 2886 1999 2886" TAGREFS="TYPE_1">
                        <Shape>
                            <Polygon POINTS="228 2886 228 2909 1999 2909 1999 2886 1999 2853 228 2848 228 2886"/>
                        </Shape>
                        <String CONTENT=""/>
                    </TextLine>

                    <TextLine ID="line_58" HPOS="174" VPOS="2898" WIDTH="1823" HEIGHT="63" BASELINE="176 2940 1997 2931" TAGREFS="TYPE_1">
                        <Shape>
                            <Polygon POINTS="176 2940 176 2961 1995 2952 1997 2931 1992 2900 174 2898 176 2940"/>
                        </Shape>
                        <String CONTENT=""/>
                    </TextLine>

                    <TextLine ID="line_59" HPOS="139" VPOS="2942" WIDTH="1862" HEIGHT="66" BASELINE="141 2985 2001 2981" TAGREFS="TYPE_1">
                        <Shape>
                            <Polygon POINTS="141 2985 141 3008 1999 3004 2001 2981 1995 2942 139 2944 141 2985"/>
                        </Shape>
                        <String CONTENT=""/>
                    </TextLine>

                    <TextLine ID="line_60" HPOS="139" VPOS="2994" WIDTH="1864" HEIGHT="64" BASELINE="141 3037 2003 3031" TAGREFS="TYPE_1">
                        <Shape>
                            <Polygon POINTS="141 3037 141 3058 2001 3056 2003 3031 1997 2994 139 2998 141 3037"/>
                        </Shape>
                        <String CONTENT=""/>
                    </TextLine>

                    <TextLine ID="line_61" HPOS="139" VPOS="3044" WIDTH="1868" HEIGHT="107" BASELINE="141 3087 2007 3079" TAGREFS="TYPE_1">
                        <Shape>
                            <Polygon POINTS="141 3087 141 3151 411 3151 411 3149 413 3149 415 3149 487 3124 537 3141 539 3141 693 3147 722 3147 724 3147 726 3147 728 3147 759 3131 822 3141 824 3141 940 3114 1073 3114 1345 3114 1482 3141 1484 3141 1486 3141 1540 3124 1590 3135 1592 3135 1594 3135 1627 3127 1660 3141 1662 3141 1664 3141 1667 3141 1766 3112 1816 3112 1841 3129 1843 3129 1845 3129 1847 3129 1849 3129 1899 3116 1936 3141 1938 3143 1941 3143 1943 3143 1945 3143 2007 3139 2007 3079 2001 3044 139 3050 141 3087"/>
                        </Shape>
                        <String CONTENT=""/>
                    </TextLine>
</TextBlock>
                <TextBlock ID="textblock_6">
                    
                    <TextLine ID="line_62" HPOS="921" VPOS="3091" WIDTH="361" HEIGHT="106" BASELINE="923 3137 1282 3133" TAGREFS="TYPE_1">
                        <Shape>
                            <Polygon POINTS="923 3137 923 3183 1011 3195 1013 3195 1015 3195 1040 3187 1056 3183 1075 3189 1096 3197 1098 3197 1100 3197 1102 3197 1104 3197 1112 3191 1133 3178 1208 3178 1229 3195 1231 3195 1233 3195 1235 3197 1280 3197 1282 3133 1278 3102 944 3091 942 3091 940 3091 938 3091 921 3100 923 3137"/>
                        </Shape>
                        <String CONTENT=""/>
                    </TextLine>

                </TextBlock>
                <TextBlock ID="block_6" HPOS="1767" VPOS="3099" WIDTH="165" HEIGHT="67" TAGREFS="TYPE_38">
                    <Shape>
                        <Polygon POINTS="1767.407470703125 3099.19970703125 1932.22607421875 3099.19970703125 1932.22607421875 3166.409912109375 1767.407470703125 3166.409912109375 1767.407470703125 3099.19970703125"/>
                    </Shape>
                    <TextLine ID="line_63" HPOS="1777" VPOS="3089" WIDTH="141" HEIGHT="104" BASELINE="1779 3137 1918 3133" TAGREFS="TYPE_1">
                        <Shape>
                            <Polygon POINTS="1779 3137 1781 3193 1847 3180 1918 3189 1918 3133 1912 3106 1837 3106 1822 3095 1816 3089 1814 3089 1812 3089 1810 3089 1777 3089 1779 3137"/>
                        </Shape>
                        <String CONTENT=""/>
                    </TextLine>
</TextBlock>
            </PrintSpace>
        </Page>
    </Layout>
</alto>