<?xml version="1.0" encoding="UTF-8"?>
<alto xmlns:xsi="http://www.w3.org/2001/XMLSchema-instance"
    xmlns="http://www.loc.gov/standards/alto/ns-v4#"
    xsi:schemaLocation="http://www.loc.gov/standards/alto/ns-v4# http://www.loc.gov/standards/alto/v4/alto-4-3.xsd">
    <Description>
        <MeasurementUnit>pixel</MeasurementUnit>
        <sourceImageInformation>
            <fileName>bsb10143002_00332.jpg</fileName>
        </sourceImageInformation>
        <Processing ID="OCR_0">
            <processingCategory>other</processingCategory>
            <processingStepDescription>unknown</processingStepDescription>
            <processingSoftware>
                <softwareName>kraken</softwareName>
                <softwareVersion>4.3.13</softwareVersion>
            </processingSoftware>
        </Processing>
    </Description>
    <Tags>
        <OtherTag ID="TYPE_1" LABEL="DefaultLine"/>
        <OtherTag ID="TYPE_2" LABEL="FigureZone-Head"/>
        <OtherTag ID="TYPE_3" LABEL="TableZone-Head"/>
        <OtherTag ID="TYPE_4" LABEL="MainZone-Sp"/>
        <OtherTag ID="TYPE_5" LABEL="MainZone-Form"/>
        <OtherTag ID="TYPE_6" LABEL="MarginTextZone-Notes-Continued"/>
        <OtherTag ID="TYPE_7" LABEL="AdvertisementZone"/>
        <OtherTag ID="TYPE_8" LABEL="StampZone"/>
        <OtherTag ID="TYPE_9" LABEL="MarginTextZone-ManuscriptAddendum"/>
        <OtherTag ID="TYPE_10" LABEL="StampZone-Sticker"/>
        <OtherTag ID="TYPE_11" LABEL="MainZone-Entry-Continued"/>
        <OtherTag ID="TYPE_12" LABEL="TableZone-Continued"/>
        <OtherTag ID="TYPE_13" LABEL="NumberingZone"/>
        <OtherTag ID="TYPE_14" LABEL="TableZone"/>
        <OtherTag ID="TYPE_15" LABEL="FigureZone-FigDesc"/>
        <OtherTag ID="TYPE_16" LABEL="MainZone-Entry"/>
        <OtherTag ID="TYPE_17" LABEL="MarginTextZone-Notes"/>
        <OtherTag ID="TYPE_18" LABEL="MainZone-Head"/>
        <OtherTag ID="TYPE_19" LABEL="DropCapitalZone"/>
        <OtherTag ID="TYPE_20" LABEL="MainZone-Date"/>
        <OtherTag ID="TYPE_21" LABEL="GraphicZone-Head"/>
        <OtherTag ID="TYPE_22" LABEL="MainZone-P"/>
        <OtherTag ID="TYPE_23" LABEL="GraphicZone-Part"/>
        <OtherTag ID="TYPE_24" LABEL="MainZone-Other"/>
        <OtherTag ID="TYPE_25" LABEL="MainZone-Lg"/>
        <OtherTag ID="TYPE_26" LABEL="GraphicZone-FigDesc"/>
        <OtherTag ID="TYPE_27" LABEL="GraphicZone-Decoration"/>
        <OtherTag ID="TYPE_28" LABEL="RunningTitleZone"/>
        <OtherTag ID="TYPE_29" LABEL="GraphicZone"/>
        <OtherTag ID="TYPE_30" LABEL="TitlePageZone"/>
        <OtherTag ID="TYPE_31" LABEL="GraphicZone-TextualContent"/>
        <OtherTag ID="TYPE_32" LABEL="MainZone-P-Continued"/>
        <OtherTag ID="TYPE_33" LABEL="MainZone-Lg-Continued"/>
        <OtherTag ID="TYPE_34" LABEL="DigitizationArtefactZone"/>
        <OtherTag ID="TYPE_35" LABEL="MainZone-List"/>
        <OtherTag ID="TYPE_36" LABEL="GraphicZone-Maths"/>
        <OtherTag ID="TYPE_37" LABEL="FigureZone"/>
        <OtherTag ID="TYPE_38" LABEL="QuireMarksZone"/>
        <OtherTag ID="TYPE_39" LABEL="MainZone-Sp-Continued"/>
        <OtherTag ID="TYPE_40" LABEL="TitlePageZone-Index"/>
        <OtherTag ID="TYPE_41" LABEL="MainZone-List-Continued"/>
        <OtherTag ID="TYPE_42" LABEL="MainZone-Signature"/>
    </Tags>
    <Layout>
        <Page WIDTH="2359" HEIGHT="3726" PHYSICAL_IMG_NR="0" ID="page_0">
            <PrintSpace HPOS="0" VPOS="0" WIDTH="2359" HEIGHT="3726">
                <TextBlock ID="block_3" HPOS="728" VPOS="146" WIDTH="464" HEIGHT="69" TAGREFS="TYPE_28">
                    <Shape>
                        <Polygon POINTS="728.9735717773438 146.14491271972656 1192.542236328125 146.14491271972656 1192.542236328125 215.57974243164062 728.9735717773438 215.57974243164062 728.9735717773438 146.14491271972656"/>
                    </Shape>
                    <TextLine ID="line_0" HPOS="718" VPOS="120" WIDTH="472" HEIGHT="97" BASELINE="720 194 1190 190" TAGREFS="TYPE_1">
                        <Shape>
                            <Polygon POINTS="720 194 720 217 1188 209 1190 190 1186 120 1093 120 1091 120 1089 120 1087 120 1085 122 1072 132 971 126 886 122 884 122 882 122 880 122 880 124 871 130 867 136 718 136 720 194"/>
                        </Shape>
                        <String CONTENT=""/>
                    </TextLine>
</TextBlock>
                <TextBlock ID="block_4" HPOS="1500" VPOS="144" WIDTH="561" HEIGHT="69" TAGREFS="TYPE_28">
                    <Shape>
                        <Polygon POINTS="1500.92041015625 144.0692901611328 2061.477294921875 144.0692901611328 2061.477294921875 213.32351684570312 1500.92041015625 213.32351684570312 1500.92041015625 144.0692901611328"/>
                    </Shape>
                    <TextLine ID="line_1" HPOS="1499" VPOS="136" WIDTH="559" HEIGHT="83" BASELINE="1499 190 2058 190" TAGREFS="TYPE_1">
                        <Shape>
                            <Polygon POINTS="1499 190 1499 219 2058 213 2058 190 2056 136 1499 136 1499 190"/>
                        </Shape>
                        <String CONTENT=""/>
                    </TextLine>
</TextBlock>
                <TextBlock ID="block_5" HPOS="455" VPOS="210" WIDTH="1848" HEIGHT="1393" TAGREFS="TYPE_32">
                    <Shape>
                        <Polygon POINTS="455.68280029296875 210.50250244140625 2303.03271484375 210.50250244140625 2303.03271484375 1603.5965576171875 455.68280029296875 1603.5965576171875 455.68280029296875 210.50250244140625"/>
                    </Shape>
                    <TextLine ID="line_2" HPOS="459" VPOS="200" WIDTH="1831" HEIGHT="89" BASELINE="461 262 1661 254 2290 267" TAGREFS="TYPE_1">
                        <Shape>
                            <Polygon POINTS="461 262 461 289 658 279 2286 285 2290 267 2286 204 1584 213 1569 209 1549 200 1547 200 1331 200 1329 200 1228 211 1201 213 1180 211 1099 200 1097 200 1095 200 1072 213 1070 213 1039 213 857 202 855 202 799 213 749 200 747 200 557 200 555 200 459 215 461 262"/>
                        </Shape>
                        <String CONTENT=""/>
                    </TextLine>

                    <TextLine ID="line_3" HPOS="461" VPOS="273" WIDTH="1827" HEIGHT="62" BASELINE="463 310 1650 304 2288 316" TAGREFS="TYPE_1">
                        <Shape>
                            <Polygon POINTS="463 310 461 333 2284 335 2288 316 2286 273 463 273 463 310"/>
                        </Shape>
                        <String CONTENT=""/>
                    </TextLine>

                    <TextLine ID="line_4" HPOS="461" VPOS="314" WIDTH="1829" HEIGHT="71" BASELINE="463 362 1623 353 2290 364" TAGREFS="TYPE_1">
                        <Shape>
                            <Polygon POINTS="463 362 463 385 2288 378 2290 364 2288 322 606 314 604 314 461 324 463 362"/>
                        </Shape>
                        <String CONTENT=""/>
                    </TextLine>

                    <TextLine ID="line_5" HPOS="461" VPOS="372" WIDTH="1831" HEIGHT="64" BASELINE="463 409 1690 403 2292 413" TAGREFS="TYPE_1">
                        <Shape>
                            <Polygon POINTS="463 409 463 436 693 426 2288 432 2292 413 2288 372 461 372 463 409"/>
                        </Shape>
                        <String CONTENT=""/>
                    </TextLine>

                    <TextLine ID="line_6" HPOS="461" VPOS="424" WIDTH="1833" HEIGHT="58" BASELINE="463 457 1694 453 2294 461" TAGREFS="TYPE_1">
                        <Shape>
                            <Polygon POINTS="2284 436 2263 436 2243 436 2222 436 2201 436 2180 436 2160 436 2139 436 2118 436 2098 436 2077 436 2056 436 2035 436 2015 436 1994 436 1973 436 1953 436 1932 436 1911 436 1890 436 1870 436 1849 436 1828 436 1808 436 1787 436 1766 436 1745 436 1725 436 1704 436 1683 436 1663 436 1642 436 1621 436 1600 436 1580 436 1559 436 1538 436 1518 436 1497 436 1476 436 1455 436 1435 436 1414 436 1393 436 1373 436 1352 436 1331 436 1311 436 1290 436 1269 436 1248 436 1228 436 1207 436 1186 436 1166 436 1145 436 1124 436 1103 436 1083 436 1062 436 1041 436 1021 436 1000 436 979 436 958 436 950 424 461 424 463 457 463 480 2290 482 2294 461 2290 436 2284 436"/>
                        </Shape>
                        <String CONTENT=""/>
                    </TextLine>

                    <TextLine ID="line_7" HPOS="459" VPOS="471" WIDTH="1835" HEIGHT="60" BASELINE="461 507 1814 503 2294 511" TAGREFS="TYPE_1">
                        <Shape>
                            <Polygon POINTS="461 507 461 525 2290 531 2294 511 2292 471 459 471 461 507"/>
                        </Shape>
                        <String CONTENT=""/>
                    </TextLine>

                    <TextLine ID="line_8" HPOS="459" VPOS="519" WIDTH="1835" HEIGHT="58" BASELINE="461 556 1770 552 2294 560" TAGREFS="TYPE_1">
                        <Shape>
                            <Polygon POINTS="461 556 461 577 2292 577 2294 560 2290 519 459 519 461 556"/>
                        </Shape>
                        <String CONTENT=""/>
                    </TextLine>

                    <TextLine ID="line_9" HPOS="459" VPOS="560" WIDTH="1837" HEIGHT="71" BASELINE="459 604 1849 602 2296 610" TAGREFS="TYPE_1">
                        <Shape>
                            <Polygon POINTS="459 604 459 631 2294 631 2296 610 2294 569 459 560 459 604"/>
                        </Shape>
                        <String CONTENT=""/>
                    </TextLine>

                    <TextLine ID="line_10" HPOS="459" VPOS="614" WIDTH="1835" HEIGHT="64" BASELINE="461 652 2294 656" TAGREFS="TYPE_1">
                        <Shape>
                            <Polygon POINTS="461 652 459 670 2290 678 2294 656 2292 618 461 614 461 652"/>
                        </Shape>
                        <String CONTENT=""/>
                    </TextLine>

                    <TextLine ID="line_11" HPOS="457" VPOS="664" WIDTH="1839" HEIGHT="60" BASELINE="459 701 2296 707" TAGREFS="TYPE_1">
                        <Shape>
                            <Polygon POINTS="459 701 457 718 2292 724 2296 707 2294 664 459 664 459 701"/>
                        </Shape>
                        <String CONTENT=""/>
                    </TextLine>

                    <TextLine ID="line_12" HPOS="457" VPOS="705" WIDTH="1841" HEIGHT="69" BASELINE="459 749 2298 755" TAGREFS="TYPE_1">
                        <Shape>
                            <Polygon POINTS="459 749 457 770 2294 774 2298 755 2296 720 459 705 459 749"/>
                        </Shape>
                        <String CONTENT=""/>
                    </TextLine>

                    <TextLine ID="line_13" HPOS="457" VPOS="757" WIDTH="1844" HEIGHT="66" BASELINE="457 801 2301 805" TAGREFS="TYPE_1">
                        <Shape>
                            <Polygon POINTS="457 801 457 823 2298 821 2301 805 2301 772 1315 757 1313 757 457 765 457 801"/>
                        </Shape>
                        <String CONTENT=""/>
                    </TextLine>

                    <TextLine ID="line_14" HPOS="457" VPOS="813" WIDTH="1841" HEIGHT="64" BASELINE="459 848 2298 854" TAGREFS="TYPE_1">
                        <Shape>
                            <Polygon POINTS="459 848 457 867 2294 877 2298 854 2296 819 459 813 459 848"/>
                        </Shape>
                        <String CONTENT=""/>
                    </TextLine>

                    <TextLine ID="line_15" HPOS="457" VPOS="865" WIDTH="1841" HEIGHT="62" BASELINE="459 902 1677 898 2298 906" TAGREFS="TYPE_1">
                        <Shape>
                            <Polygon POINTS="459 902 457 919 2294 927 2298 906 2296 865 459 865 459 902"/>
                        </Shape>
                        <String CONTENT=""/>
                    </TextLine>

                    <TextLine ID="line_16" HPOS="457" VPOS="917" WIDTH="1841" HEIGHT="55" BASELINE="457 952 2298 952" TAGREFS="TYPE_1">
                        <Shape>
                            <Polygon POINTS="457 952 457 972 2298 970 2298 952 2298 917 457 917 457 952"/>
                        </Shape>
                        <String CONTENT=""/>
                    </TextLine>

                    <TextLine ID="line_17" HPOS="455" VPOS="960" WIDTH="1841" HEIGHT="60" BASELINE="457 999 2296 1003" TAGREFS="TYPE_1">
                        <Shape>
                            <Polygon POINTS="457 999 455 1016 2292 1020 2296 1003 2294 964 457 960 457 999"/>
                        </Shape>
                        <String CONTENT=""/>
                    </TextLine>

                    <TextLine ID="line_18" HPOS="457" VPOS="1012" WIDTH="1841" HEIGHT="62" BASELINE="457 1051 2298 1051" TAGREFS="TYPE_1">
                        <Shape>
                            <Polygon POINTS="457 1051 457 1074 2298 1072 2298 1051 2296 1012 457 1012 457 1051"/>
                        </Shape>
                        <String CONTENT=""/>
                    </TextLine>

                    <TextLine ID="line_19" HPOS="459" VPOS="1063" WIDTH="1839" HEIGHT="58" BASELINE="459 1099 2298 1099" TAGREFS="TYPE_1">
                        <Shape>
                            <Polygon POINTS="459 1099 459 1121 2298 1119 2298 1099 2298 1063 459 1063 459 1099"/>
                        </Shape>
                        <String CONTENT=""/>
                    </TextLine>

                    <TextLine ID="line_20" HPOS="453" VPOS="1111" WIDTH="1843" HEIGHT="56" BASELINE="455 1146 2296 1150" TAGREFS="TYPE_1">
                        <Shape>
                            <Polygon POINTS="455 1146 453 1165 2292 1167 2296 1150 2294 1115 455 1111 455 1146"/>
                        </Shape>
                        <String CONTENT=""/>
                    </TextLine>

                    <TextLine ID="line_21" HPOS="455" VPOS="1163" WIDTH="1841" HEIGHT="62" BASELINE="455 1198 2296 1198" TAGREFS="TYPE_1">
                        <Shape>
                            <Polygon POINTS="455 1198 455 1221 2294 1225 2296 1198 2296 1163 455 1163 455 1198"/>
                        </Shape>
                        <String CONTENT=""/>
                    </TextLine>

                    <TextLine ID="line_22" HPOS="455" VPOS="1208" WIDTH="1841" HEIGHT="60" BASELINE="457 1246 2296 1250" TAGREFS="TYPE_1">
                        <Shape>
                            <Polygon POINTS="457 1246 455 1262 2292 1268 2296 1250 2294 1208 457 1208 457 1246"/>
                        </Shape>
                        <String CONTENT=""/>
                    </TextLine>

                    <TextLine ID="line_23" HPOS="453" VPOS="1254" WIDTH="1841" HEIGHT="70" BASELINE="453 1299 2294 1299" TAGREFS="TYPE_1">
                        <Shape>
                            <Polygon POINTS="453 1299 453 1324 2294 1324 2294 1299 2294 1256 453 1254 453 1299"/>
                        </Shape>
                        <String CONTENT=""/>
                    </TextLine>

                    <TextLine ID="line_24" HPOS="451" VPOS="1308" WIDTH="1845" HEIGHT="64" BASELINE="453 1349 2296 1345" TAGREFS="TYPE_1">
                        <Shape>
                            <Polygon POINTS="453 1349 453 1368 2292 1372 2296 1345 2290 1308 451 1310 453 1349"/>
                        </Shape>
                        <String CONTENT=""/>
                    </TextLine>

                    <TextLine ID="line_25" HPOS="453" VPOS="1353" WIDTH="1841" HEIGHT="64" BASELINE="455 1397 2294 1393" TAGREFS="TYPE_1">
                        <Shape>
                            <Polygon POINTS="455 1397 455 1417 2292 1413 2294 1393 2290 1359 453 1353 455 1397"/>
                        </Shape>
                        <String CONTENT=""/>
                    </TextLine>

                    <TextLine ID="line_26" HPOS="453" VPOS="1401" WIDTH="1843" HEIGHT="72" BASELINE="453 1446 2296 1446" TAGREFS="TYPE_1">
                        <Shape>
                            <Polygon POINTS="453 1446 453 1473 2296 1471 2296 1446 2294 1401 453 1407 453 1446"/>
                        </Shape>
                        <String CONTENT=""/>
                    </TextLine>

                    <TextLine ID="line_27" HPOS="451" VPOS="1457" WIDTH="1841" HEIGHT="60" BASELINE="453 1498 2292 1492" TAGREFS="TYPE_1">
                        <Shape>
                            <Polygon POINTS="453 1498 453 1517 2290 1515 2292 1492 2286 1457 451 1457 453 1498"/>
                        </Shape>
                        <String CONTENT=""/>
                    </TextLine>

                    <TextLine ID="line_28" HPOS="453" VPOS="1506" WIDTH="1841" HEIGHT="67" BASELINE="455 1548 1176 1540 2294 1544" TAGREFS="TYPE_1">
                        <Shape>
                            <Polygon POINTS="455 1548 455 1573 2292 1566 2294 1544 2290 1506 453 1506 455 1548"/>
                        </Shape>
                        <String CONTENT=""/>
                    </TextLine>

                    <TextLine ID="line_29" HPOS="453" VPOS="1552" WIDTH="748" HEIGHT="68" BASELINE="455 1595 1201 1591" TAGREFS="TYPE_1">
                        <Shape>
                            <Polygon POINTS="455 1595 455 1620 1199 1618 1201 1591 1197 1560 503 1552 501 1552 453 1562 455 1595"/>
                        </Shape>
                        <String CONTENT=""/>
                    </TextLine>
</TextBlock>
                <TextBlock ID="block_1" HPOS="442" VPOS="1603" WIDTH="1857" HEIGHT="1194" TAGREFS="TYPE_22">
                    <Shape>
                        <Polygon POINTS="442.7152099609375 1603.3492431640625 2299.229736328125 1603.3492431640625 2299.229736328125 2797.60302734375 442.7152099609375 2797.60302734375 442.7152099609375 1603.3492431640625"/>
                    </Shape>
                    <TextLine ID="line_30" HPOS="457" VPOS="1604" WIDTH="1817" HEIGHT="64" BASELINE="457 1645 2274 1645" TAGREFS="TYPE_1">
                        <Shape>
                            <Polygon POINTS="457 1645 457 1664 2272 1668 2274 1645 2272 1604 457 1606 457 1645"/>
                        </Shape>
                        <String CONTENT=""/>
                    </TextLine>

                    <TextLine ID="line_31" HPOS="453" VPOS="1649" WIDTH="1841" HEIGHT="73" BASELINE="453 1695 2294 1695" TAGREFS="TYPE_1">
                        <Shape>
                            <Polygon POINTS="453 1695 453 1722 2294 1722 2294 1695 2294 1658 453 1649 453 1695"/>
                        </Shape>
                        <String CONTENT=""/>
                    </TextLine>

                    <TextLine ID="line_32" HPOS="453" VPOS="1707" WIDTH="1841" HEIGHT="58" BASELINE="453 1742 2294 1742" TAGREFS="TYPE_1">
                        <Shape>
                            <Polygon POINTS="453 1742 453 1765 2294 1763 2294 1742 2294 1707 453 1707 453 1742"/>
                        </Shape>
                        <String CONTENT=""/>
                    </TextLine>

                    <TextLine ID="line_33" HPOS="447" VPOS="1753" WIDTH="1847" HEIGHT="60" BASELINE="449 1794 2294 1788" TAGREFS="TYPE_1">
                        <Shape>
                            <Polygon POINTS="449 1794 449 1813 2292 1807 2294 1788 2288 1753 447 1757 449 1794"/>
                        </Shape>
                        <String CONTENT=""/>
                    </TextLine>

                    <TextLine ID="line_34" HPOS="447" VPOS="1794" WIDTH="1847" HEIGHT="68" BASELINE="449 1844 2294 1840" TAGREFS="TYPE_1">
                        <Shape>
                            <Polygon POINTS="449 1844 449 1862 2292 1858 2294 1840 2290 1805 1383 1794 1381 1794 1308 1805 577 1796 575 1796 447 1807 449 1844"/>
                        </Shape>
                        <String CONTENT=""/>
                    </TextLine>

                    <TextLine ID="line_35" HPOS="447" VPOS="1850" WIDTH="1849" HEIGHT="66" BASELINE="447 1891 2296 1891" TAGREFS="TYPE_1">
                        <Shape>
                            <Polygon POINTS="447 1891 447 1916 2296 1910 2296 1891 2294 1850 447 1852 447 1891"/>
                        </Shape>
                        <String CONTENT=""/>
                    </TextLine>

                    <TextLine ID="line_36" HPOS="445" VPOS="1904" WIDTH="1849" HEIGHT="58" BASELINE="447 1943 1186 1935 2294 1939" TAGREFS="TYPE_1">
                        <Shape>
                            <Polygon POINTS="447 1943 447 1960 2290 1962 2294 1939 2292 1904 445 1904 447 1943"/>
                        </Shape>
                        <String CONTENT=""/>
                    </TextLine>

                    <TextLine ID="line_37" HPOS="447" VPOS="1949" WIDTH="1845" HEIGHT="67" BASELINE="447 1989 2292 1989" TAGREFS="TYPE_1">
                        <Shape>
                            <Polygon POINTS="447 1989 447 2009 2288 2016 2292 1989 2288 1949 447 1952 447 1989"/>
                        </Shape>
                        <String CONTENT=""/>
                    </TextLine>

                    <TextLine ID="line_38" HPOS="445" VPOS="2001" WIDTH="1847" HEIGHT="60" BASELINE="447 2041 2292 2036" TAGREFS="TYPE_1">
                        <Shape>
                            <Polygon POINTS="447 2041 447 2061 2290 2057 2292 2036 2288 2001 445 2001 447 2041"/>
                        </Shape>
                        <String CONTENT=""/>
                    </TextLine>

                    <TextLine ID="line_39" HPOS="445" VPOS="2047" WIDTH="1851" HEIGHT="68" BASELINE="445 2088 2296 2088" TAGREFS="TYPE_1">
                        <Shape>
                            <Polygon POINTS="445 2088 445 2111 2294 2115 2296 2088 2296 2053 445 2047 445 2088"/>
                        </Shape>
                        <String CONTENT=""/>
                    </TextLine>

                    <TextLine ID="line_40" HPOS="443" VPOS="2101" WIDTH="1851" HEIGHT="62" BASELINE="445 2140 1648 2134 2294 2140" TAGREFS="TYPE_1">
                        <Shape>
                            <Polygon POINTS="445 2140 445 2163 2292 2154 2294 2140 2290 2101 443 2101 445 2140"/>
                        </Shape>
                        <String CONTENT=""/>
                    </TextLine>

                    <TextLine ID="line_41" HPOS="445" VPOS="2142" WIDTH="1845" HEIGHT="66" BASELINE="445 2183 2290 2187" TAGREFS="TYPE_1">
                        <Shape>
                            <Polygon POINTS="445 2183 445 2208 2288 2208 2290 2187 2286 2142 445 2146 445 2183"/>
                        </Shape>
                        <String CONTENT=""/>
                    </TextLine>

                    <TextLine ID="line_42" HPOS="443" VPOS="2194" WIDTH="1849" HEIGHT="72" BASELINE="445 2239 2292 2233" TAGREFS="TYPE_1">
                        <Shape>
                            <Polygon POINTS="445 2239 445 2266 2290 2260 2292 2233 2286 2194 443 2202 445 2239"/>
                        </Shape>
                        <String CONTENT=""/>
                    </TextLine>

                    <TextLine ID="line_43" HPOS="445" VPOS="2250" WIDTH="1849" HEIGHT="62" BASELINE="445 2287 2294 2287" TAGREFS="TYPE_1">
                        <Shape>
                            <Polygon POINTS="445 2287 445 2312 2294 2305 2294 2287 2292 2250 445 2250 445 2287"/>
                        </Shape>
                        <String CONTENT=""/>
                    </TextLine>

                    <TextLine ID="line_44" HPOS="449" VPOS="2297" WIDTH="1847" HEIGHT="62" BASELINE="451 2339 2296 2332" TAGREFS="TYPE_1">
                        <Shape>
                            <Polygon POINTS="451 2339 451 2359 2294 2359 2296 2332 2290 2297 449 2301 451 2339"/>
                        </Shape>
                        <String CONTENT=""/>
                    </TextLine>

                    <TextLine ID="line_45" HPOS="447" VPOS="2349" WIDTH="1849" HEIGHT="64" BASELINE="447 2386 2296 2386" TAGREFS="TYPE_1">
                        <Shape>
                            <Polygon POINTS="447 2386 447 2413 2296 2409 2296 2386 2296 2349 447 2349 447 2386"/>
                        </Shape>
                        <String CONTENT=""/>
                    </TextLine>

                    <TextLine ID="line_46" HPOS="445" VPOS="2399" WIDTH="1851" HEIGHT="60" BASELINE="445 2436 2296 2436" TAGREFS="TYPE_1">
                        <Shape>
                            <Polygon POINTS="445 2436 445 2459 2296 2455 2296 2436 2294 2399 445 2399 445 2436"/>
                        </Shape>
                        <String CONTENT=""/>
                    </TextLine>

                    <TextLine ID="line_47" HPOS="447" VPOS="2444" WIDTH="1847" HEIGHT="68" BASELINE="447 2486 2294 2486" TAGREFS="TYPE_1">
                        <Shape>
                            <Polygon POINTS="447 2486 447 2508 2292 2512 2294 2486 2294 2448 447 2444 447 2486"/>
                        </Shape>
                        <String CONTENT=""/>
                    </TextLine>

                    <TextLine ID="line_48" HPOS="445" VPOS="2498" WIDTH="1847" HEIGHT="58" BASELINE="445 2531 2292 2535" TAGREFS="TYPE_1">
                        <Shape>
                            <Polygon POINTS="445 2531 445 2556 2290 2556 2292 2535 2292 2498 445 2498 445 2531"/>
                        </Shape>
                        <String CONTENT=""/>
                    </TextLine>

                    <TextLine ID="line_49" HPOS="443" VPOS="2544" WIDTH="1851" HEIGHT="60" BASELINE="445 2585 2294 2581" TAGREFS="TYPE_1">
                        <Shape>
                            <Polygon POINTS="445 2585 445 2604 2292 2601 2294 2581 2288 2544 443 2548 445 2585"/>
                        </Shape>
                        <String CONTENT=""/>
                    </TextLine>

                    <TextLine ID="line_50" HPOS="445" VPOS="2597" WIDTH="1847" HEIGHT="56" BASELINE="445 2633 2292 2633" TAGREFS="TYPE_1">
                        <Shape>
                            <Polygon POINTS="445 2633 445 2653 2292 2653 2292 2633 2292 2597 445 2597 445 2633"/>
                        </Shape>
                        <String CONTENT=""/>
                    </TextLine>

                    <TextLine ID="line_51" HPOS="441" VPOS="2633" WIDTH="1855" HEIGHT="72" BASELINE="443 2684 2296 2678" TAGREFS="TYPE_1">
                        <Shape>
                            <Polygon POINTS="2284 2635 2263 2635 2243 2635 2222 2635 2201 2635 2180 2635 2160 2635 2139 2635 2118 2635 2098 2635 2077 2635 2056 2635 2035 2635 2025 2635 441 2645 443 2684 443 2705 2294 2701 2296 2678 2290 2633 2284 2633 2284 2635"/>
                        </Shape>
                        <String CONTENT=""/>
                    </TextLine>

                    <TextLine ID="line_52" HPOS="443" VPOS="2686" WIDTH="1851" HEIGHT="71" BASELINE="445 2734 2294 2728" TAGREFS="TYPE_1">
                        <Shape>
                            <Polygon POINTS="445 2734 445 2757 2292 2757 2294 2728 2290 2686 1076 2686 1074 2686 1035 2695 1025 2697 940 2697 509 2688 507 2688 443 2699 445 2734"/>
                        </Shape>
                        <String CONTENT=""/>
                    </TextLine>

                    <TextLine ID="line_53" HPOS="441" VPOS="2744" WIDTH="1590" HEIGHT="60" BASELINE="443 2782 2031 2780" TAGREFS="TYPE_1">
                        <Shape>
                            <Polygon POINTS="443 2782 443 2804 2029 2800 2031 2780 2027 2746 441 2744 443 2782"/>
                        </Shape>
                        <String CONTENT=""/>
                    </TextLine>
</TextBlock>
                <TextBlock ID="block_2" HPOS="445" VPOS="2797" WIDTH="1861" HEIGHT="323" TAGREFS="TYPE_22">
                    <Shape>
                        <Polygon POINTS="445.05926513671875 2797.801025390625 2306.2041015625 2797.801025390625 2306.2041015625 3120.12060546875 445.05926513671875 3120.12060546875 445.05926513671875 2797.801025390625"/>
                    </Shape>
                    <TextLine ID="line_54" HPOS="443" VPOS="2790" WIDTH="1853" HEIGHT="60" BASELINE="445 2827 2296 2831" TAGREFS="TYPE_1">
                        <Shape>
                            <Polygon POINTS="445 2827 443 2848 2292 2850 2296 2831 2294 2792 445 2790 445 2827"/>
                        </Shape>
                        <String CONTENT=""/>
                    </TextLine>

                    <TextLine ID="line_55" HPOS="441" VPOS="2833" WIDTH="1853" HEIGHT="69" BASELINE="443 2877 2294 2881" TAGREFS="TYPE_1">
                        <Shape>
                            <Polygon POINTS="443 2877 441 2900 2290 2902 2294 2881 2292 2837 443 2833 443 2877"/>
                        </Shape>
                        <String CONTENT=""/>
                    </TextLine>

                    <TextLine ID="line_56" HPOS="441" VPOS="2889" WIDTH="1853" HEIGHT="62" BASELINE="443 2931 2294 2926" TAGREFS="TYPE_1">
                        <Shape>
                            <Polygon POINTS="443 2931 443 2951 2292 2947 2294 2926 2288 2889 441 2889 443 2931"/>
                        </Shape>
                        <String CONTENT=""/>
                    </TextLine>

                    <TextLine ID="line_57" HPOS="441" VPOS="2937" WIDTH="1853" HEIGHT="62" BASELINE="443 2976 2294 2980" TAGREFS="TYPE_1">
                        <Shape>
                            <Polygon POINTS="443 2976 441 2995 2290 2999 2294 2980 2290 2937 443 2937 443 2976"/>
                        </Shape>
                        <String CONTENT=""/>
                    </TextLine>

                    <TextLine ID="line_58" HPOS="443" VPOS="2991" WIDTH="1849" HEIGHT="66" BASELINE="445 3030 2292 3026" TAGREFS="TYPE_1">
                        <Shape>
                            <Polygon POINTS="445 3030 445 3057 2290 3047 2292 3026 2286 2991 443 2993 445 3030"/>
                        </Shape>
                        <String CONTENT=""/>
                    </TextLine>

                    <TextLine ID="line_59" HPOS="443" VPOS="3032" WIDTH="1853" HEIGHT="147" BASELINE="445 3082 2296 3078" TAGREFS="TYPE_1">
                        <Shape>
                            <Polygon POINTS="445 3082 445 3179 619 3177 621 3177 712 3125 729 3136 731 3136 733 3136 735 3136 890 3119 1014 3119 1070 3142 1072 3142 1074 3142 1151 3125 1253 3160 1255 3160 1257 3160 1259 3160 1375 3129 1439 3162 1441 3162 1443 3162 1445 3162 1489 3152 1505 3160 1507 3160 1509 3160 1511 3160 1642 3117 1750 3146 1752 3146 1754 3146 1756 3146 1810 3123 1851 3133 1853 3133 1855 3133 1857 3133 1882 3125 1924 3150 1926 3150 1928 3150 1930 3150 1967 3148 1998 3158 2019 3167 2021 3167 2023 3167 2025 3167 2046 3158 2098 3138 2151 3152 2153 3152 2156 3152 2158 3152 2176 3144 2292 3154 2296 3078 2290 3032 443 3040 445 3082"/>
                        </Shape>
                        <String CONTENT=""/>
                    </TextLine>
</TextBlock>
            </PrintSpace>
        </Page>
    </Layout>
</alto>