<?xml version="1.0" encoding="UTF-8"?>
<alto xmlns:xsi="http://www.w3.org/2001/XMLSchema-instance"
    xmlns="http://www.loc.gov/standards/alto/ns-v4#"
    xsi:schemaLocation="http://www.loc.gov/standards/alto/ns-v4# http://www.loc.gov/standards/alto/v4/alto-4-3.xsd">
    <Description>
        <MeasurementUnit>pixel</MeasurementUnit>
        <sourceImageInformation>
            <fileName>bsb10143002_00328.jpg</fileName>
        </sourceImageInformation>
        <Processing ID="OCR_0">
            <processingCategory>other</processingCategory>
            <processingStepDescription>unknown</processingStepDescription>
            <processingSoftware>
                <softwareName>kraken</softwareName>
                <softwareVersion>4.3.13</softwareVersion>
            </processingSoftware>
        </Processing>
    </Description>
    <Tags>
        <OtherTag ID="TYPE_1" LABEL="DefaultLine"/>
        <OtherTag ID="TYPE_2" LABEL="FigureZone-Head"/>
        <OtherTag ID="TYPE_3" LABEL="TableZone-Head"/>
        <OtherTag ID="TYPE_4" LABEL="MainZone-Sp"/>
        <OtherTag ID="TYPE_5" LABEL="MainZone-Form"/>
        <OtherTag ID="TYPE_6" LABEL="MarginTextZone-Notes-Continued"/>
        <OtherTag ID="TYPE_7" LABEL="AdvertisementZone"/>
        <OtherTag ID="TYPE_8" LABEL="StampZone"/>
        <OtherTag ID="TYPE_9" LABEL="MarginTextZone-ManuscriptAddendum"/>
        <OtherTag ID="TYPE_10" LABEL="StampZone-Sticker"/>
        <OtherTag ID="TYPE_11" LABEL="MainZone-Entry-Continued"/>
        <OtherTag ID="TYPE_12" LABEL="TableZone-Continued"/>
        <OtherTag ID="TYPE_13" LABEL="NumberingZone"/>
        <OtherTag ID="TYPE_14" LABEL="TableZone"/>
        <OtherTag ID="TYPE_15" LABEL="FigureZone-FigDesc"/>
        <OtherTag ID="TYPE_16" LABEL="MainZone-Entry"/>
        <OtherTag ID="TYPE_17" LABEL="MarginTextZone-Notes"/>
        <OtherTag ID="TYPE_18" LABEL="MainZone-Head"/>
        <OtherTag ID="TYPE_19" LABEL="DropCapitalZone"/>
        <OtherTag ID="TYPE_20" LABEL="MainZone-Date"/>
        <OtherTag ID="TYPE_21" LABEL="GraphicZone-Head"/>
        <OtherTag ID="TYPE_22" LABEL="MainZone-P"/>
        <OtherTag ID="TYPE_23" LABEL="GraphicZone-Part"/>
        <OtherTag ID="TYPE_24" LABEL="MainZone-Other"/>
        <OtherTag ID="TYPE_25" LABEL="MainZone-Lg"/>
        <OtherTag ID="TYPE_26" LABEL="GraphicZone-FigDesc"/>
        <OtherTag ID="TYPE_27" LABEL="GraphicZone-Decoration"/>
        <OtherTag ID="TYPE_28" LABEL="RunningTitleZone"/>
        <OtherTag ID="TYPE_29" LABEL="GraphicZone"/>
        <OtherTag ID="TYPE_30" LABEL="TitlePageZone"/>
        <OtherTag ID="TYPE_31" LABEL="GraphicZone-TextualContent"/>
        <OtherTag ID="TYPE_32" LABEL="MainZone-P-Continued"/>
        <OtherTag ID="TYPE_33" LABEL="MainZone-Lg-Continued"/>
        <OtherTag ID="TYPE_34" LABEL="DigitizationArtefactZone"/>
        <OtherTag ID="TYPE_35" LABEL="MainZone-List"/>
        <OtherTag ID="TYPE_36" LABEL="GraphicZone-Maths"/>
        <OtherTag ID="TYPE_37" LABEL="FigureZone"/>
        <OtherTag ID="TYPE_38" LABEL="QuireMarksZone"/>
        <OtherTag ID="TYPE_39" LABEL="MainZone-Sp-Continued"/>
        <OtherTag ID="TYPE_40" LABEL="TitlePageZone-Index"/>
        <OtherTag ID="TYPE_41" LABEL="MainZone-List-Continued"/>
        <OtherTag ID="TYPE_42" LABEL="MainZone-Signature"/>
    </Tags>
    <Layout>
        <Page WIDTH="2435" HEIGHT="3716" PHYSICAL_IMG_NR="0" ID="page_0">
            <PrintSpace HPOS="0" VPOS="0" WIDTH="2435" HEIGHT="3716">
                <TextBlock ID="block_4" HPOS="780" VPOS="148" WIDTH="458" HEIGHT="68" TAGREFS="TYPE_28">
                    <Shape>
                        <Polygon POINTS="780.1886596679688 148.8871612548828 1238.3092041015625 148.8871612548828 1238.3092041015625 216.14028930664062 780.1886596679688 216.14028930664062 780.1886596679688 148.8871612548828"/>
                    </Shape>
                    <TextLine ID="line_0" HPOS="774" VPOS="130" WIDTH="469" HEIGHT="88" BASELINE="774 196 1243 196" TAGREFS="TYPE_1">
                        <Shape>
                            <Polygon POINTS="774 196 774 218 1243 214 1243 196 1243 142 774 130 774 196"/>
                        </Shape>
                        <String CONTENT=""/>
                    </TextLine>
</TextBlock>
                <TextBlock ID="block_5" HPOS="1522" VPOS="148" WIDTH="539" HEIGHT="64" TAGREFS="TYPE_28">
                    <Shape>
                        <Polygon POINTS="1522.8060302734375 148.6395263671875 2061.7998046875 148.6395263671875 2061.7998046875 212.9341278076172 1522.8060302734375 212.9341278076172 1522.8060302734375 148.6395263671875"/>
                    </Shape>
                    <TextLine ID="line_1" HPOS="1489" VPOS="111" WIDTH="576" HEIGHT="109" BASELINE="1491 198 2065 189" TAGREFS="TYPE_1">
                        <Shape>
                            <Polygon POINTS="1491 198 1491 220 2063 210 2065 189 2059 134 1858 136 1854 136 1815 111 1813 111 1811 111 1774 111 1772 111 1710 123 1648 113 1646 113 1643 113 1641 113 1615 138 1610 140 1602 138 1532 123 1530 123 1528 123 1489 136 1491 198"/>
                        </Shape>
                        <String CONTENT=""/>
                    </TextLine>
</TextBlock>
                <TextBlock ID="block_6" HPOS="478" VPOS="215" WIDTH="1871" HEIGHT="997" TAGREFS="TYPE_32">
                    <Shape>
                        <Polygon POINTS="478.2421875 215.21376037597656 2349.1884765625 215.21376037597656 2349.1884765625 1212.7918701171875 478.2421875 1212.7918701171875 478.2421875 215.21376037597656"/>
                    </Shape>
                    <TextLine ID="line_2" HPOS="481" VPOS="200" WIDTH="1865" HEIGHT="84" BASELINE="483 264 1123 253 2346 255" TAGREFS="TYPE_1">
                        <Shape>
                            <Polygon POINTS="483 264 483 284 2346 276 2346 255 2344 210 2063 200 2061 200 1959 210 1953 210 1951 210 1920 200 1918 200 1916 200 1914 200 1879 210 1877 212 1728 212 1474 212 1445 200 1443 200 1441 200 654 212 619 202 617 202 615 202 481 214 483 264"/>
                        </Shape>
                        <String CONTENT=""/>
                    </TextLine>

                    <TextLine ID="line_3" HPOS="483" VPOS="262" WIDTH="1859" HEIGHT="74" BASELINE="485 313 1245 303 2342 305" TAGREFS="TYPE_1">
                        <Shape>
                            <Polygon POINTS="590 264 483 274 485 313 485 336 2339 324 2342 305 2339 270 1142 262 1140 262 1137 262 1104 272 592 264 590 264"/>
                        </Shape>
                        <String CONTENT=""/>
                    </TextLine>

                    <TextLine ID="line_4" HPOS="485" VPOS="311" WIDTH="1859" HEIGHT="66" BASELINE="487 363 1166 353 2344 357" TAGREFS="TYPE_1">
                        <Shape>
                            <Polygon POINTS="487 363 487 377 2342 373 2344 357 2339 311 485 322 487 363"/>
                        </Shape>
                        <String CONTENT=""/>
                    </TextLine>

                    <TextLine ID="line_5" HPOS="483" VPOS="367" WIDTH="1861" HEIGHT="66" BASELINE="485 412 1156 402 2344 404" TAGREFS="TYPE_1">
                        <Shape>
                            <Polygon POINTS="485 412 485 433 2344 427 2344 404 2339 367 483 371 485 412"/>
                        </Shape>
                        <String CONTENT=""/>
                    </TextLine>

                    <TextLine ID="line_6" HPOS="483" VPOS="419" WIDTH="1859" HEIGHT="59" BASELINE="485 460 2342 452" TAGREFS="TYPE_1">
                        <Shape>
                            <Polygon POINTS="2321 445 2300 445 2280 445 2259 445 2238 445 2218 445 2197 445 2176 445 2156 445 2135 445 2114 445 2094 445 2073 445 2052 445 2032 445 2011 445 1990 445 1970 445 1949 445 1928 445 1908 445 1887 445 1867 445 1846 445 1825 445 1805 445 1784 445 1763 445 1743 445 1722 445 1701 445 1681 445 1660 445 1639 445 1619 445 1598 445 1577 445 1557 445 1536 445 1515 445 1495 445 1474 445 1453 445 1433 445 1412 445 1392 445 1371 445 1350 445 1330 445 1309 445 1288 445 1268 445 1247 445 1226 445 1206 445 1185 445 1164 445 1144 445 1123 445 1102 445 1082 445 1061 445 1040 445 1020 445 999 445 989 427 950 419 947 419 483 429 485 460 485 478 2339 470 2342 452 2339 445 2321 445"/>
                        </Shape>
                        <String CONTENT=""/>
                    </TextLine>

                    <TextLine ID="line_7" HPOS="483" VPOS="466" WIDTH="1854" HEIGHT="66" BASELINE="485 507 2337 501" TAGREFS="TYPE_1">
                        <Shape>
                            <Polygon POINTS="485 507 485 532 2335 528 2337 501 2331 466 483 468 485 507"/>
                        </Shape>
                        <String CONTENT=""/>
                    </TextLine>

                    <TextLine ID="line_8" HPOS="485" VPOS="518" WIDTH="1857" HEIGHT="64" BASELINE="487 559 1036 551 2342 553" TAGREFS="TYPE_1">
                        <Shape>
                            <Polygon POINTS="487 559 487 582 2339 575 2342 553 2337 518 485 518 487 559"/>
                        </Shape>
                        <String CONTENT=""/>
                    </TextLine>

                    <TextLine ID="line_9" HPOS="485" VPOS="563" WIDTH="1857" HEIGHT="66" BASELINE="487 606 2342 598" TAGREFS="TYPE_1">
                        <Shape>
                            <Polygon POINTS="487 606 487 629 2339 619 2342 598 2335 563 485 567 487 606"/>
                        </Shape>
                        <String CONTENT=""/>
                    </TextLine>

                    <TextLine ID="line_10" HPOS="485" VPOS="615" WIDTH="1857" HEIGHT="60" BASELINE="487 656 2342 650" TAGREFS="TYPE_1">
                        <Shape>
                            <Polygon POINTS="487 656 487 675 2339 668 2342 650 2335 615 485 619 487 656"/>
                        </Shape>
                        <String CONTENT=""/>
                    </TextLine>

                    <TextLine ID="line_11" HPOS="483" VPOS="666" WIDTH="1859" HEIGHT="64" BASELINE="485 708 956 699 2342 701" TAGREFS="TYPE_1">
                        <Shape>
                            <Polygon POINTS="485 708 485 730 2339 720 2342 701 2337 666 483 666 485 708"/>
                        </Shape>
                        <String CONTENT=""/>
                    </TextLine>

                    <TextLine ID="line_12" HPOS="485" VPOS="712" WIDTH="1854" HEIGHT="64" BASELINE="487 755 2339 747" TAGREFS="TYPE_1">
                        <Shape>
                            <Polygon POINTS="487 755 487 776 2337 772 2339 747 2333 712 485 714 487 755"/>
                        </Shape>
                        <String CONTENT=""/>
                    </TextLine>

                    <TextLine ID="line_13" HPOS="485" VPOS="763" WIDTH="1852" HEIGHT="68" BASELINE="487 805 2337 798" TAGREFS="TYPE_1">
                        <Shape>
                            <Polygon POINTS="487 805 487 831 2335 825 2337 798 2331 763 485 765 487 805"/>
                        </Shape>
                        <String CONTENT=""/>
                    </TextLine>

                    <TextLine ID="line_14" HPOS="483" VPOS="813" WIDTH="1859" HEIGHT="62" BASELINE="485 854 2342 848" TAGREFS="TYPE_1">
                        <Shape>
                            <Polygon POINTS="485 854 485 875 2339 875 2342 848 2335 813 483 817 485 854"/>
                        </Shape>
                        <String CONTENT=""/>
                    </TextLine>

                    <TextLine ID="line_15" HPOS="483" VPOS="860" WIDTH="1856" HEIGHT="66" BASELINE="485 904 1284 895 2339 900" TAGREFS="TYPE_1">
                        <Shape>
                            <Polygon POINTS="485 904 485 926 2337 918 2339 900 2337 862 483 860 485 904"/>
                        </Shape>
                        <String CONTENT=""/>
                    </TextLine>

                    <TextLine ID="line_16" HPOS="483" VPOS="908" WIDTH="1854" HEIGHT="66" BASELINE="485 951 2337 945" TAGREFS="TYPE_1">
                        <Shape>
                            <Polygon POINTS="485 951 485 972 2333 974 2337 945 2331 908 483 916 485 951"/>
                        </Shape>
                        <String CONTENT=""/>
                    </TextLine>

                    <TextLine ID="line_17" HPOS="483" VPOS="959" WIDTH="1856" HEIGHT="67" BASELINE="485 999 2339 995" TAGREFS="TYPE_1">
                        <Shape>
                            <Polygon POINTS="485 999 485 1026 2337 1021 2339 995 2333 959 483 964 485 999"/>
                        </Shape>
                        <String CONTENT=""/>
                    </TextLine>

                    <TextLine ID="line_18" HPOS="483" VPOS="1009" WIDTH="1856" HEIGHT="64" BASELINE="485 1050 2339 1044" TAGREFS="TYPE_1">
                        <Shape>
                            <Polygon POINTS="485 1050 485 1073 2337 1071 2339 1044 2333 1009 483 1013 485 1050"/>
                        </Shape>
                        <String CONTENT=""/>
                    </TextLine>

                    <TextLine ID="line_19" HPOS="481" VPOS="1056" WIDTH="1858" HEIGHT="67" BASELINE="483 1098 2339 1094" TAGREFS="TYPE_1">
                        <Shape>
                            <Polygon POINTS="483 1098 483 1118 2335 1123 2339 1094 2333 1056 481 1059 483 1098"/>
                        </Shape>
                        <String CONTENT=""/>
                    </TextLine>

                    <TextLine ID="line_20" HPOS="483" VPOS="1110" WIDTH="1859" HEIGHT="58" BASELINE="483 1147 2342 1147" TAGREFS="TYPE_1">
                        <Shape>
                            <Polygon POINTS="483 1147 483 1168 2342 1168 2342 1147 2342 1110 483 1110 483 1147"/>
                        </Shape>
                        <String CONTENT=""/>
                    </TextLine>

                    <TextLine ID="line_21" HPOS="489" VPOS="1160" WIDTH="1334" HEIGHT="62" BASELINE="489 1195 1823 1195" TAGREFS="TYPE_1">
                        <Shape>
                            <Polygon POINTS="489 1195 489 1218 1821 1222 1823 1195 1823 1160 489 1160 489 1195"/>
                        </Shape>
                        <String CONTENT=""/>
                    </TextLine>
</TextBlock>
                <TextBlock ID="block_3" HPOS="477" VPOS="1206" WIDTH="1881" HEIGHT="1925" TAGREFS="TYPE_22">
                    <Shape>
                        <Polygon POINTS="477.7528991699219 1206.04345703125 2358.451416015625 1206.04345703125 2358.451416015625 3131.694091796875 477.7528991699219 3131.694091796875 477.7528991699219 1206.04345703125"/>
                    </Shape>
                    <TextLine ID="line_22" HPOS="582" VPOS="1205" WIDTH="1760" HEIGHT="60" BASELINE="584 1246 2342 1242" TAGREFS="TYPE_1">
                        <Shape>
                            <Polygon POINTS="584 1246 584 1265 2339 1261 2342 1242 2337 1209 582 1205 584 1246"/>
                        </Shape>
                        <String CONTENT=""/>
                    </TextLine>

                    <TextLine ID="line_23" HPOS="501" VPOS="1242" WIDTH="1841" HEIGHT="77" BASELINE="501 1300 855 1292 2342 1294" TAGREFS="TYPE_1">
                        <Shape>
                            <Polygon POINTS="1344 1246 1330 1248 1286 1257 1239 1248 1226 1246 1224 1246 1212 1248 1162 1257 1119 1246 1113 1246 1111 1246 1109 1246 1107 1246 1086 1257 683 1248 681 1248 679 1248 642 1259 607 1246 603 1246 582 1246 580 1242 501 1242 501 1300 501 1319 2339 1315 2342 1294 2339 1259 2030 1246 2028 1246 2026 1246 1999 1255 1988 1259 1555 1259 1404 1248 1346 1246 1344 1246"/>
                        </Shape>
                        <String CONTENT=""/>
                    </TextLine>

                    <TextLine ID="line_24" HPOS="487" VPOS="1308" WIDTH="1857" HEIGHT="56" BASELINE="487 1343 2344 1343" TAGREFS="TYPE_1">
                        <Shape>
                            <Polygon POINTS="487 1343 487 1364 2344 1362 2344 1343 2344 1308 487 1308 487 1343"/>
                        </Shape>
                        <String CONTENT=""/>
                    </TextLine>

                    <TextLine ID="line_25" HPOS="485" VPOS="1354" WIDTH="1861" HEIGHT="64" BASELINE="485 1393 2346 1393" TAGREFS="TYPE_1">
                        <Shape>
                            <Polygon POINTS="485 1393 485 1412 2344 1418 2346 1393 2346 1358 485 1354 485 1393"/>
                        </Shape>
                        <String CONTENT=""/>
                    </TextLine>

                    <TextLine ID="line_26" HPOS="481" VPOS="1403" WIDTH="1865" HEIGHT="64" BASELINE="483 1445 2346 1440" TAGREFS="TYPE_1">
                        <Shape>
                            <Polygon POINTS="483 1445 483 1463 2342 1467 2346 1440 2342 1405 481 1403 483 1445"/>
                        </Shape>
                        <String CONTENT=""/>
                    </TextLine>

                    <TextLine ID="line_27" HPOS="485" VPOS="1455" WIDTH="1859" HEIGHT="58" BASELINE="485 1492 2344 1492" TAGREFS="TYPE_1">
                        <Shape>
                            <Polygon POINTS="485 1492 485 1513 2344 1513 2344 1492 2342 1455 485 1455 485 1492"/>
                        </Shape>
                        <String CONTENT=""/>
                    </TextLine>

                    <TextLine ID="line_28" HPOS="485" VPOS="1502" WIDTH="1857" HEIGHT="66" BASELINE="485 1542 2342 1542" TAGREFS="TYPE_1">
                        <Shape>
                            <Polygon POINTS="485 1542 485 1560 2339 1568 2342 1542 2342 1502 485 1502 485 1542"/>
                        </Shape>
                        <String CONTENT=""/>
                    </TextLine>

                    <TextLine ID="line_29" HPOS="483" VPOS="1544" WIDTH="1859" HEIGHT="72" BASELINE="485 1589 2342 1593" TAGREFS="TYPE_1">
                        <Shape>
                            <Polygon POINTS="485 1589 483 1612 2337 1616 2342 1593 2339 1556 485 1544 485 1589"/>
                        </Shape>
                        <String CONTENT=""/>
                    </TextLine>

                    <TextLine ID="line_30" HPOS="483" VPOS="1602" WIDTH="1859" HEIGHT="64" BASELINE="485 1641 2342 1637" TAGREFS="TYPE_1">
                        <Shape>
                            <Polygon POINTS="485 1641 485 1661 2337 1666 2342 1637 2335 1602 483 1604 485 1641"/>
                        </Shape>
                        <String CONTENT=""/>
                    </TextLine>

                    <TextLine ID="line_31" HPOS="483" VPOS="1645" WIDTH="1861" HEIGHT="64" BASELINE="485 1690 2344 1686" TAGREFS="TYPE_1">
                        <Shape>
                            <Polygon POINTS="485 1690 485 1709 2342 1705 2344 1686 2339 1651 553 1645 551 1645 483 1655 485 1690"/>
                        </Shape>
                        <String CONTENT=""/>
                    </TextLine>

                    <TextLine ID="line_32" HPOS="485" VPOS="1699" WIDTH="1859" HEIGHT="59" BASELINE="485 1738 2344 1738" TAGREFS="TYPE_1">
                        <Shape>
                            <Polygon POINTS="485 1738 485 1758 2344 1758 2344 1738 2344 1703 485 1699 485 1738"/>
                        </Shape>
                        <String CONTENT=""/>
                    </TextLine>

                    <TextLine ID="line_33" HPOS="485" VPOS="1742" WIDTH="1857" HEIGHT="66" BASELINE="485 1785 2342 1789" TAGREFS="TYPE_1">
                        <Shape>
                            <Polygon POINTS="485 1785 485 1808 2339 1806 2342 1789 2339 1754 485 1742 485 1785"/>
                        </Shape>
                        <String CONTENT=""/>
                    </TextLine>

                    <TextLine ID="line_34" HPOS="485" VPOS="1796" WIDTH="1859" HEIGHT="61" BASELINE="485 1837 2344 1837" TAGREFS="TYPE_1">
                        <Shape>
                            <Polygon POINTS="485 1837 485 1855 2342 1857 2344 1837 2344 1802 485 1796 485 1837"/>
                        </Shape>
                        <String CONTENT=""/>
                    </TextLine>

                    <TextLine ID="line_35" HPOS="481" VPOS="1845" WIDTH="1865" HEIGHT="62" BASELINE="483 1884 2346 1888" TAGREFS="TYPE_1">
                        <Shape>
                            <Polygon POINTS="483 1884 481 1903 2342 1907 2346 1888 2344 1849 483 1845 483 1884"/>
                        </Shape>
                        <String CONTENT=""/>
                    </TextLine>

                    <TextLine ID="line_36" HPOS="485" VPOS="1897" WIDTH="1861" HEIGHT="58" BASELINE="485 1932 2346 1936" TAGREFS="TYPE_1">
                        <Shape>
                            <Polygon POINTS="485 1932 485 1955 2344 1952 2346 1936 2344 1899 485 1897 485 1932"/>
                        </Shape>
                        <String CONTENT=""/>
                    </TextLine>

                    <TextLine ID="line_37" HPOS="483" VPOS="1942" WIDTH="1863" HEIGHT="62" BASELINE="485 1981 2346 1988" TAGREFS="TYPE_1">
                        <Shape>
                            <Polygon POINTS="485 1981 483 1996 2342 2004 2346 1988 2344 1950 485 1942 485 1981"/>
                        </Shape>
                        <String CONTENT=""/>
                    </TextLine>

                    <TextLine ID="line_38" HPOS="485" VPOS="1990" WIDTH="1861" HEIGHT="64" BASELINE="485 2029 2346 2037" TAGREFS="TYPE_1">
                        <Shape>
                            <Polygon POINTS="485 2029 485 2054 2344 2054 2346 2037 2342 1990 485 1990 485 2029"/>
                        </Shape>
                        <String CONTENT=""/>
                    </TextLine>

                    <TextLine ID="line_39" HPOS="483" VPOS="2041" WIDTH="1863" HEIGHT="60" BASELINE="485 2078 2346 2083" TAGREFS="TYPE_1">
                        <Shape>
                            <Polygon POINTS="485 2078 483 2099 2342 2101 2346 2083 2344 2045 485 2041 485 2078"/>
                        </Shape>
                        <String CONTENT=""/>
                    </TextLine>

                    <TextLine ID="line_40" HPOS="481" VPOS="2093" WIDTH="1863" HEIGHT="62" BASELINE="483 2130 2344 2136" TAGREFS="TYPE_1">
                        <Shape>
                            <Polygon POINTS="483 2130 481 2147 2339 2155 2344 2136 2342 2093 483 2093 483 2130"/>
                        </Shape>
                        <String CONTENT=""/>
                    </TextLine>

                    <TextLine ID="line_41" HPOS="483" VPOS="2140" WIDTH="1863" HEIGHT="60" BASELINE="485 2177 2346 2184" TAGREFS="TYPE_1">
                        <Shape>
                            <Polygon POINTS="485 2177 483 2196 2342 2200 2346 2184 2344 2144 485 2140 485 2177"/>
                        </Shape>
                        <String CONTENT=""/>
                    </TextLine>

                    <TextLine ID="line_42" HPOS="483" VPOS="2190" WIDTH="1856" HEIGHT="68" BASELINE="485 2227 2339 2235" TAGREFS="TYPE_1">
                        <Shape>
                            <Polygon POINTS="485 2227 483 2250 2335 2258 2339 2235 2337 2194 485 2190 485 2227"/>
                        </Shape>
                        <String CONTENT=""/>
                    </TextLine>

                    <TextLine ID="line_43" HPOS="483" VPOS="2239" WIDTH="1863" HEIGHT="62" BASELINE="483 2279 2346 2283" TAGREFS="TYPE_1">
                        <Shape>
                            <Polygon POINTS="483 2279 483 2301 2344 2299 2346 2283 2344 2244 483 2239 483 2279"/>
                        </Shape>
                        <String CONTENT=""/>
                    </TextLine>

                    <TextLine ID="line_44" HPOS="483" VPOS="2289" WIDTH="1869" HEIGHT="62" BASELINE="483 2326 2352 2332" TAGREFS="TYPE_1">
                        <Shape>
                            <Polygon POINTS="483 2326 483 2351 2350 2351 2352 2332 2352 2295 483 2289 483 2326"/>
                        </Shape>
                        <String CONTENT=""/>
                    </TextLine>

                    <TextLine ID="line_45" HPOS="481" VPOS="2336" WIDTH="1863" HEIGHT="69" BASELINE="483 2374 2344 2380" TAGREFS="TYPE_1">
                        <Shape>
                            <Polygon POINTS="483 2374 481 2400 2339 2405 2344 2380 2342 2343 483 2336 483 2374"/>
                        </Shape>
                        <String CONTENT=""/>
                    </TextLine>

                    <TextLine ID="line_46" HPOS="481" VPOS="2386" WIDTH="1869" HEIGHT="68" BASELINE="483 2423 2350 2431" TAGREFS="TYPE_1">
                        <Shape>
                            <Polygon POINTS="483 2423 481 2448 2346 2454 2350 2431 2348 2394 483 2386 483 2423"/>
                        </Shape>
                        <String CONTENT=""/>
                    </TextLine>

                    <TextLine ID="line_47" HPOS="481" VPOS="2438" WIDTH="1867" HEIGHT="59" BASELINE="483 2477 1286 2473 2348 2483" TAGREFS="TYPE_1">
                        <Shape>
                            <Polygon POINTS="483 2477 481 2491 2344 2497 2348 2483 2346 2444 483 2438 483 2477"/>
                        </Shape>
                        <String CONTENT=""/>
                    </TextLine>

                    <TextLine ID="line_48" HPOS="483" VPOS="2489" WIDTH="1865" HEIGHT="60" BASELINE="483 2526 1466 2522 2348 2531" TAGREFS="TYPE_1">
                        <Shape>
                            <Polygon POINTS="2342 2491 2321 2491 2300 2491 2280 2491 2259 2491 2238 2491 2218 2491 2197 2491 2176 2491 2156 2491 2135 2491 2114 2491 2094 2491 2073 2491 2052 2491 2032 2491 2011 2491 1990 2491 1970 2491 1949 2491 1928 2491 1908 2491 1887 2491 1867 2491 1846 2491 1825 2491 1805 2491 1784 2491 1763 2491 1743 2491 1722 2491 1701 2491 1681 2491 1660 2491 1639 2491 1619 2491 1598 2491 1577 2491 1557 2491 1536 2491 1515 2491 1495 2491 1474 2491 1453 2491 1433 2491 1412 2491 1392 2491 1371 2491 1350 2491 1330 2491 1309 2491 1288 2491 1268 2491 1247 2491 1226 2491 1206 2491 1185 2491 1164 2491 1144 2491 1123 2491 1102 2491 1082 2491 1061 2491 1040 2491 1020 2491 999 2491 997 2489 483 2489 483 2526 483 2549 2346 2547 2348 2531 2346 2491 2342 2491"/>
                        </Shape>
                        <String CONTENT=""/>
                    </TextLine>

                    <TextLine ID="line_49" HPOS="481" VPOS="2537" WIDTH="1867" HEIGHT="64" BASELINE="483 2576 1491 2572 2348 2580" TAGREFS="TYPE_1">
                        <Shape>
                            <Polygon POINTS="483 2576 481 2592 2344 2601 2348 2580 2346 2539 483 2537 483 2576"/>
                        </Shape>
                        <String CONTENT=""/>
                    </TextLine>

                    <TextLine ID="line_50" HPOS="483" VPOS="2578" WIDTH="1865" HEIGHT="72" BASELINE="483 2625 1643 2621 2348 2630" TAGREFS="TYPE_1">
                        <Shape>
                            <Polygon POINTS="483 2625 483 2650 2346 2650 2348 2630 2346 2590 1317 2578 1315 2578 1313 2578 1301 2582 1286 2588 1214 2582 1166 2578 1164 2578 1131 2582 1073 2588 1053 2580 1045 2578 1042 2578 1040 2578 1022 2580 974 2588 929 2580 914 2578 912 2578 894 2580 824 2588 710 2578 693 2578 691 2578 685 2578 627 2588 483 2578 483 2625"/>
                        </Shape>
                        <String CONTENT=""/>
                    </TextLine>

                    <TextLine ID="line_51" HPOS="481" VPOS="2632" WIDTH="1865" HEIGHT="64" BASELINE="483 2675 1726 2671 2346 2679" TAGREFS="TYPE_1">
                        <Shape>
                            <Polygon POINTS="483 2675 483 2694 2342 2696 2346 2679 2344 2638 481 2632 483 2675"/>
                        </Shape>
                        <String CONTENT=""/>
                    </TextLine>

                    <TextLine ID="line_52" HPOS="483" VPOS="2683" WIDTH="1865" HEIGHT="60" BASELINE="485 2723 2348 2727" TAGREFS="TYPE_1">
                        <Shape>
                            <Polygon POINTS="485 2723 483 2741 2344 2743 2348 2727 2346 2689 485 2683 485 2723"/>
                        </Shape>
                        <String CONTENT=""/>
                    </TextLine>

                    <TextLine ID="line_53" HPOS="481" VPOS="2731" WIDTH="1867" HEIGHT="62" BASELINE="483 2774 1860 2770 2348 2778" TAGREFS="TYPE_1">
                        <Shape>
                            <Polygon POINTS="483 2774 483 2793 2346 2791 2348 2778 2346 2737 481 2731 483 2774"/>
                        </Shape>
                        <String CONTENT=""/>
                    </TextLine>

                    <TextLine ID="line_54" HPOS="483" VPOS="2774" WIDTH="1863" HEIGHT="68" BASELINE="483 2822 2346 2826" TAGREFS="TYPE_1">
                        <Shape>
                            <Polygon POINTS="483 2822 483 2842 2344 2840 2346 2826 2344 2787 483 2774 483 2822"/>
                        </Shape>
                        <String CONTENT=""/>
                    </TextLine>

                    <TextLine ID="line_55" HPOS="483" VPOS="2832" WIDTH="1867" HEIGHT="62" BASELINE="483 2869 2350 2875" TAGREFS="TYPE_1">
                        <Shape>
                            <Polygon POINTS="483 2869 483 2894 2348 2894 2350 2875 2348 2838 483 2832 483 2869"/>
                        </Shape>
                        <String CONTENT=""/>
                    </TextLine>

                    <TextLine ID="line_56" HPOS="483" VPOS="2881" WIDTH="1871" HEIGHT="60" BASELINE="485 2917 2354 2925" TAGREFS="TYPE_1">
                        <Shape>
                            <Polygon POINTS="485 2917 483 2933 2350 2941 2354 2925 2354 2888 485 2881 485 2917"/>
                        </Shape>
                        <String CONTENT=""/>
                    </TextLine>

                    <TextLine ID="line_57" HPOS="483" VPOS="2929" WIDTH="1867" HEIGHT="64" BASELINE="485 2966 2350 2974" TAGREFS="TYPE_1">
                        <Shape>
                            <Polygon POINTS="485 2966 483 2985 2346 2993 2350 2974 2348 2937 485 2929 485 2966"/>
                        </Shape>
                        <String CONTENT=""/>
                    </TextLine>

                    <TextLine ID="line_58" HPOS="483" VPOS="2974" WIDTH="1865" HEIGHT="68" BASELINE="485 3014 2348 3022" TAGREFS="TYPE_1">
                        <Shape>
                            <Polygon POINTS="485 3014 483 3034 2344 3042 2348 3022 2346 2985 485 2974 485 3014"/>
                        </Shape>
                        <String CONTENT=""/>
                    </TextLine>

                    <TextLine ID="line_59" HPOS="481" VPOS="3028" WIDTH="1865" HEIGHT="109" BASELINE="483 3067 2346 3073" TAGREFS="TYPE_1">
                        <Shape>
                            <Polygon POINTS="483 3067 481 3113 557 3131 559 3133 770 3133 770 3131 772 3131 817 3113 848 3100 898 3113 910 3115 912 3115 956 3113 1071 3104 1084 3113 1102 3127 1104 3127 1107 3127 1109 3127 1111 3127 1171 3113 1210 3102 1555 3102 1600 3106 1606 3111 1637 3133 1639 3133 1641 3133 1643 3133 1646 3133 1695 3117 1751 3129 1753 3129 1836 3117 1918 3135 1920 3137 2139 3137 2139 3135 2344 3109 2346 3073 2344 3034 483 3028 483 3067"/>
                        </Shape>
                        <String CONTENT=""/>
                    </TextLine>
</TextBlock>
                <TextBlock ID="block_1" HPOS="1195" VPOS="3087" WIDTH="378" HEIGHT="69" TAGREFS="TYPE_17">
                    <Shape>
                        <Polygon POINTS="1195.32421875 3087.8876953125 1573.870361328125 3087.8876953125 1573.870361328125 3156.684326171875 1195.32421875 3156.684326171875 1195.32421875 3087.8876953125"/>
                    </Shape>
                    <TextLine ID="line_60" HPOS="1208" VPOS="3088" WIDTH="97" HEIGHT="128" BASELINE="1208 3123 1305 3123" TAGREFS="TYPE_1">
                        <Shape>
                            <Polygon POINTS="1208 3123 1208 3216 1305 3204 1305 3123 1305 3088 1208 3088 1208 3123"/>
                        </Shape>
                        <String CONTENT=""/>
                    </TextLine>
</TextBlock>
            </PrintSpace>
        </Page>
    </Layout>
</alto>