<?xml version="1.0" encoding="UTF-8"?>
<alto xmlns:xsi="http://www.w3.org/2001/XMLSchema-instance"
    xmlns="http://www.loc.gov/standards/alto/ns-v4#"
    xsi:schemaLocation="http://www.loc.gov/standards/alto/ns-v4# http://www.loc.gov/standards/alto/v4/alto-4-3.xsd">
    <Description>
        <MeasurementUnit>pixel</MeasurementUnit>
        <sourceImageInformation>
            <fileName>bsb10143002_00322.jpg</fileName>
        </sourceImageInformation>
        <Processing ID="OCR_0">
            <processingCategory>other</processingCategory>
            <processingStepDescription>unknown</processingStepDescription>
            <processingSoftware>
                <softwareName>kraken</softwareName>
                <softwareVersion>4.3.13</softwareVersion>
            </processingSoftware>
        </Processing>
    </Description>
    <Tags>
        <OtherTag ID="TYPE_1" LABEL="DefaultLine"/>
        <OtherTag ID="TYPE_2" LABEL="FigureZone-Head"/>
        <OtherTag ID="TYPE_3" LABEL="TableZone-Head"/>
        <OtherTag ID="TYPE_4" LABEL="MainZone-Sp"/>
        <OtherTag ID="TYPE_5" LABEL="MainZone-Form"/>
        <OtherTag ID="TYPE_6" LABEL="MarginTextZone-Notes-Continued"/>
        <OtherTag ID="TYPE_7" LABEL="AdvertisementZone"/>
        <OtherTag ID="TYPE_8" LABEL="StampZone"/>
        <OtherTag ID="TYPE_9" LABEL="MarginTextZone-ManuscriptAddendum"/>
        <OtherTag ID="TYPE_10" LABEL="StampZone-Sticker"/>
        <OtherTag ID="TYPE_11" LABEL="MainZone-Entry-Continued"/>
        <OtherTag ID="TYPE_12" LABEL="TableZone-Continued"/>
        <OtherTag ID="TYPE_13" LABEL="NumberingZone"/>
        <OtherTag ID="TYPE_14" LABEL="TableZone"/>
        <OtherTag ID="TYPE_15" LABEL="FigureZone-FigDesc"/>
        <OtherTag ID="TYPE_16" LABEL="MainZone-Entry"/>
        <OtherTag ID="TYPE_17" LABEL="MarginTextZone-Notes"/>
        <OtherTag ID="TYPE_18" LABEL="MainZone-Head"/>
        <OtherTag ID="TYPE_19" LABEL="DropCapitalZone"/>
        <OtherTag ID="TYPE_20" LABEL="MainZone-Date"/>
        <OtherTag ID="TYPE_21" LABEL="GraphicZone-Head"/>
        <OtherTag ID="TYPE_22" LABEL="MainZone-P"/>
        <OtherTag ID="TYPE_23" LABEL="GraphicZone-Part"/>
        <OtherTag ID="TYPE_24" LABEL="MainZone-Other"/>
        <OtherTag ID="TYPE_25" LABEL="MainZone-Lg"/>
        <OtherTag ID="TYPE_26" LABEL="GraphicZone-FigDesc"/>
        <OtherTag ID="TYPE_27" LABEL="GraphicZone-Decoration"/>
        <OtherTag ID="TYPE_28" LABEL="RunningTitleZone"/>
        <OtherTag ID="TYPE_29" LABEL="GraphicZone"/>
        <OtherTag ID="TYPE_30" LABEL="TitlePageZone"/>
        <OtherTag ID="TYPE_31" LABEL="GraphicZone-TextualContent"/>
        <OtherTag ID="TYPE_32" LABEL="MainZone-P-Continued"/>
        <OtherTag ID="TYPE_33" LABEL="MainZone-Lg-Continued"/>
        <OtherTag ID="TYPE_34" LABEL="DigitizationArtefactZone"/>
        <OtherTag ID="TYPE_35" LABEL="MainZone-List"/>
        <OtherTag ID="TYPE_36" LABEL="GraphicZone-Maths"/>
        <OtherTag ID="TYPE_37" LABEL="FigureZone"/>
        <OtherTag ID="TYPE_38" LABEL="QuireMarksZone"/>
        <OtherTag ID="TYPE_39" LABEL="MainZone-Sp-Continued"/>
        <OtherTag ID="TYPE_40" LABEL="TitlePageZone-Index"/>
        <OtherTag ID="TYPE_41" LABEL="MainZone-List-Continued"/>
        <OtherTag ID="TYPE_42" LABEL="MainZone-Signature"/>
    </Tags>
    <Layout>
        <Page WIDTH="2384" HEIGHT="3724" PHYSICAL_IMG_NR="0" ID="page_0">
            <PrintSpace HPOS="0" VPOS="0" WIDTH="2384" HEIGHT="3724">
                <TextBlock ID="block_2" HPOS="850" VPOS="144" WIDTH="300" HEIGHT="70" TAGREFS="TYPE_28">
                    <Shape>
                        <Polygon POINTS="850.0364990234375 144.25991821289062 1150.6312255859375 144.25991821289062 1150.6312255859375 214.11474609375 850.0364990234375 214.11474609375 850.0364990234375 144.25991821289062"/>
                    </Shape>
                    <TextLine ID="line_0" HPOS="848" VPOS="111" WIDTH="306" HEIGHT="102" BASELINE="850 192 1154 188" TAGREFS="TYPE_1">
                        <Shape>
                            <Polygon POINTS="850 192 850 213 1152 208 1154 188 1152 132 1090 111 1088 111 1018 111 1016 111 1014 111 970 134 968 134 962 134 887 124 885 124 883 124 848 132 850 192"/>
                        </Shape>
                        <String CONTENT=""/>
                    </TextLine>
</TextBlock>
                <TextBlock ID="block_1" HPOS="1554" VPOS="141" WIDTH="520" HEIGHT="67" TAGREFS="TYPE_28">
                    <Shape>
                        <Polygon POINTS="1554.5206298828125 141.88182067871094 2074.917236328125 141.88182067871094 2074.917236328125 208.2423095703125 1554.5206298828125 208.2423095703125 1554.5206298828125 141.88182067871094"/>
                    </Shape>
                    <TextLine ID="line_1" HPOS="1552" VPOS="109" WIDTH="529" HEIGHT="102" BASELINE="1554 188 2081 184" TAGREFS="TYPE_1">
                        <Shape>
                            <Polygon POINTS="1554 188 1554 211 2079 206 2081 184 2079 126 2028 109 2025 109 2023 109 2021 109 1974 122 1968 124 1959 122 1897 109 1895 109 1893 109 1866 119 1854 124 1819 119 1765 111 1763 111 1761 111 1759 111 1750 117 1736 126 1552 113 1554 188"/>
                        </Shape>
                        <String CONTENT=""/>
                    </TextLine>
</TextBlock>
                <TextBlock ID="block_3" HPOS="469" VPOS="219" WIDTH="1870" HEIGHT="2805" TAGREFS="TYPE_32">
                    <Shape>
                        <Polygon POINTS="469.1244812011719 219.4717254638672 2339.688720703125 219.4717254638672 2339.688720703125 3024.4873046875 469.1244812011719 3024.4873046875 469.1244812011719 219.4717254638672"/>
                    </Shape>
                    <TextLine ID="line_2" HPOS="492" VPOS="192" WIDTH="1831" HEIGHT="87" BASELINE="492 254 1748 250 2323 262" TAGREFS="TYPE_1">
                        <Shape>
                            <Polygon POINTS="492 254 492 279 2321 279 2323 262 2319 192 2239 206 2141 196 2139 196 2137 196 2135 196 2119 206 1976 206 1959 194 1957 194 1955 194 1953 194 1686 206 1663 192 1661 192 1659 192 1657 192 1655 192 1601 206 1508 192 1506 192 1504 192 1500 192 1212 204 1156 192 1154 192 1152 192 1150 192 1092 208 873 208 800 206 780 192 778 192 776 192 773 192 767 192 529 202 492 192 492 254"/>
                        </Shape>
                        <String CONTENT=""/>
                    </TextLine>

                    <TextLine ID="line_3" HPOS="494" VPOS="262" WIDTH="1832" HEIGHT="69" BASELINE="496 299 2326 308" TAGREFS="TYPE_1">
                        <Shape>
                            <Polygon POINTS="496 299 494 322 2321 331 2326 308 2323 271 496 262 496 299"/>
                        </Shape>
                        <String CONTENT=""/>
                    </TextLine>

                    <TextLine ID="line_4" HPOS="492" VPOS="310" WIDTH="1834" HEIGHT="72" BASELINE="494 349 2326 357" TAGREFS="TYPE_1">
                        <Shape>
                            <Polygon POINTS="494 349 492 374 2321 382 2326 357 2323 320 494 310 494 349"/>
                        </Shape>
                        <String CONTENT=""/>
                    </TextLine>

                    <TextLine ID="line_5" HPOS="492" VPOS="364" WIDTH="1836" HEIGHT="62" BASELINE="494 397 2328 405" TAGREFS="TYPE_1">
                        <Shape>
                            <Polygon POINTS="494 397 492 413 2323 426 2328 405 2328 372 494 364 494 397"/>
                        </Shape>
                        <String CONTENT=""/>
                    </TextLine>

                    <TextLine ID="line_6" HPOS="492" VPOS="413" WIDTH="1838" HEIGHT="60" BASELINE="492 448 2330 453" TAGREFS="TYPE_1">
                        <Shape>
                            <Polygon POINTS="492 448 492 473 2328 471 2330 453 2328 417 492 413 492 448"/>
                        </Shape>
                        <String CONTENT=""/>
                    </TextLine>

                    <TextLine ID="line_7" HPOS="494" VPOS="461" WIDTH="1834" HEIGHT="64" BASELINE="494 496 2328 502" TAGREFS="TYPE_1">
                        <Shape>
                            <Polygon POINTS="494 496 494 525 2326 525 2328 502 2326 467 494 461 494 496"/>
                        </Shape>
                        <String CONTENT=""/>
                    </TextLine>

                    <TextLine ID="line_8" HPOS="496" VPOS="508" WIDTH="1834" HEIGHT="73" BASELINE="496 544 2330 554" TAGREFS="TYPE_1">
                        <Shape>
                            <Polygon POINTS="496 544 496 568 1585 568 1591 571 1607 579 1610 579 1612 579 1905 571 1941 571 1953 571 2061 581 2063 581 2328 571 2330 554 2328 519 496 508 496 544"/>
                        </Shape>
                        <String CONTENT=""/>
                    </TextLine>

                    <TextLine ID="line_9" HPOS="494" VPOS="560" WIDTH="1838" HEIGHT="60" BASELINE="494 593 2332 602" TAGREFS="TYPE_1">
                        <Shape>
                            <Polygon POINTS="494 593 494 620 2330 620 2332 602 2330 568 494 560 494 593"/>
                        </Shape>
                        <String CONTENT=""/>
                    </TextLine>

                    <TextLine ID="line_10" HPOS="490" VPOS="608" WIDTH="1840" HEIGHT="66" BASELINE="492 643 2330 649" TAGREFS="TYPE_1">
                        <Shape>
                            <Polygon POINTS="492 643 490 666 2326 674 2330 649 2328 614 492 608 492 643"/>
                        </Shape>
                        <String CONTENT=""/>
                    </TextLine>

                    <TextLine ID="line_11" HPOS="490" VPOS="655" WIDTH="1842" HEIGHT="62" BASELINE="492 693 2332 701" TAGREFS="TYPE_1">
                        <Shape>
                            <Polygon POINTS="492 693 490 713 2328 717 2332 701 2330 662 492 655 492 693"/>
                        </Shape>
                        <String CONTENT=""/>
                    </TextLine>

                    <TextLine ID="line_12" HPOS="492" VPOS="703" WIDTH="1842" HEIGHT="66" BASELINE="492 740 2334 748" TAGREFS="TYPE_1">
                        <Shape>
                            <Polygon POINTS="492 740 492 769 2332 769 2334 748 2332 715 492 703 492 740"/>
                        </Shape>
                        <String CONTENT=""/>
                    </TextLine>

                    <TextLine ID="line_13" HPOS="492" VPOS="759" WIDTH="1842" HEIGHT="60" BASELINE="492 792 2334 796" TAGREFS="TYPE_1">
                        <Shape>
                            <Polygon POINTS="492 792 492 819 2332 815 2334 796 2332 763 492 759 492 792"/>
                        </Shape>
                        <String CONTENT=""/>
                    </TextLine>

                    <TextLine ID="line_14" HPOS="490" VPOS="800" WIDTH="1844" HEIGHT="66" BASELINE="490 842 2334 846" TAGREFS="TYPE_1">
                        <Shape>
                            <Polygon POINTS="490 842 490 866 2332 864 2334 846 2334 815 2243 802 2241 802 1593 811 1409 800 1407 800 490 808 490 842"/>
                        </Shape>
                        <String CONTENT=""/>
                    </TextLine>

                    <TextLine ID="line_15" HPOS="488" VPOS="856" WIDTH="1844" HEIGHT="58" BASELINE="490 891 2332 897" TAGREFS="TYPE_1">
                        <Shape>
                            <Polygon POINTS="490 891 488 908 2328 914 2332 897 2330 862 490 856 490 891"/>
                        </Shape>
                        <String CONTENT=""/>
                    </TextLine>

                    <TextLine ID="line_16" HPOS="490" VPOS="902" WIDTH="1844" HEIGHT="64" BASELINE="490 941 2334 945" TAGREFS="TYPE_1">
                        <Shape>
                            <Polygon POINTS="490 941 490 966 2332 964 2334 945 2332 908 490 902 490 941"/>
                        </Shape>
                        <String CONTENT=""/>
                    </TextLine>

                    <TextLine ID="line_17" HPOS="490" VPOS="955" WIDTH="1842" HEIGHT="60" BASELINE="490 990 2332 995" TAGREFS="TYPE_1">
                        <Shape>
                            <Polygon POINTS="490 990 490 1015 2330 1011 2332 995 2330 955 490 955 490 990"/>
                        </Shape>
                        <String CONTENT=""/>
                    </TextLine>

                    <TextLine ID="line_18" HPOS="488" VPOS="1007" WIDTH="1844" HEIGHT="56" BASELINE="488 1042 2332 1042" TAGREFS="TYPE_1">
                        <Shape>
                            <Polygon POINTS="488 1042 488 1063 2330 1063 2332 1042 2330 1007 488 1007 488 1042"/>
                        </Shape>
                        <String CONTENT=""/>
                    </TextLine>

                    <TextLine ID="line_19" HPOS="486" VPOS="1053" WIDTH="1846" HEIGHT="57" BASELINE="488 1088 2332 1092" TAGREFS="TYPE_1">
                        <Shape>
                            <Polygon POINTS="488 1088 486 1106 2328 1110 2332 1092 2330 1055 488 1053 488 1088"/>
                        </Shape>
                        <String CONTENT=""/>
                    </TextLine>

                    <TextLine ID="line_20" HPOS="488" VPOS="1106" WIDTH="1842" HEIGHT="60" BASELINE="488 1142 2330 1142" TAGREFS="TYPE_1">
                        <Shape>
                            <Polygon POINTS="488 1142 488 1160 2328 1166 2330 1142 2330 1106 488 1106 488 1142"/>
                        </Shape>
                        <String CONTENT=""/>
                    </TextLine>

                    <TextLine ID="line_21" HPOS="490" VPOS="1148" WIDTH="1840" HEIGHT="66" BASELINE="490 1191 2330 1191" TAGREFS="TYPE_1">
                        <Shape>
                            <Polygon POINTS="490 1191 490 1214 2330 1214 2330 1191 2330 1156 490 1148 490 1191"/>
                        </Shape>
                        <String CONTENT=""/>
                    </TextLine>

                    <TextLine ID="line_22" HPOS="486" VPOS="1197" WIDTH="1846" HEIGHT="67" BASELINE="488 1237 2332 1241" TAGREFS="TYPE_1">
                        <Shape>
                            <Polygon POINTS="488 1237 486 1259 2328 1264 2332 1241 2330 1206 488 1197 488 1237"/>
                        </Shape>
                        <String CONTENT=""/>
                    </TextLine>

                    <TextLine ID="line_23" HPOS="490" VPOS="1253" WIDTH="1842" HEIGHT="58" BASELINE="490 1288 2332 1288" TAGREFS="TYPE_1">
                        <Shape>
                            <Polygon POINTS="490 1288 490 1311 2332 1307 2332 1288 2332 1255 490 1253 490 1288"/>
                        </Shape>
                        <String CONTENT=""/>
                    </TextLine>

                    <TextLine ID="line_24" HPOS="488" VPOS="1299" WIDTH="1844" HEIGHT="58" BASELINE="490 1334 2332 1340" TAGREFS="TYPE_1">
                        <Shape>
                            <Polygon POINTS="490 1334 488 1350 2328 1357 2332 1340 2328 1299 490 1299 490 1334"/>
                        </Shape>
                        <String CONTENT=""/>
                    </TextLine>

                    <TextLine ID="line_25" HPOS="488" VPOS="1353" WIDTH="1842" HEIGHT="53" BASELINE="488 1388 2330 1388" TAGREFS="TYPE_1">
                        <Shape>
                            <Polygon POINTS="488 1388 488 1406 2330 1406 2330 1388 2328 1353 488 1353 488 1388"/>
                        </Shape>
                        <String CONTENT=""/>
                    </TextLine>

                    <TextLine ID="line_26" HPOS="484" VPOS="1392" WIDTH="1846" HEIGHT="70" BASELINE="486 1429 2330 1435" TAGREFS="TYPE_1">
                        <Shape>
                            <Polygon POINTS="486 1429 484 1452 2326 1462 2330 1435 2326 1392 486 1394 486 1429"/>
                        </Shape>
                        <String CONTENT=""/>
                    </TextLine>

                    <TextLine ID="line_27" HPOS="486" VPOS="1448" WIDTH="1844" HEIGHT="56" BASELINE="488 1481 2330 1485" TAGREFS="TYPE_1">
                        <Shape>
                            <Polygon POINTS="488 1481 486 1499 2326 1504 2330 1485 2328 1448 488 1448 488 1481"/>
                        </Shape>
                        <String CONTENT=""/>
                    </TextLine>

                    <TextLine ID="line_28" HPOS="486" VPOS="1493" WIDTH="1842" HEIGHT="64" BASELINE="486 1530 2328 1537" TAGREFS="TYPE_1">
                        <Shape>
                            <Polygon POINTS="486 1530 486 1557 2326 1555 2328 1537 2326 1502 486 1493 486 1530"/>
                        </Shape>
                        <String CONTENT=""/>
                    </TextLine>

                    <TextLine ID="line_29" HPOS="484" VPOS="1547" WIDTH="1844" HEIGHT="64" BASELINE="486 1580 2328 1586" TAGREFS="TYPE_1">
                        <Shape>
                            <Polygon POINTS="486 1580 484 1599 2323 1611 2328 1586 2326 1553 486 1547 486 1580"/>
                        </Shape>
                        <String CONTENT=""/>
                    </TextLine>

                    <TextLine ID="line_30" HPOS="484" VPOS="1595" WIDTH="1848" HEIGHT="60" BASELINE="486 1630 2332 1636" TAGREFS="TYPE_1">
                        <Shape>
                            <Polygon POINTS="486 1630 484 1648 2328 1655 2332 1636 2330 1601 486 1595 486 1630"/>
                        </Shape>
                        <String CONTENT=""/>
                    </TextLine>

                    <TextLine ID="line_31" HPOS="484" VPOS="1646" WIDTH="1848" HEIGHT="58" BASELINE="484 1679 2332 1684" TAGREFS="TYPE_1">
                        <Shape>
                            <Polygon POINTS="484 1679 484 1704 2330 1704 2332 1684 2330 1650 484 1646 484 1679"/>
                        </Shape>
                        <String CONTENT=""/>
                    </TextLine>

                    <TextLine ID="line_32" HPOS="482" VPOS="1696" WIDTH="1846" HEIGHT="66" BASELINE="484 1731 2328 1727" TAGREFS="TYPE_1">
                        <Shape>
                            <Polygon POINTS="484 1731 484 1762 538 1752 2326 1752 2328 1727 2323 1696 482 1696 484 1731"/>
                        </Shape>
                        <String CONTENT=""/>
                    </TextLine>

                    <TextLine ID="line_33" HPOS="484" VPOS="1739" WIDTH="1846" HEIGHT="69" BASELINE="486 1777 2330 1783" TAGREFS="TYPE_1">
                        <Shape>
                            <Polygon POINTS="486 1777 484 1795 2326 1808 2330 1783 2326 1739 486 1742 486 1777"/>
                        </Shape>
                        <String CONTENT=""/>
                    </TextLine>

                    <TextLine ID="line_34" HPOS="486" VPOS="1791" WIDTH="1846" HEIGHT="62" BASELINE="486 1826 2332 1830" TAGREFS="TYPE_1">
                        <Shape>
                            <Polygon POINTS="486 1826 486 1853 2330 1849 2332 1830 2330 1795 486 1791 486 1826"/>
                        </Shape>
                        <String CONTENT=""/>
                    </TextLine>

                    <TextLine ID="line_35" HPOS="484" VPOS="1841" WIDTH="1846" HEIGHT="66" BASELINE="486 1876 2330 1882" TAGREFS="TYPE_1">
                        <Shape>
                            <Polygon POINTS="486 1876 484 1899 2326 1907 2330 1882 2328 1847 486 1841 486 1876"/>
                        </Shape>
                        <String CONTENT=""/>
                    </TextLine>

                    <TextLine ID="line_36" HPOS="482" VPOS="1890" WIDTH="1517" HEIGHT="63" BASELINE="484 1926 1999 1930" TAGREFS="TYPE_1">
                        <Shape>
                            <Polygon POINTS="484 1926 482 1944 1994 1953 1999 1930 1997 1895 484 1890 484 1926"/>
                        </Shape>
                        <String CONTENT=""/>
                    </TextLine>
</TextBlock>
                <TextBlock ID="block_0" HPOS="468" VPOS="1945" WIDTH="1875" HEIGHT="1143" TAGREFS="TYPE_22">
                    <Shape>
                        <Polygon POINTS="468.7557678222656 1945.4525146484375 2343.97607421875 1945.4525146484375 2343.97607421875 3088.23828125 468.7557678222656 3088.23828125 468.7557678222656 1945.4525146484375"/>
                    </Shape>
                    <TextLine ID="line_37" HPOS="484" VPOS="1930" WIDTH="1846" HEIGHT="72" BASELINE="486 1973 2330 1981" TAGREFS="TYPE_1">
                        <Shape>
                            <Polygon POINTS="486 1973 484 1998 2326 2002 2330 1981 2328 1944 486 1930 486 1973"/>
                        </Shape>
                        <String CONTENT=""/>
                    </TextLine>

                    <TextLine ID="line_38" HPOS="484" VPOS="1990" WIDTH="1846" HEIGHT="60" BASELINE="486 2023 2330 2029" TAGREFS="TYPE_1">
                        <Shape>
                            <Polygon POINTS="486 2023 484 2044 2326 2050 2330 2029 2328 1990 486 1990 486 2023"/>
                        </Shape>
                        <String CONTENT=""/>
                    </TextLine>

                    <TextLine ID="line_39" HPOS="482" VPOS="2039" WIDTH="1850" HEIGHT="60" BASELINE="484 2075 2332 2079" TAGREFS="TYPE_1">
                        <Shape>
                            <Polygon POINTS="484 2075 482 2091 2328 2099 2332 2079 2330 2044 484 2039 484 2075"/>
                        </Shape>
                        <String CONTENT=""/>
                    </TextLine>

                    <TextLine ID="line_40" HPOS="482" VPOS="2087" WIDTH="1846" HEIGHT="66" BASELINE="484 2124 2328 2128" TAGREFS="TYPE_1">
                        <Shape>
                            <Polygon POINTS="484 2124 482 2147 2323 2153 2328 2128 2326 2091 484 2087 484 2124"/>
                        </Shape>
                        <String CONTENT=""/>
                    </TextLine>

                    <TextLine ID="line_41" HPOS="484" VPOS="2133" WIDTH="1846" HEIGHT="66" BASELINE="486 2174 2330 2178" TAGREFS="TYPE_1">
                        <Shape>
                            <Polygon POINTS="486 2174 484 2197 2326 2199 2330 2178 2328 2143 486 2133 486 2174"/>
                        </Shape>
                        <String CONTENT=""/>
                    </TextLine>

                    <TextLine ID="line_42" HPOS="482" VPOS="2188" WIDTH="1850" HEIGHT="56" BASELINE="484 2224 2332 2228" TAGREFS="TYPE_1">
                        <Shape>
                            <Polygon POINTS="484 2224 482 2240 2328 2244 2332 2228 2330 2193 484 2188 484 2224"/>
                        </Shape>
                        <String CONTENT=""/>
                    </TextLine>

                    <TextLine ID="line_43" HPOS="482" VPOS="2240" WIDTH="1850" HEIGHT="60" BASELINE="482 2273 2332 2273" TAGREFS="TYPE_1">
                        <Shape>
                            <Polygon POINTS="482 2273 482 2300 2332 2294 2332 2273 2332 2240 482 2240 482 2273"/>
                        </Shape>
                        <String CONTENT=""/>
                    </TextLine>

                    <TextLine ID="line_44" HPOS="482" VPOS="2284" WIDTH="1850" HEIGHT="64" BASELINE="484 2321 2332 2325" TAGREFS="TYPE_1">
                        <Shape>
                            <Polygon POINTS="484 2321 482 2339 2328 2348 2332 2325 2330 2284 484 2284 484 2321"/>
                        </Shape>
                        <String CONTENT=""/>
                    </TextLine>

                    <TextLine ID="line_45" HPOS="484" VPOS="2337" WIDTH="1848" HEIGHT="64" BASELINE="484 2373 2332 2373" TAGREFS="TYPE_1">
                        <Shape>
                            <Polygon POINTS="484 2373 484 2393 2330 2401 2332 2373 2332 2339 484 2337 484 2373"/>
                        </Shape>
                        <String CONTENT=""/>
                    </TextLine>

                    <TextLine ID="line_46" HPOS="482" VPOS="2377" WIDTH="1852" HEIGHT="66" BASELINE="484 2420 2334 2424" TAGREFS="TYPE_1">
                        <Shape>
                            <Polygon POINTS="484 2420 482 2439 2330 2443 2334 2424 2334 2387 484 2377 484 2420"/>
                        </Shape>
                        <String CONTENT=""/>
                    </TextLine>

                    <TextLine ID="line_47" HPOS="482" VPOS="2435" WIDTH="1850" HEIGHT="58" BASELINE="484 2470 2332 2474" TAGREFS="TYPE_1">
                        <Shape>
                            <Polygon POINTS="484 2470 482 2488 2328 2493 2332 2474 2330 2439 484 2435 484 2470"/>
                        </Shape>
                        <String CONTENT=""/>
                    </TextLine>

                    <TextLine ID="line_48" HPOS="482" VPOS="2484" WIDTH="1850" HEIGHT="62" BASELINE="484 2519 2332 2524" TAGREFS="TYPE_1">
                        <Shape>
                            <Polygon POINTS="484 2519 482 2538 2328 2546 2332 2524 2330 2486 484 2484 484 2519"/>
                        </Shape>
                        <String CONTENT=""/>
                    </TextLine>

                    <TextLine ID="line_49" HPOS="484" VPOS="2538" WIDTH="1850" HEIGHT="56" BASELINE="484 2569 2334 2569" TAGREFS="TYPE_1">
                        <Shape>
                            <Polygon POINTS="484 2569 484 2594 2334 2592 2334 2569 2334 2538 484 2538 484 2569"/>
                        </Shape>
                        <String CONTENT=""/>
                    </TextLine>

                    <TextLine ID="line_50" HPOS="480" VPOS="2579" WIDTH="1856" HEIGHT="65" BASELINE="482 2615 2336 2621" TAGREFS="TYPE_1">
                        <Shape>
                            <Polygon POINTS="482 2615 480 2637 2332 2644 2336 2621 2334 2579 482 2579 482 2615"/>
                        </Shape>
                        <String CONTENT=""/>
                    </TextLine>

                    <TextLine ID="line_51" HPOS="482" VPOS="2631" WIDTH="1852" HEIGHT="58" BASELINE="484 2666 2334 2670" TAGREFS="TYPE_1">
                        <Shape>
                            <Polygon POINTS="484 2666 482 2685 2330 2689 2334 2670 2332 2635 484 2631 484 2666"/>
                        </Shape>
                        <String CONTENT=""/>
                    </TextLine>

                    <TextLine ID="line_52" HPOS="482" VPOS="2679" WIDTH="1854" HEIGHT="64" BASELINE="484 2716 2336 2722" TAGREFS="TYPE_1">
                        <Shape>
                            <Polygon POINTS="484 2716 482 2741 2332 2743 2336 2722 2334 2685 484 2679 484 2716"/>
                        </Shape>
                        <String CONTENT=""/>
                    </TextLine>

                    <TextLine ID="line_53" HPOS="484" VPOS="2730" WIDTH="1850" HEIGHT="58" BASELINE="484 2764 2334 2768" TAGREFS="TYPE_1">
                        <Shape>
                            <Polygon POINTS="484 2764 484 2788 2332 2788 2334 2768 2332 2735 484 2730 484 2764"/>
                        </Shape>
                        <String CONTENT=""/>
                    </TextLine>

                    <TextLine ID="line_54" HPOS="482" VPOS="2774" WIDTH="1852" HEIGHT="66" BASELINE="482 2813 2334 2819" TAGREFS="TYPE_1">
                        <Shape>
                            <Polygon POINTS="482 2813 482 2840 2332 2838 2334 2819 2332 2780 482 2774 482 2813"/>
                        </Shape>
                        <String CONTENT=""/>
                    </TextLine>

                    <TextLine ID="line_55" HPOS="480" VPOS="2830" WIDTH="1856" HEIGHT="58" BASELINE="480 2863 2336 2867" TAGREFS="TYPE_1">
                        <Shape>
                            <Polygon POINTS="480 2863 480 2888 2334 2886 2336 2867 2334 2830 480 2830 480 2863"/>
                        </Shape>
                        <String CONTENT=""/>
                    </TextLine>

                    <TextLine ID="line_56" HPOS="480" VPOS="2875" WIDTH="1856" HEIGHT="62" BASELINE="482 2912 2336 2919" TAGREFS="TYPE_1">
                        <Shape>
                            <Polygon POINTS="482 2912 480 2931 2332 2937 2336 2919 2332 2875 482 2875 482 2912"/>
                        </Shape>
                        <String CONTENT=""/>
                    </TextLine>

                    <TextLine ID="line_57" HPOS="482" VPOS="2927" WIDTH="1854" HEIGHT="60" BASELINE="484 2960 2336 2966" TAGREFS="TYPE_1">
                        <Shape>
                            <Polygon POINTS="484 2960 482 2983 2332 2987 2336 2966 2334 2927 484 2927 484 2960"/>
                        </Shape>
                        <String CONTENT=""/>
                    </TextLine>

                    <TextLine ID="line_58" HPOS="486" VPOS="2977" WIDTH="1848" HEIGHT="62" BASELINE="486 3010 2334 3016" TAGREFS="TYPE_1">
                        <Shape>
                            <Polygon POINTS="486 3010 486 3039 2332 3039 2334 3016 2332 2979 486 2977 486 3010"/>
                        </Shape>
                        <String CONTENT=""/>
                    </TextLine>

                    <TextLine ID="line_59" HPOS="478" VPOS="3022" WIDTH="1860" HEIGHT="104" BASELINE="480 3061 2338 3066" TAGREFS="TYPE_1">
                        <Shape>
                            <Polygon POINTS="480 3061 478 3117 527 3124 529 3124 531 3124 550 3117 596 3105 618 3119 624 3124 627 3124 629 3124 631 3126 684 3126 684 3124 687 3124 689 3124 695 3119 709 3109 730 3119 742 3124 745 3124 747 3124 836 3119 931 3113 951 3119 968 3124 970 3124 972 3126 1175 3126 1175 3124 1177 3124 1196 3119 1249 3105 1272 3115 1274 3115 1276 3115 1347 3103 1465 3107 1481 3119 1487 3124 1490 3124 1492 3124 1494 3124 1663 3119 1688 3117 1690 3117 1719 3105 1754 3119 1771 3126 1773 3126 1775 3126 1808 3119 1848 3111 1918 3119 1976 3126 1978 3126 1980 3126 2005 3119 2065 3105 2301 3105 2332 3119 2338 3066 2336 3022 480 3022 480 3061"/>
                        </Shape>
                        <String CONTENT=""/>
                    </TextLine>
</TextBlock>
                <TextBlock ID="block_4" HPOS="2074" VPOS="3086" WIDTH="235" HEIGHT="70" TAGREFS="TYPE_38">
                    <Shape>
                        <Polygon POINTS="2074.4560546875 3086.09375 2309.920166015625 3086.09375 2309.920166015625 3156.766845703125 2074.4560546875 3156.766845703125 2074.4560546875 3086.09375"/>
                    </Shape>
                    <TextLine ID="line_60" HPOS="2083" VPOS="3084" WIDTH="224" HEIGHT="97" BASELINE="2083 3119 2307 3119" TAGREFS="TYPE_1">
                        <Shape>
                            <Polygon POINTS="2083 3119 2086 3181 2131 3167 2305 3181 2307 3119 2305 3084 2083 3084 2083 3119"/>
                        </Shape>
                        <String CONTENT=""/>
                    </TextLine>
</TextBlock>
            </PrintSpace>
        </Page>
    </Layout>
</alto>