<?xml version="1.0" encoding="UTF-8"?>
<alto xmlns:xsi="http://www.w3.org/2001/XMLSchema-instance"
    xmlns="http://www.loc.gov/standards/alto/ns-v4#"
    xsi:schemaLocation="http://www.loc.gov/standards/alto/ns-v4# http://www.loc.gov/standards/alto/v4/alto-4-3.xsd">
    <Description>
        <MeasurementUnit>pixel</MeasurementUnit>
        <sourceImageInformation>
            <fileName>bsb10313792_00135.jpg</fileName>
        </sourceImageInformation>
        <Processing ID="OCR_0">
            <processingCategory>other</processingCategory>
            <processingStepDescription>unknown</processingStepDescription>
            <processingSoftware>
                <softwareName>kraken</softwareName>
                <softwareVersion>4.3.13</softwareVersion>
            </processingSoftware>
        </Processing>
    </Description>
    <Tags>
        <OtherTag ID="TYPE_1" LABEL="DefaultLine"/>
        <OtherTag ID="TYPE_2" LABEL="MainZone-Other"/>
        <OtherTag ID="TYPE_3" LABEL="RunningTitleZone"/>
        <OtherTag ID="TYPE_4" LABEL="QuireMarksZone"/>
        <OtherTag ID="TYPE_5" LABEL="MarginTextZone-Notes-Continued"/>
        <OtherTag ID="TYPE_6" LABEL="MarginTextZone-Notes"/>
        <OtherTag ID="TYPE_7" LABEL="GraphicZone-TextualContent"/>
        <OtherTag ID="TYPE_8" LABEL="DigitizationArtefactZone"/>
        <OtherTag ID="TYPE_9" LABEL="TableZone-Continued"/>
        <OtherTag ID="TYPE_10" LABEL="MainZone-Lg"/>
        <OtherTag ID="TYPE_11" LABEL="MainZone-Head"/>
        <OtherTag ID="TYPE_12" LABEL="StampZone"/>
        <OtherTag ID="TYPE_13" LABEL="MainZone-Form"/>
        <OtherTag ID="TYPE_14" LABEL="MainZone-List-Continued"/>
        <OtherTag ID="TYPE_15" LABEL="MainZone-Signature"/>
        <OtherTag ID="TYPE_16" LABEL="MarginTextZone-ManuscriptAddendum"/>
        <OtherTag ID="TYPE_17" LABEL="MainZone-P-Continued"/>
        <OtherTag ID="TYPE_18" LABEL="StampZone-Sticker"/>
        <OtherTag ID="TYPE_19" LABEL="TableZone-Head"/>
        <OtherTag ID="TYPE_20" LABEL="GraphicZone-Decoration"/>
        <OtherTag ID="TYPE_21" LABEL="DropCapitalZone"/>
        <OtherTag ID="TYPE_22" LABEL="NumberingZone"/>
        <OtherTag ID="TYPE_23" LABEL="FigureZone-Head"/>
        <OtherTag ID="TYPE_24" LABEL="TitlePageZone"/>
        <OtherTag ID="TYPE_25" LABEL="GraphicZone-Maths"/>
        <OtherTag ID="TYPE_26" LABEL="MainZone-Entry-Continued"/>
        <OtherTag ID="TYPE_27" LABEL="MainZone-Sp"/>
        <OtherTag ID="TYPE_28" LABEL="MainZone-Entry"/>
        <OtherTag ID="TYPE_29" LABEL="GraphicZone-Part"/>
        <OtherTag ID="TYPE_30" LABEL="GraphicZone"/>
        <OtherTag ID="TYPE_31" LABEL="MainZone-Sp-Continued"/>
        <OtherTag ID="TYPE_32" LABEL="TableZone"/>
        <OtherTag ID="TYPE_33" LABEL="TitlePageZone-Index"/>
        <OtherTag ID="TYPE_34" LABEL="AdvertisementZone"/>
        <OtherTag ID="TYPE_35" LABEL="MainZone-Date"/>
        <OtherTag ID="TYPE_36" LABEL="FigureZone-FigDesc"/>
        <OtherTag ID="TYPE_37" LABEL="GraphicZone-Head"/>
        <OtherTag ID="TYPE_38" LABEL="MainZone-List"/>
        <OtherTag ID="TYPE_39" LABEL="MainZone-P"/>
        <OtherTag ID="TYPE_40" LABEL="MainZone-Lg-Continued"/>
        <OtherTag ID="TYPE_41" LABEL="FigureZone"/>
        <OtherTag ID="TYPE_42" LABEL="GraphicZone-FigDesc"/>
    </Tags>
    <Layout>
        <Page WIDTH="1076" HEIGHT="1740" PHYSICAL_IMG_NR="0" ID="page_0">
            <PrintSpace HPOS="0" VPOS="0" WIDTH="1076" HEIGHT="1740">
                <TextBlock ID="block_0" HPOS="141" VPOS="49" WIDTH="653" HEIGHT="47" TAGREFS="TYPE_3">
                    <Shape>
                        <Polygon POINTS="141.16018676757812 49.79517364501953 794.5057983398438 49.79517364501953 794.5057983398438 96.93958282470703 141.16018676757812 96.93958282470703 141.16018676757812 49.79517364501953"/>
                    </Shape>
                    <TextLine ID="line_0" HPOS="144" VPOS="44" WIDTH="740" HEIGHT="57" BASELINE="144 84 884 84" TAGREFS="TYPE_1">
                        <Shape>
                            <Polygon POINTS="762 48 756 48 751 49 747 49 745 49 741 48 733 48 724 48 714 48 708 48 705 49 697 51 684 48 675 48 666 48 656 48 646 48 645 48 643 49 641 48 637 48 627 48 617 48 613 48 608 51 568 51 552 48 550 48 540 48 530 48 529 48 508 51 503 48 501 48 492 48 482 48 465 51 456 48 453 48 443 48 434 48 424 48 414 48 405 48 395 48 385 48 376 48 366 48 356 48 347 48 337 48 327 48 318 48 308 48 298 48 289 48 279 48 269 48 260 48 250 48 242 51 219 48 211 48 202 48 192 48 182 48 173 48 166 48 161 50 152 48 144 48 144 84 144 95 236 93 239 95 244 99 245 99 246 99 247 99 248 99 257 95 261 93 266 95 278 100 279 100 280 100 281 100 300 95 308 93 314 95 326 100 327 100 328 101 374 101 374 100 375 100 376 100 384 95 385 94 388 95 411 100 412 100 413 100 414 100 422 94 424 93 458 93 462 94 478 100 479 100 480 101 619 101 619 100 620 100 630 95 648 100 649 100 650 101 783 101 783 100 784 100 785 100 792 93 793 93 884 93 884 84 883 50 799 51 794 49 785 44 785 44 784 44 762 47 762 48"/>
                        </Shape>
                        <String CONTENT=""/>
                    </TextLine>
</TextBlock>
                <TextBlock ID="block_3" HPOS="73" VPOS="101" WIDTH="822" HEIGHT="100" TAGREFS="TYPE_17">
                    <Shape>
                        <Polygon POINTS="73.10493469238281 101.9744644165039 895.6148681640625 101.9744644165039 895.6148681640625 201.8941650390625 73.10493469238281 201.8941650390625 73.10493469238281 101.9744644165039"/>
                    </Shape>
                    <TextLine ID="line_1" HPOS="66" VPOS="98" WIDTH="821" HEIGHT="59" BASELINE="67 142 227 138 887 138" TAGREFS="TYPE_1">
                        <Shape>
                            <Polygon POINTS="753 98 743 98 728 103 723 105 665 105 662 103 654 98 646 98 637 98 630 98 619 100 602 98 598 98 588 98 579 98 569 98 567 98 559 102 553 106 429 106 422 101 417 98 414 98 405 98 395 98 385 98 377 98 372 101 364 105 326 104 320 100 316 98 308 98 298 98 289 98 279 98 269 98 260 98 253 98 251 100 244 105 231 100 226 98 221 98 211 98 210 98 202 100 190 102 185 99 182 98 182 98 173 98 163 98 153 98 144 98 134 98 124 98 115 98 105 98 95 98 92 98 66 98 67 142 67 156 98 150 125 157 126 157 127 157 129 157 218 151 253 157 255 157 256 157 257 157 270 150 469 150 487 157 488 157 489 157 490 157 492 157 520 151 639 157 652 157 653 157 658 157 700 150 716 157 717 157 718 157 719 157 720 157 722 157 744 150 763 157 765 157 766 157 767 157 887 156 887 138 886 105 858 99 857 99 796 104 779 105 775 104 761 98 753 98"/>
                        </Shape>
                        <String CONTENT=""/>
                    </TextLine>

                    <TextLine ID="line_2" HPOS="76" VPOS="149" WIDTH="811" HEIGHT="62" BASELINE="77 192 320 186 887 187" TAGREFS="TYPE_1">
                        <Shape>
                            <Polygon POINTS="77 192 77 211 108 211 108 210 109 210 130 201 180 201 201 208 202 208 203 208 203 208 204 208 217 201 246 201 275 210 277 210 278 210 279 210 287 209 337 203 366 208 367 208 368 208 369 208 382 201 444 201 466 208 467 208 468 208 469 208 482 203 505 208 508 209 509 209 510 209 516 208 544 203 573 206 574 206 575 206 589 200 661 200 702 207 712 209 713 210 741 210 741 209 742 209 743 209 745 207 753 203 768 207 775 209 776 209 777 209 886 206 887 187 886 160 670 160 669 159 638 149 637 149 636 149 593 159 568 149 567 149 566 149 490 159 481 160 475 159 435 150 298 150 297 150 296 150 295 150 286 157 271 151 270 151 269 151 268 151 258 157 249 151 248 151 247 151 200 150 199 150 198 150 177 159 174 160 157 159 91 153 90 153 89 153 76 158 77 192"/>
                        </Shape>
                        <String CONTENT=""/>
                    </TextLine>
</TextBlock>
                <TextBlock ID="block_5" HPOS="79" VPOS="205" WIDTH="814" HEIGHT="534" TAGREFS="TYPE_39">
                    <Shape>
                        <Polygon POINTS="79.59479522705078 205.59239196777344 893.516357421875 205.59239196777344 893.516357421875 739.2843627929688 79.59479522705078 739.2843627929688 79.59479522705078 205.59239196777344"/>
                    </Shape>
                    <TextLine ID="line_3" HPOS="122" VPOS="199" WIDTH="762" HEIGHT="59" BASELINE="123 238 884 236" TAGREFS="TYPE_1">
                        <Shape>
                            <Polygon POINTS="596 199 587 199 562 208 515 204 514 204 457 209 449 209 448 209 429 199 428 199 422 199 412 199 403 199 393 199 383 199 374 199 373 199 372 199 326 209 323 209 317 209 272 205 264 199 263 199 262 199 258 199 248 199 238 199 237 199 236 199 222 206 194 199 193 199 190 199 180 199 171 199 161 199 151 199 145 199 145 199 144 199 122 207 123 238 123 248 160 257 161 258 201 258 201 257 202 257 218 249 252 257 253 257 294 249 295 249 338 254 339 254 390 250 398 255 399 255 400 255 401 255 465 249 466 249 467 249 477 257 478 257 479 257 480 257 518 249 524 248 561 248 562 249 571 255 572 255 573 255 574 255 650 249 658 249 662 249 698 256 699 256 883 249 884 236 882 209 727 209 712 203 711 203 710 203 709 203 694 207 602 199 596 199"/>
                        </Shape>
                        <String CONTENT=""/>
                    </TextLine>

                    <TextLine ID="line_4" HPOS="84" VPOS="248" WIDTH="797" HEIGHT="57" BASELINE="84 287 881 287" TAGREFS="TYPE_1">
                        <Shape>
                            <Polygon POINTS="84 287 84 296 103 304 104 304 105 304 106 304 118 298 125 303 126 303 127 303 128 303 171 297 247 303 248 303 300 297 323 305 324 305 325 305 392 299 412 305 413 305 414 305 415 305 436 297 846 305 847 305 881 296 881 287 881 258 861 248 860 248 859 248 858 248 836 258 793 253 792 253 791 253 790 253 784 259 712 259 693 249 692 249 691 249 690 249 689 249 677 259 633 259 593 259 593 258 579 249 578 249 577 249 543 248 515 248 514 248 513 248 512 248 499 257 432 248 305 248 304 248 303 248 283 258 282 258 277 258 220 252 219 252 181 258 177 258 174 258 135 248 134 248 84 257 84 287"/>
                        </Shape>
                        <String CONTENT=""/>
                    </TextLine>

                    <TextLine ID="line_5" HPOS="83" VPOS="296" WIDTH="799" HEIGHT="59" BASELINE="83 336 882 336" TAGREFS="TYPE_1">
                        <Shape>
                            <Polygon POINTS="83 336 83 347 219 347 222 348 234 354 235 354 236 355 263 355 263 354 264 354 265 354 274 348 275 347 279 348 301 354 302 354 303 355 337 355 337 354 338 354 349 348 351 348 355 348 378 354 378 354 379 354 380 354 381 354 390 348 394 347 400 348 416 354 417 354 418 354 464 349 490 347 522 349 566 354 567 354 590 350 612 347 654 347 669 351 681 354 682 354 683 354 697 351 706 349 711 351 716 353 717 353 718 353 719 353 720 353 722 351 729 347 736 351 740 354 741 354 742 354 743 355 820 355 820 354 821 354 828 352 848 347 880 352 882 336 882 306 864 296 863 296 862 296 861 296 836 305 799 299 798 299 797 299 785 303 776 297 775 297 774 297 773 297 772 297 750 306 690 306 677 296 676 296 675 296 646 296 645 296 644 296 643 296 629 305 567 296 566 296 565 296 564 296 552 305 542 299 541 299 540 299 539 299 523 306 416 306 404 296 403 296 402 296 348 296 347 296 346 296 345 296 336 302 321 296 320 296 263 296 262 296 208 305 177 296 176 296 140 296 139 296 138 296 118 306 83 306 83 336"/>
                        </Shape>
                        <String CONTENT=""/>
                    </TextLine>

                    <TextLine ID="line_6" HPOS="82" VPOS="346" WIDTH="797" HEIGHT="59" BASELINE="83 384 879 383" TAGREFS="TYPE_1">
                        <Shape>
                            <Polygon POINTS="83 384 83 395 159 396 175 403 176 403 177 403 227 397 247 395 252 397 257 400 258 400 259 400 295 398 344 395 354 399 367 403 368 403 369 403 370 403 371 403 377 399 379 397 401 399 421 401 422 401 423 401 424 401 426 399 431 396 453 400 481 404 482 404 483 404 495 400 511 395 521 400 527 404 528 404 529 404 530 404 531 404 535 401 542 396 568 401 585 404 586 404 602 401 625 397 670 402 673 402 674 402 675 402 698 395 725 403 726 403 727 403 727 403 732 403 772 398 782 403 782 404 783 404 784 404 785 405 878 405 879 383 877 354 853 354 842 346 841 346 840 346 839 346 804 353 639 346 638 346 637 346 615 354 561 354 546 346 545 346 522 346 521 346 520 346 519 346 508 353 422 347 421 347 420 347 419 347 408 354 340 354 326 347 325 347 293 346 292 346 291 346 290 346 280 354 250 354 230 346 229 346 228 346 157 352 145 346 144 346 143 346 82 354 83 384"/>
                        </Shape>
                        <String CONTENT=""/>
                    </TextLine>

                    <TextLine ID="line_7" HPOS="80" VPOS="393" WIDTH="800" HEIGHT="61" BASELINE="81 433 880 435" TAGREFS="TYPE_1">
                        <Shape>
                            <Polygon POINTS="81 433 80 442 94 450 95 450 96 450 133 444 178 444 251 444 265 445 355 452 356 452 357 452 373 446 380 444 462 444 497 444 503 448 507 451 508 451 509 451 510 451 525 448 545 445 550 449 555 453 556 453 557 453 558 453 559 453 574 449 582 447 589 449 598 453 599 453 600 453 636 452 637 452 641 450 653 446 668 450 677 453 678 453 679 453 680 453 684 451 695 445 730 451 741 453 742 453 743 453 744 453 746 452 752 448 760 452 763 453 764 453 765 454 879 454 880 435 879 404 836 398 835 398 796 402 788 403 785 402 759 395 758 395 757 395 756 395 745 402 742 403 735 402 714 397 713 397 712 397 701 401 696 403 688 401 667 395 666 395 665 395 627 400 604 403 595 400 583 395 582 395 548 395 547 395 546 395 532 399 517 403 496 398 489 397 488 397 487 397 482 398 471 401 466 398 462 394 461 394 460 394 459 394 395 397 288 402 270 395 267 394 266 394 265 394 264 394 263 394 262 395 253 403 182 403 165 394 164 394 163 394 162 394 121 400 81 393 81 433"/>
                        </Shape>
                        <String CONTENT=""/>
                    </TextLine>

                    <TextLine ID="line_8" HPOS="85" VPOS="445" WIDTH="796" HEIGHT="52" BASELINE="86 483 881 480" TAGREFS="TYPE_1">
                        <Shape>
                            <Polygon POINTS="86 483 86 497 880 494 881 480 879 454 848 454 834 446 833 446 832 446 831 446 830 446 823 451 814 447 814 447 813 447 812 447 795 454 750 454 737 445 736 445 735 445 692 445 691 445 690 445 676 451 639 445 639 445 638 445 612 454 591 447 590 447 589 447 588 447 587 447 578 454 540 449 539 449 538 449 524 454 504 446 503 446 460 446 459 446 458 446 442 454 407 446 406 446 405 446 387 452 322 449 321 449 320 449 319 449 310 455 183 447 182 447 147 455 127 447 126 447 125 447 85 456 86 483"/>
                        </Shape>
                        <String CONTENT=""/>
                    </TextLine>

                    <TextLine ID="line_9" HPOS="84" VPOS="493" WIDTH="797" HEIGHT="57" BASELINE="85 528 881 530" TAGREFS="TYPE_1">
                        <Shape>
                            <Polygon POINTS="85 528 84 541 166 549 167 549 213 543 216 543 219 543 259 549 260 549 282 544 287 543 313 543 315 544 320 549 321 549 322 549 323 549 389 545 424 543 434 545 447 549 448 549 449 549 450 549 451 549 455 546 459 543 482 543 503 546 527 550 528 550 554 547 578 544 589 547 598 550 599 550 600 550 601 550 610 547 621 545 633 548 644 550 645 550 662 548 687 545 879 550 881 530 880 498 843 493 843 493 842 493 824 498 807 502 795 498 784 493 783 493 724 493 723 493 722 493 721 493 715 498 709 503 676 503 646 498 612 493 611 493 610 493 595 498 585 501 569 498 546 494 545 494 544 494 533 498 523 503 484 503 405 502 399 498 390 493 389 493 388 493 387 493 348 498 343 499 339 498 318 493 317 493 316 493 315 493 302 498 297 502 210 502 200 499 176 493 175 493 104 493 103 493 102 493 85 498 85 528"/>
                        </Shape>
                        <String CONTENT=""/>
                    </TextLine>

                    <TextLine ID="line_10" HPOS="83" VPOS="542" WIDTH="798" HEIGHT="60" BASELINE="84 580 881 578" TAGREFS="TYPE_1">
                        <Shape>
                            <Polygon POINTS="84 580 84 602 126 592 153 600 154 600 155 600 156 600 180 592 289 592 296 598 297 598 298 598 299 598 300 598 301 598 311 592 405 598 406 598 407 598 418 592 438 597 439 597 440 597 465 592 542 598 550 598 551 598 552 598 552 598 573 591 582 597 585 600 586 600 587 600 588 600 617 597 673 591 684 596 689 599 690 599 691 599 880 594 881 578 879 551 835 551 818 544 817 544 816 544 815 544 794 550 766 542 765 542 764 542 763 542 746 550 611 546 610 546 566 551 562 551 561 551 546 546 545 546 544 546 508 551 506 551 494 543 494 543 493 543 469 543 468 543 467 543 466 543 456 551 455 551 417 546 416 546 373 551 372 551 350 543 349 543 348 543 311 548 279 544 278 544 277 544 276 544 266 551 218 544 217 544 216 544 215 544 204 551 203 551 203 551 185 544 184 544 103 544 102 544 101 544 83 550 84 580"/>
                        </Shape>
                        <String CONTENT=""/>
                    </TextLine>

                    <TextLine ID="line_11" HPOS="80" VPOS="594" WIDTH="802" HEIGHT="56" BASELINE="80 630 882 630" TAGREFS="TYPE_1">
                        <Shape>
                            <Polygon POINTS="80 630 80 642 293 642 296 643 317 649 318 649 319 649 319 649 340 643 343 642 345 643 358 650 359 650 360 650 388 643 394 642 434 643 529 647 530 647 531 647 544 644 549 643 552 644 579 650 580 650 581 650 602 644 610 642 631 644 679 650 680 650 681 650 697 645 702 650 703 650 704 650 705 650 882 645 882 630 882 602 857 596 856 596 855 596 854 596 853 596 843 602 843 603 797 603 797 602 783 596 782 596 781 596 780 596 779 596 770 602 769 603 689 603 688 602 672 594 671 594 626 594 625 594 624 594 610 601 608 602 604 601 579 594 578 594 465 594 465 594 464 594 463 594 455 600 452 602 377 602 372 600 349 594 348 594 348 594 347 594 336 600 331 603 317 603 313 600 306 594 305 594 304 594 273 594 272 594 271 594 261 599 256 602 253 599 247 595 246 595 245 595 244 595 221 599 205 602 80 599 80 630"/>
                        </Shape>
                        <String CONTENT=""/>
                    </TextLine>

                    <TextLine ID="line_12" HPOS="84" VPOS="640" WIDTH="797" HEIGHT="60" BASELINE="85 680 881 678" TAGREFS="TYPE_1">
                        <Shape>
                            <Polygon POINTS="85 680 85 694 97 699 98 699 99 699 100 699 101 699 108 694 110 693 143 693 148 695 163 699 164 699 165 699 203 695 219 693 228 695 247 700 248 700 249 700 250 700 264 695 272 693 360 693 373 696 391 700 392 700 393 700 437 696 483 692 524 692 531 696 534 699 535 699 536 699 537 699 568 696 627 692 663 697 676 699 677 700 731 700 731 699 732 699 733 699 735 698 743 693 770 698 778 699 779 699 881 698 881 678 878 650 849 650 846 649 825 640 824 640 803 640 802 640 801 640 800 640 788 649 786 651 686 651 682 648 670 640 669 640 668 640 626 640 625 640 624 640 623 640 612 648 609 651 500 651 483 647 465 644 465 644 439 647 427 648 425 647 417 641 416 641 415 641 414 641 390 647 383 648 378 646 366 641 365 641 364 641 363 641 351 646 348 648 331 646 288 641 287 641 286 641 271 646 256 651 245 646 235 641 234 641 189 641 188 641 187 641 178 645 170 650 158 645 150 642 149 642 148 642 147 642 139 645 121 651 107 645 97 641 96 641 95 641 94 641 84 644 85 680"/>
                        </Shape>
                        <String CONTENT=""/>
                    </TextLine>

                    <TextLine ID="line_13" HPOS="97" VPOS="707" WIDTH="395" HEIGHT="39" BASELINE="97 727 492 727" TAGREFS="TYPE_1">
                        <Shape>
                            <Polygon POINTS="484 721 474 721 465 721 455 721 445 721 436 721 426 721 416 721 407 721 397 721 387 721 378 721 368 721 358 721 348 721 339 721 329 721 319 721 310 721 300 721 290 721 281 721 271 721 261 721 252 721 242 721 232 721 223 721 213 721 203 721 194 721 184 721 174 721 165 721 155 721 145 721 142 707 142 707 141 707 97 707 97 727 97 740 141 746 142 746 175 741 179 741 182 741 199 746 200 746 201 746 229 742 235 741 239 742 251 746 252 746 253 746 312 743 346 741 491 744 492 727 491 721 484 721"/>
                        </Shape>
                        <String CONTENT=""/>
                    </TextLine>
</TextBlock>
                <TextBlock ID="block_1" HPOS="142" VPOS="745" WIDTH="477" HEIGHT="56" TAGREFS="TYPE_11">
                    <Shape>
                        <Polygon POINTS="142.58984375 745.6876220703125 619.0604858398438 745.6876220703125 619.0604858398438 801.0281372070312 142.58984375 801.0281372070312 142.58984375 745.6876220703125"/>
                    </Shape>
                    <TextLine ID="line_14" HPOS="141" VPOS="771" WIDTH="478" HEIGHT="31" BASELINE="142 783 619 783" TAGREFS="TYPE_1">
                        <Shape>
                            <Polygon POINTS="614 771 605 771 595 771 585 771 576 771 566 771 556 771 547 771 537 771 527 771 518 771 508 771 498 771 489 771 479 771 469 771 460 771 450 771 440 771 431 771 421 771 411 771 402 771 392 771 382 771 373 771 363 771 353 771 344 771 334 771 324 771 315 771 305 771 295 771 286 771 276 771 266 771 257 771 247 771 237 771 228 771 218 771 208 771 199 771 189 771 179 771 170 771 160 771 150 771 141 771 142 783 144 798 149 793 190 793 197 797 202 801 203 801 203 801 204 801 223 797 241 793 252 797 262 801 263 801 264 802 322 802 322 801 323 801 340 797 354 793 369 797 383 800 384 800 385 800 398 796 409 793 418 796 427 800 428 800 429 800 430 800 431 800 436 796 439 793 458 796 475 799 476 799 477 799 486 796 492 794 494 796 500 800 501 800 502 800 503 800 504 800 505 800 509 796 514 800 514 801 515 801 516 801 517 801 618 795 619 783 617 771 614 771"/>
                        </Shape>
                        <String CONTENT=""/>
                    </TextLine>
</TextBlock>
                <TextBlock ID="block_7" HPOS="82" VPOS="797" WIDTH="812" HEIGHT="595" TAGREFS="TYPE_39">
                    <Shape>
                        <Polygon POINTS="82.14926147460938 797.1785888671875 894.3925170898438 797.1785888671875 894.3925170898438 1392.8414306640625 82.14926147460938 1392.8414306640625 82.14926147460938 797.1785888671875"/>
                    </Shape>
                    <TextLine ID="line_15" HPOS="174" VPOS="793" WIDTH="703" HEIGHT="62" BASELINE="175 838 309 834 877 833" TAGREFS="TYPE_1">
                        <Shape>
                            <Polygon POINTS="175 838 175 845 193 854 194 854 195 855 247 855 247 854 248 854 264 846 267 845 290 846 343 850 344 850 345 850 346 850 349 847 352 845 504 845 520 849 529 851 530 851 531 851 532 851 537 849 547 844 584 849 605 852 606 852 607 852 614 850 628 846 648 850 664 853 665 853 666 853 673 850 691 844 710 851 717 853 718 853 719 853 815 852 816 852 817 852 826 846 875 852 877 833 875 803 785 798 785 798 784 798 775 802 772 803 767 802 739 795 738 795 737 795 736 795 728 802 727 804 687 804 685 802 675 793 674 793 673 793 672 793 671 793 656 802 653 803 642 802 588 793 587 793 586 793 556 801 549 803 501 803 497 801 478 794 477 794 476 794 448 800 436 794 436 794 379 794 378 794 378 794 357 800 355 801 353 800 339 794 338 794 337 794 291 800 283 801 276 800 245 794 244 794 243 794 229 800 218 804 213 800 206 794 205 794 204 794 203 794 174 799 175 838"/>
                        </Shape>
                        <String CONTENT=""/>
                    </TextLine>

                    <TextLine ID="line_16" HPOS="84" VPOS="843" WIDTH="796" HEIGHT="62" BASELINE="85 884 880 880" TAGREFS="TYPE_1">
                        <Shape>
                            <Polygon POINTS="85 884 85 905 129 896 239 903 264 904 265 904 266 904 267 904 270 902 284 895 307 901 308 901 309 901 310 901 319 897 327 901 331 903 332 903 333 903 347 901 378 896 407 900 430 903 431 903 455 899 488 894 536 898 557 899 558 899 593 897 636 894 642 896 660 902 661 902 662 902 663 902 681 896 685 894 688 896 699 901 700 901 701 902 792 902 792 901 793 901 794 901 804 894 806 893 809 894 853 901 854 901 855 901 880 892 880 880 878 854 847 854 846 853 834 843 833 843 832 843 831 843 768 853 763 853 761 852 746 846 745 846 744 846 743 846 727 852 688 843 687 843 686 843 685 843 675 852 671 854 657 852 617 845 616 845 615 845 598 851 589 854 580 851 571 848 570 848 569 848 554 851 539 854 532 851 521 844 520 844 519 844 419 845 418 845 417 845 411 849 406 854 384 849 377 848 376 848 375 848 372 849 361 854 351 849 344 845 343 845 321 845 320 845 319 845 319 845 314 849 308 853 300 848 293 845 292 845 291 845 249 846 248 846 244 848 228 857 168 857 144 849 143 849 142 849 141 849 119 855 84 847 85 884"/>
                        </Shape>
                        <String CONTENT=""/>
                    </TextLine>

                    <TextLine ID="line_17" HPOS="79" VPOS="894" WIDTH="800" HEIGHT="57" BASELINE="80 933 879 931" TAGREFS="TYPE_1">
                        <Shape>
                            <Polygon POINTS="80 933 80 946 125 943 147 947 173 951 174 951 174 951 175 951 181 947 187 943 275 943 290 947 305 951 306 951 307 951 343 947 356 946 365 947 387 951 388 951 407 947 430 943 458 947 470 949 471 949 482 947 514 942 613 942 625 947 626 947 627 947 628 947 640 942 660 948 668 950 668 950 669 951 771 951 771 950 772 950 773 950 775 948 780 944 789 948 793 950 794 950 795 950 805 948 833 942 849 948 853 950 854 950 855 950 878 948 879 931 877 903 833 894 802 894 801 894 800 894 799 894 786 903 675 903 578 894 577 894 576 894 542 902 530 894 529 894 528 894 490 894 489 894 488 894 467 902 457 898 456 898 455 898 380 903 288 895 287 895 234 904 79 904 80 933"/>
                        </Shape>
                        <String CONTENT=""/>
                    </TextLine>

                    <TextLine ID="line_18" HPOS="76" VPOS="940" WIDTH="805" HEIGHT="61" BASELINE="77 984 881 980" TAGREFS="TYPE_1">
                        <Shape>
                            <Polygon POINTS="77 984 77 997 272 995 288 998 303 1001 304 1001 305 1001 312 998 319 994 330 998 339 1001 340 1001 341 1001 378 998 408 995 436 998 471 1001 472 1001 473 1001 474 1001 478 997 484 993 511 993 528 997 538 1000 539 1000 540 1000 566 997 587 995 604 997 624 1000 625 1000 654 997 701 992 736 997 754 999 755 999 881 996 881 980 880 949 852 940 851 940 835 940 834 940 833 940 832 940 820 948 818 949 774 948 680 945 679 945 678 945 677 945 675 947 671 950 659 947 633 941 632 941 631 941 610 947 604 948 600 947 588 941 587 941 502 941 501 941 500 941 484 946 464 951 396 945 371 943 370 943 359 945 327 951 299 944 289 942 288 942 287 942 283 944 268 952 214 952 186 943 184 943 183 943 182 943 181 943 179 943 151 952 118 943 117 943 76 943 77 984"/>
                        </Shape>
                        <String CONTENT=""/>
                    </TextLine>

                    <TextLine ID="line_19" HPOS="78" VPOS="992" WIDTH="803" HEIGHT="59" BASELINE="79 1032 881 1030" TAGREFS="TYPE_1">
                        <Shape>
                            <Polygon POINTS="79 1032 79 1048 168 1044 185 1048 191 1049 192 1049 199 1048 220 1044 303 1044 312 1047 317 1050 318 1050 319 1050 331 1047 348 1044 361 1047 371 1050 372 1050 373 1051 394 1051 394 1050 395 1050 396 1050 400 1047 406 1044 494 1044 502 1046 507 1049 508 1049 509 1049 545 1046 584 1044 596 1046 608 1049 609 1049 610 1050 712 1050 712 1049 713 1049 726 1045 737 1043 757 1043 762 1045 767 1049 768 1049 769 1049 770 1049 880 1044 881 1030 878 998 839 1001 833 998 824 992 823 992 822 992 797 992 796 992 795 992 781 998 775 1000 770 998 764 996 763 996 762 996 747 998 728 1001 720 998 701 992 700 992 699 992 698 992 677 999 668 1002 591 1002 586 999 576 994 575 994 574 994 542 999 529 1001 526 999 517 992 516 992 515 992 480 992 479 992 478 992 464 1000 460 1002 455 1000 443 993 442 993 441 993 413 1000 407 1001 400 1000 365 993 364 993 363 993 349 1000 346 1002 338 1000 325 997 324 997 323 997 294 1000 280 1002 277 1001 267 993 266 993 265 993 264 993 228 1001 225 1001 214 993 213 993 212 993 181 993 180 993 179 993 155 1001 154 1002 78 1002 79 1032"/>
                        </Shape>
                        <String CONTENT=""/>
                    </TextLine>

                    <TextLine ID="line_20" HPOS="80" VPOS="1045" WIDTH="801" HEIGHT="57" BASELINE="80 1081 881 1081" TAGREFS="TYPE_1">
                        <Shape>
                            <Polygon POINTS="80 1081 80 1095 143 1098 144 1098 158 1096 174 1093 184 1096 203 1101 203 1101 204 1102 204 1101 205 1101 224 1096 234 1093 318 1093 333 1096 350 1099 351 1099 352 1099 363 1096 373 1093 387 1096 408 1100 409 1100 410 1100 419 1096 424 1094 439 1096 469 1100 470 1100 471 1100 479 1096 483 1094 487 1096 496 1101 497 1101 498 1101 528 1100 529 1100 530 1100 535 1096 539 1093 544 1096 552 1100 552 1100 553 1100 554 1100 555 1100 561 1096 565 1094 581 1096 595 1098 596 1098 597 1098 598 1098 600 1096 605 1093 638 1093 647 1096 660 1101 661 1101 662 1101 663 1101 673 1096 677 1095 680 1096 692 1101 693 1101 694 1101 695 1101 703 1096 706 1095 716 1096 745 1101 746 1101 881 1096 881 1081 879 1047 869 1053 738 1053 704 1048 676 1045 675 1045 624 1049 580 1052 575 1049 572 1047 571 1047 570 1047 455 1045 454 1045 453 1045 452 1045 445 1050 443 1052 384 1052 372 1050 334 1045 333 1045 307 1051 300 1053 219 1053 217 1052 211 1047 210 1047 209 1047 208 1047 178 1052 174 1052 171 1052 118 1045 117 1045 116 1045 116 1045 106 1052 106 1053 80 1053 80 1081"/>
                        </Shape>
                        <String CONTENT=""/>
                    </TextLine>

                    <TextLine ID="line_21" HPOS="81" VPOS="1090" WIDTH="801" HEIGHT="59" BASELINE="82 1130 882 1128" TAGREFS="TYPE_1">
                        <Shape>
                            <Polygon POINTS="82 1130 83 1147 94 1142 144 1147 151 1147 152 1147 153 1147 155 1147 172 1142 203 1146 213 1147 214 1147 232 1146 279 1142 314 1145 353 1149 354 1149 378 1145 392 1142 396 1145 400 1148 401 1148 402 1148 403 1148 404 1148 411 1144 412 1144 421 1144 480 1149 481 1149 482 1149 496 1144 504 1141 523 1143 543 1146 544 1146 580 1143 605 1141 614 1143 639 1148 640 1149 688 1149 688 1148 689 1148 690 1148 696 1143 701 1148 702 1148 703 1148 704 1149 844 1149 844 1148 845 1148 846 1148 856 1141 881 1141 882 1128 880 1102 806 1102 805 1101 786 1095 785 1095 785 1095 784 1095 760 1101 758 1102 675 1102 673 1101 660 1093 659 1093 658 1093 657 1093 644 1098 633 1090 632 1090 631 1090 595 1090 594 1090 593 1090 592 1090 577 1100 576 1101 566 1100 496 1093 495 1093 461 1100 450 1102 447 1100 436 1091 435 1091 434 1091 433 1091 392 1098 382 1091 381 1091 380 1091 163 1091 162 1091 161 1091 160 1091 150 1099 145 1102 81 1099 82 1130"/>
                        </Shape>
                        <String CONTENT=""/>
                    </TextLine>

                    <TextLine ID="line_22" HPOS="81" VPOS="1139" WIDTH="802" HEIGHT="60" BASELINE="82 1179 883 1177" TAGREFS="TYPE_1">
                        <Shape>
                            <Polygon POINTS="82 1179 82 1190 108 1190 111 1191 138 1199 139 1199 140 1199 141 1199 161 1191 163 1190 168 1191 201 1197 202 1197 203 1197 218 1191 221 1190 223 1191 241 1197 242 1197 243 1197 244 1197 245 1197 252 1191 281 1191 335 1190 339 1191 358 1198 359 1198 360 1198 397 1191 405 1190 434 1191 441 1191 452 1199 453 1199 454 1199 455 1199 456 1199 468 1193 483 1197 484 1197 485 1197 486 1197 496 1191 500 1189 515 1191 558 1198 559 1198 560 1198 585 1191 588 1191 591 1191 620 1196 621 1196 622 1196 635 1191 642 1189 667 1189 671 1191 684 1198 685 1198 686 1199 874 1199 874 1198 875 1198 876 1198 883 1192 883 1177 881 1144 855 1139 854 1139 853 1139 852 1139 846 1144 841 1148 724 1148 719 1145 713 1142 712 1142 711 1142 693 1145 677 1147 671 1145 662 1141 661 1141 660 1141 639 1145 629 1147 626 1145 616 1139 615 1139 614 1139 562 1139 561 1139 560 1139 542 1146 537 1147 531 1146 506 1139 505 1139 504 1139 503 1139 486 1146 480 1148 465 1146 418 1140 417 1140 416 1140 404 1147 401 1148 393 1147 362 1140 361 1140 360 1140 359 1140 349 1147 348 1148 345 1147 327 1140 326 1140 265 1140 264 1140 263 1140 245 1147 243 1148 238 1148 192 1140 191 1140 81 1148 82 1179"/>
                        </Shape>
                        <String CONTENT=""/>
                    </TextLine>

                    <TextLine ID="line_23" HPOS="81" VPOS="1189" WIDTH="804" HEIGHT="64" BASELINE="82 1228 885 1226" TAGREFS="TYPE_1">
                        <Shape>
                            <Polygon POINTS="82 1228 82 1253 120 1252 121 1252 145 1241 241 1247 242 1247 275 1241 291 1248 292 1248 293 1248 294 1248 311 1242 422 1248 432 1248 433 1248 434 1248 436 1248 459 1241 478 1247 490 1251 491 1251 492 1251 522 1250 523 1250 523 1250 528 1247 538 1240 556 1240 573 1246 586 1251 587 1251 588 1251 589 1251 602 1246 607 1243 658 1242 675 1245 717 1251 718 1251 719 1251 737 1244 790 1250 791 1250 828 1248 829 1248 830 1248 837 1243 857 1251 858 1251 859 1251 860 1251 885 1241 885 1226 880 1193 872 1199 665 1199 657 1193 650 1189 649 1189 648 1189 632 1189 631 1189 630 1189 618 1193 606 1198 594 1193 581 1189 581 1189 580 1189 579 1189 566 1193 553 1199 516 1199 504 1193 499 1191 498 1191 497 1191 476 1193 415 1199 389 1193 377 1190 267 1189 266 1189 265 1189 257 1193 247 1197 235 1193 226 1189 225 1189 224 1189 223 1189 222 1189 217 1193 208 1198 156 1199 143 1193 139 1191 138 1191 137 1191 81 1192 82 1228"/>
                        </Shape>
                        <String CONTENT=""/>
                    </TextLine>

                    <TextLine ID="line_24" HPOS="86" VPOS="1239" WIDTH="797" HEIGHT="60" BASELINE="87 1278 883 1276" TAGREFS="TYPE_1">
                        <Shape>
                            <Polygon POINTS="87 1278 87 1294 192 1299 193 1299 194 1299 213 1294 221 1292 259 1293 316 1296 317 1296 342 1293 360 1291 379 1293 429 1298 430 1298 431 1298 447 1292 452 1291 483 1291 486 1292 493 1297 494 1297 494 1297 495 1297 561 1292 575 1291 580 1292 609 1298 610 1298 610 1298 629 1291 630 1291 632 1291 646 1297 647 1297 648 1297 694 1291 697 1291 697 1291 710 1296 711 1296 872 1297 872 1297 873 1297 874 1297 883 1291 883 1276 881 1249 859 1249 835 1239 834 1239 833 1239 832 1239 831 1239 818 1248 794 1244 793 1244 792 1244 791 1244 785 1249 651 1249 636 1239 635 1239 634 1239 633 1239 632 1239 608 1249 579 1241 578 1241 577 1241 576 1241 562 1246 528 1240 527 1240 526 1240 525 1240 512 1250 496 1250 479 1241 478 1241 399 1240 398 1240 347 1249 317 1241 316 1241 280 1241 279 1241 278 1241 277 1241 263 1250 194 1241 193 1241 192 1241 168 1251 130 1251 106 1241 105 1241 104 1241 103 1241 86 1249 87 1278"/>
                        </Shape>
                        <String CONTENT=""/>
                    </TextLine>

                    <TextLine ID="line_25" HPOS="79" VPOS="1287" WIDTH="803" HEIGHT="62" BASELINE="80 1327 882 1324" TAGREFS="TYPE_1">
                        <Shape>
                            <Polygon POINTS="80 1327 82 1349 93 1341 277 1341 292 1346 303 1349 304 1349 305 1349 306 1349 312 1346 320 1341 372 1345 413 1348 414 1348 415 1348 416 1348 420 1344 423 1343 433 1344 455 1347 456 1347 457 1347 465 1344 473 1340 478 1344 483 1347 484 1347 485 1347 486 1347 487 1347 495 1343 501 1341 516 1343 549 1348 550 1348 576 1342 586 1340 593 1342 611 1348 612 1348 613 1348 648 1343 696 1347 697 1347 697 1347 710 1342 727 1347 727 1347 728 1348 861 1348 861 1347 862 1347 882 1338 882 1324 879 1297 816 1297 814 1296 802 1287 801 1287 800 1287 799 1287 798 1287 769 1296 764 1297 751 1296 712 1292 711 1292 694 1296 687 1297 681 1296 662 1289 661 1289 660 1289 659 1289 658 1289 649 1295 645 1298 568 1298 561 1295 551 1288 550 1288 549 1288 452 1288 451 1288 450 1288 430 1294 420 1297 409 1294 389 1288 388 1288 387 1288 321 1289 320 1289 307 1294 293 1298 279 1294 263 1289 262 1289 261 1289 235 1293 201 1300 143 1300 118 1293 105 1289 104 1289 103 1289 79 1292 80 1327"/>
                        </Shape>
                        <String CONTENT=""/>
                    </TextLine>

                    <TextLine ID="line_26" HPOS="78" VPOS="1344" WIDTH="329" HEIGHT="54" BASELINE="78 1375 407 1375" TAGREFS="TYPE_1">
                        <Shape>
                            <Polygon POINTS="399 1347 391 1351 364 1347 358 1347 348 1347 339 1347 334 1347 319 1349 316 1347 310 1347 300 1347 290 1347 283 1347 280 1350 267 1347 261 1347 252 1347 244 1347 235 1350 232 1347 223 1347 213 1347 196 1352 116 1352 78 1344 78 1375 79 1397 114 1387 129 1387 140 1395 142 1397 143 1397 144 1397 145 1398 172 1398 172 1397 173 1397 178 1394 191 1387 200 1393 201 1393 202 1393 203 1393 203 1393 204 1393 219 1389 232 1392 249 1397 250 1397 251 1398 287 1398 287 1397 288 1397 303 1390 310 1387 345 1387 348 1389 356 1394 357 1394 358 1394 359 1394 360 1394 361 1394 373 1388 375 1387 407 1387 407 1375 405 1347 399 1347"/>
                        </Shape>
                        <String CONTENT=""/>
                    </TextLine>
</TextBlock>
                <TextBlock ID="block_2" HPOS="117" VPOS="1393" WIDTH="745" HEIGHT="52" TAGREFS="TYPE_11">
                    <Shape>
                        <Polygon POINTS="117.35871124267578 1393.6441650390625 862.0755004882812 1393.6441650390625 862.0755004882812 1445.695068359375 117.35871124267578 1445.695068359375 117.35871124267578 1393.6441650390625"/>
                    </Shape>
                    <TextLine ID="line_27" HPOS="96" VPOS="1397" WIDTH="748" HEIGHT="51" BASELINE="96 1432 283 1427 844 1429" TAGREFS="TYPE_1">
                        <Shape>
                            <Polygon POINTS="782 1397 772 1397 762 1397 753 1397 743 1397 733 1397 724 1397 714 1397 704 1397 699 1397 693 1399 682 1397 675 1397 666 1397 656 1397 646 1397 640 1399 636 1397 627 1397 617 1397 608 1397 598 1397 588 1397 579 1397 569 1397 559 1397 553 1397 549 1400 484 1400 480 1397 472 1397 463 1397 453 1397 443 1397 442 1397 423 1399 417 1397 414 1397 405 1397 396 1397 392 1399 381 1397 376 1397 366 1397 356 1397 348 1397 343 1399 320 1397 318 1397 308 1397 298 1397 289 1397 279 1397 269 1397 268 1397 263 1400 231 1400 227 1397 221 1397 211 1397 202 1397 192 1397 182 1397 173 1397 163 1397 156 1397 153 1399 148 1397 144 1397 134 1397 124 1397 115 1397 113 1397 96 1399 96 1432 96 1443 161 1440 170 1444 176 1447 177 1447 178 1447 206 1444 226 1442 237 1444 254 1447 255 1447 256 1447 266 1444 284 1440 301 1444 313 1447 314 1447 327 1444 348 1440 370 1445 382 1447 383 1447 384 1447 394 1445 411 1440 417 1445 419 1447 420 1447 421 1447 422 1448 490 1448 490 1447 491 1447 492 1447 494 1445 503 1440 586 1440 594 1445 594 1446 595 1446 596 1446 597 1446 598 1446 600 1446 613 1440 620 1446 621 1447 622 1447 623 1447 624 1447 625 1447 630 1446 645 1441 654 1446 657 1447 658 1447 659 1448 709 1448 709 1447 710 1447 713 1446 726 1441 742 1446 746 1447 747 1447 748 1447 843 1446 844 1429 843 1400 788 1397 782 1397"/>
                        </Shape>
                        <String CONTENT=""/>
                    </TextLine>
</TextBlock>
                <TextBlock ID="block_6" HPOS="78" VPOS="1445" WIDTH="817" HEIGHT="106" TAGREFS="TYPE_39">
                    <Shape>
                        <Polygon POINTS="78.44021606445312 1445.131591796875 895.0878295898438 1445.131591796875 895.0878295898438 1551.488525390625 78.44021606445312 1551.488525390625 78.44021606445312 1445.131591796875"/>
                    </Shape>
                    <TextLine ID="line_28" HPOS="119" VPOS="1442" WIDTH="767" HEIGHT="55" BASELINE="119 1479 886 1480" TAGREFS="TYPE_1">
                        <Shape>
                            <Polygon POINTS="119 1479 119 1493 289 1490 308 1493 323 1495 324 1495 325 1495 330 1493 335 1490 358 1493 380 1495 381 1495 396 1492 408 1490 412 1492 415 1495 416 1495 417 1495 418 1496 464 1496 464 1495 478 1492 488 1490 491 1492 494 1495 495 1495 496 1495 497 1495 605 1492 632 1491 633 1491 639 1496 639 1496 640 1496 641 1497 702 1497 702 1496 725 1491 727 1491 729 1491 768 1496 769 1496 810 1491 812 1491 813 1491 858 1496 859 1496 885 1490 886 1480 884 1442 119 1442 119 1479"/>
                        </Shape>
                        <String CONTENT=""/>
                    </TextLine>

                    <TextLine ID="line_29" HPOS="78" VPOS="1486" WIDTH="805" HEIGHT="78" BASELINE="78 1525 883 1531" TAGREFS="TYPE_1">
                        <Shape>
                            <Polygon POINTS="78 1525 78 1558 104 1546 121 1546 136 1555 137 1555 138 1555 139 1555 179 1549 222 1557 235 1559 236 1559 237 1559 243 1557 261 1548 302 1552 303 1552 345 1547 391 1555 425 1561 426 1562 455 1562 455 1561 456 1561 457 1561 466 1554 473 1550 484 1554 495 1559 496 1559 497 1559 498 1559 512 1554 526 1549 585 1549 605 1553 631 1559 632 1559 661 1553 697 1563 697 1563 843 1564 844 1564 845 1564 846 1564 865 1551 882 1551 883 1531 883 1499 859 1491 858 1491 765 1491 764 1491 763 1491 751 1497 743 1491 742 1491 741 1491 740 1491 739 1491 726 1498 726 1499 683 1499 681 1498 670 1490 669 1490 668 1490 668 1490 667 1490 650 1497 648 1499 626 1499 624 1497 615 1490 614 1490 613 1490 612 1490 573 1497 569 1497 568 1497 556 1489 555 1489 554 1489 553 1489 517 1496 511 1497 509 1496 498 1489 497 1489 496 1489 495 1489 465 1496 462 1496 459 1495 438 1488 437 1488 436 1488 436 1488 421 1495 419 1497 348 1497 338 1494 306 1487 233 1487 232 1487 232 1487 231 1487 223 1493 220 1495 175 1495 172 1493 164 1487 163 1487 162 1487 161 1487 160 1487 159 1487 152 1492 149 1495 122 1495 117 1492 106 1486 105 1486 104 1486 78 1491 78 1525"/>
                        </Shape>
                        <String CONTENT=""/>
                    </TextLine>
</TextBlock>
            </PrintSpace>
        </Page>
    </Layout>
</alto>