<?xml version="1.0" encoding="UTF-8"?>
<alto xmlns:xsi="http://www.w3.org/2001/XMLSchema-instance"
    xmlns="http://www.loc.gov/standards/alto/ns-v4#"
    xsi:schemaLocation="http://www.loc.gov/standards/alto/ns-v4# http://www.loc.gov/standards/alto/v4/alto-4-3.xsd">
    <Description>
        <MeasurementUnit>pixel</MeasurementUnit>
        <sourceImageInformation>
            <fileName>bsb10313792_00124.jpg</fileName>
        </sourceImageInformation>
        <Processing ID="OCR_0">
            <processingCategory>other</processingCategory>
            <processingStepDescription>unknown</processingStepDescription>
            <processingSoftware>
                <softwareName>kraken</softwareName>
                <softwareVersion>4.3.13</softwareVersion>
            </processingSoftware>
        </Processing>
    </Description>
    <Tags>
        <OtherTag ID="TYPE_1" LABEL="DefaultLine"/>
        <OtherTag ID="TYPE_2" LABEL="MainZone-Other"/>
        <OtherTag ID="TYPE_3" LABEL="RunningTitleZone"/>
        <OtherTag ID="TYPE_4" LABEL="QuireMarksZone"/>
        <OtherTag ID="TYPE_5" LABEL="MarginTextZone-Notes-Continued"/>
        <OtherTag ID="TYPE_6" LABEL="MarginTextZone-Notes"/>
        <OtherTag ID="TYPE_7" LABEL="GraphicZone-TextualContent"/>
        <OtherTag ID="TYPE_8" LABEL="DigitizationArtefactZone"/>
        <OtherTag ID="TYPE_9" LABEL="TableZone-Continued"/>
        <OtherTag ID="TYPE_10" LABEL="MainZone-Lg"/>
        <OtherTag ID="TYPE_11" LABEL="MainZone-Head"/>
        <OtherTag ID="TYPE_12" LABEL="StampZone"/>
        <OtherTag ID="TYPE_13" LABEL="MainZone-Form"/>
        <OtherTag ID="TYPE_14" LABEL="MainZone-List-Continued"/>
        <OtherTag ID="TYPE_15" LABEL="MainZone-Signature"/>
        <OtherTag ID="TYPE_16" LABEL="MarginTextZone-ManuscriptAddendum"/>
        <OtherTag ID="TYPE_17" LABEL="MainZone-P-Continued"/>
        <OtherTag ID="TYPE_18" LABEL="StampZone-Sticker"/>
        <OtherTag ID="TYPE_19" LABEL="TableZone-Head"/>
        <OtherTag ID="TYPE_20" LABEL="GraphicZone-Decoration"/>
        <OtherTag ID="TYPE_21" LABEL="DropCapitalZone"/>
        <OtherTag ID="TYPE_22" LABEL="NumberingZone"/>
        <OtherTag ID="TYPE_23" LABEL="FigureZone-Head"/>
        <OtherTag ID="TYPE_24" LABEL="TitlePageZone"/>
        <OtherTag ID="TYPE_25" LABEL="GraphicZone-Maths"/>
        <OtherTag ID="TYPE_26" LABEL="MainZone-Entry-Continued"/>
        <OtherTag ID="TYPE_27" LABEL="MainZone-Sp"/>
        <OtherTag ID="TYPE_28" LABEL="MainZone-Entry"/>
        <OtherTag ID="TYPE_29" LABEL="GraphicZone-Part"/>
        <OtherTag ID="TYPE_30" LABEL="GraphicZone"/>
        <OtherTag ID="TYPE_31" LABEL="MainZone-Sp-Continued"/>
        <OtherTag ID="TYPE_32" LABEL="TableZone"/>
        <OtherTag ID="TYPE_33" LABEL="TitlePageZone-Index"/>
        <OtherTag ID="TYPE_34" LABEL="AdvertisementZone"/>
        <OtherTag ID="TYPE_35" LABEL="MainZone-Date"/>
        <OtherTag ID="TYPE_36" LABEL="FigureZone-FigDesc"/>
        <OtherTag ID="TYPE_37" LABEL="GraphicZone-Head"/>
        <OtherTag ID="TYPE_38" LABEL="MainZone-List"/>
        <OtherTag ID="TYPE_39" LABEL="MainZone-P"/>
        <OtherTag ID="TYPE_40" LABEL="MainZone-Lg-Continued"/>
        <OtherTag ID="TYPE_41" LABEL="FigureZone"/>
        <OtherTag ID="TYPE_42" LABEL="GraphicZone-FigDesc"/>
    </Tags>
    <Layout>
        <Page WIDTH="1078" HEIGHT="1747" PHYSICAL_IMG_NR="0" ID="page_0">
            <PrintSpace HPOS="0" VPOS="0" WIDTH="1078" HEIGHT="1747">
                <TextBlock ID="block_6" HPOS="209" VPOS="76" WIDTH="57" HEIGHT="37" TAGREFS="TYPE_22">
                    <Shape>
                        <Polygon POINTS="209.2584686279297 76.747314453125 266.165283203125 76.747314453125 266.165283203125 113.75836944580078 209.2584686279297 113.75836944580078 209.2584686279297 76.747314453125"/>
                    </Shape>
                    <TextLine ID="line_0" HPOS="208" VPOS="73" WIDTH="59" HEIGHT="46" BASELINE="209 103 267 102" TAGREFS="TYPE_1">
                        <Shape>
                            <Polygon POINTS="209 103 209 112 244 119 245 119 266 114 267 102 264 73 208 79 209 103"/>
                        </Shape>
                        <String CONTENT=""/>
                    </TextLine>
</TextBlock>
                <TextBlock ID="block_0" HPOS="404" VPOS="69" WIDTH="455" HEIGHT="41" TAGREFS="TYPE_3">
                    <Shape>
                        <Polygon POINTS="404.0089416503906 69.31587219238281 859.763671875 69.31587219238281 859.763671875 110.17889404296875 404.0089416503906 110.17889404296875 404.0089416503906 69.31587219238281"/>
                    </Shape>
                    <TextLine ID="line_1" HPOS="407" VPOS="65" WIDTH="450" HEIGHT="54" BASELINE="407 99 857 99" TAGREFS="TYPE_1">
                        <Shape>
                            <Polygon POINTS="835 65 825 67 815 67 806 67 796 67 786 67 776 67 767 67 757 67 747 67 738 67 728 67 718 67 708 67 699 67 689 67 679 67 670 67 660 67 650 67 640 67 631 67 621 67 611 67 602 67 592 67 582 67 572 67 563 67 553 67 543 67 534 67 524 67 514 67 505 67 495 67 485 67 475 67 466 67 456 67 446 67 437 67 427 67 417 67 407 67 407 99 407 116 455 111 498 117 508 118 509 118 516 117 543 111 553 117 554 118 555 118 556 118 557 118 567 117 603 113 634 117 640 118 640 118 641 118 642 118 654 111 719 111 729 118 730 118 731 118 732 119 786 119 786 118 787 118 809 111 856 118 857 99 857 65 835 65 835 65"/>
                        </Shape>
                        <String CONTENT=""/>
                    </TextLine>
</TextBlock>
                <TextBlock ID="block_2" HPOS="442" VPOS="258" WIDTH="289" HEIGHT="47" TAGREFS="TYPE_11">
                    <Shape>
                        <Polygon POINTS="442.79266357421875 258.7123718261719 731.2042846679688 258.7123718261719 731.2042846679688 305.74554443359375 442.79266357421875 305.74554443359375 442.79266357421875 258.7123718261719"/>
                    </Shape>
                    <TextLine ID="line_2" HPOS="450" VPOS="255" WIDTH="274" HEIGHT="63" BASELINE="450 293 724 293" TAGREFS="TYPE_1">
                        <Shape>
                            <Polygon POINTS="450 293 452 316 457 311 466 316 471 318 471 318 472 318 473 318 474 318 476 316 487 307 522 316 532 318 533 318 534 318 538 316 557 307 604 315 605 315 606 315 606 315 624 305 658 305 671 317 672 317 672 318 673 318 673 318 674 318 724 317 724 293 724 261 692 255 691 255 690 255 680 260 663 269 626 269 618 262 618 261 617 261 616 261 615 261 557 267 552 263 552 263 551 263 550 263 549 263 518 265 491 263 481 256 480 255 479 255 478 255 477 255 450 255 450 293"/>
                        </Shape>
                        <String CONTENT=""/>
                    </TextLine>
</TextBlock>
                <TextBlock ID="block_11" HPOS="208" VPOS="350" WIDTH="810" HEIGHT="497" TAGREFS="TYPE_39">
                    <Shape>
                        <Polygon POINTS="208.94049072265625 350.2250061035156 1018.02783203125 350.2250061035156 1018.02783203125 847.8925170898438 208.94049072265625 847.8925170898438 208.94049072265625 350.2250061035156"/>
                    </Shape>
                    <TextLine ID="line_3" HPOS="417" VPOS="351" WIDTH="579" HEIGHT="61" BASELINE="417 392 996 392" TAGREFS="TYPE_1">
                        <Shape>
                            <Polygon POINTS="417 392 417 407 447 411 448 411 449 411 457 407 463 404 484 407 500 409 501 409 518 407 538 404 541 407 546 411 547 411 548 411 549 412 584 412 584 411 607 406 619 404 645 406 708 411 709 411 710 411 726 405 731 404 736 405 756 411 757 411 758 411 759 411 774 405 775 404 778 405 792 411 793 411 794 411 795 411 796 411 796 410 803 405 804 404 851 404 859 404 915 411 916 411 917 411 936 404 937 404 954 411 955 411 956 411 957 411 958 411 958 410 965 404 996 404 996 392 996 361 965 360 951 351 950 351 949 351 948 351 947 351 928 360 927 360 926 360 905 351 904 351 903 351 902 351 901 351 890 359 889 360 886 359 870 354 869 354 868 354 867 354 852 359 848 360 843 359 824 351 823 351 822 351 821 351 801 358 795 361 761 361 756 358 745 351 744 351 743 351 724 351 723 351 722 351 721 351 721 352 715 357 712 361 673 361 668 357 660 351 659 351 658 351 657 351 656 351 640 356 637 357 633 356 617 352 616 352 615 352 614 352 613 352 613 353 610 356 606 359 601 356 594 351 593 351 592 351 574 351 573 351 572 351 572 351 567 355 561 360 417 354 417 392"/>
                        </Shape>
                        <String CONTENT=""/>
                    </TextLine>

                    <TextLine ID="line_4" HPOS="420" VPOS="400" WIDTH="579" HEIGHT="59" BASELINE="421 441 999 439" TAGREFS="TYPE_1">
                        <Shape>
                            <Polygon POINTS="421 441 421 459 467 452 515 458 519 458 520 458 521 458 522 458 539 452 547 457 547 458 548 458 549 458 550 459 586 459 586 458 587 458 588 458 588 457 589 457 594 452 654 456 693 458 694 458 695 458 701 455 708 451 716 455 720 457 721 457 722 457 760 454 789 452 804 453 834 457 835 457 836 457 837 457 841 453 842 451 846 453 855 456 856 456 857 456 911 452 926 451 930 452 954 457 955 457 998 450 999 439 995 410 989 412 987 410 976 400 976 400 975 400 974 400 973 400 946 409 938 413 902 413 897 409 887 400 886 400 885 400 884 400 831 405 830 405 829 405 829 406 826 408 821 413 781 413 764 408 750 404 749 404 748 404 733 407 707 413 673 407 672 407 671 407 670 407 647 413 640 407 636 402 636 401 635 401 634 401 616 401 615 401 614 401 613 401 606 406 594 414 574 414 556 406 543 401 542 401 541 401 420 404 421 441"/>
                        </Shape>
                        <String CONTENT=""/>
                    </TextLine>

                    <TextLine ID="line_5" HPOS="413" VPOS="453" WIDTH="595" HEIGHT="55" BASELINE="414 490 1008 492" TAGREFS="TYPE_1">
                        <Shape>
                            <Polygon POINTS="987 476 983 464 967 464 951 454 950 454 949 454 948 454 947 454 929 463 928 463 883 454 882 454 881 454 850 462 843 463 834 461 811 458 810 458 809 458 803 461 799 463 797 461 790 455 790 454 789 454 788 454 760 454 759 454 758 454 757 454 748 461 743 463 733 460 710 453 709 453 708 453 707 453 693 460 685 463 671 463 664 459 656 453 655 453 654 453 653 453 600 454 599 454 598 454 593 458 585 462 525 458 524 458 491 462 478 456 476 454 475 454 474 454 473 454 465 455 439 461 431 455 429 453 428 453 427 453 426 453 414 454 414 490 413 506 501 507 502 507 511 505 537 500 541 505 543 506 543 507 544 507 545 507 546 508 572 508 572 507 573 507 574 507 576 505 582 501 600 504 614 507 615 507 637 504 673 499 680 504 682 505 683 505 684 505 685 505 686 505 692 504 702 501 712 503 734 508 735 508 736 508 746 503 752 500 787 502 857 508 858 508 859 508 860 508 868 502 871 500 969 500 973 501 992 506 993 506 994 506 995 506 1007 500 1008 492 1008 465 990 464 987 476"/>
                        </Shape>
                        <String CONTENT=""/>
                    </TextLine>

                    <TextLine ID="line_6" HPOS="423" VPOS="501" WIDTH="582" HEIGHT="58" BASELINE="424 541 1005 539" TAGREFS="TYPE_1">
                        <Shape>
                            <Polygon POINTS="424 541 424 555 512 558 513 558 529 555 540 552 544 554 549 558 550 558 551 558 552 559 629 559 629 558 679 553 695 552 699 553 711 558 712 558 713 558 714 558 715 558 723 553 726 551 729 553 737 557 738 557 739 557 865 552 887 551 892 551 925 557 926 557 953 551 954 551 978 557 979 557 980 557 981 557 1005 550 1005 539 1003 512 952 511 943 502 943 501 943 501 942 501 902 501 901 501 900 501 899 501 899 502 889 511 888 512 847 512 846 510 838 502 838 501 837 501 836 501 835 501 834 501 816 510 814 511 811 510 794 501 793 501 738 501 737 501 736 501 735 501 735 502 727 509 725 511 719 509 696 502 695 502 668 502 667 502 666 502 665 502 665 503 659 509 655 513 640 513 636 508 631 504 631 503 630 503 629 503 628 503 627 503 614 508 604 512 548 512 542 508 536 503 535 503 534 503 533 503 532 503 531 503 526 507 523 510 505 510 504 507 500 504 500 503 499 503 498 503 497 503 496 503 484 507 469 512 423 507 424 541"/>
                        </Shape>
                        <String CONTENT=""/>
                    </TextLine>

                    <TextLine ID="line_7" HPOS="212" VPOS="552" WIDTH="795" HEIGHT="56" BASELINE="213 590 1007 587" TAGREFS="TYPE_1">
                        <Shape>
                            <Polygon POINTS="213 590 215 607 224 601 258 606 259 606 260 606 271 600 286 607 289 608 290 608 291 608 292 608 297 607 321 600 367 607 370 607 371 607 376 607 423 600 446 607 451 608 452 608 453 608 462 607 497 600 529 607 532 607 533 607 552 607 558 606 559 606 560 606 571 599 608 599 623 607 624 607 625 607 626 607 630 607 651 602 719 607 730 607 731 607 732 607 734 607 763 598 781 606 782 606 783 606 784 606 808 598 846 598 873 606 874 606 875 607 914 607 914 606 915 606 916 606 925 599 952 606 953 606 954 607 1006 607 1007 587 1004 560 977 560 975 559 954 552 953 552 952 552 951 552 929 559 926 560 923 559 906 553 905 553 904 553 872 559 865 560 861 559 841 552 840 552 839 552 806 557 780 552 779 552 778 552 765 559 763 559 758 559 741 556 740 556 739 556 731 558 722 561 649 561 641 558 630 553 629 553 606 553 606 553 605 553 604 553 598 558 593 560 569 558 544 555 543 555 542 555 541 555 538 558 532 560 485 558 472 557 471 557 471 557 470 557 463 561 449 557 439 554 438 554 379 554 378 554 377 554 370 557 359 561 339 557 335 556 334 556 333 556 325 557 293 562 272 562 265 557 262 554 261 554 260 554 259 554 212 556 213 590"/>
                        </Shape>
                        <String CONTENT=""/>
                    </TextLine>

                    <TextLine ID="line_8" HPOS="215" VPOS="597" WIDTH="791" HEIGHT="62" BASELINE="216 640 1006 636" TAGREFS="TYPE_1">
                        <Shape>
                            <Polygon POINTS="216 640 216 659 273 652 380 656 381 656 414 650 461 650 471 656 471 657 472 657 473 657 474 657 475 657 476 657 477 656 483 652 520 655 531 656 532 656 538 655 557 651 573 654 591 658 592 658 593 658 601 654 611 649 694 652 800 657 801 657 870 656 871 656 883 649 884 649 885 649 901 655 902 655 903 655 904 655 905 655 912 649 936 656 937 656 938 657 981 657 981 656 982 656 1006 647 1006 636 1004 608 919 608 912 602 911 602 910 602 909 602 909 602 891 606 836 597 835 597 834 597 807 608 806 608 802 608 707 598 706 598 659 608 632 598 631 598 630 598 629 598 609 608 607 610 538 610 536 609 524 600 523 600 522 600 498 599 497 599 496 599 475 609 474 609 471 609 413 599 412 599 335 601 334 601 314 609 311 610 309 609 282 600 281 600 247 600 246 600 245 600 244 600 233 609 233 610 215 610 216 640"/>
                        </Shape>
                        <String CONTENT=""/>
                    </TextLine>

                    <TextLine ID="line_9" HPOS="212" VPOS="647" WIDTH="796" HEIGHT="59" BASELINE="213 690 595 686 1008 688" TAGREFS="TYPE_1">
                        <Shape>
                            <Polygon POINTS="213 690 213 706 280 700 390 705 391 706 562 706 562 705 563 705 580 700 629 705 630 705 631 705 644 700 658 705 659 705 660 705 661 705 706 699 729 704 730 704 758 699 960 699 1006 704 1008 688 1007 658 882 647 881 647 880 647 854 656 845 652 844 652 843 652 751 657 707 647 707 647 706 647 678 655 665 648 664 648 595 648 594 648 546 658 544 659 489 659 489 658 475 652 474 652 473 652 441 658 426 648 425 648 424 648 399 648 398 648 397 648 363 658 336 648 335 648 293 648 292 648 291 648 267 658 267 659 212 659 213 690"/>
                        </Shape>
                        <String CONTENT=""/>
                    </TextLine>

                    <TextLine ID="line_10" HPOS="212" VPOS="697" WIDTH="798" HEIGHT="58" BASELINE="212 737 1010 737" TAGREFS="TYPE_1">
                        <Shape>
                            <Polygon POINTS="212 737 212 752 276 748 326 753 341 754 342 754 343 754 349 753 369 748 392 753 399 754 400 754 401 754 404 753 419 749 475 753 493 754 494 754 495 754 496 754 497 753 505 748 597 748 611 753 613 754 614 754 615 754 627 753 695 748 707 754 708 754 709 754 710 755 764 755 764 754 765 754 766 754 773 749 822 754 828 754 829 754 830 754 831 754 846 748 910 748 934 754 935 754 936 754 939 754 988 748 1009 754 1010 737 1010 706 950 706 950 705 935 697 934 697 933 697 899 704 861 697 860 697 859 697 858 697 847 704 845 706 756 706 750 704 740 700 739 700 738 700 715 703 704 705 697 703 682 698 681 698 680 698 679 698 678 698 673 703 670 705 665 703 650 697 649 697 569 697 568 697 567 697 558 702 554 704 547 702 538 699 537 699 536 699 535 699 534 699 530 702 524 705 433 705 426 701 422 699 421 699 420 699 407 701 385 705 377 701 370 697 369 697 368 697 212 699 212 737"/>
                        </Shape>
                        <String CONTENT=""/>
                    </TextLine>

                    <TextLine ID="line_11" HPOS="215" VPOS="748" WIDTH="794" HEIGHT="60" BASELINE="215 786 1009 787" TAGREFS="TYPE_1">
                        <Shape>
                            <Polygon POINTS="215 786 215 806 285 800 301 806 305 807 306 807 307 807 308 807 314 805 339 798 357 805 360 806 361 806 362 806 363 806 367 805 382 799 393 804 399 807 400 807 401 808 430 808 430 807 431 807 438 804 457 797 488 803 506 807 507 807 531 803 539 802 553 803 615 807 616 807 617 807 618 807 625 802 631 797 645 802 650 803 651 803 652 803 653 803 654 803 655 801 661 797 672 801 673 802 674 802 675 802 683 801 711 797 720 801 734 807 735 807 736 807 737 807 751 800 755 799 770 800 799 803 800 803 837 799 863 797 869 799 887 807 888 807 889 808 911 808 911 807 912 807 935 798 940 797 1007 797 1009 787 1008 757 875 750 875 750 814 756 806 756 802 755 768 748 767 748 766 748 745 755 742 757 723 757 721 755 712 748 711 748 710 748 709 748 653 755 648 755 644 755 614 748 613 748 612 748 611 748 603 754 600 756 573 754 525 751 524 751 492 754 468 756 464 754 456 748 455 748 454 748 401 748 400 748 399 748 378 753 367 757 291 757 283 753 271 748 270 748 269 748 269 748 253 753 241 756 215 753 215 786"/>
                        </Shape>
                        <String CONTENT=""/>
                    </TextLine>

                    <TextLine ID="line_12" HPOS="211" VPOS="825" WIDTH="307" HEIGHT="29" BASELINE="212 836 518 834" TAGREFS="TYPE_1">
                        <Shape>
                            <Polygon POINTS="512 825 503 825 493 825 483 825 473 825 464 825 454 825 444 825 435 825 425 825 415 825 405 825 396 825 386 825 376 825 367 825 357 825 347 825 337 825 328 825 318 825 308 825 299 825 289 825 279 825 269 825 260 825 250 825 240 825 231 825 221 825 211 825 212 836 212 847 289 847 303 854 303 854 304 854 305 854 324 847 325 847 347 853 348 853 349 853 350 853 366 847 369 846 385 846 387 847 394 853 395 853 396 853 397 853 518 847 518 834 516 825 512 825"/>
                        </Shape>
                        <String CONTENT=""/>
                    </TextLine>
</TextBlock>
                <TextBlock ID="block_5" HPOS="214" VPOS="355" WIDTH="198" HEIGHT="199" TAGREFS="TYPE_21">
                    <Shape>
                        <Polygon POINTS="214.30039978027344 355.7193908691406 412.09588623046875 355.7193908691406 412.09588623046875 554.6438598632812 214.30039978027344 554.6438598632812 214.30039978027344 355.7193908691406"/>
                    </Shape>
                    <TextLine ID="line_13" HPOS="219" VPOS="498" WIDTH="58" HEIGHT="61" BASELINE="219 548 277 548" TAGREFS="TYPE_1">
                        <Shape>
                            <Polygon POINTS="219 548 219 559 277 558 277 548 277 503 257 498 256 498 255 498 254 498 254 499 237 515 232 521 219 521 219 548"/>
                        </Shape>
                        <String CONTENT=""/>
                    </TextLine>
</TextBlock>
                <TextBlock ID="block_10" HPOS="216" VPOS="850" WIDTH="801" HEIGHT="193" TAGREFS="TYPE_39">
                    <Shape>
                        <Polygon POINTS="216.33761596679688 850.0703735351562 1017.7238159179688 850.0703735351562 1017.7238159179688 1043.6895751953125 216.33761596679688 1043.6895751953125 216.33761596679688 850.0703735351562"/>
                    </Shape>
                    <TextLine ID="line_14" HPOS="266" VPOS="843" WIDTH="740" HEIGHT="59" BASELINE="267 887 1006 883" TAGREFS="TYPE_1">
                        <Shape>
                            <Polygon POINTS="267 887 267 899 353 901 354 901 355 901 361 899 371 896 383 899 393 902 394 902 395 902 396 902 407 899 420 896 425 899 429 902 430 902 431 902 432 902 521 901 522 901 527 899 535 895 595 895 607 899 616 901 617 901 618 901 638 898 669 894 692 898 698 899 699 899 700 899 701 899 701 898 707 894 744 898 754 899 755 899 756 899 759 898 771 894 779 898 781 899 782 899 783 899 791 898 820 893 840 898 841 898 842 898 842 898 1005 897 1006 883 1004 854 969 845 968 845 967 845 951 850 942 843 941 843 940 843 921 843 920 843 919 843 918 843 907 853 906 854 883 854 882 852 875 846 874 846 873 846 872 846 842 852 837 853 834 852 821 846 820 846 819 846 818 846 817 846 811 851 806 846 805 846 804 846 803 846 802 846 787 852 783 853 781 851 772 844 771 844 770 844 736 844 735 844 734 844 719 851 711 854 705 851 691 845 690 845 689 845 688 845 687 845 678 850 673 854 669 850 664 846 663 846 662 846 661 846 641 850 620 855 600 850 582 845 581 845 567 845 566 845 565 845 564 845 559 849 552 855 543 849 542 848 541 848 540 848 493 845 492 845 491 845 483 849 469 856 418 857 328 857 307 847 304 846 303 846 303 846 266 846 267 887"/>
                        </Shape>
                        <String CONTENT=""/>
                    </TextLine>

                    <TextLine ID="line_15" HPOS="216" VPOS="897" WIDTH="789" HEIGHT="58" BASELINE="216 935 1005 935" TAGREFS="TYPE_1">
                        <Shape>
                            <Polygon POINTS="216 935 216 955 265 955 265 955 266 955 278 949 357 954 376 955 377 955 378 955 379 955 380 954 390 948 405 954 409 955 410 955 411 955 424 953 454 949 466 953 470 954 471 954 471 954 472 954 476 953 496 946 518 952 521 953 522 953 523 953 555 952 657 948 662 951 668 955 669 955 670 955 671 955 730 955 730 955 731 955 742 950 753 946 851 946 861 949 874 953 875 953 875 953 876 953 884 949 890 946 903 949 916 951 917 951 1005 947 1005 935 1004 898 938 906 858 906 846 899 842 897 842 897 841 897 840 897 832 899 811 906 669 906 662 901 657 897 656 897 655 897 654 897 653 897 638 901 628 904 623 901 615 897 614 897 520 897 519 897 518 897 505 903 500 906 467 906 462 903 450 897 449 897 404 897 404 897 403 897 384 904 380 905 370 904 321 897 320 897 319 897 318 897 308 905 307 906 216 906 216 935"/>
                        </Shape>
                        <String CONTENT=""/>
                    </TextLine>

                    <TextLine ID="line_16" HPOS="215" VPOS="944" WIDTH="791" HEIGHT="57" BASELINE="216 986 1006 984" TAGREFS="TYPE_1">
                        <Shape>
                            <Polygon POINTS="216 986 216 996 521 1001 522 1001 562 996 563 996 596 1001 597 1001 598 1001 609 996 611 995 612 995 625 1000 626 1000 627 1000 1005 994 1006 984 1004 955 982 955 968 944 967 944 966 944 855 944 854 944 853 944 835 952 805 944 804 944 803 944 802 944 778 954 755 949 754 949 713 954 663 944 662 944 661 944 660 944 645 954 608 955 573 945 572 945 547 945 546 945 545 945 527 954 476 945 475 945 474 945 473 945 456 955 403 955 383 945 382 945 381 945 380 945 348 955 294 945 293 945 292 945 291 945 277 955 215 955 216 986"/>
                        </Shape>
                        <String CONTENT=""/>
                    </TextLine>

                    <TextLine ID="line_17" HPOS="214" VPOS="1012" WIDTH="791" HEIGHT="33" BASELINE="215 1036 430 1032 1005 1033" TAGREFS="TYPE_1">
                        <Shape>
                            <Polygon POINTS="981 1016 972 1016 962 1016 952 1016 943 1016 933 1016 923 1016 913 1016 904 1016 894 1016 884 1016 875 1016 865 1016 855 1016 845 1016 836 1016 826 1016 816 1016 807 1016 797 1016 787 1016 777 1016 768 1016 758 1016 748 1016 739 1016 729 1016 719 1016 709 1016 700 1016 690 1016 680 1016 671 1016 661 1016 651 1016 641 1016 632 1016 622 1016 612 1016 603 1016 593 1016 583 1016 573 1016 564 1016 554 1016 544 1016 535 1016 525 1016 515 1016 505 1016 496 1016 486 1016 476 1016 467 1016 457 1016 447 1016 437 1016 428 1016 418 1016 408 1016 399 1016 389 1016 379 1016 370 1016 360 1016 350 1016 340 1016 331 1016 321 1016 311 1016 302 1016 292 1016 282 1016 272 1016 263 1016 253 1016 243 1016 234 1016 224 1016 215 1016 214 1016 215 1036 215 1043 1003 1045 1005 1033 1004 1016 982 1012 981 1016"/>
                        </Shape>
                        <String CONTENT=""/>
                    </TextLine>
</TextBlock>
                <TextBlock ID="block_9" HPOS="216" VPOS="1046" WIDTH="798" HEIGHT="96" TAGREFS="TYPE_39">
                    <Shape>
                        <Polygon POINTS="216.78211975097656 1046.8580322265625 1014.0640258789062 1046.8580322265625 1014.0640258789062 1142.7274169921875 216.78211975097656 1142.7274169921875 216.78211975097656 1046.8580322265625"/>
                    </Shape>
                    <TextLine ID="line_18" HPOS="274" VPOS="1042" WIDTH="733" HEIGHT="64" BASELINE="274 1080 1007 1083" TAGREFS="TYPE_1">
                        <Shape>
                            <Polygon POINTS="983 1063 979 1052 976 1054 911 1054 899 1045 898 1045 897 1045 896 1045 895 1045 876 1051 855 1044 854 1044 853 1044 852 1044 837 1051 795 1045 794 1045 793 1045 792 1045 781 1053 762 1043 761 1043 760 1043 758 1043 722 1049 707 1043 706 1043 705 1043 704 1043 703 1043 691 1053 676 1053 611 1043 610 1043 555 1052 521 1042 519 1042 518 1042 517 1042 505 1042 340 1051 322 1043 321 1043 274 1042 274 1080 274 1102 305 1096 332 1099 333 1099 334 1099 335 1099 342 1093 378 1093 390 1101 392 1103 393 1103 394 1103 395 1103 396 1103 400 1101 407 1097 450 1100 472 1102 473 1102 484 1100 517 1093 537 1100 546 1103 547 1103 548 1103 549 1103 556 1099 566 1094 575 1099 577 1100 578 1100 579 1101 619 1101 619 1100 620 1100 621 1100 622 1099 627 1094 635 1098 641 1102 642 1102 643 1102 644 1102 645 1102 650 1098 655 1095 668 1098 673 1099 674 1099 686 1098 716 1094 725 1097 741 1104 742 1104 743 1104 830 1096 847 1095 853 1096 893 1105 894 1106 972 1106 972 1105 973 1105 1006 1094 1007 1083 1004 1044 987 1049 983 1063"/>
                        </Shape>
                        <String CONTENT=""/>
                    </TextLine>

                    <TextLine ID="line_19" HPOS="215" VPOS="1109" WIDTH="154" HEIGHT="36" BASELINE="216 1130 369 1128" TAGREFS="TYPE_1">
                        <Shape>
                            <Polygon POINTS="312 1109 303 1109 293 1109 283 1109 273 1109 264 1109 254 1109 244 1109 235 1109 225 1109 215 1109 216 1130 216 1141 337 1145 338 1145 339 1145 340 1145 340 1144 344 1140 353 1145 354 1145 355 1145 356 1145 357 1145 369 1137 369 1128 367 1111 318 1109 312 1109"/>
                        </Shape>
                        <String CONTENT=""/>
                    </TextLine>
</TextBlock>
                <TextBlock ID="block_8" HPOS="214" VPOS="1142" WIDTH="797" HEIGHT="96" TAGREFS="TYPE_39">
                    <Shape>
                        <Polygon POINTS="214.2832489013672 1142.1461181640625 1011.7523803710938 1142.1461181640625 1011.7523803710938 1238.192138671875 214.2832489013672 1238.192138671875 214.2832489013672 1142.1461181640625"/>
                    </Shape>
                    <TextLine ID="line_20" HPOS="264" VPOS="1134" WIDTH="737" HEIGHT="67" BASELINE="265 1178 665 1176 1001 1183" TAGREFS="TYPE_1">
                        <Shape>
                            <Polygon POINTS="265 1178 264 1187 297 1198 298 1198 299 1198 336 1192 343 1198 344 1198 345 1198 346 1198 372 1193 407 1198 408 1198 409 1198 410 1198 419 1191 449 1198 450 1198 451 1198 468 1192 477 1199 478 1199 479 1199 480 1199 481 1199 501 1190 513 1196 514 1196 515 1196 516 1196 535 1190 588 1190 600 1198 601 1198 602 1198 603 1198 648 1190 698 1200 699 1201 779 1201 779 1200 780 1200 799 1191 848 1191 858 1200 859 1200 860 1200 861 1200 862 1200 875 1194 918 1200 919 1200 1000 1191 1001 1183 1001 1145 980 1138 979 1138 978 1138 977 1138 976 1138 967 1145 960 1149 930 1149 915 1145 888 1138 887 1138 886 1138 885 1138 877 1145 876 1146 875 1145 867 1139 866 1139 865 1139 832 1138 831 1138 830 1138 806 1144 795 1148 701 1148 696 1144 685 1137 684 1137 683 1137 588 1136 587 1136 586 1136 585 1136 578 1143 538 1144 474 1146 469 1144 444 1135 443 1135 442 1135 441 1135 440 1135 429 1144 427 1146 407 1146 404 1144 387 1135 386 1135 385 1135 320 1144 309 1145 307 1144 293 1134 292 1134 291 1134 290 1134 289 1134 265 1142 265 1178"/>
                        </Shape>
                        <String CONTENT=""/>
                    </TextLine>

                    <TextLine ID="line_21" HPOS="214" VPOS="1204" WIDTH="331" HEIGHT="40" BASELINE="215 1226 545 1224" TAGREFS="TYPE_1">
                        <Shape>
                            <Polygon POINTS="535 1204 525 1204 515 1204 505 1204 496 1204 486 1204 476 1204 467 1204 457 1204 447 1204 437 1204 428 1204 418 1204 408 1204 399 1204 389 1204 379 1204 377 1204 214 1204 215 1226 215 1244 275 1244 275 1243 276 1243 279 1242 288 1237 326 1240 356 1243 357 1243 358 1243 370 1239 380 1236 410 1236 413 1238 418 1242 419 1242 420 1242 421 1242 442 1237 444 1237 446 1237 475 1242 476 1242 477 1242 489 1236 495 1242 496 1242 497 1242 498 1243 527 1243 527 1242 528 1242 545 1234 545 1224 542 1204 535 1204"/>
                        </Shape>
                        <String CONTENT=""/>
                    </TextLine>
</TextBlock>
                <TextBlock ID="block_7" HPOS="215" VPOS="1240" WIDTH="795" HEIGHT="98" TAGREFS="TYPE_28">
                    <Shape>
                        <Polygon POINTS="215.7571563720703 1240.2706298828125 1010.4588623046875 1240.2706298828125 1010.4588623046875 1338.6322021484375 215.7571563720703 1338.6322021484375 215.7571563720703 1240.2706298828125"/>
                    </Shape>
                    <TextLine ID="line_22" HPOS="267" VPOS="1232" WIDTH="736" HEIGHT="67" BASELINE="268 1272 1003 1280" TAGREFS="TYPE_1">
                        <Shape>
                            <Polygon POINTS="268 1272 267 1283 295 1291 296 1291 297 1291 339 1286 359 1292 360 1292 361 1292 441 1286 556 1294 557 1294 635 1287 682 1294 683 1294 684 1294 694 1289 709 1293 710 1293 711 1293 712 1293 726 1288 740 1294 741 1294 741 1294 804 1289 818 1297 819 1297 820 1297 821 1297 845 1290 860 1296 861 1296 862 1296 903 1290 914 1298 915 1298 916 1298 917 1299 942 1299 942 1298 1002 1290 1003 1280 1003 1252 945 1252 943 1251 911 1237 910 1237 909 1237 909 1237 880 1247 870 1243 869 1243 868 1243 867 1243 866 1243 859 1249 857 1251 822 1251 818 1249 808 1243 808 1243 807 1243 806 1243 794 1248 793 1249 791 1248 780 1242 779 1242 778 1242 722 1247 709 1248 704 1247 662 1235 661 1235 660 1235 659 1235 639 1243 630 1235 630 1234 629 1234 628 1234 627 1234 504 1237 503 1237 502 1237 494 1244 490 1247 465 1247 461 1243 451 1234 450 1234 449 1234 448 1234 447 1234 426 1243 420 1245 414 1242 393 1232 392 1232 391 1232 390 1232 360 1241 351 1245 308 1245 296 1240 277 1235 276 1235 275 1235 274 1235 268 1238 268 1272"/>
                        </Shape>
                        <String CONTENT=""/>
                    </TextLine>

                    <TextLine ID="line_23" HPOS="213" VPOS="1303" WIDTH="621" HEIGHT="43" BASELINE="214 1323 834 1327" TAGREFS="TYPE_1">
                        <Shape>
                            <Polygon POINTS="826 1305 816 1305 807 1305 797 1305 787 1305 777 1305 768 1305 758 1305 748 1305 739 1305 729 1305 719 1305 709 1305 700 1305 690 1305 680 1305 671 1305 661 1305 651 1305 641 1305 632 1305 622 1305 612 1305 603 1305 593 1305 583 1305 573 1305 564 1305 554 1305 544 1305 535 1305 525 1305 515 1305 505 1305 496 1305 486 1305 476 1305 467 1305 457 1305 447 1305 437 1305 428 1305 418 1305 408 1305 399 1305 389 1305 379 1305 370 1305 360 1305 350 1305 340 1305 331 1305 321 1305 311 1305 302 1305 292 1305 282 1305 272 1305 263 1305 253 1305 243 1305 234 1305 224 1305 214 1303 214 1323 213 1335 241 1343 242 1343 243 1343 273 1337 340 1343 341 1343 369 1337 394 1344 395 1344 396 1345 435 1345 435 1344 436 1344 447 1338 510 1344 511 1344 512 1344 513 1344 521 1338 533 1345 534 1345 535 1345 536 1345 559 1339 607 1345 608 1345 658 1339 677 1346 678 1346 679 1346 680 1346 681 1346 688 1340 729 1346 730 1346 833 1339 834 1327 833 1305 826 1305"/>
                        </Shape>
                        <String CONTENT=""/>
                    </TextLine>
</TextBlock>
                <TextBlock ID="block_12" HPOS="220" VPOS="1344" WIDTH="792" HEIGHT="146" TAGREFS="TYPE_39">
                    <Shape>
                        <Polygon POINTS="220.21221923828125 1344.415283203125 1012.4476928710938 1344.415283203125 1012.4476928710938 1490.9898681640625 220.21221923828125 1490.9898681640625 220.21221923828125 1344.415283203125"/>
                    </Shape>
                    <TextLine ID="line_24" HPOS="266" VPOS="1338" WIDTH="734" HEIGHT="55" BASELINE="267 1374 1000 1377" TAGREFS="TYPE_1">
                        <Shape>
                            <Polygon POINTS="267 1374 266 1386 414 1391 415 1391 416 1391 417 1391 424 1386 427 1385 443 1386 487 1391 488 1391 540 1386 550 1386 552 1386 566 1392 567 1392 568 1392 569 1392 585 1386 588 1386 594 1386 634 1392 635 1393 664 1393 664 1392 665 1392 666 1392 673 1386 674 1386 687 1386 774 1392 775 1392 823 1387 844 1393 845 1393 846 1393 847 1393 864 1388 924 1393 925 1393 926 1393 943 1387 952 1393 953 1393 954 1393 955 1393 999 1386 1000 1377 998 1347 981 1348 978 1346 973 1342 972 1342 971 1342 970 1342 969 1342 968 1342 963 1346 960 1348 958 1346 951 1341 950 1341 949 1341 948 1341 901 1345 870 1348 843 1345 815 1341 814 1341 813 1341 807 1344 798 1348 780 1344 768 1341 767 1341 766 1341 760 1344 752 1347 745 1343 740 1340 739 1340 738 1340 720 1343 701 1347 684 1343 673 1340 673 1340 672 1340 671 1340 670 1340 667 1342 660 1348 640 1348 630 1342 626 1340 625 1340 553 1340 552 1340 551 1340 548 1341 533 1347 493 1342 492 1342 407 1346 400 1341 399 1341 398 1341 397 1341 396 1341 395 1341 387 1346 339 1341 338 1341 310 1346 267 1338 267 1374"/>
                        </Shape>
                        <String CONTENT=""/>
                    </TextLine>

                    <TextLine ID="line_25" HPOS="215" VPOS="1382" WIDTH="785" HEIGHT="66" BASELINE="216 1421 1000 1427" TAGREFS="TYPE_1">
                        <Shape>
                            <Polygon POINTS="216 1421 215 1432 258 1443 259 1443 260 1443 284 1434 285 1434 329 1439 330 1439 331 1439 340 1435 342 1434 350 1435 392 1442 393 1442 417 1436 423 1435 426 1436 437 1444 438 1444 439 1444 440 1444 512 1438 541 1436 557 1439 585 1445 586 1445 587 1445 603 1440 612 1437 622 1440 640 1446 641 1446 642 1446 711 1442 778 1438 789 1443 797 1447 798 1447 906 1448 907 1448 908 1448 909 1448 911 1446 923 1439 998 1447 1000 1427 1000 1400 893 1399 891 1397 876 1386 875 1386 875 1386 856 1385 795 1385 794 1385 793 1385 775 1394 774 1395 774 1394 761 1385 760 1385 759 1385 758 1385 719 1389 676 1384 675 1384 674 1384 654 1392 644 1395 638 1391 624 1384 623 1384 622 1384 621 1384 606 1390 597 1396 543 1396 527 1389 518 1385 517 1385 516 1385 515 1385 505 1388 485 1395 462 1387 446 1383 445 1383 444 1383 419 1386 374 1394 365 1387 364 1387 363 1387 362 1387 336 1391 315 1384 307 1382 306 1382 305 1382 304 1382 300 1384 283 1393 255 1383 251 1382 250 1382 249 1382 216 1382 216 1421"/>
                        </Shape>
                        <String CONTENT=""/>
                    </TextLine>

                    <TextLine ID="line_26" HPOS="216" VPOS="1447" WIDTH="340" HEIGHT="50" BASELINE="216 1474 556 1474" TAGREFS="TYPE_1">
                        <Shape>
                            <Polygon POINTS="527 1447 517 1447 507 1447 498 1447 495 1447 491 1450 483 1447 478 1447 470 1447 458 1450 448 1447 439 1447 430 1447 421 1447 417 1448 413 1447 410 1447 401 1447 391 1447 387 1450 383 1447 381 1447 371 1447 369 1447 368 1448 355 1447 352 1447 342 1447 333 1447 323 1447 313 1447 303 1447 300 1447 296 1450 273 1447 265 1447 255 1447 245 1447 235 1447 230 1447 216 1450 216 1474 216 1486 285 1486 287 1487 293 1491 294 1491 295 1491 296 1491 297 1491 298 1491 303 1487 306 1485 308 1487 319 1496 320 1496 321 1496 322 1497 353 1497 353 1496 354 1496 355 1496 364 1488 368 1485 383 1488 416 1496 417 1497 450 1497 450 1496 451 1496 452 1496 459 1490 464 1486 472 1490 481 1494 482 1494 483 1494 484 1494 494 1490 508 1485 555 1491 556 1474 556 1451 527 1447 527 1447"/>
                        </Shape>
                        <String CONTENT=""/>
                    </TextLine>
</TextBlock>
                <TextBlock ID="block_13" HPOS="210" VPOS="1490" WIDTH="805" HEIGHT="56" TAGREFS="TYPE_39">
                    <Shape>
                        <Polygon POINTS="210.170166015625 1490.91796875 1015.6404418945312 1490.91796875 1015.6404418945312 1546.5106201171875 210.170166015625 1546.5106201171875 210.170166015625 1490.91796875"/>
                    </Shape>
                    <TextLine ID="line_27" HPOS="267" VPOS="1482" WIDTH="746" HEIGHT="70" BASELINE="268 1523 1013 1527" TAGREFS="TYPE_1">
                        <Shape>
                            <Polygon POINTS="267 1542 329 1549 330 1549 406 1546 460 1550 461 1550 503 1542 505 1542 508 1542 561 1550 562 1550 614 1545 622 1550 623 1550 624 1550 704 1551 705 1551 706 1551 730 1542 732 1541 733 1542 747 1551 748 1551 749 1551 750 1552 771 1552 771 1551 772 1551 808 1542 813 1541 1011 1541 1013 1527 1013 1496 958 1487 957 1487 929 1494 923 1495 917 1494 887 1485 886 1485 843 1485 842 1485 842 1485 830 1491 783 1487 782 1487 781 1487 769 1491 761 1493 756 1490 751 1488 750 1488 749 1488 748 1488 743 1490 734 1494 723 1490 710 1485 709 1485 708 1485 707 1485 696 1489 681 1494 659 1488 636 1483 592 1483 591 1483 590 1483 576 1487 562 1491 550 1486 542 1483 541 1483 514 1483 513 1483 512 1483 506 1485 488 1494 458 1494 417 1493 405 1483 404 1483 404 1483 403 1483 387 1483 386 1483 385 1483 384 1483 383 1483 370 1493 312 1493 269 1482 268 1523 267 1542"/>
                        </Shape>
                        <String CONTENT=""/>
                    </TextLine>
</TextBlock>
                <TextBlock ID="textblock_12">
                    
                    <TextLine ID="line_28" HPOS="454" VPOS="1576" WIDTH="10" HEIGHT="49" BASELINE="454 1592 464 1592" TAGREFS="TYPE_1">
                        <Shape>
                            <Polygon POINTS="454 1592 455 1625 464 1621 464 1592 463 1576 454 1577 454 1592"/>
                        </Shape>
                        <String CONTENT=""/>
                    </TextLine>

                </TextBlock>
                <TextBlock ID="block_1" HPOS="834" VPOS="1538" WIDTH="185" HEIGHT="56" TAGREFS="TYPE_4">
                    <Shape>
                        <Polygon POINTS="834.8015747070312 1538.567626953125 1019.1564331054688 1538.567626953125 1019.1564331054688 1594.6595458984375 834.8015747070312 1594.6595458984375 834.8015747070312 1538.567626953125"/>
                    </Shape>
                    <TextLine ID="line_29" HPOS="832" VPOS="1533" WIDTH="187" HEIGHT="70" BASELINE="833 1575 1019 1578" TAGREFS="TYPE_1">
                        <Shape>
                            <Polygon POINTS="833 1575 832 1602 877 1603 878 1603 879 1603 880 1603 885 1599 893 1593 922 1596 923 1596 951 1590 957 1594 961 1598 962 1598 963 1598 964 1598 1018 1590 1019 1578 1019 1546 995 1546 993 1544 985 1537 984 1537 983 1537 982 1537 956 1541 941 1544 935 1540 925 1533 924 1533 923 1533 922 1533 833 1533 833 1575"/>
                        </Shape>
                        <String CONTENT=""/>
                    </TextLine>
</TextBlock>
            </PrintSpace>
        </Page>
    </Layout>
</alto>