<?xml version="1.0" encoding="UTF-8"?>
<alto xmlns:xsi="http://www.w3.org/2001/XMLSchema-instance"
    xmlns="http://www.loc.gov/standards/alto/ns-v4#"
    xsi:schemaLocation="http://www.loc.gov/standards/alto/ns-v4# http://www.loc.gov/standards/alto/v4/alto-4-3.xsd">
    <Description>
        <MeasurementUnit>pixel</MeasurementUnit>
        <sourceImageInformation>
            <fileName>bsb10313792_00130.jpg</fileName>
        </sourceImageInformation>
        <Processing ID="OCR_0">
            <processingCategory>other</processingCategory>
            <processingStepDescription>unknown</processingStepDescription>
            <processingSoftware>
                <softwareName>kraken</softwareName>
                <softwareVersion>4.3.13</softwareVersion>
            </processingSoftware>
        </Processing>
    </Description>
    <Tags>
        <OtherTag ID="TYPE_1" LABEL="DefaultLine"/>
        <OtherTag ID="TYPE_2" LABEL="MainZone-Other"/>
        <OtherTag ID="TYPE_3" LABEL="RunningTitleZone"/>
        <OtherTag ID="TYPE_4" LABEL="QuireMarksZone"/>
        <OtherTag ID="TYPE_5" LABEL="MarginTextZone-Notes-Continued"/>
        <OtherTag ID="TYPE_6" LABEL="MarginTextZone-Notes"/>
        <OtherTag ID="TYPE_7" LABEL="GraphicZone-TextualContent"/>
        <OtherTag ID="TYPE_8" LABEL="DigitizationArtefactZone"/>
        <OtherTag ID="TYPE_9" LABEL="TableZone-Continued"/>
        <OtherTag ID="TYPE_10" LABEL="MainZone-Lg"/>
        <OtherTag ID="TYPE_11" LABEL="MainZone-Head"/>
        <OtherTag ID="TYPE_12" LABEL="StampZone"/>
        <OtherTag ID="TYPE_13" LABEL="MainZone-Form"/>
        <OtherTag ID="TYPE_14" LABEL="MainZone-List-Continued"/>
        <OtherTag ID="TYPE_15" LABEL="MainZone-Signature"/>
        <OtherTag ID="TYPE_16" LABEL="MarginTextZone-ManuscriptAddendum"/>
        <OtherTag ID="TYPE_17" LABEL="MainZone-P-Continued"/>
        <OtherTag ID="TYPE_18" LABEL="StampZone-Sticker"/>
        <OtherTag ID="TYPE_19" LABEL="TableZone-Head"/>
        <OtherTag ID="TYPE_20" LABEL="GraphicZone-Decoration"/>
        <OtherTag ID="TYPE_21" LABEL="DropCapitalZone"/>
        <OtherTag ID="TYPE_22" LABEL="NumberingZone"/>
        <OtherTag ID="TYPE_23" LABEL="FigureZone-Head"/>
        <OtherTag ID="TYPE_24" LABEL="TitlePageZone"/>
        <OtherTag ID="TYPE_25" LABEL="GraphicZone-Maths"/>
        <OtherTag ID="TYPE_26" LABEL="MainZone-Entry-Continued"/>
        <OtherTag ID="TYPE_27" LABEL="MainZone-Sp"/>
        <OtherTag ID="TYPE_28" LABEL="MainZone-Entry"/>
        <OtherTag ID="TYPE_29" LABEL="GraphicZone-Part"/>
        <OtherTag ID="TYPE_30" LABEL="GraphicZone"/>
        <OtherTag ID="TYPE_31" LABEL="MainZone-Sp-Continued"/>
        <OtherTag ID="TYPE_32" LABEL="TableZone"/>
        <OtherTag ID="TYPE_33" LABEL="TitlePageZone-Index"/>
        <OtherTag ID="TYPE_34" LABEL="AdvertisementZone"/>
        <OtherTag ID="TYPE_35" LABEL="MainZone-Date"/>
        <OtherTag ID="TYPE_36" LABEL="FigureZone-FigDesc"/>
        <OtherTag ID="TYPE_37" LABEL="GraphicZone-Head"/>
        <OtherTag ID="TYPE_38" LABEL="MainZone-List"/>
        <OtherTag ID="TYPE_39" LABEL="MainZone-P"/>
        <OtherTag ID="TYPE_40" LABEL="MainZone-Lg-Continued"/>
        <OtherTag ID="TYPE_41" LABEL="FigureZone"/>
        <OtherTag ID="TYPE_42" LABEL="GraphicZone-FigDesc"/>
    </Tags>
    <Layout>
        <Page WIDTH="1084" HEIGHT="1757" PHYSICAL_IMG_NR="0" ID="page_0">
            <PrintSpace HPOS="0" VPOS="0" WIDTH="1084" HEIGHT="1757">
                <TextBlock ID="block_4" HPOS="213" VPOS="78" WIDTH="59" HEIGHT="36" TAGREFS="TYPE_22">
                    <Shape>
                        <Polygon POINTS="213.61814880371094 78.15198516845703 272.9107971191406 78.15198516845703 272.9107971191406 114.33317565917969 213.61814880371094 114.33317565917969 213.61814880371094 78.15198516845703"/>
                    </Shape>
                    <TextLine ID="line_0" HPOS="210" VPOS="79" WIDTH="72" HEIGHT="40" BASELINE="212 105 282 103" TAGREFS="TYPE_1">
                        <Shape>
                            <Polygon POINTS="212 105 212 115 245 119 246 119 247 119 248 119 256 112 258 110 282 109 282 103 280 79 210 79 212 105"/>
                        </Shape>
                        <String CONTENT=""/>
                    </TextLine>
</TextBlock>
                <TextBlock ID="block_0" HPOS="382" VPOS="69" WIDTH="456" HEIGHT="42" TAGREFS="TYPE_3">
                    <Shape>
                        <Polygon POINTS="382.9587097167969 69.75188446044922 838.0015258789062 69.75188446044922 838.0015258789062 111.55249786376953 382.9587097167969 111.55249786376953 382.9587097167969 69.75188446044922"/>
                    </Shape>
                    <TextLine ID="line_1" HPOS="373" VPOS="66" WIDTH="463" HEIGHT="51" BASELINE="374 100 836 97" TAGREFS="TYPE_1">
                        <Shape>
                            <Polygon POINTS="812 68 802 68 792 68 783 68 773 68 763 68 753 68 744 68 734 68 724 68 714 68 705 68 695 68 685 68 675 68 666 68 656 68 646 68 636 68 626 68 617 68 607 68 597 68 587 68 578 68 568 68 558 68 548 68 539 68 529 68 519 68 509 68 500 68 490 68 480 68 470 68 460 68 451 68 441 68 431 68 421 68 412 68 402 68 392 68 382 68 373 66 374 100 374 110 394 115 395 115 420 111 424 110 425 111 432 116 433 116 434 116 435 117 477 117 477 116 478 116 479 116 485 111 512 116 513 116 514 116 524 111 527 109 529 111 533 115 534 115 535 115 536 115 537 115 550 111 558 109 598 109 602 111 611 115 612 115 613 115 614 115 615 115 621 111 625 109 627 111 635 115 636 115 637 116 637 115 638 115 646 111 650 109 660 111 678 115 679 115 680 115 681 115 681 114 685 111 686 110 698 111 725 114 726 114 727 114 728 114 731 111 736 108 750 111 760 114 761 114 762 114 781 111 804 108 834 111 836 97 834 67 812 66 812 68"/>
                        </Shape>
                        <String CONTENT=""/>
                    </TextLine>
</TextBlock>
                <TextBlock ID="block_3" HPOS="204" VPOS="124" WIDTH="809" HEIGHT="146" TAGREFS="TYPE_17">
                    <Shape>
                        <Polygon POINTS="204.98989868164062 124.22371673583984 1013.824462890625 124.22371673583984 1013.824462890625 270.0307312011719 204.98989868164062 270.0307312011719 204.98989868164062 124.22371673583984"/>
                    </Shape>
                    <TextLine ID="line_2" HPOS="208" VPOS="122" WIDTH="796" HEIGHT="55" BASELINE="208 161 848 159 1004 163" TAGREFS="TYPE_1">
                        <Shape>
                            <Polygon POINTS="902 122 901 122 900 122 883 127 869 122 862 122 852 122 842 122 834 122 807 128 806 128 805 128 789 122 784 122 774 122 764 122 754 122 745 122 735 122 725 122 715 122 706 122 696 122 686 122 683 122 672 128 671 129 633 129 632 128 576 122 569 122 559 122 549 122 540 122 530 122 520 122 514 122 510 122 500 122 491 122 481 122 471 122 461 122 452 122 442 122 432 122 422 122 413 122 403 122 393 122 383 122 374 122 364 122 354 122 344 122 334 122 325 122 322 122 313 128 269 124 268 124 208 129 208 161 208 168 419 168 431 170 443 173 444 173 458 171 472 168 488 171 515 176 516 177 584 177 584 176 585 176 586 176 592 172 594 171 612 172 666 176 667 176 689 173 713 169 730 173 734 174 735 174 736 174 737 174 739 173 751 168 777 173 790 176 791 176 807 174 838 169 860 174 869 176 870 176 879 174 917 167 1002 175 1004 163 1003 128 928 128 903 122 902 122"/>
                        </Shape>
                        <String CONTENT=""/>
                    </TextLine>

                    <TextLine ID="line_3" HPOS="208" VPOS="166" WIDTH="796" HEIGHT="60" BASELINE="208 209 1004 209" TAGREFS="TYPE_1">
                        <Shape>
                            <Polygon POINTS="208 209 208 218 339 225 340 225 341 225 353 219 354 219 386 219 387 219 395 225 396 225 397 225 398 226 429 226 429 225 430 225 431 225 439 219 440 219 450 224 451 224 452 224 539 220 561 219 563 220 571 225 572 225 573 225 574 226 639 226 639 225 640 225 654 220 658 219 666 220 691 225 692 226 798 226 798 225 799 225 800 225 805 221 808 219 818 221 841 225 842 225 860 221 869 219 871 221 875 224 875 224 876 224 877 224 878 224 884 221 888 219 1003 221 1004 209 1004 179 974 179 958 169 958 169 957 169 956 169 955 169 954 169 940 179 926 179 916 170 915 170 914 170 913 170 912 170 904 173 885 166 884 166 883 166 882 166 881 166 873 172 828 166 827 166 826 166 811 174 794 167 793 167 792 167 751 172 744 166 743 166 742 166 672 166 671 166 670 166 640 178 622 170 621 170 620 170 619 170 605 176 587 168 586 168 585 168 584 168 548 178 489 166 488 166 487 166 458 176 443 172 442 172 441 172 440 172 427 179 374 179 349 178 331 166 330 166 329 166 287 166 286 166 285 166 260 179 208 179 208 209"/>
                        </Shape>
                        <String CONTENT=""/>
                    </TextLine>

                    <TextLine ID="line_4" HPOS="206" VPOS="217" WIDTH="425" HEIGHT="58" BASELINE="207 257 631 255" TAGREFS="TYPE_1">
                        <Shape>
                            <Polygon POINTS="207 257 207 269 268 267 276 270 285 273 286 273 287 273 288 273 297 270 307 267 313 270 319 273 320 273 321 273 337 270 351 268 366 270 384 273 385 273 386 273 393 270 400 267 406 270 413 274 414 274 415 274 435 271 460 266 484 271 500 274 501 275 578 275 578 274 579 274 587 271 599 267 608 271 614 274 615 274 616 274 631 271 631 255 628 217 605 219 604 219 603 219 603 220 594 227 585 220 584 220 583 220 583 220 540 228 531 219 529 218 529 217 528 217 527 217 472 217 471 217 470 217 469 217 469 218 465 221 458 228 426 224 425 224 377 229 364 224 357 222 356 222 355 222 340 225 324 229 315 226 293 218 292 218 256 218 255 218 254 218 253 218 243 228 241 229 236 228 211 224 210 224 209 224 208 224 206 225 207 257"/>
                        </Shape>
                        <String CONTENT=""/>
                    </TextLine>
</TextBlock>
                <TextBlock ID="block_2" HPOS="310" VPOS="273" WIDTH="479" HEIGHT="54" TAGREFS="TYPE_11">
                    <Shape>
                        <Polygon POINTS="310.0190124511719 273.9526672363281 789.2056274414062 273.9526672363281 789.2056274414062 327.5483093261719 310.0190124511719 327.5483093261719 310.0190124511719 273.9526672363281"/>
                    </Shape>
                    <TextLine ID="line_5" HPOS="266" VPOS="267" WIDTH="522" HEIGHT="62" BASELINE="267 312 788 310" TAGREFS="TYPE_1">
                        <Shape>
                            <Polygon POINTS="745 267 736 267 724 273 704 268 703 268 702 268 701 268 700 268 685 279 667 279 652 267 647 267 637 267 627 267 618 267 608 267 607 267 593 271 551 267 550 267 549 267 524 279 497 267 491 267 481 267 471 267 461 267 459 267 429 269 428 269 427 269 427 270 417 279 398 267 393 267 383 267 374 267 364 267 354 267 344 267 339 267 321 279 266 280 267 312 267 329 318 321 331 327 332 327 333 327 333 327 334 327 344 321 371 327 372 327 373 327 374 327 406 321 421 326 424 327 425 327 426 327 427 327 430 326 445 321 489 321 497 326 501 328 502 328 503 328 504 329 526 329 526 328 548 325 565 321 573 324 580 326 581 326 582 326 616 323 643 320 651 322 666 326 667 326 702 327 703 327 704 327 705 327 710 323 732 327 733 327 734 327 735 327 735 326 743 320 787 319 788 310 787 279 771 270 770 270 769 270 768 270 760 273 752 267 745 267"/>
                        </Shape>
                        <String CONTENT=""/>
                    </TextLine>
</TextBlock>
                <TextBlock ID="block_6" HPOS="207" VPOS="329" WIDTH="796" HEIGHT="243" TAGREFS="TYPE_39">
                    <Shape>
                        <Polygon POINTS="207.23165893554688 329.000732421875 1003.4092407226562 329.000732421875 1003.4092407226562 572.7906494140625 207.23165893554688 572.7906494140625 207.23165893554688 329.000732421875"/>
                    </Shape>
                    <TextLine ID="line_6" HPOS="286" VPOS="322" WIDTH="705" HEIGHT="56" BASELINE="286 362 991 365" TAGREFS="TYPE_1">
                        <Shape>
                            <Polygon POINTS="930 322 920 322 911 322 901 322 891 322 881 322 872 322 862 322 852 322 842 322 833 322 823 322 817 322 774 332 771 333 768 332 738 322 735 322 725 322 715 322 706 322 704 322 688 324 683 322 676 322 668 322 656 332 655 333 596 333 594 332 578 322 569 322 559 322 549 322 543 322 523 331 506 324 505 324 504 324 473 328 463 322 461 322 452 322 450 322 430 331 429 332 367 332 363 330 327 322 325 322 315 322 305 322 300 322 286 328 286 362 286 371 367 371 369 371 379 376 380 376 381 377 407 377 407 376 408 376 409 376 413 372 416 370 433 372 464 376 465 376 502 373 528 371 532 373 538 377 539 377 540 377 541 377 542 377 542 377 548 373 552 371 572 374 596 377 597 377 680 375 791 372 798 376 800 378 801 378 802 378 803 378 840 377 953 372 989 378 991 365 991 334 931 322 930 322"/>
                        </Shape>
                        <String CONTENT=""/>
                    </TextLine>

                    <TextLine ID="line_7" HPOS="205" VPOS="370" WIDTH="782" HEIGHT="56" BASELINE="206 410 987 408" TAGREFS="TYPE_1">
                        <Shape>
                            <Polygon POINTS="206 410 206 419 246 419 249 420 264 426 265 426 266 426 314 420 329 419 375 421 449 424 450 424 496 422 549 419 571 422 594 426 595 426 612 423 633 418 653 423 662 425 663 425 664 425 665 425 671 423 691 418 710 423 717 425 718 425 719 425 720 425 721 425 723 423 728 420 746 424 753 425 754 425 755 425 756 425 757 424 762 420 779 424 785 425 786 426 863 426 863 425 864 425 865 425 873 420 879 425 880 425 881 425 882 426 986 426 987 408 985 384 893 375 892 375 891 375 867 381 849 374 848 374 847 374 846 374 826 381 789 370 788 370 659 370 658 370 657 370 656 370 638 383 599 382 583 371 582 371 581 371 542 371 542 371 541 371 540 371 522 384 368 374 367 374 308 384 260 377 259 377 258 377 257 377 249 384 226 372 225 372 224 372 223 372 222 372 205 383 206 410"/>
                        </Shape>
                        <String CONTENT=""/>
                    </TextLine>

                    <TextLine ID="line_8" HPOS="203" VPOS="417" WIDTH="789" HEIGHT="59" BASELINE="203 460 992 460" TAGREFS="TYPE_1">
                        <Shape>
                            <Polygon POINTS="203 460 203 468 270 475 271 475 325 469 333 469 336 469 360 475 361 475 362 475 375 470 378 469 389 470 434 475 435 475 468 470 480 469 491 471 515 475 516 475 536 471 545 469 549 471 555 475 556 475 557 475 558 476 615 476 615 475 616 475 617 475 621 472 625 469 632 472 639 474 640 474 641 474 642 474 643 474 646 472 651 469 677 472 703 475 704 476 765 476 765 475 766 475 767 475 769 473 774 469 789 473 797 475 798 475 799 475 810 473 830 469 965 469 991 474 992 460 992 423 906 417 905 417 904 417 889 422 888 422 881 417 880 417 879 417 878 417 842 422 792 428 777 421 770 418 769 418 768 418 767 418 759 421 747 426 733 421 724 418 723 418 722 418 681 421 657 422 654 420 650 417 649 417 648 417 647 417 646 417 639 420 620 431 604 431 590 420 586 417 585 417 584 417 567 417 566 417 565 417 564 417 560 420 543 431 489 431 467 420 466 420 465 420 464 420 438 431 375 431 365 423 364 423 363 423 362 423 361 423 338 431 285 431 261 418 259 417 258 417 257 417 203 417 203 460"/>
                        </Shape>
                        <String CONTENT=""/>
                    </TextLine>

                    <TextLine ID="line_9" HPOS="208" VPOS="467" WIDTH="790" HEIGHT="61" BASELINE="208 508 998 508" TAGREFS="TYPE_1">
                        <Shape>
                            <Polygon POINTS="208 508 208 528 227 528 227 527 228 527 229 527 239 519 255 525 256 525 257 525 297 519 314 527 315 527 316 527 318 527 364 519 438 519 463 527 465 527 466 527 467 527 468 527 469 527 480 519 532 526 540 527 541 528 580 528 580 527 581 527 583 526 602 519 651 524 652 524 653 524 669 520 677 526 678 527 679 527 680 527 681 528 710 528 710 527 711 527 712 527 713 526 721 520 754 525 767 527 768 528 859 528 859 527 860 527 865 525 877 519 890 525 891 525 892 525 893 525 894 525 895 525 911 519 997 524 998 508 998 483 916 467 848 467 847 467 846 467 824 475 764 467 763 467 762 467 721 479 714 481 709 479 687 467 686 467 685 467 684 467 658 476 557 468 556 468 555 468 554 468 545 475 531 472 530 472 529 472 528 472 522 477 513 483 460 483 450 476 439 468 438 468 437 468 436 468 435 468 434 468 422 475 412 482 399 476 398 476 397 476 396 476 379 482 366 477 365 477 364 477 363 477 362 477 354 483 286 483 261 473 245 467 244 467 243 467 208 472 208 508"/>
                        </Shape>
                        <String CONTENT=""/>
                    </TextLine>

                    <TextLine ID="line_10" HPOS="200" VPOS="556" WIDTH="508" HEIGHT="16" BASELINE="201 559 708 557" TAGREFS="TYPE_1">
                        <Shape>
                            <Polygon POINTS="698 556 688 556 678 556 668 556 659 556 649 556 639 556 629 556 620 556 610 556 600 556 590 556 581 556 571 556 561 556 551 556 542 556 532 556 522 556 512 556 502 557 493 557 483 557 473 557 463 557 454 557 444 557 434 557 424 557 415 557 405 557 395 557 385 557 375 557 366 557 356 557 346 557 336 557 327 557 317 557 307 557 297 557 288 557 278 557 268 557 258 557 249 557 239 557 229 557 219 557 209 557 200 556 201 559 201 567 214 572 215 572 216 572 217 572 231 568 319 568 327 572 328 572 329 572 330 572 425 568 430 572 430 572 431 572 432 572 433 572 434 572 458 567 691 572 692 572 693 572 708 565 708 557 707 556 698 556"/>
                        </Shape>
                        <String CONTENT=""/>
                    </TextLine>
</TextBlock>
                <TextBlock ID="block_5" HPOS="195" VPOS="569" WIDTH="821" HEIGHT="994" TAGREFS="TYPE_39">
                    <Shape>
                        <Polygon POINTS="195.63534545898438 569.5135498046875 1016.1489868164062 569.5135498046875 1016.1489868164062 1563.2470703125 195.63534545898438 1563.2470703125 195.63534545898438 569.5135498046875"/>
                    </Shape>
                    <TextLine ID="line_11" HPOS="251" VPOS="564" WIDTH="750" HEIGHT="61" BASELINE="251 609 1001 606" TAGREFS="TYPE_1">
                        <Shape>
                            <Polygon POINTS="251 620 440 617 445 621 449 624 450 624 451 624 452 625 478 625 478 624 479 624 480 624 484 621 489 618 500 621 511 623 512 623 513 623 514 623 516 621 524 616 618 616 710 621 750 623 750 623 765 621 802 616 822 621 825 622 826 622 827 623 897 623 897 622 902 621 926 616 942 621 944 622 945 622 946 622 1000 621 1001 606 999 571 801 573 794 569 792 567 791 567 790 567 751 564 750 564 719 565 718 565 709 569 698 574 688 569 683 565 682 565 681 565 680 565 651 569 632 571 628 569 624 565 623 565 622 565 548 565 547 565 546 565 541 568 527 574 513 569 512 569 511 569 476 573 468 569 467 569 466 569 465 569 464 569 451 576 429 576 415 568 415 567 414 567 413 567 385 566 384 566 383 566 380 567 363 576 284 576 251 567 251 609 251 620"/>
                        </Shape>
                        <String CONTENT=""/>
                    </TextLine>

                    <TextLine ID="line_12" HPOS="203" VPOS="612" WIDTH="799" HEIGHT="61" BASELINE="204 657 1002 654" TAGREFS="TYPE_1">
                        <Shape>
                            <Polygon POINTS="204 657 204 673 231 667 293 672 294 672 295 672 315 667 343 672 346 672 347 672 358 672 450 667 463 671 467 672 468 672 469 672 482 671 518 666 578 670 603 671 604 671 1001 665 1002 654 1000 621 941 621 939 620 909 612 908 612 907 612 906 612 905 612 894 619 893 620 884 619 819 612 818 612 757 618 735 620 728 618 708 612 708 612 707 612 706 612 705 612 697 617 684 612 683 612 682 612 636 616 625 612 625 612 530 612 529 612 528 612 527 612 521 616 514 621 500 615 487 612 486 612 485 612 484 612 475 615 462 622 433 615 420 612 419 612 418 612 412 615 397 620 369 614 366 614 365 614 364 614 363 614 350 623 261 623 247 613 246 612 245 612 244 612 243 612 203 612 204 657"/>
                        </Shape>
                        <String CONTENT=""/>
                    </TextLine>

                    <TextLine ID="line_13" HPOS="199" VPOS="663" WIDTH="804" HEIGHT="59" BASELINE="199 705 1003 705" TAGREFS="TYPE_1">
                        <Shape>
                            <Polygon POINTS="199 705 199 715 271 715 280 721 281 721 282 721 283 721 314 715 422 715 454 721 455 721 456 721 475 716 492 721 493 721 494 721 495 721 496 721 506 715 557 715 566 721 567 721 568 721 569 722 664 722 664 721 665 721 675 716 690 721 691 721 692 722 785 722 785 721 786 721 797 715 816 721 817 721 818 721 875 715 899 720 900 720 901 720 915 715 961 721 962 721 1003 714 1003 705 1002 668 977 673 958 668 946 665 945 665 944 665 943 665 933 668 917 673 900 669 879 663 878 663 763 663 762 663 723 664 722 664 721 664 711 670 705 675 584 675 579 671 564 663 563 663 509 663 508 663 507 663 506 663 495 672 494 673 406 674 403 673 384 663 383 663 311 663 310 663 309 663 289 674 288 675 250 675 250 674 229 663 228 663 227 663 226 663 199 674 199 705"/>
                        </Shape>
                        <String CONTENT=""/>
                    </TextLine>

                    <TextLine ID="line_14" HPOS="198" VPOS="710" WIDTH="803" HEIGHT="61" BASELINE="199 753 1001 756" TAGREFS="TYPE_1">
                        <Shape>
                            <Polygon POINTS="199 753 198 761 212 768 213 768 214 768 241 763 262 769 263 769 264 769 296 764 375 769 376 769 377 769 394 764 467 770 468 771 559 771 559 770 560 770 576 764 585 770 586 770 587 770 588 770 855 765 905 771 906 771 907 771 927 765 947 771 948 771 949 771 1000 764 1001 756 1000 726 918 726 918 725 910 718 909 718 908 718 857 712 856 712 819 719 787 712 786 712 785 712 768 719 727 711 726 711 698 713 697 713 696 713 681 724 680 725 591 725 590 724 576 713 575 713 574 713 449 710 448 710 413 711 412 711 381 722 342 710 341 710 293 710 292 710 291 710 245 723 242 723 199 723 199 753"/>
                        </Shape>
                        <String CONTENT=""/>
                    </TextLine>

                    <TextLine ID="line_15" HPOS="199" VPOS="759" WIDTH="804" HEIGHT="61" BASELINE="199 803 1003 803" TAGREFS="TYPE_1">
                        <Shape>
                            <Polygon POINTS="199 803 199 816 268 813 278 816 289 819 290 819 291 820 340 820 340 819 370 816 392 813 411 816 429 818 430 818 445 816 450 815 452 816 461 819 462 819 463 820 602 820 602 819 603 819 614 815 620 813 635 815 666 819 667 819 667 819 677 815 682 813 844 813 847 815 854 819 855 819 856 819 857 819 911 815 919 814 928 814 987 819 988 819 989 819 1003 814 1003 803 1003 770 919 770 918 769 909 764 908 764 907 764 906 764 889 769 887 769 886 769 871 759 870 759 869 759 868 759 807 767 792 759 792 759 765 759 764 759 763 759 762 759 755 765 734 759 733 759 732 759 681 765 648 759 647 759 602 765 581 761 580 761 579 761 562 766 555 768 542 766 508 761 507 761 487 766 472 769 458 765 439 760 438 760 437 760 436 760 435 760 428 765 421 770 385 770 378 765 372 759 371 759 370 759 305 759 304 759 303 759 302 759 295 764 290 769 273 764 259 760 258 760 257 760 199 763 199 803"/>
                        </Shape>
                        <String CONTENT=""/>
                    </TextLine>

                    <TextLine ID="line_16" HPOS="196" VPOS="807" WIDTH="805" HEIGHT="64" BASELINE="197 850 1001 854" TAGREFS="TYPE_1">
                        <Shape>
                            <Polygon POINTS="196 865 254 867 255 867 262 866 288 860 320 866 326 867 327 867 339 866 393 862 400 867 401 868 402 868 403 868 404 868 405 868 409 867 422 862 462 867 472 868 473 868 480 867 522 860 537 866 538 866 539 866 540 866 555 860 598 860 612 865 613 865 614 865 693 861 708 868 708 868 709 868 791 861 798 866 799 866 800 866 801 866 887 862 903 870 904 870 905 870 906 870 907 870 908 870 919 863 932 870 933 870 934 871 1000 871 1001 854 1001 822 921 822 918 820 903 811 902 811 901 811 900 811 899 811 875 819 874 820 871 819 853 811 852 811 800 810 785 810 784 810 783 810 782 810 772 817 768 820 763 817 755 814 754 814 753 814 752 814 745 817 740 819 735 817 724 810 723 810 722 810 675 810 674 810 673 810 663 816 661 817 649 816 608 810 607 810 583 814 570 817 565 814 562 811 561 811 560 811 559 811 558 811 550 814 542 816 531 813 511 809 510 809 488 812 472 815 460 812 451 809 450 809 449 809 448 809 442 812 423 819 346 819 334 814 333 814 333 814 332 814 331 814 323 819 263 819 247 808 246 808 245 808 244 808 243 808 211 812 198 807 197 850 196 865"/>
                        </Shape>
                        <String CONTENT=""/>
                    </TextLine>

                    <TextLine ID="line_17" HPOS="197" VPOS="857" WIDTH="803" HEIGHT="62" BASELINE="198 901 1000 903" TAGREFS="TYPE_1">
                        <Shape>
                            <Polygon POINTS="198 901 197 909 288 917 289 918 349 918 349 917 350 917 361 912 373 917 374 917 375 917 439 912 457 916 458 916 458 916 459 916 469 911 470 911 474 911 512 917 513 917 583 912 587 912 588 912 597 918 598 918 599 918 600 918 601 918 616 912 617 912 620 912 648 917 649 917 688 913 695 918 696 918 697 918 698 918 699 918 717 913 723 918 724 918 725 918 726 919 821 919 821 918 822 918 823 918 830 913 833 912 998 914 1000 903 999 869 903 861 902 861 901 861 888 866 857 858 856 858 855 858 854 858 827 866 801 858 800 858 799 858 798 858 786 863 733 858 732 858 731 858 716 864 667 858 666 858 665 858 640 865 583 857 583 857 536 858 535 858 516 867 498 858 497 858 496 858 422 865 413 858 412 858 411 858 410 858 368 863 312 857 311 857 257 858 256 858 255 858 244 867 242 867 198 867 198 901"/>
                        </Shape>
                        <String CONTENT=""/>
                    </TextLine>

                    <TextLine ID="line_18" HPOS="202" VPOS="907" WIDTH="800" HEIGHT="61" BASELINE="203 949 1002 952" TAGREFS="TYPE_1">
                        <Shape>
                            <Polygon POINTS="203 949 202 959 253 966 254 966 318 961 342 959 346 961 352 966 353 966 354 966 355 966 423 962 430 962 434 962 470 967 471 967 493 963 508 960 539 963 574 967 575 968 615 968 615 967 616 967 617 967 620 964 625 960 638 964 646 967 647 967 648 967 649 967 658 965 675 960 695 965 705 967 706 967 730 965 788 961 801 966 806 968 807 968 808 968 809 968 815 966 832 961 936 961 1000 968 1002 952 1002 927 981 916 980 916 979 916 978 916 952 924 918 915 917 915 917 915 916 915 915 915 907 921 891 909 890 909 889 909 888 909 805 915 797 909 796 909 795 909 765 909 764 909 763 909 728 924 724 926 623 926 617 922 586 908 585 908 584 908 534 914 509 908 508 908 507 908 506 908 495 914 483 908 482 908 436 907 435 907 434 907 407 920 398 925 283 925 272 918 252 908 251 908 250 908 203 917 203 949"/>
                        </Shape>
                        <String CONTENT=""/>
                    </TextLine>

                    <TextLine ID="line_19" HPOS="194" VPOS="958" WIDTH="812" HEIGHT="61" BASELINE="195 999 1006 1001" TAGREFS="TYPE_1">
                        <Shape>
                            <Polygon POINTS="195 999 194 1009 204 1015 205 1015 206 1015 243 1011 252 1017 253 1017 254 1017 255 1018 360 1018 360 1017 361 1017 362 1017 370 1011 397 1017 398 1017 455 1011 563 1017 564 1017 565 1017 588 1011 627 1018 628 1018 629 1018 646 1012 668 1018 669 1018 670 1018 671 1018 689 1012 710 1018 711 1018 712 1019 791 1019 791 1018 792 1018 811 1012 929 1017 930 1017 975 1012 986 1017 987 1017 988 1017 989 1017 1005 1011 1006 1001 1005 972 919 972 917 971 873 967 863 959 862 959 861 959 793 959 792 959 792 959 791 959 771 971 755 962 754 962 753 962 752 962 745 966 721 960 720 960 719 960 718 960 691 971 689 972 620 972 618 971 599 960 598 960 538 958 537 958 450 960 449 960 448 960 437 968 422 958 421 958 420 958 419 958 418 958 394 967 348 961 347 961 346 961 329 970 328 971 305 971 304 970 291 959 290 959 289 959 273 958 272 958 271 958 249 970 248 970 245 970 217 965 216 965 195 969 195 999"/>
                        </Shape>
                        <String CONTENT=""/>
                    </TextLine>

                    <TextLine ID="line_20" HPOS="194" VPOS="1007" WIDTH="811" HEIGHT="58" BASELINE="195 1049 1005 1051" TAGREFS="TYPE_1">
                        <Shape>
                            <Polygon POINTS="194 1058 227 1064 228 1064 229 1064 247 1059 250 1058 253 1059 268 1064 269 1064 270 1064 346 1060 351 1060 358 1060 410 1063 411 1063 412 1063 419 1061 423 1059 430 1061 443 1063 444 1063 445 1063 446 1063 447 1063 451 1061 456 1058 549 1062 582 1062 583 1062 583 1062 585 1062 593 1058 687 1062 689 1062 690 1062 691 1062 715 1059 722 1063 725 1065 726 1065 727 1065 728 1065 742 1063 765 1060 822 1064 841 1065 842 1065 848 1064 873 1059 1003 1065 1005 1051 1004 1019 950 1019 949 1018 927 1008 926 1008 925 1008 756 1015 685 1018 674 1014 658 1008 657 1008 470 1007 469 1007 468 1007 459 1011 449 1018 429 1018 418 1011 416 1009 416 1009 415 1009 365 1007 364 1007 363 1007 357 1010 343 1017 267 1011 266 1011 224 1017 196 1008 195 1049 194 1058"/>
                        </Shape>
                        <String CONTENT=""/>
                    </TextLine>

                    <TextLine ID="line_21" HPOS="198" VPOS="1054" WIDTH="807" HEIGHT="61" BASELINE="198 1101 473 1096 1005 1101" TAGREFS="TYPE_1">
                        <Shape>
                            <Polygon POINTS="198 1101 198 1114 438 1104 488 1111 489 1111 548 1105 569 1115 570 1115 571 1115 572 1115 588 1115 638 1113 639 1113 640 1113 651 1105 698 1114 699 1114 700 1114 722 1107 786 1111 787 1111 788 1111 789 1111 795 1106 875 1106 1003 1115 1005 1101 1004 1068 926 1068 925 1067 905 1055 904 1055 903 1055 865 1055 864 1055 863 1055 842 1063 812 1056 811 1056 810 1056 764 1058 763 1058 747 1066 745 1067 744 1066 723 1057 722 1057 663 1054 662 1054 634 1060 614 1054 613 1054 546 1054 545 1054 511 1061 502 1054 501 1054 500 1054 457 1054 456 1054 455 1054 433 1062 419 1055 418 1055 392 1055 391 1055 390 1055 358 1065 356 1066 249 1066 245 1064 214 1056 213 1056 212 1056 211 1056 198 1062 198 1101"/>
                        </Shape>
                        <String CONTENT=""/>
                    </TextLine>

                    <TextLine ID="line_22" HPOS="195" VPOS="1102" WIDTH="812" HEIGHT="61" BASELINE="195 1149 430 1144 1007 1147" TAGREFS="TYPE_1">
                        <Shape>
                            <Polygon POINTS="195 1149 195 1163 374 1163 374 1162 375 1162 375 1162 393 1153 415 1161 416 1162 417 1162 418 1162 419 1162 421 1161 447 1153 481 1159 482 1159 483 1159 508 1153 567 1153 581 1161 582 1161 583 1161 583 1161 584 1161 585 1161 597 1154 643 1160 659 1162 660 1162 661 1162 662 1162 664 1160 674 1154 732 1160 738 1160 739 1160 748 1160 823 1154 832 1159 833 1161 834 1161 835 1161 836 1161 837 1161 838 1161 840 1159 848 1154 877 1154 887 1159 893 1163 894 1163 895 1163 896 1163 1006 1158 1007 1147 1007 1114 981 1106 980 1106 979 1106 978 1106 965 1113 909 1113 884 1103 883 1103 882 1103 825 1110 813 1103 812 1103 811 1103 766 1103 765 1103 764 1103 750 1108 719 1103 718 1103 681 1109 646 1103 645 1103 596 1113 595 1113 594 1113 562 1102 561 1102 476 1102 475 1102 474 1102 452 1110 403 1102 402 1102 364 1104 363 1104 362 1104 353 1111 313 1104 312 1104 311 1104 310 1104 296 1113 195 1113 195 1149"/>
                        </Shape>
                        <String CONTENT=""/>
                    </TextLine>

                    <TextLine ID="line_23" HPOS="193" VPOS="1150" WIDTH="808" HEIGHT="61" BASELINE="193 1197 402 1191 1001 1197" TAGREFS="TYPE_1">
                        <Shape>
                            <Polygon POINTS="193 1197 193 1208 278 1208 278 1207 279 1207 292 1201 330 1208 332 1208 333 1208 333 1208 351 1201 417 1201 455 1208 456 1208 494 1202 518 1207 519 1207 612 1202 639 1209 640 1209 641 1209 642 1209 643 1209 654 1202 716 1207 717 1207 788 1203 798 1210 799 1210 800 1210 801 1210 802 1210 803 1210 822 1204 840 1210 844 1211 845 1211 846 1211 859 1210 896 1206 903 1210 904 1211 905 1211 906 1211 907 1211 1000 1210 1001 1197 1001 1167 928 1164 885 1153 828 1153 827 1153 826 1153 825 1153 817 1158 808 1152 807 1152 806 1152 710 1152 709 1152 708 1152 682 1164 655 1152 654 1152 653 1152 652 1152 638 1157 625 1151 624 1151 562 1151 561 1151 560 1151 559 1151 551 1156 475 1150 474 1150 473 1150 443 1162 417 1157 416 1157 416 1157 415 1157 408 1162 252 1162 242 1153 241 1153 240 1153 239 1153 193 1161 193 1197"/>
                        </Shape>
                        <String CONTENT=""/>
                    </TextLine>

                    <TextLine ID="line_24" HPOS="189" VPOS="1197" WIDTH="813" HEIGHT="63" BASELINE="190 1245 346 1240 591 1240 1002 1246" TAGREFS="TYPE_1">
                        <Shape>
                            <Polygon POINTS="190 1245 189 1250 250 1256 250 1256 339 1252 399 1250 438 1254 465 1256 466 1256 482 1254 504 1251 529 1255 550 1258 551 1258 601 1256 671 1252 709 1257 728 1259 729 1259 742 1257 758 1255 1000 1260 1002 1246 1001 1216 935 1206 934 1206 933 1206 911 1215 910 1216 861 1216 860 1215 848 1205 847 1205 846 1205 845 1205 844 1205 821 1214 821 1215 754 1215 753 1214 734 1202 733 1202 732 1202 701 1199 700 1199 699 1199 669 1210 655 1204 654 1204 653 1204 614 1213 589 1199 588 1199 467 1198 466 1198 465 1198 464 1198 458 1203 400 1197 373 1197 372 1197 371 1197 370 1197 362 1203 246 1201 245 1201 244 1201 226 1211 190 1211 190 1245"/>
                        </Shape>
                        <String CONTENT=""/>
                    </TextLine>

                    <TextLine ID="line_25" HPOS="188" VPOS="1245" WIDTH="812" HEIGHT="65" BASELINE="189 1291 478 1288 1000 1296" TAGREFS="TYPE_1">
                        <Shape>
                            <Polygon POINTS="189 1291 188 1300 297 1305 298 1305 299 1305 305 1302 312 1299 348 1303 364 1304 365 1304 372 1303 387 1300 392 1303 396 1306 397 1306 398 1306 399 1306 420 1304 453 1300 493 1305 507 1306 508 1306 523 1305 569 1301 619 1301 628 1306 631 1307 632 1307 633 1307 642 1307 662 1303 678 1307 686 1308 687 1308 688 1308 706 1307 749 1303 782 1308 787 1308 788 1308 792 1308 813 1304 836 1308 841 1309 950 1310 951 1310 952 1310 953 1310 964 1306 999 1310 1000 1296 999 1257 896 1261 883 1256 873 1252 872 1252 820 1250 819 1250 818 1250 797 1256 788 1259 784 1256 779 1252 778 1252 777 1252 744 1251 743 1251 742 1251 729 1256 721 1259 717 1256 708 1249 708 1249 707 1249 706 1249 595 1256 583 1256 578 1256 534 1247 533 1247 532 1247 514 1251 458 1246 458 1246 383 1253 355 1245 354 1245 353 1245 352 1245 316 1255 314 1255 264 1255 232 1255 211 1247 210 1247 209 1247 208 1247 189 1253 189 1291"/>
                        </Shape>
                        <String CONTENT=""/>
                    </TextLine>

                    <TextLine ID="line_26" HPOS="186" VPOS="1295" WIDTH="810" HEIGHT="61" BASELINE="187 1339 530 1338 996 1344" TAGREFS="TYPE_1">
                        <Shape>
                            <Polygon POINTS="187 1339 186 1350 994 1356 996 1344 996 1309 880 1303 879 1303 878 1303 859 1307 829 1299 828 1299 827 1299 826 1299 794 1307 778 1300 777 1300 776 1300 775 1300 774 1300 766 1306 752 1299 751 1299 750 1299 750 1299 729 1304 722 1298 721 1298 720 1298 719 1298 718 1298 695 1304 668 1298 667 1298 612 1303 586 1297 585 1297 561 1297 560 1297 559 1297 558 1297 547 1305 521 1297 520 1297 428 1296 427 1296 426 1296 408 1305 370 1305 351 1296 350 1296 313 1295 312 1295 187 1303 187 1339"/>
                        </Shape>
                        <String CONTENT=""/>
                    </TextLine>

                    <TextLine ID="line_27" HPOS="185" VPOS="1347" WIDTH="801" HEIGHT="60" BASELINE="186 1388 986 1390" TAGREFS="TYPE_1">
                        <Shape>
                            <Polygon POINTS="186 1388 185 1404 218 1405 219 1405 220 1405 221 1405 235 1398 259 1405 261 1405 262 1405 263 1405 264 1405 266 1405 287 1399 300 1405 301 1405 302 1405 303 1405 304 1405 305 1405 315 1400 343 1404 344 1404 345 1404 366 1398 452 1398 490 1405 496 1406 497 1406 504 1405 549 1399 574 1399 586 1406 587 1406 588 1406 589 1406 590 1406 592 1406 608 1399 644 1404 645 1404 668 1399 686 1406 687 1406 688 1406 689 1406 690 1406 691 1406 706 1400 716 1406 719 1407 720 1407 721 1407 729 1406 750 1402 836 1406 862 1407 863 1407 864 1407 865 1407 866 1406 872 1401 882 1406 884 1407 885 1407 886 1407 985 1406 986 1390 985 1360 875 1352 874 1352 832 1357 784 1350 783 1350 782 1350 781 1350 768 1359 767 1360 750 1360 749 1359 734 1349 733 1349 732 1349 703 1348 670 1348 669 1348 668 1348 646 1356 615 1348 614 1348 586 1348 585 1348 584 1348 570 1355 562 1350 561 1350 560 1350 559 1350 491 1354 479 1348 478 1348 477 1348 447 1348 446 1348 445 1348 432 1354 420 1347 419 1347 418 1347 324 1347 323 1347 322 1347 321 1347 311 1354 282 1348 281 1348 280 1348 279 1348 267 1357 266 1358 228 1358 227 1357 207 1348 206 1348 205 1348 204 1348 186 1356 186 1388"/>
                        </Shape>
                        <String CONTENT=""/>
                    </TextLine>

                    <TextLine ID="line_28" HPOS="184" VPOS="1394" WIDTH="800" HEIGHT="61" BASELINE="185 1438 984 1441" TAGREFS="TYPE_1">
                        <Shape>
                            <Polygon POINTS="185 1438 184 1447 209 1453 210 1453 389 1449 418 1449 424 1450 452 1454 453 1455 983 1455 984 1441 983 1408 908 1408 908 1407 879 1396 878 1396 877 1396 876 1396 848 1404 814 1398 813 1398 812 1398 811 1398 802 1404 776 1399 775 1399 774 1399 762 1403 752 1398 751 1398 750 1398 750 1398 725 1404 712 1396 711 1396 710 1396 709 1396 664 1403 612 1395 611 1395 496 1406 488 1406 486 1406 452 1394 451 1394 371 1394 370 1394 369 1394 368 1394 354 1405 353 1406 284 1406 283 1405 273 1397 272 1397 271 1397 242 1394 241 1394 240 1394 239 1394 225 1405 224 1405 185 1405 185 1438"/>
                        </Shape>
                        <String CONTENT=""/>
                    </TextLine>

                    <TextLine ID="line_29" HPOS="187" VPOS="1446" WIDTH="795" HEIGHT="61" BASELINE="187 1488 982 1490" TAGREFS="TYPE_1">
                        <Shape>
                            <Polygon POINTS="187 1488 187 1504 404 1499 426 1505 427 1505 428 1505 429 1505 430 1505 441 1499 520 1499 541 1505 542 1505 542 1505 543 1505 609 1500 630 1506 632 1506 633 1506 634 1507 666 1507 666 1506 667 1506 667 1506 677 1500 798 1505 799 1505 830 1500 849 1506 850 1506 851 1507 903 1507 903 1506 904 1506 905 1506 912 1501 980 1506 982 1490 981 1457 957 1451 956 1451 955 1451 954 1451 947 1457 938 1457 843 1457 842 1456 830 1447 829 1447 828 1447 723 1447 722 1447 721 1447 720 1447 710 1455 687 1451 686 1451 643 1456 638 1456 637 1456 625 1447 625 1447 624 1447 623 1447 592 1453 569 1446 568 1446 567 1446 566 1446 534 1455 489 1446 488 1446 438 1454 408 1446 407 1446 406 1446 352 1447 351 1447 321 1455 320 1455 309 1448 308 1448 307 1448 266 1446 265 1446 264 1446 244 1455 243 1455 242 1455 223 1447 222 1447 221 1447 187 1454 187 1488"/>
                        </Shape>
                        <String CONTENT=""/>
                    </TextLine>

                    <TextLine ID="line_30" HPOS="183" VPOS="1495" WIDTH="801" HEIGHT="74" BASELINE="184 1537 984 1541" TAGREFS="TYPE_1">
                        <Shape>
                            <Polygon POINTS="184 1537 183 1563 413 1568 414 1568 415 1568 430 1561 446 1555 492 1555 506 1561 518 1565 519 1565 520 1565 554 1560 579 1557 589 1560 615 1568 616 1568 617 1568 665 1559 683 1556 696 1559 734 1569 735 1569 736 1569 737 1569 761 1558 768 1556 782 1558 824 1566 825 1566 826 1566 854 1558 858 1557 866 1558 905 1562 906 1562 983 1556 984 1541 983 1503 961 1499 960 1499 959 1499 949 1503 930 1510 900 1510 880 1503 866 1498 865 1498 864 1498 863 1498 847 1503 829 1510 785 1510 739 1507 734 1503 724 1497 723 1497 722 1497 721 1497 647 1503 615 1497 614 1497 613 1497 594 1504 584 1508 578 1504 563 1496 562 1496 561 1496 476 1501 468 1496 467 1496 466 1496 412 1496 411 1496 410 1496 385 1504 321 1495 320 1495 319 1495 291 1505 288 1507 235 1507 233 1505 225 1499 224 1499 223 1499 222 1499 184 1505 184 1537"/>
                        </Shape>
                        <String CONTENT=""/>
                    </TextLine>
</TextBlock>
                <TextBlock ID="block_1" HPOS="848" VPOS="1555" WIDTH="138" HEIGHT="56" TAGREFS="TYPE_4">
                    <Shape>
                        <Polygon POINTS="848.869384765625 1555.3687744140625 986.5923461914062 1555.3687744140625 986.5923461914062 1611.9801025390625 848.869384765625 1611.9801025390625 848.869384765625 1555.3687744140625"/>
                    </Shape>
                    <TextLine ID="line_31" HPOS="851" VPOS="1552" WIDTH="129" HEIGHT="64" BASELINE="851 1589 980 1589" TAGREFS="TYPE_1">
                        <Shape>
                            <Polygon POINTS="851 1612 917 1610 936 1615 940 1616 941 1616 942 1616 943 1616 945 1615 958 1610 978 1616 980 1589 980 1560 936 1560 930 1557 920 1552 919 1552 918 1552 917 1552 917 1552 910 1555 909 1556 903 1555 883 1552 882 1552 881 1552 875 1553 864 1558 852 1552 851 1589 851 1612"/>
                        </Shape>
                        <String CONTENT=""/>
                    </TextLine>
</TextBlock>
            </PrintSpace>
        </Page>
    </Layout>
</alto>