<?xml version="1.0" encoding="UTF-8"?>
<alto xmlns:xsi="http://www.w3.org/2001/XMLSchema-instance"
    xmlns="http://www.loc.gov/standards/alto/ns-v4#"
    xsi:schemaLocation="http://www.loc.gov/standards/alto/ns-v4# http://www.loc.gov/standards/alto/v4/alto-4-3.xsd">
    <Description>
        <MeasurementUnit>pixel</MeasurementUnit>
        <sourceImageInformation>
            <fileName>2013143.jpeg</fileName>
        </sourceImageInformation>
        <Processing ID="OCR_0">
            <processingCategory>other</processingCategory>
            <processingStepDescription>unknown</processingStepDescription>
            <processingSoftware>
                <softwareName>kraken</softwareName>
                <softwareVersion>4.3.13</softwareVersion>
            </processingSoftware>
        </Processing>
    </Description>
    <Tags>
        <OtherTag ID="TYPE_1" LABEL="DefaultLine"/>
        <OtherTag ID="TYPE_2" LABEL="AdvertisementZone"/>
        <OtherTag ID="TYPE_3" LABEL="StampZone"/>
        <OtherTag ID="TYPE_4" LABEL="RunningTitleZone"/>
        <OtherTag ID="TYPE_5" LABEL="MainZone-Date"/>
        <OtherTag ID="TYPE_6" LABEL="GraphicZone"/>
        <OtherTag ID="TYPE_7" LABEL="TableZone-Continued"/>
        <OtherTag ID="TYPE_8" LABEL="MainZone-Other"/>
        <OtherTag ID="TYPE_9" LABEL="GraphicZone-Head"/>
        <OtherTag ID="TYPE_10" LABEL="DropCapitalZone"/>
        <OtherTag ID="TYPE_11" LABEL="GraphicZone-FigDesc"/>
        <OtherTag ID="TYPE_12" LABEL="MainZone-Head"/>
        <OtherTag ID="TYPE_13" LABEL="FigureZone-FigDesc"/>
        <OtherTag ID="TYPE_14" LABEL="MainZone-Signature"/>
        <OtherTag ID="TYPE_15" LABEL="MainZone-Sp"/>
        <OtherTag ID="TYPE_16" LABEL="MainZone-Form"/>
        <OtherTag ID="TYPE_17" LABEL="MainZone-Entry-Continued"/>
        <OtherTag ID="TYPE_18" LABEL="MarginTextZone-Notes"/>
        <OtherTag ID="TYPE_19" LABEL="MarginTextZone-Notes-Continued"/>
        <OtherTag ID="TYPE_20" LABEL="MainZone-Lg"/>
        <OtherTag ID="TYPE_21" LABEL="DigitizationArtefactZone"/>
        <OtherTag ID="TYPE_22" LABEL="MainZone-List"/>
        <OtherTag ID="TYPE_23" LABEL="MainZone-P"/>
        <OtherTag ID="TYPE_24" LABEL="MainZone-Sp-Continued"/>
        <OtherTag ID="TYPE_25" LABEL="QuireMarksZone"/>
        <OtherTag ID="TYPE_26" LABEL="GraphicZone-Decoration"/>
        <OtherTag ID="TYPE_27" LABEL="GraphicZone-TextualContent"/>
        <OtherTag ID="TYPE_28" LABEL="MarginTextZone-ManuscriptAddendum"/>
        <OtherTag ID="TYPE_29" LABEL="StampZone-Sticker"/>
        <OtherTag ID="TYPE_30" LABEL="TitlePageZone"/>
        <OtherTag ID="TYPE_31" LABEL="MainZone-Entry"/>
        <OtherTag ID="TYPE_32" LABEL="MainZone-Lg-Continued"/>
        <OtherTag ID="TYPE_33" LABEL="GraphicZone-Maths"/>
        <OtherTag ID="TYPE_34" LABEL="FigureZone-Head"/>
        <OtherTag ID="TYPE_35" LABEL="NumberingZone"/>
        <OtherTag ID="TYPE_36" LABEL="FigureZone"/>
        <OtherTag ID="TYPE_37" LABEL="MainZone-List-Continued"/>
        <OtherTag ID="TYPE_38" LABEL="TableZone"/>
        <OtherTag ID="TYPE_39" LABEL="MainZone-P-Continued"/>
        <OtherTag ID="TYPE_40" LABEL="GraphicZone-Part"/>
        <OtherTag ID="TYPE_41" LABEL="TitlePageZone-Index"/>
        <OtherTag ID="TYPE_42" LABEL="TableZone-Head"/>
    </Tags>
    <Layout>
        <Page WIDTH="1000" HEIGHT="1448" PHYSICAL_IMG_NR="0" ID="page_0">
            <PrintSpace HPOS="0" VPOS="0" WIDTH="1000" HEIGHT="1448">
                <TextBlock ID="block_0" HPOS="231" VPOS="91" WIDTH="228" HEIGHT="39" TAGREFS="TYPE_4">
                    <Shape>
                        <Polygon POINTS="231.43771362304688 91.43566131591797 459.5050354003906 91.43566131591797 459.5050354003906 130.0537109375 231.43771362304688 130.0537109375 231.43771362304688 91.43566131591797"/>
                    </Shape>
                    <TextLine ID="line_0" HPOS="234" VPOS="108" WIDTH="225" HEIGHT="26" BASELINE="234 116 459 118" TAGREFS="TYPE_1">
                        <Shape>
                            <Polygon POINTS="452 108 444 108 436 108 427 108 419 108 411 108 403 108 395 108 387 108 379 108 371 108 363 108 355 108 347 108 339 108 331 108 323 108 315 108 307 108 299 108 291 108 283 108 275 108 267 108 259 108 251 108 242 108 234 108 234 116 234 126 257 134 258 134 259 134 296 130 327 133 328 133 329 133 342 126 345 125 418 125 419 126 436 134 437 134 438 134 439 134 458 126 459 118 459 108 452 108"/>
                        </Shape>
                        <String CONTENT=""/>
                    </TextLine>
</TextBlock>
                <TextBlock ID="block_5" HPOS="594" VPOS="102" WIDTH="40" HEIGHT="31" TAGREFS="TYPE_35">
                    <Shape>
                        <Polygon POINTS="594.5765380859375 102.74835968017578 634.4774780273438 102.74835968017578 634.4774780273438 133.22149658203125 594.5765380859375 133.22149658203125 594.5765380859375 102.74835968017578"/>
                    </Shape>
                    <TextLine ID="line_1" HPOS="592" VPOS="93" WIDTH="45" HEIGHT="42" BASELINE="592 121 637 121" TAGREFS="TYPE_1">
                        <Shape>
                            <Polygon POINTS="592 121 592 130 604 135 605 135 606 135 637 130 637 121 637 93 592 93 592 121"/>
                        </Shape>
                        <String CONTENT=""/>
                    </TextLine>
</TextBlock>
                <TextBlock ID="block_6" HPOS="55" VPOS="134" WIDTH="581" HEIGHT="70" TAGREFS="TYPE_39">
                    <Shape>
                        <Polygon POINTS="55.976806640625 134.6951446533203 636.3995971679688 134.6951446533203 636.3995971679688 204.34971618652344 55.976806640625 204.34971618652344 55.976806640625 134.6951446533203"/>
                    </Shape>
                    <TextLine ID="line_2" HPOS="56" VPOS="126" WIDTH="578" HEIGHT="50" BASELINE="57 159 634 163" TAGREFS="TYPE_1">
                        <Shape>
                            <Polygon POINTS="57 159 56 167 78 173 78 173 79 173 202 169 288 175 288 175 326 170 424 176 425 176 426 176 436 171 518 171 534 176 535 176 536 176 633 171 634 163 633 129 572 136 502 136 489 129 487 128 486 128 367 127 366 127 366 127 365 127 363 129 354 135 328 135 319 129 318 128 317 128 316 128 316 128 310 129 288 135 198 135 191 130 190 130 189 130 189 130 188 130 172 134 156 129 149 127 148 127 130 127 129 127 128 127 127 127 125 129 120 133 115 129 109 126 108 126 107 126 106 126 57 129 57 159"/>
                        </Shape>
                        <String CONTENT=""/>
                    </TextLine>

                    <TextLine ID="line_3" HPOS="57" VPOS="171" WIDTH="238" HEIGHT="33" BASELINE="57 193 295 191" TAGREFS="TYPE_1">
                        <Shape>
                            <Polygon POINTS="234 171 226 171 218 171 209 171 201 171 193 171 185 171 182 171 179 173 161 171 161 171 153 171 145 171 137 171 129 171 127 171 119 174 82 171 82 171 57 175 57 193 57 204 295 201 295 191 293 174 240 171 234 171"/>
                        </Shape>
                        <String CONTENT=""/>
                    </TextLine>
</TextBlock>
                <TextBlock ID="block_1" HPOS="59" VPOS="212" WIDTH="578" HEIGHT="74" TAGREFS="TYPE_12">
                    <Shape>
                        <Polygon POINTS="59.58671569824219 212.1375732421875 637.1948852539062 212.1375732421875 637.1948852539062 286.5289611816406 59.58671569824219 286.5289611816406 59.58671569824219 212.1375732421875"/>
                    </Shape>
                    <TextLine ID="line_4" HPOS="96" VPOS="219" WIDTH="540" HEIGHT="34" BASELINE="96 238 636 239" TAGREFS="TYPE_1">
                        <Shape>
                            <Polygon POINTS="514 234 506 234 497 234 489 234 481 234 473 234 465 234 457 234 449 234 441 234 433 234 425 234 417 234 409 234 401 234 393 234 385 234 377 234 369 234 361 234 353 234 345 234 337 234 329 234 320 234 312 234 304 234 296 234 288 234 280 234 272 234 264 234 256 234 248 234 240 234 232 234 224 234 216 234 208 234 200 234 192 234 184 234 176 234 168 234 160 234 152 234 144 234 135 234 127 234 119 234 111 234 103 234 96 234 96 238 96 251 293 248 313 250 329 252 330 252 407 250 443 249 468 250 571 253 572 253 595 249 596 249 615 253 616 253 635 248 636 239 636 223 620 219 619 219 532 219 531 219 530 219 530 219 524 224 521 227 514 227 514 234"/>
                        </Shape>
                        <String CONTENT=""/>
                    </TextLine>

                    <TextLine ID="line_5" HPOS="59" VPOS="250" WIDTH="350" HEIGHT="44" BASELINE="60 275 409 277" TAGREFS="TYPE_1">
                        <Shape>
                            <Polygon POINTS="60 275 59 292 99 292 100 292 101 292 102 292 102 292 107 287 132 291 133 291 134 291 135 291 143 285 177 292 178 292 179 292 180 292 188 285 204 289 205 289 205 289 234 285 271 291 271 291 272 291 273 291 280 286 312 286 319 292 319 293 320 293 320 293 321 294 356 294 356 293 357 293 370 286 381 293 382 293 382 293 383 294 408 294 409 277 408 259 288 250 288 250 287 250 270 258 269 259 246 259 245 258 233 250 232 250 231 250 230 250 230 250 211 255 201 250 200 250 199 250 167 256 141 250 140 250 139 250 139 250 138 250 127 257 126 257 60 257 60 275"/>
                        </Shape>
                        <String CONTENT=""/>
                    </TextLine>
</TextBlock>
                <TextBlock ID="block_2" HPOS="57" VPOS="291" WIDTH="588" HEIGHT="772" TAGREFS="TYPE_23">
                    <Shape>
                        <Polygon POINTS="57.2412223815918 291.4800720214844 645.7982177734375 291.4800720214844 645.7982177734375 1063.0086669921875 57.2412223815918 1063.0086669921875 57.2412223815918 291.4800720214844"/>
                    </Shape>
                    <TextLine ID="line_6" HPOS="90" VPOS="290" WIDTH="547" HEIGHT="42" BASELINE="90 316 637 318" TAGREFS="TYPE_1">
                        <Shape>
                            <Polygon POINTS="90 316 90 326 174 326 176 327 182 331 183 331 184 331 185 332 308 332 308 331 308 331 309 331 315 327 317 327 363 332 364 332 401 327 403 327 405 327 423 332 424 332 425 332 426 332 441 327 443 327 444 327 460 332 461 332 462 332 463 332 472 327 473 327 473 327 485 332 486 332 487 332 488 332 506 327 509 327 514 327 558 332 559 332 559 332 572 327 573 327 575 327 592 332 592 332 593 332 636 327 637 318 637 298 514 291 514 291 513 291 497 297 497 298 476 298 475 297 469 292 468 292 467 292 466 292 465 292 465 292 456 297 455 297 441 293 440 293 440 293 378 297 371 297 370 297 360 290 359 290 358 290 338 290 337 290 337 290 336 290 325 296 292 290 292 290 188 296 186 296 178 290 177 290 176 290 164 290 163 290 162 290 161 290 152 296 152 297 135 297 134 296 124 290 123 290 123 290 102 290 101 290 100 290 90 295 90 316"/>
                        </Shape>
                        <String CONTENT=""/>
                    </TextLine>

                    <TextLine ID="line_7" HPOS="61" VPOS="324" WIDTH="576" HEIGHT="41" BASELINE="61 349 637 349" TAGREFS="TYPE_1">
                        <Shape>
                            <Polygon POINTS="61 349 61 359 123 359 123 359 135 364 135 364 136 365 186 365 186 364 187 364 197 359 199 359 227 359 228 360 233 364 234 364 234 364 235 364 236 364 249 360 250 360 252 360 291 363 292 363 292 363 293 363 297 360 299 359 301 360 312 364 313 364 314 364 315 364 324 360 327 359 339 360 373 364 374 365 441 365 441 364 442 364 449 361 452 360 457 361 472 364 473 364 473 364 474 364 477 361 481 359 493 361 510 364 511 364 524 362 534 359 546 362 559 364 559 364 574 362 588 359 598 362 605 364 606 364 607 364 637 362 637 349 637 330 601 330 591 324 590 324 589 324 588 324 574 329 551 324 551 324 515 329 508 324 507 324 506 324 408 324 407 324 407 324 399 329 386 324 385 324 384 324 383 324 368 329 311 324 310 324 309 324 308 324 303 329 242 325 241 325 222 330 118 330 98 324 97 324 96 324 61 329 61 349"/>
                        </Shape>
                        <String CONTENT=""/>
                    </TextLine>

                    <TextLine ID="line_8" HPOS="58" VPOS="353" WIDTH="581" HEIGHT="44" BASELINE="59 381 639 382" TAGREFS="TYPE_1">
                        <Shape>
                            <Polygon POINTS="58 391 80 396 81 396 222 393 254 393 637 397 639 382 638 363 608 363 607 362 596 355 596 355 595 355 570 355 569 355 568 355 557 361 538 355 537 355 536 355 535 355 534 355 528 361 526 363 517 363 514 361 506 355 505 355 504 355 479 355 478 355 477 355 465 360 458 363 435 363 413 359 398 357 397 357 396 357 388 358 378 361 367 358 349 354 348 354 333 357 319 361 313 357 309 354 308 354 308 354 307 354 290 357 280 358 267 357 248 354 247 354 246 354 246 354 243 356 236 361 212 356 203 354 202 354 201 354 201 354 200 356 191 362 89 362 60 353 59 381 58 391"/>
                        </Shape>
                        <String CONTENT=""/>
                    </TextLine>

                    <TextLine ID="line_9" HPOS="61" VPOS="388" WIDTH="577" HEIGHT="42" BASELINE="61 413 638 415" TAGREFS="TYPE_1">
                        <Shape>
                            <Polygon POINTS="61 413 61 427 186 424 198 427 209 428 209 428 210 428 211 428 213 427 218 424 226 427 234 428 234 428 235 428 255 426 275 424 283 426 292 428 293 428 294 428 295 428 301 426 306 424 322 426 349 429 350 429 406 426 418 425 421 426 436 429 436 429 437 430 618 430 618 429 637 424 638 415 637 392 435 394 429 390 429 390 428 390 427 390 427 390 426 390 423 390 411 394 396 390 395 390 394 390 393 390 392 390 390 390 373 394 344 390 337 389 337 389 336 389 333 390 320 394 185 394 179 389 178 389 177 389 166 389 110 389 109 389 108 389 87 394 61 388 61 413"/>
                        </Shape>
                        <String CONTENT=""/>
                    </TextLine>

                    <TextLine ID="line_10" HPOS="61" VPOS="420" WIDTH="578" HEIGHT="42" BASELINE="62 448 639 446" TAGREFS="TYPE_1">
                        <Shape>
                            <Polygon POINTS="62 448 62 457 313 462 314 462 315 462 321 459 325 457 329 459 333 462 333 462 334 462 335 462 336 462 342 459 346 457 436 460 497 461 497 461 505 460 523 456 530 460 533 461 534 461 534 461 638 460 639 446 637 427 592 422 592 422 591 422 576 427 494 427 478 421 477 421 477 421 476 421 456 426 412 420 411 420 411 420 410 420 402 427 381 427 375 421 374 421 374 421 373 421 333 426 310 421 309 421 308 421 288 427 287 427 286 427 280 422 280 421 279 421 279 421 258 421 257 421 218 427 216 427 214 427 199 421 198 421 168 421 167 421 166 421 165 421 158 426 153 421 152 421 152 421 151 421 150 421 134 425 114 421 113 421 112 421 102 426 72 421 71 421 70 421 61 425 62 448"/>
                        </Shape>
                        <String CONTENT=""/>
                    </TextLine>

                    <TextLine ID="line_11" HPOS="61" VPOS="453" WIDTH="578" HEIGHT="39" BASELINE="61 479 639 479" TAGREFS="TYPE_1">
                        <Shape>
                            <Polygon POINTS="61 479 61 492 639 491 639 479 639 460 612 453 611 453 563 458 526 453 525 453 497 458 493 459 388 459 386 457 378 453 377 453 376 453 289 457 238 459 222 456 200 453 199 453 178 456 159 459 147 456 136 453 135 453 135 453 113 456 86 459 61 456 61 479"/>
                        </Shape>
                        <String CONTENT=""/>
                    </TextLine>

                    <TextLine ID="line_12" HPOS="60" VPOS="485" WIDTH="581" HEIGHT="42" BASELINE="61 512 641 510" TAGREFS="TYPE_1">
                        <Shape>
                            <Polygon POINTS="61 512 61 522 170 522 172 522 184 527 185 527 185 527 186 527 203 522 253 527 254 527 296 522 301 521 303 522 308 526 309 526 310 526 311 526 351 521 356 521 359 521 382 526 383 526 384 526 400 521 401 521 407 525 407 525 408 525 409 525 442 521 444 521 456 526 457 526 458 526 518 521 523 525 524 525 525 525 602 526 603 526 641 519 641 510 640 491 562 486 561 486 535 490 529 485 529 485 528 485 527 485 487 485 486 485 448 491 427 486 426 486 425 486 424 486 406 491 390 485 390 485 389 485 388 485 374 491 337 487 336 487 335 487 322 491 278 485 277 485 276 485 257 490 245 486 244 486 243 486 242 486 228 492 194 492 186 486 185 486 185 486 184 486 157 490 148 486 148 486 97 486 96 486 60 493 61 512"/>
                        </Shape>
                        <String CONTENT=""/>
                    </TextLine>

                    <TextLine ID="line_13" HPOS="61" VPOS="518" WIDTH="580" HEIGHT="39" BASELINE="61 545 641 545" TAGREFS="TYPE_1">
                        <Shape>
                            <Polygon POINTS="61 545 61 557 641 555 641 545 641 522 635 518 634 518 633 518 633 518 599 523 567 518 566 518 565 518 564 518 558 523 530 519 529 519 528 519 517 522 453 518 452 518 452 518 435 523 415 518 415 518 414 518 413 518 397 522 337 518 337 518 336 518 335 518 329 523 306 519 305 519 240 523 197 518 196 518 195 518 194 518 187 523 178 518 177 518 176 518 143 523 137 518 136 518 135 518 97 518 96 518 61 523 61 545"/>
                        </Shape>
                        <String CONTENT=""/>
                    </TextLine>

                    <TextLine ID="line_14" HPOS="60" VPOS="551" WIDTH="582" HEIGHT="37" BASELINE="60 577 642 577" TAGREFS="TYPE_1">
                        <Shape>
                            <Polygon POINTS="60 577 60 588 642 588 642 577 642 556 603 556 597 551 596 551 596 551 595 551 485 555 474 551 473 551 362 551 362 551 361 551 349 555 345 551 344 551 343 551 293 551 292 551 255 555 246 551 246 551 245 551 244 551 221 555 204 551 203 551 202 551 201 551 191 556 157 556 137 551 136 551 135 551 135 551 134 551 127 556 60 556 60 577"/>
                        </Shape>
                        <String CONTENT=""/>
                    </TextLine>

                    <TextLine ID="line_15" HPOS="58" VPOS="582" WIDTH="583" HEIGHT="39" BASELINE="59 610 641 608" TAGREFS="TYPE_1">
                        <Shape>
                            <Polygon POINTS="59 610 59 621 609 621 610 621 641 616 641 608 640 586 457 582 456 582 456 582 441 587 440 587 439 587 433 583 432 583 432 583 431 583 307 587 301 587 300 587 269 583 268 583 247 588 245 588 242 588 230 584 230 584 124 584 123 584 123 584 122 584 117 588 116 588 58 588 59 610"/>
                        </Shape>
                        <String CONTENT=""/>
                    </TextLine>

                    <TextLine ID="line_16" HPOS="61" VPOS="616" WIDTH="580" HEIGHT="37" BASELINE="61 642 641 642" TAGREFS="TYPE_1">
                        <Shape>
                            <Polygon POINTS="61 642 61 652 641 653 641 642 641 622 602 616 563 616 563 616 562 616 551 621 544 617 543 617 543 617 450 621 390 616 390 616 362 621 325 617 325 617 324 617 323 617 316 622 296 622 284 617 283 617 283 617 282 617 269 621 263 617 262 617 261 617 260 617 242 621 230 616 230 616 229 616 201 620 107 616 106 616 61 621 61 642"/>
                        </Shape>
                        <String CONTENT=""/>
                    </TextLine>

                    <TextLine ID="line_17" HPOS="61" VPOS="648" WIDTH="580" HEIGHT="40" BASELINE="61 674 641 674" TAGREFS="TYPE_1">
                        <Shape>
                            <Polygon POINTS="61 674 61 686 123 682 148 687 156 688 156 688 157 688 158 688 159 687 164 684 205 686 205 686 206 686 218 682 238 687 244 688 245 688 255 687 286 683 304 687 309 688 310 688 311 688 313 687 326 682 351 686 352 686 353 686 363 682 432 687 447 688 448 688 452 687 473 682 497 687 498 687 499 687 500 687 536 682 559 687 563 688 563 688 641 687 641 674 641 654 592 654 574 648 573 648 543 648 542 648 541 648 540 648 534 653 465 648 464 648 463 648 444 653 428 648 427 648 427 648 426 648 405 654 334 654 326 648 325 648 325 648 324 648 206 652 187 648 186 648 155 653 149 648 148 648 148 648 97 648 96 648 61 653 61 674"/>
                        </Shape>
                        <String CONTENT=""/>
                    </TextLine>

                    <TextLine ID="line_18" HPOS="60" VPOS="680" WIDTH="582" HEIGHT="37" BASELINE="61 706 642 707" TAGREFS="TYPE_1">
                        <Shape>
                            <Polygon POINTS="61 706 60 717 641 715 642 707 642 689 620 683 619 683 618 683 617 683 609 688 509 684 508 684 507 684 499 687 480 681 479 681 478 681 477 681 465 688 463 689 371 689 370 687 365 683 364 683 363 683 362 683 362 683 361 683 355 687 353 688 333 687 307 686 300 680 299 680 298 680 277 680 276 680 275 680 257 687 256 687 241 680 240 680 147 680 146 680 145 680 134 686 125 680 124 680 123 680 123 680 122 680 99 686 74 680 74 680 73 680 61 686 61 706"/>
                        </Shape>
                        <String CONTENT=""/>
                    </TextLine>

                    <TextLine ID="line_19" HPOS="61" VPOS="712" WIDTH="580" HEIGHT="36" BASELINE="61 740 641 737" TAGREFS="TYPE_1">
                        <Shape>
                            <Polygon POINTS="61 740 61 748 641 748 641 737 640 719 606 712 605 712 580 718 564 712 563 712 520 712 519 712 518 712 518 712 510 719 489 719 447 719 443 719 399 713 399 713 398 713 384 719 383 719 381 719 327 713 326 713 299 719 291 713 290 713 289 713 288 713 288 713 279 717 258 713 257 713 256 713 242 719 241 719 235 719 199 714 180 714 179 714 178 714 177 714 177 715 172 719 171 720 95 720 94 719 87 714 86 714 86 714 85 714 61 719 61 740"/>
                        </Shape>
                        <String CONTENT=""/>
                    </TextLine>

                    <TextLine ID="line_20" HPOS="61" VPOS="745" WIDTH="580" HEIGHT="39" BASELINE="62 772 641 771" TAGREFS="TYPE_1">
                        <Shape>
                            <Polygon POINTS="62 772 62 779 170 779 174 780 186 783 187 783 188 783 189 783 199 780 203 779 205 780 209 783 209 783 210 783 211 783 212 783 218 780 220 779 222 780 229 784 230 784 230 784 258 781 268 779 271 781 276 784 277 784 278 784 279 784 298 781 305 779 308 781 312 784 312 784 313 784 314 784 344 781 359 779 366 781 375 784 376 784 377 784 452 781 510 779 533 781 556 784 557 784 558 784 563 781 566 780 570 781 576 784 577 784 578 784 640 781 641 771 639 745 607 745 606 745 605 745 604 745 596 751 564 747 563 747 516 751 502 747 497 745 496 745 495 745 494 745 493 745 492 747 485 752 441 752 433 748 427 745 427 745 426 745 425 745 418 748 407 751 402 748 397 745 396 745 332 745 331 745 311 749 300 751 294 749 280 745 279 745 242 745 241 745 205 750 199 751 197 750 191 745 190 745 189 745 169 745 168 745 168 745 167 745 160 751 160 752 133 752 133 751 127 746 127 745 126 745 125 745 107 745 106 745 106 745 105 745 98 752 61 752 62 772"/>
                        </Shape>
                        <String CONTENT=""/>
                    </TextLine>

                    <TextLine ID="line_21" HPOS="61" VPOS="777" WIDTH="580" HEIGHT="38" BASELINE="62 803 641 805" TAGREFS="TYPE_1">
                        <Shape>
                            <Polygon POINTS="62 803 61 810 95 814 96 814 268 812 341 811 640 815 641 805 641 783 630 778 629 778 629 778 600 783 592 784 588 782 579 778 578 778 513 778 512 778 511 778 510 778 506 782 502 785 467 785 462 781 458 778 457 778 456 778 456 778 455 778 447 781 440 785 411 785 403 781 395 778 395 778 370 778 370 778 369 778 362 781 355 785 242 785 234 781 226 777 226 777 225 777 224 777 223 777 218 781 212 785 148 785 143 780 140 777 139 777 139 777 138 777 62 779 62 803"/>
                        </Shape>
                        <String CONTENT=""/>
                    </TextLine>

                    <TextLine ID="line_22" HPOS="61" VPOS="810" WIDTH="582" HEIGHT="41" BASELINE="62 835 643 836" TAGREFS="TYPE_1">
                        <Shape>
                            <Polygon POINTS="62 835 61 843 75 849 76 849 77 850 162 850 162 849 163 849 173 844 174 844 176 844 200 848 201 848 261 845 275 844 277 845 285 849 286 849 287 849 328 845 341 844 343 845 352 850 353 850 353 850 378 846 383 845 391 846 436 850 437 851 462 851 462 850 463 850 464 850 469 846 472 845 641 847 643 836 643 818 615 811 614 811 565 817 564 817 563 817 543 811 542 811 541 811 540 811 522 817 521 818 474 818 470 817 416 811 415 811 415 811 414 811 406 817 404 818 354 818 353 817 348 812 347 812 346 812 345 812 345 812 331 815 317 810 316 810 316 810 315 810 296 816 271 810 270 810 207 816 204 816 203 816 189 810 189 810 161 810 160 810 160 810 159 810 151 816 149 816 132 812 131 812 131 812 130 812 125 816 119 810 118 810 117 810 116 810 115 810 103 816 102 816 62 816 62 835"/>
                        </Shape>
                        <String CONTENT=""/>
                    </TextLine>

                    <TextLine ID="line_23" HPOS="61" VPOS="853" WIDTH="582" HEIGHT="30" BASELINE="61 868 643 871" TAGREFS="TYPE_1">
                        <Shape>
                            <Polygon POINTS="520 862 512 863 504 863 496 863 488 863 480 863 472 863 464 863 456 863 448 863 440 863 432 863 423 863 415 863 407 863 399 863 391 863 383 863 375 863 367 863 359 863 351 863 343 863 335 863 327 863 319 863 311 863 303 863 295 863 287 863 279 863 271 863 263 863 255 863 246 863 238 863 230 863 222 863 214 863 206 863 198 863 190 863 182 863 174 863 166 863 158 863 150 863 142 863 134 863 126 863 118 863 110 863 102 863 94 863 86 863 78 863 69 863 61 863 61 868 61 876 94 881 94 882 198 882 198 881 199 881 209 878 218 876 226 879 235 881 236 881 237 881 252 879 263 877 276 879 296 882 296 882 312 880 325 877 330 880 335 882 336 882 337 882 378 880 443 877 468 881 479 883 480 883 481 883 486 881 500 878 509 882 512 883 513 883 514 883 533 882 596 878 605 883 606 883 607 883 608 883 609 883 609 883 625 879 641 883 643 871 642 853 526 853 525 853 524 853 522 853 520 862"/>
                        </Shape>
                        <String CONTENT=""/>
                    </TextLine>

                    <TextLine ID="line_24" HPOS="61" VPOS="874" WIDTH="580" HEIGHT="38" BASELINE="61 900 641 901" TAGREFS="TYPE_1">
                        <Shape>
                            <Polygon POINTS="61 900 61 912 640 912 641 901 640 881 595 881 594 880 581 875 580 875 580 875 550 880 545 881 484 881 481 880 476 875 475 875 474 875 473 875 445 879 434 880 428 879 416 875 415 875 378 875 377 875 376 875 375 875 371 878 368 880 356 878 334 874 333 874 333 874 320 878 312 880 304 877 292 874 291 874 290 874 289 874 279 877 272 880 265 877 256 874 255 874 255 874 254 874 245 877 237 880 228 877 218 874 218 874 217 874 216 874 206 876 194 880 148 880 141 876 137 874 136 874 135 874 135 874 134 874 131 876 125 880 61 876 61 900"/>
                        </Shape>
                        <String CONTENT=""/>
                    </TextLine>

                    <TextLine ID="line_25" HPOS="61" VPOS="906" WIDTH="582" HEIGHT="42" BASELINE="62 933 643 934" TAGREFS="TYPE_1">
                        <Shape>
                            <Polygon POINTS="62 933 61 942 147 946 148 946 148 946 149 946 153 943 156 942 182 942 191 944 201 946 201 946 202 946 203 946 204 946 206 944 209 942 309 942 320 945 325 946 326 946 327 946 328 946 333 945 345 942 349 945 351 946 352 946 353 946 395 947 395 947 405 946 423 942 433 946 437 947 438 947 439 948 506 948 506 947 514 946 546 942 551 946 551 946 552 946 553 946 574 943 641 947 643 934 643 914 625 909 624 909 623 909 589 913 584 913 581 913 555 908 554 908 553 908 535 913 530 913 528 913 522 909 522 909 521 909 520 909 519 909 507 912 502 913 501 912 495 908 494 908 493 908 493 908 492 908 478 912 470 914 429 914 426 911 423 909 423 908 422 908 421 908 390 908 389 908 388 908 387 908 384 910 378 913 304 913 292 909 286 907 285 907 262 907 261 907 260 907 259 907 258 909 252 913 229 908 221 907 160 907 160 907 159 907 158 907 150 913 111 913 103 907 102 907 102 907 62 906 62 933"/>
                        </Shape>
                        <String CONTENT=""/>
                    </TextLine>

                    <TextLine ID="line_26" HPOS="63" VPOS="939" WIDTH="580" HEIGHT="42" BASELINE="63 966 643 966" TAGREFS="TYPE_1">
                        <Shape>
                            <Polygon POINTS="63 966 63 978 156 979 156 979 168 978 184 974 194 977 199 979 200 979 201 979 201 979 202 979 204 977 207 975 209 977 213 979 213 980 213 980 214 980 215 981 230 981 230 980 267 977 292 974 300 976 316 980 317 980 318 980 329 976 335 974 373 974 380 976 399 980 399 980 400 980 409 975 412 974 439 974 441 975 452 980 452 980 453 981 578 981 578 980 579 980 580 980 588 974 589 974 615 980 616 980 643 974 643 966 643 946 549 940 548 940 547 940 539 944 537 946 463 946 448 943 421 939 420 939 419 939 411 942 407 946 374 946 368 942 362 939 362 939 335 939 334 939 333 939 325 942 314 946 244 946 239 941 238 941 238 941 188 939 187 939 178 940 140 945 133 940 132 940 131 940 131 940 130 940 115 944 108 939 107 939 106 939 63 939 63 966"/>
                        </Shape>
                        <String CONTENT=""/>
                    </TextLine>

                    <TextLine ID="line_27" HPOS="64" VPOS="970" WIDTH="578" HEIGHT="37" BASELINE="65 999 642 997" TAGREFS="TYPE_1">
                        <Shape>
                            <Polygon POINTS="65 999 65 1007 641 1007 642 997 641 978 609 978 586 970 585 970 584 970 584 970 568 978 530 978 492 970 491 970 390 977 353 970 353 970 304 978 304 978 278 974 277 974 276 974 266 977 252 971 251 971 251 971 211 978 193 971 192 971 191 971 190 971 175 977 164 971 163 971 124 971 123 971 123 971 122 971 114 977 77 971 76 971 75 971 64 977 65 999"/>
                        </Shape>
                        <String CONTENT=""/>
                    </TextLine>

                    <TextLine ID="line_28" HPOS="62" VPOS="1003" WIDTH="578" HEIGHT="43" BASELINE="63 1032 640 1029" TAGREFS="TYPE_1">
                        <Shape>
                            <Polygon POINTS="63 1032 63 1040 156 1045 156 1045 202 1041 210 1041 212 1042 221 1046 222 1046 222 1046 223 1046 238 1042 241 1041 246 1042 267 1045 267 1045 268 1045 269 1045 274 1042 276 1040 286 1042 304 1045 305 1045 306 1045 317 1042 325 1040 362 1043 410 1045 411 1045 439 1043 478 1040 639 1044 640 1029 639 1008 627 1003 626 1003 625 1003 602 1008 600 1008 599 1008 573 1003 572 1003 572 1003 571 1003 565 1008 565 1009 512 1009 512 1008 493 1003 493 1003 492 1003 491 1003 481 1009 480 1009 447 1009 446 1009 440 1004 439 1004 438 1004 437 1004 417 1009 415 1010 345 1010 344 1009 303 1004 302 1004 301 1004 300 1004 292 1009 292 1010 251 1010 245 1010 207 1005 206 1005 149 1009 140 1005 139 1005 139 1005 138 1005 137 1005 131 1009 95 1005 94 1005 62 1010 63 1032"/>
                        </Shape>
                        <String CONTENT=""/>
                    </TextLine>

                    <TextLine ID="line_29" HPOS="65" VPOS="1037" WIDTH="201" HEIGHT="40" BASELINE="65 1063 266 1063" TAGREFS="TYPE_1">
                        <Shape>
                            <Polygon POINTS="65 1063 65 1074 171 1077 172 1077 201 1073 208 1072 212 1073 234 1077 234 1077 235 1077 236 1077 241 1072 242 1072 266 1072 266 1063 266 1044 216 1037 215 1037 214 1037 196 1042 193 1043 190 1042 171 1037 170 1037 169 1037 168 1037 159 1042 157 1043 156 1042 144 1037 144 1037 143 1037 65 1040 65 1063"/>
                        </Shape>
                        <String CONTENT=""/>
                    </TextLine>
</TextBlock>
                <TextBlock ID="block_3" HPOS="67" VPOS="1073" WIDTH="580" HEIGHT="134" TAGREFS="TYPE_23">
                    <Shape>
                        <Polygon POINTS="67.9308853149414 1073.2904052734375 647.308837890625 1073.2904052734375 647.308837890625 1207.3792724609375 67.9308853149414 1207.3792724609375 67.9308853149414 1073.2904052734375"/>
                    </Shape>
                    <TextLine ID="line_30" HPOS="93" VPOS="1066" WIDTH="548" HEIGHT="40" BASELINE="94 1097 641 1095" TAGREFS="TYPE_1">
                        <Shape>
                            <Polygon POINTS="94 1097 94 1106 640 1104 641 1095 639 1071 584 1066 583 1066 538 1071 535 1071 534 1071 522 1066 521 1066 520 1066 519 1066 504 1071 492 1066 491 1066 490 1066 489 1066 469 1071 440 1066 439 1066 438 1066 437 1066 432 1072 407 1072 401 1066 400 1066 399 1066 399 1066 398 1066 397 1066 389 1071 367 1066 366 1066 366 1066 346 1072 345 1072 331 1067 330 1067 329 1067 275 1072 267 1067 267 1067 266 1067 205 1067 205 1067 204 1067 194 1071 184 1067 183 1067 182 1067 181 1067 171 1073 138 1073 111 1067 110 1067 109 1067 93 1073 94 1097"/>
                        </Shape>
                        <String CONTENT=""/>
                    </TextLine>

                    <TextLine ID="line_31" HPOS="64" VPOS="1100" WIDTH="579" HEIGHT="42" BASELINE="65 1128 643 1127" TAGREFS="TYPE_1">
                        <Shape>
                            <Polygon POINTS="65 1128 65 1142 96 1137 123 1141 124 1141 149 1137 266 1140 319 1141 320 1141 333 1139 354 1136 399 1139 436 1140 436 1140 466 1138 485 1136 491 1137 506 1140 506 1141 627 1141 627 1140 628 1140 643 1135 643 1127 641 1102 536 1104 530 1102 521 1100 520 1100 519 1100 501 1103 493 1104 476 1103 424 1100 423 1100 404 1104 401 1104 398 1104 377 1100 376 1100 345 1104 338 1105 337 1104 329 1101 328 1101 269 1101 268 1101 225 1105 223 1105 222 1105 203 1101 202 1101 201 1101 191 1105 177 1101 176 1101 176 1101 175 1101 164 1105 144 1101 144 1101 100 1105 87 1101 86 1101 86 1101 64 1106 65 1128"/>
                        </Shape>
                        <String CONTENT=""/>
                    </TextLine>

                    <TextLine ID="line_32" HPOS="69" VPOS="1133" WIDTH="575" HEIGHT="42" BASELINE="69 1160 644 1160" TAGREFS="TYPE_1">
                        <Shape>
                            <Polygon POINTS="69 1160 69 1175 123 1171 168 1174 179 1175 180 1175 188 1174 217 1171 266 1171 271 1173 273 1175 274 1175 275 1175 275 1175 556 1171 596 1171 597 1171 629 1175 629 1175 630 1175 644 1170 644 1160 644 1139 546 1139 502 1133 502 1133 430 1139 393 1133 392 1133 391 1133 390 1133 383 1138 366 1133 365 1133 364 1133 363 1133 362 1133 356 1139 308 1139 295 1133 294 1133 256 1133 255 1133 255 1133 254 1133 248 1138 195 1139 168 1133 167 1133 139 1137 102 1133 102 1133 69 1139 69 1160"/>
                        </Shape>
                        <String CONTENT=""/>
                    </TextLine>

                    <TextLine ID="line_33" HPOS="65" VPOS="1166" WIDTH="581" HEIGHT="41" BASELINE="65 1192 646 1193" TAGREFS="TYPE_1">
                        <Shape>
                            <Polygon POINTS="65 1192 65 1206 498 1206 499 1206 507 1206 515 1206 515 1206 644 1207 646 1193 646 1171 628 1167 627 1167 626 1167 533 1171 516 1172 513 1171 496 1167 495 1167 435 1167 434 1167 433 1167 419 1171 416 1172 407 1171 363 1167 362 1167 321 1171 318 1171 310 1166 309 1166 308 1166 308 1166 307 1166 306 1166 299 1171 297 1171 271 1166 270 1166 149 1171 135 1171 130 1171 93 1166 92 1166 65 1170 65 1192"/>
                        </Shape>
                        <String CONTENT=""/>
                    </TextLine>

                    <TextLine ID="line_34" HPOS="493" VPOS="1198" WIDTH="25" HEIGHT="17" BASELINE="493 1207 518 1207" TAGREFS="TYPE_1">
                        <Shape>
                            <Polygon POINTS="493 1207 493 1215 518 1215 518 1207 518 1198 493 1198 493 1207"/>
                        </Shape>
                        <String CONTENT=""/>
                    </TextLine>
</TextBlock>
                <TextBlock ID="block_4" HPOS="466" VPOS="1207" WIDTH="69" HEIGHT="35" TAGREFS="TYPE_25">
                    <Shape>
                        <Polygon POINTS="466.57525634765625 1207.60498046875 535.35498046875 1207.60498046875 535.35498046875 1242.7447509765625 466.57525634765625 1242.7447509765625 466.57525634765625 1207.60498046875"/>
                    </Shape>
                    <TextLine ID="line_35" HPOS="466" VPOS="1205" WIDTH="68" HEIGHT="39" BASELINE="466 1225 534 1225" TAGREFS="TYPE_1">
                        <Shape>
                            <Polygon POINTS="498 1208 497 1207 466 1205 466 1225 466 1243 522 1240 532 1244 534 1225 534 1210 505 1208 498 1208"/>
                        </Shape>
                        <String CONTENT=""/>
                    </TextLine>
</TextBlock>
            </PrintSpace>
        </Page>
    </Layout>
</alto>>