<?xml version="1.0" encoding="UTF-8"?>
<alto xmlns:xsi="http://www.w3.org/2001/XMLSchema-instance"
    xmlns="http://www.loc.gov/standards/alto/ns-v4#"
    xsi:schemaLocation="http://www.loc.gov/standards/alto/ns-v4# http://www.loc.gov/standards/alto/v4/alto-4-3.xsd">
    <Description>
        <MeasurementUnit>pixel</MeasurementUnit>
        <sourceImageInformation>
            <fileName>2013079.jpeg</fileName>
        </sourceImageInformation>
        <Processing ID="OCR_0">
            <processingCategory>other</processingCategory>
            <processingStepDescription>unknown</processingStepDescription>
            <processingSoftware>
                <softwareName>kraken</softwareName>
                <softwareVersion>4.3.13</softwareVersion>
            </processingSoftware>
        </Processing>
    </Description>
    <Tags>
        <OtherTag ID="TYPE_1" LABEL="DefaultLine"/>
        <OtherTag ID="TYPE_2" LABEL="MarginTextZone-ManuscriptAddendum"/>
        <OtherTag ID="TYPE_3" LABEL="TitlePageZone"/>
        <OtherTag ID="TYPE_4" LABEL="StampZone-Sticker"/>
        <OtherTag ID="TYPE_5" LABEL="StampZone"/>
        <OtherTag ID="TYPE_6" LABEL="MainZone-Entry-Continued"/>
        <OtherTag ID="TYPE_7" LABEL="GraphicZone-Maths"/>
        <OtherTag ID="TYPE_8" LABEL="FigureZone"/>
        <OtherTag ID="TYPE_9" LABEL="MainZone-Signature"/>
        <OtherTag ID="TYPE_10" LABEL="MainZone-P-Continued"/>
        <OtherTag ID="TYPE_11" LABEL="GraphicZone-Decoration"/>
        <OtherTag ID="TYPE_12" LABEL="MainZone-Date"/>
        <OtherTag ID="TYPE_13" LABEL="MainZone-Other"/>
        <OtherTag ID="TYPE_14" LABEL="TableZone-Continued"/>
        <OtherTag ID="TYPE_15" LABEL="MarginTextZone-Notes-Continued"/>
        <OtherTag ID="TYPE_16" LABEL="FigureZone-FigDesc"/>
        <OtherTag ID="TYPE_17" LABEL="MarginTextZone-Notes"/>
        <OtherTag ID="TYPE_18" LABEL="DropCapitalZone"/>
        <OtherTag ID="TYPE_19" LABEL="GraphicZone"/>
        <OtherTag ID="TYPE_20" LABEL="RunningTitleZone"/>
        <OtherTag ID="TYPE_21" LABEL="GraphicZone-FigDesc"/>
        <OtherTag ID="TYPE_22" LABEL="MainZone-Lg"/>
        <OtherTag ID="TYPE_23" LABEL="FigureZone-Head"/>
        <OtherTag ID="TYPE_24" LABEL="MainZone-P"/>
        <OtherTag ID="TYPE_25" LABEL="GraphicZone-Head"/>
        <OtherTag ID="TYPE_26" LABEL="QuireMarksZone"/>
        <OtherTag ID="TYPE_27" LABEL="MainZone-Sp"/>
        <OtherTag ID="TYPE_28" LABEL="MainZone-List"/>
        <OtherTag ID="TYPE_29" LABEL="GraphicZone-Part"/>
        <OtherTag ID="TYPE_30" LABEL="DigitizationArtefactZone"/>
        <OtherTag ID="TYPE_31" LABEL="MainZone-Entry"/>
        <OtherTag ID="TYPE_32" LABEL="TableZone-Head"/>
        <OtherTag ID="TYPE_33" LABEL="GraphicZone-TextualContent"/>
        <OtherTag ID="TYPE_34" LABEL="AdvertisementZone"/>
        <OtherTag ID="TYPE_35" LABEL="MainZone-List-Continued"/>
        <OtherTag ID="TYPE_36" LABEL="MainZone-Form"/>
        <OtherTag ID="TYPE_37" LABEL="MainZone-Head"/>
        <OtherTag ID="TYPE_38" LABEL="NumberingZone"/>
        <OtherTag ID="TYPE_39" LABEL="TitlePageZone-Index"/>
        <OtherTag ID="TYPE_40" LABEL="MainZone-Sp-Continued"/>
        <OtherTag ID="TYPE_41" LABEL="TableZone"/>
        <OtherTag ID="TYPE_42" LABEL="MainZone-Lg-Continued"/>
    </Tags>
    <Layout>
        <Page WIDTH="1000" HEIGHT="1448" PHYSICAL_IMG_NR="0" ID="page_0">
            <PrintSpace HPOS="0" VPOS="0" WIDTH="1000" HEIGHT="1448">
                <TextBlock ID="block_2" HPOS="240" VPOS="100" WIDTH="198" HEIGHT="35" TAGREFS="TYPE_20">
                    <Shape>
                        <Polygon POINTS="240.18869018554688 100.00308227539062 438.0984802246094 100.00308227539062 438.0984802246094 135.0275115966797 240.18869018554688 135.0275115966797 240.18869018554688 100.00308227539062"/>
                    </Shape>
                    <TextLine ID="line_0" HPOS="238" VPOS="112" WIDTH="206" HEIGHT="23" BASELINE="239 125 444 123" TAGREFS="TYPE_1">
                        <Shape>
                            <Polygon POINTS="343 112 335 112 327 112 319 112 311 112 303 112 295 112 287 112 279 112 271 112 263 112 255 112 246 112 242 112 238 114 239 125 239 131 340 135 341 135 373 130 378 129 384 129 431 134 432 134 432 134 444 128 444 123 442 114 345 112 343 112"/>
                        </Shape>
                        <String CONTENT=""/>
                    </TextLine>
</TextBlock>
                <TextBlock ID="block_8" HPOS="599" VPOS="102" WIDTH="53" HEIGHT="34" TAGREFS="TYPE_38">
                    <Shape>
                        <Polygon POINTS="599.8423461914062 102.44931030273438 652.9392700195312 102.44931030273438 652.9392700195312 136.50714111328125 599.8423461914062 136.50714111328125 599.8423461914062 102.44931030273438"/>
                    </Shape>
                    <TextLine ID="line_1" HPOS="601" VPOS="90" WIDTH="45" HEIGHT="49" BASELINE="602 125 646 127" TAGREFS="TYPE_1">
                        <Shape>
                            <Polygon POINTS="601 133 645 139 646 127 646 92 621 95 604 90 602 125 601 133"/>
                        </Shape>
                        <String CONTENT=""/>
                    </TextLine>
</TextBlock>
                <TextBlock ID="block_1" HPOS="71" VPOS="139" WIDTH="581" HEIGHT="196" TAGREFS="TYPE_10">
                    <Shape>
                        <Polygon POINTS="71.2756118774414 139.62265014648438 652.4224243164062 139.62265014648438 652.4224243164062 335.3114013671875 71.2756118774414 335.3114013671875 71.2756118774414 139.62265014648438"/>
                    </Shape>
                    <TextLine ID="line_2" HPOS="69" VPOS="127" WIDTH="582" HEIGHT="48" BASELINE="70 166 651 160" TAGREFS="TYPE_1">
                        <Shape>
                            <Polygon POINTS="70 166 70 175 429 175 429 174 430 174 438 170 439 170 443 170 483 174 484 174 485 174 499 169 502 169 508 169 555 173 555 173 625 168 637 172 638 172 639 172 640 172 651 168 651 160 650 134 617 134 608 127 607 127 606 127 605 127 559 132 523 127 522 127 477 131 450 127 449 127 448 127 448 127 439 135 423 131 422 131 421 131 420 131 402 135 400 135 399 135 385 129 384 129 383 129 382 129 358 135 357 136 263 136 262 136 252 129 251 129 251 129 236 129 235 129 159 130 158 130 135 137 134 137 132 137 82 132 82 132 81 132 69 136 70 166"/>
                        </Shape>
                        <String CONTENT=""/>
                    </TextLine>

                    <TextLine ID="line_3" HPOS="70" VPOS="165" WIDTH="581" HEIGHT="43" BASELINE="71 197 651 192" TAGREFS="TYPE_1">
                        <Shape>
                            <Polygon POINTS="71 197 71 208 130 204 225 206 252 207 253 207 259 206 282 202 306 205 312 206 313 206 325 205 358 202 651 202 651 192 650 171 636 165 635 165 634 165 633 165 624 170 558 165 557 165 484 170 473 171 470 170 459 166 458 166 457 166 456 166 456 166 456 167 452 170 450 172 430 170 385 167 384 167 383 167 371 170 365 172 352 170 332 168 331 168 330 168 323 170 316 172 309 170 304 168 304 168 303 168 288 170 263 173 247 170 242 169 242 169 234 170 207 173 182 170 171 168 170 168 169 168 164 170 150 174 70 170 71 197"/>
                        </Shape>
                        <String CONTENT=""/>
                    </TextLine>

                    <TextLine ID="line_4" HPOS="72" VPOS="197" WIDTH="578" HEIGHT="46" BASELINE="73 230 650 225" TAGREFS="TYPE_1">
                        <Shape>
                            <Polygon POINTS="73 230 73 238 123 243 123 243 208 242 226 238 238 237 260 238 291 242 292 242 307 238 320 236 325 238 329 241 329 241 330 241 331 241 332 241 338 238 347 235 430 235 464 235 473 238 476 240 477 240 477 240 493 238 537 234 546 238 547 239 548 239 549 239 563 238 629 235 649 238 650 225 648 197 621 202 609 197 608 197 607 197 606 197 582 204 568 200 567 200 567 200 566 200 555 205 510 200 502 199 501 199 500 199 497 200 490 202 488 200 486 198 485 198 485 198 484 198 386 199 386 199 378 203 372 205 369 203 365 199 364 199 363 199 325 199 325 199 324 199 313 204 307 208 206 208 204 207 200 204 199 204 198 204 197 204 197 204 185 207 182 208 181 207 168 202 168 202 167 202 166 202 149 208 148 209 145 208 130 202 129 202 100 201 99 201 98 201 98 201 88 209 72 209 73 230"/>
                        </Shape>
                        <String CONTENT=""/>
                    </TextLine>

                    <TextLine ID="line_5" HPOS="70" VPOS="230" WIDTH="579" HEIGHT="43" BASELINE="71 263 649 257" TAGREFS="TYPE_1">
                        <Shape>
                            <Polygon POINTS="71 263 71 273 222 269 251 271 271 272 272 272 273 272 279 271 288 268 347 269 421 271 422 271 423 271 429 267 432 267 449 267 490 270 491 270 508 267 512 266 522 266 575 269 576 269 649 263 649 257 647 236 621 230 620 230 619 230 618 230 612 236 611 236 610 236 581 231 580 231 548 237 545 237 543 237 526 231 526 231 525 231 524 231 505 237 501 238 491 237 439 232 438 232 437 232 436 232 436 233 431 238 429 238 424 238 400 233 399 233 399 233 389 238 387 238 374 238 296 234 296 234 295 234 294 234 287 238 285 240 274 238 241 234 240 234 239 234 238 234 233 239 231 241 189 241 181 239 160 235 159 235 158 235 141 240 134 242 130 240 122 236 121 236 120 236 70 240 71 263"/>
                        </Shape>
                        <String CONTENT=""/>
                    </TextLine>

                    <TextLine ID="line_6" HPOS="72" VPOS="263" WIDTH="577" HEIGHT="46" BASELINE="73 294 649 290" TAGREFS="TYPE_1">
                        <Shape>
                            <Polygon POINTS="490 270 482 270 474 270 466 270 460 270 458 271 456 270 450 270 442 270 434 270 426 270 418 270 413 270 409 271 408 272 373 272 352 272 349 270 345 270 337 270 329 270 321 270 313 270 305 270 297 270 289 270 281 270 273 270 265 270 257 270 249 270 241 270 238 270 233 272 226 270 225 270 217 270 209 270 201 270 193 270 185 270 176 270 168 270 165 270 155 272 144 270 136 270 128 270 120 270 119 270 115 273 107 270 104 270 96 270 94 270 72 274 73 294 73 309 97 309 97 308 98 308 98 308 98 308 105 303 156 308 161 308 162 308 165 308 200 302 213 308 214 308 215 308 255 308 255 308 255 308 256 308 271 302 292 308 293 308 294 308 295 308 308 307 418 300 452 306 454 306 455 306 456 306 495 300 515 305 516 305 517 306 533 306 575 306 575 305 576 305 576 305 584 300 600 300 607 305 608 305 609 305 609 305 649 304 649 290 648 270 625 263 625 263 624 263 589 268 556 263 555 263 555 263 533 271 531 271 497 271 496 271 493 270 490 270"/>
                        </Shape>
                        <String CONTENT=""/>
                    </TextLine>

                    <TextLine ID="line_7" HPOS="74" VPOS="298" WIDTH="228" HEIGHT="46" BASELINE="74 329 302 324" TAGREFS="TYPE_1">
                        <Shape>
                            <Polygon POINTS="74 329 74 344 119 334 139 339 140 339 141 339 172 333 187 341 188 341 189 341 189 341 204 334 238 341 245 341 246 341 246 341 247 341 249 340 258 333 276 339 278 340 279 340 279 340 301 338 302 324 300 306 256 300 255 300 255 300 254 300 246 305 245 307 220 307 218 304 212 299 212 298 211 298 210 298 176 298 175 298 174 298 173 298 166 304 163 307 153 304 135 299 134 299 133 299 102 300 101 300 100 300 95 304 91 306 74 304 74 329"/>
                        </Shape>
                        <String CONTENT=""/>
                    </TextLine>
</TextBlock>
                <TextBlock ID="block_4" HPOS="72" VPOS="335" WIDTH="580" HEIGHT="226" TAGREFS="TYPE_24">
                    <Shape>
                        <Polygon POINTS="72.42610168457031 335.6838073730469 652.4154052734375 335.6838073730469 652.4154052734375 561.4722900390625 72.42610168457031 561.4722900390625 72.42610168457031 335.6838073730469"/>
                    </Shape>
                    <TextLine ID="line_8" HPOS="103" VPOS="325" WIDTH="546" HEIGHT="46" BASELINE="104 358 649 353" TAGREFS="TYPE_1">
                        <Shape>
                            <Polygon POINTS="104 358 104 366 181 371 181 371 182 371 202 366 203 366 216 370 217 370 218 370 254 366 278 370 279 370 279 370 280 370 287 365 294 370 295 370 296 370 296 370 320 370 320 370 320 370 321 370 326 365 337 370 338 370 339 370 375 370 375 370 376 370 385 365 386 364 402 365 455 368 456 368 456 368 464 365 467 363 473 364 492 368 493 368 493 368 494 368 498 364 500 363 539 363 539 364 544 368 545 368 546 368 547 368 547 368 555 364 558 362 564 364 578 367 579 367 580 367 649 363 649 353 648 331 634 325 633 325 633 325 603 331 596 332 590 331 558 325 557 325 484 326 483 326 472 331 466 333 461 331 453 327 452 327 452 327 408 331 375 334 351 331 341 330 341 330 340 330 336 331 325 335 218 335 208 331 200 329 199 329 198 329 197 329 197 329 193 331 189 336 176 331 169 329 168 329 168 329 167 329 162 331 158 333 153 331 149 329 148 329 148 329 147 329 139 331 127 334 103 332 104 358"/>
                        </Shape>
                        <String CONTENT=""/>
                    </TextLine>

                    <TextLine ID="line_9" HPOS="69" VPOS="360" WIDTH="579" HEIGHT="45" BASELINE="69 391 648 386" TAGREFS="TYPE_1">
                        <Shape>
                            <Polygon POINTS="69 391 69 400 77 404 78 404 78 404 106 400 109 400 115 405 116 405 117 405 118 405 173 400 189 399 192 400 197 404 198 404 199 404 200 405 254 405 254 404 255 404 255 404 260 401 263 399 309 399 332 401 357 403 358 403 358 403 364 401 370 398 403 398 411 401 415 403 416 403 417 403 455 403 455 403 493 401 600 396 606 401 607 401 608 401 609 401 609 401 610 401 616 397 646 401 648 386 646 366 592 360 591 360 549 366 534 368 489 368 483 366 469 361 468 361 467 361 466 361 465 361 460 366 456 368 438 369 407 369 399 365 390 362 389 362 388 362 370 365 349 370 305 370 291 365 283 362 283 362 282 362 281 362 275 365 259 370 222 364 212 363 211 363 204 364 172 370 151 364 150 364 149 364 69 364 69 391"/>
                        </Shape>
                        <String CONTENT=""/>
                    </TextLine>

                    <TextLine ID="line_10" HPOS="69" VPOS="393" WIDTH="580" HEIGHT="42" BASELINE="70 424 649 418" TAGREFS="TYPE_1">
                        <Shape>
                            <Polygon POINTS="70 424 70 435 648 426 649 418 647 399 545 393 544 393 543 393 543 393 535 399 452 396 452 396 423 400 415 394 414 394 413 394 412 394 411 394 399 400 379 397 378 397 335 401 325 395 324 395 287 395 286 395 252 400 217 398 216 398 215 398 214 398 208 403 185 403 177 397 176 397 176 397 175 397 133 402 127 398 127 398 126 398 91 398 90 398 90 398 69 404 70 424"/>
                        </Shape>
                        <String CONTENT=""/>
                    </TextLine>

                    <TextLine ID="line_11" HPOS="69" VPOS="434" WIDTH="581" HEIGHT="36" BASELINE="70 456 650 451" TAGREFS="TYPE_1">
                        <Shape>
                            <Polygon POINTS="520 450 512 450 504 450 496 450 488 450 480 450 472 450 464 452 456 452 448 452 440 452 432 452 423 452 415 452 407 452 399 452 391 452 383 452 375 452 367 452 359 452 351 452 343 452 335 452 327 452 319 452 311 452 303 452 295 452 287 452 279 452 271 452 263 452 255 452 246 452 238 452 230 452 222 452 214 452 206 452 198 452 190 452 182 452 174 452 166 452 158 452 150 452 142 452 134 452 126 452 118 452 110 452 102 452 94 452 86 452 78 452 69 452 70 456 70 466 122 466 123 466 131 470 131 470 132 470 133 470 134 470 138 466 139 465 152 466 178 469 179 469 202 466 218 464 224 466 231 469 232 469 233 469 234 469 234 469 238 466 242 464 267 464 319 466 358 468 359 468 372 466 392 463 400 466 403 468 404 468 405 468 406 468 407 468 407 466 412 463 461 466 473 467 473 467 474 467 476 466 488 462 525 466 532 467 533 467 534 467 536 466 553 461 587 466 588 466 588 467 620 467 620 466 621 466 632 461 648 466 650 451 647 434 529 435 528 435 524 436 523 436 520 450"/>
                        </Shape>
                        <String CONTENT=""/>
                    </TextLine>

                    <TextLine ID="line_12" HPOS="69" VPOS="457" WIDTH="580" HEIGHT="43" BASELINE="69 488 649 483" TAGREFS="TYPE_1">
                        <Shape>
                            <Polygon POINTS="69 488 69 500 418 500 418 499 419 499 419 499 424 496 427 493 455 493 477 495 522 498 522 498 546 494 556 493 571 494 606 497 607 497 608 497 609 497 613 493 615 493 648 493 649 483 647 462 625 457 624 457 623 457 622 457 617 462 615 464 575 464 572 462 553 457 552 457 551 457 551 457 550 457 550 458 544 462 543 464 510 463 410 459 409 459 408 459 400 464 398 464 389 464 366 460 366 460 365 460 355 464 350 465 335 464 309 461 308 461 308 461 307 461 303 464 301 465 292 464 263 460 262 460 234 464 229 465 222 464 188 460 187 460 69 465 69 488"/>
                        </Shape>
                        <String CONTENT=""/>
                    </TextLine>

                    <TextLine ID="line_13" HPOS="69" VPOS="489" WIDTH="579" HEIGHT="48" BASELINE="69 521 648 515" TAGREFS="TYPE_1">
                        <Shape>
                            <Polygon POINTS="69 521 69 530 106 530 126 537 127 537 127 537 162 530 190 536 191 536 246 530 252 534 253 534 254 534 255 534 297 531 315 535 316 535 316 535 399 527 399 527 400 527 424 534 425 534 426 534 497 526 497 526 561 533 562 533 592 526 609 532 609 532 610 533 637 533 637 532 638 532 639 532 648 526 648 515 646 495 583 495 570 489 569 489 568 489 567 489 567 489 567 490 562 495 561 495 539 495 423 491 422 491 375 495 347 497 340 495 330 492 329 492 329 492 328 492 317 495 307 497 270 495 242 493 242 493 241 493 235 495 226 498 222 495 220 493 219 493 218 493 159 493 158 493 148 495 116 499 111 495 110 495 109 495 69 495 69 521"/>
                        </Shape>
                        <String CONTENT=""/>
                    </TextLine>

                    <TextLine ID="line_14" HPOS="69" VPOS="527" WIDTH="137" HEIGHT="39" BASELINE="70 554 206 552" TAGREFS="TYPE_1">
                        <Shape>
                            <Polygon POINTS="70 554 70 566 164 561 170 561 201 565 202 565 203 565 204 565 204 564 205 564 206 562 206 552 205 530 69 527 70 554"/>
                        </Shape>
                        <String CONTENT=""/>
                    </TextLine>
</TextBlock>
                <TextBlock ID="block_5" HPOS="71" VPOS="561" WIDTH="582" HEIGHT="202" TAGREFS="TYPE_24">
                    <Shape>
                        <Polygon POINTS="71.84174346923828 561.8390502929688 653.9555053710938 561.8390502929688 653.9555053710938 763.02392578125 71.84174346923828 763.02392578125 71.84174346923828 561.8390502929688"/>
                    </Shape>
                    <TextLine ID="line_15" HPOS="100" VPOS="551" WIDTH="550" HEIGHT="45" BASELINE="101 584 650 580" TAGREFS="TYPE_1">
                        <Shape>
                            <Polygon POINTS="101 584 101 592 195 596 196 596 197 596 197 596 202 592 230 596 230 596 231 596 242 592 244 592 246 592 271 596 272 596 297 592 298 592 299 592 311 596 312 596 312 596 343 591 347 591 357 591 428 596 429 596 430 596 431 596 436 591 437 590 440 591 451 594 452 594 452 595 452 594 453 594 465 590 467 590 468 590 473 595 474 595 475 595 476 595 537 590 549 589 552 590 567 594 567 594 568 595 568 594 569 594 584 589 586 589 588 589 598 594 599 594 600 595 641 595 641 594 641 594 642 594 650 589 650 580 648 559 547 551 546 551 545 551 544 551 544 552 537 559 537 559 501 559 501 559 484 552 483 552 482 552 433 559 429 559 427 559 412 553 411 553 350 553 349 553 349 553 348 553 339 559 338 560 319 560 312 559 264 554 263 554 263 554 245 560 243 561 164 561 158 560 131 556 131 556 100 560 101 584"/>
                        </Shape>
                        <String CONTENT=""/>
                    </TextLine>

                    <TextLine ID="line_16" HPOS="69" VPOS="585" WIDTH="581" HEIGHT="41" BASELINE="70 617 650 612" TAGREFS="TYPE_1">
                        <Shape>
                            <Polygon POINTS="70 617 70 626 649 626 650 612 649 592 629 585 628 585 627 585 626 585 625 585 625 586 619 592 618 592 549 592 543 591 510 585 510 585 465 591 455 592 452 591 444 586 444 586 443 586 442 586 434 591 429 593 400 593 397 590 391 586 390 586 390 586 389 586 334 587 333 587 333 587 329 590 326 592 308 590 275 587 275 587 274 587 273 587 268 590 261 594 251 590 246 588 246 588 207 588 206 588 205 588 205 588 203 589 198 593 193 589 192 589 191 589 190 589 189 589 189 589 182 594 153 589 147 588 146 588 145 588 142 589 123 595 69 589 70 617"/>
                        </Shape>
                        <String CONTENT=""/>
                    </TextLine>

                    <TextLine ID="line_17" HPOS="69" VPOS="621" WIDTH="578" HEIGHT="41" BASELINE="70 649 647 644" TAGREFS="TYPE_1">
                        <Shape>
                            <Polygon POINTS="520 629 512 629 504 629 496 629 488 629 480 629 472 629 464 629 456 629 448 629 440 629 432 629 423 629 415 629 407 629 399 629 391 629 383 629 375 629 367 629 359 629 351 629 343 629 335 629 327 629 319 629 313 629 311 629 303 629 295 629 287 629 279 629 271 629 263 629 255 629 255 629 246 629 238 629 230 629 230 629 229 630 225 629 222 629 214 629 206 629 198 629 190 629 182 629 176 629 172 630 171 629 166 629 158 629 150 629 142 629 134 629 126 629 118 629 110 629 102 629 94 629 86 629 78 629 69 629 70 649 70 658 292 662 292 662 293 662 304 657 316 661 316 661 317 661 318 661 329 656 329 656 336 661 337 661 337 661 338 661 369 656 370 656 371 656 399 661 399 661 400 661 414 655 415 655 417 655 440 660 440 660 441 660 459 655 460 655 460 655 501 659 502 659 523 654 525 654 526 654 555 659 555 659 646 653 647 644 646 627 630 627 630 626 623 621 622 621 621 621 621 621 597 625 567 621 566 621 565 621 564 621 555 626 553 628 536 628 535 626 530 622 530 622 529 622 528 622 523 622 520 629"/>
                        </Shape>
                        <String CONTENT=""/>
                    </TextLine>

                    <TextLine ID="line_18" HPOS="71" VPOS="650" WIDTH="575" HEIGHT="45" BASELINE="72 681 646 677" TAGREFS="TYPE_1">
                        <Shape>
                            <Polygon POINTS="72 681 72 692 149 691 163 692 177 695 178 695 179 695 185 692 192 690 208 692 218 694 219 694 220 694 225 692 234 690 260 692 277 694 278 694 279 694 279 694 281 692 285 690 314 692 326 693 327 693 337 692 367 689 371 692 372 693 373 693 374 693 374 694 414 694 414 693 419 692 437 688 501 692 510 692 510 692 517 692 570 687 645 691 646 677 645 656 609 650 609 650 608 650 597 655 452 651 452 651 417 657 415 657 408 657 301 652 300 652 300 652 290 658 288 658 234 658 234 658 220 653 219 653 218 653 180 658 175 658 169 658 123 654 78 654 77 654 76 654 75 654 71 656 72 681"/>
                        </Shape>
                        <String CONTENT=""/>
                    </TextLine>

                    <TextLine ID="line_19" HPOS="72" VPOS="684" WIDTH="574" HEIGHT="44" BASELINE="73 713 646 711" TAGREFS="TYPE_1">
                        <Shape>
                            <Polygon POINTS="73 713 73 722 185 722 189 724 197 726 197 726 198 726 199 726 208 724 213 722 219 724 228 726 229 726 230 726 230 726 238 724 245 722 251 724 265 728 266 728 267 728 284 724 291 723 306 724 343 728 344 728 359 724 370 722 383 724 391 726 392 726 403 724 424 722 458 725 479 727 480 727 481 727 485 725 493 722 532 726 547 727 548 727 555 726 579 721 591 726 593 727 594 727 595 727 645 726 646 711 644 690 601 690 600 689 591 684 590 684 589 684 547 689 543 689 539 689 506 684 441 684 440 684 422 688 416 689 406 688 371 684 370 684 370 684 362 688 357 690 72 686 73 713"/>
                        </Shape>
                        <String CONTENT=""/>
                    </TextLine>

                    <TextLine ID="line_20" HPOS="71" VPOS="715" WIDTH="254" HEIGHT="52" BASELINE="72 746 325 744" TAGREFS="TYPE_1">
                        <Shape>
                            <Polygon POINTS="72 746 72 767 108 767 109 767 110 767 127 755 155 754 174 764 175 764 176 764 176 764 177 764 186 757 238 755 249 764 251 765 251 765 252 765 253 766 266 766 266 765 267 765 267 765 271 763 282 754 290 760 291 760 292 760 292 760 293 760 304 756 322 761 325 744 323 722 298 722 290 716 289 716 288 716 288 716 257 721 247 716 246 716 246 716 245 716 229 722 228 722 227 722 213 716 212 716 211 716 210 716 189 722 188 722 183 717 182 717 181 717 156 715 155 715 154 715 153 715 146 720 112 716 111 716 71 722 72 746"/>
                        </Shape>
                        <String CONTENT=""/>
                    </TextLine>
</TextBlock>
                <TextBlock ID="block_7" HPOS="73" VPOS="782" WIDTH="578" HEIGHT="156" TAGREFS="TYPE_37">
                    <Shape>
                        <Polygon POINTS="73.60199737548828 782.2828369140625 651.5195922851562 782.2828369140625 651.5195922851562 938.130615234375 73.60199737548828 938.130615234375 73.60199737548828 782.2828369140625"/>
                    </Shape>
                    <TextLine ID="line_21" HPOS="110" VPOS="777" WIDTH="535" HEIGHT="52" BASELINE="111 814 645 812" TAGREFS="TYPE_1">
                        <Shape>
                            <Polygon POINTS="111 814 111 822 125 826 126 826 127 826 127 826 128 826 134 822 136 821 221 821 225 823 228 826 229 826 230 826 230 826 231 826 241 823 243 822 244 823 251 828 252 828 253 828 254 829 286 829 286 828 287 828 288 828 293 823 296 822 297 823 302 827 303 827 304 827 304 827 305 827 312 824 314 823 320 824 349 827 349 827 370 824 395 820 402 825 404 826 405 826 406 826 423 827 423 827 440 825 477 819 517 826 524 826 525 826 526 826 528 826 543 819 572 826 576 826 576 827 603 827 603 826 604 826 604 826 615 820 643 826 645 812 643 777 618 777 617 777 617 777 616 777 602 786 523 786 509 780 508 780 507 780 473 785 459 780 458 780 457 780 456 780 432 787 401 787 391 779 390 778 390 778 389 778 349 778 348 778 347 778 346 778 345 780 340 783 331 780 326 778 325 778 325 778 295 780 264 782 256 781 250 779 249 779 248 779 247 779 246 779 245 781 238 786 229 781 226 779 225 779 224 779 223 779 220 781 210 786 185 787 110 782 111 814"/>
                        </Shape>
                        <String CONTENT=""/>
                    </TextLine>

                    <TextLine ID="line_22" HPOS="71" VPOS="820" WIDTH="576" HEIGHT="48" BASELINE="72 853 647 851" TAGREFS="TYPE_1">
                        <Shape>
                            <Polygon POINTS="72 853 72 867 118 860 141 860 152 867 152 867 153 867 154 867 155 867 156 867 160 866 179 860 197 866 205 867 205 867 206 868 259 868 259 867 289 864 301 863 308 863 321 866 322 866 323 866 332 863 344 859 367 863 371 863 372 863 393 862 471 859 509 859 511 860 519 866 520 866 521 866 522 866 555 859 572 866 573 866 574 867 606 867 606 866 607 866 608 866 621 858 647 857 647 851 644 824 637 826 633 824 629 821 628 821 627 821 626 821 625 821 617 824 609 827 600 824 587 820 586 820 585 820 555 824 551 820 550 820 549 820 456 820 455 820 395 826 393 826 391 826 362 821 362 821 361 821 360 821 351 827 349 828 338 827 312 825 311 825 213 829 197 829 196 829 183 822 182 822 181 822 181 822 169 828 148 822 148 822 147 822 71 830 72 853"/>
                        </Shape>
                        <String CONTENT=""/>
                    </TextLine>

                    <TextLine ID="line_23" HPOS="69" VPOS="858" WIDTH="577" HEIGHT="53" BASELINE="70 891 646 887" TAGREFS="TYPE_1">
                        <Shape>
                            <Polygon POINTS="70 891 70 904 120 904 127 908 127 908 128 908 129 908 130 908 144 904 176 911 176 911 177 911 195 903 209 908 209 908 210 908 211 908 223 903 259 903 281 910 282 910 283 910 283 910 300 902 300 902 304 902 353 909 353 910 410 910 410 909 646 900 646 887 644 866 591 866 590 866 568 858 567 858 539 858 539 858 538 858 537 858 528 863 521 859 520 859 519 859 462 859 461 859 422 867 387 859 386 859 386 859 366 867 365 868 326 868 326 867 308 860 307 860 306 860 305 860 290 868 289 869 256 869 255 868 249 863 249 862 248 862 247 862 246 862 216 868 202 860 201 860 201 860 200 860 165 861 164 861 153 867 101 861 100 861 99 861 69 869 70 891"/>
                        </Shape>
                        <String CONTENT=""/>
                    </TextLine>

                    <TextLine ID="line_24" HPOS="70" VPOS="902" WIDTH="193" HEIGHT="42" BASELINE="71 929 263 927" TAGREFS="TYPE_1">
                        <Shape>
                            <Polygon POINTS="71 929 71 944 262 938 263 927 261 907 181 902 181 902 180 902 164 906 156 902 155 902 154 902 153 902 152 902 146 907 83 903 82 903 82 903 70 907 71 929"/>
                        </Shape>
                        <String CONTENT=""/>
                    </TextLine>
</TextBlock>
                <TextBlock ID="block_3" HPOS="71" VPOS="949" WIDTH="579" HEIGHT="262" TAGREFS="TYPE_24">
                    <Shape>
                        <Polygon POINTS="71.33162689208984 949.6670532226562 650.4942626953125 949.6670532226562 650.4942626953125 1211.3636474609375 71.33162689208984 1211.3636474609375 71.33162689208984 949.6670532226562"/>
                    </Shape>
                    <TextLine ID="line_25" HPOS="98" VPOS="941" WIDTH="547" HEIGHT="40" BASELINE="99 970 645 969" TAGREFS="TYPE_1">
                        <Shape>
                            <Polygon POINTS="99 970 99 979 643 981 645 969 644 950 625 944 624 944 623 944 622 944 621 944 615 949 594 949 552 949 550 948 543 943 542 943 541 943 540 943 539 943 529 948 526 949 526 948 517 941 516 941 515 941 499 941 498 941 497 941 497 941 489 947 487 950 437 950 432 946 427 943 427 943 426 943 425 943 393 946 353 950 328 945 325 945 324 945 319 945 272 950 262 944 257 942 256 942 255 942 204 943 144 946 98 942 99 970"/>
                        </Shape>
                        <String CONTENT=""/>
                    </TextLine>

                    <TextLine ID="line_26" HPOS="69" VPOS="974" WIDTH="577" HEIGHT="40" BASELINE="69 1004 646 1001" TAGREFS="TYPE_1">
                        <Shape>
                            <Polygon POINTS="69 1004 69 1014 646 1012 646 1001 644 976 530 979 513 976 502 974 501 974 485 976 457 980 449 976 445 974 444 974 444 974 443 974 436 976 423 980 398 976 382 974 381 974 367 976 345 980 329 976 323 974 322 974 321 974 320 974 320 974 317 976 310 981 291 976 290 976 289 976 288 976 288 976 287 976 283 979 279 976 278 974 277 974 276 974 275 974 275 974 268 976 251 982 210 982 203 976 202 975 201 975 201 975 200 975 143 976 142 976 141 976 135 981 116 976 110 975 109 975 69 976 69 1004"/>
                        </Shape>
                        <String CONTENT=""/>
                    </TextLine>

                    <TextLine ID="line_27" HPOS="69" VPOS="1007" WIDTH="577" HEIGHT="40" BASELINE="70 1036 646 1033" TAGREFS="TYPE_1">
                        <Shape>
                            <Polygon POINTS="70 1036 70 1044 431 1047 432 1047 646 1041 646 1033 644 1007 604 1012 598 1007 597 1007 596 1007 578 1007 577 1007 576 1007 559 1013 551 1007 550 1007 549 1007 527 1007 526 1007 526 1007 525 1007 511 1015 454 1009 453 1009 452 1009 430 1016 366 1016 338 1008 337 1008 337 1008 336 1008 335 1008 334 1008 320 1016 301 1011 300 1011 260 1017 239 1017 222 1009 221 1009 220 1009 219 1009 218 1009 207 1016 197 1011 197 1011 196 1011 178 1014 172 1009 172 1009 171 1009 170 1009 169 1009 168 1009 152 1015 128 1009 126 1009 125 1009 69 1009 70 1036"/>
                        </Shape>
                        <String CONTENT=""/>
                    </TextLine>

                    <TextLine ID="line_28" HPOS="69" VPOS="1040" WIDTH="576" HEIGHT="40" BASELINE="70 1069 645 1065" TAGREFS="TYPE_1">
                        <Shape>
                            <Polygon POINTS="70 1069 70 1080 644 1076 645 1065 643 1046 618 1046 611 1040 610 1040 609 1040 609 1040 608 1040 607 1040 599 1046 529 1046 513 1040 512 1040 511 1040 488 1046 485 1046 481 1046 439 1040 438 1040 414 1046 409 1047 404 1046 383 1041 382 1041 382 1041 366 1046 364 1047 362 1046 352 1041 351 1041 350 1041 349 1041 337 1046 335 1047 326 1046 289 1042 288 1042 288 1042 274 1046 268 1048 262 1046 246 1042 245 1042 244 1042 223 1046 222 1046 222 1046 192 1042 191 1042 190 1042 176 1046 168 1048 150 1046 134 1044 133 1044 132 1044 127 1046 124 1048 123 1046 119 1043 119 1043 118 1043 117 1043 69 1046 70 1069"/>
                        </Shape>
                        <String CONTENT=""/>
                    </TextLine>

                    <TextLine ID="line_29" HPOS="70" VPOS="1073" WIDTH="576" HEIGHT="41" BASELINE="71 1101 646 1098" TAGREFS="TYPE_1">
                        <Shape>
                            <Polygon POINTS="71 1101 72 1114 85 1110 123 1114 123 1114 156 1110 165 1114 166 1114 167 1114 168 1114 168 1114 171 1114 185 1110 207 1114 213 1114 214 1114 215 1114 218 1114 228 1109 268 1114 274 1114 275 1114 278 1114 297 1109 345 1113 358 1114 358 1114 359 1114 361 1113 369 1108 377 1113 378 1113 378 1113 379 1113 380 1113 381 1113 389 1108 423 1112 430 1113 431 1113 438 1112 469 1108 493 1112 502 1113 502 1113 503 1113 506 1112 518 1107 645 1110 646 1098 645 1078 590 1073 589 1073 588 1073 588 1073 581 1078 580 1079 563 1079 560 1078 541 1073 540 1073 539 1073 539 1073 528 1078 527 1078 523 1078 493 1073 493 1073 492 1073 481 1078 478 1079 432 1078 362 1076 362 1076 328 1078 294 1080 283 1078 267 1074 266 1074 265 1074 253 1078 245 1080 223 1078 194 1075 152 1075 152 1075 151 1075 150 1075 147 1078 143 1081 131 1078 117 1075 116 1075 70 1077 71 1101"/>
                        </Shape>
                        <String CONTENT=""/>
                    </TextLine>

                    <TextLine ID="line_30" HPOS="69" VPOS="1105" WIDTH="578" HEIGHT="41" BASELINE="69 1131 647 1130" TAGREFS="TYPE_1">
                        <Shape>
                            <Polygon POINTS="69 1131 69 1146 97 1140 117 1140 124 1146 125 1146 126 1146 127 1146 133 1145 174 1140 191 1145 196 1146 197 1146 197 1146 205 1144 223 1140 238 1144 245 1146 246 1146 246 1146 276 1143 309 1141 323 1143 341 1146 341 1146 342 1146 352 1143 362 1139 380 1143 399 1145 399 1145 427 1142 436 1141 442 1142 469 1145 469 1145 470 1145 478 1141 481 1139 502 1141 537 1143 538 1143 580 1140 590 1145 591 1145 592 1145 592 1145 593 1145 600 1139 601 1139 647 1139 647 1130 646 1110 622 1105 621 1105 600 1109 588 1111 581 1109 569 1105 568 1105 567 1105 567 1105 559 1109 554 1112 477 1112 466 1108 454 1105 453 1105 415 1105 415 1105 414 1105 413 1105 413 1106 410 1108 406 1112 349 1112 333 1107 327 1106 326 1106 325 1106 323 1107 315 1111 299 1107 291 1106 290 1106 289 1106 288 1106 287 1107 279 1113 257 1113 235 1107 229 1106 228 1106 227 1106 224 1107 212 1112 197 1106 193 1106 192 1106 191 1106 190 1106 189 1106 189 1106 183 1111 148 1112 122 1106 117 1106 116 1106 69 1106 69 1131"/>
                        </Shape>
                        <String CONTENT=""/>
                    </TextLine>

                    <TextLine ID="line_31" HPOS="70" VPOS="1137" WIDTH="575" HEIGHT="44" BASELINE="71 1165 645 1163" TAGREFS="TYPE_1">
                        <Shape>
                            <Polygon POINTS="71 1165 71 1177 112 1181 113 1181 114 1181 130 1177 140 1175 209 1175 213 1176 218 1181 219 1181 220 1181 221 1181 264 1176 267 1176 269 1176 334 1180 335 1180 336 1180 348 1176 353 1174 358 1176 371 1180 372 1180 373 1180 374 1180 385 1176 423 1180 424 1180 425 1180 446 1175 453 1173 459 1175 473 1180 474 1180 475 1180 476 1180 488 1175 489 1174 490 1175 497 1180 497 1180 498 1180 499 1180 500 1180 515 1176 547 1180 548 1180 549 1180 563 1174 566 1173 567 1174 574 1180 575 1180 576 1180 576 1180 596 1180 596 1180 596 1180 610 1174 613 1173 643 1173 645 1163 643 1143 599 1137 598 1137 573 1143 570 1143 567 1143 542 1137 541 1137 540 1137 539 1137 539 1138 534 1143 533 1143 490 1143 489 1143 476 1137 475 1137 474 1137 449 1143 442 1144 407 1144 404 1143 394 1138 393 1138 392 1138 353 1143 339 1143 308 1143 262 1140 261 1140 260 1140 256 1143 252 1144 248 1143 241 1139 240 1139 239 1139 238 1139 230 1143 226 1145 195 1145 190 1143 182 1139 181 1139 181 1139 70 1142 71 1165"/>
                        </Shape>
                        <String CONTENT=""/>
                    </TextLine>

                    <TextLine ID="line_32" HPOS="74" VPOS="1176" WIDTH="382" HEIGHT="53" BASELINE="74 1197 456 1197" TAGREFS="TYPE_1">
                        <Shape>
                            <Polygon POINTS="74 1197 74 1229 124 1229 124 1228 125 1228 126 1228 127 1227 149 1213 169 1226 172 1228 172 1228 173 1228 174 1228 175 1228 181 1226 212 1215 222 1219 223 1219 224 1219 246 1217 254 1222 255 1222 255 1222 256 1222 257 1222 270 1216 281 1224 282 1224 283 1224 283 1224 284 1224 285 1224 302 1213 332 1215 344 1222 344 1223 345 1223 345 1223 346 1223 347 1223 348 1223 349 1222 360 1213 388 1219 389 1219 390 1219 401 1213 424 1213 456 1220 456 1197 455 1176 74 1176 74 1197"/>
                        </Shape>
                        <String CONTENT=""/>
                    </TextLine>
</TextBlock>
                <TextBlock ID="block_6" HPOS="477" VPOS="1204" WIDTH="64" HEIGHT="38" TAGREFS="TYPE_26">
                    <Shape>
                        <Polygon POINTS="477.2744445800781 1204.7501220703125 541.3997802734375 1204.7501220703125 541.3997802734375 1242.61865234375 477.2744445800781 1242.61865234375 477.2744445800781 1204.7501220703125"/>
                    </Shape>
                    <TextLine ID="line_33" HPOS="477" VPOS="1197" WIDTH="65" HEIGHT="54" BASELINE="477 1231 542 1231" TAGREFS="TYPE_1">
                        <Shape>
                            <Polygon POINTS="477 1231 477 1247 514 1245 518 1250 519 1250 519 1250 520 1250 521 1250 522 1251 542 1251 542 1231 542 1201 477 1197 477 1231"/>
                        </Shape>
                        <String CONTENT=""/>
                    </TextLine>
</TextBlock>
            </PrintSpace>
        </Page>
    </Layout>
</alto>