<?xml version="1.0" encoding="UTF-8"?>
<alto xmlns:xsi="http://www.w3.org/2001/XMLSchema-instance"
    xmlns="http://www.loc.gov/standards/alto/ns-v4#"
    xsi:schemaLocation="http://www.loc.gov/standards/alto/ns-v4# http://www.loc.gov/standards/alto/v4/alto-4-3.xsd">
    <Description>
        <MeasurementUnit>pixel</MeasurementUnit>
        <sourceImageInformation>
            <fileName>2013073.jpeg</fileName>
        </sourceImageInformation>
        <Processing ID="OCR_0">
            <processingCategory>other</processingCategory>
            <processingStepDescription>unknown</processingStepDescription>
            <processingSoftware>
                <softwareName>kraken</softwareName>
                <softwareVersion>4.3.13</softwareVersion>
            </processingSoftware>
        </Processing>
    </Description>
    <Tags>
        <OtherTag ID="TYPE_1" LABEL="DefaultLine"/>
        <OtherTag ID="TYPE_2" LABEL="MarginTextZone-ManuscriptAddendum"/>
        <OtherTag ID="TYPE_3" LABEL="TitlePageZone"/>
        <OtherTag ID="TYPE_4" LABEL="StampZone-Sticker"/>
        <OtherTag ID="TYPE_5" LABEL="StampZone"/>
        <OtherTag ID="TYPE_6" LABEL="MainZone-Entry-Continued"/>
        <OtherTag ID="TYPE_7" LABEL="GraphicZone-Maths"/>
        <OtherTag ID="TYPE_8" LABEL="FigureZone"/>
        <OtherTag ID="TYPE_9" LABEL="MainZone-Signature"/>
        <OtherTag ID="TYPE_10" LABEL="MainZone-P-Continued"/>
        <OtherTag ID="TYPE_11" LABEL="GraphicZone-Decoration"/>
        <OtherTag ID="TYPE_12" LABEL="MainZone-Date"/>
        <OtherTag ID="TYPE_13" LABEL="MainZone-Other"/>
        <OtherTag ID="TYPE_14" LABEL="TableZone-Continued"/>
        <OtherTag ID="TYPE_15" LABEL="MarginTextZone-Notes-Continued"/>
        <OtherTag ID="TYPE_16" LABEL="FigureZone-FigDesc"/>
        <OtherTag ID="TYPE_17" LABEL="MarginTextZone-Notes"/>
        <OtherTag ID="TYPE_18" LABEL="DropCapitalZone"/>
        <OtherTag ID="TYPE_19" LABEL="GraphicZone"/>
        <OtherTag ID="TYPE_20" LABEL="RunningTitleZone"/>
        <OtherTag ID="TYPE_21" LABEL="GraphicZone-FigDesc"/>
        <OtherTag ID="TYPE_22" LABEL="MainZone-Lg"/>
        <OtherTag ID="TYPE_23" LABEL="FigureZone-Head"/>
        <OtherTag ID="TYPE_24" LABEL="MainZone-P"/>
        <OtherTag ID="TYPE_25" LABEL="GraphicZone-Head"/>
        <OtherTag ID="TYPE_26" LABEL="QuireMarksZone"/>
        <OtherTag ID="TYPE_27" LABEL="MainZone-Sp"/>
        <OtherTag ID="TYPE_28" LABEL="MainZone-List"/>
        <OtherTag ID="TYPE_29" LABEL="GraphicZone-Part"/>
        <OtherTag ID="TYPE_30" LABEL="DigitizationArtefactZone"/>
        <OtherTag ID="TYPE_31" LABEL="MainZone-Entry"/>
        <OtherTag ID="TYPE_32" LABEL="TableZone-Head"/>
        <OtherTag ID="TYPE_33" LABEL="GraphicZone-TextualContent"/>
        <OtherTag ID="TYPE_34" LABEL="AdvertisementZone"/>
        <OtherTag ID="TYPE_35" LABEL="MainZone-List-Continued"/>
        <OtherTag ID="TYPE_36" LABEL="MainZone-Form"/>
        <OtherTag ID="TYPE_37" LABEL="MainZone-Head"/>
        <OtherTag ID="TYPE_38" LABEL="NumberingZone"/>
        <OtherTag ID="TYPE_39" LABEL="TitlePageZone-Index"/>
        <OtherTag ID="TYPE_40" LABEL="MainZone-Sp-Continued"/>
        <OtherTag ID="TYPE_41" LABEL="TableZone"/>
        <OtherTag ID="TYPE_42" LABEL="MainZone-Lg-Continued"/>
    </Tags>
    <Layout>
        <Page WIDTH="1000" HEIGHT="1448" PHYSICAL_IMG_NR="0" ID="page_0">
            <PrintSpace HPOS="0" VPOS="0" WIDTH="1000" HEIGHT="1448">
                <TextBlock ID="block_1" HPOS="250" VPOS="88" WIDTH="194" HEIGHT="34" TAGREFS="TYPE_20">
                    <Shape>
                        <Polygon POINTS="250.51438903808594 88.27076721191406 444.99749755859375 88.27076721191406 444.99749755859375 122.3661117553711 250.51438903808594 122.3661117553711 250.51438903808594 88.27076721191406"/>
                    </Shape>
                    <TextLine ID="line_0" HPOS="249" VPOS="99" WIDTH="207" HEIGHT="27" BASELINE="249 112 456 112" TAGREFS="TYPE_1">
                        <Shape>
                            <Polygon POINTS="450 99 442 99 434 99 426 99 418 99 410 99 402 99 394 99 386 99 378 99 370 99 362 99 353 99 345 99 337 99 329 99 321 99 313 99 305 99 297 99 289 99 281 99 273 99 265 99 257 99 249 99 249 112 249 124 304 125 304 125 314 123 325 120 328 123 330 124 330 125 331 125 332 125 333 126 349 126 349 125 378 122 390 120 391 121 395 124 395 125 395 125 396 125 397 126 433 126 433 125 456 119 456 112 456 99 450 99"/>
                        </Shape>
                        <String CONTENT=""/>
                    </TextLine>
</TextBlock>
                <TextBlock ID="block_4" HPOS="597" VPOS="93" WIDTH="48" HEIGHT="30" TAGREFS="TYPE_38">
                    <Shape>
                        <Polygon POINTS="597.9757080078125 93.33221435546875 645.9918212890625 93.33221435546875 645.9918212890625 123.44371032714844 597.9757080078125 123.44371032714844 597.9757080078125 93.33221435546875"/>
                    </Shape>
                    <TextLine ID="line_1" HPOS="596" VPOS="75" WIDTH="55" HEIGHT="48" BASELINE="596 114 651 115" TAGREFS="TYPE_1">
                        <Shape>
                            <Polygon POINTS="596 114 596 123 650 123 651 115 651 86 629 86 621 79 616 76 615 76 614 76 597 75 596 114"/>
                        </Shape>
                        <String CONTENT=""/>
                    </TextLine>
</TextBlock>
                <TextBlock ID="block_0" HPOS="57" VPOS="123" WIDTH="589" HEIGHT="814" TAGREFS="TYPE_10">
                    <Shape>
                        <Polygon POINTS="57.120574951171875 123.5440444946289 646.4932861328125 123.5440444946289 646.4932861328125 937.1981811523438 57.120574951171875 937.1981811523438 57.120574951171875 123.5440444946289"/>
                    </Shape>
                    <TextLine ID="line_2" HPOS="63" VPOS="119" WIDTH="586" HEIGHT="48" BASELINE="63 152 649 152" TAGREFS="TYPE_1">
                        <Shape>
                            <Polygon POINTS="63 152 63 161 197 161 201 162 208 165 209 165 209 165 224 162 230 161 233 163 238 166 238 166 239 166 240 166 257 163 262 162 268 163 289 166 290 166 291 166 292 166 296 163 298 161 308 163 322 166 323 166 353 164 381 161 394 164 404 166 405 166 417 164 435 161 444 164 448 166 448 166 449 167 521 167 521 166 529 165 560 161 648 166 649 152 649 127 597 127 595 127 568 119 567 119 567 119 521 120 520 120 510 126 507 127 467 127 465 125 460 120 459 120 458 120 457 120 456 120 447 125 443 127 353 127 345 123 337 121 337 121 336 121 318 123 295 127 288 123 280 119 279 119 244 119 243 119 242 119 233 123 219 127 198 122 185 119 184 119 151 122 112 124 104 121 99 119 98 119 98 119 63 120 63 152"/>
                        </Shape>
                        <String CONTENT=""/>
                    </TextLine>

                    <TextLine ID="line_3" HPOS="62" VPOS="157" WIDTH="584" HEIGHT="41" BASELINE="62 184 646 184" TAGREFS="TYPE_1">
                        <Shape>
                            <Polygon POINTS="62 184 62 198 646 198 646 184 646 164 582 164 580 163 560 157 559 157 559 157 527 162 519 163 493 161 444 159 444 159 424 160 406 163 402 160 395 157 395 157 394 157 393 157 382 160 374 164 325 164 319 160 314 157 313 157 312 157 312 157 303 160 291 163 283 160 278 157 277 157 276 157 263 159 248 161 202 158 181 157 180 157 179 157 178 157 177 158 171 164 144 164 134 157 133 157 132 157 62 157 62 184"/>
                        </Shape>
                        <String CONTENT=""/>
                    </TextLine>

                    <TextLine ID="line_4" HPOS="62" VPOS="192" WIDTH="584" HEIGHT="39" BASELINE="63 218 574 215 646 218" TAGREFS="TYPE_1">
                        <Shape>
                            <Polygon POINTS="63 218 63 225 169 230 170 230 171 230 172 230 176 226 179 225 231 225 234 226 238 230 238 230 238 230 239 230 240 231 256 231 256 230 257 230 266 226 270 225 282 226 300 230 300 230 319 227 339 224 357 227 370 230 370 230 397 227 429 225 435 228 437 229 438 229 439 229 444 228 460 224 477 228 483 230 484 230 485 230 485 230 489 228 496 224 528 227 529 227 553 223 559 228 560 228 561 228 645 229 646 218 645 192 62 193 63 218"/>
                        </Shape>
                        <String CONTENT=""/>
                    </TextLine>

                    <TextLine ID="line_5" HPOS="61" VPOS="222" WIDTH="580" HEIGHT="37" BASELINE="62 250 641 247" TAGREFS="TYPE_1">
                        <Shape>
                            <Polygon POINTS="62 250 62 258 640 259 641 247 639 222 494 226 484 224 474 222 473 222 473 222 451 224 429 227 424 225 418 222 417 222 416 222 415 222 415 222 410 225 406 228 355 228 352 226 346 222 345 222 345 222 304 222 303 222 302 222 288 226 285 227 283 226 273 222 272 222 271 222 248 227 242 228 241 227 234 222 234 222 233 222 152 222 152 222 151 222 138 228 126 222 125 222 102 222 101 222 61 229 62 250"/>
                        </Shape>
                        <String CONTENT=""/>
                    </TextLine>

                    <TextLine ID="line_6" HPOS="61" VPOS="252" WIDTH="586" HEIGHT="42" BASELINE="62 282 647 279" TAGREFS="TYPE_1">
                        <Shape>
                            <Polygon POINTS="62 282 62 290 353 294 354 294 355 294 374 289 387 293 388 293 389 294 451 294 451 293 452 293 452 293 459 289 625 292 626 292 627 292 647 287 647 279 646 259 615 252 614 252 613 252 596 258 481 253 481 253 454 259 433 254 432 254 432 254 380 259 370 254 370 254 309 254 308 254 308 254 307 254 299 259 289 254 288 254 288 254 287 254 269 259 253 254 252 254 208 254 207 254 164 260 147 255 146 255 145 255 144 255 128 260 108 256 107 256 106 256 96 260 89 255 88 255 87 255 86 255 61 261 62 282"/>
                        </Shape>
                        <String CONTENT=""/>
                    </TextLine>

                    <TextLine ID="line_7" HPOS="61" VPOS="284" WIDTH="584" HEIGHT="43" BASELINE="61 315 456 312 645 314" TAGREFS="TYPE_1">
                        <Shape>
                            <Polygon POINTS="61 326 185 323 220 326 235 327 236 327 237 327 240 326 251 322 379 325 427 326 427 326 428 326 431 325 440 321 454 324 456 325 457 325 458 325 465 324 497 321 506 324 508 325 509 325 510 325 644 324 645 314 644 289 582 285 581 285 557 288 550 289 545 288 527 284 526 284 526 284 525 284 519 288 518 289 510 288 483 284 482 284 481 284 471 288 468 289 466 288 461 284 460 284 460 284 459 284 458 284 444 288 436 290 432 288 428 285 427 285 427 285 426 285 412 287 401 291 296 291 291 287 288 285 287 285 286 285 285 285 284 285 283 285 281 287 277 290 200 287 164 286 163 286 162 286 159 287 148 291 141 287 140 286 139 286 139 286 138 286 132 287 118 290 111 287 109 286 108 286 77 286 76 286 75 286 74 286 74 287 70 290 61 287 61 315 61 326"/>
                        </Shape>
                        <String CONTENT=""/>
                    </TextLine>

                    <TextLine ID="line_8" HPOS="60" VPOS="321" WIDTH="582" HEIGHT="36" BASELINE="61 346 642 345" TAGREFS="TYPE_1">
                        <Shape>
                            <Polygon POINTS="61 346 61 355 641 357 642 345 641 321 60 321 61 346"/>
                        </Shape>
                        <String CONTENT=""/>
                    </TextLine>

                    <TextLine ID="line_9" HPOS="61" VPOS="349" WIDTH="583" HEIGHT="40" BASELINE="62 379 644 376" TAGREFS="TYPE_1">
                        <Shape>
                            <Polygon POINTS="62 379 62 387 642 389 644 376 642 355 609 350 609 350 587 354 565 349 564 349 563 349 563 349 548 355 530 355 497 355 489 355 381 349 380 349 349 355 345 356 343 355 335 351 334 351 333 351 333 351 332 351 325 355 324 356 315 355 271 352 270 352 242 356 238 356 236 356 222 351 222 351 221 351 220 351 205 356 200 357 168 357 166 356 160 351 159 351 158 351 157 351 82 355 69 351 69 351 68 351 67 351 66 351 61 353 62 379"/>
                        </Shape>
                        <String CONTENT=""/>
                    </TextLine>

                    <TextLine ID="line_10" HPOS="59" VPOS="382" WIDTH="586" HEIGHT="41" BASELINE="60 411 645 408" TAGREFS="TYPE_1">
                        <Shape>
                            <Polygon POINTS="60 411 60 423 644 419 645 408 643 388 541 382 540 382 510 387 497 389 493 386 489 383 488 383 487 383 423 383 422 383 421 383 410 386 400 389 383 386 364 383 363 383 362 383 356 386 347 390 302 390 292 386 288 384 288 384 287 384 286 384 280 386 268 390 257 386 253 384 252 384 251 384 251 384 250 384 248 386 240 390 160 390 152 385 151 385 150 385 113 385 112 385 111 385 111 385 90 390 59 385 60 411"/>
                        </Shape>
                        <String CONTENT=""/>
                    </TextLine>

                    <TextLine ID="line_11" HPOS="60" VPOS="414" WIDTH="586" HEIGHT="40" BASELINE="61 444 646 440" TAGREFS="TYPE_1">
                        <Shape>
                            <Polygon POINTS="61 444 61 454 646 452 646 440 644 420 601 414 600 414 600 414 589 419 579 414 578 414 577 414 576 414 567 419 530 415 530 415 529 415 517 420 510 415 509 415 508 415 507 415 506 415 489 419 469 415 469 415 413 415 412 415 411 415 411 415 403 419 375 415 374 415 374 415 363 420 362 422 321 422 320 421 312 415 311 415 310 415 309 415 308 415 294 421 292 421 290 421 267 416 266 416 265 416 249 421 245 423 182 423 181 421 175 417 174 417 173 417 172 417 60 421 61 444"/>
                        </Shape>
                        <String CONTENT=""/>
                    </TextLine>

                    <TextLine ID="line_12" HPOS="60" VPOS="446" WIDTH="585" HEIGHT="43" BASELINE="61 477 645 473" TAGREFS="TYPE_1">
                        <Shape>
                            <Polygon POINTS="61 477 61 484 83 489 84 489 103 485 123 489 124 489 144 485 148 484 156 485 181 487 181 487 207 485 224 483 229 485 235 487 236 487 237 487 270 485 306 482 355 485 393 487 394 487 415 485 438 483 491 485 514 486 515 486 516 486 518 485 528 481 643 485 645 473 643 449 545 446 544 446 543 446 535 449 526 453 471 453 452 449 438 447 437 447 427 449 409 453 386 449 379 448 378 448 378 448 375 449 366 453 359 449 356 448 355 448 323 448 322 448 321 448 318 449 311 453 293 449 291 449 290 449 288 449 266 453 246 449 239 448 238 448 238 448 234 449 216 454 210 449 209 448 209 448 208 448 185 448 184 448 176 449 145 455 138 449 137 449 136 449 135 449 135 449 133 449 119 455 60 450 61 477"/>
                        </Shape>
                        <String CONTENT=""/>
                    </TextLine>

                    <TextLine ID="line_13" HPOS="60" VPOS="478" WIDTH="581" HEIGHT="39" BASELINE="61 509 641 504" TAGREFS="TYPE_1">
                        <Shape>
                            <Polygon POINTS="61 509 61 517 641 514 641 504 641 485 620 479 619 479 618 479 617 479 604 483 591 478 590 478 550 478 549 478 548 478 526 485 524 485 516 485 448 481 448 481 447 481 446 481 446 481 442 485 441 486 402 486 399 485 393 480 392 480 391 480 351 480 350 480 349 480 349 480 343 485 341 486 335 485 320 481 319 481 318 481 289 485 277 486 264 485 238 481 237 481 193 485 156 489 127 489 120 485 114 482 113 482 112 482 111 482 100 485 92 487 88 485 84 482 83 482 82 482 82 482 60 485 61 509"/>
                        </Shape>
                        <String CONTENT=""/>
                    </TextLine>

                    <TextLine ID="line_14" HPOS="60" VPOS="511" WIDTH="586" HEIGHT="39" BASELINE="61 540 646 538" TAGREFS="TYPE_1">
                        <Shape>
                            <Polygon POINTS="61 540 61 547 645 550 646 538 646 518 633 511 633 511 632 511 631 511 630 511 621 517 502 511 502 511 501 511 500 511 492 517 452 512 418 512 417 512 416 512 415 512 409 517 403 512 402 512 401 512 314 512 313 512 312 512 294 518 258 512 257 512 256 512 255 512 246 518 232 513 231 513 230 513 206 518 172 513 171 513 170 513 169 513 160 519 122 519 75 513 74 513 74 513 60 518 61 540"/>
                        </Shape>
                        <String CONTENT=""/>
                    </TextLine>

                    <TextLine ID="line_15" HPOS="59" VPOS="544" WIDTH="586" HEIGHT="40" BASELINE="60 574 339 570 645 572" TAGREFS="TYPE_1">
                        <Shape>
                            <Polygon POINTS="60 574 60 580 296 584 296 584 320 581 340 580 357 582 374 584 374 584 375 584 379 582 385 580 394 582 401 584 402 584 403 584 403 584 408 582 418 579 450 582 459 583 460 583 473 582 531 579 643 583 645 572 644 551 603 551 602 551 594 544 593 544 592 544 552 544 551 544 551 544 538 550 536 551 459 551 451 549 427 544 426 544 425 544 424 544 417 549 412 551 406 549 397 545 396 545 300 545 299 545 298 545 297 545 294 547 288 552 230 552 219 547 214 545 213 545 200 545 199 545 198 545 197 545 196 547 190 551 185 547 183 545 182 545 181 545 181 545 180 545 175 547 160 551 59 546 60 574"/>
                        </Shape>
                        <String CONTENT=""/>
                    </TextLine>

                    <TextLine ID="line_16" HPOS="61" VPOS="575" WIDTH="581" HEIGHT="43" BASELINE="61 605 642 601" TAGREFS="TYPE_1">
                        <Shape>
                            <Polygon POINTS="61 605 61 618 94 617 95 617 96 617 104 612 115 617 115 617 116 617 142 612 148 617 149 617 150 617 151 617 152 617 178 611 344 611 365 616 366 616 366 616 405 610 481 615 482 615 483 615 502 609 526 614 527 615 641 615 642 601 641 580 530 575 530 575 473 581 465 582 460 581 433 575 432 575 432 575 407 582 407 582 406 582 393 576 392 576 391 576 369 580 363 576 362 576 362 576 302 576 301 576 300 576 288 583 286 584 263 584 262 583 249 577 248 577 247 577 246 577 229 584 227 584 139 584 138 584 117 578 116 578 115 578 115 578 94 584 94 585 61 585 61 605"/>
                        </Shape>
                        <String CONTENT=""/>
                    </TextLine>

                    <TextLine ID="line_17" HPOS="61" VPOS="608" WIDTH="579" HEIGHT="44" BASELINE="61 638 640 634" TAGREFS="TYPE_1">
                        <Shape>
                            <Polygon POINTS="61 638 61 645 102 652 103 652 155 645 174 652 175 652 176 652 176 652 177 652 188 644 189 644 263 644 273 648 274 648 275 648 296 643 298 643 302 643 345 648 345 648 407 644 415 649 415 649 416 649 417 650 452 650 452 649 453 649 454 649 465 642 471 647 472 647 473 647 473 647 510 644 521 649 522 649 522 649 623 649 624 649 640 641 640 634 639 614 628 609 627 609 626 609 579 613 564 608 563 608 563 608 562 608 561 608 554 613 492 608 491 608 490 608 489 608 485 613 426 614 409 608 408 608 407 608 344 615 297 609 296 609 296 609 295 609 295 610 288 616 288 617 263 617 263 616 255 610 254 610 253 610 252 610 222 616 176 610 176 610 175 610 154 617 153 617 152 617 127 612 126 612 96 617 87 611 86 611 86 611 85 611 61 617 61 638"/>
                        </Shape>
                        <String CONTENT=""/>
                    </TextLine>

                    <TextLine ID="line_18" HPOS="59" VPOS="641" WIDTH="586" HEIGHT="41" BASELINE="60 670 645 666" TAGREFS="TYPE_1">
                        <Shape>
                            <Polygon POINTS="60 670 60 682 205 676 219 680 220 680 221 680 498 674 515 678 516 678 517 679 644 679 645 666 644 646 627 641 626 641 625 641 560 645 537 647 530 645 514 641 513 641 512 641 511 641 501 645 494 649 440 649 427 645 411 642 410 642 409 642 408 642 404 645 402 647 343 649 337 645 335 643 334 643 333 643 279 643 279 643 278 643 277 643 275 645 271 649 231 649 213 645 205 643 205 643 186 645 138 649 123 645 123 645 59 645 60 670"/>
                        </Shape>
                        <String CONTENT=""/>
                    </TextLine>

                    <TextLine ID="line_19" HPOS="61" VPOS="671" WIDTH="580" HEIGHT="44" BASELINE="61 703 641 699" TAGREFS="TYPE_1">
                        <Shape>
                            <Polygon POINTS="61 703 61 709 102 715 102 715 175 710 207 708 312 708 325 711 337 714 338 714 339 714 345 711 352 707 372 711 383 713 384 713 400 711 427 708 474 711 495 713 496 713 497 713 500 712 509 707 518 712 518 712 519 712 520 712 521 712 522 712 526 708 561 711 562 711 563 711 563 711 568 707 587 712 588 712 588 713 641 713 641 699 640 679 602 679 602 678 596 674 596 673 595 673 594 673 593 673 592 673 585 676 567 671 567 671 566 671 532 672 531 672 530 672 523 678 515 672 514 672 514 672 513 672 512 672 497 678 494 679 487 678 445 672 375 672 374 672 374 672 356 678 349 681 294 681 287 678 271 673 270 673 269 673 268 673 251 678 241 681 197 681 189 678 180 674 179 674 148 674 148 674 147 674 146 674 141 678 139 679 135 678 126 674 125 674 124 674 106 678 90 681 61 678 61 703"/>
                        </Shape>
                        <String CONTENT=""/>
                    </TextLine>

                    <TextLine ID="line_20" HPOS="61" VPOS="707" WIDTH="582" HEIGHT="39" BASELINE="61 733 643 733" TAGREFS="TYPE_1">
                        <Shape>
                            <Polygon POINTS="61 733 61 740 74 745 74 745 75 746 151 746 151 745 152 745 163 741 164 741 229 741 231 742 235 745 236 745 237 745 238 745 238 745 247 742 251 741 642 745 643 733 643 713 621 707 620 707 602 707 601 707 600 707 600 707 591 713 572 707 572 707 536 707 535 707 534 707 534 707 526 714 516 714 509 707 509 707 508 707 507 707 506 707 506 707 485 714 444 714 415 707 414 707 413 707 390 714 324 714 312 707 312 707 311 707 310 707 296 713 287 707 286 707 285 707 268 707 267 707 267 707 266 707 258 714 222 714 214 707 213 707 213 707 212 707 183 711 177 707 176 707 176 707 137 707 136 707 135 707 135 707 127 713 108 709 107 709 61 713 61 733"/>
                        </Shape>
                        <String CONTENT=""/>
                    </TextLine>

                    <TextLine ID="line_21" HPOS="61" VPOS="748" WIDTH="581" HEIGHT="33" BASELINE="61 766 642 765" TAGREFS="TYPE_1">
                        <Shape>
                            <Polygon POINTS="511 755 503 755 495 755 487 755 479 755 471 755 463 755 455 755 447 755 439 755 431 755 423 755 415 755 407 755 399 755 390 755 382 755 374 755 366 755 358 755 350 755 342 755 334 755 326 755 318 755 310 755 302 755 294 755 286 755 278 755 270 755 262 755 254 755 246 755 238 755 230 755 222 755 213 755 205 755 197 755 189 755 181 755 173 755 165 755 157 755 149 755 141 755 133 755 125 755 117 755 109 755 101 755 93 755 85 755 77 755 69 755 61 755 61 766 61 781 99 781 100 781 101 781 104 781 123 774 133 774 140 780 142 781 143 781 144 781 144 781 145 781 149 780 162 774 190 779 201 781 201 781 213 779 236 774 242 778 244 781 245 781 246 781 288 781 289 781 290 781 291 781 296 777 301 773 351 773 387 776 408 777 409 777 422 776 432 774 433 775 440 781 441 781 442 781 443 781 537 781 537 781 538 781 539 781 548 774 593 780 594 780 642 772 642 765 640 748 513 748 511 755"/>
                        </Shape>
                        <String CONTENT=""/>
                    </TextLine>

                    <TextLine ID="line_22" HPOS="61" VPOS="771" WIDTH="580" HEIGHT="42" BASELINE="61 799 641 797" TAGREFS="TYPE_1">
                        <Shape>
                            <Polygon POINTS="61 799 62 813 82 807 111 813 113 813 114 813 115 813 131 807 148 813 148 813 149 813 150 813 153 813 197 807 250 807 267 812 267 812 268 812 269 812 270 812 270 811 276 806 308 811 308 811 309 811 324 806 493 811 500 811 501 811 502 811 502 811 512 806 538 806 546 811 547 811 547 811 548 811 641 810 641 797 639 778 600 773 600 773 582 777 575 772 575 771 574 771 573 771 545 771 544 771 513 777 464 774 463 774 398 778 392 778 390 778 364 772 363 772 362 772 351 777 327 772 326 772 325 772 325 772 316 777 293 772 292 772 292 772 291 772 283 778 282 778 238 774 238 774 209 778 203 779 201 778 185 773 184 773 156 773 156 773 155 773 154 773 148 777 115 773 114 773 113 773 112 773 105 778 86 773 86 773 85 773 61 778 61 799"/>
                        </Shape>
                        <String CONTENT=""/>
                    </TextLine>

                    <TextLine ID="line_23" HPOS="61" VPOS="803" WIDTH="579" HEIGHT="43" BASELINE="61 830 640 827" TAGREFS="TYPE_1">
                        <Shape>
                            <Polygon POINTS="61 830 61 839 88 839 90 839 96 844 97 844 98 844 98 844 189 841 204 846 205 846 205 846 206 846 218 839 220 839 228 839 267 845 267 846 288 846 288 845 289 845 290 845 297 839 298 839 301 839 311 843 312 843 312 843 313 843 314 843 318 839 320 839 331 839 359 842 360 842 385 839 402 838 404 839 411 844 412 844 413 844 414 845 438 845 438 844 439 844 440 844 447 839 450 838 462 838 465 839 470 844 471 844 472 844 473 844 639 839 640 827 638 809 564 804 563 804 489 809 477 809 474 809 455 803 454 803 453 803 452 803 441 809 440 809 439 809 427 804 426 804 425 804 424 804 415 809 413 809 411 809 395 803 394 803 393 803 392 803 391 803 383 809 382 809 377 809 337 804 336 804 271 809 249 810 243 809 226 804 226 804 225 804 188 805 187 805 186 805 181 809 178 811 147 811 144 809 139 805 139 805 138 805 137 805 61 808 61 830"/>
                        </Shape>
                        <String CONTENT=""/>
                    </TextLine>

                    <TextLine ID="line_24" HPOS="59" VPOS="835" WIDTH="581" HEIGHT="41" BASELINE="60 863 640 860" TAGREFS="TYPE_1">
                        <Shape>
                            <Polygon POINTS="60 863 60 876 639 876 640 860 638 840 535 836 534 836 534 836 533 836 529 840 528 841 465 841 464 840 449 835 448 835 448 835 447 835 438 840 436 842 410 842 408 840 399 835 398 835 362 835 362 835 361 835 351 840 347 843 261 843 256 840 245 836 244 836 243 836 209 840 189 843 178 840 160 837 160 837 59 840 60 863"/>
                        </Shape>
                        <String CONTENT=""/>
                    </TextLine>

                    <TextLine ID="line_25" HPOS="62" VPOS="869" WIDTH="578" HEIGHT="40" BASELINE="63 893 640 895" TAGREFS="TYPE_1">
                        <Shape>
                            <Polygon POINTS="63 893 62 905 638 909 640 895 639 875 592 869 592 869 591 869 573 874 572 874 564 869 563 869 563 869 562 869 493 873 490 873 489 873 464 869 463 869 462 869 461 869 456 873 454 874 445 873 412 869 411 869 395 872 388 874 63 871 63 893"/>
                        </Shape>
                        <String CONTENT=""/>
                    </TextLine>

                    <TextLine ID="line_26" HPOS="60" VPOS="900" WIDTH="134" HEIGHT="41" BASELINE="61 928 194 927" TAGREFS="TYPE_1">
                        <Shape>
                            <Polygon POINTS="61 928 61 941 101 935 135 937 173 940 174 940 175 940 194 934 194 927 193 906 117 900 116 900 101 902 79 905 60 901 61 928"/>
                        </Shape>
                        <String CONTENT=""/>
                    </TextLine>
</TextBlock>
                <TextBlock ID="block_2" HPOS="61" VPOS="938" WIDTH="582" HEIGHT="258" TAGREFS="TYPE_24">
                    <Shape>
                        <Polygon POINTS="61.87131118774414 938.2665405273438 643.6358032226562 938.2665405273438 643.6358032226562 1196.001953125 61.87131118774414 1196.001953125 61.87131118774414 938.2665405273438"/>
                    </Shape>
                    <TextLine ID="line_27" HPOS="88" VPOS="929" WIDTH="553" HEIGHT="41" BASELINE="89 961 641 958" TAGREFS="TYPE_1">
                        <Shape>
                            <Polygon POINTS="89 961 89 970 640 970 641 958 640 936 573 936 572 935 566 931 565 931 564 931 563 931 544 935 543 935 543 935 529 929 528 929 527 929 497 930 497 930 496 930 496 931 491 935 490 936 488 935 476 930 475 930 474 930 450 934 442 936 434 934 410 930 409 930 408 930 407 930 407 931 403 934 401 937 386 937 382 934 377 930 376 930 375 930 374 930 336 934 308 937 264 937 260 933 257 931 256 931 255 931 255 931 242 933 225 938 200 938 194 933 193 932 192 932 191 932 190 932 182 933 164 937 88 933 89 961"/>
                        </Shape>
                        <String CONTENT=""/>
                    </TextLine>

                    <TextLine ID="line_28" HPOS="59" VPOS="963" WIDTH="583" HEIGHT="42" BASELINE="60 993 642 990" TAGREFS="TYPE_1">
                        <Shape>
                            <Polygon POINTS="60 993 60 1005 641 999 642 990 641 970 596 966 595 966 525 969 522 969 503 963 502 963 502 963 473 969 468 970 457 969 410 965 409 965 408 965 399 969 398 970 349 970 331 969 306 966 305 966 294 969 286 970 279 969 264 965 263 965 263 965 172 966 172 966 160 969 150 972 131 972 127 969 124 966 123 966 123 966 122 966 59 968 60 993"/>
                        </Shape>
                        <String CONTENT=""/>
                    </TextLine>

                    <TextLine ID="line_29" HPOS="59" VPOS="996" WIDTH="582" HEIGHT="40" BASELINE="60 1025 641 1022" TAGREFS="TYPE_1">
                        <Shape>
                            <Polygon POINTS="60 1025 60 1035 639 1036 641 1022 639 1002 522 996 522 996 479 1002 399 997 399 997 398 997 378 1002 351 997 350 997 319 1003 269 998 268 998 197 1003 135 999 134 999 88 1003 81 999 80 999 79 999 78 999 78 999 59 1004 60 1025"/>
                        </Shape>
                        <String CONTENT=""/>
                    </TextLine>

                    <TextLine ID="line_30" HPOS="60" VPOS="1028" WIDTH="581" HEIGHT="43" BASELINE="61 1057 641 1053" TAGREFS="TYPE_1">
                        <Shape>
                            <Polygon POINTS="61 1057 61 1066 92 1071 93 1071 115 1066 116 1066 117 1066 135 1071 135 1071 136 1071 231 1065 237 1065 239 1065 279 1070 279 1070 310 1065 313 1065 316 1065 347 1069 348 1069 349 1069 369 1065 370 1065 374 1065 506 1069 507 1069 552 1065 612 1068 613 1068 640 1062 641 1053 639 1033 593 1033 593 1032 583 1028 582 1028 581 1028 580 1028 565 1032 564 1033 511 1033 475 1032 374 1029 373 1029 335 1032 316 1033 309 1032 298 1029 297 1029 296 1029 296 1029 295 1029 292 1032 290 1033 263 1032 230 1030 229 1030 228 1030 223 1032 215 1034 188 1032 176 1031 176 1031 175 1031 173 1032 164 1036 111 1036 100 1032 98 1031 98 1031 97 1031 60 1031 61 1057"/>
                        </Shape>
                        <String CONTENT=""/>
                    </TextLine>

                    <TextLine ID="line_31" HPOS="60" VPOS="1061" WIDTH="580" HEIGHT="41" BASELINE="61 1090 640 1086" TAGREFS="TYPE_1">
                        <Shape>
                            <Polygon POINTS="61 1090 61 1098 163 1102 164 1102 164 1102 165 1102 170 1099 171 1098 174 1099 187 1102 188 1102 189 1102 234 1099 260 1098 285 1099 313 1102 314 1102 315 1102 320 1099 325 1097 403 1097 412 1100 415 1101 416 1101 417 1102 491 1102 491 1101 492 1101 493 1101 493 1100 498 1097 538 1100 541 1100 542 1100 543 1100 559 1096 570 1100 571 1100 572 1101 639 1101 640 1086 637 1065 617 1066 613 1065 602 1061 601 1061 600 1061 600 1061 589 1065 587 1066 585 1065 578 1062 577 1062 576 1062 576 1062 575 1062 569 1065 567 1066 544 1066 440 1063 439 1063 438 1063 423 1067 423 1067 422 1067 405 1061 404 1061 403 1061 403 1061 390 1067 374 1061 373 1061 372 1061 259 1068 252 1062 251 1062 251 1062 205 1062 205 1062 204 1062 185 1069 169 1063 168 1063 73 1063 72 1063 71 1063 60 1069 61 1090"/>
                        </Shape>
                        <String CONTENT=""/>
                    </TextLine>

                    <TextLine ID="line_32" HPOS="59" VPOS="1092" WIDTH="582" HEIGHT="40" BASELINE="60 1122 641 1118" TAGREFS="TYPE_1">
                        <Shape>
                            <Polygon POINTS="60 1122 60 1131 639 1132 641 1118 639 1098 577 1092 576 1092 576 1092 561 1097 548 1092 547 1092 547 1092 520 1098 509 1093 508 1093 507 1093 456 1098 451 1094 450 1094 449 1094 448 1094 420 1097 409 1093 408 1093 407 1093 407 1093 393 1098 255 1094 255 1094 254 1094 253 1094 245 1099 170 1095 169 1095 148 1100 128 1095 127 1095 66 1095 65 1095 65 1095 64 1095 59 1098 60 1122"/>
                        </Shape>
                        <String CONTENT=""/>
                    </TextLine>

                    <TextLine ID="line_33" HPOS="59" VPOS="1125" WIDTH="582" HEIGHT="39" BASELINE="60 1154 641 1151" TAGREFS="TYPE_1">
                        <Shape>
                            <Polygon POINTS="60 1154 60 1164 640 1164 641 1151 639 1131 582 1131 573 1125 572 1125 572 1125 571 1125 548 1129 518 1125 518 1125 517 1125 516 1125 509 1131 507 1131 493 1130 401 1126 400 1126 399 1126 399 1126 394 1130 391 1131 368 1130 333 1127 333 1127 332 1127 324 1129 314 1132 277 1129 247 1127 246 1127 231 1129 204 1133 187 1128 182 1127 181 1127 181 1127 180 1127 177 1128 168 1134 119 1134 109 1128 108 1128 107 1128 106 1128 89 1133 81 1128 81 1127 80 1127 79 1127 78 1127 59 1127 60 1154"/>
                        </Shape>
                        <String CONTENT=""/>
                    </TextLine>

                    <TextLine ID="line_34" HPOS="58" VPOS="1160" WIDTH="585" HEIGHT="45" BASELINE="59 1187 643 1184" TAGREFS="TYPE_1">
                        <Shape>
                            <Polygon POINTS="59 1187 59 1197 94 1202 94 1202 123 1198 127 1197 127 1198 137 1203 138 1203 139 1203 164 1198 167 1197 169 1198 185 1204 186 1204 187 1205 234 1205 234 1204 234 1204 250 1198 255 1197 280 1197 283 1198 288 1202 288 1203 288 1203 289 1203 290 1203 291 1203 310 1198 311 1198 312 1198 333 1202 333 1202 334 1202 345 1198 349 1197 350 1198 357 1203 358 1203 358 1203 359 1203 382 1198 390 1197 398 1198 415 1203 415 1203 416 1203 438 1198 440 1198 442 1198 464 1202 465 1202 465 1202 475 1198 481 1196 500 1198 511 1200 512 1200 513 1200 514 1200 515 1198 520 1196 525 1198 532 1202 533 1202 534 1203 563 1203 563 1202 563 1202 564 1202 570 1198 572 1197 577 1198 594 1202 595 1202 642 1198 643 1184 641 1160 58 1163 59 1187"/>
                        </Shape>
                        <String CONTENT=""/>
                    </TextLine>
</TextBlock>
                <TextBlock ID="block_3" HPOS="492" VPOS="1194" WIDTH="39" HEIGHT="39" TAGREFS="TYPE_26">
                    <Shape>
                        <Polygon POINTS="492.9776916503906 1194.702880859375 531.8634643554688 1194.702880859375 531.8634643554688 1233.01220703125 492.9776916503906 1233.01220703125 492.9776916503906 1194.702880859375"/>
                    </Shape>
                    <TextLine ID="line_35" HPOS="493" VPOS="1192" WIDTH="39" HEIGHT="44" BASELINE="493 1217 532 1217" TAGREFS="TYPE_1">
                        <Shape>
                            <Polygon POINTS="493 1217 493 1236 532 1234 532 1217 532 1201 493 1192 493 1217"/>
                        </Shape>
                        <String CONTENT=""/>
                    </TextLine>
</TextBlock>
            </PrintSpace>
        </Page>
    </Layout>
</alto>