<?xml version="1.0" encoding="UTF-8"?>
<alto xmlns:xsi="http://www.w3.org/2001/XMLSchema-instance"
    xmlns="http://www.loc.gov/standards/alto/ns-v4#"
    xsi:schemaLocation="http://www.loc.gov/standards/alto/ns-v4# http://www.loc.gov/standards/alto/v4/alto-4-3.xsd">
    <Description>
        <MeasurementUnit>pixel</MeasurementUnit>
        <sourceImageInformation>
            <fileName>2013093.jpeg</fileName>
        </sourceImageInformation>
        <Processing ID="OCR_0">
            <processingCategory>other</processingCategory>
            <processingStepDescription>unknown</processingStepDescription>
            <processingSoftware>
                <softwareName>kraken</softwareName>
                <softwareVersion>4.3.13</softwareVersion>
            </processingSoftware>
        </Processing>
    </Description>
    <Tags>
        <OtherTag ID="TYPE_1" LABEL="DefaultLine"/>
        <OtherTag ID="TYPE_2" LABEL="MarginTextZone-ManuscriptAddendum"/>
        <OtherTag ID="TYPE_3" LABEL="TitlePageZone"/>
        <OtherTag ID="TYPE_4" LABEL="StampZone-Sticker"/>
        <OtherTag ID="TYPE_5" LABEL="StampZone"/>
        <OtherTag ID="TYPE_6" LABEL="MainZone-Entry-Continued"/>
        <OtherTag ID="TYPE_7" LABEL="GraphicZone-Maths"/>
        <OtherTag ID="TYPE_8" LABEL="FigureZone"/>
        <OtherTag ID="TYPE_9" LABEL="MainZone-Signature"/>
        <OtherTag ID="TYPE_10" LABEL="MainZone-P-Continued"/>
        <OtherTag ID="TYPE_11" LABEL="GraphicZone-Decoration"/>
        <OtherTag ID="TYPE_12" LABEL="MainZone-Date"/>
        <OtherTag ID="TYPE_13" LABEL="MainZone-Other"/>
        <OtherTag ID="TYPE_14" LABEL="TableZone-Continued"/>
        <OtherTag ID="TYPE_15" LABEL="MarginTextZone-Notes-Continued"/>
        <OtherTag ID="TYPE_16" LABEL="FigureZone-FigDesc"/>
        <OtherTag ID="TYPE_17" LABEL="MarginTextZone-Notes"/>
        <OtherTag ID="TYPE_18" LABEL="DropCapitalZone"/>
        <OtherTag ID="TYPE_19" LABEL="GraphicZone"/>
        <OtherTag ID="TYPE_20" LABEL="RunningTitleZone"/>
        <OtherTag ID="TYPE_21" LABEL="GraphicZone-FigDesc"/>
        <OtherTag ID="TYPE_22" LABEL="MainZone-Lg"/>
        <OtherTag ID="TYPE_23" LABEL="FigureZone-Head"/>
        <OtherTag ID="TYPE_24" LABEL="MainZone-P"/>
        <OtherTag ID="TYPE_25" LABEL="GraphicZone-Head"/>
        <OtherTag ID="TYPE_26" LABEL="QuireMarksZone"/>
        <OtherTag ID="TYPE_27" LABEL="MainZone-Sp"/>
        <OtherTag ID="TYPE_28" LABEL="MainZone-List"/>
        <OtherTag ID="TYPE_29" LABEL="GraphicZone-Part"/>
        <OtherTag ID="TYPE_30" LABEL="DigitizationArtefactZone"/>
        <OtherTag ID="TYPE_31" LABEL="MainZone-Entry"/>
        <OtherTag ID="TYPE_32" LABEL="TableZone-Head"/>
        <OtherTag ID="TYPE_33" LABEL="GraphicZone-TextualContent"/>
        <OtherTag ID="TYPE_34" LABEL="AdvertisementZone"/>
        <OtherTag ID="TYPE_35" LABEL="MainZone-List-Continued"/>
        <OtherTag ID="TYPE_36" LABEL="MainZone-Form"/>
        <OtherTag ID="TYPE_37" LABEL="MainZone-Head"/>
        <OtherTag ID="TYPE_38" LABEL="NumberingZone"/>
        <OtherTag ID="TYPE_39" LABEL="TitlePageZone-Index"/>
        <OtherTag ID="TYPE_40" LABEL="MainZone-Sp-Continued"/>
        <OtherTag ID="TYPE_41" LABEL="TableZone"/>
        <OtherTag ID="TYPE_42" LABEL="MainZone-Lg-Continued"/>
    </Tags>
    <Layout>
        <Page WIDTH="1000" HEIGHT="1448" PHYSICAL_IMG_NR="0" ID="page_0">
            <PrintSpace HPOS="0" VPOS="0" WIDTH="1000" HEIGHT="1448">
                <TextBlock ID="block_1" HPOS="242" VPOS="90" WIDTH="199" HEIGHT="32" TAGREFS="TYPE_20">
                    <Shape>
                        <Polygon POINTS="242.17532348632812 90.4249038696289 441.83367919921875 90.4249038696289 441.83367919921875 122.52660369873047 242.17532348632812 122.52660369873047 242.17532348632812 90.4249038696289"/>
                    </Shape>
                    <TextLine ID="line_0" HPOS="240" VPOS="105" WIDTH="203" HEIGHT="22" BASELINE="241 115 443 113" TAGREFS="TYPE_1">
                        <Shape>
                            <Polygon POINTS="433 105 425 105 417 105 409 105 401 105 393 105 385 105 377 105 369 105 361 105 353 105 345 105 337 105 329 105 320 105 312 105 304 105 296 105 288 105 280 105 272 105 264 105 256 105 248 105 240 105 241 115 241 122 268 127 269 127 301 123 308 122 362 122 362 123 366 126 366 127 367 127 368 127 369 127 442 123 443 113 440 105 433 105"/>
                        </Shape>
                        <String CONTENT=""/>
                    </TextLine>
</TextBlock>
                <TextBlock ID="block_6" HPOS="609" VPOS="89" WIDTH="46" HEIGHT="32" TAGREFS="TYPE_38">
                    <Shape>
                        <Polygon POINTS="609.09912109375 89.834716796875 655.4594116210938 89.834716796875 655.4594116210938 121.9967041015625 609.09912109375 121.9967041015625 609.09912109375 89.834716796875"/>
                    </Shape>
                    <TextLine ID="line_1" HPOS="609" VPOS="81" WIDTH="45" HEIGHT="52" BASELINE="609 112 654 112" TAGREFS="TYPE_1">
                        <Shape>
                            <Polygon POINTS="609 127 654 133 654 112 654 90 645 90 642 87 637 83 637 82 637 82 636 82 635 82 634 82 628 85 621 86 609 81 609 112 609 127"/>
                        </Shape>
                        <String CONTENT=""/>
                    </TextLine>
</TextBlock>
                <TextBlock ID="block_0" HPOS="71" VPOS="130" WIDTH="588" HEIGHT="813" TAGREFS="TYPE_10">
                    <Shape>
                        <Polygon POINTS="71.63639831542969 130.07119750976562 659.2227172851562 130.07119750976562 659.2227172851562 943.3011474609375 71.63639831542969 943.3011474609375 71.63639831542969 130.07119750976562"/>
                    </Shape>
                    <TextLine ID="line_2" HPOS="98" VPOS="118" WIDTH="556" HEIGHT="50" BASELINE="98 155 654 150" TAGREFS="TYPE_1">
                        <Shape>
                            <Polygon POINTS="98 155 98 167 242 163 246 164 249 168 250 168 251 168 251 168 281 168 281 168 282 168 283 168 288 164 292 162 297 164 305 167 306 167 307 167 308 167 320 164 326 162 335 164 357 167 358 167 387 163 399 161 408 162 440 166 441 166 477 165 478 165 479 165 484 161 485 160 493 160 559 165 560 165 561 165 562 165 569 160 570 160 572 160 638 164 639 164 640 164 654 158 654 150 652 125 590 119 589 119 588 119 588 119 579 125 567 125 556 125 555 125 550 120 549 120 548 120 547 120 528 123 497 118 497 118 496 118 478 122 440 119 439 119 438 119 437 119 430 125 407 119 407 119 406 119 405 119 381 126 380 126 358 119 357 119 356 119 355 119 354 119 354 120 347 126 347 127 320 127 318 126 301 119 300 119 300 119 258 127 251 128 213 128 211 127 197 120 197 120 196 120 134 124 115 121 114 121 113 121 98 127 98 155"/>
                        </Shape>
                        <String CONTENT=""/>
                    </TextLine>

                    <TextLine ID="line_3" HPOS="68" VPOS="158" WIDTH="583" HEIGHT="41" BASELINE="69 186 651 183" TAGREFS="TYPE_1">
                        <Shape>
                            <Polygon POINTS="69 186 69 199 361 194 442 195 596 197 597 197 598 197 607 193 608 193 609 193 635 197 636 197 637 197 651 193 651 183 650 164 579 158 510 158 510 158 509 158 508 158 508 159 502 164 502 164 501 164 490 159 489 159 489 159 437 164 427 165 408 165 407 164 401 159 400 159 399 159 399 159 353 164 337 165 332 164 320 160 320 160 319 160 318 160 308 164 303 166 256 166 247 164 230 160 229 160 228 160 217 164 209 167 137 167 133 164 130 160 129 160 128 160 127 160 68 163 69 186"/>
                        </Shape>
                        <String CONTENT=""/>
                    </TextLine>

                    <TextLine ID="line_4" HPOS="68" VPOS="189" WIDTH="584" HEIGHT="40" BASELINE="69 219 652 215" TAGREFS="TYPE_1">
                        <Shape>
                            <Polygon POINTS="69 219 69 227 534 229 534 229 555 224 557 224 559 224 572 228 573 228 574 228 651 223 652 215 650 196 610 189 609 189 588 194 575 189 574 189 573 189 572 189 559 195 520 195 514 190 514 190 513 190 512 190 481 196 450 190 449 190 360 197 346 191 345 191 308 191 308 191 213 197 185 192 185 192 184 192 158 199 94 199 82 193 82 193 81 193 80 193 68 198 69 219"/>
                        </Shape>
                        <String CONTENT=""/>
                    </TextLine>

                    <TextLine ID="line_5" HPOS="68" VPOS="223" WIDTH="586" HEIGHT="39" BASELINE="69 251 654 248" TAGREFS="TYPE_1">
                        <Shape>
                            <Polygon POINTS="69 251 69 262 625 262 625 261 653 256 654 248 651 226 564 230 557 226 555 224 555 224 554 224 553 224 552 224 548 226 545 227 537 226 522 223 521 223 520 223 514 226 507 229 468 226 454 226 453 226 448 226 423 231 404 226 394 224 393 224 392 224 364 226 363 226 362 226 362 226 362 226 355 233 298 233 291 227 288 225 288 225 287 225 286 225 285 225 277 227 264 231 255 227 251 226 251 226 250 226 249 226 245 227 236 233 209 234 172 234 164 228 160 226 160 226 159 226 138 226 137 226 136 226 131 228 119 233 108 228 102 226 101 226 100 226 68 228 69 251"/>
                        </Shape>
                        <String CONTENT=""/>
                    </TextLine>

                    <TextLine ID="line_6" HPOS="68" VPOS="254" WIDTH="584" HEIGHT="40" BASELINE="69 283 652 279" TAGREFS="TYPE_1">
                        <Shape>
                            <Polygon POINTS="69 283 69 294 545 294 545 293 546 293 547 293 553 289 588 292 589 292 652 287 652 279 650 260 602 260 602 259 588 254 588 254 587 254 586 254 564 259 563 259 551 254 551 254 550 254 504 259 493 260 485 259 464 255 463 255 462 255 452 259 445 261 439 259 427 255 426 255 425 255 424 255 423 255 418 259 415 261 398 259 373 255 372 255 371 255 365 259 360 261 353 259 343 255 342 255 341 255 309 259 274 262 268 259 264 255 263 255 263 255 262 255 243 258 233 259 209 258 181 256 181 256 180 256 176 258 172 260 168 258 167 256 166 256 165 256 164 256 153 258 119 263 111 258 111 257 110 257 109 257 108 257 68 257 69 283"/>
                        </Shape>
                        <String CONTENT=""/>
                    </TextLine>

                    <TextLine ID="line_7" HPOS="70" VPOS="286" WIDTH="584" HEIGHT="43" BASELINE="71 316 654 312" TAGREFS="TYPE_1">
                        <Shape>
                            <Polygon POINTS="71 316 71 324 129 329 130 329 166 324 176 324 190 324 227 327 228 327 286 324 312 323 320 324 341 327 341 327 361 324 370 322 374 324 382 327 383 327 384 328 444 328 444 327 459 323 469 321 491 323 526 326 526 326 653 322 654 312 653 294 639 287 638 287 637 287 637 287 623 291 613 286 613 286 560 286 559 286 559 286 558 286 558 287 551 292 530 287 530 287 529 287 528 287 520 293 518 295 469 295 464 293 451 288 450 288 449 288 448 288 438 292 432 295 409 292 362 287 362 287 361 287 352 292 345 296 264 296 251 292 242 289 242 289 241 289 240 289 234 292 222 296 204 292 203 292 167 297 146 292 145 292 144 292 144 292 127 297 119 291 119 290 118 290 117 290 116 290 70 290 71 316"/>
                        </Shape>
                        <String CONTENT=""/>
                    </TextLine>

                    <TextLine ID="line_8" HPOS="68" VPOS="319" WIDTH="586" HEIGHT="42" BASELINE="69 349 654 345" TAGREFS="TYPE_1">
                        <Shape>
                            <Polygon POINTS="69 349 69 361 82 356 123 359 124 359 197 355 232 360 237 360 238 360 242 360 269 354 332 359 341 359 341 360 361 360 361 359 362 359 362 359 362 358 368 353 395 358 398 358 399 358 401 358 427 353 452 357 453 357 473 353 492 357 493 357 494 357 499 357 557 353 653 356 654 345 651 319 604 323 588 319 588 319 587 319 586 319 585 319 584 319 572 324 553 320 552 320 551 320 534 325 474 320 467 320 466 320 461 320 421 326 408 321 407 321 407 321 359 327 290 321 283 321 282 321 281 321 279 321 262 329 223 329 214 322 213 322 213 322 212 322 211 322 210 322 197 328 150 323 149 323 148 323 148 323 147 323 139 329 117 323 116 323 115 323 115 323 114 323 113 323 103 327 68 324 69 349"/>
                        </Shape>
                        <String CONTENT=""/>
                    </TextLine>

                    <TextLine ID="line_9" HPOS="70" VPOS="349" WIDTH="583" HEIGHT="44" BASELINE="71 382 653 377" TAGREFS="TYPE_1">
                        <Shape>
                            <Polygon POINTS="71 382 71 392 199 389 213 391 221 393 222 393 222 393 227 391 237 388 242 391 243 392 244 392 245 392 246 392 255 391 279 388 296 391 303 392 304 392 304 392 310 390 325 387 390 390 401 390 402 390 407 390 436 386 473 390 476 390 477 390 477 390 478 390 495 386 547 389 558 390 559 390 559 390 561 389 572 385 652 388 653 377 652 355 628 349 627 349 626 349 625 349 625 349 625 349 618 354 595 350 594 350 593 350 580 353 570 349 569 349 568 349 534 355 448 350 447 350 446 350 435 356 395 352 394 352 353 355 344 351 343 351 342 351 288 357 268 352 267 352 267 352 266 352 265 352 258 357 244 353 243 353 242 353 215 357 210 353 209 353 209 353 159 353 158 353 99 359 94 354 93 354 92 354 91 354 90 354 70 360 71 382"/>
                        </Shape>
                        <String CONTENT=""/>
                    </TextLine>

                    <TextLine ID="line_10" HPOS="69" VPOS="384" WIDTH="583" HEIGHT="41" BASELINE="70 414 652 410" TAGREFS="TYPE_1">
                        <Shape>
                            <Polygon POINTS="70 414 70 421 185 425 185 425 186 425 202 421 209 419 262 420 399 423 399 423 419 419 424 419 434 419 466 423 467 423 651 418 652 410 650 390 595 390 567 384 566 384 460 390 448 385 447 385 419 385 418 385 399 386 398 386 397 386 389 391 323 386 322 386 321 386 302 392 301 392 285 386 284 386 283 386 252 391 246 386 245 386 244 386 243 386 242 386 233 390 205 386 204 386 203 386 185 393 185 394 150 394 149 393 139 387 138 387 137 387 136 387 135 387 127 393 127 394 113 394 95 394 83 388 82 388 82 388 81 388 69 392 70 414"/>
                        </Shape>
                        <String CONTENT=""/>
                    </TextLine>

                    <TextLine ID="line_11" HPOS="69" VPOS="415" WIDTH="584" HEIGHT="45" BASELINE="69 447 653 440" TAGREFS="TYPE_1">
                        <Shape>
                            <Polygon POINTS="69 447 69 460 107 460 107 459 108 459 109 459 115 455 162 458 163 458 164 458 164 458 172 454 257 457 261 457 262 457 263 457 278 453 285 457 286 457 287 457 288 457 294 457 361 452 440 455 441 455 507 450 534 454 535 454 605 449 651 453 653 440 652 422 633 415 632 415 631 415 599 420 579 415 578 415 577 415 576 415 576 415 567 422 565 423 557 422 536 419 535 419 517 422 504 424 432 424 424 422 415 418 414 418 413 418 412 418 411 418 407 422 404 424 399 422 392 418 391 418 390 418 374 422 358 426 335 426 329 422 326 419 325 419 325 419 297 419 296 419 296 419 295 419 291 422 283 426 247 426 242 422 240 419 239 419 238 419 238 419 237 419 229 422 215 425 203 422 198 420 197 420 197 420 182 422 131 427 69 422 69 447"/>
                        </Shape>
                        <String CONTENT=""/>
                    </TextLine>

                    <TextLine ID="line_12" HPOS="69" VPOS="449" WIDTH="583" HEIGHT="44" BASELINE="70 478 652 473" TAGREFS="TYPE_1">
                        <Shape>
                            <Polygon POINTS="70 478 70 487 90 493 90 493 91 493 119 489 147 493 148 493 148 493 166 486 168 486 169 486 190 492 191 492 192 492 193 492 193 492 201 486 203 486 232 492 233 492 258 486 324 489 325 489 369 485 374 485 375 485 383 490 384 490 385 490 386 490 386 490 401 485 440 490 440 490 441 490 442 490 448 485 463 484 474 484 475 484 481 489 482 489 483 489 484 489 507 485 554 489 555 489 555 489 570 483 571 483 578 488 579 488 580 488 580 488 581 488 582 488 590 483 591 483 651 483 652 473 650 455 613 455 612 454 604 449 603 449 602 449 601 449 562 454 549 456 479 456 477 454 471 449 470 449 469 449 469 449 468 449 452 454 443 457 428 457 423 454 418 450 417 450 416 450 415 450 386 454 374 456 370 454 362 450 361 450 360 450 359 450 358 450 353 454 349 457 341 454 332 451 331 451 330 451 329 451 318 454 307 458 263 458 256 454 251 452 251 452 250 452 226 454 201 456 182 454 167 452 166 452 165 452 156 454 136 459 127 454 126 452 125 452 124 452 99 452 98 452 98 452 97 452 95 454 90 457 69 454 70 478"/>
                        </Shape>
                        <String CONTENT=""/>
                    </TextLine>

                    <TextLine ID="line_13" HPOS="69" VPOS="481" WIDTH="583" HEIGHT="43" BASELINE="70 511 652 505" TAGREFS="TYPE_1">
                        <Shape>
                            <Polygon POINTS="70 511 70 519 99 519 107 524 108 524 109 524 110 524 111 524 111 524 119 518 127 523 127 523 128 523 129 523 150 518 154 518 165 518 234 523 234 523 286 518 318 522 319 522 320 522 331 517 333 516 345 517 390 522 390 522 391 522 401 517 404 515 473 515 474 516 479 521 480 521 481 521 481 521 482 521 495 516 500 514 518 514 520 516 525 520 526 520 526 520 527 520 559 515 568 514 574 515 592 519 592 519 651 514 652 505 651 486 639 481 638 481 637 481 637 481 628 486 625 488 588 488 584 486 569 481 568 481 567 481 567 481 556 486 552 489 524 489 515 486 497 482 496 482 495 482 488 486 482 489 456 489 451 486 443 483 442 483 441 483 440 483 433 486 427 489 391 489 386 486 384 484 383 484 382 484 366 484 366 484 365 484 364 484 361 486 356 489 312 490 300 486 294 485 293 485 243 485 242 485 242 485 241 485 238 486 234 489 230 486 230 485 229 485 228 485 193 485 193 485 183 486 146 492 69 487 70 511"/>
                        </Shape>
                        <String CONTENT=""/>
                    </TextLine>

                    <TextLine ID="line_14" HPOS="68" VPOS="513" WIDTH="586" HEIGHT="40" BASELINE="69 543 654 539" TAGREFS="TYPE_1">
                        <Shape>
                            <Polygon POINTS="69 543 69 553 654 547 654 539 653 516 616 513 615 513 614 513 602 516 594 518 587 517 577 514 576 514 576 514 575 514 567 517 560 521 526 521 516 518 508 514 507 514 506 514 475 518 474 518 465 514 465 514 464 514 463 514 447 518 437 521 431 518 419 514 418 514 417 514 399 514 399 514 398 514 392 519 388 522 351 522 345 519 337 515 336 515 335 515 334 515 324 520 319 522 308 520 281 515 280 515 279 515 264 520 257 523 162 523 160 522 153 516 152 516 152 516 119 516 119 516 118 516 106 522 103 523 68 523 69 543"/>
                        </Shape>
                        <String CONTENT=""/>
                    </TextLine>

                    <TextLine ID="line_15" HPOS="69" VPOS="544" WIDTH="585" HEIGHT="40" BASELINE="70 575 654 572" TAGREFS="TYPE_1">
                        <Shape>
                            <Polygon POINTS="70 575 70 583 654 584 654 572 654 551 637 545 637 545 636 545 635 545 619 551 567 551 559 544 559 544 558 544 515 544 514 544 514 544 488 551 474 545 473 545 411 545 410 545 409 545 396 551 396 552 374 552 374 551 366 545 366 545 365 545 364 545 363 545 362 545 353 551 351 553 295 553 293 552 281 546 280 546 279 546 279 546 258 552 255 552 254 552 231 546 230 546 230 546 229 546 217 552 214 554 175 554 173 552 167 547 166 547 165 547 164 547 164 547 144 551 127 547 126 547 125 547 124 547 111 552 109 553 108 552 102 547 101 547 100 547 80 547 79 547 78 547 69 551 70 575"/>
                        </Shape>
                        <String CONTENT=""/>
                    </TextLine>

                    <TextLine ID="line_16" HPOS="69" VPOS="575" WIDTH="584" HEIGHT="46" BASELINE="69 608 653 603" TAGREFS="TYPE_1">
                        <Shape>
                            <Polygon POINTS="69 608 69 616 165 621 166 621 192 616 196 615 199 616 215 619 216 619 238 615 240 615 242 615 253 620 254 620 255 620 292 615 301 614 312 615 358 619 358 619 403 614 408 614 413 614 449 618 450 618 451 618 452 618 457 614 460 612 525 612 527 613 532 617 533 617 534 617 534 618 552 618 552 617 553 617 554 617 554 617 558 613 559 612 569 613 588 617 589 617 652 612 653 603 651 582 566 575 565 575 564 575 563 575 554 582 491 576 490 576 457 583 432 577 432 577 431 577 430 577 424 583 366 584 360 584 359 584 329 578 329 578 328 578 309 584 253 579 252 579 216 584 197 579 196 579 195 579 165 585 148 580 148 580 78 580 77 580 76 580 75 580 69 584 69 608"/>
                        </Shape>
                        <String CONTENT=""/>
                    </TextLine>

                    <TextLine ID="line_17" HPOS="69" VPOS="609" WIDTH="584" HEIGHT="45" BASELINE="70 640 653 636" TAGREFS="TYPE_1">
                        <Shape>
                            <Polygon POINTS="70 640 70 649 176 649 176 649 185 654 185 654 186 654 187 654 200 649 201 649 211 649 283 653 284 653 349 648 354 648 362 648 456 651 456 651 457 651 467 647 468 647 471 647 523 651 524 651 525 651 536 646 537 646 538 646 551 650 552 650 553 651 640 651 640 650 641 650 653 645 653 636 651 617 617 609 616 609 615 609 614 609 606 617 601 617 527 617 525 617 504 610 503 610 502 610 502 610 486 617 485 617 482 617 456 610 455 610 454 610 431 617 428 617 426 617 411 611 410 611 409 611 374 616 360 611 359 611 358 611 358 611 357 611 350 617 349 617 339 611 338 611 337 611 243 612 242 612 242 612 237 617 233 619 210 619 206 617 200 612 199 612 198 612 197 612 176 617 161 620 127 620 119 617 110 612 109 612 108 612 69 616 70 640"/>
                        </Shape>
                        <String CONTENT=""/>
                    </TextLine>

                    <TextLine ID="line_18" HPOS="70" VPOS="642" WIDTH="584" HEIGHT="44" BASELINE="71 673 654 668" TAGREFS="TYPE_1">
                        <Shape>
                            <Polygon POINTS="71 673 71 686 167 681 220 684 246 686 247 686 261 683 282 680 314 682 346 685 347 685 348 685 357 682 364 679 383 682 409 684 410 684 411 684 419 681 421 680 423 681 432 684 433 684 434 684 455 680 460 679 464 680 476 682 477 682 477 682 483 679 485 678 499 679 555 683 555 683 556 683 574 678 654 676 654 668 652 648 615 642 614 642 613 642 601 647 579 643 578 643 555 647 550 648 543 647 504 643 503 643 481 647 477 648 475 647 465 643 465 643 464 643 463 643 452 647 448 649 411 649 408 647 404 644 403 644 403 644 402 644 401 644 390 647 386 648 382 647 365 644 364 644 363 644 362 644 358 647 353 649 347 647 341 645 340 645 339 645 320 647 308 649 302 647 294 645 293 645 292 645 292 645 284 647 277 649 234 647 205 645 205 645 197 647 184 649 174 647 168 645 168 645 167 645 158 647 135 651 123 647 121 646 120 646 119 646 115 647 93 651 70 647 71 673"/>
                        </Shape>
                        <String CONTENT=""/>
                    </TextLine>

                    <TextLine ID="line_19" HPOS="70" VPOS="675" WIDTH="583" HEIGHT="41" BASELINE="71 705 653 702" TAGREFS="TYPE_1">
                        <Shape>
                            <Polygon POINTS="71 705 71 716 399 716 399 715 400 715 401 715 407 711 492 715 503 715 504 715 505 715 506 715 514 711 651 715 653 702 652 680 645 675 644 675 643 675 642 675 506 681 486 676 485 676 485 676 450 680 399 677 398 677 397 677 396 677 390 681 366 677 365 677 364 677 363 677 356 682 301 682 296 677 295 677 294 677 293 677 239 681 230 677 229 677 228 677 197 682 183 678 182 678 181 678 181 678 167 682 114 679 113 679 70 683 71 705"/>
                        </Shape>
                        <String CONTENT=""/>
                    </TextLine>

                    <TextLine ID="line_20" HPOS="71" VPOS="707" WIDTH="582" HEIGHT="40" BASELINE="72 736 653 733" TAGREFS="TYPE_1">
                        <Shape>
                            <Polygon POINTS="72 736 72 746 651 747 653 733 652 713 635 707 634 707 633 707 582 712 574 713 567 712 531 707 530 707 530 707 513 712 506 715 428 715 426 711 422 709 422 708 421 708 420 708 419 708 403 711 395 713 372 711 337 709 336 709 335 709 330 711 325 715 300 711 283 709 282 709 266 711 246 714 240 711 236 709 235 709 234 709 234 709 228 711 216 715 210 711 209 711 209 711 208 711 170 715 149 711 144 710 144 710 143 710 140 711 126 715 115 711 114 710 113 710 112 710 71 710 72 736"/>
                        </Shape>
                        <String CONTENT=""/>
                    </TextLine>

                    <TextLine ID="line_21" HPOS="72" VPOS="746" WIDTH="582" HEIGHT="39" BASELINE="73 770 654 766" TAGREFS="TYPE_1">
                        <Shape>
                            <Polygon POINTS="522 758 514 758 506 758 498 758 490 758 482 758 474 758 466 758 458 758 450 758 442 758 434 758 426 758 418 758 410 758 404 758 403 759 402 758 402 758 394 758 386 758 378 758 370 758 362 758 353 758 345 758 337 758 329 758 327 758 321 758 313 758 305 758 297 758 289 758 288 758 281 758 273 758 265 758 257 758 249 758 241 758 233 758 225 758 219 758 217 758 216 758 209 758 201 758 193 758 185 758 181 758 181 759 176 761 166 761 160 769 152 769 144 769 136 769 128 769 120 769 112 769 104 769 96 769 88 769 80 769 72 769 73 770 73 785 107 779 147 784 151 784 152 784 155 784 189 778 298 781 316 781 316 781 317 781 319 781 325 777 345 781 359 782 360 782 374 780 391 777 427 779 477 781 477 781 493 778 501 777 502 778 506 781 507 781 508 781 509 781 568 781 568 781 569 781 570 781 574 777 579 781 580 781 580 781 581 781 629 781 629 781 654 775 654 766 653 746 538 746 537 746 536 746 530 749 524 751 522 758"/>
                        </Shape>
                        <String CONTENT=""/>
                    </TextLine>

                    <TextLine ID="line_22" HPOS="72" VPOS="772" WIDTH="582" HEIGHT="41" BASELINE="73 803 654 798" TAGREFS="TYPE_1">
                        <Shape>
                            <Polygon POINTS="73 803 73 813 654 810 654 798 651 772 630 780 494 780 478 775 473 774 473 774 472 774 456 776 435 778 422 777 404 774 403 774 384 777 362 782 334 782 329 779 323 774 322 774 321 774 273 774 272 774 271 774 271 774 264 780 263 781 258 780 240 775 239 775 176 775 175 775 174 775 173 775 168 779 156 776 156 776 155 776 154 776 153 776 145 783 144 783 143 783 107 776 106 776 72 784 73 803"/>
                        </Shape>
                        <String CONTENT=""/>
                    </TextLine>

                    <TextLine ID="line_23" HPOS="71" VPOS="805" WIDTH="582" HEIGHT="39" BASELINE="72 834 653 830" TAGREFS="TYPE_1">
                        <Shape>
                            <Polygon POINTS="72 834 72 843 652 844 653 830 652 811 635 805 634 805 633 805 604 810 565 806 564 806 525 810 511 805 510 805 510 805 445 810 436 811 432 810 411 806 411 806 386 810 330 806 329 806 329 806 328 806 322 810 319 813 237 813 234 810 230 807 230 806 230 806 229 806 228 806 227 806 220 810 215 813 194 810 170 807 169 807 71 810 72 834"/>
                        </Shape>
                        <String CONTENT=""/>
                    </TextLine>

                    <TextLine ID="line_24" HPOS="70" VPOS="839" WIDTH="582" HEIGHT="41" BASELINE="71 868 652 864" TAGREFS="TYPE_1">
                        <Shape>
                            <Polygon POINTS="71 868 71 880 652 876 652 864 650 846 588 839 588 839 560 845 559 845 559 845 542 839 541 839 540 839 539 839 539 839 539 839 532 845 530 847 518 845 487 839 486 839 485 839 469 844 464 847 428 847 423 844 419 842 419 842 418 842 417 842 416 842 415 842 415 843 413 844 409 848 370 848 364 844 359 840 358 840 358 840 328 840 327 840 326 840 325 840 320 843 312 848 262 848 248 843 242 841 241 841 186 841 185 841 185 841 184 841 182 843 173 850 143 850 135 843 134 842 133 842 132 842 114 842 113 842 112 842 111 842 111 843 102 849 93 843 93 842 92 842 91 842 90 842 70 842 71 868"/>
                        </Shape>
                        <String CONTENT=""/>
                    </TextLine>

                    <TextLine ID="line_25" HPOS="70" VPOS="871" WIDTH="580" HEIGHT="43" BASELINE="71 900 650 896" TAGREFS="TYPE_1">
                        <Shape>
                            <Polygon POINTS="71 900 71 909 109 914 110 914 139 909 166 913 167 913 168 913 177 908 191 913 192 913 193 913 193 913 194 913 202 908 203 907 265 907 292 907 352 907 368 912 369 912 370 913 403 913 403 912 404 912 405 912 410 908 415 912 415 912 416 912 417 912 480 910 481 910 491 905 506 911 506 911 507 911 539 907 551 910 551 910 552 910 553 910 554 910 559 906 567 910 568 910 569 911 640 911 640 910 641 910 641 910 650 904 650 896 648 876 618 871 617 871 592 876 585 876 582 876 569 871 568 871 567 871 567 871 554 876 549 878 511 878 507 876 496 872 495 872 494 872 493 872 493 872 487 876 485 877 473 876 443 872 442 872 441 872 440 872 436 876 432 878 423 876 407 872 406 872 405 872 396 876 391 879 359 879 353 876 345 873 345 873 344 873 327 876 316 880 233 880 229 877 226 874 225 874 224 874 223 874 203 877 196 878 194 877 190 874 189 874 189 874 188 874 153 875 152 875 144 877 135 880 109 880 106 877 103 875 102 875 102 875 101 875 70 877 71 900"/>
                        </Shape>
                        <String CONTENT=""/>
                    </TextLine>

                    <TextLine ID="line_26" HPOS="72" VPOS="904" WIDTH="436" HEIGHT="41" BASELINE="73 933 508 929" TAGREFS="TYPE_1">
                        <Shape>
                            <Polygon POINTS="73 933 73 940 136 945 137 945 176 941 185 940 507 941 508 929 506 910 441 904 440 904 440 904 439 904 431 909 415 905 414 905 413 905 412 905 411 905 407 910 369 910 354 905 353 905 353 905 329 910 293 905 292 905 236 911 230 906 230 905 230 905 229 905 181 905 180 905 144 912 126 907 125 907 124 907 72 913 73 933"/>
                        </Shape>
                        <String CONTENT=""/>
                    </TextLine>
</TextBlock>
                <TextBlock ID="block_2" HPOS="74" VPOS="942" WIDTH="584" HEIGHT="223" TAGREFS="TYPE_24">
                    <Shape>
                        <Polygon POINTS="74.23515319824219 942.8694458007812 658.193603515625 942.8694458007812 658.193603515625 1165.599365234375 74.23515319824219 1165.599365234375 74.23515319824219 942.8694458007812"/>
                    </Shape>
                    <TextLine ID="line_27" HPOS="103" VPOS="935" WIDTH="550" HEIGHT="42" BASELINE="104 965 653 960" TAGREFS="TYPE_1">
                        <Shape>
                            <Polygon POINTS="441 939 433 939 425 939 422 942 419 942 417 942 411 939 409 939 401 939 393 939 391 939 384 942 376 944 350 944 348 942 345 939 345 939 337 939 329 939 327 939 313 942 305 942 302 942 297 939 296 939 288 939 280 939 272 939 264 939 256 939 248 939 240 939 238 939 234 942 229 944 220 942 213 939 213 939 212 939 211 939 206 942 199 944 187 942 176 939 176 939 168 939 160 942 149 944 143 942 138 939 135 939 127 939 127 939 103 941 104 965 104 973 152 977 153 977 230 972 237 972 238 972 252 976 253 976 254 976 255 976 265 972 286 976 287 976 288 976 288 976 294 971 295 971 304 971 377 975 378 975 378 975 387 971 558 974 559 974 652 968 653 960 651 942 584 942 576 935 575 935 574 935 573 935 550 939 544 935 543 935 543 935 542 935 517 942 514 942 469 942 459 942 444 939 441 939"/>
                        </Shape>
                        <String CONTENT=""/>
                    </TextLine>

                    <TextLine ID="line_28" HPOS="73" VPOS="967" WIDTH="581" HEIGHT="44" BASELINE="74 998 654 993" TAGREFS="TYPE_1">
                        <Shape>
                            <Polygon POINTS="74 998 74 1011 140 1006 201 1009 201 1009 202 1009 212 1005 263 1009 266 1009 267 1009 268 1009 292 1004 341 1008 343 1008 344 1008 345 1008 363 1003 378 1007 379 1007 380 1007 566 1002 653 1005 654 993 654 972 644 967 643 967 642 967 588 971 562 967 561 967 560 967 545 973 542 974 518 974 517 973 510 969 510 969 509 969 508 969 507 969 497 973 495 974 362 975 360 974 354 970 353 970 353 970 325 970 324 970 323 970 307 974 305 975 303 974 288 970 287 970 286 970 285 970 268 975 264 976 248 975 181 970 180 970 179 970 164 976 163 976 162 976 151 971 150 971 149 971 148 971 135 976 135 976 132 976 94 971 93 971 92 971 73 976 74 998"/>
                        </Shape>
                        <String CONTENT=""/>
                    </TextLine>

                    <TextLine ID="line_29" HPOS="74" VPOS="1000" WIDTH="580" HEIGHT="42" BASELINE="74 1031 654 1026" TAGREFS="TYPE_1">
                        <Shape>
                            <Polygon POINTS="74 1031 74 1038 259 1042 260 1042 261 1042 262 1042 266 1039 268 1036 340 1036 347 1039 353 1041 354 1041 355 1041 409 1039 497 1035 538 1039 546 1040 547 1040 551 1039 582 1034 653 1039 654 1026 653 1007 618 1007 606 1000 605 1000 604 1000 604 1000 583 1007 572 1000 572 1000 571 1000 570 1000 569 1000 551 1007 551 1008 547 1008 489 1008 460 1001 460 1001 459 1001 436 1008 412 1002 411 1002 411 1002 410 1002 409 1002 399 1009 378 1009 365 1002 364 1002 363 1002 362 1002 341 1008 320 1003 320 1003 277 1003 276 1003 275 1003 275 1003 267 1009 250 1010 247 1011 227 1011 217 1011 205 1004 205 1004 204 1004 163 1009 150 1004 149 1004 87 1004 86 1004 86 1004 74 1010 74 1031"/>
                        </Shape>
                        <String CONTENT=""/>
                    </TextLine>

                    <TextLine ID="line_30" HPOS="74" VPOS="1031" WIDTH="580" HEIGHT="46" BASELINE="74 1063 654 1058" TAGREFS="TYPE_1">
                        <Shape>
                            <Polygon POINTS="74 1063 74 1070 93 1076 94 1076 94 1077 119 1077 119 1076 119 1076 120 1076 120 1075 127 1070 130 1070 247 1075 248 1075 249 1075 266 1069 267 1069 277 1069 341 1072 342 1072 427 1068 436 1073 437 1073 438 1073 439 1074 460 1074 460 1073 489 1073 490 1073 491 1073 500 1067 518 1073 519 1073 520 1073 566 1067 608 1071 609 1071 609 1071 621 1067 636 1072 637 1072 637 1072 638 1072 654 1065 654 1058 653 1038 557 1031 556 1031 555 1031 539 1036 516 1033 515 1033 514 1033 514 1033 506 1038 475 1032 474 1032 473 1032 457 1039 429 1032 428 1032 427 1032 404 1039 268 1033 267 1033 267 1033 266 1033 256 1040 194 1037 193 1037 169 1041 94 1035 94 1035 93 1035 74 1042 74 1063"/>
                        </Shape>
                        <String CONTENT=""/>
                    </TextLine>

                    <TextLine ID="line_31" HPOS="75" VPOS="1064" WIDTH="579" HEIGHT="42" BASELINE="76 1095 654 1090" TAGREFS="TYPE_1">
                        <Shape>
                            <Polygon POINTS="76 1095 76 1105 452 1106 452 1106 477 1105 558 1101 652 1104 654 1090 652 1071 620 1071 603 1064 602 1064 601 1064 579 1069 563 1064 562 1064 561 1064 523 1069 506 1065 505 1065 504 1065 503 1065 502 1065 502 1065 495 1072 460 1072 433 1065 432 1065 432 1065 431 1065 410 1070 383 1065 382 1065 382 1065 381 1065 381 1066 374 1072 342 1066 341 1066 341 1066 326 1073 314 1066 313 1066 312 1066 275 1070 270 1066 269 1066 268 1066 267 1066 267 1066 240 1073 203 1070 202 1070 156 1074 143 1068 142 1068 141 1068 117 1072 107 1068 106 1068 106 1068 75 1075 76 1095"/>
                        </Shape>
                        <String CONTENT=""/>
                    </TextLine>

                    <TextLine ID="line_32" HPOS="74" VPOS="1100" WIDTH="580" HEIGHT="41" BASELINE="74 1127 654 1123" TAGREFS="TYPE_1">
                        <Shape>
                            <Polygon POINTS="74 1127 74 1136 151 1136 152 1136 189 1141 189 1141 190 1141 203 1135 204 1135 211 1135 281 1140 282 1140 304 1139 305 1139 306 1139 306 1139 310 1135 311 1135 320 1135 418 1139 419 1139 419 1139 420 1139 420 1139 426 1134 427 1134 431 1134 481 1139 481 1139 482 1139 496 1134 497 1134 602 1138 603 1138 604 1138 621 1133 640 1138 641 1138 641 1138 642 1138 654 1132 654 1123 652 1106 612 1100 611 1100 610 1100 596 1105 595 1106 520 1106 517 1105 511 1102 510 1102 510 1102 509 1102 508 1102 504 1105 501 1106 440 1106 430 1104 409 1100 375 1100 374 1100 374 1100 366 1104 364 1105 362 1104 353 1100 353 1100 312 1100 311 1100 310 1100 297 1103 281 1107 238 1103 230 1102 230 1102 226 1103 201 1107 193 1102 193 1102 192 1102 191 1102 159 1102 158 1102 157 1102 154 1102 139 1107 133 1102 132 1102 131 1102 131 1102 130 1102 129 1102 128 1102 127 1102 124 1106 120 1102 119 1102 119 1102 118 1102 117 1102 74 1102 74 1127"/>
                        </Shape>
                        <String CONTENT=""/>
                    </TextLine>

                    <TextLine ID="line_33" HPOS="75" VPOS="1130" WIDTH="506" HEIGHT="45" BASELINE="76 1161 581 1156" TAGREFS="TYPE_1">
                        <Shape>
                            <Polygon POINTS="76 1161 76 1175 125 1170 146 1175 148 1175 148 1175 149 1175 150 1175 160 1170 190 1174 193 1174 193 1174 194 1174 195 1174 195 1173 199 1170 233 1173 236 1173 237 1173 238 1173 238 1173 249 1168 304 1172 327 1173 328 1173 329 1173 334 1172 347 1168 379 1171 399 1172 399 1172 580 1167 581 1156 579 1135 534 1135 534 1135 519 1130 518 1130 518 1130 517 1130 497 1135 495 1135 489 1135 437 1131 436 1131 413 1136 411 1136 406 1136 343 1131 342 1131 305 1132 304 1132 295 1137 286 1133 285 1133 284 1133 283 1133 267 1137 248 1132 247 1132 246 1132 213 1136 169 1133 168 1133 168 1133 167 1133 158 1139 131 1134 131 1134 130 1134 129 1134 123 1139 75 1139 76 1161"/>
                        </Shape>
                        <String CONTENT=""/>
                    </TextLine>
</TextBlock>
                <TextBlock ID="block_4" HPOS="78" VPOS="1167" WIDTH="580" HEIGHT="37" TAGREFS="TYPE_24">
                    <Shape>
                        <Polygon POINTS="78.21077728271484 1167.0987548828125 658.5780029296875 1167.0987548828125 658.5780029296875 1204.1383056640625 78.21077728271484 1204.1383056640625 78.21077728271484 1167.0987548828125"/>
                    </Shape>
                    <TextLine ID="line_34" HPOS="111" VPOS="1163" WIDTH="544" HEIGHT="57" BASELINE="111 1192 655 1189" TAGREFS="TYPE_1">
                        <Shape>
                            <Polygon POINTS="111 1192 111 1207 163 1215 164 1215 164 1215 184 1209 191 1206 200 1209 209 1212 209 1212 210 1212 211 1212 212 1212 215 1209 220 1206 235 1206 246 1209 271 1219 272 1219 273 1220 368 1220 368 1219 369 1219 391 1213 416 1205 447 1205 459 1211 460 1211 460 1211 461 1211 462 1211 470 1205 482 1210 483 1210 484 1210 485 1210 498 1204 561 1204 583 1216 585 1217 586 1217 587 1217 588 1217 655 1217 655 1189 654 1166 611 1163 610 1163 609 1163 609 1163 604 1166 598 1170 592 1166 588 1163 587 1163 586 1163 536 1163 535 1163 534 1163 527 1166 517 1170 503 1166 497 1164 496 1164 495 1164 494 1164 487 1166 470 1171 463 1166 460 1164 460 1164 459 1164 458 1164 457 1164 456 1164 454 1166 446 1171 411 1168 410 1168 269 1172 249 1166 248 1166 247 1166 217 1171 185 1166 180 1165 179 1165 178 1165 176 1166 149 1172 111 1166 111 1192"/>
                        </Shape>
                        <String CONTENT=""/>
                    </TextLine>
</TextBlock>
                <TextBlock ID="block_5" HPOS="480" VPOS="1202" WIDTH="70" HEIGHT="35" TAGREFS="TYPE_26">
                    <Shape>
                        <Polygon POINTS="480.2409362792969 1202.6463623046875 550.4136352539062 1202.6463623046875 550.4136352539062 1237.896240234375 480.2409362792969 1237.896240234375 480.2409362792969 1202.6463623046875"/>
                    </Shape>
                    <TextLine ID="line_35" HPOS="479" VPOS="1204" WIDTH="70" HEIGHT="38" BASELINE="480 1221 549 1223" TAGREFS="TYPE_1">
                        <Shape>
                            <Polygon POINTS="480 1221 479 1237 547 1242 549 1223 549 1205 480 1204 480 1221"/>
                        </Shape>
                        <String CONTENT=""/>
                    </TextLine>
</TextBlock>
            </PrintSpace>
        </Page>
    </Layout>
</alto>