<?xml version="1.0" encoding="UTF-8"?>
<alto xmlns:xsi="http://www.w3.org/2001/XMLSchema-instance"
    xmlns="http://www.loc.gov/standards/alto/ns-v4#"
    xsi:schemaLocation="http://www.loc.gov/standards/alto/ns-v4# http://www.loc.gov/standards/alto/v4/alto-4-3.xsd">
    <Description>
        <MeasurementUnit>pixel</MeasurementUnit>
        <sourceImageInformation>
            <fileName>2013102.jpeg</fileName>
        </sourceImageInformation>
        <Processing ID="OCR_0">
            <processingCategory>other</processingCategory>
            <processingStepDescription>unknown</processingStepDescription>
            <processingSoftware>
                <softwareName>kraken</softwareName>
                <softwareVersion>4.3.13</softwareVersion>
            </processingSoftware>
        </Processing>
    </Description>
    <Tags>
        <OtherTag ID="TYPE_1" LABEL="DefaultLine"/>
        <OtherTag ID="TYPE_2" LABEL="MarginTextZone-ManuscriptAddendum"/>
        <OtherTag ID="TYPE_3" LABEL="TitlePageZone"/>
        <OtherTag ID="TYPE_4" LABEL="StampZone-Sticker"/>
        <OtherTag ID="TYPE_5" LABEL="StampZone"/>
        <OtherTag ID="TYPE_6" LABEL="MainZone-Entry-Continued"/>
        <OtherTag ID="TYPE_7" LABEL="GraphicZone-Maths"/>
        <OtherTag ID="TYPE_8" LABEL="FigureZone"/>
        <OtherTag ID="TYPE_9" LABEL="MainZone-Signature"/>
        <OtherTag ID="TYPE_10" LABEL="MainZone-P-Continued"/>
        <OtherTag ID="TYPE_11" LABEL="GraphicZone-Decoration"/>
        <OtherTag ID="TYPE_12" LABEL="MainZone-Date"/>
        <OtherTag ID="TYPE_13" LABEL="MainZone-Other"/>
        <OtherTag ID="TYPE_14" LABEL="TableZone-Continued"/>
        <OtherTag ID="TYPE_15" LABEL="MarginTextZone-Notes-Continued"/>
        <OtherTag ID="TYPE_16" LABEL="FigureZone-FigDesc"/>
        <OtherTag ID="TYPE_17" LABEL="MarginTextZone-Notes"/>
        <OtherTag ID="TYPE_18" LABEL="DropCapitalZone"/>
        <OtherTag ID="TYPE_19" LABEL="GraphicZone"/>
        <OtherTag ID="TYPE_20" LABEL="RunningTitleZone"/>
        <OtherTag ID="TYPE_21" LABEL="GraphicZone-FigDesc"/>
        <OtherTag ID="TYPE_22" LABEL="MainZone-Lg"/>
        <OtherTag ID="TYPE_23" LABEL="FigureZone-Head"/>
        <OtherTag ID="TYPE_24" LABEL="MainZone-P"/>
        <OtherTag ID="TYPE_25" LABEL="GraphicZone-Head"/>
        <OtherTag ID="TYPE_26" LABEL="QuireMarksZone"/>
        <OtherTag ID="TYPE_27" LABEL="MainZone-Sp"/>
        <OtherTag ID="TYPE_28" LABEL="MainZone-List"/>
        <OtherTag ID="TYPE_29" LABEL="GraphicZone-Part"/>
        <OtherTag ID="TYPE_30" LABEL="DigitizationArtefactZone"/>
        <OtherTag ID="TYPE_31" LABEL="MainZone-Entry"/>
        <OtherTag ID="TYPE_32" LABEL="TableZone-Head"/>
        <OtherTag ID="TYPE_33" LABEL="GraphicZone-TextualContent"/>
        <OtherTag ID="TYPE_34" LABEL="AdvertisementZone"/>
        <OtherTag ID="TYPE_35" LABEL="MainZone-List-Continued"/>
        <OtherTag ID="TYPE_36" LABEL="MainZone-Form"/>
        <OtherTag ID="TYPE_37" LABEL="MainZone-Head"/>
        <OtherTag ID="TYPE_38" LABEL="NumberingZone"/>
        <OtherTag ID="TYPE_39" LABEL="TitlePageZone-Index"/>
        <OtherTag ID="TYPE_40" LABEL="MainZone-Sp-Continued"/>
        <OtherTag ID="TYPE_41" LABEL="TableZone"/>
        <OtherTag ID="TYPE_42" LABEL="MainZone-Lg-Continued"/>
    </Tags>
    <Layout>
        <Page WIDTH="1000" HEIGHT="1448" PHYSICAL_IMG_NR="0" ID="page_0">
            <PrintSpace HPOS="0" VPOS="0" WIDTH="1000" HEIGHT="1448">
                <TextBlock ID="block_5" HPOS="380" VPOS="94" WIDTH="47" HEIGHT="33" TAGREFS="TYPE_38">
                    <Shape>
                        <Polygon POINTS="380.7579345703125 94.64131164550781 427.4967346191406 94.64131164550781 427.4967346191406 127.5733642578125 380.7579345703125 127.5733642578125 380.7579345703125 94.64131164550781"/>
                    </Shape>
                    <TextLine ID="line_0" HPOS="379" VPOS="105" WIDTH="68" HEIGHT="26" BASELINE="380 119 447 118" TAGREFS="TYPE_1">
                        <Shape>
                            <Polygon POINTS="444 105 436 105 427 105 419 105 411 105 403 105 395 105 387 105 379 105 380 119 380 127 412 131 413 131 414 131 415 131 423 124 427 123 446 123 447 118 445 105 444 105"/>
                        </Shape>
                        <String CONTENT=""/>
                    </TextLine>
</TextBlock>
                <TextBlock ID="block_1" HPOS="491" VPOS="89" WIDTH="377" HEIGHT="37" TAGREFS="TYPE_20">
                    <Shape>
                        <Polygon POINTS="491.23980712890625 89.93280029296875 868.6831665039062 89.93280029296875 868.6831665039062 126.62555694580078 491.23980712890625 126.62555694580078 491.23980712890625 89.93280029296875"/>
                    </Shape>
                    <TextLine ID="line_1" HPOS="482" VPOS="89" WIDTH="388" HEIGHT="38" BASELINE="483 118 870 115" TAGREFS="TYPE_1">
                        <Shape>
                            <Polygon POINTS="764 105 756 105 748 105 740 105 732 105 724 105 720 105 718 106 713 105 707 105 699 105 691 105 683 105 675 105 674 105 670 106 669 105 667 105 659 105 651 105 643 105 635 105 627 105 621 105 619 105 611 105 609 105 607 107 595 107 592 105 587 105 579 105 571 105 569 105 563 107 547 107 545 105 539 105 530 105 522 105 514 105 506 105 498 105 490 105 482 105 482 105 483 118 483 123 497 127 497 127 498 127 584 123 621 122 624 123 629 127 629 127 630 127 631 127 653 123 666 122 671 123 679 127 679 127 680 127 695 124 704 122 714 124 725 127 726 127 727 127 777 125 778 125 779 125 779 124 780 124 783 121 868 124 870 115 869 94 858 89 857 89 772 89 771 89 770 89 769 89 765 92 764 105"/>
                        </Shape>
                        <String CONTENT=""/>
                    </TextLine>
</TextBlock>
                <TextBlock ID="block_0" HPOS="376" VPOS="130" WIDTH="583" HEIGHT="361" TAGREFS="TYPE_10">
                    <Shape>
                        <Polygon POINTS="376.1761779785156 130.76368713378906 959.6546020507812 130.76368713378906 959.6546020507812 491.3840026855469 376.1761779785156 491.3840026855469 376.1761779785156 130.76368713378906"/>
                    </Shape>
                    <TextLine ID="line_2" HPOS="378" VPOS="123" WIDTH="581" HEIGHT="45" BASELINE="379 157 959 155" TAGREFS="TYPE_1">
                        <Shape>
                            <Polygon POINTS="379 157 379 168 433 164 469 168 469 168 471 168 582 163 624 167 632 167 633 167 633 167 635 166 644 163 666 166 674 167 674 167 687 166 717 163 958 163 959 155 958 123 927 123 926 123 925 123 925 123 909 132 885 124 881 123 880 123 880 123 879 123 873 125 846 133 779 133 772 127 770 125 769 125 769 125 742 124 741 124 725 128 703 134 667 134 661 129 654 124 654 124 653 124 625 124 625 124 595 130 519 125 518 125 518 125 517 125 506 132 503 134 498 132 474 126 473 126 473 126 448 127 447 127 446 127 436 134 435 135 378 135 379 157"/>
                        </Shape>
                        <String CONTENT=""/>
                    </TextLine>

                    <TextLine ID="line_3" HPOS="378" VPOS="160" WIDTH="581" HEIGHT="43" BASELINE="379 190 959 188" TAGREFS="TYPE_1">
                        <Shape>
                            <Polygon POINTS="379 190 379 203 425 202 426 202 427 202 433 197 448 202 448 202 449 203 479 203 479 202 480 202 481 202 490 197 506 201 510 202 511 202 512 202 513 202 514 202 514 201 522 197 549 201 550 201 551 201 552 201 584 196 682 196 687 199 693 201 694 201 695 201 695 201 707 198 716 196 720 198 727 201 728 201 728 202 765 202 765 201 766 201 783 197 793 195 824 197 896 201 897 201 897 201 912 195 913 195 914 195 928 201 929 201 930 201 958 194 959 188 958 167 866 160 865 160 864 160 864 160 854 167 839 167 811 160 810 160 810 160 809 160 801 167 790 167 766 160 765 160 765 160 764 160 744 166 726 161 725 161 724 161 691 167 679 161 679 161 578 160 577 160 540 168 538 168 448 168 448 168 436 161 435 161 434 161 433 161 419 168 419 168 378 168 379 190"/>
                        </Shape>
                        <String CONTENT=""/>
                    </TextLine>

                    <TextLine ID="line_4" HPOS="376" VPOS="193" WIDTH="585" HEIGHT="41" BASELINE="377 222 961 219" TAGREFS="TYPE_1">
                        <Shape>
                            <Polygon POINTS="377 222 377 231 394 234 395 234 408 231 418 230 431 232 448 234 449 234 464 232 475 229 584 229 592 232 596 234 597 234 598 234 635 234 635 234 636 234 637 234 639 232 645 228 679 228 702 232 708 233 709 233 710 233 712 232 723 228 730 232 731 233 732 233 732 233 733 233 734 233 736 232 744 228 780 232 788 233 789 233 794 232 815 227 878 227 891 232 892 232 893 232 893 232 930 228 959 232 961 219 958 198 938 199 935 198 927 194 926 194 925 194 925 194 924 194 917 198 915 200 825 200 821 199 787 193 786 193 786 193 785 193 777 199 775 201 719 201 718 200 711 193 710 193 709 193 708 193 595 194 594 194 576 201 569 194 568 194 567 194 543 194 543 194 542 194 541 194 532 201 531 201 494 201 493 201 481 195 481 195 480 195 479 195 460 201 459 201 458 201 443 195 442 195 403 195 403 195 402 195 376 201 377 222"/>
                        </Shape>
                        <String CONTENT=""/>
                    </TextLine>

                    <TextLine ID="line_5" HPOS="374" VPOS="226" WIDTH="584" HEIGHT="41" BASELINE="375 255 958 252" TAGREFS="TYPE_1">
                        <Shape>
                            <Polygon POINTS="375 255 375 264 444 263 447 264 452 267 453 267 454 267 455 267 462 263 469 261 539 261 546 263 558 267 559 267 559 267 560 267 570 263 576 260 683 260 686 261 695 265 695 265 696 265 697 265 698 265 702 262 707 266 707 266 708 266 709 267 763 267 763 266 813 265 814 265 814 265 820 261 826 264 827 264 827 264 828 264 839 259 840 259 843 259 876 265 877 265 878 265 890 261 946 265 947 265 948 265 949 265 958 259 958 252 956 232 818 226 818 226 773 232 769 232 768 232 750 227 749 227 748 227 748 227 734 232 731 234 708 234 706 232 699 227 699 227 698 227 646 227 645 227 644 227 643 227 637 232 635 233 619 232 564 229 563 229 563 229 562 229 558 232 555 234 502 234 498 232 488 228 487 228 486 228 464 232 456 234 446 232 419 228 418 228 417 228 407 232 403 234 374 233 375 255"/>
                        </Shape>
                        <String CONTENT=""/>
                    </TextLine>

                    <TextLine ID="line_6" HPOS="378" VPOS="259" WIDTH="580" HEIGHT="40" BASELINE="378 286 958 286" TAGREFS="TYPE_1">
                        <Shape>
                            <Polygon POINTS="378 286 378 292 389 298 390 298 390 298 465 293 482 298 483 298 484 298 485 298 502 293 520 298 521 298 522 299 551 299 551 298 551 298 552 298 558 293 621 293 656 293 666 298 666 298 667 298 694 293 697 293 699 293 714 298 715 298 716 298 748 294 749 294 765 298 765 298 766 298 958 294 958 286 958 259 903 259 902 259 901 259 901 259 888 264 869 260 865 259 864 259 830 260 715 264 691 262 670 259 670 259 669 259 668 259 664 262 661 264 658 262 655 259 654 259 654 259 653 259 626 263 614 263 603 263 567 259 566 259 565 259 564 259 560 263 559 265 518 265 510 263 479 259 478 259 477 259 464 264 462 264 460 264 432 259 431 259 400 264 390 259 390 259 389 259 388 259 378 264 378 286"/>
                        </Shape>
                        <String CONTENT=""/>
                    </TextLine>

                    <TextLine ID="line_7" HPOS="377" VPOS="290" WIDTH="579" HEIGHT="43" BASELINE="378 316 956 318" TAGREFS="TYPE_1">
                        <Shape>
                            <Polygon POINTS="378 316 377 331 411 332 412 332 413 332 414 332 414 331 415 331 420 326 465 330 474 331 475 331 476 331 478 330 496 324 528 329 529 329 530 329 543 324 584 324 591 329 593 331 594 331 595 331 596 331 596 331 604 329 618 324 631 329 639 331 640 331 641 331 671 328 699 325 703 328 710 333 711 333 711 333 712 333 770 333 770 333 771 333 772 333 778 328 794 332 794 332 795 332 796 332 813 326 817 325 818 326 822 330 823 330 823 330 824 330 841 328 851 333 851 333 852 333 895 328 922 333 923 333 924 333 925 333 925 332 931 326 955 324 956 318 956 296 942 291 942 291 941 291 917 296 916 296 909 291 909 291 908 291 840 291 839 291 839 291 829 296 828 296 825 296 797 291 796 291 795 291 794 291 786 296 785 296 774 296 717 292 716 292 681 296 680 296 679 296 629 290 629 290 557 292 556 292 555 292 551 296 551 296 547 296 472 291 471 291 470 291 469 291 461 296 460 296 398 296 396 296 389 292 388 292 387 292 386 292 378 295 378 316"/>
                        </Shape>
                        <String CONTENT=""/>
                    </TextLine>

                    <TextLine ID="line_8" HPOS="376" VPOS="324" WIDTH="582" HEIGHT="42" BASELINE="377 352 958 350" TAGREFS="TYPE_1">
                        <Shape>
                            <Polygon POINTS="377 352 378 366 390 360 399 364 400 364 401 364 509 360 519 366 520 366 521 366 522 366 530 366 588 360 617 364 618 364 619 364 629 360 639 365 641 365 641 365 642 365 646 364 668 359 692 364 698 365 699 366 799 366 799 365 800 365 801 365 802 363 807 359 818 363 818 363 819 363 820 363 823 363 837 360 841 363 843 365 844 365 845 365 846 365 957 362 958 350 956 330 855 330 815 324 798 324 798 324 797 324 796 324 789 329 777 324 777 324 776 324 751 329 725 324 724 324 682 329 671 324 670 324 670 324 669 324 656 329 648 324 647 324 646 324 646 324 586 329 559 324 558 324 557 324 544 330 530 324 530 324 497 324 497 324 496 324 479 330 432 325 431 325 376 331 377 352"/>
                        </Shape>
                        <String CONTENT=""/>
                    </TextLine>

                    <TextLine ID="line_9" HPOS="376" VPOS="358" WIDTH="583" HEIGHT="40" BASELINE="376 383 959 383" TAGREFS="TYPE_1">
                        <Shape>
                            <Polygon POINTS="376 383 376 394 380 397 381 397 382 397 382 397 462 393 520 397 521 397 522 397 530 393 558 397 559 397 559 397 575 393 576 393 605 397 606 398 663 398 663 397 664 397 665 397 671 393 683 397 683 397 684 397 711 393 715 393 717 393 729 397 730 397 731 397 732 397 740 393 741 393 748 393 790 397 790 397 959 394 959 383 959 362 733 358 732 358 732 358 724 362 724 362 721 362 691 358 691 358 658 362 655 362 651 362 603 358 602 358 601 358 591 362 590 363 524 363 521 362 451 358 450 358 449 358 448 358 442 362 442 363 376 363 376 383"/>
                        </Shape>
                        <String CONTENT=""/>
                    </TextLine>

                    <TextLine ID="line_10" HPOS="374" VPOS="390" WIDTH="584" HEIGHT="40" BASELINE="375 417 958 414" TAGREFS="TYPE_1">
                        <Shape>
                            <Polygon POINTS="769 398 761 398 753 398 744 398 736 398 728 398 720 398 712 398 704 398 696 398 688 398 680 398 672 398 664 398 656 398 648 398 640 398 632 398 624 398 616 398 608 398 600 398 592 398 584 398 576 398 567 398 559 398 551 398 543 398 535 398 527 398 519 398 511 398 503 398 495 398 487 398 479 398 471 398 463 398 455 398 447 398 439 398 431 398 423 398 415 398 407 398 399 398 390 398 382 398 374 398 375 417 375 430 957 424 958 414 954 390 937 394 846 391 818 390 818 390 775 391 774 391 773 391 773 392 770 394 769 398"/>
                        </Shape>
                        <String CONTENT=""/>
                    </TextLine>

                    <TextLine ID="line_11" HPOS="376" VPOS="422" WIDTH="584" HEIGHT="41" BASELINE="376 449 960 449" TAGREFS="TYPE_1">
                        <Shape>
                            <Polygon POINTS="376 449 376 462 439 458 584 458 588 461 589 462 590 462 591 462 592 463 669 463 669 462 670 462 673 460 679 458 691 460 699 462 699 462 960 459 960 449 960 427 940 422 939 422 938 422 925 427 924 427 880 427 876 427 867 422 866 422 865 422 864 422 852 427 851 427 797 427 795 427 787 423 786 423 786 423 785 423 770 427 768 427 765 427 743 422 742 422 741 422 732 427 731 427 725 427 687 422 687 422 686 422 674 427 673 427 667 427 629 422 628 422 627 422 626 422 620 427 619 427 617 427 596 422 596 422 531 427 522 427 521 427 514 422 514 422 513 422 430 422 429 422 428 422 427 422 423 427 422 427 376 427 376 449"/>
                        </Shape>
                        <String CONTENT=""/>
                    </TextLine>

                    <TextLine ID="line_12" HPOS="374" VPOS="452" WIDTH="339" HEIGHT="41" BASELINE="375 482 713 479" TAGREFS="TYPE_1">
                        <Shape>
                            <Polygon POINTS="375 482 375 493 596 493 596 492 596 492 608 488 609 488 620 492 621 492 621 492 687 491 713 485 713 479 711 456 592 456 586 452 585 452 584 452 584 452 583 452 582 452 582 452 577 456 560 452 559 452 559 452 507 457 502 452 501 452 500 452 462 452 461 452 460 452 460 452 460 453 456 456 407 453 406 453 374 459 375 482"/>
                        </Shape>
                        <String CONTENT=""/>
                    </TextLine>
</TextBlock>
                <TextBlock ID="block_3" HPOS="370" VPOS="494" WIDTH="588" HEIGHT="508" TAGREFS="TYPE_24">
                    <Shape>
                        <Polygon POINTS="370.7521057128906 494.48193359375 958.3923950195312 494.48193359375 958.3923950195312 1002.9000244140625 370.7521057128906 1002.9000244140625 370.7521057128906 494.48193359375"/>
                    </Shape>
                    <TextLine ID="line_13" HPOS="408" VPOS="484" WIDTH="550" HEIGHT="40" BASELINE="409 514 958 512" TAGREFS="TYPE_1">
                        <Shape>
                            <Polygon POINTS="409 514 409 522 956 524 958 512 956 493 929 493 929 492 917 484 917 484 916 484 915 484 838 492 831 492 823 492 814 491 807 485 807 484 806 484 806 484 757 484 757 484 756 484 735 491 732 492 724 491 695 487 694 487 693 487 683 491 676 493 649 493 646 490 639 485 638 485 637 485 637 485 636 485 625 489 618 485 617 485 617 485 616 485 588 490 576 493 503 493 497 489 487 485 486 485 485 485 485 485 484 485 477 489 423 485 423 485 422 485 408 489 409 514"/>
                        </Shape>
                        <String CONTENT=""/>
                    </TextLine>

                    <TextLine ID="line_14" HPOS="374" VPOS="518" WIDTH="584" HEIGHT="40" BASELINE="374 547 958 545" TAGREFS="TYPE_1">
                        <Shape>
                            <Polygon POINTS="374 547 374 558 957 553 958 545 957 523 942 518 942 518 898 518 897 518 897 518 896 518 889 522 861 518 860 518 860 518 839 522 839 522 836 522 786 518 786 518 757 522 753 522 751 522 735 518 734 518 733 518 700 522 693 522 686 522 657 518 656 518 655 518 654 518 650 522 646 523 635 522 614 518 613 518 586 522 568 523 555 522 536 518 535 518 534 518 524 521 515 524 469 524 464 521 459 518 458 518 457 518 374 520 374 547"/>
                        </Shape>
                        <String CONTENT=""/>
                    </TextLine>

                    <TextLine ID="line_15" HPOS="374" VPOS="551" WIDTH="584" HEIGHT="39" BASELINE="374 578 958 578" TAGREFS="TYPE_1">
                        <Shape>
                            <Polygon POINTS="374 578 374 588 495 590 496 590 497 590 502 588 509 586 539 588 574 590 575 590 586 588 595 586 650 588 750 590 751 590 752 590 765 587 769 586 782 587 835 590 836 590 859 586 862 586 864 586 890 590 891 590 958 585 958 578 956 552 944 556 895 552 877 551 876 551 876 551 872 553 863 557 800 557 794 553 791 551 790 551 790 551 739 551 738 551 713 554 685 557 676 555 667 551 666 551 589 551 588 551 588 551 587 551 581 555 577 558 543 558 540 555 535 551 534 551 534 551 502 551 501 551 500 551 499 551 499 552 494 555 493 558 433 558 431 556 424 551 423 551 423 551 399 551 398 551 374 556 374 578"/>
                        </Shape>
                        <String CONTENT=""/>
                    </TextLine>

                    <TextLine ID="line_16" HPOS="370" VPOS="582" WIDTH="587" HEIGHT="41" BASELINE="371 610 957 608" TAGREFS="TYPE_1">
                        <Shape>
                            <Polygon POINTS="371 610 371 623 399 618 443 622 444 622 502 617 544 622 545 622 546 622 554 618 563 622 563 622 564 622 639 618 647 622 648 622 649 622 693 617 721 621 722 621 723 621 739 617 754 621 755 621 756 621 798 617 814 621 815 621 816 621 858 617 877 621 878 621 879 622 956 622 957 608 956 588 942 583 942 583 941 583 894 586 888 582 887 582 886 582 840 582 839 582 839 582 829 587 787 584 786 584 786 584 776 588 758 582 757 582 757 582 756 582 738 588 710 584 709 584 690 588 662 582 662 582 633 588 628 583 627 583 626 583 625 583 567 587 550 584 549 584 548 584 547 584 542 588 541 589 445 589 445 588 439 584 438 584 437 584 436 584 436 584 426 588 399 583 398 583 370 588 371 610"/>
                        </Shape>
                        <String CONTENT=""/>
                    </TextLine>

                    <TextLine ID="line_17" HPOS="370" VPOS="613" WIDTH="586" HEIGHT="38" BASELINE="371 643 956 641" TAGREFS="TYPE_1">
                        <Shape>
                            <Polygon POINTS="371 643 371 650 954 651 956 641 955 621 944 617 943 617 942 617 885 621 861 613 860 613 818 613 818 613 817 613 799 621 732 621 710 614 709 614 687 614 687 614 686 614 685 614 677 620 668 614 667 614 666 614 635 614 634 614 633 614 633 614 625 620 619 614 618 614 617 614 590 614 589 614 588 614 588 614 579 622 551 622 527 615 526 615 526 615 525 615 510 622 492 617 491 617 490 617 466 622 438 616 437 616 436 616 436 616 427 623 398 623 389 617 388 617 387 617 386 617 386 617 370 623 371 643"/>
                        </Shape>
                        <String CONTENT=""/>
                    </TextLine>

                    <TextLine ID="line_18" HPOS="370" VPOS="646" WIDTH="586" HEIGHT="40" BASELINE="370 675 956 674" TAGREFS="TYPE_1">
                        <Shape>
                            <Polygon POINTS="370 675 370 685 954 686 956 674 954 653 868 646 867 646 866 646 846 653 844 654 808 654 807 653 795 646 794 646 776 646 775 646 738 653 728 646 728 646 727 646 726 646 680 653 662 646 662 646 661 646 634 651 589 647 588 647 588 647 571 654 569 654 538 654 537 654 522 647 522 647 521 647 468 654 466 654 465 654 444 648 444 648 443 648 409 652 394 647 393 647 392 647 391 647 390 647 382 654 382 654 370 654 370 675"/>
                        </Shape>
                        <String CONTENT=""/>
                    </TextLine>

                    <TextLine ID="line_19" HPOS="370" VPOS="679" WIDTH="586" HEIGHT="41" BASELINE="371 707 956 706" TAGREFS="TYPE_1">
                        <Shape>
                            <Polygon POINTS="371 707 371 715 465 715 468 715 473 719 474 719 475 719 476 720 507 720 507 719 508 719 521 715 525 715 532 715 558 719 559 719 594 715 604 715 607 715 616 719 617 719 617 720 663 720 663 719 682 715 690 714 697 715 709 719 710 719 711 719 749 715 769 714 802 715 872 719 872 719 955 715 956 706 954 682 881 686 876 683 876 682 875 682 874 682 873 682 864 683 843 686 839 683 834 679 833 679 832 679 794 679 794 679 793 679 777 684 769 686 764 684 753 679 752 679 751 679 730 683 701 679 700 679 699 679 684 685 681 686 678 685 664 679 663 679 662 679 626 685 611 680 610 680 609 680 609 680 608 680 600 686 598 688 581 688 578 686 568 680 567 680 567 680 566 680 565 680 541 686 538 687 537 686 529 680 528 680 527 680 470 680 469 680 469 680 468 680 457 687 456 688 370 688 371 707"/>
                        </Shape>
                        <String CONTENT=""/>
                    </TextLine>

                    <TextLine ID="line_20" HPOS="370" VPOS="711" WIDTH="584" HEIGHT="41" BASELINE="371 740 954 738" TAGREFS="TYPE_1">
                        <Shape>
                            <Polygon POINTS="371 740 371 748 435 748 436 748 442 752 443 752 444 752 444 752 445 752 454 748 455 748 463 752 464 752 465 752 537 748 542 748 543 748 555 752 555 752 556 752 557 752 572 748 575 747 645 747 646 748 651 751 652 751 653 751 654 751 654 751 667 747 669 747 671 747 683 751 684 751 685 751 953 746 954 738 952 719 891 719 891 719 872 712 871 712 870 712 869 712 857 716 849 711 848 711 847 711 847 711 846 711 825 719 824 719 765 719 764 719 739 712 738 712 737 712 695 717 679 714 679 714 678 714 677 714 677 715 672 719 671 719 669 719 655 712 654 712 654 712 518 713 517 713 516 713 510 718 507 721 485 721 480 718 473 713 472 713 471 713 470 713 469 713 457 718 450 721 410 721 406 718 404 716 403 716 403 716 402 716 401 716 400 716 399 718 396 719 394 718 388 713 387 713 386 713 386 713 385 713 370 717 371 740"/>
                        </Shape>
                        <String CONTENT=""/>
                    </TextLine>

                    <TextLine ID="line_21" HPOS="370" VPOS="744" WIDTH="588" HEIGHT="36" BASELINE="370 772 958 770" TAGREFS="TYPE_1">
                        <Shape>
                            <Polygon POINTS="370 772 370 780 957 778 958 770 956 748 934 744 933 744 932 744 925 748 917 752 907 748 901 746 901 746 900 746 899 746 893 748 882 752 843 751 839 748 835 744 834 744 833 744 832 744 816 748 800 751 786 748 774 744 773 744 773 744 772 744 765 748 761 748 761 748 757 744 757 744 756 744 697 744 696 744 684 747 670 750 662 747 658 745 658 745 657 745 656 745 655 745 654 747 645 753 574 753 562 747 561 746 560 746 559 746 559 746 557 746 537 753 466 753 456 748 456 748 455 748 434 752 419 746 417 745 416 745 415 745 370 745 370 772"/>
                        </Shape>
                        <String CONTENT=""/>
                    </TextLine>

                    <TextLine ID="line_22" HPOS="370" VPOS="775" WIDTH="590" HEIGHT="44" BASELINE="370 806 960 805" TAGREFS="TYPE_1">
                        <Shape>
                            <Polygon POINTS="426 805 418 805 410 805 402 805 394 805 386 805 378 805 373 805 370 806 371 818 396 812 414 818 415 818 416 818 417 818 418 818 419 818 436 813 463 818 465 818 466 818 470 818 508 812 566 812 576 816 576 816 577 816 583 816 638 812 654 815 664 817 665 817 666 817 666 817 669 815 673 812 679 814 688 818 689 818 690 818 710 814 718 813 726 814 751 818 752 818 798 813 810 812 813 813 823 817 824 817 825 817 845 813 851 818 852 818 853 818 854 819 905 819 905 818 905 818 914 814 949 818 950 818 950 818 951 818 960 812 960 805 958 785 935 786 931 785 913 775 913 775 811 775 810 775 810 775 778 785 773 787 769 785 753 781 753 781 638 775 637 775 637 775 636 775 622 784 607 776 606 776 584 776 584 776 583 776 559 785 552 781 551 781 551 781 550 781 549 781 538 786 528 782 527 782 526 782 498 786 478 776 477 776 477 776 476 776 456 786 429 788 426 805"/>
                        </Shape>
                        <String CONTENT=""/>
                    </TextLine>

                    <TextLine ID="line_23" HPOS="370" VPOS="810" WIDTH="583" HEIGHT="39" BASELINE="370 836 953 835" TAGREFS="TYPE_1">
                        <Shape>
                            <Polygon POINTS="764 823 756 813 748 813 747 813 739 814 721 813 716 813 707 813 699 813 691 813 686 813 679 815 663 813 659 813 651 813 643 813 635 813 627 813 625 813 571 816 561 813 555 813 547 813 539 813 530 813 522 813 514 813 506 813 498 813 490 813 482 813 474 813 452 816 444 813 442 813 436 813 431 816 386 813 386 813 385 813 370 817 370 836 370 844 435 849 436 849 436 849 452 844 453 844 550 844 555 848 555 848 556 848 632 849 633 849 633 849 634 849 642 844 659 849 660 849 661 849 706 843 711 843 712 843 725 848 726 848 727 848 765 843 769 843 777 843 870 848 871 848 952 843 953 835 951 816 921 810 920 810 847 815 834 810 833 810 832 810 831 810 819 815 814 810 813 810 812 810 811 810 810 810 794 815 777 810 777 810 776 810 775 810 768 812 764 823"/>
                        </Shape>
                        <String CONTENT=""/>
                    </TextLine>

                    <TextLine ID="line_24" HPOS="370" VPOS="843" WIDTH="584" HEIGHT="39" BASELINE="370 868 954 868" TAGREFS="TYPE_1">
                        <Shape>
                            <Polygon POINTS="370 868 370 882 427 882 427 881 427 881 428 881 435 877 462 881 468 881 469 881 469 881 472 880 485 877 509 880 516 881 517 881 528 880 558 877 566 880 569 881 570 881 571 881 572 881 572 881 574 880 578 877 580 880 582 881 583 881 584 881 584 881 595 880 612 877 623 880 631 881 632 881 645 880 659 877 747 879 909 881 910 881 954 876 954 868 954 851 916 851 915 850 909 845 909 845 908 845 907 845 884 850 882 850 881 850 868 843 867 843 866 843 840 847 823 843 823 843 822 843 821 843 806 849 803 850 802 849 792 843 791 843 790 843 790 843 709 847 689 843 688 843 687 843 687 843 686 843 679 847 675 850 662 847 637 843 637 843 602 843 601 843 595 847 588 851 512 851 506 846 502 843 502 843 501 843 500 843 499 843 493 846 485 850 455 846 454 846 427 850 421 845 418 843 417 843 416 843 401 843 400 843 399 843 399 843 399 843 396 845 392 848 386 845 383 843 382 843 382 843 381 843 370 844 370 868"/>
                        </Shape>
                        <String CONTENT=""/>
                    </TextLine>

                    <TextLine ID="line_25" HPOS="370" VPOS="873" WIDTH="582" HEIGHT="44" BASELINE="370 900 952 902" TAGREFS="TYPE_1">
                        <Shape>
                            <Polygon POINTS="370 900 370 915 403 915 403 914 404 914 405 914 412 909 419 914 420 914 421 914 422 914 423 914 432 909 440 914 440 915 441 915 442 915 443 916 470 916 470 915 477 914 498 909 520 913 530 915 530 915 542 913 560 910 567 913 573 916 574 916 575 916 660 915 661 915 669 913 677 910 736 910 742 912 757 917 758 917 759 917 812 911 819 911 826 911 864 915 864 915 905 911 906 911 907 911 936 916 937 916 938 916 951 910 952 902 950 878 911 880 907 878 904 875 903 875 902 875 841 875 840 875 808 878 779 880 740 878 681 874 680 874 679 874 679 874 674 878 670 880 579 880 575 878 564 873 563 873 532 873 531 873 530 873 520 878 518 879 515 878 494 873 493 873 469 878 465 879 461 878 440 874 440 874 439 874 438 874 432 878 432 879 431 878 423 873 423 873 422 873 421 873 370 878 370 900"/>
                        </Shape>
                        <String CONTENT=""/>
                    </TextLine>

                    <TextLine ID="line_26" HPOS="369" VPOS="909" WIDTH="581" HEIGHT="39" BASELINE="369 933 950 933" TAGREFS="TYPE_1">
                        <Shape>
                            <Polygon POINTS="369 933 369 944 581 947 582 947 600 944 604 943 616 944 670 947 670 947 671 947 686 943 687 943 691 947 692 947 693 947 694 948 748 948 748 947 749 947 757 943 758 943 876 943 876 943 884 947 885 947 886 947 914 943 925 947 926 947 927 947 950 942 950 933 950 915 892 909 830 909 829 909 793 914 724 909 723 909 722 909 710 915 674 915 666 909 666 909 665 909 590 909 589 909 588 909 576 914 530 910 530 910 529 910 528 910 522 915 469 915 458 909 457 909 456 909 456 909 442 913 423 909 422 909 421 909 420 909 412 915 369 915 369 933"/>
                        </Shape>
                        <String CONTENT=""/>
                    </TextLine>

                    <TextLine ID="line_27" HPOS="370" VPOS="940" WIDTH="583" HEIGHT="41" BASELINE="371 966 953 967" TAGREFS="TYPE_1">
                        <Shape>
                            <Polygon POINTS="371 966 370 976 460 980 461 980 479 977 483 976 487 977 505 980 506 980 529 977 534 976 540 977 559 980 560 980 561 980 562 980 567 977 569 976 643 976 654 977 692 981 693 981 952 977 953 967 951 941 872 946 861 941 860 941 860 941 859 941 843 945 808 941 805 941 804 941 802 941 781 946 761 941 759 941 758 941 757 941 757 941 751 946 733 942 732 942 689 946 662 942 662 942 641 946 635 942 633 940 633 940 632 940 611 940 610 940 609 940 609 940 607 942 600 946 571 946 564 942 563 940 562 940 561 940 560 940 559 940 555 942 543 946 371 942 371 966"/>
                        </Shape>
                        <String CONTENT=""/>
                    </TextLine>

                    <TextLine ID="line_28" HPOS="372" VPOS="973" WIDTH="331" HEIGHT="40" BASELINE="372 998 703 998" TAGREFS="TYPE_1">
                        <Shape>
                            <Polygon POINTS="372 998 372 1012 398 1013 399 1013 399 1013 400 1013 401 1012 408 1007 436 1007 442 1011 444 1013 445 1013 446 1013 447 1013 539 1010 604 1007 605 1008 609 1012 609 1013 610 1013 611 1013 612 1013 613 1013 626 1008 627 1008 644 1013 645 1013 646 1013 669 1007 670 1007 670 1007 686 1013 687 1013 687 1013 688 1013 703 1007 703 998 703 976 602 978 584 974 574 973 573 973 564 974 547 978 525 974 517 973 516 973 515 973 514 973 514 974 514 974 510 978 492 974 490 974 489 974 488 974 467 978 436 973 432 973 432 973 431 973 430 973 415 978 410 973 409 973 408 973 407 973 407 973 406 973 392 977 372 973 372 998"/>
                        </Shape>
                        <String CONTENT=""/>
                    </TextLine>
</TextBlock>
                <TextBlock ID="block_2" HPOS="367" VPOS="1010" WIDTH="584" HEIGHT="197" TAGREFS="TYPE_24">
                    <Shape>
                        <Polygon POINTS="367.7344055175781 1010.2434692382812 951.95654296875 1010.2434692382812 951.95654296875 1207.552001953125 367.7344055175781 1207.552001953125 367.7344055175781 1010.2434692382812"/>
                    </Shape>
                    <TextLine ID="line_29" HPOS="401" VPOS="1001" WIDTH="553" HEIGHT="43" BASELINE="402 1032 954 1030" TAGREFS="TYPE_1">
                        <Shape>
                            <Polygon POINTS="402 1032 402 1040 604 1044 605 1044 655 1040 676 1044 677 1044 720 1040 932 1044 933 1044 953 1039 954 1030 953 1007 931 1001 930 1001 898 1001 897 1001 897 1001 885 1007 884 1007 884 1007 868 1001 868 1001 798 1001 798 1001 797 1001 796 1001 789 1007 788 1007 787 1007 773 1001 772 1001 737 1001 736 1001 736 1001 735 1001 735 1002 728 1007 728 1008 680 1008 679 1007 673 1002 672 1002 671 1002 670 1002 670 1002 661 1007 657 1009 613 1009 606 1007 588 1002 588 1002 587 1002 562 1007 553 1008 546 1007 537 1004 536 1004 535 1004 518 1007 506 1008 497 1007 488 1004 487 1004 486 1004 485 1004 485 1004 482 1007 479 1009 438 1009 432 1007 420 1003 419 1003 419 1003 401 1006 402 1032"/>
                        </Shape>
                        <String CONTENT=""/>
                    </TextLine>

                    <TextLine ID="line_30" HPOS="366" VPOS="1035" WIDTH="583" HEIGHT="42" BASELINE="367 1064 949 1062" TAGREFS="TYPE_1">
                        <Shape>
                            <Polygon POINTS="367 1064 368 1077 378 1073 465 1073 471 1076 472 1077 473 1077 473 1077 474 1077 508 1076 577 1073 600 1074 622 1077 623 1077 624 1077 629 1074 633 1073 640 1074 652 1077 653 1077 705 1073 739 1072 747 1073 760 1076 761 1077 812 1077 812 1076 813 1076 814 1076 817 1073 818 1072 838 1073 921 1076 921 1076 948 1071 949 1062 946 1039 904 1040 899 1038 891 1036 890 1036 889 1036 868 1038 851 1040 847 1038 843 1036 842 1036 841 1036 840 1036 839 1036 836 1038 832 1040 764 1040 757 1037 751 1035 750 1035 749 1035 748 1035 739 1037 732 1039 721 1037 709 1036 708 1036 707 1036 703 1037 695 1040 678 1037 672 1036 671 1036 646 1036 503 1040 497 1036 497 1036 496 1036 366 1036 367 1064"/>
                        </Shape>
                        <String CONTENT=""/>
                    </TextLine>

                    <TextLine ID="line_31" HPOS="367" VPOS="1068" WIDTH="585" HEIGHT="42" BASELINE="368 1097 952 1095" TAGREFS="TYPE_1">
                        <Shape>
                            <Polygon POINTS="368 1097 368 1106 469 1105 478 1106 499 1110 500 1110 522 1106 528 1105 534 1106 556 1110 557 1110 558 1110 567 1106 568 1105 572 1106 592 1109 592 1109 593 1109 608 1105 609 1105 610 1105 614 1109 615 1109 616 1109 658 1110 658 1110 716 1104 724 1104 725 1104 734 1109 735 1109 736 1109 781 1105 794 1109 795 1109 796 1109 797 1109 813 1104 823 1109 823 1109 824 1110 900 1110 900 1109 901 1109 901 1109 909 1104 921 1107 921 1107 922 1107 952 1102 952 1095 950 1074 914 1074 914 1073 907 1068 906 1068 905 1068 905 1068 904 1068 891 1072 872 1069 871 1069 870 1069 869 1069 864 1073 864 1073 843 1068 843 1068 842 1068 841 1068 829 1073 828 1074 697 1074 691 1073 674 1069 601 1069 600 1069 600 1069 599 1069 594 1072 591 1074 585 1072 578 1069 577 1069 576 1069 576 1069 567 1072 559 1074 536 1072 510 1069 509 1069 496 1071 487 1073 477 1071 466 1069 465 1069 416 1069 415 1069 415 1069 409 1071 402 1073 367 1071 368 1097"/>
                        </Shape>
                        <String CONTENT=""/>
                    </TextLine>

                    <TextLine ID="line_32" HPOS="366" VPOS="1101" WIDTH="585" HEIGHT="42" BASELINE="366 1129 951 1129" TAGREFS="TYPE_1">
                        <Shape>
                            <Polygon POINTS="366 1129 366 1138 374 1142 375 1142 376 1142 454 1138 469 1143 470 1143 471 1143 472 1143 493 1138 534 1138 546 1143 547 1143 547 1143 589 1143 589 1143 590 1143 604 1138 621 1143 622 1143 623 1143 718 1139 740 1143 740 1143 741 1143 761 1138 796 1143 797 1143 855 1138 864 1142 865 1142 934 1143 934 1143 935 1143 951 1137 951 1129 950 1101 919 1105 890 1102 889 1102 888 1102 888 1102 880 1107 864 1102 861 1101 860 1101 860 1101 859 1101 857 1102 847 1107 806 1107 790 1102 784 1101 783 1101 782 1101 781 1101 776 1102 761 1107 734 1103 732 1103 732 1103 728 1103 678 1107 670 1104 664 1102 663 1102 662 1102 662 1102 661 1102 658 1104 654 1108 620 1108 611 1105 604 1102 603 1102 567 1101 566 1101 545 1106 543 1106 540 1106 513 1101 512 1101 511 1101 510 1101 510 1102 505 1106 503 1108 487 1108 485 1106 474 1101 473 1101 427 1101 426 1101 425 1101 424 1101 415 1107 414 1108 366 1108 366 1129"/>
                        </Shape>
                        <String CONTENT=""/>
                    </TextLine>

                    <TextLine ID="line_33" HPOS="367" VPOS="1135" WIDTH="583" HEIGHT="37" BASELINE="368 1161 950 1160" TAGREFS="TYPE_1">
                        <Shape>
                            <Polygon POINTS="368 1161 368 1172 938 1172 939 1172 940 1172 950 1168 950 1160 948 1136 367 1135 368 1161"/>
                        </Shape>
                        <String CONTENT=""/>
                    </TextLine>

                    <TextLine ID="line_34" HPOS="366" VPOS="1167" WIDTH="583" HEIGHT="51" BASELINE="367 1195 949 1192" TAGREFS="TYPE_1">
                        <Shape>
                            <Polygon POINTS="367 1195 368 1218 391 1208 423 1209 432 1217 432 1217 432 1217 433 1217 434 1217 435 1217 437 1217 469 1208 505 1208 514 1215 517 1217 518 1217 518 1217 519 1218 553 1218 553 1217 572 1214 587 1211 592 1213 600 1217 600 1217 601 1217 682 1217 682 1217 722 1211 731 1215 732 1215 732 1215 748 1213 749 1213 750 1213 754 1210 758 1206 766 1209 781 1216 781 1216 782 1217 813 1217 813 1216 814 1216 814 1216 824 1209 827 1206 840 1208 870 1213 871 1213 872 1213 882 1207 884 1206 948 1206 949 1192 947 1172 886 1167 885 1167 859 1172 843 1167 843 1167 842 1167 841 1167 831 1172 807 1168 806 1168 806 1168 791 1172 780 1167 779 1167 778 1167 777 1167 760 1172 744 1168 744 1168 629 1168 629 1168 628 1168 627 1168 619 1172 600 1168 599 1168 598 1168 597 1168 577 1172 562 1168 561 1168 560 1168 539 1172 534 1168 534 1168 533 1168 532 1168 496 1172 482 1168 481 1168 481 1168 480 1168 479 1168 473 1174 403 1174 395 1169 394 1169 393 1169 366 1174 367 1195"/>
                        </Shape>
                        <String CONTENT=""/>
                    </TextLine>
</TextBlock>
                <TextBlock ID="block_4" HPOS="828" VPOS="1204" WIDTH="119" HEIGHT="35" TAGREFS="TYPE_26">
                    <Shape>
                        <Polygon POINTS="828.290771484375 1204.594482421875 947.9521484375 1204.594482421875 947.9521484375 1239.2679443359375 828.290771484375 1239.2679443359375 828.290771484375 1204.594482421875"/>
                    </Shape>
                    <TextLine ID="line_35" HPOS="824" VPOS="1199" WIDTH="126" HEIGHT="45" BASELINE="824 1227 950 1227" TAGREFS="TYPE_1">
                        <Shape>
                            <Polygon POINTS="824 1227 824 1237 837 1243 838 1243 839 1244 856 1244 856 1243 857 1243 858 1243 858 1242 864 1238 865 1237 901 1237 908 1239 917 1243 918 1243 919 1243 920 1243 928 1240 935 1238 949 1241 950 1227 950 1207 930 1206 930 1205 922 1199 921 1199 921 1199 920 1199 919 1199 906 1205 905 1205 905 1205 888 1199 888 1199 887 1199 886 1199 885 1199 880 1203 875 1206 824 1201 824 1227"/>
                        </Shape>
                        <String CONTENT=""/>
                    </TextLine>
</TextBlock>
            </PrintSpace>
        </Page>
    </Layout>
</alto>