<?xml version="1.0" encoding="UTF-8"?>
<alto xmlns:xsi="http://www.w3.org/2001/XMLSchema-instance"
    xmlns="http://www.loc.gov/standards/alto/ns-v4#"
    xsi:schemaLocation="http://www.loc.gov/standards/alto/ns-v4# http://www.loc.gov/standards/alto/v4/alto-4-3.xsd">
    <Description>
        <MeasurementUnit>pixel</MeasurementUnit>
        <sourceImageInformation>
            <fileName>2013220.jpeg</fileName>
        </sourceImageInformation>
        <Processing ID="OCR_0">
            <processingCategory>other</processingCategory>
            <processingStepDescription>unknown</processingStepDescription>
            <processingSoftware>
                <softwareName>kraken</softwareName>
                <softwareVersion>4.3.13</softwareVersion>
            </processingSoftware>
        </Processing>
    </Description>
    <Tags>
        <OtherTag ID="TYPE_1" LABEL="DefaultLine"/>
        <OtherTag ID="TYPE_2" LABEL="TableZone"/>
        <OtherTag ID="TYPE_3" LABEL="MainZone-Other"/>
        <OtherTag ID="TYPE_4" LABEL="GraphicZone-FigDesc"/>
        <OtherTag ID="TYPE_5" LABEL="GraphicZone-Decoration"/>
        <OtherTag ID="TYPE_6" LABEL="GraphicZone-TextualContent"/>
        <OtherTag ID="TYPE_7" LABEL="DropCapitalZone"/>
        <OtherTag ID="TYPE_8" LABEL="MainZone-Sp"/>
        <OtherTag ID="TYPE_9" LABEL="MainZone-P"/>
        <OtherTag ID="TYPE_10" LABEL="MarginTextZone-Notes"/>
        <OtherTag ID="TYPE_11" LABEL="MainZone-Signature"/>
        <OtherTag ID="TYPE_12" LABEL="TitlePageZone-Index"/>
        <OtherTag ID="TYPE_13" LABEL="TableZone-Head"/>
        <OtherTag ID="TYPE_14" LABEL="NumberingZone"/>
        <OtherTag ID="TYPE_15" LABEL="GraphicZone-Part"/>
        <OtherTag ID="TYPE_16" LABEL="GraphicZone-Head"/>
        <OtherTag ID="TYPE_17" LABEL="FigureZone-FigDesc"/>
        <OtherTag ID="TYPE_18" LABEL="MainZone-P-Continued"/>
        <OtherTag ID="TYPE_19" LABEL="MainZone-List"/>
        <OtherTag ID="TYPE_20" LABEL="TitlePageZone"/>
        <OtherTag ID="TYPE_21" LABEL="GraphicZone-Maths"/>
        <OtherTag ID="TYPE_22" LABEL="FigureZone"/>
        <OtherTag ID="TYPE_23" LABEL="MainZone-Date"/>
        <OtherTag ID="TYPE_24" LABEL="GraphicZone"/>
        <OtherTag ID="TYPE_25" LABEL="AdvertisementZone"/>
        <OtherTag ID="TYPE_26" LABEL="MainZone-Lg"/>
        <OtherTag ID="TYPE_27" LABEL="QuireMarksZone"/>
        <OtherTag ID="TYPE_28" LABEL="TableZone-Continued"/>
        <OtherTag ID="TYPE_29" LABEL="MainZone-Form"/>
        <OtherTag ID="TYPE_30" LABEL="MainZone-Entry"/>
        <OtherTag ID="TYPE_31" LABEL="MarginTextZone-ManuscriptAddendum"/>
        <OtherTag ID="TYPE_32" LABEL="DigitizationArtefactZone"/>
        <OtherTag ID="TYPE_33" LABEL="MarginTextZone-Notes-Continued"/>
        <OtherTag ID="TYPE_34" LABEL="MainZone-Lg-Continued"/>
        <OtherTag ID="TYPE_35" LABEL="StampZone"/>
        <OtherTag ID="TYPE_36" LABEL="MainZone-Entry-Continued"/>
        <OtherTag ID="TYPE_37" LABEL="MainZone-List-Continued"/>
        <OtherTag ID="TYPE_38" LABEL="MainZone-Head"/>
        <OtherTag ID="TYPE_39" LABEL="MainZone-Sp-Continued"/>
        <OtherTag ID="TYPE_40" LABEL="RunningTitleZone"/>
        <OtherTag ID="TYPE_41" LABEL="FigureZone-Head"/>
        <OtherTag ID="TYPE_42" LABEL="StampZone-Sticker"/>
    </Tags>
    <Layout>
        <Page WIDTH="1000" HEIGHT="1448" PHYSICAL_IMG_NR="0" ID="page_0">
            <PrintSpace HPOS="0" VPOS="0" WIDTH="1000" HEIGHT="1448">
                <TextBlock ID="block_5" HPOS="462" VPOS="96" WIDTH="365" HEIGHT="39" TAGREFS="TYPE_40">
                    <Shape>
                        <Polygon POINTS="462.02899169921875 96.15155029296875 827.2271118164062 96.15155029296875 827.2271118164062 135.27224731445312 462.02899169921875 135.27224731445312 462.02899169921875 96.15155029296875"/>
                    </Shape>
                    <TextLine ID="line_0" HPOS="362" VPOS="95" WIDTH="464" HEIGHT="49" BASELINE="362 131 826 120" TAGREFS="TYPE_1">
                        <Shape>
                            <Polygon POINTS="748 109 740 111 732 111 724 111 716 111 707 111 699 111 691 111 683 111 675 111 667 111 659 111 651 111 643 111 635 111 627 111 619 111 611 111 603 111 595 111 587 111 584 111 579 111 571 111 570 111 568 112 550 112 546 111 539 111 530 111 522 111 519 112 515 111 514 111 506 111 498 111 490 113 486 111 482 111 474 111 469 111 463 113 456 111 450 111 442 111 438 111 421 115 414 111 410 111 402 111 394 111 386 111 378 111 370 111 362 111 362 131 363 144 381 139 407 143 407 143 408 143 409 143 410 143 410 142 417 135 433 135 487 140 501 141 502 141 502 141 503 141 506 139 516 133 530 139 534 140 535 140 536 140 548 139 549 139 550 139 550 139 551 138 557 132 583 136 597 139 598 139 599 139 608 135 622 131 654 134 670 135 670 135 671 135 677 133 685 130 698 132 718 136 719 136 720 136 720 136 720 135 725 131 728 128 748 131 781 135 782 135 825 127 826 120 823 95 754 96 753 96 753 96 753 97 748 101 748 109"/>
                        </Shape>
                        <String CONTENT=""/>
                    </TextLine>
</TextBlock>
                <TextBlock ID="block_3" HPOS="355" VPOS="137" WIDTH="575" HEIGHT="195" TAGREFS="TYPE_18">
                    <Shape>
                        <Polygon POINTS="355.2052307128906 137.37704467773438 930.8541259765625 137.37704467773438 930.8541259765625 332.99456787109375 355.2052307128906 332.99456787109375 355.2052307128906 137.37704467773438"/>
                    </Shape>
                    <TextLine ID="line_1" HPOS="355" VPOS="124" WIDTH="571" HEIGHT="57" BASELINE="357 168 834 155 926 156" TAGREFS="TYPE_1">
                        <Shape>
                            <Polygon POINTS="357 168 357 177 412 181 413 181 502 174 534 172 571 172 650 174 650 174 651 174 661 171 666 169 680 170 703 172 704 172 743 169 776 166 786 168 793 169 794 169 794 169 795 169 795 168 797 168 799 165 926 165 926 156 925 130 886 124 885 124 884 124 884 124 873 131 872 131 840 128 839 128 798 133 793 133 790 133 770 127 769 127 769 127 721 129 720 129 710 135 708 135 705 135 680 130 679 130 679 130 653 136 649 137 645 136 626 133 625 133 625 133 624 133 620 137 619 138 618 137 609 133 608 133 607 133 606 133 605 133 598 138 597 138 596 138 576 133 575 133 539 139 531 141 473 141 472 141 456 136 456 136 455 136 355 143 357 168"/>
                        </Shape>
                        <String CONTENT=""/>
                    </TextLine>

                    <TextLine ID="line_2" HPOS="353" VPOS="161" WIDTH="568" HEIGHT="53" BASELINE="353 202 799 189 921 189" TAGREFS="TYPE_1">
                        <Shape>
                            <Polygon POINTS="353 202 353 214 427 209 436 213 437 213 438 213 439 213 440 213 446 209 462 213 465 213 465 213 469 212 498 205 563 205 569 209 570 209 571 209 572 209 607 203 639 207 640 207 641 207 672 201 689 205 690 205 691 205 691 205 692 205 692 205 693 205 695 201 760 204 766 204 767 204 768 204 769 204 777 198 799 202 800 202 844 197 852 201 853 201 854 201 855 201 921 199 921 189 919 161 855 166 845 164 837 161 836 161 835 161 835 161 827 164 819 167 816 164 813 162 812 162 811 162 810 162 810 162 797 165 789 167 776 166 750 164 749 164 732 168 716 171 695 168 666 166 665 166 664 166 663 166 658 170 655 172 646 171 634 168 633 168 617 172 604 174 596 172 581 168 580 168 580 168 547 173 534 170 534 170 533 170 532 170 522 175 518 177 489 177 473 176 414 173 413 173 412 173 400 180 399 180 395 180 369 176 368 176 367 176 353 181 353 202"/>
                        </Shape>
                        <String CONTENT=""/>
                    </TextLine>

                    <TextLine ID="line_3" HPOS="353" VPOS="197" WIDTH="577" HEIGHT="48" BASELINE="354 232 930 218" TAGREFS="TYPE_1">
                        <Shape>
                            <Polygon POINTS="354 232 354 245 443 244 448 243 471 238 484 242 485 242 485 242 486 242 487 242 488 242 497 238 540 241 551 242 552 242 553 242 555 241 565 236 640 239 658 239 658 239 659 239 662 238 672 234 683 238 684 238 685 238 686 238 687 238 689 238 702 233 737 237 742 237 743 237 750 236 800 231 819 235 823 235 824 235 825 235 827 234 839 229 895 228 929 232 930 218 928 200 795 197 794 197 723 203 667 200 666 200 666 200 665 200 657 205 656 206 625 207 588 207 569 207 563 202 562 202 561 202 560 202 526 209 523 209 506 209 502 209 495 204 494 204 493 204 493 204 453 209 443 205 442 205 441 205 365 207 364 207 353 211 354 232"/>
                        </Shape>
                        <String CONTENT=""/>
                    </TextLine>

                    <TextLine ID="line_4" HPOS="353" VPOS="224" WIDTH="577" HEIGHT="55" BASELINE="354 265 930 249" TAGREFS="TYPE_1">
                        <Shape>
                            <Polygon POINTS="354 265 354 275 379 279 380 279 427 274 440 272 462 273 517 275 518 275 518 275 519 275 524 271 527 270 548 271 583 273 584 273 641 271 642 271 643 271 646 269 650 267 659 269 670 271 670 271 671 271 679 268 683 267 775 267 836 267 836 266 837 266 838 266 839 265 844 261 929 263 930 249 928 230 871 224 870 224 869 224 868 224 868 225 861 230 860 232 811 233 807 231 792 226 791 226 790 226 724 233 699 229 698 229 697 229 678 234 666 238 604 238 595 236 584 232 583 232 582 232 581 232 565 236 551 240 538 237 525 234 524 234 523 234 522 234 509 238 493 242 477 238 466 236 465 236 465 236 455 238 436 243 420 239 411 237 411 237 410 237 409 237 402 239 396 242 390 240 385 238 384 238 383 238 353 240 354 265"/>
                        </Shape>
                        <String CONTENT=""/>
                    </TextLine>

                    <TextLine ID="line_5" HPOS="354" VPOS="258" WIDTH="576" HEIGHT="51" BASELINE="355 296 930 283" TAGREFS="TYPE_1">
                        <Shape>
                            <Polygon POINTS="708 267 700 267 692 267 686 267 683 268 667 267 660 267 652 267 644 267 637 267 631 267 613 270 608 267 606 267 604 267 596 267 595 267 589 271 580 268 574 267 572 267 565 267 557 268 542 271 539 268 536 267 535 267 534 267 534 267 520 269 509 271 499 269 489 267 489 267 458 270 384 275 354 271 355 296 355 307 456 309 456 309 490 305 504 304 507 305 514 308 514 308 515 308 516 308 517 308 522 304 525 303 538 304 556 307 557 307 576 304 592 300 696 299 711 302 716 303 717 303 734 301 769 298 788 300 794 301 795 301 805 300 843 296 930 298 930 283 929 263 900 258 899 258 872 259 871 259 860 264 859 265 716 267 712 267 708 267"/>
                        </Shape>
                        <String CONTENT=""/>
                    </TextLine>

                    <TextLine ID="line_6" HPOS="358" VPOS="297" WIDTH="362" HEIGHT="45" BASELINE="358 329 720 322" TAGREFS="TYPE_1">
                        <Shape>
                            <Polygon POINTS="358 329 358 342 404 337 424 341 427 341 428 341 467 341 468 341 469 341 469 340 469 340 474 335 482 339 486 341 487 341 488 341 530 340 531 340 538 337 546 333 562 336 579 339 580 339 580 339 588 335 591 333 594 335 598 337 599 337 600 337 719 330 720 322 717 304 670 304 669 304 660 297 659 297 658 297 629 297 628 297 592 304 582 305 572 304 553 301 552 301 521 304 508 305 506 304 502 300 502 300 502 300 501 300 500 300 456 304 432 307 423 304 413 301 412 301 411 301 411 301 410 301 406 304 400 308 386 304 378 303 377 303 376 303 358 304 358 329"/>
                        </Shape>
                        <String CONTENT=""/>
                    </TextLine>
</TextBlock>
                <TextBlock ID="block_0" HPOS="361" VPOS="331" WIDTH="582" HEIGHT="825" TAGREFS="TYPE_9">
                    <Shape>
                        <Polygon POINTS="361.1391296386719 331.2949523925781 943.3807373046875 331.2949523925781 943.3807373046875 1156.240234375 361.1391296386719 1156.240234375 361.1391296386719 331.2949523925781"/>
                    </Shape>
                    <TextLine ID="line_7" HPOS="390" VPOS="320" WIDTH="536" HEIGHT="52" BASELINE="391 361 926 345" TAGREFS="TYPE_1">
                        <Shape>
                            <Polygon POINTS="391 361 391 372 925 357 926 345 925 327 897 320 897 320 896 320 883 327 855 322 854 322 853 322 852 322 852 323 846 329 812 329 810 329 793 324 792 324 791 324 790 324 790 324 781 329 780 330 773 329 740 325 740 325 739 325 729 330 726 333 699 333 695 331 686 327 685 327 684 327 683 327 670 332 663 333 651 332 626 329 625 329 625 329 624 329 618 333 613 335 580 333 534 331 534 331 533 331 526 334 521 337 501 335 481 333 481 333 460 336 442 338 438 336 434 334 433 334 432 334 390 337 391 361"/>
                        </Shape>
                        <String CONTENT=""/>
                    </TextLine>

                    <TextLine ID="line_8" HPOS="358" VPOS="356" WIDTH="571" HEIGHT="48" BASELINE="359 392 929 379" TAGREFS="TYPE_1">
                        <Shape>
                            <Polygon POINTS="359 392 359 404 497 399 503 400 517 403 518 403 518 403 526 400 529 399 533 399 543 403 543 403 544 403 608 402 636 397 646 395 674 395 772 398 773 398 773 398 788 392 790 392 791 392 811 397 812 397 813 397 829 391 830 391 831 391 856 396 857 396 929 388 929 379 927 356 843 356 842 356 841 356 840 356 838 357 831 362 801 358 793 358 792 358 791 358 789 359 775 363 761 360 750 357 749 357 732 361 707 366 656 366 651 362 650 362 650 362 649 362 648 362 647 362 644 362 635 366 627 363 621 361 621 361 620 361 619 361 613 363 604 368 557 368 551 365 546 362 545 362 544 362 543 362 543 362 539 366 534 369 518 366 502 363 502 363 501 363 500 363 495 366 489 370 478 367 465 364 465 364 358 370 359 392"/>
                        </Shape>
                        <String CONTENT=""/>
                    </TextLine>

                    <TextLine ID="line_9" HPOS="358" VPOS="386" WIDTH="568" HEIGHT="54" BASELINE="359 426 926 410" TAGREFS="TYPE_1">
                        <Shape>
                            <Polygon POINTS="359 426 359 437 432 440 433 440 469 435 472 435 473 435 487 439 488 439 489 439 489 439 502 434 506 433 529 433 613 436 614 436 653 431 670 428 679 430 698 433 699 433 735 428 757 426 790 427 840 429 841 429 890 427 891 427 892 427 895 424 898 422 903 424 909 427 909 427 910 427 926 423 926 410 924 390 864 391 859 390 839 386 838 386 813 391 800 394 794 392 782 388 781 388 781 388 780 388 779 388 773 392 770 394 756 392 738 390 737 390 716 393 694 397 683 394 676 391 675 391 674 391 674 391 673 391 670 394 665 399 611 399 600 395 595 394 594 394 593 394 592 394 589 395 580 400 569 397 568 397 567 397 567 397 553 401 516 397 507 396 506 396 506 396 503 397 495 402 489 397 489 397 488 397 487 397 484 398 462 403 448 398 446 398 445 398 444 398 358 399 359 426"/>
                        </Shape>
                        <String CONTENT=""/>
                    </TextLine>

                    <TextLine ID="line_10" HPOS="358" VPOS="424" WIDTH="572" HEIGHT="48" BASELINE="360 457 930 443" TAGREFS="TYPE_1">
                        <Shape>
                            <Polygon POINTS="360 457 360 466 422 472 423 472 517 463 519 463 520 463 580 468 580 468 629 466 630 466 645 460 646 460 648 460 707 464 707 464 748 457 749 457 751 457 797 462 798 462 930 452 930 443 928 424 740 424 739 424 738 424 737 424 737 425 732 429 731 431 612 433 609 432 594 428 593 428 592 428 592 428 582 433 580 433 549 429 548 429 509 431 508 431 507 431 500 436 498 436 475 436 474 436 465 431 464 431 463 431 462 431 445 436 432 432 431 432 430 432 429 432 419 437 418 439 358 439 360 457"/>
                        </Shape>
                        <String CONTENT=""/>
                    </TextLine>

                    <TextLine ID="line_11" HPOS="358" VPOS="451" WIDTH="574" HEIGHT="52" BASELINE="359 489 932 476" TAGREFS="TYPE_1">
                        <Shape>
                            <Polygon POINTS="359 489 359 498 405 498 406 498 424 503 425 503 426 503 455 497 460 497 463 497 477 501 477 501 478 501 559 500 559 500 567 496 571 494 578 496 593 499 594 499 595 499 604 496 611 493 633 495 644 496 645 496 650 495 666 492 682 494 695 497 695 497 696 497 697 497 699 494 702 493 714 494 728 496 729 496 750 493 781 490 790 493 794 494 795 494 796 494 819 493 907 486 931 491 932 476 930 456 896 451 895 451 894 451 893 451 888 456 887 456 884 456 868 452 868 452 867 452 866 452 857 456 855 457 850 456 828 452 827 452 827 452 818 457 816 457 806 457 761 455 761 455 742 458 726 460 707 458 694 457 693 457 692 457 691 457 690 459 686 461 673 459 660 456 659 456 643 460 624 463 615 460 611 458 610 458 609 458 609 458 603 460 590 464 571 460 561 459 560 459 559 459 559 459 557 460 551 464 540 460 537 460 536 460 535 460 534 460 530 460 517 465 497 461 491 460 490 460 477 461 422 468 358 464 359 489"/>
                        </Shape>
                        <String CONTENT=""/>
                    </TextLine>

                    <TextLine ID="line_12" HPOS="358" VPOS="483" WIDTH="575" HEIGHT="54" BASELINE="359 523 933 509" TAGREFS="TYPE_1">
                        <Shape>
                            <Polygon POINTS="359 523 359 532 382 537 383 537 421 531 424 531 429 531 485 534 485 534 549 533 550 533 551 533 555 529 558 528 566 529 585 531 586 531 635 528 678 525 693 526 708 529 709 529 744 526 785 522 797 525 802 526 803 526 804 526 805 526 806 526 807 525 811 522 822 525 823 525 823 525 824 525 825 525 826 525 836 521 843 524 843 525 843 525 844 525 845 525 933 522 933 509 931 487 897 483 897 483 896 483 880 488 874 489 867 489 844 485 843 485 810 490 792 493 788 490 781 486 781 486 780 486 779 486 778 486 777 486 770 491 765 493 696 493 648 493 647 493 631 495 609 497 598 496 578 492 577 492 501 498 495 498 492 498 451 494 450 494 449 494 427 500 417 502 409 501 386 496 386 496 358 501 359 523"/>
                        </Shape>
                        <String CONTENT=""/>
                    </TextLine>

                    <TextLine ID="line_13" HPOS="361" VPOS="520" WIDTH="573" HEIGHT="48" BASELINE="362 554 934 541" TAGREFS="TYPE_1">
                        <Shape>
                            <Polygon POINTS="362 554 362 563 396 568 397 568 435 563 490 566 491 566 492 566 493 566 498 562 499 561 506 562 532 565 533 565 534 565 534 565 539 561 542 559 567 561 610 563 611 563 637 563 637 563 638 563 642 560 647 557 664 559 674 561 675 561 676 561 677 561 679 559 682 557 710 559 722 559 723 559 732 559 765 555 781 558 789 559 790 559 819 557 897 551 933 555 934 541 932 522 790 520 789 520 788 520 769 526 769 526 704 527 703 527 687 522 687 522 686 522 685 522 673 528 673 529 646 529 645 529 617 524 616 524 615 524 614 524 608 528 587 525 586 525 585 525 574 530 562 526 561 526 560 526 559 526 543 530 469 527 468 527 467 527 454 533 397 529 396 529 361 535 362 554"/>
                        </Shape>
                        <String CONTENT=""/>
                    </TextLine>

                    <TextLine ID="line_14" HPOS="361" VPOS="550" WIDTH="572" HEIGHT="51" BASELINE="362 587 933 571" TAGREFS="TYPE_1">
                        <Shape>
                            <Polygon POINTS="362 587 362 601 452 594 475 597 476 597 477 597 487 593 503 597 511 599 512 599 513 599 517 596 523 593 534 596 541 598 542 598 543 598 580 596 581 596 586 594 592 591 600 594 605 596 606 596 607 596 621 593 640 589 648 592 654 594 654 594 655 594 684 592 685 592 690 591 697 588 707 590 716 592 716 592 717 592 724 589 728 588 756 588 841 590 842 590 843 590 866 584 869 584 872 584 888 587 889 587 932 581 933 571 930 554 869 555 851 550 851 550 850 550 806 556 782 552 781 552 781 552 780 552 775 556 761 551 761 551 760 551 759 551 747 557 725 552 724 552 724 552 723 552 716 557 691 553 691 553 661 554 660 554 659 554 654 559 640 555 639 555 638 555 637 555 625 561 624 562 588 562 572 556 572 556 571 556 570 556 558 562 552 557 551 557 551 557 550 557 549 557 526 563 514 559 513 559 512 559 477 563 452 559 451 559 450 559 436 566 422 560 421 560 420 560 419 560 419 560 409 567 408 567 361 567 362 587"/>
                        </Shape>
                        <String CONTENT=""/>
                    </TextLine>

                    <TextLine ID="line_15" HPOS="358" VPOS="579" WIDTH="576" HEIGHT="54" BASELINE="359 620 934 604" TAGREFS="TYPE_1">
                        <Shape>
                            <Polygon POINTS="359 620 359 633 423 628 470 631 486 632 487 632 488 632 493 630 512 625 538 625 544 629 545 630 546 630 547 630 547 630 564 629 593 625 596 628 599 629 600 629 600 629 601 629 602 629 611 627 632 622 679 625 680 625 681 625 683 625 723 620 733 625 736 625 737 625 738 625 755 625 756 625 757 625 757 624 757 624 763 619 788 623 791 623 792 623 793 623 794 623 809 619 813 622 814 623 814 623 815 623 816 623 826 622 851 618 856 621 859 622 860 622 860 622 917 621 917 621 918 621 919 620 925 616 933 619 934 604 933 584 898 579 897 579 842 587 837 587 834 587 803 582 802 582 802 582 778 588 776 588 773 588 732 584 732 584 731 584 716 590 716 591 695 591 694 590 665 585 664 585 663 585 662 585 654 592 654 592 641 586 640 586 639 586 638 586 624 592 623 592 621 592 604 588 603 588 602 588 593 593 592 593 591 593 573 588 572 588 572 588 571 588 560 594 559 595 534 595 526 595 445 591 444 591 358 599 359 620"/>
                        </Shape>
                        <String CONTENT=""/>
                    </TextLine>

                    <TextLine ID="line_16" HPOS="361" VPOS="613" WIDTH="576" HEIGHT="52" BASELINE="362 651 937 637" TAGREFS="TYPE_1">
                        <Shape>
                            <Polygon POINTS="362 651 362 661 382 665 382 665 383 665 395 661 396 660 403 660 440 663 440 663 459 659 464 658 485 658 559 661 559 661 580 657 589 655 611 656 648 658 649 658 650 658 658 655 666 652 937 649 937 637 935 616 909 613 909 613 888 617 869 620 860 617 850 614 849 614 848 614 820 618 819 618 806 615 806 615 805 615 804 615 793 619 790 620 787 619 773 617 773 617 772 617 771 617 766 620 763 622 752 621 735 617 734 617 669 618 668 618 654 623 649 625 600 626 595 625 584 621 584 621 583 621 582 621 571 625 565 627 525 626 477 625 476 625 475 625 466 628 460 630 444 630 441 629 435 624 434 624 433 624 432 624 408 625 407 625 407 625 399 629 397 631 393 630 381 626 380 626 379 626 361 630 362 651"/>
                        </Shape>
                        <String CONTENT=""/>
                    </TextLine>

                    <TextLine ID="line_17" HPOS="358" VPOS="643" WIDTH="581" HEIGHT="55" BASELINE="359 684 939 669" TAGREFS="TYPE_1">
                        <Shape>
                            <Polygon POINTS="359 684 359 694 388 698 389 698 390 698 401 693 402 693 403 693 418 697 419 697 419 697 448 692 451 691 452 691 464 695 465 695 465 695 488 691 489 691 490 691 502 695 502 695 503 695 596 692 597 692 598 692 605 687 606 687 609 687 633 691 633 691 663 686 667 686 678 686 750 688 751 688 752 688 769 683 769 683 770 683 784 687 785 687 786 687 938 678 939 669 937 649 924 649 923 649 917 643 916 643 915 643 914 643 884 649 846 645 845 645 810 652 807 652 800 652 719 648 718 648 683 654 662 649 661 649 660 649 659 649 652 656 651 657 626 657 621 657 573 652 572 652 572 652 559 658 559 658 558 658 544 654 543 654 543 654 498 660 495 660 493 660 446 655 445 655 407 662 406 662 405 662 387 657 386 657 386 657 358 663 359 684"/>
                        </Shape>
                        <String CONTENT=""/>
                    </TextLine>

                    <TextLine ID="line_18" HPOS="362" VPOS="678" WIDTH="576" HEIGHT="53" BASELINE="363 715 938 702" TAGREFS="TYPE_1">
                        <Shape>
                            <Polygon POINTS="363 715 363 725 376 731 377 731 378 731 409 725 428 730 429 730 430 730 509 723 531 726 532 726 580 721 597 726 598 726 599 726 600 726 613 721 619 725 620 725 621 725 621 725 649 721 699 724 699 724 700 724 718 718 731 723 732 723 732 723 733 723 734 723 734 722 740 717 740 716 785 716 801 721 802 721 802 721 867 714 872 714 876 714 902 719 903 719 938 712 938 702 937 681 871 678 870 678 809 684 786 686 782 685 773 681 772 681 771 681 770 681 769 681 769 682 765 685 763 687 733 687 724 686 701 682 700 682 674 687 666 689 657 688 638 686 637 686 637 686 636 686 633 689 631 690 626 689 608 685 607 685 606 685 605 685 598 690 596 691 526 692 522 691 500 687 499 687 498 687 497 687 492 692 472 688 471 688 470 688 460 693 458 695 427 695 423 695 396 690 395 690 362 695 363 715"/>
                        </Shape>
                        <String CONTENT=""/>
                    </TextLine>

                    <TextLine ID="line_19" HPOS="362" VPOS="711" WIDTH="576" HEIGHT="52" BASELINE="364 749 938 735" TAGREFS="TYPE_1">
                        <Shape>
                            <Polygon POINTS="757 724 753 717 744 719 728 716 714 714 713 714 699 717 678 721 660 717 650 715 650 715 633 718 602 723 591 719 587 717 586 717 585 717 576 719 552 724 528 719 522 719 522 719 514 719 485 727 393 728 362 723 364 749 364 758 384 763 385 763 427 757 436 756 469 756 584 758 585 758 614 757 615 757 621 754 627 752 633 754 641 756 642 756 643 756 644 756 650 753 656 751 687 753 714 755 715 755 716 755 723 752 732 749 744 752 751 753 752 753 761 752 784 748 820 751 833 752 834 752 835 752 838 751 850 746 868 750 873 751 874 751 881 750 908 744 938 748 938 735 937 713 842 711 841 711 811 715 789 718 784 715 778 712 777 712 777 712 761 715 761 715 757 724"/>
                        </Shape>
                        <String CONTENT=""/>
                    </TextLine>

                    <TextLine ID="line_20" HPOS="362" VPOS="741" WIDTH="577" HEIGHT="52" BASELINE="363 781 939 765" TAGREFS="TYPE_1">
                        <Shape>
                            <Polygon POINTS="363 781 363 790 426 789 432 790 452 793 453 793 507 789 527 787 532 788 543 791 544 791 545 791 572 790 572 790 573 790 573 789 576 787 578 785 616 786 663 788 664 788 665 788 666 788 666 787 668 785 670 783 683 785 695 787 695 787 710 785 728 781 745 784 757 785 757 785 770 784 791 780 808 783 816 784 817 784 826 782 848 778 903 781 905 781 906 781 907 781 908 781 913 777 938 780 939 765 937 741 895 742 894 742 883 748 856 748 847 743 847 743 846 743 845 743 844 743 843 744 829 750 694 753 668 748 665 748 664 748 663 748 662 748 647 753 640 748 639 748 638 748 637 748 637 748 636 748 628 755 604 752 603 752 563 756 546 751 544 751 543 751 543 751 539 752 522 755 500 752 497 752 497 752 496 752 495 752 481 759 459 753 456 753 456 753 448 754 407 759 401 755 400 755 399 755 399 755 362 756 363 781"/>
                        </Shape>
                        <String CONTENT=""/>
                    </TextLine>

                    <TextLine ID="line_21" HPOS="363" VPOS="773" WIDTH="577" HEIGHT="51" BASELINE="365 814 940 798" TAGREFS="TYPE_1">
                        <Shape>
                            <Polygon POINTS="365 814 365 824 539 824 539 823 540 823 546 820 550 818 573 820 602 822 603 822 604 822 604 822 608 819 612 817 617 819 623 821 624 821 625 821 665 818 731 814 748 817 756 818 757 818 757 818 758 818 758 817 759 817 762 814 798 816 808 816 809 816 810 816 810 816 810 815 816 812 838 815 842 815 843 815 843 815 844 815 852 810 872 814 874 814 875 814 876 814 876 814 883 810 939 813 940 798 938 781 909 773 908 773 819 776 818 776 818 776 809 781 770 777 769 777 769 777 750 785 742 778 741 778 740 778 727 778 726 778 725 778 694 786 693 787 687 787 648 787 637 781 636 781 635 781 634 781 611 788 599 782 598 782 597 782 596 782 596 782 585 789 579 789 545 790 543 790 508 785 507 785 506 785 506 785 495 791 495 792 415 793 414 793 395 787 394 787 393 787 392 787 363 794 365 814"/>
                        </Shape>
                        <String CONTENT=""/>
                    </TextLine>

                    <TextLine ID="line_22" HPOS="363" VPOS="806" WIDTH="579" HEIGHT="53" BASELINE="365 845 942 830" TAGREFS="TYPE_1">
                        <Shape>
                            <Polygon POINTS="365 845 365 855 393 859 394 859 395 859 403 855 405 854 414 854 459 857 460 857 484 853 493 851 551 851 649 852 650 852 650 852 651 852 654 850 658 847 662 850 666 851 666 851 667 851 716 851 717 851 718 851 718 850 720 848 723 846 860 846 897 846 897 846 898 846 900 845 909 841 941 844 942 830 940 810 889 806 888 806 888 806 887 806 887 807 883 810 880 813 855 813 851 811 846 808 845 808 844 808 843 808 820 811 801 814 795 812 787 809 786 809 786 809 769 813 758 815 749 813 740 810 740 810 739 810 738 810 737 810 733 814 729 816 707 814 683 811 683 811 666 814 647 818 637 815 629 813 629 813 628 813 611 816 586 820 572 816 567 815 566 815 565 815 564 815 561 817 553 821 518 818 502 816 501 816 500 816 499 816 497 818 489 823 457 824 440 824 433 819 432 818 431 818 430 818 429 818 416 819 387 824 363 821 365 845"/>
                        </Shape>
                        <String CONTENT=""/>
                    </TextLine>

                    <TextLine ID="line_23" HPOS="363" VPOS="838" WIDTH="581" HEIGHT="54" BASELINE="364 877 944 863" TAGREFS="TYPE_1">
                        <Shape>
                            <Polygon POINTS="757 852 755 847 698 849 684 845 683 845 683 845 647 851 624 846 621 846 620 846 613 847 572 852 559 848 555 847 555 847 554 847 553 847 548 848 536 853 504 850 490 848 489 848 477 851 450 855 435 851 428 850 427 850 427 850 363 853 364 877 364 887 390 892 390 892 391 892 392 892 398 887 416 891 417 891 462 885 466 885 469 885 486 888 487 888 488 888 489 888 489 888 492 885 493 884 496 884 504 888 505 888 506 888 525 884 534 883 560 884 620 886 621 886 668 882 701 879 713 881 724 883 724 883 748 880 783 876 793 880 798 881 799 881 800 881 811 879 830 876 839 879 842 880 843 880 843 880 852 879 879 874 895 878 900 879 901 879 901 879 944 876 944 863 942 838 870 843 852 840 848 839 847 839 847 839 845 840 834 847 810 847 759 847 757 852"/>
                        </Shape>
                        <String CONTENT=""/>
                    </TextLine>

                    <TextLine ID="line_24" HPOS="364" VPOS="870" WIDTH="578" HEIGHT="55" BASELINE="366 910 942 895" TAGREFS="TYPE_1">
                        <Shape>
                            <Polygon POINTS="759 886 754 876 747 875 742 874 741 874 740 874 736 875 722 879 687 876 678 876 677 876 676 876 674 876 665 880 649 877 645 876 644 876 643 876 641 877 618 884 576 885 521 880 516 880 515 880 514 880 513 880 484 888 451 883 450 883 449 883 423 889 411 883 410 883 409 883 364 883 366 910 366 925 427 918 491 921 516 922 517 922 532 920 560 915 609 917 642 918 643 918 644 918 653 915 662 913 675 914 689 917 690 917 691 917 703 913 713 911 718 913 725 917 726 917 727 917 751 912 764 909 777 911 806 914 807 914 808 914 818 910 845 912 846 912 847 912 847 912 851 908 853 907 867 908 909 910 909 910 941 905 942 895 939 871 912 875 901 872 897 870 897 870 896 870 853 871 838 872 789 880 781 874 780 874 779 874 778 874 777 874 777 874 769 880 761 878 759 886"/>
                        </Shape>
                        <String CONTENT=""/>
                    </TextLine>

                    <TextLine ID="line_25" HPOS="379" VPOS="903" WIDTH="563" HEIGHT="52" BASELINE="380 941 942 928" TAGREFS="TYPE_1">
                        <Shape>
                            <Polygon POINTS="757 917 749 917 741 917 733 917 725 917 717 917 709 917 701 917 693 917 685 917 677 917 669 917 661 917 653 917 645 917 637 917 629 917 621 917 613 917 604 917 596 917 588 917 585 917 580 917 572 917 564 917 556 917 548 917 540 917 532 917 524 917 517 917 510 920 510 920 504 920 478 920 473 917 468 917 460 917 452 917 444 917 436 917 427 917 419 917 411 917 407 917 396 923 379 923 380 941 382 955 390 950 412 954 414 954 415 954 415 954 416 954 427 950 510 952 518 952 519 952 520 952 521 952 521 951 526 947 547 951 548 951 549 951 552 951 596 946 637 949 638 949 639 949 643 949 810 941 850 944 853 944 854 944 855 944 855 944 873 939 886 943 887 943 888 943 888 943 891 943 917 938 941 942 942 928 941 909 920 903 919 903 918 903 840 905 839 905 826 911 823 913 821 912 810 907 809 907 808 907 807 907 797 912 794 913 759 913 757 917"/>
                        </Shape>
                        <String CONTENT=""/>
                    </TextLine>

                    <TextLine ID="line_26" HPOS="365" VPOS="933" WIDTH="576" HEIGHT="54" BASELINE="365 974 941 959" TAGREFS="TYPE_1">
                        <Shape>
                            <Polygon POINTS="380 974 372 974 365 974 365 974 365 984 485 987 486 987 522 986 522 986 523 986 530 981 576 984 576 984 577 984 578 984 578 983 584 979 584 978 617 978 619 978 635 983 636 983 637 983 670 978 696 982 697 982 698 982 699 982 706 975 707 975 727 981 728 981 728 981 770 976 811 979 812 979 813 979 814 979 823 972 823 972 825 972 835 975 836 975 837 975 838 975 847 972 850 971 852 971 877 977 878 977 879 977 880 977 880 976 885 970 886 970 941 969 941 959 939 936 917 933 916 933 915 933 909 937 899 942 876 937 858 935 857 935 835 939 811 944 777 942 765 941 764 941 763 941 757 942 744 946 739 942 730 938 729 938 728 938 681 943 645 941 644 941 610 947 602 949 600 948 590 942 589 942 588 942 588 942 587 942 578 949 575 950 572 949 560 944 559 944 559 944 524 950 515 952 510 951 486 945 485 945 485 945 465 946 464 946 463 946 463 946 455 953 454 953 427 950 426 950 383 955 380 974"/>
                        </Shape>
                        <String CONTENT=""/>
                    </TextLine>

                    <TextLine ID="line_27" HPOS="365" VPOS="970" WIDTH="578" HEIGHT="50" BASELINE="366 1004 943 992" TAGREFS="TYPE_1">
                        <Shape>
                            <Polygon POINTS="366 1004 366 1020 480 1014 485 1018 486 1018 487 1018 488 1018 489 1018 497 1014 605 1016 614 1016 615 1016 616 1016 617 1016 634 1009 642 1013 643 1013 644 1013 679 1008 698 1014 699 1014 699 1014 700 1014 701 1014 702 1014 716 1009 744 1013 749 1013 750 1013 751 1013 753 1012 773 1006 865 1004 942 1008 943 992 942 974 880 970 879 970 878 970 877 970 870 974 868 975 864 974 847 970 846 970 845 970 830 974 818 978 793 975 761 972 761 972 760 972 759 972 754 975 752 978 705 980 687 976 673 974 672 974 671 974 658 977 648 979 637 977 627 975 626 975 617 978 595 983 577 978 576 978 576 978 575 978 574 978 573 978 567 983 480 985 460 979 456 979 456 979 455 979 454 979 452 979 436 986 365 981 366 1004"/>
                        </Shape>
                        <String CONTENT=""/>
                    </TextLine>

                    <TextLine ID="line_28" HPOS="367" VPOS="1000" WIDTH="577" HEIGHT="52" BASELINE="368 1037 944 1024" TAGREFS="TYPE_1">
                        <Shape>
                            <Polygon POINTS="368 1037 368 1046 401 1052 402 1052 403 1052 419 1047 475 1051 476 1051 511 1044 527 1049 528 1049 529 1049 530 1049 549 1043 583 1048 584 1048 584 1048 602 1044 654 1047 655 1047 656 1047 666 1042 691 1046 691 1046 721 1040 771 1044 772 1044 773 1044 773 1044 781 1038 782 1038 828 1043 829 1043 830 1043 831 1043 831 1042 836 1036 837 1036 839 1036 871 1042 872 1042 943 1034 944 1024 942 1007 908 1000 907 1000 861 1008 845 1003 844 1003 843 1003 792 1003 791 1003 790 1003 782 1010 728 1004 727 1004 683 1013 661 1013 652 1007 651 1007 650 1007 650 1007 618 1015 556 1015 543 1009 542 1009 541 1009 540 1009 526 1016 512 1009 511 1009 510 1009 481 1010 481 1010 480 1010 469 1017 381 1012 380 1012 379 1012 378 1012 367 1018 368 1037"/>
                        </Shape>
                        <String CONTENT=""/>
                    </TextLine>

                    <TextLine ID="line_29" HPOS="367" VPOS="1032" WIDTH="575" HEIGHT="54" BASELINE="368 1070 942 1056" TAGREFS="TYPE_1">
                        <Shape>
                            <Polygon POINTS="368 1070 368 1086 440 1079 446 1083 446 1084 447 1084 448 1084 448 1084 469 1082 514 1079 520 1081 526 1082 526 1082 527 1082 539 1080 559 1076 651 1077 721 1077 722 1077 738 1073 750 1071 755 1073 762 1076 763 1076 764 1076 806 1075 807 1075 815 1071 818 1069 825 1070 846 1074 847 1074 847 1074 857 1069 860 1068 942 1066 942 1056 941 1036 912 1032 911 1032 910 1032 901 1036 897 1039 892 1036 888 1036 888 1036 887 1036 852 1038 802 1041 797 1040 785 1035 784 1035 783 1035 782 1035 781 1035 781 1036 777 1040 776 1040 763 1036 762 1036 761 1036 761 1036 760 1036 752 1040 750 1042 721 1042 718 1042 694 1037 693 1037 692 1037 691 1037 691 1038 686 1043 684 1044 679 1043 664 1038 663 1038 662 1038 662 1038 661 1038 654 1044 651 1046 618 1046 616 1044 600 1040 599 1040 598 1040 597 1040 596 1040 589 1045 588 1047 585 1046 576 1041 576 1041 575 1041 543 1045 534 1041 534 1041 533 1041 489 1048 482 1049 480 1048 463 1043 462 1043 461 1043 438 1044 437 1044 424 1050 423 1051 420 1051 407 1047 406 1047 405 1047 404 1047 403 1047 398 1051 396 1053 367 1053 368 1070"/>
                        </Shape>
                        <String CONTENT=""/>
                    </TextLine>

                    <TextLine ID="line_30" HPOS="368" VPOS="1065" WIDTH="575" HEIGHT="53" BASELINE="369 1103 943 1090" TAGREFS="TYPE_1">
                        <Shape>
                            <Polygon POINTS="369 1103 369 1114 386 1118 387 1118 388 1118 401 1114 407 1112 413 1114 432 1118 433 1118 434 1118 443 1113 446 1111 451 1113 457 1115 458 1115 459 1115 460 1115 469 1113 477 1110 503 1112 533 1114 534 1114 534 1114 535 1114 538 1112 541 1109 584 1108 606 1108 613 1111 617 1114 618 1114 619 1114 620 1114 621 1114 624 1110 629 1107 639 1110 646 1113 647 1113 648 1113 649 1113 655 1110 666 1106 686 1110 687 1110 729 1105 744 1105 751 1109 752 1110 753 1110 753 1110 754 1110 780 1109 848 1104 861 1108 862 1108 863 1108 864 1108 942 1106 943 1090 942 1066 871 1065 870 1065 834 1069 796 1073 774 1071 751 1069 750 1069 736 1072 725 1074 715 1073 697 1069 696 1069 695 1069 685 1073 680 1075 645 1074 557 1073 556 1073 555 1073 555 1073 547 1077 546 1078 544 1077 534 1073 533 1073 532 1073 531 1073 512 1078 508 1080 452 1080 440 1075 440 1075 439 1075 368 1082 369 1103"/>
                        </Shape>
                        <String CONTENT=""/>
                    </TextLine>

                    <TextLine ID="line_31" HPOS="372" VPOS="1100" WIDTH="382" HEIGHT="47" BASELINE="373 1136 754 1127" TAGREFS="TYPE_1">
                        <Shape>
                            <Polygon POINTS="373 1136 373 1144 476 1147 477 1147 616 1139 746 1140 747 1140 748 1140 748 1140 754 1136 754 1127 753 1106 719 1100 718 1100 717 1100 699 1106 678 1102 677 1102 646 1108 627 1102 626 1102 625 1102 625 1102 624 1102 613 1109 613 1110 603 1110 602 1110 596 1104 596 1103 596 1103 595 1103 594 1103 593 1103 577 1110 576 1110 546 1104 545 1104 544 1104 543 1104 543 1105 538 1110 522 1107 521 1107 498 1111 493 1106 493 1106 492 1106 491 1106 477 1106 476 1106 475 1106 463 1112 445 1106 444 1106 444 1106 443 1106 442 1106 442 1107 436 1113 436 1114 425 1114 424 1113 407 1107 407 1107 406 1107 372 1114 373 1136"/>
                        </Shape>
                        <String CONTENT=""/>
                    </TextLine>
</TextBlock>
                <TextBlock ID="block_1" HPOS="372" VPOS="1140" WIDTH="576" HEIGHT="72" TAGREFS="TYPE_9">
                    <Shape>
                        <Polygon POINTS="372.24017333984375 1140.2120361328125 948.7182006835938 1140.2120361328125 948.7182006835938 1212.2977294921875 372.24017333984375 1212.2977294921875 372.24017333984375 1140.2120361328125"/>
                    </Shape>
                    <TextLine ID="line_32" HPOS="390" VPOS="1131" WIDTH="553" HEIGHT="48" BASELINE="391 1168 943 1155" TAGREFS="TYPE_1">
                        <Shape>
                            <Polygon POINTS="391 1168 391 1178 485 1179 486 1179 487 1179 488 1179 491 1176 493 1174 514 1175 542 1176 543 1176 568 1173 586 1172 594 1172 609 1176 610 1176 654 1171 667 1170 669 1171 674 1174 674 1174 675 1174 676 1174 705 1170 714 1173 715 1173 716 1173 765 1168 780 1167 786 1168 804 1171 805 1171 806 1171 815 1167 818 1166 834 1166 909 1168 909 1168 943 1163 943 1155 942 1135 915 1131 914 1131 913 1131 913 1131 908 1135 827 1136 813 1131 812 1131 811 1131 773 1132 772 1132 771 1132 771 1133 765 1139 712 1139 697 1134 696 1134 695 1134 655 1140 633 1135 632 1135 631 1135 616 1143 594 1143 588 1137 587 1137 586 1137 555 1137 555 1137 554 1137 553 1137 543 1143 423 1140 422 1140 390 1147 391 1168"/>
                        </Shape>
                        <String CONTENT=""/>
                    </TextLine>

                    <TextLine ID="line_33" HPOS="373" VPOS="1162" WIDTH="576" HEIGHT="63" BASELINE="374 1199 949 1188" TAGREFS="TYPE_1">
                        <Shape>
                            <Polygon POINTS="374 1199 374 1225 488 1225 489 1225 496 1222 519 1213 534 1221 539 1223 539 1223 540 1223 541 1223 547 1220 557 1215 574 1218 575 1218 576 1218 592 1212 604 1218 609 1221 610 1221 611 1221 633 1217 640 1216 643 1217 657 1221 658 1221 658 1221 659 1221 660 1221 666 1216 670 1213 681 1215 693 1217 694 1217 695 1217 695 1217 698 1214 704 1209 732 1213 754 1216 755 1216 756 1216 765 1212 771 1209 774 1212 778 1215 779 1215 780 1215 813 1217 814 1217 814 1217 832 1209 839 1207 848 1209 858 1210 859 1210 948 1205 949 1188 946 1162 901 1166 881 1164 872 1163 872 1163 871 1163 868 1164 857 1169 845 1164 842 1164 841 1164 840 1164 839 1164 833 1165 816 1169 724 1168 687 1168 687 1168 686 1168 685 1168 685 1169 684 1170 681 1172 640 1171 568 1168 567 1168 567 1168 552 1174 548 1175 542 1174 511 1169 510 1169 478 1176 377 1174 376 1174 375 1174 374 1174 374 1175 373 1176 374 1199"/>
                        </Shape>
                        <String CONTENT=""/>
                    </TextLine>
</TextBlock>
                <TextBlock ID="block_4" HPOS="888" VPOS="1202" WIDTH="56" HEIGHT="25" TAGREFS="TYPE_27">
                    <Shape>
                        <Polygon POINTS="888.09716796875 1202.7535400390625 944.3602905273438 1202.7535400390625 944.3602905273438 1227.61083984375 888.09716796875 1227.61083984375 888.09716796875 1202.7535400390625"/>
                    </Shape>
                    <TextLine ID="line_34" HPOS="888" VPOS="1198" WIDTH="54" HEIGHT="56" BASELINE="888 1219 942 1219" TAGREFS="TYPE_1">
                        <Shape>
                            <Polygon POINTS="888 1219 888 1254 942 1250 942 1219 942 1201 888 1198 888 1219"/>
                        </Shape>
                        <String CONTENT=""/>
                    </TextLine>
</TextBlock>
            </PrintSpace>
        </Page>
    </Layout>
</alto>