<?xml version="1.0" encoding="UTF-8"?>
<alto xmlns:xsi="http://www.w3.org/2001/XMLSchema-instance"
      xmlns="http://www.loc.gov/standards/alto/ns-v4#"
      xsi:schemaLocation="http://www.loc.gov/standards/alto/ns-v4# http://www.loc.gov/standards/alto/v4/alto-4-2.xsd">
  <Description>
    <MeasurementUnit>pixel</MeasurementUnit>
    <sourceImageInformation>
      <fileName>2012898.png</fileName>
    </sourceImageInformation>
  </Description>
  <Tags>
    <OtherTag ID="BT10" LABEL="DropCapitalZone" DESCRIPTION="block type DropCapitalZone"/><OtherTag ID="BT11" LABEL="GraphicZone" DESCRIPTION="block type GraphicZone"/><OtherTag ID="BT12" LABEL="MainZone" DESCRIPTION="block type MainZone"/><OtherTag ID="BT13" LABEL="MarginTextZone" DESCRIPTION="block type MarginTextZone"/><OtherTag ID="BT15" LABEL="NumberingZone" DESCRIPTION="block type NumberingZone"/><OtherTag ID="BT17" LABEL="QuireMarksZone" DESCRIPTION="block type QuireMarksZone"/><OtherTag ID="BT18" LABEL="RunningTitleZone" DESCRIPTION="block type RunningTitleZone"/><OtherTag ID="BT22" LABEL="TitlePageZone" DESCRIPTION="block type TitlePageZone"/><OtherTag ID="BT3206" LABEL="MainZone-Head" DESCRIPTION="block type MainZone-Head"/><OtherTag ID="BT3207" LABEL="MainZone-P" DESCRIPTION="block type MainZone-P"/><OtherTag ID="BT3208" LABEL="MainZone-Continued" DESCRIPTION="block type MainZone-Continued"/><OtherTag ID="BT3209" LABEL="MarginTextZone-ManuscriptAddendum" DESCRIPTION="block type MarginTextZone-ManuscriptAddendum"/><OtherTag ID="BT3210" LABEL="MainZone-Entry" DESCRIPTION="block type MainZone-Entry"/>
    <OtherTag ID="LT7" LABEL="CustomLine" DESCRIPTION="line type CustomLine"/><OtherTag ID="LT8" LABEL="DefaultLine" DESCRIPTION="line type DefaultLine"/><OtherTag ID="LT9" LABEL="DropCapitalLine" DESCRIPTION="line type DropCapitalLine"/><OtherTag ID="LT10" LABEL="HeadingLine" DESCRIPTION="line type HeadingLine"/><OtherTag ID="LT62" LABEL="CustomLine : BiblicalText" DESCRIPTION="line type CustomLine : BiblicalText"/>
  </Tags>
  <Layout>
    <Page WIDTH="1807"
          HEIGHT="2677"
          PHYSICAL_IMG_NR="14"
          ID="eSc_dummypage_">
      <PrintSpace HPOS="0"
                  VPOS="0"
                  WIDTH="1807"
                  HEIGHT="2677">
        <TextBlock HPOS="927"
                   VPOS="141"
                   WIDTH="472"
                   HEIGHT="63"
                   ID="block_1"
                   TAGREFS="BT18">
          <Shape><Polygon POINTS="1399 141 1399 204 927 204 927 141"/></Shape>
          <TextLine ID="eSc_line_89c1b052"
                    TAGREFS="LT10"
                    BASELINE="939 190 1387 182" 
                    HPOS="938.0"
                    VPOS="144.0"
                    WIDTH="449.0"
                    HEIGHT="65.0">
            <Shape><Polygon POINTS="1357 147 1345 147 1340 147 1325 147 1310 147 1295 147 1280 147 1265 147 1262 145 1255 150 1252 150 1249 150 1229 145 1221 145 1206 145 1191 145 1176 145 1155 150 1148 151 1143 150 1130 144 1118 144 1109 150 1105 153 1093 150 1064 144 1063 144 938 150 938 151 939 190 939 205 1206 209 1207 209 1323 200 1372 206 1374 206 1375 206 1377 206 1387 199 1387 182 1381 160 1369 151"/></Shape>
            <String CONTENT="EPISTOLA."
                    HPOS="938.0"
                    VPOS="144.0"
                    WIDTH="449.0"
                    HEIGHT="65.0"
                    WC="0.999683890077803"></String>
          </TextLine>
        </TextBlock>
        <TextBlock HPOS="609"
                   VPOS="213"
                   WIDTH="1068"
                   HEIGHT="1933"
                   ID="block_0"
                   TAGREFS="BT3208">
          <Shape><Polygon POINTS="1677 213 1677 2146 609 2146 609 213"/></Shape>
          <TextLine ID="eSc_line_df14ae11"
                    TAGREFS="LT8"
                    BASELINE="641 273 1673 263" 
                    HPOS="639.0"
                    VPOS="205.0"
                    WIDTH="1034.0"
                    HEIGHT="92.0">
            <Shape><Polygon POINTS="1650 212 1635 212 1621 211 1618 211 1613 212 1606 215 1597 212 1585 208 1576 208 1561 208 1549 206 1524 212 1505 205 1503 205 1502 205 1500 205 1499 205 1484 214 1392 205 1390 205 1326 217 1317 218 1316 217 1304 208 1304 206 1302 206 1301 206 1274 206 1273 206 1271 206 1270 206 1270 208 1258 218 1256 220 1072 221 1070 220 1057 214 1055 214 1054 214 987 221 986 221 969 209 968 209 966 209 933 209 932 209 881 220 825 212 823 212 822 212 774 224 773 224 704 214 703 214 639 226 641 273 641 288 774 297 776 297 823 287 828 287 840 287 951 294 953 294 954 294 984 285 987 285 989 285 1021 294 1023 294 1024 294 1026 294 1027 294 1041 285 1078 294 1079 294 1081 294 1183 287 1226 292 1228 292 1229 292 1231 292 1231 291 1241 282 1243 282 1256 282 1368 290 1369 290 1408 282 1420 290 1421 290 1423 290 1424 290 1426 290 1447 281 1448 281 1450 281 1500 288 1502 288 1589 279 1594 279 1595 279 1635 288 1637 288 1638 288 1673 278 1673 263 1671 221 1665 217"/></Shape>
            <String CONTENT="cipit Deus, Denique modo ſit Eccleſia &amp;"
                    HPOS="639.0"
                    VPOS="205.0"
                    WIDTH="1034.0"
                    HEIGHT="92.0"
                    WC="0.986108338221526"></String>
          </TextLine>
          <TextLine ID="eSc_line_954f2982"
                    TAGREFS="LT8"
                    BASELINE="641 342 1679 330" 
                    HPOS="639.0"
                    VPOS="281.0"
                    WIDTH="1040.0"
                    HEIGHT="83.0">
            <Shape><Polygon POINTS="641 342 641 356 768 364 770 364 887 353 901 353 966 353 1650 353 1652 353 1653 353 1679 343 1679 330 1674 294 1491 294 1481 294 1366 281 1365 281 1363 281 1342 292 1271 292 1229 282 1228 282 1226 282 1225 282 1195 294 1182 294 1082 298 1057 294 1008 285 1006 285 910 288 908 288 893 294 878 301 865 294 849 287 847 287 846 287 844 287 815 294 806 297 797 294 774 287 773 287 771 287 770 287 768 287 759 294 748 304 721 304 704 294 694 288 693 288 691 288 690 288 639 294 641 342"/></Shape>
            <String CONTENT="Dei domus εὔτακτος, nõ autẽ ſentina im¬"
                    HPOS="639.0"
                    VPOS="281.0"
                    WIDTH="1040.0"
                    HEIGHT="83.0"
                    ></String>
          </TextLine>
          <TextLine ID="eSc_line_d9bcf9b9"
                    TAGREFS="LT8"
                    BASELINE="638 411 1109 403 1676 403" 
                    HPOS="636.0"
                    VPOS="345.0"
                    WIDTH="1040.0"
                    HEIGHT="89.0">
            <Shape><Polygon POINTS="638 434 679 425 691 434 693 434 694 434 696 434 703 434 849 423 1171 431 1212 431 1213 431 1222 431 1286 422 1353 429 1359 429 1360 429 1365 429 1435 419 1533 428 1539 428 1540 428 1545 428 1613 417 1674 426 1676 403 1674 358 1595 345 1594 345 1592 345 1566 358 1563 358 1487 346 1485 346 1484 346 1482 346 1482 348 1470 358 1427 359 1400 359 1381 359 1363 359 1351 349 1351 348 1350 348 1348 348 1347 348 1345 348 1307 359 1267 350 1265 350 1224 359 1183 349 1182 349 1180 349 1179 349 1155 361 1125 349 1124 349 1069 349 1067 349 1066 349 1064 349 1064 350 1052 361 1042 355 1041 355 1039 355 1038 355 1018 362 1017 362 1014 362 984 350 983 350 981 350 980 350 944 359 911 350 910 350 908 350 907 350 883 359 831 350 829 350 828 350 826 350 826 352 813 364 812 364 809 364 737 352 736 352 734 352 709 364 672 356 670 356 636 364 638 411"/></Shape>
            <String CONTENT="proborũ, ſed rectè adminiſtrata familia."
                    HPOS="636.0"
                    VPOS="345.0"
                    WIDTH="1040.0"
                    HEIGHT="89.0"
                    WC="0.962357401847839"></String>
          </TextLine>
          <TextLine ID="eSc_line_d9618cb3"
                    TAGREFS="LT8"
                    BASELINE="636 478 1674 468" 
                    HPOS="635.0"
                    VPOS="416.0"
                    WIDTH="1039.0"
                    HEIGHT="86.0">
            <Shape><Polygon POINTS="636 478 636 498 679 490 709 498 731 502 733 502 734 502 749 496 764 490 776 496 780 498 782 498 783 498 785 498 794 496 822 489 847 495 862 498 864 498 865 498 867 498 870 495 877 487 929 487 939 493 950 501 951 501 953 501 954 501 1091 490 1109 490 1145 490 1155 499 1157 499 1158 499 1160 499 1198 492 1268 498 1270 498 1271 498 1273 498 1287 487 1295 484 1427 484 1438 486 1522 496 1524 496 1525 496 1574 483 1582 481 1589 483 1652 495 1653 495 1655 495 1656 495 1674 483 1674 468 1670 428 1505 429 1493 428 1438 416 1436 416 1435 416 1433 416 1418 428 1414 431 1374 431 1348 428 1280 417 1279 417 1277 417 1253 428 1252 428 1243 428 1137 419 1136 419 1134 419 1133 419 1121 428 1115 432 1100 428 1094 426 1093 426 1091 426 1090 426 1085 428 1070 435 1020 435 1012 428 1003 420 1002 420 1000 420 999 420 997 420 996 420 986 428 978 434 968 428 951 420 950 420 948 420 947 420 931 428 914 435 893 428 883 425 881 425 880 425 852 428 812 434 801 428 789 422 788 422 786 422 635 428 636 478"/></Shape>
            <String CONTENT="Subſtantia igitur diſciplinæ vbique in"
                    HPOS="635.0"
                    VPOS="416.0"
                    WIDTH="1039.0"
                    HEIGHT="86.0"
                    WC="0.975955989800001"></String>
          </TextLine>
          <TextLine ID="eSc_line_1f340262"
                    TAGREFS="LT8"
                    BASELINE="635 545 1671 538" 
                    HPOS="633.0"
                    VPOS="481.0"
                    WIDTH="1038.0"
                    HEIGHT="88.0">
            <Shape><Polygon POINTS="635 545 636 569 658 559 673 568 675 568 676 568 678 568 679 568 712 559 724 568 725 568 727 568 728 569 829 569 829 568 831 568 832 568 832 566 834 566 844 557 981 563 1047 566 1048 566 1049 566 1058 562 1073 556 1164 560 1247 565 1249 565 1296 559 1328 554 1372 557 1444 562 1445 562 1478 556 1484 554 1488 554 1511 562 1512 562 1514 562 1515 562 1536 554 1540 553 1543 554 1555 562 1557 562 1558 562 1560 563 1607 563 1607 562 1670 551 1671 538 1667 493 1622 493 1618 492 1586 481 1585 481 1583 481 1488 492 1456 496 1360 496 1350 492 1329 483 1328 483 1326 483 1325 483 1304 490 1295 495 1290 490 1283 484 1282 484 1280 484 1279 484 1250 490 1243 492 1234 490 1197 484 1195 484 1194 484 1177 490 1163 496 1110 490 1060 484 1058 484 1057 484 1055 484 1055 486 1049 490 1041 498 1008 490 1000 489 999 489 997 489 994 490 968 498 932 489 914 486 913 486 807 487 806 487 803 489 782 499 633 489 635 545"/></Shape>
            <String CONTENT="Eccleſijs Dei eadem eſſe debet: accidens"
                    HPOS="633.0"
                    VPOS="481.0"
                    WIDTH="1038.0"
                    HEIGHT="88.0"
                    WC="0.980241557955742"></String>
          </TextLine>
          <TextLine ID="eSc_line_6d0b768f"
                    TAGREFS="LT8"
                    BASELINE="635 612 1673 605" 
                    HPOS="633.0"
                    VPOS="553.0"
                    WIDTH="1040.0"
                    HEIGHT="85.0">
            <Shape><Polygon POINTS="635 612 635 627 718 627 721 627 755 636 757 636 758 636 800 627 868 638 870 638 871 638 873 638 873 636 884 627 908 633 910 633 911 633 954 626 986 635 987 635 989 635 1030 627 1069 636 1070 636 1072 638 1253 638 1253 636 1255 636 1256 636 1256 635 1267 626 1279 635 1280 635 1282 635 1283 635 1344 627 1353 635 1354 635 1356 635 1357 636 1414 636 1414 635 1415 635 1464 621 1485 630 1487 630 1574 633 1576 633 1577 633 1601 620 1673 618 1673 605 1670 568 1554 568 1530 553 1528 553 1527 553 1475 553 1473 553 1472 553 1432 569 1393 569 1374 554 1372 554 1371 554 1331 554 1329 554 1328 554 1326 554 1314 563 1264 554 1262 554 1261 554 1259 554 1259 556 1249 566 1158 568 1107 559 1106 559 1105 559 1069 569 1011 557 1009 557 1008 557 984 571 923 571 841 557 840 557 762 569 682 562 681 562 679 562 633 574 635 612"/></Shape>
            <String CONTENT="autem illius mutari poteſt. Ergo diligen¬"
                    HPOS="633.0"
                    VPOS="553.0"
                    WIDTH="1040.0"
                    HEIGHT="85.0"
                    WC="0.98161815143213"></String>
          </TextLine>
          <TextLine ID="eSc_line_3c828294"
                    TAGREFS="LT8"
                    BASELINE="632 684 1670 676" 
                    HPOS="630.0"
                    VPOS="623.0"
                    WIDTH="1040.0"
                    HEIGHT="81.0">
            <Shape><Polygon POINTS="632 684 632 700 1191 704 1192 704 1194 704 1195 704 1198 701 1206 696 1235 701 1252 704 1253 704 1268 701 1302 694 1372 701 1387 703 1389 703 1390 703 1393 701 1408 694 1496 700 1497 700 1570 693 1588 701 1589 701 1591 703 1668 703 1670 676 1667 636 1606 623 1604 623 1603 623 1567 636 1566 636 1564 636 1539 623 1537 623 1536 623 1534 623 1533 623 1516 636 1514 638 1454 639 1432 639 1427 636 1411 624 1409 624 1408 624 1365 624 1363 624 1362 624 1360 624 1350 633 1317 629 1316 629 1314 629 1313 629 1305 636 1302 638 1290 636 1234 626 1232 626 1231 626 1229 626 1218 636 1212 640 1082 640 1076 636 1064 626 1063 626 1061 626 1060 626 1058 626 1041 636 1036 638 1030 636 1014 630 1012 630 1011 630 1009 630 989 636 968 640 957 636 939 627 938 627 936 627 884 636 868 638 864 636 847 627 846 627 844 627 789 629 788 629 786 629 779 636 776 638 630 636 632 684"/></Shape>
            <String CONTENT="ter quid eſſentiale, quid accidentale ſit,"
                    HPOS="630.0"
                    VPOS="623.0"
                    WIDTH="1040.0"
                    HEIGHT="81.0"
                    WC="0.993688288189116"></String>
          </TextLine>
          <TextLine ID="eSc_line_57cd8e1e"
                    TAGREFS="LT8"
                    BASELINE="626 751 1667 742" 
                    HPOS="624.0"
                    VPOS="693.0"
                    WIDTH="1043.0"
                    HEIGHT="84.0">
            <Shape><Polygon POINTS="626 751 626 770 795 777 797 777 844 770 856 768 873 770 938 776 939 776 1055 768 1094 767 1667 767 1667 742 1664 707 1582 707 1560 693 1558 693 1557 693 1509 693 1508 693 1506 693 1505 693 1505 694 1488 707 1488 709 1354 709 1354 707 1323 694 1322 694 1320 694 1319 694 1268 709 1265 709 1262 709 1201 696 1200 696 1198 696 1149 709 1143 710 1139 709 1112 697 1110 697 1072 697 1070 697 1069 697 1038 709 1035 710 1030 709 987 700 986 700 984 700 962 710 960 710 959 710 928 698 926 698 925 698 923 698 922 698 908 710 905 713 844 713 838 710 800 698 798 698 797 698 795 698 794 698 773 710 771 712 770 710 746 700 745 700 655 700 654 700 652 700 624 709 626 751"/></Shape>
            <String CONTENT="diſtinguendum eſſe reſpondemus. Porro"
                    HPOS="624.0"
                    VPOS="693.0"
                    WIDTH="1043.0"
                    HEIGHT="84.0"
                    WC="0.982745173815134"></String>
          </TextLine>
          <TextLine ID="eSc_line_a90d5657"
                    TAGREFS="LT8"
                    BASELINE="629 822 1665 810" 
                    HPOS="627.0"
                    VPOS="762.0"
                    WIDTH="1038.0"
                    HEIGHT="82.0">
            <Shape><Polygon POINTS="629 822 629 838 877 844 878 844 880 844 881 844 881 843 890 835 895 832 997 832 1000 834 1012 843 1014 843 1015 843 1017 843 1066 832 1076 831 1081 832 1103 841 1105 841 1106 841 1167 831 1179 829 1182 831 1191 838 1191 840 1192 840 1194 840 1195 841 1249 841 1249 840 1250 840 1286 829 1293 828 1331 829 1491 835 1493 835 1537 826 1621 835 1622 835 1624 835 1665 823 1665 810 1661 773 1368 774 1331 762 1329 762 1276 762 1274 762 1273 762 1221 776 1148 764 1146 764 1145 764 1121 771 945 767 944 767 889 780 886 780 883 780 846 768 844 768 843 768 792 779 761 768 759 768 758 768 627 782 629 822"/></Shape>
            <String CONTENT="nemini, ac ne quidem ipſi ſummo magi¬"
                    HPOS="627.0"
                    VPOS="762.0"
                    WIDTH="1038.0"
                    HEIGHT="82.0"
                    WC="0.973500005296759"></String>
          </TextLine>
          <TextLine ID="eSc_line_5fd66eea"
                    TAGREFS="LT8"
                    BASELINE="629 889 1665 877" 
                    HPOS="627.0"
                    VPOS="825.0"
                    WIDTH="1038.0"
                    HEIGHT="82.0">
            <Shape><Polygon POINTS="629 889 629 907 1664 893 1665 877 1662 840 1610 840 1579 825 1577 825 1576 825 1574 825 1573 825 1573 826 1558 838 1487 826 1485 826 1484 826 1482 826 1466 840 1464 840 1451 840 1290 828 1289 828 1287 828 1286 828 1286 829 1274 840 1270 844 1225 844 1221 840 1212 832 1210 832 1209 832 1207 832 1164 840 1137 844 1099 843 1096 840 1084 831 1082 831 1081 831 1054 831 1052 831 1051 831 1049 831 1049 832 1041 840 1038 843 1029 840 1006 832 1005 832 1003 832 1002 832 974 840 969 841 963 840 936 832 935 832 933 832 864 840 838 843 820 840 791 835 789 835 788 835 770 840 740 849 716 840 701 835 700 835 699 835 627 840 629 889"/></Shape>
            <String CONTENT="ſtratui, vel Eccleſiæ toti cõcedendũ arbi¬"
                    HPOS="627.0"
                    VPOS="825.0"
                    WIDTH="1038.0"
                    HEIGHT="82.0"
                    WC="0.982641419226473"></String>
          </TextLine>
          <TextLine ID="eSc_line_8a3b2543"
                    TAGREFS="LT8"
                    BASELINE="627 956 1665 950" 
                    HPOS="626.0"
                    VPOS="898.0"
                    WIDTH="1039.0"
                    HEIGHT="83.0">
            <Shape><Polygon POINTS="627 956 627 971 725 971 733 972 773 980 774 980 776 980 777 980 786 972 788 971 817 971 820 972 831 981 832 981 834 981 835 981 837 981 838 981 852 972 853 971 859 972 895 980 896 980 932 972 933 972 951 972 1247 978 1249 978 1250 978 1274 972 1293 968 1351 968 1366 972 1383 978 1384 978 1386 978 1387 978 1400 972 1414 966 1424 972 1430 977 1432 977 1433 977 1435 977 1436 977 1438 977 1442 972 1450 966 1478 972 1499 977 1500 977 1598 975 1600 975 1601 975 1603 972 1612 966 1662 972 1665 950 1662 913 1598 913 1579 898 1577 898 1576 898 1415 898 1414 898 1412 898 1411 898 1411 899 1396 913 1357 899 1356 899 1354 899 1353 899 1351 899 1328 914 1161 914 1113 901 1112 901 1110 901 1109 901 1073 914 899 901 898 901 896 901 895 901 895 902 878 916 810 907 809 907 807 907 779 916 762 905 761 905 759 905 758 905 626 917 627 956"/></Shape>
            <String CONTENT="tramur, vt illa, quę ſunt οὐσιώδη diſciplinæ"
                    HPOS="626.0"
                    VPOS="898.0"
                    WIDTH="1039.0"
                    HEIGHT="83.0"
                    ></String>
          </TextLine>
          <TextLine ID="eSc_line_e8f59645"
                    TAGREFS="LT8"
                    BASELINE="629 1023 1665 1014" 
                    HPOS="627.0"
                    VPOS="963.0"
                    WIDTH="1038.0"
                    HEIGHT="82.0">
            <Shape><Polygon POINTS="629 1023 629 1036 682 1045 684 1045 727 1036 733 1035 926 1035 933 1036 969 1045 971 1045 972 1045 1015 1036 1030 1033 1076 1033 1078 1036 1087 1044 1088 1044 1090 1044 1091 1044 1182 1042 1183 1042 1185 1042 1195 1035 1203 1032 1277 1035 1368 1039 1369 1039 1399 1035 1418 1032 1423 1035 1432 1041 1433 1041 1435 1041 1436 1041 1472 1035 1505 1029 1524 1035 1540 1039 1542 1039 1543 1039 1664 1033 1665 1014 1662 963 1627 963 1625 963 1624 963 1622 963 1606 978 1484 978 1461 969 1460 969 1458 969 1405 978 1329 972 1328 972 1326 972 1325 972 1314 981 1268 981 1255 969 1253 969 1252 969 1250 969 1249 969 1224 980 1200 974 1198 974 1197 974 1143 981 1067 968 1064 968 1063 968 1061 968 1060 968 1027 980 1002 968 1000 968 999 968 997 968 991 968 945 980 932 969 931 969 929 969 928 969 740 971 739 971 718 981 627 972 629 1023"/></Shape>
            <String CONTENT="Eccleſiaſticæ, tollere, vel immutare poſ¬"
                    HPOS="627.0"
                    VPOS="963.0"
                    WIDTH="1038.0"
                    HEIGHT="82.0"
                    WC="0.980660024212628"></String>
          </TextLine>
          <TextLine ID="eSc_line_ce8821c6"
                    TAGREFS="LT8"
                    BASELINE="624 1093 1664 1082" 
                    HPOS="623.0"
                    VPOS="1027.0"
                    WIDTH="1041.0"
                    HEIGHT="82.0">
            <Shape><Polygon POINTS="624 1093 624 1107 1505 1109 1506 1109 1508 1109 1509 1109 1522 1099 1527 1099 1563 1107 1564 1107 1662 1097 1664 1082 1659 1041 1577 1041 1576 1041 1537 1027 1536 1027 1534 1027 1533 1027 1490 1042 1485 1044 1433 1044 1432 1042 1412 1029 1411 1029 1409 1029 1408 1029 1406 1029 1378 1039 1325 1033 1323 1033 1322 1033 1298 1044 1296 1044 1295 1044 1255 1030 1253 1030 1252 1030 1250 1030 1216 1044 1212 1047 1112 1047 1110 1045 1079 1035 1078 1035 1076 1035 1075 1035 1073 1035 1058 1045 1027 1047 996 1047 994 1047 968 1035 966 1035 917 1033 916 1033 853 1044 806 1035 804 1035 752 1042 706 1036 704 1036 703 1036 701 1036 693 1044 643 1036 642 1036 641 1036 639 1036 623 1045 624 1093"/></Shape>
            <String CONTENT="ſit. Etſi enim in rebus politicis Rex, ſum¬"
                    HPOS="623.0"
                    VPOS="1027.0"
                    WIDTH="1041.0"
                    HEIGHT="82.0"
                    WC="0.971254789552023"></String>
          </TextLine>
          <TextLine ID="eSc_line_00afd2fd"
                    TAGREFS="LT8"
                    BASELINE="623 1161 1664 1151" 
                    HPOS="621.0"
                    VPOS="1102.0"
                    WIDTH="1043.0"
                    HEIGHT="83.0">
            <Shape><Polygon POINTS="623 1161 623 1174 770 1185 771 1185 773 1185 806 1173 809 1173 813 1173 875 1183 877 1183 878 1183 904 1174 1066 1182 1067 1182 1069 1182 1093 1174 1167 1180 1168 1180 1170 1180 1171 1180 1186 1170 1308 1179 1310 1179 1311 1179 1313 1179 1328 1168 1359 1174 1360 1174 1362 1174 1389 1167 1392 1167 1403 1176 1405 1176 1406 1176 1487 1177 1488 1177 1490 1177 1514 1165 1515 1165 1525 1165 1609 1174 1610 1174 1662 1164 1664 1151 1659 1115 1615 1115 1613 1115 1598 1102 1597 1102 1595 1102 1594 1102 1592 1102 1546 1115 1545 1116 1518 1116 1448 1116 1405 1103 1403 1103 1402 1103 1400 1103 1399 1103 1383 1116 1383 1118 1299 1118 1298 1118 1264 1106 1262 1106 1261 1106 1259 1106 1213 1119 1209 1119 1192 1119 986 1107 984 1107 941 1115 887 1109 886 1109 884 1109 849 1122 837 1112 835 1112 834 1112 794 1109 792 1109 652 1110 651 1110 621 1122 623 1161"/></Shape>
            <String CONTENT="múſque magiſtratus nouas leges fer¬"
                    HPOS="621.0"
                    VPOS="1102.0"
                    WIDTH="1043.0"
                    HEIGHT="83.0"
                    ></String>
          </TextLine>
          <TextLine ID="eSc_line_adf2be50"
                    TAGREFS="LT8"
                    BASELINE="621 1229 1664 1218" 
                    HPOS="620.0"
                    VPOS="1168.0"
                    WIDTH="1044.0"
                    HEIGHT="85.0">
            <Shape><Polygon POINTS="621 1229 621 1243 737 1253 739 1253 740 1253 742 1253 757 1243 758 1241 767 1241 835 1252 837 1252 933 1240 942 1240 948 1240 996 1249 997 1249 999 1249 1020 1240 1023 1238 1027 1240 1057 1249 1058 1249 1060 1250 1142 1250 1142 1249 1252 1237 1274 1235 1295 1237 1395 1246 1396 1246 1398 1246 1399 1246 1415 1235 1418 1234 1445 1235 1540 1241 1542 1241 1592 1234 1595 1234 1615 1243 1616 1243 1618 1243 1664 1232 1664 1218 1662 1183 1622 1168 1621 1168 1619 1168 1618 1168 1616 1168 1595 1182 1473 1170 1472 1170 1470 1170 1469 1170 1460 1177 1454 1173 1453 1173 1451 1173 1450 1173 1448 1173 1406 1183 1399 1185 1378 1183 1314 1179 1313 1179 1238 1183 1201 1186 1192 1185 1160 1173 1158 1173 1157 1173 1155 1173 1154 1173 1137 1185 1131 1188 1106 1185 1036 1174 1035 1174 991 1176 990 1176 989 1176 977 1185 971 1189 948 1185 920 1179 919 1179 886 1185 868 1188 779 1188 774 1185 757 1177 755 1177 754 1177 620 1185 621 1229"/></Shape>
            <String CONTENT="re, &amp; veteres abrogare iure poteſtatis ſi¬"
                    HPOS="620.0"
                    VPOS="1168.0"
                    WIDTH="1044.0"
                    HEIGHT="85.0"
                    WC="0.98150706858862"></String>
          </TextLine>
          <TextLine ID="eSc_line_97685ad4"
                    TAGREFS="LT8"
                    BASELINE="618 1296 1659 1287" 
                    HPOS="617.0"
                    VPOS="1232.0"
                    WIDTH="1042.0"
                    HEIGHT="90.0">
            <Shape><Polygon POINTS="618 1296 618 1310 643 1322 645 1322 646 1322 803 1310 931 1310 960 1320 962 1320 963 1320 965 1320 993 1308 1061 1319 1063 1319 1107 1311 1200 1317 1201 1317 1203 1317 1218 1310 1265 1317 1267 1317 1268 1317 1270 1317 1282 1307 1359 1305 1453 1316 1454 1316 1511 1304 1618 1314 1619 1314 1621 1314 1659 1301 1659 1287 1656 1247 1588 1238 1586 1238 1549 1246 1540 1247 1537 1246 1516 1232 1515 1232 1514 1232 1512 1232 1458 1234 1457 1234 1456 1234 1456 1235 1444 1244 1378 1234 1377 1234 1375 1234 1374 1234 1362 1244 1337 1235 1335 1235 1334 1235 1332 1235 1331 1235 1317 1244 1307 1250 1249 1244 1176 1235 1174 1235 1173 1235 1158 1243 1143 1252 1099 1252 1051 1243 1023 1237 1021 1237 1020 1237 1002 1241 960 1253 617 1240 618 1296"/></Shape>
            <String CONTENT="bi à Deo conceſſæ poteſt, in diſci plinæ ta¬"
                    HPOS="617.0"
                    VPOS="1232.0"
                    WIDTH="1042.0"
                    HEIGHT="90.0"
                    WC="0.984996611542172"></String>
          </TextLine>
          <TextLine ID="eSc_line_e71e5576"
                    TAGREFS="LT8"
                    BASELINE="617 1368 1658 1356" 
                    HPOS="615.0"
                    VPOS="1305.0"
                    WIDTH="1043.0"
                    HEIGHT="76.0">
            <Shape><Polygon POINTS="617 1368 617 1381 1658 1377 1658 1356 1653 1316 1518 1317 1515 1316 1490 1305 1488 1305 1487 1305 1485 1305 1456 1317 1453 1319 1314 1319 1308 1319 1249 1308 1247 1308 1246 1308 1228 1316 1213 1305 1212 1305 1210 1305 1209 1305 1207 1305 1170 1320 1168 1320 1167 1320 1137 1305 1136 1305 1134 1305 1061 1320 1060 1320 993 1308 965 1308 963 1308 962 1308 960 1308 948 1319 913 1308 911 1308 910 1308 761 1310 759 1310 733 1323 731 1325 730 1323 716 1314 715 1314 713 1314 712 1314 710 1314 682 1325 679 1325 675 1325 627 1316 626 1316 624 1316 623 1316 615 1320 617 1368"/></Shape>
            <String CONTENT="men Eccleſiaſticæ fundamento vel vete¬"
                    HPOS="615.0"
                    VPOS="1305.0"
                    WIDTH="1043.0"
                    HEIGHT="76.0"
                    WC="0.975088061470734"></String>
          </TextLine>
          <TextLine ID="eSc_line_38b28c80"
                    TAGREFS="LT8"
                    BASELINE="618 1433 1656 1424" 
                    HPOS="617.0"
                    VPOS="1374.0"
                    WIDTH="1039.0"
                    HEIGHT="83.0">
            <Shape><Polygon POINTS="618 1433 618 1457 828 1457 828 1455 829 1455 838 1453 855 1448 989 1451 1134 1454 1136 1454 1137 1454 1149 1448 1157 1445 1206 1448 1289 1453 1290 1453 1292 1453 1304 1447 1310 1444 1359 1445 1479 1451 1481 1451 1521 1444 1530 1442 1543 1442 1619 1450 1621 1450 1656 1441 1656 1424 1652 1386 1519 1386 1518 1386 1496 1374 1494 1374 1493 1374 1491 1374 1490 1374 1473 1386 1469 1389 1398 1389 1393 1386 1378 1375 1377 1375 1375 1375 1374 1375 1325 1386 1308 1389 1298 1386 1273 1377 1271 1377 1270 1377 1268 1377 1238 1386 1225 1389 1192 1386 1122 1378 1121 1378 1119 1378 1096 1386 1079 1390 1017 1386 987 1384 986 1384 984 1384 977 1386 954 1392 945 1386 936 1380 935 1380 933 1380 932 1380 931 1380 917 1386 904 1392 873 1386 835 1380 834 1380 617 1386 618 1433"/></Shape>
            <String CONTENT="ri, &amp; à Deo iam poſito tollendo: vel nouo"
                    HPOS="617.0"
                    VPOS="1374.0"
                    WIDTH="1039.0"
                    HEIGHT="83.0"
                    WC="0.983041137456894"></String>
          </TextLine>
          <TextLine ID="eSc_line_a83620e7"
                    TAGREFS="LT8"
                    BASELINE="615 1505 1652 1493" 
                    HPOS="614.0"
                    VPOS="1441.0"
                    WIDTH="1038.0"
                    HEIGHT="87.0">
            <Shape><Polygon POINTS="615 1505 615 1521 704 1528 706 1528 707 1528 734 1519 751 1515 758 1519 767 1527 768 1527 770 1527 771 1527 820 1519 847 1515 855 1518 870 1527 871 1527 873 1527 922 1518 945 1513 963 1516 993 1524 994 1525 1057 1525 1057 1524 1058 1524 1060 1524 1069 1516 1070 1515 1076 1515 1125 1524 1127 1524 1177 1515 1179 1515 1234 1522 1235 1522 1237 1522 1259 1513 1261 1513 1264 1513 1341 1521 1342 1521 1344 1521 1377 1512 1393 1508 1432 1511 1487 1516 1488 1516 1525 1511 1546 1506 1560 1509 1574 1513 1576 1513 1577 1513 1650 1508 1652 1493 1649 1451 1595 1441 1594 1441 1543 1451 1528 1454 1505 1453 1418 1442 1417 1442 1415 1442 1414 1442 1414 1444 1402 1453 1399 1457 1304 1457 1293 1454 1264 1444 1262 1444 1261 1444 1197 1455 1176 1458 1161 1455 1133 1448 1131 1448 1130 1448 1128 1448 1112 1455 1103 1460 1097 1455 1085 1448 1084 1448 1082 1448 1047 1447 1045 1447 1000 1457 980 1463 893 1463 886 1458 873 1450 871 1450 870 1450 868 1450 867 1450 834 1458 817 1463 804 1458 779 1450 777 1450 776 1450 774 1450 751 1460 740 1463 719 1460 693 1455 691 1455 614 1460 615 1505"/></Shape>
            <String CONTENT="reperiendo conſtit uendóque idem ius"
                    HPOS="614.0"
                    VPOS="1441.0"
                    WIDTH="1038.0"
                    HEIGHT="87.0"
                    ></String>
          </TextLine>
          <TextLine ID="eSc_line_f42f8831"
                    TAGREFS="LT8"
                    BASELINE="614 1571 1655 1561" 
                    HPOS="612.0"
                    VPOS="1512.0"
                    WIDTH="1043.0"
                    HEIGHT="77.0">
            <Shape><Polygon POINTS="614 1571 614 1588 1026 1589 1027 1589 1029 1589 1049 1583 1058 1580 1063 1583 1073 1588 1075 1588 1076 1588 1127 1582 1142 1580 1155 1582 1206 1588 1207 1588 1271 1580 1284 1579 1295 1579 1354 1586 1356 1586 1357 1586 1384 1579 1390 1577 1427 1577 1625 1583 1627 1583 1628 1583 1655 1574 1655 1561 1653 1522 1624 1512 1622 1512 1621 1512 1619 1512 1618 1512 1606 1522 1604 1522 1597 1522 1432 1513 1430 1513 1429 1513 1398 1524 1331 1515 1329 1515 1328 1515 1307 1525 1305 1525 1271 1516 1270 1516 1268 1516 1203 1527 1197 1527 1192 1527 1151 1516 1149 1516 1099 1527 1097 1527 1044 1519 1042 1519 1041 1519 1039 1519 1026 1528 1005 1519 1003 1519 919 1518 917 1518 916 1518 887 1530 884 1530 875 1530 776 1519 774 1519 730 1521 728 1521 727 1521 712 1531 710 1533 612 1533 614 1571"/></Shape>
            <String CONTENT="non habet. Cuius rei hæc ratio eſt, &amp; qui¬"
                    HPOS="612.0"
                    VPOS="1512.0"
                    WIDTH="1043.0"
                    HEIGHT="77.0"
                    WC="0.983173148972648"></String>
          </TextLine>
          <TextLine ID="eSc_line_0e1fae59"
                    TAGREFS="LT8"
                    BASELINE="614 1638 1652 1631" 
                    HPOS="612.0"
                    VPOS="1576.0"
                    WIDTH="1040.0"
                    HEIGHT="79.0">
            <Shape><Polygon POINTS="614 1638 614 1655 1652 1653 1652 1631 1649 1591 1444 1576 1442 1576 1441 1576 1403 1592 1280 1592 1264 1577 1262 1577 1261 1577 1240 1577 1238 1577 1209 1579 1207 1579 1206 1579 1188 1594 1057 1594 1030 1579 1029 1579 1027 1579 936 1580 935 1580 933 1580 922 1589 867 1580 865 1580 800 1595 669 1594 648 1583 646 1583 645 1583 643 1583 612 1595 614 1638"/></Shape>
            <String CONTENT="dem manifeſtiſsima, quòd cùm diſciplinę"
                    HPOS="612.0"
                    VPOS="1576.0"
                    WIDTH="1040.0"
                    HEIGHT="79.0"
                    ></String>
          </TextLine>
          <TextLine ID="eSc_line_09e25365"
                    TAGREFS="LT8"
                    BASELINE="612 1708 1650 1696" 
                    HPOS="611.0"
                    VPOS="1644.0"
                    WIDTH="1039.0"
                    HEIGHT="85.0">
            <Shape><Polygon POINTS="612 1708 612 1729 1649 1714 1650 1696 1646 1658 1583 1658 1580 1656 1563 1649 1561 1649 1560 1649 1558 1649 1557 1649 1549 1656 1546 1659 1502 1659 1491 1656 1460 1644 1458 1644 1457 1644 1456 1644 1424 1656 1415 1659 1409 1656 1393 1644 1392 1644 1390 1644 1362 1644 1360 1644 1359 1644 1320 1655 1301 1661 1282 1655 1255 1646 1253 1646 1252 1646 1250 1646 1249 1646 1238 1655 1228 1662 1191 1655 1182 1653 1180 1653 1179 1653 1176 1655 1160 1662 1081 1656 1079 1656 1078 1656 1055 1664 1018 1653 1000 1649 999 1649 997 1649 996 1649 994 1649 989 1653 971 1664 916 1664 883 1653 871 1649 870 1649 868 1649 771 1650 770 1650 765 1652 748 1659 730 1652 728 1652 727 1652 725 1652 724 1652 700 1667 675 1652 673 1652 672 1652 611 1652 612 1708"/></Shape>
            <String CONTENT="Eccleſiaſticæ ſcopus &amp; finis hic ſit, pri¬"
                    HPOS="611.0"
                    VPOS="1644.0"
                    WIDTH="1039.0"
                    HEIGHT="85.0"
                    WC="0.985642802147638"></String>
          </TextLine>
          <TextLine ID="eSc_line_0692599a"
                    TAGREFS="LT8"
                    BASELINE="612 1775 1647 1768" 
                    HPOS="611.0"
                    VPOS="1714.0"
                    WIDTH="1036.0"
                    HEIGHT="87.0">
            <Shape><Polygon POINTS="612 1775 612 1798 832 1787 889 1798 902 1799 904 1799 905 1799 911 1798 935 1787 951 1795 953 1795 954 1795 984 1789 999 1796 1005 1799 1006 1799 1008 1799 1009 1799 1011 1799 1014 1796 1026 1789 1069 1796 1079 1798 1081 1798 1082 1798 1087 1796 1116 1786 1131 1796 1134 1799 1136 1799 1137 1799 1139 1801 1197 1801 1197 1799 1198 1799 1209 1796 1244 1784 1363 1795 1396 1798 1398 1798 1399 1798 1400 1798 1403 1795 1417 1784 1470 1783 1500 1795 1505 1796 1506 1796 1508 1798 1567 1798 1567 1796 1569 1796 1570 1796 1572 1795 1589 1783 1615 1795 1621 1796 1622 1796 1624 1796 1646 1793 1647 1768 1644 1729 1519 1729 1490 1714 1488 1714 1445 1714 1444 1714 1442 1714 1414 1728 1399 1716 1398 1716 1396 1716 1395 1716 1347 1723 1326 1716 1325 1716 1323 1716 1322 1716 1276 1728 1234 1716 1232 1716 1231 1716 1017 1734 935 1734 920 1720 920 1719 919 1719 917 1719 916 1719 914 1719 874 1729 832 1719 831 1719 829 1719 828 1719 785 1735 709 1735 676 1720 675 1720 673 1720 611 1735 612 1775"/></Shape>
            <String CONTENT="mùm vt Paſtores, &amp; qui Eccleſiæ Dei prę"
                    HPOS="611.0"
                    VPOS="1714.0"
                    WIDTH="1036.0"
                    HEIGHT="87.0"
                    ></String>
          </TextLine>
          <TextLine ID="eSc_line_e91e9329"
                    TAGREFS="LT8"
                    BASELINE="612 1845 1647 1833" 
                    HPOS="611.0"
                    VPOS="1781.0"
                    WIDTH="1036.0"
                    HEIGHT="79.0">
            <Shape><Polygon POINTS="612 1845 612 1860 1516 1859 1646 1848 1647 1833 1644 1796 1597 1796 1577 1781 1576 1781 1574 1781 1573 1781 1572 1781 1570 1781 1546 1796 1522 1796 1514 1796 1511 1796 1398 1787 1396 1787 1341 1798 1317 1789 1316 1789 1314 1789 1313 1789 1293 1798 1280 1792 1279 1792 1277 1792 1215 1799 1212 1799 1210 1799 1176 1790 1174 1790 1173 1790 1122 1799 1076 1787 1075 1787 1073 1787 1072 1787 1047 1799 1030 1787 1029 1787 1027 1787 1026 1787 1024 1787 1005 1798 933 1789 932 1789 931 1789 929 1789 929 1790 916 1802 892 1792 890 1792 889 1792 887 1792 856 1802 834 1790 832 1790 749 1790 748 1790 746 1790 745 1790 731 1799 643 1792 642 1792 641 1792 611 1804 612 1845"/></Shape>
            <String CONTENT="eſſe debent legitimam vocationem ha¬"
                    HPOS="611.0"
                    VPOS="1781.0"
                    WIDTH="1036.0"
                    HEIGHT="79.0"
                    WC="0.969588556805173"></String>
          </TextLine>
          <TextLine ID="eSc_line_e526e5bb"
                    TAGREFS="LT8"
                    BASELINE="611 1914 1650 1903" 
                    HPOS="609.0"
                    VPOS="1850.0"
                    WIDTH="1041.0"
                    HEIGHT="80.0">
            <Shape><Polygon POINTS="611 1914 611 1930 1649 1924 1650 1903 1646 1860 1615 1862 1607 1860 1582 1850 1580 1850 1579 1850 1577 1850 1539 1860 1530 1862 1516 1860 1456 1851 1454 1851 1453 1851 1451 1851 1439 1860 1433 1864 1348 1866 1218 1866 1210 1862 1195 1854 1194 1854 1192 1854 1191 1854 1174 1862 1163 1866 1142 1862 1127 1859 1125 1859 1124 1859 1112 1862 1099 1866 1093 1862 1085 1856 1085 1854 1084 1854 1082 1854 1081 1854 1048 1862 1023 1869 926 1869 919 1863 911 1856 910 1856 908 1856 907 1856 794 1857 765 1863 745 1869 700 1869 691 1863 684 1859 682 1859 681 1859 679 1859 609 1863 611 1914"/></Shape>
            <String CONTENT="beant. Poſtea vt hominum conſcientiæ"
                    HPOS="609.0"
                    VPOS="1850.0"
                    WIDTH="1041.0"
                    HEIGHT="80.0"
                    WC="0.990287272466554"></String>
          </TextLine>
          <TextLine ID="eSc_line_367c691a"
                    TAGREFS="LT8"
                    BASELINE="612 1982 1650 1973" 
                    HPOS="611.0"
                    VPOS="1927.0"
                    WIDTH="1039.0"
                    HEIGHT="80.0">
            <Shape><Polygon POINTS="612 1982 612 2007 690 1997 749 2006 757 2006 758 2006 759 2006 762 2006 800 1995 832 2004 835 2004 837 2004 838 2006 941 2006 941 2004 954 2001 987 1994 1014 2000 1023 2003 1024 2003 1026 2003 1051 2000 1084 1995 1105 1998 1128 2003 1130 2003 1167 1998 1195 1994 1228 1997 1284 2001 1286 2001 1287 2001 1289 2001 1298 1995 1305 1991 1348 1994 1417 2000 1418 2000 1420 2000 1442 1992 1448 1991 1472 1992 1549 1997 1551 1997 1649 1988 1650 1973 1649 1934 1628 1927 1627 1927 1625 1927 1624 1927 1606 1934 1601 1936 1585 1934 1548 1930 1546 1930 1460 1934 1409 1937 1405 1934 1396 1927 1395 1927 1393 1927 1328 1927 1326 1927 1325 1927 1298 1936 1284 1940 1116 1940 1112 1936 1106 1930 1105 1930 1103 1930 1102 1930 1100 1930 1078 1936 1063 1940 1045 1936 1015 1930 1014 1930 981 1937 954 1942 931 1937 902 1931 901 1931 840 1937 789 1942 758 1937 725 1933 724 1933 611 1937 612 1982"/></Shape>
            <String CONTENT="gubernentur, &amp; ad pœnitentiam conuer¬"
                    HPOS="611.0"
                    VPOS="1927.0"
                    WIDTH="1039.0"
                    HEIGHT="80.0"
                    WC="0.984729023443328"></String>
          </TextLine>
          <TextLine ID="eSc_line_8a30d4c3"
                    TAGREFS="LT8"
                    BASELINE="609 2049 1650 2041" 
                    HPOS="608.0"
                    VPOS="1988.0"
                    WIDTH="1042.0"
                    HEIGHT="80.0">
            <Shape><Polygon POINTS="609 2049 609 2061 815 2068 816 2068 864 2061 1439 2064 1441 2064 1650 2053 1650 2041 1646 2001 1573 2001 1572 2001 1552 1988 1551 1988 1549 1988 1548 1988 1481 1995 1463 1988 1461 1988 1460 1988 1458 1988 1457 1988 1438 2003 1433 2003 1386 1992 1384 1992 1383 1992 1345 2003 1344 2003 1342 2003 1307 1989 1305 1989 1304 1989 1302 1989 1253 2003 1226 1991 1225 1991 1186 1991 1185 1991 1183 1991 1182 1991 1167 2004 1165 2004 1155 2004 953 1992 951 1992 950 1992 948 1992 935 2003 826 2007 798 2007 797 2007 762 1994 761 1994 722 1994 721 1994 719 1994 691 2006 642 2007 633 2000 632 2000 630 2000 629 2000 627 2000 608 2006 609 2049"/></Shape>
            <String CONTENT="ſionémque ad Deum adducãtur, ad ſolum"
                    HPOS="608.0"
                    VPOS="1988.0"
                    WIDTH="1042.0"
                    HEIGHT="80.0"
                    WC="0.984076386842972"></String>
          </TextLine>
          <TextLine ID="eSc_line_abed34ac"
                    TAGREFS="LT8"
                    BASELINE="611 2119 1646 2110" 
                    HPOS="609.0"
                    VPOS="2053.0"
                    WIDTH="1037.0"
                    HEIGHT="104.0">
            <Shape><Polygon POINTS="611 2119 612 2150 641 2141 697 2141 709 2150 712 2153 713 2153 715 2153 777 2157 779 2157 828 2149 838 2147 852 2149 928 2156 929 2156 931 2156 932 2156 942 2147 950 2140 969 2147 990 2154 991 2154 993 2156 1079 2156 1079 2154 1081 2154 1116 2146 1152 2137 1226 2137 1241 2144 1253 2152 1255 2152 1256 2152 1258 2152 1296 2144 1322 2138 1341 2143 1371 2152 1372 2152 1374 2152 1375 2152 1377 2152 1387 2143 1396 2135 1439 2135 1450 2143 1457 2149 1458 2149 1460 2149 1461 2149 1463 2149 1478 2141 1494 2134 1525 2134 1543 2141 1566 2150 1567 2150 1569 2150 1570 2150 1595 2141 1606 2137 1615 2140 1628 2146 1630 2146 1631 2146 1632 2146 1646 2140 1646 2110 1643 2068 1613 2068 1613 2067 1598 2055 1598 2053 1597 2053 1595 2053 1594 2053 1519 2067 1490 2053 1488 2053 1487 2053 1485 2053 1484 2053 1463 2067 1461 2068 1460 2067 1436 2056 1435 2056 1433 2056 1432 2056 1430 2056 1417 2067 1414 2070 1331 2070 1328 2067 1316 2056 1314 2056 1313 2056 1311 2056 1310 2056 1280 2067 1270 2070 1259 2067 1235 2058 1234 2058 1232 2058 1231 2058 1203 2067 1200 2067 1186 2056 1185 2056 1183 2056 1182 2056 1140 2064 1073 2058 1072 2058 1070 2058 1069 2058 1069 2059 1060 2065 1054 2073 986 2073 978 2065 972 2061 972 2059 971 2059 969 2059 968 2059 935 2065 917 2068 899 2065 862 2059 861 2059 859 2059 843 2065 829 2070 823 2065 817 2059 816 2059 815 2059 813 2059 812 2059 797 2065 771 2076 713 2076 684 2065 672 2061 670 2061 669 2061 609 2064 611 2119"/></Shape>
            <String CONTENT="Deum diſciplinæ Eccleſiaſticæ definitio"
                    HPOS="609.0"
                    VPOS="2053.0"
                    WIDTH="1037.0"
                    HEIGHT="104.0"
                    WC="0.981624814180227"></String>
          </TextLine>
        </TextBlock>
        <TextBlock HPOS="1509"
                   VPOS="2144"
                   WIDTH="137"
                   HEIGHT="65"
                   ID="block_2"
                   TAGREFS="BT17">
          <Shape><Polygon POINTS="1646 2144 1646 2209 1509 2209 1509 2144"/></Shape>
          <TextLine ID="eSc_line_6b98ef03"
                    TAGREFS="LT8"
                    BASELINE="1512 2183 1640 2178" 
                    HPOS="1509.0"
                    VPOS="2126.0"
                    WIDTH="131.0"
                    HEIGHT="95.0">
            <Shape><Polygon POINTS="1512 2183 1514 2221 1640 2211 1640 2178 1637 2137 1612 2126 1610 2126 1609 2126 1607 2126 1606 2126 1594 2134 1586 2138 1509 2128 1512 2183"/></Shape>
            <String CONTENT="legis"
                    HPOS="1509.0"
                    VPOS="2126.0"
                    WIDTH="131.0"
                    HEIGHT="95.0"
                    WC="0.999133312702179"></String>
          </TextLine>
        </TextBlock>
      </PrintSpace>
    </Page>
  </Layout>
</alto>
