<?xml version="1.0" encoding="UTF-8"?>
<alto xmlns:xsi="http://www.w3.org/2001/XMLSchema-instance"
      xmlns="http://www.loc.gov/standards/alto/ns-v4#"
      xsi:schemaLocation="http://www.loc.gov/standards/alto/ns-v4# http://www.loc.gov/standards/alto/v4/alto-4-2.xsd">
  <Description>
    <MeasurementUnit>pixel</MeasurementUnit>
    <sourceImageInformation>
      <fileName>2012929.png</fileName>
    </sourceImageInformation>
  </Description>
  <Tags>
    <OtherTag ID="BT10" LABEL="DropCapitalZone" DESCRIPTION="block type DropCapitalZone"/><OtherTag ID="BT11" LABEL="GraphicZone" DESCRIPTION="block type GraphicZone"/><OtherTag ID="BT12" LABEL="MainZone" DESCRIPTION="block type MainZone"/><OtherTag ID="BT13" LABEL="MarginTextZone" DESCRIPTION="block type MarginTextZone"/><OtherTag ID="BT15" LABEL="NumberingZone" DESCRIPTION="block type NumberingZone"/><OtherTag ID="BT17" LABEL="QuireMarksZone" DESCRIPTION="block type QuireMarksZone"/><OtherTag ID="BT18" LABEL="RunningTitleZone" DESCRIPTION="block type RunningTitleZone"/><OtherTag ID="BT22" LABEL="TitlePageZone" DESCRIPTION="block type TitlePageZone"/><OtherTag ID="BT3206" LABEL="MainZone-Head" DESCRIPTION="block type MainZone-Head"/><OtherTag ID="BT3207" LABEL="MainZone-P" DESCRIPTION="block type MainZone-P"/><OtherTag ID="BT3208" LABEL="MainZone-Continued" DESCRIPTION="block type MainZone-Continued"/><OtherTag ID="BT3209" LABEL="MarginTextZone-ManuscriptAddendum" DESCRIPTION="block type MarginTextZone-ManuscriptAddendum"/><OtherTag ID="BT3210" LABEL="MainZone-Entry" DESCRIPTION="block type MainZone-Entry"/>
    <OtherTag ID="LT7" LABEL="CustomLine" DESCRIPTION="line type CustomLine"/><OtherTag ID="LT8" LABEL="DefaultLine" DESCRIPTION="line type DefaultLine"/><OtherTag ID="LT9" LABEL="DropCapitalLine" DESCRIPTION="line type DropCapitalLine"/><OtherTag ID="LT10" LABEL="HeadingLine" DESCRIPTION="line type HeadingLine"/><OtherTag ID="LT62" LABEL="CustomLine : BiblicalText" DESCRIPTION="line type CustomLine : BiblicalText"/>
  </Tags>
  <Layout>
    <Page WIDTH="1807"
          HEIGHT="2677"
          PHYSICAL_IMG_NR="42"
          ID="eSc_dummypage_">
      <PrintSpace HPOS="0"
                  VPOS="0"
                  WIDTH="1807"
                  HEIGHT="2677">
        <TextBlock HPOS="477.0"
                   VPOS="176.0"
                   WIDTH="318.0"
                   HEIGHT="59.0"
                   ID="block_2"
                   TAGREFS="BT18">
          <Shape><Polygon POINTS="795 176 795 235 477 235 477 176"/></Shape>
          <TextLine ID="eSc_line_9f790662"
                    TAGREFS="LT10"
                    BASELINE="481 218 785 214" 
                    HPOS="480"
                    VPOS="166"
                    WIDTH="305"
                    HEIGHT="70">
            <Shape><Polygon POINTS="762 166 748 166 739 166 733 172 661 166 660 166 578 176 490 166 480 169 481 218 481 236 785 230 785 214 782 166 777 166"/></Shape>
            <String CONTENT="CAPVT I."
                    HPOS="480"
                    VPOS="166"
                    WIDTH="305"
                    HEIGHT="70"
                    ></String>
          </TextLine>
        </TextBlock>
        <TextBlock HPOS="1101.0"
                   VPOS="173.0"
                   WIDTH="89.0"
                   HEIGHT="70.0"
                   ID="eSc_textblock_324d33cc"
                   TAGREFS="BT15">
          <Shape><Polygon POINTS="1101 173 1101 243 1190 243 1190 173"/></Shape>
          <TextLine ID="eSc_line_31022064"
                    TAGREFS="LT8"
                    BASELINE="1120 218 1123 218 1148 217 1177 215" 
                    HPOS="1117"
                    VPOS="174"
                    WIDTH="58"
                    HEIGHT="71">
            <Shape><Polygon POINTS="1162 174 1139 174 1117 174 1119 216 1119 245 1175 240 1175 214 1171 174 1162 174"/></Shape>
            <String CONTENT="17"
                    HPOS="1117"
                    VPOS="174"
                    WIDTH="58"
                    HEIGHT="71"
                    ></String>
          </TextLine>
        </TextBlock>
        <TextBlock HPOS="105"
                   VPOS="238"
                   WIDTH="1121"
                   HEIGHT="72"
                   ID="eSc_textblock_d8352a5d"
                   TAGREFS="BT3210">
          <Shape><Polygon POINTS="105 238 105 310 1226 310 1197 253"/></Shape>
          <TextLine ID="eSc_line_174b5869"
                    TAGREFS="LT8"
                    BASELINE="130 294 1176 290" 
                    HPOS="129"
                    VPOS="227"
                    WIDTH="1047"
                    HEIGHT="86">
            <Shape><Polygon POINTS="352 233 337 233 322 233 321 233 312 239 309 242 300 239 282 233 278 234 263 234 249 234 230 240 218 243 208 240 194 236 188 236 174 236 159 236 144 239 129 249 130 294 130 309 325 306 339 307 373 313 374 313 419 307 428 306 437 307 475 313 477 313 577 306 596 304 609 304 672 312 673 312 675 312 676 312 685 304 687 304 690 304 761 312 762 312 764 312 783 304 801 312 803 312 804 312 956 303 981 310 983 310 984 312 1160 312 1160 310 1161 310 1163 310 1176 301 1176 290 1170 230 1151 240 1055 232 1006 227 1005 227 1003 227 990 232 966 242 873 242 849 233 828 227 826 227 825 227 823 227 798 234 768 243 673 243 657 236 641 229 639 229 514 229 513 229 511 229 490 237 475 245 383 245 376 239 365 232 352 233"/></Shape>
            <String CONTENT="ſit an increatum, ſubſiſtens per ſe, an accidens."
                    HPOS="129"
                    VPOS="227"
                    WIDTH="1047"
                    HEIGHT="86"
                    WC="0.989982507666763"></String>
          </TextLine>
        </TextBlock>
        <TextBlock HPOS="112"
                   VPOS="325"
                   WIDTH="1085"
                   HEIGHT="98"
                   ID="eSc_textblock_c09710b4"
                   TAGREFS="BT3210">
          <Shape><Polygon POINTS="112 325 112 423 1197 423 1197 325"/></Shape>
          <TextLine ID="eSc_line_c40bfd0f"
                    TAGREFS="LT8"
                    BASELINE="185 349 1180 346" 
                    HPOS="184"
                    VPOS="298"
                    WIDTH="996"
                    HEIGHT="73">
            <Shape><Polygon POINTS="185 349 185 364 565 371 566 371 609 364 641 371 642 371 643 371 696 362 699 362 700 362 709 370 710 370 712 370 713 370 715 370 743 362 745 362 746 362 768 370 770 370 771 370 884 362 887 362 890 362 1057 370 1058 370 1060 370 1079 362 1164 370 1165 370 1167 370 1168 370 1180 361 1180 346 1177 310 1124 310 1112 300 1112 298 1110 298 1109 298 1107 298 1106 298 1078 310 996 310 963 298 962 298 960 298 881 306 855 298 853 298 852 298 850 298 810 310 716 310 693 298 691 298 690 298 688 298 669 309 584 301 582 301 581 301 566 309 530 300 529 300 527 300 400 310 385 300 383 300 382 300 288 300 287 300 184 312 185 349"/></Shape>
            <String CONTENT="2 Vtrum realitates an notionalitates ſint"
                    HPOS="184"
                    VPOS="298"
                    WIDTH="996"
                    HEIGHT="73"
                    WC="0.98134663773746"></String>
          </TextLine>
          <TextLine ID="eSc_line_dca5b1b0"
                    TAGREFS="LT8"
                    BASELINE="139 408 478 407" 
                    HPOS="138"
                    VPOS="355"
                    WIDTH="340"
                    HEIGHT="77">
            <Shape><Polygon POINTS="139 408 139 432 282 422 359 426 444 431 446 431 447 431 478 422 478 407 475 365 313 355 312 355 138 362 139 408"/></Shape>
            <String CONTENT="præſtantiores."
                    HPOS="138"
                    VPOS="355"
                    WIDTH="340"
                    HEIGHT="77"
                    WC="0.999350266797202"></String>
          </TextLine>
        </TextBlock>
        <TextBlock HPOS="109"
                   VPOS="437"
                   WIDTH="1092"
                   HEIGHT="109"
                   ID="eSc_textblock_87a3eb85"
                   TAGREFS="BT3210">
          <Shape><Polygon POINTS="109 437 109 546 1201 546 1201 437"/></Shape>
          <TextLine ID="eSc_line_4bc03bea"
                    TAGREFS="LT8"
                    BASELINE="200 471 214 471" 
                    HPOS="200"
                    VPOS="431"
                    WIDTH="14"
                    HEIGHT="68">
            <Shape><Polygon POINTS="200 471 202 499 214 493 214 471 211 431 200 435 200 471"/></Shape>
            <String CONTENT="3"
                    HPOS="200"
                    VPOS="431"
                    WIDTH="14"
                    HEIGHT="68"
                    WC="0.999247550964355"></String>
          </TextLine>
          <TextLine ID="eSc_line_767ccfa7"
                    TAGREFS="LT8"
                    BASELINE="272 469 1180 469" 
                    HPOS="272"
                    VPOS="414"
                    WIDTH="908"
                    HEIGHT="67">
            <Shape><Polygon POINTS="272 469 272 481 1180 481 1180 469 1179 422 1090 425 1076 422 1054 414 1052 414 1051 414 1049 414 1036 422 1030 425 1005 422 974 417 972 417 971 417 969 417 963 422 956 426 835 426 832 422 825 416 825 414 823 414 822 414 663 414 661 414 618 422 599 425 575 422 516 414 514 414 513 414 484 422 474 425 468 422 453 416 452 416 450 416 449 416 432 422 425 425 272 423 272 469"/></Shape>
            <String CONTENT="Vtrum perſonæ in Trinitate vera numeri"
                    HPOS="272"
                    VPOS="414"
                    WIDTH="908"
                    HEIGHT="67"
                    WC="0.999566275822489"></String>
          </TextLine>
          <TextLine ID="eSc_line_efbbdf9a"
                    TAGREFS="LT8"
                    BASELINE="133 527 752 522" 
                    HPOS="132"
                    VPOS="472"
                    WIDTH="620"
                    HEIGHT="78">
            <Shape><Polygon POINTS="133 527 133 544 208 550 209 550 211 550 212 550 220 544 223 541 243 542 281 547 282 547 356 541 388 539 392 541 406 547 407 547 408 547 469 539 490 538 510 539 593 547 594 547 752 535 752 522 748 487 664 487 660 487 614 472 612 472 611 472 609 472 582 486 551 487 523 487 520 487 496 477 495 477 493 477 492 477 456 487 447 489 444 487 432 478 431 478 429 478 370 474 368 474 367 474 340 486 287 474 285 474 226 475 224 475 203 487 197 490 194 487 182 477 182 475 181 475 179 475 178 475 132 486 133 527"/></Shape>
            <String CONTENT="appellatione dicantur tres."
                    HPOS="132"
                    VPOS="472"
                    WIDTH="620"
                    HEIGHT="78"
                    WC="0.982403212123447"></String>
          </TextLine>
        </TextBlock>
        <TextBlock HPOS="112"
                   VPOS="543"
                   WIDTH="1096"
                   HEIGHT="119"
                   ID="eSc_textblock_1fd0069e"
                   TAGREFS="BT3210">
          <Shape><Polygon POINTS="112 550 112 662 1208 662 1208 543"/></Shape>
          <TextLine ID="eSc_line_7cba77e5"
                    TAGREFS="LT8"
                    BASELINE="188 587 1179 587" 
                    HPOS="188"
                    VPOS="535"
                    WIDTH="991"
                    HEIGHT="74">
            <Shape><Polygon POINTS="188 587 188 599 202 608 203 608 205 608 206 608 208 608 239 599 288 608 290 608 406 599 536 599 550 608 551 608 553 608 554 608 623 599 638 606 639 606 641 606 709 599 710 599 767 608 768 608 852 599 855 599 858 599 923 608 925 608 999 600 1085 608 1087 608 1088 608 1090 608 1099 600 1107 608 1109 608 1110 608 1112 609 1155 609 1155 608 1157 608 1179 599 1179 587 1177 545 1128 545 1113 535 1112 535 1110 535 1109 535 1047 544 1017 535 1015 535 1014 535 889 542 745 535 743 535 742 535 707 544 676 535 675 535 673 535 597 544 498 535 496 535 495 535 493 535 481 544 455 536 453 536 452 536 349 544 275 535 273 535 188 544 188 587"/></Shape>
            <String CONTENT="4 Vtrum Pater producat Filium ratione in¬"
                    HPOS="188"
                    VPOS="535"
                    WIDTH="991"
                    HEIGHT="74"
                    WC="0.986711204051971"></String>
          </TextLine>
          <TextLine ID="eSc_line_3f1973c9"
                    TAGREFS="LT8"
                    BASELINE="127 645 667 638" 
                    HPOS="126"
                    VPOS="588"
                    WIDTH="541"
                    HEIGHT="69">
            <Shape><Polygon POINTS="608 588 606 588 605 588 593 597 585 602 489 602 481 599 459 590 458 590 456 590 455 590 416 600 406 603 400 602 377 591 376 591 374 591 373 591 340 602 331 605 313 603 233 593 232 593 230 593 229 593 215 603 205 596 205 594 203 594 202 594 171 594 169 594 168 594 126 605 127 645 127 657 666 652 667 638 664 596 609 588 608 588"/></Shape>
            <String CONTENT="tellectus vel voluntatis."
                    HPOS="126"
                    VPOS="588"
                    WIDTH="541"
                    HEIGHT="69"
                    WC="0.990324206352234"></String>
          </TextLine>
        </TextBlock>
        <TextBlock HPOS="127"
                   VPOS="666"
                   WIDTH="1056"
                   HEIGHT="120"
                   ID="eSc_textblock_949ab550"
                   TAGREFS="BT3210">
          <Shape><Polygon POINTS="1183 666 1179 775 127 786 127 680"/></Shape>
          <TextLine ID="eSc_line_6f140214"
                    TAGREFS="LT8"
                    BASELINE="188 708 226 711" 
                    HPOS="185"
                    VPOS="651"
                    WIDTH="40"
                    HEIGHT="74">
            <Shape><Polygon POINTS="187 707 185 725 223 720 225 709 225 653 187 651 187 707"/></Shape>
            <String CONTENT="5"
                    HPOS="185"
                    VPOS="651"
                    WIDTH="40"
                    HEIGHT="74"
                    WC="0.99646133184433"></String>
          </TextLine>
          <TextLine ID="eSc_line_87b70643"
                    TAGREFS="LT8"
                    BASELINE="272 701 1177 704" 
                    HPOS="270"
                    VPOS="651"
                    WIDTH="907"
                    HEIGHT="74">
            <Shape><Polygon POINTS="272 701 270 713 294 722 295 722 297 722 745 718 752 724 752 725 754 725 755 725 757 725 1176 718 1177 704 1171 652 1161 660 1149 652 1148 651 1146 651 1145 651 1020 651 1018 651 1017 651 1012 652 990 663 981 652 980 652 980 651 978 651 977 651 956 651 954 651 953 651 951 651 951 652 950 652 939 663 905 655 904 655 902 655 874 663 841 652 840 652 762 651 761 651 759 651 755 652 725 663 691 655 690 655 577 658 568 652 566 651 565 651 563 651 562 651 553 652 507 663 330 663 272 652 272 701"/></Shape>
            <String CONTENT="Vtrum numerus perſonarum in diuinis"
                    HPOS="270"
                    VPOS="651"
                    WIDTH="907"
                    HEIGHT="74"
                    WC="0.983339995997293"></String>
          </TextLine>
          <TextLine ID="eSc_line_b2f766b0"
                    TAGREFS="LT8"
                    BASELINE="126 762 922 759" 
                    HPOS="124"
                    VPOS="710"
                    WIDTH="1058"
                    HEIGHT="76">
            <Shape><Polygon POINTS="126 786 166 779 187 785 188 785 190 785 191 785 193 785 206 776 248 785 251 785 252 785 254 785 255 785 270 776 408 782 416 782 417 782 420 782 472 773 548 780 590 783 591 783 593 783 594 783 600 779 606 774 612 779 618 783 620 783 621 783 623 783 624 783 645 779 672 771 696 777 716 782 718 783 843 783 843 782 886 774 889 774 890 774 941 780 942 780 944 780 963 773 975 768 1179 768 1182 745 1177 710 124 718 126 762"/></Shape>
            <String CONTENT="pertineat ad eſſentiam an ad rationem"
                    HPOS="124"
                    VPOS="710"
                    WIDTH="1058"
                    HEIGHT="76"
                    WC="0.998862625779332"></String>
          </TextLine>
        </TextBlock>
        <TextBlock HPOS="109"
                   VPOS="778"
                   WIDTH="1088"
                   HEIGHT="178"
                   ID="eSc_textblock_83f83009"
                   TAGREFS="BT3210">
          <Shape><Polygon POINTS="109 796 109 956 1197 956 1197 778"/></Shape>
          <TextLine ID="eSc_line_64d3ea69"
                    TAGREFS="LT8"
                    BASELINE="187 819 1176 822" 
                    HPOS="187"
                    VPOS="768"
                    WIDTH="989"
                    HEIGHT="76">
            <Shape><Polygon POINTS="187 819 187 837 321 832 330 837 342 843 343 843 345 843 346 843 348 843 355 837 359 834 362 837 370 843 371 843 373 843 374 844 422 844 422 843 466 835 489 832 493 835 501 841 501 843 502 843 504 843 505 844 615 844 615 843 617 843 618 843 629 835 630 834 630 835 641 843 642 843 643 843 697 844 699 844 700 844 701 844 713 834 715 834 780 834 788 834 864 844 865 844 867 844 902 834 904 834 951 844 953 844 1029 835 1047 844 1048 844 1049 844 1051 844 1052 844 1064 837 1158 844 1160 844 1161 844 1163 844 1174 832 1176 822 1174 773 1072 770 1070 770 1069 770 1063 773 1047 779 1002 773 981 770 980 770 978 770 969 773 941 782 890 782 875 773 873 770 871 770 870 770 868 770 850 773 804 782 697 782 688 773 684 770 684 768 682 768 681 768 679 768 618 773 542 779 475 773 449 771 447 771 446 771 444 771 443 773 435 780 330 780 322 773 318 770 318 768 316 768 315 768 313 768 312 768 310 768 303 773 295 777 187 774 187 819"/></Shape>
            <String CONTENT="6 Vtrum Deus poſsit quoduis malum etiã"
                    HPOS="187"
                    VPOS="768"
                    WIDTH="989"
                    HEIGHT="76"
                    WC="0.981769068118853"></String>
          </TextLine>
          <TextLine ID="eSc_line_a54c11c6"
                    TAGREFS="LT8"
                    BASELINE="124 880 1176 880" 
                    HPOS="124"
                    VPOS="832"
                    WIDTH="1052"
                    HEIGHT="75">
            <Shape><Polygon POINTS="124 880 124 905 370 907 371 907 386 904 414 898 455 904 484 907 486 907 524 902 568 898 611 902 664 907 666 907 667 907 682 901 691 898 812 898 815 901 820 905 822 905 823 905 991 907 993 907 994 907 1012 899 1099 907 1100 907 1102 907 1119 898 1128 905 1130 905 1131 905 1133 905 1176 896 1176 880 1174 832 493 840 480 838 455 832 453 832 394 838 374 840 356 838 290 832 288 832 287 832 285 832 278 840 276 841 221 841 217 840 169 832 168 832 124 840 124 880"/></Shape>
            <String CONTENT="odium ſui præcipere: &amp; quoduis bonum etiam a¬"
                    HPOS="124"
                    VPOS="832"
                    WIDTH="1052"
                    HEIGHT="75"
                    WC="0.98014008336597"></String>
          </TextLine>
          <TextLine ID="eSc_line_cd22f9a8"
                    TAGREFS="LT8"
                    BASELINE="120 939 831 935" 
                    HPOS="118"
                    VPOS="889"
                    WIDTH="713"
                    HEIGHT="71">
            <Shape><Polygon POINTS="120 939 120 954 591 960 593 960 594 960 614 953 798 959 800 959 801 959 831 950 831 935 828 901 743 901 743 899 731 890 731 889 730 889 728 889 670 889 669 889 667 889 666 889 649 899 648 899 629 899 614 899 605 890 605 889 603 889 602 889 600 889 599 889 581 898 522 890 520 890 519 890 517 890 507 899 502 901 483 899 417 890 376 890 374 890 373 890 358 898 349 904 294 904 287 898 282 893 281 893 279 893 278 893 276 893 261 898 246 902 237 898 232 895 230 895 229 895 227 895 221 898 214 902 209 898 208 896 208 895 206 895 205 895 203 895 118 896 120 939"/></Shape>
            <String CONTENT="morem &amp; cultum ſui prohibere."
                    HPOS="118"
                    VPOS="889"
                    WIDTH="713"
                    HEIGHT="71"
                    WC="0.979179288806586"></String>
          </TextLine>
        </TextBlock>
        <TextBlock HPOS="112"
                   VPOS="963"
                   WIDTH="1067"
                   HEIGHT="106"
                   ID="eSc_textblock_9cd0011c"
                   TAGREFS="BT3210">
          <Shape><Polygon POINTS="112 963 112 1069 1179 1069 1179 963"/></Shape>
          <TextLine ID="eSc_line_d1a14644"
                    TAGREFS="LT8"
                    BASELINE="172 1004 198 1001 232 997 235 997" 
                    HPOS="162"
                    VPOS="948"
                    WIDTH="72"
                    HEIGHT="71">
            <Shape><Polygon POINTS="171 1003 171 1015 214 1019 216 1019 218 1019 220 1019 234 1006 234 994 227 954 209 948 207 948 205 948 203 948 162 961 171 1003"/></Shape>
            <String CONTENT="7"
                    HPOS="162"
                    VPOS="948"
                    WIDTH="72"
                    HEIGHT="71"
                    ></String>
          </TextLine>
          <TextLine ID="eSc_line_891076ce"
                    TAGREFS="LT8"
                    BASELINE="281 996 1173 999" 
                    HPOS="279"
                    VPOS="942"
                    WIDTH="894"
                    HEIGHT="79">
            <Shape><Polygon POINTS="281 996 279 1017 1170 1021 1173 999 1170 944 1033 956 1015 944 1014 944 1012 944 945 944 944 944 942 944 941 944 941 945 928 957 841 957 823 945 822 945 820 945 819 945 817 945 816 945 786 956 776 945 774 945 774 944 773 944 771 944 770 944 721 945 719 945 718 945 718 947 706 954 635 947 617 945 615 945 603 947 562 954 539 947 523 942 522 942 520 942 519 942 502 948 480 954 281 950 281 996"/></Shape>
            <String CONTENT="Vtrum in Deo ſit intellectus agens &amp; paſ¬"
                    HPOS="279"
                    VPOS="942"
                    WIDTH="894"
                    HEIGHT="79"
                    WC="0.981812621035227"></String>
          </TextLine>
          <TextLine ID="eSc_line_f18badb4"
                    TAGREFS="LT8"
                    BASELINE="124 1055 282 1054" 
                    HPOS="123"
                    VPOS="1000"
                    WIDTH="159"
                    HEIGHT="85">
            <Shape><Polygon POINTS="124 1055 126 1085 166 1075 187 1081 196 1084 197 1084 199 1084 281 1073 282 1054 279 1017 251 1017 230 1000 229 1000 227 1000 226 1000 224 1000 191 1011 147 1000 145 1000 144 1000 142 1000 123 1014 124 1055"/></Shape>
            <String CONTENT="ſibilis."
                    HPOS="123"
                    VPOS="1000"
                    WIDTH="159"
                    HEIGHT="85"
                    WC="0.997901752591133"></String>
          </TextLine>
        </TextBlock>
        <TextBlock HPOS="156"
                   VPOS="1072"
                   WIDTH="976"
                   HEIGHT="62"
                   ID="eSc_textblock_cd4c1925"
                   TAGREFS="BT3210">
          <Shape><Polygon POINTS="1132 1090 1132 1134 156 1134 156 1072"/></Shape>
          <TextLine ID="eSc_line_65a86c0c"
                    TAGREFS="LT8"
                    BASELINE="193 1124 234 1121" 
                    HPOS="188"
                    VPOS="1069"
                    WIDTH="46"
                    HEIGHT="70">
            <Shape><Polygon POINTS="234 1121 229 1069 188 1069 193 1124 194 1139 234 1127 234 1121"/></Shape>
            <String CONTENT="8"
                    HPOS="188"
                    VPOS="1069"
                    WIDTH="46"
                    HEIGHT="70"
                    ></String>
          </TextLine>
          <TextLine ID="eSc_line_2a523536"
                    TAGREFS="LT8"
                    BASELINE="266 1118 417 1112 1119 1118" 
                    HPOS="264"
                    VPOS="1061"
                    WIDTH="855"
                    HEIGHT="76">
            <Shape><Polygon POINTS="266 1118 264 1128 270 1133 272 1133 273 1133 275 1133 276 1133 307 1125 316 1133 318 1133 319 1133 431 1134 432 1134 843 1128 895 1137 896 1137 1118 1128 1119 1118 1119 1078 1039 1066 1038 1066 1036 1066 1017 1076 977 1076 944 1076 939 1076 884 1064 883 1064 881 1064 862 1075 815 1066 813 1066 765 1075 764 1075 725 1064 724 1064 722 1064 621 1072 597 1063 596 1063 550 1063 548 1063 547 1063 526 1073 388 1064 386 1064 346 1072 316 1061 315 1061 313 1061 266 1072 266 1118"/></Shape>
            <String CONTENT="Vtrum mundus melius condi potuerit,"
                    HPOS="264"
                    VPOS="1061"
                    WIDTH="855"
                    HEIGHT="76"
                    WC="0.997025099822453"></String>
          </TextLine>
        </TextBlock>
        <TextBlock HPOS="112"
                   VPOS="1145"
                   WIDTH="1078"
                   HEIGHT="112"
                   ID="eSc_textblock_66dc24d2"
                   TAGREFS="BT3210">
          <Shape><Polygon POINTS="112 1148 112 1257 1187 1257 1190 1145"/></Shape>
          <TextLine ID="eSc_line_5f7d50b0"
                    TAGREFS="LT8"
                    BASELINE="190 1174 227 1171" 
                    HPOS="187"
                    VPOS="1127"
                    WIDTH="40"
                    HEIGHT="71">
            <Shape><Polygon POINTS="227 1171 220 1130 206 1136 187 1127 190 1174 193 1198 227 1188 227 1171"/></Shape>
            <String CONTENT="9"
                    HPOS="187"
                    VPOS="1127"
                    WIDTH="40"
                    HEIGHT="71"
                    WC="0.998427510261536"></String>
          </TextLine>
          <TextLine ID="eSc_line_c6332ec1"
                    TAGREFS="LT8"
                    BASELINE="266 1171 1171 1177" 
                    HPOS="264"
                    VPOS="1118"
                    WIDTH="907"
                    HEIGHT="79">
            <Shape><Polygon POINTS="266 1171 264 1183 288 1192 290 1192 291 1192 426 1186 440 1186 446 1186 492 1194 493 1194 633 1189 696 1188 707 1191 724 1195 725 1195 727 1195 832 1192 944 1189 1168 1197 1171 1177 1171 1128 1145 1121 1143 1121 1142 1121 1140 1121 1139 1121 1139 1122 1133 1128 1128 1133 1081 1133 1076 1127 1070 1122 1070 1121 1069 1121 1067 1121 962 1121 960 1121 923 1127 901 1130 877 1127 834 1119 832 1119 831 1119 815 1125 806 1130 797 1125 783 1119 782 1119 780 1119 749 1125 748 1125 746 1125 721 1118 719 1118 664 1118 663 1118 661 1118 660 1118 651 1125 648 1127 638 1125 606 1119 605 1119 266 1122 266 1171"/></Shape>
            <String CONTENT="Vtrum Papa ſit miſericordior Chiſto, quũ"
                    HPOS="264"
                    VPOS="1118"
                    WIDTH="907"
                    HEIGHT="79"
                    WC="0.990166552183105"></String>
          </TextLine>
          <TextLine ID="eSc_line_e8b06f26"
                    TAGREFS="LT8"
                    BASELINE="127 1228 1177 1237" 
                    HPOS="126"
                    VPOS="1174"
                    WIDTH="1051"
                    HEIGHT="87">
            <Shape><Polygon POINTS="126 1247 135 1253 136 1253 138 1253 139 1253 261 1246 273 1253 275 1253 276 1253 278 1253 388 1247 437 1255 438 1255 440 1255 469 1247 475 1246 483 1247 504 1253 505 1253 507 1253 566 1249 575 1256 577 1256 578 1256 580 1256 629 1249 642 1247 678 1249 828 1259 829 1259 831 1259 859 1250 864 1250 871 1250 922 1259 923 1259 925 1259 944 1252 948 1250 1047 1250 1049 1253 1069 1261 1070 1261 1072 1261 1073 1261 1090 1253 1094 1252 1100 1253 1130 1261 1131 1261 1133 1261 1176 1253 1177 1237 1177 1197 1020 1195 981 1180 980 1180 978 1180 977 1180 950 1188 932 1180 931 1180 929 1180 928 1180 926 1180 908 1194 904 1194 826 1179 786 1179 785 1179 783 1179 758 1192 757 1192 748 1192 606 1177 605 1177 536 1185 527 1179 526 1179 524 1179 523 1179 522 1179 502 1189 499 1191 493 1189 447 1177 446 1177 444 1177 370 1186 309 1177 307 1177 281 1183 270 1174 269 1174 267 1174 266 1174 199 1186 191 1188 187 1186 157 1174 156 1174 154 1174 153 1174 127 1185 127 1228"/></Shape>
            <String CONTENT="Chriſtus neminem à pœnis purgatorij liberarit."
                    HPOS="126"
                    VPOS="1174"
                    WIDTH="1051"
                    HEIGHT="87"
                    WC="0.994534728374887"></String>
          </TextLine>
        </TextBlock>
        <TextBlock HPOS="112"
                   VPOS="1272"
                   WIDTH="1082"
                   HEIGHT="159"
                   ID="eSc_textblock_2f0ad197"
                   TAGREFS="BT3210">
          <Shape><Polygon POINTS="112 1272 112 1431 1194 1431 1194 1272"/></Shape>
          <TextLine ID="eSc_line_f01bacdb"
                    TAGREFS="LT8"
                    BASELINE="181 1289 1171 1293" 
                    HPOS="181"
                    VPOS="1238"
                    WIDTH="990"
                    HEIGHT="76">
            <Shape><Polygon POINTS="181 1289 181 1307 336 1301 348 1307 349 1308 350 1308 352 1308 353 1308 367 1307 394 1302 414 1307 440 1311 441 1311 443 1311 459 1307 468 1304 508 1305 611 1313 612 1313 614 1313 629 1305 635 1302 648 1305 679 1313 681 1313 682 1313 710 1305 722 1302 812 1305 1122 1314 1124 1314 1170 1302 1171 1293 1167 1247 1146 1256 910 1256 895 1246 890 1241 889 1241 887 1241 858 1241 856 1241 855 1241 853 1241 849 1244 835 1255 806 1255 786 1244 776 1240 774 1240 773 1240 771 1240 770 1240 764 1244 751 1255 722 1255 710 1244 707 1241 706 1241 704 1241 673 1240 672 1240 670 1240 658 1244 632 1255 591 1255 578 1243 575 1240 574 1240 572 1240 571 1240 569 1240 556 1243 544 1246 507 1243 458 1238 456 1238 455 1238 453 1238 449 1243 443 1246 431 1243 419 1238 417 1238 416 1238 414 1238 404 1241 380 1250 370 1241 367 1238 365 1238 364 1238 330 1238 328 1238 309 1241 255 1252 237 1241 236 1240 234 1240 233 1240 232 1240 181 1240 181 1289"/></Shape>
            <String CONTENT="1o Vtrum Papa poſsit vniuerſum purgato¬"
                    HPOS="181"
                    VPOS="1238"
                    WIDTH="990"
                    HEIGHT="76"
                    WC="0.977469192101405"></String>
          </TextLine>
          <TextLine ID="eSc_line_c3a48d46"
                    TAGREFS="LT8"
                    BASELINE="123 1347 1170 1353" 
                    HPOS="123"
                    VPOS="1295"
                    WIDTH="1047"
                    HEIGHT="77">
            <Shape><Polygon POINTS="123 1347 123 1362 397 1362 423 1366 449 1369 450 1369 452 1369 462 1366 472 1362 480 1366 484 1369 486 1369 487 1369 489 1369 527 1366 591 1362 643 1368 672 1371 673 1371 687 1368 710 1363 806 1369 835 1371 837 1371 850 1369 907 1363 939 1371 942 1371 944 1371 953 1371 1045 1365 1167 1372 1170 1353 1165 1299 1130 1310 1109 1299 1107 1299 1106 1299 1103 1299 1042 1310 1002 1299 999 1299 997 1299 996 1299 994 1299 993 1299 972 1310 960 1299 959 1299 957 1299 907 1298 856 1298 855 1298 853 1298 852 1298 849 1301 837 1308 812 1301 801 1298 800 1298 687 1298 685 1298 684 1298 676 1301 664 1308 649 1302 641 1298 639 1298 638 1298 636 1298 635 1298 629 1302 620 1308 551 1308 545 1302 542 1299 541 1299 539 1299 538 1299 536 1299 529 1302 517 1307 495 1302 464 1296 462 1296 461 1296 459 1296 450 1302 443 1308 385 1308 364 1304 319 1295 318 1295 123 1304 123 1347"/></Shape>
            <String CONTENT="rium tollere vel exhaurire. Denique vide Eraſ¬"
                    HPOS="123"
                    VPOS="1295"
                    WIDTH="1047"
                    HEIGHT="77"
                    WC="0.987693710171658"></String>
          </TextLine>
          <TextLine ID="eSc_line_353517c8"
                    TAGREFS="LT8"
                    BASELINE="124 1408 1115 1411" 
                    HPOS="123"
                    VPOS="1354"
                    WIDTH="992"
                    HEIGHT="75">
            <Shape><Polygon POINTS="124 1408 123 1420 226 1429 227 1429 1113 1423 1115 1411 1115 1371 1069 1356 1067 1356 956 1356 954 1356 953 1356 951 1356 932 1369 929 1371 829 1371 826 1368 812 1359 810 1359 809 1359 807 1359 764 1363 739 1356 737 1356 736 1356 666 1363 618 1354 617 1354 615 1354 591 1366 587 1368 578 1366 533 1356 532 1356 492 1365 480 1369 374 1369 365 1365 349 1357 348 1357 346 1357 307 1365 285 1368 278 1363 258 1354 257 1354 255 1354 254 1354 229 1363 223 1365 215 1363 176 1354 175 1354 124 1362 124 1408"/></Shape>
            <String CONTENT="mum hoc loco ne has feces diutius tractemus."
                    HPOS="123"
                    VPOS="1354"
                    WIDTH="992"
                    HEIGHT="75"
                    WC="0.99527798186649"></String>
          </TextLine>
        </TextBlock>
        <TextBlock HPOS="94"
                   VPOS="1479"
                   WIDTH="1100"
                   HEIGHT="225"
                   ID="eSc_textblock_823032da"
                   TAGREFS="BT3206">
          <Shape><Polygon POINTS="94 1479 94 1704 1194 1704 1194 1479"/></Shape>
          <TextLine ID="eSc_line_105f1f04"
                    TAGREFS="LT8"
                    BASELINE="191 1535 207 1534 235 1532" 
                    HPOS="180"
                    VPOS="1454"
                    WIDTH="54"
                    HEIGHT="105">
            <Shape><Polygon POINTS="189 1534 194 1559 234 1539 234 1530 227 1465 180 1454 189 1534"/></Shape>
            <String CONTENT="7"
                    HPOS="180"
                    VPOS="1454"
                    WIDTH="54"
                    HEIGHT="105"
                    ></String>
          </TextLine>
          <TextLine ID="eSc_line_0d947001"
                    TAGREFS="LT62"
                    BASELINE="301 1536 1173 1539" 
                    HPOS="300"
                    VPOS="1467"
                    WIDTH="873"
                    HEIGHT="102">
            <Shape><Polygon POINTS="300 1564 382 1566 383 1566 385 1566 386 1566 386 1564 388 1563 404 1549 438 1557 440 1557 441 1557 464 1549 587 1549 609 1560 623 1566 624 1566 626 1567 661 1567 661 1566 663 1566 664 1566 664 1564 672 1558 673 1557 673 1558 679 1563 679 1564 681 1564 682 1564 684 1564 685 1564 699 1558 716 1549 728 1557 742 1567 743 1567 745 1567 746 1569 817 1569 817 1567 819 1567 820 1567 834 1555 841 1551 966 1551 974 1554 1000 1563 1002 1563 1128 1567 1130 1567 1131 1567 1171 1549 1173 1539 1173 1473 849 1467 847 1467 846 1467 844 1467 835 1475 829 1478 754 1475 620 1469 618 1469 617 1469 603 1475 597 1479 452 1479 444 1476 425 1470 423 1470 422 1470 420 1470 407 1476 404 1478 301 1478 301 1536"/></Shape>
            <String CONTENT="Quum velint eſſe Legis doctores, nec"
                    HPOS="300"
                    VPOS="1467"
                    WIDTH="873"
                    HEIGHT="102"
                    WC="0.998639924658669"></String>
          </TextLine>
          <TextLine ID="eSc_line_0fda1595"
                    TAGREFS="LT62"
                    BASELINE="117 1600 1168 1609" 
                    HPOS="116"
                    VPOS="1549"
                    WIDTH="1052"
                    HEIGHT="95">
            <Shape><Polygon POINTS="116 1625 221 1627 223 1628 237 1637 239 1637 240 1637 242 1637 321 1631 339 1638 340 1638 342 1638 343 1638 368 1629 371 1629 374 1629 397 1638 398 1638 574 1640 575 1640 577 1640 578 1640 584 1634 588 1631 602 1634 623 1638 624 1638 626 1638 633 1634 641 1631 666 1635 703 1641 704 1641 780 1637 815 1635 829 1638 855 1643 856 1643 878 1638 902 1634 923 1640 935 1643 936 1643 938 1644 938 1643 939 1643 950 1640 971 1634 984 1640 991 1644 993 1644 994 1644 1036 1641 1094 1637 1103 1643 1105 1644 1106 1644 1107 1644 1109 1644 1167 1643 1168 1609 1168 1574 1112 1557 1110 1557 1076 1557 1075 1557 1073 1557 1072 1557 1049 1571 1047 1573 994 1573 990 1570 971 1555 969 1555 968 1555 966 1555 864 1567 828 1570 593 1569 578 1560 577 1560 575 1560 574 1560 572 1560 571 1560 548 1567 524 1558 508 1552 507 1552 505 1552 504 1552 492 1558 471 1567 358 1567 292 1552 272 1549 270 1549 234 1551 165 1557 117 1549 117 1600"/></Shape>
            <String CONTENT="intelligant quæ loquuntur, neque de quibus"
                    HPOS="116"
                    VPOS="1549"
                    WIDTH="1052"
                    HEIGHT="95"
                    WC="0.963330635002681"></String>
          </TextLine>
          <TextLine ID="eSc_line_f2e22776"
                    TAGREFS="LT62"
                    BASELINE="120 1668 404 1671" 
                    HPOS="118"
                    VPOS="1618"
                    WIDTH="286"
                    HEIGHT="89">
            <Shape><Polygon POINTS="118 1704 215 1704 215 1702 260 1692 291 1704 294 1705 295 1705 297 1707 330 1707 330 1705 331 1705 333 1705 333 1704 346 1693 377 1693 398 1705 404 1671 403 1638 350 1625 349 1625 348 1625 325 1637 298 1637 266 1637 264 1637 230 1618 229 1618 166 1618 165 1618 163 1618 120 1634 120 1668"/></Shape>
            <String CONTENT="aſſeuerant."
                    HPOS="118"
                    VPOS="1618"
                    WIDTH="286"
                    HEIGHT="89"
                    WC="0.963060584935275"></String>
          </TextLine>
        </TextBlock>
        <TextBlock HPOS="102"
                   VPOS="1722"
                   WIDTH="1099"
                   HEIGHT="475"
                   ID="eSc_textblock_1840aad2"
                   TAGREFS="BT3207">
          <Shape><Polygon POINTS="102 1722 102 2197 1201 2197 1201 1722"/></Shape>
          <TextLine ID="eSc_line_fef3cfd5"
                    TAGREFS="LT8"
                    BASELINE="176 1765 1173 1774" 
                    HPOS="175"
                    VPOS="1696"
                    WIDTH="998"
                    HEIGHT="102">
            <Shape><Polygon POINTS="175 1775 249 1789 251 1789 309 1778 316 1778 318 1780 339 1792 340 1792 342 1792 343 1792 345 1792 346 1792 361 1781 391 1781 438 1780 480 1780 483 1783 490 1790 492 1790 493 1790 495 1790 526 1784 535 1783 594 1783 603 1786 624 1793 626 1793 627 1793 655 1787 673 1783 804 1783 908 1792 923 1793 925 1793 929 1793 969 1786 996 1795 1006 1798 1008 1798 1009 1798 1042 1795 1121 1789 1170 1798 1173 1774 1171 1705 916 1713 777 1702 776 1702 774 1702 737 1717 687 1717 673 1705 672 1705 670 1705 669 1705 519 1714 505 1704 504 1704 502 1704 501 1704 444 1713 428 1701 426 1701 425 1701 423 1701 422 1701 420 1701 420 1702 407 1714 345 1714 318 1701 316 1701 315 1701 313 1701 312 1701 298 1711 264 1704 263 1704 212 1710 178 1696 176 1765 175 1775"/></Shape>
            <String CONTENT="Deſcriptio eſt iſtius generis hominum, &amp; ſu¬"
                    HPOS="175"
                    VPOS="1696"
                    WIDTH="998"
                    HEIGHT="102"
                    WC="0.996169966730205"></String>
          </TextLine>
          <TextLine ID="eSc_line_fb2618cd"
                    TAGREFS="LT8"
                    BASELINE="121 1821 1167 1833" 
                    HPOS="121"
                    VPOS="1775"
                    WIDTH="1046"
                    HEIGHT="81">
            <Shape><Polygon POINTS="121 1821 121 1844 364 1839 388 1845 403 1848 404 1848 406 1848 407 1848 408 1848 411 1845 419 1839 471 1845 504 1848 505 1848 562 1845 638 1841 669 1845 700 1850 701 1850 743 1845 774 1842 780 1845 786 1850 788 1850 789 1850 791 1850 832 1845 852 1844 858 1845 874 1853 875 1853 1038 1856 1039 1856 1165 1845 1167 1833 1167 1801 803 1798 794 1792 777 1781 776 1781 774 1781 773 1781 771 1781 742 1790 727 1795 716 1790 710 1787 709 1787 707 1787 696 1789 669 1795 657 1789 654 1787 652 1787 651 1787 636 1787 597 1790 591 1787 581 1780 580 1780 578 1780 577 1780 499 1784 394 1792 377 1781 370 1777 368 1777 367 1777 251 1777 249 1777 248 1777 246 1777 243 1778 233 1786 221 1778 217 1775 215 1775 214 1775 212 1775 121 1775 121 1821"/></Shape>
            <String CONTENT="perioris dicti amplificatio, vt doceat quicunque"
                    HPOS="121"
                    VPOS="1775"
                    WIDTH="1046"
                    HEIGHT="81"
                    WC="0.997432095309099"></String>
          </TextLine>
          <TextLine ID="eSc_line_ba47e0fb"
                    TAGREFS="LT8"
                    BASELINE="121 1879 1171 1888" 
                    HPOS="120"
                    VPOS="1835"
                    WIDTH="1051"
                    HEIGHT="74">
            <Shape><Polygon POINTS="121 1879 120 1893 135 1900 136 1900 138 1900 321 1896 334 1903 336 1903 337 1903 339 1903 428 1896 471 1905 472 1905 739 1899 822 1908 823 1908 861 1900 877 1908 878 1908 880 1908 954 1902 1113 1909 1115 1909 1170 1900 1171 1888 1170 1859 1122 1859 1121 1857 1105 1844 1103 1844 1102 1844 1100 1844 1099 1844 1055 1857 1051 1859 999 1859 994 1856 960 1842 959 1842 957 1842 956 1842 954 1842 939 1854 923 1845 922 1845 822 1839 820 1839 819 1839 770 1853 762 1856 725 1856 722 1853 709 1842 707 1842 706 1842 704 1842 703 1842 701 1842 687 1851 682 1854 623 1854 615 1851 572 1838 571 1838 538 1838 536 1838 535 1838 533 1838 519 1850 513 1854 490 1854 486 1850 472 1838 472 1836 471 1836 469 1836 468 1836 466 1836 435 1848 428 1853 331 1853 322 1847 297 1835 295 1835 153 1835 151 1835 150 1835 121 1844 121 1879"/></Shape>
            <String CONTENT="ab illo ſcopo aberrant, eos incidere in vanilo¬"
                    HPOS="120"
                    VPOS="1835"
                    WIDTH="1051"
                    HEIGHT="74"
                    WC="0.987757501449991"></String>
          </TextLine>
          <TextLine ID="eSc_line_a7b3d436"
                    TAGREFS="LT8"
                    BASELINE="126 1937 1174 1948" 
                    HPOS="124"
                    VPOS="1890"
                    WIDTH="1050"
                    HEIGHT="83">
            <Shape><Polygon POINTS="126 1937 124 1957 160 1964 162 1964 163 1964 185 1958 205 1954 255 1960 310 1966 312 1966 336 1961 356 1957 524 1957 535 1964 538 1967 539 1967 541 1967 542 1967 544 1967 554 1964 574 1958 582 1964 588 1969 590 1969 591 1969 593 1969 633 1966 712 1958 736 1967 745 1970 746 1970 748 1970 777 1967 829 1963 859 1969 874 1972 875 1972 908 1970 1023 1961 1171 1973 1174 1948 1174 1917 1075 1917 1073 1915 1049 1899 1048 1899 1047 1899 1014 1897 1012 1897 1011 1897 978 1914 957 1906 956 1906 954 1906 896 1914 886 1914 884 1912 861 1897 859 1897 858 1897 856 1897 855 1897 829 1909 801 1896 800 1896 798 1896 797 1896 795 1896 776 1912 774 1914 749 1914 746 1911 709 1894 707 1894 649 1894 648 1894 646 1894 645 1894 623 1911 620 1911 519 1911 517 1909 502 1896 501 1896 499 1896 498 1896 496 1896 495 1896 478 1909 475 1909 466 1908 403 1900 401 1900 365 1908 361 1908 340 1891 339 1891 337 1891 275 1890 153 1890 151 1890 150 1890 126 1902 126 1937"/></Shape>
            <String CONTENT="quium, quantunuis magni ſint doctores. His au¬"
                    HPOS="124"
                    VPOS="1890"
                    WIDTH="1050"
                    HEIGHT="83"
                    WC="0.995314594196237"></String>
          </TextLine>
          <TextLine ID="eSc_line_aaa5b293"
                    TAGREFS="LT8"
                    BASELINE="121 1997 1176 2009" 
                    HPOS="120"
                    VPOS="1952"
                    WIDTH="1056"
                    HEIGHT="82">
            <Shape><Polygon POINTS="121 1997 120 2018 242 2013 295 2021 312 2022 313 2022 330 2021 371 2015 403 2021 428 2025 429 2025 459 2021 489 2016 538 2021 596 2027 597 2027 599 2027 620 2021 633 2018 646 2021 661 2025 663 2025 664 2025 725 2022 764 2019 768 2022 777 2030 779 2030 780 2030 782 2030 996 2025 1044 2033 1045 2034 1146 2034 1146 2033 1148 2033 1174 2022 1176 2009 1176 1975 1133 1966 1131 1966 1084 1973 1078 1973 1076 1973 1064 1964 1063 1964 1061 1964 1060 1964 959 1972 939 1972 938 1970 920 1960 919 1960 917 1960 916 1960 809 1967 745 1958 743 1958 684 1967 672 1969 667 1967 655 1957 654 1957 652 1957 651 1957 649 1957 624 1966 620 1967 614 1966 580 1957 578 1957 577 1957 575 1957 544 1966 533 1967 520 1964 475 1955 474 1955 438 1963 389 1955 388 1955 386 1955 385 1955 374 1963 373 1964 367 1963 337 1954 336 1954 334 1954 333 1954 331 1954 319 1961 316 1964 297 1961 237 1952 236 1952 121 1958 121 1997"/></Shape>
            <String CONTENT="tem tribuit Paulus Epitheta quatuor, nimirum"
                    HPOS="120"
                    VPOS="1952"
                    WIDTH="1056"
                    HEIGHT="82"
                    WC="0.995086080648682"></String>
          </TextLine>
          <TextLine ID="eSc_line_f359af0f"
                    TAGREFS="LT8"
                    BASELINE="126 2053 1168 2070" 
                    HPOS="124"
                    VPOS="2004"
                    WIDTH="1044"
                    HEIGHT="88">
            <Shape><Polygon POINTS="126 2053 124 2074 248 2067 281 2076 282 2076 284 2076 355 2068 365 2076 367 2076 368 2076 370 2076 483 2074 516 2083 519 2083 520 2083 522 2083 529 2083 584 2076 667 2080 669 2080 670 2080 672 2080 682 2073 765 2082 767 2082 884 2076 1165 2092 1168 2070 1167 2034 1103 2018 1102 2018 1036 2031 1035 2031 1032 2031 974 2015 972 2015 971 2015 895 2028 884 2030 794 2030 791 2027 773 2012 771 2012 770 2012 675 2010 673 2010 672 2010 670 2010 652 2024 649 2025 563 2025 556 2022 507 2007 505 2007 504 2007 422 2016 258 2004 257 2004 205 2016 191 2018 126 2015 126 2053"/></Shape>
            <String CONTENT="quod ſint I Arrogantes Volunt. 2 Timoth.3"
                    HPOS="124"
                    VPOS="2004"
                    WIDTH="1044"
                    HEIGHT="88"
                    WC="0.987207103066328"></String>
          </TextLine>
          <TextLine ID="eSc_line_dfc833a7"
                    TAGREFS="LT8"
                    BASELINE="123 2114 1170 2126" 
                    HPOS="121"
                    VPOS="2061"
                    WIDTH="1049"
                    HEIGHT="86">
            <Shape><Polygon POINTS="905 2067 904 2067 902 2067 880 2080 877 2083 800 2083 792 2079 759 2065 758 2065 757 2065 699 2077 697 2077 676 2067 675 2067 673 2067 672 2067 670 2067 661 2073 593 2065 591 2065 590 2065 569 2076 562 2079 541 2074 487 2064 486 2064 441 2073 440 2073 438 2073 364 2061 190 2061 188 2061 187 2061 169 2068 154 2074 123 2068 123 2114 121 2134 229 2137 230 2137 232 2137 234 2135 254 2129 582 2140 667 2143 669 2143 687 2141 761 2135 785 2143 789 2144 791 2144 792 2144 807 2143 874 2137 962 2146 974 2146 975 2146 984 2146 1047 2140 1063 2147 1064 2147 1066 2147 1067 2147 1075 2147 1116 2140 1167 2147 1170 2126 1170 2086 1047 2086 1044 2083 1032 2073 1032 2071 1030 2071 1029 2071 1027 2071 987 2077 907 2067 905 2067"/></Shape>
            <String CONTENT="2 Ignari Coloſſ2. verſ.18.3 Docendi munus præ"
                    HPOS="121"
                    VPOS="2061"
                    WIDTH="1049"
                    HEIGHT="86"
                    WC="0.989928685294257"></String>
          </TextLine>
          <TextLine ID="eSc_line_5e526451"
                    TAGREFS="LT8"
                    BASELINE="121 2172 1170 2183" 
                    HPOS="120"
                    VPOS="2122"
                    WIDTH="1050"
                    HEIGHT="99">
            <Shape><Polygon POINTS="120 2202 123 2205 123 2207 124 2207 126 2207 127 2207 129 2207 130 2207 142 2198 150 2195 270 2195 281 2199 318 2215 319 2215 321 2215 361 2210 495 2217 496 2217 547 2208 571 2218 572 2218 574 2218 681 2202 688 2201 693 2202 749 2220 751 2220 752 2221 786 2221 786 2220 788 2220 825 2202 826 2202 856 2218 858 2218 859 2218 929 2204 935 2202 956 2204 1085 2212 1087 2212 1168 2204 1170 2183 1168 2143 1107 2131 1106 2131 1105 2131 1103 2131 1087 2141 1076 2147 1055 2140 1023 2129 1021 2129 1020 2129 978 2137 945 2129 944 2129 942 2129 941 2129 917 2138 895 2146 758 2146 739 2135 721 2126 719 2126 718 2126 716 2126 701 2134 685 2144 590 2144 565 2132 550 2125 548 2125 383 2123 382 2123 295 2126 294 2126 292 2126 278 2138 240 2126 236 2125 234 2125 233 2125 232 2125 229 2126 214 2135 202 2125 197 2122 196 2122 194 2122 193 2122 121 2123 121 2172"/></Shape>
            <String CONTENT="ſe ferant, &amp; ſibi vſurpent Rom. 2.vocantur Ra"
                    HPOS="120"
                    VPOS="2122"
                    WIDTH="1050"
                    HEIGHT="99"
                    WC="0.988919277985891"></String>
          </TextLine>
        </TextBlock>
        <TextBlock HPOS="888.0"
                   VPOS="2204.0"
                   WIDTH="90.0"
                   HEIGHT="62.0"
                   ID="block_1"
                   TAGREFS="BT17">
          <Shape><Polygon POINTS="978 2204 978 2266 888 2266 888 2204"/></Shape>
          <TextLine ID="eSc_line_ec8e8b55"
                    TAGREFS="LT8"
                    BASELINE="893 2242 968 2241" 
                    HPOS="892"
                    VPOS="2196"
                    WIDTH="76"
                    HEIGHT="83">
            <Shape><Polygon POINTS="893 2242 893 2278 935 2279 936 2279 938 2279 968 2268 968 2241 965 2210 892 2196 893 2242"/></Shape>
            <String CONTENT="b.j."
                    HPOS="892"
                    VPOS="2196"
                    WIDTH="76"
                    HEIGHT="83"
                    WC="0.995538219809532"></String>
          </TextLine>
        </TextBlock>
      </PrintSpace>
    </Page>
  </Layout>
</alto>
