<?xml version="1.0" encoding="UTF-8"?>
<alto xmlns:xsi="http://www.w3.org/2001/XMLSchema-instance"
      xmlns="http://www.loc.gov/standards/alto/ns-v4#"
      xsi:schemaLocation="http://www.loc.gov/standards/alto/ns-v4# http://www.loc.gov/standards/alto/v4/alto-4-2.xsd">
  <Description>
    <MeasurementUnit>pixel</MeasurementUnit>
    <sourceImageInformation>
      <fileName>2012925.png</fileName>
    </sourceImageInformation>
  </Description>
  <Tags>
    <OtherTag ID="BT10" LABEL="DropCapitalZone" DESCRIPTION="block type DropCapitalZone"/><OtherTag ID="BT11" LABEL="GraphicZone" DESCRIPTION="block type GraphicZone"/><OtherTag ID="BT12" LABEL="MainZone" DESCRIPTION="block type MainZone"/><OtherTag ID="BT13" LABEL="MarginTextZone" DESCRIPTION="block type MarginTextZone"/><OtherTag ID="BT15" LABEL="NumberingZone" DESCRIPTION="block type NumberingZone"/><OtherTag ID="BT17" LABEL="QuireMarksZone" DESCRIPTION="block type QuireMarksZone"/><OtherTag ID="BT18" LABEL="RunningTitleZone" DESCRIPTION="block type RunningTitleZone"/><OtherTag ID="BT22" LABEL="TitlePageZone" DESCRIPTION="block type TitlePageZone"/><OtherTag ID="BT3206" LABEL="MainZone-Head" DESCRIPTION="block type MainZone-Head"/><OtherTag ID="BT3207" LABEL="MainZone-P" DESCRIPTION="block type MainZone-P"/><OtherTag ID="BT3208" LABEL="MainZone-Continued" DESCRIPTION="block type MainZone-Continued"/><OtherTag ID="BT3209" LABEL="MarginTextZone-ManuscriptAddendum" DESCRIPTION="block type MarginTextZone-ManuscriptAddendum"/><OtherTag ID="BT3210" LABEL="MainZone-Entry" DESCRIPTION="block type MainZone-Entry"/>
    <OtherTag ID="LT7" LABEL="CustomLine" DESCRIPTION="line type CustomLine"/><OtherTag ID="LT8" LABEL="DefaultLine" DESCRIPTION="line type DefaultLine"/><OtherTag ID="LT9" LABEL="DropCapitalLine" DESCRIPTION="line type DropCapitalLine"/><OtherTag ID="LT10" LABEL="HeadingLine" DESCRIPTION="line type HeadingLine"/><OtherTag ID="LT62" LABEL="CustomLine : BiblicalText" DESCRIPTION="line type CustomLine : BiblicalText"/>
  </Tags>
  <Layout>
    <Page WIDTH="1807"
          HEIGHT="2677"
          PHYSICAL_IMG_NR="38"
          ID="eSc_dummypage_">
      <PrintSpace HPOS="0"
                  VPOS="0"
                  WIDTH="1807"
                  HEIGHT="2677">
        <TextBlock HPOS="477.0"
                   VPOS="184.0"
                   WIDTH="320.0"
                   HEIGHT="67.0"
                   ID="block_3"
                   TAGREFS="BT18">
          <Shape><Polygon POINTS="797 184 797 251 477 251 477 184"/></Shape>
          <TextLine ID="eSc_line_c31d731c"
                    TAGREFS="LT10"
                    BASELINE="477 236 788 233" 
                    HPOS="475"
                    VPOS="184"
                    WIDTH="313"
                    HEIGHT="64">
            <Shape><Polygon POINTS="690 202 651 193 623 185 609 185 602 185 587 193 565 203 544 193 526 184 520 184 514 184 498 187 490 191 475 202 477 236 477 248 788 246 788 233 783 199 777 193"/></Shape>
            <String CONTENT="CAPVT I."
                    HPOS="475"
                    VPOS="184"
                    WIDTH="313"
                    HEIGHT="64"
                    ></String>
          </TextLine>
        </TextBlock>
        <TextBlock HPOS="1078.0"
                   VPOS="202.0"
                   WIDTH="86.0"
                   HEIGHT="54.0"
                   ID="eSc_textblock_f5d87b7c"
                   TAGREFS="BT15">
          <Shape><Polygon POINTS="1078 202 1078 256 1164 256 1164 202"/></Shape>
          <TextLine ID="eSc_line_ca683f2c"
                    TAGREFS="LT8"
                    BASELINE="1098 237 1158 237" 
                    HPOS="1097"
                    VPOS="171"
                    WIDTH="60"
                    HEIGHT="103">
            <Shape><Polygon POINTS="1155 274 1157 236 1157 191 1099 171 1097 236 1097 272"/></Shape>
            <String CONTENT="13"
                    HPOS="1097"
                    VPOS="171"
                    WIDTH="60"
                    HEIGHT="103"
                    ></String>
          </TextLine>
        </TextBlock>
        <TextBlock HPOS="80"
                   VPOS="273"
                   WIDTH="1083"
                   HEIGHT="209"
                   ID="eSc_textblock_31024eca"
                   TAGREFS="BT3206">
          <Shape><Polygon POINTS="1163 273 1163 482 80 482 80 273"/></Shape>
          <TextLine ID="eSc_line_a1e5348c"
                    TAGREFS="LT8"
                    BASELINE="182 319 223 316" 
                    HPOS="178"
                    VPOS="264"
                    WIDTH="45"
                    HEIGHT="75">
            <Shape><Polygon POINTS="193 266 178 272 182 319 184 339 223 322 223 316 218 264 208 264 193 266"/></Shape>
            <String CONTENT="5"
                    HPOS="178"
                    VPOS="264"
                    WIDTH="45"
                    HEIGHT="75"
                    WC="0.999903321266174"></String>
          </TextLine>
          <TextLine ID="eSc_line_f012b1f6"
                    TAGREFS="LT62"
                    BASELINE="246 316 1149 312" 
                    HPOS="245"
                    VPOS="257"
                    WIDTH="904"
                    HEIGHT="88">
            <Shape><Polygon POINTS="246 330 291 339 292 339 395 331 401 331 403 331 417 343 419 343 420 343 422 345 508 345 508 343 510 343 539 331 545 330 550 331 568 340 569 340 571 340 572 340 597 333 608 342 609 342 611 342 612 342 700 340 701 340 716 333 719 331 742 333 835 342 837 342 838 342 840 342 850 333 856 328 873 334 892 340 893 340 895 340 896 340 910 334 917 330 939 334 972 340 974 340 975 340 996 334 1011 330 1017 334 1023 340 1024 340 1026 340 1027 342 1048 342 1048 340 1049 340 1051 340 1051 339 1055 334 1061 330 1069 334 1076 340 1078 340 1079 340 1081 340 1149 334 1149 312 1146 275 1021 275 1018 273 981 258 980 258 978 258 977 258 944 267 933 258 933 257 932 257 931 257 889 257 887 257 886 257 859 272 858 273 856 272 841 258 840 258 838 258 837 258 780 270 758 261 757 261 755 261 754 261 752 261 740 269 666 258 664 258 663 258 633 270 620 276 574 276 563 269 556 264 554 264 553 264 551 264 550 264 548 264 544 269 533 278 496 278 484 269 474 260 472 260 471 260 469 260 429 269 419 270 416 269 408 261 408 260 407 260 406 260 373 260 371 260 370 260 368 260 368 261 361 267 352 276 316 267 285 260 284 260 245 266 246 316"/></Shape>
            <String CONTENT="Porrò finis mandati eſt charitas ex"
                    HPOS="245"
                    VPOS="257"
                    WIDTH="904"
                    HEIGHT="88"
                    WC="0.966225526399083"></String>
          </TextLine>
          <TextLine ID="eSc_line_5fb19394"
                    TAGREFS="LT62"
                    BASELINE="101 379 1146 383" 
                    HPOS="101"
                    VPOS="327"
                    WIDTH="1045"
                    HEIGHT="87">
            <Shape><Polygon POINTS="101 408 182 394 191 401 193 401 194 401 196 401 197 401 223 395 281 403 282 403 342 395 356 406 361 410 362 410 364 410 365 411 407 411 407 410 408 410 419 406 444 394 486 404 514 411 516 411 517 411 569 410 571 410 588 403 605 397 615 403 617 404 618 404 620 404 621 404 649 403 716 397 725 401 736 407 737 407 739 407 783 401 800 398 809 400 856 413 858 413 859 414 963 414 963 413 965 413 991 398 1042 397 1076 397 1078 397 1088 406 1090 406 1091 406 1093 406 1145 395 1146 383 1143 334 1054 342 1032 334 1020 330 1018 330 959 330 957 330 956 330 945 334 935 339 922 334 907 330 905 330 904 330 902 330 901 330 895 334 884 343 798 343 771 334 748 328 746 328 745 328 743 328 742 328 734 334 727 340 700 334 672 330 670 330 642 336 615 340 585 336 544 328 542 328 541 328 539 328 532 336 524 342 499 342 484 336 466 330 465 330 464 330 462 330 444 336 440 337 437 336 419 327 417 327 416 327 414 327 413 327 401 336 388 327 386 327 385 327 383 327 382 327 356 334 310 327 309 327 307 327 288 336 285 337 275 336 229 330 227 330 226 330 209 336 203 339 182 336 130 330 129 330 101 336 101 379"/></Shape>
            <String CONTENT="puro corde, &amp; conſcientia bona, &amp; fide non"
                    HPOS="101"
                    VPOS="327"
                    WIDTH="1045"
                    HEIGHT="87"
                    WC="0.992348646833783"></String>
          </TextLine>
          <TextLine ID="eSc_line_7b5fedf2"
                    TAGREFS="LT62"
                    BASELINE="101 452 336 449" 
                    HPOS="99"
                    VPOS="392"
                    WIDTH="237"
                    HEIGHT="88">
            <Shape><Polygon POINTS="101 480 130 480 132 480 133 480 133 478 144 468 197 472 199 472 200 472 218 465 334 478 336 449 333 411 267 407 243 392 242 392 240 392 239 392 237 392 197 406 132 392 130 392 129 392 127 392 99 410 101 452"/></Shape>
            <String CONTENT="ſimulata."
                    HPOS="99"
                    VPOS="392"
                    WIDTH="237"
                    HEIGHT="88"
                    WC="0.997664286030663"></String>
          </TextLine>
        </TextBlock>
        <TextBlock HPOS="82"
                   VPOS="484"
                   WIDTH="1095"
                   HEIGHT="429"
                   ID="block_0"
                   TAGREFS="BT3207">
          <Shape><Polygon POINTS="1177 484 1164 913 82 913 90 498"/></Shape>
          <TextLine ID="eSc_line_aa1d6924"
                    TAGREFS="LT8"
                    BASELINE="154 533 1146 539" 
                    HPOS="154"
                    VPOS="475"
                    WIDTH="992"
                    HEIGHT="87">
            <Shape><Polygon POINTS="154 533 154 556 313 550 355 556 367 557 368 557 370 557 371 557 373 556 380 550 408 556 426 559 428 559 532 556 615 553 648 554 710 560 712 560 815 554 853 553 873 554 942 562 944 562 1145 553 1146 539 1146 492 1134 483 1133 483 1131 483 1130 483 1128 483 1127 483 1115 492 1067 484 1066 484 1020 493 1014 493 1011 492 981 481 980 481 978 481 893 489 864 480 862 480 861 480 759 487 733 489 722 486 699 480 697 480 696 480 694 480 675 486 654 492 496 492 449 481 434 478 432 478 431 478 425 480 400 490 340 490 309 478 304 477 303 477 301 477 294 478 232 489 217 477 215 477 214 477 212 477 211 477 197 483 154 475 154 533"/></Shape>
            <String CONTENT="Αʹντίθεσις . Opponit ex aduerſo inutilibus iſtis"
                    HPOS="154"
                    VPOS="475"
                    WIDTH="992"
                    HEIGHT="87"
                    ></String>
          </TextLine>
          <TextLine ID="eSc_line_4967db10"
                    TAGREFS="LT8"
                    BASELINE="102 593 1146 599" 
                    HPOS="101"
                    VPOS="548"
                    WIDTH="1045"
                    HEIGHT="66">
            <Shape><Polygon POINTS="102 593 101 609 1143 614 1146 599 1146 565 1070 556 1069 556 990 563 971 565 960 563 913 553 911 553 910 553 908 553 908 554 898 563 896 565 813 565 810 563 780 551 779 551 777 551 776 551 755 562 752 563 748 562 707 551 706 551 704 551 703 551 664 562 658 563 654 562 626 550 624 550 580 550 578 550 577 550 545 562 544 563 371 563 370 560 355 548 353 548 352 548 203 548 202 548 200 548 181 559 166 548 165 548 163 548 162 548 102 559 102 593"/></Shape>
            <String CONTENT="quæſtionibus veram Theologiæ tractationem,"
                    HPOS="101"
                    VPOS="548"
                    WIDTH="1045"
                    HEIGHT="66"
                    WC="0.99680662438983"></String>
          </TextLine>
          <TextLine ID="eSc_line_349bfa49"
                    TAGREFS="LT8"
                    BASELINE="102 651 1149 654" 
                    HPOS="101"
                    VPOS="606"
                    WIDTH="1048"
                    HEIGHT="72">
            <Shape><Polygon POINTS="102 651 101 666 123 675 124 675 126 675 621 669 632 676 633 676 635 676 636 678 816 678 816 676 817 676 819 676 828 669 858 676 859 676 861 676 862 676 890 669 1064 676 1066 676 1148 667 1149 654 1148 621 875 608 874 608 873 608 871 608 853 620 852 620 800 608 798 608 797 608 765 620 762 621 715 621 712 620 694 608 693 608 691 608 690 608 600 615 581 606 580 606 578 606 577 606 530 618 529 620 392 620 391 618 361 606 359 606 358 606 356 606 355 606 343 614 236 606 234 606 233 606 196 618 193 618 191 618 169 606 168 606 166 606 165 606 141 618 139 618 102 618 102 651"/></Shape>
            <String CONTENT="quæ charitatem pro fine habet, Verbũ Dei pro¬"
                    HPOS="101"
                    VPOS="606"
                    WIDTH="1048"
                    HEIGHT="72"
                    WC="0.975803463355355"></String>
          </TextLine>
          <TextLine ID="eSc_line_0b7bcd72"
                    TAGREFS="LT8"
                    BASELINE="99 710 1146 715" 
                    HPOS="99"
                    VPOS="666"
                    WIDTH="1047"
                    HEIGHT="73">
            <Shape><Polygon POINTS="99 710 99 727 298 727 301 728 310 736 312 736 313 736 315 736 364 730 374 728 385 730 449 737 450 737 572 730 590 730 596 730 621 736 623 736 624 736 635 731 639 728 709 728 712 731 718 737 719 737 721 737 722 737 770 731 797 728 804 731 819 739 820 739 822 739 887 733 914 730 1036 730 1044 733 1055 739 1057 739 1058 739 1060 739 1082 733 1097 730 1143 733 1146 715 1146 682 1038 682 1036 681 1018 669 1017 669 1015 669 1014 669 1012 669 1011 669 994 681 993 682 945 682 944 681 928 669 926 669 925 669 887 669 886 669 884 669 855 681 852 681 849 681 795 667 794 667 792 667 758 679 757 679 584 667 582 667 581 667 557 679 556 681 483 681 480 679 449 666 447 666 425 666 423 666 422 666 420 666 420 667 407 678 352 666 350 666 349 666 325 678 301 666 300 666 298 666 297 666 263 678 261 678 260 678 211 666 209 666 162 678 157 678 99 678 99 710"/></Shape>
            <String CONTENT="fundamẽto, πρᾶξιν autẽ, eámque legitimam, pro"
                    HPOS="99"
                    VPOS="666"
                    WIDTH="1047"
                    HEIGHT="73"
                    ></String>
          </TextLine>
          <TextLine ID="eSc_line_fdf030e8"
                    TAGREFS="LT8"
                    BASELINE="98 768 1149 771" 
                    HPOS="98"
                    VPOS="722"
                    WIDTH="1051"
                    HEIGHT="66">
            <Shape><Polygon POINTS="98 768 98 788 1148 788 1149 771 1148 734 1084 725 1082 725 1081 725 1079 725 1069 733 1061 739 878 739 859 730 853 728 852 728 850 728 849 728 844 730 825 739 740 739 725 728 724 727 722 727 721 727 719 727 700 728 645 734 632 728 623 724 621 724 620 724 618 724 617 724 612 727 602 736 582 727 574 724 572 724 571 724 569 724 568 724 565 727 553 737 527 737 443 725 423 724 422 724 420 724 417 725 395 736 379 725 379 724 377 724 376 724 374 724 367 725 321 733 284 724 282 724 281 724 279 724 278 724 276 724 276 725 266 734 233 724 232 724 230 724 229 724 188 734 168 724 166 724 98 722 98 768"/></Shape>
            <String CONTENT="laboris fructu &amp; pro iuſto finis, ad quem tendit"
                    HPOS="98"
                    VPOS="722"
                    WIDTH="1051"
                    HEIGHT="66"
                    WC="0.980949265261491"></String>
          </TextLine>
          <TextLine ID="eSc_line_d93cdbab"
                    TAGREFS="LT8"
                    BASELINE="99 828 1146 831" 
                    HPOS="98"
                    VPOS="782"
                    WIDTH="1048"
                    HEIGHT="74">
            <Shape><Polygon POINTS="99 828 98 841 132 852 133 852 135 852 319 844 340 853 342 853 343 853 602 844 660 855 661 856 908 856 908 855 965 846 1066 855 1067 855 1069 855 1070 855 1079 846 1145 844 1146 831 1143 795 1103 797 1097 794 1081 783 1079 783 1078 783 1076 783 953 794 916 797 907 794 880 783 878 783 877 783 813 794 803 795 800 794 789 785 789 783 788 783 786 783 752 783 751 783 749 783 748 783 733 794 713 783 712 783 657 783 655 783 654 783 632 794 623 797 597 797 594 792 581 782 580 782 578 782 577 782 575 782 541 792 505 782 504 782 502 782 501 782 475 792 468 797 218 797 214 792 203 783 203 782 202 782 200 782 147 782 145 782 144 782 142 782 142 783 132 792 127 795 99 792 99 828"/></Shape>
            <String CONTENT="teſtimonio, quæ tria breuiſſimè quidem, ſed ta¬"
                    HPOS="98"
                    VPOS="782"
                    WIDTH="1048"
                    HEIGHT="74"
                    WC="0.99928139646848"></String>
          </TextLine>
          <TextLine ID="eSc_line_acfe04ee"
                    TAGREFS="LT8"
                    BASELINE="99 889 1081 889" 
                    HPOS="99"
                    VPOS="846"
                    WIDTH="982"
                    HEIGHT="68">
            <Shape><Polygon POINTS="99 889 99 904 185 904 187 904 211 913 212 913 214 913 301 905 318 904 348 905 487 913 489 913 544 907 571 904 611 907 679 913 681 914 745 914 745 913 746 913 748 913 754 908 757 905 765 908 780 913 782 913 783 913 785 913 786 913 792 908 798 904 828 908 855 913 856 913 858 913 873 908 893 904 932 904 938 910 941 911 941 913 942 913 944 913 945 913 972 910 1009 905 1079 910 1081 889 1081 855 908 846 907 846 905 846 904 846 890 855 887 856 820 856 817 855 795 846 794 846 792 846 748 855 745 855 742 855 706 846 704 846 703 846 701 846 700 846 691 855 690 856 649 856 648 855 630 846 629 846 524 846 523 846 522 846 487 855 486 856 383 856 380 855 316 846 315 846 313 846 295 855 294 855 191 847 190 847 99 855 99 889"/></Shape>
            <String CONTENT="men grauiter complectitur hoc loco Paulus."
                    HPOS="99"
                    VPOS="846"
                    WIDTH="982"
                    HEIGHT="68"
                    WC="0.995944704328265"></String>
          </TextLine>
        </TextBlock>
        <TextBlock HPOS="75"
                   VPOS="912"
                   WIDTH="1084"
                   HEIGHT="1239"
                   ID="eSc_textblock_8da6d406"
                   TAGREFS="BT3207">
          <Shape><Polygon POINTS="93 912 75 2133 1132 2151 1159 917"/></Shape>
          <TextLine ID="eSc_line_136c9d79"
                    TAGREFS="LT8"
                    BASELINE="159 948 1146 948" 
                    HPOS="159"
                    VPOS="902"
                    WIDTH="987"
                    HEIGHT="75">
            <Shape><Polygon POINTS="159 948 159 962 254 963 275 975 276 975 278 975 279 975 321 963 380 975 382 977 422 977 422 975 423 975 425 975 425 974 435 965 461 974 462 974 464 974 465 974 486 963 527 974 529 974 617 975 618 975 620 975 621 975 632 966 706 975 707 975 709 975 746 963 803 963 838 975 840 975 841 977 919 977 919 975 920 975 950 965 1064 975 1066 975 1146 962 1146 948 1146 916 1049 916 1047 914 1029 902 1027 902 1026 902 1024 902 965 905 963 905 962 905 953 913 950 916 812 916 804 910 788 902 786 902 700 902 699 902 697 902 679 908 664 914 658 908 652 904 652 902 651 902 649 902 648 902 587 907 556 910 550 907 539 902 538 902 536 902 535 902 533 902 533 904 529 907 520 916 501 916 461 905 443 902 441 902 440 902 431 905 407 914 346 904 331 902 330 902 328 902 322 904 284 914 258 902 257 902 255 902 254 902 252 902 249 902 214 914 202 904 202 902 200 902 199 902 159 902 159 948"/></Shape>
            <String CONTENT="Finis præcepti) id eſt legis Dei, quam ſuę cu¬"
                    HPOS="159"
                    VPOS="902"
                    WIDTH="987"
                    HEIGHT="75"
                    WC="0.985274193134714"></String>
          </TextLine>
          <TextLine ID="eSc_line_f8e25339"
                    TAGREFS="LT8"
                    BASELINE="96 1005 1148 1009" 
                    HPOS="95"
                    VPOS="959"
                    WIDTH="1053"
                    HEIGHT="74">
            <Shape><Polygon POINTS="96 1005 95 1020 276 1030 278 1030 458 1023 490 1032 492 1032 493 1032 495 1032 520 1024 584 1032 585 1032 587 1032 606 1023 638 1023 740 1023 742 1023 777 1032 779 1032 780 1032 782 1032 783 1032 794 1023 840 1033 841 1033 948 1024 1084 1033 1085 1033 1146 1023 1148 1009 1146 972 1039 972 1027 971 960 962 959 962 957 962 956 962 944 971 941 974 853 974 843 971 797 960 795 960 794 960 792 960 777 971 774 972 739 972 737 971 727 962 727 960 725 960 724 960 722 960 721 960 693 971 690 971 687 971 649 960 648 960 568 960 566 960 565 960 563 960 563 962 553 969 551 971 544 969 481 960 480 960 440 969 438 971 291 971 290 969 275 959 273 959 272 959 270 959 269 959 234 969 233 969 232 969 208 959 206 959 205 959 96 968 96 1005"/></Shape>
            <String CONTENT="rioſitati prætexebãt, eſt charitas. Ergo nõ ineptæ"
                    HPOS="95"
                    VPOS="959"
                    WIDTH="1053"
                    HEIGHT="74"
                    WC="0.979595058812545"></String>
          </TextLine>
          <TextLine ID="eSc_line_f00a01cb"
                    TAGREFS="LT8"
                    BASELINE="96 1063 1148 1066" 
                    HPOS="96"
                    VPOS="1018"
                    WIDTH="1052"
                    HEIGHT="75">
            <Shape><Polygon POINTS="96 1063 98 1088 121 1081 249 1081 260 1088 261 1088 263 1088 264 1088 275 1087 327 1081 336 1087 339 1090 340 1090 342 1090 343 1091 437 1091 437 1090 438 1090 450 1087 468 1081 490 1085 510 1090 511 1090 513 1090 524 1085 539 1081 614 1081 641 1085 681 1091 682 1091 684 1091 685 1091 696 1085 700 1082 713 1084 754 1091 755 1093 812 1093 812 1091 813 1091 815 1091 825 1084 828 1082 834 1084 865 1091 867 1091 868 1091 1054 1082 1063 1082 1064 1082 1094 1091 1096 1091 1097 1091 1146 1081 1148 1066 1148 1030 1113 1020 1112 1020 1110 1020 1109 1020 1091 1029 1054 1020 1052 1020 1051 1020 1049 1020 1023 1029 1020 1029 1009 1029 935 1020 933 1020 932 1020 911 1027 905 1030 831 1030 820 1026 800 1020 798 1020 797 1020 795 1020 771 1026 757 1029 728 1024 691 1020 690 1020 688 1020 676 1024 663 1029 645 1024 623 1018 621 1018 620 1018 618 1018 603 1023 591 1027 513 1023 443 1018 441 1018 440 1018 432 1021 417 1029 290 1029 255 1020 248 1018 246 1018 245 1018 240 1020 215 1027 205 1018 203 1018 202 1018 157 1018 156 1018 154 1018 153 1018 141 1027 96 1018 96 1063"/></Shape>
            <String CONTENT="&amp; inutiles quæſtiones iſtæ. Legis nomine Scri¬"
                    HPOS="96"
                    VPOS="1018"
                    WIDTH="1052"
                    HEIGHT="75"
                    WC="0.995113700628281"></String>
          </TextLine>
          <TextLine ID="eSc_line_b5501031"
                    TAGREFS="LT8"
                    BASELINE="95 1125 1142 1122" 
                    HPOS="93"
                    VPOS="1078"
                    WIDTH="1049"
                    HEIGHT="76">
            <Shape><Polygon POINTS="95 1125 96 1154 132 1142 221 1142 264 1152 269 1152 270 1152 272 1152 273 1152 292 1142 359 1142 371 1151 374 1152 376 1152 377 1152 379 1152 380 1152 386 1149 406 1142 453 1149 477 1152 478 1154 617 1154 617 1152 691 1146 752 1140 788 1140 792 1145 800 1149 800 1151 801 1151 803 1151 804 1152 849 1152 849 1151 850 1151 852 1151 861 1143 865 1140 874 1143 899 1151 901 1151 902 1151 904 1151 935 1142 942 1140 947 1142 969 1151 971 1151 972 1151 1055 1142 1107 1151 1109 1151 1110 1151 1142 1139 1142 1122 1137 1088 898 1088 893 1088 862 1078 861 1078 859 1078 858 1078 831 1088 828 1090 761 1090 758 1088 742 1079 740 1079 679 1079 678 1079 676 1079 658 1088 655 1088 651 1088 618 1079 617 1079 615 1079 614 1079 590 1088 588 1088 587 1088 577 1079 575 1079 574 1079 517 1079 516 1079 514 1079 490 1088 484 1090 478 1088 462 1079 461 1079 459 1079 374 1081 373 1081 371 1081 364 1088 361 1090 355 1088 333 1079 331 1079 330 1079 93 1087 95 1125"/></Shape>
            <String CONTENT="pturam ſacram intelligit, quæ Legis nomine ap¬"
                    HPOS="93"
                    VPOS="1078"
                    WIDTH="1049"
                    HEIGHT="76"
                    WC="0.996203072693037"></String>
          </TextLine>
          <TextLine ID="eSc_line_bdab2c9e"
                    TAGREFS="LT8"
                    BASELINE="96 1183 1143 1180" 
                    HPOS="95"
                    VPOS="1136"
                    WIDTH="1048"
                    HEIGHT="71">
            <Shape><Polygon POINTS="96 1183 96 1207 144 1200 208 1207 217 1207 218 1207 220 1207 221 1207 237 1200 282 1206 295 1207 297 1207 388 1204 568 1200 588 1203 615 1207 617 1207 618 1207 620 1207 627 1203 635 1198 664 1203 693 1206 694 1207 792 1207 792 1206 794 1206 795 1206 801 1201 806 1198 884 1200 1091 1206 1093 1206 1143 1197 1143 1180 1140 1148 1081 1148 1061 1137 1060 1137 1058 1137 1057 1137 1055 1137 1045 1146 969 1146 957 1137 957 1136 956 1136 954 1136 873 1136 871 1136 870 1136 868 1136 850 1148 819 1148 801 1136 800 1136 798 1136 737 1136 736 1136 670 1146 638 1136 636 1136 635 1136 633 1136 588 1148 153 1137 151 1137 95 1149 96 1183"/></Shape>
            <String CONTENT="pellatur, quòd tunc temporis alia nulla ſacra ſcri¬"
                    HPOS="95"
                    VPOS="1136"
                    WIDTH="1048"
                    HEIGHT="71"
                    WC="0.978267360192079"></String>
          </TextLine>
          <TextLine ID="eSc_line_9b4ab08d"
                    TAGREFS="LT8"
                    BASELINE="96 1240 1140 1243" 
                    HPOS="96"
                    VPOS="1198"
                    WIDTH="1044"
                    HEIGHT="70">
            <Shape><Polygon POINTS="96 1240 96 1265 176 1258 217 1265 227 1267 229 1267 230 1267 234 1265 258 1258 291 1265 301 1267 303 1267 304 1267 309 1265 325 1258 529 1264 670 1268 672 1268 731 1264 780 1259 806 1262 841 1268 843 1268 911 1262 954 1259 1000 1259 1005 1262 1012 1268 1014 1268 1015 1268 1017 1268 1139 1261 1140 1243 1137 1198 96 1198 96 1240"/></Shape>
            <String CONTENT="ptio adhuc eſſet, niſi de Lege, etſi Legem ipſam"
                    HPOS="96"
                    VPOS="1198"
                    WIDTH="1044"
                    HEIGHT="70"
                    WC="0.994338423013687"></String>
          </TextLine>
          <TextLine ID="eSc_line_fc62cbb3"
                    TAGREFS="LT8"
                    BASELINE="96 1296 1139 1302" 
                    HPOS="95"
                    VPOS="1250"
                    WIDTH="1044"
                    HEIGHT="78">
            <Shape><Polygon POINTS="96 1296 95 1313 178 1314 190 1323 191 1323 193 1323 194 1323 276 1316 333 1323 334 1323 336 1323 355 1316 371 1323 373 1323 374 1323 440 1317 522 1325 523 1325 524 1325 554 1317 654 1326 655 1326 657 1326 685 1319 745 1326 746 1326 942 1320 953 1328 954 1328 956 1328 957 1328 1137 1319 1139 1302 1137 1267 1067 1255 1066 1255 1023 1264 1005 1255 1003 1255 923 1255 922 1255 920 1255 919 1255 907 1265 905 1265 878 1265 727 1258 725 1258 678 1264 670 1264 667 1264 633 1253 632 1253 630 1253 556 1261 541 1252 539 1252 538 1252 382 1252 380 1252 379 1252 361 1261 269 1252 267 1252 266 1252 239 1261 237 1261 234 1261 154 1250 153 1250 151 1250 150 1250 138 1261 136 1261 96 1261 96 1296"/></Shape>
            <String CONTENT="à Prophetarũ ſcriptis nonnunquam diſtinctam"
                    HPOS="95"
                    VPOS="1250"
                    WIDTH="1044"
                    HEIGHT="78"
                    WC="0.987266436550352"></String>
          </TextLine>
          <TextLine ID="eSc_line_7b8d9c75"
                    TAGREFS="LT8"
                    BASELINE="95 1354 1140 1360" 
                    HPOS="93"
                    VPOS="1307"
                    WIDTH="1047"
                    HEIGHT="77">
            <Shape><Polygon POINTS="93 1369 123 1380 124 1380 126 1380 242 1374 432 1381 434 1381 480 1375 495 1374 519 1375 572 1381 574 1381 594 1377 609 1374 617 1377 627 1383 629 1383 630 1383 724 1378 810 1375 931 1375 938 1381 939 1384 941 1384 942 1384 944 1384 990 1383 1112 1377 1136 1384 1140 1360 1140 1322 1127 1313 1125 1313 1124 1313 950 1313 948 1313 905 1320 890 1322 880 1319 864 1314 862 1314 861 1314 797 1317 752 1320 746 1317 740 1311 739 1311 737 1311 736 1311 734 1311 715 1316 699 1320 669 1316 638 1311 636 1311 615 1314 600 1317 596 1314 588 1310 587 1310 585 1310 584 1310 499 1313 356 1319 318 1310 307 1308 306 1308 290 1310 217 1317 175 1308 174 1308 172 1308 138 1317 96 1307 95 1354 93 1369"/></Shape>
            <String CONTENT="legimus Luc 24. Sed &amp; Legis nomen latiſsimè"
                    HPOS="93"
                    VPOS="1307"
                    WIDTH="1047"
                    HEIGHT="77"
                    WC="0.965478882193565"></String>
          </TextLine>
          <TextLine ID="eSc_line_186ad236"
                    TAGREFS="LT8"
                    BASELINE="95 1415 1140 1420" 
                    HPOS="93"
                    VPOS="1369"
                    WIDTH="1047"
                    HEIGHT="70">
            <Shape><Polygon POINTS="95 1415 93 1438 1137 1439 1140 1420 1139 1375 1036 1372 1035 1372 1014 1375 972 1381 951 1375 941 1372 939 1372 938 1372 936 1372 935 1372 932 1375 925 1381 896 1375 887 1374 886 1374 877 1375 850 1381 841 1375 837 1372 835 1372 834 1372 832 1372 761 1375 676 1380 633 1375 577 1371 575 1371 522 1377 487 1380 478 1377 465 1371 464 1371 462 1371 391 1377 367 1378 361 1377 339 1369 337 1369 336 1369 95 1377 95 1415"/></Shape>
            <String CONTENT="patere certum eſt apud Paulum. Vnde Lex fidei"
                    HPOS="93"
                    VPOS="1369"
                    WIDTH="1047"
                    HEIGHT="70"
                    WC="0.98123912413915"></String>
          </TextLine>
          <TextLine ID="eSc_line_b848b36c"
                    TAGREFS="LT8"
                    BASELINE="95 1473 1136 1476" 
                    HPOS="93"
                    VPOS="1427"
                    WIDTH="1043"
                    HEIGHT="72">
            <Shape><Polygon POINTS="95 1473 93 1488 171 1497 172 1497 606 1491 630 1499 632 1499 633 1499 1134 1491 1136 1476 1133 1438 838 1441 829 1438 813 1430 812 1430 710 1430 709 1430 673 1438 658 1441 649 1438 624 1429 623 1429 621 1429 529 1438 513 1439 510 1438 486 1427 484 1427 483 1427 481 1427 453 1438 438 1427 437 1427 435 1427 336 1427 334 1427 333 1427 331 1427 324 1435 313 1427 312 1427 310 1427 129 1427 127 1427 126 1427 95 1438 95 1473"/></Shape>
            <String CONTENT="&amp; Lex Spiritus à Paulo dicitur Romanor.3, v. 8."
                    HPOS="93"
                    VPOS="1427"
                    WIDTH="1043"
                    HEIGHT="72"
                    WC="0.988081672539314"></String>
          </TextLine>
          <TextLine ID="eSc_line_a930093c"
                    TAGREFS="LT8"
                    BASELINE="92 1533 1137 1537" 
                    HPOS="90"
                    VPOS="1487"
                    WIDTH="1047"
                    HEIGHT="68">
            <Shape><Polygon POINTS="92 1533 90 1548 105 1555 107 1555 108 1555 1136 1552 1137 1537 1136 1500 1079 1502 1073 1499 1057 1490 1055 1490 1012 1490 1011 1490 1009 1490 993 1497 986 1503 917 1503 910 1497 902 1491 901 1491 899 1491 898 1491 896 1491 886 1497 877 1502 856 1496 837 1491 835 1491 834 1491 832 1491 819 1496 806 1500 786 1496 764 1490 762 1490 761 1490 759 1490 746 1496 739 1499 733 1494 724 1488 722 1488 721 1488 676 1488 675 1488 673 1488 661 1494 652 1499 639 1494 623 1488 621 1488 620 1488 597 1493 569 1500 557 1493 551 1488 550 1488 548 1488 547 1488 545 1488 536 1493 530 1496 507 1493 480 1488 478 1488 477 1488 466 1491 440 1500 403 1491 383 1487 382 1487 380 1487 379 1487 379 1488 374 1491 365 1500 217 1500 178 1488 171 1487 169 1487 168 1487 92 1487 92 1533"/></Shape>
            <String CONTENT="Hîc autem pro Verbi diuini tractatione. Nam"
                    HPOS="90"
                    VPOS="1487"
                    WIDTH="1047"
                    HEIGHT="68"
                    WC="0.98793508654291"></String>
          </TextLine>
          <TextLine ID="eSc_line_dccc4167"
                    TAGREFS="LT8"
                    BASELINE="93 1591 1137 1594" 
                    HPOS="92"
                    VPOS="1546"
                    WIDTH="1045"
                    HEIGHT="72">
            <Shape><Polygon POINTS="93 1591 92 1606 172 1607 181 1616 182 1616 184 1616 185 1616 630 1610 641 1618 642 1618 643 1618 645 1618 1136 1609 1137 1594 1136 1561 1044 1560 1030 1548 1029 1548 1027 1548 919 1548 917 1548 916 1548 878 1560 859 1549 858 1549 856 1549 809 1560 795 1549 795 1548 794 1548 792 1548 791 1548 789 1548 748 1560 746 1560 745 1560 722 1548 721 1548 719 1548 527 1558 502 1546 501 1546 499 1546 498 1546 496 1546 481 1557 458 1546 456 1546 455 1546 453 1546 425 1558 425 1560 348 1560 348 1558 330 1546 328 1546 327 1546 325 1546 324 1546 288 1557 214 1546 212 1546 211 1546 209 1546 209 1548 196 1558 196 1560 172 1560 169 1558 114 1546 113 1546 111 1546 93 1555 93 1591"/></Shape>
            <String CONTENT="docet Paulus quis ſit veræ Theologiæ finis. Is au¬"
                    HPOS="92"
                    VPOS="1546"
                    WIDTH="1045"
                    HEIGHT="72"
                    WC="0.982822937965393"></String>
          </TextLine>
          <TextLine ID="eSc_line_a26f1c33"
                    TAGREFS="LT8"
                    BASELINE="93 1647 1136 1655" 
                    HPOS="92"
                    VPOS="1604"
                    WIDTH="1044"
                    HEIGHT="67">
            <Shape><Polygon POINTS="93 1647 92 1661 310 1671 312 1671 1134 1670 1136 1655 1134 1616 1088 1610 1087 1610 1085 1610 1084 1610 1076 1615 1067 1622 1038 1622 1017 1615 999 1610 997 1610 996 1610 994 1610 978 1615 960 1621 844 1621 815 1615 771 1609 770 1609 768 1609 767 1609 767 1610 761 1615 755 1621 721 1621 712 1615 697 1607 696 1607 657 1607 655 1607 654 1607 652 1607 643 1615 642 1616 638 1615 617 1607 615 1607 614 1607 612 1607 584 1615 572 1618 554 1615 505 1606 504 1606 417 1615 397 1616 392 1615 376 1606 374 1606 373 1606 371 1606 370 1606 359 1615 356 1618 303 1618 294 1615 258 1604 257 1604 255 1604 214 1615 209 1615 202 1615 127 1606 126 1606 124 1606 93 1613 93 1647"/></Shape>
            <String CONTENT="tem eſt non theoriticus ſed practicus, non inanis"
                    HPOS="92"
                    VPOS="1604"
                    WIDTH="1044"
                    HEIGHT="67"
                    WC="0.975555960012942"></String>
          </TextLine>
          <TextLine ID="eSc_line_0a516765"
                    TAGREFS="LT8"
                    BASELINE="90 1708 1136 1713" 
                    HPOS="89"
                    VPOS="1662"
                    WIDTH="1047"
                    HEIGHT="73">
            <Shape><Polygon POINTS="90 1708 89 1722 142 1732 144 1732 292 1725 577 1734 578 1735 669 1735 669 1734 670 1734 672 1734 682 1726 685 1726 709 1726 878 1735 880 1735 1134 1729 1136 1713 1131 1668 1109 1680 1069 1680 1044 1668 1036 1665 1035 1665 1033 1665 1032 1665 1030 1665 1026 1668 1008 1679 953 1670 951 1670 892 1679 878 1668 874 1665 873 1665 871 1665 840 1665 838 1665 837 1665 835 1665 831 1668 815 1679 646 1679 636 1670 630 1664 629 1664 627 1664 626 1664 597 1670 581 1673 551 1670 495 1664 493 1664 492 1664 490 1664 481 1670 468 1677 385 1677 377 1670 368 1662 367 1662 365 1662 364 1662 362 1662 339 1670 321 1676 301 1671 272 1662 270 1662 248 1662 246 1662 245 1662 243 1662 234 1671 229 1676 223 1671 211 1662 209 1662 208 1662 108 1662 107 1662 105 1662 90 1670 90 1708"/></Shape>
            <String CONTENT="ſed fructuoſus conſolatióq; animarũ, quia chari¬"
                    HPOS="89"
                    VPOS="1662"
                    WIDTH="1047"
                    HEIGHT="73"
                    WC="0.981767070293426"></String>
          </TextLine>
          <TextLine ID="eSc_line_9b23a80b"
                    TAGREFS="LT8"
                    BASELINE="90 1765 1143 1769" 
                    HPOS="89"
                    VPOS="1723"
                    WIDTH="1054"
                    HEIGHT="67">
            <Shape><Polygon POINTS="90 1765 89 1780 130 1789 132 1789 310 1783 443 1790 444 1790 1142 1784 1143 1769 1143 1738 1051 1738 1049 1737 1014 1726 1012 1726 1011 1726 1009 1726 990 1737 989 1738 861 1738 858 1737 829 1728 828 1728 826 1728 825 1728 797 1737 794 1737 779 1725 777 1725 776 1725 673 1725 672 1725 670 1725 651 1735 649 1737 574 1737 572 1735 557 1725 556 1725 554 1725 462 1725 461 1725 459 1725 458 1725 444 1735 443 1735 422 1728 420 1728 419 1728 285 1734 282 1734 246 1723 245 1723 243 1723 184 1731 113 1723 111 1723 110 1723 90 1732 90 1765"/></Shape>
            <String CONTENT="tas actionem producit, nec in ſola contemplatio¬"
                    HPOS="89"
                    VPOS="1723"
                    WIDTH="1054"
                    HEIGHT="67"
                    WC="0.985238696138064"></String>
          </TextLine>
          <TextLine ID="eSc_line_f076f86f"
                    TAGREFS="LT8"
                    BASELINE="89 1827 1133 1827" 
                    HPOS="89"
                    VPOS="1783"
                    WIDTH="1044"
                    HEIGHT="68">
            <Shape><Polygon POINTS="89 1827 89 1842 111 1851 113 1851 114 1851 193 1844 196 1844 328 1844 330 1844 345 1851 346 1851 348 1851 383 1844 389 1844 394 1845 414 1851 416 1851 417 1851 469 1845 484 1844 612 1844 620 1845 633 1851 635 1851 636 1851 703 1847 743 1844 754 1847 767 1851 768 1851 770 1851 1133 1848 1133 1827 1133 1796 990 1796 990 1795 966 1783 965 1783 963 1783 962 1783 933 1795 933 1796 853 1796 852 1795 832 1783 831 1783 829 1783 828 1783 826 1783 800 1795 752 1783 751 1783 749 1783 748 1783 725 1795 646 1783 550 1783 548 1783 547 1783 545 1783 536 1790 453 1783 452 1783 450 1783 449 1783 449 1784 435 1795 435 1796 397 1796 397 1795 373 1783 371 1783 370 1783 368 1783 367 1783 348 1795 346 1796 276 1796 275 1795 260 1783 258 1783 257 1783 255 1783 171 1792 157 1783 156 1783 154 1783 110 1783 108 1783 107 1783 89 1792 89 1827"/></Shape>
            <String CONTENT="ne nec in verbis ſolis &amp; lingua verſatur a Ioan.3.v"
                    HPOS="89"
                    VPOS="1783"
                    WIDTH="1044"
                    HEIGHT="68"
                    WC="0.982919191612917"></String>
          </TextLine>
          <TextLine ID="eSc_line_fd169da6"
                    TAGREFS="LT8"
                    BASELINE="90 1882 1130 1890" 
                    HPOS="89"
                    VPOS="1835"
                    WIDTH="1041"
                    HEIGHT="79">
            <Shape><Polygon POINTS="90 1882 89 1897 130 1908 132 1908 214 1900 217 1900 221 1900 309 1909 310 1909 626 1906 841 1905 871 1911 883 1912 884 1912 886 1912 890 1911 905 1905 950 1912 966 1914 968 1914 969 1914 974 1912 987 1906 1127 1914 1130 1890 1127 1848 989 1853 975 1845 965 1841 963 1841 887 1841 886 1841 884 1841 883 1841 883 1842 878 1845 871 1853 840 1853 829 1845 823 1839 822 1839 820 1839 819 1839 817 1839 816 1839 816 1841 812 1844 803 1853 776 1853 731 1844 697 1838 696 1838 694 1838 693 1838 693 1839 687 1844 679 1851 639 1851 624 1842 615 1838 614 1838 612 1838 611 1838 609 1838 605 1842 594 1851 569 1851 554 1842 548 1838 547 1838 545 1838 544 1838 542 1838 541 1838 536 1842 527 1848 475 1848 462 1841 453 1836 452 1836 450 1836 449 1836 432 1841 401 1848 355 1839 334 1836 333 1836 331 1836 322 1839 297 1848 267 1839 254 1835 252 1835 251 1835 211 1838 151 1844 90 1838 90 1882"/></Shape>
            <String CONTENT="18. Scholaſtici aliud de ſua Theologia ſentiunt,"
                    HPOS="89"
                    VPOS="1835"
                    WIDTH="1041"
                    HEIGHT="79"
                    WC="0.994291111826897"></String>
          </TextLine>
          <TextLine ID="eSc_line_02156c61"
                    TAGREFS="LT8"
                    BASELINE="89 1942 1131 1946" 
                    HPOS="87"
                    VPOS="1897"
                    WIDTH="1044"
                    HEIGHT="76">
            <Shape><Polygon POINTS="89 1942 87 1957 182 1966 184 1966 364 1960 462 1970 464 1972 575 1972 575 1970 577 1970 614 1961 745 1970 746 1970 748 1970 770 1961 782 1972 783 1972 785 1972 786 1972 916 1963 931 1972 932 1972 933 1972 935 1973 1064 1973 1064 1972 1130 1961 1131 1946 1130 1914 1073 1914 1073 1912 1044 1900 1042 1900 1041 1900 954 1909 901 1900 899 1900 898 1900 865 1912 864 1912 862 1912 831 1900 829 1900 828 1900 826 1900 794 1909 779 1899 777 1899 776 1899 774 1899 716 1911 716 1912 462 1912 459 1911 438 1897 437 1897 435 1897 434 1897 340 1909 324 1897 322 1897 321 1897 221 1897 220 1897 218 1897 217 1897 217 1899 203 1909 113 1897 111 1897 110 1897 89 1908 89 1942"/></Shape>
            <String CONTENT="cuius finẽ conſtituunt contemplationẽ &amp; Theo¬"
                    HPOS="87"
                    VPOS="1897"
                    WIDTH="1044"
                    HEIGHT="76"
                    WC="0.99778213779977"></String>
          </TextLine>
          <TextLine ID="eSc_line_6c0a65a4"
                    TAGREFS="LT8"
                    BASELINE="89 2001 1133 2009" 
                    HPOS="87"
                    VPOS="1957"
                    WIDTH="1046"
                    HEIGHT="71">
            <Shape><Polygon POINTS="89 2001 87 2021 1130 2028 1133 2009 1133 1963 1093 1963 1091 1963 1090 1963 1088 1963 1070 1975 997 1963 993 1963 991 1963 990 1963 989 1963 962 1975 932 1963 926 1961 925 1961 923 1961 905 1963 858 1970 846 1964 846 1963 844 1963 843 1963 746 1961 745 1961 743 1961 742 1961 737 1964 722 1973 652 1973 642 1964 636 1960 635 1960 633 1960 632 1960 591 1966 542 1972 507 1966 466 1958 465 1958 425 1966 401 1972 300 1972 292 1967 273 1957 272 1957 270 1957 269 1957 249 1967 245 1969 89 1969 89 2001"/></Shape>
            <String CONTENT="riam. Aiunt enim præſtantiſsimæ ſcientiæ eſt"
                    HPOS="87"
                    VPOS="1957"
                    WIDTH="1046"
                    HEIGHT="71"
                    WC="0.9807684015144"></String>
          </TextLine>
          <TextLine ID="eSc_line_0ab17d70"
                    TAGREFS="LT8"
                    BASELINE="89 2058 1130 2065" 
                    HPOS="89"
                    VPOS="2015"
                    WIDTH="1041"
                    HEIGHT="77">
            <Shape><Polygon POINTS="89 2058 90 2085 113 2077 248 2077 281 2085 297 2088 298 2088 328 2085 376 2079 400 2085 413 2088 414 2088 577 2089 578 2089 620 2083 648 2080 663 2083 685 2089 687 2089 688 2089 690 2089 704 2083 713 2080 727 2083 749 2089 751 2089 752 2089 754 2089 773 2083 779 2082 780 2083 789 2091 791 2091 792 2091 794 2092 864 2092 864 2091 865 2091 880 2083 881 2082 881 2083 887 2088 887 2089 889 2089 890 2089 892 2089 963 2083 966 2083 969 2083 1049 2092 1051 2092 1052 2092 1072 2083 1128 2083 1130 2065 1128 2031 1048 2022 1047 2022 1014 2030 1009 2030 1000 2022 999 2022 997 2022 996 2022 966 2028 960 2030 954 2028 922 2019 920 2019 919 2019 864 2027 855 2028 852 2027 831 2019 829 2019 828 2019 826 2019 812 2027 809 2028 797 2027 748 2019 746 2019 745 2019 727 2025 721 2028 715 2025 700 2018 699 2018 591 2018 590 2018 588 2018 568 2024 557 2027 484 2027 481 2024 474 2016 472 2016 471 2016 469 2016 468 2016 449 2022 440 2027 343 2027 324 2021 295 2015 233 2015 232 2015 230 2015 229 2015 223 2021 220 2022 217 2021 211 2015 209 2015 208 2015 206 2015 172 2019 141 2024 89 2019 89 2058"/></Shape>
            <String CONTENT="præſtantiſsimus finis. At Theologia eſt ars præ¬"
                    HPOS="89"
                    VPOS="2015"
                    WIDTH="1041"
                    HEIGHT="77"
                    WC="0.976898101468881"></String>
          </TextLine>
          <TextLine ID="eSc_line_19029dfd"
                    TAGREFS="LT8"
                    BASELINE="86 2119 1130 2128" 
                    HPOS="84"
                    VPOS="2071"
                    WIDTH="1046"
                    HEIGHT="79">
            <Shape><Polygon POINTS="86 2119 84 2140 1127 2150 1130 2128 1128 2082 1012 2092 981 2080 975 2079 974 2079 972 2079 962 2080 916 2091 905 2082 904 2082 902 2082 901 2082 868 2086 852 2080 843 2077 841 2077 840 2077 838 2077 832 2080 816 2089 795 2080 788 2077 786 2077 785 2077 783 2077 776 2080 755 2091 669 2091 657 2080 652 2076 651 2076 649 2076 611 2076 609 2076 608 2076 606 2076 602 2080 588 2088 535 2080 533 2080 532 2080 530 2080 522 2089 435 2089 417 2079 404 2073 403 2073 367 2073 365 2073 364 2073 362 2073 355 2079 343 2086 279 2085 272 2079 263 2071 261 2071 260 2071 197 2071 196 2071 194 2071 193 2071 185 2079 176 2085 151 2079 120 2071 118 2071 86 2077 86 2119"/></Shape>
            <String CONTENT="ſtantiſsima. Hæc concedimus. Sed quod aiunt,"
                    HPOS="84"
                    VPOS="2071"
                    WIDTH="1046"
                    HEIGHT="79"
                    WC="0.988150054758245"></String>
          </TextLine>
        </TextBlock>
        <TextBlock HPOS="120"
                   VPOS="2135"
                   WIDTH="1008"
                   HEIGHT="69"
                   ID="eSc_textblock_c17a3f4f"
                   TAGREFS="BT3207">
          <Shape><Polygon POINTS="1128 2135 1128 2204 120 2204 120 2135"/></Shape>
          <TextLine ID="eSc_line_657fbc7c"
                    TAGREFS="LT8"
                    BASELINE="150 2177 1128 2187" 
                    HPOS="148"
                    VPOS="2131"
                    WIDTH="980"
                    HEIGHT="89">
            <Shape><Polygon POINTS="150 2177 148 2196 184 2210 185 2210 187 2210 237 2198 239 2198 288 2212 290 2212 428 2214 429 2214 431 2214 432 2214 449 2202 466 2214 468 2214 469 2214 471 2214 513 2205 642 2215 643 2215 831 2204 850 2218 852 2218 853 2218 855 2218 856 2218 901 2205 1011 2205 1042 2220 1044 2220 1045 2220 1127 2205 1128 2187 1128 2153 1091 2140 1090 2140 1088 2140 896 2150 880 2150 878 2150 850 2137 849 2137 847 2137 771 2149 767 2149 759 2149 684 2135 612 2135 611 2135 609 2135 587 2146 584 2147 580 2146 536 2134 535 2134 533 2134 486 2144 480 2146 420 2146 417 2144 383 2132 382 2132 380 2132 379 2132 340 2143 334 2144 215 2144 211 2141 191 2131 190 2131 188 2131 187 2131 150 2140 150 2177"/></Shape>
            <String CONTENT="Contemplatio eſt nobilior actione. Reſp."
                    HPOS="148"
                    VPOS="2131"
                    WIDTH="980"
                    HEIGHT="89"
                    WC="0.997052235901356"></String>
          </TextLine>
        </TextBlock>
      </PrintSpace>
    </Page>
  </Layout>
</alto>
