<?xml version="1.0" encoding="UTF-8"?>
<alto xmlns:xsi="http://www.w3.org/2001/XMLSchema-instance"
      xmlns="http://www.loc.gov/standards/alto/ns-v4#"
      xsi:schemaLocation="http://www.loc.gov/standards/alto/ns-v4# http://www.loc.gov/standards/alto/v4/alto-4-2.xsd">
  <Description>
    <MeasurementUnit>pixel</MeasurementUnit>
    <sourceImageInformation>
      <fileName>2012903.png</fileName>
    </sourceImageInformation>
  </Description>
  <Tags>
    <OtherTag ID="BT10" LABEL="DropCapitalZone" DESCRIPTION="block type DropCapitalZone"/><OtherTag ID="BT11" LABEL="GraphicZone" DESCRIPTION="block type GraphicZone"/><OtherTag ID="BT12" LABEL="MainZone" DESCRIPTION="block type MainZone"/><OtherTag ID="BT13" LABEL="MarginTextZone" DESCRIPTION="block type MarginTextZone"/><OtherTag ID="BT15" LABEL="NumberingZone" DESCRIPTION="block type NumberingZone"/><OtherTag ID="BT17" LABEL="QuireMarksZone" DESCRIPTION="block type QuireMarksZone"/><OtherTag ID="BT18" LABEL="RunningTitleZone" DESCRIPTION="block type RunningTitleZone"/><OtherTag ID="BT22" LABEL="TitlePageZone" DESCRIPTION="block type TitlePageZone"/><OtherTag ID="BT3206" LABEL="MainZone-Head" DESCRIPTION="block type MainZone-Head"/><OtherTag ID="BT3207" LABEL="MainZone-P" DESCRIPTION="block type MainZone-P"/><OtherTag ID="BT3208" LABEL="MainZone-Continued" DESCRIPTION="block type MainZone-Continued"/><OtherTag ID="BT3209" LABEL="MarginTextZone-ManuscriptAddendum" DESCRIPTION="block type MarginTextZone-ManuscriptAddendum"/><OtherTag ID="BT3210" LABEL="MainZone-Entry" DESCRIPTION="block type MainZone-Entry"/>
    <OtherTag ID="LT7" LABEL="CustomLine" DESCRIPTION="line type CustomLine"/><OtherTag ID="LT8" LABEL="DefaultLine" DESCRIPTION="line type DefaultLine"/><OtherTag ID="LT9" LABEL="DropCapitalLine" DESCRIPTION="line type DropCapitalLine"/><OtherTag ID="LT10" LABEL="HeadingLine" DESCRIPTION="line type HeadingLine"/><OtherTag ID="LT62" LABEL="CustomLine : BiblicalText" DESCRIPTION="line type CustomLine : BiblicalText"/>
  </Tags>
  <Layout>
    <Page WIDTH="1807"
          HEIGHT="2677"
          PHYSICAL_IMG_NR="19"
          ID="eSc_dummypage_">
      <PrintSpace HPOS="0"
                  VPOS="0"
                  WIDTH="1807"
                  HEIGHT="2677">
        <TextBlock HPOS="150"
                   VPOS="265"
                   WIDTH="1071"
                   HEIGHT="1927"
                   ID="block_1"
                   TAGREFS="BT3208">
          <Shape><Polygon POINTS="1221 265 1221 2192 150 2192 150 265"/></Shape>
          <TextLine ID="eSc_line_a316241c"
                    TAGREFS="LT8"
                    BASELINE="159 321 890 321 1198 328" 
                    HPOS="157.0"
                    VPOS="257.0"
                    WIDTH="1041.0"
                    HEIGHT="99.0">
            <Shape><Polygon POINTS="1191 273 1128 260 1124 260 1109 260 1082 260 1081 260 1079 260 1078 260 1063 272 1061 275 1021 275 1018 272 1005 260 1003 260 1002 260 1000 260 999 260 969 272 962 273 948 270 890 260 889 260 792 261 791 261 776 269 773 270 755 269 679 258 678 258 676 258 658 267 648 272 612 266 585 263 584 263 547 266 478 272 462 264 447 258 446 258 444 258 443 258 441 258 434 264 426 269 398 264 367 258 365 258 364 258 362 258 362 260 358 263 349 270 321 263 319 263 318 263 316 263 315 263 301 269 295 263 291 260 291 258 290 258 288 258 287 258 285 258 284 258 279 263 266 272 232 272 217 261 211 257 209 257 208 257 206 257 166 260 159 267 159 321 157 343 199 353 200 353 330 345 331 345 333 345 380 355 382 355 455 346 709 355 710 355 770 346 801 356 803 356 804 356 913 349 944 356 945 356 947 356 948 356 969 349 1179 356 1180 356 1182 356 1183 356 1197 346 1198 328 1197 275 1191 273"/></Shape>
            <String CONTENT="ficere omnibus modis debẽt illę Eccleſię,"
                    HPOS="157.0"
                    VPOS="257.0"
                    WIDTH="1041.0"
                    HEIGHT="99.0"
                    ></String>
          </TextLine>
          <TextLine ID="eSc_line_24ebb961"
                    TAGREFS="LT8"
                    BASELINE="165 386 1207 389" 
                    HPOS="165.0"
                    VPOS="337.0"
                    WIDTH="1042.0"
                    HEIGHT="85.0">
            <Shape><Polygon POINTS="165 419 636 413 646 417 657 420 658 420 660 420 817 416 875 414 883 416 916 422 917 422 957 414 962 414 968 414 1005 422 1006 422 1044 414 1047 414 1054 414 1177 422 1179 422 1180 422 1206 413 1207 389 1206 350 1142 350 1142 349 1112 339 1110 339 1109 339 1055 349 1036 339 1035 339 963 339 962 339 960 339 938 349 926 339 925 339 923 339 922 339 832 348 813 340 812 340 810 340 809 340 807 340 798 348 759 339 758 339 710 349 706 349 700 349 626 337 624 337 623 337 599 349 545 349 532 337 530 337 529 337 480 337 478 337 477 337 475 337 459 348 458 349 348 349 348 348 325 337 324 337 295 337 294 337 292 337 291 337 291 339 279 348 279 349 191 349 190 348 182 340 181 340 179 340 178 340 176 340 165 346 165 386"/></Shape>
            <String CONTENT="quæ ſummo Dei beneficio idololatriam"
                    HPOS="165.0"
                    VPOS="337.0"
                    WIDTH="1042.0"
                    HEIGHT="85.0"
                    WC="0.974345303244061"></String>
          </TextLine>
          <TextLine ID="eSc_line_21921149"
                    TAGREFS="LT8"
                    BASELINE="160 456 1207 459" 
                    HPOS="159.0"
                    VPOS="408.0"
                    WIDTH="1048.0"
                    HEIGHT="85.0">
            <Shape><Polygon POINTS="160 456 159 483 169 490 171 490 172 490 174 492 367 492 367 490 368 490 370 490 383 478 386 477 397 478 449 489 450 489 452 489 453 489 468 478 472 477 548 477 557 478 591 489 593 489 594 489 745 483 768 492 770 492 771 493 871 493 871 492 873 492 901 481 929 490 931 490 932 490 983 478 1023 492 1024 492 1026 493 1152 493 1152 492 1154 492 1155 492 1171 478 1206 477 1207 459 1207 420 1182 411 1180 411 1179 411 1177 411 1154 419 1151 420 1151 419 1139 410 1137 410 1136 410 1134 410 1133 410 1116 419 1113 420 1103 419 1042 410 1041 410 1039 410 1011 419 1002 420 916 420 913 417 901 410 899 410 898 410 896 410 856 417 837 420 816 417 771 410 770 410 768 410 754 416 746 420 742 416 734 410 733 410 731 410 682 408 623 408 621 408 620 408 618 408 618 410 611 416 606 419 578 416 547 411 545 411 544 411 535 414 524 419 160 413 160 456"/></Shape>
            <String CONTENT="abiecerunt, verum Dei verbum &amp; vitæ"
                    HPOS="159.0"
                    VPOS="408.0"
                    WIDTH="1048.0"
                    HEIGHT="85.0"
                    WC="0.992471071652004"></String>
          </TextLine>
          <TextLine ID="eSc_line_1a8aee7a"
                    TAGREFS="LT8"
                    BASELINE="162 523 1209 526" 
                    HPOS="160.0"
                    VPOS="472.0"
                    WIDTH="1049.0"
                    HEIGHT="87.0">
            <Shape><Polygon POINTS="160 539 404 541 449 556 450 556 452 556 522 547 557 556 559 556 560 556 562 556 563 556 582 542 654 553 655 553 657 553 682 542 710 542 728 557 730 557 731 557 733 559 1185 559 1185 557 1186 557 1188 557 1207 542 1209 526 1209 486 1170 475 1168 475 1167 475 1165 475 1145 484 1145 486 966 486 959 481 942 477 941 477 939 477 871 481 813 484 757 480 709 475 707 475 706 475 699 478 685 484 571 477 513 474 511 474 441 475 200 483 163 472 162 523 160 539"/></Shape>
            <String CONTENT="æternæ fundamentum receperunt, &amp; ad¬"
                    HPOS="160.0"
                    VPOS="472.0"
                    WIDTH="1049.0"
                    HEIGHT="87.0"
                    WC="0.967796256144842"></String>
          </TextLine>
          <TextLine ID="eSc_line_cb2e4630"
                    TAGREFS="LT8"
                    BASELINE="160 591 1207 594" 
                    HPOS="159.0"
                    VPOS="542.0"
                    WIDTH="1048.0"
                    HEIGHT="88.0">
            <Shape><Polygon POINTS="159 624 334 627 336 627 337 627 346 623 367 612 432 612 444 621 450 627 452 627 453 627 455 629 556 629 556 627 557 627 559 627 568 620 581 612 641 612 658 620 682 629 684 629 685 630 771 630 771 629 773 629 774 629 789 618 795 614 831 617 941 629 942 629 944 629 945 629 956 621 993 627 994 627 996 627 1026 615 1030 614 1096 614 1097 614 1110 623 1112 623 1113 623 1115 623 1116 623 1118 623 1133 614 1160 623 1161 623 1163 623 1206 612 1207 594 1206 557 1154 557 1152 556 1130 545 1128 545 1127 545 1048 554 1032 556 1015 554 962 545 960 545 959 545 944 553 938 556 923 553 896 547 895 547 893 547 892 547 884 551 880 556 770 556 757 550 746 545 745 545 743 545 706 550 667 554 660 548 654 544 652 544 651 544 649 544 511 547 203 554 162 542 160 591 159 624"/></Shape>
            <String CONTENT="huc tamen iſta diſciplina carent, vt hoc"
                    HPOS="159.0"
                    VPOS="542.0"
                    WIDTH="1048.0"
                    HEIGHT="88.0"
                    WC="0.970689772069454"></String>
          </TextLine>
          <TextLine ID="eSc_line_c89a684c"
                    TAGREFS="LT8"
                    BASELINE="163 658 1204 661" 
                    HPOS="162.0"
                    VPOS="611.0"
                    WIDTH="1042.0"
                    HEIGHT="83.0">
            <Shape><Polygon POINTS="163 658 162 691 422 693 423 693 431 691 459 685 496 691 507 693 508 693 510 693 513 691 550 675 850 682 852 682 999 676 1054 691 1069 694 1070 694 1072 694 1203 690 1204 661 1204 626 1170 611 1168 611 1139 611 1137 611 1136 611 1134 611 1119 623 1105 611 1103 611 1102 611 956 611 954 611 953 611 922 624 919 624 917 624 895 615 893 615 892 615 733 623 685 624 669 623 626 615 624 615 623 615 606 621 603 623 519 621 437 620 419 611 417 611 416 611 414 611 395 620 389 624 328 624 322 620 313 614 312 614 310 614 309 614 307 614 295 620 290 623 163 620 163 658"/></Shape>
            <String CONTENT="tam præclarum ornamentum. i. diſcipli¬"
                    HPOS="162.0"
                    VPOS="611.0"
                    WIDTH="1042.0"
                    HEIGHT="83.0"
                    WC="0.97350810546624"></String>
          </TextLine>
          <TextLine ID="eSc_line_6484ee9f"
                    TAGREFS="LT8"
                    BASELINE="162 731 1204 728" 
                    HPOS="160.0"
                    VPOS="676.0"
                    WIDTH="1044.0"
                    HEIGHT="88.0">
            <Shape><Polygon POINTS="162 749 188 749 190 751 205 762 206 762 208 762 209 762 353 755 426 762 428 762 429 762 450 752 456 749 478 749 483 752 495 762 496 762 498 762 499 762 538 761 539 761 541 761 553 752 559 749 585 749 591 754 603 762 605 762 606 762 608 764 645 764 645 762 646 762 648 762 658 754 663 749 675 754 696 761 697 761 699 761 883 759 884 759 896 755 919 748 1030 748 1042 756 1048 761 1049 761 1051 761 1052 762 1084 762 1084 761 1085 761 1087 761 1094 756 1109 748 1131 756 1139 759 1140 759 1142 759 1203 756 1204 728 1201 691 1167 691 1167 690 1151 678 1149 678 1148 678 1146 678 1145 678 1118 690 1116 691 1057 691 1055 690 1042 678 1041 678 1039 678 1038 678 1036 678 1008 688 993 676 991 676 990 676 963 676 962 676 960 676 959 676 959 678 945 688 944 690 932 688 859 679 858 679 800 688 785 690 780 687 770 678 768 678 767 678 765 678 764 678 762 678 749 687 745 690 724 687 660 678 587 678 585 678 584 678 582 678 582 679 574 685 571 688 563 685 538 679 536 679 535 679 533 679 532 679 522 685 511 693 483 693 475 685 466 678 465 678 464 678 462 678 426 685 395 691 379 685 370 681 368 681 367 681 349 684 333 688 327 684 319 678 318 678 316 678 315 678 313 678 295 684 275 691 160 684 162 731"/></Shape>
            <String CONTENT="nam hanc Eccleſiaſticã ( qualis ab Apoſto¬"
                    HPOS="160.0"
                    VPOS="676.0"
                    WIDTH="1044.0"
                    HEIGHT="88.0"
                    WC="0.974077446120126"></String>
          </TextLine>
          <TextLine ID="eSc_line_d9ee701f"
                    TAGREFS="LT8"
                    BASELINE="162 795 1203 798" 
                    HPOS="162.0"
                    VPOS="746.0"
                    WIDTH="1041.0"
                    HEIGHT="83.0">
            <Shape><Polygon POINTS="162 795 162 829 1201 828 1203 798 1203 758 1170 748 1168 748 1167 748 1118 755 1096 748 1094 748 1093 748 1091 748 1090 748 1079 756 1029 748 966 748 965 748 963 748 962 748 953 755 951 756 948 755 913 748 911 748 858 755 843 758 685 758 679 754 669 746 667 746 666 746 664 746 663 746 633 754 626 755 621 754 605 746 603 746 602 746 542 752 517 756 435 756 429 752 422 746 420 746 419 746 417 746 416 746 398 752 388 755 376 752 359 746 358 746 356 746 355 746 353 746 346 751 340 755 325 751 312 748 310 748 309 748 307 748 306 748 303 751 297 755 162 751 162 795"/></Shape>
            <String CONTENT="lis præſcripta eſt) ad corpus illud Eccleſię"
                    HPOS="162.0"
                    VPOS="746.0"
                    WIDTH="1041.0"
                    HEIGHT="83.0"
                    ></String>
          </TextLine>
          <TextLine ID="eSc_line_d43b25ee"
                    TAGREFS="LT8"
                    BASELINE="160 865 1209 868" 
                    HPOS="159.0"
                    VPOS="822.0"
                    WIDTH="1050.0"
                    HEIGHT="77.0">
            <Shape><Polygon POINTS="160 865 159 896 295 898 297 898 298 898 303 896 319 887 334 895 339 898 340 898 342 899 458 899 458 898 459 898 466 895 480 887 541 887 566 893 587 898 588 898 590 898 602 893 615 887 635 892 643 895 645 895 646 895 660 892 681 887 690 892 701 898 703 898 704 898 739 892 754 889 765 892 791 898 792 898 794 898 871 890 875 890 878 890 929 899 931 899 932 899 965 889 968 889 981 889 1087 896 1088 896 1090 896 1122 889 1189 899 1191 899 1192 899 1194 899 1207 887 1209 868 1209 823 160 822 160 865"/></Shape>
            <String CONTENT="ſuæ adiungant, &amp; addant, vt non modò"
                    HPOS="159.0"
                    VPOS="822.0"
                    WIDTH="1050.0"
                    HEIGHT="77.0"
                    WC="0.980689189935985"></String>
          </TextLine>
          <TextLine ID="eSc_line_4be3f7b5"
                    TAGREFS="LT8"
                    BASELINE="162 932 1209 935" 
                    HPOS="160.0"
                    VPOS="880.0"
                    WIDTH="1049.0"
                    HEIGHT="89.0">
            <Shape><Polygon POINTS="162 932 160 965 233 966 234 966 236 966 237 966 237 965 254 953 309 953 346 965 349 966 350 966 352 966 359 965 420 953 465 953 492 965 495 966 496 966 498 968 664 968 664 966 666 966 667 966 667 965 684 954 699 965 701 968 703 968 704 968 706 969 746 969 746 968 748 968 749 968 751 965 765 954 870 954 881 963 881 965 883 965 884 965 886 965 887 965 919 954 938 965 941 968 942 968 944 968 945 968 1081 966 1082 966 1085 965 1109 957 1131 965 1139 968 1140 968 1142 968 1143 968 1154 965 1179 959 1204 965 1209 935 1207 896 1145 896 1145 895 1116 881 1115 881 1113 881 1112 881 1084 895 1084 896 1064 896 1064 895 1048 881 1047 881 1045 881 972 881 971 881 969 881 968 881 953 895 951 896 922 896 920 895 895 881 893 881 892 881 890 881 861 895 859 895 858 895 822 881 820 881 819 881 817 881 791 892 749 881 748 881 746 881 745 881 709 893 687 880 685 880 684 880 682 880 681 880 649 890 624 881 623 881 621 881 620 881 618 881 618 883 606 892 468 880 466 880 465 880 464 880 444 893 440 893 367 884 365 884 364 884 348 893 345 895 251 895 248 893 217 881 215 881 214 881 212 881 211 881 194 893 191 893 162 893 162 932"/></Shape>
            <String CONTENT="neruos &amp; oſſa Eccleſiæ habeãt, ſed etiam"
                    HPOS="160.0"
                    VPOS="880.0"
                    WIDTH="1049.0"
                    HEIGHT="89.0"
                    WC="0.99079390269954"></String>
          </TextLine>
          <TextLine ID="eSc_line_6ea953f5"
                    TAGREFS="LT8"
                    BASELINE="163 1005 1207 1005" 
                    HPOS="163.0"
                    VPOS="953.0"
                    WIDTH="1044.0"
                    HEIGHT="86.0">
            <Shape><Polygon POINTS="163 1005 163 1026 214 1026 229 1038 230 1038 232 1038 233 1038 234 1038 267 1026 269 1026 298 1038 300 1038 301 1039 380 1039 380 1038 382 1038 383 1038 383 1036 395 1026 397 1026 459 1026 462 1027 471 1035 472 1035 474 1035 475 1035 477 1035 492 1027 502 1036 502 1038 504 1038 505 1038 507 1038 557 1029 608 1038 609 1038 611 1038 612 1038 624 1027 627 1027 670 1038 672 1038 759 1030 874 1038 875 1038 877 1038 904 1029 916 1026 951 1029 1023 1038 1024 1038 1026 1038 1052 1030 1054 1030 1058 1030 1142 1038 1143 1038 1207 1030 1207 1005 1206 956 624 960 618 959 605 953 603 953 602 953 600 953 599 953 591 959 587 962 498 962 477 959 395 953 394 953 392 953 391 953 382 960 379 962 282 962 281 960 252 953 251 953 249 953 163 960 163 1005"/></Shape>
            <String CONTENT="vt ſanguinem, colorem, venuſtatem, vires"
                    HPOS="163.0"
                    VPOS="953.0"
                    WIDTH="1044.0"
                    HEIGHT="86.0"
                    WC="0.974828770756721"></String>
          </TextLine>
          <TextLine ID="eSc_line_29e4a220"
                    TAGREFS="LT8"
                    BASELINE="162 1072 1207 1072" 
                    HPOS="162.0"
                    VPOS="1021.0"
                    WIDTH="1045.0"
                    HEIGHT="86.0">
            <Shape><Polygon POINTS="162 1072 162 1107 266 1107 266 1106 267 1106 269 1106 279 1097 316 1106 321 1106 322 1106 324 1106 325 1106 342 1096 403 1096 414 1105 414 1106 416 1106 417 1106 419 1106 429 1105 483 1096 550 1096 563 1105 565 1106 566 1106 568 1106 569 1106 1207 1099 1207 1072 1207 1033 1152 1033 1130 1021 1128 1021 1127 1021 1125 1021 1096 1033 999 1033 987 1023 986 1023 984 1023 983 1023 981 1023 944 1032 931 1021 929 1021 928 1021 926 1021 925 1021 893 1032 867 1023 865 1023 864 1023 776 1029 767 1021 765 1021 764 1021 762 1021 666 1024 664 1024 663 1024 655 1032 618 1021 617 1021 615 1021 614 1021 581 1030 545 1021 544 1021 542 1021 541 1021 522 1032 489 1021 487 1021 486 1021 484 1021 446 1032 397 1021 395 1021 324 1032 182 1021 181 1021 179 1021 162 1030 162 1072"/></Shape>
            <String CONTENT="denique Eccleſiæ integras retineant. At¬"
                    HPOS="162.0"
                    VPOS="1021.0"
                    WIDTH="1045.0"
                    HEIGHT="86.0"
                    WC="0.987625168263912"></String>
          </TextLine>
          <TextLine ID="eSc_line_7d02d053"
                    TAGREFS="LT8"
                    BASELINE="163 1140 1210 1140" 
                    HPOS="163.0"
                    VPOS="1088.0"
                    WIDTH="1047.0"
                    HEIGHT="83.0">
            <Shape><Polygon POINTS="163 1140 163 1171 337 1171 337 1170 339 1170 340 1170 367 1158 425 1168 426 1168 428 1168 456 1155 516 1155 529 1164 530 1164 532 1164 533 1164 593 1155 626 1168 630 1170 632 1170 633 1171 715 1171 715 1170 716 1170 721 1168 740 1160 749 1168 751 1168 751 1170 752 1170 754 1170 755 1171 859 1171 859 1170 861 1170 862 1170 864 1167 880 1155 1146 1155 1209 1165 1210 1140 1209 1088 1161 1099 1097 1090 1096 1090 1094 1090 1073 1099 1045 1090 1041 1088 1039 1088 1038 1088 1036 1088 1035 1088 1033 1090 1020 1100 898 1100 887 1091 884 1088 883 1088 881 1088 880 1088 878 1088 877 1088 877 1090 874 1091 865 1100 837 1100 823 1093 820 1090 819 1090 817 1090 745 1088 743 1088 742 1088 727 1093 709 1099 672 1094 641 1090 639 1090 617 1094 596 1099 569 1094 526 1088 524 1088 523 1088 504 1096 495 1099 469 1096 428 1091 426 1091 425 1091 406 1097 398 1099 392 1097 373 1088 371 1088 370 1088 368 1088 367 1088 356 1097 353 1100 300 1100 297 1097 276 1088 275 1088 273 1088 272 1088 270 1088 258 1099 257 1100 163 1100 163 1140"/></Shape>
            <String CONTENT="tendendum eſt enim diligenter ad illud"
                    HPOS="163.0"
                    VPOS="1088.0"
                    WIDTH="1047.0"
                    HEIGHT="83.0"
                    WC="0.965819402744896"></String>
          </TextLine>
          <TextLine ID="eSc_line_efc6b857"
                    TAGREFS="LT8"
                    BASELINE="165 1212 690 1206 1204 1212" 
                    HPOS="163.0"
                    VPOS="1154.0"
                    WIDTH="1041.0"
                    HEIGHT="83.0">
            <Shape><Polygon POINTS="165 1212 165 1237 1203 1235 1204 1212 1201 1158 1085 1167 1070 1158 1063 1154 1061 1154 1060 1154 1058 1154 1057 1154 1055 1154 1049 1158 1036 1168 939 1168 923 1160 908 1154 907 1154 905 1154 904 1154 902 1154 893 1160 883 1167 862 1161 844 1155 843 1155 841 1155 812 1161 779 1168 699 1168 670 1163 626 1154 560 1154 559 1154 557 1154 536 1164 530 1165 524 1164 493 1154 492 1154 490 1154 489 1154 458 1164 449 1167 440 1164 413 1154 411 1154 359 1154 358 1154 356 1154 337 1164 245 1158 243 1158 242 1158 217 1165 214 1167 211 1167 188 1157 187 1157 185 1157 184 1157 163 1164 165 1212"/></Shape>
            <String CONTENT="Spiritus ſancti dictum rectas faciendas eſſe"
                    HPOS="163.0"
                    VPOS="1154.0"
                    WIDTH="1041.0"
                    HEIGHT="83.0"
                    WC="0.977186247706413"></String>
          </TextLine>
          <TextLine ID="eSc_line_2c865dba"
                    TAGREFS="LT8"
                    BASELINE="168 1277 1206 1277" 
                    HPOS="168.0"
                    VPOS="1226.0"
                    WIDTH="1038.0"
                    HEIGHT="81.0">
            <Shape><Polygon POINTS="168 1277 168 1305 1204 1307 1206 1277 1204 1229 1163 1240 1045 1240 1023 1231 1011 1226 1009 1226 1008 1226 1006 1226 994 1231 983 1237 844 1238 834 1232 825 1226 823 1226 822 1226 820 1226 785 1232 776 1234 758 1234 652 1226 651 1226 649 1226 623 1234 608 1240 542 1240 535 1235 516 1226 514 1226 356 1226 355 1226 353 1226 330 1237 327 1238 322 1237 282 1226 281 1226 279 1226 278 1226 276 1226 257 1238 255 1240 168 1240 168 1277"/></Shape>
            <String CONTENT="vias noſtras, ne quod claudicat tandem pror¬"
                    HPOS="168.0"
                    VPOS="1226.0"
                    WIDTH="1038.0"
                    HEIGHT="81.0"
                    ></String>
          </TextLine>
          <TextLine ID="eSc_line_bd4a1870"
                    TAGREFS="LT8"
                    BASELINE="168 1342 1209 1347" 
                    HPOS="168.0"
                    VPOS="1292.0"
                    WIDTH="1041.0"
                    HEIGHT="89.0">
            <Shape><Polygon POINTS="168 1342 168 1377 496 1371 536 1375 572 1380 574 1380 749 1374 834 1372 844 1374 880 1381 881 1381 916 1374 919 1374 1002 1374 1015 1381 1017 1381 1018 1381 1020 1381 1152 1374 1192 1381 1194 1381 1195 1381 1197 1381 1207 1372 1209 1347 1207 1305 1163 1296 1161 1296 1099 1304 1093 1304 1091 1304 1082 1295 1081 1295 1079 1295 1078 1295 944 1302 892 1304 834 1304 831 1301 822 1293 820 1293 819 1293 817 1293 745 1299 706 1302 701 1299 696 1293 694 1293 693 1293 691 1293 533 1296 362 1301 355 1295 352 1292 350 1292 349 1292 292 1292 291 1292 290 1292 288 1292 287 1293 278 1302 229 1302 168 1293 168 1342"/></Shape>
            <String CONTENT="ſus abducatur à via. Nam ſi quæ neceſſaria"
                    HPOS="168.0"
                    VPOS="1292.0"
                    WIDTH="1041.0"
                    HEIGHT="89.0"
                    WC="0.973352400369422"></String>
          </TextLine>
          <TextLine ID="eSc_line_7d43ab24"
                    TAGREFS="LT8"
                    BASELINE="166 1412 1197 1415" 
                    HPOS="165.0"
                    VPOS="1362.0"
                    WIDTH="1032.0"
                    HEIGHT="86.0">
            <Shape><Polygon POINTS="166 1412 165 1439 176 1447 178 1447 179 1447 181 1447 229 1438 233 1438 236 1438 264 1447 266 1447 267 1448 526 1448 526 1447 527 1447 551 1441 563 1438 584 1441 627 1447 629 1447 630 1447 643 1441 651 1438 667 1441 696 1447 697 1447 746 1442 770 1439 795 1442 849 1448 850 1448 925 1442 974 1439 991 1444 1012 1448 1014 1448 1015 1448 1045 1444 1072 1439 1087 1444 1100 1448 1102 1448 1103 1448 1195 1444 1197 1415 1197 1374 1157 1363 1155 1363 1154 1363 1152 1363 1119 1372 1113 1375 1006 1375 1003 1372 994 1365 994 1363 993 1363 991 1363 990 1363 941 1372 938 1372 936 1372 919 1363 917 1363 916 1363 914 1363 913 1363 901 1372 898 1374 886 1372 838 1363 837 1363 795 1371 782 1374 774 1371 752 1363 751 1363 749 1363 704 1371 688 1374 678 1371 652 1363 651 1363 649 1363 648 1363 646 1363 639 1369 629 1362 627 1362 626 1362 624 1362 623 1362 606 1371 602 1372 593 1371 553 1362 551 1362 511 1371 499 1372 478 1369 413 1362 411 1362 410 1362 395 1369 389 1374 281 1374 266 1369 242 1363 240 1363 239 1363 237 1363 236 1363 230 1369 226 1372 221 1369 211 1362 209 1362 208 1362 206 1362 166 1368 166 1412"/></Shape>
            <String CONTENT="ſunt per incuriam in Dei Eccleſia negli¬"
                    HPOS="165.0"
                    VPOS="1362.0"
                    WIDTH="1032.0"
                    HEIGHT="86.0"
                    WC="0.991140624880791"></String>
          </TextLine>
          <TextLine ID="eSc_line_d094b8a6"
                    TAGREFS="LT8"
                    BASELINE="179 1482 1209 1484" 
                    HPOS="178.0"
                    VPOS="1433.0"
                    WIDTH="1031.0"
                    HEIGHT="83.0">
            <Shape><Polygon POINTS="179 1482 178 1509 310 1515 312 1515 313 1515 315 1515 319 1511 325 1506 382 1506 388 1511 392 1515 394 1515 395 1515 397 1516 545 1516 545 1515 547 1515 559 1512 584 1506 643 1512 672 1515 673 1515 725 1513 871 1506 889 1513 892 1515 893 1515 895 1516 1038 1516 1038 1515 1039 1515 1041 1515 1055 1506 1109 1506 1121 1515 1122 1515 1124 1515 1125 1516 1207 1516 1209 1484 1209 1445 1197 1435 1197 1433 1195 1433 1194 1433 1192 1433 1143 1444 1078 1433 1076 1433 1075 1433 1042 1445 1036 1445 939 1445 938 1444 925 1433 923 1433 922 1433 871 1433 870 1433 868 1433 867 1433 867 1435 856 1442 856 1444 853 1442 822 1433 820 1433 819 1433 768 1442 755 1445 699 1445 694 1442 685 1433 684 1433 682 1433 681 1433 646 1441 635 1444 624 1441 602 1433 600 1433 599 1433 597 1433 584 1441 578 1444 542 1441 502 1436 501 1436 499 1436 498 1436 495 1439 490 1442 486 1439 477 1433 475 1433 474 1433 472 1433 471 1433 453 1439 440 1445 353 1445 348 1438 342 1435 342 1433 340 1433 339 1433 337 1433 336 1433 327 1438 316 1444 297 1438 285 1435 284 1435 282 1435 281 1435 270 1438 249 1444 179 1438 179 1482"/></Shape>
            <String CONTENT="gantur, temporis ſucceſſu illa penitus à"
                    HPOS="178.0"
                    VPOS="1433.0"
                    WIDTH="1031.0"
                    HEIGHT="83.0"
                    WC="0.981363930353304"></String>
          </TextLine>
          <TextLine ID="eSc_line_cb5e8995"
                    TAGREFS="LT8"
                    BASELINE="163 1554 1212 1551" 
                    HPOS="162.0"
                    VPOS="1499.0"
                    WIDTH="1050.0"
                    HEIGHT="87.0">
            <Shape><Polygon POINTS="163 1554 165 1579 184 1571 345 1571 356 1579 361 1583 362 1583 364 1583 394 1585 395 1585 397 1585 398 1585 404 1579 414 1571 449 1571 471 1579 487 1585 489 1585 490 1585 492 1585 510 1579 532 1571 587 1571 596 1579 602 1583 602 1585 603 1585 605 1585 606 1586 685 1586 685 1585 687 1585 688 1585 694 1579 697 1577 699 1579 704 1583 706 1583 707 1583 709 1585 803 1585 803 1583 804 1583 806 1583 812 1579 819 1571 831 1579 840 1583 841 1583 843 1585 901 1585 901 1583 902 1583 904 1583 910 1579 922 1570 944 1579 957 1583 959 1583 960 1583 1212 1577 1212 1551 1209 1511 1130 1511 1130 1509 1116 1499 1115 1499 1113 1499 1112 1499 999 1509 991 1509 989 1509 948 1499 947 1499 945 1499 944 1499 942 1499 942 1500 932 1509 931 1511 875 1511 873 1509 859 1499 858 1499 856 1499 855 1499 730 1508 685 1511 661 1508 609 1500 608 1500 562 1508 547 1509 536 1508 511 1500 510 1500 508 1500 507 1500 492 1506 483 1511 443 1506 380 1500 379 1500 377 1500 361 1506 348 1512 232 1512 224 1506 218 1500 217 1500 215 1500 214 1500 162 1505 163 1554"/></Shape>
            <String CONTENT="Deo tãdem abalienantur. Quia verò hæc"
                    HPOS="162.0"
                    VPOS="1499.0"
                    WIDTH="1050.0"
                    HEIGHT="87.0"
                    WC="0.989498240825457"></String>
          </TextLine>
          <TextLine ID="eSc_line_f69dd246"
                    TAGREFS="LT8"
                    BASELINE="165 1618 1207 1624" 
                    HPOS="163.0"
                    VPOS="1566.0"
                    WIDTH="1044.0"
                    HEIGHT="90.0">
            <Shape><Polygon POINTS="165 1618 163 1644 346 1652 348 1652 349 1652 350 1652 358 1646 362 1643 365 1646 373 1652 374 1652 376 1652 446 1653 447 1653 449 1653 464 1646 475 1640 587 1640 596 1646 596 1647 597 1647 599 1647 709 1655 710 1655 712 1655 739 1647 757 1641 800 1641 807 1647 810 1650 812 1650 813 1650 815 1650 834 1647 864 1641 899 1647 947 1655 948 1655 950 1655 951 1655 960 1647 968 1643 999 1643 1009 1647 1029 1656 1030 1656 1032 1656 1081 1647 1102 1644 1116 1647 1148 1656 1149 1656 1151 1656 1206 1647 1207 1624 1206 1580 1161 1580 1161 1579 1151 1570 1149 1570 1148 1570 1048 1570 1047 1570 1045 1570 1029 1577 1027 1579 1018 1577 965 1570 963 1570 962 1570 960 1570 953 1577 951 1579 950 1577 936 1569 935 1569 933 1569 932 1569 931 1569 901 1577 898 1577 892 1577 834 1569 832 1569 786 1576 774 1577 751 1576 654 1567 652 1567 606 1574 603 1574 600 1574 565 1567 563 1567 562 1567 541 1574 533 1576 480 1573 333 1566 331 1566 330 1566 328 1566 319 1571 315 1574 300 1571 264 1566 263 1566 261 1566 240 1571 229 1574 224 1571 215 1566 214 1566 212 1566 211 1566 165 1570 165 1618"/></Shape>
            <String CONTENT="diſcipli na maximè hac Pauli Epiſtola,"
                    HPOS="163.0"
                    VPOS="1566.0"
                    WIDTH="1044.0"
                    HEIGHT="90.0"
                    WC="0.975665242244036"></String>
          </TextLine>
          <TextLine ID="eSc_line_f96973e6"
                    TAGREFS="LT8"
                    BASELINE="171 1687 1209 1687" 
                    HPOS="171.0"
                    VPOS="1637.0"
                    WIDTH="1038.0"
                    HEIGHT="88.0">
            <Shape><Polygon POINTS="171 1687 171 1725 237 1725 237 1723 239 1723 240 1723 249 1716 294 1723 295 1725 475 1725 475 1723 477 1723 478 1723 489 1716 524 1723 526 1723 580 1716 649 1723 651 1723 725 1716 792 1723 794 1723 874 1716 1207 1723 1209 1687 1209 1650 1154 1650 1154 1649 1119 1637 1118 1637 1116 1637 1115 1637 1075 1649 1075 1650 1015 1650 1014 1649 969 1637 968 1637 966 1637 965 1637 963 1637 944 1649 942 1650 893 1650 893 1649 878 1637 877 1637 875 1637 874 1637 873 1637 847 1649 822 1649 780 1649 768 1638 768 1637 767 1637 765 1637 764 1637 688 1649 684 1650 654 1650 652 1649 635 1637 633 1637 632 1637 550 1637 548 1637 547 1637 545 1637 532 1649 529 1649 481 1637 480 1637 429 1649 426 1649 423 1649 398 1638 397 1638 395 1638 394 1638 376 1646 365 1637 364 1637 362 1637 361 1637 359 1637 331 1649 328 1649 322 1649 279 1641 278 1641 171 1647 171 1687"/></Shape>
            <String CONTENT="quæ prior eſt ad Timotheum, eſt explica¬"
                    HPOS="171.0"
                    VPOS="1637.0"
                    WIDTH="1038.0"
                    HEIGHT="88.0"
                    WC="0.990624065697193"></String>
          </TextLine>
          <TextLine ID="eSc_line_1a95b5ab"
                    TAGREFS="LT8"
                    BASELINE="168 1756 1207 1756" 
                    HPOS="168.0"
                    VPOS="1710.0"
                    WIDTH="1039.0"
                    HEIGHT="80.0">
            <Shape><Polygon POINTS="168 1756 171 1789 193 1775 234 1783 236 1783 237 1783 254 1775 524 1775 544 1783 557 1789 559 1789 560 1790 719 1790 719 1789 721 1789 722 1789 734 1781 743 1775 759 1781 786 1789 788 1789 789 1790 837 1790 837 1789 838 1789 840 1789 855 1780 886 1789 887 1789 889 1790 1148 1790 1148 1789 1207 1774 1207 1756 1207 1720 1151 1711 1149 1711 1044 1719 1032 1719 1030 1719 1021 1710 1020 1710 1018 1710 1017 1710 981 1717 977 1719 971 1717 938 1710 936 1710 935 1710 865 1717 858 1717 853 1717 816 1710 815 1710 813 1710 795 1717 788 1720 684 1720 676 1716 667 1710 666 1710 664 1710 663 1710 626 1716 612 1717 608 1716 597 1710 596 1710 594 1710 593 1710 581 1716 572 1719 539 1714 499 1710 498 1710 496 1710 484 1714 472 1719 425 1714 383 1710 382 1710 380 1710 373 1713 361 1719 333 1713 312 1710 310 1710 168 1711 168 1756"/></Shape>
            <String CONTENT="ta, idcirco eam potiſsimum delegi, in cu¬"
                    HPOS="168.0"
                    VPOS="1710.0"
                    WIDTH="1039.0"
                    HEIGHT="80.0"
                    WC="0.98520774666856"></String>
          </TextLine>
          <TextLine ID="eSc_line_4cea52dc"
                    TAGREFS="LT8"
                    BASELINE="166 1826 1210 1823" 
                    HPOS="165.0"
                    VPOS="1780.0"
                    WIDTH="1045.0"
                    HEIGHT="82.0">
            <Shape><Polygon POINTS="166 1826 166 1860 298 1862 300 1862 301 1862 309 1860 330 1854 355 1859 370 1862 371 1862 373 1862 380 1859 403 1851 492 1859 542 1862 544 1862 608 1857 707 1850 724 1856 730 1859 731 1859 733 1859 755 1856 795 1850 829 1856 861 1860 862 1862 932 1862 932 1860 933 1860 935 1860 942 1854 950 1850 1024 1850 1032 1854 1041 1860 1042 1860 1044 1860 1045 1860 1209 1851 1210 1823 1207 1780 165 1780 166 1826"/></Shape>
            <String CONTENT="ius interpretatione meam de toto hoc ar¬"
                    HPOS="165.0"
                    VPOS="1780.0"
                    WIDTH="1045.0"
                    HEIGHT="82.0"
                    WC="0.976742947101593"></String>
          </TextLine>
          <TextLine ID="eSc_line_f569a827"
                    TAGREFS="LT8"
                    BASELINE="175 1894 1207 1891" 
                    HPOS="174.0"
                    VPOS="1851.0"
                    WIDTH="1033.0"
                    HEIGHT="80.0">
            <Shape><Polygon POINTS="175 1894 175 1931 425 1931 425 1930 426 1930 428 1930 431 1928 441 1921 452 1927 455 1930 456 1930 458 1930 459 1931 507 1931 507 1930 508 1930 510 1930 513 1927 520 1921 554 1927 581 1930 582 1930 615 1925 649 1921 707 1924 771 1928 773 1928 774 1928 788 1924 800 1920 835 1922 889 1928 890 1928 892 1928 893 1928 902 1922 907 1920 922 1922 959 1928 960 1928 962 1928 963 1928 975 1921 978 1920 1017 1921 1146 1927 1148 1927 1206 1918 1207 1891 1203 1851 174 1853 175 1894"/></Shape>
            <String CONTENT="gumento ſententiam breuiter, more meo,"
                    HPOS="174.0"
                    VPOS="1851.0"
                    WIDTH="1033.0"
                    HEIGHT="80.0"
                    WC="0.981548706167623"></String>
          </TextLine>
          <TextLine ID="eSc_line_07fa97db"
                    TAGREFS="LT8"
                    BASELINE="171 1961 1212 1958" 
                    HPOS="169.0"
                    VPOS="1914.0"
                    WIDTH="1043.0"
                    HEIGHT="83.0">
            <Shape><Polygon POINTS="171 1961 171 1979 208 1979 209 1979 229 1995 230 1995 232 1995 233 1997 261 1997 261 1995 263 1995 264 1995 288 1979 290 1979 410 1979 411 1979 420 1986 422 1986 423 1986 425 1986 426 1986 428 1986 440 1979 441 1979 517 1979 559 1995 560 1995 562 1997 679 1997 679 1995 731 1988 815 1994 816 1994 817 1994 837 1986 922 1994 923 1994 925 1994 959 1978 993 1978 1017 1994 1018 1994 1020 1994 1021 1995 1183 1995 1183 1994 1185 1994 1186 1994 1212 1976 1212 1958 1209 1924 1131 1914 1130 1914 1087 1921 1041 1914 1039 1914 1038 1914 1006 1922 932 1914 931 1914 887 1922 649 1915 648 1915 646 1915 624 1924 364 1915 362 1915 361 1915 336 1924 217 1917 215 1917 169 1925 171 1961"/></Shape>
            <String CONTENT="exponerem. Scripſerunt in hanc ipſam"
                    HPOS="169.0"
                    VPOS="1914.0"
                    WIDTH="1043.0"
                    HEIGHT="83.0"
                    WC="0.97724854780568"></String>
          </TextLine>
          <TextLine ID="eSc_line_6275717a"
                    TAGREFS="LT8"
                    BASELINE="169 2028 1210 2025" 
                    HPOS="168.0"
                    VPOS="1978.0"
                    WIDTH="1042.0"
                    HEIGHT="86.0">
            <Shape><Polygon POINTS="169 2028 169 2047 334 2047 355 2062 356 2062 358 2062 359 2064 688 2064 688 2062 727 2061 728 2061 730 2061 751 2044 752 2044 828 2044 831 2044 886 2061 887 2061 889 2062 953 2062 953 2061 954 2061 990 2044 1142 2044 1143 2044 1160 2055 1161 2055 1163 2055 1164 2055 1165 2055 1167 2055 1167 2053 1179 2044 1209 2044 1210 2025 1204 1978 1182 1986 1130 1979 1128 1979 1127 1979 1100 1991 1076 1983 1075 1983 1073 1983 963 1991 933 1978 932 1978 931 1978 929 1978 928 1978 926 1978 907 1991 856 1980 855 1980 795 1991 759 1979 758 1979 757 1979 755 1979 754 1979 754 1980 740 1992 685 1992 539 1991 526 1979 526 1978 524 1978 523 1978 486 1978 484 1978 483 1978 481 1978 464 1992 446 1992 429 1978 428 1978 426 1978 425 1978 423 1978 420 1978 382 1988 350 1978 348 1978 346 1978 270 1978 269 1978 267 1978 266 1978 248 1988 168 1979 169 2028"/></Shape>
            <String CONTENT="Pauli Epiſtolã varij, tũ veteres, tũ recen¬"
                    HPOS="168.0"
                    VPOS="1978.0"
                    WIDTH="1042.0"
                    HEIGHT="86.0"
                    WC="0.988206106683482"></String>
          </TextLine>
          <TextLine ID="eSc_line_702eea6c"
                    TAGREFS="LT8"
                    BASELINE="171 2095 1212 2098" 
                    HPOS="169.0"
                    VPOS="2049.0"
                    WIDTH="1043.0"
                    HEIGHT="85.0">
            <Shape><Polygon POINTS="171 2095 169 2131 245 2132 246 2132 248 2132 249 2132 251 2131 266 2119 334 2119 349 2128 350 2128 352 2128 353 2128 355 2128 356 2128 368 2120 406 2129 423 2132 425 2134 514 2134 514 2132 516 2132 517 2132 523 2128 527 2123 539 2128 550 2131 551 2131 553 2131 554 2131 562 2126 578 2119 638 2119 649 2126 658 2132 660 2132 661 2132 691 2134 693 2134 828 2128 910 2134 911 2134 969 2131 971 2131 972 2131 983 2122 1002 2131 1003 2131 1005 2131 1006 2131 1038 2122 1044 2120 1055 2122 1148 2134 1149 2134 1151 2134 1152 2134 1171 2120 1173 2120 1210 2120 1212 2098 1209 2049 1082 2059 1045 2059 1035 2049 1033 2049 1032 2049 1030 2049 1024 2049 989 2059 901 2059 889 2050 887 2049 886 2049 884 2049 883 2049 171 2055 171 2095"/></Shape>
            <String CONTENT="tiores interpretes, eruditi illi quidem: ſed"
                    HPOS="169.0"
                    VPOS="2049.0"
                    WIDTH="1043.0"
                    HEIGHT="85.0"
                    WC="0.982630454681136"></String>
          </TextLine>
          <TextLine ID="eSc_line_3e9e2624"
                    TAGREFS="LT8"
                    BASELINE="176 2160 1212 2166" 
                    HPOS="175.0"
                    VPOS="2113.0"
                    WIDTH="1037.0"
                    HEIGHT="135.0">
            <Shape><Polygon POINTS="176 2160 175 2208 212 2217 214 2217 215 2217 240 2208 257 2202 324 2207 379 2211 380 2211 382 2211 398 2207 435 2196 472 2205 529 2220 530 2220 532 2220 533 2220 574 2205 585 2201 759 2202 761 2202 831 2247 832 2247 834 2247 1066 2248 1067 2248 1069 2248 1070 2248 1118 2217 1210 2198 1212 2166 1207 2117 1171 2128 1093 2128 1082 2117 1081 2117 1079 2117 1078 2117 1070 2117 1006 2126 978 2119 975 2117 974 2117 972 2117 971 2117 969 2117 969 2119 953 2128 928 2119 925 2117 923 2117 922 2117 913 2119 871 2126 861 2119 858 2116 856 2116 855 2116 853 2116 835 2119 797 2126 751 2119 725 2116 724 2116 722 2116 712 2120 694 2126 675 2120 657 2114 655 2114 654 2114 526 2120 437 2125 429 2122 413 2113 411 2113 410 2113 408 2113 380 2122 374 2123 368 2122 349 2113 348 2113 346 2113 345 2113 343 2113 331 2122 328 2123 325 2122 306 2113 304 2113 303 2113 301 2113 275 2122 269 2123 176 2123 176 2160"/></Shape>
            <String CONTENT="qui ſe in hoe de diſciplinę Eccleſiaſticę ar¬"
                    HPOS="175.0"
                    VPOS="2113.0"
                    WIDTH="1037.0"
                    HEIGHT="135.0"
                    ></String>
          </TextLine>
        </TextBlock>
        <TextBlock HPOS="493.0"
                   VPOS="197.0"
                   WIDTH="433.0"
                   HEIGHT="58.0"
                   ID="block_2"
                   TAGREFS="BT18">
          <Shape><Polygon POINTS="926 197 926 255 493 255 493 197"/></Shape>
          <TextLine ID="eSc_line_9d148d78"
                    TAGREFS="LT10"
                    BASELINE="498 240 914 236" 
                    HPOS="496.0"
                    VPOS="190.0"
                    WIDTH="418.0"
                    HEIGHT="80.0">
            <Shape><Polygon POINTS="883 194 878 194 867 200 758 200 748 193 734 193 719 193 704 193 690 191 675 191 660 191 645 191 630 191 615 191 600 190 599 190 597 190 596 190 580 202 578 203 496 203 498 240 498 257 523 267 524 267 526 267 527 267 550 258 574 269 575 269 577 270 630 270 630 269 632 269 633 269 633 267 645 257 675 267 676 267 678 267 679 267 709 257 736 267 737 267 739 267 740 267 764 257 782 264 783 264 785 264 786 264 788 264 797 255 817 266 819 266 820 266 822 266 847 255 884 266 886 266 887 266 889 266 914 252 914 236 910 214 898 200"/></Shape>
            <String CONTENT="EPISTOLA"
                    HPOS="496.0"
                    VPOS="190.0"
                    WIDTH="418.0"
                    HEIGHT="80.0"
                    ></String>
          </TextLine>
        </TextBlock>
        <TextBlock HPOS="837.0"
                   VPOS="2193.0"
                   WIDTH="222.0"
                   HEIGHT="74.0"
                   ID="eSc_textblock_34855c50"
                   TAGREFS="BT17">
          <Shape><Polygon POINTS="846 2197 837 2267 1056 2267 1059 2193"/></Shape>
          <TextLine ID="eSc_line_4e83efa1"
                    TAGREFS="LT8"
                    BASELINE="870 2247 1029 2245" 
                    HPOS="865.0"
                    VPOS="2166.0"
                    WIDTH="163.0"
                    HEIGHT="111.0">
            <Shape><Polygon POINTS="867 2246 867 2275 1026 2277 1028 2244 1023 2186 965 2186 961 2181 941 2166 939 2166 936 2166 934 2166 865 2177 867 2246"/></Shape>
            <String CONTENT="¶¶.ij."
                    HPOS="865.0"
                    VPOS="2166.0"
                    WIDTH="163.0"
                    HEIGHT="111.0"
                    ></String>
          </TextLine>
        </TextBlock>
      </PrintSpace>
    </Page>
  </Layout>
</alto>
