<?xml version="1.0" encoding="UTF-8"?>
<alto xmlns:xsi="http://www.w3.org/2001/XMLSchema-instance"
      xmlns="http://www.loc.gov/standards/alto/ns-v4#"
      xsi:schemaLocation="http://www.loc.gov/standards/alto/ns-v4# http://www.loc.gov/standards/alto/v4/alto-4-2.xsd">
  <Description>
    <MeasurementUnit>pixel</MeasurementUnit>
    <sourceImageInformation>
      <fileName>2012894.png</fileName>
    </sourceImageInformation>
  </Description>
  <Tags>
    <OtherTag ID="BT10" LABEL="DropCapitalZone" DESCRIPTION="block type DropCapitalZone"/><OtherTag ID="BT11" LABEL="GraphicZone" DESCRIPTION="block type GraphicZone"/><OtherTag ID="BT12" LABEL="MainZone" DESCRIPTION="block type MainZone"/><OtherTag ID="BT13" LABEL="MarginTextZone" DESCRIPTION="block type MarginTextZone"/><OtherTag ID="BT15" LABEL="NumberingZone" DESCRIPTION="block type NumberingZone"/><OtherTag ID="BT17" LABEL="QuireMarksZone" DESCRIPTION="block type QuireMarksZone"/><OtherTag ID="BT18" LABEL="RunningTitleZone" DESCRIPTION="block type RunningTitleZone"/><OtherTag ID="BT22" LABEL="TitlePageZone" DESCRIPTION="block type TitlePageZone"/><OtherTag ID="BT3206" LABEL="MainZone-Head" DESCRIPTION="block type MainZone-Head"/><OtherTag ID="BT3207" LABEL="MainZone-P" DESCRIPTION="block type MainZone-P"/><OtherTag ID="BT3208" LABEL="MainZone-Continued" DESCRIPTION="block type MainZone-Continued"/><OtherTag ID="BT3209" LABEL="MarginTextZone-ManuscriptAddendum" DESCRIPTION="block type MarginTextZone-ManuscriptAddendum"/><OtherTag ID="BT3210" LABEL="MainZone-Entry" DESCRIPTION="block type MainZone-Entry"/>
    <OtherTag ID="LT7" LABEL="CustomLine" DESCRIPTION="line type CustomLine"/><OtherTag ID="LT8" LABEL="DefaultLine" DESCRIPTION="line type DefaultLine"/><OtherTag ID="LT9" LABEL="DropCapitalLine" DESCRIPTION="line type DropCapitalLine"/><OtherTag ID="LT10" LABEL="HeadingLine" DESCRIPTION="line type HeadingLine"/><OtherTag ID="LT62" LABEL="CustomLine : BiblicalText" DESCRIPTION="line type CustomLine : BiblicalText"/>
  </Tags>
  <Layout>
    <Page WIDTH="1807"
          HEIGHT="2677"
          PHYSICAL_IMG_NR="10"
          ID="eSc_dummypage_">
      <PrintSpace HPOS="0"
                  VPOS="0"
                  WIDTH="1807"
                  HEIGHT="2677">
        <TextBlock HPOS="977"
                   VPOS="159"
                   WIDTH="398"
                   HEIGHT="56"
                   ID="block_0"
                   TAGREFS="BT18">
          <Shape><Polygon POINTS="1375 159 1375 215 977 215 977 159"/></Shape>
          <TextLine ID="eSc_line_6ff39740"
                    TAGREFS="LT10"
                    BASELINE="986 197 1365 197" 
                    HPOS="986.0"
                    VPOS="156.0"
                    WIDTH="379.0"
                    HEIGHT="62.0">
            <Shape><Polygon POINTS="1353 163 1305 159 1298 159 1283 159 1268 159 1253 157 1238 157 1224 157 1206 162 1200 157 1194 157 1179 157 1176 156 1161 162 1131 156 1119 156 1107 156 1100 163 994 163 986 172 986 197 986 212 1212 209 1246 217 1252 217 1253 217 1258 217 1287 209 1296 217 1298 217 1299 217 1301 218 1365 218 1365 197 1365 168 1357 165"/></Shape>
            <String CONTENT="EPISTOLA."
                    HPOS="986.0"
                    VPOS="156.0"
                    WIDTH="379.0"
                    HEIGHT="62.0"
                    WC="0.999802602661981"></String>
          </TextLine>
        </TextBlock>
        <TextBlock HPOS="617"
                   VPOS="224"
                   WIDTH="1073"
                   HEIGHT="1926"
                   ID="block_2"
                   TAGREFS="BT3208">
          <Shape><Polygon POINTS="1690 224 1690 2150 617 2150 617 224"/></Shape>
          <TextLine ID="eSc_line_6f85fb37"
                    TAGREFS="LT8"
                    BASELINE="636 278 1679 278" 
                    HPOS="636.0"
                    VPOS="220.0"
                    WIDTH="1043.0"
                    HEIGHT="77.0">
            <Shape><Polygon POINTS="1662 230 1647 229 1632 227 1618 227 1603 226 1588 226 1573 224 1558 223 1543 223 1528 221 1514 220 1499 220 1463 220 1461 220 1460 220 1430 234 1393 234 1374 220 1372 220 1371 220 1345 220 1344 220 1342 220 1341 220 1323 233 1215 221 1213 221 1212 221 1188 234 1125 234 1099 220 1097 220 1096 220 1094 220 1093 220 1070 234 1012 234 991 223 990 223 989 223 987 223 963 233 938 220 936 220 874 220 865 220 864 220 862 220 822 233 777 221 770 221 764 221 752 232 663 224 661 224 660 224 643 230 636 237 636 278 636 291 1677 297 1679 278 1679 233 1668 230 1662 230"/></Shape>
            <String CONTENT="municati dicuntur, cum eadem Eccleſia¬"
                    HPOS="636.0"
                    VPOS="220.0"
                    WIDTH="1043.0"
                    HEIGHT="77.0"
                    WC="0.998754863803451"></String>
          </TextLine>
          <TextLine ID="eSc_line_0e404564"
                    TAGREFS="LT8"
                    BASELINE="633 343 1671 343" 
                    HPOS="633.0"
                    VPOS="294.0"
                    WIDTH="1038.0"
                    HEIGHT="77.0">
            <Shape><Polygon POINTS="633 343 633 358 679 367 681 367 682 367 709 359 739 370 740 370 742 371 864 371 864 370 865 370 901 359 929 370 931 370 932 370 1033 359 1194 359 1212 370 1213 370 1215 370 1216 371 1338 371 1338 370 1340 370 1341 370 1350 362 1360 370 1362 370 1363 370 1365 370 1409 368 1411 368 1429 359 1476 370 1478 371 1576 371 1576 370 1671 358 1671 343 1671 307 1488 298 1487 298 1485 298 1466 306 1450 294 1448 294 1447 294 1445 294 1289 306 1282 307 1234 307 1232 306 1219 294 1218 294 1216 294 1215 294 1213 294 1185 306 1183 307 1154 307 1152 306 1134 294 1133 294 1131 294 1061 294 1060 294 1058 294 1057 294 1044 306 1029 294 1027 294 1026 294 1024 294 1023 294 983 306 981 306 978 306 938 294 936 294 935 294 933 294 916 303 810 294 809 294 807 294 806 294 806 295 794 306 792 306 633 306 633 343"/></Shape>
            <String CONTENT="reconciliationẽ. Cùm igitur de hoc quæ¬"
                    HPOS="633.0"
                    VPOS="294.0"
                    WIDTH="1038.0"
                    HEIGHT="77.0"
                    WC="0.97279464108188"></String>
          </TextLine>
          <TextLine ID="eSc_line_331d89dd"
                    TAGREFS="LT8"
                    BASELINE="635 410 1673 413" 
                    HPOS="635.0"
                    VPOS="359.0"
                    WIDTH="1038.0"
                    HEIGHT="78.0">
            <Shape><Polygon POINTS="635 410 635 429 1139 425 1143 428 1148 432 1149 432 1151 432 1152 432 1232 428 1256 426 1259 428 1271 435 1273 435 1274 435 1276 437 1372 437 1372 435 1442 426 1448 426 1450 426 1466 435 1467 435 1469 437 1582 437 1582 435 1583 435 1603 428 1618 435 1619 435 1621 435 1671 425 1673 413 1671 361 1610 361 1609 361 1607 361 1579 373 1552 361 1551 361 1549 361 1548 361 1546 361 1545 361 1525 373 1467 373 1456 362 1454 362 1454 361 1453 361 1451 361 1342 361 1341 361 1340 361 1334 364 1314 374 1189 374 1179 365 1176 362 1174 362 1173 362 1125 359 1124 359 1122 359 1102 365 1082 373 997 373 990 367 981 359 980 359 978 359 977 359 975 359 944 367 926 371 899 368 838 359 837 359 713 368 675 361 673 361 672 361 670 361 660 370 657 371 635 371 635 410"/></Shape>
            <String CONTENT="rimus, vtrũ omniũ horũ capitũ ſingula ſic"
                    HPOS="635.0"
                    VPOS="359.0"
                    WIDTH="1038.0"
                    HEIGHT="78.0"
                    WC="0.982894788848029"></String>
          </TextLine>
          <TextLine ID="eSc_line_8ea247f2"
                    TAGREFS="LT8"
                    BASELINE="636 478 1677 481" 
                    HPOS="636.0"
                    VPOS="425.0"
                    WIDTH="1041.0"
                    HEIGHT="79.0">
            <Shape><Polygon POINTS="636 478 636 502 745 502 745 501 746 501 764 493 779 501 782 502 783 502 785 504 846 504 846 502 867 501 923 493 960 499 977 502 978 502 980 502 991 499 1011 495 1218 498 1464 502 1466 502 1543 496 1567 495 1572 496 1588 504 1589 504 1591 504 1676 495 1677 481 1673 426 1625 438 1612 428 1610 428 1609 428 1607 428 1606 428 1586 438 1540 426 1536 426 1534 426 1527 426 1493 434 1466 428 1460 426 1458 426 1457 426 1456 426 1454 426 1453 428 1438 440 1348 438 1331 429 1329 428 1328 428 1326 428 1325 428 1323 428 1323 429 1308 441 1174 441 1155 431 1145 425 1143 425 1142 425 1087 431 1055 434 1036 431 996 425 994 425 954 432 916 438 847 432 754 425 752 425 751 425 728 434 724 435 636 435 636 478"/></Shape>
            <String CONTENT="præcepta tradita ſint, vt his nihil addi"
                    HPOS="636.0"
                    VPOS="425.0"
                    WIDTH="1041.0"
                    HEIGHT="79.0"
                    WC="0.979267682135105"></String>
          </TextLine>
          <TextLine ID="eSc_line_f23c7a9f"
                    TAGREFS="LT8"
                    BASELINE="638 548 1674 553" 
                    HPOS="638.0"
                    VPOS="493.0"
                    WIDTH="1036.0"
                    HEIGHT="84.0">
            <Shape><Polygon POINTS="638 572 710 563 734 572 737 574 739 574 740 574 742 574 746 572 773 565 791 572 794 574 795 574 797 574 798 574 800 574 800 572 813 563 871 572 881 574 883 574 895 572 959 563 986 572 990 574 991 574 993 574 994 574 997 572 1014 565 1061 565 1082 572 1090 575 1091 575 1093 575 1119 572 1157 568 1188 572 1210 575 1212 575 1213 575 1215 575 1218 572 1225 566 1250 572 1268 575 1270 575 1296 572 1341 566 1444 566 1454 572 1464 577 1466 577 1467 577 1499 572 1533 566 1540 572 1546 577 1548 577 1549 577 1551 577 1552 577 1569 572 1588 566 1671 571 1674 553 1673 511 1592 496 1591 496 1473 510 1466 511 1377 511 1371 510 1316 498 1314 498 1313 498 1311 498 1301 507 1277 495 1276 495 1241 495 1240 495 1238 495 1212 508 1212 510 1140 510 1139 508 1122 495 1121 495 1119 495 1118 495 1116 495 1115 495 1094 508 1093 508 1091 508 1041 495 1039 495 1038 495 926 507 925 507 902 493 901 493 899 493 898 493 826 495 825 495 823 495 823 496 812 507 810 508 783 508 782 507 761 493 759 493 758 493 757 493 755 493 715 507 712 507 638 507 638 548"/></Shape>
            <String CONTENT="poſſit, reſpondeo, in quaque re quædam"
                    HPOS="638.0"
                    VPOS="493.0"
                    WIDTH="1036.0"
                    HEIGHT="84.0"
                    WC="0.993804873604524"></String>
          </TextLine>
          <TextLine ID="eSc_line_28703207"
                    TAGREFS="LT8"
                    BASELINE="635 614 1673 620" 
                    HPOS="633.0"
                    VPOS="560.0"
                    WIDTH="1040.0"
                    HEIGHT="85.0">
            <Shape><Polygon POINTS="635 614 633 626 676 639 678 639 679 640 733 640 733 639 734 639 757 629 846 639 847 639 849 639 884 629 898 639 898 640 899 640 901 640 902 640 950 632 960 640 962 640 963 640 965 642 1024 642 1024 640 1118 630 1152 639 1154 639 1155 639 1198 632 1212 642 1213 642 1215 642 1216 642 1265 633 1286 642 1287 642 1289 642 1290 642 1292 642 1310 632 1380 632 1412 643 1414 643 1415 643 1417 643 1442 633 1531 643 1533 645 1635 645 1635 643 1637 643 1671 632 1673 620 1671 565 1588 565 1586 565 1585 565 1583 565 1555 581 1525 566 1522 565 1521 565 1519 565 1518 565 1512 566 1482 574 1470 566 1467 565 1466 565 1464 565 1463 565 1461 565 1460 565 1457 566 1436 581 1411 574 1409 574 1408 574 1342 581 1319 569 1308 563 1307 563 1305 563 1304 563 1302 563 1295 569 1276 581 1160 581 1134 571 1110 562 1109 562 1107 562 1064 572 1032 581 905 581 898 574 881 560 880 560 878 560 843 560 841 560 840 560 807 575 801 578 797 575 779 565 777 565 776 565 696 560 694 560 693 560 635 577 635 614"/></Shape>
            <String CONTENT="eſſe οὐσιώδη, quædam verò συμβεβηκότα."
                    HPOS="633.0"
                    VPOS="560.0"
                    WIDTH="1040.0"
                    HEIGHT="85.0"
                    ></String>
          </TextLine>
          <TextLine ID="eSc_line_9e7b7b0e"
                    TAGREFS="LT8"
                    BASELINE="632 687 1670 687" 
                    HPOS="632.0"
                    VPOS="633.0"
                    WIDTH="1038.0"
                    HEIGHT="77.0">
            <Shape><Polygon POINTS="632 687 632 700 684 710 685 710 765 701 823 710 825 710 867 701 908 701 920 710 922 710 923 710 925 710 969 701 986 709 987 709 989 709 990 709 1020 701 1128 701 1145 709 1146 709 1148 709 1195 701 1225 710 1226 710 1228 710 1323 703 1427 710 1429 710 1494 701 1643 710 1644 710 1646 710 1670 700 1670 687 1670 648 1613 633 1612 633 1610 633 1609 633 1554 648 1548 649 1341 649 1335 643 1320 633 1319 633 1317 633 1316 633 1314 633 1284 643 1270 649 1207 649 1198 642 1188 633 1186 633 1185 633 1183 633 1113 640 1099 642 1096 640 1079 633 1078 633 1076 633 1047 640 1026 645 1018 639 1009 633 1008 633 1006 633 1005 633 1003 633 987 639 978 642 936 638 881 633 880 633 878 633 877 633 871 638 855 649 768 649 755 639 754 639 752 639 751 639 709 643 696 635 694 633 693 633 691 633 690 633 632 633 632 687"/></Shape>
            <String CONTENT="Sunt οὐσιώδη id eſt eſſentialia, quæ rei ip¬"
                    HPOS="632.0"
                    VPOS="633.0"
                    WIDTH="1038.0"
                    HEIGHT="77.0"
                    ></String>
          </TextLine>
          <TextLine ID="eSc_line_635aaca6"
                    TAGREFS="LT8"
                    BASELINE="630 752 1676 756" 
                    HPOS="629.0"
                    VPOS="703.0"
                    WIDTH="1047.0"
                    HEIGHT="76.0">
            <Shape><Polygon POINTS="630 752 629 765 1012 777 1014 777 1118 768 1155 776 1157 776 1158 776 1186 768 1244 776 1246 776 1415 771 1432 779 1433 779 1435 779 1674 768 1676 756 1676 716 1585 716 1583 715 1564 706 1563 706 1561 706 1453 713 1418 715 1387 712 1307 704 1305 704 1304 704 1284 712 1277 713 1229 710 1137 704 1136 704 1134 704 1116 709 1099 715 986 715 968 707 954 703 953 703 951 703 950 703 938 707 923 712 870 706 832 703 831 703 815 706 785 712 630 704 630 752"/></Shape>
            <String CONTENT="ſius vel tota natura ſunt, aut illius pars: ve"
                    HPOS="629.0"
                    VPOS="703.0"
                    WIDTH="1047.0"
                    HEIGHT="76.0"
                    WC="0.990975994130839"></String>
          </TextLine>
          <TextLine ID="eSc_line_ee3541a7"
                    TAGREFS="LT8"
                    BASELINE="630 820 1680 826" 
                    HPOS="629.0"
                    VPOS="770.0"
                    WIDTH="1051.0"
                    HEIGHT="83.0">
            <Shape><Polygon POINTS="629 837 658 849 660 849 661 849 703 840 752 849 754 849 755 849 774 840 840 840 880 840 893 850 895 850 896 850 898 850 1021 841 1041 850 1042 850 1044 850 1157 843 1183 852 1185 852 1186 852 1235 843 1238 843 1302 843 1305 843 1322 852 1323 852 1325 852 1377 844 1386 843 1390 844 1417 853 1418 853 1420 853 1679 846 1680 826 1677 782 1500 785 1485 779 1481 777 1479 777 1478 777 1469 779 1439 785 1421 779 1408 773 1406 773 1354 773 1353 773 1334 777 1307 783 1258 776 1249 776 1247 776 1246 776 1243 776 1218 783 1134 776 1133 776 1012 782 999 773 997 771 996 771 994 771 913 771 911 771 910 771 908 771 908 773 898 782 846 782 828 771 825 770 823 770 734 770 733 770 725 770 669 780 632 770 630 820 629 837"/></Shape>
            <String CONTENT="Iuti in hoc ipſo argumento, Si quis neget"
                    HPOS="629.0"
                    VPOS="770.0"
                    WIDTH="1051.0"
                    HEIGHT="83.0"
                    WC="0.970895396500099"></String>
          </TextLine>
          <TextLine ID="eSc_line_b554eb2f"
                    TAGREFS="LT8"
                    BASELINE="630 887 1674 893" 
                    HPOS="629.0"
                    VPOS="840.0"
                    WIDTH="1045.0"
                    HEIGHT="79.0">
            <Shape><Polygon POINTS="630 887 629 901 693 914 694 914 767 905 797 914 798 914 800 914 801 914 835 904 838 904 847 904 910 911 911 911 1020 907 1055 905 1058 907 1066 914 1067 914 1069 914 1152 917 1154 917 1155 917 1186 908 1195 907 1224 910 1279 914 1280 914 1282 914 1293 910 1298 908 1301 910 1311 917 1313 917 1314 917 1316 917 1363 911 1396 907 1409 911 1429 919 1430 919 1432 919 1490 913 1506 911 1511 913 1522 919 1524 919 1525 919 1673 914 1674 893 1674 856 1649 846 1647 846 1646 846 1644 846 1609 855 1607 855 1606 855 1580 846 1579 846 1577 846 1371 852 1271 853 1262 849 1250 844 1249 844 1247 844 1206 849 1158 853 1133 847 1115 843 1113 843 1112 843 1091 847 1061 853 892 853 809 841 798 841 797 841 789 841 719 850 630 840 630 887"/></Shape>
            <String CONTENT="in paſtorum aut eligendorum vocatione"
                    HPOS="629.0"
                    VPOS="840.0"
                    WIDTH="1045.0"
                    HEIGHT="79.0"
                    WC="0.987561058353733"></String>
          </TextLine>
          <TextLine ID="eSc_line_1cf1635f"
                    TAGREFS="LT8"
                    BASELINE="627 956 1674 959" 
                    HPOS="627.0"
                    VPOS="905.0"
                    WIDTH="1047.0"
                    HEIGHT="73.0">
            <Shape><Polygon POINTS="627 956 627 978 1673 978 1674 959 1673 917 1586 907 1585 907 1583 907 1563 916 1561 917 1502 917 1500 916 1482 907 1481 907 1403 907 1402 907 1400 907 1399 907 1389 914 1350 907 1348 907 1347 907 1329 914 1328 914 1283 907 1282 907 1280 907 1264 914 1259 916 1240 914 1173 907 1171 907 1055 913 1048 913 1030 905 1029 905 1027 905 991 913 981 914 936 913 804 905 803 905 627 910 627 956"/></Shape>
            <String CONTENT="Iegitima eorum vitam &amp; doctrinam exa¬"
                    HPOS="627.0"
                    VPOS="905.0"
                    WIDTH="1047.0"
                    HEIGHT="73.0"
                    WC="0.999061368607186"></String>
          </TextLine>
          <TextLine ID="eSc_line_21dfc130"
                    TAGREFS="LT8"
                    BASELINE="626 1021 1665 1029" 
                    HPOS="624.0"
                    VPOS="969.0"
                    WIDTH="1041.0"
                    HEIGHT="86.0">
            <Shape><Polygon POINTS="626 1021 624 1036 745 1048 746 1048 748 1048 767 1041 780 1049 782 1049 783 1049 785 1049 786 1049 806 1041 859 1051 861 1051 862 1051 887 1042 939 1051 941 1051 942 1051 944 1051 960 1041 1039 1041 1058 1052 1060 1052 1061 1052 1063 1052 1151 1045 1191 1052 1192 1052 1194 1052 1216 1044 1283 1052 1284 1052 1286 1052 1316 1044 1357 1054 1359 1054 1360 1054 1362 1054 1392 1044 1472 1055 1473 1055 1664 1044 1665 1029 1665 990 1618 975 1616 975 1564 975 1563 975 1561 975 1531 989 1530 989 1496 975 1494 975 1493 975 1463 981 1395 974 1393 974 1392 974 1359 986 1301 986 1280 974 1279 974 1277 974 1276 974 1238 984 1215 972 1213 972 1173 972 1171 972 1170 972 1140 986 1139 986 1137 986 1094 978 1093 978 1061 986 1060 986 1058 986 1042 971 1041 971 1039 971 994 971 993 971 991 971 990 971 968 984 966 986 855 986 853 984 835 969 834 969 832 969 831 969 829 969 786 983 626 983 626 1021"/></Shape>
            <String CONTENT="minandam, vel approbationem à populo"
                    HPOS="624.0"
                    VPOS="969.0"
                    WIDTH="1041.0"
                    HEIGHT="86.0"
                    WC="0.974332561364045"></String>
          </TextLine>
          <TextLine ID="eSc_line_e753153f"
                    TAGREFS="LT8"
                    BASELINE="626 1093 1673 1097" 
                    HPOS="626.0"
                    VPOS="1041.0"
                    WIDTH="1047.0"
                    HEIGHT="83.0">
            <Shape><Polygon POINTS="626 1093 626 1110 672 1109 675 1112 684 1118 684 1119 685 1119 687 1119 688 1119 745 1112 768 1109 777 1112 794 1118 795 1118 797 1118 798 1118 817 1112 829 1109 841 1112 864 1119 865 1119 867 1119 898 1113 984 1121 986 1121 987 1121 1014 1113 1021 1112 1039 1113 1093 1119 1094 1119 1096 1119 1110 1113 1121 1110 1267 1110 1283 1115 1293 1118 1295 1118 1296 1118 1298 1118 1307 1115 1314 1112 1317 1115 1325 1121 1325 1122 1326 1122 1328 1122 1329 1124 1494 1124 1494 1122 1522 1116 1543 1112 1572 1116 1607 1122 1609 1122 1671 1116 1673 1097 1673 1052 1661 1044 1659 1044 1658 1044 1656 1044 1609 1054 1604 1055 1603 1054 1591 1045 1591 1044 1589 1044 1588 1044 1586 1044 1585 1044 1545 1054 1543 1054 1508 1044 1506 1044 1505 1044 1503 1044 1502 1044 1487 1054 1484 1057 1329 1057 1320 1054 1277 1042 1276 1042 1274 1042 1273 1042 1250 1054 1249 1055 1189 1055 1188 1052 1176 1044 1176 1042 1174 1042 1173 1042 1116 1042 1115 1042 1113 1042 1112 1042 1112 1044 1100 1052 1099 1055 1079 1055 1078 1052 1066 1044 1066 1042 1064 1042 1063 1042 1015 1042 1014 1042 1012 1042 990 1052 987 1054 975 1052 898 1041 896 1041 895 1041 856 1052 853 1052 850 1052 795 1041 794 1041 792 1041 758 1052 755 1052 626 1052 626 1093"/></Shape>
            <String CONTENT="expectandam eſſe, ille ea negat, quæ ſunt"
                    HPOS="626.0"
                    VPOS="1041.0"
                    WIDTH="1047.0"
                    HEIGHT="83.0"
                    WC="0.98670692996281"></String>
          </TextLine>
          <TextLine ID="eSc_line_6ac05949"
                    TAGREFS="LT8"
                    BASELINE="626 1163 1674 1165" 
                    HPOS="624.0"
                    VPOS="1109.0"
                    WIDTH="1050.0"
                    HEIGHT="77.0">
            <Shape><Polygon POINTS="626 1163 624 1171 643 1182 645 1182 646 1182 774 1177 786 1185 788 1185 789 1185 791 1185 858 1176 877 1185 878 1185 880 1186 991 1186 991 1185 1085 1179 1148 1174 1290 1176 1301 1182 1308 1185 1310 1185 1311 1185 1356 1182 1414 1179 1420 1183 1423 1186 1424 1186 1426 1186 1427 1186 1458 1183 1543 1176 1671 1186 1674 1165 1673 1125 1601 1125 1598 1124 1560 1110 1558 1110 1557 1110 1555 1110 1554 1110 1539 1122 1539 1124 1537 1122 1512 1110 1511 1110 1509 1110 1454 1122 1442 1124 1429 1121 1372 1110 1371 1110 1369 1110 1341 1121 1331 1124 1320 1119 1296 1110 1295 1110 1234 1110 1232 1110 1231 1110 1229 1110 1216 1119 1206 1124 1119 1124 1109 1118 1094 1110 1093 1110 1091 1110 1090 1110 1072 1116 1058 1122 1047 1116 1032 1109 1030 1109 1029 1109 956 1115 923 1118 917 1115 905 1109 904 1109 902 1109 861 1115 809 1121 743 1113 733 1112 731 1112 730 1112 728 1112 713 1122 687 1112 682 1110 681 1110 679 1110 626 1110 626 1163"/></Shape>
            <String CONTENT="Electionis legitimæ οὐσιώδη. Si quis item"
                    HPOS="624.0"
                    VPOS="1109.0"
                    WIDTH="1050.0"
                    HEIGHT="77.0"
                    ></String>
          </TextLine>
          <TextLine ID="eSc_line_31cdb672"
                    TAGREFS="LT8"
                    BASELINE="627 1229 1676 1235" 
                    HPOS="626.0"
                    VPOS="1171.0"
                    WIDTH="1050.0"
                    HEIGHT="85.0">
            <Shape><Polygon POINTS="627 1229 626 1241 658 1252 660 1252 661 1252 806 1244 910 1253 911 1253 950 1246 1009 1253 1011 1253 1130 1246 1148 1246 1151 1246 1173 1255 1174 1255 1176 1255 1310 1247 1331 1247 1350 1249 1454 1256 1456 1256 1488 1249 1493 1249 1499 1249 1528 1256 1530 1256 1674 1250 1676 1235 1676 1189 1662 1179 1661 1179 1659 1179 1658 1179 1656 1179 1635 1189 1609 1177 1607 1177 1503 1177 1502 1177 1500 1177 1499 1177 1487 1188 1484 1191 1359 1191 1348 1185 1329 1176 1328 1176 1293 1176 1292 1176 1258 1183 1228 1189 1189 1182 1151 1174 1149 1174 1148 1174 1146 1174 1139 1180 1136 1183 1124 1180 1100 1174 1099 1174 1097 1174 1096 1174 1094 1174 1088 1180 1078 1188 1027 1179 1002 1174 1000 1174 999 1174 997 1174 993 1177 980 1188 809 1180 807 1180 743 1186 697 1173 696 1173 627 1171 627 1229"/></Shape>
            <String CONTENT="hoc examen non ab Eccleſia, non à pluri"
                    HPOS="626.0"
                    VPOS="1171.0"
                    WIDTH="1050.0"
                    HEIGHT="85.0"
                    WC="0.991247817873955"></String>
          </TextLine>
          <TextLine ID="eSc_line_8f455887"
                    TAGREFS="LT8"
                    BASELINE="626 1301 1676 1301" 
                    HPOS="626.0"
                    VPOS="1247.0"
                    WIDTH="1050.0"
                    HEIGHT="81.0">
            <Shape><Polygon POINTS="626 1301 626 1317 688 1326 690 1326 746 1319 771 1326 773 1326 774 1326 776 1326 777 1326 789 1319 975 1326 977 1328 1344 1328 1344 1326 1345 1326 1347 1326 1354 1320 1362 1326 1363 1326 1365 1326 1366 1328 1424 1328 1424 1326 1482 1319 1618 1326 1619 1326 1676 1317 1676 1301 1676 1262 1539 1262 1536 1261 1515 1249 1514 1249 1512 1249 1427 1256 1415 1247 1414 1247 1412 1247 1411 1247 1350 1259 1345 1259 1344 1259 1328 1247 1326 1247 1325 1247 1270 1247 1268 1247 1267 1247 1237 1258 1226 1261 1216 1258 1185 1247 1183 1247 1182 1247 1180 1247 1148 1258 1134 1262 928 1262 907 1255 880 1247 878 1247 877 1247 875 1247 853 1255 840 1259 834 1255 825 1247 823 1247 822 1247 820 1247 819 1247 797 1255 789 1256 788 1253 780 1247 779 1247 777 1247 727 1247 725 1247 724 1247 707 1253 691 1259 679 1253 667 1247 666 1247 664 1247 626 1252 626 1301"/></Shape>
            <String CONTENT="bus, ſed ab vno quopiam ſolo fieri &amp; me¬"
                    HPOS="626.0"
                    VPOS="1247.0"
                    WIDTH="1050.0"
                    HEIGHT="81.0"
                    WC="0.986704507470131"></String>
          </TextLine>
          <TextLine ID="eSc_line_2376db68"
                    TAGREFS="LT8"
                    BASELINE="626 1366 1668 1369" 
                    HPOS="626.0"
                    VPOS="1316.0"
                    WIDTH="1042.0"
                    HEIGHT="79.0">
            <Shape><Polygon POINTS="626 1366 626 1384 725 1384 727 1384 734 1392 736 1392 737 1392 739 1392 795 1384 804 1384 815 1384 880 1392 881 1393 996 1393 996 1392 997 1392 1012 1386 1018 1384 1058 1387 1154 1393 1155 1393 1157 1393 1179 1387 1186 1386 1191 1387 1203 1393 1204 1393 1206 1395 1286 1395 1286 1393 1287 1393 1289 1393 1296 1389 1301 1386 1326 1389 1365 1393 1366 1393 1387 1389 1403 1386 1420 1389 1436 1393 1438 1393 1439 1393 1441 1393 1453 1389 1466 1386 1665 1390 1668 1369 1668 1331 1635 1317 1634 1317 1598 1317 1597 1317 1595 1317 1594 1317 1579 1331 1521 1331 1464 1331 1464 1329 1433 1317 1432 1317 1430 1317 1429 1317 1427 1317 1412 1329 1378 1329 1365 1329 1342 1317 1341 1317 1246 1317 1244 1317 1243 1317 1218 1329 1216 1331 1148 1331 1146 1329 1119 1316 1118 1316 1116 1316 1115 1316 1091 1329 1027 1329 994 1329 994 1328 959 1316 957 1316 905 1316 904 1316 902 1316 901 1316 883 1328 881 1329 856 1329 855 1328 840 1316 838 1316 837 1316 788 1316 786 1316 785 1316 783 1316 783 1317 771 1328 770 1328 725 1317 724 1317 722 1317 721 1317 704 1328 700 1328 649 1320 648 1320 646 1320 626 1326 626 1366"/></Shape>
            <String CONTENT="ro vnius arbitratu ſtare debere doceat, is"
                    HPOS="626.0"
                    VPOS="1316.0"
                    WIDTH="1042.0"
                    HEIGHT="79.0"
                    WC="0.967757523059845"></String>
          </TextLine>
          <TextLine ID="eSc_line_05092066"
                    TAGREFS="LT8"
                    BASELINE="624 1432 1676 1439" 
                    HPOS="623.0"
                    VPOS="1380.0"
                    WIDTH="1053.0"
                    HEIGHT="75.0">
            <Shape><Polygon POINTS="624 1432 623 1448 1673 1455 1676 1439 1676 1393 1656 1386 1655 1386 1653 1386 1621 1393 1595 1399 1508 1399 1499 1392 1491 1386 1490 1386 1488 1386 1487 1386 1485 1386 1470 1392 1469 1392 1438 1384 1436 1384 1435 1384 1433 1384 1414 1392 1402 1396 1393 1392 1380 1384 1378 1384 1287 1384 1286 1384 1284 1384 1264 1392 1258 1393 1250 1390 1229 1383 1228 1383 1226 1383 1225 1383 1207 1390 1198 1395 1164 1390 1125 1386 1124 1386 1122 1386 1121 1386 1116 1390 1110 1396 1055 1396 1042 1390 1027 1384 1026 1384 1024 1384 991 1390 972 1393 965 1390 948 1381 947 1381 945 1381 889 1389 861 1393 850 1389 828 1380 826 1380 825 1380 823 1380 798 1389 789 1392 777 1389 739 1380 737 1380 736 1380 718 1389 712 1393 679 1393 673 1389 663 1380 661 1380 660 1380 658 1380 624 1387 624 1432"/></Shape>
            <String CONTENT="οὐσιώδη electionis tollit. Sed ſi quis hoc vel"
                    HPOS="623.0"
                    VPOS="1380.0"
                    WIDTH="1053.0"
                    HEIGHT="75.0"
                    ></String>
          </TextLine>
          <TextLine ID="eSc_line_153921a7"
                    TAGREFS="LT8"
                    BASELINE="626 1503 1671 1506" 
                    HPOS="624.0"
                    VPOS="1451.0"
                    WIDTH="1047.0"
                    HEIGHT="80.0">
            <Shape><Polygon POINTS="626 1503 624 1518 690 1528 691 1528 951 1521 1084 1528 1085 1528 1145 1521 1212 1530 1213 1530 1311 1522 1351 1530 1353 1531 1417 1531 1417 1530 1418 1530 1420 1530 1429 1522 1586 1530 1588 1530 1670 1521 1671 1506 1670 1463 1627 1453 1567 1453 1566 1453 1564 1453 1563 1453 1563 1454 1552 1461 1551 1464 1482 1464 1476 1461 1453 1453 1451 1453 1402 1453 1400 1453 1399 1453 1381 1461 1377 1464 1250 1464 1238 1460 1210 1453 1209 1453 1207 1453 1165 1460 1149 1463 1142 1460 1122 1451 1121 1451 1044 1451 1042 1451 1041 1451 1015 1460 1008 1463 916 1463 905 1458 878 1451 877 1451 875 1451 874 1451 846 1458 834 1461 812 1458 759 1451 758 1451 757 1451 734 1458 725 1461 715 1458 694 1451 693 1451 691 1451 626 1457 626 1503"/></Shape>
            <String CONTENT="illo loco, hoc vel illo tẽpore, hoc vel illo"
                    HPOS="624.0"
                    VPOS="1451.0"
                    WIDTH="1047.0"
                    HEIGHT="80.0"
                    WC="0.996212197674645"></String>
          </TextLine>
          <TextLine ID="eSc_line_b247520b"
                    TAGREFS="LT8"
                    BASELINE="624 1570 1668 1574" 
                    HPOS="623.0"
                    VPOS="1519.0"
                    WIDTH="1045.0"
                    HEIGHT="78.0">
            <Shape><Polygon POINTS="624 1570 623 1597 1667 1597 1668 1574 1668 1536 1637 1522 1635 1522 1634 1522 1595 1530 1586 1522 1585 1522 1583 1522 1519 1522 1518 1522 1516 1522 1515 1522 1502 1534 1500 1536 1417 1536 1414 1534 1381 1522 1380 1522 1378 1522 1377 1522 1375 1522 1357 1534 1356 1534 1341 1522 1340 1522 1338 1522 1337 1522 1335 1522 1313 1530 1304 1521 1302 1521 1301 1521 1299 1521 1235 1530 1197 1521 1195 1521 1194 1521 1192 1521 1191 1521 1191 1522 1180 1531 1155 1521 1154 1521 1051 1521 1049 1521 1048 1521 1047 1521 1032 1531 1030 1533 1027 1531 1000 1521 999 1521 997 1521 948 1531 944 1533 757 1533 754 1530 743 1521 743 1519 742 1519 740 1519 739 1519 737 1519 716 1530 712 1531 624 1530 624 1570"/></Shape>
            <String CONTENT="modo examẽ à plurib. fieri debere diſpu¬"
                    HPOS="623.0"
                    VPOS="1519.0"
                    WIDTH="1045.0"
                    HEIGHT="78.0"
                    WC="0.971144566933314"></String>
          </TextLine>
          <TextLine ID="eSc_line_906faa69"
                    TAGREFS="LT8"
                    BASELINE="627 1641 1671 1644" 
                    HPOS="626.0"
                    VPOS="1589.0"
                    WIDTH="1045.0"
                    HEIGHT="81.0">
            <Shape><Polygon POINTS="627 1641 626 1653 675 1667 676 1667 678 1667 743 1656 838 1667 840 1667 841 1667 884 1656 910 1656 923 1667 925 1667 926 1667 928 1667 929 1667 953 1656 1084 1656 1106 1665 1107 1665 1109 1665 1110 1665 1149 1656 1197 1656 1213 1668 1215 1668 1216 1668 1218 1668 1219 1668 1259 1658 1289 1668 1290 1668 1292 1670 1624 1670 1624 1668 1670 1656 1671 1644 1670 1606 1460 1606 1458 1604 1436 1591 1435 1591 1433 1591 1322 1591 1320 1591 1319 1591 1295 1603 1292 1606 1198 1606 1151 1604 1149 1603 1128 1589 1127 1589 1125 1589 1124 1589 1063 1600 1048 1589 1047 1589 1045 1589 1044 1589 1042 1589 1012 1597 969 1589 968 1589 966 1589 933 1603 931 1604 893 1604 890 1601 874 1589 873 1589 871 1589 813 1589 812 1589 810 1589 809 1589 794 1600 764 1591 762 1591 761 1591 682 1597 670 1589 669 1589 667 1589 666 1589 664 1589 627 1600 627 1641"/></Shape>
            <String CONTENT="tet, is περί συμβεβηκότων tantũ diſputat, ve¬"
                    HPOS="626.0"
                    VPOS="1589.0"
                    WIDTH="1045.0"
                    HEIGHT="81.0"
                    ></String>
          </TextLine>
          <TextLine ID="eSc_line_9ecdefe7"
                    TAGREFS="LT8"
                    BASELINE="626 1711 1673 1711" 
                    HPOS="626.0"
                    VPOS="1659.0"
                    WIDTH="1047.0"
                    HEIGHT="70.0">
            <Shape><Polygon POINTS="626 1711 626 1729 1673 1725 1673 1711 1673 1671 1589 1671 1588 1670 1567 1659 1566 1659 1564 1659 1500 1670 1491 1671 1426 1671 1423 1668 1415 1661 1414 1661 1412 1661 1411 1661 1372 1668 1362 1670 1354 1668 1328 1659 1326 1659 1191 1659 1189 1659 1160 1667 1143 1670 1079 1665 1009 1661 1008 1661 975 1665 954 1667 950 1664 942 1659 941 1659 939 1659 938 1659 936 1659 935 1659 928 1664 922 1668 914 1664 905 1659 904 1659 792 1659 791 1659 774 1662 743 1670 626 1662 626 1711"/></Shape>
            <String CONTENT="luti, exẽpli gratia vetus electio &amp; examen"
                    HPOS="626.0"
                    VPOS="1659.0"
                    WIDTH="1047.0"
                    HEIGHT="70.0"
                    WC="0.975256882434668"></String>
          </TextLine>
          <TextLine ID="eSc_line_ae3b0c62"
                    TAGREFS="LT8"
                    BASELINE="629 1780 1674 1780" 
                    HPOS="629.0"
                    VPOS="1725.0"
                    WIDTH="1045.0"
                    HEIGHT="79.0">
            <Shape><Polygon POINTS="629 1780 629 1804 731 1796 767 1804 773 1804 774 1804 780 1804 817 1796 886 1802 908 1804 910 1804 922 1802 948 1796 960 1802 966 1804 968 1804 969 1804 997 1801 1049 1796 1171 1799 1305 1804 1307 1804 1340 1798 1356 1796 1372 1798 1415 1804 1417 1804 1674 1795 1674 1780 1674 1740 1618 1740 1585 1725 1583 1725 1582 1725 1580 1725 1533 1738 1418 1738 1374 1725 1372 1725 1371 1725 1369 1725 1368 1725 1348 1740 1279 1740 1246 1726 1244 1726 1243 1726 1241 1726 1221 1738 1203 1726 1201 1726 1200 1726 1198 1726 1197 1726 1195 1726 1174 1740 1081 1740 1052 1725 1051 1725 1049 1725 1048 1725 1018 1738 960 1725 959 1725 957 1725 908 1738 875 1725 874 1725 873 1725 835 1732 819 1725 817 1725 681 1725 679 1725 678 1725 629 1738 629 1780"/></Shape>
            <String CONTENT="paſtorũ olim à tribus vicinioribus epiſco¬"
                    HPOS="629.0"
                    VPOS="1725.0"
                    WIDTH="1045.0"
                    HEIGHT="79.0"
                    WC="0.985905048522082"></String>
          </TextLine>
          <TextLine ID="eSc_line_0c9a58d2"
                    TAGREFS="LT8"
                    BASELINE="630 1850 1673 1850" 
                    HPOS="630.0"
                    VPOS="1796.0"
                    WIDTH="1043.0"
                    HEIGHT="79.0">
            <Shape><Polygon POINTS="630 1850 630 1873 715 1864 794 1872 809 1873 810 1873 817 1872 852 1864 865 1872 867 1873 868 1873 870 1873 871 1873 873 1873 874 1873 875 1872 884 1864 994 1864 1005 1870 1009 1873 1011 1873 1012 1873 1014 1873 1081 1872 1082 1872 1084 1872 1085 1869 1093 1864 1179 1869 1277 1873 1279 1873 1363 1867 1398 1864 1402 1866 1417 1873 1418 1873 1420 1875 1585 1875 1585 1873 1673 1863 1673 1850 1673 1809 1586 1809 1586 1808 1542 1796 1540 1796 1539 1796 1537 1796 1508 1808 1508 1809 1433 1809 1433 1808 1420 1798 1420 1796 1418 1796 1417 1796 1378 1796 1377 1796 1375 1796 1350 1808 1348 1808 1347 1808 1310 1796 1308 1796 1307 1796 1305 1796 1304 1796 1287 1808 1286 1809 1180 1809 1176 1808 1140 1796 1139 1796 1137 1796 1084 1806 1078 1808 1073 1806 1049 1799 1048 1799 1047 1799 1045 1799 1027 1806 1015 1796 1014 1796 1012 1796 1011 1796 1009 1796 978 1806 974 1808 966 1806 913 1796 862 1796 861 1796 859 1796 858 1796 843 1806 841 1808 834 1806 788 1796 739 1796 737 1796 736 1796 718 1806 716 1806 713 1806 667 1796 666 1796 664 1796 630 1805 630 1850"/></Shape>
            <String CONTENT="pis ſeu paſtoribus cõuocatis cũ presbyte¬"
                    HPOS="630.0"
                    VPOS="1796.0"
                    WIDTH="1043.0"
                    HEIGHT="79.0"
                    WC="0.978565496067668"></String>
          </TextLine>
          <TextLine ID="eSc_line_9d25e68e"
                    TAGREFS="LT8"
                    BASELINE="626 1914 1677 1917" 
                    HPOS="626.0"
                    VPOS="1860.0"
                    WIDTH="1051.0"
                    HEIGHT="80.0">
            <Shape><Polygon POINTS="626 1914 626 1928 935 1928 945 1928 1017 1937 1018 1937 1061 1928 1067 1928 1075 1928 1152 1939 1154 1940 1226 1940 1226 1939 1228 1939 1229 1939 1241 1931 1351 1939 1353 1939 1354 1939 1378 1930 1430 1939 1432 1940 1653 1940 1653 1939 1655 1939 1676 1928 1677 1917 1677 1875 1625 1862 1624 1862 1574 1869 1558 1863 1557 1863 1555 1863 1554 1863 1533 1873 1533 1875 1487 1875 1485 1873 1469 1862 1467 1862 1466 1862 1464 1862 1463 1862 1436 1870 1381 1862 1380 1862 1378 1862 1354 1873 1354 1875 1212 1875 1210 1873 1195 1863 1194 1863 1192 1863 1191 1863 1105 1869 1090 1860 1088 1860 1087 1860 1085 1860 1036 1867 1018 1860 1017 1860 1015 1860 1014 1860 990 1872 963 1860 962 1860 960 1860 881 1862 880 1862 878 1862 862 1872 859 1872 789 1860 788 1860 786 1860 754 1870 727 1862 725 1862 724 1862 722 1862 704 1870 673 1863 672 1863 670 1863 626 1870 626 1914"/></Shape>
            <String CONTENT="rio &amp; Eccleſia (cui dãdus erat Paſtor) fie¬"
                    HPOS="626.0"
                    VPOS="1860.0"
                    WIDTH="1051.0"
                    HEIGHT="80.0"
                    WC="0.970389028841799"></String>
          </TextLine>
          <TextLine ID="eSc_line_7c2cc321"
                    TAGREFS="LT8"
                    BASELINE="624 1983 1674 1983" 
                    HPOS="624.0"
                    VPOS="1928.0"
                    WIDTH="1050.0"
                    HEIGHT="78.0">
            <Shape><Polygon POINTS="624 1983 624 2000 1673 2006 1674 1983 1674 1940 1643 1928 1641 1928 1640 1928 1638 1928 1594 1940 1586 1943 1475 1943 1467 1939 1453 1931 1451 1931 1450 1931 1448 1931 1424 1939 1412 1942 1402 1937 1381 1930 1380 1930 1378 1930 1377 1930 1359 1937 1348 1942 1259 1936 1226 1934 1225 1934 1224 1934 1222 1934 1221 1936 1209 1943 1131 1943 1105 1934 1085 1928 1084 1928 1082 1928 1081 1928 1070 1933 1054 1943 928 1943 917 1934 916 1934 914 1934 913 1934 862 1940 841 1930 837 1928 835 1928 834 1928 810 1930 746 1936 734 1928 733 1928 731 1928 624 1928 624 1983"/></Shape>
            <String CONTENT="bat: itẽ in metropolitana tantũ vrbe, certo"
                    HPOS="624.0"
                    VPOS="1928.0"
                    WIDTH="1050.0"
                    HEIGHT="78.0"
                    WC="0.974713430139754"></String>
          </TextLine>
          <TextLine ID="eSc_line_7ac135ab"
                    TAGREFS="LT8"
                    BASELINE="630 2050 1676 2055" 
                    HPOS="629.0"
                    VPOS="1997.0"
                    WIDTH="1047.0"
                    HEIGHT="85.0">
            <Shape><Polygon POINTS="630 2050 629 2065 697 2079 699 2079 782 2070 933 2079 935 2079 936 2079 972 2068 1067 2080 1069 2080 1070 2080 1090 2073 1173 2080 1174 2080 1222 2071 1252 2079 1253 2079 1255 2079 1256 2079 1258 2079 1270 2070 1328 2080 1329 2080 1378 2071 1456 2082 1457 2082 1537 2071 1674 2071 1676 2055 1676 2015 1631 2000 1630 2000 1552 2000 1551 2000 1549 2000 1516 2013 1515 2015 1341 2015 1338 2012 1320 2004 1319 2004 1317 2004 1316 2004 1299 2012 1270 1998 1268 1998 1215 1998 1213 1998 1212 1998 1170 2012 1167 2012 1163 2012 1115 2001 1113 2001 1112 2001 1110 2001 1099 2010 1097 2013 1042 2013 1039 2010 1023 1998 1021 1998 1020 1998 978 1997 977 1997 975 1997 945 2010 944 2010 942 2010 901 1997 899 1997 898 1997 831 2009 822 2012 748 2012 743 2009 713 1997 712 1997 710 1997 630 2007 630 2050"/></Shape>
            <String CONTENT="tẽpore, nẽpe ieiunii publici tempore. De¬"
                    HPOS="629.0"
                    VPOS="1997.0"
                    WIDTH="1047.0"
                    HEIGHT="85.0"
                    WC="0.974183827638626"></String>
          </TextLine>
          <TextLine ID="eSc_line_e0b556b8"
                    TAGREFS="LT8"
                    BASELINE="632 2119 1671 2122" 
                    HPOS="632.0"
                    VPOS="2067.0"
                    WIDTH="1039.0"
                    HEIGHT="99.0">
            <Shape><Polygon POINTS="632 2119 632 2152 663 2146 687 2152 725 2163 727 2163 728 2163 730 2163 754 2152 759 2149 773 2152 800 2157 801 2157 803 2157 819 2152 825 2149 832 2152 852 2160 853 2160 855 2160 856 2160 881 2152 892 2147 899 2152 913 2157 914 2157 916 2157 953 2152 981 2146 1002 2150 1035 2159 1036 2159 1038 2159 1039 2159 1041 2159 1054 2150 1055 2149 1057 2150 1061 2154 1063 2154 1064 2154 1066 2154 1090 2150 1107 2147 1128 2150 1194 2160 1195 2160 1197 2160 1198 2160 1204 2154 1226 2165 1228 2165 1229 2165 1231 2165 1232 2165 1255 2152 1279 2165 1280 2165 1282 2166 1389 2166 1389 2165 1390 2165 1392 2165 1403 2157 1511 2165 1512 2165 1514 2165 1515 2165 1534 2149 1537 2147 1668 2147 1671 2122 1670 2076 1621 2070 1619 2070 1595 2074 1563 2082 1539 2074 1527 2070 1525 2070 1524 2070 1522 2070 1521 2070 1515 2074 1502 2083 1304 2083 1292 2071 1290 2071 1290 2070 1289 2070 1287 2070 1247 2070 1246 2070 1244 2070 1240 2071 1216 2083 1170 2083 1131 2070 1124 2068 1122 2068 1121 2068 1107 2070 1055 2080 1041 2070 1039 2068 1038 2068 1036 2068 1035 2068 1033 2068 1029 2070 1011 2076 953 2068 942 2068 941 2068 936 2068 887 2080 834 2068 832 2068 831 2068 829 2068 792 2080 783 2073 782 2073 780 2073 779 2073 727 2077 632 2067 632 2119"/></Shape>
            <String CONTENT="nique manuũ eleuatione (quæ χειροτονία"
                    HPOS="632.0"
                    VPOS="2067.0"
                    WIDTH="1039.0"
                    HEIGHT="99.0"
                    ></String>
          </TextLine>
        </TextBlock>
        <TextBlock HPOS="1533"
                   VPOS="2150"
                   WIDTH="149"
                   HEIGHT="73"
                   ID="block_1"
                   TAGREFS="BT17">
          <Shape><Polygon POINTS="1682 2150 1682 2223 1533 2223 1533 2150"/></Shape>
          <TextLine ID="eSc_line_6c47657f"
                    TAGREFS="LT8"
                    BASELINE="1536 2195 1664 2197" 
                    HPOS="1532"
                    VPOS="2152"
                    WIDTH="129"
                    HEIGHT="65">
            <Shape><Polygon POINTS="1534 2192 1532 2208 1657 2217 1661 2195 1657 2152 1552 2152 1534 2192"/></Shape>
            <String CONTENT="dice."
                    HPOS="1532"
                    VPOS="2152"
                    WIDTH="129"
                    HEIGHT="65"
                    WC="0.995475196838379"></String>
          </TextLine>
        </TextBlock>
      </PrintSpace>
    </Page>
  </Layout>
</alto>
