<?xml version="1.0" encoding="UTF-8"?>
<alto xmlns:xsi="http://www.w3.org/2001/XMLSchema-instance"
      xmlns="http://www.loc.gov/standards/alto/ns-v4#"
      xsi:schemaLocation="http://www.loc.gov/standards/alto/ns-v4# http://www.loc.gov/standards/alto/v4/alto-4-2.xsd">
  <Description>
    <MeasurementUnit>pixel</MeasurementUnit>
    <sourceImageInformation>
      <fileName>2012905.png</fileName>
    </sourceImageInformation>
  </Description>
  <Tags>
    <OtherTag ID="BT10" LABEL="DropCapitalZone" DESCRIPTION="block type DropCapitalZone"/><OtherTag ID="BT11" LABEL="GraphicZone" DESCRIPTION="block type GraphicZone"/><OtherTag ID="BT12" LABEL="MainZone" DESCRIPTION="block type MainZone"/><OtherTag ID="BT13" LABEL="MarginTextZone" DESCRIPTION="block type MarginTextZone"/><OtherTag ID="BT15" LABEL="NumberingZone" DESCRIPTION="block type NumberingZone"/><OtherTag ID="BT17" LABEL="QuireMarksZone" DESCRIPTION="block type QuireMarksZone"/><OtherTag ID="BT18" LABEL="RunningTitleZone" DESCRIPTION="block type RunningTitleZone"/><OtherTag ID="BT22" LABEL="TitlePageZone" DESCRIPTION="block type TitlePageZone"/><OtherTag ID="BT3206" LABEL="MainZone-Head" DESCRIPTION="block type MainZone-Head"/><OtherTag ID="BT3207" LABEL="MainZone-P" DESCRIPTION="block type MainZone-P"/><OtherTag ID="BT3208" LABEL="MainZone-Continued" DESCRIPTION="block type MainZone-Continued"/><OtherTag ID="BT3209" LABEL="MarginTextZone-ManuscriptAddendum" DESCRIPTION="block type MarginTextZone-ManuscriptAddendum"/><OtherTag ID="BT3210" LABEL="MainZone-Entry" DESCRIPTION="block type MainZone-Entry"/>
    <OtherTag ID="LT7" LABEL="CustomLine" DESCRIPTION="line type CustomLine"/><OtherTag ID="LT8" LABEL="DefaultLine" DESCRIPTION="line type DefaultLine"/><OtherTag ID="LT9" LABEL="DropCapitalLine" DESCRIPTION="line type DropCapitalLine"/><OtherTag ID="LT10" LABEL="HeadingLine" DESCRIPTION="line type HeadingLine"/><OtherTag ID="LT62" LABEL="CustomLine : BiblicalText" DESCRIPTION="line type CustomLine : BiblicalText"/>
  </Tags>
  <Layout>
    <Page WIDTH="1807"
          HEIGHT="2677"
          PHYSICAL_IMG_NR="21"
          ID="eSc_dummypage_">
      <PrintSpace HPOS="0"
                  VPOS="0"
                  WIDTH="1807"
                  HEIGHT="2677">
        <TextBlock HPOS="437.0"
                   VPOS="172.0"
                   WIDTH="432.0"
                   HEIGHT="60.0"
                   ID="block_2"
                   TAGREFS="BT18">
          <Shape><Polygon POINTS="869 172 869 232 437 232 437 172"/></Shape>
          <TextLine ID="eSc_line_d442fe16"
                    TAGREFS="LT10"
                    BASELINE="447 223 856 212" 
                    HPOS="446.0"
                    VPOS="172.0"
                    WIDTH="410.0"
                    HEIGHT="70.0">
            <Shape><Polygon POINTS="832 176 817 176 803 176 788 176 773 176 758 176 743 175 736 175 728 175 713 175 699 175 684 175 669 175 654 175 639 174 624 174 611 174 594 175 550 179 541 176 529 172 520 172 507 172 446 176 447 223 447 237 620 242 621 242 855 227 856 212 852 181 847 178"/></Shape>
            <String CONTENT="EPISTOLA."
                    HPOS="446.0"
                    VPOS="172.0"
                    WIDTH="410.0"
                    HEIGHT="70.0"
                    WC="0.999552143944634"></String>
          </TextLine>
        </TextBlock>
        <TextBlock HPOS="99"
                   VPOS="232"
                   WIDTH="1155"
                   HEIGHT="1878"
                   ID="block_0"
                   TAGREFS="BT3208">
          <Shape><Polygon POINTS="1234 232 1254 2087 136 2110 99 232"/></Shape>
          <TextLine ID="eSc_line_bd12f540"
                    TAGREFS="LT8"
                    BASELINE="141 307 1176 284" 
                    HPOS="139.0"
                    VPOS="223.0"
                    WIDTH="1037.0"
                    HEIGHT="105.0">
            <Shape><Polygon POINTS="1164 233 1149 224 1134 224 1119 224 1105 224 1099 223 1076 224 1003 237 987 240 981 239 953 227 951 227 950 227 948 227 910 239 868 229 867 229 865 229 864 229 807 243 797 245 786 243 722 232 721 232 719 232 679 246 673 248 663 246 626 242 624 242 623 242 597 248 587 252 538 252 535 251 504 237 502 237 501 237 499 237 466 252 461 254 452 252 401 242 400 242 398 242 365 255 362 257 267 258 264 257 237 243 236 243 205 243 203 243 202 243 139 260 141 307 141 328 310 328 312 328 316 327 336 318 380 325 398 327 400 327 422 324 477 315 511 321 526 324 527 324 529 324 530 324 535 321 548 312 593 312 642 318 655 319 657 319 658 319 663 318 681 310 700 316 709 319 710 319 712 319 713 319 715 319 715 318 718 316 727 309 846 313 867 313 868 313 877 312 922 304 953 310 968 313 969 313 971 313 980 310 996 303 1035 309 1051 310 1052 310 1176 304 1176 284 1174 240 1164 233"/></Shape>
            <String CONTENT="piiſque viris ſuaues eſſe velit. T.verò E."
                    HPOS="139.0"
                    VPOS="223.0"
                    WIDTH="1037.0"
                    HEIGHT="105.0"
                    WC="0.974228795184646"></String>
          </TextLine>
          <TextLine ID="eSc_line_7a77d05d"
                    TAGREFS="LT8"
                    BASELINE="133 380 774 358 1182 350" 
                    HPOS="130.0"
                    VPOS="295.0"
                    WIDTH="1052.0"
                    HEIGHT="103.0">
            <Shape><Polygon POINTS="133 380 133 398 282 391 290 395 294 398 295 398 297 398 298 398 361 397 362 397 374 392 386 388 416 391 455 394 456 394 458 394 475 388 487 385 501 388 527 392 529 392 687 380 739 377 745 379 765 385 767 385 768 385 884 374 925 380 926 380 969 371 974 370 978 370 1005 377 1006 377 1008 377 1009 377 1011 377 1020 370 1116 373 1118 373 1182 362 1182 350 1176 295 1017 309 997 300 996 300 994 300 993 300 991 300 991 301 980 312 922 313 874 307 873 307 700 319 687 310 685 310 684 310 682 310 623 322 606 312 605 312 603 312 602 312 596 312 477 315 475 315 474 315 461 324 388 318 386 318 385 318 383 318 382 318 364 330 278 333 130 325 133 380"/></Shape>
            <String CONTENT="Princeps Illuſtriſſ. cui eos animo demiſiſ¬"
                    HPOS="130.0"
                    VPOS="295.0"
                    WIDTH="1052.0"
                    HEIGHT="103.0"
                    ></String>
          </TextLine>
          <TextLine ID="eSc_line_ca06bc92"
                    TAGREFS="LT8"
                    BASELINE="136 447 767 428 1183 422" 
                    HPOS="133.0"
                    VPOS="367.0"
                    WIDTH="1050.0"
                    HEIGHT="105.0">
            <Shape><Polygon POINTS="136 447 138 472 157 465 284 468 287 468 288 468 290 468 330 458 400 465 403 465 404 465 407 465 465 456 612 459 627 459 629 459 633 459 670 450 700 458 706 458 707 458 718 456 780 446 815 446 825 453 825 455 826 455 828 455 829 455 840 453 887 443 905 449 907 449 908 449 972 441 996 449 1002 450 1003 450 1005 450 1020 449 1061 440 1073 446 1073 447 1075 447 1076 447 1078 447 1090 446 1142 438 1180 443 1183 422 1180 379 1112 373 1110 373 1076 380 1070 380 1054 367 1052 367 1051 367 1049 367 1048 367 1023 374 1005 367 1003 367 1002 367 959 368 957 368 956 368 941 379 913 374 911 374 910 374 892 382 883 386 873 382 847 373 846 373 844 373 843 373 813 383 798 388 774 383 718 374 716 374 715 374 713 374 713 376 703 385 697 392 654 392 630 386 599 377 597 377 596 377 536 379 535 379 533 379 523 388 516 392 478 388 423 382 422 382 420 382 419 382 410 389 404 394 392 389 383 386 382 386 380 386 379 386 377 386 374 389 361 401 212 403 181 392 172 389 171 389 169 389 133 392 136 447"/></Shape>
            <String CONTENT="ſimo ac lubentiſſimo dono, dicóque,"
                    HPOS="133.0"
                    VPOS="367.0"
                    WIDTH="1050.0"
                    HEIGHT="105.0"
                    ></String>
          </TextLine>
          <TextLine ID="eSc_line_f4a6bcd8"
                    TAGREFS="LT8"
                    BASELINE="127 517 889 492 1189 489" 
                    HPOS="124.0"
                    VPOS="432.0"
                    WIDTH="1065.0"
                    HEIGHT="107.0">
            <Shape><Polygon POINTS="127 517 127 535 224 539 226 539 227 539 246 532 254 527 394 524 413 526 468 532 469 532 471 532 486 523 490 522 507 523 571 529 572 529 652 519 672 516 675 517 690 524 691 524 693 524 749 516 817 522 819 522 883 511 916 519 917 519 919 519 1029 507 1066 514 1067 514 1069 514 1085 507 1152 511 1154 511 1155 511 1189 499 1189 489 1182 432 1154 446 1094 446 1073 437 1066 434 1064 434 1063 434 1027 435 1026 435 1024 435 1021 438 1006 449 932 444 931 444 862 452 843 446 837 444 835 444 834 444 792 447 693 458 682 452 670 446 669 446 667 446 624 447 623 447 621 447 612 455 605 461 532 459 492 458 490 458 489 458 481 461 468 465 449 462 407 455 406 455 334 456 333 456 313 466 295 458 294 458 292 458 237 459 236 459 234 459 221 468 175 461 174 461 172 461 124 474 127 517"/></Shape>
            <String CONTENT="ſi probabuntur, certè operæ meę rectè col¬"
                    HPOS="124.0"
                    VPOS="432.0"
                    WIDTH="1065.0"
                    HEIGHT="107.0"
                    ></String>
          </TextLine>
          <TextLine ID="eSc_line_4ff0bbb9"
                    TAGREFS="LT8"
                    BASELINE="138 584 1189 554" 
                    HPOS="135.0"
                    VPOS="507.0"
                    WIDTH="1054.0"
                    HEIGHT="93.0">
            <Shape><Polygon POINTS="138 584 138 600 914 587 1039 577 1082 582 1084 582 1085 582 1087 582 1100 574 1103 572 1188 571 1189 554 1186 514 1122 507 1121 507 1075 516 1047 507 1045 507 1044 507 1042 507 1020 517 999 508 997 508 996 508 994 508 974 519 972 520 870 522 819 513 817 513 748 524 733 517 731 517 730 517 623 519 621 519 602 529 556 520 554 520 553 520 551 520 533 530 419 524 417 524 416 524 379 535 348 526 346 526 345 526 292 538 290 538 284 538 151 532 150 532 148 532 147 532 135 538 138 584"/></Shape>
            <String CONTENT="locatæ fructum hunc maximum iam ero"
                    HPOS="135.0"
                    VPOS="507.0"
                    WIDTH="1054.0"
                    HEIGHT="93.0"
                    WC="0.985924897875105"></String>
          </TextLine>
          <TextLine ID="eSc_line_d7840e0c"
                    TAGREFS="LT8"
                    BASELINE="130 649 1192 623" 
                    HPOS="129.0"
                    VPOS="568.0"
                    WIDTH="1063.0"
                    HEIGHT="102.0">
            <Shape><Polygon POINTS="130 649 130 670 249 664 303 667 353 670 355 670 356 670 358 670 364 666 373 661 443 663 533 666 535 666 536 666 547 660 551 658 563 660 594 664 596 664 597 664 612 658 620 655 632 658 657 663 658 663 660 663 661 663 670 657 673 655 687 655 737 660 739 660 849 651 896 648 919 649 980 654 981 654 1023 646 1032 645 1039 645 1072 652 1073 652 1191 640 1192 623 1188 568 1115 571 1113 571 1112 571 1094 584 1024 574 1011 572 1009 572 1008 572 999 574 950 588 867 580 835 577 834 577 832 577 815 581 773 594 740 594 727 585 719 580 718 580 716 580 715 580 713 580 690 587 657 596 639 588 629 584 627 584 626 584 584 590 533 599 495 594 447 588 446 588 444 588 425 597 413 603 301 605 278 603 196 593 194 593 193 593 191 593 191 594 179 605 129 608 130 649"/></Shape>
            <String CONTENT="cõſecutus. Quamobrẽ autẽ hoc, quicquid"
                    HPOS="129.0"
                    VPOS="568.0"
                    WIDTH="1063.0"
                    HEIGHT="102.0"
                    WC="0.950168594354536"></String>
          </TextLine>
          <TextLine ID="eSc_line_c497ed6c"
                    TAGREFS="LT8"
                    BASELINE="135 721 971 696 1195 696" 
                    HPOS="132.0"
                    VPOS="639.0"
                    WIDTH="1063.0"
                    HEIGHT="103.0">
            <Shape><Polygon POINTS="135 742 292 742 324 737 362 731 380 736 394 739 395 739 397 739 398 739 400 739 406 734 413 730 429 733 447 737 449 737 560 728 612 725 632 727 684 730 685 730 742 722 768 718 856 718 1171 716 1173 716 1195 706 1195 696 1192 648 1174 639 1173 639 1171 639 1170 639 1133 651 1131 652 1099 652 983 652 954 643 953 643 951 643 950 643 948 643 932 655 910 648 908 648 907 648 905 648 878 655 773 648 771 648 770 648 768 648 749 661 715 649 713 649 712 649 710 649 709 649 688 663 670 652 669 652 667 652 554 654 480 669 477 669 471 669 368 666 367 666 252 675 236 676 234 676 224 667 224 666 223 666 221 666 188 664 187 664 185 664 132 678 135 721"/></Shape>
            <String CONTENT="eſt operæ meæ, T. E. dedicarẽ cùm variæ"
                    HPOS="132.0"
                    VPOS="639.0"
                    WIDTH="1063.0"
                    HEIGHT="103.0"
                    WC="0.98385578248559"></String>
          </TextLine>
          <TextLine ID="eSc_line_9d85ee71"
                    TAGREFS="LT8"
                    BASELINE="117 791 1194 759" 
                    HPOS="114.0"
                    VPOS="712.0"
                    WIDTH="1080.0"
                    HEIGHT="94.0">
            <Shape><Polygon POINTS="117 791 117 806 578 801 620 800 621 800 623 800 623 798 630 791 632 791 643 791 727 797 728 797 730 797 749 788 758 788 862 791 864 791 865 791 884 783 886 783 896 783 1038 788 1039 788 1096 777 1139 785 1140 785 1194 773 1194 759 1189 721 1107 721 1094 713 1093 713 1091 713 1090 713 1030 724 990 712 989 712 987 712 862 728 835 716 834 716 832 716 782 718 780 718 746 731 681 725 679 725 603 736 580 725 578 725 577 725 474 740 434 728 432 728 431 728 362 739 306 733 304 733 303 733 267 745 168 736 166 736 165 736 163 736 142 751 114 751 117 791"/></Shape>
            <String CONTENT="&amp; multæ ſunt, eęque graues cauſæ, tum"
                    HPOS="114.0"
                    VPOS="712.0"
                    WIDTH="1080.0"
                    HEIGHT="94.0"
                    ></String>
          </TextLine>
          <TextLine ID="eSc_line_9a18d45e"
                    TAGREFS="LT8"
                    BASELINE="121 859 1191 828" 
                    HPOS="118.0"
                    VPOS="774.0"
                    WIDTH="1073.0"
                    HEIGHT="107.0">
            <Shape><Polygon POINTS="121 881 251 881 251 880 285 875 325 870 333 874 340 877 342 877 343 877 392 871 426 868 438 870 459 874 461 874 462 874 472 870 478 867 510 868 577 871 578 871 618 864 641 861 669 862 728 867 730 867 783 859 801 856 807 858 825 864 826 864 828 864 935 861 936 861 938 861 948 853 951 852 968 852 1029 856 1030 856 1076 849 1088 847 1097 849 1137 855 1139 855 1191 844 1191 828 1188 785 1097 774 1096 774 1094 774 1093 774 1078 786 993 777 991 777 990 777 959 789 896 780 895 780 829 794 828 794 782 783 780 783 736 785 734 785 733 785 733 786 719 797 682 786 681 786 679 786 627 788 626 788 624 788 608 800 478 795 477 795 475 795 474 795 464 804 462 804 407 798 406 798 322 809 315 809 312 809 281 798 279 798 278 798 276 798 275 798 257 810 252 810 171 801 169 801 118 813 121 859"/></Shape>
            <String CONTENT="hoc imprimis, quòd cũ ſummo Dei Op¬"
                    HPOS="118.0"
                    VPOS="774.0"
                    WIDTH="1073.0"
                    HEIGHT="107.0"
                    WC="0.981768052320223"></String>
          </TextLine>
          <TextLine ID="eSc_line_3588d9bf"
                    TAGREFS="LT8"
                    BASELINE="126 929 1195 895" 
                    HPOS="123.0"
                    VPOS="843.0"
                    WIDTH="1072.0"
                    HEIGHT="105.0">
            <Shape><Polygon POINTS="126 929 126 945 263 948 264 948 514 933 566 931 569 932 585 938 587 938 588 938 730 933 774 925 777 925 782 925 868 929 870 929 908 920 917 919 948 919 1099 922 1100 922 1195 910 1195 895 1189 844 1041 852 1032 849 1012 843 1011 843 1009 843 1008 843 989 850 981 855 892 856 877 855 838 849 837 849 835 849 834 849 822 856 817 859 810 856 789 850 788 850 786 850 785 850 783 850 783 852 776 858 773 861 765 858 745 852 743 852 742 852 740 852 739 852 730 859 725 862 703 861 636 855 635 855 633 855 632 855 621 864 620 865 542 868 532 867 498 859 496 859 443 870 434 871 429 870 406 862 404 862 403 862 401 862 362 872 353 874 339 872 264 867 263 867 261 867 260 867 260 868 249 877 248 877 242 877 185 870 184 870 123 880 126 929"/></Shape>
            <String CONTENT="timi Maximi bene ficio, tuáque illa plus"
                    HPOS="123.0"
                    VPOS="843.0"
                    WIDTH="1072.0"
                    HEIGHT="105.0"
                    ></String>
          </TextLine>
          <TextLine ID="eSc_line_d0f5f39f"
                    TAGREFS="LT8"
                    BASELINE="130 997 682 977 1200 965" 
                    HPOS="127.0"
                    VPOS="910.0"
                    WIDTH="1073.0"
                    HEIGHT="105.0">
            <Shape><Polygon POINTS="130 997 130 1011 203 1015 205 1015 206 1015 227 1008 229 1008 230 1008 246 1015 248 1015 249 1015 373 1005 416 1012 417 1012 483 1003 532 1008 533 1008 535 1008 536 1008 551 999 646 1003 648 1003 649 1003 651 1003 663 994 664 994 667 994 745 1002 746 1002 803 990 804 990 806 990 843 999 844 999 846 999 847 999 849 999 864 989 972 986 999 993 1000 993 1002 993 1189 989 1191 989 1192 989 1192 987 1200 978 1200 965 1195 910 1151 910 1149 910 1148 910 1146 910 1146 911 1134 920 1081 913 1070 913 1069 913 1067 913 1063 914 1044 920 959 919 901 917 899 917 880 922 849 929 825 923 812 920 810 920 809 920 755 923 754 923 752 923 752 925 749 926 745 932 734 928 725 923 724 923 722 923 672 925 670 925 669 925 661 931 652 936 611 936 594 932 577 928 575 928 574 928 572 928 560 933 551 939 466 941 450 938 420 932 419 932 417 932 383 941 368 944 345 942 292 938 291 938 240 947 226 948 217 947 179 939 178 939 127 950 130 997"/></Shape>
            <String CONTENT="heroica virtute &amp; cõſtantia Zelandię &amp;"
                    HPOS="127.0"
                    VPOS="910.0"
                    WIDTH="1073.0"
                    HEIGHT="105.0"
                    ></String>
          </TextLine>
          <TextLine ID="eSc_line_097580a1"
                    TAGREFS="LT8"
                    BASELINE="129 1066 1201 1033" 
                    HPOS="126.0"
                    VPOS="981.0"
                    WIDTH="1075.0"
                    HEIGHT="104.0">
            <Shape><Polygon POINTS="129 1066 129 1085 226 1078 264 1084 272 1084 273 1084 275 1084 276 1084 276 1082 284 1076 517 1076 566 1076 566 1075 568 1075 571 1073 584 1067 609 1073 615 1073 617 1073 633 1072 715 1063 791 1067 803 1067 804 1067 813 1066 861 1058 898 1064 904 1064 905 1064 913 1063 957 1055 1201 1055 1201 1033 1198 989 1127 981 1125 981 1124 981 1122 981 1112 990 1112 991 1070 991 1069 991 1038 983 1036 983 1035 983 1033 983 994 994 991 994 986 994 908 986 907 986 905 986 873 997 870 997 794 991 792 991 791 991 789 991 779 1000 724 991 722 991 664 1003 660 1005 655 1005 623 994 621 994 620 994 563 996 562 996 511 1009 507 1009 496 1009 370 1002 368 1002 367 1002 339 1014 337 1014 273 1005 272 1005 270 1005 242 1014 175 1008 174 1008 172 1008 126 1020 129 1066"/></Shape>
            <String CONTENT="Hollandię, totiúſque illius tractus Eccle¬"
                    HPOS="126.0"
                    VPOS="981.0"
                    WIDTH="1075.0"
                    HEIGHT="104.0"
                    ></String>
          </TextLine>
          <TextLine ID="eSc_line_be689bd4"
                    TAGREFS="LT8"
                    BASELINE="145 1130 1203 1103" 
                    HPOS="142.0"
                    VPOS="1049.0"
                    WIDTH="1061.0"
                    HEIGHT="103.0">
            <Shape><Polygon POINTS="145 1130 145 1152 611 1140 612 1140 629 1133 699 1139 700 1139 768 1130 780 1137 782 1137 783 1137 785 1137 910 1125 1200 1127 1203 1103 1200 1064 1140 1049 1139 1049 1067 1052 1066 1052 1064 1052 1051 1064 1027 1052 1026 1052 1024 1052 991 1054 990 1054 960 1069 908 1055 907 1055 905 1055 847 1057 846 1057 844 1057 820 1073 791 1073 725 1075 709 1067 707 1067 706 1067 591 1076 519 1066 517 1066 516 1066 514 1066 489 1081 487 1082 365 1084 364 1084 346 1070 345 1070 343 1070 342 1070 264 1072 263 1072 232 1087 230 1087 184 1075 182 1075 181 1075 179 1075 178 1075 162 1088 162 1090 142 1090 145 1130"/></Shape>
            <String CONTENT="ſiæ Dei pace recreentur, nihil vel ad eas,"
                    HPOS="142.0"
                    VPOS="1049.0"
                    WIDTH="1061.0"
                    HEIGHT="103.0"
                    WC="0.982128041131156"></String>
          </TextLine>
          <TextLine ID="eSc_line_203265b5"
                    TAGREFS="LT8"
                    BASELINE="154 1200 856 1177 1206 1173" 
                    HPOS="151.0"
                    VPOS="1116.0"
                    WIDTH="1055.0"
                    HEIGHT="103.0">
            <Shape><Polygon POINTS="154 1200 154 1218 310 1219 312 1219 334 1215 353 1210 422 1212 461 1213 462 1213 493 1210 578 1203 612 1209 621 1209 623 1209 624 1209 629 1207 649 1201 672 1207 684 1209 685 1209 703 1206 745 1198 777 1204 788 1206 789 1206 791 1206 792 1206 794 1204 801 1198 831 1203 834 1203 835 1203 838 1203 898 1194 1204 1194 1206 1173 1203 1128 1163 1116 1161 1116 1160 1116 1158 1116 1134 1125 1107 1121 1106 1121 1105 1121 1103 1121 1103 1122 1093 1131 1060 1121 1058 1121 1057 1121 1055 1121 1029 1131 1011 1124 1009 1124 1008 1124 1006 1124 1005 1124 1005 1125 996 1133 994 1134 989 1134 932 1124 931 1124 859 1136 841 1139 831 1137 789 1127 788 1127 740 1139 724 1142 684 1140 581 1133 580 1133 519 1142 400 1139 398 1139 397 1139 379 1146 359 1152 151 1151 154 1200"/></Shape>
            <String CONTENT="iam præclarè inſtituendas: vel quę erũt"
                    HPOS="151.0"
                    VPOS="1116.0"
                    WIDTH="1055.0"
                    HEIGHT="103.0"
                    ></String>
          </TextLine>
          <TextLine ID="eSc_line_7ae0c759"
                    TAGREFS="LT8"
                    BASELINE="129 1273 690 1250 1201 1238" 
                    HPOS="127.0"
                    VPOS="1188.0"
                    WIDTH="1074.0"
                    HEIGHT="101.0">
            <Shape><Polygon POINTS="129 1273 129 1289 1201 1258 1201 1238 1195 1188 1036 1201 978 1201 971 1195 962 1189 960 1189 959 1189 957 1189 956 1189 933 1197 922 1201 911 1198 892 1192 890 1192 889 1192 807 1194 806 1194 773 1204 755 1209 742 1204 719 1197 718 1197 716 1197 687 1198 685 1198 684 1198 672 1207 667 1212 655 1209 627 1200 626 1200 624 1200 623 1200 588 1210 575 1215 553 1212 493 1204 492 1204 490 1204 489 1204 472 1215 432 1216 368 1221 362 1219 331 1210 330 1210 328 1210 288 1218 217 1213 215 1213 214 1213 190 1225 127 1228 129 1273"/></Shape>
            <String CONTENT="cõſtitutæ retinendas hac diſputatione ap¬"
                    HPOS="127.0"
                    VPOS="1188.0"
                    WIDTH="1074.0"
                    HEIGHT="101.0"
                    WC="0.978418469429016"></String>
          </TextLine>
          <TextLine ID="eSc_line_2b4e551b"
                    TAGREFS="LT8"
                    BASELINE="138 1338 1203 1308" 
                    HPOS="135.0"
                    VPOS="1258.0"
                    WIDTH="1068.0"
                    HEIGHT="96.0">
            <Shape><Polygon POINTS="138 1338 138 1354 1201 1325 1203 1308 1200 1268 1045 1258 1044 1258 1042 1258 1041 1258 1024 1273 959 1274 871 1276 829 1264 828 1264 826 1264 825 1264 823 1264 807 1276 762 1268 684 1268 682 1268 681 1268 655 1277 508 1273 507 1273 505 1273 455 1287 452 1287 443 1287 319 1279 318 1279 316 1279 315 1279 315 1280 301 1292 294 1292 240 1292 203 1281 202 1281 200 1281 199 1281 175 1295 172 1296 135 1296 138 1338"/></Shape>
            <String CONTENT="tius atque vtilius, adeo etiam magis ne¬"
                    HPOS="135.0"
                    VPOS="1258.0"
                    WIDTH="1068.0"
                    HEIGHT="96.0"
                    WC="0.98625370413065"></String>
          </TextLine>
          <TextLine ID="eSc_line_371e7688"
                    TAGREFS="LT8"
                    BASELINE="135 1403 1201 1377" 
                    HPOS="133.0"
                    VPOS="1325.0"
                    WIDTH="1068.0"
                    HEIGHT="99.0">
            <Shape><Polygon POINTS="135 1403 135 1424 309 1424 310 1424 322 1421 346 1415 358 1421 362 1423 364 1423 365 1423 385 1420 426 1412 524 1417 554 1417 556 1417 566 1415 597 1408 633 1414 641 1414 642 1414 654 1412 709 1405 780 1409 813 1411 815 1411 816 1411 823 1408 846 1400 883 1406 902 1409 904 1409 959 1408 960 1408 968 1405 983 1397 1000 1403 1009 1406 1011 1406 1012 1406 1014 1406 1015 1406 1015 1405 1018 1403 1026 1396 1075 1402 1096 1403 1097 1403 1113 1400 1143 1395 1198 1397 1201 1377 1197 1335 1127 1338 1119 1337 1082 1325 1081 1325 1079 1325 1078 1325 1076 1325 1055 1338 1049 1341 1020 1339 977 1337 975 1337 951 1341 936 1344 931 1342 904 1329 902 1329 901 1329 798 1345 776 1350 704 1350 703 1348 688 1335 687 1335 685 1335 684 1335 590 1338 588 1338 569 1347 487 1339 486 1339 484 1339 432 1356 425 1359 365 1359 362 1357 336 1345 334 1345 333 1345 331 1345 330 1345 307 1359 306 1360 301 1359 251 1345 249 1345 248 1345 246 1345 193 1362 188 1365 133 1365 135 1403"/></Shape>
            <String CONTENT="ceſſarium eſſe exiſtimem. Quemadmo¬"
                    HPOS="133.0"
                    VPOS="1325.0"
                    WIDTH="1068.0"
                    HEIGHT="99.0"
                    WC="0.99237288236618"></String>
          </TextLine>
          <TextLine ID="eSc_line_287141bf"
                    TAGREFS="LT8"
                    BASELINE="147 1473 1206 1445" 
                    HPOS="144.0"
                    VPOS="1392.0"
                    WIDTH="1062.0"
                    HEIGHT="105.0">
            <Shape><Polygon POINTS="147 1487 200 1497 202 1497 310 1494 312 1494 334 1485 367 1491 368 1491 370 1491 388 1482 532 1488 533 1488 535 1488 536 1488 536 1487 538 1487 542 1481 572 1487 574 1487 639 1476 670 1484 672 1484 673 1484 755 1472 761 1472 771 1472 925 1478 926 1478 978 1466 984 1466 987 1466 1036 1475 1038 1475 1204 1460 1206 1445 1201 1395 1119 1403 1106 1397 1094 1392 1093 1392 1091 1392 1090 1392 1088 1392 1078 1397 1069 1403 1052 1399 1041 1396 1039 1396 1038 1396 1036 1396 1035 1396 1030 1400 1021 1406 991 1400 962 1396 960 1396 959 1396 939 1403 922 1409 910 1403 895 1397 893 1397 892 1397 812 1399 764 1403 762 1403 761 1403 761 1405 755 1409 752 1414 743 1409 730 1405 728 1405 727 1405 725 1405 700 1411 679 1403 678 1403 676 1403 675 1403 655 1412 611 1405 609 1405 608 1405 588 1414 554 1406 553 1406 551 1406 550 1406 533 1417 529 1420 520 1418 481 1408 480 1408 478 1408 477 1408 450 1417 379 1414 377 1414 376 1414 342 1424 340 1424 337 1424 315 1417 313 1417 312 1417 260 1427 254 1429 227 1429 224 1429 203 1415 202 1415 200 1415 199 1415 197 1415 196 1415 179 1430 144 1430 147 1473"/></Shape>
            <String CONTENT="dum enim Eccleſiaſticæ diſciplinę con¬"
                    HPOS="144.0"
                    VPOS="1392.0"
                    WIDTH="1062.0"
                    HEIGHT="105.0"
                    ></String>
          </TextLine>
          <TextLine ID="eSc_line_8f3ea51e"
                    TAGREFS="LT8"
                    BASELINE="144 1540 1206 1513" 
                    HPOS="142.0"
                    VPOS="1463.0"
                    WIDTH="1064.0"
                    HEIGHT="98.0">
            <Shape><Polygon POINTS="144 1540 144 1561 425 1561 425 1560 426 1560 437 1554 446 1549 469 1554 495 1558 496 1558 530 1552 557 1548 582 1551 614 1555 615 1555 617 1555 618 1555 624 1551 632 1545 652 1549 672 1554 673 1554 700 1549 736 1542 779 1546 789 1548 791 1548 792 1548 794 1548 794 1546 795 1546 800 1540 828 1546 847 1549 849 1549 850 1549 858 1545 868 1540 881 1545 892 1548 893 1548 895 1548 913 1545 942 1537 996 1542 1026 1545 1027 1545 1029 1545 1038 1542 1055 1534 1079 1540 1081 1540 1082 1540 1085 1540 1148 1531 1203 1537 1206 1513 1203 1473 1152 1463 1151 1463 1149 1463 1148 1463 1131 1475 1130 1476 1079 1478 1030 1478 1018 1478 1005 1467 1003 1467 1002 1467 1000 1467 939 1479 936 1479 935 1479 875 1470 874 1470 713 1481 678 1475 676 1475 612 1488 606 1488 602 1488 553 1478 551 1478 550 1478 523 1490 522 1491 376 1494 370 1494 316 1484 315 1484 142 1499 144 1540"/></Shape>
            <String CONTENT="temptus, atque prętermiſſio magnas in"
                    HPOS="142.0"
                    VPOS="1463.0"
                    WIDTH="1064.0"
                    HEIGHT="98.0"
                    ></String>
          </TextLine>
          <TextLine ID="eSc_line_84dba642"
                    TAGREFS="LT8"
                    BASELINE="136 1616 459 1601 1212 1582" 
                    HPOS="135.0"
                    VPOS="1531.0"
                    WIDTH="1077.0"
                    HEIGHT="101.0">
            <Shape><Polygon POINTS="136 1616 136 1632 1212 1600 1212 1582 1207 1531 997 1545 981 1539 972 1536 971 1536 969 1536 968 1536 959 1540 942 1546 916 1542 895 1537 893 1537 841 1543 786 1551 767 1546 745 1542 743 1542 712 1548 687 1554 669 1551 643 1545 642 1545 641 1545 624 1552 614 1555 606 1552 588 1546 587 1546 585 1546 584 1546 582 1546 572 1554 566 1557 542 1555 490 1549 489 1549 487 1549 486 1549 477 1557 472 1560 461 1558 431 1552 429 1552 389 1560 376 1563 365 1561 331 1554 330 1554 328 1554 327 1554 313 1563 310 1564 306 1563 279 1557 278 1557 276 1557 275 1557 273 1557 264 1564 261 1566 251 1566 179 1558 178 1558 176 1558 175 1558 175 1560 165 1569 163 1570 135 1570 136 1616"/></Shape>
            <String CONTENT="Eccleſiam ruinas ſemper induxit:ita dili¬"
                    HPOS="135.0"
                    VPOS="1531.0"
                    WIDTH="1077.0"
                    HEIGHT="101.0"
                    WC="0.99223576522455"></String>
          </TextLine>
          <TextLine ID="eSc_line_10830598"
                    TAGREFS="LT8"
                    BASELINE="145 1679 1216 1652" 
                    HPOS="142.0"
                    VPOS="1597.0"
                    WIDTH="1074.0"
                    HEIGHT="102.0">
            <Shape><Polygon POINTS="145 1679 145 1698 382 1699 383 1699 420 1690 429 1689 435 1690 450 1696 452 1696 453 1696 486 1689 502 1686 530 1687 581 1692 582 1692 749 1682 810 1679 819 1680 856 1687 858 1687 950 1685 951 1685 975 1676 980 1674 984 1676 1006 1682 1008 1682 1009 1682 1011 1682 1032 1674 1038 1673 1049 1674 1094 1679 1096 1679 1215 1668 1216 1652 1213 1607 1151 1597 1149 1597 1023 1609 1008 1600 1006 1600 1005 1600 1003 1600 948 1610 931 1603 929 1603 928 1603 803 1604 718 1619 685 1607 684 1607 682 1607 681 1607 655 1621 523 1612 522 1612 444 1615 443 1615 441 1615 441 1616 429 1627 340 1616 339 1616 337 1616 307 1631 142 1634 145 1679"/></Shape>
            <String CONTENT="gens illius obſeruatio &amp; ad Apoſtolicam"
                    HPOS="142.0"
                    VPOS="1597.0"
                    WIDTH="1074.0"
                    HEIGHT="102.0"
                    WC="0.985699944007091"></String>
          </TextLine>
          <TextLine ID="eSc_line_527acc1e"
                    TAGREFS="LT8"
                    BASELINE="141 1743 218 1747 1221 1720" 
                    HPOS="139.0"
                    VPOS="1671.0"
                    WIDTH="1082.0"
                    HEIGHT="100.0">
            <Shape><Polygon POINTS="141 1743 141 1763 209 1771 211 1771 276 1762 288 1769 290 1769 291 1769 292 1769 294 1769 321 1760 468 1765 469 1765 471 1765 499 1756 593 1762 594 1762 820 1747 892 1753 893 1753 939 1744 1207 1744 1209 1744 1210 1744 1212 1744 1221 1737 1221 1720 1218 1680 1051 1671 1049 1671 1048 1671 1011 1683 890 1676 889 1676 820 1689 649 1692 608 1683 606 1683 535 1696 510 1687 508 1687 507 1687 403 1698 376 1690 374 1690 373 1690 325 1701 276 1696 275 1696 139 1707 141 1743"/></Shape>
            <String CONTENT="normam reuocatio non tantum cęleſtem"
                    HPOS="139.0"
                    VPOS="1671.0"
                    WIDTH="1082.0"
                    HEIGHT="100.0"
                    ></String>
          </TextLine>
          <TextLine ID="eSc_line_a11f50d9"
                    TAGREFS="LT8"
                    BASELINE="150 1817 1224 1787" 
                    HPOS="147.0"
                    VPOS="1734.0"
                    WIDTH="1077.0"
                    HEIGHT="107.0">
            <Shape><Polygon POINTS="150 1817 150 1838 252 1841 254 1841 318 1835 380 1829 394 1833 403 1836 404 1836 406 1836 407 1836 416 1832 429 1827 447 1832 461 1835 462 1835 464 1835 527 1830 638 1821 669 1827 682 1829 684 1829 685 1829 690 1826 703 1820 950 1820 953 1820 954 1820 956 1820 957 1820 966 1812 1000 1820 1006 1820 1008 1820 1009 1820 1011 1820 1030 1811 1107 1817 1113 1817 1115 1817 1118 1817 1170 1806 1221 1814 1224 1787 1221 1738 1180 1734 1179 1734 1177 1734 1176 1734 1176 1735 1171 1740 1164 1747 1125 1747 1115 1741 1106 1737 1105 1737 1103 1737 1072 1743 1041 1748 1026 1744 1008 1738 1006 1738 1005 1738 1003 1738 980 1745 963 1750 928 1747 873 1743 871 1743 870 1743 852 1750 843 1753 791 1751 727 1750 725 1750 703 1754 682 1759 669 1756 642 1748 641 1748 639 1748 638 1748 615 1757 608 1760 591 1759 544 1751 542 1751 541 1751 539 1751 524 1760 520 1763 514 1760 496 1753 495 1753 493 1753 431 1754 429 1754 428 1754 414 1765 411 1766 406 1765 379 1756 377 1756 376 1756 309 1766 258 1759 257 1759 255 1759 254 1759 239 1769 237 1771 234 1771 209 1763 208 1763 206 1763 147 1772 150 1817"/></Shape>
            <String CONTENT="ipſam doctrinam ſartam tectam purãque"
                    HPOS="147.0"
                    VPOS="1734.0"
                    WIDTH="1077.0"
                    HEIGHT="107.0"
                    WC="0.994548501152741"></String>
          </TextLine>
          <TextLine ID="eSc_line_8f4352b9"
                    TAGREFS="LT8"
                    BASELINE="150 1884 1228 1857" 
                    HPOS="148.0"
                    VPOS="1806.0"
                    WIDTH="1080.0"
                    HEIGHT="100.0">
            <Shape><Polygon POINTS="150 1884 150 1897 206 1906 208 1906 530 1897 565 1890 572 1888 578 1888 615 1896 617 1896 618 1896 635 1888 638 1887 657 1887 746 1893 748 1893 813 1884 832 1882 853 1884 925 1888 926 1888 928 1888 929 1888 936 1882 939 1878 1228 1875 1228 1857 1226 1815 1195 1806 1194 1806 1192 1806 1191 1806 1164 1815 1106 1808 1105 1808 1103 1808 1102 1808 1093 1815 1029 1806 1027 1806 1026 1806 1024 1806 1006 1818 993 1808 991 1808 990 1808 945 1808 944 1808 942 1808 922 1818 908 1809 907 1809 905 1809 904 1809 823 1811 822 1811 820 1811 807 1823 765 1812 764 1812 762 1812 690 1815 688 1815 642 1829 611 1823 609 1823 553 1830 511 1820 510 1820 508 1820 507 1820 461 1833 426 1827 425 1827 423 1827 403 1835 398 1835 252 1832 251 1832 212 1839 202 1830 200 1830 199 1830 197 1830 148 1841 150 1884"/></Shape>
            <String CONTENT="inter mortales conſeruauit, ſed etiam"
                    HPOS="148.0"
                    VPOS="1806.0"
                    WIDTH="1080.0"
                    HEIGHT="100.0"
                    WC="0.973271597076107"></String>
          </TextLine>
          <TextLine ID="eSc_line_c9766aad"
                    TAGREFS="LT8"
                    BASELINE="159 1954 1224 1922" 
                    HPOS="156.0"
                    VPOS="1873.0"
                    WIDTH="1068.0"
                    HEIGHT="103.0">
            <Shape><Polygon POINTS="159 1954 159 1970 303 1976 304 1976 306 1976 340 1966 350 1975 352 1975 353 1975 355 1975 410 1973 466 1963 502 1969 504 1969 505 1969 507 1969 519 1960 520 1958 524 1960 560 1969 562 1969 563 1969 641 1958 670 1964 672 1964 673 1964 675 1964 684 1957 768 1961 770 1961 771 1961 807 1952 862 1960 864 1960 865 1960 889 1948 899 1957 901 1957 902 1957 904 1957 968 1945 972 1945 977 1945 1060 1949 1061 1949 1063 1949 1064 1949 1073 1942 1119 1952 1121 1952 1224 1936 1224 1922 1221 1884 1170 1875 1168 1875 1124 1884 1069 1873 1067 1873 931 1878 929 1878 874 1893 864 1894 835 1893 682 1885 681 1885 679 1885 651 1899 645 1900 630 1899 577 1893 575 1893 533 1902 530 1902 514 1890 513 1890 511 1890 510 1890 508 1890 459 1903 458 1903 429 1893 428 1893 426 1893 425 1893 423 1893 408 1905 404 1908 397 1905 368 1894 367 1894 365 1894 364 1894 362 1894 349 1906 346 1909 336 1906 321 1903 319 1903 318 1903 156 1911 159 1954"/></Shape>
            <String CONTENT="mores ipſos hominũ nomen Chriſti pro¬"
                    HPOS="156.0"
                    VPOS="1873.0"
                    WIDTH="1068.0"
                    HEIGHT="103.0"
                    WC="0.978679076621407"></String>
          </TextLine>
          <TextLine ID="eSc_line_470fc127"
                    TAGREFS="LT8"
                    BASELINE="160 2022 1229 1994" 
                    HPOS="157.0"
                    VPOS="1940.0"
                    WIDTH="1072.0"
                    HEIGHT="104.0">
            <Shape><Polygon POINTS="160 2022 160 2036 270 2044 272 2044 492 2030 511 2037 513 2037 514 2037 516 2037 554 2028 599 2036 600 2036 602 2036 603 2036 615 2025 657 2034 658 2034 740 2024 771 2031 773 2031 774 2031 837 2019 936 2027 938 2027 939 2027 963 2015 1060 2013 1115 2022 1116 2022 1229 2007 1229 1994 1228 1955 1188 1940 1186 1940 1185 1940 1118 1949 1003 1945 1002 1945 1000 1945 968 1954 890 1948 889 1948 887 1948 831 1966 664 1969 612 1955 611 1955 609 1955 608 1955 606 1955 580 1972 520 1972 466 1960 465 1960 379 1973 349 1964 348 1964 346 1964 270 1979 215 1966 214 1966 212 1966 211 1966 157 1982 160 2022"/></Shape>
            <String CONTENT="ffitentium, ſi qua in parte ad vitia delabe¬"
                    HPOS="157.0"
                    VPOS="1940.0"
                    WIDTH="1072.0"
                    HEIGHT="104.0"
                    WC="0.985092427242886"></String>
          </TextLine>
          <TextLine ID="eSc_line_e40952e4"
                    TAGREFS="LT8"
                    BASELINE="165 2089 1229 2062" 
                    HPOS="162.0"
                    VPOS="2010.0"
                    WIDTH="1067.0"
                    HEIGHT="107.0">
            <Shape><Polygon POINTS="165 2089 165 2107 193 2107 194 2107 208 2117 209 2117 211 2117 212 2117 263 2107 304 2117 306 2117 307 2117 309 2117 350 2105 361 2102 416 2104 562 2108 563 2108 565 2108 591 2101 608 2096 620 2101 642 2108 643 2108 645 2110 696 2110 696 2108 861 2104 862 2104 875 2096 892 2088 989 2088 1002 2095 1012 2099 1014 2099 1015 2099 1017 2099 1029 2095 1051 2085 1069 2094 1070 2094 1072 2094 1073 2094 1075 2094 1110 2083 1137 2092 1139 2092 1140 2092 1142 2092 1176 2083 1228 2091 1229 2062 1225 2010 813 2031 791 2025 777 2021 776 2021 774 2021 718 2022 716 2022 703 2028 690 2034 669 2030 664 2028 663 2028 661 2028 660 2028 654 2030 633 2036 593 2031 538 2027 536 2027 535 2027 517 2034 508 2040 458 2040 450 2037 434 2030 432 2030 431 2030 429 2030 406 2038 395 2041 353 2040 270 2037 269 2037 236 2044 234 2044 232 2044 196 2036 194 2036 193 2036 191 2036 162 2046 165 2089"/></Shape>
            <String CONTENT="bantur ad meliorem frugem conuertit, &amp;"
                    HPOS="162.0"
                    VPOS="2010.0"
                    WIDTH="1067.0"
                    HEIGHT="107.0"
                    WC="0.966946504617992"></String>
          </TextLine>
        </TextBlock>
        <TextBlock HPOS="830.0"
                   VPOS="2095.0"
                   WIDTH="309.0"
                   HEIGHT="92.0"
                   ID="eSc_textblock_e410b06a"
                   TAGREFS="BT17">
          <Shape><Polygon POINTS="830 2095 830 2187 1133 2187 1139 2095"/></Shape>
          <TextLine ID="eSc_line_686c62d6"
                    TAGREFS="LT8"
                    BASELINE="878 2143 1097 2134" 
                    HPOS="872.0"
                    VPOS="2065.0"
                    WIDTH="223.0"
                    HEIGHT="118.0">
            <Shape><Polygon POINTS="925 2070 872 2081 876 2141 876 2183 1095 2172 1095 2132 1086 2065 1021 2081 968 2074 928 2070 925 2070"/></Shape>
            <String CONTENT="¶¶ iiii"
                    HPOS="872.0"
                    VPOS="2065.0"
                    WIDTH="223.0"
                    HEIGHT="118.0"
                    ></String>
          </TextLine>
        </TextBlock>
      </PrintSpace>
    </Page>
  </Layout>
</alto>
