<?xml version="1.0" encoding="UTF-8"?>
<alto xmlns:xsi="http://www.w3.org/2001/XMLSchema-instance"
      xmlns="http://www.loc.gov/standards/alto/ns-v4#"
      xsi:schemaLocation="http://www.loc.gov/standards/alto/ns-v4# http://www.loc.gov/standards/alto/v4/alto-4-2.xsd">
  <Description>
    <MeasurementUnit>pixel</MeasurementUnit>
    <sourceImageInformation>
      <fileName>2012886.png</fileName>
    </sourceImageInformation>
  </Description>
  <Tags>
    <OtherTag ID="BT10" LABEL="DropCapitalZone" DESCRIPTION="block type DropCapitalZone"/><OtherTag ID="BT11" LABEL="GraphicZone" DESCRIPTION="block type GraphicZone"/><OtherTag ID="BT12" LABEL="MainZone" DESCRIPTION="block type MainZone"/><OtherTag ID="BT13" LABEL="MarginTextZone" DESCRIPTION="block type MarginTextZone"/><OtherTag ID="BT15" LABEL="NumberingZone" DESCRIPTION="block type NumberingZone"/><OtherTag ID="BT17" LABEL="QuireMarksZone" DESCRIPTION="block type QuireMarksZone"/><OtherTag ID="BT18" LABEL="RunningTitleZone" DESCRIPTION="block type RunningTitleZone"/><OtherTag ID="BT22" LABEL="TitlePageZone" DESCRIPTION="block type TitlePageZone"/><OtherTag ID="BT3206" LABEL="MainZone-Head" DESCRIPTION="block type MainZone-Head"/><OtherTag ID="BT3207" LABEL="MainZone-P" DESCRIPTION="block type MainZone-P"/><OtherTag ID="BT3208" LABEL="MainZone-Continued" DESCRIPTION="block type MainZone-Continued"/><OtherTag ID="BT3209" LABEL="MarginTextZone-ManuscriptAddendum" DESCRIPTION="block type MarginTextZone-ManuscriptAddendum"/><OtherTag ID="BT3210" LABEL="MainZone-Entry" DESCRIPTION="block type MainZone-Entry"/>
    <OtherTag ID="LT7" LABEL="CustomLine" DESCRIPTION="line type CustomLine"/><OtherTag ID="LT8" LABEL="DefaultLine" DESCRIPTION="line type DefaultLine"/><OtherTag ID="LT9" LABEL="DropCapitalLine" DESCRIPTION="line type DropCapitalLine"/><OtherTag ID="LT10" LABEL="HeadingLine" DESCRIPTION="line type HeadingLine"/><OtherTag ID="LT62" LABEL="CustomLine : BiblicalText" DESCRIPTION="line type CustomLine : BiblicalText"/>
  </Tags>
  <Layout>
    <Page WIDTH="1807"
          HEIGHT="2677"
          PHYSICAL_IMG_NR="2"
          ID="eSc_dummypage_">
      <PrintSpace HPOS="0"
                  VPOS="0"
                  WIDTH="1807"
                  HEIGHT="2677">
        <TextBlock HPOS="591"
                   VPOS="673"
                   WIDTH="1084"
                   HEIGHT="1027"
                   ID="block_0"
                   TAGREFS="BT3207">
          <Shape><Polygon POINTS="1675 673 1675 1700 591 1700 591 673"/></Shape>
          <TextLine ID="eSc_line_4ecab266"
                    TAGREFS="LT8"
                    BASELINE="762 774 1481 756" 
                    HPOS="761.0"
                    VPOS="707.0"
                    WIDTH="720.0"
                    HEIGHT="88.0">
            <Shape><Polygon POINTS="1475 709 1393 710 1389 707 1384 707 1369 707 1354 707 1344 707 1299 713 1290 707 1280 707 1265 707 1250 707 1235 707 1224 707 1209 715 1191 707 1191 707 1176 707 1161 707 1160 707 1107 721 1103 722 1102 721 1087 707 1072 707 1057 707 1054 707 1030 724 1029 725 1020 724 989 719 987 719 948 727 938 730 922 730 920 728 904 712 904 710 902 710 901 710 899 710 831 712 829 712 828 712 828 713 810 731 810 733 765 733 761 745 762 774 762 794 815 795 816 795 817 795 819 795 819 794 820 794 820 792 825 788 852 792 880 795 881 795 883 795 884 795 884 794 886 794 889 791 893 783 941 779 977 788 996 792 997 792 999 792 1039 791 1041 791 1042 791 1051 785 1066 776 1094 783 1105 786 1106 786 1107 786 1109 786 1119 783 1140 774 1146 782 1151 785 1151 786 1152 786 1154 786 1155 786 1157 786 1167 780 1182 773 1210 780 1228 783 1229 783 1231 783 1232 783 1240 779 1249 773 1292 777 1359 783 1360 783 1408 773 1424 770 1479 770 1481 756 1476 710 1475 709"/></Shape>
            <String CONTENT="AD LECTOREM."
                    HPOS="761.0"
                    VPOS="707.0"
                    WIDTH="720.0"
                    HEIGHT="88.0"
                    ></String>
          </TextLine>
          <TextLine ID="eSc_line_2875f031"
                    TAGREFS="LT8"
                    BASELINE="681 896 1653 875" 
                    HPOS="679.0"
                    VPOS="823.0"
                    WIDTH="974.0"
                    HEIGHT="103.0">
            <Shape><Polygon POINTS="1497 825 1484 823 1479 823 1478 823 1476 823 1475 823 1458 837 1381 832 1380 832 1378 832 1337 847 1311 838 1310 838 1308 838 1307 838 1284 850 1264 837 1262 837 1261 837 1259 837 1258 837 1256 837 1256 838 1243 852 1201 853 1164 853 1154 853 1079 852 1039 834 1038 834 1036 834 1035 834 999 853 966 840 965 840 963 840 962 840 929 856 890 835 889 835 887 835 785 838 783 838 782 838 759 855 725 850 724 850 722 850 679 862 681 896 681 926 767 926 767 925 768 925 770 925 773 922 785 913 828 920 846 923 847 923 849 923 865 919 878 916 889 919 899 922 901 922 902 922 904 922 905 922 911 917 922 911 931 917 932 919 933 919 935 919 936 920 1052 920 1052 919 1054 919 1055 919 1055 917 1061 913 1067 907 1088 911 1113 917 1115 917 1116 917 1118 917 1118 916 1125 910 1131 904 1165 904 1182 908 1200 914 1201 914 1203 914 1204 914 1225 907 1238 902 1250 907 1265 911 1267 911 1268 911 1270 911 1292 905 1307 901 1326 904 1359 908 1360 908 1412 901 1424 899 1427 901 1448 910 1450 910 1451 911 1514 911 1514 910 1543 908 1545 908 1546 908 1546 907 1558 896 1558 895 1653 892 1653 875 1650 844 1597 837 1595 837 1542 844 1518 826 1512 826"/></Shape>
            <String CONTENT="Quod ſæpius, Lector optime, iuris Pontificij cano¬"
                    HPOS="679.0"
                    VPOS="823.0"
                    WIDTH="974.0"
                    HEIGHT="103.0"
                    ></String>
          </TextLine>
          <TextLine ID="eSc_line_64f17cb7"
                    TAGREFS="LT8"
                    BASELINE="617 960 1653 936" 
                    HPOS="615.0"
                    VPOS="896.0"
                    WIDTH="1038.0"
                    HEIGHT="88.0">
            <Shape><Polygon POINTS="617 960 617 974 679 984 681 984 773 972 841 978 843 978 844 978 846 978 856 969 890 969 947 968 948 968 957 977 959 977 960 977 962 978 1003 978 1003 977 1106 966 1115 974 1116 974 1118 974 1119 974 1198 972 1255 962 1265 960 1273 962 1320 969 1322 969 1652 953 1653 936 1649 896 1519 907 1453 902 1415 899 1414 899 1412 899 1403 904 1390 910 1334 905 1322 905 1320 905 1308 907 1261 914 1158 914 1154 911 1148 907 1146 907 1145 907 1143 907 1142 907 1140 907 1133 913 1125 916 1109 913 1085 908 1084 908 1052 914 1038 917 987 917 812 913 810 913 615 928 617 960"/></Shape>
            <String CONTENT="nes, &amp; Gratiani Decretum citauimus, ea ſolùm mente"
                    HPOS="615.0"
                    VPOS="896.0"
                    WIDTH="1038.0"
                    HEIGHT="88.0"
                    WC="0.97880306781507"></String>
          </TextLine>
          <TextLine ID="eSc_line_aa1e052a"
                    TAGREFS="LT8"
                    BASELINE="617 1015 1647 993" 
                    HPOS="615.0"
                    VPOS="957.0"
                    WIDTH="1032.0"
                    HEIGHT="84.0">
            <Shape><Polygon POINTS="617 1015 617 1041 758 1027 770 1035 771 1035 773 1035 774 1035 804 1029 874 1035 889 1036 890 1036 901 1035 960 1023 1015 1032 1026 1033 1027 1033 1049 1032 1164 1018 1194 1027 1197 1029 1198 1029 1200 1030 1234 1030 1234 1029 1235 1029 1237 1029 1238 1027 1252 1017 1311 1024 1313 1024 1314 1024 1316 1024 1331 1015 1448 1015 1482 1021 1494 1023 1496 1023 1524 1020 1618 1009 1644 1017 1647 993 1643 963 1447 965 1387 957 1386 957 1384 957 1383 957 1366 969 1328 969 1304 959 1302 959 1301 959 1299 959 1280 969 1185 965 1183 965 1182 965 1155 972 1109 963 1107 963 1106 963 1064 974 959 966 957 966 892 968 890 968 868 978 858 969 856 969 855 969 853 969 779 971 777 971 751 981 636 974 635 974 633 974 615 983 617 1015"/></Shape>
            <String CONTENT="fecimus, ut ex his tanquam ex quadam illius temporis"
                    HPOS="615.0"
                    VPOS="957.0"
                    WIDTH="1032.0"
                    HEIGHT="84.0"
                    ></String>
          </TextLine>
          <TextLine ID="eSc_line_c9e6b299"
                    TAGREFS="LT8"
                    BASELINE="615 1075 1653 1051" 
                    HPOS="614.0"
                    VPOS="1008.0"
                    WIDTH="1039.0"
                    HEIGHT="94.0">
            <Shape><Polygon POINTS="615 1075 615 1088 655 1102 657 1102 658 1102 743 1087 789 1100 791 1100 792 1100 794 1100 819 1090 870 1093 871 1093 939 1082 989 1091 990 1091 991 1091 993 1091 1006 1081 1131 1093 1133 1093 1197 1091 1198 1091 1264 1075 1328 1088 1329 1088 1420 1085 1421 1085 1423 1085 1439 1072 1479 1081 1481 1081 1482 1081 1484 1081 1497 1070 1586 1082 1588 1082 1589 1082 1653 1064 1653 1051 1650 1017 1561 1008 1560 1008 1558 1008 1557 1008 1557 1009 1545 1018 1545 1020 1450 1021 1447 1021 1433 1011 1432 1011 1430 1011 1392 1011 1390 1011 1389 1011 1353 1023 1351 1023 1329 1015 1328 1015 1326 1015 1325 1015 1292 1024 1290 1024 1289 1024 1264 1014 1262 1014 1261 1014 1259 1014 1258 1014 1240 1026 1235 1026 1182 1018 1180 1018 1136 1027 1131 1029 1130 1029 1109 1018 1107 1018 1106 1018 1002 1020 1000 1020 966 1032 965 1032 962 1032 896 1023 895 1023 816 1035 807 1036 803 1036 761 1026 759 1026 676 1027 614 1039 615 1075"/></Shape>
            <String CONTENT="hiſtoria, quæ veteris Diſciplinæ Eceleſiaſticæ veſtigia"
                    HPOS="614.0"
                    VPOS="1008.0"
                    WIDTH="1039.0"
                    HEIGHT="94.0"
                    ></String>
          </TextLine>
          <TextLine ID="eSc_line_c6469e24"
                    TAGREFS="LT8"
                    BASELINE="620 1136 1653 1113" 
                    HPOS="618.0"
                    VPOS="1069.0"
                    WIDTH="1035.0"
                    HEIGHT="89.0">
            <Shape><Polygon POINTS="620 1136 620 1149 673 1158 675 1158 676 1158 678 1158 690 1149 823 1155 825 1155 1121 1140 1168 1148 1170 1148 1243 1137 1261 1145 1262 1145 1264 1145 1381 1134 1432 1142 1433 1142 1435 1142 1456 1133 1564 1139 1566 1139 1653 1127 1653 1113 1649 1081 1576 1081 1552 1069 1551 1069 1549 1069 1487 1082 1453 1072 1451 1072 1450 1072 1448 1072 1418 1085 1400 1085 1369 1085 1366 1085 1252 1075 1250 1075 1249 1075 1222 1088 1221 1090 1133 1090 1115 1082 1113 1082 1112 1082 1110 1082 1093 1091 1091 1093 1023 1093 1021 1093 1014 1085 1012 1085 1011 1085 1009 1085 956 1091 942 1082 941 1082 939 1082 895 1082 893 1082 829 1084 828 1084 803 1097 801 1097 765 1085 764 1085 762 1085 701 1099 679 1088 678 1088 632 1088 630 1088 629 1088 627 1088 627 1090 618 1097 620 1136"/></Shape>
            <String CONTENT="tũc adhuc (&amp; ſi tamẽ corruptioribus iam Eccleſiæ tẽ¬"
                    HPOS="618.0"
                    VPOS="1069.0"
                    WIDTH="1035.0"
                    HEIGHT="89.0"
                    ></String>
          </TextLine>
          <TextLine ID="eSc_line_c28c95c6"
                    TAGREFS="LT8"
                    BASELINE="617 1194 1658 1170" 
                    HPOS="615.0"
                    VPOS="1127.0"
                    WIDTH="1043.0"
                    HEIGHT="91.0">
            <Shape><Polygon POINTS="617 1194 617 1218 684 1209 761 1215 782 1216 783 1216 825 1213 942 1201 1012 1201 1027 1206 1038 1210 1039 1210 1041 1210 1042 1210 1052 1206 1063 1201 1085 1204 1115 1209 1116 1209 1118 1209 1140 1203 1155 1198 1163 1201 1174 1207 1176 1207 1177 1207 1246 1206 1247 1206 1274 1198 1286 1194 1408 1194 1409 1194 1432 1201 1433 1201 1435 1201 1436 1201 1458 1192 1463 1191 1466 1192 1485 1200 1487 1200 1488 1200 1591 1198 1658 1185 1658 1170 1655 1136 1461 1127 1460 1127 1387 1140 1340 1133 1338 1133 1337 1133 1335 1133 1322 1143 1168 1146 1136 1146 1073 1136 1072 1136 1070 1136 1051 1143 954 1139 953 1139 893 1151 880 1142 878 1142 877 1142 875 1142 828 1149 813 1142 812 1142 810 1142 809 1142 773 1151 693 1145 691 1145 690 1145 688 1145 688 1146 676 1157 615 1158 617 1194"/></Shape>
            <String CONTENT="poribus ) reſtarent, intelligatur:non vt ex iſtis ſcripto¬"
                    HPOS="615.0"
                    VPOS="1127.0"
                    WIDTH="1043.0"
                    HEIGHT="91.0"
                    WC="0.981521581781322"></String>
          </TextLine>
          <TextLine ID="eSc_line_d614ca28"
                    TAGREFS="LT8"
                    BASELINE="620 1253 1658 1231" 
                    HPOS="618.0"
                    VPOS="1186.0"
                    WIDTH="1040.0"
                    HEIGHT="90.0">
            <Shape><Polygon POINTS="620 1253 620 1276 688 1265 733 1273 752 1276 754 1276 755 1276 757 1276 761 1273 774 1264 841 1270 881 1273 883 1273 884 1273 901 1268 926 1261 966 1265 977 1267 978 1267 987 1265 1012 1259 1020 1264 1021 1267 1023 1267 1024 1267 1026 1267 1027 1267 1036 1264 1048 1259 1058 1264 1069 1267 1070 1267 1072 1267 1073 1267 1093 1262 1110 1258 1118 1261 1128 1267 1130 1267 1131 1267 1133 1267 1134 1267 1143 1261 1151 1256 1200 1256 1212 1258 1238 1265 1240 1265 1241 1265 1656 1244 1658 1231 1652 1186 1625 1195 1616 1186 1615 1186 1613 1186 1612 1186 1600 1188 1560 1194 1543 1189 1537 1188 1536 1188 1534 1188 1533 1188 1531 1188 1530 1189 1514 1200 1424 1194 1389 1191 1387 1191 1386 1191 1384 1191 1384 1192 1381 1194 1372 1201 1353 1195 1341 1192 1340 1192 1338 1192 1337 1192 1335 1192 1335 1194 1332 1195 1323 1204 1170 1207 1152 1201 1137 1197 1136 1197 1134 1197 1133 1197 1116 1203 1102 1209 1090 1204 1076 1198 1075 1198 1073 1198 963 1200 962 1200 942 1209 938 1210 922 1209 859 1203 858 1203 856 1203 855 1203 843 1212 838 1215 755 1216 742 1215 688 1206 687 1206 618 1218 620 1253"/></Shape>
            <String CONTENT="ribus quicquam dubium &amp; anceps decidatur. Nam"
                    HPOS="618.0"
                    VPOS="1186.0"
                    WIDTH="1040.0"
                    HEIGHT="90.0"
                    WC="0.975831086105771"></String>
          </TextLine>
          <TextLine ID="eSc_line_85e77d27"
                    TAGREFS="LT8"
                    BASELINE="620 1311 1655 1287" 
                    HPOS="618.0"
                    VPOS="1246.0"
                    WIDTH="1037.0"
                    HEIGHT="86.0">
            <Shape><Polygon POINTS="620 1311 620 1328 755 1323 759 1325 770 1332 771 1332 773 1332 774 1332 776 1332 777 1332 791 1325 794 1322 858 1322 862 1323 889 1332 890 1332 892 1332 996 1323 1051 1329 1052 1329 1054 1329 1078 1317 1096 1317 1148 1314 1160 1316 1229 1325 1231 1325 1232 1325 1265 1313 1270 1311 1276 1313 1322 1323 1323 1323 1389 1322 1441 1320 1442 1320 1472 1308 1522 1319 1524 1319 1655 1302 1655 1287 1652 1259 1589 1246 1588 1246 1522 1261 1521 1261 1464 1249 1463 1249 1461 1249 1433 1256 1396 1252 1395 1252 1393 1252 1392 1252 1392 1253 1380 1264 1380 1265 1329 1265 1270 1265 1218 1255 1216 1255 1215 1255 1213 1255 1197 1268 1195 1268 1192 1268 1137 1259 1136 1259 1134 1259 1103 1270 1102 1270 1073 1258 1072 1258 1070 1258 1008 1271 1000 1273 994 1271 942 1261 941 1261 939 1261 902 1274 899 1274 893 1274 813 1264 812 1264 810 1264 762 1277 748 1277 675 1279 670 1279 627 1270 626 1270 624 1270 623 1270 623 1271 618 1274 620 1311"/></Shape>
            <String CONTENT="etiam ex hoc ipſo perſpicient omnes, quantùm poſte¬"
                    HPOS="618.0"
                    VPOS="1246.0"
                    WIDTH="1037.0"
                    HEIGHT="86.0"
                    ></String>
          </TextLine>
          <TextLine ID="eSc_line_3943f22c"
                    TAGREFS="LT8"
                    BASELINE="618 1371 1659 1348" 
                    HPOS="617.0"
                    VPOS="1304.0"
                    WIDTH="1042.0"
                    HEIGHT="92.0">
            <Shape><Polygon POINTS="618 1371 618 1389 658 1386 663 1389 675 1396 676 1396 678 1396 679 1396 681 1396 707 1387 718 1384 745 1387 785 1390 786 1390 828 1384 855 1381 865 1384 892 1392 893 1392 895 1392 963 1381 989 1378 1033 1380 1154 1386 1155 1386 1157 1386 1179 1377 1186 1374 1218 1375 1310 1383 1311 1383 1313 1383 1332 1375 1411 1380 1412 1380 1414 1380 1415 1380 1415 1378 1424 1371 1426 1369 1429 1371 1442 1377 1444 1377 1445 1377 1447 1377 1448 1377 1457 1371 1461 1368 1473 1369 1518 1378 1519 1378 1567 1377 1569 1377 1570 1377 1585 1368 1591 1365 1658 1365 1659 1348 1655 1304 1583 1314 1496 1307 1485 1307 1484 1307 1482 1307 1479 1307 1444 1317 1340 1311 1313 1310 1311 1310 1310 1310 1308 1310 1307 1311 1299 1317 1259 1313 1240 1311 1238 1311 1237 1311 1226 1314 1194 1322 1127 1316 1100 1314 1099 1314 1097 1314 1093 1317 1076 1325 908 1322 831 1320 829 1320 828 1320 820 1323 804 1331 748 1325 721 1323 719 1323 718 1323 707 1326 681 1334 617 1329 618 1371"/></Shape>
            <String CONTENT="riori ætate Romana Eceleſia etiã ab eo tantilloſ quod"
                    HPOS="617.0"
                    VPOS="1304.0"
                    WIDTH="1042.0"
                    HEIGHT="92.0"
                    WC="0.966687005979043"></String>
          </TextLine>
          <TextLine ID="eSc_line_53120feb"
                    TAGREFS="LT8"
                    BASELINE="620 1429 1656 1409" 
                    HPOS="618.0"
                    VPOS="1363.0"
                    WIDTH="1038.0"
                    HEIGHT="92.0">
            <Shape><Polygon POINTS="620 1429 620 1455 685 1448 693 1454 694 1455 696 1455 697 1455 699 1455 700 1455 704 1454 728 1441 777 1441 835 1450 856 1453 858 1453 859 1453 874 1448 907 1438 1017 1436 1042 1444 1057 1448 1058 1448 1060 1448 1061 1448 1082 1442 1110 1435 1176 1439 1252 1445 1253 1445 1369 1436 1451 1441 1453 1441 1514 1429 1518 1429 1522 1429 1574 1439 1576 1439 1577 1439 1604 1427 1607 1426 1655 1426 1656 1409 1655 1375 1627 1363 1625 1363 1624 1363 1622 1363 1595 1374 1580 1365 1579 1365 1577 1365 1576 1365 1574 1365 1573 1365 1573 1366 1563 1377 1493 1377 1427 1366 1426 1366 1424 1366 1423 1366 1406 1378 1335 1368 1334 1368 1232 1381 1024 1374 1023 1374 1021 1374 977 1386 859 1377 858 1377 794 1378 792 1378 791 1378 774 1390 715 1383 713 1383 712 1383 710 1383 694 1393 618 1393 620 1429"/></Shape>
            <String CONTENT="veteris diſciplinæ reliquum erat) diſceſſerit: &amp; in"
                    HPOS="618.0"
                    VPOS="1363.0"
                    WIDTH="1038.0"
                    HEIGHT="92.0"
                    WC="0.978354187572704"></String>
          </TextLine>
          <TextLine ID="eSc_line_4f43627d"
                    TAGREFS="LT8"
                    BASELINE="618 1488 1652 1466" 
                    HPOS="617.0"
                    VPOS="1424.0"
                    WIDTH="1035.0"
                    HEIGHT="88.0">
            <Shape><Polygon POINTS="618 1488 618 1512 713 1511 715 1511 716 1511 716 1509 730 1502 795 1508 820 1509 822 1509 823 1509 829 1506 846 1497 962 1496 1072 1499 1161 1502 1163 1502 1164 1502 1176 1496 1180 1494 1194 1496 1235 1500 1237 1500 1238 1500 1258 1493 1270 1490 1302 1493 1368 1497 1369 1497 1418 1488 1432 1487 1441 1488 1479 1494 1481 1494 1482 1494 1506 1485 1514 1484 1527 1485 1579 1493 1580 1493 1652 1481 1652 1466 1649 1430 1594 1424 1592 1424 1591 1424 1589 1424 1580 1432 1573 1435 1534 1432 1478 1429 1476 1429 1426 1435 1412 1436 1406 1436 1372 1429 1371 1429 1322 1438 1302 1441 1258 1439 1183 1436 1182 1436 1180 1436 1168 1441 1163 1444 1131 1442 1027 1436 1026 1436 1024 1436 1005 1445 1002 1447 989 1445 920 1439 919 1439 917 1439 890 1448 884 1450 875 1448 831 1441 829 1441 759 1448 688 1444 687 1444 617 1454 618 1488"/></Shape>
            <String CONTENT="quam miſeram horribilémque tyrannidem &amp; confu¬"
                    HPOS="617.0"
                    VPOS="1424.0"
                    WIDTH="1035.0"
                    HEIGHT="88.0"
                    WC="0.982443276872026"></String>
          </TextLine>
          <TextLine ID="eSc_line_37455457"
                    TAGREFS="LT8"
                    BASELINE="615 1548 1653 1524" 
                    HPOS="614.0"
                    VPOS="1482.0"
                    WIDTH="1039.0"
                    HEIGHT="89.0">
            <Shape><Polygon POINTS="615 1548 615 1571 752 1560 779 1567 780 1567 782 1569 849 1569 849 1567 850 1567 852 1567 855 1566 867 1558 910 1564 931 1566 932 1566 933 1566 939 1563 954 1554 1151 1552 1170 1555 1192 1560 1194 1560 1195 1560 1206 1555 1212 1552 1241 1554 1305 1557 1307 1557 1308 1557 1320 1551 1331 1546 1353 1551 1384 1555 1386 1555 1387 1555 1389 1555 1389 1554 1395 1549 1399 1545 1420 1548 1457 1554 1458 1554 1652 1540 1653 1524 1649 1488 1542 1494 1525 1491 1485 1482 1484 1482 1482 1482 1481 1482 1466 1493 1460 1497 1366 1499 1345 1496 1286 1487 1284 1487 1283 1487 1262 1499 1253 1503 1194 1505 1145 1505 1140 1502 1116 1491 1115 1491 1113 1491 1038 1493 1036 1493 1017 1503 945 1494 944 1494 895 1496 893 1496 892 1496 871 1509 868 1511 855 1509 800 1503 798 1503 797 1503 780 1512 779 1512 777 1512 746 1499 745 1499 743 1499 676 1509 649 1502 648 1502 646 1502 645 1502 614 1513 615 1548"/></Shape>
            <String CONTENT="ſionem iam, iuſto Dei iudicio, inciderit, vt ab ea nos"
                    HPOS="614.0"
                    VPOS="1482.0"
                    WIDTH="1039.0"
                    HEIGHT="89.0"
                    WC="0.970280960754112"></String>
          </TextLine>
          <TextLine ID="eSc_line_9b5371a4"
                    TAGREFS="LT8"
                    BASELINE="617 1607 1652 1586" 
                    HPOS="615.0"
                    VPOS="1539.0"
                    WIDTH="1037.0"
                    HEIGHT="95.0">
            <Shape><Polygon POINTS="1644 1545 1635 1539 1634 1539 1632 1539 1631 1539 1494 1552 1444 1542 1442 1542 1441 1542 1400 1554 1368 1543 1366 1543 1365 1543 1314 1545 1313 1545 1279 1557 1219 1546 1218 1546 1130 1560 1058 1549 1057 1549 1009 1551 1008 1551 1006 1551 990 1561 936 1552 935 1552 933 1552 932 1552 920 1563 896 1555 895 1555 893 1555 825 1566 789 1555 788 1555 786 1555 785 1555 761 1567 649 1558 648 1558 646 1558 615 1570 617 1607 617 1634 694 1622 715 1631 716 1631 718 1631 806 1619 832 1627 834 1627 835 1627 837 1627 856 1618 901 1627 910 1628 911 1628 913 1628 916 1627 935 1616 1035 1621 1036 1621 1148 1612 1157 1619 1158 1619 1160 1619 1161 1619 1237 1610 1246 1618 1249 1619 1249 1621 1250 1621 1252 1621 1253 1622 1280 1622 1280 1621 1650 1606 1652 1586 1650 1574 1644 1545"/></Shape>
            <String CONTENT="ſummo Dei Optimi Maximi beneficio liberatos eſſe"
                    HPOS="615.0"
                    VPOS="1539.0"
                    WIDTH="1037.0"
                    HEIGHT="95.0"
                    WC="0.985085687289635"></String>
          </TextLine>
          <TextLine ID="eSc_line_d5e6e367"
                    TAGREFS="LT8"
                    BASELINE="618 1667 1561 1647" 
                    HPOS="617.0"
                    VPOS="1601.0"
                    WIDTH="944.0"
                    HEIGHT="103.0">
            <Shape><Polygon POINTS="620 1704 641 1695 652 1702 654 1702 655 1702 657 1702 658 1702 660 1702 678 1690 699 1701 700 1701 701 1701 800 1699 801 1699 807 1698 849 1683 887 1695 904 1699 905 1699 907 1699 945 1696 947 1696 948 1696 948 1695 951 1692 957 1687 966 1692 975 1698 977 1698 978 1698 980 1698 1107 1695 1109 1695 1130 1686 1146 1677 1216 1676 1231 1682 1253 1692 1255 1692 1256 1692 1258 1692 1259 1692 1271 1680 1280 1673 1387 1673 1398 1676 1427 1687 1429 1687 1430 1687 1432 1687 1433 1687 1433 1686 1447 1674 1450 1671 1561 1670 1561 1647 1558 1613 1481 1601 1479 1601 1478 1601 1476 1601 1456 1615 1262 1618 1252 1609 1250 1609 1249 1609 1200 1606 1198 1606 1197 1606 1195 1606 1195 1607 1194 1607 1186 1618 1127 1619 1085 1609 1084 1609 1082 1609 1081 1609 1079 1609 1079 1610 1070 1618 1055 1609 1054 1609 1052 1609 1051 1609 1049 1609 1021 1616 986 1610 984 1610 983 1610 957 1622 817 1615 816 1615 815 1615 813 1615 813 1616 801 1627 765 1616 764 1616 762 1616 703 1628 642 1618 641 1618 639 1618 638 1618 617 1629 618 1667"/></Shape>
            <String CONTENT="lætemur, Deòque ipſi perpetuò gratias agamus."
                    HPOS="617.0"
                    VPOS="1601.0"
                    WIDTH="944.0"
                    HEIGHT="103.0"
                    ></String>
          </TextLine>
        </TextBlock>
        <TextBlock HPOS="1076"
                   VPOS="1779"
                   WIDTH="257"
                   HEIGHT="166"
                   ID="eSc_textblock_1ee4df52"
                   TAGREFS="BT3209">
          <Shape><Polygon POINTS="1076 1779 1076 1945 1333 1945 1333 1779"/></Shape>
          <TextLine ID="eSc_line_674255af"
                    TAGREFS="LT8"
                    BASELINE="1082 1899 1320 1935" 
                    HPOS="1077"
                    VPOS="1835"
                    WIDTH="250"
                    HEIGHT="154">
            <Shape><Polygon POINTS="1077 1916 1148 1945 1151 1945 1153 1945 1155 1945 1177 1936 1233 1978 1235 1978 1238 1978 1307 1989 1318 1934 1327 1853 1289 1847 1287 1847 1284 1847 1282 1847 1262 1862 1209 1835 1206 1835 1204 1835 1202 1835 1144 1862 1086 1858 1081 1898"/></Shape>
            <String CONTENT="16/5977"
                    HPOS="1077"
                    VPOS="1835"
                    WIDTH="250"
                    HEIGHT="154"
                    ></String>
          </TextLine>
        </TextBlock>
        <TextBlock HPOS="930.0"
                   VPOS="1952.0"
                   WIDTH="408.0"
                   HEIGHT="338.0"
                   ID="eSc_textblock_46f5240c"
                   TAGREFS="BT11">
          <Shape><Polygon POINTS="930 1952 930 2290 1338 2290 1338 1952"/></Shape>
        </TextBlock>
      </PrintSpace>
    </Page>
  </Layout>
</alto>
