<?xml version="1.0" encoding="UTF-8"?>
<alto xmlns:xsi="http://www.w3.org/2001/XMLSchema-instance"
      xmlns="http://www.loc.gov/standards/alto/ns-v4#"
      xsi:schemaLocation="http://www.loc.gov/standards/alto/ns-v4# http://www.loc.gov/standards/alto/v4/alto-4-2.xsd">
  <Description>
    <MeasurementUnit>pixel</MeasurementUnit>
    <sourceImageInformation>
      <fileName>2012888.png</fileName>
    </sourceImageInformation>
  </Description>
  <Tags>
    <OtherTag ID="BT10" LABEL="DropCapitalZone" DESCRIPTION="block type DropCapitalZone"/><OtherTag ID="BT11" LABEL="GraphicZone" DESCRIPTION="block type GraphicZone"/><OtherTag ID="BT12" LABEL="MainZone" DESCRIPTION="block type MainZone"/><OtherTag ID="BT13" LABEL="MarginTextZone" DESCRIPTION="block type MarginTextZone"/><OtherTag ID="BT15" LABEL="NumberingZone" DESCRIPTION="block type NumberingZone"/><OtherTag ID="BT17" LABEL="QuireMarksZone" DESCRIPTION="block type QuireMarksZone"/><OtherTag ID="BT18" LABEL="RunningTitleZone" DESCRIPTION="block type RunningTitleZone"/><OtherTag ID="BT22" LABEL="TitlePageZone" DESCRIPTION="block type TitlePageZone"/><OtherTag ID="BT3206" LABEL="MainZone-Head" DESCRIPTION="block type MainZone-Head"/><OtherTag ID="BT3207" LABEL="MainZone-P" DESCRIPTION="block type MainZone-P"/><OtherTag ID="BT3208" LABEL="MainZone-Continued" DESCRIPTION="block type MainZone-Continued"/><OtherTag ID="BT3209" LABEL="MarginTextZone-ManuscriptAddendum" DESCRIPTION="block type MarginTextZone-ManuscriptAddendum"/><OtherTag ID="BT3210" LABEL="MainZone-Entry" DESCRIPTION="block type MainZone-Entry"/>
    <OtherTag ID="LT7" LABEL="CustomLine" DESCRIPTION="line type CustomLine"/><OtherTag ID="LT8" LABEL="DefaultLine" DESCRIPTION="line type DefaultLine"/><OtherTag ID="LT9" LABEL="DropCapitalLine" DESCRIPTION="line type DropCapitalLine"/><OtherTag ID="LT10" LABEL="HeadingLine" DESCRIPTION="line type HeadingLine"/><OtherTag ID="LT62" LABEL="CustomLine : BiblicalText" DESCRIPTION="line type CustomLine : BiblicalText"/>
  </Tags>
  <Layout>
    <Page WIDTH="1807"
          HEIGHT="2677"
          PHYSICAL_IMG_NR="4"
          ID="eSc_dummypage_">
      <PrintSpace HPOS="0"
                  VPOS="0"
                  WIDTH="1807"
                  HEIGHT="2677">
        <TextBlock HPOS="890"
                   VPOS="209"
                   WIDTH="434"
                   HEIGHT="60"
                   ID="block_1"
                   TAGREFS="BT18">
          <Shape><Polygon POINTS="1324 209 1324 269 890 269 890 209"/></Shape>
          <TextLine ID="eSc_line_28912ff6"
                    TAGREFS="LT10"
                    BASELINE="895 254 1314 246" 
                    HPOS="893.0"
                    VPOS="208.0"
                    WIDTH="421.0"
                    HEIGHT="70.0">
            <Shape><Polygon POINTS="1280 208 1265 208 1259 208 1256 211 1241 208 1235 208 1221 208 1206 208 1191 208 1176 208 1161 208 1146 208 1131 208 1116 208 1102 208 1087 208 1072 208 1057 208 1049 208 1032 215 913 208 911 208 910 208 908 208 893 226 895 254 895 272 935 266 951 272 965 278 966 278 968 278 969 278 987 272 1009 264 1017 272 1021 275 1021 276 1023 276 1024 276 1026 278 1058 278 1058 276 1060 276 1061 276 1061 275 1064 272 1073 263 1102 270 1103 270 1105 270 1155 263 1174 272 1179 273 1180 273 1182 273 1183 273 1189 272 1218 261 1313 270 1314 246 1308 224 1295 211"/></Shape>
            <String CONTENT="EPISTOLA."
                    HPOS="893.0"
                    VPOS="208.0"
                    WIDTH="421.0"
                    HEIGHT="70.0"
                    WC="0.999331792195638"></String>
          </TextLine>
        </TextBlock>
        <TextBlock HPOS="591"
                   VPOS="277"
                   WIDTH="1065"
                   HEIGHT="1922"
                   ID="block_0"
                   TAGREFS="BT3208">
          <Shape><Polygon POINTS="1656 277 1656 2199 591 2199 591 277"/></Shape>
          <TextLine ID="eSc_line_3bac2772"
                    TAGREFS="LT8"
                    BASELINE="596 343 1622 328" 
                    HPOS="594.0"
                    VPOS="279.0"
                    WIDTH="1028.0"
                    HEIGHT="85.0">
            <Shape><Polygon POINTS="1561 284 1546 282 1531 282 1527 282 1515 290 1497 281 1490 281 1467 290 1433 281 1427 281 1412 279 1402 279 1360 291 1231 279 1229 279 1228 279 1226 279 1210 294 959 294 941 284 939 284 938 284 902 284 901 284 837 285 835 285 834 285 822 295 803 291 801 291 800 291 798 291 797 291 797 292 789 298 788 301 597 301 594 303 596 343 596 362 649 355 748 361 798 364 800 364 801 364 813 361 834 353 849 359 855 362 856 362 858 362 859 362 861 362 864 359 877 350 1006 349 1152 356 1206 358 1207 358 1209 358 1221 355 1252 346 1262 355 1264 356 1265 356 1267 356 1268 358 1298 358 1298 356 1299 356 1308 353 1335 345 1351 353 1356 355 1357 355 1359 356 1403 356 1403 355 1405 355 1406 355 1406 353 1408 352 1418 343 1448 352 1454 353 1456 353 1457 353 1458 353 1463 352 1481 345 1488 352 1490 353 1491 353 1493 353 1494 353 1567 352 1569 352 1573 350 1586 343 1594 350 1595 352 1597 352 1598 352 1600 352 1622 349 1622 328 1619 290 1579 284 1576 284"/></Shape>
            <String CONTENT="temus, quantum ea nos ad ſe rapiunt, quę"
                    HPOS="594.0"
                    VPOS="279.0"
                    WIDTH="1028.0"
                    HEIGHT="85.0"
                    ></String>
          </TextLine>
          <TextLine ID="eSc_line_0ea93979"
                    TAGREFS="LT8"
                    BASELINE="596 410 1624 391" 
                    HPOS="594.0"
                    VPOS="340.0"
                    WIDTH="1030.0"
                    HEIGHT="94.0">
            <Shape><Polygon POINTS="596 410 596 431 649 425 661 429 670 434 672 434 673 434 710 428 755 422 801 422 807 426 816 432 817 432 819 432 820 432 980 422 1067 428 1069 428 1070 428 1102 417 1109 416 1134 417 1213 422 1215 422 1216 422 1218 422 1229 414 1232 413 1253 414 1381 422 1383 422 1384 422 1408 410 1409 410 1519 419 1521 419 1522 419 1524 419 1537 410 1607 414 1609 414 1610 414 1612 414 1624 406 1624 391 1619 340 1522 348 1485 343 1464 342 1463 342 1461 342 1453 345 1421 355 1380 349 1378 349 1340 356 1329 349 1326 346 1325 346 1323 346 1322 346 1320 346 1319 346 1316 349 1301 358 1231 352 1210 350 1209 350 1207 350 1206 350 1204 352 1195 359 1165 353 1160 353 1158 353 1149 355 1112 361 1105 356 1103 353 1102 353 1100 353 1099 353 1084 356 1057 362 1033 358 994 350 993 350 931 361 907 365 889 362 841 353 840 353 838 353 807 365 803 367 798 365 771 355 770 355 768 355 731 356 730 356 728 356 728 358 716 368 715 368 713 368 646 358 645 358 643 358 642 358 626 371 594 371 596 410"/></Shape>
            <String CONTENT="cõmoda, |propriáque ratione|, &amp; diſpoſi¬"
                    HPOS="594.0"
                    VPOS="340.0"
                    WIDTH="1030.0"
                    HEIGHT="94.0"
                    ></String>
          </TextLine>
          <TextLine ID="eSc_line_6d919ff6"
                    TAGREFS="LT8"
                    BASELINE="594 478 1630 462" 
                    HPOS="593.0"
                    VPOS="408.0"
                    WIDTH="1037.0"
                    HEIGHT="93.0">
            <Shape><Polygon POINTS="594 478 594 501 1158 483 1259 492 1261 492 1262 492 1264 492 1276 484 1335 492 1345 492 1347 492 1356 490 1405 483 1433 490 1436 490 1438 490 1439 490 1441 490 1442 490 1442 489 1461 478 1628 486 1630 462 1625 416 1603 420 1592 416 1576 408 1574 408 1573 408 1572 408 1570 408 1558 416 1549 422 1506 422 1491 417 1470 410 1469 410 1467 410 1466 410 1464 410 1464 411 1457 417 1451 422 1405 417 1362 414 1360 414 1338 419 1308 425 1289 419 1270 413 1268 413 1267 413 1265 413 1252 420 1238 426 1219 420 1200 414 1198 414 1197 414 1195 414 1170 420 1142 428 1130 422 1122 416 1121 416 1119 416 1087 416 1085 416 1084 416 1072 422 1058 429 1008 422 968 417 966 417 965 417 953 423 938 431 861 425 812 420 810 420 765 425 684 435 652 426 639 423 638 423 636 423 635 423 633 423 629 426 615 435 593 428 594 478"/></Shape>
            <String CONTENT="tione diſtinguũtur. Hoc in Regno, hoc in"
                    HPOS="593.0"
                    VPOS="408.0"
                    WIDTH="1037.0"
                    HEIGHT="93.0"
                    WC="0.955644296436775"></String>
          </TextLine>
          <TextLine ID="eSc_line_05c7bc4e"
                    TAGREFS="LT8"
                    BASELINE="599 547 1630 529" 
                    HPOS="597.0"
                    VPOS="477.0"
                    WIDTH="1033.0"
                    HEIGHT="94.0">
            <Shape><Polygon POINTS="599 547 599 571 864 556 941 562 1005 566 1006 566 1008 566 1009 566 1020 559 1029 554 1041 559 1054 563 1055 563 1057 563 1103 557 1143 551 1210 554 1369 560 1371 560 1439 559 1441 559 1464 548 1516 557 1518 557 1519 557 1552 544 1554 544 1555 544 1615 556 1616 556 1618 556 1619 556 1619 554 1630 544 1630 529 1625 490 1493 490 1491 490 1466 477 1464 477 1463 477 1461 477 1460 477 1460 478 1448 487 1396 481 1395 481 1393 481 1374 490 1368 495 1292 495 1282 492 1234 481 1232 481 1231 481 1206 492 1195 496 1182 492 1154 483 1152 483 1151 483 1149 483 1113 493 1100 496 1094 493 1082 484 1081 484 1079 484 1078 484 1015 486 1014 486 1012 486 1003 493 1002 495 993 493 957 486 956 486 896 493 886 495 881 493 861 487 859 487 858 487 825 495 789 502 764 495 751 490 749 490 748 490 746 490 745 490 739 495 727 504 703 496 701 496 700 496 699 496 681 505 597 496 599 547"/></Shape>
            <String CONTENT="Rep. hoc in oppidis, hoc in pagis, hoc in"
                    HPOS="597.0"
                    VPOS="477.0"
                    WIDTH="1033.0"
                    HEIGHT="94.0"
                    WC="0.986303137569893"></String>
          </TextLine>
          <TextLine ID="eSc_line_36d1660b"
                    TAGREFS="LT8"
                    BASELINE="599 615 1630 599" 
                    HPOS="597.0"
                    VPOS="545.0"
                    WIDTH="1033.0"
                    HEIGHT="94.0">
            <Shape><Polygon POINTS="599 615 599 639 693 629 761 638 771 638 773 638 774 638 776 638 776 636 788 627 812 633 813 633 815 633 899 626 938 635 944 635 945 635 953 633 991 626 1049 632 1064 633 1066 633 1067 633 1072 632 1091 624 1122 630 1130 632 1131 632 1142 630 1183 623 1235 629 1252 630 1253 630 1255 630 1262 629 1295 620 1311 627 1314 629 1316 629 1317 629 1454 626 1456 626 1457 626 1457 624 1467 617 1494 624 1500 626 1502 626 1503 626 1505 626 1511 624 1536 615 1628 621 1630 599 1627 554 1549 545 1548 545 1546 545 1511 556 1494 562 1457 562 1453 557 1444 550 1442 550 1441 550 1439 550 1438 550 1436 550 1426 557 1418 563 1284 563 1277 560 1249 550 1247 550 1246 550 1244 550 1221 559 1191 550 1189 550 1188 550 1131 563 1119 566 1113 563 1084 551 1082 551 1081 551 1079 551 1042 565 1039 566 1035 566 983 554 981 554 800 556 798 556 761 571 734 572 691 574 688 572 676 563 675 563 673 563 672 563 670 563 669 563 669 565 658 574 657 575 597 575 599 615"/></Shape>
            <String CONTENT="priuatorũ ædibus, hoc in hortis, &amp; cultis"
                    HPOS="597.0"
                    VPOS="545.0"
                    WIDTH="1033.0"
                    HEIGHT="94.0"
                    WC="0.989518792856307"></String>
          </TextLine>
          <TextLine ID="eSc_line_7fa2598f"
                    TAGREFS="LT8"
                    BASELINE="599 682 1627 666" 
                    HPOS="597.0"
                    VPOS="614.0"
                    WIDTH="1030.0"
                    HEIGHT="90.0">
            <Shape><Polygon POINTS="599 682 599 704 715 696 776 701 777 701 779 701 780 701 791 694 852 701 853 701 855 701 856 701 875 694 989 698 990 698 991 698 993 698 1003 691 1055 698 1064 698 1066 698 1091 697 1252 687 1271 694 1273 694 1274 694 1276 694 1283 694 1348 685 1389 691 1396 693 1398 693 1405 691 1441 684 1485 690 1497 691 1499 691 1511 690 1555 682 1624 687 1627 666 1622 621 1579 626 1563 621 1534 614 1533 614 1531 614 1530 614 1528 614 1528 615 1519 623 1519 624 1451 627 1439 624 1408 617 1406 617 1405 617 1350 627 1329 630 1323 627 1305 618 1304 618 1302 618 1228 629 1210 632 1203 630 1173 620 1171 620 1170 620 1168 620 1167 620 1154 632 1151 633 1130 632 1038 623 1036 623 1035 623 1008 635 1006 635 1002 635 948 624 947 624 945 624 944 624 944 626 932 636 931 636 899 624 898 624 896 624 788 639 783 639 779 639 693 627 691 627 690 627 660 635 629 629 627 629 626 629 597 640 599 682"/></Shape>
            <String CONTENT="ſedibus, hoc in ſolitudine, hoc in rebus"
                    HPOS="597.0"
                    VPOS="614.0"
                    WIDTH="1030.0"
                    HEIGHT="90.0"
                    WC="0.994665728509426"></String>
          </TextLine>
          <TextLine ID="eSc_line_de0869bc"
                    TAGREFS="LT8"
                    BASELINE="603 749 1628 737" 
                    HPOS="602.0"
                    VPOS="685.0"
                    WIDTH="1026.0"
                    HEIGHT="89.0">
            <Shape><Polygon POINTS="603 749 603 768 722 774 724 774 791 768 822 765 832 768 852 773 853 773 855 773 856 773 868 767 877 762 881 767 886 771 887 771 889 771 890 773 974 773 974 771 975 771 977 771 981 767 991 759 1119 765 1121 765 1122 765 1176 758 1194 765 1195 765 1197 765 1198 765 1200 765 1213 756 1372 755 1470 764 1478 764 1479 764 1481 764 1482 764 1511 754 1539 764 1540 764 1542 764 1543 764 1545 764 1548 764 1580 754 1627 762 1628 737 1624 696 1512 697 1511 697 1490 685 1488 685 1371 685 1369 685 1368 685 1341 698 1279 694 1277 694 1276 694 1249 701 1240 703 1235 701 1218 693 1216 693 1215 693 1161 696 1143 688 1142 688 1140 688 1139 688 1137 688 1113 703 1110 704 1107 703 1070 690 1069 690 987 690 986 690 901 706 899 706 893 706 641 703 639 703 602 710 603 749"/></Shape>
            <String CONTENT="que natura gignũtur, hoc in artificijs quę"
                    HPOS="602.0"
                    VPOS="685.0"
                    WIDTH="1026.0"
                    HEIGHT="89.0"
                    ></String>
          </TextLine>
          <TextLine ID="eSc_line_caf0cd95"
                    TAGREFS="LT8"
                    BASELINE="599 819 1632 801" 
                    HPOS="597.0"
                    VPOS="749.0"
                    WIDTH="1035.0"
                    HEIGHT="89.0">
            <Shape><Polygon POINTS="599 819 599 838 1127 825 1170 828 1243 832 1244 832 1246 832 1264 825 1267 825 1305 825 1543 828 1545 828 1632 817 1632 801 1631 761 1601 749 1600 749 1598 749 1552 759 1482 751 1481 751 1479 751 1456 761 1448 764 1438 761 1408 754 1406 754 1405 754 1403 754 1378 761 1365 767 1277 768 1224 768 1218 762 1209 755 1207 755 1206 755 1204 755 1163 762 1152 764 1142 762 1110 756 1109 756 1107 756 1090 762 1069 770 1018 762 1009 762 1008 762 997 762 923 773 898 764 890 761 889 761 887 761 852 762 850 762 849 762 849 764 847 764 840 771 792 764 779 762 777 762 776 762 774 762 773 764 761 774 731 767 730 767 728 767 675 777 597 765 599 819"/></Shape>
            <String CONTENT="hominũ induſtria efficiũtur, verũeſſe ipſa"
                    HPOS="597.0"
                    VPOS="749.0"
                    WIDTH="1035.0"
                    HEIGHT="89.0"
                    WC="0.978092114130656"></String>
          </TextLine>
          <TextLine ID="eSc_line_cabfbe02"
                    TAGREFS="LT8"
                    BASELINE="599 890 1632 871" 
                    HPOS="597.0"
                    VPOS="820.0"
                    WIDTH="1035.0"
                    HEIGHT="93.0">
            <Shape><Polygon POINTS="599 890 599 904 621 913 623 913 624 913 676 904 678 904 679 904 835 910 837 910 910 901 920 899 931 899 983 907 984 907 1314 901 1362 895 1396 890 1631 890 1632 871 1628 832 1552 832 1537 820 1536 820 1534 820 1490 820 1488 820 1487 820 1461 832 1439 823 1438 823 1436 823 1435 823 1433 823 1418 834 1359 828 1357 828 1299 837 1284 825 1283 825 1282 825 1234 825 1232 825 1231 825 1203 840 1134 840 1096 828 1094 828 1093 828 1091 828 1069 838 1033 829 1032 829 1030 829 1029 829 987 841 916 831 914 831 913 831 890 841 837 832 835 832 834 832 797 844 767 834 765 834 764 834 685 835 684 835 682 835 666 847 597 850 599 890"/></Shape>
            <String CONTENT="rerum experientia, &amp; publica mortalium"
                    HPOS="597.0"
                    VPOS="820.0"
                    WIDTH="1035.0"
                    HEIGHT="93.0"
                    WC="0.973820084180587"></String>
          </TextLine>
          <TextLine ID="eSc_line_fbed8284"
                    TAGREFS="LT8"
                    BASELINE="600 956 1634 939" 
                    HPOS="599.0"
                    VPOS="890.0"
                    WIDTH="1035.0"
                    HEIGHT="87.0">
            <Shape><Polygon POINTS="600 956 600 972 654 977 655 977 688 971 715 966 733 971 754 975 755 975 757 975 853 974 855 974 874 966 886 963 904 966 936 972 938 972 939 972 965 965 977 960 1082 960 1119 962 1246 968 1247 968 1249 968 1267 959 1268 959 1350 966 1351 966 1353 966 1354 966 1369 956 1375 956 1439 965 1441 965 1508 954 1595 962 1597 962 1598 962 1634 950 1634 939 1631 901 1572 890 1570 890 1515 901 1445 892 1444 892 1331 905 1325 905 1313 905 1276 905 1261 895 1259 895 1258 895 1256 895 1165 908 1160 908 1139 908 887 905 886 905 884 905 855 913 709 904 707 904 599 917 600 956"/></Shape>
            <String CONTENT="omnium, non tantum piorum, ſed etiam"
                    HPOS="599.0"
                    VPOS="890.0"
                    WIDTH="1035.0"
                    HEIGHT="87.0"
                    WC="0.976450478037198"></String>
          </TextLine>
          <TextLine ID="eSc_line_4d53e383"
                    TAGREFS="LT8"
                    BASELINE="605 1026 1634 1005" 
                    HPOS="603.0"
                    VPOS="951.0"
                    WIDTH="1031.0"
                    HEIGHT="96.0">
            <Shape><Polygon POINTS="605 1026 605 1047 826 1035 868 1039 890 1042 892 1042 925 1038 975 1032 1029 1035 1073 1038 1075 1038 1106 1033 1134 1029 1155 1032 1191 1036 1192 1036 1243 1029 1267 1026 1271 1029 1279 1033 1280 1033 1282 1033 1283 1033 1400 1024 1427 1023 1436 1023 1485 1030 1487 1030 1634 1017 1634 1005 1631 965 1589 957 1588 957 1540 965 1521 951 1519 951 1518 951 1516 951 1515 951 1484 963 1472 953 1470 953 1469 953 1467 953 1466 953 1409 968 1322 956 1320 956 1319 956 1317 956 1295 971 1189 974 1164 974 1142 959 1140 959 1139 959 1137 959 969 962 968 962 926 972 904 965 902 965 901 965 899 965 864 978 826 965 825 965 823 965 822 965 820 965 798 980 678 968 676 968 675 968 673 968 649 984 603 984 605 1026"/></Shape>
            <String CONTENT="profanorum hominũ vox teſtatur: deni¬"
                    HPOS="603.0"
                    VPOS="951.0"
                    WIDTH="1031.0"
                    HEIGHT="96.0"
                    WC="0.984619013572994"></String>
          </TextLine>
          <TextLine ID="eSc_line_84c06dc2"
                    TAGREFS="LT8"
                    BASELINE="605 1090 1630 1075" 
                    HPOS="603.0"
                    VPOS="1023.0"
                    WIDTH="1027.0"
                    HEIGHT="93.0">
            <Shape><Polygon POINTS="605 1090 605 1116 737 1103 806 1113 807 1113 809 1113 810 1113 822 1103 910 1102 977 1112 983 1112 984 1112 986 1112 989 1112 1020 1102 1066 1110 1070 1110 1072 1110 1096 1110 1130 1107 1131 1107 1133 1107 1143 1099 1222 1105 1224 1105 1225 1105 1226 1105 1240 1094 1363 1094 1390 1105 1392 1105 1393 1105 1395 1105 1424 1093 1499 1093 1521 1103 1522 1105 1524 1105 1525 1105 1527 1105 1531 1103 1572 1091 1628 1102 1630 1075 1625 1029 1524 1033 1506 1030 1467 1023 1466 1023 1464 1023 1447 1032 1442 1033 1423 1032 1342 1024 1341 1024 1340 1024 1338 1024 1323 1033 1317 1038 1203 1038 1200 1036 1191 1029 1191 1027 1189 1027 1188 1027 1124 1027 1122 1027 1121 1027 1087 1038 1084 1039 1081 1038 1063 1029 1061 1029 1014 1029 1012 1029 896 1041 859 1032 858 1032 856 1032 806 1044 803 1045 762 1045 742 1045 707 1033 706 1033 704 1033 603 1047 605 1090"/></Shape>
            <String CONTENT="que Mundus ipſe, pulcherrimũ Dei opus,"
                    HPOS="603.0"
                    VPOS="1023.0"
                    WIDTH="1027.0"
                    HEIGHT="93.0"
                    WC="0.978037621730413"></String>
          </TextLine>
          <TextLine ID="eSc_line_693b6cf7"
                    TAGREFS="LT8"
                    BASELINE="602 1161 1630 1142" 
                    HPOS="600.0"
                    VPOS="1091.0"
                    WIDTH="1030.0"
                    HEIGHT="94.0">
            <Shape><Polygon POINTS="602 1161 602 1176 629 1176 630 1176 639 1185 641 1185 642 1185 643 1185 645 1185 666 1176 670 1174 673 1176 691 1183 693 1183 694 1183 696 1183 697 1183 709 1174 713 1173 742 1174 837 1182 838 1182 840 1182 841 1182 852 1173 856 1170 893 1173 980 1179 981 1179 983 1179 1011 1171 1026 1165 1255 1163 1271 1167 1282 1170 1283 1170 1284 1170 1302 1167 1331 1161 1357 1165 1390 1171 1392 1171 1451 1164 1481 1161 1487 1164 1496 1168 1497 1168 1499 1168 1630 1161 1630 1142 1628 1102 1597 1091 1595 1091 1594 1091 1505 1103 1503 1103 1502 1103 1448 1091 1447 1091 1396 1099 1387 1091 1386 1091 1384 1091 1383 1091 1381 1091 1337 1106 1335 1106 1226 1099 1225 1099 1224 1099 1198 1109 1197 1109 1164 1097 1163 1097 1161 1097 1160 1097 1107 1110 1106 1112 951 1113 950 1113 913 1100 911 1100 910 1100 908 1100 864 1113 752 1103 751 1103 690 1112 646 1106 645 1106 643 1106 642 1106 623 1119 621 1121 600 1121 602 1161"/></Shape>
            <String CONTENT="ab ordine κόσμος nominatur. Quò magis"
                    HPOS="600.0"
                    VPOS="1091.0"
                    WIDTH="1030.0"
                    HEIGHT="94.0"
                    ></String>
          </TextLine>
          <TextLine ID="eSc_line_26614695"
                    TAGREFS="LT8"
                    BASELINE="602 1228 1635 1210" 
                    HPOS="600.0"
                    VPOS="1161.0"
                    WIDTH="1035.0"
                    HEIGHT="89.0">
            <Shape><Polygon POINTS="602 1228 602 1249 762 1250 764 1250 765 1250 767 1250 774 1246 780 1241 812 1244 858 1249 859 1249 911 1241 948 1237 1030 1238 1134 1241 1136 1241 1183 1235 1204 1232 1238 1234 1372 1240 1374 1240 1457 1228 1461 1228 1463 1228 1484 1237 1485 1237 1487 1237 1488 1237 1508 1229 1613 1235 1615 1235 1616 1235 1635 1223 1635 1210 1632 1171 1454 1164 1453 1164 1451 1164 1427 1171 1420 1173 1412 1171 1374 1163 1372 1163 1371 1163 1369 1163 1356 1171 1341 1161 1340 1161 1338 1161 1292 1161 1290 1161 1289 1161 1256 1171 1252 1173 1235 1171 1154 1164 1152 1164 1151 1164 1121 1171 1097 1179 1084 1173 1075 1168 1073 1168 1072 1168 1070 1168 1057 1173 1030 1182 978 1182 966 1173 960 1167 959 1167 957 1167 956 1167 954 1167 944 1173 925 1183 896 1183 881 1173 875 1168 874 1168 873 1168 871 1168 870 1168 859 1173 834 1183 809 1173 807 1173 806 1173 804 1173 803 1173 801 1173 771 1182 757 1173 755 1171 754 1171 752 1171 751 1171 739 1173 679 1186 646 1173 643 1173 642 1173 641 1173 600 1173 602 1228"/></Shape>
            <String CONTENT="deteſtanda eſt eorum ſentẽtia, qui rerum"
                    HPOS="600.0"
                    VPOS="1161.0"
                    WIDTH="1035.0"
                    HEIGHT="89.0"
                    WC="0.990305228931148"></String>
          </TextLine>
          <TextLine ID="eSc_line_dd44c0c0"
                    TAGREFS="LT8"
                    BASELINE="602 1296 1640 1279" 
                    HPOS="600.0"
                    VPOS="1225.0"
                    WIDTH="1040.0"
                    HEIGHT="95.0">
            <Shape><Polygon POINTS="602 1296 602 1310 685 1320 687 1320 810 1307 816 1307 819 1307 858 1317 859 1317 861 1317 942 1305 944 1305 1064 1305 1084 1313 1085 1313 1087 1313 1137 1301 1142 1301 1154 1301 1289 1310 1290 1310 1292 1310 1329 1298 1331 1298 1347 1308 1348 1308 1350 1308 1351 1308 1403 1296 1408 1296 1414 1296 1472 1304 1473 1304 1475 1304 1476 1304 1488 1295 1491 1295 1522 1302 1524 1302 1638 1292 1640 1279 1638 1237 1618 1225 1616 1225 1615 1225 1613 1225 1582 1232 1567 1225 1566 1225 1564 1225 1442 1228 1441 1228 1406 1237 1383 1228 1381 1228 1380 1228 1378 1228 1359 1238 1342 1229 1341 1229 1340 1229 1338 1229 1337 1229 1322 1243 1308 1243 1292 1244 1222 1244 1163 1244 1145 1234 1143 1234 1142 1234 1140 1234 1139 1234 1107 1246 1035 1234 1033 1234 1032 1234 1009 1244 873 1243 871 1243 870 1243 868 1243 858 1250 776 1238 774 1238 722 1240 721 1240 719 1240 719 1241 706 1253 600 1255 602 1296"/></Shape>
            <String CONTENT="confuſione non tantum apud ſe delectã¬"
                    HPOS="600.0"
                    VPOS="1225.0"
                    WIDTH="1040.0"
                    HEIGHT="95.0"
                    WC="0.986898199105874"></String>
          </TextLine>
          <TextLine ID="eSc_line_31281417"
                    TAGREFS="LT8"
                    BASELINE="605 1366 1641 1345" 
                    HPOS="603.0"
                    VPOS="1299.0"
                    WIDTH="1038.0"
                    HEIGHT="90.0">
            <Shape><Polygon POINTS="605 1366 605 1380 707 1386 709 1386 785 1378 789 1378 791 1378 823 1389 825 1389 826 1389 902 1378 974 1386 975 1386 977 1386 1014 1375 1021 1374 1038 1375 1115 1383 1116 1383 1183 1381 1185 1381 1186 1381 1198 1372 1204 1369 1299 1369 1307 1371 1328 1378 1329 1378 1331 1378 1408 1374 1409 1374 1411 1374 1414 1369 1420 1365 1438 1369 1458 1375 1460 1375 1461 1375 1463 1375 1488 1369 1511 1363 1527 1368 1539 1372 1540 1372 1542 1372 1641 1366 1641 1345 1637 1305 1357 1308 1328 1299 1326 1299 1325 1299 1323 1299 1322 1299 1307 1311 1253 1311 1238 1302 1237 1302 1235 1302 1234 1302 1232 1302 1194 1313 1158 1307 1157 1307 1110 1314 1097 1304 1096 1304 1094 1304 1048 1304 1047 1304 972 1317 953 1307 951 1307 901 1307 899 1307 898 1307 878 1317 770 1310 768 1310 767 1310 765 1310 749 1322 734 1311 733 1311 731 1311 730 1311 696 1319 679 1311 678 1311 676 1311 675 1311 673 1311 673 1313 664 1322 603 1325 605 1366"/></Shape>
            <String CONTENT="tur: ſed omnia publica priuatáque euerte¬"
                    HPOS="603.0"
                    VPOS="1299.0"
                    WIDTH="1038.0"
                    HEIGHT="90.0"
                    ></String>
          </TextLine>
          <TextLine ID="eSc_line_fb80879f"
                    TAGREFS="LT8"
                    BASELINE="603 1436 1641 1414" 
                    HPOS="602.0"
                    VPOS="1360.0"
                    WIDTH="1039.0"
                    HEIGHT="101.0">
            <Shape><Polygon POINTS="603 1436 603 1450 669 1461 670 1461 804 1450 889 1455 890 1455 960 1444 1015 1454 1017 1454 1018 1454 1020 1454 1041 1441 1087 1441 1088 1441 1121 1451 1122 1451 1124 1451 1284 1436 1293 1436 1296 1436 1331 1444 1332 1444 1334 1444 1366 1436 1418 1442 1420 1442 1421 1442 1423 1442 1435 1433 1436 1433 1466 1444 1467 1444 1469 1444 1509 1436 1606 1441 1607 1441 1609 1441 1641 1429 1641 1414 1637 1372 1595 1372 1594 1372 1566 1360 1564 1360 1563 1360 1432 1375 1421 1377 1418 1377 1383 1365 1381 1365 1380 1365 1378 1365 1347 1378 1344 1380 1282 1380 1279 1380 1240 1368 1238 1368 1237 1368 1235 1368 1234 1368 1216 1381 1213 1381 1180 1371 1179 1371 1177 1371 1176 1371 1146 1383 1143 1383 1140 1383 1109 1375 1107 1375 1015 1384 990 1377 989 1377 987 1377 986 1377 984 1377 974 1386 944 1374 942 1374 941 1374 813 1389 801 1390 792 1390 697 1380 696 1380 694 1380 693 1380 676 1392 642 1384 641 1384 602 1393 603 1436"/></Shape>
            <String CONTENT="re, &amp; perturbationem (iuſto ordine ſubla¬"
                    HPOS="602.0"
                    VPOS="1360.0"
                    WIDTH="1039.0"
                    HEIGHT="101.0"
                    ></String>
          </TextLine>
          <TextLine ID="eSc_line_576bf9d2"
                    TAGREFS="LT8"
                    BASELINE="602 1503 1641 1484" 
                    HPOS="600.0"
                    VPOS="1445.0"
                    WIDTH="1041.0"
                    HEIGHT="79.0">
            <Shape><Polygon POINTS="602 1503 602 1524 843 1511 1641 1505 1641 1484 1638 1445 1082 1445 1081 1445 1079 1445 1078 1445 1078 1447 1069 1455 1067 1455 1061 1455 996 1447 994 1447 993 1447 962 1457 960 1457 932 1448 931 1448 929 1448 928 1448 926 1448 911 1458 910 1458 907 1458 874 1450 873 1450 871 1450 870 1450 852 1458 850 1460 745 1461 743 1461 734 1453 733 1453 731 1453 678 1453 676 1453 600 1463 602 1503"/></Shape>
            <String CONTENT="to) in res omnes inducere conantur, quos"
                    HPOS="600.0"
                    VPOS="1445.0"
                    WIDTH="1041.0"
                    HEIGHT="79.0"
                    WC="0.997385036945343"></String>
          </TextLine>
          <TextLine ID="eSc_line_96867729"
                    TAGREFS="LT8"
                    BASELINE="603 1573 1643 1549" 
                    HPOS="600.0"
                    VPOS="1499.0"
                    WIDTH="1043.0"
                    HEIGHT="93.0">
            <Shape><Polygon POINTS="603 1586 759 1585 812 1592 813 1592 815 1592 816 1592 826 1583 832 1589 834 1589 835 1589 837 1589 996 1580 1011 1588 1012 1588 1014 1588 1099 1577 1186 1585 1188 1585 1240 1583 1241 1583 1243 1583 1243 1582 1253 1573 1255 1573 1256 1573 1314 1582 1316 1582 1512 1577 1514 1577 1543 1567 1545 1567 1546 1567 1586 1574 1588 1574 1641 1564 1643 1549 1641 1511 1600 1499 1598 1499 1597 1499 1545 1511 1539 1512 1536 1511 1512 1500 1511 1500 1509 1500 1508 1500 1484 1512 1479 1515 1337 1516 1319 1513 1283 1506 1282 1506 1280 1506 1279 1506 1271 1513 1268 1516 1182 1521 1174 1515 1171 1512 1170 1512 1168 1512 1121 1509 1119 1509 1118 1509 1097 1515 1078 1521 1067 1515 1057 1511 1055 1511 1054 1511 1052 1511 1036 1516 1012 1524 1000 1516 999 1515 997 1515 996 1515 994 1515 983 1516 923 1527 875 1518 861 1515 859 1515 858 1515 856 1515 852 1518 832 1530 795 1530 759 1530 746 1519 746 1518 745 1518 743 1518 742 1518 740 1518 736 1519 710 1525 600 1521 603 1573"/></Shape>
            <String CONTENT="homines ἀτακτους &amp; Ἀναρχικους, tanquã mõ¬"
                    HPOS="600.0"
                    VPOS="1499.0"
                    WIDTH="1043.0"
                    HEIGHT="93.0"
                    ></String>
          </TextLine>
          <TextLine ID="eSc_line_67132d01"
                    TAGREFS="LT8"
                    BASELINE="605 1641 1644 1619" 
                    HPOS="603.0"
                    VPOS="1569.0"
                    WIDTH="1041.0"
                    HEIGHT="93.0">
            <Shape><Polygon POINTS="605 1641 605 1652 636 1662 638 1662 639 1662 641 1662 676 1653 700 1662 701 1662 703 1662 746 1653 810 1661 812 1661 813 1661 837 1652 877 1659 878 1659 880 1659 899 1650 950 1656 951 1656 953 1656 990 1646 1015 1656 1017 1656 1018 1656 1020 1656 1045 1646 1087 1655 1088 1655 1221 1640 1228 1640 1265 1640 1310 1640 1325 1649 1326 1649 1328 1649 1329 1649 1378 1638 1427 1647 1429 1647 1430 1647 1448 1638 1572 1644 1573 1644 1644 1631 1644 1619 1641 1579 1609 1569 1607 1569 1606 1569 1604 1569 1567 1580 1505 1570 1503 1570 1502 1570 1481 1577 1445 1573 1444 1573 1442 1573 1441 1573 1429 1583 1427 1585 1253 1586 1246 1585 1209 1577 1207 1577 1206 1577 1188 1586 1185 1588 1182 1586 1160 1577 1158 1577 1157 1577 1097 1588 1076 1591 1039 1588 950 1582 948 1582 880 1586 878 1586 877 1586 877 1588 873 1591 868 1595 846 1591 825 1588 823 1588 804 1592 780 1597 759 1592 737 1588 736 1588 603 1594 605 1641"/></Shape>
            <String CONTENT="ſtra, &amp; generis humani ἀλάςτορας, iam pri¬"
                    HPOS="603.0"
                    VPOS="1569.0"
                    WIDTH="1041.0"
                    HEIGHT="93.0"
                    ></String>
          </TextLine>
          <TextLine ID="eSc_line_b7ccb5d6"
                    TAGREFS="LT8"
                    BASELINE="606 1707 1644 1687" 
                    HPOS="605.0"
                    VPOS="1635.0"
                    WIDTH="1039.0"
                    HEIGHT="99.0">
            <Shape><Polygon POINTS="606 1707 606 1734 733 1722 752 1728 754 1728 755 1728 757 1728 758 1728 768 1720 803 1729 815 1731 816 1731 859 1726 925 1720 962 1723 1003 1728 1005 1728 1044 1722 1084 1714 1110 1719 1139 1725 1140 1725 1142 1725 1157 1717 1167 1713 1289 1713 1292 1714 1301 1720 1302 1720 1304 1720 1305 1720 1420 1710 1442 1708 1445 1710 1472 1719 1473 1719 1475 1719 1549 1717 1551 1717 1586 1705 1586 1704 1644 1702 1644 1687 1640 1647 1621 1647 1619 1647 1603 1635 1601 1635 1600 1635 1598 1635 1597 1635 1564 1649 1561 1649 1552 1649 1458 1638 1457 1638 1353 1640 1351 1640 1350 1640 1340 1649 1246 1641 1244 1641 1243 1641 1209 1652 1084 1644 1082 1644 1012 1650 1011 1650 1009 1650 997 1659 933 1652 932 1652 931 1652 907 1662 737 1664 635 1653 633 1653 632 1653 605 1665 606 1707"/></Shape>
            <String CONTENT="dem veteres appellarũt. Cæterũ ſi qua in"
                    HPOS="605.0"
                    VPOS="1635.0"
                    WIDTH="1039.0"
                    HEIGHT="99.0"
                    WC="0.989901234706243"></String>
          </TextLine>
          <TextLine ID="eSc_line_5d167a49"
                    TAGREFS="LT8"
                    BASELINE="608 1777 1646 1756" 
                    HPOS="606.0"
                    VPOS="1707.0"
                    WIDTH="1040.0"
                    HEIGHT="89.0">
            <Shape><Polygon POINTS="608 1777 608 1795 684 1786 730 1793 752 1796 754 1796 755 1796 762 1793 780 1784 820 1792 825 1792 826 1792 828 1792 829 1792 853 1783 881 1790 887 1792 889 1792 890 1792 892 1792 893 1792 895 1790 910 1781 963 1787 965 1787 966 1787 968 1787 980 1780 1057 1787 1081 1789 1082 1789 1103 1786 1137 1781 1207 1784 1250 1786 1252 1786 1253 1786 1258 1783 1276 1774 1311 1783 1323 1784 1325 1784 1423 1783 1424 1783 1426 1783 1429 1780 1444 1771 1476 1780 1485 1781 1487 1781 1488 1781 1490 1781 1491 1781 1494 1778 1506 1769 1540 1775 1542 1775 1543 1775 1573 1768 1644 1775 1646 1756 1643 1717 1478 1711 1476 1711 1429 1719 1348 1707 1347 1707 1345 1707 1289 1722 1226 1710 1225 1710 1122 1725 1106 1713 1105 1713 1103 1713 1051 1713 1049 1713 1048 1713 1005 1729 974 1729 954 1716 953 1716 951 1716 950 1716 948 1716 925 1725 905 1716 904 1716 902 1716 791 1732 770 1719 768 1719 767 1719 765 1719 606 1737 608 1777"/></Shape>
            <String CONTENT="re alia ordinis obſeruatio diligens non"
                    HPOS="606.0"
                    VPOS="1707.0"
                    WIDTH="1040.0"
                    HEIGHT="89.0"
                    WC="0.991022502764677"></String>
          </TextLine>
          <TextLine ID="eSc_line_b8a433ef"
                    TAGREFS="LT8"
                    BASELINE="606 1844 1646 1824" 
                    HPOS="605.0"
                    VPOS="1768.0"
                    WIDTH="1041.0"
                    HEIGHT="94.0">
            <Shape><Polygon POINTS="606 1844 606 1860 923 1862 925 1862 991 1856 1047 1851 1064 1856 1079 1859 1081 1859 1082 1859 1084 1859 1093 1854 1103 1850 1133 1854 1148 1856 1149 1856 1151 1856 1157 1854 1173 1848 1267 1853 1316 1854 1317 1854 1319 1854 1320 1854 1323 1851 1331 1845 1458 1850 1473 1850 1475 1850 1476 1850 1478 1850 1497 1842 1537 1848 1546 1850 1548 1850 1549 1850 1554 1848 1576 1841 1644 1847 1646 1824 1643 1774 1597 1768 1595 1768 1594 1768 1592 1768 1585 1775 1574 1783 1536 1783 1522 1777 1514 1772 1512 1772 1511 1772 1509 1772 1500 1777 1494 1780 1475 1777 1427 1771 1426 1771 1424 1771 1423 1771 1412 1780 1405 1786 1290 1787 1283 1783 1274 1774 1273 1774 1271 1774 1250 1774 1249 1774 1188 1784 1155 1792 1084 1792 1073 1787 1038 1778 1036 1778 1035 1778 1033 1778 1032 1778 1032 1780 1020 1789 1018 1792 1011 1789 983 1780 981 1780 980 1780 837 1781 768 1796 757 1798 749 1796 712 1784 710 1784 709 1784 707 1784 685 1793 642 1786 641 1786 639 1786 638 1786 638 1787 623 1799 623 1801 605 1801 606 1844"/></Shape>
            <String CONTENT="tãtũ vtilis, ſed etiã omninò neceſſaria eſt,"
                    HPOS="605.0"
                    VPOS="1768.0"
                    WIDTH="1041.0"
                    HEIGHT="94.0"
                    WC="0.977668122698863"></String>
          </TextLine>
          <TextLine ID="eSc_line_d1239c96"
                    TAGREFS="LT8"
                    BASELINE="606 1911 1649 1893" 
                    HPOS="605.0"
                    VPOS="1841.0"
                    WIDTH="1044.0"
                    HEIGHT="87.0">
            <Shape><Polygon POINTS="606 1911 606 1928 945 1925 947 1925 948 1925 962 1918 1011 1924 1038 1927 1039 1927 1063 1924 1103 1917 1167 1922 1180 1922 1182 1922 1183 1922 1188 1921 1221 1914 1253 1921 1258 1921 1259 1921 1264 1921 1301 1912 1366 1920 1386 1921 1387 1921 1389 1921 1390 1921 1392 1920 1402 1912 1448 1918 1451 1918 1453 1918 1454 1918 1475 1909 1506 1918 1509 1918 1511 1918 1512 1918 1649 1915 1649 1893 1644 1851 1484 1851 1463 1841 1461 1841 1390 1841 1389 1841 1387 1841 1386 1841 1386 1842 1375 1853 1280 1856 1213 1844 1212 1844 1210 1844 1191 1854 1158 1845 1157 1845 1155 1845 1047 1847 1045 1847 1044 1847 1027 1860 997 1850 996 1850 994 1850 993 1850 962 1860 941 1850 939 1850 938 1850 831 1863 803 1851 801 1851 800 1851 798 1851 797 1851 776 1864 749 1853 748 1853 746 1853 745 1853 718 1866 605 1867 606 1911"/></Shape>
            <String CONTENT="maximè in Eccleſia Dei locum habere ex"
                    HPOS="605.0"
                    VPOS="1841.0"
                    WIDTH="1044.0"
                    HEIGHT="87.0"
                    WC="0.969956778562986"></String>
          </TextLine>
          <TextLine ID="eSc_line_f5bef8b8"
                    TAGREFS="LT8"
                    BASELINE="608 1980 1653 1961" 
                    HPOS="606.0"
                    VPOS="1906.0"
                    WIDTH="1047.0"
                    HEIGHT="98.0">
            <Shape><Polygon POINTS="608 1980 611 2003 621 1994 710 2001 727 2003 728 2003 737 2001 782 1991 795 2001 798 2003 800 2003 801 2003 803 2004 849 2004 849 2003 850 2003 852 2003 855 2000 865 1992 898 1997 899 1997 901 1997 931 1988 975 1988 999 1998 1005 2000 1006 2000 1008 2000 1009 2000 1015 1998 1039 1986 1047 1992 1048 1992 1049 1992 1051 1992 1091 1985 1157 1995 1168 1997 1170 1997 1171 1997 1174 1995 1200 1982 1250 1982 1299 1992 1301 1994 1334 1994 1389 1994 1389 1992 1390 1992 1392 1992 1433 1982 1650 1988 1653 1961 1649 1909 1606 1917 1588 1909 1579 1906 1577 1906 1576 1906 1551 1911 1496 1920 1484 1911 1481 1908 1479 1908 1478 1908 1476 1908 1427 1909 1426 1909 1424 1909 1421 1912 1409 1922 1354 1922 1344 1912 1340 1909 1338 1909 1337 1909 1335 1909 1256 1911 1255 1911 1253 1911 1253 1912 1250 1914 1238 1925 1173 1925 984 1918 938 1917 936 1917 935 1917 933 1917 932 1918 919 1928 887 1920 881 1918 880 1918 878 1918 877 1918 874 1920 849 1931 798 1921 791 1920 789 1920 788 1920 786 1920 785 1921 767 1933 730 1921 727 1921 725 1921 724 1921 722 1921 721 1921 690 1936 669 1936 655 1924 655 1922 654 1922 652 1922 651 1922 606 1922 608 1980"/></Shape>
            <String CONTENT="Pauli Apoſtoli præcepto debet. Eſt enim"
                    HPOS="606.0"
                    VPOS="1906.0"
                    WIDTH="1047.0"
                    HEIGHT="98.0"
                    WC="0.997129862125103"></String>
          </TextLine>
          <TextLine ID="eSc_line_dfc3e06e"
                    TAGREFS="LT8"
                    BASELINE="609 2049 1649 2028" 
                    HPOS="608.0"
                    VPOS="1976.0"
                    WIDTH="1041.0"
                    HEIGHT="94.0">
            <Shape><Polygon POINTS="609 2049 609 2070 690 2062 730 2068 743 2070 745 2070 746 2070 748 2070 749 2068 759 2061 789 2067 797 2068 798 2068 800 2068 806 2067 832 2059 886 2065 904 2067 905 2067 907 2067 916 2065 936 2059 962 2064 972 2065 974 2065 975 2065 977 2065 977 2064 978 2064 983 2058 1063 2062 1079 2062 1081 2062 1082 2062 1084 2062 1097 2055 1348 2056 1384 2056 1386 2056 1390 2056 1432 2047 1647 2050 1649 2028 1646 1985 1487 1976 1485 1976 1484 1976 1464 1986 1427 1986 1380 1988 1378 1988 1353 1978 1351 1978 1350 1978 1348 1978 1347 1978 1347 1979 1335 1988 1334 1989 1326 1988 1289 1982 1287 1982 1255 1989 1247 1991 1240 1989 1212 1980 1210 1980 1209 1980 1207 1980 1173 1991 1164 1992 1139 1991 1052 1983 1051 1983 999 1992 974 1997 953 1994 932 1989 931 1989 902 1994 883 1997 875 1994 859 1988 858 1988 856 1988 855 1988 840 1994 828 2000 810 1995 791 1989 789 1989 788 1989 786 1989 762 1995 752 1998 743 1995 727 1991 725 1991 724 1991 722 1991 710 1997 701 2000 693 1997 681 1992 679 1992 678 1992 608 1997 609 2049"/></Shape>
            <String CONTENT="Eccleſia domus Dei, id eſt ſummi illius"
                    HPOS="608.0"
                    VPOS="1976.0"
                    WIDTH="1041.0"
                    HEIGHT="94.0"
                    WC="0.978471760566418"></String>
          </TextLine>
          <TextLine ID="eSc_line_b7f5cd0a"
                    TAGREFS="LT8"
                    BASELINE="609 2116 1650 2095" 
                    HPOS="608.0"
                    VPOS="2043.0"
                    WIDTH="1042.0"
                    HEIGHT="103.0">
            <Shape><Polygon POINTS="609 2116 611 2138 632 2131 641 2138 648 2144 649 2144 651 2144 652 2146 682 2146 682 2144 731 2135 767 2129 817 2134 904 2140 905 2140 907 2140 929 2129 932 2129 939 2129 974 2134 975 2134 977 2134 978 2134 986 2128 994 2123 1014 2128 1052 2137 1054 2137 1081 2135 1082 2135 1084 2135 1094 2126 1099 2122 1103 2125 1118 2135 1119 2135 1121 2135 1122 2135 1200 2123 1216 2120 1224 2122 1253 2131 1255 2131 1256 2131 1258 2131 1259 2131 1274 2120 1279 2117 1283 2120 1292 2126 1293 2126 1295 2126 1296 2126 1334 2119 1351 2116 1365 2119 1395 2125 1396 2125 1447 2123 1448 2123 1450 2123 1458 2116 1461 2113 1649 2110 1650 2095 1647 2046 1594 2043 1592 2043 1591 2043 1579 2047 1560 2055 1549 2047 1545 2044 1543 2044 1542 2044 1540 2044 1445 2046 1444 2046 1426 2052 1406 2058 1369 2053 1354 2052 1353 2052 1351 2052 1350 2052 1348 2053 1340 2059 1317 2055 1295 2050 1224 2050 1222 2050 1221 2050 1204 2058 1200 2061 1195 2058 1186 2052 1185 2052 1183 2052 1130 2052 1128 2052 1127 2052 1125 2052 1112 2061 1106 2065 1052 2065 1033 2062 980 2055 978 2055 977 2055 956 2065 951 2067 945 2065 907 2056 905 2056 904 2056 871 2068 867 2068 865 2068 834 2058 832 2058 831 2058 759 2071 754 2071 746 2071 651 2062 649 2062 648 2062 608 2074 609 2116"/></Shape>
            <String CONTENT="regum Regis, in qua idcirco omnia circũ¬"
                    HPOS="608.0"
                    VPOS="2043.0"
                    WIDTH="1042.0"
                    HEIGHT="103.0"
                    WC="0.988588696572839"></String>
          </TextLine>
          <TextLine ID="eSc_line_391338b4"
                    TAGREFS="LT8"
                    BASELINE="608 2183 1647 2162" 
                    HPOS="606.0"
                    VPOS="2111.0"
                    WIDTH="1041.0"
                    HEIGHT="116.0">
            <Shape><Polygon POINTS="608 2183 608 2227 746 2221 748 2221 749 2221 749 2220 762 2208 803 2221 815 2226 816 2226 817 2226 819 2226 828 2221 855 2207 902 2207 916 2217 919 2220 920 2220 922 2220 923 2220 925 2220 935 2217 980 2202 1109 2202 1130 2210 1146 2215 1148 2215 1149 2215 1151 2215 1179 2208 1188 2205 1191 2207 1204 2217 1206 2217 1207 2217 1209 2218 1276 2218 1276 2217 1310 2215 1311 2215 1313 2215 1331 2202 1335 2198 1342 2201 1363 2210 1365 2210 1426 2211 1427 2211 1429 2211 1430 2211 1444 2199 1485 2208 1487 2208 1488 2208 1490 2208 1508 2195 1511 2193 1519 2195 1561 2201 1563 2201 1647 2189 1647 2162 1643 2125 1606 2125 1603 2125 1582 2111 1580 2111 1579 2111 1577 2111 1576 2111 1574 2111 1563 2120 1508 2113 1506 2113 1433 2126 1426 2128 1420 2126 1381 2116 1380 2116 1378 2116 1377 2116 1375 2116 1362 2128 1359 2129 1348 2128 1276 2117 1274 2117 1221 2129 1207 2132 1197 2129 1173 2123 1171 2123 1170 2123 1168 2123 1154 2131 1146 2134 1139 2131 1122 2125 1121 2125 1119 2125 1118 2125 1116 2125 1109 2131 1103 2135 1085 2131 1072 2129 1070 2129 1069 2129 1060 2132 1042 2137 1030 2132 1020 2128 1018 2128 1017 2128 1015 2128 1014 2128 1009 2132 1003 2138 963 2138 948 2134 926 2125 925 2125 923 2125 922 2125 920 2125 905 2134 895 2140 846 2134 834 2134 832 2134 826 2135 798 2141 783 2135 767 2128 765 2128 764 2128 706 2137 670 2141 661 2137 648 2131 646 2131 645 2131 606 2137 608 2183"/></Shape>
            <String CONTENT="ſpectè, aptè, decenter, &amp;, vt Paulus ipſe lo¬"
                    HPOS="606.0"
                    VPOS="2111.0"
                    WIDTH="1041.0"
                    HEIGHT="116.0"
                    ></String>
          </TextLine>
        </TextBlock>
        <TextBlock HPOS="1523"
                   VPOS="2193"
                   WIDTH="127"
                   HEIGHT="75"
                   ID="block_2"
                   TAGREFS="BT17">
          <Shape><Polygon POINTS="1650 2193 1650 2268 1523 2268 1523 2193"/></Shape>
          <TextLine ID="eSc_line_a2efc0cf"
                    TAGREFS="LT8"
                    BASELINE="1524 2232 1641 2232" 
                    HPOS="1524.0"
                    VPOS="2181.0"
                    WIDTH="117.0"
                    HEIGHT="95.0">
            <Shape><Polygon POINTS="1524 2232 1524 2276 1557 2276 1557 2275 1558 2275 1560 2275 1570 2268 1594 2251 1640 2254 1641 2232 1641 2190 1613 2181 1612 2181 1610 2181 1582 2186 1564 2189 1524 2181 1524 2232"/></Shape>
            <String CONTENT="qui¬"
                    HPOS="1524.0"
                    VPOS="2181.0"
                    WIDTH="117.0"
                    HEIGHT="95.0"
                    WC="0.997049942612648"></String>
          </TextLine>
        </TextBlock>
      </PrintSpace>
    </Page>
  </Layout>
</alto>
