<?xml version="1.0" encoding="UTF-8"?>
<alto xmlns:xsi="http://www.w3.org/2001/XMLSchema-instance"
    xmlns="http://www.loc.gov/standards/alto/ns-v4#"
    xsi:schemaLocation="http://www.loc.gov/standards/alto/ns-v4# http://www.loc.gov/standards/alto/v4/alto-4-3.xsd">
    <Description>
        <MeasurementUnit>pixel</MeasurementUnit>
        <sourceImageInformation>
            <fileName>2013413.jpeg</fileName>
        </sourceImageInformation>
        <Processing ID="OCR_0">
            <processingCategory>other</processingCategory>
            <processingStepDescription>unknown</processingStepDescription>
            <processingSoftware>
                <softwareName>kraken</softwareName>
                <softwareVersion>4.3.13</softwareVersion>
            </processingSoftware>
        </Processing>
    </Description>
    <Tags>
        <OtherTag ID="TYPE_1" LABEL="DefaultLine"/>
        <OtherTag ID="TYPE_2" LABEL="TableZone"/>
        <OtherTag ID="TYPE_3" LABEL="MainZone-Other"/>
        <OtherTag ID="TYPE_4" LABEL="GraphicZone-FigDesc"/>
        <OtherTag ID="TYPE_5" LABEL="GraphicZone-Decoration"/>
        <OtherTag ID="TYPE_6" LABEL="GraphicZone-TextualContent"/>
        <OtherTag ID="TYPE_7" LABEL="DropCapitalZone"/>
        <OtherTag ID="TYPE_8" LABEL="MainZone-Sp"/>
        <OtherTag ID="TYPE_9" LABEL="MainZone-P"/>
        <OtherTag ID="TYPE_10" LABEL="MarginTextZone-Notes"/>
        <OtherTag ID="TYPE_11" LABEL="MainZone-Signature"/>
        <OtherTag ID="TYPE_12" LABEL="TitlePageZone-Index"/>
        <OtherTag ID="TYPE_13" LABEL="TableZone-Head"/>
        <OtherTag ID="TYPE_14" LABEL="NumberingZone"/>
        <OtherTag ID="TYPE_15" LABEL="GraphicZone-Part"/>
        <OtherTag ID="TYPE_16" LABEL="GraphicZone-Head"/>
        <OtherTag ID="TYPE_17" LABEL="FigureZone-FigDesc"/>
        <OtherTag ID="TYPE_18" LABEL="MainZone-P-Continued"/>
        <OtherTag ID="TYPE_19" LABEL="MainZone-List"/>
        <OtherTag ID="TYPE_20" LABEL="TitlePageZone"/>
        <OtherTag ID="TYPE_21" LABEL="GraphicZone-Maths"/>
        <OtherTag ID="TYPE_22" LABEL="FigureZone"/>
        <OtherTag ID="TYPE_23" LABEL="MainZone-Date"/>
        <OtherTag ID="TYPE_24" LABEL="GraphicZone"/>
        <OtherTag ID="TYPE_25" LABEL="AdvertisementZone"/>
        <OtherTag ID="TYPE_26" LABEL="MainZone-Lg"/>
        <OtherTag ID="TYPE_27" LABEL="QuireMarksZone"/>
        <OtherTag ID="TYPE_28" LABEL="TableZone-Continued"/>
        <OtherTag ID="TYPE_29" LABEL="MainZone-Form"/>
        <OtherTag ID="TYPE_30" LABEL="MainZone-Entry"/>
        <OtherTag ID="TYPE_31" LABEL="MarginTextZone-ManuscriptAddendum"/>
        <OtherTag ID="TYPE_32" LABEL="DigitizationArtefactZone"/>
        <OtherTag ID="TYPE_33" LABEL="MarginTextZone-Notes-Continued"/>
        <OtherTag ID="TYPE_34" LABEL="MainZone-Lg-Continued"/>
        <OtherTag ID="TYPE_35" LABEL="StampZone"/>
        <OtherTag ID="TYPE_36" LABEL="MainZone-Entry-Continued"/>
        <OtherTag ID="TYPE_37" LABEL="MainZone-List-Continued"/>
        <OtherTag ID="TYPE_38" LABEL="MainZone-Head"/>
        <OtherTag ID="TYPE_39" LABEL="MainZone-Sp-Continued"/>
        <OtherTag ID="TYPE_40" LABEL="RunningTitleZone"/>
        <OtherTag ID="TYPE_41" LABEL="FigureZone-Head"/>
        <OtherTag ID="TYPE_42" LABEL="StampZone-Sticker"/>
    </Tags>
    <Layout>
        <Page WIDTH="1000" HEIGHT="1448" PHYSICAL_IMG_NR="0" ID="page_0">
            <PrintSpace HPOS="0" VPOS="0" WIDTH="1000" HEIGHT="1448">
                <TextBlock ID="block_2" HPOS="602" VPOS="96" WIDTH="49" HEIGHT="34" TAGREFS="TYPE_14">
                    <Shape>
                        <Polygon POINTS="602.66455078125 96.35993957519531 651.4766845703125 96.35993957519531 651.4766845703125 130.1182403564453 602.66455078125 130.1182403564453 602.66455078125 96.35993957519531"/>
                    </Shape>
                    <TextLine ID="line_0" HPOS="604" VPOS="82" WIDTH="46" HEIGHT="56" BASELINE="604 117 650 117" TAGREFS="TYPE_1">
                        <Shape>
                            <Polygon POINTS="604 117 604 132 618 138 619 138 620 138 650 133 650 117 650 82 604 88 604 117"/>
                        </Shape>
                        <String CONTENT=""/>
                    </TextLine>
</TextBlock>
                <TextBlock ID="block_5" HPOS="234" VPOS="83" WIDTH="194" HEIGHT="40" TAGREFS="TYPE_40">
                    <Shape>
                        <Polygon POINTS="234.1808624267578 83.10087585449219 428.892578125 83.10087585449219 428.892578125 123.16044616699219 234.1808624267578 123.16044616699219 234.1808624267578 83.10087585449219"/>
                    </Shape>
                    <TextLine ID="line_1" HPOS="234" VPOS="104" WIDTH="194" HEIGHT="21" BASELINE="234 111 428 113" TAGREFS="TYPE_1">
                        <Shape>
                            <Polygon POINTS="427 104 419 104 411 104 403 104 395 104 387 104 379 104 371 104 363 104 355 104 347 104 339 104 331 104 323 104 315 104 307 104 299 104 291 104 283 104 275 104 267 104 259 104 251 104 242 104 234 104 234 111 234 123 279 125 280 125 303 121 320 119 325 121 333 124 333 124 334 124 335 124 351 120 356 119 366 120 419 124 419 124 420 124 421 124 427 119 428 113 427 104 427 104"/>
                        </Shape>
                        <String CONTENT=""/>
                    </TextLine>
</TextBlock>
                <TextBlock ID="block_3" HPOS="71" VPOS="129" WIDTH="581" HEIGHT="66" TAGREFS="TYPE_18">
                    <Shape>
                        <Polygon POINTS="71.99774169921875 129.03964233398438 652.4042358398438 129.03964233398438 652.4042358398438 195.95639038085938 71.99774169921875 195.95639038085938 71.99774169921875 129.03964233398438"/>
                    </Shape>
                    <TextLine ID="line_2" HPOS="70" VPOS="120" WIDTH="578" HEIGHT="47" BASELINE="71 151 648 154" TAGREFS="TYPE_1">
                        <Shape>
                            <Polygon POINTS="71 151 70 158 94 164 94 164 95 165 156 165 156 164 156 164 169 160 248 165 249 166 312 166 312 165 312 165 313 165 318 161 360 166 361 166 409 162 456 165 456 165 457 165 469 162 471 161 475 162 504 167 505 167 547 162 552 162 555 163 565 166 566 166 567 166 647 163 648 154 648 131 617 131 616 131 608 125 607 125 606 125 605 125 604 125 585 130 584 131 525 131 521 128 505 123 504 123 503 123 468 127 436 123 435 123 434 123 433 123 427 127 422 130 403 127 394 125 393 125 392 125 390 126 380 130 351 130 340 125 337 124 337 124 336 124 335 124 333 125 321 130 257 130 250 125 249 125 248 125 247 125 226 129 216 123 213 121 213 121 212 121 211 121 210 121 205 123 183 128 149 121 146 121 145 121 144 121 143 121 115 128 71 120 71 151"/>
                        </Shape>
                        <String CONTENT=""/>
                    </TextLine>

                    <TextLine ID="line_3" HPOS="72" VPOS="158" WIDTH="521" HEIGHT="41" BASELINE="73 184 593 187" TAGREFS="TYPE_1">
                        <Shape>
                            <Polygon POINTS="73 184 72 190 87 197 88 197 89 197 119 192 178 192 183 197 184 197 185 197 185 197 215 193 231 197 232 197 233 197 234 197 243 193 288 197 288 197 289 197 298 193 323 197 324 197 388 193 398 198 399 198 399 198 460 194 477 199 478 199 479 199 592 194 593 187 592 167 547 166 542 161 542 160 541 160 540 160 539 160 539 160 523 166 522 167 492 167 491 165 487 162 486 162 485 162 485 162 443 165 436 165 436 165 428 160 427 160 427 160 426 160 362 164 342 165 336 164 314 159 313 159 286 164 284 164 278 159 277 159 276 159 275 159 275 159 259 164 255 164 254 164 247 159 246 159 246 159 202 158 157 158 156 158 156 158 140 162 135 164 73 162 73 184"/>
                        </Shape>
                        <String CONTENT=""/>
                    </TextLine>
</TextBlock>
                <TextBlock ID="block_1" HPOS="70" VPOS="195" WIDTH="579" HEIGHT="162" TAGREFS="TYPE_9">
                    <Shape>
                        <Polygon POINTS="70.35209655761719 195.54017639160156 649.337158203125 195.54017639160156 649.337158203125 357.7386169433594 70.35209655761719 357.7386169433594 70.35209655761719 195.54017639160156"/>
                    </Shape>
                    <TextLine ID="line_4" HPOS="101" VPOS="191" WIDTH="545" HEIGHT="42" BASELINE="102 216 646 219" TAGREFS="TYPE_1">
                        <Shape>
                            <Polygon POINTS="102 216 101 224 110 230 111 230 111 230 112 230 189 225 192 225 197 225 258 229 259 229 345 227 402 226 406 228 412 231 413 231 414 231 456 229 510 226 539 230 551 232 551 233 646 233 646 219 645 196 581 199 565 196 554 193 553 193 552 193 547 196 539 199 534 196 532 193 531 193 530 193 530 193 529 193 522 196 510 199 491 199 488 196 485 193 485 193 484 193 483 193 482 193 481 193 471 196 465 197 459 196 445 193 444 193 444 193 427 196 418 198 409 196 397 193 396 193 395 193 395 193 382 196 374 198 328 198 325 197 316 192 315 192 314 192 263 196 235 191 234 191 201 197 200 197 198 197 169 191 168 191 131 197 130 197 129 197 110 191 109 191 108 191 107 191 106 191 102 194 102 216"/>
                        </Shape>
                        <String CONTENT=""/>
                    </TextLine>

                    <TextLine ID="line_5" HPOS="71" VPOS="222" WIDTH="574" HEIGHT="41" BASELINE="71 247 645 251" TAGREFS="TYPE_1">
                        <Shape>
                            <Polygon POINTS="71 247 71 259 160 256 164 259 165 260 166 260 167 260 205 261 205 261 227 259 247 257 251 259 254 261 255 261 255 261 358 262 358 262 359 262 360 262 364 259 366 258 409 258 415 259 430 263 431 263 432 263 432 263 433 263 437 259 438 259 502 259 506 259 530 263 531 263 644 259 645 251 645 232 465 231 463 230 457 225 456 225 456 225 455 225 426 229 416 230 413 229 402 224 401 224 260 223 259 223 259 223 258 223 253 227 251 229 232 227 186 222 140 222 139 222 139 222 138 222 133 226 131 228 123 226 118 224 117 224 116 224 71 225 71 247"/>
                        </Shape>
                        <String CONTENT=""/>
                    </TextLine>

                    <TextLine ID="line_6" HPOS="71" VPOS="255" WIDTH="575" HEIGHT="41" BASELINE="71 281 646 285" TAGREFS="TYPE_1">
                        <Shape>
                            <Polygon POINTS="71 281 71 292 172 288 184 292 185 293 186 293 187 294 245 294 245 293 249 293 300 289 327 294 330 294 331 294 333 294 353 290 369 294 370 294 370 294 380 294 530 291 645 296 646 285 646 258 606 258 605 258 604 258 604 258 595 265 532 265 511 259 510 259 510 259 509 259 508 259 501 264 472 264 467 259 466 259 465 259 465 259 464 259 463 259 456 263 394 263 375 257 374 256 373 256 372 256 371 256 370 257 353 263 329 256 325 256 325 256 324 256 323 256 314 263 303 263 298 259 298 258 297 258 296 258 296 258 295 258 285 262 273 256 272 256 271 256 271 256 267 256 232 260 226 256 225 255 224 255 223 255 222 255 213 256 190 259 167 256 152 255 151 255 141 256 111 261 71 256 71 281"/>
                        </Shape>
                        <String CONTENT=""/>
                    </TextLine>

                    <TextLine ID="line_7" HPOS="70" VPOS="287" WIDTH="579" HEIGHT="41" BASELINE="71 312 649 316" TAGREFS="TYPE_1">
                        <Shape>
                            <Polygon POINTS="484 287 481 287 473 287 465 287 457 287 449 287 441 287 433 287 428 287 427 287 427 287 420 289 406 293 397 289 393 287 392 287 385 287 377 287 369 287 361 287 353 287 345 287 337 287 330 287 326 288 310 292 300 288 297 287 296 287 292 287 290 288 282 292 273 288 271 287 266 287 264 288 255 293 220 293 215 287 208 287 200 287 192 287 186 287 181 291 102 292 94 287 87 287 79 287 71 287 71 312 70 320 82 325 83 325 84 325 209 321 259 326 259 326 358 322 386 327 387 327 456 323 468 327 469 327 469 327 535 324 600 328 600 328 601 328 613 324 637 328 638 328 639 328 648 323 649 316 648 292 625 294 620 291 617 288 616 288 615 288 568 288 567 288 567 288 566 288 566 289 563 291 559 295 505 295 492 290 485 287 484 287"/>
                        </Shape>
                        <String CONTENT=""/>
                    </TextLine>

                    <TextLine ID="line_8" HPOS="71" VPOS="318" WIDTH="315" HEIGHT="43" BASELINE="72 347 386 345" TAGREFS="TYPE_1">
                        <Shape>
                            <Polygon POINTS="72 347 72 361 100 354 164 358 164 358 197 354 234 358 235 358 236 358 237 358 237 357 242 353 307 358 325 359 326 359 386 357 386 345 386 326 362 318 361 318 360 318 359 318 340 323 332 318 331 318 330 318 291 318 290 318 289 318 288 318 288 319 282 325 281 326 239 326 238 324 231 319 230 319 230 319 229 319 228 319 227 319 227 320 222 324 220 327 197 327 195 324 189 319 188 319 187 319 186 319 161 324 151 326 139 324 130 322 129 322 128 322 127 322 126 324 123 326 117 324 105 319 104 319 103 319 71 323 72 347"/>
                        </Shape>
                        <String CONTENT=""/>
                    </TextLine>
</TextBlock>
                <TextBlock ID="block_0" HPOS="72" VPOS="357" WIDTH="584" HEIGHT="842" TAGREFS="TYPE_9">
                    <Shape>
                        <Polygon POINTS="72.90168762207031 357.16522216796875 656.3011474609375 357.16522216796875 656.3011474609375 1199.26123046875 72.90168762207031 1199.26123046875 72.90168762207031 357.16522216796875"/>
                    </Shape>
                    <TextLine ID="line_9" HPOS="102" VPOS="349" WIDTH="546" HEIGHT="43" BASELINE="102 378 648 381" TAGREFS="TYPE_1">
                        <Shape>
                            <Polygon POINTS="102 378 102 385 142 390 143 390 173 386 185 385 201 386 229 389 230 389 274 387 308 386 312 387 320 390 321 390 322 390 343 388 354 386 371 388 403 391 404 391 405 391 412 388 416 387 430 389 455 391 456 391 456 391 461 389 467 386 498 390 529 392 530 392 560 390 598 387 646 390 648 381 648 359 628 353 627 353 626 353 625 353 625 353 617 358 610 352 609 352 609 352 608 352 549 354 548 354 547 354 542 358 539 360 523 359 522 358 515 352 514 352 514 352 513 352 512 352 511 352 504 358 502 360 447 360 444 357 438 352 438 351 437 351 436 351 405 351 404 351 403 351 390 357 385 359 303 359 300 357 298 354 297 354 296 354 296 354 277 357 262 358 255 357 233 349 232 349 231 349 169 353 160 350 159 350 158 350 157 350 147 356 146 356 144 356 110 349 109 349 108 349 107 349 102 353 102 378"/>
                        </Shape>
                        <String CONTENT=""/>
                    </TextLine>

                    <TextLine ID="line_10" HPOS="72" VPOS="384" WIDTH="575" HEIGHT="42" BASELINE="73 409 647 412" TAGREFS="TYPE_1">
                        <Shape>
                            <Polygon POINTS="73 409 72 420 104 423 105 423 106 423 113 421 119 419 165 419 189 421 213 423 213 423 236 421 259 419 266 421 274 424 275 424 275 425 318 425 318 424 319 424 320 424 323 421 325 419 333 421 343 423 344 423 345 423 350 421 359 419 403 422 453 425 454 425 471 422 484 419 497 422 518 426 518 426 543 422 551 421 554 422 563 425 563 425 564 425 565 425 572 422 576 420 580 422 588 425 589 425 590 425 591 425 602 422 611 420 646 422 647 412 646 393 627 393 626 392 618 386 617 386 617 386 585 386 584 386 584 386 583 386 576 392 575 393 561 391 503 386 502 386 469 390 459 392 411 392 410 390 405 386 405 386 404 386 403 386 382 386 381 386 380 386 379 386 373 390 368 392 311 392 308 389 303 385 302 385 301 385 300 385 300 385 285 389 275 392 255 392 251 389 247 386 246 386 246 386 245 386 244 386 243 386 240 389 236 391 222 391 218 388 213 384 213 384 212 384 211 384 184 388 166 390 154 388 140 384 139 384 139 384 73 386 73 409"/>
                        </Shape>
                        <String CONTENT=""/>
                    </TextLine>

                    <TextLine ID="line_11" HPOS="70" VPOS="417" WIDTH="578" HEIGHT="41" BASELINE="71 442 648 444" TAGREFS="TYPE_1">
                        <Shape>
                            <Polygon POINTS="70 448 101 450 111 456 111 456 112 456 113 457 137 457 137 456 138 456 150 450 215 450 223 454 224 454 225 454 262 450 302 457 303 457 338 452 401 457 402 457 403 457 415 452 428 457 429 457 430 457 469 453 486 458 487 458 488 458 555 452 571 456 572 456 572 456 647 451 648 444 646 419 469 426 446 422 445 422 419 425 406 419 405 419 364 419 363 419 362 419 362 419 353 426 327 426 318 420 317 420 316 420 316 420 315 420 296 425 275 419 274 419 273 419 272 419 253 424 246 418 245 418 244 418 243 418 242 418 226 424 212 418 211 418 210 418 209 418 189 424 169 420 168 420 99 424 72 417 71 442 70 448"/>
                        </Shape>
                        <String CONTENT=""/>
                    </TextLine>

                    <TextLine ID="line_12" HPOS="71" VPOS="448" WIDTH="578" HEIGHT="41" BASELINE="72 473 649 477" TAGREFS="TYPE_1">
                        <Shape>
                            <Polygon POINTS="72 473 71 480 116 485 117 485 157 481 160 481 164 481 205 486 205 486 257 483 270 482 280 483 314 487 315 487 362 485 386 483 391 485 397 487 398 487 399 487 420 485 436 484 446 485 460 488 460 489 648 489 649 477 649 458 630 452 629 452 577 452 576 452 576 452 563 457 560 459 537 459 534 456 519 451 518 451 518 451 492 456 489 457 419 457 313 457 308 453 303 449 302 449 301 449 300 449 283 450 282 450 281 450 281 451 278 453 275 456 234 455 230 452 224 449 223 449 139 448 139 448 138 448 137 448 137 449 135 451 130 455 112 450 103 448 102 448 72 449 72 473"/>
                        </Shape>
                        <String CONTENT=""/>
                    </TextLine>

                    <TextLine ID="line_13" HPOS="71" VPOS="481" WIDTH="577" HEIGHT="44" BASELINE="72 507 648 510" TAGREFS="TYPE_1">
                        <Shape>
                            <Polygon POINTS="72 507 71 515 81 522 82 522 82 522 83 522 84 522 106 516 152 522 152 522 174 522 174 522 175 522 176 522 184 516 191 516 230 516 244 522 245 522 246 522 246 522 247 522 255 517 256 517 331 517 337 518 360 522 361 522 401 518 412 518 414 518 423 523 424 523 425 524 493 524 493 523 494 523 495 523 499 519 502 518 504 519 510 524 511 524 512 524 513 525 533 525 533 524 534 524 534 524 540 520 543 518 558 518 561 520 566 524 567 524 567 524 568 524 647 521 648 510 646 487 610 489 605 487 602 484 601 484 600 484 583 484 582 484 581 484 574 487 569 489 539 490 532 487 531 486 530 486 530 486 526 487 504 490 473 487 440 483 440 483 439 483 438 483 432 487 427 490 400 490 395 487 389 483 388 483 387 483 386 483 317 486 309 482 308 482 308 482 307 482 306 482 300 487 296 489 254 489 242 487 214 481 213 481 213 481 200 487 196 489 126 489 124 487 119 482 119 481 118 481 117 481 102 481 102 481 101 481 100 481 94 487 91 488 72 487 72 507"/>
                        </Shape>
                        <String CONTENT=""/>
                    </TextLine>

                    <TextLine ID="line_14" HPOS="70" VPOS="516" WIDTH="576" HEIGHT="39" BASELINE="71 538 646 540" TAGREFS="TYPE_1">
                        <Shape>
                            <Polygon POINTS="71 538 70 549 75 552 76 552 77 552 78 552 106 548 113 547 115 548 123 552 123 552 124 552 158 548 167 547 169 548 181 554 182 554 183 555 208 555 208 554 209 554 225 548 229 547 352 547 366 549 400 552 401 552 436 549 436 549 448 555 448 555 449 555 475 549 476 548 510 548 513 549 526 555 527 555 528 555 572 555 572 555 572 555 573 555 578 551 632 555 633 555 633 555 645 549 646 540 645 522 567 517 567 517 545 521 539 522 531 521 510 517 510 517 473 520 458 522 452 520 442 517 441 517 440 517 423 520 412 522 323 522 320 519 316 516 316 516 315 516 314 516 279 519 259 521 251 519 238 516 238 516 237 516 236 516 227 519 221 522 156 522 152 518 149 516 148 516 148 516 104 516 103 516 102 516 102 516 99 518 95 521 71 518 71 538"/>
                        </Shape>
                        <String CONTENT=""/>
                    </TextLine>

                    <TextLine ID="line_15" HPOS="69" VPOS="546" WIDTH="580" HEIGHT="39" BASELINE="70 571 649 575" TAGREFS="TYPE_1">
                        <Shape>
                            <Polygon POINTS="70 571 69 582 647 585 649 575 649 555 628 549 627 549 626 549 625 549 625 549 616 555 616 555 572 555 572 555 566 551 565 551 564 551 563 551 563 551 552 554 546 549 545 549 544 549 543 549 543 549 531 555 530 555 493 555 492 555 473 547 472 547 471 547 470 547 457 551 450 547 449 547 448 547 416 547 415 547 415 547 414 547 404 554 396 547 395 547 395 547 394 547 355 550 349 546 348 546 347 546 279 546 278 546 277 546 276 546 268 553 267 554 239 554 238 553 230 546 230 546 229 546 228 546 186 552 185 552 70 552 70 571"/>
                        </Shape>
                        <String CONTENT=""/>
                    </TextLine>

                    <TextLine ID="line_16" HPOS="73" VPOS="577" WIDTH="575" HEIGHT="43" BASELINE="73 603 648 606" TAGREFS="TYPE_1">
                        <Shape>
                            <Polygon POINTS="73 603 73 617 155 612 165 617 168 617 168 617 169 618 213 618 213 617 226 617 267 612 273 616 275 618 276 618 277 618 278 619 295 619 295 618 307 616 329 612 373 616 410 619 411 619 411 619 419 616 427 612 459 612 463 615 464 617 465 617 465 617 466 617 480 615 504 612 521 615 531 617 532 617 547 615 561 613 567 615 584 620 584 620 585 620 586 620 600 615 647 615 648 606 645 580 636 585 608 580 606 580 605 580 604 580 604 580 599 584 586 580 585 580 584 580 584 580 567 585 562 580 562 580 561 580 560 580 519 580 518 580 518 580 504 585 481 585 475 580 475 579 474 579 473 579 473 579 472 579 469 580 455 583 435 580 431 579 430 579 429 579 428 579 421 584 406 579 404 579 403 579 403 579 402 579 400 579 383 584 345 584 337 579 334 578 333 578 316 578 315 578 314 578 313 578 312 579 306 584 294 579 292 578 291 578 274 578 273 578 272 578 271 578 271 579 264 584 244 584 238 579 237 578 236 578 235 578 234 578 229 579 205 584 178 584 173 579 172 578 172 577 171 577 170 577 155 577 154 577 153 577 152 577 151 579 145 583 73 579 73 603"/>
                        </Shape>
                        <String CONTENT=""/>
                    </TextLine>

                    <TextLine ID="line_17" HPOS="72" VPOS="610" WIDTH="577" HEIGHT="39" BASELINE="73 636 649 639" TAGREFS="TYPE_1">
                        <Shape>
                            <Polygon POINTS="73 636 72 641 94 647 95 647 195 644 217 643 647 649 649 639 648 615 599 612 598 612 597 612 590 615 587 616 582 615 570 612 569 612 568 612 567 612 567 612 563 615 556 619 543 619 535 615 530 612 529 612 444 611 443 611 442 611 428 615 419 617 410 615 404 613 403 613 403 613 402 613 396 615 387 617 369 615 333 610 332 610 310 615 302 617 283 617 282 615 276 610 275 610 275 610 274 610 273 610 272 610 266 615 260 611 260 610 259 610 259 610 218 610 218 610 217 610 216 610 209 615 208 616 73 616 73 636"/>
                        </Shape>
                        <String CONTENT=""/>
                    </TextLine>

                    <TextLine ID="line_18" HPOS="73" VPOS="641" WIDTH="575" HEIGHT="41" BASELINE="74 669 648 672" TAGREFS="TYPE_1">
                        <Shape>
                            <Polygon POINTS="74 669 73 674 186 675 187 676 197 680 197 680 198 680 199 680 213 676 216 676 218 677 234 681 234 681 235 682 274 682 274 681 275 681 275 681 280 677 282 677 338 677 344 678 361 682 362 682 388 678 396 678 409 678 443 682 444 682 469 679 485 678 493 679 504 682 505 682 506 682 529 680 544 678 550 680 557 682 558 682 559 682 647 681 648 672 647 651 619 644 606 644 605 644 604 644 604 644 604 645 597 649 596 650 592 649 566 646 565 646 564 646 555 649 550 650 549 649 544 645 544 645 543 645 543 645 542 645 518 649 515 649 514 649 505 643 504 643 503 643 502 643 490 648 485 649 461 647 415 643 414 643 413 643 412 643 408 646 407 648 401 646 395 645 394 645 393 645 383 646 362 649 338 645 323 642 322 642 304 645 275 649 249 644 248 644 247 644 246 644 241 649 174 649 163 642 163 641 162 641 161 641 160 641 156 641 111 648 102 641 101 641 100 641 74 641 74 669"/>
                        </Shape>
                        <String CONTENT=""/>
                    </TextLine>

                    <TextLine ID="line_19" HPOS="74" VPOS="672" WIDTH="572" HEIGHT="43" BASELINE="74 699 646 704" TAGREFS="TYPE_1">
                        <Shape>
                            <Polygon POINTS="74 706 86 711 87 711 88 711 141 707 142 707 209 712 209 712 210 712 211 712 218 708 228 712 229 712 230 712 257 709 265 708 314 708 316 710 319 713 320 713 320 713 321 713 345 711 358 709 384 711 423 714 423 714 452 712 475 711 483 712 492 715 493 715 493 715 646 715 646 704 646 684 613 684 612 683 604 677 603 677 602 677 601 677 567 681 551 676 551 676 526 676 525 676 524 676 523 676 517 681 516 682 512 681 490 676 489 676 489 676 488 676 482 680 478 682 419 682 416 679 412 676 412 675 411 675 411 675 387 675 386 675 386 675 385 675 381 678 375 682 365 678 361 677 360 677 359 677 353 678 335 681 330 678 327 674 326 674 325 674 325 674 308 677 282 681 271 676 265 674 264 674 263 674 263 674 257 676 247 681 197 681 189 674 189 674 188 674 187 674 186 674 185 674 184 674 170 680 154 680 141 674 139 673 139 673 138 673 137 673 135 674 120 679 113 674 112 674 111 674 111 674 86 679 76 672 74 699 74 706"/>
                        </Shape>
                        <String CONTENT=""/>
                    </TextLine>

                    <TextLine ID="line_20" HPOS="74" VPOS="706" WIDTH="576" HEIGHT="43" BASELINE="75 732 650 736" TAGREFS="TYPE_1">
                        <Shape>
                            <Polygon POINTS="75 732 74 740 87 745 88 745 89 745 90 745 102 741 115 745 115 745 116 745 181 741 188 741 213 741 553 748 554 749 592 749 592 748 593 748 594 748 599 744 637 748 637 748 638 748 649 744 650 736 649 716 630 716 629 715 617 709 617 709 603 709 602 709 601 709 600 709 592 715 592 715 588 715 534 711 533 711 469 715 462 715 461 715 448 708 448 708 447 708 446 708 424 715 423 715 422 715 407 707 407 707 406 707 405 707 386 714 385 714 365 710 364 710 363 710 350 714 349 714 347 714 306 707 305 707 262 711 239 707 238 707 238 707 237 707 228 713 215 707 214 707 213 707 213 707 199 713 198 713 181 713 181 712 172 706 172 706 171 706 170 706 169 706 148 712 138 706 137 706 136 706 135 706 117 707 116 707 115 707 115 707 110 712 109 712 97 708 96 708 95 708 75 711 75 732"/>
                        </Shape>
                        <String CONTENT=""/>
                    </TextLine>

                    <TextLine ID="line_21" HPOS="73" VPOS="740" WIDTH="577" HEIGHT="37" BASELINE="73 765 650 769" TAGREFS="TYPE_1">
                        <Shape>
                            <Polygon POINTS="73 765 73 777 649 777 650 769 649 744 98 744 73 740 73 765"/>
                        </Shape>
                        <String CONTENT=""/>
                    </TextLine>

                    <TextLine ID="line_22" HPOS="74" VPOS="772" WIDTH="573" HEIGHT="40" BASELINE="74 798 647 799" TAGREFS="TYPE_1">
                        <Shape>
                            <Polygon POINTS="74 806 115 806 120 811 121 811 122 811 123 811 360 807 380 812 381 812 382 812 409 808 415 812 415 812 416 812 417 812 476 808 481 812 482 812 483 812 484 812 566 808 614 812 615 812 646 807 647 799 646 781 618 773 617 773 539 777 515 773 514 773 514 773 502 778 501 778 499 778 484 775 483 775 482 775 481 775 478 777 475 781 439 781 435 777 430 773 429 773 428 773 400 773 399 773 382 777 362 780 351 776 345 773 345 773 344 773 322 775 285 779 277 775 273 773 272 773 271 773 271 773 264 774 250 780 179 780 173 774 172 774 172 774 171 774 170 774 160 777 155 773 154 773 153 773 122 773 121 773 120 773 102 779 75 772 74 798 74 806"/>
                        </Shape>
                        <String CONTENT=""/>
                    </TextLine>

                    <TextLine ID="line_23" HPOS="72" VPOS="803" WIDTH="577" HEIGHT="44" BASELINE="73 830 649 834" TAGREFS="TYPE_1">
                        <Shape>
                            <Polygon POINTS="73 830 72 837 91 843 92 843 93 844 192 844 192 843 193 843 213 839 339 844 340 844 341 844 352 839 399 843 400 843 459 841 466 845 467 845 468 845 469 845 469 845 485 841 505 846 506 846 506 846 507 846 508 846 514 841 537 846 538 847 596 847 596 846 596 846 606 841 639 845 640 845 641 845 641 845 648 840 649 834 648 813 519 813 518 812 514 808 513 808 512 808 511 808 510 808 499 811 493 806 493 806 493 806 492 806 491 806 490 806 475 810 469 806 468 806 467 806 408 805 407 805 407 805 391 811 390 811 388 811 361 804 360 804 359 804 326 810 325 810 325 810 263 804 263 804 236 810 234 810 233 810 217 803 216 803 187 803 186 803 185 803 185 803 176 810 175 810 116 810 115 810 98 805 97 805 96 805 73 809 73 830"/>
                        </Shape>
                        <String CONTENT=""/>
                    </TextLine>

                    <TextLine ID="line_24" HPOS="71" VPOS="836" WIDTH="578" HEIGHT="41" BASELINE="72 862 649 865" TAGREFS="TYPE_1">
                        <Shape>
                            <Polygon POINTS="72 862 71 869 87 875 88 875 89 875 215 871 251 876 251 876 354 872 366 876 366 876 367 876 438 872 443 876 444 876 444 876 508 877 509 877 648 872 649 865 648 846 586 846 585 845 579 841 578 841 577 841 576 841 576 841 567 845 557 839 556 839 555 839 502 838 502 838 501 838 477 844 460 838 460 838 459 838 458 838 441 844 440 844 427 838 426 838 384 838 383 838 382 838 382 838 374 844 374 845 362 845 360 844 350 837 349 837 349 837 348 837 347 837 335 843 334 844 288 844 288 843 274 837 273 837 272 837 224 842 218 837 218 836 217 836 216 836 215 836 181 843 166 843 159 843 145 836 144 836 144 836 143 836 142 836 133 843 72 843 72 862"/>
                        </Shape>
                        <String CONTENT=""/>
                    </TextLine>

                    <TextLine ID="line_25" HPOS="75" VPOS="868" WIDTH="568" HEIGHT="43" BASELINE="75 896 643 897" TAGREFS="TYPE_1">
                        <Shape>
                            <Polygon POINTS="75 896 76 909 86 905 107 909 114 910 115 910 147 909 228 905 236 908 241 910 242 910 242 911 314 911 314 910 315 910 323 907 328 905 340 907 365 910 366 910 366 910 367 910 372 907 374 905 420 905 426 906 437 909 438 909 439 909 479 905 485 905 486 905 502 910 503 910 504 910 533 906 622 910 623 910 624 910 642 904 643 897 642 871 609 868 609 868 608 868 602 871 592 875 583 871 576 868 576 868 575 868 574 868 573 868 570 871 566 874 557 871 551 869 550 869 549 869 548 869 540 872 526 876 477 876 442 872 398 868 397 868 396 868 395 868 390 872 388 875 382 872 372 869 371 869 370 869 370 869 369 869 364 872 359 876 312 876 303 873 280 868 279 868 242 873 238 874 236 874 230 868 229 868 228 868 192 868 191 868 190 868 176 874 174 876 140 876 139 875 123 868 123 868 85 868 84 868 83 868 82 868 75 873 75 896"/>
                        </Shape>
                        <String CONTENT=""/>
                    </TextLine>

                    <TextLine ID="line_26" HPOS="74" VPOS="902" WIDTH="576" HEIGHT="38" BASELINE="74 927 650 929" TAGREFS="TYPE_1">
                        <Shape>
                            <Polygon POINTS="74 927 74 935 648 940 650 929 650 910 635 910 635 909 628 904 627 904 626 904 625 904 625 904 613 909 594 904 593 904 592 904 564 909 563 909 563 909 541 905 540 905 513 909 511 909 510 909 486 904 485 904 432 909 426 904 426 903 425 903 424 903 404 903 403 903 403 903 402 903 393 909 356 904 355 904 354 904 338 909 337 909 324 905 323 905 322 905 286 909 283 909 282 909 267 902 266 902 265 902 139 908 136 908 135 908 84 902 83 902 82 902 82 902 74 906 74 927"/>
                        </Shape>
                        <String CONTENT=""/>
                    </TextLine>

                    <TextLine ID="line_27" HPOS="72" VPOS="936" WIDTH="578" HEIGHT="41" BASELINE="73 960 650 962" TAGREFS="TYPE_1">
                        <Shape>
                            <Polygon POINTS="73 960 72 967 83 972 84 972 85 972 165 970 178 975 179 975 180 975 181 975 201 969 210 973 211 973 212 973 257 969 264 974 265 974 266 974 267 974 288 970 295 975 296 975 296 975 297 975 364 970 374 976 375 976 376 976 377 977 401 977 401 976 402 976 415 970 458 970 469 976 470 976 471 977 497 977 497 976 498 976 499 976 507 970 549 976 550 976 551 976 574 970 596 976 597 976 598 976 599 976 600 976 604 971 613 974 613 974 614 974 650 969 650 962 650 943 537 937 536 937 535 937 523 942 522 943 441 943 440 942 427 937 426 937 425 937 424 937 423 937 416 942 415 943 383 943 382 942 363 936 362 936 362 936 361 936 349 942 349 942 316 942 316 942 308 936 308 936 307 936 306 936 279 942 279 942 256 942 255 942 249 936 248 936 247 936 246 936 160 941 152 936 152 936 151 936 102 936 101 936 100 936 99 936 92 942 90 942 73 942 73 960"/>
                        </Shape>
                        <String CONTENT=""/>
                    </TextLine>

                    <TextLine ID="line_28" HPOS="72" VPOS="968" WIDTH="579" HEIGHT="37" BASELINE="73 992 651 994" TAGREFS="TYPE_1">
                        <Shape>
                            <Polygon POINTS="73 992 72 1001 510 1005 511 1005 512 1005 513 1005 518 1001 519 1001 561 1001 574 1005 575 1005 576 1005 576 1005 577 1005 582 1001 650 1001 651 994 650 974 610 970 609 970 609 970 608 970 603 974 600 976 522 976 518 973 515 970 514 970 514 970 513 970 512 970 505 973 494 976 365 976 352 970 346 969 345 969 345 969 344 969 338 970 325 974 286 970 285 970 255 974 246 970 244 969 243 969 157 969 156 969 156 969 139 974 73 968 73 992"/>
                        </Shape>
                        <String CONTENT=""/>
                    </TextLine>

                    <TextLine ID="line_29" HPOS="74" VPOS="998" WIDTH="578" HEIGHT="43" BASELINE="74 1025 652 1025" TAGREFS="TYPE_1">
                        <Shape>
                            <Polygon POINTS="74 1025 74 1041 110 1041 110 1040 111 1040 111 1040 125 1034 203 1034 211 1039 212 1040 213 1040 213 1040 214 1040 215 1040 218 1039 230 1035 236 1039 238 1040 239 1040 240 1040 241 1040 253 1039 279 1034 318 1034 323 1037 323 1038 324 1038 325 1038 325 1038 335 1037 375 1034 382 1037 391 1040 392 1040 393 1041 452 1041 452 1040 483 1036 494 1034 511 1035 575 1040 576 1040 576 1040 598 1034 600 1034 601 1034 633 1040 633 1040 634 1040 652 1033 652 1025 650 1000 635 1003 624 1000 616 998 615 998 614 998 613 998 607 1000 595 1005 589 1000 588 999 588 999 587 999 566 998 565 998 564 998 563 998 559 1001 551 1006 510 1006 497 1001 489 999 489 999 488 999 475 1001 459 1006 407 1006 400 1002 395 999 394 999 393 999 392 999 386 1002 380 1006 354 1006 344 1003 327 998 326 998 325 998 296 1002 266 998 265 998 241 1003 233 1005 228 1003 215 998 214 998 213 998 213 998 190 1003 179 998 178 998 115 998 114 998 113 998 101 1004 99 1005 74 1005 74 1025"/>
                        </Shape>
                        <String CONTENT=""/>
                    </TextLine>

                    <TextLine ID="line_30" HPOS="74" VPOS="1031" WIDTH="576" HEIGHT="39" BASELINE="75 1054 650 1057" TAGREFS="TYPE_1">
                        <Shape>
                            <Polygon POINTS="75 1054 74 1065 222 1069 222 1069 257 1065 266 1065 271 1065 288 1069 289 1069 290 1069 297 1065 300 1065 308 1065 336 1069 337 1069 357 1065 362 1065 369 1065 390 1069 391 1069 477 1065 487 1065 493 1065 539 1070 540 1070 650 1065 650 1057 650 1039 641 1033 640 1033 639 1033 638 1033 637 1033 637 1033 627 1040 576 1040 562 1040 561 1039 505 1032 477 1032 476 1032 475 1032 474 1032 469 1037 463 1033 463 1032 462 1032 461 1032 460 1032 460 1032 444 1037 427 1032 426 1032 425 1032 424 1032 423 1032 416 1038 415 1039 383 1039 382 1038 375 1033 374 1033 374 1033 373 1033 372 1033 363 1038 362 1038 339 1038 337 1038 328 1032 327 1032 326 1032 325 1032 325 1032 311 1037 267 1032 267 1032 242 1037 241 1037 234 1032 234 1032 233 1032 201 1031 178 1031 177 1031 176 1031 176 1031 168 1036 160 1031 159 1031 158 1031 157 1031 134 1036 75 1036 75 1054"/>
                        </Shape>
                        <String CONTENT=""/>
                    </TextLine>

                    <TextLine ID="line_31" HPOS="77" VPOS="1062" WIDTH="573" HEIGHT="43" BASELINE="77 1088 650 1091" TAGREFS="TYPE_1">
                        <Shape>
                            <Polygon POINTS="77 1088 77 1101 243 1098 251 1102 251 1102 252 1102 253 1102 256 1102 277 1098 284 1102 285 1102 286 1102 287 1102 288 1102 288 1102 304 1098 354 1098 374 1102 375 1102 376 1102 485 1098 497 1102 497 1102 498 1102 567 1099 581 1104 582 1104 583 1105 650 1105 650 1091 649 1069 636 1069 633 1069 627 1064 626 1064 625 1064 625 1064 624 1064 607 1068 599 1070 593 1068 582 1064 581 1064 580 1064 580 1064 567 1068 560 1070 556 1068 548 1064 547 1064 501 1063 500 1063 499 1063 480 1068 473 1069 466 1068 448 1064 448 1064 447 1064 446 1064 440 1068 437 1069 432 1068 421 1065 420 1065 419 1065 419 1065 407 1068 403 1069 398 1068 385 1063 384 1063 383 1063 382 1063 370 1068 366 1069 364 1068 361 1065 360 1065 359 1065 358 1065 358 1065 347 1068 345 1069 343 1068 335 1062 334 1062 333 1062 292 1062 292 1062 291 1062 280 1068 278 1069 276 1068 263 1062 263 1062 262 1062 222 1068 218 1068 214 1068 187 1064 186 1064 167 1068 164 1068 164 1068 152 1062 152 1062 151 1062 150 1062 139 1068 139 1068 77 1068 77 1088"/>
                        </Shape>
                        <String CONTENT=""/>
                    </TextLine>

                    <TextLine ID="line_32" HPOS="74" VPOS="1094" WIDTH="575" HEIGHT="42" BASELINE="75 1121 649 1125" TAGREFS="TYPE_1">
                        <Shape>
                            <Polygon POINTS="75 1121 74 1127 98 1133 98 1133 152 1130 238 1134 238 1134 258 1130 304 1135 305 1135 306 1135 319 1131 346 1135 347 1135 418 1131 456 1135 457 1135 526 1131 533 1136 534 1136 534 1136 535 1136 536 1136 551 1132 592 1136 593 1136 648 1131 649 1125 647 1103 618 1104 616 1102 604 1097 604 1097 478 1096 477 1096 477 1096 476 1096 467 1102 465 1104 451 1104 448 1102 440 1097 440 1097 439 1097 438 1097 437 1097 436 1097 430 1102 427 1103 402 1103 400 1102 395 1098 394 1098 393 1098 392 1098 391 1098 390 1098 385 1102 383 1103 345 1103 343 1102 336 1096 335 1096 334 1096 333 1096 333 1096 332 1096 332 1097 326 1102 325 1103 308 1103 306 1102 300 1096 300 1095 299 1095 298 1095 267 1094 267 1094 200 1101 191 1102 188 1101 164 1094 164 1094 163 1094 139 1094 138 1094 125 1101 124 1101 109 1094 108 1094 107 1094 75 1100 75 1121"/>
                        </Shape>
                        <String CONTENT=""/>
                    </TextLine>

                    <TextLine ID="line_33" HPOS="75" VPOS="1127" WIDTH="575" HEIGHT="41" BASELINE="76 1154 650 1155" TAGREFS="TYPE_1">
                        <Shape>
                            <Polygon POINTS="76 1154 75 1162 121 1167 122 1167 313 1163 325 1163 328 1163 362 1168 363 1168 473 1164 628 1168 629 1168 649 1163 650 1155 649 1137 510 1137 499 1134 475 1129 474 1129 473 1129 473 1129 473 1130 468 1134 466 1135 440 1136 432 1133 424 1129 423 1129 423 1129 422 1129 408 1132 395 1136 389 1132 385 1129 384 1129 383 1129 362 1128 362 1128 318 1131 256 1135 223 1130 214 1128 171 1128 170 1128 169 1128 168 1128 154 1135 142 1128 141 1128 140 1128 139 1128 121 1135 106 1129 106 1129 76 1127 76 1154"/>
                        </Shape>
                        <String CONTENT=""/>
                    </TextLine>

                    <TextLine ID="line_34" HPOS="77" VPOS="1160" WIDTH="576" HEIGHT="55" BASELINE="77 1187 638 1191 653 1188" TAGREFS="TYPE_1">
                        <Shape>
                            <Polygon POINTS="77 1187 77 1209 98 1205 109 1210 113 1212 114 1212 139 1213 140 1213 141 1213 142 1213 146 1210 149 1207 170 1206 201 1210 231 1214 232 1214 233 1214 234 1214 238 1210 242 1207 260 1207 272 1210 283 1214 284 1214 379 1215 380 1215 396 1214 397 1214 398 1214 402 1211 411 1205 432 1209 433 1209 434 1209 435 1209 443 1204 537 1204 614 1205 625 1212 629 1214 629 1214 630 1214 631 1214 652 1212 653 1188 650 1168 606 1164 605 1164 604 1164 596 1167 585 1170 581 1166 580 1166 580 1166 516 1163 515 1163 514 1163 506 1165 490 1170 429 1170 400 1164 390 1162 389 1162 388 1162 387 1162 386 1164 379 1169 314 1169 277 1168 258 1162 255 1161 255 1161 254 1161 253 1161 252 1161 252 1162 242 1168 216 1168 205 1161 204 1161 203 1161 202 1161 201 1161 201 1161 193 1167 160 1163 160 1163 159 1163 150 1167 133 1160 132 1160 77 1160 77 1187"/>
                        </Shape>
                        <String CONTENT=""/>
                    </TextLine>
</TextBlock>
                <TextBlock ID="block_4" HPOS="482" VPOS="1200" WIDTH="56" HEIGHT="34" TAGREFS="TYPE_27">
                    <Shape>
                        <Polygon POINTS="482.228515625 1200.90625 538.7718505859375 1200.90625 538.7718505859375 1234.95361328125 482.228515625 1234.95361328125 482.228515625 1200.90625"/>
                    </Shape>
                    <TextLine ID="line_35" HPOS="479" VPOS="1193" WIDTH="60" HEIGHT="52" BASELINE="481 1222 539 1221" TAGREFS="TYPE_1">
                        <Shape>
                            <Polygon POINTS="481 1222 481 1244 539 1245 539 1221 537 1199 491 1193 490 1193 489 1193 489 1193 479 1198 481 1222"/>
                        </Shape>
                        <String CONTENT=""/>
                    </TextLine>
</TextBlock>
            </PrintSpace>
        </Page>
    </Layout>
</alto>