<?xml version="1.0" encoding="UTF-8"?>
<alto xmlns:xsi="http://www.w3.org/2001/XMLSchema-instance"
    xmlns="http://www.loc.gov/standards/alto/ns-v4#"
    xsi:schemaLocation="http://www.loc.gov/standards/alto/ns-v4# http://www.loc.gov/standards/alto/v4/alto-4-3.xsd">
    <Description>
        <MeasurementUnit>pixel</MeasurementUnit>
        <sourceImageInformation>
            <fileName>2013403.jpeg</fileName>
        </sourceImageInformation>
        <Processing ID="OCR_0">
            <processingCategory>other</processingCategory>
            <processingStepDescription>unknown</processingStepDescription>
            <processingSoftware>
                <softwareName>kraken</softwareName>
                <softwareVersion>4.3.13</softwareVersion>
            </processingSoftware>
        </Processing>
    </Description>
    <Tags>
        <OtherTag ID="TYPE_1" LABEL="DefaultLine"/>
        <OtherTag ID="TYPE_2" LABEL="TableZone"/>
        <OtherTag ID="TYPE_3" LABEL="MainZone-Other"/>
        <OtherTag ID="TYPE_4" LABEL="GraphicZone-FigDesc"/>
        <OtherTag ID="TYPE_5" LABEL="GraphicZone-Decoration"/>
        <OtherTag ID="TYPE_6" LABEL="GraphicZone-TextualContent"/>
        <OtherTag ID="TYPE_7" LABEL="DropCapitalZone"/>
        <OtherTag ID="TYPE_8" LABEL="MainZone-Sp"/>
        <OtherTag ID="TYPE_9" LABEL="MainZone-P"/>
        <OtherTag ID="TYPE_10" LABEL="MarginTextZone-Notes"/>
        <OtherTag ID="TYPE_11" LABEL="MainZone-Signature"/>
        <OtherTag ID="TYPE_12" LABEL="TitlePageZone-Index"/>
        <OtherTag ID="TYPE_13" LABEL="TableZone-Head"/>
        <OtherTag ID="TYPE_14" LABEL="NumberingZone"/>
        <OtherTag ID="TYPE_15" LABEL="GraphicZone-Part"/>
        <OtherTag ID="TYPE_16" LABEL="GraphicZone-Head"/>
        <OtherTag ID="TYPE_17" LABEL="FigureZone-FigDesc"/>
        <OtherTag ID="TYPE_18" LABEL="MainZone-P-Continued"/>
        <OtherTag ID="TYPE_19" LABEL="MainZone-List"/>
        <OtherTag ID="TYPE_20" LABEL="TitlePageZone"/>
        <OtherTag ID="TYPE_21" LABEL="GraphicZone-Maths"/>
        <OtherTag ID="TYPE_22" LABEL="FigureZone"/>
        <OtherTag ID="TYPE_23" LABEL="MainZone-Date"/>
        <OtherTag ID="TYPE_24" LABEL="GraphicZone"/>
        <OtherTag ID="TYPE_25" LABEL="AdvertisementZone"/>
        <OtherTag ID="TYPE_26" LABEL="MainZone-Lg"/>
        <OtherTag ID="TYPE_27" LABEL="QuireMarksZone"/>
        <OtherTag ID="TYPE_28" LABEL="TableZone-Continued"/>
        <OtherTag ID="TYPE_29" LABEL="MainZone-Form"/>
        <OtherTag ID="TYPE_30" LABEL="MainZone-Entry"/>
        <OtherTag ID="TYPE_31" LABEL="MarginTextZone-ManuscriptAddendum"/>
        <OtherTag ID="TYPE_32" LABEL="DigitizationArtefactZone"/>
        <OtherTag ID="TYPE_33" LABEL="MarginTextZone-Notes-Continued"/>
        <OtherTag ID="TYPE_34" LABEL="MainZone-Lg-Continued"/>
        <OtherTag ID="TYPE_35" LABEL="StampZone"/>
        <OtherTag ID="TYPE_36" LABEL="MainZone-Entry-Continued"/>
        <OtherTag ID="TYPE_37" LABEL="MainZone-List-Continued"/>
        <OtherTag ID="TYPE_38" LABEL="MainZone-Head"/>
        <OtherTag ID="TYPE_39" LABEL="MainZone-Sp-Continued"/>
        <OtherTag ID="TYPE_40" LABEL="RunningTitleZone"/>
        <OtherTag ID="TYPE_41" LABEL="FigureZone-Head"/>
        <OtherTag ID="TYPE_42" LABEL="StampZone-Sticker"/>
    </Tags>
    <Layout>
        <Page WIDTH="1000" HEIGHT="1448" PHYSICAL_IMG_NR="0" ID="page_0">
            <PrintSpace HPOS="0" VPOS="0" WIDTH="1000" HEIGHT="1448">
                <TextBlock ID="block_2" HPOS="580" VPOS="95" WIDTH="51" HEIGHT="32" TAGREFS="TYPE_14">
                    <Shape>
                        <Polygon POINTS="580.1649169921875 95.00401306152344 631.9039306640625 95.00401306152344 631.9039306640625 127.62825775146484 580.1649169921875 127.62825775146484 580.1649169921875 95.00401306152344"/>
                    </Shape>
                    <TextLine ID="line_0" HPOS="582" VPOS="89" WIDTH="44" HEIGHT="42" BASELINE="582 115 626 115" TAGREFS="TYPE_1">
                        <Shape>
                            <Polygon POINTS="582 115 582 131 626 123 626 115 625 89 582 89 582 115"/>
                        </Shape>
                        <String CONTENT=""/>
                    </TextLine>
</TextBlock>
                <TextBlock ID="block_4" HPOS="229" VPOS="85" WIDTH="187" HEIGHT="34" TAGREFS="TYPE_40">
                    <Shape>
                        <Polygon POINTS="229.3681182861328 85.03128814697266 416.8992919921875 85.03128814697266 416.8992919921875 119.47200012207031 229.3681182861328 119.47200012207031 229.3681182861328 85.03128814697266"/>
                    </Shape>
                    <TextLine ID="line_1" HPOS="230" VPOS="101" WIDTH="187" HEIGHT="22" BASELINE="230 108 417 110" TAGREFS="TYPE_1">
                        <Shape>
                            <Polygon POINTS="415 101 407 101 399 101 391 101 383 101 375 101 367 101 359 101 351 101 343 101 335 101 327 101 319 101 311 101 303 101 295 101 287 101 279 101 271 101 263 101 255 101 246 101 238 101 230 101 230 108 230 115 248 123 249 123 250 123 277 123 277 123 278 123 279 123 279 122 285 115 299 115 323 123 324 123 325 123 325 123 347 116 401 123 402 123 403 123 416 115 417 110 416 101 415 101"/>
                        </Shape>
                        <String CONTENT=""/>
                    </TextLine>
</TextBlock>
                <TextBlock ID="block_3" HPOS="44" VPOS="125" WIDTH="588" HEIGHT="651" TAGREFS="TYPE_18">
                    <Shape>
                        <Polygon POINTS="44.622833251953125 125.52437591552734 632.5369262695312 125.52437591552734 632.5369262695312 776.802734375 44.622833251953125 776.802734375 44.622833251953125 125.52437591552734"/>
                    </Shape>
                    <TextLine ID="line_2" HPOS="50" VPOS="115" WIDTH="579" HEIGHT="42" BASELINE="50 144 629 148" TAGREFS="TYPE_1">
                        <Shape>
                            <Polygon POINTS="50 144 50 157 629 156 629 148 629 122 555 124 530 120 513 118 512 118 511 118 510 118 508 120 502 125 487 125 477 119 470 117 469 117 469 117 468 117 462 119 455 123 430 119 429 119 428 119 427 119 403 123 389 119 383 117 382 117 349 117 349 117 348 117 344 119 329 123 312 118 311 118 310 118 309 118 308 118 308 118 296 123 262 123 236 117 230 116 230 116 223 117 204 120 198 117 197 115 196 115 195 115 194 115 184 116 162 119 140 116 135 115 134 115 130 116 100 122 50 115 50 144"/>
                        </Shape>
                        <String CONTENT=""/>
                    </TextLine>

                    <TextLine ID="line_3" HPOS="51" VPOS="152" WIDTH="578" HEIGHT="41" BASELINE="52 176 629 179" TAGREFS="TYPE_1">
                        <Shape>
                            <Polygon POINTS="52 176 51 185 141 191 142 191 210 187 221 187 222 188 226 192 227 192 228 192 229 192 297 189 335 187 376 189 418 193 419 193 429 190 439 189 462 191 485 193 486 193 487 193 493 192 501 189 536 192 551 193 552 193 553 193 555 193 563 189 595 193 601 193 602 193 603 193 604 193 617 189 627 193 629 179 629 161 583 156 582 156 581 156 567 160 564 160 563 160 556 155 555 155 555 155 538 155 537 155 536 155 535 155 530 160 528 161 485 161 477 159 455 154 454 154 407 158 381 160 374 157 366 154 366 154 365 154 364 154 352 157 341 160 316 156 308 156 307 156 306 156 304 156 296 159 292 156 289 153 288 153 288 153 287 153 274 156 260 159 252 156 246 153 246 153 245 153 212 155 163 158 156 154 153 152 152 152 152 152 151 152 52 152 52 176"/>
                        </Shape>
                        <String CONTENT=""/>
                    </TextLine>

                    <TextLine ID="line_4" HPOS="49" VPOS="182" WIDTH="578" HEIGHT="46" BASELINE="50 209 627 213" TAGREFS="TYPE_1">
                        <Shape>
                            <Polygon POINTS="50 209 49 218 94 224 95 224 135 219 140 219 142 220 148 225 149 225 150 225 151 225 152 225 165 220 166 220 237 220 239 222 245 226 246 226 246 226 247 226 316 222 331 222 343 223 376 226 377 226 378 226 387 224 397 222 401 224 403 226 403 226 404 226 460 227 461 227 462 227 463 227 465 226 472 222 530 222 551 227 557 228 558 228 565 227 596 223 625 228 627 213 627 193 592 188 592 188 591 188 578 191 572 186 572 186 571 186 570 186 539 191 538 191 537 191 525 185 524 185 498 185 497 185 497 185 485 190 483 192 453 192 450 189 444 186 444 186 443 186 442 186 441 186 440 186 436 189 434 191 384 191 380 189 372 185 371 185 337 185 336 185 335 185 328 188 325 189 321 188 311 184 310 184 309 184 285 188 271 189 267 187 261 184 260 184 259 184 259 184 250 187 243 189 240 187 238 185 237 185 236 185 235 185 223 187 210 189 197 186 177 183 176 183 162 185 147 189 127 185 107 182 106 182 50 184 50 209"/>
                        </Shape>
                        <String CONTENT=""/>
                    </TextLine>

                    <TextLine ID="line_5" HPOS="50" VPOS="218" WIDTH="578" HEIGHT="41" BASELINE="51 241 628 244" TAGREFS="TYPE_1">
                        <Shape>
                            <Polygon POINTS="51 241 50 250 109 256 110 256 177 252 208 258 209 258 242 252 254 258 255 258 255 258 445 253 457 253 459 253 483 259 484 259 485 259 627 254 628 244 628 226 609 220 608 220 607 220 583 225 581 226 529 226 528 225 522 220 522 220 521 220 520 220 486 223 478 219 477 219 477 219 476 219 464 224 463 224 456 224 383 219 382 219 382 219 381 219 375 223 374 225 352 225 349 223 340 218 339 218 303 218 302 218 301 218 300 218 296 222 295 224 213 224 207 222 195 218 194 218 193 218 193 218 181 222 176 222 169 222 147 218 146 218 129 221 122 222 51 221 51 241"/>
                        </Shape>
                        <String CONTENT=""/>
                    </TextLine>

                    <TextLine ID="line_6" HPOS="49" VPOS="250" WIDTH="578" HEIGHT="42" BASELINE="50 274 627 277" TAGREFS="TYPE_1">
                        <Shape>
                            <Polygon POINTS="50 274 49 283 61 288 61 288 62 288 102 285 115 290 115 290 116 290 139 285 164 290 164 290 165 290 175 286 345 292 345 292 379 287 396 292 397 292 398 292 399 292 399 292 405 287 407 287 422 287 498 292 499 292 520 288 522 288 523 288 534 292 534 292 535 292 559 289 570 287 594 287 596 289 600 292 600 292 601 292 602 292 603 292 604 292 608 289 610 287 625 289 627 277 627 258 613 252 613 252 612 252 518 257 494 258 351 258 345 255 340 250 339 250 338 250 337 250 312 254 294 256 264 253 237 250 236 250 235 250 227 253 215 256 210 252 209 251 209 250 208 250 207 250 206 250 205 250 201 252 195 255 188 252 183 250 182 250 141 250 140 250 139 250 139 250 137 251 131 255 86 255 80 250 79 250 78 250 78 250 77 250 50 250 50 274"/>
                        </Shape>
                        <String CONTENT=""/>
                    </TextLine>

                    <TextLine ID="line_7" HPOS="48" VPOS="283" WIDTH="580" HEIGHT="42" BASELINE="49 306 628 308" TAGREFS="TYPE_1">
                        <Shape>
                            <Polygon POINTS="49 306 48 316 78 323 79 323 167 318 177 318 182 319 211 323 212 323 230 319 234 318 241 319 254 322 255 322 279 320 290 319 293 320 302 324 303 324 304 324 324 324 324 324 325 324 325 324 329 320 332 319 351 320 377 323 378 323 393 321 411 319 422 321 434 324 435 324 436 325 526 325 526 324 526 324 531 323 539 320 552 323 560 324 561 324 562 324 566 324 576 320 584 324 586 324 587 324 588 324 627 324 628 308 628 287 565 284 564 284 563 284 563 284 559 287 557 289 554 287 551 286 551 286 550 286 522 287 473 290 454 287 425 283 424 283 423 283 423 283 418 287 415 290 396 290 390 287 379 283 378 283 378 283 377 283 369 287 366 289 362 287 356 285 355 285 354 285 353 285 347 287 342 290 242 290 236 287 214 283 213 283 213 283 201 287 200 288 200 287 194 283 194 283 193 283 193 283 192 283 168 287 144 283 144 283 143 283 142 283 135 288 135 289 91 289 88 288 65 283 64 283 63 283 49 287 49 306"/>
                        </Shape>
                        <String CONTENT=""/>
                    </TextLine>

                    <TextLine ID="line_8" HPOS="48" VPOS="315" WIDTH="580" HEIGHT="41" BASELINE="49 339 628 342" TAGREFS="TYPE_1">
                        <Shape>
                            <Polygon POINTS="49 339 48 349 70 354 71 354 169 351 182 351 186 351 209 355 210 355 267 352 282 352 626 356 628 342 626 320 255 321 235 316 234 316 234 316 233 316 205 320 191 316 190 316 189 316 148 316 147 316 146 316 145 316 140 320 111 316 110 316 86 320 49 315 49 339"/>
                        </Shape>
                        <String CONTENT=""/>
                    </TextLine>

                    <TextLine ID="line_9" HPOS="48" VPOS="347" WIDTH="580" HEIGHT="42" BASELINE="49 372 628 374" TAGREFS="TYPE_1">
                        <Shape>
                            <Polygon POINTS="49 372 48 382 86 388 86 388 111 383 223 388 224 388 225 388 245 383 255 387 255 387 338 389 339 389 375 384 407 389 408 389 409 389 419 384 442 389 443 389 627 383 628 374 627 355 584 349 583 349 582 349 567 353 526 349 525 349 524 349 513 353 509 354 493 353 467 350 466 350 465 350 458 353 452 354 446 352 440 349 439 349 438 349 437 349 428 352 423 353 421 352 418 349 417 349 416 349 415 349 395 352 374 354 337 351 322 349 321 349 315 350 299 353 288 350 280 348 279 348 279 348 248 349 181 353 173 349 172 349 172 349 171 349 153 352 114 348 113 348 112 348 111 348 111 348 103 354 81 354 72 348 71 348 70 348 49 347 49 372"/>
                        </Shape>
                        <String CONTENT=""/>
                    </TextLine>

                    <TextLine ID="line_10" HPOS="47" VPOS="379" WIDTH="581" HEIGHT="42" BASELINE="48 404 628 406" TAGREFS="TYPE_1">
                        <Shape>
                            <Polygon POINTS="48 404 47 415 75 420 76 420 103 416 135 420 135 421 268 421 268 420 292 416 293 416 294 416 323 420 324 420 325 420 336 416 337 416 337 416 364 421 365 421 366 421 378 417 434 417 441 421 442 421 443 421 444 421 627 417 628 406 627 386 579 386 577 386 570 381 569 381 568 381 567 381 567 381 566 381 559 385 558 386 553 385 526 381 525 381 524 381 516 385 514 386 501 385 472 382 471 382 470 382 469 382 467 384 465 386 413 386 407 383 401 381 400 381 399 381 386 383 370 386 266 386 255 382 251 380 251 380 250 380 234 381 195 385 171 380 167 380 166 380 165 380 164 380 149 385 113 380 112 380 80 385 48 379 48 404"/>
                        </Shape>
                        <String CONTENT=""/>
                    </TextLine>

                    <TextLine ID="line_11" HPOS="48" VPOS="411" WIDTH="579" HEIGHT="42" BASELINE="49 436 627 439" TAGREFS="TYPE_1">
                        <Shape>
                            <Polygon POINTS="49 436 48 446 150 452 151 452 238 448 245 452 246 452 246 452 247 453 305 453 305 452 306 452 307 452 311 448 325 452 326 452 327 452 489 449 514 453 515 453 626 448 627 439 626 419 539 414 538 414 537 414 536 414 531 418 530 419 435 419 423 416 407 413 407 413 291 415 92 417 85 412 84 412 83 412 49 411 49 436"/>
                        </Shape>
                        <String CONTENT=""/>
                    </TextLine>

                    <TextLine ID="line_12" HPOS="48" VPOS="445" WIDTH="581" HEIGHT="37" BASELINE="48 469 629 471" TAGREFS="TYPE_1">
                        <Shape>
                            <Polygon POINTS="48 469 48 482 629 482 629 471 629 451 415 446 414 446 413 446 405 450 404 451 350 451 347 450 326 445 325 445 278 449 277 449 275 449 246 445 246 445 223 449 222 449 222 449 211 445 210 445 209 445 182 449 180 450 131 450 129 449 122 445 121 445 120 445 48 448 48 469"/>
                        </Shape>
                        <String CONTENT=""/>
                    </TextLine>

                    <TextLine ID="line_13" HPOS="49" VPOS="477" WIDTH="579" HEIGHT="41" BASELINE="49 501 628 503" TAGREFS="TYPE_1">
                        <Shape>
                            <Polygon POINTS="49 501 49 511 103 517 104 517 127 513 143 517 144 517 144 517 188 513 339 518 340 518 627 514 628 503 627 483 455 477 454 477 419 482 415 482 413 482 390 477 390 477 389 477 374 482 373 482 370 482 345 477 345 477 344 477 343 477 338 482 337 482 318 477 317 477 316 477 316 477 304 481 304 482 247 482 246 481 242 477 241 477 240 477 239 477 238 477 226 481 225 482 122 482 120 481 105 477 104 477 103 477 49 481 49 501"/>
                        </Shape>
                        <String CONTENT=""/>
                    </TextLine>

                    <TextLine ID="line_14" HPOS="46" VPOS="508" WIDTH="583" HEIGHT="42" BASELINE="47 534 629 536" TAGREFS="TYPE_1">
                        <Shape>
                            <Polygon POINTS="47 534 46 543 90 549 91 549 111 545 323 549 324 549 325 549 336 545 344 550 345 550 345 550 346 550 347 550 365 546 385 550 386 550 416 546 431 550 432 550 432 550 629 545 629 536 629 514 520 510 519 510 518 510 518 510 514 513 511 514 496 513 477 510 477 510 476 510 469 512 462 514 449 512 436 510 435 510 415 512 397 514 392 511 388 510 387 510 386 510 386 510 379 511 368 514 356 511 350 510 349 510 349 510 330 510 291 514 282 510 280 510 279 510 279 510 278 510 277 510 276 510 270 514 214 514 203 510 201 509 201 509 200 509 199 509 198 509 198 510 192 514 172 514 134 509 132 509 131 509 131 509 106 514 94 509 93 509 92 509 91 509 82 514 47 508 47 534"/>
                        </Shape>
                        <String CONTENT=""/>
                    </TextLine>

                    <TextLine ID="line_15" HPOS="46" VPOS="542" WIDTH="583" HEIGHT="39" BASELINE="46 568 629 568" TAGREFS="TYPE_1">
                        <Shape>
                            <Polygon POINTS="46 568 46 581 629 578 629 568 629 548 567 547 562 542 561 542 560 542 559 542 559 542 558 542 551 547 550 547 545 547 510 542 509 542 469 546 455 547 439 546 405 542 404 542 341 545 312 546 309 544 304 542 303 542 302 542 301 542 292 544 279 547 273 544 271 542 270 542 269 542 268 542 252 543 222 547 212 543 208 542 207 542 206 542 205 542 200 543 182 547 122 543 113 542 112 542 111 542 111 542 101 547 91 542 90 542 90 542 46 542 46 568"/>
                        </Shape>
                        <String CONTENT=""/>
                    </TextLine>

                    <TextLine ID="line_16" HPOS="45" VPOS="575" WIDTH="580" HEIGHT="41" BASELINE="45 600 625 599" TAGREFS="TYPE_1">
                        <Shape>
                            <Polygon POINTS="45 600 45 611 95 611 96 611 103 615 104 615 105 615 106 615 106 615 112 611 113 611 222 611 222 611 227 615 228 615 229 615 230 616 266 616 266 615 302 611 303 611 333 615 334 615 335 615 348 611 583 614 584 614 624 609 625 599 623 578 45 575 45 600"/>
                        </Shape>
                        <String CONTENT=""/>
                    </TextLine>

                    <TextLine ID="line_17" HPOS="45" VPOS="613" WIDTH="580" HEIGHT="34" BASELINE="45 631 625 633" TAGREFS="TYPE_1">
                        <Shape>
                            <Polygon POINTS="504 621 496 623 488 623 480 623 472 623 464 623 456 623 448 623 440 623 432 623 423 623 415 623 407 623 399 623 391 623 383 623 375 623 367 623 359 623 351 623 343 623 335 623 327 623 319 623 311 623 303 623 295 623 287 623 279 623 271 623 263 623 255 623 246 623 238 623 230 623 222 623 214 623 206 623 198 623 190 623 182 623 174 623 166 623 158 623 150 623 142 623 134 623 126 623 118 623 110 623 102 623 94 623 86 623 78 623 69 623 61 623 53 623 45 623 45 631 45 640 152 645 152 645 203 642 218 641 222 642 234 646 234 646 235 646 236 646 243 643 245 642 250 643 274 646 275 646 320 644 335 643 338 644 349 647 349 647 350 647 407 645 465 642 495 645 507 647 508 647 517 646 544 642 563 647 567 647 567 647 568 647 569 647 580 642 624 647 625 633 625 613 528 613 527 613 514 614 506 614 504 621"/>
                        </Shape>
                        <String CONTENT=""/>
                    </TextLine>

                    <TextLine ID="line_18" HPOS="44" VPOS="637" WIDTH="581" HEIGHT="42" BASELINE="45 665 625 667" TAGREFS="TYPE_1">
                        <Shape>
                            <Polygon POINTS="45 665 44 673 56 678 57 678 57 678 201 674 226 674 234 675 268 678 269 679 624 679 625 667 625 646 608 640 607 640 606 640 570 645 562 639 561 639 560 639 559 639 527 640 526 640 526 640 519 645 518 645 498 640 497 640 497 640 496 640 482 644 457 640 456 640 456 640 445 645 443 645 436 645 411 640 411 640 410 640 402 644 399 645 354 645 352 644 339 638 338 638 325 638 325 638 324 638 323 638 317 643 316 645 312 643 298 638 297 638 296 638 296 638 295 638 288 643 286 645 272 643 230 637 230 637 229 637 228 637 222 641 214 637 213 637 213 637 212 637 211 637 205 642 204 643 203 642 192 637 191 637 127 637 127 637 126 637 125 637 119 641 116 645 97 645 93 641 87 637 86 637 86 637 85 637 45 641 45 665"/>
                        </Shape>
                        <String CONTENT=""/>
                    </TextLine>

                    <TextLine ID="line_19" HPOS="43" VPOS="672" WIDTH="581" HEIGHT="38" BASELINE="44 697 624 699" TAGREFS="TYPE_1">
                        <Shape>
                            <Polygon POINTS="44 697 43 705 102 710 103 710 623 709 624 699 623 679 590 679 590 678 584 674 584 673 583 673 582 673 581 673 547 678 546 678 531 673 530 673 530 673 529 673 517 678 502 673 502 673 501 673 464 678 461 678 460 678 434 673 433 673 432 673 432 673 425 678 424 679 390 679 389 678 378 673 377 673 376 673 375 673 360 678 358 678 357 678 334 672 333 672 333 672 332 672 321 678 320 678 279 678 279 678 272 673 272 672 271 672 271 672 219 672 218 672 218 672 217 672 209 678 209 678 208 678 169 672 168 672 44 677 44 697"/>
                        </Shape>
                        <String CONTENT=""/>
                    </TextLine>

                    <TextLine ID="line_20" HPOS="44" VPOS="701" WIDTH="580" HEIGHT="45" BASELINE="44 728 624 732" TAGREFS="TYPE_1">
                        <Shape>
                            <Polygon POINTS="44 728 44 743 178 740 192 744 193 744 193 744 259 740 290 744 292 744 292 744 294 744 334 740 392 745 398 745 399 745 405 745 473 741 506 746 510 746 511 746 514 746 536 742 546 746 547 746 547 746 548 746 551 746 579 742 622 746 624 732 623 707 579 704 578 704 577 704 572 707 563 710 526 706 521 706 520 706 517 706 485 710 475 705 472 704 471 704 470 704 469 704 466 705 457 710 373 710 362 704 359 703 358 703 358 703 357 703 355 704 345 709 337 704 335 703 334 703 333 703 296 703 295 703 283 703 222 708 184 703 183 703 182 703 181 703 175 707 166 703 165 703 164 703 148 706 143 702 142 702 141 702 140 702 139 702 109 707 95 702 94 702 94 702 93 702 73 707 44 701 44 728"/>
                        </Shape>
                        <String CONTENT=""/>
                    </TextLine>

                    <TextLine ID="line_21" HPOS="45" VPOS="737" WIDTH="218" HEIGHT="40" BASELINE="45 763 263 763" TAGREFS="TYPE_1">
                        <Shape>
                            <Polygon POINTS="45 763 45 773 54 777 55 777 56 777 57 777 77 773 96 777 97 777 98 777 98 777 111 773 120 777 121 777 122 777 263 773 263 763 263 744 244 738 243 738 242 738 242 738 221 744 213 738 213 737 213 737 212 737 196 737 195 737 194 737 193 737 193 738 187 744 173 744 152 737 151 737 150 737 112 744 80 737 79 737 78 737 78 737 69 744 54 740 53 740 53 740 52 740 45 743 45 763"/>
                        </Shape>
                        <String CONTENT=""/>
                    </TextLine>
</TextBlock>
                <TextBlock ID="block_0" HPOS="42" VPOS="774" WIDTH="585" HEIGHT="290" TAGREFS="TYPE_9">
                    <Shape>
                        <Polygon POINTS="42.875736236572266 774.0247802734375 627.7969970703125 774.0247802734375 627.7969970703125 1064.45849609375 42.875736236572266 1064.45849609375 42.875736236572266 774.0247802734375"/>
                    </Shape>
                    <TextLine ID="line_22" HPOS="47" VPOS="769" WIDTH="578" HEIGHT="40" BASELINE="48 794 625 797" TAGREFS="TYPE_1">
                        <Shape>
                            <Polygon POINTS="48 794 47 803 180 807 181 807 204 805 225 803 232 806 239 808 240 808 241 808 242 808 251 806 259 804 285 806 314 808 315 808 358 806 429 804 490 808 509 809 510 809 520 808 562 805 623 809 625 797 625 777 589 770 588 770 515 775 497 776 494 775 488 770 487 770 486 770 485 770 458 774 456 774 454 774 428 769 427 769 427 769 426 769 426 770 421 773 419 776 389 776 386 773 382 770 382 769 382 769 381 769 349 769 349 769 321 773 299 775 292 772 284 769 283 769 283 769 282 769 281 769 279 772 274 776 242 776 230 771 220 769 219 769 218 769 218 769 211 771 203 774 162 770 156 770 155 770 152 770 126 774 119 770 118 769 117 769 116 769 115 769 115 769 114 769 112 770 106 774 92 769 90 769 90 769 89 769 88 769 87 769 72 774 48 769 48 794"/>
                        </Shape>
                        <String CONTENT=""/>
                    </TextLine>

                    <TextLine ID="line_23" HPOS="43" VPOS="799" WIDTH="581" HEIGHT="45" BASELINE="44 828 624 830" TAGREFS="TYPE_1">
                        <Shape>
                            <Polygon POINTS="44 828 43 837 87 843 88 843 119 839 207 839 210 839 223 843 224 843 225 843 226 843 233 839 235 839 242 839 263 843 263 843 279 840 283 839 288 840 308 843 308 844 623 844 624 830 623 809 554 806 546 801 545 801 544 801 543 801 517 802 516 802 515 802 509 807 506 809 439 809 432 806 420 801 419 801 362 800 362 800 361 800 360 800 353 805 349 808 307 808 300 804 296 802 295 802 294 802 293 802 285 804 279 805 273 803 255 800 254 800 253 800 246 803 237 807 201 807 196 802 192 799 191 799 190 799 189 799 189 799 181 802 176 804 168 802 154 799 153 799 152 799 145 802 138 804 123 802 108 799 107 799 44 800 44 828"/>
                        </Shape>
                        <String CONTENT=""/>
                    </TextLine>

                    <TextLine ID="line_24" HPOS="44" VPOS="845" WIDTH="581" HEIGHT="31" BASELINE="45 859 625 861" TAGREFS="TYPE_1">
                        <Shape>
                            <Polygon POINTS="503 859 495 859 487 859 479 859 471 859 463 859 455 859 447 859 439 859 431 859 423 859 415 859 407 859 399 859 390 859 382 859 374 859 366 859 358 859 350 859 342 859 334 859 326 859 318 859 310 859 302 859 294 859 286 859 278 859 270 859 262 859 254 859 246 859 238 859 230 859 222 859 213 859 205 859 197 859 189 859 181 859 173 859 165 859 157 859 149 859 141 859 133 859 125 859 117 859 109 859 101 859 93 859 84 859 76 859 68 859 61 857 53 857 45 857 45 859 44 869 49 874 49 875 50 875 51 875 52 876 71 876 71 875 72 875 73 875 79 869 96 874 97 874 98 874 98 874 112 869 189 869 201 875 202 875 238 876 239 876 383 872 400 876 401 876 402 876 403 876 403 876 411 870 430 870 443 876 444 876 444 876 507 871 524 876 525 876 526 876 526 876 547 872 593 876 594 876 624 870 625 861 624 846 512 845 511 845 510 845 510 845 508 847 506 847 503 859"/>
                        </Shape>
                        <String CONTENT=""/>
                    </TextLine>

                    <TextLine ID="line_25" HPOS="41" VPOS="867" WIDTH="583" HEIGHT="42" BASELINE="41 893 624 893" TAGREFS="TYPE_1">
                        <Shape>
                            <Polygon POINTS="41 893 41 909 81 905 139 909 144 909 145 909 148 909 171 905 181 909 182 909 183 909 184 909 185 909 186 909 201 905 217 909 220 909 221 909 228 909 267 905 279 908 281 909 282 909 283 909 624 906 624 893 624 875 599 868 598 868 597 868 596 868 596 869 590 875 571 875 560 867 559 867 559 867 558 867 528 874 481 867 481 867 480 867 462 875 405 875 383 867 382 867 382 867 381 867 358 875 234 875 228 870 227 870 226 870 226 870 194 873 184 867 183 867 67 867 66 867 65 867 41 874 41 893"/>
                        </Shape>
                        <String CONTENT=""/>
                    </TextLine>

                    <TextLine ID="line_26" HPOS="41" VPOS="900" WIDTH="583" HEIGHT="42" BASELINE="41 925 624 927" TAGREFS="TYPE_1">
                        <Shape>
                            <Polygon POINTS="41 925 41 935 48 940 49 940 49 940 50 940 51 940 65 935 123 935 140 940 141 940 142 940 194 935 214 940 215 940 216 940 217 940 235 935 301 939 302 939 327 935 333 940 333 940 334 940 356 941 357 941 358 941 370 937 378 941 379 941 380 942 459 942 459 941 522 936 547 941 547 941 583 936 592 941 593 941 594 941 623 935 624 927 623 907 599 902 598 902 577 906 571 901 570 901 569 901 568 901 506 905 492 901 491 901 490 901 489 901 473 906 472 906 471 906 456 901 456 901 455 901 454 901 442 905 436 901 436 901 435 901 395 901 395 901 394 901 382 906 382 907 347 907 339 906 281 900 280 900 214 905 210 906 181 906 180 905 175 900 174 900 173 900 172 900 172 900 162 905 161 905 160 905 133 900 132 900 111 905 109 905 41 905 41 925"/>
                        </Shape>
                        <String CONTENT=""/>
                    </TextLine>

                    <TextLine ID="line_27" HPOS="42" VPOS="931" WIDTH="582" HEIGHT="42" BASELINE="43 956 624 959" TAGREFS="TYPE_1">
                        <Shape>
                            <Polygon POINTS="43 956 42 965 71 970 72 970 148 966 157 966 162 966 189 971 189 971 261 968 288 967 304 969 333 972 334 972 335 972 341 970 344 968 362 970 390 972 391 973 449 973 449 972 450 972 453 970 460 968 495 971 512 973 513 973 524 972 551 969 589 973 594 973 595 973 596 973 596 973 607 969 621 973 624 959 623 939 503 933 502 933 502 933 488 938 486 938 482 938 447 933 446 933 391 937 387 937 386 937 368 933 367 933 366 933 342 937 340 937 339 937 333 933 333 932 333 932 332 932 266 932 265 932 264 932 263 932 259 937 246 932 246 932 245 932 244 932 232 937 231 937 230 937 213 932 212 932 211 932 210 932 196 937 185 937 122 937 121 936 115 932 115 932 114 932 113 932 93 936 91 936 86 931 85 931 84 931 83 931 43 935 43 956"/>
                        </Shape>
                        <String CONTENT=""/>
                    </TextLine>

                    <TextLine ID="line_28" HPOS="41" VPOS="967" WIDTH="583" HEIGHT="39" BASELINE="41 989 624 992" TAGREFS="TYPE_1">
                        <Shape>
                            <Polygon POINTS="41 989 41 1003 186 999 205 1004 207 1004 208 1004 209 1004 218 1004 282 1000 296 1004 297 1004 298 1004 300 1004 351 1001 418 1005 423 1005 423 1005 427 1005 478 1001 622 1006 624 992 623 967 41 967 41 989"/>
                        </Shape>
                        <String CONTENT=""/>
                    </TextLine>

                    <TextLine ID="line_29" HPOS="41" VPOS="996" WIDTH="582" HEIGHT="40" BASELINE="42 1023 623 1022" TAGREFS="TYPE_1">
                        <Shape>
                            <Polygon POINTS="42 1023 42 1036 622 1036 623 1022 621 1003 588 997 587 997 559 1003 549 996 548 996 547 996 521 996 520 996 519 996 506 1003 452 996 451 996 450 996 449 996 441 1003 367 1003 353 996 352 996 351 996 350 996 337 1003 309 1003 288 996 287 996 255 996 254 996 253 996 252 996 252 997 246 1003 223 1003 197 996 197 996 196 996 195 996 194 996 185 1003 177 996 176 996 176 996 134 996 133 996 41 1003 42 1023"/>
                        </Shape>
                        <String CONTENT=""/>
                    </TextLine>

                    <TextLine ID="line_30" HPOS="41" VPOS="1028" WIDTH="193" HEIGHT="39" BASELINE="42 1056 234 1054" TAGREFS="TYPE_1">
                        <Shape>
                            <Polygon POINTS="42 1056 42 1065 233 1067 234 1054 232 1036 169 1029 168 1029 150 1032 144 1028 144 1028 143 1028 119 1028 119 1028 118 1028 117 1028 107 1035 106 1035 91 1028 90 1028 90 1028 89 1028 69 1034 61 1036 41 1034 42 1056"/>
                        </Shape>
                        <String CONTENT=""/>
                    </TextLine>
</TextBlock>
                <TextBlock ID="block_1" HPOS="41" VPOS="1067" WIDTH="586" HEIGHT="135" TAGREFS="TYPE_9">
                    <Shape>
                        <Polygon POINTS="41.394287109375 1067.099853515625 627.6648559570312 1067.099853515625 627.6648559570312 1202.939697265625 41.394287109375 1202.939697265625 41.394287109375 1067.099853515625"/>
                    </Shape>
                    <TextLine ID="line_31" HPOS="76" VPOS="1060" WIDTH="548" HEIGHT="40" BASELINE="76 1087 624 1087" TAGREFS="TYPE_1">
                        <Shape>
                            <Polygon POINTS="76 1087 76 1097 623 1100 624 1087 624 1065 588 1065 583 1060 582 1060 581 1060 580 1060 544 1064 533 1060 532 1060 457 1060 456 1060 456 1060 444 1065 441 1066 423 1066 422 1065 416 1060 415 1060 415 1060 414 1060 384 1065 376 1065 370 1065 355 1061 354 1061 353 1061 344 1064 339 1065 310 1064 257 1061 256 1061 255 1061 246 1064 241 1066 174 1066 168 1064 160 1061 160 1061 159 1061 158 1061 146 1064 139 1065 133 1064 127 1061 126 1061 125 1061 124 1061 119 1064 114 1065 76 1064 76 1087"/>
                        </Shape>
                        <String CONTENT=""/>
                    </TextLine>

                    <TextLine ID="line_32" HPOS="40" VPOS="1093" WIDTH="582" HEIGHT="39" BASELINE="41 1119 622 1122" TAGREFS="TYPE_1">
                        <Shape>
                            <Polygon POINTS="41 1119 40 1127 55 1132 56 1132 57 1132 621 1131 622 1122 622 1101 590 1101 590 1100 580 1095 579 1095 578 1095 500 1099 489 1094 488 1094 487 1094 429 1099 420 1094 419 1094 419 1094 342 1094 341 1094 310 1099 308 1099 308 1099 291 1094 290 1094 289 1094 288 1094 275 1099 274 1099 271 1099 234 1093 234 1093 233 1093 232 1093 224 1098 135 1094 135 1094 98 1098 94 1098 91 1098 69 1093 68 1093 41 1098 41 1119"/>
                        </Shape>
                        <String CONTENT=""/>
                    </TextLine>

                    <TextLine ID="line_33" HPOS="40" VPOS="1127" WIDTH="580" HEIGHT="37" BASELINE="40 1153 620 1153" TAGREFS="TYPE_1">
                        <Shape>
                            <Polygon POINTS="40 1153 40 1164 620 1164 620 1153 620 1133 568 1133 560 1127 559 1127 559 1127 558 1127 557 1127 540 1133 504 1133 497 1127 497 1127 497 1127 496 1127 495 1127 458 1132 444 1127 443 1127 442 1127 343 1131 337 1127 336 1127 335 1127 334 1127 333 1127 321 1132 307 1127 306 1127 305 1127 230 1131 198 1127 197 1127 160 1132 138 1127 137 1127 136 1127 101 1131 96 1127 95 1127 94 1127 61 1127 60 1127 59 1127 40 1132 40 1153"/>
                        </Shape>
                        <String CONTENT=""/>
                    </TextLine>

                    <TextLine ID="line_34" HPOS="39" VPOS="1160" WIDTH="581" HEIGHT="49" BASELINE="39 1185 620 1187" TAGREFS="TYPE_1">
                        <Shape>
                            <Polygon POINTS="39 1185 39 1204 130 1201 135 1204 137 1206 138 1206 139 1206 139 1206 140 1206 148 1204 152 1203 166 1204 200 1207 201 1207 214 1204 229 1201 240 1204 252 1208 253 1208 254 1208 255 1208 264 1204 273 1201 300 1201 320 1204 349 1209 349 1209 404 1204 407 1204 408 1204 443 1209 444 1209 466 1204 476 1201 480 1204 488 1209 489 1209 489 1209 490 1209 541 1205 570 1209 571 1209 572 1209 572 1209 579 1204 582 1201 618 1203 620 1187 619 1166 596 1166 596 1165 590 1160 589 1160 588 1160 588 1160 587 1160 576 1165 575 1165 499 1160 498 1160 471 1165 469 1165 466 1165 414 1160 413 1160 391 1165 390 1165 390 1165 385 1160 384 1160 383 1160 382 1160 355 1164 341 1160 340 1160 339 1160 338 1160 331 1164 327 1160 327 1160 326 1160 325 1160 325 1160 324 1160 308 1164 271 1160 270 1160 245 1164 229 1160 228 1160 157 1160 156 1160 156 1160 147 1164 103 1160 102 1160 83 1164 52 1160 51 1160 50 1160 39 1164 39 1185"/>
                        </Shape>
                        <String CONTENT=""/>
                    </TextLine>
</TextBlock>
            </PrintSpace>
        </Page>
    </Layout>
</alto>>