<?xml version="1.0" encoding="UTF-8"?>
<alto xmlns:xsi="http://www.w3.org/2001/XMLSchema-instance"
    xmlns="http://www.loc.gov/standards/alto/ns-v4#"
    xsi:schemaLocation="http://www.loc.gov/standards/alto/ns-v4# http://www.loc.gov/standards/alto/v4/alto-4-3.xsd">
    <Description>
        <MeasurementUnit>pixel</MeasurementUnit>
        <sourceImageInformation>
            <fileName>bsb10313792_00084.jpg</fileName>
        </sourceImageInformation>
        <Processing ID="OCR_0">
            <processingCategory>other</processingCategory>
            <processingStepDescription>unknown</processingStepDescription>
            <processingSoftware>
                <softwareName>kraken</softwareName>
                <softwareVersion>4.3.13</softwareVersion>
            </processingSoftware>
        </Processing>
    </Description>
    <Tags>
        <OtherTag ID="TYPE_1" LABEL="DefaultLine"/>
        <OtherTag ID="TYPE_2" LABEL="MainZone-P"/>
        <OtherTag ID="TYPE_3" LABEL="TableZone-Continued"/>
        <OtherTag ID="TYPE_4" LABEL="NumberingZone"/>
        <OtherTag ID="TYPE_5" LABEL="MainZone-Entry-Continued"/>
        <OtherTag ID="TYPE_6" LABEL="MainZone-P-Continued"/>
        <OtherTag ID="TYPE_7" LABEL="TitlePageZone"/>
        <OtherTag ID="TYPE_8" LABEL="MarginTextZone-Notes"/>
        <OtherTag ID="TYPE_9" LABEL="GraphicZone-Decoration"/>
        <OtherTag ID="TYPE_10" LABEL="MainZone-Head"/>
        <OtherTag ID="TYPE_11" LABEL="RunningTitleZone"/>
        <OtherTag ID="TYPE_12" LABEL="TableZone-Head"/>
        <OtherTag ID="TYPE_13" LABEL="MainZone-Lg-Continued"/>
        <OtherTag ID="TYPE_14" LABEL="GraphicZone-TextualContent"/>
        <OtherTag ID="TYPE_15" LABEL="StampZone-Sticker"/>
        <OtherTag ID="TYPE_16" LABEL="FigureZone"/>
        <OtherTag ID="TYPE_17" LABEL="StampZone"/>
        <OtherTag ID="TYPE_18" LABEL="QuireMarksZone"/>
        <OtherTag ID="TYPE_19" LABEL="MainZone-Lg"/>
        <OtherTag ID="TYPE_20" LABEL="DigitizationArtefactZone"/>
        <OtherTag ID="TYPE_21" LABEL="MainZone-Entry"/>
        <OtherTag ID="TYPE_22" LABEL="MarginTextZone-Notes-Continued"/>
        <OtherTag ID="TYPE_23" LABEL="MainZone-Form"/>
        <OtherTag ID="TYPE_24" LABEL="AdvertisementZone"/>
        <OtherTag ID="TYPE_25" LABEL="DropCapitalZone"/>
        <OtherTag ID="TYPE_26" LABEL="MainZone-Signature"/>
        <OtherTag ID="TYPE_27" LABEL="MainZone-Sp"/>
        <OtherTag ID="TYPE_28" LABEL="MainZone-Other"/>
        <OtherTag ID="TYPE_29" LABEL="GraphicZone-FigDesc"/>
        <OtherTag ID="TYPE_30" LABEL="TableZone"/>
        <OtherTag ID="TYPE_31" LABEL="FigureZone-Head"/>
        <OtherTag ID="TYPE_32" LABEL="GraphicZone-Head"/>
        <OtherTag ID="TYPE_33" LABEL="MainZone-Sp-Continued"/>
        <OtherTag ID="TYPE_34" LABEL="MainZone-List"/>
        <OtherTag ID="TYPE_35" LABEL="GraphicZone"/>
        <OtherTag ID="TYPE_36" LABEL="GraphicZone-Maths"/>
        <OtherTag ID="TYPE_37" LABEL="TitlePageZone-Index"/>
        <OtherTag ID="TYPE_38" LABEL="FigureZone-FigDesc"/>
        <OtherTag ID="TYPE_39" LABEL="MainZone-Date"/>
        <OtherTag ID="TYPE_40" LABEL="MarginTextZone-ManuscriptAddendum"/>
        <OtherTag ID="TYPE_41" LABEL="MainZone-List-Continued"/>
        <OtherTag ID="TYPE_42" LABEL="GraphicZone-Part"/>
    </Tags>
    <Layout>
        <Page WIDTH="1089" HEIGHT="1756" PHYSICAL_IMG_NR="0" ID="page_0">
            <PrintSpace HPOS="0" VPOS="0" WIDTH="1089" HEIGHT="1756">
                <TextBlock ID="block_1" HPOS="228" VPOS="56" WIDTH="53" HEIGHT="42" TAGREFS="TYPE_4">
                    <Shape>
                        <Polygon POINTS="228.37452697753906 56.31024932861328 281.6676940917969 56.31024932861328 281.6676940917969 98.08782196044922 228.37452697753906 98.08782196044922 228.37452697753906 56.31024932861328"/>
                    </Shape>
                    <TextLine ID="line_0" HPOS="238" VPOS="55" WIDTH="37" HEIGHT="44" BASELINE="241 85 275 82" TAGREFS="TYPE_1">
                        <Shape>
                            <Polygon POINTS="267 56 248 55 247 55 238 55 241 85 242 99 275 88 275 82 272 67 267 56"/>
                        </Shape>
                        <String CONTENT=""/>
                    </TextLine>
</TextBlock>
                <TextBlock ID="block_4" HPOS="397" VPOS="47" WIDTH="466" HEIGHT="57" TAGREFS="TYPE_11">
                    <Shape>
                        <Polygon POINTS="397.363037109375 47.780452728271484 863.86181640625 47.780452728271484 863.86181640625 104.59310913085938 397.363037109375 104.59310913085938 397.363037109375 47.780452728271484"/>
                    </Shape>
                    <TextLine ID="line_1" HPOS="400" VPOS="46" WIDTH="460" HEIGHT="62" BASELINE="401 85 860 92" TAGREFS="TYPE_1">
                        <Shape>
                            <Polygon POINTS="518 46 508 46 498 46 488 46 479 46 469 46 459 46 449 46 416 47 413 46 410 46 401 46 401 85 400 94 418 99 419 99 440 95 445 94 449 95 469 103 470 103 471 103 522 99 529 104 530 104 531 104 532 104 581 97 589 96 592 97 610 105 611 105 612 105 613 105 614 105 623 97 624 97 627 97 663 104 664 104 665 104 666 104 673 98 674 98 718 98 721 99 742 106 743 106 744 106 773 101 808 108 809 108 859 100 860 92 860 59 837 49 836 49 835 49 834 49 806 58 802 59 734 59 723 54 701 47 700 47 699 47 698 47 680 53 664 57 577 56 570 49 570 48 569 48 568 48 567 48 564 48 535 54 526 47 525 46 518 46"/>
                        </Shape>
                        <String CONTENT=""/>
                    </TextLine>
</TextBlock>
                <TextBlock ID="block_2" HPOS="210" VPOS="104" WIDTH="829" HEIGHT="1284" TAGREFS="TYPE_6">
                    <Shape>
                        <Polygon POINTS="210.5743408203125 104.47630310058594 1039.198974609375 104.47630310058594 1039.198974609375 1388.763671875 210.5743408203125 1388.763671875 210.5743408203125 104.47630310058594"/>
                    </Shape>
                    <TextLine ID="line_2" HPOS="223" VPOS="102" WIDTH="802" HEIGHT="70" BASELINE="224 139 1025 155" TAGREFS="TYPE_1">
                        <Shape>
                            <Polygon POINTS="1014 128 1010 119 1007 119 1006 119 992 108 991 108 990 108 926 106 925 106 857 116 851 116 849 115 826 104 825 104 824 104 742 113 726 114 681 114 676 111 654 102 653 102 644 102 634 102 624 102 614 102 605 102 595 102 585 102 575 102 565 102 562 102 550 108 547 110 532 108 501 103 500 103 452 106 432 107 426 105 416 102 409 102 400 102 390 102 380 102 378 102 373 104 367 106 301 106 297 102 292 102 282 102 273 102 270 102 266 103 263 102 253 102 243 102 234 102 224 102 224 139 223 157 255 158 256 158 257 158 258 158 273 150 314 158 323 159 324 159 342 159 403 153 560 160 605 162 606 162 622 161 655 158 664 161 674 166 675 166 676 166 707 161 713 161 722 162 753 165 754 165 755 165 763 162 770 159 797 162 832 167 833 167 834 167 848 163 857 161 867 163 888 168 889 168 914 164 923 171 924 171 925 171 926 171 967 165 1013 172 1014 172 1015 172 1016 172 1024 165 1025 155 1025 119 1014 119 1014 128"/>
                        </Shape>
                        <String CONTENT=""/>
                    </TextLine>

                    <TextLine ID="line_3" HPOS="226" VPOS="153" WIDTH="798" HEIGHT="68" BASELINE="227 189 652 195 1024 205" TAGREFS="TYPE_1">
                        <Shape>
                            <Polygon POINTS="227 189 226 207 279 207 279 206 280 206 291 200 318 206 319 206 345 202 359 208 361 209 362 209 363 209 378 209 485 203 510 210 511 210 512 210 513 210 525 204 605 205 614 212 617 214 618 214 619 214 620 214 640 212 686 207 695 213 699 216 700 216 701 216 702 216 736 214 783 210 796 214 803 217 804 217 805 217 818 215 840 211 887 216 905 217 906 217 907 217 910 216 918 212 927 216 940 221 941 221 942 221 1023 217 1024 205 1024 174 958 171 942 163 941 163 940 163 939 163 916 169 881 160 880 160 849 160 848 160 847 160 835 167 804 159 803 159 802 159 801 159 786 167 764 167 736 167 734 166 718 158 717 158 716 158 715 158 691 165 688 166 686 165 670 157 669 157 668 157 637 160 604 156 603 156 602 156 601 156 594 160 587 155 586 155 585 155 584 155 583 155 569 159 458 153 457 153 456 153 441 159 437 161 400 161 227 155 227 189"/>
                        </Shape>
                        <String CONTENT=""/>
                    </TextLine>

                    <TextLine ID="line_4" HPOS="224" VPOS="197" WIDTH="799" HEIGHT="71" BASELINE="225 238 1023 253" TAGREFS="TYPE_1">
                        <Shape>
                            <Polygon POINTS="225 238 224 247 283 255 284 255 327 250 337 249 351 250 398 257 399 257 433 252 443 251 446 253 453 258 454 258 455 258 456 258 491 254 509 252 521 255 539 259 540 259 557 255 568 253 583 256 602 260 603 260 604 260 611 257 617 254 626 257 632 259 633 259 634 259 646 258 658 256 662 258 673 263 674 263 675 263 743 260 787 258 863 258 880 263 891 266 892 266 893 266 894 266 903 264 913 261 917 264 921 267 921 268 922 268 923 268 924 268 1022 266 1023 253 1022 218 998 218 997 217 990 211 989 211 988 211 987 211 920 216 908 216 905 215 889 209 888 209 887 209 887 209 869 215 868 215 867 215 853 208 852 208 851 208 850 208 838 213 798 206 797 206 796 206 772 213 770 213 766 213 727 208 726 208 726 208 711 212 709 212 703 207 702 207 701 207 700 207 699 207 698 207 691 211 689 212 625 212 622 210 606 202 605 202 474 199 452 199 451 199 450 199 449 199 439 207 438 207 433 206 406 202 405 202 345 205 332 205 328 204 297 197 296 197 295 197 225 202 225 238"/>
                        </Shape>
                        <String CONTENT=""/>
                    </TextLine>

                    <TextLine ID="line_5" HPOS="223" VPOS="247" WIDTH="792" HEIGHT="68" BASELINE="224 287 1015 301" TAGREFS="TYPE_1">
                        <Shape>
                            <Polygon POINTS="1014 281 1008 265 869 265 864 262 854 259 853 259 852 259 783 261 733 262 727 260 714 254 713 254 712 254 711 254 692 259 687 260 683 259 667 253 666 253 665 253 578 257 541 258 530 256 507 250 506 250 458 254 436 256 431 254 425 251 424 251 423 251 388 253 363 254 355 252 338 247 337 247 336 247 224 250 224 287 223 295 251 302 252 302 505 301 528 307 529 307 530 307 563 302 620 309 621 309 729 305 739 311 740 311 741 311 742 311 788 306 802 312 803 312 804 312 841 308 902 314 903 314 950 310 1002 315 1003 315 1004 315 1014 309 1015 301 1015 266 1014 265 1014 281"/>
                        </Shape>
                        <String CONTENT=""/>
                    </TextLine>

                    <TextLine ID="line_6" HPOS="224" VPOS="293" WIDTH="784" HEIGHT="72" BASELINE="225 335 1008 352" TAGREFS="TYPE_1">
                        <Shape>
                            <Polygon POINTS="225 335 224 343 317 352 318 352 381 349 467 355 468 355 489 351 499 350 527 352 577 357 578 357 684 357 795 357 812 360 823 362 824 362 839 361 869 358 1006 365 1008 352 1008 319 963 319 962 318 947 307 946 307 945 307 913 306 912 306 843 314 822 308 821 308 820 308 778 312 730 302 729 302 675 303 674 303 663 309 661 310 658 309 634 300 633 300 632 300 631 300 612 307 606 310 602 307 597 304 596 304 595 304 594 304 553 306 534 306 527 305 493 297 492 297 446 302 412 306 329 305 314 298 300 293 299 293 298 293 297 293 284 297 275 301 265 297 256 293 255 293 254 293 225 296 225 335"/>
                        </Shape>
                        <String CONTENT=""/>
                    </TextLine>

                    <TextLine ID="line_7" HPOS="230" VPOS="345" WIDTH="778" HEIGHT="70" BASELINE="230 385 1008 399" TAGREFS="TYPE_1">
                        <Shape>
                            <Polygon POINTS="230 385 230 401 303 395 334 403 335 403 336 403 337 403 359 396 370 404 371 404 372 404 421 405 422 405 427 405 494 398 588 408 594 408 595 408 596 408 597 408 619 399 649 406 650 406 704 401 726 410 729 411 730 411 731 411 737 410 785 402 816 412 818 412 819 412 820 412 821 412 822 412 842 404 869 412 870 412 871 412 896 407 906 413 907 414 908 414 909 414 910 414 923 414 994 409 1006 415 1008 399 1008 364 840 361 832 355 831 355 830 355 829 355 828 355 811 360 810 360 809 360 769 354 768 354 698 359 685 359 673 359 613 351 612 351 538 357 528 357 526 356 509 349 508 349 507 349 435 355 429 355 427 355 399 347 398 347 397 347 349 354 343 354 336 353 285 345 284 345 230 351 230 385"/>
                        </Shape>
                        <String CONTENT=""/>
                    </TextLine>

                    <TextLine ID="line_8" HPOS="228" VPOS="396" WIDTH="783" HEIGHT="66" BASELINE="228 438 469 437 1011 445" TAGREFS="TYPE_1">
                        <Shape>
                            <Polygon POINTS="228 438 228 452 270 445 301 451 302 451 342 447 350 453 351 453 352 453 353 453 359 453 390 448 401 453 403 454 404 454 405 454 406 454 407 454 409 453 418 448 500 448 513 453 516 454 517 454 518 454 526 453 556 448 619 449 624 453 631 458 632 458 633 458 634 458 661 453 678 450 694 453 725 459 783 460 784 460 849 454 883 459 884 459 885 459 903 453 905 453 907 453 944 462 945 462 1010 453 1011 445 1010 414 892 404 891 404 890 404 866 412 864 412 862 412 838 402 837 402 836 402 800 411 798 411 793 411 719 402 718 402 673 409 672 409 653 400 652 400 651 400 613 404 571 399 570 399 569 399 556 407 546 399 545 399 544 399 512 399 511 399 422 406 419 406 415 406 322 396 322 396 274 400 262 396 261 396 260 396 228 403 228 438"/>
                        </Shape>
                        <String CONTENT=""/>
                    </TextLine>

                    <TextLine ID="line_9" HPOS="223" VPOS="441" WIDTH="795" HEIGHT="71" BASELINE="224 481 1018 495" TAGREFS="TYPE_1">
                        <Shape>
                            <Polygon POINTS="1014 475 1011 466 982 466 979 465 938 453 937 453 936 453 935 453 910 463 906 464 891 463 802 451 801 451 764 459 756 461 699 461 692 458 676 452 675 452 674 452 645 456 636 451 635 451 634 451 633 451 621 456 617 458 614 456 606 450 605 450 605 450 604 450 603 450 588 455 581 458 575 455 560 446 559 446 558 446 557 446 536 454 531 456 526 454 510 445 509 445 508 445 507 445 478 453 464 456 458 452 445 444 444 444 443 444 443 444 369 450 366 450 364 450 334 442 333 442 332 442 283 446 257 441 256 441 255 441 243 447 237 451 225 447 224 481 223 491 284 498 285 498 308 494 338 501 339 501 340 501 364 495 508 504 509 504 601 499 620 506 621 506 622 506 623 506 624 506 633 500 642 506 643 506 644 506 645 506 720 501 802 509 803 509 835 504 845 509 846 509 847 509 886 504 899 510 900 510 901 510 948 506 978 512 979 512 1017 505 1018 495 1018 466 1014 466 1014 475"/>
                        </Shape>
                        <String CONTENT=""/>
                    </TextLine>

                    <TextLine ID="line_10" HPOS="222" VPOS="493" WIDTH="799" HEIGHT="69" BASELINE="223 532 1021 546" TAGREFS="TYPE_1">
                        <Shape>
                            <Polygon POINTS="223 532 222 541 337 552 338 552 390 545 392 545 395 545 456 554 457 554 502 549 509 555 510 555 511 555 585 556 586 556 618 549 621 549 624 550 645 556 645 556 646 556 647 556 667 550 670 550 683 551 793 559 794 559 825 554 829 553 832 554 849 560 850 560 851 560 852 560 866 555 886 555 939 555 941 556 974 562 975 562 1020 557 1021 546 1021 513 976 512 965 503 964 503 963 503 962 503 923 511 921 511 920 511 904 504 903 504 902 504 859 510 854 510 847 509 792 501 791 501 749 508 746 508 734 499 733 499 732 499 731 499 693 503 676 498 675 498 674 498 617 505 568 496 567 496 526 504 524 504 524 504 505 496 504 496 454 494 453 494 452 494 427 500 358 500 344 493 343 493 342 493 305 500 303 500 299 500 244 494 243 494 223 498 223 532"/>
                        </Shape>
                        <String CONTENT=""/>
                    </TextLine>

                    <TextLine ID="line_11" HPOS="222" VPOS="540" WIDTH="799" HEIGHT="70" BASELINE="223 580 1021 597" TAGREFS="TYPE_1">
                        <Shape>
                            <Polygon POINTS="223 580 222 594 270 591 386 598 410 599 411 599 419 598 454 595 494 600 504 601 505 601 532 601 645 598 722 605 743 606 744 606 753 605 780 601 787 606 788 607 789 607 790 607 791 607 811 606 880 603 901 608 905 609 906 609 1019 610 1021 597 1021 562 932 554 931 554 900 559 897 559 892 559 820 552 819 552 763 556 745 550 744 550 743 550 703 556 698 556 688 556 593 547 592 547 591 547 571 553 570 553 522 553 522 552 509 546 508 546 507 546 482 551 481 551 453 544 452 544 451 544 450 544 438 550 424 545 423 545 422 545 336 548 328 548 315 541 314 541 313 541 279 546 270 540 269 540 268 540 239 540 238 540 237 540 223 545 223 580"/>
                        </Shape>
                        <String CONTENT=""/>
                    </TextLine>

                    <TextLine ID="line_12" HPOS="229" VPOS="590" WIDTH="787" HEIGHT="70" BASELINE="230 630 1016 644" TAGREFS="TYPE_1">
                        <Shape>
                            <Polygon POINTS="230 630 229 641 282 649 283 649 314 643 320 642 330 643 387 651 388 651 428 645 436 644 451 645 545 654 546 654 617 649 649 656 650 656 721 650 755 658 756 658 792 651 793 651 806 651 842 652 857 660 858 660 859 660 860 660 874 653 904 659 905 659 1015 654 1016 644 1016 614 988 606 987 606 986 606 950 611 937 602 936 602 935 602 934 602 897 611 859 600 858 600 857 600 856 600 855 600 842 610 841 611 806 611 738 609 736 608 724 598 723 598 722 598 721 598 659 604 639 597 638 597 637 597 588 602 542 595 541 595 500 599 482 594 481 594 480 594 479 594 450 600 439 603 424 600 386 592 385 592 298 597 247 590 246 590 245 590 230 595 230 630"/>
                        </Shape>
                        <String CONTENT=""/>
                    </TextLine>

                    <TextLine ID="line_13" HPOS="221" VPOS="638" WIDTH="799" HEIGHT="75" BASELINE="222 678 1020 696" TAGREFS="TYPE_1">
                        <Shape>
                            <Polygon POINTS="1012 678 1008 664 991 664 968 654 968 654 967 654 936 658 926 653 925 653 924 653 896 657 834 651 833 651 832 651 819 658 818 659 762 659 686 658 674 654 645 647 644 647 603 652 599 652 590 646 589 646 588 646 536 645 535 645 511 649 494 652 489 649 484 644 483 644 482 644 434 642 433 642 432 642 419 646 406 651 383 645 367 642 366 642 365 642 358 645 344 649 321 644 313 642 312 642 311 642 307 643 297 646 279 642 257 638 256 638 222 640 222 678 221 686 309 688 312 689 355 699 356 699 357 699 379 692 397 699 398 699 399 699 429 693 434 692 441 693 496 702 497 702 498 702 523 695 528 694 563 695 564 696 578 704 579 704 580 704 701 700 753 699 759 702 769 708 770 708 771 708 804 703 820 701 828 704 843 710 844 710 902 711 903 711 904 711 905 711 911 706 916 703 932 707 955 712 956 712 957 712 968 708 974 706 976 708 981 712 981 713 982 713 983 713 984 713 1019 709 1020 696 1020 665 1012 664 1012 678"/>
                        </Shape>
                        <String CONTENT=""/>
                    </TextLine>

                    <TextLine ID="line_14" HPOS="222" VPOS="686" WIDTH="799" HEIGHT="74" BASELINE="223 727 1021 745" TAGREFS="TYPE_1">
                        <Shape>
                            <Polygon POINTS="222 738 237 744 238 744 239 744 240 744 252 739 258 737 295 737 299 740 312 746 313 746 314 746 360 741 373 740 512 742 515 744 523 750 524 750 524 750 582 752 583 752 656 747 663 747 664 747 679 754 680 754 681 754 682 754 701 748 706 747 714 748 755 756 756 756 857 751 869 751 871 751 887 758 888 758 889 758 942 755 976 760 977 760 1020 754 1021 745 1021 712 980 703 979 703 978 703 977 703 968 710 963 710 921 704 920 704 881 707 865 708 852 706 825 701 824 701 823 701 815 705 811 707 806 705 799 701 798 701 797 701 796 701 790 704 786 706 683 705 672 700 661 696 660 696 659 696 645 699 629 703 544 696 493 692 492 692 471 694 422 698 409 692 406 690 405 690 404 690 396 691 367 696 325 689 319 688 318 688 317 688 315 688 291 695 272 687 271 687 270 687 224 686 223 727 222 738"/>
                        </Shape>
                        <String CONTENT=""/>
                    </TextLine>

                    <TextLine ID="line_15" HPOS="220" VPOS="738" WIDTH="792" HEIGHT="69" BASELINE="221 775 1012 793" TAGREFS="TYPE_1">
                        <Shape>
                            <Polygon POINTS="1011 761 972 761 972 760 964 754 963 754 962 754 961 754 960 754 942 759 915 752 914 752 775 749 774 749 773 749 772 749 762 756 760 756 724 756 722 754 705 747 704 747 703 747 669 753 661 754 618 754 615 751 608 746 607 746 606 746 605 746 582 751 573 752 568 750 558 745 557 745 556 745 513 749 493 750 489 748 485 745 484 745 484 745 483 745 462 747 447 749 443 747 439 742 438 742 437 742 436 742 388 745 371 746 356 744 309 738 308 738 221 740 221 775 220 786 354 795 355 795 439 792 449 797 450 797 451 797 527 794 538 798 539 798 540 799 791 799 894 806 895 806 914 802 922 807 923 807 924 807 925 807 1011 803 1012 793 1012 784 1011 761"/>
                        </Shape>
                        <String CONTENT=""/>
                    </TextLine>

                    <TextLine ID="line_16" HPOS="220" VPOS="787" WIDTH="796" HEIGHT="72" BASELINE="221 825 1016 842" TAGREFS="TYPE_1">
                        <Shape>
                            <Polygon POINTS="221 825 220 835 273 837 285 843 286 843 287 843 335 838 341 838 383 840 618 851 619 851 641 848 659 845 672 849 683 852 684 852 685 852 706 850 731 847 753 851 767 854 768 854 769 854 777 852 795 848 1014 859 1016 842 1016 815 937 814 935 812 921 801 920 801 919 801 828 799 827 799 826 799 804 808 797 810 791 807 774 798 773 798 752 798 751 798 750 798 722 805 710 808 704 804 701 802 700 802 699 802 698 802 682 804 657 806 645 802 619 795 618 795 617 795 589 801 586 801 585 800 575 794 574 794 573 794 572 794 534 795 533 795 525 798 519 802 510 798 509 798 508 798 507 798 488 803 455 797 424 791 423 791 394 795 355 800 275 798 266 791 261 787 260 787 259 787 258 787 221 789 221 825"/>
                        </Shape>
                        <String CONTENT=""/>
                    </TextLine>

                    <TextLine ID="line_17" HPOS="221" VPOS="836" WIDTH="793" HEIGHT="73" BASELINE="222 876 1014 890" TAGREFS="TYPE_1">
                        <Shape>
                            <Polygon POINTS="1008 858 939 852 938 852 890 856 875 848 874 848 873 848 842 854 831 846 830 846 829 846 803 845 802 845 766 853 748 847 747 847 746 847 722 851 687 846 686 846 657 852 647 844 646 844 645 844 645 844 644 844 624 849 567 842 566 842 565 842 549 847 511 840 510 840 509 840 508 840 494 849 480 839 479 839 478 839 427 838 426 838 425 838 397 846 382 838 381 838 380 838 379 838 378 838 377 838 363 847 331 847 320 839 319 839 318 839 317 839 280 845 256 836 255 836 254 836 253 836 222 844 222 876 221 887 327 897 328 897 380 891 486 900 487 900 529 896 537 901 538 901 539 901 540 901 541 901 556 895 654 903 655 903 656 903 675 897 697 904 698 904 699 904 740 898 785 905 908 908 909 908 934 904 997 909 998 909 999 909 1013 902 1014 890 1011 868 1008 858"/>
                        </Shape>
                        <String CONTENT=""/>
                    </TextLine>

                    <TextLine ID="line_18" HPOS="220" VPOS="888" WIDTH="794" HEIGHT="70" BASELINE="220 923 439 932 1014 940" TAGREFS="TYPE_1">
                        <Shape>
                            <Polygon POINTS="1012 912 901 912 896 909 890 905 889 905 888 905 887 905 887 905 877 908 872 910 866 908 842 898 841 898 840 898 800 903 699 896 698 896 697 896 682 902 678 904 634 904 627 900 611 894 610 894 609 894 608 894 597 899 585 905 559 898 552 897 551 897 541 898 500 902 491 896 485 892 484 892 484 892 483 892 482 892 474 896 457 903 370 902 357 894 356 894 355 894 322 901 300 895 299 895 298 895 297 895 284 899 266 889 264 888 263 888 220 888 220 923 220 939 286 939 290 940 321 948 322 948 322 948 323 948 340 940 345 940 378 940 383 941 408 949 409 949 410 949 435 944 442 950 443 950 443 950 444 950 445 950 462 943 486 943 524 943 525 943 554 950 555 950 585 944 586 944 596 951 597 951 598 951 615 953 616 953 617 953 618 953 627 947 671 954 672 954 738 950 755 955 756 955 757 955 758 955 782 947 783 947 801 955 802 955 842 957 843 957 844 957 870 949 897 957 898 957 899 957 900 957 920 950 972 958 973 958 1013 950 1014 940 1013 921 1012 912"/>
                        </Shape>
                        <String CONTENT=""/>
                    </TextLine>

                    <TextLine ID="line_19" HPOS="218" VPOS="935" WIDTH="798" HEIGHT="74" BASELINE="219 974 1016 991" TAGREFS="TYPE_1">
                        <Shape>
                            <Polygon POINTS="219 974 218 984 234 990 235 990 236 990 281 987 288 992 289 992 290 992 291 992 292 992 312 987 313 987 314 987 360 997 361 997 387 993 405 998 406 998 407 998 427 995 512 1000 513 1000 514 1000 515 1000 526 993 526 992 527 993 532 997 533 997 534 997 535 997 561 994 571 1001 572 1001 573 1001 574 1001 620 997 673 1003 674 1003 675 1003 699 997 705 996 711 997 740 1004 741 1004 742 1004 743 1004 758 998 760 997 765 998 800 1006 801 1006 840 1000 854 998 874 1001 927 1009 928 1009 929 1009 948 1003 958 1000 1014 1004 1016 991 1016 959 986 959 984 958 974 951 973 951 972 951 971 951 944 957 939 957 929 957 878 949 877 949 851 954 842 956 751 954 748 951 744 948 743 948 742 948 741 948 719 950 691 953 666 949 655 947 654 947 628 947 560 949 550 945 543 942 542 942 541 942 540 942 533 944 521 949 470 949 448 942 443 940 442 940 441 940 425 941 364 946 340 938 338 938 337 938 336 938 333 938 310 943 219 935 219 974"/>
                        </Shape>
                        <String CONTENT=""/>
                    </TextLine>

                    <TextLine ID="line_20" HPOS="218" VPOS="984" WIDTH="799" HEIGHT="71" BASELINE="219 1023 1017 1037" TAGREFS="TYPE_1">
                        <Shape>
                            <Polygon POINTS="219 1023 218 1038 224 1042 225 1042 226 1042 227 1042 279 1038 304 1037 310 1038 324 1045 325 1045 326 1045 381 1040 390 1046 391 1046 392 1046 393 1046 394 1046 413 1040 419 1038 424 1040 441 1047 442 1047 443 1047 494 1041 504 1040 510 1041 539 1049 540 1049 541 1049 582 1044 645 1051 646 1051 678 1045 697 1052 698 1052 699 1053 732 1053 732 1052 733 1052 747 1045 748 1044 771 1045 952 1055 953 1055 954 1055 966 1049 982 1054 983 1054 984 1054 1016 1048 1017 1037 1017 1007 980 1007 979 1005 969 997 968 997 968 997 967 997 889 1003 868 1004 860 1002 841 996 840 996 839 996 838 996 821 1001 813 1003 807 1000 801 997 800 997 799 997 740 998 729 998 727 998 710 994 709 994 708 994 707 994 698 997 691 1001 655 1001 646 996 642 994 641 994 601 991 600 991 579 994 552 998 492 993 491 993 405 996 392 989 388 987 387 987 386 987 376 988 335 995 313 986 312 986 311 986 219 984 219 1023"/>
                        </Shape>
                        <String CONTENT=""/>
                    </TextLine>

                    <TextLine ID="line_21" HPOS="212" VPOS="1034" WIDTH="803" HEIGHT="72" BASELINE="213 1071 1015 1088" TAGREFS="TYPE_1">
                        <Shape>
                            <Polygon POINTS="213 1071 212 1084 215 1087 215 1088 216 1088 217 1088 218 1088 219 1088 220 1088 228 1083 247 1088 248 1088 249 1088 288 1083 291 1083 292 1083 300 1089 301 1089 302 1089 303 1089 304 1089 321 1084 322 1084 338 1084 343 1084 352 1092 353 1092 354 1092 436 1094 437 1094 471 1087 474 1087 477 1087 502 1095 503 1095 504 1095 505 1095 527 1088 530 1088 605 1088 607 1090 622 1097 623 1097 624 1097 644 1093 657 1099 658 1099 659 1099 726 1093 739 1092 741 1093 750 1099 751 1099 752 1099 753 1099 771 1096 791 1102 792 1102 793 1102 859 1096 873 1095 875 1096 886 1103 887 1103 887 1103 888 1103 948 1098 952 1098 953 1098 973 1106 974 1106 975 1106 1014 1099 1015 1088 1015 1060 987 1059 968 1049 968 1049 967 1049 966 1049 965 1049 954 1058 934 1058 925 1058 925 1057 907 1049 906 1049 905 1049 904 1049 886 1056 872 1047 871 1047 870 1047 788 1046 787 1046 753 1053 752 1053 741 1045 740 1045 739 1045 738 1045 665 1051 656 1051 640 1050 619 1049 611 1042 611 1041 610 1041 609 1041 608 1041 550 1047 522 1039 521 1039 492 1039 491 1039 490 1039 489 1039 481 1046 480 1047 445 1047 443 1045 432 1037 431 1037 430 1037 429 1037 428 1037 409 1044 407 1045 334 1044 332 1043 316 1037 315 1037 314 1037 313 1037 302 1042 299 1043 291 1042 250 1034 249 1034 213 1039 213 1071"/>
                        </Shape>
                        <String CONTENT=""/>
                    </TextLine>

                    <TextLine ID="line_22" HPOS="210" VPOS="1082" WIDTH="805" HEIGHT="73" BASELINE="211 1119 1015 1137" TAGREFS="TYPE_1">
                        <Shape>
                            <Polygon POINTS="211 1119 210 1129 231 1135 232 1135 233 1135 234 1135 242 1131 254 1139 255 1139 256 1139 257 1139 283 1134 345 1141 346 1141 434 1135 479 1144 480 1144 524 1137 559 1137 570 1146 571 1146 572 1146 573 1146 574 1146 589 1141 629 1147 630 1147 631 1147 656 1140 669 1147 670 1147 671 1147 695 1144 712 1149 713 1149 714 1149 747 1142 792 1151 793 1151 835 1144 855 1152 856 1152 857 1152 911 1148 925 1154 926 1154 927 1154 965 1149 992 1155 993 1155 994 1155 1014 1147 1015 1137 1015 1109 916 1097 915 1097 914 1097 889 1105 877 1096 876 1096 875 1096 874 1096 873 1096 851 1105 850 1105 848 1105 823 1099 822 1099 772 1103 770 1103 769 1103 757 1094 756 1094 755 1094 704 1092 703 1092 702 1092 670 1101 668 1101 659 1095 658 1095 657 1095 602 1090 601 1090 600 1090 599 1090 590 1096 570 1089 569 1089 568 1089 567 1089 566 1089 553 1098 508 1088 507 1088 443 1096 438 1096 432 1096 371 1085 370 1085 369 1085 352 1094 351 1094 350 1094 327 1084 326 1084 325 1084 324 1084 306 1092 285 1083 284 1083 257 1082 256 1082 211 1090 211 1119"/>
                        </Shape>
                        <String CONTENT=""/>
                    </TextLine>

                    <TextLine ID="line_23" HPOS="218" VPOS="1131" WIDTH="790" HEIGHT="74" BASELINE="219 1169 481 1172 1008 1191" TAGREFS="TYPE_1">
                        <Shape>
                            <Polygon POINTS="219 1169 218 1180 302 1184 303 1184 304 1184 306 1183 314 1179 327 1184 333 1186 334 1186 335 1186 343 1185 360 1181 374 1186 379 1187 380 1187 381 1187 382 1187 385 1186 399 1180 482 1182 498 1189 499 1189 500 1189 556 1185 563 1190 564 1190 564 1190 565 1190 590 1186 604 1193 605 1194 606 1194 607 1194 616 1194 673 1189 685 1196 685 1197 686 1197 687 1197 743 1197 744 1197 745 1197 746 1197 770 1192 823 1199 824 1199 825 1199 839 1195 848 1200 849 1200 850 1200 851 1200 852 1200 872 1195 895 1202 896 1202 897 1202 898 1202 901 1202 929 1197 1007 1205 1008 1191 1008 1161 992 1161 991 1160 977 1149 976 1149 975 1149 945 1147 867 1145 866 1145 865 1145 855 1150 834 1144 833 1144 832 1144 831 1144 816 1150 799 1143 798 1143 797 1143 796 1143 783 1148 768 1142 767 1142 705 1140 704 1140 703 1140 671 1151 640 1138 639 1138 638 1138 637 1138 610 1148 588 1136 587 1136 586 1136 485 1144 446 1142 431 1131 430 1131 429 1131 428 1131 427 1131 399 1142 219 1138 219 1169"/>
                        </Shape>
                        <String CONTENT=""/>
                    </TextLine>

                    <TextLine ID="line_24" HPOS="213" VPOS="1181" WIDTH="798" HEIGHT="72" BASELINE="214 1216 1011 1236" TAGREFS="TYPE_1">
                        <Shape>
                            <Polygon POINTS="213 1226 294 1237 295 1237 336 1232 352 1237 353 1237 354 1237 390 1231 395 1230 398 1231 418 1238 419 1238 420 1238 421 1238 441 1232 443 1231 446 1232 462 1239 463 1239 464 1239 490 1235 506 1240 507 1240 508 1240 509 1240 523 1234 524 1233 529 1234 564 1241 564 1241 565 1241 588 1235 591 1235 656 1236 657 1237 678 1243 679 1243 680 1243 681 1243 695 1237 696 1237 751 1237 757 1238 816 1247 817 1247 847 1240 849 1240 853 1241 891 1251 892 1251 970 1253 971 1253 1010 1244 1011 1236 1011 1206 935 1205 933 1203 922 1195 921 1195 920 1195 919 1195 918 1195 897 1202 894 1203 853 1203 840 1200 772 1190 771 1190 670 1194 645 1187 645 1187 644 1187 643 1187 626 1195 620 1197 613 1194 598 1188 597 1188 596 1188 595 1188 586 1193 574 1185 573 1185 572 1185 571 1185 535 1191 513 1184 512 1184 511 1184 510 1184 497 1189 484 1183 484 1183 378 1181 377 1181 376 1181 364 1187 358 1190 349 1186 341 1183 340 1183 339 1183 322 1185 296 1189 226 1188 217 1182 214 1216 213 1226"/>
                        </Shape>
                        <String CONTENT=""/>
                    </TextLine>

                    <TextLine ID="line_25" HPOS="212" VPOS="1227" WIDTH="796" HEIGHT="77" BASELINE="213 1265 381 1266 652 1277 1008 1283" TAGREFS="TYPE_1">
                        <Shape>
                            <Polygon POINTS="213 1265 212 1284 239 1278 262 1284 263 1284 264 1284 312 1278 343 1278 356 1287 358 1289 359 1289 360 1289 361 1289 362 1289 369 1287 398 1280 428 1288 441 1291 442 1291 443 1291 443 1291 451 1288 466 1283 504 1289 528 1292 529 1292 530 1292 542 1289 562 1284 580 1290 585 1291 586 1291 587 1291 607 1290 648 1287 661 1290 683 1297 684 1297 765 1298 766 1298 766 1298 786 1292 792 1290 797 1292 812 1300 813 1300 849 1301 850 1301 851 1301 852 1301 861 1295 902 1302 903 1302 904 1302 924 1294 941 1303 942 1303 943 1303 944 1303 955 1299 966 1304 967 1304 968 1304 1007 1294 1008 1283 1007 1248 887 1251 847 1243 827 1240 826 1240 825 1240 824 1240 821 1243 815 1247 803 1242 801 1242 800 1242 799 1242 796 1242 771 1248 763 1241 759 1238 758 1238 757 1238 756 1238 755 1238 748 1241 733 1247 720 1242 719 1242 718 1242 685 1246 671 1239 668 1238 667 1238 604 1235 603 1235 576 1237 526 1242 497 1236 496 1236 495 1236 494 1236 480 1240 469 1235 465 1233 464 1233 463 1233 453 1235 433 1238 426 1234 424 1232 423 1232 422 1232 421 1232 420 1232 416 1234 408 1237 381 1233 356 1229 355 1229 354 1229 347 1232 333 1237 294 1237 283 1230 280 1227 279 1227 278 1227 277 1227 213 1228 213 1265"/>
                        </Shape>
                        <String CONTENT=""/>
                    </TextLine>

                    <TextLine ID="line_26" HPOS="215" VPOS="1276" WIDTH="332" HEIGHT="55" BASELINE="216 1314 547 1316" TAGREFS="TYPE_1">
                        <Shape>
                            <Polygon POINTS="538 1304 528 1304 519 1304 509 1304 499 1304 489 1304 480 1304 470 1304 460 1304 450 1304 441 1304 431 1304 421 1304 411 1304 402 1304 392 1304 382 1304 372 1304 368 1289 352 1276 351 1276 350 1276 280 1276 279 1276 278 1276 277 1276 269 1280 230 1276 229 1276 228 1276 216 1280 216 1314 215 1324 220 1329 220 1330 221 1330 222 1330 223 1331 290 1331 290 1330 291 1330 292 1330 300 1324 335 1330 336 1330 337 1330 349 1325 402 1331 403 1331 403 1331 404 1331 411 1326 414 1324 429 1326 454 1330 455 1330 456 1330 467 1327 479 1324 483 1328 485 1330 485 1331 486 1331 487 1331 488 1331 489 1331 490 1331 494 1328 499 1324 534 1324 543 1329 547 1316 546 1304 538 1304"/>
                        </Shape>
                        <String CONTENT=""/>
                    </TextLine>

                    <TextLine ID="line_27" HPOS="554" VPOS="1304" WIDTH="11" HEIGHT="22" BASELINE="555 1316 565 1317" TAGREFS="TYPE_1">
                        <Shape>
                            <Polygon POINTS="556 1304 555 1316 554 1324 564 1326 565 1317 564 1304 556 1304"/>
                        </Shape>
                        <String CONTENT=""/>
                    </TextLine>

                    <TextLine ID="line_28" HPOS="273" VPOS="1357" WIDTH="460" HEIGHT="44" BASELINE="274 1368 733 1381" TAGREFS="TYPE_1">
                        <Shape>
                            <Polygon POINTS="596 1357 586 1357 582 1357 573 1363 558 1357 557 1357 547 1357 537 1357 532 1357 513 1361 501 1357 498 1357 488 1357 479 1357 469 1357 468 1357 450 1360 362 1357 362 1357 352 1357 342 1357 332 1357 322 1357 313 1357 303 1357 293 1357 283 1357 274 1357 274 1368 273 1378 308 1392 309 1392 310 1392 311 1392 312 1392 329 1380 401 1386 402 1386 448 1383 464 1396 465 1396 466 1396 467 1396 491 1396 491 1396 492 1396 493 1396 510 1386 521 1396 521 1397 522 1397 523 1397 592 1399 593 1399 594 1399 595 1399 611 1390 627 1398 628 1398 629 1398 656 1396 670 1401 671 1401 672 1401 673 1401 692 1395 700 1400 701 1400 702 1400 703 1400 704 1400 732 1390 733 1381 732 1358 611 1360 602 1357 596 1357"/>
                        </Shape>
                        <String CONTENT=""/>
                    </TextLine>
</TextBlock>
                <TextBlock ID="block_0" HPOS="209" VPOS="1391" WIDTH="805" HEIGHT="158" TAGREFS="TYPE_2">
                    <Shape>
                        <Polygon POINTS="209.51048278808594 1391.8143310546875 1014.9759521484375 1391.8143310546875 1014.9759521484375 1549.565185546875 209.51048278808594 1549.565185546875 209.51048278808594 1391.8143310546875"/>
                    </Shape>
                    <TextLine ID="line_29" HPOS="282" VPOS="1380" WIDTH="716" HEIGHT="75" BASELINE="283 1423 998 1437" TAGREFS="TYPE_1">
                        <Shape>
                            <Polygon POINTS="282 1437 343 1443 344 1443 345 1443 353 1438 360 1436 372 1439 381 1441 382 1441 383 1441 384 1441 392 1439 403 1436 421 1439 435 1442 436 1442 437 1442 438 1442 441 1440 445 1437 501 1437 507 1441 520 1447 521 1447 522 1447 546 1441 551 1440 556 1441 574 1448 575 1448 576 1448 604 1442 613 1440 621 1442 641 1449 642 1449 696 1450 697 1450 698 1450 699 1450 705 1446 710 1450 710 1451 711 1451 712 1451 765 1452 766 1452 766 1452 793 1445 796 1444 797 1445 806 1451 807 1451 808 1451 809 1451 851 1448 859 1454 860 1454 861 1454 903 1455 904 1455 997 1447 998 1437 998 1404 889 1397 888 1397 878 1399 870 1401 865 1399 848 1392 847 1392 847 1392 804 1397 786 1399 777 1396 759 1390 758 1390 757 1390 756 1390 745 1396 741 1397 724 1395 695 1390 694 1390 693 1390 680 1393 672 1395 620 1391 597 1390 596 1390 595 1390 593 1390 577 1396 555 1390 554 1390 553 1390 526 1395 515 1388 511 1385 510 1385 509 1385 508 1385 491 1387 460 1391 449 1385 448 1385 447 1385 446 1385 445 1385 444 1385 431 1393 423 1386 423 1385 422 1385 421 1385 420 1385 308 1386 284 1380 283 1423 282 1437"/>
                        </Shape>
                        <String CONTENT=""/>
                    </TextLine>

                    <TextLine ID="line_30" HPOS="212" VPOS="1436" WIDTH="793" HEIGHT="66" BASELINE="213 1471 1005 1486" TAGREFS="TYPE_1">
                        <Shape>
                            <Polygon POINTS="213 1471 212 1480 233 1487 234 1487 235 1487 260 1482 270 1490 271 1490 272 1490 273 1490 317 1484 369 1492 370 1492 371 1492 372 1492 381 1485 382 1485 407 1485 408 1486 416 1492 416 1493 417 1493 418 1493 419 1493 484 1488 495 1487 498 1488 508 1495 509 1495 510 1495 511 1495 512 1495 525 1489 527 1488 559 1488 566 1490 584 1495 585 1495 586 1495 632 1492 654 1490 657 1492 664 1498 665 1498 666 1498 717 1499 718 1499 737 1494 749 1492 770 1495 807 1501 808 1501 832 1497 839 1496 846 1497 863 1502 864 1502 865 1502 1004 1501 1005 1486 1005 1457 963 1457 962 1456 941 1446 940 1446 939 1446 882 1449 860 1444 859 1444 858 1444 782 1447 750 1442 749 1442 748 1442 747 1442 734 1451 733 1452 712 1452 710 1451 685 1441 684 1441 683 1441 635 1449 633 1449 632 1449 603 1439 602 1439 543 1438 542 1438 541 1438 524 1447 524 1447 482 1447 481 1446 464 1436 463 1436 462 1436 461 1436 434 1442 417 1436 416 1436 415 1436 414 1436 400 1441 393 1436 392 1436 391 1436 390 1436 341 1443 340 1443 339 1443 323 1437 322 1437 322 1437 321 1437 307 1442 213 1441 213 1471"/>
                        </Shape>
                        <String CONTENT=""/>
                    </TextLine>

                    <TextLine ID="line_31" HPOS="211" VPOS="1480" WIDTH="793" HEIGHT="81" BASELINE="212 1521 1004 1535" TAGREFS="TYPE_1">
                        <Shape>
                            <Polygon POINTS="211 1543 252 1550 253 1550 254 1550 269 1544 276 1542 305 1542 312 1545 326 1551 327 1551 328 1551 329 1551 344 1545 350 1543 412 1543 419 1546 441 1554 442 1554 443 1554 497 1547 508 1546 515 1547 552 1556 682 1557 683 1557 726 1550 728 1550 729 1550 749 1558 750 1558 751 1558 776 1555 782 1559 783 1559 784 1559 785 1559 821 1554 840 1559 841 1559 842 1559 843 1559 859 1552 889 1561 890 1561 891 1561 892 1561 893 1561 906 1554 923 1559 924 1559 925 1559 1003 1553 1004 1535 1004 1506 968 1504 959 1497 958 1497 957 1497 956 1497 903 1502 891 1503 884 1502 834 1490 833 1490 832 1490 806 1499 803 1500 800 1499 787 1493 786 1493 785 1493 765 1498 754 1500 744 1497 729 1492 728 1492 727 1492 711 1496 698 1499 690 1495 676 1488 675 1488 674 1488 673 1488 651 1494 646 1495 644 1494 632 1487 631 1487 630 1487 592 1492 553 1497 521 1490 512 1488 511 1488 498 1489 440 1495 421 1486 414 1483 413 1483 354 1483 353 1483 352 1483 351 1483 350 1484 341 1490 328 1483 323 1481 322 1481 322 1481 306 1483 275 1486 267 1481 265 1480 264 1480 263 1480 213 1480 212 1521 211 1543"/>
                        </Shape>
                        <String CONTENT=""/>
                    </TextLine>
</TextBlock>
                <TextBlock ID="block_5" HPOS="915" VPOS="1550" WIDTH="97" HEIGHT="59" TAGREFS="TYPE_18">
                    <Shape>
                        <Polygon POINTS="915.4296875 1550.1640625 1012.814453125 1550.1640625 1012.814453125 1609.8187255859375 915.4296875 1609.8187255859375 915.4296875 1550.1640625"/>
                    </Shape>
                    <TextLine ID="line_32" HPOS="916" VPOS="1547" WIDTH="93" HEIGHT="70" BASELINE="918 1591 1009 1588" TAGREFS="TYPE_1">
                        <Shape>
                            <Polygon POINTS="918 1591 918 1611 939 1615 940 1615 941 1615 948 1613 964 1609 971 1614 974 1617 975 1617 976 1617 977 1617 1009 1616 1009 1588 1008 1550 950 1547 949 1547 916 1553 918 1591"/>
                        </Shape>
                        <String CONTENT=""/>
                    </TextLine>
</TextBlock>
            </PrintSpace>
        </Page>
    </Layout>
</alto>