<?xml version="1.0" encoding="UTF-8"?>
<alto xmlns:xsi="http://www.w3.org/2001/XMLSchema-instance"
    xmlns="http://www.loc.gov/standards/alto/ns-v4#"
    xsi:schemaLocation="http://www.loc.gov/standards/alto/ns-v4# http://www.loc.gov/standards/alto/v4/alto-4-3.xsd">
    <Description>
        <MeasurementUnit>pixel</MeasurementUnit>
        <sourceImageInformation>
            <fileName>bsb10313792_00094.jpg</fileName>
        </sourceImageInformation>
        <Processing ID="OCR_0">
            <processingCategory>other</processingCategory>
            <processingStepDescription>unknown</processingStepDescription>
            <processingSoftware>
                <softwareName>kraken</softwareName>
                <softwareVersion>4.3.13</softwareVersion>
            </processingSoftware>
        </Processing>
    </Description>
    <Tags>
        <OtherTag ID="TYPE_1" LABEL="DefaultLine"/>
        <OtherTag ID="TYPE_2" LABEL="MainZone-Other"/>
        <OtherTag ID="TYPE_3" LABEL="RunningTitleZone"/>
        <OtherTag ID="TYPE_4" LABEL="QuireMarksZone"/>
        <OtherTag ID="TYPE_5" LABEL="MarginTextZone-Notes-Continued"/>
        <OtherTag ID="TYPE_6" LABEL="MarginTextZone-Notes"/>
        <OtherTag ID="TYPE_7" LABEL="GraphicZone-TextualContent"/>
        <OtherTag ID="TYPE_8" LABEL="DigitizationArtefactZone"/>
        <OtherTag ID="TYPE_9" LABEL="TableZone-Continued"/>
        <OtherTag ID="TYPE_10" LABEL="MainZone-Lg"/>
        <OtherTag ID="TYPE_11" LABEL="MainZone-Head"/>
        <OtherTag ID="TYPE_12" LABEL="StampZone"/>
        <OtherTag ID="TYPE_13" LABEL="MainZone-Form"/>
        <OtherTag ID="TYPE_14" LABEL="MainZone-List-Continued"/>
        <OtherTag ID="TYPE_15" LABEL="MainZone-Signature"/>
        <OtherTag ID="TYPE_16" LABEL="MarginTextZone-ManuscriptAddendum"/>
        <OtherTag ID="TYPE_17" LABEL="MainZone-P-Continued"/>
        <OtherTag ID="TYPE_18" LABEL="StampZone-Sticker"/>
        <OtherTag ID="TYPE_19" LABEL="TableZone-Head"/>
        <OtherTag ID="TYPE_20" LABEL="GraphicZone-Decoration"/>
        <OtherTag ID="TYPE_21" LABEL="DropCapitalZone"/>
        <OtherTag ID="TYPE_22" LABEL="NumberingZone"/>
        <OtherTag ID="TYPE_23" LABEL="FigureZone-Head"/>
        <OtherTag ID="TYPE_24" LABEL="TitlePageZone"/>
        <OtherTag ID="TYPE_25" LABEL="GraphicZone-Maths"/>
        <OtherTag ID="TYPE_26" LABEL="MainZone-Entry-Continued"/>
        <OtherTag ID="TYPE_27" LABEL="MainZone-Sp"/>
        <OtherTag ID="TYPE_28" LABEL="MainZone-Entry"/>
        <OtherTag ID="TYPE_29" LABEL="GraphicZone-Part"/>
        <OtherTag ID="TYPE_30" LABEL="GraphicZone"/>
        <OtherTag ID="TYPE_31" LABEL="MainZone-Sp-Continued"/>
        <OtherTag ID="TYPE_32" LABEL="TableZone"/>
        <OtherTag ID="TYPE_33" LABEL="TitlePageZone-Index"/>
        <OtherTag ID="TYPE_34" LABEL="AdvertisementZone"/>
        <OtherTag ID="TYPE_35" LABEL="MainZone-Date"/>
        <OtherTag ID="TYPE_36" LABEL="FigureZone-FigDesc"/>
        <OtherTag ID="TYPE_37" LABEL="GraphicZone-Head"/>
        <OtherTag ID="TYPE_38" LABEL="MainZone-List"/>
        <OtherTag ID="TYPE_39" LABEL="MainZone-P"/>
        <OtherTag ID="TYPE_40" LABEL="MainZone-Lg-Continued"/>
        <OtherTag ID="TYPE_41" LABEL="FigureZone"/>
        <OtherTag ID="TYPE_42" LABEL="GraphicZone-FigDesc"/>
    </Tags>
    <Layout>
        <Page WIDTH="1094" HEIGHT="1772" PHYSICAL_IMG_NR="0" ID="page_0">
            <PrintSpace HPOS="0" VPOS="0" WIDTH="1094" HEIGHT="1772">
                <TextBlock ID="block_0" HPOS="404" VPOS="90" WIDTH="472" HEIGHT="46" TAGREFS="TYPE_3">
                    <Shape>
                        <Polygon POINTS="404.7796630859375 90.91649627685547 876.031005859375 90.91649627685547 876.031005859375 136.6425323486328 404.7796630859375 136.6425323486328 404.7796630859375 90.91649627685547"/>
                    </Shape>
                    <TextLine ID="line_0" HPOS="407" VPOS="88" WIDTH="469" HEIGHT="50" BASELINE="408 125 876 121" TAGREFS="TYPE_1">
                        <Shape>
                            <Polygon POINTS="860 89 850 89 840 89 831 89 821 89 811 89 801 89 791 89 781 89 772 89 762 89 752 89 749 89 742 89 732 89 722 89 717 89 712 89 703 89 693 89 683 89 673 89 663 89 653 89 643 89 634 89 624 89 614 89 605 89 594 90 592 89 584 89 575 89 565 89 555 89 545 89 535 89 525 89 515 89 506 89 502 89 494 91 486 89 486 89 476 89 466 89 458 89 454 91 450 89 447 89 437 89 435 89 432 92 407 92 408 125 408 138 439 131 472 137 473 137 474 137 497 131 530 135 531 135 532 135 533 135 540 130 639 136 640 136 641 136 687 129 694 135 695 135 696 135 697 136 747 136 752 136 752 135 753 135 754 135 754 134 755 134 760 128 773 134 774 134 775 134 776 134 800 128 819 134 820 134 821 134 822 134 841 128 874 134 876 121 874 89 860 88 860 89"/>
                        </Shape>
                        <String CONTENT=""/>
                    </TextLine>
</TextBlock>
                <TextBlock ID="block_3" HPOS="223" VPOS="106" WIDTH="55" HEIGHT="40" TAGREFS="TYPE_22">
                    <Shape>
                        <Polygon POINTS="223.39736938476562 106.41075897216797 278.6867980957031 106.41075897216797 278.6867980957031 146.5155487060547 223.39736938476562 146.5155487060547 223.39736938476562 106.41075897216797"/>
                    </Shape>
                    <TextLine ID="line_1" HPOS="228" VPOS="106" WIDTH="48" HEIGHT="39" BASELINE="230 133 276 131" TAGREFS="TYPE_1">
                        <Shape>
                            <Polygon POINTS="230 133 230 145 276 137 276 131 274 107 228 106 230 133"/>
                        </Shape>
                        <String CONTENT=""/>
                    </TextLine>
</TextBlock>
                <TextBlock ID="block_2" HPOS="218" VPOS="141" WIDTH="811" HEIGHT="393" TAGREFS="TYPE_17">
                    <Shape>
                        <Polygon POINTS="218.2338409423828 141.50314331054688 1029.70947265625 141.50314331054688 1029.70947265625 534.4027099609375 218.2338409423828 534.4027099609375 218.2338409423828 141.50314331054688"/>
                    </Shape>
                    <TextLine ID="line_2" HPOS="225" VPOS="139" WIDTH="800" HEIGHT="55" BASELINE="226 181 1025 177" TAGREFS="TYPE_1">
                        <Shape>
                            <Polygon POINTS="954 139 944 139 934 139 924 139 914 139 904 139 895 139 885 139 883 139 880 142 851 143 824 143 812 143 763 139 757 139 747 139 737 139 727 139 717 139 707 139 698 139 695 139 665 142 648 139 648 139 639 139 628 143 623 144 599 143 548 139 540 139 530 139 520 139 511 139 501 139 494 139 489 143 487 144 484 143 474 139 471 139 461 139 456 139 435 143 418 146 364 146 355 143 343 139 334 139 319 143 308 145 288 143 260 139 255 139 247 139 225 142 226 181 226 189 253 194 254 194 364 189 412 194 413 194 414 194 427 189 428 189 430 189 470 193 471 193 472 193 488 189 489 189 490 189 534 193 535 193 596 189 623 193 624 193 625 193 641 188 643 188 707 188 707 188 713 192 714 192 715 192 716 192 1024 187 1025 177 1023 143 957 139 954 139"/>
                        </Shape>
                        <String CONTENT=""/>
                    </TextLine>

                    <TextLine ID="line_3" HPOS="226" VPOS="187" WIDTH="797" HEIGHT="60" BASELINE="226 228 1023 228" TAGREFS="TYPE_1">
                        <Shape>
                            <Polygon POINTS="226 237 257 245 258 245 288 239 352 246 353 246 479 240 514 239 517 241 524 246 525 246 526 246 527 246 528 246 544 241 545 241 547 241 573 246 574 246 575 246 587 242 598 238 630 242 661 246 662 246 663 246 674 243 690 238 721 243 723 243 724 243 725 243 736 238 834 238 849 245 853 246 854 246 855 246 863 245 895 238 910 245 912 246 913 246 914 247 945 247 945 246 946 246 947 246 956 239 972 246 973 246 974 246 975 247 1023 247 1023 228 1023 197 967 197 966 196 948 188 947 188 946 188 945 188 925 196 923 197 888 197 886 195 874 187 873 187 872 187 795 187 794 187 793 187 792 187 782 192 771 187 770 187 769 187 768 187 767 187 756 193 747 188 746 188 745 188 744 188 689 192 636 187 635 187 634 187 620 192 611 196 602 192 586 187 585 187 584 187 526 191 476 196 453 191 434 187 433 187 408 188 407 188 406 188 402 190 393 196 236 195 228 189 226 228 226 237"/>
                        </Shape>
                        <String CONTENT=""/>
                    </TextLine>

                    <TextLine ID="line_4" HPOS="225" VPOS="238" WIDTH="797" HEIGHT="57" BASELINE="226 276 1022 278" TAGREFS="TYPE_1">
                        <Shape>
                            <Polygon POINTS="226 276 225 284 245 293 246 293 247 293 308 287 440 293 441 293 442 293 463 286 465 286 467 286 504 293 505 293 562 287 573 286 576 287 589 293 590 293 591 293 616 287 622 286 626 287 638 292 639 292 640 292 688 288 701 287 703 288 710 294 711 294 712 294 713 295 738 295 738 294 739 294 740 294 748 288 751 287 840 287 847 289 860 294 861 294 862 294 863 294 878 289 886 287 923 287 929 290 937 294 938 294 939 294 1021 290 1022 278 1021 248 858 248 857 247 841 241 840 241 839 241 804 247 802 247 801 247 783 239 782 239 753 239 752 239 751 239 737 245 725 241 724 241 723 241 675 247 670 247 669 247 661 240 660 240 659 240 618 238 503 238 502 238 501 238 478 244 455 238 454 238 453 238 395 245 327 238 326 238 325 238 299 246 296 246 226 246 226 276"/>
                        </Shape>
                        <String CONTENT=""/>
                    </TextLine>

                    <TextLine ID="line_5" HPOS="221" VPOS="283" WIDTH="797" HEIGHT="62" BASELINE="222 328 1018 325" TAGREFS="TYPE_1">
                        <Shape>
                            <Polygon POINTS="222 328 222 340 323 344 324 344 325 344 337 340 350 335 362 340 374 344 375 344 376 345 413 345 413 344 414 344 424 339 431 335 438 339 446 344 447 344 448 344 449 344 450 344 458 339 466 335 483 339 503 343 504 343 505 343 506 343 512 339 518 334 678 334 685 338 693 343 694 343 695 343 696 344 714 344 714 343 715 343 729 337 738 334 761 337 771 338 772 338 785 337 822 333 828 337 829 338 830 338 831 338 832 338 841 337 862 333 875 336 895 342 896 342 897 343 984 343 984 342 1017 335 1018 325 1015 293 931 293 925 292 895 284 894 284 893 284 892 284 891 284 879 292 876 294 837 294 834 291 822 283 821 283 820 283 751 283 750 283 749 283 733 291 732 291 730 291 703 284 702 284 643 290 642 290 639 290 602 286 601 286 600 286 592 290 590 291 588 290 582 285 581 285 580 285 579 285 579 285 568 290 561 293 556 290 551 286 550 286 549 286 548 286 527 289 513 292 505 289 491 284 490 284 489 284 488 284 487 284 481 289 474 295 430 289 421 288 420 288 415 289 386 295 373 288 365 285 364 285 363 285 339 288 295 295 261 288 248 285 247 285 221 287 222 328"/>
                        </Shape>
                        <String CONTENT=""/>
                    </TextLine>

                    <TextLine ID="line_6" HPOS="223" VPOS="335" WIDTH="794" HEIGHT="56" BASELINE="224 377 1017 374" TAGREFS="TYPE_1">
                        <Shape>
                            <Polygon POINTS="224 377 224 390 305 386 336 390 344 391 345 391 353 390 386 385 436 390 450 391 451 391 459 390 499 383 627 383 641 389 643 390 643 390 644 390 645 390 648 389 672 383 729 388 730 388 731 388 753 382 840 387 841 387 842 387 843 387 851 382 870 389 871 389 872 389 873 389 880 389 954 382 1016 388 1017 374 1014 339 854 344 847 340 836 335 836 335 777 335 776 335 775 335 774 335 766 341 765 342 759 341 723 336 722 336 721 336 699 342 687 345 675 342 647 336 646 336 645 336 619 343 613 344 597 343 538 339 537 339 536 339 526 344 525 344 488 336 487 336 417 345 409 346 405 345 377 337 376 337 375 337 223 347 224 377"/>
                        </Shape>
                        <String CONTENT=""/>
                    </TextLine>

                    <TextLine ID="line_7" HPOS="223" VPOS="377" WIDTH="786" HEIGHT="66" BASELINE="224 427 1009 419" TAGREFS="TYPE_1">
                        <Shape>
                            <Polygon POINTS="224 427 224 442 258 437 300 441 321 443 321 443 322 443 327 441 339 435 418 439 422 439 423 439 424 439 425 439 433 434 471 438 497 441 498 441 499 441 507 438 518 432 625 432 654 435 687 439 688 439 689 439 707 434 716 432 723 434 733 438 734 438 735 439 804 439 804 438 805 438 815 433 817 432 820 433 836 437 836 437 837 437 838 437 851 432 855 431 878 432 978 436 979 436 980 436 981 436 988 430 990 429 1007 429 1009 419 1007 388 923 380 922 380 921 380 920 380 909 387 907 389 873 389 871 387 856 377 855 377 854 377 853 377 852 377 817 387 810 390 778 390 774 387 753 378 752 378 751 378 710 384 698 379 697 379 696 379 695 379 694 379 682 387 657 379 656 379 629 379 628 379 627 379 626 379 612 387 610 388 606 387 581 380 580 380 524 379 523 379 522 379 521 379 512 387 510 389 485 391 469 387 461 385 460 385 459 385 458 385 453 387 440 392 422 387 414 385 413 385 412 385 411 385 410 385 408 387 398 393 380 387 362 381 361 381 360 381 359 381 338 387 334 388 332 387 324 381 323 381 322 381 321 381 276 387 250 390 243 387 235 383 234 383 233 383 232 383 223 386 224 427"/>
                        </Shape>
                        <String CONTENT=""/>
                    </TextLine>

                    <TextLine ID="line_8" HPOS="223" VPOS="429" WIDTH="788" HEIGHT="64" BASELINE="224 475 1011 470" TAGREFS="TYPE_1">
                        <Shape>
                            <Polygon POINTS="224 475 224 493 256 486 367 492 380 492 381 492 382 492 383 492 383 491 389 485 406 491 407 491 408 491 409 491 432 485 446 491 447 491 448 491 449 491 458 491 550 484 577 489 581 490 582 490 591 489 630 484 641 489 644 490 645 490 646 491 646 490 647 490 651 489 662 484 686 488 688 488 689 488 691 488 720 483 778 483 787 487 791 489 792 489 793 489 818 487 862 482 879 486 887 488 888 488 889 488 1010 484 1011 470 1008 435 909 437 899 435 875 429 874 429 873 429 859 435 851 438 843 435 832 430 831 430 830 430 793 435 788 435 778 435 700 430 699 430 698 430 697 430 690 435 683 439 673 435 672 435 671 435 669 435 647 440 640 435 636 432 635 432 634 432 633 432 632 432 631 432 627 435 619 440 612 435 607 431 606 431 605 431 552 431 551 431 550 431 539 435 524 442 424 442 402 435 389 432 388 432 387 432 386 432 386 432 381 435 371 442 354 436 353 436 352 436 351 436 327 442 301 436 300 436 265 441 253 435 247 433 246 433 245 433 223 435 224 475"/>
                        </Shape>
                        <String CONTENT=""/>
                    </TextLine>

                    <TextLine ID="line_9" HPOS="225" VPOS="483" WIDTH="319" HEIGHT="56" BASELINE="225 525 544 519" TAGREFS="TYPE_1">
                        <Shape>
                            <Polygon POINTS="254 524 244 524 234 524 226 524 225 525 225 539 383 539 383 538 384 538 385 538 391 533 395 531 412 532 467 536 468 536 469 536 470 536 476 530 544 527 544 519 542 500 516 500 495 483 494 483 493 483 492 483 491 483 447 495 420 488 419 488 418 488 390 493 380 485 379 485 378 485 377 485 295 493 284 486 283 486 282 486 281 486 280 486 279 486 257 500 254 524"/>
                        </Shape>
                        <String CONTENT=""/>
                    </TextLine>
</TextBlock>
                <TextBlock ID="block_4" HPOS="220" VPOS="538" WIDTH="807" HEIGHT="538" TAGREFS="TYPE_39">
                    <Shape>
                        <Polygon POINTS="220.6536865234375 538.4981079101562 1027.015869140625 538.4981079101562 1027.015869140625 1076.984130859375 220.6536865234375 1076.984130859375 220.6536865234375 538.4981079101562"/>
                    </Shape>
                    <TextLine ID="line_10" HPOS="271" VPOS="531" WIDTH="745" HEIGHT="61" BASELINE="271 571 1016 571" TAGREFS="TYPE_1">
                        <Shape>
                            <Polygon POINTS="271 571 271 580 310 591 311 591 312 592 346 592 346 591 347 591 348 591 358 583 376 591 377 591 378 592 416 592 416 591 417 591 418 591 426 584 453 591 454 591 455 591 456 591 470 583 476 581 509 581 513 584 517 588 518 588 519 588 520 588 521 588 522 588 526 584 527 584 528 584 533 588 534 588 535 588 536 588 555 585 564 583 573 585 583 587 584 587 585 587 586 587 588 585 595 581 676 581 705 587 707 587 708 587 709 587 710 587 722 581 732 587 738 591 739 591 740 591 741 592 814 592 814 591 815 591 816 591 820 588 832 581 905 587 906 587 907 587 921 581 979 581 1014 591 1016 571 1015 537 980 538 978 537 971 531 970 531 969 531 947 531 946 531 945 531 932 537 921 543 890 543 874 542 869 538 861 531 860 531 859 531 858 531 783 538 762 531 761 531 760 531 759 531 758 531 746 539 745 540 716 542 700 539 658 532 657 532 656 532 655 532 644 540 640 543 598 543 594 540 581 531 580 531 579 531 579 531 513 536 470 531 469 531 468 531 439 542 431 542 375 542 374 542 339 531 338 531 337 531 336 531 335 531 321 541 288 533 287 533 286 533 285 533 271 541 271 571"/>
                        </Shape>
                        <String CONTENT=""/>
                    </TextLine>

                    <TextLine ID="line_11" HPOS="223" VPOS="579" WIDTH="798" HEIGHT="62" BASELINE="224 622 1021 618" TAGREFS="TYPE_1">
                        <Shape>
                            <Polygon POINTS="224 622 224 641 266 640 267 640 282 632 303 639 304 639 305 639 338 632 444 632 521 632 531 638 531 639 532 639 533 639 534 639 545 638 585 634 609 638 620 639 621 639 622 639 625 637 640 631 681 637 684 637 685 637 691 637 759 631 770 636 773 638 774 638 775 638 796 636 849 630 892 635 902 636 903 636 904 636 907 635 918 630 932 634 939 637 940 637 941 637 1020 633 1021 618 1019 592 944 592 916 579 915 579 824 579 823 579 822 579 795 593 717 593 691 583 690 583 689 583 688 583 663 592 599 593 517 581 516 581 515 581 499 589 486 584 485 584 484 584 450 592 424 581 423 581 422 581 421 581 403 590 383 584 382 584 381 584 380 584 379 584 367 593 331 593 311 582 310 582 274 582 273 582 272 582 223 595 224 622"/>
                        </Shape>
                        <String CONTENT=""/>
                    </TextLine>

                    <TextLine ID="line_12" HPOS="224" VPOS="632" WIDTH="793" HEIGHT="56" BASELINE="225 671 1017 668" TAGREFS="TYPE_1">
                        <Shape>
                            <Polygon POINTS="225 671 225 686 349 680 357 685 359 687 360 687 361 687 362 688 386 688 386 687 386 687 392 685 402 680 444 680 466 684 487 687 488 687 518 683 550 679 627 682 738 686 739 686 866 679 891 678 904 679 995 685 996 685 997 685 1017 677 1017 668 1015 640 921 640 910 632 909 632 908 632 845 632 844 632 843 632 827 639 789 632 788 632 754 640 750 641 703 641 701 640 689 634 688 634 687 634 686 634 677 639 666 632 665 632 664 632 663 632 662 632 640 639 615 634 614 634 613 634 612 634 604 640 600 640 552 632 551 632 494 640 481 642 384 642 381 640 366 633 365 633 364 633 363 633 338 640 333 641 329 640 313 633 312 633 311 633 310 633 297 640 294 641 280 640 237 635 236 635 235 635 224 639 225 671"/>
                        </Shape>
                        <String CONTENT=""/>
                    </TextLine>

                    <TextLine ID="line_13" HPOS="222" VPOS="679" WIDTH="792" HEIGHT="57" BASELINE="223 719 1014 717" TAGREFS="TYPE_1">
                        <Shape>
                            <Polygon POINTS="223 719 223 728 251 735 252 736 325 736 325 735 326 735 344 728 345 728 346 728 368 733 369 733 370 733 381 728 382 728 397 728 589 733 590 733 624 727 628 727 629 727 638 734 639 734 640 734 641 734 642 734 653 729 664 734 665 734 666 735 780 735 780 734 781 734 801 729 979 734 980 734 981 734 982 734 992 727 1013 727 1014 717 1012 691 938 691 937 690 923 679 922 679 921 679 895 679 894 679 893 679 869 689 865 690 861 689 848 685 847 685 846 685 845 685 844 685 839 689 836 691 713 691 707 687 697 683 696 683 695 683 670 687 661 688 658 686 649 679 648 679 647 679 622 679 621 679 620 679 619 679 619 680 612 686 610 687 599 686 551 680 550 680 549 680 536 685 521 691 492 685 469 680 468 680 434 684 422 685 410 684 385 680 384 680 383 680 382 680 378 683 367 691 222 682 223 719"/>
                        </Shape>
                        <String CONTENT=""/>
                    </TextLine>

                    <TextLine ID="line_14" HPOS="221" VPOS="726" WIDTH="798" HEIGHT="58" BASELINE="222 766 1019 769" TAGREFS="TYPE_1">
                        <Shape>
                            <Polygon POINTS="1010 760 1004 739 991 738 980 729 979 729 978 729 977 729 976 729 960 734 952 728 951 728 950 728 858 728 857 728 856 728 855 728 842 738 840 740 755 740 752 738 739 731 738 731 737 731 736 731 716 738 715 738 701 727 700 727 699 727 698 727 660 736 639 728 638 728 637 728 636 728 635 728 622 737 621 738 618 737 602 732 601 732 600 732 599 732 583 737 579 738 577 737 568 732 567 732 566 732 540 737 530 738 523 736 488 726 487 726 486 726 426 736 423 736 422 736 404 726 403 726 370 726 369 726 368 726 350 735 346 738 270 738 265 735 252 728 251 728 250 728 249 728 248 728 239 735 238 735 222 735 222 766 221 775 235 782 236 782 237 783 439 783 439 782 440 782 441 782 446 778 448 777 453 778 488 783 489 784 598 784 598 783 599 783 600 783 604 780 607 778 638 780 685 783 686 783 704 781 722 778 727 781 729 783 730 783 731 783 732 783 815 782 1000 779 1016 784 1019 769 1018 740 1011 739 1010 760"/>
                        </Shape>
                        <String CONTENT=""/>
                    </TextLine>

                    <TextLine ID="line_15" HPOS="221" VPOS="776" WIDTH="795" HEIGHT="58" BASELINE="222 818 1016 817" TAGREFS="TYPE_1">
                        <Shape>
                            <Polygon POINTS="222 818 222 827 265 833 266 833 267 833 286 827 289 827 292 827 321 833 322 833 399 827 408 827 411 827 430 832 431 832 432 832 487 827 493 827 494 827 503 833 504 833 505 833 506 833 547 827 550 827 553 827 581 833 582 833 610 827 612 827 680 827 681 827 690 833 691 833 692 833 693 833 731 827 732 827 742 832 743 832 744 832 791 827 793 827 794 827 811 833 812 833 813 834 883 834 883 833 884 833 885 833 892 828 966 833 967 833 968 833 969 833 980 827 1015 827 1016 817 1013 785 882 786 876 784 858 778 857 778 856 778 855 778 836 784 829 786 827 784 817 776 816 776 815 776 814 776 813 776 787 782 771 779 770 779 769 779 760 784 755 787 714 787 709 784 694 776 693 776 657 776 656 776 655 776 654 776 644 784 642 786 636 784 618 777 617 777 616 777 615 777 603 784 597 787 458 787 450 783 431 776 430 776 339 776 338 776 302 783 295 784 293 783 280 776 279 776 227 776 226 776 225 776 224 776 224 777 221 779 222 818"/>
                        </Shape>
                        <String CONTENT=""/>
                    </TextLine>

                    <TextLine ID="line_16" HPOS="223" VPOS="826" WIDTH="794" HEIGHT="60" BASELINE="223 867 1017 867" TAGREFS="TYPE_1">
                        <Shape>
                            <Polygon POINTS="223 867 223 878 238 885 239 885 240 886 312 886 312 885 313 885 331 879 339 877 355 879 393 885 394 885 395 885 396 885 404 880 405 879 413 880 440 883 441 883 466 880 494 877 503 880 514 885 515 885 516 886 578 886 578 885 579 885 579 885 584 881 589 877 607 881 612 882 613 882 618 881 637 877 703 882 745 885 746 885 747 885 755 882 772 877 796 882 797 882 847 877 874 883 875 883 876 883 877 883 914 877 934 884 938 885 939 885 940 885 941 885 942 885 943 884 951 879 1016 884 1017 867 1017 838 999 838 985 828 984 828 983 828 982 828 981 828 961 835 941 829 940 829 939 829 938 829 925 836 877 835 865 827 864 827 863 827 862 827 861 827 837 835 814 826 813 826 772 826 772 826 771 826 748 837 659 836 637 826 636 826 564 826 563 826 562 826 561 826 549 836 483 837 459 826 458 826 457 826 389 834 352 826 351 826 350 826 349 826 335 835 306 826 305 826 304 826 303 826 302 826 289 834 256 830 255 830 223 837 223 867"/>
                        </Shape>
                        <String CONTENT=""/>
                    </TextLine>

                    <TextLine ID="line_17" HPOS="223" VPOS="877" WIDTH="789" HEIGHT="60" BASELINE="224 915 1012 917" TAGREFS="TYPE_1">
                        <Shape>
                            <Polygon POINTS="1006 887 974 887 973 886 960 880 959 880 958 880 922 886 912 879 911 879 910 879 881 878 880 878 879 878 860 886 860 887 837 887 836 886 811 878 810 878 780 878 779 878 778 878 777 878 766 886 765 887 681 887 680 886 669 878 668 878 667 878 650 878 649 878 648 878 632 886 619 877 618 877 617 877 616 877 615 877 595 884 561 879 560 879 506 885 484 878 483 878 482 878 481 878 480 878 470 886 459 877 458 877 457 877 388 877 387 877 386 877 386 877 374 886 373 886 329 886 327 886 319 880 318 880 317 880 316 880 224 885 224 915 223 927 234 935 235 935 236 935 237 935 283 930 330 935 331 935 332 935 364 925 366 925 367 925 400 933 401 933 402 933 420 925 421 925 444 925 504 927 514 934 514 934 515 934 516 934 517 934 539 927 579 934 580 934 622 926 624 926 625 926 670 933 671 933 672 933 685 928 714 936 715 936 716 936 808 926 816 926 883 926 885 927 901 934 902 934 903 934 935 928 952 936 953 936 954 937 995 937 995 936 996 936 1011 927 1012 917 1010 901 1006 887"/>
                        </Shape>
                        <String CONTENT=""/>
                    </TextLine>

                    <TextLine ID="line_18" HPOS="220" VPOS="925" WIDTH="793" HEIGHT="61" BASELINE="221 967 1013 964" TAGREFS="TYPE_1">
                        <Shape>
                            <Polygon POINTS="221 967 222 983 236 978 271 983 291 985 292 985 293 985 301 982 317 977 369 981 382 982 383 982 384 982 387 981 404 977 415 981 427 985 428 985 429 986 459 986 459 985 485 980 504 976 516 979 528 983 529 983 530 983 531 983 543 979 554 976 572 979 605 984 606 984 682 977 702 976 707 977 734 983 735 983 767 976 770 976 771 976 780 983 781 983 782 983 783 983 784 983 799 976 801 975 805 976 835 983 836 983 836 983 850 976 869 983 870 983 871 983 872 983 873 983 882 977 900 983 901 983 902 984 989 984 989 983 990 983 1013 973 1013 964 1011 936 956 936 928 925 927 925 926 925 925 925 900 935 883 926 882 926 842 925 841 925 840 925 839 925 826 934 801 927 800 927 799 927 798 927 797 927 788 934 735 937 719 937 717 937 687 926 686 926 685 926 684 926 653 937 651 938 585 938 584 937 568 926 567 926 566 926 491 926 490 926 489 926 464 938 462 938 450 938 435 937 423 928 422 928 421 928 356 927 355 927 354 927 333 936 303 930 302 930 301 930 285 938 257 933 256 933 220 938 221 967"/>
                        </Shape>
                        <String CONTENT=""/>
                    </TextLine>

                    <TextLine ID="line_19" HPOS="219" VPOS="975" WIDTH="793" HEIGHT="60" BASELINE="220 1015 1012 1013" TAGREFS="TYPE_1">
                        <Shape>
                            <Polygon POINTS="220 1015 220 1028 260 1033 261 1033 280 1029 293 1026 365 1026 375 1029 386 1034 387 1034 388 1035 451 1035 451 1034 452 1034 464 1030 476 1026 500 1030 506 1031 507 1031 514 1030 547 1026 559 1031 568 1034 569 1034 570 1034 571 1034 572 1034 577 1031 585 1025 621 1025 637 1031 638 1031 639 1031 640 1031 664 1025 692 1031 700 1033 701 1033 702 1033 707 1032 723 1027 800 1027 819 1032 822 1033 823 1033 824 1033 825 1033 828 1032 850 1026 870 1033 872 1033 873 1033 874 1033 875 1033 876 1033 891 1025 911 1033 912 1033 913 1033 914 1034 1011 1034 1012 1013 1008 979 993 986 889 986 879 980 869 975 868 975 846 975 845 975 844 975 834 981 825 986 747 986 737 982 719 975 718 975 687 975 686 975 685 975 663 982 654 985 640 983 603 976 568 976 567 976 566 976 552 983 511 976 510 976 509 976 508 976 499 982 460 978 459 978 421 985 412 986 411 985 399 976 398 976 397 976 380 976 379 976 378 976 377 976 366 984 296 976 295 976 294 976 293 976 279 986 278 986 277 986 234 981 233 981 232 981 219 985 220 1015"/>
                        </Shape>
                        <String CONTENT=""/>
                    </TextLine>

                    <TextLine ID="line_20" HPOS="220" VPOS="1058" WIDTH="413" HEIGHT="18" BASELINE="221 1064 633 1059" TAGREFS="TYPE_1">
                        <Shape>
                            <Polygon POINTS="624 1058 614 1058 604 1058 594 1058 584 1058 575 1058 565 1058 555 1058 545 1058 535 1058 525 1058 515 1058 506 1060 496 1060 486 1060 476 1060 466 1060 456 1060 447 1060 437 1060 427 1060 417 1060 407 1060 397 1060 387 1060 378 1060 368 1060 358 1060 348 1060 338 1060 328 1060 319 1060 309 1060 299 1060 289 1060 279 1060 269 1060 259 1060 250 1060 240 1060 230 1060 220 1060 221 1064 221 1075 429 1076 430 1076 431 1076 432 1076 440 1071 450 1075 451 1075 452 1076 546 1076 546 1075 547 1075 548 1075 558 1069 560 1068 632 1068 633 1059 632 1058 624 1058"/>
                        </Shape>
                        <String CONTENT=""/>
                    </TextLine>
</TextBlock>
                <TextBlock ID="block_5" HPOS="209" VPOS="1076" WIDTH="809" HEIGHT="457" TAGREFS="TYPE_39">
                    <Shape>
                        <Polygon POINTS="209.82180786132812 1076.526611328125 1018.8294067382812 1076.526611328125 1018.8294067382812 1533.2252197265625 209.82180786132812 1533.2252197265625 209.82180786132812 1076.526611328125"/>
                    </Shape>
                    <TextLine ID="line_21" HPOS="263" VPOS="1071" WIDTH="744" HEIGHT="59" BASELINE="263 1114 460 1110 1007 1113" TAGREFS="TYPE_1">
                        <Shape>
                            <Polygon POINTS="263 1114 263 1127 296 1123 316 1127 322 1128 323 1128 324 1128 326 1127 334 1123 340 1127 343 1128 344 1128 345 1129 422 1129 422 1128 423 1128 424 1128 426 1126 436 1121 462 1121 478 1126 482 1127 483 1127 563 1128 564 1128 565 1128 566 1128 570 1125 576 1121 588 1125 592 1126 593 1126 594 1126 613 1125 645 1122 650 1124 659 1129 660 1129 661 1129 662 1129 663 1129 670 1124 674 1122 686 1124 713 1129 714 1130 758 1130 758 1129 759 1129 772 1123 776 1122 806 1123 926 1129 927 1129 1006 1121 1007 1113 1006 1083 864 1083 845 1072 844 1072 843 1072 827 1072 826 1072 825 1072 800 1083 785 1072 784 1072 783 1072 762 1072 761 1072 760 1072 733 1083 732 1083 718 1072 717 1072 716 1072 671 1072 670 1072 669 1072 642 1080 609 1071 608 1071 531 1071 530 1071 485 1078 476 1075 475 1075 474 1075 473 1075 472 1075 461 1082 433 1072 432 1072 431 1072 430 1072 429 1072 414 1083 322 1083 281 1075 280 1075 279 1075 263 1081 263 1114"/>
                        </Shape>
                        <String CONTENT=""/>
                    </TextLine>

                    <TextLine ID="line_22" HPOS="220" VPOS="1123" WIDTH="791" HEIGHT="59" BASELINE="220 1161 1011 1161" TAGREFS="TYPE_1">
                        <Shape>
                            <Polygon POINTS="220 1161 220 1181 288 1180 289 1180 290 1180 300 1173 321 1180 322 1180 366 1181 367 1181 368 1181 373 1179 387 1174 394 1179 396 1181 397 1181 398 1181 399 1182 420 1182 420 1181 421 1181 429 1179 451 1171 539 1171 555 1177 568 1181 569 1181 570 1181 571 1181 584 1176 602 1171 667 1171 678 1175 692 1181 693 1181 694 1182 756 1182 756 1181 757 1181 770 1174 776 1171 824 1171 829 1173 842 1179 843 1179 844 1179 845 1179 858 1173 861 1171 873 1172 936 1181 937 1181 1011 1170 1011 1161 1011 1133 884 1133 883 1132 868 1124 867 1124 837 1123 836 1123 836 1123 835 1123 825 1129 779 1123 778 1123 739 1131 734 1132 728 1131 690 1126 689 1126 688 1126 674 1131 672 1132 670 1131 651 1123 650 1123 649 1123 612 1131 611 1131 600 1123 599 1123 598 1123 529 1123 528 1123 527 1123 509 1129 487 1123 486 1123 485 1123 484 1123 469 1130 465 1132 450 1130 388 1123 387 1123 318 1130 303 1131 301 1130 290 1123 289 1123 288 1123 287 1123 220 1129 220 1161"/>
                        </Shape>
                        <String CONTENT=""/>
                    </TextLine>

                    <TextLine ID="line_23" HPOS="216" VPOS="1171" WIDTH="796" HEIGHT="55" BASELINE="217 1209 699 1206 1012 1210" TAGREFS="TYPE_1">
                        <Shape>
                            <Polygon POINTS="217 1209 217 1225 252 1218 272 1225 273 1225 274 1225 275 1225 276 1225 277 1225 295 1218 321 1224 324 1225 325 1225 326 1225 327 1225 327 1224 341 1217 378 1217 386 1224 387 1225 388 1225 389 1225 390 1225 391 1225 395 1224 415 1217 514 1223 525 1223 526 1223 538 1222 607 1217 614 1222 616 1224 617 1224 618 1224 619 1224 620 1224 628 1222 643 1217 682 1221 717 1225 718 1225 738 1221 754 1217 761 1220 769 1225 770 1225 771 1226 797 1226 797 1225 798 1225 799 1225 805 1220 806 1219 810 1220 826 1225 827 1225 828 1225 829 1225 840 1220 847 1217 853 1220 866 1225 867 1225 868 1226 994 1226 994 1225 995 1225 1012 1218 1012 1210 1011 1182 976 1182 963 1172 962 1172 961 1172 960 1172 959 1172 932 1181 907 1173 906 1173 905 1173 904 1173 889 1182 837 1182 807 1171 806 1171 805 1171 804 1171 803 1171 788 1182 722 1182 692 1172 691 1172 690 1172 689 1172 663 1181 625 1171 624 1171 623 1171 534 1177 504 1171 503 1171 502 1171 501 1171 484 1181 459 1171 458 1171 457 1171 382 1180 363 1171 362 1171 361 1171 310 1177 280 1171 279 1171 278 1171 260 1181 216 1182 217 1209"/>
                        </Shape>
                        <String CONTENT=""/>
                    </TextLine>

                    <TextLine ID="line_24" HPOS="213" VPOS="1218" WIDTH="799" HEIGHT="60" BASELINE="214 1258 518 1255 1012 1260" TAGREFS="TYPE_1">
                        <Shape>
                            <Polygon POINTS="214 1258 213 1265 245 1271 246 1271 247 1271 263 1265 264 1265 399 1265 401 1266 425 1275 426 1275 427 1276 468 1276 468 1275 469 1275 485 1267 488 1266 504 1267 548 1272 549 1272 550 1272 558 1268 560 1267 572 1268 607 1272 608 1272 609 1272 619 1269 625 1267 631 1269 655 1276 656 1276 657 1276 658 1276 683 1269 684 1269 694 1276 695 1276 696 1276 697 1276 746 1274 747 1274 756 1270 763 1267 774 1270 785 1273 786 1273 787 1273 804 1270 808 1270 817 1277 818 1277 819 1277 820 1278 903 1278 903 1277 904 1277 917 1272 922 1270 931 1272 956 1277 957 1277 1011 1272 1012 1260 1012 1231 933 1231 933 1230 915 1223 914 1223 913 1223 912 1223 911 1223 903 1230 902 1231 837 1231 836 1230 820 1221 819 1221 795 1220 794 1220 752 1229 733 1221 732 1221 693 1220 692 1220 691 1220 690 1220 681 1226 579 1219 579 1219 541 1228 510 1220 509 1220 508 1220 507 1220 486 1228 451 1223 450 1223 422 1228 407 1222 406 1222 405 1222 404 1222 384 1227 327 1218 326 1218 325 1218 324 1218 316 1224 276 1221 275 1221 274 1221 259 1226 250 1218 249 1218 248 1218 247 1218 246 1218 214 1227 214 1258"/>
                        </Shape>
                        <String CONTENT=""/>
                    </TextLine>

                    <TextLine ID="line_25" HPOS="215" VPOS="1268" WIDTH="796" HEIGHT="57" BASELINE="215 1305 406 1303 1011 1310" TAGREFS="TYPE_1">
                        <Shape>
                            <Polygon POINTS="215 1305 215 1318 279 1313 321 1319 325 1319 326 1319 332 1319 376 1314 393 1319 397 1320 398 1320 399 1320 405 1319 423 1315 493 1319 527 1321 528 1321 546 1319 578 1316 586 1319 592 1322 593 1322 594 1322 643 1320 693 1317 747 1320 824 1324 825 1324 826 1324 827 1324 832 1320 835 1319 851 1320 913 1325 914 1325 1010 1320 1011 1310 1011 1282 957 1281 940 1272 939 1272 938 1272 937 1272 913 1280 912 1280 902 1271 901 1271 900 1271 900 1271 841 1278 827 1271 826 1271 825 1271 787 1277 778 1270 777 1270 776 1270 755 1270 754 1270 753 1270 738 1277 736 1278 734 1277 725 1270 724 1270 723 1270 722 1270 721 1270 705 1275 690 1269 689 1269 688 1269 633 1275 611 1277 598 1274 572 1268 571 1268 488 1272 433 1275 215 1268 215 1305"/>
                        </Shape>
                        <String CONTENT=""/>
                    </TextLine>

                    <TextLine ID="line_26" HPOS="212" VPOS="1312" WIDTH="796" HEIGHT="65" BASELINE="213 1350 1008 1359" TAGREFS="TYPE_1">
                        <Shape>
                            <Polygon POINTS="213 1350 212 1360 238 1368 239 1368 240 1368 379 1363 417 1363 555 1364 556 1365 564 1371 565 1371 566 1371 567 1371 616 1367 654 1373 655 1373 706 1367 707 1367 736 1367 737 1367 744 1373 744 1374 745 1374 746 1374 747 1374 748 1374 762 1368 832 1375 833 1376 895 1376 895 1375 896 1375 911 1369 912 1369 913 1369 928 1376 929 1376 930 1377 979 1377 979 1376 1007 1370 1008 1359 1006 1325 986 1330 967 1325 958 1321 957 1321 956 1321 955 1321 942 1325 920 1330 900 1324 894 1322 893 1322 892 1322 891 1322 890 1322 887 1324 876 1330 835 1330 804 1329 795 1324 785 1318 784 1318 783 1318 742 1317 741 1317 740 1317 739 1317 729 1324 727 1326 724 1324 720 1321 719 1321 718 1321 717 1321 716 1321 710 1324 704 1328 604 1328 592 1324 562 1315 561 1315 560 1315 559 1315 537 1324 531 1326 519 1324 497 1319 496 1319 450 1324 432 1325 429 1323 412 1314 411 1314 382 1313 381 1313 380 1313 362 1322 339 1322 328 1313 327 1313 326 1313 325 1313 303 1318 296 1312 295 1312 294 1312 233 1312 232 1312 231 1312 213 1321 213 1350"/>
                        </Shape>
                        <String CONTENT=""/>
                    </TextLine>

                    <TextLine ID="line_27" HPOS="213" VPOS="1363" WIDTH="791" HEIGHT="61" BASELINE="213 1402 1004 1408" TAGREFS="TYPE_1">
                        <Shape>
                            <Polygon POINTS="213 1402 213 1418 308 1412 319 1419 320 1419 321 1419 321 1419 324 1419 369 1413 449 1419 450 1419 476 1413 502 1420 507 1421 508 1421 509 1421 546 1420 650 1417 660 1421 663 1422 664 1422 665 1422 679 1421 734 1415 814 1421 815 1421 849 1416 865 1422 871 1424 872 1424 873 1424 898 1422 951 1417 1002 1422 1004 1408 1003 1378 893 1378 891 1376 880 1368 879 1368 878 1368 877 1368 876 1368 855 1376 853 1377 810 1377 808 1375 792 1368 791 1368 740 1366 739 1366 704 1367 703 1367 689 1374 687 1375 682 1374 665 1369 664 1369 663 1369 662 1369 648 1373 643 1375 574 1375 571 1373 561 1365 560 1365 559 1365 558 1365 557 1365 540 1372 538 1372 461 1364 460 1364 459 1364 437 1371 429 1373 420 1371 391 1364 321 1364 320 1364 319 1364 302 1370 297 1371 292 1369 277 1363 276 1363 275 1363 213 1368 213 1402"/>
                        </Shape>
                        <String CONTENT=""/>
                    </TextLine>

                    <TextLine ID="line_28" HPOS="211" VPOS="1415" WIDTH="800" HEIGHT="59" BASELINE="212 1452 1011 1456" TAGREFS="TYPE_1">
                        <Shape>
                            <Polygon POINTS="212 1452 211 1468 293 1463 313 1469 315 1470 316 1470 317 1470 328 1469 390 1464 399 1469 403 1471 404 1471 405 1471 421 1469 446 1466 469 1469 484 1471 485 1471 486 1471 491 1469 504 1464 553 1469 575 1471 576 1471 593 1469 627 1465 658 1469 692 1473 693 1474 739 1474 739 1473 740 1473 741 1473 746 1469 751 1466 808 1466 817 1469 830 1473 831 1473 832 1473 858 1469 869 1467 875 1469 892 1474 893 1474 894 1474 895 1474 906 1469 910 1467 920 1469 951 1474 952 1474 1010 1468 1011 1456 1011 1429 896 1422 895 1422 894 1422 884 1427 881 1428 878 1427 868 1423 867 1423 866 1423 834 1426 823 1427 821 1426 811 1418 810 1418 809 1418 808 1418 771 1425 765 1426 760 1425 736 1418 735 1418 694 1418 693 1418 692 1418 691 1418 683 1424 680 1426 669 1424 650 1420 649 1420 648 1420 647 1420 643 1423 638 1427 605 1427 577 1423 548 1419 547 1419 546 1419 538 1422 532 1424 473 1421 446 1420 445 1420 444 1420 441 1421 423 1425 396 1420 393 1420 392 1420 391 1420 379 1425 372 1420 366 1415 365 1415 364 1415 324 1415 323 1415 322 1415 321 1415 317 1419 310 1424 291 1419 278 1415 277 1415 276 1415 212 1417 212 1452"/>
                        </Shape>
                        <String CONTENT=""/>
                    </TextLine>

                    <TextLine ID="line_29" HPOS="212" VPOS="1462" WIDTH="802" HEIGHT="68" BASELINE="213 1503 1014 1506" TAGREFS="TYPE_1">
                        <Shape>
                            <Polygon POINTS="213 1503 212 1522 225 1528 226 1528 227 1528 257 1521 269 1519 290 1519 296 1522 308 1528 309 1528 310 1529 444 1529 444 1528 445 1528 463 1523 478 1519 491 1523 509 1529 510 1529 511 1530 563 1530 563 1529 564 1529 565 1529 572 1524 576 1520 583 1524 591 1527 592 1527 593 1527 594 1527 604 1524 615 1520 625 1524 632 1527 633 1527 634 1527 635 1527 643 1524 648 1522 653 1524 663 1529 664 1529 665 1529 689 1524 703 1522 722 1525 761 1530 762 1530 763 1530 778 1525 790 1521 803 1525 812 1528 813 1528 814 1528 815 1528 822 1525 834 1521 1012 1526 1014 1506 1013 1476 904 1476 903 1475 884 1466 883 1466 882 1466 881 1466 869 1473 857 1464 856 1464 855 1464 854 1464 814 1473 800 1464 799 1464 798 1464 765 1464 764 1464 763 1464 740 1474 707 1463 706 1463 705 1463 653 1473 624 1463 623 1463 531 1463 530 1463 529 1463 509 1472 490 1463 489 1463 488 1463 487 1463 486 1463 469 1473 469 1474 445 1474 445 1473 404 1462 403 1462 402 1462 401 1462 378 1473 378 1474 348 1474 347 1473 311 1462 310 1462 309 1462 213 1472 213 1503"/>
                        </Shape>
                        <String CONTENT=""/>
                    </TextLine>
</TextBlock>
                <TextBlock ID="block_1" HPOS="811" VPOS="1519" WIDTH="210" HEIGHT="60" TAGREFS="TYPE_4">
                    <Shape>
                        <Polygon POINTS="811.6756591796875 1519.563232421875 1021.6244506835938 1519.563232421875 1021.6244506835938 1579.7080078125 811.6756591796875 1579.7080078125 811.6756591796875 1519.563232421875"/>
                    </Shape>
                    <TextLine ID="line_30" HPOS="814" VPOS="1515" WIDTH="202" HEIGHT="75" BASELINE="815 1553 1016 1557" TAGREFS="TYPE_1">
                        <Shape>
                            <Polygon POINTS="815 1553 814 1567 861 1568 865 1572 883 1588 883 1589 884 1589 885 1589 925 1590 926 1590 927 1590 928 1590 935 1584 958 1590 959 1590 960 1590 961 1590 982 1582 995 1579 1013 1585 1016 1557 1016 1526 999 1520 998 1520 997 1520 996 1520 982 1526 981 1526 967 1517 966 1517 965 1517 965 1517 964 1517 940 1524 937 1525 920 1525 919 1524 913 1518 913 1518 912 1518 911 1518 910 1518 909 1518 888 1523 883 1524 877 1523 850 1515 849 1515 848 1515 815 1520 815 1553"/>
                        </Shape>
                        <String CONTENT=""/>
                    </TextLine>
</TextBlock>
            </PrintSpace>
        </Page>
    </Layout>
</alto>