<?xml version="1.0" encoding="UTF-8"?>
<alto xmlns:xsi="http://www.w3.org/2001/XMLSchema-instance"
    xmlns="http://www.loc.gov/standards/alto/ns-v4#"
    xsi:schemaLocation="http://www.loc.gov/standards/alto/ns-v4# http://www.loc.gov/standards/alto/v4/alto-4-3.xsd">
    <Description>
        <MeasurementUnit>pixel</MeasurementUnit>
        <sourceImageInformation>
            <fileName>2013364.jpeg</fileName>
        </sourceImageInformation>
        <Processing ID="OCR_0">
            <processingCategory>other</processingCategory>
            <processingStepDescription>unknown</processingStepDescription>
            <processingSoftware>
                <softwareName>kraken</softwareName>
                <softwareVersion>4.3.13</softwareVersion>
            </processingSoftware>
        </Processing>
    </Description>
    <Tags>
        <OtherTag ID="TYPE_1" LABEL="DefaultLine"/>
        <OtherTag ID="TYPE_2" LABEL="TableZone"/>
        <OtherTag ID="TYPE_3" LABEL="MainZone-Other"/>
        <OtherTag ID="TYPE_4" LABEL="GraphicZone-FigDesc"/>
        <OtherTag ID="TYPE_5" LABEL="GraphicZone-Decoration"/>
        <OtherTag ID="TYPE_6" LABEL="GraphicZone-TextualContent"/>
        <OtherTag ID="TYPE_7" LABEL="DropCapitalZone"/>
        <OtherTag ID="TYPE_8" LABEL="MainZone-Sp"/>
        <OtherTag ID="TYPE_9" LABEL="MainZone-P"/>
        <OtherTag ID="TYPE_10" LABEL="MarginTextZone-Notes"/>
        <OtherTag ID="TYPE_11" LABEL="MainZone-Signature"/>
        <OtherTag ID="TYPE_12" LABEL="TitlePageZone-Index"/>
        <OtherTag ID="TYPE_13" LABEL="TableZone-Head"/>
        <OtherTag ID="TYPE_14" LABEL="NumberingZone"/>
        <OtherTag ID="TYPE_15" LABEL="GraphicZone-Part"/>
        <OtherTag ID="TYPE_16" LABEL="GraphicZone-Head"/>
        <OtherTag ID="TYPE_17" LABEL="FigureZone-FigDesc"/>
        <OtherTag ID="TYPE_18" LABEL="MainZone-P-Continued"/>
        <OtherTag ID="TYPE_19" LABEL="MainZone-List"/>
        <OtherTag ID="TYPE_20" LABEL="TitlePageZone"/>
        <OtherTag ID="TYPE_21" LABEL="GraphicZone-Maths"/>
        <OtherTag ID="TYPE_22" LABEL="FigureZone"/>
        <OtherTag ID="TYPE_23" LABEL="MainZone-Date"/>
        <OtherTag ID="TYPE_24" LABEL="GraphicZone"/>
        <OtherTag ID="TYPE_25" LABEL="AdvertisementZone"/>
        <OtherTag ID="TYPE_26" LABEL="MainZone-Lg"/>
        <OtherTag ID="TYPE_27" LABEL="QuireMarksZone"/>
        <OtherTag ID="TYPE_28" LABEL="TableZone-Continued"/>
        <OtherTag ID="TYPE_29" LABEL="MainZone-Form"/>
        <OtherTag ID="TYPE_30" LABEL="MainZone-Entry"/>
        <OtherTag ID="TYPE_31" LABEL="MarginTextZone-ManuscriptAddendum"/>
        <OtherTag ID="TYPE_32" LABEL="DigitizationArtefactZone"/>
        <OtherTag ID="TYPE_33" LABEL="MarginTextZone-Notes-Continued"/>
        <OtherTag ID="TYPE_34" LABEL="MainZone-Lg-Continued"/>
        <OtherTag ID="TYPE_35" LABEL="StampZone"/>
        <OtherTag ID="TYPE_36" LABEL="MainZone-Entry-Continued"/>
        <OtherTag ID="TYPE_37" LABEL="MainZone-List-Continued"/>
        <OtherTag ID="TYPE_38" LABEL="MainZone-Head"/>
        <OtherTag ID="TYPE_39" LABEL="MainZone-Sp-Continued"/>
        <OtherTag ID="TYPE_40" LABEL="RunningTitleZone"/>
        <OtherTag ID="TYPE_41" LABEL="FigureZone-Head"/>
        <OtherTag ID="TYPE_42" LABEL="StampZone-Sticker"/>
    </Tags>
    <Layout>
        <Page WIDTH="1000" HEIGHT="1448" PHYSICAL_IMG_NR="0" ID="page_0">
            <PrintSpace HPOS="0" VPOS="0" WIDTH="1000" HEIGHT="1448">
                <TextBlock ID="block_2" HPOS="345" VPOS="108" WIDTH="45" HEIGHT="33" TAGREFS="TYPE_14">
                    <Shape>
                        <Polygon POINTS="345.392333984375 108.44048309326172 390.3421630859375 108.44048309326172 390.3421630859375 141.09909057617188 345.392333984375 141.09909057617188 345.392333984375 108.44048309326172"/>
                    </Shape>
                    <TextLine ID="line_0" HPOS="346" VPOS="107" WIDTH="47" HEIGHT="37" BASELINE="347 129 393 127" TAGREFS="TYPE_1">
                        <Shape>
                            <Polygon POINTS="386 107 378 107 370 107 362 107 354 107 350 107 346 109 347 129 347 140 355 144 356 144 357 144 358 144 372 139 379 138 392 139 393 127 391 107 386 107"/>
                        </Shape>
                        <String CONTENT=""/>
                    </TextLine>
</TextBlock>
                <TextBlock ID="block_4" HPOS="468" VPOS="96" WIDTH="365" HEIGHT="36" TAGREFS="TYPE_40">
                    <Shape>
                        <Polygon POINTS="468.6721496582031 96.8517074584961 833.469970703125 96.8517074584961 833.469970703125 132.9732208251953 468.6721496582031 132.9732208251953 468.6721496582031 96.8517074584961"/>
                    </Shape>
                    <TextLine ID="line_1" HPOS="465" VPOS="96" WIDTH="370" HEIGHT="40" BASELINE="465 126 835 121" TAGREFS="TYPE_1">
                        <Shape>
                            <Polygon POINTS="738 107 730 107 722 107 714 107 706 107 698 107 690 107 682 107 674 107 666 107 658 107 650 107 641 107 633 107 625 107 617 107 609 107 601 107 593 107 585 107 577 107 569 107 561 107 553 107 545 107 537 107 529 107 521 107 513 107 505 107 497 107 489 107 481 107 473 107 467 107 465 108 465 126 465 133 510 136 510 136 511 136 512 136 516 133 521 129 538 129 545 133 547 135 548 135 549 135 550 135 559 133 576 129 582 133 585 135 586 135 587 135 588 135 588 135 594 133 604 128 615 133 617 133 617 133 618 133 626 132 676 128 690 132 695 134 695 134 696 134 706 132 736 127 749 127 756 132 757 132 757 133 757 133 758 133 759 133 760 133 763 132 778 127 787 132 788 132 789 132 790 132 795 131 823 128 833 131 835 121 834 103 818 96 817 96 773 96 772 96 738 100 738 107"/>
                        </Shape>
                        <String CONTENT=""/>
                    </TextLine>
</TextBlock>
                <TextBlock ID="block_3" HPOS="340" VPOS="133" WIDTH="585" HEIGHT="555" TAGREFS="TYPE_18">
                    <Shape>
                        <Polygon POINTS="340.55487060546875 133.6067657470703 925.172119140625 133.6067657470703 925.172119140625 688.8667602539062 340.55487060546875 688.8667602539062 340.55487060546875 133.6067657470703"/>
                    </Shape>
                    <TextLine ID="line_2" HPOS="341" VPOS="122" WIDTH="580" HEIGHT="57" BASELINE="341 166 921 156" TAGREFS="TYPE_1">
                        <Shape>
                            <Polygon POINTS="341 166 341 179 387 172 505 174 506 174 529 169 612 172 613 172 613 172 629 168 678 172 696 172 697 172 698 172 699 172 700 171 705 168 727 170 741 172 742 172 763 169 798 165 840 165 843 168 845 169 846 169 847 169 847 169 921 165 921 156 920 126 897 122 896 122 895 122 885 127 875 132 830 133 801 133 796 129 794 127 793 127 792 127 791 127 770 130 742 134 735 131 720 124 720 124 719 124 718 124 692 131 660 125 659 125 658 125 658 125 649 133 648 133 646 133 600 128 600 128 573 132 554 127 553 127 552 127 551 127 534 131 514 129 513 129 512 129 497 136 478 132 477 132 477 132 476 132 473 135 466 129 465 129 465 129 430 129 429 129 386 133 385 133 384 133 374 140 374 141 341 141 341 166"/>
                        </Shape>
                        <String CONTENT=""/>
                    </TextLine>

                    <TextLine ID="line_3" HPOS="341" VPOS="162" WIDTH="579" HEIGHT="48" BASELINE="342 199 920 189" TAGREFS="TYPE_1">
                        <Shape>
                            <Polygon POINTS="342 199 342 209 403 205 413 209 417 210 418 210 419 210 419 210 425 209 439 205 461 208 471 209 472 209 473 209 477 208 487 204 543 207 563 208 563 208 564 208 568 207 583 201 629 201 637 205 637 205 638 205 639 206 719 206 719 205 720 205 720 205 721 205 729 200 765 204 774 205 775 205 776 205 779 204 793 199 817 203 822 204 823 204 831 203 872 197 919 201 920 189 918 169 893 164 892 164 864 169 846 162 845 162 825 162 824 162 823 162 804 170 765 166 765 166 724 172 707 172 694 165 693 165 692 165 581 166 530 175 488 168 487 168 486 168 465 176 425 176 419 172 418 172 417 172 416 172 415 172 415 172 407 177 341 178 342 199"/>
                        </Shape>
                        <String CONTENT=""/>
                    </TextLine>

                    <TextLine ID="line_4" HPOS="341" VPOS="193" WIDTH="580" HEIGHT="49" BASELINE="342 230 921 221" TAGREFS="TYPE_1">
                        <Shape>
                            <Polygon POINTS="342 230 342 238 349 242 349 242 350 242 351 242 370 238 387 242 388 242 389 242 390 242 390 242 390 242 397 236 508 236 525 240 526 240 526 240 527 240 550 234 558 239 559 239 559 239 560 239 561 239 584 234 619 238 620 238 679 232 707 237 707 237 728 233 788 235 789 235 790 235 790 235 797 230 831 234 831 234 860 230 870 234 871 234 872 234 921 227 921 221 919 200 887 200 880 194 880 193 880 193 879 193 878 193 807 201 759 201 752 196 751 196 750 196 749 196 748 196 727 202 712 198 711 198 711 198 710 198 709 198 704 202 667 198 666 198 666 198 646 203 583 198 582 198 531 205 520 200 519 200 486 200 485 200 485 200 466 206 445 202 444 202 444 202 443 202 436 207 390 201 389 201 388 201 387 201 378 209 341 209 342 230"/>
                        </Shape>
                        <String CONTENT=""/>
                    </TextLine>

                    <TextLine ID="line_5" HPOS="340" VPOS="226" WIDTH="582" HEIGHT="49" BASELINE="341 263 922 254" TAGREFS="TYPE_1">
                        <Shape>
                            <Polygon POINTS="341 263 341 275 417 274 447 268 481 268 485 272 486 272 487 272 488 272 511 267 621 266 643 270 648 271 649 271 654 270 674 265 710 269 716 269 717 269 718 269 720 268 732 264 738 268 739 269 740 269 740 269 741 269 805 268 806 268 810 267 822 263 843 266 854 267 855 267 870 266 898 262 921 264 922 254 920 226 867 233 831 233 820 228 818 227 818 227 817 227 812 228 792 233 690 230 659 230 658 230 645 231 602 237 565 237 556 233 553 231 552 231 551 231 551 231 546 233 533 237 497 234 485 233 485 233 461 234 391 239 383 236 381 234 380 234 379 234 340 236 341 263"/>
                        </Shape>
                        <String CONTENT=""/>
                    </TextLine>

                    <TextLine ID="line_6" HPOS="341" VPOS="259" WIDTH="580" HEIGHT="47" BASELINE="341 295 921 286" TAGREFS="TYPE_1">
                        <Shape>
                            <Polygon POINTS="341 295 341 306 500 299 539 299 543 301 544 303 545 303 546 303 547 303 547 303 551 301 559 298 572 300 583 303 584 303 612 300 628 298 631 299 637 302 638 302 639 302 666 298 670 298 687 298 865 299 866 299 867 299 868 299 876 293 895 298 896 298 897 298 921 292 921 286 919 259 866 263 835 260 815 259 814 259 802 262 773 267 742 263 734 263 733 263 728 263 708 269 688 269 683 265 680 262 679 262 679 262 678 262 659 266 642 269 636 266 629 263 628 263 627 263 587 263 586 263 585 263 580 267 576 270 566 268 555 267 555 267 554 267 549 268 544 271 539 269 528 264 527 264 526 264 526 264 525 264 518 269 518 271 498 271 489 270 455 265 454 265 453 265 436 271 433 273 374 273 370 273 362 269 362 269 361 269 360 269 341 274 341 295"/>
                        </Shape>
                        <String CONTENT=""/>
                    </TextLine>

                    <TextLine ID="line_7" HPOS="341" VPOS="290" WIDTH="580" HEIGHT="51" BASELINE="342 328 921 317" TAGREFS="TYPE_1">
                        <Shape>
                            <Polygon POINTS="342 328 342 337 385 341 386 341 409 336 423 333 476 334 513 335 514 335 538 333 566 330 608 331 730 334 731 334 805 327 827 333 827 333 828 333 876 332 905 331 905 331 921 323 921 317 919 296 880 290 880 290 879 290 863 296 851 293 851 293 850 293 814 297 812 297 811 297 798 292 797 292 796 292 795 292 794 292 786 297 785 299 698 300 694 299 682 294 681 294 680 294 658 299 657 299 656 299 623 295 622 295 621 295 611 300 607 301 594 300 564 296 563 296 490 297 489 297 481 301 474 304 444 304 439 301 434 298 433 298 432 298 432 298 431 298 430 298 430 299 427 301 426 302 415 302 387 300 386 300 386 300 385 300 382 302 378 305 369 302 361 300 360 300 359 300 341 302 342 328"/>
                        </Shape>
                        <String CONTENT=""/>
                    </TextLine>

                    <TextLine ID="line_8" HPOS="342" VPOS="324" WIDTH="579" HEIGHT="46" BASELINE="343 359 921 350" TAGREFS="TYPE_1">
                        <Shape>
                            <Polygon POINTS="343 359 343 366 388 370 389 370 448 366 485 370 485 370 486 370 487 370 492 366 524 370 525 370 576 364 604 369 605 369 687 362 865 365 866 365 921 357 921 350 919 331 885 324 884 324 884 324 862 330 824 325 823 325 709 333 658 328 657 328 615 329 614 329 597 336 544 336 526 330 525 330 524 330 523 330 511 337 483 337 450 331 449 331 448 331 432 337 398 334 397 334 342 339 343 359"/>
                        </Shape>
                        <String CONTENT=""/>
                    </TextLine>

                    <TextLine ID="line_9" HPOS="342" VPOS="357" WIDTH="579" HEIGHT="46" BASELINE="343 392 921 382" TAGREFS="TYPE_1">
                        <Shape>
                            <Polygon POINTS="343 392 343 399 367 403 368 403 535 396 583 400 584 400 693 394 798 396 799 396 800 396 818 392 905 394 905 394 906 394 921 389 921 382 919 357 823 366 807 362 806 362 759 366 736 360 734 360 733 360 732 360 732 360 730 360 710 366 670 362 668 362 667 362 666 362 629 369 584 364 583 364 582 364 570 370 542 365 541 365 540 365 518 370 491 364 488 364 487 364 486 364 485 364 485 365 481 370 471 365 470 365 469 365 468 365 431 371 405 366 403 366 402 366 401 366 400 366 387 373 367 373 358 366 357 366 356 366 355 366 342 366 343 392"/>
                        </Shape>
                        <String CONTENT=""/>
                    </TextLine>

                    <TextLine ID="line_10" HPOS="341" VPOS="390" WIDTH="580" HEIGHT="47" BASELINE="342 425 921 416" TAGREFS="TYPE_1">
                        <Shape>
                            <Polygon POINTS="342 425 342 436 431 437 432 437 432 437 444 434 456 431 480 433 489 434 489 434 507 432 552 429 564 431 579 435 580 435 580 435 581 435 581 434 585 431 588 428 607 428 623 431 641 433 642 433 658 430 666 428 688 429 751 432 752 432 753 432 764 427 769 426 794 427 845 430 846 430 847 430 854 426 855 425 921 424 921 416 920 395 821 390 820 390 819 390 803 397 802 397 800 397 767 391 766 391 765 391 765 391 757 398 756 399 686 399 685 399 660 393 659 393 658 393 640 399 639 399 638 399 610 394 609 394 609 394 608 394 608 394 601 400 600 401 572 401 555 401 539 395 538 395 537 395 536 395 535 395 529 400 502 395 502 395 501 395 487 401 481 396 481 396 480 396 444 396 443 396 392 403 390 403 382 398 382 398 381 398 350 398 349 398 349 398 348 398 341 402 342 425"/>
                        </Shape>
                        <String CONTENT=""/>
                    </TextLine>

                    <TextLine ID="line_11" HPOS="341" VPOS="423" WIDTH="579" HEIGHT="45" BASELINE="342 456 920 448" TAGREFS="TYPE_1">
                        <Shape>
                            <Polygon POINTS="342 456 342 465 399 468 399 468 427 464 433 464 436 464 454 468 455 468 456 468 456 468 463 464 465 463 470 464 486 466 487 466 543 462 551 462 552 462 561 466 562 466 563 466 601 461 604 461 605 461 619 465 620 465 621 465 621 465 630 461 631 460 634 460 658 464 659 464 700 464 701 464 702 464 707 460 707 460 728 464 729 464 761 459 762 459 763 459 786 463 786 463 827 458 860 462 861 462 920 456 920 448 918 427 870 423 869 423 868 423 868 423 861 427 860 427 856 427 843 423 843 423 842 423 803 427 781 429 767 427 746 424 745 424 744 424 736 427 731 430 699 427 679 427 678 427 677 427 676 427 674 428 670 431 662 428 654 426 654 426 653 426 652 426 646 428 639 431 637 428 635 427 634 427 633 427 585 427 584 427 584 427 579 428 571 432 534 429 515 427 514 427 514 427 513 427 510 429 504 433 454 430 444 429 443 429 442 429 441 429 441 430 436 434 416 430 411 429 411 429 410 429 407 430 392 435 341 431 342 456"/>
                        </Shape>
                        <String CONTENT=""/>
                    </TextLine>

                    <TextLine ID="line_12" HPOS="342" VPOS="455" WIDTH="578" HEIGHT="44" BASELINE="343 489 920 481" TAGREFS="TYPE_1">
                        <Shape>
                            <Polygon POINTS="343 489 343 499 920 491 920 481 918 460 804 455 803 455 695 463 687 463 679 463 583 458 582 458 581 458 567 464 566 464 564 464 543 459 543 459 542 459 541 459 524 464 523 464 498 460 497 460 497 460 482 465 481 465 480 465 460 460 460 460 459 460 458 460 435 465 432 466 427 466 397 462 396 462 395 462 387 466 386 467 379 466 352 463 351 463 350 463 342 466 343 489"/>
                        </Shape>
                        <String CONTENT=""/>
                    </TextLine>

                    <TextLine ID="line_13" HPOS="341" VPOS="489" WIDTH="581" HEIGHT="42" BASELINE="342 521 922 514" TAGREFS="TYPE_1">
                        <Shape>
                            <Polygon POINTS="342 521 342 528 412 531 413 531 547 526 570 526 573 526 593 530 594 530 617 526 630 530 631 530 632 530 921 522 922 514 921 494 901 489 900 489 899 489 793 494 769 496 737 496 735 494 727 490 726 490 725 490 724 490 710 494 703 496 695 494 681 491 658 491 657 491 656 491 655 491 652 494 650 496 646 494 638 491 637 491 637 491 559 492 529 494 487 498 481 494 480 493 479 493 478 493 477 493 471 494 457 497 435 494 424 493 423 493 423 493 420 494 412 499 341 495 342 521"/>
                        </Shape>
                        <String CONTENT=""/>
                    </TextLine>

                    <TextLine ID="line_14" HPOS="342" VPOS="519" WIDTH="581" HEIGHT="46" BASELINE="343 552 923 546" TAGREFS="TYPE_1">
                        <Shape>
                            <Polygon POINTS="343 552 343 561 414 565 415 565 415 565 432 561 442 559 464 560 481 562 482 562 497 560 515 558 528 560 548 563 549 563 550 563 551 563 556 559 558 559 566 559 582 562 583 562 584 562 589 559 595 557 603 559 614 563 615 563 616 563 652 559 657 559 659 559 675 562 676 562 677 562 683 559 687 556 714 559 730 559 731 559 746 558 779 555 798 558 815 560 816 560 835 557 847 555 851 557 854 559 855 559 855 559 856 559 871 557 884 555 888 557 892 559 893 559 893 559 894 559 922 556 923 546 921 526 873 519 872 519 872 519 850 526 848 527 737 527 733 527 715 523 714 523 713 523 706 527 703 529 629 529 626 527 621 523 621 523 620 523 601 522 600 522 600 522 599 522 591 527 588 529 582 527 561 522 560 522 539 526 488 523 487 523 486 523 469 528 465 529 460 528 446 524 445 524 444 524 427 528 416 530 413 528 408 525 407 525 407 525 406 525 342 528 343 552"/>
                        </Shape>
                        <String CONTENT=""/>
                    </TextLine>

                    <TextLine ID="line_15" HPOS="343" VPOS="552" WIDTH="581" HEIGHT="46" BASELINE="344 585 924 578" TAGREFS="TYPE_1">
                        <Shape>
                            <Polygon POINTS="719 555 718 555 717 555 716 555 714 556 707 560 687 557 677 555 676 555 675 555 670 557 658 562 627 562 620 558 615 555 614 555 613 555 613 555 604 558 594 560 572 558 551 556 551 556 550 556 542 559 526 563 492 559 472 557 471 557 470 557 465 559 456 563 412 560 400 559 399 559 399 559 398 559 397 560 391 564 378 560 371 559 370 559 370 559 343 560 344 585 344 594 448 598 449 598 450 598 471 592 475 592 476 592 481 596 482 596 483 596 509 597 510 597 510 597 523 592 524 592 535 596 536 596 537 596 538 596 553 592 555 591 558 591 582 596 583 596 584 596 584 596 589 592 596 595 596 595 597 595 634 590 637 590 637 590 648 594 649 594 650 594 694 589 695 589 696 589 719 595 720 595 720 595 721 595 722 595 731 588 733 588 773 594 773 595 790 595 790 594 791 594 792 594 798 589 803 593 804 593 805 593 806 593 838 589 858 593 859 593 860 593 877 587 924 585 924 578 922 555 870 552 869 552 868 552 863 555 856 559 827 559 814 555 804 553 803 553 802 553 802 553 801 553 798 555 791 560 734 560 725 556 720 555 719 555"/>
                        </Shape>
                        <String CONTENT=""/>
                    </TextLine>

                    <TextLine ID="line_16" HPOS="342" VPOS="584" WIDTH="580" HEIGHT="42" BASELINE="343 617 922 609" TAGREFS="TYPE_1">
                        <Shape>
                            <Polygon POINTS="744 595 742 591 734 592 728 588 726 587 725 587 724 587 724 587 709 588 680 593 674 589 672 588 671 588 670 588 650 588 650 588 649 588 648 588 646 589 639 594 573 595 532 590 523 589 522 589 522 589 521 589 520 590 512 596 467 590 460 590 460 590 456 591 427 596 402 591 400 591 399 591 399 591 398 591 386 597 342 592 343 617 343 626 922 619 922 609 920 588 893 589 888 588 884 584 884 584 883 584 882 584 881 584 880 584 880 585 877 588 874 591 834 591 821 588 811 586 810 586 810 586 809 586 806 588 800 592 765 588 763 588 762 588 761 588 747 590 744 595"/>
                        </Shape>
                        <String CONTENT=""/>
                    </TextLine>

                    <TextLine ID="line_17" HPOS="345" VPOS="617" WIDTH="578" HEIGHT="44" BASELINE="345 649 923 643" TAGREFS="TYPE_1">
                        <Shape>
                            <Polygon POINTS="345 649 345 659 441 661 442 661 443 661 449 658 452 657 455 658 463 661 464 661 465 661 491 658 503 656 513 657 536 660 537 660 576 656 587 655 596 656 632 659 633 659 633 659 644 655 646 654 656 655 705 658 706 658 707 658 707 658 707 658 711 654 712 654 718 654 761 658 762 658 763 658 779 653 781 653 786 653 849 657 850 657 851 657 859 653 888 656 889 656 923 650 923 643 921 622 883 617 882 617 881 617 880 617 873 622 847 622 825 622 824 622 816 617 815 617 814 617 814 617 813 617 800 622 778 617 777 617 777 617 761 623 759 623 757 623 724 617 723 617 722 617 721 617 714 623 713 623 711 623 662 617 662 617 661 617 660 617 653 623 651 625 632 625 593 625 591 624 584 619 584 619 583 619 582 619 581 619 564 624 558 625 548 624 521 619 520 619 485 624 431 620 430 620 429 620 416 625 415 625 414 625 408 621 407 621 407 621 406 621 345 625 345 649"/>
                        </Shape>
                        <String CONTENT=""/>
                    </TextLine>

                    <TextLine ID="line_18" HPOS="344" VPOS="649" WIDTH="442" HEIGHT="44" BASELINE="345 684 786 676" TAGREFS="TYPE_1">
                        <Shape>
                            <Polygon POINTS="746 666 742 656 742 656 721 649 720 649 720 649 719 649 718 649 711 656 708 658 695 658 670 658 668 656 662 651 661 651 660 651 659 651 658 651 658 651 651 656 648 658 637 656 625 653 625 653 624 653 623 653 613 656 601 659 569 656 536 653 535 653 534 653 534 653 530 656 525 660 495 656 492 656 491 656 490 656 489 656 474 662 444 657 444 657 443 657 437 660 434 656 433 656 433 655 432 655 432 655 431 655 344 656 345 684 345 692 517 693 518 693 518 693 527 691 537 688 569 690 592 691 592 691 593 691 600 690 614 686 639 689 652 691 653 691 666 689 697 685 710 689 711 689 712 689 713 689 717 688 736 685 785 687 786 676 783 656 749 656 746 666"/>
                        </Shape>
                        <String CONTENT=""/>
                    </TextLine>
</TextBlock>
                <TextBlock ID="block_0" HPOS="345" VPOS="689" WIDTH="582" HEIGHT="390" TAGREFS="TYPE_9">
                    <Shape>
                        <Polygon POINTS="345.1605224609375 689.962646484375 927.6548461914062 689.962646484375 927.6548461914062 1079.71923828125 345.1605224609375 1079.71923828125 345.1605224609375 689.962646484375"/>
                    </Shape>
                    <TextLine ID="line_19" HPOS="374" VPOS="681" WIDTH="550" HEIGHT="46" BASELINE="374 714 924 707" TAGREFS="TYPE_1">
                        <Shape>
                            <Polygon POINTS="374 714 374 722 426 727 427 727 514 721 527 720 543 720 648 724 649 724 670 720 716 724 717 724 769 723 769 723 782 718 786 717 793 718 811 721 812 721 813 721 820 718 822 717 923 717 924 707 922 683 819 681 818 681 818 681 813 683 810 685 802 683 788 681 787 681 786 681 781 684 775 687 710 687 705 684 703 682 703 682 702 682 670 682 670 682 669 682 662 684 647 688 625 685 614 683 613 683 602 685 575 689 549 685 541 684 540 684 539 684 537 685 530 689 525 685 523 684 522 684 522 684 521 684 510 686 479 690 451 686 444 685 443 685 442 685 441 685 441 686 440 686 436 691 374 686 374 714"/>
                        </Shape>
                        <String CONTENT=""/>
                    </TextLine>

                    <TextLine ID="line_20" HPOS="343" VPOS="711" WIDTH="581" HEIGHT="47" BASELINE="344 748 924 740" TAGREFS="TYPE_1">
                        <Shape>
                            <Polygon POINTS="344 748 344 756 436 758 436 758 455 754 461 753 473 754 517 758 518 758 563 752 569 752 573 752 616 756 617 756 714 752 748 755 749 755 750 755 765 749 768 749 771 749 798 754 798 754 799 754 814 749 828 753 829 753 830 753 831 753 841 748 842 748 923 747 924 740 921 719 879 719 878 719 868 711 867 711 866 711 865 711 818 712 818 712 817 712 805 720 804 720 802 720 777 713 777 713 776 713 727 721 724 721 721 721 691 717 691 717 690 717 677 722 675 723 644 723 644 722 635 715 634 715 633 715 633 715 632 715 617 723 609 715 608 715 607 715 606 715 605 715 584 723 549 718 548 718 547 718 539 722 527 716 526 716 526 716 429 718 428 718 427 718 419 725 419 726 399 726 396 726 370 719 369 719 368 719 367 719 366 719 356 726 355 727 343 727 344 748"/>
                        </Shape>
                        <String CONTENT=""/>
                    </TextLine>

                    <TextLine ID="line_21" HPOS="345" VPOS="744" WIDTH="580" HEIGHT="49" BASELINE="346 779 925 772" TAGREFS="TYPE_1">
                        <Shape>
                            <Polygon POINTS="346 779 346 787 373 793 374 793 411 787 474 792 475 792 476 792 477 792 484 786 514 791 514 791 618 785 795 788 796 788 797 788 798 788 806 782 847 787 848 787 849 787 863 781 925 780 925 772 924 744 867 744 866 744 865 744 863 745 849 752 818 749 817 749 795 754 740 754 724 749 715 747 714 747 713 747 692 750 662 755 636 752 604 748 603 748 576 748 575 748 564 753 559 756 547 754 522 750 522 750 521 750 520 750 513 755 510 756 508 755 498 750 497 750 497 750 496 750 485 753 475 749 474 749 473 749 439 754 415 752 414 752 413 752 412 752 403 758 402 758 399 758 354 751 353 751 353 751 352 751 352 752 345 756 346 779"/>
                        </Shape>
                        <String CONTENT=""/>
                    </TextLine>

                    <TextLine ID="line_22" HPOS="345" VPOS="779" WIDTH="579" HEIGHT="42" BASELINE="346 812 924 806" TAGREFS="TYPE_1">
                        <Shape>
                            <Polygon POINTS="346 812 346 821 923 818 924 806 922 783 879 779 878 779 877 779 876 779 871 783 868 785 835 785 827 784 810 780 809 780 808 780 797 784 792 786 743 786 735 785 715 781 714 781 713 781 695 785 687 787 676 785 653 781 652 781 632 786 622 788 609 786 587 783 586 783 571 786 561 789 489 789 465 788 418 784 417 784 396 789 387 791 373 791 370 789 366 785 365 785 364 785 363 785 362 785 345 789 346 812"/>
                        </Shape>
                        <String CONTENT=""/>
                    </TextLine>

                    <TextLine ID="line_23" HPOS="346" VPOS="810" WIDTH="580" HEIGHT="45" BASELINE="347 844 926 838" TAGREFS="TYPE_1">
                        <Shape>
                            <Polygon POINTS="347 844 347 852 589 851 615 855 616 855 667 849 670 849 670 849 682 854 683 854 683 854 781 853 815 847 817 847 818 847 852 852 853 852 890 847 908 851 909 851 909 851 910 851 926 846 926 838 925 814 865 810 864 810 840 815 831 818 736 818 733 817 725 812 724 812 724 812 723 812 711 817 707 819 672 819 670 818 664 813 663 813 662 813 643 813 642 813 641 813 629 818 625 819 622 818 613 814 612 814 611 814 610 814 600 818 581 814 580 814 580 814 566 818 562 820 553 819 522 814 522 814 456 820 453 820 452 820 426 815 425 815 424 815 403 821 401 821 399 821 358 816 357 816 356 816 346 820 347 844"/>
                        </Shape>
                        <String CONTENT=""/>
                    </TextLine>

                    <TextLine ID="line_24" HPOS="347" VPOS="846" WIDTH="579" HEIGHT="43" BASELINE="348 876 926 870" TAGREFS="TYPE_1">
                        <Shape>
                            <Polygon POINTS="348 876 348 889 430 884 447 888 448 888 449 888 450 888 456 888 494 884 507 888 510 888 511 888 512 888 522 887 542 884 579 886 592 887 592 887 593 887 596 886 607 882 641 885 649 886 650 886 655 885 679 881 687 885 691 886 691 886 692 887 750 887 750 886 751 886 757 884 769 880 826 880 830 883 832 885 833 885 834 885 835 885 853 883 874 880 925 881 926 870 924 846 876 850 855 847 847 846 847 846 753 847 752 847 751 847 748 849 746 851 739 849 730 847 729 847 728 847 724 849 719 852 679 850 627 847 626 847 625 847 625 847 620 851 617 854 594 854 579 852 549 848 548 848 547 848 547 848 541 853 539 854 536 853 522 849 521 849 520 849 519 849 518 849 512 853 510 855 499 854 476 851 475 851 437 855 428 855 423 855 387 850 386 850 386 850 385 850 378 855 347 856 348 876"/>
                        </Shape>
                        <String CONTENT=""/>
                    </TextLine>

                    <TextLine ID="line_25" HPOS="345" VPOS="877" WIDTH="580" HEIGHT="45" BASELINE="345 909 925 901" TAGREFS="TYPE_1">
                        <Shape>
                            <Polygon POINTS="345 909 345 917 402 922 403 922 403 922 404 922 412 917 415 917 441 920 442 920 461 916 464 916 497 916 507 921 508 921 509 921 587 914 589 914 592 914 637 918 637 918 804 917 838 912 871 914 872 914 872 914 873 914 880 910 906 915 907 915 908 915 925 909 925 901 924 884 880 877 880 877 851 884 833 878 832 878 831 878 741 885 703 880 702 880 701 880 689 886 679 880 678 880 677 880 576 881 576 881 550 888 426 886 425 886 345 891 345 909"/>
                        </Shape>
                        <String CONTENT=""/>
                    </TextLine>

                    <TextLine ID="line_26" HPOS="345" VPOS="909" WIDTH="582" HEIGHT="42" BASELINE="345 942 927 934" TAGREFS="TYPE_1">
                        <Shape>
                            <Polygon POINTS="345 942 345 951 926 943 927 934 925 915 845 909 844 909 843 909 843 909 836 914 831 910 831 909 830 909 829 909 808 909 807 909 773 916 757 910 756 910 755 910 754 910 731 917 668 911 667 911 621 912 621 912 602 918 545 913 544 913 543 913 543 913 534 919 497 913 497 913 496 913 495 913 488 919 475 913 474 913 473 913 412 914 411 914 393 921 362 916 361 916 360 916 345 921 345 942"/>
                        </Shape>
                        <String CONTENT=""/>
                    </TextLine>

                    <TextLine ID="line_27" HPOS="345" VPOS="941" WIDTH="582" HEIGHT="43" BASELINE="346 974 927 967" TAGREFS="TYPE_1">
                        <Shape>
                            <Polygon POINTS="346 974 346 980 378 984 379 984 927 976 927 967 925 948 897 941 897 941 839 946 812 942 811 942 752 946 732 942 732 942 731 942 730 942 722 949 675 943 674 943 674 943 673 943 663 950 612 944 611 944 610 944 587 950 490 952 419 946 418 946 417 946 407 950 397 946 396 946 395 946 395 946 394 946 386 952 359 946 358 946 358 946 357 946 345 953 346 974"/>
                        </Shape>
                        <String CONTENT=""/>
                    </TextLine>

                    <TextLine ID="line_28" HPOS="347" VPOS="974" WIDTH="580" HEIGHT="43" BASELINE="348 1005 927 999" TAGREFS="TYPE_1">
                        <Shape>
                            <Polygon POINTS="348 1005 348 1015 384 1012 390 1015 399 1017 399 1017 400 1017 401 1017 402 1017 406 1014 410 1011 455 1011 467 1013 485 1016 486 1016 487 1016 488 1016 488 1016 491 1013 494 1011 562 1011 675 1014 676 1014 677 1014 686 1010 688 1009 716 1009 843 1012 844 1012 883 1007 905 1011 905 1011 906 1011 927 1006 927 999 925 974 347 980 348 1005"/>
                        </Shape>
                        <String CONTENT=""/>
                    </TextLine>

                    <TextLine ID="line_29" HPOS="345" VPOS="1005" WIDTH="581" HEIGHT="44" BASELINE="346 1038 926 1032" TAGREFS="TYPE_1">
                        <Shape>
                            <Polygon POINTS="346 1038 346 1046 350 1049 351 1049 352 1049 353 1049 418 1044 430 1048 431 1048 432 1048 479 1044 489 1048 489 1048 490 1048 491 1048 509 1043 573 1043 612 1047 613 1047 646 1042 674 1046 674 1046 718 1042 912 1044 913 1044 913 1044 926 1038 926 1032 925 1013 885 1005 884 1005 845 1006 844 1006 843 1006 836 1012 835 1013 835 1012 820 1006 819 1006 818 1006 818 1006 799 1012 797 1013 793 1012 771 1007 770 1007 769 1007 769 1007 763 1012 761 1014 736 1012 674 1007 673 1007 672 1007 671 1007 666 1012 662 1016 634 1016 592 1016 579 1011 566 1008 565 1008 564 1008 543 1009 543 1009 542 1009 539 1011 533 1016 500 1011 497 1011 497 1011 493 1011 447 1017 425 1011 419 1010 419 1010 418 1010 410 1011 381 1017 367 1011 366 1011 365 1011 364 1011 345 1011 346 1038"/>
                        </Shape>
                        <String CONTENT=""/>
                    </TextLine>

                    <TextLine ID="line_30" HPOS="345" VPOS="1037" WIDTH="566" HEIGHT="46" BASELINE="345 1070 911 1065" TAGREFS="TYPE_1">
                        <Shape>
                            <Polygon POINTS="345 1070 345 1079 349 1082 349 1082 350 1082 351 1083 425 1083 425 1082 426 1082 437 1077 456 1080 457 1080 620 1075 641 1080 641 1080 642 1080 667 1074 669 1074 671 1074 719 1079 720 1079 764 1074 897 1077 898 1077 899 1077 911 1072 911 1065 909 1040 864 1044 860 1040 856 1037 855 1037 855 1037 854 1037 853 1037 845 1040 842 1041 835 1040 816 1038 815 1038 799 1041 781 1045 728 1045 720 1043 712 1039 711 1039 711 1039 683 1043 678 1039 677 1039 676 1039 675 1039 654 1044 643 1047 580 1048 561 1048 559 1045 553 1040 552 1040 551 1040 507 1040 506 1040 506 1040 493 1046 492 1047 491 1046 478 1041 477 1041 420 1041 419 1041 345 1048 345 1070"/>
                        </Shape>
                        <String CONTENT=""/>
                    </TextLine>
</TextBlock>
                <TextBlock ID="block_1" HPOS="348" VPOS="1090" WIDTH="584" HEIGHT="150" TAGREFS="TYPE_9">
                    <Shape>
                        <Polygon POINTS="348.283447265625 1090.1641845703125 932.6445922851562 1090.1641845703125 932.6445922851562 1240.433349609375 348.283447265625 1240.433349609375 348.283447265625 1090.1641845703125"/>
                    </Shape>
                    <TextLine ID="line_31" HPOS="388" VPOS="1086" WIDTH="540" HEIGHT="48" BASELINE="389 1119 928 1114" TAGREFS="TYPE_1">
                        <Shape>
                            <Polygon POINTS="389 1119 389 1134 427 1127 456 1127 464 1132 464 1133 465 1133 465 1133 466 1133 478 1132 518 1129 522 1131 524 1133 525 1133 526 1133 526 1134 568 1134 568 1133 569 1133 580 1130 596 1126 616 1126 621 1129 625 1132 625 1132 626 1132 627 1132 695 1131 695 1131 704 1127 711 1124 760 1124 795 1124 798 1126 809 1131 810 1131 810 1131 811 1131 812 1131 820 1125 822 1124 826 1125 839 1128 839 1128 840 1128 841 1128 848 1124 850 1123 851 1124 856 1129 856 1130 857 1130 858 1130 859 1131 903 1131 903 1130 904 1130 928 1123 928 1114 926 1094 894 1094 887 1088 886 1088 885 1088 884 1088 884 1088 872 1093 864 1086 864 1086 863 1086 841 1086 840 1086 839 1086 818 1094 816 1094 748 1087 747 1087 746 1087 745 1087 735 1094 686 1091 685 1091 684 1091 683 1091 678 1095 677 1095 634 1089 633 1089 633 1089 612 1096 609 1096 603 1096 537 1090 536 1090 535 1090 515 1096 512 1097 509 1096 478 1090 477 1090 477 1090 460 1097 456 1098 423 1098 421 1097 411 1092 411 1092 410 1092 409 1092 403 1095 399 1092 399 1091 399 1091 398 1091 397 1091 396 1091 395 1091 388 1094 389 1119"/>
                        </Shape>
                        <String CONTENT=""/>
                    </TextLine>

                    <TextLine ID="line_32" HPOS="344" VPOS="1125" WIDTH="584" HEIGHT="47" BASELINE="345 1159 928 1151" TAGREFS="TYPE_1">
                        <Shape>
                            <Polygon POINTS="345 1159 345 1169 397 1172 398 1172 399 1172 407 1169 412 1168 432 1169 469 1172 469 1172 470 1172 477 1169 484 1165 562 1165 584 1168 602 1171 603 1171 604 1171 610 1168 620 1164 664 1168 684 1169 685 1169 695 1168 716 1164 724 1168 728 1169 729 1169 730 1169 731 1169 732 1169 733 1168 740 1163 780 1167 781 1167 806 1162 816 1167 818 1168 818 1168 819 1168 820 1168 822 1167 831 1164 927 1166 928 1151 925 1127 840 1131 820 1128 797 1125 796 1125 795 1125 794 1125 794 1126 791 1129 788 1131 767 1129 736 1126 736 1126 711 1130 706 1131 694 1131 622 1127 621 1127 621 1127 602 1132 594 1134 577 1132 538 1129 537 1129 536 1129 521 1134 516 1135 512 1134 501 1131 500 1131 499 1131 498 1131 489 1134 487 1135 485 1134 475 1129 474 1129 473 1129 473 1129 472 1129 465 1135 462 1135 447 1135 364 1131 363 1131 362 1131 344 1136 345 1159"/>
                        </Shape>
                        <String CONTENT=""/>
                    </TextLine>

                    <TextLine ID="line_33" HPOS="345" VPOS="1160" WIDTH="583" HEIGHT="58" BASELINE="345 1197 928 1188" TAGREFS="TYPE_1">
                        <Shape>
                            <Polygon POINTS="345 1197 345 1209 368 1209 402 1218 403 1218 403 1218 404 1218 417 1214 422 1217 423 1217 423 1217 424 1217 425 1217 444 1209 454 1213 455 1213 456 1213 456 1213 457 1213 464 1208 502 1215 503 1215 504 1215 520 1206 691 1214 691 1214 692 1214 693 1214 706 1205 720 1212 721 1212 752 1213 753 1213 786 1213 827 1203 840 1211 841 1211 842 1211 843 1211 843 1211 863 1202 898 1211 899 1211 900 1211 901 1211 928 1200 928 1188 926 1164 901 1160 901 1160 900 1160 899 1160 893 1164 891 1166 807 1167 802 1166 777 1161 777 1161 776 1161 762 1167 754 1161 753 1161 753 1161 752 1161 714 1167 695 1162 695 1162 694 1162 693 1162 692 1162 684 1168 683 1168 675 1168 603 1164 602 1164 601 1164 588 1169 580 1164 579 1164 578 1164 577 1164 518 1171 515 1171 513 1171 481 1165 480 1165 479 1165 460 1172 460 1172 437 1166 436 1166 436 1166 345 1173 345 1197"/>
                        </Shape>
                        <String CONTENT=""/>
                    </TextLine>

                    <TextLine ID="line_34" HPOS="842" VPOS="1198" WIDTH="87" HEIGHT="56" BASELINE="843 1225 929 1223" TAGREFS="TYPE_1">
                        <Shape>
                            <Polygon POINTS="843 1225 845 1247 851 1242 870 1242 881 1248 892 1254 893 1254 893 1254 929 1250 929 1223 926 1198 897 1205 876 1203 847 1201 847 1201 846 1201 845 1201 845 1201 842 1204 843 1225"/>
                        </Shape>
                        <String CONTENT=""/>
                    </TextLine>
</TextBlock>
            </PrintSpace>
        </Page>
    </Layout>
</alto>