<?xml version="1.0" encoding="UTF-8"?>
<alto xmlns:xsi="http://www.w3.org/2001/XMLSchema-instance"
    xmlns="http://www.loc.gov/standards/alto/ns-v4#"
    xsi:schemaLocation="http://www.loc.gov/standards/alto/ns-v4# http://www.loc.gov/standards/alto/v4/alto-4-3.xsd">
    <Description>
        <MeasurementUnit>pixel</MeasurementUnit>
        <sourceImageInformation>
            <fileName>2013379.jpeg</fileName>
        </sourceImageInformation>
        <Processing ID="OCR_0">
            <processingCategory>other</processingCategory>
            <processingStepDescription>unknown</processingStepDescription>
            <processingSoftware>
                <softwareName>kraken</softwareName>
                <softwareVersion>4.3.13</softwareVersion>
            </processingSoftware>
        </Processing>
    </Description>
    <Tags>
        <OtherTag ID="TYPE_1" LABEL="DefaultLine"/>
        <OtherTag ID="TYPE_2" LABEL="TableZone"/>
        <OtherTag ID="TYPE_3" LABEL="MainZone-Other"/>
        <OtherTag ID="TYPE_4" LABEL="GraphicZone-FigDesc"/>
        <OtherTag ID="TYPE_5" LABEL="GraphicZone-Decoration"/>
        <OtherTag ID="TYPE_6" LABEL="GraphicZone-TextualContent"/>
        <OtherTag ID="TYPE_7" LABEL="DropCapitalZone"/>
        <OtherTag ID="TYPE_8" LABEL="MainZone-Sp"/>
        <OtherTag ID="TYPE_9" LABEL="MainZone-P"/>
        <OtherTag ID="TYPE_10" LABEL="MarginTextZone-Notes"/>
        <OtherTag ID="TYPE_11" LABEL="MainZone-Signature"/>
        <OtherTag ID="TYPE_12" LABEL="TitlePageZone-Index"/>
        <OtherTag ID="TYPE_13" LABEL="TableZone-Head"/>
        <OtherTag ID="TYPE_14" LABEL="NumberingZone"/>
        <OtherTag ID="TYPE_15" LABEL="GraphicZone-Part"/>
        <OtherTag ID="TYPE_16" LABEL="GraphicZone-Head"/>
        <OtherTag ID="TYPE_17" LABEL="FigureZone-FigDesc"/>
        <OtherTag ID="TYPE_18" LABEL="MainZone-P-Continued"/>
        <OtherTag ID="TYPE_19" LABEL="MainZone-List"/>
        <OtherTag ID="TYPE_20" LABEL="TitlePageZone"/>
        <OtherTag ID="TYPE_21" LABEL="GraphicZone-Maths"/>
        <OtherTag ID="TYPE_22" LABEL="FigureZone"/>
        <OtherTag ID="TYPE_23" LABEL="MainZone-Date"/>
        <OtherTag ID="TYPE_24" LABEL="GraphicZone"/>
        <OtherTag ID="TYPE_25" LABEL="AdvertisementZone"/>
        <OtherTag ID="TYPE_26" LABEL="MainZone-Lg"/>
        <OtherTag ID="TYPE_27" LABEL="QuireMarksZone"/>
        <OtherTag ID="TYPE_28" LABEL="TableZone-Continued"/>
        <OtherTag ID="TYPE_29" LABEL="MainZone-Form"/>
        <OtherTag ID="TYPE_30" LABEL="MainZone-Entry"/>
        <OtherTag ID="TYPE_31" LABEL="MarginTextZone-ManuscriptAddendum"/>
        <OtherTag ID="TYPE_32" LABEL="DigitizationArtefactZone"/>
        <OtherTag ID="TYPE_33" LABEL="MarginTextZone-Notes-Continued"/>
        <OtherTag ID="TYPE_34" LABEL="MainZone-Lg-Continued"/>
        <OtherTag ID="TYPE_35" LABEL="StampZone"/>
        <OtherTag ID="TYPE_36" LABEL="MainZone-Entry-Continued"/>
        <OtherTag ID="TYPE_37" LABEL="MainZone-List-Continued"/>
        <OtherTag ID="TYPE_38" LABEL="MainZone-Head"/>
        <OtherTag ID="TYPE_39" LABEL="MainZone-Sp-Continued"/>
        <OtherTag ID="TYPE_40" LABEL="RunningTitleZone"/>
        <OtherTag ID="TYPE_41" LABEL="FigureZone-Head"/>
        <OtherTag ID="TYPE_42" LABEL="StampZone-Sticker"/>
    </Tags>
    <Layout>
        <Page WIDTH="1000" HEIGHT="1448" PHYSICAL_IMG_NR="0" ID="page_0">
            <PrintSpace HPOS="0" VPOS="0" WIDTH="1000" HEIGHT="1448">
                <TextBlock ID="block_2" HPOS="605" VPOS="102" WIDTH="54" HEIGHT="38" TAGREFS="TYPE_14">
                    <Shape>
                        <Polygon POINTS="605.6555786132812 102.9572982788086 659.5608520507812 102.9572982788086 659.5608520507812 140.92398071289062 605.6555786132812 140.92398071289062 605.6555786132812 102.9572982788086"/>
                    </Shape>
                    <TextLine ID="line_0" HPOS="604" VPOS="94" WIDTH="51" HEIGHT="46" BASELINE="604 126 655 126" TAGREFS="TYPE_1">
                        <Shape>
                            <Polygon POINTS="604 126 604 135 613 140 613 140 614 140 615 140 622 137 624 136 654 139 655 126 655 98 630 94 629 94 629 94 628 94 628 94 623 98 621 97 621 96 620 96 619 96 618 96 617 96 604 100 604 126"/>
                        </Shape>
                        <String CONTENT=""/>
                    </TextLine>
</TextBlock>
                <TextBlock ID="block_5" HPOS="293" VPOS="92" WIDTH="188" HEIGHT="40" TAGREFS="TYPE_40">
                    <Shape>
                        <Polygon POINTS="293.7919006347656 92.87003326416016 481.7016906738281 92.87003326416016 481.7016906738281 132.27505493164062 293.7919006347656 132.27505493164062 293.7919006347656 92.87003326416016"/>
                    </Shape>
                    <TextLine ID="line_1" HPOS="293" VPOS="107" WIDTH="188" HEIGHT="26" BASELINE="294 119 481 122" TAGREFS="TYPE_1">
                        <Shape>
                            <Polygon POINTS="479 107 473 107 463 110 449 107 447 107 439 107 431 107 429 107 427 110 389 110 384 107 382 107 374 107 366 107 358 107 350 107 342 107 334 107 326 107 318 107 310 107 302 107 294 107 294 119 293 128 370 131 370 131 371 131 374 131 387 127 407 131 411 132 412 132 416 131 434 128 480 133 481 122 479 107 479 107"/>
                        </Shape>
                        <String CONTENT=""/>
                    </TextLine>
</TextBlock>
                <TextBlock ID="block_3" HPOS="82" VPOS="133" WIDTH="577" HEIGHT="327" TAGREFS="TYPE_18">
                    <Shape>
                        <Polygon POINTS="82.04936981201172 133.80262756347656 659.7800903320312 133.80262756347656 659.7800903320312 460.3643493652344 82.04936981201172 460.3643493652344 82.04936981201172 133.80262756347656"/>
                    </Shape>
                    <TextLine ID="line_2" HPOS="86" VPOS="126" WIDTH="575" HEIGHT="48" BASELINE="86 156 661 162" TAGREFS="TYPE_1">
                        <Shape>
                            <Polygon POINTS="86 156 86 165 102 169 102 169 103 169 104 169 108 166 110 165 163 165 165 166 170 170 171 170 172 170 172 170 212 167 222 166 227 167 251 171 251 171 368 168 393 168 397 168 414 172 415 172 415 172 456 168 463 168 467 168 489 172 489 172 490 172 491 172 496 169 497 168 510 169 579 174 580 174 660 170 661 162 661 137 609 131 608 131 584 135 580 136 576 135 559 129 559 129 497 128 496 128 495 128 487 132 459 128 458 128 457 128 456 128 450 133 448 135 415 135 404 133 382 128 381 128 350 132 333 134 325 131 316 128 316 128 315 128 293 131 278 133 275 131 270 127 269 127 268 127 250 126 249 126 248 126 239 130 235 132 221 130 205 127 205 127 204 127 197 130 194 131 192 130 186 126 185 126 185 126 184 126 160 129 139 131 86 128 86 156"/>
                        </Shape>
                        <String CONTENT=""/>
                    </TextLine>

                    <TextLine ID="line_3" HPOS="86" VPOS="162" WIDTH="572" HEIGHT="45" BASELINE="86 189 658 195" TAGREFS="TYPE_1">
                        <Shape>
                            <Polygon POINTS="86 189 86 201 419 201 427 202 447 205 448 205 497 203 512 202 526 203 587 207 588 207 657 203 658 195 657 173 514 166 514 166 448 169 423 165 422 165 401 169 358 164 358 164 357 164 356 164 351 169 330 169 301 169 296 168 265 164 264 164 241 168 230 163 229 163 228 163 181 168 176 168 174 168 153 162 152 162 152 162 151 162 150 162 144 167 86 167 86 189"/>
                        </Shape>
                        <String CONTENT=""/>
                    </TextLine>

                    <TextLine ID="line_4" HPOS="87" VPOS="195" WIDTH="573" HEIGHT="47" BASELINE="87 221 660 226" TAGREFS="TYPE_1">
                        <Shape>
                            <Polygon POINTS="87 221 87 235 165 230 177 235 181 237 181 237 182 237 183 237 187 235 193 233 204 235 212 237 213 237 213 237 218 235 230 231 248 235 261 238 262 238 281 235 292 234 298 235 308 238 308 238 309 238 310 238 318 235 329 231 371 234 398 237 399 237 409 234 415 234 419 234 440 239 440 239 441 239 460 234 467 233 472 234 483 239 484 239 485 239 485 239 505 234 509 234 514 234 534 238 534 238 535 238 548 234 551 234 553 234 568 240 569 240 570 240 598 236 604 241 604 241 605 241 606 242 637 242 637 241 637 241 659 234 660 226 659 206 584 206 584 205 579 201 578 201 577 201 576 201 576 201 569 205 563 201 563 201 562 201 561 201 536 204 519 199 518 199 518 199 502 202 497 198 496 198 495 198 494 198 436 203 415 197 415 197 414 197 363 202 305 198 304 198 253 201 242 196 242 196 241 196 215 201 213 201 184 201 177 201 166 195 165 195 164 195 87 200 87 221"/>
                        </Shape>
                        <String CONTENT=""/>
                    </TextLine>

                    <TextLine ID="line_5" HPOS="86" VPOS="228" WIDTH="568" HEIGHT="43" BASELINE="86 254 520 256 654 262" TAGREFS="TYPE_1">
                        <Shape>
                            <Polygon POINTS="86 254 86 267 158 263 174 267 175 267 176 267 176 267 194 263 213 268 214 268 215 268 216 268 220 268 249 265 324 269 330 269 331 269 332 269 344 264 358 269 358 269 359 269 360 269 378 264 460 265 469 271 469 271 470 271 471 271 476 271 510 266 519 270 520 270 521 270 561 267 653 271 654 262 654 238 588 233 588 233 587 233 574 237 572 237 572 237 563 231 563 231 562 231 561 231 560 231 546 236 502 232 501 232 500 232 490 236 489 236 489 236 471 230 470 230 469 230 469 230 448 235 448 235 395 230 395 230 394 230 393 230 386 235 380 230 379 230 378 230 378 230 334 234 333 234 333 234 326 230 325 230 325 230 324 230 235 234 230 234 230 234 225 229 224 229 223 229 222 229 222 229 205 233 122 228 121 228 86 232 86 254"/>
                        </Shape>
                        <String CONTENT=""/>
                    </TextLine>

                    <TextLine ID="line_6" HPOS="86" VPOS="260" WIDTH="571" HEIGHT="41" BASELINE="86 286 657 292" TAGREFS="TYPE_1">
                        <Shape>
                            <Polygon POINTS="86 286 86 294 102 299 102 299 103 299 167 296 175 300 176 300 176 300 193 296 333 301 333 301 656 300 657 292 657 270 563 263 562 263 505 267 494 263 493 263 493 263 429 263 428 263 427 263 423 267 422 267 411 262 410 262 409 262 385 267 384 267 281 267 280 266 275 261 274 261 273 261 272 261 246 264 233 260 232 260 231 260 230 260 214 265 213 265 213 265 192 261 191 261 144 264 142 264 141 264 135 260 135 260 134 260 133 260 86 263 86 286"/>
                        </Shape>
                        <String CONTENT=""/>
                    </TextLine>

                    <TextLine ID="line_7" HPOS="84" VPOS="292" WIDTH="574" HEIGHT="44" BASELINE="85 317 658 324" TAGREFS="TYPE_1">
                        <Shape>
                            <Polygon POINTS="85 317 84 324 94 330 95 330 96 330 210 327 230 327 232 328 237 332 238 332 238 332 239 332 240 332 250 328 251 328 258 332 259 332 259 332 260 332 267 329 271 327 299 327 307 329 319 333 320 333 320 333 379 330 437 329 456 332 460 333 460 333 469 333 506 330 510 333 513 335 514 335 514 335 515 335 547 334 625 331 656 336 658 324 658 303 611 303 609 301 604 297 604 297 603 297 602 297 601 297 590 301 587 302 580 301 555 296 555 296 528 300 517 301 513 300 505 296 504 296 503 296 502 296 493 300 490 301 450 301 436 298 418 295 417 295 416 295 407 297 402 300 313 300 304 296 299 293 298 293 297 293 286 295 271 298 256 295 249 293 248 293 247 293 243 294 230 298 218 294 214 292 213 292 213 292 205 293 183 297 164 292 157 292 85 292 85 317"/>
                        </Shape>
                        <String CONTENT=""/>
                    </TextLine>

                    <TextLine ID="line_8" HPOS="83" VPOS="322" WIDTH="575" HEIGHT="45" BASELINE="84 351 658 355" TAGREFS="TYPE_1">
                        <Shape>
                            <Polygon POINTS="83 358 95 364 96 364 97 364 124 360 199 365 200 365 238 361 313 366 314 366 351 362 352 362 353 362 475 366 476 366 506 363 513 362 526 363 587 367 588 367 588 367 598 364 600 363 656 364 658 355 657 333 626 333 625 333 616 326 615 326 614 326 613 326 573 331 563 333 554 331 538 328 537 328 536 328 525 330 519 332 517 330 509 325 508 325 507 325 506 325 476 329 427 324 427 324 399 328 392 329 387 328 372 324 371 324 370 324 361 327 350 330 322 330 315 326 309 324 308 324 279 324 279 324 278 324 277 324 275 325 267 330 250 325 249 325 248 325 247 325 232 330 164 325 163 325 112 329 85 322 84 351 83 358"/>
                        </Shape>
                        <String CONTENT=""/>
                    </TextLine>

                    <TextLine ID="line_9" HPOS="84" VPOS="366" WIDTH="574" HEIGHT="33" BASELINE="85 382 658 388" TAGREFS="TYPE_1">
                        <Shape>
                            <Polygon POINTS="527 372 519 372 511 372 503 372 495 372 487 372 479 372 471 372 463 372 455 372 447 372 439 372 431 372 423 372 415 372 407 372 399 372 390 372 382 372 374 372 366 372 358 372 350 372 342 372 334 372 326 372 318 372 310 372 302 372 294 372 286 372 278 372 270 372 262 372 254 372 246 372 238 372 230 372 222 372 213 372 205 372 197 372 189 372 181 372 173 372 165 372 157 372 149 372 141 372 133 372 125 372 117 372 109 372 101 372 93 372 85 372 85 382 84 392 656 399 658 388 657 371 605 367 604 367 604 367 603 367 598 370 595 373 592 370 587 366 586 366 585 366 536 366 535 366 534 366 529 368 527 372"/>
                        </Shape>
                        <String CONTENT=""/>
                    </TextLine>

                    <TextLine ID="line_10" HPOS="83" VPOS="387" WIDTH="575" HEIGHT="48" BASELINE="84 415 658 422" TAGREFS="TYPE_1">
                        <Shape>
                            <Polygon POINTS="84 415 83 423 110 429 111 429 140 425 155 430 156 430 156 430 216 426 219 426 220 426 230 430 230 430 231 430 277 427 283 431 284 431 285 431 286 431 348 428 376 427 382 429 391 432 392 432 393 432 394 432 395 432 399 430 403 427 411 430 423 433 424 433 425 433 446 431 467 428 656 435 658 422 657 400 596 400 594 399 584 393 584 393 583 393 582 393 581 393 560 399 559 399 552 393 551 393 551 393 550 393 524 396 519 392 518 392 518 392 517 392 476 397 467 398 465 397 454 391 453 391 452 391 427 396 423 397 419 396 407 392 406 392 405 392 404 392 390 395 388 396 387 395 382 391 382 390 381 390 380 390 379 390 358 395 353 396 346 395 322 390 304 390 304 390 303 390 302 390 296 394 295 395 284 394 246 389 245 389 224 393 215 394 119 394 116 391 108 387 107 387 106 387 84 390 84 415"/>
                        </Shape>
                        <String CONTENT=""/>
                    </TextLine>

                    <TextLine ID="line_11" HPOS="83" VPOS="423" WIDTH="451" HEIGHT="36" BASELINE="84 448 534 451" TAGREFS="TYPE_1">
                        <Shape>
                            <Polygon POINTS="84 448 83 459 533 459 534 451 533 431 393 431 393 430 382 425 381 425 380 425 379 425 378 425 372 429 336 426 335 426 334 426 323 430 321 430 319 430 284 424 248 424 247 424 246 424 238 429 230 424 230 424 229 424 228 424 206 428 196 423 195 423 194 423 163 428 158 424 158 423 157 423 156 423 126 423 125 423 124 423 123 423 123 424 119 428 93 423 92 423 91 423 84 427 84 448"/>
                        </Shape>
                        <String CONTENT=""/>
                    </TextLine>
</TextBlock>
                <TextBlock ID="block_0" HPOS="79" VPOS="462" WIDTH="582" HEIGHT="545" TAGREFS="TYPE_9">
                    <Shape>
                        <Polygon POINTS="79.85660552978516 462.0740051269531 661.0054321289062 462.0740051269531 661.0054321289062 1007.6439819335938 79.85660552978516 1007.6439819335938 79.85660552978516 462.0740051269531"/>
                    </Shape>
                    <TextLine ID="line_12" HPOS="119" VPOS="452" WIDTH="542" HEIGHT="45" BASELINE="119 480 661 484" TAGREFS="TYPE_1">
                        <Shape>
                            <Polygon POINTS="119 480 119 491 514 491 515 491 525 495 526 495 526 495 543 491 545 491 547 491 567 497 568 497 569 497 660 491 661 484 661 462 653 456 652 456 651 456 650 456 604 462 603 462 591 456 590 456 589 456 571 460 554 455 553 455 552 455 517 459 488 455 487 455 486 455 485 455 477 460 475 461 469 460 457 456 456 456 456 456 455 456 448 460 444 461 392 461 384 458 370 454 370 454 369 454 305 457 246 460 228 456 214 452 176 452 176 452 175 452 174 452 172 455 164 459 119 454 119 480"/>
                        </Shape>
                        <String CONTENT=""/>
                    </TextLine>

                    <TextLine ID="line_13" HPOS="81" VPOS="489" WIDTH="573" HEIGHT="41" BASELINE="82 514 654 518" TAGREFS="TYPE_1">
                        <Shape>
                            <Polygon POINTS="532 514 527 497 527 497 460 493 460 493 442 496 440 496 438 496 425 490 424 490 423 490 423 490 409 495 358 490 358 490 289 494 288 494 275 489 274 489 273 489 272 489 254 494 253 494 171 494 171 493 156 489 155 489 154 489 82 493 82 514 81 520 107 527 108 527 109 527 172 522 182 522 201 522 286 528 287 528 306 525 316 529 316 529 317 530 348 530 348 529 349 529 349 529 353 526 356 524 373 526 404 529 405 529 406 529 414 526 425 523 652 530 654 518 654 497 636 492 635 492 634 492 609 497 608 497 576 497 575 497 569 492 568 492 567 492 567 492 543 497 539 497 536 497 532 514"/>
                        </Shape>
                        <String CONTENT=""/>
                    </TextLine>

                    <TextLine ID="line_14" HPOS="81" VPOS="522" WIDTH="574" HEIGHT="41" BASELINE="81 546 655 548" TAGREFS="TYPE_1">
                        <Shape>
                            <Polygon POINTS="81 546 81 558 171 554 178 559 180 560 181 560 181 560 182 561 202 561 202 560 203 560 204 560 205 559 212 554 258 554 272 559 276 561 277 561 278 561 279 561 284 559 300 555 349 559 349 559 350 559 371 555 407 560 412 561 413 561 414 561 415 561 415 560 424 555 452 555 461 561 462 562 463 562 464 562 465 562 472 561 506 555 530 561 532 562 533 562 534 563 609 563 609 562 610 562 611 562 617 558 654 562 655 548 654 525 643 530 607 530 598 525 596 523 595 523 594 523 593 523 582 525 561 529 536 526 521 523 520 523 509 526 489 530 447 530 443 526 440 523 440 522 439 522 438 522 411 522 410 522 409 522 408 522 404 526 399 530 325 530 321 526 316 522 316 522 315 522 314 522 295 526 280 529 230 529 227 526 222 522 222 522 222 522 221 522 220 522 129 527 117 527 115 527 97 522 96 522 95 522 94 522 81 526 81 546"/>
                        </Shape>
                        <String CONTENT=""/>
                    </TextLine>

                    <TextLine ID="line_15" HPOS="82" VPOS="552" WIDTH="572" HEIGHT="42" BASELINE="82 579 458 579 654 583" TAGREFS="TYPE_1">
                        <Shape>
                            <Polygon POINTS="82 579 82 588 115 592 116 592 117 592 128 588 135 586 200 586 221 589 230 591 231 591 245 589 271 587 285 590 296 592 297 592 318 590 350 587 376 591 386 592 387 592 402 591 441 587 464 592 472 593 473 593 481 592 504 588 550 592 559 593 559 594 654 594 654 583 653 559 630 560 625 558 615 554 614 554 613 554 613 554 604 558 600 561 537 561 522 557 509 554 508 554 507 554 506 554 506 555 503 557 499 561 474 561 467 556 461 553 460 553 460 553 431 553 430 553 429 553 428 553 428 554 425 556 422 559 370 559 359 555 353 553 352 553 351 553 350 553 349 553 346 555 344 557 325 555 304 553 304 553 288 555 255 559 244 554 239 552 238 552 215 552 214 552 213 552 213 552 213 553 211 554 205 559 185 559 166 554 161 552 160 552 160 552 153 553 131 559 123 553 123 552 122 552 121 552 120 552 82 552 82 579"/>
                        </Shape>
                        <String CONTENT=""/>
                    </TextLine>

                    <TextLine ID="line_16" HPOS="81" VPOS="584" WIDTH="573" HEIGHT="40" BASELINE="82 611 432 611 654 616" TAGREFS="TYPE_1">
                        <Shape>
                            <Polygon POINTS="532 608 527 592 527 592 526 592 523 592 508 588 507 588 506 588 472 592 471 592 455 586 454 586 428 586 427 586 427 586 426 586 420 591 415 586 414 586 413 586 381 585 380 585 334 591 333 591 333 591 312 585 312 585 311 585 310 585 290 591 289 591 288 591 266 584 265 584 205 584 204 584 203 584 202 584 202 585 196 590 140 584 139 584 139 584 126 590 82 590 82 611 81 617 135 623 136 623 160 618 160 618 184 622 185 622 242 619 261 618 264 619 272 622 273 622 274 622 343 621 394 619 406 621 421 624 422 624 423 624 431 621 436 620 652 624 654 616 653 593 627 587 626 587 601 592 600 592 600 592 553 587 552 587 537 590 532 608"/>
                        </Shape>
                        <String CONTENT=""/>
                    </TextLine>

                    <TextLine ID="line_17" HPOS="81" VPOS="617" WIDTH="573" HEIGHT="40" BASELINE="81 641 654 645" TAGREFS="TYPE_1">
                        <Shape>
                            <Polygon POINTS="81 641 81 653 421 651 480 653 628 657 629 657 654 652 654 645 654 627 609 620 609 620 567 625 560 626 557 625 540 619 539 619 539 619 538 619 520 625 519 625 488 625 487 625 480 619 479 619 478 619 477 619 426 623 399 619 398 619 397 619 396 619 392 623 390 624 382 623 346 618 345 618 345 618 332 622 324 625 320 622 316 618 316 618 315 618 314 618 313 618 304 621 298 624 291 621 277 617 276 617 275 617 275 617 261 621 259 621 258 621 249 617 248 617 247 617 246 617 246 617 240 621 234 625 199 625 194 620 190 617 189 617 189 617 188 617 172 620 163 622 156 620 149 617 148 617 148 617 147 617 146 617 142 620 136 623 81 619 81 641"/>
                        </Shape>
                        <String CONTENT=""/>
                    </TextLine>

                    <TextLine ID="line_18" HPOS="81" VPOS="648" WIDTH="573" HEIGHT="43" BASELINE="81 674 654 680" TAGREFS="TYPE_1">
                        <Shape>
                            <Polygon POINTS="81 674 81 685 395 685 399 686 408 689 409 689 410 689 473 686 489 686 489 686 493 690 494 690 495 690 572 691 573 691 654 686 654 680 654 653 607 653 606 653 605 653 604 653 596 658 563 658 550 653 547 652 547 652 546 652 545 652 542 653 522 658 514 653 514 652 513 652 512 652 490 651 452 651 451 651 450 651 449 651 448 653 440 658 412 653 404 652 403 652 403 652 399 653 389 658 245 658 234 654 219 649 218 649 218 649 181 654 163 656 152 654 127 648 126 648 125 648 124 648 118 654 115 655 81 654 81 674"/>
                        </Shape>
                        <String CONTENT=""/>
                    </TextLine>

                    <TextLine ID="line_19" HPOS="81" VPOS="681" WIDTH="572" HEIGHT="43" BASELINE="82 707 435 708 653 713" TAGREFS="TYPE_1">
                        <Shape>
                            <Polygon POINTS="532 707 527 691 504 691 499 689 483 684 482 684 481 684 428 688 403 690 380 687 349 683 329 683 328 683 327 683 326 683 322 686 317 689 275 689 271 686 268 682 267 682 267 682 266 682 265 682 255 685 246 687 235 685 224 682 223 682 163 682 162 682 161 682 155 683 139 687 117 687 112 682 111 682 111 681 110 681 109 681 108 681 82 682 82 707 81 713 93 718 94 718 94 718 263 716 270 720 271 720 271 720 272 720 390 716 390 716 407 722 407 722 408 722 480 717 496 723 497 723 497 723 538 718 567 724 568 724 632 724 632 724 633 724 652 718 653 713 652 692 592 686 591 686 573 691 568 691 565 691 551 685 551 685 550 685 549 685 538 690 536 690 532 707"/>
                        </Shape>
                        <String CONTENT=""/>
                    </TextLine>

                    <TextLine ID="line_20" HPOS="79" VPOS="712" WIDTH="573" HEIGHT="44" BASELINE="80 740 652 744" TAGREFS="TYPE_1">
                        <Shape>
                            <Polygon POINTS="530 740 526 723 509 723 500 720 481 715 480 715 479 715 478 715 472 720 469 722 444 719 421 718 420 718 419 718 414 719 410 721 407 719 400 715 399 715 399 715 398 715 368 718 353 714 353 714 352 714 351 714 350 714 350 715 345 719 339 714 338 714 337 714 315 714 314 714 313 714 297 719 293 720 289 719 271 713 270 713 269 713 268 713 246 719 235 714 234 714 234 714 233 714 223 719 222 720 189 720 187 719 174 712 173 712 172 712 80 718 80 740 79 749 131 752 132 752 133 752 134 752 137 750 139 748 174 748 196 750 231 753 232 753 258 750 270 749 275 751 289 754 290 754 291 754 402 751 419 751 420 751 428 755 429 755 465 756 465 756 466 756 467 756 473 752 557 756 558 756 651 752 652 744 651 721 575 723 566 720 549 715 548 715 547 715 547 715 546 715 540 720 538 723 534 723 530 740"/>
                        </Shape>
                        <String CONTENT=""/>
                    </TextLine>

                    <TextLine ID="line_21" HPOS="78" VPOS="745" WIDTH="576" HEIGHT="44" BASELINE="79 773 654 777" TAGREFS="TYPE_1">
                        <Shape>
                            <Polygon POINTS="79 773 78 780 103 785 104 785 124 781 148 785 149 785 150 785 151 785 157 781 158 781 273 781 275 783 285 788 286 788 287 788 320 783 329 782 339 784 374 789 375 789 421 785 423 785 423 785 429 789 430 789 431 789 432 789 471 788 472 788 481 785 486 784 493 785 510 789 511 789 653 787 654 777 654 754 648 749 648 748 647 748 646 748 646 748 645 748 623 755 611 755 512 755 436 754 433 751 428 748 427 748 427 748 426 748 405 751 387 753 378 750 367 747 366 747 342 747 341 747 341 747 340 747 337 749 334 752 331 749 328 747 327 747 326 747 325 747 301 749 262 752 255 748 253 747 252 747 251 747 251 747 240 748 205 752 178 747 173 746 172 746 165 746 114 752 105 746 104 746 103 746 79 745 79 773"/>
                        </Shape>
                        <String CONTENT=""/>
                    </TextLine>

                    <TextLine ID="line_22" HPOS="77" VPOS="780" WIDTH="576" HEIGHT="43" BASELINE="78 806 653 809" TAGREFS="TYPE_1">
                        <Shape>
                            <Polygon POINTS="78 806 77 814 98 820 99 820 100 820 101 820 102 820 106 816 162 820 163 820 164 820 164 820 170 815 221 815 234 821 235 821 236 821 328 816 334 821 335 821 336 821 337 821 504 817 523 822 524 822 525 822 526 822 534 818 545 822 546 822 547 823 609 823 609 822 652 817 653 809 653 787 626 782 625 782 625 782 609 786 605 788 509 788 497 785 481 781 480 781 444 785 421 786 401 784 381 781 380 781 379 781 372 784 369 785 367 784 365 781 365 781 364 781 363 781 362 781 324 783 283 785 267 782 258 781 257 781 211 781 111 785 106 781 105 780 104 780 103 780 102 780 78 780 78 806"/>
                        </Shape>
                        <String CONTENT=""/>
                    </TextLine>

                    <TextLine ID="line_23" HPOS="77" VPOS="814" WIDTH="574" HEIGHT="41" BASELINE="78 839 651 842" TAGREFS="TYPE_1">
                        <Shape>
                            <Polygon POINTS="78 839 77 846 117 852 118 852 174 847 194 852 195 852 196 852 220 847 242 853 243 853 244 854 321 854 321 853 322 853 335 849 365 854 366 854 401 849 477 853 477 853 522 850 529 855 530 855 530 855 531 855 532 855 551 850 563 855 563 855 564 855 565 855 583 850 629 854 630 854 650 849 651 842 650 821 78 814 78 839"/>
                        </Shape>
                        <String CONTENT=""/>
                    </TextLine>

                    <TextLine ID="line_24" HPOS="77" VPOS="845" WIDTH="573" HEIGHT="41" BASELINE="77 871 650 874" TAGREFS="TYPE_1">
                        <Shape>
                            <Polygon POINTS="77 871 77 883 452 881 455 882 460 885 460 885 461 885 462 885 486 882 495 881 516 882 596 886 597 886 650 881 650 874 650 854 635 848 634 848 633 848 633 848 621 853 614 853 497 847 497 847 466 851 451 852 440 851 424 847 423 847 423 847 415 850 409 852 384 850 358 847 357 847 356 847 347 849 337 851 327 848 319 847 318 847 317 847 316 847 310 848 300 851 292 848 289 847 288 847 288 847 270 847 221 851 161 846 156 846 155 846 152 846 115 851 77 845 77 871"/>
                        </Shape>
                        <String CONTENT=""/>
                    </TextLine>

                    <TextLine ID="line_25" HPOS="75" VPOS="876" WIDTH="576" HEIGHT="39" BASELINE="76 903 651 907" TAGREFS="TYPE_1">
                        <Shape>
                            <Polygon POINTS="76 903 75 910 650 915 651 907 650 882 538 885 535 882 534 882 534 881 534 881 533 881 532 881 516 884 510 880 506 878 506 878 505 878 504 878 474 880 436 884 427 880 421 877 420 877 365 877 364 877 346 880 316 884 262 884 248 879 240 876 239 876 238 876 238 876 229 879 213 884 201 884 195 879 193 876 192 876 191 876 190 876 171 878 150 880 137 878 123 876 123 876 122 876 115 878 105 882 76 878 76 903"/>
                        </Shape>
                        <String CONTENT=""/>
                    </TextLine>

                    <TextLine ID="line_26" HPOS="77" VPOS="909" WIDTH="573" HEIGHT="42" BASELINE="78 934 650 938" TAGREFS="TYPE_1">
                        <Shape>
                            <Polygon POINTS="78 934 77 944 135 948 135 948 152 945 158 944 165 945 192 949 193 949 280 946 288 946 289 946 307 950 308 950 340 946 345 946 354 946 406 950 407 950 407 950 418 946 421 946 431 946 468 950 469 950 511 947 520 946 527 947 563 951 564 951 649 947 650 938 649 917 611 917 610 917 605 912 604 912 604 912 603 912 548 916 535 917 531 916 518 911 517 911 516 911 401 914 366 915 363 914 359 910 358 910 358 910 320 910 320 910 319 910 312 913 307 915 294 913 271 909 271 909 237 913 214 914 156 914 152 912 144 909 144 909 143 909 78 910 78 934"/>
                        </Shape>
                        <String CONTENT=""/>
                    </TextLine>

                    <TextLine ID="line_27" HPOS="75" VPOS="942" WIDTH="575" HEIGHT="42" BASELINE="76 966 650 970" TAGREFS="TYPE_1">
                        <Shape>
                            <Polygon POINTS="76 966 75 976 82 980 83 980 192 982 193 982 225 978 234 982 234 982 235 982 300 978 311 983 312 983 312 983 398 979 420 983 421 983 503 979 534 984 535 984 649 979 650 970 650 949 635 944 634 944 633 944 563 948 537 949 533 947 522 943 521 943 444 943 444 943 429 946 420 948 392 948 390 946 386 942 386 942 385 942 384 942 365 946 355 947 299 947 296 945 293 942 292 942 292 942 291 942 275 945 270 946 258 945 226 942 225 942 224 942 215 944 207 946 76 943 76 966"/>
                        </Shape>
                        <String CONTENT=""/>
                    </TextLine>

                    <TextLine ID="line_28" HPOS="78" VPOS="973" WIDTH="217" HEIGHT="38" BASELINE="78 1001 295 999" TAGREFS="TYPE_1">
                        <Shape>
                            <Polygon POINTS="78 1001 78 1010 294 1011 295 999 293 979 230 973 230 973 204 978 197 979 78 977 78 1001"/>
                        </Shape>
                        <String CONTENT=""/>
                    </TextLine>
</TextBlock>
                <TextBlock ID="block_1" HPOS="77" VPOS="1011" WIDTH="576" HEIGHT="200" TAGREFS="TYPE_9">
                    <Shape>
                        <Polygon POINTS="77.16109466552734 1011.4776000976562 653.6181640625 1011.4776000976562 653.6181640625 1211.2200927734375 77.16109466552734 1211.2200927734375 77.16109466552734 1011.4776000976562"/>
                    </Shape>
                    <TextLine ID="line_29" HPOS="127" VPOS="1004" WIDTH="523" HEIGHT="40" BASELINE="127 1033 650 1033" TAGREFS="TYPE_1">
                        <Shape>
                            <Polygon POINTS="127 1033 127 1041 649 1044 650 1033 650 1011 603 1011 602 1011 596 1006 595 1006 594 1006 593 1006 592 1006 592 1006 584 1011 583 1011 559 1011 552 1011 534 1010 530 1005 530 1004 529 1004 528 1004 527 1004 469 1009 465 1005 465 1004 464 1004 463 1004 462 1004 427 1008 404 1004 403 1004 403 1004 387 1010 386 1011 383 1010 368 1004 367 1004 366 1004 366 1004 351 1009 319 1004 318 1004 317 1004 304 1010 300 1011 296 1010 280 1006 279 1006 279 1006 263 1009 256 1011 233 1009 192 1007 191 1007 174 1009 163 1011 155 1009 138 1005 137 1005 136 1005 127 1008 127 1033"/>
                        </Shape>
                        <String CONTENT=""/>
                    </TextLine>

                    <TextLine ID="line_30" HPOS="77" VPOS="1038" WIDTH="573" HEIGHT="39" BASELINE="78 1064 650 1066" TAGREFS="TYPE_1">
                        <Shape>
                            <Polygon POINTS="78 1064 77 1075 649 1077 650 1066 650 1044 634 1040 633 1040 633 1040 632 1040 622 1044 621 1044 617 1044 597 1040 514 1040 514 1040 513 1040 504 1043 500 1044 493 1043 478 1040 477 1040 453 1043 444 1044 441 1043 431 1039 430 1039 429 1039 411 1042 403 1044 358 1044 353 1042 344 1039 343 1039 342 1039 341 1039 333 1042 329 1044 267 1044 260 1041 247 1038 246 1038 246 1038 226 1041 214 1044 179 1044 174 1040 170 1038 169 1038 168 1038 139 1038 139 1038 138 1038 137 1038 134 1040 129 1043 78 1040 78 1064"/>
                        </Shape>
                        <String CONTENT=""/>
                    </TextLine>

                    <TextLine ID="line_31" HPOS="77" VPOS="1071" WIDTH="573" HEIGHT="39" BASELINE="78 1096 650 1098" TAGREFS="TYPE_1">
                        <Shape>
                            <Polygon POINTS="78 1096 77 1107 648 1110 650 1098 650 1077 638 1072 637 1072 637 1072 605 1077 604 1077 576 1072 575 1072 497 1076 477 1077 474 1076 470 1072 469 1072 469 1072 442 1072 441 1072 414 1075 398 1077 384 1074 362 1071 362 1071 337 1074 323 1077 283 1077 279 1073 277 1071 276 1071 275 1071 275 1071 263 1073 250 1076 205 1076 202 1073 201 1071 200 1071 199 1071 198 1071 190 1073 176 1076 164 1073 160 1071 159 1071 158 1071 78 1071 78 1096"/>
                        </Shape>
                        <String CONTENT=""/>
                    </TextLine>

                    <TextLine ID="line_32" HPOS="75" VPOS="1103" WIDTH="574" HEIGHT="36" BASELINE="76 1130 649 1131" TAGREFS="TYPE_1">
                        <Shape>
                            <Polygon POINTS="76 1130 75 1139 647 1139 649 1131 648 1111 512 1111 503 1109 484 1106 483 1106 482 1106 481 1106 478 1109 477 1110 436 1110 431 1108 424 1104 423 1104 423 1104 402 1104 401 1104 400 1104 399 1104 395 1108 392 1110 389 1107 388 1106 387 1106 386 1106 386 1106 379 1107 362 1110 341 1110 337 1107 332 1103 331 1103 330 1103 271 1103 271 1103 270 1103 269 1103 265 1106 258 1110 242 1110 206 1106 188 1103 187 1103 186 1103 185 1103 184 1105 176 1110 152 1110 144 1105 144 1104 144 1104 143 1104 76 1104 76 1130"/>
                        </Shape>
                        <String CONTENT=""/>
                    </TextLine>

                    <TextLine ID="line_33" HPOS="77" VPOS="1135" WIDTH="574" HEIGHT="38" BASELINE="78 1162 651 1164" TAGREFS="TYPE_1">
                        <Shape>
                            <Polygon POINTS="78 1162 77 1168 104 1173 105 1173 650 1171 651 1164 650 1136 630 1143 605 1136 603 1136 602 1136 601 1136 600 1136 581 1143 559 1137 556 1136 555 1136 500 1136 499 1136 498 1136 497 1136 496 1138 488 1143 373 1143 367 1139 363 1135 362 1135 362 1135 361 1135 360 1135 359 1135 354 1139 353 1140 348 1139 334 1135 333 1135 333 1135 332 1135 331 1135 326 1139 323 1141 316 1139 304 1136 303 1136 302 1136 277 1139 260 1142 255 1140 246 1135 245 1135 244 1135 202 1140 188 1142 185 1140 179 1138 178 1138 177 1138 159 1141 156 1141 155 1141 145 1135 144 1135 97 1135 96 1135 95 1135 78 1141 78 1162"/>
                        </Shape>
                        <String CONTENT=""/>
                    </TextLine>

                    <TextLine ID="line_34" HPOS="78" VPOS="1168" WIDTH="575" HEIGHT="49" BASELINE="78 1196 653 1197" TAGREFS="TYPE_1">
                        <Shape>
                            <Polygon POINTS="78 1196 78 1210 94 1209 96 1211 106 1216 106 1216 107 1216 108 1216 125 1211 143 1206 181 1206 191 1212 197 1216 197 1216 198 1216 199 1217 213 1217 213 1216 214 1216 215 1216 220 1212 229 1206 242 1206 254 1213 260 1216 261 1216 262 1217 308 1217 308 1216 309 1216 310 1216 313 1213 316 1211 324 1213 333 1216 333 1216 334 1216 335 1216 341 1213 363 1206 409 1206 418 1213 419 1213 419 1213 420 1213 421 1213 434 1209 440 1213 440 1213 441 1213 442 1213 443 1213 466 1207 496 1207 506 1212 507 1212 508 1212 509 1212 526 1207 543 1215 543 1215 554 1216 575 1217 576 1217 576 1217 578 1216 593 1212 603 1217 604 1217 604 1217 605 1217 652 1217 653 1197 652 1175 534 1168 533 1168 532 1168 518 1174 517 1175 477 1175 476 1174 454 1168 453 1168 452 1168 452 1168 451 1168 442 1174 441 1175 388 1175 387 1174 381 1168 380 1168 379 1168 357 1168 356 1168 355 1168 337 1173 305 1168 304 1168 176 1173 171 1173 170 1173 161 1168 160 1168 160 1168 135 1168 135 1168 134 1168 119 1173 112 1168 111 1168 111 1168 91 1168 90 1168 90 1168 78 1172 78 1196"/>
                        </Shape>
                        <String CONTENT=""/>
                    </TextLine>
</TextBlock>
                <TextBlock ID="block_4" HPOS="484" VPOS="1207" WIDTH="59" HEIGHT="34" TAGREFS="TYPE_27">
                    <Shape>
                        <Polygon POINTS="484.0498046875 1207.05810546875 543.1990356445312 1207.05810546875 543.1990356445312 1241.6500244140625 484.0498046875 1241.6500244140625 484.0498046875 1207.05810546875"/>
                    </Shape>
                    <TextLine ID="line_35" HPOS="480" VPOS="1201" WIDTH="63" HEIGHT="48" BASELINE="481 1228 543 1229" TAGREFS="TYPE_1">
                        <Shape>
                            <Polygon POINTS="481 1228 480 1241 494 1248 495 1248 496 1248 511 1245 522 1242 540 1249 543 1229 542 1208 515 1209 507 1203 505 1201 504 1201 503 1201 481 1201 481 1228"/>
                        </Shape>
                        <String CONTENT=""/>
                    </TextLine>
</TextBlock>
            </PrintSpace>
        </Page>
    </Layout>
</alto>