<?xml version="1.0" encoding="UTF-8"?>
<alto xmlns:xsi="http://www.w3.org/2001/XMLSchema-instance"
    xmlns="http://www.loc.gov/standards/alto/ns-v4#"
    xsi:schemaLocation="http://www.loc.gov/standards/alto/ns-v4# http://www.loc.gov/standards/alto/v4/alto-4-3.xsd">
    <Description>
        <MeasurementUnit>pixel</MeasurementUnit>
        <sourceImageInformation>
            <fileName>2013369.jpeg</fileName>
        </sourceImageInformation>
        <Processing ID="OCR_0">
            <processingCategory>other</processingCategory>
            <processingStepDescription>unknown</processingStepDescription>
            <processingSoftware>
                <softwareName>kraken</softwareName>
                <softwareVersion>4.3.13</softwareVersion>
            </processingSoftware>
        </Processing>
    </Description>
    <Tags>
        <OtherTag ID="TYPE_1" LABEL="DefaultLine"/>
        <OtherTag ID="TYPE_2" LABEL="TableZone"/>
        <OtherTag ID="TYPE_3" LABEL="MainZone-Other"/>
        <OtherTag ID="TYPE_4" LABEL="GraphicZone-FigDesc"/>
        <OtherTag ID="TYPE_5" LABEL="GraphicZone-Decoration"/>
        <OtherTag ID="TYPE_6" LABEL="GraphicZone-TextualContent"/>
        <OtherTag ID="TYPE_7" LABEL="DropCapitalZone"/>
        <OtherTag ID="TYPE_8" LABEL="MainZone-Sp"/>
        <OtherTag ID="TYPE_9" LABEL="MainZone-P"/>
        <OtherTag ID="TYPE_10" LABEL="MarginTextZone-Notes"/>
        <OtherTag ID="TYPE_11" LABEL="MainZone-Signature"/>
        <OtherTag ID="TYPE_12" LABEL="TitlePageZone-Index"/>
        <OtherTag ID="TYPE_13" LABEL="TableZone-Head"/>
        <OtherTag ID="TYPE_14" LABEL="NumberingZone"/>
        <OtherTag ID="TYPE_15" LABEL="GraphicZone-Part"/>
        <OtherTag ID="TYPE_16" LABEL="GraphicZone-Head"/>
        <OtherTag ID="TYPE_17" LABEL="FigureZone-FigDesc"/>
        <OtherTag ID="TYPE_18" LABEL="MainZone-P-Continued"/>
        <OtherTag ID="TYPE_19" LABEL="MainZone-List"/>
        <OtherTag ID="TYPE_20" LABEL="TitlePageZone"/>
        <OtherTag ID="TYPE_21" LABEL="GraphicZone-Maths"/>
        <OtherTag ID="TYPE_22" LABEL="FigureZone"/>
        <OtherTag ID="TYPE_23" LABEL="MainZone-Date"/>
        <OtherTag ID="TYPE_24" LABEL="GraphicZone"/>
        <OtherTag ID="TYPE_25" LABEL="AdvertisementZone"/>
        <OtherTag ID="TYPE_26" LABEL="MainZone-Lg"/>
        <OtherTag ID="TYPE_27" LABEL="QuireMarksZone"/>
        <OtherTag ID="TYPE_28" LABEL="TableZone-Continued"/>
        <OtherTag ID="TYPE_29" LABEL="MainZone-Form"/>
        <OtherTag ID="TYPE_30" LABEL="MainZone-Entry"/>
        <OtherTag ID="TYPE_31" LABEL="MarginTextZone-ManuscriptAddendum"/>
        <OtherTag ID="TYPE_32" LABEL="DigitizationArtefactZone"/>
        <OtherTag ID="TYPE_33" LABEL="MarginTextZone-Notes-Continued"/>
        <OtherTag ID="TYPE_34" LABEL="MainZone-Lg-Continued"/>
        <OtherTag ID="TYPE_35" LABEL="StampZone"/>
        <OtherTag ID="TYPE_36" LABEL="MainZone-Entry-Continued"/>
        <OtherTag ID="TYPE_37" LABEL="MainZone-List-Continued"/>
        <OtherTag ID="TYPE_38" LABEL="MainZone-Head"/>
        <OtherTag ID="TYPE_39" LABEL="MainZone-Sp-Continued"/>
        <OtherTag ID="TYPE_40" LABEL="RunningTitleZone"/>
        <OtherTag ID="TYPE_41" LABEL="FigureZone-Head"/>
        <OtherTag ID="TYPE_42" LABEL="StampZone-Sticker"/>
    </Tags>
    <Layout>
        <Page WIDTH="1000" HEIGHT="1448" PHYSICAL_IMG_NR="0" ID="page_0">
            <PrintSpace HPOS="0" VPOS="0" WIDTH="1000" HEIGHT="1448">
                <TextBlock ID="block_8" HPOS="204" VPOS="80" WIDTH="200" HEIGHT="37" TAGREFS="TYPE_40">
                    <Shape>
                        <Polygon POINTS="204.44638061523438 80.54634857177734 404.1148681640625 80.54634857177734 404.1148681640625 117.59388732910156 204.44638061523438 117.59388732910156 204.44638061523438 80.54634857177734"/>
                    </Shape>
                    <TextLine ID="line_0" HPOS="203" VPOS="100" WIDTH="200" HEIGHT="15" BASELINE="204 105 403 106" TAGREFS="TYPE_1">
                        <Shape>
                            <Polygon POINTS="397 100 389 100 381 100 373 100 365 100 357 100 349 100 341 100 333 100 325 100 316 100 308 100 300 100 292 100 284 100 276 100 268 100 260 100 252 100 244 100 236 100 228 100 220 100 212 100 204 100 204 105 203 115 403 113 403 106 403 100 397 100"/>
                        </Shape>
                        <String CONTENT=""/>
                    </TextLine>
</TextBlock>
                <TextBlock ID="block_4" HPOS="579" VPOS="85" WIDTH="53" HEIGHT="36" TAGREFS="TYPE_14">
                    <Shape>
                        <Polygon POINTS="579.1566162109375 85.9969482421875 632.2988891601562 85.9969482421875 632.2988891601562 121.9397964477539 579.1566162109375 121.9397964477539 579.1566162109375 85.9969482421875"/>
                    </Shape>
                    <TextLine ID="line_1" HPOS="583" VPOS="80" WIDTH="41" HEIGHT="43" BASELINE="584 111 624 111" TAGREFS="TYPE_1">
                        <Shape>
                            <Polygon POINTS="584 111 584 119 591 123 592 123 592 123 593 123 624 119 624 111 622 82 600 80 600 80 599 80 583 85 584 111"/>
                        </Shape>
                        <String CONTENT=""/>
                    </TextLine>
</TextBlock>
                <TextBlock ID="block_5" HPOS="53" VPOS="124" WIDTH="582" HEIGHT="422" TAGREFS="TYPE_18">
                    <Shape>
                        <Polygon POINTS="53.73451232910156 124.95912170410156 635.2783813476562 124.95912170410156 635.2783813476562 546.858642578125 53.73451232910156 546.858642578125 53.73451232910156 124.95912170410156"/>
                    </Shape>
                    <TextLine ID="line_2" HPOS="56" VPOS="115" WIDTH="577" HEIGHT="41" BASELINE="56 145 633 147" TAGREFS="TYPE_1">
                        <Shape>
                            <Polygon POINTS="56 145 56 156 632 154 633 147 630 118 607 124 582 117 578 116 577 116 576 116 576 116 572 117 547 124 456 120 455 120 428 124 375 119 374 119 374 119 373 119 365 125 345 125 331 119 330 119 301 117 300 117 300 117 299 117 295 121 285 115 284 115 283 115 283 115 280 115 239 123 224 115 223 115 205 115 205 115 204 115 189 123 168 115 167 115 166 115 165 115 164 115 156 122 138 119 137 119 136 119 119 123 110 115 109 115 108 115 56 115 56 145"/>
                        </Shape>
                        <String CONTENT=""/>
                    </TextLine>

                    <TextLine ID="line_3" HPOS="56" VPOS="152" WIDTH="574" HEIGHT="38" BASELINE="56 178 630 178" TAGREFS="TYPE_1">
                        <Shape>
                            <Polygon POINTS="56 178 56 190 630 186 630 178 629 159 559 159 556 158 547 153 547 153 546 153 525 158 520 159 518 158 512 152 511 152 510 152 485 152 485 152 484 152 483 152 476 157 473 160 412 160 408 157 397 152 396 152 395 152 395 152 381 157 374 159 359 157 325 152 325 152 299 156 284 159 274 156 256 152 194 152 193 152 193 152 183 156 182 156 181 156 172 152 171 152 170 152 169 152 168 152 168 153 165 156 162 159 155 156 146 152 145 152 144 152 98 153 98 153 92 156 86 158 80 156 73 152 72 152 71 152 56 155 56 178"/>
                        </Shape>
                        <String CONTENT=""/>
                    </TextLine>

                    <TextLine ID="line_4" HPOS="55" VPOS="184" WIDTH="574" HEIGHT="41" BASELINE="56 209 629 211" TAGREFS="TYPE_1">
                        <Shape>
                            <Polygon POINTS="56 209 55 219 70 224 71 224 72 224 73 224 91 219 94 219 97 219 121 223 122 223 163 219 169 219 172 219 188 224 189 224 189 224 238 220 343 225 344 225 374 220 403 225 404 225 477 220 582 225 583 225 584 225 584 225 592 220 629 220 629 211 629 191 613 191 613 190 604 184 603 184 602 184 523 184 522 184 522 184 521 184 514 189 507 184 506 184 506 184 483 184 482 184 481 184 481 184 473 189 450 185 449 185 448 185 441 189 437 191 402 191 397 188 389 184 388 184 387 184 386 184 374 188 370 189 362 188 337 185 337 185 336 185 335 185 331 187 327 189 279 187 229 184 228 184 216 186 199 189 189 185 184 184 183 184 182 184 181 184 177 185 168 189 56 185 56 209"/>
                        </Shape>
                        <String CONTENT=""/>
                    </TextLine>

                    <TextLine ID="line_5" HPOS="56" VPOS="217" WIDTH="574" HEIGHT="39" BASELINE="56 243 630 243" TAGREFS="TYPE_1">
                        <Shape>
                            <Polygon POINTS="56 243 56 252 489 256 490 256 510 252 510 252 630 252 630 243 629 217 602 225 553 225 542 217 541 217 540 217 510 217 509 217 508 217 506 218 489 225 471 225 462 218 461 218 460 218 460 218 459 218 448 225 415 225 377 218 370 218 370 218 369 218 366 218 350 224 332 218 325 217 325 217 324 217 323 217 319 218 308 225 241 225 231 219 226 217 226 217 199 217 198 217 197 217 189 219 174 224 156 220 143 217 142 217 56 220 56 243"/>
                        </Shape>
                        <String CONTENT=""/>
                    </TextLine>

                    <TextLine ID="line_6" HPOS="55" VPOS="246" WIDTH="575" HEIGHT="46" BASELINE="56 274 630 278" TAGREFS="TYPE_1">
                        <Shape>
                            <Polygon POINTS="55 282 86 288 87 288 156 283 162 283 170 283 226 289 227 289 248 286 294 290 295 290 296 290 296 290 303 286 304 285 305 286 317 290 318 290 319 290 320 290 320 290 326 286 328 285 331 286 343 290 344 290 406 291 407 291 407 291 418 287 423 286 427 287 435 290 436 290 436 290 447 287 456 286 468 288 483 291 484 291 485 291 493 288 497 287 506 288 530 292 531 292 532 292 533 292 536 289 539 287 629 290 630 278 629 253 446 248 445 248 432 250 409 255 403 250 402 249 402 248 401 248 400 248 369 247 368 247 367 247 366 247 364 250 356 255 268 255 256 248 255 248 255 248 254 248 251 248 228 254 209 250 208 250 188 254 173 249 172 249 172 249 134 253 127 248 126 248 125 248 124 248 123 248 112 253 98 246 95 246 94 246 94 246 87 246 63 250 57 246 56 274 55 282"/>
                        </Shape>
                        <String CONTENT=""/>
                    </TextLine>

                    <TextLine ID="line_7" HPOS="55" VPOS="282" WIDTH="575" HEIGHT="40" BASELINE="55 308 630 308" TAGREFS="TYPE_1">
                        <Shape>
                            <Polygon POINTS="55 308 55 318 116 321 117 321 118 321 126 318 131 316 221 316 224 318 230 321 230 321 231 321 232 322 308 322 308 321 332 317 338 316 341 317 353 321 353 321 354 322 414 322 414 321 415 321 424 317 451 321 452 321 452 321 453 321 458 317 503 317 525 321 526 321 526 321 547 316 547 316 551 316 607 320 608 320 630 316 630 308 630 288 604 282 604 282 542 282 541 282 540 282 539 282 532 287 530 289 488 289 484 287 470 282 469 282 443 282 442 282 441 282 440 282 435 287 431 288 411 286 381 283 380 283 362 285 348 287 345 285 340 282 339 282 338 282 337 282 337 282 329 285 320 289 232 289 215 283 209 282 209 282 208 282 207 282 206 282 205 283 198 288 191 283 189 282 189 282 188 282 172 282 171 282 170 282 168 283 159 288 152 283 152 283 151 283 126 282 125 282 124 282 122 283 100 288 86 282 86 282 55 282 55 308"/>
                        </Shape>
                        <String CONTENT=""/>
                    </TextLine>

                    <TextLine ID="line_8" HPOS="57" VPOS="312" WIDTH="571" HEIGHT="43" BASELINE="58 339 628 341" TAGREFS="TYPE_1">
                        <Shape>
                            <Polygon POINTS="58 339 57 348 65 353 65 353 66 353 67 353 68 353 87 349 181 353 181 353 201 349 204 349 205 349 211 353 212 353 213 353 248 354 249 355 322 355 322 354 338 351 345 349 348 351 355 354 356 354 357 355 426 355 426 354 427 354 427 354 430 352 433 349 626 354 628 341 627 321 593 316 592 316 567 320 559 314 558 314 557 314 536 314 535 314 534 314 520 320 513 316 512 316 511 316 473 314 473 314 472 314 471 314 462 320 461 321 440 321 438 320 422 314 421 314 420 314 391 319 379 313 378 313 378 313 353 314 353 314 352 314 345 320 334 315 333 315 333 315 332 315 331 315 325 320 324 320 308 316 307 316 306 316 305 316 304 316 299 320 297 320 249 320 247 320 228 312 227 312 197 312 196 312 195 312 194 312 187 317 182 312 181 312 181 312 133 312 132 312 131 312 112 319 111 319 109 319 92 315 91 315 90 315 90 315 85 319 84 319 58 319 58 339"/>
                        </Shape>
                        <String CONTENT=""/>
                    </TextLine>

                    <TextLine ID="line_9" HPOS="56" VPOS="346" WIDTH="577" HEIGHT="40" BASELINE="56 372 633 374" TAGREFS="TYPE_1">
                        <Shape>
                            <Polygon POINTS="633 352 625 348 625 348 624 348 623 348 622 348 602 353 549 348 548 348 520 352 514 353 507 352 481 348 481 348 480 348 470 351 468 353 346 353 341 349 337 347 337 347 336 347 335 347 320 349 311 351 308 349 304 347 304 347 303 347 302 347 301 347 297 349 292 352 254 349 233 347 232 347 203 348 106 352 81 347 80 347 79 347 78 347 72 352 57 346 56 372 56 386 632 384 633 374 633 352"/>
                        </Shape>
                        <String CONTENT=""/>
                    </TextLine>

                    <TextLine ID="line_10" HPOS="56" VPOS="382" WIDTH="575" HEIGHT="41" BASELINE="56 406 631 406" TAGREFS="TYPE_1">
                        <Shape>
                            <Polygon POINTS="56 406 56 418 133 415 150 419 165 422 166 422 167 422 168 422 172 419 180 415 192 419 197 420 197 420 198 420 199 420 205 419 222 415 235 419 242 421 243 421 244 421 245 421 251 419 252 418 253 419 256 422 257 422 258 422 259 423 300 423 300 422 312 419 321 417 324 419 327 422 328 422 329 422 329 423 354 423 354 422 367 419 386 415 398 419 405 422 406 422 407 422 419 419 436 415 444 419 450 422 451 422 452 422 452 422 460 419 469 417 482 419 497 422 497 422 511 419 536 415 560 419 572 422 572 422 573 422 580 419 592 415 603 419 608 422 609 422 609 422 631 419 631 406 631 386 538 382 537 382 536 382 529 386 527 386 480 386 475 386 443 382 442 382 399 386 395 386 391 386 363 382 362 382 362 382 361 382 354 386 353 386 274 386 273 386 258 382 257 382 256 382 210 386 209 386 208 386 185 382 184 382 56 386 56 406"/>
                        </Shape>
                        <String CONTENT=""/>
                    </TextLine>

                    <TextLine ID="line_11" HPOS="55" VPOS="412" WIDTH="578" HEIGHT="40" BASELINE="56 436 257 440 633 437" TAGREFS="TYPE_1">
                        <Shape>
                            <Polygon POINTS="393 438 385 438 377 438 369 438 361 438 353 438 345 438 337 438 329 438 320 438 312 438 304 438 296 438 288 438 280 438 272 438 264 438 256 438 248 438 240 438 232 438 224 438 216 438 213 427 212 427 198 419 197 418 196 418 195 418 163 418 152 412 152 412 68 412 67 412 66 412 55 416 56 436 56 447 99 447 101 447 106 452 107 452 108 452 109 452 133 452 133 452 134 452 135 452 141 447 142 447 146 447 187 452 188 452 317 452 317 452 318 452 319 452 325 447 325 447 341 452 341 452 342 452 501 452 501 452 549 447 550 447 588 452 589 452 632 446 633 437 632 425 611 416 610 416 609 416 589 419 562 414 561 414 560 414 548 419 538 412 537 412 536 412 535 412 510 417 506 413 505 413 504 413 503 413 473 414 473 414 457 419 423 412 423 412 422 412 402 422 396 424 393 438"/>
                        </Shape>
                        <String CONTENT=""/>
                    </TextLine>

                    <TextLine ID="line_12" HPOS="53" VPOS="454" WIDTH="580" HEIGHT="32" BASELINE="54 469 633 471" TAGREFS="TYPE_1">
                        <Shape>
                            <Polygon POINTS="505 467 497 467 489 467 481 467 473 467 465 467 456 467 448 467 440 467 432 467 424 467 416 467 408 467 400 467 392 467 384 467 376 467 368 467 360 467 352 467 344 467 336 467 328 467 320 467 312 467 304 467 296 467 288 467 279 467 271 467 263 467 255 467 247 467 239 467 231 467 223 467 215 467 207 467 199 467 191 467 183 467 175 467 167 467 159 467 151 467 143 467 135 467 127 467 119 467 111 467 102 467 94 467 86 467 78 467 70 467 62 467 54 467 54 469 53 479 86 485 87 485 88 485 103 481 122 485 123 485 123 485 288 481 291 481 292 481 343 486 344 486 345 486 353 482 385 486 386 486 424 482 460 486 461 486 632 481 633 471 632 454 509 454 508 454 505 467"/>
                        </Shape>
                        <String CONTENT=""/>
                    </TextLine>

                    <TextLine ID="line_13" HPOS="54" VPOS="477" WIDTH="579" HEIGHT="39" BASELINE="55 501 633 503" TAGREFS="TYPE_1">
                        <Shape>
                            <Polygon POINTS="55 501 54 511 99 516 100 516 633 514 633 503 633 479 603 477 602 477 601 477 599 478 592 481 584 478 580 477 579 477 578 477 577 477 576 477 575 478 570 481 561 478 557 477 556 477 555 477 555 477 552 478 545 481 528 478 521 477 520 477 519 477 517 478 507 484 465 484 453 478 452 478 452 478 451 478 450 478 449 478 440 484 390 484 375 478 373 477 372 477 371 477 366 478 347 483 339 478 338 478 337 478 337 478 333 478 296 482 283 478 277 477 276 477 275 477 55 477 55 501"/>
                        </Shape>
                        <String CONTENT=""/>
                    </TextLine>

                    <TextLine ID="line_14" HPOS="57" VPOS="511" WIDTH="494" HEIGHT="40" BASELINE="57 537 551 535" TAGREFS="TYPE_1">
                        <Shape>
                            <Polygon POINTS="507 516 499 516 497 516 497 516 491 516 483 516 475 516 467 516 459 516 451 516 443 516 442 516 440 516 435 516 427 516 419 516 411 516 403 516 395 516 386 516 378 516 376 516 375 517 332 517 331 516 330 516 322 516 314 516 307 516 303 517 300 516 298 516 290 516 282 516 274 516 266 516 258 516 257 516 255 517 250 516 250 516 242 516 234 516 226 516 218 516 210 516 207 518 187 518 185 516 177 516 169 516 161 516 153 516 145 516 141 516 135 517 134 516 129 516 121 516 113 516 105 516 97 516 89 516 81 516 73 516 65 516 57 516 57 537 57 551 88 546 230 549 300 550 300 550 301 550 307 547 313 545 324 547 332 549 333 549 349 547 368 545 420 546 538 549 539 549 539 549 551 544 551 535 549 517 510 511 510 511 507 516"/>
                        </Shape>
                        <String CONTENT=""/>
                    </TextLine>
</TextBlock>
                <TextBlock ID="block_3" HPOS="84" VPOS="548" WIDTH="549" HEIGHT="32" TAGREFS="TYPE_9">
                    <Shape>
                        <Polygon POINTS="84.74036407470703 548.893310546875 633.0177001953125 548.893310546875 633.0177001953125 580.9324951171875 84.74036407470703 580.9324951171875 84.74036407470703 548.893310546875"/>
                    </Shape>
                    <TextLine ID="line_15" HPOS="88" VPOS="540" WIDTH="543" HEIGHT="42" BASELINE="89 568 631 567" TAGREFS="TYPE_1">
                        <Shape>
                            <Polygon POINTS="89 568 89 577 124 582 125 582 227 578 233 582 234 582 234 582 235 582 261 578 582 581 583 581 631 576 631 567 629 546 576 540 542 540 541 540 540 540 539 540 539 541 535 545 534 546 516 544 478 542 477 542 450 544 429 546 425 544 418 540 417 540 416 540 353 543 291 547 261 543 247 541 246 541 246 541 245 541 242 543 236 547 213 543 209 542 88 542 89 568"/>
                        </Shape>
                        <String CONTENT=""/>
                    </TextLine>
</TextBlock>
                <TextBlock ID="block_1" HPOS="55" VPOS="580" WIDTH="577" HEIGHT="64" TAGREFS="TYPE_9">
                    <Shape>
                        <Polygon POINTS="55.09798812866211 580.8524169921875 632.6915283203125 580.8524169921875 632.6915283203125 644.1107177734375 55.09798812866211 644.1107177734375 55.09798812866211 580.8524169921875"/>
                    </Shape>
                    <TextLine ID="line_16" HPOS="86" VPOS="583" WIDTH="544" HEIGHT="34" BASELINE="86 601 630 601" TAGREFS="TYPE_1">
                        <Shape>
                            <Polygon POINTS="504 589 496 589 488 589 480 589 472 589 464 589 456 589 448 589 440 589 432 589 423 589 415 589 407 589 399 589 390 589 383 589 375 589 367 589 359 589 351 589 343 589 335 589 327 589 319 589 311 589 303 589 295 589 287 589 279 589 271 589 263 589 255 589 246 589 238 589 230 589 222 589 214 589 206 589 198 589 190 589 182 589 174 589 166 589 158 589 150 589 142 589 134 589 126 589 118 589 110 589 102 589 94 589 86 589 86 601 86 610 102 617 103 617 104 617 105 617 119 612 154 617 155 617 194 611 195 611 196 611 202 617 203 617 204 617 205 617 236 612 266 617 267 617 267 617 278 611 279 611 354 611 354 612 360 617 361 617 362 617 362 617 389 612 390 612 397 616 398 616 399 616 399 616 438 612 444 617 445 617 446 617 447 617 500 612 520 611 526 612 534 615 535 615 536 615 537 615 538 615 540 612 541 612 543 612 547 616 547 617 547 617 548 617 549 617 578 617 578 617 579 617 580 617 584 612 588 611 629 612 630 601 629 583 506 584 504 589"/>
                        </Shape>
                        <String CONTENT=""/>
                    </TextLine>

                    <TextLine ID="line_17" HPOS="56" VPOS="607" WIDTH="69" HEIGHT="37" BASELINE="57 632 125 630" TAGREFS="TYPE_1">
                        <Shape>
                            <Polygon POINTS="57 632 57 638 69 643 70 643 71 644 87 644 87 643 88 643 89 643 89 642 90 642 91 640 93 638 124 641 125 630 123 608 56 607 57 632"/>
                        </Shape>
                        <String CONTENT=""/>
                    </TextLine>
</TextBlock>
                <TextBlock ID="block_2" HPOS="52" VPOS="641" WIDTH="581" HEIGHT="74" TAGREFS="TYPE_9">
                    <Shape>
                        <Polygon POINTS="52.694358825683594 641.5972900390625 633.3160400390625 641.5972900390625 633.3160400390625 715.0252075195312 52.694358825683594 715.0252075195312 52.694358825683594 641.5972900390625"/>
                    </Shape>
                    <TextLine ID="line_18" HPOS="54" VPOS="634" WIDTH="576" HEIGHT="46" BASELINE="55 665 630 668" TAGREFS="TYPE_1">
                        <Shape>
                            <Polygon POINTS="55 665 54 674 144 678 144 678 158 675 170 673 184 675 199 678 200 679 286 679 286 678 304 677 337 674 366 678 381 679 382 679 418 678 492 675 500 679 502 680 503 680 504 680 525 679 602 675 629 680 630 668 629 645 599 637 598 637 597 637 596 637 592 641 584 637 584 637 583 637 510 637 509 637 508 637 507 637 500 643 498 644 466 644 465 642 455 636 454 636 453 636 452 636 426 637 425 637 424 637 418 642 415 644 373 644 366 641 353 637 352 637 351 637 350 637 349 637 344 641 342 642 337 641 316 635 315 635 314 635 270 641 264 641 263 640 255 635 255 635 254 635 253 635 230 640 218 642 209 640 191 634 190 634 189 634 189 634 178 639 173 642 118 642 111 638 101 634 100 634 99 634 98 634 98 634 93 638 89 641 55 638 55 665"/>
                        </Shape>
                        <String CONTENT=""/>
                    </TextLine>

                    <TextLine ID="line_19" HPOS="57" VPOS="682" WIDTH="530" HEIGHT="30" BASELINE="57 697 587 699" TAGREFS="TYPE_1">
                        <Shape>
                            <Polygon POINTS="507 692 499 692 491 692 483 692 475 692 467 692 459 692 451 692 443 692 435 692 427 692 419 692 411 692 403 692 395 692 386 692 378 692 370 692 362 692 354 692 346 692 338 692 330 692 322 692 314 692 306 692 298 692 290 692 282 692 274 692 266 692 258 692 250 692 242 692 234 692 226 692 218 692 209 692 201 692 193 692 185 692 177 692 169 692 161 692 153 692 145 692 137 692 129 692 121 692 113 692 105 692 97 692 89 692 81 692 73 692 65 692 57 692 57 697 57 710 221 707 228 710 233 711 234 711 234 711 235 711 242 709 249 707 255 709 260 711 261 711 262 711 312 709 349 707 355 709 366 711 366 711 367 711 411 708 423 708 435 708 508 712 509 712 510 712 510 712 515 708 586 708 587 699 585 682 509 686 507 692"/>
                        </Shape>
                        <String CONTENT=""/>
                    </TextLine>
</TextBlock>
                <TextBlock ID="block_7" HPOS="49" VPOS="732" WIDTH="583" HEIGHT="118" TAGREFS="TYPE_38">
                    <Shape>
                        <Polygon POINTS="49.148616790771484 732.2704467773438 632.9185180664062 732.2704467773438 632.9185180664062 850.56005859375 49.148616790771484 850.56005859375 49.148616790771484 732.2704467773438"/>
                    </Shape>
                    <TextLine ID="line_20" HPOS="90" VPOS="730" WIDTH="539" HEIGHT="47" BASELINE="90 761 629 761" TAGREFS="TYPE_1">
                        <Shape>
                            <Polygon POINTS="90 761 90 772 99 776 100 776 101 776 102 776 111 772 119 769 152 772 163 773 164 773 168 772 182 769 187 772 191 775 192 775 193 775 193 775 211 772 226 769 235 772 240 773 241 773 242 773 279 772 318 769 323 771 332 775 333 775 333 775 334 775 346 771 351 770 356 771 370 775 370 775 371 775 397 771 404 770 407 771 417 776 418 776 419 776 448 771 450 771 452 771 469 776 469 776 470 776 497 772 502 776 503 776 504 776 505 777 567 777 567 776 567 776 568 776 575 771 576 769 583 771 603 775 604 775 629 770 629 761 629 737 615 730 614 730 613 730 577 736 558 730 557 730 556 730 555 730 555 730 543 737 510 737 502 730 501 730 500 730 432 730 432 730 431 730 404 737 388 733 387 733 386 733 319 737 310 730 309 730 308 730 308 730 278 736 263 730 263 730 262 730 261 730 260 730 260 731 252 738 196 738 186 730 185 730 185 730 158 730 157 730 156 730 156 730 146 737 111 732 111 732 110 732 90 737 90 761"/>
                        </Shape>
                        <String CONTENT=""/>
                    </TextLine>

                    <TextLine ID="line_21" HPOS="53" VPOS="770" WIDTH="578" HEIGHT="46" BASELINE="53 798 631 798" TAGREFS="TYPE_1">
                        <Shape>
                            <Polygon POINTS="53 798 53 808 94 808 102 814 102 814 103 814 104 814 161 808 177 815 178 815 179 816 233 816 233 815 234 815 256 808 284 808 299 815 300 815 300 815 301 815 320 810 341 814 341 814 342 814 355 808 412 815 413 816 452 816 452 815 453 815 465 810 515 815 516 815 517 815 540 808 630 808 631 798 630 778 604 773 604 773 603 773 593 777 592 778 563 778 563 777 543 770 542 770 529 770 528 770 527 770 526 770 517 777 516 778 479 778 478 777 470 770 469 770 469 770 448 770 447 770 446 770 445 770 433 777 427 777 374 773 373 773 372 773 364 777 363 777 355 770 354 770 353 770 296 770 296 770 295 770 294 770 286 777 285 778 263 778 261 777 252 770 251 770 251 770 186 770 185 770 185 770 184 770 175 777 173 777 163 777 132 773 131 773 53 776 53 798"/>
                        </Shape>
                        <String CONTENT=""/>
                    </TextLine>

                    <TextLine ID="line_22" HPOS="52" VPOS="807" WIDTH="377" HEIGHT="44" BASELINE="53 835 429 838" TAGREFS="TYPE_1">
                        <Shape>
                            <Polygon POINTS="53 835 52 846 76 843 98 847 108 849 109 849 110 849 113 847 123 843 139 848 143 849 144 849 144 849 145 849 148 848 159 844 205 844 219 849 222 850 223 850 283 851 283 851 284 851 289 850 303 846 308 850 308 851 309 851 310 851 311 851 331 851 331 851 332 851 333 851 333 850 338 846 386 846 390 850 390 851 391 851 392 851 393 851 428 851 429 838 428 817 374 817 374 816 354 810 353 810 353 810 308 815 302 810 302 809 301 809 300 809 300 809 299 809 283 815 282 816 251 816 249 815 238 808 238 808 237 808 236 808 235 808 218 814 218 815 182 815 181 814 146 807 145 807 86 811 72 807 71 807 70 807 69 807 53 813 53 835"/>
                        </Shape>
                        <String CONTENT=""/>
                    </TextLine>
</TextBlock>
                <TextBlock ID="block_0" HPOS="52" VPOS="860" WIDTH="585" HEIGHT="332" TAGREFS="TYPE_9">
                    <Shape>
                        <Polygon POINTS="52.49513626098633 860.572509765625 637.2666015625 860.572509765625 637.2666015625 1192.1204833984375 52.49513626098633 1192.1204833984375 52.49513626098633 860.572509765625"/>
                    </Shape>
                    <TextLine ID="line_23" HPOS="86" VPOS="857" WIDTH="547" HEIGHT="44" BASELINE="86 884 633 887" TAGREFS="TYPE_1">
                        <Shape>
                            <Polygon POINTS="86 884 86 895 149 893 164 896 174 898 175 898 176 898 176 898 179 896 184 893 213 893 221 896 226 899 227 899 228 899 242 896 262 894 283 897 296 899 297 899 298 899 302 897 311 894 315 897 315 898 316 898 316 898 317 898 323 897 345 895 360 898 368 900 369 900 378 898 395 895 411 899 418 900 419 900 428 899 457 895 464 899 465 900 465 900 466 900 500 900 501 900 509 900 530 896 535 900 536 900 537 900 538 900 539 901 568 901 568 900 569 900 570 900 570 900 576 896 599 900 601 900 602 900 603 900 604 900 617 896 631 900 633 887 633 865 607 865 607 864 600 859 600 859 599 859 598 859 597 859 582 864 581 864 567 859 567 859 566 859 565 859 551 864 547 865 542 864 522 859 522 859 497 863 490 865 451 865 445 863 431 859 430 859 429 859 428 859 412 863 409 863 407 863 399 859 399 859 361 858 360 858 359 858 348 862 344 864 272 864 267 862 259 858 259 858 258 858 257 858 243 861 242 861 224 857 223 857 222 857 212 861 206 863 164 863 160 860 152 857 151 857 150 857 149 857 139 860 131 863 86 860 86 884"/>
                        </Shape>
                        <String CONTENT=""/>
                    </TextLine>

                    <TextLine ID="line_24" HPOS="56" VPOS="893" WIDTH="577" HEIGHT="38" BASELINE="56 917 633 917" TAGREFS="TYPE_1">
                        <Shape>
                            <Polygon POINTS="56 917 56 931 633 928 633 917 633 896 575 893 574 893 555 896 542 899 534 896 522 893 522 893 521 893 491 897 475 900 352 900 349 898 336 893 335 893 299 893 298 893 297 893 296 893 290 898 288 900 271 900 270 898 263 893 263 893 262 893 241 893 240 893 239 893 238 893 231 899 230 900 189 900 189 899 176 893 176 893 175 893 111 899 65 893 64 893 63 893 62 893 56 897 56 917"/>
                        </Shape>
                        <String CONTENT=""/>
                    </TextLine>

                    <TextLine ID="line_25" HPOS="53" VPOS="925" WIDTH="580" HEIGHT="40" BASELINE="53 950 633 950" TAGREFS="TYPE_1">
                        <Shape>
                            <Polygon POINTS="53 950 54 963 69 959 109 959 119 963 121 964 122 964 123 964 123 964 126 963 143 959 168 963 172 964 172 964 173 964 175 963 185 959 213 964 217 964 218 964 218 964 220 964 234 959 263 963 264 963 307 959 318 964 319 964 320 964 320 965 450 965 450 964 451 964 452 964 466 959 491 964 493 964 493 965 566 965 566 964 568 964 618 959 631 964 633 950 633 928 619 925 618 925 617 925 613 928 608 930 595 928 580 925 579 925 578 925 577 925 573 928 572 928 572 928 568 925 567 925 567 925 566 925 546 928 532 930 525 928 514 925 514 925 513 925 512 925 501 928 494 931 418 931 411 929 399 925 399 925 398 925 397 925 396 925 393 929 390 930 374 929 344 926 343 926 325 929 319 930 314 929 304 926 303 926 302 926 286 929 281 930 278 929 263 925 262 925 229 925 228 925 227 925 226 925 222 929 216 925 215 925 214 925 167 925 166 925 139 930 138 930 137 930 117 925 116 925 78 925 77 925 76 925 53 930 53 950"/>
                        </Shape>
                        <String CONTENT=""/>
                    </TextLine>

                    <TextLine ID="line_26" HPOS="51" VPOS="954" WIDTH="581" HEIGHT="44" BASELINE="52 983 632 981" TAGREFS="TYPE_1">
                        <Shape>
                            <Polygon POINTS="52 983 52 998 83 992 112 997 113 997 114 997 131 992 155 996 156 996 220 992 231 996 233 997 234 997 234 997 242 996 283 991 323 995 332 996 333 996 339 995 363 991 370 995 371 996 372 996 373 996 374 996 631 992 632 981 629 958 601 960 596 958 584 954 584 954 583 954 582 954 569 958 563 961 512 961 510 959 504 955 503 955 502 955 502 955 501 955 487 958 467 954 466 954 465 954 465 954 457 959 456 961 374 961 361 960 308 955 307 955 306 955 296 961 295 961 293 961 273 955 272 955 271 955 271 955 256 961 255 961 252 961 199 956 198 956 172 962 172 962 171 962 165 957 165 956 164 956 164 956 142 956 141 956 117 962 111 956 110 956 109 956 64 956 63 956 62 956 51 961 52 983"/>
                        </Shape>
                        <String CONTENT=""/>
                    </TextLine>

                    <TextLine ID="line_27" HPOS="52" VPOS="987" WIDTH="581" HEIGHT="41" BASELINE="53 1016 633 1014" TAGREFS="TYPE_1">
                        <Shape>
                            <Polygon POINTS="53 1016 53 1024 341 1028 342 1028 362 1023 366 1023 372 1023 415 1027 416 1028 450 1028 450 1027 451 1027 452 1027 456 1023 456 1023 457 1023 478 1027 479 1027 480 1027 491 1023 492 1023 493 1023 514 1027 514 1027 515 1027 516 1027 522 1023 523 1023 553 1027 554 1027 589 1023 600 1027 601 1027 602 1027 633 1022 633 1014 632 989 614 987 613 987 613 987 609 989 599 994 481 994 473 990 469 987 468 987 467 987 456 990 439 995 383 995 371 990 362 987 362 987 350 987 349 987 349 987 348 987 345 991 340 995 327 991 320 988 320 988 319 988 257 989 256 989 255 989 253 991 249 993 231 991 210 988 209 988 209 988 202 991 195 995 153 995 146 991 139 988 138 988 137 988 136 988 127 991 121 994 115 991 111 990 111 990 110 990 101 991 91 994 87 991 82 988 82 988 81 988 80 988 52 991 53 1016"/>
                        </Shape>
                        <String CONTENT=""/>
                    </TextLine>

                    <TextLine ID="line_28" HPOS="52" VPOS="1020" WIDTH="581" HEIGHT="42" BASELINE="53 1048 633 1045" TAGREFS="TYPE_1">
                        <Shape>
                            <Polygon POINTS="53 1048 53 1060 64 1056 99 1060 103 1060 104 1060 106 1060 126 1056 134 1060 138 1061 139 1061 139 1062 183 1062 183 1061 184 1061 185 1061 188 1059 193 1056 225 1059 245 1061 246 1061 246 1061 253 1059 265 1055 298 1055 307 1058 312 1061 313 1061 314 1061 315 1061 316 1061 319 1058 323 1055 327 1058 329 1060 330 1060 331 1060 332 1060 342 1058 351 1057 358 1058 371 1061 372 1061 439 1061 439 1061 453 1057 461 1056 469 1057 481 1060 481 1060 482 1060 493 1057 502 1055 510 1057 524 1060 525 1061 558 1061 558 1060 559 1060 566 1057 572 1054 631 1056 633 1045 631 1025 598 1025 598 1024 592 1020 592 1020 591 1020 590 1020 589 1020 576 1024 576 1024 575 1024 552 1020 551 1020 551 1020 550 1020 546 1024 545 1025 511 1025 510 1024 503 1020 502 1020 502 1020 501 1020 500 1020 499 1020 492 1024 491 1024 486 1024 455 1020 454 1020 453 1020 442 1024 437 1026 411 1026 409 1024 406 1020 405 1020 404 1020 403 1020 349 1024 309 1025 300 1023 292 1020 291 1020 290 1020 267 1023 235 1026 199 1023 185 1021 184 1021 183 1021 178 1022 164 1026 52 1022 53 1048"/>
                        </Shape>
                        <String CONTENT=""/>
                    </TextLine>

                    <TextLine ID="line_29" HPOS="53" VPOS="1053" WIDTH="580" HEIGHT="36" BASELINE="53 1079 633 1079" TAGREFS="TYPE_1">
                        <Shape>
                            <Polygon POINTS="53 1079 53 1088 632 1089 633 1079 633 1059 552 1054 551 1054 551 1054 550 1054 544 1058 543 1059 495 1059 488 1057 456 1053 456 1053 455 1053 441 1057 437 1058 420 1057 382 1053 381 1053 380 1053 371 1057 366 1058 363 1057 358 1053 357 1053 356 1053 319 1053 318 1053 317 1053 310 1056 306 1057 297 1056 280 1053 279 1053 279 1053 278 1053 275 1056 271 1058 251 1056 230 1053 230 1053 209 1055 184 1058 176 1055 172 1053 171 1053 170 1053 169 1053 168 1053 167 1055 163 1059 142 1059 135 1054 132 1053 131 1053 131 1053 109 1053 108 1053 107 1053 106 1053 106 1053 105 1054 101 1058 91 1054 87 1053 86 1053 86 1053 53 1053 53 1079"/>
                        </Shape>
                        <String CONTENT=""/>
                    </TextLine>

                    <TextLine ID="line_30" HPOS="56" VPOS="1086" WIDTH="576" HEIGHT="39" BASELINE="56 1111 632 1111" TAGREFS="TYPE_1">
                        <Shape>
                            <Polygon POINTS="56 1111 56 1121 631 1125 632 1111 632 1090 624 1086 623 1086 622 1086 298 1090 282 1086 281 1086 280 1086 251 1090 226 1086 226 1086 178 1090 139 1086 138 1086 117 1090 96 1086 95 1086 56 1090 56 1111"/>
                        </Shape>
                        <String CONTENT=""/>
                    </TextLine>

                    <TextLine ID="line_31" HPOS="53" VPOS="1116" WIDTH="577" HEIGHT="42" BASELINE="53 1143 630 1145" TAGREFS="TYPE_1">
                        <Shape>
                            <Polygon POINTS="53 1143 53 1156 133 1153 173 1156 191 1157 192 1157 201 1155 220 1153 259 1155 285 1157 286 1157 302 1155 320 1153 324 1155 325 1157 326 1157 327 1157 366 1158 366 1158 393 1155 403 1154 444 1155 599 1158 600 1158 629 1153 630 1145 629 1123 600 1123 600 1122 592 1117 591 1117 590 1117 589 1117 559 1122 549 1117 548 1117 547 1117 452 1121 437 1117 436 1117 436 1117 435 1117 423 1121 403 1117 402 1117 371 1122 366 1122 358 1122 292 1116 292 1116 267 1121 266 1121 263 1121 198 1117 197 1117 154 1121 149 1121 148 1121 141 1116 140 1116 139 1116 94 1116 93 1116 92 1116 91 1116 86 1121 84 1121 53 1121 53 1143"/>
                        </Shape>
                        <String CONTENT=""/>
                    </TextLine>

                    <TextLine ID="line_32" HPOS="51" VPOS="1150" WIDTH="578" HEIGHT="47" BASELINE="52 1177 629 1176" TAGREFS="TYPE_1">
                        <Shape>
                            <Polygon POINTS="52 1177 52 1187 88 1193 89 1193 90 1193 113 1188 193 1188 220 1192 221 1192 222 1192 222 1192 230 1188 261 1197 262 1197 263 1197 282 1193 329 1197 330 1197 360 1191 379 1197 380 1197 381 1197 382 1197 408 1187 452 1187 473 1197 473 1197 474 1197 563 1197 563 1197 564 1197 582 1187 613 1197 614 1197 615 1197 616 1197 617 1197 629 1186 629 1176 629 1158 610 1153 609 1153 609 1153 608 1153 599 1157 599 1158 534 1158 534 1157 514 1151 513 1151 512 1151 511 1151 494 1155 477 1150 476 1150 464 1150 463 1150 462 1150 461 1150 452 1157 452 1158 415 1158 413 1156 396 1151 395 1151 395 1151 394 1151 378 1156 376 1158 339 1158 334 1156 320 1151 319 1151 318 1151 51 1155 52 1177"/>
                        </Shape>
                        <String CONTENT=""/>
                    </TextLine>
</TextBlock>
            </PrintSpace>
        </Page>
    </Layout>
</alto>