<?xml version="1.0" encoding="UTF-8"?>
<alto xmlns:xsi="http://www.w3.org/2001/XMLSchema-instance"
    xmlns="http://www.loc.gov/standards/alto/ns-v4#"
    xsi:schemaLocation="http://www.loc.gov/standards/alto/ns-v4# http://www.loc.gov/standards/alto/v4/alto-4-3.xsd">
    <Description>
        <MeasurementUnit>pixel</MeasurementUnit>
        <sourceImageInformation>
            <fileName>bsb10313792_00153.jpg</fileName>
        </sourceImageInformation>
        <Processing ID="OCR_0">
            <processingCategory>other</processingCategory>
            <processingStepDescription>unknown</processingStepDescription>
            <processingSoftware>
                <softwareName>kraken</softwareName>
                <softwareVersion>4.3.13</softwareVersion>
            </processingSoftware>
        </Processing>
    </Description>
    <Tags>
        <OtherTag ID="TYPE_1" LABEL="DefaultLine"/>
        <OtherTag ID="TYPE_2" LABEL="MainZone-Other"/>
        <OtherTag ID="TYPE_3" LABEL="RunningTitleZone"/>
        <OtherTag ID="TYPE_4" LABEL="QuireMarksZone"/>
        <OtherTag ID="TYPE_5" LABEL="MarginTextZone-Notes-Continued"/>
        <OtherTag ID="TYPE_6" LABEL="MarginTextZone-Notes"/>
        <OtherTag ID="TYPE_7" LABEL="GraphicZone-TextualContent"/>
        <OtherTag ID="TYPE_8" LABEL="DigitizationArtefactZone"/>
        <OtherTag ID="TYPE_9" LABEL="TableZone-Continued"/>
        <OtherTag ID="TYPE_10" LABEL="MainZone-Lg"/>
        <OtherTag ID="TYPE_11" LABEL="MainZone-Head"/>
        <OtherTag ID="TYPE_12" LABEL="StampZone"/>
        <OtherTag ID="TYPE_13" LABEL="MainZone-Form"/>
        <OtherTag ID="TYPE_14" LABEL="MainZone-List-Continued"/>
        <OtherTag ID="TYPE_15" LABEL="MainZone-Signature"/>
        <OtherTag ID="TYPE_16" LABEL="MarginTextZone-ManuscriptAddendum"/>
        <OtherTag ID="TYPE_17" LABEL="MainZone-P-Continued"/>
        <OtherTag ID="TYPE_18" LABEL="StampZone-Sticker"/>
        <OtherTag ID="TYPE_19" LABEL="TableZone-Head"/>
        <OtherTag ID="TYPE_20" LABEL="GraphicZone-Decoration"/>
        <OtherTag ID="TYPE_21" LABEL="DropCapitalZone"/>
        <OtherTag ID="TYPE_22" LABEL="NumberingZone"/>
        <OtherTag ID="TYPE_23" LABEL="FigureZone-Head"/>
        <OtherTag ID="TYPE_24" LABEL="TitlePageZone"/>
        <OtherTag ID="TYPE_25" LABEL="GraphicZone-Maths"/>
        <OtherTag ID="TYPE_26" LABEL="MainZone-Entry-Continued"/>
        <OtherTag ID="TYPE_27" LABEL="MainZone-Sp"/>
        <OtherTag ID="TYPE_28" LABEL="MainZone-Entry"/>
        <OtherTag ID="TYPE_29" LABEL="GraphicZone-Part"/>
        <OtherTag ID="TYPE_30" LABEL="GraphicZone"/>
        <OtherTag ID="TYPE_31" LABEL="MainZone-Sp-Continued"/>
        <OtherTag ID="TYPE_32" LABEL="TableZone"/>
        <OtherTag ID="TYPE_33" LABEL="TitlePageZone-Index"/>
        <OtherTag ID="TYPE_34" LABEL="AdvertisementZone"/>
        <OtherTag ID="TYPE_35" LABEL="MainZone-Date"/>
        <OtherTag ID="TYPE_36" LABEL="FigureZone-FigDesc"/>
        <OtherTag ID="TYPE_37" LABEL="GraphicZone-Head"/>
        <OtherTag ID="TYPE_38" LABEL="MainZone-List"/>
        <OtherTag ID="TYPE_39" LABEL="MainZone-P"/>
        <OtherTag ID="TYPE_40" LABEL="MainZone-Lg-Continued"/>
        <OtherTag ID="TYPE_41" LABEL="FigureZone"/>
        <OtherTag ID="TYPE_42" LABEL="GraphicZone-FigDesc"/>
    </Tags>
    <Layout>
        <Page WIDTH="1087" HEIGHT="1748" PHYSICAL_IMG_NR="0" ID="page_0">
            <PrintSpace HPOS="0" VPOS="0" WIDTH="1087" HEIGHT="1748">
                <TextBlock ID="block_0" HPOS="121" VPOS="50" WIDTH="629" HEIGHT="49" TAGREFS="TYPE_3">
                    <Shape>
                        <Polygon POINTS="121.45110321044922 50.291419982910156 750.2691650390625 50.291419982910156 750.2691650390625 99.1688461303711 121.45110321044922 99.1688461303711 121.45110321044922 50.291419982910156"/>
                    </Shape>
                    <TextLine ID="line_0" HPOS="120" VPOS="49" WIDTH="734" HEIGHT="58" BASELINE="120 85 350 83 854 93" TAGREFS="TYPE_1">
                        <Shape>
                            <Polygon POINTS="683 49 677 49 672 53 663 49 654 49 645 49 635 49 625 49 618 49 614 52 610 49 606 49 596 49 586 49 579 49 577 50 574 49 567 49 557 49 547 49 546 49 545 50 543 49 538 49 528 49 518 49 509 49 499 49 489 49 479 49 470 49 460 49 450 49 441 49 431 49 421 49 411 49 402 49 392 49 382 49 373 49 363 49 353 49 343 49 334 49 326 49 324 49 314 49 305 49 295 49 285 49 275 49 266 49 256 49 246 49 242 49 233 52 226 49 217 49 207 49 198 49 188 49 178 49 169 49 159 49 149 49 139 49 130 49 121 49 120 49 120 85 120 99 182 99 182 98 183 98 205 92 215 99 216 99 217 99 270 100 271 100 311 93 323 100 324 100 325 100 326 100 327 100 383 94 410 101 411 101 412 101 413 101 441 95 470 102 471 102 472 102 473 102 509 97 526 103 527 103 586 104 587 104 596 104 719 99 852 107 854 93 852 55 841 58 836 55 832 51 831 51 830 51 829 51 828 51 820 55 807 61 738 61 726 54 720 51 719 51 718 51 704 54 699 55 696 54 684 49 683 49"/>
                        </Shape>
                        <String CONTENT=""/>
                    </TextLine>
</TextBlock>
                <TextBlock ID="block_3" HPOS="56" VPOS="108" WIDTH="813" HEIGHT="998" TAGREFS="TYPE_17">
                    <Shape>
                        <Polygon POINTS="56.266014099121094 108.96793365478516 869.9080810546875 108.96793365478516 869.9080810546875 1106.7576904296875 56.266014099121094 1106.7576904296875 56.266014099121094 108.96793365478516"/>
                    </Shape>
                    <TextLine ID="line_1" HPOS="53" VPOS="103" WIDTH="804" HEIGHT="61" BASELINE="54 143 857 145" TAGREFS="TYPE_1">
                        <Shape>
                            <Polygon POINTS="840 105 830 105 820 105 811 105 801 105 791 105 781 105 772 105 762 105 752 105 746 105 736 107 731 108 727 107 720 105 713 105 704 105 702 105 699 107 695 109 684 107 674 105 665 105 655 105 645 105 636 105 626 105 623 105 616 106 605 105 597 105 587 105 577 105 568 105 558 105 548 105 539 105 531 105 524 106 512 108 507 106 504 105 500 105 490 105 480 105 478 105 475 106 462 109 457 106 455 105 451 105 441 105 432 105 427 105 422 105 412 105 403 105 393 105 383 105 382 105 377 106 364 109 260 109 256 105 247 105 237 105 228 105 217 108 196 105 189 105 179 105 169 105 164 105 157 109 106 109 101 105 92 105 82 105 80 105 71 108 54 105 54 143 53 157 162 162 163 162 183 157 190 156 192 157 198 161 199 161 200 161 201 161 265 157 289 156 292 157 304 162 305 162 305 163 364 163 364 162 365 162 381 157 383 157 386 157 425 162 426 162 427 162 443 157 448 156 461 157 520 163 521 163 560 157 561 157 562 157 594 163 595 163 632 157 646 163 647 163 648 164 733 164 733 163 778 157 790 163 791 163 792 164 833 164 833 163 834 163 856 156 857 145 857 108 841 103 840 105"/>
                        </Shape>
                        <String CONTENT=""/>
                    </TextLine>

                    <TextLine ID="line_2" HPOS="61" VPOS="150" WIDTH="794" HEIGHT="60" BASELINE="62 191 855 195" TAGREFS="TYPE_1">
                        <Shape>
                            <Polygon POINTS="62 191 61 200 105 207 106 207 107 207 120 201 165 207 166 208 231 208 231 207 232 207 251 202 255 201 261 202 295 208 296 209 423 209 423 208 424 208 425 208 431 204 434 202 441 204 461 209 462 209 463 209 464 209 476 204 480 203 493 204 521 208 522 208 523 208 524 208 528 205 531 203 581 203 588 205 597 209 598 209 599 209 639 206 655 205 663 206 681 210 682 210 683 210 684 210 688 207 692 204 700 207 710 210 711 210 712 210 735 207 753 205 758 207 764 210 765 210 766 210 854 208 855 195 854 160 820 153 819 153 818 153 799 159 785 153 784 153 783 153 742 158 644 152 643 152 591 158 589 158 584 158 459 152 458 152 457 152 437 157 405 151 404 151 403 151 402 151 396 156 370 151 369 151 314 157 309 157 305 157 260 150 259 150 258 150 241 156 225 150 224 150 223 150 222 150 205 156 205 157 138 157 137 156 131 151 130 151 129 151 128 151 127 151 118 156 117 156 62 156 62 191"/>
                        </Shape>
                        <String CONTENT=""/>
                    </TextLine>

                    <TextLine ID="line_3" HPOS="60" VPOS="197" WIDTH="794" HEIGHT="65" BASELINE="61 239 854 245" TAGREFS="TYPE_1">
                        <Shape>
                            <Polygon POINTS="61 239 60 248 86 257 87 257 88 257 179 250 191 250 196 251 228 258 229 258 373 254 450 252 484 256 519 260 520 260 545 257 577 253 613 258 634 261 635 261 680 259 745 257 753 261 756 262 757 262 758 262 759 262 762 261 777 255 852 262 854 245 853 211 806 202 805 202 804 202 787 209 785 211 753 211 745 208 710 201 709 201 680 206 670 202 669 202 668 202 667 202 656 207 650 209 644 207 629 201 628 201 627 201 597 206 581 208 567 205 546 201 545 201 544 201 536 205 527 208 513 204 500 201 499 201 498 201 468 203 449 205 425 202 395 200 394 200 373 201 339 206 326 201 322 200 321 200 320 200 306 201 254 207 224 207 209 200 208 200 207 200 206 200 183 206 108 206 97 198 96 198 95 198 61 197 61 239"/>
                        </Shape>
                        <String CONTENT=""/>
                    </TextLine>

                    <TextLine ID="line_4" HPOS="59" VPOS="248" WIDTH="795" HEIGHT="61" BASELINE="60 291 512 290 854 295" TAGREFS="TYPE_1">
                        <Shape>
                            <Polygon POINTS="60 291 59 299 205 305 206 305 237 302 244 301 246 302 254 306 255 306 256 306 257 306 258 306 273 302 278 301 280 302 286 306 287 306 288 306 347 307 348 307 349 307 364 302 370 302 467 302 473 304 480 307 481 307 482 307 483 307 495 304 507 302 531 302 537 305 540 307 541 307 542 307 543 307 555 305 575 302 588 305 597 308 598 308 599 309 699 309 699 308 709 307 735 302 744 307 745 308 746 308 747 308 747 309 853 309 854 295 853 256 737 251 736 251 680 256 643 259 631 256 614 251 613 251 612 251 534 255 500 250 499 250 498 250 497 250 488 256 487 257 483 256 457 250 456 250 455 250 454 250 444 256 441 258 427 256 382 250 381 250 380 250 365 256 360 258 349 256 322 252 321 252 291 256 285 257 283 256 269 251 268 251 267 251 266 251 244 257 240 258 148 258 147 257 141 252 140 252 139 252 138 252 104 257 101 257 100 257 79 248 78 248 77 248 76 248 60 255 60 291"/>
                        </Shape>
                        <String CONTENT=""/>
                    </TextLine>

                    <TextLine ID="line_5" HPOS="60" VPOS="299" WIDTH="794" HEIGHT="60" BASELINE="60 340 854 342" TAGREFS="TYPE_1">
                        <Shape>
                            <Polygon POINTS="60 340 60 357 103 353 145 357 157 358 158 358 159 358 161 357 177 350 286 350 296 357 297 358 298 358 299 358 300 358 307 357 334 350 447 350 455 356 458 359 459 359 460 359 461 359 462 359 468 356 472 354 486 356 510 359 511 359 512 359 525 356 543 351 555 356 564 359 565 359 566 359 607 355 625 354 636 355 655 358 656 358 657 358 662 355 670 351 688 355 706 359 707 359 853 354 854 342 854 309 830 302 829 302 828 302 787 305 766 300 765 300 764 300 692 304 607 300 606 300 571 302 570 302 569 302 560 308 559 309 493 309 492 308 481 300 480 300 479 300 456 299 455 299 422 303 371 300 370 300 369 300 368 300 359 305 350 299 349 299 348 299 347 299 346 299 327 304 319 299 318 299 317 299 316 299 315 299 298 303 271 299 271 299 270 299 269 299 256 307 159 307 113 307 111 307 77 299 76 299 75 299 74 299 60 305 60 340"/>
                        </Shape>
                        <String CONTENT=""/>
                    </TextLine>

                    <TextLine ID="line_6" HPOS="57" VPOS="347" WIDTH="799" HEIGHT="61" BASELINE="57 391 395 388 856 393" TAGREFS="TYPE_1">
                        <Shape>
                            <Polygon POINTS="57 391 57 405 106 401 128 405 131 406 132 406 133 406 138 405 165 401 259 401 273 405 277 406 278 406 279 406 293 405 331 402 342 405 349 407 350 407 351 407 362 405 377 402 388 405 395 407 396 407 397 407 412 405 436 402 502 402 512 404 521 407 522 407 523 407 549 404 578 402 590 404 603 408 604 408 605 408 855 403 856 393 856 352 796 349 795 349 794 349 783 352 765 357 758 352 754 349 753 349 752 349 751 349 750 349 743 352 728 357 705 352 688 349 687 349 686 349 685 349 681 352 673 358 624 358 613 352 604 348 603 348 550 348 549 348 519 353 503 355 486 353 465 350 464 350 463 350 462 350 458 353 453 356 447 353 436 348 435 348 388 348 387 348 386 348 371 353 363 356 359 353 355 350 354 350 353 350 352 350 351 350 343 353 339 355 338 353 330 347 329 347 328 347 327 347 302 352 261 347 260 347 259 347 258 347 249 354 247 355 57 355 57 391"/>
                        </Shape>
                        <String CONTENT=""/>
                    </TextLine>

                    <TextLine ID="line_7" HPOS="58" VPOS="397" WIDTH="799" HEIGHT="63" BASELINE="59 437 857 441" TAGREFS="TYPE_1">
                        <Shape>
                            <Polygon POINTS="59 437 58 451 67 456 67 456 68 456 69 456 207 451 249 450 254 452 268 457 269 457 270 457 363 453 426 451 434 454 442 458 443 458 444 458 484 455 537 451 559 456 572 459 573 459 605 457 657 453 685 458 698 460 699 460 700 460 707 458 726 453 807 458 808 458 809 458 822 453 855 460 857 441 857 408 825 400 824 400 740 400 739 400 738 400 713 406 687 399 686 399 623 399 622 399 621 399 597 405 497 398 496 398 456 405 455 405 454 405 426 398 425 398 424 398 323 404 321 404 320 404 309 397 308 397 307 397 306 397 305 397 284 402 252 397 251 397 209 403 59 403 59 437"/>
                        </Shape>
                        <String CONTENT=""/>
                    </TextLine>

                    <TextLine ID="line_8" HPOS="63" VPOS="447" WIDTH="791" HEIGHT="61" BASELINE="64 488 854 490" TAGREFS="TYPE_1">
                        <Shape>
                            <Polygon POINTS="63 505 92 506 93 506 94 506 96 505 112 499 185 504 186 504 269 499 290 505 293 506 294 506 295 506 301 505 337 499 421 504 422 504 532 500 559 505 571 507 572 508 609 508 609 507 610 507 615 505 627 501 637 505 638 505 639 505 640 505 641 505 642 505 654 500 717 500 728 505 731 507 732 507 733 507 734 507 752 505 784 501 793 505 798 507 799 507 800 507 853 504 854 490 854 456 826 448 825 448 715 448 714 448 713 448 696 454 693 455 692 454 684 448 683 448 682 448 634 448 633 448 632 448 621 453 618 456 546 456 541 453 532 448 531 448 530 448 501 452 489 454 478 452 458 448 457 448 456 448 455 448 449 452 445 454 423 452 398 449 397 449 396 449 388 451 378 455 283 455 265 450 249 447 248 447 235 450 215 454 192 450 177 447 176 447 175 447 174 447 171 449 163 455 73 455 66 448 64 488 63 505"/>
                        </Shape>
                        <String CONTENT=""/>
                    </TextLine>

                    <TextLine ID="line_9" HPOS="63" VPOS="496" WIDTH="794" HEIGHT="59" BASELINE="64 537 857 538" TAGREFS="TYPE_1">
                        <Shape>
                            <Polygon POINTS="64 537 63 553 99 554 100 554 101 554 102 553 115 548 193 553 204 553 205 553 206 553 208 553 224 548 270 552 293 554 294 554 295 554 296 554 299 552 306 548 338 548 369 552 390 554 391 554 409 551 431 548 437 551 441 554 441 554 442 554 443 554 471 551 490 549 509 551 551 555 552 555 583 550 593 549 606 550 653 555 654 555 655 555 670 550 673 549 679 550 713 555 713 555 714 555 730 549 731 549 739 555 740 555 741 555 742 555 743 555 763 550 806 555 807 555 856 548 857 538 857 506 832 499 831 499 830 499 829 499 811 505 774 497 753 497 752 497 751 497 750 497 739 505 721 497 720 497 672 497 671 497 632 504 627 505 611 504 460 496 459 496 458 496 443 502 431 497 430 497 377 496 376 496 375 496 362 502 351 497 350 497 349 497 293 501 260 496 259 496 258 496 257 496 245 503 242 504 238 503 223 497 222 497 221 497 220 497 205 503 201 504 64 503 64 537"/>
                        </Shape>
                        <String CONTENT=""/>
                    </TextLine>

                    <TextLine ID="line_10" HPOS="56" VPOS="542" WIDTH="801" HEIGHT="63" BASELINE="57 585 857 588" TAGREFS="TYPE_1">
                        <Shape>
                            <Polygon POINTS="57 585 56 598 67 603 68 603 69 604 192 604 192 603 215 597 218 597 219 597 228 603 229 603 230 603 231 603 232 603 243 597 245 597 322 597 326 598 350 604 351 604 352 604 353 604 373 598 375 598 521 604 522 604 523 604 524 604 533 598 543 604 544 604 545 604 590 599 611 605 612 605 613 605 670 599 705 605 706 605 743 599 833 605 834 605 835 605 856 598 857 588 857 556 835 544 834 544 833 544 801 550 789 544 788 544 787 544 786 544 774 549 642 544 641 544 595 551 578 544 577 544 577 544 538 553 506 546 505 546 504 546 475 553 424 543 423 543 367 551 323 542 322 542 321 542 290 554 288 554 224 554 224 553 199 542 198 542 197 542 196 542 174 553 173 553 57 553 57 585"/>
                        </Shape>
                        <String CONTENT=""/>
                    </TextLine>

                    <TextLine ID="line_11" HPOS="57" VPOS="595" WIDTH="799" HEIGHT="61" BASELINE="58 637 856 638" TAGREFS="TYPE_1">
                        <Shape>
                            <Polygon POINTS="58 637 57 648 101 654 101 655 145 655 145 654 146 654 156 649 159 648 166 649 191 654 192 654 193 654 204 649 208 648 262 648 265 650 271 654 271 654 272 654 273 655 370 655 370 654 371 654 372 654 376 650 381 648 388 651 397 654 398 654 399 654 419 651 437 648 449 651 465 655 466 655 467 655 500 651 512 650 516 651 525 655 526 655 527 656 595 656 595 655 596 655 603 652 608 650 618 652 634 655 635 655 649 652 665 649 854 653 856 638 856 605 812 596 763 596 762 596 761 596 733 604 730 604 727 604 696 596 695 596 694 596 671 603 668 604 665 603 649 597 648 597 647 597 611 602 603 596 602 596 601 596 600 596 518 597 517 597 507 602 504 603 500 602 485 597 484 597 483 597 482 597 471 602 465 604 460 602 451 597 450 597 449 597 364 601 351 601 350 601 341 595 340 595 339 595 285 595 284 595 262 600 248 604 207 604 202 600 199 597 198 597 197 597 196 597 195 597 185 599 169 603 58 599 58 637"/>
                        </Shape>
                        <String CONTENT=""/>
                    </TextLine>

                    <TextLine ID="line_12" HPOS="61" VPOS="644" WIDTH="796" HEIGHT="61" BASELINE="62 686 857 689" TAGREFS="TYPE_1">
                        <Shape>
                            <Polygon POINTS="62 686 61 697 293 702 294 702 295 702 296 702 301 698 305 696 390 696 405 698 442 703 443 703 444 703 453 698 457 697 536 697 541 699 548 703 549 703 550 703 551 703 566 699 569 698 573 699 590 704 591 704 592 705 637 705 637 704 638 704 648 699 651 698 654 699 669 704 670 704 671 704 704 699 707 699 710 699 730 704 731 704 856 699 857 689 857 653 834 645 833 645 724 645 723 645 722 645 703 652 702 652 700 652 658 645 657 645 540 649 507 644 506 644 397 649 380 644 379 644 378 644 377 644 358 651 356 651 257 651 257 650 246 645 245 645 244 645 218 650 217 650 216 650 203 645 203 645 202 645 201 645 181 650 179 650 62 650 62 686"/>
                        </Shape>
                        <String CONTENT=""/>
                    </TextLine>

                    <TextLine ID="line_13" HPOS="63" VPOS="690" WIDTH="794" HEIGHT="64" BASELINE="63 735 857 738" TAGREFS="TYPE_1">
                        <Shape>
                            <Polygon POINTS="63 735 63 746 105 746 106 746 120 752 121 752 122 752 160 747 174 752 175 752 176 752 199 747 209 745 321 745 332 749 343 753 344 753 345 754 376 754 376 753 377 753 378 753 384 749 390 746 472 747 475 750 478 753 479 753 480 753 481 753 520 751 590 746 614 752 625 754 626 754 669 752 788 747 855 754 857 738 856 703 813 693 812 693 726 700 705 702 692 700 658 693 657 693 612 699 599 700 590 698 567 692 566 692 565 692 531 697 506 701 500 697 499 696 498 696 497 696 496 696 491 697 476 699 473 696 468 692 467 692 466 692 465 692 444 696 432 698 420 695 410 693 409 693 408 693 407 693 403 695 391 700 383 695 379 692 378 692 377 692 376 692 358 694 339 697 331 694 323 691 322 691 321 691 320 691 314 694 303 701 255 701 243 693 242 693 241 693 240 693 239 693 225 701 120 701 106 693 105 693 63 690 63 735"/>
                        </Shape>
                        <String CONTENT=""/>
                    </TextLine>

                    <TextLine ID="line_14" HPOS="64" VPOS="743" WIDTH="793" HEIGHT="63" BASELINE="65 784 857 787" TAGREFS="TYPE_1">
                        <Shape>
                            <Polygon POINTS="64 801 164 803 165 803 166 803 172 801 181 798 187 801 192 803 193 803 194 803 195 803 196 803 199 801 207 796 299 796 314 800 328 804 329 804 330 804 331 804 339 800 347 797 405 800 488 804 489 804 546 799 573 797 577 799 586 803 587 803 588 803 639 799 649 798 651 799 664 805 665 805 666 806 747 806 747 805 747 805 764 798 856 797 857 787 857 754 835 745 834 745 706 745 705 745 678 752 672 753 670 752 663 746 662 746 661 746 617 745 616 745 615 745 600 751 593 753 587 751 569 744 568 744 567 744 466 745 465 745 449 749 437 752 352 752 342 748 328 743 327 743 326 743 325 743 309 748 304 749 295 747 274 743 273 743 272 743 271 743 267 747 261 751 235 747 229 746 228 746 221 746 184 751 153 746 136 743 135 743 120 745 85 751 66 745 65 784 64 801"/>
                        </Shape>
                        <String CONTENT=""/>
                    </TextLine>

                    <TextLine ID="line_15" HPOS="62" VPOS="794" WIDTH="794" HEIGHT="59" BASELINE="62 835 856 835" TAGREFS="TYPE_1">
                        <Shape>
                            <Polygon POINTS="62 845 147 851 148 851 167 847 173 852 174 852 175 852 176 852 218 846 223 846 227 846 254 852 255 852 283 847 289 846 345 846 348 847 361 852 362 852 363 853 438 853 438 852 439 852 447 847 450 846 454 847 467 852 468 852 469 853 511 853 511 852 512 852 513 852 518 848 521 846 525 848 535 852 536 852 537 852 538 852 550 848 554 847 559 848 575 852 576 852 577 852 577 852 587 848 590 847 593 848 601 852 602 852 603 852 856 849 856 835 856 802 821 794 820 794 789 800 762 794 761 794 760 794 744 801 743 801 742 801 721 794 720 794 719 794 718 794 702 800 700 801 695 800 657 794 656 794 620 795 619 795 618 795 612 800 611 801 606 800 579 794 505 794 504 794 503 794 486 799 477 802 439 802 433 799 426 795 425 795 424 795 407 798 395 801 390 798 382 794 381 794 347 794 346 794 345 794 344 794 339 798 335 801 320 798 303 794 302 794 274 797 261 799 255 797 246 794 245 794 244 794 243 794 242 794 238 797 234 801 209 797 191 794 190 794 176 797 157 802 118 802 104 796 98 794 97 794 96 794 95 794 88 796 73 801 63 796 62 835 62 845"/>
                        </Shape>
                        <String CONTENT=""/>
                    </TextLine>

                    <TextLine ID="line_16" HPOS="52" VPOS="840" WIDTH="803" HEIGHT="64" BASELINE="53 885 855 881" TAGREFS="TYPE_1">
                        <Shape>
                            <Polygon POINTS="53 885 53 895 149 896 159 904 160 904 161 904 162 904 198 899 231 904 232 904 233 904 255 897 257 897 258 897 281 903 282 903 283 903 284 903 301 897 311 894 398 894 406 898 407 900 408 900 409 900 410 900 411 900 412 900 414 898 421 893 473 893 486 898 487 898 488 898 531 893 543 899 549 902 550 902 551 902 584 899 638 895 662 900 669 901 670 902 797 902 797 901 798 901 815 894 853 901 855 881 852 846 806 847 803 846 795 842 794 842 793 842 792 842 780 846 775 847 771 846 763 842 762 842 761 842 731 846 720 847 716 846 702 840 701 840 700 840 699 840 679 845 650 842 649 842 648 842 647 842 643 846 640 848 628 846 596 841 595 841 542 846 541 846 539 846 499 841 498 841 497 841 496 841 488 846 486 848 470 846 428 842 427 842 392 847 372 850 339 850 335 847 328 842 327 842 326 842 325 842 231 843 230 843 229 843 224 847 222 848 214 847 182 843 181 843 180 843 179 843 173 847 168 850 52 848 53 885"/>
                        </Shape>
                        <String CONTENT=""/>
                    </TextLine>

                    <TextLine ID="line_17" HPOS="55" VPOS="890" WIDTH="801" HEIGHT="62" BASELINE="55 936 856 932" TAGREFS="TYPE_1">
                        <Shape>
                            <Polygon POINTS="55 952 81 952 81 951 82 951 83 951 92 945 211 950 253 951 254 951 264 949 286 944 376 948 435 950 436 950 459 947 486 943 523 946 548 948 549 948 565 946 580 943 587 945 598 949 599 949 600 949 633 945 656 942 696 944 765 948 766 949 842 949 842 948 843 948 856 942 856 932 855 897 829 890 828 890 744 890 743 890 742 890 726 897 718 901 679 901 673 897 660 890 659 890 658 890 632 892 631 892 630 892 623 897 616 902 591 902 582 897 577 894 577 894 576 894 525 897 498 898 496 897 490 893 489 893 488 893 487 893 486 893 485 893 480 897 474 901 461 897 447 892 446 892 445 892 399 897 393 897 391 897 379 892 378 892 377 892 376 892 368 897 360 901 350 897 339 892 339 892 303 892 302 892 301 892 286 897 271 903 182 903 165 897 160 895 159 895 158 895 157 895 156 895 154 897 146 903 126 897 113 893 112 893 111 893 88 897 65 901 55 897 55 936 55 952"/>
                        </Shape>
                        <String CONTENT=""/>
                    </TextLine>

                    <TextLine ID="line_18" HPOS="48" VPOS="938" WIDTH="806" HEIGHT="63" BASELINE="49 985 854 980" TAGREFS="TYPE_1">
                        <Shape>
                            <Polygon POINTS="845 969 838 943 701 938 700 938 699 938 698 938 688 945 687 945 685 945 667 939 666 939 665 939 611 944 563 939 562 939 561 939 547 945 532 941 531 941 530 941 421 946 417 946 416 946 394 940 393 940 392 940 391 940 390 940 379 946 266 941 265 941 264 941 244 947 244 948 152 948 151 948 134 941 133 941 92 941 91 941 48 948 49 985 49 997 187 1001 188 1001 189 1001 201 997 210 995 220 997 231 1000 232 1000 233 1000 277 997 322 995 339 997 357 1000 358 1000 359 1000 364 997 372 994 391 997 401 999 402 999 421 997 461 994 477 997 485 999 486 999 487 999 488 999 490 997 495 994 543 997 556 998 557 998 566 997 609 993 618 997 619 998 620 998 621 999 683 999 683 998 769 997 770 997 771 997 778 992 852 997 854 980 852 944 850 943 845 969"/>
                        </Shape>
                        <String CONTENT=""/>
                    </TextLine>

                    <TextLine ID="line_19" HPOS="47" VPOS="989" WIDTH="807" HEIGHT="62" BASELINE="48 1034 854 1032" TAGREFS="TYPE_1">
                        <Shape>
                            <Polygon POINTS="48 1034 48 1046 288 1051 289 1051 305 1047 321 1044 338 1048 355 1051 356 1051 357 1051 367 1048 375 1045 430 1048 473 1050 474 1050 485 1048 512 1043 561 1048 562 1048 563 1048 564 1048 599 1043 614 1049 619 1050 620 1050 621 1050 639 1049 677 1045 697 1049 705 1050 706 1050 729 1049 827 1043 851 1049 854 1032 853 998 825 989 824 989 772 989 771 989 770 989 749 998 738 989 737 989 736 989 735 989 650 995 614 989 613 989 612 989 582 998 562 989 561 989 517 989 516 989 515 989 514 989 504 997 463 997 453 991 452 991 451 991 450 991 417 999 415 999 413 999 393 990 392 990 391 990 334 996 275 990 274 990 273 990 272 990 261 999 260 999 232 993 231 993 230 993 229 993 219 999 218 1000 47 1000 48 1034"/>
                        </Shape>
                        <String CONTENT=""/>
                    </TextLine>

                    <TextLine ID="line_20" HPOS="47" VPOS="1063" WIDTH="544" HEIGHT="35" BASELINE="48 1082 591 1078" TAGREFS="TYPE_1">
                        <Shape>
                            <Polygon POINTS="475 1063 470 1063 467 1066 389 1066 385 1063 377 1063 368 1063 358 1063 348 1063 339 1063 329 1063 319 1063 310 1063 305 1068 276 1068 271 1063 271 1063 261 1063 251 1063 241 1063 232 1063 222 1063 212 1063 203 1063 193 1063 183 1063 173 1063 164 1063 154 1063 153 1063 137 1069 123 1069 117 1063 115 1063 105 1063 96 1063 86 1063 76 1063 67 1063 59 1063 47 1068 48 1082 50 1098 58 1093 87 1097 96 1098 97 1098 98 1098 101 1097 111 1093 164 1096 194 1097 195 1097 216 1095 239 1092 259 1094 292 1097 293 1097 316 1093 325 1091 331 1092 342 1096 343 1096 344 1096 371 1092 376 1091 385 1091 451 1096 452 1096 453 1096 454 1096 454 1095 455 1095 459 1090 471 1095 472 1095 473 1096 585 1096 585 1095 586 1095 587 1095 587 1094 588 1094 591 1090 591 1078 589 1066 488 1066 483 1063 475 1063"/>
                        </Shape>
                        <String CONTENT=""/>
                    </TextLine>

                    <TextLine ID="line_21" HPOS="622" VPOS="1063" WIDTH="203" HEIGHT="17" BASELINE="623 1071 825 1066" TAGREFS="TYPE_1">
                        <Shape>
                            <Polygon POINTS="816 1063 807 1063 797 1063 787 1063 778 1063 768 1063 758 1063 748 1063 739 1063 729 1063 719 1063 710 1063 700 1063 690 1063 680 1063 671 1063 661 1063 651 1063 642 1063 632 1063 622 1063 623 1071 623 1080 825 1077 825 1066 824 1063 816 1063"/>
                        </Shape>
                        <String CONTENT=""/>
                    </TextLine>
</TextBlock>
                <TextBlock ID="block_5" HPOS="39" VPOS="1094" WIDTH="824" HEIGHT="446" TAGREFS="TYPE_39">
                    <Shape>
                        <Polygon POINTS="39.96353530883789 1094.8382568359375 863.7658081054688 1094.8382568359375 863.7658081054688 1540.81396484375 39.96353530883789 1540.81396484375 39.96353530883789 1094.8382568359375"/>
                    </Shape>
                    <TextLine ID="line_22" HPOS="50" VPOS="1085" WIDTH="799" HEIGHT="64" BASELINE="51 1126 849 1131" TAGREFS="TYPE_1">
                        <Shape>
                            <Polygon POINTS="51 1126 50 1136 96 1137 111 1145 112 1145 113 1145 221 1140 232 1146 233 1146 234 1146 401 1147 402 1147 403 1147 419 1140 435 1144 436 1144 437 1144 465 1140 475 1147 476 1147 477 1147 478 1147 522 1142 536 1148 537 1148 538 1148 539 1148 558 1142 640 1141 660 1146 661 1146 662 1146 663 1146 688 1141 722 1146 723 1146 766 1142 787 1149 788 1149 789 1149 790 1149 811 1142 848 1142 849 1131 848 1092 684 1088 683 1088 657 1092 638 1095 624 1092 606 1088 605 1088 604 1088 603 1088 598 1092 595 1094 589 1092 578 1089 577 1089 577 1089 576 1089 567 1092 563 1094 558 1092 548 1088 547 1088 546 1088 520 1092 514 1093 509 1092 479 1087 478 1087 447 1093 428 1096 411 1093 399 1090 398 1090 397 1090 390 1093 381 1096 377 1093 372 1088 371 1088 370 1088 369 1088 368 1088 355 1093 348 1096 276 1096 271 1093 265 1090 264 1090 263 1090 232 1093 211 1095 202 1093 183 1089 182 1089 159 1093 154 1094 151 1093 131 1085 130 1085 129 1085 128 1085 103 1093 101 1094 51 1094 51 1126"/>
                        </Shape>
                        <String CONTENT=""/>
                    </TextLine>

                    <TextLine ID="line_23" HPOS="48" VPOS="1135" WIDTH="807" HEIGHT="63" BASELINE="49 1177 855 1179" TAGREFS="TYPE_1">
                        <Shape>
                            <Polygon POINTS="49 1177 48 1187 99 1196 100 1197 223 1197 223 1196 224 1196 243 1191 262 1196 263 1196 264 1196 265 1196 281 1189 322 1194 323 1194 324 1194 342 1189 359 1196 360 1196 361 1196 362 1196 381 1189 425 1196 426 1196 427 1196 444 1189 456 1197 457 1197 458 1197 459 1198 543 1198 543 1197 543 1197 560 1190 596 1197 597 1198 625 1198 625 1197 626 1197 627 1197 637 1190 665 1190 677 1197 678 1197 679 1197 679 1197 680 1197 695 1190 726 1196 727 1196 728 1196 749 1190 854 1190 855 1179 855 1146 837 1137 836 1137 835 1137 790 1142 782 1137 781 1137 781 1137 675 1137 674 1137 673 1137 672 1137 664 1142 619 1137 618 1137 617 1137 616 1137 609 1142 593 1137 592 1137 591 1137 562 1142 551 1144 484 1145 477 1141 476 1141 475 1141 475 1141 473 1141 452 1145 443 1141 443 1140 442 1140 441 1140 441 1140 433 1140 389 1144 378 1140 375 1138 374 1138 373 1138 373 1138 368 1139 353 1143 329 1140 328 1140 286 1144 272 1138 271 1138 271 1138 269 1138 240 1144 214 1137 213 1137 212 1137 211 1137 210 1137 209 1137 198 1145 109 1145 95 1136 94 1136 93 1136 49 1135 49 1177"/>
                        </Shape>
                        <String CONTENT=""/>
                    </TextLine>

                    <TextLine ID="line_24" HPOS="50" VPOS="1186" WIDTH="804" HEIGHT="57" BASELINE="51 1230 854 1228" TAGREFS="TYPE_1">
                        <Shape>
                            <Polygon POINTS="51 1230 51 1243 853 1243 854 1228 852 1194 816 1186 815 1186 714 1191 656 1186 655 1186 654 1186 643 1193 641 1194 604 1194 602 1193 586 1186 585 1186 584 1186 533 1192 525 1193 519 1192 490 1187 489 1187 462 1192 450 1194 436 1192 408 1188 407 1188 407 1188 393 1192 384 1195 318 1195 313 1192 305 1187 304 1187 303 1187 262 1191 235 1195 208 1195 203 1191 194 1187 193 1187 192 1187 172 1191 157 1194 50 1191 51 1230"/>
                        </Shape>
                        <String CONTENT=""/>
                    </TextLine>

                    <TextLine ID="line_25" HPOS="54" VPOS="1236" WIDTH="802" HEIGHT="60" BASELINE="55 1279 856 1277" TAGREFS="TYPE_1">
                        <Shape>
                            <Polygon POINTS="55 1279 55 1289 176 1295 177 1295 178 1295 188 1290 197 1295 198 1295 199 1295 266 1289 267 1289 279 1295 280 1295 281 1296 370 1296 370 1295 399 1288 401 1288 409 1295 410 1295 411 1295 412 1296 548 1296 548 1295 586 1287 590 1287 598 1287 647 1292 648 1292 698 1287 702 1287 713 1294 713 1294 714 1294 715 1294 759 1289 828 1294 829 1294 830 1294 856 1286 856 1277 854 1246 809 1246 795 1236 794 1236 793 1236 752 1236 751 1236 750 1236 721 1245 709 1236 708 1236 707 1236 706 1236 705 1236 692 1241 641 1236 640 1236 639 1236 617 1245 591 1236 590 1236 589 1236 567 1237 566 1237 565 1237 552 1246 505 1239 504 1239 438 1243 406 1237 405 1237 404 1237 403 1237 391 1246 315 1247 237 1243 237 1243 236 1243 235 1243 228 1247 209 1239 208 1239 175 1238 174 1238 173 1238 147 1247 127 1238 126 1238 125 1238 54 1248 55 1279"/>
                        </Shape>
                        <String CONTENT=""/>
                    </TextLine>

                    <TextLine ID="line_26" HPOS="47" VPOS="1283" WIDTH="807" HEIGHT="63" BASELINE="48 1329 854 1324" TAGREFS="TYPE_1">
                        <Shape>
                            <Polygon POINTS="48 1329 48 1341 168 1346 169 1346 203 1341 210 1340 234 1341 337 1345 338 1345 369 1340 377 1339 382 1340 396 1344 397 1344 398 1344 446 1340 459 1339 465 1340 487 1344 488 1344 489 1344 506 1340 509 1339 509 1340 516 1344 517 1344 518 1344 519 1344 568 1344 569 1344 579 1340 583 1338 587 1339 598 1344 599 1344 600 1344 853 1338 854 1324 852 1292 758 1283 757 1283 756 1283 738 1291 735 1292 721 1291 657 1284 656 1284 655 1284 641 1290 634 1293 597 1290 530 1285 529 1285 528 1285 527 1285 521 1290 518 1292 460 1293 444 1289 426 1285 425 1285 400 1289 367 1295 337 1289 325 1287 324 1287 314 1289 300 1292 294 1289 290 1286 289 1286 288 1286 287 1286 286 1286 281 1289 269 1296 207 1296 189 1288 186 1287 185 1287 184 1287 47 1287 48 1329"/>
                        </Shape>
                        <String CONTENT=""/>
                    </TextLine>

                    <TextLine ID="line_27" HPOS="43" VPOS="1331" WIDTH="814" HEIGHT="65" BASELINE="44 1380 857 1375" TAGREFS="TYPE_1">
                        <Shape>
                            <Polygon POINTS="44 1380 44 1390 172 1396 173 1396 174 1396 190 1390 192 1389 194 1390 204 1395 205 1395 206 1395 254 1390 264 1389 272 1390 313 1395 314 1395 343 1389 351 1388 355 1389 368 1394 369 1394 370 1394 425 1389 451 1387 481 1389 542 1393 543 1393 581 1389 605 1386 625 1388 653 1392 654 1393 699 1393 699 1392 700 1392 713 1388 721 1385 727 1388 733 1391 734 1391 735 1391 749 1388 758 1386 764 1388 772 1391 773 1391 774 1391 856 1387 857 1375 855 1341 811 1331 810 1331 759 1336 678 1333 677 1333 676 1333 657 1342 656 1343 604 1343 604 1342 593 1335 592 1335 591 1335 590 1335 517 1341 469 1333 468 1333 467 1333 466 1333 454 1340 347 1334 346 1334 345 1334 325 1344 310 1335 309 1335 308 1335 307 1335 244 1341 213 1335 212 1335 211 1335 178 1345 175 1345 168 1345 119 1341 118 1341 117 1341 116 1341 109 1345 108 1346 43 1346 44 1380"/>
                        </Shape>
                        <String CONTENT=""/>
                    </TextLine>

                    <TextLine ID="line_28" HPOS="33" VPOS="1381" WIDTH="824" HEIGHT="64" BASELINE="34 1429 857 1423" TAGREFS="TYPE_1">
                        <Shape>
                            <Polygon POINTS="34 1429 34 1439 62 1445 63 1445 64 1445 78 1441 163 1445 164 1445 445 1437 578 1443 579 1443 606 1437 613 1442 614 1442 615 1442 616 1443 671 1443 671 1442 720 1435 835 1441 836 1441 837 1441 857 1433 857 1423 854 1382 805 1389 772 1389 762 1383 758 1381 757 1381 756 1381 755 1381 747 1383 730 1388 681 1384 676 1384 675 1384 672 1384 647 1389 626 1385 615 1383 614 1383 601 1385 576 1391 486 1391 479 1387 473 1383 472 1383 471 1383 428 1388 407 1390 404 1388 398 1384 397 1384 396 1384 395 1384 394 1384 379 1388 376 1389 373 1389 353 1384 352 1384 351 1384 342 1389 339 1391 313 1389 249 1385 248 1385 223 1391 216 1392 210 1391 183 1385 182 1385 181 1385 168 1392 164 1393 151 1392 101 1386 100 1386 99 1386 98 1386 89 1393 88 1393 67 1387 67 1387 66 1387 33 1393 34 1429"/>
                        </Shape>
                        <String CONTENT=""/>
                    </TextLine>

                    <TextLine ID="line_29" HPOS="39" VPOS="1430" WIDTH="818" HEIGHT="67" BASELINE="39 1479 857 1472" TAGREFS="TYPE_1">
                        <Shape>
                            <Polygon POINTS="41 1459 39 1479 39 1489 125 1497 126 1497 127 1497 147 1491 202 1496 203 1496 203 1496 221 1488 256 1494 257 1494 258 1494 270 1487 271 1487 307 1487 308 1487 344 1495 345 1495 392 1493 393 1493 394 1493 403 1486 404 1485 490 1485 493 1485 534 1493 535 1493 536 1493 558 1486 575 1492 576 1492 577 1493 609 1493 609 1492 610 1492 611 1492 623 1484 624 1484 674 1490 675 1490 713 1485 732 1491 733 1491 734 1491 856 1481 857 1472 855 1440 817 1430 754 1430 753 1430 545 1442 542 1442 520 1435 519 1435 518 1435 517 1435 504 1443 465 1443 458 1437 457 1437 456 1437 355 1434 354 1434 353 1434 338 1441 251 1435 250 1435 249 1435 214 1445 212 1445 211 1445 175 1438 174 1438 141 1445 138 1446 44 1446 41 1459"/>
                        </Shape>
                        <String CONTENT=""/>
                    </TextLine>

                    <TextLine ID="line_30" HPOS="34" VPOS="1480" WIDTH="823" HEIGHT="72" BASELINE="35 1529 857 1521" TAGREFS="TYPE_1">
                        <Shape>
                            <Polygon POINTS="35 1529 35 1547 76 1545 83 1548 84 1549 85 1549 86 1549 87 1550 87 1549 88 1549 89 1549 90 1548 96 1545 111 1547 124 1550 125 1550 126 1550 131 1547 141 1543 207 1543 217 1546 230 1552 231 1552 232 1552 233 1552 234 1552 242 1546 243 1546 249 1546 287 1552 288 1552 289 1552 310 1546 321 1542 326 1546 335 1551 336 1551 337 1551 338 1551 339 1551 350 1546 367 1551 368 1551 369 1551 370 1551 389 1545 392 1544 397 1545 438 1551 439 1551 440 1551 463 1544 469 1542 483 1543 547 1550 548 1550 568 1549 569 1549 570 1549 579 1542 581 1541 589 1542 624 1547 625 1547 626 1547 645 1541 654 1538 682 1538 687 1541 699 1548 700 1548 701 1548 702 1549 720 1549 720 1548 768 1540 778 1538 781 1539 796 1546 797 1546 798 1546 857 1538 857 1521 855 1482 754 1480 753 1480 752 1480 743 1483 729 1488 692 1484 658 1481 657 1481 628 1485 604 1489 584 1486 557 1482 556 1482 555 1482 554 1482 549 1487 544 1490 508 1487 446 1483 445 1483 444 1483 443 1483 437 1489 436 1490 431 1489 419 1485 418 1485 417 1485 416 1485 415 1485 410 1489 407 1492 347 1492 343 1490 328 1485 327 1485 326 1485 325 1485 312 1491 309 1493 236 1493 234 1492 207 1486 206 1486 205 1486 194 1491 181 1486 180 1486 179 1486 178 1486 163 1493 163 1494 34 1495 35 1529"/>
                        </Shape>
                        <String CONTENT=""/>
                    </TextLine>
</TextBlock>
                <TextBlock ID="block_1" HPOS="649" VPOS="1536" WIDTH="64" HEIGHT="49" TAGREFS="TYPE_4">
                    <Shape>
                        <Polygon POINTS="649.8881225585938 1536.8851318359375 713.2356567382812 1536.8851318359375 713.2356567382812 1585.0224609375 649.8881225585938 1585.0224609375 649.8881225585938 1536.8851318359375"/>
                    </Shape>
                    <TextLine ID="line_31" HPOS="655" VPOS="1527" WIDTH="47" HEIGHT="77" BASELINE="655 1573 702 1573" TAGREFS="TYPE_1">
                        <Shape>
                            <Polygon POINTS="655 1573 655 1604 702 1599 702 1573 702 1536 671 1527 670 1527 669 1527 668 1527 655 1530 655 1573"/>
                        </Shape>
                        <String CONTENT=""/>
                    </TextLine>
</TextBlock>
            </PrintSpace>
        </Page>
    </Layout>
</alto>