<?xml version="1.0" encoding="UTF-8"?>
<alto xmlns:xsi="http://www.w3.org/2001/XMLSchema-instance"
      xmlns="http://www.loc.gov/standards/alto/ns-v4#"
      xsi:schemaLocation="http://www.loc.gov/standards/alto/ns-v4# http://www.loc.gov/standards/alto/v4/alto-4-2.xsd">
  <Description>
    <MeasurementUnit>pixel</MeasurementUnit>
    <sourceImageInformation>
      <fileName>bsb00027764_00159.jpg</fileName>
    </sourceImageInformation>
  </Description>
  <Tags>
    <OtherTag ID="BT7" LABEL="CustomZone" DESCRIPTION="block type CustomZone"/><OtherTag ID="BT8" LABEL="DamageZone" DESCRIPTION="block type DamageZone"/><OtherTag ID="BT9" LABEL="DigitizationArtefactZone" DESCRIPTION="block type DigitizationArtefactZone"/><OtherTag ID="BT10" LABEL="DropCapitalZone" DESCRIPTION="block type DropCapitalZone"/><OtherTag ID="BT11" LABEL="GraphicZone" DESCRIPTION="block type GraphicZone"/><OtherTag ID="BT12" LABEL="MainZone" DESCRIPTION="block type MainZone"/><OtherTag ID="BT13" LABEL="MarginTextZone" DESCRIPTION="block type MarginTextZone"/><OtherTag ID="BT14" LABEL="MusicZone" DESCRIPTION="block type MusicZone"/><OtherTag ID="BT15" LABEL="NumberingZone" DESCRIPTION="block type NumberingZone"/><OtherTag ID="BT17" LABEL="QuireMarksZone" DESCRIPTION="block type QuireMarksZone"/><OtherTag ID="BT18" LABEL="RunningTitleZone" DESCRIPTION="block type RunningTitleZone"/><OtherTag ID="BT19" LABEL="SealZone" DESCRIPTION="block type SealZone"/><OtherTag ID="BT20" LABEL="StampZone" DESCRIPTION="block type StampZone"/><OtherTag ID="BT21" LABEL="TableZone" DESCRIPTION="block type TableZone"/><OtherTag ID="BT22" LABEL="TitlePageZone" DESCRIPTION="block type TitlePageZone"/><OtherTag ID="BT3014" LABEL="MainZone-P-Continued" DESCRIPTION="block type MainZone-P-Continued"/><OtherTag ID="BT3015" LABEL="MainZone-Sp-Continued" DESCRIPTION="block type MainZone-Sp-Continued"/><OtherTag ID="BT3016" LABEL="MainZone-Sp" DESCRIPTION="block type MainZone-Sp"/><OtherTag ID="BT3017" LABEL="MainZone-P" DESCRIPTION="block type MainZone-P"/><OtherTag ID="BT3018" LABEL="MarginTextZone-ManuscriptAddendum" DESCRIPTION="block type MarginTextZone-ManuscriptAddendum"/><OtherTag ID="BT3019" LABEL="MarginTextZone-Notes" DESCRIPTION="block type MarginTextZone-Notes"/><OtherTag ID="BT3020" LABEL="MainZone-Head" DESCRIPTION="block type MainZone-Head"/><OtherTag ID="BT3021" LABEL="text" DESCRIPTION="block type text"/>
    <OtherTag ID="LT7" LABEL="CustomLine" DESCRIPTION="line type CustomLine"/><OtherTag ID="LT8" LABEL="DefaultLine" DESCRIPTION="line type DefaultLine"/><OtherTag ID="LT9" LABEL="DropCapitalLine" DESCRIPTION="line type DropCapitalLine"/><OtherTag ID="LT10" LABEL="HeadingLine" DESCRIPTION="line type HeadingLine"/><OtherTag ID="LT11" LABEL="InterlinearLine" DESCRIPTION="line type InterlinearLine"/><OtherTag ID="LT12" LABEL="MusicLine" DESCRIPTION="line type MusicLine"/><OtherTag ID="LT952" LABEL="default" DESCRIPTION="line type default"/>
  </Tags>
  <Layout>
    <Page WIDTH="1200"
          HEIGHT="1896"
          PHYSICAL_IMG_NR="4"
          ID="eSc_dummypage_">
      <PrintSpace HPOS="0"
                  VPOS="0"
                  WIDTH="1200"
                  HEIGHT="1896">
        <TextBlock HPOS="85"
                   VPOS="147"
                   WIDTH="646"
                   HEIGHT="65"
                   ID="block_2"
                   TAGREFS="BT18">
          <Shape><Polygon POINTS="731 147 731 212 85 212 85 147"/></Shape>
          <TextLine ID="line_0"
                    TAGREFS="LT8"
                    BASELINE="88 184 533 200 720 196" 
                    HPOS="85"
                    VPOS="148"
                    WIDTH="634"
                    HEIGHT="76">
            <Shape><Polygon POINTS="490 148 433 153 384 148 86 148 85 195 191 199 205 211 249 203 384 216 420 210 430 218 539 210 547 219 570 211 602 222 608 222 618 214 664 224 717 213 719 195 714 153 662 159 611 151 496 154 490 148"/></Shape>
            <String CONTENT="IN EPI. PAV. AD TIM, I."
                    HPOS="85"
                    VPOS="148"
                    WIDTH="634"
                    HEIGHT="76"
                    ></String>
          </TextLine>
        </TextBlock>
        <TextBlock HPOS="758"
                   VPOS="163"
                   WIDTH="88"
                   HEIGHT="46"
                   ID="eSc_textblock_829a2edd"
                   TAGREFS="BT15">
          <Shape><Polygon POINTS="758 163 758 209 846 209 846 163"/></Shape>
          <TextLine ID="eSc_line_245c7cf1"
                    TAGREFS="LT8"
                    BASELINE="764 195 834 194" 
                    HPOS="762"
                    VPOS="139"
                    WIDTH="71"
                    HEIGHT="66">
            <Shape><Polygon POINTS="763 205 833 203 833 192 828 139 762 148 763 194"/></Shape>
            <String CONTENT="80"
                    HPOS="762"
                    VPOS="139"
                    WIDTH="71"
                    HEIGHT="66"
                    ></String>
          </TextLine>
        </TextBlock>
        <TextBlock HPOS="39"
                   VPOS="212"
                   WIDTH="804"
                   HEIGHT="114"
                   ID="block_4"
                   TAGREFS="BT3014">
          <Shape><Polygon POINTS="843 212 843 326 39 318 45 212"/></Shape>
          <TextLine ID="line_1"
                    TAGREFS="LT8"
                    BASELINE="49 243 471 261 839 257" 
                    HPOS="48.0"
                    VPOS="220.0"
                    WIDTH="791.0"
                    HEIGHT="65.0">
            <Shape><Polygon POINTS="745 224 739 225 712 231 698 225 696 224 692 224 681 224 678 224 633 230 619 224 618 224 607 224 597 224 586 224 576 224 573 224 508 229 363 227 353 224 344 224 333 224 323 224 316 224 313 225 308 224 302 224 291 224 281 224 270 224 260 224 249 224 243 224 239 224 228 224 218 224 207 224 197 224 186 224 175 224 165 224 154 224 144 224 133 224 123 224 112 224 102 224 91 224 81 224 70 224 60 224 58 220 49 220 49 243 48 260 213 263 234 270 235 270 237 270 238 270 260 265 277 271 278 271 279 271 296 268 309 277 310 277 311 277 312 277 313 277 336 268 347 278 348 278 349 278 350 279 391 279 391 278 392 278 394 278 407 269 455 280 456 280 517 273 530 281 532 281 564 282 565 282 624 277 700 284 701 284 762 274 809 285 810 285 811 285 838 274 839 257 838 226 746 224 745 224"/></Shape>
            <String CONTENT="imò &amp; te dominumi, &amp; regem in ipſo, qui potens ſis"
                    HPOS="48.0"
                    VPOS="220.0"
                    WIDTH="791.0"
                    HEIGHT="65.0"
                    ></String>
          </TextLine>
          <TextLine ID="line_2"
                    TAGREFS="LT8"
                    BASELINE="50 300 440 311 690 312" 
                    HPOS="49.0"
                    VPOS="263.0"
                    WIDTH="641.0"
                    HEIGHT="67.0">
            <Shape><Polygon POINTS="50 294 50 300 49 315 88 320 89 320 103 317 122 312 142 318 154 321 155 321 156 321 178 318 204 314 235 319 272 324 273 324 274 324 276 324 281 320 284 317 299 320 324 325 325 325 345 321 358 318 375 321 406 327 407 327 451 322 464 321 473 322 501 329 502 329 536 324 548 330 549 330 551 330 689 325 690 312 690 284 556 284 552 281 535 273 534 273 502 272 501 272 500 272 473 280 466 281 313 279 307 277 266 267 265 267 187 274 184 274 182 274 147 265 146 265 145 265 144 265 125 273 112 265 111 265 110 265 76 263 75 263 74 263 55 270 50 294"/></Shape>
            <String CONTENT="lupra peccatũ, mortem, &amp; infernum &amp;c."
                    HPOS="49.0"
                    VPOS="263.0"
                    WIDTH="641.0"
                    HEIGHT="67.0"
                    ></String>
          </TextLine>
        </TextBlock>
        <TextBlock HPOS="235"
                   VPOS="329"
                   WIDTH="414"
                   HEIGHT="52"
                   ID="eSc_textblock_393eb7b1"
                   TAGREFS="BT3020">
          <Shape><Polygon POINTS="235 329 235 381 649 381 649 329"/></Shape>
          <TextLine ID="line_3"
                    TAGREFS="LT8"
                    BASELINE="251 366 646 370" 
                    HPOS="244"
                    VPOS="348"
                    WIDTH="402"
                    HEIGHT="37">
            <Shape><Polygon POINTS="624 348 623 348 612 353 605 348 603 348 596 348 586 353 569 348 561 348 554 348 541 352 537 348 529 348 519 348 515 348 483 352 469 348 466 348 456 348 445 348 416 352 414 352 412 352 408 348 403 348 392 348 382 348 371 348 361 348 350 348 340 348 329 348 323 348 245 350 245 368 244 376 482 385 483 385 645 378 646 370 646 354 626 348 625 348"/></Shape>
            <String CONTENT="Ne diuerſam, &amp;c."
                    HPOS="244"
                    VPOS="348"
                    WIDTH="402"
                    HEIGHT="37"
                    ></String>
          </TextLine>
        </TextBlock>
        <TextBlock HPOS="28"
                   VPOS="377"
                   WIDTH="883"
                   HEIGHT="1206"
                   ID="block_1"
                   TAGREFS="BT3017">
          <Shape><Polygon POINTS="911 1583 28 1579 47 377 844 385 831 1487 906 1489"/></Shape>
          <TextLine ID="line_4"
                    TAGREFS="LT8"
                    BASELINE="75 411 347 424 841 422" 
                    HPOS="74.0"
                    VPOS="372.0"
                    WIDTH="767.0"
                    HEIGHT="70.0">
            <Shape><Polygon POINTS="75 411 74 426 178 428 212 439 213 439 214 439 215 439 231 430 282 440 283 441 407 441 407 440 408 440 434 430 445 440 446 440 447 440 484 441 485 441 526 435 537 440 538 440 539 440 592 436 604 442 605 442 606 442 652 432 671 440 672 440 673 440 674 440 693 435 720 440 721 440 722 440 723 440 734 433 735 432 738 433 760 439 761 439 762 439 840 433 841 422 840 390 821 390 820 389 803 378 802 378 801 378 800 378 799 378 777 384 665 382 664 382 644 385 620 389 598 384 597 384 596 384 595 384 594 384 593 384 573 390 559 383 552 380 551 380 549 380 530 383 490 389 460 381 459 381 458 381 457 381 456 381 455 381 443 389 319 389 283 379 282 379 281 379 237 387 204 374 203 374 202 374 75 372 75 411"/></Shape>
            <String CONTENT="Vel ne aliam ſequantur doctrinam, ut uetus habet"
                    HPOS="74.0"
                    VPOS="372.0"
                    WIDTH="767.0"
                    HEIGHT="70.0"
                    WC="0.9862913303077221"></String>
          </TextLine>
          <TextLine ID="line_5"
                    TAGREFS="LT8"
                    BASELINE="49 456 279 472 842 470" 
                    HPOS="48.0"
                    VPOS="428.0"
                    WIDTH="794.0"
                    HEIGHT="63.0">
            <Shape><Polygon POINTS="49 456 48 476 408 489 409 490 508 490 508 489 509 489 535 482 561 488 562 488 563 488 705 483 780 491 781 491 841 481 842 470 842 447 818 433 817 433 816 433 815 433 814 433 780 443 745 441 744 441 743 441 742 441 737 445 735 447 699 446 697 444 685 436 684 436 683 436 682 436 681 436 659 444 657 444 656 443 641 433 640 433 639 433 638 433 637 433 610 442 597 446 589 442 575 432 574 432 573 432 572 432 571 432 541 441 526 445 468 445 458 440 457 440 456 440 408 445 369 438 368 438 367 438 366 438 355 445 322 445 302 435 298 432 297 432 296 432 294 432 290 433 262 444 211 435 210 435 209 435 198 440 187 431 185 429 184 429 183 429 49 428 49 456"/></Shape>
            <String CONTENT="translatio. Ne aliter doceret, prædicationi euangeli¬"
                    HPOS="48.0"
                    VPOS="428.0"
                    WIDTH="794.0"
                    HEIGHT="63.0"
                    WC="0.9923320491358919"></String>
          </TextLine>
          <TextLine ID="line_6"
                    TAGREFS="LT8"
                    BASELINE="60 508 312 523 840 520" 
                    HPOS="60.0"
                    VPOS="476.0"
                    WIDTH="780.0"
                    HEIGHT="65.0">
            <Shape><Polygon POINTS="60 508 60 527 125 527 151 538 152 538 153 538 194 530 316 539 317 539 388 534 490 539 492 539 493 539 512 532 525 537 526 537 527 537 589 531 611 540 612 540 613 540 703 532 759 541 760 541 761 541 780 531 839 531 840 520 839 492 815 486 814 486 813 486 783 490 778 491 776 490 768 486 766 486 765 486 740 490 729 491 723 489 698 480 697 480 660 479 598 479 597 479 596 479 595 479 585 486 579 491 493 491 447 484 422 480 421 480 420 480 412 483 396 489 362 482 351 480 350 480 349 480 348 480 347 481 336 490 318 490 303 484 302 484 301 484 279 488 267 480 265 478 264 478 263 478 230 478 229 478 228 478 227 478 226 479 213 487 188 478 184 477 183 477 182 477 181 477 176 478 152 484 140 477 139 476 138 476 136 476 60 476 60 508"/></Shape>
            <String CONTENT="cæ ſiue fidei nihil uult addi, quantacũ ſpecie pieta¬"
                    HPOS="60.0"
                    VPOS="476.0"
                    WIDTH="780.0"
                    HEIGHT="65.0"
                    WC="0.9877085631543939"></String>
          </TextLine>
          <TextLine ID="line_7"
                    TAGREFS="LT8"
                    BASELINE="51 555 158 567 258 571 839 568" 
                    HPOS="51.0"
                    VPOS="526.0"
                    WIDTH="788.0"
                    HEIGHT="64.0">
            <Shape><Polygon POINTS="51 577 127 577 128 577 143 589 144 589 145 589 146 589 147 589 176 579 257 589 258 590 303 590 303 589 304 589 305 589 311 583 321 589 322 589 323 589 324 589 382 584 395 588 396 588 397 588 438 582 547 589 548 589 549 589 551 589 565 580 606 580 631 589 632 589 633 589 634 589 635 589 645 580 664 586 665 586 666 586 667 586 700 577 752 584 753 584 838 576 839 568 838 540 811 529 810 529 809 529 808 529 782 539 780 539 778 539 758 534 757 534 756 534 755 534 754 534 748 538 746 539 745 538 732 528 731 528 730 528 706 526 705 526 645 537 628 539 619 536 600 529 599 529 598 529 597 529 585 536 579 539 574 535 562 526 561 526 560 526 536 526 535 526 534 526 519 534 508 540 439 540 419 532 416 531 415 531 414 531 390 531 380 532 379 532 378 532 368 540 278 540 265 529 264 528 263 528 262 528 239 528 238 528 237 528 233 529 193 539 161 536 150 527 149 526 148 526 147 526 51 526 51 555 51 577"/></Shape>
            <String CONTENT="tis: id quod tũ quo nitebantur pſeudapoſtoli. Vnde"
                    HPOS="51.0"
                    VPOS="526.0"
                    WIDTH="788.0"
                    HEIGHT="64.0"
                    WC="0.996084519303762"></String>
          </TextLine>
          <TextLine ID="line_8"
                    TAGREFS="LT8"
                    BASELINE="57 605 172 619 248 622 840 619" 
                    HPOS="57.0"
                    VPOS="576.0"
                    WIDTH="783.0"
                    HEIGHT="63.0">
            <Shape><Polygon POINTS="57 625 222 629 250 638 251 638 252 639 448 639 448 638 449 638 477 628 489 638 490 638 492 638 493 638 494 638 509 631 524 638 525 638 526 638 564 631 602 638 603 638 674 626 683 625 724 626 734 626 764 638 765 638 766 638 768 638 787 628 821 633 822 633 823 633 840 626 840 619 838 590 804 589 795 582 794 582 793 582 792 582 791 582 770 587 754 576 753 576 752 576 706 576 705 576 704 576 703 576 703 577 696 582 689 577 687 577 686 577 685 577 638 586 620 590 567 590 561 585 557 581 556 581 555 581 535 581 534 581 533 581 532 581 528 584 520 590 504 590 486 583 474 579 473 579 471 579 470 579 469 579 465 583 456 589 410 583 409 583 336 589 299 581 298 581 297 581 280 590 220 590 199 578 195 576 194 576 193 576 192 576 180 578 153 582 138 577 134 576 133 576 57 576 57 605 57 625"/></Shape>
            <String CONTENT="uit ad Gal. 1. Etiã ſi angelus è cœlis &amp;c. Nimirũ præ¬"
                    HPOS="57.0"
                    VPOS="576.0"
                    WIDTH="783.0"
                    HEIGHT="63.0"
                    ></String>
          </TextLine>
          <TextLine ID="line_9"
                    TAGREFS="LT8"
                    BASELINE="55 657 256 672 835 666" 
                    HPOS="55.0"
                    VPOS="623.0"
                    WIDTH="780.0"
                    HEIGHT="64.0">
            <Shape><Polygon POINTS="55 678 167 678 178 686 179 686 180 686 181 687 469 687 469 686 518 681 546 686 547 686 548 686 572 681 596 685 597 685 598 685 611 679 667 684 669 684 703 677 788 677 814 683 815 683 816 683 817 683 835 676 835 666 833 623 808 623 807 623 805 623 765 637 738 624 737 624 736 624 700 626 699 626 678 637 646 627 645 627 644 627 643 627 620 638 572 638 559 626 558 626 557 626 556 626 508 635 457 626 456 626 407 629 406 629 405 629 395 637 363 631 362 631 361 631 360 631 351 638 234 638 222 628 221 628 220 628 167 623 55 623 55 657 55 678"/></Shape>
            <String CONTENT="ſentiebat fidem Chriſti, doctrinis humanis abolendã,"
                    HPOS="55.0"
                    VPOS="623.0"
                    WIDTH="780.0"
                    HEIGHT="64.0"
                    ></String>
          </TextLine>
          <TextLine ID="line_10"
                    TAGREFS="LT8"
                    BASELINE="56 702 145 716 292 722 838 715" 
                    HPOS="56.0"
                    VPOS="674.0"
                    WIDTH="782.0"
                    HEIGHT="65.0">
            <Shape><Polygon POINTS="56 728 409 739 410 739 535 732 556 738 557 738 558 738 559 738 583 728 617 736 618 736 675 726 788 737 789 737 790 737 791 737 807 725 838 723 838 715 836 674 819 674 818 674 817 674 816 674 793 687 736 675 735 675 707 680 696 675 695 675 694 675 693 675 669 687 636 683 635 683 634 683 633 683 621 693 526 694 499 677 498 677 497 677 496 677 495 677 494 677 469 694 385 681 384 681 383 681 356 696 289 696 274 686 273 686 272 686 271 686 270 686 269 686 259 696 238 696 162 688 145 678 144 678 143 678 57 678 56 702 56 728"/></Shape>
            <String CONTENT="ut factum cernimus. Idcirco ſumme notandum, quod"
                    HPOS="56.0"
                    VPOS="674.0"
                    WIDTH="782.0"
                    HEIGHT="65.0"
                    ></String>
          </TextLine>
          <TextLine ID="line_12"
                    TAGREFS="LT8"
                    BASELINE="52 750 242 772 462 773 833 761" 
                    HPOS="49"
                    VPOS="718"
                    WIDTH="782"
                    HEIGHT="73">
            <Shape><Polygon POINTS="50 748 50 775 181 778 200 791 561 791 611 778 664 790 679 775 830 774 831 759 828 733 755 731 733 718 684 728 662 718 656 718 632 736 611 736 580 718 573 718 556 734 414 725 392 736 311 736 284 725 172 734 153 718 49 718 50 748"/></Shape>
            <String CONTENT="hic dicit, ædificationem dei eſſe perfidem, ſentiens re¬"
                    HPOS="49"
                    VPOS="718"
                    WIDTH="782"
                    HEIGHT="73"
                    ></String>
          </TextLine>
          <TextLine ID="line_13"
                    TAGREFS="LT8"
                    BASELINE="58 802 194 819 339 823 832 811" 
                    HPOS="58.0"
                    VPOS="771.0"
                    WIDTH="774.0"
                    HEIGHT="69.0">
            <Shape><Polygon POINTS="58 827 162 827 237 840 238 840 290 835 325 839 326 839 327 839 328 839 336 833 362 838 363 838 488 837 489 837 510 827 528 836 529 836 530 836 573 828 608 833 610 833 611 833 626 826 644 833 645 833 646 833 647 833 678 822 705 826 706 826 832 819 832 811 828 779 823 781 821 779 812 771 811 771 810 771 809 771 808 771 781 779 766 783 753 779 745 777 744 777 743 777 742 777 741 777 739 779 731 785 703 779 693 777 692 777 691 777 685 779 669 786 644 779 634 776 633 776 632 776 631 776 621 779 586 791 557 779 544 774 543 774 542 774 541 774 530 779 513 787 497 779 496 779 495 779 494 779 464 793 340 793 319 783 318 783 317 783 316 783 315 783 297 795 254 795 223 792 207 781 206 781 205 781 204 781 203 781 183 788 58 779 58 802 58 827"/></Shape>
            <String CONTENT="liqua omnia, quæ docentur, eſſe deſtructionem. Aedi¬"
                    HPOS="58.0"
                    VPOS="771.0"
                    WIDTH="774.0"
                    HEIGHT="69.0"
                    ></String>
          </TextLine>
          <TextLine ID="line_15"
                    TAGREFS="LT8"
                    BASELINE="56 858 200 871 340 874 834 859" 
                    HPOS="53"
                    VPOS="813"
                    WIDTH="780"
                    HEIGHT="79">
            <Shape><Polygon POINTS="55 857 55 881 295 892 297 892 833 872 833 857 831 827 788 813 787 813 785 813 784 813 757 826 724 818 722 818 720 818 671 829 621 818 619 818 618 818 588 831 562 821 561 821 559 821 558 821 531 832 336 827 335 827 333 827 292 837 254 829 252 829 251 829 224 837 189 823 188 823 186 823 53 823 55 857"/></Shape>
            <String CONTENT="ficatio eſt doctrina ſalutis: deſtructio, impia doctrina,"
                    HPOS="53"
                    VPOS="813"
                    WIDTH="780"
                    HEIGHT="79"
                    ></String>
          </TextLine>
          <TextLine ID="line_16"
                    TAGREFS="LT8"
                    BASELINE="58 906 233 922 375 923 834 906" 
                    HPOS="57.0"
                    VPOS="863.0"
                    WIDTH="777.0"
                    HEIGHT="79.0">
            <Shape><Polygon POINTS="58 906 58 929 191 927 192 927 225 942 226 942 227 942 228 942 249 936 400 939 401 939 438 931 446 937 447 937 448 937 449 937 450 937 451 937 461 932 512 933 513 933 514 933 515 933 515 932 519 929 526 934 527 934 528 934 529 934 530 934 546 927 580 930 581 930 582 930 583 930 593 923 632 927 633 927 634 927 652 920 773 932 774 932 775 932 776 932 791 920 799 924 800 924 801 924 802 924 834 915 834 906 830 863 814 872 804 865 803 865 802 865 801 865 769 866 768 866 732 879 692 866 691 866 690 866 689 866 647 882 622 873 621 873 620 873 619 873 596 882 575 874 574 874 573 874 572 874 546 886 519 874 518 874 517 874 516 874 456 890 396 890 367 880 366 880 365 880 364 880 343 892 302 892 292 884 291 884 290 884 289 884 288 884 265 892 251 880 250 880 249 880 248 880 247 880 208 893 175 880 174 880 173 880 172 880 154 884 145 876 144 876 143 876 142 876 57 876 58 906"/></Shape>
            <String CONTENT="&amp; ſalutis uaſtatio, ut ſæpe uides in Paulo. Hanc fidei"
                    HPOS="57.0"
                    VPOS="863.0"
                    WIDTH="777.0"
                    HEIGHT="79.0"
                    ></String>
          </TextLine>
          <TextLine ID="line_18"
                    TAGREFS="LT8"
                    BASELINE="54 957 269 972 394 972 834 959" 
                    HPOS="52"
                    VPOS="916"
                    WIDTH="781"
                    HEIGHT="74">
            <Shape><Polygon POINTS="53 955 53 978 218 990 219 990 477 989 619 976 641 985 643 985 645 985 646 985 648 985 665 973 719 973 773 984 774 984 776 984 777 984 798 970 831 970 833 957 828 916 777 927 596 917 594 917 592 917 537 935 474 935 434 927 433 927 431 927 407 936 205 936 170 924 169 924 167 924 166 924 143 933 132 924 132 922 131 922 129 922 128 922 52 924 53 955"/></Shape>
            <String CONTENT="ædificationem duo hominum genera impediunt, uel"
                    HPOS="52"
                    VPOS="916"
                    WIDTH="781"
                    HEIGHT="74"
                    ></String>
          </TextLine>
          <TextLine ID="line_19"
                    TAGREFS="LT8"
                    BASELINE="56 999 175 1017 304 1022 834 1008" 
                    HPOS="56.0"
                    VPOS="965.0"
                    WIDTH="778.0"
                    HEIGHT="74.0">
            <Shape><Polygon POINTS="56 1027 150 1027 174 1039 175 1039 176 1039 178 1039 201 1029 221 1036 222 1036 304 1038 305 1038 429 1036 430 1036 449 1028 512 1032 513 1032 514 1032 532 1024 581 1034 582 1034 583 1034 608 1023 622 1029 623 1029 624 1029 680 1022 700 1032 701 1032 702 1032 703 1032 719 1023 834 1017 834 1008 833 983 800 970 799 970 798 970 797 970 770 978 739 965 738 965 712 965 711 965 710 965 679 981 675 984 644 985 634 981 603 969 602 969 580 969 579 969 578 969 546 980 528 988 492 988 473 979 468 978 467 978 466 978 465 978 464 978 462 979 446 989 338 981 337 981 336 981 316 991 280 984 279 984 219 992 197 977 195 976 194 976 193 976 56 976 56 999 56 1027"/></Shape>
            <String CONTENT="etiam deſtruunt ædificata. Nam alij docent fidere in"
                    HPOS="56.0"
                    VPOS="965.0"
                    WIDTH="778.0"
                    HEIGHT="74.0"
                    ></String>
          </TextLine>
          <TextLine ID="line_20"
                    TAGREFS="LT8"
                    BASELINE="64 1057 304 1073 832 1058" 
                    HPOS="63.0"
                    VPOS="1018.0"
                    WIDTH="769.0"
                    HEIGHT="73.0">
            <Shape><Polygon POINTS="64 1057 64 1075 179 1075 207 1090 208 1090 209 1091 233 1091 233 1090 234 1090 235 1090 247 1082 329 1089 330 1089 331 1089 344 1082 412 1088 414 1088 415 1088 416 1088 426 1079 485 1087 486 1087 487 1087 512 1079 583 1081 584 1081 616 1075 631 1084 632 1084 633 1084 634 1084 635 1084 663 1072 684 1081 685 1081 686 1081 687 1081 725 1070 798 1079 799 1079 800 1079 832 1067 832 1058 830 1018 789 1018 788 1018 787 1018 785 1018 776 1024 751 1019 750 1019 749 1019 748 1019 733 1029 715 1019 714 1019 713 1019 712 1019 711 1019 690 1034 667 1028 666 1028 665 1028 538 1038 506 1029 505 1029 504 1029 503 1029 482 1040 465 1040 431 1028 430 1028 429 1028 428 1028 395 1041 371 1041 359 1033 358 1033 357 1033 356 1033 355 1033 353 1033 343 1041 316 1042 256 1042 243 1034 242 1034 241 1034 240 1034 239 1034 215 1042 198 1028 197 1028 195 1028 194 1028 193 1028 174 1038 160 1025 159 1025 158 1025 156 1025 63 1025 64 1057"/></Shape>
            <String CONTENT="operibus legis: quia lex à deo data, non poteſt nõ eſſe"
                    HPOS="63.0"
                    VPOS="1018.0"
                    WIDTH="769.0"
                    HEIGHT="73.0"
                    WC="0.9862636212717023"></String>
          </TextLine>
          <TextLine ID="line_21"
                    TAGREFS="LT8"
                    BASELINE="61 1097 134 1114 280 1122 833 1106" 
                    HPOS="61.0"
                    VPOS="1068.0"
                    WIDTH="772.0"
                    HEIGHT="76.0">
            <Shape><Polygon POINTS="61 1127 187 1127 230 1143 231 1143 232 1144 254 1144 254 1143 256 1143 269 1136 302 1142 303 1142 401 1140 402 1140 422 1132 515 1138 516 1138 517 1138 518 1138 539 1124 593 1123 636 1135 637 1135 638 1135 639 1135 640 1135 655 1122 678 1120 717 1134 718 1134 719 1134 720 1134 749 1118 764 1124 765 1124 766 1124 833 1113 833 1106 829 1070 805 1076 787 1071 785 1071 784 1071 783 1071 759 1080 738 1071 731 1068 730 1068 729 1068 728 1068 726 1068 726 1069 723 1071 718 1076 692 1073 691 1073 690 1073 689 1073 674 1085 644 1079 643 1079 642 1079 622 1085 585 1073 579 1071 578 1071 577 1071 576 1071 575 1071 573 1073 552 1088 517 1074 516 1074 515 1074 514 1074 484 1089 397 1084 396 1084 395 1084 369 1091 353 1084 352 1084 351 1084 315 1093 286 1093 267 1078 266 1078 265 1078 264 1078 263 1078 234 1091 181 1082 180 1082 179 1082 178 1082 170 1089 123 1079 122 1079 121 1079 61 1080 61 1097 61 1127"/></Shape>
            <String CONTENT="bona &amp; neceſſaria. Quibus reſpondet, quod uſum le¬"
                    HPOS="61.0"
                    VPOS="1068.0"
                    WIDTH="772.0"
                    HEIGHT="76.0"
                    ></String>
          </TextLine>
          <TextLine ID="line_22"
                    TAGREFS="LT8"
                    BASELINE="55 1153 208 1169 316 1172 832 1156" 
                    HPOS="54.0"
                    VPOS="1117.0"
                    WIDTH="778.0"
                    HEIGHT="73.0">
            <Shape><Polygon POINTS="55 1153 55 1175 178 1176 199 1190 200 1190 201 1190 202 1190 250 1180 348 1188 349 1188 422 1179 463 1186 464 1186 465 1186 486 1176 500 1182 501 1182 502 1182 503 1182 526 1176 554 1181 555 1181 601 1171 631 1171 653 1181 654 1181 655 1181 656 1181 680 1173 739 1180 740 1180 741 1180 742 1180 763 1168 795 1172 796 1172 797 1172 832 1161 832 1156 830 1135 817 1135 816 1134 790 1117 789 1117 788 1117 787 1117 785 1117 784 1117 764 1133 750 1133 716 1133 667 1118 666 1118 665 1118 664 1118 635 1133 632 1135 591 1137 580 1133 565 1126 564 1126 563 1126 562 1126 543 1132 521 1140 513 1135 512 1135 510 1135 509 1135 385 1142 377 1136 376 1136 375 1136 332 1134 331 1134 330 1134 329 1134 319 1143 287 1144 260 1138 259 1138 258 1138 257 1138 244 1144 199 1130 197 1129 195 1129 194 1129 193 1129 190 1130 161 1138 131 1129 127 1128 126 1128 125 1128 54 1128 55 1153"/></Shape>
            <String CONTENT="gis bonæ ignorent. Fidem oportet doceri, ſine qua le¬"
                    HPOS="54.0"
                    VPOS="1117.0"
                    WIDTH="778.0"
                    HEIGHT="73.0"
                    WC="0.9942972502618466"></String>
          </TextLine>
          <TextLine ID="line_23"
                    TAGREFS="LT8"
                    BASELINE="63 1205 102 1205 183 1218 287 1221 414 1221 832 1207" 
                    HPOS="61.0"
                    VPOS="1167.0"
                    WIDTH="771.0"
                    HEIGHT="74.0">
            <Shape><Polygon POINTS="63 1205 63 1230 178 1229 180 1229 215 1241 217 1241 218 1241 219 1241 244 1232 263 1239 264 1239 265 1239 308 1233 321 1238 322 1238 323 1238 359 1233 398 1238 399 1238 400 1238 415 1231 468 1237 469 1237 470 1237 501 1228 529 1236 530 1236 532 1236 564 1229 596 1234 597 1234 598 1234 625 1223 631 1221 671 1221 674 1222 686 1232 687 1232 689 1232 690 1232 691 1232 715 1226 746 1231 748 1231 749 1231 750 1231 760 1221 761 1221 771 1221 797 1222 798 1222 799 1222 802 1221 812 1216 830 1220 832 1207 830 1178 799 1172 798 1172 797 1172 796 1172 788 1178 787 1178 785 1178 760 1167 759 1167 758 1167 757 1167 724 1178 711 1182 701 1178 679 1167 678 1167 677 1167 676 1167 642 1178 628 1182 617 1178 593 1168 592 1168 591 1168 589 1168 588 1168 575 1178 569 1182 561 1178 551 1173 549 1173 548 1173 522 1178 510 1180 507 1178 498 1171 497 1171 496 1171 495 1171 494 1171 479 1178 459 1188 397 1179 396 1179 395 1179 394 1179 381 1190 328 1185 327 1185 326 1185 310 1191 237 1189 235 1189 201 1194 148 1178 146 1178 145 1178 144 1178 61 1178 63 1205"/></Shape>
            <String CONTENT="gis opera, quemadmodũ lex exigit, fieri nõ poſſunt."
                    HPOS="61.0"
                    VPOS="1167.0"
                    WIDTH="771.0"
                    HEIGHT="74.0"
                    WC="0.9954155694763616"></String>
          </TextLine>
          <TextLine ID="line_24"
                    TAGREFS="LT8"
                    BASELINE="63 1249 192 1267 276 1271 830 1260" 
                    HPOS="63.0"
                    VPOS="1218.0"
                    WIDTH="767.0"
                    HEIGHT="71.0">
            <Shape><Polygon POINTS="63 1274 150 1274 162 1280 163 1280 164 1280 165 1280 194 1279 210 1289 211 1289 212 1289 213 1289 243 1284 259 1289 260 1289 261 1289 294 1284 392 1288 394 1288 429 1279 460 1287 461 1287 462 1287 498 1285 499 1285 500 1285 508 1277 519 1286 520 1286 521 1286 522 1287 541 1287 541 1286 542 1286 571 1274 628 1285 630 1285 631 1285 653 1273 658 1271 675 1273 703 1278 704 1278 705 1278 717 1273 723 1271 829 1273 830 1260 827 1218 738 1233 713 1225 712 1225 711 1225 677 1231 646 1221 645 1221 644 1221 643 1221 599 1233 589 1227 588 1227 587 1227 586 1227 585 1227 584 1227 571 1238 521 1238 502 1228 501 1228 500 1228 499 1228 498 1228 483 1240 394 1240 350 1234 349 1234 348 1234 347 1234 339 1241 301 1241 232 1228 231 1228 230 1228 210 1238 188 1223 187 1223 186 1223 185 1223 184 1223 160 1231 146 1225 145 1225 64 1225 63 1249 63 1274"/></Shape>
            <String CONTENT="eides enim ſpiritum impetrat, legis impletorem: ubi"
                    HPOS="63.0"
                    VPOS="1218.0"
                    WIDTH="767.0"
                    HEIGHT="71.0"
                    ></String>
          </TextLine>
          <TextLine ID="line_25"
                    TAGREFS="LT8"
                    BASELINE="54 1294 162 1314 341 1321 829 1309" 
                    HPOS="53.0"
                    VPOS="1273.0"
                    WIDTH="776.0"
                    HEIGHT="65.0">
            <Shape><Polygon POINTS="54 1294 54 1324 139 1324 183 1336 184 1336 185 1336 238 1331 276 1338 277 1338 318 1330 328 1337 329 1337 330 1337 331 1338 386 1338 386 1337 438 1331 470 1336 471 1336 473 1336 498 1330 547 1335 548 1335 549 1335 571 1326 579 1331 580 1331 581 1331 582 1331 661 1322 682 1329 683 1329 684 1329 724 1322 741 1328 742 1328 743 1328 744 1328 761 1319 800 1325 801 1325 802 1325 829 1316 829 1309 827 1278 803 1273 802 1273 801 1273 800 1273 793 1278 784 1282 753 1277 748 1277 746 1277 740 1277 691 1285 670 1277 662 1275 661 1275 660 1275 659 1275 658 1275 656 1277 646 1286 585 1287 569 1281 568 1281 567 1281 566 1281 547 1287 522 1277 520 1276 519 1276 518 1276 512 1277 490 1281 481 1277 479 1276 478 1276 477 1276 476 1276 475 1276 474 1277 455 1289 380 1289 368 1282 367 1282 366 1282 365 1282 327 1289 309 1281 308 1281 246 1281 245 1281 244 1281 222 1289 184 1276 181 1275 180 1275 179 1275 53 1275 54 1294"/></Shape>
            <String CONTENT="uero habueris fidem, iam nulla lege teneris, ut nemi¬"
                    HPOS="53.0"
                    VPOS="1273.0"
                    WIDTH="776.0"
                    HEIGHT="65.0"
                    WC="0.9832106974889647"></String>
          </TextLine>
          <TextLine ID="line_28"
                    TAGREFS="LT8"
                    BASELINE="45 1340 231 1369 437 1371 833 1361" 
                    HPOS="42"
                    VPOS="1309"
                    WIDTH="789"
                    HEIGHT="79">
            <Shape><Polygon POINTS="42 1369 104 1379 131 1373 145 1385 180 1377 205 1385 452 1388 596 1379 675 1387 694 1379 705 1388 711 1388 735 1377 830 1377 831 1360 826 1316 762 1328 741 1316 698 1316 643 1330 629 1316 624 1316 537 1335 467 1325 444 1331 430 1322 423 1322 390 1335 270 1335 249 1324 173 1331 140 1314 45 1309 42 1369"/></Shape>
            <String CONTENT="ni quicquam debeas, niſi ut proximum diligas, ad"
                    HPOS="42"
                    VPOS="1309"
                    WIDTH="789"
                    HEIGHT="79"
                    ></String>
          </TextLine>
          <TextLine ID="line_29"
                    TAGREFS="LT8"
                    BASELINE="55 1394 163 1412 322 1420 825 1415" 
                    HPOS="52"
                    VPOS="1366"
                    WIDTH="771"
                    HEIGHT="71">
            <Shape><Polygon POINTS="53 1393 52 1420 200 1425 245 1437 246 1437 248 1437 822 1428 823 1414 822 1387 776 1368 774 1368 773 1368 626 1382 603 1368 602 1368 600 1368 599 1368 572 1369 570 1369 569 1369 551 1385 528 1385 423 1374 422 1374 420 1374 395 1387 303 1387 289 1374 287 1374 286 1374 284 1374 283 1374 281 1374 264 1385 53 1366 53 1393"/></Shape>
            <String CONTENT="Rhoma. 12. Et hoc præſtabis, non ſolum quia debes,"
                    HPOS="52"
                    VPOS="1366"
                    WIDTH="771"
                    HEIGHT="71"
                    ></String>
          </TextLine>
          <TextLine ID="line_30"
                    TAGREFS="LT8"
                    BASELINE="54 1445 178 1464 272 1470 825 1465" 
                    HPOS="52"
                    VPOS="1415"
                    WIDTH="771"
                    HEIGHT="71">
            <Shape><Polygon POINTS="744 1415 741 1415 724 1433 673 1434 635 1425 602 1434 588 1423 580 1423 567 1434 547 1425 540 1425 526 1436 431 1436 423 1426 415 1426 407 1436 341 1436 316 1425 229 1428 191 1415 156 1426 143 1415 53 1415 52 1472 252 1486 561 1485 592 1477 657 1486 670 1475 755 1474 820 1480 823 1464 817 1420 795 1426 744 1415"/></Shape>
            <String CONTENT="quia lex iubet: ſed &amp; quia uis, nimirum ſic trahente"
                    HPOS="52"
                    VPOS="1415"
                    WIDTH="771"
                    HEIGHT="71"
                    ></String>
          </TextLine>
          <TextLine ID="line_31"
                    TAGREFS="LT8"
                    BASELINE="47 1496 198 1514 294 1518 900 1514" 
                    HPOS="46.0"
                    VPOS="1468.0"
                    WIDTH="854.0"
                    HEIGHT="68.0">
            <Shape><Polygon POINTS="47 1496 46 1519 163 1522 191 1533 192 1533 193 1533 262 1529 338 1535 339 1535 445 1530 454 1535 455 1535 456 1535 457 1536 574 1536 574 1535 575 1535 576 1535 586 1528 608 1532 610 1532 611 1532 612 1532 623 1524 626 1522 637 1524 687 1535 689 1535 690 1535 726 1525 737 1522 750 1525 788 1534 789 1534 790 1534 820 1529 842 1535 843 1535 844 1535 846 1535 847 1535 860 1527 887 1533 888 1533 889 1533 890 1533 891 1533 899 1526 900 1514 900 1480 880 1474 879 1474 878 1474 877 1474 867 1479 861 1483 856 1479 837 1470 836 1470 835 1470 834 1470 811 1478 809 1479 802 1478 770 1473 769 1473 768 1473 756 1478 750 1480 743 1477 737 1475 736 1475 735 1475 734 1475 733 1475 730 1477 723 1483 712 1477 701 1473 700 1473 699 1473 698 1473 691 1477 677 1485 641 1476 622 1472 621 1472 620 1472 619 1472 613 1476 591 1489 563 1488 537 1475 536 1474 535 1474 534 1474 533 1474 532 1474 512 1490 463 1490 450 1482 449 1482 448 1482 447 1482 446 1482 431 1490 276 1490 243 1476 242 1476 241 1476 240 1476 224 1482 199 1471 198 1471 197 1471 164 1477 152 1469 151 1468 150 1468 149 1468 47 1468 47 1496"/></Shape>
            <String CONTENT="ſpiritu uoluntatem tuam. Hoc eſt quod hic dicit, lex ſint."
                    HPOS="46.0"
                    VPOS="1468.0"
                    WIDTH="854.0"
                    HEIGHT="68.0"
                    ></String>
          </TextLine>
          <TextLine ID="line_32"
                    TAGREFS="LT8"
                    BASELINE="51 1545 175 1564 326 1571 830 1565" 
                    HPOS="49"
                    VPOS="1516"
                    WIDTH="779"
                    HEIGHT="81">
            <Shape><Polygon POINTS="50 1543 49 1580 172 1580 243 1597 294 1586 306 1597 384 1589 556 1597 572 1584 618 1591 671 1580 728 1591 733 1591 747 1581 795 1583 823 1595 828 1564 822 1516 771 1532 724 1524 698 1531 681 1518 675 1518 645 1532 603 1519 575 1535 479 1535 453 1523 447 1523 431 1534 360 1524 309 1532 275 1519 270 1519 241 1534 218 1518 166 1524 50 1516 50 1543"/></Shape>
            <String CONTENT="iuſto non eſt poſita, ſed iniuſtis, qui uel puniuntur, uel"
                    HPOS="49"
                    VPOS="1516"
                    WIDTH="779"
                    HEIGHT="81"
                    ></String>
          </TextLine>
        </TextBlock>
        <TextBlock HPOS="844"
                   VPOS="1375"
                   WIDTH="161"
                   HEIGHT="106"
                   ID="eSc_textblock_d2802d25"
                   TAGREFS="BT3019">
          <Shape><Polygon POINTS="844 1388 844 1481 1005 1481 1005 1375"/></Shape>
          <TextLine ID="eSc_line_3e6a9e44"
                    TAGREFS="LT8"
                    BASELINE="848 1415 995 1413" 
                    HPOS="845"
                    VPOS="1374"
                    WIDTH="149"
                    HEIGHT="59">
            <Shape><Polygon POINTS="847 1433 992 1431 994 1412 991 1376 845 1374 847 1414"/></Shape>
            <String CONTENT="An ſontes"
                    HPOS="845"
                    VPOS="1374"
                    WIDTH="149"
                    HEIGHT="59"
                    ></String>
          </TextLine>
          <TextLine ID="eSc_line_62562ef0"
                    TAGREFS="LT8"
                    BASELINE="848 1465 996 1464" 
                    HPOS="845"
                    VPOS="1420"
                    WIDTH="149"
                    HEIGHT="68">
            <Shape><Polygon POINTS="849 1488 882 1480 992 1486 994 1463 989 1420 845 1426 847 1464"/></Shape>
            <String CONTENT="plectendi"
                    HPOS="845"
                    VPOS="1420"
                    WIDTH="149"
                    HEIGHT="68"
                    ></String>
          </TextLine>
        </TextBlock>
      </PrintSpace>
    </Page>
  </Layout>
</alto>
