<?xml version="1.0" encoding="UTF-8"?>
<alto xmlns:xsi="http://www.w3.org/2001/XMLSchema-instance"
      xmlns="http://www.loc.gov/standards/alto/ns-v4#"
      xsi:schemaLocation="http://www.loc.gov/standards/alto/ns-v4# http://www.loc.gov/standards/alto/v4/alto-4-2.xsd">
  <Description>
    <MeasurementUnit>pixel</MeasurementUnit>
    <sourceImageInformation>
      <fileName>bsb00027764_00172.jpg</fileName>
    </sourceImageInformation>
  </Description>
  <Tags>
    <OtherTag ID="BT7" LABEL="CustomZone" DESCRIPTION="block type CustomZone"/><OtherTag ID="BT8" LABEL="DamageZone" DESCRIPTION="block type DamageZone"/><OtherTag ID="BT9" LABEL="DigitizationArtefactZone" DESCRIPTION="block type DigitizationArtefactZone"/><OtherTag ID="BT10" LABEL="DropCapitalZone" DESCRIPTION="block type DropCapitalZone"/><OtherTag ID="BT11" LABEL="GraphicZone" DESCRIPTION="block type GraphicZone"/><OtherTag ID="BT12" LABEL="MainZone" DESCRIPTION="block type MainZone"/><OtherTag ID="BT13" LABEL="MarginTextZone" DESCRIPTION="block type MarginTextZone"/><OtherTag ID="BT14" LABEL="MusicZone" DESCRIPTION="block type MusicZone"/><OtherTag ID="BT15" LABEL="NumberingZone" DESCRIPTION="block type NumberingZone"/><OtherTag ID="BT17" LABEL="QuireMarksZone" DESCRIPTION="block type QuireMarksZone"/><OtherTag ID="BT18" LABEL="RunningTitleZone" DESCRIPTION="block type RunningTitleZone"/><OtherTag ID="BT19" LABEL="SealZone" DESCRIPTION="block type SealZone"/><OtherTag ID="BT20" LABEL="StampZone" DESCRIPTION="block type StampZone"/><OtherTag ID="BT21" LABEL="TableZone" DESCRIPTION="block type TableZone"/><OtherTag ID="BT22" LABEL="TitlePageZone" DESCRIPTION="block type TitlePageZone"/><OtherTag ID="BT3014" LABEL="MainZone-P-Continued" DESCRIPTION="block type MainZone-P-Continued"/><OtherTag ID="BT3015" LABEL="MainZone-Sp-Continued" DESCRIPTION="block type MainZone-Sp-Continued"/><OtherTag ID="BT3016" LABEL="MainZone-Sp" DESCRIPTION="block type MainZone-Sp"/><OtherTag ID="BT3017" LABEL="MainZone-P" DESCRIPTION="block type MainZone-P"/><OtherTag ID="BT3018" LABEL="MarginTextZone-ManuscriptAddendum" DESCRIPTION="block type MarginTextZone-ManuscriptAddendum"/><OtherTag ID="BT3019" LABEL="MarginTextZone-Notes" DESCRIPTION="block type MarginTextZone-Notes"/><OtherTag ID="BT3020" LABEL="MainZone-Head" DESCRIPTION="block type MainZone-Head"/><OtherTag ID="BT3021" LABEL="text" DESCRIPTION="block type text"/>
    <OtherTag ID="LT7" LABEL="CustomLine" DESCRIPTION="line type CustomLine"/><OtherTag ID="LT8" LABEL="DefaultLine" DESCRIPTION="line type DefaultLine"/><OtherTag ID="LT9" LABEL="DropCapitalLine" DESCRIPTION="line type DropCapitalLine"/><OtherTag ID="LT10" LABEL="HeadingLine" DESCRIPTION="line type HeadingLine"/><OtherTag ID="LT11" LABEL="InterlinearLine" DESCRIPTION="line type InterlinearLine"/><OtherTag ID="LT12" LABEL="MusicLine" DESCRIPTION="line type MusicLine"/><OtherTag ID="LT952" LABEL="default" DESCRIPTION="line type default"/>
  </Tags>
  <Layout>
    <Page WIDTH="1200"
          HEIGHT="1893"
          PHYSICAL_IMG_NR="17"
          ID="eSc_dummypage_">
      <PrintSpace HPOS="0"
                  VPOS="0"
                  WIDTH="1200"
                  HEIGHT="1893">
        <TextBlock HPOS="374"
                   VPOS="127"
                   WIDTH="717"
                   HEIGHT="55"
                   ID="block_1"
                   TAGREFS="BT18">
          <Shape><Polygon POINTS="1091 127 1091 182 374 182 374 127"/></Shape>
          <TextLine ID="line_0"
                    TAGREFS="LT8"
                    BASELINE="385 172 893 164 990 169 1094 184" 
                    HPOS="382"
                    VPOS="127"
                    WIDTH="709"
                    HEIGHT="70">
            <Shape><Polygon POINTS="1076 179 1059 127 596 127 587 130 574 127 416 127 405 130 382 127 383 197 462 186 612 187 622 179 631 187 674 179 697 192 704 192 727 176 871 175 930 190 1091 190 1091 127 1080 127 1076 179"/></Shape>
            <String CONTENT="ANNOT. IOANNIS POMERANT"
                    HPOS="382"
                    VPOS="127"
                    WIDTH="709"
                    HEIGHT="70"
                    WC="0.9988097729890243"></String>
          </TextLine>
        </TextBlock>
        <TextBlock HPOS="323"
                   VPOS="189"
                   WIDTH="811"
                   HEIGHT="315"
                   ID="block_3"
                   TAGREFS="BT3014">
          <Shape><Polygon POINTS="1134 218 1132 496 323 504 333 189 1039 189"/></Shape>
          <TextLine ID="line_1"
                    TAGREFS="LT8"
                    BASELINE="343 233 885 221 1034 233 1108 248" 
                    HPOS="342.0"
                    VPOS="199.0"
                    WIDTH="766.0"
                    HEIGHT="52.0">
            <Shape><Polygon POINTS="1097 199 1087 199 1078 199 1067 199 1056 199 1046 199 1036 199 1026 199 1015 199 1005 199 994 199 984 199 973 199 963 199 952 199 942 199 931 199 921 199 910 199 900 199 889 199 879 199 868 199 858 199 856 199 853 201 838 201 821 201 820 201 814 199 805 199 795 199 784 199 774 199 763 199 753 199 742 199 731 199 721 199 710 199 700 199 689 199 679 199 668 199 658 199 647 199 637 199 626 199 616 199 605 199 604 199 583 204 571 199 563 199 553 199 542 199 532 199 521 199 511 199 500 199 490 199 479 199 475 199 461 205 413 199 405 199 395 199 384 199 374 199 371 199 342 206 343 233 343 242 414 247 415 247 437 243 451 241 455 243 471 251 472 251 473 251 474 251 490 243 499 239 505 243 512 249 513 249 514 249 515 249 516 249 536 243 559 238 585 238 596 245 605 249 606 249 607 249 608 249 619 245 626 241 643 245 676 250 677 250 678 250 679 250 687 245 694 240 710 245 719 247 720 247 721 247 722 247 723 247 725 245 739 234 842 234 866 242 867 242 868 242 869 242 870 242 882 234 939 234 949 241 950 241 951 241 1090 246 1108 248 1107 199 1097 199"/></Shape>
            <String CONTENT="e uero &amp; mulieres prophetare, ſi habent uerbum,"
                    HPOS="342.0"
                    VPOS="199.0"
                    WIDTH="766.0"
                    HEIGHT="52.0"
                    ></String>
          </TextLine>
          <TextLine ID="line_2"
                    TAGREFS="LT8"
                    BASELINE="332 285 881 271 1022 282 1117 296" 
                    HPOS="332.0"
                    VPOS="231.0"
                    WIDTH="785.0"
                    HEIGHT="75.0">
            <Shape><Polygon POINTS="1107 248 1096 247 1017 247 1014 247 969 232 968 232 967 232 966 232 965 232 949 245 930 246 876 231 875 231 873 231 872 231 852 239 818 232 817 232 784 237 755 233 754 233 753 233 733 241 693 234 692 234 690 234 645 247 644 247 592 238 591 238 590 238 567 247 558 251 540 251 535 247 522 238 521 238 520 238 519 238 518 238 517 238 507 245 500 239 499 239 498 239 497 239 423 242 422 242 421 242 416 248 412 250 398 248 370 242 353 242 352 242 351 242 350 242 344 248 340 251 332 248 332 285 332 298 399 306 400 306 430 298 436 297 440 298 455 304 456 304 457 304 458 304 478 299 510 304 511 304 550 298 568 295 573 298 579 303 580 303 581 303 582 304 605 304 605 303 606 303 621 298 627 296 651 297 652 297 653 297 654 297 673 287 875 289 876 289 901 283 991 297 995 297 997 297 1110 296 1117 296 1115 247 1107 247 1107 248"/></Shape>
            <String CONTENT="ubi uiri nõ ſunt qui uerbum habeant. I. ad Corin.11."
                    HPOS="332.0"
                    VPOS="231.0"
                    WIDTH="785.0"
                    HEIGHT="75.0"
                    ></String>
          </TextLine>
          <TextLine ID="line_3"
                    TAGREFS="LT8"
                    BASELINE="335 338 556 333 734 322 907 322 1012 330 1122 348" 
                    HPOS="334.0"
                    VPOS="288.0"
                    WIDTH="788.0"
                    HEIGHT="65.0">
            <Shape><Polygon POINTS="335 338 335 348 436 353 437 353 438 353 448 349 455 345 478 349 485 350 486 350 487 350 489 350 490 349 496 344 509 349 520 353 521 353 522 353 523 353 524 353 530 349 535 345 577 344 587 350 593 352 594 352 595 352 596 352 602 350 625 341 646 350 654 353 655 353 656 353 657 353 658 353 661 350 680 336 940 334 950 341 951 341 952 341 953 341 954 341 965 336 1002 337 1026 352 1027 352 1028 352 1029 353 1121 353 1122 348 1121 304 1050 304 1050 303 1025 291 1024 291 1023 291 1022 291 1021 291 1003 302 963 288 962 288 961 288 841 293 800 289 799 289 798 289 782 295 754 289 753 289 700 294 668 289 667 289 666 289 644 300 627 297 626 297 595 303 593 303 582 297 581 297 580 297 579 297 578 297 560 303 555 306 453 306 448 303 417 292 416 292 415 292 414 292 393 303 390 304 384 303 365 297 364 297 363 297 334 302 335 338"/></Shape>
            <String CONTENT="Mulier orãs aut prophetans, &amp;c. Iohelis 2.legis, Et"
                    HPOS="334.0"
                    VPOS="288.0"
                    WIDTH="788.0"
                    HEIGHT="65.0"
                    ></String>
          </TextLine>
          <TextLine ID="line_4"
                    TAGREFS="LT8"
                    BASELINE="336 389 518 384 723 373 883 372 1010 380 1122 396" 
                    HPOS="335.0"
                    VPOS="334.0"
                    WIDTH="787.0"
                    HEIGHT="70.0">
            <Shape><Polygon POINTS="336 389 336 404 418 404 418 403 419 403 469 394 484 401 485 401 486 401 546 397 568 403 570 403 571 403 572 403 573 403 574 403 588 392 603 403 604 403 605 403 606 404 627 404 627 403 628 403 629 403 676 385 753 385 761 391 762 391 763 391 764 391 859 385 877 392 878 392 879 392 880 392 881 392 889 384 926 384 1008 388 1054 401 1055 401 1056 402 1122 402 1122 396 1121 355 1040 355 983 335 982 335 981 335 980 335 959 347 920 345 905 334 904 334 903 334 902 334 730 339 708 334 707 334 706 334 705 334 704 334 696 341 674 334 673 334 672 334 670 334 640 349 621 340 620 340 581 340 580 340 579 340 546 357 518 357 502 343 501 343 500 343 499 343 498 343 497 343 478 356 426 345 425 345 424 345 388 357 335 357 336 389"/></Shape>
            <String CONTENT="prophetabunt filij ueſtri, &amp; filiæ ueſtræ. Actorũ. 21."
                    HPOS="335.0"
                    VPOS="334.0"
                    WIDTH="787.0"
                    HEIGHT="70.0"
                    ></String>
          </TextLine>
          <TextLine ID="line_5"
                    TAGREFS="LT8"
                    BASELINE="336 441 500 436 659 423 866 421 986 428 1115 448" 
                    HPOS="335.0"
                    VPOS="387.0"
                    WIDTH="780.0"
                    HEIGHT="71.0">
            <Shape><Polygon POINTS="336 441 335 449 348 455 349 455 350 455 351 455 372 450 428 457 429 457 462 450 466 449 466 450 476 457 477 457 478 457 479 458 536 458 536 457 537 457 552 451 574 440 599 451 600 451 601 451 602 451 645 439 703 439 709 444 710 444 712 444 713 444 714 444 726 439 802 439 843 451 844 451 845 451 846 451 872 439 907 439 950 455 954 457 956 457 957 458 982 458 982 457 983 457 984 457 985 456 997 448 1113 457 1115 448 1115 405 1031 405 1030 404 1004 389 1003 389 1002 389 1001 389 963 397 869 387 708 387 707 387 706 387 687 393 642 389 641 389 640 389 584 404 583 404 581 404 564 399 563 399 562 399 530 402 515 392 514 392 513 392 483 391 482 391 481 391 448 404 445 404 336 404 336 441"/></Shape>
            <String CONTENT="Erant Philippo quatuor filiæ uirgines prophetantes."
                    HPOS="335.0"
                    VPOS="387.0"
                    WIDTH="780.0"
                    HEIGHT="71.0"
                    ></String>
          </TextLine>
          <TextLine ID="line_6"
                    TAGREFS="LT8"
                    BASELINE="336 494 628 474 838 470" 
                    HPOS="334.0"
                    VPOS="433.0"
                    WIDTH="505.0"
                    HEIGHT="86.0">
            <Shape><Polygon POINTS="336 494 337 516 350 519 351 519 352 519 353 519 356 516 365 509 390 515 412 519 413 519 492 516 493 516 503 511 529 496 618 492 635 505 636 505 637 505 638 505 639 505 640 505 640 504 647 498 679 503 680 503 681 503 706 490 740 485 791 500 792 500 794 500 795 500 839 498 838 470 835 438 789 439 788 439 768 433 767 433 766 433 731 438 706 433 705 433 672 435 670 435 655 443 639 437 638 437 637 437 636 437 635 437 620 445 618 446 617 445 613 442 613 441 612 441 611 441 609 441 568 446 561 441 560 441 559 441 558 441 557 441 536 449 521 455 486 455 478 451 472 449 471 449 470 449 469 449 468 449 468 450 466 450 465 452 461 458 421 458 417 454 413 451 413 450 412 450 411 450 410 450 409 450 394 454 378 459 364 455 351 452 350 452 349 452 348 452 334 456 336 494"/></Shape>
            <String CONTENT="Et Maria canit Magnificat, &amp;c."
                    HPOS="334.0"
                    VPOS="433.0"
                    WIDTH="505.0"
                    HEIGHT="86.0"
                    WC="0.9729446391264598"></String>
          </TextLine>
        </TextBlock>
        <TextBlock HPOS="549"
                   VPOS="505"
                   WIDTH="364"
                   HEIGHT="46"
                   ID="eSc_textblock_8c4ac83f"
                   TAGREFS="BT3020">
          <Shape><Polygon POINTS="549 505 549 551 913 551 913 505"/></Shape>
          <TextLine ID="line_7"
                    TAGREFS="LT8"
                    BASELINE="577 539 580 539 891 537" 
                    HPOS="574"
                    VPOS="490"
                    WIDTH="316"
                    HEIGHT="71">
            <Shape><Polygon POINTS="576 561 637 552 655 560 656 560 658 560 660 560 693 552 737 560 738 560 740 560 742 560 754 552 775 560 776 560 778 560 780 560 813 552 887 556 890 536 885 496 735 500 618 490 617 490 574 500 576 537"/></Shape>
            <String CONTENT="CAPVT III."
                    HPOS="574"
                    VPOS="490"
                    WIDTH="316"
                    HEIGHT="71"
                    ></String>
          </TextLine>
        </TextBlock>
        <TextBlock HPOS="373"
                   VPOS="584"
                   WIDTH="714"
                   HEIGHT="55"
                   ID="eSc_textblock_31b76e5d"
                   TAGREFS="BT3020">
          <Shape><Polygon POINTS="373 584 377 639 1087 639 1087 584"/></Shape>
          <TextLine ID="line_8"
                    TAGREFS="LT8"
                    BASELINE="384 625 703 614 906 614 1076 623" 
                    HPOS="383"
                    VPOS="566"
                    WIDTH="693"
                    HEIGHT="70">
            <Shape><Polygon POINTS="384 633 495 632 496 632 506 626 540 634 554 636 555 636 556 636 557 636 561 633 578 623 634 628 635 628 848 620 869 625 870 625 871 625 914 621 928 631 929 631 930 631 931 632 969 632 969 631 970 631 971 631 971 629 980 623 988 631 989 631 990 631 991 631 1076 629 1076 623 1075 579 995 579 968 566 967 566 909 566 908 566 907 566 906 566 885 580 846 570 845 570 844 570 843 570 816 580 733 568 731 568 643 571 642 571 641 571 622 583 573 571 572 571 571 571 570 571 532 583 477 572 476 572 475 572 474 572 474 573 459 586 383 586 384 625"/></Shape>
            <String CONTENT="DE EPISCOPIS ET DIACONIS."
                    HPOS="383"
                    VPOS="566"
                    WIDTH="693"
                    HEIGHT="70"
                    WC="0.9996237969398498"></String>
          </TextLine>
        </TextBlock>
        <TextBlock HPOS="325"
                   VPOS="643"
                   WIDTH="111"
                   HEIGHT="126"
                   ID="eSc_textblock_34c2bded"
                   TAGREFS="BT10">
          <Shape><Polygon POINTS="325 643 325 769 436 752 430 649"/></Shape>
          <TextLine ID="eSc_line_9ab48070"
                    TAGREFS="LT9"
                    BASELINE="341 744 427 741" 
                    HPOS="336"
                    VPOS="706"
                    WIDTH="90"
                    HEIGHT="59">
            <Shape><Polygon POINTS="339 743 339 765 426 760 426 739 423 709 336 706 339 743"/></Shape>
            <String CONTENT="E"
                    HPOS="336"
                    VPOS="706"
                    WIDTH="90"
                    HEIGHT="59"
                    ></String>
          </TextLine>
        </TextBlock>
        <TextBlock HPOS="312"
                   VPOS="639"
                   WIDTH="843"
                   HEIGHT="872"
                   ID="block_0"
                   TAGREFS="BT3017">
          <Shape><Polygon POINTS="1155 639 1137 1511 333 1511 312 646 443 645"/></Shape>
          <TextLine ID="line_9"
                    TAGREFS="LT8"
                    BASELINE="442 676 928 674 1126 695" 
                    HPOS="438"
                    VPOS="640"
                    WIDTH="687"
                    HEIGHT="66">
            <Shape><Polygon POINTS="1002 640 996 646 936 640 849 643 456 643 440 645 438 694 562 694 607 701 620 692 696 701 707 689 757 687 770 697 778 697 791 687 926 687 944 701 950 701 977 689 1043 705 1122 706 1125 694 1124 648 1086 640"/></Shape>
            <String CONTENT="Piſcopos eſſe uerbi dei prædicatores ad hoc ele¬"
                    HPOS="438"
                    VPOS="640"
                    WIDTH="687"
                    HEIGHT="66"
                    ></String>
          </TextLine>
          <TextLine ID="line_10"
                    TAGREFS="LT8"
                    BASELINE="444 729 900 723 1125 739" 
                    HPOS="442"
                    VPOS="681"
                    WIDTH="682"
                    HEIGHT="69">
            <Shape><Polygon POINTS="443 728 442 741 683 741 740 750 742 750 743 750 745 750 757 741 768 750 770 750 772 750 773 750 775 750 776 750 794 739 975 739 997 750 999 750 1001 750 1002 750 1027 743 1121 750 1124 738 1122 698 1035 698 982 681 980 681 978 681 933 690 726 681 724 681 723 681 721 681 704 694 655 687 653 687 606 697 581 686 579 686 577 686 513 697 443 684 443 728"/></Shape>
            <String CONTENT="ctos, &amp; diaconos eſſe ſanctorum miniſtros, &amp;"
                    HPOS="442"
                    VPOS="681"
                    WIDTH="682"
                    HEIGHT="69"
                    ></String>
          </TextLine>
          <TextLine ID="line_11"
                    TAGREFS="LT8"
                    BASELINE="333 786 499 778 860 772 961 776 1129 792" 
                    HPOS="332.0"
                    VPOS="735.0"
                    WIDTH="797.0"
                    HEIGHT="67.0">
            <Shape><Polygon POINTS="333 786 333 802 412 801 413 801 449 789 490 799 491 799 492 799 493 799 513 786 556 801 557 801 558 801 559 801 584 788 627 794 628 794 629 794 644 786 687 792 688 792 689 792 715 786 811 786 823 795 824 795 825 795 826 795 827 795 828 795 843 786 885 786 914 799 916 799 917 799 918 799 948 786 968 788 983 801 984 801 985 801 986 801 987 801 1008 796 1023 801 1024 801 1025 802 1128 802 1129 792 1128 751 1091 751 1071 743 1070 743 1069 743 1068 743 1051 748 1033 735 1032 735 1031 735 1030 735 1029 735 975 750 953 735 952 735 951 735 903 735 902 735 901 735 884 741 877 735 876 735 875 735 780 735 779 735 778 735 777 735 761 744 743 741 742 741 741 741 722 747 684 735 683 735 682 735 681 735 651 748 619 748 605 738 604 738 603 738 561 735 560 735 559 735 558 735 535 749 518 745 517 745 516 745 515 745 497 750 477 735 476 735 475 735 460 735 459 735 458 735 457 735 433 751 332 751 333 786"/></Shape>
            <String CONTENT="pauperũ prouiſores admonui in principio epiſtolæ ad"
                    HPOS="332.0"
                    VPOS="735.0"
                    WIDTH="797.0"
                    HEIGHT="67.0"
                    WC="0.9928897057588284"></String>
          </TextLine>
          <TextLine ID="line_12"
                    TAGREFS="LT8"
                    BASELINE="332 835 588 825 893 823 1125 842" 
                    HPOS="332.0"
                    VPOS="787.0"
                    WIDTH="793.0"
                    HEIGHT="64.0">
            <Shape><Polygon POINTS="332 835 332 848 430 848 430 847 431 847 456 841 487 847 489 847 490 847 516 840 536 848 537 848 538 848 539 848 583 836 635 841 636 841 787 835 839 835 858 845 859 845 860 845 861 845 887 836 903 846 904 846 905 846 906 846 907 846 927 836 1123 851 1125 842 1124 802 1068 802 1067 801 1030 792 1029 792 1028 792 1027 792 1014 801 1013 802 973 802 972 801 959 789 958 789 957 789 956 789 922 796 914 789 913 789 912 789 866 789 865 789 864 789 840 798 818 789 817 789 816 789 787 794 733 788 731 788 696 796 681 788 680 788 679 788 678 788 677 788 667 796 637 791 636 791 603 797 585 787 584 787 583 787 582 787 551 798 536 787 535 787 534 787 533 787 444 798 332 798 332 835"/></Shape>
            <String CONTENT="Philip. Hi eligebantur in ciuitate à populo, uel ab Epi¬"
                    HPOS="332.0"
                    VPOS="787.0"
                    WIDTH="793.0"
                    HEIGHT="64.0"
                    ></String>
          </TextLine>
          <TextLine ID="line_13"
                    TAGREFS="LT8"
                    BASELINE="334 884 607 874 903 872 1005 878 1058 889 1129 893" 
                    HPOS="333.0"
                    VPOS="832.0"
                    WIDTH="796.0"
                    HEIGHT="73.0">
            <Shape><Polygon POINTS="334 884 334 905 399 904 400 904 431 888 454 888 472 888 494 903 495 903 496 903 497 903 498 903 540 889 555 900 556 900 557 900 558 900 559 900 574 892 598 899 599 899 600 899 601 899 623 887 703 887 728 899 729 899 730 899 731 899 733 899 753 886 784 894 785 894 786 894 787 894 788 894 802 885 829 885 859 896 860 896 861 896 862 896 884 884 930 884 947 890 948 890 949 890 950 890 959 886 973 893 974 893 975 893 977 893 984 889 995 898 997 898 998 898 999 898 1129 897 1129 893 1127 847 993 847 992 847 972 842 971 842 970 842 969 842 968 842 961 847 943 832 942 832 941 832 919 832 918 832 917 832 916 832 897 845 877 833 876 833 875 833 831 843 820 833 819 833 818 833 789 833 788 833 787 833 769 843 698 835 697 835 696 835 675 844 653 836 652 836 594 836 593 836 592 836 591 836 575 847 562 844 561 844 560 844 559 844 544 850 524 837 523 837 522 837 459 837 458 837 457 837 456 837 432 851 426 855 376 855 372 851 349 839 348 839 347 839 346 839 344 839 333 848 334 884"/></Shape>
            <String CONTENT="ſcopo: id eſt, apoſtolo aliquo, ſiue prædicatore, ꝗ illic"
                    HPOS="333.0"
                    VPOS="832.0"
                    WIDTH="796.0"
                    HEIGHT="73.0"
                    ></String>
          </TextLine>
          <TextLine ID="line_14"
                    TAGREFS="LT8"
                    BASELINE="334 932 875 922 981 927 1127 944" 
                    HPOS="333.0"
                    VPOS="886.0"
                    WIDTH="794.0"
                    HEIGHT="68.0">
            <Shape><Polygon POINTS="334 932 334 954 394 954 394 953 395 953 396 953 408 944 448 948 449 948 511 937 536 944 537 944 538 945 538 944 539 944 564 937 588 943 590 943 591 943 592 943 619 935 639 944 640 944 641 944 642 944 643 944 655 934 795 934 812 941 814 941 815 941 850 933 871 933 901 949 902 949 903 949 905 949 990 938 1006 947 1007 947 1008 947 1009 948 1126 948 1127 944 1125 899 1006 899 984 886 983 886 982 886 981 886 980 886 961 897 949 889 948 889 947 889 946 889 945 889 922 896 908 886 907 886 906 886 878 886 877 886 876 886 858 893 845 887 844 887 787 887 786 887 785 887 770 893 721 888 720 888 499 900 485 889 484 889 483 889 463 889 462 889 421 891 420 891 419 891 398 904 384 898 383 898 382 898 381 898 380 898 372 904 347 900 346 900 344 900 333 904 334 932"/></Shape>
            <String CONTENT="populũ docuerat: &amp; manere ibi non potuit conſentiẽ"
                    HPOS="333.0"
                    VPOS="886.0"
                    WIDTH="794.0"
                    HEIGHT="68.0"
                    WC="0.9910248128267435"></String>
          </TextLine>
          <TextLine ID="line_15"
                    TAGREFS="LT8"
                    BASELINE="331 983 840 971 967 975 1126 993" 
                    HPOS="330.0"
                    VPOS="934.0"
                    WIDTH="796.0"
                    HEIGHT="65.0">
            <Shape><Polygon POINTS="331 983 331 999 433 994 434 994 435 994 443 989 461 995 462 995 463 995 464 995 465 995 478 987 533 993 534 993 600 988 614 998 615 998 616 998 617 998 618 998 638 991 660 998 665 999 666 999 667 999 668 999 669 999 670 998 685 985 710 985 725 990 726 990 727 990 770 985 797 996 799 998 800 998 801 998 802 998 805 996 841 984 1125 994 1126 993 1124 948 1027 948 1019 942 1018 942 1017 942 1015 942 939 946 834 934 832 934 705 935 704 935 681 942 626 937 625 937 624 937 605 945 585 941 584 941 583 941 563 947 538 939 537 939 536 939 535 939 502 949 404 952 368 947 367 947 330 953 331 983"/></Shape>
            <String CONTENT="te tum &amp; uolente populo. Eligebantur autem ex ciui¬"
                    HPOS="330.0"
                    VPOS="934.0"
                    WIDTH="796.0"
                    HEIGHT="65.0"
                    ></String>
          </TextLine>
          <TextLine ID="line_16"
                    TAGREFS="LT8"
                    BASELINE="331 1033 880 1023 941 1025 1122 1045" 
                    HPOS="330.0"
                    VPOS="986.0"
                    WIDTH="792.0"
                    HEIGHT="67.0">
            <Shape><Polygon POINTS="331 1033 331 1037 380 1053 381 1053 382 1053 444 1049 445 1049 446 1049 459 1040 460 1039 464 1040 504 1053 505 1053 506 1053 568 1042 595 1036 614 1042 645 1052 646 1052 647 1052 648 1052 668 1043 684 1035 761 1040 762 1040 860 1034 879 1040 880 1040 881 1040 882 1040 901 1034 928 1047 936 1050 937 1050 938 1050 939 1050 945 1047 957 1041 966 1047 969 1050 970 1050 971 1050 972 1050 973 1050 981 1048 993 1043 1003 1048 1007 1050 1008 1050 1009 1050 1121 1049 1122 1045 1121 996 1048 996 1040 990 1039 990 1038 990 1036 990 999 996 997 996 979 986 978 986 977 986 944 986 943 986 942 986 941 986 926 996 925 996 924 996 824 987 823 987 784 994 770 989 769 989 768 989 709 993 685 987 684 987 683 987 644 990 643 990 628 998 627 999 625 998 597 988 596 988 595 988 594 988 575 995 564 988 563 988 562 988 518 988 517 988 516 988 515 988 499 999 498 999 466 989 465 989 464 989 463 989 462 989 451 999 449 1001 379 1001 376 999 356 993 355 993 354 993 330 999 331 1033"/></Shape>
            <String CONTENT="bus probatiſſimis, quibus erant uxor, filij, familia,"
                    HPOS="330.0"
                    VPOS="986.0"
                    WIDTH="792.0"
                    HEIGHT="67.0"
                    WC="0.9919359537790406"></String>
          </TextLine>
          <TextLine ID="line_17"
                    TAGREFS="LT8"
                    BASELINE="329 1082 873 1072 998 1079 1067 1091 1126 1094" 
                    HPOS="328.0"
                    VPOS="1034.0"
                    WIDTH="798.0"
                    HEIGHT="68.0">
            <Shape><Polygon POINTS="329 1082 329 1095 423 1092 435 1095 452 1102 453 1102 454 1102 455 1102 471 1095 490 1089 536 1094 537 1094 586 1086 602 1095 603 1095 604 1095 605 1095 606 1095 646 1085 678 1091 679 1091 738 1084 784 1084 800 1095 803 1098 804 1098 805 1098 806 1098 822 1095 879 1085 908 1095 912 1097 913 1097 914 1098 936 1098 936 1097 937 1097 938 1097 939 1095 951 1087 1011 1095 1018 1096 1019 1096 1125 1095 1126 1094 1125 1049 950 1048 950 1047 916 1034 914 1034 913 1034 871 1040 807 1035 806 1035 757 1044 747 1037 746 1037 745 1037 744 1037 743 1037 742 1037 733 1045 715 1039 714 1039 713 1039 712 1039 684 1046 681 1046 675 1046 598 1037 597 1037 596 1037 595 1037 585 1045 576 1052 537 1045 535 1045 534 1045 530 1045 419 1051 378 1044 355 1040 354 1040 328 1043 329 1082"/></Shape>
            <String CONTENT="domus cura, &amp;. Sicut nunc conſules eliguntur: ut hic"
                    HPOS="328.0"
                    VPOS="1034.0"
                    WIDTH="798.0"
                    HEIGHT="68.0"
                    ></String>
          </TextLine>
          <TextLine ID="line_18"
                    TAGREFS="LT8"
                    BASELINE="329 1134 599 1125 852 1123 985 1129 1122 1147" 
                    HPOS="329.0"
                    VPOS="1085.0"
                    WIDTH="793.0"
                    HEIGHT="64.0">
            <Shape><Polygon POINTS="329 1134 329 1145 527 1138 539 1146 541 1148 542 1148 543 1148 544 1148 545 1148 552 1146 563 1143 574 1146 578 1148 579 1148 580 1149 580 1148 581 1148 585 1146 605 1138 621 1147 624 1148 625 1148 626 1148 627 1148 632 1147 658 1137 696 1143 697 1143 698 1143 699 1143 704 1137 717 1142 718 1142 719 1142 770 1135 937 1135 956 1148 957 1148 958 1148 959 1148 960 1148 961 1148 975 1142 984 1148 985 1148 986 1148 987 1148 988 1148 989 1148 997 1143 1120 1148 1122 1147 1122 1103 1024 1103 1024 1102 991 1085 990 1085 958 1085 957 1085 956 1085 954 1085 941 1096 901 1085 900 1085 899 1085 840 1093 773 1085 771 1085 770 1085 769 1085 759 1093 726 1085 725 1085 724 1085 723 1085 722 1085 713 1093 683 1095 669 1090 668 1090 667 1090 666 1090 643 1097 634 1090 633 1090 632 1090 578 1085 577 1085 576 1085 575 1085 559 1097 533 1098 505 1086 504 1086 503 1086 502 1086 483 1094 466 1088 465 1088 464 1088 463 1088 441 1100 437 1103 403 1103 399 1100 383 1088 382 1088 381 1088 380 1088 379 1088 356 1100 353 1101 351 1100 339 1094 338 1094 337 1094 336 1094 329 1097 329 1134"/></Shape>
            <String CONTENT="uides. Vnde epiſcopatus &amp; diaconatus officia erant,"
                    HPOS="329.0"
                    VPOS="1085.0"
                    WIDTH="793.0"
                    HEIGHT="64.0"
                    ></String>
          </TextLine>
          <TextLine ID="line_19"
                    TAGREFS="LT8"
                    BASELINE="330 1184 625 1174 883 1172 970 1176 1059 1190 1125 1194" 
                    HPOS="329.0"
                    VPOS="1134.0"
                    WIDTH="796.0"
                    HEIGHT="70.0">
            <Shape><Polygon POINTS="330 1184 330 1199 376 1192 392 1201 398 1204 399 1204 400 1204 417 1201 443 1195 452 1201 455 1203 456 1203 457 1203 458 1203 459 1203 463 1201 479 1192 534 1188 570 1191 584 1199 586 1202 587 1202 588 1202 590 1202 591 1202 597 1199 641 1187 712 1193 713 1193 714 1193 738 1186 800 1186 834 1197 835 1197 836 1197 837 1197 838 1197 856 1185 973 1192 974 1192 975 1192 977 1192 983 1188 1023 1198 1024 1198 1025 1198 1026 1198 1125 1197 1125 1194 1123 1149 1066 1149 1064 1149 1034 1141 1033 1141 1032 1141 974 1148 939 1134 938 1134 845 1134 844 1134 799 1145 748 1135 747 1135 746 1135 718 1149 674 1141 673 1141 648 1144 638 1136 637 1136 636 1136 635 1136 634 1136 607 1146 587 1136 586 1136 585 1136 584 1136 536 1151 530 1153 522 1152 485 1143 484 1143 436 1152 430 1153 425 1152 414 1148 413 1148 412 1148 411 1148 400 1152 395 1154 387 1152 373 1149 372 1149 371 1149 329 1152 330 1184"/></Shape>
            <String CONTENT="non perpetuæ dignitates, ut nunc fabulantur de chara¬"
                    HPOS="329.0"
                    VPOS="1134.0"
                    WIDTH="796.0"
                    HEIGHT="70.0"
                    ></String>
          </TextLine>
          <TextLine ID="line_20"
                    TAGREFS="LT8"
                    BASELINE="332 1234 692 1224 892 1224 1120 1252" 
                    HPOS="330"
                    VPOS="1179"
                    WIDTH="789"
                    HEIGHT="75">
            <Shape><Polygon POINTS="331 1233 330 1244 568 1238 596 1246 598 1246 600 1246 601 1246 630 1238 664 1249 666 1249 667 1249 669 1249 708 1236 754 1236 775 1250 776 1250 778 1250 780 1250 781 1250 783 1250 802 1238 828 1238 1116 1254 1119 1250 1117 1200 982 1184 980 1184 588 1192 570 1179 568 1179 566 1179 525 1179 524 1179 522 1179 521 1179 521 1181 510 1191 500 1183 498 1183 497 1183 495 1183 494 1183 459 1192 331 1192 331 1233"/></Shape>
            <String CONTENT="ctere indelebili. Compone ergo nũc noſtrorũ dignita¬"
                    HPOS="330"
                    VPOS="1179"
                    WIDTH="789"
                    HEIGHT="75"
                    ></String>
          </TextLine>
          <TextLine ID="line_22"
                    TAGREFS="LT8"
                    BASELINE="335 1287 683 1275 876 1274 1005 1280 1121 1294" 
                    HPOS="334.0"
                    VPOS="1231.0"
                    WIDTH="787.0"
                    HEIGHT="73.0">
            <Shape><Polygon POINTS="335 1287 335 1304 385 1293 468 1293 496 1303 497 1303 498 1304 524 1304 552 1304 552 1303 561 1303 578 1301 579 1301 603 1289 612 1293 613 1293 614 1293 615 1293 616 1293 624 1288 674 1292 675 1292 770 1287 785 1294 786 1294 787 1294 880 1285 925 1285 959 1295 960 1295 961 1295 1001 1290 1031 1297 1032 1297 1033 1297 1120 1296 1121 1294 1119 1249 1028 1249 977 1234 975 1234 974 1234 973 1234 972 1234 958 1246 945 1236 944 1236 943 1236 879 1231 878 1231 827 1232 826 1232 825 1232 809 1246 792 1240 791 1240 790 1240 789 1240 768 1250 749 1234 748 1234 747 1234 746 1234 708 1238 680 1233 679 1233 678 1233 677 1233 657 1247 637 1244 636 1244 635 1244 597 1253 553 1234 552 1234 551 1234 516 1236 515 1236 514 1236 499 1247 474 1236 473 1236 472 1236 471 1236 448 1249 409 1242 408 1242 407 1242 377 1254 348 1250 347 1250 346 1250 334 1255 335 1287"/></Shape>
            <String CONTENT="tes illorũ officijs, et uidebis apoſtolicã inſtitutionen"
                    HPOS="334.0"
                    VPOS="1231.0"
                    WIDTH="787.0"
                    HEIGHT="73.0"
                    WC="0.9769865521069231"></String>
          </TextLine>
          <TextLine ID="line_23"
                    TAGREFS="LT8"
                    BASELINE="338 1336 890 1325 990 1330 1126 1345" 
                    HPOS="337.0"
                    VPOS="1287.0"
                    WIDTH="789.0"
                    HEIGHT="71.0">
            <Shape><Polygon POINTS="348 1309 344 1303 337 1301 338 1336 338 1351 358 1348 364 1351 375 1358 376 1358 377 1358 378 1358 379 1358 405 1351 431 1345 445 1351 458 1357 459 1357 460 1358 481 1358 481 1357 482 1357 483 1357 493 1351 506 1344 553 1346 554 1346 555 1346 556 1346 562 1340 615 1340 652 1350 653 1350 654 1350 655 1350 680 1338 725 1338 738 1347 739 1347 740 1347 741 1347 742 1347 761 1338 780 1345 781 1345 782 1345 783 1345 801 1337 869 1341 870 1341 871 1341 884 1336 933 1341 946 1351 947 1352 948 1352 949 1352 950 1352 951 1352 952 1352 954 1351 962 1346 968 1351 969 1352 970 1352 971 1352 972 1352 973 1352 980 1351 999 1346 1006 1351 1007 1351 1008 1351 1009 1351 1125 1350 1126 1345 1124 1298 1046 1298 1045 1298 1033 1290 1032 1290 1031 1290 1030 1290 994 1298 993 1298 991 1298 952 1287 951 1287 950 1287 949 1287 948 1287 931 1297 920 1289 919 1289 918 1289 883 1287 882 1287 881 1287 865 1294 851 1288 850 1288 792 1288 791 1288 790 1288 773 1296 736 1291 735 1291 681 1295 668 1290 667 1290 666 1290 611 1300 599 1301 546 1300 507 1299 489 1292 487 1292 486 1292 436 1300 418 1304 413 1300 398 1293 397 1293 396 1293 395 1293 374 1300 360 1306 350 1304 348 1309"/></Shape>
            <String CONTENT="noſtros ignorare. Igitur apoſtolus dat, ſi qui ſint qui"
                    HPOS="337.0"
                    VPOS="1287.0"
                    WIDTH="789.0"
                    HEIGHT="71.0"
                    WC="0.9889280286702242"></String>
          </TextLine>
          <TextLine ID="line_24"
                    TAGREFS="LT8"
                    BASELINE="338 1387 881 1375 1126 1393" 
                    HPOS="337.0"
                    VPOS="1336.0"
                    WIDTH="789.0"
                    HEIGHT="67.0">
            <Shape><Polygon POINTS="338 1387 338 1394 369 1403 370 1403 371 1403 444 1395 450 1395 453 1395 492 1403 493 1403 494 1403 495 1403 504 1396 504 1395 507 1396 533 1403 534 1403 535 1403 536 1403 558 1396 568 1393 575 1396 584 1401 585 1401 614 1402 615 1402 616 1402 617 1402 624 1397 633 1391 832 1389 852 1398 859 1401 860 1401 861 1401 862 1401 863 1401 866 1398 878 1390 932 1393 933 1393 958 1388 986 1399 988 1400 989 1400 990 1400 991 1400 993 1399 1011 1393 1124 1400 1126 1393 1125 1354 1017 1354 972 1344 971 1344 970 1344 969 1344 963 1348 931 1336 930 1336 929 1336 744 1337 743 1337 703 1350 672 1338 670 1338 669 1338 668 1338 667 1338 660 1345 636 1340 635 1340 634 1340 597 1354 592 1355 573 1354 551 1338 550 1338 548 1338 547 1338 546 1338 511 1353 451 1349 450 1349 429 1354 425 1354 424 1354 409 1344 408 1344 407 1344 405 1344 404 1344 375 1354 367 1356 337 1354 338 1387"/></Shape>
            <String CONTENT="cupiunt præfici, quẽadmodũ hic deſcribit. Bonũ enim"
                    HPOS="337.0"
                    VPOS="1336.0"
                    WIDTH="789.0"
                    HEIGHT="67.0"
                    WC="0.9893977167429747"></String>
          </TextLine>
          <TextLine ID="line_25"
                    TAGREFS="LT8"
                    BASELINE="339 1437 895 1427 1128 1441" 
                    HPOS="338.0"
                    VPOS="1389.0"
                    WIDTH="790.0"
                    HEIGHT="65.0">
            <Shape><Polygon POINTS="339 1437 339 1447 381 1454 382 1454 383 1454 397 1448 403 1444 422 1448 463 1454 464 1454 499 1448 513 1446 517 1448 525 1452 526 1452 527 1452 529 1452 530 1452 535 1448 542 1442 559 1448 562 1449 563 1449 564 1449 573 1448 618 1442 639 1449 655 1453 656 1453 657 1453 658 1453 659 1453 665 1449 679 1440 725 1440 744 1449 749 1451 750 1451 751 1451 753 1451 754 1451 757 1449 773 1439 910 1439 953 1447 954 1447 956 1447 981 1439 1001 1450 1002 1450 1003 1451 1127 1451 1128 1441 1127 1400 1083 1400 1071 1393 1070 1393 1069 1393 1068 1393 1038 1399 1006 1389 1005 1389 1004 1389 1003 1389 969 1400 944 1389 943 1389 942 1389 876 1390 875 1390 873 1390 867 1395 818 1389 817 1389 816 1389 797 1397 782 1390 781 1390 780 1390 739 1398 661 1390 660 1390 659 1390 636 1402 541 1402 500 1391 499 1391 498 1391 497 1391 496 1391 484 1401 462 1392 461 1392 460 1392 459 1392 418 1403 338 1405 339 1437"/></Shape>
            <String CONTENT="opus deſyderant, non ſuam gloriã aut cõmodũ: officia"
                    HPOS="338.0"
                    VPOS="1389.0"
                    WIDTH="790.0"
                    HEIGHT="65.0"
                    WC="0.983624145117673"></String>
          </TextLine>
          <TextLine ID="line_26"
                    TAGREFS="LT8"
                    BASELINE="340 1486 887 1479 1127 1495" 
                    HPOS="337"
                    VPOS="1437"
                    WIDTH="787"
                    HEIGHT="88">
            <Shape><Polygon POINTS="339 1484 337 1511 396 1511 420 1522 450 1511 489 1522 854 1511 900 1525 983 1525 1021 1511 1045 1525 1124 1525 1124 1448 737 1437 712 1446 633 1437 596 1446 573 1437 566 1437 557 1448 446 1448 432 1437 424 1437 407 1448 339 1448 339 1484"/></Shape>
            <String CONTENT="enim ſunt, non dignitates. Eadem penè uides ad Titũ"
                    HPOS="337"
                    VPOS="1437"
                    WIDTH="787"
                    HEIGHT="88"
                    WC="0.9955434776702017"></String>
          </TextLine>
        </TextBlock>
        <TextBlock HPOS="144"
                   VPOS="1318"
                   WIDTH="191"
                   HEIGHT="164"
                   ID="block_5"
                   TAGREFS="BT3019">
          <Shape><Polygon POINTS="335 1318 335 1482 144 1482 144 1318"/></Shape>
          <TextLine ID="line_27"
                    TAGREFS="LT8"
                    BASELINE="148 1359 327 1353" 
                    HPOS="146.0"
                    VPOS="1312.0"
                    WIDTH="181.0"
                    HEIGHT="64.0">
            <Shape><Polygon POINTS="148 1359 148 1369 176 1376 177 1376 178 1376 179 1376 190 1369 205 1374 206 1374 207 1374 208 1374 209 1374 209 1373 214 1368 215 1368 219 1368 266 1373 267 1373 327 1366 327 1353 324 1316 304 1312 303 1312 274 1318 266 1320 265 1319 257 1314 256 1314 255 1314 254 1314 212 1315 146 1326 148 1359"/></Shape>
            <String CONTENT="epiſcopatus"
                    HPOS="146.0"
                    VPOS="1312.0"
                    WIDTH="181.0"
                    HEIGHT="64.0"
                    ></String>
          </TextLine>
          <TextLine ID="line_28"
                    TAGREFS="LT8"
                    BASELINE="149 1408 326 1401" 
                    HPOS="148.0"
                    VPOS="1385.0"
                    WIDTH="178.0"
                    HEIGHT="44.0">
            <Shape><Polygon POINTS="316 1386 306 1386 295 1386 285 1386 274 1386 263 1386 253 1386 242 1386 232 1386 221 1386 211 1386 200 1386 190 1386 179 1386 169 1386 158 1386 157 1385 148 1385 149 1408 149 1421 177 1429 178 1429 207 1428 208 1428 209 1428 209 1427 210 1427 213 1421 215 1419 326 1420 326 1401 322 1386 316 1386"/></Shape>
            <String CONTENT="officiũ, nõ"
                    HPOS="148.0"
                    VPOS="1385.0"
                    WIDTH="178.0"
                    HEIGHT="44.0"
                    ></String>
          </TextLine>
          <TextLine ID="line_29"
                    TAGREFS="LT8"
                    BASELINE="149 1457 324 1454" 
                    HPOS="148.0"
                    VPOS="1418.0"
                    WIDTH="176.0"
                    HEIGHT="66.0">
            <Shape><Polygon POINTS="149 1457 149 1477 194 1484 195 1484 196 1484 209 1480 219 1476 247 1476 258 1481 263 1484 265 1484 266 1484 324 1483 324 1454 321 1418 254 1426 247 1422 239 1419 238 1419 237 1419 236 1419 226 1423 221 1426 210 1425 161 1420 160 1420 159 1420 158 1420 148 1426 149 1457"/></Shape>
            <String CONTENT="dignitas eſt"
                    HPOS="148.0"
                    VPOS="1418.0"
                    WIDTH="176.0"
                    HEIGHT="66.0"
                    ></String>
          </TextLine>
        </TextBlock>
      </PrintSpace>
    </Page>
  </Layout>
</alto>
