<?xml version="1.0" encoding="UTF-8"?>
<alto xmlns:xsi="http://www.w3.org/2001/XMLSchema-instance"
      xmlns="http://www.loc.gov/standards/alto/ns-v4#"
      xsi:schemaLocation="http://www.loc.gov/standards/alto/ns-v4# http://www.loc.gov/standards/alto/v4/alto-4-2.xsd">
  <Description>
    <MeasurementUnit>pixel</MeasurementUnit>
    <sourceImageInformation>
      <fileName>bsb10143002_00317.jpg</fileName>
    </sourceImageInformation>
  </Description>
  <Tags>
    <OtherTag ID="BT7" LABEL="CustomZone" DESCRIPTION="block type CustomZone"/><OtherTag ID="BT8" LABEL="DamageZone" DESCRIPTION="block type DamageZone"/><OtherTag ID="BT9" LABEL="DigitizationArtefactZone" DESCRIPTION="block type DigitizationArtefactZone"/><OtherTag ID="BT10" LABEL="DropCapitalZone" DESCRIPTION="block type DropCapitalZone"/><OtherTag ID="BT11" LABEL="GraphicZone" DESCRIPTION="block type GraphicZone"/><OtherTag ID="BT12" LABEL="MainZone" DESCRIPTION="block type MainZone"/><OtherTag ID="BT13" LABEL="MarginTextZone" DESCRIPTION="block type MarginTextZone"/><OtherTag ID="BT14" LABEL="MusicZone" DESCRIPTION="block type MusicZone"/><OtherTag ID="BT15" LABEL="NumberingZone" DESCRIPTION="block type NumberingZone"/><OtherTag ID="BT17" LABEL="QuireMarksZone" DESCRIPTION="block type QuireMarksZone"/><OtherTag ID="BT18" LABEL="RunningTitleZone" DESCRIPTION="block type RunningTitleZone"/><OtherTag ID="BT19" LABEL="SealZone" DESCRIPTION="block type SealZone"/><OtherTag ID="BT20" LABEL="StampZone" DESCRIPTION="block type StampZone"/><OtherTag ID="BT21" LABEL="TableZone" DESCRIPTION="block type TableZone"/><OtherTag ID="BT22" LABEL="TitlePageZone" DESCRIPTION="block type TitlePageZone"/><OtherTag ID="BT3137" LABEL="MainZone-Head" DESCRIPTION="block type MainZone-Head"/><OtherTag ID="BT3138" LABEL="MainZone-P" DESCRIPTION="block type MainZone-P"/><OtherTag ID="BT3139" LABEL="GraphicZone-Decoration" DESCRIPTION="block type GraphicZone-Decoration"/><OtherTag ID="BT3140" LABEL="MainZone-P-Continued" DESCRIPTION="block type MainZone-P-Continued"/><OtherTag ID="BT3141" LABEL="MarginTextZone-ManuscriptAddendum" DESCRIPTION="block type MarginTextZone-ManuscriptAddendum"/>
    <OtherTag ID="LT7" LABEL="CustomLine" DESCRIPTION="line type CustomLine"/><OtherTag ID="LT8" LABEL="DefaultLine" DESCRIPTION="line type DefaultLine"/><OtherTag ID="LT9" LABEL="DropCapitalLine" DESCRIPTION="line type DropCapitalLine"/><OtherTag ID="LT10" LABEL="HeadingLine" DESCRIPTION="line type HeadingLine"/><OtherTag ID="LT11" LABEL="InterlinearLine" DESCRIPTION="line type InterlinearLine"/><OtherTag ID="LT12" LABEL="MusicLine" DESCRIPTION="line type MusicLine"/>
  </Tags>
  <Layout>
    <Page WIDTH="2442"
          HEIGHT="3741"
          PHYSICAL_IMG_NR="5"
          ID="eSc_dummypage_">
      <PrintSpace HPOS="0"
                  VPOS="0"
                  WIDTH="2442"
                  HEIGHT="3741">
        <TextBlock HPOS="1978"
                   VPOS="158"
                   WIDTH="128"
                   HEIGHT="68"
                   ID="block_1"
                   TAGREFS="BT15">
          <Shape><Polygon POINTS="2106 158 2106 226 1978 226 1978 158"/></Shape>
          <TextLine ID="line_0"
                    TAGREFS="LT8"
                    BASELINE="1996 199 2090 199" 
                    HPOS="1996.0"
                    VPOS="147.0"
                    WIDTH="94.0"
                    HEIGHT="83.0">
            <Shape><Polygon POINTS="1996 199 1996 224 2088 230 2090 199 2090 147 1996 147 1996 199"/></Shape>
            <String CONTENT="142"
                    HPOS="1996.0"
                    VPOS="147.0"
                    WIDTH="94.0"
                    HEIGHT="83.0"
                    WC="0.9999839464823405"></String>
          </TextLine>
        </TextBlock>
        <TextBlock HPOS="736"
                   VPOS="150"
                   WIDTH="245"
                   HEIGHT="67"
                   ID="block_6"
                   TAGREFS="BT18">
          <Shape><Polygon POINTS="981 150 981 217 736 217 736 150"/></Shape>
          <TextLine ID="line_1"
                    TAGREFS="LT8"
                    BASELINE="745 193 961 193" 
                    HPOS="742"
                    VPOS="152"
                    WIDTH="218"
                    HEIGHT="72">
            <Shape><Polygon POINTS="929 152 898 152 867 152 835 152 804 152 773 152 742 152 742 190 742 218 957 224 960 190 960 152 929 152"/></Shape>
            <String CONTENT="CAPVT"
                    HPOS="742"
                    VPOS="152"
                    WIDTH="218"
                    HEIGHT="72"
                    WC="0.9999748945236206"></String>
          </TextLine>
        </TextBlock>
        <TextBlock HPOS="1434"
                   VPOS="147"
                   WIDTH="153"
                   HEIGHT="65"
                   ID="block_2"
                   TAGREFS="BT18">
          <Shape><Polygon POINTS="1587 147 1587 212 1434 212 1434 147"/></Shape>
          <TextLine ID="line_2"
                    TAGREFS="LT8"
                    BASELINE="1454 189 1563 189" 
                    HPOS="1453"
                    VPOS="149"
                    WIDTH="109"
                    HEIGHT="75">
            <Shape><Polygon POINTS="1546 149 1515 149 1484 149 1453 149 1453 187 1453 224 1562 224 1562 187 1562 149 1546 149"/></Shape>
            <String CONTENT=".III."
                    HPOS="1453"
                    VPOS="149"
                    WIDTH="109"
                    HEIGHT="75"
                    ></String>
          </TextLine>
        </TextBlock>
        <TextBlock HPOS="131"
                   VPOS="217"
                   WIDTH="1893"
                   HEIGHT="1098"
                   ID="block_0"
                   TAGREFS="BT3140">
          <Shape><Polygon POINTS="2024 217 2020 1307 1082 1308 131 1315 131 217"/></Shape>
          <TextLine ID="line_3"
                    TAGREFS="LT8"
                    BASELINE="141 255 2032 259" 
                    HPOS="139.0"
                    VPOS="184.0"
                    WIDTH="1893.0"
                    HEIGHT="102.0">
            <Shape><Polygon POINTS="141 255 139 280 2028 286 2032 259 2030 211 1913 187 1911 187 1838 201 1674 187 1672 187 1670 187 1668 187 1639 207 1632 209 1576 207 1410 197 1408 197 1347 205 1308 209 1295 203 1260 187 1258 187 1085 184 1083 184 1081 184 1021 201 998 209 769 209 740 199 732 197 730 197 728 197 725 197 721 199 703 209 432 209 411 197 395 184 393 184 391 184 388 184 141 193 141 255"/></Shape>
            <String CONTENT="non permitto.] Et diximus publice | ad differentiam doctrinę domeſticę : qua mater debet erudite filios"
                    HPOS="139.0"
                    VPOS="184.0"
                    WIDTH="1893.0"
                    HEIGHT="102.0"
                    ></String>
          </TextLine>
          <TextLine ID="line_4"
                    TAGREFS="LT8"
                    BASELINE="141 307 2021 307" 
                    HPOS="141.0"
                    VPOS="272.0"
                    WIDTH="1880.0"
                    HEIGHT="62.0">
            <Shape><Polygon POINTS="141 307 141 334 2021 328 2021 307 2019 272 141 272 141 307"/></Shape>
            <String CONTENT="&amp; filias. NEQVE dominari pro. ne autoritatem habere | in virum. ] Directe hoc reſpicit vxores : quas"
                    HPOS="141.0"
                    VPOS="272.0"
                    WIDTH="1880.0"
                    HEIGHT="62.0"
                    ></String>
          </TextLine>
          <TextLine ID="line_5"
                    TAGREFS="LT8"
                    BASELINE="141 355 2017 359" 
                    HPOS="139.0"
                    VPOS="317.0"
                    WIDTH="1878.0"
                    HEIGHT="59.0">
            <Shape><Polygon POINTS="141 355 139 372 2013 376 2017 359 2015 322 141 317 141 355"/></Shape>
            <String CONTENT="nefas eſt autoritarẽ habere in maritos. SED eſſein ſilentio.] vt non ſolum opere ſed nec ſermone auto¬"
                    HPOS="139.0"
                    VPOS="317.0"
                    WIDTH="1878.0"
                    HEIGHT="59.0"
                    ></String>
          </TextLine>
          <TextLine ID="line_6"
                    TAGREFS="LT8"
                    BASELINE="143 407 2017 407" 
                    HPOS="143.0"
                    VPOS="369.0"
                    WIDTH="1874.0"
                    HEIGHT="59.0">
            <Shape><Polygon POINTS="143 407 143 428 2017 426 2017 407 2017 372 143 369 143 407"/></Shape>
            <String CONTENT="ritatem ſibi vſurpet in virum. ADAM enim primus formatus eſt, deinde eua.] Exordine quo moyſes"
                    HPOS="143.0"
                    VPOS="369.0"
                    WIDTH="1874.0"
                    HEIGHT="59.0"
                    ></String>
          </TextLine>
          <TextLine ID="line_7"
                    TAGREFS="LT8"
                    BASELINE="161 463 2017 457" 
                    HPOS="155"
                    VPOS="411"
                    WIDTH="1859"
                    HEIGHT="69">
            <Shape><Polygon POINTS="159 461 159 480 2014 476 2014 455 2008 411 155 411 159 461"/></Shape>
            <String CONTENT="narrat formationem adæ &amp; euæ, probat virum præefſe mulieri &amp; non econuerſo. ET ADAM non eſt"
                    HPOS="155"
                    VPOS="411"
                    WIDTH="1859"
                    HEIGHT="69"
                    WC="0.9892729009900775"></String>
          </TextLine>
          <TextLine ID="line_8"
                    TAGREFS="LT8"
                    BASELINE="143 502 2011 507" 
                    HPOS="143.0"
                    VPOS="467.0"
                    WIDTH="1868.0"
                    HEIGHT="58.0">
            <Shape><Polygon POINTS="143 502 143 525 2009 525 2011 507 2009 471 143 467 143 502"/></Shape>
            <String CONTENT="ſeductus, mulier aurem ſeducta in pręuaricatione fuit. ] Eadem vtitur hiſtoria : in qua mulier ipſa pro¬"
                    HPOS="143.0"
                    VPOS="467.0"
                    WIDTH="1868.0"
                    HEIGHT="58.0"
                    ></String>
          </TextLine>
          <TextLine ID="line_9"
                    TAGREFS="LT8"
                    BASELINE="141 556 2011 556" 
                    HPOS="141.0"
                    VPOS="519.0"
                    WIDTH="1870.0"
                    HEIGHT="65.0">
            <Shape><Polygon POINTS="141 556 141 584 2011 584 2011 556 2011 521 141 519 141 556"/></Shape>
            <String CONTENT="feſſa eſt ſe ſeductã a ſerpente. adam vero nõ ſe excuſauit vt decęptum | ſed vt allectum ab vxore : vt ibi pa¬"
                    HPOS="141.0"
                    VPOS="519.0"
                    WIDTH="1870.0"
                    HEIGHT="65.0"
                    ></String>
          </TextLine>
          <TextLine ID="line_10"
                    TAGREFS="LT8"
                    BASELINE="143 602 2009 606" 
                    HPOS="141.0"
                    VPOS="565.0"
                    WIDTH="1868.0"
                    HEIGHT="60.0">
            <Shape><Polygon POINTS="143 602 141 619 2005 625 2009 606 2007 569 143 565 143 602"/></Shape>
            <String CONTENT="tet. Præſtat ita vir mulieri tum ordine formationis | tum vigore rationis. SALVABITVR autem per"
                    HPOS="141.0"
                    VPOS="565.0"
                    WIDTH="1868.0"
                    HEIGHT="60.0"
                    ></String>
          </TextLine>
          <TextLine ID="line_11"
                    TAGREFS="LT8"
                    BASELINE="141 654 2007 650" 
                    HPOS="139.0"
                    VPOS="613.0"
                    WIDTH="1868.0"
                    HEIGHT="62.0">
            <Shape><Polygon POINTS="141 654 141 675 2005 673 2007 650 2003 617 139 613 141 654"/></Shape>
            <String CONTENT="filiorum generationem ſi permanſerit, pro. ſi manſerint | in fide &amp; dilectione &amp; ſanctificatione cum ſo¬"
                    HPOS="139.0"
                    VPOS="613.0"
                    WIDTH="1868.0"
                    HEIGHT="62.0"
                    ></String>
          </TextLine>
          <TextLine ID="line_12"
                    TAGREFS="LT8"
                    BASELINE="143 700 2009 704" 
                    HPOS="141.0"
                    VPOS="660.0"
                    WIDTH="1868.0"
                    HEIGHT="71.0">
            <Shape><Polygon POINTS="143 700 141 721 2005 731 2009 704 2005 660 143 660 143 700"/></Shape>
            <String CONTENT="brietate pro. modeſtia.] Ordo literæ eſt. ſaluabitur autem ſi manſerint (ipſa &amp; vir) per filiorum genera¬"
                    HPOS="141.0"
                    VPOS="660.0"
                    WIDTH="1868.0"
                    HEIGHT="71.0"
                    ></String>
          </TextLine>
          <TextLine ID="line_13"
                    TAGREFS="LT8"
                    BASELINE="143 754 2005 754" 
                    HPOS="143.0"
                    VPOS="710.0"
                    WIDTH="1862.0"
                    HEIGHT="65.0">
            <Shape><Polygon POINTS="143 754 143 775 2005 773 2005 754 2005 717 143 710 143 754"/></Shape>
            <String CONTENT="tionem in fide &amp;c̃ ¶ Meritorium ſalutis aſtruit eſſe coningium mulieri : ex hoc ꝙ ſi ob filiorum genera¬"
                    HPOS="143.0"
                    VPOS="710.0"
                    WIDTH="1862.0"
                    HEIGHT="65.0"
                    ></String>
          </TextLine>
          <TextLine ID="line_14"
                    TAGREFS="LT8"
                    BASELINE="143 802 2003 802" 
                    HPOS="143.0"
                    VPOS="760.0"
                    WIDTH="1860.0"
                    HEIGHT="63.0">
            <Shape><Polygon POINTS="143 802 143 823 2003 823 2003 802 2003 760 143 760 143 802"/></Shape>
            <String CONTENT="tionem manſerit ſimul cum viro in fide &amp;c̃ ſaluabitur ipſa mulier. Et per hoc intellige explicari pro¬"
                    HPOS="143.0"
                    VPOS="760.0"
                    WIDTH="1860.0"
                    HEIGHT="63.0"
                    ></String>
          </TextLine>
          <TextLine ID="line_15"
                    TAGREFS="LT8"
                    BASELINE="145 854 2003 850" 
                    HPOS="143.0"
                    VPOS="810.0"
                    WIDTH="1860.0"
                    HEIGHT="64.0">
            <Shape><Polygon POINTS="145 854 145 872 1998 874 2003 850 1998 816 143 810 145 854"/></Shape>
            <String CONTENT="prium munus ſexus. Non docet paulus ſalutem mulieris pẽdere a generatione filiorum (quum facilius"
                    HPOS="143.0"
                    VPOS="810.0"
                    WIDTH="1860.0"
                    HEIGHT="64.0"
                    WC="0.9838908022763778"></String>
          </TextLine>
          <TextLine ID="line_16"
                    TAGREFS="LT8"
                    BASELINE="141 901 2003 901" 
                    HPOS="141.0"
                    VPOS="858.0"
                    WIDTH="1862.0"
                    HEIGHT="64.0">
            <Shape><Polygon POINTS="141 901 141 922 2003 922 2003 901 2003 866 141 858 141 901"/></Shape>
            <String CONTENT="ſaluetur virgo  coningata) ſed docet ꝙ vtendo officio ſexus | habet vnde ex ipſo vſu ſexus ſaluetur : hoc"
                    HPOS="141.0"
                    VPOS="858.0"
                    WIDTH="1862.0"
                    HEIGHT="64.0"
                    ></String>
          </TextLine>
          <TextLine ID="line_17"
                    TAGREFS="LT8"
                    BASELINE="141 947 1998 951" 
                    HPOS="139.0"
                    VPOS="912.0"
                    WIDTH="1859.0"
                    HEIGHT="58.0">
            <Shape><Polygon POINTS="141 947 139 966 1994 970 1998 951 1996 916 141 912 141 947"/></Shape>
            <String CONTENT="eſt ꝙ ad ſalutem eis operatur ſi ob filioꝶ generationem mãſerint cum viris ſuis in fide &amp;c̃. Et ſi vis oẽm"
                    HPOS="139.0"
                    VPOS="912.0"
                    WIDTH="1859.0"
                    HEIGHT="58.0"
                    ></String>
          </TextLine>
          <TextLine ID="line_18"
                    TAGREFS="LT8"
                    BASELINE="139 995 2001 999" 
                    HPOS="137.0"
                    VPOS="962.0"
                    WIDTH="1864.0"
                    HEIGHT="62.0">
            <Shape><Polygon POINTS="139 995 137 1016 1996 1024 2001 999 1998 964 139 962 139 995"/></Shape>
            <String CONTENT="ſcrupulum ab hac lectione excludere, ordina ſaluabitur pro p̃dicato totius enunciationis : ordinando li¬"
                    HPOS="137.0"
                    VPOS="962.0"
                    WIDTH="1864.0"
                    HEIGHT="62.0"
                    ></String>
          </TextLine>
          <TextLine ID="line_19"
                    TAGREFS="LT8"
                    BASELINE="139 1045 1998 1049" 
                    HPOS="139.0"
                    VPOS="1007.0"
                    WIDTH="1859.0"
                    HEIGHT="63.0">
            <Shape><Polygon POINTS="139 1045 139 1070 1996 1070 1998 1049 1996 1014 139 1007 139 1045"/></Shape>
            <String CONTENT="teram ſic.ſi permanſerint aũt per filioꝶ generationem in fide &amp; dilectione &amp; ſanctificatione cum mode¬"
                    HPOS="139.0"
                    VPOS="1007.0"
                    WIDTH="1859.0"
                    HEIGHT="63.0"
                    ></String>
          </TextLine>
          <TextLine ID="line_20"
                    TAGREFS="LT8"
                    BASELINE="139 1099 2003 1099" 
                    HPOS="139.0"
                    VPOS="1057.0"
                    WIDTH="1864.0"
                    HEIGHT="67.0">
            <Shape><Polygon POINTS="139 1099 139 1120 2001 1124 2003 1099 2001 1057 139 1057 139 1099"/></Shape>
            <String CONTENT="ſtia | ſaluabitur. Sic .n. clare ſignificatur ꝙ non pendet ſalus mulieris a filioꝶ generatione, ſed ꝙ acquirit̃"
                    HPOS="139.0"
                    VPOS="1057.0"
                    WIDTH="1864.0"
                    HEIGHT="67.0"
                    ></String>
          </TextLine>
          <TextLine ID="line_21"
                    TAGREFS="LT8"
                    BASELINE="139 1149 2005 1149" 
                    HPOS="139.0"
                    VPOS="1105.0"
                    WIDTH="1866.0"
                    HEIGHT="67.0">
            <Shape><Polygon POINTS="139 1149 139 1172 2005 1170 2005 1149 2005 1109 139 1105 139 1149"/></Shape>
            <String CONTENT="ei ſalus ſi ſic manſerint.¶ Et nihilominus aduerte ꝙ nõ de muliere ſed de vxore eſt ſermo: de qua dixerat"
                    HPOS="139.0"
                    VPOS="1105.0"
                    WIDTH="1866.0"
                    HEIGHT="67.0"
                    ></String>
          </TextLine>
          <TextLine ID="line_22"
                    TAGREFS="LT8"
                    BASELINE="141 1197 2003 1192" 
                    HPOS="139.0"
                    VPOS="1161.0"
                    WIDTH="1864.0"
                    HEIGHT="63.0">
            <Shape><Polygon POINTS="141 1197 141 1224 2001 1217 2003 1192 1998 1161 139 1161 141 1197"/></Shape>
            <String CONTENT="ne autoritatẽ habere in virum. de ipſa .n. ſubiungit ſaluabitur aſit &amp;c̃. ¶ Et meminit ſpecialiter ſancti¬"
                    HPOS="139.0"
                    VPOS="1161.0"
                    WIDTH="1864.0"
                    HEIGHT="63.0"
                    ></String>
          </TextLine>
          <TextLine ID="line_23"
                    TAGREFS="LT8"
                    BASELINE="143 1247 2007 1251" 
                    HPOS="141.0"
                    VPOS="1205.0"
                    WIDTH="1866.0"
                    HEIGHT="73.0">
            <Shape><Polygon POINTS="143 1247 141 1265 330 1278 332 1278 2005 1276 2007 1251 2005 1207 143 1205 143 1247"/></Shape>
            <String CONTENT="taris ac modeſtię : quoniam tam mundicia in vſu coningii  moderatio in vſu rerum &amp; gubernatione"
                    HPOS="141.0"
                    VPOS="1205.0"
                    WIDTH="1866.0"
                    HEIGHT="73.0"
                    ></String>
          </TextLine>
          <TextLine ID="line_24"
                    TAGREFS="LT8"
                    BASELINE="141 1294 898 1301" 
                    HPOS="139.0"
                    VPOS="1251.0"
                    WIDTH="759.0"
                    HEIGHT="68.0">
            <Shape><Polygon POINTS="141 1294 139 1315 894 1319 898 1301 896 1261 141 1251 141 1294"/></Shape>
            <String CONTENT="familiæ | peculiaris eſſe debet coniugatis."
                    HPOS="139.0"
                    VPOS="1251.0"
                    WIDTH="759.0"
                    HEIGHT="68.0"
                    ></String>
          </TextLine>
        </TextBlock>
        <TextBlock HPOS="710"
                   VPOS="1320"
                   WIDTH="680"
                   HEIGHT="45"
                   ID="eSc_textblock_4a48cbcc"
                   TAGREFS="BT3137">
          <Shape><Polygon POINTS="1390 1320 1390 1358 1013 1365 710 1358 710 1320"/></Shape>
          <TextLine ID="line_26"
                    TAGREFS="LT8"
                    BASELINE="736 1350 1368 1346" 
                    HPOS="717"
                    VPOS="1298"
                    WIDTH="651"
                    HEIGHT="67">
            <Shape><Polygon POINTS="719 1363 1364 1365 1368 1346 1362 1298 717 1309 719 1350"/></Shape>
            <String CONTENT="CAPVT .III."
                    HPOS="717"
                    VPOS="1298"
                    WIDTH="651"
                    HEIGHT="67"
                    WC="0.9477314569733359"></String>
          </TextLine>
        </TextBlock>
        <TextBlock HPOS="156"
                   VPOS="1367"
                   WIDTH="207"
                   HEIGHT="207"
                   ID="eSc_textblock_31678d14"
                   TAGREFS="BT10">
          <Shape><Polygon POINTS="156 1367 156 1574 363 1574 363 1367"/></Shape>
          <TextLine ID="eSc_line_c4d86d48"
                    TAGREFS="LT9"
                    BASELINE="186 1548 321 1536" 
                    HPOS="174"
                    VPOS="1455"
                    WIDTH="144"
                    HEIGHT="103">
            <Shape><Polygon POINTS="184 1558 314 1555 318 1533 308 1455 174 1455 184 1546 184 1558"/></Shape>
            <String CONTENT="F"
                    HPOS="174"
                    VPOS="1455"
                    WIDTH="144"
                    HEIGHT="103"
                    ></String>
          </TextLine>
        </TextBlock>
        <TextBlock HPOS="132"
                   VPOS="1361"
                   WIDTH="1889"
                   HEIGHT="1773"
                   ID="block_3"
                   TAGREFS="BT3138">
          <Shape><Polygon POINTS="2017 1361 2021 3134 132 3134 136 1365 985 1373"/></Shape>
          <TextLine ID="line_27"
                    TAGREFS="LT8"
                    BASELINE="374 1411 2005 1394" 
                    HPOS="368"
                    VPOS="1362"
                    WIDTH="1634"
                    HEIGHT="65">
            <Shape><Polygon POINTS="1989 1362 368 1362 371 1427 1999 1412 2002 1393 1992 1362 1989 1362"/></Shape>
            <String CONTENT="IDELIS ſermo. ] Proſequitur paulus particulam de corde puro | quo ad conſtitutos in ec¬"
                    HPOS="368"
                    VPOS="1362"
                    WIDTH="1634"
                    HEIGHT="65"
                    ></String>
          </TextLine>
          <TextLine ID="line_28"
                    TAGREFS="LT8"
                    BASELINE="373 1457 2007 1444" 
                    HPOS="368"
                    VPOS="1396"
                    WIDTH="1637"
                    HEIGHT="78">
            <Shape><Polygon POINTS="371 1455 371 1474 2005 1462 2005 1443 1996 1396 368 1399 371 1455"/></Shape>
            <String CONTENT="cleſiaſticis miniſteriis. Præponit aurem huic tractarui fidelis ſermo | ad ſignificandam veri¬"
                    HPOS="368"
                    VPOS="1396"
                    WIDTH="1637"
                    HEIGHT="78"
                    ></String>
          </TextLine>
          <TextLine ID="line_29"
                    TAGREFS="LT8"
                    BASELINE="375 1503 2005 1494" 
                    HPOS="371"
                    VPOS="1452"
                    WIDTH="1631"
                    HEIGHT="75">
            <Shape><Polygon POINTS="374 1502 374 1527 1999 1527 2002 1493 1992 1452 371 1452 374 1502"/></Shape>
            <String CONTENT="tatem dicendorum : ne quis imputaret paulo ꝙ nimis exigeret ex ꝓprio capite in epiſcopis"
                    HPOS="371"
                    VPOS="1452"
                    WIDTH="1631"
                    HEIGHT="75"
                    ></String>
          </TextLine>
          <TextLine ID="line_30"
                    TAGREFS="LT8"
                    BASELINE="371 1553 2005 1544" 
                    HPOS="364"
                    VPOS="1502"
                    WIDTH="1638"
                    HEIGHT="78">
            <Shape><Polygon POINTS="368 1552 368 1580 1999 1564 2002 1543 1996 1502 364 1502 368 1552"/></Shape>
            <String CONTENT="&amp; diaconis. Totum hoc excluditur | dicendo fidelis ſermo. ſignificatur enim ꝙ eſt fermo fide¬"
                    HPOS="364"
                    VPOS="1502"
                    WIDTH="1638"
                    HEIGHT="78"
                    ></String>
          </TextLine>
          <TextLine ID="line_31"
                    TAGREFS="LT8"
                    BASELINE="145 1596 2001 1592" 
                    HPOS="143.0"
                    VPOS="1556.0"
                    WIDTH="1858.0"
                    HEIGHT="60.0">
            <Shape><Polygon POINTS="145 1596 145 1616 1998 1612 2001 1592 1996 1560 143 1556 145 1596"/></Shape>
            <String CONTENT="lis domino, ꝙ eſt iuxta fidem quam debet paulus domino | &amp; non ẜm propriam ſententiam. SI QVIS"
                    HPOS="143.0"
                    VPOS="1556.0"
                    WIDTH="1858.0"
                    HEIGHT="60.0"
                    ></String>
          </TextLine>
          <TextLine ID="line_32"
                    TAGREFS="LT8"
                    BASELINE="145 1641 2005 1646" 
                    HPOS="143.0"
                    VPOS="1602.0"
                    WIDTH="1862.0"
                    HEIGHT="71.0">
            <Shape><Polygon POINTS="145 1641 143 1666 2001 1673 2005 1646 2003 1602 145 1602 145 1641"/></Shape>
            <String CONTENT="epiſcopatum deſiderat | bonum opus deſiderat.] Initium fidelis ſermonis eſt ſi quis ſuperintendentiã"
                    HPOS="143.0"
                    VPOS="1602.0"
                    WIDTH="1862.0"
                    HEIGHT="71.0"
                    ></String>
          </TextLine>
          <TextLine ID="line_33"
                    TAGREFS="LT8"
                    BASELINE="143 1693 2005 1693" 
                    HPOS="143.0"
                    VPOS="1656.0"
                    WIDTH="1862.0"
                    HEIGHT="60.0">
            <Shape><Polygon POINTS="143 1693 143 1716 2005 1716 2005 1693 2005 1660 143 1656 143 1693"/></Shape>
            <String CONTENT="cupit, bonum (ſeu præclarum) opus deſiderat. Non dicit ſi quis dignitatem | ſi quis gradum | ſi quis pro¬"
                    HPOS="143.0"
                    VPOS="1656.0"
                    WIDTH="1862.0"
                    HEIGHT="60.0"
                    ></String>
          </TextLine>
          <TextLine ID="line_34"
                    TAGREFS="LT8"
                    BASELINE="143 1745 2007 1741" 
                    HPOS="141.0"
                    VPOS="1704.0"
                    WIDTH="1866.0"
                    HEIGHT="62.0">
            <Shape><Polygon POINTS="143 1745 143 1766 2005 1762 2007 1741 2001 1704 141 1710 143 1745"/></Shape>
            <String CONTENT="uentus | ſi quis honores | ſi quis gloriam epiſcopatus : ſed ſi quis ipſum epiſcopatũ (hoc eſt ipſam ſuperin"
                    HPOS="141.0"
                    VPOS="1704.0"
                    WIDTH="1866.0"
                    HEIGHT="62.0"
                    ></String>
          </TextLine>
          <TextLine ID="line_35"
                    TAGREFS="LT8"
                    BASELINE="143 1791 2005 1795" 
                    HPOS="141.0"
                    VPOS="1747.0"
                    WIDTH="1864.0"
                    HEIGHT="75.0">
            <Shape><Polygon POINTS="143 1791 141 1810 2001 1822 2005 1795 2003 1760 143 1747 143 1791"/></Shape>
            <String CONTENT="tendentiam | ipſum ſuperintendere) deſiderat, proculdubio deſiderat opus quum ſuperintẽdere ſit opus,"
                    HPOS="141.0"
                    VPOS="1747.0"
                    WIDTH="1864.0"
                    HEIGHT="75.0"
                    ></String>
          </TextLine>
          <TextLine ID="line_36"
                    TAGREFS="LT8"
                    BASELINE="141 1845 2009 1841" 
                    HPOS="139.0"
                    VPOS="1808.0"
                    WIDTH="1870.0"
                    HEIGHT="56.0">
            <Shape><Polygon POINTS="141 1845 141 1864 2007 1860 2009 1841 2003 1808 139 1808 141 1845"/></Shape>
            <String CONTENT="non qualecun ſed opus bonum ex ſuo genere | immo opus pręclarum ex proprio genere. Nec hoc eget"
                    HPOS="139.0"
                    VPOS="1808.0"
                    WIDTH="1870.0"
                    HEIGHT="56.0"
                    ></String>
          </TextLine>
          <TextLine ID="line_37"
                    TAGREFS="LT8"
                    BASELINE="143 1893 2005 1889" 
                    HPOS="141.0"
                    VPOS="1849.0"
                    WIDTH="1864.0"
                    HEIGHT="73.0">
            <Shape><Polygon POINTS="143 1893 143 1922 2003 1909 2005 1889 2001 1855 162 1849 160 1849 158 1849 156 1849 141 1858 143 1893"/></Shape>
            <String CONTENT="probatione aliqua : quoniam manifeſte conſtat ſic eſſe. Nullum ita peccatũ eſt ex proprio genere | deſi¬"
                    HPOS="141.0"
                    VPOS="1849.0"
                    WIDTH="1864.0"
                    HEIGHT="73.0"
                    ></String>
          </TextLine>
          <TextLine ID="line_38"
                    TAGREFS="LT8"
                    BASELINE="141 1943 2005 1943" 
                    HPOS="141.0"
                    VPOS="1905.0"
                    WIDTH="1864.0"
                    HEIGHT="59.0">
            <Shape><Polygon POINTS="141 1943 141 1964 2005 1961 2005 1943 2003 1905 141 1905 141 1943"/></Shape>
            <String CONTENT="derare epiſcopatum: hoc eſt ipſum ſuperintendere. Secus autem eſt de appetitu gradus | honoris | prouen¬"
                    HPOS="141.0"
                    VPOS="1905.0"
                    WIDTH="1864.0"
                    HEIGHT="59.0"
                    ></String>
          </TextLine>
          <TextLine ID="line_39"
                    TAGREFS="LT8"
                    BASELINE="143 1995 2007 1988" 
                    HPOS="141.0"
                    VPOS="1945.0"
                    WIDTH="1866.0"
                    HEIGHT="68.0">
            <Shape><Polygon POINTS="143 1995 143 2013 2005 2011 2007 1988 2001 1945 141 1949 143 1995"/></Shape>
            <String CONTENT="tuum &amp; huiuſmodi. nihil enim horum eſt opus bonũ: quum nec ſit opus. OPORTET enim. pro. igit̃ |"
                    HPOS="141.0"
                    VPOS="1945.0"
                    WIDTH="1866.0"
                    HEIGHT="68.0"
                    ></String>
          </TextLine>
          <TextLine ID="line_40"
                    TAGREFS="LT8"
                    BASELINE="143 2043 2005 2036" 
                    HPOS="141.0"
                    VPOS="1997.0"
                    WIDTH="1864.0"
                    HEIGHT="68.0">
            <Shape><Polygon POINTS="143 2043 143 2065 2003 2065 2005 2036 2001 2003 205 1997 203 1997 141 2007 143 2043"/></Shape>
            <String CONTENT="epiſcopum irrepręhenſibilem eſſe.] Ex ratione excellentis bonitatis huiuſmodi operis quod eſt ſupin"
                    HPOS="141.0"
                    VPOS="1997.0"
                    WIDTH="1864.0"
                    HEIGHT="68.0"
                    ></String>
          </TextLine>
          <TextLine ID="line_41"
                    TAGREFS="LT8"
                    BASELINE="143 2092 2009 2088" 
                    HPOS="141.0"
                    VPOS="2053.0"
                    WIDTH="1868.0"
                    HEIGHT="58.0">
            <Shape><Polygon POINTS="143 2092 143 2111 2007 2107 2009 2088 2003 2053 141 2053 143 2092"/></Shape>
            <String CONTENT="renderejillariue dicit oporter igirur epiſcopũ eſſe irreprȩhenſibilem. Et hæc eſt prima conditio epiſcopi"
                    HPOS="141.0"
                    VPOS="2053.0"
                    WIDTH="1868.0"
                    HEIGHT="58.0"
                    WC="0.9966710009307505"></String>
          </TextLine>
          <TextLine ID="line_42"
                    TAGREFS="LT8"
                    BASELINE="143 2142 2009 2136" 
                    HPOS="141.0"
                    VPOS="2099.0"
                    WIDTH="1868.0"
                    HEIGHT="62.0">
            <Shape><Polygon POINTS="143 2142 143 2161 2007 2155 2009 2136 2005 2101 141 2099 143 2142"/></Shape>
            <String CONTENT="relatiue ad malos mores | vt nihil in eo ſit repręhenſibile. Et vere ex eo ꝙ aliis ſuperintendit repręhendẽ¬"
                    HPOS="141.0"
                    VPOS="2099.0"
                    WIDTH="1868.0"
                    HEIGHT="62.0"
                    ></String>
          </TextLine>
          <TextLine ID="line_43"
                    TAGREFS="LT8"
                    BASELINE="145 2190 2011 2186" 
                    HPOS="143.0"
                    VPOS="2153.0"
                    WIDTH="1868.0"
                    HEIGHT="56.0">
            <Shape><Polygon POINTS="145 2190 145 2209 2009 2205 2011 2186 2005 2153 143 2155 145 2190"/></Shape>
            <String CONTENT="dis, manifeſte infertur ꝙ oportet ipſum eſſe irrepręhenſibilẽ. qua enim fronte poreſt alios repręhendere"
                    HPOS="143.0"
                    VPOS="2153.0"
                    WIDTH="1868.0"
                    HEIGHT="56.0"
                    WC="0.9917632302391195"></String>
          </TextLine>
          <TextLine ID="line_44"
                    TAGREFS="LT8"
                    BASELINE="147 2240 2011 2234" 
                    HPOS="145.0"
                    VPOS="2200.0"
                    WIDTH="1866.0"
                    HEIGHT="65.0">
            <Shape><Polygon POINTS="147 2240 147 2265 2009 2254 2011 2234 2005 2200 145 2205 147 2240"/></Shape>
            <String CONTENT="qui repręhenſibilis eſt. diceretur nã ei | medice cura teipſum. VNIVS vxoris virum.] Secũda condi¬"
                    HPOS="145.0"
                    VPOS="2200.0"
                    WIDTH="1866.0"
                    HEIGHT="65.0"
                    ></String>
          </TextLine>
          <TextLine ID="line_45"
                    TAGREFS="LT8"
                    BASELINE="145 2290 2009 2286" 
                    HPOS="143.0"
                    VPOS="2242.0"
                    WIDTH="1866.0"
                    HEIGHT="67.0">
            <Shape><Polygon POINTS="145 2290 145 2309 2007 2304 2009 2286 2003 2242 143 2252 145 2290"/></Shape>
            <String CONTENT="tio negatiue intelligenda eſt : hoc eſt non plurium vxoꝶ virum. Non enim exigit paulus ab epiſcopo ꝙ"
                    HPOS="143.0"
                    VPOS="2242.0"
                    WIDTH="1866.0"
                    HEIGHT="67.0"
                    ></String>
          </TextLine>
          <TextLine ID="line_46"
                    TAGREFS="LT8"
                    BASELINE="143 2340 2011 2336" 
                    HPOS="141.0"
                    VPOS="2296.0"
                    WIDTH="1870.0"
                    HEIGHT="60.0">
            <Shape><Polygon POINTS="143 2340 143 2356 2011 2352 2011 2336 2005 2296 141 2300 143 2340"/></Shape>
            <String CONTENT="fuerit aut ſit coniugatus (qui conſulit meliorẽ eſſe cœlibatum | ſcribendo ad corin.) ſed exigit ꝙ ſi habet"
                    HPOS="141.0"
                    VPOS="2296.0"
                    WIDTH="1870.0"
                    HEIGHT="60.0"
                    ></String>
          </TextLine>
          <TextLine ID="line_47"
                    TAGREFS="LT8"
                    BASELINE="147 2392 2011 2383" 
                    HPOS="145.0"
                    VPOS="2342.0"
                    WIDTH="1866.0"
                    HEIGHT="64.0">
            <Shape><Polygon POINTS="147 2392 147 2406 2011 2398 2011 2383 2005 2342 145 2348 147 2392"/></Shape>
            <String CONTENT="vrorẽ ſit vir vnius vxoris. Sic .n. litera ſonat | dicendo eſſe. Quo contra de vidua inferius dicet in ca. 5. nõ"
                    HPOS="145.0"
                    VPOS="2342.0"
                    WIDTH="1866.0"
                    HEIGHT="64.0"
                    ></String>
          </TextLine>
          <TextLine ID="line_48"
                    TAGREFS="LT8"
                    BASELINE="147 2437 2009 2433" 
                    HPOS="145.0"
                    VPOS="2398.0"
                    WIDTH="1864.0"
                    HEIGHT="66.0">
            <Shape><Polygon POINTS="147 2437 147 2464 2007 2456 2009 2433 2003 2398 145 2398 147 2437"/></Shape>
            <String CONTENT="præſenti ſed p̃terito vtens tẽpore | quæ fuerit vnius viri vxor. Et dixit hoc, quia tunc tẽporis multi plures"
                    HPOS="145.0"
                    VPOS="2398.0"
                    WIDTH="1864.0"
                    HEIGHT="66.0"
                    ></String>
          </TextLine>
          <TextLine ID="line_49"
                    TAGREFS="LT8"
                    BASELINE="149 2487 2009 2483" 
                    HPOS="147.0"
                    VPOS="2448.0"
                    WIDTH="1862.0"
                    HEIGHT="62.0">
            <Shape><Polygon POINTS="149 2487 149 2508 2005 2510 2009 2483 2003 2448 147 2452 149 2487"/></Shape>
            <String CONTENT="vxores habebant | imitantes patres veteris teſtamenti : quũ nullibi legamus hoc prohibitũ. SOBRIVM"
                    HPOS="147.0"
                    VPOS="2448.0"
                    WIDTH="1862.0"
                    HEIGHT="62.0"
                    ></String>
          </TextLine>
          <TextLine ID="line_50"
                    TAGREFS="LT8"
                    BASELINE="147 2539 2007 2533" 
                    HPOS="145.0"
                    VPOS="2498.0"
                    WIDTH="1862.0"
                    HEIGHT="68.0">
            <Shape><Polygon POINTS="147 2539 147 2566 2005 2554 2007 2533 2003 2498 145 2498 147 2539"/></Shape>
            <String CONTENT="pro. vigilem.P Tertia cõditio vigilantiã ſumme neceſſariam ſupintendenti explicat. PRVDENTEM"
                    HPOS="145.0"
                    VPOS="2498.0"
                    WIDTH="1862.0"
                    HEIGHT="68.0"
                    WC="0.9903192646959995"></String>
          </TextLine>
          <TextLine ID="line_51"
                    TAGREFS="LT8"
                    BASELINE="149 2587 2009 2583" 
                    HPOS="147.0"
                    VPOS="2548.0"
                    WIDTH="1862.0"
                    HEIGHT="66.0">
            <Shape><Polygon POINTS="149 2587 149 2614 2007 2608 2009 2583 2003 2548 147 2550 149 2587"/></Shape>
            <String CONTENT="pro. modeſtum.] Quarta conditio ſumme quo eſt neceſſaria ſuꝑintendenti. vt vigilantia comitem"
                    HPOS="147.0"
                    VPOS="2548.0"
                    WIDTH="1862.0"
                    HEIGHT="66.0"
                    ></String>
          </TextLine>
          <TextLine ID="line_52"
                    TAGREFS="LT8"
                    BASELINE="149 2631 2007 2635" 
                    HPOS="147.0"
                    VPOS="2595.0"
                    WIDTH="1860.0"
                    HEIGHT="59.0">
            <Shape><Polygon POINTS="149 2631 147 2651 2003 2654 2007 2635 2005 2599 149 2595 149 2631"/></Shape>
            <String CONTENT="habeat moderationẽ : vt ipſe ſic ſit vigil vt tñ ſit modeſtus | &amp; ſic modeſtus vt tñ ſit vigil. ORNATVM.]"
                    HPOS="147.0"
                    VPOS="2595.0"
                    WIDTH="1860.0"
                    HEIGHT="59.0"
                    ></String>
          </TextLine>
          <TextLine ID="line_53"
                    TAGREFS="LT8"
                    BASELINE="147 2687 2009 2678" 
                    HPOS="145.0"
                    VPOS="2645.0"
                    WIDTH="1864.0"
                    HEIGHT="71.0">
            <Shape><Polygon POINTS="147 2687 149 2716 195 2705 1067 2712 1075 2712 1077 2712 1079 2712 1121 2701 2005 2708 2009 2678 2003 2645 145 2649 147 2687"/></Shape>
            <String CONTENT="proculdubio cõpoſitione geſtuum | actionũ | eloquii | &amp; aliis bonis moribus. PVDICVM.] Superfluit"
                    HPOS="145.0"
                    VPOS="2645.0"
                    WIDTH="1864.0"
                    HEIGHT="71.0"
                    ></String>
          </TextLine>
          <TextLine ID="line_54"
                    TAGREFS="LT8"
                    BASELINE="159 2745 2007 2730" 
                    HPOS="152"
                    VPOS="2687"
                    WIDTH="1853"
                    HEIGHT="78">
            <Shape><Polygon POINTS="155 2743 155 2765 2002 2755 2005 2727 1996 2687 152 2699 155 2743"/></Shape>
            <String CONTENT="pudicum. Sexto .n. loco dr̃. HOSPITALEM.P Rara eſt hęc hodie virtus. DOCTOREM.] nõ laurea,"
                    HPOS="152"
                    VPOS="2687"
                    WIDTH="1853"
                    HEIGHT="78"
                    ></String>
          </TextLine>
          <TextLine ID="line_55"
                    TAGREFS="LT8"
                    BASELINE="149 2784 2009 2778" 
                    HPOS="147.0"
                    VPOS="2745.0"
                    WIDTH="1862.0"
                    HEIGHT="62.0">
            <Shape><Polygon POINTS="1998 2757 1978 2757 1957 2757 1936 2757 1915 2757 1894 2757 1874 2757 1853 2757 1832 2757 1811 2757 1790 2757 1770 2757 1749 2757 1728 2757 1707 2757 1686 2757 1666 2757 1645 2757 1624 2757 1603 2757 1582 2757 1562 2757 1541 2757 1520 2757 1499 2757 1478 2757 1458 2757 1437 2757 1416 2757 1395 2757 1374 2757 1354 2757 1333 2757 1312 2757 1291 2757 1270 2757 1250 2757 1229 2757 1208 2757 1187 2757 1166 2757 1146 2757 1125 2757 1104 2757 1083 2757 1062 2757 1042 2757 1021 2757 1000 2757 979 2757 958 2757 938 2757 917 2757 896 2757 875 2757 854 2757 834 2757 813 2757 792 2757 771 2757 750 2757 730 2757 709 2757 688 2757 667 2757 646 2757 626 2757 605 2757 584 2757 563 2757 542 2757 522 2757 501 2757 480 2757 459 2757 438 2757 418 2757 397 2757 376 2757 355 2757 334 2757 314 2757 293 2757 272 2753 262 2745 147 2745 149 2784 149 2807 2007 2805 2009 2778 2005 2757 1998 2757"/></Shape>
            <String CONTENT="ſed ſcientia ſufficiente ad docendũ. NON vinolentũ. pro. non vinoſum.] hoc eſt deditũ vino. NON"
                    HPOS="147.0"
                    VPOS="2745.0"
                    WIDTH="1862.0"
                    HEIGHT="62.0"
                    ></String>
          </TextLine>
          <TextLine ID="line_56"
                    TAGREFS="LT8"
                    BASELINE="151 2834 2011 2828" 
                    HPOS="149.0"
                    VPOS="2793.0"
                    WIDTH="1862.0"
                    HEIGHT="68.0">
            <Shape><Polygon POINTS="151 2834 151 2861 2009 2849 2011 2828 2005 2793 149 2797 151 2834"/></Shape>
            <String CONTENT="percuſſorẽ.] Quãuis paulus de iniuſta pcuſſione loquatur, turpe tñ eſt ep̃o eriam iuſte ꝑcutere, debet .n."
                    HPOS="149.0"
                    VPOS="2793.0"
                    WIDTH="1862.0"
                    HEIGHT="68.0"
                    ></String>
          </TextLine>
          <TextLine ID="line_57"
                    TAGREFS="LT8"
                    BASELINE="151 2884 2011 2878" 
                    HPOS="149.0"
                    VPOS="2843.0"
                    WIDTH="1862.0"
                    HEIGHT="62.0">
            <Shape><Polygon POINTS="151 2884 151 2905 2009 2903 2011 2878 2005 2843 149 2847 151 2884"/></Shape>
            <String CONTENT="aliena non ꝓpria manu ꝑcutere delinquentes. ¶ Poſt non ꝑcuſſorem | deficit vna particula. ſ. NON tut¬"
                    HPOS="149.0"
                    VPOS="2843.0"
                    WIDTH="1862.0"
                    HEIGHT="62.0"
                    ></String>
          </TextLine>
          <TextLine ID="line_58"
                    TAGREFS="LT8"
                    BASELINE="151 2934 2013 2930" 
                    HPOS="149.0"
                    VPOS="2895.0"
                    WIDTH="1864.0"
                    HEIGHT="62.0">
            <Shape><Polygon POINTS="151 2934 151 2957 2011 2951 2013 2930 2007 2895 149 2897 151 2934"/></Shape>
            <String CONTENT="pilucrem. ] Hęc eſt .n. decima cõditio in textu pauli : clare ſonans ꝙ ep̃s alienus eſſe a turpi lucro debet."
                    HPOS="149.0"
                    VPOS="2895.0"
                    WIDTH="1864.0"
                    HEIGHT="62.0"
                    ></String>
          </TextLine>
          <TextLine ID="line_59"
                    TAGREFS="LT8"
                    BASELINE="153 2984 2017 2978" 
                    HPOS="151.0"
                    VPOS="2942.0"
                    WIDTH="1866.0"
                    HEIGHT="69.0">
            <Shape><Polygon POINTS="153 2984 153 3011 2015 2996 2017 2978 2013 2942 151 2942 153 2984"/></Shape>
            <String CONTENT="Quod ſi ſeruaret̃, non audirent̃ lucra tam turpia vt turpe ſit ea dicere. Nec loquor de ſimonia, ſed ꝓprie"
                    HPOS="151.0"
                    VPOS="2942.0"
                    WIDTH="1866.0"
                    HEIGHT="69.0"
                    ></String>
          </TextLine>
          <TextLine ID="line_60"
                    TAGREFS="LT8"
                    BASELINE="151 3032 2019 3028" 
                    HPOS="149.0"
                    VPOS="2992.0"
                    WIDTH="1870.0"
                    HEIGHT="58.0">
            <Shape><Polygon POINTS="151 3032 151 3050 2017 3046 2019 3028 2013 2992 149 2994 151 3032"/></Shape>
            <String CONTENT="de turpi lucro ſparſo nimis in ep̃is eccleſiarũ chriſti. SED modeſtũ. pro. ſed mitem.] Eſſe mitem plus"
                    HPOS="149.0"
                    VPOS="2992.0"
                    WIDTH="1870.0"
                    HEIGHT="58.0"
                    ></String>
          </TextLine>
          <TextLine ID="line_61"
                    TAGREFS="LT8"
                    BASELINE="151 3082 2006 3088" 
                    HPOS="146"
                    VPOS="3030"
                    WIDTH="1859"
                    HEIGHT="124">
            <Shape><Polygon POINTS="1989 3030 149 3030 146 3117 212 3136 311 3123 349 3148 477 3123 505 3142 595 3126 617 3145 617 3148 773 3123 938 3148 1104 3129 1206 3151 1210 3154 1369 3154 1369 3151 1468 3126 1634 3151 1643 3151 1643 3148 1671 3126 1846 3126 1999 3151 2005 3086 2002 3030 1989 3030"/></Shape>
            <String CONTENT="eſt  eſſe manſuetũ mitis enim non ſolum iram tẽperat, ſed dulcedinẽ quãdam adhibet. NON litigo¬"
                    HPOS="146"
                    VPOS="3030"
                    WIDTH="1859"
                    HEIGHT="124"
                    ></String>
          </TextLine>
        </TextBlock>
      </PrintSpace>
    </Page>
  </Layout>
</alto>
