<?xml version="1.0" encoding="UTF-8"?>
<alto xmlns:xsi="http://www.w3.org/2001/XMLSchema-instance"
      xmlns="http://www.loc.gov/standards/alto/ns-v4#"
      xsi:schemaLocation="http://www.loc.gov/standards/alto/ns-v4# http://www.loc.gov/standards/alto/v4/alto-4-2.xsd">
  <Description>
    <MeasurementUnit>pixel</MeasurementUnit>
    <sourceImageInformation>
      <fileName>bsb00027764_00166.jpg</fileName>
    </sourceImageInformation>
  </Description>
  <Tags>
    <OtherTag ID="BT7" LABEL="CustomZone" DESCRIPTION="block type CustomZone"/><OtherTag ID="BT8" LABEL="DamageZone" DESCRIPTION="block type DamageZone"/><OtherTag ID="BT9" LABEL="DigitizationArtefactZone" DESCRIPTION="block type DigitizationArtefactZone"/><OtherTag ID="BT10" LABEL="DropCapitalZone" DESCRIPTION="block type DropCapitalZone"/><OtherTag ID="BT11" LABEL="GraphicZone" DESCRIPTION="block type GraphicZone"/><OtherTag ID="BT12" LABEL="MainZone" DESCRIPTION="block type MainZone"/><OtherTag ID="BT13" LABEL="MarginTextZone" DESCRIPTION="block type MarginTextZone"/><OtherTag ID="BT14" LABEL="MusicZone" DESCRIPTION="block type MusicZone"/><OtherTag ID="BT15" LABEL="NumberingZone" DESCRIPTION="block type NumberingZone"/><OtherTag ID="BT17" LABEL="QuireMarksZone" DESCRIPTION="block type QuireMarksZone"/><OtherTag ID="BT18" LABEL="RunningTitleZone" DESCRIPTION="block type RunningTitleZone"/><OtherTag ID="BT19" LABEL="SealZone" DESCRIPTION="block type SealZone"/><OtherTag ID="BT20" LABEL="StampZone" DESCRIPTION="block type StampZone"/><OtherTag ID="BT21" LABEL="TableZone" DESCRIPTION="block type TableZone"/><OtherTag ID="BT22" LABEL="TitlePageZone" DESCRIPTION="block type TitlePageZone"/><OtherTag ID="BT3014" LABEL="MainZone-P-Continued" DESCRIPTION="block type MainZone-P-Continued"/><OtherTag ID="BT3015" LABEL="MainZone-Sp-Continued" DESCRIPTION="block type MainZone-Sp-Continued"/><OtherTag ID="BT3016" LABEL="MainZone-Sp" DESCRIPTION="block type MainZone-Sp"/><OtherTag ID="BT3017" LABEL="MainZone-P" DESCRIPTION="block type MainZone-P"/><OtherTag ID="BT3018" LABEL="MarginTextZone-ManuscriptAddendum" DESCRIPTION="block type MarginTextZone-ManuscriptAddendum"/><OtherTag ID="BT3019" LABEL="MarginTextZone-Notes" DESCRIPTION="block type MarginTextZone-Notes"/><OtherTag ID="BT3020" LABEL="MainZone-Head" DESCRIPTION="block type MainZone-Head"/><OtherTag ID="BT3021" LABEL="text" DESCRIPTION="block type text"/>
    <OtherTag ID="LT7" LABEL="CustomLine" DESCRIPTION="line type CustomLine"/><OtherTag ID="LT8" LABEL="DefaultLine" DESCRIPTION="line type DefaultLine"/><OtherTag ID="LT9" LABEL="DropCapitalLine" DESCRIPTION="line type DropCapitalLine"/><OtherTag ID="LT10" LABEL="HeadingLine" DESCRIPTION="line type HeadingLine"/><OtherTag ID="LT11" LABEL="InterlinearLine" DESCRIPTION="line type InterlinearLine"/><OtherTag ID="LT12" LABEL="MusicLine" DESCRIPTION="line type MusicLine"/><OtherTag ID="LT952" LABEL="default" DESCRIPTION="line type default"/>
  </Tags>
  <Layout>
    <Page WIDTH="1200"
          HEIGHT="1893"
          PHYSICAL_IMG_NR="11"
          ID="eSc_dummypage_">
      <PrintSpace HPOS="0"
                  VPOS="0"
                  WIDTH="1200"
                  HEIGHT="1893">
        <TextBlock HPOS="330.0"
                   VPOS="136.0"
                   WIDTH="744.0"
                   HEIGHT="71.0"
                   ID="block_3"
                   TAGREFS="BT18">
          <Shape><Polygon POINTS="1074 136 1074 207 330 207 330 136"/></Shape>
          <TextLine ID="line_0"
                    TAGREFS="LT10"
                    BASELINE="346 187 860 177 944 180 1066 193" 
                    HPOS="345.0"
                    VPOS="137.0"
                    WIDTH="720.0"
                    HEIGHT="69.0">
            <Shape><Polygon POINTS="644 137 633 143 527 143 517 137 380 137 364 143 352 137 345 137 345 206 527 194 625 203 682 190 716 200 723 200 734 190 761 197 791 189 1062 198 1065 192 1064 138 975 137"/></Shape>
            <String CONTENT="ANNOT. IOANNIS POMERANI"
                    HPOS="345.0"
                    VPOS="137.0"
                    WIDTH="720.0"
                    HEIGHT="69.0"
                    ></String>
          </TextLine>
        </TextBlock>
        <TextBlock HPOS="288.0"
                   VPOS="204.0"
                   WIDTH="829.0"
                   HEIGHT="814.0"
                   ID="block_0"
                   TAGREFS="BT3014">
          <Shape><Polygon POINTS="1117 204 1117 1018 928 1015 928 999 526 999 526 1009 301 1005 288 208"/></Shape>
          <TextLine ID="line_1"
                    TAGREFS="LT8"
                    BASELINE="316 252 860 237 981 245 1100 259" 
                    HPOS="314.0"
                    VPOS="205.0"
                    WIDTH="783.0"
                    HEIGHT="67.0">
            <Shape><Polygon POINTS="1086 205 604 205 592 211 517 205 487 212 470 205 456 205 410 214 314 206 315 268 360 263 401 272 421 261 465 271 480 263 582 266 592 258 618 266 641 253 737 252 761 260 821 250 1097 261 1097 205 1086 205"/></Shape>
            <String CONTENT="tum per pietatem ad deum, &amp; honeſtatem ad proxi¬"
                    HPOS="314.0"
                    VPOS="205.0"
                    WIDTH="783.0"
                    HEIGHT="67.0"
                    ></String>
          </TextLine>
          <TextLine ID="line_2"
                    TAGREFS="LT8"
                    BASELINE="310 302 864 286 952 291 1096 310" 
                    HPOS="309.0"
                    VPOS="249.0"
                    WIDTH="787.0"
                    HEIGHT="71.0">
            <Shape><Polygon POINTS="330 286 324 269 309 272 310 302 310 316 388 311 402 316 407 317 408 317 409 317 418 316 453 309 460 315 461 315 462 315 463 315 465 315 500 313 510 315 529 320 530 320 531 320 532 320 533 320 533 319 538 315 543 310 596 309 597 309 598 309 604 303 641 304 656 314 657 314 658 314 659 314 660 314 661 314 680 300 698 300 710 309 712 309 713 309 714 309 715 309 716 309 728 299 744 299 765 308 766 308 767 308 768 308 792 297 830 297 868 297 883 308 884 308 885 308 886 308 921 304 943 312 945 312 946 312 947 312 948 312 950 312 970 303 1012 311 1014 311 1015 311 1087 310 1096 310 1095 260 939 260 917 249 916 249 914 249 913 249 912 249 901 257 771 251 770 251 738 252 737 252 736 252 728 258 715 252 714 252 713 252 670 261 623 254 622 254 621 254 603 263 567 257 566 257 523 265 504 258 503 258 502 258 501 258 485 267 460 265 459 265 458 265 446 270 405 258 404 258 403 258 402 258 381 270 341 267 340 267 335 267 330 286"/></Shape>
            <String CONTENT="mum liceat. Ne intelligas propter carnis pacẽ, quod"
                    HPOS="309.0"
                    VPOS="249.0"
                    WIDTH="787.0"
                    HEIGHT="71.0"
                    ></String>
          </TextLine>
          <TextLine ID="line_3"
                    TAGREFS="LT8"
                    BASELINE="309 355 542 349 740 336 869 336 1104 356" 
                    HPOS="308.0"
                    VPOS="300.0"
                    WIDTH="796.0"
                    HEIGHT="71.0">
            <Shape><Polygon POINTS="309 355 308 357 323 367 324 367 326 367 520 368 521 368 560 360 570 359 580 361 607 365 608 365 609 365 618 361 635 353 646 357 647 357 648 357 788 353 804 359 805 359 806 359 807 359 808 359 818 353 864 353 908 353 925 364 926 364 927 364 928 364 947 361 971 368 974 369 975 369 977 369 985 369 1044 361 1055 370 1056 370 1058 370 1059 371 1103 371 1104 356 1103 320 1043 320 1043 319 1002 302 1001 302 1000 302 999 302 998 302 981 316 958 303 957 303 956 303 906 310 864 300 791 300 790 300 789 300 788 300 778 308 714 300 713 300 712 300 682 308 673 300 672 300 670 300 669 300 668 300 667 300 638 318 611 318 601 311 600 311 599 311 598 311 597 311 572 317 550 310 548 310 547 310 546 310 518 317 517 317 515 317 430 312 429 312 392 317 390 317 389 317 379 309 379 308 378 308 377 308 376 308 309 316 309 355"/></Shape>
            <String CONTENT="ad homines attinet, cedendum eſſe pietati &amp; fidei, ſi¬"
                    HPOS="308.0"
                    VPOS="300.0"
                    WIDTH="796.0"
                    HEIGHT="71.0"
                    WC="0.9934921220496848"></String>
          </TextLine>
          <TextLine ID="line_4"
                    TAGREFS="LT8"
                    BASELINE="311 406 769 384 923 388 1103 405" 
                    HPOS="309.0"
                    VPOS="348.0"
                    WIDTH="794.0"
                    HEIGHT="78.0">
            <Shape><Polygon POINTS="311 406 311 417 387 417 391 418 422 426 423 426 424 426 425 426 443 417 452 413 465 417 473 419 474 419 475 419 489 417 544 405 555 412 556 412 557 412 558 412 645 400 665 400 680 411 681 411 682 411 683 411 684 411 710 398 783 401 784 401 785 401 786 401 791 396 829 408 830 408 831 408 878 398 895 412 896 412 897 412 898 412 899 412 900 412 921 395 961 401 974 412 975 413 977 413 978 413 979 413 1103 410 1103 405 1101 360 988 362 985 362 950 352 949 352 948 352 947 352 932 356 877 348 876 348 845 350 844 350 826 359 745 351 744 351 704 353 703 353 667 365 649 354 648 354 647 354 646 354 590 355 588 355 545 370 542 371 539 370 505 361 504 361 503 361 502 361 483 371 481 372 478 372 428 359 426 359 425 359 390 373 383 375 309 375 311 406"/></Shape>
            <String CONTENT="ue conſcientiæ. Déinde, quod hoc quo acceptum eſt"
                    HPOS="309.0"
                    VPOS="348.0"
                    WIDTH="794.0"
                    HEIGHT="78.0"
                    WC="0.9614893817434124"></String>
          </TextLine>
          <TextLine ID="line_5"
                    TAGREFS="LT8"
                    BASELINE="316 457 679 436 835 434 970 440 1103 458" 
                    HPOS="314.0"
                    VPOS="396.0"
                    WIDTH="789.0"
                    HEIGHT="79.0">
            <Shape><Polygon POINTS="316 457 316 465 399 472 400 472 401 472 416 465 432 475 433 475 434 475 435 475 436 475 437 475 454 464 458 462 468 464 478 466 479 466 480 466 481 466 481 465 483 464 490 459 512 464 515 464 516 464 517 464 518 464 537 456 550 462 551 462 552 462 553 462 577 452 703 446 746 455 747 455 748 455 749 455 763 444 829 443 856 450 857 450 858 450 859 450 866 445 882 456 883 456 884 456 885 456 886 456 925 446 960 449 974 460 975 461 977 461 978 461 979 461 1094 458 1103 458 1101 412 962 413 958 412 926 396 925 396 924 396 923 396 895 406 832 400 831 400 830 400 829 400 817 411 786 399 785 399 784 399 692 408 672 402 670 402 669 402 668 402 645 412 643 412 638 412 614 408 613 408 612 408 611 408 606 412 605 413 599 412 573 404 572 404 571 404 570 404 557 412 546 417 493 424 443 421 442 421 375 429 357 428 338 412 337 412 336 412 314 412 316 457"/></Shape>
            <String CONTENT="deo, ut pro omnibus oremus ſine acceptione perſona¬"
                    HPOS="314.0"
                    VPOS="396.0"
                    WIDTH="789.0"
                    HEIGHT="79.0"
                    ></String>
          </TextLine>
          <TextLine ID="line_6"
                    TAGREFS="LT8"
                    BASELINE="315 507 619 487 755 483 920 486 1100 506" 
                    HPOS="314.0"
                    VPOS="443.0"
                    WIDTH="786.0"
                    HEIGHT="79.0">
            <Shape><Polygon POINTS="324 478 322 471 314 472 315 507 316 522 339 514 359 521 360 521 361 521 404 515 460 519 461 519 462 519 490 506 524 512 525 512 526 512 560 501 580 512 581 512 582 512 583 512 584 512 602 500 634 500 653 509 654 509 655 509 656 509 675 499 736 499 751 505 753 505 754 505 755 505 756 505 765 498 797 498 809 506 810 506 811 506 812 506 814 506 845 497 890 505 891 505 892 505 919 498 952 513 953 513 954 513 956 513 957 513 959 513 980 504 987 511 988 511 989 511 990 511 1099 510 1100 506 1097 461 1014 462 1012 462 989 455 988 455 987 455 986 455 978 459 963 446 962 446 961 446 960 446 936 452 924 443 923 443 922 443 921 443 875 445 873 445 847 456 834 444 832 444 831 444 812 444 811 444 736 446 735 446 734 446 718 457 695 457 676 446 675 446 674 446 673 446 644 461 616 459 601 448 600 448 599 448 598 448 597 448 563 461 546 451 545 451 544 451 543 451 542 451 541 451 529 458 487 457 486 457 485 457 465 467 450 459 449 459 448 459 446 459 445 459 429 471 428 472 407 472 405 471 393 462 392 462 391 462 390 462 389 462 373 470 361 464 360 464 359 464 328 470 324 478"/></Shape>
            <String CONTENT="rũ, ſiue ſint iudæi ſiue gẽtes, ſiue ſerui ſiue |principes."
                    HPOS="314.0"
                    VPOS="443.0"
                    WIDTH="786.0"
                    HEIGHT="79.0"
                    ></String>
          </TextLine>
          <TextLine ID="line_7"
                    TAGREFS="LT8"
                    BASELINE="320 556 401 554 604 537 862 534 970 540 1104 557" 
                    HPOS="319.0"
                    VPOS="497.0"
                    WIDTH="785.0"
                    HEIGHT="74.0">
            <Shape><Polygon POINTS="330 526 328 522 319 522 320 556 320 571 400 565 421 570 422 570 423 570 424 570 436 562 446 565 448 565 449 565 484 557 498 565 499 565 500 565 501 565 502 565 529 559 551 562 552 562 553 562 584 548 608 555 609 555 611 555 612 555 637 547 707 547 718 555 719 555 720 555 721 555 722 555 723 555 737 545 871 545 913 558 914 558 916 558 917 558 949 547 993 563 994 563 995 563 997 563 1012 556 1028 563 1029 563 1030 563 1103 562 1104 557 1102 515 983 515 932 497 931 497 884 497 883 497 882 497 881 497 868 504 822 502 821 502 820 502 819 502 810 507 778 500 777 500 776 500 758 504 750 498 749 498 748 498 747 498 702 506 640 499 639 499 638 499 637 499 622 511 604 511 593 500 592 500 591 500 529 500 527 500 526 500 525 500 512 512 500 507 499 507 498 507 497 507 473 521 446 521 422 510 421 510 420 510 419 510 385 522 331 522 330 526"/></Shape>
            <String CONTENT="Quia ſicut ipſe ſolus deus eſt, &amp; omniũ ſine acceptio¬"
                    HPOS="319.0"
                    VPOS="497.0"
                    WIDTH="785.0"
                    HEIGHT="74.0"
                    WC="0.9929020047187805"></String>
          </TextLine>
          <TextLine ID="line_8"
                    TAGREFS="LT8"
                    BASELINE="317 607 511 591 725 583 920 585 1110 604" 
                    HPOS="316.0"
                    VPOS="545.0"
                    WIDTH="794.0"
                    HEIGHT="72.0">
            <Shape><Polygon POINTS="317 607 317 615 396 613 397 613 398 613 407 606 426 616 428 616 429 617 453 617 453 616 454 616 455 616 498 600 526 607 527 607 529 607 530 607 558 599 714 597 729 603 730 603 731 603 733 603 762 596 870 596 898 607 899 607 900 607 901 607 926 599 968 606 969 606 970 606 983 600 1006 613 1007 613 1008 614 1109 614 1110 604 1109 565 1064 565 1054 558 1053 558 1052 558 1051 558 1050 558 1049 558 1042 563 1032 556 1031 556 1030 556 1029 556 1028 556 1015 559 946 545 945 545 891 557 869 546 868 546 867 546 830 552 791 546 790 546 789 546 775 555 740 556 708 547 707 547 706 547 662 556 639 547 638 547 587 547 586 547 585 547 545 560 533 552 532 552 531 552 530 552 529 552 499 568 455 568 444 560 443 560 442 560 441 560 440 560 439 560 429 567 384 563 383 563 316 568 317 607"/></Shape>
            <String CONTENT="ne dominus: ita oẽs homines uult ad agnitionẽ ſui per¬"
                    HPOS="316.0"
                    VPOS="545.0"
                    WIDTH="794.0"
                    HEIGHT="72.0"
                    ></String>
          </TextLine>
          <TextLine ID="line_9"
                    TAGREFS="LT8"
                    BASELINE="320 654 565 638 865 634 964 639 1102 657" 
                    HPOS="319.0"
                    VPOS="597.0"
                    WIDTH="783.0"
                    HEIGHT="71.0">
            <Shape><Polygon POINTS="330 628 327 622 319 622 320 654 320 668 369 663 377 667 378 667 379 667 380 667 446 650 483 663 484 663 485 663 486 663 513 657 536 660 537 660 538 660 539 660 550 653 591 662 592 662 593 662 594 662 615 648 642 650 655 661 656 661 657 661 658 661 659 661 660 661 677 650 762 646 838 650 839 650 870 645 901 656 902 656 903 656 904 656 922 647 933 652 934 652 936 652 937 652 938 652 938 650 945 644 1013 660 1014 660 1101 659 1102 657 1101 614 1025 614 994 600 993 600 992 600 991 600 971 611 932 611 893 597 892 597 891 597 841 604 832 598 831 598 830 598 782 598 781 598 780 598 739 608 725 602 724 602 723 602 679 609 616 600 615 600 614 600 613 600 601 608 557 603 556 603 555 603 540 611 520 601 519 601 518 601 517 601 490 614 443 605 442 605 441 605 403 622 332 622 330 628"/></Shape>
            <String CONTENT="uenire. Quapropter nos neminẽ excipere debemus,"
                    HPOS="319.0"
                    VPOS="597.0"
                    WIDTH="783.0"
                    HEIGHT="71.0"
                    ></String>
          </TextLine>
          <TextLine ID="line_10"
                    TAGREFS="LT8"
                    BASELINE="320 701 531 689 862 683 939 686 1110 707" 
                    HPOS="319.0"
                    VPOS="647.0"
                    WIDTH="791.0"
                    HEIGHT="67.0">
            <Shape><Polygon POINTS="320 701 320 713 376 707 415 713 422 714 423 714 424 714 426 713 446 706 478 713 484 714 485 714 486 714 487 714 487 713 497 705 544 701 591 713 595 714 596 714 597 714 598 714 599 714 600 713 613 704 622 708 623 708 624 708 681 697 745 697 761 708 762 708 763 708 764 709 779 709 779 708 780 708 781 708 796 696 930 696 961 710 962 710 963 710 964 710 981 705 987 711 988 711 989 711 990 711 991 711 1008 706 1108 711 1110 707 1109 664 1042 664 988 653 987 653 986 653 966 663 931 647 930 647 929 647 868 654 742 648 741 648 740 648 721 657 684 649 683 649 682 649 681 649 663 661 652 653 651 653 649 653 648 653 647 653 621 664 599 656 598 656 597 656 596 656 584 660 558 652 557 652 505 652 504 652 503 652 464 665 432 658 431 658 430 658 429 658 417 665 319 666 320 701"/></Shape>
            <String CONTENT="ne reges quidẽ impios, cum ipſe neminẽ excipiat. Sic"
                    HPOS="319.0"
                    VPOS="647.0"
                    WIDTH="791.0"
                    HEIGHT="67.0"
                    ></String>
          </TextLine>
          <TextLine ID="line_11"
                    TAGREFS="LT8"
                    BASELINE="319 748 856 734 941 737 1105 757" 
                    HPOS="318.0"
                    VPOS="694.0"
                    WIDTH="787.0"
                    HEIGHT="70.0">
            <Shape><Polygon POINTS="319 748 319 762 413 754 430 762 431 762 432 762 466 764 468 764 469 764 470 764 473 761 477 757 582 749 607 755 608 755 609 755 611 755 616 750 622 757 623 757 624 757 625 757 661 751 676 760 679 761 680 761 681 761 682 761 683 761 684 760 700 746 828 745 850 755 851 755 852 755 853 755 855 755 870 744 911 748 923 758 924 758 925 758 926 758 927 758 928 758 946 746 997 757 998 757 999 757 1087 756 1105 757 1103 709 974 710 942 694 941 694 940 694 939 694 911 704 899 694 898 694 897 694 866 694 865 694 806 695 805 695 755 713 710 696 709 696 708 696 618 699 617 699 616 699 604 707 583 698 582 698 581 698 559 699 558 699 557 699 557 700 547 707 509 700 507 700 506 700 460 714 443 706 442 706 441 706 440 706 420 715 391 711 390 711 389 711 373 719 372 720 318 720 319 748"/></Shape>
            <String CONTENT="pratur ꝓ Nabuchodonoſore, &amp; Balthaſaro, Baruch."
                    HPOS="318.0"
                    VPOS="694.0"
                    WIDTH="787.0"
                    HEIGHT="70.0"
                    ></String>
          </TextLine>
          <TextLine ID="line_12"
                    TAGREFS="LT8"
                    BASELINE="320 795 869 783 994 791 1105 808" 
                    HPOS="319.0"
                    VPOS="745.0"
                    WIDTH="786.0"
                    HEIGHT="67.0">
            <Shape><Polygon POINTS="330 763 326 757 319 760 320 795 320 803 372 812 373 812 374 812 396 804 404 801 417 804 451 812 452 812 453 812 454 812 481 804 499 799 531 804 543 806 544 806 545 806 553 804 578 798 593 805 602 809 603 809 604 809 605 809 616 805 638 795 709 799 710 799 774 794 796 802 797 802 798 802 838 792 845 799 846 799 847 799 848 799 921 797 938 806 939 807 940 807 941 807 942 807 1084 806 1105 808 1104 761 1003 761 1001 761 981 747 980 747 979 747 978 747 977 747 950 758 920 745 919 745 918 745 889 750 855 745 853 745 852 745 829 754 818 746 817 746 816 746 779 746 778 746 777 746 754 755 690 747 689 747 688 747 663 759 625 747 624 747 623 747 622 747 591 761 582 764 574 761 565 757 564 757 563 757 515 759 514 759 513 759 511 761 502 765 494 761 479 754 478 754 477 754 476 754 448 761 430 765 423 761 412 752 411 752 410 752 409 752 408 752 378 761 355 767 340 761 333 758 330 763"/></Shape>
            <String CONTENT="1.Itẽ, quia unus eſt mediator inter deũ &amp; hominem,"
                    HPOS="319.0"
                    VPOS="745.0"
                    WIDTH="786.0"
                    HEIGHT="67.0"
                    ></String>
          </TextLine>
          <TextLine ID="line_13"
                    TAGREFS="LT8"
                    BASELINE="321 844 618 835 889 833 1013 844 1112 859" 
                    HPOS="320.0"
                    VPOS="799.0"
                    WIDTH="792.0"
                    HEIGHT="64.0">
            <Shape><Polygon POINTS="321 844 321 862 396 863 397 863 398 863 399 863 399 862 411 853 434 859 435 859 436 859 437 859 452 849 533 856 534 856 535 856 560 846 593 848 606 858 607 858 608 858 609 858 611 858 651 846 670 852 672 852 673 852 708 846 726 857 727 857 728 857 729 857 730 857 731 857 745 848 759 852 760 852 761 852 794 846 926 846 948 846 978 862 979 862 980 862 981 862 995 857 1110 862 1112 859 1111 812 981 812 941 801 940 801 939 801 938 801 919 809 884 799 883 799 855 799 853 799 852 799 851 799 843 805 797 799 796 799 795 799 794 799 780 807 728 802 727 802 677 809 653 802 652 802 651 802 649 802 648 802 639 809 619 799 618 799 617 799 616 799 574 809 556 799 555 799 554 799 553 799 510 808 498 799 497 799 496 799 461 799 460 799 459 799 458 799 445 808 433 799 432 799 431 799 395 799 394 799 393 799 361 813 320 813 321 844"/></Shape>
            <String CONTENT="qui ſe dedit redemptorem pro omnibus. Ergo rurſum"
                    HPOS="320.0"
                    VPOS="799.0"
                    WIDTH="792.0"
                    HEIGHT="64.0"
                    WC="0.9807135706045189"></String>
          </TextLine>
          <TextLine ID="line_14"
                    TAGREFS="LT8"
                    BASELINE="328 893 856 883 979 889 1112 919" 
                    HPOS="325.0"
                    VPOS="845.0"
                    WIDTH="786.0"
                    HEIGHT="73.0">
            <Shape><Polygon POINTS="326 892 328 911 353 903 456 908 457 908 530 899 598 908 600 908 601 908 644 896 827 896 1075 911 1111 918 1110 858 958 858 939 845 937 845 936 845 934 845 933 845 915 853 694 845 693 845 691 845 690 845 675 855 637 845 636 845 634 845 633 845 612 855 579 845 577 845 576 845 574 845 536 856 461 845 459 845 457 845 456 845 456 847 445 858 325 858 326 892"/></Shape>
            <String CONTENT="nos neminem excludere debemus, cum oramus pro ſa¬"
                    HPOS="325.0"
                    VPOS="845.0"
                    WIDTH="786.0"
                    HEIGHT="73.0"
                    ></String>
          </TextLine>
          <TextLine ID="line_16"
                    TAGREFS="LT8"
                    BASELINE="323 942 878 934 979 941 1087 954 1106 961" 
                    HPOS="322.0"
                    VPOS="896.0"
                    WIDTH="784.0"
                    HEIGHT="66.0">
            <Shape><Polygon POINTS="323 942 323 950 362 962 363 962 364 962 365 962 367 962 381 952 450 959 451 959 452 959 473 952 484 949 572 953 601 954 602 954 603 954 605 953 619 947 633 954 643 959 644 959 645 959 646 959 658 954 678 946 692 951 693 951 694 951 695 951 696 951 706 945 783 945 815 955 816 955 820 957 859 957 860 957 861 957 862 957 900 944 925 944 941 954 942 954 943 954 944 954 945 954 965 947 995 958 1001 960 1002 960 1003 960 1096 959 1106 961 1105 910 1007 910 1005 910 994 903 993 903 992 903 991 903 990 903 964 910 961 910 958 910 897 896 831 896 830 896 829 896 802 907 765 896 764 896 763 896 762 896 761 896 747 905 643 897 642 897 641 897 640 897 628 905 587 904 586 904 585 904 571 910 564 912 558 910 544 905 543 905 542 905 497 909 477 899 476 899 475 899 474 899 446 910 438 913 433 910 414 898 413 898 412 898 411 898 410 898 384 910 383 911 357 911 356 910 344 901 343 901 342 901 341 901 340 901 322 908 323 942"/></Shape>
            <String CONTENT="lute hominum, &amp;c. ſcientes hoc ipſum &amp; deo patri,"
                    HPOS="322.0"
                    VPOS="896.0"
                    WIDTH="784.0"
                    HEIGHT="66.0"
                    ></String>
          </TextLine>
          <TextLine ID="line_17"
                    TAGREFS="LT8"
                    BASELINE="326 994 642 985 880 984 1100 1004" 
                    HPOS="324.0"
                    VPOS="945.0"
                    WIDTH="776.0"
                    HEIGHT="70.0">
            <Shape><Polygon POINTS="326 994 324 1003 344 1010 346 1010 347 1010 348 1010 363 1004 371 1001 378 1004 393 1011 394 1011 395 1011 433 1006 440 1011 441 1011 442 1011 443 1012 538 1012 538 1011 539 1011 550 1007 571 996 597 1007 609 1012 611 1012 612 1012 613 1012 621 1008 642 996 800 996 811 1004 812 1004 814 1004 815 1004 816 1004 832 998 880 998 907 1003 908 1003 909 1003 923 999 945 1012 946 1012 947 1012 995 1014 997 1014 1003 1013 1029 1007 1044 1014 1045 1014 1046 1014 1047 1015 1099 1015 1100 1004 1099 965 1051 959 1050 959 1024 964 1023 964 999 948 998 948 997 948 995 948 994 948 956 959 945 950 944 950 943 950 942 950 904 957 889 947 888 947 887 947 886 947 791 953 783 947 782 947 781 947 728 946 697 946 696 946 695 946 679 954 652 952 651 952 649 952 628 961 613 957 612 957 611 957 555 962 546 962 544 962 531 955 530 955 529 955 497 961 471 945 470 945 469 945 468 945 466 945 444 953 420 947 419 947 418 947 417 947 390 961 389 961 326 961 326 994"/></Shape>
            <String CONTENT="&amp; Chriſto, quem pater dedit mediatorem, placere."
                    HPOS="324.0"
                    VPOS="945.0"
                    WIDTH="776.0"
                    HEIGHT="70.0"
                    WC="0.9841290848950545"></String>
          </TextLine>
        </TextBlock>
        <TextBlock HPOS="549.0"
                   VPOS="1003.0"
                   WIDTH="375.0"
                   HEIGHT="59.0"
                   ID="eSc_textblock_42fa8a53"
                   TAGREFS="BT3020">
          <Shape><Polygon POINTS="549 1003 549 1062 924 1062 924 1003"/></Shape>
          <TextLine ID="line_18"
                    TAGREFS="LT8"
                    BASELINE="555 1048 923 1043" 
                    HPOS="554.0"
                    VPOS="1001.0"
                    WIDTH="369.0"
                    HEIGHT="66.0">
            <Shape><Polygon POINTS="556 1067 575 1059 611 1065 623 1067 624 1067 712 1063 713 1063 714 1063 714 1062 715 1061 720 1056 735 1060 753 1064 754 1064 755 1064 756 1064 756 1063 760 1060 762 1057 780 1059 838 1062 839 1062 840 1062 841 1062 848 1055 851 1053 923 1052 923 1043 921 1010 861 1004 860 1004 859 1004 849 1008 846 1010 836 1008 803 1002 802 1002 774 1007 766 1001 765 1001 764 1001 739 1001 738 1001 710 1006 699 1008 689 1006 686 1005 685 1005 684 1005 683 1005 681 1006 667 1012 634 1007 633 1007 632 1007 609 1012 600 1004 599 1003 598 1003 597 1003 596 1003 554 1003 555 1048"/></Shape>
            <String CONTENT="Deprecationes."
                    HPOS="554.0"
                    VPOS="1001.0"
                    WIDTH="369.0"
                    HEIGHT="66.0"
                    WC="0.9978467566626412"></String>
          </TextLine>
        </TextBlock>
        <TextBlock HPOS="312.0"
                   VPOS="1063.0"
                   WIDTH="828.0"
                   HEIGHT="227.0"
                   ID="block_1"
                   TAGREFS="BT3017">
          <Shape><Polygon POINTS="1140 1063 1125 1290 1026 1288 1026 1273 471 1273 471 1278 312 1275 316 1074"/></Shape>
          <TextLine ID="line_19"
                    TAGREFS="LT8"
                    BASELINE="360 1107 856 1100 978 1105 1116 1125" 
                    HPOS="359.0"
                    VPOS="1066.0"
                    WIDTH="757.0"
                    HEIGHT="63.0">
            <Shape><Polygon POINTS="1021 1066 1020 1066 1019 1066 1018 1066 1007 1073 962 1067 961 1067 960 1067 931 1074 917 1067 916 1067 876 1066 875 1066 864 1066 853 1066 843 1066 832 1066 822 1066 811 1066 801 1066 790 1066 780 1066 769 1066 759 1066 748 1066 740 1066 705 1072 686 1066 685 1066 675 1066 668 1066 617 1070 609 1066 601 1066 583 1074 574 1066 570 1066 559 1066 548 1066 538 1066 532 1066 504 1074 479 1066 475 1066 464 1066 454 1066 443 1066 433 1066 424 1066 416 1072 401 1066 401 1066 392 1066 359 1075 360 1107 360 1122 432 1117 449 1123 452 1124 453 1124 454 1124 459 1123 492 1115 501 1124 506 1128 507 1128 509 1128 510 1128 511 1128 526 1124 547 1117 562 1124 570 1127 571 1127 572 1127 573 1127 580 1124 602 1114 654 1114 678 1123 679 1123 680 1123 681 1123 704 1111 710 1115 712 1115 713 1115 714 1115 768 1110 791 1124 792 1124 794 1124 795 1124 796 1124 826 1110 885 1110 923 1116 924 1116 952 1112 970 1125 971 1125 972 1125 973 1125 974 1125 991 1117 1007 1128 1008 1128 1009 1128 1010 1129 1115 1129 1116 1125 1115 1075 1049 1075 1022 1066 1021 1066"/></Shape>
            <String CONTENT="Sic diſtinguũt, ut deprecari ſit orare, ut malũ aufe¬"
                    HPOS="359.0"
                    VPOS="1066.0"
                    WIDTH="757.0"
                    HEIGHT="63.0"
                    ></String>
          </TextLine>
          <TextLine ID="line_20"
                    TAGREFS="LT8"
                    BASELINE="329 1158 632 1151 921 1151 1120 1173" 
                    HPOS="328.0"
                    VPOS="1110.0"
                    WIDTH="792.0"
                    HEIGHT="69.0">
            <Shape><Polygon POINTS="329 1158 328 1170 807 1164 846 1172 847 1172 848 1172 864 1165 891 1165 919 1174 920 1174 921 1174 970 1169 981 1176 982 1176 983 1176 1117 1179 1120 1173 1119 1133 1027 1133 1026 1132 1003 1115 1002 1115 1001 1115 1000 1115 999 1115 980 1122 971 1115 970 1115 969 1115 968 1115 882 1121 869 1114 868 1114 867 1114 819 1118 811 1113 810 1113 809 1113 808 1113 745 1120 706 1112 688 1112 687 1112 686 1112 685 1112 673 1122 633 1112 632 1112 631 1112 629 1112 612 1123 573 1118 572 1118 571 1118 544 1127 531 1118 530 1118 529 1118 527 1118 526 1118 511 1123 496 1110 495 1110 494 1110 493 1110 492 1110 438 1126 384 1121 383 1121 329 1125 329 1158"/></Shape>
            <String CONTENT="ratur, obſecrare ut bonũ ueniat, interpellari, conque¬"
                    HPOS="328.0"
                    VPOS="1110.0"
                    WIDTH="792.0"
                    HEIGHT="69.0"
                    ></String>
          </TextLine>
          <TextLine ID="line_21"
                    TAGREFS="LT8"
                    BASELINE="330 1209 588 1202 876 1201 973 1205 1117 1223" 
                    HPOS="329.0"
                    VPOS="1163.0"
                    WIDTH="788.0"
                    HEIGHT="68.0">
            <Shape><Polygon POINTS="330 1209 329 1224 344 1227 346 1227 347 1227 348 1227 351 1225 359 1218 383 1225 389 1226 390 1226 391 1226 392 1226 397 1225 418 1219 462 1225 485 1228 486 1228 487 1228 496 1226 526 1216 534 1223 535 1223 536 1223 537 1223 607 1212 651 1218 652 1218 707 1213 731 1223 733 1223 734 1223 735 1223 757 1213 822 1213 845 1213 868 1226 869 1226 870 1226 871 1226 900 1214 943 1214 966 1225 967 1225 968 1225 1009 1222 1022 1230 1023 1230 1024 1230 1025 1231 1116 1231 1117 1223 1116 1177 1011 1177 1010 1176 994 1166 993 1166 992 1166 991 1166 925 1172 906 1166 905 1166 904 1166 903 1166 902 1166 889 1174 817 1165 816 1165 770 1170 722 1165 721 1165 720 1165 709 1170 645 1164 601 1164 600 1164 599 1164 575 1174 574 1174 573 1174 555 1169 554 1169 553 1169 485 1173 470 1174 468 1173 458 1165 457 1165 456 1165 403 1163 402 1163 401 1163 377 1173 330 1173 330 1209"/></Shape>
            <String CONTENT="ri de his quæ nos lædunt: gratias agere de beneficijs"
                    HPOS="329.0"
                    VPOS="1163.0"
                    WIDTH="788.0"
                    HEIGHT="68.0"
                    ></String>
          </TextLine>
          <TextLine ID="line_22"
                    TAGREFS="LT8"
                    BASELINE="331 1262 679 1251 903 1251 975 1255 1027 1266 1120 1275" 
                    HPOS="330.0"
                    VPOS="1211.0"
                    WIDTH="790.0"
                    HEIGHT="73.0">
            <Shape><Polygon POINTS="331 1262 331 1275 356 1280 357 1280 358 1280 372 1275 380 1273 391 1276 419 1284 420 1284 421 1284 422 1284 423 1284 433 1276 437 1272 510 1268 525 1276 534 1280 535 1280 536 1280 537 1280 548 1276 573 1266 598 1276 606 1279 607 1279 608 1279 609 1279 611 1279 615 1276 624 1268 655 1265 729 1265 747 1272 748 1272 749 1272 750 1272 777 1264 826 1269 827 1269 828 1269 844 1264 860 1272 861 1272 862 1272 863 1272 891 1263 901 1271 902 1271 903 1271 904 1271 929 1267 964 1275 965 1275 966 1275 967 1275 985 1271 992 1276 992 1277 993 1277 994 1277 995 1277 1120 1276 1120 1275 1119 1225 1020 1225 992 1212 991 1212 990 1212 957 1219 936 1211 934 1211 933 1211 932 1211 931 1211 914 1223 898 1211 897 1211 896 1211 895 1211 893 1211 876 1220 783 1213 782 1213 757 1218 742 1212 741 1212 740 1212 739 1212 704 1223 688 1223 677 1213 676 1213 675 1213 674 1213 594 1214 593 1214 592 1214 577 1225 531 1225 511 1215 510 1215 509 1215 507 1215 474 1226 446 1217 445 1217 444 1217 443 1217 425 1226 409 1222 408 1222 407 1222 405 1222 380 1231 330 1232 331 1262"/></Shape>
            <String CONTENT="acceptis: id quod ferè rationes uocabulorũ poſtulãt."
                    HPOS="330.0"
                    VPOS="1211.0"
                    WIDTH="790.0"
                    HEIGHT="73.0"
                    ></String>
          </TextLine>
        </TextBlock>
        <TextBlock HPOS="477.0"
                   VPOS="1280.0"
                   WIDTH="549.0"
                   HEIGHT="54.0"
                   ID="eSc_textblock_02e0858e"
                   TAGREFS="BT3020">
          <Shape><Polygon POINTS="477 1280 477 1334 1026 1334 1026 1280"/></Shape>
          <TextLine ID="line_23"
                    TAGREFS="LT8"
                    BASELINE="484 1317 726 1311 1018 1314" 
                    HPOS="481.0"
                    VPOS="1257.0"
                    WIDTH="535.0"
                    HEIGHT="72.0">
            <Shape><Polygon POINTS="483 1326 1013 1329 1016 1312 1015 1273 956 1273 936 1257 934 1257 933 1257 931 1257 835 1268 819 1257 817 1257 816 1257 814 1257 712 1258 710 1258 708 1258 708 1260 694 1274 532 1274 511 1258 510 1258 508 1258 506 1258 481 1258 483 1315"/></Shape>
            <String CONTENT="Omnes uult ſaluos fieri."
                    HPOS="481.0"
                    VPOS="1257.0"
                    WIDTH="535.0"
                    HEIGHT="72.0"
                    WC="0.9857008208831152"></String>
          </TextLine>
        </TextBlock>
        <TextBlock HPOS="329.0"
                   VPOS="1337.0"
                   WIDTH="827.0"
                   HEIGHT="225.0"
                   ID="block_2"
                   TAGREFS="BT3017">
          <Shape><Polygon POINTS="1156 1337 1152 1562 335 1549 329 1343"/></Shape>
          <TextLine ID="line_24"
                    TAGREFS="LT8"
                    BASELINE="367 1375 787 1368 1126 1393" 
                    HPOS="364.0"
                    VPOS="1337.0"
                    WIDTH="761.0"
                    HEIGHT="63.0">
            <Shape><Polygon POINTS="934 1339 366 1342 364 1378 582 1391 674 1383 686 1392 693 1392 724 1383 813 1383 873 1396 877 1396 890 1386 967 1386 1122 1400 1125 1392 1124 1347 944 1337 934 1339"/></Shape>
            <String CONTENT="Cũctos homines uult ſaluos fieri, ſiue ſeruari, &amp; ad"
                    HPOS="364.0"
                    VPOS="1337.0"
                    WIDTH="761.0"
                    HEIGHT="63.0"
                    ></String>
          </TextLine>
          <TextLine ID="line_26"
                    TAGREFS="LT8"
                    BASELINE="336 1425 877 1419 978 1422 1127 1437" 
                    HPOS="335.0"
                    VPOS="1379.0"
                    WIDTH="792.0"
                    HEIGHT="65.0">
            <Shape><Polygon POINTS="336 1425 336 1437 382 1443 383 1443 384 1443 395 1438 402 1434 537 1437 538 1437 539 1437 540 1437 546 1432 580 1438 581 1438 624 1432 637 1440 642 1443 643 1443 644 1443 645 1443 646 1443 654 1440 674 1430 817 1430 855 1441 856 1441 857 1441 858 1441 891 1430 921 1442 924 1443 925 1443 926 1443 939 1442 1017 1434 1030 1443 1031 1443 1032 1443 1033 1444 1126 1444 1127 1437 1126 1392 1036 1392 994 1379 993 1379 891 1379 890 1379 889 1379 870 1389 851 1379 850 1379 849 1379 848 1379 847 1379 840 1386 829 1381 828 1381 827 1381 774 1388 750 1379 749 1379 748 1379 747 1379 708 1392 656 1392 641 1380 640 1380 639 1380 638 1380 575 1388 564 1382 563 1382 562 1382 504 1387 483 1379 482 1379 481 1379 480 1379 461 1386 403 1382 402 1382 335 1392 336 1425"/></Shape>
            <String CONTENT="agnitionẽ ueritatis peruenire: ergo iuſſi ſunt apoſto¬"
                    HPOS="335.0"
                    VPOS="1379.0"
                    WIDTH="792.0"
                    HEIGHT="65.0"
                    WC="0.9876669656146656"></String>
          </TextLine>
          <TextLine ID="line_27"
                    TAGREFS="LT8"
                    BASELINE="340 1474 878 1469 1005 1475 1128 1490" 
                    HPOS="339.0"
                    VPOS="1431.0"
                    WIDTH="789.0"
                    HEIGHT="61.0">
            <Shape><Polygon POINTS="340 1474 340 1480 371 1491 372 1491 373 1492 401 1492 401 1491 402 1491 418 1482 493 1487 494 1487 525 1483 544 1481 574 1483 648 1491 649 1491 676 1486 700 1479 970 1479 1015 1490 1018 1490 1126 1491 1128 1490 1127 1443 1047 1443 1046 1442 1038 1437 1036 1437 1035 1437 1034 1437 1033 1437 1032 1437 1028 1441 1019 1435 1018 1435 1017 1435 1015 1435 948 1442 947 1442 946 1442 937 1435 936 1435 934 1435 933 1435 932 1435 931 1435 921 1441 893 1431 892 1431 891 1431 890 1431 865 1439 782 1431 781 1431 780 1431 748 1442 747 1442 746 1442 728 1431 727 1431 726 1431 677 1431 676 1431 675 1431 674 1431 657 1441 633 1431 632 1431 631 1431 629 1431 590 1442 587 1442 585 1442 562 1431 561 1431 560 1431 506 1439 462 1431 461 1431 460 1431 459 1431 443 1441 442 1442 438 1441 416 1436 415 1436 414 1436 413 1436 393 1441 389 1442 384 1441 354 1433 353 1433 352 1433 351 1433 350 1433 339 1438 340 1474"/></Shape>
            <String CONTENT="li prædicare Euangelium omni creaturæ: Sed multi"
                    HPOS="339.0"
                    VPOS="1431.0"
                    WIDTH="789.0"
                    HEIGHT="61.0"
                    ></String>
          </TextLine>
          <TextLine ID="line_28"
                    TAGREFS="LT8"
                    BASELINE="339 1527 840 1521 1129 1539" 
                    HPOS="338.0"
                    VPOS="1477.0"
                    WIDTH="791.0"
                    HEIGHT="82.0">
            <Shape><Polygon POINTS="339 1527 338 1555 420 1555 420 1554 421 1554 422 1554 431 1548 479 1555 480 1555 481 1556 501 1556 570 1556 570 1555 602 1553 603 1553 604 1553 623 1538 653 1552 654 1552 655 1552 656 1552 715 1537 800 1537 822 1549 823 1549 824 1549 825 1549 858 1539 954 1539 964 1545 965 1545 966 1545 967 1545 1012 1544 1030 1554 1031 1554 1032 1554 1033 1554 1034 1554 1049 1545 1085 1547 1126 1559 1129 1539 1128 1496 1059 1496 1053 1494 1023 1483 1022 1483 1021 1483 954 1490 936 1481 934 1481 933 1481 888 1488 848 1480 718 1480 717 1480 716 1480 703 1486 695 1490 645 1492 616 1483 605 1480 604 1480 603 1480 602 1480 596 1482 577 1492 539 1481 534 1480 533 1480 532 1480 531 1480 526 1481 494 1491 440 1491 381 1489 339 1477 339 1527"/></Shape>
            <String CONTENT="ſunt uocati, pauci uero electi Quomodo autẽ hoc con¬"
                    HPOS="338.0"
                    VPOS="1477.0"
                    WIDTH="791.0"
                    HEIGHT="82.0"
                    ></String>
          </TextLine>
        </TextBlock>
      </PrintSpace>
    </Page>
  </Layout>
</alto>
