<?xml version="1.0" encoding="UTF-8"?>
<alto xmlns:xsi="http://www.w3.org/2001/XMLSchema-instance"
      xmlns="http://www.loc.gov/standards/alto/ns-v4#"
      xsi:schemaLocation="http://www.loc.gov/standards/alto/ns-v4# http://www.loc.gov/standards/alto/v4/alto-4-2.xsd">
  <Description>
    <MeasurementUnit>pixel</MeasurementUnit>
    <sourceImageInformation>
      <fileName>bsb00027764_00169.jpg</fileName>
    </sourceImageInformation>
  </Description>
  <Tags>
    <OtherTag ID="BT7" LABEL="CustomZone" DESCRIPTION="block type CustomZone"/><OtherTag ID="BT8" LABEL="DamageZone" DESCRIPTION="block type DamageZone"/><OtherTag ID="BT9" LABEL="DigitizationArtefactZone" DESCRIPTION="block type DigitizationArtefactZone"/><OtherTag ID="BT10" LABEL="DropCapitalZone" DESCRIPTION="block type DropCapitalZone"/><OtherTag ID="BT11" LABEL="GraphicZone" DESCRIPTION="block type GraphicZone"/><OtherTag ID="BT12" LABEL="MainZone" DESCRIPTION="block type MainZone"/><OtherTag ID="BT13" LABEL="MarginTextZone" DESCRIPTION="block type MarginTextZone"/><OtherTag ID="BT14" LABEL="MusicZone" DESCRIPTION="block type MusicZone"/><OtherTag ID="BT15" LABEL="NumberingZone" DESCRIPTION="block type NumberingZone"/><OtherTag ID="BT17" LABEL="QuireMarksZone" DESCRIPTION="block type QuireMarksZone"/><OtherTag ID="BT18" LABEL="RunningTitleZone" DESCRIPTION="block type RunningTitleZone"/><OtherTag ID="BT19" LABEL="SealZone" DESCRIPTION="block type SealZone"/><OtherTag ID="BT20" LABEL="StampZone" DESCRIPTION="block type StampZone"/><OtherTag ID="BT21" LABEL="TableZone" DESCRIPTION="block type TableZone"/><OtherTag ID="BT22" LABEL="TitlePageZone" DESCRIPTION="block type TitlePageZone"/><OtherTag ID="BT3014" LABEL="MainZone-P-Continued" DESCRIPTION="block type MainZone-P-Continued"/><OtherTag ID="BT3015" LABEL="MainZone-Sp-Continued" DESCRIPTION="block type MainZone-Sp-Continued"/><OtherTag ID="BT3016" LABEL="MainZone-Sp" DESCRIPTION="block type MainZone-Sp"/><OtherTag ID="BT3017" LABEL="MainZone-P" DESCRIPTION="block type MainZone-P"/><OtherTag ID="BT3018" LABEL="MarginTextZone-ManuscriptAddendum" DESCRIPTION="block type MarginTextZone-ManuscriptAddendum"/><OtherTag ID="BT3019" LABEL="MarginTextZone-Notes" DESCRIPTION="block type MarginTextZone-Notes"/><OtherTag ID="BT3020" LABEL="MainZone-Head" DESCRIPTION="block type MainZone-Head"/><OtherTag ID="BT3021" LABEL="text" DESCRIPTION="block type text"/>
    <OtherTag ID="LT7" LABEL="CustomLine" DESCRIPTION="line type CustomLine"/><OtherTag ID="LT8" LABEL="DefaultLine" DESCRIPTION="line type DefaultLine"/><OtherTag ID="LT9" LABEL="DropCapitalLine" DESCRIPTION="line type DropCapitalLine"/><OtherTag ID="LT10" LABEL="HeadingLine" DESCRIPTION="line type HeadingLine"/><OtherTag ID="LT11" LABEL="InterlinearLine" DESCRIPTION="line type InterlinearLine"/><OtherTag ID="LT12" LABEL="MusicLine" DESCRIPTION="line type MusicLine"/><OtherTag ID="LT952" LABEL="default" DESCRIPTION="line type default"/>
  </Tags>
  <Layout>
    <Page WIDTH="1177"
          HEIGHT="1883"
          PHYSICAL_IMG_NR="14"
          ID="eSc_dummypage_">
      <PrintSpace HPOS="0"
                  VPOS="0"
                  WIDTH="1177"
                  HEIGHT="1883">
        <TextBlock HPOS="83.0"
                   VPOS="141.0"
                   WIDTH="670.0"
                   HEIGHT="50.0"
                   ID="block_3"
                   TAGREFS="BT18">
          <Shape><Polygon POINTS="753 141 753 191 83 191 83 141"/></Shape>
          <TextLine ID="line_0"
                    TAGREFS="LT8"
                    BASELINE="92 181 742 172" 
                    HPOS="89.0"
                    VPOS="141.0"
                    WIDTH="651.0"
                    HEIGHT="59.0">
            <Shape><Polygon POINTS="732 141 89 142 91 200 304 200 315 191 392 197 425 189 522 196 634 186 679 193 740 183 736 141 732 141"/></Shape>
            <String CONTENT="IN EPI. PAVLI AD TIM. I."
                    HPOS="89.0"
                    VPOS="141.0"
                    WIDTH="651.0"
                    HEIGHT="59.0"
                    ></String>
          </TextLine>
        </TextBlock>
        <TextBlock HPOS="770.0"
                   VPOS="134.0"
                   WIDTH="74.0"
                   HEIGHT="59.0"
                   ID="eSc_textblock_63b025eb"
                   TAGREFS="BT15">
          <Shape><Polygon POINTS="770 134 770 193 844 193 844 134"/></Shape>
          <TextLine ID="eSc_line_08cd8a0d"
                    TAGREFS="LT8"
                    BASELINE="776 172 835 171" 
                    HPOS="773.0"
                    VPOS="111.0"
                    WIDTH="61.0"
                    HEIGHT="80.0">
            <Shape><Polygon POINTS="775 185 833 191 834 169 830 111 773 114 775 171"/></Shape>
            <String CONTENT="85"
                    HPOS="773.0"
                    VPOS="111.0"
                    WIDTH="61.0"
                    HEIGHT="80.0"
                    ></String>
          </TextLine>
        </TextBlock>
        <TextBlock HPOS="27.0"
                   VPOS="199.0"
                   WIDTH="836.0"
                   HEIGHT="1307.0"
                   ID="block_1"
                   TAGREFS="BT3014">
          <Shape><Polygon POINTS="863 199 863 1506 54 1506 27 205"/></Shape>
          <TextLine ID="line_1"
                    TAGREFS="LT8"
                    BASELINE="73 242 843 228" 
                    HPOS="72.0"
                    VPOS="209.0"
                    WIDTH="771.0"
                    HEIGHT="53.0">
            <Shape><Polygon POINTS="835 209 825 209 815 209 804 209 794 209 783 209 773 209 762 209 752 209 741 209 731 209 720 209 710 209 699 209 689 209 678 209 668 209 658 209 647 209 637 209 626 209 616 209 605 209 595 209 584 209 574 209 563 209 553 209 542 209 532 209 522 209 511 209 501 209 490 209 481 209 453 211 440 209 438 209 427 209 417 209 406 209 398 211 386 209 375 209 365 209 354 209 347 209 345 210 342 211 336 210 332 209 323 209 314 209 313 210 309 213 300 210 296 209 291 209 281 209 276 209 272 210 265 212 257 211 246 209 239 209 229 209 227 209 219 211 211 213 202 211 194 209 187 209 184 209 177 211 170 214 159 212 146 209 145 209 72 212 73 242 73 256 110 262 111 262 112 262 126 256 127 255 129 256 138 261 139 261 140 261 141 262 182 262 182 261 183 261 195 255 198 253 237 253 253 255 285 259 286 259 287 259 297 254 302 252 318 254 346 258 347 258 385 254 415 250 461 253 500 255 501 255 502 255 509 252 521 247 580 252 606 253 607 253 620 251 646 246 712 250 730 251 731 251 732 251 733 251 734 250 740 245 773 250 778 250 779 250 784 250 826 243 841 248 843 228 841 209 835 209"/></Shape>
            <String CONTENT="Proſequitur qd’œperat de oratione. Vide hic quod"
                    HPOS="72.0"
                    VPOS="209.0"
                    WIDTH="771.0"
                    HEIGHT="53.0"
                    WC="0.9981765622893969"></String>
          </TextLine>
          <TextLine ID="line_2"
                    TAGREFS="LT8"
                    BASELINE="47 295 290 286 584 285 842 277" 
                    HPOS="46.0"
                    VPOS="239.0"
                    WIDTH="796.0"
                    HEIGHT="73.0">
            <Shape><Polygon POINTS="47 295 47 306 56 312 57 312 58 312 59 312 96 304 172 311 173 311 174 311 193 303 200 308 201 308 202 308 204 308 241 302 251 301 254 302 267 309 268 309 269 309 270 309 289 302 296 299 399 298 403 301 410 306 411 306 412 306 413 307 436 307 436 306 437 306 438 306 444 301 449 297 466 300 485 304 486 304 522 300 548 297 558 300 570 303 571 303 572 303 686 301 716 298 803 289 841 297 842 277 840 247 786 239 785 239 784 239 766 247 765 248 764 247 754 240 753 240 752 240 751 240 683 241 653 242 652 242 638 248 631 252 624 248 609 243 608 243 607 243 578 250 561 253 553 250 539 244 538 244 537 244 536 244 535 244 528 250 521 255 458 255 449 251 443 247 442 247 441 247 440 247 431 251 417 256 398 251 395 251 394 251 393 251 392 251 391 251 383 257 356 252 340 248 338 248 321 252 285 259 234 254 233 254 232 254 231 254 222 261 149 261 133 254 132 254 103 254 102 254 101 254 79 263 70 255 69 255 68 255 46 255 47 295"/></Shape>
            <String CONTENT="Paulus non requirat templum adorationi: ſed dicit, In"
                    HPOS="46.0"
                    VPOS="239.0"
                    WIDTH="796.0"
                    HEIGHT="73.0"
                    WC="0.9937168179817919"></String>
          </TextLine>
          <TextLine ID="line_3"
                    TAGREFS="LT8"
                    BASELINE="48 344 840 327" 
                    HPOS="47.0"
                    VPOS="289.0"
                    WIDTH="793.0"
                    HEIGHT="71.0">
            <Shape><Polygon POINTS="48 344 48 354 118 354 119 354 129 360 130 360 131 360 132 360 133 360 147 353 149 352 244 351 250 352 262 357 263 357 264 357 265 357 276 352 279 351 281 352 292 357 293 357 295 357 355 351 394 348 410 351 427 354 428 354 429 354 440 351 451 347 840 347 840 327 838 300 789 289 788 289 787 289 768 299 754 291 753 291 752 291 727 292 726 292 725 292 715 301 697 296 696 296 695 296 694 296 670 302 668 302 663 302 617 299 616 299 577 303 567 304 563 303 548 299 547 299 546 299 545 299 544 299 544 300 539 304 537 306 406 307 394 306 344 299 343 299 292 305 221 302 220 302 219 302 202 308 192 312 178 309 156 303 155 303 154 303 47 310 48 344"/></Shape>
            <String CONTENT="omni loco, id eſt, ubicun orauerint, &amp;c. Ne hic ſtru¬"
                    HPOS="47.0"
                    VPOS="289.0"
                    WIDTH="793.0"
                    HEIGHT="71.0"
                    ></String>
          </TextLine>
          <TextLine ID="line_4"
                    TAGREFS="LT8"
                    BASELINE="49 393 369 383 842 378" 
                    HPOS="48.0"
                    VPOS="343.0"
                    WIDTH="794.0"
                    HEIGHT="63.0">
            <Shape><Polygon POINTS="49 393 49 400 60 406 61 406 62 406 63 406 80 401 159 406 160 406 208 399 225 405 227 405 228 405 229 405 247 398 266 404 267 404 268 404 269 404 297 397 299 397 318 397 514 400 515 400 547 394 554 393 563 394 605 399 606 399 842 390 842 378 840 347 741 343 740 343 739 343 725 349 717 352 705 349 680 344 678 344 677 344 676 344 667 350 661 354 593 354 589 352 580 346 579 346 578 346 554 346 553 346 552 346 551 346 551 347 544 353 540 356 483 356 472 354 448 350 447 350 446 350 445 350 438 355 437 356 433 355 404 349 403 349 326 350 325 350 324 350 314 356 256 351 255 351 217 353 216 353 215 353 207 360 206 360 205 360 145 353 144 353 143 353 142 353 130 361 72 358 71 358 70 358 48 364 49 393"/></Shape>
            <String CONTENT="as rurſum Paulo calumniam, quod oporteat etiam in"
                    HPOS="48.0"
                    VPOS="343.0"
                    WIDTH="794.0"
                    HEIGHT="63.0"
                    WC="0.9971951927457537"></String>
          </TextLine>
          <TextLine ID="line_5"
                    TAGREFS="LT8"
                    BASELINE="49 441 495 432 842 432" 
                    HPOS="48.0"
                    VPOS="394.0"
                    WIDTH="794.0"
                    HEIGHT="60.0">
            <Shape><Polygon POINTS="49 441 49 454 379 447 425 451 444 452 445 452 455 450 476 446 531 450 542 450 544 450 558 449 632 444 648 448 650 449 651 449 652 449 744 448 749 447 775 442 841 446 842 432 841 399 684 394 683 394 682 394 669 401 668 401 662 401 582 396 581 396 580 396 579 396 573 402 564 396 563 396 562 396 561 396 504 401 446 397 445 397 307 405 291 399 290 399 289 399 288 399 273 406 244 400 243 400 210 406 152 401 151 401 150 401 125 409 125 410 48 410 49 441"/></Shape>
            <String CONTENT="aquis, in inuijs &amp;c. orare: quia dicit in omni loco, &amp;c."
                    HPOS="48.0"
                    VPOS="394.0"
                    WIDTH="794.0"
                    HEIGHT="60.0"
                    WC="0.9918588559542384"></String>
          </TextLine>
          <TextLine ID="line_6"
                    TAGREFS="LT8"
                    BASELINE="53 490 473 481 844 478" 
                    HPOS="52.0"
                    VPOS="441.0"
                    WIDTH="792.0"
                    HEIGHT="66.0">
            <Shape><Polygon POINTS="53 490 53 502 169 507 170 507 171 507 183 502 185 501 190 501 221 506 222 506 257 501 266 500 306 501 416 503 417 503 418 503 428 500 438 496 454 498 470 502 471 502 512 498 566 494 843 495 844 478 841 442 728 449 717 443 712 441 711 441 710 441 709 441 708 441 704 444 692 450 665 445 664 445 628 451 620 445 617 442 616 442 615 442 614 442 556 446 523 448 519 446 514 443 513 443 512 443 511 443 456 444 402 448 308 457 273 450 252 447 251 447 250 447 240 451 224 458 202 451 197 450 196 450 195 450 186 452 152 459 131 452 126 451 125 451 124 451 123 451 116 454 89 460 52 455 53 490"/></Shape>
            <String CONTENT="Potuerã &amp; hoc quo quod ſupra dixi, Vult omnes"
                    HPOS="52.0"
                    VPOS="441.0"
                    WIDTH="792.0"
                    HEIGHT="66.0"
                    WC="0.9810016193288438"></String>
          </TextLine>
          <TextLine ID="line_7"
                    TAGREFS="LT8"
                    BASELINE="53 539 255 538 548 529 847 527" 
                    HPOS="52.0"
                    VPOS="489.0"
                    WIDTH="795.0"
                    HEIGHT="69.0">
            <Shape><Polygon POINTS="53 539 53 552 95 550 101 552 109 555 110 555 111 555 112 555 119 552 123 550 137 552 176 558 177 558 232 555 233 555 240 551 245 548 250 551 253 554 254 554 255 554 291 556 292 556 293 556 307 551 321 546 351 546 358 551 364 555 365 555 366 555 367 555 368 555 382 550 394 547 410 550 415 551 416 551 417 551 419 550 432 543 469 543 483 550 490 553 491 553 492 553 493 553 501 550 515 541 557 541 646 542 653 549 654 549 655 549 657 549 661 549 685 542 695 548 697 549 698 549 699 549 796 548 797 548 798 548 812 539 846 547 847 527 844 495 699 497 696 496 683 489 682 489 681 489 590 491 589 491 577 497 572 501 539 502 470 502 448 498 419 494 418 494 417 494 408 498 400 503 391 500 377 494 376 494 375 494 350 500 330 504 319 500 307 495 306 495 305 495 276 501 242 506 235 501 232 497 231 497 230 497 229 497 228 497 219 501 214 503 208 501 196 497 195 497 194 497 193 497 192 497 187 501 177 507 144 502 125 498 124 498 123 498 114 502 95 508 79 502 73 500 72 500 71 500 52 502 53 539"/></Shape>
            <String CONTENT="homines ſaluos fieri: ſic interpretari, id eſt, quotquot"
                    HPOS="52.0"
                    VPOS="489.0"
                    WIDTH="795.0"
                    HEIGHT="69.0"
                    WC="0.9930150221501078"></String>
          </TextLine>
          <TextLine ID="line_8"
                    TAGREFS="LT8"
                    BASELINE="54 588 234 588 621 577 850 578" 
                    HPOS="53.0"
                    VPOS="537.0"
                    WIDTH="797.0"
                    HEIGHT="69.0">
            <Shape><Polygon POINTS="54 588 54 606 79 601 97 606 99 606 100 606 101 606 235 603 236 603 251 598 270 603 275 603 276 603 285 602 348 595 394 600 402 601 403 601 404 601 405 601 406 600 416 594 460 599 461 599 462 599 464 599 529 592 557 598 561 598 562 598 563 598 564 597 578 591 849 592 850 578 849 547 801 537 800 537 758 547 753 548 725 548 548 541 547 541 546 541 519 549 507 552 472 549 405 543 404 543 403 543 390 550 385 552 358 550 304 546 303 546 302 546 301 546 293 551 284 557 243 557 235 551 234 550 233 550 232 550 231 550 230 550 225 551 206 557 176 552 175 552 174 552 173 552 173 553 167 558 141 552 126 549 125 549 124 549 118 552 111 556 105 552 103 550 102 550 101 550 100 550 53 552 54 588"/></Shape>
            <String CONTENT="ſaluãtur, eius uolũtate ſaluantur, ſicut Ioannis I. Illu¬"
                    HPOS="53.0"
                    VPOS="537.0"
                    WIDTH="797.0"
                    HEIGHT="69.0"
                    ></String>
          </TextLine>
          <TextLine ID="line_9"
                    TAGREFS="LT8"
                    BASELINE="51 636 255 638 850 624" 
                    HPOS="50.0"
                    VPOS="587.0"
                    WIDTH="800.0"
                    HEIGHT="71.0">
            <Shape><Polygon POINTS="51 636 51 651 86 658 87 658 172 650 210 656 211 656 212 656 240 649 264 655 265 655 266 655 307 653 308 653 309 653 320 646 321 646 323 646 346 653 347 653 348 653 387 648 402 652 403 652 404 652 405 652 429 644 431 644 432 644 446 651 447 651 448 651 449 651 481 643 483 643 484 643 498 650 499 650 500 650 589 644 634 648 635 648 636 648 637 648 637 647 645 640 646 640 654 640 745 645 747 645 748 645 770 638 771 638 772 638 806 645 807 645 849 636 850 624 847 590 797 596 786 591 780 587 779 587 778 587 754 592 734 595 718 593 692 588 691 588 690 588 674 594 667 596 659 594 639 590 638 590 637 590 625 595 616 599 598 596 576 592 575 592 574 592 554 597 545 599 541 597 531 592 530 592 529 592 528 592 511 598 502 601 494 598 478 593 477 593 476 593 424 600 402 603 393 601 369 595 368 595 367 595 325 603 310 605 300 603 263 597 262 597 261 597 242 605 238 607 150 609 112 609 111 608 100 600 99 600 98 600 97 600 50 609 51 636"/></Shape>
            <String CONTENT="minans omnẽ hominẽ &amp;c. id eſt quotquot illuminan¬"
                    HPOS="50.0"
                    VPOS="587.0"
                    WIDTH="800.0"
                    HEIGHT="71.0"
                    WC="0.9871651121214324"></String>
          </TextLine>
          <TextLine ID="line_10"
                    TAGREFS="LT8"
                    BASELINE="59 688 298 688 848 672" 
                    HPOS="58.0"
                    VPOS="636.0"
                    WIDTH="790.0"
                    HEIGHT="70.0">
            <Shape><Polygon POINTS="59 701 192 700 197 700 224 706 225 706 267 699 279 698 285 699 302 704 303 704 304 704 345 698 350 698 369 698 492 699 493 699 494 699 507 696 517 693 564 695 599 696 600 696 610 694 631 690 658 693 665 694 666 694 675 693 712 688 729 692 732 693 733 693 734 693 735 693 739 692 758 687 773 692 775 692 776 692 777 692 848 690 848 672 843 636 833 643 728 640 727 640 692 646 648 642 638 641 637 641 625 642 579 649 548 644 536 643 535 643 510 645 446 652 419 648 406 646 405 646 390 649 361 654 340 650 337 650 336 650 333 650 307 655 297 651 291 649 290 649 289 649 288 649 283 651 274 656 250 652 233 650 232 650 212 653 187 659 175 654 168 652 167 652 166 652 58 659 59 688 59 701"/></Shape>
            <String CONTENT="tur, à deo illuminantur: ſicut &amp; hic, Volo uiros orare"
                    HPOS="58.0"
                    VPOS="636.0"
                    WIDTH="790.0"
                    HEIGHT="70.0"
                    WC="0.9953419717875394"></String>
          </TextLine>
          <TextLine ID="line_11"
                    TAGREFS="LT8"
                    BASELINE="59 737 343 737 852 722" 
                    HPOS="59.0"
                    VPOS="685.0"
                    WIDTH="793.0"
                    HEIGHT="71.0">
            <Shape><Polygon POINTS="59 752 296 756 297 756 355 747 387 754 388 754 389 754 406 747 474 752 476 752 477 752 492 744 533 751 534 751 535 751 536 751 551 741 552 740 595 740 596 740 619 747 620 747 621 747 622 747 638 739 639 739 640 739 676 747 677 747 678 747 713 738 748 745 749 745 852 734 852 722 848 687 819 694 790 693 784 688 781 685 780 685 779 685 778 685 725 686 723 686 715 689 696 695 681 689 676 688 675 688 674 688 639 689 638 689 635 690 613 698 590 691 586 690 585 690 584 690 583 690 581 691 563 700 439 702 377 694 371 694 370 694 369 694 368 694 353 704 330 696 329 696 328 696 327 696 296 705 281 698 280 698 279 698 225 707 179 698 178 698 177 698 152 710 98 710 87 700 86 700 85 700 59 700 59 737 59 752"/></Shape>
            <String CONTENT="in omni loco:id eſt, ubicun orauerint. Si uidiſſem ad"
                    HPOS="59.0"
                    VPOS="685.0"
                    WIDTH="793.0"
                    HEIGHT="71.0"
                    WC="0.9861068758699629"></String>
          </TextLine>
          <TextLine ID="eSc_line_0f92c450"
                    TAGREFS="LT8"
                    BASELINE="66 791 836 779" 
                    HPOS="64.0"
                    VPOS="739.0"
                    WIDTH="770.0"
                    HEIGHT="67.0">
            <Shape><Polygon POINTS="65 806 353 806 353 804 354 804 384 795 447 803 448 803 450 803 472 793 542 801 544 801 546 801 575 792 607 798 608 798 610 798 643 787 834 786 834 778 831 740 582 739 580 739 579 739 577 739 577 740 569 746 422 743 420 743 351 751 324 743 323 743 321 743 320 743 318 743 318 745 310 753 249 753 188 745 186 745 185 745 156 754 64 748 65 790"/></Shape>
            <String CONTENT="contextũ orationis pertinere, ut uideas uel hoc loco,"
                    HPOS="64.0"
                    VPOS="739.0"
                    WIDTH="770.0"
                    HEIGHT="67.0"
                    ></String>
          </TextLine>
          <TextLine ID="line_12"
                    TAGREFS="LT8"
                    BASELINE="63 834 346 836 657 823 851 819" 
                    HPOS="62.0"
                    VPOS="783.0"
                    WIDTH="789.0"
                    HEIGHT="76.0">
            <Shape><Polygon POINTS="63 834 63 852 106 859 107 859 229 850 258 855 259 855 291 849 349 854 350 854 351 854 380 847 400 853 401 853 402 853 444 852 445 852 446 852 455 846 491 851 492 851 493 851 518 842 528 838 557 841 609 845 610 845 612 845 613 845 620 840 624 836 627 838 637 846 638 846 639 846 640 846 733 836 767 833 778 835 815 844 816 844 817 844 851 833 851 819 847 783 817 790 793 784 790 784 789 784 788 784 787 784 786 784 786 785 771 793 695 787 673 786 672 786 631 787 630 787 629 787 626 789 614 799 530 799 502 793 482 790 481 790 480 790 467 795 450 801 429 796 417 793 416 793 415 793 414 793 410 797 400 803 340 803 333 799 321 793 320 793 319 793 318 793 317 793 306 800 301 803 296 800 290 798 289 798 288 798 287 798 286 798 282 801 276 805 170 806 166 804 155 799 154 799 115 798 114 798 62 807 63 834"/></Shape>
            <String CONTENT="qd’ſcriptura nihili facit ſophiſticas cauillationes. Qui"
                    HPOS="62.0"
                    VPOS="783.0"
                    WIDTH="789.0"
                    HEIGHT="76.0"
                    WC="0.9903023328099932"></String>
          </TextLine>
          <TextLine ID="line_13"
                    TAGREFS="LT8"
                    BASELINE="60 883 305 887 853 866" 
                    HPOS="59.0"
                    VPOS="828.0"
                    WIDTH="794.0"
                    HEIGHT="76.0">
            <Shape><Polygon POINTS="60 883 60 897 143 897 144 897 152 903 153 903 154 903 155 903 178 899 216 904 217 904 276 898 396 899 397 899 398 899 428 891 443 898 444 898 445 898 478 897 479 897 480 897 480 896 487 890 500 896 501 896 502 896 503 896 522 889 523 889 545 895 546 895 547 895 623 893 682 886 730 878 835 876 851 881 853 866 851 832 833 828 832 828 831 828 830 828 824 832 818 837 804 833 795 830 794 830 793 830 690 836 651 838 628 838 558 836 557 836 556 836 555 836 550 841 541 846 528 842 517 837 516 837 515 837 487 843 439 851 375 847 374 847 373 847 372 847 363 853 227 852 225 852 224 852 197 859 159 859 144 852 137 849 136 849 134 849 59 854 60 883"/></Shape>
            <String CONTENT="credit, credat. Argutijs enim illis, deiſpiritus nõ conci¬"
                    HPOS="59.0"
                    VPOS="828.0"
                    WIDTH="794.0"
                    HEIGHT="76.0"
                    ></String>
          </TextLine>
          <TextLine ID="line_14"
                    TAGREFS="LT8"
                    BASELINE="63 937 318 936 849 915" 
                    HPOS="61.0"
                    VPOS="877.0"
                    WIDTH="788.0"
                    HEIGHT="80.0">
            <Shape><Polygon POINTS="63 937 65 957 72 950 163 948 171 953 174 954 175 954 176 954 188 951 204 948 207 950 215 957 216 957 217 957 218 957 219 957 246 950 406 950 408 950 409 950 410 950 410 949 418 942 420 941 424 942 444 948 445 948 446 948 447 948 448 948 458 941 461 938 479 938 482 940 491 947 492 947 493 947 494 947 577 939 603 944 604 944 628 943 629 943 630 943 630 942 640 934 641 934 659 940 660 940 661 940 662 940 663 940 663 939 670 933 688 941 689 941 690 941 733 940 734 940 762 929 765 928 770 928 795 933 796 933 849 925 849 915 845 877 744 887 674 882 668 882 667 882 666 882 665 882 648 895 614 892 613 892 583 897 517 888 514 888 513 888 512 888 511 888 493 899 443 902 411 892 410 892 409 892 408 892 379 904 358 899 357 899 356 899 355 899 354 899 346 906 180 910 167 904 166 904 165 904 164 904 163 904 152 911 109 901 107 901 106 901 61 902 63 937"/></Shape>
            <String CONTENT="pitur. Summa ergo (ut hoc rurſum ingerã) ſuperioris"
                    HPOS="61.0"
                    VPOS="877.0"
                    WIDTH="788.0"
                    HEIGHT="80.0"
                    WC="0.9988161394229302"></String>
          </TextLine>
          <TextLine ID="line_15"
                    TAGREFS="LT8"
                    BASELINE="62 981 307 985 851 964" 
                    HPOS="61.0"
                    VPOS="929.0"
                    WIDTH="790.0"
                    HEIGHT="70.0">
            <Shape><Polygon POINTS="62 981 62 999 457 995 458 995 488 987 494 986 499 987 524 992 525 992 526 992 538 986 540 985 542 985 563 992 564 992 566 992 567 992 596 984 600 983 603 984 620 990 621 990 622 990 670 982 676 981 681 981 707 988 708 988 709 988 710 988 741 980 745 979 749 979 780 986 781 986 782 986 783 986 796 978 797 977 851 976 851 964 848 929 807 935 753 932 743 932 742 932 741 932 740 932 731 937 712 933 709 933 708 933 707 933 706 933 681 943 663 937 662 937 661 937 660 937 629 947 618 940 617 940 616 940 574 937 570 937 569 937 568 937 567 937 552 948 529 938 528 938 527 938 526 938 521 938 417 954 327 951 326 951 325 951 310 958 167 961 146 955 145 955 144 955 143 955 122 962 105 951 104 951 103 951 61 951 62 981"/></Shape>
            <String CONTENT="loci ex cõtextu orationis petẽda eſt. Orate pro omni¬"
                    HPOS="61.0"
                    VPOS="929.0"
                    WIDTH="790.0"
                    HEIGHT="70.0"
                    WC="0.983703380281275"></String>
          </TextLine>
          <TextLine ID="line_16"
                    TAGREFS="LT8"
                    BASELINE="66 1030 298 1035 851 1014" 
                    HPOS="65.0"
                    VPOS="980.0"
                    WIDTH="786.0"
                    HEIGHT="71.0">
            <Shape><Polygon POINTS="66 1047 245 1051 246 1051 290 1045 419 1046 420 1046 483 1036 535 1042 536 1042 537 1042 572 1033 577 1032 581 1033 608 1038 609 1038 610 1038 612 1038 620 1032 632 1039 634 1039 635 1039 636 1039 637 1039 650 1031 653 1029 693 1029 700 1030 747 1036 748 1036 749 1036 750 1036 750 1035 758 1028 760 1026 850 1025 851 1014 848 985 776 987 773 986 756 980 755 980 754 980 682 983 681 983 680 983 680 984 674 988 670 992 645 992 634 989 614 984 613 984 612 984 563 990 546 986 545 986 544 986 542 986 541 986 533 991 526 996 500 996 449 993 394 990 393 990 392 990 391 990 386 995 379 1001 354 1001 338 996 329 993 328 993 327 993 310 996 281 1004 265 1004 258 997 254 994 253 994 252 994 251 994 250 994 249 994 243 999 240 1001 231 999 222 996 221 996 220 996 219 996 218 996 215 999 207 1006 168 1006 152 1001 144 997 143 997 142 997 117 999 116 999 115 999 115 1000 112 1002 106 1006 65 1003 66 1030 66 1047"/></Shape>
            <String CONTENT="um hominũ ſtatu ſiue cõditione. Nã deus nullũ ſtatum"
                    HPOS="65.0"
                    VPOS="980.0"
                    WIDTH="786.0"
                    HEIGHT="71.0"
                    WC="0.998995130615575"></String>
          </TextLine>
          <TextLine ID="line_17"
                    TAGREFS="LT8"
                    BASELINE="68 1080 322 1084 850 1062" 
                    HPOS="66.0"
                    VPOS="1029.0"
                    WIDTH="784.0"
                    HEIGHT="77.0">
            <Shape><Polygon POINTS="68 1098 92 1098 114 1106 115 1106 116 1106 117 1106 118 1106 131 1097 160 1105 161 1105 162 1105 163 1105 164 1105 172 1100 249 1102 250 1102 251 1102 252 1102 260 1096 268 1102 269 1102 270 1102 272 1102 341 1100 342 1100 358 1094 425 1097 426 1097 427 1097 450 1089 493 1095 494 1095 495 1095 496 1095 507 1086 540 1091 541 1091 542 1091 567 1084 607 1092 608 1092 609 1092 632 1084 645 1091 646 1091 647 1091 648 1091 668 1080 669 1079 775 1077 797 1085 798 1085 799 1085 800 1085 801 1085 812 1076 812 1075 850 1074 850 1062 847 1032 818 1036 802 1033 783 1029 782 1029 781 1029 765 1034 758 1036 752 1034 740 1030 739 1030 738 1030 714 1035 712 1035 711 1035 687 1031 686 1031 685 1031 684 1031 675 1036 654 1031 653 1031 652 1031 651 1031 636 1037 632 1038 625 1038 583 1033 582 1033 581 1033 580 1033 580 1034 574 1039 550 1034 549 1034 548 1034 527 1040 508 1047 494 1041 481 1036 480 1036 479 1036 444 1037 418 1038 417 1038 405 1044 393 1051 319 1052 310 1047 308 1045 307 1045 306 1045 305 1045 266 1048 167 1058 133 1058 125 1052 120 1048 119 1048 118 1048 117 1048 66 1054 68 1080 68 1098"/></Shape>
            <String CONTENT="reijcit, &amp; Chriſtus non ſolũ pro Iudæis, ſed etiam pro"
                    HPOS="66.0"
                    VPOS="1029.0"
                    WIDTH="784.0"
                    HEIGHT="77.0"
                    WC="0.9783201857046647"></String>
          </TextLine>
          <TextLine ID="line_18"
                    TAGREFS="LT8"
                    BASELINE="71 1135 353 1133 849 1113" 
                    HPOS="69.0"
                    VPOS="1076.0"
                    WIDTH="780.0"
                    HEIGHT="77.0">
            <Shape><Polygon POINTS="71 1135 71 1151 134 1146 157 1149 183 1153 184 1153 244 1146 247 1146 249 1146 268 1152 269 1152 270 1152 357 1150 401 1140 413 1138 422 1139 464 1146 465 1146 511 1136 522 1133 530 1135 572 1143 573 1143 617 1136 634 1141 635 1141 636 1141 637 1141 668 1131 707 1139 708 1139 709 1139 740 1126 742 1125 778 1125 780 1125 812 1133 813 1133 815 1133 816 1133 849 1122 849 1113 845 1076 815 1077 813 1077 812 1077 799 1087 779 1078 778 1078 777 1078 776 1078 759 1086 744 1081 743 1081 742 1081 669 1092 650 1084 649 1084 648 1084 647 1084 621 1094 586 1084 585 1084 584 1084 583 1084 582 1084 539 1098 510 1089 509 1089 508 1089 507 1089 482 1100 436 1090 435 1090 434 1090 433 1090 432 1090 414 1103 355 1105 314 1105 302 1096 301 1096 300 1096 299 1096 298 1096 274 1107 191 1109 160 1099 159 1099 157 1099 69 1101 71 1135"/></Shape>
            <String CONTENT="gentibus, cuiuſcun cõditionis exiſtant, mortuus eſt."
                    HPOS="69.0"
                    VPOS="1076.0"
                    WIDTH="780.0"
                    HEIGHT="77.0"
                    WC="0.9947688380877177"></String>
          </TextLine>
          <TextLine ID="line_19"
                    TAGREFS="LT8"
                    BASELINE="70 1178 334 1183 851 1162" 
                    HPOS="69.0"
                    VPOS="1130.0"
                    WIDTH="782.0"
                    HEIGHT="73.0">
            <Shape><Polygon POINTS="70 1178 70 1195 213 1203 214 1203 346 1193 387 1197 388 1197 389 1197 409 1187 426 1196 427 1196 428 1196 429 1196 459 1189 540 1193 541 1193 615 1180 618 1180 621 1180 667 1185 668 1185 669 1185 686 1177 700 1188 702 1188 703 1188 704 1189 720 1189 720 1188 721 1188 759 1175 760 1174 850 1172 851 1162 849 1140 812 1130 811 1130 747 1139 738 1132 737 1132 736 1132 735 1132 688 1133 687 1133 661 1142 654 1144 646 1142 624 1138 623 1138 622 1138 610 1143 606 1145 603 1143 593 1137 592 1137 591 1137 590 1137 589 1137 587 1137 578 1143 573 1147 558 1144 545 1141 544 1141 542 1141 531 1144 517 1148 509 1144 503 1142 502 1142 501 1142 477 1145 426 1151 408 1151 401 1146 396 1142 395 1142 394 1142 393 1142 392 1142 378 1146 356 1153 313 1150 312 1150 274 1155 254 1148 251 1147 250 1147 249 1147 247 1147 243 1148 211 1158 69 1151 70 1178"/></Shape>
            <String CONTENT="Aduerte, qd’uiros uult orare cũ pietate, mulieres ue¬"
                    HPOS="69.0"
                    VPOS="1130.0"
                    WIDTH="782.0"
                    HEIGHT="73.0"
                    WC="0.9925490970964785"></String>
          </TextLine>
          <TextLine ID="line_20"
                    TAGREFS="LT8"
                    BASELINE="70 1228 297 1233 722 1216 855 1214" 
                    HPOS="70.0"
                    VPOS="1180.0"
                    WIDTH="785.0"
                    HEIGHT="74.0">
            <Shape><Polygon POINTS="70 1244 124 1244 153 1254 154 1254 155 1254 213 1248 229 1253 230 1253 231 1253 322 1251 396 1240 417 1248 418 1248 419 1248 473 1246 474 1246 476 1246 492 1236 514 1244 515 1244 516 1244 517 1244 552 1235 601 1241 602 1241 603 1241 621 1232 638 1240 639 1240 640 1241 674 1241 674 1240 767 1229 781 1238 782 1238 783 1238 784 1238 785 1238 786 1238 800 1228 800 1227 855 1226 855 1214 853 1187 824 1180 823 1180 727 1187 655 1182 654 1182 653 1182 625 1189 609 1193 594 1190 580 1187 579 1187 556 1190 527 1194 519 1190 511 1186 510 1186 509 1186 483 1191 470 1193 463 1191 449 1187 448 1187 447 1187 446 1187 445 1187 440 1191 432 1198 386 1198 377 1192 375 1190 374 1190 373 1190 372 1190 371 1190 370 1190 368 1192 356 1200 233 1203 191 1194 188 1194 187 1194 180 1194 116 1201 70 1196 70 1228 70 1244"/></Shape>
            <String CONTENT="ro nõ ſolum cum pietate, ſed &amp; cum ueſtitu &amp; opere"
                    HPOS="70.0"
                    VPOS="1180.0"
                    WIDTH="785.0"
                    HEIGHT="74.0"
                    WC="0.9865984963435753"></String>
          </TextLine>
          <TextLine ID="line_21"
                    TAGREFS="LT8"
                    BASELINE="70 1280 317 1282 853 1263" 
                    HPOS="69.0"
                    VPOS="1227.0"
                    WIDTH="784.0"
                    HEIGHT="75.0">
            <Shape><Polygon POINTS="70 1280 70 1295 117 1295 152 1302 153 1302 190 1294 258 1301 259 1301 370 1291 446 1296 447 1296 501 1286 545 1292 546 1292 639 1290 640 1290 641 1290 641 1289 652 1280 652 1279 677 1279 681 1279 754 1287 755 1287 756 1287 794 1276 795 1275 852 1274 853 1263 850 1232 832 1235 817 1232 790 1227 789 1227 788 1227 777 1233 776 1233 775 1233 756 1228 755 1228 754 1228 753 1228 734 1234 719 1238 711 1234 702 1230 700 1230 699 1230 676 1235 665 1237 654 1235 636 1231 635 1231 634 1231 620 1236 606 1240 582 1236 559 1233 558 1233 508 1236 507 1236 503 1238 481 1249 217 1255 208 1250 207 1250 206 1250 205 1250 204 1250 177 1256 153 1244 152 1244 151 1244 69 1245 70 1280"/></Shape>
            <String CONTENT="profitentes pietatem, ut etiam ipſo aſpectu uideãtur"
                    HPOS="69.0"
                    VPOS="1227.0"
                    WIDTH="784.0"
                    HEIGHT="75.0"
                    ></String>
          </TextLine>
          <TextLine ID="line_22"
                    TAGREFS="LT8"
                    BASELINE="73 1328 303 1332 857 1313" 
                    HPOS="71.0"
                    VPOS="1281.0"
                    WIDTH="786.0"
                    HEIGHT="71.0">
            <Shape><Polygon POINTS="73 1328 73 1346 100 1352 101 1352 179 1345 188 1351 189 1351 190 1351 191 1351 227 1344 266 1350 267 1350 333 1348 334 1348 352 1340 353 1340 423 1346 424 1346 471 1337 508 1344 509 1344 541 1343 542 1343 558 1334 586 1342 587 1342 589 1342 689 1339 690 1339 709 1330 710 1330 711 1330 732 1336 733 1336 734 1336 775 1329 785 1335 786 1335 787 1335 788 1335 789 1335 805 1328 805 1327 857 1326 857 1313 854 1281 813 1287 795 1282 794 1282 793 1282 791 1282 790 1282 782 1288 756 1282 748 1281 747 1281 738 1283 703 1291 683 1284 681 1283 680 1283 678 1283 677 1283 676 1283 675 1284 663 1292 648 1284 643 1282 642 1282 622 1282 621 1282 620 1282 619 1282 616 1285 609 1289 586 1287 585 1287 584 1287 560 1295 545 1286 540 1284 539 1284 538 1284 526 1286 504 1291 485 1287 472 1285 471 1285 470 1285 462 1288 427 1300 270 1303 216 1294 215 1294 214 1294 190 1302 174 1294 173 1294 172 1294 71 1295 73 1328"/></Shape>
            <String CONTENT="eſſe Chriſtianæ: &amp; exemplumſint caſtitatis &amp; uere¬"
                    HPOS="71.0"
                    VPOS="1281.0"
                    WIDTH="786.0"
                    HEIGHT="71.0"
                    ></String>
          </TextLine>
          <TextLine ID="line_23"
                    TAGREFS="LT8"
                    BASELINE="72 1373 337 1380 856 1364" 
                    HPOS="72.0"
                    VPOS="1330.0"
                    WIDTH="784.0"
                    HEIGHT="70.0">
            <Shape><Polygon POINTS="72 1395 95 1400 96 1400 97 1400 98 1400 106 1395 110 1392 144 1392 156 1394 180 1397 182 1397 183 1397 192 1393 196 1391 200 1393 215 1398 216 1398 217 1398 276 1397 441 1388 477 1393 478 1393 479 1393 492 1386 495 1385 505 1386 545 1392 546 1392 621 1384 622 1384 678 1389 680 1389 712 1381 716 1379 856 1377 856 1364 853 1330 772 1331 771 1331 770 1331 762 1337 712 1332 707 1332 706 1332 705 1332 704 1332 684 1346 653 1333 652 1333 651 1333 650 1333 649 1333 648 1333 619 1347 567 1347 547 1337 546 1337 545 1337 544 1337 542 1337 528 1348 366 1352 357 1347 356 1347 355 1347 354 1347 353 1347 352 1347 346 1353 279 1354 173 1353 160 1344 159 1344 157 1344 156 1344 155 1344 130 1350 72 1345 72 1373 72 1395"/></Shape>
            <String CONTENT="cundiæ, ne auertant uirorum animos, ubi ad orationẽ"
                    HPOS="72.0"
                    VPOS="1330.0"
                    WIDTH="784.0"
                    HEIGHT="70.0"
                    ></String>
          </TextLine>
          <TextLine ID="line_24"
                    TAGREFS="LT8"
                    BASELINE="70 1425 416 1430 857 1414" 
                    HPOS="69.0"
                    VPOS="1381.0"
                    WIDTH="788.0"
                    HEIGHT="66.0">
            <Shape><Polygon POINTS="70 1425 70 1441 146 1441 147 1441 157 1446 159 1446 160 1446 184 1441 185 1441 186 1441 243 1447 244 1447 856 1430 857 1414 854 1382 820 1389 797 1382 791 1381 790 1381 789 1381 772 1384 740 1387 735 1384 733 1381 732 1381 731 1381 730 1381 729 1381 722 1384 698 1393 639 1385 625 1384 624 1384 623 1384 622 1384 620 1386 603 1396 550 1396 530 1387 528 1386 527 1386 498 1386 496 1386 495 1386 494 1386 493 1387 481 1398 406 1398 394 1390 393 1390 392 1390 391 1390 390 1390 363 1400 332 1400 318 1392 317 1392 315 1392 286 1398 277 1391 276 1391 275 1391 274 1391 238 1394 237 1394 236 1394 225 1402 177 1402 154 1392 153 1392 152 1392 69 1392 70 1425"/></Shape>
            <String CONTENT="publicam cõuenitur. Nam publicam etiam orationem"
                    HPOS="69.0"
                    VPOS="1381.0"
                    WIDTH="788.0"
                    HEIGHT="66.0"
                    WC="0.9902558861946573"></String>
          </TextLine>
          <TextLine ID="line_25"
                    TAGREFS="LT8"
                    BASELINE="72 1471 233 1480 437 1480 854 1465" 
                    HPOS="71.0"
                    VPOS="1426.0"
                    WIDTH="783.0"
                    HEIGHT="93.0">
            <Shape><Polygon POINTS="72 1471 72 1504 169 1509 170 1509 171 1509 184 1504 209 1514 210 1514 211 1514 266 1502 389 1519 390 1519 434 1513 596 1515 597 1515 598 1515 634 1506 737 1512 738 1512 767 1506 768 1506 770 1506 791 1491 791 1490 853 1489 854 1465 852 1436 778 1426 777 1426 776 1426 775 1426 760 1436 756 1438 753 1436 743 1431 742 1431 714 1431 713 1431 712 1431 711 1431 705 1436 700 1439 669 1436 625 1433 624 1433 623 1433 622 1433 618 1437 612 1441 582 1437 573 1436 572 1436 571 1436 570 1436 569 1437 562 1443 514 1443 498 1437 490 1435 489 1435 488 1435 487 1435 482 1437 468 1445 388 1446 350 1438 343 1437 342 1437 341 1437 336 1438 319 1444 302 1438 300 1438 299 1438 298 1438 297 1438 296 1438 280 1447 260 1439 256 1437 255 1437 254 1437 235 1439 194 1443 188 1439 187 1438 186 1438 185 1438 184 1438 168 1439 112 1444 71 1440 72 1471"/></Shape>
            <String CONTENT="tum habuiſſe Chriſtianos, ubi conueniebant, teſtatur"
                    HPOS="71.0"
                    VPOS="1426.0"
                    WIDTH="783.0"
                    HEIGHT="93.0"
                    WC="0.9811924363558109"></String>
          </TextLine>
        </TextBlock>
        <TextBlock HPOS="659.0"
                   VPOS="1536.0"
                   WIDTH="109.0"
                   HEIGHT="60.0"
                   ID="eSc_textblock_eee3c717"
                   TAGREFS="BT17">
          <Shape><Polygon POINTS="659 1536 659 1596 768 1596 768 1536"/></Shape>
          <TextLine ID="eSc_line_15bb43a6"
                    TAGREFS="LT8"
                    BASELINE="672 1578 690 1578" 
                    HPOS="671.0"
                    VPOS="1511.0"
                    WIDTH="17.0"
                    HEIGHT="76.0">
            <Shape><Polygon POINTS="673 1587 688 1583 688 1577 688 1511 671 1511 671 1577"/></Shape>
            <String CONTENT="l"
                    HPOS="671.0"
                    VPOS="1511.0"
                    WIDTH="17.0"
                    HEIGHT="76.0"
                    ></String>
          </TextLine>
          <TextLine ID="eSc_line_5b40241c"
                    TAGREFS="LT8"
                    BASELINE="725 1578 756 1578" 
                    HPOS="723.0"
                    VPOS="1528.0"
                    WIDTH="31.0"
                    HEIGHT="66.0">
            <Shape><Polygon POINTS="723 1587 753 1594 754 1577 754 1528 723 1528 723 1577"/></Shape>
            <String CONTENT="5"
                    HPOS="723.0"
                    VPOS="1528.0"
                    WIDTH="31.0"
                    HEIGHT="66.0"
                    ></String>
          </TextLine>
        </TextBlock>
      </PrintSpace>
    </Page>
  </Layout>
</alto>
