<?xml version="1.0" encoding="UTF-8"?>
<alto xmlns:xsi="http://www.w3.org/2001/XMLSchema-instance"
    xmlns="http://www.loc.gov/standards/alto/ns-v4#"
    xsi:schemaLocation="http://www.loc.gov/standards/alto/ns-v4# http://www.loc.gov/standards/alto/v4/alto-4-3.xsd">
    <Description>
        <MeasurementUnit>pixel</MeasurementUnit>
        <sourceImageInformation>
            <fileName>bsb10313792_00069.jpg</fileName>
        </sourceImageInformation>
        <Processing ID="OCR_0">
            <processingCategory>other</processingCategory>
            <processingStepDescription>unknown</processingStepDescription>
            <processingSoftware>
                <softwareName>kraken</softwareName>
                <softwareVersion>4.3.13</softwareVersion>
            </processingSoftware>
        </Processing>
    </Description>
    <Tags>
        <OtherTag ID="TYPE_1" LABEL="DefaultLine"/>
        <OtherTag ID="TYPE_2" LABEL="MainZone-Other"/>
        <OtherTag ID="TYPE_3" LABEL="RunningTitleZone"/>
        <OtherTag ID="TYPE_4" LABEL="QuireMarksZone"/>
        <OtherTag ID="TYPE_5" LABEL="MarginTextZone-Notes-Continued"/>
        <OtherTag ID="TYPE_6" LABEL="MarginTextZone-Notes"/>
        <OtherTag ID="TYPE_7" LABEL="GraphicZone-TextualContent"/>
        <OtherTag ID="TYPE_8" LABEL="DigitizationArtefactZone"/>
        <OtherTag ID="TYPE_9" LABEL="TableZone-Continued"/>
        <OtherTag ID="TYPE_10" LABEL="MainZone-Lg"/>
        <OtherTag ID="TYPE_11" LABEL="MainZone-Head"/>
        <OtherTag ID="TYPE_12" LABEL="StampZone"/>
        <OtherTag ID="TYPE_13" LABEL="MainZone-Form"/>
        <OtherTag ID="TYPE_14" LABEL="MainZone-List-Continued"/>
        <OtherTag ID="TYPE_15" LABEL="MainZone-Signature"/>
        <OtherTag ID="TYPE_16" LABEL="MarginTextZone-ManuscriptAddendum"/>
        <OtherTag ID="TYPE_17" LABEL="MainZone-P-Continued"/>
        <OtherTag ID="TYPE_18" LABEL="StampZone-Sticker"/>
        <OtherTag ID="TYPE_19" LABEL="TableZone-Head"/>
        <OtherTag ID="TYPE_20" LABEL="GraphicZone-Decoration"/>
        <OtherTag ID="TYPE_21" LABEL="DropCapitalZone"/>
        <OtherTag ID="TYPE_22" LABEL="NumberingZone"/>
        <OtherTag ID="TYPE_23" LABEL="FigureZone-Head"/>
        <OtherTag ID="TYPE_24" LABEL="TitlePageZone"/>
        <OtherTag ID="TYPE_25" LABEL="GraphicZone-Maths"/>
        <OtherTag ID="TYPE_26" LABEL="MainZone-Entry-Continued"/>
        <OtherTag ID="TYPE_27" LABEL="MainZone-Sp"/>
        <OtherTag ID="TYPE_28" LABEL="MainZone-Entry"/>
        <OtherTag ID="TYPE_29" LABEL="GraphicZone-Part"/>
        <OtherTag ID="TYPE_30" LABEL="GraphicZone"/>
        <OtherTag ID="TYPE_31" LABEL="MainZone-Sp-Continued"/>
        <OtherTag ID="TYPE_32" LABEL="TableZone"/>
        <OtherTag ID="TYPE_33" LABEL="TitlePageZone-Index"/>
        <OtherTag ID="TYPE_34" LABEL="AdvertisementZone"/>
        <OtherTag ID="TYPE_35" LABEL="MainZone-Date"/>
        <OtherTag ID="TYPE_36" LABEL="FigureZone-FigDesc"/>
        <OtherTag ID="TYPE_37" LABEL="GraphicZone-Head"/>
        <OtherTag ID="TYPE_38" LABEL="MainZone-List"/>
        <OtherTag ID="TYPE_39" LABEL="MainZone-P"/>
        <OtherTag ID="TYPE_40" LABEL="MainZone-Lg-Continued"/>
        <OtherTag ID="TYPE_41" LABEL="FigureZone"/>
        <OtherTag ID="TYPE_42" LABEL="GraphicZone-FigDesc"/>
    </Tags>
    <Layout>
        <Page WIDTH="1081" HEIGHT="1754" PHYSICAL_IMG_NR="0" ID="page_0">
            <PrintSpace HPOS="0" VPOS="0" WIDTH="1081" HEIGHT="1754">
                <TextBlock ID="block_0" HPOS="169" VPOS="66" WIDTH="644" HEIGHT="48" TAGREFS="TYPE_3">
                    <Shape>
                        <Polygon POINTS="169.30047607421875 66.78821563720703 813.803466796875 66.78821563720703 813.803466796875 114.14754486083984 169.30047607421875 114.14754486083984 169.30047607421875 66.78821563720703"/>
                    </Shape>
                    <TextLine ID="line_0" HPOS="172" VPOS="62" WIDTH="721" HEIGHT="58" BASELINE="172 100 893 103" TAGREFS="TYPE_1">
                        <Shape>
                            <Polygon POINTS="785 65 775 65 766 65 762 65 728 68 719 65 717 65 707 65 701 65 690 69 678 65 668 65 658 65 651 65 643 66 637 65 629 65 619 65 610 65 600 65 590 65 585 65 557 68 520 65 512 65 502 65 493 65 483 65 473 65 463 65 455 65 441 67 424 65 424 65 415 65 405 65 395 65 386 65 376 65 366 65 356 65 347 65 337 65 327 65 317 65 310 68 224 68 218 65 210 65 200 65 191 65 181 65 172 65 172 100 172 114 197 109 215 114 219 115 220 115 221 115 222 115 225 114 240 109 308 109 317 114 318 114 319 114 320 114 353 109 377 115 380 116 381 116 382 116 383 116 386 115 406 111 413 115 413 116 414 116 415 116 416 116 422 116 443 113 461 116 471 118 472 118 473 118 477 116 486 112 492 116 494 118 495 118 496 118 497 119 527 119 527 118 538 117 583 110 706 118 727 119 728 119 729 119 731 118 742 113 775 117 776 117 832 111 843 119 844 119 845 119 846 120 892 120 893 103 891 64 810 70 797 64 794 62 793 62 792 62 785 62 785 65"/>
                        </Shape>
                        <String CONTENT=""/>
                    </TextLine>
</TextBlock>
                <TextBlock ID="block_2" HPOS="90" VPOS="121" WIDTH="817" HEIGHT="353" TAGREFS="TYPE_17">
                    <Shape>
                        <Polygon POINTS="90.33501434326172 121.9952621459961 907.8942260742188 121.9952621459961 907.8942260742188 474.8080139160156 90.33501434326172 474.8080139160156 90.33501434326172 121.9952621459961"/>
                    </Shape>
                    <TextLine ID="line_1" HPOS="94" VPOS="118" WIDTH="798" HEIGHT="63" BASELINE="95 158 415 155 892 160" TAGREFS="TYPE_1">
                        <Shape>
                            <Polygon POINTS="835 118 825 118 815 118 806 118 796 118 788 118 787 118 786 118 785 118 773 127 772 128 752 128 751 127 730 118 729 118 728 118 727 118 714 125 676 127 663 127 661 127 642 118 640 118 633 118 595 126 595 127 477 127 475 126 439 118 435 118 425 118 416 118 406 118 396 118 386 118 377 118 367 118 357 118 347 118 338 118 328 118 318 118 308 118 299 118 289 118 279 118 278 118 264 125 247 118 240 118 236 118 229 122 95 124 95 158 94 166 155 173 156 173 157 173 166 168 177 175 178 175 179 175 180 175 181 175 197 171 206 179 207 179 208 179 209 179 301 170 324 168 394 171 431 173 439 180 440 180 441 180 442 180 506 175 539 180 540 180 564 174 567 174 573 174 606 178 607 178 608 178 609 178 613 175 616 173 629 175 641 177 642 177 643 177 644 177 646 175 655 169 722 169 730 175 731 175 732 175 733 175 758 170 776 178 785 181 786 181 787 181 891 179 892 160 891 128 842 118 835 118"/>
                        </Shape>
                        <String CONTENT=""/>
                    </TextLine>

                    <TextLine ID="line_2" HPOS="95" VPOS="168" WIDTH="794" HEIGHT="60" BASELINE="96 207 889 205" TAGREFS="TYPE_1">
                        <Shape>
                            <Polygon POINTS="885 184 883 180 743 180 742 179 728 171 727 171 726 171 675 179 649 168 648 168 647 168 646 168 604 179 603 180 579 180 579 179 565 169 564 169 563 169 562 169 561 169 531 178 515 168 514 168 513 168 512 168 465 178 424 169 360 169 359 169 358 169 340 179 338 180 335 179 303 169 302 169 241 169 240 169 239 169 216 179 214 180 212 179 204 175 203 175 202 175 201 175 191 178 180 169 179 169 178 169 144 169 143 169 142 169 130 175 114 169 113 169 112 169 111 169 95 177 96 207 96 220 144 226 145 226 146 226 147 226 154 220 155 220 278 220 280 220 315 228 316 228 317 228 343 220 344 220 390 220 406 228 407 228 408 228 409 228 424 222 447 228 448 228 449 228 450 228 471 222 494 227 495 228 616 228 616 227 617 227 638 222 658 227 659 227 660 227 661 227 675 221 682 227 683 227 684 227 685 228 810 228 810 227 811 227 835 219 851 224 852 224 853 224 888 218 889 205 887 180 885 180 885 184"/>
                        </Shape>
                        <String CONTENT=""/>
                    </TextLine>

                    <TextLine ID="line_3" HPOS="94" VPOS="216" WIDTH="798" HEIGHT="58" BASELINE="95 257 892 255" TAGREFS="TYPE_1">
                        <Shape>
                            <Polygon POINTS="95 257 95 268 220 267 223 268 231 274 232 274 233 274 234 274 235 274 236 274 245 268 247 267 257 268 293 272 294 272 327 268 334 267 336 268 347 273 347 273 348 273 349 273 370 268 403 274 404 274 434 268 491 274 492 274 493 274 516 267 519 266 522 267 539 273 540 273 540 274 579 274 579 273 579 273 580 273 588 267 642 273 643 273 644 273 660 266 661 266 662 266 672 273 673 273 674 273 675 273 754 268 768 273 769 273 770 273 771 273 772 273 780 266 891 266 892 255 890 228 814 228 800 216 799 216 798 216 797 216 796 216 774 228 690 228 676 218 675 218 674 218 673 218 617 222 574 216 573 216 572 216 537 228 491 228 440 220 439 220 438 220 418 228 404 217 403 217 402 217 401 217 400 217 381 226 363 217 362 217 341 217 340 217 339 217 312 228 286 217 285 217 284 217 256 223 227 217 120 217 119 217 118 217 94 228 95 257"/>
                        </Shape>
                        <String CONTENT=""/>
                    </TextLine>

                    <TextLine ID="line_4" HPOS="91" VPOS="266" WIDTH="801" HEIGHT="59" BASELINE="92 306 892 305" TAGREFS="TYPE_1">
                        <Shape>
                            <Polygon POINTS="92 306 92 321 108 318 124 321 146 325 147 325 148 325 149 325 154 321 161 317 176 321 186 323 187 323 188 323 189 323 195 321 205 317 310 317 333 320 353 322 354 322 373 319 389 317 412 319 472 325 473 325 517 318 532 316 546 318 584 324 585 325 652 325 652 324 653 324 654 324 662 317 663 317 668 317 764 324 765 324 817 316 819 316 821 316 861 324 862 324 863 324 892 315 892 305 890 277 836 277 835 276 825 271 824 271 823 271 776 276 772 276 771 276 757 266 756 266 755 266 754 266 753 266 715 275 711 277 691 277 689 275 681 269 680 269 679 269 678 269 677 269 676 269 668 275 666 276 622 276 620 275 605 266 604 266 603 266 523 266 522 266 521 266 488 274 475 277 461 274 424 266 424 266 423 266 407 273 399 277 368 273 333 269 332 269 331 269 330 269 324 273 317 277 308 273 294 266 293 266 245 266 244 266 243 266 242 266 232 272 225 277 202 272 173 266 172 266 138 267 137 267 136 267 129 272 124 275 91 272 92 306"/>
                        </Shape>
                        <String CONTENT=""/>
                    </TextLine>

                    <TextLine ID="line_5" HPOS="89" VPOS="316" WIDTH="805" HEIGHT="62" BASELINE="90 356 627 353 894 356" TAGREFS="TYPE_1">
                        <Shape>
                            <Polygon POINTS="90 356 91 378 117 367 156 376 157 376 210 367 254 376 255 376 256 376 274 367 315 367 323 373 324 373 325 373 326 373 359 368 374 375 375 375 376 375 377 375 400 368 421 374 422 374 423 374 468 367 485 374 486 374 487 374 488 374 511 368 542 376 543 376 544 376 545 376 579 366 598 373 599 373 600 373 645 369 655 376 656 376 656 376 657 376 658 376 683 366 730 367 740 376 741 376 742 376 743 377 844 377 844 376 845 376 846 376 854 369 892 376 894 356 893 325 868 316 867 316 866 316 865 316 848 326 776 326 749 326 749 325 703 316 702 316 654 325 653 325 652 325 599 316 598 316 562 325 560 326 526 326 525 325 507 317 506 317 479 317 478 317 477 317 476 317 466 325 464 326 463 325 447 318 446 318 445 318 444 318 428 325 424 327 351 327 348 325 342 319 341 319 340 319 302 317 255 317 254 317 253 317 252 317 242 324 240 326 230 324 187 317 186 317 143 324 136 325 131 324 101 317 100 317 99 317 98 317 89 321 90 356"/>
                        </Shape>
                        <String CONTENT=""/>
                    </TextLine>

                    <TextLine ID="line_6" HPOS="89" VPOS="368" WIDTH="803" HEIGHT="62" BASELINE="89 405 892 405" TAGREFS="TYPE_1">
                        <Shape>
                            <Polygon POINTS="89 405 89 418 141 427 142 427 143 427 159 419 179 424 180 424 181 424 182 424 195 419 199 419 388 419 396 422 400 425 401 425 402 425 403 425 404 425 412 422 424 419 449 423 452 423 453 423 454 423 455 423 463 419 500 423 501 423 521 419 529 424 532 426 533 426 534 426 575 427 576 427 577 427 584 425 609 419 621 425 626 429 627 429 628 429 629 429 657 426 676 424 680 426 683 429 684 429 685 429 686 430 804 430 804 429 805 429 806 429 807 428 813 424 891 429 892 405 892 377 873 368 872 368 871 368 870 368 852 378 800 378 769 378 769 377 737 368 736 368 735 368 690 377 689 377 687 377 655 368 654 368 615 368 614 368 613 368 612 368 603 374 594 368 593 368 592 368 560 368 559 368 558 368 542 376 540 378 486 378 482 376 463 370 463 370 462 370 461 370 447 375 428 368 427 368 391 368 390 368 389 368 388 368 380 374 356 370 355 370 354 370 344 376 341 377 336 376 309 368 308 368 308 368 248 375 230 378 143 378 139 375 131 368 130 368 129 368 128 368 89 374 89 405"/>
                        </Shape>
                        <String CONTENT=""/>
                    </TextLine>

                    <TextLine ID="line_7" HPOS="87" VPOS="413" WIDTH="649" HEIGHT="66" BASELINE="88 456 736 453" TAGREFS="TYPE_1">
                        <Shape>
                            <Polygon POINTS="88 456 89 474 114 468 128 473 129 473 130 473 131 473 132 473 141 467 212 467 228 475 231 477 232 477 233 477 246 475 307 466 318 475 319 475 320 475 321 475 322 475 323 475 338 466 367 466 391 475 392 475 393 475 394 475 417 466 434 472 435 472 436 472 437 472 458 466 478 473 479 473 480 473 514 466 532 477 534 479 535 479 536 479 537 479 736 478 736 453 733 423 686 423 683 422 675 418 674 418 673 418 672 418 641 421 627 423 624 421 615 413 614 413 613 413 600 413 599 413 598 413 597 413 587 420 583 424 572 424 566 420 554 415 553 415 552 415 551 415 540 420 538 421 535 420 519 413 518 413 517 413 477 419 448 424 439 419 430 414 429 414 428 414 427 414 405 419 404 419 399 414 398 414 397 414 342 414 341 414 340 414 339 414 333 418 321 424 303 424 295 417 293 416 293 415 292 415 291 415 290 415 289 415 283 417 275 419 264 417 256 415 255 415 254 415 253 415 247 417 222 425 167 418 166 418 165 418 164 418 164 419 155 426 138 426 118 417 117 417 116 417 115 417 115 417 111 420 87 415 88 456"/>
                        </Shape>
                        <String CONTENT=""/>
                    </TextLine>
</TextBlock>
                <TextBlock ID="block_1" HPOS="133" VPOS="494" WIDTH="523" HEIGHT="68" TAGREFS="TYPE_11">
                    <Shape>
                        <Polygon POINTS="133.775634765625 494.2191162109375 656.6392822265625 494.2191162109375 656.6392822265625 562.2455444335938 133.775634765625 562.2455444335938 133.775634765625 494.2191162109375"/>
                    </Shape>
                    <TextLine ID="line_8" HPOS="142" VPOS="495" WIDTH="508" HEIGHT="73" BASELINE="143 544 438 539 650 541" TAGREFS="TYPE_1">
                        <Shape>
                            <Polygon POINTS="143 544 143 555 209 568 210 568 247 563 265 568 266 568 267 568 268 568 298 556 325 567 326 567 327 567 392 554 418 566 419 566 420 567 487 567 487 566 488 566 489 566 489 565 501 553 550 553 564 561 565 561 566 561 567 561 568 561 569 561 576 556 593 563 594 563 595 563 596 563 618 553 639 561 640 561 641 561 642 561 643 561 643 560 650 552 650 541 648 508 621 508 620 507 606 495 605 495 604 495 603 495 602 495 601 495 583 507 581 509 509 509 504 507 480 495 479 495 463 495 462 495 461 495 460 495 460 496 449 507 446 510 430 510 427 507 417 496 417 495 416 495 415 495 414 495 413 495 398 502 391 496 390 496 389 496 347 496 346 496 345 496 323 506 315 511 292 511 285 506 271 496 270 496 270 496 269 496 239 497 238 497 237 497 231 503 227 500 226 500 225 500 224 500 223 500 222 500 215 506 210 510 202 506 184 497 183 497 182 497 142 505 143 544"/>
                        </Shape>
                        <String CONTENT=""/>
                    </TextLine>
</TextBlock>
                <TextBlock ID="block_5" HPOS="105" VPOS="564" WIDTH="804" HEIGHT="502" TAGREFS="TYPE_39">
                    <Shape>
                        <Polygon POINTS="105.20482635498047 564.9497680664062 909.3603515625 564.9497680664062 909.3603515625 1066.7015380859375 105.20482635498047 1066.7015380859375 105.20482635498047 564.9497680664062"/>
                    </Shape>
                    <TextLine ID="line_9" HPOS="132" VPOS="563" WIDTH="763" HEIGHT="62" BASELINE="133 610 332 605 895 607" TAGREFS="TYPE_1">
                        <Shape>
                            <Polygon POINTS="133 610 132 614 149 622 150 622 151 622 291 616 332 615 343 617 371 623 372 623 398 618 409 616 447 616 454 619 464 623 465 623 466 623 467 623 468 623 474 619 476 617 484 619 496 622 497 622 498 622 515 619 542 615 558 620 571 624 572 624 573 624 591 620 617 615 683 615 702 622 708 624 709 624 710 624 711 624 712 624 714 622 722 617 729 622 731 624 732 624 733 624 733 625 829 625 829 624 830 624 831 624 848 616 893 624 895 607 894 574 854 573 824 563 823 563 822 563 821 563 820 563 808 573 792 563 791 563 790 563 789 563 788 563 787 563 775 572 762 564 761 564 760 564 759 564 758 564 757 564 744 574 716 574 708 568 707 568 706 568 705 568 669 571 634 563 633 563 632 563 612 574 579 574 558 565 557 565 522 563 521 563 495 564 494 564 493 564 476 573 454 563 453 563 397 563 396 563 395 563 382 569 377 564 376 564 375 564 303 563 302 563 301 563 274 574 227 574 211 563 210 563 209 563 190 563 189 563 188 563 187 563 173 573 148 569 147 569 146 569 133 572 133 610"/>
                        </Shape>
                        <String CONTENT=""/>
                    </TextLine>

                    <TextLine ID="line_10" HPOS="105" VPOS="613" WIDTH="790" HEIGHT="62" BASELINE="106 656 895 653" TAGREFS="TYPE_1">
                        <Shape>
                            <Polygon POINTS="106 656 106 666 183 675 184 675 249 667 363 667 374 672 375 672 376 672 377 672 387 666 388 666 389 666 404 671 405 671 406 671 461 666 465 666 468 666 515 674 516 674 552 668 624 674 625 674 679 666 680 666 681 666 714 673 715 674 849 674 849 673 895 665 895 653 893 626 843 626 842 625 828 618 827 618 826 618 825 618 824 618 814 624 812 626 744 626 738 623 718 616 717 616 716 616 715 616 714 616 705 623 701 626 656 626 647 622 625 614 624 614 623 614 622 614 601 621 588 626 580 621 568 613 567 613 566 613 535 613 534 613 533 613 512 620 507 622 504 620 495 613 494 613 493 613 475 613 474 613 473 613 457 619 440 626 421 619 404 613 403 613 377 613 376 613 352 618 346 619 336 618 309 614 308 614 308 614 299 617 271 628 234 628 216 616 213 614 212 614 211 614 183 614 182 614 181 614 177 616 152 627 131 615 130 614 129 614 128 614 127 614 105 614 106 656"/>
                        </Shape>
                        <String CONTENT=""/>
                    </TextLine>

                    <TextLine ID="line_11" HPOS="107" VPOS="664" WIDTH="790" HEIGHT="58" BASELINE="108 705 897 703" TAGREFS="TYPE_1">
                        <Shape>
                            <Polygon POINTS="108 705 108 716 241 722 242 722 312 716 317 716 319 716 350 722 351 722 352 722 353 722 363 716 364 716 376 716 611 721 612 721 613 721 614 721 621 715 622 715 648 715 651 715 681 721 682 721 683 721 684 721 691 715 692 715 722 715 723 715 733 721 733 721 734 721 735 722 833 722 833 721 896 714 897 703 895 677 785 677 783 676 753 665 752 665 751 665 703 675 699 676 698 675 685 664 684 664 683 664 642 664 641 664 640 664 639 664 625 673 597 670 596 670 595 670 594 670 587 675 584 676 581 675 560 664 559 664 519 664 518 664 517 664 516 664 505 672 497 665 496 665 495 665 450 665 449 665 448 665 424 674 416 676 405 673 393 671 392 671 391 671 386 673 378 677 362 673 351 671 350 671 349 671 344 673 338 675 331 673 309 665 308 665 289 665 288 665 287 665 273 673 266 677 253 673 232 665 231 665 206 665 205 665 204 665 189 672 178 678 154 678 146 672 137 665 136 665 135 665 134 665 107 671 108 705"/>
                        </Shape>
                        <String CONTENT=""/>
                    </TextLine>

                    <TextLine ID="line_12" HPOS="109" VPOS="712" WIDTH="787" HEIGHT="63" BASELINE="110 756 452 753 896 756" TAGREFS="TYPE_1">
                        <Shape>
                            <Polygon POINTS="110 756 109 764 166 766 181 774 182 774 183 774 184 774 199 766 201 765 205 766 239 774 240 774 241 774 264 766 267 766 271 767 310 774 311 774 312 774 313 774 323 767 326 765 339 767 363 772 364 772 365 772 373 768 379 765 452 765 459 769 460 770 461 770 462 770 463 770 477 769 531 765 555 770 565 772 566 772 567 772 570 770 579 765 590 771 593 772 594 772 595 772 596 772 600 771 618 765 646 771 651 772 652 772 658 771 688 768 708 772 718 774 719 775 895 775 896 756 893 718 866 725 815 725 804 717 802 715 801 715 800 715 799 715 790 717 757 724 742 716 735 712 734 712 733 712 733 712 732 712 731 712 725 716 710 725 685 725 654 716 641 712 640 712 639 712 638 712 626 716 605 722 587 715 581 713 580 713 579 713 579 713 573 715 554 722 538 715 531 712 530 712 529 712 502 715 479 717 475 714 472 712 471 712 470 712 356 712 355 712 354 712 353 712 351 713 333 725 263 725 232 715 231 715 231 715 230 715 229 715 215 725 155 725 127 712 126 712 110 712 110 756"/>
                        </Shape>
                        <String CONTENT=""/>
                    </TextLine>

                    <TextLine ID="line_13" HPOS="108" VPOS="765" WIDTH="787" HEIGHT="62" BASELINE="108 804 895 804" TAGREFS="TYPE_1">
                        <Shape>
                            <Polygon POINTS="108 804 108 815 152 815 153 815 166 824 167 824 168 824 169 824 170 824 171 824 182 816 257 823 258 823 316 822 317 822 318 822 326 817 329 815 334 817 356 826 357 826 358 827 381 827 381 826 382 826 398 818 405 815 461 819 488 820 489 820 502 819 544 815 551 820 561 826 562 826 563 826 564 826 596 820 614 817 636 821 671 826 672 827 753 827 753 826 754 826 755 826 761 822 765 819 772 822 781 826 782 826 783 826 895 823 895 804 895 777 806 777 803 775 788 768 787 768 786 768 785 768 765 775 759 777 723 777 719 774 708 765 707 765 706 765 705 765 704 765 684 773 677 776 669 773 649 765 648 765 647 765 535 766 534 766 533 766 527 771 525 772 518 771 489 765 488 765 487 765 473 770 460 775 430 769 416 767 415 767 414 767 408 769 389 776 380 769 376 765 375 765 374 765 373 765 372 765 364 768 347 777 230 777 200 766 197 765 196 765 195 765 194 765 191 766 175 770 108 765 108 804"/>
                        </Shape>
                        <String CONTENT=""/>
                    </TextLine>

                    <TextLine ID="line_14" HPOS="105" VPOS="813" WIDTH="788" HEIGHT="60" BASELINE="106 854 893 850" TAGREFS="TYPE_1">
                        <Shape>
                            <Polygon POINTS="106 854 106 866 121 872 122 872 123 872 124 872 138 867 143 865 170 867 243 872 244 872 245 872 262 867 270 865 303 868 322 869 323 869 324 869 328 868 340 864 353 868 370 873 371 873 372 873 373 873 374 873 380 868 382 866 392 868 402 870 403 870 404 870 405 870 407 868 415 864 449 864 461 869 462 869 463 869 463 869 471 869 539 863 553 869 559 872 560 872 561 872 562 872 563 872 566 869 575 863 591 863 604 870 607 871 608 871 609 871 610 871 614 870 631 864 660 870 672 872 673 872 892 871 893 850 890 821 717 822 712 821 699 817 698 817 697 817 668 821 650 823 645 821 627 813 626 813 580 813 579 813 579 813 566 819 539 814 538 814 537 814 512 821 504 823 500 821 484 814 483 814 386 814 385 814 384 814 383 814 374 821 369 825 323 825 317 821 307 816 306 816 305 816 304 816 294 821 289 824 254 825 243 821 227 815 226 815 225 815 224 815 211 821 203 825 191 821 167 815 166 815 165 815 105 821 106 854"/>
                        </Shape>
                        <String CONTENT=""/>
                    </TextLine>

                    <TextLine ID="line_15" HPOS="103" VPOS="865" WIDTH="794" HEIGHT="59" BASELINE="104 904 897 899" TAGREFS="TYPE_1">
                        <Shape>
                            <Polygon POINTS="104 904 105 924 135 915 182 915 195 921 196 921 197 921 198 921 222 915 348 915 368 921 371 922 372 922 373 922 374 922 375 922 376 921 385 916 424 920 432 921 433 921 434 921 435 921 436 920 450 913 482 920 490 921 491 921 508 919 580 912 605 912 618 918 622 920 623 920 624 920 836 919 837 919 845 915 855 911 895 915 897 899 895 874 867 868 866 868 834 873 822 867 821 867 820 867 819 867 818 867 809 873 756 869 755 869 723 874 673 867 672 867 631 874 595 866 594 866 593 866 569 872 551 865 550 865 431 865 430 865 395 872 349 866 348 866 347 866 347 866 333 876 320 870 319 870 318 870 317 870 300 877 160 877 150 872 149 872 148 872 147 872 130 877 122 871 121 871 120 871 119 871 118 871 103 877 104 904"/>
                        </Shape>
                        <String CONTENT=""/>
                    </TextLine>

                    <TextLine ID="line_16" HPOS="98" VPOS="911" WIDTH="800" HEIGHT="60" BASELINE="99 954 898 949" TAGREFS="TYPE_1">
                        <Shape>
                            <Polygon POINTS="99 954 99 965 110 971 111 971 112 971 113 971 128 965 129 965 133 965 214 971 215 971 216 971 232 964 233 964 237 964 287 970 288 970 289 970 310 964 310 963 388 963 395 963 476 969 477 969 478 969 497 962 499 962 564 962 578 968 579 968 579 968 629 961 634 961 635 961 646 967 647 967 648 968 764 968 764 967 765 967 781 961 789 966 790 966 791 966 792 966 793 966 807 960 808 960 811 960 867 966 868 966 897 959 898 949 895 919 872 919 870 919 858 911 857 911 856 911 855 911 854 911 827 919 826 920 694 920 692 920 644 911 643 911 642 911 620 921 619 921 615 921 555 912 554 912 553 912 552 912 539 921 538 922 514 922 514 921 496 913 495 913 439 913 438 913 392 922 391 922 359 914 358 914 357 914 333 918 327 914 326 914 325 914 253 914 252 914 251 914 229 924 227 925 190 925 189 924 176 915 175 915 174 915 150 915 149 915 148 915 147 915 130 924 129 925 98 925 99 954"/>
                        </Shape>
                        <String CONTENT=""/>
                    </TextLine>

                    <TextLine ID="line_17" HPOS="99" VPOS="960" WIDTH="798" HEIGHT="64" BASELINE="100 1004 897 998" TAGREFS="TYPE_1">
                        <Shape>
                            <Polygon POINTS="100 1004 100 1016 139 1024 140 1024 220 1017 233 1016 335 1016 337 1017 345 1023 346 1023 347 1023 347 1023 348 1023 361 1017 366 1015 452 1015 458 1017 463 1020 464 1020 465 1020 485 1017 509 1014 519 1018 529 1021 530 1021 531 1021 547 1018 559 1015 569 1018 578 1020 579 1020 579 1020 580 1020 585 1018 592 1014 598 1018 603 1020 604 1020 605 1020 606 1020 613 1018 620 1015 627 1018 632 1020 633 1020 634 1020 897 1018 897 998 895 972 871 972 871 971 855 960 854 960 853 960 852 960 851 960 850 960 833 971 833 972 748 972 746 971 733 965 733 965 732 965 731 965 708 971 705 972 703 971 688 963 687 963 686 963 657 966 649 960 648 960 647 960 646 960 597 970 574 961 573 961 499 961 498 961 497 961 479 971 473 974 463 971 432 962 431 962 430 962 400 969 374 962 373 962 372 962 371 962 370 962 355 971 349 975 344 971 333 963 332 963 331 963 307 963 306 963 305 963 304 963 294 971 289 975 275 971 270 969 269 969 268 969 267 969 263 971 254 976 162 976 150 971 134 964 133 964 132 964 99 970 100 1004"/>
                        </Shape>
                        <String CONTENT=""/>
                    </TextLine>

                    <TextLine ID="line_18" HPOS="99" VPOS="1039" WIDTH="613" HEIGHT="33" BASELINE="100 1056 712 1048" TAGREFS="TYPE_1">
                        <Shape>
                            <Polygon POINTS="703 1039 694 1039 684 1039 674 1039 664 1039 655 1039 645 1039 635 1039 625 1039 616 1039 606 1039 596 1039 586 1039 577 1039 567 1039 557 1039 547 1039 538 1039 528 1039 518 1039 508 1039 499 1039 489 1039 479 1039 469 1039 460 1039 450 1039 440 1039 430 1039 421 1039 411 1039 401 1039 391 1039 382 1039 372 1039 362 1039 359 1039 99 1041 100 1056 100 1067 132 1067 135 1068 140 1072 141 1072 142 1072 143 1072 184 1068 207 1067 216 1068 229 1071 230 1071 231 1071 283 1068 325 1066 330 1067 336 1070 337 1070 338 1070 339 1070 344 1067 351 1065 406 1065 420 1067 430 1069 431 1069 432 1069 433 1069 436 1067 441 1064 461 1067 474 1069 475 1069 476 1069 482 1067 493 1063 524 1067 538 1068 539 1068 560 1067 595 1064 711 1066 712 1048 709 1039 703 1039"/>
                        </Shape>
                        <String CONTENT=""/>
                    </TextLine>
</TextBlock>
                <TextBlock ID="block_4" HPOS="96" VPOS="1066" WIDTH="820" HEIGHT="345" TAGREFS="TYPE_39">
                    <Shape>
                        <Polygon POINTS="96.97394561767578 1066.1693115234375 916.8599243164062 1066.1693115234375 916.8599243164062 1411.999755859375 96.97394561767578 1411.999755859375 96.97394561767578 1066.1693115234375"/>
                    </Shape>
                    <TextLine ID="line_19" HPOS="140" VPOS="1059" WIDTH="758" HEIGHT="63" BASELINE="141 1106 385 1101 898 1097" TAGREFS="TYPE_1">
                        <Shape>
                            <Polygon POINTS="141 1106 142 1119 152 1114 197 1118 217 1120 218 1120 230 1118 256 1113 322 1117 330 1117 331 1117 332 1117 333 1117 345 1112 409 1112 418 1116 427 1119 428 1119 429 1119 430 1119 443 1116 457 1112 465 1115 483 1122 484 1122 485 1122 486 1122 503 1115 509 1113 558 1114 622 1116 623 1116 624 1116 625 1116 628 1113 633 1109 651 1113 679 1120 680 1120 710 1112 714 1112 717 1112 746 1119 747 1119 875 1118 876 1118 898 1110 898 1097 897 1069 871 1060 870 1060 869 1060 868 1060 849 1068 848 1070 753 1070 747 1068 722 1059 721 1059 720 1059 660 1060 659 1060 658 1060 649 1067 647 1068 646 1067 637 1061 636 1061 635 1061 600 1060 599 1060 598 1060 579 1067 571 1070 565 1067 554 1062 553 1062 552 1062 551 1062 537 1067 507 1061 506 1061 505 1061 488 1067 470 1074 412 1074 398 1067 390 1063 389 1063 388 1063 387 1063 378 1067 356 1075 295 1075 226 1066 216 1065 215 1065 140 1065 141 1106"/>
                        </Shape>
                        <String CONTENT=""/>
                    </TextLine>

                    <TextLine ID="line_20" HPOS="102" VPOS="1109" WIDTH="801" HEIGHT="66" BASELINE="103 1155 540 1148 903 1148" TAGREFS="TYPE_1">
                        <Shape>
                            <Polygon POINTS="891 1139 887 1121 679 1122 674 1119 661 1109 660 1109 659 1109 641 1109 640 1109 639 1109 638 1109 628 1118 623 1118 592 1123 572 1118 544 1111 543 1111 505 1111 504 1111 503 1111 487 1117 483 1119 480 1117 470 1111 469 1111 468 1111 431 1111 430 1111 406 1117 377 1124 340 1116 317 1112 316 1112 274 1116 161 1127 143 1115 142 1114 141 1114 140 1114 139 1114 102 1114 103 1155 103 1175 207 1165 217 1170 218 1170 219 1170 220 1170 231 1165 275 1169 276 1169 313 1164 430 1169 431 1169 432 1169 455 1163 490 1171 496 1172 497 1172 498 1172 499 1172 500 1171 510 1164 554 1167 555 1167 556 1167 573 1162 589 1167 590 1167 591 1168 591 1167 592 1167 609 1162 626 1169 627 1169 628 1169 659 1162 706 1169 718 1170 719 1170 731 1168 757 1164 764 1168 765 1169 766 1169 767 1169 768 1169 903 1166 903 1148 901 1121 891 1121 891 1139"/>
                        </Shape>
                        <String CONTENT=""/>
                    </TextLine>

                    <TextLine ID="line_21" HPOS="101" VPOS="1159" WIDTH="799" HEIGHT="65" BASELINE="102 1205 900 1195" TAGREFS="TYPE_1">
                        <Shape>
                            <Polygon POINTS="102 1205 103 1224 127 1218 176 1223 177 1223 178 1223 179 1223 179 1222 187 1217 208 1222 209 1222 210 1222 271 1217 308 1221 308 1221 309 1221 310 1221 320 1216 354 1220 355 1220 383 1215 439 1220 440 1220 441 1220 442 1220 451 1214 500 1220 501 1220 501 1220 530 1213 650 1218 651 1218 652 1218 653 1218 662 1211 704 1211 719 1217 720 1217 721 1217 785 1211 799 1216 800 1216 801 1216 899 1215 900 1195 898 1167 847 1167 825 1159 824 1159 823 1159 822 1159 821 1159 810 1167 810 1168 735 1168 733 1167 714 1159 713 1159 712 1159 711 1159 695 1165 689 1159 688 1159 687 1159 659 1159 658 1159 615 1168 611 1168 608 1168 594 1163 593 1163 592 1163 554 1168 543 1169 540 1168 532 1161 531 1161 530 1161 506 1161 505 1161 471 1162 470 1162 458 1168 451 1171 439 1168 418 1163 417 1163 374 1168 338 1174 295 1174 285 1169 273 1164 272 1164 271 1164 236 1165 235 1165 234 1165 230 1169 223 1175 204 1175 194 1169 187 1165 186 1165 185 1165 166 1169 142 1175 101 1170 102 1205"/>
                        </Shape>
                        <String CONTENT=""/>
                    </TextLine>

                    <TextLine ID="line_22" HPOS="95" VPOS="1208" WIDTH="809" HEIGHT="57" BASELINE="96 1254 904 1247" TAGREFS="TYPE_1">
                        <Shape>
                            <Polygon POINTS="96 1254 96 1265 787 1265 787 1264 863 1263 864 1263 865 1263 872 1258 902 1263 904 1247 901 1216 779 1217 777 1217 754 1208 753 1208 691 1208 690 1208 689 1208 670 1218 669 1218 668 1218 647 1209 646 1209 609 1209 608 1209 607 1209 582 1218 557 1209 556 1209 555 1209 497 1215 477 1210 476 1210 475 1210 424 1219 414 1212 413 1212 412 1212 411 1212 410 1212 398 1216 383 1211 382 1211 381 1211 380 1211 379 1211 370 1218 342 1213 341 1213 340 1213 324 1220 323 1220 321 1220 305 1216 304 1216 303 1216 250 1220 248 1220 247 1220 220 1213 219 1213 218 1213 217 1213 197 1221 196 1221 194 1221 177 1217 176 1217 175 1217 174 1217 158 1220 133 1213 132 1213 131 1213 130 1213 95 1221 96 1254"/>
                        </Shape>
                        <String CONTENT=""/>
                    </TextLine>

                    <TextLine ID="line_23" HPOS="89" VPOS="1259" WIDTH="816" HEIGHT="61" BASELINE="90 1304 506 1297 905 1297" TAGREFS="TYPE_1">
                        <Shape>
                            <Polygon POINTS="90 1304 90 1312 134 1319 135 1320 173 1320 173 1319 174 1319 175 1319 183 1312 184 1312 185 1312 199 1319 200 1319 201 1319 202 1319 220 1312 225 1311 241 1312 296 1318 297 1318 336 1317 337 1317 338 1317 345 1312 349 1310 416 1310 419 1312 424 1317 425 1317 426 1317 427 1317 503 1316 504 1316 505 1316 510 1312 513 1311 523 1312 543 1316 544 1316 545 1316 546 1316 550 1312 556 1308 577 1308 583 1312 586 1315 587 1315 588 1315 589 1315 590 1315 598 1312 610 1308 622 1312 629 1315 630 1315 631 1315 653 1312 694 1307 716 1312 717 1312 718 1312 753 1307 763 1312 763 1313 764 1313 765 1313 766 1314 799 1314 799 1313 800 1313 801 1313 801 1312 810 1306 839 1312 843 1313 844 1313 845 1313 848 1312 864 1308 903 1312 905 1297 903 1268 797 1268 793 1267 771 1259 770 1259 769 1259 768 1259 767 1259 757 1267 755 1269 683 1269 675 1267 655 1260 654 1260 653 1260 652 1260 651 1260 643 1267 639 1270 623 1266 611 1264 610 1264 594 1266 573 1270 567 1266 560 1261 559 1261 558 1261 540 1261 540 1261 539 1261 519 1266 499 1271 389 1266 387 1266 386 1266 386 1266 370 1271 361 1266 359 1264 358 1264 357 1264 356 1264 346 1265 304 1273 290 1266 289 1266 274 1265 197 1264 196 1264 195 1264 194 1264 193 1265 184 1271 130 1274 115 1265 115 1265 114 1265 89 1265 90 1304"/>
                        </Shape>
                        <String CONTENT=""/>
                    </TextLine>

                    <TextLine ID="line_24" HPOS="91" VPOS="1306" WIDTH="813" HEIGHT="67" BASELINE="92 1351 904 1345" TAGREFS="TYPE_1">
                        <Shape>
                            <Polygon POINTS="92 1351 92 1363 123 1373 124 1373 125 1373 175 1365 205 1372 206 1372 207 1372 208 1372 240 1364 271 1369 272 1369 273 1369 274 1369 283 1363 361 1372 362 1372 438 1366 459 1371 460 1371 461 1371 512 1361 545 1371 546 1371 547 1371 548 1371 581 1362 602 1371 603 1371 604 1372 628 1372 628 1371 629 1371 630 1371 640 1362 669 1360 704 1360 738 1370 739 1370 740 1370 741 1370 761 1365 849 1369 850 1369 851 1369 875 1358 904 1357 904 1345 903 1317 878 1307 877 1307 876 1307 832 1316 804 1306 803 1306 772 1306 771 1306 770 1306 769 1306 752 1318 732 1318 715 1307 714 1307 713 1307 657 1307 656 1307 656 1307 629 1319 556 1319 531 1308 530 1308 498 1308 497 1308 496 1308 479 1315 464 1309 463 1309 362 1309 361 1309 311 1320 263 1310 262 1310 261 1310 238 1321 91 1322 92 1351"/>
                        </Shape>
                        <String CONTENT=""/>
                    </TextLine>

                    <TextLine ID="line_25" HPOS="92" VPOS="1379" WIDTH="258" HEIGHT="39" BASELINE="93 1403 350 1397" TAGREFS="TYPE_1">
                        <Shape>
                            <Polygon POINTS="346 1379 336 1379 326 1379 316 1379 307 1379 297 1379 287 1379 277 1379 268 1379 258 1379 248 1379 238 1379 229 1379 219 1379 209 1379 199 1379 190 1379 180 1379 170 1379 160 1379 151 1379 141 1379 131 1379 121 1379 112 1379 102 1400 97 1379 92 1380 93 1403 93 1411 130 1411 143 1417 144 1417 145 1417 194 1411 220 1418 221 1418 222 1418 244 1417 245 1417 246 1417 246 1416 255 1410 293 1416 294 1416 295 1416 296 1416 296 1415 304 1407 349 1405 350 1397 348 1379 346 1379"/>
                        </Shape>
                        <String CONTENT=""/>
                    </TextLine>
</TextBlock>
                <TextBlock ID="block_6" HPOS="104" VPOS="1415" WIDTH="817" HEIGHT="151" TAGREFS="TYPE_39">
                    <Shape>
                        <Polygon POINTS="104.94175720214844 1415.172119140625 921.2286987304688 1415.172119140625 921.2286987304688 1566.1187744140625 104.94175720214844 1566.1187744140625 104.94175720214844 1415.172119140625"/>
                    </Shape>
                    <TextLine ID="line_26" HPOS="146" VPOS="1404" WIDTH="759" HEIGHT="60" BASELINE="146 1450 905 1443" TAGREFS="TYPE_1">
                        <Shape>
                            <Polygon POINTS="146 1459 193 1464 194 1464 287 1458 305 1457 309 1458 346 1464 347 1464 398 1457 420 1463 421 1463 422 1463 473 1456 480 1455 482 1455 499 1463 500 1463 501 1463 501 1463 515 1458 596 1463 597 1463 720 1453 732 1452 733 1453 744 1461 745 1461 746 1461 747 1462 810 1462 810 1461 904 1450 905 1443 901 1404 884 1409 854 1404 850 1404 849 1404 849 1404 848 1404 831 1413 819 1406 818 1406 817 1406 816 1406 815 1406 788 1412 777 1406 776 1406 775 1406 774 1406 754 1407 753 1407 734 1416 691 1416 653 1407 650 1406 649 1406 648 1406 588 1407 587 1407 586 1407 574 1415 549 1411 548 1411 547 1411 546 1411 540 1416 488 1409 481 1408 480 1408 479 1408 478 1408 478 1409 468 1415 427 1419 386 1410 382 1409 381 1409 380 1409 376 1410 333 1421 300 1421 287 1414 286 1414 285 1414 284 1414 283 1414 272 1421 181 1421 146 1412 146 1450 146 1459"/>
                        </Shape>
                        <String CONTENT=""/>
                    </TextLine>

                    <TextLine ID="line_27" HPOS="101" VPOS="1452" WIDTH="806" HEIGHT="67" BASELINE="102 1498 907 1490" TAGREFS="TYPE_1">
                        <Shape>
                            <Polygon POINTS="102 1498 102 1519 130 1519 130 1518 131 1518 132 1518 144 1509 190 1517 200 1518 201 1518 215 1516 236 1513 262 1515 286 1517 287 1517 306 1514 347 1507 366 1512 367 1512 368 1512 369 1512 386 1507 393 1512 394 1513 395 1513 396 1513 397 1513 398 1513 402 1512 422 1506 455 1511 482 1515 483 1515 484 1515 496 1510 508 1505 550 1509 603 1514 604 1514 640 1507 656 1504 663 1506 680 1513 681 1513 682 1513 722 1506 745 1510 746 1510 747 1510 758 1504 759 1504 762 1504 793 1512 794 1512 795 1512 796 1512 807 1503 810 1502 824 1502 826 1503 835 1510 836 1510 837 1510 838 1510 839 1510 861 1504 875 1511 876 1511 877 1511 878 1511 907 1501 907 1490 904 1462 773 1462 706 1452 705 1452 704 1452 670 1463 654 1452 653 1452 652 1452 635 1452 634 1452 633 1452 632 1452 618 1462 588 1457 587 1457 586 1457 574 1463 510 1453 509 1453 459 1465 403 1454 402 1454 383 1455 382 1455 381 1455 367 1466 344 1455 343 1455 315 1455 314 1455 313 1455 286 1467 285 1468 254 1468 254 1467 228 1457 227 1457 226 1457 175 1464 165 1457 164 1457 163 1457 133 1457 132 1457 131 1457 101 1468 102 1498"/>
                        </Shape>
                        <String CONTENT=""/>
                    </TextLine>

                    <TextLine ID="line_28" HPOS="103" VPOS="1503" WIDTH="800" HEIGHT="75" BASELINE="104 1546 903 1539" TAGREFS="TYPE_1">
                        <Shape>
                            <Polygon POINTS="104 1546 104 1571 133 1565 142 1571 146 1575 147 1575 148 1575 149 1575 150 1575 151 1575 154 1571 157 1569 161 1571 166 1574 167 1574 168 1574 169 1574 175 1571 179 1570 184 1571 204 1578 205 1578 206 1578 207 1578 208 1578 217 1572 218 1571 221 1572 238 1576 239 1576 240 1576 241 1576 242 1576 248 1572 256 1565 276 1564 292 1571 293 1571 294 1571 335 1564 347 1572 352 1575 353 1575 354 1575 410 1576 411 1576 412 1576 413 1576 418 1572 430 1563 464 1563 476 1569 477 1569 478 1569 479 1569 480 1569 501 1563 518 1572 522 1574 523 1574 524 1575 566 1575 566 1574 567 1574 573 1572 589 1566 611 1572 618 1574 619 1574 620 1574 621 1574 622 1574 625 1572 645 1561 708 1561 739 1572 742 1573 743 1573 744 1573 761 1572 875 1563 900 1572 903 1539 901 1514 873 1514 859 1503 858 1503 857 1503 856 1503 855 1503 826 1511 788 1503 787 1503 700 1514 675 1504 674 1504 673 1504 573 1506 572 1506 550 1517 505 1517 457 1506 456 1506 455 1506 431 1518 368 1518 350 1507 349 1507 348 1507 331 1507 330 1507 305 1508 304 1508 285 1518 181 1519 160 1513 159 1513 158 1513 103 1520 104 1546"/>
                        </Shape>
                        <String CONTENT=""/>
                    </TextLine>
</TextBlock>
            </PrintSpace>
        </Page>
    </Layout>
</alto>