<?xml version="1.0" encoding="UTF-8"?>
<alto xmlns:xsi="http://www.w3.org/2001/XMLSchema-instance"
    xmlns="http://www.loc.gov/standards/alto/ns-v4#"
    xsi:schemaLocation="http://www.loc.gov/standards/alto/ns-v4# http://www.loc.gov/standards/alto/v4/alto-4-3.xsd">
    <Description>
        <MeasurementUnit>pixel</MeasurementUnit>
        <sourceImageInformation>
            <fileName>bsb10313792_00067.jpg</fileName>
        </sourceImageInformation>
        <Processing ID="OCR_0">
            <processingCategory>other</processingCategory>
            <processingStepDescription>unknown</processingStepDescription>
            <processingSoftware>
                <softwareName>kraken</softwareName>
                <softwareVersion>4.3.13</softwareVersion>
            </processingSoftware>
        </Processing>
    </Description>
    <Tags>
        <OtherTag ID="TYPE_1" LABEL="DefaultLine"/>
        <OtherTag ID="TYPE_2" LABEL="MainZone-Other"/>
        <OtherTag ID="TYPE_3" LABEL="RunningTitleZone"/>
        <OtherTag ID="TYPE_4" LABEL="QuireMarksZone"/>
        <OtherTag ID="TYPE_5" LABEL="MarginTextZone-Notes-Continued"/>
        <OtherTag ID="TYPE_6" LABEL="MarginTextZone-Notes"/>
        <OtherTag ID="TYPE_7" LABEL="GraphicZone-TextualContent"/>
        <OtherTag ID="TYPE_8" LABEL="DigitizationArtefactZone"/>
        <OtherTag ID="TYPE_9" LABEL="TableZone-Continued"/>
        <OtherTag ID="TYPE_10" LABEL="MainZone-Lg"/>
        <OtherTag ID="TYPE_11" LABEL="MainZone-Head"/>
        <OtherTag ID="TYPE_12" LABEL="StampZone"/>
        <OtherTag ID="TYPE_13" LABEL="MainZone-Form"/>
        <OtherTag ID="TYPE_14" LABEL="MainZone-List-Continued"/>
        <OtherTag ID="TYPE_15" LABEL="MainZone-Signature"/>
        <OtherTag ID="TYPE_16" LABEL="MarginTextZone-ManuscriptAddendum"/>
        <OtherTag ID="TYPE_17" LABEL="MainZone-P-Continued"/>
        <OtherTag ID="TYPE_18" LABEL="StampZone-Sticker"/>
        <OtherTag ID="TYPE_19" LABEL="TableZone-Head"/>
        <OtherTag ID="TYPE_20" LABEL="GraphicZone-Decoration"/>
        <OtherTag ID="TYPE_21" LABEL="DropCapitalZone"/>
        <OtherTag ID="TYPE_22" LABEL="NumberingZone"/>
        <OtherTag ID="TYPE_23" LABEL="FigureZone-Head"/>
        <OtherTag ID="TYPE_24" LABEL="TitlePageZone"/>
        <OtherTag ID="TYPE_25" LABEL="GraphicZone-Maths"/>
        <OtherTag ID="TYPE_26" LABEL="MainZone-Entry-Continued"/>
        <OtherTag ID="TYPE_27" LABEL="MainZone-Sp"/>
        <OtherTag ID="TYPE_28" LABEL="MainZone-Entry"/>
        <OtherTag ID="TYPE_29" LABEL="GraphicZone-Part"/>
        <OtherTag ID="TYPE_30" LABEL="GraphicZone"/>
        <OtherTag ID="TYPE_31" LABEL="MainZone-Sp-Continued"/>
        <OtherTag ID="TYPE_32" LABEL="TableZone"/>
        <OtherTag ID="TYPE_33" LABEL="TitlePageZone-Index"/>
        <OtherTag ID="TYPE_34" LABEL="AdvertisementZone"/>
        <OtherTag ID="TYPE_35" LABEL="MainZone-Date"/>
        <OtherTag ID="TYPE_36" LABEL="FigureZone-FigDesc"/>
        <OtherTag ID="TYPE_37" LABEL="GraphicZone-Head"/>
        <OtherTag ID="TYPE_38" LABEL="MainZone-List"/>
        <OtherTag ID="TYPE_39" LABEL="MainZone-P"/>
        <OtherTag ID="TYPE_40" LABEL="MainZone-Lg-Continued"/>
        <OtherTag ID="TYPE_41" LABEL="FigureZone"/>
        <OtherTag ID="TYPE_42" LABEL="GraphicZone-FigDesc"/>
    </Tags>
    <Layout>
        <Page WIDTH="1070" HEIGHT="1750" PHYSICAL_IMG_NR="0" ID="page_0">
            <PrintSpace HPOS="0" VPOS="0" WIDTH="1070" HEIGHT="1750">
                <TextBlock ID="block_0" HPOS="175" VPOS="48" WIDTH="653" HEIGHT="49" TAGREFS="TYPE_3">
                    <Shape>
                        <Polygon POINTS="175.99647521972656 48.46072006225586 828.9697265625 48.46072006225586 828.9697265625 97.09815979003906 175.99647521972656 97.09815979003906 175.99647521972656 48.46072006225586"/>
                    </Shape>
                    <TextLine ID="line_0" HPOS="177" VPOS="47" WIDTH="715" HEIGHT="58" BASELINE="178 82 604 81 892 88" TAGREFS="TYPE_1">
                        <Shape>
                            <Polygon POINTS="780 47 770 47 760 47 750 47 741 47 731 47 730 47 707 48 674 49 667 48 662 47 653 47 643 47 642 47 640 48 632 51 610 48 603 47 602 47 601 47 600 47 599 48 593 53 566 48 565 48 564 48 559 48 479 52 471 48 469 47 468 47 459 47 449 47 439 47 429 47 422 47 412 48 396 49 394 48 392 47 391 47 381 47 371 47 361 47 352 47 342 47 332 47 322 47 313 47 311 47 308 48 296 52 249 52 238 48 235 47 225 47 215 47 206 47 203 47 202 48 200 48 178 48 178 82 177 93 214 99 215 99 216 99 217 99 224 94 229 92 271 92 279 95 298 101 299 101 300 101 301 101 302 101 310 96 315 93 336 93 341 96 345 99 346 99 347 99 394 102 395 103 479 103 479 102 496 98 511 95 543 99 567 102 568 102 569 102 570 102 572 100 578 95 594 95 602 100 605 103 606 103 606 103 607 103 620 100 642 95 660 101 666 103 667 103 668 103 677 101 690 98 694 101 696 103 697 103 698 103 699 103 715 102 746 99 749 102 751 104 752 104 753 104 754 104 755 104 761 102 784 96 850 96 860 104 861 104 862 104 863 105 891 105 892 88 889 48 878 55 817 55 792 48 788 47 780 47"/>
                        </Shape>
                        <String CONTENT=""/>
                    </TextLine>
</TextBlock>
                <TextBlock ID="block_2" HPOS="91" VPOS="98" WIDTH="809" HEIGHT="641" TAGREFS="TYPE_17">
                    <Shape>
                        <Polygon POINTS="91.30349731445312 98.0916976928711 900.7340698242188 98.0916976928711 900.7340698242188 739.7622680664062 91.30349731445312 739.7622680664062 91.30349731445312 98.0916976928711"/>
                    </Shape>
                    <TextLine ID="line_1" HPOS="98" VPOS="96" WIDTH="796" HEIGHT="63" BASELINE="99 135 894 139" TAGREFS="TYPE_1">
                        <Shape>
                            <Polygon POINTS="681 96 672 96 662 96 652 96 649 96 648 96 647 96 646 96 643 98 631 105 617 100 616 100 615 100 614 100 592 106 572 97 569 96 568 96 567 96 566 96 565 96 563 97 551 105 521 106 501 97 499 96 497 96 489 96 483 97 449 104 435 97 433 96 428 96 427 96 426 97 413 105 318 105 299 96 292 96 283 96 273 96 263 96 253 96 244 96 227 105 214 105 199 96 195 96 185 96 176 96 166 96 156 96 146 96 137 96 127 96 117 96 107 96 99 96 99 135 98 145 123 155 124 155 125 155 269 148 289 147 291 148 297 153 298 153 299 153 300 153 301 153 310 148 312 148 397 148 404 150 428 156 428 156 429 156 479 151 480 151 501 155 502 155 503 155 511 151 516 149 558 149 569 152 585 157 586 157 587 157 627 153 661 149 678 153 695 158 696 158 697 159 845 159 845 158 846 158 852 156 863 152 892 156 894 139 893 100 859 97 858 97 857 97 856 97 854 99 846 105 820 101 820 101 819 101 806 107 733 102 732 102 731 102 707 107 687 98 682 96 681 96"/>
                        </Shape>
                        <String CONTENT=""/>
                    </TextLine>

                    <TextLine ID="line_2" HPOS="98" VPOS="147" WIDTH="796" HEIGHT="62" BASELINE="99 183 894 186" TAGREFS="TYPE_1">
                        <Shape>
                            <Polygon POINTS="99 183 98 196 131 203 132 203 133 203 150 198 309 198 322 206 323 206 324 206 368 207 369 207 423 199 469 207 470 208 570 208 570 207 598 201 630 208 631 208 632 208 649 200 688 208 689 209 820 209 820 208 821 208 822 208 833 200 834 200 892 200 894 186 894 158 874 149 873 149 849 149 848 149 847 149 830 157 791 149 790 149 749 157 749 157 747 157 684 151 683 151 635 157 631 157 630 157 620 148 619 148 618 148 617 148 593 153 564 148 563 148 562 148 561 148 548 156 546 156 515 156 503 148 502 148 501 148 500 148 499 148 480 154 459 148 458 148 457 148 456 148 455 148 443 156 442 157 390 157 389 156 376 150 375 150 374 150 294 155 284 147 283 147 282 147 281 147 187 155 181 155 179 155 147 147 146 147 145 147 144 147 136 153 126 149 125 149 124 149 99 154 99 183"/>
                        </Shape>
                        <String CONTENT=""/>
                    </TextLine>

                    <TextLine ID="line_3" HPOS="97" VPOS="196" WIDTH="795" HEIGHT="55" BASELINE="98 233 892 236" TAGREFS="TYPE_1">
                        <Shape>
                            <Polygon POINTS="98 233 97 243 118 249 119 249 120 250 205 250 205 249 206 249 221 245 266 249 267 249 321 245 330 245 335 245 363 250 364 250 391 245 392 245 394 245 413 250 414 250 415 251 518 251 518 250 519 250 526 246 529 245 534 246 546 250 547 250 548 250 569 247 578 245 583 247 592 250 593 250 594 250 613 247 626 245 630 247 638 251 639 251 640 251 666 247 679 246 891 249 892 236 891 208 779 208 778 207 764 202 763 202 762 202 678 206 662 207 660 206 648 199 647 199 646 199 645 199 644 199 623 204 576 197 575 197 535 206 532 206 528 206 496 201 495 201 445 205 432 206 430 205 415 197 414 197 413 197 314 205 304 205 303 205 292 196 291 196 290 196 155 196 154 196 98 203 98 233"/>
                        </Shape>
                        <String CONTENT=""/>
                    </TextLine>

                    <TextLine ID="line_4" HPOS="92" VPOS="242" WIDTH="800" HEIGHT="61" BASELINE="93 282 892 285" TAGREFS="TYPE_1">
                        <Shape>
                            <Polygon POINTS="93 282 92 292 119 300 120 300 121 300 148 294 199 300 200 300 201 300 214 295 227 300 228 300 229 300 262 294 276 300 277 300 278 300 308 294 318 300 319 300 320 300 321 300 321 300 344 294 359 301 360 301 361 301 362 301 380 296 390 301 391 301 392 302 437 302 437 301 438 301 439 301 446 296 473 301 474 301 475 301 499 295 563 301 564 301 565 301 579 295 624 295 647 302 648 302 649 303 685 303 685 302 686 302 687 302 695 296 745 302 746 303 816 303 816 302 817 302 818 302 825 296 839 302 840 302 841 303 883 303 883 302 884 302 885 302 891 295 892 285 891 256 763 256 759 253 741 245 740 245 704 245 703 245 702 245 701 245 690 252 689 253 595 254 589 250 580 244 579 244 578 244 577 244 548 249 547 249 545 249 517 244 516 244 515 244 514 244 506 248 499 254 490 248 488 246 487 246 486 246 485 246 484 246 479 248 466 253 453 247 442 244 441 244 440 244 439 244 428 247 405 255 364 255 351 245 346 243 345 243 344 243 284 243 283 243 282 243 278 245 260 254 218 254 165 245 164 245 133 250 93 242 93 282"/>
                        </Shape>
                        <String CONTENT=""/>
                    </TextLine>

                    <TextLine ID="line_5" HPOS="91" VPOS="293" WIDTH="800" HEIGHT="59" BASELINE="92 332 891 334" TAGREFS="TYPE_1">
                        <Shape>
                            <Polygon POINTS="91 342 178 350 178 350 209 344 226 350 227 350 228 350 319 344 396 350 397 350 398 350 411 344 493 351 494 351 495 351 513 346 647 351 648 351 649 351 671 345 696 351 697 351 698 352 720 352 720 351 721 351 722 351 733 345 761 345 772 351 773 351 774 351 775 352 847 352 847 351 848 351 862 345 891 345 891 334 891 299 866 295 865 295 864 295 857 298 846 305 807 305 794 298 793 298 792 298 790 298 758 302 749 298 743 295 742 295 708 295 707 295 706 295 705 295 703 297 698 301 678 297 676 297 675 297 672 297 639 303 619 297 613 295 612 295 568 295 567 295 566 295 563 296 549 304 492 304 473 296 469 294 468 294 436 294 435 294 434 294 433 294 432 295 421 304 344 304 329 296 328 296 327 296 292 302 267 294 266 294 265 294 229 294 228 294 227 294 226 294 212 304 113 304 93 293 92 332 91 342"/>
                        </Shape>
                        <String CONTENT=""/>
                    </TextLine>

                    <TextLine ID="line_6" HPOS="89" VPOS="341" WIDTH="803" HEIGHT="63" BASELINE="89 381 892 384" TAGREFS="TYPE_1">
                        <Shape>
                            <Polygon POINTS="89 381 89 395 128 395 142 402 142 402 143 402 210 401 211 401 212 401 218 396 220 395 300 395 304 396 312 400 313 400 314 400 315 400 325 397 328 396 331 397 356 403 356 403 357 403 358 403 371 397 374 396 378 397 397 403 398 403 399 403 400 403 420 397 427 396 439 398 464 401 465 401 466 401 476 398 479 397 481 398 488 403 489 403 490 403 491 403 492 403 504 398 511 396 531 398 566 403 567 403 594 399 612 396 617 399 623 404 624 404 625 404 626 404 681 400 717 397 730 400 745 404 746 404 747 404 891 401 892 384 891 349 846 343 845 343 819 349 802 352 700 352 693 349 682 343 681 343 656 343 655 343 654 343 635 349 624 351 591 351 587 349 580 343 579 343 578 343 513 342 512 342 511 342 484 349 475 350 453 349 380 342 379 342 378 342 377 342 368 349 367 350 283 350 280 349 258 341 257 341 256 341 255 341 254 341 243 349 243 350 197 350 195 350 173 341 172 341 171 341 170 341 152 350 151 350 150 350 140 341 139 341 138 341 119 341 118 341 117 341 89 349 89 381"/>
                        </Shape>
                        <String CONTENT=""/>
                    </TextLine>

                    <TextLine ID="line_7" HPOS="89" VPOS="393" WIDTH="800" HEIGHT="59" BASELINE="90 430 889 432" TAGREFS="TYPE_1">
                        <Shape>
                            <Polygon POINTS="90 430 89 442 205 451 206 451 207 451 233 444 239 443 250 444 280 448 281 448 300 445 317 442 321 445 328 450 329 450 330 450 331 450 332 450 333 450 339 445 344 442 373 442 397 446 427 451 428 451 428 451 437 446 446 442 458 447 469 451 470 451 471 451 504 447 508 447 509 447 515 452 516 452 517 452 518 452 540 448 545 447 552 448 581 452 582 452 602 448 629 443 765 450 808 452 809 452 810 452 815 451 839 443 856 451 858 452 859 452 860 452 888 451 889 432 888 405 848 398 847 398 819 404 817 404 816 404 790 394 789 394 788 394 787 394 761 403 758 405 652 405 645 402 635 399 634 399 633 399 618 402 612 403 610 402 600 394 599 394 598 394 597 394 596 394 575 401 568 404 499 403 494 401 471 393 470 393 469 393 428 399 413 393 412 393 370 393 369 393 368 393 367 393 359 399 356 402 350 399 345 397 344 397 343 397 342 397 334 399 322 402 319 399 311 393 310 393 309 393 282 393 281 393 280 393 266 398 257 402 248 398 236 393 235 393 234 393 190 398 139 403 124 397 115 393 114 393 113 393 90 396 90 430"/>
                        </Shape>
                        <String CONTENT=""/>
                    </TextLine>

                    <TextLine ID="line_8" HPOS="93" VPOS="445" WIDTH="796" HEIGHT="56" BASELINE="93 482 889 482" TAGREFS="TYPE_1">
                        <Shape>
                            <Polygon POINTS="93 482 93 490 114 498 115 498 116 498 203 492 216 491 218 492 230 500 231 500 232 500 233 500 234 500 249 492 250 492 255 492 280 496 281 496 282 496 287 493 291 491 334 493 411 498 412 498 448 495 491 491 498 495 499 497 500 497 501 497 502 497 516 496 547 492 567 496 583 500 584 501 639 501 639 500 640 500 641 500 644 497 652 492 661 498 664 500 665 500 666 500 667 501 820 501 820 500 824 500 845 495 888 500 889 482 889 454 843 445 842 445 807 451 788 445 787 445 786 445 785 445 766 453 766 454 730 454 730 453 713 445 712 445 688 445 687 445 686 445 685 445 673 453 656 446 655 446 654 446 653 446 631 453 618 445 617 445 616 445 615 445 571 451 555 445 554 445 553 445 552 445 551 445 542 451 507 445 506 445 505 445 504 445 495 453 465 448 464 448 463 448 455 452 447 446 446 446 445 446 444 446 401 453 399 453 398 453 335 446 334 446 333 446 309 453 308 453 283 446 282 446 281 446 280 446 262 453 261 454 184 454 183 453 162 447 161 447 160 447 128 452 107 445 107 445 106 445 105 445 93 451 93 482"/>
                        </Shape>
                        <String CONTENT=""/>
                    </TextLine>

                    <TextLine ID="line_9" HPOS="97" VPOS="489" WIDTH="791" HEIGHT="63" BASELINE="98 528 888 531" TAGREFS="TYPE_1">
                        <Shape>
                            <Polygon POINTS="98 528 97 541 177 542 195 549 196 549 197 549 243 543 360 543 387 550 388 550 389 550 390 550 401 544 411 550 412 550 413 550 414 550 442 544 502 544 510 550 511 550 512 550 513 550 545 544 559 550 560 550 561 550 623 546 637 551 638 551 639 552 875 552 875 551 876 551 877 551 887 544 888 531 888 504 847 503 829 490 828 490 827 490 826 490 783 498 756 493 755 493 754 493 738 502 737 502 732 502 683 496 682 496 618 501 607 501 606 500 591 490 590 490 589 490 568 490 567 490 536 496 520 490 519 490 518 490 462 494 432 490 431 490 430 490 413 497 355 489 273 489 272 489 271 489 255 497 253 498 251 496 244 491 243 491 242 491 241 491 240 491 228 496 219 501 132 501 123 495 114 490 113 490 112 490 111 490 110 490 98 494 98 528"/>
                        </Shape>
                        <String CONTENT=""/>
                    </TextLine>

                    <TextLine ID="line_10" HPOS="100" VPOS="539" WIDTH="787" HEIGHT="61" BASELINE="101 577 887 581" TAGREFS="TYPE_1">
                        <Shape>
                            <Polygon POINTS="101 577 100 590 182 596 183 597 221 597 221 596 222 596 238 591 241 590 246 591 276 596 277 596 355 591 361 591 362 591 377 597 378 597 379 597 380 597 392 592 401 595 402 595 403 595 440 591 444 591 445 591 454 597 455 597 456 597 494 598 495 598 496 598 510 592 549 592 566 598 567 598 568 598 669 592 674 592 675 592 695 599 696 599 697 600 845 600 845 599 886 592 887 581 886 553 790 553 789 552 774 542 773 542 772 542 727 542 726 542 725 542 694 552 691 552 689 552 652 541 651 541 650 541 568 546 523 541 522 541 521 541 520 541 504 551 503 551 501 551 474 543 473 543 472 543 424 544 423 544 400 550 384 540 383 540 382 540 353 540 352 540 351 540 325 550 324 550 322 550 297 539 296 539 254 539 253 539 252 539 227 549 227 550 168 550 167 549 141 539 140 539 139 539 101 548 101 577"/>
                        </Shape>
                        <String CONTENT=""/>
                    </TextLine>

                    <TextLine ID="line_11" HPOS="101" VPOS="591" WIDTH="783" HEIGHT="60" BASELINE="102 627 884 630" TAGREFS="TYPE_1">
                        <Shape>
                            <Polygon POINTS="102 627 101 637 160 647 161 647 185 642 242 647 243 647 244 647 245 647 254 640 266 647 267 647 268 647 296 641 301 640 319 641 392 647 392 647 393 647 402 642 406 640 471 640 481 644 493 649 494 649 495 649 496 649 507 644 516 641 546 645 578 649 579 649 613 646 667 641 726 648 747 650 748 651 883 651 884 630 883 603 820 597 820 597 668 601 657 601 656 601 646 594 645 594 644 594 643 594 589 601 584 601 583 601 570 593 570 593 569 593 568 593 530 600 529 600 527 600 455 594 454 594 453 594 434 600 432 600 430 600 400 592 399 592 398 592 319 599 304 600 300 599 280 591 279 591 218 591 217 591 216 591 194 598 190 600 170 600 167 598 151 591 150 591 149 591 148 591 130 598 128 598 102 598 102 627"/>
                        </Shape>
                        <String CONTENT=""/>
                    </TextLine>

                    <TextLine ID="line_12" HPOS="101" VPOS="637" WIDTH="782" HEIGHT="63" BASELINE="102 676 605 676 883 682" TAGREFS="TYPE_1">
                        <Shape>
                            <Polygon POINTS="102 676 101 691 124 691 125 691 135 698 136 698 137 698 138 699 197 699 197 698 198 698 213 691 214 691 285 691 287 692 302 699 303 699 304 699 305 699 324 692 326 692 371 692 373 693 385 699 386 699 387 699 426 693 433 692 435 693 447 699 448 699 449 699 477 693 485 692 489 693 503 700 504 700 505 700 540 694 541 694 542 694 564 700 565 700 566 700 882 696 883 682 883 651 846 639 845 639 844 639 843 639 810 650 807 651 756 651 750 649 720 639 719 639 718 639 717 639 694 648 687 650 661 648 660 647 646 638 645 638 644 638 624 638 623 638 622 638 621 638 609 646 605 649 546 648 542 645 532 638 531 638 530 638 529 638 488 644 446 637 445 637 444 637 427 644 417 648 382 648 369 643 356 637 355 637 291 637 290 637 289 637 288 637 282 641 272 648 166 648 156 640 155 640 154 640 102 639 102 676"/>
                        </Shape>
                        <String CONTENT=""/>
                    </TextLine>

                    <TextLine ID="line_13" HPOS="106" VPOS="689" WIDTH="537" HEIGHT="61" BASELINE="106 726 643 726" TAGREFS="TYPE_1">
                        <Shape>
                            <Polygon POINTS="106 726 106 741 119 749 120 749 121 749 122 749 150 741 163 749 164 749 165 749 166 749 167 749 168 749 176 743 234 749 235 749 236 749 237 749 237 748 245 742 251 747 252 747 253 747 254 747 299 741 308 748 309 748 310 748 311 748 312 748 313 748 322 741 323 741 398 741 401 741 440 749 441 749 442 749 467 741 469 741 471 741 499 749 500 749 501 749 502 749 518 741 519 741 533 749 534 749 535 750 576 750 576 749 577 749 578 749 578 748 586 742 597 749 598 749 599 749 600 750 633 750 633 749 634 749 635 749 643 743 643 726 643 699 595 699 595 698 585 691 584 691 583 691 582 691 581 691 565 698 555 689 554 689 553 689 552 689 510 696 500 689 499 689 499 689 471 689 470 689 469 689 457 696 447 691 446 691 445 691 444 691 430 698 430 699 383 699 382 698 372 690 371 690 370 690 342 689 341 689 340 689 339 689 325 698 324 699 284 699 284 698 275 690 275 689 274 689 273 689 257 689 256 689 255 689 236 698 235 698 211 689 210 689 209 689 208 689 190 698 189 699 160 699 158 698 132 689 131 689 130 689 129 689 106 697 106 726"/>
                        </Shape>
                        <String CONTENT=""/>
                    </TextLine>
</TextBlock>
                <TextBlock ID="block_3" HPOS="83" VPOS="786" WIDTH="814" HEIGHT="96" TAGREFS="TYPE_20">
                    <Shape>
                        <Polygon POINTS="83.54702758789062 786.1495361328125 897.4285278320312 786.1495361328125 897.4285278320312 882.9701538085938 83.54702758789062 882.9701538085938 83.54702758789062 786.1495361328125"/>
                    </Shape>
                    <TextLine ID="line_14" HPOS="93" VPOS="839" WIDTH="12" HEIGHT="59" BASELINE="93 874 105 874" TAGREFS="TYPE_1">
                        <Shape>
                            <Polygon POINTS="93 874 93 896 104 898 105 874 103 839 93 842 93 874"/>
                        </Shape>
                        <String CONTENT=""/>
                    </TextLine>
</TextBlock>
                <TextBlock ID="block_1" HPOS="316" VPOS="900" WIDTH="322" HEIGHT="44" TAGREFS="TYPE_11">
                    <Shape>
                        <Polygon POINTS="316.7309265136719 900.7791137695312 638.6016235351562 900.7791137695312 638.6016235351562 944.0010375976562 316.7309265136719 944.0010375976562 316.7309265136719 900.7791137695312"/>
                    </Shape>
                    <TextLine ID="line_15" HPOS="330" VPOS="899" WIDTH="304" HEIGHT="50" BASELINE="331 932 634 930" TAGREFS="TYPE_1">
                        <Shape>
                            <Polygon POINTS="331 932 331 949 634 946 634 930 632 904 596 899 595 899 594 899 572 905 564 907 557 905 541 901 540 901 539 901 538 901 537 901 537 902 533 906 529 910 497 910 492 907 484 901 483 901 482 901 481 901 480 901 466 905 430 900 429 900 428 900 428 900 418 906 378 900 377 900 376 900 356 910 355 910 330 910 331 932"/>
                        </Shape>
                        <String CONTENT=""/>
                    </TextLine>
</TextBlock>
                <TextBlock ID="block_6" HPOS="85" VPOS="980" WIDTH="804" HEIGHT="555" TAGREFS="TYPE_39">
                    <Shape>
                        <Polygon POINTS="85.54485321044922 980.7130737304688 889.2811279296875 980.7130737304688 889.2811279296875 1535.396728515625 85.54485321044922 1535.396728515625 85.54485321044922 980.7130737304688"/>
                    </Shape>
                    <TextLine ID="line_16" HPOS="292" VPOS="976" WIDTH="587" HEIGHT="68" BASELINE="293 1022 879 1019" TAGREFS="TYPE_1">
                        <Shape>
                            <Polygon POINTS="293 1022 293 1033 321 1033 338 1043 339 1043 340 1043 341 1044 383 1044 383 1043 384 1043 406 1032 421 1043 422 1043 423 1043 424 1044 458 1044 458 1043 459 1043 499 1031 500 1031 501 1031 523 1042 524 1042 525 1043 560 1043 560 1042 561 1042 590 1031 591 1031 662 1031 678 1041 679 1041 680 1041 681 1041 682 1041 683 1041 692 1033 703 1041 704 1041 705 1041 706 1041 707 1041 743 1030 744 1030 756 1041 757 1041 758 1041 759 1041 760 1041 761 1041 774 1032 786 1041 787 1041 788 1041 789 1042 831 1042 831 1041 878 1029 879 1019 876 985 860 987 856 984 842 976 841 976 840 976 802 976 801 976 800 976 787 981 751 976 750 976 749 976 749 976 749 977 741 983 736 987 732 983 723 976 722 976 721 976 720 976 719 976 718 976 718 977 711 982 693 980 692 980 691 980 690 980 690 981 688 982 681 989 674 982 672 980 671 980 670 980 650 978 649 978 648 978 647 978 647 979 642 982 633 992 604 992 591 981 587 979 586 979 585 979 584 979 583 979 577 981 558 991 536 987 535 987 461 992 432 985 431 985 430 985 393 992 379 980 378 980 377 980 376 980 375 980 374 980 362 989 348 979 347 978 346 978 345 978 344 978 292 978 293 1022"/>
                        </Shape>
                        <String CONTENT=""/>
                    </TextLine>

                    <TextLine ID="line_17" HPOS="284" VPOS="1030" WIDTH="593" HEIGHT="63" BASELINE="285 1072 877 1066" TAGREFS="TYPE_1">
                        <Shape>
                            <Polygon POINTS="285 1072 285 1089 366 1085 378 1088 392 1092 392 1092 393 1093 446 1093 446 1092 447 1092 470 1086 482 1084 502 1085 546 1090 547 1090 548 1090 570 1085 581 1082 598 1084 648 1090 649 1090 650 1090 674 1084 696 1089 697 1089 698 1089 699 1089 717 1085 776 1089 777 1089 778 1089 797 1080 798 1080 821 1080 833 1080 846 1085 847 1085 848 1085 849 1085 877 1078 877 1066 874 1040 735 1041 734 1041 713 1030 712 1030 711 1030 710 1030 709 1030 701 1037 694 1031 694 1030 693 1030 692 1030 691 1030 690 1030 670 1041 662 1035 661 1035 660 1035 659 1035 658 1035 657 1035 650 1041 626 1031 625 1031 600 1031 599 1031 598 1031 597 1031 582 1042 481 1032 480 1032 479 1032 455 1043 447 1036 446 1036 445 1036 444 1036 443 1036 415 1044 414 1044 413 1044 371 1035 370 1035 369 1035 347 1044 338 1035 338 1034 337 1034 336 1034 305 1034 304 1034 303 1034 302 1034 302 1035 291 1045 291 1046 284 1046 285 1072"/>
                        </Shape>
                        <String CONTENT=""/>
                    </TextLine>

                    <TextLine ID="line_18" HPOS="286" VPOS="1080" WIDTH="593" HEIGHT="58" BASELINE="287 1121 879 1117" TAGREFS="TYPE_1">
                        <Shape>
                            <Polygon POINTS="287 1121 287 1136 350 1138 351 1138 352 1138 353 1138 353 1137 355 1136 357 1133 381 1136 403 1138 404 1138 405 1138 410 1135 421 1130 449 1130 458 1135 460 1137 461 1137 462 1137 463 1138 492 1138 492 1137 493 1137 494 1137 497 1135 503 1130 510 1135 515 1137 516 1137 517 1137 552 1134 603 1130 627 1134 638 1135 639 1135 640 1135 641 1135 641 1134 642 1133 647 1128 663 1133 668 1135 669 1135 670 1136 710 1136 710 1135 711 1135 712 1135 713 1133 716 1131 718 1133 719 1134 720 1134 721 1134 722 1134 723 1134 726 1133 735 1128 744 1133 749 1135 750 1135 751 1135 767 1132 796 1127 877 1131 879 1117 877 1093 852 1093 851 1092 832 1080 831 1080 830 1080 790 1080 789 1080 788 1080 787 1080 787 1081 776 1091 775 1092 748 1091 734 1090 716 1081 715 1081 714 1081 713 1081 688 1090 686 1091 621 1094 572 1088 555 1086 554 1086 553 1086 547 1087 523 1094 511 1087 503 1083 502 1083 501 1083 465 1083 464 1083 463 1083 455 1086 437 1095 381 1088 380 1088 379 1088 353 1095 340 1085 339 1084 338 1084 337 1084 336 1084 286 1084 287 1121"/>
                        </Shape>
                        <String CONTENT=""/>
                    </TextLine>

                    <TextLine ID="line_19" HPOS="249" VPOS="1127" WIDTH="625" HEIGHT="63" BASELINE="249 1172 874 1166" TAGREFS="TYPE_1">
                        <Shape>
                            <Polygon POINTS="249 1172 249 1186 316 1190 317 1190 318 1190 327 1186 333 1182 370 1182 374 1185 380 1190 381 1190 382 1190 383 1190 444 1190 444 1190 445 1190 463 1184 473 1181 507 1181 510 1184 515 1187 515 1188 516 1188 517 1188 518 1188 519 1188 534 1183 542 1180 570 1180 574 1183 576 1185 577 1185 578 1185 579 1185 593 1183 606 1180 610 1182 615 1187 616 1187 617 1187 618 1187 640 1182 646 1181 666 1182 752 1187 753 1187 754 1187 755 1187 763 1181 764 1181 806 1186 807 1186 808 1186 809 1186 809 1185 815 1180 818 1178 872 1179 874 1166 871 1140 844 1140 843 1140 832 1134 831 1134 830 1134 829 1134 820 1138 810 1128 810 1127 809 1127 808 1127 807 1127 783 1128 782 1128 753 1141 751 1141 749 1141 693 1128 692 1128 691 1128 664 1142 663 1142 662 1142 639 1129 638 1129 560 1129 559 1129 558 1129 527 1140 449 1137 448 1137 406 1144 404 1144 402 1144 376 1137 375 1137 374 1137 373 1137 372 1137 372 1138 366 1143 341 1143 327 1132 326 1132 325 1132 298 1132 297 1132 296 1132 295 1132 280 1145 280 1146 249 1146 249 1172"/>
                        </Shape>
                        <String CONTENT=""/>
                    </TextLine>

                    <TextLine ID="line_20" HPOS="91" VPOS="1172" WIDTH="786" HEIGHT="68" BASELINE="92 1214 877 1216" TAGREFS="TYPE_1">
                        <Shape>
                            <Polygon POINTS="92 1214 91 1226 101 1232 102 1232 103 1232 141 1228 167 1238 168 1238 169 1239 231 1239 231 1238 232 1238 233 1238 244 1231 329 1238 330 1238 331 1238 355 1229 379 1238 380 1238 381 1238 382 1238 407 1229 433 1237 434 1237 435 1237 436 1237 453 1232 485 1239 486 1239 487 1239 526 1229 567 1229 582 1239 583 1239 584 1239 585 1240 666 1240 666 1239 667 1239 702 1229 761 1229 782 1235 783 1235 784 1235 784 1235 785 1235 795 1229 876 1229 877 1216 877 1188 855 1174 854 1174 853 1174 852 1174 851 1174 850 1174 842 1179 816 1174 815 1174 814 1174 794 1185 761 1181 760 1181 759 1181 758 1181 751 1186 747 1190 639 1190 627 1184 616 1178 615 1178 601 1176 600 1176 599 1176 598 1176 591 1182 566 1174 565 1174 564 1174 563 1174 562 1174 552 1182 546 1186 537 1181 526 1176 525 1176 524 1176 523 1176 522 1176 516 1181 507 1188 492 1189 481 1180 475 1175 474 1175 473 1175 456 1175 455 1175 454 1175 453 1175 447 1179 435 1189 392 1189 382 1181 381 1181 380 1181 379 1181 378 1181 361 1185 349 1177 348 1176 347 1176 346 1176 345 1176 335 1177 285 1184 248 1179 247 1179 246 1179 224 1187 199 1179 198 1179 197 1179 164 1187 130 1173 129 1173 92 1172 92 1214"/>
                        </Shape>
                        <String CONTENT=""/>
                    </TextLine>

                    <TextLine ID="line_21" HPOS="85" VPOS="1228" WIDTH="790" HEIGHT="63" BASELINE="86 1262 875 1265" TAGREFS="TYPE_1">
                        <Shape>
                            <Polygon POINTS="86 1262 85 1276 105 1288 106 1288 107 1288 288 1280 334 1278 339 1281 354 1289 355 1289 356 1289 408 1282 410 1282 413 1282 433 1286 434 1286 435 1286 445 1283 457 1279 480 1283 491 1285 492 1285 505 1284 545 1279 556 1285 565 1289 566 1289 567 1289 568 1289 583 1285 589 1284 595 1285 613 1290 614 1290 615 1290 616 1290 617 1290 623 1286 630 1282 640 1286 648 1290 649 1290 650 1291 697 1291 697 1290 698 1290 703 1287 717 1280 784 1280 794 1287 795 1287 796 1287 797 1287 798 1287 819 1282 840 1290 841 1290 842 1290 843 1291 874 1291 875 1265 875 1238 850 1230 849 1230 848 1230 771 1238 767 1239 682 1239 681 1238 676 1233 675 1233 674 1233 673 1233 556 1237 543 1237 542 1237 521 1229 520 1229 519 1229 481 1237 477 1238 450 1238 448 1236 434 1229 433 1229 389 1229 388 1229 387 1229 371 1236 370 1236 350 1228 349 1228 348 1228 347 1228 346 1228 333 1236 330 1236 289 1228 258 1228 257 1228 256 1228 255 1228 245 1235 244 1236 236 1235 194 1230 193 1230 167 1235 165 1235 155 1228 154 1228 153 1228 152 1228 86 1234 86 1262"/>
                        </Shape>
                        <String CONTENT=""/>
                    </TextLine>

                    <TextLine ID="line_22" HPOS="79" VPOS="1279" WIDTH="795" HEIGHT="58" BASELINE="80 1311 874 1315" TAGREFS="TYPE_1">
                        <Shape>
                            <Polygon POINTS="80 1311 79 1325 144 1334 145 1334 180 1327 182 1327 184 1327 201 1331 202 1331 203 1331 249 1328 267 1327 277 1329 310 1335 502 1336 503 1336 504 1336 520 1332 534 1329 572 1329 583 1333 591 1336 592 1336 593 1336 639 1334 721 1330 731 1335 734 1337 735 1337 736 1337 737 1337 747 1335 765 1332 784 1336 790 1337 791 1337 796 1336 825 1330 872 1337 874 1315 873 1289 811 1288 797 1281 796 1281 795 1281 794 1281 769 1288 767 1288 764 1288 742 1281 741 1281 706 1281 705 1281 704 1281 689 1287 685 1288 679 1287 656 1281 655 1281 604 1286 592 1287 590 1286 578 1280 577 1280 576 1280 546 1286 536 1288 499 1288 493 1285 475 1279 474 1279 473 1279 449 1285 446 1285 443 1285 413 1279 412 1279 389 1284 380 1286 362 1284 321 1279 285 1279 285 1279 284 1279 276 1283 272 1285 80 1282 80 1311"/>
                        </Shape>
                        <String CONTENT=""/>
                    </TextLine>

                    <TextLine ID="line_23" HPOS="81" VPOS="1331" WIDTH="795" HEIGHT="57" BASELINE="81 1360 876 1364" TAGREFS="TYPE_1">
                        <Shape>
                            <Polygon POINTS="81 1360 81 1380 147 1375 161 1381 169 1385 170 1385 171 1386 225 1386 225 1385 226 1385 227 1385 231 1382 240 1375 278 1375 305 1383 313 1385 314 1385 315 1385 316 1385 322 1383 331 1380 395 1384 439 1386 440 1386 441 1386 445 1384 454 1380 468 1384 478 1387 479 1387 480 1387 497 1385 522 1381 530 1385 534 1387 535 1387 535 1388 617 1388 617 1387 618 1387 621 1386 641 1377 733 1377 747 1384 748 1384 749 1384 749 1384 750 1384 759 1378 829 1378 845 1387 846 1387 847 1387 874 1388 876 1364 876 1335 81 1331 81 1360"/>
                        </Shape>
                        <String CONTENT=""/>
                    </TextLine>

                    <TextLine ID="line_24" HPOS="83" VPOS="1370" WIDTH="791" HEIGHT="65" BASELINE="83 1410 874 1412" TAGREFS="TYPE_1">
                        <Shape>
                            <Polygon POINTS="83 1410 83 1433 120 1427 142 1431 143 1431 144 1431 165 1423 214 1423 222 1430 223 1430 224 1430 225 1430 274 1427 285 1432 292 1434 293 1434 294 1435 334 1435 334 1434 335 1434 341 1431 356 1423 393 1423 405 1431 409 1434 410 1434 411 1434 412 1434 428 1430 440 1428 453 1430 481 1435 482 1435 546 1435 546 1435 547 1435 548 1435 557 1429 566 1424 719 1424 725 1428 736 1435 737 1435 738 1435 739 1435 794 1427 803 1426 805 1427 818 1435 819 1435 820 1435 820 1435 849 1435 849 1435 850 1435 873 1426 874 1412 874 1386 833 1372 832 1372 831 1372 830 1372 784 1384 779 1386 737 1386 732 1383 713 1374 713 1374 712 1374 711 1374 692 1382 687 1384 684 1382 672 1372 671 1372 670 1372 669 1372 668 1372 648 1381 642 1384 639 1381 631 1375 630 1375 629 1375 628 1375 627 1375 609 1380 593 1385 563 1379 549 1377 548 1377 547 1377 546 1377 543 1379 533 1386 483 1386 404 1379 403 1379 368 1384 356 1375 352 1372 351 1372 350 1372 332 1371 331 1371 330 1371 321 1374 310 1378 304 1374 303 1373 302 1373 301 1373 236 1371 235 1371 234 1371 233 1371 231 1373 214 1385 202 1385 184 1376 183 1376 182 1376 163 1380 148 1371 147 1371 146 1371 83 1370 83 1410"/>
                        </Shape>
                        <String CONTENT=""/>
                    </TextLine>

                    <TextLine ID="line_25" HPOS="79" VPOS="1426" WIDTH="797" HEIGHT="60" BASELINE="80 1458 876 1463" TAGREFS="TYPE_1">
                        <Shape>
                            <Polygon POINTS="80 1458 79 1474 717 1486 718 1486 719 1486 727 1483 741 1479 771 1483 772 1483 825 1478 874 1485 876 1463 874 1430 794 1435 704 1430 685 1429 684 1429 675 1430 637 1434 565 1430 543 1429 542 1429 530 1430 499 1433 488 1430 481 1428 480 1428 479 1428 445 1430 399 1433 382 1430 363 1427 362 1427 361 1427 360 1427 356 1430 354 1433 265 1433 256 1430 240 1426 239 1426 238 1426 218 1430 214 1431 210 1430 191 1426 190 1426 80 1430 80 1458"/>
                        </Shape>
                        <String CONTENT=""/>
                    </TextLine>

                    <TextLine ID="line_26" HPOS="85" VPOS="1471" WIDTH="789" HEIGHT="79" BASELINE="85 1505 371 1513 874 1510" TAGREFS="TYPE_1">
                        <Shape>
                            <Polygon POINTS="85 1505 85 1534 110 1533 114 1535 124 1541 125 1541 126 1541 127 1541 140 1540 163 1547 164 1547 165 1547 166 1547 199 1535 201 1535 249 1535 279 1547 280 1547 281 1547 282 1547 323 1536 335 1533 347 1536 355 1538 356 1538 356 1538 376 1536 410 1533 421 1537 453 1547 454 1547 455 1547 492 1545 493 1545 514 1537 523 1534 579 1534 593 1538 638 1550 639 1550 640 1550 786 1546 787 1546 788 1546 801 1539 809 1534 820 1539 830 1542 831 1542 832 1542 833 1542 842 1539 854 1534 871 1539 874 1510 872 1483 837 1482 818 1472 817 1472 816 1472 785 1473 784 1473 784 1473 773 1481 771 1482 770 1481 753 1472 752 1472 737 1472 736 1472 735 1472 734 1472 723 1480 720 1483 588 1483 581 1478 579 1476 578 1476 577 1476 576 1476 559 1478 546 1479 539 1477 521 1472 520 1472 519 1472 518 1472 517 1472 509 1477 501 1482 483 1477 477 1475 476 1475 475 1475 474 1475 468 1476 449 1482 436 1476 428 1472 427 1472 426 1472 425 1472 416 1476 402 1481 343 1474 310 1471 309 1471 308 1471 302 1474 286 1482 204 1482 187 1473 186 1473 85 1471 85 1505"/>
                        </Shape>
                        <String CONTENT=""/>
                    </TextLine>
</TextBlock>
            </PrintSpace>
        </Page>
    </Layout>
</alto>