<?xml version="1.0" encoding="UTF-8"?>
<alto xmlns:xsi="http://www.w3.org/2001/XMLSchema-instance"
    xmlns="http://www.loc.gov/standards/alto/ns-v4#"
    xsi:schemaLocation="http://www.loc.gov/standards/alto/ns-v4# http://www.loc.gov/standards/alto/v4/alto-4-3.xsd">
    <Description>
        <MeasurementUnit>pixel</MeasurementUnit>
        <sourceImageInformation>
            <fileName>bsb10313792_00066.jpg</fileName>
        </sourceImageInformation>
        <Processing ID="OCR_0">
            <processingCategory>other</processingCategory>
            <processingStepDescription>unknown</processingStepDescription>
            <processingSoftware>
                <softwareName>kraken</softwareName>
                <softwareVersion>4.3.13</softwareVersion>
            </processingSoftware>
        </Processing>
    </Description>
    <Tags>
        <OtherTag ID="TYPE_1" LABEL="DefaultLine"/>
        <OtherTag ID="TYPE_2" LABEL="MainZone-Other"/>
        <OtherTag ID="TYPE_3" LABEL="RunningTitleZone"/>
        <OtherTag ID="TYPE_4" LABEL="QuireMarksZone"/>
        <OtherTag ID="TYPE_5" LABEL="MarginTextZone-Notes-Continued"/>
        <OtherTag ID="TYPE_6" LABEL="MarginTextZone-Notes"/>
        <OtherTag ID="TYPE_7" LABEL="GraphicZone-TextualContent"/>
        <OtherTag ID="TYPE_8" LABEL="DigitizationArtefactZone"/>
        <OtherTag ID="TYPE_9" LABEL="TableZone-Continued"/>
        <OtherTag ID="TYPE_10" LABEL="MainZone-Lg"/>
        <OtherTag ID="TYPE_11" LABEL="MainZone-Head"/>
        <OtherTag ID="TYPE_12" LABEL="StampZone"/>
        <OtherTag ID="TYPE_13" LABEL="MainZone-Form"/>
        <OtherTag ID="TYPE_14" LABEL="MainZone-List-Continued"/>
        <OtherTag ID="TYPE_15" LABEL="MainZone-Signature"/>
        <OtherTag ID="TYPE_16" LABEL="MarginTextZone-ManuscriptAddendum"/>
        <OtherTag ID="TYPE_17" LABEL="MainZone-P-Continued"/>
        <OtherTag ID="TYPE_18" LABEL="StampZone-Sticker"/>
        <OtherTag ID="TYPE_19" LABEL="TableZone-Head"/>
        <OtherTag ID="TYPE_20" LABEL="GraphicZone-Decoration"/>
        <OtherTag ID="TYPE_21" LABEL="DropCapitalZone"/>
        <OtherTag ID="TYPE_22" LABEL="NumberingZone"/>
        <OtherTag ID="TYPE_23" LABEL="FigureZone-Head"/>
        <OtherTag ID="TYPE_24" LABEL="TitlePageZone"/>
        <OtherTag ID="TYPE_25" LABEL="GraphicZone-Maths"/>
        <OtherTag ID="TYPE_26" LABEL="MainZone-Entry-Continued"/>
        <OtherTag ID="TYPE_27" LABEL="MainZone-Sp"/>
        <OtherTag ID="TYPE_28" LABEL="MainZone-Entry"/>
        <OtherTag ID="TYPE_29" LABEL="GraphicZone-Part"/>
        <OtherTag ID="TYPE_30" LABEL="GraphicZone"/>
        <OtherTag ID="TYPE_31" LABEL="MainZone-Sp-Continued"/>
        <OtherTag ID="TYPE_32" LABEL="TableZone"/>
        <OtherTag ID="TYPE_33" LABEL="TitlePageZone-Index"/>
        <OtherTag ID="TYPE_34" LABEL="AdvertisementZone"/>
        <OtherTag ID="TYPE_35" LABEL="MainZone-Date"/>
        <OtherTag ID="TYPE_36" LABEL="FigureZone-FigDesc"/>
        <OtherTag ID="TYPE_37" LABEL="GraphicZone-Head"/>
        <OtherTag ID="TYPE_38" LABEL="MainZone-List"/>
        <OtherTag ID="TYPE_39" LABEL="MainZone-P"/>
        <OtherTag ID="TYPE_40" LABEL="MainZone-Lg-Continued"/>
        <OtherTag ID="TYPE_41" LABEL="FigureZone"/>
        <OtherTag ID="TYPE_42" LABEL="GraphicZone-FigDesc"/>
    </Tags>
    <Layout>
        <Page WIDTH="1078" HEIGHT="1743" PHYSICAL_IMG_NR="0" ID="page_0">
            <PrintSpace HPOS="0" VPOS="0" WIDTH="1078" HEIGHT="1743">
                <TextBlock ID="block_0" HPOS="373" VPOS="59" WIDTH="456" HEIGHT="43" TAGREFS="TYPE_3">
                    <Shape>
                        <Polygon POINTS="373.94329833984375 59.389617919921875 829.9544067382812 59.389617919921875 829.9544067382812 102.87860107421875 373.94329833984375 102.87860107421875 373.94329833984375 59.389617919921875"/>
                    </Shape>
                    <TextLine ID="line_0" HPOS="371" VPOS="51" WIDTH="455" HEIGHT="60" BASELINE="372 91 826 88" TAGREFS="TYPE_1">
                        <Shape>
                            <Polygon POINTS="798 58 788 58 778 58 769 58 759 58 749 58 739 58 730 58 720 58 710 58 701 58 691 58 686 58 681 58 672 58 662 58 652 58 643 58 633 58 623 58 614 58 604 58 594 58 585 58 575 58 565 58 555 58 546 58 536 58 526 58 517 58 507 58 497 58 492 58 489 59 484 60 481 59 478 58 478 58 468 58 464 58 463 59 462 61 416 61 410 58 410 58 400 58 391 58 386 58 371 61 372 91 373 111 402 102 452 110 455 110 456 110 457 110 458 110 472 104 483 109 484 109 485 109 486 109 487 109 500 101 522 101 531 109 532 109 533 109 534 110 588 110 588 109 589 109 594 107 615 100 653 100 662 106 664 108 665 108 666 108 667 108 668 108 675 106 696 100 710 100 716 105 717 106 717 107 718 107 719 107 720 107 737 105 771 100 778 104 782 107 783 107 784 107 785 107 825 103 826 88 824 51 801 51 800 51 800 51 799 51 798 58"/>
                        </Shape>
                        <String CONTENT=""/>
                    </TextLine>
</TextBlock>
                <TextBlock ID="block_4" HPOS="189" VPOS="108" WIDTH="800" HEIGHT="299" TAGREFS="TYPE_17">
                    <Shape>
                        <Polygon POINTS="189.79222106933594 108.58751678466797 989.1182861328125 108.58751678466797 989.1182861328125 407.38006591796875 189.79222106933594 407.38006591796875 189.79222106933594 108.58751678466797"/>
                    </Shape>
                    <TextLine ID="line_1" HPOS="195" VPOS="105" WIDTH="787" HEIGHT="63" BASELINE="196 147 717 142 982 144" TAGREFS="TYPE_1">
                        <Shape>
                            <Polygon POINTS="844 105 834 105 831 105 815 113 814 113 793 113 777 105 776 105 767 105 757 105 748 105 706 111 696 105 689 105 679 105 670 105 660 105 653 105 634 114 614 105 612 105 602 105 592 105 583 105 580 105 564 112 517 110 516 110 515 110 500 115 475 105 466 105 433 115 360 107 359 107 317 111 309 105 308 105 308 105 307 105 277 110 219 105 218 105 217 105 195 115 196 147 197 168 220 159 231 167 232 167 233 167 234 167 313 159 330 166 331 166 332 167 407 167 407 166 408 166 409 166 427 156 471 156 483 165 484 165 485 165 486 166 506 166 506 165 507 165 528 155 648 155 668 164 669 164 670 165 730 165 730 164 731 164 752 154 786 162 787 162 788 162 802 154 829 164 830 164 831 164 831 164 873 159 980 163 982 144 981 113 871 113 848 105 844 105"/>
                        </Shape>
                        <String CONTENT=""/>
                    </TextLine>

                    <TextLine ID="line_2" HPOS="191" VPOS="156" WIDTH="792" HEIGHT="59" BASELINE="192 193 983 191" TAGREFS="TYPE_1">
                        <Shape>
                            <Polygon POINTS="192 193 192 209 585 215 586 215 611 214 612 214 613 214 622 208 623 207 630 208 675 214 676 214 763 207 771 207 773 207 796 214 797 214 798 214 799 214 816 207 817 207 836 214 837 214 838 215 899 215 899 214 900 214 922 207 982 207 983 191 981 160 924 156 923 156 922 156 921 156 916 160 912 163 894 160 881 158 880 158 879 158 871 160 860 164 849 160 840 157 839 157 838 157 837 157 830 161 822 165 772 165 766 161 758 157 757 157 756 157 755 157 746 161 740 165 657 165 651 162 640 156 639 156 587 156 586 156 560 157 559 157 549 162 544 165 530 163 505 158 504 158 503 158 486 163 478 165 475 163 468 157 467 157 466 157 442 157 441 157 402 163 391 165 388 163 378 157 377 157 376 157 375 157 339 163 296 157 295 157 294 157 293 157 284 164 282 166 251 166 246 164 212 157 211 157 210 157 191 163 192 193"/>
                        </Shape>
                        <String CONTENT=""/>
                    </TextLine>

                    <TextLine ID="line_3" HPOS="192" VPOS="205" WIDTH="793" HEIGHT="55" BASELINE="192 243 985 243" TAGREFS="TYPE_1">
                        <Shape>
                            <Polygon POINTS="192 243 192 250 225 259 226 260 327 260 327 259 328 259 338 254 356 259 357 259 358 259 359 259 374 252 375 252 376 253 389 259 390 259 391 259 392 259 408 253 409 253 410 253 439 259 440 259 441 259 455 253 459 252 483 252 487 254 493 259 494 259 495 259 496 259 497 259 512 254 520 252 542 254 574 258 575 258 576 258 582 255 589 251 609 255 618 257 619 257 620 257 621 257 623 255 632 251 678 251 691 256 700 259 701 259 702 259 703 259 709 256 720 252 739 257 751 259 752 259 753 259 761 257 782 251 801 257 806 259 807 259 808 259 817 258 852 251 886 256 887 256 949 251 961 259 962 259 963 259 964 260 985 260 985 243 984 205 953 210 928 205 927 205 926 205 925 205 893 214 839 205 834 205 833 205 832 205 831 205 799 214 762 206 757 205 721 205 720 205 719 205 718 205 717 206 708 212 675 209 674 209 673 209 672 209 665 214 579 214 561 207 560 207 559 207 558 207 532 214 521 207 519 205 518 205 517 205 516 205 455 207 448 208 447 208 435 214 416 209 415 209 414 209 413 209 412 209 405 214 299 214 287 208 281 205 280 205 279 205 278 205 268 208 248 214 192 209 192 243"/>
                        </Shape>
                        <String CONTENT=""/>
                    </TextLine>

                    <TextLine ID="line_4" HPOS="191" VPOS="254" WIDTH="790" HEIGHT="56" BASELINE="192 292 981 290" TAGREFS="TYPE_1">
                        <Shape>
                            <Polygon POINTS="192 292 193 310 220 302 290 302 327 309 328 309 329 309 346 303 370 309 371 309 372 310 442 310 442 309 443 309 462 303 519 307 520 307 521 307 533 301 585 301 611 307 612 307 613 307 614 307 630 301 665 308 667 308 668 309 760 309 760 308 761 308 762 308 774 301 800 307 801 307 802 307 803 307 818 301 845 307 849 308 850 308 851 308 863 307 926 301 979 306 981 290 979 264 958 259 957 259 866 264 860 264 843 254 842 254 841 254 813 254 812 254 811 254 810 254 797 264 796 264 728 258 727 258 697 264 677 254 676 254 627 254 626 254 625 254 600 261 539 255 538 255 537 255 536 255 523 265 492 258 491 258 490 258 475 266 418 266 404 255 403 255 402 255 381 255 380 255 379 255 378 255 367 265 331 265 319 255 318 255 317 255 296 255 295 255 294 255 255 265 219 258 218 258 217 258 191 266 192 292"/>
                        </Shape>
                        <String CONTENT=""/>
                    </TextLine>

                    <TextLine ID="line_5" HPOS="194" VPOS="303" WIDTH="786" HEIGHT="63" BASELINE="195 342 980 337" TAGREFS="TYPE_1">
                        <Shape>
                            <Polygon POINTS="195 342 197 366 226 350 271 350 309 364 312 365 313 365 314 365 315 365 318 364 349 350 406 358 407 358 441 350 481 360 507 366 508 366 580 365 581 365 582 365 593 357 609 348 646 349 654 355 659 359 660 359 661 359 662 359 663 359 677 355 701 347 755 347 770 353 773 354 774 354 775 354 776 354 779 352 788 347 794 352 798 355 799 355 800 355 800 355 829 352 845 363 846 363 847 363 848 364 943 364 943 363 944 363 980 347 980 337 979 313 938 303 937 303 936 303 935 303 934 303 922 313 803 313 792 304 791 304 790 304 761 304 760 304 759 304 741 311 730 307 729 307 728 307 672 313 658 315 585 315 583 313 571 305 570 305 569 305 568 305 475 305 474 305 473 305 463 313 451 309 450 309 449 309 448 309 436 313 433 314 426 313 380 307 379 307 378 307 355 313 348 315 345 313 332 306 331 306 330 306 289 313 273 316 194 314 195 342"/>
                        </Shape>
                        <String CONTENT=""/>
                    </TextLine>

                    <TextLine ID="line_6" HPOS="191" VPOS="352" WIDTH="647" HEIGHT="71" BASELINE="192 390 838 388" TAGREFS="TYPE_1">
                        <Shape>
                            <Polygon POINTS="192 390 192 405 246 405 248 406 268 420 269 420 270 420 271 420 299 417 308 423 308 423 309 423 310 423 311 423 312 423 318 418 332 423 333 423 334 423 335 423 347 418 429 423 430 423 431 423 431 423 441 415 450 422 451 422 452 422 453 422 567 417 648 422 649 422 650 422 674 409 692 417 693 417 694 417 695 417 696 417 708 407 712 404 836 407 838 388 837 364 815 352 814 352 790 352 789 352 788 352 787 352 774 364 713 364 689 352 688 352 669 352 668 352 667 352 666 352 651 363 622 363 588 352 587 352 586 352 585 352 585 352 570 362 526 359 525 359 524 359 509 364 466 364 456 354 456 353 455 353 454 353 453 353 408 363 392 353 391 353 390 353 357 353 356 353 355 353 354 353 339 364 321 358 320 358 319 358 318 358 306 365 247 365 235 353 234 353 233 353 210 353 209 353 208 353 207 353 191 362 192 390"/>
                        </Shape>
                        <String CONTENT=""/>
                    </TextLine>
</TextBlock>
                <TextBlock ID="block_2" HPOS="239" VPOS="416" WIDTH="647" HEIGHT="60" TAGREFS="TYPE_11">
                    <Shape>
                        <Polygon POINTS="239.39410400390625 416.92059326171875 886.5409545898438 416.92059326171875 886.5409545898438 476.2745056152344 239.39410400390625 476.2745056152344 239.39410400390625 416.92059326171875"/>
                    </Shape>
                    <TextLine ID="line_7" HPOS="254" VPOS="414" WIDTH="628" HEIGHT="60" BASELINE="255 458 882 456" TAGREFS="TYPE_1">
                        <Shape>
                            <Polygon POINTS="255 458 255 468 287 474 288 474 314 469 319 468 322 469 333 473 334 473 335 473 359 469 367 468 370 469 381 474 382 474 383 474 411 469 422 468 502 470 612 473 613 473 633 471 668 467 690 471 700 473 701 473 718 471 763 467 880 472 882 456 880 425 864 425 864 424 851 414 850 414 849 414 822 414 821 414 820 414 819 414 805 424 803 424 751 414 750 414 749 414 748 414 736 423 734 424 681 424 681 423 672 415 672 414 671 414 670 414 622 414 621 414 620 414 619 414 606 423 602 425 566 426 482 426 472 422 455 415 454 415 453 415 409 421 395 423 376 421 351 418 350 418 349 418 342 421 333 425 322 421 313 417 312 417 311 417 310 417 300 420 291 423 281 420 263 415 262 415 261 415 260 415 259 415 254 417 255 458"/>
                        </Shape>
                        <String CONTENT=""/>
                    </TextLine>
</TextBlock>
                <TextBlock ID="block_6" HPOS="188" VPOS="474" WIDTH="803" HEIGHT="295" TAGREFS="TYPE_39">
                    <Shape>
                        <Polygon POINTS="188.45767211914062 474.3082275390625 991.7261352539062 474.3082275390625 991.7261352539062 769.1234130859375 188.45767211914062 769.1234130859375 188.45767211914062 474.3082275390625"/>
                    </Shape>
                    <TextLine ID="line_8" HPOS="280" VPOS="468" WIDTH="702" HEIGHT="57" BASELINE="281 508 982 505" TAGREFS="TYPE_1">
                        <Shape>
                            <Polygon POINTS="281 508 281 523 306 519 329 523 338 525 339 525 340 525 345 523 355 519 403 523 410 523 411 523 412 523 413 523 423 519 478 519 495 523 505 525 506 525 507 525 508 525 518 522 537 518 588 522 610 524 611 524 612 524 616 522 624 518 633 522 637 524 638 524 639 525 693 525 693 524 694 524 699 522 707 519 722 522 735 524 736 524 830 523 831 523 835 521 843 519 862 521 875 523 876 523 877 523 878 523 880 521 885 519 980 520 982 505 980 478 938 468 882 468 881 468 880 468 859 478 858 479 729 479 727 478 717 474 716 474 715 474 682 478 676 479 673 478 652 470 651 470 650 470 649 470 622 479 619 480 560 480 557 479 523 469 522 469 521 469 520 469 519 469 507 479 505 481 457 481 454 479 444 472 443 472 442 472 441 472 440 472 426 478 403 470 402 470 401 470 400 470 372 479 369 481 353 481 351 479 340 470 339 470 338 470 338 470 289 471 288 471 287 471 280 476 281 508"/>
                        </Shape>
                        <String CONTENT=""/>
                    </TextLine>

                    <TextLine ID="line_9" HPOS="190" VPOS="517" WIDTH="795" HEIGHT="58" BASELINE="191 558 985 555" TAGREFS="TYPE_1">
                        <Shape>
                            <Polygon POINTS="191 558 191 569 258 568 261 569 271 574 272 574 273 574 314 569 327 568 331 569 343 574 344 574 345 575 392 575 392 574 420 569 427 568 432 569 454 574 455 574 495 569 510 567 515 569 524 573 525 573 526 573 527 573 539 569 543 567 546 569 554 573 555 573 556 573 586 569 598 567 612 568 648 573 649 573 698 568 712 567 721 568 739 571 739 571 740 571 741 571 745 568 748 566 769 568 805 572 806 573 853 573 853 572 854 572 855 572 860 568 862 566 874 568 901 572 902 572 921 568 929 566 983 567 985 555 984 527 956 517 955 517 859 517 858 517 857 517 856 517 842 527 814 527 794 517 793 517 769 517 768 517 767 517 766 517 753 524 739 518 738 518 737 518 736 518 717 527 716 527 684 519 683 519 682 519 681 519 680 519 670 526 639 518 638 518 564 518 563 518 562 518 561 518 549 527 548 527 546 527 482 522 481 522 480 522 461 527 440 519 439 519 413 519 412 519 411 519 387 527 384 528 377 527 347 523 346 523 345 523 332 527 329 528 190 528 191 558"/>
                        </Shape>
                        <String CONTENT=""/>
                    </TextLine>

                    <TextLine ID="line_10" HPOS="187" VPOS="567" WIDTH="800" HEIGHT="59" BASELINE="187 607 987 607" TAGREFS="TYPE_1">
                        <Shape>
                            <Polygon POINTS="187 607 187 618 269 618 272 619 293 625 294 625 295 626 320 626 320 625 321 625 322 625 330 619 331 618 332 619 341 623 342 623 343 623 397 619 410 618 412 619 425 625 426 625 427 625 562 619 592 618 599 619 620 623 621 623 622 623 630 619 638 625 639 625 640 625 641 625 666 619 673 618 687 619 746 625 747 626 826 626 826 625 827 625 836 619 839 618 847 619 877 625 878 625 879 625 900 619 907 618 986 619 987 607 987 567 925 567 924 567 924 567 909 575 891 567 890 567 889 567 888 567 884 567 854 572 825 568 819 567 818 567 817 567 816 567 816 568 802 578 740 578 723 568 720 567 719 567 695 567 694 567 693 567 692 567 690 568 677 577 654 569 649 567 648 567 625 567 624 567 623 567 619 569 603 577 580 569 573 567 572 567 571 567 570 567 563 569 541 577 504 572 503 572 465 577 451 570 445 567 444 567 401 567 400 567 400 567 391 570 372 578 275 578 259 571 249 567 248 567 247 567 187 571 187 607"/>
                        </Shape>
                        <String CONTENT=""/>
                    </TextLine>

                    <TextLine ID="line_11" HPOS="190" VPOS="617" WIDTH="794" HEIGHT="55" BASELINE="190 656 984 656" TAGREFS="TYPE_1">
                        <Shape>
                            <Polygon POINTS="190 656 190 667 983 672 984 656 984 620 856 617 855 617 824 621 782 627 755 622 739 619 739 619 738 619 730 622 725 624 720 622 708 617 707 617 706 617 705 617 704 617 697 622 689 628 658 628 631 623 590 617 589 617 553 624 534 627 500 624 469 622 468 622 467 622 466 622 462 625 459 628 384 628 377 626 347 617 346 617 345 617 344 617 321 626 318 627 310 626 264 620 263 620 262 620 261 620 256 624 248 618 247 618 246 618 246 618 245 618 228 627 227 628 190 628 190 656"/>
                        </Shape>
                        <String CONTENT=""/>
                    </TextLine>

                    <TextLine ID="line_12" HPOS="193" VPOS="667" WIDTH="789" HEIGHT="59" BASELINE="194 704 982 703" TAGREFS="TYPE_1">
                        <Shape>
                            <Polygon POINTS="194 704 194 726 262 716 296 724 297 724 298 724 312 716 381 716 397 722 398 722 399 722 462 720 469 723 473 725 474 725 475 726 516 726 516 725 517 725 518 725 521 723 530 716 544 722 550 725 551 725 552 726 587 726 587 725 588 725 589 725 593 722 599 717 605 722 608 724 609 724 610 724 611 725 670 725 670 724 671 724 677 721 688 715 706 721 716 724 717 724 718 725 739 725 739 724 740 724 741 724 746 720 755 715 812 715 819 719 819 720 820 720 821 720 822 720 827 719 845 715 850 719 856 724 857 724 858 724 859 724 860 724 873 719 884 715 897 718 904 720 905 720 906 720 981 717 982 703 981 675 954 667 953 667 917 667 916 667 915 667 914 667 904 674 890 667 889 667 828 667 827 667 826 667 825 667 815 672 770 668 770 668 769 668 751 675 714 675 700 668 699 668 698 668 697 668 696 668 686 674 643 667 642 667 641 667 640 667 629 674 595 675 586 675 581 675 498 671 497 671 469 675 468 675 467 675 428 668 427 668 426 668 425 668 414 674 373 675 370 675 369 675 359 668 358 668 357 668 307 668 306 668 305 668 285 674 193 675 194 704"/>
                        </Shape>
                        <String CONTENT=""/>
                    </TextLine>

                    <TextLine ID="line_13" HPOS="188" VPOS="726" WIDTH="674" HEIGHT="45" BASELINE="189 753 862 751" TAGREFS="TYPE_1">
                        <Shape>
                            <Polygon POINTS="702 747 692 747 682 747 673 747 663 747 653 747 644 747 634 747 624 747 615 747 605 747 595 747 585 747 576 747 566 747 556 747 547 747 537 747 527 747 518 747 508 747 498 747 489 747 479 747 469 747 460 747 450 747 440 747 431 747 421 747 411 747 401 747 392 747 382 747 372 747 363 747 353 747 343 747 334 747 324 747 314 747 305 747 295 747 285 747 276 747 266 747 256 747 246 747 237 747 227 747 223 733 219 731 215 727 214 727 213 727 212 727 188 730 189 753 189 763 199 763 200 763 208 769 208 770 209 770 210 770 211 770 212 770 213 770 224 763 225 763 226 763 246 770 246 770 247 771 328 771 328 770 372 764 389 770 390 770 391 770 392 770 408 763 409 763 432 763 433 763 445 770 446 770 447 770 448 771 492 771 492 770 492 770 493 770 493 769 502 763 521 766 522 766 523 766 533 763 537 762 582 762 583 763 591 769 592 769 593 769 594 769 681 764 717 769 718 769 750 763 755 762 765 763 832 768 833 768 862 762 862 751 861 732 718 726 717 726 716 726 706 731 705 731 702 747"/>
                        </Shape>
                        <String CONTENT=""/>
                    </TextLine>
</TextBlock>
                <TextBlock ID="block_3" HPOS="233" VPOS="771" WIDTH="501" HEIGHT="59" TAGREFS="TYPE_11">
                    <Shape>
                        <Polygon POINTS="233.44483947753906 771.6533203125 734.5189208984375 771.6533203125 734.5189208984375 830.3677978515625 233.44483947753906 830.3677978515625 233.44483947753906 771.6533203125"/>
                    </Shape>
                    <TextLine ID="line_14" HPOS="246" VPOS="806" WIDTH="481" HEIGHT="26" BASELINE="246 810 727 807" TAGREFS="TYPE_1">
                        <Shape>
                            <Polygon POINTS="720 806 710 806 701 806 691 806 681 806 672 806 662 806 652 806 643 806 633 806 623 806 614 806 604 806 594 806 585 806 575 806 565 806 555 806 546 806 536 806 526 806 517 806 507 806 497 806 488 806 478 806 468 806 459 806 449 806 439 806 430 806 420 806 410 806 400 806 391 806 381 806 371 806 362 806 352 806 342 806 333 806 323 806 313 806 304 806 294 806 284 806 275 806 265 806 255 806 246 806 246 810 246 823 263 823 274 831 275 831 276 831 277 832 298 832 298 831 299 831 300 831 300 830 308 823 308 823 316 824 402 831 403 831 404 831 417 825 424 822 440 822 444 825 449 828 449 829 450 829 451 829 452 829 494 825 537 822 543 826 546 828 546 829 547 829 548 829 565 830 566 830 567 830 568 830 568 829 571 826 577 821 586 821 593 827 595 828 595 829 596 829 597 829 598 829 599 829 604 827 616 822 652 827 664 829 665 829 666 829 670 828 686 821 697 828 698 829 699 829 700 829 701 829 727 828 727 807 726 806 720 806"/>
                        </Shape>
                        <String CONTENT=""/>
                    </TextLine>
</TextBlock>
                <TextBlock ID="block_7" HPOS="186" VPOS="832" WIDTH="813" HEIGHT="700" TAGREFS="TYPE_39">
                    <Shape>
                        <Polygon POINTS="186.4326934814453 832.5697631835938 999.0044555664062 832.5697631835938 999.0044555664062 1532.7158203125 186.4326934814453 1532.7158203125 186.4326934814453 832.5697631835938"/>
                    </Shape>
                    <TextLine ID="line_15" HPOS="280" VPOS="830" WIDTH="705" HEIGHT="60" BASELINE="281 869 985 867" TAGREFS="TYPE_1">
                        <Shape>
                            <Polygon POINTS="281 869 281 882 308 889 309 889 310 890 385 890 385 889 386 889 387 889 392 886 396 889 397 889 398 889 399 889 435 885 471 889 472 889 473 889 474 889 482 884 511 887 512 887 513 887 525 883 527 883 532 883 559 887 560 887 589 884 596 883 598 884 609 889 610 889 611 889 643 884 655 882 706 882 709 884 720 888 721 888 722 888 723 888 739 884 749 882 774 885 817 888 818 888 819 888 833 885 845 882 867 885 897 888 898 888 985 885 985 867 983 840 943 840 942 839 928 830 927 830 926 830 925 830 924 830 913 836 904 830 903 830 902 830 901 830 900 830 885 838 883 839 880 838 857 831 856 831 855 831 813 837 800 839 793 837 770 830 769 830 768 830 767 830 753 837 747 840 644 840 633 835 619 830 618 830 585 830 585 830 584 830 583 830 578 834 571 841 551 841 540 834 535 830 534 830 533 830 532 830 502 833 462 838 441 833 431 830 430 830 429 830 428 830 420 832 396 840 373 832 369 830 368 830 367 830 366 830 360 832 339 838 320 831 317 830 316 830 315 830 280 830 281 869"/>
                        </Shape>
                        <String CONTENT=""/>
                    </TextLine>

                    <TextLine ID="line_16" HPOS="188" VPOS="881" WIDTH="793" HEIGHT="58" BASELINE="189 917 981 919" TAGREFS="TYPE_1">
                        <Shape>
                            <Polygon POINTS="189 917 188 928 279 938 280 939 403 939 403 938 404 938 419 932 426 929 459 932 497 936 498 936 499 936 505 933 513 929 522 933 533 938 534 938 535 938 555 933 558 933 562 934 585 939 586 939 587 939 588 939 595 934 598 932 602 934 610 938 611 938 661 939 662 939 663 939 664 939 670 935 674 933 684 935 693 937 694 937 708 936 752 930 769 936 775 939 776 939 777 939 778 939 783 937 798 930 883 930 915 938 918 939 919 939 920 939 921 939 923 939 952 930 978 939 981 919 980 885 942 882 941 882 940 882 934 884 920 890 896 884 888 882 887 882 886 882 875 884 862 886 838 884 818 882 817 882 816 882 808 884 782 890 759 886 758 886 697 890 674 884 673 884 672 884 671 884 629 890 610 884 605 882 604 882 553 881 552 881 551 881 545 883 529 890 439 890 409 883 407 883 406 883 405 883 404 883 387 890 305 890 271 883 261 881 260 881 259 881 253 883 232 889 223 883 221 881 220 881 219 881 218 881 189 882 189 917"/>
                        </Shape>
                        <String CONTENT=""/>
                    </TextLine>

                    <TextLine ID="line_17" HPOS="188" VPOS="929" WIDTH="791" HEIGHT="59" BASELINE="189 968 979 965" TAGREFS="TYPE_1">
                        <Shape>
                            <Polygon POINTS="189 968 189 979 218 979 222 980 254 988 255 988 256 988 320 980 325 980 329 980 369 987 370 987 371 987 385 980 389 979 409 979 413 981 427 988 428 988 429 988 507 987 508 987 523 981 532 978 547 981 563 985 564 985 606 982 648 978 655 982 662 987 663 987 664 987 665 987 726 986 727 986 739 982 756 978 977 983 979 965 978 939 951 929 950 929 949 929 948 929 931 935 898 929 897 929 896 929 876 938 817 931 816 931 773 938 734 929 733 929 732 929 712 940 653 940 641 930 640 930 639 930 638 930 583 935 553 930 552 930 551 930 535 938 525 930 524 930 523 930 475 930 474 930 473 930 450 941 367 941 331 931 330 931 329 931 328 931 327 931 315 941 278 941 261 931 260 931 259 931 226 937 214 931 213 931 212 931 211 931 188 940 189 968"/>
                        </Shape>
                        <String CONTENT=""/>
                    </TextLine>

                    <TextLine ID="line_18" HPOS="187" VPOS="978" WIDTH="796" HEIGHT="59" BASELINE="188 1017 983 1016" TAGREFS="TYPE_1">
                        <Shape>
                            <Polygon POINTS="188 1017 188 1028 230 1033 231 1033 232 1033 248 1029 251 1028 252 1029 260 1034 261 1034 262 1034 263 1034 289 1029 299 1034 300 1034 301 1034 302 1034 319 1029 323 1028 328 1029 360 1036 361 1036 362 1036 385 1029 390 1028 398 1029 437 1036 438 1037 505 1037 505 1036 506 1036 519 1030 551 1034 552 1034 553 1034 564 1029 569 1028 576 1029 603 1036 604 1036 668 1031 795 1036 796 1036 797 1036 817 1030 825 1028 829 1030 832 1033 833 1033 834 1033 835 1033 836 1033 842 1030 846 1028 981 1030 983 1016 981 989 924 985 913 978 912 978 911 978 910 978 865 987 864 987 862 987 830 978 829 978 828 978 827 978 803 986 798 988 740 986 588 978 587 978 586 978 573 983 560 988 493 982 473 981 472 981 471 981 470 981 469 982 461 989 378 989 365 981 361 978 360 978 359 978 310 978 309 978 308 978 305 980 288 989 246 989 187 979 188 1017"/>
                        </Shape>
                        <String CONTENT=""/>
                    </TextLine>

                    <TextLine ID="line_19" HPOS="187" VPOS="1029" WIDTH="792" HEIGHT="56" BASELINE="187 1066 979 1066" TAGREFS="TYPE_1">
                        <Shape>
                            <Polygon POINTS="187 1066 187 1085 321 1085 321 1084 322 1084 325 1083 338 1076 361 1083 363 1083 364 1083 365 1083 369 1082 400 1076 409 1082 411 1084 412 1084 413 1084 414 1084 517 1083 518 1083 523 1081 532 1076 569 1076 576 1080 581 1084 582 1084 583 1084 584 1084 616 1080 645 1076 684 1076 695 1079 714 1084 715 1084 716 1085 746 1085 746 1084 747 1084 761 1078 765 1076 768 1078 777 1084 778 1084 779 1084 780 1084 823 1078 874 1083 875 1083 907 1076 910 1076 912 1076 937 1083 938 1083 939 1083 979 1075 979 1066 979 1037 955 1029 954 1029 954 1029 924 1036 881 1031 880 1031 879 1031 867 1037 866 1037 830 1029 794 1029 793 1029 792 1029 774 1036 772 1038 649 1038 646 1036 642 1031 641 1031 640 1031 639 1031 638 1031 622 1035 602 1029 601 1029 600 1029 573 1035 563 1037 555 1035 535 1029 534 1029 463 1029 462 1029 462 1029 452 1034 449 1036 446 1034 439 1029 438 1029 437 1029 411 1029 410 1029 409 1029 408 1029 402 1034 398 1037 187 1033 187 1066"/>
                        </Shape>
                        <String CONTENT=""/>
                    </TextLine>

                    <TextLine ID="line_20" HPOS="191" VPOS="1075" WIDTH="796" HEIGHT="58" BASELINE="192 1116 532 1111 987 1114" TAGREFS="TYPE_1">
                        <Shape>
                            <Polygon POINTS="192 1116 192 1126 208 1132 209 1132 210 1132 256 1128 289 1131 290 1131 291 1131 292 1131 299 1127 301 1126 313 1127 367 1132 368 1132 418 1128 423 1128 431 1128 499 1131 500 1131 501 1131 502 1131 506 1129 510 1126 548 1129 575 1131 576 1131 577 1131 580 1129 585 1127 593 1129 607 1132 608 1132 609 1132 627 1130 647 1126 702 1130 716 1131 717 1131 731 1130 796 1126 827 1131 838 1132 839 1133 894 1133 894 1132 895 1132 896 1132 897 1131 907 1126 916 1131 917 1132 918 1132 919 1132 920 1132 986 1131 987 1114 986 1082 925 1075 924 1075 924 1075 923 1075 913 1082 909 1085 863 1085 859 1082 843 1075 842 1075 812 1075 811 1075 810 1075 809 1075 799 1082 794 1085 703 1085 697 1082 677 1075 676 1075 645 1075 644 1075 643 1075 621 1083 619 1083 616 1083 581 1075 525 1075 524 1075 523 1075 501 1083 497 1085 420 1085 418 1083 413 1079 412 1079 411 1079 410 1079 361 1083 360 1083 349 1075 348 1075 347 1075 322 1075 321 1075 320 1075 288 1083 285 1084 284 1084 274 1075 273 1075 272 1075 214 1075 213 1075 212 1075 191 1083 192 1116"/>
                        </Shape>
                        <String CONTENT=""/>
                    </TextLine>

                    <TextLine ID="line_21" HPOS="187" VPOS="1124" WIDTH="798" HEIGHT="58" BASELINE="188 1162 688 1160 985 1165" TAGREFS="TYPE_1">
                        <Shape>
                            <Polygon POINTS="188 1162 187 1176 302 1181 303 1181 341 1177 378 1174 390 1178 394 1179 395 1179 396 1179 397 1179 400 1178 422 1171 484 1173 496 1178 504 1181 505 1181 506 1181 507 1181 512 1179 517 1176 552 1179 581 1181 582 1181 583 1181 587 1179 607 1171 810 1171 828 1180 829 1180 830 1180 853 1175 862 1181 862 1181 863 1181 864 1182 984 1182 985 1165 983 1131 858 1133 853 1131 839 1124 838 1124 819 1124 818 1124 817 1124 816 1124 807 1131 803 1133 795 1131 780 1127 779 1127 778 1127 777 1127 770 1131 764 1134 739 1134 735 1131 724 1124 723 1124 722 1124 721 1124 678 1126 677 1126 677 1126 670 1131 668 1131 662 1131 626 1124 625 1124 624 1124 601 1131 597 1131 594 1131 579 1124 578 1124 577 1124 462 1125 433 1131 418 1133 412 1131 405 1127 404 1127 403 1127 402 1127 396 1131 389 1134 353 1134 347 1131 340 1125 339 1125 338 1125 338 1125 337 1125 320 1131 309 1133 188 1131 188 1162"/>
                        </Shape>
                        <String CONTENT=""/>
                    </TextLine>

                    <TextLine ID="line_22" HPOS="187" VPOS="1171" WIDTH="798" HEIGHT="62" BASELINE="187 1213 379 1208 666 1208 985 1215" TAGREFS="TYPE_1">
                        <Shape>
                            <Polygon POINTS="187 1213 187 1229 294 1229 294 1228 295 1228 337 1222 363 1228 367 1229 368 1229 369 1229 393 1228 479 1223 492 1228 497 1230 498 1230 499 1230 521 1228 557 1223 568 1228 574 1230 575 1230 576 1230 577 1230 578 1230 581 1227 587 1223 617 1227 639 1231 640 1231 660 1227 682 1223 698 1223 704 1227 708 1231 709 1231 710 1231 711 1231 712 1231 722 1227 732 1223 809 1223 816 1227 823 1232 824 1232 825 1232 826 1233 869 1233 869 1232 870 1232 887 1227 893 1225 898 1227 913 1232 914 1232 915 1232 916 1232 928 1227 933 1225 937 1227 953 1232 954 1232 954 1232 984 1226 985 1215 983 1180 932 1183 923 1179 912 1174 911 1174 910 1174 909 1174 894 1179 879 1184 820 1184 801 1178 785 1173 784 1173 783 1173 782 1173 781 1173 776 1177 770 1183 701 1183 688 1177 680 1173 679 1173 612 1172 611 1172 610 1172 601 1176 590 1181 581 1175 574 1172 573 1172 572 1172 505 1175 426 1178 408 1174 396 1171 395 1171 394 1171 388 1174 377 1179 366 1173 361 1171 360 1171 332 1171 331 1171 330 1171 329 1171 326 1173 314 1181 292 1181 187 1172 187 1213"/>
                        </Shape>
                        <String CONTENT=""/>
                    </TextLine>

                    <TextLine ID="line_23" HPOS="185" VPOS="1220" WIDTH="798" HEIGHT="63" BASELINE="185 1262 403 1257 983 1261" TAGREFS="TYPE_1">
                        <Shape>
                            <Polygon POINTS="185 1262 185 1277 223 1275 232 1277 241 1280 242 1280 243 1280 244 1280 249 1277 253 1275 276 1277 288 1278 289 1278 290 1278 291 1278 292 1277 300 1272 310 1277 311 1277 312 1277 313 1277 317 1277 351 1272 358 1277 359 1277 360 1277 361 1277 372 1277 420 1273 427 1276 436 1281 437 1281 438 1281 478 1276 488 1275 492 1276 509 1281 510 1281 511 1281 563 1276 581 1274 590 1275 619 1281 620 1281 621 1281 635 1275 638 1274 639 1275 646 1281 647 1281 648 1281 649 1281 650 1281 663 1277 733 1282 734 1282 735 1282 736 1282 744 1275 746 1274 767 1274 768 1274 783 1282 784 1282 785 1283 841 1283 841 1282 893 1274 893 1274 903 1280 904 1280 905 1280 906 1280 907 1280 921 1275 948 1282 949 1282 950 1282 951 1282 982 1273 983 1261 982 1233 814 1233 813 1232 800 1222 799 1222 798 1222 797 1222 745 1229 725 1222 724 1222 723 1222 722 1222 721 1222 713 1227 707 1223 706 1223 705 1223 668 1221 667 1221 591 1230 515 1221 514 1221 513 1221 512 1221 494 1231 493 1232 458 1232 458 1231 422 1221 421 1221 420 1221 380 1228 333 1220 332 1220 292 1222 291 1222 276 1229 259 1222 258 1222 212 1222 211 1222 210 1222 185 1229 185 1262"/>
                        </Shape>
                        <String CONTENT=""/>
                    </TextLine>

                    <TextLine ID="line_24" HPOS="187" VPOS="1269" WIDTH="796" HEIGHT="62" BASELINE="188 1309 545 1307 983 1312" TAGREFS="TYPE_1">
                        <Shape>
                            <Polygon POINTS="188 1309 187 1318 208 1325 209 1325 210 1325 211 1325 224 1320 240 1328 241 1328 242 1328 243 1328 275 1319 276 1319 331 1319 333 1319 364 1328 365 1328 366 1328 367 1328 386 1323 395 1327 396 1327 397 1327 398 1327 399 1327 408 1320 413 1320 502 1320 505 1320 559 1330 560 1331 665 1331 665 1330 666 1330 682 1321 683 1321 716 1330 717 1330 718 1330 760 1321 763 1321 765 1321 785 1330 786 1330 954 1331 955 1331 956 1331 957 1331 968 1322 970 1322 981 1322 983 1312 983 1279 967 1272 966 1272 965 1272 964 1272 944 1277 911 1272 910 1272 909 1272 891 1279 879 1284 824 1284 816 1279 810 1275 809 1275 808 1275 807 1275 806 1275 796 1279 785 1283 733 1279 714 1278 713 1278 703 1279 678 1282 672 1279 662 1275 661 1275 660 1275 659 1275 645 1279 634 1282 614 1279 584 1275 583 1275 553 1279 539 1281 529 1279 510 1275 509 1275 508 1275 492 1279 489 1280 488 1279 476 1270 475 1270 474 1270 473 1270 472 1270 444 1278 428 1270 427 1270 277 1269 276 1269 275 1269 252 1279 250 1280 188 1280 188 1309"/>
                        </Shape>
                        <String CONTENT=""/>
                    </TextLine>

                    <TextLine ID="line_25" HPOS="184" VPOS="1320" WIDTH="793" HEIGHT="61" BASELINE="184 1357 977 1359" TAGREFS="TYPE_1">
                        <Shape>
                            <Polygon POINTS="184 1357 184 1375 210 1371 257 1375 308 1379 308 1379 309 1379 319 1375 328 1371 336 1375 343 1378 344 1378 371 1379 372 1379 397 1375 418 1371 475 1371 483 1375 486 1376 487 1376 488 1376 489 1376 490 1376 497 1375 514 1371 529 1375 551 1379 605 1380 606 1380 607 1380 618 1376 633 1380 634 1380 635 1380 695 1375 723 1372 730 1375 744 1380 745 1380 746 1380 778 1375 792 1372 796 1375 804 1380 805 1380 806 1380 807 1381 847 1381 847 1380 848 1380 849 1380 857 1374 861 1372 879 1372 884 1374 894 1380 895 1380 896 1380 897 1381 954 1381 954 1380 954 1380 976 1374 977 1359 976 1333 933 1333 932 1332 920 1322 919 1322 918 1322 917 1322 867 1331 858 1333 831 1333 828 1330 816 1322 815 1322 814 1322 767 1322 766 1322 765 1322 764 1322 755 1329 750 1332 706 1328 689 1327 688 1327 677 1328 634 1331 618 1327 609 1324 608 1324 607 1324 606 1324 599 1326 588 1331 521 1331 513 1325 508 1321 507 1321 506 1321 443 1321 442 1321 441 1321 434 1324 421 1330 379 1331 355 1324 354 1324 353 1324 352 1324 330 1331 259 1326 258 1326 257 1326 247 1331 184 1320 184 1357"/>
                        </Shape>
                        <String CONTENT=""/>
                    </TextLine>

                    <TextLine ID="line_26" HPOS="184" VPOS="1368" WIDTH="786" HEIGHT="64" BASELINE="184 1406 970 1410" TAGREFS="TYPE_1">
                        <Shape>
                            <Polygon POINTS="184 1406 184 1413 219 1427 220 1427 221 1428 285 1428 285 1427 286 1427 315 1417 329 1423 330 1423 331 1423 332 1423 345 1417 347 1416 350 1417 359 1421 360 1421 361 1421 380 1418 392 1416 398 1418 410 1424 411 1424 412 1424 440 1419 460 1416 473 1420 480 1422 481 1422 482 1422 483 1422 484 1422 486 1420 492 1416 499 1421 513 1429 514 1429 515 1429 516 1430 605 1430 605 1429 606 1429 618 1423 628 1419 635 1424 640 1428 641 1428 642 1428 643 1428 644 1428 655 1424 676 1418 789 1418 813 1428 819 1430 820 1430 821 1430 822 1430 827 1428 831 1426 833 1428 836 1431 837 1431 838 1431 839 1432 886 1432 886 1431 887 1431 888 1431 889 1430 902 1420 968 1431 970 1410 969 1381 916 1381 913 1380 886 1372 885 1372 884 1372 835 1378 833 1378 832 1378 813 1373 812 1373 811 1373 752 1377 731 1378 720 1376 690 1371 689 1371 663 1376 662 1376 654 1370 653 1370 652 1370 651 1370 650 1370 635 1376 625 1378 584 1375 574 1374 573 1374 572 1374 571 1374 562 1378 554 1374 546 1370 545 1370 514 1370 513 1370 512 1370 511 1370 507 1373 498 1378 452 1378 441 1372 437 1369 436 1369 435 1369 434 1369 407 1371 343 1377 329 1370 325 1368 324 1368 323 1368 322 1368 318 1370 305 1377 243 1377 225 1368 224 1368 223 1368 184 1368 184 1406"/>
                        </Shape>
                        <String CONTENT=""/>
                    </TextLine>

                    <TextLine ID="line_27" HPOS="184" VPOS="1420" WIDTH="789" HEIGHT="56" BASELINE="185 1455 973 1458" TAGREFS="TYPE_1">
                        <Shape>
                            <Polygon POINTS="185 1455 184 1466 199 1474 200 1474 201 1474 202 1474 236 1467 258 1474 259 1474 260 1475 294 1475 294 1474 295 1474 296 1474 308 1467 324 1474 325 1474 326 1475 373 1475 373 1474 374 1474 375 1474 386 1467 396 1474 397 1474 398 1474 448 1475 449 1476 473 1476 473 1475 474 1475 475 1475 487 1467 528 1474 529 1474 583 1467 613 1472 614 1472 677 1467 688 1475 689 1475 690 1475 711 1476 712 1476 766 1468 892 1474 893 1474 893 1474 912 1468 949 1473 950 1473 951 1473 972 1467 973 1458 972 1432 858 1432 857 1431 838 1422 837 1422 836 1422 835 1422 810 1431 808 1431 806 1431 782 1426 781 1426 780 1426 779 1426 772 1431 760 1422 759 1422 758 1422 713 1422 712 1422 711 1422 683 1430 634 1421 633 1421 578 1430 576 1430 575 1430 559 1424 558 1424 557 1424 556 1424 555 1424 549 1430 548 1430 533 1425 532 1425 531 1425 480 1430 471 1430 469 1430 443 1420 442 1420 404 1420 403 1420 402 1420 382 1429 366 1422 365 1422 364 1422 363 1422 348 1429 185 1429 185 1455"/>
                        </Shape>
                        <String CONTENT=""/>
                    </TextLine>

                    <TextLine ID="line_28" HPOS="179" VPOS="1466" WIDTH="796" HEIGHT="79" BASELINE="180 1504 975 1509" TAGREFS="TYPE_1">
                        <Shape>
                            <Polygon POINTS="180 1504 179 1525 224 1540 225 1540 226 1540 227 1540 228 1540 238 1532 299 1527 307 1527 308 1528 328 1542 329 1542 330 1542 343 1543 344 1543 425 1534 442 1543 443 1543 508 1544 509 1544 510 1544 528 1534 564 1533 694 1545 695 1545 696 1545 732 1534 739 1532 752 1534 790 1542 791 1542 840 1538 841 1538 846 1536 860 1530 939 1530 973 1538 975 1509 975 1482 949 1481 934 1469 933 1469 932 1469 893 1469 892 1469 891 1469 863 1479 861 1480 832 1480 831 1478 814 1468 813 1468 812 1468 771 1468 770 1468 770 1468 753 1477 748 1480 654 1480 641 1474 634 1472 633 1472 632 1472 621 1474 608 1477 597 1473 580 1467 579 1467 578 1467 577 1467 560 1473 544 1479 494 1479 458 1477 441 1470 431 1467 430 1467 429 1467 428 1467 417 1470 397 1477 387 1469 386 1469 385 1469 356 1467 355 1467 354 1467 350 1468 335 1477 316 1467 311 1466 310 1466 309 1466 308 1466 300 1467 270 1475 254 1467 253 1466 252 1466 251 1466 180 1466 180 1504"/>
                        </Shape>
                        <String CONTENT=""/>
                    </TextLine>
</TextBlock>
                <TextBlock ID="block_1" HPOS="883" VPOS="1530" WIDTH="86" HEIGHT="48" TAGREFS="TYPE_4">
                    <Shape>
                        <Polygon POINTS="883.959716796875 1530.0208740234375 969.1092529296875 1530.0208740234375 969.1092529296875 1578.4381103515625 883.959716796875 1578.4381103515625 883.959716796875 1530.0208740234375"/>
                    </Shape>
                    <TextLine ID="line_29" HPOS="880" VPOS="1527" WIDTH="85" HEIGHT="58" BASELINE="881 1558 965 1559" TAGREFS="TYPE_1">
                        <Shape>
                            <Polygon POINTS="881 1558 880 1582 903 1584 904 1584 905 1584 906 1584 911 1580 914 1577 921 1579 939 1585 940 1585 941 1585 942 1585 964 1575 965 1559 965 1534 942 1527 941 1527 940 1527 939 1527 927 1532 926 1533 925 1532 913 1527 912 1527 911 1527 881 1529 881 1558"/>
                        </Shape>
                        <String CONTENT=""/>
                    </TextLine>
</TextBlock>
            </PrintSpace>
        </Page>
    </Layout>
</alto>