<?xml version="1.0" encoding="UTF-8"?>
<alto xmlns:xsi="http://www.w3.org/2001/XMLSchema-instance"
    xmlns="http://www.loc.gov/standards/alto/ns-v4#"
    xsi:schemaLocation="http://www.loc.gov/standards/alto/ns-v4# http://www.loc.gov/standards/alto/v4/alto-4-3.xsd">
    <Description>
        <MeasurementUnit>pixel</MeasurementUnit>
        <sourceImageInformation>
            <fileName>bsb10313792_00061.jpg</fileName>
        </sourceImageInformation>
        <Processing ID="OCR_0">
            <processingCategory>other</processingCategory>
            <processingStepDescription>unknown</processingStepDescription>
            <processingSoftware>
                <softwareName>kraken</softwareName>
                <softwareVersion>4.3.13</softwareVersion>
            </processingSoftware>
        </Processing>
    </Description>
    <Tags>
        <OtherTag ID="TYPE_1" LABEL="DefaultLine"/>
        <OtherTag ID="TYPE_2" LABEL="MainZone-Other"/>
        <OtherTag ID="TYPE_3" LABEL="RunningTitleZone"/>
        <OtherTag ID="TYPE_4" LABEL="QuireMarksZone"/>
        <OtherTag ID="TYPE_5" LABEL="MarginTextZone-Notes-Continued"/>
        <OtherTag ID="TYPE_6" LABEL="MarginTextZone-Notes"/>
        <OtherTag ID="TYPE_7" LABEL="GraphicZone-TextualContent"/>
        <OtherTag ID="TYPE_8" LABEL="DigitizationArtefactZone"/>
        <OtherTag ID="TYPE_9" LABEL="TableZone-Continued"/>
        <OtherTag ID="TYPE_10" LABEL="MainZone-Lg"/>
        <OtherTag ID="TYPE_11" LABEL="MainZone-Head"/>
        <OtherTag ID="TYPE_12" LABEL="StampZone"/>
        <OtherTag ID="TYPE_13" LABEL="MainZone-Form"/>
        <OtherTag ID="TYPE_14" LABEL="MainZone-List-Continued"/>
        <OtherTag ID="TYPE_15" LABEL="MainZone-Signature"/>
        <OtherTag ID="TYPE_16" LABEL="MarginTextZone-ManuscriptAddendum"/>
        <OtherTag ID="TYPE_17" LABEL="MainZone-P-Continued"/>
        <OtherTag ID="TYPE_18" LABEL="StampZone-Sticker"/>
        <OtherTag ID="TYPE_19" LABEL="TableZone-Head"/>
        <OtherTag ID="TYPE_20" LABEL="GraphicZone-Decoration"/>
        <OtherTag ID="TYPE_21" LABEL="DropCapitalZone"/>
        <OtherTag ID="TYPE_22" LABEL="NumberingZone"/>
        <OtherTag ID="TYPE_23" LABEL="FigureZone-Head"/>
        <OtherTag ID="TYPE_24" LABEL="TitlePageZone"/>
        <OtherTag ID="TYPE_25" LABEL="GraphicZone-Maths"/>
        <OtherTag ID="TYPE_26" LABEL="MainZone-Entry-Continued"/>
        <OtherTag ID="TYPE_27" LABEL="MainZone-Sp"/>
        <OtherTag ID="TYPE_28" LABEL="MainZone-Entry"/>
        <OtherTag ID="TYPE_29" LABEL="GraphicZone-Part"/>
        <OtherTag ID="TYPE_30" LABEL="GraphicZone"/>
        <OtherTag ID="TYPE_31" LABEL="MainZone-Sp-Continued"/>
        <OtherTag ID="TYPE_32" LABEL="TableZone"/>
        <OtherTag ID="TYPE_33" LABEL="TitlePageZone-Index"/>
        <OtherTag ID="TYPE_34" LABEL="AdvertisementZone"/>
        <OtherTag ID="TYPE_35" LABEL="MainZone-Date"/>
        <OtherTag ID="TYPE_36" LABEL="FigureZone-FigDesc"/>
        <OtherTag ID="TYPE_37" LABEL="GraphicZone-Head"/>
        <OtherTag ID="TYPE_38" LABEL="MainZone-List"/>
        <OtherTag ID="TYPE_39" LABEL="MainZone-P"/>
        <OtherTag ID="TYPE_40" LABEL="MainZone-Lg-Continued"/>
        <OtherTag ID="TYPE_41" LABEL="FigureZone"/>
        <OtherTag ID="TYPE_42" LABEL="GraphicZone-FigDesc"/>
    </Tags>
    <Layout>
        <Page WIDTH="1101" HEIGHT="1754" PHYSICAL_IMG_NR="0" ID="page_0">
            <PrintSpace HPOS="0" VPOS="0" WIDTH="1101" HEIGHT="1754">
                <TextBlock ID="block_0" HPOS="126" VPOS="49" WIDTH="651" HEIGHT="49" TAGREFS="TYPE_3">
                    <Shape>
                        <Polygon POINTS="126.16303253173828 49.71199417114258 777.0725708007812 49.71199417114258 777.0725708007812 98.09713745117188 126.16303253173828 98.09713745117188 126.16303253173828 49.71199417114258"/>
                    </Shape>
                    <TextLine ID="line_0" HPOS="129" VPOS="48" WIDTH="653" HEIGHT="59" BASELINE="129 81 782 89" TAGREFS="TYPE_1">
                        <Shape>
                            <Polygon POINTS="744 48 735 48 718 55 717 55 716 55 705 48 705 48 695 48 685 48 675 48 666 48 662 48 650 49 631 48 627 48 617 48 607 48 597 48 588 48 578 48 568 48 558 48 550 48 546 52 545 53 516 53 515 52 510 48 510 48 500 48 490 48 480 48 471 48 467 51 465 52 435 52 433 51 428 48 422 48 412 48 402 48 401 48 397 50 395 51 393 50 388 48 383 48 373 48 363 48 353 48 349 48 344 48 334 48 324 48 314 48 305 48 295 48 285 48 275 48 275 48 274 49 273 49 270 49 265 48 256 48 246 48 236 48 231 48 229 49 224 48 217 48 207 48 197 48 188 48 186 48 185 49 158 49 157 48 149 48 139 48 129 48 129 81 129 99 143 92 168 99 169 99 170 99 171 99 172 99 173 99 204 90 230 90 244 99 247 100 248 100 249 100 272 98 345 92 385 98 419 103 420 103 421 103 422 103 429 98 434 93 451 93 457 98 460 100 460 101 461 101 462 101 463 101 500 97 536 94 545 97 563 105 564 105 565 106 593 106 593 105 594 105 611 97 612 96 612 97 621 105 621 106 622 106 623 106 624 106 672 101 752 107 753 107 754 107 781 96 782 89 782 56 749 48 744 48"/>
                        </Shape>
                        <String CONTENT=""/>
                    </TextLine>
</TextBlock>
                <TextBlock ID="block_3" HPOS="837" VPOS="65" WIDTH="40" HEIGHT="42" TAGREFS="TYPE_22">
                    <Shape>
                        <Polygon POINTS="837.5700073242188 65.51838684082031 877.474365234375 65.51838684082031 877.474365234375 107.27497100830078 837.5700073242188 107.27497100830078 837.5700073242188 65.51838684082031"/>
                    </Shape>
                    <TextLine ID="line_1" HPOS="835" VPOS="80" WIDTH="36" HEIGHT="32" BASELINE="836 93 871 96" TAGREFS="TYPE_1">
                        <Shape>
                            <Polygon POINTS="856 88 846 93 842 80 836 80 836 93 835 102 848 111 849 111 850 111 868 112 871 96 869 80 857 80 856 88"/>
                        </Shape>
                        <String CONTENT=""/>
                    </TextLine>
</TextBlock>
                <TextBlock ID="block_2" HPOS="51" VPOS="97" WIDTH="831" HEIGHT="993" TAGREFS="TYPE_17">
                    <Shape>
                        <Polygon POINTS="51.75497055053711 97.16260528564453 882.6734619140625 97.16260528564453 882.6734619140625 1090.9791259765625 51.75497055053711 1090.9791259765625 51.75497055053711 97.16260528564453"/>
                    </Shape>
                    <TextLine ID="line_2" HPOS="53" VPOS="100" WIDTH="815" HEIGHT="66" BASELINE="54 142 868 148" TAGREFS="TYPE_1">
                        <Shape>
                            <Polygon POINTS="54 142 53 158 119 159 120 159 121 159 122 159 144 152 154 159 156 161 157 161 157 161 158 161 181 159 225 156 277 160 304 162 305 162 306 162 309 160 318 155 354 159 355 159 356 159 369 154 443 154 500 154 514 162 519 164 520 164 521 164 522 164 526 162 539 155 576 162 577 162 578 162 579 162 615 156 626 163 627 164 628 164 629 164 629 164 630 164 634 163 641 160 649 163 654 165 655 165 656 165 669 163 683 161 707 163 736 166 737 166 738 166 739 166 742 164 748 159 771 164 779 165 780 165 781 165 784 164 799 157 866 164 868 148 866 108 844 118 801 116 790 109 789 109 788 109 787 109 786 109 761 119 734 119 650 112 649 112 627 116 582 105 574 103 573 103 572 103 571 103 570 103 568 105 550 117 481 117 447 104 442 102 441 102 262 101 261 101 260 101 259 101 259 102 239 114 219 110 218 110 217 110 191 114 110 114 90 100 89 100 88 100 54 100 54 142"/>
                        </Shape>
                        <String CONTENT=""/>
                    </TextLine>

                    <TextLine ID="line_3" HPOS="62" VPOS="155" WIDTH="806" HEIGHT="55" BASELINE="63 193 868 195" TAGREFS="TYPE_1">
                        <Shape>
                            <Polygon POINTS="63 193 62 202 110 209 111 210 171 210 171 209 172 209 173 209 180 204 181 204 190 204 446 209 447 209 448 209 455 206 462 204 495 207 532 210 533 210 551 207 568 205 866 210 868 195 867 168 763 157 762 157 761 157 760 157 749 166 747 167 736 165 712 162 711 162 710 162 709 162 706 165 701 168 610 168 603 163 602 162 601 162 600 162 599 162 598 162 595 163 589 167 582 163 581 162 580 162 579 162 578 162 569 163 534 167 519 162 507 157 506 157 505 157 504 157 490 161 474 167 468 161 462 156 461 156 460 156 459 156 412 160 399 161 395 160 387 157 386 157 385 157 384 157 376 160 361 165 351 159 350 159 349 159 348 159 347 159 346 159 329 165 314 159 308 156 307 156 272 156 271 156 270 156 266 158 257 163 233 157 226 156 225 156 224 156 223 156 222 157 209 167 181 167 63 155 63 193"/>
                        </Shape>
                        <String CONTENT=""/>
                    </TextLine>

                    <TextLine ID="line_4" HPOS="67" VPOS="201" WIDTH="803" HEIGHT="57" BASELINE="68 241 870 243" TAGREFS="TYPE_1">
                        <Shape>
                            <Polygon POINTS="68 241 67 250 106 257 107 258 164 258 164 257 165 257 166 257 173 251 174 251 202 257 203 257 204 257 225 251 227 251 231 251 262 256 263 256 264 256 265 256 272 251 274 251 390 251 393 252 398 257 399 257 400 257 401 257 495 253 514 252 516 253 524 258 525 258 526 258 527 258 869 254 870 243 866 207 854 217 722 217 702 209 701 209 700 209 623 216 603 215 589 205 588 203 587 203 586 203 471 203 470 203 469 203 466 204 455 208 434 204 426 202 425 202 424 202 423 202 421 203 404 216 362 216 306 203 302 202 301 202 300 202 299 202 284 212 236 215 201 205 200 205 199 205 198 205 197 205 187 213 181 208 180 208 179 208 178 208 139 214 119 202 118 202 117 202 68 201 68 241"/>
                        </Shape>
                        <String CONTENT=""/>
                    </TextLine>

                    <TextLine ID="line_5" HPOS="60" VPOS="250" WIDTH="809" HEIGHT="60" BASELINE="61 290 869 294" TAGREFS="TYPE_1">
                        <Shape>
                            <Polygon POINTS="60 300 71 305 72 305 73 305 126 302 136 307 137 307 138 307 264 308 265 308 266 308 267 308 273 304 282 308 283 308 284 309 381 309 381 308 382 308 398 304 430 308 431 308 466 303 559 307 560 307 673 305 690 309 691 309 692 309 693 309 708 305 721 310 722 310 723 310 803 305 827 310 828 310 829 310 868 304 869 294 869 267 820 262 819 262 794 266 786 266 784 266 768 254 767 254 766 254 729 254 728 254 727 254 699 264 691 266 681 263 666 259 665 259 664 259 636 262 609 266 602 262 589 253 589 253 588 253 531 253 530 253 529 253 515 260 511 262 467 266 393 261 387 257 376 252 375 252 350 252 349 252 348 252 339 256 321 265 313 258 312 258 311 258 294 255 263 251 262 251 261 251 253 254 235 262 225 257 224 257 223 257 222 257 205 265 146 265 127 251 126 251 125 251 124 251 117 251 71 255 63 250 61 290 60 300"/>
                        </Shape>
                        <String CONTENT=""/>
                    </TextLine>

                    <TextLine ID="line_6" HPOS="58" VPOS="303" WIDTH="812" HEIGHT="57" BASELINE="59 342 870 345" TAGREFS="TYPE_1">
                        <Shape>
                            <Polygon POINTS="59 342 58 353 306 358 307 358 308 358 314 356 327 351 366 356 375 357 376 357 377 357 379 356 393 351 399 356 402 359 403 359 404 359 405 360 435 360 435 359 436 359 440 357 450 352 517 352 538 358 547 360 548 360 549 360 550 360 554 358 562 354 579 358 581 358 582 358 584 358 611 352 641 358 642 358 643 358 667 352 689 358 690 358 691 358 748 353 868 360 870 345 869 315 839 315 836 314 812 305 811 305 765 305 764 305 763 305 762 305 748 314 746 315 551 315 545 312 521 305 520 305 489 305 488 305 487 305 486 305 474 312 473 312 471 312 436 304 435 304 400 311 391 314 349 314 342 311 323 304 322 304 296 304 295 304 294 304 293 304 283 310 279 313 273 310 252 303 251 303 250 303 206 308 187 304 186 304 185 304 184 304 165 309 157 312 59 309 59 342"/>
                        </Shape>
                        <String CONTENT=""/>
                    </TextLine>

                    <TextLine ID="line_7" HPOS="56" VPOS="351" WIDTH="811" HEIGHT="59" BASELINE="57 390 867 394" TAGREFS="TYPE_1">
                        <Shape>
                            <Polygon POINTS="57 390 56 401 274 408 275 408 323 402 331 402 342 403 407 408 408 408 435 403 441 402 445 403 462 409 463 409 464 409 465 409 480 403 481 403 482 403 506 409 507 409 508 409 509 409 524 403 526 403 529 403 564 409 565 409 611 404 620 403 629 404 668 408 668 408 669 408 679 404 688 410 689 410 690 410 691 410 692 410 707 404 708 404 712 404 777 410 778 410 866 404 867 394 867 365 845 365 845 364 831 354 830 354 829 354 809 354 808 354 807 354 786 364 786 365 734 365 732 364 705 354 704 354 703 354 620 360 599 353 598 353 516 353 515 353 485 360 463 352 462 352 461 352 460 352 435 362 402 357 401 357 353 362 350 362 349 362 326 352 325 352 260 352 259 352 258 352 257 352 245 361 213 361 205 361 204 361 189 351 188 351 187 351 186 351 185 351 184 351 171 361 170 361 57 361 57 390"/>
                        </Shape>
                        <String CONTENT=""/>
                    </TextLine>

                    <TextLine ID="line_8" HPOS="56" VPOS="400" WIDTH="814" HEIGHT="57" BASELINE="57 439 870 443" TAGREFS="TYPE_1">
                        <Shape>
                            <Polygon POINTS="57 439 56 455 168 456 169 456 170 456 173 455 187 450 204 455 208 456 209 456 210 456 231 455 283 452 289 455 294 457 295 457 296 457 297 457 303 455 313 451 326 455 334 457 335 457 336 457 337 457 344 455 356 451 445 455 488 456 489 456 499 454 512 452 520 454 532 457 533 457 534 457 556 454 571 452 583 454 601 457 602 457 637 454 650 453 746 453 748 454 761 457 762 457 763 457 764 457 774 454 776 453 778 454 790 457 791 457 792 457 793 457 804 454 807 453 868 453 870 443 869 403 845 403 844 403 843 403 826 411 800 403 799 403 731 403 730 403 728 403 680 413 659 413 645 403 644 402 643 402 642 402 641 402 624 403 543 412 481 404 456 401 455 401 439 404 409 411 393 404 390 403 389 403 388 403 375 404 326 411 316 405 312 401 311 401 310 401 309 401 290 405 278 407 273 405 261 400 260 400 259 400 258 400 244 405 229 411 96 411 88 406 81 400 80 400 79 400 78 400 78 400 57 405 57 439"/>
                        </Shape>
                        <String CONTENT=""/>
                    </TextLine>

                    <TextLine ID="line_9" HPOS="64" VPOS="452" WIDTH="804" HEIGHT="55" BASELINE="65 489 868 492" TAGREFS="TYPE_1">
                        <Shape>
                            <Polygon POINTS="64 497 100 504 101 504 331 499 349 505 350 505 351 505 374 500 425 500 432 505 432 505 433 505 434 505 588 500 600 506 601 506 602 507 739 507 739 506 762 501 840 506 841 506 867 500 868 492 867 465 756 465 747 463 715 457 714 457 681 462 666 464 655 461 629 455 629 455 628 455 627 455 602 461 593 463 587 460 578 457 577 457 576 457 575 457 562 460 554 462 549 460 531 453 530 453 450 453 449 453 448 453 447 453 438 458 435 460 431 458 415 453 414 453 371 453 370 453 369 453 358 457 346 463 316 457 303 455 302 455 301 455 294 457 278 462 267 457 265 456 264 456 263 456 255 457 210 462 193 456 183 452 182 452 152 452 151 452 150 452 149 452 145 455 132 463 84 463 66 454 65 489 64 497"/>
                        </Shape>
                        <String CONTENT=""/>
                    </TextLine>

                    <TextLine ID="line_10" HPOS="70" VPOS="497" WIDTH="798" HEIGHT="62" BASELINE="71 541 868 539" TAGREFS="TYPE_1">
                        <Shape>
                            <Polygon POINTS="71 541 71 559 95 558 96 558 97 558 106 551 142 558 143 559 155 559 189 559 189 558 190 558 205 550 221 556 222 556 223 557 223 556 224 556 239 550 249 557 249 558 250 558 251 558 252 558 253 558 256 557 277 550 288 555 289 555 290 555 291 555 312 550 335 555 336 555 437 550 450 555 451 555 452 555 453 555 457 555 496 549 505 554 507 556 508 556 509 556 510 556 536 554 592 549 605 553 616 557 617 557 618 558 637 558 637 557 638 557 639 557 645 553 650 549 658 553 668 557 669 557 670 557 784 556 785 556 786 556 791 551 794 549 798 551 811 557 812 557 813 558 855 558 855 557 856 557 868 550 868 539 865 497 816 501 815 501 814 501 804 509 703 509 684 498 682 497 681 497 680 497 679 497 674 498 641 509 596 509 579 499 575 497 574 497 535 497 534 497 533 497 532 497 529 499 515 508 477 506 469 500 466 498 465 498 464 498 383 498 382 498 381 498 371 501 360 504 344 501 324 498 323 498 322 498 321 498 317 501 308 508 275 503 275 503 274 503 273 503 263 510 182 510 169 503 161 499 160 499 159 499 158 499 157 499 153 503 147 507 123 507 118 503 113 498 112 498 111 498 110 498 70 503 71 541"/>
                        </Shape>
                        <String CONTENT=""/>
                    </TextLine>

                    <TextLine ID="line_11" HPOS="72" VPOS="551" WIDTH="795" HEIGHT="57" BASELINE="73 587 867 589" TAGREFS="TYPE_1">
                        <Shape>
                            <Polygon POINTS="73 587 72 597 120 607 121 607 149 602 167 607 168 607 169 608 253 608 253 607 254 607 269 602 325 607 326 607 327 607 343 599 392 607 393 607 393 607 409 599 440 599 472 605 473 605 504 600 518 607 519 607 520 607 521 607 533 602 567 607 568 607 646 600 662 608 663 608 664 608 743 600 783 608 784 608 866 599 867 589 866 562 845 562 845 561 833 552 832 552 831 552 830 552 770 561 768 562 729 562 728 561 701 552 700 552 699 552 652 560 634 552 633 552 632 552 631 552 613 561 612 561 589 552 588 552 473 552 472 552 471 552 471 552 458 560 458 561 403 561 402 560 355 553 354 553 353 553 353 553 345 559 335 551 334 551 333 551 332 551 285 560 283 561 238 561 237 560 227 551 226 551 225 551 192 551 191 551 190 551 169 560 168 560 157 554 156 554 155 554 154 554 138 560 136 560 73 560 73 587"/>
                        </Shape>
                        <String CONTENT=""/>
                    </TextLine>

                    <TextLine ID="line_12" HPOS="71" VPOS="599" WIDTH="795" HEIGHT="58" BASELINE="72 637 866 640" TAGREFS="TYPE_1">
                        <Shape>
                            <Polygon POINTS="72 637 71 646 82 651 83 651 84 651 122 648 134 653 135 653 136 653 258 650 337 656 338 656 393 655 394 655 407 648 470 653 471 653 527 648 565 656 566 656 567 656 581 649 593 655 594 655 595 655 596 655 615 649 665 656 666 656 667 656 694 649 702 655 703 655 704 655 705 655 792 650 830 657 831 657 865 648 866 640 864 601 845 608 797 601 791 601 790 601 789 601 788 601 774 608 747 602 743 601 742 601 741 601 739 602 720 611 687 611 668 602 665 601 664 601 610 601 609 601 608 601 602 603 580 611 484 611 469 604 460 600 459 600 458 600 457 600 456 600 449 604 437 610 395 610 383 605 371 600 370 600 336 599 335 599 334 599 311 606 293 610 196 610 192 607 185 601 184 601 183 601 182 601 181 601 162 607 155 609 147 607 137 604 136 604 135 604 134 604 127 607 121 610 108 607 91 604 90 604 72 607 72 637"/>
                        </Shape>
                        <String CONTENT=""/>
                    </TextLine>

                    <TextLine ID="line_13" HPOS="71" VPOS="647" WIDTH="797" HEIGHT="59" BASELINE="72 686 868 689" TAGREFS="TYPE_1">
                        <Shape>
                            <Polygon POINTS="72 686 71 695 97 701 98 701 99 701 108 697 117 703 118 703 119 703 120 704 176 704 176 703 177 703 178 703 186 698 209 703 210 703 280 699 288 704 289 704 290 704 291 704 459 698 467 698 468 698 478 705 479 705 480 705 481 705 613 699 619 699 620 699 629 705 629 705 630 705 668 706 669 706 699 700 730 706 731 706 769 700 771 700 866 700 868 689 868 649 813 649 812 649 811 649 810 649 794 659 763 650 757 648 756 648 718 648 717 648 707 650 669 659 651 651 642 648 641 648 611 648 610 648 609 648 599 651 585 659 542 659 532 652 525 648 524 648 523 648 469 647 468 647 422 653 394 658 349 658 342 654 335 650 334 650 333 650 332 650 331 650 325 654 319 658 292 658 286 654 268 647 267 647 266 647 265 647 239 654 223 649 222 649 221 649 220 649 207 655 205 656 203 655 179 647 178 647 177 647 176 647 155 656 154 657 72 657 72 686"/>
                        </Shape>
                        <String CONTENT=""/>
                    </TextLine>

                    <TextLine ID="line_14" HPOS="71" VPOS="695" WIDTH="796" HEIGHT="61" BASELINE="72 735 867 739" TAGREFS="TYPE_1">
                        <Shape>
                            <Polygon POINTS="72 735 71 745 196 753 196 753 276 748 361 754 362 754 433 748 441 748 444 748 472 755 473 755 474 755 496 749 497 749 502 749 668 756 669 756 866 751 867 739 866 712 847 712 847 711 837 704 836 704 835 704 834 704 833 704 825 707 812 698 811 698 810 698 809 698 741 703 713 698 712 698 711 698 710 698 694 710 693 711 676 711 671 710 623 697 622 697 621 697 620 697 593 704 580 697 579 697 578 697 557 699 556 699 540 708 516 697 515 697 514 697 513 697 487 709 484 710 411 710 409 708 381 696 380 696 361 696 360 696 359 696 358 696 345 706 330 696 329 696 328 696 327 696 295 702 279 696 278 696 277 696 276 696 252 707 250 709 162 709 159 707 142 695 141 695 140 695 89 695 88 695 87 695 86 695 72 704 72 735"/>
                        </Shape>
                        <String CONTENT=""/>
                    </TextLine>

                    <TextLine ID="line_15" HPOS="70" VPOS="750" WIDTH="796" HEIGHT="57" BASELINE="71 784 866 788" TAGREFS="TYPE_1">
                        <Shape>
                            <Polygon POINTS="71 784 70 794 93 800 94 800 139 797 151 802 152 802 153 802 154 802 171 796 195 802 196 802 196 802 225 798 233 803 234 803 235 803 235 803 236 803 237 803 246 798 269 805 270 805 271 806 373 806 373 805 374 805 393 797 431 803 432 803 500 798 536 806 537 806 538 806 539 806 570 798 593 798 609 806 610 806 611 806 612 806 661 798 683 807 684 807 685 807 686 807 700 800 726 807 727 807 728 807 729 807 741 801 825 805 826 805 865 798 866 788 866 762 805 762 803 762 787 751 786 751 786 751 785 751 784 751 753 761 752 761 750 761 726 751 725 751 701 751 700 751 699 751 698 751 686 759 676 751 675 751 674 751 673 751 672 751 645 759 638 761 636 759 625 750 624 750 623 750 511 750 511 750 510 750 488 757 473 761 442 756 438 756 437 756 433 756 403 760 380 755 368 753 367 753 366 753 359 755 341 760 266 754 265 754 114 759 71 751 71 784"/>
                        </Shape>
                        <String CONTENT=""/>
                    </TextLine>

                    <TextLine ID="line_16" HPOS="66" VPOS="796" WIDTH="796" HEIGHT="60" BASELINE="67 834 862 840" TAGREFS="TYPE_1">
                        <Shape>
                            <Polygon POINTS="67 834 66 843 111 850 112 850 166 845 180 844 184 845 204 853 205 853 206 853 248 847 266 853 267 853 268 853 387 850 449 855 450 855 484 850 504 847 513 850 529 856 530 856 531 856 557 851 573 848 603 848 612 852 621 856 622 856 623 856 711 854 712 854 714 853 723 849 745 849 751 854 753 856 754 856 755 856 756 856 767 854 788 850 860 855 862 840 860 806 781 809 769 805 748 799 747 799 747 799 746 799 725 805 715 808 700 805 679 801 678 801 677 801 666 805 659 807 656 805 648 800 647 800 646 800 645 800 644 800 625 805 623 805 622 805 610 798 609 798 608 798 607 798 571 802 554 798 553 798 552 798 551 798 532 804 527 806 524 804 513 797 512 797 511 797 511 797 446 801 405 796 378 796 377 796 376 796 362 802 347 796 346 796 345 796 344 796 328 803 324 805 233 805 231 803 222 797 221 797 220 797 219 797 182 803 179 803 174 803 127 799 126 799 125 799 116 803 115 803 67 803 67 834"/>
                        </Shape>
                        <String CONTENT=""/>
                    </TextLine>

                    <TextLine ID="line_17" HPOS="61" VPOS="846" WIDTH="801" HEIGHT="60" BASELINE="62 883 862 887" TAGREFS="TYPE_1">
                        <Shape>
                            <Polygon POINTS="62 883 61 894 136 902 137 902 213 896 221 896 222 896 231 902 232 902 233 902 234 902 260 898 270 903 271 903 272 903 352 898 368 897 376 898 404 903 405 904 459 904 459 903 460 903 461 903 466 899 468 898 473 899 494 904 495 904 516 900 525 898 651 898 663 901 674 905 675 905 676 906 755 906 755 905 756 905 765 902 777 899 860 903 862 887 861 849 792 854 768 849 760 848 759 848 751 849 719 857 706 850 702 848 701 848 661 847 589 847 589 847 588 847 579 851 565 856 540 851 519 847 518 847 517 847 516 847 511 851 505 855 498 851 491 848 490 848 442 847 441 847 440 847 439 847 432 852 428 855 423 852 421 850 420 850 419 850 418 850 417 850 416 850 414 852 409 856 262 856 251 853 226 848 225 848 224 848 209 853 206 854 204 853 182 846 181 846 180 846 179 846 160 854 159 854 154 854 106 849 105 849 62 854 62 883"/>
                        </Shape>
                        <String CONTENT=""/>
                    </TextLine>

                    <TextLine ID="line_18" HPOS="64" VPOS="895" WIDTH="803" HEIGHT="58" BASELINE="64 935 867 935" TAGREFS="TYPE_1">
                        <Shape>
                            <Polygon POINTS="64 935 64 950 90 946 100 950 103 952 104 952 105 952 106 952 109 950 116 947 241 951 297 952 298 952 299 952 304 951 316 947 323 951 326 952 327 952 328 953 452 953 452 952 453 952 456 951 468 947 482 951 486 952 487 952 488 952 494 951 516 946 541 951 548 952 549 952 560 951 609 946 637 951 644 952 645 952 646 952 648 951 660 946 687 951 688 951 689 951 690 951 701 946 793 946 866 951 867 935 867 903 829 895 828 895 739 902 731 903 701 903 700 902 691 895 690 895 689 895 591 895 590 895 589 895 577 901 575 903 551 903 549 901 541 895 540 895 539 895 488 895 487 895 486 895 465 901 458 903 432 903 430 900 423 895 422 895 421 895 420 895 419 895 406 900 401 902 394 900 376 895 375 895 294 895 293 895 292 895 279 900 272 903 198 903 191 899 180 895 179 895 178 895 177 895 164 899 154 902 64 899 64 935"/>
                        </Shape>
                        <String CONTENT=""/>
                    </TextLine>

                    <TextLine ID="line_19" HPOS="63" VPOS="946" WIDTH="805" HEIGHT="57" BASELINE="63 985 868 985" TAGREFS="TYPE_1">
                        <Shape>
                            <Polygon POINTS="63 985 63 994 82 1002 83 1002 84 1003 193 1003 193 1002 194 1002 213 995 214 995 285 1001 286 1001 401 995 413 995 417 995 449 1002 450 1003 547 1003 547 1002 548 1002 564 997 584 1002 585 1002 586 1002 587 1002 602 996 605 995 618 996 676 1001 677 1001 678 1001 679 1001 686 996 687 995 692 996 714 1001 715 1001 749 996 759 995 761 996 772 1002 773 1002 774 1002 868 996 868 985 868 958 798 958 798 957 774 946 773 946 653 946 652 946 651 946 650 946 641 952 595 946 594 946 593 946 571 956 569 957 564 956 538 951 537 951 536 951 517 956 512 957 509 956 494 951 493 951 492 951 467 955 416 950 415 950 380 955 367 957 362 955 341 946 340 946 323 946 322 946 321 946 303 955 298 958 271 958 266 955 252 947 251 947 250 947 249 947 248 947 247 947 235 954 231 957 210 957 207 954 195 946 194 946 193 946 192 946 191 946 172 954 165 957 63 954 63 985"/>
                        </Shape>
                        <String CONTENT=""/>
                    </TextLine>

                    <TextLine ID="line_20" HPOS="65" VPOS="994" WIDTH="801" HEIGHT="60" BASELINE="65 1031 866 1034" TAGREFS="TYPE_1">
                        <Shape>
                            <Polygon POINTS="65 1031 65 1043 114 1043 116 1044 127 1051 128 1051 129 1051 130 1051 131 1051 146 1044 152 1049 153 1049 154 1049 229 1051 230 1051 231 1051 241 1046 251 1051 252 1051 333 1052 334 1052 335 1052 353 1045 369 1051 370 1051 371 1051 372 1051 373 1051 383 1044 384 1044 575 1044 576 1044 597 1053 598 1053 599 1054 653 1054 653 1053 654 1053 669 1045 706 1052 707 1053 732 1053 732 1052 733 1052 745 1045 756 1053 757 1053 758 1053 759 1053 865 1044 866 1034 866 1006 843 995 842 995 841 995 840 995 817 1003 804 995 803 995 802 995 745 995 744 995 743 995 742 995 731 1003 720 999 719 999 718 999 717 999 694 1005 683 998 682 998 681 998 680 998 679 998 666 1005 665 1005 663 1005 598 994 597 994 518 1003 506 994 505 994 504 994 503 994 388 1000 340 994 339 994 338 994 305 1004 303 1004 149 1004 148 1003 133 995 132 995 131 995 130 995 111 1003 109 1003 65 1003 65 1031"/>
                        </Shape>
                        <String CONTENT=""/>
                    </TextLine>

                    <TextLine ID="line_21" HPOS="65" VPOS="1071" WIDTH="634" HEIGHT="31" BASELINE="65 1083 699 1083" TAGREFS="TYPE_1">
                        <Shape>
                            <Polygon POINTS="689 1071 679 1071 669 1071 660 1071 650 1071 640 1071 630 1071 621 1071 611 1071 601 1071 591 1071 582 1071 572 1071 562 1071 552 1071 543 1071 533 1071 523 1071 513 1071 504 1071 494 1071 484 1071 474 1071 465 1071 455 1071 445 1071 435 1071 426 1071 416 1071 406 1071 396 1071 387 1071 377 1071 367 1071 357 1071 348 1071 338 1071 328 1071 318 1071 309 1071 299 1071 289 1071 279 1071 270 1071 260 1071 250 1071 240 1071 231 1071 221 1071 211 1071 201 1071 192 1071 182 1071 172 1071 162 1071 153 1071 143 1071 133 1071 123 1071 114 1071 104 1071 94 1071 84 1071 75 1071 65 1071 65 1083 65 1093 90 1099 91 1099 119 1094 120 1094 122 1094 149 1101 150 1101 151 1102 284 1102 284 1101 285 1101 302 1096 309 1094 318 1096 335 1099 336 1099 355 1096 372 1094 442 1094 449 1097 453 1099 454 1099 455 1099 456 1099 462 1097 471 1094 476 1097 481 1101 482 1101 483 1101 484 1101 504 1098 518 1095 526 1098 534 1101 535 1101 536 1101 557 1098 574 1096 600 1099 627 1101 628 1101 629 1101 629 1101 632 1099 640 1094 698 1099 699 1083 698 1071 689 1071"/>
                        </Shape>
                        <String CONTENT=""/>
                    </TextLine>
</TextBlock>
                <TextBlock ID="block_5" HPOS="62" VPOS="1099" WIDTH="809" HEIGHT="192" TAGREFS="TYPE_39">
                    <Shape>
                        <Polygon POINTS="62.97080993652344 1099.8623046875 871.1508178710938 1099.8623046875 871.1508178710938 1291.275390625 62.97080993652344 1291.275390625 62.97080993652344 1099.8623046875"/>
                    </Shape>
                    <TextLine ID="line_22" HPOS="110" VPOS="1091" WIDTH="749" HEIGHT="59" BASELINE="111 1136 859 1133" TAGREFS="TYPE_1">
                        <Shape>
                            <Polygon POINTS="111 1136 111 1144 240 1150 241 1150 242 1150 260 1145 264 1144 271 1145 300 1150 301 1150 302 1150 314 1145 318 1144 324 1145 342 1149 343 1150 449 1150 449 1149 450 1149 459 1145 463 1144 467 1145 477 1149 478 1149 479 1149 480 1149 481 1149 486 1146 490 1143 503 1146 521 1149 522 1149 523 1149 532 1146 540 1143 571 1146 608 1149 609 1149 640 1146 679 1143 691 1146 697 1148 698 1148 699 1148 858 1146 859 1133 858 1097 850 1091 849 1091 848 1091 847 1091 846 1091 824 1098 811 1092 810 1092 755 1091 754 1091 753 1091 730 1098 717 1094 716 1094 715 1094 714 1094 713 1094 707 1100 706 1100 702 1100 673 1095 672 1095 648 1100 646 1100 644 1100 612 1093 611 1093 610 1093 609 1093 599 1100 598 1101 545 1101 543 1101 526 1094 525 1094 524 1094 472 1101 462 1093 461 1093 460 1093 412 1092 411 1092 410 1092 409 1092 396 1102 367 1102 351 1102 339 1093 338 1093 337 1093 305 1093 304 1093 303 1093 302 1093 288 1103 270 1103 210 1093 209 1093 208 1093 207 1093 196 1101 163 1102 153 1093 152 1093 151 1093 126 1093 125 1093 124 1093 123 1093 110 1101 111 1136"/>
                        </Shape>
                        <String CONTENT=""/>
                    </TextLine>

                    <TextLine ID="line_23" HPOS="68" VPOS="1142" WIDTH="797" HEIGHT="58" BASELINE="69 1181 865 1182" TAGREFS="TYPE_1">
                        <Shape>
                            <Polygon POINTS="68 1190 90 1199 91 1199 92 1199 127 1192 144 1199 145 1199 146 1199 147 1199 161 1194 237 1199 238 1199 281 1192 314 1198 314 1198 350 1192 351 1192 375 1199 376 1199 377 1200 428 1200 428 1199 429 1199 430 1199 439 1192 443 1192 484 1199 485 1199 486 1199 487 1199 495 1193 533 1200 534 1200 569 1193 571 1193 573 1193 617 1200 618 1200 663 1193 668 1193 675 1193 732 1200 733 1200 865 1194 865 1182 864 1152 837 1152 834 1151 813 1143 812 1143 756 1143 755 1143 754 1143 736 1149 727 1143 726 1143 725 1143 724 1143 723 1143 706 1150 694 1143 693 1143 692 1143 596 1143 595 1143 594 1143 593 1143 584 1149 579 1153 509 1153 501 1149 486 1143 485 1143 484 1143 483 1143 469 1148 462 1152 364 1152 355 1147 350 1145 349 1145 348 1145 347 1145 342 1147 338 1150 333 1147 323 1142 322 1142 321 1142 320 1142 319 1142 304 1147 293 1152 248 1152 239 1147 231 1143 230 1143 189 1142 188 1142 187 1142 186 1142 178 1146 169 1151 136 1146 129 1145 128 1145 127 1145 125 1146 114 1151 78 1151 71 1145 69 1181 68 1190"/>
                        </Shape>
                        <String CONTENT=""/>
                    </TextLine>

                    <TextLine ID="line_24" HPOS="63" VPOS="1189" WIDTH="801" HEIGHT="61" BASELINE="64 1231 864 1229" TAGREFS="TYPE_1">
                        <Shape>
                            <Polygon POINTS="64 1231 64 1244 282 1250 283 1250 284 1250 308 1244 310 1244 314 1244 399 1250 400 1250 401 1250 422 1244 423 1244 462 1250 463 1250 534 1243 544 1243 545 1243 554 1248 555 1248 556 1248 638 1243 649 1243 650 1243 665 1249 666 1249 667 1249 722 1243 727 1243 846 1243 847 1243 853 1248 854 1248 855 1248 856 1248 857 1248 858 1248 864 1243 864 1229 863 1199 837 1189 836 1189 835 1189 834 1189 814 1194 803 1189 802 1189 801 1189 800 1189 774 1199 773 1200 715 1200 715 1199 695 1192 694 1192 693 1192 652 1199 636 1189 635 1189 634 1189 633 1189 632 1189 631 1189 618 1200 599 1200 586 1189 585 1189 584 1189 583 1189 540 1196 507 1189 506 1189 477 1190 476 1190 456 1200 456 1201 441 1201 433 1201 419 1191 418 1191 417 1191 416 1191 415 1191 398 1199 361 1190 321 1190 320 1190 319 1190 288 1201 222 1201 192 1190 191 1190 190 1190 117 1195 82 1190 81 1190 80 1190 79 1190 63 1199 64 1231"/>
                        </Shape>
                        <String CONTENT=""/>
                    </TextLine>

                    <TextLine ID="line_25" HPOS="63" VPOS="1261" WIDTH="158" HEIGHT="38" BASELINE="64 1280 221 1282" TAGREFS="TYPE_1">
                        <Shape>
                            <Polygon POINTS="132 1261 122 1261 113 1261 103 1261 93 1261 83 1261 74 1261 64 1261 64 1280 63 1291 81 1298 82 1298 83 1299 109 1299 109 1298 110 1298 122 1292 200 1299 201 1299 202 1299 220 1292 221 1282 220 1262 142 1261 132 1261"/>
                        </Shape>
                        <String CONTENT=""/>
                    </TextLine>
</TextBlock>
                <TextBlock ID="block_4" HPOS="50" VPOS="1294" WIDTH="823" HEIGHT="247" TAGREFS="TYPE_39">
                    <Shape>
                        <Polygon POINTS="50.789825439453125 1294.9534912109375 873.3182373046875 1294.9534912109375 873.3182373046875 1541.50341796875 50.789825439453125 1541.50341796875 50.789825439453125 1294.9534912109375"/>
                    </Shape>
                    <TextLine ID="line_26" HPOS="103" VPOS="1284" WIDTH="761" HEIGHT="68" BASELINE="104 1333 864 1328" TAGREFS="TYPE_1">
                        <Shape>
                            <Polygon POINTS="104 1333 106 1352 121 1342 169 1347 170 1347 200 1342 224 1348 225 1348 226 1348 262 1342 270 1347 271 1347 272 1347 273 1347 274 1347 291 1341 391 1341 408 1347 415 1349 416 1349 417 1349 418 1349 424 1347 440 1340 453 1346 459 1349 460 1349 461 1349 462 1349 469 1346 481 1340 493 1346 501 1349 502 1349 503 1350 558 1350 558 1349 559 1349 560 1349 567 1344 574 1340 602 1339 617 1343 631 1348 632 1348 633 1348 666 1343 667 1343 706 1348 707 1348 707 1348 720 1342 722 1341 723 1342 735 1347 736 1347 737 1348 827 1348 827 1347 828 1347 843 1340 847 1338 862 1339 864 1328 861 1288 747 1293 740 1289 737 1287 736 1287 735 1287 701 1284 700 1284 699 1284 687 1289 673 1284 672 1284 671 1284 670 1284 647 1291 634 1294 626 1291 610 1285 609 1285 608 1285 570 1292 555 1294 545 1292 512 1285 511 1285 511 1285 494 1293 492 1294 469 1295 465 1293 455 1288 454 1288 453 1288 452 1288 451 1288 443 1294 440 1295 420 1294 391 1292 379 1284 378 1284 377 1284 261 1284 260 1284 259 1284 240 1289 215 1285 214 1285 213 1285 212 1285 196 1296 196 1297 166 1297 157 1297 117 1286 117 1286 116 1286 115 1286 114 1286 103 1295 104 1333"/>
                        </Shape>
                        <String CONTENT=""/>
                    </TextLine>

                    <TextLine ID="line_27" HPOS="50" VPOS="1339" WIDTH="808" HEIGHT="60" BASELINE="50 1380 858 1380" TAGREFS="TYPE_1">
                        <Shape>
                            <Polygon POINTS="50 1380 50 1399 140 1393 171 1399 172 1399 260 1391 295 1391 307 1398 308 1398 309 1398 310 1398 311 1398 328 1391 381 1391 399 1399 400 1399 401 1399 402 1399 430 1392 469 1399 470 1399 471 1399 488 1391 504 1396 505 1396 506 1396 528 1391 556 1399 557 1399 558 1399 559 1399 582 1391 642 1391 684 1399 685 1399 720 1391 759 1398 760 1398 761 1398 778 1391 809 1391 856 1399 858 1380 857 1339 827 1339 826 1339 825 1339 800 1351 635 1351 612 1342 602 1339 601 1339 600 1339 599 1339 598 1339 594 1342 584 1351 537 1351 514 1344 499 1339 498 1339 406 1339 405 1339 404 1339 393 1345 384 1350 371 1346 351 1339 350 1339 282 1339 281 1339 280 1339 265 1347 259 1351 220 1351 217 1348 205 1339 204 1339 203 1339 202 1339 201 1339 180 1349 178 1349 174 1349 119 1339 118 1339 50 1350 50 1380"/>
                        </Shape>
                        <String CONTENT=""/>
                    </TextLine>

                    <TextLine ID="line_28" HPOS="51" VPOS="1387" WIDTH="813" HEIGHT="61" BASELINE="52 1431 864 1428" TAGREFS="TYPE_1">
                        <Shape>
                            <Polygon POINTS="52 1431 52 1442 62 1447 63 1447 64 1447 65 1447 66 1447 74 1442 93 1447 94 1447 95 1447 139 1442 152 1448 153 1448 154 1448 191 1442 192 1442 201 1448 202 1448 203 1448 204 1448 245 1442 248 1442 252 1442 283 1448 284 1448 313 1443 322 1441 335 1443 366 1447 367 1448 398 1448 398 1447 399 1447 400 1447 406 1443 411 1441 470 1441 473 1443 477 1447 478 1447 479 1447 480 1447 528 1444 555 1442 558 1444 563 1447 564 1447 565 1447 566 1447 587 1444 613 1440 640 1444 653 1446 654 1446 678 1444 739 1440 863 1445 864 1428 863 1399 819 1387 818 1387 817 1387 786 1393 775 1387 774 1387 773 1387 710 1390 709 1390 708 1390 698 1399 597 1399 572 1388 571 1388 570 1388 569 1388 552 1393 509 1388 508 1388 507 1388 496 1393 483 1388 482 1388 481 1388 480 1388 460 1399 396 1388 395 1388 342 1395 323 1388 322 1388 321 1388 320 1388 291 1397 274 1389 273 1389 225 1389 224 1389 172 1399 162 1395 161 1395 160 1395 159 1395 150 1400 149 1401 51 1401 52 1431"/>
                        </Shape>
                        <String CONTENT=""/>
                    </TextLine>

                    <TextLine ID="line_29" HPOS="50" VPOS="1437" WIDTH="813" HEIGHT="59" BASELINE="51 1480 863 1475" TAGREFS="TYPE_1">
                        <Shape>
                            <Polygon POINTS="51 1480 51 1495 349 1490 370 1495 378 1496 379 1496 380 1496 381 1496 382 1495 390 1489 408 1494 414 1496 415 1496 416 1496 435 1494 483 1490 544 1494 562 1495 563 1495 564 1495 567 1494 582 1489 623 1494 635 1495 636 1495 637 1495 641 1494 661 1488 731 1494 742 1494 743 1494 747 1494 778 1487 843 1487 860 1493 863 1475 861 1446 828 1440 827 1440 826 1440 813 1445 787 1437 786 1437 786 1437 740 1445 707 1437 707 1437 706 1437 705 1437 704 1437 698 1443 681 1438 680 1438 679 1438 678 1438 677 1438 666 1446 567 1438 566 1438 516 1439 515 1439 487 1447 432 1442 432 1442 431 1442 421 1447 380 1439 379 1439 378 1439 377 1439 369 1444 283 1440 282 1440 281 1440 257 1448 212 1448 86 1443 85 1443 50 1449 51 1480"/>
                        </Shape>
                        <String CONTENT=""/>
                    </TextLine>

                    <TextLine ID="line_30" HPOS="50" VPOS="1485" WIDTH="812" HEIGHT="69" BASELINE="51 1529 862 1523" TAGREFS="TYPE_1">
                        <Shape>
                            <Polygon POINTS="51 1529 51 1550 89 1542 120 1547 121 1547 147 1542 157 1548 157 1548 158 1548 159 1548 160 1548 161 1548 170 1541 199 1547 200 1547 252 1543 263 1548 264 1548 265 1548 266 1548 282 1540 305 1547 306 1547 307 1547 308 1547 321 1540 360 1540 382 1550 391 1554 392 1554 393 1554 493 1553 494 1553 501 1550 519 1541 536 1550 539 1551 540 1551 541 1551 542 1551 545 1550 566 1540 592 1540 612 1548 613 1548 614 1548 615 1548 635 1541 676 1541 701 1549 702 1549 703 1549 704 1549 730 1542 743 1550 744 1550 745 1550 746 1550 747 1550 748 1550 769 1540 785 1549 785 1550 786 1550 786 1550 787 1551 819 1551 819 1550 820 1550 821 1550 821 1549 831 1543 860 1549 862 1523 860 1494 771 1485 770 1485 717 1494 716 1494 707 1494 670 1494 649 1486 648 1486 647 1486 646 1486 611 1495 608 1495 603 1495 550 1488 549 1488 494 1495 486 1496 482 1495 453 1487 452 1487 451 1487 450 1487 432 1496 431 1497 393 1497 391 1496 373 1489 372 1489 371 1489 370 1489 369 1489 359 1496 358 1497 329 1497 322 1496 281 1488 280 1488 242 1494 217 1489 216 1489 215 1489 214 1489 202 1497 201 1497 199 1497 165 1489 164 1489 114 1497 100 1499 50 1498 51 1529"/>
                        </Shape>
                        <String CONTENT=""/>
                    </TextLine>
</TextBlock>
                <TextBlock ID="textblock_6">
                    
                    <TextLine ID="line_31" HPOS="574" VPOS="1537" WIDTH="86" HEIGHT="61" BASELINE="575 1581 660 1578" TAGREFS="TYPE_1">
                        <Shape>
                            <Polygon POINTS="575 1581 576 1598 618 1587 659 1595 660 1578 656 1537 625 1538 624 1538 623 1538 623 1539 612 1549 603 1559 574 1560 575 1581"/>
                        </Shape>
                        <String CONTENT=""/>
                    </TextLine>

                </TextBlock>
            </PrintSpace>
        </Page>
    </Layout>
</alto>