<?xml version="1.0" encoding="UTF-8"?>
<alto xmlns:xsi="http://www.w3.org/2001/XMLSchema-instance"
    xmlns="http://www.loc.gov/standards/alto/ns-v4#"
    xsi:schemaLocation="http://www.loc.gov/standards/alto/ns-v4# http://www.loc.gov/standards/alto/v4/alto-4-3.xsd">
    <Description>
        <MeasurementUnit>pixel</MeasurementUnit>
        <sourceImageInformation>
            <fileName>bsb10313792_00068.jpg</fileName>
        </sourceImageInformation>
        <Processing ID="OCR_0">
            <processingCategory>other</processingCategory>
            <processingStepDescription>unknown</processingStepDescription>
            <processingSoftware>
                <softwareName>kraken</softwareName>
                <softwareVersion>4.3.13</softwareVersion>
            </processingSoftware>
        </Processing>
    </Description>
    <Tags>
        <OtherTag ID="TYPE_1" LABEL="DefaultLine"/>
        <OtherTag ID="TYPE_2" LABEL="MainZone-Other"/>
        <OtherTag ID="TYPE_3" LABEL="RunningTitleZone"/>
        <OtherTag ID="TYPE_4" LABEL="QuireMarksZone"/>
        <OtherTag ID="TYPE_5" LABEL="MarginTextZone-Notes-Continued"/>
        <OtherTag ID="TYPE_6" LABEL="MarginTextZone-Notes"/>
        <OtherTag ID="TYPE_7" LABEL="GraphicZone-TextualContent"/>
        <OtherTag ID="TYPE_8" LABEL="DigitizationArtefactZone"/>
        <OtherTag ID="TYPE_9" LABEL="TableZone-Continued"/>
        <OtherTag ID="TYPE_10" LABEL="MainZone-Lg"/>
        <OtherTag ID="TYPE_11" LABEL="MainZone-Head"/>
        <OtherTag ID="TYPE_12" LABEL="StampZone"/>
        <OtherTag ID="TYPE_13" LABEL="MainZone-Form"/>
        <OtherTag ID="TYPE_14" LABEL="MainZone-List-Continued"/>
        <OtherTag ID="TYPE_15" LABEL="MainZone-Signature"/>
        <OtherTag ID="TYPE_16" LABEL="MarginTextZone-ManuscriptAddendum"/>
        <OtherTag ID="TYPE_17" LABEL="MainZone-P-Continued"/>
        <OtherTag ID="TYPE_18" LABEL="StampZone-Sticker"/>
        <OtherTag ID="TYPE_19" LABEL="TableZone-Head"/>
        <OtherTag ID="TYPE_20" LABEL="GraphicZone-Decoration"/>
        <OtherTag ID="TYPE_21" LABEL="DropCapitalZone"/>
        <OtherTag ID="TYPE_22" LABEL="NumberingZone"/>
        <OtherTag ID="TYPE_23" LABEL="FigureZone-Head"/>
        <OtherTag ID="TYPE_24" LABEL="TitlePageZone"/>
        <OtherTag ID="TYPE_25" LABEL="GraphicZone-Maths"/>
        <OtherTag ID="TYPE_26" LABEL="MainZone-Entry-Continued"/>
        <OtherTag ID="TYPE_27" LABEL="MainZone-Sp"/>
        <OtherTag ID="TYPE_28" LABEL="MainZone-Entry"/>
        <OtherTag ID="TYPE_29" LABEL="GraphicZone-Part"/>
        <OtherTag ID="TYPE_30" LABEL="GraphicZone"/>
        <OtherTag ID="TYPE_31" LABEL="MainZone-Sp-Continued"/>
        <OtherTag ID="TYPE_32" LABEL="TableZone"/>
        <OtherTag ID="TYPE_33" LABEL="TitlePageZone-Index"/>
        <OtherTag ID="TYPE_34" LABEL="AdvertisementZone"/>
        <OtherTag ID="TYPE_35" LABEL="MainZone-Date"/>
        <OtherTag ID="TYPE_36" LABEL="FigureZone-FigDesc"/>
        <OtherTag ID="TYPE_37" LABEL="GraphicZone-Head"/>
        <OtherTag ID="TYPE_38" LABEL="MainZone-List"/>
        <OtherTag ID="TYPE_39" LABEL="MainZone-P"/>
        <OtherTag ID="TYPE_40" LABEL="MainZone-Lg-Continued"/>
        <OtherTag ID="TYPE_41" LABEL="FigureZone"/>
        <OtherTag ID="TYPE_42" LABEL="GraphicZone-FigDesc"/>
    </Tags>
    <Layout>
        <Page WIDTH="1079" HEIGHT="1750" PHYSICAL_IMG_NR="0" ID="page_0">
            <PrintSpace HPOS="0" VPOS="0" WIDTH="1079" HEIGHT="1750">
                <TextBlock ID="block_0" HPOS="351" VPOS="61" WIDTH="459" HEIGHT="46" TAGREFS="TYPE_3">
                    <Shape>
                        <Polygon POINTS="351.30255126953125 61.8723030090332 810.1727905273438 61.8723030090332 810.1727905273438 107.02693176269531 351.30255126953125 107.02693176269531 351.30255126953125 61.8723030090332"/>
                    </Shape>
                    <TextLine ID="line_0" HPOS="349" VPOS="54" WIDTH="452" HEIGHT="58" BASELINE="350 96 801 90" TAGREFS="TYPE_1">
                        <Shape>
                            <Polygon POINTS="787 58 777 60 767 60 757 60 748 60 738 60 728 60 719 60 709 60 699 60 689 60 680 60 670 60 660 60 650 60 641 60 631 60 621 60 611 60 602 60 592 60 582 60 578 60 574 61 572 60 563 60 553 60 547 60 544 61 537 60 534 60 524 60 514 60 504 60 495 60 492 60 488 62 481 60 475 60 466 60 456 60 449 60 441 62 430 60 427 60 417 60 414 60 411 63 405 60 397 60 388 60 378 60 368 60 359 60 349 60 350 96 352 112 361 105 375 110 376 110 377 110 378 110 379 110 379 109 385 105 458 105 467 109 472 111 473 111 474 111 493 108 530 103 548 107 560 110 561 110 562 110 592 106 600 105 606 105 636 109 637 109 638 109 639 109 645 105 648 103 654 105 665 108 666 108 667 108 668 108 669 108 674 105 678 102 682 104 684 106 685 106 686 106 687 106 688 106 695 104 701 101 703 104 707 106 707 107 708 107 709 107 710 107 711 107 712 107 718 104 720 101 725 103 735 107 736 107 737 107 801 101 801 90 798 54 787 54 787 58"/>
                        </Shape>
                        <String CONTENT=""/>
                    </TextLine>
</TextBlock>
                <TextBlock ID="block_3" HPOS="180" VPOS="67" WIDTH="53" HEIGHT="42" TAGREFS="TYPE_22">
                    <Shape>
                        <Polygon POINTS="180.18612670898438 67.4863052368164 233.85821533203125 67.4863052368164 233.85821533203125 109.69684600830078 180.18612670898438 109.69684600830078 180.18612670898438 67.4863052368164"/>
                    </Shape>
                    <TextLine ID="line_1" HPOS="181" VPOS="66" WIDTH="57" HEIGHT="49" BASELINE="181 97 238 97" TAGREFS="TYPE_1">
                        <Shape>
                            <Polygon POINTS="211 66 201 66 191 66 181 66 181 97 181 115 238 106 238 97 238 73 217 66 211 66"/>
                        </Shape>
                        <String CONTENT=""/>
                    </TextLine>
</TextBlock>
                <TextBlock ID="block_2" HPOS="171" VPOS="105" WIDTH="822" HEIGHT="1243" TAGREFS="TYPE_17">
                    <Shape>
                        <Polygon POINTS="171.4594268798828 105.8098373413086 993.1715087890625 105.8098373413086 993.1715087890625 1348.0592041015625 171.4594268798828 1348.0592041015625 171.4594268798828 105.8098373413086"/>
                    </Shape>
                    <TextLine ID="line_2" HPOS="179" VPOS="103" WIDTH="792" HEIGHT="64" BASELINE="180 148 971 143" TAGREFS="TYPE_1">
                        <Shape>
                            <Polygon POINTS="948 103 938 103 929 103 919 103 918 103 917 103 916 103 914 104 901 109 885 104 881 103 880 103 879 103 878 103 874 104 850 113 827 109 827 109 775 114 738 108 737 108 736 108 735 108 725 114 661 110 660 110 659 110 648 116 515 116 508 111 502 105 501 105 500 105 467 105 467 105 466 105 448 112 441 114 435 112 413 105 412 105 352 105 351 105 350 105 315 114 296 106 295 106 294 106 262 111 237 107 236 107 235 107 222 113 197 106 196 106 195 106 194 106 193 106 179 114 180 148 181 167 211 159 278 159 293 166 295 167 296 167 297 167 304 166 339 160 354 166 355 166 356 166 357 166 358 166 359 166 376 158 404 165 407 166 408 166 409 167 446 167 446 166 447 166 450 165 466 158 489 165 494 166 495 166 496 166 547 165 548 165 551 164 575 157 616 157 629 163 631 164 632 164 633 164 634 164 636 163 647 158 694 163 709 164 710 164 711 164 716 163 737 157 764 162 765 162 766 162 767 162 768 162 776 155 814 155 851 160 852 160 902 156 910 161 913 163 914 163 915 163 916 163 971 160 971 143 970 103 958 103 948 103"/>
                        </Shape>
                        <String CONTENT=""/>
                    </TextLine>

                    <TextLine ID="line_3" HPOS="179" VPOS="159" WIDTH="792" HEIGHT="56" BASELINE="179 199 971 191" TAGREFS="TYPE_1">
                        <Shape>
                            <Polygon POINTS="179 199 179 210 215 215 216 215 258 210 270 215 271 215 272 215 273 215 292 209 294 209 298 209 338 214 339 214 340 214 352 209 417 208 441 208 442 208 473 213 474 213 528 212 529 212 530 212 539 207 539 207 574 212 575 212 575 212 597 206 599 206 614 206 771 210 772 210 773 210 774 210 783 204 784 204 794 204 879 209 880 209 881 209 894 203 895 203 970 203 971 191 969 165 899 160 898 160 873 165 867 167 710 167 708 167 699 161 698 161 697 161 696 161 673 167 666 168 660 167 638 162 637 162 636 162 615 167 611 168 607 167 575 159 575 159 574 159 513 168 504 169 501 168 476 160 475 160 474 160 436 166 395 161 394 161 393 161 364 169 347 162 346 162 287 162 287 162 286 162 273 168 266 163 265 163 264 163 209 163 208 163 179 170 179 199"/>
                        </Shape>
                        <String CONTENT=""/>
                    </TextLine>

                    <TextLine ID="line_4" HPOS="179" VPOS="204" WIDTH="793" HEIGHT="61" BASELINE="179 247 972 243" TAGREFS="TYPE_1">
                        <Shape>
                            <Polygon POINTS="179 247 179 265 224 258 351 263 352 263 353 263 374 257 399 262 400 262 401 262 415 257 491 261 492 261 493 261 504 256 575 256 584 261 585 261 586 261 587 261 590 261 610 256 617 260 619 262 620 262 621 262 622 262 623 262 627 260 639 256 652 260 656 261 657 261 658 261 671 260 713 255 732 259 741 261 742 261 768 259 820 254 839 258 850 260 851 260 971 256 972 243 971 211 819 204 818 204 817 204 816 204 806 212 741 212 724 205 723 205 722 205 686 210 662 205 661 205 660 205 659 205 644 212 627 206 626 206 625 206 579 212 538 206 537 206 536 206 517 210 505 207 504 207 503 207 503 207 502 207 493 213 451 207 450 207 449 207 437 212 424 209 423 209 422 209 421 209 420 209 413 214 358 214 341 207 340 207 339 207 283 214 202 208 201 208 200 208 179 215 179 247"/>
                        </Shape>
                        <String CONTENT=""/>
                    </TextLine>

                    <TextLine ID="line_5" HPOS="180" VPOS="254" WIDTH="793" HEIGHT="58" BASELINE="181 295 973 291" TAGREFS="TYPE_1">
                        <Shape>
                            <Polygon POINTS="181 295 181 309 528 312 529 312 669 306 696 305 706 306 761 311 762 311 763 311 764 311 773 305 775 304 776 305 786 310 787 310 788 310 810 305 815 304 920 304 923 304 966 310 967 310 968 310 969 310 973 305 973 291 971 265 891 265 880 257 879 257 878 257 832 254 831 254 830 254 829 254 815 263 805 258 804 258 803 258 802 258 801 258 791 265 758 265 730 255 729 255 728 255 727 255 693 265 680 259 679 259 678 259 632 265 618 255 617 255 616 255 577 255 576 255 575 255 543 264 515 256 514 256 513 256 466 267 431 267 415 258 414 258 413 258 369 260 368 260 356 267 334 261 333 261 332 261 282 265 270 257 269 257 268 257 219 257 218 257 217 257 180 268 181 295"/>
                        </Shape>
                        <String CONTENT=""/>
                    </TextLine>

                    <TextLine ID="line_6" HPOS="179" VPOS="303" WIDTH="793" HEIGHT="57" BASELINE="180 345 972 342" TAGREFS="TYPE_1">
                        <Shape>
                            <Polygon POINTS="180 345 180 360 217 355 398 360 418 360 419 360 424 360 474 354 674 359 683 359 683 359 685 359 727 353 744 358 745 358 746 358 892 353 971 358 972 342 971 313 896 303 876 303 875 303 874 303 859 312 857 313 777 313 774 311 760 304 759 304 758 304 722 310 706 313 577 312 569 309 551 304 550 304 485 304 484 304 483 304 474 308 468 311 462 308 456 305 455 305 454 305 453 305 441 308 431 310 421 308 408 305 407 305 406 305 405 305 402 307 396 313 370 314 360 308 359 308 359 308 358 308 320 311 314 307 312 305 311 305 310 305 309 305 308 305 303 307 291 311 282 306 281 306 280 306 179 306 180 345"/>
                        </Shape>
                        <String CONTENT=""/>
                    </TextLine>

                    <TextLine ID="line_7" HPOS="179" VPOS="352" WIDTH="789" HEIGHT="61" BASELINE="180 394 968 389" TAGREFS="TYPE_1">
                        <Shape>
                            <Polygon POINTS="180 394 180 413 217 412 218 412 231 405 320 412 328 412 329 412 330 412 331 412 343 404 356 409 357 409 358 409 401 404 450 409 451 409 582 403 595 408 599 410 600 410 601 410 617 408 653 403 696 407 720 409 721 409 754 406 809 401 830 405 846 408 847 408 967 403 968 389 966 355 912 352 911 352 910 352 901 356 885 362 827 357 825 357 824 357 823 357 805 363 748 358 720 356 719 356 719 356 718 356 714 359 706 364 670 364 653 360 626 354 569 354 568 354 567 354 566 354 556 361 552 364 538 362 527 360 526 360 495 362 460 365 456 363 446 355 445 355 444 355 377 355 376 355 375 355 374 355 362 364 344 361 343 361 342 361 341 361 336 365 334 366 326 365 269 356 268 356 267 356 266 356 251 366 251 367 179 367 180 394"/>
                        </Shape>
                        <String CONTENT=""/>
                    </TextLine>

                    <TextLine ID="line_8" HPOS="183" VPOS="401" WIDTH="784" HEIGHT="58" BASELINE="184 443 967 438" TAGREFS="TYPE_1">
                        <Shape>
                            <Polygon POINTS="184 443 184 453 313 459 314 459 371 453 382 452 389 453 419 458 420 459 497 459 497 458 498 458 499 458 505 454 541 457 542 457 543 457 544 457 551 453 553 452 560 453 607 457 608 457 609 457 610 457 616 452 618 451 634 452 681 456 682 456 702 452 709 451 776 451 777 452 783 456 784 456 785 456 786 456 845 455 846 455 847 455 852 452 854 450 863 452 886 455 887 455 888 455 899 452 901 451 903 452 912 455 913 455 914 455 966 451 967 438 965 413 945 413 945 412 928 401 927 401 926 401 906 401 905 401 904 401 882 412 882 413 854 413 854 412 839 401 838 401 837 401 836 401 803 402 802 402 785 412 782 414 748 414 743 412 707 402 706 402 705 402 704 402 676 411 643 403 642 403 641 403 612 412 606 414 594 412 552 404 551 404 550 404 524 412 523 412 508 403 507 403 506 403 505 403 445 404 444 404 422 412 411 415 394 415 390 412 380 404 379 404 378 404 377 404 376 404 361 412 356 415 339 412 324 409 323 409 323 409 313 412 296 416 183 412 184 443"/>
                        </Shape>
                        <String CONTENT=""/>
                    </TextLine>

                    <TextLine ID="line_9" HPOS="178" VPOS="450" WIDTH="796" HEIGHT="59" BASELINE="179 493 974 489" TAGREFS="TYPE_1">
                        <Shape>
                            <Polygon POINTS="179 493 179 502 326 509 327 509 328 509 345 502 346 502 349 502 386 507 387 507 414 502 415 502 417 502 440 508 441 508 442 508 443 508 444 508 452 502 453 502 460 502 623 507 624 507 649 501 656 500 660 501 671 506 672 506 673 506 674 506 692 501 698 500 729 501 817 505 818 505 860 501 879 499 884 501 894 505 895 505 896 505 974 500 974 489 972 458 935 450 934 450 933 450 932 450 920 457 919 458 899 458 895 457 882 454 881 454 880 454 831 457 798 459 746 456 705 455 704 455 687 456 652 460 641 455 629 452 628 452 627 452 626 452 614 455 602 460 592 455 586 453 585 453 584 453 583 453 577 455 575 456 559 455 509 452 508 452 507 452 497 455 483 459 475 455 470 453 469 453 412 453 411 453 410 453 409 453 406 455 394 462 371 462 343 455 336 453 335 453 334 453 333 453 327 454 299 463 262 463 224 454 223 454 178 454 179 493"/>
                        </Shape>
                        <String CONTENT=""/>
                    </TextLine>

                    <TextLine ID="line_10" HPOS="179" VPOS="498" WIDTH="798" HEIGHT="60" BASELINE="180 542 977 538" TAGREFS="TYPE_1">
                        <Shape>
                            <Polygon POINTS="180 542 180 551 377 558 378 558 422 553 496 557 497 557 498 557 508 552 529 557 530 557 531 557 532 557 533 557 541 551 619 556 620 556 653 550 666 555 667 555 668 556 746 556 746 555 747 555 748 555 755 550 789 555 790 555 791 555 791 555 799 549 827 555 827 556 861 556 861 555 862 555 873 549 963 555 964 555 965 555 977 547 977 538 975 509 895 509 893 508 878 498 877 498 876 498 875 498 874 498 873 498 862 508 860 508 808 507 789 507 761 499 760 499 759 499 758 499 745 506 740 509 670 508 666 506 647 499 647 499 646 499 645 499 630 505 624 508 620 505 611 499 611 499 610 499 609 499 570 504 561 500 560 500 559 500 558 500 557 500 551 505 547 507 531 505 504 501 503 501 503 501 495 504 482 511 414 511 396 503 387 500 386 500 385 500 328 503 284 505 276 502 272 501 271 501 270 501 269 501 265 502 245 509 179 502 180 542"/>
                        </Shape>
                        <String CONTENT=""/>
                    </TextLine>

                    <TextLine ID="line_11" HPOS="182" VPOS="553" WIDTH="796" HEIGHT="56" BASELINE="182 589 978 589" TAGREFS="TYPE_1">
                        <Shape>
                            <Polygon POINTS="182 589 182 607 216 609 217 609 218 609 219 609 221 607 230 602 252 607 253 607 254 607 255 607 281 602 295 607 298 608 299 608 300 608 309 607 343 602 353 607 358 609 359 609 359 609 373 607 395 603 436 607 467 609 467 609 468 609 469 609 473 606 480 602 496 606 506 609 507 609 508 609 533 606 568 602 632 602 644 606 653 609 654 609 655 609 656 609 668 606 681 602 691 606 696 607 697 607 698 607 708 606 726 602 732 605 737 609 738 609 739 609 740 609 775 605 806 602 827 605 854 609 855 609 978 604 978 589 978 562 939 553 938 553 895 561 848 556 847 556 846 556 845 556 835 562 771 562 723 553 722 553 637 561 620 555 619 555 520 553 519 553 518 553 517 553 506 561 479 556 478 556 444 561 426 553 425 553 334 553 333 553 298 560 288 553 287 553 287 553 253 553 252 553 251 553 231 562 182 562 182 589"/>
                        </Shape>
                        <String CONTENT=""/>
                    </TextLine>

                    <TextLine ID="line_12" HPOS="183" VPOS="601" WIDTH="746" HEIGHT="57" BASELINE="184 639 929 638" TAGREFS="TYPE_1">
                        <Shape>
                            <Polygon POINTS="184 639 184 658 248 651 255 656 256 656 257 656 258 656 259 656 277 649 292 649 304 657 305 657 306 657 307 657 352 650 364 657 365 657 366 657 369 657 420 650 436 656 437 656 438 656 442 656 475 655 476 655 500 649 516 656 517 656 518 656 519 656 520 656 521 656 530 649 557 649 570 655 574 657 575 657 575 658 602 658 602 657 603 657 604 657 606 655 613 649 638 655 641 655 642 655 646 655 680 649 732 649 747 654 750 655 751 655 752 655 769 654 811 650 818 653 826 657 827 657 827 657 828 657 839 653 850 649 861 653 865 655 866 655 867 655 868 655 874 653 886 649 927 652 929 638 927 609 719 609 719 608 711 601 710 601 709 601 708 601 641 607 640 607 639 607 614 601 613 601 612 601 611 601 611 601 602 607 600 608 562 608 561 607 554 601 553 601 552 601 551 601 527 607 521 608 508 607 459 601 458 601 183 605 184 639"/>
                        </Shape>
                        <String CONTENT=""/>
                    </TextLine>

                    <TextLine ID="line_13" HPOS="229" VPOS="647" WIDTH="752" HEIGHT="60" BASELINE="230 690 981 687" TAGREFS="TYPE_1">
                        <Shape>
                            <Polygon POINTS="230 690 230 701 323 707 323 707 324 707 337 701 341 700 354 701 383 705 384 705 415 701 427 700 429 701 434 706 435 706 436 706 479 707 480 707 508 701 520 700 533 701 560 706 561 706 562 706 575 701 580 700 590 701 610 705 611 705 611 705 626 701 633 700 636 701 644 706 645 706 646 706 647 707 698 707 698 706 699 706 719 701 726 700 736 701 758 705 759 705 798 701 816 700 829 701 852 704 853 704 854 704 863 701 868 700 871 701 877 705 878 705 879 705 880 705 980 700 981 687 979 651 939 647 938 647 937 647 936 647 932 651 922 659 842 659 832 651 827 647 827 647 826 647 798 647 797 647 796 647 795 647 789 652 780 657 728 654 727 654 726 654 725 654 719 659 698 652 690 650 689 650 688 650 659 653 623 656 617 653 608 648 607 648 606 648 583 653 560 659 551 653 544 649 543 649 542 649 541 649 510 654 505 654 503 654 495 650 494 650 493 650 492 650 483 654 471 659 464 654 457 649 456 649 455 649 454 649 432 654 409 660 397 654 396 654 395 654 395 654 391 654 376 658 371 655 364 649 363 649 362 649 316 649 315 649 314 649 303 655 294 660 275 655 260 652 259 652 229 655 230 690"/>
                        </Shape>
                        <String CONTENT=""/>
                    </TextLine>

                    <TextLine ID="line_14" HPOS="180" VPOS="700" WIDTH="801" HEIGHT="56" BASELINE="181 738 981 736" TAGREFS="TYPE_1">
                        <Shape>
                            <Polygon POINTS="181 738 181 748 230 754 231 754 261 749 263 749 266 749 304 756 305 756 404 750 430 749 440 750 469 755 470 755 575 754 575 754 576 754 579 751 586 748 666 748 675 752 681 755 682 755 683 756 716 756 716 755 717 755 721 753 729 748 745 753 753 755 754 755 755 755 755 755 761 753 773 749 790 753 799 755 800 755 801 755 802 755 804 753 813 748 980 754 981 736 979 705 941 700 940 700 920 705 905 709 859 709 850 705 836 700 835 700 834 700 833 700 825 705 819 708 789 705 766 703 765 703 736 705 700 708 694 705 686 701 685 701 684 701 659 705 644 708 641 705 634 700 633 700 632 700 611 700 610 700 609 700 608 700 599 705 594 709 561 709 546 706 536 703 535 703 534 703 533 703 526 706 517 710 415 710 407 706 395 701 394 701 334 701 333 701 332 701 331 701 323 706 319 709 310 706 294 701 293 701 262 701 261 701 260 701 259 701 251 706 247 709 238 706 221 701 220 701 219 701 218 701 208 706 202 709 180 707 181 738"/>
                        </Shape>
                        <String CONTENT=""/>
                    </TextLine>

                    <TextLine ID="line_15" HPOS="183" VPOS="751" WIDTH="794" HEIGHT="54" BASELINE="184 787 977 785" TAGREFS="TYPE_1">
                        <Shape>
                            <Polygon POINTS="184 787 184 798 255 798 260 799 284 805 285 805 286 805 352 799 370 798 376 799 394 805 395 805 395 805 421 800 422 800 454 804 455 804 456 804 467 800 472 798 482 800 506 805 507 805 538 800 541 800 544 800 566 805 567 805 568 805 577 800 585 797 606 801 621 803 622 803 623 803 630 801 641 797 763 797 782 801 793 804 794 805 846 805 846 804 847 804 851 802 860 797 874 802 881 804 882 804 883 805 925 805 925 804 926 804 933 802 952 797 975 802 977 785 974 756 794 760 789 757 780 751 779 751 778 751 777 751 776 751 763 757 759 760 709 760 686 758 628 751 627 751 626 751 625 751 616 758 613 761 579 761 569 759 529 752 528 752 527 752 526 752 517 759 514 762 471 762 466 759 445 752 444 752 402 752 401 752 363 760 358 762 334 762 332 760 323 753 322 753 321 753 320 753 319 753 318 753 306 761 305 761 300 761 233 752 232 752 183 761 184 787"/>
                        </Shape>
                        <String CONTENT=""/>
                    </TextLine>

                    <TextLine ID="line_16" HPOS="181" VPOS="800" WIDTH="799" HEIGHT="56" BASELINE="181 836 980 836" TAGREFS="TYPE_1">
                        <Shape>
                            <Polygon POINTS="181 836 181 846 215 847 226 855 227 855 228 855 229 855 268 847 280 853 281 853 282 853 283 853 299 848 329 855 330 856 354 856 354 855 355 855 356 855 368 847 435 855 436 855 558 849 625 855 626 855 627 855 643 847 721 855 722 856 780 856 780 855 781 855 782 855 793 847 821 847 863 853 863 853 908 847 918 853 919 853 920 853 921 853 980 846 980 836 980 811 936 811 935 810 921 800 920 800 919 800 918 800 917 800 887 808 857 800 856 800 855 800 854 800 833 808 829 810 809 808 782 805 781 805 769 807 757 810 752 807 736 800 735 800 668 800 667 800 666 800 647 806 634 810 512 809 500 804 499 804 498 804 497 804 496 804 495 804 478 810 465 804 458 800 457 800 456 800 455 800 454 800 449 804 438 809 427 804 426 804 425 804 424 804 423 804 413 811 367 811 353 802 350 800 349 800 348 800 347 800 334 802 314 805 297 801 290 800 289 800 288 800 287 800 287 801 272 811 245 811 217 800 216 800 215 800 181 800 181 836"/>
                        </Shape>
                        <String CONTENT=""/>
                    </TextLine>

                    <TextLine ID="line_17" HPOS="180" VPOS="849" WIDTH="793" HEIGHT="58" BASELINE="181 885 973 888" TAGREFS="TYPE_1">
                        <Shape>
                            <Polygon POINTS="181 885 180 897 255 905 256 905 286 898 287 898 290 898 446 906 447 906 482 899 501 906 502 906 503 906 503 906 522 901 555 906 556 906 557 906 558 906 570 899 607 899 615 906 616 906 617 906 618 906 655 899 656 899 673 899 730 899 743 906 744 906 745 906 812 900 827 907 827 907 828 907 829 907 848 901 899 907 900 907 972 899 973 888 972 859 928 853 927 853 926 853 907 858 901 860 895 858 873 851 872 851 804 851 803 851 802 851 790 858 785 860 774 858 756 854 755 854 711 858 690 859 685 857 673 852 672 852 671 852 623 857 605 859 595 857 564 850 563 850 562 850 561 850 551 857 548 859 525 859 516 857 492 850 491 850 490 850 489 850 488 850 480 857 476 859 388 859 384 856 374 849 373 849 372 849 347 849 346 849 345 849 344 849 332 856 329 858 318 856 293 852 292 852 263 856 252 857 246 856 217 849 216 849 181 855 181 885"/>
                        </Shape>
                        <String CONTENT=""/>
                    </TextLine>

                    <TextLine ID="line_18" HPOS="181" VPOS="899" WIDTH="794" HEIGHT="57" BASELINE="182 935 975 937" TAGREFS="TYPE_1">
                        <Shape>
                            <Polygon POINTS="182 935 181 945 223 952 224 952 225 952 226 952 235 947 274 948 282 954 283 954 284 954 285 955 425 955 425 954 426 954 436 949 444 954 445 954 446 954 447 955 535 955 535 954 536 954 545 949 549 947 560 949 594 955 595 955 648 950 668 948 755 948 759 951 764 954 765 954 766 954 767 954 797 951 816 949 819 951 824 955 825 955 826 955 827 956 897 956 897 955 898 955 905 952 914 948 973 952 975 937 974 905 939 901 938 901 920 904 899 908 885 904 876 901 875 901 874 901 873 901 866 904 852 910 832 903 827 902 827 902 826 902 825 902 820 903 804 909 795 903 794 903 793 903 792 903 790 903 771 907 765 903 762 901 761 901 760 901 712 901 711 901 710 901 707 903 692 910 672 905 671 905 670 905 669 905 659 910 586 902 569 900 568 900 567 900 563 901 544 909 521 901 517 900 516 900 486 900 485 900 484 900 483 900 482 901 470 910 381 910 368 900 367 900 366 900 344 900 343 900 342 900 341 900 325 910 232 910 182 899 182 935"/>
                        </Shape>
                        <String CONTENT=""/>
                    </TextLine>

                    <TextLine ID="line_19" HPOS="182" VPOS="974" WIDTH="342" HEIGHT="28" BASELINE="183 984 524 986" TAGREFS="TYPE_1">
                        <Shape>
                            <Polygon POINTS="514 974 504 974 495 974 485 974 475 974 466 974 456 974 446 974 436 974 427 974 417 974 407 974 397 974 388 974 378 974 368 974 359 974 349 974 339 974 329 974 320 974 310 974 300 974 290 974 281 974 271 974 261 974 251 974 242 974 232 974 222 974 213 974 203 974 193 974 183 974 183 984 182 993 217 1001 218 1001 219 1001 235 995 251 1000 251 1000 252 1000 253 1000 270 995 271 995 278 1001 279 1001 280 1001 281 1002 336 1002 336 1001 337 1001 338 1001 342 997 345 995 354 997 378 1002 379 1002 380 1002 396 998 405 996 522 1000 524 986 523 974 514 974"/>
                        </Shape>
                        <String CONTENT=""/>
                    </TextLine>

                    <TextLine ID="line_20" HPOS="229" VPOS="991" WIDTH="750" HEIGHT="58" BASELINE="230 1035 979 1033" TAGREFS="TYPE_1">
                        <Shape>
                            <Polygon POINTS="230 1035 230 1046 977 1049 979 1033 977 1005 955 1005 955 1004 928 991 927 991 873 991 872 991 871 991 849 1003 846 1005 742 1005 738 1002 725 991 724 991 723 991 722 991 618 992 617 992 616 992 609 997 558 992 557 992 556 992 543 999 535 1004 525 999 520 997 519 997 518 997 517 997 513 999 504 1003 487 999 480 997 479 997 478 997 477 997 471 998 445 1006 407 1006 386 997 374 993 373 993 372 993 371 993 370 993 364 997 352 1005 328 997 327 997 326 997 325 997 324 997 318 1002 289 997 288 997 287 997 267 1005 254 996 253 996 252 996 229 996 230 1035"/>
                        </Shape>
                        <String CONTENT=""/>
                    </TextLine>

                    <TextLine ID="line_21" HPOS="183" VPOS="1043" WIDTH="797" HEIGHT="56" BASELINE="184 1084 980 1082" TAGREFS="TYPE_1">
                        <Shape>
                            <Polygon POINTS="184 1084 184 1099 209 1094 322 1099 326 1099 327 1099 328 1099 342 1093 389 1098 390 1098 391 1098 405 1094 412 1099 413 1099 414 1099 415 1099 420 1099 512 1093 550 1099 553 1099 554 1099 555 1099 556 1099 583 1092 608 1092 616 1098 617 1098 618 1098 619 1099 730 1099 730 1098 731 1098 749 1092 795 1098 796 1099 829 1099 829 1098 830 1098 831 1098 841 1092 978 1098 980 1082 978 1047 937 1043 936 1043 935 1043 935 1043 931 1046 921 1053 896 1053 880 1046 872 1043 871 1043 870 1043 847 1046 832 1048 827 1046 821 1043 820 1043 819 1043 818 1043 817 1043 813 1046 803 1053 770 1053 760 1046 756 1043 755 1043 755 1043 730 1043 729 1043 728 1043 720 1046 702 1053 672 1053 661 1047 660 1047 659 1047 658 1047 618 1050 594 1046 582 1043 581 1043 580 1043 575 1045 568 1050 559 1045 555 1044 554 1044 553 1044 552 1044 547 1045 521 1054 380 1054 362 1045 360 1044 359 1044 269 1044 268 1044 267 1044 264 1045 232 1053 216 1045 216 1044 215 1044 215 1044 214 1044 183 1044 184 1084"/>
                        </Shape>
                        <String CONTENT=""/>
                    </TextLine>

                    <TextLine ID="line_22" HPOS="182" VPOS="1093" WIDTH="802" HEIGHT="59" BASELINE="182 1132 984 1132" TAGREFS="TYPE_1">
                        <Shape>
                            <Polygon POINTS="182 1132 182 1151 244 1143 266 1151 267 1151 268 1151 269 1151 274 1151 316 1145 365 1150 377 1151 378 1151 379 1151 381 1150 395 1142 431 1148 431 1148 432 1148 448 1142 550 1142 573 1149 581 1151 582 1151 583 1151 584 1151 585 1151 588 1148 595 1144 614 1148 615 1148 616 1148 617 1148 640 1142 661 1148 672 1151 673 1151 674 1152 720 1152 720 1151 721 1151 722 1151 726 1147 729 1146 738 1147 761 1151 762 1151 763 1151 779 1147 789 1145 798 1147 820 1151 821 1151 849 1146 877 1142 905 1146 921 1148 922 1148 923 1148 928 1146 935 1143 983 1145 984 1132 983 1101 917 1103 910 1101 895 1095 894 1095 893 1095 892 1095 878 1101 873 1104 768 1104 763 1101 743 1093 742 1093 685 1093 684 1093 634 1099 621 1094 620 1094 619 1094 618 1094 600 1102 598 1103 597 1102 585 1093 584 1093 583 1093 582 1093 525 1100 518 1095 517 1095 516 1095 442 1093 441 1093 440 1093 417 1103 416 1104 330 1104 329 1103 315 1097 314 1097 218 1093 217 1093 216 1093 182 1103 182 1132"/>
                        </Shape>
                        <String CONTENT=""/>
                    </TextLine>

                    <TextLine ID="line_23" HPOS="180" VPOS="1143" WIDTH="807" HEIGHT="53" BASELINE="181 1182 987 1180" TAGREFS="TYPE_1">
                        <Shape>
                            <Polygon POINTS="181 1182 181 1196 986 1193 987 1180 985 1148 918 1143 917 1143 916 1143 897 1148 888 1151 835 1151 831 1148 824 1143 823 1143 822 1143 821 1143 820 1143 819 1143 812 1149 809 1150 795 1149 760 1145 759 1145 758 1145 750 1149 748 1150 746 1149 735 1143 734 1143 733 1143 732 1143 731 1143 722 1149 720 1151 660 1151 657 1150 633 1143 632 1143 631 1143 630 1143 613 1150 612 1150 611 1150 586 1143 585 1143 584 1143 526 1150 518 1151 512 1150 478 1145 477 1145 476 1145 475 1145 467 1151 466 1152 416 1152 414 1151 377 1144 376 1144 375 1144 374 1144 364 1151 350 1144 349 1144 225 1144 224 1144 223 1144 222 1144 211 1152 180 1152 181 1182"/>
                        </Shape>
                        <String CONTENT=""/>
                    </TextLine>

                    <TextLine ID="line_24" HPOS="181" VPOS="1191" WIDTH="804" HEIGHT="54" BASELINE="181 1229 985 1231" TAGREFS="TYPE_1">
                        <Shape>
                            <Polygon POINTS="181 1229 181 1245 984 1245 985 1231 983 1197 906 1202 886 1196 877 1193 876 1193 830 1193 829 1193 828 1193 824 1195 813 1200 792 1195 782 1193 781 1193 780 1193 779 1193 777 1195 768 1202 743 1195 740 1194 739 1194 738 1194 737 1194 736 1194 736 1195 725 1203 636 1203 613 1194 611 1193 610 1193 533 1192 532 1192 531 1192 530 1192 529 1193 516 1202 473 1202 459 1193 459 1192 458 1192 457 1192 421 1192 420 1192 419 1192 418 1192 403 1201 375 1196 374 1196 308 1201 265 1192 264 1192 263 1192 262 1192 251 1201 222 1201 210 1193 209 1193 208 1193 181 1191 181 1229"/>
                        </Shape>
                        <String CONTENT=""/>
                    </TextLine>

                    <TextLine ID="line_25" HPOS="181" VPOS="1241" WIDTH="801" HEIGHT="56" BASELINE="182 1277 982 1280" TAGREFS="TYPE_1">
                        <Shape>
                            <Polygon POINTS="182 1277 181 1288 205 1295 206 1295 207 1295 244 1289 312 1295 313 1295 340 1289 341 1289 342 1289 390 1295 391 1295 392 1295 417 1289 419 1289 420 1289 450 1295 451 1295 476 1291 484 1296 485 1296 486 1296 487 1297 523 1297 523 1296 524 1296 536 1291 546 1296 547 1296 548 1297 617 1297 617 1296 618 1296 639 1290 674 1296 675 1296 714 1290 715 1290 721 1290 766 1291 776 1297 777 1297 778 1297 779 1297 811 1292 857 1297 858 1297 859 1297 860 1297 869 1291 902 1295 903 1295 981 1290 982 1280 981 1248 904 1243 903 1243 902 1243 901 1243 895 1248 885 1254 863 1254 854 1248 852 1246 851 1246 850 1246 849 1246 848 1246 841 1248 828 1251 820 1248 807 1243 806 1243 805 1243 804 1243 803 1243 796 1248 789 1252 774 1248 771 1247 770 1247 769 1247 759 1248 716 1253 659 1253 649 1248 638 1243 637 1243 636 1243 635 1243 634 1243 626 1248 618 1253 523 1253 516 1248 510 1244 509 1244 508 1244 507 1244 488 1248 486 1248 485 1248 443 1241 273 1241 272 1241 271 1241 270 1241 260 1248 257 1250 182 1249 182 1277"/>
                        </Shape>
                        <String CONTENT=""/>
                    </TextLine>

                    <TextLine ID="line_26" HPOS="180" VPOS="1288" WIDTH="800" HEIGHT="57" BASELINE="181 1327 980 1329" TAGREFS="TYPE_1">
                        <Shape>
                            <Polygon POINTS="181 1327 180 1335 219 1343 220 1343 344 1337 444 1344 445 1344 446 1344 469 1337 515 1344 516 1344 587 1338 642 1345 643 1345 979 1337 980 1329 979 1299 957 1299 957 1298 934 1289 933 1289 889 1289 888 1289 887 1289 866 1298 865 1298 804 1289 803 1289 802 1289 789 1295 759 1290 758 1290 757 1290 756 1290 746 1298 730 1298 703 1298 702 1298 679 1289 678 1289 677 1289 598 1298 591 1298 587 1298 545 1288 544 1288 543 1288 542 1288 531 1295 520 1292 519 1292 518 1292 517 1292 507 1296 463 1288 462 1288 419 1297 418 1297 401 1288 400 1288 399 1288 398 1288 397 1288 372 1295 358 1288 357 1288 356 1288 323 1293 317 1288 316 1288 315 1288 262 1288 261 1288 260 1288 259 1288 246 1297 244 1297 181 1297 181 1327"/>
                        </Shape>
                        <String CONTENT=""/>
                    </TextLine>
</TextBlock>
                <TextBlock ID="block_4" HPOS="176" VPOS="1001" WIDTH="820" HEIGHT="550" TAGREFS="TYPE_39">
                    <Shape>
                        <Polygon POINTS="176.20388793945312 1001.7005615234375 996.2985229492188 1001.7005615234375 996.2985229492188 1551.13525390625 176.20388793945312 1551.13525390625 176.20388793945312 1001.7005615234375"/>
                    </Shape>
                    <TextLine ID="line_27" HPOS="179" VPOS="1340" WIDTH="799" HEIGHT="55" BASELINE="179 1379 978 1379" TAGREFS="TYPE_1">
                        <Shape>
                            <Polygon POINTS="179 1379 179 1389 281 1389 282 1389 287 1394 288 1394 289 1394 290 1395 371 1395 371 1394 372 1394 385 1389 387 1389 389 1389 406 1394 407 1394 408 1395 492 1395 492 1394 493 1394 494 1394 499 1390 501 1389 508 1390 545 1394 546 1394 978 1391 978 1379 978 1346 971 1343 970 1343 969 1343 968 1343 967 1343 961 1347 957 1349 954 1347 945 1342 944 1342 943 1342 942 1342 934 1347 927 1351 899 1351 891 1347 871 1340 870 1340 756 1340 755 1340 717 1348 706 1350 698 1348 674 1341 673 1341 672 1341 671 1341 654 1348 653 1348 574 1340 573 1340 572 1340 549 1348 530 1340 529 1340 528 1340 527 1340 510 1345 504 1340 503 1340 503 1340 441 1340 440 1340 439 1340 411 1349 408 1351 179 1351 179 1379"/>
                        </Shape>
                        <String CONTENT=""/>
                    </TextLine>

                    <TextLine ID="line_28" HPOS="182" VPOS="1389" WIDTH="793" HEIGHT="57" BASELINE="182 1428 975 1428" TAGREFS="TYPE_1">
                        <Shape>
                            <Polygon POINTS="182 1428 182 1445 213 1438 247 1445 251 1445 251 1445 252 1445 253 1445 264 1438 296 1443 297 1443 345 1438 375 1443 386 1445 387 1446 475 1446 475 1445 476 1445 477 1445 480 1442 483 1440 491 1442 498 1444 499 1444 500 1444 501 1444 502 1444 504 1442 511 1438 525 1442 530 1443 531 1443 532 1443 562 1441 604 1439 610 1441 621 1445 622 1445 623 1445 624 1445 639 1441 648 1438 658 1440 678 1445 679 1445 680 1445 695 1440 703 1438 717 1440 755 1445 755 1445 756 1445 757 1445 765 1440 792 1444 793 1444 794 1444 795 1444 802 1439 803 1438 811 1439 854 1445 855 1445 901 1439 913 1445 914 1445 915 1445 916 1445 932 1439 962 1444 963 1444 964 1444 975 1437 975 1428 975 1400 909 1400 843 1389 842 1389 841 1389 818 1400 794 1389 793 1389 792 1389 766 1395 745 1389 744 1389 743 1389 713 1394 682 1389 681 1389 680 1389 660 1397 651 1390 650 1390 649 1390 648 1390 605 1396 595 1389 594 1389 593 1389 549 1389 548 1389 547 1389 534 1396 431 1389 430 1389 429 1389 407 1400 382 1400 360 1389 359 1389 359 1389 358 1389 325 1400 213 1400 196 1393 195 1393 194 1393 193 1393 192 1393 182 1399 182 1428"/>
                        </Shape>
                        <String CONTENT=""/>
                    </TextLine>

                    <TextLine ID="line_29" HPOS="179" VPOS="1434" WIDTH="800" HEIGHT="64" BASELINE="179 1476 979 1478" TAGREFS="TYPE_1">
                        <Shape>
                            <Polygon POINTS="179 1476 179 1487 215 1487 217 1488 238 1495 239 1495 240 1496 312 1496 312 1495 313 1495 334 1489 355 1495 356 1495 357 1495 415 1491 436 1496 437 1496 438 1496 439 1496 440 1496 450 1489 454 1487 490 1487 495 1489 505 1495 506 1495 507 1495 535 1489 545 1487 549 1489 558 1495 559 1495 560 1495 561 1495 562 1495 577 1489 583 1488 590 1490 617 1497 618 1497 619 1498 682 1498 682 1497 683 1497 698 1490 704 1488 751 1488 757 1490 771 1496 772 1496 773 1496 774 1496 789 1491 802 1497 803 1497 804 1497 805 1497 828 1491 831 1490 833 1491 847 1497 848 1497 849 1497 850 1497 862 1491 863 1491 897 1496 898 1496 899 1496 909 1491 917 1488 977 1491 979 1478 979 1444 961 1435 960 1435 959 1435 850 1444 842 1444 840 1444 814 1435 813 1435 812 1435 811 1435 794 1444 793 1445 732 1445 730 1444 712 1435 711 1435 668 1435 667 1435 666 1435 634 1443 631 1444 630 1443 618 1435 617 1435 616 1435 578 1434 577 1434 350 1443 336 1443 335 1443 316 1435 315 1435 314 1435 313 1435 312 1435 304 1439 275 1434 274 1434 273 1434 272 1434 259 1441 244 1434 243 1434 242 1434 179 1442 179 1476"/>
                        </Shape>
                        <String CONTENT=""/>
                    </TextLine>

                    <TextLine ID="line_30" HPOS="183" VPOS="1489" WIDTH="794" HEIGHT="73" BASELINE="184 1527 977 1525" TAGREFS="TYPE_1">
                        <Shape>
                            <Polygon POINTS="184 1527 185 1557 200 1553 209 1557 217 1561 218 1561 219 1561 220 1561 230 1557 239 1553 249 1556 263 1561 264 1561 265 1561 297 1556 437 1561 438 1561 439 1561 461 1553 472 1549 483 1553 508 1561 509 1561 510 1562 548 1562 548 1561 549 1561 573 1551 576 1549 626 1545 724 1545 733 1548 745 1553 746 1553 747 1553 768 1548 781 1545 812 1547 815 1547 839 1560 840 1560 841 1560 842 1560 881 1546 885 1545 899 1545 901 1546 918 1558 919 1558 920 1558 921 1558 922 1558 923 1558 941 1545 976 1544 977 1525 975 1500 868 1500 868 1499 832 1489 831 1489 830 1489 780 1499 779 1499 710 1489 683 1489 683 1489 682 1489 657 1499 649 1499 626 1499 607 1489 606 1489 605 1489 551 1496 513 1490 512 1490 511 1490 510 1490 498 1499 497 1500 490 1499 458 1494 457 1494 456 1494 445 1499 443 1500 440 1499 427 1494 426 1494 425 1494 424 1494 411 1498 394 1490 393 1490 392 1490 373 1491 372 1491 371 1491 361 1499 360 1500 357 1499 327 1490 326 1490 273 1490 272 1490 271 1490 248 1499 247 1500 215 1500 215 1499 200 1492 199 1492 198 1492 197 1492 183 1497 184 1527"/>
                        </Shape>
                        <String CONTENT=""/>
                    </TextLine>
</TextBlock>
                <TextBlock ID="block_1" HPOS="881" VPOS="1547" WIDTH="100" HEIGHT="52" TAGREFS="TYPE_4">
                    <Shape>
                        <Polygon POINTS="881.1971435546875 1547.27197265625 981.2532348632812 1547.27197265625 981.2532348632812 1599.2064208984375 881.1971435546875 1599.2064208984375 881.1971435546875 1547.27197265625"/>
                    </Shape>
                    <TextLine ID="line_31" HPOS="876" VPOS="1539" WIDTH="100" HEIGHT="59" BASELINE="878 1578 976 1575" TAGREFS="TYPE_1">
                        <Shape>
                            <Polygon POINTS="878 1578 878 1590 899 1598 900 1598 901 1598 902 1598 923 1593 928 1597 929 1597 930 1597 931 1597 932 1597 933 1597 940 1591 944 1588 950 1591 959 1595 960 1595 961 1595 962 1595 963 1595 963 1594 967 1591 969 1588 974 1591 976 1575 972 1539 956 1545 948 1541 943 1539 942 1539 941 1539 940 1539 939 1539 934 1543 927 1548 916 1545 899 1540 899 1540 898 1540 897 1540 876 1548 878 1578"/>
                        </Shape>
                        <String CONTENT=""/>
                    </TextLine>
</TextBlock>
            </PrintSpace>
        </Page>
    </Layout>
</alto>