<?xml version="1.0" encoding="UTF-8"?>
<alto xmlns:xsi="http://www.w3.org/2001/XMLSchema-instance"
    xmlns="http://www.loc.gov/standards/alto/ns-v4#"
    xsi:schemaLocation="http://www.loc.gov/standards/alto/ns-v4# http://www.loc.gov/standards/alto/v4/alto-4-3.xsd">
    <Description>
        <MeasurementUnit>pixel</MeasurementUnit>
        <sourceImageInformation>
            <fileName>bsb10313792_00071.jpg</fileName>
        </sourceImageInformation>
        <Processing ID="OCR_0">
            <processingCategory>other</processingCategory>
            <processingStepDescription>unknown</processingStepDescription>
            <processingSoftware>
                <softwareName>kraken</softwareName>
                <softwareVersion>4.3.13</softwareVersion>
            </processingSoftware>
        </Processing>
    </Description>
    <Tags>
        <OtherTag ID="TYPE_1" LABEL="DefaultLine"/>
        <OtherTag ID="TYPE_2" LABEL="MainZone-Other"/>
        <OtherTag ID="TYPE_3" LABEL="RunningTitleZone"/>
        <OtherTag ID="TYPE_4" LABEL="QuireMarksZone"/>
        <OtherTag ID="TYPE_5" LABEL="MarginTextZone-Notes-Continued"/>
        <OtherTag ID="TYPE_6" LABEL="MarginTextZone-Notes"/>
        <OtherTag ID="TYPE_7" LABEL="GraphicZone-TextualContent"/>
        <OtherTag ID="TYPE_8" LABEL="DigitizationArtefactZone"/>
        <OtherTag ID="TYPE_9" LABEL="TableZone-Continued"/>
        <OtherTag ID="TYPE_10" LABEL="MainZone-Lg"/>
        <OtherTag ID="TYPE_11" LABEL="MainZone-Head"/>
        <OtherTag ID="TYPE_12" LABEL="StampZone"/>
        <OtherTag ID="TYPE_13" LABEL="MainZone-Form"/>
        <OtherTag ID="TYPE_14" LABEL="MainZone-List-Continued"/>
        <OtherTag ID="TYPE_15" LABEL="MainZone-Signature"/>
        <OtherTag ID="TYPE_16" LABEL="MarginTextZone-ManuscriptAddendum"/>
        <OtherTag ID="TYPE_17" LABEL="MainZone-P-Continued"/>
        <OtherTag ID="TYPE_18" LABEL="StampZone-Sticker"/>
        <OtherTag ID="TYPE_19" LABEL="TableZone-Head"/>
        <OtherTag ID="TYPE_20" LABEL="GraphicZone-Decoration"/>
        <OtherTag ID="TYPE_21" LABEL="DropCapitalZone"/>
        <OtherTag ID="TYPE_22" LABEL="NumberingZone"/>
        <OtherTag ID="TYPE_23" LABEL="FigureZone-Head"/>
        <OtherTag ID="TYPE_24" LABEL="TitlePageZone"/>
        <OtherTag ID="TYPE_25" LABEL="GraphicZone-Maths"/>
        <OtherTag ID="TYPE_26" LABEL="MainZone-Entry-Continued"/>
        <OtherTag ID="TYPE_27" LABEL="MainZone-Sp"/>
        <OtherTag ID="TYPE_28" LABEL="MainZone-Entry"/>
        <OtherTag ID="TYPE_29" LABEL="GraphicZone-Part"/>
        <OtherTag ID="TYPE_30" LABEL="GraphicZone"/>
        <OtherTag ID="TYPE_31" LABEL="MainZone-Sp-Continued"/>
        <OtherTag ID="TYPE_32" LABEL="TableZone"/>
        <OtherTag ID="TYPE_33" LABEL="TitlePageZone-Index"/>
        <OtherTag ID="TYPE_34" LABEL="AdvertisementZone"/>
        <OtherTag ID="TYPE_35" LABEL="MainZone-Date"/>
        <OtherTag ID="TYPE_36" LABEL="FigureZone-FigDesc"/>
        <OtherTag ID="TYPE_37" LABEL="GraphicZone-Head"/>
        <OtherTag ID="TYPE_38" LABEL="MainZone-List"/>
        <OtherTag ID="TYPE_39" LABEL="MainZone-P"/>
        <OtherTag ID="TYPE_40" LABEL="MainZone-Lg-Continued"/>
        <OtherTag ID="TYPE_41" LABEL="FigureZone"/>
        <OtherTag ID="TYPE_42" LABEL="GraphicZone-FigDesc"/>
    </Tags>
    <Layout>
        <Page WIDTH="1093" HEIGHT="1746" PHYSICAL_IMG_NR="0" ID="page_0">
            <PrintSpace HPOS="0" VPOS="0" WIDTH="1093" HEIGHT="1746">
                <TextBlock ID="block_0" HPOS="168" VPOS="57" WIDTH="658" HEIGHT="53" TAGREFS="TYPE_3">
                    <Shape>
                        <Polygon POINTS="168.27047729492188 57.06751251220703 826.3211669921875 57.06751251220703 826.3211669921875 110.2158432006836 168.27047729492188 110.2158432006836 168.27047729492188 57.06751251220703"/>
                    </Shape>
                    <TextLine ID="line_0" HPOS="176" VPOS="55" WIDTH="720" HEIGHT="62" BASELINE="176 93 442 93 896 101" TAGREFS="TYPE_1">
                        <Shape>
                            <Polygon POINTS="788 56 778 56 768 56 759 56 704 60 668 56 662 56 652 56 642 56 632 56 623 56 613 56 603 56 594 56 584 56 582 56 573 57 570 56 564 56 555 56 545 56 535 56 526 56 516 56 506 56 496 56 487 56 477 56 467 56 458 56 448 56 444 56 438 56 429 56 419 56 409 56 399 56 390 56 380 56 370 56 361 56 351 56 341 56 331 56 322 56 312 56 302 56 293 56 283 56 273 56 264 56 254 56 244 56 234 56 225 56 215 56 205 56 196 56 186 56 176 56 176 93 177 105 198 99 217 105 218 105 219 105 273 102 294 107 300 109 301 109 302 109 303 109 304 109 305 107 315 100 359 106 360 106 392 101 401 109 402 110 403 110 404 110 449 111 450 111 456 110 489 102 519 111 523 112 524 112 525 112 526 112 528 111 540 105 570 111 571 111 572 111 573 111 582 104 605 104 638 113 642 114 643 114 693 115 694 116 767 116 767 115 768 115 769 115 777 109 806 113 807 113 808 113 828 107 894 117 896 101 895 55 807 61 794 56 788 56"/>
                        </Shape>
                        <String CONTENT=""/>
                    </TextLine>
</TextBlock>
                <TextBlock ID="block_2" HPOS="87" VPOS="113" WIDTH="824" HEIGHT="252" TAGREFS="TYPE_17">
                    <Shape>
                        <Polygon POINTS="87.6099624633789 113.40701293945312 911.3875732421875 113.40701293945312 911.3875732421875 365.8485412597656 87.6099624633789 365.8485412597656 87.6099624633789 113.40701293945312"/>
                    </Shape>
                    <TextLine ID="line_1" HPOS="88" VPOS="110" WIDTH="808" HEIGHT="60" BASELINE="89 147 472 147 896 155" TAGREFS="TYPE_1">
                        <Shape>
                            <Polygon POINTS="647 110 576 115 570 115 569 115 560 110 555 110 545 110 541 110 484 114 478 114 477 114 471 110 467 110 458 110 455 110 438 113 434 114 431 113 423 110 419 110 409 110 404 110 397 113 396 113 300 113 298 112 292 110 283 110 273 110 264 110 254 110 245 110 238 111 237 111 234 110 234 110 225 110 215 110 205 110 196 110 186 110 176 110 166 110 157 110 147 110 137 110 128 110 118 110 108 110 99 110 89 110 89 147 88 161 126 157 189 163 190 163 192 163 457 161 469 166 470 166 471 166 473 166 539 161 569 167 570 167 571 167 572 167 599 161 685 167 686 167 687 167 701 162 718 168 719 168 720 168 721 168 733 163 746 168 747 168 894 170 896 155 895 119 786 118 785 117 763 111 762 111 761 111 719 117 712 117 703 116 648 110 647 110"/>
                        </Shape>
                        <String CONTENT=""/>
                    </TextLine>

                    <TextLine ID="line_2" HPOS="94" VPOS="157" WIDTH="805" HEIGHT="61" BASELINE="94 197 899 200" TAGREFS="TYPE_1">
                        <Shape>
                            <Polygon POINTS="94 197 94 213 157 208 173 213 179 215 180 215 181 215 182 215 186 213 198 207 215 213 219 214 220 214 221 214 222 214 225 213 237 207 280 207 288 212 291 215 292 215 293 215 294 216 328 216 328 215 329 215 338 212 355 207 364 212 371 216 372 216 373 217 419 217 419 216 420 216 421 216 427 212 433 208 460 212 491 216 492 216 493 216 509 211 523 208 581 208 586 211 592 216 593 216 594 216 595 216 631 212 652 217 653 217 654 217 655 217 670 211 673 209 675 211 684 217 685 217 686 217 687 218 761 218 761 217 761 217 782 210 783 210 788 210 868 216 869 216 898 209 899 200 899 168 850 166 836 159 835 159 834 159 833 159 832 159 822 166 783 161 782 161 781 161 766 166 764 167 706 167 698 165 664 159 663 159 625 164 621 164 620 164 608 158 607 158 546 158 545 158 518 162 504 165 499 162 496 160 496 160 495 160 494 160 493 160 492 160 488 162 484 164 464 162 430 158 429 158 397 161 362 165 267 164 258 160 252 157 251 157 141 157 140 157 139 157 138 157 137 158 131 162 94 158 94 197"/>
                        </Shape>
                        <String CONTENT=""/>
                    </TextLine>

                    <TextLine ID="line_3" HPOS="97" VPOS="205" WIDTH="802" HEIGHT="65" BASELINE="98 247 362 245 899 252" TAGREFS="TYPE_1">
                        <Shape>
                            <Polygon POINTS="98 247 97 263 170 264 171 264 176 264 212 258 345 263 346 263 347 263 365 258 376 264 379 266 380 266 381 266 382 267 423 267 423 266 424 266 430 264 445 258 480 264 489 265 490 265 499 264 539 258 556 264 566 268 567 268 568 268 569 268 577 264 587 259 656 259 670 264 676 266 677 266 678 266 679 266 680 266 683 264 690 260 735 264 748 265 749 265 750 265 753 264 768 260 780 264 791 268 792 268 793 268 794 268 794 268 799 264 806 261 844 261 855 264 871 270 872 270 873 270 898 264 899 252 899 218 868 210 867 210 812 217 797 218 794 216 780 209 779 209 778 209 777 209 776 209 766 216 763 218 678 218 669 215 645 208 644 208 643 208 610 214 604 215 592 214 546 210 545 210 544 210 537 214 536 214 535 213 526 207 525 207 524 207 523 207 522 207 502 213 501 213 486 207 485 207 484 207 483 207 470 213 466 214 463 213 447 206 446 206 445 206 398 212 388 213 379 212 344 205 343 205 311 211 304 212 301 211 290 205 289 205 288 205 261 210 257 211 252 210 231 205 231 205 230 205 98 208 98 247"/>
                        </Shape>
                        <String CONTENT=""/>
                    </TextLine>

                    <TextLine ID="line_4" HPOS="92" VPOS="253" WIDTH="804" HEIGHT="64" BASELINE="92 295 540 295 896 302" TAGREFS="TYPE_1">
                        <Shape>
                            <Polygon POINTS="92 295 92 309 134 304 156 310 160 311 161 311 162 311 170 310 214 304 242 309 243 309 295 305 318 311 319 311 320 311 348 306 405 306 412 311 413 311 414 311 415 311 497 306 515 313 516 313 581 314 582 314 586 314 623 307 634 314 635 315 636 315 637 315 638 315 652 314 714 310 725 315 726 315 727 315 735 315 835 311 842 316 843 316 844 316 845 317 895 317 896 302 896 266 864 259 863 259 816 265 813 265 811 265 789 259 788 259 787 259 786 259 768 265 767 265 765 265 747 257 746 257 745 257 672 264 667 264 665 264 633 256 632 256 631 256 630 256 606 263 606 264 555 264 553 263 528 256 527 256 526 256 525 256 505 260 484 255 483 255 482 255 382 262 373 262 369 262 331 254 330 254 291 258 238 253 237 253 92 259 92 295"/>
                        </Shape>
                        <String CONTENT=""/>
                    </TextLine>

                    <TextLine ID="line_5" HPOS="91" VPOS="302" WIDTH="615" HEIGHT="64" BASELINE="92 344 706 347" TAGREFS="TYPE_1">
                        <Shape>
                            <Polygon POINTS="92 344 91 361 196 363 197 363 198 363 199 362 207 358 215 362 217 363 218 363 219 363 220 363 222 362 234 356 296 356 386 361 387 361 415 357 431 364 432 364 433 364 434 364 435 364 436 364 447 358 465 364 466 364 467 364 468 364 471 364 514 358 544 364 549 365 550 365 551 365 554 365 578 358 587 365 588 365 589 365 590 366 705 366 706 347 705 316 619 304 603 304 602 304 601 304 600 304 588 313 586 314 581 313 563 307 562 307 561 307 560 307 549 312 546 313 544 312 526 304 525 304 524 304 523 304 498 311 496 312 359 312 340 307 325 304 324 304 323 304 322 304 319 307 310 313 263 313 250 305 246 302 245 302 244 302 243 302 218 304 140 313 119 302 118 302 117 302 92 302 92 344"/>
                        </Shape>
                        <String CONTENT=""/>
                    </TextLine>
</TextBlock>
                <TextBlock ID="block_1" HPOS="89" VPOS="376" WIDTH="810" HEIGHT="114" TAGREFS="TYPE_11">
                    <Shape>
                        <Polygon POINTS="89.52426147460938 376.6878967285156 899.778076171875 376.6878967285156 899.778076171875 490.31103515625 89.52426147460938 490.31103515625 89.52426147460938 376.6878967285156"/>
                    </Shape>
                    <TextLine ID="line_6" HPOS="140" VPOS="365" WIDTH="753" HEIGHT="81" BASELINE="141 416 893 413" TAGREFS="TYPE_1">
                        <Shape>
                            <Polygon POINTS="829 365 820 365 815 365 803 371 784 382 742 382 729 373 718 365 713 365 703 365 694 365 684 365 674 365 664 365 655 365 645 365 635 365 626 365 616 365 606 365 596 365 587 365 577 365 567 365 558 365 548 365 538 365 529 365 519 365 509 365 506 365 495 375 463 372 463 372 462 372 461 372 453 378 447 383 364 383 357 380 336 371 335 371 334 371 333 371 313 376 275 370 274 370 273 370 272 370 261 378 233 375 232 375 231 375 215 383 214 384 140 384 141 416 141 427 160 428 183 444 184 444 185 444 186 445 248 445 248 444 249 444 285 427 286 427 341 427 342 427 365 445 366 445 367 445 368 446 391 446 391 445 392 445 414 438 426 444 427 444 428 445 490 445 490 444 491 444 492 444 497 439 510 444 511 444 512 445 605 445 605 444 631 438 632 438 633 438 646 427 649 425 715 425 719 427 752 443 753 443 754 443 755 443 756 443 781 427 785 425 832 425 835 427 842 432 843 432 844 432 845 432 892 426 893 413 891 370 831 365 829 365"/>
                        </Shape>
                        <String CONTENT=""/>
                    </TextLine>

                    <TextLine ID="line_7" HPOS="91" VPOS="429" WIDTH="735" HEIGHT="70" BASELINE="91 472 525 469 826 474" TAGREFS="TYPE_1">
                        <Shape>
                            <Polygon POINTS="91 472 91 498 133 490 146 496 147 496 148 496 226 490 248 497 253 498 254 498 255 498 270 496 319 490 354 490 362 495 364 498 365 498 366 498 367 499 400 499 400 498 401 498 408 495 418 490 440 490 447 494 452 498 453 498 454 498 455 499 494 499 494 498 495 498 504 493 509 491 527 493 543 495 544 495 545 495 546 495 548 493 552 490 562 493 579 498 580 498 581 499 665 499 665 498 666 498 676 493 684 498 685 498 686 498 687 499 766 499 766 498 767 498 768 498 778 490 779 490 825 490 826 474 826 443 784 429 783 429 782 429 781 429 751 442 749 442 726 441 608 436 607 436 606 436 598 440 594 443 537 443 526 439 517 436 516 436 515 436 498 438 471 442 439 437 422 435 421 435 408 437 379 442 369 436 366 435 365 435 364 435 349 436 326 438 322 436 314 429 313 429 312 429 267 429 266 429 265 429 264 429 257 435 250 440 219 442 187 438 182 434 177 429 176 429 175 429 174 429 91 432 91 472"/>
                        </Shape>
                        <String CONTENT=""/>
                    </TextLine>
</TextBlock>
                <TextBlock ID="block_4" HPOS="94" VPOS="495" WIDTH="819" HEIGHT="1045" TAGREFS="TYPE_39">
                    <Shape>
                        <Polygon POINTS="94.21361541748047 495.39141845703125 913.6019897460938 495.39141845703125 913.6019897460938 1540.712158203125 94.21361541748047 1540.712158203125 94.21361541748047 495.39141845703125"/>
                    </Shape>
                    <TextLine ID="line_8" HPOS="200" VPOS="490" WIDTH="696" HEIGHT="62" BASELINE="200 533 896 533" TAGREFS="TYPE_1">
                        <Shape>
                            <Polygon POINTS="200 533 200 544 262 544 263 544 270 549 271 549 272 549 273 549 274 549 275 549 282 545 283 544 288 545 316 549 317 549 338 545 345 544 347 545 355 551 356 551 357 551 358 552 386 552 386 551 387 551 398 546 403 544 470 547 518 549 519 549 520 549 521 549 522 548 526 545 537 548 555 551 556 551 593 549 630 545 637 549 640 550 641 550 642 550 726 551 727 551 728 551 731 549 747 544 755 550 756 551 757 551 758 551 759 552 806 552 806 551 807 551 808 551 808 550 817 545 826 551 827 551 828 551 828 552 896 552 896 533 896 501 803 498 780 490 779 490 778 490 715 498 714 498 713 498 703 490 702 490 701 490 680 490 679 490 678 490 661 497 654 501 599 501 593 497 579 490 578 490 577 490 576 490 553 496 537 500 529 496 517 490 516 490 471 490 470 490 469 490 468 490 461 495 460 496 459 495 454 490 453 490 452 490 410 490 409 490 408 490 397 494 378 501 364 501 357 494 353 490 352 490 351 490 350 490 335 493 321 497 316 493 312 490 311 490 310 490 309 490 308 490 301 493 286 500 200 492 200 533"/>
                        </Shape>
                        <String CONTENT=""/>
                    </TextLine>

                    <TextLine ID="line_9" HPOS="97" VPOS="545" WIDTH="797" HEIGHT="59" BASELINE="97 582 894 582" TAGREFS="TYPE_1">
                        <Shape>
                            <Polygon POINTS="97 582 97 593 135 599 136 599 220 595 247 594 255 595 280 601 281 601 308 596 310 596 321 603 322 603 323 603 324 603 325 603 342 597 350 594 376 594 384 597 396 602 397 602 397 602 398 602 407 597 413 594 490 598 522 600 523 600 529 599 549 594 556 599 559 602 560 602 561 602 562 602 587 600 622 596 643 600 657 603 658 603 659 603 660 603 662 601 669 596 675 601 678 603 679 603 680 603 681 604 894 604 894 582 894 556 821 545 731 545 730 545 729 545 728 545 714 554 711 556 604 556 598 553 585 548 584 548 583 548 582 548 570 553 564 555 548 553 530 550 529 550 501 552 465 555 450 552 418 545 417 545 371 550 358 545 357 545 300 545 299 545 298 545 298 545 290 550 282 555 235 553 230 550 218 545 217 545 216 545 215 545 197 549 177 555 157 549 139 545 138 545 137 545 136 545 128 549 122 552 97 549 97 582"/>
                        </Shape>
                        <String CONTENT=""/>
                    </TextLine>

                    <TextLine ID="line_10" HPOS="96" VPOS="596" WIDTH="800" HEIGHT="57" BASELINE="97 630 896 632" TAGREFS="TYPE_1">
                        <Shape>
                            <Polygon POINTS="96 642 145 643 159 651 160 651 161 651 162 651 163 651 185 645 220 651 221 651 222 651 242 644 280 648 281 648 341 644 346 644 359 651 360 651 361 651 362 651 393 644 395 644 397 644 416 651 417 651 418 651 419 651 431 645 432 644 480 644 483 645 496 652 496 652 497 652 498 653 518 653 518 652 519 652 520 652 531 645 534 645 562 649 563 649 596 646 604 652 605 652 606 652 607 652 647 646 655 645 668 646 741 652 742 653 872 653 872 652 895 646 896 632 896 606 871 598 870 598 869 598 823 603 810 597 809 597 808 597 807 597 780 605 778 605 775 604 754 598 753 598 752 598 679 603 656 605 652 603 643 597 642 597 641 597 581 597 580 597 579 597 564 602 559 604 541 602 491 596 452 596 451 596 450 596 449 596 443 601 438 605 245 605 232 599 225 596 224 596 178 596 177 596 176 596 171 598 162 603 150 599 149 599 148 599 120 604 98 598 97 630 96 642"/>
                        </Shape>
                        <String CONTENT=""/>
                    </TextLine>

                    <TextLine ID="line_11" HPOS="99" VPOS="643" WIDTH="796" HEIGHT="58" BASELINE="99 679 895 679" TAGREFS="TYPE_1">
                        <Shape>
                            <Polygon POINTS="99 679 99 691 164 700 165 700 165 700 194 693 198 692 329 692 332 694 338 698 339 698 340 698 341 698 342 698 356 694 365 692 440 692 449 695 458 699 459 699 460 699 488 696 522 692 529 696 534 700 535 700 536 700 537 701 807 701 807 700 808 700 809 700 820 693 828 700 829 700 830 700 831 701 895 701 895 679 895 650 824 646 823 646 769 650 751 651 748 650 739 643 738 643 737 643 653 643 652 643 651 643 625 650 620 651 617 650 603 643 602 643 563 643 562 643 561 643 539 650 535 652 479 652 476 650 466 643 465 643 464 643 439 643 438 643 437 643 414 650 410 651 406 650 386 643 385 643 384 643 383 643 365 650 363 652 309 652 307 650 297 643 296 643 295 643 240 643 239 643 194 650 187 651 183 650 165 645 165 645 110 643 109 643 108 643 107 643 99 648 99 679"/>
                        </Shape>
                        <String CONTENT=""/>
                    </TextLine>

                    <TextLine ID="line_12" HPOS="101" VPOS="691" WIDTH="794" HEIGHT="60" BASELINE="101 729 895 729" TAGREFS="TYPE_1">
                        <Shape>
                            <Polygon POINTS="101 729 101 743 158 750 159 750 207 743 261 743 272 750 273 750 274 750 275 751 338 751 338 750 339 750 340 750 349 743 391 743 404 750 405 750 406 750 407 750 427 744 438 750 439 750 440 750 474 744 502 750 503 750 546 743 561 750 562 750 563 750 628 749 629 749 641 743 677 749 678 749 679 749 692 743 713 750 714 750 715 750 761 743 770 750 771 750 772 750 773 751 831 751 831 750 832 750 856 743 880 750 881 750 882 750 883 750 895 743 895 729 895 703 798 703 790 701 761 696 761 696 741 700 740 700 739 700 711 694 710 694 709 694 692 699 682 703 607 703 601 698 593 691 592 691 591 691 590 691 589 691 565 697 490 691 489 691 488 691 478 696 472 699 465 696 453 691 452 691 383 691 382 691 381 691 380 691 375 695 364 702 341 694 337 693 336 693 335 693 334 693 331 694 303 703 220 703 195 695 194 695 193 695 192 695 167 702 153 691 152 691 151 691 101 691 101 729"/>
                        </Shape>
                        <String CONTENT=""/>
                    </TextLine>

                    <TextLine ID="line_13" HPOS="99" VPOS="740" WIDTH="795" HEIGHT="60" BASELINE="99 776 894 779" TAGREFS="TYPE_1">
                        <Shape>
                            <Polygon POINTS="99 776 99 787 117 794 118 794 119 794 120 794 121 794 129 789 176 794 177 794 240 789 249 795 250 795 251 795 298 797 299 797 350 791 425 791 438 797 439 797 440 797 515 791 580 798 581 798 668 791 695 799 695 799 696 799 697 799 726 792 761 792 770 799 771 799 772 799 773 800 860 800 860 799 894 791 894 779 894 752 868 752 867 751 854 743 853 743 852 743 748 743 747 743 675 750 662 742 662 742 661 742 660 742 524 750 513 750 511 750 498 741 497 741 496 741 496 741 458 749 457 749 455 749 341 741 340 741 339 741 317 749 316 749 315 749 297 741 296 741 295 741 294 741 275 746 258 740 257 740 256 740 255 740 227 748 215 740 214 740 213 740 212 740 211 740 189 748 188 749 144 749 143 748 136 743 135 743 134 743 133 743 99 747 99 776"/>
                        </Shape>
                        <String CONTENT=""/>
                    </TextLine>

                    <TextLine ID="line_14" HPOS="100" VPOS="791" WIDTH="794" HEIGHT="57" BASELINE="101 828 894 826" TAGREFS="TYPE_1">
                        <Shape>
                            <Polygon POINTS="101 828 101 840 152 840 158 840 200 847 201 847 202 847 203 847 212 841 248 846 249 846 250 846 268 840 271 840 310 840 331 840 342 847 343 847 344 847 345 847 346 847 358 841 370 847 371 847 372 848 413 848 413 847 445 840 451 840 462 840 515 846 516 847 647 847 647 846 648 846 649 846 656 840 659 839 663 840 676 846 677 846 678 847 742 847 742 846 743 846 762 840 771 839 780 840 799 846 800 846 801 847 829 847 829 846 830 846 840 840 845 839 893 840 894 826 893 802 850 794 849 794 795 801 789 801 787 800 768 791 767 791 705 791 704 791 703 791 685 799 681 802 529 802 512 798 497 795 496 795 473 797 431 802 404 797 386 793 385 793 384 793 372 796 352 802 318 796 307 794 306 794 298 796 266 802 249 795 241 792 240 792 207 792 206 792 205 792 199 795 184 802 160 794 153 792 152 792 151 792 100 793 101 828"/>
                        </Shape>
                        <String CONTENT=""/>
                    </TextLine>

                    <TextLine ID="line_15" HPOS="98" VPOS="839" WIDTH="798" HEIGHT="58" BASELINE="99 876 896 873" TAGREFS="TYPE_1">
                        <Shape>
                            <Polygon POINTS="99 876 99 891 154 895 155 895 180 892 195 890 198 892 202 895 203 895 204 895 205 895 206 895 214 892 219 890 222 892 230 897 231 897 231 897 232 897 233 897 243 892 246 890 249 892 254 896 255 896 256 896 307 897 308 897 355 892 388 889 410 892 432 896 433 896 452 893 471 889 477 893 481 896 482 896 483 896 484 896 499 893 517 889 528 893 535 896 536 896 537 896 538 896 548 893 561 889 568 893 572 895 573 895 623 896 624 896 625 896 630 893 640 888 657 893 663 895 664 895 665 896 730 896 730 895 731 895 735 893 749 888 761 894 764 895 765 895 766 895 767 895 770 894 778 890 810 894 824 895 825 895 826 895 827 895 828 894 836 888 883 888 894 894 896 873 895 846 884 839 883 839 882 839 881 839 847 846 768 839 767 839 766 839 765 839 752 846 508 840 507 840 467 847 409 840 408 840 361 847 342 841 341 841 340 841 339 841 338 841 328 849 254 849 242 840 241 840 240 840 206 840 205 840 204 840 203 840 191 848 150 843 149 843 98 849 99 876"/>
                        </Shape>
                        <String CONTENT=""/>
                    </TextLine>

                    <TextLine ID="line_16" HPOS="90" VPOS="886" WIDTH="805" HEIGHT="62" BASELINE="91 928 895 923" TAGREFS="TYPE_1">
                        <Shape>
                            <Polygon POINTS="91 928 91 941 210 941 217 942 234 946 235 946 283 942 317 940 335 943 368 948 369 948 370 948 389 943 397 941 427 943 453 945 454 945 455 945 456 945 458 943 465 939 534 944 559 945 560 945 561 945 563 944 570 941 577 944 583 946 584 946 585 947 715 947 715 946 716 946 720 945 735 939 743 945 744 945 745 945 746 946 779 946 779 945 780 945 781 945 792 939 799 945 800 945 801 945 802 946 894 946 895 923 894 898 830 886 829 886 828 886 828 886 809 898 649 898 607 898 578 890 577 890 576 890 575 890 574 890 564 899 563 899 535 891 534 891 533 891 532 891 531 891 520 899 518 900 499 900 477 899 467 899 450 890 449 890 448 890 423 895 402 889 401 889 344 889 343 889 342 889 319 899 316 900 310 899 252 889 251 889 231 890 231 890 230 890 218 900 215 902 184 902 180 900 163 890 162 890 108 890 107 890 106 890 90 898 91 928"/>
                        </Shape>
                        <String CONTENT=""/>
                    </TextLine>

                    <TextLine ID="line_17" HPOS="88" VPOS="937" WIDTH="807" HEIGHT="63" BASELINE="89 980 895 974" TAGREFS="TYPE_1">
                        <Shape>
                            <Polygon POINTS="89 980 89 995 131 1000 132 1000 132 1000 143 995 149 992 186 992 200 995 221 1000 222 1000 249 995 274 991 357 995 381 996 382 996 390 995 421 990 443 995 458 998 459 998 536 997 537 997 541 995 547 992 590 995 624 997 625 997 658 995 760 987 788 995 790 995 791 995 792 995 793 995 794 995 813 987 894 994 895 974 893 941 862 944 847 941 835 939 834 939 833 939 826 941 817 944 814 941 808 937 807 937 806 937 781 937 780 937 779 937 764 942 755 946 708 946 700 943 688 938 687 938 623 938 622 938 595 944 583 947 471 947 457 945 418 940 417 940 416 940 395 946 390 948 330 948 327 947 313 941 312 941 267 941 266 941 265 941 254 948 253 948 251 948 226 942 225 942 195 948 189 949 182 948 132 942 131 942 130 942 116 949 116 950 88 950 89 980"/>
                        </Shape>
                        <String CONTENT=""/>
                    </TextLine>

                    <TextLine ID="line_18" HPOS="91" VPOS="988" WIDTH="798" HEIGHT="63" BASELINE="92 1031 889 1024" TAGREFS="TYPE_1">
                        <Shape>
                            <Polygon POINTS="92 1031 92 1043 193 1047 194 1047 214 1044 226 1042 233 1044 248 1048 249 1048 250 1048 251 1048 260 1044 264 1042 302 1042 309 1044 327 1050 328 1050 329 1051 362 1051 362 1050 363 1050 364 1050 372 1044 375 1042 378 1044 386 1050 387 1050 388 1050 389 1051 419 1051 419 1050 420 1050 432 1044 443 1040 498 1040 507 1045 514 1049 515 1049 516 1049 517 1049 518 1049 534 1045 552 1040 568 1045 579 1048 580 1048 581 1049 633 1049 633 1048 634 1048 643 1045 662 1038 684 1045 691 1047 692 1047 693 1047 737 1045 824 1041 830 1045 830 1046 831 1046 832 1046 833 1046 888 1045 889 1024 887 993 826 988 825 988 774 994 754 996 750 994 744 989 743 989 742 989 716 989 715 989 687 995 680 996 676 995 661 989 660 989 659 989 658 989 657 989 648 995 646 995 599 990 598 990 597 990 596 990 589 996 586 998 511 998 508 997 496 991 496 991 495 991 494 991 493 991 486 997 484 998 442 998 306 995 305 995 304 995 303 995 298 999 296 1000 277 999 170 994 169 994 168 994 167 994 159 1000 91 1001 92 1031"/>
                        </Shape>
                        <String CONTENT=""/>
                    </TextLine>

                    <TextLine ID="line_19" HPOS="91" VPOS="1040" WIDTH="803" HEIGHT="57" BASELINE="92 1079 894 1076" TAGREFS="TYPE_1">
                        <Shape>
                            <Polygon POINTS="92 1079 92 1092 115 1089 125 1092 137 1097 138 1097 139 1097 140 1097 158 1092 172 1089 192 1092 217 1097 218 1097 237 1092 245 1091 256 1092 284 1097 285 1097 326 1092 332 1092 335 1092 350 1097 351 1097 352 1097 353 1097 362 1092 367 1089 392 1092 398 1093 399 1093 400 1093 401 1093 401 1092 411 1087 484 1087 496 1092 503 1096 504 1096 505 1097 594 1097 594 1096 595 1096 606 1092 627 1086 698 1086 708 1092 711 1095 712 1095 713 1095 714 1096 788 1096 788 1095 789 1095 790 1095 793 1092 801 1086 892 1092 894 1076 891 1040 827 1049 746 1044 745 1044 658 1049 639 1044 638 1044 637 1044 601 1050 584 1043 583 1043 582 1043 581 1043 561 1050 481 1042 480 1042 479 1042 478 1042 467 1050 187 1043 186 1043 185 1043 184 1043 171 1052 145 1052 127 1043 126 1043 91 1043 92 1079"/>
                        </Shape>
                        <String CONTENT=""/>
                    </TextLine>

                    <TextLine ID="line_20" HPOS="90" VPOS="1086" WIDTH="807" HEIGHT="62" BASELINE="91 1130 897 1124" TAGREFS="TYPE_1">
                        <Shape>
                            <Polygon POINTS="91 1130 91 1140 220 1140 222 1140 238 1148 239 1148 240 1148 241 1148 265 1140 272 1139 284 1140 314 1145 315 1145 316 1145 317 1145 323 1140 324 1140 335 1148 336 1148 337 1148 338 1148 365 1147 366 1147 367 1147 375 1140 377 1139 383 1140 406 1147 407 1147 408 1148 459 1148 459 1147 460 1147 476 1140 484 1138 501 1140 520 1143 521 1143 522 1143 528 1140 533 1138 542 1140 551 1143 552 1143 553 1143 568 1140 573 1140 574 1140 582 1146 583 1146 584 1146 585 1146 636 1145 637 1145 650 1140 663 1136 688 1140 693 1141 694 1141 698 1140 725 1136 730 1140 736 1145 737 1145 738 1145 739 1145 794 1144 795 1144 796 1144 800 1140 805 1137 810 1140 817 1144 818 1144 819 1144 896 1140 897 1124 895 1095 815 1089 814 1089 813 1089 799 1094 798 1094 797 1094 770 1088 769 1088 768 1088 767 1088 760 1094 758 1096 738 1096 733 1094 711 1086 710 1086 655 1086 654 1086 653 1086 637 1093 636 1094 635 1093 627 1087 626 1087 625 1087 597 1087 596 1087 596 1087 580 1093 571 1097 507 1097 501 1093 499 1091 498 1091 497 1091 496 1091 489 1092 467 1097 417 1092 373 1088 372 1088 371 1088 370 1088 365 1092 360 1095 324 1092 303 1090 302 1090 301 1090 296 1092 273 1098 207 1091 193 1090 192 1090 191 1090 190 1090 189 1091 177 1099 150 1091 146 1090 145 1090 144 1090 143 1090 141 1091 127 1099 112 1091 110 1090 109 1090 108 1090 90 1090 91 1130"/>
                        </Shape>
                        <String CONTENT=""/>
                    </TextLine>

                    <TextLine ID="line_21" HPOS="94" VPOS="1136" WIDTH="801" HEIGHT="63" BASELINE="95 1178 895 1171" TAGREFS="TYPE_1">
                        <Shape>
                            <Polygon POINTS="95 1178 95 1190 179 1195 180 1195 257 1190 260 1190 261 1190 268 1196 269 1196 270 1196 271 1196 272 1196 289 1190 313 1199 314 1199 315 1199 316 1199 317 1199 325 1195 357 1197 358 1197 359 1197 360 1197 371 1189 372 1189 391 1196 392 1196 393 1196 420 1190 430 1197 431 1197 432 1197 433 1197 464 1192 550 1197 551 1197 643 1194 644 1194 645 1194 653 1188 664 1194 665 1194 666 1194 667 1194 668 1194 675 1188 678 1186 688 1188 723 1196 724 1196 761 1188 765 1187 767 1188 782 1195 783 1195 784 1196 874 1196 874 1195 875 1195 895 1187 895 1171 893 1142 829 1145 825 1142 817 1136 816 1136 815 1136 796 1136 795 1136 794 1136 778 1143 770 1147 745 1147 739 1143 728 1137 727 1137 704 1137 703 1137 702 1137 688 1144 686 1145 684 1144 666 1137 665 1137 664 1137 663 1137 635 1145 626 1147 599 1145 541 1141 540 1141 539 1141 529 1146 526 1148 515 1146 494 1143 493 1143 492 1143 491 1143 487 1147 484 1149 421 1149 418 1148 408 1140 407 1140 406 1140 390 1140 389 1140 388 1140 375 1147 363 1143 362 1143 361 1143 312 1149 301 1150 299 1149 285 1141 284 1141 237 1141 236 1141 235 1141 202 1150 198 1151 196 1150 168 1143 167 1143 166 1143 165 1143 152 1147 117 1142 116 1142 115 1142 94 1150 95 1178"/>
                        </Shape>
                        <String CONTENT=""/>
                    </TextLine>

                    <TextLine ID="line_22" HPOS="97" VPOS="1186" WIDTH="798" HEIGHT="59" BASELINE="98 1227 895 1222" TAGREFS="TYPE_1">
                        <Shape>
                            <Polygon POINTS="98 1227 98 1237 186 1238 193 1244 194 1244 195 1244 196 1244 224 1239 277 1242 278 1242 279 1242 280 1242 287 1237 307 1245 308 1245 309 1245 310 1245 338 1237 339 1237 352 1242 353 1242 354 1242 355 1242 366 1237 366 1236 456 1236 468 1237 574 1245 575 1245 576 1245 600 1237 629 1244 630 1244 631 1244 632 1244 643 1236 645 1235 648 1236 669 1244 670 1244 671 1244 697 1239 713 1244 714 1244 715 1244 852 1243 853 1243 854 1243 863 1236 866 1234 894 1235 895 1222 894 1196 882 1189 881 1189 880 1189 825 1196 824 1196 822 1196 745 1186 744 1186 743 1186 722 1195 699 1187 698 1187 697 1187 696 1187 695 1187 681 1196 679 1197 595 1197 594 1196 580 1190 579 1190 578 1190 545 1196 539 1198 478 1198 472 1197 417 1188 416 1188 388 1189 387 1189 386 1189 374 1197 373 1198 367 1197 331 1190 331 1190 330 1190 298 1197 298 1198 192 1199 188 1198 170 1190 169 1190 115 1190 114 1190 113 1190 97 1196 98 1227"/>
                        </Shape>
                        <String CONTENT=""/>
                    </TextLine>

                    <TextLine ID="line_23" HPOS="91" VPOS="1234" WIDTH="803" HEIGHT="63" BASELINE="92 1278 894 1270" TAGREFS="TYPE_1">
                        <Shape>
                            <Polygon POINTS="92 1278 92 1293 121 1297 122 1297 123 1297 124 1297 130 1293 134 1290 166 1293 175 1293 176 1293 198 1293 308 1289 317 1293 321 1294 322 1294 323 1294 324 1294 329 1293 345 1288 360 1293 372 1297 373 1297 374 1297 375 1297 385 1293 394 1289 439 1293 477 1296 478 1296 479 1296 480 1296 484 1293 489 1289 546 1289 574 1293 591 1295 592 1295 593 1295 602 1293 634 1285 645 1293 647 1294 648 1294 649 1294 650 1295 685 1295 685 1294 686 1294 687 1294 689 1293 704 1284 723 1284 738 1292 739 1292 740 1292 741 1292 742 1292 753 1284 769 1293 770 1293 771 1293 772 1293 894 1293 894 1270 892 1242 772 1243 767 1242 751 1237 750 1237 749 1237 748 1237 747 1237 740 1242 737 1244 691 1244 687 1242 658 1234 657 1234 656 1234 655 1234 634 1242 629 1245 589 1245 584 1243 581 1240 580 1240 579 1240 578 1240 558 1243 540 1245 533 1243 511 1234 510 1234 509 1234 508 1234 496 1239 454 1235 453 1235 452 1235 451 1235 439 1243 436 1245 429 1243 393 1235 392 1235 372 1236 371 1236 370 1236 361 1243 355 1248 294 1248 287 1244 276 1237 275 1237 274 1237 273 1237 126 1238 125 1238 124 1238 115 1244 115 1245 91 1245 92 1278"/>
                        </Shape>
                        <String CONTENT=""/>
                    </TextLine>

                    <TextLine ID="line_24" HPOS="88" VPOS="1287" WIDTH="806" HEIGHT="61" BASELINE="89 1326 894 1324" TAGREFS="TYPE_1">
                        <Shape>
                            <Polygon POINTS="89 1326 89 1340 240 1340 244 1342 251 1346 252 1346 253 1346 254 1346 255 1346 269 1342 273 1341 279 1342 310 1348 311 1348 312 1348 331 1342 338 1340 343 1342 355 1348 356 1348 357 1348 358 1348 359 1348 367 1343 368 1342 373 1343 397 1347 397 1347 398 1347 407 1343 416 1339 495 1339 518 1344 534 1347 535 1348 597 1348 597 1347 630 1345 710 1338 722 1345 723 1346 724 1346 725 1346 726 1347 894 1347 894 1324 893 1296 779 1295 768 1287 767 1287 766 1287 740 1287 739 1287 698 1296 697 1297 642 1297 642 1296 595 1288 594 1288 593 1288 564 1297 563 1297 563 1297 544 1288 543 1288 542 1288 484 1293 463 1288 462 1288 461 1288 460 1288 459 1288 444 1297 443 1297 441 1297 331 1289 331 1289 330 1289 329 1289 314 1298 312 1299 277 1299 276 1298 264 1289 263 1289 262 1289 199 1289 198 1289 198 1289 197 1289 180 1298 179 1299 88 1299 89 1326"/>
                        </Shape>
                        <String CONTENT=""/>
                    </TextLine>

                    <TextLine ID="line_25" HPOS="92" VPOS="1334" WIDTH="805" HEIGHT="61" BASELINE="93 1376 897 1369" TAGREFS="TYPE_1">
                        <Shape>
                            <Polygon POINTS="93 1376 93 1387 162 1395 163 1395 164 1395 188 1388 254 1394 255 1394 256 1394 272 1387 320 1394 321 1394 365 1386 417 1393 418 1393 419 1393 420 1393 429 1388 445 1392 446 1392 447 1393 542 1393 542 1392 543 1392 559 1388 593 1391 594 1391 595 1391 622 1384 657 1384 671 1390 672 1390 673 1390 674 1390 695 1383 742 1390 743 1390 744 1390 765 1383 778 1390 779 1390 780 1390 781 1390 820 1382 851 1387 852 1387 897 1380 897 1369 894 1343 731 1343 730 1343 719 1334 718 1334 717 1334 701 1334 700 1334 699 1334 698 1334 686 1343 685 1344 665 1344 608 1344 607 1343 601 1338 600 1338 599 1338 598 1338 597 1338 588 1343 585 1345 504 1345 499 1343 485 1336 484 1336 483 1336 428 1337 427 1337 426 1337 417 1343 412 1347 390 1347 383 1343 372 1337 371 1337 332 1337 331 1337 331 1337 314 1343 306 1346 298 1343 282 1338 281 1338 220 1338 219 1338 218 1338 201 1343 196 1345 191 1343 183 1340 182 1340 181 1340 180 1340 179 1340 175 1343 170 1347 165 1343 160 1339 159 1339 158 1339 157 1339 92 1343 93 1376"/>
                        </Shape>
                        <String CONTENT=""/>
                    </TextLine>

                    <TextLine ID="line_26" HPOS="90" VPOS="1386" WIDTH="806" HEIGHT="57" BASELINE="91 1426 896 1421" TAGREFS="TYPE_1">
                        <Shape>
                            <Polygon POINTS="91 1426 91 1436 141 1437 148 1443 149 1443 150 1443 151 1443 195 1437 223 1443 224 1443 266 1436 433 1436 492 1442 493 1442 582 1441 583 1441 601 1434 636 1440 637 1441 691 1441 691 1440 692 1440 710 1433 734 1440 735 1440 736 1440 797 1439 798 1439 817 1432 849 1439 850 1439 851 1439 852 1439 861 1431 896 1430 896 1421 894 1393 863 1386 862 1386 814 1391 793 1386 792 1386 791 1386 790 1386 761 1393 760 1393 757 1393 641 1387 640 1387 639 1387 638 1387 626 1394 621 1394 540 1388 539 1388 538 1388 537 1388 528 1394 528 1395 490 1395 476 1395 365 1389 364 1389 330 1395 325 1396 316 1395 253 1390 252 1390 251 1390 228 1396 223 1397 210 1396 158 1390 157 1390 90 1396 91 1426"/>
                        </Shape>
                        <String CONTENT=""/>
                    </TextLine>

                    <TextLine ID="line_27" HPOS="92" VPOS="1434" WIDTH="806" HEIGHT="58" BASELINE="93 1474 898 1469" TAGREFS="TYPE_1">
                        <Shape>
                            <Polygon POINTS="93 1474 93 1487 232 1487 251 1492 252 1492 253 1492 300 1487 309 1486 318 1487 364 1491 365 1491 463 1486 487 1485 493 1486 512 1490 513 1490 514 1490 897 1484 898 1469 895 1434 768 1440 760 1435 757 1434 756 1434 755 1434 754 1434 753 1434 751 1435 745 1439 712 1436 692 1434 691 1434 690 1434 685 1436 674 1441 663 1436 660 1435 659 1435 658 1435 642 1437 609 1441 601 1437 596 1434 595 1434 594 1434 571 1438 545 1442 526 1438 509 1435 508 1435 507 1435 506 1435 502 1438 496 1443 436 1443 429 1439 416 1435 415 1435 414 1435 381 1440 360 1444 241 1444 221 1442 175 1437 174 1437 142 1443 135 1444 132 1443 115 1437 114 1437 113 1437 112 1437 92 1443 93 1474"/>
                        </Shape>
                        <String CONTENT=""/>
                    </TextLine>

                    <TextLine ID="line_28" HPOS="95" VPOS="1481" WIDTH="801" HEIGHT="78" BASELINE="96 1521 896 1518" TAGREFS="TYPE_1">
                        <Shape>
                            <Polygon POINTS="96 1521 96 1543 124 1543 125 1543 139 1551 140 1551 141 1552 141 1551 142 1551 156 1544 158 1543 226 1543 231 1545 236 1548 237 1548 238 1548 258 1546 276 1543 281 1546 284 1548 285 1548 286 1548 287 1548 288 1548 292 1546 299 1542 308 1546 323 1552 324 1552 325 1552 326 1552 338 1547 350 1542 373 1548 423 1559 424 1559 425 1559 446 1549 460 1542 496 1542 513 1550 530 1558 531 1558 532 1559 695 1559 695 1558 751 1557 752 1557 753 1557 757 1554 772 1543 806 1540 841 1555 845 1557 846 1557 847 1557 896 1556 896 1518 894 1492 869 1487 868 1487 812 1491 789 1481 788 1481 704 1481 703 1481 702 1481 682 1490 656 1482 655 1482 654 1482 601 1483 600 1483 599 1483 586 1492 542 1487 541 1487 540 1487 539 1487 532 1492 494 1487 493 1487 492 1487 491 1487 486 1491 472 1484 471 1484 442 1483 441 1483 388 1493 361 1483 360 1483 359 1483 358 1483 357 1483 339 1494 294 1494 223 1494 208 1484 207 1484 206 1484 165 1484 164 1484 163 1484 141 1494 115 1490 114 1490 113 1490 95 1495 96 1521"/>
                        </Shape>
                        <String CONTENT=""/>
                    </TextLine>
</TextBlock>
            </PrintSpace>
        </Page>
    </Layout>
</alto>