<?xml version="1.0" encoding="UTF-8"?>
<alto xmlns:xsi="http://www.w3.org/2001/XMLSchema-instance"
    xmlns="http://www.loc.gov/standards/alto/ns-v4#"
    xsi:schemaLocation="http://www.loc.gov/standards/alto/ns-v4# http://www.loc.gov/standards/alto/v4/alto-4-3.xsd">
    <Description>
        <MeasurementUnit>pixel</MeasurementUnit>
        <sourceImageInformation>
            <fileName>2013358.jpeg</fileName>
        </sourceImageInformation>
        <Processing ID="OCR_0">
            <processingCategory>other</processingCategory>
            <processingStepDescription>unknown</processingStepDescription>
            <processingSoftware>
                <softwareName>kraken</softwareName>
                <softwareVersion>4.3.13</softwareVersion>
            </processingSoftware>
        </Processing>
    </Description>
    <Tags>
        <OtherTag ID="TYPE_1" LABEL="DefaultLine"/>
        <OtherTag ID="TYPE_2" LABEL="TableZone"/>
        <OtherTag ID="TYPE_3" LABEL="MainZone-Other"/>
        <OtherTag ID="TYPE_4" LABEL="GraphicZone-FigDesc"/>
        <OtherTag ID="TYPE_5" LABEL="GraphicZone-Decoration"/>
        <OtherTag ID="TYPE_6" LABEL="GraphicZone-TextualContent"/>
        <OtherTag ID="TYPE_7" LABEL="DropCapitalZone"/>
        <OtherTag ID="TYPE_8" LABEL="MainZone-Sp"/>
        <OtherTag ID="TYPE_9" LABEL="MainZone-P"/>
        <OtherTag ID="TYPE_10" LABEL="MarginTextZone-Notes"/>
        <OtherTag ID="TYPE_11" LABEL="MainZone-Signature"/>
        <OtherTag ID="TYPE_12" LABEL="TitlePageZone-Index"/>
        <OtherTag ID="TYPE_13" LABEL="TableZone-Head"/>
        <OtherTag ID="TYPE_14" LABEL="NumberingZone"/>
        <OtherTag ID="TYPE_15" LABEL="GraphicZone-Part"/>
        <OtherTag ID="TYPE_16" LABEL="GraphicZone-Head"/>
        <OtherTag ID="TYPE_17" LABEL="FigureZone-FigDesc"/>
        <OtherTag ID="TYPE_18" LABEL="MainZone-P-Continued"/>
        <OtherTag ID="TYPE_19" LABEL="MainZone-List"/>
        <OtherTag ID="TYPE_20" LABEL="TitlePageZone"/>
        <OtherTag ID="TYPE_21" LABEL="GraphicZone-Maths"/>
        <OtherTag ID="TYPE_22" LABEL="FigureZone"/>
        <OtherTag ID="TYPE_23" LABEL="MainZone-Date"/>
        <OtherTag ID="TYPE_24" LABEL="GraphicZone"/>
        <OtherTag ID="TYPE_25" LABEL="AdvertisementZone"/>
        <OtherTag ID="TYPE_26" LABEL="MainZone-Lg"/>
        <OtherTag ID="TYPE_27" LABEL="QuireMarksZone"/>
        <OtherTag ID="TYPE_28" LABEL="TableZone-Continued"/>
        <OtherTag ID="TYPE_29" LABEL="MainZone-Form"/>
        <OtherTag ID="TYPE_30" LABEL="MainZone-Entry"/>
        <OtherTag ID="TYPE_31" LABEL="MarginTextZone-ManuscriptAddendum"/>
        <OtherTag ID="TYPE_32" LABEL="DigitizationArtefactZone"/>
        <OtherTag ID="TYPE_33" LABEL="MarginTextZone-Notes-Continued"/>
        <OtherTag ID="TYPE_34" LABEL="MainZone-Lg-Continued"/>
        <OtherTag ID="TYPE_35" LABEL="StampZone"/>
        <OtherTag ID="TYPE_36" LABEL="MainZone-Entry-Continued"/>
        <OtherTag ID="TYPE_37" LABEL="MainZone-List-Continued"/>
        <OtherTag ID="TYPE_38" LABEL="MainZone-Head"/>
        <OtherTag ID="TYPE_39" LABEL="MainZone-Sp-Continued"/>
        <OtherTag ID="TYPE_40" LABEL="RunningTitleZone"/>
        <OtherTag ID="TYPE_41" LABEL="FigureZone-Head"/>
        <OtherTag ID="TYPE_42" LABEL="StampZone-Sticker"/>
    </Tags>
    <Layout>
        <Page WIDTH="1000" HEIGHT="1448" PHYSICAL_IMG_NR="0" ID="page_0">
            <PrintSpace HPOS="0" VPOS="0" WIDTH="1000" HEIGHT="1448">
                <TextBlock ID="block_2" HPOS="388" VPOS="87" WIDTH="49" HEIGHT="35" TAGREFS="TYPE_14">
                    <Shape>
                        <Polygon POINTS="388.63262939453125 87.63275909423828 437.84466552734375 87.63275909423828 437.84466552734375 122.64634704589844 388.63262939453125 122.64634704589844 388.63262939453125 87.63275909423828"/>
                    </Shape>
                    <TextLine ID="line_0" HPOS="390" VPOS="99" WIDTH="66" HEIGHT="27" BASELINE="391 109 456 107" TAGREFS="TYPE_1">
                        <Shape>
                            <Polygon POINTS="447 99 439 99 431 99 423 99 415 99 407 99 399 99 390 99 391 109 391 126 427 126 428 126 429 126 438 118 442 115 455 115 456 107 454 99 447 99"/>
                        </Shape>
                        <String CONTENT=""/>
                    </TextLine>
</TextBlock>
                <TextBlock ID="block_5" HPOS="492" VPOS="77" WIDTH="372" HEIGHT="37" TAGREFS="TYPE_40">
                    <Shape>
                        <Polygon POINTS="492.32537841796875 77.68240356445312 864.533447265625 77.68240356445312 864.533447265625 114.29318237304688 492.32537841796875 114.29318237304688 492.32537841796875 77.68240356445312"/>
                    </Shape>
                    <TextLine ID="line_1" HPOS="479" VPOS="83" WIDTH="388" HEIGHT="35" BASELINE="480 106 867 104" TAGREFS="TYPE_1">
                        <Shape>
                            <Polygon POINTS="769 99 761 99 753 99 744 99 736 99 728 99 720 99 712 99 704 99 696 99 688 99 680 99 672 99 664 99 656 99 648 99 640 99 632 99 624 99 616 99 608 99 600 99 592 99 584 99 576 99 567 99 559 99 551 99 543 99 535 99 527 99 519 99 511 99 503 99 495 99 487 99 479 99 480 106 480 114 529 118 530 118 556 114 557 114 558 114 572 118 573 118 574 118 599 114 605 118 606 118 607 118 608 118 609 118 621 113 623 113 632 113 728 117 728 117 859 116 860 116 860 116 867 111 867 104 865 83 778 83 777 83 777 83 776 83 776 84 773 86 769 90 769 99"/>
                        </Shape>
                        <String CONTENT=""/>
                    </TextLine>
</TextBlock>
                <TextBlock ID="block_3" HPOS="381" VPOS="123" WIDTH="578" HEIGHT="452" TAGREFS="TYPE_18">
                    <Shape>
                        <Polygon POINTS="381.7999267578125 123.18104553222656 959.154296875 123.18104553222656 959.154296875 575.0474243164062 381.7999267578125 575.0474243164062 381.7999267578125 123.18104553222656"/>
                    </Shape>
                    <TextLine ID="line_2" HPOS="388" VPOS="112" WIDTH="569" HEIGHT="45" BASELINE="389 147 957 143" TAGREFS="TYPE_1">
                        <Shape>
                            <Polygon POINTS="389 147 389 156 955 157 957 143 954 112 926 121 863 121 847 114 844 112 843 112 843 112 842 112 836 114 813 121 796 116 795 116 794 116 794 116 793 116 784 122 734 122 724 115 721 113 720 113 720 113 719 113 646 115 646 115 645 115 643 117 637 122 628 117 621 114 621 114 553 114 552 114 551 114 551 114 546 118 545 119 543 119 520 115 519 115 518 115 518 115 511 119 504 123 481 119 449 115 434 115 433 115 432 115 432 115 425 120 423 121 422 120 419 118 419 118 418 118 417 118 388 120 389 147"/>
                        </Shape>
                        <String CONTENT=""/>
                    </TextLine>

                    <TextLine ID="line_3" HPOS="382" VPOS="149" WIDTH="575" HEIGHT="43" BASELINE="383 180 957 176" TAGREFS="TYPE_1">
                        <Shape>
                            <Polygon POINTS="383 180 383 192 498 188 574 189 627 191 628 191 629 191 629 191 632 189 635 187 658 189 691 191 691 191 798 187 823 186 825 186 833 190 834 190 835 190 835 190 836 190 843 186 843 186 851 186 940 189 941 189 942 189 957 185 957 176 955 155 846 149 845 149 816 155 705 151 704 151 679 156 644 151 643 151 608 156 596 152 595 152 594 152 571 156 507 152 506 152 476 157 458 152 457 152 456 152 409 157 390 152 390 152 389 152 388 152 387 152 382 156 383 180"/>
                        </Shape>
                        <String CONTENT=""/>
                    </TextLine>

                    <TextLine ID="line_4" HPOS="382" VPOS="184" WIDTH="576" HEIGHT="37" BASELINE="382 212 559 209 958 209" TAGREFS="TYPE_1">
                        <Shape>
                            <Polygon POINTS="382 212 382 219 957 221 958 209 958 191 915 191 897 184 897 184 896 184 895 184 876 190 853 190 846 184 845 184 844 184 794 184 793 184 757 190 721 184 720 184 720 184 719 184 719 185 711 190 690 186 689 186 688 186 672 190 644 184 597 184 596 184 552 190 534 184 533 184 532 184 531 184 530 184 519 191 493 191 483 185 482 185 437 184 436 184 436 184 422 191 382 191 382 212"/>
                        </Shape>
                        <String CONTENT=""/>
                    </TextLine>

                    <TextLine ID="line_5" HPOS="382" VPOS="218" WIDTH="578" HEIGHT="39" BASELINE="383 243 960 242" TAGREFS="TYPE_1">
                        <Shape>
                            <Polygon POINTS="383 243 383 257 431 256 432 256 444 251 465 256 465 256 466 256 467 256 468 256 474 251 622 256 627 256 628 256 629 256 671 250 699 255 700 255 701 255 712 250 754 255 755 255 805 251 811 255 812 255 813 255 814 255 815 255 847 251 851 255 852 255 853 255 854 255 855 255 867 250 959 255 960 242 958 218 382 218 383 243"/>
                        </Shape>
                        <String CONTENT=""/>
                    </TextLine>

                    <TextLine ID="line_6" HPOS="384" VPOS="246" WIDTH="574" HEIGHT="43" BASELINE="384 276 958 273" TAGREFS="TYPE_1">
                        <Shape>
                            <Polygon POINTS="384 289 421 284 485 288 494 288 495 288 500 287 527 283 543 287 544 287 545 287 546 287 547 287 548 287 559 283 621 286 658 287 659 287 677 285 699 283 744 284 802 287 803 287 824 283 830 283 847 283 939 286 940 286 941 286 958 281 958 273 956 254 929 254 929 253 910 246 909 246 909 246 908 246 893 253 893 253 889 253 831 246 830 246 829 246 812 252 807 254 787 252 755 250 754 250 753 250 747 252 742 254 740 252 733 247 732 247 732 247 731 247 730 247 719 252 714 255 693 255 688 251 682 247 681 247 680 247 679 247 679 247 678 247 673 251 668 255 650 251 634 249 527 248 526 248 469 249 469 249 468 249 466 250 460 256 395 256 384 250 384 276 384 289"/>
                        </Shape>
                        <String CONTENT=""/>
                    </TextLine>

                    <TextLine ID="line_7" HPOS="382" VPOS="281" WIDTH="576" HEIGHT="38" BASELINE="382 308 958 306" TAGREFS="TYPE_1">
                        <Shape>
                            <Polygon POINTS="382 308 382 316 956 319 958 306 956 287 865 287 857 281 856 281 855 281 790 281 790 281 789 281 780 286 770 281 769 281 769 281 768 281 758 285 736 281 735 281 734 281 733 281 728 286 679 287 671 281 670 281 670 281 669 281 668 281 648 287 636 282 635 282 634 282 633 282 633 282 626 287 625 288 604 288 604 287 597 282 596 282 596 282 595 282 522 287 521 287 510 282 510 282 449 282 448 282 448 282 427 287 404 282 403 282 403 282 402 282 382 287 382 308"/>
                        </Shape>
                        <String CONTENT=""/>
                    </TextLine>

                    <TextLine ID="line_8" HPOS="383" VPOS="312" WIDTH="569" HEIGHT="39" BASELINE="384 340 952 339" TAGREFS="TYPE_1">
                        <Shape>
                            <Polygon POINTS="384 340 384 347 391 351 392 351 393 351 394 351 405 346 406 346 416 346 492 351 493 351 518 348 529 346 539 348 555 350 556 350 580 348 601 346 641 349 683 351 683 351 720 349 767 347 950 351 952 339 951 320 944 316 943 316 942 316 909 320 908 320 902 315 901 315 901 315 858 312 857 312 856 312 843 320 816 320 814 320 813 320 776 312 775 312 774 312 773 312 765 320 708 320 699 312 699 312 698 312 676 312 675 312 674 312 674 312 662 320 633 320 624 312 623 312 622 312 621 312 588 318 580 312 579 312 578 312 531 312 530 312 530 312 514 320 485 320 473 312 472 312 471 312 448 312 448 312 447 312 446 312 435 320 403 316 402 316 401 316 383 320 384 340"/>
                        </Shape>
                        <String CONTENT=""/>
                    </TextLine>

                    <TextLine ID="line_9" HPOS="382" VPOS="343" WIDTH="574" HEIGHT="42" BASELINE="382 373 956 370" TAGREFS="TYPE_1">
                        <Shape>
                            <Polygon POINTS="382 373 382 380 541 380 549 381 572 385 573 385 574 385 584 381 589 379 617 379 621 382 627 384 628 384 629 384 654 382 676 379 716 382 759 384 760 384 770 382 781 379 793 382 798 383 799 383 800 383 811 382 837 378 901 382 922 383 923 383 929 382 946 378 953 382 956 370 954 352 918 352 904 345 903 345 902 345 901 345 885 352 815 352 804 343 803 343 802 343 782 343 781 343 781 343 780 343 774 347 730 344 729 344 728 344 728 344 716 352 674 352 658 344 658 344 657 344 656 344 640 349 627 344 626 344 625 344 625 344 608 352 570 345 569 345 568 345 545 350 521 345 520 345 519 345 494 353 478 345 477 345 441 345 440 345 440 345 422 353 402 346 401 346 400 346 399 346 382 353 382 373"/>
                        </Shape>
                        <String CONTENT=""/>
                    </TextLine>

                    <TextLine ID="line_10" HPOS="382" VPOS="378" WIDTH="576" HEIGHT="40" BASELINE="382 404 958 404" TAGREFS="TYPE_1">
                        <Shape>
                            <Polygon POINTS="382 404 382 412 509 412 511 413 519 417 520 417 521 417 522 417 533 413 534 412 537 413 547 417 547 417 548 418 548 417 549 417 559 413 561 412 606 412 609 413 618 417 619 417 620 417 621 417 633 414 640 412 650 414 670 417 671 417 672 417 673 417 678 414 680 413 713 414 789 417 790 417 803 415 818 412 835 415 850 417 851 417 851 417 859 415 870 412 958 415 958 404 958 378 931 378 930 378 930 378 929 378 918 385 872 381 872 381 871 381 861 386 798 386 787 379 786 378 785 378 769 378 769 378 768 378 767 378 766 379 758 386 724 386 708 380 704 378 703 378 703 378 702 378 699 380 688 385 679 380 675 378 674 378 674 378 648 379 647 379 646 379 646 380 639 386 611 386 604 381 601 378 600 378 600 378 599 378 598 378 592 381 582 385 530 381 522 381 522 381 521 381 520 381 513 385 508 381 505 378 504 378 503 378 432 378 431 378 430 378 423 382 417 385 382 382 382 404"/>
                        </Shape>
                        <String CONTENT=""/>
                    </TextLine>

                    <TextLine ID="line_11" HPOS="381" VPOS="411" WIDTH="577" HEIGHT="41" BASELINE="381 437 958 437" TAGREFS="TYPE_1">
                        <Shape>
                            <Polygon POINTS="381 437 381 447 447 447 448 447 456 452 456 452 457 452 458 452 518 452 518 452 518 452 519 452 524 448 525 447 530 448 550 452 551 452 551 452 559 448 562 447 568 448 579 451 580 451 580 451 598 448 611 447 617 448 626 452 627 452 628 452 649 452 649 452 650 452 650 452 653 449 655 447 664 449 673 452 674 452 674 452 728 452 728 452 728 452 733 450 741 447 751 450 757 452 757 452 758 452 759 452 764 450 776 447 790 450 796 452 797 452 798 452 847 452 847 452 847 452 848 452 849 451 854 447 872 451 876 452 876 452 958 452 958 437 958 411 929 411 928 411 927 411 926 411 919 417 893 411 890 411 889 411 885 411 855 418 821 418 810 412 807 411 806 411 806 411 797 412 773 418 724 418 716 413 711 411 710 411 709 411 708 411 702 413 691 418 649 418 643 414 639 411 638 411 637 411 637 411 636 411 623 414 611 418 522 418 520 415 514 411 514 411 513 411 498 411 497 411 497 411 496 411 496 411 490 415 489 417 486 415 473 411 473 411 472 411 433 415 395 411 394 411 393 411 381 416 381 437"/>
                        </Shape>
                        <String CONTENT=""/>
                    </TextLine>

                    <TextLine ID="line_12" HPOS="382" VPOS="449" WIDTH="575" HEIGHT="32" BASELINE="382 468 957 468" TAGREFS="TYPE_1">
                        <Shape>
                            <Polygon POINTS="768 461 760 461 752 461 744 461 736 461 728 461 720 461 711 461 703 461 695 461 687 461 679 461 671 461 663 461 655 461 647 461 639 461 631 461 623 461 615 461 607 461 599 461 591 461 583 461 575 461 567 461 559 461 551 461 543 461 534 461 526 461 518 461 510 461 502 461 494 461 486 461 478 461 470 461 462 461 454 461 446 461 438 461 430 461 422 461 414 461 406 461 398 461 390 461 382 461 382 468 382 476 453 476 454 476 462 481 463 481 464 481 465 481 485 476 486 476 487 476 501 481 502 481 502 481 531 477 556 481 557 481 588 477 588 477 629 481 630 481 957 477 957 468 957 455 946 449 945 449 831 449 830 449 829 449 828 449 824 452 820 449 819 449 818 449 775 449 774 449 773 449 773 449 771 449 768 461"/>
                        </Shape>
                        <String CONTENT=""/>
                    </TextLine>

                    <TextLine ID="line_13" HPOS="382" VPOS="475" WIDTH="575" HEIGHT="42" BASELINE="382 501 957 501" TAGREFS="TYPE_1">
                        <Shape>
                            <Polygon POINTS="382 501 382 515 533 511 543 514 548 516 549 516 550 517 591 517 591 516 607 514 624 511 628 514 632 516 633 516 633 516 634 517 681 517 681 516 682 516 683 516 686 513 688 512 698 513 720 515 720 515 732 513 740 511 743 513 749 516 750 516 751 516 807 512 813 512 817 512 860 516 860 516 861 516 862 516 869 511 871 511 957 511 957 501 957 483 942 483 930 475 930 475 929 475 874 475 873 475 872 475 858 482 800 475 799 475 798 475 782 483 747 483 729 475 728 475 728 475 727 475 726 475 715 482 684 476 683 476 683 476 658 483 566 483 545 477 544 477 543 477 514 482 495 475 494 475 493 475 493 475 469 482 441 475 440 475 440 475 439 475 420 480 411 475 410 475 409 475 408 475 382 482 382 501"/>
                        </Shape>
                        <String CONTENT=""/>
                    </TextLine>

                    <TextLine ID="line_14" HPOS="381" VPOS="509" WIDTH="574" HEIGHT="42" BASELINE="381 534 955 534" TAGREFS="TYPE_1">
                        <Shape>
                            <Polygon POINTS="381 534 381 543 400 550 401 550 402 550 403 550 419 545 432 549 432 549 433 549 434 549 435 549 440 544 481 550 482 550 513 544 538 544 546 549 547 549 547 549 548 549 549 549 550 549 556 544 613 549 614 549 615 549 616 549 621 545 635 550 636 550 637 551 661 551 661 550 662 550 674 544 720 550 721 550 763 544 774 550 775 550 776 551 906 551 906 550 907 550 922 544 955 544 955 534 955 510 893 509 893 509 892 509 885 510 874 514 852 510 836 509 835 509 835 509 829 511 821 514 810 511 801 509 800 509 799 509 798 509 798 509 795 511 794 513 787 511 781 510 780 510 779 510 769 511 757 514 754 511 752 510 751 510 750 510 749 510 733 511 722 513 711 512 690 509 689 509 688 509 687 509 684 512 683 513 672 512 645 510 644 510 608 513 591 514 587 513 577 510 576 510 576 510 575 510 574 510 570 513 568 514 507 514 506 513 496 510 495 510 494 510 443 514 439 514 437 514 413 509 412 509 381 514 381 534"/>
                        </Shape>
                        <String CONTENT=""/>
                    </TextLine>

                    <TextLine ID="line_15" HPOS="380" VPOS="539" WIDTH="202" HEIGHT="37" BASELINE="381 566 582 564" TAGREFS="TYPE_1">
                        <Shape>
                            <Polygon POINTS="381 566 381 576 582 574 582 564 580 547 550 546 542 539 541 539 540 539 539 539 380 544 381 566"/>
                        </Shape>
                        <String CONTENT=""/>
                    </TextLine>
</TextBlock>
                <TextBlock ID="block_0" HPOS="380" VPOS="573" WIDTH="579" HEIGHT="582" TAGREFS="TYPE_9">
                    <Shape>
                        <Polygon POINTS="380.3106384277344 573.6884765625 959.2740478515625 573.6884765625 959.2740478515625 1155.8994140625 380.3106384277344 1155.8994140625 380.3106384277344 573.6884765625"/>
                    </Shape>
                    <TextLine ID="line_16" HPOS="410" VPOS="567" WIDTH="548" HEIGHT="45" BASELINE="411 599 958 596" TAGREFS="TYPE_1">
                        <Shape>
                            <Polygon POINTS="411 599 411 608 543 612 543 612 583 608 592 607 598 608 617 612 617 612 641 608 647 607 699 607 700 608 704 612 705 612 706 612 707 612 735 608 741 607 747 608 770 612 771 612 772 612 773 612 773 611 777 608 779 606 822 606 826 608 835 611 836 611 837 611 853 608 860 606 863 608 871 611 872 611 872 611 957 607 958 596 956 575 886 575 880 570 880 569 879 569 878 569 818 567 818 567 790 574 765 568 764 568 763 568 762 568 753 575 753 576 701 576 700 575 691 569 690 569 689 569 688 569 687 569 674 575 674 576 640 576 639 575 629 569 628 569 627 569 626 569 625 569 625 569 616 575 603 575 583 576 581 575 570 570 569 570 546 569 545 569 544 569 531 575 531 576 530 575 518 569 517 569 481 569 481 569 480 569 464 576 462 576 460 576 426 570 425 570 424 570 410 575 411 599"/>
                        </Shape>
                        <String CONTENT=""/>
                    </TextLine>

                    <TextLine ID="line_17" HPOS="380" VPOS="604" WIDTH="576" HEIGHT="40" BASELINE="381 630 956 629" TAGREFS="TYPE_1">
                        <Shape>
                            <Polygon POINTS="381 630 381 644 402 640 443 643 444 643 444 643 456 637 527 638 534 643 535 643 536 643 537 643 565 637 578 643 579 643 580 644 610 644 610 643 611 643 629 637 666 643 667 643 668 643 726 637 800 637 833 642 834 642 934 638 954 642 956 629 954 607 801 608 797 608 773 604 772 604 771 604 761 608 760 608 748 604 747 604 746 604 726 608 720 604 720 604 719 604 718 604 717 604 716 604 710 608 709 608 671 604 670 604 670 604 662 608 648 604 647 604 646 604 575 608 573 608 557 604 556 604 555 604 555 604 554 604 547 609 432 609 394 604 393 604 392 604 380 608 381 630"/>
                        </Shape>
                        <String CONTENT=""/>
                    </TextLine>

                    <TextLine ID="line_18" HPOS="378" VPOS="634" WIDTH="577" HEIGHT="43" BASELINE="379 663 955 662" TAGREFS="TYPE_1">
                        <Shape>
                            <Polygon POINTS="379 663 379 677 419 677 419 676 419 676 420 676 426 672 455 676 460 676 461 676 467 675 492 672 588 674 666 676 666 676 667 676 674 674 679 671 686 674 691 675 692 675 693 676 729 676 729 675 730 675 731 675 733 673 736 671 794 672 942 675 942 675 943 675 955 670 955 662 954 641 932 636 931 636 909 640 908 640 907 640 894 634 893 634 893 634 892 634 871 640 868 641 819 641 815 639 797 634 796 634 795 634 794 634 778 639 773 640 765 639 736 634 736 634 735 634 734 634 728 638 726 641 707 641 702 638 691 634 691 634 690 634 689 634 688 634 688 635 684 638 682 640 662 638 633 635 633 635 632 635 622 637 609 641 590 637 576 635 576 635 575 635 570 637 563 641 521 641 514 637 513 635 512 635 511 635 487 635 486 635 485 635 485 635 485 636 484 637 478 641 378 636 379 663"/>
                        </Shape>
                        <String CONTENT=""/>
                    </TextLine>

                    <TextLine ID="line_19" HPOS="379" VPOS="669" WIDTH="554" HEIGHT="40" BASELINE="379 695 933 695" TAGREFS="TYPE_1">
                        <Shape>
                            <Polygon POINTS="379 695 379 703 395 708 395 708 396 708 419 703 463 708 464 708 492 703 502 708 502 708 503 708 504 708 505 708 513 703 565 703 571 708 572 708 572 708 573 709 642 709 642 708 643 708 644 708 649 703 665 708 666 708 666 708 690 704 695 708 695 708 696 708 697 709 740 709 740 708 741 708 742 708 748 703 748 703 757 703 921 708 921 708 922 708 933 703 933 695 933 675 872 674 866 669 865 669 864 669 835 669 834 669 833 669 832 669 824 674 811 669 810 669 792 669 791 669 790 669 790 669 781 674 781 675 696 675 695 674 690 670 690 669 689 669 688 669 687 669 650 674 644 674 572 674 572 674 567 669 566 669 565 669 564 669 539 674 534 674 531 674 517 669 516 669 493 669 492 669 491 669 490 669 485 674 485 674 483 674 459 670 458 670 457 670 450 674 448 674 379 674 379 695"/>
                        </Shape>
                        <String CONTENT=""/>
                    </TextLine>

                    <TextLine ID="line_20" HPOS="380" VPOS="701" WIDTH="575" HEIGHT="39" BASELINE="380 728 955 728" TAGREFS="TYPE_1">
                        <Shape>
                            <Polygon POINTS="380 728 380 737 954 740 955 728 954 703 882 705 863 703 849 701 848 701 839 703 826 705 799 703 783 701 782 701 781 701 777 703 768 705 757 703 753 701 753 701 752 701 751 701 748 702 741 706 662 706 618 702 607 701 606 701 605 701 603 702 592 705 566 702 560 701 559 701 559 701 556 701 543 705 539 701 539 701 538 701 484 701 483 701 480 701 445 705 426 701 425 701 424 701 423 701 403 705 380 701 380 728"/>
                        </Shape>
                        <String CONTENT=""/>
                    </TextLine>

                    <TextLine ID="line_21" HPOS="378" VPOS="737" WIDTH="576" HEIGHT="37" BASELINE="379 758 954 760" TAGREFS="TYPE_1">
                        <Shape>
                            <Polygon POINTS="379 758 378 766 419 773 420 773 523 773 523 773 524 773 525 773 534 768 557 768 563 773 563 773 564 773 565 773 658 773 658 773 658 773 668 769 675 773 676 773 677 773 678 774 720 774 720 773 721 773 722 773 728 769 782 773 783 773 784 773 794 769 853 773 854 773 855 773 868 769 881 773 882 773 883 773 954 768 954 760 954 737 379 737 379 758"/>
                        </Shape>
                        <String CONTENT=""/>
                    </TextLine>

                    <TextLine ID="line_22" HPOS="379" VPOS="765" WIDTH="578" HEIGHT="41" BASELINE="379 792 957 792" TAGREFS="TYPE_1">
                        <Shape>
                            <Polygon POINTS="379 792 379 802 458 806 459 806 481 802 489 802 497 802 522 806 522 806 523 806 534 802 539 802 544 802 565 806 566 806 590 802 596 802 601 802 622 806 623 806 641 802 645 802 655 802 710 806 711 806 738 802 742 802 750 802 816 806 817 806 884 802 885 802 887 802 925 806 926 806 956 801 957 792 956 770 912 765 911 765 910 765 900 769 879 765 878 765 853 769 851 769 848 769 814 765 813 765 784 769 778 769 771 769 731 765 730 765 729 765 728 765 723 769 722 769 719 769 703 765 703 765 683 769 676 769 666 769 634 765 633 765 633 765 621 769 615 770 564 770 563 768 559 765 559 765 558 765 557 765 543 768 535 769 379 768 379 792"/>
                        </Shape>
                        <String CONTENT=""/>
                    </TextLine>

                    <TextLine ID="line_23" HPOS="378" VPOS="798" WIDTH="577" HEIGHT="40" BASELINE="378 823 955 825" TAGREFS="TYPE_1">
                        <Shape>
                            <Polygon POINTS="378 823 378 836 569 837 570 837 571 837 576 835 584 833 617 835 644 837 645 837 656 835 667 833 696 835 741 838 742 838 743 838 753 835 755 834 762 835 790 838 791 838 906 834 911 834 912 834 917 838 918 838 919 838 920 838 954 833 955 825 954 798 918 802 812 799 790 798 790 798 789 798 788 798 788 799 783 803 690 803 675 799 665 798 664 798 654 800 643 802 622 800 596 798 596 798 378 801 378 823"/>
                        </Shape>
                        <String CONTENT=""/>
                    </TextLine>

                    <TextLine ID="line_24" HPOS="380" VPOS="830" WIDTH="574" HEIGHT="41" BASELINE="380 855 954 857" TAGREFS="TYPE_1">
                        <Shape>
                            <Polygon POINTS="380 855 380 869 439 865 454 869 456 870 457 870 458 870 497 869 650 865 666 868 673 870 674 870 683 868 703 866 736 868 756 870 757 870 770 868 784 867 787 868 790 871 790 871 791 871 792 871 954 867 954 857 954 830 905 830 905 830 904 830 903 830 896 835 868 830 868 830 867 830 865 830 834 836 785 836 775 830 774 830 773 830 773 830 770 830 743 835 683 830 665 830 664 830 632 831 574 834 567 831 564 830 563 830 563 830 551 831 528 835 380 832 380 855"/>
                        </Shape>
                        <String CONTENT=""/>
                    </TextLine>

                    <TextLine ID="line_25" HPOS="379" VPOS="863" WIDTH="575" HEIGHT="37" BASELINE="379 890 954 890" TAGREFS="TYPE_1">
                        <Shape>
                            <Polygon POINTS="379 890 379 900 954 898 954 890 954 869 927 869 927 868 918 863 917 863 917 863 916 863 915 863 901 868 886 863 885 863 884 863 884 863 870 868 854 863 853 863 852 863 828 868 827 868 827 868 786 863 786 863 785 863 771 867 765 863 764 863 763 863 762 863 680 867 666 863 666 863 665 863 664 863 649 868 647 868 646 868 613 863 613 863 571 868 567 868 566 868 557 863 556 863 491 863 490 863 469 868 467 868 462 868 424 863 423 863 379 867 379 890"/>
                        </Shape>
                        <String CONTENT=""/>
                    </TextLine>

                    <TextLine ID="line_26" HPOS="378" VPOS="897" WIDTH="576" HEIGHT="38" BASELINE="379 920 954 921" TAGREFS="TYPE_1">
                        <Shape>
                            <Polygon POINTS="379 920 378 930 703 934 704 934 705 934 706 934 707 933 711 930 715 933 716 934 717 934 718 934 719 935 778 935 778 934 812 933 933 930 953 934 954 921 954 898 379 897 379 920"/>
                        </Shape>
                        <String CONTENT=""/>
                    </TextLine>

                    <TextLine ID="line_27" HPOS="378" VPOS="928" WIDTH="575" HEIGHT="39" BASELINE="378 954 953 954" TAGREFS="TYPE_1">
                        <Shape>
                            <Polygon POINTS="756 930 748 930 747 930 746 931 742 934 706 934 702 932 699 930 691 930 683 930 675 930 667 930 659 930 655 930 650 932 645 933 632 932 617 930 611 930 603 930 595 930 587 930 584 930 573 933 568 933 567 933 564 930 563 930 555 930 547 930 539 930 530 930 522 930 514 930 506 930 498 930 491 930 476 933 473 933 470 933 448 930 442 930 434 930 426 930 425 930 419 933 403 930 402 930 394 930 389 930 378 933 378 954 378 962 404 962 415 967 415 967 416 967 439 962 456 967 457 967 458 967 498 962 551 962 563 967 564 967 565 967 620 962 672 967 673 967 953 962 953 954 952 930 900 933 888 930 880 928 880 928 879 928 878 928 872 930 865 934 840 934 835 931 831 928 830 928 829 928 828 928 827 928 818 931 810 933 777 931 764 930 756 930"/>
                        </Shape>
                        <String CONTENT=""/>
                    </TextLine>

                    <TextLine ID="line_28" HPOS="377" VPOS="960" WIDTH="575" HEIGHT="39" BASELINE="377 985 952 985" TAGREFS="TYPE_1">
                        <Shape>
                            <Polygon POINTS="377 985 377 995 417 995 422 999 423 999 423 999 424 999 534 999 534 999 535 999 536 999 543 995 543 995 558 999 559 999 559 999 578 995 580 995 590 995 664 999 665 999 952 995 952 985 952 966 939 960 938 960 938 960 937 960 917 966 860 966 841 961 840 961 839 961 812 966 777 960 777 960 776 960 757 966 728 960 728 960 690 966 664 960 663 960 662 960 649 966 553 966 525 960 524 960 470 965 435 961 434 961 433 961 422 965 399 960 398 960 397 960 377 966 377 985"/>
                        </Shape>
                        <String CONTENT=""/>
                    </TextLine>

                    <TextLine ID="line_29" HPOS="376" VPOS="990" WIDTH="577" HEIGHT="40" BASELINE="377 1016 953 1019" TAGREFS="TYPE_1">
                        <Shape>
                            <Polygon POINTS="376 1028 951 1030 953 1019 953 999 931 992 930 992 860 992 860 992 859 992 847 997 843 999 839 997 831 992 830 992 802 992 801 992 800 992 792 996 786 999 768 999 762 995 756 991 755 991 754 991 753 991 753 991 752 991 747 995 742 999 634 999 626 994 623 991 622 991 621 991 621 991 587 993 549 995 543 992 540 991 539 991 539 991 538 991 533 992 517 998 469 998 460 992 460 992 459 992 458 992 440 996 422 991 421 991 420 991 419 991 386 994 378 990 377 1016 376 1028"/>
                        </Shape>
                        <String CONTENT=""/>
                    </TextLine>

                    <TextLine ID="line_30" HPOS="377" VPOS="1022" WIDTH="574" HEIGHT="39" BASELINE="378 1048 951 1051" TAGREFS="TYPE_1">
                        <Shape>
                            <Polygon POINTS="378 1048 377 1058 950 1061 951 1051 951 1029 942 1024 942 1024 941 1024 858 1028 831 1029 825 1028 808 1024 807 1024 806 1024 806 1024 805 1024 800 1028 799 1028 796 1028 783 1024 782 1024 781 1024 742 1027 724 1028 716 1027 701 1024 700 1024 683 1026 671 1028 665 1026 659 1024 658 1024 658 1024 617 1026 561 1028 551 1025 544 1023 543 1023 543 1023 542 1023 534 1025 523 1028 519 1024 517 1023 517 1022 516 1022 515 1022 514 1022 514 1022 506 1024 500 1027 491 1024 482 1022 481 1022 481 1022 425 1023 424 1023 423 1023 423 1024 419 1027 378 1024 378 1048"/>
                        </Shape>
                        <String CONTENT=""/>
                    </TextLine>

                    <TextLine ID="line_31" HPOS="377" VPOS="1055" WIDTH="575" HEIGHT="41" BASELINE="378 1081 952 1084" TAGREFS="TYPE_1">
                        <Shape>
                            <Polygon POINTS="378 1081 377 1090 587 1094 588 1094 588 1094 589 1094 593 1091 596 1090 640 1090 646 1091 665 1095 666 1095 752 1092 773 1091 786 1092 833 1096 834 1096 835 1096 844 1092 845 1092 853 1092 932 1096 933 1096 951 1092 952 1084 950 1059 903 1063 898 1059 897 1058 897 1057 896 1057 895 1057 875 1057 874 1057 873 1057 869 1059 859 1063 833 1059 821 1057 820 1057 819 1057 816 1059 808 1063 789 1063 783 1059 780 1057 779 1057 778 1057 777 1057 765 1059 752 1063 687 1063 675 1060 664 1057 663 1057 608 1056 607 1056 606 1056 592 1060 586 1061 580 1060 567 1056 567 1056 566 1056 513 1060 511 1060 510 1060 452 1055 451 1055 405 1061 401 1061 400 1061 392 1055 391 1055 390 1055 390 1055 389 1055 378 1060 378 1081"/>
                        </Shape>
                        <String CONTENT=""/>
                    </TextLine>

                    <TextLine ID="line_32" HPOS="378" VPOS="1089" WIDTH="574" HEIGHT="43" BASELINE="378 1114 952 1117" TAGREFS="TYPE_1">
                        <Shape>
                            <Polygon POINTS="378 1114 378 1129 453 1127 462 1129 467 1131 468 1131 469 1131 469 1131 473 1129 478 1127 484 1129 487 1131 488 1131 489 1131 549 1131 549 1131 550 1131 553 1129 558 1127 563 1129 568 1131 569 1131 570 1131 571 1131 579 1129 584 1127 619 1129 684 1131 685 1131 701 1128 707 1127 709 1128 712 1131 713 1131 714 1131 835 1132 836 1132 857 1128 858 1128 859 1128 900 1132 901 1132 901 1132 913 1128 928 1132 929 1132 930 1132 951 1127 952 1117 950 1090 932 1095 849 1090 838 1090 837 1090 834 1090 814 1095 786 1091 779 1090 778 1090 777 1090 776 1091 765 1095 753 1091 747 1090 746 1090 745 1090 744 1090 740 1091 732 1094 674 1092 632 1090 631 1090 630 1090 629 1090 626 1092 621 1095 570 1095 553 1092 527 1089 526 1089 526 1089 514 1093 509 1094 497 1093 460 1089 460 1089 378 1093 378 1114"/>
                        </Shape>
                        <String CONTENT=""/>
                    </TextLine>

                    <TextLine ID="line_33" HPOS="377" VPOS="1118" WIDTH="67" HEIGHT="40" BASELINE="378 1147 444 1146" TAGREFS="TYPE_1">
                        <Shape>
                            <Polygon POINTS="378 1147 378 1158 412 1155 419 1155 435 1158 436 1158 436 1158 444 1153 444 1146 443 1122 430 1118 429 1118 377 1127 378 1147"/>
                        </Shape>
                        <String CONTENT=""/>
                    </TextLine>
</TextBlock>
                <TextBlock ID="block_1" HPOS="380" VPOS="1156" WIDTH="573" HEIGHT="39" TAGREFS="TYPE_9">
                    <Shape>
                        <Polygon POINTS="380.34075927734375 1156.2083740234375 953.44677734375 1156.2083740234375 953.44677734375 1195.09033203125 380.34075927734375 1195.09033203125 380.34075927734375 1156.2083740234375"/>
                    </Shape>
                    <TextLine ID="line_34" HPOS="409" VPOS="1150" WIDTH="543" HEIGHT="51" BASELINE="409 1180 952 1181" TAGREFS="TYPE_1">
                        <Shape>
                            <Polygon POINTS="409 1180 409 1199 436 1194 481 1198 482 1198 502 1194 520 1198 523 1199 524 1199 525 1199 526 1199 528 1198 538 1194 546 1198 549 1200 550 1200 551 1200 565 1198 587 1195 597 1197 604 1200 605 1200 606 1200 642 1197 666 1196 670 1197 680 1201 681 1201 682 1201 736 1197 759 1195 769 1196 796 1201 797 1201 872 1201 872 1201 873 1201 890 1195 892 1195 951 1195 952 1181 950 1152 933 1157 919 1152 915 1151 914 1151 913 1151 913 1151 908 1152 892 1157 884 1152 883 1151 882 1151 881 1151 863 1151 862 1151 830 1151 711 1157 677 1151 665 1150 664 1150 587 1151 586 1151 584 1151 573 1156 564 1151 561 1150 560 1150 559 1150 539 1151 475 1156 409 1151 409 1180"/>
                        </Shape>
                        <String CONTENT=""/>
                    </TextLine>
</TextBlock>
                <TextBlock ID="block_4" HPOS="881" VPOS="1191" WIDTH="70" HEIGHT="39" TAGREFS="TYPE_27">
                    <Shape>
                        <Polygon POINTS="881.8524780273438 1191.25048828125 951.7686767578125 1191.25048828125 951.7686767578125 1230.872802734375 881.8524780273438 1230.872802734375 881.8524780273438 1191.25048828125"/>
                    </Shape>
                    <TextLine ID="line_35" HPOS="881" VPOS="1193" WIDTH="72" HEIGHT="44" BASELINE="881 1214 953 1214" TAGREFS="TYPE_1">
                        <Shape>
                            <Polygon POINTS="881 1214 881 1237 953 1227 953 1214 953 1193 881 1193 881 1214"/>
                        </Shape>
                        <String CONTENT=""/>
                    </TextLine>
</TextBlock>
            </PrintSpace>
        </Page>
    </Layout>
</alto>