<?xml version="1.0" encoding="UTF-8"?>
<alto xmlns:xsi="http://www.w3.org/2001/XMLSchema-instance"
    xmlns="http://www.loc.gov/standards/alto/ns-v4#"
    xsi:schemaLocation="http://www.loc.gov/standards/alto/ns-v4# http://www.loc.gov/standards/alto/v4/alto-4-3.xsd">
    <Description>
        <MeasurementUnit>pixel</MeasurementUnit>
        <sourceImageInformation>
            <fileName>2013362.jpeg</fileName>
        </sourceImageInformation>
        <Processing ID="OCR_0">
            <processingCategory>other</processingCategory>
            <processingStepDescription>unknown</processingStepDescription>
            <processingSoftware>
                <softwareName>kraken</softwareName>
                <softwareVersion>4.3.13</softwareVersion>
            </processingSoftware>
        </Processing>
    </Description>
    <Tags>
        <OtherTag ID="TYPE_1" LABEL="DefaultLine"/>
        <OtherTag ID="TYPE_2" LABEL="TableZone"/>
        <OtherTag ID="TYPE_3" LABEL="MainZone-Other"/>
        <OtherTag ID="TYPE_4" LABEL="GraphicZone-FigDesc"/>
        <OtherTag ID="TYPE_5" LABEL="GraphicZone-Decoration"/>
        <OtherTag ID="TYPE_6" LABEL="GraphicZone-TextualContent"/>
        <OtherTag ID="TYPE_7" LABEL="DropCapitalZone"/>
        <OtherTag ID="TYPE_8" LABEL="MainZone-Sp"/>
        <OtherTag ID="TYPE_9" LABEL="MainZone-P"/>
        <OtherTag ID="TYPE_10" LABEL="MarginTextZone-Notes"/>
        <OtherTag ID="TYPE_11" LABEL="MainZone-Signature"/>
        <OtherTag ID="TYPE_12" LABEL="TitlePageZone-Index"/>
        <OtherTag ID="TYPE_13" LABEL="TableZone-Head"/>
        <OtherTag ID="TYPE_14" LABEL="NumberingZone"/>
        <OtherTag ID="TYPE_15" LABEL="GraphicZone-Part"/>
        <OtherTag ID="TYPE_16" LABEL="GraphicZone-Head"/>
        <OtherTag ID="TYPE_17" LABEL="FigureZone-FigDesc"/>
        <OtherTag ID="TYPE_18" LABEL="MainZone-P-Continued"/>
        <OtherTag ID="TYPE_19" LABEL="MainZone-List"/>
        <OtherTag ID="TYPE_20" LABEL="TitlePageZone"/>
        <OtherTag ID="TYPE_21" LABEL="GraphicZone-Maths"/>
        <OtherTag ID="TYPE_22" LABEL="FigureZone"/>
        <OtherTag ID="TYPE_23" LABEL="MainZone-Date"/>
        <OtherTag ID="TYPE_24" LABEL="GraphicZone"/>
        <OtherTag ID="TYPE_25" LABEL="AdvertisementZone"/>
        <OtherTag ID="TYPE_26" LABEL="MainZone-Lg"/>
        <OtherTag ID="TYPE_27" LABEL="QuireMarksZone"/>
        <OtherTag ID="TYPE_28" LABEL="TableZone-Continued"/>
        <OtherTag ID="TYPE_29" LABEL="MainZone-Form"/>
        <OtherTag ID="TYPE_30" LABEL="MainZone-Entry"/>
        <OtherTag ID="TYPE_31" LABEL="MarginTextZone-ManuscriptAddendum"/>
        <OtherTag ID="TYPE_32" LABEL="DigitizationArtefactZone"/>
        <OtherTag ID="TYPE_33" LABEL="MarginTextZone-Notes-Continued"/>
        <OtherTag ID="TYPE_34" LABEL="MainZone-Lg-Continued"/>
        <OtherTag ID="TYPE_35" LABEL="StampZone"/>
        <OtherTag ID="TYPE_36" LABEL="MainZone-Entry-Continued"/>
        <OtherTag ID="TYPE_37" LABEL="MainZone-List-Continued"/>
        <OtherTag ID="TYPE_38" LABEL="MainZone-Head"/>
        <OtherTag ID="TYPE_39" LABEL="MainZone-Sp-Continued"/>
        <OtherTag ID="TYPE_40" LABEL="RunningTitleZone"/>
        <OtherTag ID="TYPE_41" LABEL="FigureZone-Head"/>
        <OtherTag ID="TYPE_42" LABEL="StampZone-Sticker"/>
    </Tags>
    <Layout>
        <Page WIDTH="1000" HEIGHT="1448" PHYSICAL_IMG_NR="0" ID="page_0">
            <PrintSpace HPOS="0" VPOS="0" WIDTH="1000" HEIGHT="1448">
                <TextBlock ID="block_2" HPOS="355" VPOS="101" WIDTH="50" HEIGHT="33" TAGREFS="TYPE_14">
                    <Shape>
                        <Polygon POINTS="355.8361511230469 101.86080932617188 405.49053955078125 101.86080932617188 405.49053955078125 134.50413513183594 355.8361511230469 134.50413513183594 355.8361511230469 101.86080932617188"/>
                    </Shape>
                    <TextLine ID="line_0" HPOS="358" VPOS="102" WIDTH="47" HEIGHT="35" BASELINE="358 123 405 123" TAGREFS="TYPE_1">
                        <Shape>
                            <Polygon POINTS="399 102 390 102 382 102 374 102 366 102 358 102 358 123 358 137 405 133 405 123 404 102 399 102"/>
                        </Shape>
                        <String CONTENT=""/>
                    </TextLine>
</TextBlock>
                <TextBlock ID="block_7" HPOS="484" VPOS="82" WIDTH="354" HEIGHT="40" TAGREFS="TYPE_40">
                    <Shape>
                        <Polygon POINTS="484.8890380859375 82.341064453125 838.655517578125 82.341064453125 838.655517578125 122.08927154541016 484.8890380859375 122.08927154541016 484.8890380859375 82.341064453125"/>
                    </Shape>
                    <TextLine ID="line_1" HPOS="481" VPOS="85" WIDTH="359" HEIGHT="42" BASELINE="481 119 840 109" TAGREFS="TYPE_1">
                        <Shape>
                            <Polygon POINTS="746 102 738 102 730 102 722 102 714 102 706 102 698 102 690 102 682 102 674 102 666 102 658 102 656 102 656 103 634 103 632 102 625 102 617 102 609 102 604 102 600 104 594 102 593 102 585 102 577 102 569 102 561 102 554 102 543 105 539 102 537 102 529 102 521 102 513 102 505 102 497 102 489 102 483 102 481 103 481 119 481 123 510 127 510 127 511 127 512 127 512 127 513 127 515 123 521 123 551 122 551 122 560 127 561 127 562 127 563 127 563 127 564 127 564 127 565 127 567 123 580 127 581 127 582 127 583 127 606 121 630 126 631 126 632 126 641 122 731 123 732 123 732 123 748 116 750 116 757 116 818 120 819 120 820 120 840 114 840 109 838 85 762 86 761 86 757 89 746 94 746 102"/>
                        </Shape>
                        <String CONTENT=""/>
                    </TextLine>
</TextBlock>
                <TextBlock ID="block_3" HPOS="354" VPOS="126" WIDTH="582" HEIGHT="254" TAGREFS="TYPE_18">
                    <Shape>
                        <Polygon POINTS="354.60369873046875 126.63909912109375 936.1100463867188 126.63909912109375 936.1100463867188 380.8939514160156 354.60369873046875 380.8939514160156 354.60369873046875 126.63909912109375"/>
                    </Shape>
                    <TextLine ID="line_2" HPOS="353" VPOS="113" WIDTH="579" HEIGHT="55" BASELINE="354 159 932 143" TAGREFS="TYPE_1">
                        <Shape>
                            <Polygon POINTS="354 159 354 168 469 163 482 164 496 167 497 167 497 167 504 164 510 161 555 160 559 162 563 164 564 164 565 164 585 161 599 160 613 160 641 163 642 163 643 163 657 159 662 158 672 159 699 161 700 161 725 157 735 156 761 156 842 157 843 157 843 157 854 153 855 152 857 152 872 156 873 156 874 156 931 150 932 143 929 113 901 119 894 114 893 114 893 114 892 114 864 115 864 115 861 115 843 121 826 117 820 115 819 115 818 115 809 117 785 123 751 119 729 118 728 118 728 118 727 118 727 119 724 120 720 125 699 125 637 124 565 123 564 123 563 123 563 123 556 127 553 129 512 129 386 127 386 127 385 127 384 127 384 128 378 134 378 135 353 135 354 159"/>
                        </Shape>
                        <String CONTENT=""/>
                    </TextLine>

                    <TextLine ID="line_3" HPOS="353" VPOS="150" WIDTH="581" HEIGHT="53" BASELINE="353 192 607 183 934 177" TAGREFS="TYPE_1">
                        <Shape>
                            <Polygon POINTS="353 192 353 203 444 201 445 201 446 201 456 196 588 196 656 196 657 196 689 193 724 189 765 190 823 192 824 192 825 192 835 188 838 187 850 188 884 190 884 190 934 185 934 177 932 156 905 156 904 156 894 150 893 150 893 150 892 150 827 159 823 159 814 152 814 152 813 152 792 152 791 152 758 160 757 161 708 161 707 161 685 156 684 156 683 156 608 164 595 158 594 158 593 158 487 160 486 160 471 166 437 161 436 161 436 161 419 168 397 165 396 165 353 170 353 192"/>
                        </Shape>
                        <String CONTENT=""/>
                    </TextLine>

                    <TextLine ID="line_4" HPOS="353" VPOS="185" WIDTH="581" HEIGHT="49" BASELINE="354 225 579 216 934 209" TAGREFS="TYPE_1">
                        <Shape>
                            <Polygon POINTS="354 225 354 230 386 234 387 234 447 233 448 233 448 233 454 229 456 228 482 228 582 230 583 230 584 230 592 226 594 225 609 226 652 228 653 228 716 226 717 226 718 226 722 223 725 222 736 223 753 225 754 225 755 225 756 225 759 222 762 221 783 222 818 224 819 224 934 218 934 209 932 188 855 185 855 185 854 185 853 185 849 189 846 191 821 189 790 188 790 188 789 188 788 188 786 190 783 193 777 190 774 189 773 189 773 189 744 191 684 195 654 193 637 192 636 192 635 192 629 193 617 197 600 194 586 192 585 192 584 192 578 194 570 197 554 195 545 193 544 193 535 195 518 199 503 196 495 194 494 194 480 196 452 201 429 197 419 196 419 196 404 197 374 202 353 199 354 225"/>
                        </Shape>
                        <String CONTENT=""/>
                    </TextLine>

                    <TextLine ID="line_5" HPOS="356" VPOS="217" WIDTH="577" HEIGHT="46" BASELINE="358 256 933 241" TAGREFS="TYPE_1">
                        <Shape>
                            <Polygon POINTS="751 229 747 222 745 222 720 220 719 220 718 220 712 223 707 226 679 227 641 226 629 225 628 225 627 225 623 226 612 229 606 226 600 223 599 223 598 223 597 223 587 227 583 228 575 227 554 225 553 225 552 225 543 228 536 231 506 230 469 227 468 227 446 231 433 234 423 232 406 229 405 229 356 234 358 256 358 263 751 259 762 257 782 253 798 256 802 256 802 256 811 255 872 250 932 253 933 241 931 217 883 217 882 217 881 217 878 218 868 222 847 219 838 218 837 218 818 220 778 225 753 222 751 229"/>
                        </Shape>
                        <String CONTENT=""/>
                    </TextLine>

                    <TextLine ID="line_6" HPOS="355" VPOS="248" WIDTH="576" HEIGHT="48" BASELINE="356 288 931 273" TAGREFS="TYPE_1">
                        <Shape>
                            <Polygon POINTS="356 288 356 296 930 281 931 273 930 254 900 248 899 248 898 248 876 255 853 252 852 252 814 256 807 257 806 257 791 252 790 252 790 252 789 252 776 256 755 252 754 252 720 259 716 259 711 259 668 255 667 255 598 256 597 256 596 256 590 261 566 257 565 257 537 264 534 265 481 265 471 265 446 260 445 260 444 260 444 260 436 265 408 262 407 262 407 262 396 267 395 268 355 268 356 288"/>
                        </Shape>
                        <String CONTENT=""/>
                    </TextLine>

                    <TextLine ID="line_7" HPOS="356" VPOS="278" WIDTH="576" HEIGHT="56" BASELINE="358 321 932 305" TAGREFS="TYPE_1">
                        <Shape>
                            <Polygon POINTS="358 321 358 330 413 334 414 334 415 334 436 329 444 327 451 329 471 333 472 333 473 333 492 328 502 324 588 323 599 325 614 329 615 329 616 329 633 324 646 321 683 323 724 325 725 325 726 325 727 325 730 322 734 320 744 322 758 324 759 324 840 322 841 322 842 322 846 320 852 316 864 319 867 320 868 320 868 320 932 317 932 305 930 284 873 278 872 278 846 279 845 279 844 279 836 285 835 286 824 285 764 281 763 281 723 287 700 290 689 287 674 283 673 283 672 283 671 283 656 287 641 292 596 288 566 287 565 287 564 287 559 289 547 294 537 289 532 287 531 287 530 287 530 287 522 290 498 296 465 296 446 291 444 290 443 290 442 290 441 290 440 290 440 291 440 291 433 298 389 298 378 292 377 292 356 292 358 321"/>
                        </Shape>
                        <String CONTENT=""/>
                    </TextLine>

                    <TextLine ID="line_8" HPOS="354" VPOS="314" WIDTH="530" HEIGHT="53" BASELINE="356 353 884 341" TAGREFS="TYPE_1">
                        <Shape>
                            <Polygon POINTS="741 318 735 318 721 322 714 324 708 322 691 319 691 319 690 319 677 324 670 325 662 324 637 319 636 319 635 319 634 319 628 324 625 327 600 327 592 325 569 320 568 320 567 320 556 327 554 328 543 327 496 322 495 322 494 322 467 329 465 329 463 329 443 324 442 324 441 324 440 324 426 330 423 331 421 330 405 325 404 325 403 325 403 325 384 331 382 333 354 333 356 353 356 367 393 360 432 366 441 366 442 366 443 366 446 365 462 358 530 361 530 361 531 361 542 357 559 361 561 361 562 361 564 361 594 356 599 359 600 361 601 361 602 361 603 361 604 361 604 361 606 359 613 355 641 357 655 359 656 359 657 359 662 357 673 353 697 353 699 356 705 360 706 360 707 360 707 360 764 359 765 359 781 354 785 357 785 358 786 358 786 358 787 358 848 357 884 349 884 341 883 318 848 314 847 314 847 314 833 319 827 321 823 320 814 315 813 315 812 315 775 320 765 322 760 321 748 318 741 318"/>
                        </Shape>
                        <String CONTENT=""/>
                    </TextLine>
</TextBlock>
                <TextBlock ID="textblock_4">
                    
                    <TextLine ID="line_9" HPOS="381" VPOS="350" WIDTH="345" HEIGHT="48" BASELINE="382 385 726 377" TAGREFS="TYPE_1">
                        <Shape>
                            <Polygon POINTS="382 385 382 398 399 393 414 397 415 397 415 397 477 396 478 396 479 396 479 395 486 390 558 394 569 394 570 394 571 394 573 393 588 388 594 393 595 393 596 393 596 393 600 392 623 387 725 389 726 377 724 357 691 350 691 350 690 350 689 350 676 358 642 358 636 353 636 352 635 352 634 352 622 352 621 352 587 360 586 360 555 353 555 353 554 353 553 353 553 354 547 361 531 356 530 356 530 356 529 356 517 362 497 357 497 357 496 357 495 357 494 357 486 362 472 356 471 356 470 356 469 356 449 363 448 363 432 357 432 357 431 357 430 357 411 362 395 357 395 357 394 357 393 357 381 363 382 385"/>
                        </Shape>
                        <String CONTENT=""/>
                    </TextLine>

                </TextBlock>
                <TextBlock ID="block_4" HPOS="359" VPOS="395" WIDTH="588" HEIGHT="735" TAGREFS="TYPE_26">
                    <Shape>
                        <Polygon POINTS="359.3724670410156 395.3645935058594 947.7643432617188 395.3645935058594 947.7643432617188 1130.69140625 359.3724670410156 1130.69140625 359.3724670410156 395.3645935058594"/>
                    </Shape>
                    <TextLine ID="line_10" HPOS="358" VPOS="385" WIDTH="247" HEIGHT="46" BASELINE="360 419 605 413" TAGREFS="TYPE_1">
                        <Shape>
                            <Polygon POINTS="360 419 360 427 436 426 442 427 450 431 451 431 452 431 452 431 458 427 462 426 469 427 477 430 478 430 479 430 480 430 485 427 492 424 500 427 505 429 506 429 506 429 507 429 508 429 510 427 515 423 526 427 530 428 530 428 531 428 574 427 575 427 576 427 576 427 576 427 580 422 604 426 605 413 604 391 574 385 573 385 572 385 572 385 563 391 563 392 559 391 534 386 534 386 533 386 532 386 526 392 525 392 520 392 481 387 481 387 450 392 432 395 358 394 360 419"/>
                        </Shape>
                        <String CONTENT=""/>
                    </TextLine>

                    <TextLine ID="line_11" HPOS="386" VPOS="414" WIDTH="387" HEIGHT="46" BASELINE="387 449 773 442" TAGREFS="TYPE_1">
                        <Shape>
                            <Polygon POINTS="387 449 387 460 600 460 601 460 633 456 642 460 643 460 644 460 673 453 673 452 687 452 687 452 695 458 695 458 696 458 697 458 773 450 773 442 772 414 731 414 730 414 729 414 728 414 728 415 728 415 728 415 724 419 705 416 697 415 696 415 617 416 586 420 557 425 534 425 530 423 522 419 521 419 520 419 519 419 518 419 512 423 509 425 497 423 481 422 480 422 479 422 473 425 470 426 468 425 460 421 459 421 458 421 424 424 418 420 417 420 416 420 415 420 415 420 386 427 387 449"/>
                        </Shape>
                        <String CONTENT=""/>
                    </TextLine>

                    <TextLine ID="line_12" HPOS="356" VPOS="455" WIDTH="224" HEIGHT="39" BASELINE="357 485 580 479" TAGREFS="TYPE_1">
                        <Shape>
                            <Polygon POINTS="357 485 357 494 452 494 452 493 453 493 454 493 458 490 460 489 517 487 529 488 567 490 567 490 568 490 580 485 580 479 579 456 449 455 448 455 448 455 447 455 444 457 438 460 380 462 356 458 357 485"/>
                        </Shape>
                        <String CONTENT=""/>
                    </TextLine>

                    <TextLine ID="line_13" HPOS="388" VPOS="476" WIDTH="525" HEIGHT="50" BASELINE="389 514 913 504" TAGREFS="TYPE_1">
                        <Shape>
                            <Polygon POINTS="389 514 389 526 438 521 459 525 461 525 462 525 463 525 465 525 476 521 521 522 539 523 539 523 540 523 543 522 550 519 592 521 629 522 629 522 651 518 671 516 678 518 684 520 685 520 686 520 707 517 721 515 726 517 735 519 736 519 736 519 756 515 762 514 766 515 777 518 778 518 779 518 802 514 806 514 815 514 870 516 871 516 872 516 872 516 878 512 906 516 907 516 908 516 909 516 909 515 913 510 913 504 911 481 880 476 880 476 879 476 859 481 844 476 843 476 843 476 842 476 818 482 816 483 814 482 798 477 798 477 797 477 755 477 754 477 732 484 717 479 716 479 716 479 715 479 714 479 706 485 705 485 702 485 668 481 667 481 666 481 654 486 654 487 611 487 595 481 594 481 593 481 592 481 592 481 584 488 584 489 546 489 539 489 511 482 510 482 510 482 489 490 475 490 468 484 467 484 466 484 465 484 431 485 430 485 429 485 429 485 423 491 396 488 395 488 395 488 394 488 388 491 389 514"/>
                        </Shape>
                        <String CONTENT=""/>
                    </TextLine>

                    <TextLine ID="line_14" HPOS="389" VPOS="509" WIDTH="485" HEIGHT="50" BASELINE="390 547 874 535" TAGREFS="TYPE_1">
                        <Shape>
                            <Polygon POINTS="390 547 390 554 423 559 423 559 424 559 440 554 492 557 493 557 493 557 494 557 502 552 562 555 563 555 563 555 576 551 596 555 597 555 631 554 632 554 641 549 642 549 647 549 836 549 837 549 874 543 874 535 872 515 835 515 823 509 823 509 822 509 821 509 798 516 797 516 796 516 772 510 771 510 770 510 757 510 757 510 756 510 756 511 750 517 748 517 715 511 714 511 713 511 701 518 699 518 689 518 648 513 647 513 646 513 633 518 629 521 559 521 557 519 549 515 548 515 547 515 547 515 537 520 532 515 531 515 530 515 530 515 529 515 513 520 506 522 503 520 499 517 498 517 497 517 497 517 389 522 390 547"/>
                        </Shape>
                        <String CONTENT=""/>
                    </TextLine>

                    <TextLine ID="line_15" HPOS="390" VPOS="544" WIDTH="545" HEIGHT="48" BASELINE="391 580 935 568" TAGREFS="TYPE_1">
                        <Shape>
                            <Polygon POINTS="761 566 757 553 753 552 747 551 746 551 745 551 744 551 743 553 730 563 728 572 720 572 712 572 704 572 696 572 688 572 680 572 672 572 664 572 656 572 648 574 640 574 632 574 624 574 616 574 608 574 600 574 592 574 584 574 576 574 567 574 559 574 551 574 543 574 535 574 527 574 519 574 511 574 503 574 495 574 487 574 479 574 471 574 463 574 455 574 447 574 439 574 431 574 423 574 415 574 407 574 399 574 390 574 391 580 391 587 411 592 412 592 440 587 444 586 452 586 495 590 496 590 497 590 509 585 510 585 520 585 578 588 579 588 580 588 589 584 594 583 617 584 658 587 659 587 660 587 661 587 661 586 664 584 665 583 673 584 700 586 701 586 721 583 741 580 934 580 935 568 933 544 769 547 768 547 767 547 767 548 765 549 761 566"/>
                        </Shape>
                        <String CONTENT=""/>
                    </TextLine>

                    <TextLine ID="line_16" HPOS="389" VPOS="573" WIDTH="513" HEIGHT="49" BASELINE="390 612 766 602 902 602" TAGREFS="TYPE_1">
                        <Shape>
                            <Polygon POINTS="760 587 756 580 753 582 741 584 689 584 684 582 676 577 675 577 674 577 674 577 673 577 672 577 665 583 661 585 642 583 633 582 633 582 632 582 631 582 630 583 625 586 619 583 609 579 609 579 608 579 607 579 596 584 588 587 575 584 561 580 560 580 559 580 547 584 530 588 512 584 502 582 501 582 500 582 499 582 497 584 494 586 477 584 461 584 460 584 460 584 459 584 457 585 450 589 441 585 436 583 435 583 434 583 433 583 432 583 429 585 423 589 389 586 390 612 390 622 902 609 902 602 901 580 878 580 864 573 863 573 862 573 861 573 847 580 832 574 831 574 831 574 786 575 763 580 760 587"/>
                        </Shape>
                        <String CONTENT=""/>
                    </TextLine>

                    <TextLine ID="line_17" HPOS="390" VPOS="605" WIDTH="505" HEIGHT="47" BASELINE="390 644 765 634 895 634" TAGREFS="TYPE_1">
                        <Shape>
                            <Polygon POINTS="760 619 755 611 744 614 738 616 647 617 646 616 637 610 636 610 635 610 634 610 633 610 633 610 625 617 624 617 620 617 602 611 601 611 600 611 507 613 506 613 506 613 506 614 500 618 499 619 495 618 465 614 464 614 437 620 424 622 415 620 402 616 401 616 400 616 399 616 390 620 390 644 390 652 895 642 895 634 894 612 872 608 872 608 871 608 861 612 846 605 845 605 844 605 843 605 843 605 843 606 839 609 810 606 810 606 809 606 797 612 775 608 774 608 764 609 760 619"/>
                        </Shape>
                        <String CONTENT=""/>
                    </TextLine>

                    <TextLine ID="line_18" HPOS="390" VPOS="639" WIDTH="548" HEIGHT="52" BASELINE="391 676 938 665" TAGREFS="TYPE_1">
                        <Shape>
                            <Polygon POINTS="761 663 756 647 743 649 720 646 683 643 683 643 682 643 681 643 681 644 677 647 674 649 671 647 670 645 669 645 668 645 667 645 666 645 662 647 653 650 641 647 629 644 629 644 628 644 627 644 621 647 613 651 555 648 524 646 523 646 505 648 456 654 445 649 444 649 444 649 443 649 422 655 413 649 412 649 411 649 411 649 390 649 391 676 391 686 429 691 430 691 460 685 470 682 510 682 513 684 515 686 516 686 517 686 518 686 537 684 551 682 559 683 579 688 580 688 620 687 621 687 631 682 635 680 644 682 664 686 665 686 692 681 703 679 709 681 723 685 724 685 724 685 725 685 726 685 732 681 733 680 733 681 740 685 740 685 741 685 742 685 743 685 755 680 762 677 799 677 802 679 806 682 806 683 807 683 808 683 809 684 819 684 819 683 820 683 821 683 821 682 825 679 828 676 836 679 848 682 849 682 850 682 851 682 863 678 872 675 897 675 902 678 906 681 907 681 908 681 909 681 909 681 910 681 915 678 918 676 938 677 938 665 937 645 876 639 876 639 875 639 850 645 847 646 844 645 828 641 827 641 827 641 826 641 825 641 825 642 821 645 806 642 806 642 767 646 765 646 761 663"/>
                        </Shape>
                        <String CONTENT=""/>
                    </TextLine>

                    <TextLine ID="line_19" HPOS="360" VPOS="678" WIDTH="124" HEIGHT="43" BASELINE="361 710 484 708" TAGREFS="TYPE_1">
                        <Shape>
                            <Polygon POINTS="361 710 361 717 421 721 422 721 423 721 438 716 440 715 484 715 484 708 483 686 456 678 456 678 455 678 431 684 419 687 402 687 396 683 391 679 390 679 390 679 389 679 360 682 361 710"/>
                        </Shape>
                        <String CONTENT=""/>
                    </TextLine>
</TextBlock>
                <TextBlock ID="block_1" HPOS="362" VPOS="713" WIDTH="582" HEIGHT="292" TAGREFS="TYPE_9">
                    <Shape>
                        <Polygon POINTS="362.67974853515625 713.1871948242188 944.393798828125 713.1871948242188 944.393798828125 1005.9515380859375 362.67974853515625 1005.9515380859375 362.67974853515625 713.1871948242188"/>
                    </Shape>
                    <TextLine ID="line_20" HPOS="364" VPOS="699" WIDTH="576" HEIGHT="56" BASELINE="366 744 940 729" TAGREFS="TYPE_1">
                        <Shape>
                            <Polygon POINTS="366 744 366 750 396 755 397 755 467 748 620 749 621 749 621 749 633 744 650 748 651 748 652 748 674 744 708 747 709 747 710 747 711 747 717 742 718 742 722 742 779 745 780 745 810 740 814 740 816 740 843 744 844 744 939 736 940 729 938 706 907 699 906 699 876 707 873 707 834 707 832 707 819 703 818 703 818 703 787 707 778 710 734 710 732 709 726 704 725 704 724 704 724 704 697 705 696 705 687 709 683 711 672 710 651 706 650 706 630 710 617 713 590 711 559 708 559 708 558 708 550 711 545 714 543 711 539 709 539 709 538 709 537 709 517 712 502 714 486 712 465 711 465 711 452 713 427 718 415 714 411 712 411 712 410 712 402 714 382 718 364 715 366 744"/>
                        </Shape>
                        <String CONTENT=""/>
                    </TextLine>

                    <TextLine ID="line_21" HPOS="360" VPOS="736" WIDTH="581" HEIGHT="53" BASELINE="361 774 941 763" TAGREFS="TYPE_1">
                        <Shape>
                            <Polygon POINTS="762 761 757 746 754 746 749 741 748 740 748 740 747 740 746 740 745 740 744 740 739 742 729 746 707 746 703 743 699 740 698 740 697 740 696 740 695 740 695 740 691 744 690 744 683 744 640 741 639 741 638 741 630 745 625 748 620 745 613 743 613 743 612 743 611 743 610 743 607 746 603 748 593 746 575 742 574 742 573 742 563 747 559 749 544 748 524 745 523 745 496 749 481 751 478 749 469 745 468 745 467 745 452 748 447 744 446 744 445 744 444 744 444 744 443 744 434 751 432 752 425 751 380 746 379 746 378 746 360 752 361 774 361 789 382 785 431 787 432 787 432 787 433 787 442 781 481 786 482 786 483 786 484 786 485 786 495 779 544 783 545 783 579 779 607 784 609 784 609 784 610 784 611 784 629 779 677 782 679 782 680 782 681 782 682 782 689 777 714 781 715 781 716 781 740 774 751 781 752 781 753 781 753 781 754 781 775 773 802 777 802 777 907 771 940 777 941 763 939 736 872 736 872 736 871 736 864 738 847 744 836 739 832 737 831 737 831 737 816 740 806 741 802 740 796 738 795 738 794 738 794 738 786 740 771 746 766 746 762 761"/>
                        </Shape>
                        <String CONTENT=""/>
                    </TextLine>

                    <TextLine ID="line_22" HPOS="358" VPOS="766" WIDTH="581" HEIGHT="55" BASELINE="358 809 939 795" TAGREFS="TYPE_1">
                        <Shape>
                            <Polygon POINTS="760 783 757 777 753 777 738 770 737 770 736 770 736 770 723 777 718 780 713 777 703 773 702 773 701 773 665 779 664 779 658 774 658 774 657 774 656 774 655 774 654 774 648 778 632 773 631 773 630 773 629 773 629 773 620 781 617 782 609 781 599 779 598 779 597 779 592 781 588 783 578 781 534 775 533 775 532 775 510 784 507 785 498 784 464 781 463 781 462 781 461 781 457 785 445 779 444 779 444 779 443 779 426 786 424 788 394 788 390 807 382 807 374 807 366 807 361 807 358 809 358 815 382 821 383 821 485 818 486 818 497 813 500 812 550 812 664 813 665 813 683 810 695 808 706 810 732 813 732 813 754 809 769 806 781 808 792 810 793 810 794 810 801 808 808 805 816 807 826 810 827 810 827 810 861 810 862 810 863 810 867 806 871 804 875 806 878 808 879 808 880 808 938 805 939 795 938 771 905 766 904 766 903 766 889 772 884 774 881 773 874 768 873 768 872 768 836 768 835 768 835 768 809 774 779 769 778 769 777 769 763 775 760 783"/>
                        </Shape>
                        <String CONTENT=""/>
                    </TextLine>

                    <TextLine ID="line_23" HPOS="362" VPOS="802" WIDTH="578" HEIGHT="50" BASELINE="362 840 940 829" TAGREFS="TYPE_1">
                        <Shape>
                            <Polygon POINTS="756 810 748 810 740 810 732 810 729 810 727 811 725 810 724 810 716 810 707 810 699 810 691 810 683 810 675 810 667 810 659 810 651 810 643 810 635 810 627 810 625 810 612 813 598 810 595 810 587 810 579 810 575 810 560 814 532 810 530 810 522 810 500 816 461 816 448 811 448 811 447 811 446 811 445 811 436 817 415 813 415 813 414 813 413 813 408 817 394 814 393 814 362 818 362 840 362 847 402 852 403 852 440 847 445 846 450 846 485 851 485 851 551 845 574 843 583 845 592 847 593 847 603 845 613 843 634 844 653 846 654 846 654 846 655 846 658 844 662 842 723 843 756 844 757 844 757 844 760 843 767 840 797 843 815 844 816 844 827 843 850 839 863 842 865 843 866 843 867 843 940 841 940 829 939 808 918 802 917 802 917 802 855 809 823 803 822 803 821 803 801 810 784 804 783 804 782 804 781 804 767 810 757 807 756 810"/>
                        </Shape>
                        <String CONTENT=""/>
                    </TextLine>

                    <TextLine ID="line_24" HPOS="362" VPOS="835" WIDTH="579" HEIGHT="48" BASELINE="362 872 941 861" TAGREFS="TYPE_1">
                        <Shape>
                            <Polygon POINTS="362 872 362 880 449 883 450 883 600 876 629 875 633 875 654 879 654 879 695 874 697 874 698 874 732 877 732 877 733 877 748 873 806 876 807 876 842 876 843 876 852 871 854 871 915 874 916 874 941 868 941 861 939 840 919 836 918 836 862 840 853 835 852 835 851 835 851 835 801 842 762 836 761 836 736 837 735 837 734 837 725 843 710 839 709 839 708 839 635 839 634 839 633 839 625 845 559 840 558 840 524 847 511 841 510 841 510 841 509 841 493 847 451 842 450 842 426 843 425 843 424 843 417 849 362 850 362 872"/>
                        </Shape>
                        <String CONTENT=""/>
                    </TextLine>

                    <TextLine ID="line_25" HPOS="363" VPOS="868" WIDTH="579" HEIGHT="49" BASELINE="364 905 942 894" TAGREFS="TYPE_1">
                        <Shape>
                            <Polygon POINTS="364 905 364 912 405 917 406 917 475 912 496 915 497 915 497 915 498 915 505 911 506 910 510 911 532 914 533 914 620 909 675 907 942 907 942 894 939 874 896 874 895 874 880 868 880 868 879 868 878 868 877 868 869 874 845 875 836 875 835 875 808 869 807 869 749 871 723 876 717 877 703 876 645 872 644 872 643 872 630 877 626 880 597 880 595 878 588 873 587 873 586 873 585 873 584 873 568 878 563 880 561 878 555 876 555 876 554 876 540 879 532 880 526 879 515 875 514 875 514 875 513 875 512 875 512 876 508 879 506 880 498 879 479 876 478 876 477 876 465 880 460 881 363 881 364 905"/>
                        </Shape>
                        <String CONTENT=""/>
                    </TextLine>

                    <TextLine ID="line_26" HPOS="364" VPOS="900" WIDTH="579" HEIGHT="48" BASELINE="365 936 943 925" TAGREFS="TYPE_1">
                        <Shape>
                            <Polygon POINTS="365 936 365 946 449 948 450 948 451 948 465 945 473 942 479 944 490 947 491 947 492 947 493 947 501 943 506 942 514 943 524 945 525 945 558 942 587 940 598 942 622 945 623 945 624 945 625 945 631 941 634 939 654 940 715 943 716 943 777 937 805 942 806 942 831 936 843 941 843 941 844 941 880 937 897 940 898 940 943 933 943 925 942 904 869 900 868 900 868 900 867 900 863 905 851 901 850 901 849 901 848 901 838 905 834 908 802 908 792 907 766 903 765 903 694 904 693 904 678 909 675 910 674 909 667 905 666 905 666 905 633 905 633 905 632 905 621 910 620 911 614 911 577 906 576 906 546 912 542 913 536 913 485 908 484 908 483 908 482 908 473 913 473 914 364 916 365 936"/>
                        </Shape>
                        <String CONTENT=""/>
                    </TextLine>

                    <TextLine ID="line_27" HPOS="366" VPOS="931" WIDTH="577" HEIGHT="52" BASELINE="366 970 943 958" TAGREFS="TYPE_1">
                        <Shape>
                            <Polygon POINTS="759 952 755 942 748 941 725 936 724 936 724 936 711 942 706 944 701 942 687 936 687 936 686 936 685 936 684 936 673 943 670 945 666 943 654 937 654 937 653 937 652 937 651 937 641 944 638 946 629 945 598 938 597 938 596 938 582 946 579 948 573 946 559 942 558 942 557 942 529 946 514 939 513 939 512 939 469 940 469 940 468 940 460 946 436 944 435 944 434 944 417 950 413 968 405 968 397 968 389 968 381 968 373 968 370 968 366 970 366 978 460 983 461 983 601 980 602 980 616 976 626 974 638 976 646 978 647 978 648 978 649 978 650 976 656 972 730 972 747 975 755 977 756 977 757 977 762 975 778 970 942 974 943 958 942 934 906 931 905 931 905 931 904 931 899 935 895 938 880 936 864 933 864 933 846 937 841 933 840 933 839 933 839 933 838 933 823 938 814 941 806 938 790 933 789 933 788 933 787 933 786 933 778 939 770 945 761 943 759 952"/>
                        </Shape>
                        <String CONTENT=""/>
                    </TextLine>
</TextBlock>
                <TextBlock ID="block_0" HPOS="366" VPOS="1007" WIDTH="579" HEIGHT="198" TAGREFS="TYPE_9">
                    <Shape>
                        <Polygon POINTS="366.0550537109375 1007.217041015625 945.6602783203125 1007.217041015625 945.6602783203125 1205.7725830078125 366.0550537109375 1205.7725830078125 366.0550537109375 1007.217041015625"/>
                    </Shape>
                    <TextLine ID="line_28" HPOS="393" VPOS="993" WIDTH="549" HEIGHT="51" BASELINE="394 1032 942 1022" TAGREFS="TYPE_1">
                        <Shape>
                            <Polygon POINTS="394 1032 394 1040 415 1044 415 1044 481 1039 487 1039 489 1039 512 1043 513 1043 514 1043 533 1038 534 1038 534 1038 561 1042 562 1042 588 1037 602 1041 603 1041 604 1041 604 1041 618 1036 620 1036 678 1040 679 1040 708 1035 772 1038 773 1038 807 1037 808 1037 809 1037 816 1032 837 1036 838 1036 839 1036 839 1036 839 1036 843 1032 913 1035 914 1035 942 1029 942 1022 940 1000 899 993 898 993 855 1002 806 1002 797 998 796 998 795 998 794 998 794 998 790 1002 780 997 779 997 778 997 777 997 777 997 769 1002 746 1002 732 996 731 996 730 996 729 996 716 1001 696 997 695 997 541 1000 540 1000 518 1008 496 1008 488 1002 487 1002 486 1002 485 1002 485 1002 484 1002 478 1007 455 1008 439 1002 438 1002 437 1002 436 1002 436 1002 436 1003 432 1007 423 1003 422 1003 421 1003 393 1010 394 1032"/>
                        </Shape>
                        <String CONTENT=""/>
                    </TextLine>

                    <TextLine ID="line_29" HPOS="364" VPOS="1029" WIDTH="581" HEIGHT="48" BASELINE="365 1066 945 1057" TAGREFS="TYPE_1">
                        <Shape>
                            <Polygon POINTS="365 1066 365 1074 409 1077 410 1077 411 1077 425 1074 431 1073 436 1074 446 1077 447 1077 448 1077 448 1077 457 1073 461 1072 477 1073 509 1077 510 1077 539 1073 558 1070 578 1073 605 1075 606 1075 635 1072 661 1069 667 1071 670 1073 671 1073 672 1073 699 1071 753 1067 944 1068 945 1057 944 1035 927 1029 926 1029 925 1029 892 1034 846 1030 845 1030 800 1037 795 1038 742 1038 741 1038 732 1032 732 1032 731 1032 730 1032 729 1032 708 1038 702 1033 702 1032 701 1032 700 1032 699 1032 655 1040 651 1040 650 1040 636 1034 635 1034 634 1034 605 1040 603 1040 602 1040 594 1035 593 1035 592 1035 571 1035 570 1035 569 1035 553 1041 551 1041 546 1041 492 1036 491 1036 490 1036 489 1036 484 1041 474 1036 473 1036 473 1036 472 1036 459 1041 411 1039 410 1039 364 1044 365 1066"/>
                        </Shape>
                        <String CONTENT=""/>
                    </TextLine>

                    <TextLine ID="line_30" HPOS="363" VPOS="1063" WIDTH="581" HEIGHT="43" BASELINE="364 1098 944 1089" TAGREFS="TYPE_1">
                        <Shape>
                            <Polygon POINTS="364 1098 364 1106 923 1098 930 1101 931 1101 932 1101 933 1101 944 1096 944 1089 942 1068 874 1065 873 1065 872 1065 861 1069 851 1063 850 1063 849 1063 848 1063 847 1063 847 1064 841 1069 818 1064 818 1064 817 1064 802 1069 802 1069 784 1064 783 1064 782 1064 742 1070 726 1065 725 1065 724 1065 692 1071 679 1065 678 1065 677 1065 676 1065 654 1072 652 1072 651 1072 625 1066 625 1066 624 1066 605 1073 604 1073 602 1073 572 1067 572 1067 523 1073 518 1074 511 1074 466 1070 465 1070 465 1070 464 1070 459 1075 458 1075 456 1075 423 1069 423 1069 363 1076 364 1098"/>
                        </Shape>
                        <String CONTENT=""/>
                    </TextLine>

                    <TextLine ID="line_31" HPOS="365" VPOS="1095" WIDTH="579" HEIGHT="44" BASELINE="366 1131 944 1121" TAGREFS="TYPE_1">
                        <Shape>
                            <Polygon POINTS="366 1131 366 1138 557 1139 558 1139 655 1134 925 1134 925 1133 944 1128 944 1121 942 1100 855 1096 854 1096 853 1096 842 1100 823 1095 822 1095 821 1095 820 1095 819 1095 813 1101 812 1102 791 1102 786 1101 761 1095 760 1095 716 1102 702 1103 691 1102 659 1097 658 1097 658 1097 657 1097 651 1102 648 1104 637 1102 612 1098 611 1098 559 1099 558 1099 543 1103 532 1106 526 1103 517 1099 516 1099 515 1099 495 1103 488 1105 481 1103 464 1100 463 1100 462 1100 461 1100 461 1101 457 1104 454 1106 444 1104 430 1101 429 1101 428 1101 415 1104 403 1107 395 1104 387 1102 386 1102 386 1102 365 1104 366 1131"/>
                        </Shape>
                        <String CONTENT=""/>
                    </TextLine>

                    <TextLine ID="line_32" HPOS="366" VPOS="1127" WIDTH="579" HEIGHT="48" BASELINE="366 1164 945 1154" TAGREFS="TYPE_1">
                        <Shape>
                            <Polygon POINTS="366 1164 366 1173 390 1171 400 1173 408 1175 409 1175 410 1175 423 1172 436 1170 444 1172 452 1174 452 1174 453 1174 454 1174 455 1174 459 1172 463 1169 484 1171 509 1173 510 1173 524 1170 531 1168 534 1170 537 1172 538 1172 539 1172 539 1172 588 1172 588 1172 600 1168 608 1167 617 1168 633 1171 634 1171 655 1167 663 1166 666 1167 674 1170 674 1170 675 1170 676 1170 685 1167 687 1166 696 1166 744 1169 744 1169 745 1169 746 1169 752 1165 753 1164 757 1165 781 1168 781 1168 782 1168 796 1164 796 1164 945 1160 945 1154 942 1129 860 1132 854 1131 843 1127 843 1127 842 1127 841 1127 840 1127 840 1128 836 1131 835 1133 829 1131 823 1129 822 1129 821 1129 820 1129 813 1131 807 1133 802 1131 787 1128 786 1128 786 1128 710 1129 709 1129 699 1134 696 1136 655 1136 652 1135 644 1131 643 1131 642 1131 641 1131 630 1135 629 1136 623 1135 590 1131 589 1131 588 1131 588 1131 580 1137 579 1137 574 1137 535 1133 534 1133 534 1133 522 1138 520 1138 472 1133 471 1133 366 1141 366 1164"/>
                        </Shape>
                        <String CONTENT=""/>
                    </TextLine>

                    <TextLine ID="line_33" HPOS="365" VPOS="1160" WIDTH="578" HEIGHT="55" BASELINE="366 1196 943 1185" TAGREFS="TYPE_1">
                        <Shape>
                            <Polygon POINTS="366 1196 366 1206 421 1206 448 1215 448 1215 449 1215 518 1213 518 1213 519 1213 531 1204 545 1204 551 1204 558 1204 635 1204 674 1211 675 1211 716 1204 732 1208 732 1208 733 1208 734 1208 750 1204 758 1209 759 1209 760 1209 761 1209 761 1209 777 1204 788 1209 789 1209 790 1209 854 1208 888 1204 888 1204 889 1204 898 1197 900 1197 942 1197 943 1185 942 1164 888 1160 888 1160 887 1160 868 1165 868 1165 851 1160 851 1160 850 1160 849 1160 835 1166 835 1166 834 1166 808 1160 807 1160 766 1167 762 1168 761 1168 751 1162 750 1162 749 1162 748 1162 738 1168 737 1168 713 1168 712 1168 700 1163 699 1163 699 1163 698 1163 676 1168 674 1169 670 1169 634 1164 633 1164 587 1170 581 1171 575 1171 511 1166 510 1166 510 1166 509 1166 502 1171 481 1167 481 1167 480 1167 469 1172 468 1173 365 1174 366 1196"/>
                        </Shape>
                        <String CONTENT=""/>
                    </TextLine>
</TextBlock>
                <TextBlock ID="block_5" HPOS="878" VPOS="1197" WIDTH="64" HEIGHT="31" TAGREFS="TYPE_27">
                    <Shape>
                        <Polygon POINTS="878.8993530273438 1197.102294921875 942.2647705078125 1197.102294921875 942.2647705078125 1228.8741455078125 878.8993530273438 1228.8741455078125 878.8993530273438 1197.102294921875"/>
                    </Shape>
                    <TextLine ID="line_34" HPOS="876" VPOS="1191" WIDTH="68" HEIGHT="39" BASELINE="877 1219 944 1217" TAGREFS="TYPE_1">
                        <Shape>
                            <Polygon POINTS="877 1219 877 1230 944 1227 944 1217 942 1194 910 1191 909 1191 876 1198 877 1219"/>
                        </Shape>
                        <String CONTENT=""/>
                    </TextLine>
</TextBlock>
            </PrintSpace>
        </Page>
    </Layout>
</alto>