<?xml version="1.0" encoding="UTF-8"?>
<alto xmlns:xsi="http://www.w3.org/2001/XMLSchema-instance"
    xmlns="http://www.loc.gov/standards/alto/ns-v4#"
    xsi:schemaLocation="http://www.loc.gov/standards/alto/ns-v4# http://www.loc.gov/standards/alto/v4/alto-4-3.xsd">
    <Description>
        <MeasurementUnit>pixel</MeasurementUnit>
        <sourceImageInformation>
            <fileName>16892667.jpg</fileName>
        </sourceImageInformation>
        <Processing ID="OCR_0">
            <processingCategory>other</processingCategory>
            <processingStepDescription>unknown</processingStepDescription>
            <processingSoftware>
                <softwareName>kraken</softwareName>
                <softwareVersion>4.3.13</softwareVersion>
            </processingSoftware>
        </Processing>
    </Description>
    <Tags>
        <OtherTag ID="TYPE_1" LABEL="DefaultLine"/>
        <OtherTag ID="TYPE_2" LABEL="TableZone-Continued"/>
        <OtherTag ID="TYPE_3" LABEL="MainZone-Sp-Continued"/>
        <OtherTag ID="TYPE_4" LABEL="GraphicZone-Decoration"/>
        <OtherTag ID="TYPE_5" LABEL="TitlePageZone-Index"/>
        <OtherTag ID="TYPE_6" LABEL="FigureZone"/>
        <OtherTag ID="TYPE_7" LABEL="MainZone-Head"/>
        <OtherTag ID="TYPE_8" LABEL="DigitizationArtefactZone"/>
        <OtherTag ID="TYPE_9" LABEL="MainZone-List-Continued"/>
        <OtherTag ID="TYPE_10" LABEL="StampZone-Sticker"/>
        <OtherTag ID="TYPE_11" LABEL="GraphicZone-Head"/>
        <OtherTag ID="TYPE_12" LABEL="NumberingZone"/>
        <OtherTag ID="TYPE_13" LABEL="MarginTextZone-Notes-Continued"/>
        <OtherTag ID="TYPE_14" LABEL="GraphicZone-FigDesc"/>
        <OtherTag ID="TYPE_15" LABEL="MarginTextZone-Notes"/>
        <OtherTag ID="TYPE_16" LABEL="MainZone-Other"/>
        <OtherTag ID="TYPE_17" LABEL="TableZone-Head"/>
        <OtherTag ID="TYPE_18" LABEL="GraphicZone"/>
        <OtherTag ID="TYPE_19" LABEL="MainZone-Entry"/>
        <OtherTag ID="TYPE_20" LABEL="MainZone-Form"/>
        <OtherTag ID="TYPE_21" LABEL="RunningTitleZone"/>
        <OtherTag ID="TYPE_22" LABEL="MainZone-Lg"/>
        <OtherTag ID="TYPE_23" LABEL="MainZone-Entry-Continued"/>
        <OtherTag ID="TYPE_24" LABEL="MainZone-Signature"/>
        <OtherTag ID="TYPE_25" LABEL="DropCapitalZone"/>
        <OtherTag ID="TYPE_26" LABEL="AdvertisementZone"/>
        <OtherTag ID="TYPE_27" LABEL="TitlePageZone"/>
        <OtherTag ID="TYPE_28" LABEL="GraphicZone-TextualContent"/>
        <OtherTag ID="TYPE_29" LABEL="QuireMarksZone"/>
        <OtherTag ID="TYPE_30" LABEL="MainZone-Date"/>
        <OtherTag ID="TYPE_31" LABEL="TableZone"/>
        <OtherTag ID="TYPE_32" LABEL="FigureZone-Head"/>
        <OtherTag ID="TYPE_33" LABEL="StampZone"/>
        <OtherTag ID="TYPE_34" LABEL="MainZone-Lg-Continued"/>
        <OtherTag ID="TYPE_35" LABEL="GraphicZone-Part"/>
        <OtherTag ID="TYPE_36" LABEL="MainZone-P-Continued"/>
        <OtherTag ID="TYPE_37" LABEL="MainZone-Sp"/>
        <OtherTag ID="TYPE_38" LABEL="GraphicZone-Maths"/>
        <OtherTag ID="TYPE_39" LABEL="MarginTextZone-ManuscriptAddendum"/>
        <OtherTag ID="TYPE_40" LABEL="MainZone-P"/>
        <OtherTag ID="TYPE_41" LABEL="FigureZone-FigDesc"/>
        <OtherTag ID="TYPE_42" LABEL="MainZone-List"/>
    </Tags>
    <Layout>
        <Page WIDTH="1000" HEIGHT="1564" PHYSICAL_IMG_NR="0" ID="page_0">
            <PrintSpace HPOS="0" VPOS="0" WIDTH="1000" HEIGHT="1564">
                <TextBlock ID="block_5" HPOS="218" VPOS="129" WIDTH="424" HEIGHT="26" TAGREFS="TYPE_21">
                    <Shape>
                        <Polygon POINTS="218.38229370117188 129.95452880859375 642.8117065429688 129.95452880859375 642.8117065429688 155.71600341796875 218.38229370117188 155.71600341796875 218.38229370117188 129.95452880859375"/>
                    </Shape>
                    <TextLine ID="line_0" HPOS="219" VPOS="119" WIDTH="422" HEIGHT="40" BASELINE="220 151 641 139" TAGREFS="TYPE_1">
                        <Shape>
                            <Polygon POINTS="637 119 628 119 620 119 611 119 602 119 593 119 585 119 576 119 570 119 501 121 487 119 480 119 472 119 463 119 454 119 446 119 437 119 428 119 420 119 411 119 402 119 394 119 389 121 379 125 349 122 319 119 318 119 285 120 284 120 283 120 280 123 275 127 267 124 262 121 261 121 260 121 219 124 220 151 220 159 285 153 297 157 300 158 301 158 302 158 309 156 327 152 353 154 373 156 373 156 374 156 375 156 379 153 384 151 435 152 506 152 507 152 508 152 509 152 509 152 513 148 514 147 518 148 533 152 534 152 604 150 641 143 641 139 639 119 637 119"/>
                        </Shape>
                        <String CONTENT=""/>
                    </TextLine>
</TextBlock>
                <TextBlock ID="block_8" HPOS="93" VPOS="137" WIDTH="748" HEIGHT="1118" TAGREFS="TYPE_36">
                    <Shape>
                        <Polygon POINTS="93.17831420898438 137.2764892578125 841.099609375 137.2764892578125 841.099609375 1255.442626953125 93.17831420898438 1255.442626953125 93.17831420898438 137.2764892578125"/>
                    </Shape>
                    <TextLine ID="line_1" HPOS="91" VPOS="127" WIDTH="761" HEIGHT="60" BASELINE="93 178 288 169 852 153" TAGREFS="TYPE_1">
                        <Shape>
                            <Polygon POINTS="543 143 534 143 526 143 517 143 508 144 505 144 496 146 486 144 482 144 473 145 465 145 456 145 447 145 439 145 430 145 421 145 413 146 404 146 403 146 343 150 339 148 334 148 326 148 317 148 313 148 300 152 290 149 282 150 273 150 265 150 262 150 259 153 248 150 247 151 239 151 236 151 229 154 222 151 222 151 221 150 215 146 214 146 213 146 213 146 91 150 93 178 93 187 384 175 433 175 495 176 496 176 517 172 528 170 596 170 781 167 782 167 794 163 840 165 841 165 842 165 852 160 852 153 848 127 811 136 801 132 800 132 800 132 799 132 786 138 731 131 729 131 728 131 727 131 718 135 700 132 700 132 699 132 698 132 697 132 686 139 662 134 661 134 660 134 636 143 584 144 551 142 543 143"/>
                        </Shape>
                        <String CONTENT=""/>
                    </TextLine>

                    <TextLine ID="line_2" HPOS="93" VPOS="159" WIDTH="765" HEIGHT="53" BASELINE="93 200 302 190 858 172" TAGREFS="TYPE_1">
                        <Shape>
                            <Polygon POINTS="93 200 93 212 171 204 193 208 195 208 196 208 199 208 224 202 260 205 266 205 267 205 268 205 269 205 269 205 279 200 383 200 428 200 429 200 439 198 457 194 486 197 504 198 505 198 518 195 534 192 584 192 631 193 632 193 633 193 633 193 637 191 640 188 660 190 687 192 688 192 858 181 858 172 855 159 93 184 93 200"/>
                        </Shape>
                        <String CONTENT=""/>
                    </TextLine>

                    <TextLine ID="line_3" HPOS="93" VPOS="176" WIDTH="764" HEIGHT="55" BASELINE="93 221 857 192" TAGREFS="TYPE_1">
                        <Shape>
                            <Polygon POINTS="93 221 93 229 185 231 186 231 222 225 233 224 259 224 346 225 346 225 368 220 376 218 491 214 496 216 504 218 505 218 506 218 506 218 520 215 526 213 540 214 566 216 566 216 567 216 574 213 580 211 588 212 600 215 601 215 856 203 857 192 855 179 820 176 819 176 766 182 762 183 93 205 93 221"/>
                        </Shape>
                        <String CONTENT=""/>
                    </TextLine>

                    <TextLine ID="line_4" HPOS="93" VPOS="202" WIDTH="679" HEIGHT="47" BASELINE="94 243 322 231 772 219" TAGREFS="TYPE_1">
                        <Shape>
                            <Polygon POINTS="94 243 94 249 772 231 772 219 769 202 93 226 94 243"/>
                        </Shape>
                        <String CONTENT=""/>
                    </TextLine>

                    <TextLine ID="line_5" HPOS="94" VPOS="222" WIDTH="718" HEIGHT="53" BASELINE="95 264 651 243 760 242 782 249 812 251" TAGREFS="TYPE_1">
                        <Shape>
                            <Polygon POINTS="95 264 95 270 140 275 141 275 192 268 204 265 275 264 282 265 292 268 293 268 293 268 339 264 387 259 395 263 402 265 403 265 404 265 405 265 413 262 417 260 449 261 484 262 485 262 486 262 486 262 488 260 494 255 516 255 540 258 546 259 547 259 548 259 550 258 559 254 596 258 604 258 605 258 614 257 657 251 800 251 812 251 810 225 739 227 710 222 709 222 674 228 656 225 655 225 654 225 653 225 646 231 560 226 559 226 558 226 533 233 490 230 489 230 488 230 462 237 429 231 428 231 365 233 364 233 363 233 363 234 356 239 316 235 315 235 314 235 313 235 305 242 241 238 240 238 201 239 200 239 200 239 190 247 171 242 170 242 169 242 94 251 95 264"/>
                        </Shape>
                        <String CONTENT=""/>
                    </TextLine>

                    <TextLine ID="line_6" HPOS="95" VPOS="245" WIDTH="679" HEIGHT="50" BASELINE="96 284 562 266 774 262" TAGREFS="TYPE_1">
                        <Shape>
                            <Polygon POINTS="730 251 723 245 657 245 656 245 607 251 595 251 591 251 577 247 576 247 575 247 552 251 543 253 531 252 500 250 500 250 483 254 473 256 464 254 449 251 448 251 447 251 446 251 442 255 440 256 412 256 366 255 366 255 339 258 295 262 265 259 247 258 246 258 209 261 119 268 95 265 96 284 96 291 120 295 121 295 220 291 240 287 249 285 265 286 295 289 296 289 297 289 298 289 301 285 303 284 308 285 315 287 316 287 317 287 341 284 363 282 366 284 372 286 373 286 373 286 374 286 380 284 386 281 412 283 433 284 434 284 435 284 442 282 454 278 466 281 474 283 475 283 503 280 552 274 774 272 774 262 773 246 734 245 730 251"/>
                        </Shape>
                        <String CONTENT=""/>
                    </TextLine>

                    <TextLine ID="line_7" HPOS="96" VPOS="265" WIDTH="755" HEIGHT="51" BASELINE="97 305 579 287 851 288" TAGREFS="TYPE_1">
                        <Shape>
                            <Polygon POINTS="97 305 97 311 126 316 127 316 225 308 255 306 263 307 281 311 282 311 283 311 292 307 295 305 313 306 337 308 338 308 356 305 377 303 486 303 536 303 537 303 564 301 662 295 699 298 709 299 710 299 711 299 712 299 713 298 720 293 740 298 741 298 742 298 743 298 744 298 750 292 771 297 775 298 776 298 851 295 851 288 849 265 96 285 97 305"/>
                        </Shape>
                        <String CONTENT=""/>
                    </TextLine>

                    <TextLine ID="line_8" HPOS="98" VPOS="288" WIDTH="725" HEIGHT="49" BASELINE="99 326 588 308 823 306" TAGREFS="TYPE_1">
                        <Shape>
                            <Polygon POINTS="801 288 793 288 784 288 775 288 766 288 758 288 749 288 746 288 739 291 729 288 723 288 714 288 708 288 666 293 666 293 665 293 632 289 631 289 630 289 618 295 614 295 553 291 553 291 552 291 533 298 532 298 529 298 430 295 429 295 398 302 397 302 373 297 373 297 346 301 293 299 293 299 292 299 291 299 280 305 209 302 208 302 207 302 193 309 98 311 99 326 99 332 125 337 126 337 220 330 236 328 823 314 823 306 821 289 805 288 801 288"/>
                        </Shape>
                        <String CONTENT=""/>
                    </TextLine>

                    <TextLine ID="line_9" HPOS="98" VPOS="307" WIDTH="750" HEIGHT="52" BASELINE="99 349 604 329 848 325" TAGREFS="TYPE_1">
                        <Shape>
                            <Polygon POINTS="99 349 99 359 848 332 848 325 846 307 98 331 99 349"/>
                        </Shape>
                        <String CONTENT=""/>
                    </TextLine>

                    <TextLine ID="line_10" HPOS="98" VPOS="331" WIDTH="746" HEIGHT="46" BASELINE="99 368 619 350 844 345" TAGREFS="TYPE_1">
                        <Shape>
                            <Polygon POINTS="99 368 99 377 361 371 385 369 420 365 450 367 465 368 466 368 479 366 506 363 519 365 524 366 525 366 533 365 552 361 572 364 578 364 579 364 591 364 633 358 673 361 678 361 679 361 680 361 680 361 687 357 844 357 844 345 841 331 311 343 98 354 99 368"/>
                        </Shape>
                        <String CONTENT=""/>
                    </TextLine>

                    <TextLine ID="line_11" HPOS="97" VPOS="349" WIDTH="749" HEIGHT="53" BASELINE="98 390 846 364" TAGREFS="TYPE_1">
                        <Shape>
                            <Polygon POINTS="732 357 727 353 714 354 708 353 690 350 689 350 688 350 679 354 677 355 669 355 631 352 630 352 629 352 628 352 623 357 622 357 566 359 562 358 550 355 549 355 548 355 547 355 537 359 535 360 530 360 507 357 506 357 471 362 463 363 461 362 453 358 453 358 452 358 395 360 394 360 393 360 387 364 386 365 386 365 375 361 374 361 373 361 241 365 217 371 214 371 212 371 199 368 198 368 197 368 166 373 163 373 162 373 151 369 150 369 149 369 148 369 147 369 140 374 140 375 97 375 98 390 98 397 121 402 122 402 193 395 197 395 199 395 220 398 221 398 246 393 249 393 251 393 271 397 272 397 334 391 349 390 371 390 443 391 444 391 445 391 446 391 450 387 452 386 473 386 521 388 522 388 566 384 598 380 846 375 846 364 844 349 734 353 732 357"/>
                        </Shape>
                        <String CONTENT=""/>
                    </TextLine>

                    <TextLine ID="line_12" HPOS="96" VPOS="369" WIDTH="758" HEIGHT="51" BASELINE="97 412 854 384" TAGREFS="TYPE_1">
                        <Shape>
                            <Polygon POINTS="97 412 97 420 757 400 760 400 786 395 853 397 854 384 852 369 424 381 423 381 422 381 421 382 416 385 369 384 351 384 350 384 349 384 344 384 331 388 294 386 286 386 285 386 284 386 283 386 283 387 278 391 260 387 256 387 255 387 239 388 156 395 96 393 97 412"/>
                        </Shape>
                        <String CONTENT=""/>
                    </TextLine>

                    <TextLine ID="line_13" HPOS="97" VPOS="394" WIDTH="676" HEIGHT="48" BASELINE="98 433 633 413 773 414" TAGREFS="TYPE_1">
                        <Shape>
                            <Polygon POINTS="732 402 726 395 247 409 97 418 98 433 98 442 214 442 214 441 215 441 216 441 220 437 225 435 254 435 260 437 268 439 269 439 270 439 271 439 277 437 281 434 286 436 289 437 290 437 291 437 314 435 353 431 391 433 415 434 416 434 428 432 450 428 461 431 466 432 466 432 467 432 488 430 535 425 540 429 541 430 542 430 543 430 544 430 576 429 577 429 582 428 601 423 773 423 773 414 772 394 735 395 732 402"/>
                        </Shape>
                        <String CONTENT=""/>
                    </TextLine>

                    <TextLine ID="line_14" HPOS="96" VPOS="414" WIDTH="673" HEIGHT="50" BASELINE="97 454 552 437 769 433" TAGREFS="TYPE_1">
                        <Shape>
                            <Polygon POINTS="705 414 679 419 675 419 666 419 600 417 599 417 573 422 568 423 561 423 524 420 523 420 482 425 471 426 465 425 447 423 446 423 421 427 414 428 410 427 396 424 395 424 342 430 319 431 311 430 297 428 296 428 295 428 294 428 290 431 287 432 273 431 243 430 242 430 241 430 233 433 229 434 226 433 220 430 219 430 218 430 217 430 216 430 213 433 211 436 96 437 97 454 97 460 121 464 122 464 149 459 150 459 170 463 171 463 172 463 173 463 178 458 179 457 251 456 255 456 274 459 275 459 346 454 380 450 769 442 769 433 767 417 706 414 705 414"/>
                        </Shape>
                        <String CONTENT=""/>
                    </TextLine>

                    <TextLine ID="line_15" HPOS="777" VPOS="404" WIDTH="71" HEIGHT="28" BASELINE="778 419 848 422" TAGREFS="TYPE_1">
                        <Shape>
                            <Polygon POINTS="778 419 777 432 847 431 848 422 848 404 778 404 778 419"/>
                        </Shape>
                        <String CONTENT=""/>
                    </TextLine>

                    <TextLine ID="line_16" HPOS="774" VPOS="426" WIDTH="82" HEIGHT="41" BASELINE="775 439 856 442" TAGREFS="TYPE_1">
                        <Shape>
                            <Polygon POINTS="775 439 774 453 800 453 812 459 821 466 822 466 823 466 854 467 856 442 855 426 775 427 775 439"/>
                        </Shape>
                        <String CONTENT=""/>
                    </TextLine>

                    <TextLine ID="line_17" HPOS="97" VPOS="435" WIDTH="708" HEIGHT="53" BASELINE="98 475 654 456 748 455 805 462" TAGREFS="TYPE_1">
                        <Shape>
                            <Polygon POINTS="732 441 723 435 723 435 717 441 683 441 677 437 676 437 675 437 674 437 638 443 613 438 612 438 492 447 478 443 477 443 476 443 439 450 438 450 341 447 340 447 284 455 283 455 282 455 207 451 206 451 184 452 183 452 182 452 174 458 149 454 148 454 147 454 146 454 140 460 97 461 98 475 99 488 109 483 193 484 194 484 195 484 214 478 285 480 286 480 286 480 296 476 306 480 306 480 307 480 308 480 309 480 317 475 340 478 340 478 385 474 392 478 393 478 393 478 394 478 395 478 396 478 416 473 493 475 502 475 503 475 504 475 506 475 532 468 572 470 573 470 612 465 635 470 638 470 639 470 641 470 668 463 687 468 688 468 689 468 804 464 805 462 804 438 738 435 732 441"/>
                        </Shape>
                        <String CONTENT=""/>
                    </TextLine>

                    <TextLine ID="line_18" HPOS="97" VPOS="458" WIDTH="679" HEIGHT="45" BASELINE="98 497 593 478 776 476" TAGREFS="TYPE_1">
                        <Shape>
                            <Polygon POINTS="732 463 726 458 666 458 665 458 619 463 607 460 606 460 606 460 605 460 604 460 604 461 600 464 533 463 533 463 402 471 355 469 354 469 297 475 225 473 224 473 197 478 107 477 106 477 106 477 97 481 98 497 98 503 776 482 776 476 774 459 736 458 732 463"/>
                        </Shape>
                        <String CONTENT=""/>
                    </TextLine>

                    <TextLine ID="line_19" HPOS="97" VPOS="479" WIDTH="680" HEIGHT="51" BASELINE="98 517 604 499 777 496" TAGREFS="TYPE_1">
                        <Shape>
                            <Polygon POINTS="732 484 726 479 697 479 696 479 603 486 602 486 601 486 578 482 577 482 576 482 575 482 575 483 570 488 523 489 502 484 501 484 400 493 399 493 324 491 323 491 322 491 312 496 305 491 304 491 303 491 302 491 272 497 224 494 223 494 222 494 221 494 213 499 200 495 200 495 199 495 198 495 183 500 134 497 133 497 97 503 98 517 98 524 120 530 120 530 169 523 173 523 175 523 197 526 198 526 199 526 200 526 204 522 211 525 212 525 213 525 247 521 255 520 265 520 311 523 312 523 313 523 322 518 326 517 338 518 366 521 367 521 368 521 369 521 373 517 376 516 381 517 392 520 393 520 393 520 394 520 401 516 405 515 411 516 421 519 422 519 423 519 453 515 476 512 487 514 499 516 500 516 536 513 579 509 606 511 620 512 620 512 621 512 622 512 624 510 628 508 643 510 652 511 653 511 777 506 777 496 775 481 736 480 732 484"/>
                        </Shape>
                        <String CONTENT=""/>
                    </TextLine>

                    <TextLine ID="line_20" HPOS="98" VPOS="501" WIDTH="679" HEIGHT="49" BASELINE="99 538 625 520 777 517" TAGREFS="TYPE_1">
                        <Shape>
                            <Polygon POINTS="99 538 99 550 777 528 777 517 775 503 678 501 677 501 676 501 668 505 667 505 659 505 596 503 595 503 538 509 513 511 98 520 99 538"/>
                        </Shape>
                        <String CONTENT=""/>
                    </TextLine>

                    <TextLine ID="line_21" HPOS="99" VPOS="523" WIDTH="681" HEIGHT="43" BASELINE="100 559 780 538" TAGREFS="TYPE_1">
                        <Shape>
                            <Polygon POINTS="100 559 100 566 780 546 780 538 778 524 639 523 638 523 637 523 626 528 526 527 526 527 382 536 355 532 354 532 296 538 270 535 269 535 99 544 100 559"/>
                        </Shape>
                        <String CONTENT=""/>
                    </TextLine>

                    <TextLine ID="line_22" HPOS="99" VPOS="542" WIDTH="751" HEIGHT="49" BASELINE="100 579 850 558" TAGREFS="TYPE_1">
                        <Shape>
                            <Polygon POINTS="100 579 100 591 225 583 850 571 850 558 847 542 99 559 100 579"/>
                        </Shape>
                        <String CONTENT=""/>
                    </TextLine>

                    <TextLine ID="line_23" HPOS="100" VPOS="564" WIDTH="678" HEIGHT="45" BASELINE="101 601 671 583 778 583" TAGREFS="TYPE_1">
                        <Shape>
                            <Polygon POINTS="101 601 101 609 777 589 778 583 777 568 720 564 720 564 719 564 718 564 712 569 575 569 574 569 477 576 456 572 455 572 420 577 395 574 394 574 335 580 220 579 219 579 159 585 133 582 132 582 100 587 101 601"/>
                        </Shape>
                        <String CONTENT=""/>
                    </TextLine>

                    <TextLine ID="line_24" HPOS="102" VPOS="581" WIDTH="757" HEIGHT="50" BASELINE="103 622 770 603 791 596 859 596" TAGREFS="TYPE_1">
                        <Shape>
                            <Polygon POINTS="103 622 103 631 400 626 426 622 433 621 450 621 520 622 521 622 522 622 523 622 528 618 530 617 565 617 674 618 675 618 676 618 677 618 682 614 683 613 698 613 770 616 771 616 772 616 773 616 780 610 780 609 859 608 859 596 857 581 650 593 547 594 542 592 536 589 535 589 534 589 533 589 524 593 515 596 481 596 479 595 472 591 471 591 470 591 447 596 433 598 424 596 414 595 413 595 373 598 343 601 316 600 236 598 235 598 210 604 208 604 203 604 123 603 122 603 121 603 102 608 103 622"/>
                        </Shape>
                        <String CONTENT=""/>
                    </TextLine>

                    <TextLine ID="line_25" HPOS="101" VPOS="609" WIDTH="672" HEIGHT="43" BASELINE="102 643 619 628 773 626" TAGREFS="TYPE_1">
                        <Shape>
                            <Polygon POINTS="102 643 102 652 773 636 773 626 771 609 101 625 102 643"/>
                        </Shape>
                        <String CONTENT=""/>
                    </TextLine>

                    <TextLine ID="line_26" HPOS="100" VPOS="629" WIDTH="740" HEIGHT="46" BASELINE="101 662 700 648 763 648 795 655 840 655" TAGREFS="TYPE_1">
                        <Shape>
                            <Polygon POINTS="813 636 804 635 795 634 786 633 786 631 726 629 726 629 649 636 644 636 642 636 620 632 620 632 556 638 552 638 549 638 509 635 508 635 473 640 458 642 439 641 394 637 393 637 325 642 282 647 100 647 101 662 101 672 208 675 209 675 229 670 233 669 235 670 243 674 244 674 245 674 267 669 286 666 319 669 341 670 342 670 373 668 402 665 408 667 414 669 415 669 416 669 417 669 425 667 438 662 493 666 506 666 506 666 512 665 528 662 536 665 540 666 540 666 541 666 542 666 546 664 558 660 566 664 567 664 568 664 569 664 570 664 576 660 638 662 639 662 712 656 733 661 734 661 735 661 749 656 772 661 774 661 775 661 840 659 840 655 838 632 813 632 813 636"/>
                        </Shape>
                        <String CONTENT=""/>
                    </TextLine>

                    <TextLine ID="line_27" HPOS="100" VPOS="649" WIDTH="729" HEIGHT="44" BASELINE="101 685 660 669 752 669 829 675" TAGREFS="TYPE_1">
                        <Shape>
                            <Polygon POINTS="821 656 813 656 805 656 796 656 790 654 779 655 775 655 748 649 747 649 746 649 746 649 738 655 738 656 735 655 716 649 715 649 714 649 713 649 713 649 704 656 702 656 699 656 682 651 681 651 680 651 650 652 649 652 648 652 642 656 640 658 633 657 611 652 610 652 557 658 540 660 505 659 433 657 433 657 432 657 419 661 405 664 380 662 366 660 365 660 353 662 330 666 300 662 280 661 279 661 260 663 227 669 201 664 197 664 196 664 192 665 163 670 100 667 101 685 101 693 828 678 829 675 827 656 821 656"/>
                        </Shape>
                        <String CONTENT=""/>
                    </TextLine>

                    <TextLine ID="line_28" HPOS="101" VPOS="674" WIDTH="749" HEIGHT="41" BASELINE="102 706 646 691 850 694" TAGREFS="TYPE_1">
                        <Shape>
                            <Polygon POINTS="823 675 821 674 649 674 648 674 613 680 609 680 606 680 576 675 575 675 574 675 573 675 567 681 566 682 530 682 525 682 455 678 454 678 101 691 102 706 102 715 252 715 252 715 253 715 253 715 256 712 260 709 278 712 295 714 296 714 320 711 354 707 360 710 362 712 363 712 364 712 365 712 386 709 418 706 425 709 428 710 429 710 430 710 431 710 433 709 440 706 466 709 480 709 481 709 482 709 483 709 485 708 491 703 571 702 597 706 604 707 605 707 606 707 609 706 620 700 734 698 849 701 850 694 849 675 823 674 823 675"/>
                        </Shape>
                        <String CONTENT=""/>
                    </TextLine>

                    <TextLine ID="line_29" HPOS="101" VPOS="695" WIDTH="742" HEIGHT="42" BASELINE="102 728 680 712 843 715" TAGREFS="TYPE_1">
                        <Shape>
                            <Polygon POINTS="102 728 102 735 198 737 199 737 231 734 252 731 260 733 268 735 269 735 270 735 339 731 431 726 473 728 483 729 484 729 485 729 488 728 507 724 543 728 547 728 548 728 549 728 550 728 560 723 569 727 573 728 573 728 574 728 575 728 579 727 586 723 618 726 619 726 620 726 620 726 649 721 841 722 843 715 842 695 611 695 610 695 609 695 608 695 602 701 601 701 538 697 537 697 536 697 518 702 438 700 437 700 436 700 416 705 356 702 355 702 315 708 285 703 284 703 283 703 273 709 259 704 258 704 257 704 256 704 246 709 220 705 220 705 194 710 186 706 185 706 184 706 183 706 168 711 121 709 120 709 120 709 101 713 102 728"/>
                        </Shape>
                        <String CONTENT=""/>
                    </TextLine>

                    <TextLine ID="line_30" HPOS="100" VPOS="714" WIDTH="684" HEIGHT="43" BASELINE="101 749 784 732" TAGREFS="TYPE_1">
                        <Shape>
                            <Polygon POINTS="101 749 101 757 784 742 784 732 781 714 100 729 101 749"/>
                        </Shape>
                        <String CONTENT=""/>
                    </TextLine>

                    <TextLine ID="line_31" HPOS="100" VPOS="738" WIDTH="681" HEIGHT="44" BASELINE="101 770 781 753" TAGREFS="TYPE_1">
                        <Shape>
                            <Polygon POINTS="101 770 101 782 781 760 781 753 779 738 372 744 331 749 330 749 329 749 271 747 270 747 236 752 235 752 205 748 204 748 168 754 167 754 140 750 139 750 100 755 101 770"/>
                        </Shape>
                        <String CONTENT=""/>
                    </TextLine>

                    <TextLine ID="line_32" HPOS="100" VPOS="751" WIDTH="751" HEIGHT="52" BASELINE="101 791 851 769" TAGREFS="TYPE_1">
                        <Shape>
                            <Polygon POINTS="528 760 527 760 526 760 524 762 520 765 502 762 491 762 490 762 477 763 460 768 377 768 257 768 256 768 255 768 246 772 244 773 235 772 208 769 207 769 186 774 181 775 175 775 146 771 145 771 144 771 130 775 128 776 126 776 117 772 116 772 115 772 114 772 100 776 101 791 101 800 127 803 128 803 171 798 173 798 174 798 189 802 190 802 191 802 192 802 204 797 204 796 252 795 313 794 315 794 331 798 332 798 333 798 436 790 438 790 440 790 478 794 479 794 586 787 760 787 760 786 793 780 834 783 835 783 836 783 851 777 851 769 848 751 551 764 538 762 529 760 528 760"/>
                        </Shape>
                        <String CONTENT=""/>
                    </TextLine>

                    <TextLine ID="line_33" HPOS="101" VPOS="774" WIDTH="759" HEIGHT="51" BASELINE="102 812 860 791" TAGREFS="TYPE_1">
                        <Shape>
                            <Polygon POINTS="102 812 102 821 133 825 133 825 162 820 168 819 181 819 226 821 226 821 227 821 228 821 233 818 234 817 239 818 249 821 250 821 251 821 359 815 451 811 497 813 540 814 540 814 541 814 546 811 552 808 559 811 563 813 564 813 565 813 733 808 749 807 799 801 860 804 860 791 858 774 829 779 803 775 800 775 799 775 790 775 734 782 600 781 585 781 584 781 583 781 582 781 576 785 553 782 549 782 548 782 540 782 481 788 413 786 410 786 409 786 408 786 407 786 401 790 363 787 357 787 356 787 352 788 324 793 303 788 300 788 300 788 214 791 213 791 213 791 197 796 178 792 175 792 174 792 171 792 146 797 101 795 102 812"/>
                        </Shape>
                        <String CONTENT=""/>
                    </TextLine>

                    <TextLine ID="line_34" HPOS="101" VPOS="799" WIDTH="756" HEIGHT="42" BASELINE="102 833 745 819 773 818 790 812 857 810" TAGREFS="TYPE_1">
                        <Shape>
                            <Polygon POINTS="102 833 102 841 419 838 515 832 537 835 538 835 575 830 578 830 580 830 615 834 616 834 653 828 656 828 662 828 773 830 774 830 857 823 857 810 854 799 101 814 102 833"/>
                        </Shape>
                        <String CONTENT=""/>
                    </TextLine>

                    <TextLine ID="line_35" HPOS="101" VPOS="821" WIDTH="683" HEIGHT="42" BASELINE="102 854 784 839" TAGREFS="TYPE_1">
                        <Shape>
                            <Polygon POINTS="102 854 102 863 784 848 784 839 782 825 765 821 764 821 707 826 704 826 703 826 686 822 686 822 632 823 631 823 630 823 625 828 624 828 620 828 593 824 593 824 560 828 550 829 542 828 519 826 518 826 487 829 473 831 462 830 442 828 441 828 440 828 432 830 426 832 418 831 405 828 404 828 349 832 288 836 101 836 102 854"/>
                        </Shape>
                        <String CONTENT=""/>
                    </TextLine>

                    <TextLine ID="line_36" HPOS="103" VPOS="843" WIDTH="683" HEIGHT="41" BASELINE="104 876 786 861" TAGREFS="TYPE_1">
                        <Shape>
                            <Polygon POINTS="104 876 104 884 746 874 786 868 786 861 783 843 103 858 104 876"/>
                        </Shape>
                        <String CONTENT=""/>
                    </TextLine>

                    <TextLine ID="line_37" HPOS="104" VPOS="863" WIDTH="682" HEIGHT="47" BASELINE="105 898 786 881" TAGREFS="TYPE_1">
                        <Shape>
                            <Polygon POINTS="105 898 105 910 786 893 786 881 784 863 677 869 652 866 648 866 647 866 646 866 646 866 640 871 104 879 105 898"/>
                        </Shape>
                        <String CONTENT=""/>
                    </TextLine>

                    <TextLine ID="line_38" HPOS="105" VPOS="889" WIDTH="681" HEIGHT="37" BASELINE="106 918 786 904" TAGREFS="TYPE_1">
                        <Shape>
                            <Polygon POINTS="106 918 106 926 786 914 786 904 783 889 326 894 326 894 316 899 314 899 279 895 278 895 277 895 276 895 276 896 272 900 272 901 105 903 106 918"/>
                        </Shape>
                        <String CONTENT=""/>
                    </TextLine>

                    <TextLine ID="line_39" HPOS="104" VPOS="907" WIDTH="680" HEIGHT="40" BASELINE="105 940 784 925" TAGREFS="TYPE_1">
                        <Shape>
                            <Polygon POINTS="105 940 105 947 784 932 784 925 781 907 289 921 266 917 263 917 262 917 253 917 142 924 104 921 105 940"/>
                        </Shape>
                        <String CONTENT=""/>
                    </TextLine>

                    <TextLine ID="line_40" HPOS="104" VPOS="928" WIDTH="683" HEIGHT="40" BASELINE="105 960 787 947" TAGREFS="TYPE_1">
                        <Shape>
                            <Polygon POINTS="105 960 105 968 787 958 787 947 785 928 603 936 492 934 478 934 477 934 476 934 475 934 462 939 444 934 442 934 441 934 440 934 440 934 421 940 388 935 384 935 383 935 382 935 381 935 374 940 339 936 332 936 331 936 330 936 329 936 329 937 322 941 296 937 292 937 291 937 290 937 289 937 281 942 266 938 266 938 265 938 264 938 259 938 193 944 104 941 105 960"/>
                        </Shape>
                        <String CONTENT=""/>
                    </TextLine>

                    <TextLine ID="line_41" HPOS="106" VPOS="951" WIDTH="680" HEIGHT="43" BASELINE="107 981 786 967" TAGREFS="TYPE_1">
                        <Shape>
                            <Polygon POINTS="107 981 107 994 786 979 786 967 784 951 106 967 107 981"/>
                        </Shape>
                        <String CONTENT=""/>
                    </TextLine>

                    <TextLine ID="line_42" HPOS="105" VPOS="972" WIDTH="680" HEIGHT="40" BASELINE="106 1003 785 989" TAGREFS="TYPE_1">
                        <Shape>
                            <Polygon POINTS="106 1003 106 1012 785 1000 785 989 783 975 700 972 699 972 654 977 653 977 652 977 571 974 570 974 526 980 525 980 523 980 498 976 497 976 473 980 472 980 468 980 320 980 319 980 318 980 300 984 299 984 295 984 233 981 232 981 105 987 106 1003"/>
                        </Shape>
                        <String CONTENT=""/>
                    </TextLine>

                    <TextLine ID="line_43" HPOS="103" VPOS="996" WIDTH="683" HEIGHT="37" BASELINE="104 1025 786 1011" TAGREFS="TYPE_1">
                        <Shape>
                            <Polygon POINTS="104 1025 104 1033 785 1019 786 1011 783 996 103 1007 104 1025"/>
                        </Shape>
                        <String CONTENT=""/>
                    </TextLine>

                    <TextLine ID="line_44" HPOS="102" VPOS="1013" WIDTH="684" HEIGHT="41" BASELINE="103 1045 786 1032" TAGREFS="TYPE_1">
                        <Shape>
                            <Polygon POINTS="103 1045 103 1054 786 1040 786 1032 783 1013 102 1026 103 1045"/>
                        </Shape>
                        <String CONTENT=""/>
                    </TextLine>

                    <TextLine ID="line_45" HPOS="106" VPOS="1031" WIDTH="754" HEIGHT="45" BASELINE="107 1066 749 1055 795 1048 860 1047" TAGREFS="TYPE_1">
                        <Shape>
                            <Polygon POINTS="785 1033 783 1033 770 1040 720 1040 617 1037 616 1037 615 1037 614 1037 613 1037 606 1042 570 1038 556 1036 551 1036 549 1039 540 1044 519 1044 498 1040 492 1039 491 1039 481 1040 453 1045 353 1043 319 1043 318 1043 306 1045 286 1047 266 1046 239 1042 237 1043 228 1043 218 1047 209 1050 106 1050 107 1066 107 1076 295 1075 317 1072 331 1070 350 1071 384 1073 385 1073 409 1070 416 1069 425 1069 466 1073 466 1073 467 1073 476 1068 479 1067 491 1068 516 1070 517 1070 518 1070 525 1067 529 1066 539 1067 559 1070 560 1070 622 1066 719 1068 720 1068 859 1060 860 1047 857 1031 786 1032 785 1032 785 1033"/>
                        </Shape>
                        <String CONTENT=""/>
                    </TextLine>

                    <TextLine ID="line_46" HPOS="103" VPOS="1054" WIDTH="760" HEIGHT="45" BASELINE="104 1087 771 1076 791 1068 863 1066" TAGREFS="TYPE_1">
                        <Shape>
                            <Polygon POINTS="104 1087 104 1099 210 1093 224 1096 229 1097 230 1097 653 1090 654 1090 666 1086 668 1085 682 1085 739 1088 740 1088 862 1080 863 1066 860 1054 763 1057 762 1057 761 1057 753 1063 621 1064 609 1060 608 1060 607 1060 541 1066 509 1060 507 1060 506 1060 503 1060 453 1067 368 1065 367 1065 254 1071 246 1066 245 1066 244 1066 243 1066 242 1066 241 1066 233 1072 205 1072 158 1067 157 1067 156 1067 155 1067 149 1073 103 1068 104 1087"/>
                        </Shape>
                        <String CONTENT=""/>
                    </TextLine>

                    <TextLine ID="line_47" HPOS="103" VPOS="1080" WIDTH="713" HEIGHT="41" BASELINE="104 1109 721 1098 776 1099 792 1106 816 1107" TAGREFS="TYPE_1">
                        <Shape>
                            <Polygon POINTS="814 1087 806 1087 797 1087 788 1087 786 1082 705 1080 704 1080 703 1080 693 1085 663 1080 662 1080 661 1080 645 1086 617 1081 616 1081 580 1087 533 1084 532 1084 531 1084 530 1084 524 1089 469 1089 460 1084 459 1084 458 1084 457 1084 445 1090 393 1086 392 1086 364 1091 302 1086 301 1086 246 1093 202 1088 201 1088 200 1088 179 1094 153 1089 152 1089 128 1093 114 1090 113 1090 113 1090 112 1090 111 1090 103 1094 104 1109 104 1121 253 1114 370 1117 377 1117 378 1117 380 1117 406 1112 413 1116 414 1116 415 1116 416 1116 417 1116 466 1111 494 1115 498 1115 499 1115 505 1115 552 1109 577 1113 578 1113 579 1113 580 1113 605 1108 815 1109 816 1107 815 1087 814 1087"/>
                        </Shape>
                        <String CONTENT=""/>
                    </TextLine>

                    <TextLine ID="line_48" HPOS="103" VPOS="1102" WIDTH="679" HEIGHT="37" BASELINE="104 1130 782 1119" TAGREFS="TYPE_1">
                        <Shape>
                            <Polygon POINTS="104 1130 104 1139 781 1127 782 1119 780 1106 670 1102 669 1102 668 1102 651 1106 613 1103 612 1103 560 1108 553 1108 549 1108 508 1105 507 1105 506 1105 498 1109 497 1109 483 1109 402 1106 401 1106 400 1106 387 1110 384 1111 373 1111 330 1107 329 1107 311 1111 306 1113 103 1113 104 1130"/>
                        </Shape>
                        <String CONTENT=""/>
                    </TextLine>

                    <TextLine ID="line_49" HPOS="105" VPOS="1121" WIDTH="681" HEIGHT="41" BASELINE="106 1153 786 1140" TAGREFS="TYPE_1">
                        <Shape>
                            <Polygon POINTS="106 1153 106 1162 785 1148 786 1140 784 1126 754 1121 753 1121 725 1126 689 1122 688 1122 687 1122 686 1122 678 1127 639 1123 638 1123 637 1123 636 1123 629 1128 603 1124 602 1124 601 1124 580 1129 347 1128 346 1128 321 1133 299 1129 298 1129 297 1129 296 1129 288 1134 216 1131 215 1131 186 1136 160 1132 159 1132 158 1132 157 1132 149 1138 105 1138 106 1153"/>
                        </Shape>
                        <String CONTENT=""/>
                    </TextLine>

                    <TextLine ID="line_50" HPOS="105" VPOS="1144" WIDTH="683" HEIGHT="42" BASELINE="106 1174 788 1161" TAGREFS="TYPE_1">
                        <Shape>
                            <Polygon POINTS="106 1174 106 1186 151 1181 160 1185 160 1185 161 1185 287 1179 330 1182 332 1182 333 1182 336 1182 392 1177 420 1180 421 1180 422 1180 423 1180 424 1180 431 1176 463 1179 466 1179 466 1179 511 1179 512 1179 513 1179 513 1178 517 1174 530 1178 531 1178 532 1178 562 1173 788 1173 788 1161 786 1146 651 1144 650 1144 611 1148 603 1150 105 1155 106 1174"/>
                        </Shape>
                        <String CONTENT=""/>
                    </TextLine>

                    <TextLine ID="line_51" HPOS="106" VPOS="1166" WIDTH="680" HEIGHT="36" BASELINE="106 1194 786 1183" TAGREFS="TYPE_1">
                        <Shape>
                            <Polygon POINTS="106 1194 106 1202 785 1191 786 1183 783 1166 306 1177 296 1177 227 1173 226 1173 226 1173 209 1179 208 1179 206 1179 174 1174 173 1174 173 1174 156 1179 121 1175 120 1175 120 1175 106 1180 106 1194"/>
                        </Shape>
                        <String CONTENT=""/>
                    </TextLine>

                    <TextLine ID="line_52" HPOS="105" VPOS="1184" WIDTH="735" HEIGHT="45" BASELINE="106 1216 840 1203" TAGREFS="TYPE_1">
                        <Shape>
                            <Polygon POINTS="106 1216 106 1225 128 1224 132 1225 142 1229 143 1229 144 1229 166 1225 167 1225 168 1225 193 1227 194 1227 195 1227 196 1227 200 1224 205 1221 373 1220 382 1222 396 1226 397 1226 398 1226 399 1226 411 1222 420 1219 437 1221 455 1224 456 1224 457 1224 458 1224 461 1221 466 1218 501 1218 526 1220 545 1223 546 1223 546 1223 547 1223 551 1220 556 1217 579 1220 594 1222 595 1222 626 1219 677 1215 710 1219 720 1219 720 1219 726 1219 753 1212 776 1218 780 1219 781 1219 840 1217 840 1203 838 1184 400 1195 376 1192 373 1192 373 1192 366 1192 300 1197 105 1197 106 1216"/>
                        </Shape>
                        <String CONTENT=""/>
                    </TextLine>

                    <TextLine ID="line_53" HPOS="106" VPOS="1207" WIDTH="680" HEIGHT="42" BASELINE="106 1237 786 1226" TAGREFS="TYPE_1">
                        <Shape>
                            <Polygon POINTS="106 1237 106 1249 785 1238 786 1226 784 1212 734 1207 733 1207 733 1207 721 1212 637 1209 636 1209 635 1209 625 1213 624 1213 613 1213 479 1212 478 1212 477 1212 469 1216 468 1216 464 1216 439 1212 438 1212 106 1220 106 1237"/>
                        </Shape>
                        <String CONTENT=""/>
                    </TextLine>

                    <TextLine ID="line_54" HPOS="106" VPOS="1229" WIDTH="680" HEIGHT="54" BASELINE="107 1258 786 1246" TAGREFS="TYPE_1">
                        <Shape>
                            <Polygon POINTS="107 1258 109 1283 115 1279 136 1282 146 1283 146 1283 147 1283 153 1281 169 1276 193 1276 199 1279 202 1282 203 1282 204 1282 205 1282 316 1280 317 1280 328 1275 333 1273 335 1275 342 1278 343 1278 344 1278 345 1278 346 1278 351 1274 361 1267 390 1272 394 1273 395 1273 402 1272 422 1269 429 1272 442 1277 443 1277 471 1278 472 1278 473 1278 500 1269 511 1274 512 1274 513 1274 542 1270 560 1276 560 1276 561 1276 562 1276 580 1266 586 1263 686 1261 690 1262 706 1268 707 1268 708 1268 709 1268 724 1261 725 1260 786 1259 786 1246 784 1233 750 1229 749 1229 418 1239 263 1237 262 1237 200 1242 117 1239 116 1239 115 1239 106 1243 107 1258"/>
                        </Shape>
                        <String CONTENT=""/>
                    </TextLine>
</TextBlock>
                <TextBlock ID="block_0" HPOS="776" VPOS="143" WIDTH="81" HEIGHT="117" TAGREFS="TYPE_11">
                    <Shape>
                        <Polygon POINTS="776.6507568359375 143.48207092285156 857.7932739257812 143.48207092285156 857.7932739257812 260.3799133300781 776.6507568359375 260.3799133300781 776.6507568359375 143.48207092285156"/>
                    </Shape>
                    <TextLine ID="line_55" HPOS="778" VPOS="198" WIDTH="68" HEIGHT="26" BASELINE="779 213 846 211" TAGREFS="TYPE_1">
                        <Shape>
                            <Polygon POINTS="779 213 779 221 846 224 846 211 845 198 778 198 779 213"/>
                        </Shape>
                        <String CONTENT=""/>
                    </TextLine>

                    <TextLine ID="line_56" HPOS="777" VPOS="215" WIDTH="64" HEIGHT="26" BASELINE="778 228 841 230" TAGREFS="TYPE_1">
                        <Shape>
                            <Polygon POINTS="778 228 777 238 840 241 841 230 840 218 778 215 778 228"/>
                        </Shape>
                        <String CONTENT=""/>
                    </TextLine>
</TextBlock>
                <TextBlock ID="block_4" HPOS="779" VPOS="583" WIDTH="83" HEIGHT="144" TAGREFS="TYPE_15">
                    <Shape>
                        <Polygon POINTS="779.4902954101562 583.0776977539062 862.6827392578125 583.0776977539062 862.6827392578125 727.1981811523438 779.4902954101562 727.1981811523438 779.4902954101562 583.0776977539062"/>
                    </Shape>
                    <TextLine ID="line_57" HPOS="780" VPOS="602" WIDTH="79" HEIGHT="28" BASELINE="780 616 859 616" TAGREFS="TYPE_1">
                        <Shape>
                            <Polygon POINTS="780 616 780 626 858 630 859 616 859 602 780 602 780 616"/>
                        </Shape>
                        <String CONTENT=""/>
                    </TextLine>

                    <TextLine ID="line_58" HPOS="779" VPOS="619" WIDTH="36" HEIGHT="25" BASELINE="780 632 815 636" TAGREFS="TYPE_1">
                        <Shape>
                            <Polygon POINTS="780 632 779 642 813 644 815 636 814 624 780 619 780 632"/>
                        </Shape>
                        <String CONTENT=""/>
                    </TextLine>
</TextBlock>
                <TextBlock ID="block_3" HPOS="785" VPOS="1034" WIDTH="81" HEIGHT="80" TAGREFS="TYPE_15">
                    <Shape>
                        <Polygon POINTS="785.1715698242188 1034.4664306640625 866.4996337890625 1034.4664306640625 866.4996337890625 1114.886474609375 785.1715698242188 1114.886474609375 785.1715698242188 1034.4664306640625"/>
                    </Shape>
                    <TextLine ID="line_59" HPOS="785" VPOS="1073" WIDTH="78" HEIGHT="38" BASELINE="786 1086 863 1088" TAGREFS="TYPE_1">
                        <Shape>
                            <Polygon POINTS="786 1086 785 1097 821 1100 825 1104 832 1110 832 1111 833 1111 833 1111 834 1111 862 1110 863 1088 862 1073 786 1073 786 1086"/>
                        </Shape>
                        <String CONTENT=""/>
                    </TextLine>
</TextBlock>
                <TextBlock ID="block_6" HPOS="605" VPOS="1259" WIDTH="46" HEIGHT="25" TAGREFS="TYPE_29">
                    <Shape>
                        <Polygon POINTS="605.1748046875 1259.6268310546875 651.7719116210938 1259.6268310546875 651.7719116210938 1284.2421875 605.1748046875 1284.2421875 605.1748046875 1259.6268310546875"/>
                    </Shape>
                    <TextLine ID="line_60" HPOS="615" VPOS="1254" WIDTH="37" HEIGHT="36" BASELINE="615 1272 652 1272" TAGREFS="TYPE_1">
                        <Shape>
                            <Polygon POINTS="615 1272 615 1290 652 1290 652 1272 652 1257 615 1254 615 1272"/>
                        </Shape>
                        <String CONTENT=""/>
                    </TextLine>
</TextBlock>
                <TextBlock ID="textblock_7">
                    
                    <TextLine ID="line_61" HPOS="714" VPOS="1253" WIDTH="74" HEIGHT="30" BASELINE="715 1271 788 1268" TAGREFS="TYPE_1">
                        <Shape>
                            <Polygon POINTS="715 1271 715 1283 788 1283 788 1268 786 1253 714 1256 715 1271"/>
                        </Shape>
                        <String CONTENT=""/>
                    </TextLine>

                </TextBlock>
                <TextBlock ID="block_7" HPOS="811" VPOS="1257" WIDTH="24" HEIGHT="22" TAGREFS="TYPE_29">
                    <Shape>
                        <Polygon POINTS="811.78173828125 1257.128662109375 835.0797119140625 1257.128662109375 835.0797119140625 1279.710693359375 811.78173828125 1279.710693359375 811.78173828125 1257.128662109375"/>
                    </Shape>
                    <TextLine ID="line_62" HPOS="813" VPOS="1248" WIDTH="17" HEIGHT="46" BASELINE="816 1268 826 1266" TAGREFS="TYPE_1">
                        <Shape>
                            <Polygon POINTS="816 1268 820 1294 830 1291 826 1266 821 1248 813 1252 816 1268"/>
                        </Shape>
                        <String CONTENT=""/>
                    </TextLine>
</TextBlock>
            </PrintSpace>
        </Page>
    </Layout>
</alto>