<?xml version="1.0" encoding="UTF-8"?>
<alto xmlns:xsi="http://www.w3.org/2001/XMLSchema-instance"
    xmlns="http://www.loc.gov/standards/alto/ns-v4#"
    xsi:schemaLocation="http://www.loc.gov/standards/alto/ns-v4# http://www.loc.gov/standards/alto/v4/alto-4-3.xsd">
    <Description>
        <MeasurementUnit>pixel</MeasurementUnit>
        <sourceImageInformation>
            <fileName>2013307.jpeg</fileName>
        </sourceImageInformation>
        <Processing ID="OCR_0">
            <processingCategory>other</processingCategory>
            <processingStepDescription>unknown</processingStepDescription>
            <processingSoftware>
                <softwareName>kraken</softwareName>
                <softwareVersion>4.3.13</softwareVersion>
            </processingSoftware>
        </Processing>
    </Description>
    <Tags>
        <OtherTag ID="TYPE_1" LABEL="DefaultLine"/>
        <OtherTag ID="TYPE_2" LABEL="TableZone"/>
        <OtherTag ID="TYPE_3" LABEL="MainZone-Other"/>
        <OtherTag ID="TYPE_4" LABEL="GraphicZone-FigDesc"/>
        <OtherTag ID="TYPE_5" LABEL="GraphicZone-Decoration"/>
        <OtherTag ID="TYPE_6" LABEL="GraphicZone-TextualContent"/>
        <OtherTag ID="TYPE_7" LABEL="DropCapitalZone"/>
        <OtherTag ID="TYPE_8" LABEL="MainZone-Sp"/>
        <OtherTag ID="TYPE_9" LABEL="MainZone-P"/>
        <OtherTag ID="TYPE_10" LABEL="MarginTextZone-Notes"/>
        <OtherTag ID="TYPE_11" LABEL="MainZone-Signature"/>
        <OtherTag ID="TYPE_12" LABEL="TitlePageZone-Index"/>
        <OtherTag ID="TYPE_13" LABEL="TableZone-Head"/>
        <OtherTag ID="TYPE_14" LABEL="NumberingZone"/>
        <OtherTag ID="TYPE_15" LABEL="GraphicZone-Part"/>
        <OtherTag ID="TYPE_16" LABEL="GraphicZone-Head"/>
        <OtherTag ID="TYPE_17" LABEL="FigureZone-FigDesc"/>
        <OtherTag ID="TYPE_18" LABEL="MainZone-P-Continued"/>
        <OtherTag ID="TYPE_19" LABEL="MainZone-List"/>
        <OtherTag ID="TYPE_20" LABEL="TitlePageZone"/>
        <OtherTag ID="TYPE_21" LABEL="GraphicZone-Maths"/>
        <OtherTag ID="TYPE_22" LABEL="FigureZone"/>
        <OtherTag ID="TYPE_23" LABEL="MainZone-Date"/>
        <OtherTag ID="TYPE_24" LABEL="GraphicZone"/>
        <OtherTag ID="TYPE_25" LABEL="AdvertisementZone"/>
        <OtherTag ID="TYPE_26" LABEL="MainZone-Lg"/>
        <OtherTag ID="TYPE_27" LABEL="QuireMarksZone"/>
        <OtherTag ID="TYPE_28" LABEL="TableZone-Continued"/>
        <OtherTag ID="TYPE_29" LABEL="MainZone-Form"/>
        <OtherTag ID="TYPE_30" LABEL="MainZone-Entry"/>
        <OtherTag ID="TYPE_31" LABEL="MarginTextZone-ManuscriptAddendum"/>
        <OtherTag ID="TYPE_32" LABEL="DigitizationArtefactZone"/>
        <OtherTag ID="TYPE_33" LABEL="MarginTextZone-Notes-Continued"/>
        <OtherTag ID="TYPE_34" LABEL="MainZone-Lg-Continued"/>
        <OtherTag ID="TYPE_35" LABEL="StampZone"/>
        <OtherTag ID="TYPE_36" LABEL="MainZone-Entry-Continued"/>
        <OtherTag ID="TYPE_37" LABEL="MainZone-List-Continued"/>
        <OtherTag ID="TYPE_38" LABEL="MainZone-Head"/>
        <OtherTag ID="TYPE_39" LABEL="MainZone-Sp-Continued"/>
        <OtherTag ID="TYPE_40" LABEL="RunningTitleZone"/>
        <OtherTag ID="TYPE_41" LABEL="FigureZone-Head"/>
        <OtherTag ID="TYPE_42" LABEL="StampZone-Sticker"/>
    </Tags>
    <Layout>
        <Page WIDTH="1000" HEIGHT="1448" PHYSICAL_IMG_NR="0" ID="page_0">
            <PrintSpace HPOS="0" VPOS="0" WIDTH="1000" HEIGHT="1448">
                <TextBlock ID="block_3" HPOS="226" VPOS="83" WIDTH="174" HEIGHT="35" TAGREFS="TYPE_40">
                    <Shape>
                        <Polygon POINTS="226.48802185058594 83.35321807861328 400.7504577636719 83.35321807861328 400.7504577636719 118.54572296142578 226.48802185058594 118.54572296142578 226.48802185058594 83.35321807861328"/>
                    </Shape>
                    <TextLine ID="line_0" HPOS="224" VPOS="98" WIDTH="178" HEIGHT="18" BASELINE="225 108 402 109" TAGREFS="TYPE_1">
                        <Shape>
                            <Polygon POINTS="401 98 393 98 385 98 377 98 369 98 361 98 353 98 345 98 337 98 329 98 320 98 312 98 304 98 296 98 288 98 280 98 272 98 264 98 256 98 248 98 240 98 232 98 225 98 225 108 224 115 400 116 402 109 401 98 401 98"/>
                        </Shape>
                        <String CONTENT=""/>
                    </TextLine>
</TextBlock>
                <TextBlock ID="block_2" HPOS="34" VPOS="122" WIDTH="591" HEIGHT="909" TAGREFS="TYPE_18">
                    <Shape>
                        <Polygon POINTS="34.870819091796875 122.35728454589844 625.6937866210938 122.35728454589844 625.6937866210938 1031.2069091796875 34.870819091796875 1031.2069091796875 34.870819091796875 122.35728454589844"/>
                    </Shape>
                    <TextLine ID="line_1" HPOS="43" VPOS="117" WIDTH="578" HEIGHT="46" BASELINE="44 148 621 149" TAGREFS="TYPE_1">
                        <Shape>
                            <Polygon POINTS="44 148 43 156 48 159 49 159 49 159 50 159 164 156 172 161 172 161 173 161 174 161 211 156 224 161 225 161 226 161 248 156 256 161 257 161 258 161 259 162 311 162 311 161 312 161 333 156 373 162 374 163 398 163 398 162 399 162 399 162 408 156 421 162 422 162 423 162 478 156 493 162 494 162 495 162 523 157 569 162 570 162 620 156 621 149 620 121 532 118 531 118 530 118 522 120 506 127 388 127 374 120 370 119 369 119 368 119 359 120 333 126 296 126 288 120 283 117 282 117 281 117 261 117 260 117 259 117 259 117 255 120 249 125 227 120 212 117 211 117 210 117 203 120 192 125 155 120 131 117 95 117 94 117 94 117 84 120 69 124 44 120 44 148"/>
                        </Shape>
                        <String CONTENT=""/>
                    </TextLine>

                    <TextLine ID="line_2" HPOS="43" VPOS="153" WIDTH="574" HEIGHT="40" BASELINE="44 178 617 181" TAGREFS="TYPE_1">
                        <Shape>
                            <Polygon POINTS="44 178 43 186 84 191 85 191 175 188 186 188 189 188 207 192 208 193 617 193 617 181 617 156 526 156 525 156 524 156 523 156 502 161 481 156 474 155 473 155 467 156 448 161 415 161 407 156 405 155 404 155 403 155 403 155 402 155 397 156 388 160 380 156 377 156 376 156 375 156 365 156 335 160 330 157 327 154 326 154 325 154 325 154 324 154 313 157 303 160 267 157 241 156 240 156 239 156 238 156 237 157 234 160 190 160 180 158 164 155 164 155 141 158 134 159 132 158 127 153 126 153 125 153 124 153 123 153 111 158 108 159 103 158 77 153 76 153 44 158 44 178"/>
                        </Shape>
                        <String CONTENT=""/>
                    </TextLine>

                    <TextLine ID="line_3" HPOS="43" VPOS="186" WIDTH="577" HEIGHT="42" BASELINE="43 211 620 213" TAGREFS="TYPE_1">
                        <Shape>
                            <Polygon POINTS="43 211 43 226 65 222 178 226 238 227 239 227 257 225 279 222 291 225 302 227 303 227 304 227 304 227 307 225 309 223 314 225 321 227 322 227 323 227 340 225 357 222 374 225 396 227 397 227 398 227 407 225 411 223 415 225 427 228 427 228 428 228 429 228 439 224 442 223 492 223 493 224 497 227 498 227 499 227 500 227 517 224 518 224 526 228 526 228 527 228 619 223 620 213 620 193 604 188 603 188 602 188 559 193 557 193 514 193 513 193 504 188 503 188 502 188 502 188 501 188 495 193 493 193 440 193 438 192 427 187 427 187 426 187 402 192 399 193 316 193 315 191 310 187 309 187 308 187 308 187 307 187 300 191 297 192 295 191 283 187 283 187 282 187 246 190 238 192 177 192 173 190 161 186 160 186 120 186 119 186 119 186 118 186 112 189 109 192 88 192 86 189 82 186 82 186 81 186 80 186 43 189 43 211"/>
                        </Shape>
                        <String CONTENT=""/>
                    </TextLine>

                    <TextLine ID="line_4" HPOS="44" VPOS="219" WIDTH="577" HEIGHT="40" BASELINE="44 244 621 246" TAGREFS="TYPE_1">
                        <Shape>
                            <Polygon POINTS="44 244 44 255 219 253 227 255 235 258 236 258 237 258 263 255 278 254 283 255 293 258 294 258 295 258 412 255 430 255 431 255 436 259 436 259 437 259 438 259 555 259 555 259 555 259 563 255 574 259 575 259 576 259 620 254 621 246 620 222 434 226 417 222 411 220 410 220 409 220 408 220 403 222 388 225 373 222 366 220 365 220 353 222 330 224 277 221 267 221 266 221 265 221 264 221 259 225 235 221 232 221 231 221 225 221 183 224 178 221 176 219 176 219 175 219 134 219 133 219 132 219 131 219 130 221 126 224 114 221 108 219 107 219 106 219 97 221 77 224 69 221 65 219 65 219 64 219 44 220 44 244"/>
                        </Shape>
                        <String CONTENT=""/>
                    </TextLine>

                    <TextLine ID="line_5" HPOS="41" VPOS="250" WIDTH="580" HEIGHT="43" BASELINE="41 276 621 279" TAGREFS="TYPE_1">
                        <Shape>
                            <Polygon POINTS="41 276 41 285 54 291 55 291 56 291 78 287 86 292 86 292 87 292 88 292 135 292 135 292 135 292 136 292 142 287 198 292 199 292 200 292 215 287 234 292 234 292 235 292 236 292 255 287 293 292 294 292 295 292 311 287 329 292 329 292 330 292 414 287 427 293 428 293 429 293 456 288 466 292 467 292 468 292 524 288 531 293 532 293 533 293 534 293 534 293 555 288 580 292 581 292 621 287 621 279 621 257 596 251 543 251 543 251 542 251 541 251 534 256 533 256 509 252 508 252 490 256 489 256 488 256 474 251 473 251 473 251 472 251 460 256 459 256 454 256 414 251 413 251 341 255 337 255 337 255 320 250 319 250 318 250 317 250 304 255 302 255 301 255 288 251 288 251 287 251 242 255 235 255 232 255 209 250 208 250 182 255 181 255 144 255 143 255 136 250 135 250 135 250 134 250 41 254 41 276"/>
                        </Shape>
                        <String CONTENT=""/>
                    </TextLine>

                    <TextLine ID="line_6" HPOS="44" VPOS="284" WIDTH="576" HEIGHT="40" BASELINE="45 308 620 311" TAGREFS="TYPE_1">
                        <Shape>
                            <Polygon POINTS="45 308 44 319 49 323 50 323 51 323 52 323 71 319 203 323 204 323 205 323 213 319 236 324 237 324 426 320 444 324 444 324 445 324 482 320 601 324 602 324 603 324 619 320 620 311 620 292 588 292 588 291 581 286 580 286 580 286 579 286 539 290 513 286 512 286 511 286 498 290 496 291 417 291 416 290 412 286 411 286 411 286 410 286 409 286 395 290 393 290 391 290 380 285 379 285 378 285 308 289 286 290 283 289 275 285 275 285 274 285 273 285 261 288 255 290 211 290 208 288 197 284 197 284 196 284 195 284 185 288 181 289 172 288 152 285 152 285 131 287 120 289 115 287 106 284 105 284 104 284 103 284 93 287 87 289 82 287 75 284 74 284 74 284 73 284 72 284 67 287 64 289 45 287 45 308"/>
                        </Shape>
                        <String CONTENT=""/>
                    </TextLine>

                    <TextLine ID="line_7" HPOS="42" VPOS="316" WIDTH="577" HEIGHT="42" BASELINE="43 341 619 342" TAGREFS="TYPE_1">
                        <Shape>
                            <Polygon POINTS="43 341 42 350 97 351 102 357 103 357 104 357 105 357 134 357 134 357 135 357 135 357 142 352 176 357 177 357 264 352 271 352 271 352 280 357 281 357 282 357 367 353 370 353 370 353 377 357 378 357 378 357 379 357 380 357 395 353 396 353 412 357 413 357 414 358 473 358 473 357 474 357 475 357 480 353 481 353 484 353 510 357 511 357 534 353 540 353 543 353 555 357 556 357 557 357 618 353 619 342 618 323 581 317 511 317 510 317 490 322 488 322 484 322 441 317 440 317 394 321 392 321 390 321 284 317 283 317 283 317 269 321 267 321 262 321 225 316 224 316 198 320 185 316 185 316 184 316 152 320 144 321 43 320 43 341"/>
                        </Shape>
                        <String CONTENT=""/>
                    </TextLine>

                    <TextLine ID="line_8" HPOS="43" VPOS="349" WIDTH="576" HEIGHT="41" BASELINE="43 374 619 376" TAGREFS="TYPE_1">
                        <Shape>
                            <Polygon POINTS="43 374 43 386 146 383 152 386 155 389 156 389 156 389 157 389 158 389 166 386 176 383 193 386 210 389 211 389 231 386 245 384 251 386 262 390 263 390 263 390 303 386 306 386 308 386 333 390 334 390 335 390 349 386 355 384 362 386 383 390 384 390 427 386 456 390 457 390 458 390 473 385 473 385 477 385 525 389 526 389 566 385 605 389 606 389 607 389 618 384 619 376 618 356 563 356 562 355 555 350 555 350 554 350 526 350 526 350 525 350 524 350 518 355 518 355 505 355 377 349 376 349 304 353 289 354 288 353 279 349 279 349 278 349 251 353 244 354 238 353 225 350 224 350 180 353 168 353 168 353 160 349 160 349 159 349 136 349 135 349 135 349 134 349 129 353 127 353 123 353 98 349 98 349 43 352 43 374"/>
                        </Shape>
                        <String CONTENT=""/>
                    </TextLine>

                    <TextLine ID="line_9" HPOS="42" VPOS="380" WIDTH="579" HEIGHT="41" BASELINE="43 405 621 407" TAGREFS="TYPE_1">
                        <Shape>
                            <Polygon POINTS="43 405 42 415 236 420 237 420 334 416 343 416 347 416 386 420 386 420 387 420 395 416 396 416 399 416 430 421 431 421 621 416 621 407 621 389 599 389 598 388 588 382 588 382 587 382 586 382 512 386 489 382 489 382 488 382 477 388 476 388 454 387 439 387 430 381 429 381 428 381 427 381 398 387 397 387 396 387 378 381 378 381 377 381 334 387 329 388 317 388 316 386 310 382 310 381 309 381 308 381 308 381 261 386 252 387 245 386 219 382 218 382 196 385 190 380 189 380 189 380 188 380 162 386 158 386 129 386 117 386 111 380 111 380 110 380 109 380 43 385 43 405"/>
                        </Shape>
                        <String CONTENT=""/>
                    </TextLine>

                    <TextLine ID="line_10" HPOS="41" VPOS="412" WIDTH="579" HEIGHT="42" BASELINE="42 438 620 441" TAGREFS="TYPE_1">
                        <Shape>
                            <Polygon POINTS="42 438 41 446 57 451 57 451 58 451 59 451 71 448 94 452 95 452 155 449 189 453 189 453 238 448 245 452 246 452 246 452 247 452 358 450 369 454 370 454 370 454 434 450 465 450 469 454 470 454 471 454 472 454 581 450 591 454 592 454 592 454 619 449 620 441 619 417 539 415 538 415 523 417 504 419 498 417 494 415 493 415 493 415 492 415 485 417 477 419 471 417 463 414 462 414 461 414 439 417 427 418 416 417 392 414 391 414 371 417 358 419 354 417 351 414 350 414 349 414 349 414 348 414 341 417 338 418 314 417 254 413 253 413 252 413 251 413 246 417 244 419 201 419 182 417 126 412 125 412 124 412 115 417 113 417 42 417 42 438"/>
                        </Shape>
                        <String CONTENT=""/>
                    </TextLine>

                    <TextLine ID="line_11" HPOS="41" VPOS="449" WIDTH="577" HEIGHT="36" BASELINE="42 470 618 472" TAGREFS="TYPE_1">
                        <Shape>
                            <Polygon POINTS="42 470 41 479 78 485 78 485 143 481 167 485 168 485 281 481 362 485 362 485 363 485 375 481 391 485 392 485 393 485 394 485 402 481 416 485 417 485 418 485 442 481 492 485 493 485 617 481 618 472 617 451 42 449 42 470"/>
                        </Shape>
                        <String CONTENT=""/>
                    </TextLine>

                    <TextLine ID="line_12" HPOS="41" VPOS="477" WIDTH="580" HEIGHT="41" BASELINE="41 504 621 505" TAGREFS="TYPE_1">
                        <Shape>
                            <Polygon POINTS="41 504 41 511 101 517 102 517 250 514 340 518 341 518 489 518 489 518 509 514 580 518 581 518 620 513 621 505 618 479 607 483 571 479 556 477 555 477 529 479 460 483 442 479 436 477 436 477 435 477 399 479 321 482 299 479 284 477 283 477 252 479 201 483 167 483 160 479 156 477 155 477 154 477 143 479 128 481 118 479 110 477 109 477 108 477 91 479 70 481 65 479 62 477 61 477 61 477 60 477 41 478 41 504"/>
                        </Shape>
                        <String CONTENT=""/>
                    </TextLine>

                    <TextLine ID="line_13" HPOS="41" VPOS="510" WIDTH="578" HEIGHT="37" BASELINE="41 537 619 537" TAGREFS="TYPE_1">
                        <Shape>
                            <Polygon POINTS="41 537 41 547 618 546 619 537 619 518 594 511 593 511 592 511 567 515 541 511 540 511 539 511 539 511 532 517 530 518 466 518 448 516 401 510 400 510 399 510 389 515 382 518 377 514 368 510 367 510 366 510 349 514 347 514 342 514 302 510 301 510 300 510 300 510 296 514 292 516 279 514 275 513 274 513 273 513 272 513 272 514 267 518 175 518 166 512 164 510 164 510 163 510 162 510 143 511 86 515 80 510 79 510 78 510 41 510 41 537"/>
                        </Shape>
                        <String CONTENT=""/>
                    </TextLine>

                    <TextLine ID="line_14" HPOS="40" VPOS="543" WIDTH="581" HEIGHT="39" BASELINE="41 569 621 567" TAGREFS="TYPE_1">
                        <Shape>
                            <Polygon POINTS="41 569 41 582 590 582 590 581 621 576 621 567 620 547 515 543 514 543 514 543 506 547 504 547 489 546 452 543 451 543 450 543 441 546 436 547 430 546 421 543 420 543 419 543 402 546 386 547 367 545 345 543 344 543 343 543 336 545 329 547 307 545 292 543 292 543 291 543 290 543 288 545 281 549 251 549 242 544 240 543 239 543 238 543 238 543 237 543 235 544 228 549 147 549 139 543 138 543 137 543 90 543 89 543 88 543 87 543 82 547 40 543 41 569"/>
                        </Shape>
                        <String CONTENT=""/>
                    </TextLine>

                    <TextLine ID="line_15" HPOS="39" VPOS="574" WIDTH="578" HEIGHT="42" BASELINE="40 600 617 603" TAGREFS="TYPE_1">
                        <Shape>
                            <Polygon POINTS="40 600 39 608 61 614 61 614 62 614 144 609 161 613 162 613 163 613 226 610 245 615 246 615 246 615 280 610 390 615 390 615 422 610 433 616 434 616 435 616 436 616 456 611 514 616 515 616 616 610 617 603 616 580 559 575 559 575 558 575 550 580 545 581 540 580 530 575 530 575 529 575 491 580 469 581 462 580 450 575 449 575 448 575 448 575 447 575 443 580 440 582 425 582 420 580 411 575 411 575 343 575 342 575 341 575 341 575 334 580 332 581 300 581 295 580 279 575 279 575 278 575 277 575 276 575 269 580 268 580 267 580 260 575 259 575 259 575 258 575 238 579 219 575 218 575 218 575 209 579 157 575 156 575 156 575 143 580 142 580 141 580 134 575 133 575 132 575 131 575 131 575 115 579 105 574 104 574 56 574 55 574 54 574 40 579 40 600"/>
                        </Shape>
                        <String CONTENT=""/>
                    </TextLine>

                    <TextLine ID="line_16" HPOS="41" VPOS="607" WIDTH="575" HEIGHT="37" BASELINE="41 633 616 634" TAGREFS="TYPE_1">
                        <Shape>
                            <Polygon POINTS="41 633 41 644 615 641 616 634 615 610 588 608 588 608 587 608 580 609 568 612 559 609 555 608 555 608 554 608 553 608 551 609 541 615 517 615 498 609 491 608 490 608 489 608 489 608 483 609 468 615 341 615 324 608 322 608 321 608 320 608 315 608 279 613 255 608 244 607 156 607 155 607 154 607 150 608 139 612 128 608 124 607 123 607 123 607 41 608 41 633"/>
                        </Shape>
                        <String CONTENT=""/>
                    </TextLine>

                    <TextLine ID="line_17" HPOS="39" VPOS="638" WIDTH="579" HEIGHT="41" BASELINE="40 665 618 667" TAGREFS="TYPE_1">
                        <Shape>
                            <Polygon POINTS="40 665 39 674 311 678 312 678 391 675 436 679 437 679 511 675 604 679 605 679 606 679 617 674 618 667 617 647 593 647 593 646 578 640 577 640 494 640 493 640 459 646 456 646 454 646 424 639 423 639 367 641 366 641 352 645 352 646 324 646 323 645 308 640 307 640 306 640 305 640 288 645 286 646 234 646 234 645 224 638 223 638 222 638 222 638 151 645 150 645 138 638 137 638 136 638 102 644 94 639 94 639 93 639 55 638 54 638 53 638 40 644 40 665"/>
                        </Shape>
                        <String CONTENT=""/>
                    </TextLine>

                    <TextLine ID="line_18" HPOS="40" VPOS="670" WIDTH="578" HEIGHT="38" BASELINE="40 697 618 700" TAGREFS="TYPE_1">
                        <Shape>
                            <Polygon POINTS="40 697 40 708 617 707 618 700 617 678 489 673 489 673 456 678 450 678 448 678 433 672 432 672 432 672 406 678 401 678 398 678 385 672 384 672 383 672 382 672 368 677 360 672 359 672 358 672 358 672 357 672 340 678 338 678 337 678 309 671 308 671 308 671 292 678 291 678 289 678 271 672 270 672 269 672 241 677 236 678 123 678 123 677 104 670 103 670 56 670 55 670 54 670 40 676 40 697"/>
                        </Shape>
                        <String CONTENT=""/>
                    </TextLine>

                    <TextLine ID="line_19" HPOS="40" VPOS="704" WIDTH="579" HEIGHT="41" BASELINE="41 729 619 732" TAGREFS="TYPE_1">
                        <Shape>
                            <Polygon POINTS="41 729 40 737 98 743 98 743 163 739 253 744 254 744 255 744 272 740 322 744 323 744 422 740 432 744 432 744 433 745 548 745 548 744 549 744 559 740 588 744 589 744 618 740 619 732 619 712 553 707 552 707 531 711 529 711 527 711 516 707 515 707 514 707 514 707 513 707 507 711 506 711 473 707 473 707 472 707 462 711 458 711 452 710 426 705 425 705 375 709 362 705 362 705 361 705 360 705 352 709 349 711 312 711 309 709 302 705 301 705 300 705 283 708 279 709 277 708 267 705 266 705 265 705 264 705 263 705 259 708 254 711 210 708 152 704 152 704 121 705 120 705 119 705 117 707 112 710 107 707 102 704 101 704 100 704 99 704 91 707 81 710 69 707 61 704 61 704 60 704 41 706 41 729"/>
                        </Shape>
                        <String CONTENT=""/>
                    </TextLine>

                    <TextLine ID="line_20" HPOS="40" VPOS="740" WIDTH="578" HEIGHT="35" BASELINE="40 762 618 766" TAGREFS="TYPE_1">
                        <Shape>
                            <Polygon POINTS="40 762 40 775 617 775 618 766 617 741 40 740 40 762"/>
                        </Shape>
                        <String CONTENT=""/>
                    </TextLine>

                    <TextLine ID="line_21" HPOS="39" VPOS="769" WIDTH="578" HEIGHT="37" BASELINE="39 794 617 798" TAGREFS="TYPE_1">
                        <Shape>
                            <Polygon POINTS="39 794 39 806 617 805 617 798 617 775 550 771 549 771 548 771 537 774 532 776 527 774 517 771 516 771 515 771 490 774 477 776 474 774 467 770 466 770 465 770 439 774 432 775 429 774 422 770 421 770 420 770 401 774 399 774 396 774 372 770 371 770 370 770 363 774 361 775 348 774 307 769 306 769 243 773 241 773 239 773 216 769 215 769 190 773 183 774 155 774 154 773 149 769 148 769 148 769 147 769 125 773 123 774 100 774 99 773 94 769 94 769 93 769 92 769 39 773 39 794"/>
                        </Shape>
                        <String CONTENT=""/>
                    </TextLine>

                    <TextLine ID="line_22" HPOS="38" VPOS="803" WIDTH="582" HEIGHT="40" BASELINE="39 828 620 830" TAGREFS="TYPE_1">
                        <Shape>
                            <Polygon POINTS="39 828 38 836 136 838 141 843 142 843 143 843 144 843 171 839 248 843 249 843 286 839 292 839 293 839 302 843 303 843 304 843 619 842 620 830 619 806 39 803 39 828"/>
                        </Shape>
                        <String CONTENT=""/>
                    </TextLine>

                    <TextLine ID="line_23" HPOS="37" VPOS="835" WIDTH="582" HEIGHT="41" BASELINE="37 859 619 862" TAGREFS="TYPE_1">
                        <Shape>
                            <Polygon POINTS="37 859 37 868 143 875 144 875 144 875 159 870 160 870 162 870 180 875 181 875 181 875 218 871 230 870 232 872 238 876 238 876 239 876 240 876 259 876 259 876 259 876 260 876 264 872 266 871 270 872 288 876 477 876 477 876 488 874 500 872 512 875 519 876 520 876 521 876 543 875 591 872 617 876 619 862 618 842 518 836 518 836 517 836 516 836 510 841 510 841 502 841 455 837 454 837 453 837 452 837 448 840 446 841 443 840 425 835 424 835 423 835 384 839 378 841 238 841 234 839 229 835 228 835 227 835 226 835 201 839 194 839 186 839 160 835 159 835 158 835 144 838 142 839 140 838 133 835 132 835 131 835 37 837 37 859"/>
                        </Shape>
                        <String CONTENT=""/>
                    </TextLine>

                    <TextLine ID="line_24" HPOS="37" VPOS="868" WIDTH="582" HEIGHT="41" BASELINE="37 892 619 895" TAGREFS="TYPE_1">
                        <Shape>
                            <Polygon POINTS="37 892 37 901 59 907 60 907 61 907 75 903 156 903 168 908 169 908 170 908 213 903 230 909 231 909 232 909 233 909 249 905 403 909 403 909 404 909 416 904 417 904 418 904 448 909 448 909 449 909 466 905 478 909 479 909 480 909 533 905 556 909 557 909 558 909 566 905 567 905 601 909 602 909 603 909 618 905 619 895 618 870 585 870 584 870 584 870 569 876 494 871 483 870 482 870 481 870 480 871 469 876 427 876 419 871 418 869 417 869 416 869 415 869 406 871 388 875 372 872 361 869 360 869 359 869 353 872 342 875 293 875 288 872 283 869 282 869 281 869 259 872 245 874 240 872 231 868 230 868 230 868 37 873 37 892"/>
                        </Shape>
                        <String CONTENT=""/>
                    </TextLine>

                    <TextLine ID="line_25" HPOS="37" VPOS="900" WIDTH="582" HEIGHT="42" BASELINE="38 925 619 929" TAGREFS="TYPE_1">
                        <Shape>
                            <Polygon POINTS="38 925 37 933 154 938 155 938 178 935 183 939 183 940 184 940 185 940 427 941 428 941 429 941 443 937 489 942 490 942 564 937 571 942 572 942 572 942 573 942 618 937 619 929 617 905 474 906 468 904 461 901 460 901 460 901 445 904 436 905 425 904 407 901 407 901 393 904 384 905 381 904 375 901 374 901 374 901 373 901 367 904 364 905 358 904 349 901 349 901 348 901 337 904 329 905 305 904 263 900 263 900 262 900 261 900 257 904 255 905 202 905 190 904 154 900 153 900 135 904 133 904 127 904 92 900 91 900 38 903 38 925"/>
                        </Shape>
                        <String CONTENT=""/>
                    </TextLine>

                    <TextLine ID="line_26" HPOS="37" VPOS="933" WIDTH="580" HEIGHT="40" BASELINE="38 958 617 959" TAGREFS="TYPE_1">
                        <Shape>
                            <Polygon POINTS="38 958 37 966 73 972 74 972 74 972 83 968 102 972 103 972 125 968 151 972 152 972 276 968 281 972 282 972 283 972 283 972 348 969 353 973 354 973 355 973 356 973 357 973 372 969 387 973 388 973 389 973 432 969 601 973 602 973 603 973 617 968 617 959 617 936 38 933 38 958"/>
                        </Shape>
                        <String CONTENT=""/>
                    </TextLine>

                    <TextLine ID="line_27" HPOS="39" VPOS="962" WIDTH="579" HEIGHT="45" BASELINE="39 990 618 993" TAGREFS="TYPE_1">
                        <Shape>
                            <Polygon POINTS="39 990 39 1003 98 1000 131 1003 140 1004 141 1004 147 1003 164 1000 168 1003 169 1004 170 1004 171 1004 172 1004 208 1003 286 1001 296 1003 305 1005 306 1005 316 1003 326 1001 329 1003 333 1006 334 1006 335 1006 336 1006 373 1003 389 1002 393 1003 403 1006 404 1006 405 1006 461 1003 469 1003 477 1003 571 1007 572 1007 572 1007 573 1007 580 1003 617 1003 618 993 617 971 539 966 538 966 507 969 495 970 483 969 457 965 456 965 394 967 341 970 330 966 322 964 321 964 320 964 320 964 315 966 310 969 292 966 279 964 279 964 268 966 247 969 202 965 201 965 201 965 200 965 191 969 106 969 101 963 100 963 99 963 98 963 98 963 69 968 39 962 39 990"/>
                        </Shape>
                        <String CONTENT=""/>
                    </TextLine>

                    <TextLine ID="line_28" HPOS="41" VPOS="996" WIDTH="294" HEIGHT="40" BASELINE="41 1023 335 1023" TAGREFS="TYPE_1">
                        <Shape>
                            <Polygon POINTS="41 1023 41 1031 111 1036 112 1036 139 1032 151 1032 156 1033 165 1036 166 1036 167 1036 193 1033 218 1032 251 1034 269 1036 270 1036 271 1036 275 1035 287 1032 296 1035 298 1036 299 1036 300 1036 305 1035 327 1032 333 1036 335 1023 335 1003 292 1002 286 996 285 996 284 996 283 996 283 996 282 996 273 1003 223 1003 217 997 217 996 216 996 215 996 147 996 146 996 145 996 123 1002 90 996 90 996 89 996 75 1002 55 996 54 996 53 996 53 996 41 1002 41 1023"/>
                        </Shape>
                        <String CONTENT=""/>
                    </TextLine>
</TextBlock>
                <TextBlock ID="block_0" HPOS="36" VPOS="1035" WIDTH="587" HEIGHT="167" TAGREFS="TYPE_9">
                    <Shape>
                        <Polygon POINTS="36.495609283447266 1035.107177734375 623.9209594726562 1035.107177734375 623.9209594726562 1202.5196533203125 36.495609283447266 1202.5196533203125 36.495609283447266 1035.107177734375"/>
                    </Shape>
                    <TextLine ID="line_29" HPOS="68" VPOS="1024" WIDTH="552" HEIGHT="46" BASELINE="69 1055 620 1057" TAGREFS="TYPE_1">
                        <Shape>
                            <Polygon POINTS="69 1055 68 1064 83 1069 84 1069 85 1069 108 1065 168 1069 168 1069 204 1065 205 1065 206 1065 221 1069 222 1069 222 1069 222 1069 223 1069 237 1065 238 1065 238 1065 251 1069 252 1069 253 1069 287 1065 296 1069 297 1069 298 1069 456 1066 466 1070 467 1070 468 1070 619 1065 620 1057 620 1029 535 1026 534 1026 534 1026 533 1026 530 1029 527 1032 493 1033 484 1029 477 1026 477 1026 476 1026 475 1026 464 1029 449 1032 432 1029 416 1026 415 1026 415 1026 407 1029 403 1030 402 1029 398 1025 397 1025 396 1025 333 1025 333 1025 332 1025 331 1025 327 1029 325 1029 311 1025 310 1025 309 1025 308 1025 308 1025 304 1029 300 1032 296 1029 295 1028 294 1028 293 1028 292 1028 281 1029 254 1032 195 1029 158 1027 157 1027 156 1027 156 1027 152 1029 147 1032 105 1032 98 1029 87 1024 86 1024 86 1024 85 1024 69 1028 69 1055"/>
                        </Shape>
                        <String CONTENT=""/>
                    </TextLine>

                    <TextLine ID="line_30" HPOS="37" VPOS="1061" WIDTH="583" HEIGHT="41" BASELINE="37 1087 620 1090" TAGREFS="TYPE_1">
                        <Shape>
                            <Polygon POINTS="37 1087 37 1099 372 1098 378 1098 393 1102 394 1102 417 1098 425 1098 430 1098 446 1102 447 1102 448 1102 468 1098 469 1098 470 1098 488 1102 489 1102 526 1098 528 1098 530 1098 602 1102 603 1102 604 1102 619 1098 620 1090 619 1065 569 1068 563 1065 560 1062 559 1062 559 1062 537 1062 536 1062 535 1062 530 1065 521 1068 508 1065 499 1062 498 1062 497 1062 497 1062 496 1062 493 1065 489 1069 473 1069 465 1065 459 1062 458 1062 457 1062 456 1062 448 1065 440 1066 418 1065 389 1062 388 1062 376 1065 365 1067 353 1065 340 1061 339 1061 338 1061 329 1065 321 1067 306 1065 284 1061 283 1061 283 1061 275 1065 271 1068 246 1068 239 1065 230 1061 229 1061 228 1061 204 1065 193 1066 183 1065 157 1061 156 1061 129 1065 119 1066 115 1065 104 1061 103 1061 102 1061 102 1061 88 1065 83 1066 81 1065 77 1062 76 1062 75 1062 74 1062 37 1065 37 1087"/>
                        </Shape>
                        <String CONTENT=""/>
                    </TextLine>

                    <TextLine ID="line_31" HPOS="35" VPOS="1094" WIDTH="584" HEIGHT="42" BASELINE="36 1118 619 1123" TAGREFS="TYPE_1">
                        <Shape>
                            <Polygon POINTS="36 1118 35 1127 58 1132 183 1133 184 1133 204 1129 230 1134 231 1134 295 1130 315 1134 316 1134 520 1131 597 1136 598 1136 618 1131 619 1123 617 1097 587 1102 493 1102 484 1097 483 1096 482 1096 481 1096 481 1096 470 1097 425 1102 413 1097 408 1095 407 1095 374 1095 374 1095 373 1095 372 1095 370 1097 367 1099 345 1097 314 1094 313 1094 288 1098 278 1098 274 1098 264 1094 263 1094 263 1094 262 1094 256 1098 252 1099 242 1098 226 1094 226 1094 225 1094 216 1098 210 1100 172 1100 165 1098 150 1094 149 1094 148 1094 36 1098 36 1118"/>
                        </Shape>
                        <String CONTENT=""/>
                    </TextLine>

                    <TextLine ID="line_32" HPOS="34" VPOS="1127" WIDTH="584" HEIGHT="41" BASELINE="35 1151 618 1156" TAGREFS="TYPE_1">
                        <Shape>
                            <Polygon POINTS="35 1151 34 1164 111 1164 112 1164 113 1164 115 1164 127 1160 131 1164 133 1165 134 1165 135 1165 135 1165 176 1164 229 1162 248 1164 270 1166 271 1166 288 1164 301 1162 325 1164 362 1167 363 1167 390 1164 401 1163 418 1164 479 1168 480 1168 501 1164 502 1164 503 1164 522 1168 522 1168 523 1168 524 1168 534 1164 609 1168 610 1168 611 1168 612 1168 617 1164 618 1156 617 1135 542 1131 541 1131 540 1131 539 1131 535 1134 534 1135 531 1134 520 1130 519 1130 518 1130 500 1134 491 1136 444 1136 436 1133 423 1129 422 1129 421 1129 384 1132 361 1135 357 1132 353 1129 352 1129 351 1129 350 1129 349 1129 337 1132 326 1135 258 1135 253 1131 249 1128 248 1128 247 1128 246 1128 246 1128 238 1131 229 1134 210 1131 192 1127 191 1127 190 1127 181 1131 173 1133 167 1130 160 1127 160 1127 101 1127 100 1127 99 1127 95 1129 89 1132 73 1129 59 1127 58 1127 35 1128 35 1151"/>
                        </Shape>
                        <String CONTENT=""/>
                    </TextLine>

                    <TextLine ID="line_33" HPOS="35" VPOS="1158" WIDTH="579" HEIGHT="50" BASELINE="36 1183 614 1188" TAGREFS="TYPE_1">
                        <Shape>
                            <Polygon POINTS="36 1183 35 1202 93 1197 102 1203 103 1204 104 1204 105 1204 106 1204 106 1204 110 1203 129 1197 151 1203 152 1203 152 1203 153 1203 158 1203 204 1198 209 1203 211 1204 211 1205 212 1205 213 1205 229 1205 230 1205 264 1202 279 1201 289 1202 316 1205 316 1205 317 1205 325 1202 332 1200 358 1202 405 1206 406 1206 407 1206 416 1202 420 1200 424 1201 433 1206 434 1206 435 1206 484 1201 496 1201 497 1201 506 1205 506 1205 553 1208 554 1208 555 1208 555 1208 562 1202 613 1201 614 1188 613 1168 518 1162 517 1162 516 1162 506 1166 501 1168 391 1168 385 1164 379 1161 378 1161 378 1161 344 1163 297 1166 286 1162 281 1160 280 1160 279 1160 266 1162 228 1166 172 1160 164 1160 164 1160 163 1160 162 1160 151 1165 144 1160 143 1160 142 1160 116 1159 115 1159 115 1159 113 1159 94 1164 36 1158 36 1183"/>
                        </Shape>
                        <String CONTENT=""/>
                    </TextLine>
</TextBlock>
            </PrintSpace>
        </Page>
    </Layout>
</alto>