<?xml version="1.0" encoding="UTF-8"?>
<alto xmlns:xsi="http://www.w3.org/2001/XMLSchema-instance"
    xmlns="http://www.loc.gov/standards/alto/ns-v4#"
    xsi:schemaLocation="http://www.loc.gov/standards/alto/ns-v4# http://www.loc.gov/standards/alto/v4/alto-4-3.xsd">
    <Description>
        <MeasurementUnit>pixel</MeasurementUnit>
        <sourceImageInformation>
            <fileName>2013295.jpeg</fileName>
        </sourceImageInformation>
        <Processing ID="OCR_0">
            <processingCategory>other</processingCategory>
            <processingStepDescription>unknown</processingStepDescription>
            <processingSoftware>
                <softwareName>kraken</softwareName>
                <softwareVersion>4.3.13</softwareVersion>
            </processingSoftware>
        </Processing>
    </Description>
    <Tags>
        <OtherTag ID="TYPE_1" LABEL="DefaultLine"/>
        <OtherTag ID="TYPE_2" LABEL="TableZone"/>
        <OtherTag ID="TYPE_3" LABEL="MainZone-Other"/>
        <OtherTag ID="TYPE_4" LABEL="GraphicZone-FigDesc"/>
        <OtherTag ID="TYPE_5" LABEL="GraphicZone-Decoration"/>
        <OtherTag ID="TYPE_6" LABEL="GraphicZone-TextualContent"/>
        <OtherTag ID="TYPE_7" LABEL="DropCapitalZone"/>
        <OtherTag ID="TYPE_8" LABEL="MainZone-Sp"/>
        <OtherTag ID="TYPE_9" LABEL="MainZone-P"/>
        <OtherTag ID="TYPE_10" LABEL="MarginTextZone-Notes"/>
        <OtherTag ID="TYPE_11" LABEL="MainZone-Signature"/>
        <OtherTag ID="TYPE_12" LABEL="TitlePageZone-Index"/>
        <OtherTag ID="TYPE_13" LABEL="TableZone-Head"/>
        <OtherTag ID="TYPE_14" LABEL="NumberingZone"/>
        <OtherTag ID="TYPE_15" LABEL="GraphicZone-Part"/>
        <OtherTag ID="TYPE_16" LABEL="GraphicZone-Head"/>
        <OtherTag ID="TYPE_17" LABEL="FigureZone-FigDesc"/>
        <OtherTag ID="TYPE_18" LABEL="MainZone-P-Continued"/>
        <OtherTag ID="TYPE_19" LABEL="MainZone-List"/>
        <OtherTag ID="TYPE_20" LABEL="TitlePageZone"/>
        <OtherTag ID="TYPE_21" LABEL="GraphicZone-Maths"/>
        <OtherTag ID="TYPE_22" LABEL="FigureZone"/>
        <OtherTag ID="TYPE_23" LABEL="MainZone-Date"/>
        <OtherTag ID="TYPE_24" LABEL="GraphicZone"/>
        <OtherTag ID="TYPE_25" LABEL="AdvertisementZone"/>
        <OtherTag ID="TYPE_26" LABEL="MainZone-Lg"/>
        <OtherTag ID="TYPE_27" LABEL="QuireMarksZone"/>
        <OtherTag ID="TYPE_28" LABEL="TableZone-Continued"/>
        <OtherTag ID="TYPE_29" LABEL="MainZone-Form"/>
        <OtherTag ID="TYPE_30" LABEL="MainZone-Entry"/>
        <OtherTag ID="TYPE_31" LABEL="MarginTextZone-ManuscriptAddendum"/>
        <OtherTag ID="TYPE_32" LABEL="DigitizationArtefactZone"/>
        <OtherTag ID="TYPE_33" LABEL="MarginTextZone-Notes-Continued"/>
        <OtherTag ID="TYPE_34" LABEL="MainZone-Lg-Continued"/>
        <OtherTag ID="TYPE_35" LABEL="StampZone"/>
        <OtherTag ID="TYPE_36" LABEL="MainZone-Entry-Continued"/>
        <OtherTag ID="TYPE_37" LABEL="MainZone-List-Continued"/>
        <OtherTag ID="TYPE_38" LABEL="MainZone-Head"/>
        <OtherTag ID="TYPE_39" LABEL="MainZone-Sp-Continued"/>
        <OtherTag ID="TYPE_40" LABEL="RunningTitleZone"/>
        <OtherTag ID="TYPE_41" LABEL="FigureZone-Head"/>
        <OtherTag ID="TYPE_42" LABEL="StampZone-Sticker"/>
    </Tags>
    <Layout>
        <Page WIDTH="1000" HEIGHT="1448" PHYSICAL_IMG_NR="0" ID="page_0">
            <PrintSpace HPOS="0" VPOS="0" WIDTH="1000" HEIGHT="1448">
                <TextBlock ID="block_3" HPOS="584" VPOS="79" WIDTH="48" HEIGHT="38" TAGREFS="TYPE_14">
                    <Shape>
                        <Polygon POINTS="584.2094116210938 79.36904907226562 632.1115112304688 79.36904907226562 632.1115112304688 117.49556732177734 584.2094116210938 117.49556732177734 584.2094116210938 79.36904907226562"/>
                    </Shape>
                    <TextLine ID="line_0" HPOS="588" VPOS="68" WIDTH="37" HEIGHT="56" BASELINE="588 106 625 106" TAGREFS="TYPE_1">
                        <Shape>
                            <Polygon POINTS="588 106 588 124 625 124 625 106 625 70 615 68 614 68 613 68 613 68 588 77 588 106"/>
                        </Shape>
                        <String CONTENT=""/>
                    </TextLine>
</TextBlock>
                <TextBlock ID="block_6" HPOS="242" VPOS="75" WIDTH="177" HEIGHT="34" TAGREFS="TYPE_40">
                    <Shape>
                        <Polygon POINTS="242.13021850585938 75.38735961914062 419.8296813964844 75.38735961914062 419.8296813964844 109.75835418701172 242.13021850585938 109.75835418701172 242.13021850585938 75.38735961914062"/>
                    </Shape>
                    <TextLine ID="line_1" HPOS="242" VPOS="93" WIDTH="178" HEIGHT="15" BASELINE="243 99 420 100" TAGREFS="TYPE_1">
                        <Shape>
                            <Polygon POINTS="419 93 411 93 403 93 395 93 387 93 379 93 371 93 363 93 355 93 347 93 339 93 331 93 323 93 315 93 307 93 299 93 291 93 283 93 275 93 267 93 259 93 251 93 243 93 243 99 242 108 419 108 420 100 420 93 419 93"/>
                        </Shape>
                        <String CONTENT=""/>
                    </TextLine>
</TextBlock>
                <TextBlock ID="block_4" HPOS="49" VPOS="115" WIDTH="579" HEIGHT="263" TAGREFS="TYPE_18">
                    <Shape>
                        <Polygon POINTS="49.50498580932617 115.2886962890625 628.3180541992188 115.2886962890625 628.3180541992188 378.1509094238281 49.50498580932617 378.1509094238281 49.50498580932617 115.2886962890625"/>
                    </Shape>
                    <TextLine ID="line_2" HPOS="49" VPOS="107" WIDTH="576" HEIGHT="47" BASELINE="49 137 625 143" TAGREFS="TYPE_1">
                        <Shape>
                            <Polygon POINTS="49 137 49 147 212 147 217 149 219 151 220 151 221 151 222 151 242 150 295 146 333 151 337 151 337 151 340 151 370 147 407 147 414 152 415 152 415 152 416 152 417 152 423 152 449 148 484 152 485 152 522 148 539 153 543 154 543 154 544 154 553 153 599 149 624 154 625 143 625 122 602 117 601 117 539 119 509 120 506 119 496 112 495 112 494 112 493 112 469 118 465 119 464 118 457 112 457 111 456 111 456 111 436 111 436 111 435 111 434 111 427 116 423 119 409 116 399 114 398 114 388 115 374 119 369 115 365 111 364 111 363 111 362 111 362 111 352 115 340 119 297 115 296 115 245 118 221 111 212 109 211 109 210 109 209 109 205 111 200 114 156 110 145 109 144 109 144 109 142 109 126 115 102 108 101 108 100 108 49 107 49 137"/>
                        </Shape>
                        <String CONTENT=""/>
                    </TextLine>

                    <TextLine ID="line_3" HPOS="51" VPOS="144" WIDTH="577" HEIGHT="42" BASELINE="51 169 628 172" TAGREFS="TYPE_1">
                        <Shape>
                            <Polygon POINTS="51 169 51 183 80 179 89 183 90 184 91 184 92 184 93 184 95 183 112 179 174 183 195 185 196 185 279 185 279 185 279 185 284 183 296 180 369 183 399 185 399 185 400 185 403 183 410 181 530 181 541 183 556 186 557 186 627 183 628 172 628 154 539 154 533 152 511 147 510 147 510 147 492 152 485 153 481 151 474 146 473 146 473 146 432 146 432 146 431 146 430 146 425 150 409 146 408 146 407 146 407 146 406 146 402 150 398 153 378 153 374 149 370 146 370 146 369 146 339 145 338 145 337 145 330 148 325 152 305 152 299 148 294 145 293 145 292 145 266 145 265 145 264 145 259 148 250 152 246 148 245 148 244 148 243 148 242 148 230 152 161 152 154 146 152 144 152 144 151 144 150 144 141 145 110 151 88 144 86 144 86 144 51 144 51 169"/>
                        </Shape>
                        <String CONTENT=""/>
                    </TextLine>

                    <TextLine ID="line_4" HPOS="49" VPOS="176" WIDTH="580" HEIGHT="44" BASELINE="50 201 629 206" TAGREFS="TYPE_1">
                        <Shape>
                            <Polygon POINTS="50 201 49 211 80 214 81 214 98 212 117 209 123 213 125 214 126 214 127 214 127 214 159 213 185 212 193 213 205 216 206 216 217 213 230 211 258 214 272 216 273 216 274 216 275 216 276 214 283 211 325 211 345 216 353 218 354 218 368 216 398 212 414 217 417 218 418 218 419 218 419 218 422 217 435 212 497 212 534 218 542 219 543 219 547 218 569 213 576 219 576 219 577 219 578 220 628 220 629 206 628 182 534 185 527 181 526 180 525 180 524 180 523 180 511 181 480 185 449 181 436 179 435 179 434 179 429 181 418 185 344 185 322 184 318 180 316 178 316 178 315 178 314 178 301 180 274 183 269 179 268 178 267 178 267 178 266 178 234 179 148 182 140 178 136 176 135 176 135 176 134 176 128 178 120 181 112 178 106 176 105 176 104 176 103 176 102 176 100 178 94 181 50 178 50 201"/>
                        </Shape>
                        <String CONTENT=""/>
                    </TextLine>

                    <TextLine ID="line_5" HPOS="51" VPOS="209" WIDTH="576" HEIGHT="41" BASELINE="52 234 627 238" TAGREFS="TYPE_1">
                        <Shape>
                            <Polygon POINTS="52 234 51 243 102 248 103 248 104 248 115 244 118 242 185 242 189 244 199 249 200 249 201 249 201 249 219 244 222 243 224 244 236 248 237 248 238 248 319 244 338 243 341 244 349 250 350 250 351 250 352 250 469 249 469 249 482 244 483 244 484 244 499 250 500 250 501 250 502 250 517 245 534 250 534 250 535 250 571 246 600 250 601 250 626 244 627 238 626 218 564 212 563 212 532 218 530 218 527 218 500 212 499 212 498 212 487 218 485 218 485 218 469 211 469 211 468 211 467 211 448 217 448 217 423 211 423 211 422 211 400 217 399 217 399 217 386 211 386 211 385 211 362 217 361 217 359 217 340 210 339 210 299 210 298 210 297 210 296 210 290 216 289 217 222 217 221 216 215 211 215 210 214 210 213 210 193 209 193 209 192 209 174 214 136 209 135 209 103 215 101 215 100 215 89 209 88 209 87 209 86 209 86 209 79 215 52 215 52 234"/>
                        </Shape>
                        <String CONTENT=""/>
                    </TextLine>

                    <TextLine ID="line_6" HPOS="50" VPOS="239" WIDTH="576" HEIGHT="42" BASELINE="50 267 626 271" TAGREFS="TYPE_1">
                        <Shape>
                            <Polygon POINTS="50 267 50 275 229 275 239 276 283 280 284 280 285 280 294 276 295 276 303 280 304 280 304 280 305 280 306 280 310 276 311 276 385 276 386 277 395 281 396 281 397 281 625 278 626 271 625 249 598 245 597 245 596 245 590 248 588 249 584 248 561 242 560 242 559 242 544 247 539 249 533 247 511 242 510 242 510 242 509 242 497 246 491 242 490 242 489 242 489 242 465 246 436 242 436 242 435 242 421 246 412 248 410 246 407 243 406 243 405 243 404 243 379 246 358 247 352 245 341 241 341 241 340 241 295 244 265 247 231 247 226 243 218 240 218 240 217 240 200 243 182 246 165 242 149 239 130 239 129 239 128 239 127 239 127 240 124 242 120 246 90 246 82 242 78 239 78 239 77 239 76 239 50 241 50 267"/>
                        </Shape>
                        <String CONTENT=""/>
                    </TextLine>

                    <TextLine ID="line_7" HPOS="49" VPOS="272" WIDTH="575" HEIGHT="44" BASELINE="49 298 624 304" TAGREFS="TYPE_1">
                        <Shape>
                            <Polygon POINTS="49 298 49 306 153 308 153 308 159 312 160 312 160 312 161 312 203 308 210 308 218 309 256 313 257 313 276 310 281 309 284 310 295 314 296 314 296 314 313 311 317 310 329 311 378 315 378 316 623 316 624 304 623 277 580 276 580 276 579 276 577 276 561 281 539 276 532 275 531 275 522 276 497 280 473 276 460 275 459 275 458 275 453 276 444 279 433 276 427 275 426 275 425 275 416 276 401 279 379 276 361 274 360 274 347 276 336 279 327 276 318 274 317 274 316 274 316 274 308 276 300 279 214 279 207 276 194 272 193 272 193 272 49 275 49 298"/>
                        </Shape>
                        <String CONTENT=""/>
                    </TextLine>

                    <TextLine ID="line_8" HPOS="49" VPOS="306" WIDTH="576" HEIGHT="43" BASELINE="49 331 625 334" TAGREFS="TYPE_1">
                        <Shape>
                            <Polygon POINTS="49 331 49 339 79 341 87 347 88 347 89 347 90 347 90 347 111 341 121 341 162 341 163 341 167 345 168 345 168 345 169 345 189 341 193 341 199 341 242 347 242 347 243 347 259 341 261 341 264 341 292 347 293 347 294 347 304 342 306 341 308 342 321 348 322 348 372 349 373 349 411 345 424 349 425 349 426 349 494 345 508 344 518 345 557 349 558 349 625 345 625 334 625 314 585 308 584 308 584 308 567 312 556 308 555 308 555 308 554 308 542 312 539 313 530 312 505 309 504 309 503 309 493 312 486 313 481 312 472 308 471 308 470 308 469 308 469 308 465 312 462 313 426 313 419 311 406 308 405 308 404 308 375 310 350 312 341 310 333 307 332 307 331 307 273 308 193 312 185 308 181 306 181 306 180 306 179 306 173 308 160 311 135 307 127 306 127 306 119 307 81 311 49 306 49 331"/>
                        </Shape>
                        <String CONTENT=""/>
                    </TextLine>

                    <TextLine ID="line_9" HPOS="49" VPOS="338" WIDTH="376" HEIGHT="44" BASELINE="49 364 425 367" TAGREFS="TYPE_1">
                        <Shape>
                            <Polygon POINTS="49 364 49 376 95 372 155 376 166 377 167 377 168 377 171 376 183 373 189 376 197 380 198 380 247 381 248 381 249 381 250 381 256 375 258 374 262 375 274 380 275 380 275 380 300 375 307 374 308 375 316 381 316 381 317 381 365 382 366 382 366 382 384 374 392 379 393 379 394 379 395 379 424 374 425 367 424 347 383 347 382 346 367 341 366 341 366 341 337 345 336 345 331 345 233 339 205 339 204 339 203 339 192 344 189 345 155 345 152 343 144 338 144 338 143 338 119 338 119 338 118 338 117 338 111 342 109 344 49 342 49 364"/>
                        </Shape>
                        <String CONTENT=""/>
                    </TextLine>
</TextBlock>
                <TextBlock ID="block_0" HPOS="49" VPOS="377" WIDTH="579" HEIGHT="129" TAGREFS="TYPE_9">
                    <Shape>
                        <Polygon POINTS="49.15717697143555 377.0534973144531 628.4560546875 377.0534973144531 628.4560546875 506.0404052734375 49.15717697143555 506.0404052734375 49.15717697143555 377.0534973144531"/>
                    </Shape>
                    <TextLine ID="line_10" HPOS="82" VPOS="371" WIDTH="543" HEIGHT="42" BASELINE="82 397 625 399" TAGREFS="TYPE_1">
                        <Shape>
                            <Polygon POINTS="82 397 82 407 122 412 123 412 151 407 155 407 160 407 194 412 195 412 232 408 246 407 283 407 288 409 294 412 295 412 296 412 296 412 303 409 307 407 319 410 335 412 336 412 361 410 371 409 373 410 378 413 378 413 379 413 380 413 381 413 389 410 395 408 401 411 408 413 409 413 410 413 443 411 469 409 476 411 482 413 483 413 484 413 485 413 485 413 487 411 491 408 506 411 515 413 516 413 625 412 625 399 625 378 604 372 604 372 559 372 559 372 558 372 547 378 547 378 520 378 519 378 508 372 507 372 489 372 489 372 488 372 487 372 479 378 478 378 440 372 440 372 415 376 390 372 390 372 359 378 356 378 349 378 299 373 298 373 297 373 283 376 271 371 271 371 270 371 241 377 240 377 239 377 190 371 168 371 167 371 166 371 165 371 159 377 158 377 156 377 128 373 127 373 109 377 108 377 107 377 102 372 102 371 101 371 100 371 99 371 98 371 82 376 82 397"/>
                        </Shape>
                        <String CONTENT=""/>
                    </TextLine>

                    <TextLine ID="line_11" HPOS="49" VPOS="407" WIDTH="577" HEIGHT="38" BASELINE="49 427 626 431" TAGREFS="TYPE_1">
                        <Shape>
                            <Polygon POINTS="500 409 492 409 484 409 476 409 468 409 460 409 452 409 444 409 436 409 427 409 419 409 411 409 403 409 395 409 387 409 379 409 371 409 363 409 355 409 347 409 339 409 331 409 323 409 315 409 307 409 299 409 291 409 283 409 275 409 267 409 259 409 251 409 242 409 234 409 226 409 218 409 210 409 202 409 194 409 186 409 178 409 170 409 162 409 154 409 146 409 138 409 130 409 122 409 114 409 106 409 98 409 90 409 82 409 74 409 65 409 57 409 49 409 49 427 49 436 164 443 165 443 300 440 304 444 305 444 306 444 307 444 343 444 343 444 365 440 396 444 397 444 502 441 561 445 562 445 625 440 626 431 626 408 500 407 500 409"/>
                        </Shape>
                        <String CONTENT=""/>
                    </TextLine>

                    <TextLine ID="line_12" HPOS="46" VPOS="435" WIDTH="579" HEIGHT="41" BASELINE="47 461 625 464" TAGREFS="TYPE_1">
                        <Shape>
                            <Polygon POINTS="47 461 46 472 624 476 625 464 625 443 481 437 480 437 479 437 473 440 470 442 362 442 358 439 357 437 356 437 355 437 354 437 353 437 349 439 341 441 328 438 317 436 316 436 275 437 192 440 174 436 171 436 170 436 169 436 168 436 168 436 168 436 161 440 119 436 117 436 116 436 115 436 95 440 90 436 90 436 89 436 88 436 87 436 78 439 47 435 47 461"/>
                        </Shape>
                        <String CONTENT=""/>
                    </TextLine>

                    <TextLine ID="line_13" HPOS="49" VPOS="468" WIDTH="420" HEIGHT="41" BASELINE="49 494 469 496" TAGREFS="TYPE_1">
                        <Shape>
                            <Polygon POINTS="49 494 49 502 91 508 92 508 201 504 207 508 208 508 209 508 271 509 272 509 273 509 282 505 344 505 351 509 352 509 353 509 353 509 373 505 452 509 452 509 453 509 469 504 469 496 469 475 423 474 416 469 415 469 415 469 414 469 413 469 399 474 392 469 391 469 390 469 390 469 389 469 375 473 316 469 316 469 315 469 300 474 297 474 296 474 279 469 279 469 278 469 247 473 229 468 228 468 227 468 172 473 169 473 167 473 131 468 131 468 49 473 49 494"/>
                        </Shape>
                        <String CONTENT=""/>
                    </TextLine>
</TextBlock>
                <TextBlock ID="block_1" HPOS="42" VPOS="508" WIDTH="585" HEIGHT="534" TAGREFS="TYPE_9">
                    <Shape>
                        <Polygon POINTS="42.621925354003906 508.1476135253906 627.8571166992188 508.1476135253906 627.8571166992188 1042.4954833984375 42.621925354003906 1042.4954833984375 42.621925354003906 508.1476135253906"/>
                    </Shape>
                    <TextLine ID="line_14" HPOS="68" VPOS="499" WIDTH="558" HEIGHT="44" BASELINE="69 527 626 529" TAGREFS="TYPE_1">
                        <Shape>
                            <Polygon POINTS="69 527 68 534 93 542 94 542 94 542 95 542 106 536 141 542 142 543 214 543 214 542 215 542 231 536 246 542 247 542 248 543 279 543 279 542 280 542 299 536 347 536 437 543 438 543 485 538 501 543 502 543 502 543 533 538 565 543 566 543 625 536 626 529 625 508 518 501 517 501 516 501 515 501 515 501 510 505 508 507 493 505 467 502 466 502 447 505 428 507 419 504 409 501 408 501 407 501 407 501 397 504 387 507 377 504 368 501 367 501 366 501 366 501 358 503 347 507 322 503 305 500 281 500 280 500 279 500 274 502 263 507 239 507 231 501 230 501 230 501 229 501 228 501 227 501 226 501 226 501 222 505 205 501 205 501 173 506 168 502 167 502 166 502 165 502 164 502 156 506 143 500 142 500 141 500 140 500 138 500 99 505 69 499 69 527"/>
                        </Shape>
                        <String CONTENT=""/>
                    </TextLine>

                    <TextLine ID="line_15" HPOS="45" VPOS="531" WIDTH="577" HEIGHT="43" BASELINE="45 559 622 563" TAGREFS="TYPE_1">
                        <Shape>
                            <Polygon POINTS="45 559 45 568 49 571 50 571 51 571 200 572 201 572 201 572 202 572 208 568 209 568 218 569 257 572 258 572 259 572 270 570 275 568 279 570 289 573 290 573 291 573 344 571 376 569 403 571 432 574 432 574 454 572 479 570 621 574 622 563 622 541 596 534 596 534 595 534 594 534 581 541 580 542 513 542 508 540 488 534 487 534 486 534 436 538 419 534 418 534 417 534 416 534 403 537 309 533 308 533 308 533 300 537 297 538 292 537 284 534 283 534 283 534 282 534 281 534 279 537 275 539 256 536 228 532 227 532 205 535 186 538 130 538 123 534 116 531 115 531 115 531 114 531 106 534 95 538 78 538 73 534 70 531 69 531 69 531 68 531 45 533 45 559"/>
                        </Shape>
                        <String CONTENT=""/>
                    </TextLine>

                    <TextLine ID="line_16" HPOS="47" VPOS="565" WIDTH="578" HEIGHT="39" BASELINE="47 592 625 593" TAGREFS="TYPE_1">
                        <Shape>
                            <Polygon POINTS="47 592 47 604 625 602 625 593 625 571 588 566 587 566 526 567 525 567 517 571 498 566 497 566 497 566 496 566 479 571 477 571 473 571 407 566 407 566 383 571 382 571 381 571 376 566 375 566 374 566 374 566 316 570 283 565 282 565 254 570 253 570 251 570 192 566 191 566 160 570 157 570 156 570 144 565 144 565 143 565 142 565 133 570 132 570 129 570 94 565 94 565 47 569 47 592"/>
                        </Shape>
                        <String CONTENT=""/>
                    </TextLine>

                    <TextLine ID="line_17" HPOS="44" VPOS="598" WIDTH="578" HEIGHT="37" BASELINE="44 624 622 625" TAGREFS="TYPE_1">
                        <Shape>
                            <Polygon POINTS="44 624 44 635 621 634 622 625 622 605 541 605 540 604 533 599 532 599 531 599 530 599 504 603 492 600 491 600 490 600 489 600 489 600 481 604 481 604 480 604 468 599 467 599 466 599 440 604 436 604 420 604 333 598 333 598 44 601 44 624"/>
                        </Shape>
                        <String CONTENT=""/>
                    </TextLine>

                    <TextLine ID="line_18" HPOS="44" VPOS="629" WIDTH="579" HEIGHT="41" BASELINE="44 655 623 658" TAGREFS="TYPE_1">
                        <Shape>
                            <Polygon POINTS="44 655 44 667 299 665 307 669 308 669 308 669 309 669 316 669 374 666 456 670 470 670 471 670 472 670 473 670 478 666 502 670 510 670 510 670 522 670 559 666 621 670 623 658 622 637 597 632 510 632 509 632 485 636 477 637 462 636 427 633 427 633 426 633 419 635 417 636 416 635 411 631 411 631 410 631 409 631 386 635 382 635 377 635 342 631 341 631 341 631 340 631 336 634 333 636 321 634 304 632 303 632 302 632 294 634 290 635 288 634 284 630 283 630 283 630 282 630 266 633 259 635 234 633 184 629 183 629 44 631 44 655"/>
                        </Shape>
                        <String CONTENT=""/>
                    </TextLine>

                    <TextLine ID="line_19" HPOS="42" VPOS="662" WIDTH="581" HEIGHT="41" BASELINE="43 690 623 693" TAGREFS="TYPE_1">
                        <Shape>
                            <Polygon POINTS="43 690 42 695 53 701 53 701 54 702 89 702 89 701 90 701 90 701 96 697 123 701 124 701 176 698 187 702 188 702 189 702 267 698 267 698 268 698 297 702 298 702 342 699 349 703 349 703 350 703 351 703 389 699 392 699 401 699 512 703 513 703 622 700 623 693 622 671 588 664 587 664 535 670 533 670 532 670 520 664 519 664 518 664 518 664 506 670 505 671 478 671 435 670 435 670 415 663 414 663 333 663 332 663 331 663 316 669 311 664 310 664 309 664 284 662 283 662 247 669 246 669 245 669 229 663 228 663 227 663 206 667 155 662 154 662 117 668 115 668 113 668 83 663 82 663 43 667 43 690"/>
                        </Shape>
                        <String CONTENT=""/>
                    </TextLine>

                    <TextLine ID="line_20" HPOS="41" VPOS="695" WIDTH="583" HEIGHT="39" BASELINE="42 721 624 724" TAGREFS="TYPE_1">
                        <Shape>
                            <Polygon POINTS="42 721 41 732 622 734 624 724 623 697 544 703 536 697 535 697 534 697 511 697 510 697 510 697 509 697 499 703 482 703 475 698 474 696 473 696 473 696 472 696 403 697 402 697 399 698 388 702 379 698 375 696 374 696 374 696 362 698 345 702 273 702 264 699 256 696 255 696 255 696 230 699 209 701 204 699 199 697 198 697 197 697 175 699 161 700 158 699 148 695 147 695 146 695 42 699 42 721"/>
                        </Shape>
                        <String CONTENT=""/>
                    </TextLine>

                    <TextLine ID="line_21" HPOS="41" VPOS="727" WIDTH="580" HEIGHT="42" BASELINE="41 755 621 758" TAGREFS="TYPE_1">
                        <Shape>
                            <Polygon POINTS="41 761 65 766 66 766 151 763 163 763 168 763 195 767 196 767 283 765 330 764 342 765 357 768 358 768 394 766 430 765 619 769 621 758 619 732 596 737 536 737 518 731 517 731 516 731 515 731 514 731 507 737 477 737 420 736 406 729 405 729 404 729 403 729 403 729 401 729 382 736 349 736 333 729 331 728 330 728 329 728 325 729 296 735 280 729 279 729 244 728 234 728 233 728 232 728 208 735 186 728 185 728 185 728 125 728 82 728 81 728 80 728 68 733 42 727 41 755 41 761"/>
                        </Shape>
                        <String CONTENT=""/>
                    </TextLine>

                    <TextLine ID="line_22" HPOS="41" VPOS="760" WIDTH="578" HEIGHT="41" BASELINE="41 786 619 790" TAGREFS="TYPE_1">
                        <Shape>
                            <Polygon POINTS="41 786 41 794 617 801 619 790 619 769 602 762 601 762 600 762 600 762 577 769 528 762 527 762 526 762 526 762 518 769 517 769 504 769 502 769 491 764 490 764 489 764 448 767 436 761 436 761 435 761 416 765 382 761 382 761 313 761 312 761 312 761 312 762 306 767 295 761 294 761 293 761 250 766 226 760 225 760 224 760 160 761 160 761 159 761 153 765 41 765 41 786"/>
                        </Shape>
                        <String CONTENT=""/>
                    </TextLine>

                    <TextLine ID="line_23" HPOS="40" VPOS="792" WIDTH="577" HEIGHT="43" BASELINE="41 819 617 822" TAGREFS="TYPE_1">
                        <Shape>
                            <Polygon POINTS="41 819 40 827 60 833 61 833 61 833 62 833 79 828 102 833 102 833 139 828 145 827 169 827 171 828 181 833 182 833 183 834 218 834 218 833 218 833 219 833 227 828 228 827 234 828 258 831 259 831 290 828 292 828 300 832 301 832 302 832 399 828 407 828 407 828 427 835 427 835 428 835 491 835 491 835 492 835 493 835 497 830 594 835 595 835 596 835 617 828 617 822 617 798 537 795 536 795 506 798 488 799 485 798 480 793 479 793 478 793 456 793 456 793 426 798 417 798 414 798 403 793 402 793 364 793 363 793 333 798 322 798 312 797 278 793 277 793 246 797 234 798 231 797 225 792 224 792 223 792 222 792 172 797 160 798 122 798 119 797 111 793 111 793 110 793 82 797 74 798 72 797 65 792 64 792 63 792 62 792 41 796 41 819"/>
                        </Shape>
                        <String CONTENT=""/>
                    </TextLine>

                    <TextLine ID="line_24" HPOS="37" VPOS="837" WIDTH="582" HEIGHT="30" BASELINE="38 851 619 855" TAGREFS="TYPE_1">
                        <Shape>
                            <Polygon POINTS="497 851 489 851 481 851 473 851 465 851 456 851 448 851 440 851 432 851 424 851 416 851 408 851 400 851 392 851 384 851 376 851 368 851 360 851 352 851 344 851 336 851 328 851 320 851 312 851 304 851 296 851 288 851 279 851 271 851 263 851 255 851 247 851 239 851 231 851 223 851 215 851 207 851 199 851 191 851 183 851 175 851 167 851 159 851 151 851 143 851 135 851 127 851 119 851 111 851 102 851 94 851 86 851 78 851 70 851 62 851 54 851 46 851 38 851 38 851 37 859 143 863 144 863 144 863 156 860 170 865 171 865 172 865 197 861 204 866 205 866 205 866 206 866 207 866 218 861 317 861 332 867 333 867 333 867 334 867 352 862 370 867 370 867 371 867 454 867 454 867 455 867 474 862 525 867 526 867 618 862 619 855 618 837 521 837 520 837 519 837 518 837 498 843 497 851"/>
                        </Shape>
                        <String CONTENT=""/>
                    </TextLine>

                    <TextLine ID="line_25" HPOS="37" VPOS="857" WIDTH="584" HEIGHT="43" BASELINE="37 883 621 886" TAGREFS="TYPE_1">
                        <Shape>
                            <Polygon POINTS="37 883 37 892 45 896 45 896 46 896 78 892 83 892 86 892 103 896 104 896 105 896 130 892 135 892 144 892 185 896 186 896 187 896 195 892 196 892 206 896 207 896 208 896 282 892 296 892 296 893 305 897 306 897 307 897 374 893 378 893 379 893 390 898 391 898 392 898 413 893 414 893 419 897 420 897 421 897 477 899 477 900 569 900 569 899 570 899 583 894 584 894 584 894 609 899 609 899 610 899 621 894 621 886 621 864 574 860 573 860 539 863 530 864 529 863 524 859 523 859 522 859 494 859 493 859 493 859 492 859 487 863 486 863 469 859 468 859 467 859 466 859 465 859 460 863 460 864 380 864 374 863 351 859 350 859 349 859 333 863 329 863 320 863 278 858 277 858 254 863 251 863 250 863 240 858 239 858 238 858 238 858 222 862 168 857 167 857 37 861 37 883"/>
                        </Shape>
                        <String CONTENT=""/>
                    </TextLine>

                    <TextLine ID="line_26" HPOS="38" VPOS="889" WIDTH="584" HEIGHT="41" BASELINE="39 917 622 919" TAGREFS="TYPE_1">
                        <Shape>
                            <Polygon POINTS="39 917 38 923 69 929 70 929 191 925 224 925 234 925 252 929 253 929 282 926 297 925 300 926 304 929 304 929 305 929 306 930 348 930 348 929 349 929 353 927 358 925 360 927 362 929 363 929 364 929 365 929 374 928 381 926 475 929 532 930 533 930 534 930 535 929 542 926 621 930 622 919 622 898 600 897 592 891 592 891 591 891 590 891 589 891 570 896 543 891 543 891 499 896 493 897 489 896 475 893 474 893 473 893 442 896 428 897 423 896 403 890 403 890 402 890 378 895 353 891 353 891 352 891 351 891 345 896 343 896 334 896 297 890 237 890 236 890 235 890 227 894 224 896 193 896 189 894 180 889 179 889 178 889 147 894 143 894 142 894 132 889 131 889 131 889 130 889 129 889 124 893 122 896 114 893 99 889 98 889 98 889 97 889 86 893 80 896 39 893 39 917"/>
                        </Shape>
                        <String CONTENT=""/>
                    </TextLine>

                    <TextLine ID="line_27" HPOS="42" VPOS="923" WIDTH="579" HEIGHT="40" BASELINE="42 949 621 951" TAGREFS="TYPE_1">
                        <Shape>
                            <Polygon POINTS="42 949 42 961 72 957 208 957 215 961 216 962 217 962 218 962 218 962 248 961 322 958 336 960 346 962 347 962 363 960 382 958 391 960 399 962 399 962 400 962 401 962 402 962 405 960 410 958 419 960 432 963 432 963 433 963 460 960 469 959 470 960 477 963 477 963 478 963 620 959 621 951 619 926 539 929 504 926 485 925 485 925 468 926 438 929 427 926 418 924 417 924 416 924 415 924 415 924 411 926 408 928 400 926 385 924 384 924 383 924 375 926 368 929 314 929 312 927 308 924 308 924 307 924 306 924 267 927 251 928 242 927 219 924 218 924 197 927 191 928 185 927 166 923 165 923 142 927 138 928 136 927 131 923 131 923 130 923 89 923 88 923 87 923 86 923 80 927 78 928 42 928 42 949"/>
                        </Shape>
                        <String CONTENT=""/>
                    </TextLine>

                    <TextLine ID="line_28" HPOS="39" VPOS="955" WIDTH="578" HEIGHT="42" BASELINE="40 980 617 983" TAGREFS="TYPE_1">
                        <Shape>
                            <Polygon POINTS="40 980 39 991 94 995 94 995 95 995 102 991 106 990 143 990 145 991 148 995 149 995 150 995 151 995 193 995 193 995 193 995 194 995 199 991 203 990 228 990 233 991 244 995 245 995 246 996 284 996 284 995 333 991 343 991 348 991 368 995 369 995 394 991 395 991 396 991 493 996 493 996 535 991 543 996 544 996 545 996 546 997 604 997 604 996 604 996 616 991 617 983 615 957 584 964 541 964 528 957 527 957 526 957 526 957 504 958 438 960 431 958 424 956 423 956 423 956 387 958 362 960 357 958 349 956 348 956 347 956 346 956 345 956 341 958 335 963 296 963 288 959 280 956 279 956 279 956 278 956 271 959 265 962 211 962 208 960 201 955 201 955 200 955 146 955 145 955 144 955 144 955 138 960 135 962 113 962 111 961 102 955 102 955 101 955 100 955 99 955 98 955 90 961 87 962 40 962 40 980"/>
                        </Shape>
                        <String CONTENT=""/>
                    </TextLine>

                    <TextLine ID="line_29" HPOS="39" VPOS="988" WIDTH="580" HEIGHT="45" BASELINE="40 1016 619 1014" TAGREFS="TYPE_1">
                        <Shape>
                            <Polygon POINTS="40 1016 40 1033 126 1026 157 1026 163 1032 164 1032 164 1032 165 1032 166 1032 167 1032 175 1026 207 1026 216 1031 218 1032 218 1032 219 1032 220 1033 255 1033 255 1032 256 1032 257 1032 259 1030 262 1028 271 1030 288 1032 288 1032 289 1032 290 1032 293 1030 300 1025 329 1025 363 1028 394 1032 395 1032 425 1028 439 1026 447 1028 469 1032 469 1032 516 1026 521 1026 522 1026 537 1031 538 1031 539 1031 539 1031 540 1031 547 1026 547 1025 586 1025 596 1030 597 1030 598 1030 599 1030 619 1024 619 1014 617 995 551 990 551 990 550 990 535 994 534 994 534 994 519 988 518 988 518 988 493 994 490 994 485 994 452 989 451 989 450 989 440 993 437 994 436 993 423 988 422 988 421 988 420 988 402 993 398 994 392 993 370 989 369 989 368 989 355 993 351 994 350 993 345 989 345 988 345 988 344 988 343 988 324 992 319 994 317 992 313 989 312 989 312 989 292 989 292 989 291 989 280 992 272 995 243 992 224 991 223 991 222 991 217 992 206 995 195 992 184 989 183 989 182 989 39 991 40 1016"/>
                        </Shape>
                        <String CONTENT=""/>
                    </TextLine>
</TextBlock>
                <TextBlock ID="block_2" HPOS="28" VPOS="1057" WIDTH="596" HEIGHT="121" TAGREFS="TYPE_9">
                    <Shape>
                        <Polygon POINTS="28.30767250061035 1057.5057373046875 624.277099609375 1057.5057373046875 624.277099609375 1178.5128173828125 28.30767250061035 1178.5128173828125 28.30767250061035 1057.5057373046875"/>
                    </Shape>
                    <TextLine ID="line_30" HPOS="75" VPOS="1053" WIDTH="545" HEIGHT="40" BASELINE="76 1085 620 1083" TAGREFS="TYPE_1">
                        <Shape>
                            <Polygon POINTS="76 1085 76 1093 619 1092 620 1083 617 1058 572 1061 567 1057 564 1056 563 1056 563 1056 489 1053 489 1053 488 1053 476 1057 467 1061 417 1061 399 1057 382 1053 381 1053 380 1053 366 1057 358 1059 349 1057 329 1054 329 1054 328 1054 317 1057 301 1062 290 1057 283 1054 282 1054 281 1054 280 1054 279 1054 276 1057 269 1063 252 1063 242 1057 238 1055 237 1055 236 1055 221 1057 213 1058 203 1057 177 1054 176 1054 176 1054 168 1057 156 1063 116 1063 110 1057 106 1054 106 1054 105 1054 104 1054 75 1057 76 1085"/>
                        </Shape>
                        <String CONTENT=""/>
                    </TextLine>

                    <TextLine ID="line_31" HPOS="37" VPOS="1090" WIDTH="579" HEIGHT="51" BASELINE="37 1121 616 1123" TAGREFS="TYPE_1">
                        <Shape>
                            <Polygon POINTS="37 1121 37 1131 115 1131 116 1131 132 1139 133 1139 134 1139 193 1131 198 1131 201 1131 230 1139 230 1139 231 1139 294 1135 301 1139 302 1139 303 1139 304 1139 359 1135 366 1139 366 1139 367 1139 426 1140 427 1140 427 1140 428 1140 440 1133 540 1133 541 1133 549 1140 550 1140 551 1140 551 1141 565 1141 565 1140 566 1140 567 1140 575 1135 584 1139 585 1139 586 1139 615 1133 616 1123 616 1100 599 1095 598 1095 597 1095 596 1095 580 1100 579 1100 572 1094 571 1094 570 1094 522 1093 521 1093 520 1093 502 1098 497 1100 489 1098 464 1093 463 1093 462 1093 451 1098 445 1101 423 1101 411 1097 395 1092 395 1092 394 1092 358 1096 327 1100 287 1100 263 1094 253 1092 230 1092 229 1092 228 1092 227 1092 226 1094 218 1098 144 1094 144 1094 88 1098 78 1091 77 1091 76 1091 37 1090 37 1121"/>
                        </Shape>
                        <String CONTENT=""/>
                    </TextLine>

                    <TextLine ID="line_32" HPOS="37" VPOS="1131" WIDTH="398" HEIGHT="54" BASELINE="37 1161 435 1160" TAGREFS="TYPE_1">
                        <Shape>
                            <Polygon POINTS="37 1161 37 1185 94 1184 94 1184 113 1174 168 1174 173 1179 173 1180 174 1180 175 1180 181 1181 202 1184 203 1184 242 1184 242 1184 243 1184 244 1184 251 1179 254 1176 259 1178 274 1184 275 1184 275 1184 303 1184 303 1184 304 1184 323 1176 332 1173 378 1173 380 1174 385 1179 385 1180 386 1180 386 1180 387 1180 388 1180 389 1180 397 1174 423 1177 424 1177 425 1177 435 1172 435 1160 433 1138 389 1132 388 1132 387 1132 371 1137 370 1138 309 1138 308 1136 304 1132 304 1131 303 1131 302 1131 247 1131 246 1131 246 1131 236 1136 232 1139 143 1139 135 1135 128 1132 127 1132 127 1132 37 1134 37 1161"/>
                        </Shape>
                        <String CONTENT=""/>
                    </TextLine>
</TextBlock>
            </PrintSpace>
        </Page>
    </Layout>
</alto>