<?xml version="1.0" encoding="UTF-8"?>
<alto xmlns:xsi="http://www.w3.org/2001/XMLSchema-instance"
    xmlns="http://www.loc.gov/standards/alto/ns-v4#"
    xsi:schemaLocation="http://www.loc.gov/standards/alto/ns-v4# http://www.loc.gov/standards/alto/v4/alto-4-3.xsd">
    <Description>
        <MeasurementUnit>pixel</MeasurementUnit>
        <sourceImageInformation>
            <fileName>2013292.jpeg</fileName>
        </sourceImageInformation>
        <Processing ID="OCR_0">
            <processingCategory>other</processingCategory>
            <processingStepDescription>unknown</processingStepDescription>
            <processingSoftware>
                <softwareName>kraken</softwareName>
                <softwareVersion>4.3.13</softwareVersion>
            </processingSoftware>
        </Processing>
    </Description>
    <Tags>
        <OtherTag ID="TYPE_1" LABEL="DefaultLine"/>
        <OtherTag ID="TYPE_2" LABEL="TableZone"/>
        <OtherTag ID="TYPE_3" LABEL="MainZone-Other"/>
        <OtherTag ID="TYPE_4" LABEL="GraphicZone-FigDesc"/>
        <OtherTag ID="TYPE_5" LABEL="GraphicZone-Decoration"/>
        <OtherTag ID="TYPE_6" LABEL="GraphicZone-TextualContent"/>
        <OtherTag ID="TYPE_7" LABEL="DropCapitalZone"/>
        <OtherTag ID="TYPE_8" LABEL="MainZone-Sp"/>
        <OtherTag ID="TYPE_9" LABEL="MainZone-P"/>
        <OtherTag ID="TYPE_10" LABEL="MarginTextZone-Notes"/>
        <OtherTag ID="TYPE_11" LABEL="MainZone-Signature"/>
        <OtherTag ID="TYPE_12" LABEL="TitlePageZone-Index"/>
        <OtherTag ID="TYPE_13" LABEL="TableZone-Head"/>
        <OtherTag ID="TYPE_14" LABEL="NumberingZone"/>
        <OtherTag ID="TYPE_15" LABEL="GraphicZone-Part"/>
        <OtherTag ID="TYPE_16" LABEL="GraphicZone-Head"/>
        <OtherTag ID="TYPE_17" LABEL="FigureZone-FigDesc"/>
        <OtherTag ID="TYPE_18" LABEL="MainZone-P-Continued"/>
        <OtherTag ID="TYPE_19" LABEL="MainZone-List"/>
        <OtherTag ID="TYPE_20" LABEL="TitlePageZone"/>
        <OtherTag ID="TYPE_21" LABEL="GraphicZone-Maths"/>
        <OtherTag ID="TYPE_22" LABEL="FigureZone"/>
        <OtherTag ID="TYPE_23" LABEL="MainZone-Date"/>
        <OtherTag ID="TYPE_24" LABEL="GraphicZone"/>
        <OtherTag ID="TYPE_25" LABEL="AdvertisementZone"/>
        <OtherTag ID="TYPE_26" LABEL="MainZone-Lg"/>
        <OtherTag ID="TYPE_27" LABEL="QuireMarksZone"/>
        <OtherTag ID="TYPE_28" LABEL="TableZone-Continued"/>
        <OtherTag ID="TYPE_29" LABEL="MainZone-Form"/>
        <OtherTag ID="TYPE_30" LABEL="MainZone-Entry"/>
        <OtherTag ID="TYPE_31" LABEL="MarginTextZone-ManuscriptAddendum"/>
        <OtherTag ID="TYPE_32" LABEL="DigitizationArtefactZone"/>
        <OtherTag ID="TYPE_33" LABEL="MarginTextZone-Notes-Continued"/>
        <OtherTag ID="TYPE_34" LABEL="MainZone-Lg-Continued"/>
        <OtherTag ID="TYPE_35" LABEL="StampZone"/>
        <OtherTag ID="TYPE_36" LABEL="MainZone-Entry-Continued"/>
        <OtherTag ID="TYPE_37" LABEL="MainZone-List-Continued"/>
        <OtherTag ID="TYPE_38" LABEL="MainZone-Head"/>
        <OtherTag ID="TYPE_39" LABEL="MainZone-Sp-Continued"/>
        <OtherTag ID="TYPE_40" LABEL="RunningTitleZone"/>
        <OtherTag ID="TYPE_41" LABEL="FigureZone-Head"/>
        <OtherTag ID="TYPE_42" LABEL="StampZone-Sticker"/>
    </Tags>
    <Layout>
        <Page WIDTH="1000" HEIGHT="1448" PHYSICAL_IMG_NR="0" ID="page_0">
            <PrintSpace HPOS="0" VPOS="0" WIDTH="1000" HEIGHT="1448">
                <TextBlock ID="block_1" HPOS="392" VPOS="81" WIDTH="51" HEIGHT="35" TAGREFS="TYPE_14">
                    <Shape>
                        <Polygon POINTS="392.2829895019531 81.55452728271484 443.9158935546875 81.55452728271484 443.9158935546875 116.39519500732422 392.2829895019531 116.39519500732422 392.2829895019531 81.55452728271484"/>
                    </Shape>
                    <TextLine ID="line_0" HPOS="395" VPOS="101" WIDTH="56" HEIGHT="18" BASELINE="395 105 451 105" TAGREFS="TYPE_1">
                        <Shape>
                            <Polygon POINTS="443 101 435 101 427 101 419 101 411 101 403 101 395 101 395 105 395 119 451 112 451 105 450 101 443 101"/>
                        </Shape>
                        <String CONTENT=""/>
                    </TextLine>
</TextBlock>
                <TextBlock ID="block_3" HPOS="505" VPOS="80" WIDTH="374" HEIGHT="38" TAGREFS="TYPE_40">
                    <Shape>
                        <Polygon POINTS="505.0902404785156 80.59076690673828 879.5310668945312 80.59076690673828 879.5310668945312 118.67819213867188 505.0902404785156 118.67819213867188 505.0902404785156 80.59076690673828"/>
                    </Shape>
                    <TextLine ID="line_1" HPOS="502" VPOS="87" WIDTH="378" HEIGHT="37" BASELINE="503 106 880 111" TAGREFS="TYPE_1">
                        <Shape>
                            <Polygon POINTS="777 101 769 101 761 101 753 101 744 101 736 101 728 101 720 101 712 101 704 101 696 101 688 101 680 101 672 101 664 101 656 101 648 101 640 101 632 101 624 101 616 101 608 101 600 101 592 101 584 101 576 101 567 101 559 101 551 101 543 101 535 101 527 101 519 101 511 101 503 101 503 106 502 116 514 120 515 120 516 120 517 120 518 120 522 117 526 115 530 117 535 119 536 119 537 119 559 118 617 115 622 119 623 119 624 119 625 119 625 119 627 119 641 115 649 119 654 122 654 122 702 123 703 123 703 123 704 123 706 121 712 116 725 116 732 121 733 123 734 123 735 123 754 123 755 123 765 122 794 117 800 123 800 123 801 123 802 123 848 124 849 124 850 124 851 124 856 119 878 124 880 111 880 92 874 88 873 88 872 88 788 87 787 87 786 87 786 87 786 88 777 94 777 101"/>
                        </Shape>
                        <String CONTENT=""/>
                    </TextLine>
</TextBlock>
                <TextBlock ID="block_2" HPOS="385" VPOS="125" WIDTH="583" HEIGHT="358" TAGREFS="TYPE_18">
                    <Shape>
                        <Polygon POINTS="385.9427795410156 125.23503112792969 968.3159790039062 125.23503112792969 968.3159790039062 483.84808349609375 385.9427795410156 483.84808349609375 385.9427795410156 125.23503112792969"/>
                    </Shape>
                    <TextLine ID="line_2" HPOS="395" VPOS="115" WIDTH="572" HEIGHT="47" BASELINE="395 143 967 149" TAGREFS="TYPE_1">
                        <Shape>
                            <Polygon POINTS="395 143 395 156 965 162 967 149 964 121 948 126 882 120 871 119 870 119 862 120 812 125 806 119 804 119 804 118 803 118 802 118 802 118 783 119 728 124 716 119 713 117 712 117 711 117 694 119 639 123 589 123 567 117 558 115 557 115 546 117 533 119 528 117 525 115 524 115 523 115 522 115 522 115 519 117 510 122 395 116 395 143"/>
                        </Shape>
                        <String CONTENT=""/>
                    </TextLine>

                    <TextLine ID="line_3" HPOS="391" VPOS="152" WIDTH="576" HEIGHT="45" BASELINE="392 175 967 182" TAGREFS="TYPE_1">
                        <Shape>
                            <Polygon POINTS="392 175 391 184 422 190 423 190 486 186 504 191 505 191 506 191 571 187 584 187 642 188 642 189 647 193 647 193 648 193 649 193 650 193 680 189 683 189 691 189 776 195 777 196 806 196 806 195 806 195 813 192 816 190 883 190 892 193 903 197 904 197 905 197 967 194 967 182 967 164 927 157 926 157 925 157 911 163 909 163 907 163 889 159 888 159 888 159 877 162 872 157 872 156 871 156 870 156 869 156 868 156 848 162 847 162 839 156 838 156 837 156 836 156 787 161 782 161 780 161 759 155 758 155 728 155 728 155 727 155 726 155 719 160 717 160 665 160 664 160 648 153 647 153 646 153 646 153 626 159 625 160 604 160 604 159 595 153 594 153 593 153 592 153 567 158 560 152 559 152 559 152 558 152 510 157 509 157 508 157 472 152 471 152 448 156 447 156 392 156 392 175"/>
                        </Shape>
                        <String CONTENT=""/>
                    </TextLine>

                    <TextLine ID="line_4" HPOS="390" VPOS="184" WIDTH="576" HEIGHT="46" BASELINE="390 208 966 214" TAGREFS="TYPE_1">
                        <Shape>
                            <Polygon POINTS="390 208 390 222 437 218 495 222 496 222 533 218 547 222 557 226 558 226 559 226 559 226 570 222 584 219 613 222 644 226 645 226 646 226 660 222 672 220 687 222 711 227 712 227 740 222 745 222 751 222 795 228 796 228 797 228 810 222 810 222 811 222 820 229 821 229 822 229 823 230 895 230 895 229 896 229 897 229 902 225 908 229 908 230 909 230 909 230 910 230 965 222 966 214 965 196 917 190 917 190 916 190 901 195 901 195 900 195 894 189 894 189 893 189 893 189 892 189 840 194 836 194 835 194 822 188 821 188 820 188 819 188 806 193 727 193 727 193 720 188 720 187 720 187 719 187 718 187 646 192 643 192 642 192 637 187 636 187 635 187 609 186 608 186 607 186 597 190 588 185 587 185 586 185 585 185 569 191 556 185 555 185 555 185 512 190 505 185 504 185 503 185 502 185 502 185 489 189 461 184 460 184 460 184 447 189 447 190 418 190 417 189 410 185 409 185 408 185 407 185 407 185 390 189 390 208"/>
                        </Shape>
                        <String CONTENT=""/>
                    </TextLine>

                    <TextLine ID="line_5" HPOS="386" VPOS="218" WIDTH="577" HEIGHT="43" BASELINE="387 239 963 247" TAGREFS="TYPE_1">
                        <Shape>
                            <Polygon POINTS="387 239 386 252 412 249 463 254 477 255 477 255 478 255 481 254 494 250 558 254 572 255 572 255 583 254 618 251 658 251 665 255 674 258 675 258 836 259 837 259 838 259 839 259 844 255 851 260 852 260 853 260 949 261 950 261 950 261 962 255 963 247 963 228 387 218 387 239"/>
                        </Shape>
                        <String CONTENT=""/>
                    </TextLine>

                    <TextLine ID="line_6" HPOS="390" VPOS="247" WIDTH="575" HEIGHT="49" BASELINE="390 272 965 279" TAGREFS="TYPE_1">
                        <Shape>
                            <Polygon POINTS="390 272 390 285 404 289 405 289 406 289 407 289 407 289 411 286 416 283 516 283 534 286 560 291 561 291 562 291 575 287 580 285 641 285 645 287 654 292 654 292 655 292 736 293 737 293 738 293 753 289 793 294 794 294 794 294 810 287 810 287 818 294 818 294 819 294 820 294 863 290 870 295 871 295 872 295 901 296 902 296 964 288 965 279 964 254 908 259 860 255 860 255 800 258 777 252 774 251 773 251 773 251 772 251 769 252 755 256 748 252 748 251 747 251 746 251 745 251 744 251 744 251 744 252 737 257 724 252 724 252 723 252 722 252 709 257 675 257 668 251 667 250 666 250 666 250 665 250 664 250 662 251 647 256 593 256 584 250 582 249 581 249 580 249 580 249 570 250 551 255 526 250 511 248 510 248 510 248 503 250 496 252 485 250 476 248 475 248 466 250 456 252 448 250 442 247 441 247 440 247 390 249 390 272"/>
                        </Shape>
                        <String CONTENT=""/>
                    </TextLine>

                    <TextLine ID="line_7" HPOS="387" VPOS="279" WIDTH="578" HEIGHT="45" BASELINE="388 304 965 312" TAGREFS="TYPE_1">
                        <Shape>
                            <Polygon POINTS="388 304 387 314 963 324 965 312 965 294 943 287 942 287 942 287 872 292 852 293 850 292 843 286 843 286 842 286 804 286 803 286 802 286 794 290 790 292 768 292 763 289 755 285 754 285 753 285 734 288 719 291 637 291 624 285 617 283 616 283 615 283 614 283 613 283 611 285 606 289 566 289 537 289 525 283 523 282 522 282 463 281 462 281 461 281 460 281 455 285 388 279 388 304"/>
                        </Shape>
                        <String CONTENT=""/>
                    </TextLine>

                    <TextLine ID="line_8" HPOS="386" VPOS="312" WIDTH="578" HEIGHT="47" BASELINE="387 337 964 345" TAGREFS="TYPE_1">
                        <Shape>
                            <Polygon POINTS="387 337 386 346 395 351 396 351 397 351 398 351 411 347 489 347 503 354 504 354 505 355 530 355 530 354 531 354 543 349 568 349 580 355 581 355 582 355 641 352 658 356 659 356 660 356 661 356 662 356 668 350 676 357 677 357 678 357 679 357 785 353 824 357 825 357 826 357 827 357 834 353 854 359 855 359 855 359 923 354 924 354 941 359 942 359 942 359 963 354 964 345 963 324 852 319 851 319 851 319 843 322 832 326 794 326 787 320 782 317 781 317 781 317 761 317 760 317 736 320 701 324 686 319 676 316 675 316 674 316 674 316 673 316 670 318 664 323 659 319 658 319 658 319 633 318 632 318 631 318 620 323 580 317 579 317 578 317 567 322 562 316 559 315 559 314 559 314 558 314 557 314 547 316 522 321 455 321 444 314 443 312 442 312 441 312 440 312 387 312 387 337"/>
                        </Shape>
                        <String CONTENT=""/>
                    </TextLine>

                    <TextLine ID="line_9" HPOS="388" VPOS="345" WIDTH="576" HEIGHT="45" BASELINE="389 369 964 378" TAGREFS="TYPE_1">
                        <Shape>
                            <Polygon POINTS="388 378 522 380 522 381 529 386 530 386 530 386 531 386 565 382 568 382 572 382 598 387 962 390 964 378 963 353 910 351 909 351 898 352 864 357 855 352 853 350 852 350 851 350 777 349 777 349 776 349 773 350 756 356 744 350 741 349 740 349 740 349 739 349 738 349 736 350 730 356 703 356 662 356 643 349 642 349 641 349 641 349 638 349 600 354 574 354 567 348 567 347 566 347 565 347 564 347 563 347 562 348 546 353 510 353 496 347 491 345 490 345 462 345 461 345 460 345 460 345 458 346 450 352 407 352 390 345 389 369 388 378"/>
                        </Shape>
                        <String CONTENT=""/>
                    </TextLine>

                    <TextLine ID="line_10" HPOS="387" VPOS="385" WIDTH="577" HEIGHT="35" BASELINE="388 401 964 410" TAGREFS="TYPE_1">
                        <Shape>
                            <Polygon POINTS="750 388 742 388 734 388 726 388 718 388 710 388 703 388 702 388 694 388 686 388 678 388 670 388 662 388 658 388 650 389 645 388 637 388 629 388 621 388 613 388 605 388 597 388 589 388 581 388 573 388 565 388 557 388 549 388 541 388 533 388 525 388 517 388 509 388 501 388 493 388 485 388 477 388 469 388 460 388 452 388 444 388 436 388 428 388 420 388 412 388 404 388 396 388 388 388 388 401 387 411 393 415 394 415 395 415 395 415 440 411 511 416 512 416 537 413 546 417 547 417 547 417 595 414 597 414 608 418 609 418 962 420 964 410 963 390 803 385 802 385 781 388 760 390 754 388 750 388"/>
                        </Shape>
                        <String CONTENT=""/>
                    </TextLine>

                    <TextLine ID="line_11" HPOS="389" VPOS="409" WIDTH="575" HEIGHT="48" BASELINE="390 433 964 443" TAGREFS="TYPE_1">
                        <Shape>
                            <Polygon POINTS="390 433 389 444 394 448 394 449 395 449 395 449 396 449 437 444 502 451 502 451 547 447 584 452 584 452 585 452 586 452 592 448 629 453 743 455 744 455 744 455 753 451 823 456 824 456 848 452 872 452 880 457 880 457 881 457 882 457 883 457 898 452 962 452 964 443 964 419 937 418 936 418 935 418 934 418 917 424 908 418 907 417 906 417 905 417 905 417 904 417 902 418 890 424 871 424 833 417 820 415 819 415 818 415 813 417 799 423 773 423 760 417 756 415 755 415 754 415 753 415 753 415 751 417 743 422 725 422 697 416 676 413 654 413 654 413 653 413 652 413 648 416 644 419 632 416 619 412 618 412 617 412 597 415 585 418 580 415 571 411 570 411 569 411 551 415 543 417 450 417 446 415 436 409 435 409 434 409 433 409 415 415 411 415 390 415 390 433"/>
                        </Shape>
                        <String CONTENT=""/>
                    </TextLine>

                    <TextLine ID="line_12" HPOS="386" VPOS="443" WIDTH="515" HEIGHT="45" BASELINE="387 466 901 474" TAGREFS="TYPE_1">
                        <Shape>
                            <Polygon POINTS="387 466 386 474 411 480 411 480 412 480 422 476 482 476 497 484 497 484 542 485 543 485 574 485 574 485 575 485 584 480 599 485 600 485 600 485 601 485 617 479 646 486 646 486 647 486 691 481 697 486 697 487 698 487 699 487 783 488 784 488 785 488 786 488 794 481 809 487 810 487 810 487 811 487 821 482 862 486 863 486 901 482 901 474 901 454 849 448 848 448 847 448 832 452 827 454 821 452 806 448 805 448 804 448 803 448 802 448 798 452 795 454 765 454 761 452 748 447 747 447 746 447 715 452 705 452 702 451 691 446 690 446 689 446 667 451 662 452 646 451 581 444 580 444 580 444 561 449 558 450 555 449 542 444 541 444 540 444 504 448 499 449 498 448 492 444 492 443 491 443 490 443 489 443 465 448 463 448 387 448 387 466"/>
                        </Shape>
                        <String CONTENT=""/>
                    </TextLine>
</TextBlock>
                <TextBlock ID="block_0" HPOS="382" VPOS="482" WIDTH="587" HEIGHT="723" TAGREFS="TYPE_9">
                    <Shape>
                        <Polygon POINTS="382.4965515136719 482.01580810546875 969.1599731445312 482.01580810546875 969.1599731445312 1205.44189453125 382.4965515136719 1205.44189453125 382.4965515136719 482.01580810546875"/>
                    </Shape>
                    <TextLine ID="line_13" HPOS="418" VPOS="477" WIDTH="547" HEIGHT="43" BASELINE="419 501 965 506" TAGREFS="TYPE_1">
                        <Shape>
                            <Polygon POINTS="419 501 418 510 510 517 510 517 511 517 522 512 557 517 558 517 601 513 613 518 614 518 615 518 616 518 629 513 647 518 648 518 649 518 777 514 798 519 799 519 800 519 863 514 885 520 886 520 887 520 964 514 965 506 964 488 875 481 874 481 856 485 851 487 831 487 828 485 825 481 824 481 823 481 823 481 822 481 811 485 806 486 802 485 796 481 795 481 794 481 748 483 700 485 697 482 695 481 695 480 694 480 693 480 692 480 691 480 684 482 675 485 660 481 650 480 649 480 648 480 644 481 637 485 630 481 628 480 627 480 626 480 613 481 577 484 572 480 572 479 571 479 570 479 569 479 547 480 452 483 419 477 419 501"/>
                        </Shape>
                        <String CONTENT=""/>
                    </TextLine>

                    <TextLine ID="line_14" HPOS="386" VPOS="506" WIDTH="579" HEIGHT="47" BASELINE="387 531 965 538" TAGREFS="TYPE_1">
                        <Shape>
                            <Polygon POINTS="387 531 386 546 446 543 452 547 453 548 454 548 455 548 456 549 506 549 506 548 507 548 510 547 515 544 551 547 580 550 580 550 625 547 661 546 665 547 669 551 670 551 670 551 671 551 695 551 695 551 696 551 697 551 701 547 704 546 718 547 742 551 743 551 744 551 758 548 764 547 769 548 785 552 786 552 786 552 787 552 798 548 799 547 835 547 839 548 853 553 854 553 855 553 888 548 891 548 896 548 954 552 954 552 955 552 964 548 965 538 965 520 942 514 942 514 922 514 921 514 921 514 920 514 913 519 911 520 898 519 838 513 837 513 816 517 807 518 805 517 798 512 798 512 797 512 796 512 795 512 781 516 773 518 769 516 762 511 761 511 761 511 760 511 759 511 758 511 753 515 751 517 744 515 732 512 731 512 730 512 729 512 728 512 724 514 719 518 666 518 653 513 644 510 643 510 642 510 611 511 610 511 609 511 603 516 568 516 554 510 550 509 549 509 548 509 547 509 543 510 530 514 495 510 494 510 462 514 452 508 452 507 452 507 451 507 450 507 449 507 448 507 428 513 421 507 420 507 419 507 387 506 387 531"/>
                        </Shape>
                        <String CONTENT=""/>
                    </TextLine>

                    <TextLine ID="line_15" HPOS="384" VPOS="541" WIDTH="580" HEIGHT="44" BASELINE="385 563 964 572" TAGREFS="TYPE_1">
                        <Shape>
                            <Polygon POINTS="385 563 384 571 456 573 481 580 621 581 621 581 622 581 637 577 658 581 659 581 711 577 716 581 716 581 717 581 718 581 751 579 770 584 771 584 772 584 804 579 852 584 853 584 914 580 928 585 929 585 930 585 963 580 964 572 964 550 934 547 933 547 932 547 927 549 915 553 901 549 892 547 891 547 890 547 889 547 888 547 886 549 881 552 828 552 821 548 814 545 813 545 812 545 811 545 810 545 807 548 803 551 787 551 778 548 768 544 767 544 766 544 744 547 729 550 717 547 699 543 698 543 697 543 689 547 684 549 674 547 654 543 654 543 597 547 578 547 573 546 557 541 556 541 555 541 514 546 509 546 385 545 385 563"/>
                        </Shape>
                        <String CONTENT=""/>
                    </TextLine>

                    <TextLine ID="line_16" HPOS="384" VPOS="575" WIDTH="578" HEIGHT="41" BASELINE="385 595 962 603" TAGREFS="TYPE_1">
                        <Shape>
                            <Polygon POINTS="385 595 384 604 394 609 395 609 395 609 438 605 441 605 443 605 464 610 465 610 542 608 557 612 558 612 559 612 596 608 617 612 618 612 619 612 620 612 635 608 641 612 641 612 642 612 643 612 670 608 671 608 672 608 694 613 695 613 818 611 847 616 848 616 962 612 962 603 962 587 897 586 896 585 888 580 888 580 887 580 886 580 866 584 862 585 858 584 841 579 840 579 813 579 812 579 811 579 801 583 797 584 788 583 764 578 763 578 742 582 732 584 675 584 670 580 662 576 662 576 661 576 641 580 626 582 610 579 596 576 595 576 582 579 566 581 559 578 557 577 556 577 385 575 385 595"/>
                        </Shape>
                        <String CONTENT=""/>
                    </TextLine>

                    <TextLine ID="line_17" HPOS="383" VPOS="602" WIDTH="580" HEIGHT="47" BASELINE="384 626 963 635" TAGREFS="TYPE_1">
                        <Shape>
                            <Polygon POINTS="778 620 774 611 766 613 760 610 754 607 753 607 724 607 723 607 722 607 711 609 700 612 687 609 673 606 672 606 671 606 664 609 658 612 635 609 595 604 594 604 562 608 550 610 548 608 543 604 543 604 543 604 542 604 541 604 502 608 489 609 465 609 464 608 457 603 456 603 456 603 455 603 429 608 427 608 427 608 410 602 409 602 408 602 384 607 384 626 383 634 407 640 408 640 409 640 419 636 447 640 448 640 483 637 486 637 489 637 515 643 516 643 538 637 541 637 548 638 603 645 604 645 687 641 718 646 719 646 769 642 778 642 796 643 876 649 877 649 895 645 908 643 962 646 963 635 963 612 938 610 938 610 937 610 934 611 921 616 896 611 886 609 885 609 878 611 859 615 814 610 787 608 786 608 786 608 782 608 778 620"/>
                        </Shape>
                        <String CONTENT=""/>
                    </TextLine>

                    <TextLine ID="line_18" HPOS="383" VPOS="635" WIDTH="580" HEIGHT="44" BASELINE="384 661 963 669" TAGREFS="TYPE_1">
                        <Shape>
                            <Polygon POINTS="778 654 774 645 748 640 747 640 746 640 725 646 723 646 686 646 683 645 647 638 646 638 646 638 632 645 631 645 592 645 590 644 551 637 551 637 527 641 473 637 473 637 472 637 471 637 463 642 442 635 441 635 440 635 384 641 384 661 383 668 500 675 558 676 559 676 559 676 560 676 567 672 600 676 601 676 602 676 613 673 616 672 627 673 679 678 679 678 752 675 777 674 785 676 803 679 804 679 962 678 963 669 963 649 943 642 942 642 942 642 941 642 925 647 905 641 905 641 904 641 903 641 887 648 887 649 847 649 809 648 808 647 790 640 789 640 788 640 787 640 786 640 782 642 778 654"/>
                        </Shape>
                        <String CONTENT=""/>
                    </TextLine>

                    <TextLine ID="line_19" HPOS="383" VPOS="667" WIDTH="581" HEIGHT="47" BASELINE="384 693 964 700" TAGREFS="TYPE_1">
                        <Shape>
                            <Polygon POINTS="778 683 776 679 775 679 771 675 770 674 769 674 769 674 768 674 757 675 724 678 716 674 711 672 711 672 710 672 696 674 674 677 662 673 658 671 657 671 656 671 645 673 631 674 613 672 602 670 601 670 600 670 598 671 592 674 572 671 562 670 561 670 551 670 520 674 513 670 512 669 511 669 510 669 510 669 495 670 417 674 410 668 409 668 408 668 384 667 384 693 383 702 403 707 403 707 404 707 485 704 495 704 499 704 525 709 526 709 589 707 609 706 617 707 632 710 633 710 633 710 634 710 637 707 640 706 645 707 653 711 654 711 654 711 691 708 713 707 752 710 790 712 791 712 806 711 834 708 850 712 856 713 857 713 864 712 885 709 962 714 964 700 963 680 913 674 912 674 911 674 897 678 891 679 885 678 867 674 866 674 865 674 864 674 860 678 857 680 842 680 838 677 833 673 832 673 831 673 831 673 830 673 822 677 818 679 780 679 778 683"/>
                        </Shape>
                        <String CONTENT=""/>
                    </TextLine>

                    <TextLine ID="line_20" HPOS="383" VPOS="703" WIDTH="579" HEIGHT="45" BASELINE="384 726 962 732" TAGREFS="TYPE_1">
                        <Shape>
                            <Polygon POINTS="778 716 776 711 674 711 672 710 666 704 665 704 664 704 663 704 625 707 596 703 595 703 594 703 593 703 587 709 586 709 584 709 556 703 555 703 384 706 384 726 383 734 406 741 407 741 407 741 500 737 502 737 502 737 528 742 529 742 557 738 567 737 592 737 596 739 604 744 605 744 606 744 671 740 716 739 722 742 726 744 727 744 728 744 728 744 729 744 734 742 742 739 759 743 771 745 772 745 786 744 811 740 839 744 849 746 850 746 856 745 876 740 894 746 898 747 899 747 900 748 961 748 962 732 961 714 927 714 926 713 913 707 913 707 912 707 880 712 873 707 872 707 872 707 871 707 842 712 839 712 838 712 830 707 829 707 828 707 827 707 827 707 807 711 806 711 780 711 778 716"/>
                        </Shape>
                        <String CONTENT=""/>
                    </TextLine>

                    <TextLine ID="line_21" HPOS="383" VPOS="735" WIDTH="579" HEIGHT="43" BASELINE="384 758 962 765" TAGREFS="TYPE_1">
                        <Shape>
                            <Polygon POINTS="778 749 776 745 716 745 713 743 707 737 706 737 705 737 674 737 674 737 673 737 662 742 658 744 584 744 580 741 568 736 567 736 567 736 534 740 510 735 510 735 474 740 465 741 454 740 430 736 429 736 384 739 384 758 383 766 405 773 406 773 452 773 452 773 453 773 472 769 473 769 473 769 525 774 526 774 557 770 564 769 574 770 604 775 669 776 670 776 684 773 693 771 960 778 962 765 961 745 873 740 872 740 872 740 862 744 858 746 855 744 849 740 848 740 847 740 821 739 820 739 819 739 802 744 794 745 780 745 778 749"/>
                        </Shape>
                        <String CONTENT=""/>
                    </TextLine>

                    <TextLine ID="line_22" HPOS="382" VPOS="767" WIDTH="580" HEIGHT="43" BASELINE="382 790 962 796" TAGREFS="TYPE_1">
                        <Shape>
                            <Polygon POINTS="382 790 382 803 421 806 422 806 423 806 423 806 426 804 432 801 457 801 475 804 485 806 486 806 487 806 493 804 501 802 514 804 530 806 530 806 531 806 532 806 536 804 539 802 543 804 547 807 547 807 548 807 549 808 584 808 584 807 585 807 586 807 591 804 594 802 597 804 602 806 603 806 604 806 615 804 625 802 636 804 656 808 657 808 658 808 667 804 670 803 710 803 713 805 720 809 720 809 721 809 722 809 824 805 833 805 838 805 897 810 898 810 961 805 962 796 961 777 917 777 915 777 910 773 910 772 909 772 909 772 886 772 885 772 863 775 854 777 851 775 845 771 844 771 843 771 843 771 824 775 814 777 779 774 759 773 758 773 744 773 714 776 699 773 684 769 683 769 658 772 631 775 617 771 608 769 607 769 606 769 588 771 564 774 555 770 548 768 547 768 547 768 532 770 509 773 493 769 487 768 486 768 485 768 469 769 419 773 413 768 412 768 412 767 411 767 411 767 410 767 382 767 382 790"/>
                        </Shape>
                        <String CONTENT=""/>
                    </TextLine>

                    <TextLine ID="line_23" HPOS="383" VPOS="800" WIDTH="582" HEIGHT="43" BASELINE="384 823 965 830" TAGREFS="TYPE_1">
                        <Shape>
                            <Polygon POINTS="778 813 776 807 765 809 758 803 757 803 757 803 756 803 726 808 683 802 678 802 677 802 672 802 643 806 608 802 600 801 600 801 599 801 597 802 587 807 552 807 536 801 534 800 533 800 532 800 531 800 530 801 520 806 461 806 384 800 384 823 383 833 444 838 444 838 555 835 567 839 568 839 569 839 606 836 611 840 612 840 613 840 613 840 614 840 627 836 669 840 670 840 745 837 746 837 766 842 767 842 894 843 895 843 929 839 954 843 954 843 955 843 964 839 965 830 964 805 850 810 825 803 824 803 823 803 823 803 819 803 781 807 778 813"/>
                        </Shape>
                        <String CONTENT=""/>
                    </TextLine>

                    <TextLine ID="line_24" HPOS="382" VPOS="830" WIDTH="580" HEIGHT="47" BASELINE="383 855 962 861" TAGREFS="TYPE_1">
                        <Shape>
                            <Polygon POINTS="383 855 382 866 410 871 411 871 440 867 448 866 527 866 534 867 566 873 567 873 650 868 659 868 662 868 685 875 686 875 745 876 746 876 779 876 779 876 780 876 791 870 812 876 813 876 891 877 892 877 962 871 962 861 959 837 951 843 941 837 940 837 915 837 914 837 913 837 901 843 880 843 875 838 874 838 873 838 872 838 872 838 860 843 830 839 829 839 828 839 817 843 739 835 736 835 736 835 735 835 715 842 687 842 674 834 673 834 672 834 671 834 670 834 670 834 660 840 629 834 628 834 627 834 626 834 618 841 603 841 595 834 595 833 594 833 593 833 592 833 592 833 560 839 551 833 550 833 549 833 548 833 547 833 527 839 502 839 493 832 493 832 492 832 460 832 459 832 458 832 457 832 448 838 426 831 425 831 424 831 404 835 383 830 383 855"/>
                        </Shape>
                        <String CONTENT=""/>
                    </TextLine>

                    <TextLine ID="line_25" HPOS="383" VPOS="864" WIDTH="579" HEIGHT="45" BASELINE="383 888 962 895" TAGREFS="TYPE_1">
                        <Shape>
                            <Polygon POINTS="383 888 383 899 448 899 452 900 461 904 462 904 463 904 506 901 534 900 545 902 558 905 559 905 578 902 600 900 613 903 623 905 624 905 625 905 658 904 695 901 699 905 701 906 702 906 703 906 703 906 704 906 709 905 717 901 733 905 745 907 746 907 759 905 776 902 781 905 782 907 783 907 784 907 820 908 821 908 851 906 909 904 916 908 917 909 917 909 918 909 919 909 962 908 962 895 962 875 955 871 954 871 954 871 953 871 943 875 938 877 890 877 870 873 856 871 855 871 846 872 836 875 831 872 826 870 825 870 824 870 823 870 816 872 806 875 802 872 798 869 797 869 796 869 795 869 784 872 771 874 740 871 725 869 724 869 724 869 723 869 721 870 715 874 637 874 609 868 600 867 599 867 598 867 595 867 585 873 544 873 530 867 528 866 527 866 526 866 526 866 524 867 514 872 488 872 478 866 477 866 477 866 476 866 475 866 440 871 432 865 431 865 430 865 383 864 383 888"/>
                        </Shape>
                        <String CONTENT=""/>
                    </TextLine>

                    <TextLine ID="line_26" HPOS="381" VPOS="900" WIDTH="578" HEIGHT="39" BASELINE="382 923 959 926" TAGREFS="TYPE_1">
                        <Shape>
                            <Polygon POINTS="382 923 381 936 403 937 403 937 404 937 405 937 405 936 411 932 418 936 419 937 420 937 421 937 427 936 452 932 472 936 473 936 474 936 476 936 494 932 670 932 675 935 683 938 684 938 685 938 686 938 695 935 700 933 703 935 707 938 707 938 708 938 709 938 773 934 783 934 784 934 788 938 789 938 790 938 790 938 854 935 919 939 920 939 958 933 959 926 959 907 939 901 938 901 938 901 833 907 823 907 818 907 773 900 772 900 740 905 670 900 670 900 641 905 625 900 624 900 623 900 593 905 592 905 505 905 504 905 494 900 493 900 493 900 492 900 477 905 476 905 458 900 457 900 456 900 456 900 455 900 447 905 446 905 382 905 382 923"/>
                        </Shape>
                        <String CONTENT=""/>
                    </TextLine>

                    <TextLine ID="line_27" HPOS="380" VPOS="930" WIDTH="578" HEIGHT="43" BASELINE="381 954 958 958" TAGREFS="TYPE_1">
                        <Shape>
                            <Polygon POINTS="381 954 380 962 391 967 392 967 393 967 477 963 492 963 495 964 510 969 510 969 511 969 533 965 548 970 549 970 550 970 551 970 559 965 563 964 611 964 615 966 624 970 625 970 625 970 657 967 674 965 679 967 683 970 683 970 684 970 685 970 714 968 732 966 736 968 743 971 744 971 744 972 798 972 798 971 799 971 800 971 802 970 807 966 812 970 814 971 814 971 815 971 816 971 833 970 878 966 892 971 894 972 895 972 896 973 958 973 958 958 958 938 878 933 877 933 858 937 857 937 856 937 843 933 843 933 842 933 841 933 840 933 833 937 831 938 798 938 794 937 769 933 768 933 767 933 753 937 749 938 748 937 743 933 742 933 741 933 740 933 718 937 711 932 711 932 710 932 674 932 673 932 672 932 671 932 666 937 665 937 662 937 645 932 644 932 643 932 589 937 582 937 581 937 576 932 576 931 575 931 574 931 573 931 514 936 502 937 500 936 488 930 487 930 486 930 485 930 471 936 470 936 381 936 381 954"/>
                        </Shape>
                        <String CONTENT=""/>
                    </TextLine>

                    <TextLine ID="line_28" HPOS="381" VPOS="962" WIDTH="580" HEIGHT="43" BASELINE="382 987 961 991" TAGREFS="TYPE_1">
                        <Shape>
                            <Polygon POINTS="382 987 381 995 419 996 426 1002 427 1002 427 1002 428 1002 473 997 475 997 477 997 502 1003 502 1003 503 1003 515 998 526 1002 526 1002 527 1002 528 1002 539 998 543 1003 544 1003 545 1003 546 1003 589 999 598 998 604 999 632 1003 633 1004 714 1004 714 1003 715 1003 716 1003 720 1000 723 999 729 1000 744 1004 745 1004 746 1004 747 1004 757 1000 759 1000 763 1000 790 1004 790 1004 791 1004 792 1004 795 1001 798 999 809 1001 825 1003 826 1003 827 1003 827 1003 831 1001 834 999 840 1002 851 1005 851 1005 852 1005 853 1005 866 1002 874 1000 959 1003 961 991 961 972 922 966 921 966 921 966 913 970 905 966 905 966 904 966 903 966 823 969 791 970 777 968 760 966 759 966 758 966 757 966 754 968 751 970 742 968 730 964 729 964 728 964 728 964 727 964 722 967 718 970 699 967 687 966 687 966 686 966 682 966 670 970 666 966 662 964 662 964 661 964 660 964 659 964 654 966 643 970 506 970 500 963 499 963 499 962 498 962 497 962 497 962 485 963 422 968 415 963 415 962 415 962 414 962 382 962 382 987"/>
                        </Shape>
                        <String CONTENT=""/>
                    </TextLine>

                    <TextLine ID="line_29" HPOS="381" VPOS="994" WIDTH="580" HEIGHT="44" BASELINE="382 1020 961 1024" TAGREFS="TYPE_1">
                        <Shape>
                            <Polygon POINTS="382 1020 381 1028 421 1029 429 1035 430 1035 431 1035 432 1035 432 1035 449 1029 450 1029 492 1029 496 1030 514 1036 515 1036 516 1036 517 1036 531 1031 534 1030 582 1030 592 1032 616 1036 617 1036 617 1036 632 1032 636 1032 638 1032 646 1036 646 1036 647 1036 694 1036 695 1036 699 1034 707 1031 720 1034 733 1037 734 1037 735 1037 786 1036 820 1034 837 1036 852 1038 853 1038 854 1038 857 1036 864 1033 877 1037 882 1038 883 1038 884 1038 893 1037 930 1032 959 1038 961 1024 960 1004 934 999 933 999 914 1003 905 998 904 998 903 998 846 1002 831 1003 829 1002 821 997 820 997 819 997 779 1001 756 1003 744 1000 729 996 728 996 728 996 712 999 701 1002 697 999 695 997 694 997 693 997 692 997 691 997 691 997 688 999 683 1002 661 999 649 997 648 997 637 998 616 1001 611 998 609 995 608 995 607 995 587 995 586 995 585 995 584 995 583 997 576 1002 526 1002 510 996 510 996 509 996 508 996 507 996 501 1000 445 996 444 996 411 1000 382 994 382 1020"/>
                        </Shape>
                        <String CONTENT=""/>
                    </TextLine>

                    <TextLine ID="line_30" HPOS="382" VPOS="1027" WIDTH="579" HEIGHT="42" BASELINE="383 1053 961 1055" TAGREFS="TYPE_1">
                        <Shape>
                            <Polygon POINTS="383 1053 382 1061 411 1068 412 1068 435 1063 469 1063 476 1068 477 1068 477 1068 478 1068 506 1063 512 1068 513 1068 514 1068 514 1068 582 1064 592 1069 593 1069 594 1069 626 1064 659 1069 660 1069 661 1069 680 1064 687 1069 688 1069 689 1069 690 1069 691 1069 702 1065 818 1069 819 1069 864 1065 891 1069 892 1069 893 1069 913 1065 939 1069 940 1069 941 1069 960 1064 961 1055 960 1036 894 1036 891 1035 875 1029 874 1029 873 1029 852 1034 846 1036 838 1034 825 1031 824 1031 823 1031 823 1031 817 1034 814 1036 738 1036 731 1032 724 1029 723 1029 722 1029 721 1029 716 1032 713 1033 712 1032 708 1028 707 1028 707 1028 706 1028 689 1032 676 1034 673 1032 671 1030 670 1030 670 1030 669 1030 668 1030 663 1031 649 1035 637 1031 632 1028 631 1028 630 1028 629 1028 625 1031 619 1034 577 1035 564 1029 559 1028 559 1028 558 1028 541 1029 491 1034 485 1030 484 1030 483 1030 482 1030 464 1033 456 1028 456 1028 455 1028 454 1028 451 1028 415 1031 383 1027 383 1053"/>
                        </Shape>
                        <String CONTENT=""/>
                    </TextLine>

                    <TextLine ID="line_31" HPOS="380" VPOS="1061" WIDTH="580" HEIGHT="39" BASELINE="381 1086 960 1087" TAGREFS="TYPE_1">
                        <Shape>
                            <Polygon POINTS="381 1086 380 1094 385 1098 385 1099 386 1099 386 1099 387 1099 427 1094 444 1098 444 1098 445 1098 496 1094 505 1099 506 1099 506 1099 507 1099 663 1094 672 1100 673 1100 674 1100 674 1100 700 1096 814 1100 815 1100 816 1100 830 1094 847 1100 847 1100 848 1100 886 1094 892 1098 893 1098 893 1098 941 1099 942 1099 942 1099 959 1094 960 1087 959 1068 898 1061 897 1061 836 1067 833 1067 828 1067 758 1063 757 1063 711 1067 703 1067 700 1067 670 1061 669 1061 609 1065 578 1061 577 1061 576 1061 562 1065 485 1061 485 1061 484 1061 468 1066 466 1066 464 1066 432 1061 431 1061 381 1065 381 1086"/>
                        </Shape>
                        <String CONTENT=""/>
                    </TextLine>

                    <TextLine ID="line_32" HPOS="381" VPOS="1092" WIDTH="581" HEIGHT="39" BASELINE="381 1118 962 1121" TAGREFS="TYPE_1">
                        <Shape>
                            <Polygon POINTS="381 1118 381 1131 961 1131 962 1121 961 1100 925 1094 925 1094 880 1099 876 1099 875 1099 861 1094 860 1094 860 1094 794 1098 791 1098 786 1094 785 1094 784 1094 783 1094 782 1094 765 1098 763 1098 756 1098 701 1094 700 1094 699 1094 699 1094 694 1098 692 1098 690 1098 672 1093 671 1093 670 1093 647 1098 646 1098 644 1098 632 1093 631 1093 630 1093 629 1093 613 1098 612 1098 609 1097 596 1093 596 1093 595 1093 558 1097 548 1098 511 1098 510 1097 505 1092 504 1092 503 1092 502 1092 381 1095 381 1118"/>
                        </Shape>
                        <String CONTENT=""/>
                    </TextLine>

                    <TextLine ID="line_33" HPOS="380" VPOS="1125" WIDTH="578" HEIGHT="39" BASELINE="381 1151 958 1153" TAGREFS="TYPE_1">
                        <Shape>
                            <Polygon POINTS="381 1151 380 1159 399 1164 400 1164 532 1160 574 1164 575 1164 957 1161 958 1153 957 1134 809 1127 808 1127 770 1133 766 1133 762 1132 730 1126 729 1126 654 1132 650 1132 649 1132 634 1126 633 1126 572 1125 572 1125 571 1125 560 1130 490 1127 489 1127 465 1131 464 1131 463 1131 448 1125 447 1125 446 1125 445 1125 444 1125 440 1130 381 1131 381 1151"/>
                        </Shape>
                        <String CONTENT=""/>
                    </TextLine>

                    <TextLine ID="line_34" HPOS="382" VPOS="1158" WIDTH="579" HEIGHT="46" BASELINE="382 1182 961 1184" TAGREFS="TYPE_1">
                        <Shape>
                            <Polygon POINTS="382 1182 382 1196 397 1201 398 1201 399 1201 399 1201 413 1197 419 1201 420 1201 421 1201 422 1201 465 1197 477 1196 479 1197 485 1201 485 1201 486 1201 487 1201 581 1198 603 1197 609 1198 624 1201 625 1201 637 1198 646 1197 654 1198 667 1202 668 1202 669 1202 670 1202 670 1202 670 1201 674 1199 677 1196 697 1196 732 1199 768 1203 769 1204 795 1204 795 1203 796 1203 797 1203 801 1200 806 1197 913 1197 923 1201 926 1202 927 1202 928 1202 929 1202 933 1201 950 1197 958 1201 961 1184 961 1165 940 1160 939 1160 938 1160 819 1164 810 1164 808 1164 790 1160 790 1160 789 1160 788 1160 779 1164 767 1159 766 1159 765 1159 765 1159 756 1163 687 1159 686 1159 685 1159 669 1164 668 1164 615 1164 614 1164 600 1159 600 1159 599 1159 547 1163 538 1158 537 1158 536 1158 415 1163 406 1163 405 1163 395 1158 395 1158 394 1158 393 1158 382 1162 382 1182"/>
                        </Shape>
                        <String CONTENT=""/>
                    </TextLine>
</TextBlock>
                <TextBlock ID="textblock_5">
                    
                    <TextLine ID="line_35" HPOS="811" VPOS="1191" WIDTH="149" HEIGHT="46" BASELINE="812 1219 960 1217" TAGREFS="TYPE_1">
                        <Shape>
                            <Polygon POINTS="812 1219 812 1232 884 1237 885 1237 960 1231 960 1217 959 1195 946 1191 945 1191 944 1191 943 1191 927 1196 917 1198 901 1197 884 1194 883 1194 882 1194 870 1197 863 1199 861 1197 856 1193 855 1193 855 1193 830 1192 829 1192 828 1192 811 1198 812 1219"/>
                        </Shape>
                        <String CONTENT=""/>
                    </TextLine>

                </TextBlock>
            </PrintSpace>
        </Page>
    </Layout>
</alto>