<?xml version="1.0" encoding="UTF-8"?>
<alto xmlns:xsi="http://www.w3.org/2001/XMLSchema-instance"
    xmlns="http://www.loc.gov/standards/alto/ns-v4#"
    xsi:schemaLocation="http://www.loc.gov/standards/alto/ns-v4# http://www.loc.gov/standards/alto/v4/alto-4-3.xsd">
    <Description>
        <MeasurementUnit>pixel</MeasurementUnit>
        <sourceImageInformation>
            <fileName>7325971.jpeg</fileName>
        </sourceImageInformation>
        <Processing ID="OCR_0">
            <processingCategory>other</processingCategory>
            <processingStepDescription>unknown</processingStepDescription>
            <processingSoftware>
                <softwareName>kraken</softwareName>
                <softwareVersion>4.3.13</softwareVersion>
            </processingSoftware>
        </Processing>
    </Description>
    <Tags>
        <OtherTag ID="TYPE_1" LABEL="DefaultLine"/>
        <OtherTag ID="TYPE_2" LABEL="NumberingZone"/>
        <OtherTag ID="TYPE_3" LABEL="MainZone-Entry-Continued"/>
        <OtherTag ID="TYPE_4" LABEL="MainZone-Form"/>
        <OtherTag ID="TYPE_5" LABEL="MainZone-Lg"/>
        <OtherTag ID="TYPE_6" LABEL="DigitizationArtefactZone"/>
        <OtherTag ID="TYPE_7" LABEL="TableZone-Head"/>
        <OtherTag ID="TYPE_8" LABEL="MainZone-Sp"/>
        <OtherTag ID="TYPE_9" LABEL="MainZone-Sp-Continued"/>
        <OtherTag ID="TYPE_10" LABEL="TableZone-Continued"/>
        <OtherTag ID="TYPE_11" LABEL="MarginTextZone-ManuscriptAddendum"/>
        <OtherTag ID="TYPE_12" LABEL="GraphicZone-FigDesc"/>
        <OtherTag ID="TYPE_13" LABEL="MarginTextZone-Notes"/>
        <OtherTag ID="TYPE_14" LABEL="StampZone"/>
        <OtherTag ID="TYPE_15" LABEL="FigureZone"/>
        <OtherTag ID="TYPE_16" LABEL="MainZone-Head"/>
        <OtherTag ID="TYPE_17" LABEL="DropCapitalZone"/>
        <OtherTag ID="TYPE_18" LABEL="MainZone-Date"/>
        <OtherTag ID="TYPE_19" LABEL="MainZone-List-Continued"/>
        <OtherTag ID="TYPE_20" LABEL="FigureZone-Head"/>
        <OtherTag ID="TYPE_21" LABEL="GraphicZone-Head"/>
        <OtherTag ID="TYPE_22" LABEL="MainZone-P"/>
        <OtherTag ID="TYPE_23" LABEL="MainZone-Signature"/>
        <OtherTag ID="TYPE_24" LABEL="TitlePageZone-Index"/>
        <OtherTag ID="TYPE_25" LABEL="MainZone-Lg-Continued"/>
        <OtherTag ID="TYPE_26" LABEL="GraphicZone"/>
        <OtherTag ID="TYPE_27" LABEL="MarginTextZone-Notes-Continued"/>
        <OtherTag ID="TYPE_28" LABEL="GraphicZone-TextualContent"/>
        <OtherTag ID="TYPE_29" LABEL="GraphicZone-Maths"/>
        <OtherTag ID="TYPE_30" LABEL="GraphicZone-Part"/>
        <OtherTag ID="TYPE_31" LABEL="MainZone-Other"/>
        <OtherTag ID="TYPE_32" LABEL="FigureZone-FigDesc"/>
        <OtherTag ID="TYPE_33" LABEL="GraphicZone-Decoration"/>
        <OtherTag ID="TYPE_34" LABEL="MainZone-List"/>
        <OtherTag ID="TYPE_35" LABEL="MainZone-Entry"/>
        <OtherTag ID="TYPE_36" LABEL="AdvertisementZone"/>
        <OtherTag ID="TYPE_37" LABEL="TitlePageZone"/>
        <OtherTag ID="TYPE_38" LABEL="StampZone-Sticker"/>
        <OtherTag ID="TYPE_39" LABEL="MainZone-P-Continued"/>
        <OtherTag ID="TYPE_40" LABEL="TableZone"/>
        <OtherTag ID="TYPE_41" LABEL="RunningTitleZone"/>
        <OtherTag ID="TYPE_42" LABEL="QuireMarksZone"/>
    </Tags>
    <Layout>
        <Page WIDTH="1000" HEIGHT="1547" PHYSICAL_IMG_NR="0" ID="page_0">
            <PrintSpace HPOS="0" VPOS="0" WIDTH="1000" HEIGHT="1547">
                <TextBlock ID="block_3" HPOS="178" VPOS="99" WIDTH="336" HEIGHT="40" TAGREFS="TYPE_41">
                    <Shape>
                        <Polygon POINTS="178.455322265625 99.32798767089844 514.2861328125 99.32798767089844 514.2861328125 139.27711486816406 178.455322265625 139.27711486816406 178.455322265625 99.32798767089844"/>
                    </Shape>
                    <TextLine ID="line_0" HPOS="176" VPOS="90" WIDTH="343" HEIGHT="50" BASELINE="177 130 519 128" TAGREFS="TYPE_1">
                        <Shape>
                            <Polygon POINTS="177 130 177 138 517 140 519 128 516 95 441 95 439 94 428 90 427 90 381 90 380 90 380 90 379 90 374 94 372 95 364 94 334 91 310 91 309 91 308 91 307 91 307 91 304 94 302 97 285 97 282 94 280 91 280 91 279 91 278 91 277 91 258 94 246 96 233 94 215 91 214 91 176 93 177 130"/>
                        </Shape>
                        <String CONTENT=""/>
                    </TextLine>
</TextBlock>
                <TextBlock ID="block_0" HPOS="635" VPOS="102" WIDTH="65" HEIGHT="41" TAGREFS="TYPE_2">
                    <Shape>
                        <Polygon POINTS="635.1024169921875 102.97675323486328 700.955810546875 102.97675323486328 700.955810546875 143.62088012695312 635.1024169921875 143.62088012695312 635.1024169921875 102.97675323486328"/>
                    </Shape>
                    <TextLine ID="line_1" HPOS="639" VPOS="91" WIDTH="58" HEIGHT="55" BASELINE="639 131 697 131" TAGREFS="TYPE_1">
                        <Shape>
                            <Polygon POINTS="639 131 639 140 696 146 697 131 697 102 657 91 656 91 656 91 655 91 639 97 639 131"/>
                        </Shape>
                        <String CONTENT=""/>
                    </TextLine>
</TextBlock>
                <TextBlock ID="block_2" HPOS="21" VPOS="159" WIDTH="681" HEIGHT="1136" TAGREFS="TYPE_39">
                    <Shape>
                        <Polygon POINTS="21.3710994720459 159.27490234375 702.1367797851562 159.27490234375 702.1367797851562 1295.8497314453125 21.3710994720459 1295.8497314453125 21.3710994720459 159.27490234375"/>
                    </Shape>
                    <TextLine ID="line_2" HPOS="25" VPOS="142" WIDTH="669" HEIGHT="53" BASELINE="26 183 226 180 694 182" TAGREFS="TYPE_1">
                        <Shape>
                            <Polygon POINTS="26 183 25 189 62 195 63 195 155 195 155 195 156 195 171 189 172 189 240 189 243 189 258 194 259 194 260 194 261 194 262 194 268 189 269 189 294 189 295 189 302 195 303 195 304 195 305 195 346 195 346 195 347 195 361 189 393 195 394 195 395 195 396 195 403 189 404 189 497 189 498 189 506 195 507 195 508 195 509 195 509 195 531 189 533 189 536 189 561 194 562 194 594 189 601 195 601 195 602 195 603 195 647 189 652 189 654 189 667 195 668 195 668 195 693 189 694 182 694 150 668 142 667 142 666 142 639 143 638 143 628 149 623 145 622 145 621 145 620 145 561 149 552 145 551 145 550 145 527 149 509 143 509 143 508 143 507 143 489 149 441 145 440 145 439 145 421 149 406 143 405 143 404 143 404 143 386 149 361 144 361 144 360 144 349 150 284 150 276 142 275 142 274 142 250 142 249 142 248 142 229 149 200 144 199 144 169 148 155 142 154 142 65 142 64 142 63 142 62 142 53 150 26 150 26 183"/>
                        </Shape>
                        <String CONTENT=""/>
                    </TextLine>

                    <TextLine ID="line_3" HPOS="27" VPOS="189" WIDTH="662" HEIGHT="53" BASELINE="28 226 689 224" TAGREFS="TYPE_1">
                        <Shape>
                            <Polygon POINTS="28 226 28 242 75 242 75 241 76 241 94 235 110 241 110 241 111 241 112 241 116 241 165 235 180 241 181 241 182 241 183 241 192 241 257 235 310 235 331 240 337 241 337 241 338 241 343 240 363 234 408 239 417 240 417 240 423 239 444 234 460 239 463 240 464 240 465 241 484 241 484 240 484 240 485 240 486 239 495 234 687 238 689 224 687 198 620 198 619 197 613 191 612 191 611 191 610 191 609 191 593 197 592 197 582 189 582 189 581 189 536 189 535 189 534 189 533 189 523 196 522 197 520 196 495 189 494 189 471 189 470 189 469 189 453 196 449 197 436 196 401 192 400 192 399 192 388 195 384 197 380 195 366 189 365 189 364 189 363 189 347 195 338 199 271 199 259 195 244 190 243 190 242 190 241 190 226 195 222 195 214 195 182 190 181 190 180 190 179 190 174 195 168 199 129 199 118 194 109 190 108 190 107 190 106 190 105 190 100 194 98 195 27 194 28 226"/>
                        </Shape>
                        <String CONTENT=""/>
                    </TextLine>

                    <TextLine ID="line_4" HPOS="25" VPOS="233" WIDTH="669" HEIGHT="51" BASELINE="26 269 694 267" TAGREFS="TYPE_1">
                        <Shape>
                            <Polygon POINTS="26 269 26 284 93 275 169 275 179 282 180 283 181 283 182 283 183 283 201 281 265 275 276 281 282 283 282 283 283 284 304 284 304 283 305 283 306 283 309 280 313 276 345 275 526 275 532 276 554 282 555 282 556 282 606 278 646 282 647 282 693 274 694 267 692 233 668 238 659 234 658 234 657 234 656 234 656 234 645 241 601 241 580 234 575 233 574 233 573 233 572 233 568 235 556 238 546 235 542 234 541 234 540 234 539 234 537 235 525 241 465 241 452 237 442 233 441 233 441 233 440 233 428 237 414 240 360 238 288 234 287 234 286 234 285 234 277 238 276 239 268 239 238 237 237 237 236 237 235 237 232 239 229 241 226 239 216 234 215 234 214 234 214 234 196 240 191 241 188 240 168 234 167 234 166 234 165 234 165 234 155 240 122 235 122 235 121 235 107 241 98 234 97 234 96 234 76 234 75 234 74 234 73 234 62 242 25 242 26 269"/>
                        </Shape>
                        <String CONTENT=""/>
                    </TextLine>

                    <TextLine ID="line_5" HPOS="24" VPOS="278" WIDTH="670" HEIGHT="49" BASELINE="25 311 694 312" TAGREFS="TYPE_1">
                        <Shape>
                            <Polygon POINTS="25 311 24 321 42 326 42 326 43 326 89 322 90 322 166 326 167 326 168 326 169 326 174 322 176 321 196 322 265 325 266 325 293 322 304 321 318 322 366 327 367 327 693 323 694 312 693 286 661 286 659 285 644 279 644 279 643 279 642 279 630 285 628 287 548 287 544 285 521 280 520 280 519 280 498 285 495 286 491 285 469 279 468 279 467 279 466 279 451 285 449 286 448 285 439 279 438 279 437 279 436 279 374 282 360 278 359 278 358 278 314 280 313 280 312 280 306 285 305 286 288 286 288 285 277 278 276 278 276 278 275 278 236 284 217 278 216 278 215 278 141 285 134 285 134 285 120 278 119 278 85 278 84 278 83 278 70 285 69 285 25 285 25 311"/>
                        </Shape>
                        <String CONTENT=""/>
                    </TextLine>

                    <TextLine ID="line_6" HPOS="24" VPOS="321" WIDTH="669" HEIGHT="51" BASELINE="24 357 693 355" TAGREFS="TYPE_1">
                        <Shape>
                            <Polygon POINTS="24 357 24 364 41 372 42 372 42 372 74 366 85 370 86 370 87 370 88 370 89 370 96 365 98 364 153 364 154 365 163 372 164 372 165 372 165 372 233 372 233 372 234 372 248 366 294 372 295 372 296 372 297 372 306 366 310 363 362 363 367 366 373 371 374 371 374 371 375 372 401 372 401 371 402 371 415 366 424 363 429 366 434 371 435 371 435 371 436 371 455 366 470 363 509 363 515 366 521 371 521 371 522 371 523 372 553 372 553 371 554 371 555 371 561 367 569 363 617 364 624 367 631 371 631 371 632 371 693 367 693 355 691 328 575 328 572 326 566 322 565 322 564 322 564 322 563 322 548 326 547 326 537 321 536 321 535 321 534 321 525 326 521 329 491 329 481 325 461 321 460 321 435 325 428 326 426 325 420 321 419 321 418 321 357 321 356 321 355 321 349 324 342 328 332 324 331 324 331 324 330 324 319 330 223 330 209 323 206 322 205 322 171 322 171 322 170 322 169 322 168 323 159 330 145 330 108 322 104 322 103 322 99 322 68 329 24 322 24 357"/>
                        </Shape>
                        <String CONTENT=""/>
                    </TextLine>

                    <TextLine ID="line_7" HPOS="24" VPOS="362" WIDTH="801" HEIGHT="53" BASELINE="24 399 662 398 711 391 825 391" TAGREFS="TYPE_1">
                        <Shape>
                            <Polygon POINTS="24 399 24 411 114 413 115 413 116 413 124 411 134 409 144 411 158 414 159 414 198 410 222 409 226 410 234 415 235 415 236 415 319 415 319 415 358 409 361 409 363 409 401 415 402 415 403 415 413 409 472 414 472 414 505 409 506 409 516 413 517 413 631 414 632 414 679 408 691 406 823 406 825 391 824 367 804 364 803 364 781 367 761 370 751 367 735 362 734 362 676 362 675 362 674 362 660 367 650 370 631 367 601 363 601 363 600 363 584 367 577 369 570 367 565 366 564 366 564 366 542 367 510 370 489 367 449 362 448 362 425 367 410 372 374 372 368 367 358 363 357 363 356 363 296 367 284 368 282 367 276 363 275 363 274 363 241 363 240 363 239 363 229 367 221 372 142 372 124 367 111 366 110 366 97 367 78 371 69 367 57 363 56 363 55 363 24 367 24 399"/>
                        </Shape>
                        <String CONTENT=""/>
                    </TextLine>

                    <TextLine ID="line_8" HPOS="24" VPOS="411" WIDTH="798" HEIGHT="47" BASELINE="24 444 822 444" TAGREFS="TYPE_1">
                        <Shape>
                            <Polygon POINTS="815 420 807 420 798 420 790 420 781 420 773 420 764 420 755 420 747 420 738 420 730 420 721 420 712 420 704 420 695 420 646 420 624 411 623 411 622 411 580 419 564 411 563 411 562 411 476 417 432 411 431 411 430 411 413 419 400 415 399 415 398 415 398 415 387 419 369 411 368 411 368 411 263 416 242 411 241 411 240 411 239 411 226 417 211 411 210 411 209 411 208 411 187 417 167 412 166 412 165 412 132 418 47 411 46 411 45 411 24 419 24 444 24 452 33 457 34 457 35 457 70 452 82 458 83 458 84 458 147 458 147 458 148 458 163 452 165 452 167 452 192 458 193 458 237 458 237 458 238 458 246 453 249 452 257 453 280 457 281 457 282 457 282 457 287 454 289 452 372 452 377 454 381 457 382 457 383 457 384 457 392 455 403 452 550 452 566 456 575 458 576 458 613 458 613 458 614 458 617 457 626 452 688 457 701 458 702 458 707 457 734 452 822 458 822 444 822 420 815 420"/>
                        </Shape>
                        <String CONTENT=""/>
                    </TextLine>

                    <TextLine ID="line_9" HPOS="23" VPOS="451" WIDTH="651" HEIGHT="52" BASELINE="24 487 674 484" TAGREFS="TYPE_1">
                        <Shape>
                            <Polygon POINTS="24 487 24 498 67 503 67 503 183 499 242 497 263 500 282 501 283 501 310 500 342 497 351 500 361 502 361 502 362 503 400 503 400 502 401 502 406 500 412 497 428 500 441 502 441 502 504 501 513 501 538 496 672 501 674 484 671 458 527 458 526 458 482 451 481 451 446 458 407 452 366 452 365 452 364 452 344 458 308 452 307 452 306 452 286 459 255 452 254 452 253 452 225 460 221 460 218 460 171 452 171 452 100 458 79 452 78 452 77 452 76 452 52 460 52 461 23 461 24 487"/>
                        </Shape>
                        <String CONTENT=""/>
                    </TextLine>

                    <TextLine ID="line_10" HPOS="23" VPOS="497" WIDTH="768" HEIGHT="51" BASELINE="24 531 791 529" TAGREFS="TYPE_1">
                        <Shape>
                            <Polygon POINTS="24 531 24 541 60 547 61 547 61 547 79 543 140 547 141 547 141 547 151 542 152 542 153 542 169 547 170 547 171 548 253 548 253 547 254 547 268 543 269 543 273 543 302 546 303 546 304 546 305 546 309 543 312 541 398 541 404 544 411 546 411 546 412 546 413 546 422 544 431 541 446 544 460 546 460 546 461 546 467 544 475 540 541 540 606 544 619 545 620 545 626 544 662 540 699 545 702 545 703 545 705 545 727 540 789 545 791 529 789 507 697 507 697 506 683 501 682 501 681 501 680 501 668 506 641 506 591 506 576 498 576 498 575 498 574 498 573 498 564 503 539 497 538 497 476 506 465 507 410 507 406 506 390 498 389 498 353 498 352 498 351 498 331 505 328 506 325 505 304 500 303 500 302 500 263 504 232 499 163 499 162 499 161 499 141 505 136 506 130 505 100 499 99 499 98 499 78 505 68 507 60 505 43 499 42 499 42 499 41 499 23 504 24 531"/>
                        </Shape>
                        <String CONTENT=""/>
                    </TextLine>

                    <TextLine ID="line_11" HPOS="24" VPOS="538" WIDTH="669" HEIGHT="55" BASELINE="25 574 693 575" TAGREFS="TYPE_1">
                        <Shape>
                            <Polygon POINTS="25 574 24 587 30 591 31 591 32 591 33 592 73 592 73 591 73 591 74 591 81 586 103 591 104 591 104 591 146 586 326 591 327 591 354 586 396 592 397 592 504 587 519 592 520 592 521 593 553 593 553 592 554 592 555 592 561 587 571 592 572 592 573 592 574 592 596 587 625 592 626 592 627 592 628 592 636 587 692 586 693 575 691 543 656 546 631 546 627 543 623 539 622 539 621 539 561 539 560 539 559 539 546 543 535 546 522 544 504 539 503 539 503 539 491 544 481 548 453 548 435 544 413 539 412 539 380 544 360 547 352 544 338 538 337 538 305 538 304 538 276 544 266 547 199 547 196 545 187 541 186 541 185 541 165 545 164 545 163 545 149 538 148 538 147 538 117 545 112 546 107 545 73 538 73 538 72 538 71 538 61 545 60 546 59 545 50 541 49 541 49 541 25 545 25 574"/>
                        </Shape>
                        <String CONTENT=""/>
                    </TextLine>

                    <TextLine ID="line_12" HPOS="24" VPOS="584" WIDTH="669" HEIGHT="52" BASELINE="24 619 693 617" TAGREFS="TYPE_1">
                        <Shape>
                            <Polygon POINTS="24 619 24 629 134 629 136 629 154 636 155 636 156 636 200 630 211 629 294 629 297 630 307 635 308 635 309 635 338 631 398 635 399 635 427 631 447 628 462 631 477 635 478 635 538 635 538 635 539 635 539 635 543 632 550 627 571 627 578 632 582 635 582 635 583 635 584 635 625 635 625 635 626 635 632 632 640 629 647 632 652 635 653 635 654 635 655 635 663 632 676 629 691 632 693 617 692 593 661 593 634 584 633 584 632 584 596 593 547 593 518 584 517 584 516 584 515 584 490 592 471 584 470 584 469 584 429 585 429 585 409 593 315 593 296 587 295 587 294 587 294 587 277 593 259 585 258 585 257 585 257 585 256 585 247 591 207 586 206 586 171 593 135 586 134 586 134 586 108 593 96 586 95 586 94 586 48 586 47 586 46 586 24 593 24 619"/>
                        </Shape>
                        <String CONTENT=""/>
                    </TextLine>

                    <TextLine ID="line_13" HPOS="26" VPOS="626" WIDTH="669" HEIGHT="54" BASELINE="27 663 695 661" TAGREFS="TYPE_1">
                        <Shape>
                            <Polygon POINTS="27 663 27 673 82 673 85 673 100 678 101 678 102 678 137 673 142 673 145 673 168 680 169 680 170 680 261 673 269 673 274 673 315 680 316 680 363 673 373 672 383 673 412 678 413 678 439 673 447 672 449 673 462 679 463 679 464 680 500 680 500 679 501 679 514 673 516 672 531 673 599 679 600 680 682 680 682 679 683 679 695 673 695 661 693 626 670 626 669 626 668 626 668 626 657 634 638 627 636 626 635 626 634 626 633 626 632 626 632 627 621 635 487 635 475 629 467 626 466 626 466 626 465 626 457 629 449 633 420 630 400 629 399 629 398 629 398 629 395 630 387 635 368 635 354 631 336 627 335 627 334 627 333 627 332 627 326 632 324 635 317 632 306 628 305 628 304 628 303 628 294 632 288 636 265 636 261 633 252 627 251 627 251 627 178 627 177 627 177 627 160 634 143 629 142 629 141 629 141 629 140 629 130 635 116 629 116 629 115 629 114 629 102 635 83 630 82 630 81 630 57 632 49 627 49 627 48 627 47 627 46 627 26 635 27 663"/>
                        </Shape>
                        <String CONTENT=""/>
                    </TextLine>

                    <TextLine ID="line_14" HPOS="25" VPOS="673" WIDTH="662" HEIGHT="49" BASELINE="25 707 687 707" TAGREFS="TYPE_1">
                        <Shape>
                            <Polygon POINTS="25 707 25 715 95 721 96 721 97 721 113 716 121 721 122 721 122 721 123 721 181 716 198 715 209 717 238 721 239 721 288 718 321 715 335 718 343 720 343 720 365 719 400 716 411 719 420 721 421 721 422 721 423 721 431 719 445 715 466 720 469 720 470 721 470 720 472 720 493 715 499 720 501 721 502 721 503 721 503 721 516 720 554 715 588 721 594 721 595 721 601 721 646 715 656 721 656 721 657 721 658 722 687 722 687 707 687 681 605 681 604 679 596 673 595 673 595 673 594 673 534 678 513 673 512 673 511 673 510 673 503 678 501 681 470 681 460 678 441 673 441 673 440 673 404 678 392 678 386 677 370 673 369 673 368 673 368 673 358 677 350 680 293 680 287 676 284 673 283 673 282 673 238 673 237 673 236 673 231 675 220 681 171 681 159 674 157 673 156 673 105 673 104 673 104 673 103 673 103 674 94 681 63 681 55 674 55 674 54 674 25 673 25 707"/>
                        </Shape>
                        <String CONTENT=""/>
                    </TextLine>

                    <TextLine ID="line_15" HPOS="25" VPOS="715" WIDTH="672" HEIGHT="53" BASELINE="26 749 697 751" TAGREFS="TYPE_1">
                        <Shape>
                            <Polygon POINTS="26 749 25 763 88 766 89 766 90 766 91 766 95 763 99 760 127 763 163 766 164 766 199 763 208 762 208 763 214 766 215 766 216 766 217 766 236 763 248 760 269 762 306 766 306 766 343 762 358 760 361 762 366 765 367 765 368 765 368 765 392 762 398 761 398 762 406 767 407 767 408 767 409 768 454 768 454 767 455 767 472 761 475 761 478 761 505 767 506 767 539 761 542 761 546 761 591 766 592 766 696 760 697 751 697 723 671 716 670 716 669 716 668 716 650 722 644 724 591 722 509 720 508 720 496 722 488 724 484 722 477 717 476 717 475 717 474 717 450 721 441 716 441 716 440 716 382 716 381 716 380 716 368 721 361 724 355 721 349 719 349 719 348 719 336 721 331 722 330 721 321 715 320 715 319 715 319 715 269 721 250 723 246 721 239 715 238 715 237 715 236 715 235 715 215 721 212 721 208 721 177 715 148 715 147 715 147 715 134 721 128 724 83 724 77 721 69 715 68 715 67 715 67 715 26 720 26 749"/>
                        </Shape>
                        <String CONTENT=""/>
                    </TextLine>

                    <TextLine ID="line_16" HPOS="27" VPOS="760" WIDTH="668" HEIGHT="50" BASELINE="28 795 695 792" TAGREFS="TYPE_1">
                        <Shape>
                            <Polygon POINTS="28 795 29 810 54 803 122 809 128 809 128 809 129 809 130 809 141 803 165 807 166 807 245 802 263 807 268 808 269 808 269 808 297 807 355 802 362 806 367 807 368 807 368 807 386 805 408 802 444 805 491 807 492 807 493 807 494 807 499 804 503 801 554 803 665 807 666 807 694 801 695 792 693 768 644 762 643 762 619 767 618 767 617 767 607 762 606 762 605 762 604 762 603 762 596 767 595 768 496 768 492 766 483 760 482 760 481 760 439 760 438 760 437 760 423 765 415 768 352 764 276 761 275 761 274 761 263 764 247 769 229 764 218 761 217 761 216 761 215 761 208 764 192 770 168 764 161 762 160 762 159 762 159 762 158 762 156 764 145 770 127 770 27 763 28 795"/>
                        </Shape>
                        <String CONTENT=""/>
                    </TextLine>

                    <TextLine ID="line_17" HPOS="28" VPOS="804" WIDTH="669" HEIGHT="52" BASELINE="29 838 697 837" TAGREFS="TYPE_1">
                        <Shape>
                            <Polygon POINTS="29 838 29 856 54 855 55 855 55 855 65 849 112 854 113 854 114 854 131 849 191 849 198 853 199 853 200 853 201 853 289 849 300 852 307 855 308 855 309 856 352 856 352 855 377 851 399 849 406 851 414 854 415 854 416 855 522 855 522 854 523 854 533 849 535 849 552 849 637 854 638 854 696 847 697 837 694 808 552 810 542 808 523 804 522 804 521 804 509 808 503 810 498 808 490 804 490 804 489 804 464 808 453 810 445 808 430 804 429 804 429 804 428 804 427 804 421 808 417 810 407 808 385 804 384 804 383 804 369 808 361 811 354 808 343 805 343 805 342 805 313 808 293 811 281 808 264 805 263 805 247 808 237 811 226 808 216 806 215 806 214 806 214 806 202 808 196 810 194 808 190 805 189 805 188 805 125 805 124 805 123 805 122 805 118 808 116 811 106 808 90 805 89 805 28 808 29 838"/>
                        </Shape>
                        <String CONTENT=""/>
                    </TextLine>

                    <TextLine ID="line_18" HPOS="25" VPOS="848" WIDTH="672" HEIGHT="46" BASELINE="26 883 697 881" TAGREFS="TYPE_1">
                        <Shape>
                            <Polygon POINTS="26 883 26 892 695 894 697 881 694 850 595 855 588 849 587 848 586 848 585 848 564 848 563 848 562 848 561 848 558 849 551 856 494 856 486 849 484 848 484 848 483 848 454 848 453 848 453 848 452 848 450 849 442 856 415 856 398 849 392 848 391 848 390 848 389 848 388 848 386 849 377 855 367 849 362 848 361 848 361 848 360 848 356 849 347 855 325 849 324 849 323 849 322 849 321 849 312 856 274 850 273 850 272 850 255 856 246 849 245 849 245 849 244 849 199 849 198 849 194 849 167 856 54 856 25 849 26 883"/>
                        </Shape>
                        <String CONTENT=""/>
                    </TextLine>

                    <TextLine ID="line_19" HPOS="28" VPOS="892" WIDTH="669" HEIGHT="49" BASELINE="28 926 697 926" TAGREFS="TYPE_1">
                        <Shape>
                            <Polygon POINTS="28 926 28 939 696 941 697 926 696 892 631 897 624 892 623 892 622 892 621 892 620 892 618 892 596 898 576 892 576 892 575 892 574 892 573 892 572 892 561 898 504 894 503 894 503 894 488 898 482 893 479 892 478 892 478 892 462 892 461 892 460 892 460 892 457 894 449 899 401 899 395 895 391 892 390 892 389 892 359 892 358 892 357 892 356 892 352 895 346 899 297 899 292 896 286 892 285 892 284 892 251 892 251 892 226 897 216 898 214 897 208 892 207 892 206 892 184 892 183 892 182 892 167 898 163 898 124 898 104 898 98 892 97 892 96 892 95 892 94 892 83 898 28 898 28 926"/>
                        </Shape>
                        <String CONTENT=""/>
                    </TextLine>

                    <TextLine ID="line_20" HPOS="29" VPOS="935" WIDTH="669" HEIGHT="50" BASELINE="30 972 698 969" TAGREFS="TYPE_1">
                        <Shape>
                            <Polygon POINTS="30 972 30 985 60 979 139 979 146 984 147 984 147 984 148 984 158 984 214 979 239 983 251 984 251 984 252 984 260 983 273 979 285 982 290 984 291 984 292 984 293 984 296 982 304 978 348 982 381 984 382 984 398 981 413 978 479 979 615 983 616 983 658 978 659 978 660 978 683 983 684 983 685 983 698 977 698 969 696 941 616 935 615 935 614 935 613 935 606 941 546 941 537 935 536 935 535 935 506 935 505 935 472 941 461 936 460 936 460 936 425 940 366 935 365 935 338 942 275 942 257 935 256 935 255 935 254 935 253 935 245 942 220 936 220 936 171 936 170 936 169 936 151 942 141 936 141 936 140 936 105 936 104 936 104 936 89 942 53 936 52 936 51 936 29 943 30 972"/>
                        </Shape>
                        <String CONTENT=""/>
                    </TextLine>

                    <TextLine ID="line_21" HPOS="27" VPOS="977" WIDTH="670" HEIGHT="55" BASELINE="28 1012 697 1014" TAGREFS="TYPE_1">
                        <Shape>
                            <Polygon POINTS="28 1012 27 1030 68 1031 69 1031 70 1031 71 1031 72 1030 81 1023 113 1029 118 1030 119 1030 120 1030 122 1029 134 1025 140 1029 141 1031 142 1031 143 1031 144 1031 145 1031 150 1029 167 1022 192 1028 202 1031 202 1031 203 1031 220 1028 255 1022 276 1027 288 1031 288 1031 289 1031 311 1027 338 1022 351 1027 355 1028 356 1028 357 1028 371 1027 393 1023 398 1027 405 1032 406 1032 407 1032 408 1032 409 1032 430 1027 459 1032 460 1032 460 1032 476 1025 482 1023 490 1025 519 1032 520 1032 552 1024 559 1023 573 1024 654 1032 655 1032 656 1032 656 1032 669 1023 670 1023 696 1023 697 1014 695 984 660 985 650 984 625 978 624 978 623 978 605 984 597 986 560 986 556 984 545 978 544 978 527 978 526 978 525 978 524 978 515 984 514 984 513 984 505 978 504 978 503 978 503 978 502 978 490 984 485 985 482 984 478 980 477 980 476 980 475 980 474 980 463 984 461 984 460 984 428 978 427 978 426 978 425 978 417 984 415 985 364 985 361 984 348 977 347 977 294 977 293 977 292 977 291 977 285 981 258 977 257 977 257 977 239 984 237 984 235 984 222 977 221 977 220 977 192 983 176 977 175 977 174 977 173 977 172 977 163 984 162 984 118 984 117 984 110 978 109 978 108 978 90 977 89 977 88 977 69 984 67 984 28 984 28 1012"/>
                        </Shape>
                        <String CONTENT=""/>
                    </TextLine>

                    <TextLine ID="line_22" HPOS="27" VPOS="1025" WIDTH="671" HEIGHT="49" BASELINE="27 1057 698 1057" TAGREFS="TYPE_1">
                        <Shape>
                            <Polygon POINTS="27 1057 27 1065 92 1071 92 1071 137 1066 138 1066 139 1066 148 1073 149 1073 150 1073 151 1074 200 1074 200 1073 201 1073 216 1067 249 1073 250 1073 251 1073 263 1066 272 1073 273 1073 274 1073 275 1073 276 1073 298 1066 300 1066 301 1066 324 1073 325 1073 325 1073 361 1066 364 1066 368 1067 388 1071 389 1071 431 1067 439 1066 441 1067 460 1073 461 1073 462 1073 504 1067 512 1066 576 1066 578 1067 589 1073 590 1073 591 1073 697 1067 698 1057 697 1032 634 1032 633 1031 625 1025 625 1025 624 1025 623 1025 622 1025 606 1031 604 1031 596 1030 538 1025 537 1025 536 1025 520 1030 515 1031 503 1029 464 1025 463 1025 462 1025 450 1029 445 1032 412 1032 408 1029 403 1025 402 1025 401 1025 400 1025 399 1025 392 1028 390 1029 377 1028 327 1025 326 1025 325 1025 318 1028 311 1032 275 1032 266 1027 260 1025 259 1025 189 1025 188 1025 187 1025 186 1025 184 1027 177 1031 102 1026 79 1025 79 1025 78 1025 73 1026 55 1031 27 1026 27 1057"/>
                        </Shape>
                        <String CONTENT=""/>
                    </TextLine>

                    <TextLine ID="line_23" HPOS="27" VPOS="1066" WIDTH="672" HEIGHT="52" BASELINE="28 1101 699 1100" TAGREFS="TYPE_1">
                        <Shape>
                            <Polygon POINTS="28 1101 28 1111 79 1111 80 1111 89 1118 90 1118 91 1118 92 1118 156 1118 156 1118 157 1118 158 1118 166 1111 169 1111 200 1117 312 1118 313 1118 314 1118 315 1118 324 1111 325 1111 327 1111 383 1117 384 1117 385 1117 398 1112 423 1117 423 1117 424 1117 438 1111 440 1110 444 1111 465 1115 466 1115 466 1115 484 1111 487 1110 489 1111 501 1117 502 1117 503 1118 572 1118 572 1117 573 1117 588 1111 589 1110 625 1110 628 1111 650 1117 650 1117 651 1117 698 1110 699 1100 697 1075 599 1074 585 1068 584 1068 583 1068 582 1068 558 1074 541 1066 540 1066 462 1066 461 1066 460 1066 441 1074 400 1068 399 1068 355 1073 343 1067 343 1067 288 1067 288 1067 254 1074 216 1067 215 1067 214 1067 191 1075 59 1067 58 1067 57 1067 56 1067 44 1076 27 1076 28 1101"/>
                        </Shape>
                        <String CONTENT=""/>
                    </TextLine>

                    <TextLine ID="line_24" HPOS="28" VPOS="1111" WIDTH="671" HEIGHT="52" BASELINE="28 1144 699 1144" TAGREFS="TYPE_1">
                        <Shape>
                            <Polygon POINTS="28 1144 28 1156 65 1162 66 1162 67 1162 85 1156 89 1155 96 1156 129 1162 130 1162 131 1162 143 1156 144 1156 151 1156 202 1160 203 1160 204 1160 212 1156 214 1155 215 1156 224 1160 225 1160 226 1160 245 1156 250 1155 253 1156 266 1161 267 1161 268 1161 269 1161 269 1161 276 1156 279 1155 314 1155 321 1156 370 1162 371 1162 372 1162 373 1162 382 1155 384 1155 429 1155 430 1155 439 1162 440 1162 441 1162 441 1163 474 1163 474 1162 475 1162 493 1155 502 1162 503 1162 503 1162 504 1163 582 1163 582 1162 613 1155 624 1162 625 1162 625 1162 626 1163 646 1163 646 1162 647 1162 662 1155 699 1155 699 1144 699 1118 676 1118 662 1111 661 1111 660 1111 464 1118 450 1111 449 1111 426 1111 425 1111 424 1111 397 1118 384 1111 383 1111 332 1111 331 1111 331 1111 330 1111 320 1118 306 1118 278 1111 277 1111 219 1111 218 1111 217 1111 193 1118 182 1111 181 1111 180 1111 179 1111 178 1111 158 1118 75 1118 61 1111 60 1111 59 1111 28 1118 28 1144"/>
                        </Shape>
                        <String CONTENT=""/>
                    </TextLine>

                    <TextLine ID="line_25" HPOS="29" VPOS="1155" WIDTH="671" HEIGHT="49" BASELINE="30 1189 700 1187" TAGREFS="TYPE_1">
                        <Shape>
                            <Polygon POINTS="30 1189 30 1200 161 1197 174 1199 194 1204 195 1204 227 1199 250 1204 251 1204 251 1204 252 1204 259 1198 260 1198 263 1198 276 1203 276 1203 277 1203 278 1203 279 1203 286 1198 288 1197 301 1198 331 1202 332 1202 359 1198 366 1197 368 1198 379 1203 380 1203 380 1204 417 1204 417 1203 418 1203 419 1203 424 1198 449 1203 450 1203 451 1203 452 1203 460 1197 463 1196 491 1196 494 1197 510 1203 511 1203 512 1203 595 1198 613 1203 613 1203 614 1204 663 1204 663 1203 700 1194 700 1187 699 1161 655 1161 647 1156 646 1156 645 1156 644 1156 609 1161 600 1155 599 1155 598 1155 597 1155 596 1155 584 1161 553 1161 539 1155 538 1155 537 1155 515 1159 488 1155 487 1155 486 1155 474 1161 447 1161 435 1155 434 1155 402 1155 401 1155 400 1155 399 1155 391 1161 363 1161 344 1156 343 1156 343 1156 342 1156 321 1161 280 1155 279 1155 278 1155 266 1162 227 1162 219 1155 218 1155 217 1155 190 1155 190 1155 163 1161 116 1157 115 1157 65 1161 42 1155 41 1155 40 1155 39 1155 38 1155 29 1161 30 1189"/>
                        </Shape>
                        <String CONTENT=""/>
                    </TextLine>

                    <TextLine ID="line_26" HPOS="30" VPOS="1197" WIDTH="668" HEIGHT="54" BASELINE="30 1231 698 1231" TAGREFS="TYPE_1">
                        <Shape>
                            <Polygon POINTS="30 1231 30 1248 42 1243 123 1243 133 1247 138 1250 139 1250 140 1250 141 1250 141 1250 144 1247 148 1244 195 1243 227 1243 233 1247 240 1250 241 1250 242 1251 299 1251 299 1250 300 1250 300 1250 305 1246 306 1245 312 1246 332 1250 333 1250 334 1250 348 1246 355 1243 359 1246 364 1250 365 1250 366 1250 367 1250 390 1246 394 1245 398 1245 426 1250 427 1250 428 1250 439 1245 443 1243 471 1243 474 1245 483 1250 484 1250 484 1250 485 1251 515 1251 515 1250 565 1244 572 1243 574 1244 582 1250 583 1250 584 1250 585 1251 609 1251 609 1250 610 1250 625 1243 626 1243 628 1243 653 1250 654 1250 655 1250 656 1250 656 1250 666 1243 667 1243 698 1243 698 1231 698 1206 618 1205 601 1197 601 1197 575 1197 574 1197 573 1197 552 1206 515 1206 500 1197 499 1197 498 1197 497 1197 496 1197 473 1204 462 1198 461 1198 460 1198 431 1204 410 1198 409 1198 408 1198 407 1198 406 1198 394 1206 337 1206 312 1198 311 1198 310 1198 277 1205 255 1197 254 1197 253 1197 252 1197 235 1205 217 1197 216 1197 215 1197 181 1204 161 1197 160 1197 94 1197 93 1197 92 1197 92 1197 82 1204 70 1200 69 1200 68 1200 30 1205 30 1231"/>
                        </Shape>
                        <String CONTENT=""/>
                    </TextLine>

                    <TextLine ID="line_27" HPOS="32" VPOS="1240" WIDTH="666" HEIGHT="68" BASELINE="33 1277 698 1275" TAGREFS="TYPE_1">
                        <Shape>
                            <Polygon POINTS="33 1277 33 1300 80 1296 92 1301 97 1302 98 1302 98 1303 98 1302 99 1302 104 1301 116 1296 174 1296 183 1302 192 1308 193 1308 194 1308 195 1308 230 1308 230 1308 261 1302 282 1298 294 1302 305 1307 306 1307 306 1308 340 1308 340 1307 341 1307 350 1302 357 1300 374 1303 395 1307 396 1307 397 1307 404 1303 421 1296 452 1296 490 1304 502 1306 503 1306 520 1304 536 1302 537 1302 538 1302 549 1295 585 1295 601 1305 601 1306 602 1306 603 1306 604 1307 644 1307 644 1306 644 1306 647 1305 656 1301 666 1305 668 1306 668 1306 669 1306 698 1305 698 1275 696 1240 676 1240 675 1240 674 1240 674 1240 662 1247 591 1247 580 1241 577 1240 576 1240 557 1240 556 1240 555 1240 550 1241 533 1248 496 1248 484 1242 477 1240 476 1240 475 1240 429 1241 428 1241 427 1241 424 1244 418 1248 410 1244 403 1241 402 1241 401 1241 384 1244 369 1247 360 1245 347 1241 346 1241 345 1241 344 1241 335 1245 328 1249 254 1249 248 1247 240 1241 239 1241 239 1241 204 1241 203 1241 202 1241 202 1241 194 1247 193 1247 167 1241 166 1241 165 1241 151 1248 148 1250 81 1250 80 1249 70 1241 69 1241 68 1241 49 1241 49 1241 48 1241 32 1248 33 1277"/>
                        </Shape>
                        <String CONTENT=""/>
                    </TextLine>
</TextBlock>
                <TextBlock ID="block_1" HPOS="689" VPOS="366" WIDTH="137" HEIGHT="174" TAGREFS="TYPE_13">
                    <Shape>
                        <Polygon POINTS="689.8663330078125 366.6822509765625 826.2007446289062 366.6822509765625 826.2007446289062 540.2916259765625 689.8663330078125 540.2916259765625 689.8663330078125 366.6822509765625"/>
                    </Shape>
                    <TextLine ID="line_28" HPOS="692" VPOS="397" WIDTH="133" HEIGHT="31" BASELINE="692 419 825 419" TAGREFS="TYPE_1">
                        <Shape>
                            <Polygon POINTS="692 419 692 428 825 426 825 419 825 400 692 397 692 419"/>
                        </Shape>
                        <String CONTENT=""/>
                    </TextLine>

                    <TextLine ID="line_29" HPOS="692" VPOS="454" WIDTH="123" HEIGHT="29" BASELINE="693 475 815 472" TAGREFS="TYPE_1">
                        <Shape>
                            <Polygon POINTS="693 475 693 483 815 483 815 472 813 454 692 456 693 475"/>
                        </Shape>
                        <String CONTENT=""/>
                    </TextLine>

                    <TextLine ID="line_30" HPOS="691" VPOS="478" WIDTH="133" HEIGHT="41" BASELINE="691 501 824 501" TAGREFS="TYPE_1">
                        <Shape>
                            <Polygon POINTS="691 501 691 511 751 514 752 514 753 514 770 510 783 517 787 519 788 519 789 519 824 519 824 501 824 482 691 478 691 501"/>
                        </Shape>
                        <String CONTENT=""/>
                    </TextLine>
</TextBlock>
            </PrintSpace>
        </Page>
    </Layout>
</alto>