<?xml version="1.0" encoding="UTF-8"?>
<alto xmlns:xsi="http://www.w3.org/2001/XMLSchema-instance"
    xmlns="http://www.loc.gov/standards/alto/ns-v4#"
    xsi:schemaLocation="http://www.loc.gov/standards/alto/ns-v4# http://www.loc.gov/standards/alto/v4/alto-4-3.xsd">
    <Description>
        <MeasurementUnit>pixel</MeasurementUnit>
        <sourceImageInformation>
            <fileName>7325967.jpeg</fileName>
        </sourceImageInformation>
        <Processing ID="OCR_0">
            <processingCategory>other</processingCategory>
            <processingStepDescription>unknown</processingStepDescription>
            <processingSoftware>
                <softwareName>kraken</softwareName>
                <softwareVersion>4.3.13</softwareVersion>
            </processingSoftware>
        </Processing>
    </Description>
    <Tags>
        <OtherTag ID="TYPE_1" LABEL="DefaultLine"/>
        <OtherTag ID="TYPE_2" LABEL="NumberingZone"/>
        <OtherTag ID="TYPE_3" LABEL="MainZone-Entry-Continued"/>
        <OtherTag ID="TYPE_4" LABEL="MainZone-Form"/>
        <OtherTag ID="TYPE_5" LABEL="MainZone-Lg"/>
        <OtherTag ID="TYPE_6" LABEL="DigitizationArtefactZone"/>
        <OtherTag ID="TYPE_7" LABEL="TableZone-Head"/>
        <OtherTag ID="TYPE_8" LABEL="MainZone-Sp"/>
        <OtherTag ID="TYPE_9" LABEL="MainZone-Sp-Continued"/>
        <OtherTag ID="TYPE_10" LABEL="TableZone-Continued"/>
        <OtherTag ID="TYPE_11" LABEL="MarginTextZone-ManuscriptAddendum"/>
        <OtherTag ID="TYPE_12" LABEL="GraphicZone-FigDesc"/>
        <OtherTag ID="TYPE_13" LABEL="MarginTextZone-Notes"/>
        <OtherTag ID="TYPE_14" LABEL="StampZone"/>
        <OtherTag ID="TYPE_15" LABEL="FigureZone"/>
        <OtherTag ID="TYPE_16" LABEL="MainZone-Head"/>
        <OtherTag ID="TYPE_17" LABEL="DropCapitalZone"/>
        <OtherTag ID="TYPE_18" LABEL="MainZone-Date"/>
        <OtherTag ID="TYPE_19" LABEL="MainZone-List-Continued"/>
        <OtherTag ID="TYPE_20" LABEL="FigureZone-Head"/>
        <OtherTag ID="TYPE_21" LABEL="GraphicZone-Head"/>
        <OtherTag ID="TYPE_22" LABEL="MainZone-P"/>
        <OtherTag ID="TYPE_23" LABEL="MainZone-Signature"/>
        <OtherTag ID="TYPE_24" LABEL="TitlePageZone-Index"/>
        <OtherTag ID="TYPE_25" LABEL="MainZone-Lg-Continued"/>
        <OtherTag ID="TYPE_26" LABEL="GraphicZone"/>
        <OtherTag ID="TYPE_27" LABEL="MarginTextZone-Notes-Continued"/>
        <OtherTag ID="TYPE_28" LABEL="GraphicZone-TextualContent"/>
        <OtherTag ID="TYPE_29" LABEL="GraphicZone-Maths"/>
        <OtherTag ID="TYPE_30" LABEL="GraphicZone-Part"/>
        <OtherTag ID="TYPE_31" LABEL="MainZone-Other"/>
        <OtherTag ID="TYPE_32" LABEL="FigureZone-FigDesc"/>
        <OtherTag ID="TYPE_33" LABEL="GraphicZone-Decoration"/>
        <OtherTag ID="TYPE_34" LABEL="MainZone-List"/>
        <OtherTag ID="TYPE_35" LABEL="MainZone-Entry"/>
        <OtherTag ID="TYPE_36" LABEL="AdvertisementZone"/>
        <OtherTag ID="TYPE_37" LABEL="TitlePageZone"/>
        <OtherTag ID="TYPE_38" LABEL="StampZone-Sticker"/>
        <OtherTag ID="TYPE_39" LABEL="MainZone-P-Continued"/>
        <OtherTag ID="TYPE_40" LABEL="TableZone"/>
        <OtherTag ID="TYPE_41" LABEL="RunningTitleZone"/>
        <OtherTag ID="TYPE_42" LABEL="QuireMarksZone"/>
    </Tags>
    <Layout>
        <Page WIDTH="1000" HEIGHT="1547" PHYSICAL_IMG_NR="0" ID="page_0">
            <PrintSpace HPOS="0" VPOS="0" WIDTH="1000" HEIGHT="1547">
                <TextBlock ID="block_2" HPOS="175" VPOS="98" WIDTH="358" HEIGHT="41" TAGREFS="TYPE_41">
                    <Shape>
                        <Polygon POINTS="175.640869140625 98.40036010742188 533.0186157226562 98.40036010742188 533.0186157226562 139.20274353027344 175.640869140625 139.20274353027344 175.640869140625 98.40036010742188"/>
                    </Shape>
                    <TextLine ID="line_0" HPOS="173" VPOS="91" WIDTH="364" HEIGHT="53" BASELINE="173 128 537 128" TAGREFS="TYPE_1">
                        <Shape>
                            <Polygon POINTS="173 128 173 140 229 143 230 143 231 143 232 143 232 142 233 141 239 136 259 136 281 141 287 143 288 143 288 143 289 143 290 143 292 141 296 139 312 142 316 142 317 142 318 142 319 142 325 137 408 136 433 143 435 143 435 143 436 144 466 144 466 143 467 143 468 143 468 142 474 137 490 143 491 143 492 144 537 144 537 128 537 99 521 99 521 98 514 92 514 91 513 91 512 91 511 91 510 91 498 96 482 91 481 91 480 91 479 91 478 91 468 98 467 98 447 91 447 91 446 91 445 91 429 97 429 98 429 97 422 92 422 91 421 91 420 91 419 91 390 97 383 98 371 97 343 94 342 94 318 97 302 98 296 97 287 93 286 93 285 93 284 93 283 93 278 97 275 98 265 97 251 93 250 93 249 93 239 96 232 98 227 96 221 91 220 91 220 91 219 91 173 95 173 128"/>
                        </Shape>
                        <String CONTENT=""/>
                    </TextLine>
</TextBlock>
                <TextBlock ID="block_0" HPOS="640" VPOS="100" WIDTH="77" HEIGHT="41" TAGREFS="TYPE_2">
                    <Shape>
                        <Polygon POINTS="640.178466796875 100.84612274169922 717.2535400390625 100.84612274169922 717.2535400390625 141.5548095703125 640.178466796875 141.5548095703125 640.178466796875 100.84612274169922"/>
                    </Shape>
                    <TextLine ID="line_1" HPOS="644" VPOS="93" WIDTH="65" HEIGHT="61" BASELINE="644 128 709 128" TAGREFS="TYPE_1">
                        <Shape>
                            <Polygon POINTS="644 128 644 146 670 154 671 154 672 154 709 150 709 128 707 99 644 93 644 128"/>
                        </Shape>
                        <String CONTENT=""/>
                    </TextLine>
</TextBlock>
                <TextBlock ID="block_1" HPOS="21" VPOS="157" WIDTH="682" HEIGHT="1133" TAGREFS="TYPE_39">
                    <Shape>
                        <Polygon POINTS="21.20143699645996 157.34182739257812 703.4476928710938 157.34182739257812 703.4476928710938 1290.2591552734375 21.20143699645996 1290.2591552734375 21.20143699645996 157.34182739257812"/>
                    </Shape>
                    <TextLine ID="line_2" HPOS="31" VPOS="144" WIDTH="670" HEIGHT="52" BASELINE="31 183 159 179 701 180" TAGREFS="TYPE_1">
                        <Shape>
                            <Polygon POINTS="31 183 31 196 144 196 144 195 145 195 146 195 147 195 153 191 178 194 192 195 193 195 194 195 195 195 196 194 205 188 254 193 276 195 277 195 278 195 285 193 300 188 347 192 358 193 359 193 360 193 361 193 361 192 368 188 447 188 451 191 452 192 453 192 453 192 454 192 455 192 460 191 471 188 482 190 501 195 502 195 503 196 558 196 558 195 559 195 572 189 576 188 582 189 598 194 599 194 600 194 601 194 611 189 614 188 618 189 626 192 627 192 628 192 656 189 664 188 666 189 679 195 680 195 680 195 681 195 700 188 701 180 700 152 662 145 662 145 661 145 649 151 649 152 620 152 620 151 595 144 595 144 555 144 554 144 553 144 533 151 515 145 514 145 513 145 512 145 496 151 496 152 411 152 410 151 397 144 396 144 395 144 394 144 374 149 357 144 356 144 355 144 355 144 341 151 340 151 310 151 286 151 265 144 264 144 263 144 263 144 242 151 241 151 240 151 224 144 223 144 173 144 172 144 171 144 156 151 155 152 125 152 123 151 107 144 106 144 85 144 85 144 84 144 83 144 74 151 73 151 31 151 31 183"/>
                        </Shape>
                        <String CONTENT=""/>
                    </TextLine>

                    <TextLine ID="line_3" HPOS="30" VPOS="189" WIDTH="669" HEIGHT="52" BASELINE="30 226 699 222" TAGREFS="TYPE_1">
                        <Shape>
                            <Polygon POINTS="30 226 30 234 91 235 109 241 110 241 110 241 159 237 214 240 215 240 216 240 226 236 230 234 252 236 308 240 309 240 310 240 324 236 328 235 338 236 357 238 358 238 359 238 363 236 370 233 432 233 439 237 442 239 443 239 444 239 445 240 531 240 531 239 532 239 537 238 546 233 553 238 556 238 557 238 558 239 603 239 603 238 604 238 605 238 606 238 613 232 698 238 699 222 696 189 665 196 617 196 602 190 601 190 601 190 600 190 599 190 597 190 582 195 538 192 537 192 536 192 535 192 528 197 479 197 470 193 461 189 460 189 460 189 459 189 450 193 441 196 429 193 412 189 411 189 411 189 399 194 392 196 386 194 376 189 375 189 374 189 374 189 358 195 349 197 340 195 331 192 330 192 197 190 196 190 124 192 123 192 122 192 113 198 112 199 92 199 73 199 61 191 60 191 59 191 58 191 57 191 30 199 30 226"/>
                        </Shape>
                        <String CONTENT=""/>
                    </TextLine>

                    <TextLine ID="line_4" HPOS="28" VPOS="233" WIDTH="670" HEIGHT="51" BASELINE="29 268 698 265" TAGREFS="TYPE_1">
                        <Shape>
                            <Polygon POINTS="29 268 29 276 58 283 59 284 86 284 86 283 87 283 88 283 97 278 199 283 200 283 201 283 202 283 213 276 214 275 319 275 319 275 325 281 326 281 327 281 328 281 354 277 411 282 411 282 412 282 426 275 447 275 474 275 478 275 515 281 515 281 516 281 534 276 547 281 548 281 549 282 625 282 625 281 625 281 647 275 697 275 698 265 697 240 678 233 677 233 676 233 675 233 656 240 568 240 529 233 528 233 527 233 514 240 481 240 473 240 472 240 403 234 402 234 401 234 390 240 377 234 376 234 375 234 335 240 312 234 311 234 310 234 309 234 293 240 280 234 279 234 251 234 251 234 217 235 216 235 215 235 208 241 201 235 200 235 199 235 198 235 197 235 181 241 167 235 166 235 165 235 165 235 153 241 153 242 128 242 126 241 85 235 85 235 84 235 83 235 76 241 28 241 29 268"/>
                        </Shape>
                        <String CONTENT=""/>
                    </TextLine>

                    <TextLine ID="line_5" HPOS="30" VPOS="275" WIDTH="661" HEIGHT="55" BASELINE="30 311 374 310 546 311 668 317 691 315" TAGREFS="TYPE_1">
                        <Shape>
                            <Polygon POINTS="30 311 30 326 189 322 214 327 215 327 216 327 217 327 261 322 309 328 314 328 315 328 319 328 355 323 445 327 446 327 447 327 459 323 478 329 480 329 481 329 482 329 485 329 505 324 515 329 516 329 517 329 518 330 591 330 591 329 592 329 603 324 689 329 691 315 689 286 627 280 626 280 560 285 558 285 557 285 549 278 548 278 547 278 525 278 524 278 485 285 482 285 478 285 420 277 419 277 418 277 398 285 385 285 369 285 369 284 359 277 358 277 357 277 356 277 292 282 263 276 206 276 205 276 204 276 178 283 135 276 134 276 104 283 56 275 39 275 38 275 37 275 36 275 30 281 30 311"/>
                        </Shape>
                        <String CONTENT=""/>
                    </TextLine>

                    <TextLine ID="line_6" HPOS="28" VPOS="319" WIDTH="671" HEIGHT="53" BASELINE="29 354 420 354 699 359" TAGREFS="TYPE_1">
                        <Shape>
                            <Polygon POINTS="29 354 28 363 55 368 55 368 56 368 67 364 79 370 79 370 80 370 125 364 130 364 134 365 160 371 161 371 162 371 177 365 179 364 202 364 203 365 210 371 211 371 212 371 213 371 214 371 225 366 227 364 233 366 257 371 257 371 282 366 290 364 293 366 300 371 300 371 301 371 302 371 355 366 357 366 359 366 389 372 390 372 391 372 404 366 410 365 442 365 447 367 456 372 457 372 458 372 476 367 488 365 549 365 553 368 559 372 560 372 561 372 562 372 698 369 699 359 698 322 663 330 594 330 584 323 584 322 583 322 582 322 582 322 581 322 579 323 563 329 520 329 514 324 513 324 512 324 511 324 455 328 447 324 441 321 441 321 440 321 439 321 434 324 424 328 401 324 385 321 384 321 383 321 377 324 369 329 344 329 337 324 331 320 330 320 329 320 266 320 265 320 264 320 256 325 251 327 247 325 237 320 236 320 235 320 206 325 196 327 188 325 165 320 165 320 164 320 149 325 148 326 148 325 141 319 140 319 139 319 138 319 137 319 124 326 123 326 110 319 109 319 79 319 78 319 29 326 29 354"/>
                        </Shape>
                        <String CONTENT=""/>
                    </TextLine>

                    <TextLine ID="line_7" HPOS="26" VPOS="364" WIDTH="672" HEIGHT="51" BASELINE="27 397 698 401" TAGREFS="TYPE_1">
                        <Shape>
                            <Polygon POINTS="27 397 26 407 55 411 56 411 73 408 84 406 95 408 116 412 116 412 117 412 128 409 132 407 136 409 144 412 145 412 195 413 196 413 299 410 411 408 417 412 419 414 420 414 421 414 422 415 491 415 491 414 492 414 493 414 494 413 503 408 528 408 581 408 594 414 596 415 597 415 598 415 602 414 627 409 635 415 636 415 637 415 638 415 697 415 698 401 695 366 673 373 569 373 543 367 542 367 541 367 530 372 514 366 510 366 509 366 389 366 388 366 387 366 384 367 374 372 331 367 314 366 313 366 312 366 309 367 300 371 278 367 271 366 270 366 269 366 266 367 257 370 253 367 250 365 249 365 248 365 247 365 226 367 202 371 197 367 194 365 194 364 193 364 192 364 159 364 159 364 158 364 150 367 145 370 140 367 134 365 133 365 132 365 131 365 130 365 126 367 122 371 61 371 56 368 47 364 46 364 45 364 27 367 27 397"/>
                        </Shape>
                        <String CONTENT=""/>
                    </TextLine>

                    <TextLine ID="line_8" HPOS="25" VPOS="405" WIDTH="673" HEIGHT="55" BASELINE="26 443 297 440 698 446" TAGREFS="TYPE_1">
                        <Shape>
                            <Polygon POINTS="26 443 25 450 37 456 38 456 39 456 87 451 92 451 92 451 99 456 100 456 101 456 102 456 175 452 192 452 201 452 228 457 229 457 247 453 257 452 269 453 294 458 295 458 391 455 477 453 496 457 507 458 508 458 536 458 606 454 617 458 619 459 620 459 621 460 697 460 698 446 696 412 584 416 568 412 557 409 556 409 555 409 554 409 544 412 530 415 517 412 503 408 503 408 502 408 501 408 493 412 485 416 464 416 458 412 453 408 452 408 451 408 363 407 362 407 361 407 361 407 355 412 350 415 328 412 307 409 306 409 306 409 305 409 301 412 299 414 296 412 290 408 289 408 288 408 288 408 287 408 271 412 260 415 253 412 239 406 238 406 201 406 200 406 134 412 110 414 91 414 89 412 79 405 79 405 78 405 77 405 49 411 41 405 40 405 39 405 38 405 37 405 26 410 26 443"/>
                        </Shape>
                        <String CONTENT=""/>
                    </TextLine>

                    <TextLine ID="line_9" HPOS="25" VPOS="452" WIDTH="668" HEIGHT="51" BASELINE="26 486 359 484 693 489" TAGREFS="TYPE_1">
                        <Shape>
                            <Polygon POINTS="26 486 25 494 39 501 40 501 41 502 122 502 122 501 122 501 123 501 131 495 170 501 171 501 171 501 184 496 186 495 229 495 232 496 239 501 239 501 240 501 241 501 242 501 256 498 268 502 269 502 269 503 320 503 320 502 321 502 337 498 343 496 392 496 398 499 407 502 408 502 409 503 430 503 430 502 431 502 432 502 436 499 441 496 445 500 448 502 449 502 450 502 451 502 452 502 461 500 470 497 490 497 494 500 497 503 498 503 499 503 500 503 513 501 520 499 524 501 531 503 532 503 533 503 693 502 693 489 693 461 621 461 621 460 613 454 613 454 612 454 611 454 610 454 596 460 595 460 593 460 537 454 536 454 496 460 491 460 489 460 473 456 472 456 472 456 424 458 417 453 417 453 416 453 415 453 369 459 367 459 343 459 325 459 314 453 313 453 312 453 238 458 220 452 220 452 219 452 218 452 197 458 196 458 168 452 167 452 26 458 26 486"/>
                        </Shape>
                        <String CONTENT=""/>
                    </TextLine>

                    <TextLine ID="line_10" HPOS="24" VPOS="495" WIDTH="671" HEIGHT="54" BASELINE="25 528 695 531" TAGREFS="TYPE_1">
                        <Shape>
                            <Polygon POINTS="25 528 24 538 55 545 55 545 77 541 108 545 109 545 110 545 129 539 130 539 147 545 148 545 193 546 194 546 224 540 226 540 229 540 266 546 267 546 268 546 283 541 287 540 401 540 404 543 411 545 411 545 412 545 432 543 445 541 451 543 463 547 464 547 465 547 466 547 479 544 482 543 487 544 509 547 510 547 511 547 512 547 517 544 521 541 533 544 549 548 550 548 551 549 588 549 588 548 589 548 590 548 595 544 600 542 618 544 637 548 638 548 638 548 644 545 651 542 693 545 695 531 694 506 654 506 654 505 644 498 644 498 643 498 624 498 623 498 622 498 621 498 610 505 608 505 579 501 578 501 577 501 570 505 569 505 555 498 554 498 553 498 552 498 539 501 519 497 440 497 439 497 408 504 405 504 268 504 266 503 238 496 237 496 178 502 163 495 162 495 131 495 130 495 129 495 114 502 114 503 78 503 77 502 67 495 67 495 66 495 65 495 25 501 25 528"/>
                        </Shape>
                        <String CONTENT=""/>
                    </TextLine>

                    <TextLine ID="line_11" HPOS="24" VPOS="538" WIDTH="669" HEIGHT="54" BASELINE="24 573 693 575" TAGREFS="TYPE_1">
                        <Shape>
                            <Polygon POINTS="24 573 24 587 121 590 122 590 147 587 177 582 193 587 207 590 208 590 256 591 257 591 257 591 258 591 264 586 269 583 334 583 339 586 348 590 349 590 349 590 350 590 365 586 369 585 376 586 395 588 396 588 437 586 470 583 476 585 492 592 493 592 494 592 532 585 534 585 537 585 566 591 567 591 634 587 641 592 642 592 643 592 644 592 693 584 693 575 693 548 626 548 626 547 611 540 610 540 609 540 570 547 568 548 518 548 517 547 508 540 507 540 506 540 505 540 445 546 436 539 435 539 435 539 434 539 398 545 389 539 388 539 387 539 386 539 355 545 335 539 334 539 333 539 274 546 270 546 269 546 248 538 247 538 246 538 141 545 140 545 116 538 116 538 115 538 70 545 68 545 67 545 38 538 37 538 36 538 24 544 24 573"/>
                        </Shape>
                        <String CONTENT=""/>
                    </TextLine>

                    <TextLine ID="line_12" HPOS="24" VPOS="584" WIDTH="670" HEIGHT="51" BASELINE="24 617 694 617" TAGREFS="TYPE_1">
                        <Shape>
                            <Polygon POINTS="24 617 24 627 55 634 55 634 81 628 88 634 89 634 90 634 91 635 162 635 162 634 188 629 216 634 217 634 243 628 255 633 256 633 257 633 284 628 294 634 294 634 295 634 296 634 333 628 346 634 347 634 348 634 349 634 368 629 429 634 429 634 430 634 431 634 439 628 505 628 521 634 522 634 523 634 586 628 597 634 598 634 599 635 650 635 650 634 694 627 694 617 694 592 591 592 589 591 561 584 530 584 529 584 528 584 516 591 515 592 497 592 496 591 488 584 487 584 486 584 485 584 453 589 446 584 445 584 444 584 373 584 372 584 371 584 353 590 349 591 345 590 320 584 300 584 299 584 298 584 297 584 290 590 288 591 280 590 251 586 251 586 250 586 249 586 244 589 242 591 236 589 224 587 223 587 222 587 221 587 220 587 216 589 214 592 169 592 165 589 158 584 157 584 156 584 155 584 100 589 77 591 24 589 24 617"/>
                        </Shape>
                        <String CONTENT=""/>
                    </TextLine>

                    <TextLine ID="line_13" HPOS="24" VPOS="627" WIDTH="670" HEIGHT="50" BASELINE="24 660 694 661" TAGREFS="TYPE_1">
                        <Shape>
                            <Polygon POINTS="24 660 24 668 55 675 56 675 92 670 103 675 104 675 104 676 143 676 143 675 144 675 145 675 153 670 154 670 176 675 177 675 177 675 195 671 199 670 208 671 245 675 246 675 247 675 258 672 263 670 273 672 293 675 294 675 331 672 359 670 373 672 389 676 390 676 391 676 399 673 405 671 419 673 435 676 436 676 437 676 443 673 449 671 486 671 492 674 495 676 496 676 496 676 497 677 543 677 543 676 544 676 548 675 559 671 574 675 577 676 578 676 579 677 693 677 694 661 693 635 666 635 666 635 656 629 656 629 655 629 654 629 606 633 557 628 556 628 525 635 523 635 479 635 478 635 457 628 456 628 455 628 454 628 453 628 443 635 438 635 384 629 383 629 382 629 381 629 373 635 372 635 370 635 343 627 342 627 306 627 305 627 304 627 303 627 294 634 294 635 269 635 269 634 251 627 250 627 249 627 217 631 198 627 197 627 196 627 196 627 195 627 185 634 184 634 161 629 160 629 159 629 159 629 153 634 153 634 122 634 109 634 87 627 86 627 67 627 66 627 65 627 64 627 55 634 55 634 24 634 24 660"/>
                        </Shape>
                        <String CONTENT=""/>
                    </TextLine>

                    <TextLine ID="line_14" HPOS="23" VPOS="669" WIDTH="671" HEIGHT="50" BASELINE="24 703 694 705" TAGREFS="TYPE_1">
                        <Shape>
                            <Polygon POINTS="24 703 23 716 693 719 694 705 694 678 674 670 674 670 673 670 672 670 656 677 656 678 626 678 625 677 619 672 619 672 618 672 617 672 616 672 600 676 584 670 583 670 582 670 582 670 581 670 572 676 570 678 539 678 538 676 531 671 530 671 529 671 528 671 527 671 515 676 513 677 509 676 490 671 490 671 489 671 488 671 478 675 470 670 469 670 468 670 467 670 410 674 399 670 398 670 398 670 397 670 387 674 382 678 370 678 367 674 360 669 359 669 358 669 357 669 324 674 315 675 305 674 272 669 271 669 247 673 245 673 242 673 213 669 212 669 211 669 203 673 196 676 167 672 157 672 156 672 141 672 89 676 83 672 80 670 79 670 79 670 78 670 68 672 48 676 24 672 24 703"/>
                        </Shape>
                        <String CONTENT=""/>
                    </TextLine>

                    <TextLine ID="line_15" HPOS="24" VPOS="713" WIDTH="670" HEIGHT="51" BASELINE="25 747 694 751" TAGREFS="TYPE_1">
                        <Shape>
                            <Polygon POINTS="25 747 24 755 89 761 90 761 91 761 104 756 109 755 156 755 167 757 193 762 194 762 229 758 245 756 312 756 321 758 331 762 331 762 332 762 333 762 345 758 356 756 375 759 398 763 399 764 437 764 437 763 438 763 444 760 448 758 460 760 475 763 476 763 490 760 509 757 527 760 540 764 541 764 693 762 694 751 693 715 638 720 631 715 630 715 629 715 569 715 568 715 567 715 565 715 549 722 485 722 467 716 460 715 460 715 459 715 449 716 429 721 422 717 419 715 418 715 417 715 417 715 416 715 410 717 398 721 364 721 356 717 351 715 350 715 349 715 349 715 348 715 344 717 339 721 311 717 298 716 297 716 285 718 263 721 256 718 245 714 245 714 244 714 243 714 234 718 230 720 220 718 196 714 195 714 175 718 168 720 162 718 148 715 147 715 128 719 121 720 119 719 111 713 110 713 110 713 83 713 82 713 81 713 80 713 72 719 70 720 25 720 25 747"/>
                        </Shape>
                        <String CONTENT=""/>
                    </TextLine>

                    <TextLine ID="line_16" HPOS="26" VPOS="755" WIDTH="667" HEIGHT="53" BASELINE="26 790 693 793" TAGREFS="TYPE_1">
                        <Shape>
                            <Polygon POINTS="26 790 26 806 103 802 151 806 165 807 165 807 166 807 169 806 183 801 205 806 211 807 212 807 233 806 291 802 298 806 302 807 303 807 304 807 314 806 329 802 409 802 415 805 417 807 417 807 418 807 419 807 429 805 442 803 453 805 472 808 472 808 496 805 509 803 513 805 520 808 521 808 521 808 693 804 693 793 693 766 642 766 641 765 624 760 623 760 622 760 581 765 577 765 576 765 557 757 556 757 555 757 554 757 538 763 516 757 515 757 515 757 478 761 469 756 468 756 467 756 466 756 431 764 429 764 429 764 392 756 345 756 344 756 343 756 343 756 337 760 332 756 331 756 331 756 330 756 329 756 312 764 311 765 289 765 288 764 282 759 282 759 281 759 280 759 279 759 267 763 247 755 246 755 214 755 214 755 213 755 212 755 198 764 197 764 193 764 156 758 155 758 154 758 144 763 143 764 134 763 87 758 86 758 85 758 85 758 79 763 77 764 74 763 55 755 54 755 53 755 52 755 26 762 26 790"/>
                        </Shape>
                        <String CONTENT=""/>
                    </TextLine>

                    <TextLine ID="line_17" HPOS="23" VPOS="800" WIDTH="670" HEIGHT="50" BASELINE="24 834 693 837" TAGREFS="TYPE_1">
                        <Shape>
                            <Polygon POINTS="24 834 23 848 150 849 151 849 152 849 162 843 194 849 195 849 196 849 196 849 197 849 205 843 227 843 238 849 238 849 239 849 239 849 240 850 346 850 346 849 347 849 348 849 359 843 692 850 693 837 693 807 676 802 675 802 674 802 674 802 656 807 651 808 650 807 644 802 643 802 642 802 524 802 523 802 495 807 484 808 483 807 475 801 474 801 473 801 450 801 449 801 448 801 447 801 440 807 437 808 435 807 424 801 423 801 423 801 422 801 411 807 407 808 402 807 387 802 386 802 386 802 385 802 384 802 379 807 376 809 360 809 339 807 278 801 277 801 276 801 260 807 257 808 196 808 194 807 181 801 180 801 179 801 178 801 165 807 157 800 156 800 155 800 154 800 153 800 135 807 134 807 126 800 125 800 124 800 123 800 122 800 110 807 109 807 24 807 24 834"/>
                        </Shape>
                        <String CONTENT=""/>
                    </TextLine>

                    <TextLine ID="line_18" HPOS="24" VPOS="845" WIDTH="669" HEIGHT="52" BASELINE="24 880 693 880" TAGREFS="TYPE_1">
                        <Shape>
                            <Polygon POINTS="24 880 24 892 77 892 78 892 83 896 84 896 85 896 85 896 110 892 112 892 117 892 171 896 172 896 195 892 199 892 208 892 247 896 248 897 392 897 392 896 392 896 399 893 404 892 417 893 439 896 440 896 473 893 501 892 515 893 530 896 531 896 532 896 538 894 544 892 692 894 693 880 693 854 650 847 649 847 648 847 647 847 638 853 631 847 631 847 630 847 607 847 606 847 605 847 590 854 544 854 510 845 509 845 452 853 423 845 423 845 422 845 421 845 399 853 361 845 360 845 298 853 267 845 266 845 265 845 264 845 244 853 234 845 233 845 233 845 214 845 214 845 213 845 194 854 165 854 104 845 104 845 103 845 74 853 52 847 51 847 50 847 24 853 24 880"/>
                        </Shape>
                        <String CONTENT=""/>
                    </TextLine>

                    <TextLine ID="line_19" HPOS="24" VPOS="888" WIDTH="668" HEIGHT="50" BASELINE="24 922 692 923" TAGREFS="TYPE_1">
                        <Shape>
                            <Polygon POINTS="24 922 24 930 30 935 31 935 32 935 33 935 71 930 88 937 89 937 90 938 189 938 189 937 190 937 206 932 207 932 208 932 272 937 273 937 274 937 275 937 282 933 287 930 357 930 401 930 408 935 416 938 417 938 417 938 418 938 428 935 437 932 454 935 470 938 471 938 472 938 477 935 485 931 535 931 548 936 552 938 553 938 554 938 562 936 587 931 690 938 692 923 691 896 659 889 618 889 617 889 616 889 605 895 602 895 529 890 528 890 498 895 495 895 487 889 486 889 485 889 433 889 432 889 431 889 421 894 419 896 376 896 374 894 355 888 355 888 354 888 306 894 301 895 282 895 281 894 274 888 273 888 272 888 236 888 235 888 234 888 233 888 226 893 220 888 219 888 218 888 217 888 193 893 189 895 148 895 147 893 141 889 140 889 139 889 138 889 137 889 128 893 122 888 121 888 120 888 119 888 118 888 98 893 93 895 63 895 60 893 47 888 46 888 45 888 24 892 24 922"/>
                        </Shape>
                        <String CONTENT=""/>
                    </TextLine>

                    <TextLine ID="line_20" HPOS="23" VPOS="936" WIDTH="666" HEIGHT="47" BASELINE="24 965 689 966" TAGREFS="TYPE_1">
                        <Shape>
                            <Polygon POINTS="24 965 23 973 50 982 51 982 52 982 84 975 147 982 147 982 190 981 190 981 191 981 200 976 201 975 207 976 244 982 245 983 279 983 279 982 280 982 290 977 294 975 311 977 357 983 358 983 386 978 398 976 433 976 437 978 441 982 441 982 442 982 443 982 444 982 454 978 465 976 498 979 533 983 534 983 556 980 569 978 687 981 689 966 687 936 24 937 24 965"/>
                        </Shape>
                        <String CONTENT=""/>
                    </TextLine>

                    <TextLine ID="line_21" HPOS="23" VPOS="977" WIDTH="670" HEIGHT="47" BASELINE="24 1009 693 1008" TAGREFS="TYPE_1">
                        <Shape>
                            <Polygon POINTS="24 1009 24 1019 67 1024 67 1024 114 1020 127 1019 153 1020 235 1024 236 1024 305 1021 347 1019 361 1021 375 1023 376 1023 377 1023 382 1021 391 1018 401 1021 408 1023 409 1023 410 1023 423 1021 445 1018 478 1021 496 1023 496 1023 497 1023 502 1021 513 1018 546 1022 558 1023 559 1023 560 1023 564 1022 578 1018 586 1022 587 1023 588 1023 588 1023 589 1024 653 1024 653 1023 654 1023 655 1023 656 1022 662 1019 692 1022 693 1008 692 984 613 984 606 977 605 977 604 977 603 977 562 983 527 978 526 978 478 983 468 977 467 977 466 977 417 977 417 977 416 977 415 977 410 981 404 977 403 977 402 977 372 977 371 977 370 977 350 984 349 984 335 984 319 984 311 978 310 978 309 978 279 978 278 978 277 978 276 978 268 984 261 978 260 978 259 978 208 978 208 978 207 978 193 984 193 984 159 984 159 984 141 978 141 978 140 978 139 978 127 984 117 978 116 978 116 978 88 978 87 978 86 978 73 984 73 984 23 984 24 1009"/>
                        </Shape>
                        <String CONTENT=""/>
                    </TextLine>

                    <TextLine ID="line_22" HPOS="24" VPOS="1019" WIDTH="669" HEIGHT="51" BASELINE="24 1053 693 1053" TAGREFS="TYPE_1">
                        <Shape>
                            <Polygon POINTS="24 1053 24 1062 38 1070 39 1070 40 1070 66 1070 66 1070 67 1070 67 1070 78 1062 125 1070 126 1070 169 1063 175 1062 241 1062 244 1063 247 1066 248 1066 249 1066 250 1066 263 1063 271 1062 273 1063 278 1068 279 1068 280 1068 281 1068 282 1068 294 1063 301 1062 308 1063 323 1068 324 1068 325 1068 325 1068 337 1064 343 1062 361 1064 391 1069 392 1069 392 1069 404 1064 414 1062 425 1065 436 1068 437 1068 438 1068 456 1065 478 1062 484 1065 492 1070 493 1070 494 1070 518 1066 541 1062 557 1066 569 1070 570 1070 570 1070 693 1067 693 1053 693 1026 668 1026 668 1025 660 1019 659 1019 658 1019 657 1019 656 1019 638 1025 638 1025 614 1019 613 1019 613 1019 612 1019 592 1025 590 1025 589 1025 564 1019 564 1019 519 1024 513 1025 509 1024 481 1019 480 1019 479 1019 461 1023 415 1019 414 1019 413 1019 412 1019 406 1024 404 1025 401 1024 386 1019 386 1019 350 1019 349 1019 349 1019 348 1019 341 1023 338 1026 295 1026 292 1023 286 1019 285 1019 284 1019 283 1019 282 1019 269 1023 263 1026 224 1026 218 1023 209 1020 208 1020 208 1020 190 1023 179 1025 176 1022 171 1019 171 1019 170 1019 169 1019 168 1019 153 1022 144 1026 102 1026 98 1022 95 1020 94 1020 93 1020 92 1020 92 1020 85 1022 79 1026 56 1026 52 1022 49 1019 48 1019 47 1019 46 1019 24 1021 24 1053"/>
                        </Shape>
                        <String CONTENT=""/>
                    </TextLine>

                    <TextLine ID="line_23" HPOS="23" VPOS="1062" WIDTH="671" HEIGHT="52" BASELINE="24 1097 694 1095" TAGREFS="TYPE_1">
                        <Shape>
                            <Polygon POINTS="24 1097 24 1108 108 1108 110 1108 127 1114 128 1114 128 1114 172 1108 175 1108 186 1114 187 1114 188 1114 212 1109 288 1114 289 1114 290 1114 302 1108 313 1108 341 1108 350 1113 351 1113 352 1113 353 1113 382 1107 386 1107 389 1107 433 1113 434 1114 677 1114 677 1113 678 1113 694 1106 694 1095 693 1070 643 1070 625 1063 625 1063 624 1063 623 1063 601 1070 523 1070 511 1062 510 1062 509 1062 465 1062 464 1062 463 1062 462 1062 454 1069 443 1063 442 1063 441 1063 368 1069 349 1063 348 1063 347 1063 346 1063 332 1070 319 1063 318 1063 317 1063 259 1068 249 1063 248 1063 206 1063 205 1063 158 1070 117 1063 116 1063 116 1063 115 1063 108 1070 92 1063 92 1063 91 1063 23 1070 24 1097"/>
                        </Shape>
                        <String CONTENT=""/>
                    </TextLine>

                    <TextLine ID="line_24" HPOS="23" VPOS="1104" WIDTH="671" HEIGHT="50" BASELINE="24 1141 694 1137" TAGREFS="TYPE_1">
                        <Shape>
                            <Polygon POINTS="24 1141 24 1149 107 1149 109 1149 115 1154 116 1154 116 1154 117 1154 263 1150 384 1147 444 1147 449 1150 451 1152 452 1152 453 1152 453 1152 460 1150 474 1148 490 1151 497 1152 498 1152 499 1152 500 1152 501 1151 507 1147 526 1151 528 1151 529 1151 534 1151 572 1147 582 1151 582 1151 583 1152 693 1152 694 1137 693 1112 621 1106 620 1106 619 1106 619 1106 613 1111 607 1106 607 1106 606 1106 576 1104 575 1104 574 1104 573 1104 563 1111 552 1104 552 1104 551 1104 531 1104 530 1104 529 1104 528 1104 519 1112 487 1105 486 1105 435 1112 417 1105 416 1105 359 1105 358 1105 357 1105 337 1112 307 1106 306 1106 272 1112 236 1106 235 1106 234 1106 216 1113 177 1113 125 1113 124 1113 116 1106 115 1106 114 1106 113 1106 112 1106 102 1112 50 1106 49 1106 49 1106 23 1113 24 1141"/>
                        </Shape>
                        <String CONTENT=""/>
                    </TextLine>

                    <TextLine ID="line_25" HPOS="24" VPOS="1149" WIDTH="674" HEIGHT="52" BASELINE="24 1183 698 1183" TAGREFS="TYPE_1">
                        <Shape>
                            <Polygon POINTS="24 1183 24 1194 99 1200 100 1200 162 1196 171 1195 179 1196 216 1200 217 1200 218 1200 235 1196 240 1195 246 1196 268 1200 269 1200 288 1196 295 1195 353 1195 356 1197 361 1200 362 1200 363 1200 364 1201 423 1201 423 1200 424 1200 432 1198 438 1195 509 1195 512 1198 515 1200 516 1200 517 1200 518 1200 698 1198 698 1183 698 1157 601 1157 577 1149 576 1149 546 1149 545 1149 508 1156 495 1150 494 1150 493 1150 492 1150 479 1155 473 1149 472 1149 472 1149 450 1149 449 1149 420 1156 403 1149 402 1149 401 1149 360 1155 335 1149 334 1149 333 1149 308 1155 251 1151 250 1151 249 1151 227 1157 164 1157 156 1150 155 1150 154 1150 153 1150 87 1155 44 1149 43 1149 42 1149 24 1156 24 1183"/>
                        </Shape>
                        <String CONTENT=""/>
                    </TextLine>

                    <TextLine ID="line_26" HPOS="26" VPOS="1194" WIDTH="670" HEIGHT="50" BASELINE="26 1227 696 1227" TAGREFS="TYPE_1">
                        <Shape>
                            <Polygon POINTS="26 1227 26 1241 154 1236 167 1241 175 1243 176 1243 177 1244 229 1244 229 1243 230 1243 240 1240 252 1236 300 1236 306 1240 311 1243 312 1243 312 1243 313 1244 386 1244 386 1243 386 1243 387 1243 393 1239 398 1236 416 1236 423 1238 437 1243 438 1243 439 1243 440 1243 454 1238 460 1236 462 1238 469 1243 470 1243 471 1243 472 1243 472 1243 490 1238 518 1243 519 1243 520 1243 533 1237 536 1236 541 1237 570 1243 570 1243 631 1239 646 1243 647 1243 648 1243 696 1235 696 1227 696 1202 669 1202 669 1201 659 1194 658 1194 657 1194 656 1194 656 1194 641 1201 641 1202 566 1202 565 1201 553 1195 552 1195 552 1195 551 1195 550 1195 540 1201 539 1201 532 1201 503 1201 494 1194 493 1194 492 1194 491 1194 490 1194 479 1199 471 1194 470 1194 469 1194 417 1194 416 1194 415 1194 401 1201 400 1201 375 1196 374 1196 374 1196 356 1201 355 1202 300 1202 300 1201 291 1194 290 1194 289 1194 288 1194 255 1201 253 1201 251 1201 220 1194 177 1194 177 1194 176 1194 165 1199 149 1194 148 1194 147 1194 98 1201 93 1201 92 1201 85 1194 84 1194 83 1194 59 1194 58 1194 57 1194 56 1194 49 1201 48 1201 26 1201 26 1227"/>
                        </Shape>
                        <String CONTENT=""/>
                    </TextLine>

                    <TextLine ID="line_27" HPOS="24" VPOS="1235" WIDTH="676" HEIGHT="63" BASELINE="24 1272 700 1271" TAGREFS="TYPE_1">
                        <Shape>
                            <Polygon POINTS="24 1272 24 1289 80 1294 81 1294 82 1294 94 1290 95 1290 101 1295 102 1295 103 1295 104 1295 155 1290 158 1290 159 1290 193 1297 194 1297 232 1291 241 1290 244 1291 253 1297 254 1297 255 1297 256 1298 294 1298 294 1297 295 1297 307 1291 312 1290 331 1290 334 1292 342 1297 343 1297 343 1297 344 1297 402 1296 403 1296 411 1292 417 1289 424 1293 429 1295 429 1295 430 1295 431 1295 437 1293 449 1289 555 1289 583 1294 596 1296 597 1296 700 1295 700 1271 699 1239 666 1235 665 1235 664 1235 663 1235 658 1239 652 1243 591 1243 582 1240 566 1235 565 1235 564 1235 518 1240 511 1241 509 1241 494 1235 493 1235 492 1235 491 1235 490 1235 484 1240 449 1237 448 1237 447 1237 434 1241 428 1242 425 1241 414 1235 413 1235 392 1235 392 1235 391 1235 376 1241 373 1243 331 1243 325 1241 309 1238 308 1238 209 1235 208 1235 208 1235 190 1243 189 1243 177 1235 176 1235 175 1235 150 1235 149 1235 148 1235 129 1241 52 1239 51 1239 24 1244 24 1272"/>
                        </Shape>
                        <String CONTENT=""/>
                    </TextLine>
</TextBlock>
            </PrintSpace>
        </Page>
    </Layout>
</alto>