<?xml version="1.0" encoding="UTF-8"?>
<alto xmlns:xsi="http://www.w3.org/2001/XMLSchema-instance"
    xmlns="http://www.loc.gov/standards/alto/ns-v4#"
    xsi:schemaLocation="http://www.loc.gov/standards/alto/ns-v4# http://www.loc.gov/standards/alto/v4/alto-4-3.xsd">
    <Description>
        <MeasurementUnit>pixel</MeasurementUnit>
        <sourceImageInformation>
            <fileName>7325973.jpeg</fileName>
        </sourceImageInformation>
        <Processing ID="OCR_0">
            <processingCategory>other</processingCategory>
            <processingStepDescription>unknown</processingStepDescription>
            <processingSoftware>
                <softwareName>kraken</softwareName>
                <softwareVersion>4.3.13</softwareVersion>
            </processingSoftware>
        </Processing>
    </Description>
    <Tags>
        <OtherTag ID="TYPE_1" LABEL="DefaultLine"/>
        <OtherTag ID="TYPE_2" LABEL="NumberingZone"/>
        <OtherTag ID="TYPE_3" LABEL="MainZone-Entry-Continued"/>
        <OtherTag ID="TYPE_4" LABEL="MainZone-Form"/>
        <OtherTag ID="TYPE_5" LABEL="MainZone-Lg"/>
        <OtherTag ID="TYPE_6" LABEL="DigitizationArtefactZone"/>
        <OtherTag ID="TYPE_7" LABEL="TableZone-Head"/>
        <OtherTag ID="TYPE_8" LABEL="MainZone-Sp"/>
        <OtherTag ID="TYPE_9" LABEL="MainZone-Sp-Continued"/>
        <OtherTag ID="TYPE_10" LABEL="TableZone-Continued"/>
        <OtherTag ID="TYPE_11" LABEL="MarginTextZone-ManuscriptAddendum"/>
        <OtherTag ID="TYPE_12" LABEL="GraphicZone-FigDesc"/>
        <OtherTag ID="TYPE_13" LABEL="MarginTextZone-Notes"/>
        <OtherTag ID="TYPE_14" LABEL="StampZone"/>
        <OtherTag ID="TYPE_15" LABEL="FigureZone"/>
        <OtherTag ID="TYPE_16" LABEL="MainZone-Head"/>
        <OtherTag ID="TYPE_17" LABEL="DropCapitalZone"/>
        <OtherTag ID="TYPE_18" LABEL="MainZone-Date"/>
        <OtherTag ID="TYPE_19" LABEL="MainZone-List-Continued"/>
        <OtherTag ID="TYPE_20" LABEL="FigureZone-Head"/>
        <OtherTag ID="TYPE_21" LABEL="GraphicZone-Head"/>
        <OtherTag ID="TYPE_22" LABEL="MainZone-P"/>
        <OtherTag ID="TYPE_23" LABEL="MainZone-Signature"/>
        <OtherTag ID="TYPE_24" LABEL="TitlePageZone-Index"/>
        <OtherTag ID="TYPE_25" LABEL="MainZone-Lg-Continued"/>
        <OtherTag ID="TYPE_26" LABEL="GraphicZone"/>
        <OtherTag ID="TYPE_27" LABEL="MarginTextZone-Notes-Continued"/>
        <OtherTag ID="TYPE_28" LABEL="GraphicZone-TextualContent"/>
        <OtherTag ID="TYPE_29" LABEL="GraphicZone-Maths"/>
        <OtherTag ID="TYPE_30" LABEL="GraphicZone-Part"/>
        <OtherTag ID="TYPE_31" LABEL="MainZone-Other"/>
        <OtherTag ID="TYPE_32" LABEL="FigureZone-FigDesc"/>
        <OtherTag ID="TYPE_33" LABEL="GraphicZone-Decoration"/>
        <OtherTag ID="TYPE_34" LABEL="MainZone-List"/>
        <OtherTag ID="TYPE_35" LABEL="MainZone-Entry"/>
        <OtherTag ID="TYPE_36" LABEL="AdvertisementZone"/>
        <OtherTag ID="TYPE_37" LABEL="TitlePageZone"/>
        <OtherTag ID="TYPE_38" LABEL="StampZone-Sticker"/>
        <OtherTag ID="TYPE_39" LABEL="MainZone-P-Continued"/>
        <OtherTag ID="TYPE_40" LABEL="TableZone"/>
        <OtherTag ID="TYPE_41" LABEL="RunningTitleZone"/>
        <OtherTag ID="TYPE_42" LABEL="QuireMarksZone"/>
    </Tags>
    <Layout>
        <Page WIDTH="1000" HEIGHT="1547" PHYSICAL_IMG_NR="0" ID="page_0">
            <PrintSpace HPOS="0" VPOS="0" WIDTH="1000" HEIGHT="1547">
                <TextBlock ID="block_4" HPOS="204" VPOS="99" WIDTH="354" HEIGHT="48" TAGREFS="TYPE_41">
                    <Shape>
                        <Polygon POINTS="204.93325805664062 99.8183364868164 558.648193359375 99.8183364868164 558.648193359375 147.7122039794922 204.93325805664062 147.7122039794922 204.93325805664062 99.8183364868164"/>
                    </Shape>
                    <TextLine ID="line_0" HPOS="205" VPOS="99" WIDTH="361" HEIGHT="51" BASELINE="206 135 566 140" TAGREFS="TYPE_1">
                        <Shape>
                            <Polygon POINTS="206 135 205 150 565 150 566 140 566 105 206 99 206 135"/>
                        </Shape>
                        <String CONTENT=""/>
                    </TextLine>
</TextBlock>
                <TextBlock ID="block_0" HPOS="651" VPOS="114" WIDTH="61" HEIGHT="43" TAGREFS="TYPE_2">
                    <Shape>
                        <Polygon POINTS="651.5792236328125 114.11864471435547 712.1696166992188 114.11864471435547 712.1696166992188 157.05056762695312 651.5792236328125 157.05056762695312 651.5792236328125 114.11864471435547"/>
                    </Shape>
                    <TextLine ID="line_1" HPOS="656" VPOS="110" WIDTH="51" HEIGHT="49" BASELINE="656 144 707 144" TAGREFS="TYPE_1">
                        <Shape>
                            <Polygon POINTS="656 144 656 159 680 154 706 158 707 144 706 110 656 110 656 144"/>
                        </Shape>
                        <String CONTENT=""/>
                    </TextLine>
</TextBlock>
                <TextBlock ID="block_3" HPOS="16" VPOS="165" WIDTH="685" HEIGHT="1143" TAGREFS="TYPE_39">
                    <Shape>
                        <Polygon POINTS="16.81679344177246 165.13296508789062 701.8814086914062 165.13296508789062 701.8814086914062 1308.0274658203125 16.81679344177246 1308.0274658203125 16.81679344177246 165.13296508789062"/>
                    </Shape>
                    <TextLine ID="line_2" HPOS="23" VPOS="152" WIDTH="670" HEIGHT="57" BASELINE="24 189 343 188 693 192" TAGREFS="TYPE_1">
                        <Shape>
                            <Polygon POINTS="24 189 23 198 52 205 53 205 54 205 55 205 63 199 67 199 118 199 130 207 131 207 132 207 133 207 166 202 203 206 204 206 205 206 206 206 213 201 244 205 245 205 245 205 258 200 293 207 294 207 342 207 343 207 343 207 352 201 404 201 413 205 414 205 415 205 442 201 492 208 493 209 616 209 616 208 617 208 628 203 672 206 673 206 674 206 693 201 693 192 693 163 631 163 631 162 615 154 614 154 564 154 563 154 562 154 561 154 554 158 514 154 513 154 512 154 498 161 497 162 497 161 489 154 489 153 488 153 487 153 486 153 448 160 430 153 429 153 429 153 428 153 401 161 399 161 398 161 370 155 369 155 337 160 331 161 326 160 276 152 276 152 247 158 236 152 235 152 234 152 233 152 216 160 215 160 212 160 164 152 141 152 141 152 140 152 139 152 130 159 128 161 98 161 96 159 89 155 88 155 87 155 86 155 24 158 24 189"/>
                        </Shape>
                        <String CONTENT=""/>
                    </TextLine>

                    <TextLine ID="line_3" HPOS="24" VPOS="198" WIDTH="670" HEIGHT="54" BASELINE="24 232 222 231 694 237" TAGREFS="TYPE_1">
                        <Shape>
                            <Polygon POINTS="24 232 24 246 130 243 138 247 139 247 140 247 141 247 153 247 224 244 240 247 251 249 251 249 275 247 304 244 308 247 311 249 312 249 312 249 313 249 340 247 366 245 383 247 406 250 407 250 408 250 416 247 423 245 476 247 604 252 605 252 693 247 694 237 694 210 680 203 680 203 679 203 610 209 606 209 601 209 556 203 555 203 554 203 536 208 535 208 511 208 496 208 449 201 448 201 447 201 426 207 424 207 396 207 393 207 383 201 382 201 381 201 380 201 380 201 357 207 356 207 334 200 333 200 332 200 303 206 294 200 294 200 293 200 268 200 267 200 266 200 265 200 257 205 245 199 244 199 243 199 242 199 221 205 159 201 159 201 80 204 75 204 74 204 65 198 64 198 63 198 62 198 61 198 61 198 51 204 24 204 24 232"/>
                        </Shape>
                        <String CONTENT=""/>
                    </TextLine>

                    <TextLine ID="line_4" HPOS="24" VPOS="242" WIDTH="672" HEIGHT="52" BASELINE="24 275 696 280" TAGREFS="TYPE_1">
                        <Shape>
                            <Polygon POINTS="24 275 24 290 161 292 162 292 163 292 165 291 180 287 186 291 187 291 188 291 189 291 210 287 240 292 251 293 251 293 252 293 255 292 263 288 293 292 302 293 303 293 309 292 334 287 341 292 341 293 342 293 343 293 343 293 344 293 347 292 361 288 414 293 431 293 432 293 441 293 472 288 507 293 520 294 521 294 521 294 527 293 543 289 694 293 696 280 696 251 663 246 662 246 625 250 609 251 606 250 599 246 598 246 597 246 596 246 588 250 584 251 574 250 556 245 555 245 528 249 511 250 471 248 434 245 433 245 416 247 391 250 374 246 360 244 359 244 319 245 260 249 215 249 208 244 207 243 206 243 205 243 204 243 188 244 136 248 24 242 24 275"/>
                        </Shape>
                        <String CONTENT=""/>
                    </TextLine>

                    <TextLine ID="line_5" HPOS="20" VPOS="285" WIDTH="676" HEIGHT="53" BASELINE="20 318 696 323" TAGREFS="TYPE_1">
                        <Shape>
                            <Polygon POINTS="20 318 20 335 139 330 196 336 212 336 213 336 224 336 261 331 289 331 293 336 294 336 294 337 295 337 296 337 297 338 344 338 344 337 345 337 350 336 360 332 376 336 386 337 386 337 387 337 391 336 398 332 430 336 454 338 455 338 469 336 484 333 694 336 696 323 695 287 584 294 558 288 557 288 556 288 555 288 547 294 523 294 507 287 505 287 504 287 503 287 496 287 431 293 411 287 406 286 405 286 404 286 343 287 343 287 331 293 297 293 290 287 288 285 287 285 286 285 285 285 251 287 182 292 153 287 147 287 147 287 146 287 145 287 145 287 138 291 20 287 20 318"/>
                        </Shape>
                        <String CONTENT=""/>
                    </TextLine>

                    <TextLine ID="line_6" HPOS="20" VPOS="328" WIDTH="665" HEIGHT="55" BASELINE="20 363 306 362 685 367" TAGREFS="TYPE_1">
                        <Shape>
                            <Polygon POINTS="20 363 20 379 132 375 139 379 141 379 141 379 142 379 143 379 144 379 144 379 149 375 180 379 190 379 190 379 197 379 220 375 260 379 282 380 282 380 283 380 290 379 301 376 322 379 344 381 345 381 416 379 458 377 496 379 610 383 611 383 648 379 671 383 672 383 673 383 684 378 685 367 683 338 576 339 572 337 561 331 560 331 521 331 521 331 520 331 505 336 500 338 392 338 387 336 374 330 374 330 373 330 273 335 239 336 233 335 218 329 217 329 216 329 170 335 159 336 155 335 141 329 141 329 140 329 139 329 122 334 118 336 115 334 102 328 101 328 100 328 20 333 20 363"/>
                        </Shape>
                        <String CONTENT=""/>
                    </TextLine>

                    <TextLine ID="line_7" HPOS="19" VPOS="372" WIDTH="676" HEIGHT="54" BASELINE="20 405 695 409" TAGREFS="TYPE_1">
                        <Shape>
                            <Polygon POINTS="20 405 19 419 78 422 79 422 79 422 80 422 84 420 87 417 126 417 137 420 155 423 156 424 262 424 262 423 278 420 283 419 289 420 311 423 312 423 354 420 368 419 375 420 403 424 404 424 465 420 472 420 472 420 484 425 485 425 486 425 528 420 533 420 536 420 565 426 566 426 595 421 646 426 647 426 694 420 695 409 694 383 666 383 665 382 654 376 653 376 606 376 605 376 604 376 603 376 595 382 595 382 484 382 484 381 474 375 473 375 472 375 472 375 430 381 425 381 422 380 398 374 398 374 294 374 293 374 292 374 291 374 284 379 201 373 200 373 160 379 155 379 151 379 122 373 122 373 99 379 98 379 85 372 85 372 84 372 83 372 61 379 58 379 20 379 20 405"/>
                        </Shape>
                        <String CONTENT=""/>
                    </TextLine>

                    <TextLine ID="line_8" HPOS="18" VPOS="415" WIDTH="792" HEIGHT="55" BASELINE="19 449 669 454 712 446 810 445" TAGREFS="TYPE_1">
                        <Shape>
                            <Polygon POINTS="19 449 18 461 41 466 42 466 139 463 155 467 156 467 157 467 215 463 233 467 233 467 234 467 235 467 247 461 251 459 269 461 298 464 299 464 300 464 312 461 320 458 325 461 334 465 335 465 336 465 379 462 413 468 414 468 415 468 437 461 444 459 464 461 553 470 554 470 579 464 643 469 644 469 689 461 690 461 809 461 810 445 808 419 575 425 557 419 550 417 549 417 548 417 525 420 479 424 432 420 411 418 411 418 410 418 404 420 399 421 395 420 387 416 386 416 386 416 369 420 355 423 343 420 337 418 336 418 335 418 324 420 309 423 304 420 298 416 297 416 296 416 295 416 278 421 271 421 265 421 242 415 241 415 207 421 193 422 187 421 171 415 171 415 170 415 169 415 159 421 155 422 127 422 124 421 110 415 109 415 108 415 107 415 106 415 97 421 96 421 92 421 64 415 63 415 19 421 19 449"/>
                        </Shape>
                        <String CONTENT=""/>
                    </TextLine>

                    <TextLine ID="line_9" HPOS="18" VPOS="460" WIDTH="672" HEIGHT="54" BASELINE="18 494 367 494 690 499" TAGREFS="TYPE_1">
                        <Shape>
                            <Polygon POINTS="18 494 18 510 131 511 132 511 140 510 171 505 178 510 179 511 180 511 181 511 182 511 264 509 413 507 420 509 429 513 430 513 431 513 521 508 548 507 566 508 659 514 660 514 689 507 690 499 690 470 659 464 658 464 657 464 644 470 621 463 620 463 619 463 491 469 485 469 484 469 476 462 475 462 474 462 457 461 456 461 425 468 413 462 412 462 411 462 357 464 342 460 341 460 297 460 296 460 295 460 294 460 285 467 248 462 247 462 216 466 200 460 199 460 198 460 197 460 184 464 122 461 122 461 121 461 110 466 18 466 18 494"/>
                        </Shape>
                        <String CONTENT=""/>
                    </TextLine>

                    <TextLine ID="line_10" HPOS="18" VPOS="502" WIDTH="676" HEIGHT="58" BASELINE="19 538 306 537 694 542" TAGREFS="TYPE_1">
                        <Shape>
                            <Polygon POINTS="19 538 18 551 97 555 98 555 112 552 124 550 136 552 150 555 151 555 185 552 209 550 215 552 222 555 223 555 224 555 239 552 245 551 251 552 269 556 270 557 340 557 340 556 341 556 349 552 351 551 361 552 391 557 392 557 441 553 451 552 453 553 469 558 470 558 471 558 527 553 531 553 535 553 595 559 595 559 596 559 611 555 617 559 618 559 619 559 619 560 666 560 666 559 693 553 694 542 694 515 664 507 663 507 599 510 581 506 580 506 579 506 578 506 550 513 550 513 530 513 529 513 520 506 519 506 518 506 517 506 473 512 466 513 440 513 439 512 429 505 428 505 427 505 426 505 425 505 406 510 388 505 387 505 386 505 386 505 374 511 374 511 372 511 341 504 340 504 268 509 244 511 239 509 233 507 232 507 231 507 159 508 98 509 94 507 88 502 87 502 86 502 85 502 19 506 19 538"/>
                        </Shape>
                        <String CONTENT=""/>
                    </TextLine>

                    <TextLine ID="line_11" HPOS="18" VPOS="548" WIDTH="677" HEIGHT="53" BASELINE="19 581 376 581 695 587" TAGREFS="TYPE_1">
                        <Shape>
                            <Polygon POINTS="19 581 18 592 217 599 218 599 399 594 407 594 408 594 423 599 424 599 425 599 452 595 489 600 490 600 571 595 574 595 590 601 591 601 592 601 694 595 695 587 695 559 674 559 673 558 663 552 662 552 662 552 661 552 583 558 575 558 503 558 503 557 497 553 496 553 496 553 495 553 441 556 411 550 410 550 371 556 317 550 316 550 282 556 266 550 265 550 264 550 208 555 198 549 197 549 196 549 196 549 195 549 172 555 138 549 137 549 136 549 135 549 129 554 67 554 53 548 52 548 51 548 19 554 19 581"/>
                        </Shape>
                        <String CONTENT=""/>
                    </TextLine>

                    <TextLine ID="line_12" HPOS="18" VPOS="591" WIDTH="675" HEIGHT="57" BASELINE="19 623 693 630" TAGREFS="TYPE_1">
                        <Shape>
                            <Polygon POINTS="19 623 18 635 45 642 46 642 88 637 119 643 120 644 183 644 183 643 184 643 184 643 190 639 196 644 196 644 197 644 306 645 306 645 307 645 308 645 316 640 317 640 321 640 394 644 395 644 430 642 439 641 447 642 484 647 484 647 516 642 523 642 526 642 536 648 537 648 538 648 539 648 558 642 561 642 630 643 630 644 638 648 638 648 639 648 640 648 693 644 693 630 692 596 598 603 545 599 544 599 543 599 525 603 494 596 484 594 483 594 482 594 478 596 463 602 449 596 447 595 446 595 445 595 444 595 441 596 429 600 424 596 421 593 420 593 419 593 418 593 396 596 374 599 366 596 356 593 355 593 355 593 354 593 353 593 349 597 345 599 332 597 306 593 306 593 287 597 277 599 275 597 268 592 267 592 266 592 245 592 244 592 213 597 196 599 190 597 179 592 178 592 177 592 177 592 176 592 167 597 164 599 137 599 134 597 126 591 125 591 124 591 123 591 122 591 108 597 104 599 19 598 19 623"/>
                        </Shape>
                        <String CONTENT=""/>
                    </TextLine>

                    <TextLine ID="line_13" HPOS="19" VPOS="635" WIDTH="673" HEIGHT="55" BASELINE="20 668 692 672" TAGREFS="TYPE_1">
                        <Shape>
                            <Polygon POINTS="20 668 19 681 41 687 42 687 42 687 86 683 176 688 177 688 177 688 195 684 270 688 271 688 272 688 273 688 279 684 319 689 319 689 420 684 489 690 490 690 530 685 557 690 558 690 626 686 680 690 681 690 682 690 691 685 692 672 691 648 569 648 565 647 527 638 526 638 478 646 477 646 475 646 419 637 355 637 355 637 354 637 353 637 340 645 339 645 296 638 295 638 294 638 269 645 254 645 246 638 245 638 245 638 244 638 243 638 242 638 233 644 233 645 182 645 181 644 153 636 153 636 152 636 108 642 85 635 84 635 83 635 82 635 59 642 32 636 31 636 30 636 20 642 20 668"/>
                        </Shape>
                        <String CONTENT=""/>
                    </TextLine>

                    <TextLine ID="line_14" HPOS="19" VPOS="681" WIDTH="675" HEIGHT="54" BASELINE="19 714 376 714 694 720" TAGREFS="TYPE_1">
                        <Shape>
                            <Polygon POINTS="19 714 19 730 71 724 97 731 98 731 98 731 102 731 168 727 202 730 203 730 204 730 214 726 226 731 227 731 228 731 280 727 288 733 289 733 290 733 291 733 322 733 322 733 323 733 341 727 386 727 418 733 419 733 487 727 497 734 498 734 499 734 500 734 510 734 566 731 651 735 661 735 662 735 662 735 663 735 680 731 692 735 694 720 693 693 529 684 528 684 482 690 471 684 470 684 426 684 425 684 424 684 411 690 372 683 371 683 296 690 292 690 277 682 276 682 276 682 224 688 181 681 162 681 161 681 160 681 159 681 150 688 117 682 116 682 116 682 102 688 19 688 19 714"/>
                        </Shape>
                        <String CONTENT=""/>
                    </TextLine>

                    <TextLine ID="line_15" HPOS="21" VPOS="723" WIDTH="672" HEIGHT="57" BASELINE="22 756 693 762" TAGREFS="TYPE_1">
                        <Shape>
                            <Polygon POINTS="22 756 21 773 162 775 163 775 174 773 192 770 220 773 247 776 248 776 249 776 257 773 268 770 309 770 319 773 327 776 328 776 329 776 349 773 356 772 381 773 449 776 450 776 451 776 458 773 462 771 480 773 531 777 532 777 533 777 533 777 540 773 542 772 597 772 599 772 612 779 613 779 613 780 647 780 647 779 648 779 663 773 674 777 675 777 676 777 677 777 693 772 693 762 692 730 670 734 663 730 662 728 662 728 661 728 639 728 638 728 629 729 601 734 569 730 568 730 548 733 535 729 529 727 528 727 527 727 527 727 518 729 502 733 478 729 461 727 460 727 441 729 421 733 416 729 414 727 413 727 412 727 324 726 323 726 265 729 233 731 230 729 225 725 224 725 223 725 191 724 190 724 190 724 189 724 183 729 181 729 158 724 157 724 128 729 120 730 116 729 98 723 98 723 97 723 96 723 73 729 71 729 22 729 22 756"/>
                        </Shape>
                        <String CONTENT=""/>
                    </TextLine>

                    <TextLine ID="line_16" HPOS="20" VPOS="768" WIDTH="673" HEIGHT="55" BASELINE="20 799 693 805" TAGREFS="TYPE_1">
                        <Shape>
                            <Polygon POINTS="20 799 20 818 79 813 226 818 323 821 324 821 368 818 403 815 410 818 420 822 421 822 422 822 451 818 462 816 467 818 478 822 479 822 480 822 535 818 546 817 549 818 565 823 566 823 567 823 692 817 693 805 693 780 585 779 583 777 576 771 575 771 574 771 573 771 515 776 511 776 509 776 484 770 484 770 483 770 472 776 471 776 466 776 441 770 440 770 439 770 428 775 424 776 408 775 362 770 361 770 340 774 325 776 319 773 309 769 308 769 307 769 284 773 267 776 258 772 250 769 249 769 248 769 232 772 214 776 198 771 185 768 184 768 135 768 134 768 134 768 133 768 129 770 122 775 79 775 67 770 66 769 65 769 64 769 63 769 61 769 43 774 20 769 20 799"/>
                        </Shape>
                        <String CONTENT=""/>
                    </TextLine>

                    <TextLine ID="line_17" HPOS="18" VPOS="812" WIDTH="666" HEIGHT="54" BASELINE="19 843 684 849" TAGREFS="TYPE_1">
                        <Shape>
                            <Polygon POINTS="18 856 36 862 37 862 38 862 95 857 97 857 98 857 136 862 137 862 199 859 202 859 209 859 343 863 343 863 344 863 345 863 348 861 350 859 361 862 374 864 375 864 415 862 456 860 460 862 462 865 463 865 464 865 465 865 504 863 570 861 682 866 684 849 683 822 590 822 588 820 583 816 582 816 582 816 554 815 553 815 552 815 534 819 531 821 468 821 466 819 461 815 461 814 460 814 460 814 459 814 412 818 393 819 387 818 375 814 374 814 374 814 373 814 364 818 360 819 356 818 353 815 352 815 351 815 350 815 306 817 258 819 239 816 220 813 219 813 218 813 212 815 205 818 191 815 176 813 175 813 130 814 95 816 83 814 70 812 69 812 68 812 67 812 66 813 61 817 53 813 48 812 47 812 46 812 45 812 42 813 35 817 20 813 19 843 18 856"/>
                        </Shape>
                        <String CONTENT=""/>
                    </TextLine>

                    <TextLine ID="line_18" HPOS="19" VPOS="856" WIDTH="672" HEIGHT="55" BASELINE="20 888 691 893" TAGREFS="TYPE_1">
                        <Shape>
                            <Polygon POINTS="20 888 19 898 54 907 55 907 110 906 110 906 124 901 153 908 154 908 194 904 220 908 220 908 221 908 242 903 249 908 249 909 250 909 251 909 251 910 328 910 328 909 329 909 349 902 354 906 355 906 355 906 356 906 441 903 458 910 459 910 460 910 492 904 521 909 521 909 522 909 537 904 578 911 579 911 690 904 691 893 691 863 622 860 621 860 620 860 619 860 616 862 609 867 588 867 567 862 555 859 554 859 553 859 548 862 540 865 436 861 435 861 392 864 366 859 355 857 354 857 353 857 348 859 335 863 329 859 327 857 326 857 325 857 273 857 272 857 271 857 270 857 269 858 263 864 245 864 227 857 224 856 223 856 171 856 170 856 169 856 167 856 153 862 123 862 116 856 116 856 115 856 114 856 113 856 99 862 51 862 42 856 42 856 41 856 20 856 20 888"/>
                        </Shape>
                        <String CONTENT=""/>
                    </TextLine>

                    <TextLine ID="line_19" HPOS="20" VPOS="899" WIDTH="673" HEIGHT="55" BASELINE="20 931 693 937" TAGREFS="TYPE_1">
                        <Shape>
                            <Polygon POINTS="20 931 20 948 269 947 279 949 285 951 286 951 287 951 298 949 307 947 310 949 313 952 314 952 315 952 316 953 393 953 393 952 394 952 399 949 403 947 422 949 454 953 455 953 487 949 499 948 508 949 534 953 535 953 536 953 546 949 547 949 601 949 608 949 614 954 615 954 616 954 617 954 692 949 693 937 693 904 656 904 655 904 654 904 653 904 642 912 597 912 574 905 573 905 572 905 571 905 570 905 561 911 518 911 503 904 497 903 496 903 496 903 485 904 472 907 453 904 438 903 437 903 436 903 429 904 414 910 390 905 389 905 368 909 358 904 355 904 354 904 353 904 345 905 328 909 322 905 318 902 317 902 316 902 315 902 314 902 307 905 306 905 305 905 295 901 294 901 262 901 261 901 260 901 248 905 239 908 200 908 195 905 180 900 179 900 178 900 118 905 107 906 100 905 73 902 72 902 71 902 64 905 62 906 61 905 45 899 44 899 43 899 42 899 42 899 33 905 31 906 20 906 20 931"/>
                        </Shape>
                        <String CONTENT=""/>
                    </TextLine>

                    <TextLine ID="line_20" HPOS="19" VPOS="943" WIDTH="674" HEIGHT="55" BASELINE="20 975 693 981" TAGREFS="TYPE_1">
                        <Shape>
                            <Polygon POINTS="19 990 134 994 135 994 165 990 182 989 192 990 212 995 213 995 345 991 386 990 390 991 404 996 405 996 406 996 462 991 471 991 475 992 501 997 502 997 503 997 516 992 533 997 534 997 535 997 570 992 572 992 574 992 597 998 598 998 599 998 693 992 693 981 693 954 607 953 601 947 600 947 599 947 598 947 576 952 571 953 564 952 536 947 535 947 472 950 436 952 425 949 407 946 406 946 358 948 312 951 278 947 257 945 256 945 255 945 254 945 252 947 247 951 215 951 128 945 100 943 99 943 98 943 98 943 97 944 89 948 71 944 68 943 67 943 67 943 66 943 65 944 56 948 49 943 49 943 48 943 47 943 46 943 45 943 36 947 21 943 20 975 19 990"/>
                        </Shape>
                        <String CONTENT=""/>
                    </TextLine>

                    <TextLine ID="line_21" HPOS="19" VPOS="987" WIDTH="674" HEIGHT="52" BASELINE="20 1020 693 1025" TAGREFS="TYPE_1">
                        <Shape>
                            <Polygon POINTS="20 1020 19 1031 36 1037 37 1037 38 1037 92 1033 98 1037 99 1037 100 1037 185 1038 186 1038 215 1033 245 1039 245 1039 693 1036 693 1025 693 998 656 993 655 993 654 993 653 993 648 997 647 998 596 998 594 997 570 990 569 990 549 990 548 990 547 990 546 990 535 996 534 997 490 997 489 996 464 989 463 989 409 989 408 989 407 989 394 994 356 988 297 988 296 988 295 988 282 995 282 995 280 995 244 987 243 987 217 991 195 987 194 987 163 994 160 994 157 994 119 989 118 989 73 993 70 993 59 987 58 987 57 987 20 992 20 1020"/>
                        </Shape>
                        <String CONTENT=""/>
                    </TextLine>

                    <TextLine ID="line_22" HPOS="19" VPOS="1030" WIDTH="674" HEIGHT="57" BASELINE="20 1062 693 1068" TAGREFS="TYPE_1">
                        <Shape>
                            <Polygon POINTS="20 1062 19 1081 96 1082 97 1082 98 1082 99 1081 110 1075 134 1075 144 1081 147 1082 148 1082 243 1083 244 1083 245 1083 252 1081 258 1078 289 1080 343 1084 343 1084 344 1084 352 1080 357 1077 375 1080 403 1084 404 1084 404 1084 405 1084 412 1080 415 1078 490 1078 504 1080 558 1086 559 1086 560 1086 561 1086 570 1079 570 1079 596 1079 603 1079 679 1087 680 1087 680 1087 681 1087 693 1079 693 1068 692 1035 619 1042 581 1034 580 1034 522 1040 515 1035 515 1035 514 1035 480 1033 478 1033 478 1033 477 1033 404 1040 374 1040 361 1033 361 1033 360 1033 359 1033 308 1039 232 1039 214 1031 214 1031 213 1031 212 1031 206 1031 125 1038 96 1038 86 1030 85 1030 85 1030 20 1030 20 1062"/>
                        </Shape>
                        <String CONTENT=""/>
                    </TextLine>

                    <TextLine ID="line_23" HPOS="21" VPOS="1076" WIDTH="673" HEIGHT="53" BASELINE="22 1106 694 1111" TAGREFS="TYPE_1">
                        <Shape>
                            <Polygon POINTS="22 1106 21 1121 55 1125 56 1125 57 1125 58 1125 61 1122 67 1118 127 1118 131 1122 134 1125 134 1125 135 1125 136 1125 137 1125 239 1122 254 1122 255 1122 263 1126 263 1126 264 1126 296 1122 307 1121 337 1122 402 1125 403 1125 423 1123 435 1121 470 1121 472 1123 484 1128 485 1128 486 1128 512 1127 513 1127 514 1127 519 1123 520 1122 525 1123 549 1128 550 1128 551 1128 570 1123 575 1122 576 1123 584 1129 585 1129 586 1129 587 1129 693 1123 694 1111 694 1086 673 1080 672 1080 655 1080 654 1080 653 1080 652 1080 645 1086 644 1086 608 1080 607 1080 552 1085 549 1085 538 1079 537 1079 536 1079 535 1079 520 1085 519 1086 484 1086 482 1084 474 1078 473 1078 472 1078 409 1078 408 1078 407 1078 394 1083 392 1084 391 1083 376 1078 375 1078 374 1078 374 1078 355 1083 354 1083 353 1083 331 1078 330 1078 304 1083 301 1083 300 1082 294 1077 293 1077 292 1077 291 1077 262 1082 256 1083 208 1082 196 1076 196 1076 195 1076 157 1082 153 1082 148 1082 100 1077 99 1077 76 1081 69 1082 67 1081 61 1076 61 1076 60 1076 59 1076 22 1080 22 1106"/>
                        </Shape>
                        <String CONTENT=""/>
                    </TextLine>

                    <TextLine ID="line_24" HPOS="20" VPOS="1117" WIDTH="674" HEIGHT="57" BASELINE="21 1149 694 1156" TAGREFS="TYPE_1">
                        <Shape>
                            <Polygon POINTS="21 1149 20 1165 63 1167 64 1167 65 1167 66 1167 68 1166 75 1161 104 1161 124 1166 134 1167 135 1167 136 1167 143 1166 157 1161 182 1166 207 1169 208 1169 248 1166 257 1165 259 1166 272 1170 273 1170 274 1170 309 1166 310 1166 352 1170 353 1170 354 1170 363 1166 365 1164 441 1164 450 1166 479 1171 480 1171 594 1166 596 1166 597 1166 626 1174 627 1174 628 1174 687 1171 687 1171 688 1171 693 1166 694 1156 693 1124 653 1124 652 1124 651 1124 650 1124 644 1130 628 1125 627 1125 626 1125 594 1129 582 1123 582 1123 581 1123 539 1129 527 1122 526 1122 524 1122 486 1122 485 1122 484 1122 472 1128 435 1128 420 1121 419 1121 418 1121 417 1121 405 1127 358 1127 328 1120 327 1120 326 1120 312 1127 282 1127 267 1119 266 1119 265 1119 193 1125 184 1119 183 1119 182 1119 181 1119 180 1119 170 1125 141 1119 140 1119 76 1124 21 1117 21 1149"/>
                        </Shape>
                        <String CONTENT=""/>
                    </TextLine>

                    <TextLine ID="line_25" HPOS="25" VPOS="1162" WIDTH="653" HEIGHT="56" BASELINE="25 1196 678 1201" TAGREFS="TYPE_1">
                        <Shape>
                            <Polygon POINTS="25 1196 25 1211 63 1207 73 1211 77 1213 78 1213 79 1213 79 1213 80 1213 82 1211 90 1207 109 1207 131 1211 143 1214 144 1214 145 1214 153 1211 165 1208 205 1208 222 1211 235 1214 236 1214 251 1211 266 1209 274 1211 282 1215 283 1215 284 1215 314 1211 324 1210 330 1211 352 1216 353 1216 435 1216 435 1216 435 1216 445 1211 448 1210 461 1211 501 1216 502 1217 539 1217 539 1216 539 1216 551 1211 576 1217 577 1218 636 1218 636 1217 637 1217 638 1217 647 1211 677 1211 678 1201 677 1174 619 1174 619 1173 603 1166 602 1166 601 1166 561 1171 548 1165 547 1165 546 1165 482 1172 476 1172 475 1172 460 1164 459 1164 458 1164 429 1168 423 1164 422 1164 421 1164 420 1164 419 1164 393 1171 392 1171 341 1171 341 1170 332 1163 331 1163 331 1163 285 1163 284 1163 283 1163 263 1170 261 1170 253 1170 199 1165 198 1165 197 1165 184 1168 177 1162 177 1162 176 1162 175 1162 174 1162 155 1169 153 1169 103 1169 102 1168 93 1162 92 1162 92 1162 91 1162 90 1162 70 1168 68 1168 25 1168 25 1196"/>
                        </Shape>
                        <String CONTENT=""/>
                    </TextLine>

                    <TextLine ID="line_26" HPOS="19" VPOS="1207" WIDTH="770" HEIGHT="52" BASELINE="20 1237 522 1243 789 1238" TAGREFS="TYPE_1">
                        <Shape>
                            <Polygon POINTS="20 1237 19 1253 134 1256 135 1256 136 1256 137 1256 142 1253 146 1251 149 1253 156 1256 157 1256 158 1257 208 1257 208 1256 226 1253 240 1249 249 1253 258 1256 259 1256 260 1256 261 1256 269 1253 276 1249 314 1252 374 1257 375 1257 415 1253 487 1258 488 1258 489 1258 500 1252 501 1252 593 1258 594 1258 595 1258 605 1253 625 1259 625 1259 626 1259 627 1259 655 1251 656 1251 788 1251 789 1238 788 1217 676 1217 672 1216 644 1210 643 1210 642 1210 625 1216 621 1216 619 1216 605 1209 604 1209 552 1209 552 1209 551 1209 539 1215 536 1216 457 1216 453 1214 447 1210 447 1210 446 1210 445 1210 421 1214 411 1215 409 1214 400 1208 399 1208 398 1208 398 1208 397 1208 376 1213 369 1216 293 1216 289 1212 287 1210 286 1210 285 1210 284 1210 257 1212 228 1214 225 1212 217 1207 216 1207 215 1207 214 1207 20 1210 20 1237"/>
                        </Shape>
                        <String CONTENT=""/>
                    </TextLine>

                    <TextLine ID="line_27" HPOS="19" VPOS="1248" WIDTH="766" HEIGHT="69" BASELINE="20 1284 785 1296" TAGREFS="TYPE_1">
                        <Shape>
                            <Polygon POINTS="777 1269 768 1268 760 1268 754 1267 685 1266 647 1257 646 1257 603 1263 594 1256 593 1256 592 1256 567 1255 566 1255 529 1263 500 1254 499 1254 457 1253 428 1253 427 1253 426 1253 411 1261 381 1254 380 1254 310 1257 292 1251 291 1251 233 1250 232 1250 231 1250 217 1258 188 1258 154 1250 153 1250 129 1255 64 1248 63 1248 62 1248 42 1255 42 1255 20 1255 20 1284 19 1301 34 1306 35 1306 36 1306 79 1302 91 1302 93 1302 98 1307 99 1307 100 1307 101 1307 124 1303 127 1303 132 1303 184 1308 184 1308 205 1305 226 1302 259 1306 266 1307 267 1307 270 1307 289 1302 325 1308 343 1310 344 1310 345 1310 350 1308 360 1304 376 1308 377 1308 378 1308 379 1308 380 1308 386 1304 456 1304 466 1311 469 1313 470 1313 471 1313 472 1313 483 1311 509 1306 522 1310 523 1310 524 1310 566 1307 578 1313 580 1314 581 1314 582 1314 586 1314 601 1310 615 1314 620 1315 621 1315 622 1315 623 1315 626 1314 633 1312 784 1317 785 1296 785 1269 777 1269"/>
                        </Shape>
                        <String CONTENT=""/>
                    </TextLine>
</TextBlock>
                <TextBlock ID="block_1" HPOS="692" VPOS="420" WIDTH="120" HEIGHT="66" TAGREFS="TYPE_13">
                    <Shape>
                        <Polygon POINTS="692.4041137695312 420.3570556640625 812.160888671875 420.3570556640625 812.160888671875 486.1939392089844 692.4041137695312 486.1939392089844 692.4041137695312 420.3570556640625"/>
                    </Shape>
                    <TextLine ID="line_28" HPOS="693" VPOS="450" WIDTH="94" HEIGHT="43" BASELINE="694 474 787 476" TAGREFS="TYPE_1">
                        <Shape>
                            <Polygon POINTS="694 474 693 492 721 493 722 493 723 493 723 493 723 492 725 490 730 487 749 489 775 492 776 492 777 492 786 487 787 476 786 456 694 450 694 474"/>
                        </Shape>
                        <String CONTENT=""/>
                    </TextLine>
</TextBlock>
                <TextBlock ID="block_2" HPOS="690" VPOS="1185" WIDTH="137" HEIGHT="125" TAGREFS="TYPE_13">
                    <Shape>
                        <Polygon POINTS="690.0822143554688 1185.6051025390625 827.4576416015625 1185.6051025390625 827.4576416015625 1310.3953857421875 690.0822143554688 1310.3953857421875 690.0822143554688 1185.6051025390625"/>
                    </Shape>
                    <TextLine ID="line_29" HPOS="693" VPOS="1175" WIDTH="112" HEIGHT="44" BASELINE="694 1208 805 1211" TAGREFS="TYPE_1">
                        <Shape>
                            <Polygon POINTS="693 1219 804 1219 805 1211 805 1186 774 1180 773 1180 773 1180 766 1183 763 1184 762 1182 756 1177 756 1176 755 1176 754 1176 754 1176 738 1180 734 1176 734 1175 733 1175 732 1175 731 1175 730 1175 717 1179 703 1182 696 1176 694 1208 693 1219"/>
                        </Shape>
                        <String CONTENT=""/>
                    </TextLine>

                    <TextLine ID="line_30" HPOS="693" VPOS="1241" WIDTH="122" HEIGHT="43" BASELINE="694 1265 815 1270" TAGREFS="TYPE_1">
                        <Shape>
                            <Polygon POINTS="694 1265 693 1275 714 1279 715 1279 716 1279 722 1277 731 1274 743 1279 744 1279 745 1279 746 1279 747 1279 748 1279 748 1278 753 1274 772 1274 787 1282 789 1283 790 1283 814 1284 815 1270 815 1241 694 1241 694 1265"/>
                        </Shape>
                        <String CONTENT=""/>
                    </TextLine>
</TextBlock>
            </PrintSpace>
        </Page>
    </Layout>
</alto>