<?xml version="1.0" encoding="UTF-8"?>
<alto xmlns:xsi="http://www.w3.org/2001/XMLSchema-instance"
    xmlns="http://www.loc.gov/standards/alto/ns-v4#"
    xsi:schemaLocation="http://www.loc.gov/standards/alto/ns-v4# http://www.loc.gov/standards/alto/v4/alto-4-3.xsd">
    <Description>
        <MeasurementUnit>pixel</MeasurementUnit>
        <sourceImageInformation>
            <fileName>7325976.jpeg</fileName>
        </sourceImageInformation>
        <Processing ID="OCR_0">
            <processingCategory>other</processingCategory>
            <processingStepDescription>unknown</processingStepDescription>
            <processingSoftware>
                <softwareName>kraken</softwareName>
                <softwareVersion>4.3.13</softwareVersion>
            </processingSoftware>
        </Processing>
    </Description>
    <Tags>
        <OtherTag ID="TYPE_1" LABEL="DefaultLine"/>
        <OtherTag ID="TYPE_2" LABEL="NumberingZone"/>
        <OtherTag ID="TYPE_3" LABEL="MainZone-Entry-Continued"/>
        <OtherTag ID="TYPE_4" LABEL="MainZone-Form"/>
        <OtherTag ID="TYPE_5" LABEL="MainZone-Lg"/>
        <OtherTag ID="TYPE_6" LABEL="DigitizationArtefactZone"/>
        <OtherTag ID="TYPE_7" LABEL="TableZone-Head"/>
        <OtherTag ID="TYPE_8" LABEL="MainZone-Sp"/>
        <OtherTag ID="TYPE_9" LABEL="MainZone-Sp-Continued"/>
        <OtherTag ID="TYPE_10" LABEL="TableZone-Continued"/>
        <OtherTag ID="TYPE_11" LABEL="MarginTextZone-ManuscriptAddendum"/>
        <OtherTag ID="TYPE_12" LABEL="GraphicZone-FigDesc"/>
        <OtherTag ID="TYPE_13" LABEL="MarginTextZone-Notes"/>
        <OtherTag ID="TYPE_14" LABEL="StampZone"/>
        <OtherTag ID="TYPE_15" LABEL="FigureZone"/>
        <OtherTag ID="TYPE_16" LABEL="MainZone-Head"/>
        <OtherTag ID="TYPE_17" LABEL="DropCapitalZone"/>
        <OtherTag ID="TYPE_18" LABEL="MainZone-Date"/>
        <OtherTag ID="TYPE_19" LABEL="MainZone-List-Continued"/>
        <OtherTag ID="TYPE_20" LABEL="FigureZone-Head"/>
        <OtherTag ID="TYPE_21" LABEL="GraphicZone-Head"/>
        <OtherTag ID="TYPE_22" LABEL="MainZone-P"/>
        <OtherTag ID="TYPE_23" LABEL="MainZone-Signature"/>
        <OtherTag ID="TYPE_24" LABEL="TitlePageZone-Index"/>
        <OtherTag ID="TYPE_25" LABEL="MainZone-Lg-Continued"/>
        <OtherTag ID="TYPE_26" LABEL="GraphicZone"/>
        <OtherTag ID="TYPE_27" LABEL="MarginTextZone-Notes-Continued"/>
        <OtherTag ID="TYPE_28" LABEL="GraphicZone-TextualContent"/>
        <OtherTag ID="TYPE_29" LABEL="GraphicZone-Maths"/>
        <OtherTag ID="TYPE_30" LABEL="GraphicZone-Part"/>
        <OtherTag ID="TYPE_31" LABEL="MainZone-Other"/>
        <OtherTag ID="TYPE_32" LABEL="FigureZone-FigDesc"/>
        <OtherTag ID="TYPE_33" LABEL="GraphicZone-Decoration"/>
        <OtherTag ID="TYPE_34" LABEL="MainZone-List"/>
        <OtherTag ID="TYPE_35" LABEL="MainZone-Entry"/>
        <OtherTag ID="TYPE_36" LABEL="AdvertisementZone"/>
        <OtherTag ID="TYPE_37" LABEL="TitlePageZone"/>
        <OtherTag ID="TYPE_38" LABEL="StampZone-Sticker"/>
        <OtherTag ID="TYPE_39" LABEL="MainZone-P-Continued"/>
        <OtherTag ID="TYPE_40" LABEL="TableZone"/>
        <OtherTag ID="TYPE_41" LABEL="RunningTitleZone"/>
        <OtherTag ID="TYPE_42" LABEL="QuireMarksZone"/>
    </Tags>
    <Layout>
        <Page WIDTH="1000" HEIGHT="1547" PHYSICAL_IMG_NR="0" ID="page_0">
            <PrintSpace HPOS="0" VPOS="0" WIDTH="1000" HEIGHT="1547">
                <TextBlock ID="block_4" HPOS="381" VPOS="106" WIDTH="474" HEIGHT="43" TAGREFS="TYPE_41">
                    <Shape>
                        <Polygon POINTS="381.72540283203125 106.55029296875 855.3438110351562 106.55029296875 855.3438110351562 149.970703125 381.72540283203125 149.970703125 381.72540283203125 106.55029296875"/>
                    </Shape>
                    <TextLine ID="line_0" HPOS="380" VPOS="109" WIDTH="477" HEIGHT="47" BASELINE="380 140 857 134" TAGREFS="TYPE_1">
                        <Shape>
                            <Polygon POINTS="741 134 732 134 723 134 715 134 706 134 698 134 689 134 680 134 672 134 663 134 655 134 646 134 638 134 629 134 620 134 612 134 603 134 595 134 586 134 577 134 569 134 560 134 552 134 543 137 534 137 526 137 517 137 509 137 500 137 491 137 483 137 474 137 466 137 457 137 448 137 440 137 431 137 423 137 414 137 405 137 397 137 388 137 380 137 380 140 380 147 433 156 434 156 486 155 487 155 488 155 488 154 494 148 499 148 516 146 519 148 528 154 529 154 530 154 531 155 565 155 565 154 566 154 567 154 567 153 574 148 575 146 590 146 612 148 651 153 652 153 653 153 670 148 682 145 694 148 707 152 708 152 709 152 744 148 789 143 856 148 857 134 854 109 753 110 752 110 751 110 751 110 748 113 741 118 741 134"/>
                        </Shape>
                        <String CONTENT=""/>
                    </TextLine>
</TextBlock>
                <TextBlock ID="block_1" HPOS="287" VPOS="159" WIDTH="676" HEIGHT="269" TAGREFS="TYPE_16">
                    <Shape>
                        <Polygon POINTS="287.3509826660156 159.4822998046875 963.21630859375 159.4822998046875 963.21630859375 428.5700378417969 287.3509826660156 428.5700378417969 287.3509826660156 159.4822998046875"/>
                    </Shape>
                    <TextLine ID="line_1" HPOS="350" VPOS="150" WIDTH="600" HEIGHT="64" BASELINE="352 204 570 197 950 193" TAGREFS="TYPE_1">
                        <Shape>
                            <Polygon POINTS="352 204 352 214 457 213 458 213 461 212 478 207 511 211 526 212 527 212 527 212 528 212 530 210 535 207 540 210 545 212 546 212 546 212 547 212 553 209 564 206 613 208 661 210 662 210 662 210 663 210 663 209 667 207 670 204 699 206 740 208 741 208 742 208 750 204 753 203 754 204 758 207 759 207 760 207 760 207 790 203 798 202 802 203 815 207 815 207 816 207 817 207 831 202 834 201 841 202 877 207 878 207 879 207 889 201 890 201 892 201 920 206 920 206 950 199 950 193 948 157 912 158 906 157 894 152 893 152 892 152 863 157 845 159 840 157 828 150 827 150 804 150 803 150 803 150 789 157 774 150 773 150 773 150 746 151 745 151 730 158 722 161 702 158 693 156 692 156 681 158 653 163 631 158 623 156 622 156 621 156 615 158 604 162 598 158 592 153 591 153 590 153 565 153 564 153 564 153 563 153 558 158 550 165 513 165 504 158 501 155 500 155 499 155 485 155 484 155 484 155 483 155 478 158 469 166 455 167 424 167 407 158 403 157 402 157 401 157 350 158 352 204"/>
                        </Shape>
                        <String CONTENT=""/>
                    </TextLine>

                    <TextLine ID="line_2" HPOS="293" VPOS="203" WIDTH="660" HEIGHT="67" BASELINE="294 258 682 250 953 250" TAGREFS="TYPE_1">
                        <Shape>
                            <Polygon POINTS="294 258 294 270 359 266 386 269 390 269 391 269 392 269 392 269 408 262 434 267 435 267 478 262 489 268 490 268 490 268 491 268 492 268 503 261 534 266 535 266 536 266 537 266 545 260 601 264 601 264 632 259 651 265 652 265 653 265 654 265 676 258 692 263 693 263 693 263 722 258 842 262 843 262 844 262 858 256 886 262 889 262 890 262 891 262 893 262 914 255 931 262 932 262 932 262 933 262 953 261 953 250 952 215 887 213 874 203 873 203 872 203 852 203 852 203 851 203 809 214 795 214 780 205 779 205 779 205 778 205 755 209 711 206 710 206 709 206 708 206 699 214 691 208 690 208 689 208 688 208 687 208 661 215 632 210 631 210 588 217 478 208 478 208 477 208 445 220 441 222 317 223 313 222 306 217 306 217 305 217 304 217 303 217 293 221 294 258"/>
                        </Shape>
                        <String CONTENT=""/>
                    </TextLine>

                    <TextLine ID="line_3" HPOS="288" VPOS="258" WIDTH="669" HEIGHT="66" BASELINE="288 311 957 299" TAGREFS="TYPE_1">
                        <Shape>
                            <Polygon POINTS="288 311 288 319 321 324 322 324 423 322 424 322 432 317 433 317 435 317 457 322 458 322 479 317 484 317 490 317 525 321 526 321 527 321 541 317 544 316 558 316 621 319 622 319 646 315 654 314 668 315 710 317 711 317 711 317 712 317 717 314 719 312 736 314 764 317 765 317 812 316 813 316 814 316 817 313 820 311 956 311 957 299 956 270 932 263 932 263 931 263 930 263 909 269 889 258 889 258 888 258 812 259 749 273 709 264 708 264 664 275 644 264 644 264 643 264 642 264 614 273 594 268 593 268 592 268 591 268 571 276 544 264 543 264 542 264 541 264 540 264 525 275 463 266 462 266 461 266 410 279 312 277 311 277 288 281 288 311"/>
                        </Shape>
                        <String CONTENT=""/>
                    </TextLine>

                    <TextLine ID="line_4" HPOS="288" VPOS="313" WIDTH="670" HEIGHT="71" BASELINE="289 366 958 354" TAGREFS="TYPE_1">
                        <Shape>
                            <Polygon POINTS="289 366 289 379 355 375 365 379 370 381 371 381 372 381 395 378 400 378 402 378 417 384 418 384 419 384 420 384 435 377 438 376 441 377 454 383 455 383 456 383 492 377 527 383 527 383 553 382 554 382 555 382 564 374 568 371 671 369 682 371 720 379 721 379 752 372 765 378 766 378 766 379 815 379 815 378 815 378 854 366 857 366 858 366 898 376 899 376 958 364 958 354 956 319 895 324 889 320 879 313 878 313 877 313 877 313 838 321 815 314 814 314 813 314 812 314 796 323 789 326 730 326 726 324 720 320 719 320 718 320 717 320 717 320 716 320 711 324 707 328 668 329 622 329 619 327 612 320 611 320 610 320 609 320 608 320 598 324 588 318 587 318 586 318 585 318 547 328 478 320 478 320 477 320 458 330 436 330 424 322 423 322 423 322 384 322 383 322 358 323 357 323 335 333 335 334 288 334 289 366"/>
                        </Shape>
                        <String CONTENT=""/>
                    </TextLine>

                    <TextLine ID="line_5" HPOS="288" VPOS="382" WIDTH="114" HEIGHT="49" BASELINE="290 420 402 418" TAGREFS="TYPE_1">
                        <Shape>
                            <Polygon POINTS="290 420 290 426 330 431 331 431 402 425 402 418 399 393 379 393 376 391 368 385 368 384 368 384 367 384 342 382 341 382 340 382 322 388 321 388 288 386 290 420"/>
                        </Shape>
                        <String CONTENT=""/>
                    </TextLine>
</TextBlock>
                <TextBlock ID="block_2" HPOS="289" VPOS="423" WIDTH="683" HEIGHT="879" TAGREFS="TYPE_22">
                    <Shape>
                        <Polygon POINTS="289.92706298828125 423.1837158203125 972.684814453125 423.1837158203125 972.684814453125 1302.499267578125 289.92706298828125 1302.499267578125 289.92706298828125 423.1837158203125"/>
                    </Shape>
                    <TextLine ID="line_6" HPOS="335" VPOS="413" WIDTH="627" HEIGHT="67" BASELINE="336 464 962 452" TAGREFS="TYPE_1">
                        <Shape>
                            <Polygon POINTS="336 464 336 471 365 479 366 480 383 480 383 479 384 479 385 479 398 470 399 470 438 477 439 477 440 477 441 477 453 470 454 470 457 470 471 470 490 476 491 476 492 476 493 476 494 476 503 468 506 468 527 468 531 468 561 470 568 476 569 476 570 476 570 476 610 467 653 470 654 470 688 465 760 472 761 472 762 472 763 472 770 467 782 470 783 470 784 470 785 470 785 470 792 465 827 467 828 467 828 467 829 467 834 463 850 470 851 470 852 470 913 470 950 469 950 469 951 469 962 460 962 452 959 413 852 416 851 416 838 421 826 417 822 415 821 415 820 415 819 415 818 415 816 417 807 425 787 418 785 418 785 418 784 418 783 418 782 418 782 419 769 427 748 427 736 420 727 416 726 416 725 416 693 421 659 428 653 423 649 419 648 419 647 419 631 418 631 418 630 418 629 418 619 424 612 428 585 425 579 425 578 425 560 426 515 430 511 428 507 424 506 424 505 424 504 424 503 424 489 428 482 431 476 429 459 422 458 422 457 422 456 422 431 431 427 432 423 431 387 422 386 422 386 422 367 433 366 434 335 434 336 464"/>
                        </Shape>
                        <String CONTENT=""/>
                    </TextLine>

                    <TextLine ID="line_7" HPOS="290" VPOS="464" WIDTH="671" HEIGHT="55" BASELINE="291 508 620 500 961 495" TAGREFS="TYPE_1">
                        <Shape>
                            <Polygon POINTS="291 508 291 516 415 519 416 519 417 519 434 513 437 513 447 513 498 518 499 518 500 518 516 512 520 511 526 512 558 517 559 517 560 517 561 517 570 511 573 509 659 508 663 509 693 514 694 514 733 507 739 507 742 507 763 513 764 513 765 513 766 513 779 507 780 507 828 512 829 512 830 512 852 505 854 505 857 505 907 510 907 510 961 502 961 495 958 467 920 469 915 468 906 464 905 464 904 464 903 464 902 464 897 468 895 470 889 468 874 464 873 464 872 464 871 464 871 464 864 469 860 471 837 471 830 470 809 465 808 465 771 470 760 472 751 471 718 466 717 466 717 466 704 472 695 466 694 466 693 466 693 466 692 466 668 473 666 474 644 474 644 474 637 468 636 468 635 468 634 468 599 475 595 475 593 475 558 469 557 469 519 476 511 478 446 478 443 478 422 472 421 472 420 472 419 472 418 472 410 478 408 479 402 479 334 473 333 473 290 481 291 508"/>
                        </Shape>
                        <String CONTENT=""/>
                    </TextLine>

                    <TextLine ID="line_8" HPOS="292" VPOS="503" WIDTH="673" HEIGHT="62" BASELINE="293 551 638 543 965 539" TAGREFS="TYPE_1">
                        <Shape>
                            <Polygon POINTS="293 551 293 562 316 565 317 565 318 565 319 565 323 562 325 559 355 558 359 561 363 564 364 564 365 564 366 564 386 561 392 560 398 561 424 563 425 563 426 563 427 563 431 560 437 556 465 556 472 559 478 562 479 562 480 562 481 562 490 559 496 556 539 555 585 557 624 560 625 560 625 560 634 556 644 553 667 556 675 557 676 557 677 557 680 556 687 552 729 556 757 557 758 557 759 557 769 555 785 550 822 550 829 554 832 556 833 556 834 556 834 556 854 556 854 556 855 556 856 556 858 553 863 550 872 553 877 555 878 555 879 555 965 551 965 539 961 505 956 509 949 506 944 503 943 503 942 503 916 507 903 507 890 507 846 504 846 504 845 504 835 508 831 510 819 508 791 505 791 505 790 505 778 510 774 511 770 510 754 506 754 506 753 506 752 506 751 506 744 511 741 513 730 511 705 507 705 507 704 507 703 507 697 512 695 513 690 512 672 509 671 509 670 509 662 513 656 514 642 513 597 508 596 508 595 508 582 514 579 516 570 515 550 512 549 512 548 512 537 515 533 517 528 516 506 510 505 510 504 510 394 512 393 512 392 512 380 519 379 520 292 521 293 551"/>
                        </Shape>
                        <String CONTENT=""/>
                    </TextLine>

                    <TextLine ID="line_9" HPOS="291" VPOS="550" WIDTH="675" HEIGHT="58" BASELINE="292 594 657 587 966 584" TAGREFS="TYPE_1">
                        <Shape>
                            <Polygon POINTS="292 594 292 602 341 608 342 608 343 608 343 608 343 607 349 603 444 606 445 606 446 606 460 601 466 599 467 601 472 605 473 605 474 605 475 606 493 606 493 605 537 600 564 597 685 596 691 599 694 602 695 602 696 602 697 603 726 603 726 602 727 602 728 602 731 599 736 595 763 595 767 599 770 601 771 601 772 601 773 601 806 599 846 595 869 598 881 599 882 599 891 598 919 593 965 597 966 584 964 556 898 550 897 550 896 550 895 550 889 556 885 559 832 559 824 557 809 552 809 552 808 552 807 552 788 557 778 561 698 561 690 559 678 555 677 555 676 555 675 555 674 555 668 559 663 562 638 562 633 559 618 555 617 555 616 555 572 556 571 556 562 561 558 562 541 561 508 556 507 556 506 556 493 562 491 562 490 562 478 557 478 557 477 557 457 562 455 562 449 562 374 559 374 559 373 559 372 559 368 562 362 567 343 567 327 563 311 560 310 560 291 563 292 594"/>
                        </Shape>
                        <String CONTENT=""/>
                    </TextLine>

                    <TextLine ID="line_10" HPOS="291" VPOS="592" WIDTH="675" HEIGHT="61" BASELINE="293 639 966 626" TAGREFS="TYPE_1">
                        <Shape>
                            <Polygon POINTS="293 639 293 653 337 653 337 653 338 653 348 646 384 651 385 651 386 651 386 651 427 644 453 649 460 650 460 650 461 650 462 650 464 649 472 643 490 648 496 649 496 649 497 649 505 648 528 642 576 646 606 648 607 648 607 648 618 644 622 643 630 644 650 647 651 647 652 647 666 643 678 640 684 642 692 646 693 646 693 646 694 646 695 646 699 642 705 639 719 642 736 644 737 644 782 640 807 637 809 639 815 642 815 642 816 642 817 642 818 642 831 638 836 636 840 638 849 642 850 642 851 642 883 638 917 642 918 642 965 634 966 626 964 597 883 592 883 592 852 598 845 599 842 598 831 593 830 593 829 593 828 593 816 598 812 599 806 598 794 594 793 594 792 594 791 594 783 598 777 600 760 599 733 595 732 595 731 595 730 595 725 599 721 601 706 599 690 596 689 596 656 599 627 602 623 599 619 597 618 597 617 597 616 597 615 597 609 599 604 602 577 600 568 599 567 599 562 600 542 604 536 600 533 599 533 599 532 599 531 599 530 599 524 600 509 606 484 606 474 601 472 599 471 599 470 599 469 599 465 601 451 606 432 601 428 600 427 600 426 600 425 600 423 601 410 607 390 601 387 601 386 601 386 601 385 601 384 601 384 602 376 608 291 603 293 639"/>
                        </Shape>
                        <String CONTENT=""/>
                    </TextLine>

                    <TextLine ID="line_11" HPOS="294" VPOS="636" WIDTH="672" HEIGHT="59" BASELINE="294 682 636 673 966 670" TAGREFS="TYPE_1">
                        <Shape>
                            <Polygon POINTS="294 682 294 691 368 695 368 695 369 695 379 690 381 690 392 690 424 694 425 694 426 694 434 690 438 688 447 690 465 693 466 693 466 693 478 690 486 687 498 689 516 692 517 692 518 692 519 692 523 689 526 687 539 689 559 691 560 691 561 691 572 688 582 685 623 688 648 689 649 689 687 687 770 682 777 685 779 687 779 687 780 687 781 687 794 685 819 682 846 684 863 686 864 686 865 686 872 684 883 682 964 683 966 670 964 637 927 636 926 636 926 636 920 638 904 644 847 640 827 639 826 639 825 639 821 641 810 646 794 642 793 642 769 648 747 648 740 643 736 640 735 640 734 640 733 640 714 644 701 647 697 644 690 641 689 641 688 641 687 641 677 645 674 646 669 645 650 642 649 642 648 642 635 646 625 650 609 650 606 647 601 643 601 643 600 643 599 643 598 643 588 648 586 648 582 648 565 643 564 643 564 643 528 648 484 644 484 644 483 644 462 651 459 652 453 651 428 647 427 647 393 653 388 654 385 654 355 647 355 647 354 647 353 647 340 654 339 655 294 655 294 682"/>
                        </Shape>
                        <String CONTENT=""/>
                    </TextLine>

                    <TextLine ID="line_12" HPOS="295" VPOS="678" WIDTH="672" HEIGHT="62" BASELINE="296 726 647 717 967 715" TAGREFS="TYPE_1">
                        <Shape>
                            <Polygon POINTS="296 726 296 740 396 733 404 738 405 739 406 739 407 739 408 739 435 739 435 739 435 739 441 737 457 732 500 735 519 737 520 737 533 734 560 730 581 733 597 736 598 736 641 735 642 735 656 732 668 728 679 731 690 733 691 733 692 733 719 730 738 727 749 729 766 732 766 732 767 732 768 732 772 728 775 726 828 726 837 727 866 731 867 731 868 731 869 731 876 726 877 725 892 726 948 728 949 728 950 728 967 723 967 715 964 678 882 687 828 683 827 683 792 689 760 683 749 681 748 681 733 684 693 690 636 686 599 684 598 684 597 684 584 688 569 693 546 693 539 689 535 685 534 685 533 685 517 685 516 685 515 685 505 690 496 694 479 690 459 686 458 686 457 686 444 691 441 692 438 691 418 687 417 687 417 687 399 693 390 696 380 693 364 690 363 690 362 690 354 694 351 696 349 694 342 689 341 689 340 689 308 689 307 689 306 689 295 694 296 726"/>
                        </Shape>
                        <String CONTENT=""/>
                    </TextLine>

                    <TextLine ID="line_13" HPOS="295" VPOS="724" WIDTH="673" HEIGHT="59" BASELINE="297 770 968 757" TAGREFS="TYPE_1">
                        <Shape>
                            <Polygon POINTS="297 770 297 783 374 783 374 782 386 781 409 776 426 780 429 780 430 780 431 780 433 779 444 776 461 779 474 781 475 781 476 781 477 781 480 778 484 776 493 778 497 779 498 779 499 779 500 779 501 779 503 777 508 774 566 773 587 776 608 778 609 778 636 774 655 771 665 773 679 776 680 776 737 776 738 776 746 771 749 770 773 770 832 774 833 774 869 768 879 767 887 768 920 772 921 772 922 772 923 772 932 767 933 766 967 766 968 757 965 725 845 729 841 727 837 724 836 724 835 724 834 724 809 725 792 728 781 731 751 729 699 727 698 727 668 731 652 733 638 732 613 729 612 729 611 729 601 733 597 734 588 733 564 729 564 729 563 729 562 729 555 734 552 736 518 736 512 735 496 731 496 731 495 731 441 732 441 732 423 737 418 738 406 738 354 734 353 734 352 734 341 739 338 740 295 740 297 770"/>
                        </Shape>
                        <String CONTENT=""/>
                    </TextLine>

                    <TextLine ID="line_14" HPOS="300" VPOS="766" WIDTH="668" HEIGHT="59" BASELINE="300 813 968 800" TAGREFS="TYPE_1">
                        <Shape>
                            <Polygon POINTS="300 813 300 825 343 821 392 824 393 824 394 824 405 819 496 822 508 822 509 822 600 819 601 819 601 819 617 814 699 817 707 817 708 817 709 817 710 817 717 813 813 814 877 815 878 815 968 810 968 800 966 770 894 766 893 766 892 766 882 771 877 775 850 775 846 772 840 768 840 768 839 768 838 768 813 773 803 775 794 773 773 769 773 769 772 769 771 769 763 774 759 776 728 776 719 775 702 770 701 770 700 770 699 770 699 770 693 775 692 776 691 775 680 770 680 770 679 770 625 771 625 771 605 776 595 779 587 776 572 772 571 772 570 772 533 776 524 773 523 773 522 773 521 773 509 778 502 782 466 782 460 779 448 775 447 775 447 775 446 775 436 780 430 783 355 783 352 781 346 776 345 776 344 776 343 776 300 782 300 813"/>
                        </Shape>
                        <String CONTENT=""/>
                    </TextLine>

                    <TextLine ID="line_15" HPOS="300" VPOS="807" WIDTH="669" HEIGHT="63" BASELINE="302 856 631 848 969 843" TAGREFS="TYPE_1">
                        <Shape>
                            <Polygon POINTS="834 837 829 819 761 819 760 819 750 811 749 811 748 811 748 811 747 811 726 817 709 813 708 813 707 813 691 820 687 821 679 820 614 813 613 813 567 816 566 816 565 816 556 823 542 815 541 815 524 815 523 815 522 815 521 815 514 821 498 816 497 816 496 816 496 816 466 825 464 825 461 825 416 819 415 819 414 819 387 827 386 827 373 827 342 827 316 819 315 819 314 819 313 819 312 819 300 826 302 856 302 870 350 865 356 869 357 869 358 869 359 869 372 868 423 865 428 868 430 868 431 868 432 868 433 868 434 868 435 867 444 862 540 864 562 864 563 864 564 864 565 863 575 860 595 862 613 865 614 865 638 862 661 858 677 861 696 863 697 863 717 859 723 858 725 859 730 862 731 862 732 862 733 862 781 861 782 861 783 861 787 857 789 856 796 857 818 861 819 861 820 861 835 856 840 855 845 856 855 860 856 860 857 860 895 855 895 855 897 855 926 859 927 859 969 852 969 843 969 814 945 807 944 807 944 807 943 807 929 815 925 817 920 815 901 808 901 808 900 808 899 808 868 816 861 819 838 819 834 837"/>
                        </Shape>
                        <String CONTENT=""/>
                    </TextLine>

                    <TextLine ID="line_16" HPOS="300" VPOS="856" WIDTH="671" HEIGHT="56" BASELINE="301 899 971 887" TAGREFS="TYPE_1">
                        <Shape>
                            <Polygon POINTS="301 899 301 908 377 908 391 912 392 912 392 912 393 912 405 908 521 910 522 910 523 910 524 910 530 905 532 904 539 905 582 909 583 909 584 909 595 904 599 902 650 902 654 904 664 907 665 907 666 907 667 907 680 903 688 901 699 903 723 906 723 906 724 906 725 906 730 902 734 899 806 899 811 901 820 904 821 904 822 904 822 904 833 901 837 899 841 901 850 904 851 904 852 904 870 900 880 898 883 900 889 903 890 903 891 903 971 898 971 887 969 856 850 860 837 859 799 856 798 856 797 856 785 860 779 862 777 861 771 856 770 856 769 856 768 856 637 858 636 858 635 858 628 864 625 866 582 866 578 865 561 860 560 860 559 860 530 866 529 866 528 866 445 862 444 862 443 862 417 868 417 869 387 869 333 870 325 866 324 866 323 866 300 871 301 899"/>
                        </Shape>
                        <String CONTENT=""/>
                    </TextLine>

                    <TextLine ID="line_17" HPOS="301" VPOS="897" WIDTH="668" HEIGHT="61" BASELINE="303 943 969 930" TAGREFS="TYPE_1">
                        <Shape>
                            <Polygon POINTS="303 943 303 951 345 958 346 958 347 958 373 951 429 956 429 956 430 956 448 949 449 949 505 952 506 952 527 947 528 947 530 947 552 953 553 953 554 953 555 953 570 947 570 946 643 946 656 952 656 952 657 952 696 945 701 944 705 945 725 949 726 949 727 949 728 949 734 945 740 949 741 949 742 949 742 950 790 950 790 949 827 942 830 942 834 942 878 947 879 947 907 941 912 941 969 941 969 930 966 900 908 903 901 901 883 897 883 897 882 897 881 897 867 902 863 904 858 902 846 898 846 898 845 898 844 898 826 903 819 904 812 903 790 898 789 898 755 904 744 906 712 905 613 902 612 902 611 902 595 908 593 909 589 908 569 903 568 903 567 903 529 910 521 911 515 910 487 905 486 905 485 905 484 905 478 910 445 906 444 906 443 906 431 911 429 913 331 914 331 914 318 910 317 910 316 910 315 910 301 914 303 943"/>
                        </Shape>
                        <String CONTENT=""/>
                    </TextLine>

                    <TextLine ID="line_18" HPOS="302" VPOS="941" WIDTH="671" HEIGHT="58" BASELINE="303 986 973 975" TAGREFS="TYPE_1">
                        <Shape>
                            <Polygon POINTS="303 986 303 996 364 994 378 996 395 999 396 999 414 996 423 994 432 995 455 998 456 998 457 998 458 998 462 995 464 993 466 995 474 997 475 997 476 997 538 996 539 996 539 996 545 993 547 991 559 992 586 996 587 996 638 990 663 989 670 990 685 994 686 994 687 994 738 989 751 988 761 989 816 992 817 992 861 986 870 985 877 986 911 990 912 990 972 984 973 975 972 947 963 941 962 941 961 941 960 941 959 941 948 947 940 941 939 941 938 941 938 941 907 946 889 941 889 941 888 941 887 941 886 941 876 948 864 944 863 944 862 944 861 944 851 949 827 943 826 943 825 943 789 948 782 943 781 943 780 943 779 943 779 943 761 952 760 953 740 953 740 952 723 944 722 944 721 944 695 950 676 945 675 945 674 945 674 945 656 950 638 947 638 947 637 947 625 953 562 951 561 951 560 951 552 955 541 948 540 948 539 948 509 947 508 947 507 947 490 956 475 949 474 949 473 949 472 949 453 958 405 958 315 951 314 951 313 951 312 951 302 958 303 986"/>
                        </Shape>
                        <String CONTENT=""/>
                    </TextLine>

                    <TextLine ID="line_19" HPOS="304" VPOS="984" WIDTH="668" HEIGHT="61" BASELINE="306 1031 972 1017" TAGREFS="TYPE_1">
                        <Shape>
                            <Polygon POINTS="306 1031 306 1045 347 1045 347 1045 348 1045 349 1044 360 1039 372 1044 373 1044 374 1044 374 1044 472 1042 472 1042 474 1041 488 1035 606 1033 617 1038 618 1038 619 1038 690 1033 714 1037 719 1037 720 1037 721 1037 723 1036 737 1031 795 1035 803 1035 804 1035 805 1035 808 1034 828 1029 885 1032 886 1032 931 1027 971 1031 972 1017 970 988 902 984 901 984 901 984 884 990 880 990 878 990 873 985 872 985 871 985 846 985 845 985 769 992 761 992 759 992 733 988 732 988 708 993 704 994 696 993 655 990 654 990 653 990 639 995 636 996 629 995 595 990 595 990 536 997 530 997 528 997 516 992 515 992 515 992 514 992 513 992 513 993 507 997 506 998 503 997 477 993 476 993 475 993 474 993 474 994 468 998 467 999 463 998 429 994 429 994 392 1000 386 1001 382 1000 360 996 359 996 358 996 347 1001 347 1002 304 1002 306 1031"/>
                        </Shape>
                        <String CONTENT=""/>
                    </TextLine>

                    <TextLine ID="line_20" HPOS="305" VPOS="1028" WIDTH="669" HEIGHT="60" BASELINE="306 1073 974 1062" TAGREFS="TYPE_1">
                        <Shape>
                            <Polygon POINTS="306 1073 306 1083 343 1083 354 1088 355 1088 355 1088 356 1088 381 1082 509 1086 510 1086 511 1086 512 1086 519 1081 561 1085 562 1085 602 1084 603 1084 614 1078 615 1078 636 1082 637 1082 701 1077 714 1082 715 1082 716 1082 758 1077 798 1081 799 1081 800 1081 818 1075 820 1075 823 1075 859 1080 860 1080 861 1080 862 1080 871 1074 883 1074 927 1073 929 1073 943 1078 944 1078 944 1078 974 1072 974 1062 972 1033 935 1028 934 1028 907 1034 896 1037 890 1035 878 1030 877 1030 877 1030 876 1030 855 1036 846 1038 841 1036 829 1031 828 1031 828 1031 803 1035 768 1031 767 1031 723 1039 716 1039 713 1039 699 1033 698 1033 697 1033 696 1033 669 1039 662 1042 602 1042 601 1041 588 1034 588 1034 569 1034 568 1034 567 1034 566 1034 558 1040 511 1035 510 1035 509 1035 480 1044 479 1045 433 1045 417 1045 405 1039 404 1039 404 1039 403 1039 378 1046 305 1047 306 1073"/>
                        </Shape>
                        <String CONTENT=""/>
                    </TextLine>

                    <TextLine ID="line_21" HPOS="305" VPOS="1072" WIDTH="670" HEIGHT="59" BASELINE="306 1117 975 1106" TAGREFS="TYPE_1">
                        <Shape>
                            <Polygon POINTS="306 1117 306 1125 353 1131 354 1131 355 1131 368 1127 431 1130 432 1130 433 1130 460 1123 487 1129 488 1129 489 1129 513 1123 542 1128 543 1128 544 1128 545 1128 551 1124 625 1125 625 1125 667 1119 680 1125 681 1125 682 1125 714 1119 748 1125 749 1125 792 1118 819 1124 820 1124 821 1124 822 1124 827 1119 846 1123 846 1123 847 1123 848 1123 856 1117 902 1117 920 1122 921 1122 922 1122 923 1122 924 1122 934 1114 975 1113 975 1106 973 1079 923 1072 922 1072 921 1072 900 1080 853 1080 820 1074 819 1074 818 1074 791 1081 768 1075 767 1075 766 1075 766 1075 765 1075 756 1082 741 1076 740 1076 739 1076 738 1076 728 1081 683 1077 682 1077 681 1077 663 1083 620 1079 619 1079 563 1085 557 1081 556 1081 555 1081 554 1081 515 1085 485 1080 484 1080 484 1080 472 1086 455 1082 454 1082 427 1087 409 1081 408 1081 407 1081 375 1082 374 1082 361 1088 322 1082 321 1082 320 1082 305 1088 306 1117"/>
                        </Shape>
                        <String CONTENT=""/>
                    </TextLine>

                    <TextLine ID="line_22" HPOS="306" VPOS="1113" WIDTH="670" HEIGHT="61" BASELINE="306 1160 976 1149" TAGREFS="TYPE_1">
                        <Shape>
                            <Polygon POINTS="306 1160 306 1169 337 1174 338 1174 374 1169 376 1169 378 1169 423 1173 423 1173 424 1173 435 1168 438 1167 442 1168 458 1172 459 1173 506 1173 506 1172 507 1172 508 1172 513 1167 514 1167 515 1167 519 1171 520 1171 521 1171 521 1172 563 1172 563 1171 564 1171 564 1171 570 1167 574 1165 603 1167 637 1169 638 1169 656 1167 675 1163 687 1166 692 1167 693 1167 693 1167 733 1166 836 1161 858 1165 862 1165 863 1165 864 1165 865 1165 877 1160 975 1163 976 1149 975 1118 938 1113 938 1113 937 1113 936 1113 928 1118 924 1121 912 1118 889 1114 888 1114 887 1114 875 1119 868 1124 817 1124 812 1121 808 1118 807 1118 806 1118 805 1118 804 1118 803 1118 798 1121 794 1125 754 1125 750 1123 745 1118 744 1118 743 1118 742 1118 742 1118 734 1122 720 1117 719 1117 718 1117 687 1124 680 1125 674 1125 655 1118 654 1118 653 1118 544 1120 543 1120 516 1128 512 1129 509 1128 482 1121 481 1121 480 1121 411 1131 409 1131 407 1131 368 1123 367 1123 366 1123 365 1123 355 1131 319 1127 318 1127 317 1127 306 1131 306 1160"/>
                        </Shape>
                        <String CONTENT=""/>
                    </TextLine>

                    <TextLine ID="line_23" HPOS="311" VPOS="1160" WIDTH="664" HEIGHT="60" BASELINE="312 1205 975 1192" TAGREFS="TYPE_1">
                        <Shape>
                            <Polygon POINTS="312 1205 312 1214 320 1219 321 1219 322 1219 323 1220 354 1220 354 1219 387 1213 413 1217 414 1217 415 1217 437 1211 464 1216 465 1216 525 1210 532 1214 533 1214 533 1214 534 1215 602 1215 602 1214 603 1214 622 1210 725 1211 726 1211 727 1211 740 1204 769 1204 890 1207 891 1207 892 1207 893 1207 900 1202 975 1199 975 1192 973 1166 944 1166 944 1166 934 1160 933 1160 932 1160 932 1160 931 1160 930 1160 921 1166 919 1167 860 1167 858 1167 852 1161 852 1161 851 1161 850 1161 849 1161 834 1167 828 1168 813 1167 776 1162 775 1162 774 1162 773 1162 767 1167 747 1163 746 1163 745 1163 737 1167 735 1169 732 1167 728 1165 727 1165 726 1165 725 1165 724 1165 717 1167 711 1171 679 1172 672 1168 671 1167 670 1167 669 1167 668 1167 663 1168 642 1173 628 1168 619 1166 619 1166 618 1166 617 1166 610 1168 607 1170 593 1169 571 1167 570 1167 570 1167 569 1167 566 1169 558 1175 517 1175 490 1170 483 1168 482 1168 472 1170 433 1177 410 1170 408 1170 407 1170 406 1170 402 1171 375 1176 311 1172 312 1205"/>
                        </Shape>
                        <String CONTENT=""/>
                    </TextLine>

                    <TextLine ID="line_24" HPOS="177" VPOS="1203" WIDTH="800" HEIGHT="60" BASELINE="177 1247 461 1246 977 1235" TAGREFS="TYPE_1">
                        <Shape>
                            <Polygon POINTS="177 1247 177 1255 294 1255 307 1262 308 1262 309 1263 333 1263 333 1262 334 1262 345 1257 551 1259 552 1259 552 1259 579 1251 613 1255 614 1255 615 1255 624 1251 795 1253 796 1253 864 1247 895 1253 895 1253 896 1253 925 1245 927 1245 976 1245 977 1235 976 1211 956 1203 955 1203 954 1203 875 1204 874 1204 873 1204 858 1213 842 1207 841 1207 840 1207 778 1214 759 1206 758 1206 757 1206 713 1211 708 1208 707 1208 706 1208 705 1208 705 1208 685 1216 684 1216 661 1209 660 1209 659 1209 658 1209 630 1216 629 1216 627 1216 541 1209 540 1209 513 1210 512 1210 511 1210 497 1218 448 1215 447 1215 447 1215 433 1220 431 1220 429 1220 383 1211 382 1211 381 1211 363 1221 361 1221 318 1216 317 1216 177 1223 177 1247"/>
                        </Shape>
                        <String CONTENT=""/>
                    </TextLine>

                    <TextLine ID="line_25" HPOS="312" VPOS="1244" WIDTH="662" HEIGHT="80" BASELINE="314 1295 974 1278" TAGREFS="TYPE_1">
                        <Shape>
                            <Polygon POINTS="314 1295 315 1324 388 1318 396 1320 402 1322 403 1322 404 1322 404 1322 405 1322 410 1320 425 1310 466 1302 522 1301 561 1301 573 1308 574 1308 575 1308 576 1308 592 1304 607 1309 611 1311 612 1311 613 1311 613 1311 619 1308 639 1301 660 1307 677 1312 678 1312 679 1312 713 1304 732 1300 736 1303 751 1314 752 1314 753 1314 754 1314 818 1312 819 1312 836 1302 855 1311 856 1311 857 1311 858 1311 893 1295 898 1292 911 1292 914 1294 920 1299 921 1299 922 1299 923 1299 924 1299 939 1293 943 1291 974 1291 974 1278 972 1251 938 1244 937 1244 906 1247 905 1247 904 1247 904 1247 899 1252 897 1252 836 1247 835 1247 781 1254 776 1254 772 1254 730 1249 729 1249 673 1256 656 1258 648 1256 625 1252 624 1252 623 1252 622 1252 615 1257 613 1259 608 1257 592 1253 591 1253 590 1253 550 1258 533 1260 527 1259 517 1255 516 1255 515 1255 498 1259 484 1263 312 1263 314 1295"/>
                        </Shape>
                        <String CONTENT=""/>
                    </TextLine>
</TextBlock>
                <TextBlock ID="block_0" HPOS="179" VPOS="1164" WIDTH="128" HEIGHT="154" TAGREFS="TYPE_13">
                    <Shape>
                        <Polygon POINTS="179.7519073486328 1164.965087890625 307.1864013671875 1164.965087890625 307.1864013671875 1318.2381591796875 179.7519073486328 1318.2381591796875 179.7519073486328 1164.965087890625"/>
                    </Shape>
                    <TextLine ID="line_26" HPOS="177" VPOS="1154" WIDTH="104" HEIGHT="51" BASELINE="178 1192 281 1190" TAGREFS="TYPE_1">
                        <Shape>
                            <Polygon POINTS="178 1192 178 1201 181 1204 181 1204 182 1204 183 1204 184 1205 218 1205 218 1204 281 1197 281 1190 278 1161 246 1161 244 1161 235 1154 234 1154 233 1154 233 1154 177 1159 178 1192"/>
                        </Shape>
                        <String CONTENT=""/>
                    </TextLine>

                    <TextLine ID="line_27" HPOS="177" VPOS="1183" WIDTH="129" HEIGHT="48" BASELINE="178 1220 306 1214" TAGREFS="TYPE_1">
                        <Shape>
                            <Polygon POINTS="280 1191 271 1191 266 1191 227 1199 177 1199 178 1220 178 1231 306 1223 306 1214 302 1183 279 1187 280 1191"/>
                        </Shape>
                        <String CONTENT=""/>
                    </TextLine>

                    <TextLine ID="line_28" HPOS="179" VPOS="1247" WIDTH="120" HEIGHT="38" BASELINE="180 1275 299 1273" TAGREFS="TYPE_1">
                        <Shape>
                            <Polygon POINTS="291 1247 286 1247 220 1253 212 1252 190 1248 190 1248 189 1248 179 1253 180 1275 180 1283 298 1285 299 1273 296 1247 291 1247"/>
                        </Shape>
                        <String CONTENT=""/>
                    </TextLine>

                    <TextLine ID="line_29" HPOS="181" VPOS="1277" WIDTH="54" HEIGHT="47" BASELINE="181 1303 235 1303" TAGREFS="TYPE_1">
                        <Shape>
                            <Polygon POINTS="181 1303 182 1324 195 1319 201 1322 205 1324 206 1324 207 1324 235 1318 235 1303 235 1284 208 1277 207 1277 181 1284 181 1303"/>
                        </Shape>
                        <String CONTENT=""/>
                    </TextLine>
</TextBlock>
                <TextBlock ID="block_5" HPOS="874" VPOS="1296" WIDTH="102" HEIGHT="46" TAGREFS="TYPE_42">
                    <Shape>
                        <Polygon POINTS="874.8416748046875 1296.3555908203125 976.5736083984375 1296.3555908203125 976.5736083984375 1342.7515869140625 874.8416748046875 1342.7515869140625 874.8416748046875 1296.3555908203125"/>
                    </Shape>
                    <TextLine ID="line_30" HPOS="873" VPOS="1288" WIDTH="105" HEIGHT="67" BASELINE="873 1325 978 1325" TAGREFS="TYPE_1">
                        <Shape>
                            <Polygon POINTS="873 1325 873 1346 893 1354 894 1354 895 1355 933 1355 933 1354 934 1354 944 1350 950 1347 977 1351 978 1325 978 1296 951 1296 950 1295 939 1288 938 1288 938 1288 937 1288 936 1288 920 1292 892 1288 891 1288 890 1288 873 1294 873 1325"/>
                        </Shape>
                        <String CONTENT=""/>
                    </TextLine>
</TextBlock>
            </PrintSpace>
        </Page>
    </Layout>
</alto>