<?xml version="1.0" encoding="UTF-8"?>
<alto xmlns:xsi="http://www.w3.org/2001/XMLSchema-instance"
    xmlns="http://www.loc.gov/standards/alto/ns-v4#"
    xsi:schemaLocation="http://www.loc.gov/standards/alto/ns-v4# http://www.loc.gov/standards/alto/v4/alto-4-3.xsd">
    <Description>
        <MeasurementUnit>pixel</MeasurementUnit>
        <sourceImageInformation>
            <fileName>2013060.jpeg</fileName>
        </sourceImageInformation>
        <Processing ID="OCR_0">
            <processingCategory>other</processingCategory>
            <processingStepDescription>unknown</processingStepDescription>
            <processingSoftware>
                <softwareName>kraken</softwareName>
                <softwareVersion>4.3.13</softwareVersion>
            </processingSoftware>
        </Processing>
    </Description>
    <Tags>
        <OtherTag ID="TYPE_1" LABEL="DefaultLine"/>
        <OtherTag ID="TYPE_2" LABEL="MarginTextZone-ManuscriptAddendum"/>
        <OtherTag ID="TYPE_3" LABEL="TitlePageZone"/>
        <OtherTag ID="TYPE_4" LABEL="StampZone-Sticker"/>
        <OtherTag ID="TYPE_5" LABEL="StampZone"/>
        <OtherTag ID="TYPE_6" LABEL="MainZone-Entry-Continued"/>
        <OtherTag ID="TYPE_7" LABEL="GraphicZone-Maths"/>
        <OtherTag ID="TYPE_8" LABEL="FigureZone"/>
        <OtherTag ID="TYPE_9" LABEL="MainZone-Signature"/>
        <OtherTag ID="TYPE_10" LABEL="MainZone-P-Continued"/>
        <OtherTag ID="TYPE_11" LABEL="GraphicZone-Decoration"/>
        <OtherTag ID="TYPE_12" LABEL="MainZone-Date"/>
        <OtherTag ID="TYPE_13" LABEL="MainZone-Other"/>
        <OtherTag ID="TYPE_14" LABEL="TableZone-Continued"/>
        <OtherTag ID="TYPE_15" LABEL="MarginTextZone-Notes-Continued"/>
        <OtherTag ID="TYPE_16" LABEL="FigureZone-FigDesc"/>
        <OtherTag ID="TYPE_17" LABEL="MarginTextZone-Notes"/>
        <OtherTag ID="TYPE_18" LABEL="DropCapitalZone"/>
        <OtherTag ID="TYPE_19" LABEL="GraphicZone"/>
        <OtherTag ID="TYPE_20" LABEL="RunningTitleZone"/>
        <OtherTag ID="TYPE_21" LABEL="GraphicZone-FigDesc"/>
        <OtherTag ID="TYPE_22" LABEL="MainZone-Lg"/>
        <OtherTag ID="TYPE_23" LABEL="FigureZone-Head"/>
        <OtherTag ID="TYPE_24" LABEL="MainZone-P"/>
        <OtherTag ID="TYPE_25" LABEL="GraphicZone-Head"/>
        <OtherTag ID="TYPE_26" LABEL="QuireMarksZone"/>
        <OtherTag ID="TYPE_27" LABEL="MainZone-Sp"/>
        <OtherTag ID="TYPE_28" LABEL="MainZone-List"/>
        <OtherTag ID="TYPE_29" LABEL="GraphicZone-Part"/>
        <OtherTag ID="TYPE_30" LABEL="DigitizationArtefactZone"/>
        <OtherTag ID="TYPE_31" LABEL="MainZone-Entry"/>
        <OtherTag ID="TYPE_32" LABEL="TableZone-Head"/>
        <OtherTag ID="TYPE_33" LABEL="GraphicZone-TextualContent"/>
        <OtherTag ID="TYPE_34" LABEL="AdvertisementZone"/>
        <OtherTag ID="TYPE_35" LABEL="MainZone-List-Continued"/>
        <OtherTag ID="TYPE_36" LABEL="MainZone-Form"/>
        <OtherTag ID="TYPE_37" LABEL="MainZone-Head"/>
        <OtherTag ID="TYPE_38" LABEL="NumberingZone"/>
        <OtherTag ID="TYPE_39" LABEL="TitlePageZone-Index"/>
        <OtherTag ID="TYPE_40" LABEL="MainZone-Sp-Continued"/>
        <OtherTag ID="TYPE_41" LABEL="TableZone"/>
        <OtherTag ID="TYPE_42" LABEL="MainZone-Lg-Continued"/>
    </Tags>
    <Layout>
        <Page WIDTH="1000" HEIGHT="1448" PHYSICAL_IMG_NR="0" ID="page_0">
            <PrintSpace HPOS="0" VPOS="0" WIDTH="1000" HEIGHT="1448">
                <TextBlock ID="block_1" HPOS="498" VPOS="97" WIDTH="374" HEIGHT="37" TAGREFS="TYPE_20">
                    <Shape>
                        <Polygon POINTS="498.6028747558594 97.38925170898438 872.1963500976562 97.38925170898438 872.1963500976562 134.139404296875 498.6028747558594 134.139404296875 498.6028747558594 97.38925170898438"/>
                    </Shape>
                    <TextLine ID="line_0" HPOS="493" VPOS="96" WIDTH="380" HEIGHT="43" BASELINE="494 128 873 118" TAGREFS="TYPE_1">
                        <Shape>
                            <Polygon POINTS="767 112 759 112 751 112 743 112 735 112 727 112 719 112 711 112 703 112 695 112 687 112 679 112 670 112 662 112 654 112 646 112 638 112 632 112 595 113 593 112 590 112 582 112 574 112 566 112 558 112 551 112 550 112 542 112 534 112 526 112 518 112 510 112 502 112 493 112 494 128 494 135 522 139 522 139 545 139 546 139 547 139 553 134 555 131 563 133 575 135 576 135 576 135 577 135 581 133 585 130 614 130 641 131 697 135 698 135 699 135 699 135 707 130 711 127 723 129 747 133 748 133 771 128 785 125 794 127 802 130 803 130 804 130 805 130 811 127 818 124 825 127 837 131 838 131 839 131 873 125 873 118 872 97 777 96 776 96 775 96 774 96 774 97 769 101 767 102 767 112"/>
                        </Shape>
                        <String CONTENT=""/>
                    </TextLine>
</TextBlock>
                <TextBlock ID="block_6" HPOS="381" VPOS="106" WIDTH="50" HEIGHT="38" TAGREFS="TYPE_38">
                    <Shape>
                        <Polygon POINTS="381.9659118652344 106.75726318359375 431.2691955566406 106.75726318359375 431.2691955566406 144.5430908203125 381.9659118652344 144.5430908203125 381.9659118652344 106.75726318359375"/>
                    </Shape>
                    <TextLine ID="line_1" HPOS="380" VPOS="114" WIDTH="60" HEIGHT="32" BASELINE="382 132 440 130" TAGREFS="TYPE_1">
                        <Shape>
                            <Polygon POINTS="382 132 382 139 399 146 400 146 401 146 440 137 440 130 437 114 380 114 382 132"/>
                        </Shape>
                        <String CONTENT=""/>
                    </TextLine>
</TextBlock>
                <TextBlock ID="block_0" HPOS="382" VPOS="139" WIDTH="578" HEIGHT="99" TAGREFS="TYPE_10">
                    <Shape>
                        <Polygon POINTS="382.1189880371094 139.60232543945312 960.8876953125 139.60232543945312 960.8876953125 238.84909057617188 382.1189880371094 238.84909057617188 382.1189880371094 139.60232543945312"/>
                    </Shape>
                    <TextLine ID="line_2" HPOS="410" VPOS="124" WIDTH="548" HEIGHT="52" BASELINE="411 169 958 155" TAGREFS="TYPE_1">
                        <Shape>
                            <Polygon POINTS="411 169 411 176 957 164 958 155 957 130 939 124 938 124 938 124 937 124 936 124 926 131 921 133 899 131 886 130 885 130 884 130 881 131 876 134 872 131 862 127 861 127 836 127 835 127 835 127 814 133 804 136 797 133 785 128 784 128 783 128 782 128 769 134 761 137 744 135 715 130 714 130 653 131 652 131 635 137 622 142 530 143 522 139 515 135 514 135 514 135 513 135 512 135 511 135 506 140 500 145 436 145 432 142 427 138 426 138 425 138 424 138 423 138 410 142 411 169"/>
                        </Shape>
                        <String CONTENT=""/>
                    </TextLine>

                    <TextLine ID="line_3" HPOS="379" VPOS="167" WIDTH="582" HEIGHT="47" BASELINE="380 201 961 187" TAGREFS="TYPE_1">
                        <Shape>
                            <Polygon POINTS="773 190 765 190 757 190 749 190 741 190 733 190 725 190 717 190 709 190 701 190 693 190 685 190 677 190 669 190 661 190 653 190 645 190 637 190 629 190 621 190 613 190 604 190 596 190 588 190 580 190 572 190 564 190 556 190 548 190 540 190 532 190 524 190 516 190 508 190 500 190 492 190 484 190 476 190 468 190 460 190 452 190 444 190 436 190 427 190 419 190 411 190 403 190 395 190 387 190 379 190 380 201 380 209 442 214 443 214 474 213 475 213 476 213 481 209 488 213 489 213 489 213 534 212 534 212 535 212 543 205 543 205 608 204 609 204 621 208 622 208 623 208 624 208 638 203 639 203 640 203 658 207 658 207 659 207 670 202 670 202 674 202 722 205 723 205 724 205 736 201 749 206 750 206 751 206 799 205 821 205 822 205 823 205 833 198 834 198 895 203 896 203 961 194 961 187 958 167 793 170 792 170 788 172 776 177 773 190"/>
                        </Shape>
                        <String CONTENT=""/>
                    </TextLine>

                    <TextLine ID="line_4" HPOS="384" VPOS="210" WIDTH="55" HEIGHT="33" BASELINE="384 234 439 234" TAGREFS="TYPE_1">
                        <Shape>
                            <Polygon POINTS="384 234 384 243 439 242 439 234 439 215 384 210 384 234"/>
                        </Shape>
                        <String CONTENT=""/>
                    </TextLine>
</TextBlock>
                <TextBlock ID="block_3" HPOS="383" VPOS="236" WIDTH="582" HEIGHT="483" TAGREFS="TYPE_24">
                    <Shape>
                        <Polygon POINTS="383.17218017578125 236.67532348632812 965.6387939453125 236.67532348632812 965.6387939453125 719.7186889648438 383.17218017578125 719.7186889648438 383.17218017578125 236.67532348632812"/>
                    </Shape>
                    <TextLine ID="line_5" HPOS="411" VPOS="223" WIDTH="550" HEIGHT="55" BASELINE="412 264 961 251" TAGREFS="TYPE_1">
                        <Shape>
                            <Polygon POINTS="412 264 413 278 429 272 477 276 480 276 481 276 483 276 517 270 542 275 543 275 544 275 549 275 622 267 637 272 638 272 639 272 640 272 681 271 682 271 683 271 695 266 716 270 720 271 720 271 727 270 753 266 770 268 771 268 772 268 773 268 773 267 777 264 803 268 808 268 809 268 810 268 811 267 827 263 960 263 961 251 959 229 936 225 935 225 916 229 900 223 899 223 898 223 897 223 885 230 866 225 865 225 864 225 864 225 851 231 818 231 789 226 788 226 787 226 786 226 777 232 735 227 734 227 733 227 708 234 688 228 687 228 687 228 686 228 676 233 662 229 662 229 661 229 566 237 550 231 549 231 548 231 547 231 534 238 497 238 481 233 481 233 480 233 479 233 462 237 455 234 454 234 453 234 452 234 441 239 419 236 419 236 418 236 417 236 411 239 412 264"/>
                        </Shape>
                        <String CONTENT=""/>
                    </TextLine>

                    <TextLine ID="line_6" HPOS="381" VPOS="259" WIDTH="579" HEIGHT="52" BASELINE="382 299 960 285" TAGREFS="TYPE_1">
                        <Shape>
                            <Polygon POINTS="775 282 770 268 770 269 769 269 769 269 755 263 754 263 753 263 753 263 734 270 732 270 731 270 697 265 696 265 695 265 695 265 685 271 683 271 668 271 592 270 592 270 591 270 580 274 579 274 569 274 458 271 457 271 456 271 444 277 399 278 391 273 390 273 390 273 389 273 388 273 387 273 381 276 382 299 382 306 400 311 401 311 451 306 507 308 508 308 509 308 518 304 519 304 525 304 551 308 551 308 577 304 587 302 596 303 618 306 619 306 649 305 650 305 650 305 650 304 653 302 655 300 798 300 892 300 892 300 900 299 926 294 959 297 960 285 958 263 947 259 946 259 932 259 931 259 930 259 930 259 921 265 921 266 920 265 910 260 909 260 909 260 908 260 893 266 889 267 887 266 872 261 872 261 871 261 823 267 788 263 787 263 786 263 779 265 775 282"/>
                        </Shape>
                        <String CONTENT=""/>
                    </TextLine>

                    <TextLine ID="line_7" HPOS="381" VPOS="290" WIDTH="581" HEIGHT="51" BASELINE="382 331 962 316" TAGREFS="TYPE_1">
                        <Shape>
                            <Polygon POINTS="382 331 382 340 540 341 541 341 542 341 543 341 543 340 547 336 548 336 574 340 575 340 576 340 590 335 591 335 630 338 631 338 632 338 644 333 645 333 646 333 670 337 671 337 711 332 712 332 713 332 760 335 761 335 761 335 772 330 799 334 800 334 842 329 861 333 862 333 863 333 880 328 918 331 919 331 962 324 962 316 961 296 930 290 929 290 895 297 894 297 809 298 802 293 802 293 801 293 800 293 737 300 736 300 734 300 704 296 703 296 671 302 670 302 670 302 656 298 655 298 654 298 624 303 609 298 608 298 607 298 547 300 547 300 537 305 534 305 479 301 478 301 477 301 477 301 469 307 469 307 464 307 399 304 399 304 398 304 381 308 382 331"/>
                        </Shape>
                        <String CONTENT=""/>
                    </TextLine>

                    <TextLine ID="line_8" HPOS="385" VPOS="324" WIDTH="577" HEIGHT="52" BASELINE="386 364 962 349" TAGREFS="TYPE_1">
                        <Shape>
                            <Polygon POINTS="386 364 386 376 422 370 460 374 476 375 477 375 498 373 517 370 525 372 535 374 536 374 551 371 574 366 591 370 600 371 601 371 602 371 603 371 606 369 611 366 633 368 646 369 646 369 647 369 653 367 666 364 672 367 674 368 675 368 676 368 692 366 723 362 734 365 748 368 749 368 750 368 751 368 757 364 760 362 767 364 779 367 780 367 781 367 804 362 817 360 843 361 901 364 901 364 962 357 962 349 961 329 937 324 936 324 935 324 934 324 925 329 845 326 844 326 790 333 777 333 761 333 716 331 716 331 684 334 670 336 668 335 662 331 662 331 661 331 660 331 659 331 658 331 658 332 654 335 652 337 583 338 577 337 568 333 567 333 567 333 526 337 509 339 500 338 484 336 483 336 482 336 481 336 477 338 473 341 462 339 453 337 452 337 452 337 385 340 386 364"/>
                        </Shape>
                        <String CONTENT=""/>
                    </TextLine>

                    <TextLine ID="line_9" HPOS="382" VPOS="356" WIDTH="580" HEIGHT="50" BASELINE="382 394 962 382" TAGREFS="TYPE_1">
                        <Shape>
                            <Polygon POINTS="382 394 382 403 489 406 490 406 491 406 500 402 530 404 530 404 531 404 532 404 540 399 584 403 584 403 585 403 599 399 611 403 612 403 613 403 671 402 709 395 770 399 771 399 772 399 794 394 869 397 870 397 896 391 956 394 957 394 958 394 958 394 962 390 962 382 962 360 955 356 954 356 954 356 953 356 892 362 884 363 882 362 878 359 877 359 876 359 876 359 835 362 814 358 814 358 813 358 812 358 803 365 802 366 778 366 765 366 683 362 682 362 681 362 666 368 665 369 624 369 622 369 615 364 614 364 613 364 562 364 561 364 560 364 544 370 543 370 541 370 502 366 501 366 500 366 484 372 482 372 475 372 405 368 404 368 403 368 382 374 382 394"/>
                        </Shape>
                        <String CONTENT=""/>
                    </TextLine>

                    <TextLine ID="line_10" HPOS="382" VPOS="390" WIDTH="580" HEIGHT="50" BASELINE="383 427 962 413" TAGREFS="TYPE_1">
                        <Shape>
                            <Polygon POINTS="777 410 772 397 755 399 728 398 691 394 691 394 690 394 689 394 685 398 682 401 674 398 671 397 670 397 670 397 669 397 668 397 667 399 663 401 572 400 571 400 542 404 535 400 534 399 533 399 532 399 531 399 484 399 474 401 445 407 429 402 427 401 426 401 425 401 421 402 406 405 382 403 383 427 383 434 416 440 417 440 418 440 428 435 620 435 621 435 621 435 633 429 644 432 645 432 646 432 646 432 658 428 659 428 660 428 688 433 689 433 722 427 724 427 728 427 786 431 787 431 788 431 789 431 796 425 797 425 802 425 873 428 874 428 962 421 962 413 960 394 938 390 937 390 907 394 903 395 902 395 895 390 894 390 893 390 893 390 892 390 880 395 877 396 868 395 825 391 824 391 780 396 777 410"/>
                        </Shape>
                        <String CONTENT=""/>
                    </TextLine>

                    <TextLine ID="line_11" HPOS="382" VPOS="419" WIDTH="581" HEIGHT="54" BASELINE="383 460 963 447" TAGREFS="TYPE_1">
                        <Shape>
                            <Polygon POINTS="777 444 771 428 742 425 741 425 740 425 740 425 719 433 664 433 636 427 633 427 633 427 627 427 595 432 586 429 584 428 584 428 583 428 538 430 537 430 535 431 514 438 489 438 480 432 479 432 478 432 477 432 477 432 465 438 382 435 383 460 383 473 416 473 417 473 418 473 418 473 423 468 489 470 489 470 490 470 498 466 509 470 510 470 510 470 511 470 512 470 520 465 545 468 546 468 567 464 583 468 587 468 588 468 588 468 590 468 598 464 606 467 609 468 610 468 611 468 668 467 669 467 670 467 671 465 674 463 694 464 717 466 718 466 719 466 720 466 723 464 726 460 765 460 799 460 850 463 851 463 851 463 859 459 862 457 880 458 927 461 928 461 929 461 942 456 944 456 946 456 955 460 956 460 957 460 958 460 958 460 963 456 963 447 961 419 922 427 895 421 894 421 893 421 892 421 849 427 827 423 825 423 824 423 823 423 823 423 810 431 788 431 780 429 777 444"/>
                        </Shape>
                        <String CONTENT=""/>
                    </TextLine>

                    <TextLine ID="line_12" HPOS="384" VPOS="455" WIDTH="578" HEIGHT="48" BASELINE="385 492 962 478" TAGREFS="TYPE_1">
                        <Shape>
                            <Polygon POINTS="385 492 385 500 451 503 452 503 452 503 466 498 467 498 478 502 479 502 480 502 588 500 588 500 597 496 621 499 622 499 749 492 764 491 773 491 851 493 852 493 853 493 854 493 860 489 861 489 868 489 921 492 921 492 922 492 933 487 934 487 934 487 948 491 949 491 950 491 950 491 962 486 962 478 960 459 872 460 860 455 860 455 859 455 828 460 824 461 816 461 759 457 758 457 757 457 745 462 744 463 740 462 720 459 720 459 697 463 689 464 679 464 653 460 652 460 651 460 641 464 638 465 635 464 623 460 622 460 621 460 621 460 610 464 606 466 599 465 585 463 584 463 584 463 577 465 573 467 569 465 559 462 558 462 557 462 533 466 519 468 515 467 510 464 510 464 509 464 494 467 480 469 469 468 452 464 452 464 451 464 439 468 430 470 384 469 385 492"/>
                        </Shape>
                        <String CONTENT=""/>
                    </TextLine>

                    <TextLine ID="line_13" HPOS="384" VPOS="485" WIDTH="577" HEIGHT="53" BASELINE="386 525 961 510" TAGREFS="TYPE_1">
                        <Shape>
                            <Polygon POINTS="386 525 386 533 406 538 407 538 407 538 408 538 416 532 417 532 419 532 429 535 430 535 431 535 469 531 477 530 500 530 687 530 688 530 729 525 747 529 748 529 748 529 790 522 793 522 795 522 833 526 834 526 960 518 961 510 959 489 925 485 924 485 898 489 875 485 874 485 873 485 872 485 862 491 777 487 777 487 776 487 764 493 748 488 748 488 747 488 721 489 720 489 720 489 720 490 714 495 696 489 695 489 695 489 658 497 655 497 612 497 597 492 596 492 596 492 595 492 570 498 538 493 537 493 506 499 478 496 477 496 477 496 460 501 460 501 445 496 444 496 444 496 384 503 386 525"/>
                        </Shape>
                        <String CONTENT=""/>
                    </TextLine>

                    <TextLine ID="line_14" HPOS="386" VPOS="516" WIDTH="577" HEIGHT="52" BASELINE="386 557 963 543" TAGREFS="TYPE_1">
                        <Shape>
                            <Polygon POINTS="386 564 448 568 449 568 488 563 545 565 546 565 565 561 575 565 576 565 576 565 577 565 578 565 584 560 604 564 604 564 744 556 749 556 757 556 930 556 930 556 963 551 963 543 961 522 943 522 942 522 930 516 929 516 928 516 905 517 904 517 903 517 895 522 880 518 880 518 879 518 855 522 839 518 838 518 837 518 821 519 820 519 819 519 814 524 811 526 767 527 754 525 736 521 736 521 703 526 671 530 588 526 548 526 547 526 547 526 543 527 530 533 501 528 495 527 494 527 493 527 492 528 477 535 443 535 425 529 424 529 423 529 423 529 422 529 421 529 408 535 386 530 386 557 386 564"/>
                        </Shape>
                        <String CONTENT=""/>
                    </TextLine>

                    <TextLine ID="line_15" HPOS="384" VPOS="555" WIDTH="581" HEIGHT="47" BASELINE="385 589 965 575" TAGREFS="TYPE_1">
                        <Shape>
                            <Polygon POINTS="778 579 770 579 762 579 754 579 746 579 738 579 730 579 722 579 714 579 706 579 698 579 690 579 682 579 674 579 666 579 658 579 650 579 641 579 633 579 625 579 617 579 609 579 601 579 593 579 585 579 577 579 569 579 561 579 553 579 545 579 537 579 529 579 521 579 513 579 505 579 497 579 489 579 481 579 473 579 465 579 456 579 448 579 440 579 432 579 424 579 416 579 408 579 400 579 392 579 390 579 384 580 385 589 385 602 452 596 565 597 574 597 575 597 576 597 576 597 589 593 660 595 674 595 674 595 675 595 676 595 676 594 683 590 702 594 706 594 707 594 717 593 773 588 813 591 820 591 821 591 825 590 847 586 964 586 965 575 962 555 786 559 786 559 785 559 781 562 778 579"/>
                        </Shape>
                        <String CONTENT=""/>
                    </TextLine>

                    <TextLine ID="line_16" HPOS="385" VPOS="582" WIDTH="578" HEIGHT="52" BASELINE="386 621 963 608" TAGREFS="TYPE_1">
                        <Shape>
                            <Polygon POINTS="386 621 386 629 418 634 419 634 526 626 541 631 542 631 543 631 543 631 566 625 588 630 588 630 623 624 643 629 644 629 645 629 646 629 661 623 724 627 724 627 761 621 792 625 793 625 826 624 827 624 827 624 834 619 956 621 957 621 958 621 958 621 963 616 963 608 961 582 938 587 915 584 910 583 909 583 909 583 908 583 908 584 907 584 902 588 893 584 891 584 890 584 889 584 888 584 885 584 859 592 761 592 753 588 749 587 748 587 725 587 724 587 673 592 648 593 644 592 637 590 636 590 635 590 634 590 624 593 611 597 588 597 581 594 573 591 572 591 572 591 571 591 559 595 549 598 526 596 487 592 486 592 460 594 460 594 459 594 454 599 451 601 385 601 386 621"/>
                        </Shape>
                        <String CONTENT=""/>
                    </TextLine>

                    <TextLine ID="line_17" HPOS="384" VPOS="615" WIDTH="578" HEIGHT="51" BASELINE="385 653 962 639" TAGREFS="TYPE_1">
                        <Shape>
                            <Polygon POINTS="385 653 385 663 452 666 452 666 453 666 465 662 471 660 477 662 485 665 485 665 486 665 509 662 524 659 536 661 554 663 555 663 574 660 595 657 629 659 653 661 654 661 670 658 696 654 703 658 706 659 707 659 707 659 708 659 713 658 724 654 741 657 748 658 749 658 750 658 751 658 753 657 759 653 781 656 782 656 783 656 797 652 813 656 818 657 819 657 820 657 823 656 831 651 853 654 854 654 873 650 883 654 884 654 884 654 885 654 900 649 962 653 962 639 961 617 859 615 858 615 790 621 773 623 770 622 761 617 760 617 759 617 731 623 722 625 701 625 699 624 689 619 688 619 687 619 687 619 668 625 665 625 660 625 624 621 623 621 622 621 601 626 599 627 595 627 562 622 561 622 560 622 549 628 547 629 544 628 521 623 520 623 519 623 518 623 511 629 510 629 499 629 436 627 435 627 434 627 419 631 402 626 401 626 400 626 399 626 384 632 385 653"/>
                        </Shape>
                        <String CONTENT=""/>
                    </TextLine>

                    <TextLine ID="line_18" HPOS="383" VPOS="647" WIDTH="580" HEIGHT="52" BASELINE="384 686 963 672" TAGREFS="TYPE_1">
                        <Shape>
                            <Polygon POINTS="384 686 384 699 472 699 473 699 473 699 475 697 481 693 562 695 576 695 576 695 583 694 614 690 648 692 673 694 674 694 674 694 682 691 688 689 709 691 736 692 737 692 738 692 748 689 753 688 756 689 764 691 765 691 765 691 766 691 772 688 777 686 794 686 796 688 799 691 800 691 801 691 802 691 822 687 839 684 860 686 885 688 886 688 887 688 894 685 900 682 905 685 913 687 913 687 914 687 963 682 963 672 962 652 896 647 895 647 894 647 881 654 880 654 833 648 832 648 783 649 782 649 768 657 766 657 761 657 711 651 710 651 709 651 692 657 684 652 683 652 683 652 682 652 625 658 618 654 617 654 617 654 616 654 581 655 545 662 542 662 539 662 522 658 522 658 521 658 520 658 507 663 506 664 428 665 427 665 411 659 410 659 409 659 408 659 383 666 384 686"/>
                        </Shape>
                        <String CONTENT=""/>
                    </TextLine>

                    <TextLine ID="line_19" HPOS="385" VPOS="682" WIDTH="473" HEIGHT="49" BASELINE="386 719 858 707" TAGREFS="TYPE_1">
                        <Shape>
                            <Polygon POINTS="386 719 386 727 407 731 408 731 526 724 544 723 547 723 569 727 570 727 571 727 587 722 588 722 592 726 592 726 593 726 594 726 624 721 625 721 633 721 763 722 764 722 857 715 858 707 855 688 806 688 795 682 794 682 794 682 769 683 768 683 767 683 767 684 761 690 761 691 718 691 717 691 707 685 706 685 705 685 617 688 617 688 616 688 610 692 609 693 608 692 596 688 596 688 595 688 557 694 541 695 526 694 495 691 494 691 493 691 483 695 477 698 414 698 410 696 402 693 401 693 400 693 385 696 386 719"/>
                        </Shape>
                        <String CONTENT=""/>
                    </TextLine>
</TextBlock>
                <TextBlock ID="block_2" HPOS="387" VPOS="719" WIDTH="582" HEIGHT="493" TAGREFS="TYPE_24">
                    <Shape>
                        <Polygon POINTS="387.2869567871094 719.3131713867188 969.8818359375 719.3131713867188 969.8818359375 1212.2467041015625 387.2869567871094 1212.2467041015625 387.2869567871094 719.3131713867188"/>
                    </Shape>
                    <TextLine ID="line_20" HPOS="423" VPOS="710" WIDTH="542" HEIGHT="54" BASELINE="424 749 965 737" TAGREFS="TYPE_1">
                        <Shape>
                            <Polygon POINTS="424 749 424 763 483 764 484 764 485 764 488 762 497 757 512 761 518 763 518 763 519 763 520 763 523 761 533 756 559 760 560 760 561 760 568 756 574 761 575 761 576 761 576 761 577 762 592 762 592 761 593 761 596 760 607 755 625 759 626 759 627 759 629 759 688 753 709 757 714 758 715 758 721 757 748 752 793 756 806 756 806 756 807 756 810 755 821 750 832 755 835 756 835 756 836 756 843 755 865 749 891 749 899 753 900 754 901 754 901 754 902 754 909 753 939 748 964 752 965 737 964 717 937 710 936 710 935 710 913 714 905 711 904 711 903 711 902 711 901 711 892 718 882 711 881 711 880 711 857 711 856 711 826 712 825 712 810 719 809 719 799 719 754 717 753 717 731 720 724 721 724 720 715 715 714 715 713 715 712 715 711 715 700 719 611 718 610 718 609 718 600 722 596 725 533 726 527 724 522 720 521 720 520 720 519 720 507 724 499 726 492 724 481 720 480 720 479 720 478 720 471 724 466 727 453 724 432 721 432 721 431 721 423 724 424 749"/>
                        </Shape>
                        <String CONTENT=""/>
                    </TextLine>

                    <TextLine ID="line_21" HPOS="386" VPOS="748" WIDTH="578" HEIGHT="48" BASELINE="386 784 964 769" TAGREFS="TYPE_1">
                        <Shape>
                            <Polygon POINTS="386 791 418 796 419 796 419 796 420 796 426 791 449 795 450 795 486 789 514 793 514 793 547 788 547 788 549 788 661 789 662 789 690 785 706 789 707 789 707 789 803 782 829 785 830 785 831 785 831 785 838 781 848 784 849 784 850 784 851 784 866 780 868 780 873 780 954 782 955 782 956 782 964 777 964 769 962 751 882 748 881 748 843 752 830 753 827 752 818 748 818 748 817 748 783 753 761 756 742 753 731 752 730 752 729 752 728 752 727 754 723 756 718 754 711 751 711 751 710 751 673 752 658 755 639 759 620 755 609 753 608 753 607 753 600 756 586 760 563 756 562 756 506 762 386 759 386 784 386 791"/>
                        </Shape>
                        <String CONTENT=""/>
                    </TextLine>

                    <TextLine ID="line_22" HPOS="388" VPOS="777" WIDTH="579" HEIGHT="52" BASELINE="389 815 967 802" TAGREFS="TYPE_1">
                        <Shape>
                            <Polygon POINTS="389 815 389 829 426 823 441 827 444 828 444 828 445 828 522 826 522 826 526 825 535 820 546 823 547 823 547 823 570 819 621 822 662 823 662 823 663 823 672 820 679 817 691 819 707 822 707 822 746 820 747 820 748 820 751 817 753 815 759 817 773 821 773 821 774 821 775 821 787 816 791 814 838 814 839 814 847 818 847 818 848 818 849 818 857 814 859 813 872 813 923 815 924 815 967 810 967 802 966 781 958 777 957 777 956 777 955 777 843 779 817 785 786 780 785 780 784 780 783 780 776 785 641 783 641 783 604 789 551 785 550 785 549 785 532 792 451 793 436 788 435 788 434 788 433 788 432 788 423 793 388 794 389 815"/>
                        </Shape>
                        <String CONTENT=""/>
                    </TextLine>

                    <TextLine ID="line_23" HPOS="386" VPOS="810" WIDTH="581" HEIGHT="49" BASELINE="387 848 967 835" TAGREFS="TYPE_1">
                        <Shape>
                            <Polygon POINTS="387 848 387 859 966 845 967 835 965 817 922 812 921 812 921 812 905 816 894 810 893 810 893 810 877 811 876 811 876 811 868 818 844 812 823 812 823 812 822 812 821 812 821 813 816 817 784 813 783 813 725 814 724 814 705 822 683 815 682 815 681 815 680 815 679 815 679 816 671 822 671 823 567 825 565 825 545 818 544 818 543 818 481 826 478 826 472 826 436 826 423 821 423 821 422 821 386 828 387 848"/>
                        </Shape>
                        <String CONTENT=""/>
                    </TextLine>

                    <TextLine ID="line_24" HPOS="387" VPOS="844" WIDTH="579" HEIGHT="47" BASELINE="388 880 966 867" TAGREFS="TYPE_1">
                        <Shape>
                            <Polygon POINTS="388 880 388 891 592 884 610 887 618 888 619 888 620 888 621 888 622 886 627 883 635 886 637 887 638 887 639 887 646 886 670 882 711 884 726 885 727 885 728 885 732 884 744 880 756 884 759 884 760 884 761 884 761 884 765 884 777 880 817 882 828 883 829 883 843 882 898 876 965 879 966 867 963 847 831 848 795 844 794 844 748 849 694 847 693 847 692 847 683 851 625 848 625 848 624 848 623 848 616 853 614 855 609 853 593 849 592 849 592 849 591 849 579 854 576 855 574 854 560 850 559 850 559 850 534 855 522 858 387 858 388 880"/>
                        </Shape>
                        <String CONTENT=""/>
                    </TextLine>

                    <TextLine ID="line_25" HPOS="386" VPOS="872" WIDTH="581" HEIGHT="53" BASELINE="387 913 967 899" TAGREFS="TYPE_1">
                        <Shape>
                            <Polygon POINTS="387 913 387 921 410 925 411 925 489 920 515 923 516 923 613 916 838 916 838 915 870 909 929 913 930 913 967 906 967 899 965 877 897 872 897 872 854 874 853 874 835 880 831 881 786 881 785 880 771 876 770 876 769 876 769 876 758 881 755 882 743 881 710 878 709 878 708 878 707 878 707 879 703 882 701 884 685 884 682 882 673 878 672 878 671 878 670 878 654 882 646 879 646 879 645 879 644 879 643 879 638 883 635 885 627 884 609 880 608 880 607 880 599 884 595 886 588 884 576 880 576 880 575 880 546 885 528 888 515 885 499 883 498 883 497 883 488 886 478 889 470 886 463 884 462 884 461 884 460 884 448 887 435 890 419 888 406 885 405 885 386 888 387 913"/>
                        </Shape>
                        <String CONTENT=""/>
                    </TextLine>

                    <TextLine ID="line_26" HPOS="388" VPOS="905" WIDTH="577" HEIGHT="52" BASELINE="389 945 965 932" TAGREFS="TYPE_1">
                        <Shape>
                            <Polygon POINTS="389 945 389 952 423 957 424 957 481 951 484 951 485 951 525 954 526 954 526 954 527 954 533 950 534 950 539 950 558 954 559 954 559 954 567 950 569 949 578 950 603 953 604 953 649 949 676 946 688 948 698 950 699 950 709 948 724 946 749 947 771 949 772 949 773 949 777 947 786 944 964 944 965 932 963 910 930 905 930 905 929 905 928 905 921 910 918 913 882 913 875 911 856 907 855 907 795 913 784 913 779 913 757 909 756 909 755 909 743 913 736 916 730 913 722 911 721 911 720 911 703 914 693 916 687 914 677 911 676 911 675 911 674 911 665 915 658 917 651 915 641 912 641 912 640 912 621 916 603 920 565 920 559 917 554 914 553 914 552 914 551 914 543 917 530 921 519 917 511 915 510 915 510 915 494 917 481 920 476 918 469 916 469 916 468 916 467 916 462 918 455 922 444 918 437 917 436 917 436 917 435 917 430 919 424 921 388 920 389 945"/>
                        </Shape>
                        <String CONTENT=""/>
                    </TextLine>

                    <TextLine ID="line_27" HPOS="389" VPOS="939" WIDTH="577" HEIGHT="48" BASELINE="389 978 966 963" TAGREFS="TYPE_1">
                        <Shape>
                            <Polygon POINTS="533 974 525 974 517 974 509 974 501 974 493 974 485 974 477 974 469 975 460 975 452 975 444 975 436 975 428 975 420 975 412 975 410 975 389 978 389 987 678 979 855 979 899 979 899 978 900 978 901 977 912 973 918 977 919 977 920 977 921 977 924 977 942 973 965 975 966 963 962 945 950 948 938 946 912 939 911 939 910 939 909 939 899 946 884 943 884 943 861 949 860 949 859 949 843 942 842 942 841 942 840 942 820 949 788 942 787 942 763 947 617 946 616 946 615 946 588 957 559 950 559 950 558 950 557 950 535 959 533 974"/>
                        </Shape>
                        <String CONTENT=""/>
                    </TextLine>

                    <TextLine ID="line_28" HPOS="390" VPOS="971" WIDTH="578" HEIGHT="52" BASELINE="391 1009 968 997" TAGREFS="TYPE_1">
                        <Shape>
                            <Polygon POINTS="391 1009 391 1023 432 1016 456 1021 457 1021 506 1020 506 1020 507 1020 513 1016 518 1020 518 1020 519 1020 520 1020 567 1019 568 1019 569 1019 584 1012 635 1012 655 1016 659 1017 660 1017 675 1016 740 1010 774 1013 781 1014 781 1014 782 1014 785 1013 795 1009 826 1012 837 1013 838 1013 853 1011 882 1008 902 1011 915 1011 916 1011 917 1011 921 1010 930 1006 967 1008 968 997 967 971 918 971 917 971 917 971 916 971 916 972 915 972 909 978 905 974 905 974 904 974 903 974 902 974 890 979 858 975 857 975 813 979 786 975 781 974 780 974 779 974 778 974 777 975 771 980 737 982 695 977 685 976 684 976 683 976 680 977 666 983 654 978 652 977 651 977 622 977 621 977 611 979 582 986 563 986 555 980 553 979 552 979 551 979 551 979 550 979 544 980 538 983 533 981 530 979 529 979 528 979 527 979 526 979 525 981 519 986 508 982 507 982 506 982 481 986 473 982 473 982 472 982 471 982 470 982 469 982 460 987 390 984 391 1009"/>
                        </Shape>
                        <String CONTENT=""/>
                    </TextLine>

                    <TextLine ID="line_29" HPOS="389" VPOS="1003" WIDTH="578" HEIGHT="50" BASELINE="390 1041 967 1028" TAGREFS="TYPE_1">
                        <Shape>
                            <Polygon POINTS="390 1041 390 1051 451 1053 452 1053 452 1053 460 1049 465 1048 473 1049 485 1052 486 1052 487 1052 495 1048 500 1047 508 1048 525 1051 526 1051 574 1046 596 1044 603 1045 617 1048 618 1048 619 1048 625 1045 629 1043 709 1042 727 1042 790 1044 791 1044 792 1044 793 1044 797 1040 798 1040 804 1040 827 1044 827 1044 876 1038 884 1038 888 1038 926 1041 927 1041 967 1036 967 1028 966 1009 932 1003 931 1003 930 1003 917 1009 899 1003 898 1003 897 1003 897 1003 896 1003 888 1010 888 1011 850 1011 849 1011 831 1005 831 1005 830 1005 829 1005 828 1005 828 1006 823 1011 822 1011 818 1011 762 1007 761 1007 716 1008 715 1008 698 1014 693 1015 671 1014 595 1011 594 1011 593 1011 592 1011 587 1016 584 1018 502 1019 488 1017 460 1014 459 1014 458 1014 457 1014 457 1015 453 1018 452 1019 451 1018 441 1015 440 1015 440 1015 439 1015 430 1019 424 1020 389 1020 390 1041"/>
                        </Shape>
                        <String CONTENT=""/>
                    </TextLine>

                    <TextLine ID="line_30" HPOS="388" VPOS="1033" WIDTH="579" HEIGHT="53" BASELINE="389 1074 967 1061" TAGREFS="TYPE_1">
                        <Shape>
                            <Polygon POINTS="389 1074 389 1081 423 1086 424 1086 538 1080 569 1078 578 1079 600 1082 600 1082 601 1082 602 1082 607 1079 609 1077 632 1078 676 1081 677 1081 699 1077 718 1075 736 1077 748 1078 749 1078 766 1077 796 1073 967 1073 967 1061 965 1039 946 1039 935 1033 934 1033 934 1033 933 1033 917 1040 917 1040 903 1034 902 1034 901 1034 901 1034 889 1040 823 1036 822 1036 777 1043 773 1043 762 1043 633 1040 632 1040 602 1046 579 1041 578 1041 577 1041 557 1048 555 1048 547 1048 455 1044 454 1044 388 1051 389 1074"/>
                        </Shape>
                        <String CONTENT=""/>
                    </TextLine>

                    <TextLine ID="line_31" HPOS="387" VPOS="1069" WIDTH="580" HEIGHT="49" BASELINE="388 1106 967 1094" TAGREFS="TYPE_1">
                        <Shape>
                            <Polygon POINTS="388 1106 388 1114 415 1118 415 1118 416 1118 437 1114 458 1118 459 1118 530 1116 531 1116 544 1111 547 1111 551 1111 580 1115 580 1115 581 1115 598 1110 600 1110 602 1110 617 1114 618 1114 619 1114 620 1114 628 1110 629 1110 635 1110 657 1114 658 1114 658 1114 669 1110 672 1109 698 1110 768 1111 769 1111 769 1111 776 1108 780 1106 967 1105 967 1094 965 1072 903 1074 900 1073 895 1069 894 1069 893 1069 893 1069 892 1069 881 1073 876 1074 868 1073 839 1069 839 1069 800 1070 799 1070 798 1070 794 1074 790 1077 740 1077 736 1076 728 1072 727 1072 726 1072 725 1072 724 1072 724 1073 720 1076 719 1077 709 1076 685 1073 684 1073 683 1073 683 1073 683 1073 679 1077 675 1080 631 1080 625 1077 621 1076 621 1076 620 1076 606 1078 588 1081 581 1078 571 1075 570 1075 569 1075 568 1075 557 1079 550 1081 543 1079 540 1078 539 1078 539 1078 533 1079 518 1082 512 1080 506 1077 506 1077 505 1077 487 1080 473 1082 465 1081 454 1077 453 1077 452 1077 452 1077 439 1081 434 1082 430 1081 422 1078 421 1078 420 1078 387 1081 388 1106"/>
                        </Shape>
                        <String CONTENT=""/>
                    </TextLine>

                    <TextLine ID="line_32" HPOS="388" VPOS="1102" WIDTH="579" HEIGHT="49" BASELINE="389 1138 967 1125" TAGREFS="TYPE_1">
                        <Shape>
                            <Polygon POINTS="389 1138 389 1147 473 1146 496 1151 497 1151 575 1143 586 1147 587 1147 588 1147 588 1147 604 1143 607 1142 614 1142 677 1147 678 1147 705 1140 717 1145 718 1145 719 1145 764 1139 767 1139 769 1139 821 1143 822 1143 823 1143 823 1143 823 1143 828 1139 849 1142 850 1142 907 1135 910 1135 918 1141 919 1141 920 1141 921 1141 967 1134 967 1125 965 1102 845 1106 834 1105 822 1103 821 1103 820 1103 814 1106 809 1107 801 1106 786 1103 786 1103 765 1106 757 1108 736 1107 678 1106 677 1106 676 1106 660 1110 659 1110 658 1110 646 1106 646 1106 645 1106 644 1106 633 1110 630 1111 622 1110 593 1108 592 1108 592 1108 591 1108 586 1112 584 1112 570 1108 569 1108 568 1108 567 1108 554 1113 552 1113 551 1113 539 1109 538 1109 537 1109 536 1109 526 1113 489 1110 488 1110 487 1110 486 1110 481 1114 460 1110 460 1110 459 1110 458 1110 454 1114 451 1111 450 1111 449 1111 448 1111 448 1111 447 1111 442 1116 388 1117 389 1138"/>
                        </Shape>
                        <String CONTENT=""/>
                    </TextLine>

                    <TextLine ID="line_33" HPOS="388" VPOS="1135" WIDTH="578" HEIGHT="47" BASELINE="389 1171 966 1158" TAGREFS="TYPE_1">
                        <Shape>
                            <Polygon POINTS="389 1171 389 1180 481 1182 482 1182 510 1179 538 1176 571 1178 600 1180 601 1180 602 1180 603 1180 606 1177 611 1174 625 1177 634 1179 635 1179 636 1179 641 1176 650 1173 666 1176 676 1178 677 1178 690 1176 713 1172 966 1172 966 1158 964 1138 893 1135 892 1135 891 1135 880 1139 877 1140 865 1140 822 1138 821 1138 820 1138 819 1138 815 1141 814 1143 748 1143 742 1143 713 1139 712 1139 711 1139 700 1144 699 1144 698 1144 683 1140 682 1140 681 1140 645 1146 640 1146 637 1146 616 1141 615 1141 614 1141 603 1145 532 1143 531 1143 497 1149 495 1149 494 1149 460 1144 460 1144 459 1144 445 1150 426 1145 425 1145 424 1145 388 1151 389 1171"/>
                        </Shape>
                        <String CONTENT=""/>
                    </TextLine>

                    <TextLine ID="line_34" HPOS="390" VPOS="1165" WIDTH="528" HEIGHT="60" BASELINE="390 1204 918 1192" TAGREFS="TYPE_1">
                        <Shape>
                            <Polygon POINTS="390 1204 391 1225 416 1217 428 1224 429 1224 430 1225 449 1225 449 1224 450 1224 451 1224 451 1223 462 1215 504 1221 514 1222 515 1222 516 1222 522 1221 540 1213 578 1218 600 1221 601 1221 602 1221 612 1217 625 1212 653 1214 654 1214 654 1214 671 1210 679 1214 687 1218 687 1218 688 1218 745 1213 777 1217 777 1217 778 1217 798 1210 830 1215 831 1215 831 1215 847 1207 849 1205 918 1204 918 1192 917 1172 860 1165 860 1165 831 1170 818 1166 818 1166 817 1166 816 1166 802 1172 802 1173 800 1173 783 1168 782 1168 781 1168 781 1168 780 1168 780 1169 775 1173 774 1174 770 1173 743 1168 742 1168 741 1168 719 1174 715 1175 711 1174 694 1169 693 1169 692 1169 691 1169 676 1175 670 1176 624 1176 530 1172 530 1172 502 1177 494 1178 491 1177 485 1175 485 1175 484 1175 483 1175 477 1177 469 1180 390 1179 390 1204"/>
                        </Shape>
                        <String CONTENT=""/>
                    </TextLine>
</TextBlock>
                <TextBlock ID="block_5" HPOS="860" VPOS="1202" WIDTH="108" HEIGHT="37" TAGREFS="TYPE_26">
                    <Shape>
                        <Polygon POINTS="860.322265625 1202.991455078125 968.3993530273438 1202.991455078125 968.3993530273438 1239.092041015625 860.322265625 1239.092041015625 860.322265625 1202.991455078125"/>
                    </Shape>
                    <TextLine ID="line_35" HPOS="860" VPOS="1200" WIDTH="109" HEIGHT="46" BASELINE="860 1225 969 1223" TAGREFS="TYPE_1">
                        <Shape>
                            <Polygon POINTS="860 1225 860 1246 919 1244 920 1244 922 1243 933 1238 947 1238 952 1242 956 1245 957 1245 958 1245 958 1245 959 1245 969 1240 969 1223 967 1200 860 1200 860 1225"/>
                        </Shape>
                        <String CONTENT=""/>
                    </TextLine>
</TextBlock>
            </PrintSpace>
        </Page>
    </Layout>
</alto>