<?xml version="1.0" encoding="UTF-8"?>
<alto xmlns:xsi="http://www.w3.org/2001/XMLSchema-instance"
    xmlns="http://www.loc.gov/standards/alto/ns-v4#"
    xsi:schemaLocation="http://www.loc.gov/standards/alto/ns-v4# http://www.loc.gov/standards/alto/v4/alto-4-3.xsd">
    <Description>
        <MeasurementUnit>pixel</MeasurementUnit>
        <sourceImageInformation>
            <fileName>2013053.jpeg</fileName>
        </sourceImageInformation>
        <Processing ID="OCR_0">
            <processingCategory>other</processingCategory>
            <processingStepDescription>unknown</processingStepDescription>
            <processingSoftware>
                <softwareName>kraken</softwareName>
                <softwareVersion>4.3.13</softwareVersion>
            </processingSoftware>
        </Processing>
    </Description>
    <Tags>
        <OtherTag ID="TYPE_1" LABEL="DefaultLine"/>
        <OtherTag ID="TYPE_2" LABEL="MarginTextZone-ManuscriptAddendum"/>
        <OtherTag ID="TYPE_3" LABEL="TitlePageZone"/>
        <OtherTag ID="TYPE_4" LABEL="StampZone-Sticker"/>
        <OtherTag ID="TYPE_5" LABEL="StampZone"/>
        <OtherTag ID="TYPE_6" LABEL="MainZone-Entry-Continued"/>
        <OtherTag ID="TYPE_7" LABEL="GraphicZone-Maths"/>
        <OtherTag ID="TYPE_8" LABEL="FigureZone"/>
        <OtherTag ID="TYPE_9" LABEL="MainZone-Signature"/>
        <OtherTag ID="TYPE_10" LABEL="MainZone-P-Continued"/>
        <OtherTag ID="TYPE_11" LABEL="GraphicZone-Decoration"/>
        <OtherTag ID="TYPE_12" LABEL="MainZone-Date"/>
        <OtherTag ID="TYPE_13" LABEL="MainZone-Other"/>
        <OtherTag ID="TYPE_14" LABEL="TableZone-Continued"/>
        <OtherTag ID="TYPE_15" LABEL="MarginTextZone-Notes-Continued"/>
        <OtherTag ID="TYPE_16" LABEL="FigureZone-FigDesc"/>
        <OtherTag ID="TYPE_17" LABEL="MarginTextZone-Notes"/>
        <OtherTag ID="TYPE_18" LABEL="DropCapitalZone"/>
        <OtherTag ID="TYPE_19" LABEL="GraphicZone"/>
        <OtherTag ID="TYPE_20" LABEL="RunningTitleZone"/>
        <OtherTag ID="TYPE_21" LABEL="GraphicZone-FigDesc"/>
        <OtherTag ID="TYPE_22" LABEL="MainZone-Lg"/>
        <OtherTag ID="TYPE_23" LABEL="FigureZone-Head"/>
        <OtherTag ID="TYPE_24" LABEL="MainZone-P"/>
        <OtherTag ID="TYPE_25" LABEL="GraphicZone-Head"/>
        <OtherTag ID="TYPE_26" LABEL="QuireMarksZone"/>
        <OtherTag ID="TYPE_27" LABEL="MainZone-Sp"/>
        <OtherTag ID="TYPE_28" LABEL="MainZone-List"/>
        <OtherTag ID="TYPE_29" LABEL="GraphicZone-Part"/>
        <OtherTag ID="TYPE_30" LABEL="DigitizationArtefactZone"/>
        <OtherTag ID="TYPE_31" LABEL="MainZone-Entry"/>
        <OtherTag ID="TYPE_32" LABEL="TableZone-Head"/>
        <OtherTag ID="TYPE_33" LABEL="GraphicZone-TextualContent"/>
        <OtherTag ID="TYPE_34" LABEL="AdvertisementZone"/>
        <OtherTag ID="TYPE_35" LABEL="MainZone-List-Continued"/>
        <OtherTag ID="TYPE_36" LABEL="MainZone-Form"/>
        <OtherTag ID="TYPE_37" LABEL="MainZone-Head"/>
        <OtherTag ID="TYPE_38" LABEL="NumberingZone"/>
        <OtherTag ID="TYPE_39" LABEL="TitlePageZone-Index"/>
        <OtherTag ID="TYPE_40" LABEL="MainZone-Sp-Continued"/>
        <OtherTag ID="TYPE_41" LABEL="TableZone"/>
        <OtherTag ID="TYPE_42" LABEL="MainZone-Lg-Continued"/>
    </Tags>
    <Layout>
        <Page WIDTH="1000" HEIGHT="1448" PHYSICAL_IMG_NR="0" ID="page_0">
            <PrintSpace HPOS="0" VPOS="0" WIDTH="1000" HEIGHT="1448">
                <TextBlock ID="block_1" HPOS="229" VPOS="91" WIDTH="198" HEIGHT="36" TAGREFS="TYPE_20">
                    <Shape>
                        <Polygon POINTS="229.7831268310547 91.44316101074219 427.9857177734375 91.44316101074219 427.9857177734375 127.76787567138672 229.7831268310547 127.76787567138672 229.7831268310547 91.44316101074219"/>
                    </Shape>
                    <TextLine ID="line_0" HPOS="228" VPOS="110" WIDTH="200" HEIGHT="21" BASELINE="229 119 428 117" TAGREFS="TYPE_1">
                        <Shape>
                            <Polygon POINTS="421 110 413 110 405 110 397 110 389 110 381 110 373 110 365 110 357 110 349 110 341 110 333 110 325 110 316 110 308 110 300 110 292 110 284 110 276 110 268 110 260 110 252 110 244 110 236 110 228 110 229 119 229 124 248 131 249 131 250 131 292 131 292 131 292 131 293 131 293 130 298 125 299 124 315 124 320 126 335 130 336 130 337 130 337 130 338 130 338 129 342 126 345 123 368 123 377 127 386 130 387 130 388 130 389 130 397 127 401 125 405 127 413 130 414 130 415 130 427 127 428 117 426 110 421 110"/>
                        </Shape>
                        <String CONTENT=""/>
                    </TextLine>
</TextBlock>
                <TextBlock ID="block_5" HPOS="594" VPOS="99" WIDTH="44" HEIGHT="31" TAGREFS="TYPE_38">
                    <Shape>
                        <Polygon POINTS="594.216796875 99.02139282226562 638.985107421875 99.02139282226562 638.985107421875 130.02938842773438 594.216796875 130.02938842773438 594.216796875 99.02139282226562"/>
                    </Shape>
                    <TextLine ID="line_1" HPOS="592" VPOS="88" WIDTH="47" HEIGHT="44" BASELINE="593 118 639 119" TAGREFS="TYPE_1">
                        <Shape>
                            <Polygon POINTS="593 118 592 132 638 132 639 119 639 90 594 88 593 118"/>
                        </Shape>
                        <String CONTENT=""/>
                    </TextLine>
</TextBlock>
                <TextBlock ID="block_0" HPOS="53" VPOS="136" WIDTH="588" HEIGHT="807" TAGREFS="TYPE_10">
                    <Shape>
                        <Polygon POINTS="53.16930389404297 136.2609405517578 641.8157348632812 136.2609405517578 641.8157348632812 943.963623046875 53.16930389404297 943.963623046875 53.16930389404297 136.2609405517578"/>
                    </Shape>
                    <TextLine ID="line_2" HPOS="88" VPOS="123" WIDTH="550" HEIGHT="49" BASELINE="89 158 638 156" TAGREFS="TYPE_1">
                        <Shape>
                            <Polygon POINTS="514 127 514 126 482 131 453 135 395 135 387 130 385 127 384 127 383 127 362 127 361 127 360 127 356 129 345 135 318 128 315 128 314 128 313 128 312 128 297 135 232 135 221 130 220 130 219 130 172 135 155 127 154 127 153 127 135 131 129 126 128 126 128 125 127 125 127 125 126 125 88 125 89 158 89 166 111 166 120 172 121 172 122 172 123 172 150 165 152 165 153 165 172 172 172 172 173 172 233 172 233 172 234 172 234 172 243 165 257 165 271 164 277 164 329 171 330 171 382 164 382 164 383 164 404 171 405 171 406 172 440 172 440 171 441 171 456 164 457 164 461 164 494 168 495 168 526 164 527 164 534 169 534 170 535 170 536 170 537 171 551 171 551 170 551 170 552 170 552 169 559 164 617 170 618 170 619 170 638 163 638 156 637 133 625 127 624 127 623 127 580 130 572 123 571 123 570 123 536 123 535 123 514 126 514 127"/>
                        </Shape>
                        <String CONTENT=""/>
                    </TextLine>

                    <TextLine ID="line_3" HPOS="58" VPOS="164" WIDTH="580" HEIGHT="38" BASELINE="58 189 638 189" TAGREFS="TYPE_1">
                        <Shape>
                            <Polygon POINTS="58 189 58 202 196 202 196 201 200 201 232 196 292 201 298 201 299 201 300 201 300 201 306 197 312 201 314 201 315 201 316 202 342 202 342 201 343 201 346 201 356 196 446 196 455 200 457 201 458 201 459 201 466 200 487 196 494 199 498 201 499 201 500 201 511 199 528 196 551 196 556 199 558 201 559 201 559 201 560 201 561 201 562 201 563 199 568 196 637 198 638 189 638 172 616 167 615 167 597 170 582 164 581 164 559 164 558 164 557 164 543 170 533 164 532 164 531 164 501 164 500 164 499 164 498 164 492 169 490 171 428 171 415 168 405 166 404 166 403 166 399 168 395 170 389 168 386 167 385 167 384 167 368 168 313 171 296 167 285 164 284 164 247 164 246 164 246 164 240 166 228 170 208 166 207 166 156 171 123 170 115 164 114 164 113 164 58 164 58 189"/>
                        </Shape>
                        <String CONTENT=""/>
                    </TextLine>

                    <TextLine ID="line_4" HPOS="57" VPOS="194" WIDTH="582" HEIGHT="41" BASELINE="58 222 639 220" TAGREFS="TYPE_1">
                        <Shape>
                            <Polygon POINTS="58 222 58 230 242 235 242 235 243 235 263 230 265 230 268 230 296 234 296 234 334 230 337 230 338 230 360 234 361 234 362 234 371 230 372 229 484 229 489 229 531 234 532 234 533 234 534 234 539 229 539 229 596 229 606 233 607 233 608 233 638 228 639 220 638 200 631 194 630 194 629 194 629 194 596 201 468 201 446 194 445 194 444 194 444 194 443 194 433 201 344 195 343 195 342 195 341 195 333 201 315 201 288 195 287 195 253 201 250 201 249 201 237 196 236 196 235 196 189 201 183 201 178 201 126 196 125 196 102 201 101 201 93 196 92 196 91 196 71 196 70 196 69 196 57 201 58 222"/>
                        </Shape>
                        <String CONTENT=""/>
                    </TextLine>

                    <TextLine ID="line_5" HPOS="57" VPOS="228" WIDTH="580" HEIGHT="39" BASELINE="58 254 637 251" TAGREFS="TYPE_1">
                        <Shape>
                            <Polygon POINTS="58 254 58 265 216 267 217 267 236 264 243 263 249 263 259 267 260 267 261 267 262 267 270 263 274 262 279 263 286 267 287 267 288 267 342 267 342 267 360 263 366 262 370 263 383 267 384 267 385 267 386 267 386 267 392 263 394 262 405 263 439 265 440 265 440 265 441 265 441 264 444 262 445 261 543 261 544 261 555 266 556 266 557 267 608 267 608 266 637 260 637 251 636 234 491 228 490 228 489 228 478 233 442 229 441 229 440 229 440 229 434 234 432 234 412 229 411 229 327 234 321 234 316 234 255 229 254 229 253 229 240 234 238 235 205 235 205 234 200 230 199 230 198 230 197 230 197 230 180 234 176 234 167 234 131 230 130 230 57 234 58 254"/>
                        </Shape>
                        <String CONTENT=""/>
                    </TextLine>

                    <TextLine ID="line_6" HPOS="57" VPOS="259" WIDTH="579" HEIGHT="41" BASELINE="58 287 636 283" TAGREFS="TYPE_1">
                        <Shape>
                            <Polygon POINTS="58 287 58 296 197 300 197 300 198 300 199 300 205 296 242 300 243 300 244 300 245 300 251 296 265 300 266 300 267 300 267 300 285 294 287 294 288 294 300 300 300 300 301 300 302 300 320 296 345 300 346 300 378 294 383 293 395 293 456 297 457 297 458 297 468 293 469 293 511 296 512 296 556 292 559 292 572 298 572 298 573 299 617 299 617 298 618 298 636 292 636 283 634 265 592 265 580 259 579 259 578 259 577 259 560 264 539 259 538 259 537 259 518 264 491 259 490 259 456 260 455 260 454 260 447 266 419 266 410 260 409 260 408 260 407 260 407 260 406 260 398 266 343 266 325 261 325 261 324 261 323 261 308 266 296 261 296 261 295 261 294 261 286 265 257 261 256 261 171 267 71 262 70 262 69 262 57 267 58 287"/>
                        </Shape>
                        <String CONTENT=""/>
                    </TextLine>

                    <TextLine ID="line_7" HPOS="57" VPOS="290" WIDTH="582" HEIGHT="44" BASELINE="57 320 639 316" TAGREFS="TYPE_1">
                        <Shape>
                            <Polygon POINTS="57 320 57 333 84 329 97 333 98 333 99 333 100 333 101 333 102 333 111 329 116 333 118 334 119 334 119 334 120 334 135 333 154 330 164 332 171 333 172 333 172 333 173 333 175 332 177 330 181 332 182 333 183 333 184 333 185 333 185 333 193 332 205 329 245 331 288 333 289 333 320 329 339 328 359 329 404 333 405 333 426 328 432 327 436 328 446 330 447 330 448 330 448 330 449 330 452 328 454 325 522 325 542 326 613 331 614 331 615 331 639 324 639 316 638 296 629 292 628 292 627 292 598 296 597 296 587 290 586 290 585 290 552 295 532 290 531 290 530 290 530 290 529 290 521 296 520 297 452 297 451 296 440 291 440 291 415 291 415 291 414 291 413 291 404 297 402 297 369 292 368 292 367 292 353 297 336 292 335 292 289 292 288 292 288 292 287 292 279 297 270 293 269 293 268 293 267 293 255 298 255 299 222 299 222 298 211 293 210 293 209 293 165 299 164 299 163 299 158 294 157 294 156 294 156 294 155 294 154 294 148 298 115 293 114 293 113 293 112 293 105 299 99 294 98 294 98 294 69 293 69 293 68 293 57 298 57 320"/>
                        </Shape>
                        <String CONTENT=""/>
                    </TextLine>

                    <TextLine ID="line_8" HPOS="56" VPOS="321" WIDTH="582" HEIGHT="44" BASELINE="57 353 638 348" TAGREFS="TYPE_1">
                        <Shape>
                            <Polygon POINTS="514 334 508 322 494 323 493 323 492 324 480 329 460 324 455 323 454 323 453 323 452 323 448 324 427 330 372 325 349 324 349 324 334 326 307 331 294 327 293 327 292 327 291 327 253 331 246 328 241 325 240 325 202 325 201 325 201 325 194 329 186 332 176 329 168 326 168 326 167 326 153 329 144 331 140 329 136 326 135 326 135 326 134 326 133 326 132 326 128 329 124 333 113 329 105 328 104 328 103 328 102 328 98 330 94 332 56 331 57 353 57 365 82 361 216 364 249 365 250 365 275 364 276 364 277 364 283 359 419 363 436 363 437 363 438 363 439 363 448 357 590 362 591 362 621 357 637 362 638 348 635 321 613 329 551 329 541 323 541 322 540 322 539 322 539 322 519 322 514 334"/>
                        </Shape>
                        <String CONTENT=""/>
                    </TextLine>

                    <TextLine ID="line_9" HPOS="56" VPOS="353" WIDTH="581" HEIGHT="45" BASELINE="57 385 637 381" TAGREFS="TYPE_1">
                        <Shape>
                            <Polygon POINTS="514 365 510 357 492 354 491 354 490 354 489 354 483 360 465 355 464 355 463 355 403 361 378 356 378 356 377 356 358 361 344 355 343 355 295 355 294 355 266 362 240 356 239 356 196 361 186 356 185 356 185 356 184 356 167 362 82 357 82 357 81 357 56 363 57 385 57 392 82 398 82 398 114 393 169 398 170 398 171 398 172 398 179 392 181 392 198 397 199 397 200 397 240 392 246 392 248 392 265 397 266 397 267 397 310 396 311 396 320 392 322 391 325 392 333 396 333 396 334 396 362 392 371 391 378 392 394 395 395 395 395 395 403 392 407 390 448 392 504 395 505 395 530 392 542 391 553 392 571 394 572 394 572 394 573 394 576 392 580 390 588 392 594 394 595 394 596 394 637 392 637 381 636 360 612 360 604 353 604 353 603 353 602 353 601 353 590 359 538 353 537 353 536 353 519 360 517 359 514 365"/>
                        </Shape>
                        <String CONTENT=""/>
                    </TextLine>

                    <TextLine ID="line_10" HPOS="56" VPOS="388" WIDTH="581" HEIGHT="42" BASELINE="57 417 637 413" TAGREFS="TYPE_1">
                        <Shape>
                            <Polygon POINTS="514 396 511 391 499 388 498 388 497 388 497 388 483 394 471 389 470 389 407 388 406 388 405 388 404 388 404 389 400 392 360 389 359 389 358 389 348 394 334 390 333 390 333 390 287 395 261 390 260 390 231 394 176 390 176 390 175 390 174 390 165 396 93 390 92 390 56 397 57 417 57 426 112 430 113 430 138 426 142 425 145 426 164 430 165 430 166 430 184 425 189 424 208 425 288 429 288 429 289 429 304 425 333 428 334 428 335 428 346 423 348 423 353 423 398 428 399 428 436 423 441 423 447 423 489 427 489 427 490 427 504 423 517 427 518 427 518 427 519 427 530 422 531 422 589 422 595 427 596 427 596 427 597 427 617 427 617 427 617 427 637 421 637 413 635 394 583 389 582 389 518 394 516 393 514 396"/>
                        </Shape>
                        <String CONTENT=""/>
                    </TextLine>

                    <TextLine ID="line_11" HPOS="56" VPOS="419" WIDTH="581" HEIGHT="44" BASELINE="57 450 637 445" TAGREFS="TYPE_1">
                        <Shape>
                            <Polygon POINTS="514 431 512 426 375 426 366 424 348 421 347 421 346 421 345 421 345 422 342 424 339 427 319 424 298 422 297 422 296 422 290 424 283 427 279 424 275 422 275 422 274 422 273 422 259 424 238 427 194 424 172 423 172 423 171 423 170 423 168 424 164 427 127 424 115 423 115 423 111 424 87 428 56 424 57 450 57 460 152 463 152 463 187 459 199 457 206 458 226 462 226 462 254 458 263 456 264 458 268 461 269 461 270 461 271 461 271 461 283 457 285 457 291 457 345 461 345 461 346 461 358 456 361 456 363 456 374 460 375 460 376 461 420 461 420 460 440 456 445 455 464 455 465 456 469 460 470 460 471 460 472 460 516 455 518 455 519 455 538 460 539 460 539 460 540 460 541 460 548 454 550 454 604 454 620 459 621 459 621 459 622 459 637 453 637 445 635 425 589 419 588 419 544 424 537 426 516 426 514 431"/>
                        </Shape>
                        <String CONTENT=""/>
                    </TextLine>

                    <TextLine ID="line_12" HPOS="56" VPOS="453" WIDTH="582" HEIGHT="40" BASELINE="57 481 638 478" TAGREFS="TYPE_1">
                        <Shape>
                            <Polygon POINTS="514 457 512 455 510 457 508 457 493 454 493 454 492 454 491 454 491 455 488 457 486 460 456 460 427 458 347 454 346 454 297 459 287 460 280 459 251 455 251 455 250 455 249 455 242 460 242 460 235 460 186 456 185 456 156 460 152 460 150 460 139 456 139 456 138 456 102 460 80 456 79 456 56 460 57 481 57 492 422 493 423 493 442 489 444 489 447 489 465 493 466 493 502 489 510 488 526 488 626 492 627 492 628 492 638 487 638 478 637 456 518 453 517 453 514 457"/>
                        </Shape>
                        <String CONTENT=""/>
                    </TextLine>

                    <TextLine ID="line_13" HPOS="57" VPOS="484" WIDTH="581" HEIGHT="43" BASELINE="57 514 638 510" TAGREFS="TYPE_1">
                        <Shape>
                            <Polygon POINTS="57 514 57 522 125 527 126 527 127 527 135 523 324 526 325 526 420 521 443 525 444 525 519 524 520 524 521 524 527 520 613 523 614 523 638 518 638 510 637 489 486 484 485 484 430 489 418 490 408 489 372 485 371 485 350 489 346 490 343 489 333 485 332 485 294 485 293 485 292 485 279 489 274 491 267 489 258 488 257 488 256 488 255 488 253 489 248 493 204 493 198 489 190 486 189 486 189 486 188 486 179 489 173 492 169 489 162 486 161 486 160 486 57 489 57 514"/>
                        </Shape>
                        <String CONTENT=""/>
                    </TextLine>

                    <TextLine ID="line_14" HPOS="57" VPOS="517" WIDTH="580" HEIGHT="42" BASELINE="58 547 637 542" TAGREFS="TYPE_1">
                        <Shape>
                            <Polygon POINTS="58 547 58 559 237 554 275 558 279 558 280 558 283 558 305 553 312 557 312 557 313 557 314 557 315 557 387 552 393 556 394 556 395 556 395 556 396 556 410 552 459 552 464 556 465 556 465 556 466 556 475 555 524 551 534 555 534 555 535 555 536 555 637 554 637 542 635 522 603 518 602 518 535 522 523 517 522 517 522 517 521 517 520 517 514 522 449 522 443 518 442 518 441 518 404 518 403 518 301 524 263 519 262 519 261 519 260 519 252 524 238 519 237 519 236 519 235 519 214 525 208 520 207 520 206 520 205 520 205 520 195 524 190 520 189 520 189 520 148 520 148 520 147 520 146 520 138 526 84 521 83 521 57 526 58 547"/>
                        </Shape>
                        <String CONTENT=""/>
                    </TextLine>

                    <TextLine ID="line_15" HPOS="56" VPOS="549" WIDTH="580" HEIGHT="40" BASELINE="57 579 636 575" TAGREFS="TYPE_1">
                        <Shape>
                            <Polygon POINTS="514 555 514 554 486 550 485 550 415 554 405 550 404 550 403 550 403 550 389 556 341 556 334 551 333 551 333 551 288 551 288 551 268 555 252 551 251 551 251 551 250 551 242 556 188 551 187 551 186 551 171 557 165 552 164 552 164 552 163 552 162 552 148 557 106 552 106 552 105 552 104 552 98 558 82 558 73 552 72 552 71 552 70 552 69 552 56 557 57 579 57 589 403 589 403 588 411 588 440 584 496 588 502 588 503 588 506 588 539 584 634 587 636 575 634 555 567 550 566 550 545 554 526 549 525 549 524 549 523 549 522 549 515 555 514 554 514 555"/>
                        </Shape>
                        <String CONTENT=""/>
                    </TextLine>

                    <TextLine ID="line_16" HPOS="55" VPOS="581" WIDTH="583" HEIGHT="40" BASELINE="56 612 331 608 638 608" TAGREFS="TYPE_1">
                        <Shape>
                            <Polygon POINTS="56 612 56 621 638 618 638 608 637 583 569 586 564 584 562 581 561 581 560 581 559 581 559 581 554 584 551 585 544 584 535 581 534 581 534 581 533 581 525 584 518 586 506 584 489 581 489 581 472 584 463 586 456 584 444 582 443 582 442 582 432 585 427 587 422 585 414 582 413 582 412 582 383 585 378 586 375 586 364 582 363 582 362 582 362 582 353 586 349 588 344 586 334 583 333 583 273 583 272 583 271 583 262 587 258 588 245 588 210 584 209 584 167 588 156 589 153 588 145 584 144 584 106 584 105 584 104 584 103 584 98 589 97 590 55 590 56 612"/>
                        </Shape>
                        <String CONTENT=""/>
                    </TextLine>

                    <TextLine ID="line_17" HPOS="56" VPOS="613" WIDTH="581" HEIGHT="42" BASELINE="57 643 637 640" TAGREFS="TYPE_1">
                        <Shape>
                            <Polygon POINTS="514 617 511 614 493 619 347 614 346 614 227 621 220 615 219 615 218 615 218 615 217 615 200 621 150 616 149 616 148 616 148 616 138 622 97 622 84 617 83 617 82 617 56 622 57 643 57 649 96 654 97 655 180 655 180 654 201 650 205 649 208 650 214 654 215 654 216 654 249 650 262 649 312 650 399 653 399 653 400 653 407 651 416 649 456 651 487 653 488 653 489 653 489 653 492 651 498 648 636 651 637 640 635 619 609 613 609 613 584 619 583 619 580 619 518 613 518 613 514 617"/>
                        </Shape>
                        <String CONTENT=""/>
                    </TextLine>

                    <TextLine ID="line_18" HPOS="55" VPOS="644" WIDTH="581" HEIGHT="45" BASELINE="56 677 636 670" TAGREFS="TYPE_1">
                        <Shape>
                            <Polygon POINTS="56 677 57 689 78 684 218 686 267 686 268 686 298 684 337 682 347 683 354 685 355 685 356 685 357 685 359 683 363 681 388 682 417 685 418 685 419 685 426 682 432 680 438 682 447 684 448 684 448 684 522 680 543 679 555 679 621 682 621 682 622 682 636 678 636 670 634 651 575 650 558 644 557 644 556 644 555 644 555 644 547 649 541 645 540 645 539 645 539 645 538 645 518 649 499 645 498 645 497 645 497 645 496 645 486 651 485 652 476 651 432 645 432 645 412 645 411 645 411 645 402 651 399 653 375 651 314 646 313 646 166 648 148 651 126 657 97 657 88 651 82 649 82 649 81 649 55 651 56 677"/>
                        </Shape>
                        <String CONTENT=""/>
                    </TextLine>

                    <TextLine ID="line_19" HPOS="54" VPOS="678" WIDTH="582" HEIGHT="42" BASELINE="55 710 636 705" TAGREFS="TYPE_1">
                        <Shape>
                            <Polygon POINTS="55 710 55 720 160 715 228 715 233 718 237 719 238 719 238 719 250 717 264 715 292 716 330 719 331 719 353 715 364 714 374 715 393 719 394 719 415 715 415 715 423 719 424 719 425 719 447 715 522 718 522 718 523 718 541 713 547 717 547 717 548 717 549 717 621 716 622 716 636 711 636 705 633 683 559 683 558 683 537 678 536 678 535 678 534 678 517 683 491 678 490 678 429 684 423 685 422 684 415 678 414 678 413 678 355 678 354 678 353 678 340 685 338 686 273 686 272 686 258 679 257 679 256 679 234 683 191 680 190 680 189 680 189 680 183 685 148 680 148 680 147 680 146 680 138 686 136 688 125 688 123 686 117 681 116 681 115 681 115 681 114 681 96 687 94 687 91 687 65 682 64 682 63 682 54 686 55 710"/>
                        </Shape>
                        <String CONTENT=""/>
                    </TextLine>

                    <TextLine ID="line_20" HPOS="55" VPOS="710" WIDTH="580" HEIGHT="41" BASELINE="56 741 635 736" TAGREFS="TYPE_1">
                        <Shape>
                            <Polygon POINTS="56 741 56 751 634 743 635 736 633 716 605 710 604 710 604 710 591 715 572 711 571 711 570 711 542 715 536 711 535 711 534 711 534 711 533 711 532 711 524 716 449 711 448 711 448 711 435 717 425 712 424 712 423 712 395 717 322 713 321 713 298 718 289 712 288 712 288 712 250 712 249 712 248 712 247 712 247 713 240 719 187 713 186 713 185 713 185 713 177 719 102 714 101 714 100 714 99 714 99 715 93 720 74 720 68 715 68 714 67 714 66 714 65 714 65 714 64 714 55 719 56 741"/>
                        </Shape>
                        <String CONTENT=""/>
                    </TextLine>

                    <TextLine ID="line_21" HPOS="56" VPOS="749" WIDTH="581" HEIGHT="36" BASELINE="57 774 637 769" TAGREFS="TYPE_1">
                        <Shape>
                            <Polygon POINTS="506 760 498 760 490 760 482 760 474 760 466 760 458 760 450 760 442 760 434 760 426 760 418 760 410 760 402 760 394 760 386 760 378 760 370 760 362 760 353 760 345 760 337 760 329 760 321 760 313 760 305 760 297 760 289 760 281 760 273 760 265 760 257 760 249 760 241 760 233 760 225 760 217 760 209 760 201 760 193 760 185 760 176 760 168 760 160 760 152 760 144 760 136 760 128 760 120 760 112 760 104 760 96 760 88 760 80 760 72 760 64 760 56 760 57 774 57 785 165 779 269 779 278 783 279 783 279 783 280 783 292 779 296 783 297 783 298 783 299 783 300 783 312 779 317 783 318 783 319 783 320 783 351 778 398 782 399 782 561 777 635 781 637 769 634 749 584 754 553 750 547 749 546 749 537 750 508 754 506 760"/>
                        </Shape>
                        <String CONTENT=""/>
                    </TextLine>

                    <TextLine ID="line_22" HPOS="57" VPOS="776" WIDTH="580" HEIGHT="44" BASELINE="57 807 637 802" TAGREFS="TYPE_1">
                        <Shape>
                            <Polygon POINTS="57 807 57 820 94 814 114 819 115 819 115 819 116 819 117 819 117 818 123 814 150 819 152 819 153 819 160 819 208 814 236 818 242 818 243 818 244 818 246 818 262 812 286 816 287 816 288 816 288 816 294 812 349 816 349 816 350 816 351 816 362 810 452 810 464 814 467 816 468 816 469 816 484 814 521 810 535 814 539 814 539 814 540 814 541 814 542 814 543 814 547 810 575 814 595 815 596 815 637 812 637 802 637 783 626 777 625 777 625 777 624 777 609 782 600 776 599 776 598 776 561 776 560 776 559 776 559 776 551 781 543 776 543 776 542 776 541 776 540 776 539 776 529 784 455 784 445 777 444 777 444 777 443 777 410 784 294 778 293 778 265 785 251 778 251 778 250 778 218 785 195 779 194 779 193 779 166 785 155 779 154 779 153 779 152 779 152 779 141 785 87 781 86 781 57 787 57 807"/>
                        </Shape>
                        <String CONTENT=""/>
                    </TextLine>

                    <TextLine ID="line_23" HPOS="55" VPOS="806" WIDTH="581" HEIGHT="45" BASELINE="56 839 636 834" TAGREFS="TYPE_1">
                        <Shape>
                            <Polygon POINTS="56 839 56 847 92 846 96 847 106 851 106 851 107 851 108 851 117 847 132 851 133 851 134 851 135 851 135 851 142 847 144 845 147 847 151 851 152 851 152 851 153 851 154 851 161 847 162 847 166 847 193 851 194 851 195 851 196 851 200 847 201 846 203 847 216 851 217 851 218 851 237 847 247 843 304 843 310 846 319 849 320 849 320 849 343 846 352 844 360 845 386 849 386 849 405 845 415 843 423 845 434 848 435 848 436 848 436 848 447 844 451 843 458 844 475 847 476 847 494 844 508 842 559 842 562 843 567 847 567 847 568 847 569 847 636 843 636 834 633 808 600 814 594 809 592 806 591 806 590 806 589 806 565 807 564 807 559 809 547 814 534 810 528 807 527 807 526 807 504 810 467 816 420 816 412 812 407 810 406 810 405 810 404 810 396 812 384 817 374 817 369 813 364 809 363 809 362 809 308 809 308 809 288 810 288 810 287 810 281 814 278 818 254 818 249 815 234 810 234 810 233 810 232 810 231 810 222 816 218 818 189 818 183 816 163 810 162 810 161 810 160 810 147 817 127 811 127 811 126 811 125 811 104 818 87 811 86 811 86 811 55 818 56 839"/>
                        </Shape>
                        <String CONTENT=""/>
                    </TextLine>

                    <TextLine ID="line_24" HPOS="56" VPOS="840" WIDTH="579" HEIGHT="42" BASELINE="57 871 635 867" TAGREFS="TYPE_1">
                        <Shape>
                            <Polygon POINTS="57 871 57 878 147 882 148 882 148 882 157 878 170 882 171 882 172 882 172 882 185 878 259 881 259 881 260 881 276 877 286 881 287 881 288 881 320 876 323 876 329 876 392 880 393 880 423 876 426 876 481 876 490 880 491 880 492 880 533 876 622 879 623 879 624 879 635 874 635 867 634 848 604 840 603 840 602 840 573 844 540 840 539 840 539 840 538 840 528 847 526 847 495 841 494 841 493 841 493 841 485 847 483 849 448 849 444 847 433 842 432 842 432 842 431 842 430 842 424 847 422 849 402 850 365 850 361 847 355 842 354 842 353 842 353 842 352 842 337 847 326 850 282 850 274 846 267 843 267 843 266 843 245 846 218 850 205 846 197 843 197 843 196 843 195 843 194 843 191 845 184 851 168 851 144 851 127 845 121 843 120 843 119 843 119 843 115 845 107 849 102 845 100 843 99 843 98 843 98 843 56 844 57 871"/>
                        </Shape>
                        <String CONTENT=""/>
                    </TextLine>

                    <TextLine ID="line_25" HPOS="57" VPOS="873" WIDTH="579" HEIGHT="44" BASELINE="57 903 636 900" TAGREFS="TYPE_1">
                        <Shape>
                            <Polygon POINTS="57 903 57 911 73 911 79 916 79 917 80 917 81 917 82 917 82 917 96 911 97 911 111 917 112 917 113 917 114 917 127 911 128 911 137 915 138 915 139 915 170 912 185 910 202 910 205 912 210 917 211 917 212 917 213 917 292 917 292 917 293 917 294 917 298 913 299 913 300 913 327 917 328 917 345 913 357 910 366 913 370 915 371 915 372 915 373 915 378 913 393 909 419 909 431 913 432 914 433 914 434 914 435 914 436 914 436 913 443 909 469 913 469 913 547 908 559 913 560 913 634 915 636 900 633 873 617 878 560 874 551 873 550 873 549 873 547 874 539 878 407 875 346 874 345 874 331 876 303 880 57 879 57 903"/>
                        </Shape>
                        <String CONTENT=""/>
                    </TextLine>

                    <TextLine ID="line_26" HPOS="56" VPOS="908" WIDTH="149" HEIGHT="42" BASELINE="57 937 205 935" TAGREFS="TYPE_1">
                        <Shape>
                            <Polygon POINTS="57 937 57 950 205 944 205 935 204 915 185 915 185 914 178 909 178 908 177 908 176 908 176 908 148 913 130 909 129 909 128 909 127 909 109 913 107 913 101 909 100 909 99 909 98 909 98 909 90 913 86 914 83 913 74 909 74 909 73 909 56 912 57 937"/>
                        </Shape>
                        <String CONTENT=""/>
                    </TextLine>
</TextBlock>
                <TextBlock ID="block_2" HPOS="57" VPOS="944" WIDTH="582" HEIGHT="225" TAGREFS="TYPE_24">
                    <Shape>
                        <Polygon POINTS="57.26424026489258 944.4497680664062 639.3258056640625 944.4497680664062 639.3258056640625 1169.785400390625 57.26424026489258 1169.785400390625 57.26424026489258 944.4497680664062"/>
                    </Shape>
                    <TextLine ID="line_27" HPOS="87" VPOS="937" WIDTH="549" HEIGHT="39" BASELINE="88 967 636 963" TAGREFS="TYPE_1">
                        <Shape>
                            <Polygon POINTS="514 951 506 942 502 942 497 942 489 942 481 942 473 942 465 942 465 942 463 943 444 942 441 942 433 942 425 942 417 942 409 942 401 942 399 942 382 944 379 942 377 942 369 942 361 942 353 942 345 942 337 942 333 942 326 944 318 942 312 942 304 942 296 942 288 942 281 942 269 943 267 942 264 942 256 942 248 942 240 942 232 942 224 942 216 942 213 942 196 946 144 946 138 942 135 942 127 942 126 942 113 945 105 942 103 942 95 942 87 946 88 967 88 976 635 972 636 963 634 943 526 937 525 937 524 937 523 937 514 942 514 951"/>
                        </Shape>
                        <String CONTENT=""/>
                    </TextLine>

                    <TextLine ID="line_28" HPOS="56" VPOS="969" WIDTH="580" HEIGHT="45" BASELINE="57 1000 636 996" TAGREFS="TYPE_1">
                        <Shape>
                            <Polygon POINTS="57 1000 57 1008 168 1014 168 1014 212 1008 220 1012 221 1012 222 1012 304 1007 306 1007 319 1011 320 1011 320 1011 321 1011 333 1007 359 1012 360 1012 361 1012 377 1007 397 1010 398 1010 433 1006 444 1011 444 1011 445 1012 477 1012 477 1011 477 1011 478 1011 483 1007 512 1011 513 1011 514 1011 514 1011 522 1005 592 1011 592 1011 593 1011 594 1011 602 1006 622 1010 623 1010 624 1010 636 1003 636 996 635 975 624 970 623 970 622 970 621 970 609 975 608 976 575 976 574 975 562 969 561 969 560 969 533 973 522 969 521 969 520 969 519 969 518 969 509 974 506 976 498 974 477 970 476 970 452 974 444 975 440 974 426 970 425 970 424 970 423 970 423 970 416 974 413 977 349 977 344 974 340 970 339 970 338 970 299 970 298 970 297 970 291 974 283 978 223 973 213 973 213 973 206 973 156 979 135 973 131 972 131 972 130 972 125 973 102 979 88 973 86 972 86 972 85 972 56 972 57 1000"/>
                        </Shape>
                        <String CONTENT=""/>
                    </TextLine>

                    <TextLine ID="line_29" HPOS="56" VPOS="1003" WIDTH="578" HEIGHT="38" BASELINE="57 1032 634 1028" TAGREFS="TYPE_1">
                        <Shape>
                            <Polygon POINTS="57 1032 57 1041 633 1040 634 1028 632 1007 547 1008 539 1007 518 1003 518 1003 517 1003 506 1007 503 1008 499 1007 478 1004 477 1004 451 1008 445 1009 444 1008 439 1004 438 1004 437 1004 415 1004 415 1004 414 1004 413 1004 406 1009 405 1009 403 1009 386 1005 385 1005 362 1009 358 1010 357 1009 348 1005 347 1005 288 1005 287 1005 286 1005 285 1005 277 1010 265 1006 264 1006 263 1006 263 1006 250 1011 249 1011 208 1011 187 1011 176 1006 176 1006 175 1006 174 1006 162 1011 162 1012 137 1012 89 1012 75 1007 74 1007 74 1007 73 1007 56 1012 57 1032"/>
                        </Shape>
                        <String CONTENT=""/>
                    </TextLine>

                    <TextLine ID="line_30" HPOS="56" VPOS="1035" WIDTH="577" HEIGHT="45" BASELINE="57 1065 633 1061" TAGREFS="TYPE_1">
                        <Shape>
                            <Polygon POINTS="57 1065 57 1080 85 1079 86 1079 98 1073 133 1078 134 1078 184 1072 229 1078 230 1078 231 1078 233 1078 275 1071 313 1077 314 1077 345 1072 349 1075 350 1075 351 1075 352 1075 353 1075 353 1075 360 1070 387 1075 388 1075 389 1075 408 1070 415 1077 416 1077 417 1077 418 1077 451 1076 452 1076 452 1076 469 1069 486 1076 488 1076 489 1076 489 1076 497 1075 554 1069 632 1073 633 1061 633 1040 617 1035 616 1035 615 1035 614 1035 596 1040 555 1036 555 1036 554 1036 535 1041 440 1041 323 1037 322 1037 300 1042 285 1037 284 1037 283 1037 244 1043 168 1038 168 1038 79 1039 78 1039 56 1044 57 1065"/>
                        </Shape>
                        <String CONTENT=""/>
                    </TextLine>

                    <TextLine ID="line_31" HPOS="55" VPOS="1068" WIDTH="579" HEIGHT="42" BASELINE="56 1098 634 1094" TAGREFS="TYPE_1">
                        <Shape>
                            <Polygon POINTS="56 1098 56 1106 133 1110 134 1110 135 1110 148 1106 152 1106 156 1106 169 1110 170 1110 171 1110 199 1106 214 1105 218 1106 221 1110 222 1110 222 1110 223 1110 286 1110 286 1110 335 1109 336 1109 337 1109 339 1106 342 1105 345 1106 349 1109 350 1109 351 1110 400 1110 400 1109 401 1109 402 1109 404 1106 410 1103 456 1106 474 1108 475 1108 476 1108 477 1108 477 1106 483 1103 506 1106 510 1107 511 1107 512 1107 513 1107 513 1106 522 1102 633 1106 634 1094 631 1069 617 1074 534 1074 523 1070 516 1068 515 1068 514 1068 502 1070 485 1074 466 1071 452 1069 451 1069 450 1069 449 1069 446 1071 442 1073 411 1072 369 1069 368 1069 337 1073 314 1075 275 1073 187 1070 186 1070 158 1076 154 1076 148 1076 93 1071 92 1071 91 1071 81 1077 80 1077 55 1077 56 1098"/>
                        </Shape>
                        <String CONTENT=""/>
                    </TextLine>

                    <TextLine ID="line_32" HPOS="55" VPOS="1101" WIDTH="578" HEIGHT="42" BASELINE="56 1130 633 1127" TAGREFS="TYPE_1">
                        <Shape>
                            <Polygon POINTS="56 1130 56 1139 190 1143 191 1143 207 1140 218 1138 223 1140 226 1143 227 1143 228 1143 229 1143 230 1143 238 1140 244 1139 247 1140 252 1143 253 1143 254 1143 323 1143 323 1143 336 1140 352 1138 366 1141 372 1142 373 1143 477 1143 477 1142 493 1141 566 1136 577 1141 578 1141 579 1142 633 1142 633 1127 632 1106 600 1101 599 1101 576 1106 574 1106 572 1106 547 1101 547 1101 518 1106 489 1101 489 1101 488 1101 487 1101 487 1102 481 1106 481 1107 462 1106 366 1102 365 1102 336 1107 328 1108 312 1107 259 1102 259 1102 258 1102 246 1107 243 1108 240 1107 224 1102 223 1102 222 1102 222 1102 205 1107 198 1110 152 1110 149 1107 141 1103 140 1103 139 1103 139 1103 123 1107 116 1109 109 1107 86 1103 86 1103 55 1107 56 1130"/>
                        </Shape>
                        <String CONTENT=""/>
                    </TextLine>

                    <TextLine ID="line_33" HPOS="56" VPOS="1137" WIDTH="120" HEIGHT="43" BASELINE="56 1164 176 1164" TAGREFS="TYPE_1">
                        <Shape>
                            <Polygon POINTS="56 1164 56 1171 65 1176 66 1176 67 1176 101 1172 108 1179 108 1180 109 1180 110 1180 111 1180 148 1180 148 1180 149 1180 150 1180 150 1179 159 1172 176 1172 176 1164 176 1148 131 1147 127 1143 119 1137 119 1137 118 1137 117 1137 116 1137 101 1141 85 1145 74 1139 72 1137 71 1137 70 1137 56 1137 56 1164"/>
                        </Shape>
                        <String CONTENT=""/>
                    </TextLine>
</TextBlock>
                <TextBlock ID="block_4" HPOS="60" VPOS="1170" WIDTH="580" HEIGHT="38" TAGREFS="TYPE_24">
                    <Shape>
                        <Polygon POINTS="60.35828399658203 1170.318603515625 640.8679809570312 1170.318603515625 640.8679809570312 1208.9150390625 60.35828399658203 1208.9150390625 60.35828399658203 1170.318603515625"/>
                    </Shape>
                    <TextLine ID="line_34" HPOS="90" VPOS="1163" WIDTH="544" HEIGHT="58" BASELINE="90 1196 634 1192" TAGREFS="TYPE_1">
                        <Shape>
                            <Polygon POINTS="90 1213 138 1209 151 1213 160 1216 160 1216 161 1216 185 1214 195 1221 196 1221 197 1221 197 1221 222 1220 223 1220 239 1211 240 1211 255 1220 256 1220 257 1221 307 1221 307 1220 308 1220 337 1212 344 1218 345 1218 345 1218 346 1218 347 1218 361 1215 404 1219 405 1219 406 1219 407 1219 419 1209 419 1208 437 1206 446 1208 483 1217 484 1217 485 1217 504 1207 506 1205 563 1205 565 1206 576 1213 577 1213 578 1213 579 1213 580 1213 580 1213 588 1208 606 1212 607 1212 608 1212 609 1212 617 1205 633 1205 634 1192 632 1164 602 1170 570 1164 563 1163 562 1163 561 1163 560 1163 560 1164 559 1164 551 1172 528 1165 527 1165 526 1165 526 1165 525 1165 517 1171 488 1165 487 1165 467 1169 462 1165 460 1164 460 1164 459 1164 458 1164 369 1164 368 1164 367 1164 366 1166 356 1173 346 1166 345 1166 345 1166 344 1166 341 1166 305 1176 283 1176 271 1168 271 1168 270 1168 269 1168 268 1168 245 1176 193 1176 123 1172 123 1172 122 1172 111 1176 90 1169 90 1196 90 1213"/>
                        </Shape>
                        <String CONTENT=""/>
                    </TextLine>
</TextBlock>
            </PrintSpace>
        </Page>
    </Layout>
</alto>