<?xml version="1.0" encoding="UTF-8"?>
<alto xmlns:xsi="http://www.w3.org/2001/XMLSchema-instance"
    xmlns="http://www.loc.gov/standards/alto/ns-v4#"
    xsi:schemaLocation="http://www.loc.gov/standards/alto/ns-v4# http://www.loc.gov/standards/alto/v4/alto-4-3.xsd">
    <Description>
        <MeasurementUnit>pixel</MeasurementUnit>
        <sourceImageInformation>
            <fileName>2013051.jpeg</fileName>
        </sourceImageInformation>
        <Processing ID="OCR_0">
            <processingCategory>other</processingCategory>
            <processingStepDescription>unknown</processingStepDescription>
            <processingSoftware>
                <softwareName>kraken</softwareName>
                <softwareVersion>4.3.13</softwareVersion>
            </processingSoftware>
        </Processing>
    </Description>
    <Tags>
        <OtherTag ID="TYPE_1" LABEL="DefaultLine"/>
        <OtherTag ID="TYPE_2" LABEL="MarginTextZone-ManuscriptAddendum"/>
        <OtherTag ID="TYPE_3" LABEL="TitlePageZone"/>
        <OtherTag ID="TYPE_4" LABEL="StampZone-Sticker"/>
        <OtherTag ID="TYPE_5" LABEL="StampZone"/>
        <OtherTag ID="TYPE_6" LABEL="MainZone-Entry-Continued"/>
        <OtherTag ID="TYPE_7" LABEL="GraphicZone-Maths"/>
        <OtherTag ID="TYPE_8" LABEL="FigureZone"/>
        <OtherTag ID="TYPE_9" LABEL="MainZone-Signature"/>
        <OtherTag ID="TYPE_10" LABEL="MainZone-P-Continued"/>
        <OtherTag ID="TYPE_11" LABEL="GraphicZone-Decoration"/>
        <OtherTag ID="TYPE_12" LABEL="MainZone-Date"/>
        <OtherTag ID="TYPE_13" LABEL="MainZone-Other"/>
        <OtherTag ID="TYPE_14" LABEL="TableZone-Continued"/>
        <OtherTag ID="TYPE_15" LABEL="MarginTextZone-Notes-Continued"/>
        <OtherTag ID="TYPE_16" LABEL="FigureZone-FigDesc"/>
        <OtherTag ID="TYPE_17" LABEL="MarginTextZone-Notes"/>
        <OtherTag ID="TYPE_18" LABEL="DropCapitalZone"/>
        <OtherTag ID="TYPE_19" LABEL="GraphicZone"/>
        <OtherTag ID="TYPE_20" LABEL="RunningTitleZone"/>
        <OtherTag ID="TYPE_21" LABEL="GraphicZone-FigDesc"/>
        <OtherTag ID="TYPE_22" LABEL="MainZone-Lg"/>
        <OtherTag ID="TYPE_23" LABEL="FigureZone-Head"/>
        <OtherTag ID="TYPE_24" LABEL="MainZone-P"/>
        <OtherTag ID="TYPE_25" LABEL="GraphicZone-Head"/>
        <OtherTag ID="TYPE_26" LABEL="QuireMarksZone"/>
        <OtherTag ID="TYPE_27" LABEL="MainZone-Sp"/>
        <OtherTag ID="TYPE_28" LABEL="MainZone-List"/>
        <OtherTag ID="TYPE_29" LABEL="GraphicZone-Part"/>
        <OtherTag ID="TYPE_30" LABEL="DigitizationArtefactZone"/>
        <OtherTag ID="TYPE_31" LABEL="MainZone-Entry"/>
        <OtherTag ID="TYPE_32" LABEL="TableZone-Head"/>
        <OtherTag ID="TYPE_33" LABEL="GraphicZone-TextualContent"/>
        <OtherTag ID="TYPE_34" LABEL="AdvertisementZone"/>
        <OtherTag ID="TYPE_35" LABEL="MainZone-List-Continued"/>
        <OtherTag ID="TYPE_36" LABEL="MainZone-Form"/>
        <OtherTag ID="TYPE_37" LABEL="MainZone-Head"/>
        <OtherTag ID="TYPE_38" LABEL="NumberingZone"/>
        <OtherTag ID="TYPE_39" LABEL="TitlePageZone-Index"/>
        <OtherTag ID="TYPE_40" LABEL="MainZone-Sp-Continued"/>
        <OtherTag ID="TYPE_41" LABEL="TableZone"/>
        <OtherTag ID="TYPE_42" LABEL="MainZone-Lg-Continued"/>
    </Tags>
    <Layout>
        <Page WIDTH="1000" HEIGHT="1448" PHYSICAL_IMG_NR="0" ID="page_0">
            <PrintSpace HPOS="0" VPOS="0" WIDTH="1000" HEIGHT="1448">
                <TextBlock ID="block_2" HPOS="225" VPOS="83" WIDTH="200" HEIGHT="38" TAGREFS="TYPE_20">
                    <Shape>
                        <Polygon POINTS="225.4535369873047 83.21382904052734 425.24676513671875 83.21382904052734 425.24676513671875 121.09056091308594 225.4535369873047 121.09056091308594 225.4535369873047 83.21382904052734"/>
                    </Shape>
                    <TextLine ID="line_0" HPOS="224" VPOS="103" WIDTH="199" HEIGHT="23" BASELINE="225 110 423 107" TAGREFS="TYPE_1">
                        <Shape>
                            <Polygon POINTS="417 103 409 103 401 103 393 103 385 103 377 103 369 103 361 103 353 103 345 103 337 103 329 103 320 103 312 103 304 103 296 103 288 103 280 103 272 103 264 103 256 103 248 103 240 103 232 103 224 103 225 110 225 122 285 126 286 126 287 126 288 126 288 125 292 120 293 119 317 119 319 120 325 124 325 124 326 124 327 124 346 120 395 124 396 124 397 124 423 117 423 107 422 103 417 103"/>
                        </Shape>
                        <String CONTENT=""/>
                    </TextLine>
</TextBlock>
                <TextBlock ID="block_4" HPOS="586" VPOS="88" WIDTH="49" HEIGHT="33" TAGREFS="TYPE_38">
                    <Shape>
                        <Polygon POINTS="586.7260131835938 88.19954681396484 635.8162841796875 88.19954681396484 635.8162841796875 121.80908203125 586.7260131835938 121.80908203125 586.7260131835938 88.19954681396484"/>
                    </Shape>
                    <TextLine ID="line_1" HPOS="589" VPOS="83" WIDTH="39" HEIGHT="40" BASELINE="591 110 628 112" TAGREFS="TYPE_1">
                        <Shape>
                            <Polygon POINTS="591 110 589 123 627 123 628 112 628 83 592 86 591 110"/>
                        </Shape>
                        <String CONTENT=""/>
                    </TextLine>
</TextBlock>
                <TextBlock ID="block_0" HPOS="55" VPOS="128" WIDTH="579" HEIGHT="98" TAGREFS="TYPE_10">
                    <Shape>
                        <Polygon POINTS="55.69551467895508 128.4241485595703 634.8695068359375 128.4241485595703 634.8695068359375 226.98941040039062 55.69551467895508 226.98941040039062 55.69551467895508 128.4241485595703"/>
                    </Shape>
                    <TextLine ID="line_2" HPOS="57" VPOS="117" WIDTH="576" HEIGHT="49" BASELINE="57 152 633 147" TAGREFS="TYPE_1">
                        <Shape>
                            <Polygon POINTS="57 152 57 160 76 166 77 166 78 166 99 162 139 166 139 166 140 166 153 160 154 160 159 160 219 165 220 165 221 165 222 165 227 161 262 164 263 164 263 164 264 164 271 159 303 164 304 164 334 160 385 164 386 164 423 157 424 157 427 157 483 162 484 162 485 162 501 156 502 156 513 162 514 162 514 163 538 163 538 162 539 162 550 156 551 156 590 156 591 156 604 160 604 160 605 160 632 155 633 147 630 123 593 123 592 123 577 117 576 117 576 117 575 117 559 123 524 119 523 119 522 119 504 124 491 118 490 118 489 118 489 118 469 125 468 125 460 120 460 120 459 120 458 120 381 126 376 126 375 126 360 119 359 119 358 119 358 119 357 119 348 126 291 120 290 120 289 120 275 127 267 120 267 120 266 120 223 120 222 120 222 120 221 120 212 127 171 121 170 121 169 121 155 127 140 121 139 121 139 121 138 121 137 121 127 128 78 125 78 125 57 129 57 152"/>
                        </Shape>
                        <String CONTENT=""/>
                    </TextLine>

                    <TextLine ID="line_3" HPOS="57" VPOS="166" WIDTH="576" HEIGHT="33" BASELINE="57 185 633 181" TAGREFS="TYPE_1">
                        <Shape>
                            <Polygon POINTS="515 181 507 181 499 181 491 181 483 181 475 181 467 181 459 181 451 181 443 181 435 181 427 181 419 181 411 181 403 181 395 182 386 182 378 182 370 182 362 182 354 182 346 182 338 182 330 182 322 182 314 182 306 182 298 182 290 182 282 182 274 182 266 182 258 182 250 182 242 182 234 182 226 182 218 182 209 182 201 182 193 182 185 182 177 182 169 182 161 182 153 182 145 182 137 182 129 182 121 182 113 182 105 182 97 182 89 182 81 182 73 182 65 182 57 182 57 185 57 195 139 195 141 196 150 199 151 199 152 199 152 199 153 199 158 196 159 195 160 196 163 199 164 199 164 199 165 199 191 196 205 194 234 196 285 199 286 199 302 196 316 193 320 196 322 198 323 198 324 198 325 199 386 199 386 198 386 198 387 198 390 197 395 193 409 197 415 197 416 197 423 197 445 193 495 197 509 197 510 197 517 197 550 192 568 197 569 197 570 197 632 197 633 181 631 166 526 166 525 166 524 166 523 166 522 168 518 169 515 181"/>
                        </Shape>
                        <String CONTENT=""/>
                    </TextLine>

                    <TextLine ID="line_4" HPOS="56" VPOS="188" WIDTH="314" HEIGHT="44" BASELINE="57 218 370 213" TAGREFS="TYPE_1">
                        <Shape>
                            <Polygon POINTS="57 218 57 230 118 232 119 232 135 229 146 227 148 229 151 231 152 231 152 231 153 231 172 228 187 226 224 227 306 230 307 230 308 230 317 226 319 225 325 225 358 229 358 229 359 229 370 224 370 213 369 193 325 193 325 193 320 188 319 188 318 188 317 188 316 188 304 193 303 194 199 194 196 193 192 189 191 189 190 189 189 189 152 193 119 195 56 193 57 218"/>
                        </Shape>
                        <String CONTENT=""/>
                    </TextLine>
</TextBlock>
                <TextBlock ID="block_1" HPOS="47" VPOS="212" WIDTH="591" HEIGHT="992" TAGREFS="TYPE_10">
                    <Shape>
                        <Polygon POINTS="47.730224609375 212.5327606201172 638.2503662109375 212.5327606201172 638.2503662109375 1204.538818359375 47.730224609375 1204.538818359375 47.730224609375 212.5327606201172"/>
                    </Shape>
                    <TextLine ID="line_5" HPOS="87" VPOS="218" WIDTH="546" HEIGHT="45" BASELINE="88 250 633 245" TAGREFS="TYPE_1">
                        <Shape>
                            <Polygon POINTS="88 250 88 261 148 258 157 261 159 262 160 262 160 262 161 262 164 261 174 258 180 261 181 263 182 263 183 263 184 263 185 263 189 261 194 259 222 261 242 263 242 263 243 263 247 261 257 257 285 257 293 261 296 262 296 262 297 263 325 263 325 262 325 262 326 262 327 261 333 256 360 255 390 260 395 261 396 261 397 261 399 260 411 256 452 259 453 259 454 259 471 255 531 260 536 260 537 260 538 260 539 260 558 254 574 259 575 259 576 260 632 260 633 245 631 226 604 226 588 218 588 218 587 218 586 218 570 226 522 219 521 219 489 226 479 222 478 222 477 222 477 222 476 222 470 226 469 226 467 226 423 220 422 220 421 220 420 220 413 225 361 222 360 222 359 222 350 226 347 228 340 226 322 222 321 222 274 226 255 228 249 226 230 222 229 222 228 222 199 226 198 226 170 222 169 222 168 222 168 222 162 226 157 230 121 230 115 227 106 222 106 222 105 222 104 222 87 226 88 250"/>
                        </Shape>
                        <String CONTENT=""/>
                    </TextLine>

                    <TextLine ID="line_6" HPOS="57" VPOS="250" WIDTH="577" HEIGHT="43" BASELINE="57 282 634 276" TAGREFS="TYPE_1">
                        <Shape>
                            <Polygon POINTS="57 282 57 292 386 293 386 293 466 287 469 287 469 287 475 292 476 292 477 292 477 292 545 292 545 292 546 292 547 292 554 287 562 291 563 291 563 291 564 291 574 287 622 291 623 291 624 291 634 285 634 276 633 258 561 250 560 250 559 250 537 259 493 259 471 252 470 252 469 252 469 252 453 259 453 259 449 259 429 259 419 252 419 252 418 252 400 252 399 252 399 252 398 252 390 259 366 253 366 253 319 259 247 254 246 254 246 254 233 259 222 255 221 255 220 255 166 261 148 255 148 255 147 255 114 256 113 256 112 256 106 261 74 256 73 256 72 256 57 261 57 282"/>
                        </Shape>
                        <String CONTENT=""/>
                    </TextLine>

                    <TextLine ID="line_7" HPOS="55" VPOS="284" WIDTH="578" HEIGHT="43" BASELINE="56 314 633 310" TAGREFS="TYPE_1">
                        <Shape>
                            <Polygon POINTS="56 314 56 324 202 327 203 327 222 322 228 321 244 322 280 324 281 324 306 321 316 320 330 321 395 326 396 326 397 326 413 320 415 320 417 320 426 324 427 324 427 324 428 324 429 324 433 320 434 320 473 320 473 320 484 325 485 325 485 326 517 326 517 325 518 325 538 320 569 323 570 323 598 319 621 324 622 324 623 324 633 318 633 310 632 291 568 284 567 284 567 284 549 291 548 291 547 291 517 284 516 284 515 284 497 290 475 285 411 285 410 285 382 291 363 286 362 286 362 286 319 290 286 286 285 286 226 292 218 293 213 292 175 287 174 287 173 287 172 287 164 293 162 294 55 294 56 314"/>
                        </Shape>
                        <String CONTENT=""/>
                    </TextLine>

                    <TextLine ID="line_8" HPOS="57" VPOS="319" WIDTH="577" HEIGHT="40" BASELINE="57 347 634 342" TAGREFS="TYPE_1">
                        <Shape>
                            <Polygon POINTS="57 347 57 354 174 359 175 359 217 355 221 355 223 355 248 359 249 359 272 355 288 353 291 355 295 358 296 358 296 358 297 359 345 359 345 358 346 358 347 358 351 356 357 352 381 356 390 357 390 357 391 357 396 356 408 353 415 356 419 357 420 357 421 357 437 356 474 351 550 356 553 356 554 356 555 356 584 350 633 356 634 342 633 323 584 319 583 319 582 319 574 323 571 325 568 323 563 319 563 319 562 319 547 319 547 319 524 324 519 324 517 324 506 320 505 320 504 320 503 320 495 324 493 325 490 324 480 320 479 320 442 320 441 320 403 320 402 320 401 320 395 325 393 327 386 325 376 323 375 323 374 323 374 323 373 323 370 325 368 327 355 325 337 324 336 324 335 324 334 324 331 326 327 328 295 326 255 324 255 324 242 327 233 329 57 329 57 347"/>
                        </Shape>
                        <String CONTENT=""/>
                    </TextLine>

                    <TextLine ID="line_9" HPOS="54" VPOS="347" WIDTH="581" HEIGHT="47" BASELINE="55 379 635 374" TAGREFS="TYPE_1">
                        <Shape>
                            <Polygon POINTS="55 379 55 394 70 394 70 394 71 394 72 394 81 387 134 392 150 394 151 394 152 394 152 394 155 392 164 386 217 390 229 391 230 391 230 391 233 390 242 386 264 390 272 390 273 390 294 389 345 385 366 385 368 387 373 391 374 391 374 391 375 392 420 392 420 391 421 391 422 391 427 387 462 390 463 390 464 390 480 385 483 384 501 385 621 390 621 390 622 390 623 390 635 382 635 374 633 353 603 353 596 347 595 347 594 347 593 347 532 354 526 354 526 354 514 348 514 348 513 348 441 354 414 349 413 349 380 353 358 349 358 349 357 349 343 356 342 356 340 356 326 352 325 352 325 352 304 356 303 356 302 356 295 349 294 349 293 349 278 349 277 349 248 356 246 357 242 357 222 351 222 351 221 351 184 357 183 357 171 350 170 350 169 350 168 350 148 357 145 357 141 357 101 351 100 351 99 351 83 357 83 358 54 358 55 379"/>
                        </Shape>
                        <String CONTENT=""/>
                    </TextLine>

                    <TextLine ID="line_10" HPOS="54" VPOS="382" WIDTH="579" HEIGHT="45" BASELINE="55 412 633 408" TAGREFS="TYPE_1">
                        <Shape>
                            <Polygon POINTS="55 412 55 421 85 425 86 425 134 422 148 421 152 422 168 427 169 427 170 427 190 422 199 420 237 420 243 422 255 426 255 426 256 426 257 426 264 423 268 420 310 423 357 425 358 425 358 425 366 423 376 419 384 423 387 424 388 424 389 424 407 423 456 419 481 423 489 424 489 424 495 423 519 418 558 423 559 423 560 424 633 424 633 408 632 390 571 384 570 384 542 390 533 382 532 382 531 382 518 382 517 382 516 382 489 390 489 390 474 385 473 385 473 385 445 390 444 390 444 390 423 385 422 385 421 385 420 385 406 390 370 385 369 385 368 385 367 385 367 386 361 390 360 392 288 392 287 391 281 387 280 387 279 387 279 387 259 391 255 392 253 391 243 385 242 385 242 385 170 385 169 385 168 385 146 391 139 394 88 394 85 391 79 388 78 388 78 388 77 388 54 391 55 412"/>
                        </Shape>
                        <String CONTENT=""/>
                    </TextLine>

                    <TextLine ID="line_11" HPOS="54" VPOS="415" WIDTH="580" HEIGHT="43" BASELINE="55 445 634 438" TAGREFS="TYPE_1">
                        <Shape>
                            <Polygon POINTS="55 445 55 453 106 453 118 458 119 458 119 458 120 458 136 452 138 452 147 452 246 456 247 456 316 450 322 450 326 450 360 455 361 455 362 455 380 449 382 449 384 449 405 454 406 454 439 450 489 453 489 453 490 453 491 453 497 448 513 452 514 452 514 452 515 452 521 448 528 452 529 452 530 452 530 452 618 452 619 452 634 446 634 438 633 420 609 415 608 415 527 420 519 415 518 415 518 415 517 415 493 421 492 421 487 421 419 417 418 417 417 417 405 422 404 422 400 422 358 418 358 418 357 418 356 418 351 422 350 423 295 423 290 423 269 419 268 419 246 423 238 424 230 423 204 419 203 419 202 419 189 423 183 425 178 423 168 420 168 420 135 420 134 420 133 420 123 424 119 426 114 424 106 421 105 421 104 421 54 424 55 445"/>
                        </Shape>
                        <String CONTENT=""/>
                    </TextLine>

                    <TextLine ID="line_12" HPOS="54" VPOS="447" WIDTH="581" HEIGHT="44" BASELINE="55 478 635 472" TAGREFS="TYPE_1">
                        <Shape>
                            <Polygon POINTS="55 478 55 491 148 490 148 490 165 485 206 489 207 489 208 489 209 489 215 484 229 489 230 489 230 489 231 489 251 484 310 489 315 489 316 489 316 489 317 489 330 483 342 489 343 489 344 489 345 489 345 489 348 488 366 483 376 486 377 486 378 486 419 481 455 481 462 487 463 487 464 487 465 487 467 487 502 481 544 486 548 486 549 486 550 486 551 486 563 481 633 485 635 472 633 450 539 453 534 450 530 447 530 447 529 447 513 447 512 447 511 447 501 450 488 455 423 455 397 451 379 448 378 448 378 448 373 451 364 456 327 456 320 451 317 449 316 449 316 449 315 449 304 451 286 454 281 451 280 450 279 450 279 450 278 450 269 451 250 454 238 452 232 450 231 450 230 450 230 450 226 452 213 456 189 452 184 451 183 451 182 451 181 451 181 452 172 456 154 453 153 453 126 458 111 453 111 453 110 453 109 453 100 457 89 452 88 452 87 452 86 452 54 452 55 478"/>
                        </Shape>
                        <String CONTENT=""/>
                    </TextLine>

                    <TextLine ID="line_13" HPOS="54" VPOS="480" WIDTH="581" HEIGHT="43" BASELINE="55 510 635 503" TAGREFS="TYPE_1">
                        <Shape>
                            <Polygon POINTS="55 510 55 519 99 523 100 523 101 523 102 523 106 519 108 518 305 516 320 518 333 521 334 521 345 518 360 515 379 518 391 520 392 520 406 518 431 514 449 518 456 519 457 519 458 519 461 518 469 514 477 518 480 519 481 519 481 519 490 518 508 514 547 518 560 518 561 518 567 518 588 513 634 517 635 503 634 484 625 480 625 480 624 480 584 484 576 485 575 484 563 480 562 480 561 480 560 480 550 485 547 485 515 485 417 481 416 481 365 482 364 482 351 486 344 488 338 486 333 484 332 484 331 484 330 484 323 486 316 489 54 489 55 510"/>
                        </Shape>
                        <String CONTENT=""/>
                    </TextLine>

                    <TextLine ID="line_14" HPOS="54" VPOS="511" WIDTH="578" HEIGHT="46" BASELINE="55 543 632 535" TAGREFS="TYPE_1">
                        <Shape>
                            <Polygon POINTS="55 543 55 557 124 556 125 556 144 551 209 555 218 555 218 555 222 555 246 550 256 555 257 555 258 555 259 555 259 555 271 549 320 549 331 553 332 553 333 553 333 553 350 549 372 553 374 553 374 553 375 553 376 553 376 552 380 548 389 553 390 553 390 553 391 553 483 552 484 552 487 551 504 547 631 549 632 535 629 512 564 518 526 518 517 514 514 512 513 512 512 512 511 512 507 514 495 518 463 514 439 511 438 511 437 511 430 514 420 520 369 520 357 516 348 513 347 513 346 513 345 513 336 516 325 520 318 516 312 513 312 513 311 513 310 513 260 514 259 514 259 514 252 518 244 522 204 522 197 518 188 514 187 514 186 514 165 518 155 521 150 519 142 515 141 515 140 515 96 517 95 517 94 517 94 518 91 520 89 522 84 520 79 518 78 518 78 518 54 520 55 543"/>
                        </Shape>
                        <String CONTENT=""/>
                    </TextLine>

                    <TextLine ID="line_15" HPOS="56" VPOS="543" WIDTH="577" HEIGHT="45" BASELINE="57 575 633 568" TAGREFS="TYPE_1">
                        <Shape>
                            <Polygon POINTS="57 575 57 584 115 588 115 588 176 584 201 582 218 584 251 587 252 587 253 587 254 587 259 583 261 582 268 583 283 585 283 585 284 585 291 583 296 581 305 583 320 585 320 585 357 582 381 580 389 582 403 585 404 585 405 585 412 582 417 580 455 580 460 581 467 584 468 584 469 584 469 584 481 581 491 579 510 581 534 584 534 584 551 580 562 579 571 580 583 583 584 583 633 580 633 568 632 550 600 550 593 543 592 543 592 543 591 543 474 551 417 545 416 545 415 545 397 551 385 546 384 546 383 546 382 546 382 546 374 551 345 546 344 546 343 546 325 552 284 547 283 547 283 547 269 553 230 547 230 547 194 554 128 548 127 548 127 548 126 548 126 549 122 552 119 550 118 550 117 550 116 550 94 555 80 549 79 549 78 549 78 549 56 555 57 575"/>
                        </Shape>
                        <String CONTENT=""/>
                    </TextLine>

                    <TextLine ID="line_16" HPOS="53" VPOS="575" WIDTH="580" HEIGHT="48" BASELINE="53 608 633 600" TAGREFS="TYPE_1">
                        <Shape>
                            <Polygon POINTS="53 608 53 620 106 623 107 623 108 623 117 620 121 618 132 620 153 622 154 622 155 622 166 619 176 617 201 619 226 621 226 621 227 621 228 621 231 619 234 617 240 619 246 621 246 621 247 621 263 618 285 615 301 618 310 620 311 620 321 618 337 615 369 617 388 619 389 619 390 619 396 617 412 613 427 617 432 618 432 618 433 618 444 617 465 614 496 617 510 617 511 617 512 617 513 617 514 617 521 612 632 615 633 600 631 581 587 581 585 581 573 575 572 575 572 575 528 581 513 583 503 581 491 579 490 579 489 579 489 579 485 581 483 584 451 584 448 581 440 578 440 578 439 578 416 581 397 584 378 581 362 579 361 579 360 579 349 581 334 585 271 582 255 581 255 581 254 581 251 582 238 585 233 582 231 580 230 580 230 580 229 580 209 582 163 586 53 583 53 608"/>
                        </Shape>
                        <String CONTENT=""/>
                    </TextLine>

                    <TextLine ID="line_17" HPOS="53" VPOS="608" WIDTH="579" HEIGHT="46" BASELINE="54 639 632 633" TAGREFS="TYPE_1">
                        <Shape>
                            <Polygon POINTS="54 639 54 647 124 654 125 654 126 654 148 648 193 649 193 649 194 649 195 649 199 646 199 645 200 646 208 650 209 650 209 650 210 650 211 650 217 645 218 645 223 645 263 650 264 650 265 650 278 645 280 645 282 645 296 649 296 649 297 649 298 649 313 645 315 645 316 645 341 651 341 651 342 651 406 644 417 643 427 644 486 649 487 649 544 643 600 648 600 648 631 641 632 633 630 615 559 608 559 608 558 608 543 615 498 615 488 609 487 609 486 609 456 616 419 610 418 610 390 617 354 613 353 613 330 617 329 617 287 612 286 612 285 612 269 618 268 618 231 612 230 612 198 619 197 619 197 619 176 613 175 613 158 613 157 613 156 613 156 613 148 619 65 614 65 614 64 614 53 619 54 639"/>
                        </Shape>
                        <String CONTENT=""/>
                    </TextLine>

                    <TextLine ID="line_18" HPOS="53" VPOS="640" WIDTH="578" HEIGHT="44" BASELINE="53 671 631 666" TAGREFS="TYPE_1">
                        <Shape>
                            <Polygon POINTS="53 671 53 684 109 684 109 683 110 683 111 683 121 678 148 682 148 682 149 682 159 678 176 682 176 682 177 682 178 682 189 678 226 682 231 682 232 682 233 682 234 682 246 677 324 682 333 682 334 682 346 681 438 675 476 675 485 680 485 680 486 680 487 680 489 680 511 675 564 678 565 678 566 678 567 678 573 674 630 678 631 666 630 647 606 640 605 640 604 640 604 640 603 640 593 647 583 647 575 640 574 640 573 640 572 640 528 641 527 641 526 641 519 646 518 648 438 648 436 646 429 641 428 641 427 641 427 641 403 642 402 642 401 642 395 646 393 648 387 646 375 643 374 643 374 643 373 643 372 643 368 646 366 649 333 649 329 646 320 642 319 642 318 642 281 646 264 648 260 646 252 642 251 642 251 642 250 642 238 646 234 647 231 646 222 643 221 643 220 643 219 643 211 646 202 649 194 646 188 643 187 643 186 643 185 643 177 646 168 649 164 646 160 643 159 643 158 643 157 643 135 646 103 650 53 646 53 671"/>
                        </Shape>
                        <String CONTENT=""/>
                    </TextLine>

                    <TextLine ID="line_19" HPOS="54" VPOS="672" WIDTH="577" HEIGHT="47" BASELINE="55 705 631 699" TAGREFS="TYPE_1">
                        <Shape>
                            <Polygon POINTS="55 705 55 719 129 713 167 718 173 718 174 718 189 717 238 713 251 715 256 717 257 717 258 717 259 717 263 715 274 712 310 715 341 716 342 716 368 715 369 715 370 715 372 713 375 711 382 713 391 715 392 715 393 715 394 715 405 712 415 710 428 712 444 715 445 715 446 715 447 715 451 711 453 710 469 711 504 714 505 714 506 714 506 714 510 710 513 709 520 710 538 712 539 712 581 709 590 708 592 708 614 713 615 713 616 713 631 707 631 699 629 679 557 679 544 673 543 673 543 673 542 673 529 676 500 672 499 672 498 672 465 681 411 681 397 674 396 674 395 674 395 674 380 679 374 674 373 674 372 674 371 674 370 674 353 678 343 674 342 674 341 674 341 674 340 674 328 681 304 677 304 677 303 677 302 677 295 682 255 678 255 678 254 678 240 682 198 675 197 675 167 681 153 676 152 676 152 676 151 676 150 676 145 681 139 676 138 676 137 676 136 676 110 677 109 677 108 677 100 684 91 680 90 680 90 680 54 685 55 705"/>
                        </Shape>
                        <String CONTENT=""/>
                    </TextLine>

                    <TextLine ID="line_20" HPOS="54" VPOS="707" WIDTH="579" HEIGHT="41" BASELINE="55 736 633 731" TAGREFS="TYPE_1">
                        <Shape>
                            <Polygon POINTS="55 736 55 748 633 744 633 731 631 711 580 707 580 707 579 707 578 707 572 711 572 712 501 712 498 712 465 707 464 707 463 707 462 707 456 713 452 713 430 713 426 713 371 708 370 708 302 714 274 709 273 709 272 709 259 714 248 709 247 709 246 709 221 715 171 710 170 710 54 716 55 736"/>
                        </Shape>
                        <String CONTENT=""/>
                    </TextLine>

                    <TextLine ID="line_21" HPOS="53" VPOS="738" WIDTH="579" HEIGHT="42" BASELINE="53 769 632 764" TAGREFS="TYPE_1">
                        <Shape>
                            <Polygon POINTS="53 769 53 778 333 780 333 780 334 780 349 775 350 775 355 775 408 779 409 779 410 779 419 775 427 779 428 779 429 779 465 774 534 778 534 778 567 773 622 777 623 777 624 777 625 777 632 773 632 764 629 742 564 744 558 742 545 738 544 738 543 738 543 738 527 742 518 744 508 742 497 739 497 739 496 739 495 739 486 742 479 745 442 745 434 742 426 740 425 740 424 740 423 740 423 740 419 742 415 745 410 742 405 740 404 740 403 740 403 740 402 740 399 742 393 746 346 746 340 743 337 741 337 741 336 741 329 743 312 746 281 743 260 740 259 740 246 743 225 747 196 743 193 743 193 743 192 743 191 743 176 747 170 743 168 741 168 741 167 741 166 741 156 743 135 747 120 743 116 742 115 742 115 742 53 743 53 769"/>
                        </Shape>
                        <String CONTENT=""/>
                    </TextLine>

                    <TextLine ID="line_22" HPOS="54" VPOS="771" WIDTH="577" HEIGHT="46" BASELINE="55 802 631 795" TAGREFS="TYPE_1">
                        <Shape>
                            <Polygon POINTS="55 802 57 816 61 813 79 815 89 817 90 817 90 817 95 815 106 811 113 815 117 817 118 817 119 817 135 814 158 811 169 814 181 817 182 817 183 817 184 817 192 814 201 810 224 810 230 813 234 816 234 816 235 816 236 816 269 812 295 809 313 811 333 814 333 814 334 814 340 810 345 808 349 810 353 814 353 814 354 814 355 814 422 814 422 814 423 814 423 814 429 809 432 807 461 808 558 813 559 813 630 805 631 795 629 777 526 777 509 771 508 771 507 771 506 771 506 771 499 776 465 772 465 772 464 772 463 772 455 777 430 774 429 774 407 778 342 773 341 773 341 773 321 778 310 773 309 773 308 773 308 773 300 777 228 775 227 775 197 781 146 775 145 775 144 775 125 781 88 777 87 777 54 782 55 802"/>
                        </Shape>
                        <String CONTENT=""/>
                    </TextLine>

                    <TextLine ID="line_23" HPOS="53" VPOS="804" WIDTH="581" HEIGHT="43" BASELINE="53 833 634 829" TAGREFS="TYPE_1">
                        <Shape>
                            <Polygon POINTS="53 833 53 843 78 847 78 847 79 847 92 843 93 843 98 843 164 847 164 847 165 847 166 847 173 842 175 842 236 842 238 842 284 847 285 847 329 841 330 841 331 841 344 846 345 846 345 847 401 847 401 846 430 840 432 840 435 840 516 845 517 845 589 844 590 844 603 839 625 843 625 843 626 843 627 843 634 839 634 829 631 804 611 809 585 805 584 805 584 805 583 805 576 810 489 810 451 806 426 805 425 805 424 805 419 807 414 810 378 810 353 808 324 806 323 806 288 810 267 811 245 810 194 806 193 806 193 806 182 811 181 811 173 811 102 807 102 807 58 808 57 808 57 808 53 810 53 833"/>
                        </Shape>
                        <String CONTENT=""/>
                    </TextLine>

                    <TextLine ID="line_24" HPOS="53" VPOS="836" WIDTH="579" HEIGHT="42" BASELINE="53 866 632 861" TAGREFS="TYPE_1">
                        <Shape>
                            <Polygon POINTS="53 866 53 876 313 878 314 878 333 876 358 873 411 876 436 877 437 877 444 876 460 872 509 876 518 876 519 876 522 876 543 872 630 876 632 861 630 842 595 837 594 837 593 837 592 837 587 841 587 842 484 842 481 841 469 836 469 836 468 836 467 836 456 841 455 841 454 841 440 836 439 836 438 836 437 836 420 841 413 843 399 841 372 837 371 837 370 837 358 841 353 842 335 840 299 838 298 838 297 838 296 838 292 840 288 843 248 840 224 839 223 839 222 839 222 839 219 840 213 845 164 845 158 840 157 840 156 840 156 840 155 840 143 845 135 840 135 839 134 839 133 839 132 839 53 839 53 866"/>
                        </Shape>
                        <String CONTENT=""/>
                    </TextLine>

                    <TextLine ID="line_25" HPOS="53" VPOS="868" WIDTH="580" HEIGHT="43" BASELINE="54 897 633 893" TAGREFS="TYPE_1">
                        <Shape>
                            <Polygon POINTS="54 897 54 907 103 911 104 911 171 907 188 906 205 907 279 910 279 910 310 906 320 905 330 906 362 909 363 909 378 906 382 905 632 905 633 893 631 874 577 874 563 868 563 868 562 868 533 872 522 868 522 868 521 868 520 868 507 874 446 869 445 869 444 869 430 874 415 869 414 869 413 869 388 873 374 870 374 870 373 870 372 870 362 875 286 871 285 871 256 875 246 871 246 871 245 871 221 875 193 871 193 871 168 876 149 872 148 872 148 872 147 872 128 876 97 872 96 872 95 872 94 872 89 877 53 877 54 897"/>
                        </Shape>
                        <String CONTENT=""/>
                    </TextLine>

                    <TextLine ID="line_26" HPOS="54" VPOS="902" WIDTH="579" HEIGHT="41" BASELINE="55 930 633 927" TAGREFS="TYPE_1">
                        <Shape>
                            <Polygon POINTS="55 930 55 937 69 942 69 942 70 942 126 938 139 943 139 943 140 943 141 943 142 943 147 939 178 943 179 943 180 943 189 939 197 943 198 943 199 943 238 937 320 942 320 942 321 942 345 937 467 942 468 942 494 937 515 941 516 941 517 941 526 936 583 941 584 941 610 936 617 941 617 941 618 941 619 941 620 941 633 934 633 927 632 908 542 902 541 902 540 902 539 902 533 907 505 904 504 904 503 904 487 908 467 903 466 903 465 903 415 908 392 903 391 903 368 908 344 903 343 903 292 909 243 904 242 904 242 904 222 909 213 905 212 905 211 905 148 909 129 905 128 905 127 905 127 905 126 905 121 909 89 905 88 905 54 910 55 930"/>
                        </Shape>
                        <String CONTENT=""/>
                    </TextLine>

                    <TextLine ID="line_27" HPOS="53" VPOS="933" WIDTH="580" HEIGHT="42" BASELINE="53 962 633 958" TAGREFS="TYPE_1">
                        <Shape>
                            <Polygon POINTS="53 962 53 974 197 971 230 974 249 975 250 975 251 975 254 974 259 971 274 974 283 975 284 975 296 974 320 970 325 974 325 974 326 974 327 974 328 975 376 975 376 974 385 974 416 970 426 974 427 974 427 974 428 974 432 974 460 970 498 974 504 974 505 974 506 974 506 974 517 969 631 973 633 958 632 940 613 933 612 933 611 933 563 939 563 939 555 934 554 934 553 934 552 934 514 939 512 939 502 934 501 934 470 934 469 934 469 934 468 934 462 939 460 940 448 939 402 934 401 934 379 938 367 941 344 938 311 935 310 935 309 935 297 938 283 942 277 938 273 936 272 936 271 936 261 938 246 942 208 937 201 937 201 937 197 937 167 943 141 943 135 937 134 937 133 937 132 937 131 937 126 937 105 942 99 937 98 937 98 937 97 937 96 937 53 937 53 962"/>
                        </Shape>
                        <String CONTENT=""/>
                    </TextLine>

                    <TextLine ID="line_28" HPOS="53" VPOS="968" WIDTH="580" HEIGHT="39" BASELINE="53 995 633 991" TAGREFS="TYPE_1">
                        <Shape>
                            <Polygon POINTS="53 995 53 1004 283 1007 284 1007 309 1003 316 1003 318 1003 325 1007 325 1007 326 1007 326 1007 327 1007 333 1003 335 1003 338 1003 350 1007 351 1007 352 1007 353 1007 360 1003 362 1003 368 1003 390 1007 390 1007 391 1007 400 1003 404 1002 409 1003 419 1006 420 1006 421 1006 439 1003 447 1002 453 1003 466 1006 467 1006 632 1002 633 991 630 969 508 973 474 970 436 968 435 968 408 971 392 974 389 972 386 970 385 970 384 970 285 969 284 969 283 969 267 974 263 975 185 975 185 974 170 970 169 970 168 970 168 970 152 975 151 976 111 976 109 976 98 970 98 970 97 970 53 976 53 995"/>
                        </Shape>
                        <String CONTENT=""/>
                    </TextLine>

                    <TextLine ID="line_29" HPOS="51" VPOS="1000" WIDTH="582" HEIGHT="43" BASELINE="52 1028 633 1024" TAGREFS="TYPE_1">
                        <Shape>
                            <Polygon POINTS="52 1028 52 1037 64 1043 65 1043 65 1043 103 1037 111 1036 120 1037 142 1040 143 1040 144 1040 144 1040 148 1037 151 1036 197 1036 203 1037 213 1040 213 1040 214 1040 244 1037 270 1035 279 1037 291 1041 292 1041 292 1041 362 1037 439 1033 463 1037 476 1040 477 1040 477 1040 478 1040 481 1037 487 1033 498 1037 504 1040 505 1040 506 1040 555 1039 556 1039 559 1037 568 1032 580 1037 584 1039 584 1039 585 1039 596 1037 618 1034 632 1037 633 1024 632 1005 436 1000 435 1000 434 1000 416 1005 407 1007 354 1007 349 1005 339 1001 338 1001 337 1001 287 1002 286 1002 285 1002 282 1005 279 1006 271 1005 251 1002 250 1002 249 1002 248 1002 244 1005 239 1008 226 1005 218 1003 217 1003 216 1003 215 1003 214 1003 212 1005 207 1009 76 1009 51 1005 52 1028"/>
                        </Shape>
                        <String CONTENT=""/>
                    </TextLine>

                    <TextLine ID="line_30" HPOS="53" VPOS="1031" WIDTH="580" HEIGHT="42" BASELINE="54 1061 633 1055" TAGREFS="TYPE_1">
                        <Shape>
                            <Polygon POINTS="54 1061 54 1069 181 1068 186 1068 218 1073 219 1073 366 1066 366 1066 378 1071 378 1071 379 1071 407 1070 408 1070 409 1070 415 1065 415 1065 422 1065 609 1069 609 1069 610 1069 633 1062 633 1055 631 1036 581 1036 571 1031 570 1031 569 1031 528 1036 503 1032 502 1032 425 1032 424 1032 423 1032 418 1037 399 1032 398 1032 397 1032 396 1032 382 1038 349 1034 349 1034 348 1034 347 1034 340 1039 267 1039 255 1034 255 1034 254 1034 218 1040 207 1035 206 1035 205 1035 135 1040 96 1036 95 1036 94 1036 94 1036 88 1040 73 1036 72 1036 71 1036 70 1036 53 1041 54 1061"/>
                        </Shape>
                        <String CONTENT=""/>
                    </TextLine>

                    <TextLine ID="line_31" HPOS="51" VPOS="1061" WIDTH="581" HEIGHT="45" BASELINE="52 1093 632 1088" TAGREFS="TYPE_1">
                        <Shape>
                            <Polygon POINTS="52 1093 52 1101 100 1101 101 1101 117 1106 118 1106 119 1106 119 1106 131 1101 164 1106 164 1106 165 1106 178 1100 185 1106 186 1106 187 1106 188 1106 245 1106 245 1106 310 1102 316 1105 317 1105 318 1105 319 1105 320 1105 327 1099 346 1103 347 1103 348 1103 349 1103 353 1098 359 1102 360 1102 361 1102 362 1102 362 1102 372 1098 373 1098 376 1098 429 1104 430 1104 431 1104 450 1098 452 1098 458 1098 515 1102 516 1102 556 1097 559 1097 563 1097 601 1102 602 1102 631 1096 632 1088 631 1069 614 1061 613 1061 613 1061 612 1061 611 1061 603 1068 438 1062 437 1062 414 1063 413 1063 401 1069 354 1063 353 1063 325 1069 290 1065 289 1065 288 1065 275 1070 212 1071 202 1071 194 1065 193 1065 193 1065 192 1065 191 1065 172 1069 152 1065 151 1065 150 1065 149 1065 148 1065 148 1065 142 1072 127 1065 127 1065 89 1065 88 1065 87 1065 86 1065 78 1072 78 1073 51 1073 52 1093"/>
                        </Shape>
                        <String CONTENT=""/>
                    </TextLine>

                    <TextLine ID="line_32" HPOS="50" VPOS="1095" WIDTH="583" HEIGHT="43" BASELINE="51 1125 633 1121" TAGREFS="TYPE_1">
                        <Shape>
                            <Polygon POINTS="51 1125 51 1133 90 1138 91 1138 92 1138 100 1134 102 1133 112 1134 166 1138 167 1138 168 1138 168 1138 173 1134 176 1132 180 1134 189 1137 190 1137 191 1137 209 1134 218 1132 221 1134 226 1137 226 1137 227 1137 228 1137 246 1134 253 1133 259 1134 277 1137 278 1137 292 1134 305 1131 358 1135 398 1136 399 1136 410 1135 432 1131 632 1135 633 1121 631 1102 586 1102 585 1102 575 1095 574 1095 573 1095 540 1095 539 1095 539 1095 525 1101 460 1096 460 1096 423 1102 397 1096 396 1096 395 1096 395 1096 378 1101 348 1098 347 1098 346 1098 345 1098 337 1103 303 1097 302 1097 261 1104 259 1104 258 1104 229 1098 228 1098 227 1098 211 1104 144 1099 143 1099 142 1099 122 1105 121 1105 120 1105 64 1098 63 1098 62 1098 50 1104 51 1125"/>
                        </Shape>
                        <String CONTENT=""/>
                    </TextLine>

                    <TextLine ID="line_33" HPOS="49" VPOS="1127" WIDTH="582" HEIGHT="45" BASELINE="50 1158 631 1153" TAGREFS="TYPE_1">
                        <Shape>
                            <Polygon POINTS="50 1158 50 1172 155 1167 186 1171 193 1172 193 1172 202 1171 236 1168 279 1171 288 1171 289 1171 290 1171 292 1170 309 1166 336 1170 338 1170 339 1170 340 1170 341 1170 349 1165 414 1168 415 1168 437 1164 454 1169 455 1169 456 1169 456 1169 457 1169 458 1169 469 1164 523 1168 533 1169 534 1169 534 1169 536 1168 547 1164 630 1168 631 1153 630 1133 611 1127 610 1127 539 1127 539 1127 538 1127 519 1134 517 1134 503 1134 424 1131 423 1131 386 1135 381 1135 380 1135 374 1129 373 1129 372 1129 336 1129 335 1129 334 1129 320 1133 299 1130 298 1130 297 1130 286 1135 284 1135 280 1135 241 1130 240 1130 239 1130 238 1130 232 1135 230 1136 226 1135 207 1131 206 1131 205 1131 192 1135 189 1136 187 1135 168 1131 168 1131 167 1131 166 1131 145 1136 140 1138 100 1138 98 1136 90 1131 90 1131 89 1131 88 1131 49 1136 50 1158"/>
                        </Shape>
                        <String CONTENT=""/>
                    </TextLine>

                    <TextLine ID="line_34" HPOS="49" VPOS="1162" WIDTH="578" HEIGHT="55" BASELINE="50 1191 627 1187" TAGREFS="TYPE_1">
                        <Shape>
                            <Polygon POINTS="50 1191 50 1209 67 1215 68 1215 69 1215 69 1215 83 1211 91 1215 92 1215 93 1215 116 1212 164 1217 164 1217 211 1216 212 1216 213 1216 221 1209 222 1209 242 1209 243 1209 279 1216 280 1216 281 1216 296 1212 347 1215 348 1215 349 1215 349 1215 360 1208 395 1215 395 1215 396 1215 397 1215 409 1207 410 1207 415 1207 485 1214 486 1214 487 1214 510 1206 512 1206 555 1206 555 1206 563 1212 564 1212 565 1212 566 1212 627 1205 627 1187 625 1168 559 1162 559 1162 558 1162 545 1168 544 1168 543 1168 520 1162 519 1162 518 1162 518 1162 510 1168 508 1168 496 1168 414 1163 413 1163 412 1163 411 1163 411 1164 406 1168 397 1165 396 1165 395 1165 395 1165 394 1165 389 1168 388 1169 382 1168 357 1164 356 1164 355 1164 354 1164 349 1168 348 1169 347 1168 335 1164 334 1164 333 1164 333 1164 313 1169 311 1169 303 1169 230 1164 230 1164 208 1169 205 1170 200 1169 165 1164 164 1164 49 1170 50 1191"/>
                        </Shape>
                        <String CONTENT=""/>
                    </TextLine>
</TextBlock>
            </PrintSpace>
        </Page>
    </Layout>
</alto>