<?xml version="1.0" encoding="UTF-8"?>
<alto xmlns:xsi="http://www.w3.org/2001/XMLSchema-instance"
    xmlns="http://www.loc.gov/standards/alto/ns-v4#"
    xsi:schemaLocation="http://www.loc.gov/standards/alto/ns-v4# http://www.loc.gov/standards/alto/v4/alto-4-3.xsd">
    <Description>
        <MeasurementUnit>pixel</MeasurementUnit>
        <sourceImageInformation>
            <fileName>2013117.jpeg</fileName>
        </sourceImageInformation>
        <Processing ID="OCR_0">
            <processingCategory>other</processingCategory>
            <processingStepDescription>unknown</processingStepDescription>
            <processingSoftware>
                <softwareName>kraken</softwareName>
                <softwareVersion>4.3.13</softwareVersion>
            </processingSoftware>
        </Processing>
    </Description>
    <Tags>
        <OtherTag ID="TYPE_1" LABEL="DefaultLine"/>
        <OtherTag ID="TYPE_2" LABEL="MarginTextZone-ManuscriptAddendum"/>
        <OtherTag ID="TYPE_3" LABEL="TitlePageZone"/>
        <OtherTag ID="TYPE_4" LABEL="StampZone-Sticker"/>
        <OtherTag ID="TYPE_5" LABEL="StampZone"/>
        <OtherTag ID="TYPE_6" LABEL="MainZone-Entry-Continued"/>
        <OtherTag ID="TYPE_7" LABEL="GraphicZone-Maths"/>
        <OtherTag ID="TYPE_8" LABEL="FigureZone"/>
        <OtherTag ID="TYPE_9" LABEL="MainZone-Signature"/>
        <OtherTag ID="TYPE_10" LABEL="MainZone-P-Continued"/>
        <OtherTag ID="TYPE_11" LABEL="GraphicZone-Decoration"/>
        <OtherTag ID="TYPE_12" LABEL="MainZone-Date"/>
        <OtherTag ID="TYPE_13" LABEL="MainZone-Other"/>
        <OtherTag ID="TYPE_14" LABEL="TableZone-Continued"/>
        <OtherTag ID="TYPE_15" LABEL="MarginTextZone-Notes-Continued"/>
        <OtherTag ID="TYPE_16" LABEL="FigureZone-FigDesc"/>
        <OtherTag ID="TYPE_17" LABEL="MarginTextZone-Notes"/>
        <OtherTag ID="TYPE_18" LABEL="DropCapitalZone"/>
        <OtherTag ID="TYPE_19" LABEL="GraphicZone"/>
        <OtherTag ID="TYPE_20" LABEL="RunningTitleZone"/>
        <OtherTag ID="TYPE_21" LABEL="GraphicZone-FigDesc"/>
        <OtherTag ID="TYPE_22" LABEL="MainZone-Lg"/>
        <OtherTag ID="TYPE_23" LABEL="FigureZone-Head"/>
        <OtherTag ID="TYPE_24" LABEL="MainZone-P"/>
        <OtherTag ID="TYPE_25" LABEL="GraphicZone-Head"/>
        <OtherTag ID="TYPE_26" LABEL="QuireMarksZone"/>
        <OtherTag ID="TYPE_27" LABEL="MainZone-Sp"/>
        <OtherTag ID="TYPE_28" LABEL="MainZone-List"/>
        <OtherTag ID="TYPE_29" LABEL="GraphicZone-Part"/>
        <OtherTag ID="TYPE_30" LABEL="DigitizationArtefactZone"/>
        <OtherTag ID="TYPE_31" LABEL="MainZone-Entry"/>
        <OtherTag ID="TYPE_32" LABEL="TableZone-Head"/>
        <OtherTag ID="TYPE_33" LABEL="GraphicZone-TextualContent"/>
        <OtherTag ID="TYPE_34" LABEL="AdvertisementZone"/>
        <OtherTag ID="TYPE_35" LABEL="MainZone-List-Continued"/>
        <OtherTag ID="TYPE_36" LABEL="MainZone-Form"/>
        <OtherTag ID="TYPE_37" LABEL="MainZone-Head"/>
        <OtherTag ID="TYPE_38" LABEL="NumberingZone"/>
        <OtherTag ID="TYPE_39" LABEL="TitlePageZone-Index"/>
        <OtherTag ID="TYPE_40" LABEL="MainZone-Sp-Continued"/>
        <OtherTag ID="TYPE_41" LABEL="TableZone"/>
        <OtherTag ID="TYPE_42" LABEL="MainZone-Lg-Continued"/>
    </Tags>
    <Layout>
        <Page WIDTH="1000" HEIGHT="1448" PHYSICAL_IMG_NR="0" ID="page_0">
            <PrintSpace HPOS="0" VPOS="0" WIDTH="1000" HEIGHT="1448">
                <TextBlock ID="block_1" HPOS="228" VPOS="101" WIDTH="224" HEIGHT="36" TAGREFS="TYPE_20">
                    <Shape>
                        <Polygon POINTS="228.32005310058594 101.42998504638672 452.3733825683594 101.42998504638672 452.3733825683594 137.6263427734375 228.32005310058594 137.6263427734375 228.32005310058594 101.42998504638672"/>
                    </Shape>
                    <TextLine ID="line_0" HPOS="226" VPOS="114" WIDTH="226" HEIGHT="26" BASELINE="227 129 452 123" TAGREFS="TYPE_1">
                        <Shape>
                            <Polygon POINTS="444 114 436 114 427 114 419 114 411 114 403 114 395 114 387 114 382 114 337 115 336 115 334 114 331 114 323 114 315 114 307 114 299 114 291 114 283 114 275 114 269 114 226 118 227 129 227 139 279 140 280 140 292 138 310 134 316 137 320 139 321 139 322 139 348 139 349 139 349 139 349 138 352 136 357 132 384 132 390 135 395 137 395 137 396 137 410 135 427 131 451 133 452 123 450 114 444 114"/>
                        </Shape>
                        <String CONTENT=""/>
                    </TextLine>
</TextBlock>
                <TextBlock ID="block_3" HPOS="580" VPOS="99" WIDTH="55" HEIGHT="34" TAGREFS="TYPE_38">
                    <Shape>
                        <Polygon POINTS="580.8279418945312 99.35104370117188 635.0723266601562 99.35104370117188 635.0723266601562 133.78330993652344 580.8279418945312 133.78330993652344 580.8279418945312 99.35104370117188"/>
                    </Shape>
                    <TextLine ID="line_1" HPOS="582" VPOS="89" WIDTH="46" HEIGHT="51" BASELINE="584 121 628 119" TAGREFS="TYPE_1">
                        <Shape>
                            <Polygon POINTS="584 121 584 140 628 136 628 119 626 94 582 89 584 121"/>
                        </Shape>
                        <String CONTENT=""/>
                    </TextLine>
</TextBlock>
                <TextBlock ID="block_0" HPOS="50" VPOS="141" WIDTH="589" HEIGHT="519" TAGREFS="TYPE_10">
                    <Shape>
                        <Polygon POINTS="50.46610641479492 141.388671875 639.7408447265625 141.388671875 639.7408447265625 660.5810546875 50.46610641479492 660.5810546875 50.46610641479492 141.388671875"/>
                    </Shape>
                    <TextLine ID="line_2" HPOS="50" VPOS="131" WIDTH="582" HEIGHT="55" BASELINE="52 173 632 159" TAGREFS="TYPE_1">
                        <Shape>
                            <Polygon POINTS="52 173 52 181 83 186 84 186 85 186 98 181 144 184 144 184 176 179 182 178 187 179 211 183 212 183 277 177 295 176 297 176 302 181 303 181 304 181 304 181 333 176 339 176 345 176 373 179 374 179 374 179 375 179 378 176 381 173 406 172 438 174 469 176 470 176 471 176 472 176 475 174 479 171 631 171 632 159 630 136 599 132 598 132 547 137 502 131 502 131 466 139 406 133 405 133 404 133 403 133 390 141 296 136 295 136 294 136 275 144 244 137 243 137 242 137 225 143 213 140 212 140 211 140 210 140 197 145 181 139 181 139 180 139 143 144 119 141 118 141 117 141 116 141 106 148 69 144 69 144 68 144 50 150 52 173"/>
                        </Shape>
                        <String CONTENT=""/>
                    </TextLine>

                    <TextLine ID="line_3" HPOS="51" VPOS="168" WIDTH="581" HEIGHT="50" BASELINE="53 205 632 190" TAGREFS="TYPE_1">
                        <Shape>
                            <Polygon POINTS="53 205 53 214 61 218 62 218 63 218 64 218 65 218 70 213 110 218 111 218 144 211 145 211 148 211 168 215 168 215 248 209 354 211 355 211 356 211 367 205 368 205 418 204 421 204 448 209 449 209 482 202 485 202 489 202 539 206 539 206 540 206 541 206 550 201 551 201 570 204 571 204 589 200 596 205 597 205 598 205 599 205 600 205 609 199 611 199 631 199 632 190 630 172 555 168 554 168 553 168 533 174 530 174 529 174 510 168 510 168 509 168 458 175 446 176 439 175 427 173 427 173 426 173 417 176 411 177 405 176 387 171 386 171 386 171 385 171 362 176 352 180 312 180 306 177 296 173 296 173 295 173 257 175 256 175 255 175 255 176 252 178 249 181 240 179 235 177 234 177 234 177 222 179 199 183 194 180 191 176 190 176 189 176 173 176 172 176 172 176 157 180 139 185 112 185 106 181 104 179 103 179 102 179 102 179 101 179 94 181 78 186 51 182 53 205"/>
                        </Shape>
                        <String CONTENT=""/>
                    </TextLine>

                    <TextLine ID="line_4" HPOS="52" VPOS="199" WIDTH="581" HEIGHT="51" BASELINE="53 238 524 225 633 225" TAGREFS="TYPE_1">
                        <Shape>
                            <Polygon POINTS="53 238 53 250 85 246 126 249 136 249 137 249 143 248 171 242 213 246 214 246 215 246 216 246 233 241 251 245 256 246 257 246 258 246 259 246 260 245 267 240 314 242 315 242 316 242 316 242 321 238 362 238 370 241 371 242 372 242 373 242 374 242 396 242 397 242 398 242 399 240 405 236 480 238 514 238 514 238 515 238 519 237 524 234 527 236 530 238 531 238 532 238 633 233 633 225 632 199 52 215 53 238"/>
                        </Shape>
                        <String CONTENT=""/>
                    </TextLine>

                    <TextLine ID="line_5" HPOS="52" VPOS="230" WIDTH="581" HEIGHT="52" BASELINE="53 271 525 257 633 257" TAGREFS="TYPE_1">
                        <Shape>
                            <Polygon POINTS="53 271 53 282 633 267 633 257 631 234 617 230 616 230 547 230 546 230 511 236 500 231 499 231 498 231 497 231 497 231 485 238 446 233 445 233 444 233 427 240 427 241 400 241 398 241 314 236 313 236 312 236 312 236 312 237 306 241 301 237 300 237 300 237 299 237 225 238 224 238 210 246 176 240 176 240 175 240 148 247 148 248 88 249 76 243 75 243 74 243 74 243 73 243 65 250 65 250 52 250 53 271"/>
                        </Shape>
                        <String CONTENT=""/>
                    </TextLine>

                    <TextLine ID="line_6" HPOS="52" VPOS="262" WIDTH="581" HEIGHT="53" BASELINE="53 304 633 287" TAGREFS="TYPE_1">
                        <Shape>
                            <Polygon POINTS="53 304 53 315 147 314 148 314 151 313 164 307 226 306 236 310 240 312 241 312 242 312 256 309 290 304 315 308 328 309 329 309 341 307 365 301 429 300 434 304 436 306 437 306 438 306 439 306 440 306 450 304 468 299 508 299 515 301 521 304 522 304 522 304 523 304 530 301 538 298 632 298 633 287 631 267 576 262 576 262 575 262 574 262 565 267 545 264 544 264 543 264 534 268 522 263 522 263 521 263 520 263 505 269 473 265 472 265 471 265 470 265 462 271 462 271 436 271 435 271 417 267 416 267 415 267 415 267 414 267 414 267 408 272 404 272 307 271 306 271 305 271 304 271 299 275 298 275 273 271 272 271 271 271 271 271 263 275 218 272 218 272 217 272 205 277 191 273 190 273 189 273 127 280 124 280 123 280 111 275 111 275 110 275 109 275 108 275 99 281 98 281 81 276 80 276 79 276 52 282 53 304"/>
                        </Shape>
                        <String CONTENT=""/>
                    </TextLine>

                    <TextLine ID="line_7" HPOS="53" VPOS="296" WIDTH="580" HEIGHT="50" BASELINE="54 336 633 320" TAGREFS="TYPE_1">
                        <Shape>
                            <Polygon POINTS="54 336 54 346 191 345 192 345 197 342 205 338 234 338 239 341 243 344 244 344 245 344 246 344 246 344 255 341 261 338 283 340 304 341 305 341 306 341 315 338 325 336 341 337 371 341 372 341 373 341 374 341 380 336 383 333 498 331 500 332 503 335 504 335 505 335 506 335 536 331 547 329 551 330 574 335 575 335 633 327 633 320 632 298 576 296 575 296 574 296 567 300 561 302 551 300 539 297 538 297 537 297 527 300 516 304 508 300 505 300 504 300 503 300 502 300 497 301 486 305 358 308 350 304 344 302 343 302 342 302 283 304 263 304 263 304 262 304 259 307 253 311 225 308 224 308 167 313 53 312 54 336"/>
                        </Shape>
                        <String CONTENT=""/>
                    </TextLine>

                    <TextLine ID="line_8" HPOS="53" VPOS="327" WIDTH="577" HEIGHT="53" BASELINE="55 369 630 353" TAGREFS="TYPE_1">
                        <Shape>
                            <Polygon POINTS="513 354 507 337 451 337 447 335 439 330 438 330 437 330 436 330 436 330 435 330 426 336 421 338 410 336 391 332 390 332 390 332 374 337 366 338 350 337 323 333 322 333 321 333 308 337 301 339 295 337 284 334 283 334 283 334 230 336 229 336 228 336 224 338 214 344 203 338 198 337 197 337 197 337 196 337 195 337 193 338 183 345 131 346 123 341 123 341 122 341 121 341 120 341 105 347 90 341 90 341 89 341 88 341 78 346 53 341 55 369 56 380 67 376 82 379 88 380 89 380 90 380 93 378 104 374 119 378 124 379 125 379 126 379 127 379 133 378 142 374 164 376 188 378 189 378 189 378 190 378 190 377 193 375 197 371 229 374 234 374 234 374 235 374 236 374 241 370 261 372 283 375 284 375 331 373 332 373 342 369 350 366 362 369 369 370 370 370 432 366 486 362 495 363 524 367 525 367 551 363 600 366 601 366 621 366 621 366 622 366 630 358 630 353 629 333 606 328 605 328 572 334 569 334 567 334 543 327 543 327 542 327 541 327 518 333 513 354"/>
                        </Shape>
                        <String CONTENT=""/>
                    </TextLine>

                    <TextLine ID="line_9" HPOS="54" VPOS="361" WIDTH="580" HEIGHT="52" BASELINE="55 401 634 384" TAGREFS="TYPE_1">
                        <Shape>
                            <Polygon POINTS="513 386 507 369 490 370 467 370 462 366 454 362 453 362 452 362 415 363 415 363 406 367 403 369 402 367 397 364 396 364 395 364 395 364 353 365 328 369 298 374 287 370 283 369 283 369 282 369 281 369 277 370 266 374 258 370 254 369 253 369 252 369 251 369 245 371 228 377 185 378 164 373 159 371 158 371 157 371 156 371 152 373 139 378 119 374 110 372 109 372 108 372 103 374 93 378 83 374 78 373 78 373 77 373 54 374 55 401 55 409 109 413 110 413 111 413 119 409 189 411 190 411 191 411 192 411 197 406 199 404 220 404 235 405 275 408 275 408 304 403 310 403 312 403 320 407 320 407 321 407 322 407 334 403 338 402 349 403 380 405 381 405 400 401 415 398 633 395 634 384 633 363 596 361 596 361 595 361 588 364 584 366 517 368 513 386"/>
                        </Shape>
                        <String CONTENT=""/>
                    </TextLine>

                    <TextLine ID="line_10" HPOS="54" VPOS="390" WIDTH="581" HEIGHT="54" BASELINE="56 433 635 416" TAGREFS="TYPE_1">
                        <Shape>
                            <Polygon POINTS="56 433 56 444 83 440 97 444 100 444 101 444 102 444 103 443 111 439 157 441 180 442 181 442 181 442 182 442 184 440 188 437 205 440 220 441 221 441 246 438 277 434 325 435 380 436 381 436 403 432 415 430 429 431 453 434 454 434 455 434 465 430 467 429 477 430 506 431 506 431 507 431 521 428 526 427 543 427 606 430 607 430 634 423 635 416 633 390 578 390 577 390 576 390 565 398 535 392 534 392 533 392 532 392 516 400 495 400 477 394 476 394 475 394 440 394 440 394 439 394 427 402 341 399 340 399 246 407 222 401 221 401 220 401 219 401 202 407 194 403 193 403 193 403 192 403 191 403 184 409 166 403 165 403 164 403 164 403 163 403 157 408 123 406 122 406 121 406 108 411 54 406 56 433"/>
                        </Shape>
                        <String CONTENT=""/>
                    </TextLine>

                    <TextLine ID="line_11" HPOS="55" VPOS="421" WIDTH="581" HEIGHT="56" BASELINE="57 466 540 451 636 451" TAGREFS="TYPE_1">
                        <Shape>
                            <Polygon POINTS="57 466 57 474 161 477 162 477 163 477 164 477 164 477 169 472 176 477 176 477 177 477 178 477 210 476 211 476 212 476 212 475 218 469 218 469 228 473 229 473 230 473 253 468 255 468 261 473 262 473 263 473 263 473 264 473 265 473 271 468 271 468 275 468 320 473 320 473 321 473 345 465 348 465 355 465 426 469 427 469 449 468 450 468 451 468 461 462 474 467 475 467 476 467 477 467 477 467 485 461 486 460 559 459 562 459 584 464 585 464 635 456 636 451 633 421 583 430 542 430 534 424 534 423 533 423 532 423 531 423 512 424 511 424 510 424 510 425 501 431 476 427 470 426 469 426 469 426 465 427 452 433 440 428 437 427 436 427 436 427 435 427 434 427 432 428 423 435 389 435 382 430 381 430 380 430 379 430 378 430 378 430 369 435 355 431 347 429 346 429 345 429 345 429 335 431 316 437 287 434 267 431 266 431 236 433 235 433 234 433 231 436 226 440 156 440 149 439 136 436 135 436 135 436 113 436 112 436 111 436 111 437 107 440 105 444 98 441 88 437 87 437 86 437 55 442 57 466"/>
                        </Shape>
                        <String CONTENT=""/>
                    </TextLine>

                    <TextLine ID="line_12" HPOS="56" VPOS="459" WIDTH="581" HEIGHT="49" BASELINE="57 497 637 481" TAGREFS="TYPE_1">
                        <Shape>
                            <Polygon POINTS="57 497 57 507 140 508 141 508 142 508 149 505 153 503 156 505 162 507 163 507 164 507 164 507 165 507 170 504 173 502 176 504 181 506 182 506 183 506 255 505 255 505 264 501 268 499 326 498 353 498 432 500 433 500 434 500 444 496 447 495 451 496 470 498 471 498 472 498 480 494 481 493 636 489 637 481 635 463 610 459 609 459 563 464 520 459 519 459 489 466 488 466 486 466 462 460 461 460 460 460 447 465 404 463 403 463 403 463 390 468 346 464 345 464 345 464 320 470 315 472 277 472 274 471 259 466 259 466 258 466 257 466 256 466 249 472 247 473 241 472 213 468 213 468 212 468 197 473 193 474 189 473 172 468 172 468 171 468 170 468 151 474 146 475 141 474 119 470 119 470 118 470 99 475 93 477 56 477 57 497"/>
                        </Shape>
                        <String CONTENT=""/>
                    </TextLine>

                    <TextLine ID="line_13" HPOS="56" VPOS="488" WIDTH="582" HEIGHT="53" BASELINE="56 530 638 514" TAGREFS="TYPE_1">
                        <Shape>
                            <Polygon POINTS="63 530 56 530 56 530 56 538 138 541 139 541 207 538 208 538 224 534 230 533 235 534 247 538 248 538 249 538 274 533 287 530 317 530 321 532 329 535 329 535 330 535 349 531 364 529 388 530 415 533 416 533 454 530 500 524 539 524 547 527 551 529 552 529 553 529 564 526 584 523 637 525 638 514 637 491 625 488 624 488 623 488 622 488 611 493 604 496 544 497 539 495 527 490 526 490 526 490 507 491 506 491 506 491 498 496 495 498 481 497 456 494 456 494 455 494 454 494 449 498 448 499 369 501 365 501 348 496 347 496 346 496 308 497 308 497 307 497 299 503 298 504 295 503 278 497 277 497 276 497 227 505 218 506 199 506 185 506 175 501 174 501 173 501 148 505 111 502 111 502 110 502 109 502 97 510 96 510 67 510 63 530"/>
                        </Shape>
                        <String CONTENT=""/>
                    </TextLine>

                    <TextLine ID="line_14" HPOS="56" VPOS="522" WIDTH="583" HEIGHT="53" BASELINE="57 563 639 545" TAGREFS="TYPE_1">
                        <Shape>
                            <Polygon POINTS="515 532 507 532 499 532 491 532 483 532 475 532 467 532 459 532 451 532 443 532 435 532 427 532 419 532 411 532 405 532 403 532 395 532 386 532 378 532 370 532 362 532 353 532 345 532 345 532 322 535 319 536 305 536 109 536 108 536 56 543 57 563 57 572 118 575 119 575 166 569 168 569 178 573 179 573 180 573 181 573 181 573 188 568 189 568 215 572 216 572 217 572 218 572 226 567 241 571 242 571 242 571 271 566 289 570 290 570 291 570 292 570 301 564 302 564 310 564 367 567 368 567 393 562 394 562 414 566 415 566 415 566 433 560 440 565 441 565 442 565 443 565 481 564 481 564 482 564 482 563 487 559 496 563 497 563 497 563 533 563 534 563 554 557 575 559 576 559 639 553 639 545 637 526 584 522 584 522 531 529 530 529 528 529 517 528 515 532"/>
                        </Shape>
                        <String CONTENT=""/>
                    </TextLine>

                    <TextLine ID="line_15" HPOS="57" VPOS="558" WIDTH="581" HEIGHT="45" BASELINE="57 596 638 578" TAGREFS="TYPE_1">
                        <Shape>
                            <Polygon POINTS="57 596 57 603 320 600 320 600 329 596 346 599 347 599 369 598 370 598 370 598 370 597 374 594 375 592 588 587 591 587 611 591 612 591 637 585 638 578 636 559 529 562 515 558 514 558 514 558 435 565 424 566 423 566 407 560 406 560 405 560 347 562 346 562 345 562 345 563 340 568 339 569 319 569 316 569 294 563 293 563 263 571 260 571 259 571 233 566 232 566 231 566 216 570 108 569 107 569 57 576 57 596"/>
                        </Shape>
                        <String CONTENT=""/>
                    </TextLine>

                    <TextLine ID="line_16" HPOS="57" VPOS="586" WIDTH="581" HEIGHT="55" BASELINE="59 628 510 613 638 612" TAGREFS="TYPE_1">
                        <Shape>
                            <Polygon POINTS="59 628 59 635 110 641 111 641 111 641 112 641 120 635 134 639 135 639 135 639 136 639 154 633 180 638 181 638 238 637 239 637 263 630 269 629 279 630 320 634 321 634 322 634 337 629 340 628 346 629 373 633 374 633 426 627 454 624 473 625 501 629 502 629 526 625 545 621 637 621 638 612 637 590 625 586 624 586 623 586 622 586 608 592 607 592 591 592 589 592 581 586 580 586 580 586 560 586 559 586 559 586 558 586 558 587 553 591 531 587 530 587 494 595 493 595 493 595 473 589 472 589 471 589 446 594 432 590 431 590 430 590 429 590 428 590 419 597 400 591 399 591 399 591 398 591 377 596 336 593 335 593 334 593 320 600 319 601 288 601 287 601 269 595 268 595 267 595 234 603 233 603 232 603 217 596 216 596 215 596 178 604 176 605 129 606 128 606 116 600 115 600 115 600 114 600 98 607 97 607 83 601 82 601 82 601 81 601 80 601 73 608 72 608 57 608 59 628"/>
                        </Shape>
                        <String CONTENT=""/>
                    </TextLine>

                    <TextLine ID="line_17" HPOS="58" VPOS="627" WIDTH="335" HEIGHT="44" BASELINE="60 660 393 650" TAGREFS="TYPE_1">
                        <Shape>
                            <Polygon POINTS="60 660 60 667 86 671 86 671 133 666 143 665 152 665 197 668 197 668 392 658 393 650 390 632 351 633 350 633 337 627 337 627 336 627 335 627 325 633 290 629 289 629 288 629 271 635 271 635 255 629 255 629 254 629 253 629 252 629 252 630 251 630 248 635 204 637 169 638 168 638 162 633 161 633 160 633 145 633 144 633 144 633 143 633 143 633 137 639 137 640 113 640 111 640 86 634 86 634 58 641 60 660"/>
                        </Shape>
                        <String CONTENT=""/>
                    </TextLine>
</TextBlock>
                <TextBlock ID="block_2" HPOS="64" VPOS="661" WIDTH="580" HEIGHT="559" TAGREFS="TYPE_24">
                    <Shape>
                        <Polygon POINTS="64.11061096191406 661.1397705078125 644.8753051757812 661.1397705078125 644.8753051757812 1220.6376953125 64.11061096191406 1220.6376953125 64.11061096191406 661.1397705078125"/>
                    </Shape>
                    <TextLine ID="line_18" HPOS="92" VPOS="646" WIDTH="548" HEIGHT="59" BASELINE="94 691 515 678 640 678" TAGREFS="TYPE_1">
                        <Shape>
                            <Polygon POINTS="518 655 517 650 509 654 506 655 503 654 489 649 489 649 488 649 448 650 447 650 446 650 446 651 445 651 441 656 420 654 419 654 419 654 418 654 412 658 409 660 399 658 362 653 362 653 325 656 325 656 311 662 307 663 290 662 234 660 233 660 232 660 231 660 231 661 226 665 225 666 191 666 190 666 168 659 167 659 166 659 165 659 164 659 164 660 156 667 106 664 105 664 104 664 92 669 94 691 94 705 193 699 214 702 226 703 227 703 228 703 229 703 229 702 230 701 233 698 294 695 343 697 388 698 389 698 390 698 390 698 390 697 393 695 396 692 411 694 431 696 432 696 459 692 477 690 490 691 518 694 518 694 519 694 529 690 532 688 542 689 564 691 565 691 566 691 567 691 571 688 572 686 608 686 609 686 613 690 614 690 615 690 616 690 640 685 640 678 638 649 604 654 593 651 580 646 579 646 578 646 577 646 561 652 550 657 538 657 533 654 526 648 526 648 525 648 524 648 523 648 519 649 518 655"/>
                        </Shape>
                        <String CONTENT=""/>
                    </TextLine>

                    <TextLine ID="line_19" HPOS="61" VPOS="683" WIDTH="577" HEIGHT="52" BASELINE="62 724 638 708" TAGREFS="TYPE_1">
                        <Shape>
                            <Polygon POINTS="62 724 62 732 148 735 148 735 149 735 150 735 156 731 160 728 177 731 193 732 194 732 195 732 200 730 207 727 253 729 290 731 291 731 292 731 303 728 320 724 327 728 329 729 329 729 330 729 331 729 332 729 336 728 345 724 407 726 430 727 431 727 473 724 474 724 475 724 481 719 497 724 498 724 499 724 500 724 501 724 502 724 527 718 558 723 559 723 559 723 572 718 637 721 638 708 636 689 598 690 596 689 580 683 579 683 578 683 577 683 563 687 544 685 543 685 543 685 533 691 530 691 527 691 513 686 512 686 511 686 479 686 478 686 462 691 453 694 438 692 409 688 408 688 407 688 407 688 400 692 395 696 377 696 353 693 343 692 342 692 333 694 313 698 303 694 296 691 295 691 294 691 293 691 292 691 292 692 290 695 288 696 285 695 282 692 281 692 280 692 279 692 279 692 271 695 260 698 247 695 236 693 235 693 234 693 234 693 230 695 223 700 190 696 189 696 188 696 187 696 174 702 119 697 113 697 112 697 111 697 110 697 96 703 89 698 88 698 87 698 86 698 61 698 62 724"/>
                        </Shape>
                        <String CONTENT=""/>
                    </TextLine>

                    <TextLine ID="line_20" HPOS="61" VPOS="714" WIDTH="577" HEIGHT="55" BASELINE="62 756 500 744 638 742" TAGREFS="TYPE_1">
                        <Shape>
                            <Polygon POINTS="62 756 62 765 82 769 82 769 83 769 93 765 94 765 138 767 139 767 139 767 147 763 149 762 196 762 291 763 292 763 318 762 319 762 320 762 323 760 327 757 408 758 432 758 433 758 439 757 468 753 512 756 522 756 523 756 524 756 525 756 525 756 530 752 637 753 638 742 637 719 617 714 616 714 615 714 580 721 530 716 530 716 489 723 483 718 482 718 481 718 481 718 408 726 406 726 403 726 320 722 320 722 288 729 286 729 285 729 264 725 263 725 214 731 181 726 180 726 142 733 139 734 61 735 62 756"/>
                        </Shape>
                        <String CONTENT=""/>
                    </TextLine>

                    <TextLine ID="line_21" HPOS="61" VPOS="750" WIDTH="580" HEIGHT="51" BASELINE="62 790 641 773" TAGREFS="TYPE_1">
                        <Shape>
                            <Polygon POINTS="62 790 62 801 641 785 641 773 638 751 534 756 529 754 516 750 515 750 514 750 470 751 452 752 451 752 450 752 443 757 440 760 387 761 377 759 348 755 347 755 301 761 196 759 195 759 160 761 160 761 159 761 159 761 152 767 152 767 151 767 128 761 127 761 127 761 110 769 108 769 105 769 82 765 81 765 80 765 61 769 62 790"/>
                        </Shape>
                        <String CONTENT=""/>
                    </TextLine>

                    <TextLine ID="line_22" HPOS="62" VPOS="785" WIDTH="576" HEIGHT="50" BASELINE="64 821 638 806" TAGREFS="TYPE_1">
                        <Shape>
                            <Polygon POINTS="64 821 64 832 93 835 94 835 111 831 125 828 150 830 183 832 184 832 205 828 214 826 220 827 231 830 232 830 233 830 234 830 242 827 246 826 255 826 275 829 275 829 295 826 307 823 324 824 361 827 362 827 362 827 371 823 374 822 378 822 393 826 394 826 395 826 395 826 396 826 396 826 401 822 403 821 410 822 435 825 436 825 436 825 437 825 443 821 444 819 473 818 525 818 526 818 532 822 533 822 534 822 534 822 587 816 592 816 594 816 618 820 619 820 620 820 638 814 638 806 637 785 458 785 457 785 456 785 456 785 456 786 451 791 448 793 421 794 349 794 345 794 335 789 334 789 333 789 333 789 316 793 296 790 295 790 294 790 293 790 286 795 275 790 274 790 273 790 272 790 247 797 242 798 238 798 219 792 218 792 218 792 217 792 216 792 205 798 203 800 177 800 176 799 168 794 168 794 167 794 166 794 165 794 154 800 152 802 62 802 64 821"/>
                        </Shape>
                        <String CONTENT=""/>
                    </TextLine>

                    <TextLine ID="line_23" HPOS="62" VPOS="811" WIDTH="580" HEIGHT="57" BASELINE="64 855 534 840 642 840" TAGREFS="TYPE_1">
                        <Shape>
                            <Polygon POINTS="64 855 64 868 116 867 117 867 118 867 127 861 139 864 139 864 140 864 141 864 142 864 148 860 209 864 220 864 221 864 222 864 223 863 234 858 244 862 245 862 246 862 302 857 308 860 309 862 310 862 311 862 312 862 356 860 357 860 361 859 370 854 400 857 420 859 421 859 422 859 427 855 434 852 480 854 506 855 506 855 507 855 508 855 510 853 514 850 528 852 535 853 536 853 556 851 576 849 585 850 610 853 611 853 642 847 642 840 641 811 575 820 543 814 542 814 541 814 540 814 539 814 519 821 485 817 484 817 483 817 482 817 473 823 429 819 428 819 427 819 427 819 417 826 340 826 319 822 310 821 309 821 199 824 198 824 188 827 171 832 62 832 64 855"/>
                        </Shape>
                        <String CONTENT=""/>
                    </TextLine>

                    <TextLine ID="line_24" HPOS="61" VPOS="845" WIDTH="580" HEIGHT="55" BASELINE="62 888 641 871" TAGREFS="TYPE_1">
                        <Shape>
                            <Polygon POINTS="62 888 64 900 69 896 79 899 82 900 82 900 83 900 117 899 118 899 119 899 119 898 119 898 123 894 161 896 172 897 172 897 173 897 174 897 175 896 180 892 263 894 276 894 277 894 285 893 338 888 362 892 365 892 366 892 369 892 393 886 415 890 418 890 419 890 419 890 420 890 427 885 440 888 440 888 441 888 476 884 639 884 641 871 638 845 606 852 562 847 556 847 555 847 555 847 554 847 553 848 543 855 514 855 503 850 501 849 500 849 499 849 498 849 497 849 497 850 497 850 490 855 458 851 447 851 446 851 436 852 413 858 379 855 360 853 359 853 344 856 324 860 312 857 307 856 306 856 305 856 304 856 304 856 302 858 298 862 276 862 263 859 250 856 249 856 248 856 232 860 221 863 212 861 201 858 200 858 199 858 198 858 189 862 168 859 168 859 167 859 166 859 160 863 156 865 147 863 129 861 128 861 127 861 127 861 121 865 118 867 61 867 62 888"/>
                        </Shape>
                        <String CONTENT=""/>
                    </TextLine>

                    <TextLine ID="line_25" HPOS="61" VPOS="878" WIDTH="580" HEIGHT="52" BASELINE="63 920 641 903" TAGREFS="TYPE_1">
                        <Shape>
                            <Polygon POINTS="63 920 63 929 172 930 173 930 199 925 209 924 234 925 271 925 272 925 292 922 300 921 301 922 308 925 309 925 310 925 311 925 325 921 329 921 335 921 364 925 365 925 392 923 393 923 394 923 398 919 399 918 400 919 410 923 411 923 411 923 412 923 427 918 428 918 431 918 475 921 476 921 499 916 504 915 512 916 550 919 551 919 551 919 552 919 560 914 561 913 567 913 607 917 608 917 641 911 641 903 640 884 598 878 597 878 596 878 582 882 541 880 540 880 539 880 530 885 528 887 441 888 438 888 429 884 428 884 427 884 427 884 414 888 410 889 406 888 394 884 393 884 392 884 366 884 366 884 365 884 365 885 360 889 358 891 343 889 309 886 308 886 276 891 253 894 232 892 210 889 209 889 209 889 208 889 204 892 197 896 168 896 162 893 157 891 156 891 156 891 117 892 116 892 115 892 114 894 108 898 61 896 63 920"/>
                        </Shape>
                        <String CONTENT=""/>
                    </TextLine>

                    <TextLine ID="line_26" HPOS="62" VPOS="911" WIDTH="580" HEIGHT="53" BASELINE="64 951 642 936" TAGREFS="TYPE_1">
                        <Shape>
                            <Polygon POINTS="64 951 64 960 93 964 94 964 193 961 194 961 195 961 198 958 199 957 201 958 213 961 214 961 215 961 243 957 254 955 259 956 267 958 267 958 268 958 298 955 318 954 321 955 327 958 328 958 329 958 346 954 357 953 386 954 427 955 428 955 429 955 430 955 432 953 436 950 444 953 453 954 454 954 455 954 460 952 468 949 642 948 642 936 641 911 563 911 562 911 552 913 518 920 500 920 491 914 490 913 489 913 489 913 488 913 484 914 456 921 434 915 428 914 427 914 427 914 426 914 424 915 414 922 396 922 376 917 373 916 372 916 371 916 370 916 370 916 369 917 358 924 336 924 255 919 246 919 246 919 245 919 244 920 230 927 152 929 101 929 62 924 64 951"/>
                        </Shape>
                        <String CONTENT=""/>
                    </TextLine>

                    <TextLine ID="line_27" HPOS="64" VPOS="942" WIDTH="578" HEIGHT="55" BASELINE="64 984 642 967" TAGREFS="TYPE_1">
                        <Shape>
                            <Polygon POINTS="176 980 168 980 160 980 152 980 144 980 135 980 127 982 119 982 111 982 103 982 95 982 87 982 79 982 64 984 64 997 119 997 119 996 119 996 124 995 134 991 139 994 142 995 143 995 144 995 144 995 185 994 186 994 187 994 189 992 192 990 195 992 197 994 198 994 199 994 200 994 212 991 230 987 256 990 279 991 279 991 280 991 286 989 291 986 325 987 366 989 366 989 367 989 368 989 368 988 372 986 374 983 401 984 448 987 449 987 470 982 479 980 515 980 589 981 590 981 641 975 642 967 641 945 614 942 613 942 613 942 599 946 589 950 579 947 559 943 559 943 558 943 542 950 530 954 520 950 506 946 505 946 504 946 464 950 457 946 456 946 456 946 455 946 420 955 419 955 419 955 397 950 396 950 395 950 366 955 359 950 358 950 358 950 357 950 320 950 320 950 319 950 308 959 287 956 286 956 251 962 239 953 238 953 238 953 237 953 236 953 222 960 201 954 201 954 200 954 199 954 179 964 176 980"/>
                        </Shape>
                        <String CONTENT=""/>
                    </TextLine>

                    <TextLine ID="line_28" HPOS="64" VPOS="976" WIDTH="577" HEIGHT="52" BASELINE="65 1017 484 1003 641 1001" TAGREFS="TYPE_1">
                        <Shape>
                            <Polygon POINTS="65 1017 65 1028 145 1024 158 1026 169 1028 170 1028 171 1028 172 1028 176 1025 181 1023 199 1024 220 1027 221 1027 237 1024 251 1020 279 1022 310 1024 311 1024 312 1024 312 1024 316 1020 318 1019 327 1020 337 1021 337 1021 338 1021 345 1020 355 1017 381 1018 432 1020 433 1020 473 1015 487 1012 573 1011 575 1011 582 1016 583 1016 584 1016 584 1016 585 1016 603 1011 616 1015 617 1015 617 1015 618 1015 641 1008 641 1001 640 978 601 976 600 976 575 979 538 983 526 980 520 979 519 979 518 979 504 981 488 983 478 982 472 980 471 980 470 980 467 982 458 986 440 983 439 983 438 983 437 983 426 987 393 983 380 983 379 983 371 984 350 989 338 985 336 984 335 984 334 984 327 985 296 991 259 987 252 987 251 987 251 987 250 987 249 987 241 993 195 994 136 991 135 991 135 991 115 996 64 992 65 1017"/>
                        </Shape>
                        <String CONTENT=""/>
                    </TextLine>

                    <TextLine ID="line_29" HPOS="65" VPOS="1010" WIDTH="578" HEIGHT="51" BASELINE="67 1048 643 1032" TAGREFS="TYPE_1">
                        <Shape>
                            <Polygon POINTS="67 1048 67 1060 120 1061 121 1061 122 1061 123 1061 125 1058 129 1056 132 1058 134 1060 135 1060 135 1060 136 1060 169 1057 189 1055 203 1056 238 1057 239 1057 259 1053 271 1051 277 1053 283 1056 284 1056 285 1056 308 1052 320 1050 329 1051 353 1054 354 1054 355 1054 366 1050 370 1048 379 1049 395 1051 395 1051 396 1051 406 1048 412 1047 417 1048 427 1052 428 1052 429 1052 456 1048 468 1051 469 1051 469 1051 493 1045 499 1044 556 1043 559 1043 569 1046 570 1046 571 1046 621 1042 633 1046 633 1046 634 1046 635 1046 636 1046 643 1040 643 1032 641 1010 572 1015 565 1012 559 1010 559 1010 558 1010 557 1010 556 1010 556 1011 554 1012 551 1016 539 1013 527 1011 526 1011 526 1011 525 1011 522 1013 518 1017 433 1019 423 1017 412 1015 411 1015 326 1016 300 1021 292 1022 288 1021 267 1018 267 1018 243 1023 235 1024 232 1024 223 1020 222 1020 222 1020 221 1020 211 1024 208 1025 195 1024 152 1021 152 1021 151 1021 133 1027 131 1028 65 1028 67 1048"/>
                        </Shape>
                        <String CONTENT=""/>
                    </TextLine>

                    <TextLine ID="line_30" HPOS="66" VPOS="1038" WIDTH="579" HEIGHT="58" BASELINE="68 1082 497 1067 645 1065" TAGREFS="TYPE_1">
                        <Shape>
                            <Polygon POINTS="68 1082 68 1096 125 1090 172 1093 182 1093 183 1093 198 1091 246 1086 303 1086 351 1087 352 1087 353 1087 353 1087 357 1084 358 1082 363 1084 374 1086 374 1086 375 1086 397 1082 409 1080 421 1081 450 1084 451 1084 489 1078 499 1077 506 1077 534 1081 535 1081 567 1075 584 1079 585 1079 586 1079 587 1079 588 1079 596 1073 635 1077 636 1077 637 1077 637 1077 645 1071 645 1065 643 1043 617 1038 617 1038 616 1038 595 1044 592 1045 473 1048 472 1048 454 1044 453 1044 452 1044 452 1044 444 1048 443 1049 436 1048 402 1045 401 1045 355 1052 345 1053 337 1052 311 1048 310 1048 309 1048 308 1048 308 1049 304 1053 303 1054 292 1053 259 1050 258 1050 257 1050 256 1050 256 1051 252 1054 251 1056 234 1055 189 1053 189 1053 188 1053 187 1053 187 1053 183 1057 181 1059 149 1059 147 1057 139 1054 139 1054 138 1054 66 1060 68 1082"/>
                        </Shape>
                        <String CONTENT=""/>
                    </TextLine>

                    <TextLine ID="line_31" HPOS="68" VPOS="1072" WIDTH="576" HEIGHT="53" BASELINE="69 1115 644 1097" TAGREFS="TYPE_1">
                        <Shape>
                            <Polygon POINTS="69 1115 69 1123 193 1125 194 1125 231 1123 232 1123 233 1123 238 1118 289 1122 290 1122 315 1116 321 1114 335 1115 386 1118 387 1118 415 1113 423 1111 434 1112 469 1116 469 1116 470 1116 488 1110 494 1108 551 1107 560 1109 583 1112 584 1112 644 1106 644 1097 641 1077 617 1077 600 1072 600 1072 599 1072 598 1072 584 1078 569 1073 568 1073 567 1073 567 1073 566 1073 566 1073 559 1079 528 1077 527 1077 509 1081 494 1075 493 1075 493 1075 438 1083 437 1083 397 1078 396 1078 395 1078 395 1078 388 1082 354 1080 353 1080 353 1080 352 1080 341 1086 341 1086 319 1081 318 1081 317 1081 292 1081 292 1081 291 1081 291 1082 285 1087 269 1082 268 1082 267 1082 267 1082 266 1082 256 1089 255 1090 185 1091 184 1091 156 1086 156 1086 68 1094 69 1115"/>
                        </Shape>
                        <String CONTENT=""/>
                    </TextLine>

                    <TextLine ID="line_32" HPOS="67" VPOS="1103" WIDTH="579" HEIGHT="55" BASELINE="69 1147 484 1132 646 1129" TAGREFS="TYPE_1">
                        <Shape>
                            <Polygon POINTS="69 1147 69 1155 207 1158 208 1158 240 1152 249 1151 256 1151 276 1155 277 1155 341 1152 342 1152 343 1152 343 1151 345 1150 349 1146 373 1146 380 1149 386 1151 386 1151 387 1151 411 1148 424 1147 440 1147 463 1149 464 1149 465 1149 473 1147 488 1142 581 1139 645 1143 646 1129 643 1109 615 1109 598 1103 597 1103 596 1103 596 1103 582 1110 580 1111 525 1112 518 1111 489 1106 489 1106 488 1106 467 1112 461 1114 424 1114 343 1112 342 1112 341 1112 334 1115 325 1120 255 1121 242 1118 236 1115 235 1115 234 1115 234 1115 233 1115 230 1118 225 1122 212 1118 211 1118 210 1118 179 1123 169 1119 165 1118 164 1118 164 1118 163 1118 162 1118 160 1119 154 1124 144 1119 142 1118 141 1118 140 1118 124 1119 123 1119 123 1119 123 1120 122 1120 115 1127 100 1121 98 1120 98 1120 97 1120 67 1121 69 1147"/>
                        </Shape>
                        <String CONTENT=""/>
                    </TextLine>

                    <TextLine ID="line_33" HPOS="69" VPOS="1139" WIDTH="576" HEIGHT="54" BASELINE="70 1180 645 1163" TAGREFS="TYPE_1">
                        <Shape>
                            <Polygon POINTS="70 1180 70 1193 102 1188 234 1188 288 1188 288 1188 302 1185 324 1180 337 1184 340 1184 341 1184 341 1184 365 1183 414 1178 438 1180 474 1182 475 1182 476 1182 487 1177 489 1177 490 1177 505 1181 506 1181 506 1181 507 1181 528 1176 537 1173 645 1171 645 1163 642 1144 592 1144 561 1139 560 1139 559 1139 547 1143 511 1140 510 1140 510 1140 509 1140 503 1145 456 1142 455 1142 454 1142 443 1147 426 1143 425 1143 424 1143 423 1143 397 1150 386 1144 385 1144 384 1144 383 1144 382 1144 375 1151 374 1151 357 1146 356 1146 355 1146 354 1146 344 1151 341 1152 338 1151 316 1146 315 1146 314 1146 313 1146 292 1153 287 1155 245 1155 243 1154 236 1148 235 1148 234 1148 234 1148 191 1155 177 1158 144 1158 139 1156 125 1151 124 1151 123 1151 69 1158 70 1180"/>
                        </Shape>
                        <String CONTENT=""/>
                    </TextLine>

                    <TextLine ID="line_34" HPOS="69" VPOS="1171" WIDTH="576" HEIGHT="58" BASELINE="70 1212 645 1195" TAGREFS="TYPE_1">
                        <Shape>
                            <Polygon POINTS="70 1212 70 1229 98 1225 115 1229 116 1229 117 1229 118 1229 119 1229 119 1229 119 1229 126 1224 159 1228 160 1228 161 1228 162 1228 163 1228 168 1222 227 1221 242 1225 250 1228 251 1228 251 1228 252 1228 260 1225 275 1220 323 1223 326 1223 327 1223 328 1223 329 1223 344 1217 382 1217 403 1221 408 1221 409 1221 415 1221 441 1215 447 1220 450 1222 451 1222 452 1222 452 1223 465 1223 465 1222 466 1222 477 1219 493 1213 499 1218 503 1221 504 1221 505 1221 506 1221 645 1213 645 1195 643 1172 600 1171 599 1171 598 1171 593 1173 584 1177 570 1174 562 1172 561 1172 560 1172 555 1174 544 1178 533 1175 524 1173 523 1173 522 1173 508 1176 490 1180 449 1178 398 1176 397 1176 396 1176 395 1176 395 1177 391 1180 388 1184 369 1184 353 1182 331 1179 330 1179 329 1179 316 1183 311 1184 307 1184 296 1180 295 1180 294 1180 293 1180 283 1184 279 1186 261 1185 237 1184 236 1184 235 1184 226 1186 220 1188 213 1187 188 1183 187 1183 186 1183 165 1188 161 1190 69 1192 70 1212"/>
                        </Shape>
                        <String CONTENT=""/>
                    </TextLine>
</TextBlock>
            </PrintSpace>
        </Page>
    </Layout>
</alto>