<?xml version="1.0" encoding="UTF-8"?>
<alto xmlns:xsi="http://www.w3.org/2001/XMLSchema-instance"
    xmlns="http://www.loc.gov/standards/alto/ns-v4#"
    xsi:schemaLocation="http://www.loc.gov/standards/alto/ns-v4# http://www.loc.gov/standards/alto/v4/alto-4-3.xsd">
    <Description>
        <MeasurementUnit>pixel</MeasurementUnit>
        <sourceImageInformation>
            <fileName>2013104.jpeg</fileName>
        </sourceImageInformation>
        <Processing ID="OCR_0">
            <processingCategory>other</processingCategory>
            <processingStepDescription>unknown</processingStepDescription>
            <processingSoftware>
                <softwareName>kraken</softwareName>
                <softwareVersion>4.3.13</softwareVersion>
            </processingSoftware>
        </Processing>
    </Description>
    <Tags>
        <OtherTag ID="TYPE_1" LABEL="DefaultLine"/>
        <OtherTag ID="TYPE_2" LABEL="MarginTextZone-ManuscriptAddendum"/>
        <OtherTag ID="TYPE_3" LABEL="TitlePageZone"/>
        <OtherTag ID="TYPE_4" LABEL="StampZone-Sticker"/>
        <OtherTag ID="TYPE_5" LABEL="StampZone"/>
        <OtherTag ID="TYPE_6" LABEL="MainZone-Entry-Continued"/>
        <OtherTag ID="TYPE_7" LABEL="GraphicZone-Maths"/>
        <OtherTag ID="TYPE_8" LABEL="FigureZone"/>
        <OtherTag ID="TYPE_9" LABEL="MainZone-Signature"/>
        <OtherTag ID="TYPE_10" LABEL="MainZone-P-Continued"/>
        <OtherTag ID="TYPE_11" LABEL="GraphicZone-Decoration"/>
        <OtherTag ID="TYPE_12" LABEL="MainZone-Date"/>
        <OtherTag ID="TYPE_13" LABEL="MainZone-Other"/>
        <OtherTag ID="TYPE_14" LABEL="TableZone-Continued"/>
        <OtherTag ID="TYPE_15" LABEL="MarginTextZone-Notes-Continued"/>
        <OtherTag ID="TYPE_16" LABEL="FigureZone-FigDesc"/>
        <OtherTag ID="TYPE_17" LABEL="MarginTextZone-Notes"/>
        <OtherTag ID="TYPE_18" LABEL="DropCapitalZone"/>
        <OtherTag ID="TYPE_19" LABEL="GraphicZone"/>
        <OtherTag ID="TYPE_20" LABEL="RunningTitleZone"/>
        <OtherTag ID="TYPE_21" LABEL="GraphicZone-FigDesc"/>
        <OtherTag ID="TYPE_22" LABEL="MainZone-Lg"/>
        <OtherTag ID="TYPE_23" LABEL="FigureZone-Head"/>
        <OtherTag ID="TYPE_24" LABEL="MainZone-P"/>
        <OtherTag ID="TYPE_25" LABEL="GraphicZone-Head"/>
        <OtherTag ID="TYPE_26" LABEL="QuireMarksZone"/>
        <OtherTag ID="TYPE_27" LABEL="MainZone-Sp"/>
        <OtherTag ID="TYPE_28" LABEL="MainZone-List"/>
        <OtherTag ID="TYPE_29" LABEL="GraphicZone-Part"/>
        <OtherTag ID="TYPE_30" LABEL="DigitizationArtefactZone"/>
        <OtherTag ID="TYPE_31" LABEL="MainZone-Entry"/>
        <OtherTag ID="TYPE_32" LABEL="TableZone-Head"/>
        <OtherTag ID="TYPE_33" LABEL="GraphicZone-TextualContent"/>
        <OtherTag ID="TYPE_34" LABEL="AdvertisementZone"/>
        <OtherTag ID="TYPE_35" LABEL="MainZone-List-Continued"/>
        <OtherTag ID="TYPE_36" LABEL="MainZone-Form"/>
        <OtherTag ID="TYPE_37" LABEL="MainZone-Head"/>
        <OtherTag ID="TYPE_38" LABEL="NumberingZone"/>
        <OtherTag ID="TYPE_39" LABEL="TitlePageZone-Index"/>
        <OtherTag ID="TYPE_40" LABEL="MainZone-Sp-Continued"/>
        <OtherTag ID="TYPE_41" LABEL="TableZone"/>
        <OtherTag ID="TYPE_42" LABEL="MainZone-Lg-Continued"/>
    </Tags>
    <Layout>
        <Page WIDTH="1000" HEIGHT="1448" PHYSICAL_IMG_NR="0" ID="page_0">
            <PrintSpace HPOS="0" VPOS="0" WIDTH="1000" HEIGHT="1448">
                <TextBlock ID="block_5" HPOS="373" VPOS="96" WIDTH="49" HEIGHT="32" TAGREFS="TYPE_38">
                    <Shape>
                        <Polygon POINTS="373.7027893066406 96.51414489746094 422.1592102050781 96.51414489746094 422.1592102050781 128.88162231445312 373.7027893066406 128.88162231445312 373.7027893066406 96.51414489746094"/>
                    </Shape>
                    <TextLine ID="line_0" HPOS="374" VPOS="104" WIDTH="56" HEIGHT="27" BASELINE="374 118 430 117" TAGREFS="TYPE_1">
                        <Shape>
                            <Polygon POINTS="414 104 406 104 398 104 390 104 382 104 378 104 374 105 374 118 374 130 409 131 410 131 411 131 430 126 430 117 428 105 420 104 414 104"/>
                        </Shape>
                        <String CONTENT=""/>
                    </TextLine>
</TextBlock>
                <TextBlock ID="block_1" HPOS="493" VPOS="81" WIDTH="388" HEIGHT="41" TAGREFS="TYPE_20">
                    <Shape>
                        <Polygon POINTS="493.9324951171875 81.20543670654297 881.5958251953125 81.20543670654297 881.5958251953125 122.01522827148438 493.9324951171875 122.01522827148438 493.9324951171875 81.20543670654297"/>
                    </Shape>
                    <TextLine ID="line_1" HPOS="491" VPOS="83" WIDTH="389" HEIGHT="44" BASELINE="492 116 880 108" TAGREFS="TYPE_1">
                        <Shape>
                            <Polygon POINTS="765 102 757 104 748 104 740 104 732 104 724 104 716 104 708 104 700 104 692 104 684 104 676 104 668 104 660 104 652 104 644 104 636 104 635 104 628 104 620 104 612 104 604 104 600 104 597 105 593 104 588 104 580 104 572 104 563 104 556 104 554 105 551 104 547 104 539 104 531 104 526 104 525 106 522 104 515 104 507 104 499 104 491 104 492 116 492 122 530 127 530 127 531 127 547 122 550 121 555 122 583 125 584 125 604 121 612 119 618 121 637 127 638 127 639 127 710 125 711 125 711 125 720 120 724 117 728 119 732 124 733 124 734 124 735 124 761 119 780 115 802 115 810 119 818 123 818 123 819 123 880 118 880 108 877 83 802 84 801 84 800 84 800 85 798 86 786 97 773 89 773 89 772 89 771 89 770 89 769 89 769 90 765 94 765 102"/>
                        </Shape>
                        <String CONTENT=""/>
                    </TextLine>
</TextBlock>
                <TextBlock ID="block_0" HPOS="369" VPOS="129" WIDTH="583" HEIGHT="583" TAGREFS="TYPE_10">
                    <Shape>
                        <Polygon POINTS="369.6466979980469 129.6696319580078 952.1566162109375 129.6696319580078 952.1566162109375 712.4908447265625 369.6466979980469 712.4908447265625 369.6466979980469 129.6696319580078"/>
                    </Shape>
                    <TextLine ID="line_2" HPOS="369" VPOS="117" WIDTH="577" HEIGHT="49" BASELINE="370 157 946 148" TAGREFS="TYPE_1">
                        <Shape>
                            <Polygon POINTS="370 157 370 166 753 163 777 159 800 162 801 162 901 156 939 160 940 160 941 160 942 160 946 156 946 148 943 119 905 123 899 119 896 117 895 117 894 117 893 117 872 120 865 121 863 120 852 117 851 117 851 117 850 117 839 121 829 126 794 126 752 126 747 123 736 119 736 119 735 119 734 119 717 124 716 124 711 119 710 119 709 119 708 119 576 121 575 121 563 127 547 122 546 122 545 122 544 122 517 130 512 131 505 130 462 123 461 123 460 123 460 123 451 131 450 131 448 131 411 127 410 127 369 133 370 157"/>
                        </Shape>
                        <String CONTENT=""/>
                    </TextLine>

                    <TextLine ID="line_3" HPOS="369" VPOS="153" WIDTH="580" HEIGHT="50" BASELINE="370 190 949 181" TAGREFS="TYPE_1">
                        <Shape>
                            <Polygon POINTS="370 190 370 197 416 203 417 203 451 197 485 201 485 201 486 201 487 201 495 197 560 201 561 201 611 194 666 197 667 197 722 193 751 197 752 197 753 197 753 197 759 193 790 196 791 196 792 196 804 192 851 196 851 196 906 189 925 194 926 194 927 194 928 194 949 188 949 181 947 157 852 153 851 153 851 153 850 153 850 154 844 159 843 159 842 159 827 156 827 156 784 160 772 160 771 160 765 156 764 156 763 156 728 156 728 156 694 161 687 162 684 161 674 156 674 156 673 156 623 157 622 157 612 162 609 164 606 163 594 158 593 158 563 158 562 158 524 164 513 165 503 164 466 160 465 160 465 160 444 165 440 167 369 167 370 190"/>
                        </Shape>
                        <String CONTENT=""/>
                    </TextLine>

                    <TextLine ID="line_4" HPOS="368" VPOS="186" WIDTH="579" HEIGHT="47" BASELINE="369 222 947 212" TAGREFS="TYPE_1">
                        <Shape>
                            <Polygon POINTS="369 222 369 229 407 233 408 233 459 228 465 228 468 228 487 231 488 231 510 228 514 227 520 227 547 230 548 230 549 230 559 227 562 226 947 222 947 212 946 189 897 186 897 186 844 191 825 193 823 192 817 188 816 188 815 188 814 188 759 189 739 193 732 194 727 193 705 189 704 189 703 189 703 189 697 194 695 195 687 194 657 190 656 190 655 190 637 195 633 197 559 197 551 197 514 193 513 193 512 193 511 193 511 193 506 197 506 199 394 200 393 200 382 196 381 196 380 196 379 196 368 200 369 222"/>
                        </Shape>
                        <String CONTENT=""/>
                    </TextLine>

                    <TextLine ID="line_5" HPOS="367" VPOS="218" WIDTH="580" HEIGHT="49" BASELINE="368 254 947 246" TAGREFS="TYPE_1">
                        <Shape>
                            <Polygon POINTS="368 254 369 267 385 261 406 264 407 264 485 259 623 258 633 262 633 262 634 262 684 258 703 263 707 263 707 263 711 262 728 259 747 262 749 262 750 262 751 262 752 262 762 256 783 261 784 261 785 261 887 260 888 260 888 260 888 259 897 254 946 259 947 246 944 218 921 225 848 225 840 220 839 220 839 220 838 220 837 220 835 220 815 226 707 223 670 222 670 222 669 222 665 224 654 228 621 225 603 223 602 223 601 223 597 226 591 229 562 226 540 224 539 224 539 224 530 226 525 228 517 227 502 225 502 225 460 226 459 226 458 226 456 228 452 230 367 230 368 254"/>
                        </Shape>
                        <String CONTENT=""/>
                    </TextLine>

                    <TextLine ID="line_6" HPOS="370" VPOS="250" WIDTH="577" HEIGHT="49" BASELINE="370 286 947 277" TAGREFS="TYPE_1">
                        <Shape>
                            <Polygon POINTS="370 286 370 292 383 299 384 299 385 299 432 292 462 292 472 298 473 298 473 298 474 298 506 292 526 295 526 295 527 295 528 295 528 294 532 291 558 294 559 294 583 290 736 294 737 294 778 288 795 292 796 292 797 292 881 292 882 292 896 285 930 288 930 288 931 288 947 283 947 277 946 258 915 250 914 250 913 250 885 259 853 259 848 254 847 254 847 254 846 254 777 259 710 254 709 254 654 255 654 255 633 261 580 255 579 255 578 255 577 255 567 263 475 257 474 257 370 266 370 286"/>
                        </Shape>
                        <String CONTENT=""/>
                    </TextLine>

                    <TextLine ID="line_7" HPOS="369" VPOS="283" WIDTH="579" HEIGHT="44" BASELINE="370 318 948 311" TAGREFS="TYPE_1">
                        <Shape>
                            <Polygon POINTS="370 318 370 327 690 327 690 326 691 326 691 326 693 324 699 321 739 324 753 325 754 325 760 324 777 320 811 324 818 324 819 324 823 324 845 320 946 323 948 311 946 283 903 283 902 283 900 283 866 290 845 285 844 285 843 285 818 291 646 286 629 286 628 286 600 287 600 287 599 287 599 287 592 294 460 295 436 288 435 288 434 288 433 288 428 289 391 296 382 289 382 289 381 289 380 289 369 289 370 318"/>
                        </Shape>
                        <String CONTENT=""/>
                    </TextLine>

                    <TextLine ID="line_8" HPOS="370" VPOS="316" WIDTH="578" HEIGHT="46" BASELINE="370 351 948 343" TAGREFS="TYPE_1">
                        <Shape>
                            <Polygon POINTS="370 351 370 362 476 357 485 360 497 362 497 362 498 362 499 362 506 359 511 356 559 356 563 357 570 362 571 362 572 362 591 357 598 356 611 357 652 361 653 361 654 361 667 356 669 356 724 359 725 359 726 359 727 359 732 354 733 354 734 354 761 359 761 359 800 353 888 357 889 357 948 349 948 343 946 321 908 316 907 316 906 316 888 322 887 322 884 322 847 316 847 316 846 316 833 323 831 324 829 323 818 319 818 319 817 319 816 319 798 324 797 324 794 324 778 319 777 319 777 319 755 324 753 324 750 324 727 318 726 318 725 318 724 318 711 324 709 325 704 325 661 319 660 319 633 320 633 320 618 326 618 327 542 329 515 329 502 329 493 321 493 321 492 321 491 321 490 321 472 327 466 322 465 322 465 322 427 322 427 322 370 330 370 351"/>
                        </Shape>
                        <String CONTENT=""/>
                    </TextLine>

                    <TextLine ID="line_9" HPOS="369" VPOS="349" WIDTH="579" HEIGHT="44" BASELINE="370 384 948 375" TAGREFS="TYPE_1">
                        <Shape>
                            <Polygon POINTS="370 384 370 390 481 393 481 393 503 389 507 389 512 389 550 393 551 393 551 393 552 393 559 389 618 390 619 390 620 390 629 387 633 386 666 387 759 390 760 390 947 383 948 375 945 349 927 353 909 350 909 350 887 354 881 350 880 350 880 350 879 350 878 350 868 355 846 351 841 350 840 350 835 351 811 356 794 352 789 351 788 351 658 353 646 356 629 360 506 361 499 360 482 356 481 356 481 356 480 356 473 360 472 361 469 360 451 357 450 357 411 362 404 362 403 362 391 357 390 357 390 357 389 357 369 362 370 384"/>
                        </Shape>
                        <String CONTENT=""/>
                    </TextLine>

                    <TextLine ID="line_10" HPOS="371" VPOS="382" WIDTH="578" HEIGHT="43" BASELINE="372 415 949 407" TAGREFS="TYPE_1">
                        <Shape>
                            <Polygon POINTS="372 415 372 423 563 425 563 425 693 419 707 419 711 419 755 423 756 423 837 417 844 417 851 417 931 420 932 420 933 420 949 415 949 407 946 382 921 386 909 382 907 382 906 382 905 382 905 382 903 382 894 386 872 383 871 383 870 383 869 383 858 388 841 384 835 382 835 382 834 382 833 382 829 384 818 389 802 385 802 385 801 385 800 385 790 388 786 385 785 383 784 383 783 383 782 383 773 386 754 390 702 387 657 385 656 385 655 385 649 388 646 390 641 389 632 386 631 386 630 386 629 386 629 386 624 389 621 391 615 389 605 386 604 386 604 386 552 386 551 386 551 386 551 387 546 390 544 392 526 391 460 387 459 387 458 387 436 394 434 394 371 394 372 415"/>
                        </Shape>
                        <String CONTENT=""/>
                    </TextLine>

                    <TextLine ID="line_11" HPOS="370" VPOS="415" WIDTH="580" HEIGHT="46" BASELINE="371 449 950 440" TAGREFS="TYPE_1">
                        <Shape>
                            <Polygon POINTS="371 449 371 457 389 461 390 461 390 461 406 457 409 456 498 455 502 455 528 460 529 460 558 454 560 454 561 454 572 459 572 459 573 459 633 458 634 458 635 458 641 453 667 457 668 457 669 457 679 452 719 456 720 456 720 456 739 451 740 450 799 450 801 450 837 455 838 455 866 449 923 453 924 453 950 447 950 440 949 415 899 415 898 415 897 415 897 415 896 415 890 419 848 417 828 416 827 416 827 416 826 416 824 418 817 423 795 423 790 419 788 417 787 417 786 417 786 417 776 419 757 423 753 419 750 417 749 417 748 417 748 417 713 418 699 421 684 424 671 422 657 419 656 419 655 419 654 419 654 419 651 422 648 425 580 426 576 424 567 420 566 420 565 420 564 420 549 425 544 426 538 425 513 421 512 421 511 421 510 421 510 422 506 426 504 427 475 427 467 427 425 422 424 422 423 422 423 422 423 423 419 426 409 423 408 423 407 423 407 423 395 429 370 429 371 449"/>
                        </Shape>
                        <String CONTENT=""/>
                    </TextLine>

                    <TextLine ID="line_12" HPOS="370" VPOS="446" WIDTH="580" HEIGHT="47" BASELINE="371 481 950 473" TAGREFS="TYPE_1">
                        <Shape>
                            <Polygon POINTS="371 481 371 493 410 489 420 493 421 493 422 493 423 493 423 493 430 489 577 489 659 489 660 489 661 489 670 487 678 485 714 486 773 488 774 488 775 488 788 485 793 484 800 485 827 487 828 487 829 487 830 487 834 484 835 482 950 481 950 473 947 446 813 453 786 450 776 448 775 448 774 448 769 450 756 454 751 451 749 449 748 449 748 449 747 449 746 449 739 451 726 454 704 452 681 449 680 449 679 449 673 452 668 455 659 453 646 450 645 450 644 450 643 450 639 453 636 456 592 456 578 455 544 451 543 451 543 451 542 451 534 456 532 458 517 458 515 456 510 452 510 452 510 452 509 452 508 452 507 452 495 457 494 457 491 457 467 454 466 454 465 454 465 454 460 458 460 458 456 458 392 453 391 453 390 453 370 460 371 481"/>
                        </Shape>
                        <String CONTENT=""/>
                    </TextLine>

                    <TextLine ID="line_13" HPOS="370" VPOS="477" WIDTH="580" HEIGHT="49" BASELINE="370 514 950 505" TAGREFS="TYPE_1">
                        <Shape>
                            <Polygon POINTS="370 514 370 525 395 522 409 524 421 526 422 526 423 526 428 524 435 521 440 524 443 526 444 526 444 526 445 526 493 525 493 525 494 525 497 522 502 520 547 521 619 523 620 523 621 523 628 519 630 518 643 519 670 521 670 521 671 521 681 518 687 517 698 518 725 521 726 521 753 517 759 516 766 516 814 520 815 520 816 520 835 515 846 518 847 518 847 518 913 514 935 518 936 518 937 518 950 512 950 505 947 477 923 483 897 477 894 477 893 477 893 477 891 477 867 484 851 479 851 479 850 479 849 479 848 479 839 485 779 481 777 481 777 481 775 481 724 486 718 481 717 481 716 481 716 481 695 481 695 481 694 481 687 482 673 487 654 483 642 481 641 481 612 485 568 489 534 486 504 484 503 484 486 487 472 490 465 488 456 485 456 485 419 485 419 485 418 485 417 485 410 489 407 491 397 489 380 486 379 486 378 486 370 489 370 514"/>
                        </Shape>
                        <String CONTENT=""/>
                    </TextLine>

                    <TextLine ID="line_14" HPOS="370" VPOS="511" WIDTH="580" HEIGHT="47" BASELINE="371 546 950 537" TAGREFS="TYPE_1">
                        <Shape>
                            <Polygon POINTS="371 546 371 554 422 558 423 558 441 554 442 554 471 557 472 557 473 557 488 553 489 553 493 553 526 556 526 556 634 555 635 555 636 555 640 551 641 551 654 551 685 554 686 554 745 551 792 548 950 548 950 537 949 511 909 511 908 511 907 511 906 511 905 512 894 519 859 519 849 514 846 512 845 512 844 512 817 513 816 513 815 513 814 514 807 519 800 514 798 514 797 514 796 514 781 515 738 521 683 518 634 515 633 515 633 515 619 519 609 523 548 523 543 522 530 517 529 517 528 517 503 522 502 522 500 522 457 518 456 518 456 518 434 524 431 525 428 525 403 519 403 519 402 519 401 519 391 526 390 526 370 526 371 546"/>
                        </Shape>
                        <String CONTENT=""/>
                    </TextLine>

                    <TextLine ID="line_15" HPOS="370" VPOS="550" WIDTH="580" HEIGHT="39" BASELINE="370 579 950 570" TAGREFS="TYPE_1">
                        <Shape>
                            <Polygon POINTS="756 572 748 572 740 572 732 572 724 572 716 572 707 572 699 572 691 572 683 572 675 572 667 572 659 572 651 574 643 574 635 574 627 574 619 574 611 574 603 574 595 574 587 574 579 574 571 574 563 574 555 574 547 574 539 574 530 574 522 574 514 574 506 574 498 574 490 574 482 574 474 574 466 574 458 574 450 574 442 574 434 574 426 574 418 574 410 574 402 574 394 574 386 574 378 574 370 574 370 579 370 589 518 589 518 588 519 588 524 586 527 584 544 585 579 588 580 588 629 584 654 582 663 583 685 586 686 586 687 586 700 582 705 581 708 582 717 585 718 585 719 585 720 585 732 582 734 581 751 581 842 584 843 584 843 584 851 580 852 579 853 580 860 583 861 583 862 583 928 579 936 582 937 582 938 582 938 582 950 577 950 570 948 550 773 551 773 551 772 551 767 555 758 560 756 572"/>
                        </Shape>
                        <String CONTENT=""/>
                    </TextLine>

                    <TextLine ID="line_16" HPOS="370" VPOS="575" WIDTH="580" HEIGHT="48" BASELINE="371 610 950 600" TAGREFS="TYPE_1">
                        <Shape>
                            <Polygon POINTS="371 610 371 618 378 623 379 623 380 623 381 623 429 617 456 622 456 622 526 617 601 620 602 620 603 620 604 620 613 614 659 619 660 619 692 613 851 616 852 616 950 608 950 600 947 580 932 581 930 580 921 575 921 575 920 575 919 575 918 575 902 581 899 582 889 581 845 576 844 576 800 583 794 584 793 583 783 577 782 577 781 577 781 577 780 577 758 584 755 584 738 584 613 580 613 580 584 584 502 582 501 582 500 582 499 582 493 587 467 582 466 582 465 582 465 582 453 590 396 590 387 586 386 586 386 586 385 586 370 591 371 610"/>
                        </Shape>
                        <String CONTENT=""/>
                    </TextLine>

                    <TextLine ID="line_17" HPOS="370" VPOS="605" WIDTH="582" HEIGHT="47" BASELINE="370 642 952 634" TAGREFS="TYPE_1">
                        <Shape>
                            <Polygon POINTS="370 642 370 649 543 652 544 652 588 647 601 645 604 646 608 650 609 650 609 650 610 650 666 645 683 645 689 645 711 649 711 649 712 649 713 649 718 645 720 644 724 645 732 647 732 647 733 647 820 644 861 642 867 643 887 647 888 647 888 647 889 647 895 642 903 646 904 646 905 646 952 641 952 634 950 605 906 611 883 607 881 607 880 607 880 607 860 614 842 608 841 608 836 608 784 608 783 608 782 608 778 609 767 616 730 614 727 611 724 608 724 608 723 608 722 608 679 609 678 609 677 609 677 610 674 612 669 617 654 617 571 616 512 614 511 614 495 617 484 621 428 621 425 620 402 613 401 613 400 613 399 613 386 621 385 621 370 621 370 642"/>
                        </Shape>
                        <String CONTENT=""/>
                    </TextLine>

                    <TextLine ID="line_18" HPOS="369" VPOS="643" WIDTH="583" HEIGHT="44" BASELINE="370 675 952 667" TAGREFS="TYPE_1">
                        <Shape>
                            <Polygon POINTS="370 675 370 682 382 687 383 687 384 687 385 687 386 687 391 682 423 687 424 687 425 687 426 687 434 682 435 682 440 682 543 686 543 686 565 682 588 685 588 685 589 685 599 681 603 679 609 681 620 684 621 684 621 684 638 681 643 680 661 681 712 683 713 683 728 680 741 678 775 680 796 682 797 682 798 682 798 682 800 680 804 677 821 680 823 680 824 680 825 680 826 680 835 676 855 680 862 681 863 681 864 681 864 681 865 680 872 676 878 680 880 681 881 681 882 681 894 680 934 675 950 679 952 667 950 645 777 644 777 644 759 648 757 648 750 643 749 643 748 643 718 643 717 643 674 649 673 649 661 644 660 644 659 644 613 649 583 645 582 645 581 645 572 650 571 650 567 650 521 646 520 646 496 651 489 646 489 646 488 646 487 646 486 646 469 652 467 652 466 652 452 648 451 648 450 648 449 648 448 648 444 652 443 653 369 653 370 675"/>
                        </Shape>
                        <String CONTENT=""/>
                    </TextLine>

                    <TextLine ID="line_19" HPOS="370" VPOS="676" WIDTH="474" HEIGHT="41" BASELINE="371 707 844 700" TAGREFS="TYPE_1">
                        <Shape>
                            <Polygon POINTS="765 681 757 681 748 681 740 681 740 681 736 682 731 681 724 681 716 681 708 681 700 681 692 681 687 681 679 682 676 681 668 681 660 681 652 681 644 681 636 681 628 681 620 681 612 681 604 681 601 681 599 683 593 681 588 681 580 681 572 681 563 681 527 685 522 681 521 681 520 681 519 681 493 684 489 681 483 681 480 681 474 683 459 681 459 681 451 681 450 681 444 686 385 681 384 681 383 681 370 686 371 707 371 716 580 717 580 717 581 717 595 712 599 711 604 712 622 716 623 716 624 716 633 711 634 711 637 711 644 715 645 715 646 716 682 716 682 715 683 715 683 715 683 715 688 711 690 710 697 711 730 715 731 715 732 715 732 715 738 710 740 708 843 707 844 700 842 681 781 681 768 676 765 681"/>
                        </Shape>
                        <String CONTENT=""/>
                    </TextLine>
</TextBlock>
                <TextBlock ID="block_3" HPOS="369" VPOS="713" WIDTH="584" HEIGHT="131" TAGREFS="TYPE_24">
                    <Shape>
                        <Polygon POINTS="369.21099853515625 713.5966796875 953.3128662109375 713.5966796875 953.3128662109375 844.6935424804688 369.21099853515625 844.6935424804688 369.21099853515625 713.5966796875"/>
                    </Shape>
                    <TextLine ID="line_20" HPOS="402" VPOS="703" WIDTH="549" HEIGHT="48" BASELINE="403 740 951 732" TAGREFS="TYPE_1">
                        <Shape>
                            <Polygon POINTS="403 740 403 746 446 751 447 751 517 746 524 749 525 749 526 749 526 749 534 745 535 745 545 745 611 748 612 748 613 748 621 744 624 744 639 744 675 748 676 748 708 744 724 743 951 743 951 732 950 711 916 703 915 703 914 703 894 711 893 711 889 711 849 704 848 704 847 704 827 711 822 712 801 712 798 711 788 705 787 705 786 705 748 710 736 706 735 706 734 706 733 706 732 706 732 707 728 711 724 714 703 714 698 711 691 707 690 707 689 707 688 707 675 711 665 714 651 711 636 707 635 707 618 711 607 713 597 711 588 708 587 708 586 708 585 708 578 711 565 715 402 711 403 740"/>
                        </Shape>
                        <String CONTENT=""/>
                    </TextLine>

                    <TextLine ID="line_21" HPOS="371" VPOS="739" WIDTH="580" HEIGHT="44" BASELINE="372 773 951 764" TAGREFS="TYPE_1">
                        <Shape>
                            <Polygon POINTS="372 773 372 783 951 774 951 764 949 740 858 743 855 742 848 739 847 739 847 739 810 743 790 744 786 743 778 740 777 740 777 740 720 744 687 740 686 740 685 740 684 740 684 741 680 745 679 746 674 745 659 741 658 741 658 741 609 745 592 742 592 742 591 742 582 747 580 748 580 747 576 743 575 743 574 743 529 743 528 743 527 743 526 743 519 748 517 749 468 750 435 750 434 749 424 744 423 744 423 744 371 750 372 773"/>
                        </Shape>
                        <String CONTENT=""/>
                    </TextLine>

                    <TextLine ID="line_22" HPOS="371" VPOS="769" WIDTH="583" HEIGHT="49" BASELINE="372 805 954 798" TAGREFS="TYPE_1">
                        <Shape>
                            <Polygon POINTS="372 805 372 813 421 818 422 818 423 818 435 813 436 811 563 811 565 811 616 816 617 816 617 816 635 811 644 815 645 815 646 815 679 811 714 814 715 814 716 814 716 814 724 810 725 809 728 810 741 813 742 813 743 814 888 814 888 813 889 813 890 813 898 807 901 806 952 806 954 798 951 770 913 776 903 771 900 769 899 769 898 769 882 771 855 775 838 773 824 770 823 770 823 770 818 773 810 777 795 773 786 771 785 771 784 771 777 773 766 777 733 774 702 772 701 772 700 772 689 776 677 780 659 780 654 776 649 773 648 773 647 773 646 773 583 773 561 778 549 781 537 779 524 777 523 777 511 779 500 782 446 782 444 781 438 777 437 777 436 777 436 777 435 777 424 781 421 782 415 781 383 776 382 776 382 776 371 781 372 805"/>
                        </Shape>
                        <String CONTENT=""/>
                    </TextLine>

                    <TextLine ID="line_23" HPOS="378" VPOS="811" WIDTH="194" HEIGHT="37" BASELINE="378 837 572 834" TAGREFS="TYPE_1">
                        <Shape>
                            <Polygon POINTS="378 837 378 843 390 848 391 848 392 848 393 848 394 848 399 843 405 847 406 847 407 847 441 843 444 843 448 843 521 847 522 847 572 840 572 834 571 816 548 812 547 812 526 815 522 816 520 815 516 811 515 811 514 811 514 811 487 815 473 817 460 814 443 812 442 812 429 814 413 818 378 814 378 837"/>
                        </Shape>
                        <String CONTENT=""/>
                    </TextLine>
</TextBlock>
                <TextBlock ID="block_2" HPOS="373" VPOS="846" WIDTH="582" HEIGHT="359" TAGREFS="TYPE_24">
                    <Shape>
                        <Polygon POINTS="373.278076171875 846.2383422851562 955.460205078125 846.2383422851562 955.460205078125 1205.7305908203125 373.278076171875 1205.7305908203125 373.278076171875 846.2383422851562"/>
                    </Shape>
                    <TextLine ID="line_24" HPOS="403" VPOS="831" WIDTH="551" HEIGHT="46" BASELINE="404 869 954 861" TAGREFS="TYPE_1">
                        <Shape>
                            <Polygon POINTS="404 869 404 877 839 876 839 876 855 870 857 870 860 870 888 875 888 875 889 875 899 870 936 874 937 874 938 874 954 868 954 861 951 831 892 839 870 833 864 832 814 832 814 832 813 832 802 835 783 840 750 837 722 834 721 834 720 834 720 834 714 838 712 839 711 838 703 835 703 835 702 835 701 835 694 839 687 842 644 842 638 840 624 835 623 835 622 835 621 835 621 835 613 841 611 841 512 845 475 845 475 844 462 837 461 837 460 837 460 837 417 838 416 838 415 838 403 845 404 869"/>
                        </Shape>
                        <String CONTENT=""/>
                    </TextLine>

                    <TextLine ID="line_25" HPOS="371" VPOS="866" WIDTH="582" HEIGHT="43" BASELINE="372 901 953 894" TAGREFS="TYPE_1">
                        <Shape>
                            <Polygon POINTS="372 901 372 909 952 902 953 894 950 866 934 872 893 867 890 867 889 867 888 867 888 867 871 873 851 870 850 870 759 874 729 869 726 869 725 869 724 869 724 869 715 876 692 876 682 870 681 870 680 870 679 870 679 870 677 870 664 875 653 871 651 870 650 870 650 870 649 870 646 871 627 876 584 872 573 871 572 871 572 871 569 872 559 877 548 872 547 872 546 872 545 872 544 872 543 872 543 872 537 877 519 873 513 872 512 872 498 873 478 876 456 874 437 872 436 872 436 872 435 872 435 873 433 874 427 879 407 875 399 873 399 873 371 875 372 901"/>
                        </Shape>
                        <String CONTENT=""/>
                    </TextLine>

                    <TextLine ID="line_26" HPOS="373" VPOS="899" WIDTH="580" HEIGHT="46" BASELINE="374 933 953 925" TAGREFS="TYPE_1">
                        <Shape>
                            <Polygon POINTS="374 933 374 941 419 944 419 944 444 940 446 940 448 940 466 945 467 945 468 945 497 939 499 939 500 939 510 944 511 944 512 944 561 939 641 942 641 942 664 937 691 942 692 942 728 937 885 939 886 939 887 939 904 933 953 932 953 925 951 905 920 899 919 899 918 899 917 899 911 904 802 900 801 900 774 907 725 907 716 902 716 902 715 902 627 904 603 909 576 909 569 904 568 904 567 904 567 904 488 905 463 910 436 905 435 905 373 912 374 933"/>
                        </Shape>
                        <String CONTENT=""/>
                    </TextLine>

                    <TextLine ID="line_27" HPOS="373" VPOS="932" WIDTH="580" HEIGHT="46" BASELINE="374 966 953 959" TAGREFS="TYPE_1">
                        <Shape>
                            <Polygon POINTS="374 966 374 978 567 972 677 974 683 974 684 974 685 974 696 970 880 972 882 972 883 972 909 968 951 971 953 959 951 937 902 932 901 932 856 937 855 937 843 933 843 933 842 933 798 938 771 933 770 933 769 933 753 938 714 934 713 934 712 934 694 940 684 935 683 935 655 935 654 935 654 935 637 940 617 937 616 937 579 941 567 936 566 936 565 936 564 936 563 936 555 942 518 937 517 937 516 937 500 942 438 937 437 937 436 937 436 937 428 944 391 944 381 938 380 938 379 938 378 938 378 938 378 939 373 943 374 966"/>
                        </Shape>
                        <String CONTENT=""/>
                    </TextLine>

                    <TextLine ID="line_28" HPOS="373" VPOS="966" WIDTH="580" HEIGHT="44" BASELINE="374 998 953 991" TAGREFS="TYPE_1">
                        <Shape>
                            <Polygon POINTS="374 998 374 1005 444 1010 445 1010 446 1010 463 1004 465 1004 468 1004 505 1009 506 1009 506 1009 520 1003 522 1003 523 1003 534 1007 535 1007 536 1007 598 1003 606 1003 609 1003 629 1007 629 1007 673 1002 678 1002 695 1002 855 1005 855 1005 856 1005 871 1000 906 1004 907 1004 908 1004 909 1004 913 1000 926 1003 927 1003 928 1003 952 999 953 991 951 969 923 966 922 966 921 966 921 966 921 966 917 969 914 972 847 972 843 970 835 966 834 966 833 966 798 970 786 966 785 966 784 966 783 966 773 971 764 968 763 968 762 968 761 968 761 968 757 972 755 974 724 974 722 972 715 967 714 967 713 967 667 967 666 967 666 967 654 974 651 975 604 975 604 974 596 968 596 968 595 968 594 968 538 969 537 969 518 975 516 977 476 977 476 976 460 970 459 970 458 970 426 977 426 978 373 978 374 998"/>
                        </Shape>
                        <String CONTENT=""/>
                    </TextLine>

                    <TextLine ID="line_29" HPOS="373" VPOS="997" WIDTH="580" HEIGHT="45" BASELINE="374 1030 953 1024" TAGREFS="TYPE_1">
                        <Shape>
                            <Polygon POINTS="374 1030 374 1042 445 1036 477 1040 481 1040 481 1040 482 1040 483 1040 492 1036 537 1039 539 1039 540 1039 543 1039 596 1034 608 1037 612 1039 613 1039 613 1040 662 1040 662 1039 663 1039 671 1036 681 1033 705 1036 732 1038 732 1038 733 1038 745 1035 753 1032 757 1035 763 1037 764 1037 765 1037 801 1033 821 1032 826 1033 835 1036 836 1036 837 1037 880 1037 880 1036 952 1030 953 1024 951 1003 909 997 908 997 907 997 906 997 897 1003 888 997 887 997 886 997 885 997 884 997 884 998 877 1003 857 999 856 999 820 1003 808 998 807 998 806 998 734 999 733 999 720 1005 719 1006 678 1006 677 1005 663 999 662 999 662 999 621 1005 616 1006 609 1006 564 1001 563 1001 563 1001 562 1001 555 1006 554 1007 493 1007 492 1007 487 1003 487 1002 486 1002 485 1002 464 1002 463 1002 462 1002 448 1007 444 1008 425 1007 384 1003 383 1003 382 1003 373 1007 374 1030"/>
                        </Shape>
                        <String CONTENT=""/>
                    </TextLine>

                    <TextLine ID="line_30" HPOS="373" VPOS="1031" WIDTH="581" HEIGHT="40" BASELINE="374 1063 954 1056" TAGREFS="TYPE_1">
                        <Shape>
                            <Polygon POINTS="374 1063 374 1071 953 1063 954 1056 951 1032 893 1036 880 1032 875 1031 874 1031 873 1031 872 1031 870 1032 863 1036 858 1032 856 1031 855 1031 855 1031 854 1031 853 1031 849 1032 842 1036 832 1032 826 1031 825 1031 824 1031 823 1031 823 1031 820 1032 812 1037 736 1033 707 1032 706 1032 705 1032 702 1034 693 1039 644 1035 642 1035 641 1035 641 1035 629 1040 594 1035 583 1034 582 1034 581 1034 577 1036 563 1040 540 1036 534 1035 533 1035 526 1036 501 1041 488 1036 485 1036 485 1036 440 1036 439 1036 438 1036 437 1036 437 1036 436 1037 430 1042 373 1038 374 1063"/>
                        </Shape>
                        <String CONTENT=""/>
                    </TextLine>

                    <TextLine ID="line_31" HPOS="374" VPOS="1061" WIDTH="580" HEIGHT="45" BASELINE="375 1094 954 1088" TAGREFS="TYPE_1">
                        <Shape>
                            <Polygon POINTS="375 1094 375 1102 422 1106 423 1106 423 1106 424 1106 429 1102 444 1106 444 1106 445 1106 446 1106 461 1101 462 1101 464 1101 491 1106 492 1106 493 1106 493 1106 498 1101 506 1104 507 1104 508 1104 509 1104 518 1100 520 1099 619 1099 620 1099 627 1104 628 1104 629 1104 629 1105 663 1105 663 1104 664 1104 665 1104 674 1098 711 1098 730 1103 731 1103 732 1103 770 1098 798 1102 799 1102 800 1102 801 1102 807 1098 832 1102 833 1102 834 1102 835 1102 843 1097 880 1102 880 1102 954 1094 954 1088 952 1066 917 1061 917 1061 887 1066 880 1067 879 1066 875 1062 874 1062 873 1062 841 1062 840 1062 839 1062 824 1066 820 1067 813 1066 790 1063 789 1063 788 1063 780 1066 776 1068 756 1066 723 1064 722 1064 698 1066 679 1069 674 1066 668 1064 667 1064 666 1064 666 1064 665 1064 662 1067 658 1069 641 1067 621 1065 621 1065 620 1065 619 1065 617 1067 613 1069 603 1067 597 1065 596 1065 596 1065 595 1065 592 1067 584 1071 549 1071 535 1067 528 1065 527 1065 526 1065 526 1065 525 1065 523 1067 517 1072 497 1072 490 1067 489 1066 489 1066 488 1066 447 1066 446 1066 445 1066 443 1067 432 1072 374 1068 375 1094"/>
                        </Shape>
                        <String CONTENT=""/>
                    </TextLine>

                    <TextLine ID="line_32" HPOS="377" VPOS="1094" WIDTH="577" HEIGHT="45" BASELINE="377 1128 954 1122" TAGREFS="TYPE_1">
                        <Shape>
                            <Polygon POINTS="377 1135 448 1139 448 1139 513 1138 514 1138 526 1135 533 1133 953 1133 954 1122 952 1101 916 1094 915 1094 914 1094 904 1100 884 1097 883 1097 882 1097 881 1097 877 1101 876 1101 874 1101 842 1095 841 1095 840 1095 827 1101 826 1101 815 1101 742 1096 741 1096 740 1096 740 1096 734 1100 707 1097 706 1097 705 1097 698 1101 693 1103 664 1103 650 1101 636 1098 635 1098 520 1098 519 1098 518 1098 515 1101 508 1105 497 1102 496 1102 495 1102 393 1106 377 1101 377 1128 377 1135"/>
                        </Shape>
                        <String CONTENT=""/>
                    </TextLine>

                    <TextLine ID="line_33" HPOS="374" VPOS="1127" WIDTH="580" HEIGHT="44" BASELINE="375 1159 954 1152" TAGREFS="TYPE_1">
                        <Shape>
                            <Polygon POINTS="375 1159 375 1171 592 1164 646 1164 659 1169 660 1169 661 1169 662 1169 662 1169 671 1163 742 1163 752 1168 753 1168 753 1168 754 1168 767 1163 804 1168 806 1168 806 1168 807 1168 808 1168 808 1167 813 1162 833 1162 860 1167 860 1167 934 1163 952 1166 954 1152 952 1131 881 1127 880 1127 880 1127 864 1131 857 1132 848 1131 831 1127 831 1127 830 1127 817 1131 808 1133 801 1131 792 1128 791 1128 790 1128 790 1128 789 1128 786 1131 783 1133 769 1131 748 1128 747 1128 746 1128 736 1131 730 1133 711 1131 688 1129 687 1129 687 1129 686 1129 683 1131 679 1134 660 1131 646 1130 646 1130 636 1131 620 1135 603 1131 592 1130 591 1130 590 1130 585 1131 576 1135 460 1133 460 1133 459 1133 445 1137 374 1133 375 1159"/>
                        </Shape>
                        <String CONTENT=""/>
                    </TextLine>

                    <TextLine ID="line_34" HPOS="376" VPOS="1160" WIDTH="579" HEIGHT="61" BASELINE="377 1192 955 1184" TAGREFS="TYPE_1">
                        <Shape>
                            <Polygon POINTS="377 1192 377 1214 403 1211 410 1216 416 1221 417 1221 418 1221 431 1221 432 1221 432 1221 445 1216 463 1208 485 1210 486 1210 487 1210 500 1206 514 1216 515 1217 516 1217 517 1217 518 1217 518 1217 519 1217 521 1216 536 1205 550 1205 599 1214 600 1214 600 1214 629 1205 644 1213 645 1213 646 1213 646 1213 675 1205 682 1211 683 1211 683 1211 684 1211 737 1210 753 1216 754 1216 755 1216 756 1216 757 1216 766 1209 800 1214 801 1214 802 1214 802 1214 823 1201 839 1201 869 1217 871 1217 872 1217 872 1217 955 1217 955 1184 953 1166 895 1166 885 1161 884 1161 884 1161 883 1161 870 1167 831 1167 808 1160 807 1160 806 1160 806 1160 788 1166 732 1161 732 1161 731 1161 716 1168 714 1168 712 1168 695 1162 695 1162 666 1162 665 1162 617 1169 606 1170 596 1169 550 1164 549 1164 548 1164 525 1170 520 1171 499 1170 434 1167 433 1167 432 1167 419 1171 418 1171 417 1171 401 1166 400 1166 399 1166 399 1166 398 1166 390 1171 388 1172 376 1172 377 1192"/>
                        </Shape>
                        <String CONTENT=""/>
                    </TextLine>
</TextBlock>
                <TextBlock ID="block_4" HPOS="900" VPOS="1198" WIDTH="53" HEIGHT="28" TAGREFS="TYPE_26">
                    <Shape>
                        <Polygon POINTS="900.7755126953125 1198.3092041015625 953.9847412109375 1198.3092041015625 953.9847412109375 1226.6846923828125 900.7755126953125 1226.6846923828125 900.7755126953125 1198.3092041015625"/>
                    </Shape>
                    <TextLine ID="line_35" HPOS="897" VPOS="1196" WIDTH="59" HEIGHT="48" BASELINE="897 1219 956 1219" TAGREFS="TYPE_1">
                        <Shape>
                            <Polygon POINTS="897 1219 897 1239 921 1244 921 1244 922 1244 956 1234 956 1219 955 1196 897 1196 897 1219"/>
                        </Shape>
                        <String CONTENT=""/>
                    </TextLine>
</TextBlock>
            </PrintSpace>
        </Page>
    </Layout>
</alto>