<?xml version="1.0" encoding="UTF-8"?>
<alto xmlns:xsi="http://www.w3.org/2001/XMLSchema-instance"
    xmlns="http://www.loc.gov/standards/alto/ns-v4#"
    xsi:schemaLocation="http://www.loc.gov/standards/alto/ns-v4# http://www.loc.gov/standards/alto/v4/alto-4-3.xsd">
    <Description>
        <MeasurementUnit>pixel</MeasurementUnit>
        <sourceImageInformation>
            <fileName>2013227.jpeg</fileName>
        </sourceImageInformation>
        <Processing ID="OCR_0">
            <processingCategory>other</processingCategory>
            <processingStepDescription>unknown</processingStepDescription>
            <processingSoftware>
                <softwareName>kraken</softwareName>
                <softwareVersion>4.3.13</softwareVersion>
            </processingSoftware>
        </Processing>
    </Description>
    <Tags>
        <OtherTag ID="TYPE_1" LABEL="DefaultLine"/>
        <OtherTag ID="TYPE_2" LABEL="TableZone"/>
        <OtherTag ID="TYPE_3" LABEL="MainZone-Other"/>
        <OtherTag ID="TYPE_4" LABEL="GraphicZone-FigDesc"/>
        <OtherTag ID="TYPE_5" LABEL="GraphicZone-Decoration"/>
        <OtherTag ID="TYPE_6" LABEL="GraphicZone-TextualContent"/>
        <OtherTag ID="TYPE_7" LABEL="DropCapitalZone"/>
        <OtherTag ID="TYPE_8" LABEL="MainZone-Sp"/>
        <OtherTag ID="TYPE_9" LABEL="MainZone-P"/>
        <OtherTag ID="TYPE_10" LABEL="MarginTextZone-Notes"/>
        <OtherTag ID="TYPE_11" LABEL="MainZone-Signature"/>
        <OtherTag ID="TYPE_12" LABEL="TitlePageZone-Index"/>
        <OtherTag ID="TYPE_13" LABEL="TableZone-Head"/>
        <OtherTag ID="TYPE_14" LABEL="NumberingZone"/>
        <OtherTag ID="TYPE_15" LABEL="GraphicZone-Part"/>
        <OtherTag ID="TYPE_16" LABEL="GraphicZone-Head"/>
        <OtherTag ID="TYPE_17" LABEL="FigureZone-FigDesc"/>
        <OtherTag ID="TYPE_18" LABEL="MainZone-P-Continued"/>
        <OtherTag ID="TYPE_19" LABEL="MainZone-List"/>
        <OtherTag ID="TYPE_20" LABEL="TitlePageZone"/>
        <OtherTag ID="TYPE_21" LABEL="GraphicZone-Maths"/>
        <OtherTag ID="TYPE_22" LABEL="FigureZone"/>
        <OtherTag ID="TYPE_23" LABEL="MainZone-Date"/>
        <OtherTag ID="TYPE_24" LABEL="GraphicZone"/>
        <OtherTag ID="TYPE_25" LABEL="AdvertisementZone"/>
        <OtherTag ID="TYPE_26" LABEL="MainZone-Lg"/>
        <OtherTag ID="TYPE_27" LABEL="QuireMarksZone"/>
        <OtherTag ID="TYPE_28" LABEL="TableZone-Continued"/>
        <OtherTag ID="TYPE_29" LABEL="MainZone-Form"/>
        <OtherTag ID="TYPE_30" LABEL="MainZone-Entry"/>
        <OtherTag ID="TYPE_31" LABEL="MarginTextZone-ManuscriptAddendum"/>
        <OtherTag ID="TYPE_32" LABEL="DigitizationArtefactZone"/>
        <OtherTag ID="TYPE_33" LABEL="MarginTextZone-Notes-Continued"/>
        <OtherTag ID="TYPE_34" LABEL="MainZone-Lg-Continued"/>
        <OtherTag ID="TYPE_35" LABEL="StampZone"/>
        <OtherTag ID="TYPE_36" LABEL="MainZone-Entry-Continued"/>
        <OtherTag ID="TYPE_37" LABEL="MainZone-List-Continued"/>
        <OtherTag ID="TYPE_38" LABEL="MainZone-Head"/>
        <OtherTag ID="TYPE_39" LABEL="MainZone-Sp-Continued"/>
        <OtherTag ID="TYPE_40" LABEL="RunningTitleZone"/>
        <OtherTag ID="TYPE_41" LABEL="FigureZone-Head"/>
        <OtherTag ID="TYPE_42" LABEL="StampZone-Sticker"/>
    </Tags>
    <Layout>
        <Page WIDTH="1000" HEIGHT="1448" PHYSICAL_IMG_NR="0" ID="page_0">
            <PrintSpace HPOS="0" VPOS="0" WIDTH="1000" HEIGHT="1448">
                <TextBlock ID="block_2" HPOS="596" VPOS="84" WIDTH="45" HEIGHT="38" TAGREFS="TYPE_14">
                    <Shape>
                        <Polygon POINTS="596.8887329101562 84.90616607666016 641.459228515625 84.90616607666016 641.459228515625 122.56676483154297 596.8887329101562 122.56676483154297 596.8887329101562 84.90616607666016"/>
                    </Shape>
                    <TextLine ID="line_0" HPOS="597" VPOS="75" WIDTH="38" HEIGHT="45" BASELINE="600 108 635 106" TAGREFS="TYPE_1">
                        <Shape>
                            <Polygon POINTS="600 108 600 120 617 114 634 115 635 106 632 75 597 76 600 108"/>
                        </Shape>
                        <String CONTENT=""/>
                    </TextLine>
</TextBlock>
                <TextBlock ID="block_4" HPOS="254" VPOS="75" WIDTH="174" HEIGHT="37" TAGREFS="TYPE_40">
                    <Shape>
                        <Polygon POINTS="254.55909729003906 75.9082260131836 428.2180480957031 75.9082260131836 428.2180480957031 112.7879638671875 254.55909729003906 112.7879638671875 254.55909729003906 75.9082260131836"/>
                    </Shape>
                    <TextLine ID="line_1" HPOS="255" VPOS="95" WIDTH="171" HEIGHT="24" BASELINE="255 102 426 102" TAGREFS="TYPE_1">
                        <Shape>
                            <Polygon POINTS="424 95 416 95 408 95 400 95 392 95 384 95 376 95 368 95 360 95 352 95 344 95 336 95 328 95 320 95 312 95 304 95 296 95 288 95 279 95 271 95 263 95 255 95 255 102 256 119 270 115 296 118 302 119 303 119 426 115 426 102 425 95 424 95"/>
                        </Shape>
                        <String CONTENT=""/>
                    </TextLine>
</TextBlock>
                <TextBlock ID="block_3" HPOS="61" VPOS="118" WIDTH="582" HEIGHT="355" TAGREFS="TYPE_18">
                    <Shape>
                        <Polygon POINTS="61.21031188964844 118.25038146972656 643.9312744140625 118.25038146972656 643.9312744140625 473.8941345214844 61.21031188964844 473.8941345214844 61.21031188964844 118.25038146972656"/>
                    </Shape>
                    <TextLine ID="line_2" HPOS="61" VPOS="113" WIDTH="580" HEIGHT="43" BASELINE="62 141 641 139" TAGREFS="TYPE_1">
                        <Shape>
                            <Polygon POINTS="62 141 62 156 96 156 97 156 98 156 105 151 128 156 129 156 130 156 131 156 141 149 185 149 209 156 209 156 210 156 231 152 256 156 258 156 259 156 259 156 277 149 341 156 349 156 349 156 353 155 392 148 411 155 412 155 413 155 415 155 449 148 585 148 595 154 596 155 596 155 597 155 598 155 641 153 641 139 641 119 625 113 624 113 623 113 622 113 603 119 580 119 573 114 572 114 572 114 571 114 551 118 543 113 543 113 542 113 541 113 506 118 491 113 490 113 489 113 489 113 488 113 479 119 450 114 449 114 448 114 448 114 440 119 326 119 320 114 320 114 319 114 296 114 296 114 295 114 294 114 294 115 288 119 161 114 160 114 160 114 159 114 159 115 152 119 127 115 127 115 126 115 111 119 104 115 103 115 102 115 69 114 69 114 68 114 67 114 67 115 61 119 62 141"/>
                        </Shape>
                        <String CONTENT=""/>
                    </TextLine>

                    <TextLine ID="line_3" HPOS="63" VPOS="147" WIDTH="578" HEIGHT="41" BASELINE="64 174 641 172" TAGREFS="TYPE_1">
                        <Shape>
                            <Polygon POINTS="64 174 64 182 94 187 95 187 147 183 160 182 218 182 220 183 224 187 225 187 226 187 226 187 249 183 252 183 254 183 262 187 263 187 263 188 352 188 352 187 353 187 361 184 367 181 424 181 428 184 431 186 432 186 432 186 433 187 460 187 460 186 461 186 462 186 465 185 471 181 512 181 515 185 517 186 518 186 518 186 519 186 520 186 526 185 539 181 639 185 641 172 638 153 562 153 559 153 529 147 528 147 527 147 526 147 519 153 518 153 518 153 483 149 482 149 481 149 470 152 456 147 456 147 455 147 454 147 453 147 444 153 410 153 382 147 381 147 380 147 352 154 350 155 334 155 334 154 327 148 327 148 326 148 325 148 325 148 213 154 196 148 195 148 144 148 144 148 143 148 121 153 106 148 105 148 104 148 103 148 90 155 63 155 64 174"/>
                        </Shape>
                        <String CONTENT=""/>
                    </TextLine>

                    <TextLine ID="line_4" HPOS="61" VPOS="178" WIDTH="579" HEIGHT="42" BASELINE="62 206 640 203" TAGREFS="TYPE_1">
                        <Shape>
                            <Polygon POINTS="62 206 62 216 109 219 110 219 127 216 144 213 148 216 151 219 152 219 152 219 153 220 189 220 189 219 209 216 234 213 244 216 249 218 250 218 251 218 251 218 256 216 264 213 269 216 269 217 270 217 271 217 271 217 280 216 308 214 321 216 335 218 336 218 337 218 343 216 352 213 365 216 372 218 373 218 374 218 376 216 382 213 495 211 638 216 640 203 638 185 549 178 548 178 547 178 547 178 547 179 540 185 531 185 493 185 493 185 485 179 484 179 483 179 466 179 465 179 465 179 464 179 456 185 456 185 403 185 400 185 359 179 358 179 358 179 347 185 345 186 279 186 277 185 263 180 262 180 210 180 209 180 209 180 198 185 195 186 166 185 112 182 111 182 111 182 100 185 98 185 98 185 94 181 93 181 92 181 91 181 61 185 62 206"/>
                        </Shape>
                        <String CONTENT=""/>
                    </TextLine>

                    <TextLine ID="line_5" HPOS="61" VPOS="209" WIDTH="580" HEIGHT="45" BASELINE="61 239 641 237" TAGREFS="TYPE_1">
                        <Shape>
                            <Polygon POINTS="61 239 61 252 137 247 144 252 145 253 146 253 147 253 148 254 189 254 189 253 193 252 215 247 222 252 222 252 223 252 251 253 251 253 252 253 253 253 254 252 263 246 296 252 300 252 301 252 302 252 303 252 316 246 359 246 367 251 367 252 368 252 369 252 370 252 377 251 426 246 442 251 444 252 445 252 446 252 451 251 476 246 498 251 499 251 500 251 501 251 503 251 542 246 559 251 560 251 561 251 562 251 564 251 591 246 600 251 600 251 601 251 602 251 640 250 641 237 638 217 552 217 551 217 543 209 543 209 542 209 518 209 517 209 516 209 502 217 502 218 480 218 479 217 471 209 470 209 469 209 469 209 468 209 454 217 453 217 451 217 426 210 425 210 406 211 405 211 404 211 398 217 396 218 367 217 366 217 355 210 354 210 339 210 338 210 337 210 337 210 329 217 328 218 294 218 292 217 284 210 283 210 283 210 263 210 263 210 262 210 261 210 254 217 252 218 250 217 238 211 238 211 237 211 211 215 192 211 191 211 190 211 189 211 183 217 180 219 160 219 155 217 143 211 142 211 126 211 125 211 124 211 123 211 117 217 115 218 92 218 88 217 78 211 77 211 76 211 75 211 61 216 61 239"/>
                        </Shape>
                        <String CONTENT=""/>
                    </TextLine>

                    <TextLine ID="line_6" HPOS="61" VPOS="243" WIDTH="579" HEIGHT="41" BASELINE="62 271 640 267" TAGREFS="TYPE_1">
                        <Shape>
                            <Polygon POINTS="62 271 63 284 77 279 88 283 89 283 90 284 106 284 136 284 136 283 137 283 138 283 144 279 185 283 196 283 197 283 224 282 292 279 324 281 349 283 350 283 351 283 356 280 361 278 420 279 494 282 495 282 521 278 531 277 543 278 576 281 577 281 578 281 579 281 584 277 586 277 607 281 608 281 639 276 640 267 638 249 530 243 529 243 528 243 527 243 521 248 412 244 411 244 374 249 359 244 358 244 358 244 357 244 338 250 256 245 255 245 195 250 134 246 133 246 132 246 111 250 89 246 88 246 61 251 62 271"/>
                        </Shape>
                        <String CONTENT=""/>
                    </TextLine>

                    <TextLine ID="line_7" HPOS="60" VPOS="273" WIDTH="582" HEIGHT="45" BASELINE="61 303 642 301" TAGREFS="TYPE_1">
                        <Shape>
                            <Polygon POINTS="61 303 61 318 148 313 153 317 154 317 155 317 156 317 201 313 223 317 224 317 225 317 240 312 251 317 252 317 253 317 279 312 295 317 296 317 296 317 415 316 415 316 430 312 512 312 518 316 518 316 519 316 520 316 521 316 534 312 566 312 572 316 573 316 574 316 575 316 604 312 641 316 642 301 640 273 601 275 600 275 587 280 555 279 550 274 549 274 548 274 523 274 522 274 522 274 521 274 512 281 465 281 456 275 454 274 453 274 452 274 437 274 436 274 436 274 435 274 433 275 427 279 421 275 419 274 419 274 418 274 417 274 416 274 411 275 399 280 387 276 381 274 380 274 379 274 369 276 348 281 325 277 321 276 320 276 316 277 292 281 286 277 283 275 283 275 282 275 281 275 280 275 279 275 277 277 271 282 255 282 251 278 250 276 249 276 248 276 247 276 246 276 246 276 244 278 241 281 201 281 193 279 181 275 181 275 180 275 127 279 102 281 95 279 76 275 75 275 74 275 74 275 60 279 61 303"/>
                        </Shape>
                        <String CONTENT=""/>
                    </TextLine>

                    <TextLine ID="line_8" HPOS="63" VPOS="308" WIDTH="580" HEIGHT="40" BASELINE="64 335 643 333" TAGREFS="TYPE_1">
                        <Shape>
                            <Polygon POINTS="64 335 64 348 642 348 643 333 642 314 631 308 630 308 629 308 629 308 613 314 559 314 551 308 551 308 550 308 528 308 527 308 526 308 526 308 521 312 481 313 472 308 471 308 470 308 450 308 449 308 430 308 429 308 428 308 422 314 421 314 415 314 350 309 349 309 308 314 303 314 302 314 294 308 293 308 292 308 292 308 262 313 239 309 238 309 238 309 229 314 225 314 158 315 151 314 127 309 126 309 125 309 124 309 117 314 115 314 63 314 64 335"/>
                        </Shape>
                        <String CONTENT=""/>
                    </TextLine>

                    <TextLine ID="line_9" HPOS="63" VPOS="342" WIDTH="579" HEIGHT="41" BASELINE="64 370 642 366" TAGREFS="TYPE_1">
                        <Shape>
                            <Polygon POINTS="64 370 64 383 91 379 364 382 373 382 374 382 374 382 411 377 516 381 519 381 520 381 521 381 546 376 559 380 559 380 560 380 604 376 641 380 642 366 640 345 366 346 363 346 344 342 343 342 342 342 333 346 332 346 330 346 300 342 300 342 299 342 298 342 292 346 290 346 202 343 201 343 201 343 188 347 186 348 63 348 64 370"/>
                        </Shape>
                        <String CONTENT=""/>
                    </TextLine>

                    <TextLine ID="line_10" HPOS="62" VPOS="374" WIDTH="579" HEIGHT="41" BASELINE="63 400 641 399" TAGREFS="TYPE_1">
                        <Shape>
                            <Polygon POINTS="513 379 510 379 505 379 497 379 489 379 481 379 473 379 465 379 456 379 448 379 440 379 432 379 424 379 419 379 416 379 408 379 400 379 392 379 384 379 376 379 368 379 360 379 353 379 349 380 335 379 328 379 320 379 312 379 304 379 296 379 288 379 279 379 271 379 263 379 255 379 247 379 239 379 231 379 223 379 215 379 210 379 201 380 198 379 191 379 183 379 175 379 167 379 159 379 153 379 147 380 136 379 135 379 127 379 119 379 111 379 102 379 94 379 86 379 78 379 70 379 62 381 63 400 63 415 107 409 114 414 115 414 115 414 116 414 142 410 148 414 148 414 149 414 150 414 151 414 163 408 202 408 211 414 212 414 213 414 213 414 240 408 260 408 271 414 272 414 273 415 345 415 348 415 348 414 349 414 349 414 358 407 378 413 378 413 379 413 421 407 441 413 442 413 443 414 469 414 469 413 469 413 470 413 477 407 498 411 499 411 500 411 501 411 506 407 538 407 559 413 560 413 561 413 607 407 616 413 617 413 617 413 618 414 640 414 641 399 640 380 621 374 621 374 620 374 513 378 513 379"/>
                        </Shape>
                        <String CONTENT=""/>
                    </TextLine>

                    <TextLine ID="line_11" HPOS="63" VPOS="404" WIDTH="578" HEIGHT="46" BASELINE="64 432 641 429" TAGREFS="TYPE_1">
                        <Shape>
                            <Polygon POINTS="64 432 64 444 82 450 83 450 84 450 85 450 99 444 100 444 193 444 195 444 206 448 207 448 208 448 209 448 209 448 215 444 217 443 237 443 238 444 242 448 243 448 244 448 245 448 289 444 304 443 309 444 335 450 336 450 368 444 374 443 376 444 384 449 385 449 386 449 386 449 410 445 432 449 433 449 524 448 525 448 535 444 536 444 546 444 626 448 627 448 628 448 641 444 641 429 639 409 587 410 585 409 582 406 581 406 580 406 580 406 541 410 534 410 530 410 502 404 502 404 501 404 500 404 500 405 494 410 493 411 418 411 413 411 359 405 358 405 317 411 314 411 312 411 267 406 266 406 233 411 213 406 212 406 211 406 191 410 96 407 95 407 63 413 64 432"/>
                        </Shape>
                        <String CONTENT=""/>
                    </TextLine>

                    <TextLine ID="line_12" HPOS="61" VPOS="437" WIDTH="257" HEIGHT="43" BASELINE="61 466 318 464" TAGREFS="TYPE_1">
                        <Shape>
                            <Polygon POINTS="61 466 61 475 129 480 130 480 131 480 131 480 138 476 204 479 205 479 205 479 218 475 275 478 276 478 277 478 287 474 302 478 303 478 304 478 304 478 318 473 318 464 316 444 248 444 232 437 231 437 230 437 192 444 176 438 175 438 174 438 142 443 103 439 102 439 61 446 61 466"/>
                        </Shape>
                        <String CONTENT=""/>
                    </TextLine>
</TextBlock>
                <TextBlock ID="block_0" HPOS="57" VPOS="471" WIDTH="587" HEIGHT="655" TAGREFS="TYPE_9">
                    <Shape>
                        <Polygon POINTS="57.007938385009766 471.8531494140625 644.9828491210938 471.8531494140625 644.9828491210938 1126.3253173828125 57.007938385009766 1126.3253173828125 57.007938385009766 471.8531494140625"/>
                    </Shape>
                    <TextLine ID="line_13" HPOS="93" VPOS="466" WIDTH="548" HEIGHT="46" BASELINE="94 498 641 495" TAGREFS="TYPE_1">
                        <Shape>
                            <Polygon POINTS="94 498 94 507 127 512 127 512 154 508 155 508 222 512 222 512 223 512 233 508 234 507 236 508 246 511 247 511 248 511 249 511 250 511 255 508 258 506 280 508 329 511 329 511 330 511 341 508 348 506 353 508 365 511 366 511 366 511 367 511 376 508 380 506 383 508 388 510 389 510 390 510 446 510 447 510 450 508 455 505 473 508 490 510 491 510 551 510 552 510 555 508 561 505 576 508 584 510 584 510 585 510 586 510 588 508 594 505 640 508 641 495 641 472 627 466 626 466 600 466 599 466 598 466 597 466 591 472 589 473 531 473 530 472 524 467 524 466 523 466 522 466 522 466 521 466 507 471 501 473 494 471 481 467 480 467 463 467 462 467 461 467 460 467 460 468 456 471 453 473 442 471 422 468 421 468 420 468 412 471 407 473 401 471 395 468 394 468 393 468 392 468 391 468 389 471 386 474 362 474 356 471 348 468 347 468 313 468 312 468 312 468 311 468 308 471 303 474 245 474 239 471 236 468 235 468 234 468 234 468 233 468 227 471 216 475 153 474 148 471 143 468 142 468 141 468 140 468 135 471 127 474 93 471 94 498"/>
                        </Shape>
                        <String CONTENT=""/>
                    </TextLine>

                    <TextLine ID="line_14" HPOS="60" VPOS="501" WIDTH="580" HEIGHT="43" BASELINE="61 530 640 527" TAGREFS="TYPE_1">
                        <Shape>
                            <Polygon POINTS="518 526 512 502 502 502 501 502 500 502 492 506 490 506 486 506 458 501 457 501 456 501 438 506 436 506 435 506 410 501 409 501 408 501 393 506 386 501 385 501 384 501 349 501 349 501 191 508 176 508 167 508 84 503 83 503 60 508 61 530 61 539 138 539 146 544 147 544 148 544 148 544 149 544 160 538 164 538 206 538 213 538 239 543 240 543 267 538 275 538 285 538 329 543 329 543 368 538 382 537 386 538 395 543 396 543 397 543 639 538 640 527 638 505 589 501 588 501 588 501 587 501 580 505 580 505 572 505 524 503 518 526"/>
                        </Shape>
                        <String CONTENT=""/>
                    </TextLine>

                    <TextLine ID="line_15" HPOS="58" VPOS="535" WIDTH="584" HEIGHT="41" BASELINE="59 563 642 559" TAGREFS="TYPE_1">
                        <Shape>
                            <Polygon POINTS="517 559 512 542 507 542 503 539 501 538 500 538 499 538 498 538 488 539 476 542 466 539 455 536 454 536 453 536 452 536 452 536 448 539 444 543 424 543 419 539 411 535 411 535 410 535 409 535 408 535 403 538 401 541 399 538 394 535 393 535 392 535 391 535 373 538 369 539 366 538 358 535 358 535 357 535 356 535 349 538 341 542 335 538 329 535 328 535 305 535 304 535 304 535 296 538 283 543 230 538 226 538 226 538 224 538 193 543 179 538 176 536 175 536 174 536 166 537 150 540 132 537 130 537 129 537 128 537 127 537 119 543 96 537 95 537 58 537 59 563 59 571 109 576 110 576 111 576 123 571 130 571 217 574 218 574 250 570 251 570 252 570 288 575 289 575 290 575 305 570 335 575 336 575 337 575 337 575 344 569 345 569 365 569 366 569 407 575 408 575 460 570 477 574 477 574 478 574 577 569 609 573 610 573 641 567 642 559 641 541 559 536 559 536 558 536 547 540 544 542 521 542 517 559"/>
                        </Shape>
                        <String CONTENT=""/>
                    </TextLine>

                    <TextLine ID="line_16" HPOS="57" VPOS="564" WIDTH="584" HEIGHT="43" BASELINE="58 594 641 592" TAGREFS="TYPE_1">
                        <Shape>
                            <Polygon POINTS="58 594 58 602 391 607 392 607 403 604 415 603 477 605 502 606 502 606 506 605 525 601 640 606 641 592 638 564 617 570 580 564 575 564 574 564 573 564 572 565 559 570 526 566 525 566 524 566 509 570 493 566 487 564 486 564 485 564 485 564 484 564 482 566 476 570 448 566 444 566 443 566 442 566 441 566 434 571 390 567 369 565 348 565 347 565 346 565 345 565 345 566 343 567 339 571 322 567 308 565 308 565 307 565 297 567 286 571 273 568 259 565 258 565 233 568 226 569 221 568 204 566 203 566 202 566 196 569 189 571 168 569 141 566 140 566 139 566 128 570 122 572 98 572 94 570 85 566 84 566 83 566 57 570 58 594"/>
                        </Shape>
                        <String CONTENT=""/>
                    </TextLine>

                    <TextLine ID="line_17" HPOS="61" VPOS="599" WIDTH="580" HEIGHT="41" BASELINE="62 627 641 625" TAGREFS="TYPE_1">
                        <Shape>
                            <Polygon POINTS="62 627 62 637 88 640 89 640 108 637 119 635 128 637 148 640 149 640 150 640 151 640 155 637 156 635 196 634 200 636 209 640 209 640 210 640 258 636 274 634 287 635 316 638 317 638 318 638 325 635 337 640 337 640 338 640 339 640 348 635 349 634 365 635 425 637 426 637 473 634 482 633 485 633 511 639 512 639 601 634 629 639 629 639 630 639 631 639 641 633 641 625 639 604 515 599 514 599 469 604 460 599 460 599 459 599 458 599 457 599 448 604 400 600 399 600 399 600 389 604 370 599 369 599 368 599 343 604 300 600 300 600 266 604 245 600 244 600 243 600 219 604 209 600 208 600 108 600 107 600 106 600 96 605 61 605 62 627"/>
                        </Shape>
                        <String CONTENT=""/>
                    </TextLine>

                    <TextLine ID="line_18" HPOS="57" VPOS="630" WIDTH="582" HEIGHT="43" BASELINE="57 659 639 656" TAGREFS="TYPE_1">
                        <Shape>
                            <Polygon POINTS="57 659 57 667 135 672 135 672 158 667 159 667 172 671 172 671 173 671 234 666 241 666 242 666 254 672 255 672 255 672 256 672 272 666 273 666 284 670 285 670 286 670 316 667 384 672 385 672 407 667 412 672 413 672 414 672 415 673 448 673 448 672 448 672 470 666 492 672 493 672 493 672 602 668 610 671 611 671 612 671 613 671 639 664 639 656 637 636 519 636 494 630 493 630 493 630 492 630 482 637 481 637 432 637 432 637 423 630 423 630 422 630 366 630 366 630 365 630 364 630 359 634 348 630 347 630 346 630 313 635 301 631 300 631 229 631 228 631 227 631 226 631 217 637 189 632 188 632 139 637 119 632 119 632 118 632 117 632 102 638 67 634 66 634 65 634 57 637 57 659"/>
                        </Shape>
                        <String CONTENT=""/>
                    </TextLine>

                    <TextLine ID="line_19" HPOS="57" VPOS="664" WIDTH="583" HEIGHT="41" BASELINE="58 692 640 690" TAGREFS="TYPE_1">
                        <Shape>
                            <Polygon POINTS="58 692 58 705 90 699 101 704 102 704 102 704 103 704 113 699 164 704 164 704 165 704 175 699 287 703 288 703 309 699 314 703 315 703 316 703 316 703 364 699 382 703 382 703 383 704 436 704 436 703 463 698 497 703 497 703 525 698 533 703 534 703 534 703 535 703 639 703 640 690 638 664 602 664 601 664 600 664 600 664 591 671 507 671 489 666 481 664 480 664 479 664 465 666 440 671 335 669 214 666 213 666 213 666 212 666 204 670 202 672 201 671 193 666 193 666 192 666 132 666 131 666 88 672 66 666 65 666 65 666 64 666 63 666 63 666 57 670 58 692"/>
                        </Shape>
                        <String CONTENT=""/>
                    </TextLine>

                    <TextLine ID="line_20" HPOS="60" VPOS="697" WIDTH="581" HEIGHT="39" BASELINE="60 723 641 723" TAGREFS="TYPE_1">
                        <Shape>
                            <Polygon POINTS="60 723 60 730 133 736 134 736 172 731 275 731 288 736 288 736 289 736 289 736 290 736 302 731 311 735 312 735 312 735 359 732 371 736 372 736 373 736 434 736 434 736 435 736 436 736 442 731 461 736 462 736 463 736 484 732 495 736 496 736 497 736 560 736 560 736 561 736 572 731 593 736 594 736 641 730 641 723 641 704 611 697 592 697 591 697 590 697 589 697 581 703 572 698 572 698 571 698 570 698 559 703 531 698 530 698 530 698 529 698 521 704 485 704 468 697 467 697 466 697 465 697 447 704 413 704 401 698 400 698 399 698 370 703 362 698 362 698 361 698 360 698 359 698 345 704 272 704 259 697 259 697 195 697 194 697 193 697 176 703 168 698 168 698 167 698 166 698 165 698 148 703 119 697 119 697 118 697 117 697 109 703 100 697 99 697 98 697 81 697 80 697 79 697 60 703 60 723"/>
                        </Shape>
                        <String CONTENT=""/>
                    </TextLine>

                    <TextLine ID="line_21" HPOS="57" VPOS="729" WIDTH="583" HEIGHT="40" BASELINE="57 756 640 756" TAGREFS="TYPE_1">
                        <Shape>
                            <Polygon POINTS="57 756 57 769 73 764 106 768 106 768 107 768 120 764 201 764 212 768 213 768 213 768 214 768 215 768 216 768 226 764 255 767 267 769 268 769 269 769 275 767 288 764 315 767 333 769 334 769 351 766 371 764 381 766 389 769 390 769 390 769 468 769 468 769 469 769 469 769 473 765 474 764 477 765 483 769 484 769 485 769 552 769 552 769 553 769 562 765 563 765 568 765 613 769 614 769 615 769 616 769 621 765 623 764 639 764 640 756 638 731 617 737 419 737 413 732 412 732 411 732 411 732 346 736 333 730 331 729 330 729 297 729 296 729 296 729 295 729 283 736 263 736 243 729 242 729 242 729 241 729 236 729 200 733 195 729 194 729 193 729 160 729 159 729 158 729 138 736 112 729 111 729 111 729 110 729 97 733 57 729 57 756"/>
                        </Shape>
                        <String CONTENT=""/>
                    </TextLine>

                    <TextLine ID="line_22" HPOS="57" VPOS="761" WIDTH="581" HEIGHT="37" BASELINE="57 788 638 786" TAGREFS="TYPE_1">
                        <Shape>
                            <Polygon POINTS="57 788 57 797 637 798 638 786 637 769 599 769 586 761 585 761 584 761 584 761 497 769 479 761 478 761 477 761 444 768 427 761 426 761 394 761 393 761 392 761 391 761 382 769 363 765 362 765 331 769 329 769 328 769 288 762 287 762 236 769 234 769 234 769 178 762 177 762 176 762 176 762 166 769 121 763 120 763 119 763 105 769 89 762 88 762 87 762 57 769 57 788"/>
                        </Shape>
                        <String CONTENT=""/>
                    </TextLine>

                    <TextLine ID="line_23" HPOS="56" VPOS="793" WIDTH="583" HEIGHT="42" BASELINE="56 821 639 821" TAGREFS="TYPE_1">
                        <Shape>
                            <Polygon POINTS="56 821 56 831 117 828 138 831 153 834 154 834 155 834 156 834 156 833 158 831 161 828 167 831 172 834 173 834 174 834 175 834 176 834 179 831 184 828 205 831 223 834 224 834 240 831 256 828 265 830 271 833 272 833 273 833 285 830 299 828 441 828 449 830 463 834 464 834 465 835 603 835 603 834 639 829 639 821 639 797 603 793 602 793 601 793 600 793 597 797 592 801 567 801 563 797 559 794 559 794 558 794 557 794 556 794 551 797 548 798 540 797 519 793 518 793 493 798 477 800 471 798 460 793 460 793 459 793 458 793 457 793 452 798 448 801 376 801 373 798 366 793 365 793 364 793 363 793 336 798 326 801 277 801 272 799 253 793 252 793 251 793 251 793 250 793 242 799 242 800 241 799 230 793 229 793 201 793 200 793 199 793 188 800 187 800 151 800 150 800 143 793 142 793 141 793 140 793 139 793 127 798 121 793 120 793 119 793 76 793 75 793 74 793 56 800 56 821"/>
                        </Shape>
                        <String CONTENT=""/>
                    </TextLine>

                    <TextLine ID="line_24" HPOS="57" VPOS="828" WIDTH="581" HEIGHT="40" BASELINE="57 853 638 853" TAGREFS="TYPE_1">
                        <Shape>
                            <Polygon POINTS="57 853 57 866 178 863 182 866 185 867 185 867 186 867 187 868 248 868 248 867 249 867 255 865 259 863 265 865 275 867 276 867 277 867 294 865 304 863 307 865 313 867 314 867 315 868 381 868 381 867 382 867 388 864 390 863 393 864 403 867 404 867 405 867 442 864 449 863 451 864 455 867 456 867 456 867 457 868 514 868 514 867 514 867 515 867 521 863 525 867 526 867 526 867 527 868 626 868 626 867 627 867 638 863 638 853 637 834 581 834 580 833 574 828 573 828 572 828 572 828 571 828 559 833 554 835 548 832 543 830 542 830 541 830 540 830 539 830 537 832 534 835 497 835 491 832 488 830 487 830 486 830 446 831 342 835 321 830 310 828 239 828 238 828 238 828 234 830 224 834 218 829 217 828 216 828 215 828 173 828 172 828 172 828 171 828 170 829 162 835 91 835 81 828 80 828 79 828 57 828 57 853"/>
                        </Shape>
                        <String CONTENT=""/>
                    </TextLine>

                    <TextLine ID="line_25" HPOS="55" VPOS="859" WIDTH="579" HEIGHT="41" BASELINE="56 885 634 884" TAGREFS="TYPE_1">
                        <Shape>
                            <Polygon POINTS="56 885 56 895 139 900 140 900 141 900 150 896 152 895 231 895 239 896 251 900 252 900 253 900 267 896 275 895 283 896 294 900 295 900 296 900 296 900 307 897 316 895 329 897 344 900 345 900 382 897 438 894 497 898 509 899 510 899 514 898 540 894 561 899 563 899 564 899 567 899 595 895 633 899 634 884 632 864 555 865 551 863 543 859 543 859 516 859 515 859 514 859 514 859 514 860 510 863 507 866 481 866 463 863 437 859 436 859 419 863 406 865 398 863 389 859 388 859 387 859 386 859 386 859 381 863 377 865 362 863 353 861 352 861 351 861 349 863 341 867 313 867 297 862 290 860 289 860 288 860 288 860 287 860 284 862 279 866 249 862 247 862 246 862 244 862 201 866 195 861 194 861 193 861 149 860 148 860 139 861 99 866 55 861 56 885"/>
                        </Shape>
                        <String CONTENT=""/>
                    </TextLine>

                    <TextLine ID="line_26" HPOS="56" VPOS="898" WIDTH="582" HEIGHT="35" BASELINE="57 917 638 916" TAGREFS="TYPE_1">
                        <Shape>
                            <Polygon POINTS="506 902 498 902 490 902 482 902 474 902 466 902 458 902 450 902 442 902 434 902 426 902 418 902 410 902 402 902 394 902 386 902 378 902 370 902 362 902 353 902 345 902 337 902 329 902 321 902 313 902 305 902 297 902 289 902 281 902 273 902 265 902 257 902 249 902 241 902 233 902 225 902 217 902 209 902 201 902 193 902 185 902 176 902 168 902 160 902 152 902 144 902 136 902 128 902 120 902 112 902 104 902 96 902 88 902 80 902 72 902 64 902 56 902 57 917 57 930 116 933 117 933 118 933 119 933 123 930 128 927 160 927 176 929 197 933 197 933 224 929 239 927 250 929 270 933 271 933 271 933 279 929 280 929 312 932 312 932 313 932 314 932 320 928 322 926 372 926 379 928 401 932 402 932 434 927 440 926 440 927 447 932 448 932 448 932 449 933 582 933 582 932 583 932 584 932 591 926 611 931 612 931 613 931 638 925 638 916 637 898 508 898 506 902"/>
                        </Shape>
                        <String CONTENT=""/>
                    </TextLine>

                    <TextLine ID="line_27" HPOS="57" VPOS="925" WIDTH="580" HEIGHT="41" BASELINE="57 950 637 950" TAGREFS="TYPE_1">
                        <Shape>
                            <Polygon POINTS="57 966 95 966 95 965 96 965 97 965 110 960 181 960 190 964 191 964 192 964 193 964 203 964 259 961 267 963 271 965 272 965 273 965 274 965 279 963 285 960 288 963 291 965 292 965 292 965 293 965 316 962 345 960 366 960 369 962 372 965 373 965 374 965 374 965 411 962 425 961 441 962 489 964 490 964 491 964 497 961 500 960 502 961 510 965 510 965 511 966 617 966 617 965 617 965 637 959 637 950 637 931 610 925 609 925 585 930 583 931 456 931 446 929 424 925 423 925 396 929 379 930 377 928 374 925 373 925 372 925 310 925 309 925 308 925 303 928 296 930 274 927 264 926 263 926 263 926 262 926 261 927 255 931 193 931 172 926 167 925 166 925 165 925 164 925 164 926 158 930 92 926 91 926 73 930 57 925 57 950 57 966"/>
                        </Shape>
                        <String CONTENT=""/>
                    </TextLine>

                    <TextLine ID="line_28" HPOS="56" VPOS="957" WIDTH="581" HEIGHT="40" BASELINE="57 983 637 981" TAGREFS="TYPE_1">
                        <Shape>
                            <Polygon POINTS="57 983 57 993 90 997 90 997 143 993 147 993 153 997 154 997 155 997 156 997 156 997 164 993 165 993 185 996 186 996 304 992 314 992 315 992 324 996 325 996 325 996 326 996 343 992 355 996 356 996 357 996 384 992 390 996 390 996 391 996 392 997 443 997 443 996 510 992 626 995 627 995 628 995 637 991 637 981 635 962 546 962 546 962 537 958 536 958 535 958 509 962 507 962 506 962 478 957 477 957 452 962 450 962 448 962 422 957 421 957 420 957 409 962 406 962 376 962 312 958 311 958 310 958 304 961 301 962 299 961 294 958 293 958 292 958 292 958 291 958 283 961 281 962 221 962 219 961 214 958 213 958 213 958 212 958 56 960 57 983"/>
                        </Shape>
                        <String CONTENT=""/>
                    </TextLine>

                    <TextLine ID="line_29" HPOS="58" VPOS="987" WIDTH="579" HEIGHT="41" BASELINE="59 1013 637 1015" TAGREFS="TYPE_1">
                        <Shape>
                            <Polygon POINTS="58 1027 636 1028 637 1015 637 995 504 989 503 989 502 989 492 992 487 995 386 995 360 991 336 988 335 988 290 990 223 993 201 989 196 988 195 988 194 988 193 988 193 989 186 994 150 994 123 988 122 988 121 988 120 988 106 993 98 988 98 988 97 988 96 988 72 993 60 987 59 1013 58 1027"/>
                        </Shape>
                        <String CONTENT=""/>
                    </TextLine>

                    <TextLine ID="line_30" HPOS="57" VPOS="1020" WIDTH="579" HEIGHT="38" BASELINE="58 1048 636 1044" TAGREFS="TYPE_1">
                        <Shape>
                            <Polygon POINTS="58 1048 58 1058 635 1057 636 1044 634 1024 538 1020 537 1020 536 1020 535 1020 530 1024 520 1024 478 1025 356 1025 355 1024 349 1020 348 1020 347 1020 346 1020 308 1024 298 1025 283 1024 235 1021 234 1021 202 1024 187 1026 177 1024 161 1022 160 1022 57 1024 58 1048"/>
                        </Shape>
                        <String CONTENT=""/>
                    </TextLine>

                    <TextLine ID="line_31" HPOS="57" VPOS="1053" WIDTH="579" HEIGHT="41" BASELINE="57 1080 636 1080" TAGREFS="TYPE_1">
                        <Shape>
                            <Polygon POINTS="57 1080 57 1090 94 1094 94 1094 119 1090 123 1090 127 1090 170 1094 171 1094 196 1091 203 1090 205 1091 213 1094 213 1094 214 1094 241 1091 252 1090 257 1092 266 1094 267 1094 267 1094 282 1092 292 1090 635 1094 636 1080 636 1059 609 1053 568 1053 567 1053 567 1053 566 1053 559 1058 559 1058 555 1057 526 1053 525 1053 524 1053 513 1057 510 1058 508 1057 498 1053 497 1053 455 1053 454 1053 453 1053 446 1057 442 1059 421 1059 412 1056 399 1053 398 1053 397 1053 366 1056 348 1057 336 1055 320 1053 320 1053 319 1053 314 1055 308 1059 244 1059 213 1054 201 1053 200 1053 199 1053 197 1053 188 1059 168 1059 150 1053 147 1053 146 1053 145 1053 144 1053 144 1053 143 1053 135 1059 108 1059 57 1053 57 1080"/>
                        </Shape>
                        <String CONTENT=""/>
                    </TextLine>

                    <TextLine ID="line_32" HPOS="57" VPOS="1085" WIDTH="293" HEIGHT="39" BASELINE="57 1113 350 1111" TAGREFS="TYPE_1">
                        <Shape>
                            <Polygon POINTS="57 1113 57 1120 186 1124 187 1124 294 1120 329 1123 329 1123 349 1118 350 1111 349 1092 305 1091 298 1085 297 1085 296 1085 296 1085 295 1085 294 1085 286 1091 229 1085 228 1085 178 1091 176 1091 172 1091 133 1086 132 1086 105 1091 102 1091 102 1091 90 1086 89 1086 88 1086 57 1090 57 1113"/>
                        </Shape>
                        <String CONTENT=""/>
                    </TextLine>
</TextBlock>
                <TextBlock ID="block_1" HPOS="57" VPOS="1121" WIDTH="580" HEIGHT="74" TAGREFS="TYPE_9">
                    <Shape>
                        <Polygon POINTS="57.67727279663086 1121.0516357421875 637.194091796875 1121.0516357421875 637.194091796875 1195.7027587890625 57.67727279663086 1195.7027587890625 57.67727279663086 1121.0516357421875"/>
                    </Shape>
                    <TextLine ID="line_33" HPOS="86" VPOS="1114" WIDTH="548" HEIGHT="46" BASELINE="87 1144 634 1147" TAGREFS="TYPE_1">
                        <Shape>
                            <Polygon POINTS="87 1144 86 1152 144 1158 144 1158 182 1154 183 1154 307 1159 308 1160 360 1160 360 1159 361 1159 362 1159 366 1155 366 1155 368 1155 380 1159 381 1159 382 1159 400 1155 407 1155 417 1155 452 1160 453 1160 454 1160 455 1160 460 1156 461 1155 467 1156 494 1160 495 1160 519 1156 530 1155 633 1157 634 1147 633 1116 541 1123 469 1117 450 1115 449 1115 437 1117 401 1123 366 1123 349 1118 341 1115 341 1115 340 1115 329 1118 308 1123 302 1118 300 1115 299 1115 298 1115 297 1115 296 1115 289 1118 278 1122 274 1118 270 1114 269 1114 268 1114 267 1114 267 1114 258 1118 247 1123 135 1123 128 1118 119 1114 119 1114 118 1114 87 1118 87 1144"/>
                        </Shape>
                        <String CONTENT=""/>
                    </TextLine>

                    <TextLine ID="line_34" HPOS="57" VPOS="1149" WIDTH="576" HEIGHT="59" BASELINE="58 1180 633 1178" TAGREFS="TYPE_1">
                        <Shape>
                            <Polygon POINTS="58 1180 58 1195 149 1193 164 1197 164 1197 165 1197 166 1198 166 1197 167 1197 168 1197 181 1193 188 1197 202 1207 203 1207 204 1207 205 1208 345 1208 345 1207 345 1207 346 1207 353 1202 375 1203 376 1203 377 1203 382 1201 399 1193 458 1202 485 1206 485 1206 486 1206 493 1203 511 1195 541 1200 542 1200 543 1200 543 1200 554 1192 604 1192 631 1205 633 1178 631 1156 601 1155 592 1149 592 1149 591 1149 590 1149 589 1149 588 1149 580 1155 579 1156 545 1156 543 1155 534 1151 534 1151 533 1151 509 1155 503 1155 501 1155 489 1149 488 1149 487 1149 486 1149 477 1154 460 1149 460 1149 459 1149 458 1149 457 1149 450 1154 448 1156 420 1156 416 1154 409 1150 408 1150 407 1150 407 1150 397 1154 393 1155 381 1153 345 1149 345 1149 344 1149 331 1153 320 1156 293 1152 273 1150 272 1150 271 1150 262 1152 246 1156 237 1152 235 1151 234 1151 234 1151 229 1152 201 1156 187 1151 182 1150 181 1150 135 1150 135 1150 134 1150 133 1150 132 1151 127 1154 57 1151 58 1180"/>
                        </Shape>
                        <String CONTENT=""/>
                    </TextLine>
</TextBlock>
            </PrintSpace>
        </Page>
    </Layout>
</alto>