<?xml version="1.0" encoding="UTF-8"?>
<alto xmlns:xsi="http://www.w3.org/2001/XMLSchema-instance"
    xmlns="http://www.loc.gov/standards/alto/ns-v4#"
    xsi:schemaLocation="http://www.loc.gov/standards/alto/ns-v4# http://www.loc.gov/standards/alto/v4/alto-4-3.xsd">
    <Description>
        <MeasurementUnit>pixel</MeasurementUnit>
        <sourceImageInformation>
            <fileName>2013226.jpeg</fileName>
        </sourceImageInformation>
        <Processing ID="OCR_0">
            <processingCategory>other</processingCategory>
            <processingStepDescription>unknown</processingStepDescription>
            <processingSoftware>
                <softwareName>kraken</softwareName>
                <softwareVersion>4.3.13</softwareVersion>
            </processingSoftware>
        </Processing>
    </Description>
    <Tags>
        <OtherTag ID="TYPE_1" LABEL="DefaultLine"/>
        <OtherTag ID="TYPE_2" LABEL="TableZone"/>
        <OtherTag ID="TYPE_3" LABEL="MainZone-Other"/>
        <OtherTag ID="TYPE_4" LABEL="GraphicZone-FigDesc"/>
        <OtherTag ID="TYPE_5" LABEL="GraphicZone-Decoration"/>
        <OtherTag ID="TYPE_6" LABEL="GraphicZone-TextualContent"/>
        <OtherTag ID="TYPE_7" LABEL="DropCapitalZone"/>
        <OtherTag ID="TYPE_8" LABEL="MainZone-Sp"/>
        <OtherTag ID="TYPE_9" LABEL="MainZone-P"/>
        <OtherTag ID="TYPE_10" LABEL="MarginTextZone-Notes"/>
        <OtherTag ID="TYPE_11" LABEL="MainZone-Signature"/>
        <OtherTag ID="TYPE_12" LABEL="TitlePageZone-Index"/>
        <OtherTag ID="TYPE_13" LABEL="TableZone-Head"/>
        <OtherTag ID="TYPE_14" LABEL="NumberingZone"/>
        <OtherTag ID="TYPE_15" LABEL="GraphicZone-Part"/>
        <OtherTag ID="TYPE_16" LABEL="GraphicZone-Head"/>
        <OtherTag ID="TYPE_17" LABEL="FigureZone-FigDesc"/>
        <OtherTag ID="TYPE_18" LABEL="MainZone-P-Continued"/>
        <OtherTag ID="TYPE_19" LABEL="MainZone-List"/>
        <OtherTag ID="TYPE_20" LABEL="TitlePageZone"/>
        <OtherTag ID="TYPE_21" LABEL="GraphicZone-Maths"/>
        <OtherTag ID="TYPE_22" LABEL="FigureZone"/>
        <OtherTag ID="TYPE_23" LABEL="MainZone-Date"/>
        <OtherTag ID="TYPE_24" LABEL="GraphicZone"/>
        <OtherTag ID="TYPE_25" LABEL="AdvertisementZone"/>
        <OtherTag ID="TYPE_26" LABEL="MainZone-Lg"/>
        <OtherTag ID="TYPE_27" LABEL="QuireMarksZone"/>
        <OtherTag ID="TYPE_28" LABEL="TableZone-Continued"/>
        <OtherTag ID="TYPE_29" LABEL="MainZone-Form"/>
        <OtherTag ID="TYPE_30" LABEL="MainZone-Entry"/>
        <OtherTag ID="TYPE_31" LABEL="MarginTextZone-ManuscriptAddendum"/>
        <OtherTag ID="TYPE_32" LABEL="DigitizationArtefactZone"/>
        <OtherTag ID="TYPE_33" LABEL="MarginTextZone-Notes-Continued"/>
        <OtherTag ID="TYPE_34" LABEL="MainZone-Lg-Continued"/>
        <OtherTag ID="TYPE_35" LABEL="StampZone"/>
        <OtherTag ID="TYPE_36" LABEL="MainZone-Entry-Continued"/>
        <OtherTag ID="TYPE_37" LABEL="MainZone-List-Continued"/>
        <OtherTag ID="TYPE_38" LABEL="MainZone-Head"/>
        <OtherTag ID="TYPE_39" LABEL="MainZone-Sp-Continued"/>
        <OtherTag ID="TYPE_40" LABEL="RunningTitleZone"/>
        <OtherTag ID="TYPE_41" LABEL="FigureZone-Head"/>
        <OtherTag ID="TYPE_42" LABEL="StampZone-Sticker"/>
    </Tags>
    <Layout>
        <Page WIDTH="1000" HEIGHT="1448" PHYSICAL_IMG_NR="0" ID="page_0">
            <PrintSpace HPOS="0" VPOS="0" WIDTH="1000" HEIGHT="1448">
                <TextBlock ID="block_1" HPOS="386" VPOS="73" WIDTH="46" HEIGHT="32" TAGREFS="TYPE_14">
                    <Shape>
                        <Polygon POINTS="386.5926208496094 73.187255859375 432.5267333984375 73.187255859375 432.5267333984375 105.83393859863281 386.5926208496094 105.83393859863281 386.5926208496094 73.187255859375"/>
                    </Shape>
                    <TextLine ID="line_0" HPOS="387" VPOS="90" WIDTH="54" HEIGHT="21" BASELINE="388 94 441 93" TAGREFS="TYPE_1">
                        <Shape>
                            <Polygon POINTS="436 90 427 90 419 90 411 90 403 90 395 90 387 90 388 94 388 111 440 100 441 93 440 90 436 90"/>
                        </Shape>
                        <String CONTENT=""/>
                    </TextLine>
</TextBlock>
                <TextBlock ID="block_5" HPOS="493" VPOS="65" WIDTH="366" HEIGHT="37" TAGREFS="TYPE_40">
                    <Shape>
                        <Polygon POINTS="493.7320861816406 65.98622131347656 859.9783325195312 65.98622131347656 859.9783325195312 102.9124526977539 493.7320861816406 102.9124526977539 493.7320861816406 65.98622131347656"/>
                    </Shape>
                    <TextLine ID="line_1" HPOS="489" VPOS="72" WIDTH="371" HEIGHT="34" BASELINE="490 93 860 91" TAGREFS="TYPE_1">
                        <Shape>
                            <Polygon POINTS="771 89 763 90 755 90 747 90 739 90 731 90 723 90 715 90 707 90 699 90 691 90 683 90 674 90 666 90 658 90 650 90 642 90 634 90 626 90 618 90 610 90 602 90 594 90 586 90 578 90 570 90 562 90 554 90 546 90 538 90 530 90 522 90 514 90 506 90 497 90 489 90 490 93 490 98 506 103 506 103 507 103 508 103 521 98 522 98 533 103 534 103 534 103 535 103 544 99 547 98 567 99 613 103 614 103 615 103 622 100 628 98 633 101 641 105 642 105 643 106 674 106 674 105 689 102 710 97 733 102 742 104 743 104 752 102 781 97 805 103 807 104 808 104 809 105 859 105 860 91 858 72 783 72 782 72 781 72 781 72 781 73 779 74 771 81 771 89"/>
                        </Shape>
                        <String CONTENT=""/>
                    </TextLine>
</TextBlock>
                <TextBlock ID="block_2" HPOS="382" VPOS="112" WIDTH="578" HEIGHT="263" TAGREFS="TYPE_18">
                    <Shape>
                        <Polygon POINTS="382.1841735839844 112.19828796386719 960.6467895507812 112.19828796386719 960.6467895507812 375.6148376464844 382.1841735839844 375.6148376464844 382.1841735839844 112.19828796386719"/>
                    </Shape>
                    <TextLine ID="line_2" HPOS="385" VPOS="102" WIDTH="574" HEIGHT="44" BASELINE="385 131 959 134" TAGREFS="TYPE_1">
                        <Shape>
                            <Polygon POINTS="959 109 905 104 904 104 903 104 892 108 882 111 876 108 868 104 868 104 788 104 787 104 786 104 779 107 769 111 755 106 743 103 742 103 741 103 710 106 673 111 661 106 654 103 653 103 652 103 651 103 650 103 646 106 638 111 622 111 613 106 607 103 606 103 605 103 592 106 570 110 562 106 558 103 557 103 556 103 555 103 548 105 539 108 535 105 532 102 531 102 530 102 515 102 514 102 514 102 509 105 499 110 476 105 472 104 471 104 470 104 469 104 469 105 462 111 399 111 386 104 385 131 385 142 506 139 526 142 541 143 542 143 557 142 575 139 578 142 580 144 581 144 582 144 583 144 598 142 607 140 634 142 686 144 687 144 705 141 712 140 716 141 722 144 723 144 724 144 724 144 734 141 737 140 740 141 748 144 749 144 750 144 866 141 872 141 880 145 881 145 882 146 930 146 930 145 958 140 959 134 959 109"/>
                        </Shape>
                        <String CONTENT=""/>
                    </TextLine>

                    <TextLine ID="line_3" HPOS="382" VPOS="139" WIDTH="577" HEIGHT="42" BASELINE="383 164 959 166" TAGREFS="TYPE_1">
                        <Shape>
                            <Polygon POINTS="383 164 382 171 447 172 456 179 457 179 458 179 459 179 494 172 559 178 560 178 561 178 580 173 588 180 588 180 589 180 590 180 591 180 612 174 688 180 689 180 690 180 709 173 728 180 728 180 729 180 730 180 741 174 769 181 769 181 770 181 771 181 779 174 808 181 809 181 843 181 843 181 843 181 844 181 854 174 864 181 864 181 865 181 866 181 958 173 959 166 958 146 788 140 787 140 786 140 786 140 780 145 779 145 776 145 745 139 744 139 744 139 728 144 714 139 713 139 712 139 605 144 591 144 585 144 544 139 543 139 507 143 506 143 505 143 488 139 487 139 486 139 485 139 469 143 433 139 432 139 432 139 431 139 425 143 383 143 383 164"/>
                        </Shape>
                        <String CONTENT=""/>
                    </TextLine>

                    <TextLine ID="line_4" HPOS="381" VPOS="170" WIDTH="577" HEIGHT="42" BASELINE="382 197 958 199" TAGREFS="TYPE_1">
                        <Shape>
                            <Polygon POINTS="382 197 381 208 956 212 958 199 958 178 939 173 938 173 938 173 937 173 928 177 928 178 869 178 869 177 863 172 863 172 862 172 861 172 860 172 837 177 835 177 729 177 729 176 721 171 720 171 720 171 719 171 718 171 703 176 674 172 673 172 637 176 635 176 634 176 618 171 617 171 617 171 616 171 596 176 595 176 587 171 586 171 585 171 584 171 551 176 542 170 541 170 540 170 478 170 477 170 477 170 462 176 456 171 456 170 456 170 455 170 402 170 401 170 400 170 382 175 382 197"/>
                        </Shape>
                        <String CONTENT=""/>
                    </TextLine>

                    <TextLine ID="line_5" HPOS="382" VPOS="205" WIDTH="575" HEIGHT="39" BASELINE="382 229 957 230" TAGREFS="TYPE_1">
                        <Shape>
                            <Polygon POINTS="382 229 382 235 428 242 429 242 469 237 575 237 588 241 589 241 590 241 613 237 624 242 625 242 625 242 654 239 679 243 679 243 680 243 695 238 723 243 724 244 812 244 812 243 813 243 832 238 833 238 835 238 881 242 882 242 910 238 913 238 913 238 921 242 921 242 922 242 923 242 956 238 957 230 957 211 940 205 939 205 938 205 900 210 899 210 855 205 854 205 814 209 794 206 794 206 793 206 792 206 788 210 787 210 781 210 724 205 724 205 651 209 645 209 643 209 622 205 590 205 589 205 588 205 588 205 581 209 580 210 545 210 543 209 539 205 538 205 537 205 536 205 535 205 519 209 516 209 382 209 382 229"/>
                        </Shape>
                        <String CONTENT=""/>
                    </TextLine>

                    <TextLine ID="line_6" HPOS="382" VPOS="234" WIDTH="576" HEIGHT="43" BASELINE="382 262 958 263" TAGREFS="TYPE_1">
                        <Shape>
                            <Polygon POINTS="382 262 382 275 474 271 493 275 500 276 501 276 502 276 502 276 504 275 511 271 528 271 536 275 540 276 541 276 542 276 616 274 670 272 675 273 688 277 689 277 690 277 691 277 703 273 708 271 711 273 717 277 718 277 719 277 720 277 812 273 828 277 829 277 830 277 831 277 831 277 837 272 839 271 881 271 883 271 901 277 901 277 902 277 903 277 904 277 909 273 920 276 921 276 921 276 958 271 958 263 958 239 824 234 823 234 823 234 822 234 816 239 813 242 717 242 714 239 704 234 703 234 703 234 702 234 683 239 675 241 668 239 643 234 642 234 641 234 621 239 617 240 616 239 604 234 604 234 603 234 602 234 585 239 584 240 584 239 577 234 577 234 576 234 576 234 513 234 512 234 511 234 498 239 483 234 482 234 481 234 481 234 469 239 468 241 434 241 432 239 417 234 416 234 415 234 382 239 382 262"/>
                        </Shape>
                        <String CONTENT=""/>
                    </TextLine>

                    <TextLine ID="line_7" HPOS="380" VPOS="274" WIDTH="578" HEIGHT="34" BASELINE="381 292 958 296" TAGREFS="TYPE_1">
                        <Shape>
                            <Polygon POINTS="767 291 759 291 751 291 743 291 735 291 727 291 719 291 711 291 703 291 695 291 687 291 679 291 670 291 662 291 654 291 646 291 638 291 630 291 622 291 614 291 606 291 598 291 590 291 582 291 574 291 566 291 558 291 550 291 542 291 534 291 526 291 518 291 510 291 502 291 493 291 485 291 477 291 469 291 461 291 453 291 445 291 437 291 429 291 421 291 413 291 405 291 397 291 389 291 381 291 381 292 380 300 403 305 403 305 519 302 532 306 533 306 534 306 800 304 814 308 814 308 815 308 958 304 958 296 958 275 820 275 819 275 818 275 818 275 814 278 811 279 803 278 777 274 777 274 776 274 775 274 768 277 767 291"/>
                        </Shape>
                        <String CONTENT=""/>
                    </TextLine>

                    <TextLine ID="line_8" HPOS="379" VPOS="300" WIDTH="580" HEIGHT="42" BASELINE="379 326 959 326" TAGREFS="TYPE_1">
                        <Shape>
                            <Polygon POINTS="379 326 380 341 396 337 409 341 410 341 411 341 411 341 413 341 434 337 452 341 455 341 456 341 456 341 457 341 459 341 468 337 506 337 511 341 512 341 513 341 514 341 514 342 586 342 586 341 587 341 588 341 589 340 593 337 636 339 687 341 688 341 689 341 690 341 692 339 695 337 702 338 710 341 711 341 711 341 712 341 717 338 721 337 741 338 777 341 778 341 865 337 880 337 881 337 893 341 893 341 894 342 934 342 934 341 959 336 959 326 959 304 943 300 942 300 942 300 941 300 927 304 921 307 836 307 831 304 822 300 821 300 820 300 819 300 818 300 814 304 811 307 795 307 784 304 770 300 769 300 769 300 768 300 768 301 765 304 761 307 718 307 713 303 711 300 710 300 709 300 646 300 646 300 645 300 641 302 634 306 613 302 606 301 605 301 600 302 580 306 541 302 540 302 510 306 503 301 502 300 502 300 501 300 444 300 443 300 442 300 441 300 434 307 413 307 379 300 379 326"/>
                        </Shape>
                        <String CONTENT=""/>
                    </TextLine>

                    <TextLine ID="line_9" HPOS="382" VPOS="332" WIDTH="576" HEIGHT="38" BASELINE="382 357 958 360" TAGREFS="TYPE_1">
                        <Shape>
                            <Polygon POINTS="382 357 382 369 957 370 958 360 958 341 940 333 939 333 938 333 909 340 908 340 893 333 893 333 858 333 857 333 856 333 855 333 855 334 849 339 848 341 795 341 791 339 777 334 776 334 775 334 744 338 743 338 740 338 707 333 707 333 673 337 661 340 606 340 604 337 599 333 599 333 598 333 597 333 596 333 596 333 586 337 582 338 569 337 542 333 541 333 519 336 510 337 508 336 504 333 504 332 503 332 502 332 481 332 480 332 479 332 478 332 478 333 474 336 471 339 415 339 411 335 407 332 406 332 405 332 404 332 382 334 382 357"/>
                        </Shape>
                        <String CONTENT=""/>
                    </TextLine>
</TextBlock>
                <TextBlock ID="block_0" HPOS="375" VPOS="361" WIDTH="588" HEIGHT="824" TAGREFS="TYPE_9">
                    <Shape>
                        <Polygon POINTS="375.564208984375 361.1087951660156 963.2174682617188 361.1087951660156 963.2174682617188 1185.0389404296875 375.564208984375 1185.0389404296875 375.564208984375 361.1087951660156"/>
                    </Shape>
                    <TextLine ID="line_10" HPOS="413" VPOS="365" WIDTH="545" HEIGHT="42" BASELINE="413 391 958 391" TAGREFS="TYPE_1">
                        <Shape>
                            <Polygon POINTS="413 391 413 405 453 400 504 404 514 405 515 405 520 404 540 400 548 404 554 407 555 407 555 407 556 407 566 404 576 401 613 403 662 407 663 407 683 403 694 400 697 403 699 404 699 404 700 404 774 407 775 407 776 407 777 407 783 402 785 400 790 402 804 406 805 406 806 406 806 406 822 401 826 400 833 401 860 405 861 405 862 405 876 401 878 400 878 401 884 406 884 407 885 407 886 407 887 407 921 407 921 407 921 407 922 407 929 401 958 399 958 391 958 371 899 371 898 370 893 366 893 365 892 365 891 365 890 365 864 370 862 370 859 370 834 365 833 365 832 365 822 370 820 371 801 371 799 370 794 366 794 365 794 365 793 365 792 365 791 365 782 370 781 370 775 370 750 365 749 365 676 369 641 370 589 370 586 368 579 365 578 365 549 365 548 365 547 365 540 368 534 371 512 371 507 367 504 365 503 365 502 365 478 365 477 365 477 365 476 365 473 367 470 370 464 367 457 365 456 365 456 365 455 365 448 367 442 370 436 367 431 365 430 365 429 365 413 366 413 391"/>
                        </Shape>
                        <String CONTENT=""/>
                    </TextLine>

                    <TextLine ID="line_11" HPOS="378" VPOS="397" WIDTH="581" HEIGHT="41" BASELINE="378 423 959 425" TAGREFS="TYPE_1">
                        <Shape>
                            <Polygon POINTS="378 423 378 431 403 436 403 436 404 436 414 432 441 436 442 436 443 436 444 436 450 431 547 431 549 431 576 437 577 437 745 432 752 437 753 437 753 437 754 437 777 434 782 438 783 438 784 438 785 438 838 433 922 433 946 438 946 438 947 438 958 432 959 425 958 399 916 404 837 399 824 399 823 399 823 399 820 399 807 404 802 399 802 399 802 399 801 399 800 399 782 399 781 399 781 399 778 399 768 404 757 399 753 398 752 398 751 398 750 398 744 399 734 403 718 400 707 398 706 398 695 400 681 404 609 404 596 401 582 398 581 398 567 401 559 403 555 401 546 397 545 397 528 397 527 397 526 397 526 397 521 401 518 403 509 402 474 397 473 397 440 402 439 402 432 397 432 397 431 397 396 397 395 397 395 397 378 402 378 423"/>
                        </Shape>
                        <String CONTENT=""/>
                    </TextLine>

                    <TextLine ID="line_12" HPOS="378" VPOS="431" WIDTH="579" HEIGHT="37" BASELINE="379 456 957 456" TAGREFS="TYPE_1">
                        <Shape>
                            <Polygon POINTS="379 456 379 468 956 467 957 456 954 431 934 435 919 431 918 431 917 431 917 431 916 431 915 431 907 437 835 437 828 431 827 431 827 431 826 431 825 431 824 431 823 431 822 431 814 436 783 432 769 431 768 431 767 431 766 431 765 432 759 437 732 437 710 433 693 431 692 431 691 431 686 433 679 436 670 434 661 431 660 431 659 431 658 431 658 431 654 434 650 437 620 437 613 434 608 432 607 432 458 431 457 431 456 431 456 431 448 436 441 431 440 431 440 431 439 431 378 436 379 456"/>
                        </Shape>
                        <String CONTENT=""/>
                    </TextLine>

                    <TextLine ID="line_13" HPOS="378" VPOS="461" WIDTH="580" HEIGHT="40" BASELINE="379 487 958 489" TAGREFS="TYPE_1">
                        <Shape>
                            <Polygon POINTS="379 487 378 495 389 500 390 500 390 500 666 497 675 501 676 501 677 501 958 497 958 489 957 468 934 468 932 467 927 463 926 463 925 463 925 463 924 463 909 467 904 468 818 468 816 466 813 463 812 463 811 463 787 463 786 463 786 463 779 465 773 468 768 465 764 464 763 464 762 464 753 465 738 468 721 464 711 463 710 463 674 464 605 467 600 464 600 463 599 463 598 463 470 462 469 462 469 462 468 462 461 467 379 461 379 487"/>
                        </Shape>
                        <String CONTENT=""/>
                    </TextLine>

                    <TextLine ID="line_14" HPOS="380" VPOS="493" WIDTH="577" HEIGHT="43" BASELINE="381 522 957 520" TAGREFS="TYPE_1">
                        <Shape>
                            <Polygon POINTS="381 522 381 536 409 531 477 531 490 536 492 536 493 536 493 536 498 536 534 531 559 535 565 536 566 536 572 535 597 530 666 534 679 535 679 535 680 535 682 534 693 530 708 534 711 535 712 535 713 535 714 535 716 534 725 531 806 534 826 534 827 534 827 534 828 534 828 534 835 530 955 533 957 520 954 499 901 500 897 499 891 494 890 494 889 494 888 494 888 494 878 499 875 501 851 501 846 499 831 493 830 493 829 493 828 493 827 493 819 499 816 501 793 501 786 499 765 493 764 493 763 493 748 499 740 501 716 499 676 495 651 495 650 495 650 495 649 495 644 499 640 501 582 501 579 499 574 495 573 495 572 495 572 495 571 495 570 495 564 499 559 502 521 502 514 499 504 495 503 495 502 495 380 498 381 522"/>
                        </Shape>
                        <String CONTENT=""/>
                    </TextLine>

                    <TextLine ID="line_15" HPOS="377" VPOS="527" WIDTH="580" HEIGHT="40" BASELINE="378 553 957 551" TAGREFS="TYPE_1">
                        <Shape>
                            <Polygon POINTS="378 553 378 562 486 566 487 566 517 563 526 562 537 563 581 567 582 567 602 563 659 567 660 567 661 567 662 567 667 563 669 562 699 561 704 563 712 567 713 567 714 567 730 563 737 562 744 563 761 567 761 567 762 567 763 567 768 563 772 561 805 561 810 563 814 567 814 567 815 567 816 567 956 563 957 551 955 534 890 534 889 534 878 528 877 528 876 528 876 528 860 534 860 534 810 530 810 530 809 530 795 534 794 534 765 527 765 527 674 528 674 528 673 528 673 529 666 534 641 528 604 528 604 528 603 528 602 528 595 534 593 535 540 535 539 534 531 528 530 528 530 528 529 528 506 534 502 534 499 534 486 528 485 528 427 528 426 528 425 528 415 534 414 534 403 528 402 528 401 528 377 533 378 553"/>
                        </Shape>
                        <String CONTENT=""/>
                    </TextLine>

                    <TextLine ID="line_16" HPOS="379" VPOS="559" WIDTH="579" HEIGHT="41" BASELINE="379 584 958 586" TAGREFS="TYPE_1">
                        <Shape>
                            <Polygon POINTS="379 584 379 596 464 595 481 596 501 599 502 599 502 599 510 596 516 595 518 596 522 599 522 599 523 599 524 600 565 600 565 599 566 599 574 596 579 595 592 596 613 599 614 599 629 596 637 595 656 596 703 600 704 600 752 596 757 596 757 596 763 600 764 600 765 600 765 600 822 600 822 600 823 600 831 596 831 596 891 596 892 596 910 600 911 600 957 595 958 586 956 563 829 565 823 563 818 560 817 560 816 560 815 560 814 560 811 563 808 565 802 563 797 560 796 560 795 560 774 563 761 564 756 563 748 560 747 560 746 560 724 563 707 565 703 563 700 560 699 560 699 560 698 560 679 563 668 564 652 563 617 560 616 560 573 563 558 564 550 563 523 559 522 559 500 563 495 564 491 563 476 559 475 559 407 559 407 559 379 563 379 584"/>
                        </Shape>
                        <String CONTENT=""/>
                    </TextLine>

                    <TextLine ID="line_17" HPOS="376" VPOS="590" WIDTH="578" HEIGHT="42" BASELINE="377 616 954 618" TAGREFS="TYPE_1">
                        <Shape>
                            <Polygon POINTS="377 616 376 623 403 629 403 629 493 625 512 629 513 629 514 629 514 629 525 625 596 630 597 630 620 625 682 629 683 629 735 625 740 630 741 630 742 630 743 630 744 630 757 626 764 631 765 631 765 631 766 631 790 626 806 631 807 631 808 632 843 632 843 631 844 631 845 631 851 626 925 631 926 631 927 631 928 631 934 626 954 626 954 618 954 598 888 597 868 592 868 592 867 592 866 592 865 592 858 597 857 598 813 598 812 597 807 592 806 592 806 592 747 591 623 591 622 591 621 591 609 596 608 596 606 596 588 592 587 592 586 592 531 596 530 596 512 590 511 590 510 590 510 590 493 595 460 590 459 590 458 590 457 590 449 596 447 596 422 592 421 592 377 595 377 616"/>
                        </Shape>
                        <String CONTENT=""/>
                    </TextLine>

                    <TextLine ID="line_18" HPOS="377" VPOS="621" WIDTH="579" HEIGHT="41" BASELINE="377 649 956 649" TAGREFS="TYPE_1">
                        <Shape>
                            <Polygon POINTS="377 649 377 657 413 662 414 662 490 658 513 662 514 662 514 662 525 658 576 662 577 662 711 662 711 662 731 658 737 662 738 662 739 662 740 662 790 658 802 662 803 662 804 662 823 658 909 662 910 662 956 657 956 649 956 629 888 629 865 621 864 621 864 621 827 629 808 629 797 621 796 621 795 621 794 621 794 621 773 628 756 621 755 621 754 621 753 621 753 621 745 626 739 621 738 621 737 621 691 621 690 621 689 621 674 627 638 621 637 621 596 626 563 621 563 621 562 621 543 628 522 621 522 621 521 621 486 626 459 621 458 621 408 628 393 621 392 621 391 621 390 621 377 627 377 649"/>
                        </Shape>
                        <String CONTENT=""/>
                    </TextLine>

                    <TextLine ID="line_19" HPOS="376" VPOS="655" WIDTH="576" HEIGHT="40" BASELINE="376 682 952 682" TAGREFS="TYPE_1">
                        <Shape>
                            <Polygon POINTS="376 682 376 691 514 691 516 691 521 695 522 695 522 695 523 695 650 695 650 695 651 695 656 692 661 691 674 693 688 695 689 695 765 695 765 695 766 695 769 694 776 691 825 694 839 695 839 695 848 694 890 691 951 695 952 682 951 659 913 661 905 659 895 657 894 657 893 657 882 659 874 661 870 659 862 655 861 655 839 655 838 655 818 659 813 661 811 659 807 656 806 656 806 656 805 656 804 656 797 659 795 660 791 659 765 655 765 655 764 655 745 660 743 660 735 660 665 655 664 655 663 655 646 660 642 662 621 662 619 660 614 656 613 656 613 656 612 656 611 656 610 656 604 660 604 662 539 662 538 661 528 655 527 655 483 655 482 655 481 655 481 655 475 661 422 661 391 655 390 655 390 655 376 661 376 682"/>
                        </Shape>
                        <String CONTENT=""/>
                    </TextLine>

                    <TextLine ID="line_20" HPOS="374" VPOS="690" WIDTH="583" HEIGHT="38" BASELINE="374 715 957 715" TAGREFS="TYPE_1">
                        <Shape>
                            <Polygon POINTS="374 715 374 724 488 723 494 724 513 728 514 728 514 728 526 724 530 723 532 724 541 728 542 728 543 728 581 728 581 728 582 728 596 724 599 723 600 724 604 728 605 728 606 728 607 728 697 728 697 728 720 724 725 723 728 724 741 728 742 728 743 728 744 728 756 724 757 723 760 724 771 728 772 728 773 728 814 724 822 723 823 724 829 728 830 728 831 728 831 728 857 724 861 723 862 724 868 728 868 728 869 728 870 728 940 728 940 728 941 728 957 723 957 715 956 690 374 690 374 715"/>
                        </Shape>
                        <String CONTENT=""/>
                    </TextLine>

                    <TextLine ID="line_21" HPOS="376" VPOS="719" WIDTH="580" HEIGHT="38" BASELINE="377 745 956 748" TAGREFS="TYPE_1">
                        <Shape>
                            <Polygon POINTS="377 745 376 754 954 757 956 748 955 721 930 721 929 721 928 721 916 728 806 728 794 722 793 722 792 722 791 722 790 722 784 727 763 720 762 720 761 720 685 726 679 721 679 721 678 721 616 720 615 720 614 720 613 720 606 727 581 727 563 719 562 719 561 719 560 719 559 719 551 725 543 720 543 720 542 720 541 720 510 725 489 719 489 719 488 719 487 719 486 719 479 726 464 726 454 719 453 719 452 719 452 719 423 725 415 719 415 719 414 719 377 719 377 745"/>
                        </Shape>
                        <String CONTENT=""/>
                    </TextLine>

                    <TextLine ID="line_22" HPOS="378" VPOS="751" WIDTH="577" HEIGHT="42" BASELINE="378 777 955 779" TAGREFS="TYPE_1">
                        <Shape>
                            <Polygon POINTS="378 785 489 791 489 791 490 791 499 787 516 792 517 792 518 792 518 792 519 792 526 788 601 792 602 793 625 793 625 792 625 792 626 792 633 787 673 792 674 792 736 788 743 793 744 793 744 793 745 793 775 793 775 793 776 793 777 793 783 788 838 788 853 793 854 793 855 793 889 793 889 793 890 793 901 788 927 793 928 793 954 787 955 779 954 760 921 760 921 759 909 752 908 752 907 752 906 752 905 752 898 758 897 759 849 759 846 757 824 752 823 752 823 752 822 752 816 757 814 760 769 760 761 756 748 752 747 752 746 752 745 752 734 756 724 759 721 756 717 752 716 752 716 752 715 752 714 752 704 756 701 756 692 756 666 752 666 752 665 752 656 755 646 759 587 759 581 754 579 752 578 752 577 752 542 752 541 752 526 753 473 758 425 752 424 752 423 752 423 752 422 752 413 756 391 756 379 751 378 777 378 785"/>
                        </Shape>
                        <String CONTENT=""/>
                    </TextLine>

                    <TextLine ID="line_23" HPOS="378" VPOS="786" WIDTH="576" HEIGHT="40" BASELINE="378 811 954 811" TAGREFS="TYPE_1">
                        <Shape>
                            <Polygon POINTS="378 811 378 820 383 825 384 825 385 825 386 825 422 819 449 824 450 824 576 819 616 825 617 825 656 819 664 819 691 819 698 825 699 825 699 825 700 825 701 825 720 820 802 823 802 823 834 819 836 819 838 819 856 825 857 825 858 826 905 826 905 825 906 825 917 819 918 819 930 825 931 825 932 825 954 819 954 811 954 790 949 787 948 787 947 787 946 787 913 791 902 786 901 786 901 786 900 786 883 791 882 791 881 791 848 786 847 786 847 786 833 791 831 791 826 790 793 786 727 786 726 786 725 786 724 786 720 789 720 790 719 789 712 786 711 786 711 786 710 786 699 789 694 791 687 789 677 786 676 786 675 786 674 786 669 789 664 792 561 792 551 788 547 786 546 786 545 786 544 786 543 786 542 788 537 791 517 787 510 786 509 786 508 786 505 787 493 792 444 792 378 786 378 811"/>
                        </Shape>
                        <String CONTENT=""/>
                    </TextLine>

                    <TextLine ID="line_24" HPOS="377" VPOS="818" WIDTH="579" HEIGHT="38" BASELINE="378 842 956 843" TAGREFS="TYPE_1">
                        <Shape>
                            <Polygon POINTS="378 842 377 851 383 855 384 855 385 855 386 855 386 855 398 851 435 855 436 856 493 856 493 855 494 855 495 855 500 851 519 855 520 855 539 851 668 856 669 856 670 856 681 852 682 852 954 854 956 843 955 825 851 825 847 823 823 818 800 818 799 818 798 818 798 818 798 819 793 823 791 825 760 825 757 822 753 818 752 818 751 818 716 818 715 818 714 818 703 822 698 824 689 822 666 818 647 818 646 818 646 818 645 818 639 822 637 824 618 824 615 822 609 818 609 818 608 818 576 818 576 818 575 818 574 818 569 822 565 824 493 824 489 821 485 818 485 818 484 818 453 818 452 818 452 818 451 818 448 820 443 824 431 824 427 820 424 818 424 818 423 818 423 818 422 818 421 818 412 820 400 823 378 820 378 842"/>
                        </Shape>
                        <String CONTENT=""/>
                    </TextLine>

                    <TextLine ID="line_25" HPOS="377" VPOS="850" WIDTH="578" HEIGHT="41" BASELINE="377 874 955 876" TAGREFS="TYPE_1">
                        <Shape>
                            <Polygon POINTS="377 874 377 887 567 883 575 886 583 889 584 889 584 890 620 890 620 889 621 889 621 889 626 886 629 884 715 884 724 885 748 889 749 889 750 889 760 885 762 884 765 884 774 890 775 890 776 891 824 891 824 890 825 890 836 884 839 884 915 890 916 890 917 890 932 884 941 890 942 890 942 890 943 890 944 890 954 884 955 876 954 855 913 851 912 851 911 851 901 855 890 857 879 855 866 851 865 851 864 851 864 851 864 852 860 855 857 858 823 858 798 855 771 851 770 851 769 851 759 855 752 857 589 857 584 855 570 850 569 850 499 850 498 850 473 855 462 850 461 850 460 850 424 854 404 850 403 850 403 850 402 850 402 851 396 855 395 855 377 855 377 874"/>
                        </Shape>
                        <String CONTENT=""/>
                    </TextLine>

                    <TextLine ID="line_26" HPOS="377" VPOS="882" WIDTH="577" HEIGHT="41" BASELINE="378 908 954 910" TAGREFS="TYPE_1">
                        <Shape>
                            <Polygon POINTS="377 914 441 915 450 920 451 920 452 920 452 920 458 917 464 921 465 921 465 921 466 921 506 916 535 916 543 921 544 921 545 921 546 921 598 917 616 922 617 922 617 922 695 917 714 922 715 922 765 923 765 923 766 923 782 917 790 923 791 923 792 923 793 923 823 917 830 923 831 923 831 923 832 923 868 917 921 923 922 923 953 917 954 910 954 891 935 884 934 884 934 884 933 884 912 890 911 890 909 890 887 884 886 884 885 884 884 884 867 889 866 889 864 889 826 884 825 884 798 888 787 890 778 888 764 884 763 884 762 884 761 884 761 884 756 888 754 889 711 889 706 887 700 883 699 883 699 883 698 883 657 886 643 887 641 886 637 883 636 883 635 883 634 883 633 883 633 883 629 885 621 890 585 890 575 884 569 882 568 882 567 882 567 882 559 884 549 888 540 884 534 882 534 882 496 882 495 882 494 882 493 882 493 883 492 884 486 889 430 889 415 882 414 882 413 882 412 882 411 882 411 882 403 889 387 889 379 882 378 908 377 914"/>
                        </Shape>
                        <String CONTENT=""/>
                    </TextLine>

                    <TextLine ID="line_27" HPOS="376" VPOS="916" WIDTH="578" HEIGHT="38" BASELINE="376 939 954 942" TAGREFS="TYPE_1">
                        <Shape>
                            <Polygon POINTS="376 939 376 948 406 947 408 948 414 951 415 951 415 951 416 951 417 951 420 948 421 947 424 948 437 953 438 953 439 953 465 948 473 947 484 948 519 953 520 953 565 949 573 954 574 954 575 954 576 954 576 954 592 950 625 954 626 954 627 954 628 954 635 948 636 948 678 948 679 948 693 954 694 954 695 954 695 954 707 948 709 948 710 948 722 954 723 954 724 954 724 954 743 948 744 948 746 948 765 954 765 954 766 954 767 954 789 949 810 954 810 954 811 954 839 949 933 954 934 954 934 954 953 948 954 942 952 917 912 923 839 918 829 917 828 917 823 918 800 922 794 918 794 917 793 917 792 917 791 917 786 918 767 923 702 923 691 919 687 917 686 917 685 917 677 919 661 922 635 919 611 917 610 917 548 920 514 921 512 920 504 916 503 916 502 916 471 921 462 921 458 921 442 916 441 916 440 916 376 921 376 939"/>
                        </Shape>
                        <String CONTENT=""/>
                    </TextLine>

                    <TextLine ID="line_28" HPOS="374" VPOS="945" WIDTH="580" HEIGHT="44" BASELINE="375 970 954 974" TAGREFS="TYPE_1">
                        <Shape>
                            <Polygon POINTS="375 970 374 979 427 984 428 984 540 982 560 987 561 987 562 987 667 983 673 987 674 987 674 987 675 987 759 983 788 987 789 987 790 987 810 983 839 983 847 988 848 988 849 988 850 989 938 989 938 988 938 988 954 983 954 974 954 947 897 954 884 954 876 948 876 947 876 947 875 947 874 947 868 947 805 953 790 948 786 946 785 946 784 946 783 946 778 948 765 953 753 948 748 946 747 946 746 946 745 946 738 948 723 954 692 954 683 949 680 947 679 947 679 947 666 949 645 952 637 949 629 946 629 946 628 946 627 946 622 949 616 952 573 952 571 950 566 946 565 946 564 946 563 946 539 950 525 952 518 950 502 945 502 945 501 945 500 945 485 950 467 945 466 945 465 945 465 945 450 950 448 951 446 950 436 946 436 946 435 946 434 946 433 946 426 950 425 951 421 950 395 946 395 946 394 946 375 950 375 970"/>
                        </Shape>
                        <String CONTENT=""/>
                    </TextLine>

                    <TextLine ID="line_29" HPOS="374" VPOS="979" WIDTH="580" HEIGHT="41" BASELINE="375 1003 954 1006" TAGREFS="TYPE_1">
                        <Shape>
                            <Polygon POINTS="375 1003 374 1012 520 1018 521 1018 547 1014 550 1014 552 1014 581 1018 582 1018 583 1018 592 1014 594 1013 597 1014 604 1017 604 1017 605 1017 636 1015 654 1013 662 1015 680 1019 681 1019 682 1019 695 1015 700 1014 748 1014 752 1016 760 1019 761 1019 761 1019 781 1016 794 1014 806 1016 831 1020 832 1020 882 1020 882 1020 883 1020 884 1020 888 1016 890 1015 896 1016 904 1019 905 1019 905 1019 953 1016 954 1006 952 983 925 987 836 983 796 981 795 981 794 981 790 983 781 986 767 983 757 981 757 981 756 981 752 983 745 987 707 987 684 983 659 980 658 980 658 980 649 983 642 986 555 986 547 983 534 980 534 980 533 980 532 980 523 983 519 985 511 983 488 979 487 979 416 984 407 984 405 984 387 979 386 979 386 979 385 979 375 983 375 1003"/>
                        </Shape>
                        <String CONTENT=""/>
                    </TextLine>

                    <TextLine ID="line_30" HPOS="376" VPOS="1011" WIDTH="578" HEIGHT="41" BASELINE="377 1035 954 1038" TAGREFS="TYPE_1">
                        <Shape>
                            <Polygon POINTS="377 1035 376 1042 401 1048 402 1048 520 1044 545 1049 546 1049 547 1049 547 1049 555 1044 593 1049 594 1049 675 1046 680 1050 681 1050 682 1050 683 1050 683 1050 695 1045 716 1050 716 1050 717 1050 757 1045 810 1051 810 1052 876 1052 876 1051 877 1051 893 1046 902 1051 903 1051 904 1052 937 1052 937 1051 938 1051 953 1045 954 1038 954 1019 938 1013 937 1013 936 1013 872 1014 850 1018 842 1020 839 1018 833 1013 832 1013 831 1013 831 1013 769 1016 736 1012 735 1012 734 1012 722 1017 718 1019 656 1019 654 1017 651 1014 650 1014 650 1014 649 1014 628 1017 621 1018 620 1017 616 1013 615 1013 614 1013 613 1013 586 1017 577 1018 572 1017 559 1012 558 1012 557 1012 534 1016 525 1018 489 1018 487 1016 480 1011 479 1011 478 1011 477 1011 477 1011 463 1016 460 1017 456 1016 430 1011 409 1011 408 1011 407 1011 407 1011 400 1016 399 1017 377 1016 377 1035"/>
                        </Shape>
                        <String CONTENT=""/>
                    </TextLine>

                    <TextLine ID="line_31" HPOS="375" VPOS="1042" WIDTH="578" HEIGHT="44" BASELINE="376 1068 953 1071" TAGREFS="TYPE_1">
                        <Shape>
                            <Polygon POINTS="376 1068 375 1076 443 1077 450 1083 451 1083 452 1083 452 1083 491 1082 492 1082 493 1082 501 1077 563 1077 578 1084 579 1084 580 1085 611 1085 611 1084 612 1084 613 1084 620 1078 670 1084 670 1084 671 1084 672 1084 679 1079 687 1085 688 1085 689 1085 690 1085 719 1079 818 1086 819 1086 879 1086 879 1086 880 1086 880 1086 889 1080 907 1086 908 1086 909 1086 909 1086 910 1086 917 1081 942 1086 942 1086 943 1086 944 1086 952 1080 953 1071 951 1045 910 1050 903 1045 902 1044 901 1044 901 1044 880 1044 879 1044 878 1044 877 1044 876 1045 869 1050 840 1046 839 1046 839 1046 838 1046 832 1050 826 1045 825 1044 824 1044 823 1044 823 1044 811 1045 778 1049 770 1045 765 1044 765 1044 738 1044 737 1044 736 1044 731 1046 722 1050 693 1050 687 1046 682 1044 681 1044 680 1044 669 1046 657 1048 643 1046 623 1043 622 1043 621 1043 621 1043 617 1046 613 1049 594 1049 588 1046 577 1043 576 1043 576 1043 575 1043 574 1043 569 1047 565 1049 548 1049 546 1047 542 1044 542 1043 541 1043 540 1043 539 1043 506 1047 496 1048 493 1047 481 1042 481 1042 449 1042 448 1042 448 1042 431 1047 428 1048 427 1047 419 1042 419 1042 418 1042 417 1042 416 1042 407 1047 405 1048 376 1048 376 1068"/>
                        </Shape>
                        <String CONTENT=""/>
                    </TextLine>

                    <TextLine ID="line_32" HPOS="377" VPOS="1076" WIDTH="576" HEIGHT="41" BASELINE="377 1099 953 1102" TAGREFS="TYPE_1">
                        <Shape>
                            <Polygon POINTS="377 1099 377 1113 496 1110 520 1113 544 1115 545 1115 558 1113 568 1110 572 1113 576 1116 577 1116 578 1116 579 1117 691 1117 691 1116 714 1112 722 1111 744 1112 828 1117 829 1117 830 1117 847 1112 847 1112 862 1117 863 1117 864 1117 864 1117 865 1117 872 1112 952 1112 953 1102 952 1082 920 1077 884 1077 883 1077 882 1077 874 1081 871 1083 748 1083 743 1081 732 1077 732 1077 731 1077 730 1077 721 1081 717 1082 707 1081 687 1077 687 1077 666 1081 654 1083 587 1083 580 1080 569 1076 568 1076 502 1076 502 1076 484 1079 472 1082 441 1082 437 1079 434 1076 433 1076 432 1076 432 1076 416 1079 403 1081 377 1079 377 1099"/>
                        </Shape>
                        <String CONTENT=""/>
                    </TextLine>

                    <TextLine ID="line_33" HPOS="377" VPOS="1107" WIDTH="576" HEIGHT="44" BASELINE="377 1133 953 1135" TAGREFS="TYPE_1">
                        <Shape>
                            <Polygon POINTS="953 1135 951 1110 771 1114 703 1109 703 1109 649 1114 623 1109 622 1109 621 1109 621 1109 615 1114 569 1114 509 1114 498 1108 497 1108 497 1108 473 1113 443 1108 442 1108 441 1108 440 1108 434 1114 392 1114 378 1107 377 1133 377 1147 505 1144 509 1147 510 1148 511 1148 512 1148 568 1149 569 1149 570 1149 579 1147 584 1145 586 1147 590 1149 591 1149 592 1149 592 1149 617 1146 627 1145 632 1146 642 1149 643 1149 644 1149 645 1149 646 1149 650 1146 653 1145 719 1145 745 1146 852 1150 853 1150 876 1146 881 1150 882 1150 883 1150 884 1151 944 1151 944 1150 945 1150 946 1150 952 1145 953 1135"/>
                        </Shape>
                        <String CONTENT=""/>
                    </TextLine>

                    <TextLine ID="line_34" HPOS="378" VPOS="1139" WIDTH="575" HEIGHT="62" BASELINE="378 1165 953 1168" TAGREFS="TYPE_1">
                        <Shape>
                            <Polygon POINTS="378 1165 378 1185 414 1183 422 1187 427 1189 427 1189 428 1189 449 1188 460 1187 464 1188 477 1192 477 1192 478 1192 479 1192 487 1188 492 1186 507 1189 522 1192 522 1192 523 1192 527 1189 537 1184 563 1191 572 1192 573 1192 583 1191 625 1184 651 1193 653 1193 654 1193 654 1193 655 1193 656 1193 664 1188 683 1190 684 1190 685 1190 686 1190 693 1184 736 1184 767 1196 777 1200 777 1200 778 1200 779 1200 786 1197 789 1196 805 1197 843 1201 843 1201 844 1201 845 1201 848 1198 856 1193 866 1199 870 1201 871 1201 872 1201 952 1201 953 1168 950 1143 934 1147 921 1143 919 1142 918 1142 917 1142 917 1142 914 1143 899 1147 865 1143 857 1142 856 1142 855 1142 855 1142 854 1143 849 1147 822 1147 813 1143 810 1141 809 1141 808 1141 791 1143 771 1145 751 1143 740 1142 740 1142 739 1142 738 1142 737 1143 733 1146 720 1143 710 1141 709 1141 674 1143 640 1145 637 1143 633 1140 632 1140 631 1140 630 1140 629 1140 617 1143 609 1145 596 1143 576 1140 576 1140 541 1143 522 1145 517 1143 506 1139 505 1139 504 1139 503 1139 489 1143 486 1144 485 1143 481 1139 481 1139 480 1139 479 1139 452 1143 445 1144 378 1144 378 1165"/>
                        </Shape>
                        <String CONTENT=""/>
                    </TextLine>
</TextBlock>
                <TextBlock ID="block_4" HPOS="914" VPOS="1176" WIDTH="41" HEIGHT="37" TAGREFS="TYPE_27">
                    <Shape>
                        <Polygon POINTS="914.2181396484375 1176.99755859375 955.2064208984375 1176.99755859375 955.2064208984375 1213.656982421875 914.2181396484375 1213.656982421875 914.2181396484375 1176.99755859375"/>
                    </Shape>
                    <TextLine ID="line_35" HPOS="916" VPOS="1175" WIDTH="36" HEIGHT="52" BASELINE="916 1201 952 1201" TAGREFS="TYPE_1">
                        <Shape>
                            <Polygon POINTS="916 1201 917 1227 952 1217 952 1201 952 1181 933 1175 932 1175 931 1175 930 1175 916 1179 916 1201"/>
                        </Shape>
                        <String CONTENT=""/>
                    </TextLine>
</TextBlock>
            </PrintSpace>
        </Page>
    </Layout>
</alto>