<?xml version="1.0" encoding="UTF-8"?>
<alto xmlns:xsi="http://www.w3.org/2001/XMLSchema-instance"
    xmlns="http://www.loc.gov/standards/alto/ns-v4#"
    xsi:schemaLocation="http://www.loc.gov/standards/alto/ns-v4# http://www.loc.gov/standards/alto/v4/alto-4-3.xsd">
    <Description>
        <MeasurementUnit>pixel</MeasurementUnit>
        <sourceImageInformation>
            <fileName>2013241.jpeg</fileName>
        </sourceImageInformation>
        <Processing ID="OCR_0">
            <processingCategory>other</processingCategory>
            <processingStepDescription>unknown</processingStepDescription>
            <processingSoftware>
                <softwareName>kraken</softwareName>
                <softwareVersion>4.3.13</softwareVersion>
            </processingSoftware>
        </Processing>
    </Description>
    <Tags>
        <OtherTag ID="TYPE_1" LABEL="DefaultLine"/>
        <OtherTag ID="TYPE_2" LABEL="TableZone"/>
        <OtherTag ID="TYPE_3" LABEL="MainZone-Other"/>
        <OtherTag ID="TYPE_4" LABEL="GraphicZone-FigDesc"/>
        <OtherTag ID="TYPE_5" LABEL="GraphicZone-Decoration"/>
        <OtherTag ID="TYPE_6" LABEL="GraphicZone-TextualContent"/>
        <OtherTag ID="TYPE_7" LABEL="DropCapitalZone"/>
        <OtherTag ID="TYPE_8" LABEL="MainZone-Sp"/>
        <OtherTag ID="TYPE_9" LABEL="MainZone-P"/>
        <OtherTag ID="TYPE_10" LABEL="MarginTextZone-Notes"/>
        <OtherTag ID="TYPE_11" LABEL="MainZone-Signature"/>
        <OtherTag ID="TYPE_12" LABEL="TitlePageZone-Index"/>
        <OtherTag ID="TYPE_13" LABEL="TableZone-Head"/>
        <OtherTag ID="TYPE_14" LABEL="NumberingZone"/>
        <OtherTag ID="TYPE_15" LABEL="GraphicZone-Part"/>
        <OtherTag ID="TYPE_16" LABEL="GraphicZone-Head"/>
        <OtherTag ID="TYPE_17" LABEL="FigureZone-FigDesc"/>
        <OtherTag ID="TYPE_18" LABEL="MainZone-P-Continued"/>
        <OtherTag ID="TYPE_19" LABEL="MainZone-List"/>
        <OtherTag ID="TYPE_20" LABEL="TitlePageZone"/>
        <OtherTag ID="TYPE_21" LABEL="GraphicZone-Maths"/>
        <OtherTag ID="TYPE_22" LABEL="FigureZone"/>
        <OtherTag ID="TYPE_23" LABEL="MainZone-Date"/>
        <OtherTag ID="TYPE_24" LABEL="GraphicZone"/>
        <OtherTag ID="TYPE_25" LABEL="AdvertisementZone"/>
        <OtherTag ID="TYPE_26" LABEL="MainZone-Lg"/>
        <OtherTag ID="TYPE_27" LABEL="QuireMarksZone"/>
        <OtherTag ID="TYPE_28" LABEL="TableZone-Continued"/>
        <OtherTag ID="TYPE_29" LABEL="MainZone-Form"/>
        <OtherTag ID="TYPE_30" LABEL="MainZone-Entry"/>
        <OtherTag ID="TYPE_31" LABEL="MarginTextZone-ManuscriptAddendum"/>
        <OtherTag ID="TYPE_32" LABEL="DigitizationArtefactZone"/>
        <OtherTag ID="TYPE_33" LABEL="MarginTextZone-Notes-Continued"/>
        <OtherTag ID="TYPE_34" LABEL="MainZone-Lg-Continued"/>
        <OtherTag ID="TYPE_35" LABEL="StampZone"/>
        <OtherTag ID="TYPE_36" LABEL="MainZone-Entry-Continued"/>
        <OtherTag ID="TYPE_37" LABEL="MainZone-List-Continued"/>
        <OtherTag ID="TYPE_38" LABEL="MainZone-Head"/>
        <OtherTag ID="TYPE_39" LABEL="MainZone-Sp-Continued"/>
        <OtherTag ID="TYPE_40" LABEL="RunningTitleZone"/>
        <OtherTag ID="TYPE_41" LABEL="FigureZone-Head"/>
        <OtherTag ID="TYPE_42" LABEL="StampZone-Sticker"/>
    </Tags>
    <Layout>
        <Page WIDTH="1000" HEIGHT="1448" PHYSICAL_IMG_NR="0" ID="page_0">
            <PrintSpace HPOS="0" VPOS="0" WIDTH="1000" HEIGHT="1448">
                <TextBlock ID="block_1" HPOS="588" VPOS="99" WIDTH="53" HEIGHT="35" TAGREFS="TYPE_14">
                    <Shape>
                        <Polygon POINTS="588.4860229492188 99.85926055908203 641.9810791015625 99.85926055908203 641.9810791015625 134.32289123535156 588.4860229492188 134.32289123535156 588.4860229492188 99.85926055908203"/>
                    </Shape>
                    <TextLine ID="line_0" HPOS="591" VPOS="88" WIDTH="43" HEIGHT="49" BASELINE="592 122 634 120" TAGREFS="TYPE_1">
                        <Shape>
                            <Polygon POINTS="592 122 592 137 634 134 634 120 632 90 591 88 592 122"/>
                        </Shape>
                        <String CONTENT=""/>
                    </TextLine>
</TextBlock>
                <TextBlock ID="block_3" HPOS="214" VPOS="86" WIDTH="184" HEIGHT="38" TAGREFS="TYPE_40">
                    <Shape>
                        <Polygon POINTS="214.965576171875 86.57682037353516 398.890380859375 86.57682037353516 398.890380859375 124.8629379272461 214.965576171875 124.8629379272461 214.965576171875 86.57682037353516"/>
                    </Shape>
                    <TextLine ID="line_1" HPOS="215" VPOS="102" WIDTH="180" HEIGHT="22" BASELINE="216 115 395 116" TAGREFS="TYPE_1">
                        <Shape>
                            <Polygon POINTS="393 102 385 102 377 102 369 102 361 102 358 102 351 102 348 102 345 102 337 102 329 102 320 102 312 102 304 102 296 102 288 102 280 102 272 102 264 102 256 102 248 102 240 102 232 102 224 102 216 102 216 115 215 123 394 124 395 116 395 102 394 102 393 102"/>
                        </Shape>
                        <String CONTENT=""/>
                    </TextLine>
</TextBlock>
                <TextBlock ID="block_2" HPOS="41" VPOS="126" WIDTH="594" HEIGHT="809" TAGREFS="TYPE_18">
                    <Shape>
                        <Polygon POINTS="41.59939956665039 126.94857025146484 635.094482421875 126.94857025146484 635.094482421875 935.7225341796875 41.59939956665039 935.7225341796875 41.59939956665039 126.94857025146484"/>
                    </Shape>
                    <TextLine ID="line_2" HPOS="57" VPOS="120" WIDTH="580" HEIGHT="54" BASELINE="58 151 637 160" TAGREFS="TYPE_1">
                        <Shape>
                            <Polygon POINTS="58 151 57 163 246 163 292 168 300 168 300 168 313 168 395 165 403 170 404 170 405 170 516 172 517 172 518 172 518 172 534 168 543 172 543 172 544 172 545 172 552 172 596 169 600 173 601 173 602 173 603 174 637 174 637 160 637 138 588 133 588 133 567 135 556 136 554 135 543 128 543 128 542 128 541 128 540 128 527 133 497 128 497 128 496 128 495 128 489 133 485 135 441 135 435 131 423 127 423 127 422 127 421 127 420 127 414 131 409 134 402 131 395 127 395 127 394 127 393 127 384 130 379 131 374 130 362 127 362 127 361 127 333 128 279 131 261 126 252 123 251 123 227 123 226 123 226 123 222 125 214 129 208 124 205 123 205 123 204 123 203 123 181 123 95 128 86 121 85 121 84 121 58 120 58 151"/>
                        </Shape>
                        <String CONTENT=""/>
                    </TextLine>

                    <TextLine ID="line_3" HPOS="56" VPOS="159" WIDTH="583" HEIGHT="48" BASELINE="57 182 639 192" TAGREFS="TYPE_1">
                        <Shape>
                            <Polygon POINTS="57 182 56 193 92 193 94 194 104 199 105 199 106 199 180 196 195 195 197 196 202 201 203 201 204 201 205 201 243 197 251 196 259 197 299 202 300 202 336 197 340 197 341 197 352 203 353 203 396 204 397 204 427 199 428 199 431 199 493 205 494 205 531 201 532 201 567 206 568 206 587 202 592 207 593 207 594 207 595 207 638 201 639 192 639 172 618 167 617 167 617 167 561 171 553 171 517 171 516 170 510 165 509 165 508 165 507 165 506 165 497 169 494 170 397 169 393 168 378 163 378 163 377 163 376 163 362 167 361 167 360 167 349 162 348 162 347 162 346 162 334 166 333 167 332 166 327 162 326 162 325 162 325 162 292 165 290 165 288 165 244 160 243 160 215 164 204 165 201 164 197 160 197 160 197 160 196 160 195 160 164 163 156 164 154 163 145 159 144 159 144 159 57 160 57 182"/>
                        </Shape>
                        <String CONTENT=""/>
                    </TextLine>

                    <TextLine ID="line_4" HPOS="58" VPOS="192" WIDTH="579" HEIGHT="48" BASELINE="58 216 637 225" TAGREFS="TYPE_1">
                        <Shape>
                            <Polygon POINTS="58 216 58 228 215 228 220 230 230 234 230 234 268 235 269 235 301 231 314 230 318 231 325 234 325 234 374 237 374 237 403 232 411 231 412 232 417 236 417 237 418 237 419 237 479 238 480 238 510 234 515 233 518 234 527 238 528 238 584 240 585 240 636 234 637 225 636 205 605 201 604 201 589 204 585 205 581 204 567 200 567 200 566 200 547 203 540 204 539 203 533 199 532 199 531 199 530 199 530 199 529 199 523 202 522 203 506 202 456 198 456 198 440 201 427 202 419 200 412 197 411 197 411 197 399 200 386 201 359 198 340 197 339 197 304 197 227 199 209 195 204 194 203 194 197 195 168 198 152 193 150 193 149 193 58 192 58 216"/>
                        </Shape>
                        <String CONTENT=""/>
                    </TextLine>

                    <TextLine ID="line_5" HPOS="56" VPOS="225" WIDTH="579" HEIGHT="46" BASELINE="57 248 635 256" TAGREFS="TYPE_1">
                        <Shape>
                            <Polygon POINTS="57 248 56 259 108 263 109 263 110 263 122 260 127 259 133 260 149 264 150 264 200 261 220 260 237 262 288 267 289 267 376 263 390 263 391 263 403 268 404 268 405 268 518 265 531 270 532 270 584 271 585 271 634 265 635 256 635 238 578 238 576 237 563 230 563 230 498 230 497 230 474 234 465 236 461 234 458 231 457 231 456 231 456 231 438 234 428 234 422 233 404 228 403 228 403 228 374 232 354 234 345 231 334 227 333 227 333 227 332 227 325 230 320 233 313 230 311 230 310 230 309 230 304 230 289 234 279 230 278 230 277 230 276 230 272 230 222 232 217 228 214 226 213 226 213 226 212 226 211 226 210 226 207 228 201 233 180 233 161 227 154 225 153 225 57 225 57 248"/>
                        </Shape>
                        <String CONTENT=""/>
                    </TextLine>

                    <TextLine ID="line_6" HPOS="57" VPOS="254" WIDTH="576" HEIGHT="50" BASELINE="57 279 633 292" TAGREFS="TYPE_1">
                        <Shape>
                            <Polygon POINTS="57 279 57 294 94 291 102 295 105 296 106 296 137 297 138 297 146 296 163 292 169 296 172 298 172 298 173 298 174 298 220 296 259 296 271 297 292 300 292 300 293 300 301 298 311 295 353 299 403 303 403 303 419 300 427 298 440 300 469 304 470 304 485 300 494 299 632 302 633 292 633 272 567 272 564 270 556 263 555 263 555 263 554 263 510 267 502 263 501 263 500 263 448 262 448 262 423 266 407 268 403 265 397 260 396 260 395 260 395 260 365 263 342 259 341 259 341 259 331 263 329 264 325 263 319 259 318 259 317 259 304 263 287 266 252 266 248 262 248 261 247 261 246 261 246 261 176 263 171 259 170 258 170 257 169 257 168 257 168 257 167 257 162 258 146 263 139 258 135 255 134 255 133 255 132 255 119 257 95 262 79 255 74 254 73 254 72 254 57 255 57 279"/>
                        </Shape>
                        <String CONTENT=""/>
                    </TextLine>

                    <TextLine ID="line_7" HPOS="57" VPOS="290" WIDTH="576" HEIGHT="46" BASELINE="58 312 633 322" TAGREFS="TYPE_1">
                        <Shape>
                            <Polygon POINTS="58 312 57 324 179 324 181 325 185 329 186 329 187 329 188 329 189 329 197 326 201 324 206 326 217 329 218 329 218 329 219 329 226 326 230 325 238 326 263 330 263 330 282 327 283 327 284 327 297 331 298 331 299 331 319 328 322 327 323 328 327 331 328 331 329 331 329 331 416 329 442 333 443 333 517 331 538 335 539 335 572 331 601 336 602 336 633 331 633 322 633 304 580 297 580 297 579 297 578 297 572 303 543 303 539 303 539 302 533 297 533 296 532 296 531 296 489 296 488 296 487 296 468 300 441 295 440 295 406 298 363 294 362 294 362 294 353 298 344 293 343 293 297 292 296 292 296 292 285 297 269 292 268 292 267 292 267 292 250 296 147 296 86 295 86 294 77 290 76 290 75 290 58 293 58 312"/>
                        </Shape>
                        <String CONTENT=""/>
                    </TextLine>

                    <TextLine ID="line_8" HPOS="53" VPOS="320" WIDTH="580" HEIGHT="49" BASELINE="54 345 633 355" TAGREFS="TYPE_1">
                        <Shape>
                            <Polygon POINTS="54 345 53 357 135 356 139 359 141 361 142 361 143 361 144 361 144 361 145 361 147 359 150 357 186 357 198 359 206 362 207 362 366 365 366 365 419 362 433 362 445 362 499 367 500 367 501 367 502 367 506 363 522 367 523 367 524 367 525 367 538 364 543 368 543 368 544 368 545 368 546 368 559 364 596 369 596 369 632 364 633 355 633 333 542 329 541 329 540 329 535 330 526 333 503 329 494 329 493 329 487 329 469 333 448 329 435 326 434 326 413 328 379 331 344 327 320 324 320 324 304 326 279 329 268 325 263 323 262 323 261 323 247 324 231 327 225 324 220 322 219 322 218 322 218 322 217 322 214 324 209 328 143 328 113 322 98 320 97 320 96 320 90 321 79 325 54 321 54 345"/>
                        </Shape>
                        <String CONTENT=""/>
                    </TextLine>

                    <TextLine ID="line_9" HPOS="53" VPOS="353" WIDTH="580" HEIGHT="47" BASELINE="54 378 633 387" TAGREFS="TYPE_1">
                        <Shape>
                            <Polygon POINTS="53 390 68 394 69 394 69 394 70 394 71 394 75 390 76 389 129 389 139 390 159 395 160 396 214 396 214 395 215 395 228 392 234 390 241 392 265 397 266 397 337 393 353 392 365 393 423 399 423 399 424 399 440 394 442 394 456 394 495 395 500 400 501 400 502 400 502 400 503 400 524 394 525 394 526 394 543 399 543 399 544 399 545 399 546 399 551 395 584 399 584 399 632 395 633 387 632 368 592 368 590 366 581 361 580 361 580 361 579 361 551 366 545 366 542 366 528 360 527 360 503 360 502 360 502 360 501 360 495 364 494 365 492 364 476 359 475 359 474 359 419 362 384 364 376 361 369 358 368 358 367 358 366 358 358 361 353 362 342 360 316 357 316 357 315 357 310 359 304 363 267 363 255 357 251 356 250 356 249 356 239 357 218 362 211 357 209 355 209 355 208 355 207 355 200 357 181 361 145 356 144 356 112 360 101 354 100 353 99 353 98 353 93 353 62 357 56 353 54 378 53 390"/>
                        </Shape>
                        <String CONTENT=""/>
                    </TextLine>

                    <TextLine ID="line_10" HPOS="52" VPOS="385" WIDTH="581" HEIGHT="47" BASELINE="53 410 633 419" TAGREFS="TYPE_1">
                        <Shape>
                            <Polygon POINTS="511 408 506 396 495 399 488 399 473 399 473 398 465 391 464 391 463 391 462 391 461 391 443 398 439 399 392 399 388 396 375 390 374 390 374 390 373 390 360 395 327 389 326 389 284 394 273 395 264 394 237 388 236 388 235 388 224 393 220 394 154 394 150 391 143 386 142 386 141 386 84 385 83 385 82 385 82 385 74 390 71 392 53 390 53 410 52 419 101 425 102 425 142 421 148 426 148 426 149 426 150 426 178 423 197 427 369 429 370 429 370 429 380 425 536 432 537 432 632 428 633 419 633 401 615 397 614 397 613 397 572 400 569 400 568 400 558 393 557 393 556 393 536 392 535 392 515 394 511 408"/>
                        </Shape>
                        <String CONTENT=""/>
                    </TextLine>

                    <TextLine ID="line_11" HPOS="52" VPOS="418" WIDTH="581" HEIGHT="45" BASELINE="53 443 633 452" TAGREFS="TYPE_1">
                        <Shape>
                            <Polygon POINTS="511 440 508 432 477 432 458 429 424 423 423 423 399 427 381 430 370 426 361 423 360 423 359 423 295 424 294 424 293 424 287 428 237 423 236 423 235 423 222 427 211 422 207 420 206 420 205 420 184 421 107 425 53 418 53 443 52 452 161 453 162 454 167 458 168 458 168 458 632 463 633 452 633 434 602 428 601 428 600 428 587 432 584 433 582 432 572 426 571 426 570 426 548 426 547 426 547 426 546 426 539 431 536 432 514 432 511 440"/>
                        </Shape>
                        <String CONTENT=""/>
                    </TextLine>

                    <TextLine ID="line_12" HPOS="49" VPOS="449" WIDTH="584" HEIGHT="50" BASELINE="50 475 633 485" TAGREFS="TYPE_1">
                        <Shape>
                            <Polygon POINTS="50 475 49 483 130 485 131 485 146 491 147 491 148 492 356 492 530 492 534 495 534 496 535 496 536 496 537 496 553 493 576 497 584 498 584 498 585 498 586 498 587 497 593 493 600 497 600 498 601 498 602 498 603 499 632 499 633 485 632 459 615 458 614 458 613 458 613 458 604 464 571 459 570 459 569 459 568 459 562 464 486 464 478 456 477 456 477 456 476 456 443 462 430 455 429 455 428 455 427 455 427 455 426 455 418 462 389 462 382 456 381 456 380 456 379 456 378 456 370 460 341 460 329 453 329 453 328 453 327 453 325 453 301 458 262 452 260 452 259 452 258 452 226 457 209 452 208 452 207 452 206 452 193 458 160 451 160 451 127 450 127 450 125 450 98 456 90 450 90 449 89 449 88 449 50 449 50 475"/>
                        </Shape>
                        <String CONTENT=""/>
                    </TextLine>

                    <TextLine ID="line_13" HPOS="49" VPOS="482" WIDTH="581" HEIGHT="50" BASELINE="49 508 630 517" TAGREFS="TYPE_1">
                        <Shape>
                            <Polygon POINTS="49 508 49 516 101 517 112 524 113 524 114 524 115 525 138 525 138 524 139 524 151 518 172 525 173 525 174 525 190 522 217 526 218 526 341 522 383 526 384 526 418 522 444 529 445 529 446 529 505 524 526 530 527 530 528 530 569 527 576 531 576 531 577 531 578 532 613 532 613 531 614 531 629 525 630 517 630 496 619 492 618 492 617 492 617 492 609 495 603 497 511 497 506 493 502 489 501 489 500 489 434 489 433 489 432 489 427 491 419 495 407 490 401 488 400 488 399 488 382 489 381 489 380 489 380 489 379 489 374 494 367 490 366 490 366 490 321 493 309 488 308 488 308 488 307 488 305 488 285 493 277 487 276 486 275 486 275 486 274 486 267 487 255 489 251 486 250 485 249 485 248 485 218 485 218 485 217 485 216 485 208 492 156 492 140 484 139 484 139 484 138 484 137 484 136 484 125 488 49 482 49 508"/>
                        </Shape>
                        <String CONTENT=""/>
                    </TextLine>

                    <TextLine ID="line_14" HPOS="48" VPOS="516" WIDTH="583" HEIGHT="46" BASELINE="49 541 631 550" TAGREFS="TYPE_1">
                        <Shape>
                            <Polygon POINTS="49 541 48 550 67 555 68 555 91 551 94 551 95 551 100 555 101 555 102 555 102 555 267 555 333 555 336 556 339 559 340 559 341 559 341 559 342 559 351 556 360 555 380 557 400 559 401 559 402 559 407 558 413 555 415 558 418 560 419 560 419 560 420 560 436 558 452 556 629 562 631 550 630 524 582 530 572 523 571 523 570 523 569 523 565 523 526 529 506 523 503 522 502 522 502 522 497 523 473 528 423 528 419 522 418 522 418 522 417 522 416 522 415 522 415 522 412 522 403 526 374 522 370 522 369 522 366 522 351 526 345 522 342 520 341 520 341 520 340 520 327 522 315 525 311 522 308 520 307 520 306 520 305 520 267 522 231 524 225 522 214 518 213 518 155 517 154 517 153 517 139 522 136 522 110 522 109 522 102 516 101 516 100 516 99 516 49 521 49 541"/>
                        </Shape>
                        <String CONTENT=""/>
                    </TextLine>

                    <TextLine ID="line_15" HPOS="47" VPOS="546" WIDTH="581" HEIGHT="49" BASELINE="48 572 628 583" TAGREFS="TYPE_1">
                        <Shape>
                            <Polygon POINTS="47 580 81 587 82 587 120 583 121 583 181 589 182 589 263 586 268 586 269 586 283 591 284 591 285 591 304 587 308 586 310 587 320 592 320 592 321 592 359 588 367 588 372 588 390 592 391 592 392 592 401 589 404 588 408 589 416 593 417 593 418 593 438 590 449 588 465 591 489 594 490 595 627 595 628 583 628 561 586 556 585 556 584 556 579 559 573 563 553 563 546 559 537 555 536 555 535 555 534 555 522 558 514 560 505 558 494 554 493 554 493 554 470 556 454 559 450 556 446 553 445 553 444 553 444 553 428 555 406 559 398 555 395 552 394 552 393 552 392 552 391 552 385 555 371 559 324 559 316 552 315 551 314 551 313 551 312 551 312 551 308 552 300 557 255 556 250 551 249 551 249 550 248 550 247 550 246 550 246 550 242 551 223 556 183 556 174 550 173 550 172 550 172 550 171 550 156 554 148 549 148 549 147 549 146 549 105 554 89 547 88 547 87 547 86 547 71 551 49 546 48 572 47 580"/>
                        </Shape>
                        <String CONTENT=""/>
                    </TextLine>

                    <TextLine ID="line_16" HPOS="45" VPOS="581" WIDTH="581" HEIGHT="48" BASELINE="45 606 626 615" TAGREFS="TYPE_1">
                        <Shape>
                            <Polygon POINTS="45 606 45 615 50 620 50 621 51 621 52 621 53 621 89 621 89 621 90 621 90 621 97 616 156 622 156 622 198 617 225 623 226 623 254 618 261 624 262 624 263 624 263 624 305 619 331 625 332 625 410 621 448 626 449 626 450 626 467 621 478 627 479 627 480 627 481 627 496 622 520 628 521 628 555 623 561 628 562 628 563 628 609 629 609 629 610 629 625 623 626 615 626 596 603 589 602 589 601 589 572 596 571 596 568 596 538 588 537 588 536 588 518 594 518 594 515 594 480 588 479 588 478 588 477 588 472 592 469 594 450 592 393 586 392 586 391 586 379 590 372 592 364 590 350 585 349 585 349 585 348 585 341 589 336 592 306 592 262 592 255 587 251 584 250 584 249 584 248 584 232 586 207 590 185 584 179 584 178 584 177 584 175 584 164 588 157 584 156 583 155 583 154 583 153 583 137 584 85 586 45 581 45 606"/>
                        </Shape>
                        <String CONTENT=""/>
                    </TextLine>

                    <TextLine ID="line_17" HPOS="45" VPOS="614" WIDTH="582" HEIGHT="46" BASELINE="45 638 627 647" TAGREFS="TYPE_1">
                        <Shape>
                            <Polygon POINTS="45 638 45 647 61 652 61 652 62 652 84 648 86 648 86 648 98 653 98 653 99 653 126 649 151 654 152 654 349 652 359 652 365 657 366 657 366 657 367 657 465 654 468 654 469 654 490 658 491 658 527 655 588 660 588 660 626 655 627 647 627 625 364 625 344 621 310 617 309 617 308 617 308 617 304 621 302 622 292 621 261 617 260 617 223 621 207 621 205 620 197 616 196 616 195 616 174 620 169 621 165 620 148 615 147 615 146 615 145 615 131 620 128 620 123 619 78 614 78 614 45 618 45 638"/>
                        </Shape>
                        <String CONTENT=""/>
                    </TextLine>

                    <TextLine ID="line_18" HPOS="43" VPOS="647" WIDTH="583" HEIGHT="47" BASELINE="44 671 626 681" TAGREFS="TYPE_1">
                        <Shape>
                            <Polygon POINTS="44 671 43 679 99 686 100 686 131 681 133 681 141 686 142 686 143 686 144 686 144 686 145 686 150 682 195 682 234 682 236 682 254 688 255 688 255 688 256 688 268 683 269 683 271 683 306 688 307 688 374 685 381 685 382 685 395 691 396 691 481 692 481 692 515 687 517 687 518 687 545 693 615 694 616 694 617 694 625 689 626 681 625 654 596 660 587 654 586 654 585 654 584 654 530 659 495 654 494 654 493 654 485 658 470 654 469 654 469 654 445 658 435 652 432 651 432 651 431 651 411 652 337 656 331 651 329 650 329 649 329 649 328 649 327 649 316 651 288 655 279 650 275 649 275 649 274 649 262 650 238 654 230 650 226 648 225 648 203 648 202 648 201 648 201 648 198 649 193 654 172 649 157 647 156 647 131 649 106 651 44 649 44 671"/>
                        </Shape>
                        <String CONTENT=""/>
                    </TextLine>

                    <TextLine ID="line_19" HPOS="43" VPOS="678" WIDTH="582" HEIGHT="44" BASELINE="44 703 625 713" TAGREFS="TYPE_1">
                        <Shape>
                            <Polygon POINTS="44 703 43 715 86 712 91 716 92 717 93 717 94 717 94 717 104 716 139 713 144 717 145 718 146 718 147 718 148 718 157 717 181 714 185 717 187 719 188 719 189 719 189 719 201 717 223 715 229 718 231 719 232 719 233 719 258 718 304 716 307 719 309 720 310 720 311 720 312 720 341 719 370 717 375 719 382 722 382 722 383 722 625 721 625 713 625 692 621 689 620 689 619 689 618 689 617 689 605 693 592 693 554 693 553 692 537 686 536 686 535 686 534 686 525 691 511 687 510 687 510 687 487 691 480 691 471 691 431 684 430 684 410 689 404 690 399 688 384 683 383 683 382 683 382 683 365 687 362 688 360 687 351 683 350 683 349 683 349 683 341 687 337 689 336 686 332 683 332 682 331 682 330 682 329 682 304 686 288 688 283 686 279 684 279 684 278 684 259 685 229 686 221 684 211 681 210 681 159 680 158 680 157 680 152 682 148 684 135 682 119 679 118 679 117 679 111 682 100 685 91 681 86 678 86 678 85 678 44 679 44 703"/>
                        </Shape>
                        <String CONTENT=""/>
                    </TextLine>

                    <TextLine ID="line_20" HPOS="44" VPOS="728" WIDTH="579" HEIGHT="31" BASELINE="45 736 623 745" TAGREFS="TYPE_1">
                        <Shape>
                            <Polygon POINTS="511 734 509 728 498 728 497 728 495 736 487 736 479 736 471 736 463 736 455 736 447 736 439 736 431 736 423 736 415 736 407 736 399 736 390 736 382 736 374 736 366 736 358 736 350 736 342 736 334 736 326 736 318 736 310 736 302 736 294 736 286 736 278 736 270 736 262 736 254 736 246 736 238 736 230 736 222 736 213 736 205 736 197 736 189 736 181 736 173 736 165 736 157 736 149 736 141 736 133 736 125 736 117 736 109 736 101 736 93 736 84 736 76 736 68 736 61 734 53 734 45 734 45 736 44 744 48 748 48 749 49 749 49 749 74 750 74 750 75 750 76 750 82 746 187 746 201 751 201 751 202 751 283 748 296 754 297 754 298 754 365 750 382 756 382 756 383 756 404 752 447 756 448 756 448 756 449 756 456 752 556 758 557 758 558 758 572 754 590 759 591 759 592 759 622 754 623 745 622 729 513 728 511 734"/>
                        </Shape>
                        <String CONTENT=""/>
                    </TextLine>

                    <TextLine ID="line_21" HPOS="43" VPOS="744" WIDTH="578" HEIGHT="48" BASELINE="44 769 621 779" TAGREFS="TYPE_1">
                        <Shape>
                            <Polygon POINTS="44 769 43 780 48 784 49 784 49 784 50 784 105 780 107 780 113 785 114 785 115 785 115 785 116 785 131 780 134 780 182 780 184 781 189 785 190 785 191 785 192 785 221 781 224 781 225 781 235 787 236 787 237 787 259 782 264 787 265 787 266 787 333 789 333 789 375 784 378 784 378 784 389 789 390 789 390 789 413 785 419 789 420 789 421 789 422 789 460 785 525 792 526 792 526 792 538 788 547 792 548 792 549 792 620 787 621 779 621 761 528 759 528 758 521 752 521 752 520 752 519 752 518 752 518 752 497 757 477 750 476 750 475 750 434 755 411 751 411 751 410 751 409 751 403 756 378 748 377 748 376 748 345 755 309 755 294 755 293 754 284 747 283 747 283 747 282 747 206 752 204 752 188 745 187 745 186 745 185 745 185 745 173 752 173 752 150 752 149 752 141 744 140 744 139 744 139 744 44 749 44 769"/>
                        </Shape>
                        <String CONTENT=""/>
                    </TextLine>

                    <TextLine ID="line_22" HPOS="41" VPOS="778" WIDTH="580" HEIGHT="42" BASELINE="41 802 621 809" TAGREFS="TYPE_1">
                        <Shape>
                            <Polygon POINTS="499 806 494 789 489 789 479 790 476 789 457 782 456 782 456 782 423 785 402 781 401 781 400 781 399 781 389 788 388 789 383 788 352 783 351 783 350 783 341 787 340 788 338 787 324 783 323 783 322 783 251 786 241 786 238 786 216 780 215 780 214 780 192 785 186 786 124 785 123 785 115 778 115 778 114 778 49 778 49 778 48 778 47 778 41 781 41 802 41 810 106 811 106 812 114 818 115 818 115 818 116 818 168 813 169 813 172 813 272 819 273 819 312 815 330 820 331 820 332 820 620 818 621 809 621 792 603 792 602 791 592 784 592 784 591 784 590 784 553 790 549 791 544 790 525 786 524 786 504 788 499 806"/>
                        </Shape>
                        <String CONTENT=""/>
                    </TextLine>

                    <TextLine ID="line_23" HPOS="39" VPOS="809" WIDTH="582" HEIGHT="46" BASELINE="40 835 621 843" TAGREFS="TYPE_1">
                        <Shape>
                            <Polygon POINTS="40 835 39 843 297 851 298 851 299 851 308 847 427 853 428 853 486 850 490 853 490 854 491 854 492 854 493 854 548 850 604 855 604 855 605 855 620 850 621 843 619 820 400 820 382 815 381 815 380 815 379 815 370 818 363 814 361 813 360 813 359 813 358 813 358 813 352 814 335 819 303 814 297 813 296 813 289 814 243 818 234 812 234 811 233 811 232 811 231 811 224 812 190 817 164 811 160 810 160 810 155 810 108 817 94 810 94 810 40 809 40 835"/>
                        </Shape>
                        <String CONTENT=""/>
                    </TextLine>

                    <TextLine ID="line_24" HPOS="39" VPOS="842" WIDTH="580" HEIGHT="46" BASELINE="40 867 619 876" TAGREFS="TYPE_1">
                        <Shape>
                            <Polygon POINTS="40 867 39 875 213 883 214 883 215 883 229 879 238 883 238 883 239 883 259 879 271 884 271 884 272 884 305 880 340 884 341 884 443 881 466 886 467 886 567 884 577 888 578 888 579 888 618 883 619 876 618 856 582 856 580 855 561 848 560 848 559 848 533 855 532 855 524 848 523 848 522 848 502 847 502 847 452 853 444 854 433 853 389 849 388 849 356 851 324 845 323 845 285 849 279 845 279 845 278 845 231 844 230 844 230 844 212 850 211 850 210 850 201 845 201 845 200 845 178 849 173 850 167 849 130 843 129 843 128 843 116 848 114 849 112 848 97 842 96 842 95 842 40 847 40 867"/>
                        </Shape>
                        <String CONTENT=""/>
                    </TextLine>

                    <TextLine ID="line_25" HPOS="38" VPOS="876" WIDTH="498" HEIGHT="42" BASELINE="39 899 536 906" TAGREFS="TYPE_1">
                        <Shape>
                            <Polygon POINTS="39 899 38 906 534 918 536 906 536 888 448 888 447 886 439 880 438 880 437 880 436 880 436 880 426 886 424 887 372 887 369 884 359 879 358 879 358 879 357 879 321 882 288 878 288 878 267 883 259 884 248 884 246 883 242 878 242 877 241 877 240 877 174 876 173 876 172 876 163 881 161 881 156 880 133 877 132 877 131 877 125 880 122 882 119 880 112 876 111 876 111 876 110 876 86 880 72 881 39 879 39 899"/>
                        </Shape>
                        <String CONTENT=""/>
                    </TextLine>
</TextBlock>
                <TextBlock ID="block_0" HPOS="31" VPOS="914" WIDTH="591" HEIGHT="302" TAGREFS="TYPE_9">
                    <Shape>
                        <Polygon POINTS="31.766510009765625 914.4863891601562 622.971435546875 914.4863891601562 622.971435546875 1216.5831298828125 31.766510009765625 1216.5831298828125 31.766510009765625 914.4863891601562"/>
                    </Shape>
                    <TextLine ID="line_26" HPOS="70" VPOS="906" WIDTH="551" HEIGHT="48" BASELINE="71 933 621 941" TAGREFS="TYPE_1">
                        <Shape>
                            <Polygon POINTS="71 933 70 944 146 947 147 947 163 946 181 943 192 946 203 948 204 948 214 946 223 944 253 946 296 950 296 950 351 947 375 946 382 947 402 951 403 951 478 949 501 948 504 949 516 953 517 953 573 954 574 954 621 950 621 941 621 917 605 913 604 913 588 916 568 919 557 916 547 913 547 913 546 913 545 913 544 913 541 916 537 918 519 915 511 914 510 914 500 915 477 917 473 915 470 913 469 913 469 913 447 913 446 913 432 914 416 917 403 914 382 910 382 910 359 913 349 915 345 913 335 909 334 909 333 909 310 913 297 915 290 913 276 909 275 909 275 909 274 909 264 913 262 913 259 913 246 909 246 909 245 909 244 909 230 913 225 913 218 912 203 909 202 909 173 912 160 913 159 912 153 907 152 907 152 907 151 907 150 907 134 911 127 913 119 911 95 906 94 906 71 910 71 933"/>
                        </Shape>
                        <String CONTENT=""/>
                    </TextLine>

                    <TextLine ID="line_27" HPOS="36" VPOS="939" WIDTH="583" HEIGHT="46" BASELINE="37 964 619 972" TAGREFS="TYPE_1">
                        <Shape>
                            <Polygon POINTS="37 964 36 973 52 979 53 979 53 979 88 974 89 974 117 979 118 979 149 975 153 975 164 976 242 982 242 982 278 979 279 979 283 979 414 983 415 983 428 982 442 979 617 985 619 972 619 953 607 946 606 946 605 946 604 946 588 951 569 947 568 947 567 947 567 947 560 951 559 952 519 952 517 950 507 946 506 946 506 946 505 946 493 950 489 950 481 950 457 946 456 946 456 946 448 949 443 950 431 948 411 945 410 945 409 945 408 945 404 948 400 950 372 947 350 945 349 945 342 946 329 949 312 946 296 942 295 942 262 944 212 947 198 942 193 941 192 941 191 941 165 942 94 946 74 940 72 939 71 939 37 939 37 964"/>
                        </Shape>
                        <String CONTENT=""/>
                    </TextLine>

                    <TextLine ID="line_28" HPOS="39" VPOS="972" WIDTH="581" HEIGHT="48" BASELINE="40 996 620 1005" TAGREFS="TYPE_1">
                        <Shape>
                            <Polygon POINTS="40 996 39 1005 51 1012 52 1012 53 1012 53 1012 144 1007 156 1014 156 1014 157 1014 158 1014 188 1007 215 1015 216 1015 217 1015 250 1008 284 1016 285 1016 335 1010 378 1010 387 1017 388 1017 389 1017 390 1017 427 1012 436 1018 437 1018 438 1018 461 1019 462 1020 489 1020 489 1019 490 1019 505 1013 536 1020 537 1020 538 1020 552 1013 559 1020 560 1020 561 1020 579 1020 580 1020 580 1020 581 1020 589 1014 619 1014 620 1005 620 987 592 981 592 981 591 981 572 986 570 986 517 986 516 985 508 979 507 979 506 979 506 979 505 979 488 984 487 984 358 983 357 983 345 976 345 976 344 976 311 982 308 982 306 982 293 975 292 975 292 975 254 979 198 974 197 974 154 977 140 973 139 973 139 973 138 973 125 978 84 972 83 972 82 972 69 978 40 978 40 996"/>
                        </Shape>
                        <String CONTENT=""/>
                    </TextLine>

                    <TextLine ID="line_29" HPOS="35" VPOS="1004" WIDTH="582" HEIGHT="48" BASELINE="36 1028 617 1037" TAGREFS="TYPE_1">
                        <Shape>
                            <Polygon POINTS="36 1028 35 1041 140 1040 172 1044 176 1045 177 1045 186 1045 230 1042 284 1047 300 1048 301 1048 309 1047 343 1043 365 1048 369 1048 370 1048 382 1048 456 1044 470 1049 472 1050 473 1050 473 1050 478 1050 510 1045 530 1051 531 1051 532 1051 616 1052 617 1037 617 1011 565 1018 553 1011 552 1011 551 1011 551 1011 543 1011 471 1016 445 1016 438 1011 436 1009 436 1009 435 1009 434 1009 426 1011 406 1016 354 1016 345 1011 340 1007 339 1007 338 1007 322 1011 306 1013 295 1010 282 1007 281 1007 280 1007 279 1007 268 1010 259 1013 247 1010 237 1007 236 1007 235 1007 220 1010 210 1011 206 1010 194 1005 193 1005 193 1005 192 1005 176 1010 173 1011 166 1010 126 1004 125 1004 124 1004 111 1010 106 1006 105 1006 104 1006 103 1006 36 1009 36 1028"/>
                        </Shape>
                        <String CONTENT=""/>
                    </TextLine>

                    <TextLine ID="line_30" HPOS="36" VPOS="1039" WIDTH="581" HEIGHT="45" BASELINE="36 1062 617 1070" TAGREFS="TYPE_1">
                        <Shape>
                            <Polygon POINTS="36 1062 36 1070 51 1070 53 1071 60 1076 61 1076 61 1076 62 1076 98 1072 102 1072 102 1072 112 1077 113 1077 114 1077 137 1077 137 1077 138 1077 144 1073 148 1071 157 1073 172 1077 173 1077 174 1077 314 1077 489 1076 510 1081 515 1082 516 1082 517 1082 527 1081 553 1079 567 1082 570 1083 571 1083 572 1083 572 1083 574 1082 583 1078 589 1083 590 1083 591 1083 592 1084 617 1084 617 1070 614 1046 610 1050 595 1046 594 1046 593 1046 592 1046 589 1046 555 1050 539 1045 533 1044 532 1044 531 1044 514 1045 484 1048 465 1044 455 1043 454 1043 453 1043 449 1044 440 1049 390 1049 363 1044 352 1041 351 1041 325 1043 270 1047 260 1042 259 1042 259 1042 258 1042 248 1046 196 1046 180 1041 171 1039 170 1039 169 1039 36 1039 36 1062"/>
                        </Shape>
                        <String CONTENT=""/>
                    </TextLine>

                    <TextLine ID="line_31" HPOS="32" VPOS="1069" WIDTH="583" HEIGHT="45" BASELINE="32 1094 615 1103" TAGREFS="TYPE_1">
                        <Shape>
                            <Polygon POINTS="32 1094 32 1102 89 1108 90 1108 127 1105 135 1104 136 1105 139 1107 139 1108 140 1108 141 1108 197 1110 197 1110 256 1107 278 1106 283 1108 297 1111 298 1111 299 1111 330 1109 349 1107 613 1114 615 1103 614 1078 584 1082 560 1077 554 1077 553 1077 547 1077 530 1081 473 1081 456 1077 447 1075 446 1075 435 1077 418 1080 389 1080 386 1077 383 1074 382 1074 382 1074 381 1074 333 1077 289 1078 268 1076 233 1072 232 1072 231 1072 215 1076 210 1077 200 1076 161 1071 160 1071 116 1075 115 1075 115 1075 109 1070 108 1070 107 1070 106 1070 79 1075 78 1075 76 1075 59 1069 58 1069 57 1069 32 1074 32 1094"/>
                        </Shape>
                        <String CONTENT=""/>
                    </TextLine>

                    <TextLine ID="line_32" HPOS="32" VPOS="1099" WIDTH="583" HEIGHT="49" BASELINE="32 1127 615 1136" TAGREFS="TYPE_1">
                        <Shape>
                            <Polygon POINTS="32 1139 167 1138 246 1143 275 1145 276 1145 277 1145 279 1143 285 1141 328 1144 350 1146 351 1146 352 1146 357 1145 372 1141 388 1145 396 1147 397 1147 420 1146 469 1143 486 1147 497 1148 497 1148 498 1148 499 1148 502 1147 506 1143 515 1147 520 1148 521 1148 522 1148 614 1147 615 1136 614 1113 584 1114 577 1111 567 1108 566 1108 565 1108 564 1108 563 1108 559 1111 556 1113 538 1113 530 1110 518 1107 518 1107 517 1107 516 1107 510 1110 506 1112 494 1110 481 1107 480 1107 469 1109 459 1111 454 1109 449 1106 448 1106 448 1106 432 1108 415 1110 278 1110 272 1105 271 1104 271 1103 271 1103 270 1103 269 1103 262 1104 241 1108 218 1103 212 1102 211 1102 206 1103 181 1107 165 1102 164 1102 163 1102 162 1102 154 1102 96 1106 80 1100 79 1100 78 1100 78 1100 76 1100 51 1105 33 1099 32 1127 32 1139"/>
                        </Shape>
                        <String CONTENT=""/>
                    </TextLine>

                    <TextLine ID="line_33" HPOS="30" VPOS="1135" WIDTH="585" HEIGHT="45" BASELINE="31 1160 615 1169" TAGREFS="TYPE_1">
                        <Shape>
                            <Polygon POINTS="31 1160 30 1172 613 1180 615 1169 614 1146 485 1146 482 1144 478 1141 477 1141 477 1141 424 1140 423 1140 423 1140 411 1143 403 1145 398 1143 389 1139 388 1139 387 1139 372 1143 365 1144 296 1144 281 1142 243 1137 242 1137 242 1137 234 1141 231 1143 190 1143 178 1141 137 1135 136 1135 135 1135 125 1139 31 1139 31 1160"/>
                        </Shape>
                        <String CONTENT=""/>
                    </TextLine>

                    <TextLine ID="line_34" HPOS="30" VPOS="1166" WIDTH="583" HEIGHT="57" BASELINE="31 1192 613 1202" TAGREFS="TYPE_1">
                        <Shape>
                            <Polygon POINTS="31 1192 30 1205 91 1206 93 1208 100 1211 101 1211 102 1211 102 1211 110 1209 114 1207 176 1207 181 1210 194 1217 195 1217 225 1217 226 1217 261 1213 281 1210 291 1213 302 1218 303 1218 371 1220 372 1220 373 1220 382 1217 391 1213 429 1218 435 1218 436 1218 440 1218 492 1213 514 1221 519 1222 520 1222 612 1223 613 1202 613 1176 589 1174 588 1174 588 1174 584 1175 564 1180 492 1179 486 1173 485 1173 485 1172 485 1172 484 1172 483 1172 482 1172 479 1173 464 1179 430 1179 411 1172 406 1171 405 1171 404 1171 403 1171 398 1172 380 1177 370 1172 369 1172 368 1172 331 1176 316 1171 311 1169 310 1169 309 1169 300 1171 277 1176 267 1171 262 1168 261 1168 260 1168 250 1170 226 1175 213 1170 208 1168 207 1168 189 1168 189 1168 188 1168 187 1168 185 1169 178 1173 173 1169 171 1168 171 1167 170 1167 169 1167 168 1167 143 1168 125 1170 115 1168 102 1166 102 1166 101 1166 95 1168 86 1172 78 1168 76 1166 75 1166 74 1166 74 1166 31 1167 31 1192"/>
                        </Shape>
                        <String CONTENT=""/>
                    </TextLine>
</TextBlock>
            </PrintSpace>
        </Page>
    </Layout>
</alto>