<?xml version="1.0" encoding="UTF-8"?>
<alto xmlns:xsi="http://www.w3.org/2001/XMLSchema-instance"
    xmlns="http://www.loc.gov/standards/alto/ns-v4#"
    xsi:schemaLocation="http://www.loc.gov/standards/alto/ns-v4# http://www.loc.gov/standards/alto/v4/alto-4-3.xsd">
    <Description>
        <MeasurementUnit>pixel</MeasurementUnit>
        <sourceImageInformation>
            <fileName>2013238.jpeg</fileName>
        </sourceImageInformation>
        <Processing ID="OCR_0">
            <processingCategory>other</processingCategory>
            <processingStepDescription>unknown</processingStepDescription>
            <processingSoftware>
                <softwareName>kraken</softwareName>
                <softwareVersion>4.3.13</softwareVersion>
            </processingSoftware>
        </Processing>
    </Description>
    <Tags>
        <OtherTag ID="TYPE_1" LABEL="DefaultLine"/>
        <OtherTag ID="TYPE_2" LABEL="TableZone"/>
        <OtherTag ID="TYPE_3" LABEL="MainZone-Other"/>
        <OtherTag ID="TYPE_4" LABEL="GraphicZone-FigDesc"/>
        <OtherTag ID="TYPE_5" LABEL="GraphicZone-Decoration"/>
        <OtherTag ID="TYPE_6" LABEL="GraphicZone-TextualContent"/>
        <OtherTag ID="TYPE_7" LABEL="DropCapitalZone"/>
        <OtherTag ID="TYPE_8" LABEL="MainZone-Sp"/>
        <OtherTag ID="TYPE_9" LABEL="MainZone-P"/>
        <OtherTag ID="TYPE_10" LABEL="MarginTextZone-Notes"/>
        <OtherTag ID="TYPE_11" LABEL="MainZone-Signature"/>
        <OtherTag ID="TYPE_12" LABEL="TitlePageZone-Index"/>
        <OtherTag ID="TYPE_13" LABEL="TableZone-Head"/>
        <OtherTag ID="TYPE_14" LABEL="NumberingZone"/>
        <OtherTag ID="TYPE_15" LABEL="GraphicZone-Part"/>
        <OtherTag ID="TYPE_16" LABEL="GraphicZone-Head"/>
        <OtherTag ID="TYPE_17" LABEL="FigureZone-FigDesc"/>
        <OtherTag ID="TYPE_18" LABEL="MainZone-P-Continued"/>
        <OtherTag ID="TYPE_19" LABEL="MainZone-List"/>
        <OtherTag ID="TYPE_20" LABEL="TitlePageZone"/>
        <OtherTag ID="TYPE_21" LABEL="GraphicZone-Maths"/>
        <OtherTag ID="TYPE_22" LABEL="FigureZone"/>
        <OtherTag ID="TYPE_23" LABEL="MainZone-Date"/>
        <OtherTag ID="TYPE_24" LABEL="GraphicZone"/>
        <OtherTag ID="TYPE_25" LABEL="AdvertisementZone"/>
        <OtherTag ID="TYPE_26" LABEL="MainZone-Lg"/>
        <OtherTag ID="TYPE_27" LABEL="QuireMarksZone"/>
        <OtherTag ID="TYPE_28" LABEL="TableZone-Continued"/>
        <OtherTag ID="TYPE_29" LABEL="MainZone-Form"/>
        <OtherTag ID="TYPE_30" LABEL="MainZone-Entry"/>
        <OtherTag ID="TYPE_31" LABEL="MarginTextZone-ManuscriptAddendum"/>
        <OtherTag ID="TYPE_32" LABEL="DigitizationArtefactZone"/>
        <OtherTag ID="TYPE_33" LABEL="MarginTextZone-Notes-Continued"/>
        <OtherTag ID="TYPE_34" LABEL="MainZone-Lg-Continued"/>
        <OtherTag ID="TYPE_35" LABEL="StampZone"/>
        <OtherTag ID="TYPE_36" LABEL="MainZone-Entry-Continued"/>
        <OtherTag ID="TYPE_37" LABEL="MainZone-List-Continued"/>
        <OtherTag ID="TYPE_38" LABEL="MainZone-Head"/>
        <OtherTag ID="TYPE_39" LABEL="MainZone-Sp-Continued"/>
        <OtherTag ID="TYPE_40" LABEL="RunningTitleZone"/>
        <OtherTag ID="TYPE_41" LABEL="FigureZone-Head"/>
        <OtherTag ID="TYPE_42" LABEL="StampZone-Sticker"/>
    </Tags>
    <Layout>
        <Page WIDTH="1000" HEIGHT="1448" PHYSICAL_IMG_NR="0" ID="page_0">
            <PrintSpace HPOS="0" VPOS="0" WIDTH="1000" HEIGHT="1448">
                <TextBlock ID="block_2" HPOS="371" VPOS="98" WIDTH="49" HEIGHT="36" TAGREFS="TYPE_14">
                    <Shape>
                        <Polygon POINTS="371.6312255859375 98.02577209472656 420.5603332519531 98.02577209472656 420.5603332519531 134.35586547851562 371.6312255859375 134.35586547851562 371.6312255859375 98.02577209472656"/>
                    </Shape>
                    <TextLine ID="line_0" HPOS="378" VPOS="107" WIDTH="71" HEIGHT="29" BASELINE="378 122 449 120" TAGREFS="TYPE_1">
                        <Shape>
                            <Polygon POINTS="441 107 437 107 418 109 410 107 409 107 401 107 393 107 390 107 386 110 381 107 378 107 378 122 378 136 405 135 406 135 407 135 409 133 415 128 449 128 449 120 447 107 441 107"/>
                        </Shape>
                        <String CONTENT=""/>
                    </TextLine>
</TextBlock>
                <TextBlock ID="block_5" HPOS="478" VPOS="94" WIDTH="375" HEIGHT="34" TAGREFS="TYPE_40">
                    <Shape>
                        <Polygon POINTS="478.40460205078125 94.72511291503906 853.3894653320312 94.72511291503906 853.3894653320312 128.2230682373047 478.40460205078125 128.2230682373047 478.40460205078125 94.72511291503906"/>
                    </Shape>
                    <TextLine ID="line_1" HPOS="469" VPOS="93" WIDTH="386" HEIGHT="38" BASELINE="469 120 855 115" TAGREFS="TYPE_1">
                        <Shape>
                            <Polygon POINTS="765 106 757 107 749 107 741 107 733 107 725 107 717 107 709 107 701 107 693 107 685 107 677 107 669 107 661 107 653 107 645 107 637 107 629 107 622 107 621 107 613 107 604 107 596 107 595 108 593 107 588 107 580 107 572 107 564 107 556 107 549 107 543 108 540 107 540 107 532 107 524 107 516 107 508 107 500 107 492 107 484 107 478 107 477 108 475 107 469 107 469 120 469 131 480 127 517 130 531 131 532 131 533 131 534 131 534 129 539 126 551 129 559 131 559 131 560 131 576 128 594 126 598 128 602 130 603 130 604 130 604 130 610 127 616 125 621 127 625 130 626 130 627 130 665 127 674 126 681 126 724 129 724 129 725 129 726 129 732 125 733 123 806 123 811 123 838 127 839 127 839 127 855 122 855 115 852 93 775 94 774 94 773 94 773 94 773 94 765 102 765 106"/>
                        </Shape>
                        <String CONTENT=""/>
                    </TextLine>
</TextBlock>
                <TextBlock ID="block_3" HPOS="366" VPOS="133" WIDTH="587" HEIGHT="650" TAGREFS="TYPE_18">
                    <Shape>
                        <Polygon POINTS="366.70794677734375 133.66802978515625 953.768310546875 133.66802978515625 953.768310546875 783.9691772460938 366.70794677734375 783.9691772460938 366.70794677734375 133.66802978515625"/>
                    </Shape>
                    <TextLine ID="line_2" HPOS="367" VPOS="124" WIDTH="583" HEIGHT="48" BASELINE="368 158 950 152" TAGREFS="TYPE_1">
                        <Shape>
                            <Polygon POINTS="368 158 369 172 382 166 401 171 402 171 403 171 419 168 425 172 426 172 427 172 427 172 428 172 429 172 436 166 456 171 459 171 460 172 531 172 531 171 542 169 565 164 631 167 681 169 682 169 683 169 691 166 701 163 728 165 765 168 765 168 794 164 806 162 811 164 823 168 824 168 825 168 873 162 878 162 881 162 915 167 916 167 949 160 950 152 948 132 909 124 908 124 907 124 885 131 864 125 864 125 863 125 796 126 795 126 781 133 711 126 710 126 681 127 680 127 664 134 648 127 647 127 617 127 617 127 616 127 592 135 483 128 482 128 481 128 481 128 472 136 367 137 368 158"/>
                        </Shape>
                        <String CONTENT=""/>
                    </TextLine>

                    <TextLine ID="line_3" HPOS="367" VPOS="162" WIDTH="583" HEIGHT="45" BASELINE="368 192 950 185" TAGREFS="TYPE_1">
                        <Shape>
                            <Polygon POINTS="368 192 368 201 431 207 432 207 545 201 559 205 559 205 560 205 561 205 577 200 580 199 584 200 617 205 617 205 618 205 634 199 637 198 638 199 654 204 654 204 655 204 656 204 657 204 663 198 664 198 672 198 740 203 741 203 742 203 757 197 757 197 759 197 786 202 787 202 788 202 798 197 798 197 808 197 876 201 876 201 877 201 878 201 885 196 888 195 949 195 950 185 947 162 926 167 885 164 884 164 884 164 883 164 877 168 855 163 850 162 849 162 848 162 847 162 847 163 847 163 841 168 819 168 779 164 765 163 765 163 756 164 732 169 718 165 714 164 713 164 712 164 711 164 707 165 694 169 679 165 677 165 676 165 675 165 670 165 624 172 580 172 575 167 573 165 572 165 572 165 571 165 541 168 473 172 465 168 461 167 460 167 460 167 459 167 454 168 448 171 440 168 432 167 432 167 431 167 430 167 425 169 415 172 401 169 393 168 392 168 367 169 368 192"/>
                        </Shape>
                        <String CONTENT=""/>
                    </TextLine>

                    <TextLine ID="line_4" HPOS="366" VPOS="194" WIDTH="584" HEIGHT="43" BASELINE="367 224 950 218" TAGREFS="TYPE_1">
                        <Shape>
                            <Polygon POINTS="367 224 367 236 388 233 400 237 402 237 403 237 403 237 463 236 464 236 465 236 465 235 473 231 481 235 483 236 484 236 485 236 485 236 490 235 505 231 514 234 518 236 519 236 520 236 558 235 559 235 559 235 561 234 565 230 577 234 584 234 584 234 594 233 611 230 647 232 681 234 682 234 683 234 691 231 700 229 716 231 736 234 736 234 752 230 759 228 867 227 876 228 913 232 913 232 914 232 915 232 922 227 934 231 934 231 935 231 936 231 950 226 950 218 948 199 866 194 865 194 799 200 781 201 718 201 715 200 700 196 699 196 699 196 698 196 688 200 684 201 670 200 637 197 637 197 636 197 622 201 614 202 585 201 533 197 532 197 531 197 530 197 526 201 522 203 505 201 480 198 479 198 462 201 448 204 427 201 405 199 404 199 366 201 367 224"/>
                        </Shape>
                        <String CONTENT=""/>
                    </TextLine>

                    <TextLine ID="line_5" HPOS="369" VPOS="226" WIDTH="580" HEIGHT="45" BASELINE="370 258 949 250" TAGREFS="TYPE_1">
                        <Shape>
                            <Polygon POINTS="370 258 370 267 414 271 415 271 437 267 438 267 443 271 444 271 444 271 445 271 481 266 491 265 498 266 533 270 534 270 555 265 562 263 572 264 605 268 606 268 607 268 608 268 613 263 616 263 630 263 687 267 687 267 711 262 718 261 728 262 773 267 774 267 775 267 790 261 793 260 804 260 880 265 881 265 882 265 883 265 890 259 891 259 893 259 913 263 913 263 948 258 949 250 946 231 874 231 867 226 866 226 865 226 848 226 847 226 847 226 831 232 820 226 819 226 818 226 773 234 738 234 725 227 724 227 724 227 723 227 706 233 675 228 674 228 674 228 657 235 632 235 623 229 622 229 621 229 621 229 620 229 599 235 570 230 569 230 538 236 506 230 505 230 477 236 427 231 426 231 425 231 411 235 390 232 389 232 388 232 369 238 370 258"/>
                        </Shape>
                        <String CONTENT=""/>
                    </TextLine>

                    <TextLine ID="line_6" HPOS="368" VPOS="259" WIDTH="581" HEIGHT="44" BASELINE="369 288 949 283" TAGREFS="TYPE_1">
                        <Shape>
                            <Polygon POINTS="369 288 369 303 399 297 419 302 419 302 420 302 422 302 465 296 500 300 507 301 508 301 515 300 543 296 559 300 565 300 566 300 573 299 591 296 605 299 611 300 612 300 613 300 613 300 615 298 621 295 658 297 689 300 690 300 691 300 691 300 695 297 696 296 720 296 781 299 782 299 843 294 865 292 879 293 927 297 928 297 929 297 949 292 949 283 947 265 785 259 784 259 783 259 782 259 782 260 775 266 711 260 711 260 710 260 699 265 655 261 654 261 654 261 653 261 653 262 646 267 624 267 617 262 616 262 615 262 578 262 577 262 576 262 576 262 570 266 535 262 534 262 534 262 513 268 486 263 485 263 485 263 484 263 476 268 457 263 456 263 456 263 455 263 454 263 446 267 419 263 418 263 417 263 416 263 410 268 381 263 380 263 379 263 368 269 369 288"/>
                        </Shape>
                        <String CONTENT=""/>
                    </TextLine>

                    <TextLine ID="line_7" HPOS="366" VPOS="290" WIDTH="582" HEIGHT="45" BASELINE="367 321 948 316" TAGREFS="TYPE_1">
                        <Shape>
                            <Polygon POINTS="367 321 367 335 392 329 446 333 447 333 448 333 464 329 509 334 512 334 513 335 558 335 558 334 559 334 560 333 572 328 592 333 592 333 593 333 596 333 643 329 652 333 653 333 654 333 654 333 655 333 662 327 698 333 700 333 701 333 702 333 714 327 736 333 738 333 739 333 797 332 798 332 798 332 806 326 824 332 825 332 826 332 827 332 827 332 829 332 851 325 947 330 948 316 946 295 850 290 849 290 824 296 822 296 820 296 795 291 794 291 794 291 783 296 783 296 718 296 716 296 691 292 691 292 690 292 672 296 629 292 628 292 627 292 626 292 618 297 617 298 583 298 582 297 560 292 559 292 559 292 539 297 475 293 474 293 473 293 462 299 460 299 460 299 448 294 447 294 446 294 445 294 429 299 427 299 425 299 392 294 391 294 366 299 367 321"/>
                        </Shape>
                        <String CONTENT=""/>
                    </TextLine>

                    <TextLine ID="line_8" HPOS="368" VPOS="325" WIDTH="579" HEIGHT="43" BASELINE="369 353 947 349" TAGREFS="TYPE_1">
                        <Shape>
                            <Polygon POINTS="369 353 369 362 381 368 382 368 382 368 407 362 407 362 437 362 451 368 452 368 452 368 453 368 474 362 476 362 481 362 551 367 551 367 552 367 570 362 593 366 594 366 595 366 616 361 617 361 620 361 741 366 742 366 946 357 947 349 945 327 744 330 725 329 669 325 668 325 667 325 656 330 655 330 646 326 645 326 644 326 605 331 600 331 598 331 581 326 580 326 580 326 534 332 530 332 526 332 487 327 486 327 463 333 460 333 454 333 376 328 375 328 374 328 374 328 368 331 369 353"/>
                        </Shape>
                        <String CONTENT=""/>
                    </TextLine>

                    <TextLine ID="line_9" HPOS="368" VPOS="355" WIDTH="580" HEIGHT="46" BASELINE="368 386 948 381" TAGREFS="TYPE_1">
                        <Shape>
                            <Polygon POINTS="368 401 388 401 388 400 389 400 390 400 395 395 433 399 437 399 438 399 440 399 460 394 493 398 499 399 500 399 506 398 534 394 561 397 572 398 572 398 591 396 617 394 625 395 632 398 633 398 633 398 659 394 671 394 691 394 757 397 757 397 781 392 789 391 792 392 803 396 804 396 805 397 864 397 864 396 900 390 913 395 913 395 914 395 948 389 948 381 946 362 918 355 877 355 876 355 876 355 875 355 864 362 863 362 861 362 846 356 845 356 844 356 818 362 813 362 809 362 787 357 786 357 786 357 785 357 778 362 777 362 775 362 765 357 764 357 763 357 762 357 753 362 749 363 707 362 624 357 623 357 622 357 621 357 617 362 611 366 575 366 566 361 561 359 560 359 559 359 534 360 533 360 532 360 532 361 531 361 527 366 516 361 513 360 512 360 511 360 510 360 508 361 497 366 436 366 406 361 400 360 399 360 399 360 397 361 385 366 368 361 368 386 368 401"/>
                        </Shape>
                        <String CONTENT=""/>
                    </TextLine>

                    <TextLine ID="line_10" HPOS="369" VPOS="388" WIDTH="579" HEIGHT="44" BASELINE="370 419 948 414" TAGREFS="TYPE_1">
                        <Shape>
                            <Polygon POINTS="370 419 370 432 403 427 440 427 448 431 451 432 452 432 452 432 453 432 456 431 466 427 493 431 500 431 501 431 510 431 539 427 606 429 657 431 658 431 707 427 757 424 784 427 809 428 810 429 893 429 893 428 893 428 905 424 908 423 912 424 927 428 928 428 929 428 948 423 948 414 946 394 903 394 897 389 897 388 896 388 895 388 894 388 838 395 793 395 767 389 766 389 765 389 750 395 662 390 661 390 660 390 659 390 659 390 652 396 613 392 612 392 579 396 566 390 565 390 564 390 563 390 563 390 555 397 524 391 465 391 465 391 425 392 424 392 423 392 423 393 417 398 391 392 390 392 390 392 369 399 370 419"/>
                        </Shape>
                        <String CONTENT=""/>
                    </TextLine>

                    <TextLine ID="line_11" HPOS="372" VPOS="420" WIDTH="576" HEIGHT="46" BASELINE="373 452 948 445" TAGREFS="TYPE_1">
                        <Shape>
                            <Polygon POINTS="373 452 373 462 419 466 419 466 420 466 421 466 427 461 427 460 458 460 460 461 471 465 472 465 473 465 473 465 482 460 484 460 534 460 538 460 559 464 559 464 560 464 561 464 568 460 570 459 599 459 601 459 627 464 628 464 629 464 637 460 687 462 688 462 689 462 703 457 705 457 708 457 754 462 755 462 851 460 852 460 853 460 860 456 897 460 898 460 948 453 948 445 946 427 901 420 900 420 866 427 798 422 797 422 796 422 782 428 757 422 757 422 756 422 755 422 754 422 745 429 745 430 724 430 646 430 632 423 631 423 630 423 629 423 613 431 613 431 600 431 574 431 555 425 554 425 553 425 552 425 537 431 502 425 501 425 473 426 472 426 460 432 390 427 390 427 389 427 372 433 373 452"/>
                        </Shape>
                        <String CONTENT=""/>
                    </TextLine>

                    <TextLine ID="line_12" HPOS="367" VPOS="452" WIDTH="580" HEIGHT="46" BASELINE="368 483 947 478" TAGREFS="TYPE_1">
                        <Shape>
                            <Polygon POINTS="368 483 369 498 390 492 413 495 414 495 515 491 542 495 543 495 544 495 547 495 577 490 592 494 601 497 602 497 603 497 629 493 662 489 695 492 740 496 741 496 742 496 753 491 754 491 767 495 768 495 769 496 823 496 823 495 824 495 825 495 831 491 876 494 877 494 878 494 892 489 893 488 897 489 924 493 925 493 925 493 947 487 947 478 945 452 854 453 850 454 821 460 738 456 714 455 713 455 712 455 708 456 699 460 695 456 693 455 692 455 691 455 671 455 670 455 670 455 665 457 658 461 645 458 644 458 643 458 609 462 604 458 603 457 602 457 601 457 600 457 600 457 599 457 597 459 593 462 460 464 453 461 444 457 444 457 443 457 419 462 408 464 400 462 378 457 377 457 376 457 367 461 368 483"/>
                        </Shape>
                        <String CONTENT=""/>
                    </TextLine>

                    <TextLine ID="line_13" HPOS="366" VPOS="485" WIDTH="582" HEIGHT="41" BASELINE="367 516 948 510" TAGREFS="TYPE_1">
                        <Shape>
                            <Polygon POINTS="367 516 367 525 859 526 860 526 947 519 948 510 947 489 941 485 940 485 939 485 938 485 898 486 876 491 868 493 858 491 827 486 826 486 825 486 814 492 809 495 692 496 682 493 669 489 668 489 667 489 666 489 666 489 661 493 658 497 552 497 547 494 533 489 532 489 531 489 530 489 511 495 506 497 503 495 496 489 495 489 494 489 448 489 447 489 382 490 382 490 366 495 367 516"/>
                        </Shape>
                        <String CONTENT=""/>
                    </TextLine>

                    <TextLine ID="line_14" HPOS="366" VPOS="518" WIDTH="582" HEIGHT="44" BASELINE="367 549 948 543" TAGREFS="TYPE_1">
                        <Shape>
                            <Polygon POINTS="367 549 368 562 387 557 473 560 509 561 510 561 510 561 514 559 520 556 541 559 555 560 556 560 588 558 628 555 666 556 703 558 704 558 705 558 706 558 708 555 711 554 748 555 863 558 864 558 864 558 865 558 872 552 872 552 876 552 936 556 937 556 938 556 948 551 948 543 947 524 931 518 930 518 930 518 929 518 911 522 866 518 865 518 835 525 831 525 823 525 744 520 744 520 743 520 732 525 732 526 726 526 687 521 686 521 685 521 674 526 671 527 600 527 598 526 589 522 588 522 588 522 556 526 549 527 546 526 533 522 532 522 531 522 530 522 515 526 510 528 506 526 492 522 491 522 490 522 469 527 462 528 366 528 367 549"/>
                        </Shape>
                        <String CONTENT=""/>
                    </TextLine>

                    <TextLine ID="line_15" HPOS="366" VPOS="550" WIDTH="581" HEIGHT="45" BASELINE="367 581 947 575" TAGREFS="TYPE_1">
                        <Shape>
                            <Polygon POINTS="367 581 367 588 448 595 449 595 533 594 534 594 534 594 543 588 544 588 545 588 552 592 553 592 554 592 599 588 620 586 730 586 744 588 767 591 768 591 769 591 778 588 784 586 790 588 800 591 801 591 802 591 802 591 814 588 822 585 831 588 839 590 839 590 840 590 841 590 851 588 864 584 870 588 874 589 875 589 876 589 876 589 882 588 888 585 946 587 947 575 946 556 905 550 904 550 903 550 888 554 838 551 837 551 836 551 835 551 828 556 801 551 800 551 799 551 777 557 777 557 775 557 736 551 736 551 708 557 666 552 666 552 629 558 621 552 621 552 620 552 619 552 618 552 617 552 617 553 612 559 611 559 606 559 558 553 557 553 556 553 555 553 547 559 533 553 532 553 531 553 530 553 518 559 517 559 498 559 383 555 382 555 382 555 366 559 367 581"/>
                        </Shape>
                        <String CONTENT=""/>
                    </TextLine>

                    <TextLine ID="line_16" HPOS="368" VPOS="583" WIDTH="581" HEIGHT="44" BASELINE="369 613 949 608" TAGREFS="TYPE_1">
                        <Shape>
                            <Polygon POINTS="369 613 369 622 432 627 433 627 434 627 450 621 451 621 452 621 459 626 460 626 460 626 461 626 497 621 498 621 533 626 534 626 589 621 651 625 652 625 653 625 654 625 662 620 687 625 688 625 719 619 720 619 872 621 872 621 892 617 930 622 930 622 931 622 949 616 949 608 947 583 865 583 864 583 864 583 863 583 861 584 852 590 842 584 840 584 839 584 789 584 788 584 787 584 786 584 784 585 778 589 768 586 763 584 762 584 761 584 761 584 754 586 738 592 686 592 680 588 678 585 677 585 676 585 662 585 662 585 661 585 655 588 648 592 637 588 636 588 635 588 634 588 619 588 511 593 506 591 503 588 502 588 502 588 501 588 500 588 499 588 497 591 493 593 465 592 432 590 431 590 430 590 420 592 415 594 414 592 409 589 409 588 408 588 407 588 374 588 374 588 373 588 372 588 368 591 369 613"/>
                        </Shape>
                        <String CONTENT=""/>
                    </TextLine>

                    <TextLine ID="line_17" HPOS="365" VPOS="621" WIDTH="581" HEIGHT="37" BASELINE="366 646 946 639" TAGREFS="TYPE_1">
                        <Shape>
                            <Polygon POINTS="759 630 751 630 743 630 735 630 727 630 719 630 711 630 703 630 695 630 687 630 679 630 670 630 662 630 654 630 646 630 638 630 630 630 622 630 614 630 606 630 598 630 590 630 582 630 574 630 566 630 558 630 550 630 542 630 534 630 526 630 518 630 510 630 502 630 493 630 485 630 477 630 469 630 461 630 453 630 445 630 437 630 429 630 421 630 413 630 405 630 397 630 389 630 381 630 373 630 365 630 366 646 366 653 428 658 429 658 430 658 444 653 445 653 493 658 494 658 567 651 576 651 654 651 661 651 676 655 677 655 678 655 708 650 715 649 730 650 790 654 790 654 831 649 846 648 855 649 874 652 875 652 876 652 884 649 887 648 888 649 893 652 894 652 895 652 896 652 946 648 946 639 944 621 761 622 759 630"/>
                        </Shape>
                        <String CONTENT=""/>
                    </TextLine>

                    <TextLine ID="line_18" HPOS="367" VPOS="645" WIDTH="581" HEIGHT="44" BASELINE="367 678 948 673" TAGREFS="TYPE_1">
                        <Shape>
                            <Polygon POINTS="367 689 789 682 828 686 834 686 835 686 839 686 872 682 947 685 948 673 947 653 934 645 934 645 933 645 932 645 897 650 884 645 884 645 883 645 806 646 806 646 785 653 779 654 749 654 747 653 736 647 736 647 735 647 712 648 711 648 703 653 697 655 687 653 673 648 672 648 671 648 670 648 658 652 652 655 614 657 572 657 567 652 565 651 565 650 564 650 563 650 563 650 562 650 555 652 548 654 542 652 533 649 532 649 531 649 530 649 524 652 513 657 476 651 461 649 460 649 460 649 459 649 456 651 447 658 388 658 367 651 367 678 367 689"/>
                        </Shape>
                        <String CONTENT=""/>
                    </TextLine>

                    <TextLine ID="line_19" HPOS="368" VPOS="682" WIDTH="581" HEIGHT="42" BASELINE="369 711 949 705" TAGREFS="TYPE_1">
                        <Shape>
                            <Polygon POINTS="762 691 758 684 368 688 369 711 370 724 389 719 427 723 435 724 436 724 448 723 481 719 501 722 510 723 510 723 511 723 512 723 513 722 518 719 550 721 564 722 565 722 566 722 570 721 586 716 614 720 624 721 625 721 625 721 629 719 637 715 675 715 949 715 949 705 946 682 765 684 762 691"/>
                        </Shape>
                        <String CONTENT=""/>
                    </TextLine>

                    <TextLine ID="line_20" HPOS="368" VPOS="719" WIDTH="580" HEIGHT="39" BASELINE="369 744 948 737" TAGREFS="TYPE_1">
                        <Shape>
                            <Polygon POINTS="762 736 754 736 746 736 738 736 730 736 722 736 714 736 706 736 698 736 690 736 682 736 674 736 666 736 658 736 650 736 641 736 633 736 625 736 617 736 609 736 601 736 593 736 585 736 577 736 569 736 561 736 553 736 545 736 537 736 529 736 521 736 513 736 505 736 497 736 489 736 481 736 473 736 465 736 456 736 448 736 440 736 432 736 424 736 416 736 408 736 400 736 392 736 384 736 376 736 368 736 369 744 369 752 440 758 440 758 466 753 475 757 476 757 477 757 609 752 627 756 628 756 629 756 643 752 727 755 728 755 728 755 747 749 948 746 948 737 946 720 803 719 802 719 772 724 765 725 762 736"/>
                        </Shape>
                        <String CONTENT=""/>
                    </TextLine>

                    <TextLine ID="line_21" HPOS="368" VPOS="749" WIDTH="62" HEIGHT="37" BASELINE="368 775 430 775" TAGREFS="TYPE_1">
                        <Shape>
                            <Polygon POINTS="368 775 368 786 430 784 430 775 430 761 386 749 386 749 385 749 368 750 368 775"/>
                        </Shape>
                        <String CONTENT=""/>
                    </TextLine>
</TextBlock>
                <TextBlock ID="block_1" HPOS="368" VPOS="783" WIDTH="581" HEIGHT="132" TAGREFS="TYPE_9">
                    <Shape>
                        <Polygon POINTS="368.3043518066406 783.8971557617188 949.7577514648438 783.8971557617188 949.7577514648438 915.7892456054688 368.3043518066406 915.7892456054688 368.3043518066406 783.8971557617188"/>
                    </Shape>
                    <TextLine ID="line_22" HPOS="399" VPOS="773" WIDTH="549" HEIGHT="49" BASELINE="400 809 948 802" TAGREFS="TYPE_1">
                        <Shape>
                            <Polygon POINTS="400 809 400 816 450 822 451 822 602 820 603 820 604 820 604 819 610 814 611 814 613 814 646 819 646 819 647 819 657 814 709 818 710 818 739 813 742 812 744 812 760 818 761 818 761 818 762 818 773 812 773 811 947 810 948 802 947 781 921 773 920 773 919 773 918 773 898 781 872 776 871 776 870 776 869 776 860 781 839 773 839 773 818 773 817 773 816 773 815 773 805 782 804 783 702 783 700 783 674 775 674 775 673 775 619 784 615 784 607 784 547 781 547 781 546 781 545 781 545 781 542 784 541 785 510 785 509 785 496 777 495 777 468 777 467 777 417 778 416 778 399 785 400 809"/>
                        </Shape>
                        <String CONTENT=""/>
                    </TextLine>

                    <TextLine ID="line_23" HPOS="368" VPOS="809" WIDTH="580" HEIGHT="44" BASELINE="369 839 948 835" TAGREFS="TYPE_1">
                        <Shape>
                            <Polygon POINTS="369 839 369 849 560 853 561 853 562 853 577 847 580 847 580 847 588 852 588 852 589 852 590 853 658 853 658 852 708 846 712 846 715 846 742 851 743 851 744 851 744 851 750 847 780 851 781 851 781 851 794 845 795 844 902 844 904 844 930 849 930 849 931 849 948 843 948 835 947 816 928 809 927 809 881 809 880 809 880 809 864 814 855 809 855 809 854 809 853 809 836 810 835 810 835 810 827 816 807 816 800 810 799 810 798 810 798 810 797 810 776 816 719 810 718 810 717 810 716 810 707 817 658 810 658 810 657 810 633 818 511 818 506 814 505 814 504 814 503 814 485 817 474 813 473 813 473 813 437 819 396 814 395 814 368 820 369 839"/>
                        </Shape>
                        <String CONTENT=""/>
                    </TextLine>

                    <TextLine ID="line_24" HPOS="366" VPOS="843" WIDTH="584" HEIGHT="45" BASELINE="367 872 950 867" TAGREFS="TYPE_1">
                        <Shape>
                            <Polygon POINTS="367 872 367 884 396 882 409 884 432 888 432 888 433 888 444 884 445 883 510 881 513 883 522 888 522 888 523 888 627 884 657 887 658 887 683 883 691 886 692 886 693 886 694 886 695 886 702 880 703 880 709 886 710 886 711 886 711 886 777 885 777 885 778 885 787 879 788 879 807 884 808 884 809 884 810 884 829 879 829 878 950 876 950 867 948 847 895 843 894 843 893 843 893 843 885 847 884 848 847 848 835 847 810 843 810 843 809 843 802 847 798 848 783 847 757 844 756 844 755 844 750 847 744 850 710 850 707 847 704 844 703 844 703 844 663 844 662 844 662 844 655 847 647 850 579 847 574 847 573 847 572 847 542 851 530 847 530 847 529 847 528 847 512 851 503 847 502 846 501 846 500 846 499 846 498 846 497 847 492 851 437 851 431 847 430 847 429 847 366 847 367 872"/>
                        </Shape>
                        <String CONTENT=""/>
                    </TextLine>

                    <TextLine ID="line_25" HPOS="367" VPOS="880" WIDTH="184" HEIGHT="38" BASELINE="367 906 551 906" TAGREFS="TYPE_1">
                        <Shape>
                            <Polygon POINTS="367 906 367 917 551 918 551 906 551 888 539 888 531 880 530 880 530 880 529 880 528 880 527 880 519 886 506 880 506 880 482 880 481 880 481 880 466 887 461 882 461 881 460 881 460 881 438 880 437 880 436 880 436 880 424 887 417 883 416 883 415 883 415 883 414 883 407 888 367 888 367 906"/>
                        </Shape>
                        <String CONTENT=""/>
                    </TextLine>
</TextBlock>
                <TextBlock ID="block_0" HPOS="366" VPOS="914" WIDTH="586" HEIGHT="295" TAGREFS="TYPE_9">
                    <Shape>
                        <Polygon POINTS="366.371826171875 914.2151489257812 952.3978881835938 914.2151489257812 952.3978881835938 1209.511962890625 366.371826171875 1209.511962890625 366.371826171875 914.2151489257812"/>
                    </Shape>
                    <TextLine ID="line_26" HPOS="397" VPOS="905" WIDTH="551" HEIGHT="48" BASELINE="398 938 948 932" TAGREFS="TYPE_1">
                        <Shape>
                            <Polygon POINTS="398 938 398 947 430 947 432 947 444 953 445 953 446 953 447 953 465 947 470 946 510 946 511 947 516 951 517 951 518 951 518 951 569 947 604 945 623 947 646 950 647 950 648 950 660 947 673 944 683 947 691 950 692 950 693 950 833 948 834 948 836 947 846 942 867 947 873 948 874 948 947 946 948 932 946 905 909 910 884 906 879 905 878 905 827 906 827 906 823 907 808 912 766 908 754 907 753 907 745 909 721 913 678 909 674 909 674 909 667 909 595 914 579 911 570 909 569 909 568 909 563 911 555 914 550 911 546 909 545 909 544 909 543 909 539 912 533 915 500 912 475 910 474 910 473 910 473 910 469 913 465 916 440 913 420 911 419 911 397 913 398 938"/>
                        </Shape>
                        <String CONTENT=""/>
                    </TextLine>

                    <TextLine ID="line_27" HPOS="367" VPOS="941" WIDTH="582" HEIGHT="43" BASELINE="368 971 949 964" TAGREFS="TYPE_1">
                        <Shape>
                            <Polygon POINTS="368 971 368 984 572 978 588 980 600 982 600 982 613 979 625 977 633 979 639 981 640 981 641 981 666 979 681 977 711 978 800 979 801 979 802 979 817 975 819 974 819 975 823 979 824 979 825 979 826 979 888 974 891 974 896 978 897 978 897 978 898 979 929 979 929 978 930 978 949 972 949 964 946 944 881 945 878 945 861 941 860 941 860 941 851 945 851 946 699 946 699 946 654 942 653 942 652 942 651 942 643 947 642 948 624 948 622 948 615 943 614 943 613 943 567 942 566 942 565 942 554 947 530 945 529 945 491 950 487 950 486 950 476 944 475 944 432 944 431 944 430 944 411 950 411 950 410 950 390 945 389 945 388 945 387 945 367 950 368 971"/>
                        </Shape>
                        <String CONTENT=""/>
                    </TextLine>

                    <TextLine ID="line_28" HPOS="367" VPOS="972" WIDTH="581" HEIGHT="40" BASELINE="368 1002 948 997" TAGREFS="TYPE_1">
                        <Shape>
                            <Polygon POINTS="368 1002 368 1011 834 1012 835 1012 835 1012 856 1007 857 1006 948 1005 948 997 946 979 888 973 887 973 886 973 872 978 859 972 858 972 857 972 856 972 855 972 847 979 821 973 767 973 766 973 732 978 721 974 720 974 720 974 719 974 704 979 697 974 696 974 695 974 695 974 694 974 670 979 586 974 585 974 584 974 559 981 486 975 485 975 465 976 464 976 463 976 456 983 416 983 403 976 402 976 401 976 367 983 368 1002"/>
                        </Shape>
                        <String CONTENT=""/>
                    </TextLine>

                    <TextLine ID="line_29" HPOS="372" VPOS="1006" WIDTH="578" HEIGHT="37" BASELINE="373 1034 950 1031" TAGREFS="TYPE_1">
                        <Shape>
                            <Polygon POINTS="373 1034 373 1043 950 1042 950 1031 950 1012 934 1006 934 1006 933 1006 889 1011 856 1006 855 1006 855 1006 854 1006 847 1012 828 1012 806 1006 806 1006 805 1006 765 1012 762 1012 755 1007 754 1007 753 1007 753 1007 666 1007 665 1007 664 1007 658 1012 657 1014 625 1014 621 1012 613 1008 613 1008 612 1008 611 1008 610 1008 604 1012 602 1014 571 1014 569 1012 563 1007 563 1007 562 1007 517 1007 516 1007 515 1007 514 1007 514 1008 510 1012 508 1015 427 1015 423 1012 416 1008 415 1008 415 1008 372 1011 373 1034"/>
                        </Shape>
                        <String CONTENT=""/>
                    </TextLine>

                    <TextLine ID="line_30" HPOS="370" VPOS="1036" WIDTH="576" HEIGHT="40" BASELINE="371 1068 946 1061" TAGREFS="TYPE_1">
                        <Shape>
                            <Polygon POINTS="371 1068 371 1076 946 1071 946 1061 944 1040 917 1041 913 1040 905 1036 904 1036 903 1036 902 1036 901 1036 896 1040 895 1040 894 1040 888 1036 888 1036 887 1036 886 1036 885 1036 876 1040 872 1042 855 1040 824 1036 823 1036 823 1036 822 1036 817 1040 815 1041 804 1040 758 1037 757 1037 757 1037 756 1037 751 1041 748 1044 729 1044 702 1041 658 1038 658 1038 657 1038 649 1042 644 1044 616 1043 578 1040 577 1040 576 1040 566 1043 559 1045 556 1043 554 1040 553 1040 552 1040 526 1040 525 1040 524 1040 514 1044 507 1047 433 1047 429 1044 426 1041 425 1041 424 1041 423 1041 370 1044 371 1068"/>
                        </Shape>
                        <String CONTENT=""/>
                    </TextLine>

                    <TextLine ID="line_31" HPOS="367" VPOS="1071" WIDTH="581" HEIGHT="43" BASELINE="368 1099 948 1094" TAGREFS="TYPE_1">
                        <Shape>
                            <Polygon POINTS="368 1099 368 1108 391 1108 399 1114 400 1114 401 1114 402 1114 403 1114 417 1109 477 1113 478 1113 479 1113 480 1113 486 1107 496 1113 497 1113 497 1113 583 1108 605 1112 606 1112 644 1107 662 1106 669 1107 680 1111 681 1111 682 1111 683 1111 691 1107 695 1106 711 1107 728 1110 728 1110 760 1107 801 1105 807 1107 814 1110 814 1110 815 1110 833 1107 851 1105 868 1107 881 1110 882 1110 883 1110 888 1107 899 1104 946 1107 948 1094 946 1071 367 1075 368 1099"/>
                        </Shape>
                        <String CONTENT=""/>
                    </TextLine>

                    <TextLine ID="line_32" HPOS="366" VPOS="1102" WIDTH="581" HEIGHT="45" BASELINE="366 1132 947 1127" TAGREFS="TYPE_1">
                        <Shape>
                            <Polygon POINTS="366 1147 401 1143 424 1146 425 1146 426 1146 449 1140 497 1145 498 1145 499 1145 501 1145 548 1139 606 1139 612 1143 612 1144 613 1144 613 1144 614 1144 615 1144 617 1143 631 1139 680 1143 692 1143 693 1143 694 1143 696 1143 705 1139 761 1139 765 1142 767 1143 768 1143 769 1143 769 1143 947 1139 947 1127 946 1102 897 1102 897 1102 895 1102 871 1107 827 1102 825 1102 824 1102 823 1102 802 1109 753 1105 753 1105 752 1105 751 1105 745 1110 711 1110 694 1103 693 1103 692 1103 691 1103 689 1103 658 1110 626 1104 625 1104 624 1104 623 1104 608 1111 592 1105 591 1105 570 1105 549 1105 548 1105 547 1105 524 1113 442 1113 430 1106 429 1106 428 1106 384 1111 366 1106 366 1132 366 1147"/>
                        </Shape>
                        <String CONTENT=""/>
                    </TextLine>

                    <TextLine ID="line_33" HPOS="365" VPOS="1134" WIDTH="579" HEIGHT="42" BASELINE="366 1164 944 1159" TAGREFS="TYPE_1">
                        <Shape>
                            <Polygon POINTS="366 1164 366 1172 442 1176 443 1176 533 1172 558 1171 943 1171 944 1159 942 1138 903 1134 902 1134 901 1134 888 1138 879 1140 873 1138 864 1134 863 1134 862 1134 861 1134 851 1138 843 1141 831 1138 816 1135 815 1135 814 1135 807 1139 802 1142 772 1142 757 1139 749 1137 748 1137 732 1139 710 1142 704 1139 699 1136 698 1136 697 1136 696 1136 695 1136 691 1139 688 1142 679 1139 673 1138 672 1138 671 1138 670 1138 670 1138 668 1139 663 1143 587 1143 582 1140 579 1137 578 1137 577 1137 576 1137 576 1137 563 1140 551 1143 538 1140 526 1137 525 1137 524 1137 489 1140 476 1142 465 1141 441 1138 440 1138 440 1138 432 1141 423 1145 365 1142 366 1164"/>
                        </Shape>
                        <String CONTENT=""/>
                    </TextLine>

                    <TextLine ID="line_34" HPOS="366" VPOS="1166" WIDTH="579" HEIGHT="54" BASELINE="367 1198 945 1192" TAGREFS="TYPE_1">
                        <Shape>
                            <Polygon POINTS="367 1198 367 1220 476 1220 477 1220 481 1218 487 1216 492 1218 494 1219 495 1219 496 1219 497 1219 497 1219 499 1217 507 1213 541 1216 542 1216 543 1216 555 1211 576 1216 591 1219 592 1219 592 1219 593 1219 599 1215 601 1213 606 1215 612 1217 613 1217 613 1217 614 1217 615 1217 617 1215 623 1210 635 1214 647 1218 648 1218 649 1218 682 1213 703 1210 717 1213 732 1214 732 1214 733 1214 739 1212 748 1208 761 1211 770 1213 771 1213 772 1213 773 1213 780 1211 790 1207 945 1207 945 1192 943 1172 879 1166 878 1166 877 1166 876 1166 871 1170 796 1168 795 1168 794 1168 794 1168 786 1172 770 1168 769 1168 712 1168 711 1168 711 1168 697 1173 695 1174 684 1173 617 1168 617 1168 616 1168 615 1168 615 1169 609 1174 608 1175 596 1174 546 1169 545 1169 544 1169 543 1169 536 1174 535 1175 534 1174 520 1170 519 1170 518 1170 518 1170 510 1175 506 1176 442 1176 438 1175 429 1171 428 1171 427 1171 427 1171 412 1175 409 1176 366 1176 367 1198"/>
                        </Shape>
                        <String CONTENT=""/>
                    </TextLine>
</TextBlock>
                <TextBlock ID="block_4" HPOS="840" VPOS="1199" WIDTH="104" HEIGHT="41" TAGREFS="TYPE_27">
                    <Shape>
                        <Polygon POINTS="840.241943359375 1199.01708984375 944.9678344726562 1199.01708984375 944.9678344726562 1240.425048828125 840.241943359375 1240.425048828125 840.241943359375 1199.01708984375"/>
                    </Shape>
                    <TextLine ID="line_35" HPOS="841" VPOS="1198" WIDTH="102" HEIGHT="47" BASELINE="841 1225 943 1225" TAGREFS="TYPE_1">
                        <Shape>
                            <Polygon POINTS="841 1225 841 1241 942 1245 943 1225 943 1204 923 1198 922 1198 921 1198 896 1201 885 1203 882 1201 880 1199 879 1199 878 1199 877 1199 876 1199 876 1199 874 1201 869 1204 841 1199 841 1225"/>
                        </Shape>
                        <String CONTENT=""/>
                    </TextLine>
</TextBlock>
            </PrintSpace>
        </Page>
    </Layout>
</alto>