<?xml version="1.0" encoding="UTF-8"?>
<alto xmlns:xsi="http://www.w3.org/2001/XMLSchema-instance"
    xmlns="http://www.loc.gov/standards/alto/ns-v4#"
    xsi:schemaLocation="http://www.loc.gov/standards/alto/ns-v4# http://www.loc.gov/standards/alto/v4/alto-4-3.xsd">
    <Description>
        <MeasurementUnit>pixel</MeasurementUnit>
        <sourceImageInformation>
            <fileName>2013237.jpeg</fileName>
        </sourceImageInformation>
        <Processing ID="OCR_0">
            <processingCategory>other</processingCategory>
            <processingStepDescription>unknown</processingStepDescription>
            <processingSoftware>
                <softwareName>kraken</softwareName>
                <softwareVersion>4.3.13</softwareVersion>
            </processingSoftware>
        </Processing>
    </Description>
    <Tags>
        <OtherTag ID="TYPE_1" LABEL="DefaultLine"/>
        <OtherTag ID="TYPE_2" LABEL="TableZone"/>
        <OtherTag ID="TYPE_3" LABEL="MainZone-Other"/>
        <OtherTag ID="TYPE_4" LABEL="GraphicZone-FigDesc"/>
        <OtherTag ID="TYPE_5" LABEL="GraphicZone-Decoration"/>
        <OtherTag ID="TYPE_6" LABEL="GraphicZone-TextualContent"/>
        <OtherTag ID="TYPE_7" LABEL="DropCapitalZone"/>
        <OtherTag ID="TYPE_8" LABEL="MainZone-Sp"/>
        <OtherTag ID="TYPE_9" LABEL="MainZone-P"/>
        <OtherTag ID="TYPE_10" LABEL="MarginTextZone-Notes"/>
        <OtherTag ID="TYPE_11" LABEL="MainZone-Signature"/>
        <OtherTag ID="TYPE_12" LABEL="TitlePageZone-Index"/>
        <OtherTag ID="TYPE_13" LABEL="TableZone-Head"/>
        <OtherTag ID="TYPE_14" LABEL="NumberingZone"/>
        <OtherTag ID="TYPE_15" LABEL="GraphicZone-Part"/>
        <OtherTag ID="TYPE_16" LABEL="GraphicZone-Head"/>
        <OtherTag ID="TYPE_17" LABEL="FigureZone-FigDesc"/>
        <OtherTag ID="TYPE_18" LABEL="MainZone-P-Continued"/>
        <OtherTag ID="TYPE_19" LABEL="MainZone-List"/>
        <OtherTag ID="TYPE_20" LABEL="TitlePageZone"/>
        <OtherTag ID="TYPE_21" LABEL="GraphicZone-Maths"/>
        <OtherTag ID="TYPE_22" LABEL="FigureZone"/>
        <OtherTag ID="TYPE_23" LABEL="MainZone-Date"/>
        <OtherTag ID="TYPE_24" LABEL="GraphicZone"/>
        <OtherTag ID="TYPE_25" LABEL="AdvertisementZone"/>
        <OtherTag ID="TYPE_26" LABEL="MainZone-Lg"/>
        <OtherTag ID="TYPE_27" LABEL="QuireMarksZone"/>
        <OtherTag ID="TYPE_28" LABEL="TableZone-Continued"/>
        <OtherTag ID="TYPE_29" LABEL="MainZone-Form"/>
        <OtherTag ID="TYPE_30" LABEL="MainZone-Entry"/>
        <OtherTag ID="TYPE_31" LABEL="MarginTextZone-ManuscriptAddendum"/>
        <OtherTag ID="TYPE_32" LABEL="DigitizationArtefactZone"/>
        <OtherTag ID="TYPE_33" LABEL="MarginTextZone-Notes-Continued"/>
        <OtherTag ID="TYPE_34" LABEL="MainZone-Lg-Continued"/>
        <OtherTag ID="TYPE_35" LABEL="StampZone"/>
        <OtherTag ID="TYPE_36" LABEL="MainZone-Entry-Continued"/>
        <OtherTag ID="TYPE_37" LABEL="MainZone-List-Continued"/>
        <OtherTag ID="TYPE_38" LABEL="MainZone-Head"/>
        <OtherTag ID="TYPE_39" LABEL="MainZone-Sp-Continued"/>
        <OtherTag ID="TYPE_40" LABEL="RunningTitleZone"/>
        <OtherTag ID="TYPE_41" LABEL="FigureZone-Head"/>
        <OtherTag ID="TYPE_42" LABEL="StampZone-Sticker"/>
    </Tags>
    <Layout>
        <Page WIDTH="1000" HEIGHT="1448" PHYSICAL_IMG_NR="0" ID="page_0">
            <PrintSpace HPOS="0" VPOS="0" WIDTH="1000" HEIGHT="1448">
                <TextBlock ID="block_5" HPOS="250" VPOS="97" WIDTH="177" HEIGHT="37" TAGREFS="TYPE_40">
                    <Shape>
                        <Polygon POINTS="250.15907287597656 97.18388366699219 427.93212890625 97.18388366699219 427.93212890625 134.95404052734375 250.15907287597656 134.95404052734375 250.15907287597656 97.18388366699219"/>
                    </Shape>
                    <TextLine ID="line_0" HPOS="250" VPOS="109" WIDTH="131" HEIGHT="25" BASELINE="251 123 381 124" TAGREFS="TYPE_1">
                        <Shape>
                            <Polygon POINTS="379 109 371 109 363 109 355 109 347 109 339 109 331 109 323 109 315 109 307 109 299 109 291 109 283 109 275 109 267 109 259 109 251 109 251 123 250 130 260 134 261 134 262 134 380 131 381 124 380 109 379 109"/>
                        </Shape>
                        <String CONTENT=""/>
                    </TextLine>

                    <TextLine ID="line_1" HPOS="383" VPOS="109" WIDTH="40" HEIGHT="26" BASELINE="384 124 423 125" TAGREFS="TYPE_1">
                        <Shape>
                            <Polygon POINTS="416 109 408 109 400 109 392 109 389 109 384 109 384 124 383 128 401 135 402 135 403 135 422 135 423 125 423 110 421 109 416 109"/>
                        </Shape>
                        <String CONTENT=""/>
                    </TextLine>
</TextBlock>
                <TextBlock ID="block_3" HPOS="61" VPOS="135" WIDTH="584" HEIGHT="70" TAGREFS="TYPE_18">
                    <Shape>
                        <Polygon POINTS="61.51222610473633 135.9509735107422 645.816650390625 135.9509735107422 645.816650390625 205.8529052734375 61.51222610473633 205.8529052734375 61.51222610473633 135.9509735107422"/>
                    </Shape>
                    <TextLine ID="line_2" HPOS="61" VPOS="127" WIDTH="585" HEIGHT="48" BASELINE="61 159 646 164" TAGREFS="TYPE_1">
                        <Shape>
                            <Polygon POINTS="61 159 61 169 645 175 646 164 645 137 613 139 600 136 591 133 590 133 589 133 576 135 567 137 559 135 551 133 551 133 550 133 522 135 456 139 419 134 419 134 397 138 390 132 387 130 386 130 386 130 385 130 384 130 376 132 363 135 353 131 346 129 345 129 345 129 344 129 343 129 341 131 333 137 294 137 285 131 284 131 283 131 283 131 282 131 268 136 258 130 256 128 255 128 255 128 254 128 191 128 184 129 183 129 173 133 161 128 160 127 159 127 158 127 157 127 156 128 135 136 115 136 91 127 90 127 61 127 61 159"/>
                        </Shape>
                        <String CONTENT=""/>
                    </TextLine>

                    <TextLine ID="line_3" HPOS="61" VPOS="165" WIDTH="358" HEIGHT="44" BASELINE="61 192 419 194" TAGREFS="TYPE_1">
                        <Shape>
                            <Polygon POINTS="61 204 94 207 95 207 96 207 97 207 99 205 104 201 134 201 144 205 150 207 151 207 152 207 152 207 153 207 156 205 160 201 173 201 177 205 180 207 180 208 181 208 181 208 182 209 198 209 198 208 199 208 204 205 211 202 250 202 254 206 255 207 255 208 256 208 257 208 258 208 267 206 279 203 287 206 290 208 291 208 347 209 348 209 362 207 390 203 418 207 419 194 419 174 401 168 400 168 399 168 399 168 387 173 386 173 382 173 355 168 354 168 322 172 300 173 234 169 181 166 180 166 166 168 145 170 123 167 118 166 117 166 116 166 115 166 115 167 110 172 82 172 62 165 61 192 61 204"/>
                        </Shape>
                        <String CONTENT=""/>
                    </TextLine>
</TextBlock>
                <TextBlock ID="block_1" HPOS="60" VPOS="205" WIDTH="589" HEIGHT="647" TAGREFS="TYPE_9">
                    <Shape>
                        <Polygon POINTS="60.55837631225586 205.2958984375 649.0474243164062 205.2958984375 649.0474243164062 852.1986083984375 60.55837631225586 852.1986083984375 60.55837631225586 205.2958984375"/>
                    </Shape>
                    <TextLine ID="line_4" HPOS="95" VPOS="198" WIDTH="551" HEIGHT="44" BASELINE="96 225 646 228" TAGREFS="TYPE_1">
                        <Shape>
                            <Polygon POINTS="522 214 520 202 508 200 489 200 488 200 487 200 486 200 477 205 477 206 476 205 469 201 468 201 467 201 466 201 465 201 451 205 447 206 446 205 440 201 440 200 440 200 439 200 438 200 437 200 419 205 413 206 339 204 284 202 283 202 276 203 263 205 259 203 254 199 253 199 252 199 232 198 231 198 209 202 197 205 189 202 177 198 176 198 176 198 96 201 96 225 95 232 119 240 119 240 120 241 149 241 149 240 150 240 168 234 265 234 272 241 273 241 274 241 275 241 306 234 308 234 318 241 319 241 320 241 320 241 344 235 350 240 350 241 351 241 352 241 371 242 372 242 390 242 390 242 390 242 391 242 400 236 406 240 406 241 407 241 407 241 408 241 431 236 432 235 505 235 510 237 526 242 527 242 528 242 529 242 545 237 547 237 551 237 596 242 597 242 646 238 646 228 646 208 610 208 609 207 594 201 593 201 592 201 592 201 576 206 575 207 573 206 561 201 560 201 559 201 559 201 538 206 536 206 535 206 524 203 522 214"/>
                        </Shape>
                        <String CONTENT=""/>
                    </TextLine>

                    <TextLine ID="line_5" HPOS="61" VPOS="230" WIDTH="585" HEIGHT="44" BASELINE="62 256 646 259" TAGREFS="TYPE_1">
                        <Shape>
                            <Polygon POINTS="521 244 518 240 500 240 494 237 483 232 482 232 442 232 441 232 440 232 440 232 436 236 432 238 427 236 419 232 419 232 418 232 399 235 381 238 307 238 294 234 292 233 291 233 290 233 289 233 288 234 279 237 274 233 271 231 271 231 270 231 269 231 255 233 215 238 188 231 181 230 181 230 180 230 177 231 164 238 124 238 106 230 106 230 62 230 62 256 61 266 119 271 119 271 142 267 146 266 148 267 158 270 159 270 160 270 217 267 221 267 222 267 227 271 228 271 229 271 230 271 279 267 283 267 283 267 289 271 290 271 291 271 292 271 327 267 330 267 333 267 353 272 354 272 355 272 478 267 479 267 480 267 513 273 514 273 514 273 531 268 543 273 544 273 545 274 634 274 634 273 635 273 645 267 646 259 645 240 601 240 599 238 581 233 580 233 580 233 579 233 562 238 560 238 559 238 548 233 547 233 547 233 546 233 535 238 532 240 522 240 521 244"/>
                        </Shape>
                        <String CONTENT=""/>
                    </TextLine>

                    <TextLine ID="line_6" HPOS="62" VPOS="262" WIDTH="584" HEIGHT="45" BASELINE="62 288 646 294" TAGREFS="TYPE_1">
                        <Shape>
                            <Polygon POINTS="521 285 517 273 485 273 483 271 481 269 481 268 480 268 479 268 478 268 462 271 456 271 454 271 445 265 444 265 444 265 415 265 415 265 414 265 401 270 397 271 395 270 387 264 386 264 386 264 385 264 384 264 383 264 377 269 374 271 361 269 312 263 311 263 310 263 309 263 302 268 300 269 299 268 291 265 290 265 289 265 288 265 280 268 275 270 258 267 222 263 221 263 192 267 174 269 161 266 144 262 144 262 143 262 120 266 113 267 106 265 92 262 91 262 90 262 62 264 62 288 62 300 140 297 149 302 150 302 151 302 152 302 163 302 226 299 231 303 232 303 233 303 234 303 245 303 303 300 320 304 323 304 324 304 333 304 393 300 467 304 479 305 480 305 491 305 562 301 573 306 574 306 575 306 576 307 645 307 646 294 645 274 574 274 570 272 545 266 544 266 543 266 543 266 527 271 525 273 524 273 521 285"/>
                        </Shape>
                        <String CONTENT=""/>
                    </TextLine>

                    <TextLine ID="line_7" HPOS="61" VPOS="296" WIDTH="584" HEIGHT="41" BASELINE="62 321 645 326" TAGREFS="TYPE_1">
                        <Shape>
                            <Polygon POINTS="521 317 516 304 513 305 510 304 503 299 502 299 502 299 501 299 480 304 470 305 464 303 451 298 450 298 449 298 448 298 432 302 424 305 398 305 391 301 384 298 383 298 382 298 368 301 358 304 355 301 351 298 351 297 350 297 349 297 349 297 348 297 337 300 326 304 320 300 316 297 315 297 314 297 313 297 294 300 271 303 263 299 257 296 256 296 255 296 224 298 160 303 123 296 116 296 115 296 110 296 89 300 62 296 62 321 61 330 192 334 193 334 193 334 202 331 207 330 222 332 259 335 259 335 306 332 324 331 333 332 358 336 358 336 400 333 411 332 419 333 451 337 452 337 554 333 562 333 563 333 579 337 580 337 580 337 644 333 645 326 644 307 549 306 547 304 539 300 538 300 537 300 525 303 521 317"/>
                        </Shape>
                        <String CONTENT=""/>
                    </TextLine>

                    <TextLine ID="line_8" HPOS="64" VPOS="327" WIDTH="580" HEIGHT="45" BASELINE="64 353 644 358" TAGREFS="TYPE_1">
                        <Shape>
                            <Polygon POINTS="522 350 518 336 505 331 504 331 503 331 502 331 485 337 481 337 475 336 466 333 465 333 465 333 431 336 409 337 406 335 397 329 396 329 395 329 395 329 394 329 382 335 381 336 350 336 345 334 330 329 329 329 329 329 328 329 317 333 313 336 279 336 275 333 270 329 269 329 268 329 267 329 267 329 257 333 251 335 222 335 216 332 205 328 204 328 203 328 167 329 166 329 165 329 161 331 156 334 124 331 89 327 88 327 64 329 64 353 64 366 391 365 397 367 405 370 406 370 407 370 469 367 488 366 491 367 503 371 504 371 505 371 506 371 506 371 512 367 514 366 514 367 520 371 521 371 522 371 565 372 566 372 643 367 644 358 643 339 609 332 608 332 607 332 592 337 559 331 559 331 526 336 522 350"/>
                        </Shape>
                        <String CONTENT=""/>
                    </TextLine>

                    <TextLine ID="line_9" HPOS="61" VPOS="361" WIDTH="582" HEIGHT="43" BASELINE="61 386 643 391" TAGREFS="TYPE_1">
                        <Shape>
                            <Polygon POINTS="61 386 61 395 152 395 154 395 181 400 182 400 218 395 225 395 234 396 275 399 276 399 292 396 293 396 300 400 300 400 301 400 302 400 303 400 304 400 309 396 312 396 352 402 353 402 405 398 444 402 445 402 446 402 462 398 469 403 470 403 471 403 472 403 526 403 526 403 526 403 547 398 588 403 588 404 631 404 631 403 632 403 642 398 643 391 643 371 618 365 617 365 617 365 616 365 600 371 598 372 547 372 543 370 534 367 533 367 532 367 518 370 512 370 509 370 496 364 495 364 494 364 466 369 453 370 445 368 440 366 439 366 438 366 427 368 415 370 411 367 407 363 406 363 405 363 371 363 370 363 370 363 361 366 353 370 339 366 322 362 321 362 303 366 284 369 279 365 276 362 275 362 275 362 274 362 242 365 192 368 180 363 175 362 174 362 173 362 172 362 169 363 160 368 141 368 135 362 133 361 132 361 131 361 98 361 98 361 97 361 96 361 95 362 90 366 61 362 61 386"/>
                        </Shape>
                        <String CONTENT=""/>
                    </TextLine>

                    <TextLine ID="line_10" HPOS="63" VPOS="393" WIDTH="584" HEIGHT="44" BASELINE="64 419 647 422" TAGREFS="TYPE_1">
                        <Shape>
                            <Polygon POINTS="522 409 518 399 511 400 503 401 496 400 469 394 469 394 428 399 414 400 408 399 397 394 396 394 395 394 395 394 386 399 382 401 358 401 337 400 333 398 329 394 329 394 328 394 327 394 326 394 312 397 304 399 300 397 296 394 295 394 294 394 293 394 240 396 181 399 161 394 151 393 150 393 149 393 145 394 136 399 103 399 94 394 92 393 91 393 90 393 64 393 64 419 63 427 74 434 75 434 76 435 102 435 102 434 102 434 115 427 116 427 202 427 284 427 285 428 295 435 296 435 296 435 297 435 333 428 335 428 336 428 355 436 356 436 357 436 358 436 370 429 388 429 401 436 402 436 403 436 427 431 433 436 434 436 435 436 436 436 473 431 534 436 534 437 623 437 623 436 624 436 646 429 647 422 647 403 600 402 588 396 587 396 586 396 563 401 562 401 561 401 550 395 549 395 548 395 526 398 522 409"/>
                        </Shape>
                        <String CONTENT=""/>
                    </TextLine>

                    <TextLine ID="line_11" HPOS="63" VPOS="426" WIDTH="583" HEIGHT="42" BASELINE="63 452 646 455" TAGREFS="TYPE_1">
                        <Shape>
                            <Polygon POINTS="646 436 585 430 584 430 563 435 557 436 551 434 533 429 532 429 531 429 455 432 405 435 395 431 386 428 386 428 385 428 384 428 383 428 378 431 372 436 355 436 317 430 294 427 293 427 292 427 285 430 275 432 246 429 232 427 231 427 222 428 191 433 184 427 183 427 182 427 181 427 181 427 180 427 176 427 158 434 126 434 105 427 104 427 103 427 102 427 84 433 64 426 63 452 63 464 394 464 399 464 426 468 427 468 443 464 446 464 450 464 472 468 473 468 493 464 495 464 496 464 501 468 502 468 502 468 503 468 646 464 646 455 646 436"/>
                        </Shape>
                        <String CONTENT=""/>
                    </TextLine>

                    <TextLine ID="line_12" HPOS="61" VPOS="461" WIDTH="585" HEIGHT="40" BASELINE="61 483 646 487" TAGREFS="TYPE_1">
                        <Shape>
                            <Polygon POINTS="61 483 61 493 160 497 160 497 161 497 173 493 177 493 183 493 213 499 214 500 281 500 281 499 282 499 294 494 296 493 314 493 315 494 322 500 323 500 324 500 325 501 361 501 361 500 362 500 362 500 370 494 371 494 376 494 456 501 456 501 457 501 471 495 500 501 501 501 561 496 573 501 574 501 575 501 646 495 646 487 646 469 621 464 621 464 586 468 582 468 577 468 530 463 481 463 481 463 480 463 471 467 469 468 463 467 437 463 436 463 419 466 412 468 379 468 376 466 369 462 368 462 367 462 344 465 335 467 329 465 316 462 316 462 315 462 296 465 294 465 293 465 289 461 288 461 288 461 287 461 286 461 279 465 275 466 268 464 250 461 249 461 248 461 238 464 231 466 215 464 191 461 190 461 178 464 170 465 61 463 61 483"/>
                        </Shape>
                        <String CONTENT=""/>
                    </TextLine>

                    <TextLine ID="line_13" HPOS="60" VPOS="490" WIDTH="586" HEIGHT="42" BASELINE="61 517 646 519" TAGREFS="TYPE_1">
                        <Shape>
                            <Polygon POINTS="61 517 60 526 164 530 165 530 166 530 167 530 171 527 172 526 226 526 232 527 256 531 257 531 290 527 292 527 292 527 304 531 305 531 306 531 497 528 502 532 503 532 504 532 505 532 646 527 646 519 646 500 619 492 618 492 617 492 617 492 604 497 596 493 595 493 594 493 593 493 571 498 562 492 561 492 560 492 559 492 559 492 558 492 548 498 546 500 462 500 457 497 445 491 444 491 444 491 443 491 423 496 415 499 318 499 301 494 288 491 288 491 287 491 286 491 277 494 263 498 225 498 216 493 210 490 209 490 150 490 149 490 148 490 148 490 146 492 138 497 114 497 101 491 98 490 98 490 97 490 61 490 61 517"/>
                        </Shape>
                        <String CONTENT=""/>
                    </TextLine>

                    <TextLine ID="line_14" HPOS="62" VPOS="523" WIDTH="584" HEIGHT="43" BASELINE="63 549 646 552" TAGREFS="TYPE_1">
                        <Shape>
                            <Polygon POINTS="63 549 62 559 67 563 68 563 69 563 69 563 193 559 198 563 199 563 200 563 201 563 201 563 217 559 234 564 235 564 236 564 321 559 329 564 329 564 330 564 331 564 365 560 451 564 452 564 452 564 460 560 469 564 469 564 470 564 512 561 553 566 554 566 645 560 646 552 645 531 605 526 604 526 604 526 590 530 589 531 534 531 531 530 518 526 518 526 517 526 516 526 515 526 509 530 502 525 501 525 500 525 499 525 498 525 483 530 481 530 480 530 454 525 430 525 429 525 428 525 427 525 422 529 422 530 421 529 415 525 415 525 414 525 370 525 369 525 368 525 367 525 363 529 361 530 312 530 310 528 305 524 304 524 304 524 303 524 269 528 263 528 256 528 209 523 208 523 175 527 163 528 63 526 63 549"/>
                        </Shape>
                        <String CONTENT=""/>
                    </TextLine>

                    <TextLine ID="line_15" HPOS="62" VPOS="557" WIDTH="583" HEIGHT="40" BASELINE="62 584 645 583" TAGREFS="TYPE_1">
                        <Shape>
                            <Polygon POINTS="62 597 99 596 100 596 101 596 109 592 132 592 138 596 139 596 139 596 140 596 168 592 299 592 312 596 312 596 313 596 314 596 644 594 645 583 643 563 624 559 623 559 544 562 528 563 526 562 521 557 520 557 519 557 518 557 518 557 503 562 499 563 444 563 441 561 436 557 436 557 435 557 434 557 386 561 358 563 328 560 292 557 292 557 291 557 285 559 279 563 269 559 260 557 259 557 259 557 258 557 257 557 255 559 250 563 237 563 231 559 228 557 227 557 226 557 226 557 207 559 181 562 175 559 172 557 171 557 139 557 138 557 137 557 136 557 135 559 130 562 119 558 115 557 115 557 114 557 106 558 79 563 62 558 62 584 62 597"/>
                        </Shape>
                        <String CONTENT=""/>
                    </TextLine>

                    <TextLine ID="line_16" HPOS="63" VPOS="588" WIDTH="581" HEIGHT="40" BASELINE="63 615 644 617" TAGREFS="TYPE_1">
                        <Shape>
                            <Polygon POINTS="63 615 63 628 643 625 644 617 644 596 585 596 585 595 575 591 574 591 573 591 572 591 559 594 552 589 551 589 551 589 502 589 502 589 501 589 500 589 493 595 492 595 489 595 436 590 436 590 408 595 406 595 405 595 395 589 394 589 393 589 392 589 372 595 371 595 357 595 355 595 347 589 346 589 345 589 345 589 309 594 301 588 300 588 300 588 299 588 298 588 275 594 275 594 274 594 237 588 193 588 192 588 191 588 190 588 181 594 181 595 146 595 144 594 127 588 126 588 125 588 124 588 114 594 113 594 111 594 94 590 93 590 63 593 63 615"/>
                        </Shape>
                        <String CONTENT=""/>
                    </TextLine>

                    <TextLine ID="line_17" HPOS="60" VPOS="620" WIDTH="583" HEIGHT="42" BASELINE="61 645 643 650" TAGREFS="TYPE_1">
                        <Shape>
                            <Polygon POINTS="61 645 60 656 641 662 643 650 643 630 605 630 605 629 599 625 599 624 598 624 597 624 596 624 596 624 595 624 587 629 586 630 559 630 557 629 536 623 535 623 534 623 505 629 503 629 502 629 469 623 469 623 415 626 401 622 400 622 399 622 399 622 389 626 352 621 316 621 315 621 314 621 300 627 300 627 284 621 283 621 283 621 252 625 232 621 231 621 230 621 204 626 202 626 144 626 144 625 128 620 127 620 127 620 126 620 106 625 104 625 103 625 82 621 81 621 61 625 61 645"/>
                        </Shape>
                        <String CONTENT=""/>
                    </TextLine>

                    <TextLine ID="line_18" HPOS="59" VPOS="653" WIDTH="585" HEIGHT="39" BASELINE="60 678 644 682" TAGREFS="TYPE_1">
                        <Shape>
                            <Polygon POINTS="60 678 59 686 69 691 70 691 71 691 118 688 176 692 177 692 643 691 644 682 643 662 621 662 620 662 612 656 611 656 610 656 588 656 587 656 586 656 585 656 576 662 576 662 487 662 485 661 465 655 465 655 464 655 433 660 429 661 424 660 401 656 400 656 299 658 283 654 282 654 281 654 205 655 204 655 197 658 196 659 189 658 159 653 158 653 60 657 60 678"/>
                        </Shape>
                        <String CONTENT=""/>
                    </TextLine>

                    <TextLine ID="line_19" HPOS="62" VPOS="686" WIDTH="582" HEIGHT="42" BASELINE="62 711 644 715" TAGREFS="TYPE_1">
                        <Shape>
                            <Polygon POINTS="285 686 279 686 271 686 263 686 255 686 247 686 239 686 234 686 233 686 232 686 212 693 211 693 210 693 181 686 175 686 168 686 109 692 106 692 106 692 85 686 78 686 78 686 62 691 62 711 62 723 315 723 324 723 367 727 368 727 369 727 370 727 374 723 376 722 400 722 403 723 411 726 411 726 412 726 413 726 423 723 426 723 432 728 432 728 433 728 434 728 470 724 489 727 490 727 491 727 492 727 496 723 497 723 522 723 522 723 526 727 526 728 527 728 528 728 529 728 530 728 539 724 558 728 559 728 643 723 644 715 644 696 631 689 630 689 602 689 601 689 600 689 586 695 467 695 467 695 460 689 459 689 458 689 457 689 439 692 422 688 421 688 420 688 394 695 368 695 352 695 352 694 341 688 340 688 339 688 304 694 302 694 301 694 286 686 285 686"/>
                        </Shape>
                        <String CONTENT=""/>
                    </TextLine>

                    <TextLine ID="line_20" HPOS="61" VPOS="718" WIDTH="584" HEIGHT="40" BASELINE="61 744 645 748" TAGREFS="TYPE_1">
                        <Shape>
                            <Polygon POINTS="61 744 61 755 643 758 645 748 645 727 621 721 620 721 619 721 603 726 598 721 597 721 596 721 596 721 536 724 530 720 529 720 528 720 527 720 526 720 513 725 506 720 506 720 505 720 483 720 482 720 481 720 481 720 475 725 474 725 473 725 432 720 431 720 329 724 319 724 318 724 311 719 310 719 309 719 308 719 275 724 259 719 258 719 257 719 256 719 255 719 247 724 245 724 169 718 168 718 168 718 157 723 126 718 125 718 124 718 114 723 113 723 111 723 80 719 79 719 61 722 61 744"/>
                        </Shape>
                        <String CONTENT=""/>
                    </TextLine>

                    <TextLine ID="line_21" HPOS="59" VPOS="749" WIDTH="585" HEIGHT="42" BASELINE="60 776 644 781" TAGREFS="TYPE_1">
                        <Shape>
                            <Polygon POINTS="60 776 59 786 642 791 644 781 643 754 611 760 567 754 560 753 559 753 559 753 556 754 542 759 523 754 520 753 519 753 518 753 514 754 487 759 480 754 478 752 477 752 477 752 476 752 465 754 441 758 407 754 404 754 403 754 402 754 383 757 379 754 376 752 375 752 374 752 330 752 329 752 329 752 322 754 315 757 310 754 306 751 305 751 304 751 267 751 267 751 266 751 256 754 249 756 242 754 227 750 226 750 181 750 180 750 179 750 164 754 159 756 155 754 146 751 145 751 144 751 98 754 83 749 82 749 82 749 81 749 80 749 74 754 72 755 60 755 60 776"/>
                        </Shape>
                        <String CONTENT=""/>
                    </TextLine>

                    <TextLine ID="line_22" HPOS="61" VPOS="781" WIDTH="579" HEIGHT="47" BASELINE="61 809 640 814" TAGREFS="TYPE_1">
                        <Shape>
                            <Polygon POINTS="61 809 61 821 251 819 267 823 271 825 272 825 273 825 274 825 276 823 283 820 399 824 399 824 400 824 401 824 406 821 438 826 447 826 448 826 465 826 536 822 567 827 572 827 572 828 639 828 640 814 638 786 621 792 560 792 548 786 544 785 543 785 543 785 542 785 538 786 528 791 479 791 472 786 469 785 469 785 468 785 467 785 452 786 427 789 419 786 411 784 411 784 410 784 398 786 384 789 380 786 377 784 376 784 375 784 374 784 355 786 339 789 326 786 308 783 308 783 307 783 306 783 301 786 297 789 294 786 290 784 289 784 288 784 288 784 287 784 275 786 272 787 262 786 204 782 203 782 202 782 188 786 152 781 152 781 111 787 106 787 103 787 77 781 76 781 75 781 61 786 61 809"/>
                        </Shape>
                        <String CONTENT=""/>
                    </TextLine>

                    <TextLine ID="line_23" HPOS="59" VPOS="815" WIDTH="292" HEIGHT="39" BASELINE="60 842 351 844" TAGREFS="TYPE_1">
                        <Shape>
                            <Polygon POINTS="60 842 59 851 349 854 351 844 350 825 306 825 305 824 289 817 288 817 288 817 258 823 255 824 252 823 236 816 235 816 179 816 178 816 139 822 135 822 131 822 98 815 97 815 96 815 84 822 60 822 60 842"/>
                        </Shape>
                        <String CONTENT=""/>
                    </TextLine>
</TextBlock>
                <TextBlock ID="block_0" HPOS="56" VPOS="853" WIDTH="590" HEIGHT="364" TAGREFS="TYPE_9">
                    <Shape>
                        <Polygon POINTS="56.76103210449219 853.116455078125 646.6126098632812 853.116455078125 646.6126098632812 1217.147705078125 56.76103210449219 1217.147705078125 56.76103210449219 853.116455078125"/>
                    </Shape>
                    <TextLine ID="line_24" HPOS="87" VPOS="847" WIDTH="553" HEIGHT="44" BASELINE="87 875 640 879" TAGREFS="TYPE_1">
                        <Shape>
                            <Polygon POINTS="87 875 87 884 308 884 338 887 360 888 361 888 374 887 395 884 416 888 428 889 429 889 430 889 434 888 442 885 518 885 526 889 529 890 530 890 530 891 639 891 640 879 639 857 587 857 585 856 570 851 569 851 568 851 567 851 567 851 559 855 558 856 554 855 530 850 511 850 510 850 510 850 509 850 509 851 503 855 502 856 424 856 385 855 382 853 377 849 376 849 375 849 374 849 374 849 364 853 360 855 341 853 300 848 299 848 243 851 203 854 200 851 197 848 197 847 196 847 195 847 194 847 193 847 187 851 182 853 177 851 171 847 170 847 169 847 152 851 135 853 126 850 119 847 119 847 118 847 87 849 87 875"/>
                        </Shape>
                        <String CONTENT=""/>
                    </TextLine>

                    <TextLine ID="line_25" HPOS="60" VPOS="880" WIDTH="581" HEIGHT="45" BASELINE="60 906 641 913" TAGREFS="TYPE_1">
                        <Shape>
                            <Polygon POINTS="60 906 60 917 345 916 381 921 383 921 384 921 386 921 408 917 428 917 434 922 435 922 436 922 526 923 526 923 527 923 528 923 540 918 569 924 573 924 574 925 640 925 641 913 641 892 530 884 529 884 528 884 511 888 497 884 496 884 495 884 459 890 457 890 456 890 436 884 435 884 434 884 433 884 417 889 319 889 318 888 310 882 309 882 308 882 308 882 269 888 261 881 260 881 259 881 222 881 221 881 220 881 219 881 213 886 187 880 158 880 157 880 156 880 143 887 141 887 60 886 60 906"/>
                        </Shape>
                        <String CONTENT=""/>
                    </TextLine>

                    <TextLine ID="line_26" HPOS="61" VPOS="915" WIDTH="581" HEIGHT="40" BASELINE="61 938 642 942" TAGREFS="TYPE_1">
                        <Shape>
                            <Polygon POINTS="61 938 61 951 86 952 86 952 87 952 88 952 88 951 94 947 126 947 135 951 136 952 137 952 138 952 144 951 168 947 190 951 201 953 201 953 234 951 289 948 322 948 326 950 329 954 330 954 331 954 332 954 378 950 397 950 408 950 444 954 445 954 471 950 477 950 479 950 488 954 489 954 572 955 573 955 574 955 590 951 601 955 602 955 603 955 604 955 615 951 624 955 625 955 625 955 626 955 641 950 642 942 641 924 526 917 526 917 525 917 512 922 499 917 498 917 497 917 452 922 447 922 439 922 358 917 358 917 357 917 347 921 346 922 325 922 325 921 320 917 319 917 318 917 317 917 316 917 302 921 300 921 299 921 288 917 288 917 287 917 230 921 223 921 222 921 207 916 206 916 205 916 142 920 140 920 135 915 134 915 133 915 132 915 131 915 113 920 111 920 61 920 61 938"/>
                        </Shape>
                        <String CONTENT=""/>
                    </TextLine>

                    <TextLine ID="line_27" HPOS="59" VPOS="947" WIDTH="584" HEIGHT="40" BASELINE="60 970 643 974" TAGREFS="TYPE_1">
                        <Shape>
                            <Polygon POINTS="60 970 59 978 97 984 98 984 98 984 112 979 125 984 126 984 127 984 127 984 141 979 346 980 351 985 352 985 353 985 353 985 383 981 395 986 395 986 396 986 454 981 497 987 498 987 630 987 630 987 631 987 642 981 643 974 641 950 630 954 594 950 592 950 591 950 584 950 498 954 478 950 471 949 470 949 436 950 362 953 350 950 340 948 339 948 303 950 274 952 263 950 247 948 246 948 246 948 237 950 230 952 208 950 176 948 175 948 145 950 135 951 133 950 123 947 123 947 122 947 60 950 60 970"/>
                        </Shape>
                        <String CONTENT=""/>
                    </TextLine>

                    <TextLine ID="line_28" HPOS="58" VPOS="976" WIDTH="584" HEIGHT="45" BASELINE="59 1003 642 1007" TAGREFS="TYPE_1">
                        <Shape>
                            <Polygon POINTS="59 1003 58 1011 105 1017 106 1017 151 1012 156 1012 160 1012 199 1018 200 1019 246 1019 246 1018 246 1018 247 1018 252 1014 255 1013 265 1014 302 1019 303 1019 389 1016 439 1015 444 1017 448 1020 449 1020 450 1020 451 1021 496 1021 496 1020 497 1020 497 1020 502 1018 506 1016 516 1018 526 1020 526 1020 527 1020 641 1020 642 1007 641 987 618 983 617 983 601 986 595 981 594 981 593 981 592 981 551 984 547 980 546 980 545 980 544 980 543 980 530 985 526 987 462 987 453 983 440 979 440 979 418 979 417 979 416 979 415 979 411 983 407 985 398 983 387 979 386 979 386 979 385 979 384 979 380 982 374 986 351 986 334 985 330 981 328 979 328 979 327 979 326 979 268 979 267 979 267 979 263 979 253 984 230 984 223 979 222 978 222 978 221 978 220 978 219 978 216 979 201 984 156 984 129 977 127 977 126 977 123 977 90 983 83 977 82 977 82 977 59 976 59 1003"/>
                        </Shape>
                        <String CONTENT=""/>
                    </TextLine>

                    <TextLine ID="line_29" HPOS="59" VPOS="1011" WIDTH="582" HEIGHT="42" BASELINE="60 1036 641 1037" TAGREFS="TYPE_1">
                        <Shape>
                            <Polygon POINTS="60 1036 59 1044 108 1051 109 1051 110 1051 111 1051 119 1045 150 1051 151 1051 187 1045 216 1051 217 1051 263 1050 263 1050 264 1050 271 1045 308 1051 308 1051 309 1051 310 1051 317 1045 350 1045 382 1045 388 1051 388 1052 389 1052 390 1052 390 1052 391 1052 414 1046 427 1052 427 1052 428 1053 456 1053 456 1052 456 1052 467 1046 507 1052 508 1053 617 1053 617 1052 618 1052 619 1052 626 1046 641 1046 641 1037 641 1018 572 1013 571 1013 543 1017 540 1017 539 1017 522 1011 521 1011 520 1011 519 1011 508 1017 506 1018 456 1018 454 1016 443 1011 442 1011 441 1011 416 1016 411 1017 397 1016 360 1013 359 1013 320 1016 308 1016 301 1016 270 1011 248 1011 247 1011 246 1011 238 1016 236 1016 228 1016 198 1011 171 1011 170 1011 169 1011 168 1011 164 1015 164 1016 163 1015 153 1011 152 1011 152 1011 60 1014 60 1036"/>
                        </Shape>
                        <String CONTENT=""/>
                    </TextLine>

                    <TextLine ID="line_30" HPOS="57" VPOS="1044" WIDTH="584" HEIGHT="42" BASELINE="58 1069 641 1071" TAGREFS="TYPE_1">
                        <Shape>
                            <Polygon POINTS="58 1069 57 1077 78 1084 79 1084 80 1085 128 1085 128 1084 129 1084 130 1084 135 1080 154 1084 155 1084 180 1079 188 1084 189 1084 189 1084 354 1085 355 1085 380 1080 398 1085 399 1085 399 1085 437 1080 465 1080 471 1086 472 1086 473 1086 473 1086 559 1086 559 1086 640 1080 641 1071 640 1052 592 1046 591 1046 590 1046 575 1051 574 1051 573 1051 553 1047 552 1047 515 1049 506 1045 506 1045 505 1045 469 1050 465 1051 460 1050 431 1045 430 1045 386 1050 382 1050 374 1044 374 1044 373 1044 348 1044 347 1044 346 1044 345 1044 339 1050 332 1044 331 1044 330 1044 329 1044 302 1049 298 1050 293 1049 274 1046 273 1046 272 1046 271 1046 268 1049 267 1049 263 1045 263 1045 262 1045 261 1045 188 1049 176 1049 174 1048 166 1044 165 1044 164 1044 164 1044 106 1048 72 1044 71 1044 70 1044 58 1048 58 1069"/>
                        </Shape>
                        <String CONTENT=""/>
                    </TextLine>

                    <TextLine ID="line_31" HPOS="58" VPOS="1077" WIDTH="582" HEIGHT="41" BASELINE="58 1100 640 1103" TAGREFS="TYPE_1">
                        <Shape>
                            <Polygon POINTS="58 1100 58 1114 86 1110 92 1114 94 1116 95 1116 96 1116 97 1116 98 1116 98 1116 101 1114 106 1110 124 1110 139 1114 148 1116 148 1116 149 1116 172 1114 201 1110 209 1114 217 1117 218 1117 218 1118 270 1118 270 1117 308 1114 332 1111 341 1113 358 1118 358 1118 359 1118 388 1113 396 1112 403 1113 427 1118 427 1118 572 1114 607 1118 608 1118 639 1112 640 1103 639 1085 584 1079 583 1079 522 1083 499 1084 490 1082 472 1078 471 1078 422 1081 390 1083 377 1081 363 1078 362 1078 362 1078 356 1081 349 1083 332 1080 316 1077 316 1077 304 1080 292 1082 172 1082 167 1077 166 1077 165 1077 164 1077 164 1077 148 1077 95 1081 58 1077 58 1100"/>
                        </Shape>
                        <String CONTENT=""/>
                    </TextLine>

                    <TextLine ID="line_32" HPOS="57" VPOS="1107" WIDTH="586" HEIGHT="46" BASELINE="58 1133 643 1137" TAGREFS="TYPE_1">
                        <Shape>
                            <Polygon POINTS="58 1133 57 1146 74 1150 74 1150 75 1150 76 1150 80 1146 82 1144 135 1144 144 1146 158 1150 159 1150 160 1150 160 1150 169 1147 175 1144 187 1147 207 1150 208 1150 242 1147 243 1147 292 1151 293 1151 323 1147 324 1147 325 1147 357 1151 358 1151 358 1151 366 1147 372 1151 373 1151 374 1151 374 1151 443 1147 446 1147 450 1147 526 1153 527 1153 553 1147 627 1153 628 1153 629 1153 642 1147 643 1137 643 1114 631 1110 630 1110 629 1110 600 1114 584 1116 581 1114 577 1110 576 1110 576 1110 575 1110 557 1114 546 1116 533 1114 508 1110 507 1110 506 1110 495 1114 490 1115 484 1114 465 1110 465 1110 464 1110 463 1110 458 1114 456 1116 427 1116 424 1114 420 1110 420 1110 419 1110 419 1110 418 1110 392 1114 386 1114 384 1114 376 1110 375 1110 374 1110 351 1114 343 1114 332 1114 283 1108 283 1108 282 1108 267 1114 265 1114 213 1114 207 1113 172 1107 171 1107 170 1107 158 1112 153 1109 152 1109 152 1109 151 1109 104 1113 101 1113 99 1113 70 1107 69 1107 69 1107 58 1112 58 1133"/>
                        </Shape>
                        <String CONTENT=""/>
                    </TextLine>

                    <TextLine ID="line_33" HPOS="57" VPOS="1142" WIDTH="583" HEIGHT="42" BASELINE="57 1166 640 1171" TAGREFS="TYPE_1">
                        <Shape>
                            <Polygon POINTS="57 1166 57 1179 135 1176 150 1180 156 1181 156 1181 157 1182 230 1182 230 1181 230 1181 234 1180 240 1177 246 1180 251 1182 251 1182 252 1182 274 1180 295 1178 309 1180 324 1182 325 1182 337 1180 349 1178 374 1180 407 1183 408 1183 426 1180 434 1179 441 1180 460 1184 461 1184 524 1180 535 1180 537 1180 543 1184 544 1184 545 1184 546 1184 639 1180 640 1171 638 1151 582 1152 579 1151 573 1146 572 1146 572 1146 554 1146 553 1146 552 1146 543 1150 540 1152 516 1152 509 1149 494 1145 493 1145 493 1145 492 1145 481 1149 473 1151 463 1149 445 1144 444 1144 444 1144 389 1148 349 1151 341 1147 332 1143 331 1143 330 1143 312 1147 298 1151 268 1151 256 1147 244 1143 243 1143 242 1143 219 1146 202 1148 194 1146 186 1143 185 1143 185 1143 168 1145 151 1148 139 1145 130 1142 129 1142 98 1142 98 1142 97 1142 92 1144 87 1147 57 1144 57 1166"/>
                        </Shape>
                        <String CONTENT=""/>
                    </TextLine>

                    <TextLine ID="line_34" HPOS="59" VPOS="1176" WIDTH="579" HEIGHT="49" BASELINE="59 1200 638 1202" TAGREFS="TYPE_1">
                        <Shape>
                            <Polygon POINTS="59 1200 60 1221 82 1214 185 1214 212 1220 227 1223 228 1223 229 1223 235 1220 245 1214 259 1220 266 1221 267 1221 267 1221 279 1219 299 1215 306 1219 316 1224 316 1224 317 1224 367 1219 373 1224 374 1224 374 1224 469 1225 470 1225 471 1225 472 1225 484 1217 487 1216 512 1216 517 1217 550 1225 551 1225 598 1225 598 1225 599 1225 600 1225 607 1219 611 1222 612 1222 613 1222 613 1222 614 1222 637 1215 638 1202 637 1183 594 1183 593 1182 586 1177 585 1177 584 1177 584 1177 583 1177 570 1182 569 1182 567 1182 505 1177 504 1177 503 1177 502 1177 495 1182 493 1182 473 1177 472 1177 423 1181 405 1176 404 1176 403 1176 337 1181 333 1181 333 1181 328 1177 327 1177 326 1177 325 1177 298 1180 264 1176 263 1176 263 1176 253 1181 246 1176 246 1176 245 1176 244 1176 243 1176 231 1180 212 1176 211 1176 210 1176 148 1180 72 1176 71 1176 70 1176 59 1180 59 1200"/>
                        </Shape>
                        <String CONTENT=""/>
                    </TextLine>
</TextBlock>
                <TextBlock ID="block_4" HPOS="469" VPOS="1216" WIDTH="66" HEIGHT="35" TAGREFS="TYPE_27">
                    <Shape>
                        <Polygon POINTS="469.9679260253906 1216.4132080078125 535.9337158203125 1216.4132080078125 535.9337158203125 1251.0283203125 469.9679260253906 1251.0283203125 469.9679260253906 1216.4132080078125"/>
                    </Shape>
                    <TextLine ID="line_35" HPOS="469" VPOS="1209" WIDTH="64" HEIGHT="54" BASELINE="471 1238 533 1236" TAGREFS="TYPE_1">
                        <Shape>
                            <Polygon POINTS="471 1238 471 1254 487 1254 489 1256 498 1263 499 1263 500 1263 501 1263 533 1260 533 1236 531 1212 501 1209 500 1209 499 1209 498 1209 493 1213 491 1215 469 1215 471 1238"/>
                        </Shape>
                        <String CONTENT=""/>
                    </TextLine>
</TextBlock>
            </PrintSpace>
        </Page>
    </Layout>
</alto>