<?xml version="1.0" encoding="UTF-8"?>
<alto xmlns:xsi="http://www.w3.org/2001/XMLSchema-instance"
    xmlns="http://www.loc.gov/standards/alto/ns-v4#"
    xsi:schemaLocation="http://www.loc.gov/standards/alto/ns-v4# http://www.loc.gov/standards/alto/v4/alto-4-3.xsd">
    <Description>
        <MeasurementUnit>pixel</MeasurementUnit>
        <sourceImageInformation>
            <fileName>2013179.jpeg</fileName>
        </sourceImageInformation>
        <Processing ID="OCR_0">
            <processingCategory>other</processingCategory>
            <processingStepDescription>unknown</processingStepDescription>
            <processingSoftware>
                <softwareName>kraken</softwareName>
                <softwareVersion>4.3.13</softwareVersion>
            </processingSoftware>
        </Processing>
    </Description>
    <Tags>
        <OtherTag ID="TYPE_1" LABEL="DefaultLine"/>
        <OtherTag ID="TYPE_2" LABEL="MarginTextZone-ManuscriptAddendum"/>
        <OtherTag ID="TYPE_3" LABEL="TitlePageZone"/>
        <OtherTag ID="TYPE_4" LABEL="StampZone-Sticker"/>
        <OtherTag ID="TYPE_5" LABEL="StampZone"/>
        <OtherTag ID="TYPE_6" LABEL="MainZone-Entry-Continued"/>
        <OtherTag ID="TYPE_7" LABEL="GraphicZone-Maths"/>
        <OtherTag ID="TYPE_8" LABEL="FigureZone"/>
        <OtherTag ID="TYPE_9" LABEL="MainZone-Signature"/>
        <OtherTag ID="TYPE_10" LABEL="MainZone-P-Continued"/>
        <OtherTag ID="TYPE_11" LABEL="GraphicZone-Decoration"/>
        <OtherTag ID="TYPE_12" LABEL="MainZone-Date"/>
        <OtherTag ID="TYPE_13" LABEL="MainZone-Other"/>
        <OtherTag ID="TYPE_14" LABEL="TableZone-Continued"/>
        <OtherTag ID="TYPE_15" LABEL="MarginTextZone-Notes-Continued"/>
        <OtherTag ID="TYPE_16" LABEL="FigureZone-FigDesc"/>
        <OtherTag ID="TYPE_17" LABEL="MarginTextZone-Notes"/>
        <OtherTag ID="TYPE_18" LABEL="DropCapitalZone"/>
        <OtherTag ID="TYPE_19" LABEL="GraphicZone"/>
        <OtherTag ID="TYPE_20" LABEL="RunningTitleZone"/>
        <OtherTag ID="TYPE_21" LABEL="GraphicZone-FigDesc"/>
        <OtherTag ID="TYPE_22" LABEL="MainZone-Lg"/>
        <OtherTag ID="TYPE_23" LABEL="FigureZone-Head"/>
        <OtherTag ID="TYPE_24" LABEL="MainZone-P"/>
        <OtherTag ID="TYPE_25" LABEL="GraphicZone-Head"/>
        <OtherTag ID="TYPE_26" LABEL="QuireMarksZone"/>
        <OtherTag ID="TYPE_27" LABEL="MainZone-Sp"/>
        <OtherTag ID="TYPE_28" LABEL="MainZone-List"/>
        <OtherTag ID="TYPE_29" LABEL="GraphicZone-Part"/>
        <OtherTag ID="TYPE_30" LABEL="DigitizationArtefactZone"/>
        <OtherTag ID="TYPE_31" LABEL="MainZone-Entry"/>
        <OtherTag ID="TYPE_32" LABEL="TableZone-Head"/>
        <OtherTag ID="TYPE_33" LABEL="GraphicZone-TextualContent"/>
        <OtherTag ID="TYPE_34" LABEL="AdvertisementZone"/>
        <OtherTag ID="TYPE_35" LABEL="MainZone-List-Continued"/>
        <OtherTag ID="TYPE_36" LABEL="MainZone-Form"/>
        <OtherTag ID="TYPE_37" LABEL="MainZone-Head"/>
        <OtherTag ID="TYPE_38" LABEL="NumberingZone"/>
        <OtherTag ID="TYPE_39" LABEL="TitlePageZone-Index"/>
        <OtherTag ID="TYPE_40" LABEL="MainZone-Sp-Continued"/>
        <OtherTag ID="TYPE_41" LABEL="TableZone"/>
        <OtherTag ID="TYPE_42" LABEL="MainZone-Lg-Continued"/>
    </Tags>
    <Layout>
        <Page WIDTH="1000" HEIGHT="1448" PHYSICAL_IMG_NR="0" ID="page_0">
            <PrintSpace HPOS="0" VPOS="0" WIDTH="1000" HEIGHT="1448">
                <TextBlock ID="block_1" HPOS="217" VPOS="94" WIDTH="182" HEIGHT="39" TAGREFS="TYPE_20">
                    <Shape>
                        <Polygon POINTS="217.29763793945312 94.0355453491211 399.0500183105469 94.0355453491211 399.0500183105469 133.08740234375 217.29763793945312 133.08740234375 217.29763793945312 94.0355453491211"/>
                    </Shape>
                    <TextLine ID="line_0" HPOS="219" VPOS="106" WIDTH="173" HEIGHT="29" BASELINE="220 121 392 123" TAGREFS="TYPE_1">
                        <Shape>
                            <Polygon POINTS="381 106 373 106 365 106 357 106 354 106 343 107 335 108 333 106 333 106 333 106 325 106 316 106 308 106 300 106 292 106 284 106 276 106 268 106 262 106 228 107 226 106 221 106 220 121 219 131 290 127 322 133 327 134 328 134 329 134 329 134 329 133 337 128 362 128 369 133 369 134 370 134 370 134 371 135 391 135 392 123 392 109 386 106 381 106"/>
                        </Shape>
                        <String CONTENT=""/>
                    </TextLine>
</TextBlock>
                <TextBlock ID="block_4" HPOS="571" VPOS="106" WIDTH="61" HEIGHT="34" TAGREFS="TYPE_38">
                    <Shape>
                        <Polygon POINTS="571.293701171875 106.68585968017578 632.0725708007812 106.68585968017578 632.0725708007812 140.05783081054688 571.293701171875 140.05783081054688 571.293701171875 106.68585968017578"/>
                    </Shape>
                    <TextLine ID="line_1" HPOS="574" VPOS="97" WIDTH="52" HEIGHT="43" BASELINE="575 128 626 127" TAGREFS="TYPE_1">
                        <Shape>
                            <Polygon POINTS="575 140 625 138 626 127 625 103 612 97 611 97 610 97 609 97 609 97 602 101 596 104 574 98 575 128 575 140"/>
                        </Shape>
                        <String CONTENT=""/>
                    </TextLine>
</TextBlock>
                <TextBlock ID="block_0" HPOS="48" VPOS="131" WIDTH="581" HEIGHT="165" TAGREFS="TYPE_10">
                    <Shape>
                        <Polygon POINTS="48.98299789428711 131.6144256591797 629.75634765625 131.6144256591797 629.75634765625 296.2655334472656 48.98299789428711 296.2655334472656 48.98299789428711 131.6144256591797"/>
                    </Shape>
                    <TextLine ID="line_2" HPOS="49" VPOS="123" WIDTH="580" HEIGHT="58" BASELINE="50 153 629 167" TAGREFS="TYPE_1">
                        <Shape>
                            <Polygon POINTS="50 153 49 161 185 164 189 166 221 172 222 172 246 168 267 173 267 173 268 173 269 173 281 168 283 168 291 168 322 174 323 174 344 170 349 169 351 170 358 175 358 175 359 175 360 175 399 172 413 171 415 172 423 177 424 177 425 177 426 177 427 177 443 173 445 172 447 173 457 178 458 178 459 178 460 178 469 174 472 173 477 174 502 179 551 180 552 180 553 180 563 176 569 175 579 177 597 181 598 181 628 178 629 167 629 144 602 144 600 143 588 136 587 136 586 136 566 138 560 134 559 134 559 134 558 134 557 134 533 140 530 142 502 142 496 139 484 135 483 135 482 135 481 135 473 139 471 139 465 138 452 135 452 135 451 135 450 135 442 137 435 139 431 137 425 132 424 132 423 132 423 132 407 136 399 138 396 135 392 132 392 131 391 131 390 131 373 130 372 130 354 134 345 136 338 133 329 129 329 129 328 129 327 129 326 129 321 133 316 137 296 137 285 131 275 127 275 127 205 127 204 127 203 127 201 128 187 134 130 133 123 126 120 124 120 123 119 123 119 123 84 123 83 123 82 123 79 124 69 128 65 123 64 123 64 123 63 123 62 123 61 123 50 123 50 153"/>
                        </Shape>
                        <String CONTENT=""/>
                    </TextLine>

                    <TextLine ID="line_3" HPOS="52" VPOS="162" WIDTH="575" HEIGHT="49" BASELINE="52 185 627 197" TAGREFS="TYPE_1">
                        <Shape>
                            <Polygon POINTS="52 185 52 197 111 197 115 197 134 202 135 202 135 202 185 198 193 198 197 199 215 204 216 204 217 204 244 200 249 199 255 200 299 205 300 206 355 206 355 205 356 205 363 201 364 201 366 201 399 207 399 207 453 203 457 203 464 203 545 210 546 210 585 206 619 211 620 211 621 211 621 211 626 206 627 197 625 173 620 177 596 173 586 172 585 172 550 173 463 176 428 172 401 168 400 168 399 168 399 168 395 172 390 175 340 175 333 171 329 169 328 169 327 169 317 171 309 172 307 171 300 166 300 166 299 166 250 165 249 165 248 165 231 170 231 171 176 171 163 170 90 162 89 162 52 168 52 185"/>
                        </Shape>
                        <String CONTENT=""/>
                    </TextLine>

                    <TextLine ID="line_4" HPOS="52" VPOS="193" WIDTH="575" HEIGHT="53" BASELINE="53 218 627 230" TAGREFS="TYPE_1">
                        <Shape>
                            <Polygon POINTS="53 218 52 227 173 230 198 238 199 238 200 238 362 236 375 242 376 242 377 242 405 242 405 242 406 242 422 238 447 243 448 243 496 238 510 244 511 244 512 244 513 244 531 239 595 246 596 246 626 240 627 230 627 213 583 205 551 204 551 204 550 204 549 204 542 210 531 206 530 206 530 206 529 206 528 206 522 210 521 210 448 209 448 209 435 204 434 204 433 204 432 204 423 208 395 201 395 201 343 206 341 206 329 199 328 199 327 199 326 199 270 202 231 197 230 197 230 197 214 202 193 196 193 196 192 196 131 201 123 195 123 194 123 194 122 194 121 194 120 194 106 200 89 193 88 193 87 193 53 200 53 218"/>
                        </Shape>
                        <String CONTENT=""/>
                    </TextLine>

                    <TextLine ID="line_5" HPOS="50" VPOS="238" WIDTH="577" HEIGHT="41" BASELINE="51 250 627 263" TAGREFS="TYPE_1">
                        <Shape>
                            <Polygon POINTS="485 238 480 238 456 242 433 238 429 238 421 238 413 238 405 238 397 238 392 238 384 240 382 238 381 238 373 238 365 238 357 238 349 238 341 238 333 238 325 238 316 238 308 238 300 238 292 238 284 238 276 238 268 238 260 238 252 238 244 238 236 238 228 238 220 238 212 238 204 238 196 238 188 238 180 238 172 238 164 238 156 238 148 238 139 238 131 238 123 238 115 238 107 238 99 238 91 238 83 238 75 238 67 238 59 238 51 238 51 250 50 267 266 267 284 270 303 272 304 272 345 271 374 269 388 271 415 275 415 275 548 274 591 279 592 279 626 274 627 263 627 246 582 239 581 239 545 242 518 238 517 238 516 238 515 238 510 242 490 238 485 238"/>
                        </Shape>
                        <String CONTENT=""/>
                    </TextLine>

                    <TextLine ID="line_6" HPOS="50" VPOS="258" WIDTH="174" HEIGHT="41" BASELINE="51 281 224 287" TAGREFS="TYPE_1">
                        <Shape>
                            <Polygon POINTS="51 281 50 290 117 296 118 296 119 296 119 296 123 294 125 297 126 297 126 298 127 298 127 298 222 299 224 287 224 269 176 267 172 262 172 262 172 261 171 261 170 261 169 261 168 261 154 267 153 267 145 260 144 260 144 260 143 260 110 265 107 265 105 265 76 258 75 258 51 263 51 281"/>
                        </Shape>
                        <String CONTENT=""/>
                    </TextLine>
</TextBlock>
                <TextBlock ID="block_2" HPOS="39" VPOS="296" WIDTH="585" HEIGHT="745" TAGREFS="TYPE_24">
                    <Shape>
                        <Polygon POINTS="39.31650924682617 296.579833984375 624.5426025390625 296.579833984375 624.5426025390625 1041.7945556640625 39.31650924682617 1041.7945556640625 39.31650924682617 296.579833984375"/>
                    </Shape>
                    <TextLine ID="line_7" HPOS="83" VPOS="287" WIDTH="541" HEIGHT="56" BASELINE="84 316 624 329" TAGREFS="TYPE_1">
                        <Shape>
                            <Polygon POINTS="502 300 502 296 489 296 488 296 459 300 425 296 424 296 423 296 415 300 404 304 325 303 314 296 312 294 312 294 311 294 310 294 309 294 306 295 290 301 209 296 208 296 207 296 197 299 186 293 185 293 185 293 152 298 123 289 122 289 84 287 84 316 83 325 108 332 151 333 152 333 152 333 172 328 172 328 192 334 193 334 253 336 292 337 293 337 294 337 311 331 312 331 329 337 330 337 331 337 332 337 349 332 358 337 358 337 359 337 360 337 361 337 375 333 447 333 448 334 458 340 459 340 489 341 489 341 490 341 501 336 592 343 592 343 623 337 624 329 624 307 608 300 607 300 606 300 605 300 585 305 576 299 575 299 574 299 503 296 502 300"/>
                        </Shape>
                        <String CONTENT=""/>
                    </TextLine>

                    <TextLine ID="line_8" HPOS="49" VPOS="323" WIDTH="572" HEIGHT="51" BASELINE="49 346 237 354 621 361" TAGREFS="TYPE_1">
                        <Shape>
                            <Polygon POINTS="49 346 49 358 66 363 67 363 144 365 145 365 146 365 154 362 156 361 160 362 176 366 177 366 178 366 205 363 214 362 233 364 288 368 289 368 320 366 339 365 342 366 345 369 346 369 347 369 348 369 379 367 410 366 427 369 443 371 444 371 456 370 473 367 620 374 621 361 621 342 575 333 574 333 552 338 547 333 547 333 546 333 545 333 544 333 510 337 497 332 496 332 495 332 494 332 473 338 436 330 435 330 399 337 384 337 368 337 351 329 350 329 349 329 312 333 277 328 276 328 275 328 275 328 267 334 256 334 252 334 217 333 217 333 190 325 189 325 189 325 188 325 179 329 163 324 162 324 161 324 160 324 148 331 66 323 65 323 65 323 49 329 49 346"/>
                        </Shape>
                        <String CONTENT=""/>
                    </TextLine>

                    <TextLine ID="line_9" HPOS="50" VPOS="357" WIDTH="573" HEIGHT="47" BASELINE="51 380 623 393" TAGREFS="TYPE_1">
                        <Shape>
                            <Polygon POINTS="51 380 50 392 621 404 623 393 621 372 588 374 578 371 570 368 569 368 497 366 496 366 495 366 488 370 484 371 469 369 440 365 439 365 421 368 409 370 267 368 263 366 253 361 252 361 251 361 251 361 241 366 238 366 234 365 221 361 220 361 219 361 201 365 195 366 191 365 178 360 177 360 176 360 158 364 156 364 153 364 115 357 115 357 114 357 96 363 94 363 92 363 70 357 69 357 69 357 68 357 51 362 51 380"/>
                        </Shape>
                        <String CONTENT=""/>
                    </TextLine>

                    <TextLine ID="line_10" HPOS="47" VPOS="390" WIDTH="578" HEIGHT="47" BASELINE="48 414 625 423" TAGREFS="TYPE_1">
                        <Shape>
                            <Polygon POINTS="48 414 47 425 65 430 66 430 87 426 95 425 118 427 164 431 164 431 181 428 191 427 198 428 212 432 213 432 213 432 264 430 279 429 282 430 292 434 292 434 293 434 294 434 302 431 304 429 306 431 309 434 310 434 311 434 337 435 337 435 338 435 346 431 350 430 361 431 384 436 385 436 410 432 424 431 427 433 431 436 431 436 432 436 432 436 433 437 624 437 625 423 625 405 580 403 571 397 570 397 569 397 568 397 532 403 528 403 527 402 519 396 518 396 518 396 517 396 474 401 464 402 460 400 448 395 447 395 446 395 445 395 432 400 428 401 407 399 381 397 380 397 368 399 349 400 205 399 196 394 188 390 187 390 48 390 48 414"/>
                        </Shape>
                        <String CONTENT=""/>
                    </TextLine>

                    <TextLine ID="line_11" HPOS="47" VPOS="422" WIDTH="577" HEIGHT="47" BASELINE="48 445 247 452 624 456" TAGREFS="TYPE_1">
                        <Shape>
                            <Polygon POINTS="48 445 47 457 131 464 132 465 158 465 158 464 159 464 160 464 165 460 186 465 187 465 188 465 212 460 213 460 241 466 242 466 274 462 280 467 281 467 282 467 283 468 312 468 312 467 313 467 321 463 332 468 333 468 333 468 374 464 396 468 397 468 398 468 413 464 433 469 434 469 435 469 623 466 624 456 623 431 528 436 510 431 506 429 505 429 504 429 503 429 500 431 493 435 456 435 432 430 417 427 416 427 415 427 415 427 411 430 406 435 380 435 356 430 355 430 354 430 353 430 345 433 341 430 340 428 339 428 338 428 337 428 337 428 336 428 334 430 329 433 253 432 249 429 245 426 244 426 243 426 242 426 242 426 234 429 229 431 221 429 210 426 209 426 209 426 191 429 181 431 176 429 167 423 166 423 65 422 64 422 63 422 48 427 48 445"/>
                        </Shape>
                        <String CONTENT=""/>
                    </TextLine>

                    <TextLine ID="line_12" HPOS="46" VPOS="454" WIDTH="575" HEIGHT="48" BASELINE="47 477 247 485 621 489" TAGREFS="TYPE_1">
                        <Shape>
                            <Polygon POINTS="47 477 46 492 82 489 130 489 136 494 139 496 139 496 140 496 141 496 155 494 180 491 193 495 201 497 201 497 202 497 212 495 226 492 231 495 234 497 235 497 236 497 237 497 299 496 337 495 343 497 354 499 355 499 356 499 357 499 366 497 376 494 398 497 427 501 427 501 449 497 456 497 461 497 475 501 476 501 477 501 500 498 510 497 514 498 522 502 522 502 523 502 620 499 621 489 621 468 570 462 569 462 568 462 555 466 544 468 506 464 494 464 493 464 483 464 438 467 430 463 425 460 424 460 423 460 423 460 417 462 409 465 379 461 369 460 368 460 367 460 364 461 349 465 334 460 327 458 326 458 325 458 325 458 319 460 306 465 279 465 250 464 234 458 230 456 229 456 228 456 218 458 191 462 172 456 168 456 167 456 166 456 161 456 137 462 128 456 127 455 127 455 126 455 102 455 101 455 100 455 99 455 94 460 84 455 82 454 82 454 47 454 47 477"/>
                        </Shape>
                        <String CONTENT=""/>
                    </TextLine>

                    <TextLine ID="line_13" HPOS="46" VPOS="486" WIDTH="572" HEIGHT="50" BASELINE="47 511 618 522" TAGREFS="TYPE_1">
                        <Shape>
                            <Polygon POINTS="47 511 46 525 148 526 149 526 150 526 159 522 190 528 192 528 193 528 193 528 210 523 258 528 259 528 279 525 303 530 305 530 306 530 317 530 433 528 460 534 463 534 464 534 467 534 494 529 617 536 618 522 618 499 549 495 548 495 547 495 547 495 544 497 539 501 523 497 513 494 512 494 511 494 510 494 505 497 496 501 465 496 463 496 462 496 459 496 420 499 412 495 407 492 406 492 362 491 361 491 360 491 359 491 355 494 349 497 344 493 340 491 339 491 338 491 337 491 337 491 336 491 333 493 326 497 292 497 238 496 233 492 230 489 229 489 228 489 210 488 209 488 209 488 208 488 204 491 201 494 186 491 169 487 168 487 168 487 159 490 156 491 153 490 146 488 145 488 144 488 144 488 143 488 140 490 135 493 124 489 114 486 113 486 112 486 47 488 47 511"/>
                        </Shape>
                        <String CONTENT=""/>
                    </TextLine>

                    <TextLine ID="line_14" HPOS="47" VPOS="520" WIDTH="574" HEIGHT="49" BASELINE="48 543 621 553" TAGREFS="TYPE_1">
                        <Shape>
                            <Polygon POINTS="48 543 47 553 62 560 63 560 64 560 65 560 76 555 94 555 191 563 192 563 218 559 303 564 304 564 304 564 319 559 328 563 329 563 329 563 347 559 358 565 358 565 359 565 360 565 378 559 381 559 384 560 409 564 410 564 456 561 465 561 468 562 491 567 492 567 493 567 580 564 600 569 601 569 602 569 603 569 620 564 621 553 621 534 581 534 580 533 572 527 572 527 571 527 570 527 536 532 533 532 529 532 500 526 499 526 422 529 416 525 415 525 415 525 414 525 386 530 382 530 379 529 360 524 359 524 358 524 337 529 334 529 328 528 279 522 257 522 256 522 255 522 255 522 248 527 247 527 242 527 184 521 183 521 154 526 151 526 148 526 122 520 121 520 48 523 48 543"/>
                        </Shape>
                        <String CONTENT=""/>
                    </TextLine>

                    <TextLine ID="line_15" HPOS="45" VPOS="550" WIDTH="575" HEIGHT="49" BASELINE="45 575 620 584" TAGREFS="TYPE_1">
                        <Shape>
                            <Polygon POINTS="45 584 104 591 105 591 176 587 186 591 187 591 188 591 227 588 238 592 238 592 239 592 240 592 253 588 260 593 261 593 262 593 263 594 287 594 287 593 310 589 332 595 333 595 333 595 380 590 389 596 390 596 390 596 544 598 545 598 546 598 559 594 592 599 593 599 619 593 620 584 620 567 481 566 472 563 454 557 453 557 452 557 423 561 415 562 413 561 406 556 405 556 404 556 383 556 382 556 365 559 350 562 340 559 328 555 327 555 326 555 309 558 290 561 179 560 156 553 152 552 152 552 151 552 144 552 110 555 104 551 103 551 102 551 102 551 100 551 63 554 46 550 45 575 45 584"/>
                        </Shape>
                        <String CONTENT=""/>
                    </TextLine>

                    <TextLine ID="line_16" HPOS="43" VPOS="585" WIDTH="574" HEIGHT="47" BASELINE="44 608 617 617" TAGREFS="TYPE_1">
                        <Shape>
                            <Polygon POINTS="44 608 43 621 96 620 136 623 155 625 156 625 164 624 186 620 193 624 197 625 197 625 198 626 223 626 223 625 224 625 228 624 235 621 251 624 261 626 262 626 263 626 270 624 279 621 329 621 358 625 389 628 390 628 403 625 408 624 415 625 430 629 431 629 432 629 481 625 489 625 494 625 536 631 537 631 538 631 549 626 550 626 551 626 576 632 577 632 617 626 617 617 617 600 605 596 604 596 604 596 584 599 577 593 576 593 576 593 575 593 528 596 520 592 519 592 518 592 518 592 464 596 448 591 447 591 446 591 425 595 424 595 423 595 371 589 370 589 347 593 335 595 325 592 311 588 310 588 309 588 308 588 308 588 304 592 300 595 281 595 44 585 44 608"/>
                        </Shape>
                        <String CONTENT=""/>
                    </TextLine>

                    <TextLine ID="line_17" HPOS="43" VPOS="615" WIDTH="573" HEIGHT="50" BASELINE="44 639 616 650" TAGREFS="TYPE_1">
                        <Shape>
                            <Polygon POINTS="44 639 43 649 60 654 61 654 61 654 118 651 125 651 131 651 168 656 168 656 202 653 205 653 208 653 228 658 229 658 230 658 246 654 247 654 256 654 371 661 372 661 409 657 411 657 413 657 493 663 493 663 567 660 576 665 577 665 578 665 615 660 616 650 616 632 588 632 587 631 576 625 575 625 574 625 514 629 511 629 510 629 493 623 493 623 492 623 433 628 430 628 428 628 401 621 400 621 399 621 378 627 377 627 375 627 359 621 358 621 329 620 329 620 272 625 270 625 269 625 249 618 248 618 247 618 246 618 230 624 229 624 156 623 156 622 150 617 150 617 149 617 148 617 148 617 147 617 135 622 135 622 98 622 97 621 83 615 82 615 82 615 44 620 44 639"/>
                        </Shape>
                        <String CONTENT=""/>
                    </TextLine>

                    <TextLine ID="line_18" HPOS="42" VPOS="648" WIDTH="571" HEIGHT="47" BASELINE="43 672 613 682" TAGREFS="TYPE_1">
                        <Shape>
                            <Polygon POINTS="43 672 42 681 74 687 75 687 76 687 86 683 108 688 109 688 110 688 127 683 168 683 174 689 174 690 175 690 176 690 176 690 177 690 190 685 201 690 201 690 202 690 230 686 263 691 263 691 285 687 350 693 412 694 413 694 414 694 415 694 421 689 480 695 481 695 613 691 613 682 613 665 579 665 576 663 566 657 565 657 564 657 563 657 534 662 527 663 495 663 491 661 481 655 480 655 479 655 451 660 438 662 432 659 421 654 420 654 419 654 308 655 175 657 151 650 145 649 144 649 144 649 136 650 103 655 95 649 94 649 94 649 43 648 43 672"/>
                        </Shape>
                        <String CONTENT=""/>
                    </TextLine>

                    <TextLine ID="line_19" HPOS="39" VPOS="678" WIDTH="576" HEIGHT="51" BASELINE="40 706 615 716" TAGREFS="TYPE_1">
                        <Shape>
                            <Polygon POINTS="40 706 39 715 127 722 128 722 154 718 171 723 172 723 172 723 213 719 215 719 223 724 224 724 225 724 226 724 245 719 250 724 251 724 251 724 252 724 280 720 340 725 341 725 419 723 425 723 426 723 437 728 438 728 439 728 464 724 465 724 469 724 526 729 527 729 614 726 615 716 615 689 602 688 601 688 600 688 600 688 589 696 523 696 492 686 491 686 490 686 489 686 474 694 436 694 386 686 386 686 358 692 343 683 342 683 341 683 341 683 340 683 339 683 319 691 308 684 308 684 307 684 290 682 282 682 281 682 280 682 262 691 239 682 238 682 238 682 237 682 235 682 196 689 175 688 165 680 164 680 164 680 163 680 162 680 160 680 143 685 135 680 134 680 133 680 132 680 113 683 105 679 104 679 40 678 40 706"/>
                        </Shape>
                        <String CONTENT=""/>
                    </TextLine>

                    <TextLine ID="line_20" HPOS="39" VPOS="714" WIDTH="575" HEIGHT="47" BASELINE="39 739 614 748" TAGREFS="TYPE_1">
                        <Shape>
                            <Polygon POINTS="39 739 39 752 90 748 106 753 108 754 109 754 110 754 115 753 142 748 210 754 248 756 249 757 271 757 271 756 271 756 272 756 275 754 281 751 291 754 300 757 300 757 301 757 376 755 419 753 427 755 442 759 443 759 524 761 525 761 526 761 534 756 537 755 561 755 568 756 597 761 598 761 599 761 613 756 614 748 613 728 584 722 583 722 582 722 581 722 576 727 572 728 518 728 512 725 502 720 502 720 501 720 472 724 469 724 468 724 458 719 457 719 456 719 456 719 447 724 442 727 406 727 395 723 386 720 386 720 385 720 366 722 358 723 349 722 327 718 326 718 325 718 319 721 318 722 316 721 312 718 312 718 311 718 248 716 247 716 228 719 204 723 181 718 167 715 154 715 153 715 152 715 152 715 152 716 150 717 144 722 102 722 80 720 75 715 74 715 74 714 73 714 72 714 71 714 39 715 39 739"/>
                        </Shape>
                        <String CONTENT=""/>
                    </TextLine>

                    <TextLine ID="line_21" HPOS="39" VPOS="747" WIDTH="575" HEIGHT="46" BASELINE="40 772 614 780" TAGREFS="TYPE_1">
                        <Shape>
                            <Polygon POINTS="40 772 39 780 67 785 68 785 95 781 96 781 106 788 107 788 108 788 109 788 151 782 155 782 160 782 214 789 215 789 374 787 421 786 430 788 452 793 453 793 613 791 614 780 613 761 554 753 553 753 527 754 526 754 526 754 521 759 520 759 518 759 481 753 480 753 446 758 443 758 442 758 434 752 433 752 432 752 432 752 292 756 278 756 276 756 271 752 270 752 269 752 268 752 267 752 256 755 249 749 248 749 247 749 246 749 217 755 213 755 213 755 201 748 200 748 176 748 175 748 174 748 173 748 167 754 155 748 154 748 153 748 130 753 128 753 127 753 97 747 96 747 40 752 40 772"/>
                        </Shape>
                        <String CONTENT=""/>
                    </TextLine>

                    <TextLine ID="line_22" HPOS="37" VPOS="780" WIDTH="576" HEIGHT="47" BASELINE="38 803 613 814" TAGREFS="TYPE_1">
                        <Shape>
                            <Polygon POINTS="38 803 37 812 82 818 82 818 105 814 114 818 115 818 115 818 172 816 218 821 218 821 279 818 304 822 304 822 345 818 374 823 375 823 376 823 392 819 411 824 412 824 413 824 456 821 488 826 489 826 559 823 567 827 568 827 569 827 613 822 613 814 613 788 571 795 544 788 543 788 543 788 542 788 529 794 419 793 401 786 392 784 391 784 390 784 371 786 360 788 347 786 320 783 320 783 319 783 312 786 304 790 288 786 275 783 275 783 274 783 273 783 265 786 260 788 250 786 230 782 230 782 229 782 228 782 222 785 220 787 218 785 215 783 215 782 214 782 213 782 213 782 194 785 190 786 188 785 171 780 170 780 169 780 123 785 119 785 38 785 38 803"/>
                        </Shape>
                        <String CONTENT=""/>
                    </TextLine>

                    <TextLine ID="line_23" HPOS="36" VPOS="817" WIDTH="576" HEIGHT="43" BASELINE="37 836 612 846" TAGREFS="TYPE_1">
                        <Shape>
                            <Polygon POINTS="487 839 479 839 471 839 463 839 455 839 447 839 439 839 431 839 422 839 414 839 406 839 398 839 390 839 382 839 374 839 366 839 358 839 349 839 341 839 333 839 325 839 317 839 309 839 301 839 293 839 285 839 277 839 269 839 261 839 253 839 245 839 237 839 229 839 221 837 213 837 205 837 197 837 189 837 181 837 172 837 164 837 156 837 148 837 140 837 132 837 130 828 122 821 117 818 117 817 116 817 115 817 115 817 37 819 37 836 36 844 84 853 85 853 86 853 104 847 131 847 133 847 141 851 142 851 143 851 170 848 180 847 183 848 193 852 193 852 194 852 225 850 234 849 235 850 240 854 241 854 242 854 242 854 267 851 275 850 281 851 300 856 301 856 302 856 339 852 361 851 374 854 393 858 394 858 409 855 419 852 427 855 436 859 437 859 438 859 439 859 448 855 451 855 455 855 468 859 469 859 469 860 611 860 612 846 612 830 601 825 600 825 600 825 571 828 497 823 497 823 496 823 490 826 487 839"/>
                        </Shape>
                        <String CONTENT=""/>
                    </TextLine>

                    <TextLine ID="line_24" HPOS="36" VPOS="847" WIDTH="577" HEIGHT="42" BASELINE="37 869 613 878" TAGREFS="TYPE_1">
                        <Shape>
                            <Polygon POINTS="37 869 36 880 612 889 613 878 613 859 592 854 592 854 591 854 590 854 578 859 577 859 575 859 549 855 548 855 482 857 476 857 474 857 455 851 454 851 453 851 431 856 429 856 426 856 362 851 362 851 361 851 352 855 344 855 300 855 298 855 281 849 280 849 279 849 242 853 231 848 230 848 230 848 205 852 195 847 194 847 193 847 157 851 143 847 142 847 141 847 112 851 111 851 110 851 89 847 88 847 59 851 58 851 57 851 53 847 53 847 52 847 51 847 50 847 37 850 37 869"/>
                        </Shape>
                        <String CONTENT=""/>
                    </TextLine>

                    <TextLine ID="line_25" HPOS="35" VPOS="876" WIDTH="577" HEIGHT="47" BASELINE="36 901 612 909" TAGREFS="TYPE_1">
                        <Shape>
                            <Polygon POINTS="36 901 35 915 87 912 123 917 124 917 125 917 129 917 214 914 222 917 224 918 225 918 226 918 233 917 259 914 269 918 274 920 275 920 275 920 276 920 280 918 286 915 297 918 304 920 305 920 306 920 334 918 376 916 379 918 382 921 382 921 383 921 384 921 460 922 461 922 462 922 468 919 472 917 480 919 497 923 497 923 611 920 612 909 612 889 596 884 595 884 594 884 560 888 542 890 532 887 522 884 521 884 520 884 519 884 518 884 514 887 508 890 477 890 470 885 465 882 464 882 463 882 462 882 461 882 460 882 456 885 450 889 396 889 381 884 378 883 378 883 377 883 376 883 374 884 362 888 286 888 259 880 251 879 250 879 241 880 209 886 175 879 174 879 173 879 172 879 163 882 145 878 141 877 140 877 139 877 137 878 122 882 116 877 115 877 115 877 36 876 36 901"/>
                        </Shape>
                        <String CONTENT=""/>
                    </TextLine>

                    <TextLine ID="line_26" HPOS="33" VPOS="909" WIDTH="578" HEIGHT="48" BASELINE="34 935 611 943" TAGREFS="TYPE_1">
                        <Shape>
                            <Polygon POINTS="34 935 33 943 98 950 98 950 123 946 149 950 150 950 184 946 217 950 218 950 264 947 275 951 276 951 277 951 379 949 398 954 399 954 438 955 439 955 485 952 563 957 564 957 610 951 611 943 610 924 568 916 567 916 535 921 527 915 526 915 526 915 525 915 524 915 498 921 495 922 381 921 378 920 358 913 358 913 357 913 356 913 339 919 337 920 323 919 207 910 206 910 205 910 183 917 139 909 139 909 102 915 93 909 92 909 91 909 90 909 34 914 34 935"/>
                        </Shape>
                        <String CONTENT=""/>
                    </TextLine>

                    <TextLine ID="line_27" HPOS="33" VPOS="946" WIDTH="577" HEIGHT="42" BASELINE="34 966 610 974" TAGREFS="TYPE_1">
                        <Shape>
                            <Polygon POINTS="34 966 33 979 69 982 70 982 81 980 98 977 118 980 133 983 134 983 135 983 139 980 146 978 164 980 184 983 185 983 185 983 194 981 202 979 211 981 226 984 227 984 252 981 266 979 273 981 285 984 286 984 287 984 288 984 293 981 296 980 353 980 370 982 419 987 520 987 521 987 522 987 532 983 556 988 557 988 609 983 610 974 610 956 560 950 559 950 498 954 481 954 296 953 293 950 289 947 288 947 288 947 287 947 286 947 285 947 281 950 279 951 262 950 231 947 230 947 230 947 224 949 221 950 217 949 209 946 208 946 207 946 34 946 34 966"/>
                        </Shape>
                        <String CONTENT=""/>
                    </TextLine>

                    <TextLine ID="line_28" HPOS="32" VPOS="974" WIDTH="576" HEIGHT="46" BASELINE="32 999 608 1006" TAGREFS="TYPE_1">
                        <Shape>
                            <Polygon POINTS="32 999 32 1008 77 1009 82 1014 83 1014 84 1014 85 1014 110 1011 131 1016 131 1016 132 1016 133 1016 134 1016 139 1011 188 1016 189 1016 246 1012 255 1016 255 1016 256 1016 311 1012 327 1018 328 1018 392 1019 393 1019 527 1016 570 1020 571 1020 607 1015 608 1006 608 987 588 979 588 979 587 979 558 986 488 986 477 979 476 979 475 979 474 979 473 979 473 979 464 985 387 985 368 977 367 977 366 977 316 983 301 976 300 976 235 975 234 975 234 975 207 982 179 977 178 977 177 977 176 977 172 980 160 974 159 974 158 974 127 979 98 974 98 974 32 980 32 999"/>
                        </Shape>
                        <String CONTENT=""/>
                    </TextLine>

                    <TextLine ID="line_29" HPOS="32" VPOS="1004" WIDTH="102" HEIGHT="44" BASELINE="32 1032 134 1032" TAGREFS="TYPE_1">
                        <Shape>
                            <Polygon POINTS="32 1032 32 1044 71 1041 79 1043 106 1048 106 1048 107 1048 134 1040 134 1032 134 1011 59 1004 58 1004 32 1007 32 1032"/>
                        </Shape>
                        <String CONTENT=""/>
                    </TextLine>
</TextBlock>
                <TextBlock ID="block_3" HPOS="30" VPOS="1042" WIDTH="582" HEIGHT="175" TAGREFS="TYPE_24">
                    <Shape>
                        <Polygon POINTS="30.506052017211914 1042.9395751953125 612.8735961914062 1042.9395751953125 612.8735961914062 1217.178466796875 30.506052017211914 1217.178466796875 30.506052017211914 1042.9395751953125"/>
                    </Shape>
                    <TextLine ID="line_30" HPOS="69" VPOS="1037" WIDTH="541" HEIGHT="47" BASELINE="69 1064 610 1070" TAGREFS="TYPE_1">
                        <Shape>
                            <Polygon POINTS="69 1064 69 1072 96 1077 97 1077 159 1074 164 1079 165 1079 166 1079 167 1079 168 1079 186 1074 259 1076 271 1081 272 1081 273 1081 333 1076 352 1081 353 1081 353 1081 472 1077 489 1083 490 1083 491 1083 518 1078 534 1083 534 1083 587 1084 588 1084 588 1084 609 1078 610 1070 610 1044 577 1043 576 1043 576 1043 575 1043 574 1044 564 1050 548 1050 536 1044 534 1042 533 1042 532 1042 521 1043 475 1048 429 1048 411 1042 407 1040 406 1040 339 1040 338 1040 337 1040 335 1041 325 1045 317 1041 315 1040 314 1040 313 1040 312 1040 309 1041 298 1046 280 1040 274 1039 273 1039 272 1039 255 1040 205 1045 129 1039 112 1038 111 1038 111 1038 107 1039 93 1044 85 1039 83 1037 82 1037 82 1037 81 1037 69 1038 69 1064"/>
                        </Shape>
                        <String CONTENT=""/>
                    </TextLine>

                    <TextLine ID="line_31" HPOS="32" VPOS="1071" WIDTH="574" HEIGHT="48" BASELINE="33 1096 606 1105" TAGREFS="TYPE_1">
                        <Shape>
                            <Polygon POINTS="33 1096 32 1107 51 1111 52 1111 53 1111 53 1111 57 1108 61 1106 119 1106 125 1109 137 1113 138 1113 139 1113 164 1110 181 1107 185 1110 189 1114 190 1114 191 1114 192 1114 216 1110 231 1108 246 1110 255 1112 255 1112 288 1111 338 1110 342 1112 347 1116 348 1116 349 1116 349 1117 439 1117 439 1116 440 1116 445 1114 450 1111 487 1114 554 1119 555 1119 555 1119 556 1119 563 1115 563 1115 604 1115 606 1105 606 1086 551 1078 551 1078 475 1083 469 1083 467 1083 439 1077 438 1077 411 1082 408 1082 405 1082 386 1078 385 1078 277 1080 266 1080 263 1080 230 1073 229 1073 228 1073 209 1079 207 1079 204 1079 161 1073 160 1073 123 1077 122 1077 120 1077 85 1071 84 1071 33 1076 33 1096"/>
                        </Shape>
                        <String CONTENT=""/>
                    </TextLine>

                    <TextLine ID="line_32" HPOS="28" VPOS="1102" WIDTH="579" HEIGHT="46" BASELINE="28 1128 607 1135" TAGREFS="TYPE_1">
                        <Shape>
                            <Polygon POINTS="28 1128 28 1139 160 1143 160 1143 185 1142 213 1139 228 1143 238 1144 238 1144 274 1143 332 1141 343 1144 349 1146 349 1146 350 1146 370 1145 414 1142 444 1146 451 1147 452 1147 456 1146 477 1143 492 1147 494 1147 495 1147 605 1148 607 1135 607 1118 583 1117 567 1109 566 1109 565 1109 564 1109 547 1116 511 1116 506 1110 505 1110 504 1110 503 1110 502 1110 493 1113 472 1107 471 1107 452 1107 452 1107 451 1107 450 1107 440 1114 402 1109 401 1109 400 1109 379 1114 325 1109 325 1109 324 1109 312 1113 302 1106 301 1106 300 1106 276 1105 275 1105 174 1111 151 1103 150 1103 149 1103 148 1103 148 1103 137 1110 72 1102 71 1102 28 1110 28 1128"/>
                        </Shape>
                        <String CONTENT=""/>
                    </TextLine>

                    <TextLine ID="line_33" HPOS="28" VPOS="1135" WIDTH="575" HEIGHT="49" BASELINE="28 1160 603 1170" TAGREFS="TYPE_1">
                        <Shape>
                            <Polygon POINTS="28 1160 28 1173 261 1173 268 1179 269 1179 270 1179 271 1180 291 1180 291 1179 292 1179 313 1174 323 1180 324 1180 325 1180 325 1180 329 1180 364 1175 448 1181 460 1182 460 1182 461 1182 463 1182 473 1179 508 1183 514 1183 515 1183 516 1183 518 1183 535 1178 601 1184 603 1170 603 1151 565 1145 564 1145 546 1148 525 1143 524 1143 523 1143 522 1143 505 1147 496 1142 495 1142 494 1142 493 1142 460 1147 436 1141 435 1141 434 1141 414 1146 401 1140 400 1140 399 1140 366 1146 363 1146 293 1145 292 1144 279 1139 278 1139 277 1139 236 1143 232 1143 231 1143 220 1137 219 1137 218 1137 218 1137 202 1141 183 1138 182 1138 181 1138 181 1138 174 1142 173 1143 172 1142 159 1136 158 1136 157 1136 156 1136 137 1141 135 1142 131 1141 110 1135 109 1135 108 1135 88 1139 40 1135 39 1135 38 1135 28 1139 28 1160"/>
                        </Shape>
                        <String CONTENT=""/>
                    </TextLine>

                    <TextLine ID="line_34" HPOS="27" VPOS="1167" WIDTH="570" HEIGHT="60" BASELINE="28 1193 597 1203" TAGREFS="TYPE_1">
                        <Shape>
                            <Polygon POINTS="28 1193 27 1205 52 1213 53 1213 53 1213 54 1213 70 1209 78 1213 78 1213 79 1213 80 1213 102 1209 106 1208 109 1209 137 1219 138 1219 169 1220 242 1221 242 1221 243 1221 258 1214 259 1214 260 1214 292 1220 292 1220 293 1220 294 1220 300 1216 306 1212 344 1212 353 1217 361 1223 362 1223 362 1223 363 1223 364 1223 380 1219 403 1213 423 1219 424 1219 425 1219 454 1213 472 1221 473 1221 473 1221 540 1215 548 1221 549 1221 550 1221 551 1221 567 1218 578 1226 579 1226 580 1226 580 1227 596 1227 597 1203 597 1183 580 1176 580 1176 579 1176 578 1176 562 1182 533 1175 532 1175 531 1175 503 1180 496 1174 495 1174 494 1174 493 1174 460 1180 407 1172 406 1172 405 1172 389 1177 381 1172 380 1172 379 1172 378 1172 378 1172 377 1172 367 1179 328 1179 322 1179 321 1178 309 1172 308 1172 308 1172 276 1177 260 1170 259 1170 259 1170 258 1170 238 1176 218 1169 217 1169 216 1169 90 1174 80 1174 78 1174 59 1167 58 1167 57 1167 57 1167 56 1167 48 1173 47 1173 28 1173 28 1193"/>
                        </Shape>
                        <String CONTENT=""/>
                    </TextLine>
</TextBlock>
            </PrintSpace>
        </Page>
    </Layout>
</alto>