<?xml version="1.0" encoding="UTF-8"?>
<alto xmlns:xsi="http://www.w3.org/2001/XMLSchema-instance"
    xmlns="http://www.loc.gov/standards/alto/ns-v4#"
    xsi:schemaLocation="http://www.loc.gov/standards/alto/ns-v4# http://www.loc.gov/standards/alto/v4/alto-4-3.xsd">
    <Description>
        <MeasurementUnit>pixel</MeasurementUnit>
        <sourceImageInformation>
            <fileName>2013082.jpeg</fileName>
        </sourceImageInformation>
        <Processing ID="OCR_0">
            <processingCategory>other</processingCategory>
            <processingStepDescription>unknown</processingStepDescription>
            <processingSoftware>
                <softwareName>kraken</softwareName>
                <softwareVersion>4.3.13</softwareVersion>
            </processingSoftware>
        </Processing>
    </Description>
    <Tags>
        <OtherTag ID="TYPE_1" LABEL="DefaultLine"/>
        <OtherTag ID="TYPE_2" LABEL="MarginTextZone-ManuscriptAddendum"/>
        <OtherTag ID="TYPE_3" LABEL="TitlePageZone"/>
        <OtherTag ID="TYPE_4" LABEL="StampZone-Sticker"/>
        <OtherTag ID="TYPE_5" LABEL="StampZone"/>
        <OtherTag ID="TYPE_6" LABEL="MainZone-Entry-Continued"/>
        <OtherTag ID="TYPE_7" LABEL="GraphicZone-Maths"/>
        <OtherTag ID="TYPE_8" LABEL="FigureZone"/>
        <OtherTag ID="TYPE_9" LABEL="MainZone-Signature"/>
        <OtherTag ID="TYPE_10" LABEL="MainZone-P-Continued"/>
        <OtherTag ID="TYPE_11" LABEL="GraphicZone-Decoration"/>
        <OtherTag ID="TYPE_12" LABEL="MainZone-Date"/>
        <OtherTag ID="TYPE_13" LABEL="MainZone-Other"/>
        <OtherTag ID="TYPE_14" LABEL="TableZone-Continued"/>
        <OtherTag ID="TYPE_15" LABEL="MarginTextZone-Notes-Continued"/>
        <OtherTag ID="TYPE_16" LABEL="FigureZone-FigDesc"/>
        <OtherTag ID="TYPE_17" LABEL="MarginTextZone-Notes"/>
        <OtherTag ID="TYPE_18" LABEL="DropCapitalZone"/>
        <OtherTag ID="TYPE_19" LABEL="GraphicZone"/>
        <OtherTag ID="TYPE_20" LABEL="RunningTitleZone"/>
        <OtherTag ID="TYPE_21" LABEL="GraphicZone-FigDesc"/>
        <OtherTag ID="TYPE_22" LABEL="MainZone-Lg"/>
        <OtherTag ID="TYPE_23" LABEL="FigureZone-Head"/>
        <OtherTag ID="TYPE_24" LABEL="MainZone-P"/>
        <OtherTag ID="TYPE_25" LABEL="GraphicZone-Head"/>
        <OtherTag ID="TYPE_26" LABEL="QuireMarksZone"/>
        <OtherTag ID="TYPE_27" LABEL="MainZone-Sp"/>
        <OtherTag ID="TYPE_28" LABEL="MainZone-List"/>
        <OtherTag ID="TYPE_29" LABEL="GraphicZone-Part"/>
        <OtherTag ID="TYPE_30" LABEL="DigitizationArtefactZone"/>
        <OtherTag ID="TYPE_31" LABEL="MainZone-Entry"/>
        <OtherTag ID="TYPE_32" LABEL="TableZone-Head"/>
        <OtherTag ID="TYPE_33" LABEL="GraphicZone-TextualContent"/>
        <OtherTag ID="TYPE_34" LABEL="AdvertisementZone"/>
        <OtherTag ID="TYPE_35" LABEL="MainZone-List-Continued"/>
        <OtherTag ID="TYPE_36" LABEL="MainZone-Form"/>
        <OtherTag ID="TYPE_37" LABEL="MainZone-Head"/>
        <OtherTag ID="TYPE_38" LABEL="NumberingZone"/>
        <OtherTag ID="TYPE_39" LABEL="TitlePageZone-Index"/>
        <OtherTag ID="TYPE_40" LABEL="MainZone-Sp-Continued"/>
        <OtherTag ID="TYPE_41" LABEL="TableZone"/>
        <OtherTag ID="TYPE_42" LABEL="MainZone-Lg-Continued"/>
    </Tags>
    <Layout>
        <Page WIDTH="1000" HEIGHT="1448" PHYSICAL_IMG_NR="0" ID="page_0">
            <PrintSpace HPOS="0" VPOS="0" WIDTH="1000" HEIGHT="1448">
                <TextBlock ID="block_6" HPOS="382" VPOS="100" WIDTH="49" HEIGHT="33" TAGREFS="TYPE_38">
                    <Shape>
                        <Polygon POINTS="382.9765625 100.40343475341797 431.9440002441406 100.40343475341797 431.9440002441406 133.49317932128906 382.9765625 133.49317932128906 382.9765625 100.40343475341797"/>
                    </Shape>
                    <TextLine ID="line_0" HPOS="385" VPOS="111" WIDTH="65" HEIGHT="30" BASELINE="386 123 450 121" TAGREFS="TYPE_1">
                        <Shape>
                            <Polygon POINTS="386 123 386 134 393 140 394 140 395 140 395 141 411 141 411 140 412 140 413 140 432 128 434 127 450 127 450 121 448 111 385 112 386 123"/>
                        </Shape>
                        <String CONTENT=""/>
                    </TextLine>
</TextBlock>
                <TextBlock ID="block_1" HPOS="486" VPOS="93" WIDTH="375" HEIGHT="33" TAGREFS="TYPE_20">
                    <Shape>
                        <Polygon POINTS="486.094482421875 93.9257583618164 861.0147705078125 93.9257583618164 861.0147705078125 126.68464660644531 486.094482421875 126.68464660644531 486.094482421875 93.9257583618164"/>
                    </Shape>
                    <TextLine ID="line_1" HPOS="476" VPOS="93" WIDTH="382" HEIGHT="39" BASELINE="477 120 858 116" TAGREFS="TYPE_1">
                        <Shape>
                            <Polygon POINTS="773 105 765 108 757 108 749 108 741 108 733 108 725 108 717 108 709 108 701 108 693 108 685 108 677 108 669 108 665 108 661 108 653 108 645 108 637 108 629 108 621 108 619 110 577 110 574 108 572 108 564 108 556 108 550 108 547 110 546 108 540 108 532 108 524 108 516 108 508 108 505 108 500 108 492 108 484 108 478 108 476 110 477 120 477 132 528 131 529 131 553 124 600 124 609 128 610 128 611 128 612 128 621 124 646 130 646 130 647 130 648 130 648 129 655 123 670 123 683 130 684 130 685 130 686 130 687 130 695 123 724 129 725 129 726 129 740 123 761 129 761 129 762 129 763 129 764 129 765 129 773 122 786 122 794 127 794 128 794 128 795 128 796 128 858 127 858 116 856 93 781 93 781 93 780 93 779 93 779 94 775 96 773 97 773 105"/>
                        </Shape>
                        <String CONTENT=""/>
                    </TextLine>
</TextBlock>
                <TextBlock ID="block_0" HPOS="372" VPOS="134" WIDTH="590" HEIGHT="933" TAGREFS="TYPE_10">
                    <Shape>
                        <Polygon POINTS="372.9681396484375 134.37257385253906 962.6194458007812 134.37257385253906 962.6194458007812 1067.3719482421875 372.9681396484375 1067.3719482421875 372.9681396484375 134.37257385253906"/>
                    </Shape>
                    <TextLine ID="line_2" HPOS="411" VPOS="124" WIDTH="543" HEIGHT="45" BASELINE="411 158 954 154" TAGREFS="TYPE_1">
                        <Shape>
                            <Polygon POINTS="411 158 411 169 438 164 478 168 479 168 480 168 481 168 485 164 496 168 497 168 497 168 520 164 551 168 551 168 552 168 553 168 553 167 557 164 603 168 604 168 605 168 608 168 696 163 732 167 736 167 736 167 737 167 738 167 747 162 953 164 954 154 953 131 909 124 908 124 839 131 830 131 827 131 808 125 807 125 806 125 806 125 793 131 791 132 755 132 753 131 742 125 741 125 740 125 663 131 627 133 591 131 538 127 537 127 502 127 502 127 493 131 481 135 454 135 448 131 444 128 444 128 443 128 442 128 411 130 411 158"/>
                        </Shape>
                        <String CONTENT=""/>
                    </TextLine>

                    <TextLine ID="line_3" HPOS="381" VPOS="160" WIDTH="575" HEIGHT="43" BASELINE="382 190 956 185" TAGREFS="TYPE_1">
                        <Shape>
                            <Polygon POINTS="382 190 382 203 448 203 448 202 449 202 452 201 465 197 481 201 485 201 485 201 497 201 546 197 552 200 554 201 555 201 555 201 556 201 557 201 558 200 563 197 599 199 626 201 627 201 628 201 629 201 632 198 637 196 669 197 701 200 702 200 703 200 703 200 707 197 711 195 734 197 764 199 765 199 955 193 956 185 954 160 381 164 382 190"/>
                        </Shape>
                        <String CONTENT=""/>
                    </TextLine>

                    <TextLine ID="line_4" HPOS="378" VPOS="191" WIDTH="578" HEIGHT="45" BASELINE="379 223 956 218" TAGREFS="TYPE_1">
                        <Shape>
                            <Polygon POINTS="379 223 379 230 422 236 423 236 479 230 487 230 531 230 532 230 542 235 543 235 543 235 544 235 558 230 562 230 567 230 584 234 585 234 611 230 626 229 653 230 690 234 691 234 719 230 747 228 760 230 769 233 770 233 812 232 813 232 814 232 814 230 819 227 829 230 833 232 834 232 835 232 853 230 907 226 955 230 956 218 954 197 878 191 877 191 876 191 876 191 876 192 870 197 868 197 864 197 847 192 846 192 845 192 806 197 789 199 753 199 747 197 735 193 734 193 733 193 712 197 699 199 692 197 683 193 683 193 682 193 681 193 669 197 659 199 647 197 629 193 629 193 628 193 621 197 613 200 604 197 596 194 595 194 594 194 593 194 587 197 579 200 551 197 533 195 532 195 531 195 530 195 530 196 529 197 524 201 482 201 477 197 475 195 474 195 473 195 473 195 456 197 439 199 411 197 402 197 401 197 400 197 399 197 399 197 394 201 378 197 379 223"/>
                        </Shape>
                        <String CONTENT=""/>
                    </TextLine>

                    <TextLine ID="line_5" HPOS="382" VPOS="222" WIDTH="576" HEIGHT="45" BASELINE="382 255 958 248" TAGREFS="TYPE_1">
                        <Shape>
                            <Polygon POINTS="382 255 382 263 525 267 526 267 526 267 539 261 540 261 546 261 596 266 597 266 637 261 650 265 651 265 652 265 653 265 654 265 661 260 665 264 666 264 666 264 667 264 668 264 679 259 681 259 685 259 720 264 721 264 722 264 732 259 732 259 798 263 799 263 800 263 813 259 855 263 856 263 857 263 870 258 871 258 914 262 915 262 957 256 958 248 956 229 885 222 884 222 884 222 867 229 865 229 860 229 821 223 820 223 819 223 806 229 803 230 770 230 769 229 765 224 764 224 763 224 762 224 729 226 728 226 728 226 724 229 722 230 707 229 681 225 680 225 660 226 659 226 658 226 658 226 655 229 652 232 616 232 609 229 604 226 603 226 602 226 601 226 594 229 585 232 577 229 572 226 572 226 571 226 570 226 569 226 567 229 562 232 546 229 536 226 535 226 518 229 489 232 477 229 473 227 472 227 471 227 470 227 467 229 452 234 382 229 382 255"/>
                        </Shape>
                        <String CONTENT=""/>
                    </TextLine>

                    <TextLine ID="line_6" HPOS="379" VPOS="256" WIDTH="580" HEIGHT="46" BASELINE="380 287 959 283" TAGREFS="TYPE_1">
                        <Shape>
                            <Polygon POINTS="380 287 380 296 469 302 470 302 509 301 510 301 519 296 522 296 529 296 551 301 552 301 576 296 584 296 592 296 613 300 613 300 650 300 651 300 652 300 655 296 657 295 662 296 670 300 671 300 672 300 748 300 748 300 757 296 766 294 799 294 804 296 808 300 809 300 810 300 810 300 841 300 841 300 842 300 847 296 854 293 870 296 880 299 881 299 891 296 906 293 958 296 959 283 958 262 933 256 932 256 931 256 911 262 909 262 908 262 895 256 894 256 893 256 893 256 874 262 872 262 865 262 810 257 809 257 808 257 807 257 802 262 800 263 765 262 687 259 686 259 685 259 676 262 670 263 666 262 657 258 656 258 655 258 628 262 612 264 600 262 584 259 584 259 583 259 574 262 568 265 525 265 518 262 509 259 508 259 507 259 506 259 497 262 489 265 477 262 466 259 465 259 444 259 443 259 442 259 441 259 437 262 432 265 428 262 425 260 424 260 423 260 423 260 422 260 418 262 414 264 411 262 408 259 407 259 407 259 406 259 379 262 380 287"/>
                        </Shape>
                        <String CONTENT=""/>
                    </TextLine>

                    <TextLine ID="line_7" HPOS="379" VPOS="292" WIDTH="579" HEIGHT="41" BASELINE="380 319 958 316" TAGREFS="TYPE_1">
                        <Shape>
                            <Polygon POINTS="380 319 380 329 493 333 493 333 494 333 495 333 502 329 503 328 507 329 522 333 523 333 524 333 543 329 552 327 600 327 606 329 618 332 619 332 620 333 666 333 666 332 667 332 675 328 679 326 682 328 687 331 687 331 688 331 689 331 690 331 702 328 710 326 717 328 728 331 728 331 729 331 750 328 758 327 766 328 788 331 789 331 790 331 790 331 794 328 797 326 810 328 830 330 831 330 831 330 836 328 841 325 900 325 903 328 909 330 909 330 910 330 958 327 958 316 957 297 887 297 885 296 864 292 863 292 862 292 851 296 851 297 741 297 736 296 724 292 723 292 722 292 699 296 685 297 682 296 677 292 676 292 675 292 674 292 674 292 673 292 668 296 663 298 586 295 527 292 526 292 526 292 522 294 514 299 475 294 465 293 464 293 379 293 380 319"/>
                        </Shape>
                        <String CONTENT=""/>
                    </TextLine>

                    <TextLine ID="line_8" HPOS="379" VPOS="321" WIDTH="576" HEIGHT="45" BASELINE="380 351 955 347" TAGREFS="TYPE_1">
                        <Shape>
                            <Polygon POINTS="380 351 380 360 454 365 455 365 482 360 492 366 493 366 493 366 494 366 559 359 562 359 572 366 573 366 574 366 575 366 609 366 609 366 657 362 691 365 692 365 693 365 707 358 738 364 739 364 740 364 756 357 757 357 792 357 793 357 810 364 810 364 811 365 839 365 839 364 840 364 856 357 865 363 866 363 867 363 868 363 868 363 869 363 876 357 877 357 954 357 955 347 954 328 938 321 937 321 936 321 935 321 915 327 904 321 903 321 868 321 867 321 835 328 793 322 792 322 791 322 776 328 763 322 762 322 761 322 720 329 624 329 611 323 610 323 609 323 609 323 597 327 576 324 575 324 574 324 573 324 564 329 496 324 495 324 408 330 397 324 396 324 395 324 395 324 379 330 380 351"/>
                        </Shape>
                        <String CONTENT=""/>
                    </TextLine>

                    <TextLine ID="line_9" HPOS="378" VPOS="353" WIDTH="580" HEIGHT="47" BASELINE="378 384 958 380" TAGREFS="TYPE_1">
                        <Shape>
                            <Polygon POINTS="378 384 378 394 451 394 452 394 460 399 461 399 462 399 463 400 493 400 493 399 493 399 503 394 566 399 567 399 567 399 568 399 576 394 578 393 596 393 599 394 606 399 607 399 608 399 609 399 609 399 622 394 639 398 640 398 641 398 649 394 651 392 654 394 658 397 658 397 659 397 660 397 661 397 669 394 674 392 679 394 691 398 691 398 692 398 711 394 719 392 724 394 732 397 733 397 734 397 735 397 744 394 748 393 750 394 758 397 759 397 760 398 819 398 819 397 820 397 821 397 826 394 830 391 847 394 862 396 863 396 864 396 871 394 882 390 894 394 899 395 900 395 901 395 901 395 905 394 913 390 958 394 958 380 956 353 871 360 857 354 854 353 853 353 852 353 851 353 851 353 849 354 839 362 808 362 800 354 799 353 798 353 798 353 753 353 753 353 752 353 748 355 736 359 711 355 704 354 703 354 703 354 702 354 701 355 690 362 611 358 610 358 563 362 551 357 549 355 548 355 547 355 547 355 543 357 530 362 509 357 508 357 507 357 506 357 506 357 505 357 495 361 489 357 488 356 487 356 486 356 485 356 475 357 434 363 415 357 409 356 408 356 407 356 378 357 378 384"/>
                        </Shape>
                        <String CONTENT=""/>
                    </TextLine>

                    <TextLine ID="line_10" HPOS="379" VPOS="385" WIDTH="575" HEIGHT="45" BASELINE="380 416 954 411" TAGREFS="TYPE_1">
                        <Shape>
                            <Polygon POINTS="380 416 380 426 447 430 448 430 448 430 449 430 454 426 468 429 469 429 469 429 504 425 508 425 509 425 518 430 519 430 520 430 521 430 540 425 544 424 586 424 589 424 620 430 621 430 713 425 820 427 821 427 822 427 823 427 830 423 831 422 839 423 864 425 865 425 866 425 867 425 870 422 872 421 879 422 905 427 906 427 907 427 919 422 921 421 952 421 954 411 952 391 911 385 910 385 873 391 869 391 865 391 825 386 824 386 823 386 823 386 815 391 811 391 779 392 770 391 744 387 743 387 718 391 707 393 699 391 682 387 681 387 680 387 671 391 669 392 665 391 647 387 646 387 624 391 610 394 603 391 598 390 597 390 596 390 596 390 595 390 593 391 591 393 588 391 585 389 585 388 584 388 584 388 583 388 560 391 540 395 511 395 507 391 505 390 505 389 504 389 503 389 502 389 502 389 493 391 485 394 467 391 455 390 454 390 379 391 380 416"/>
                        </Shape>
                        <String CONTENT=""/>
                    </TextLine>

                    <TextLine ID="line_11" HPOS="378" VPOS="418" WIDTH="580" HEIGHT="45" BASELINE="378 449 958 444" TAGREFS="TYPE_1">
                        <Shape>
                            <Polygon POINTS="378 449 378 459 482 458 496 460 526 463 526 463 547 460 557 458 579 460 614 462 615 462 644 460 679 456 714 460 732 461 733 461 734 461 735 461 736 460 742 456 756 460 762 461 763 461 764 461 765 461 765 461 767 460 772 457 818 460 835 460 836 460 840 460 861 455 908 460 909 460 909 460 910 460 929 455 956 460 958 444 957 422 943 418 942 418 942 418 941 418 930 422 925 424 862 424 859 422 850 419 849 419 848 419 847 419 838 423 833 424 806 423 780 421 779 421 759 423 737 425 734 423 731 420 730 420 729 420 703 420 703 420 670 423 644 426 617 423 572 420 571 420 570 420 562 424 557 427 539 424 511 421 510 421 378 425 378 449"/>
                        </Shape>
                        <String CONTENT=""/>
                    </TextLine>

                    <TextLine ID="line_12" HPOS="377" VPOS="451" WIDTH="581" HEIGHT="44" BASELINE="378 481 958 476" TAGREFS="TYPE_1">
                        <Shape>
                            <Polygon POINTS="378 481 378 490 428 490 436 494 436 494 437 494 438 494 485 489 489 489 492 489 530 495 531 495 532 495 533 495 539 491 567 494 567 494 597 489 603 489 614 489 670 493 671 493 701 489 715 487 727 489 750 493 751 493 771 493 771 493 772 493 773 493 773 492 777 489 779 487 791 489 814 492 814 492 905 491 905 491 910 489 916 485 957 488 958 476 956 456 912 452 911 452 893 456 875 451 874 451 873 451 872 451 862 456 851 452 851 452 850 452 807 456 790 458 759 458 757 456 751 452 750 452 749 452 748 452 723 456 708 458 695 456 677 453 676 453 675 453 666 456 658 458 648 456 633 453 633 453 632 453 622 456 613 460 542 460 506 456 492 455 491 455 477 456 448 459 377 456 378 481"/>
                        </Shape>
                        <String CONTENT=""/>
                    </TextLine>

                    <TextLine ID="line_13" HPOS="378" VPOS="483" WIDTH="577" HEIGHT="46" BASELINE="379 515 955 509" TAGREFS="TYPE_1">
                        <Shape>
                            <Polygon POINTS="379 515 379 529 411 523 504 528 516 528 517 528 518 528 518 528 518 527 526 522 570 527 574 527 575 527 576 527 576 527 584 522 640 526 646 526 647 526 653 526 705 520 735 524 736 524 736 524 753 519 765 525 765 525 766 525 768 525 794 519 861 524 868 524 869 524 870 524 871 524 883 518 954 522 955 509 954 487 933 483 932 483 886 487 881 487 872 487 789 484 788 484 747 488 732 489 713 488 666 485 666 485 647 488 638 489 633 488 625 485 624 485 623 485 596 488 575 490 559 489 542 486 541 486 540 486 531 489 521 491 511 489 505 487 504 487 503 487 378 489 379 515"/>
                        </Shape>
                        <String CONTENT=""/>
                    </TextLine>

                    <TextLine ID="line_14" HPOS="409" VPOS="515" WIDTH="549" HEIGHT="44" BASELINE="410 545 958 540" TAGREFS="TYPE_1">
                        <Shape>
                            <Polygon POINTS="410 545 410 554 449 559 450 559 474 555 498 559 499 559 500 559 501 559 501 558 506 554 712 556 713 556 714 556 715 556 715 555 719 552 773 556 774 556 775 556 785 551 843 555 843 555 844 555 855 551 922 555 923 555 958 549 958 540 956 522 902 522 901 521 876 515 875 515 874 515 860 521 858 522 855 521 846 518 845 518 844 518 829 521 828 521 822 516 821 516 820 516 779 516 778 516 777 516 777 516 777 517 773 521 772 522 769 521 759 517 758 517 757 517 732 521 729 521 726 521 707 517 706 517 650 520 590 525 561 525 554 520 551 518 551 518 550 518 549 518 535 520 499 525 409 520 410 545"/>
                        </Shape>
                        <String CONTENT=""/>
                    </TextLine>

                    <TextLine ID="line_15" HPOS="376" VPOS="545" WIDTH="581" HEIGHT="49" BASELINE="377 579 957 571" TAGREFS="TYPE_1">
                        <Shape>
                            <Polygon POINTS="377 579 377 588 430 588 438 594 439 594 440 594 440 594 470 593 471 593 472 593 478 588 489 593 489 593 490 593 520 587 534 592 535 592 536 592 572 588 583 592 584 592 584 592 585 592 596 586 610 592 611 592 612 592 648 586 687 591 688 591 689 591 709 584 751 590 752 590 753 590 770 584 814 584 827 588 828 588 829 588 865 584 880 588 881 588 882 588 911 581 957 580 957 571 955 550 930 546 929 546 911 550 909 550 908 550 897 545 897 545 896 545 874 550 868 551 864 550 851 545 851 545 850 545 849 545 848 545 842 550 841 550 838 550 810 546 809 546 808 546 801 550 798 551 797 550 789 546 788 546 787 546 762 550 746 552 736 550 725 547 724 547 724 547 723 547 722 547 718 550 713 552 677 550 661 549 660 549 646 550 600 554 581 550 572 548 571 548 570 548 569 548 567 550 559 555 525 550 515 549 514 549 514 549 510 550 491 555 421 551 420 551 419 551 405 555 399 551 399 551 398 551 376 551 377 579"/>
                        </Shape>
                        <String CONTENT=""/>
                    </TextLine>

                    <TextLine ID="line_16" HPOS="378" VPOS="580" WIDTH="576" HEIGHT="44" BASELINE="379 612 954 605" TAGREFS="TYPE_1">
                        <Shape>
                            <Polygon POINTS="379 612 379 620 490 624 491 624 524 618 529 618 533 618 570 623 571 623 621 617 624 617 632 622 633 622 633 622 634 623 663 623 663 622 717 617 737 621 738 621 739 621 761 616 762 616 765 616 798 621 799 621 800 621 814 615 816 615 820 615 857 620 858 620 859 620 874 615 880 620 880 620 881 620 882 620 883 620 898 614 900 614 901 614 915 619 916 619 917 619 954 613 954 605 954 585 945 580 944 580 943 580 942 580 905 586 867 580 866 580 865 580 849 587 773 581 772 581 771 581 770 581 760 588 719 588 710 582 709 582 708 582 692 582 691 582 691 582 679 588 643 583 642 583 641 583 619 589 596 583 595 583 594 583 593 583 576 590 559 585 559 585 558 585 557 585 542 590 530 584 530 584 529 584 528 584 511 592 489 592 476 584 475 584 474 584 473 584 473 584 465 592 445 592 432 585 432 585 431 585 430 585 412 592 392 585 391 585 390 585 390 585 389 585 378 591 379 612"/>
                        </Shape>
                        <String CONTENT=""/>
                    </TextLine>

                    <TextLine ID="line_17" HPOS="375" VPOS="613" WIDTH="583" HEIGHT="43" BASELINE="376 643 958 637" TAGREFS="TYPE_1">
                        <Shape>
                            <Polygon POINTS="376 643 376 656 396 652 430 655 440 656 440 656 441 656 444 655 457 651 559 653 620 654 621 654 621 654 622 654 625 651 628 649 666 650 729 653 730 653 773 649 783 648 788 649 810 652 811 652 845 647 848 647 851 647 877 651 878 651 879 651 890 646 891 646 893 646 923 650 924 650 958 645 958 637 956 614 686 613 685 613 684 613 676 617 675 617 674 617 655 614 654 614 603 618 591 619 580 619 524 615 523 615 522 615 504 620 502 620 490 620 384 617 383 617 382 617 375 620 376 643"/>
                        </Shape>
                        <String CONTENT=""/>
                    </TextLine>

                    <TextLine ID="line_18" HPOS="376" VPOS="644" WIDTH="581" HEIGHT="45" BASELINE="377 675 957 670" TAGREFS="TYPE_1">
                        <Shape>
                            <Polygon POINTS="377 675 377 687 413 685 423 687 427 689 428 689 429 689 440 687 460 684 472 687 476 688 477 688 477 688 484 687 498 684 509 687 515 689 516 689 517 689 518 689 523 686 529 685 547 686 563 688 563 688 564 688 568 686 576 683 627 686 648 687 649 687 650 687 650 687 651 686 658 682 689 686 703 687 704 687 712 686 732 682 757 686 764 686 765 687 790 687 790 686 791 686 792 686 793 686 798 682 847 685 860 686 860 686 861 686 864 685 878 680 955 684 957 670 954 645 798 648 797 647 792 644 791 644 790 644 790 644 755 648 746 649 738 648 708 645 707 645 707 645 697 649 695 649 673 649 591 646 590 646 544 651 538 651 528 651 443 648 442 648 441 648 432 652 399 648 398 648 376 653 377 675"/>
                        </Shape>
                        <String CONTENT=""/>
                    </TextLine>

                    <TextLine ID="line_19" HPOS="376" VPOS="677" WIDTH="582" HEIGHT="42" BASELINE="377 708 958 700" TAGREFS="TYPE_1">
                        <Shape>
                            <Polygon POINTS="377 708 377 719 574 719 574 719 616 715 628 714 634 715 666 719 666 719 667 719 687 714 690 713 691 713 699 718 700 718 701 718 827 716 827 716 828 716 833 712 895 715 896 715 958 708 958 700 956 682 867 678 866 678 842 682 830 682 822 682 797 677 796 677 795 677 794 677 789 682 786 683 741 683 737 682 726 677 725 677 724 677 703 682 690 684 683 682 674 678 674 678 673 678 643 682 637 682 633 682 613 678 612 678 611 678 601 682 588 686 535 686 525 682 522 680 522 680 521 680 376 681 377 708"/>
                        </Shape>
                        <String CONTENT=""/>
                    </TextLine>

                    <TextLine ID="line_20" HPOS="377" VPOS="708" WIDTH="581" HEIGHT="44" BASELINE="378 740 958 733" TAGREFS="TYPE_1">
                        <Shape>
                            <Polygon POINTS="378 740 378 748 410 752 411 752 432 748 440 752 440 752 441 752 442 752 461 748 492 752 493 752 539 747 617 749 618 749 687 745 699 749 699 749 700 749 701 749 720 744 721 744 722 744 758 748 759 748 783 744 785 744 786 744 824 748 825 748 958 741 958 733 956 714 855 714 829 708 828 708 827 708 827 708 821 713 804 709 803 709 802 709 802 709 801 709 794 715 736 710 736 710 735 710 723 715 686 711 685 711 684 711 683 711 674 716 650 712 649 712 648 712 628 717 616 711 615 711 576 711 576 711 575 711 574 711 574 712 568 717 551 712 551 712 550 712 522 717 510 712 509 712 508 712 476 719 469 713 468 713 467 713 447 713 446 713 377 720 378 740"/>
                        </Shape>
                        <String CONTENT=""/>
                    </TextLine>

                    <TextLine ID="line_21" HPOS="378" VPOS="739" WIDTH="582" HEIGHT="46" BASELINE="379 774 960 767" TAGREFS="TYPE_1">
                        <Shape>
                            <Polygon POINTS="773 744 770 741 720 741 720 741 719 741 701 747 694 742 693 742 692 742 691 742 628 747 621 743 621 743 620 743 581 743 580 743 580 743 566 749 524 744 523 744 522 744 507 750 416 745 415 745 378 752 379 774 379 780 391 785 392 785 393 785 423 781 478 785 479 785 503 780 509 779 522 780 572 784 572 784 573 784 584 780 589 778 603 780 623 782 624 782 679 780 728 777 748 780 763 781 764 781 773 780 792 776 879 780 894 780 895 780 898 780 920 774 925 779 926 779 927 779 928 780 959 780 960 767 958 745 933 739 932 739 880 745 831 740 830 740 829 740 818 744 788 740 787 740 786 740 776 745 773 743 773 744"/>
                        </Shape>
                        <String CONTENT=""/>
                    </TextLine>

                    <TextLine ID="line_22" HPOS="378" VPOS="772" WIDTH="581" HEIGHT="46" BASELINE="378 806 959 798" TAGREFS="TYPE_1">
                        <Shape>
                            <Polygon POINTS="378 806 378 814 415 818 416 818 436 814 533 817 534 817 534 817 535 817 540 812 551 817 552 817 553 817 554 817 571 811 572 811 574 811 584 815 584 815 585 816 687 816 687 815 688 815 689 815 695 811 714 814 715 814 760 810 767 809 774 809 829 814 830 814 958 806 959 798 958 778 935 778 926 772 925 772 925 772 924 772 896 778 893 779 888 779 856 773 855 773 831 779 827 781 786 781 786 780 772 773 771 773 770 773 677 779 635 775 634 775 576 782 570 783 569 783 559 777 558 777 557 777 526 783 525 783 517 777 516 777 515 777 514 777 474 781 442 777 441 777 378 785 378 806"/>
                        </Shape>
                        <String CONTENT=""/>
                    </TextLine>

                    <TextLine ID="line_23" HPOS="378" VPOS="809" WIDTH="581" HEIGHT="42" BASELINE="379 839 959 831" TAGREFS="TYPE_1">
                        <Shape>
                            <Polygon POINTS="676 835 668 835 660 835 652 835 644 835 636 835 628 835 620 835 612 835 604 835 596 835 588 835 580 835 572 835 563 835 555 835 547 836 539 836 531 836 523 836 515 836 507 836 499 836 491 836 483 836 475 836 467 836 459 836 451 836 443 836 435 836 427 836 419 836 411 836 403 836 395 836 386 836 378 836 379 839 379 847 507 851 508 851 586 850 587 850 596 847 604 845 617 847 636 850 637 850 637 850 648 847 658 844 673 847 686 849 687 849 687 849 688 849 691 847 696 844 709 847 719 848 720 848 728 847 744 843 794 847 803 847 804 847 805 847 806 847 815 843 901 845 901 845 902 845 920 841 946 841 957 846 959 831 958 811 765 809 765 809 764 809 745 817 729 810 728 810 701 810 700 810 699 810 699 810 687 819 678 825 676 835"/>
                        </Shape>
                        <String CONTENT=""/>
                    </TextLine>

                    <TextLine ID="line_24" HPOS="380" VPOS="836" WIDTH="578" HEIGHT="47" BASELINE="381 870 958 862" TAGREFS="TYPE_1">
                        <Shape>
                            <Polygon POINTS="381 870 381 883 591 883 591 882 592 882 604 878 611 876 634 877 687 880 688 880 689 880 690 880 695 876 696 876 699 876 716 880 716 880 717 880 718 880 719 880 725 876 727 875 730 876 744 880 745 880 746 880 783 875 790 874 797 874 840 878 841 878 842 878 843 878 843 877 847 873 847 873 851 873 898 877 899 877 958 871 958 862 956 843 920 836 919 836 830 838 829 838 828 838 823 842 797 839 796 839 795 839 775 844 773 846 740 846 739 845 728 839 728 839 727 839 699 845 694 846 689 845 656 840 655 840 654 840 654 840 647 846 646 847 606 847 603 846 596 841 595 841 594 841 593 841 592 841 592 841 584 846 583 847 579 846 566 843 565 843 564 843 531 847 517 848 512 847 501 843 500 843 499 843 498 843 490 847 486 849 478 847 465 843 464 843 440 843 439 843 438 843 437 843 431 847 428 849 420 847 403 844 403 844 380 847 381 870"/>
                        </Shape>
                        <String CONTENT=""/>
                    </TextLine>

                    <TextLine ID="line_25" HPOS="382" VPOS="867" WIDTH="576" HEIGHT="46" BASELINE="383 903 958 894" TAGREFS="TYPE_1">
                        <Shape>
                            <Polygon POINTS="383 903 383 912 578 913 579 913 616 909 617 909 643 913 644 913 818 905 838 909 839 909 839 909 855 905 855 905 905 909 905 909 958 902 958 894 957 867 913 867 913 867 912 867 911 867 910 868 904 872 887 869 883 868 882 868 881 868 880 869 872 873 859 869 854 868 853 868 852 868 851 868 851 868 849 870 836 877 797 877 776 872 773 871 772 871 771 871 770 871 767 872 747 879 691 879 662 874 645 872 644 872 602 875 601 875 600 876 589 881 509 881 499 878 488 874 487 874 486 874 485 874 485 874 478 879 473 882 456 879 435 876 434 876 382 880 383 903"/>
                        </Shape>
                        <String CONTENT=""/>
                    </TextLine>

                    <TextLine ID="line_26" HPOS="382" VPOS="900" WIDTH="579" HEIGHT="47" BASELINE="382 933 961 927" TAGREFS="TYPE_1">
                        <Shape>
                            <Polygon POINTS="382 933 382 947 573 947 573 946 574 946 575 946 579 943 580 942 582 943 590 946 591 946 592 946 632 942 633 942 634 942 652 946 653 946 654 946 666 942 666 942 675 945 676 945 677 945 678 945 679 945 683 942 685 940 699 941 742 945 743 945 744 945 759 940 760 940 773 940 939 941 940 941 961 936 961 927 958 900 934 905 926 900 925 900 925 900 924 900 919 901 886 906 844 903 827 901 826 901 825 901 820 903 814 905 801 904 790 902 789 902 788 902 787 902 785 904 779 908 753 905 739 903 738 903 723 905 699 909 675 906 658 905 658 905 631 907 597 911 539 911 533 909 517 905 516 905 474 910 466 911 460 910 432 906 431 906 430 906 419 912 382 912 382 933"/>
                        </Shape>
                        <String CONTENT=""/>
                    </TextLine>

                    <TextLine ID="line_27" HPOS="383" VPOS="933" WIDTH="577" HEIGHT="46" BASELINE="384 966 960 959" TAGREFS="TYPE_1">
                        <Shape>
                            <Polygon POINTS="384 966 384 975 510 979 511 979 532 975 543 974 572 975 617 977 618 977 642 974 668 972 688 974 703 976 703 976 716 974 737 971 810 974 814 974 814 974 818 974 895 969 958 973 960 959 958 933 856 938 838 935 832 934 831 934 826 935 803 941 776 936 768 935 767 935 753 937 703 942 673 937 664 937 663 937 662 937 659 938 650 942 644 938 641 937 641 937 640 937 639 937 638 937 637 937 635 938 629 943 600 939 588 937 576 937 576 937 575 937 574 937 574 938 572 940 567 944 383 943 384 966"/>
                        </Shape>
                        <String CONTENT=""/>
                    </TextLine>

                    <TextLine ID="line_28" HPOS="380" VPOS="966" WIDTH="578" HEIGHT="42" BASELINE="381 999 958 993" TAGREFS="TYPE_1">
                        <Shape>
                            <Polygon POINTS="381 999 381 1008 958 1006 958 993 957 971 884 966 884 966 828 971 804 973 785 971 753 968 753 968 752 968 744 971 738 974 709 974 703 971 700 969 699 969 699 969 698 969 697 969 696 969 693 971 689 974 679 971 669 969 668 969 667 969 632 970 631 970 630 970 629 971 625 974 618 971 617 971 617 971 616 971 612 971 572 975 556 971 551 970 551 970 550 970 549 970 546 971 535 976 483 976 469 971 468 971 467 971 466 971 465 971 464 971 449 977 380 972 381 999"/>
                        </Shape>
                        <String CONTENT=""/>
                    </TextLine>

                    <TextLine ID="line_29" HPOS="382" VPOS="1003" WIDTH="357" HEIGHT="41" BASELINE="382 1032 739 1027" TAGREFS="TYPE_1">
                        <Shape>
                            <Polygon POINTS="382 1032 382 1044 441 1038 449 1042 450 1042 451 1042 481 1038 533 1041 547 1042 547 1042 548 1042 551 1041 559 1036 564 1040 565 1040 566 1040 567 1040 568 1040 608 1037 611 1040 613 1041 613 1041 614 1041 615 1041 626 1040 647 1036 738 1036 739 1027 737 1009 684 1003 683 1003 634 1008 617 1010 594 1008 575 1007 574 1007 566 1008 551 1011 547 1007 544 1005 543 1005 543 1005 542 1005 541 1005 540 1005 537 1007 535 1009 501 1007 490 1007 489 1007 489 1007 488 1007 484 1011 475 1007 471 1006 470 1006 469 1006 469 1006 462 1007 446 1011 440 1007 439 1007 438 1007 437 1007 436 1007 432 1007 413 1011 382 1007 382 1032"/>
                        </Shape>
                        <String CONTENT=""/>
                    </TextLine>

                    <TextLine ID="line_30" HPOS="416" VPOS="1029" WIDTH="546" HEIGHT="47" BASELINE="417 1064 962 1057" TAGREFS="TYPE_1">
                        <Shape>
                            <Polygon POINTS="417 1064 417 1073 450 1076 451 1076 452 1076 452 1076 456 1073 460 1070 491 1070 515 1072 551 1075 552 1075 577 1071 588 1069 596 1071 617 1074 618 1074 643 1069 651 1069 659 1069 687 1073 688 1073 689 1073 707 1069 711 1068 716 1069 732 1073 732 1073 733 1073 755 1068 759 1067 761 1068 769 1072 769 1072 770 1073 814 1073 814 1072 814 1072 825 1066 826 1066 827 1066 839 1071 840 1071 841 1071 865 1066 909 1070 910 1070 962 1064 962 1057 960 1035 925 1035 918 1029 917 1029 917 1029 916 1029 915 1029 901 1035 862 1035 825 1029 824 1029 823 1029 810 1035 806 1036 756 1036 752 1035 744 1031 744 1031 689 1031 688 1031 687 1031 687 1031 682 1035 679 1036 668 1035 649 1032 648 1032 647 1032 641 1035 633 1037 587 1035 563 1033 563 1033 562 1033 559 1035 549 1039 523 1035 518 1034 518 1034 507 1035 455 1038 416 1035 417 1064"/>
                        </Shape>
                        <String CONTENT=""/>
                    </TextLine>
</TextBlock>
                <TextBlock ID="block_2" HPOS="383" VPOS="1039" WIDTH="580" HEIGHT="164" TAGREFS="TYPE_24">
                    <Shape>
                        <Polygon POINTS="383.9211120605469 1039.13916015625 963.9227905273438 1039.13916015625 963.9227905273438 1203.2708740234375 383.9211120605469 1203.2708740234375 383.9211120605469 1039.13916015625"/>
                    </Shape>
                    <TextLine ID="line_31" HPOS="381" VPOS="1064" WIDTH="580" HEIGHT="45" BASELINE="382 1096 961 1090" TAGREFS="TYPE_1">
                        <Shape>
                            <Polygon POINTS="382 1096 382 1105 481 1109 481 1109 482 1109 491 1105 494 1103 525 1103 527 1104 534 1109 534 1109 535 1109 536 1109 537 1109 554 1104 561 1102 603 1104 703 1107 703 1107 704 1107 705 1107 711 1103 713 1101 720 1103 728 1106 728 1106 729 1106 730 1106 737 1102 742 1101 744 1102 749 1106 750 1106 751 1106 752 1106 814 1106 815 1106 826 1102 832 1099 886 1099 890 1102 894 1105 895 1105 896 1105 897 1105 961 1101 961 1090 958 1064 906 1065 905 1065 905 1065 895 1072 790 1073 767 1073 757 1065 756 1065 755 1065 754 1065 753 1065 736 1071 719 1065 718 1065 717 1065 716 1065 716 1065 715 1065 703 1074 672 1074 648 1066 647 1066 646 1066 646 1066 627 1074 465 1068 464 1068 463 1068 462 1068 444 1076 425 1069 424 1069 381 1069 382 1096"/>
                        </Shape>
                        <String CONTENT=""/>
                    </TextLine>

                    <TextLine ID="line_32" HPOS="382" VPOS="1097" WIDTH="580" HEIGHT="44" BASELINE="383 1129 962 1123" TAGREFS="TYPE_1">
                        <Shape>
                            <Polygon POINTS="383 1129 383 1136 393 1141 394 1141 395 1141 531 1135 545 1139 546 1139 547 1139 547 1139 559 1135 576 1139 576 1139 577 1139 631 1135 665 1139 666 1139 666 1139 677 1135 727 1138 728 1138 728 1138 744 1133 801 1137 802 1137 802 1137 817 1132 888 1136 888 1136 962 1130 962 1123 960 1103 893 1103 884 1098 884 1098 883 1098 882 1098 881 1098 860 1103 825 1097 824 1097 823 1097 808 1105 785 1105 744 1098 744 1098 743 1098 732 1102 724 1098 723 1098 722 1098 721 1098 720 1098 720 1099 713 1105 698 1102 697 1102 670 1106 540 1100 539 1100 539 1100 512 1107 492 1101 491 1101 490 1101 489 1101 489 1101 481 1106 455 1101 454 1101 453 1101 438 1105 405 1102 404 1102 403 1102 382 1109 383 1129"/>
                        </Shape>
                        <String CONTENT=""/>
                    </TextLine>

                    <TextLine ID="line_33" HPOS="373" VPOS="1128" WIDTH="586" HEIGHT="44" BASELINE="374 1164 545 1158 959 1155" TAGREFS="TYPE_1">
                        <Shape>
                            <Polygon POINTS="374 1164 374 1167 382 1172 383 1172 384 1172 456 1172 456 1172 485 1167 486 1167 519 1171 520 1171 551 1166 555 1166 563 1166 619 1170 620 1170 621 1170 630 1166 633 1165 638 1166 659 1169 660 1170 700 1170 700 1169 701 1169 702 1169 706 1166 708 1164 770 1164 773 1165 781 1168 781 1168 782 1168 809 1165 825 1164 958 1164 959 1155 958 1133 944 1129 943 1129 942 1129 916 1133 915 1133 907 1128 906 1128 905 1128 905 1128 904 1128 903 1128 896 1133 896 1134 843 1134 843 1134 832 1129 831 1129 831 1129 794 1134 782 1129 781 1129 781 1129 746 1134 731 1130 730 1130 729 1130 625 1136 612 1137 584 1137 584 1136 576 1131 575 1131 574 1131 573 1131 452 1132 452 1132 440 1138 440 1138 437 1138 415 1134 414 1134 373 1138 374 1164"/>
                        </Shape>
                        <String CONTENT=""/>
                    </TextLine>

                    <TextLine ID="line_34" HPOS="382" VPOS="1160" WIDTH="581" HEIGHT="57" BASELINE="382 1193 963 1187" TAGREFS="TYPE_1">
                        <Shape>
                            <Polygon POINTS="382 1193 382 1217 428 1217 428 1216 429 1216 432 1215 455 1204 474 1211 475 1211 476 1211 508 1205 517 1212 518 1213 519 1213 520 1213 576 1214 577 1214 597 1209 609 1207 613 1209 616 1212 617 1212 617 1212 651 1213 652 1213 653 1213 654 1213 660 1208 666 1204 686 1207 693 1208 694 1208 695 1208 695 1208 696 1207 703 1201 725 1205 744 1209 744 1209 789 1204 816 1200 860 1200 862 1201 866 1205 866 1205 867 1205 868 1205 868 1205 869 1205 880 1201 880 1201 881 1201 890 1205 891 1205 892 1205 893 1205 893 1205 900 1201 903 1199 962 1199 963 1187 961 1165 864 1165 864 1165 833 1160 832 1160 802 1165 779 1161 778 1161 777 1161 777 1161 769 1166 768 1166 756 1166 527 1164 526 1164 526 1164 514 1168 511 1169 509 1168 504 1164 503 1164 502 1164 502 1164 485 1168 478 1169 469 1168 448 1165 447 1165 382 1168 382 1193"/>
                        </Shape>
                        <String CONTENT=""/>
                    </TextLine>
</TextBlock>
                <TextBlock ID="block_5" HPOS="878" VPOS="1201" WIDTH="84" HEIGHT="28" TAGREFS="TYPE_26">
                    <Shape>
                        <Polygon POINTS="878.5169067382812 1201.61181640625 962.288330078125 1201.61181640625 962.288330078125 1229.394775390625 878.5169067382812 1229.394775390625 878.5169067382812 1201.61181640625"/>
                    </Shape>
                    <TextLine ID="line_35" HPOS="878" VPOS="1193" WIDTH="84" HEIGHT="49" BASELINE="878 1220 962 1220" TAGREFS="TYPE_1">
                        <Shape>
                            <Polygon POINTS="878 1220 878 1235 900 1236 900 1237 905 1241 905 1242 905 1242 906 1242 907 1242 962 1240 962 1220 962 1200 943 1193 942 1193 904 1193 903 1193 902 1193 878 1200 878 1220"/>
                        </Shape>
                        <String CONTENT=""/>
                    </TextLine>
</TextBlock>
            </PrintSpace>
        </Page>
    </Layout>
</alto>