<?xml version="1.0" encoding="UTF-8"?>
<alto xmlns:xsi="http://www.w3.org/2001/XMLSchema-instance"
    xmlns="http://www.loc.gov/standards/alto/ns-v4#"
    xsi:schemaLocation="http://www.loc.gov/standards/alto/ns-v4# http://www.loc.gov/standards/alto/v4/alto-4-3.xsd">
    <Description>
        <MeasurementUnit>pixel</MeasurementUnit>
        <sourceImageInformation>
            <fileName>2013178.jpeg</fileName>
        </sourceImageInformation>
        <Processing ID="OCR_0">
            <processingCategory>other</processingCategory>
            <processingStepDescription>unknown</processingStepDescription>
            <processingSoftware>
                <softwareName>kraken</softwareName>
                <softwareVersion>4.3.13</softwareVersion>
            </processingSoftware>
        </Processing>
    </Description>
    <Tags>
        <OtherTag ID="TYPE_1" LABEL="DefaultLine"/>
        <OtherTag ID="TYPE_2" LABEL="MarginTextZone-ManuscriptAddendum"/>
        <OtherTag ID="TYPE_3" LABEL="TitlePageZone"/>
        <OtherTag ID="TYPE_4" LABEL="StampZone-Sticker"/>
        <OtherTag ID="TYPE_5" LABEL="StampZone"/>
        <OtherTag ID="TYPE_6" LABEL="MainZone-Entry-Continued"/>
        <OtherTag ID="TYPE_7" LABEL="GraphicZone-Maths"/>
        <OtherTag ID="TYPE_8" LABEL="FigureZone"/>
        <OtherTag ID="TYPE_9" LABEL="MainZone-Signature"/>
        <OtherTag ID="TYPE_10" LABEL="MainZone-P-Continued"/>
        <OtherTag ID="TYPE_11" LABEL="GraphicZone-Decoration"/>
        <OtherTag ID="TYPE_12" LABEL="MainZone-Date"/>
        <OtherTag ID="TYPE_13" LABEL="MainZone-Other"/>
        <OtherTag ID="TYPE_14" LABEL="TableZone-Continued"/>
        <OtherTag ID="TYPE_15" LABEL="MarginTextZone-Notes-Continued"/>
        <OtherTag ID="TYPE_16" LABEL="FigureZone-FigDesc"/>
        <OtherTag ID="TYPE_17" LABEL="MarginTextZone-Notes"/>
        <OtherTag ID="TYPE_18" LABEL="DropCapitalZone"/>
        <OtherTag ID="TYPE_19" LABEL="GraphicZone"/>
        <OtherTag ID="TYPE_20" LABEL="RunningTitleZone"/>
        <OtherTag ID="TYPE_21" LABEL="GraphicZone-FigDesc"/>
        <OtherTag ID="TYPE_22" LABEL="MainZone-Lg"/>
        <OtherTag ID="TYPE_23" LABEL="FigureZone-Head"/>
        <OtherTag ID="TYPE_24" LABEL="MainZone-P"/>
        <OtherTag ID="TYPE_25" LABEL="GraphicZone-Head"/>
        <OtherTag ID="TYPE_26" LABEL="QuireMarksZone"/>
        <OtherTag ID="TYPE_27" LABEL="MainZone-Sp"/>
        <OtherTag ID="TYPE_28" LABEL="MainZone-List"/>
        <OtherTag ID="TYPE_29" LABEL="GraphicZone-Part"/>
        <OtherTag ID="TYPE_30" LABEL="DigitizationArtefactZone"/>
        <OtherTag ID="TYPE_31" LABEL="MainZone-Entry"/>
        <OtherTag ID="TYPE_32" LABEL="TableZone-Head"/>
        <OtherTag ID="TYPE_33" LABEL="GraphicZone-TextualContent"/>
        <OtherTag ID="TYPE_34" LABEL="AdvertisementZone"/>
        <OtherTag ID="TYPE_35" LABEL="MainZone-List-Continued"/>
        <OtherTag ID="TYPE_36" LABEL="MainZone-Form"/>
        <OtherTag ID="TYPE_37" LABEL="MainZone-Head"/>
        <OtherTag ID="TYPE_38" LABEL="NumberingZone"/>
        <OtherTag ID="TYPE_39" LABEL="TitlePageZone-Index"/>
        <OtherTag ID="TYPE_40" LABEL="MainZone-Sp-Continued"/>
        <OtherTag ID="TYPE_41" LABEL="TableZone"/>
        <OtherTag ID="TYPE_42" LABEL="MainZone-Lg-Continued"/>
    </Tags>
    <Layout>
        <Page WIDTH="1000" HEIGHT="1448" PHYSICAL_IMG_NR="0" ID="page_0">
            <PrintSpace HPOS="0" VPOS="0" WIDTH="1000" HEIGHT="1448">
                <TextBlock ID="block_5" HPOS="372" VPOS="106" WIDTH="56" HEIGHT="32" TAGREFS="TYPE_38">
                    <Shape>
                        <Polygon POINTS="372.87750244140625 106.80235290527344 428.6166076660156 106.80235290527344 428.6166076660156 138.15382385253906 372.87750244140625 138.15382385253906 372.87750244140625 106.80235290527344"/>
                    </Shape>
                    <TextLine ID="line_0" HPOS="377" VPOS="112" WIDTH="75" HEIGHT="29" BASELINE="377 128 452 128" TAGREFS="TYPE_1">
                        <Shape>
                            <Polygon POINTS="417 112 409 112 407 114 405 115 403 114 400 112 393 112 385 112 377 112 377 128 377 137 419 141 419 141 420 141 421 141 421 140 427 135 429 133 452 133 452 128 452 117 427 117 424 115 420 112 417 112"/>
                        </Shape>
                        <String CONTENT=""/>
                    </TextLine>
</TextBlock>
                <TextBlock ID="block_1" HPOS="488" VPOS="97" WIDTH="370" HEIGHT="38" TAGREFS="TYPE_20">
                    <Shape>
                        <Polygon POINTS="488.1192932128906 97.4775390625 858.9723510742188 97.4775390625 858.9723510742188 135.01083374023438 488.1192932128906 135.01083374023438 488.1192932128906 97.4775390625"/>
                    </Shape>
                    <TextLine ID="line_1" HPOS="480" VPOS="95" WIDTH="378" HEIGHT="44" BASELINE="481 128 858 121" TAGREFS="TYPE_1">
                        <Shape>
                            <Polygon POINTS="761 112 753 112 745 112 737 112 729 112 721 112 713 112 705 112 697 112 689 112 681 112 673 112 665 112 657 112 649 112 641 112 633 112 625 112 617 112 609 112 600 112 599 112 596 114 581 114 579 112 576 112 568 112 560 112 552 112 545 112 544 112 536 112 528 112 520 112 512 112 504 112 496 112 488 112 480 112 481 128 481 135 521 139 522 139 551 134 565 132 589 134 630 136 631 136 632 136 641 133 649 131 655 133 664 135 665 135 666 135 685 132 702 130 719 132 733 134 734 134 750 131 773 128 794 131 808 133 809 133 858 130 858 121 856 101 832 95 831 95 774 96 773 96 773 96 773 97 766 102 761 106 761 112"/>
                        </Shape>
                        <String CONTENT=""/>
                    </TextLine>
</TextBlock>
                <TextBlock ID="block_0" HPOS="370" VPOS="139" WIDTH="579" HEIGHT="200" TAGREFS="TYPE_10">
                    <Shape>
                        <Polygon POINTS="370.7032165527344 139.16714477539062 949.8783569335938 139.16714477539062 949.8783569335938 339.043212890625 370.7032165527344 339.043212890625 370.7032165527344 139.16714477539062"/>
                    </Shape>
                    <TextLine ID="line_2" HPOS="371" VPOS="127" WIDTH="575" HEIGHT="54" BASELINE="372 167 946 158" TAGREFS="TYPE_1">
                        <Shape>
                            <Polygon POINTS="372 167 372 176 395 176 395 176 406 181 407 181 407 181 494 180 526 173 528 173 529 173 543 179 544 179 545 179 583 172 585 172 594 172 725 176 726 176 727 176 728 176 736 171 769 171 787 176 788 176 789 176 811 175 812 175 813 175 819 169 839 174 840 174 841 174 876 173 876 173 877 173 884 168 915 173 916 173 946 166 946 158 943 131 910 134 905 131 901 127 900 127 899 127 898 127 839 128 808 129 807 129 797 133 787 136 770 133 752 130 751 130 724 134 718 135 715 134 701 131 700 131 699 131 679 135 662 138 641 135 616 132 615 132 596 136 579 140 555 140 549 137 546 135 545 135 544 135 543 135 543 135 535 137 526 140 514 138 506 136 506 136 493 138 469 141 465 139 460 135 459 135 458 135 457 135 456 135 456 135 451 139 447 142 395 142 392 139 389 137 389 136 388 136 387 136 386 136 371 139 372 167"/>
                        </Shape>
                        <String CONTENT=""/>
                    </TextLine>

                    <TextLine ID="line_3" HPOS="374" VPOS="166" WIDTH="571" HEIGHT="47" BASELINE="374 201 945 191" TAGREFS="TYPE_1">
                        <Shape>
                            <Polygon POINTS="374 201 374 210 456 213 457 213 458 213 459 213 462 209 465 207 496 207 500 209 503 212 504 212 505 212 506 212 563 211 585 209 612 205 632 208 644 209 645 209 646 209 646 209 648 208 652 204 717 203 737 206 746 208 747 208 765 206 802 202 836 205 848 206 849 206 850 206 853 205 865 201 890 205 896 205 897 205 897 205 901 205 920 200 944 204 945 191 943 172 901 166 901 166 865 167 864 167 854 172 852 172 812 168 811 168 810 168 794 173 794 173 793 173 786 168 785 168 784 168 783 168 782 168 781 168 776 173 774 174 765 173 735 169 734 169 733 169 724 173 720 175 717 173 707 169 707 169 706 169 705 169 695 173 691 176 658 176 643 174 634 172 633 172 633 172 632 172 630 174 627 177 563 178 520 174 503 173 502 173 493 175 468 180 455 175 454 175 453 175 452 175 430 179 374 176 374 201"/>
                        </Shape>
                        <String CONTENT=""/>
                    </TextLine>

                    <TextLine ID="line_4" HPOS="373" VPOS="197" WIDTH="572" HEIGHT="47" BASELINE="374 231 945 222" TAGREFS="TYPE_1">
                        <Shape>
                            <Polygon POINTS="374 231 374 238 403 244 403 244 456 243 457 243 479 238 534 242 535 242 536 242 555 236 633 235 683 240 684 240 741 235 787 238 788 238 814 233 822 238 823 238 823 238 824 238 847 233 922 236 923 236 924 236 945 230 945 222 941 198 936 202 928 199 925 197 924 197 923 197 922 197 921 197 919 199 914 201 862 200 818 199 818 199 806 201 786 206 735 206 717 203 704 201 703 201 691 204 675 208 612 208 599 205 584 202 583 202 582 202 581 202 581 203 578 205 574 209 551 209 547 206 539 203 539 203 538 203 520 207 509 209 506 207 501 204 500 204 499 204 477 204 476 204 443 209 423 211 413 209 395 205 395 205 373 209 374 231"/>
                        </Shape>
                        <String CONTENT=""/>
                    </TextLine>

                    <TextLine ID="line_5" HPOS="371" VPOS="230" WIDTH="575" HEIGHT="49" BASELINE="372 265 946 255" TAGREFS="TYPE_1">
                        <Shape>
                            <Polygon POINTS="372 265 372 273 413 279 414 279 452 273 503 277 504 277 505 277 506 277 514 271 515 271 535 276 536 276 537 276 538 276 560 270 562 270 567 270 636 275 637 275 717 267 726 267 728 267 747 271 748 271 748 271 749 271 767 267 769 266 778 266 854 271 855 271 855 271 866 265 890 269 891 269 945 263 946 255 943 231 880 236 874 233 871 230 870 230 869 230 868 230 868 230 862 233 853 237 823 234 810 233 809 233 794 234 765 238 753 235 737 232 736 232 736 232 735 232 730 236 726 238 714 237 703 235 702 235 691 237 677 240 670 238 658 234 658 234 657 234 656 234 641 238 632 241 621 239 597 234 596 234 485 237 485 237 469 242 458 237 457 237 456 237 371 245 372 265"/>
                        </Shape>
                        <String CONTENT=""/>
                    </TextLine>

                    <TextLine ID="line_6" HPOS="373" VPOS="263" WIDTH="573" HEIGHT="41" BASELINE="374 296 946 287" TAGREFS="TYPE_1">
                        <Shape>
                            <Polygon POINTS="767 272 759 272 751 272 743 272 735 272 727 272 719 272 711 272 703 272 695 272 687 272 687 272 679 272 670 272 662 272 654 272 646 272 638 272 630 272 622 272 614 272 606 272 598 272 590 272 582 272 578 272 576 273 575 272 574 272 566 272 558 272 550 272 542 272 538 272 530 273 527 272 526 272 518 272 510 272 502 272 499 273 497 272 493 272 485 272 477 272 469 272 461 272 453 272 445 272 437 272 429 272 417 275 411 272 405 272 397 272 389 272 381 272 379 272 373 275 374 296 374 304 946 297 946 287 945 269 912 263 911 263 910 263 909 263 902 268 889 263 888 263 888 263 844 267 816 265 815 265 814 265 814 265 809 269 803 265 802 265 802 265 801 265 773 271 768 270 767 272"/>
                        </Shape>
                        <String CONTENT=""/>
                    </TextLine>

                    <TextLine ID="line_7" HPOS="373" VPOS="294" WIDTH="574" HEIGHT="48" BASELINE="374 328 947 319" TAGREFS="TYPE_1">
                        <Shape>
                            <Polygon POINTS="374 328 374 342 452 337 527 341 528 341 529 341 530 341 530 340 534 336 872 336 872 335 895 330 946 334 947 319 945 296 858 300 852 297 845 294 844 294 843 294 843 294 831 298 823 300 819 298 813 295 812 295 811 295 795 299 787 300 781 299 769 296 768 296 767 296 766 296 759 300 756 301 739 300 716 298 715 298 697 301 684 303 662 302 600 298 600 298 599 298 584 304 580 304 572 304 532 299 531 299 468 306 465 306 453 300 452 300 452 300 421 307 420 307 390 301 390 301 389 301 373 308 374 328"/>
                        </Shape>
                        <String CONTENT=""/>
                    </TextLine>
</TextBlock>
                <TextBlock ID="block_3" HPOS="373" VPOS="338" WIDTH="583" HEIGHT="511" TAGREFS="TYPE_24">
                    <Shape>
                        <Polygon POINTS="373.0511474609375 338.6151428222656 956.5332641601562 338.6151428222656 956.5332641601562 849.4848022460938 373.0511474609375 849.4848022460938 373.0511474609375 338.6151428222656"/>
                    </Shape>
                    <TextLine ID="line_8" HPOS="419" VPOS="327" WIDTH="529" HEIGHT="43" BASELINE="419 361 948 353" TAGREFS="TYPE_1">
                        <Shape>
                            <Polygon POINTS="419 361 419 370 948 364 948 353 947 334 933 327 932 327 888 327 888 327 887 327 879 331 834 328 833 328 832 328 831 328 831 329 825 334 824 336 746 336 743 334 733 329 732 329 712 329 711 329 711 329 710 329 703 334 699 337 694 334 691 333 691 333 690 333 679 334 654 337 650 334 646 332 646 331 646 331 645 331 644 331 619 334 592 338 586 334 582 332 581 332 580 332 559 332 559 332 558 332 557 332 554 334 548 338 539 334 538 334 537 334 536 334 535 334 534 334 526 339 419 335 419 361"/>
                        </Shape>
                        <String CONTENT=""/>
                    </TextLine>

                    <TextLine ID="line_9" HPOS="374" VPOS="358" WIDTH="575" HEIGHT="47" BASELINE="375 392 949 385" TAGREFS="TYPE_1">
                        <Shape>
                            <Polygon POINTS="375 392 375 405 485 405 485 404 485 404 493 403 506 399 518 402 526 403 527 403 539 402 553 399 603 400 662 402 663 402 664 402 665 402 668 399 670 398 672 399 676 402 677 402 678 402 679 402 701 399 709 398 720 399 755 401 756 401 757 401 764 398 767 396 778 397 806 400 806 400 807 400 808 400 812 397 813 396 822 396 860 399 861 399 880 395 887 394 893 395 917 399 918 399 948 394 949 385 946 358 925 359 924 359 923 359 916 365 885 359 884 359 884 359 882 359 844 366 827 360 827 360 826 360 825 360 824 360 823 360 809 366 787 361 786 361 786 361 784 361 755 368 718 368 702 362 700 362 699 362 699 362 698 362 697 362 697 362 691 369 651 369 646 364 645 364 644 364 643 364 613 369 606 364 606 363 605 363 604 363 604 363 598 364 563 370 548 370 542 365 541 364 540 364 539 364 539 364 538 364 534 365 524 369 517 366 514 364 514 364 513 364 502 366 477 370 458 366 448 365 448 365 435 366 405 371 374 368 375 392"/>
                        </Shape>
                        <String CONTENT=""/>
                    </TextLine>

                    <TextLine ID="line_10" HPOS="375" VPOS="392" WIDTH="575" HEIGHT="46" BASELINE="375 425 950 418" TAGREFS="TYPE_1">
                        <Shape>
                            <Polygon POINTS="375 434 412 438 413 438 414 438 415 438 421 434 422 434 431 434 558 436 559 436 950 428 950 418 948 392 823 400 774 400 762 394 761 394 760 394 759 394 753 394 714 400 706 394 705 394 704 394 703 394 703 394 702 394 702 395 695 402 619 402 608 396 607 396 568 396 567 396 561 397 535 400 491 398 487 398 486 398 485 398 473 403 412 399 406 399 405 399 404 399 403 399 390 404 375 399 375 425 375 434"/>
                        </Shape>
                        <String CONTENT=""/>
                    </TextLine>

                    <TextLine ID="line_11" HPOS="374" VPOS="424" WIDTH="577" HEIGHT="44" BASELINE="375 457 951 449" TAGREFS="TYPE_1">
                        <Shape>
                            <Polygon POINTS="375 457 375 468 662 467 682 464 686 463 691 463 714 466 715 466 716 466 725 463 727 462 735 462 777 465 777 465 951 458 951 449 950 431 935 424 934 424 893 424 893 424 841 431 840 431 817 426 816 426 815 426 814 426 808 431 807 431 803 431 786 428 786 428 785 428 777 431 774 432 769 431 754 427 753 427 753 427 730 431 720 433 713 431 703 428 702 428 701 428 677 431 659 434 655 431 653 430 652 430 651 430 650 430 623 431 583 435 554 432 530 430 530 430 508 432 473 436 454 432 445 431 444 431 444 431 439 432 426 437 374 433 375 457"/>
                        </Shape>
                        <String CONTENT=""/>
                    </TextLine>

                    <TextLine ID="line_12" HPOS="374" VPOS="456" WIDTH="579" HEIGHT="46" BASELINE="375 491 953 482" TAGREFS="TYPE_1">
                        <Shape>
                            <Polygon POINTS="375 491 375 502 584 502 584 501 607 497 609 497 609 497 628 501 629 501 650 497 654 496 655 497 663 500 664 500 665 500 711 496 724 499 725 499 726 499 727 499 740 495 743 494 753 494 818 497 818 497 862 493 863 493 864 493 930 496 930 496 953 490 953 482 951 456 911 456 910 456 909 456 907 457 891 463 866 458 858 457 857 457 856 457 853 459 843 464 806 460 805 460 804 460 803 460 797 464 766 461 746 459 745 459 707 463 670 466 644 464 622 463 621 463 604 465 593 467 587 466 571 462 570 462 569 462 568 462 562 466 561 467 558 467 539 464 539 464 538 464 537 464 533 467 531 468 526 468 508 464 507 464 506 464 506 464 499 468 498 468 497 468 485 463 484 463 483 463 482 463 481 463 472 468 470 470 423 470 421 470 394 464 393 464 392 464 374 471 375 491"/>
                        </Shape>
                        <String CONTENT=""/>
                    </TextLine>

                    <TextLine ID="line_13" HPOS="374" VPOS="490" WIDTH="579" HEIGHT="46" BASELINE="375 523 953 514" TAGREFS="TYPE_1">
                        <Shape>
                            <Polygon POINTS="375 523 376 536 385 532 414 535 422 536 423 536 423 536 427 535 440 531 497 534 516 534 517 534 518 534 520 534 530 530 555 533 564 534 565 534 585 532 633 528 653 531 662 532 663 532 682 530 720 526 745 529 759 530 760 530 782 529 821 525 952 525 953 514 951 497 905 493 904 493 877 497 875 497 874 497 860 490 860 490 859 490 823 497 818 497 818 497 810 492 809 492 808 492 780 492 779 492 778 492 765 497 758 500 733 500 728 497 716 493 716 493 715 493 686 497 674 499 666 497 651 494 650 494 650 494 642 497 635 501 627 497 618 494 617 494 617 494 616 494 604 497 592 501 565 498 549 496 548 496 547 496 547 496 547 497 544 498 540 502 518 504 464 504 444 498 441 497 440 497 440 497 439 497 435 498 415 505 399 498 398 498 397 498 396 498 374 498 375 523"/>
                        </Shape>
                        <String CONTENT=""/>
                    </TextLine>

                    <TextLine ID="line_14" HPOS="375" VPOS="522" WIDTH="578" HEIGHT="45" BASELINE="376 555 953 547" TAGREFS="TYPE_1">
                        <Shape>
                            <Polygon POINTS="769 528 768 526 742 530 740 530 740 530 690 524 689 524 688 524 687 524 678 531 677 531 609 526 609 526 608 526 592 532 543 533 534 526 534 526 533 526 532 526 436 534 427 535 422 535 383 529 382 529 382 529 381 529 375 533 376 555 376 563 454 567 455 567 497 563 498 563 532 567 533 567 641 561 665 564 666 564 687 560 691 559 698 559 737 563 738 563 783 559 795 558 806 559 847 562 847 562 848 562 860 558 862 557 866 558 884 561 884 561 885 561 897 557 902 556 951 556 953 547 952 528 937 523 936 523 935 523 843 529 818 522 817 522 816 522 815 522 802 529 790 523 790 523 789 523 770 526 769 528"/>
                        </Shape>
                        <String CONTENT=""/>
                    </TextLine>

                    <TextLine ID="line_15" HPOS="374" VPOS="554" WIDTH="578" HEIGHT="44" BASELINE="375 588 952 579" TAGREFS="TYPE_1">
                        <Shape>
                            <Polygon POINTS="375 588 375 596 518 598 519 598 951 587 952 579 950 559 917 556 917 556 893 560 890 560 889 560 880 554 879 554 878 554 857 554 856 554 855 554 855 554 844 561 843 561 831 555 831 555 805 555 804 555 771 556 770 556 757 563 755 563 748 563 674 557 674 557 673 557 657 561 608 559 607 559 606 559 605 559 595 565 592 565 551 560 551 560 518 566 514 567 473 567 473 567 460 561 459 561 458 561 424 567 403 562 403 562 402 562 401 562 400 562 400 563 393 568 393 569 374 569 375 588"/>
                        </Shape>
                        <String CONTENT=""/>
                    </TextLine>

                    <TextLine ID="line_16" HPOS="376" VPOS="585" WIDTH="578" HEIGHT="47" BASELINE="377 621 954 611" TAGREFS="TYPE_1">
                        <Shape>
                            <Polygon POINTS="377 621 377 627 410 631 411 631 430 627 441 632 442 632 443 632 553 626 664 629 665 629 762 621 939 624 940 624 941 624 954 617 954 611 951 585 940 591 912 591 901 587 899 586 898 586 897 586 897 586 896 586 895 587 888 592 857 592 838 588 831 587 830 587 781 588 780 588 779 588 776 590 772 592 751 591 726 588 725 588 687 592 669 594 660 593 638 590 637 590 617 594 605 596 593 595 569 592 568 592 532 596 519 598 502 597 424 593 423 593 376 600 377 621"/>
                        </Shape>
                        <String CONTENT=""/>
                    </TextLine>

                    <TextLine ID="line_17" HPOS="376" VPOS="617" WIDTH="579" HEIGHT="49" BASELINE="377 653 955 643" TAGREFS="TYPE_1">
                        <Shape>
                            <Polygon POINTS="377 653 377 660 462 666 463 666 464 666 465 666 473 659 474 659 477 659 520 665 521 665 522 665 533 659 534 658 536 659 559 664 559 664 560 664 570 658 571 658 580 658 657 662 658 662 683 658 683 658 690 662 691 662 691 662 692 662 740 657 745 657 749 657 798 660 798 660 799 660 800 660 805 656 807 654 815 656 823 658 823 658 836 656 858 653 876 655 886 657 887 657 897 655 920 652 954 654 955 643 954 625 919 625 908 617 907 617 906 617 905 617 871 624 859 618 858 618 857 618 856 618 830 625 823 619 822 619 821 619 820 619 732 625 722 621 721 621 720 621 695 626 683 622 683 622 682 622 681 622 664 629 622 622 621 622 585 630 520 631 430 625 429 625 428 625 411 633 395 629 394 629 393 629 392 629 376 633 377 653"/>
                        </Shape>
                        <String CONTENT=""/>
                    </TextLine>

                    <TextLine ID="line_18" HPOS="377" VPOS="649" WIDTH="578" HEIGHT="48" BASELINE="378 685 955 674" TAGREFS="TYPE_1">
                        <Shape>
                            <Polygon POINTS="530 682 522 682 514 682 506 682 497 682 489 682 481 682 473 682 465 682 457 682 449 682 441 683 433 683 425 683 417 683 409 683 401 683 393 683 385 683 377 683 378 685 378 692 420 697 421 697 555 690 777 691 777 691 778 691 792 686 861 689 862 689 863 689 873 684 928 686 929 686 955 682 955 674 953 649 913 658 876 654 875 654 827 657 819 655 810 652 809 652 808 652 807 652 799 656 790 660 782 656 778 654 777 654 777 654 776 654 775 654 773 657 770 658 763 657 741 654 740 654 717 659 703 662 697 660 689 656 688 656 561 656 560 656 559 656 559 656 546 666 545 667 542 666 537 665 536 665 535 665 534 665 534 665 530 682"/>
                        </Shape>
                        <String CONTENT=""/>
                    </TextLine>

                    <TextLine ID="line_19" HPOS="377" VPOS="682" WIDTH="580" HEIGHT="48" BASELINE="378 717 957 707" TAGREFS="TYPE_1">
                        <Shape>
                            <Polygon POINTS="779 695 773 688 769 690 674 686 673 686 641 692 617 687 616 687 615 687 598 692 555 688 555 688 554 688 532 694 467 690 466 690 465 690 453 696 416 696 411 692 411 692 410 692 409 692 377 697 378 717 378 725 390 730 391 730 392 730 556 723 688 725 689 725 690 725 691 725 698 721 776 724 777 724 957 715 957 707 956 687 937 682 936 682 935 682 910 687 868 682 867 682 866 682 848 688 797 684 796 684 782 686 779 695"/>
                        </Shape>
                        <String CONTENT=""/>
                    </TextLine>

                    <TextLine ID="line_20" HPOS="378" VPOS="712" WIDTH="582" HEIGHT="53" BASELINE="379 749 960 740" TAGREFS="TYPE_1">
                        <Shape>
                            <Polygon POINTS="379 749 379 759 388 764 389 764 390 765 427 765 427 764 427 764 441 758 474 763 475 763 476 763 489 756 490 756 511 760 512 760 513 760 526 756 526 756 527 756 543 761 543 761 544 761 610 761 611 761 612 761 617 755 644 754 647 754 662 760 663 760 664 760 691 754 713 759 714 759 746 753 764 758 765 758 765 758 810 751 814 751 818 751 862 756 863 756 864 756 880 751 959 748 960 740 958 712 883 713 882 713 881 713 876 717 870 713 869 713 868 713 868 713 867 713 865 714 846 719 820 715 819 715 818 715 818 715 809 720 750 716 749 716 722 722 682 717 674 716 674 716 648 717 647 717 646 717 641 722 593 719 582 718 581 718 580 718 579 719 567 724 545 719 541 719 540 719 530 719 480 726 378 723 379 749"/>
                        </Shape>
                        <String CONTENT=""/>
                    </TextLine>

                    <TextLine ID="line_21" HPOS="379" VPOS="748" WIDTH="579" HEIGHT="49" BASELINE="380 781 958 771" TAGREFS="TYPE_1">
                        <Shape>
                            <Polygon POINTS="380 781 380 789 391 789 400 797 401 797 402 797 403 797 434 796 435 796 436 796 445 789 472 793 473 793 473 793 474 793 484 787 514 787 526 794 527 794 528 794 529 795 550 795 550 794 551 794 551 794 561 786 638 789 639 789 640 789 652 785 725 791 726 791 727 791 728 791 736 786 765 789 766 789 767 789 781 782 806 789 807 789 808 789 835 785 868 789 868 789 958 778 958 771 955 751 863 754 849 752 824 748 823 748 794 749 793 749 783 753 777 756 766 753 747 750 746 750 711 755 689 757 668 755 639 752 638 752 617 756 600 759 584 756 561 753 560 753 559 753 551 757 547 760 523 757 492 755 491 755 490 755 489 755 489 756 486 758 483 761 474 759 460 756 460 756 459 756 452 759 450 761 379 761 380 781"/>
                        </Shape>
                        <String CONTENT=""/>
                    </TextLine>

                    <TextLine ID="line_22" HPOS="380" VPOS="780" WIDTH="579" HEIGHT="46" BASELINE="381 814 959 805" TAGREFS="TYPE_1">
                        <Shape>
                            <Polygon POINTS="381 814 381 823 484 826 485 826 682 819 710 818 714 818 736 822 737 822 738 822 748 818 750 818 757 818 796 821 797 821 798 821 806 817 807 817 814 817 853 820 854 820 958 814 959 805 958 780 928 780 927 780 926 780 925 780 905 786 864 782 863 782 800 788 775 784 766 782 765 782 748 784 709 789 688 785 677 784 676 784 675 784 671 785 664 789 657 786 652 784 651 784 650 784 650 784 643 786 636 789 632 787 629 785 628 785 627 785 626 785 625 785 619 787 612 789 603 787 592 785 592 785 591 785 590 785 584 788 577 792 468 792 465 790 462 787 461 787 460 787 439 787 438 787 437 787 436 787 436 788 432 791 430 793 408 793 405 792 400 788 399 788 399 788 398 788 397 788 380 792 381 814"/>
                        </Shape>
                        <String CONTENT=""/>
                    </TextLine>

                    <TextLine ID="line_23" HPOS="381" VPOS="816" WIDTH="449" HEIGHT="43" BASELINE="382 846 830 839" TAGREFS="TYPE_1">
                        <Shape>
                            <Polygon POINTS="382 846 382 855 395 859 396 859 397 859 433 854 436 854 437 854 444 859 445 859 446 859 447 859 493 859 493 859 493 859 514 853 514 853 517 853 567 857 567 857 604 851 608 851 614 851 694 855 695 855 695 855 717 850 719 850 722 850 772 855 773 855 818 854 819 854 830 848 830 839 829 822 815 816 814 816 814 816 734 817 733 817 716 822 592 819 592 819 591 819 590 819 582 825 547 825 495 822 494 822 473 826 460 821 459 821 458 821 457 821 446 825 438 821 437 821 436 821 436 821 419 826 401 822 400 822 399 822 399 822 381 827 382 846"/>
                        </Shape>
                        <String CONTENT=""/>
                    </TextLine>
</TextBlock>
                <TextBlock ID="block_2" HPOS="385" VPOS="852" WIDTH="583" HEIGHT="357" TAGREFS="TYPE_24">
                    <Shape>
                        <Polygon POINTS="385.2106018066406 852.592041015625 968.5833129882812 852.592041015625 968.5833129882812 1209.7413330078125 385.2106018066406 1209.7413330078125 385.2106018066406 852.592041015625"/>
                    </Shape>
                    <TextLine ID="line_24" HPOS="415" VPOS="844" WIDTH="547" HEIGHT="48" BASELINE="415 879 962 870" TAGREFS="TYPE_1">
                        <Shape>
                            <Polygon POINTS="415 879 416 892 426 887 440 891 443 892 444 892 444 892 450 891 473 886 479 890 480 891 481 891 481 891 482 892 514 892 514 891 514 891 518 889 526 885 550 888 563 890 564 890 578 888 595 884 607 887 612 888 613 888 613 888 614 888 615 887 619 884 680 885 723 886 724 886 804 882 842 880 845 881 857 885 858 885 859 885 894 880 898 880 902 880 948 884 949 884 950 884 962 878 962 870 960 847 905 850 890 847 868 844 867 844 866 844 859 848 854 851 842 848 825 845 824 845 823 845 815 848 810 851 779 851 770 849 763 847 762 847 761 847 743 849 733 851 728 849 720 847 719 847 718 847 696 850 674 853 642 851 618 848 617 848 589 849 588 849 588 849 585 851 579 855 465 857 448 852 445 851 444 851 444 851 415 852 415 879"/>
                        </Shape>
                        <String CONTENT=""/>
                    </TextLine>

                    <TextLine ID="line_25" HPOS="383" VPOS="877" WIDTH="579" HEIGHT="47" BASELINE="384 911 962 901" TAGREFS="TYPE_1">
                        <Shape>
                            <Polygon POINTS="777 888 774 882 751 881 725 880 724 880 714 881 686 886 653 882 645 881 644 881 643 881 641 882 629 887 603 884 602 884 601 884 592 888 526 889 483 884 480 884 479 884 478 884 477 884 460 889 383 885 384 911 384 918 427 924 428 924 479 923 480 923 481 923 490 917 557 921 558 921 591 916 810 917 810 917 811 917 828 912 864 917 864 917 865 917 883 911 901 916 902 916 903 916 904 916 913 912 950 915 951 915 952 915 962 909 962 901 958 879 948 882 917 879 897 877 896 877 882 880 862 883 839 880 829 879 828 879 827 879 824 880 814 884 780 882 777 888"/>
                        </Shape>
                        <String CONTENT=""/>
                    </TextLine>

                    <TextLine ID="line_26" HPOS="383" VPOS="909" WIDTH="582" HEIGHT="47" BASELINE="384 942 965 933" TAGREFS="TYPE_1">
                        <Shape>
                            <Polygon POINTS="777 915 775 912 764 910 763 910 762 910 761 910 754 916 753 917 730 917 726 916 716 912 716 912 715 912 714 912 700 917 697 917 694 917 681 911 680 911 679 911 679 911 658 917 653 918 650 917 639 913 638 913 637 913 637 913 625 917 620 919 612 917 591 913 590 913 589 913 576 918 572 920 534 920 527 918 506 913 505 913 475 919 466 921 415 921 411 920 403 915 402 915 401 915 400 915 383 920 384 942 384 950 440 956 441 956 442 956 452 952 477 955 477 955 478 955 479 955 487 950 555 954 556 954 589 948 720 950 720 950 721 950 736 946 738 946 739 946 768 951 769 951 820 950 847 944 850 944 853 944 889 950 890 950 891 950 909 943 910 943 913 943 933 947 934 947 965 942 965 933 963 913 933 909 932 909 913 913 907 915 903 913 888 909 888 909 887 909 886 909 885 909 878 914 876 916 863 916 861 914 856 910 855 910 855 910 854 910 833 914 813 909 812 909 811 909 810 909 794 915 791 916 788 915 778 913 777 915"/>
                        </Shape>
                        <String CONTENT=""/>
                    </TextLine>

                    <TextLine ID="line_27" HPOS="383" VPOS="942" WIDTH="581" HEIGHT="46" BASELINE="384 974 964 966" TAGREFS="TYPE_1">
                        <Shape>
                            <Polygon POINTS="568 971 560 971 552 971 544 971 536 971 528 971 520 971 512 971 504 971 496 971 488 971 480 971 472 971 464 971 456 973 448 973 440 973 432 973 423 973 415 973 407 973 399 973 391 973 383 973 384 974 384 988 478 988 479 988 482 987 491 983 501 987 503 987 504 987 505 988 557 988 557 987 558 987 563 985 568 983 586 985 604 987 604 987 605 987 610 984 616 981 674 983 709 983 710 983 722 982 735 979 750 981 783 984 784 984 785 984 786 984 791 980 794 979 806 979 840 983 841 983 874 978 876 978 879 978 901 982 901 982 964 975 964 966 963 951 957 946 957 945 956 945 955 945 954 945 929 947 905 942 905 942 904 942 891 947 881 943 880 943 880 943 846 948 825 944 824 944 823 944 823 944 814 951 785 953 780 949 779 949 778 949 777 949 757 952 747 945 746 945 745 945 733 945 732 945 732 945 731 945 731 946 724 951 704 947 703 947 703 947 678 954 664 946 663 946 662 946 662 946 661 946 647 954 633 946 632 946 616 946 615 946 591 947 590 947 572 956 568 971"/>
                        </Shape>
                        <String CONTENT=""/>
                    </TextLine>

                    <TextLine ID="line_28" HPOS="386" VPOS="974" WIDTH="580" HEIGHT="46" BASELINE="386 1006 966 999" TAGREFS="TYPE_1">
                        <Shape>
                            <Polygon POINTS="386 1006 386 1016 513 1020 514 1020 567 1015 567 1015 577 1020 578 1020 579 1020 614 1014 617 1014 618 1014 640 1017 641 1017 641 1017 642 1017 646 1013 647 1013 693 1013 706 1018 707 1018 707 1018 731 1012 732 1012 735 1012 771 1017 772 1017 835 1011 843 1011 849 1011 900 1016 901 1016 901 1016 915 1010 917 1010 965 1010 966 999 964 982 901 974 901 974 814 976 814 976 813 976 803 983 773 983 770 984 701 984 692 984 684 978 683 978 683 978 665 978 664 978 663 978 662 978 652 984 615 979 614 979 613 979 601 985 569 979 568 979 567 979 543 986 529 980 528 980 527 980 526 980 510 987 510 987 508 987 471 983 470 983 441 987 440 987 439 987 399 981 398 981 397 981 386 987 386 1006"/>
                        </Shape>
                        <String CONTENT=""/>
                    </TextLine>

                    <TextLine ID="line_29" HPOS="386" VPOS="1005" WIDTH="581" HEIGHT="48" BASELINE="386 1040 967 1030" TAGREFS="TYPE_1">
                        <Shape>
                            <Polygon POINTS="386 1040 386 1052 438 1048 453 1051 461 1052 462 1052 463 1052 467 1050 473 1048 477 1050 480 1053 481 1053 481 1053 482 1053 511 1053 511 1053 532 1048 543 1047 553 1048 578 1052 579 1052 580 1052 590 1047 596 1045 630 1046 671 1048 672 1048 673 1048 674 1048 674 1047 676 1045 678 1043 736 1043 742 1044 769 1048 769 1048 860 1042 887 1046 888 1046 888 1046 889 1046 895 1041 917 1046 917 1046 967 1038 967 1030 965 1011 917 1005 917 1005 916 1005 915 1005 915 1006 908 1011 886 1007 822 1007 821 1007 820 1007 819 1007 808 1014 749 1014 726 1008 725 1008 724 1008 724 1008 711 1015 704 1009 703 1009 703 1009 685 1009 684 1009 683 1009 683 1009 674 1016 650 1016 640 1010 639 1010 638 1010 637 1010 570 1017 559 1011 558 1011 557 1011 515 1018 434 1013 433 1013 386 1020 386 1040"/>
                        </Shape>
                        <String CONTENT=""/>
                    </TextLine>

                    <TextLine ID="line_30" HPOS="386" VPOS="1041" WIDTH="581" HEIGHT="42" BASELINE="387 1071 967 1064" TAGREFS="TYPE_1">
                        <Shape>
                            <Polygon POINTS="387 1071 387 1080 391 1083 392 1083 393 1083 394 1083 465 1082 465 1082 474 1078 515 1082 516 1082 517 1082 536 1077 599 1081 600 1081 636 1077 642 1081 643 1081 644 1081 645 1081 710 1075 772 1079 773 1079 773 1079 786 1075 834 1078 835 1078 920 1073 958 1077 958 1077 959 1077 960 1077 967 1072 967 1064 966 1043 864 1041 864 1041 863 1041 854 1044 847 1047 837 1045 822 1042 821 1042 820 1042 819 1042 814 1045 810 1048 783 1048 780 1046 775 1042 774 1042 773 1042 773 1042 746 1047 736 1048 728 1047 709 1043 708 1043 707 1043 691 1048 685 1050 642 1050 628 1049 581 1044 580 1044 580 1044 579 1044 571 1050 569 1051 562 1050 529 1047 528 1047 508 1051 482 1048 481 1048 481 1048 480 1048 475 1052 428 1047 427 1047 386 1053 387 1071"/>
                        </Shape>
                        <String CONTENT=""/>
                    </TextLine>

                    <TextLine ID="line_31" HPOS="387" VPOS="1070" WIDTH="579" HEIGHT="48" BASELINE="388 1104 966 1094" TAGREFS="TYPE_1">
                        <Shape>
                            <Polygon POINTS="388 1104 388 1112 428 1118 429 1118 430 1118 444 1113 485 1116 485 1116 521 1111 538 1116 539 1116 539 1116 631 1109 656 1114 657 1114 658 1114 658 1114 666 1109 693 1114 694 1114 718 1108 724 1113 725 1113 726 1113 727 1114 748 1114 748 1113 749 1113 750 1113 756 1108 807 1110 808 1110 809 1110 823 1106 835 1111 835 1111 836 1111 891 1106 916 1110 917 1110 966 1102 966 1094 964 1076 889 1070 888 1070 861 1072 860 1072 860 1072 854 1077 797 1077 773 1072 773 1072 772 1072 743 1078 703 1073 703 1073 702 1073 687 1080 641 1080 629 1074 628 1074 627 1074 548 1076 547 1076 530 1082 492 1082 485 1077 485 1077 484 1077 483 1077 434 1082 408 1080 407 1080 407 1080 387 1085 388 1104"/>
                        </Shape>
                        <String CONTENT=""/>
                    </TextLine>

                    <TextLine ID="line_32" HPOS="386" VPOS="1101" WIDTH="582" HEIGHT="48" BASELINE="387 1138 968 1127" TAGREFS="TYPE_1">
                        <Shape>
                            <Polygon POINTS="387 1138 387 1145 423 1149 423 1149 678 1140 884 1140 885 1140 968 1134 968 1127 967 1107 947 1101 946 1101 946 1101 917 1106 888 1102 887 1102 886 1102 885 1102 885 1102 879 1107 877 1110 840 1110 780 1110 777 1108 771 1104 770 1104 769 1104 769 1104 768 1104 759 1108 753 1112 719 1112 709 1109 698 1106 697 1106 696 1106 695 1106 685 1109 672 1113 651 1109 635 1106 634 1106 633 1106 623 1110 608 1114 593 1110 588 1108 588 1108 575 1108 574 1108 573 1108 572 1108 571 1110 564 1114 534 1110 525 1109 524 1109 469 1110 469 1110 468 1110 462 1115 445 1110 444 1110 444 1110 443 1110 386 1110 387 1138"/>
                        </Shape>
                        <String CONTENT=""/>
                    </TextLine>

                    <TextLine ID="line_33" HPOS="387" VPOS="1132" WIDTH="584" HEIGHT="52" BASELINE="388 1170 971 1160" TAGREFS="TYPE_1">
                        <Shape>
                            <Polygon POINTS="388 1170 388 1180 432 1184 432 1184 449 1180 460 1177 463 1180 467 1183 468 1183 469 1183 469 1183 492 1179 497 1178 500 1179 510 1182 510 1182 511 1182 545 1178 551 1177 554 1177 565 1181 566 1181 567 1181 596 1176 601 1176 607 1176 645 1180 646 1180 646 1180 647 1180 654 1176 658 1173 674 1176 691 1177 692 1177 693 1177 699 1175 707 1172 728 1174 745 1176 746 1176 747 1176 753 1174 760 1172 770 1173 790 1177 791 1177 821 1172 837 1170 851 1172 867 1174 868 1174 868 1174 875 1172 881 1169 903 1171 940 1174 941 1174 971 1169 971 1160 969 1132 891 1133 890 1133 889 1133 888 1134 881 1139 876 1135 876 1135 875 1135 874 1135 848 1139 839 1135 836 1135 835 1135 835 1135 806 1135 805 1135 801 1137 786 1141 769 1138 757 1135 756 1135 755 1135 754 1135 751 1138 747 1141 717 1139 705 1139 704 1139 703 1139 703 1139 702 1139 698 1143 684 1140 666 1137 666 1137 665 1137 657 1141 651 1143 625 1142 577 1139 576 1139 576 1139 575 1139 567 1143 564 1146 530 1146 522 1145 497 1140 497 1140 496 1140 495 1140 486 1146 484 1146 456 1143 455 1143 387 1148 388 1170"/>
                        </Shape>
                        <String CONTENT=""/>
                    </TextLine>

                    <TextLine ID="line_34" HPOS="391" VPOS="1165" WIDTH="581" HEIGHT="54" BASELINE="392 1203 972 1192" TAGREFS="TYPE_1">
                        <Shape>
                            <Polygon POINTS="392 1203 392 1217 446 1213 468 1216 492 1219 493 1219 493 1219 494 1219 499 1215 502 1213 506 1215 510 1217 510 1217 511 1217 512 1217 518 1215 527 1212 551 1214 588 1217 588 1218 610 1218 610 1217 611 1217 621 1213 622 1211 624 1213 629 1217 629 1217 630 1217 631 1217 679 1212 687 1216 687 1216 688 1216 774 1214 775 1214 776 1214 781 1210 827 1213 828 1213 829 1213 852 1207 855 1205 953 1205 962 1209 962 1209 963 1209 964 1209 972 1204 972 1192 970 1165 933 1166 932 1166 922 1171 870 1168 850 1167 849 1167 848 1167 847 1167 845 1168 839 1172 830 1169 827 1168 827 1168 826 1168 825 1168 824 1168 823 1169 817 1174 792 1174 779 1170 772 1168 771 1168 770 1168 756 1171 747 1172 727 1172 677 1170 676 1170 654 1174 639 1176 627 1175 616 1173 615 1173 614 1173 613 1173 612 1176 609 1177 585 1176 526 1172 525 1172 524 1172 509 1178 509 1179 475 1179 447 1174 446 1174 445 1174 444 1174 434 1180 433 1181 391 1181 392 1203"/>
                        </Shape>
                        <String CONTENT=""/>
                    </TextLine>
</TextBlock>
                <TextBlock ID="block_4" HPOS="874" VPOS="1202" WIDTH="97" HEIGHT="35" TAGREFS="TYPE_26">
                    <Shape>
                        <Polygon POINTS="874.5933227539062 1202.60400390625 971.6289672851562 1202.60400390625 971.6289672851562 1237.5693359375 874.5933227539062 1237.5693359375 874.5933227539062 1202.60400390625"/>
                    </Shape>
                    <TextLine ID="line_35" HPOS="872" VPOS="1199" WIDTH="102" HEIGHT="43" BASELINE="873 1226 974 1225" TAGREFS="TYPE_1">
                        <Shape>
                            <Polygon POINTS="873 1226 873 1242 925 1236 972 1239 974 1225 971 1199 872 1201 873 1226"/>
                        </Shape>
                        <String CONTENT=""/>
                    </TextLine>
</TextBlock>
            </PrintSpace>
        </Page>
    </Layout>
</alto>