<?xml version="1.0" encoding="UTF-8"?>
<alto xmlns:xsi="http://www.w3.org/2001/XMLSchema-instance"
    xmlns="http://www.loc.gov/standards/alto/ns-v4#"
    xsi:schemaLocation="http://www.loc.gov/standards/alto/ns-v4# http://www.loc.gov/standards/alto/v4/alto-4-3.xsd">
    <Description>
        <MeasurementUnit>pixel</MeasurementUnit>
        <sourceImageInformation>
            <fileName>2013176.jpeg</fileName>
        </sourceImageInformation>
        <Processing ID="OCR_0">
            <processingCategory>other</processingCategory>
            <processingStepDescription>unknown</processingStepDescription>
            <processingSoftware>
                <softwareName>kraken</softwareName>
                <softwareVersion>4.3.13</softwareVersion>
            </processingSoftware>
        </Processing>
    </Description>
    <Tags>
        <OtherTag ID="TYPE_1" LABEL="DefaultLine"/>
        <OtherTag ID="TYPE_2" LABEL="MarginTextZone-ManuscriptAddendum"/>
        <OtherTag ID="TYPE_3" LABEL="TitlePageZone"/>
        <OtherTag ID="TYPE_4" LABEL="StampZone-Sticker"/>
        <OtherTag ID="TYPE_5" LABEL="StampZone"/>
        <OtherTag ID="TYPE_6" LABEL="MainZone-Entry-Continued"/>
        <OtherTag ID="TYPE_7" LABEL="GraphicZone-Maths"/>
        <OtherTag ID="TYPE_8" LABEL="FigureZone"/>
        <OtherTag ID="TYPE_9" LABEL="MainZone-Signature"/>
        <OtherTag ID="TYPE_10" LABEL="MainZone-P-Continued"/>
        <OtherTag ID="TYPE_11" LABEL="GraphicZone-Decoration"/>
        <OtherTag ID="TYPE_12" LABEL="MainZone-Date"/>
        <OtherTag ID="TYPE_13" LABEL="MainZone-Other"/>
        <OtherTag ID="TYPE_14" LABEL="TableZone-Continued"/>
        <OtherTag ID="TYPE_15" LABEL="MarginTextZone-Notes-Continued"/>
        <OtherTag ID="TYPE_16" LABEL="FigureZone-FigDesc"/>
        <OtherTag ID="TYPE_17" LABEL="MarginTextZone-Notes"/>
        <OtherTag ID="TYPE_18" LABEL="DropCapitalZone"/>
        <OtherTag ID="TYPE_19" LABEL="GraphicZone"/>
        <OtherTag ID="TYPE_20" LABEL="RunningTitleZone"/>
        <OtherTag ID="TYPE_21" LABEL="GraphicZone-FigDesc"/>
        <OtherTag ID="TYPE_22" LABEL="MainZone-Lg"/>
        <OtherTag ID="TYPE_23" LABEL="FigureZone-Head"/>
        <OtherTag ID="TYPE_24" LABEL="MainZone-P"/>
        <OtherTag ID="TYPE_25" LABEL="GraphicZone-Head"/>
        <OtherTag ID="TYPE_26" LABEL="QuireMarksZone"/>
        <OtherTag ID="TYPE_27" LABEL="MainZone-Sp"/>
        <OtherTag ID="TYPE_28" LABEL="MainZone-List"/>
        <OtherTag ID="TYPE_29" LABEL="GraphicZone-Part"/>
        <OtherTag ID="TYPE_30" LABEL="DigitizationArtefactZone"/>
        <OtherTag ID="TYPE_31" LABEL="MainZone-Entry"/>
        <OtherTag ID="TYPE_32" LABEL="TableZone-Head"/>
        <OtherTag ID="TYPE_33" LABEL="GraphicZone-TextualContent"/>
        <OtherTag ID="TYPE_34" LABEL="AdvertisementZone"/>
        <OtherTag ID="TYPE_35" LABEL="MainZone-List-Continued"/>
        <OtherTag ID="TYPE_36" LABEL="MainZone-Form"/>
        <OtherTag ID="TYPE_37" LABEL="MainZone-Head"/>
        <OtherTag ID="TYPE_38" LABEL="NumberingZone"/>
        <OtherTag ID="TYPE_39" LABEL="TitlePageZone-Index"/>
        <OtherTag ID="TYPE_40" LABEL="MainZone-Sp-Continued"/>
        <OtherTag ID="TYPE_41" LABEL="TableZone"/>
        <OtherTag ID="TYPE_42" LABEL="MainZone-Lg-Continued"/>
    </Tags>
    <Layout>
        <Page WIDTH="1000" HEIGHT="1448" PHYSICAL_IMG_NR="0" ID="page_0">
            <PrintSpace HPOS="0" VPOS="0" WIDTH="1000" HEIGHT="1448">
                <TextBlock ID="block_1" HPOS="477" VPOS="95" WIDTH="377" HEIGHT="36" TAGREFS="TYPE_20">
                    <Shape>
                        <Polygon POINTS="477.70355224609375 95.63663482666016 854.6990356445312 95.63663482666016 854.6990356445312 131.43540954589844 477.70355224609375 131.43540954589844 477.70355224609375 95.63663482666016"/>
                    </Shape>
                    <TextLine ID="line_0" HPOS="368" VPOS="94" WIDTH="487" HEIGHT="45" BASELINE="369 125 855 119" TAGREFS="TYPE_1">
                        <Shape>
                            <Polygon POINTS="762 108 754 108 746 108 738 108 730 108 722 108 714 108 706 108 698 108 690 108 682 108 674 108 666 108 658 108 650 108 641 108 633 108 625 108 617 108 609 108 607 108 606 109 580 109 576 108 569 108 561 108 553 108 545 108 543 108 541 109 539 108 537 108 529 108 521 108 513 108 505 108 497 108 489 108 484 108 479 110 465 108 465 108 456 108 448 108 440 108 432 108 431 108 428 111 421 108 416 108 408 108 400 108 399 108 392 108 384 108 376 108 368 108 369 125 369 139 419 139 419 138 420 138 421 138 421 137 432 130 514 133 515 133 548 129 557 135 558 135 559 135 559 135 560 135 576 128 631 134 641 135 642 135 650 134 670 131 703 133 723 134 724 134 724 134 728 132 735 128 744 132 745 132 746 132 747 132 748 132 748 132 758 126 778 126 788 131 789 132 790 132 790 132 791 132 855 130 855 119 854 102 841 95 840 95 794 94 794 94 769 95 769 95 762 98 762 108"/>
                        </Shape>
                        <String CONTENT=""/>
                    </TextLine>
</TextBlock>
                <TextBlock ID="block_0" HPOS="364" VPOS="134" WIDTH="586" HEIGHT="267" TAGREFS="TYPE_10">
                    <Shape>
                        <Polygon POINTS="364.36883544921875 134.8192138671875 950.08837890625 134.8192138671875 950.08837890625 401.6451721191406 364.36883544921875 401.6451721191406 364.36883544921875 134.8192138671875"/>
                    </Shape>
                    <TextLine ID="line_1" HPOS="364" VPOS="127" WIDTH="582" HEIGHT="49" BASELINE="365 164 946 155" TAGREFS="TYPE_1">
                        <Shape>
                            <Polygon POINTS="365 164 365 172 396 176 397 176 398 176 415 172 419 172 432 172 487 175 488 175 489 175 499 172 502 171 503 172 514 175 515 175 516 175 517 175 531 171 536 170 545 171 575 174 576 174 576 174 577 174 577 173 580 171 581 170 588 170 628 173 629 173 629 173 643 170 646 169 652 170 677 172 678 172 679 172 689 169 692 168 703 169 733 172 734 172 823 170 824 170 832 168 841 165 855 168 868 169 868 169 946 166 946 155 945 133 926 129 925 129 868 133 847 127 847 127 846 127 787 127 786 127 786 127 786 128 777 135 696 129 695 129 695 129 680 137 649 137 629 130 629 130 628 130 627 130 613 135 576 131 576 131 528 138 489 132 489 132 488 132 469 138 461 134 460 134 460 134 423 139 419 135 418 135 417 135 416 135 415 135 415 135 407 141 364 141 365 164"/>
                        </Shape>
                        <String CONTENT=""/>
                    </TextLine>

                    <TextLine ID="line_2" HPOS="355" VPOS="168" WIDTH="592" HEIGHT="41" BASELINE="356 196 947 188" TAGREFS="TYPE_1">
                        <Shape>
                            <Polygon POINTS="356 196 356 205 366 209 367 209 368 209 436 209 437 209 438 209 444 204 531 208 532 208 533 208 552 203 623 206 624 206 655 201 688 205 689 205 731 200 749 205 750 205 751 205 793 199 823 204 824 204 825 204 826 204 834 198 873 203 874 203 947 196 947 188 946 168 532 168 531 168 530 168 510 173 508 173 506 173 473 168 473 168 444 169 444 169 443 169 438 174 429 169 428 169 427 169 403 173 376 170 375 170 374 170 355 175 356 196"/>
                        </Shape>
                        <String CONTENT=""/>
                    </TextLine>

                    <TextLine ID="line_3" HPOS="362" VPOS="194" WIDTH="586" HEIGHT="44" BASELINE="363 230 651 223 948 221" TAGREFS="TYPE_1">
                        <Shape>
                            <Polygon POINTS="363 230 363 238 947 231 948 221 946 194 921 199 907 195 904 194 903 194 902 194 901 194 900 195 889 201 826 197 825 197 824 197 815 201 802 197 796 196 795 196 794 196 794 196 790 198 781 203 750 203 744 199 741 197 740 197 740 197 739 197 630 198 629 198 622 202 619 204 608 203 577 199 576 199 517 201 516 201 508 205 506 207 362 209 363 230"/>
                        </Shape>
                        <String CONTENT=""/>
                    </TextLine>

                    <TextLine ID="line_4" HPOS="364" VPOS="226" WIDTH="582" HEIGHT="46" BASELINE="365 263 543 257 946 253" TAGREFS="TYPE_1">
                        <Shape>
                            <Polygon POINTS="365 263 365 271 483 267 490 269 499 272 500 272 501 272 521 269 534 267 570 267 641 271 642 271 643 271 656 267 868 267 869 267 870 267 871 267 880 262 882 262 925 267 925 267 926 267 946 260 946 253 944 231 905 231 903 231 888 226 888 226 887 226 886 226 873 231 871 232 863 231 845 229 844 229 819 231 803 233 801 231 795 227 794 227 794 227 793 227 758 229 757 229 757 229 753 231 749 234 745 232 738 228 737 228 736 228 703 232 679 234 662 232 650 230 649 230 648 230 644 232 635 235 576 232 534 230 533 230 511 233 487 235 477 233 473 232 473 232 472 232 471 232 470 232 469 233 463 238 436 233 429 232 428 232 427 232 423 233 404 238 395 233 394 233 393 233 392 233 364 233 365 263"/>
                        </Shape>
                        <String CONTENT=""/>
                    </TextLine>

                    <TextLine ID="line_5" HPOS="364" VPOS="258" WIDTH="583" HEIGHT="44" BASELINE="365 293 947 284" TAGREFS="TYPE_1">
                        <Shape>
                            <Polygon POINTS="365 293 365 302 947 296 947 284 945 258 921 263 899 259 895 258 894 258 893 258 892 259 882 264 838 264 790 261 790 261 789 261 788 261 782 266 733 266 724 261 724 261 723 261 722 261 718 261 681 267 658 263 654 262 653 262 642 263 605 266 586 263 578 263 577 263 570 263 547 268 535 264 533 263 532 263 531 263 525 264 502 269 473 265 468 265 467 265 464 266 443 270 430 266 426 265 425 265 424 265 423 265 423 265 421 266 415 271 400 267 397 266 396 266 395 266 395 266 392 267 382 270 364 267 365 293"/>
                        </Shape>
                        <String CONTENT=""/>
                    </TextLine>

                    <TextLine ID="line_6" HPOS="363" VPOS="294" WIDTH="585" HEIGHT="40" BASELINE="364 324 948 318" TAGREFS="TYPE_1">
                        <Shape>
                            <Polygon POINTS="604 321 596 321 588 321 580 321 572 321 564 321 556 321 548 321 540 321 532 321 524 321 516 321 508 321 500 321 492 321 484 321 476 321 468 321 460 323 452 323 444 323 436 323 427 323 419 323 411 323 403 323 395 323 387 323 379 323 371 323 363 323 364 324 364 333 706 334 707 334 720 333 751 329 784 333 794 333 795 333 796 333 800 333 817 329 867 333 873 333 874 333 876 333 897 328 946 332 948 318 947 299 936 294 935 294 934 294 934 294 914 300 911 300 909 300 891 294 890 294 889 294 847 296 846 296 831 302 828 304 826 302 812 295 811 295 810 295 810 295 797 299 678 297 677 297 676 297 675 297 667 302 620 297 619 297 618 297 617 297 609 304 604 321"/>
                        </Shape>
                        <String CONTENT=""/>
                    </TextLine>

                    <TextLine ID="line_7" HPOS="364" VPOS="327" WIDTH="580" HEIGHT="44" BASELINE="365 357 944 350" TAGREFS="TYPE_1">
                        <Shape>
                            <Polygon POINTS="758 337 750 337 742 337 734 337 726 337 718 337 710 337 702 337 694 337 686 337 678 337 670 337 662 337 654 337 646 337 637 337 629 337 621 337 613 337 605 337 597 337 589 337 581 337 577 337 573 337 565 337 557 337 549 337 541 337 533 337 525 337 517 337 512 337 507 337 495 337 493 337 485 337 477 337 469 337 460 337 452 337 444 337 436 337 428 337 420 337 412 337 410 337 402 338 393 337 388 337 380 337 372 337 365 337 364 337 365 357 365 371 502 370 510 370 534 366 572 368 589 369 590 369 591 369 592 369 592 367 596 365 623 367 649 369 650 369 697 366 728 363 749 364 798 367 799 367 886 362 887 362 888 362 932 366 933 366 934 366 944 360 944 350 942 328 912 332 903 329 900 327 899 327 898 327 890 329 872 333 868 329 866 328 865 328 864 328 806 328 806 328 805 328 799 330 791 334 775 331 773 331 773 331 769 331 761 331 758 337"/>
                        </Shape>
                        <String CONTENT=""/>
                    </TextLine>

                    <TextLine ID="line_8" HPOS="366" VPOS="358" WIDTH="555" HEIGHT="47" BASELINE="367 390 821 384 921 386" TAGREFS="TYPE_1">
                        <Shape>
                            <Polygon POINTS="367 390 367 403 429 399 440 403 445 405 446 405 447 405 460 403 483 399 493 402 497 403 498 403 499 403 500 403 501 403 502 402 509 398 539 401 550 402 551 402 551 402 554 401 563 397 614 397 620 399 629 403 629 403 630 403 659 399 682 395 696 398 706 399 707 399 757 396 769 396 769 396 781 401 782 401 783 401 865 400 866 400 877 396 904 399 905 399 905 399 921 393 921 386 921 364 853 358 852 358 814 362 805 359 804 359 803 359 802 359 802 359 794 365 755 359 754 359 680 366 679 366 641 361 641 361 640 361 625 366 620 362 620 361 619 361 618 361 617 361 584 367 561 362 560 362 559 362 519 362 518 362 518 362 509 368 430 366 429 366 366 370 367 390"/>
                        </Shape>
                        <String CONTENT=""/>
                    </TextLine>
</TextBlock>
                <TextBlock ID="block_4" HPOS="366" VPOS="418" WIDTH="581" HEIGHT="82" TAGREFS="TYPE_24">
                    <Shape>
                        <Polygon POINTS="366.10125732421875 418.34588623046875 947.2723999023438 418.34588623046875 947.2723999023438 500.4244689941406 366.10125732421875 500.4244689941406 366.10125732421875 418.34588623046875"/>
                    </Shape>
                    <TextLine ID="line_9" HPOS="450" VPOS="413" WIDTH="492" HEIGHT="53" BASELINE="451 448 942 440" TAGREFS="TYPE_1">
                        <Shape>
                            <Polygon POINTS="451 448 451 461 488 464 489 464 507 460 512 460 514 460 524 466 525 466 526 466 561 464 562 464 563 464 567 460 572 464 572 464 573 464 574 464 605 460 625 464 625 464 626 464 690 464 691 464 707 456 708 456 710 456 738 463 739 463 791 455 793 455 794 455 800 460 800 461 801 461 802 461 802 461 851 456 891 460 892 460 893 460 893 460 905 453 942 452 942 440 940 422 905 417 905 417 877 422 866 416 865 416 864 416 864 416 845 421 835 413 835 413 834 413 807 413 806 413 806 413 805 413 789 424 724 424 715 415 715 415 714 415 713 415 700 415 699 415 684 415 683 415 683 415 671 426 646 426 622 416 621 416 621 416 620 416 619 416 603 426 591 422 590 422 589 422 570 424 558 417 557 417 556 417 555 417 510 421 500 418 499 418 498 418 469 419 469 419 450 428 451 448"/>
                        </Shape>
                        <String CONTENT=""/>
                    </TextLine>

                    <TextLine ID="line_10" HPOS="367" VPOS="454" WIDTH="142" HEIGHT="51" BASELINE="368 489 509 485" TAGREFS="TYPE_1">
                        <Shape>
                            <Polygon POINTS="368 489 368 505 421 497 441 497 447 501 449 504 450 504 451 504 452 505 472 505 472 504 473 504 481 500 488 496 492 499 497 503 497 503 498 503 499 503 500 503 509 498 509 485 506 463 495 463 494 463 482 454 481 454 481 454 480 454 479 454 478 454 470 459 436 455 436 455 435 455 396 465 395 465 394 465 378 461 378 461 377 461 376 461 367 464 368 489"/>
                        </Shape>
                        <String CONTENT=""/>
                    </TextLine>
</TextBlock>
                <TextBlock ID="block_2" HPOS="363" VPOS="500" WIDTH="586" HEIGHT="329" TAGREFS="TYPE_24">
                    <Shape>
                        <Polygon POINTS="363.99102783203125 500.9478454589844 949.3047485351562 500.9478454589844 949.3047485351562 829.7265014648438 363.99102783203125 829.7265014648438 363.99102783203125 500.9478454589844"/>
                    </Shape>
                    <TextLine ID="line_11" HPOS="397" VPOS="489" WIDTH="550" HEIGHT="50" BASELINE="398 526 947 520" TAGREFS="TYPE_1">
                        <Shape>
                            <Polygon POINTS="398 526 398 533 421 538 422 539 445 539 445 538 446 538 447 538 453 534 464 538 465 538 465 538 497 538 497 538 498 538 503 533 504 533 505 533 534 538 534 538 535 538 555 533 558 532 560 533 567 535 568 535 569 535 593 533 608 531 627 531 629 533 633 536 634 536 635 536 636 536 676 532 700 530 946 531 947 520 946 497 913 489 912 489 911 489 899 494 894 490 893 490 893 490 892 490 782 491 781 491 781 491 773 497 770 498 765 497 748 493 748 493 747 493 746 493 745 493 740 497 737 499 720 497 683 493 682 493 681 493 669 497 661 501 598 501 589 497 584 495 583 495 582 495 581 495 580 495 580 496 578 497 574 501 563 497 547 493 547 493 546 493 529 494 528 494 527 494 523 497 518 501 499 497 489 496 489 496 488 496 481 497 466 502 452 497 449 497 448 497 448 497 447 497 446 497 444 497 437 502 423 497 416 496 415 496 415 496 397 497 398 526"/>
                        </Shape>
                        <String CONTENT=""/>
                    </TextLine>

                    <TextLine ID="line_12" HPOS="364" VPOS="523" WIDTH="582" HEIGHT="49" BASELINE="365 559 946 551" TAGREFS="TYPE_1">
                        <Shape>
                            <Polygon POINTS="365 559 365 572 415 572 415 571 418 571 439 566 451 571 452 571 452 571 453 571 460 571 508 567 513 570 514 570 514 570 515 570 516 570 517 570 526 564 576 563 603 567 604 567 645 563 779 565 780 565 781 565 781 565 789 560 876 564 887 564 888 564 888 564 889 564 897 559 946 563 946 551 946 527 932 523 931 523 930 523 930 523 917 527 910 530 865 530 860 527 851 524 850 524 849 524 831 528 818 530 810 528 801 525 800 525 799 525 779 528 769 530 763 528 754 526 753 526 753 526 731 528 703 532 698 529 695 526 694 526 693 526 692 526 691 526 687 529 678 533 612 529 587 528 586 528 585 528 582 530 572 535 521 535 505 530 504 530 503 530 502 530 502 530 494 536 467 536 452 530 452 530 451 530 450 530 449 530 441 536 420 530 419 530 419 530 418 530 417 530 416 530 399 536 390 531 390 531 389 531 364 531 365 559"/>
                        </Shape>
                        <String CONTENT=""/>
                    </TextLine>

                    <TextLine ID="line_13" HPOS="363" VPOS="558" WIDTH="584" HEIGHT="46" BASELINE="364 592 947 583" TAGREFS="TYPE_1">
                        <Shape>
                            <Polygon POINTS="364 592 365 604 377 600 411 604 415 604 416 604 417 604 418 604 427 599 460 603 465 603 466 603 467 603 468 603 468 602 473 598 504 601 510 602 511 602 523 601 576 596 633 596 641 599 644 600 645 600 646 600 658 598 683 595 702 597 714 599 715 599 716 599 724 597 736 594 781 596 827 597 828 597 842 594 850 592 855 594 863 596 864 596 864 596 947 592 947 583 945 558 363 567 364 592"/>
                        </Shape>
                        <String CONTENT=""/>
                    </TextLine>

                    <TextLine ID="line_14" HPOS="363" VPOS="588" WIDTH="583" HEIGHT="49" BASELINE="364 623 946 615" TAGREFS="TYPE_1">
                        <Shape>
                            <Polygon POINTS="364 623 364 637 480 637 480 636 481 636 487 633 493 632 502 633 514 635 514 635 526 633 540 629 550 632 556 634 557 634 558 634 559 634 563 632 571 628 600 628 667 628 674 629 687 633 688 633 689 633 690 633 704 629 715 626 725 629 736 630 736 630 794 627 808 626 810 626 825 631 826 631 827 631 827 631 828 631 835 626 836 625 841 625 872 629 873 629 946 623 946 615 945 595 897 588 897 588 896 588 884 592 831 589 830 589 829 589 828 589 820 596 819 596 815 596 733 591 732 591 732 591 712 596 710 597 706 596 678 592 677 592 676 592 662 596 624 592 623 592 622 592 621 592 614 597 606 593 605 593 569 593 568 593 567 593 551 598 548 599 547 598 542 594 541 594 540 594 517 594 516 594 515 594 500 599 497 600 493 599 481 594 480 594 479 594 478 594 466 599 463 600 443 600 408 597 407 597 407 597 402 600 399 601 395 600 385 596 384 596 383 596 363 600 364 623"/>
                        </Shape>
                        <String CONTENT=""/>
                    </TextLine>

                    <TextLine ID="line_15" HPOS="364" VPOS="625" WIDTH="582" HEIGHT="43" BASELINE="365 657 946 647" TAGREFS="TYPE_1">
                        <Shape>
                            <Polygon POINTS="365 657 365 664 409 668 410 668 411 668 411 668 417 664 419 663 424 664 452 667 453 667 454 667 455 667 460 663 462 662 474 663 509 666 510 666 542 662 560 660 946 658 946 647 943 625 364 631 365 657"/>
                        </Shape>
                        <String CONTENT=""/>
                    </TextLine>

                    <TextLine ID="line_16" HPOS="362" VPOS="656" WIDTH="584" HEIGHT="42" BASELINE="363 688 946 680" TAGREFS="TYPE_1">
                        <Shape>
                            <Polygon POINTS="363 688 363 698 680 691 683 691 701 695 702 695 703 695 716 691 719 691 730 691 818 693 818 693 847 689 880 692 880 692 881 692 893 688 940 691 941 691 942 691 942 691 942 691 946 687 946 680 944 656 658 656 658 656 657 656 656 656 654 658 648 663 607 663 596 658 592 657 592 657 591 657 590 657 584 658 569 663 532 659 524 658 523 658 522 658 521 659 509 664 483 659 476 658 475 658 460 660 403 666 362 661 363 688"/>
                        </Shape>
                        <String CONTENT=""/>
                    </TextLine>

                    <TextLine ID="line_17" HPOS="363" VPOS="685" WIDTH="583" HEIGHT="43" BASELINE="364 719 946 712" TAGREFS="TYPE_1">
                        <Shape>
                            <Polygon POINTS="364 719 364 728 945 721 946 712 944 691 893 685 892 685 891 685 872 691 872 691 846 686 845 686 844 686 834 691 753 686 753 686 752 686 751 686 746 691 654 688 653 688 627 693 620 694 607 693 557 689 556 689 532 694 525 695 515 694 485 691 484 691 483 691 473 694 468 695 461 695 446 691 445 691 430 695 421 696 416 695 408 691 407 691 407 691 363 695 364 719"/>
                        </Shape>
                        <String CONTENT=""/>
                    </TextLine>

                    <TextLine ID="line_18" HPOS="363" VPOS="719" WIDTH="583" HEIGHT="44" BASELINE="364 752 946 745" TAGREFS="TYPE_1">
                        <Shape>
                            <Polygon POINTS="364 752 364 761 554 763 555 763 555 763 556 763 556 762 561 758 561 757 596 757 600 757 621 762 621 762 622 762 623 762 630 757 632 756 639 757 674 761 675 761 676 761 686 756 687 756 711 756 808 759 809 759 810 759 818 755 820 753 883 753 887 753 909 758 910 758 945 752 946 745 942 719 923 725 880 725 824 720 816 719 815 719 811 720 786 726 706 721 695 721 695 721 694 721 693 721 693 722 685 728 662 722 660 722 659 722 657 722 620 728 587 723 584 723 583 723 582 723 580 723 555 729 526 724 524 724 523 724 522 724 522 724 509 729 497 724 496 724 495 724 494 724 493 724 492 724 477 730 449 724 446 724 445 724 444 724 444 724 427 731 421 727 420 727 419 727 419 727 399 731 363 726 364 752"/>
                        </Shape>
                        <String CONTENT=""/>
                    </TextLine>

                    <TextLine ID="line_19" HPOS="364" VPOS="752" WIDTH="581" HEIGHT="45" BASELINE="365 785 945 777" TAGREFS="TYPE_1">
                        <Shape>
                            <Polygon POINTS="581 781 573 781 565 781 557 781 549 781 541 781 533 781 525 781 517 781 509 781 501 781 493 781 485 781 477 781 469 781 460 781 452 783 444 783 436 783 428 783 420 783 412 783 404 783 396 783 388 783 380 783 372 783 364 783 365 785 365 793 420 797 421 797 448 793 457 791 460 793 464 796 465 796 465 796 466 797 493 797 493 796 567 791 579 790 584 790 621 794 621 794 671 789 687 788 739 788 740 788 749 793 750 793 751 793 751 793 752 793 761 788 762 788 777 792 778 792 779 792 780 792 790 787 944 785 945 777 942 754 914 757 910 755 907 752 906 752 905 752 905 752 839 753 839 753 829 757 821 761 810 758 796 754 795 754 794 754 742 758 714 755 713 755 712 755 693 762 689 764 686 763 669 756 668 756 667 756 666 756 654 761 648 756 647 756 646 756 646 756 613 760 600 756 599 756 598 756 597 756 596 756 586 766 584 767 581 781"/>
                        </Shape>
                        <String CONTENT=""/>
                    </TextLine>

                    <TextLine ID="line_20" HPOS="366" VPOS="789" WIDTH="344" HEIGHT="40" BASELINE="367 818 710 814" TAGREFS="TYPE_1">
                        <Shape>
                            <Polygon POINTS="664 789 656 789 654 789 635 792 629 793 561 793 559 792 556 789 556 789 555 789 555 789 551 789 543 789 535 789 530 789 530 789 529 789 521 791 518 793 516 791 513 789 512 789 511 789 510 789 510 789 509 789 505 791 500 794 465 791 445 789 444 789 444 789 443 789 441 791 437 794 419 791 413 790 412 790 411 790 409 791 395 795 388 791 388 790 387 790 386 790 386 790 366 790 367 818 367 829 690 829 690 828 710 823 710 814 708 793 668 789 664 789"/>
                        </Shape>
                        <String CONTENT=""/>
                    </TextLine>
</TextBlock>
                <TextBlock ID="block_6" HPOS="366" VPOS="852" WIDTH="582" HEIGHT="121" TAGREFS="TYPE_37">
                    <Shape>
                        <Polygon POINTS="366.45928955078125 852.4172973632812 948.1749267578125 852.4172973632812 948.1749267578125 973.52587890625 366.45928955078125 973.52587890625 366.45928955078125 852.4172973632812"/>
                    </Shape>
                    <TextLine ID="line_21" HPOS="406" VPOS="846" WIDTH="538" HEIGHT="56" BASELINE="407 887 944 878" TAGREFS="TYPE_1">
                        <Shape>
                            <Polygon POINTS="407 887 407 896 444 894 448 896 455 901 456 901 456 901 457 902 503 902 503 901 504 901 517 894 521 892 537 892 540 894 550 900 551 900 551 900 552 900 584 900 585 900 604 892 609 891 612 892 626 899 627 899 628 899 629 899 629 899 638 892 639 892 640 892 658 894 658 894 659 894 671 891 674 890 675 891 685 897 686 897 687 897 687 897 688 897 689 897 701 890 703 889 709 890 731 893 732 893 755 889 759 888 761 888 771 893 772 893 773 893 823 890 835 896 835 896 836 896 869 890 894 895 895 895 896 895 907 891 917 894 917 894 918 894 919 894 944 884 944 878 942 847 889 851 876 847 869 846 868 846 868 846 867 846 859 848 849 851 845 848 841 846 840 846 839 846 819 846 818 846 818 846 806 850 794 853 781 850 773 848 772 848 771 848 770 848 770 849 769 851 765 854 746 855 710 855 707 852 701 847 700 847 699 847 699 847 698 847 687 852 682 855 678 852 671 848 670 848 670 848 669 848 668 848 649 853 648 853 647 853 606 850 605 850 604 850 594 855 592 855 588 855 576 851 575 851 504 851 503 851 502 851 488 857 485 858 484 857 469 852 469 852 468 852 406 859 407 887"/>
                        </Shape>
                        <String CONTENT=""/>
                    </TextLine>

                    <TextLine ID="line_22" HPOS="365" VPOS="887" WIDTH="581" HEIGHT="53" BASELINE="366 923 946 916" TAGREFS="TYPE_1">
                        <Shape>
                            <Polygon POINTS="366 923 366 937 412 934 419 937 425 939 426 939 427 939 427 939 428 939 428 938 431 937 433 934 448 936 474 940 475 940 476 940 491 935 498 933 558 932 561 934 566 938 567 938 567 938 568 938 592 933 593 933 600 938 601 938 602 938 603 938 628 933 636 931 640 933 648 936 649 936 650 936 650 936 663 932 666 931 670 932 680 936 681 936 682 936 683 936 693 933 743 937 744 937 744 937 745 937 755 930 757 929 761 930 786 936 786 936 828 929 830 929 831 929 839 935 839 935 840 935 841 936 874 936 874 935 875 935 886 929 911 934 912 934 946 926 946 916 943 887 909 888 908 888 907 888 898 894 886 888 885 888 884 888 819 888 818 888 818 888 817 888 815 890 806 896 778 891 769 889 769 889 768 889 763 892 748 897 702 893 679 891 678 891 677 891 676 891 673 894 667 898 633 898 617 895 600 892 599 892 598 892 588 896 581 899 559 896 547 896 546 896 545 896 541 897 534 900 528 897 518 894 518 894 517 894 516 894 515 894 510 898 508 900 427 901 424 900 410 894 409 894 383 894 382 894 382 894 365 900 366 923"/>
                        </Shape>
                        <String CONTENT=""/>
                    </TextLine>

                    <TextLine ID="line_23" HPOS="366" VPOS="928" WIDTH="183" HEIGHT="46" BASELINE="366 962 549 962" TAGREFS="TYPE_1">
                        <Shape>
                            <Polygon POINTS="366 962 366 971 548 974 549 962 549 937 519 937 493 928 492 928 491 928 490 928 465 937 455 929 454 929 453 929 452 929 424 933 386 928 386 928 385 928 366 937 366 962"/>
                        </Shape>
                        <String CONTENT=""/>
                    </TextLine>
</TextBlock>
                <TextBlock ID="block_3" HPOS="363" VPOS="980" WIDTH="585" HEIGHT="228" TAGREFS="TYPE_24">
                    <Shape>
                        <Polygon POINTS="363.8868103027344 980.163330078125 948.5535888671875 980.163330078125 948.5535888671875 1208.3050537109375 363.8868103027344 1208.3050537109375 363.8868103027344 980.163330078125"/>
                    </Shape>
                    <TextLine ID="line_24" HPOS="397" VPOS="969" WIDTH="549" HEIGHT="43" BASELINE="398 1003 946 998" TAGREFS="TYPE_1">
                        <Shape>
                            <Polygon POINTS="398 1003 398 1011 853 1012 854 1012 945 1007 946 998 945 974 924 969 923 969 922 969 897 974 893 976 831 976 829 975 814 970 813 970 812 970 811 970 793 976 791 976 790 976 768 970 767 970 766 970 765 970 765 970 754 976 753 978 695 978 695 977 687 970 686 970 685 970 671 970 670 970 670 970 660 975 624 971 623 971 622 971 607 977 580 971 579 971 578 971 567 977 517 979 492 972 491 972 490 972 489 972 489 972 489 973 481 979 481 980 471 980 435 980 427 974 427 974 426 974 425 974 397 980 398 1003"/>
                        </Shape>
                        <String CONTENT=""/>
                    </TextLine>

                    <TextLine ID="line_25" HPOS="367" VPOS="1004" WIDTH="579" HEIGHT="44" BASELINE="368 1036 946 1031" TAGREFS="TYPE_1">
                        <Shape>
                            <Polygon POINTS="368 1036 368 1044 440 1048 441 1048 442 1048 450 1044 452 1043 469 1044 514 1048 515 1048 516 1048 529 1044 535 1042 560 1044 602 1047 603 1047 627 1044 646 1041 683 1041 688 1044 693 1046 694 1046 695 1046 695 1046 696 1046 699 1044 702 1042 738 1044 779 1045 780 1045 781 1045 786 1044 798 1040 812 1044 817 1044 818 1044 818 1045 844 1045 844 1044 845 1044 846 1044 847 1044 854 1040 946 1043 946 1031 944 1004 862 1010 823 1007 823 1007 735 1011 710 1006 707 1006 706 1006 705 1006 703 1006 688 1011 632 1007 625 1007 624 1007 623 1007 621 1007 606 1012 544 1007 535 1007 534 1007 514 1008 389 1014 367 1010 368 1036"/>
                        </Shape>
                        <String CONTENT=""/>
                    </TextLine>

                    <TextLine ID="line_26" HPOS="364" VPOS="1039" WIDTH="582" HEIGHT="41" BASELINE="365 1068 946 1062" TAGREFS="TYPE_1">
                        <Shape>
                            <Polygon POINTS="365 1068 365 1076 501 1080 502 1080 555 1075 560 1079 561 1079 562 1079 563 1079 563 1079 564 1079 571 1075 654 1078 654 1078 694 1073 697 1073 701 1073 778 1077 779 1077 825 1073 845 1077 846 1077 847 1077 862 1072 864 1072 869 1072 932 1076 933 1076 934 1076 946 1071 946 1062 943 1039 364 1043 365 1068"/>
                        </Shape>
                        <String CONTENT=""/>
                    </TextLine>

                    <TextLine ID="line_27" HPOS="363" VPOS="1069" WIDTH="582" HEIGHT="45" BASELINE="364 1100 945 1094" TAGREFS="TYPE_1">
                        <Shape>
                            <Polygon POINTS="364 1100 365 1114 388 1108 420 1112 421 1112 422 1112 431 1108 490 1110 491 1110 543 1106 587 1110 611 1112 612 1112 629 1110 647 1106 694 1108 765 1110 765 1110 794 1106 806 1104 819 1106 857 1110 858 1110 859 1110 871 1104 872 1104 874 1104 896 1109 897 1109 944 1102 945 1094 943 1073 878 1069 877 1069 876 1069 861 1073 854 1075 847 1073 834 1070 833 1070 832 1070 831 1070 822 1073 818 1075 814 1074 809 1072 808 1072 807 1072 750 1074 723 1076 720 1075 713 1070 712 1070 711 1070 690 1070 689 1070 665 1076 660 1077 658 1076 648 1071 647 1071 613 1071 613 1071 554 1077 547 1077 545 1077 524 1072 523 1072 522 1072 503 1073 502 1073 502 1073 495 1077 495 1078 493 1077 479 1073 478 1073 447 1073 446 1073 445 1073 432 1078 430 1080 363 1080 364 1100"/>
                        </Shape>
                        <String CONTENT=""/>
                    </TextLine>

                    <TextLine ID="line_28" HPOS="363" VPOS="1102" WIDTH="582" HEIGHT="45" BASELINE="364 1133 945 1127" TAGREFS="TYPE_1">
                        <Shape>
                            <Polygon POINTS="364 1133 364 1147 509 1140 534 1140 539 1145 540 1145 541 1145 542 1145 550 1145 614 1139 626 1143 628 1144 629 1144 629 1144 637 1143 679 1139 695 1143 695 1143 696 1143 697 1143 739 1138 794 1142 800 1142 801 1142 810 1142 880 1136 943 1139 945 1127 943 1108 872 1102 871 1102 870 1102 855 1106 818 1102 818 1102 817 1102 806 1107 796 1104 795 1104 794 1104 728 1110 726 1110 723 1110 658 1104 657 1104 656 1104 655 1104 655 1105 650 1110 640 1106 639 1106 638 1106 637 1106 637 1106 630 1110 629 1111 551 1111 543 1106 543 1106 542 1106 509 1106 508 1106 507 1106 494 1112 493 1112 491 1112 450 1106 449 1106 448 1106 434 1113 433 1114 405 1114 404 1113 396 1108 395 1108 395 1108 394 1108 363 1113 364 1133"/>
                        </Shape>
                        <String CONTENT=""/>
                    </TextLine>

                    <TextLine ID="line_29" HPOS="364" VPOS="1135" WIDTH="580" HEIGHT="41" BASELINE="365 1164 944 1159" TAGREFS="TYPE_1">
                        <Shape>
                            <Polygon POINTS="365 1164 365 1172 446 1176 447 1176 448 1176 464 1172 528 1176 529 1176 530 1176 540 1172 544 1172 668 1174 669 1174 693 1170 695 1170 702 1170 765 1173 766 1173 943 1168 944 1159 942 1137 915 1139 903 1137 888 1135 888 1135 887 1135 880 1138 878 1139 876 1138 869 1135 868 1135 868 1135 867 1135 860 1138 856 1140 851 1138 844 1135 843 1135 843 1135 820 1139 807 1140 805 1139 802 1135 801 1135 800 1135 799 1135 695 1136 634 1141 633 1141 619 1137 618 1137 617 1137 617 1137 616 1137 616 1138 611 1142 609 1143 529 1143 522 1143 479 1139 478 1139 477 1139 477 1139 470 1143 399 1140 399 1140 364 1145 365 1164"/>
                        </Shape>
                        <String CONTENT=""/>
                    </TextLine>

                    <TextLine ID="line_30" HPOS="362" VPOS="1165" WIDTH="581" HEIGHT="54" BASELINE="363 1198 943 1192" TAGREFS="TYPE_1">
                        <Shape>
                            <Polygon POINTS="363 1198 363 1213 374 1212 378 1213 389 1219 390 1219 390 1219 481 1218 482 1218 497 1212 499 1210 526 1210 528 1212 531 1214 532 1214 533 1214 534 1214 534 1214 540 1211 543 1210 547 1211 571 1217 572 1217 572 1217 573 1217 574 1217 582 1211 594 1210 618 1209 620 1210 633 1217 633 1217 634 1217 667 1216 668 1216 683 1210 711 1216 711 1216 712 1216 723 1212 752 1214 753 1214 753 1214 768 1208 769 1208 777 1208 853 1213 854 1213 855 1213 869 1207 871 1206 874 1207 906 1213 907 1213 908 1213 922 1206 942 1206 943 1192 942 1171 879 1165 878 1165 877 1165 864 1171 862 1172 856 1171 829 1168 828 1168 827 1168 815 1172 814 1172 813 1172 793 1166 792 1166 791 1166 790 1166 780 1170 704 1168 703 1168 703 1168 702 1168 695 1172 694 1173 687 1172 655 1168 654 1168 654 1168 653 1168 646 1173 645 1174 641 1173 629 1168 629 1168 628 1168 604 1172 576 1168 576 1168 575 1168 574 1168 567 1173 565 1175 563 1173 558 1169 557 1169 556 1169 517 1169 516 1169 515 1169 503 1174 499 1176 464 1176 460 1174 447 1170 446 1170 445 1170 444 1170 432 1175 427 1176 362 1176 363 1198"/>
                        </Shape>
                        <String CONTENT=""/>
                    </TextLine>
</TextBlock>
                <TextBlock ID="block_5" HPOS="909" VPOS="1207" WIDTH="36" HEIGHT="28" TAGREFS="TYPE_26">
                    <Shape>
                        <Polygon POINTS="909.6260986328125 1207.2120361328125 945.8809814453125 1207.2120361328125 945.8809814453125 1235.4844970703125 909.6260986328125 1235.4844970703125 909.6260986328125 1207.2120361328125"/>
                    </Shape>
                    <TextLine ID="line_31" HPOS="910" VPOS="1202" WIDTH="34" HEIGHT="41" BASELINE="912 1225 944 1224" TAGREFS="TYPE_1">
                        <Shape>
                            <Polygon POINTS="912 1225 913 1240 922 1238 943 1243 944 1224 942 1202 910 1203 912 1225"/>
                        </Shape>
                        <String CONTENT=""/>
                    </TextLine>
</TextBlock>
            </PrintSpace>
        </Page>
    </Layout>
</alto>