<?xml version="1.0" encoding="UTF-8"?>
<alto xmlns:xsi="http://www.w3.org/2001/XMLSchema-instance"
    xmlns="http://www.loc.gov/standards/alto/ns-v4#"
    xsi:schemaLocation="http://www.loc.gov/standards/alto/ns-v4# http://www.loc.gov/standards/alto/v4/alto-4-3.xsd">
    <Description>
        <MeasurementUnit>pixel</MeasurementUnit>
        <sourceImageInformation>
            <fileName>2013171.jpeg</fileName>
        </sourceImageInformation>
        <Processing ID="OCR_0">
            <processingCategory>other</processingCategory>
            <processingStepDescription>unknown</processingStepDescription>
            <processingSoftware>
                <softwareName>kraken</softwareName>
                <softwareVersion>4.3.13</softwareVersion>
            </processingSoftware>
        </Processing>
    </Description>
    <Tags>
        <OtherTag ID="TYPE_1" LABEL="DefaultLine"/>
        <OtherTag ID="TYPE_2" LABEL="MarginTextZone-ManuscriptAddendum"/>
        <OtherTag ID="TYPE_3" LABEL="TitlePageZone"/>
        <OtherTag ID="TYPE_4" LABEL="StampZone-Sticker"/>
        <OtherTag ID="TYPE_5" LABEL="StampZone"/>
        <OtherTag ID="TYPE_6" LABEL="MainZone-Entry-Continued"/>
        <OtherTag ID="TYPE_7" LABEL="GraphicZone-Maths"/>
        <OtherTag ID="TYPE_8" LABEL="FigureZone"/>
        <OtherTag ID="TYPE_9" LABEL="MainZone-Signature"/>
        <OtherTag ID="TYPE_10" LABEL="MainZone-P-Continued"/>
        <OtherTag ID="TYPE_11" LABEL="GraphicZone-Decoration"/>
        <OtherTag ID="TYPE_12" LABEL="MainZone-Date"/>
        <OtherTag ID="TYPE_13" LABEL="MainZone-Other"/>
        <OtherTag ID="TYPE_14" LABEL="TableZone-Continued"/>
        <OtherTag ID="TYPE_15" LABEL="MarginTextZone-Notes-Continued"/>
        <OtherTag ID="TYPE_16" LABEL="FigureZone-FigDesc"/>
        <OtherTag ID="TYPE_17" LABEL="MarginTextZone-Notes"/>
        <OtherTag ID="TYPE_18" LABEL="DropCapitalZone"/>
        <OtherTag ID="TYPE_19" LABEL="GraphicZone"/>
        <OtherTag ID="TYPE_20" LABEL="RunningTitleZone"/>
        <OtherTag ID="TYPE_21" LABEL="GraphicZone-FigDesc"/>
        <OtherTag ID="TYPE_22" LABEL="MainZone-Lg"/>
        <OtherTag ID="TYPE_23" LABEL="FigureZone-Head"/>
        <OtherTag ID="TYPE_24" LABEL="MainZone-P"/>
        <OtherTag ID="TYPE_25" LABEL="GraphicZone-Head"/>
        <OtherTag ID="TYPE_26" LABEL="QuireMarksZone"/>
        <OtherTag ID="TYPE_27" LABEL="MainZone-Sp"/>
        <OtherTag ID="TYPE_28" LABEL="MainZone-List"/>
        <OtherTag ID="TYPE_29" LABEL="GraphicZone-Part"/>
        <OtherTag ID="TYPE_30" LABEL="DigitizationArtefactZone"/>
        <OtherTag ID="TYPE_31" LABEL="MainZone-Entry"/>
        <OtherTag ID="TYPE_32" LABEL="TableZone-Head"/>
        <OtherTag ID="TYPE_33" LABEL="GraphicZone-TextualContent"/>
        <OtherTag ID="TYPE_34" LABEL="AdvertisementZone"/>
        <OtherTag ID="TYPE_35" LABEL="MainZone-List-Continued"/>
        <OtherTag ID="TYPE_36" LABEL="MainZone-Form"/>
        <OtherTag ID="TYPE_37" LABEL="MainZone-Head"/>
        <OtherTag ID="TYPE_38" LABEL="NumberingZone"/>
        <OtherTag ID="TYPE_39" LABEL="TitlePageZone-Index"/>
        <OtherTag ID="TYPE_40" LABEL="MainZone-Sp-Continued"/>
        <OtherTag ID="TYPE_41" LABEL="TableZone"/>
        <OtherTag ID="TYPE_42" LABEL="MainZone-Lg-Continued"/>
    </Tags>
    <Layout>
        <Page WIDTH="1000" HEIGHT="1448" PHYSICAL_IMG_NR="0" ID="page_0">
            <PrintSpace HPOS="0" VPOS="0" WIDTH="1000" HEIGHT="1448">
                <TextBlock ID="block_1" HPOS="244" VPOS="100" WIDTH="179" HEIGHT="41" TAGREFS="TYPE_20">
                    <Shape>
                        <Polygon POINTS="244.85279846191406 100.00662231445312 423.0489807128906 100.00662231445312 423.0489807128906 141.59893798828125 244.85279846191406 141.59893798828125 244.85279846191406 100.00662231445312"/>
                    </Shape>
                    <TextLine ID="line_0" HPOS="246" VPOS="112" WIDTH="120" HEIGHT="28" BASELINE="247 126 366 128" TAGREFS="TYPE_1">
                        <Shape>
                            <Polygon POINTS="360 112 352 112 344 112 336 112 328 112 320 112 312 112 304 112 296 112 288 112 279 112 271 112 263 112 255 112 247 112 247 126 246 133 291 139 292 139 316 135 325 140 325 140 326 140 327 140 365 135 366 128 365 112 360 112"/>
                        </Shape>
                        <String CONTENT=""/>
                    </TextLine>

                    <TextLine ID="line_1" HPOS="392" VPOS="112" WIDTH="25" HEIGHT="31" BASELINE="394 130 417 131" TAGREFS="TYPE_1">
                        <Shape>
                            <Polygon POINTS="411 112 403 112 395 112 394 130 392 139 415 143 417 131 417 112 411 112"/>
                        </Shape>
                        <String CONTENT=""/>
                    </TextLine>
</TextBlock>
                <TextBlock ID="block_4" HPOS="587" VPOS="114" WIDTH="49" HEIGHT="35" TAGREFS="TYPE_38">
                    <Shape>
                        <Polygon POINTS="587.590576171875 114.52971649169922 636.1099243164062 114.52971649169922 636.1099243164062 149.60104370117188 587.590576171875 149.60104370117188 587.590576171875 114.52971649169922"/>
                    </Shape>
                    <TextLine ID="line_2" HPOS="590" VPOS="94" WIDTH="42" HEIGHT="54" BASELINE="591 138 632 139" TAGREFS="TYPE_1">
                        <Shape>
                            <Polygon POINTS="591 138 590 148 631 148 632 139 632 94 592 94 591 138"/>
                        </Shape>
                        <String CONTENT=""/>
                    </TextLine>
</TextBlock>
                <TextBlock ID="block_0" HPOS="47" VPOS="139" WIDTH="585" HEIGHT="425" TAGREFS="TYPE_10">
                    <Shape>
                        <Polygon POINTS="47.192909240722656 139.3672332763672 632.4832153320312 139.3672332763672 632.4832153320312 564.7073364257812 47.192909240722656 564.7073364257812 47.192909240722656 139.3672332763672"/>
                    </Shape>
                    <TextLine ID="line_3" HPOS="55" VPOS="127" WIDTH="581" HEIGHT="58" BASELINE="55 160 636 172" TAGREFS="TYPE_1">
                        <Shape>
                            <Polygon POINTS="55 160 55 171 159 171 162 172 167 176 168 176 168 176 169 176 185 172 190 172 193 172 200 176 201 176 201 177 222 177 222 176 222 176 223 176 227 173 230 172 303 172 306 175 314 179 315 179 316 179 337 175 344 174 348 176 361 180 362 180 362 180 396 176 403 176 405 176 415 181 416 181 417 181 473 178 489 183 490 183 491 183 559 179 563 179 565 179 608 185 609 185 635 180 636 172 636 148 587 148 584 146 572 138 571 138 570 138 569 138 539 144 534 145 532 144 525 141 524 141 523 141 506 143 492 145 479 142 446 135 409 135 408 135 407 135 407 135 401 139 398 143 383 143 362 138 336 132 335 132 334 132 333 132 327 137 326 137 325 137 305 131 304 131 304 131 275 135 238 139 219 139 208 132 207 132 206 132 205 132 203 132 178 138 168 131 164 128 164 128 163 128 162 128 145 131 135 131 121 129 107 127 106 127 106 127 103 129 98 131 94 128 92 127 91 127 90 127 90 127 55 127 55 160"/>
                        </Shape>
                        <String CONTENT=""/>
                    </TextLine>

                    <TextLine ID="line_4" HPOS="55" VPOS="167" WIDTH="579" HEIGHT="49" BASELINE="56 191 634 203" TAGREFS="TYPE_1">
                        <Shape>
                            <Polygon POINTS="55 201 633 216 634 203 634 179 617 176 616 176 615 176 611 178 599 184 572 180 571 180 491 181 471 176 468 175 467 175 466 175 465 175 463 176 450 181 444 176 444 175 444 175 443 175 442 175 438 175 419 178 411 175 403 172 403 172 382 172 381 172 380 172 375 174 365 179 320 174 320 174 295 177 287 172 281 169 280 169 279 169 238 168 237 168 236 168 225 172 209 176 176 176 171 171 167 167 166 167 165 167 164 167 69 168 69 168 66 168 61 172 57 168 56 191 55 201"/>
                        </Shape>
                        <String CONTENT=""/>
                    </TextLine>

                    <TextLine ID="line_5" HPOS="53" VPOS="197" WIDTH="579" HEIGHT="53" BASELINE="54 224 632 238" TAGREFS="TYPE_1">
                        <Shape>
                            <Polygon POINTS="54 224 53 234 189 234 206 237 259 243 259 243 286 238 288 238 288 238 297 243 298 243 299 244 299 243 300 243 308 239 309 238 352 238 356 240 381 246 382 246 382 246 398 241 399 241 404 241 421 242 426 246 426 247 427 247 427 247 428 247 452 243 460 248 460 248 461 248 462 248 520 243 522 243 523 243 563 250 564 250 631 245 632 238 632 217 505 216 497 212 489 208 489 208 449 207 448 207 433 209 416 213 398 209 394 208 393 208 383 208 337 210 330 206 327 204 326 204 325 204 325 204 298 205 237 209 226 203 225 201 224 201 223 201 222 201 222 201 221 201 220 202 211 209 190 209 172 201 171 201 170 201 169 201 168 201 168 201 154 206 145 200 144 200 144 200 143 200 142 200 141 200 128 204 111 199 110 199 109 199 108 199 107 199 98 205 89 198 88 198 87 198 54 197 54 224"/>
                        </Shape>
                        <String CONTENT=""/>
                    </TextLine>

                    <TextLine ID="line_6" HPOS="53" VPOS="230" WIDTH="583" HEIGHT="52" BASELINE="53 256 636 269" TAGREFS="TYPE_1">
                        <Shape>
                            <Polygon POINTS="53 256 53 265 90 271 91 271 92 271 106 267 108 267 197 267 200 270 204 273 205 273 205 273 206 273 224 271 234 269 238 271 245 274 246 274 246 274 247 274 258 271 264 270 267 271 270 275 271 275 271 275 272 275 286 272 294 271 300 272 308 275 308 275 309 275 337 274 359 272 473 278 518 279 519 279 520 279 521 279 521 279 526 275 634 282 636 269 636 247 629 242 629 242 628 242 602 242 601 242 600 242 591 246 580 242 580 242 579 242 578 242 567 247 566 247 563 247 535 242 534 242 534 242 522 246 521 246 518 246 452 240 451 240 436 243 432 244 431 243 420 238 419 238 419 238 395 242 392 242 384 242 328 236 327 236 326 236 316 240 310 242 300 239 283 236 283 236 259 238 239 240 230 238 216 234 215 234 214 234 187 236 165 238 155 235 144 232 143 232 115 231 115 231 114 231 113 231 110 234 106 237 96 234 85 230 84 230 83 230 53 232 53 256"/>
                        </Shape>
                        <String CONTENT=""/>
                    </TextLine>

                    <TextLine ID="line_7" HPOS="52" VPOS="264" WIDTH="579" HEIGHT="52" BASELINE="53 289 631 301" TAGREFS="TYPE_1">
                        <Shape>
                            <Polygon POINTS="53 289 52 300 129 300 133 301 141 305 142 305 143 305 144 305 151 302 155 300 171 303 185 304 185 304 193 304 205 301 211 304 219 308 220 308 221 308 267 305 276 305 286 306 322 310 323 310 324 310 330 308 335 305 386 305 398 309 405 312 406 312 407 312 441 311 513 308 524 313 527 314 528 314 529 314 534 313 551 309 564 314 567 315 567 315 605 316 606 316 607 316 608 316 615 312 629 316 631 301 630 280 563 280 560 279 554 274 553 274 552 274 551 274 520 278 510 279 508 278 502 273 501 273 500 273 499 273 498 273 485 277 481 279 478 277 472 272 471 272 470 272 469 272 424 276 407 277 405 275 399 271 398 271 397 271 361 270 334 270 333 270 333 270 332 270 327 274 325 275 321 274 308 269 308 269 307 269 306 269 293 273 288 275 218 274 215 271 210 267 209 267 209 267 208 267 207 267 197 271 194 272 193 271 189 267 189 267 188 267 187 267 186 267 185 267 175 271 172 272 131 272 128 270 123 265 122 265 121 265 86 264 86 264 53 268 53 289"/>
                        </Shape>
                        <String CONTENT=""/>
                    </TextLine>

                    <TextLine ID="line_8" HPOS="52" VPOS="296" WIDTH="582" HEIGHT="51" BASELINE="53 321 634 333" TAGREFS="TYPE_1">
                        <Shape>
                            <Polygon POINTS="53 321 52 330 68 336 69 336 69 336 70 336 84 331 86 330 89 331 96 334 97 334 98 334 169 333 190 333 193 333 209 339 210 339 211 339 233 335 254 340 255 340 255 340 299 335 304 335 311 336 363 342 364 343 382 343 382 342 383 342 384 342 390 337 416 343 417 343 418 343 429 338 452 344 452 344 453 344 540 340 550 340 551 340 559 346 560 346 561 346 596 347 596 347 633 341 634 333 633 314 566 313 564 312 559 307 559 306 558 306 557 306 556 306 530 311 522 312 518 310 508 305 507 305 506 305 488 309 480 311 412 310 407 307 403 304 402 304 401 304 363 302 362 302 309 304 247 306 217 301 202 299 201 299 182 300 130 304 110 304 102 297 101 297 100 297 53 296 53 321"/>
                        </Shape>
                        <String CONTENT=""/>
                    </TextLine>

                    <TextLine ID="line_9" HPOS="49" VPOS="330" WIDTH="580" HEIGHT="44" BASELINE="50 353 629 365" TAGREFS="TYPE_1">
                        <Shape>
                            <Polygon POINTS="50 353 49 363 628 374 629 365 629 346 597 341 596 341 562 344 560 344 550 337 549 337 548 337 547 337 502 342 501 342 487 337 486 337 485 337 485 337 474 341 474 342 442 342 440 341 436 337 435 337 434 337 433 337 415 340 396 334 395 334 395 334 367 339 361 340 352 338 318 333 317 333 267 337 251 337 243 336 232 333 231 333 230 333 217 335 207 337 205 335 198 330 197 330 197 330 196 330 50 330 50 353"/>
                        </Shape>
                        <String CONTENT=""/>
                    </TextLine>

                    <TextLine ID="line_10" HPOS="50" VPOS="360" WIDTH="579" HEIGHT="50" BASELINE="51 386 629 396" TAGREFS="TYPE_1">
                        <Shape>
                            <Polygon POINTS="51 386 50 394 150 400 151 400 152 400 162 397 163 397 174 402 175 402 176 402 222 398 228 398 234 399 273 404 274 404 441 403 499 408 500 408 533 403 536 403 537 403 542 408 542 409 543 409 543 409 584 410 584 410 628 405 629 396 628 370 588 375 580 370 580 369 579 369 578 369 577 369 566 370 522 374 503 369 496 367 495 367 494 367 481 369 451 373 391 372 376 368 362 365 361 365 336 366 335 366 334 366 332 367 328 370 302 367 292 366 292 366 271 367 230 369 226 366 218 362 217 362 216 362 195 366 188 368 185 366 180 362 179 362 178 362 161 362 160 362 160 362 159 362 153 366 152 367 148 366 134 361 133 361 132 361 131 361 114 366 111 366 108 366 90 360 90 360 89 360 51 365 51 386"/>
                        </Shape>
                        <String CONTENT=""/>
                    </TextLine>

                    <TextLine ID="line_11" HPOS="49" VPOS="393" WIDTH="580" HEIGHT="49" BASELINE="50 418 629 429" TAGREFS="TYPE_1">
                        <Shape>
                            <Polygon POINTS="50 418 49 426 76 431 77 431 78 431 89 427 96 432 97 432 98 432 98 432 158 429 167 429 169 430 181 434 182 434 183 434 235 431 251 431 253 431 257 436 258 436 259 436 259 436 341 434 374 434 378 436 385 438 386 438 386 438 422 436 446 436 469 438 488 440 489 440 489 440 493 439 502 436 517 439 523 440 524 440 530 440 546 436 559 440 563 441 563 441 609 442 609 442 610 442 611 442 617 438 627 442 629 429 629 407 512 407 506 404 502 402 502 402 501 402 500 402 486 403 473 405 442 403 416 400 415 400 415 400 411 402 404 405 341 405 320 399 316 399 315 399 307 399 269 403 242 398 238 397 238 397 231 397 177 401 171 397 170 397 169 397 168 397 72 397 50 393 50 418"/>
                        </Shape>
                        <String CONTENT=""/>
                    </TextLine>

                    <TextLine ID="line_12" HPOS="49" VPOS="431" WIDTH="578" HEIGHT="43" BASELINE="50 450 524 461 627 460" TAGREFS="TYPE_1">
                        <Shape>
                            <Polygon POINTS="501 453 493 453 485 453 477 453 469 453 460 453 452 453 444 453 436 453 428 453 420 453 412 453 404 453 396 453 388 453 380 453 372 453 363 453 355 453 347 453 339 453 331 453 323 453 315 453 307 453 299 453 291 453 283 453 275 453 267 453 259 453 251 453 242 453 234 453 226 453 218 453 210 453 202 453 194 453 186 452 178 452 170 452 162 452 154 452 146 452 138 452 130 452 122 452 118 435 116 434 110 431 109 431 108 431 50 432 50 450 49 459 303 470 304 470 437 468 444 473 445 473 446 473 447 473 448 473 465 469 482 474 483 474 484 474 626 472 627 460 626 442 511 440 510 440 510 440 509 440 503 443 501 453"/>
                        </Shape>
                        <String CONTENT=""/>
                    </TextLine>

                    <TextLine ID="line_13" HPOS="49" VPOS="461" WIDTH="575" HEIGHT="45" BASELINE="49 485 624 494" TAGREFS="TYPE_1">
                        <Shape>
                            <Polygon POINTS="49 485 49 493 54 497 55 497 56 497 57 497 91 493 101 498 102 498 102 498 134 494 144 499 145 499 146 499 177 495 180 495 181 495 192 500 193 500 193 500 194 500 202 496 204 496 232 500 233 500 234 500 234 500 239 497 241 496 258 497 304 501 305 501 346 500 374 498 399 501 420 503 421 503 422 503 426 501 432 499 463 502 470 503 471 503 472 503 473 503 479 500 484 503 485 505 486 505 487 505 488 505 501 504 527 501 534 505 537 505 538 505 622 506 624 494 624 475 527 467 526 467 526 467 511 473 510 473 414 473 412 471 401 465 400 465 399 465 399 465 385 471 384 472 342 472 340 470 330 464 329 464 329 464 328 464 327 464 310 469 308 470 305 469 279 463 279 463 278 463 218 465 190 461 189 461 49 465 49 485"/>
                        </Shape>
                        <String CONTENT=""/>
                    </TextLine>

                    <TextLine ID="line_14" HPOS="47" VPOS="491" WIDTH="578" HEIGHT="48" BASELINE="48 516 625 526" TAGREFS="TYPE_1">
                        <Shape>
                            <Polygon POINTS="48 516 47 524 123 526 123 526 139 533 140 533 141 533 238 530 243 534 244 534 245 534 246 534 246 534 265 530 266 530 267 530 279 535 279 535 280 535 304 530 310 530 313 530 325 535 326 535 327 535 345 531 349 530 350 531 353 534 354 534 355 534 356 534 443 534 484 534 486 534 495 539 496 539 497 539 625 538 625 526 625 505 593 505 592 505 584 499 583 499 582 499 581 499 545 503 539 504 529 503 486 497 485 497 457 501 449 502 445 501 437 498 436 498 436 498 390 500 366 501 363 499 358 495 358 495 357 495 356 495 355 495 341 499 336 500 330 498 313 494 312 494 312 494 288 497 279 499 276 497 272 494 272 493 271 493 271 493 270 493 246 497 234 498 230 497 222 493 221 493 220 493 173 495 141 497 138 494 135 492 135 491 134 491 133 491 132 491 119 494 111 496 106 493 102 491 102 491 101 491 100 491 99 491 93 493 86 495 48 493 48 516"/>
                        </Shape>
                        <String CONTENT=""/>
                    </TextLine>

                    <TextLine ID="line_15" HPOS="45" VPOS="522" WIDTH="415" HEIGHT="45" BASELINE="46 549 460 555" TAGREFS="TYPE_1">
                        <Shape>
                            <Polygon POINTS="45 556 98 563 98 563 99 563 109 559 167 563 168 563 192 559 209 564 210 564 211 564 240 560 296 565 296 565 334 562 355 567 356 567 357 567 459 563 460 555 460 535 386 529 386 529 385 529 376 532 374 533 371 532 353 526 353 526 352 526 333 530 304 526 303 526 226 528 154 530 152 526 151 526 151 526 150 526 149 526 148 526 128 529 122 525 120 523 119 523 119 523 97 522 96 522 95 522 94 522 94 523 94 523 88 529 68 529 47 522 46 549 45 556"/>
                        </Shape>
                        <String CONTENT=""/>
                    </TextLine>
</TextBlock>
                <TextBlock ID="block_2" HPOS="40" VPOS="563" WIDTH="584" HEIGHT="646" TAGREFS="TYPE_24">
                    <Shape>
                        <Polygon POINTS="40.0244140625 563.1095581054688 624.2857666015625 563.1095581054688 624.2857666015625 1209.653564453125 40.0244140625 1209.653564453125 40.0244140625 563.1095581054688"/>
                    </Shape>
                    <TextLine ID="line_16" HPOS="69" VPOS="555" WIDTH="555" HEIGHT="50" BASELINE="70 580 624 592" TAGREFS="TYPE_1">
                        <Shape>
                            <Polygon POINTS="70 580 69 588 146 594 147 594 171 591 173 591 174 591 186 596 187 596 188 596 189 596 189 596 197 592 218 599 219 599 266 600 267 600 267 600 278 595 296 600 296 600 297 600 323 595 328 594 333 596 345 600 346 600 347 600 364 596 368 596 373 596 405 603 406 603 407 603 419 597 422 596 433 596 436 598 442 604 443 604 444 604 444 604 473 599 476 599 481 600 517 605 518 605 623 603 624 592 622 564 551 569 483 561 477 561 476 561 475 561 473 561 456 567 443 561 442 561 441 561 386 565 369 559 366 559 365 559 364 559 359 559 335 564 325 559 325 558 324 558 323 558 322 558 317 559 296 563 283 559 282 559 281 559 255 562 249 557 248 556 247 556 246 556 205 556 204 556 203 556 202 556 191 561 70 555 70 580"/>
                        </Shape>
                        <String CONTENT=""/>
                    </TextLine>

                    <TextLine ID="line_17" HPOS="44" VPOS="588" WIDTH="577" HEIGHT="48" BASELINE="45 613 621 625" TAGREFS="TYPE_1">
                        <Shape>
                            <Polygon POINTS="45 613 44 622 48 625 49 625 49 625 50 625 106 622 119 621 126 622 145 627 146 627 176 624 189 623 191 625 196 628 197 628 197 628 198 628 243 626 274 625 279 627 286 630 287 630 288 630 288 630 294 627 298 625 411 627 420 631 428 633 429 633 430 633 431 633 436 631 440 630 466 632 499 634 500 634 501 634 502 634 502 633 506 631 508 633 510 635 511 635 512 635 619 636 621 625 621 604 608 600 607 600 606 600 585 604 582 604 560 603 440 596 440 596 377 598 356 599 353 598 348 593 347 593 346 593 345 593 345 593 344 593 337 597 313 592 312 592 283 596 275 597 247 596 160 588 159 588 158 588 143 592 138 594 133 592 120 588 119 588 119 588 45 590 45 613"/>
                        </Shape>
                        <String CONTENT=""/>
                    </TextLine>

                    <TextLine ID="line_18" HPOS="43" VPOS="618" WIDTH="579" HEIGHT="51" BASELINE="44 645 622 657" TAGREFS="TYPE_1">
                        <Shape>
                            <Polygon POINTS="502 637 498 630 496 633 493 633 458 633 454 632 416 624 415 624 386 628 376 623 375 623 337 623 337 623 336 623 324 629 292 621 291 621 261 625 246 621 246 621 245 621 244 621 243 621 234 627 233 627 138 626 136 625 119 618 118 618 103 618 102 618 102 618 101 618 94 625 87 620 86 620 86 620 85 620 84 620 83 620 77 624 76 624 44 624 44 645 43 658 411 660 424 662 456 666 457 666 519 664 581 669 582 669 621 664 622 657 622 634 599 628 598 628 597 628 562 633 560 633 518 633 518 633 510 626 510 626 509 626 502 637"/>
                        </Shape>
                        <String CONTENT=""/>
                    </TextLine>

                    <TextLine ID="line_19" HPOS="41" VPOS="651" WIDTH="579" HEIGHT="50" BASELINE="42 677 620 690" TAGREFS="TYPE_1">
                        <Shape>
                            <Polygon POINTS="501 670 497 662 480 666 465 661 464 660 463 660 462 660 457 661 444 662 440 660 438 658 437 658 436 658 436 658 422 660 402 664 382 660 365 656 352 656 351 656 350 656 349 656 345 659 342 662 333 659 325 656 324 656 323 656 322 656 313 659 307 662 301 659 293 655 292 655 292 655 291 655 278 658 270 661 262 658 244 654 243 654 242 654 200 657 184 652 183 652 182 652 156 658 152 658 149 658 135 651 135 651 134 651 133 651 121 657 120 658 42 657 42 677 41 686 112 686 115 687 119 691 120 691 121 691 122 691 123 691 123 691 127 688 128 687 133 688 155 692 156 692 172 689 176 688 178 689 185 693 185 693 186 693 226 694 226 694 261 691 267 691 270 691 288 695 288 695 289 695 290 695 293 691 295 691 302 691 331 696 332 696 384 693 395 693 410 694 476 699 477 699 505 696 510 695 516 696 548 701 549 701 619 698 620 690 620 662 596 662 595 662 594 662 581 668 534 666 526 661 523 660 522 660 522 660 513 661 505 662 501 670"/>
                        </Shape>
                        <String CONTENT=""/>
                    </TextLine>

                    <TextLine ID="line_20" HPOS="41" VPOS="685" WIDTH="577" HEIGHT="47" BASELINE="42 710 618 719" TAGREFS="TYPE_1">
                        <Shape>
                            <Polygon POINTS="501 699 496 692 474 697 460 693 460 693 459 693 458 693 448 698 447 698 445 697 429 691 428 691 427 691 427 691 417 697 415 698 395 698 392 696 378 690 378 690 377 690 350 695 344 696 337 695 318 690 317 690 316 690 293 694 283 695 280 694 275 688 274 688 273 688 230 687 229 687 228 687 215 692 209 694 201 691 186 686 185 686 185 686 162 691 156 691 141 690 90 685 89 685 42 687 42 710 41 719 56 724 57 724 57 724 89 720 90 720 128 720 129 721 137 726 138 726 139 726 139 726 140 726 141 726 147 722 166 726 167 726 220 723 230 723 246 724 304 728 305 728 320 725 325 724 329 725 340 729 341 729 341 729 366 726 378 725 395 727 427 731 427 731 447 728 452 728 458 728 474 732 475 732 617 732 618 719 618 702 522 700 521 699 504 693 501 699"/>
                        </Shape>
                        <String CONTENT=""/>
                    </TextLine>

                    <TextLine ID="line_21" HPOS="39" VPOS="714" WIDTH="578" HEIGHT="54" BASELINE="40 739 617 754" TAGREFS="TYPE_1">
                        <Shape>
                            <Polygon POINTS="39 749 131 756 131 756 233 754 251 754 256 755 282 761 283 761 308 756 312 756 319 756 353 761 354 761 371 757 373 757 374 757 382 763 382 763 383 763 384 763 414 759 465 765 465 765 515 762 556 768 557 768 558 768 572 763 603 767 604 767 604 767 616 763 617 754 616 729 590 734 559 734 553 728 553 728 552 728 551 728 551 728 550 728 539 732 519 728 518 728 496 732 481 727 481 727 480 727 444 730 436 726 435 726 434 726 366 727 353 723 352 723 351 723 316 727 292 721 291 721 230 723 192 718 189 718 189 718 188 718 161 723 117 716 116 716 115 716 102 720 94 715 94 715 93 715 92 715 91 715 51 719 42 714 40 739 39 749"/>
                        </Shape>
                        <String CONTENT=""/>
                    </TextLine>

                    <TextLine ID="line_22" HPOS="41" VPOS="749" WIDTH="575" HEIGHT="51" BASELINE="41 773 616 786" TAGREFS="TYPE_1">
                        <Shape>
                            <Polygon POINTS="41 773 41 788 256 788 288 793 292 793 293 793 298 793 328 789 361 794 366 795 366 795 375 795 432 792 440 797 441 797 442 797 443 797 446 797 472 793 484 798 485 798 485 798 486 798 490 798 523 794 531 798 532 798 533 798 536 798 593 796 614 800 616 786 616 766 580 761 579 761 554 765 546 765 544 765 539 761 539 760 539 760 538 760 537 760 536 760 526 764 523 765 516 764 484 759 483 759 421 761 406 762 398 761 364 756 363 756 362 756 353 760 332 756 331 756 280 759 272 759 271 759 257 753 256 753 255 753 215 757 213 757 211 757 185 752 184 752 156 756 153 756 152 756 146 751 145 751 144 751 144 751 123 756 119 756 115 755 70 749 69 749 41 753 41 773"/>
                        </Shape>
                        <String CONTENT=""/>
                    </TextLine>

                    <TextLine ID="line_23" HPOS="37" VPOS="783" WIDTH="579" HEIGHT="47" BASELINE="38 806 616 818" TAGREFS="TYPE_1">
                        <Shape>
                            <Polygon POINTS="38 806 37 817 303 820 308 822 327 826 328 826 357 822 367 822 370 822 379 826 380 826 381 826 410 823 415 823 415 823 424 827 425 827 426 827 477 825 478 825 481 825 575 830 576 830 615 826 616 818 615 798 492 796 491 795 480 789 479 789 478 789 462 793 425 789 424 789 423 789 414 793 411 794 401 793 365 787 364 787 337 791 327 793 288 793 285 790 280 786 280 785 279 785 279 785 278 785 257 789 248 791 246 789 242 785 242 785 241 785 240 785 239 785 215 789 203 790 188 788 161 783 160 783 38 784 38 806"/>
                        </Shape>
                        <String CONTENT=""/>
                    </TextLine>

                    <TextLine ID="line_24" HPOS="37" VPOS="814" WIDTH="577" HEIGHT="47" BASELINE="37 839 614 851" TAGREFS="TYPE_1">
                        <Shape>
                            <Polygon POINTS="37 839 37 851 78 849 88 853 89 853 90 853 94 853 198 851 226 855 243 857 244 857 259 855 277 853 280 855 283 858 283 858 284 858 285 858 317 856 345 855 354 856 366 859 367 859 368 859 390 857 406 855 408 857 411 859 411 860 411 860 412 860 413 860 428 858 437 856 446 858 465 861 466 861 613 859 614 851 614 831 559 830 559 830 551 826 550 826 549 826 548 826 541 829 539 830 537 829 525 826 524 826 523 826 500 828 493 829 491 828 477 822 476 822 475 822 474 822 458 827 456 828 453 827 436 822 436 822 435 822 405 826 402 826 399 826 366 819 366 819 365 819 344 825 340 826 332 825 306 821 305 821 272 823 260 824 255 823 233 817 232 817 231 817 189 822 179 822 172 821 146 815 145 815 80 818 54 814 53 814 53 814 37 818 37 839"/>
                        </Shape>
                        <String CONTENT=""/>
                    </TextLine>

                    <TextLine ID="line_25" HPOS="37" VPOS="846" WIDTH="578" HEIGHT="50" BASELINE="37 870 615 884" TAGREFS="TYPE_1">
                        <Shape>
                            <Polygon POINTS="37 870 37 878 86 884 87 884 234 884 240 888 241 888 242 888 242 888 266 884 277 889 278 889 342 891 343 892 579 892 584 896 585 896 586 896 587 896 614 892 615 884 614 865 580 858 580 858 579 858 564 863 563 863 529 863 528 863 513 856 512 856 511 856 473 861 473 861 432 861 432 860 427 856 427 856 426 856 425 856 385 859 378 859 375 859 344 852 343 852 314 858 312 858 308 858 275 851 275 851 274 851 261 856 260 857 246 857 245 856 240 851 240 851 239 851 238 851 238 851 212 855 209 855 208 855 192 849 191 849 190 849 189 849 176 855 175 855 169 849 169 848 168 848 168 848 139 847 67 846 66 846 65 846 65 846 56 851 55 851 37 851 37 870"/>
                        </Shape>
                        <String CONTENT=""/>
                    </TextLine>

                    <TextLine ID="line_26" HPOS="34" VPOS="877" WIDTH="580" HEIGHT="50" BASELINE="35 903 614 915" TAGREFS="TYPE_1">
                        <Shape>
                            <Polygon POINTS="35 903 34 911 74 917 74 917 150 914 344 922 345 923 572 923 576 927 577 927 578 927 579 927 613 923 614 915 614 896 583 888 582 888 581 888 571 894 557 888 556 888 555 888 555 888 540 893 514 893 494 886 493 886 493 886 464 890 444 885 443 885 442 885 441 885 431 891 378 884 377 884 376 884 357 889 312 889 302 882 301 882 300 882 300 882 299 882 298 882 289 888 275 882 275 882 274 882 250 887 207 882 206 882 205 882 205 882 199 886 182 882 181 882 181 882 164 885 147 879 146 879 145 879 69 884 50 877 49 877 49 877 48 877 35 882 35 903"/>
                        </Shape>
                        <String CONTENT=""/>
                    </TextLine>

                    <TextLine ID="line_27" HPOS="34" VPOS="910" WIDTH="579" HEIGHT="50" BASELINE="35 936 613 947" TAGREFS="TYPE_1">
                        <Shape>
                            <Polygon POINTS="35 936 34 944 93 951 94 951 94 951 95 951 100 946 112 950 113 950 114 950 199 948 257 954 258 954 316 950 378 957 379 957 380 957 398 952 448 958 448 958 476 954 490 959 491 959 492 959 520 955 532 960 533 960 534 960 613 955 613 947 613 927 586 921 585 921 584 921 575 926 573 926 516 925 516 925 510 921 510 921 509 921 508 921 475 924 469 919 469 919 468 919 467 919 466 919 452 922 440 917 440 917 439 917 258 920 242 920 238 920 200 913 199 913 198 913 176 918 159 912 158 912 157 912 95 917 94 917 93 917 48 910 47 910 46 910 35 915 35 936"/>
                        </Shape>
                        <String CONTENT=""/>
                    </TextLine>

                    <TextLine ID="line_28" HPOS="34" VPOS="943" WIDTH="580" HEIGHT="50" BASELINE="35 967 614 980" TAGREFS="TYPE_1">
                        <Shape>
                            <Polygon POINTS="35 967 34 980 70 977 91 982 94 983 94 983 95 983 96 983 98 982 109 979 195 983 215 984 216 984 222 983 239 981 246 984 251 987 252 987 253 987 269 984 285 982 292 984 300 987 300 987 397 990 398 990 440 987 450 986 457 987 484 991 485 991 567 989 580 993 580 993 581 993 613 988 614 980 613 954 594 958 567 953 567 953 566 953 565 953 544 958 512 952 508 951 507 951 500 951 452 956 437 950 436 950 436 950 435 950 432 950 399 955 370 951 369 951 329 954 324 949 322 948 322 947 321 947 320 947 276 946 275 946 275 946 269 948 257 952 251 948 250 946 249 946 248 946 247 946 239 947 219 951 196 951 187 946 181 944 181 944 180 944 156 946 139 948 136 946 133 943 132 943 131 943 131 943 35 944 35 967"/>
                        </Shape>
                        <String CONTENT=""/>
                    </TextLine>

                    <TextLine ID="line_29" HPOS="33" VPOS="975" WIDTH="581" HEIGHT="50" BASELINE="34 1000 614 1012" TAGREFS="TYPE_1">
                        <Shape>
                            <Polygon POINTS="34 1000 33 1008 65 1014 66 1014 135 1011 149 1016 150 1016 151 1016 187 1012 188 1012 189 1012 230 1018 231 1018 263 1014 264 1014 304 1014 304 1015 314 1020 315 1020 316 1020 370 1016 373 1016 381 1021 382 1021 382 1021 383 1021 402 1017 403 1017 404 1017 498 1024 499 1024 523 1020 525 1020 526 1020 536 1024 537 1024 538 1024 539 1024 539 1024 546 1020 575 1025 576 1025 613 1021 614 1012 613 991 580 993 576 991 571 986 570 986 569 986 568 986 567 986 551 990 542 992 442 991 439 988 432 983 431 983 430 983 429 983 407 988 400 989 353 988 351 987 341 983 340 983 339 983 318 987 313 987 312 987 306 982 305 982 304 982 304 982 288 985 267 979 266 979 265 979 236 985 232 986 173 985 172 984 163 978 162 978 161 978 141 977 140 977 139 977 139 977 133 982 127 977 126 977 125 977 72 975 71 975 34 982 34 1000"/>
                        </Shape>
                        <String CONTENT=""/>
                    </TextLine>

                    <TextLine ID="line_30" HPOS="32" VPOS="1007" WIDTH="579" HEIGHT="50" BASELINE="33 1032 611 1043" TAGREFS="TYPE_1">
                        <Shape>
                            <Polygon POINTS="33 1032 32 1044 167 1049 168 1049 187 1046 195 1045 282 1046 285 1048 300 1052 300 1052 301 1052 407 1049 420 1049 421 1049 432 1054 433 1054 434 1054 473 1050 477 1050 481 1050 522 1056 522 1056 556 1052 576 1057 576 1057 577 1057 610 1052 611 1043 611 1024 594 1017 593 1017 592 1017 567 1023 567 1023 556 1017 555 1017 555 1017 501 1021 492 1021 490 1020 484 1016 483 1016 482 1016 463 1015 462 1015 441 1019 434 1020 430 1019 423 1015 422 1015 389 1013 388 1013 387 1013 379 1017 378 1017 374 1017 345 1013 345 1013 344 1013 338 1016 333 1018 267 1017 263 1013 263 1012 262 1012 261 1012 260 1012 242 1013 167 1016 139 1016 131 1009 130 1009 129 1009 33 1007 33 1032"/>
                        </Shape>
                        <String CONTENT=""/>
                    </TextLine>

                    <TextLine ID="line_31" HPOS="32" VPOS="1039" WIDTH="580" HEIGHT="51" BASELINE="32 1065 612 1076" TAGREFS="TYPE_1">
                        <Shape>
                            <Polygon POINTS="32 1065 32 1075 177 1076 182 1077 197 1082 197 1082 198 1083 226 1083 226 1082 226 1082 234 1078 236 1077 240 1078 254 1083 255 1083 255 1083 292 1080 312 1084 313 1084 342 1080 347 1080 353 1081 404 1086 405 1086 505 1084 511 1088 512 1088 513 1088 571 1090 572 1090 611 1084 612 1076 611 1057 472 1054 465 1052 447 1047 446 1047 445 1047 423 1050 418 1051 415 1050 407 1046 406 1046 405 1046 365 1048 327 1051 299 1051 292 1046 289 1044 288 1044 288 1044 287 1044 286 1044 280 1046 270 1049 256 1045 251 1044 250 1044 249 1044 248 1044 247 1044 246 1045 239 1049 210 1044 199 1042 198 1042 197 1042 195 1044 186 1048 159 1048 150 1042 149 1041 148 1041 148 1041 32 1039 32 1065"/>
                        </Shape>
                        <String CONTENT=""/>
                    </TextLine>

                    <TextLine ID="line_32" HPOS="30" VPOS="1071" WIDTH="581" HEIGHT="51" BASELINE="31 1098 611 1109" TAGREFS="TYPE_1">
                        <Shape>
                            <Polygon POINTS="31 1098 30 1110 72 1107 135 1109 140 1113 141 1114 142 1114 143 1114 144 1114 156 1113 204 1110 209 1114 210 1114 210 1115 211 1115 212 1115 213 1115 228 1114 251 1111 255 1114 256 1115 256 1116 257 1116 258 1116 259 1116 304 1114 337 1114 356 1115 389 1118 390 1118 411 1116 429 1114 433 1116 435 1118 436 1118 436 1118 437 1118 452 1116 471 1114 489 1117 522 1121 522 1121 544 1118 553 1116 559 1118 575 1122 576 1122 576 1122 610 1118 611 1109 611 1088 592 1081 591 1081 590 1081 589 1081 567 1087 565 1087 514 1086 514 1086 502 1079 501 1079 500 1079 453 1084 441 1085 439 1083 435 1080 434 1080 433 1080 432 1080 409 1082 395 1084 391 1081 386 1077 385 1077 384 1077 383 1077 362 1081 351 1082 348 1081 341 1076 340 1076 339 1076 338 1076 319 1080 315 1080 308 1079 279 1075 279 1075 278 1075 269 1078 263 1080 254 1077 239 1074 238 1074 238 1074 237 1074 234 1077 228 1081 174 1081 167 1075 164 1073 164 1073 163 1073 162 1073 151 1074 125 1079 106 1073 102 1072 102 1072 31 1071 31 1098"/>
                        </Shape>
                        <String CONTENT=""/>
                    </TextLine>

                    <TextLine ID="line_33" HPOS="30" VPOS="1105" WIDTH="579" HEIGHT="49" BASELINE="31 1130 609 1141" TAGREFS="TYPE_1">
                        <Shape>
                            <Polygon POINTS="31 1130 30 1139 45 1143 45 1143 46 1143 47 1143 55 1139 56 1139 87 1144 88 1144 142 1141 153 1140 155 1141 162 1146 163 1146 164 1146 164 1146 208 1142 212 1142 213 1142 222 1147 222 1147 223 1147 292 1144 298 1148 299 1148 300 1148 366 1150 366 1150 397 1145 399 1145 478 1146 478 1147 487 1151 488 1151 489 1151 525 1147 533 1153 534 1153 534 1153 535 1153 560 1148 567 1154 568 1154 569 1154 570 1154 609 1148 609 1141 609 1122 577 1121 570 1114 569 1114 568 1114 567 1114 488 1118 486 1118 469 1113 469 1113 468 1113 434 1117 423 1112 423 1112 422 1112 364 1116 361 1116 356 1116 257 1109 256 1109 211 1113 209 1113 209 1113 191 1107 190 1107 189 1107 162 1112 161 1112 156 1107 156 1106 155 1106 154 1106 153 1106 123 1111 121 1111 73 1111 72 1110 60 1105 59 1105 58 1105 31 1109 31 1130"/>
                        </Shape>
                        <String CONTENT=""/>
                    </TextLine>

                    <TextLine ID="line_34" HPOS="25" VPOS="1135" WIDTH="583" HEIGHT="49" BASELINE="26 1162 608 1173" TAGREFS="TYPE_1">
                        <Shape>
                            <Polygon POINTS="26 1162 25 1170 80 1172 86 1177 86 1177 87 1177 88 1177 89 1177 105 1172 147 1172 148 1173 156 1179 157 1179 158 1179 193 1180 193 1180 275 1177 326 1182 327 1182 328 1182 329 1182 334 1177 335 1177 360 1183 361 1183 390 1179 393 1178 394 1179 398 1182 399 1182 399 1182 400 1182 438 1180 440 1180 446 1184 447 1184 448 1184 448 1184 607 1183 608 1173 607 1155 582 1150 581 1150 534 1152 521 1152 518 1151 508 1144 507 1144 506 1144 506 1144 423 1146 388 1142 387 1142 386 1142 377 1147 372 1149 348 1146 325 1143 324 1143 323 1143 319 1145 312 1148 297 1144 296 1144 296 1144 295 1144 271 1147 258 1143 251 1140 250 1140 249 1140 248 1140 242 1142 232 1147 219 1142 213 1139 212 1139 211 1139 183 1139 182 1139 181 1139 181 1140 172 1145 98 1145 76 1137 74 1136 74 1136 26 1135 26 1162"/>
                        </Shape>
                        <String CONTENT=""/>
                    </TextLine>

                    <TextLine ID="line_35" HPOS="26" VPOS="1172" WIDTH="581" HEIGHT="57" BASELINE="27 1195 607 1206" TAGREFS="TYPE_1">
                        <Shape>
                            <Polygon POINTS="27 1195 26 1215 65 1209 95 1217 110 1220 111 1221 135 1221 135 1220 135 1220 136 1220 140 1217 148 1212 156 1217 160 1220 160 1220 161 1220 162 1220 176 1217 178 1217 179 1217 183 1221 184 1221 185 1221 234 1222 234 1223 265 1223 265 1222 266 1222 277 1217 286 1214 335 1214 340 1218 349 1224 349 1224 350 1224 351 1224 352 1224 367 1219 445 1223 446 1223 447 1223 448 1223 454 1218 456 1217 474 1219 536 1224 537 1224 538 1224 539 1224 546 1219 564 1229 565 1229 566 1229 567 1229 567 1229 582 1220 606 1219 607 1206 607 1185 583 1180 582 1180 581 1180 567 1184 567 1184 560 1180 559 1180 559 1180 558 1180 557 1180 556 1180 551 1184 551 1185 529 1185 526 1184 519 1179 518 1179 518 1179 517 1179 489 1183 483 1184 481 1183 473 1178 472 1178 471 1178 452 1182 452 1182 451 1182 399 1176 399 1176 367 1181 363 1181 362 1180 348 1176 347 1176 346 1176 296 1180 293 1180 292 1180 276 1174 275 1174 234 1173 234 1173 233 1173 213 1178 152 1178 152 1177 146 1172 146 1172 145 1172 144 1172 144 1172 143 1172 126 1176 27 1176 27 1195"/>
                        </Shape>
                        <String CONTENT=""/>
                    </TextLine>
</TextBlock>
                <TextBlock ID="block_3" HPOS="434" VPOS="1214" WIDTH="52" HEIGHT="38" TAGREFS="TYPE_26">
                    <Shape>
                        <Polygon POINTS="434.6932067871094 1214.4901123046875 486.0942077636719 1214.4901123046875 486.0942077636719 1252.2342529296875 434.6932067871094 1252.2342529296875 434.6932067871094 1214.4901123046875"/>
                    </Shape>
                    <TextLine ID="line_36" HPOS="436" VPOS="1212" WIDTH="48" HEIGHT="55" BASELINE="436 1239 484 1239" TAGREFS="TYPE_1">
                        <Shape>
                            <Polygon POINTS="436 1239 436 1254 451 1254 457 1259 465 1265 465 1266 465 1266 466 1266 467 1267 484 1267 484 1239 484 1217 457 1212 456 1212 456 1212 436 1217 436 1239"/>
                        </Shape>
                        <String CONTENT=""/>
                    </TextLine>
</TextBlock>
            </PrintSpace>
        </Page>
    </Layout>
</alto>