<?xml version="1.0" encoding="UTF-8"?>
<alto xmlns:xsi="http://www.w3.org/2001/XMLSchema-instance"
    xmlns="http://www.loc.gov/standards/alto/ns-v4#"
    xsi:schemaLocation="http://www.loc.gov/standards/alto/ns-v4# http://www.loc.gov/standards/alto/v4/alto-4-3.xsd">
    <Description>
        <MeasurementUnit>pixel</MeasurementUnit>
        <sourceImageInformation>
            <fileName>2013169.jpeg</fileName>
        </sourceImageInformation>
        <Processing ID="OCR_0">
            <processingCategory>other</processingCategory>
            <processingStepDescription>unknown</processingStepDescription>
            <processingSoftware>
                <softwareName>kraken</softwareName>
                <softwareVersion>4.3.13</softwareVersion>
            </processingSoftware>
        </Processing>
    </Description>
    <Tags>
        <OtherTag ID="TYPE_1" LABEL="DefaultLine"/>
        <OtherTag ID="TYPE_2" LABEL="MarginTextZone-ManuscriptAddendum"/>
        <OtherTag ID="TYPE_3" LABEL="TitlePageZone"/>
        <OtherTag ID="TYPE_4" LABEL="StampZone-Sticker"/>
        <OtherTag ID="TYPE_5" LABEL="StampZone"/>
        <OtherTag ID="TYPE_6" LABEL="MainZone-Entry-Continued"/>
        <OtherTag ID="TYPE_7" LABEL="GraphicZone-Maths"/>
        <OtherTag ID="TYPE_8" LABEL="FigureZone"/>
        <OtherTag ID="TYPE_9" LABEL="MainZone-Signature"/>
        <OtherTag ID="TYPE_10" LABEL="MainZone-P-Continued"/>
        <OtherTag ID="TYPE_11" LABEL="GraphicZone-Decoration"/>
        <OtherTag ID="TYPE_12" LABEL="MainZone-Date"/>
        <OtherTag ID="TYPE_13" LABEL="MainZone-Other"/>
        <OtherTag ID="TYPE_14" LABEL="TableZone-Continued"/>
        <OtherTag ID="TYPE_15" LABEL="MarginTextZone-Notes-Continued"/>
        <OtherTag ID="TYPE_16" LABEL="FigureZone-FigDesc"/>
        <OtherTag ID="TYPE_17" LABEL="MarginTextZone-Notes"/>
        <OtherTag ID="TYPE_18" LABEL="DropCapitalZone"/>
        <OtherTag ID="TYPE_19" LABEL="GraphicZone"/>
        <OtherTag ID="TYPE_20" LABEL="RunningTitleZone"/>
        <OtherTag ID="TYPE_21" LABEL="GraphicZone-FigDesc"/>
        <OtherTag ID="TYPE_22" LABEL="MainZone-Lg"/>
        <OtherTag ID="TYPE_23" LABEL="FigureZone-Head"/>
        <OtherTag ID="TYPE_24" LABEL="MainZone-P"/>
        <OtherTag ID="TYPE_25" LABEL="GraphicZone-Head"/>
        <OtherTag ID="TYPE_26" LABEL="QuireMarksZone"/>
        <OtherTag ID="TYPE_27" LABEL="MainZone-Sp"/>
        <OtherTag ID="TYPE_28" LABEL="MainZone-List"/>
        <OtherTag ID="TYPE_29" LABEL="GraphicZone-Part"/>
        <OtherTag ID="TYPE_30" LABEL="DigitizationArtefactZone"/>
        <OtherTag ID="TYPE_31" LABEL="MainZone-Entry"/>
        <OtherTag ID="TYPE_32" LABEL="TableZone-Head"/>
        <OtherTag ID="TYPE_33" LABEL="GraphicZone-TextualContent"/>
        <OtherTag ID="TYPE_34" LABEL="AdvertisementZone"/>
        <OtherTag ID="TYPE_35" LABEL="MainZone-List-Continued"/>
        <OtherTag ID="TYPE_36" LABEL="MainZone-Form"/>
        <OtherTag ID="TYPE_37" LABEL="MainZone-Head"/>
        <OtherTag ID="TYPE_38" LABEL="NumberingZone"/>
        <OtherTag ID="TYPE_39" LABEL="TitlePageZone-Index"/>
        <OtherTag ID="TYPE_40" LABEL="MainZone-Sp-Continued"/>
        <OtherTag ID="TYPE_41" LABEL="TableZone"/>
        <OtherTag ID="TYPE_42" LABEL="MainZone-Lg-Continued"/>
    </Tags>
    <Layout>
        <Page WIDTH="1000" HEIGHT="1448" PHYSICAL_IMG_NR="0" ID="page_0">
            <PrintSpace HPOS="0" VPOS="0" WIDTH="1000" HEIGHT="1448">
                <TextBlock ID="block_1" HPOS="255" VPOS="80" WIDTH="178" HEIGHT="38" TAGREFS="TYPE_20">
                    <Shape>
                        <Polygon POINTS="255.0716552734375 80.09461212158203 433.4848327636719 80.09461212158203 433.4848327636719 118.41275024414062 255.0716552734375 118.41275024414062 255.0716552734375 80.09461212158203"/>
                    </Shape>
                    <TextLine ID="line_0" HPOS="255" VPOS="99" WIDTH="178" HEIGHT="17" BASELINE="256 106 433 109" TAGREFS="TYPE_1">
                        <Shape>
                            <Polygon POINTS="425 99 417 99 409 99 401 99 393 99 385 99 377 99 369 99 361 99 353 99 345 99 337 99 329 99 320 99 312 99 304 99 296 99 288 99 280 99 272 99 264 99 256 99 256 106 255 115 256 115 257 115 257 116 258 116 259 116 259 116 432 115 433 109 433 99 425 99"/>
                        </Shape>
                        <String CONTENT=""/>
                    </TextLine>
</TextBlock>
                <TextBlock ID="block_4" HPOS="593" VPOS="92" WIDTH="50" HEIGHT="33" TAGREFS="TYPE_38">
                    <Shape>
                        <Polygon POINTS="593.4276123046875 92.50396728515625 643.8644409179688 92.50396728515625 643.8644409179688 125.71505737304688 593.4276123046875 125.71505737304688 593.4276123046875 92.50396728515625"/>
                    </Shape>
                    <TextLine ID="line_1" HPOS="596" VPOS="83" WIDTH="39" HEIGHT="47" BASELINE="597 112 634 115" TAGREFS="TYPE_1">
                        <Shape>
                            <Polygon POINTS="597 112 596 123 632 130 634 115 635 83 613 88 599 85 597 112"/>
                        </Shape>
                        <String CONTENT=""/>
                    </TextLine>
</TextBlock>
                <TextBlock ID="block_0" HPOS="51" VPOS="123" WIDTH="589" HEIGHT="614" TAGREFS="TYPE_10">
                    <Shape>
                        <Polygon POINTS="51.50529479980469 123.1484603881836 640.6940307617188 123.1484603881836 640.6940307617188 737.82275390625 51.50529479980469 737.82275390625 51.50529479980469 123.1484603881836"/>
                    </Shape>
                    <TextLine ID="line_2" HPOS="59" VPOS="111" WIDTH="580" HEIGHT="54" BASELINE="59 145 238 144 639 151" TAGREFS="TYPE_1">
                        <Shape>
                            <Polygon POINTS="59 145 59 157 103 152 111 158 111 158 112 158 113 158 114 158 126 154 135 159 135 159 136 159 137 159 141 159 189 152 198 158 199 158 200 158 201 158 201 158 216 154 274 160 279 160 279 160 280 160 281 160 296 155 383 155 408 159 409 159 469 157 477 163 477 163 478 163 513 164 514 164 551 164 551 164 552 164 563 157 574 164 574 164 575 164 576 164 576 165 638 165 639 151 639 126 594 126 593 125 588 120 588 119 587 119 586 119 567 119 567 119 530 124 526 124 526 124 511 117 510 117 510 117 509 117 485 123 470 116 469 116 448 115 447 115 398 122 370 115 370 115 369 115 368 115 367 115 358 122 353 117 352 117 351 117 350 117 315 119 287 114 286 114 285 114 262 121 259 121 256 121 213 113 213 113 164 119 162 119 153 115 152 115 152 115 151 115 137 119 126 111 125 111 124 111 91 111 90 111 90 111 89 111 78 119 78 119 59 119 59 145"/>
                        </Shape>
                        <String CONTENT=""/>
                    </TextLine>

                    <TextLine ID="line_3" HPOS="60" VPOS="150" WIDTH="581" HEIGHT="46" BASELINE="60 176 641 183" TAGREFS="TYPE_1">
                        <Shape>
                            <Polygon POINTS="60 176 60 189 349 187 376 192 377 192 416 188 456 189 461 193 462 193 463 193 464 193 486 189 493 194 494 195 495 195 496 195 639 196 641 183 640 163 579 163 577 162 570 156 569 156 568 156 567 156 545 161 544 161 542 161 481 157 481 157 480 157 471 160 457 154 456 154 456 154 455 154 432 160 431 160 429 160 411 153 411 153 410 153 409 153 392 158 373 153 372 153 371 153 370 153 352 160 351 160 350 160 336 152 335 152 334 152 252 158 245 152 245 152 244 152 243 152 205 151 205 151 169 155 140 151 139 151 139 151 131 155 76 150 75 150 74 150 60 156 60 176"/>
                        </Shape>
                        <String CONTENT=""/>
                    </TextLine>

                    <TextLine ID="line_4" HPOS="57" VPOS="184" WIDTH="582" HEIGHT="44" BASELINE="57 208 639 214" TAGREFS="TYPE_1">
                        <Shape>
                            <Polygon POINTS="57 208 57 215 90 222 91 222 202 218 279 218 302 225 303 225 304 225 340 219 349 226 350 226 351 226 352 226 380 220 392 226 393 226 421 226 422 226 479 221 497 227 498 227 499 228 532 228 532 227 533 227 534 227 541 222 552 227 553 227 595 228 596 228 638 222 639 214 639 195 620 189 619 189 618 189 617 189 599 194 581 194 538 194 536 193 530 189 529 189 528 189 527 189 502 193 493 193 434 193 431 191 421 186 420 186 419 186 395 191 388 192 386 190 381 186 380 186 379 186 378 186 358 190 352 191 348 190 334 185 333 185 333 185 332 185 319 189 314 191 308 189 298 185 297 185 296 185 296 185 284 189 282 189 282 189 277 185 276 185 275 185 228 185 227 185 226 185 226 185 222 188 218 191 204 191 199 187 194 184 193 184 193 184 192 184 144 186 104 189 57 185 57 208"/>
                        </Shape>
                        <String CONTENT=""/>
                    </TextLine>

                    <TextLine ID="line_5" HPOS="58" VPOS="214" WIDTH="579" HEIGHT="43" BASELINE="59 240 637 249" TAGREFS="TYPE_1">
                        <Shape>
                            <Polygon POINTS="59 240 58 247 67 252 68 252 636 257 637 249 637 227 606 222 605 222 604 222 604 222 598 226 586 221 585 221 584 221 543 225 535 226 528 225 498 221 497 221 497 221 489 224 489 225 488 224 481 219 481 219 480 219 479 219 444 223 436 224 413 223 321 217 320 217 283 221 270 222 238 220 160 214 159 214 59 216 59 240"/>
                        </Shape>
                        <String CONTENT=""/>
                    </TextLine>

                    <TextLine ID="line_6" HPOS="60" VPOS="246" WIDTH="579" HEIGHT="47" BASELINE="60 275 238 274 639 281" TAGREFS="TYPE_1">
                        <Shape>
                            <Polygon POINTS="60 275 60 286 223 282 241 287 242 287 242 287 312 284 319 289 320 289 320 289 321 289 325 289 402 284 436 290 437 290 438 290 454 285 462 291 463 292 464 292 465 292 465 292 466 292 469 291 489 286 496 292 497 292 497 292 554 292 555 292 555 292 557 292 570 287 584 292 584 292 585 292 586 293 638 293 639 281 638 256 620 258 612 255 603 253 602 253 601 253 600 253 594 255 591 257 587 255 580 252 580 252 579 252 578 252 577 252 572 255 570 257 567 255 561 252 560 252 559 252 540 255 525 257 499 255 456 250 455 250 454 250 453 250 449 255 447 256 403 256 399 254 390 250 390 250 389 250 388 250 387 250 382 254 379 255 343 255 340 253 331 249 330 249 329 249 294 253 284 254 281 253 267 248 267 248 266 248 265 248 250 252 250 253 165 253 133 252 133 251 127 246 126 246 125 246 124 246 60 250 60 275"/>
                        </Shape>
                        <String CONTENT=""/>
                    </TextLine>

                    <TextLine ID="line_7" HPOS="61" VPOS="279" WIDTH="575" HEIGHT="45" BASELINE="61 305 636 314" TAGREFS="TYPE_1">
                        <Shape>
                            <Polygon POINTS="61 305 61 316 305 316 312 318 321 320 322 320 323 320 353 319 374 317 398 319 440 322 440 322 466 320 475 319 486 320 530 324 531 324 570 320 572 320 573 320 592 324 593 324 635 320 636 314 635 293 584 285 583 285 539 292 535 292 534 292 526 287 525 287 524 287 485 290 463 283 462 283 461 283 460 283 443 290 442 290 440 290 413 283 412 283 411 283 411 283 403 289 403 290 384 290 382 289 370 282 369 282 368 282 337 288 335 289 325 289 324 288 316 281 315 281 314 281 295 281 294 281 293 281 292 281 283 287 283 287 279 287 218 279 217 279 61 283 61 305"/>
                        </Shape>
                        <String CONTENT=""/>
                    </TextLine>

                    <TextLine ID="line_8" HPOS="57" VPOS="311" WIDTH="580" HEIGHT="46" BASELINE="57 337 637 346" TAGREFS="TYPE_1">
                        <Shape>
                            <Polygon POINTS="57 337 57 346 140 350 141 350 159 349 182 346 195 349 202 351 203 351 204 351 205 351 209 349 219 347 238 350 245 351 246 351 261 350 320 348 335 352 340 353 341 353 341 353 342 353 345 352 355 349 422 349 466 354 479 356 480 356 486 355 508 351 635 357 637 346 635 319 617 325 584 325 557 318 555 317 554 317 497 317 496 317 495 317 482 322 468 316 465 316 464 316 463 316 462 316 460 316 448 323 429 323 407 322 398 316 396 315 395 315 395 315 394 315 384 316 349 320 341 316 339 314 338 314 337 314 337 314 336 314 332 315 321 319 309 315 304 313 304 313 303 313 302 313 298 315 286 320 274 315 269 312 268 312 267 312 257 314 235 319 222 314 216 312 215 312 191 312 190 312 189 312 189 312 187 313 181 318 151 313 135 311 113 311 112 311 111 311 107 312 99 316 57 312 57 337"/>
                        </Shape>
                        <String CONTENT=""/>
                    </TextLine>

                    <TextLine ID="line_9" HPOS="57" VPOS="342" WIDTH="578" HEIGHT="48" BASELINE="57 370 635 378" TAGREFS="TYPE_1">
                        <Shape>
                            <Polygon POINTS="57 370 57 381 339 381 393 386 404 387 405 387 406 387 408 386 422 382 446 387 448 387 449 387 452 387 495 383 522 388 526 389 527 389 531 389 551 386 633 390 635 378 635 357 604 349 603 349 602 349 588 355 568 355 531 355 529 354 520 348 519 348 518 348 518 348 477 353 465 354 460 353 444 347 444 347 443 347 415 352 404 353 398 351 382 346 382 346 381 346 362 350 353 353 341 350 320 345 274 345 273 345 272 345 271 345 267 349 265 350 263 349 258 345 257 345 256 345 217 344 216 344 215 344 214 344 210 348 206 351 181 351 172 347 164 343 163 343 162 343 161 343 151 346 140 350 115 350 106 345 101 342 100 342 99 342 57 344 57 370"/>
                        </Shape>
                        <String CONTENT=""/>
                    </TextLine>

                    <TextLine ID="line_10" HPOS="56" VPOS="376" WIDTH="580" HEIGHT="45" BASELINE="57 403 636 411" TAGREFS="TYPE_1">
                        <Shape>
                            <Polygon POINTS="57 403 56 411 634 421 636 411 636 389 617 383 616 383 563 382 562 382 561 382 560 382 555 387 554 388 552 387 541 383 540 383 539 383 497 386 488 386 486 386 481 382 480 382 479 382 478 382 477 382 469 386 465 381 464 381 463 381 436 381 435 381 434 381 433 381 429 385 426 386 403 384 389 382 388 382 381 383 365 386 355 382 345 379 344 379 343 379 342 379 335 382 329 386 293 386 289 381 287 379 287 378 286 378 285 378 284 378 266 381 238 384 233 380 231 378 230 378 230 378 229 378 228 378 227 378 226 380 218 384 185 384 130 383 118 377 115 376 115 376 114 376 108 377 84 382 77 376 76 376 75 376 57 376 57 403"/>
                        </Shape>
                        <String CONTENT=""/>
                    </TextLine>

                    <TextLine ID="line_11" HPOS="56" VPOS="407" WIDTH="578" HEIGHT="48" BASELINE="56 434 634 442" TAGREFS="TYPE_1">
                        <Shape>
                            <Polygon POINTS="634 421 609 414 609 414 608 414 576 419 575 419 574 419 560 414 559 414 559 414 529 419 526 419 523 419 496 412 495 412 494 412 493 412 487 418 485 419 462 419 458 417 449 411 448 411 448 411 447 411 423 416 414 418 410 415 399 411 399 411 344 410 343 410 342 410 329 414 321 416 319 414 314 410 313 410 312 410 312 410 296 413 293 414 292 413 282 409 281 409 280 409 279 409 269 413 262 415 258 412 253 409 252 409 251 409 251 409 233 412 225 413 222 411 215 408 214 408 213 408 213 408 212 408 208 411 202 415 181 415 168 411 158 407 157 407 156 407 156 407 148 410 135 414 72 414 57 408 56 434 56 447 168 444 244 444 252 450 253 450 254 450 255 450 256 450 280 445 291 451 292 451 292 451 293 451 299 451 338 447 346 452 347 452 348 452 349 452 355 452 389 448 406 452 409 452 410 452 412 452 434 448 479 453 483 453 484 453 485 453 509 448 521 453 522 453 522 453 523 453 534 449 539 454 539 454 540 454 541 454 544 454 574 451 633 455 634 442 634 421"/>
                        </Shape>
                        <String CONTENT=""/>
                    </TextLine>

                    <TextLine ID="line_12" HPOS="55" VPOS="441" WIDTH="578" HEIGHT="47" BASELINE="56 468 633 475" TAGREFS="TYPE_1">
                        <Shape>
                            <Polygon POINTS="56 468 55 475 131 477 144 482 144 482 145 482 146 482 164 477 167 477 170 477 200 483 201 483 251 480 271 478 274 480 279 484 280 484 281 484 282 484 316 481 338 479 342 481 345 484 346 484 347 484 348 484 364 482 380 480 385 482 388 485 389 485 390 485 390 485 391 485 392 485 395 482 396 481 424 483 463 485 464 485 465 485 469 484 479 481 497 485 506 486 506 486 514 485 530 481 552 485 560 487 561 488 632 488 633 475 632 453 584 453 581 452 549 446 548 446 547 446 534 452 533 452 532 452 502 446 502 446 473 450 466 445 465 445 465 445 415 444 390 444 389 444 388 444 387 444 382 449 375 444 374 444 374 444 373 444 314 449 312 449 311 449 306 444 305 444 304 444 273 444 272 444 271 444 258 448 242 443 242 443 241 443 240 443 239 443 233 448 232 449 201 449 192 448 123 441 123 441 122 441 110 446 98 441 97 441 96 441 95 441 94 441 86 447 56 447 56 468"/>
                        </Shape>
                        <String CONTENT=""/>
                    </TextLine>

                    <TextLine ID="line_13" HPOS="53" VPOS="473" WIDTH="582" HEIGHT="45" BASELINE="54 500 635 506" TAGREFS="TYPE_1">
                        <Shape>
                            <Polygon POINTS="54 500 53 508 59 513 59 514 60 514 61 514 61 514 127 509 182 509 201 515 201 515 202 516 259 516 259 515 259 515 271 510 296 516 297 516 320 511 361 517 362 517 403 512 407 512 410 512 440 518 440 518 634 515 635 506 634 486 563 486 559 485 546 479 545 479 544 479 543 479 534 484 533 485 532 484 526 478 525 478 524 478 523 478 507 481 489 477 489 477 488 477 448 482 437 484 435 482 430 478 429 478 428 478 427 478 427 478 418 482 417 482 407 477 407 477 406 477 405 477 391 481 387 483 384 481 377 477 376 477 375 477 344 476 343 476 342 476 332 481 327 483 292 483 285 480 281 478 280 478 279 478 254 479 212 481 199 478 181 474 159 474 158 474 157 474 156 474 153 477 150 480 140 477 127 473 127 473 126 473 110 477 92 480 54 476 54 500"/>
                        </Shape>
                        <String CONTENT=""/>
                    </TextLine>

                    <TextLine ID="line_14" HPOS="49" VPOS="505" WIDTH="587" HEIGHT="49" BASELINE="50 532 636 539" TAGREFS="TYPE_1">
                        <Shape>
                            <Polygon POINTS="50 532 49 543 97 547 98 547 98 547 107 544 113 543 118 544 123 547 124 547 125 547 126 547 127 547 130 544 133 543 137 544 144 547 145 547 146 547 147 547 148 547 150 545 153 543 170 543 174 545 178 548 179 548 180 548 181 548 227 546 272 544 283 547 290 549 291 549 292 549 307 547 331 545 349 548 359 550 360 550 376 549 414 546 445 550 457 551 458 551 475 551 524 547 531 551 532 552 533 552 534 552 534 552 545 552 600 548 605 553 606 553 607 553 608 554 635 554 636 539 636 514 557 510 556 510 555 510 555 510 555 511 551 514 548 517 506 517 496 513 485 510 484 510 483 510 482 510 481 510 477 513 475 514 472 513 468 511 467 511 466 511 458 513 448 515 444 513 440 510 440 510 439 510 416 509 415 509 415 509 402 513 394 514 380 512 367 510 366 510 341 512 317 514 309 512 292 507 291 507 290 507 258 511 246 513 243 511 233 506 232 506 231 506 209 511 205 512 204 511 198 506 197 506 197 506 196 506 195 506 185 510 165 505 164 505 164 505 153 510 143 505 142 505 103 505 102 505 50 510 50 532"/>
                        </Shape>
                        <String CONTENT=""/>
                    </TextLine>

                    <TextLine ID="line_15" HPOS="50" VPOS="540" WIDTH="583" HEIGHT="44" BASELINE="50 565 633 570" TAGREFS="TYPE_1">
                        <Shape>
                            <Polygon POINTS="50 565 50 578 370 578 373 579 378 583 379 583 380 583 381 583 461 579 468 579 469 579 475 584 476 584 477 584 477 584 527 579 531 579 532 579 543 584 544 584 545 584 572 580 616 584 617 584 617 584 633 579 633 570 633 551 537 551 533 548 521 543 520 543 519 543 475 547 456 549 449 547 437 543 436 543 436 543 401 546 379 548 375 546 373 543 372 543 371 543 370 543 354 545 343 547 341 545 338 543 338 542 337 542 337 542 336 542 317 545 308 546 288 544 263 542 262 542 261 542 255 543 242 547 225 543 218 542 217 542 207 543 172 547 132 541 122 540 121 540 113 541 79 546 50 540 50 565"/>
                        </Shape>
                        <String CONTENT=""/>
                    </TextLine>

                    <TextLine ID="line_16" HPOS="49" VPOS="584" WIDTH="582" HEIGHT="28" BASELINE="49 597 631 603" TAGREFS="TYPE_1">
                        <Shape>
                            <Polygon POINTS="500 594 492 594 484 594 476 594 468 594 460 594 452 594 444 594 436 594 427 594 419 594 411 594 403 594 395 594 387 594 379 594 371 594 363 594 355 594 347 594 339 594 331 594 323 594 315 594 307 594 299 594 291 594 283 594 275 594 267 594 259 594 251 594 242 594 234 594 226 594 218 594 210 594 202 594 194 594 186 594 178 594 170 594 162 594 154 594 146 594 138 594 130 594 122 594 114 594 106 594 98 594 90 594 82 594 74 594 65 594 57 594 49 594 49 597 49 606 629 612 631 603 630 586 511 584 510 584 510 584 502 585 500 594"/>
                        </Shape>
                        <String CONTENT=""/>
                    </TextLine>

                    <TextLine ID="line_17" HPOS="49" VPOS="604" WIDTH="584" HEIGHT="44" BASELINE="49 629 633 636" TAGREFS="TYPE_1">
                        <Shape>
                            <Polygon POINTS="49 629 49 637 66 642 67 642 160 643 161 643 162 643 176 639 194 644 195 644 196 644 216 641 320 645 320 645 321 645 339 641 414 646 415 646 557 643 568 648 569 648 570 648 632 643 633 636 633 616 587 616 586 615 579 609 578 609 577 609 576 609 576 609 563 614 555 608 555 608 554 608 553 608 552 608 530 614 530 614 512 608 511 608 510 608 473 613 465 607 464 607 463 607 462 607 432 613 431 613 428 613 407 608 407 608 362 612 357 612 355 612 338 605 337 605 337 605 298 612 296 612 296 612 288 605 287 605 286 605 268 604 267 604 267 604 252 610 205 604 205 604 204 604 185 610 177 604 176 604 176 604 175 604 133 610 129 610 125 610 100 605 99 605 98 605 90 609 49 609 49 629"/>
                        </Shape>
                        <String CONTENT=""/>
                    </TextLine>

                    <TextLine ID="line_18" HPOS="49" VPOS="636" WIDTH="581" HEIGHT="43" BASELINE="50 662 630 667" TAGREFS="TYPE_1">
                        <Shape>
                            <Polygon POINTS="50 662 49 670 63 675 64 675 65 675 101 671 156 676 157 676 158 676 176 671 183 675 184 675 185 675 185 675 186 675 199 671 207 676 208 676 209 676 209 676 210 676 211 676 218 672 259 672 271 672 271 672 299 678 300 678 459 674 473 679 474 679 475 679 476 679 485 674 547 678 548 678 629 674 630 667 629 648 555 648 554 646 541 640 540 640 494 640 493 640 493 640 492 640 485 645 483 646 476 645 426 640 425 640 386 643 380 638 379 638 378 638 378 638 356 642 326 638 325 638 325 638 313 644 311 645 304 644 271 637 271 637 270 637 255 643 253 643 245 643 166 637 165 637 164 637 164 637 156 641 155 643 150 641 130 636 129 636 128 636 127 636 127 636 120 641 118 643 76 643 74 641 68 636 67 636 66 636 65 636 65 636 50 640 50 662"/>
                        </Shape>
                        <String CONTENT=""/>
                    </TextLine>

                    <TextLine ID="line_19" HPOS="48" VPOS="666" WIDTH="579" HEIGHT="49" BASELINE="48 695 627 702" TAGREFS="TYPE_1">
                        <Shape>
                            <Polygon POINTS="625 675 448 676 420 671 417 671 416 671 413 671 387 675 336 670 335 670 312 674 268 669 264 669 263 669 261 669 237 673 230 668 229 668 228 668 227 668 222 668 176 673 153 667 152 667 152 667 150 667 116 672 102 666 102 666 101 666 100 666 68 671 49 666 48 695 48 707 304 707 340 711 348 712 349 712 349 712 350 712 351 711 359 707 409 707 428 713 434 714 435 714 436 714 438 713 450 709 493 709 507 714 510 715 510 715 625 715 627 702 625 675"/>
                        </Shape>
                        <String CONTENT=""/>
                    </TextLine>

                    <TextLine ID="line_20" HPOS="49" VPOS="700" WIDTH="172" HEIGHT="41" BASELINE="49 727 221 728" TAGREFS="TYPE_1">
                        <Shape>
                            <Polygon POINTS="49 727 49 736 133 736 135 736 139 740 139 740 140 740 141 741 179 741 179 740 220 736 221 728 220 708 178 701 177 701 176 701 176 701 168 707 155 701 154 701 153 701 111 705 90 707 82 704 69 700 69 700 68 700 49 703 49 727"/>
                        </Shape>
                        <String CONTENT=""/>
                    </TextLine>
</TextBlock>
                <TextBlock ID="block_2" HPOS="43" VPOS="738" WIDTH="587" HEIGHT="460" TAGREFS="TYPE_24">
                    <Shape>
                        <Polygon POINTS="43.059722900390625 738.5547485351562 630.4945068359375 738.5547485351562 630.4945068359375 1198.9337158203125 43.059722900390625 1198.9337158203125 43.059722900390625 738.5547485351562"/>
                    </Shape>
                    <TextLine ID="line_21" HPOS="84" VPOS="731" WIDTH="544" HEIGHT="48" BASELINE="85 758 628 766" TAGREFS="TYPE_1">
                        <Shape>
                            <Polygon POINTS="85 758 84 766 99 773 100 773 101 773 354 771 366 777 367 777 368 777 398 777 398 777 399 777 410 772 419 777 419 777 420 777 421 777 459 773 465 778 465 778 466 778 467 778 489 774 522 779 522 779 627 774 628 766 627 742 562 743 554 740 542 736 541 736 540 736 539 736 528 740 520 743 514 740 506 736 506 736 475 736 474 736 473 736 473 736 469 739 465 742 411 742 399 738 391 736 390 736 390 736 389 736 388 736 386 738 381 741 361 741 358 737 356 736 356 736 355 736 354 736 353 736 338 737 333 737 333 737 329 733 328 733 327 733 326 733 309 736 304 737 288 736 233 732 232 732 231 732 222 735 216 738 209 735 206 733 205 733 205 733 186 735 152 737 139 734 128 731 127 731 127 731 85 732 85 758"/>
                        </Shape>
                        <String CONTENT=""/>
                    </TextLine>

                    <TextLine ID="line_22" HPOS="45" VPOS="766" WIDTH="583" HEIGHT="47" BASELINE="45 793 628 800" TAGREFS="TYPE_1">
                        <Shape>
                            <Polygon POINTS="45 793 45 801 85 801 89 802 111 807 111 807 112 807 146 802 174 808 175 808 206 802 209 802 213 802 239 807 240 807 241 807 242 807 248 803 249 803 251 803 359 808 360 808 361 808 369 804 386 810 386 810 387 810 428 805 446 811 447 811 498 812 499 812 531 806 545 812 546 812 547 812 576 808 582 813 583 813 584 813 584 813 585 813 598 807 619 811 620 811 621 811 621 811 627 806 628 800 627 773 567 777 563 773 563 773 562 773 561 773 560 772 537 772 536 772 535 772 534 772 527 777 522 773 521 773 520 773 519 773 498 777 488 771 487 771 486 771 485 771 485 771 484 771 473 777 433 777 416 770 415 770 415 770 414 770 410 770 370 775 365 770 365 769 364 769 363 769 325 769 325 769 324 769 304 774 293 769 292 769 292 769 291 769 279 773 256 769 255 769 254 769 253 769 238 773 219 768 218 768 217 768 216 768 212 768 174 773 128 768 127 768 127 768 111 772 105 767 104 767 103 767 102 767 68 771 45 766 45 793"/>
                        </Shape>
                        <String CONTENT=""/>
                    </TextLine>

                    <TextLine ID="line_23" HPOS="44" VPOS="798" WIDTH="584" HEIGHT="45" BASELINE="45 825 628 832" TAGREFS="TYPE_1">
                        <Shape>
                            <Polygon POINTS="45 825 44 833 110 838 111 838 152 835 163 834 168 835 184 839 185 839 185 839 218 835 226 835 243 835 316 839 316 839 347 836 351 836 353 836 368 841 369 841 370 841 420 837 424 837 426 837 444 842 444 842 445 842 477 838 478 838 505 843 506 843 541 839 565 843 566 843 627 839 628 832 628 810 614 804 613 804 613 804 590 809 563 803 563 803 535 809 534 809 533 809 520 803 519 803 518 803 518 803 502 808 500 809 493 808 467 804 466 804 465 804 465 804 459 807 458 808 456 807 444 802 443 802 442 802 441 802 429 807 427 808 370 808 367 806 358 801 357 801 321 801 320 801 320 801 309 805 304 806 299 805 283 800 282 800 281 800 230 803 211 799 210 799 209 799 209 799 204 803 201 805 186 803 152 798 151 798 150 798 143 802 139 804 123 802 94 798 94 798 45 800 45 825"/>
                        </Shape>
                        <String CONTENT=""/>
                    </TextLine>

                    <TextLine ID="line_24" HPOS="44" VPOS="833" WIDTH="582" HEIGHT="43" BASELINE="45 858 626 863" TAGREFS="TYPE_1">
                        <Shape>
                            <Polygon POINTS="45 858 44 866 77 871 78 871 108 867 115 867 120 867 133 871 134 871 135 871 148 868 154 867 199 869 239 871 240 871 255 870 283 867 291 871 294 872 295 872 296 872 310 871 342 868 362 872 378 874 378 874 390 872 407 869 413 872 416 874 417 874 418 874 432 872 454 871 513 874 543 876 544 876 558 875 601 872 625 876 626 863 625 840 571 838 570 838 569 838 564 839 556 843 543 839 534 838 533 838 524 839 511 842 490 839 471 837 470 837 469 837 465 839 460 842 454 839 447 836 446 836 445 836 427 839 419 840 415 839 409 836 408 836 407 836 390 839 378 841 363 839 344 835 343 835 342 835 341 835 337 839 333 841 300 841 296 839 292 835 291 835 290 835 256 835 255 835 255 835 254 835 250 839 248 840 228 840 224 838 212 834 211 834 210 834 209 834 209 834 203 838 201 839 131 839 123 838 91 833 90 833 45 837 45 858"/>
                        </Shape>
                        <String CONTENT=""/>
                    </TextLine>

                    <TextLine ID="line_25" HPOS="43" VPOS="864" WIDTH="581" HEIGHT="47" BASELINE="44 889 624 896" TAGREFS="TYPE_1">
                        <Shape>
                            <Polygon POINTS="44 889 43 901 115 905 115 905 116 905 117 905 121 902 126 899 234 899 239 902 246 907 247 907 248 907 269 908 270 908 293 902 301 900 310 902 333 909 334 909 335 909 369 909 369 909 370 909 384 903 387 901 391 903 407 909 407 909 408 909 473 904 503 909 504 909 540 905 558 911 559 911 559 911 560 911 577 906 599 911 600 911 600 911 601 911 611 904 623 904 624 896 624 876 609 869 608 869 607 869 496 874 488 874 487 874 471 867 470 867 469 867 422 873 419 873 418 873 407 867 406 867 405 867 404 867 386 872 386 873 363 873 362 872 356 867 355 867 354 867 353 867 353 867 336 872 334 872 299 872 297 872 261 865 260 865 233 871 224 865 223 865 222 865 222 865 193 871 189 871 186 871 160 864 137 864 136 864 135 864 135 864 128 870 127 870 124 870 86 864 86 864 85 864 84 864 76 869 75 869 44 869 44 889"/>
                        </Shape>
                        <String CONTENT=""/>
                    </TextLine>

                    <TextLine ID="line_26" HPOS="42" VPOS="896" WIDTH="584" HEIGHT="47" BASELINE="43 922 626 929" TAGREFS="TYPE_1">
                        <Shape>
                            <Polygon POINTS="43 922 42 929 79 937 80 937 105 932 168 932 177 938 178 938 179 938 180 939 197 939 197 938 198 938 199 938 207 933 237 933 331 940 332 940 363 934 371 941 372 941 373 941 374 941 415 935 432 942 433 942 434 942 435 942 457 936 465 942 466 942 467 942 497 942 497 942 498 942 518 937 526 941 527 941 528 941 529 941 541 937 561 943 562 943 563 943 625 937 626 929 626 903 603 903 602 903 601 903 600 903 594 909 572 903 571 903 570 903 503 908 485 901 485 901 440 901 439 901 438 901 423 906 403 902 403 902 402 902 395 906 388 900 387 900 386 900 386 900 329 905 319 900 318 900 317 900 239 905 214 898 213 898 213 898 173 904 156 897 155 897 154 897 119 903 106 896 105 896 104 896 103 896 84 902 43 896 43 922"/>
                        </Shape>
                        <String CONTENT=""/>
                    </TextLine>

                    <TextLine ID="line_27" HPOS="42" VPOS="929" WIDTH="584" HEIGHT="43" BASELINE="43 954 626 960" TAGREFS="TYPE_1">
                        <Shape>
                            <Polygon POINTS="43 954 42 962 65 967 66 967 88 962 90 962 92 962 141 967 142 967 143 967 159 963 166 968 167 968 168 968 168 968 189 963 191 963 195 963 242 967 243 967 280 964 283 964 285 964 321 969 322 969 323 969 332 965 382 970 553 972 554 972 625 966 626 960 626 941 613 933 612 933 611 933 563 940 562 940 561 940 540 933 539 933 539 933 495 939 493 939 492 939 452 935 452 935 387 938 378 938 377 938 368 931 367 931 366 931 349 931 348 931 347 931 346 931 339 937 338 937 261 937 260 937 251 930 250 930 249 930 209 929 209 929 172 936 169 936 167 936 126 929 125 929 85 935 82 935 82 935 74 929 74 929 73 929 52 929 51 929 50 929 49 929 43 933 43 954"/>
                        </Shape>
                        <String CONTENT=""/>
                    </TextLine>

                    <TextLine ID="line_28" HPOS="43" VPOS="962" WIDTH="583" HEIGHT="44" BASELINE="43 987 626 991" TAGREFS="TYPE_1">
                        <Shape>
                            <Polygon POINTS="43 987 43 999 230 996 238 999 248 1003 249 1003 250 1003 307 999 317 999 326 999 381 1003 382 1003 401 999 407 998 412 999 437 1004 535 1005 536 1006 600 1006 600 1005 625 999 626 991 626 973 609 966 609 966 608 966 607 966 596 972 596 972 572 966 571 966 478 970 433 971 429 969 423 965 423 965 422 965 421 965 420 965 412 969 407 971 336 971 329 967 325 964 325 964 324 964 323 964 272 966 189 969 148 963 139 962 139 962 138 962 135 963 115 969 74 969 43 962 43 987"/>
                        </Shape>
                        <String CONTENT=""/>
                    </TextLine>

                    <TextLine ID="line_29" HPOS="43" VPOS="994" WIDTH="582" HEIGHT="44" BASELINE="44 1019 625 1026" TAGREFS="TYPE_1">
                        <Shape>
                            <Polygon POINTS="44 1019 43 1027 64 1032 65 1032 65 1032 365 1032 374 1036 374 1036 375 1036 376 1036 377 1036 390 1033 435 1037 436 1037 466 1033 492 1037 493 1037 551 1034 555 1038 556 1038 557 1038 558 1038 625 1034 625 1026 624 1002 568 1003 560 1001 555 999 554 999 553 999 552 999 547 1001 536 1004 501 1001 477 999 477 999 465 1000 449 1003 440 1000 432 998 431 998 430 998 418 1000 407 1003 404 1000 403 999 402 999 401 999 400 999 391 1000 382 1002 363 1000 334 997 333 997 333 997 332 997 328 999 323 1002 238 1002 215 999 166 995 165 995 144 999 140 999 137 999 123 995 122 995 121 995 120 995 111 999 109 999 106 999 96 994 95 994 94 994 44 998 44 1019"/>
                        </Shape>
                        <String CONTENT=""/>
                    </TextLine>

                    <TextLine ID="line_30" HPOS="42" VPOS="1026" WIDTH="583" HEIGHT="43" BASELINE="43 1051 625 1056" TAGREFS="TYPE_1">
                        <Shape>
                            <Polygon POINTS="43 1051 42 1065 57 1065 57 1065 58 1065 59 1065 59 1065 65 1060 112 1060 119 1064 119 1064 120 1064 121 1064 190 1061 196 1065 197 1066 198 1066 199 1066 200 1066 209 1065 230 1061 235 1065 236 1065 237 1065 288 1067 288 1067 289 1067 295 1065 298 1063 308 1065 334 1068 335 1068 336 1068 349 1064 351 1064 362 1064 411 1067 411 1067 412 1067 413 1067 417 1064 421 1062 455 1062 457 1064 464 1069 465 1069 465 1069 466 1069 624 1063 625 1056 624 1036 597 1036 597 1036 584 1030 584 1030 583 1030 534 1034 503 1029 502 1029 464 1035 462 1035 461 1035 456 1030 455 1030 454 1030 453 1030 391 1034 387 1034 386 1034 368 1028 367 1028 366 1028 366 1028 356 1032 319 1028 304 1028 303 1028 302 1028 301 1028 295 1033 294 1033 289 1033 179 1027 178 1027 145 1032 141 1032 140 1032 131 1026 130 1026 129 1026 128 1026 43 1031 43 1051"/>
                        </Shape>
                        <String CONTENT=""/>
                    </TextLine>

                    <TextLine ID="line_31" HPOS="41" VPOS="1057" WIDTH="584" HEIGHT="43" BASELINE="41 1085 625 1090" TAGREFS="TYPE_1">
                        <Shape>
                            <Polygon POINTS="41 1085 41 1094 48 1098 49 1098 49 1098 124 1094 134 1098 135 1098 135 1098 193 1095 298 1100 299 1100 624 1098 625 1090 625 1069 573 1061 572 1061 572 1061 559 1068 558 1068 557 1068 539 1061 539 1061 538 1061 512 1066 486 1061 485 1061 485 1061 472 1067 471 1067 458 1060 457 1060 415 1060 414 1060 413 1060 402 1066 400 1066 310 1066 309 1065 301 1059 300 1059 300 1059 299 1059 245 1065 242 1065 231 1058 230 1058 230 1058 207 1057 206 1057 205 1057 187 1063 174 1057 173 1057 172 1057 172 1057 171 1057 162 1064 160 1064 130 1060 129 1060 106 1063 94 1057 93 1057 92 1057 41 1062 41 1085"/>
                        </Shape>
                        <String CONTENT=""/>
                    </TextLine>

                    <TextLine ID="line_32" HPOS="44" VPOS="1090" WIDTH="582" HEIGHT="46" BASELINE="45 1115 626 1123" TAGREFS="TYPE_1">
                        <Shape>
                            <Polygon POINTS="45 1115 44 1126 50 1130 51 1130 52 1130 53 1130 93 1126 100 1125 101 1126 108 1131 109 1131 110 1131 206 1131 207 1131 208 1131 209 1131 213 1128 218 1131 218 1131 219 1131 220 1131 275 1129 312 1133 312 1133 355 1129 528 1130 540 1135 541 1135 542 1135 581 1132 588 1136 588 1136 589 1136 590 1136 625 1131 626 1123 626 1102 615 1096 614 1096 613 1096 576 1101 574 1101 573 1101 561 1095 560 1095 559 1095 520 1100 519 1100 511 1095 510 1095 510 1095 509 1095 485 1099 480 1094 479 1094 478 1094 435 1094 434 1094 398 1098 396 1098 395 1098 358 1094 358 1094 324 1098 320 1098 319 1098 296 1092 295 1092 294 1092 279 1097 255 1092 254 1092 213 1096 213 1096 205 1091 204 1091 203 1091 202 1091 201 1091 201 1091 193 1096 191 1096 172 1092 171 1092 127 1095 121 1095 119 1095 96 1090 95 1090 45 1094 45 1115"/>
                        </Shape>
                        <String CONTENT=""/>
                    </TextLine>

                    <TextLine ID="line_33" HPOS="44" VPOS="1123" WIDTH="581" HEIGHT="45" BASELINE="44 1149 625 1155" TAGREFS="TYPE_1">
                        <Shape>
                            <Polygon POINTS="44 1149 44 1163 109 1160 126 1164 128 1164 129 1164 130 1164 139 1164 182 1160 205 1164 209 1165 210 1165 216 1164 238 1161 251 1165 252 1165 253 1165 254 1165 279 1165 439 1163 623 1168 625 1155 624 1135 588 1128 587 1128 552 1133 542 1134 466 1134 463 1131 459 1127 458 1127 457 1127 427 1127 426 1127 389 1129 372 1131 369 1129 364 1126 363 1126 362 1126 362 1126 338 1128 330 1129 310 1127 270 1125 269 1125 261 1127 244 1131 214 1126 212 1126 211 1126 209 1126 167 1130 161 1125 160 1125 160 1125 159 1125 97 1128 91 1123 90 1123 90 1123 89 1123 88 1123 66 1127 44 1123 44 1149"/>
                        </Shape>
                        <String CONTENT=""/>
                    </TextLine>

                    <TextLine ID="line_34" HPOS="43" VPOS="1157" WIDTH="579" HEIGHT="52" BASELINE="43 1183 622 1188" TAGREFS="TYPE_1">
                        <Shape>
                            <Polygon POINTS="43 1183 43 1203 59 1196 85 1200 86 1200 86 1200 87 1200 92 1195 104 1203 105 1203 106 1203 139 1205 139 1205 245 1205 246 1205 253 1201 264 1197 293 1199 296 1201 302 1206 303 1206 304 1206 304 1206 305 1206 326 1201 332 1200 346 1201 378 1203 378 1203 379 1203 389 1201 399 1197 452 1200 487 1201 488 1201 506 1200 518 1198 521 1199 534 1206 534 1206 535 1206 555 1203 581 1209 582 1209 583 1209 621 1198 622 1188 621 1168 583 1161 582 1161 581 1161 567 1168 566 1168 534 1168 532 1168 522 1160 521 1160 520 1160 502 1160 502 1160 501 1160 489 1167 488 1168 447 1168 446 1167 429 1160 428 1160 379 1160 378 1160 378 1160 377 1160 368 1166 367 1167 348 1167 347 1166 338 1160 337 1160 337 1160 336 1160 308 1165 292 1159 291 1159 290 1159 289 1159 265 1165 263 1165 262 1165 229 1159 228 1159 203 1164 202 1165 177 1165 176 1164 168 1160 168 1160 167 1160 166 1160 165 1160 152 1164 152 1164 147 1160 146 1160 145 1160 108 1157 107 1157 43 1163 43 1183"/>
                        </Shape>
                        <String CONTENT=""/>
                    </TextLine>
</TextBlock>
                <TextBlock ID="block_3" HPOS="471" VPOS="1202" WIDTH="43" HEIGHT="33" TAGREFS="TYPE_26">
                    <Shape>
                        <Polygon POINTS="471.8565368652344 1202.2637939453125 514.0252685546875 1202.2637939453125 514.0252685546875 1235.29296875 471.8565368652344 1235.29296875 471.8565368652344 1202.2637939453125"/>
                    </Shape>
                    <TextLine ID="line_35" HPOS="473" VPOS="1192" WIDTH="39" HEIGHT="45" BASELINE="474 1221 512 1221" TAGREFS="TYPE_1">
                        <Shape>
                            <Polygon POINTS="474 1221 474 1237 512 1236 512 1221 511 1197 499 1192 498 1192 497 1192 497 1192 473 1201 474 1221"/>
                        </Shape>
                        <String CONTENT=""/>
                    </TextLine>
</TextBlock>
            </PrintSpace>
        </Page>
    </Layout>
</alto>