<?xml version="1.0" encoding="UTF-8"?>
<alto xmlns:xsi="http://www.w3.org/2001/XMLSchema-instance"
    xmlns="http://www.loc.gov/standards/alto/ns-v4#"
    xsi:schemaLocation="http://www.loc.gov/standards/alto/ns-v4# http://www.loc.gov/standards/alto/v4/alto-4-3.xsd">
    <Description>
        <MeasurementUnit>pixel</MeasurementUnit>
        <sourceImageInformation>
            <fileName>2013017.jpeg</fileName>
        </sourceImageInformation>
        <Processing ID="OCR_0">
            <processingCategory>other</processingCategory>
            <processingStepDescription>unknown</processingStepDescription>
            <processingSoftware>
                <softwareName>kraken</softwareName>
                <softwareVersion>4.3.13</softwareVersion>
            </processingSoftware>
        </Processing>
    </Description>
    <Tags>
        <OtherTag ID="TYPE_1" LABEL="DefaultLine"/>
        <OtherTag ID="TYPE_2" LABEL="MarginTextZone-ManuscriptAddendum"/>
        <OtherTag ID="TYPE_3" LABEL="TitlePageZone"/>
        <OtherTag ID="TYPE_4" LABEL="StampZone-Sticker"/>
        <OtherTag ID="TYPE_5" LABEL="StampZone"/>
        <OtherTag ID="TYPE_6" LABEL="MainZone-Entry-Continued"/>
        <OtherTag ID="TYPE_7" LABEL="GraphicZone-Maths"/>
        <OtherTag ID="TYPE_8" LABEL="FigureZone"/>
        <OtherTag ID="TYPE_9" LABEL="MainZone-Signature"/>
        <OtherTag ID="TYPE_10" LABEL="MainZone-P-Continued"/>
        <OtherTag ID="TYPE_11" LABEL="GraphicZone-Decoration"/>
        <OtherTag ID="TYPE_12" LABEL="MainZone-Date"/>
        <OtherTag ID="TYPE_13" LABEL="MainZone-Other"/>
        <OtherTag ID="TYPE_14" LABEL="TableZone-Continued"/>
        <OtherTag ID="TYPE_15" LABEL="MarginTextZone-Notes-Continued"/>
        <OtherTag ID="TYPE_16" LABEL="FigureZone-FigDesc"/>
        <OtherTag ID="TYPE_17" LABEL="MarginTextZone-Notes"/>
        <OtherTag ID="TYPE_18" LABEL="DropCapitalZone"/>
        <OtherTag ID="TYPE_19" LABEL="GraphicZone"/>
        <OtherTag ID="TYPE_20" LABEL="RunningTitleZone"/>
        <OtherTag ID="TYPE_21" LABEL="GraphicZone-FigDesc"/>
        <OtherTag ID="TYPE_22" LABEL="MainZone-Lg"/>
        <OtherTag ID="TYPE_23" LABEL="FigureZone-Head"/>
        <OtherTag ID="TYPE_24" LABEL="MainZone-P"/>
        <OtherTag ID="TYPE_25" LABEL="GraphicZone-Head"/>
        <OtherTag ID="TYPE_26" LABEL="QuireMarksZone"/>
        <OtherTag ID="TYPE_27" LABEL="MainZone-Sp"/>
        <OtherTag ID="TYPE_28" LABEL="MainZone-List"/>
        <OtherTag ID="TYPE_29" LABEL="GraphicZone-Part"/>
        <OtherTag ID="TYPE_30" LABEL="DigitizationArtefactZone"/>
        <OtherTag ID="TYPE_31" LABEL="MainZone-Entry"/>
        <OtherTag ID="TYPE_32" LABEL="TableZone-Head"/>
        <OtherTag ID="TYPE_33" LABEL="GraphicZone-TextualContent"/>
        <OtherTag ID="TYPE_34" LABEL="AdvertisementZone"/>
        <OtherTag ID="TYPE_35" LABEL="MainZone-List-Continued"/>
        <OtherTag ID="TYPE_36" LABEL="MainZone-Form"/>
        <OtherTag ID="TYPE_37" LABEL="MainZone-Head"/>
        <OtherTag ID="TYPE_38" LABEL="NumberingZone"/>
        <OtherTag ID="TYPE_39" LABEL="TitlePageZone-Index"/>
        <OtherTag ID="TYPE_40" LABEL="MainZone-Sp-Continued"/>
        <OtherTag ID="TYPE_41" LABEL="TableZone"/>
        <OtherTag ID="TYPE_42" LABEL="MainZone-Lg-Continued"/>
    </Tags>
    <Layout>
        <Page WIDTH="1000" HEIGHT="1448" PHYSICAL_IMG_NR="0" ID="page_0">
            <PrintSpace HPOS="0" VPOS="0" WIDTH="1000" HEIGHT="1448">
                <TextBlock ID="block_1" HPOS="250" VPOS="90" WIDTH="199" HEIGHT="37" TAGREFS="TYPE_20">
                    <Shape>
                        <Polygon POINTS="250.1108856201172 90.6188735961914 449.139892578125 90.6188735961914 449.139892578125 127.31439971923828 250.1108856201172 127.31439971923828 250.1108856201172 90.6188735961914"/>
                    </Shape>
                    <TextLine ID="line_0" HPOS="248" VPOS="109" WIDTH="201" HEIGHT="19" BASELINE="249 117 449 115" TAGREFS="TYPE_1">
                        <Shape>
                            <Polygon POINTS="441 109 433 109 425 109 417 109 409 109 401 109 393 109 385 109 377 109 369 109 361 109 353 109 345 109 337 109 329 109 320 109 312 109 304 109 296 109 288 109 280 109 272 109 264 109 256 109 248 109 249 117 249 124 347 128 348 128 349 128 360 123 362 123 380 123 381 123 385 127 385 127 386 127 386 127 387 127 448 122 449 115 448 109 441 109"/>
                        </Shape>
                        <String CONTENT=""/>
                    </TextLine>
</TextBlock>
                <TextBlock ID="block_4" HPOS="596" VPOS="96" WIDTH="51" HEIGHT="33" TAGREFS="TYPE_38">
                    <Shape>
                        <Polygon POINTS="596.5050659179688 96.34486389160156 647.3255004882812 96.34486389160156 647.3255004882812 129.63844299316406 596.5050659179688 129.63844299316406 596.5050659179688 96.34486389160156"/>
                    </Shape>
                    <TextLine ID="line_1" HPOS="600" VPOS="95" WIDTH="36" HEIGHT="37" BASELINE="600 115 636 117" TAGREFS="TYPE_1">
                        <Shape>
                            <Polygon POINTS="600 115 600 132 634 132 636 117 636 97 600 95 600 115"/>
                        </Shape>
                        <String CONTENT=""/>
                    </TextLine>
</TextBlock>
                <TextBlock ID="block_0" HPOS="66" VPOS="135" WIDTH="580" HEIGHT="578" TAGREFS="TYPE_10">
                    <Shape>
                        <Polygon POINTS="66.20993041992188 135.3915557861328 646.5526123046875 135.3915557861328 646.5526123046875 713.3825073242188 66.20993041992188 713.3825073242188 66.20993041992188 135.3915557861328"/>
                    </Shape>
                    <TextLine ID="line_2" HPOS="68" VPOS="128" WIDTH="574" HEIGHT="43" BASELINE="69 158 642 156" TAGREFS="TYPE_1">
                        <Shape>
                            <Polygon POINTS="69 158 69 171 92 164 97 168 98 168 98 168 99 168 131 164 139 170 140 170 141 170 142 171 188 171 188 170 189 170 204 164 222 170 222 170 223 170 224 170 236 164 270 164 292 169 293 169 294 169 295 169 316 164 399 164 419 169 420 169 421 169 493 163 564 168 565 168 598 163 604 168 604 168 605 168 606 168 607 169 641 169 642 156 641 135 628 135 628 135 620 128 619 128 618 128 617 128 584 135 583 135 554 128 526 128 526 128 525 128 524 128 517 133 510 128 509 128 508 128 451 128 450 128 449 128 448 128 441 134 440 136 427 136 424 134 418 129 417 129 416 129 415 129 415 129 399 134 395 135 390 134 373 129 372 129 353 129 352 129 351 129 350 129 345 134 341 135 316 135 316 134 310 129 309 129 308 129 308 129 277 134 259 136 249 133 238 130 237 130 236 130 220 133 205 137 181 137 176 133 172 130 171 130 170 130 169 130 168 130 157 133 145 136 68 133 69 158"/>
                        </Shape>
                        <String CONTENT=""/>
                    </TextLine>

                    <TextLine ID="line_3" HPOS="67" VPOS="160" WIDTH="574" HEIGHT="43" BASELINE="68 190 641 186" TAGREFS="TYPE_1">
                        <Shape>
                            <Polygon POINTS="68 190 68 203 94 198 156 202 164 202 165 202 166 202 168 201 183 197 225 197 230 201 231 201 232 201 233 201 234 201 242 201 267 197 277 200 282 201 283 201 283 201 284 201 289 200 299 197 360 199 409 201 410 201 429 197 444 196 458 197 481 200 481 200 482 200 492 197 496 196 524 197 618 199 619 199 641 194 641 186 640 167 594 162 593 162 567 166 555 160 554 160 553 160 552 160 551 160 546 164 528 161 527 161 526 161 526 161 526 162 521 167 520 167 503 160 502 160 502 160 470 164 445 160 444 160 444 160 443 160 436 167 435 168 410 168 382 168 378 167 369 161 368 161 367 161 340 165 335 161 334 161 333 161 298 161 297 161 296 161 296 161 288 167 284 169 203 169 199 167 193 162 193 162 192 162 191 162 168 167 154 169 141 167 124 163 123 163 67 166 68 190"/>
                        </Shape>
                        <String CONTENT=""/>
                    </TextLine>

                    <TextLine ID="line_4" HPOS="67" VPOS="196" WIDTH="577" HEIGHT="40" BASELINE="68 222 644 220" TAGREFS="TYPE_1">
                        <Shape>
                            <Polygon POINTS="68 222 68 230 99 235 100 236 143 236 143 235 144 235 144 235 149 230 150 230 151 230 171 234 172 234 172 234 173 234 178 230 179 230 218 230 221 231 233 235 234 235 234 235 279 231 295 230 299 231 309 235 310 235 311 236 355 236 355 235 392 234 393 234 394 234 396 232 401 230 643 234 644 220 642 201 619 196 618 196 596 201 588 196 587 196 586 196 585 196 456 201 432 196 431 196 398 201 374 196 373 196 348 201 337 197 336 197 335 197 334 197 321 202 268 202 257 197 256 197 255 197 205 201 183 197 182 197 181 197 181 197 174 201 153 198 152 198 67 202 68 222"/>
                        </Shape>
                        <String CONTENT=""/>
                    </TextLine>

                    <TextLine ID="line_5" HPOS="68" VPOS="227" WIDTH="574" HEIGHT="42" BASELINE="69 255 642 251" TAGREFS="TYPE_1">
                        <Shape>
                            <Polygon POINTS="69 255 69 266 126 263 130 266 134 269 135 269 135 269 136 269 137 269 145 266 152 263 168 266 182 268 183 268 184 268 185 268 188 266 193 263 238 266 255 267 255 267 256 267 260 266 271 263 275 266 279 268 279 268 280 268 281 268 282 268 289 266 299 262 309 266 314 267 315 267 316 267 341 266 366 263 384 265 403 267 403 267 404 267 405 267 408 265 416 261 457 261 464 265 465 267 466 267 467 267 468 267 469 267 473 265 482 262 487 265 489 267 489 267 490 267 491 267 492 267 497 265 510 262 524 265 530 266 530 266 641 264 642 251 641 231 585 227 584 227 537 231 528 227 527 227 526 227 265 234 209 230 209 230 131 234 76 230 75 230 74 230 74 230 68 234 69 255"/>
                        </Shape>
                        <String CONTENT=""/>
                    </TextLine>

                    <TextLine ID="line_6" HPOS="67" VPOS="259" WIDTH="575" HEIGHT="41" BASELINE="68 286 642 283" TAGREFS="TYPE_1">
                        <Shape>
                            <Polygon POINTS="68 286 68 300 112 296 127 300 131 300 132 300 133 300 135 300 140 296 144 300 144 300 145 300 146 300 147 300 148 300 149 300 158 296 238 300 246 300 247 300 250 300 278 295 295 300 296 300 297 300 298 300 352 300 352 300 353 300 353 299 365 294 386 294 392 299 393 299 394 299 395 299 395 299 396 299 402 294 416 298 417 298 418 298 463 294 473 299 473 299 474 299 476 299 503 293 526 298 527 299 564 299 564 298 565 298 566 298 574 293 641 298 642 283 641 264 547 264 514 259 514 259 484 264 446 259 445 259 444 259 427 264 408 259 407 259 407 259 406 259 387 264 363 259 362 259 362 259 361 259 351 265 268 260 267 260 267 260 254 266 169 266 141 261 140 261 139 261 121 266 95 261 94 261 67 267 68 286"/>
                        </Shape>
                        <String CONTENT=""/>
                    </TextLine>

                    <TextLine ID="line_7" HPOS="65" VPOS="292" WIDTH="578" HEIGHT="41" BASELINE="66 319 643 316" TAGREFS="TYPE_1">
                        <Shape>
                            <Polygon POINTS="66 319 66 331 497 333 498 333 499 333 510 328 512 328 514 328 533 332 534 332 576 328 579 328 581 328 629 332 629 332 630 332 643 327 643 316 641 296 577 292 576 292 576 292 575 292 570 296 569 296 560 296 481 292 481 292 480 292 479 292 474 296 473 297 444 296 333 293 333 293 314 297 307 298 293 297 251 293 251 293 250 293 249 293 244 297 242 299 209 299 206 297 202 294 201 294 201 294 200 294 65 297 66 319"/>
                        </Shape>
                        <String CONTENT=""/>
                    </TextLine>

                    <TextLine ID="line_8" HPOS="66" VPOS="325" WIDTH="577" HEIGHT="40" BASELINE="67 350 643 349" TAGREFS="TYPE_1">
                        <Shape>
                            <Polygon POINTS="67 350 67 360 297 365 298 365 299 365 307 362 313 360 372 362 411 364 411 364 412 364 413 364 414 363 417 360 425 363 427 363 427 363 428 363 433 363 465 359 474 363 476 364 477 364 477 364 486 363 523 359 552 364 555 364 556 364 557 364 558 364 569 359 573 363 574 363 575 363 576 363 602 360 641 364 643 349 641 329 360 325 359 325 305 329 88 326 87 326 66 330 67 350"/>
                        </Shape>
                        <String CONTENT=""/>
                    </TextLine>

                    <TextLine ID="line_9" HPOS="65" VPOS="355" WIDTH="577" HEIGHT="43" BASELINE="66 382 642 381" TAGREFS="TYPE_1">
                        <Shape>
                            <Polygon POINTS="66 382 67 397 80 393 152 397 159 397 160 398 269 398 269 397 270 397 271 397 284 393 336 396 347 397 348 397 356 396 402 392 641 395 642 381 641 362 617 362 617 361 610 356 610 355 609 355 609 355 608 355 607 355 595 361 574 355 573 355 572 355 572 355 555 361 554 361 534 355 534 355 496 355 495 355 494 355 481 361 480 361 479 361 462 355 461 355 432 355 431 355 430 355 429 355 429 356 423 360 423 361 415 360 377 357 376 357 362 360 361 360 357 356 356 356 355 356 354 356 325 360 310 362 65 359 66 382"/>
                        </Shape>
                        <String CONTENT=""/>
                    </TextLine>

                    <TextLine ID="line_10" HPOS="67" VPOS="390" WIDTH="575" HEIGHT="40" BASELINE="68 416 642 413" TAGREFS="TYPE_1">
                        <Shape>
                            <Polygon POINTS="68 416 68 428 127 425 143 428 145 429 146 429 147 429 148 429 149 428 160 425 186 428 199 430 200 430 201 430 206 428 220 425 245 428 252 429 253 429 260 428 291 424 308 428 312 429 312 429 313 429 320 428 347 424 455 427 456 427 456 427 457 427 463 423 494 427 495 427 496 427 506 423 641 427 642 413 640 390 67 391 68 416"/>
                        </Shape>
                        <String CONTENT=""/>
                    </TextLine>

                    <TextLine ID="line_11" HPOS="67" VPOS="419" WIDTH="576" HEIGHT="44" BASELINE="68 448 643 444" TAGREFS="TYPE_1">
                        <Shape>
                            <Polygon POINTS="68 448 68 458 90 463 90 463 115 458 117 458 130 458 284 462 285 462 307 457 308 457 308 457 340 462 341 462 341 462 352 458 376 461 377 461 378 461 378 461 385 456 386 456 390 456 441 461 442 461 492 456 610 460 611 460 612 460 613 460 618 456 642 456 643 444 641 425 550 425 530 419 530 419 529 419 528 419 527 419 520 424 469 420 468 420 439 425 435 425 434 425 425 420 424 420 423 420 423 420 422 420 416 425 415 426 375 426 373 425 356 420 355 420 354 420 353 420 342 425 338 426 329 425 304 421 304 421 264 425 249 426 241 425 222 421 221 421 203 425 193 427 181 425 165 422 164 422 164 422 157 425 152 427 145 425 134 422 133 422 132 422 114 425 101 427 94 425 85 422 84 422 83 422 67 424 68 448"/>
                        </Shape>
                        <String CONTENT=""/>
                    </TextLine>

                    <TextLine ID="line_12" HPOS="65" VPOS="452" WIDTH="579" HEIGHT="40" BASELINE="65 481 644 478" TAGREFS="TYPE_1">
                        <Shape>
                            <Polygon POINTS="65 481 65 490 642 492 644 478 641 454 506 457 497 455 488 452 487 452 486 452 485 452 485 452 481 455 479 458 454 458 431 456 396 453 395 453 395 453 394 453 390 456 386 459 362 459 356 456 345 453 344 453 343 453 342 453 333 456 329 458 312 457 271 453 270 453 269 453 258 457 255 458 244 457 204 455 203 455 202 455 196 458 194 459 193 458 185 454 185 454 184 454 160 458 160 458 159 458 99 454 98 454 65 459 65 481"/>
                        </Shape>
                        <String CONTENT=""/>
                    </TextLine>

                    <TextLine ID="line_13" HPOS="65" VPOS="484" WIDTH="579" HEIGHT="42" BASELINE="66 513 644 510" TAGREFS="TYPE_1">
                        <Shape>
                            <Polygon POINTS="66 513 66 524 238 522 282 524 303 526 304 526 314 524 333 522 347 524 353 526 354 526 355 526 360 524 372 522 489 524 490 524 511 520 524 524 525 524 526 525 563 525 563 524 564 524 565 524 570 520 642 524 644 510 642 489 518 484 517 484 516 484 507 488 391 485 390 485 364 489 362 489 359 489 329 486 329 486 328 486 327 486 322 489 320 490 320 489 312 486 312 486 311 486 254 489 251 489 251 489 246 485 245 485 244 485 243 485 242 485 234 489 232 490 226 489 200 486 199 486 65 489 66 513"/>
                        </Shape>
                        <String CONTENT=""/>
                    </TextLine>

                    <TextLine ID="line_14" HPOS="65" VPOS="518" WIDTH="578" HEIGHT="39" BASELINE="65 546 643 543" TAGREFS="TYPE_1">
                        <Shape>
                            <Polygon POINTS="65 546 65 554 448 557 449 557 468 556 517 552 522 556 523 556 524 556 525 557 642 557 643 543 641 522 453 518 452 518 410 522 316 518 316 518 256 523 155 519 154 519 104 523 82 519 81 519 80 519 65 524 65 546"/>
                        </Shape>
                        <String CONTENT=""/>
                    </TextLine>

                    <TextLine ID="line_15" HPOS="65" VPOS="559" WIDTH="580" HEIGHT="33" BASELINE="65 578 645 574" TAGREFS="TYPE_1">
                        <Shape>
                            <Polygon POINTS="483 575 475 575 467 575 459 575 451 575 443 575 435 575 427 575 419 575 411 575 403 575 395 575 386 575 378 575 370 575 362 575 354 575 346 575 338 575 330 575 322 575 314 575 306 575 298 575 290 575 282 575 274 575 266 575 258 575 250 576 242 576 234 576 226 576 218 576 209 576 201 576 193 576 185 576 177 576 169 576 161 576 153 576 145 576 137 576 129 576 121 576 113 576 105 576 97 576 89 576 81 576 73 576 65 576 65 578 65 588 160 592 160 592 185 588 190 587 212 588 296 591 296 591 315 587 321 586 332 587 362 590 363 590 409 587 430 585 437 587 450 589 451 589 644 585 645 574 642 559 505 559 504 559 503 559 501 562 497 564 495 562 492 559 491 559 490 559 489 559 489 559 486 560 483 575"/>
                        </Shape>
                        <String CONTENT=""/>
                    </TextLine>

                    <TextLine ID="line_16" HPOS="63" VPOS="582" WIDTH="580" HEIGHT="43" BASELINE="64 610 643 607" TAGREFS="TYPE_1">
                        <Shape>
                            <Polygon POINTS="64 610 64 619 167 625 168 625 208 619 222 624 222 624 223 624 224 624 242 619 339 623 340 623 341 623 360 618 361 618 362 618 394 623 395 623 421 618 487 623 488 623 519 619 630 622 631 622 632 622 643 617 643 607 641 582 616 586 570 583 558 582 557 582 551 583 534 587 378 587 370 585 353 582 353 582 352 582 343 586 339 588 313 586 258 583 257 583 214 588 211 588 210 588 197 584 196 584 195 584 194 584 185 588 185 588 174 588 90 584 89 584 63 589 64 610"/>
                        </Shape>
                        <String CONTENT=""/>
                    </TextLine>

                    <TextLine ID="line_17" HPOS="63" VPOS="614" WIDTH="579" HEIGHT="40" BASELINE="64 643 288 640 642 641" TAGREFS="TYPE_1">
                        <Shape>
                            <Polygon POINTS="64 643 64 650 641 654 642 641 641 621 530 614 530 614 529 614 518 618 474 615 473 615 473 615 458 620 456 620 455 620 443 614 442 614 441 614 398 619 390 621 345 621 341 619 323 614 322 614 321 614 274 619 267 619 263 619 238 614 238 614 237 614 236 614 230 618 227 620 225 618 214 614 213 614 177 614 176 614 176 614 175 614 169 618 167 620 157 618 139 615 138 615 137 615 124 618 117 620 112 618 106 616 106 616 105 616 104 616 97 618 91 620 90 618 86 615 86 614 85 614 84 614 83 614 63 617 64 643"/>
                        </Shape>
                        <String CONTENT=""/>
                    </TextLine>

                    <TextLine ID="line_18" HPOS="64" VPOS="646" WIDTH="577" HEIGHT="39" BASELINE="65 674 641 672" TAGREFS="TYPE_1">
                        <Shape>
                            <Polygon POINTS="65 674 65 684 640 685 641 672 640 651 600 646 600 646 565 651 563 651 561 651 539 646 539 646 538 646 537 646 530 651 529 652 505 652 504 651 481 646 481 646 480 646 469 651 436 647 435 647 434 647 420 651 390 646 390 646 389 646 372 651 358 646 358 646 357 646 356 646 355 646 349 650 311 648 310 648 309 648 295 652 280 648 279 648 279 648 278 648 277 648 271 652 271 653 261 653 224 653 209 647 209 647 120 647 119 647 64 653 65 674"/>
                        </Shape>
                        <String CONTENT=""/>
                    </TextLine>

                    <TextLine ID="line_19" HPOS="63" VPOS="677" WIDTH="233" HEIGHT="42" BASELINE="64 707 296 705" TAGREFS="TYPE_1">
                        <Shape>
                            <Polygon POINTS="64 707 64 715 127 719 127 719 128 719 129 719 135 715 136 715 296 715 296 705 294 684 160 677 159 677 158 677 144 683 116 678 115 678 115 678 114 678 114 679 107 686 91 686 74 678 74 678 73 678 72 678 71 678 63 683 64 707"/>
                        </Shape>
                        <String CONTENT=""/>
                    </TextLine>
</TextBlock>
                <TextBlock ID="block_3" HPOS="65" VPOS="716" WIDTH="578" HEIGHT="161" TAGREFS="TYPE_24">
                    <Shape>
                        <Polygon POINTS="65.17488861083984 716.3568115234375 643.7868041992188 716.3568115234375 643.7868041992188 877.5601196289062 65.17488861083984 877.5601196289062 65.17488861083984 716.3568115234375"/>
                    </Shape>
                    <TextLine ID="line_20" HPOS="95" VPOS="709" WIDTH="546" HEIGHT="44" BASELINE="96 738 641 736" TAGREFS="TYPE_1">
                        <Shape>
                            <Polygon POINTS="96 738 96 749 226 747 238 751 247 753 248 753 249 753 250 753 257 751 267 747 316 751 328 752 329 752 334 751 360 747 396 752 407 752 407 752 415 752 446 746 465 752 468 752 469 752 469 753 549 753 549 752 550 752 551 752 566 746 576 752 576 752 577 752 578 752 579 752 580 752 597 748 639 752 641 736 639 709 621 709 621 709 620 709 619 709 611 715 572 711 571 711 570 711 569 711 562 716 518 716 510 710 510 709 510 709 509 709 493 709 493 709 492 709 491 709 482 715 465 709 463 709 462 709 461 709 460 709 459 709 444 715 422 710 419 709 419 709 418 709 399 710 270 716 249 711 248 711 247 711 132 716 122 711 119 710 119 710 118 710 95 711 96 738"/>
                        </Shape>
                        <String CONTENT=""/>
                    </TextLine>

                    <TextLine ID="line_21" HPOS="62" VPOS="744" WIDTH="578" HEIGHT="36" BASELINE="63 772 640 769" TAGREFS="TYPE_1">
                        <Shape>
                            <Polygon POINTS="63 772 63 779 638 780 640 769 638 751 566 744 565 744 564 744 550 751 524 751 500 744 499 744 498 744 497 744 473 750 459 744 458 744 457 744 456 744 456 744 445 751 415 744 414 744 413 744 400 751 390 744 389 744 388 744 387 744 386 744 386 744 378 752 276 752 256 744 255 744 255 744 254 744 253 744 241 752 227 745 226 745 226 745 165 749 160 745 159 745 158 745 101 745 100 745 62 752 63 772"/>
                        </Shape>
                        <String CONTENT=""/>
                    </TextLine>

                    <TextLine ID="line_22" HPOS="62" VPOS="777" WIDTH="577" HEIGHT="41" BASELINE="63 802 639 804" TAGREFS="TYPE_1">
                        <Shape>
                            <Polygon POINTS="62 809 102 816 103 816 132 811 183 815 184 815 231 811 248 810 251 812 255 816 256 816 257 816 258 816 259 816 259 816 265 812 266 811 272 812 287 814 288 814 309 813 334 810 341 813 350 817 351 817 352 817 382 814 399 812 402 814 406 817 407 817 407 817 408 818 513 818 513 817 522 815 547 811 637 817 639 804 639 785 614 778 613 778 613 778 612 778 591 784 566 778 565 778 539 782 533 778 532 778 531 778 530 778 530 778 514 784 510 785 440 783 367 781 366 781 366 781 363 781 357 785 353 781 349 778 349 777 349 777 348 777 347 777 346 777 332 781 322 785 306 785 301 781 297 777 296 777 296 777 273 777 272 777 271 777 271 777 266 781 262 783 253 781 243 777 242 777 242 777 241 777 240 777 237 780 233 784 223 780 217 777 216 777 200 777 199 777 198 777 197 777 195 780 190 784 176 779 169 777 168 777 139 777 139 777 138 777 135 779 125 785 82 785 64 778 63 802 62 809"/>
                        </Shape>
                        <String CONTENT=""/>
                    </TextLine>

                    <TextLine ID="line_23" HPOS="64" VPOS="809" WIDTH="577" HEIGHT="44" BASELINE="65 836 641 834" TAGREFS="TYPE_1">
                        <Shape>
                            <Polygon POINTS="65 836 65 847 73 845 78 847 86 851 87 851 88 851 89 851 96 848 102 845 176 845 186 848 194 851 195 851 255 853 256 853 257 853 258 853 263 849 269 844 317 844 342 850 355 852 356 852 357 852 364 850 370 848 382 850 400 852 401 852 402 852 403 852 405 850 409 847 413 850 416 852 417 852 418 852 419 853 448 853 448 852 449 852 456 851 469 847 485 851 489 851 490 851 491 852 553 852 553 851 554 851 555 851 569 843 613 843 638 851 641 834 639 816 613 810 613 810 612 810 600 816 544 816 518 809 517 809 516 809 515 809 493 815 469 809 469 809 468 809 467 809 447 817 300 817 292 810 292 810 291 810 270 810 269 810 268 810 245 817 236 810 235 810 234 810 234 810 233 810 211 817 188 810 187 810 186 810 185 810 185 810 176 817 160 810 160 810 116 810 115 810 115 810 104 816 95 813 94 813 94 813 64 818 65 836"/>
                        </Shape>
                        <String CONTENT=""/>
                    </TextLine>

                    <TextLine ID="line_24" HPOS="61" VPOS="839" WIDTH="147" HEIGHT="41" BASELINE="61 868 208 867" TAGREFS="TYPE_1">
                        <Shape>
                            <Polygon POINTS="61 868 61 876 106 880 107 880 108 880 109 880 115 876 175 880 176 880 208 875 208 867 206 846 180 840 179 840 178 840 177 840 170 846 170 847 155 847 155 846 138 839 137 839 136 839 135 839 119 847 118 847 102 841 102 841 101 841 100 841 82 846 72 840 71 840 70 840 69 840 69 840 61 845 61 868"/>
                        </Shape>
                        <String CONTENT=""/>
                    </TextLine>
</TextBlock>
                <TextBlock ID="block_2" HPOS="60" VPOS="879" WIDTH="584" HEIGHT="330" TAGREFS="TYPE_24">
                    <Shape>
                        <Polygon POINTS="60.258949279785156 879.135009765625 644.0982055664062 879.135009765625 644.0982055664062 1209.824951171875 60.258949279785156 1209.824951171875 60.258949279785156 879.135009765625"/>
                    </Shape>
                    <TextLine ID="line_25" HPOS="94" VPOS="871" WIDTH="547" HEIGHT="42" BASELINE="94 900 641 900" TAGREFS="TYPE_1">
                        <Shape>
                            <Polygon POINTS="94 900 94 908 107 913 108 913 109 913 131 909 144 913 144 913 145 913 172 909 210 913 211 913 269 909 285 913 286 913 287 913 340 909 355 913 356 913 357 913 358 913 375 909 391 913 392 913 393 913 499 913 500 913 510 909 606 909 612 913 613 913 613 913 614 913 641 908 641 900 641 874 631 872 630 872 629 872 626 874 613 881 555 881 541 875 534 872 534 872 533 872 532 872 526 876 514 881 472 881 463 876 457 873 456 873 456 873 455 873 454 873 450 876 446 880 425 880 401 879 399 877 394 872 394 872 393 872 392 872 391 872 390 872 372 876 356 871 355 871 246 871 245 871 244 871 243 871 231 880 229 880 210 880 202 880 187 872 186 872 185 872 152 880 151 880 150 880 104 874 103 874 102 874 102 874 94 879 94 900"/>
                        </Shape>
                        <String CONTENT=""/>
                    </TextLine>

                    <TextLine ID="line_26" HPOS="60" VPOS="906" WIDTH="581" HEIGHT="43" BASELINE="61 933 641 932" TAGREFS="TYPE_1">
                        <Shape>
                            <Polygon POINTS="61 933 61 942 99 948 100 948 101 948 102 948 110 943 111 942 113 943 123 946 123 946 124 946 125 946 126 946 130 943 131 942 180 942 183 943 191 948 192 948 193 949 209 949 209 948 209 948 210 948 215 944 218 942 280 942 283 944 287 947 287 948 288 948 288 948 289 948 374 945 412 943 435 945 465 947 465 947 466 947 473 945 486 942 534 942 541 946 543 947 544 947 545 947 546 947 640 946 641 932 639 911 537 906 536 906 517 910 508 912 502 910 489 906 489 906 488 906 461 910 448 912 444 909 440 906 439 906 438 906 418 906 417 906 416 906 415 906 411 909 407 912 370 909 329 907 329 907 328 907 327 907 325 909 320 913 279 913 271 909 265 907 264 907 263 907 263 907 262 907 262 908 260 909 255 913 216 913 205 909 201 907 200 907 161 907 160 907 160 907 156 909 149 913 139 909 135 907 135 907 134 907 121 909 90 913 84 909 82 907 82 907 81 907 80 907 60 908 61 933"/>
                        </Shape>
                        <String CONTENT=""/>
                    </TextLine>

                    <TextLine ID="line_27" HPOS="59" VPOS="938" WIDTH="582" HEIGHT="41" BASELINE="60 966 641 964" TAGREFS="TYPE_1">
                        <Shape>
                            <Polygon POINTS="60 966 60 974 99 974 102 975 113 979 114 979 115 979 115 979 123 975 126 974 130 975 145 979 146 979 147 979 182 976 196 974 200 976 208 979 209 979 209 979 210 979 218 976 222 974 252 976 292 979 292 979 311 977 330 974 339 977 348 979 349 979 349 979 366 977 390 974 399 977 403 979 403 979 404 979 585 979 585 979 586 979 596 974 639 979 641 964 638 945 525 945 522 943 516 938 515 938 514 938 471 938 470 938 469 938 469 938 462 942 457 946 432 946 428 942 424 939 424 938 423 938 423 938 409 938 408 938 407 938 400 942 395 945 364 942 352 941 351 941 350 941 349 941 349 942 341 946 322 942 321 942 320 942 319 942 271 946 264 941 262 939 261 939 260 939 259 939 251 941 236 944 229 941 226 939 226 939 225 939 224 939 222 941 211 946 189 940 184 939 183 939 162 940 84 943 59 939 60 966"/>
                        </Shape>
                        <String CONTENT=""/>
                    </TextLine>

                    <TextLine ID="line_28" HPOS="61" VPOS="973" WIDTH="579" HEIGHT="40" BASELINE="61 997 640 997" TAGREFS="TYPE_1">
                        <Shape>
                            <Polygon POINTS="61 997 61 1013 144 1013 144 1012 145 1012 147 1011 159 1007 187 1011 195 1012 196 1013 231 1013 231 1012 232 1012 233 1012 234 1011 238 1007 244 1011 247 1012 248 1012 249 1013 302 1013 302 1012 303 1012 304 1012 305 1011 309 1007 324 1010 333 1011 415 1012 415 1012 416 1012 425 1009 428 1008 448 1009 521 1012 522 1012 543 1008 547 1007 551 1008 567 1012 567 1012 568 1012 569 1012 570 1012 575 1007 576 1007 640 1007 640 997 640 978 627 973 626 973 625 973 625 973 610 979 559 979 552 973 551 973 551 973 550 973 549 973 534 978 518 973 518 973 517 973 485 978 479 973 478 973 477 973 477 973 452 978 452 978 403 973 403 973 378 978 377 979 312 979 311 978 295 973 294 973 293 973 61 977 61 997"/>
                        </Shape>
                        <String CONTENT=""/>
                    </TextLine>

                    <TextLine ID="line_29" HPOS="59" VPOS="1004" WIDTH="582" HEIGHT="41" BASELINE="59 1030 641 1030" TAGREFS="TYPE_1">
                        <Shape>
                            <Polygon POINTS="59 1030 59 1040 85 1040 86 1040 93 1044 94 1044 94 1044 95 1045 147 1045 147 1044 148 1044 148 1044 154 1040 155 1040 158 1040 182 1044 183 1044 184 1044 193 1040 195 1040 197 1040 205 1044 206 1044 207 1044 229 1040 235 1040 238 1040 245 1044 246 1044 246 1045 313 1045 313 1044 314 1044 315 1044 319 1041 321 1040 332 1041 348 1044 349 1045 400 1045 400 1044 401 1044 402 1044 405 1042 409 1040 433 1042 453 1044 454 1044 455 1044 456 1044 458 1043 463 1040 476 1043 485 1044 485 1045 509 1045 509 1044 510 1044 510 1044 512 1043 517 1040 525 1043 526 1044 527 1044 528 1044 529 1044 531 1043 544 1040 553 1044 556 1044 557 1044 558 1044 567 1044 596 1040 639 1044 641 1030 640 1011 618 1011 617 1010 606 1004 605 1004 542 1004 541 1004 540 1004 539 1004 532 1010 532 1011 444 1011 444 1010 432 1004 431 1004 430 1004 429 1004 414 1010 413 1011 377 1011 377 1010 365 1004 364 1004 363 1004 332 1008 312 1004 312 1004 311 1004 310 1004 310 1005 304 1010 304 1010 300 1010 246 1004 245 1004 211 1010 208 1010 185 1010 180 1010 173 1004 172 1004 172 1004 171 1004 170 1004 152 1010 150 1010 148 1010 119 1004 119 1004 118 1004 107 1010 59 1010 59 1030"/>
                        </Shape>
                        <String CONTENT=""/>
                    </TextLine>

                    <TextLine ID="line_30" HPOS="61" VPOS="1036" WIDTH="578" HEIGHT="41" BASELINE="62 1061 639 1061" TAGREFS="TYPE_1">
                        <Shape>
                            <Polygon POINTS="62 1061 62 1071 112 1071 113 1071 121 1075 122 1075 123 1075 144 1071 147 1071 148 1071 157 1076 158 1076 159 1076 160 1076 168 1071 170 1071 201 1071 201 1071 209 1076 209 1076 210 1076 211 1077 257 1077 257 1076 258 1076 269 1071 270 1071 272 1071 296 1075 297 1075 336 1071 339 1071 347 1071 468 1076 469 1076 469 1076 470 1076 477 1072 490 1076 491 1076 492 1076 493 1076 508 1071 543 1076 543 1076 572 1071 581 1076 582 1076 583 1077 616 1077 616 1076 638 1070 639 1061 638 1042 621 1036 621 1036 620 1036 619 1036 600 1041 600 1042 527 1042 525 1040 514 1036 514 1036 513 1036 512 1036 511 1036 505 1040 502 1042 463 1042 460 1040 449 1036 448 1036 448 1036 447 1036 434 1040 428 1041 407 1040 362 1036 362 1036 361 1036 347 1039 340 1040 332 1039 316 1036 316 1036 315 1036 314 1036 311 1039 307 1042 257 1042 250 1038 245 1036 244 1036 243 1036 232 1038 216 1041 208 1037 204 1036 203 1036 202 1036 193 1037 178 1040 171 1037 168 1036 167 1036 166 1036 148 1037 107 1040 61 1036 62 1061"/>
                        </Shape>
                        <String CONTENT=""/>
                    </TextLine>

                    <TextLine ID="line_31" HPOS="61" VPOS="1068" WIDTH="580" HEIGHT="41" BASELINE="62 1093 641 1095" TAGREFS="TYPE_1">
                        <Shape>
                            <Polygon POINTS="62 1093 61 1102 104 1103 110 1108 111 1108 111 1108 112 1108 144 1104 160 1108 161 1108 162 1109 246 1109 246 1108 247 1108 255 1104 255 1104 266 1109 267 1109 267 1109 640 1106 641 1095 640 1076 581 1069 580 1069 580 1069 566 1075 565 1076 497 1076 495 1075 470 1069 469 1069 469 1069 450 1075 448 1075 445 1075 416 1069 415 1069 391 1073 368 1069 367 1069 314 1073 279 1069 279 1069 278 1069 277 1069 270 1074 269 1074 213 1074 213 1073 197 1068 196 1068 167 1068 166 1068 165 1068 164 1068 158 1073 157 1073 155 1073 106 1069 105 1069 62 1073 62 1093"/>
                        </Shape>
                        <String CONTENT=""/>
                    </TextLine>

                    <TextLine ID="line_32" HPOS="59" VPOS="1102" WIDTH="579" HEIGHT="41" BASELINE="59 1126 638 1126" TAGREFS="TYPE_1">
                        <Shape>
                            <Polygon POINTS="59 1126 59 1137 102 1143 102 1143 129 1138 169 1143 170 1143 195 1139 219 1143 220 1143 221 1143 233 1138 263 1143 263 1143 289 1138 365 1143 366 1143 519 1138 576 1143 577 1143 578 1143 579 1143 584 1138 614 1138 619 1142 620 1142 621 1142 621 1142 622 1142 638 1137 638 1126 638 1106 621 1102 620 1102 619 1102 618 1102 617 1102 610 1107 543 1107 535 1102 534 1102 534 1102 533 1102 491 1106 480 1102 479 1102 478 1102 477 1102 477 1102 469 1107 423 1107 404 1102 403 1102 403 1102 374 1106 354 1102 353 1102 353 1102 343 1107 271 1107 249 1102 248 1102 247 1102 230 1106 165 1102 164 1102 164 1102 163 1102 159 1106 154 1102 153 1102 152 1102 94 1102 94 1102 59 1106 59 1126"/>
                        </Shape>
                        <String CONTENT=""/>
                    </TextLine>

                    <TextLine ID="line_33" HPOS="59" VPOS="1134" WIDTH="579" HEIGHT="40" BASELINE="59 1159 638 1160" TAGREFS="TYPE_1">
                        <Shape>
                            <Polygon POINTS="59 1159 59 1172 192 1168 198 1173 199 1173 200 1173 201 1174 222 1174 222 1173 226 1173 286 1168 305 1173 306 1173 307 1173 308 1173 331 1168 353 1174 357 1174 358 1174 362 1174 385 1169 399 1174 399 1174 400 1174 401 1174 450 1174 477 1173 478 1173 487 1169 507 1174 509 1174 510 1174 511 1174 541 1169 637 1174 638 1160 637 1140 600 1140 599 1139 589 1135 588 1135 588 1135 587 1135 573 1139 572 1139 572 1139 547 1135 496 1135 495 1135 494 1135 493 1135 487 1139 476 1135 475 1135 474 1135 415 1139 415 1139 414 1139 395 1135 394 1135 393 1135 383 1139 381 1139 373 1139 332 1134 292 1134 291 1134 290 1134 289 1134 283 1139 283 1139 280 1139 250 1134 249 1134 209 1138 200 1139 189 1138 142 1134 141 1134 124 1138 119 1139 112 1138 94 1135 93 1135 59 1137 59 1159"/>
                        </Shape>
                        <String CONTENT=""/>
                    </TextLine>

                    <TextLine ID="line_34" HPOS="58" VPOS="1166" WIDTH="579" HEIGHT="55" BASELINE="59 1190 637 1193" TAGREFS="TYPE_1">
                        <Shape>
                            <Polygon POINTS="59 1190 58 1212 82 1216 82 1216 100 1213 119 1209 126 1213 130 1215 131 1215 131 1215 132 1215 138 1213 152 1209 174 1213 178 1214 179 1214 180 1214 181 1214 194 1209 265 1209 284 1215 296 1218 296 1218 297 1219 341 1219 341 1218 341 1218 348 1216 360 1213 372 1217 380 1219 381 1219 382 1220 443 1220 443 1219 444 1219 449 1217 473 1211 488 1218 492 1220 493 1220 493 1221 553 1221 553 1220 554 1220 555 1219 567 1213 610 1213 618 1220 619 1220 620 1220 621 1221 636 1221 637 1193 637 1174 620 1168 619 1168 564 1168 563 1168 563 1168 562 1168 555 1173 540 1168 539 1168 539 1168 452 1172 451 1172 445 1168 444 1168 444 1168 443 1168 320 1172 319 1172 313 1167 312 1167 312 1167 311 1167 217 1172 204 1172 202 1172 189 1166 188 1166 187 1166 59 1170 59 1190"/>
                        </Shape>
                        <String CONTENT=""/>
                    </TextLine>
</TextBlock>
            </PrintSpace>
        </Page>
    </Layout>
</alto>