<?xml version="1.0" encoding="UTF-8"?>
<alto xmlns:xsi="http://www.w3.org/2001/XMLSchema-instance"
    xmlns="http://www.loc.gov/standards/alto/ns-v4#"
    xsi:schemaLocation="http://www.loc.gov/standards/alto/ns-v4# http://www.loc.gov/standards/alto/v4/alto-4-3.xsd">
    <Description>
        <MeasurementUnit>pixel</MeasurementUnit>
        <sourceImageInformation>
            <fileName>2013014.jpeg</fileName>
        </sourceImageInformation>
        <Processing ID="OCR_0">
            <processingCategory>other</processingCategory>
            <processingStepDescription>unknown</processingStepDescription>
            <processingSoftware>
                <softwareName>kraken</softwareName>
                <softwareVersion>4.3.13</softwareVersion>
            </processingSoftware>
        </Processing>
    </Description>
    <Tags>
        <OtherTag ID="TYPE_1" LABEL="DefaultLine"/>
        <OtherTag ID="TYPE_2" LABEL="MarginTextZone-ManuscriptAddendum"/>
        <OtherTag ID="TYPE_3" LABEL="TitlePageZone"/>
        <OtherTag ID="TYPE_4" LABEL="StampZone-Sticker"/>
        <OtherTag ID="TYPE_5" LABEL="StampZone"/>
        <OtherTag ID="TYPE_6" LABEL="MainZone-Entry-Continued"/>
        <OtherTag ID="TYPE_7" LABEL="GraphicZone-Maths"/>
        <OtherTag ID="TYPE_8" LABEL="FigureZone"/>
        <OtherTag ID="TYPE_9" LABEL="MainZone-Signature"/>
        <OtherTag ID="TYPE_10" LABEL="MainZone-P-Continued"/>
        <OtherTag ID="TYPE_11" LABEL="GraphicZone-Decoration"/>
        <OtherTag ID="TYPE_12" LABEL="MainZone-Date"/>
        <OtherTag ID="TYPE_13" LABEL="MainZone-Other"/>
        <OtherTag ID="TYPE_14" LABEL="TableZone-Continued"/>
        <OtherTag ID="TYPE_15" LABEL="MarginTextZone-Notes-Continued"/>
        <OtherTag ID="TYPE_16" LABEL="FigureZone-FigDesc"/>
        <OtherTag ID="TYPE_17" LABEL="MarginTextZone-Notes"/>
        <OtherTag ID="TYPE_18" LABEL="DropCapitalZone"/>
        <OtherTag ID="TYPE_19" LABEL="GraphicZone"/>
        <OtherTag ID="TYPE_20" LABEL="RunningTitleZone"/>
        <OtherTag ID="TYPE_21" LABEL="GraphicZone-FigDesc"/>
        <OtherTag ID="TYPE_22" LABEL="MainZone-Lg"/>
        <OtherTag ID="TYPE_23" LABEL="FigureZone-Head"/>
        <OtherTag ID="TYPE_24" LABEL="MainZone-P"/>
        <OtherTag ID="TYPE_25" LABEL="GraphicZone-Head"/>
        <OtherTag ID="TYPE_26" LABEL="QuireMarksZone"/>
        <OtherTag ID="TYPE_27" LABEL="MainZone-Sp"/>
        <OtherTag ID="TYPE_28" LABEL="MainZone-List"/>
        <OtherTag ID="TYPE_29" LABEL="GraphicZone-Part"/>
        <OtherTag ID="TYPE_30" LABEL="DigitizationArtefactZone"/>
        <OtherTag ID="TYPE_31" LABEL="MainZone-Entry"/>
        <OtherTag ID="TYPE_32" LABEL="TableZone-Head"/>
        <OtherTag ID="TYPE_33" LABEL="GraphicZone-TextualContent"/>
        <OtherTag ID="TYPE_34" LABEL="AdvertisementZone"/>
        <OtherTag ID="TYPE_35" LABEL="MainZone-List-Continued"/>
        <OtherTag ID="TYPE_36" LABEL="MainZone-Form"/>
        <OtherTag ID="TYPE_37" LABEL="MainZone-Head"/>
        <OtherTag ID="TYPE_38" LABEL="NumberingZone"/>
        <OtherTag ID="TYPE_39" LABEL="TitlePageZone-Index"/>
        <OtherTag ID="TYPE_40" LABEL="MainZone-Sp-Continued"/>
        <OtherTag ID="TYPE_41" LABEL="TableZone"/>
        <OtherTag ID="TYPE_42" LABEL="MainZone-Lg-Continued"/>
    </Tags>
    <Layout>
        <Page WIDTH="1000" HEIGHT="1448" PHYSICAL_IMG_NR="0" ID="page_0">
            <PrintSpace HPOS="0" VPOS="0" WIDTH="1000" HEIGHT="1448">
                <TextBlock ID="block_1" HPOS="477" VPOS="77" WIDTH="366" HEIGHT="36" TAGREFS="TYPE_20">
                    <Shape>
                        <Polygon POINTS="477.8231506347656 77.52765655517578 843.2283935546875 77.52765655517578 843.2283935546875 113.98945617675781 477.8231506347656 113.98945617675781 477.8231506347656 77.52765655517578"/>
                    </Shape>
                    <TextLine ID="line_0" HPOS="469" VPOS="80" WIDTH="374" HEIGHT="43" BASELINE="470 106 843 101" TAGREFS="TYPE_1">
                        <Shape>
                            <Polygon POINTS="759 94 751 94 743 94 735 94 727 94 719 94 711 94 703 94 695 94 687 94 679 94 670 94 662 94 654 94 646 94 638 94 630 94 622 94 614 94 606 94 598 94 590 94 582 94 574 94 566 94 558 94 550 94 543 94 542 94 534 94 526 94 518 94 510 94 502 94 493 94 485 94 477 94 469 94 470 106 470 114 493 122 493 122 494 123 518 123 518 122 518 122 532 115 536 112 559 115 574 116 575 116 576 116 576 116 576 115 577 115 577 115 580 111 602 111 613 115 625 119 626 119 627 119 628 119 629 119 633 115 639 111 656 111 661 115 665 119 665 119 666 119 666 119 667 119 691 115 702 114 711 115 726 119 727 119 728 119 728 119 732 116 745 109 767 109 783 116 784 116 785 116 786 116 786 116 794 111 804 116 806 117 806 117 807 117 843 116 843 101 840 80 764 81 763 81 762 81 762 82 761 83 760 83 759 94"/>
                        </Shape>
                        <String CONTENT=""/>
                    </TextLine>
</TextBlock>
                <TextBlock ID="block_3" HPOS="360" VPOS="87" WIDTH="51" HEIGHT="32" TAGREFS="TYPE_38">
                    <Shape>
                        <Polygon POINTS="360.3414611816406 87.81596374511719 411.2815246582031 87.81596374511719 411.2815246582031 119.94786071777344 360.3414611816406 119.94786071777344 360.3414611816406 87.81596374511719"/>
                    </Shape>
                    <TextLine ID="line_1" HPOS="360" VPOS="94" WIDTH="65" HEIGHT="29" BASELINE="361 108 425 107" TAGREFS="TYPE_1">
                        <Shape>
                            <Polygon POINTS="408 94 400 94 392 94 384 94 376 94 368 94 360 94 361 108 362 123 370 119 376 120 390 123 390 123 391 123 405 115 410 113 425 112 425 107 423 95 411 94 408 94"/>
                        </Shape>
                        <String CONTENT=""/>
                    </TextLine>
</TextBlock>
                <TextBlock ID="block_0" HPOS="359" VPOS="117" WIDTH="593" HEIGHT="1082" TAGREFS="TYPE_10">
                    <Shape>
                        <Polygon POINTS="359.58111572265625 117.72871398925781 952.3531494140625 117.72871398925781 952.3531494140625 1199.445068359375 359.58111572265625 1199.445068359375 359.58111572265625 117.72871398925781"/>
                    </Shape>
                    <TextLine ID="line_2" HPOS="360" VPOS="107" WIDTH="582" HEIGHT="52" BASELINE="361 146 942 137" TAGREFS="TYPE_1">
                        <Shape>
                            <Polygon POINTS="361 146 361 156 398 154 423 156 451 159 452 159 452 159 460 156 467 153 489 156 512 158 513 158 533 155 558 152 587 155 606 156 607 156 608 156 613 154 625 150 651 153 652 153 691 149 725 153 733 154 734 154 744 153 771 150 778 152 781 154 782 154 783 154 784 154 788 152 801 148 861 152 862 152 890 146 942 151 942 137 941 111 909 107 909 107 908 107 896 112 888 115 883 112 872 108 871 108 870 108 869 108 858 113 850 117 816 117 805 115 791 111 790 111 790 111 789 111 774 115 765 119 725 119 720 116 710 111 709 111 684 111 683 111 683 111 682 111 682 111 674 117 672 119 662 118 641 114 641 114 640 114 628 119 623 121 572 121 539 121 523 113 522 113 522 113 521 113 520 113 510 121 509 122 508 121 492 114 491 114 466 114 465 114 434 115 433 115 403 124 390 124 378 116 378 116 377 116 376 116 375 116 360 123 361 146"/>
                        </Shape>
                        <String CONTENT=""/>
                    </TextLine>

                    <TextLine ID="line_3" HPOS="360" VPOS="143" WIDTH="582" HEIGHT="49" BASELINE="361 179 942 169" TAGREFS="TYPE_1">
                        <Shape>
                            <Polygon POINTS="361 179 361 192 409 186 506 189 551 189 552 189 564 187 580 184 585 186 588 188 588 188 589 188 590 188 594 186 603 183 621 185 636 188 637 188 657 185 673 182 683 184 698 187 699 187 728 183 739 181 740 182 745 186 746 186 747 186 748 186 838 180 859 179 861 180 875 184 876 184 876 184 906 179 928 183 929 183 930 183 942 177 942 169 940 150 917 150 909 143 909 143 908 143 907 143 878 144 877 144 876 144 876 145 871 150 855 144 855 144 854 144 853 144 852 144 842 151 797 148 796 148 744 152 719 147 718 147 717 147 697 153 671 148 670 148 670 148 656 153 626 148 625 148 625 148 600 155 554 149 553 149 485 151 456 157 437 152 436 152 436 152 435 152 434 152 434 152 427 158 404 158 388 152 387 152 386 152 386 152 360 159 361 179"/>
                        </Shape>
                        <String CONTENT=""/>
                    </TextLine>

                    <TextLine ID="line_4" HPOS="358" VPOS="176" WIDTH="583" HEIGHT="46" BASELINE="359 211 941 203" TAGREFS="TYPE_1">
                        <Shape>
                            <Polygon POINTS="359 211 359 219 454 222 455 222 479 218 493 217 508 218 532 222 533 222 551 218 564 216 571 218 579 221 580 221 580 221 581 221 589 218 594 216 597 218 599 219 600 219 600 219 601 219 633 218 711 213 746 217 764 218 765 218 765 218 769 217 780 213 811 217 823 218 823 218 831 216 853 212 875 216 880 217 881 217 882 217 883 217 883 216 884 216 889 211 940 215 941 203 940 183 913 176 912 176 911 176 910 176 887 184 884 184 847 184 838 176 837 176 836 176 825 176 824 176 799 181 778 177 777 177 777 177 761 185 760 185 757 185 720 178 719 178 718 178 705 185 669 185 658 179 657 179 656 179 628 185 597 180 596 180 560 185 534 183 533 183 532 183 522 188 490 181 489 181 489 181 465 189 463 190 358 190 359 211"/>
                        </Shape>
                        <String CONTENT=""/>
                    </TextLine>

                    <TextLine ID="line_5" HPOS="362" VPOS="209" WIDTH="581" HEIGHT="48" BASELINE="362 243 943 235" TAGREFS="TYPE_1">
                        <Shape>
                            <Polygon POINTS="362 243 362 257 399 252 407 256 409 257 410 257 411 257 411 257 412 257 413 256 421 251 459 255 469 256 469 256 470 256 471 256 472 255 480 250 510 255 519 255 520 255 521 255 525 255 538 250 612 252 650 254 651 254 652 254 658 251 667 248 711 250 741 252 742 252 942 246 943 235 942 216 913 216 906 209 905 209 905 209 904 209 903 209 883 216 850 210 849 210 848 210 835 217 791 217 776 211 775 211 774 211 773 211 773 211 765 218 736 212 735 212 734 212 708 218 652 213 651 213 573 220 542 214 541 214 477 215 477 215 476 215 471 219 456 216 455 216 454 216 436 222 421 216 420 216 419 216 362 223 362 243"/>
                        </Shape>
                        <String CONTENT=""/>
                    </TextLine>

                    <TextLine ID="line_6" HPOS="361" VPOS="242" WIDTH="581" HEIGHT="45" BASELINE="362 275 942 267" TAGREFS="TYPE_1">
                        <Shape>
                            <Polygon POINTS="362 275 362 287 495 282 516 285 529 287 530 287 555 284 584 281 591 283 597 286 598 286 599 286 683 285 683 285 698 281 707 279 714 281 729 284 730 284 783 283 804 279 813 278 822 279 847 283 847 283 871 278 877 277 941 277 942 267 940 248 876 242 876 242 814 249 804 250 728 250 726 250 719 245 718 245 717 245 693 245 692 245 691 245 681 250 680 250 679 250 658 246 658 246 657 246 656 246 656 246 651 250 650 251 633 250 554 246 553 246 498 247 497 247 488 252 484 254 478 252 463 248 462 248 461 248 460 248 452 252 451 253 448 252 429 248 428 248 361 253 362 275"/>
                        </Shape>
                        <String CONTENT=""/>
                    </TextLine>

                    <TextLine ID="line_7" HPOS="361" VPOS="277" WIDTH="581" HEIGHT="43" BASELINE="362 307 942 300" TAGREFS="TYPE_1">
                        <Shape>
                            <Polygon POINTS="362 307 362 316 432 320 433 320 434 320 444 316 448 315 457 316 481 318 481 318 497 316 507 314 522 316 548 318 549 318 563 315 569 314 627 315 712 316 713 316 714 316 720 315 732 312 942 313 942 300 941 282 869 277 868 277 843 283 838 283 813 283 708 279 707 279 674 284 668 285 666 284 657 279 656 279 655 279 631 285 625 287 544 287 543 286 531 281 530 281 530 281 529 281 510 287 505 287 492 287 456 283 455 283 438 287 432 288 417 287 371 284 370 284 370 284 361 287 362 307"/>
                        </Shape>
                        <String CONTENT=""/>
                    </TextLine>

                    <TextLine ID="line_8" HPOS="360" VPOS="307" WIDTH="581" HEIGHT="46" BASELINE="361 340 941 332" TAGREFS="TYPE_1">
                        <Shape>
                            <Polygon POINTS="361 340 361 348 441 348 442 348 454 353 455 353 456 353 456 353 476 348 480 347 496 348 545 351 546 351 547 351 559 348 565 346 569 348 575 350 576 350 576 350 597 348 609 346 610 348 615 351 616 351 617 351 617 351 687 347 738 345 761 347 775 349 776 349 941 346 941 332 938 307 921 313 904 307 902 307 901 307 901 307 900 307 898 307 884 313 851 308 847 308 847 308 846 308 844 308 821 315 779 308 774 308 773 308 773 308 770 309 748 316 694 316 678 312 677 312 676 312 648 317 625 314 624 314 589 318 551 312 547 312 546 312 539 312 502 316 488 312 485 312 484 312 483 312 482 312 471 320 441 320 430 313 429 313 428 313 427 313 424 313 400 319 390 314 390 314 389 314 360 314 361 340"/>
                        </Shape>
                        <String CONTENT=""/>
                    </TextLine>

                    <TextLine ID="line_9" HPOS="359" VPOS="340" WIDTH="581" HEIGHT="42" BASELINE="360 372 940 365" TAGREFS="TYPE_1">
                        <Shape>
                            <Polygon POINTS="360 372 360 382 746 382 746 381 939 374 940 365 938 345 911 345 907 345 895 340 894 340 893 340 893 340 878 345 872 346 849 345 812 341 811 341 810 341 802 345 796 346 781 345 753 341 752 341 751 341 750 341 746 345 742 348 725 345 709 342 708 342 692 345 674 348 654 345 637 343 637 343 636 343 627 345 610 349 604 345 604 345 604 345 603 345 579 344 578 344 556 345 485 351 450 345 447 345 446 345 445 345 444 345 437 352 415 352 359 346 360 372"/>
                        </Shape>
                        <String CONTENT=""/>
                    </TextLine>

                    <TextLine ID="line_10" HPOS="359" VPOS="375" WIDTH="583" HEIGHT="44" BASELINE="360 404 942 399" TAGREFS="TYPE_1">
                        <Shape>
                            <Polygon POINTS="360 404 360 412 375 418 376 418 377 418 378 418 392 413 408 419 409 419 410 419 411 419 411 419 417 415 433 419 434 419 435 419 436 419 447 412 448 412 503 412 506 413 522 418 522 418 523 418 551 413 560 411 573 413 607 417 608 417 609 417 621 413 624 412 629 413 646 416 647 416 670 413 693 410 728 413 753 415 754 415 774 413 808 409 819 413 821 414 822 414 823 414 862 413 863 413 872 408 942 413 942 399 941 378 920 375 919 375 897 378 888 380 885 379 878 376 877 376 876 376 876 376 863 379 856 381 854 379 851 376 850 376 849 376 827 376 827 376 826 376 816 380 811 382 801 380 784 378 783 378 753 381 737 382 732 381 716 377 716 377 715 377 714 377 713 377 707 382 704 383 673 383 671 382 666 378 665 378 664 378 642 378 641 378 641 378 626 382 625 384 570 384 569 384 562 378 561 378 560 378 540 378 539 378 539 378 526 384 524 385 516 385 455 379 454 379 453 379 438 386 437 386 436 386 400 382 399 382 359 386 360 404"/>
                        </Shape>
                        <String CONTENT=""/>
                    </TextLine>

                    <TextLine ID="line_11" HPOS="358" VPOS="407" WIDTH="584" HEIGHT="43" BASELINE="359 437 942 431" TAGREFS="TYPE_1">
                        <Shape>
                            <Polygon POINTS="359 437 359 448 419 446 448 448 468 450 469 450 469 450 470 450 472 448 475 445 526 444 534 448 535 448 536 448 537 448 538 448 539 448 549 444 608 444 612 448 613 448 613 448 614 448 615 448 625 448 658 444 664 448 666 448 667 448 668 448 669 448 671 448 679 444 720 448 726 448 727 448 728 448 729 448 748 443 769 447 773 448 774 448 780 447 812 442 851 447 854 447 855 447 857 447 894 441 940 446 942 431 940 413 856 407 855 407 855 407 854 407 849 411 818 408 818 408 817 408 816 408 811 412 810 414 804 412 789 408 788 408 787 408 786 408 776 412 770 415 759 412 742 409 741 409 740 409 740 409 736 412 732 415 713 415 706 412 696 409 695 409 695 409 694 409 693 409 689 412 684 416 623 416 616 412 610 410 609 410 609 410 608 410 607 410 607 411 604 412 601 415 579 412 567 411 566 411 565 411 564 411 563 412 555 417 521 417 504 412 503 412 502 412 502 412 484 418 399 418 358 412 359 437"/>
                        </Shape>
                        <String CONTENT=""/>
                    </TextLine>

                    <TextLine ID="line_12" HPOS="359" VPOS="438" WIDTH="583" HEIGHT="46" BASELINE="360 469 942 462" TAGREFS="TYPE_1">
                        <Shape>
                            <Polygon POINTS="360 469 360 481 392 484 393 484 394 484 404 481 415 478 431 481 448 483 449 483 450 483 456 480 461 477 489 477 503 477 507 479 510 482 511 482 512 482 513 482 528 479 535 477 544 478 567 481 568 481 569 481 579 478 584 475 685 474 689 476 696 480 697 480 698 481 737 481 737 480 738 480 739 480 744 475 753 479 754 479 755 479 865 478 866 478 887 473 889 472 894 472 928 476 929 476 930 476 942 471 942 462 941 444 899 438 898 438 823 439 823 439 809 444 807 445 792 445 690 440 689 440 688 440 687 440 679 445 677 447 672 445 659 442 658 442 658 442 620 446 602 448 599 446 593 442 592 442 592 442 569 442 568 442 567 442 558 446 552 448 547 446 537 443 536 443 489 443 488 443 487 443 476 447 468 450 419 450 413 447 408 444 407 444 407 444 390 447 374 450 359 448 360 469"/>
                        </Shape>
                        <String CONTENT=""/>
                    </TextLine>

                    <TextLine ID="line_13" HPOS="359" VPOS="471" WIDTH="584" HEIGHT="45" BASELINE="360 501 943 497" TAGREFS="TYPE_1">
                        <Shape>
                            <Polygon POINTS="360 501 360 510 371 516 372 516 373 516 374 516 388 512 422 515 423 515 423 515 436 510 485 515 485 515 486 515 498 510 500 510 518 510 605 514 606 514 635 510 655 508 717 508 721 511 724 513 724 514 724 514 725 514 726 514 745 511 766 508 773 511 778 513 779 513 780 513 790 511 805 508 872 511 891 512 892 512 893 512 894 511 908 506 942 511 943 497 942 471 866 471 865 471 864 471 863 472 851 478 820 476 819 476 818 476 818 476 812 481 644 481 635 475 633 473 633 473 632 473 576 473 576 473 575 473 574 473 572 476 564 482 547 482 484 481 480 477 477 474 476 474 475 474 474 474 473 474 467 477 455 483 427 483 422 477 419 475 418 475 417 475 416 475 415 475 406 478 395 481 389 478 382 475 381 475 380 475 359 478 360 501"/>
                        </Shape>
                        <String CONTENT=""/>
                    </TextLine>

                    <TextLine ID="line_14" HPOS="358" VPOS="505" WIDTH="584" HEIGHT="42" BASELINE="358 534 942 529" TAGREFS="TYPE_1">
                        <Shape>
                            <Polygon POINTS="358 534 358 541 386 547 386 547 447 547 447 547 448 547 460 542 461 541 473 542 534 546 534 546 535 546 548 542 553 540 600 540 602 542 606 545 607 545 608 545 609 545 635 542 654 539 701 539 706 542 710 544 711 544 711 544 712 544 732 542 752 539 756 542 757 543 758 543 759 543 760 543 761 543 764 542 769 538 776 542 777 543 778 543 779 543 806 542 919 538 941 542 942 529 940 510 910 505 909 505 909 505 897 510 894 510 889 510 867 505 866 505 865 505 864 505 864 505 859 510 858 510 851 510 812 505 811 505 810 505 810 505 810 506 805 510 803 512 732 512 728 510 714 506 713 506 712 506 711 506 701 511 699 512 698 511 693 507 693 506 692 506 691 506 648 506 647 506 646 506 646 506 639 510 616 507 615 507 614 507 604 511 600 513 579 512 521 508 520 508 519 508 511 512 509 514 505 512 495 509 494 509 493 509 470 513 462 514 460 513 455 508 454 508 453 508 452 508 452 508 441 513 437 514 425 513 399 509 398 509 358 513 358 534"/>
                        </Shape>
                        <String CONTENT=""/>
                    </TextLine>

                    <TextLine ID="line_15" HPOS="362" VPOS="535" WIDTH="580" HEIGHT="45" BASELINE="362 567 942 561" TAGREFS="TYPE_1">
                        <Shape>
                            <Polygon POINTS="362 567 362 575 506 580 506 580 507 580 523 575 555 579 556 579 557 579 580 572 582 572 584 572 595 578 596 578 596 579 625 579 625 578 625 578 626 578 633 572 633 571 654 571 699 571 700 571 707 576 708 576 709 576 710 576 742 571 745 571 748 571 787 576 788 576 789 576 798 571 914 575 915 575 916 575 917 575 917 574 923 569 942 569 942 561 942 543 925 535 925 535 880 535 880 535 879 535 878 535 867 543 827 539 826 539 792 544 769 537 769 537 768 537 767 537 748 544 699 538 699 538 698 538 697 538 688 546 617 546 596 538 595 538 594 538 593 538 578 547 543 539 543 539 542 539 523 546 489 540 488 540 456 546 402 541 401 541 362 549 362 567"/>
                        </Shape>
                        <String CONTENT=""/>
                    </TextLine>

                    <TextLine ID="line_16" HPOS="361" VPOS="568" WIDTH="584" HEIGHT="44" BASELINE="362 600 945 593" TAGREFS="TYPE_1">
                        <Shape>
                            <Polygon POINTS="362 600 362 607 433 612 434 612 435 612 444 608 472 612 473 612 473 612 474 612 481 606 504 612 505 612 506 612 506 612 530 605 531 605 532 605 547 611 547 611 548 612 579 612 579 611 637 604 638 604 639 604 662 609 662 610 708 610 708 609 709 609 729 604 786 608 786 608 787 608 788 608 796 603 835 607 835 607 944 600 945 593 943 575 909 575 892 568 891 568 890 568 889 568 868 575 860 569 860 569 859 569 858 569 857 569 840 575 802 575 790 570 789 570 788 570 787 570 772 575 726 570 725 570 662 576 654 571 654 571 653 571 652 571 651 571 635 575 626 571 625 571 625 571 624 571 623 571 614 577 564 572 563 572 563 572 551 578 537 572 536 572 535 572 534 572 534 572 526 578 481 573 480 573 448 579 437 573 436 573 436 573 395 580 370 575 369 575 368 575 367 575 361 579 362 600"/>
                        </Shape>
                        <String CONTENT=""/>
                    </TextLine>

                    <TextLine ID="line_17" HPOS="360" VPOS="601" WIDTH="585" HEIGHT="43" BASELINE="361 633 945 626" TAGREFS="TYPE_1">
                        <Shape>
                            <Polygon POINTS="361 633 361 644 945 638 945 626 942 603 900 607 885 603 880 601 879 601 878 601 877 601 873 603 863 608 852 603 850 602 849 602 848 602 847 602 845 603 835 608 791 608 786 604 786 603 785 603 784 603 744 603 744 603 743 603 739 604 720 609 694 606 693 606 649 610 635 605 634 605 633 605 633 605 617 610 607 604 606 604 605 604 604 604 600 604 577 608 554 605 552 605 551 605 551 605 537 611 504 606 503 606 502 606 484 612 440 606 439 606 438 606 437 606 436 606 426 612 360 607 361 633"/>
                        </Shape>
                        <String CONTENT=""/>
                    </TextLine>

                    <TextLine ID="line_18" HPOS="361" VPOS="633" WIDTH="582" HEIGHT="46" BASELINE="362 665 943 658" TAGREFS="TYPE_1">
                        <Shape>
                            <Polygon POINTS="362 665 362 679 390 674 400 678 402 679 403 679 403 679 409 678 427 675 447 678 455 678 456 678 456 678 460 678 470 674 478 677 481 678 482 678 483 678 484 678 489 677 502 672 536 676 549 677 550 677 551 677 551 677 553 675 559 672 573 675 576 675 577 675 581 674 600 671 621 674 640 676 641 676 662 673 684 670 693 672 703 675 703 675 704 675 749 671 775 669 802 670 877 674 878 674 879 674 894 668 913 673 914 673 915 673 943 666 943 658 941 640 866 640 865 640 856 633 855 633 855 633 840 633 839 633 839 633 823 640 815 633 814 633 814 633 813 633 812 633 798 641 796 641 751 634 750 634 749 634 748 634 739 641 738 641 737 641 728 637 728 637 727 637 726 637 725 637 721 641 720 642 659 642 658 641 653 637 653 637 652 637 651 637 621 636 620 636 554 637 553 637 552 637 543 643 542 643 541 643 526 637 526 637 490 637 489 637 465 643 460 645 458 643 455 641 454 641 453 641 452 641 361 644 362 665"/>
                        </Shape>
                        <String CONTENT=""/>
                    </TextLine>

                    <TextLine ID="line_19" HPOS="361" VPOS="668" WIDTH="581" HEIGHT="41" BASELINE="362 696 942 690" TAGREFS="TYPE_1">
                        <Shape>
                            <Polygon POINTS="362 696 362 708 480 709 481 709 481 709 492 707 497 705 500 707 504 709 505 709 506 709 506 709 522 706 532 704 539 706 547 708 548 708 549 708 550 708 551 708 555 705 559 703 563 705 572 708 573 708 574 708 599 705 614 703 629 704 645 706 646 706 646 706 647 706 650 704 653 702 701 702 705 703 716 707 717 707 718 707 739 703 747 700 813 700 832 701 904 704 905 704 942 699 942 690 940 672 806 672 798 668 797 668 796 668 795 668 785 674 699 674 691 668 690 668 689 668 659 668 658 668 658 668 657 668 647 674 583 669 582 669 531 675 524 670 523 670 522 670 506 670 506 670 505 670 486 676 433 672 432 672 407 677 399 672 399 672 398 672 397 672 361 678 362 696"/>
                        </Shape>
                        <String CONTENT=""/>
                    </TextLine>

                    <TextLine ID="line_20" HPOS="359" VPOS="698" WIDTH="585" HEIGHT="42" BASELINE="360 730 944 724" TAGREFS="TYPE_1">
                        <Shape>
                            <Polygon POINTS="360 730 360 740 943 736 944 724 942 703 906 698 905 698 905 698 904 698 904 699 898 703 897 704 841 704 839 703 823 699 823 699 822 699 821 699 820 699 814 703 812 704 803 703 767 699 766 699 765 699 765 699 759 703 757 706 740 706 737 703 732 699 731 699 730 699 729 699 674 700 673 700 672 700 667 703 665 706 662 703 654 700 654 700 653 700 622 704 600 707 580 704 559 701 558 701 557 701 547 704 543 705 542 704 537 701 536 701 535 701 534 701 478 702 477 702 470 704 460 707 444 704 432 703 432 703 421 704 402 708 359 705 360 730"/>
                        </Shape>
                        <String CONTENT=""/>
                    </TextLine>

                    <TextLine ID="line_21" HPOS="359" VPOS="730" WIDTH="586" HEIGHT="44" BASELINE="360 761 945 755" TAGREFS="TYPE_1">
                        <Shape>
                            <Polygon POINTS="360 761 360 769 430 774 431 774 432 774 432 774 437 769 440 769 478 769 485 769 505 773 506 773 533 769 546 768 554 769 567 773 567 773 568 773 569 773 582 769 590 768 606 769 629 772 629 772 630 772 631 772 633 769 637 766 662 766 670 769 675 771 676 771 677 771 695 769 728 765 733 769 734 770 735 770 736 770 736 771 783 771 783 770 784 770 787 769 801 765 843 769 851 769 851 769 855 769 878 764 925 764 942 769 945 755 944 737 925 730 925 730 924 730 869 738 795 738 786 734 786 734 785 734 724 739 687 732 687 732 686 732 670 738 664 732 663 732 662 732 662 732 613 733 612 733 601 738 564 734 563 734 563 734 562 734 551 741 538 741 530 734 529 734 528 734 527 734 486 736 485 736 485 736 477 740 432 735 432 735 359 743 360 761"/>
                        </Shape>
                        <String CONTENT=""/>
                    </TextLine>

                    <TextLine ID="line_22" HPOS="359" VPOS="763" WIDTH="586" HEIGHT="42" BASELINE="360 793 945 788" TAGREFS="TYPE_1">
                        <Shape>
                            <Polygon POINTS="360 793 360 805 945 799 945 788 944 769 934 763 934 763 933 763 878 763 877 763 876 763 858 769 832 764 831 764 798 770 788 766 787 766 786 766 786 766 774 770 698 767 697 767 696 767 685 772 610 765 609 765 585 770 534 766 533 766 532 766 531 766 531 767 524 773 505 769 504 769 503 769 493 774 359 775 360 793"/>
                        </Shape>
                        <String CONTENT=""/>
                    </TextLine>

                    <TextLine ID="line_23" HPOS="366" VPOS="795" WIDTH="577" HEIGHT="44" BASELINE="367 826 943 821" TAGREFS="TYPE_1">
                        <Shape>
                            <Polygon POINTS="367 826 367 835 408 839 409 839 410 839 427 835 517 839 518 839 587 834 609 838 609 838 648 833 683 837 684 837 685 837 697 832 717 836 718 837 765 837 765 836 766 836 767 836 773 832 843 835 844 835 845 835 846 835 851 831 931 835 932 835 933 835 943 829 943 821 942 800 900 795 899 795 898 795 897 795 890 800 889 800 888 800 876 795 876 795 875 795 847 800 839 801 773 800 641 798 640 798 639 798 638 798 635 800 631 802 592 800 573 799 572 799 554 800 496 804 490 800 489 800 489 800 488 800 485 800 465 804 456 800 454 799 453 799 452 799 452 799 451 799 449 800 444 803 413 800 406 800 405 800 404 800 403 800 395 805 390 800 389 800 388 800 387 800 366 800 367 826"/>
                        </Shape>
                        <String CONTENT=""/>
                    </TextLine>

                    <TextLine ID="line_24" HPOS="360" VPOS="827" WIDTH="582" HEIGHT="47" BASELINE="361 859 942 853" TAGREFS="TYPE_1">
                        <Shape>
                            <Polygon POINTS="361 859 361 874 400 874 400 873 401 873 402 872 413 867 436 872 442 873 443 873 450 872 473 867 506 867 518 871 524 872 525 872 526 872 559 870 611 865 640 868 659 870 660 870 761 866 765 866 773 870 773 870 774 870 804 865 805 865 806 865 842 869 843 869 843 869 855 863 859 863 916 863 917 863 921 867 922 867 923 867 924 867 925 867 942 862 942 853 940 834 902 834 902 833 888 827 888 827 887 827 851 828 851 828 850 828 843 833 842 835 789 835 787 833 779 828 778 828 777 828 777 828 776 828 775 828 768 833 765 835 755 833 738 830 737 830 725 833 719 835 717 833 712 829 711 829 711 829 710 829 678 833 674 833 671 833 633 830 633 830 632 830 631 830 627 833 623 835 618 833 613 830 612 830 563 830 562 830 561 830 560 830 558 833 552 836 522 833 507 831 506 831 506 831 502 833 494 838 443 838 360 833 361 859"/>
                        </Shape>
                        <String CONTENT=""/>
                    </TextLine>

                    <TextLine ID="line_25" HPOS="358" VPOS="859" WIDTH="584" HEIGHT="45" BASELINE="359 891 942 885" TAGREFS="TYPE_1">
                        <Shape>
                            <Polygon POINTS="359 891 359 904 552 899 609 900 681 901 682 901 683 901 691 899 696 897 738 898 843 900 844 900 845 900 856 896 858 896 864 896 921 899 921 899 942 894 942 885 939 859 896 865 876 860 873 860 872 860 872 860 871 860 863 867 819 867 741 863 707 862 706 862 684 863 683 863 683 863 680 865 675 869 669 865 666 863 665 863 619 863 618 863 617 863 608 867 598 871 511 871 506 868 495 864 494 864 493 864 493 864 481 869 477 872 435 872 431 870 417 865 416 865 415 865 415 865 399 871 397 872 358 872 359 891"/>
                        </Shape>
                        <String CONTENT=""/>
                    </TextLine>

                    <TextLine ID="line_26" HPOS="359" VPOS="893" WIDTH="582" HEIGHT="42" BASELINE="360 922 941 918" TAGREFS="TYPE_1">
                        <Shape>
                            <Polygon POINTS="360 922 360 932 501 935 502 935 533 931 539 930 546 930 590 935 591 935 613 930 617 929 627 930 683 934 683 934 706 929 710 929 761 929 763 929 770 933 771 933 772 933 773 933 796 929 924 933 925 933 925 933 941 927 941 918 939 900 896 899 884 893 884 893 883 893 790 900 723 894 722 894 682 895 681 895 661 901 630 896 629 896 629 896 616 902 585 903 514 903 507 897 506 897 506 897 505 897 484 901 461 896 460 896 460 896 459 896 449 904 433 904 422 896 421 896 420 896 384 896 383 896 382 896 359 904 360 922"/>
                        </Shape>
                        <String CONTENT=""/>
                    </TextLine>

                    <TextLine ID="line_27" HPOS="360" VPOS="927" WIDTH="583" HEIGHT="40" BASELINE="361 954 943 951" TAGREFS="TYPE_1">
                        <Shape>
                            <Polygon POINTS="361 954 361 962 395 967 395 967 396 967 405 962 407 962 460 962 462 962 503 967 504 967 505 967 514 963 638 966 639 966 666 961 669 961 679 961 757 966 758 966 759 966 760 966 766 961 796 966 797 966 942 959 943 951 941 927 908 931 900 927 899 927 898 927 897 927 897 927 896 927 889 932 872 927 870 927 869 927 868 927 855 928 793 932 773 929 768 928 767 928 760 929 724 934 703 929 698 928 697 928 696 928 695 928 691 929 678 936 650 937 583 937 572 931 568 929 567 929 567 929 566 929 562 931 551 937 471 937 462 932 458 929 457 929 456 929 456 929 441 932 419 937 409 933 403 929 402 929 401 929 360 933 361 954"/>
                        </Shape>
                        <String CONTENT=""/>
                    </TextLine>

                    <TextLine ID="line_28" HPOS="358" VPOS="958" WIDTH="588" HEIGHT="42" BASELINE="359 987 946 983" TAGREFS="TYPE_1">
                        <Shape>
                            <Polygon POINTS="359 987 359 995 496 995 530 1000 530 1000 531 1000 554 995 565 1000 566 1000 567 1000 635 995 687 999 688 999 689 999 690 999 695 994 748 993 759 998 760 998 819 999 820 999 821 999 843 992 868 998 869 999 917 999 917 998 946 991 946 983 944 964 863 958 862 958 861 958 860 958 851 964 848 964 827 964 827 964 814 958 814 958 813 958 782 964 780 964 773 958 772 958 771 958 743 958 742 958 717 963 688 959 687 959 687 959 674 964 671 965 669 964 657 959 656 959 655 959 654 959 640 964 637 965 629 964 593 959 592 959 552 964 538 966 460 966 457 964 453 961 452 961 452 961 451 961 435 964 428 966 425 964 417 961 416 961 415 961 358 964 359 987"/>
                        </Shape>
                        <String CONTENT=""/>
                    </TextLine>

                    <TextLine ID="line_29" HPOS="359" VPOS="992" WIDTH="586" HEIGHT="41" BASELINE="360 1019 945 1016" TAGREFS="TYPE_1">
                        <Shape>
                            <Polygon POINTS="360 1019 360 1028 383 1033 384 1033 385 1033 395 1028 398 1028 403 1028 424 1033 425 1033 426 1033 438 1028 440 1028 444 1028 469 1033 469 1033 470 1033 471 1033 477 1029 496 1032 497 1032 536 1028 544 1027 547 1028 558 1032 559 1032 559 1032 560 1032 576 1028 578 1027 584 1027 629 1032 629 1032 630 1032 631 1032 638 1028 731 1030 732 1030 732 1030 744 1026 745 1026 748 1026 781 1031 781 1031 812 1026 815 1025 816 1025 822 1030 822 1031 823 1031 823 1031 824 1031 871 1026 918 1031 919 1031 944 1024 945 1016 944 999 923 992 922 992 921 992 879 999 868 992 868 992 867 992 821 992 820 992 819 992 818 992 810 999 740 993 739 993 738 993 737 993 728 1000 659 1000 644 994 643 994 642 994 641 994 641 994 629 1001 572 1001 531 994 530 994 530 994 504 1001 460 995 459 995 458 995 457 995 448 1002 359 1002 360 1019"/>
                        </Shape>
                        <String CONTENT=""/>
                    </TextLine>

                    <TextLine ID="line_30" HPOS="358" VPOS="1022" WIDTH="587" HEIGHT="44" BASELINE="358 1053 945 1048" TAGREFS="TYPE_1">
                        <Shape>
                            <Polygon POINTS="358 1053 358 1066 444 1060 511 1060 521 1064 522 1064 522 1064 523 1064 524 1064 524 1063 529 1059 580 1059 625 1064 626 1064 627 1064 628 1064 650 1058 685 1064 689 1064 690 1064 691 1064 691 1064 704 1057 748 1063 753 1063 753 1063 794 1062 795 1062 796 1062 801 1058 826 1061 827 1061 827 1061 828 1061 833 1057 855 1062 859 1062 860 1062 860 1062 862 1061 876 1057 944 1061 945 1048 944 1028 931 1023 930 1023 930 1023 929 1023 913 1028 900 1022 899 1022 898 1022 871 1026 861 1022 860 1022 860 1022 859 1022 858 1022 848 1029 847 1030 770 1030 769 1030 752 1024 751 1024 750 1024 698 1028 691 1024 690 1024 689 1024 688 1024 650 1024 649 1024 637 1031 626 1028 625 1028 625 1028 606 1032 604 1032 602 1032 585 1026 584 1026 584 1026 583 1026 563 1032 562 1032 537 1032 524 1032 493 1026 436 1026 436 1026 435 1026 434 1026 423 1033 421 1033 395 1027 395 1027 358 1033 358 1053"/>
                        </Shape>
                        <String CONTENT=""/>
                    </TextLine>

                    <TextLine ID="line_31" HPOS="358" VPOS="1055" WIDTH="586" HEIGHT="44" BASELINE="359 1085 944 1080" TAGREFS="TYPE_1">
                        <Shape>
                            <Polygon POINTS="359 1085 359 1093 425 1099 426 1099 454 1094 464 1092 481 1094 522 1098 523 1098 544 1094 554 1092 560 1094 572 1098 572 1098 573 1098 620 1098 620 1098 635 1094 653 1090 696 1094 714 1096 715 1096 721 1094 739 1090 748 1094 750 1096 751 1096 752 1096 753 1096 755 1095 765 1090 798 1090 831 1095 839 1096 840 1096 847 1095 890 1089 942 1095 944 1080 942 1062 864 1055 863 1055 862 1055 844 1062 819 1056 818 1056 818 1056 790 1061 781 1056 781 1056 780 1056 754 1056 753 1056 753 1056 752 1056 742 1062 717 1057 716 1057 716 1057 715 1057 705 1063 704 1064 584 1064 583 1064 576 1057 575 1057 574 1057 554 1057 553 1057 509 1065 504 1065 500 1065 456 1058 456 1058 455 1058 436 1065 432 1065 427 1065 399 1059 399 1059 358 1065 359 1085"/>
                        </Shape>
                        <String CONTENT=""/>
                    </TextLine>

                    <TextLine ID="line_32" HPOS="359" VPOS="1090" WIDTH="586" HEIGHT="41" BASELINE="360 1117 945 1113" TAGREFS="TYPE_1">
                        <Shape>
                            <Polygon POINTS="360 1117 360 1125 409 1125 410 1125 419 1131 419 1131 420 1131 421 1131 479 1124 485 1124 489 1124 513 1130 514 1131 590 1131 590 1130 617 1123 620 1123 629 1123 713 1127 714 1127 715 1127 727 1123 728 1123 794 1123 795 1123 816 1128 817 1128 818 1128 818 1128 819 1128 828 1122 829 1122 832 1122 869 1127 870 1128 921 1128 921 1127 922 1127 945 1121 945 1113 943 1096 911 1091 910 1091 909 1091 909 1091 904 1095 903 1096 899 1095 880 1092 880 1092 879 1092 868 1095 862 1090 861 1090 860 1090 840 1090 839 1090 839 1090 838 1090 831 1095 829 1097 814 1097 809 1095 797 1090 796 1090 772 1090 771 1090 770 1090 761 1095 757 1097 729 1094 711 1094 711 1094 700 1094 675 1098 652 1094 629 1091 628 1091 627 1091 626 1091 622 1094 619 1097 603 1094 597 1094 596 1094 596 1094 595 1094 595 1094 589 1098 555 1094 536 1092 535 1092 534 1092 530 1094 521 1098 495 1094 492 1094 491 1094 489 1094 463 1100 394 1100 385 1094 385 1093 384 1093 383 1093 382 1093 359 1093 360 1117"/>
                        </Shape>
                        <String CONTENT=""/>
                    </TextLine>

                    <TextLine ID="line_33" HPOS="356" VPOS="1122" WIDTH="589" HEIGHT="41" BASELINE="357 1149 945 1145" TAGREFS="TYPE_1">
                        <Shape>
                            <Polygon POINTS="357 1149 357 1158 395 1157 407 1159 436 1163 436 1163 437 1163 446 1158 449 1157 475 1157 483 1158 514 1162 514 1162 534 1157 540 1156 547 1157 574 1162 575 1162 603 1157 612 1155 644 1155 646 1156 654 1160 655 1160 656 1160 681 1156 684 1155 685 1156 691 1161 692 1161 693 1161 694 1162 709 1162 709 1161 710 1161 721 1155 722 1155 724 1155 744 1160 744 1160 771 1155 775 1155 777 1155 789 1160 790 1160 790 1161 820 1161 820 1160 888 1155 905 1160 906 1160 907 1160 908 1160 909 1160 916 1154 944 1153 945 1145 943 1127 913 1123 913 1123 887 1127 886 1127 885 1127 865 1122 864 1122 864 1122 863 1122 852 1127 851 1128 741 1128 734 1123 733 1123 732 1123 716 1123 716 1123 715 1123 714 1123 704 1129 703 1129 700 1129 656 1123 655 1123 654 1123 633 1129 615 1123 614 1123 613 1123 613 1123 596 1129 582 1124 581 1124 580 1124 561 1128 539 1124 539 1124 538 1124 523 1130 522 1130 366 1125 366 1125 365 1125 356 1129 357 1149"/>
                        </Shape>
                        <String CONTENT=""/>
                    </TextLine>

                    <TextLine ID="line_34" HPOS="358" VPOS="1152" WIDTH="587" HEIGHT="63" BASELINE="358 1182 945 1178" TAGREFS="TYPE_1">
                        <Shape>
                            <Polygon POINTS="358 1182 358 1214 416 1209 426 1213 431 1215 432 1215 432 1215 526 1214 551 1209 582 1201 604 1205 605 1205 606 1205 621 1200 634 1205 649 1212 650 1212 650 1212 651 1212 671 1205 687 1199 700 1203 715 1208 716 1208 716 1208 773 1203 811 1213 812 1213 813 1213 814 1213 814 1213 832 1198 838 1195 945 1195 945 1178 943 1160 902 1155 901 1155 901 1155 893 1160 884 1152 883 1152 882 1152 864 1152 864 1152 863 1152 862 1152 850 1160 846 1160 824 1161 762 1161 761 1160 751 1153 750 1153 749 1153 718 1153 717 1153 716 1153 702 1160 699 1162 671 1162 670 1160 662 1154 662 1154 661 1154 660 1154 634 1159 620 1154 619 1154 618 1154 582 1155 581 1155 564 1160 559 1162 556 1160 544 1155 543 1155 521 1155 520 1155 519 1155 518 1155 509 1160 507 1162 491 1162 489 1160 481 1155 480 1155 479 1155 478 1155 477 1155 460 1160 446 1156 445 1156 444 1156 444 1156 432 1160 427 1163 422 1160 410 1155 409 1155 382 1155 382 1155 381 1155 380 1155 374 1161 371 1163 358 1161 358 1182"/>
                        </Shape>
                        <String CONTENT=""/>
                    </TextLine>
</TextBlock>
                <TextBlock ID="block_2" HPOS="848" VPOS="1189" WIDTH="98" HEIGHT="33" TAGREFS="TYPE_26">
                    <Shape>
                        <Polygon POINTS="848.3324584960938 1189.64990234375 946.295166015625 1189.64990234375 946.295166015625 1222.1317138671875 848.3324584960938 1222.1317138671875 848.3324584960938 1189.64990234375"/>
                    </Shape>
                    <TextLine ID="line_35" HPOS="846" VPOS="1188" WIDTH="99" HEIGHT="57" BASELINE="847 1212 945 1210" TAGREFS="TYPE_1">
                        <Shape>
                            <Polygon POINTS="847 1212 847 1237 864 1244 865 1244 866 1245 891 1245 891 1244 892 1244 893 1244 893 1243 896 1240 900 1236 944 1242 945 1210 942 1193 891 1193 870 1188 869 1188 868 1188 868 1188 846 1194 847 1212"/>
                        </Shape>
                        <String CONTENT=""/>
                    </TextLine>
</TextBlock>
            </PrintSpace>
        </Page>
    </Layout>
</alto>