<?xml version="1.0" encoding="UTF-8"?>
<alto xmlns:xsi="http://www.w3.org/2001/XMLSchema-instance"
    xmlns="http://www.loc.gov/standards/alto/ns-v4#"
    xsi:schemaLocation="http://www.loc.gov/standards/alto/ns-v4# http://www.loc.gov/standards/alto/v4/alto-4-3.xsd">
    <Description>
        <MeasurementUnit>pixel</MeasurementUnit>
        <sourceImageInformation>
            <fileName>2013016.jpeg</fileName>
        </sourceImageInformation>
        <Processing ID="OCR_0">
            <processingCategory>other</processingCategory>
            <processingStepDescription>unknown</processingStepDescription>
            <processingSoftware>
                <softwareName>kraken</softwareName>
                <softwareVersion>4.3.13</softwareVersion>
            </processingSoftware>
        </Processing>
    </Description>
    <Tags>
        <OtherTag ID="TYPE_1" LABEL="DefaultLine"/>
        <OtherTag ID="TYPE_2" LABEL="MarginTextZone-ManuscriptAddendum"/>
        <OtherTag ID="TYPE_3" LABEL="TitlePageZone"/>
        <OtherTag ID="TYPE_4" LABEL="StampZone-Sticker"/>
        <OtherTag ID="TYPE_5" LABEL="StampZone"/>
        <OtherTag ID="TYPE_6" LABEL="MainZone-Entry-Continued"/>
        <OtherTag ID="TYPE_7" LABEL="GraphicZone-Maths"/>
        <OtherTag ID="TYPE_8" LABEL="FigureZone"/>
        <OtherTag ID="TYPE_9" LABEL="MainZone-Signature"/>
        <OtherTag ID="TYPE_10" LABEL="MainZone-P-Continued"/>
        <OtherTag ID="TYPE_11" LABEL="GraphicZone-Decoration"/>
        <OtherTag ID="TYPE_12" LABEL="MainZone-Date"/>
        <OtherTag ID="TYPE_13" LABEL="MainZone-Other"/>
        <OtherTag ID="TYPE_14" LABEL="TableZone-Continued"/>
        <OtherTag ID="TYPE_15" LABEL="MarginTextZone-Notes-Continued"/>
        <OtherTag ID="TYPE_16" LABEL="FigureZone-FigDesc"/>
        <OtherTag ID="TYPE_17" LABEL="MarginTextZone-Notes"/>
        <OtherTag ID="TYPE_18" LABEL="DropCapitalZone"/>
        <OtherTag ID="TYPE_19" LABEL="GraphicZone"/>
        <OtherTag ID="TYPE_20" LABEL="RunningTitleZone"/>
        <OtherTag ID="TYPE_21" LABEL="GraphicZone-FigDesc"/>
        <OtherTag ID="TYPE_22" LABEL="MainZone-Lg"/>
        <OtherTag ID="TYPE_23" LABEL="FigureZone-Head"/>
        <OtherTag ID="TYPE_24" LABEL="MainZone-P"/>
        <OtherTag ID="TYPE_25" LABEL="GraphicZone-Head"/>
        <OtherTag ID="TYPE_26" LABEL="QuireMarksZone"/>
        <OtherTag ID="TYPE_27" LABEL="MainZone-Sp"/>
        <OtherTag ID="TYPE_28" LABEL="MainZone-List"/>
        <OtherTag ID="TYPE_29" LABEL="GraphicZone-Part"/>
        <OtherTag ID="TYPE_30" LABEL="DigitizationArtefactZone"/>
        <OtherTag ID="TYPE_31" LABEL="MainZone-Entry"/>
        <OtherTag ID="TYPE_32" LABEL="TableZone-Head"/>
        <OtherTag ID="TYPE_33" LABEL="GraphicZone-TextualContent"/>
        <OtherTag ID="TYPE_34" LABEL="AdvertisementZone"/>
        <OtherTag ID="TYPE_35" LABEL="MainZone-List-Continued"/>
        <OtherTag ID="TYPE_36" LABEL="MainZone-Form"/>
        <OtherTag ID="TYPE_37" LABEL="MainZone-Head"/>
        <OtherTag ID="TYPE_38" LABEL="NumberingZone"/>
        <OtherTag ID="TYPE_39" LABEL="TitlePageZone-Index"/>
        <OtherTag ID="TYPE_40" LABEL="MainZone-Sp-Continued"/>
        <OtherTag ID="TYPE_41" LABEL="TableZone"/>
        <OtherTag ID="TYPE_42" LABEL="MainZone-Lg-Continued"/>
    </Tags>
    <Layout>
        <Page WIDTH="1000" HEIGHT="1448" PHYSICAL_IMG_NR="0" ID="page_0">
            <PrintSpace HPOS="0" VPOS="0" WIDTH="1000" HEIGHT="1448">
                <TextBlock ID="block_1" HPOS="460" VPOS="79" WIDTH="381" HEIGHT="36" TAGREFS="TYPE_20">
                    <Shape>
                        <Polygon POINTS="460.1797790527344 79.77592468261719 841.5078735351562 79.77592468261719 841.5078735351562 115.21257019042969 460.1797790527344 115.21257019042969 460.1797790527344 79.77592468261719"/>
                    </Shape>
                    <TextLine ID="line_0" HPOS="362" VPOS="85" WIDTH="477" HEIGHT="35" BASELINE="363 106 839 104" TAGREFS="TYPE_1">
                        <Shape>
                            <Polygon POINTS="757 103 748 99 740 99 732 99 724 99 716 99 708 99 700 99 692 99 684 99 676 99 668 99 660 99 652 99 644 99 636 99 628 99 620 99 612 99 604 99 596 99 588 99 580 99 572 99 563 99 555 99 547 99 539 99 531 99 523 99 515 99 507 99 499 99 491 99 483 99 475 99 467 99 459 99 451 99 443 99 435 99 427 99 419 99 411 99 403 99 395 99 386 99 378 99 370 99 362 99 363 106 363 120 410 119 411 119 411 119 423 111 504 119 510 119 511 119 512 119 513 119 513 119 522 111 568 118 569 118 570 118 571 118 576 114 607 118 608 118 609 118 625 112 671 118 677 118 678 118 679 118 680 117 695 111 714 117 719 119 720 119 720 119 721 119 727 117 747 111 792 116 812 119 813 119 839 115 839 104 838 85 763 85 762 85 761 85 761 85 759 86 757 87 757 103"/>
                        </Shape>
                        <String CONTENT=""/>
                    </TextLine>
</TextBlock>
                <TextBlock ID="block_0" HPOS="354" VPOS="123" WIDTH="586" HEIGHT="355" TAGREFS="TYPE_10">
                    <Shape>
                        <Polygon POINTS="354.2664794921875 123.29307556152344 940.9943237304688 123.29307556152344 940.9943237304688 478.3333435058594 354.2664794921875 478.3333435058594 354.2664794921875 123.29307556152344"/>
                    </Shape>
                    <TextLine ID="line_1" HPOS="355" VPOS="112" WIDTH="583" HEIGHT="48" BASELINE="356 147 938 143" TAGREFS="TYPE_1">
                        <Shape>
                            <Polygon POINTS="356 147 356 160 533 154 545 159 546 159 547 159 547 159 566 154 678 158 679 158 679 158 680 158 686 153 704 157 705 157 787 153 937 157 938 143 937 115 893 113 893 113 892 113 886 115 879 119 871 116 861 112 860 112 860 112 816 117 782 120 777 117 771 113 770 113 769 113 769 113 768 113 757 118 752 120 723 120 719 118 710 112 709 112 708 112 695 112 694 112 693 112 672 119 667 120 663 119 648 112 647 112 646 112 609 119 601 121 600 119 590 113 589 113 588 113 588 113 587 113 560 120 556 121 553 120 530 113 530 113 529 113 473 114 472 114 471 114 465 118 430 114 429 114 428 114 403 123 355 123 356 147"/>
                        </Shape>
                        <String CONTENT=""/>
                    </TextLine>

                    <TextLine ID="line_2" HPOS="354" VPOS="148" WIDTH="585" HEIGHT="44" BASELINE="355 179 939 176" TAGREFS="TYPE_1">
                        <Shape>
                            <Polygon POINTS="355 179 355 191 512 187 532 189 551 192 552 192 573 189 588 187 598 189 614 192 615 192 634 189 647 186 658 188 674 191 675 191 703 188 715 186 717 187 724 191 725 191 726 192 773 192 773 191 841 186 854 185 861 186 905 190 905 190 938 185 939 176 938 156 913 148 912 148 911 148 833 155 796 148 795 148 749 156 728 149 728 149 687 149 687 149 686 149 685 149 676 156 654 151 653 151 652 151 651 151 644 156 633 150 632 150 631 150 598 156 563 150 563 150 562 150 561 150 551 156 530 150 529 150 528 150 354 158 355 179"/>
                        </Shape>
                        <String CONTENT=""/>
                    </TextLine>

                    <TextLine ID="line_3" HPOS="354" VPOS="184" WIDTH="582" HEIGHT="40" BASELINE="355 210 936 208" TAGREFS="TYPE_1">
                        <Shape>
                            <Polygon POINTS="757 208 752 191 724 191 703 185 703 185 702 185 701 185 678 192 596 192 573 185 572 185 572 185 571 185 555 190 539 185 538 185 462 185 461 185 460 185 446 192 409 185 408 185 354 193 355 210 356 224 378 218 391 222 392 222 393 222 449 218 457 223 458 223 459 223 460 224 485 224 485 223 501 222 563 218 577 222 579 222 580 222 580 222 596 221 658 218 695 220 741 222 742 222 814 218 838 217 841 218 852 222 853 222 854 222 881 218 903 222 904 222 935 216 936 208 934 191 848 184 847 184 820 190 799 184 798 184 798 184 797 184 772 191 761 191 757 208"/>
                        </Shape>
                        <String CONTENT=""/>
                    </TextLine>

                    <TextLine ID="line_4" HPOS="356" VPOS="213" WIDTH="582" HEIGHT="44" BASELINE="357 242 938 240" TAGREFS="TYPE_1">
                        <Shape>
                            <Polygon POINTS="357 242 357 251 381 257 382 257 507 252 555 250 611 250 615 252 622 256 623 256 624 256 654 252 665 251 670 253 683 256 684 256 685 256 686 256 699 253 706 251 720 253 743 255 744 255 744 255 751 253 759 250 789 253 812 255 813 255 857 255 858 255 862 253 871 250 897 250 902 253 905 255 906 255 907 255 908 255 938 253 938 240 937 221 912 221 905 215 905 215 904 215 903 215 902 215 901 215 897 219 890 213 889 213 888 213 888 213 848 221 822 221 810 214 809 214 808 214 807 214 796 221 756 221 745 215 744 215 744 215 743 215 732 222 686 222 673 214 672 214 584 214 584 214 583 214 569 221 503 215 502 215 502 215 483 221 456 216 456 216 455 216 440 222 406 215 405 215 404 215 390 222 377 217 376 217 375 217 374 217 356 222 357 242"/>
                        </Shape>
                        <String CONTENT=""/>
                    </TextLine>

                    <TextLine ID="line_5" HPOS="353" VPOS="249" WIDTH="582" HEIGHT="40" BASELINE="354 275 935 271" TAGREFS="TYPE_1">
                        <Shape>
                            <Polygon POINTS="354 275 354 283 452 289 452 289 453 289 454 289 462 283 463 283 469 283 506 286 506 286 595 282 602 282 606 282 686 287 687 287 687 287 710 281 711 281 743 287 744 287 765 283 818 287 818 287 819 287 830 282 892 286 893 286 934 279 935 271 934 254 909 249 909 249 908 249 907 249 901 253 899 255 802 255 797 253 790 249 790 249 789 249 763 249 762 249 761 249 761 249 757 253 755 254 749 253 732 249 731 249 730 249 729 249 724 252 719 255 691 252 666 250 666 250 665 250 664 250 662 252 656 256 630 252 623 251 622 251 621 251 619 252 609 257 529 257 518 253 517 253 516 253 487 257 465 251 465 251 464 251 421 251 420 251 419 251 403 257 353 251 354 275"/>
                        </Shape>
                        <String CONTENT=""/>
                    </TextLine>

                    <TextLine ID="line_6" HPOS="355" VPOS="281" WIDTH="583" HEIGHT="42" BASELINE="356 308 938 304" TAGREFS="TYPE_1">
                        <Shape>
                            <Polygon POINTS="356 308 357 323 377 315 450 315 458 322 459 322 460 322 460 322 461 322 502 314 567 314 584 321 584 321 585 321 586 321 647 314 703 320 703 320 704 320 706 320 839 312 885 320 888 320 888 320 938 319 938 304 936 286 901 281 900 281 879 286 876 287 873 286 859 281 858 281 857 281 856 281 844 286 843 287 818 287 816 287 797 281 796 281 795 281 735 287 729 287 727 287 707 282 706 282 705 282 670 287 670 287 647 282 646 282 646 282 617 288 615 289 553 289 536 289 529 283 528 283 527 283 526 283 475 289 474 289 473 289 439 285 438 285 437 285 436 285 431 289 396 283 395 283 355 290 356 308"/>
                        </Shape>
                        <String CONTENT=""/>
                    </TextLine>

                    <TextLine ID="line_7" HPOS="353" VPOS="313" WIDTH="583" HEIGHT="40" BASELINE="354 340 936 337" TAGREFS="TYPE_1">
                        <Shape>
                            <Polygon POINTS="354 340 354 347 385 352 386 352 386 352 398 347 399 347 404 347 460 351 461 351 519 346 526 346 528 346 550 353 551 353 551 353 621 353 621 353 622 353 623 353 631 348 643 353 644 353 645 353 646 353 666 346 764 346 787 352 788 352 789 352 790 352 797 347 886 351 887 351 935 344 936 337 934 320 790 313 790 313 789 313 775 320 773 320 725 314 724 314 724 314 723 314 714 320 669 317 668 317 587 321 578 321 577 321 564 315 563 315 537 315 536 315 535 315 534 315 526 321 522 317 521 317 520 317 519 317 485 321 485 321 472 316 471 316 447 316 446 316 445 316 444 316 436 321 369 316 368 316 367 316 353 320 354 340"/>
                        </Shape>
                        <String CONTENT=""/>
                    </TextLine>

                    <TextLine ID="line_8" HPOS="355" VPOS="345" WIDTH="582" HEIGHT="39" BASELINE="356 372 937 369" TAGREFS="TYPE_1">
                        <Shape>
                            <Polygon POINTS="356 372 356 384 390 380 513 384 533 384 534 384 534 384 535 384 546 379 613 383 629 384 629 384 635 383 658 378 703 383 709 383 710 383 720 383 783 378 814 382 815 382 816 382 818 382 838 378 850 382 851 382 851 382 852 382 853 382 854 382 872 378 935 382 937 369 934 349 908 351 902 349 890 345 889 345 888 345 888 345 887 345 881 349 878 352 854 352 847 349 834 345 833 345 832 345 806 349 790 352 781 349 777 348 776 348 775 348 753 349 719 352 713 349 704 345 703 345 661 345 660 345 659 345 650 349 646 351 638 349 624 346 623 346 622 346 621 346 617 349 613 353 605 349 597 346 596 346 596 346 595 346 587 349 580 353 572 349 569 349 568 349 567 349 559 349 534 353 525 349 514 346 514 346 513 346 512 346 498 349 482 353 435 353 432 349 429 347 428 347 427 347 427 347 411 349 398 352 355 350 356 372"/>
                        </Shape>
                        <String CONTENT=""/>
                    </TextLine>

                    <TextLine ID="line_9" HPOS="353" VPOS="379" WIDTH="580" HEIGHT="36" BASELINE="354 405 933 401" TAGREFS="TYPE_1">
                        <Shape>
                            <Polygon POINTS="724 383 716 383 707 383 700 383 695 386 695 386 657 386 657 386 649 383 643 383 635 383 629 383 625 386 581 383 579 383 571 383 563 383 558 383 529 386 515 383 514 383 506 383 498 383 493 383 478 386 409 383 402 383 394 383 386 383 378 383 370 383 367 383 353 387 354 405 354 415 932 412 933 401 931 385 856 380 855 380 814 385 813 385 787 379 786 379 786 379 785 379 776 386 740 386 728 383 724 383"/>
                        </Shape>
                        <String CONTENT=""/>
                    </TextLine>

                    <TextLine ID="line_10" HPOS="354" VPOS="411" WIDTH="582" HEIGHT="43" BASELINE="355 438 936 434" TAGREFS="TYPE_1">
                        <Shape>
                            <Polygon POINTS="355 438 355 446 419 446 439 453 440 453 440 453 441 453 452 448 458 453 458 454 459 454 460 454 460 454 488 452 489 452 489 452 502 445 536 445 568 453 569 453 570 453 571 453 584 448 589 452 590 452 591 452 592 452 621 448 702 452 703 452 773 452 825 443 892 448 893 448 936 441 936 434 934 416 879 416 875 416 844 411 843 411 843 411 842 411 834 416 833 416 832 416 820 411 819 411 818 411 794 416 789 418 748 418 746 416 740 411 740 411 739 411 738 411 709 416 697 419 606 419 602 416 595 412 594 412 593 412 552 416 529 419 508 416 479 413 478 413 454 416 443 418 354 417 355 438"/>
                        </Shape>
                        <String CONTENT=""/>
                    </TextLine>

                    <TextLine ID="line_11" HPOS="353" VPOS="443" WIDTH="56" HEIGHT="47" BASELINE="354 469 409 468" TAGREFS="TYPE_1">
                        <Shape>
                            <Polygon POINTS="354 489 380 490 381 490 382 490 382 490 382 489 390 482 393 479 408 479 409 468 407 448 392 443 391 443 390 443 390 443 378 446 366 450 353 444 354 469 354 489"/>
                        </Shape>
                        <String CONTENT=""/>
                    </TextLine>
</TextBlock>
                <TextBlock ID="block_2" HPOS="353" VPOS="476" WIDTH="586" HEIGHT="518" TAGREFS="TYPE_24">
                    <Shape>
                        <Polygon POINTS="353.69451904296875 476.250732421875 939.177490234375 476.250732421875 939.177490234375 994.349609375 353.69451904296875 994.349609375 353.69451904296875 476.250732421875"/>
                    </Shape>
                    <TextLine ID="line_12" HPOS="386" VPOS="473" WIDTH="549" HEIGHT="42" BASELINE="386 501 935 499" TAGREFS="TYPE_1">
                        <Shape>
                            <Polygon POINTS="386 501 386 510 568 515 569 515 570 515 585 510 631 514 632 514 633 514 649 510 650 510 650 510 661 514 662 514 662 514 738 510 750 514 751 514 752 514 934 508 935 499 934 480 891 480 876 473 876 473 875 473 792 479 770 473 769 473 769 473 768 473 767 473 760 478 753 473 753 473 752 473 751 473 750 473 727 480 727 481 716 481 716 480 709 474 709 473 708 473 707 473 707 473 706 473 689 481 638 481 618 473 617 473 617 473 616 473 615 473 607 481 561 481 531 481 530 481 518 474 518 474 489 474 489 474 488 474 487 474 482 478 477 474 477 474 476 474 475 474 447 478 431 475 430 475 429 475 428 475 423 479 391 474 390 474 390 474 389 474 389 475 388 475 386 477 386 501"/>
                        </Shape>
                        <String CONTENT=""/>
                    </TextLine>

                    <TextLine ID="line_13" HPOS="353" VPOS="507" WIDTH="583" HEIGHT="42" BASELINE="353 533 936 531" TAGREFS="TYPE_1">
                        <Shape>
                            <Polygon POINTS="353 533 353 549 374 548 374 548 375 548 382 543 411 543 420 548 421 548 422 548 423 548 435 548 452 547 452 547 453 547 460 543 561 543 568 547 570 547 571 547 572 547 572 547 580 547 596 543 614 546 633 548 634 548 635 548 643 545 652 542 658 545 663 547 664 547 665 547 681 545 699 542 710 544 721 547 722 547 723 547 724 547 732 544 737 542 745 544 759 547 760 547 761 547 790 543 792 543 794 543 851 547 851 547 852 547 867 542 869 542 874 542 915 547 916 547 917 547 936 541 936 531 934 514 894 514 881 507 880 507 880 507 792 513 696 507 695 507 695 507 694 507 687 514 584 514 544 514 543 514 535 508 534 508 534 508 513 508 512 508 477 514 460 508 460 508 459 508 458 508 457 508 457 509 451 514 451 514 444 514 424 514 413 508 412 508 373 508 372 508 371 508 353 514 353 533"/>
                        </Shape>
                        <String CONTENT=""/>
                    </TextLine>

                    <TextLine ID="line_14" HPOS="355" VPOS="540" WIDTH="579" HEIGHT="40" BASELINE="356 566 934 564" TAGREFS="TYPE_1">
                        <Shape>
                            <Polygon POINTS="356 566 357 579 369 575 431 578 444 579 445 579 451 578 468 575 472 578 473 580 474 580 475 580 476 580 487 578 499 575 502 578 506 580 506 580 507 580 508 580 622 580 622 580 623 580 624 580 628 576 629 575 633 576 643 580 644 580 645 580 646 580 652 576 657 574 668 576 679 578 679 578 680 578 688 575 692 575 693 575 696 579 697 579 698 579 699 579 718 575 728 574 732 575 740 579 741 579 742 579 743 579 757 575 762 574 770 575 792 579 793 580 887 580 887 579 888 579 899 574 900 574 934 574 934 564 933 547 902 547 902 546 895 540 894 540 893 540 862 540 861 540 860 540 860 540 851 545 839 541 839 541 838 541 837 541 823 546 809 546 755 546 748 540 748 540 747 540 746 540 720 546 718 547 619 547 616 546 603 541 602 541 601 541 564 546 561 546 558 546 528 541 527 541 484 546 478 546 355 546 356 566"/>
                        </Shape>
                        <String CONTENT=""/>
                    </TextLine>

                    <TextLine ID="line_15" HPOS="354" VPOS="571" WIDTH="581" HEIGHT="41" BASELINE="355 598 935 596" TAGREFS="TYPE_1">
                        <Shape>
                            <Polygon POINTS="355 598 355 607 429 607 431 608 437 612 438 612 439 612 440 612 440 612 454 608 458 607 463 608 480 612 481 612 525 608 535 608 537 608 547 612 547 612 548 612 576 608 588 607 592 608 600 612 601 612 602 612 670 612 670 612 670 612 677 609 681 607 686 609 691 612 692 612 693 612 741 612 741 612 742 612 750 609 765 605 793 610 798 610 798 610 799 610 801 610 818 605 823 610 824 611 825 611 826 611 827 612 876 612 876 611 876 611 878 610 888 605 934 610 935 596 934 579 893 578 885 571 884 571 884 571 883 571 882 571 871 578 870 578 866 578 828 573 827 573 810 577 806 578 804 577 792 571 791 571 759 571 758 571 757 571 739 576 731 579 688 577 687 576 678 571 677 571 676 571 642 575 621 578 612 575 600 571 600 571 599 571 598 571 585 575 572 579 558 575 557 575 556 575 555 575 552 575 514 578 505 574 500 572 499 572 498 572 497 572 497 572 494 574 485 580 354 573 355 598"/>
                        </Shape>
                        <String CONTENT=""/>
                    </TextLine>

                    <TextLine ID="line_16" HPOS="353" VPOS="604" WIDTH="584" HEIGHT="41" BASELINE="353 630 937 629" TAGREFS="TYPE_1">
                        <Shape>
                            <Polygon POINTS="353 630 353 641 362 645 362 645 363 645 459 645 459 645 460 645 460 645 465 641 468 639 525 639 541 641 565 645 566 645 586 641 603 639 607 641 611 645 612 645 613 645 613 645 637 645 637 645 650 642 669 638 698 638 703 642 705 644 706 644 707 644 707 644 716 642 735 638 740 642 742 644 743 644 744 644 744 645 796 645 796 644 797 644 798 643 808 638 824 643 827 644 827 644 828 644 829 644 831 643 847 638 870 644 873 644 874 644 875 644 876 644 888 638 920 638 934 644 937 629 935 610 896 604 895 604 859 609 770 604 769 604 747 609 703 604 703 604 702 604 681 610 605 610 593 605 592 605 592 605 591 605 590 605 584 610 572 606 571 606 570 606 519 610 514 605 513 605 512 605 484 605 483 605 482 605 471 609 461 605 460 605 460 605 459 605 458 605 452 609 444 606 444 606 443 606 403 610 397 605 396 605 395 605 395 605 353 611 353 630"/>
                        </Shape>
                        <String CONTENT=""/>
                    </TextLine>

                    <TextLine ID="line_17" HPOS="353" VPOS="636" WIDTH="584" HEIGHT="40" BASELINE="354 662 937 661" TAGREFS="TYPE_1">
                        <Shape>
                            <Polygon POINTS="354 662 354 670 465 670 465 670 471 674 472 674 473 674 473 674 474 674 488 670 489 670 489 670 502 675 502 675 503 675 524 671 554 675 555 675 555 675 556 675 563 670 571 675 572 675 572 675 573 676 612 676 612 675 613 675 625 671 640 675 641 675 641 675 674 670 679 670 682 670 698 674 699 674 699 674 740 670 746 670 748 670 760 674 761 674 761 674 786 670 788 670 789 670 794 674 795 674 796 674 797 674 825 670 847 674 848 674 874 670 876 670 882 674 883 674 884 674 884 675 929 675 929 674 930 674 930 674 937 670 937 661 935 642 862 641 842 636 841 636 840 636 839 636 823 641 798 636 798 636 769 641 726 636 725 636 695 641 656 636 655 636 654 636 630 643 611 643 601 637 600 637 600 637 599 637 598 637 584 643 527 643 521 637 521 637 520 637 519 637 474 637 473 637 473 637 453 642 407 639 407 639 353 643 354 662"/>
                        </Shape>
                        <String CONTENT=""/>
                    </TextLine>

                    <TextLine ID="line_18" HPOS="355" VPOS="668" WIDTH="581" HEIGHT="42" BASELINE="355 694 936 694" TAGREFS="TYPE_1">
                        <Shape>
                            <Polygon POINTS="355 694 355 709 381 707 382 707 382 707 389 702 399 709 399 709 400 709 401 710 444 710 444 709 445 709 448 708 460 703 473 707 473 707 474 707 475 707 485 702 524 707 540 709 541 709 557 707 586 702 605 706 607 706 608 706 613 706 663 702 668 705 670 707 671 707 672 707 673 707 703 704 731 702 735 704 741 709 742 709 743 709 744 709 882 702 893 702 893 702 913 709 913 709 914 709 915 709 936 701 936 694 936 674 919 668 918 668 917 668 917 668 896 674 871 668 870 668 840 674 802 674 797 668 796 668 795 668 773 668 772 668 771 668 770 668 761 674 735 674 696 674 696 674 689 668 688 668 687 668 687 668 657 674 656 674 542 674 542 674 534 668 534 668 533 668 494 668 493 668 493 668 477 674 463 668 462 668 461 668 436 673 428 668 427 668 427 668 392 668 391 668 390 668 390 668 390 669 384 674 366 668 365 668 364 668 363 668 362 668 355 672 355 694"/>
                        </Shape>
                        <String CONTENT=""/>
                    </TextLine>

                    <TextLine ID="line_19" HPOS="352" VPOS="699" WIDTH="583" HEIGHT="43" BASELINE="353 728 935 726" TAGREFS="TYPE_1">
                        <Shape>
                            <Polygon POINTS="353 728 353 740 440 736 452 740 453 741 454 741 455 742 486 742 486 741 490 740 515 736 526 740 527 741 528 741 529 741 534 740 560 736 582 740 586 741 587 741 592 740 626 736 640 740 641 741 642 741 643 741 644 741 645 741 645 740 654 735 724 740 725 740 726 740 736 735 748 740 749 740 750 740 751 740 773 735 800 740 801 740 802 740 818 735 827 740 828 740 829 740 830 741 934 741 935 726 932 699 913 703 889 699 888 699 888 699 887 699 877 706 869 699 868 699 868 699 821 699 820 699 819 699 818 699 818 700 806 707 788 703 787 703 724 706 706 702 693 699 692 699 691 699 691 699 686 703 679 707 651 703 629 700 629 700 628 700 627 700 624 703 619 707 605 703 592 700 591 700 574 700 573 700 572 700 572 700 566 704 560 708 425 708 423 707 415 701 415 701 414 701 413 701 412 701 395 706 386 700 385 700 384 700 383 700 352 707 353 728"/>
                        </Shape>
                        <String CONTENT=""/>
                    </TextLine>

                    <TextLine ID="line_20" HPOS="353" VPOS="732" WIDTH="582" HEIGHT="43" BASELINE="353 759 935 757" TAGREFS="TYPE_1">
                        <Shape>
                            <Polygon POINTS="353 759 353 768 368 773 369 773 370 773 395 768 399 768 407 768 456 772 456 772 473 769 477 768 480 769 500 774 501 774 502 775 587 775 587 774 588 774 588 774 596 769 598 768 601 769 618 774 619 774 620 774 690 770 727 773 728 773 728 773 744 769 753 767 788 767 793 769 799 773 800 773 801 773 802 773 802 773 812 769 818 767 840 767 845 769 849 773 850 773 851 773 851 773 852 773 864 769 872 767 880 769 890 773 891 773 892 773 893 773 899 769 904 767 910 769 920 773 921 773 921 773 922 773 935 769 935 757 934 740 913 740 913 739 900 732 899 732 898 732 863 738 838 733 837 733 836 733 824 739 823 739 799 739 798 738 790 732 790 732 789 732 788 732 735 738 723 739 720 738 705 732 704 732 686 732 685 732 684 732 683 732 679 737 664 732 663 732 662 732 662 732 649 737 642 740 636 737 625 733 625 733 624 733 623 733 609 737 601 739 593 737 581 734 580 734 580 734 579 734 578 734 575 736 570 740 529 736 515 736 514 736 514 736 513 736 512 736 508 740 478 740 473 736 469 733 469 733 468 733 467 733 353 735 353 759"/>
                        </Shape>
                        <String CONTENT=""/>
                    </TextLine>

                    <TextLine ID="line_21" HPOS="354" VPOS="766" WIDTH="581" HEIGHT="42" BASELINE="354 790 935 790" TAGREFS="TYPE_1">
                        <Shape>
                            <Polygon POINTS="354 790 354 802 363 807 364 807 365 807 366 807 383 802 394 807 395 807 395 808 450 808 450 807 451 807 452 807 457 802 469 807 469 807 470 808 507 808 507 807 508 807 509 807 517 802 542 807 543 807 581 803 601 807 602 807 603 807 604 807 612 802 613 802 631 807 632 807 633 807 656 802 659 802 736 802 738 803 751 807 752 807 753 807 753 807 766 803 767 803 768 803 794 807 794 807 935 803 935 790 935 771 916 766 915 766 914 766 913 766 899 771 897 772 896 771 884 766 883 766 847 766 847 766 846 766 845 766 838 771 837 772 835 771 824 766 823 766 786 766 786 766 785 766 776 771 775 771 771 771 740 767 740 767 724 771 717 773 543 773 539 770 534 768 533 768 532 768 516 769 500 772 493 769 481 766 481 766 480 766 454 769 447 770 440 769 419 766 418 766 417 766 416 766 411 769 407 772 393 769 375 766 374 766 354 769 354 790"/>
                        </Shape>
                        <String CONTENT=""/>
                    </TextLine>

                    <TextLine ID="line_22" HPOS="353" VPOS="798" WIDTH="582" HEIGHT="40" BASELINE="354 824 935 822" TAGREFS="TYPE_1">
                        <Shape>
                            <Polygon POINTS="748 801 740 801 732 801 724 801 716 801 707 801 700 801 695 804 630 801 627 801 619 801 611 801 609 801 589 804 583 801 579 801 571 801 568 801 563 802 558 801 555 801 547 801 539 801 530 801 523 801 497 803 466 801 458 801 451 801 437 805 424 801 418 801 410 801 403 801 353 806 354 824 354 833 364 838 365 838 366 838 366 838 378 832 379 832 384 832 484 838 485 838 485 838 486 838 486 837 493 832 521 836 522 836 522 836 531 831 563 831 596 831 597 831 608 837 609 837 609 838 646 838 646 837 646 837 663 831 685 837 686 837 687 837 718 831 734 837 735 837 736 837 736 837 751 831 761 836 762 836 763 836 764 836 781 831 807 836 808 836 809 836 818 831 827 836 827 836 828 836 829 837 920 837 920 836 921 836 935 830 935 822 934 804 913 804 904 798 903 798 902 798 876 798 875 798 874 798 873 798 867 802 832 798 831 798 831 798 830 798 823 803 748 800 748 801"/>
                        </Shape>
                        <String CONTENT=""/>
                    </TextLine>

                    <TextLine ID="line_23" HPOS="352" VPOS="830" WIDTH="583" HEIGHT="38" BASELINE="353 855 935 856" TAGREFS="TYPE_1">
                        <Shape>
                            <Polygon POINTS="353 855 352 867 934 868 935 856 935 838 911 831 910 831 852 831 851 831 851 831 850 831 842 837 842 838 810 838 810 837 792 831 791 831 790 831 586 836 583 836 576 830 575 830 574 830 539 830 539 830 538 830 537 830 530 836 522 830 522 830 521 830 520 830 519 830 498 836 497 836 496 836 480 832 479 832 478 832 477 832 477 832 473 836 472 836 353 836 353 855"/>
                        </Shape>
                        <String CONTENT=""/>
                    </TextLine>

                    <TextLine ID="line_24" HPOS="352" VPOS="863" WIDTH="583" HEIGHT="37" BASELINE="353 887 935 888" TAGREFS="TYPE_1">
                        <Shape>
                            <Polygon POINTS="353 887 352 896 390 900 391 900 934 898 935 888 934 871 898 871 897 870 879 863 878 863 877 863 816 869 806 870 796 869 754 863 753 863 727 868 725 868 724 868 702 863 701 863 700 863 699 863 695 868 691 870 598 870 594 867 588 863 588 863 587 863 586 863 585 863 573 867 569 868 567 867 563 863 562 863 561 863 534 863 534 863 533 863 522 867 514 869 508 866 500 863 499 863 478 863 477 863 477 863 470 866 463 869 430 865 403 863 403 863 353 864 353 887"/>
                        </Shape>
                        <String CONTENT=""/>
                    </TextLine>

                    <TextLine ID="line_25" HPOS="353" VPOS="896" WIDTH="581" HEIGHT="41" BASELINE="353 920 934 920" TAGREFS="TYPE_1">
                        <Shape>
                            <Polygon POINTS="353 920 353 929 414 936 415 936 415 936 416 936 423 930 444 936 445 936 446 936 447 936 462 929 463 929 489 935 490 935 491 935 511 929 538 929 581 929 582 929 590 936 591 936 592 936 592 936 639 931 672 934 673 934 674 934 674 934 680 930 682 929 701 930 714 930 722 936 723 936 724 936 724 937 771 937 771 936 772 936 773 936 779 931 803 935 804 935 934 930 934 920 934 903 917 903 905 896 905 896 904 896 874 896 873 896 872 896 860 902 842 896 841 896 840 896 839 896 823 902 794 896 793 896 792 896 791 896 783 902 765 902 746 896 745 896 744 896 721 900 687 896 686 896 685 896 684 896 675 903 604 903 591 896 590 896 589 896 588 896 588 896 580 903 520 903 511 896 510 896 510 896 509 896 473 900 392 896 391 896 353 902 353 920"/>
                        </Shape>
                        <String CONTENT=""/>
                    </TextLine>

                    <TextLine ID="line_26" HPOS="350" VPOS="925" WIDTH="584" HEIGHT="46" BASELINE="350 952 934 954" TAGREFS="TYPE_1">
                        <Shape>
                            <Polygon POINTS="350 952 350 967 393 962 403 968 406 969 407 969 407 969 415 968 448 963 482 968 488 969 489 969 489 969 490 969 490 968 496 963 544 962 621 969 631 970 632 970 633 970 633 970 633 969 641 964 695 967 695 967 696 967 709 963 736 970 741 970 742 971 840 971 840 970 841 970 842 970 854 964 909 964 932 970 934 954 934 933 924 927 923 927 922 927 921 927 778 933 738 933 728 932 701 926 700 926 633 928 632 928 627 930 621 933 580 933 575 929 572 928 572 928 571 928 570 928 552 929 525 932 506 929 485 925 485 925 456 927 456 927 455 927 454 928 449 932 437 928 430 925 429 925 428 925 427 925 420 928 411 930 350 927 350 952"/>
                        </Shape>
                        <String CONTENT=""/>
                    </TextLine>

                    <TextLine ID="line_27" HPOS="353" VPOS="959" WIDTH="268" HEIGHT="38" BASELINE="354 983 621 986" TAGREFS="TYPE_1">
                        <Shape>
                            <Polygon POINTS="354 983 353 991 373 995 374 995 440 992 454 996 455 996 456 996 520 993 531 997 532 997 533 997 621 993 621 986 621 967 590 960 589 960 588 960 588 960 588 961 580 966 580 968 562 968 561 966 555 961 555 960 554 960 553 960 532 959 504 959 503 959 502 959 502 959 493 966 492 967 458 967 456 966 444 959 443 959 442 959 441 959 427 966 427 966 402 966 401 966 385 959 384 959 383 959 354 965 354 983"/>
                        </Shape>
                        <String CONTENT=""/>
                    </TextLine>
</TextBlock>
                <TextBlock ID="block_3" HPOS="350" VPOS="995" WIDTH="585" HEIGHT="168" TAGREFS="TYPE_24">
                    <Shape>
                        <Polygon POINTS="350.90447998046875 995.932861328125 935.7366943359375 995.932861328125 935.7366943359375 1163.44775390625 350.90447998046875 1163.44775390625 350.90447998046875 995.932861328125"/>
                    </Shape>
                    <TextLine ID="line_28" HPOS="384" VPOS="988" WIDTH="550" HEIGHT="44" BASELINE="385 1016 934 1017" TAGREFS="TYPE_1">
                        <Shape>
                            <Polygon POINTS="385 1016 384 1026 415 1031 416 1031 452 1027 458 1027 465 1027 496 1031 497 1031 497 1031 498 1031 503 1028 507 1025 526 1028 549 1031 550 1031 551 1031 558 1028 562 1027 587 1028 622 1031 623 1031 624 1031 630 1029 637 1027 640 1029 641 1031 642 1031 643 1031 644 1031 661 1029 691 1026 701 1029 707 1032 707 1032 708 1032 731 1030 767 1027 791 1031 800 1032 801 1032 808 1031 837 1026 856 1031 859 1032 860 1032 860 1032 861 1032 863 1032 876 1026 904 1026 933 1032 934 1017 933 991 896 995 880 991 873 989 872 989 872 989 871 989 864 991 848 995 840 991 837 989 836 989 760 989 759 989 758 989 757 989 755 991 750 995 741 991 740 991 739 991 738 991 737 991 735 991 716 995 698 991 687 989 686 989 685 989 679 991 669 995 662 991 655 988 654 988 654 988 653 988 640 991 627 995 584 995 576 992 567 989 567 989 566 989 565 989 559 992 555 995 542 992 530 990 530 990 529 990 528 990 525 992 520 995 505 992 489 990 488 990 487 990 480 992 473 995 465 992 456 990 455 990 454 990 453 990 448 992 443 995 414 995 409 992 401 989 400 989 399 989 399 989 385 992 385 1016"/>
                        </Shape>
                        <String CONTENT=""/>
                    </TextLine>

                    <TextLine ID="line_29" HPOS="349" VPOS="1022" WIDTH="589" HEIGHT="42" BASELINE="350 1048 938 1051" TAGREFS="TYPE_1">
                        <Shape>
                            <Polygon POINTS="350 1048 349 1057 408 1062 409 1062 522 1060 593 1058 608 1061 621 1063 622 1063 623 1063 630 1061 639 1058 644 1061 647 1063 648 1063 649 1063 650 1063 660 1061 672 1059 694 1061 708 1063 709 1063 710 1063 715 1061 727 1058 784 1059 790 1062 791 1064 792 1064 793 1064 794 1064 819 1063 904 1059 937 1064 938 1051 938 1031 928 1024 927 1024 926 1024 925 1024 889 1031 888 1031 888 1031 866 1024 865 1024 864 1024 864 1024 852 1030 851 1031 851 1030 841 1024 840 1024 839 1024 839 1024 838 1024 818 1029 804 1025 803 1025 802 1025 802 1025 801 1025 796 1029 794 1031 784 1029 761 1024 760 1024 759 1024 744 1028 736 1031 716 1031 712 1028 709 1025 708 1025 707 1025 707 1025 706 1025 700 1028 694 1031 638 1031 631 1027 627 1024 626 1024 625 1024 625 1024 624 1024 621 1026 614 1031 576 1031 556 1025 547 1023 547 1023 546 1023 530 1024 498 1029 482 1024 478 1023 477 1023 477 1023 452 1024 435 1024 434 1024 423 1029 417 1024 416 1024 415 1024 415 1024 394 1028 350 1022 350 1048"/>
                        </Shape>
                        <String CONTENT=""/>
                    </TextLine>

                    <TextLine ID="line_30" HPOS="349" VPOS="1055" WIDTH="582" HEIGHT="40" BASELINE="350 1081 931 1080" TAGREFS="TYPE_1">
                        <Shape>
                            <Polygon POINTS="350 1081 350 1091 517 1090 542 1093 569 1095 570 1095 582 1093 591 1091 598 1093 607 1095 608 1095 609 1095 629 1093 653 1090 662 1094 666 1094 666 1094 667 1094 714 1094 851 1090 883 1094 884 1094 885 1094 886 1094 901 1090 930 1094 931 1080 930 1063 914 1055 913 1055 913 1055 912 1055 890 1062 865 1055 864 1055 848 1055 847 1055 847 1055 846 1055 835 1062 835 1063 679 1063 669 1061 646 1055 646 1055 607 1059 584 1056 583 1056 582 1056 581 1056 577 1059 572 1064 529 1064 514 1059 506 1056 505 1056 443 1056 442 1056 441 1056 436 1058 431 1061 425 1057 420 1056 419 1056 419 1056 349 1057 350 1081"/>
                        </Shape>
                        <String CONTENT=""/>
                    </TextLine>

                    <TextLine ID="line_31" HPOS="349" VPOS="1088" WIDTH="583" HEIGHT="38" BASELINE="349 1114 932 1114" TAGREFS="TYPE_1">
                        <Shape>
                            <Polygon POINTS="349 1114 349 1126 932 1126 932 1114 932 1097 917 1096 908 1088 907 1088 906 1088 905 1088 883 1090 882 1090 881 1090 874 1095 873 1097 863 1097 861 1095 855 1090 854 1090 853 1090 852 1090 851 1090 841 1095 839 1096 828 1095 797 1091 796 1091 795 1091 786 1094 783 1095 781 1094 771 1089 770 1089 769 1089 769 1089 768 1089 761 1094 758 1097 714 1097 707 1093 698 1088 697 1088 696 1088 695 1088 683 1093 674 1097 639 1097 617 1092 599 1088 598 1088 597 1088 596 1088 593 1091 587 1097 571 1097 564 1091 561 1088 560 1088 559 1088 559 1088 533 1090 514 1092 493 1090 475 1088 474 1088 473 1088 473 1088 471 1090 461 1096 429 1096 419 1089 419 1088 418 1088 417 1088 349 1088 349 1114"/>
                        </Shape>
                        <String CONTENT=""/>
                    </TextLine>

                    <TextLine ID="line_32" HPOS="346" VPOS="1119" WIDTH="586" HEIGHT="53" BASELINE="347 1145 932 1147" TAGREFS="TYPE_1">
                        <Shape>
                            <Polygon POINTS="347 1145 346 1171 369 1172 370 1172 370 1172 371 1172 372 1171 383 1163 395 1168 395 1168 396 1168 397 1168 418 1163 431 1170 431 1171 432 1171 432 1171 433 1171 434 1171 435 1171 435 1170 459 1157 511 1157 534 1169 541 1172 542 1172 543 1172 651 1171 652 1171 658 1168 677 1160 691 1166 691 1166 692 1166 693 1166 711 1158 767 1158 780 1167 781 1167 781 1167 782 1167 783 1167 784 1167 795 1159 806 1159 818 1167 826 1172 827 1172 827 1172 828 1172 829 1172 843 1166 862 1160 882 1166 883 1166 884 1166 884 1166 885 1166 886 1166 903 1161 930 1165 932 1147 932 1122 915 1121 914 1121 913 1121 913 1121 900 1127 848 1123 847 1123 818 1127 801 1121 800 1121 799 1121 798 1121 786 1128 757 1128 747 1121 746 1121 745 1121 744 1121 744 1121 722 1127 681 1123 680 1123 660 1127 644 1120 643 1120 642 1120 641 1120 622 1120 595 1121 594 1121 580 1127 539 1119 534 1119 533 1119 532 1119 530 1119 514 1126 456 1119 452 1119 452 1119 451 1119 450 1119 425 1126 404 1119 403 1119 403 1119 402 1119 389 1126 374 1119 374 1119 347 1119 347 1145"/>
                        </Shape>
                        <String CONTENT=""/>
                    </TextLine>
</TextBlock>
                <TextBlock ID="block_4" HPOS="881" VPOS="1163" WIDTH="50" HEIGHT="28" TAGREFS="TYPE_26">
                    <Shape>
                        <Polygon POINTS="881.82373046875 1163.96875 931.4149780273438 1163.96875 931.4149780273438 1191.0506591796875 881.82373046875 1191.0506591796875 881.82373046875 1163.96875"/>
                    </Shape>
                    <TextLine ID="line_33" HPOS="880" VPOS="1160" WIDTH="51" HEIGHT="49" BASELINE="880 1180 931 1180" TAGREFS="TYPE_1">
                        <Shape>
                            <Polygon POINTS="880 1180 880 1207 908 1203 930 1209 931 1180 930 1161 880 1160 880 1180"/>
                        </Shape>
                        <String CONTENT=""/>
                    </TextLine>
</TextBlock>
            </PrintSpace>
        </Page>
    </Layout>
</alto>