<?xml version="1.0" encoding="UTF-8"?>
<alto xmlns:xsi="http://www.w3.org/2001/XMLSchema-instance"
    xmlns="http://www.loc.gov/standards/alto/ns-v4#"
    xsi:schemaLocation="http://www.loc.gov/standards/alto/ns-v4# http://www.loc.gov/standards/alto/v4/alto-4-3.xsd">
    <Description>
        <MeasurementUnit>pixel</MeasurementUnit>
        <sourceImageInformation>
            <fileName>2013022.jpeg</fileName>
        </sourceImageInformation>
        <Processing ID="OCR_0">
            <processingCategory>other</processingCategory>
            <processingStepDescription>unknown</processingStepDescription>
            <processingSoftware>
                <softwareName>kraken</softwareName>
                <softwareVersion>4.3.13</softwareVersion>
            </processingSoftware>
        </Processing>
    </Description>
    <Tags>
        <OtherTag ID="TYPE_1" LABEL="DefaultLine"/>
        <OtherTag ID="TYPE_2" LABEL="AdvertisementZone"/>
        <OtherTag ID="TYPE_3" LABEL="GraphicZone-Part"/>
        <OtherTag ID="TYPE_4" LABEL="MainZone-P-Continued"/>
        <OtherTag ID="TYPE_5" LABEL="QuireMarksZone"/>
        <OtherTag ID="TYPE_6" LABEL="GraphicZone-TextualContent"/>
        <OtherTag ID="TYPE_7" LABEL="MainZone-Entry-Continued"/>
        <OtherTag ID="TYPE_8" LABEL="GraphicZone-Head"/>
        <OtherTag ID="TYPE_9" LABEL="GraphicZone"/>
        <OtherTag ID="TYPE_10" LABEL="FigureZone"/>
        <OtherTag ID="TYPE_11" LABEL="MainZone-Sp-Continued"/>
        <OtherTag ID="TYPE_12" LABEL="TitlePageZone-Index"/>
        <OtherTag ID="TYPE_13" LABEL="StampZone"/>
        <OtherTag ID="TYPE_14" LABEL="MainZone-Other"/>
        <OtherTag ID="TYPE_15" LABEL="DigitizationArtefactZone"/>
        <OtherTag ID="TYPE_16" LABEL="GraphicZone-Maths"/>
        <OtherTag ID="TYPE_17" LABEL="MainZone-Signature"/>
        <OtherTag ID="TYPE_18" LABEL="MainZone-Form"/>
        <OtherTag ID="TYPE_19" LABEL="TitlePageZone"/>
        <OtherTag ID="TYPE_20" LABEL="TableZone-Continued"/>
        <OtherTag ID="TYPE_21" LABEL="GraphicZone-FigDesc"/>
        <OtherTag ID="TYPE_22" LABEL="MainZone-Entry"/>
        <OtherTag ID="TYPE_23" LABEL="MainZone-Lg-Continued"/>
        <OtherTag ID="TYPE_24" LABEL="NumberingZone"/>
        <OtherTag ID="TYPE_25" LABEL="MainZone-Head"/>
        <OtherTag ID="TYPE_26" LABEL="MarginTextZone-Notes"/>
        <OtherTag ID="TYPE_27" LABEL="MainZone-List-Continued"/>
        <OtherTag ID="TYPE_28" LABEL="TableZone"/>
        <OtherTag ID="TYPE_29" LABEL="GraphicZone-Decoration"/>
        <OtherTag ID="TYPE_30" LABEL="FigureZone-Head"/>
        <OtherTag ID="TYPE_31" LABEL="MarginTextZone-Notes-Continued"/>
        <OtherTag ID="TYPE_32" LABEL="MarginTextZone-ManuscriptAddendum"/>
        <OtherTag ID="TYPE_33" LABEL="MainZone-Sp"/>
        <OtherTag ID="TYPE_34" LABEL="TableZone-Head"/>
        <OtherTag ID="TYPE_35" LABEL="MainZone-List"/>
        <OtherTag ID="TYPE_36" LABEL="RunningTitleZone"/>
        <OtherTag ID="TYPE_37" LABEL="MainZone-Lg"/>
        <OtherTag ID="TYPE_38" LABEL="MainZone-Date"/>
        <OtherTag ID="TYPE_39" LABEL="StampZone-Sticker"/>
        <OtherTag ID="TYPE_40" LABEL="DropCapitalZone"/>
        <OtherTag ID="TYPE_41" LABEL="MainZone-P"/>
        <OtherTag ID="TYPE_42" LABEL="FigureZone-FigDesc"/>
    </Tags>
    <Layout>
        <Page WIDTH="1000" HEIGHT="1448" PHYSICAL_IMG_NR="0" ID="page_0">
            <PrintSpace HPOS="0" VPOS="0" WIDTH="1000" HEIGHT="1448">
                <TextBlock ID="block_2" HPOS="354" VPOS="100" WIDTH="49" HEIGHT="31" TAGREFS="TYPE_24">
                    <Shape>
                        <Polygon POINTS="354.8320007324219 100.51239013671875 403.7904357910156 100.51239013671875 403.7904357910156 131.2467498779297 354.8320007324219 131.2467498779297 354.8320007324219 100.51239013671875"/>
                    </Shape>
                    <TextLine ID="line_0" HPOS="356" VPOS="108" WIDTH="56" HEIGHT="24" BASELINE="357 122 412 120" TAGREFS="TYPE_1">
                        <Shape>
                            <Polygon POINTS="357 122 357 132 411 125 412 120 411 110 356 108 357 122"/>
                        </Shape>
                        <String CONTENT=""/>
                    </TextLine>
</TextBlock>
                <TextBlock ID="block_3" HPOS="476" VPOS="92" WIDTH="365" HEIGHT="37" TAGREFS="TYPE_36">
                    <Shape>
                        <Polygon POINTS="476.9061279296875 92.55128479003906 841.1982421875 92.55128479003906 841.1982421875 129.82012939453125 476.9061279296875 129.82012939453125 476.9061279296875 92.55128479003906"/>
                    </Shape>
                    <TextLine ID="line_1" HPOS="473" VPOS="93" WIDTH="370" HEIGHT="40" BASELINE="473 121 843 118" TAGREFS="TYPE_1">
                        <Shape>
                            <Polygon POINTS="746 108 738 108 730 108 724 108 722 108 714 108 706 108 698 108 692 108 691 109 688 108 682 108 674 108 666 108 658 108 652 108 636 110 633 108 625 108 617 108 612 108 608 110 604 108 601 108 593 108 585 108 583 108 574 110 571 108 569 108 561 108 553 108 551 109 547 109 542 108 537 108 529 108 521 108 513 108 505 108 497 108 489 108 481 108 476 108 473 109 473 121 473 132 585 127 589 130 589 131 590 131 591 131 626 132 657 133 658 133 662 132 688 126 704 132 705 132 706 132 707 133 733 133 733 132 734 132 735 132 751 125 769 125 782 131 783 131 784 132 843 132 843 118 843 100 832 93 831 93 831 93 759 93 758 93 757 93 746 98 746 108"/>
                        </Shape>
                        <String CONTENT=""/>
                    </TextLine>
</TextBlock>
                <TextBlock ID="block_0" HPOS="352" VPOS="134" WIDTH="582" HEIGHT="260" TAGREFS="TYPE_4">
                    <Shape>
                        <Polygon POINTS="352.45928955078125 134.3173370361328 934.935791015625 134.3173370361328 934.935791015625 394.7071838378906 352.45928955078125 394.7071838378906 352.45928955078125 134.3173370361328"/>
                    </Shape>
                    <TextLine ID="line_2" HPOS="353" VPOS="123" WIDTH="579" HEIGHT="49" BASELINE="353 160 932 154" TAGREFS="TYPE_1">
                        <Shape>
                            <Polygon POINTS="353 172 464 166 512 170 516 170 517 170 524 170 604 164 670 168 682 168 683 168 688 168 716 164 728 168 730 168 731 168 732 168 738 168 770 164 798 167 804 167 805 167 806 167 806 167 806 166 811 163 828 166 834 167 835 167 931 164 932 154 930 130 902 123 901 123 847 129 839 130 830 129 780 125 779 125 761 129 754 131 720 129 688 127 687 127 669 129 639 131 631 129 621 125 620 125 619 125 600 129 583 133 566 133 560 128 558 127 557 127 556 127 555 127 555 127 551 128 543 133 497 133 483 128 477 127 477 127 438 127 437 127 436 127 436 127 434 128 430 131 406 128 396 127 395 127 395 127 391 128 372 134 353 128 353 160 353 172"/>
                        </Shape>
                        <String CONTENT=""/>
                    </TextLine>

                    <TextLine ID="line_3" HPOS="353" VPOS="161" WIDTH="580" HEIGHT="43" BASELINE="354 193 933 189" TAGREFS="TYPE_1">
                        <Shape>
                            <Polygon POINTS="354 193 354 199 429 204 430 204 452 200 488 203 489 203 489 203 497 199 569 203 570 203 571 203 579 199 631 202 632 202 633 202 645 198 654 202 655 202 656 202 657 202 666 198 682 202 683 202 683 202 684 202 701 197 711 201 711 201 712 202 816 202 816 201 851 197 921 200 922 200 923 200 933 195 933 189 930 161 816 168 776 164 771 164 770 164 767 164 748 168 736 164 732 163 731 163 730 163 720 165 699 169 673 166 649 163 648 163 611 167 585 170 581 168 576 164 575 164 574 164 493 164 492 164 461 170 456 171 454 170 444 166 444 166 443 166 442 166 435 169 430 164 429 164 428 164 397 164 396 164 395 164 395 164 395 165 387 172 353 172 354 193"/>
                        </Shape>
                        <String CONTENT=""/>
                    </TextLine>

                    <TextLine ID="line_4" HPOS="353" VPOS="193" WIDTH="579" HEIGHT="45" BASELINE="354 225 932 220" TAGREFS="TYPE_1">
                        <Shape>
                            <Polygon POINTS="354 225 354 238 397 233 408 237 409 237 410 237 430 233 487 236 488 236 489 236 498 232 581 235 582 235 583 235 584 235 589 231 602 235 603 235 604 235 642 230 656 234 657 234 658 235 733 235 733 234 734 234 735 234 742 230 860 233 860 233 861 233 875 229 930 233 932 220 931 199 913 193 913 193 912 193 911 193 890 198 883 193 882 193 881 193 851 193 851 193 850 193 849 193 841 198 827 194 827 194 826 194 825 194 824 194 815 200 770 200 734 200 721 194 720 194 720 194 658 200 643 194 642 194 641 194 641 194 628 201 628 201 594 201 559 201 547 195 547 195 546 195 499 196 498 196 487 201 459 197 458 197 457 197 456 197 449 202 448 202 440 202 360 197 359 197 358 197 358 197 353 200 354 225"/>
                        </Shape>
                        <String CONTENT=""/>
                    </TextLine>

                    <TextLine ID="line_5" HPOS="353" VPOS="227" WIDTH="579" HEIGHT="43" BASELINE="353 257 932 253" TAGREFS="TYPE_1">
                        <Shape>
                            <Polygon POINTS="353 257 353 267 442 270 443 270 476 267 493 266 504 267 522 270 522 270 543 267 555 266 566 267 584 270 584 270 610 267 625 266 635 267 646 269 647 269 648 269 649 269 651 267 655 265 684 267 697 268 698 268 699 268 702 267 712 264 762 267 778 268 779 268 784 267 798 264 809 267 812 268 813 268 814 268 819 267 840 263 904 267 907 267 908 267 909 267 918 263 930 267 932 253 930 232 842 227 841 227 820 232 813 234 759 234 757 232 753 228 752 228 751 228 750 228 710 232 686 234 676 232 663 229 662 229 622 232 583 234 564 232 555 230 555 230 554 230 550 232 543 234 535 232 530 230 530 230 529 230 528 230 521 232 511 234 497 232 485 230 484 230 483 230 477 232 470 234 441 232 422 230 421 230 420 230 416 232 405 235 353 232 353 257"/>
                        </Shape>
                        <String CONTENT=""/>
                    </TextLine>

                    <TextLine ID="line_6" HPOS="353" VPOS="261" WIDTH="578" HEIGHT="41" BASELINE="353 289 931 285" TAGREFS="TYPE_1">
                        <Shape>
                            <Polygon POINTS="353 289 353 297 442 302 443 302 474 296 478 296 485 296 541 301 542 301 543 301 543 301 550 296 551 296 607 300 608 300 609 300 625 296 627 296 629 296 659 300 660 300 709 295 714 295 716 295 728 300 728 300 729 300 761 296 767 300 768 300 769 300 769 300 791 296 814 300 815 300 913 299 913 299 931 293 931 285 929 263 819 265 805 263 781 261 780 261 779 261 768 264 761 267 712 267 707 265 692 262 691 262 675 265 672 266 669 265 656 262 655 262 654 262 591 266 570 267 567 267 562 263 561 263 560 263 559 263 515 267 484 263 483 263 482 263 469 267 467 268 465 267 448 263 448 263 447 263 426 268 424 268 423 268 408 263 407 263 364 263 363 263 362 263 353 267 353 289"/>
                        </Shape>
                        <String CONTENT=""/>
                    </TextLine>

                    <TextLine ID="line_7" HPOS="352" VPOS="299" WIDTH="581" HEIGHT="36" BASELINE="353 322 933 317" TAGREFS="TYPE_1">
                        <Shape>
                            <Polygon POINTS="746 318 738 318 730 318 722 318 714 318 706 318 698 318 690 318 682 318 674 318 666 318 658 318 650 318 641 318 633 318 625 320 617 320 609 320 601 320 593 320 585 320 577 320 569 320 561 320 553 320 545 320 537 320 529 320 521 320 513 320 505 320 497 320 489 320 481 320 473 320 465 320 456 320 448 320 440 320 432 320 424 320 416 320 408 320 400 320 392 320 384 320 376 320 368 320 360 320 352 320 353 322 353 335 573 329 585 332 596 334 596 334 597 334 631 330 644 329 658 330 716 333 717 333 718 333 719 333 724 329 725 328 728 329 736 332 737 332 738 332 757 328 764 327 774 328 835 333 835 333 861 332 862 332 863 332 871 326 922 332 923 332 924 332 925 332 933 325 933 317 930 299 760 300 759 300 758 300 755 303 748 308 746 318"/>
                        </Shape>
                        <String CONTENT=""/>
                    </TextLine>

                    <TextLine ID="line_8" HPOS="354" VPOS="324" WIDTH="579" HEIGHT="43" BASELINE="355 353 933 351" TAGREFS="TYPE_1">
                        <Shape>
                            <Polygon POINTS="355 353 355 367 932 362 933 351 930 326 800 330 792 327 785 324 784 324 743 324 742 324 741 324 732 328 728 329 693 329 646 327 646 327 645 327 637 329 630 331 627 329 621 325 621 325 620 325 619 325 592 329 581 331 572 329 546 325 456 325 456 325 455 325 445 329 412 327 411 327 411 327 410 327 403 332 354 332 355 353"/>
                        </Shape>
                        <String CONTENT=""/>
                    </TextLine>

                    <TextLine ID="line_9" HPOS="354" VPOS="364" WIDTH="98" HEIGHT="31" BASELINE="354 386 452 386" TAGREFS="TYPE_1">
                        <Shape>
                            <Polygon POINTS="354 386 354 395 452 394 452 386 452 368 438 364 437 364 436 364 411 366 395 368 354 364 354 386"/>
                        </Shape>
                        <String CONTENT=""/>
                    </TextLine>
</TextBlock>
                <TextBlock ID="block_4" HPOS="352" VPOS="397" WIDTH="583" HEIGHT="453" TAGREFS="TYPE_41">
                    <Shape>
                        <Polygon POINTS="352.3637390136719 397.159423828125 935.1907958984375 397.159423828125 935.1907958984375 850.80615234375 352.3637390136719 850.80615234375 352.3637390136719 397.159423828125"/>
                    </Shape>
                    <TextLine ID="line_10" HPOS="385" VPOS="386" WIDTH="548" HEIGHT="45" BASELINE="386 419 933 416" TAGREFS="TYPE_1">
                        <Shape>
                            <Polygon POINTS="386 419 386 427 423 427 425 427 435 431 436 431 436 431 486 427 498 427 502 427 513 431 514 431 514 431 542 427 545 427 549 427 584 431 584 431 585 431 591 427 595 426 660 426 662 428 666 431 667 431 668 431 669 431 687 428 700 426 711 428 723 431 724 431 773 428 835 425 845 428 849 430 850 430 851 430 932 428 933 416 932 390 925 386 925 386 924 386 923 386 828 391 814 386 813 386 761 386 760 386 759 386 736 392 687 387 687 387 686 387 670 392 573 388 572 388 572 388 551 394 477 394 465 388 464 388 463 388 437 393 404 389 403 389 403 389 385 394 386 419"/>
                        </Shape>
                        <String CONTENT=""/>
                    </TextLine>

                    <TextLine ID="line_11" HPOS="355" VPOS="423" WIDTH="577" HEIGHT="40" BASELINE="356 450 932 448" TAGREFS="TYPE_1">
                        <Shape>
                            <Polygon POINTS="356 450 356 459 382 463 382 463 399 459 408 457 493 457 510 458 566 463 567 463 588 458 592 457 602 458 650 462 650 462 729 457 733 457 736 457 770 461 771 461 772 461 782 457 793 461 794 461 869 462 870 462 931 456 932 448 930 423 857 429 837 424 832 423 831 423 831 423 826 424 809 429 794 425 789 423 788 423 787 423 786 423 782 425 773 429 766 425 762 423 761 423 761 423 760 423 754 426 745 429 735 426 728 423 727 423 726 423 725 423 724 423 720 426 716 429 707 426 700 423 699 423 699 423 676 427 663 428 657 427 645 423 644 423 643 423 642 423 631 427 623 430 602 427 578 425 577 425 516 429 496 430 493 429 481 424 481 424 480 424 479 424 478 424 472 430 471 430 469 430 448 425 447 425 446 425 445 425 440 430 439 431 415 431 415 430 395 424 394 424 393 424 355 431 356 450"/>
                        </Shape>
                        <String CONTENT=""/>
                    </TextLine>

                    <TextLine ID="line_12" HPOS="354" VPOS="455" WIDTH="579" HEIGHT="37" BASELINE="355 483 933 481" TAGREFS="TYPE_1">
                        <Shape>
                            <Polygon POINTS="355 483 355 492 932 489 933 481 932 463 916 456 915 456 914 456 913 456 901 463 860 463 852 456 851 456 851 456 774 455 773 455 773 455 759 461 724 456 723 456 722 456 721 456 712 463 583 456 582 456 581 456 580 456 570 464 537 464 526 456 526 456 525 456 502 456 501 456 500 456 480 464 368 460 367 460 366 460 354 464 355 483"/>
                        </Shape>
                        <String CONTENT=""/>
                    </TextLine>

                    <TextLine ID="line_13" HPOS="353" VPOS="488" WIDTH="579" HEIGHT="40" BASELINE="354 516 932 514" TAGREFS="TYPE_1">
                        <Shape>
                            <Polygon POINTS="354 516 354 528 531 528 531 527 532 527 551 523 730 526 731 526 749 522 757 526 758 526 759 527 931 527 932 514 930 490 893 494 880 490 872 488 872 488 871 488 870 488 864 490 850 494 817 490 816 490 815 490 814 490 804 494 794 490 789 488 788 488 757 488 757 488 756 488 755 488 753 490 747 495 724 495 714 490 712 489 711 489 711 489 710 489 709 489 708 490 699 496 650 496 637 490 633 489 633 489 632 489 631 489 630 489 629 490 621 496 565 496 555 490 551 489 551 489 550 489 476 489 475 489 474 489 473 490 465 496 353 491 354 516"/>
                        </Shape>
                        <String CONTENT=""/>
                    </TextLine>

                    <TextLine ID="line_14" HPOS="353" VPOS="519" WIDTH="579" HEIGHT="40" BASELINE="353 548 932 546" TAGREFS="TYPE_1">
                        <Shape>
                            <Polygon POINTS="353 559 374 555 499 558 534 559 535 559 931 553 932 546 930 525 851 525 850 524 843 519 843 519 842 519 841 519 840 519 823 524 818 526 764 526 756 523 737 519 736 519 695 520 694 520 693 520 690 523 686 526 670 522 654 520 654 520 634 522 617 525 614 522 612 520 611 520 610 520 580 520 579 520 578 520 573 522 566 525 532 522 518 521 518 521 517 521 514 522 502 526 497 522 496 521 495 521 494 521 477 521 476 521 475 521 474 521 474 522 468 526 422 526 414 521 413 521 412 521 411 521 408 521 370 526 353 521 353 548 353 559"/>
                        </Shape>
                        <String CONTENT=""/>
                    </TextLine>

                    <TextLine ID="line_15" HPOS="353" VPOS="553" WIDTH="580" HEIGHT="39" BASELINE="354 580 933 579" TAGREFS="TYPE_1">
                        <Shape>
                            <Polygon POINTS="354 580 354 592 427 587 458 591 459 591 517 587 531 592 533 592 534 592 534 592 539 592 564 587 629 587 633 591 634 592 635 592 636 592 637 592 669 590 736 587 746 589 748 590 749 590 750 590 751 590 753 589 766 586 821 589 858 591 859 591 932 588 933 579 930 556 881 559 872 556 868 555 868 555 867 555 866 555 865 555 864 556 859 560 829 560 823 556 818 555 818 555 817 555 816 555 815 555 813 556 809 559 799 556 789 553 788 553 787 553 786 553 786 553 781 556 777 560 759 560 753 556 747 554 746 554 745 554 744 554 744 554 740 557 739 557 732 557 693 553 692 553 691 553 691 553 685 557 680 560 660 560 642 557 620 554 619 554 618 554 608 557 598 561 559 561 554 558 548 554 547 554 547 554 510 554 510 554 509 554 500 558 497 559 493 558 485 554 484 554 445 554 444 554 444 554 443 554 436 558 432 561 402 561 399 558 393 554 392 554 391 554 377 554 376 554 353 558 354 580"/>
                        </Shape>
                        <String CONTENT=""/>
                    </TextLine>

                    <TextLine ID="line_16" HPOS="354" VPOS="584" WIDTH="579" HEIGHT="41" BASELINE="355 612 933 610" TAGREFS="TYPE_1">
                        <Shape>
                            <Polygon POINTS="355 612 355 621 494 625 495 625 496 625 497 625 502 621 505 619 554 619 695 619 697 621 701 624 702 624 703 624 703 624 762 621 802 618 818 621 836 623 837 623 932 620 933 610 932 592 912 584 911 584 910 584 909 584 889 592 845 592 831 584 830 584 796 584 795 584 794 584 782 590 776 584 775 584 774 584 757 584 756 584 755 584 738 591 723 585 722 585 721 585 720 585 705 591 695 588 695 588 694 588 693 588 684 592 683 592 597 592 596 592 588 585 588 585 587 585 586 585 567 589 547 585 547 585 546 585 533 592 530 593 474 593 472 592 461 586 460 586 439 586 438 586 437 586 436 586 430 591 393 586 392 586 391 586 390 586 390 587 385 592 383 592 354 592 355 612"/>
                        </Shape>
                        <String CONTENT=""/>
                    </TextLine>

                    <TextLine ID="line_17" HPOS="355" VPOS="617" WIDTH="579" HEIGHT="39" BASELINE="355 645 934 643" TAGREFS="TYPE_1">
                        <Shape>
                            <Polygon POINTS="355 655 412 652 422 655 423 656 424 656 425 656 426 656 427 656 427 655 433 652 506 655 526 656 526 656 534 655 567 651 719 655 736 655 737 655 738 655 739 655 744 650 932 654 934 643 931 617 858 621 821 617 817 617 816 617 815 617 814 617 807 624 776 624 745 618 740 617 740 617 734 618 695 625 566 625 550 619 548 618 547 618 547 618 546 618 544 619 526 625 414 625 396 619 395 619 394 619 393 619 392 619 390 619 372 625 355 620 355 645 355 655"/>
                        </Shape>
                        <String CONTENT=""/>
                    </TextLine>

                    <TextLine ID="line_18" HPOS="353" VPOS="649" WIDTH="580" HEIGHT="40" BASELINE="353 678 933 675" TAGREFS="TYPE_1">
                        <Shape>
                            <Polygon POINTS="353 678 353 685 416 684 425 685 453 689 454 689 455 689 472 685 476 684 483 685 515 689 516 689 539 685 547 683 552 684 567 688 567 688 568 688 608 684 620 683 631 684 663 687 664 687 679 684 683 683 753 683 755 683 760 687 761 687 761 687 762 687 780 683 786 682 802 683 851 687 851 687 932 682 933 675 931 656 853 656 851 655 820 649 819 649 818 649 818 649 810 655 810 655 808 655 786 649 786 649 785 649 761 653 732 649 731 649 730 649 719 654 716 655 712 654 691 649 691 649 690 649 689 649 683 654 679 657 654 657 650 654 646 649 645 649 644 649 643 649 642 649 627 654 620 656 617 654 611 649 610 649 609 649 609 649 565 654 530 657 503 654 482 650 481 650 353 652 353 678"/>
                        </Shape>
                        <String CONTENT=""/>
                    </TextLine>

                    <TextLine ID="line_19" HPOS="353" VPOS="681" WIDTH="581" HEIGHT="40" BASELINE="353 710 934 707" TAGREFS="TYPE_1">
                        <Shape>
                            <Polygon POINTS="739 685 731 685 723 685 715 685 707 685 699 685 693 685 692 686 690 687 665 686 654 685 650 685 642 685 641 685 640 686 633 688 572 685 570 685 562 685 554 685 546 685 538 685 530 685 522 685 515 685 507 688 476 685 473 685 465 685 457 685 449 685 442 689 389 689 358 685 353 685 353 710 353 720 416 721 417 721 418 721 422 720 432 717 469 719 497 721 497 721 522 719 555 715 567 718 573 719 574 719 575 719 582 718 594 715 629 718 650 719 651 719 652 719 658 717 669 715 683 717 699 719 699 719 700 719 707 717 712 715 716 716 719 718 720 718 720 718 758 716 805 714 839 715 917 719 918 719 919 719 934 714 934 707 932 687 884 681 883 681 882 681 870 686 870 687 798 687 797 686 790 681 789 681 788 681 787 681 757 686 757 686 755 686 744 685 739 685"/>
                        </Shape>
                        <String CONTENT=""/>
                    </TextLine>

                    <TextLine ID="line_20" HPOS="353" VPOS="713" WIDTH="580" HEIGHT="43" BASELINE="353 742 933 740" TAGREFS="TYPE_1">
                        <Shape>
                            <Polygon POINTS="353 742 353 752 613 756 613 756 637 751 643 749 645 750 650 755 650 755 651 755 652 755 724 750 739 749 740 750 745 754 745 755 746 755 747 755 748 756 765 756 765 755 766 755 779 750 781 749 784 750 809 755 810 755 833 749 835 749 835 749 846 755 847 755 847 755 870 751 880 755 881 755 882 755 932 748 933 740 931 721 876 721 875 720 863 713 862 713 861 713 860 713 860 713 859 713 850 719 829 714 828 714 802 713 802 713 801 713 800 713 794 717 790 713 789 713 788 713 761 713 761 713 760 713 759 713 750 719 728 713 728 713 727 713 726 713 725 713 719 719 716 721 667 721 661 719 644 713 643 713 642 713 616 718 599 722 584 722 578 718 573 714 572 714 572 714 571 714 570 714 557 718 544 721 511 717 489 715 469 715 469 715 468 715 467 715 464 717 457 721 449 717 444 714 443 714 423 714 423 714 422 714 421 714 417 716 408 722 386 722 378 716 374 714 374 714 373 714 372 714 353 715 353 742"/>
                        </Shape>
                        <String CONTENT=""/>
                    </TextLine>

                    <TextLine ID="line_21" HPOS="353" VPOS="747" WIDTH="580" HEIGHT="38" BASELINE="354 775 933 772" TAGREFS="TYPE_1">
                        <Shape>
                            <Polygon POINTS="354 775 354 785 932 782 933 772 931 752 867 747 866 747 865 747 855 752 784 752 753 752 747 748 746 748 745 748 720 748 719 748 662 752 644 748 643 748 642 748 641 748 620 753 618 753 612 753 531 748 530 748 506 753 361 749 360 749 359 749 358 749 353 752 354 775"/>
                        </Shape>
                        <String CONTENT=""/>
                    </TextLine>

                    <TextLine ID="line_22" HPOS="353" VPOS="779" WIDTH="581" HEIGHT="45" BASELINE="353 807 934 806" TAGREFS="TYPE_1">
                        <Shape>
                            <Polygon POINTS="353 807 353 821 447 818 454 822 457 823 458 823 459 824 530 824 530 823 553 822 609 818 655 822 662 822 663 822 670 822 719 817 730 822 731 822 732 822 732 822 738 822 793 818 857 822 860 822 860 822 861 822 878 817 932 822 934 806 933 785 922 780 921 780 921 780 920 780 919 780 913 785 843 785 805 785 804 785 797 779 796 779 795 779 724 779 723 779 722 779 721 779 715 784 713 785 709 784 693 780 692 780 691 780 661 783 641 786 595 786 581 783 567 780 498 780 497 780 497 780 489 782 477 785 456 781 452 781 451 781 450 781 448 781 436 785 431 781 428 780 427 780 427 780 426 780 425 780 421 781 411 785 353 781 353 807"/>
                        </Shape>
                        <String CONTENT=""/>
                    </TextLine>

                    <TextLine ID="line_23" HPOS="354" VPOS="811" WIDTH="139" HEIGHT="42" BASELINE="354 839 493 839" TAGREFS="TYPE_1">
                        <Shape>
                            <Polygon POINTS="354 839 354 852 421 848 439 850 477 853 477 853 478 853 493 847 493 839 493 819 473 814 472 814 471 814 470 814 469 814 469 815 465 819 465 820 449 820 449 819 442 814 442 813 441 813 440 813 440 813 421 816 413 811 412 811 411 811 411 811 382 815 370 811 370 811 369 811 368 811 354 818 354 839"/>
                        </Shape>
                        <String CONTENT=""/>
                    </TextLine>
</TextBlock>
                <TextBlock ID="block_5" HPOS="354" VPOS="851" WIDTH="580" HEIGHT="359" TAGREFS="TYPE_41">
                    <Shape>
                        <Polygon POINTS="354.58270263671875 851.149658203125 934.76904296875 851.149658203125 934.76904296875 1210.0386962890625 354.58270263671875 1210.0386962890625 354.58270263671875 851.149658203125"/>
                    </Shape>
                    <TextLine ID="line_24" HPOS="386" VPOS="839" WIDTH="547" HEIGHT="46" BASELINE="387 872 933 869" TAGREFS="TYPE_1">
                        <Shape>
                            <Polygon POINTS="387 872 387 885 408 881 455 884 465 885 465 885 489 884 555 881 562 884 567 885 567 885 568 885 583 884 603 880 670 882 749 884 750 884 932 879 933 869 932 847 914 841 913 841 913 841 912 841 898 845 886 839 885 839 884 839 884 839 861 846 854 841 853 841 852 841 811 839 810 839 810 839 796 846 737 840 736 840 736 840 720 846 706 840 705 840 704 840 703 840 688 847 688 847 650 847 649 847 615 840 614 840 613 840 595 847 497 841 496 841 495 841 494 841 486 847 439 847 427 847 426 847 395 841 395 841 394 841 393 841 386 845 387 872"/>
                        </Shape>
                        <String CONTENT=""/>
                    </TextLine>

                    <TextLine ID="line_25" HPOS="353" VPOS="876" WIDTH="581" HEIGHT="41" BASELINE="354 905 934 902" TAGREFS="TYPE_1">
                        <Shape>
                            <Polygon POINTS="354 905 354 917 933 912 934 902 933 880 921 876 921 876 920 876 919 876 909 880 906 882 877 882 871 880 854 876 853 876 852 876 851 876 851 876 844 880 841 883 787 883 779 881 755 876 754 876 732 881 724 883 715 881 693 876 692 876 691 876 673 881 666 883 637 881 592 879 592 879 577 881 570 883 566 882 551 876 550 876 549 876 497 882 479 884 464 884 460 882 452 877 452 877 451 877 450 877 353 882 354 905"/>
                        </Shape>
                        <String CONTENT=""/>
                    </TextLine>

                    <TextLine ID="line_26" HPOS="354" VPOS="909" WIDTH="580" HEIGHT="41" BASELINE="355 937 934 934" TAGREFS="TYPE_1">
                        <Shape>
                            <Polygon POINTS="355 937 355 946 547 950 547 950 548 950 563 945 563 945 565 945 576 949 577 949 578 949 600 945 602 945 613 945 731 949 732 949 732 949 733 949 740 944 741 944 747 944 790 948 790 949 921 949 921 948 921 948 934 943 934 934 933 913 926 909 925 909 925 909 924 909 923 909 914 913 904 909 903 909 790 909 790 909 761 913 743 909 742 909 741 909 716 913 621 909 620 909 619 909 618 909 612 913 547 910 547 910 546 910 545 910 539 914 526 910 526 910 525 910 492 914 448 910 447 910 446 910 445 910 440 914 432 910 432 910 431 910 430 910 415 914 379 910 378 910 354 915 355 937"/>
                        </Shape>
                        <String CONTENT=""/>
                    </TextLine>

                    <TextLine ID="line_27" HPOS="354" VPOS="941" WIDTH="579" HEIGHT="42" BASELINE="355 970 933 967" TAGREFS="TYPE_1">
                        <Shape>
                            <Polygon POINTS="355 970 355 983 388 979 481 982 501 983 502 983 507 982 526 979 541 982 544 982 545 982 546 982 547 982 547 981 551 978 651 980 731 982 732 982 932 976 933 967 931 946 907 941 906 941 905 941 893 946 791 946 784 941 783 941 782 941 781 941 781 941 768 946 740 941 739 941 738 941 726 946 711 942 710 942 709 942 690 946 683 942 682 942 681 942 680 942 627 946 621 942 621 942 620 942 559 942 558 942 557 942 546 947 500 942 499 942 498 942 489 947 481 942 481 942 480 942 479 942 478 942 464 947 436 942 435 942 434 942 421 947 397 942 396 942 354 948 355 970"/>
                        </Shape>
                        <String CONTENT=""/>
                    </TextLine>

                    <TextLine ID="line_28" HPOS="355" VPOS="975" WIDTH="579" HEIGHT="39" BASELINE="355 1001 934 1001" TAGREFS="TYPE_1">
                        <Shape>
                            <Polygon POINTS="355 1001 355 1011 407 1013 408 1013 409 1013 417 1011 425 1008 432 1011 437 1013 438 1013 439 1013 459 1011 476 1008 484 1011 493 1013 494 1013 495 1013 534 1010 560 1008 577 1010 607 1013 608 1014 747 1014 747 1013 825 1008 834 1008 836 1008 858 1013 859 1013 934 1007 934 1001 934 979 924 975 923 975 922 975 881 979 854 975 853 975 790 979 688 975 687 975 687 975 670 979 660 975 659 975 658 975 658 975 641 979 633 975 632 975 563 975 562 975 561 975 551 980 426 980 421 975 420 975 419 975 384 975 383 975 355 979 355 1001"/>
                        </Shape>
                        <String CONTENT=""/>
                    </TextLine>

                    <TextLine ID="line_29" HPOS="353" VPOS="1006" WIDTH="581" HEIGHT="38" BASELINE="354 1034 934 1032" TAGREFS="TYPE_1">
                        <Shape>
                            <Polygon POINTS="354 1034 354 1044 934 1040 934 1032 933 1014 887 1009 886 1009 885 1009 876 1013 876 1014 698 1014 695 1012 690 1007 689 1007 688 1007 687 1007 664 1010 658 1006 657 1006 656 1006 634 1006 633 1006 633 1006 632 1006 632 1007 626 1011 612 1006 611 1006 610 1006 518 1010 416 1007 415 1007 415 1007 414 1007 408 1011 407 1011 395 1007 395 1007 394 1007 393 1007 392 1007 387 1011 381 1015 353 1011 354 1034"/>
                        </Shape>
                        <String CONTENT=""/>
                    </TextLine>

                    <TextLine ID="line_30" HPOS="353" VPOS="1037" WIDTH="580" HEIGHT="40" BASELINE="354 1066 933 1064" TAGREFS="TYPE_1">
                        <Shape>
                            <Polygon POINTS="354 1066 354 1077 932 1073 933 1064 931 1044 907 1040 906 1040 877 1044 876 1044 876 1044 845 1037 844 1037 843 1037 831 1044 831 1044 830 1044 818 1040 818 1040 817 1040 816 1040 815 1040 810 1044 810 1044 761 1044 759 1043 750 1039 749 1039 748 1039 748 1039 747 1039 740 1043 738 1044 735 1043 722 1038 721 1038 720 1038 691 1042 672 1039 671 1039 670 1039 663 1043 659 1045 623 1045 618 1042 612 1038 611 1038 610 1038 609 1038 552 1042 536 1043 530 1042 516 1039 515 1039 514 1039 514 1039 510 1042 506 1045 495 1042 486 1039 485 1039 485 1039 484 1039 476 1041 464 1045 444 1041 429 1039 428 1039 353 1040 354 1066"/>
                        </Shape>
                        <String CONTENT=""/>
                    </TextLine>

                    <TextLine ID="line_31" HPOS="353" VPOS="1069" WIDTH="581" HEIGHT="41" BASELINE="354 1099 934 1097" TAGREFS="TYPE_1">
                        <Shape>
                            <Polygon POINTS="354 1099 354 1107 566 1110 567 1110 593 1108 638 1106 644 1108 646 1110 647 1110 648 1110 735 1110 735 1110 773 1109 903 1105 933 1109 934 1097 934 1077 914 1069 913 1069 913 1069 912 1069 887 1077 859 1077 841 1077 840 1076 832 1071 831 1071 831 1071 830 1071 829 1071 828 1071 821 1076 821 1077 797 1077 796 1076 759 1069 758 1069 728 1076 724 1077 679 1077 677 1076 668 1071 667 1071 666 1071 666 1071 654 1075 649 1070 648 1070 647 1070 609 1070 608 1070 607 1070 593 1076 589 1077 584 1076 561 1070 560 1070 559 1070 539 1075 531 1077 522 1075 506 1071 506 1071 505 1071 486 1075 476 1077 448 1075 403 1071 383 1071 382 1071 382 1071 381 1071 377 1075 374 1077 370 1075 366 1071 365 1071 364 1071 363 1071 362 1071 353 1074 354 1099"/>
                        </Shape>
                        <String CONTENT=""/>
                    </TextLine>

                    <TextLine ID="line_32" HPOS="353" VPOS="1102" WIDTH="581" HEIGHT="38" BASELINE="354 1131 934 1130" TAGREFS="TYPE_1">
                        <Shape>
                            <Polygon POINTS="354 1131 354 1139 932 1140 934 1130 932 1107 907 1103 906 1103 905 1103 892 1107 883 1110 877 1107 865 1102 864 1102 864 1102 863 1102 862 1102 854 1107 850 1110 823 1110 819 1108 809 1102 808 1102 807 1102 806 1102 794 1108 790 1110 732 1110 731 1109 724 1102 723 1102 722 1102 692 1102 691 1102 691 1102 679 1108 646 1102 645 1102 604 1110 598 1110 597 1110 588 1103 588 1103 587 1103 515 1103 514 1103 514 1103 494 1110 482 1103 481 1103 481 1103 480 1103 479 1103 478 1103 466 1110 465 1111 451 1111 425 1111 415 1104 415 1104 414 1104 393 1103 392 1103 391 1103 390 1103 379 1111 353 1111 354 1131"/>
                        </Shape>
                        <String CONTENT=""/>
                    </TextLine>

                    <TextLine ID="line_33" HPOS="354" VPOS="1136" WIDTH="580" HEIGHT="43" BASELINE="354 1163 934 1164" TAGREFS="TYPE_1">
                        <Shape>
                            <Polygon POINTS="354 1163 354 1176 381 1172 413 1172 419 1176 420 1177 421 1177 422 1177 423 1177 441 1176 512 1172 541 1172 547 1176 549 1177 550 1177 551 1177 551 1177 599 1176 672 1172 677 1175 681 1178 682 1178 683 1178 683 1178 684 1178 695 1175 699 1174 706 1175 729 1178 730 1178 731 1178 738 1175 743 1172 757 1172 761 1175 765 1178 765 1178 766 1178 767 1179 794 1179 794 1178 794 1178 803 1174 809 1172 840 1172 846 1174 858 1178 859 1178 860 1178 934 1173 934 1164 934 1143 925 1137 925 1137 924 1137 909 1137 909 1137 908 1137 907 1137 899 1143 778 1137 777 1137 777 1137 776 1137 770 1142 768 1144 730 1144 722 1141 707 1137 707 1137 706 1137 705 1137 695 1141 688 1143 680 1141 670 1137 669 1137 668 1137 667 1137 660 1140 654 1143 646 1140 637 1136 637 1136 636 1136 635 1136 634 1136 629 1140 623 1143 588 1143 584 1139 580 1136 579 1136 578 1136 577 1136 576 1136 571 1139 563 1143 544 1143 526 1139 516 1136 515 1136 486 1138 409 1143 399 1136 398 1136 397 1136 354 1136 354 1163"/>
                        </Shape>
                        <String CONTENT=""/>
                    </TextLine>

                    <TextLine ID="line_34" HPOS="354" VPOS="1166" WIDTH="140" HEIGHT="59" BASELINE="355 1197 494 1195" TAGREFS="TYPE_1">
                        <Shape>
                            <Polygon POINTS="355 1197 355 1213 395 1213 396 1213 404 1221 404 1221 405 1221 406 1221 444 1225 444 1225 471 1225 471 1225 472 1225 473 1225 484 1215 486 1213 493 1215 494 1195 493 1174 448 1166 448 1166 447 1166 446 1166 435 1173 419 1167 418 1167 417 1167 389 1171 378 1167 377 1167 376 1167 375 1167 354 1173 355 1197"/>
                        </Shape>
                        <String CONTENT=""/>
                    </TextLine>
</TextBlock>
                <TextBlock ID="block_1" HPOS="852" VPOS="1203" WIDTH="82" HEIGHT="34" TAGREFS="TYPE_5">
                    <Shape>
                        <Polygon POINTS="852.1035766601562 1203.79638671875 934.8965454101562 1203.79638671875 934.8965454101562 1237.404296875 852.1035766601562 1237.404296875 852.1035766601562 1203.79638671875"/>
                    </Shape>
                    <TextLine ID="line_35" HPOS="853" VPOS="1197" WIDTH="83" HEIGHT="56" BASELINE="853 1229 936 1229" TAGREFS="TYPE_1">
                        <Shape>
                            <Polygon POINTS="853 1229 853 1246 860 1251 861 1251 862 1251 863 1251 864 1251 883 1246 884 1246 898 1253 899 1253 900 1253 936 1247 936 1229 936 1204 884 1204 853 1197 853 1229"/>
                        </Shape>
                        <String CONTENT=""/>
                    </TextLine>
</TextBlock>
            </PrintSpace>
        </Page>
    </Layout>
</alto>