<?xml version="1.0" encoding="UTF-8"?>
<alto xmlns:xsi="http://www.w3.org/2001/XMLSchema-instance"
    xmlns="http://www.loc.gov/standards/alto/ns-v4#"
    xsi:schemaLocation="http://www.loc.gov/standards/alto/ns-v4# http://www.loc.gov/standards/alto/v4/alto-4-3.xsd">
    <Description>
        <MeasurementUnit>pixel</MeasurementUnit>
        <sourceImageInformation>
            <fileName>2013019.jpeg</fileName>
        </sourceImageInformation>
        <Processing ID="OCR_0">
            <processingCategory>other</processingCategory>
            <processingStepDescription>unknown</processingStepDescription>
            <processingSoftware>
                <softwareName>kraken</softwareName>
                <softwareVersion>4.3.13</softwareVersion>
            </processingSoftware>
        </Processing>
    </Description>
    <Tags>
        <OtherTag ID="TYPE_1" LABEL="DefaultLine"/>
        <OtherTag ID="TYPE_2" LABEL="MarginTextZone-ManuscriptAddendum"/>
        <OtherTag ID="TYPE_3" LABEL="TitlePageZone"/>
        <OtherTag ID="TYPE_4" LABEL="StampZone-Sticker"/>
        <OtherTag ID="TYPE_5" LABEL="StampZone"/>
        <OtherTag ID="TYPE_6" LABEL="MainZone-Entry-Continued"/>
        <OtherTag ID="TYPE_7" LABEL="GraphicZone-Maths"/>
        <OtherTag ID="TYPE_8" LABEL="FigureZone"/>
        <OtherTag ID="TYPE_9" LABEL="MainZone-Signature"/>
        <OtherTag ID="TYPE_10" LABEL="MainZone-P-Continued"/>
        <OtherTag ID="TYPE_11" LABEL="GraphicZone-Decoration"/>
        <OtherTag ID="TYPE_12" LABEL="MainZone-Date"/>
        <OtherTag ID="TYPE_13" LABEL="MainZone-Other"/>
        <OtherTag ID="TYPE_14" LABEL="TableZone-Continued"/>
        <OtherTag ID="TYPE_15" LABEL="MarginTextZone-Notes-Continued"/>
        <OtherTag ID="TYPE_16" LABEL="FigureZone-FigDesc"/>
        <OtherTag ID="TYPE_17" LABEL="MarginTextZone-Notes"/>
        <OtherTag ID="TYPE_18" LABEL="DropCapitalZone"/>
        <OtherTag ID="TYPE_19" LABEL="GraphicZone"/>
        <OtherTag ID="TYPE_20" LABEL="RunningTitleZone"/>
        <OtherTag ID="TYPE_21" LABEL="GraphicZone-FigDesc"/>
        <OtherTag ID="TYPE_22" LABEL="MainZone-Lg"/>
        <OtherTag ID="TYPE_23" LABEL="FigureZone-Head"/>
        <OtherTag ID="TYPE_24" LABEL="MainZone-P"/>
        <OtherTag ID="TYPE_25" LABEL="GraphicZone-Head"/>
        <OtherTag ID="TYPE_26" LABEL="QuireMarksZone"/>
        <OtherTag ID="TYPE_27" LABEL="MainZone-Sp"/>
        <OtherTag ID="TYPE_28" LABEL="MainZone-List"/>
        <OtherTag ID="TYPE_29" LABEL="GraphicZone-Part"/>
        <OtherTag ID="TYPE_30" LABEL="DigitizationArtefactZone"/>
        <OtherTag ID="TYPE_31" LABEL="MainZone-Entry"/>
        <OtherTag ID="TYPE_32" LABEL="TableZone-Head"/>
        <OtherTag ID="TYPE_33" LABEL="GraphicZone-TextualContent"/>
        <OtherTag ID="TYPE_34" LABEL="AdvertisementZone"/>
        <OtherTag ID="TYPE_35" LABEL="MainZone-List-Continued"/>
        <OtherTag ID="TYPE_36" LABEL="MainZone-Form"/>
        <OtherTag ID="TYPE_37" LABEL="MainZone-Head"/>
        <OtherTag ID="TYPE_38" LABEL="NumberingZone"/>
        <OtherTag ID="TYPE_39" LABEL="TitlePageZone-Index"/>
        <OtherTag ID="TYPE_40" LABEL="MainZone-Sp-Continued"/>
        <OtherTag ID="TYPE_41" LABEL="TableZone"/>
        <OtherTag ID="TYPE_42" LABEL="MainZone-Lg-Continued"/>
    </Tags>
    <Layout>
        <Page WIDTH="1000" HEIGHT="1448" PHYSICAL_IMG_NR="0" ID="page_0">
            <PrintSpace HPOS="0" VPOS="0" WIDTH="1000" HEIGHT="1448">
                <TextBlock ID="block_1" HPOS="253" VPOS="89" WIDTH="199" HEIGHT="36" TAGREFS="TYPE_20">
                    <Shape>
                        <Polygon POINTS="253.27273559570312 89.49751281738281 452.62774658203125 89.49751281738281 452.62774658203125 125.86941528320312 253.27273559570312 125.86941528320312 253.27273559570312 89.49751281738281"/>
                    </Shape>
                    <TextLine ID="line_0" HPOS="252" VPOS="104" WIDTH="200" HEIGHT="27" BASELINE="253 114 452 116" TAGREFS="TYPE_1">
                        <Shape>
                            <Polygon POINTS="382 104 374 104 366 104 358 104 349 104 341 104 333 104 325 104 317 104 309 104 301 104 293 104 285 104 277 104 269 104 261 104 253 104 253 114 252 128 298 129 299 129 300 129 319 123 337 129 337 129 338 129 339 129 355 122 384 122 401 127 402 127 403 127 403 127 409 123 415 130 415 131 416 131 417 131 418 131 419 131 419 131 431 124 449 131 452 116 451 105 385 104 382 104"/>
                        </Shape>
                        <String CONTENT=""/>
                    </TextLine>
</TextBlock>
                <TextBlock ID="block_3" HPOS="597" VPOS="97" WIDTH="56" HEIGHT="32" TAGREFS="TYPE_38">
                    <Shape>
                        <Polygon POINTS="597.2119750976562 97.2392349243164 653.2764282226562 97.2392349243164 653.2764282226562 129.9374542236328 597.2119750976562 129.9374542236328 597.2119750976562 97.2392349243164"/>
                    </Shape>
                    <TextLine ID="line_1" HPOS="598" VPOS="95" WIDTH="52" HEIGHT="43" BASELINE="599 119 650 117" TAGREFS="TYPE_1">
                        <Shape>
                            <Polygon POINTS="599 119 599 135 649 138 650 117 647 95 598 97 599 119"/>
                        </Shape>
                        <String CONTENT=""/>
                    </TextLine>
</TextBlock>
                <TextBlock ID="block_0" HPOS="65" VPOS="129" WIDTH="586" HEIGHT="521" TAGREFS="TYPE_10">
                    <Shape>
                        <Polygon POINTS="65.55408477783203 129.94857788085938 651.860595703125 129.94857788085938 651.860595703125 650.4954833984375 65.55408477783203 650.4954833984375 65.55408477783203 129.94857788085938"/>
                    </Shape>
                    <TextLine ID="line_2" HPOS="67" VPOS="123" WIDTH="583" HEIGHT="45" BASELINE="68 152 650 156" TAGREFS="TYPE_1">
                        <Shape>
                            <Polygon POINTS="67 164 150 166 151 166 173 164 201 161 237 164 279 167 279 167 280 167 281 167 286 164 289 162 358 162 366 164 385 168 386 168 406 164 411 163 422 164 473 168 473 168 474 168 475 168 481 164 481 163 485 164 504 168 505 168 506 168 506 168 523 164 546 168 547 168 547 168 557 164 605 168 606 168 607 168 608 168 613 164 622 168 623 168 624 168 649 163 650 156 650 132 617 127 617 127 573 131 559 131 553 131 533 126 532 126 531 126 530 126 530 127 526 130 524 132 506 132 502 130 496 125 495 125 494 125 493 125 493 125 481 129 477 131 455 129 432 127 431 127 430 127 425 128 419 131 415 128 409 124 408 124 407 124 358 123 358 123 296 126 216 130 206 125 206 124 205 124 205 124 204 124 203 124 201 125 188 129 170 124 164 123 164 123 115 123 114 123 113 123 112 123 112 123 105 129 85 129 69 123 68 152 67 164"/>
                        </Shape>
                        <String CONTENT=""/>
                    </TextLine>

                    <TextLine ID="line_3" HPOS="66" VPOS="160" WIDTH="584" HEIGHT="42" BASELINE="66 185 650 188" TAGREFS="TYPE_1">
                        <Shape>
                            <Polygon POINTS="650 188 648 167 359 168 317 164 308 164 308 164 307 164 306 164 305 164 300 168 297 164 294 162 294 161 293 161 292 161 292 161 291 161 281 164 275 166 269 164 263 161 262 161 211 161 210 161 209 161 204 164 197 166 195 164 192 161 192 160 191 160 190 160 158 160 157 160 156 160 151 163 145 166 119 163 96 160 95 160 94 160 90 163 82 167 67 163 66 185 66 198 256 195 263 197 267 199 268 199 269 199 284 197 310 195 317 197 322 199 323 199 324 199 336 197 353 195 383 195 386 197 390 201 390 201 391 201 392 201 408 197 415 196 424 197 443 200 444 200 477 197 490 196 493 197 503 201 504 201 505 202 544 202 544 201 545 201 559 197 560 197 633 201 634 201 635 201 649 196 650 188"/>
                        </Shape>
                        <String CONTENT=""/>
                    </TextLine>

                    <TextLine ID="line_4" HPOS="67" VPOS="193" WIDTH="580" HEIGHT="41" BASELINE="67 218 647 221" TAGREFS="TYPE_1">
                        <Shape>
                            <Polygon POINTS="646 199 543 201 534 197 529 196 528 196 527 196 512 197 494 200 491 197 488 195 487 195 486 195 456 195 456 195 455 195 454 195 452 197 448 200 436 197 428 195 427 195 427 195 426 195 422 197 415 201 382 201 365 197 353 194 353 194 352 194 347 197 341 200 281 200 275 196 272 194 271 194 271 194 225 194 224 194 223 194 221 195 214 198 202 195 195 193 194 193 193 193 193 193 189 195 182 199 156 199 152 195 151 193 150 193 149 193 130 193 129 193 128 193 126 194 118 199 78 199 68 194 67 218 67 229 314 227 337 231 343 232 344 232 353 231 390 228 415 232 422 233 423 233 423 233 424 233 425 232 432 228 472 228 482 233 483 233 484 233 485 233 489 233 518 229 527 233 529 234 530 234 530 234 572 234 572 234 572 234 574 234 592 229 604 234 605 234 606 234 607 234 609 234 629 229 645 234 647 221 646 199"/>
                        </Shape>
                        <String CONTENT=""/>
                    </TextLine>

                    <TextLine ID="line_5" HPOS="66" VPOS="224" WIDTH="580" HEIGHT="43" BASELINE="67 250 646 254" TAGREFS="TYPE_1">
                        <Shape>
                            <Polygon POINTS="67 250 66 257 87 263 88 263 89 263 113 259 149 263 150 263 151 263 168 259 170 259 173 259 189 263 189 263 190 263 191 263 192 263 197 259 197 259 205 259 263 263 264 263 265 263 273 261 278 259 279 261 283 264 283 264 284 264 319 265 320 265 320 265 328 262 332 260 397 260 406 263 414 266 415 266 415 266 445 263 481 261 497 264 504 266 505 266 506 266 506 266 508 265 514 261 526 265 530 267 531 267 532 267 533 267 536 265 543 262 550 265 552 267 553 267 554 267 646 267 646 254 646 232 640 227 639 227 638 227 637 227 637 227 636 227 627 233 626 233 582 227 581 227 580 227 559 233 555 234 550 233 523 226 522 226 496 232 493 233 492 232 485 226 485 226 484 226 427 226 426 226 425 226 409 232 407 233 359 233 353 231 316 226 315 226 278 231 276 231 275 231 268 225 267 225 267 225 245 225 244 225 243 225 242 225 234 231 234 232 191 232 189 230 181 224 181 224 180 224 179 224 178 224 165 230 67 230 67 250"/>
                        </Shape>
                        <String CONTENT=""/>
                    </TextLine>

                    <TextLine ID="line_6" HPOS="69" VPOS="257" WIDTH="578" HEIGHT="41" BASELINE="69 281 647 285" TAGREFS="TYPE_1">
                        <Shape>
                            <Polygon POINTS="69 281 69 293 437 293 440 293 456 297 457 297 486 293 490 293 494 293 532 298 533 298 646 293 647 285 646 265 629 261 629 261 584 264 551 266 540 263 529 260 528 260 527 260 526 260 526 260 522 263 517 266 498 263 492 262 491 262 477 263 416 266 382 261 370 259 369 259 368 259 367 259 366 261 358 266 300 266 224 259 218 259 217 259 216 259 215 259 208 265 185 265 176 258 176 258 175 258 174 258 169 258 120 263 69 257 69 281"/>
                        </Shape>
                        <String CONTENT=""/>
                    </TextLine>

                    <TextLine ID="line_7" HPOS="68" VPOS="292" WIDTH="578" HEIGHT="40" BASELINE="68 314 646 316" TAGREFS="TYPE_1">
                        <Shape>
                            <Polygon POINTS="68 314 68 329 183 324 207 330 208 330 209 330 209 330 210 330 211 330 219 324 237 324 259 330 260 330 261 330 263 330 307 324 325 329 326 329 327 329 383 324 400 331 401 331 402 331 403 331 403 331 404 331 414 324 436 324 512 331 516 331 517 331 518 331 531 324 541 331 542 331 543 331 543 331 544 331 559 324 566 330 566 331 567 331 567 331 568 332 646 332 646 316 646 299 626 293 625 293 625 293 598 297 536 294 535 294 534 294 534 294 527 298 526 299 475 299 473 298 459 293 458 293 422 293 421 293 420 293 411 297 410 298 279 298 278 297 271 293 270 293 269 293 268 293 267 293 262 297 260 297 155 297 154 296 148 292 147 292 146 292 145 292 68 296 68 314"/>
                        </Shape>
                        <String CONTENT=""/>
                    </TextLine>

                    <TextLine ID="line_8" HPOS="66" VPOS="322" WIDTH="581" HEIGHT="42" BASELINE="66 345 647 350" TAGREFS="TYPE_1">
                        <Shape>
                            <Polygon POINTS="66 345 66 357 162 355 181 359 186 360 187 360 193 359 208 356 212 359 213 361 214 361 215 361 291 362 292 362 292 362 296 360 301 357 356 357 411 362 427 362 428 362 429 362 432 362 447 357 452 362 453 363 454 363 455 363 456 364 545 364 545 363 546 363 547 362 554 359 565 363 569 364 570 364 571 364 572 364 572 364 574 363 580 359 586 363 588 364 588 364 589 364 590 364 646 363 647 350 647 333 605 326 604 326 567 331 551 325 551 325 550 325 472 329 438 324 437 324 404 331 403 331 403 331 390 326 390 326 389 326 388 326 370 331 369 331 367 331 352 324 351 324 350 324 324 328 304 324 303 324 265 330 260 330 172 330 170 329 145 322 144 322 144 322 143 322 142 322 132 329 66 329 66 345"/>
                        </Shape>
                        <String CONTENT=""/>
                    </TextLine>

                    <TextLine ID="line_9" HPOS="64" VPOS="354" WIDTH="580" HEIGHT="44" BASELINE="65 378 644 383" TAGREFS="TYPE_1">
                        <Shape>
                            <Polygon POINTS="65 378 64 389 152 393 152 393 153 393 160 390 167 389 256 389 261 392 263 394 264 394 265 394 266 394 288 392 309 390 325 393 335 394 336 394 337 394 340 393 347 390 374 394 387 395 388 395 389 395 394 394 405 390 448 390 476 395 484 396 485 396 485 396 489 395 506 391 527 395 531 396 532 396 533 396 534 396 541 391 549 396 550 397 551 397 551 397 552 398 594 398 594 397 595 397 596 397 603 392 642 397 644 383 644 365 620 359 619 359 590 362 585 357 584 357 584 357 583 357 559 362 475 358 474 358 473 358 465 362 464 362 461 362 450 356 449 356 448 356 404 361 391 362 388 360 379 356 378 356 378 356 377 356 362 360 354 362 351 359 345 355 344 355 343 355 342 355 295 358 263 361 246 357 238 357 238 357 233 357 222 360 219 357 217 355 216 355 215 355 214 355 205 357 192 360 188 357 185 354 185 354 184 354 168 354 168 354 167 354 166 354 166 355 164 357 160 360 65 355 65 378"/>
                        </Shape>
                        <String CONTENT=""/>
                    </TextLine>

                    <TextLine ID="line_10" HPOS="64" VPOS="387" WIDTH="582" HEIGHT="42" BASELINE="65 412 646 415" TAGREFS="TYPE_1">
                        <Shape>
                            <Polygon POINTS="65 412 64 419 74 423 74 423 75 423 160 420 172 420 173 420 182 427 183 427 184 427 185 427 223 422 234 420 240 422 258 427 259 427 259 427 284 423 292 421 300 423 318 427 319 427 320 427 320 427 332 423 339 421 390 424 439 427 440 427 440 427 444 425 452 421 464 426 471 428 472 428 473 428 486 426 505 423 510 427 512 428 513 428 514 428 514 429 543 429 543 428 544 428 545 428 547 427 555 422 576 422 589 427 591 428 592 428 592 429 645 429 646 415 646 394 637 389 637 389 636 389 635 389 555 395 550 395 547 395 521 389 520 389 491 394 484 389 483 389 482 389 448 388 423 388 423 388 422 388 421 388 414 394 359 394 276 394 275 394 268 390 267 390 267 390 266 390 222 394 220 394 219 394 192 387 155 387 154 387 153 387 152 387 142 394 129 387 128 387 127 387 127 387 114 394 65 394 65 412"/>
                        </Shape>
                        <String CONTENT=""/>
                    </TextLine>

                    <TextLine ID="line_11" HPOS="63" VPOS="419" WIDTH="583" HEIGHT="41" BASELINE="64 444 646 446" TAGREFS="TYPE_1">
                        <Shape>
                            <Polygon POINTS="64 444 63 452 143 457 144 457 208 453 209 453 210 453 217 458 218 458 218 458 259 460 259 460 260 460 275 455 285 460 286 460 287 460 395 460 395 460 396 460 409 455 417 460 418 460 419 460 452 460 453 460 645 456 646 446 645 427 607 420 606 420 526 425 510 427 461 427 459 424 452 419 451 419 450 419 449 419 448 419 433 424 432 424 431 424 407 419 407 419 406 419 405 419 399 424 396 426 366 426 364 423 360 420 360 419 359 419 358 419 334 419 333 419 333 419 332 419 328 423 325 425 317 423 303 419 302 419 283 419 282 419 281 419 280 419 276 423 273 425 251 425 247 423 240 419 239 419 238 419 207 422 185 424 181 422 175 419 174 419 156 419 156 419 155 419 154 419 150 422 145 424 64 421 64 444"/>
                        </Shape>
                        <String CONTENT=""/>
                    </TextLine>

                    <TextLine ID="line_12" HPOS="65" VPOS="452" WIDTH="583" HEIGHT="43" BASELINE="65 477 648 479" TAGREFS="TYPE_1">
                        <Shape>
                            <Polygon POINTS="65 477 65 486 131 493 132 493 133 493 149 488 162 493 163 493 164 493 164 493 188 488 271 493 271 493 298 489 324 493 325 493 325 493 333 489 357 494 358 494 358 494 377 489 386 494 386 494 387 494 388 495 431 495 431 494 432 494 448 489 485 494 485 494 486 494 509 489 598 494 599 494 647 488 648 479 648 459 639 453 638 453 637 453 637 453 636 453 626 457 618 453 617 453 538 453 537 453 536 453 535 453 528 459 511 453 510 453 510 453 509 453 489 459 475 453 474 453 473 453 473 453 472 453 464 459 464 460 359 460 357 459 304 452 303 452 302 452 287 458 205 458 187 452 186 452 185 452 185 452 184 452 184 453 177 458 177 459 148 459 148 458 135 452 134 452 76 452 75 452 74 452 65 456 65 477"/>
                        </Shape>
                        <String CONTENT=""/>
                    </TextLine>

                    <TextLine ID="line_13" HPOS="63" VPOS="485" WIDTH="583" HEIGHT="41" BASELINE="64 510 646 511" TAGREFS="TYPE_1">
                        <Shape>
                            <Polygon POINTS="64 510 63 518 100 524 101 525 139 525 139 524 140 524 152 519 153 518 166 519 222 524 223 524 224 524 225 524 230 520 234 518 285 518 294 521 302 523 303 523 304 523 304 523 311 521 318 518 353 518 359 522 364 525 365 525 366 525 366 526 386 526 386 525 387 525 392 522 398 519 403 522 408 525 409 525 410 526 428 526 428 525 429 525 430 525 432 522 437 519 444 522 448 525 449 525 450 526 480 526 480 525 481 525 481 525 483 523 488 520 495 523 497 524 497 524 578 525 579 525 580 525 581 524 600 519 644 525 646 511 645 491 612 485 611 485 567 490 566 490 565 490 545 485 544 485 543 485 391 490 373 490 339 490 79 485 78 485 78 485 64 489 64 510"/>
                        </Shape>
                        <String CONTENT=""/>
                    </TextLine>

                    <TextLine ID="line_14" HPOS="65" VPOS="522" WIDTH="581" HEIGHT="37" BASELINE="65 543 646 545" TAGREFS="TYPE_1">
                        <Shape>
                            <Polygon POINTS="516 522 508 522 500 522 492 522 484 522 476 522 468 522 460 522 452 522 444 522 436 522 427 522 419 522 411 522 403 522 395 522 387 522 379 522 371 522 363 522 355 522 347 522 339 522 331 522 323 522 315 522 307 522 299 522 291 522 283 522 275 522 267 522 259 522 251 522 242 522 234 522 226 522 218 522 210 522 202 522 194 522 186 522 178 522 170 522 162 522 154 522 146 522 138 522 130 522 122 522 114 522 106 522 98 522 90 522 82 522 74 522 65 522 65 543 65 551 152 556 153 556 172 552 175 552 176 552 190 557 191 557 192 557 229 553 234 553 237 553 259 558 260 558 296 554 309 553 316 555 332 558 333 558 375 555 415 553 436 556 452 559 453 559 504 557 599 554 644 559 646 545 645 523 516 522 516 522"/>
                        </Shape>
                        <String CONTENT=""/>
                    </TextLine>

                    <TextLine ID="line_15" HPOS="65" VPOS="550" WIDTH="579" HEIGHT="36" BASELINE="65 574 644 576" TAGREFS="TYPE_1">
                        <Shape>
                            <Polygon POINTS="65 574 65 586 643 584 644 576 643 556 587 551 586 551 564 555 562 556 502 556 499 555 493 551 492 551 491 551 490 551 446 554 440 550 439 550 438 550 398 550 397 550 396 550 395 550 390 554 390 555 388 554 378 551 377 551 376 551 375 551 363 554 359 555 65 552 65 574"/>
                        </Shape>
                        <String CONTENT=""/>
                    </TextLine>

                    <TextLine ID="line_16" HPOS="64" VPOS="582" WIDTH="582" HEIGHT="43" BASELINE="65 606 646 608" TAGREFS="TYPE_1">
                        <Shape>
                            <Polygon POINTS="65 606 64 616 147 623 148 623 184 617 206 623 207 623 208 623 209 623 222 618 230 623 230 623 231 623 232 623 265 619 282 624 283 624 283 624 307 619 366 619 371 624 372 624 373 624 374 624 448 619 467 625 468 625 469 625 493 620 501 625 502 625 502 625 503 625 645 619 646 608 645 588 591 583 590 583 543 586 531 587 526 586 511 583 510 583 510 583 504 586 502 587 65 582 65 606"/>
                        </Shape>
                        <String CONTENT=""/>
                    </TextLine>

                    <TextLine ID="line_17" HPOS="65" VPOS="617" WIDTH="150" HEIGHT="35" BASELINE="65 640 215 640" TAGREFS="TYPE_1">
                        <Shape>
                            <Polygon POINTS="65 640 65 652 215 649 215 640 215 618 65 617 65 640"/>
                        </Shape>
                        <String CONTENT=""/>
                    </TextLine>
</TextBlock>
                <TextBlock ID="block_2" HPOS="63" VPOS="649" WIDTH="586" HEIGHT="557" TAGREFS="TYPE_24">
                    <Shape>
                        <Polygon POINTS="63.0364875793457 649.8327026367188 649.9395751953125 649.8327026367188 649.9395751953125 1206.9539794921875 63.0364875793457 1206.9539794921875 63.0364875793457 649.8327026367188"/>
                    </Shape>
                    <TextLine ID="line_18" HPOS="93" VPOS="641" WIDTH="553" HEIGHT="47" BASELINE="94 670 646 674" TAGREFS="TYPE_1">
                        <Shape>
                            <Polygon POINTS="94 670 93 683 177 685 178 685 179 685 182 684 200 679 288 679 294 685 295 686 296 686 296 686 297 686 298 686 300 685 308 682 383 685 384 685 419 681 438 686 445 687 446 687 447 688 481 688 481 687 482 687 483 687 485 686 491 682 498 686 502 687 502 687 503 687 528 686 565 684 584 686 599 688 600 688 611 686 631 683 643 686 646 674 644 648 560 651 554 647 551 645 551 645 550 645 549 645 530 646 502 649 497 646 492 644 491 644 490 644 489 644 484 646 474 650 454 646 453 646 452 646 443 650 431 645 426 644 425 644 424 644 415 645 403 648 394 645 386 643 386 643 385 643 384 643 383 643 381 645 375 649 367 645 362 643 362 643 361 643 360 643 359 643 357 645 352 649 333 645 324 643 323 643 322 643 319 645 316 646 315 645 312 643 312 642 312 642 311 642 245 642 244 642 243 642 237 644 221 649 211 644 210 644 209 644 208 644 177 648 164 643 158 641 157 641 156 641 156 641 155 641 153 643 147 649 116 649 94 643 94 670"/>
                        </Shape>
                        <String CONTENT=""/>
                    </TextLine>

                    <TextLine ID="line_19" HPOS="69" VPOS="677" WIDTH="575" HEIGHT="40" BASELINE="70 704 644 707" TAGREFS="TYPE_1">
                        <Shape>
                            <Polygon POINTS="70 704 69 715 642 717 644 707 643 687 475 687 472 685 462 680 461 680 460 680 404 683 371 678 341 678 340 678 339 678 338 678 329 683 329 684 319 683 261 677 260 677 220 681 215 677 214 677 213 677 168 677 167 677 166 677 156 682 152 684 123 684 117 681 113 679 112 679 111 679 70 680 70 704"/>
                        </Shape>
                        <String CONTENT=""/>
                    </TextLine>

                    <TextLine ID="line_20" HPOS="62" VPOS="709" WIDTH="584" HEIGHT="43" BASELINE="63 735 646 740" TAGREFS="TYPE_1">
                        <Shape>
                            <Polygon POINTS="63 735 62 742 97 748 98 748 125 744 204 748 205 748 205 748 213 745 213 744 215 745 227 748 228 748 417 750 418 750 430 748 448 746 644 752 646 740 646 716 639 713 638 713 637 713 637 713 562 717 548 718 535 717 480 713 479 713 460 717 459 717 458 717 452 712 452 711 452 711 451 711 450 711 449 711 438 716 406 711 405 711 382 715 368 711 367 711 366 711 366 711 365 711 359 715 342 711 341 711 341 711 281 715 279 715 277 715 228 710 227 710 184 715 146 715 135 709 135 709 134 709 133 709 132 709 126 714 97 709 96 709 63 714 63 735"/>
                        </Shape>
                        <String CONTENT=""/>
                    </TextLine>

                    <TextLine ID="line_21" HPOS="65" VPOS="741" WIDTH="581" HEIGHT="40" BASELINE="66 768 646 772" TAGREFS="TYPE_1">
                        <Shape>
                            <Polygon POINTS="66 768 65 777 70 781 71 781 72 781 73 781 109 777 182 781 183 781 645 780 646 772 645 752 620 751 609 744 608 744 607 744 583 749 551 744 551 744 512 749 503 750 501 749 494 744 493 744 493 744 492 744 491 744 475 748 465 744 465 744 464 744 433 748 414 750 396 750 393 747 387 743 386 743 386 743 385 743 351 746 323 749 304 745 286 742 285 742 247 744 196 748 181 744 181 744 180 744 144 747 135 743 131 741 131 741 130 741 123 743 107 746 66 742 66 768"/>
                        </Shape>
                        <String CONTENT=""/>
                    </TextLine>

                    <TextLine ID="line_22" HPOS="64" VPOS="775" WIDTH="581" HEIGHT="40" BASELINE="65 800 645 805" TAGREFS="TYPE_1">
                        <Shape>
                            <Polygon POINTS="65 800 64 808 73 813 74 813 74 813 142 810 236 814 237 814 331 811 343 811 344 811 354 815 355 815 356 815 644 814 645 805 645 785 620 778 619 778 618 778 564 784 553 785 551 784 546 780 545 780 544 780 543 780 489 782 452 784 399 784 395 781 390 777 389 777 388 777 387 777 366 780 363 781 362 780 357 776 356 776 355 776 309 776 308 776 308 776 307 776 302 779 299 781 277 778 244 775 243 775 242 775 234 777 222 781 218 777 215 775 214 775 213 775 213 775 201 777 188 780 169 777 160 775 65 775 65 800"/>
                        </Shape>
                        <String CONTENT=""/>
                    </TextLine>

                    <TextLine ID="line_23" HPOS="66" VPOS="806" WIDTH="577" HEIGHT="45" BASELINE="66 832 643 837" TAGREFS="TYPE_1">
                        <Shape>
                            <Polygon POINTS="66 832 66 846 149 842 197 847 201 847 201 847 202 847 203 847 219 843 224 847 225 847 226 847 226 847 228 847 259 843 387 849 397 849 398 849 399 849 399 849 411 844 450 844 641 851 643 837 642 818 600 818 599 817 579 810 578 810 577 810 576 810 558 815 547 810 547 810 546 810 545 810 533 816 514 810 513 810 484 810 483 810 482 810 481 810 472 816 471 817 453 817 452 816 439 809 438 809 417 809 416 809 415 809 403 815 403 816 368 816 367 815 357 810 356 810 355 810 314 814 312 814 297 808 296 808 296 808 214 814 212 814 211 814 204 807 203 807 202 807 201 807 201 807 189 811 179 807 178 807 177 807 138 810 98 806 98 806 66 812 66 832"/>
                        </Shape>
                        <String CONTENT=""/>
                    </TextLine>

                    <TextLine ID="line_24" HPOS="63" VPOS="842" WIDTH="581" HEIGHT="41" BASELINE="63 865 644 869" TAGREFS="TYPE_1">
                        <Shape>
                            <Polygon POINTS="63 865 63 877 82 874 128 877 149 879 150 879 151 879 157 877 168 875 207 877 242 880 243 880 261 877 280 875 318 875 321 877 329 880 329 880 330 880 331 880 339 877 343 876 411 876 436 877 501 881 502 881 502 881 503 881 509 877 510 876 511 877 527 882 528 882 529 883 621 883 621 882 622 882 643 876 644 869 644 851 576 845 575 845 534 849 527 850 421 850 418 847 412 843 411 843 411 843 410 843 358 847 331 848 325 847 317 843 316 843 316 843 260 845 197 847 186 844 179 842 178 842 177 842 165 844 150 847 139 843 135 842 134 842 87 842 86 842 86 842 85 842 84 843 80 846 63 843 63 865"/>
                        </Shape>
                        <String CONTENT=""/>
                    </TextLine>

                    <TextLine ID="line_25" HPOS="61" VPOS="872" WIDTH="582" HEIGHT="43" BASELINE="61 896 643 901" TAGREFS="TYPE_1">
                        <Shape>
                            <Polygon POINTS="61 896 61 907 121 911 122 911 140 908 151 906 168 908 201 912 202 913 230 913 230 912 231 912 232 912 237 909 240 907 277 909 346 912 347 912 382 909 392 909 395 909 404 913 405 913 406 913 430 909 436 909 442 909 464 914 547 915 547 915 642 910 643 901 642 883 552 883 551 881 547 878 547 878 546 878 545 878 525 880 519 881 518 880 510 875 510 875 509 875 508 875 472 880 460 881 456 880 445 874 444 874 444 874 403 879 389 880 386 879 382 875 382 874 381 874 380 874 379 874 358 878 353 879 350 878 339 873 338 873 254 872 253 872 231 876 218 879 213 876 209 872 209 872 208 872 207 872 206 872 205 872 201 876 195 879 183 876 177 874 176 874 176 874 175 874 170 876 158 879 61 874 61 896"/>
                        </Shape>
                        <String CONTENT=""/>
                    </TextLine>

                    <TextLine ID="line_26" HPOS="65" VPOS="906" WIDTH="580" HEIGHT="42" BASELINE="65 929 645 934" TAGREFS="TYPE_1">
                        <Shape>
                            <Polygon POINTS="65 929 65 938 83 938 85 939 90 943 90 943 91 943 92 943 125 939 132 938 139 939 161 942 162 942 207 939 218 939 224 940 269 946 270 946 301 940 304 940 307 940 342 944 343 944 369 941 390 946 391 946 392 946 415 942 442 946 443 946 444 946 460 942 548 948 549 948 625 947 625 947 644 942 645 934 643 909 564 915 546 910 545 910 544 910 505 913 498 909 497 908 497 908 496 908 495 908 489 909 464 914 444 909 436 907 435 907 434 907 433 907 424 909 407 914 378 914 372 909 370 907 369 907 368 907 367 907 345 909 319 913 311 909 301 906 300 906 300 906 248 907 247 907 246 907 242 910 238 913 180 913 177 910 173 907 173 906 172 906 172 906 171 906 170 906 156 910 152 912 92 912 90 911 83 906 82 906 82 906 81 906 80 906 65 910 65 929"/>
                        </Shape>
                        <String CONTENT=""/>
                    </TextLine>

                    <TextLine ID="line_27" HPOS="62" VPOS="937" WIDTH="583" HEIGHT="43" BASELINE="63 962 645 966" TAGREFS="TYPE_1">
                        <Shape>
                            <Polygon POINTS="63 962 62 970 181 975 182 975 198 972 205 977 205 977 206 977 257 978 258 978 311 973 312 973 354 979 355 979 403 974 451 979 452 979 490 974 529 979 530 979 567 975 574 980 575 980 576 980 576 980 644 974 645 966 645 947 626 942 625 942 625 942 593 946 502 946 498 945 481 940 480 940 479 940 402 943 353 945 347 942 340 938 339 938 280 938 279 938 279 938 271 941 256 944 207 944 202 939 201 938 201 937 200 937 199 937 198 937 188 939 164 942 160 938 158 937 158 937 157 937 156 937 63 937 63 962"/>
                        </Shape>
                        <String CONTENT=""/>
                    </TextLine>

                    <TextLine ID="line_28" HPOS="61" VPOS="970" WIDTH="583" HEIGHT="43" BASELINE="61 994 644 998" TAGREFS="TYPE_1">
                        <Shape>
                            <Polygon POINTS="61 1003 86 1010 86 1010 87 1011 146 1011 146 1010 178 1004 231 1011 232 1011 295 1005 327 1005 335 1011 336 1011 337 1011 337 1011 338 1011 349 1006 379 1006 421 1012 422 1013 520 1013 520 1012 521 1012 534 1007 538 1011 539 1011 539 1011 540 1011 541 1011 551 1008 556 1013 557 1013 558 1013 559 1013 577 1009 593 1013 594 1013 595 1013 596 1013 609 1007 643 1007 644 998 644 979 598 974 597 974 596 974 585 977 581 979 578 977 570 974 569 974 568 974 567 974 567 974 563 977 562 979 558 977 551 974 551 974 550 974 539 977 527 979 502 976 472 973 471 973 470 973 469 973 466 975 463 979 412 979 388 974 372 972 331 972 330 972 329 972 325 974 316 977 302 973 296 971 295 971 294 971 286 973 271 977 189 977 175 971 174 971 173 971 172 971 152 975 143 970 142 970 141 970 140 970 135 970 80 975 62 970 61 994 61 1003"/>
                        </Shape>
                        <String CONTENT=""/>
                    </TextLine>

                    <TextLine ID="line_29" HPOS="61" VPOS="1003" WIDTH="583" HEIGHT="41" BASELINE="61 1028 644 1032" TAGREFS="TYPE_1">
                        <Shape>
                            <Polygon POINTS="643 1012 536 1007 535 1007 534 1007 534 1007 530 1010 527 1011 521 1010 506 1006 505 1006 504 1006 503 1006 502 1006 498 1010 496 1011 483 1009 453 1006 452 1006 440 1008 428 1011 393 1007 368 1006 367 1006 357 1007 340 1010 335 1007 333 1005 333 1005 332 1005 331 1005 319 1007 295 1010 266 1006 255 1004 254 1004 246 1005 226 1009 141 1005 140 1005 85 1008 61 1003 61 1028 61 1038 149 1036 177 1039 215 1042 216 1042 217 1042 230 1039 237 1037 240 1039 246 1042 247 1042 302 1043 303 1043 333 1039 342 1038 345 1039 349 1043 349 1043 350 1043 351 1044 382 1044 382 1043 382 1043 397 1040 403 1038 404 1040 409 1044 410 1044 411 1044 411 1044 435 1040 440 1039 443 1040 456 1044 456 1044 457 1044 511 1040 526 1039 534 1040 561 1044 562 1044 643 1040 644 1032 643 1012"/>
                        </Shape>
                        <String CONTENT=""/>
                    </TextLine>

                    <TextLine ID="line_30" HPOS="60" VPOS="1032" WIDTH="581" HEIGHT="45" BASELINE="61 1059 641 1063" TAGREFS="TYPE_1">
                        <Shape>
                            <Polygon POINTS="61 1059 60 1068 72 1073 73 1073 74 1073 74 1073 94 1069 95 1069 130 1069 131 1069 137 1073 138 1073 139 1073 139 1073 168 1069 176 1069 183 1069 207 1073 208 1073 235 1070 244 1069 246 1070 252 1075 253 1075 254 1075 255 1075 279 1071 288 1069 290 1071 296 1076 297 1076 298 1076 299 1077 371 1077 371 1076 372 1076 373 1076 377 1072 379 1070 384 1072 392 1075 393 1075 394 1075 395 1075 395 1075 399 1073 403 1070 419 1073 440 1076 441 1076 442 1076 448 1073 451 1072 465 1073 495 1077 496 1077 497 1077 505 1073 512 1071 527 1074 545 1077 546 1077 641 1075 641 1063 641 1044 509 1044 506 1040 499 1036 498 1036 497 1036 476 1036 475 1036 474 1036 465 1040 460 1042 455 1040 448 1037 448 1037 447 1037 446 1037 445 1037 443 1040 438 1044 416 1044 407 1039 398 1035 397 1035 396 1035 395 1035 382 1038 366 1042 337 1037 320 1035 320 1035 319 1035 314 1037 304 1042 297 1036 294 1034 293 1034 292 1034 292 1034 291 1034 290 1034 287 1036 279 1041 200 1041 174 1034 170 1033 169 1033 106 1033 106 1033 105 1033 104 1033 96 1039 61 1032 61 1059"/>
                        </Shape>
                        <String CONTENT=""/>
                    </TextLine>

                    <TextLine ID="line_31" HPOS="61" VPOS="1066" WIDTH="582" HEIGHT="44" BASELINE="61 1092 643 1095" TAGREFS="TYPE_1">
                        <Shape>
                            <Polygon POINTS="61 1092 61 1104 193 1102 201 1104 211 1108 212 1108 213 1108 230 1104 238 1102 242 1104 251 1108 252 1108 253 1108 294 1104 312 1102 316 1104 324 1108 325 1108 325 1108 458 1105 465 1109 466 1109 467 1109 468 1109 487 1105 500 1110 501 1110 502 1110 562 1105 573 1110 574 1110 575 1110 618 1110 618 1110 619 1110 642 1103 643 1095 642 1077 580 1077 576 1075 561 1069 560 1069 559 1069 559 1069 544 1074 542 1075 539 1074 524 1069 523 1069 522 1069 522 1069 510 1074 508 1074 506 1073 482 1069 443 1069 442 1069 441 1069 431 1073 427 1073 422 1073 405 1069 404 1069 403 1069 403 1069 398 1072 393 1075 352 1075 339 1071 337 1070 336 1070 335 1070 329 1071 298 1074 288 1070 282 1068 281 1068 225 1068 224 1068 223 1068 222 1068 222 1069 218 1072 207 1069 205 1068 204 1068 203 1068 202 1068 201 1068 201 1069 194 1073 185 1068 183 1067 182 1067 181 1067 181 1067 178 1068 168 1073 159 1068 157 1067 156 1067 156 1067 155 1067 153 1068 136 1073 117 1069 116 1069 115 1069 115 1069 104 1073 61 1066 61 1092"/>
                        </Shape>
                        <String CONTENT=""/>
                    </TextLine>

                    <TextLine ID="line_32" HPOS="61" VPOS="1099" WIDTH="580" HEIGHT="44" BASELINE="62 1123 641 1129" TAGREFS="TYPE_1">
                        <Shape>
                            <Polygon POINTS="62 1123 61 1132 68 1137 69 1137 69 1137 70 1137 115 1132 119 1132 120 1132 135 1138 135 1138 136 1139 194 1139 194 1138 195 1138 204 1134 207 1133 211 1135 225 1139 226 1139 226 1139 301 1136 351 1135 381 1138 404 1140 405 1140 406 1140 410 1139 417 1135 437 1139 451 1141 452 1141 467 1139 484 1138 497 1140 506 1142 507 1142 508 1142 512 1140 518 1138 529 1141 533 1142 534 1142 534 1142 535 1142 539 1141 556 1137 640 1143 641 1129 640 1105 569 1110 549 1104 547 1104 547 1104 546 1104 539 1104 506 1107 473 1104 460 1103 459 1103 458 1103 457 1103 456 1104 451 1107 384 1104 329 1102 329 1102 328 1102 327 1102 324 1104 319 1107 279 1107 188 1106 186 1104 182 1100 181 1100 181 1100 180 1100 148 1104 137 1105 135 1104 129 1099 128 1099 127 1099 110 1099 109 1099 108 1099 107 1099 102 1104 102 1104 62 1104 62 1123"/>
                        </Shape>
                        <String CONTENT=""/>
                    </TextLine>

                    <TextLine ID="line_33" HPOS="61" VPOS="1130" WIDTH="580" HEIGHT="44" BASELINE="61 1157 641 1161" TAGREFS="TYPE_1">
                        <Shape>
                            <Polygon POINTS="61 1157 61 1166 83 1172 84 1172 85 1172 93 1168 156 1172 157 1172 158 1172 159 1172 164 1168 176 1172 177 1172 178 1172 242 1168 251 1168 262 1169 319 1173 320 1174 386 1174 386 1173 386 1173 387 1173 390 1171 392 1169 640 1173 641 1161 641 1139 595 1133 594 1133 542 1138 528 1139 521 1137 498 1133 497 1133 452 1136 432 1138 428 1136 420 1132 419 1132 419 1132 395 1135 386 1137 382 1135 378 1131 377 1131 376 1131 375 1131 349 1135 339 1136 333 1135 322 1131 321 1131 320 1131 306 1135 294 1137 283 1134 270 1131 269 1131 268 1131 267 1131 257 1134 247 1136 233 1134 218 1131 217 1131 216 1131 209 1133 201 1136 167 1136 163 1132 160 1131 160 1130 160 1130 159 1130 158 1130 157 1130 156 1130 152 1132 148 1135 131 1132 119 1130 98 1130 97 1130 96 1130 95 1130 94 1131 88 1135 61 1131 61 1157"/>
                        </Shape>
                        <String CONTENT=""/>
                    </TextLine>

                    <TextLine ID="line_34" HPOS="59" VPOS="1164" WIDTH="582" HEIGHT="59" BASELINE="60 1189 641 1192" TAGREFS="TYPE_1">
                        <Shape>
                            <Polygon POINTS="60 1189 59 1210 97 1221 98 1221 98 1221 168 1221 168 1221 169 1221 193 1213 203 1210 215 1214 237 1221 238 1221 238 1221 239 1221 255 1215 264 1211 277 1215 278 1215 279 1215 304 1211 328 1217 353 1222 354 1223 370 1223 370 1222 370 1222 371 1222 378 1217 387 1212 395 1216 396 1216 397 1216 398 1216 415 1212 442 1219 446 1220 447 1220 448 1220 448 1220 451 1219 468 1213 485 1219 485 1219 486 1219 520 1213 554 1221 560 1223 561 1223 562 1223 563 1223 567 1221 588 1213 608 1213 639 1223 641 1192 641 1175 606 1175 604 1174 576 1167 576 1167 557 1167 556 1167 555 1167 555 1167 548 1172 546 1175 497 1175 490 1172 476 1166 475 1166 474 1166 473 1166 455 1171 444 1173 399 1170 360 1167 359 1167 358 1167 351 1169 345 1171 341 1168 337 1165 336 1165 335 1165 334 1165 333 1165 333 1165 333 1166 329 1168 327 1171 323 1168 316 1165 316 1165 285 1165 284 1165 269 1168 234 1172 216 1166 213 1165 212 1165 211 1165 206 1166 182 1172 60 1164 60 1189"/>
                        </Shape>
                        <String CONTENT=""/>
                    </TextLine>
</TextBlock>
            </PrintSpace>
        </Page>
    </Layout>
</alto>