<?xml version="1.0" encoding="UTF-8"?>
<alto xmlns:xsi="http://www.w3.org/2001/XMLSchema-instance"
    xmlns="http://www.loc.gov/standards/alto/ns-v4#"
    xsi:schemaLocation="http://www.loc.gov/standards/alto/ns-v4# http://www.loc.gov/standards/alto/v4/alto-4-3.xsd">
    <Description>
        <MeasurementUnit>pixel</MeasurementUnit>
        <sourceImageInformation>
            <fileName>2013031.jpeg</fileName>
        </sourceImageInformation>
        <Processing ID="OCR_0">
            <processingCategory>other</processingCategory>
            <processingStepDescription>unknown</processingStepDescription>
            <processingSoftware>
                <softwareName>kraken</softwareName>
                <softwareVersion>4.3.13</softwareVersion>
            </processingSoftware>
        </Processing>
    </Description>
    <Tags>
        <OtherTag ID="TYPE_1" LABEL="DefaultLine"/>
        <OtherTag ID="TYPE_2" LABEL="MarginTextZone-ManuscriptAddendum"/>
        <OtherTag ID="TYPE_3" LABEL="TitlePageZone"/>
        <OtherTag ID="TYPE_4" LABEL="StampZone-Sticker"/>
        <OtherTag ID="TYPE_5" LABEL="StampZone"/>
        <OtherTag ID="TYPE_6" LABEL="MainZone-Entry-Continued"/>
        <OtherTag ID="TYPE_7" LABEL="GraphicZone-Maths"/>
        <OtherTag ID="TYPE_8" LABEL="FigureZone"/>
        <OtherTag ID="TYPE_9" LABEL="MainZone-Signature"/>
        <OtherTag ID="TYPE_10" LABEL="MainZone-P-Continued"/>
        <OtherTag ID="TYPE_11" LABEL="GraphicZone-Decoration"/>
        <OtherTag ID="TYPE_12" LABEL="MainZone-Date"/>
        <OtherTag ID="TYPE_13" LABEL="MainZone-Other"/>
        <OtherTag ID="TYPE_14" LABEL="TableZone-Continued"/>
        <OtherTag ID="TYPE_15" LABEL="MarginTextZone-Notes-Continued"/>
        <OtherTag ID="TYPE_16" LABEL="FigureZone-FigDesc"/>
        <OtherTag ID="TYPE_17" LABEL="MarginTextZone-Notes"/>
        <OtherTag ID="TYPE_18" LABEL="DropCapitalZone"/>
        <OtherTag ID="TYPE_19" LABEL="GraphicZone"/>
        <OtherTag ID="TYPE_20" LABEL="RunningTitleZone"/>
        <OtherTag ID="TYPE_21" LABEL="GraphicZone-FigDesc"/>
        <OtherTag ID="TYPE_22" LABEL="MainZone-Lg"/>
        <OtherTag ID="TYPE_23" LABEL="FigureZone-Head"/>
        <OtherTag ID="TYPE_24" LABEL="MainZone-P"/>
        <OtherTag ID="TYPE_25" LABEL="GraphicZone-Head"/>
        <OtherTag ID="TYPE_26" LABEL="QuireMarksZone"/>
        <OtherTag ID="TYPE_27" LABEL="MainZone-Sp"/>
        <OtherTag ID="TYPE_28" LABEL="MainZone-List"/>
        <OtherTag ID="TYPE_29" LABEL="GraphicZone-Part"/>
        <OtherTag ID="TYPE_30" LABEL="DigitizationArtefactZone"/>
        <OtherTag ID="TYPE_31" LABEL="MainZone-Entry"/>
        <OtherTag ID="TYPE_32" LABEL="TableZone-Head"/>
        <OtherTag ID="TYPE_33" LABEL="GraphicZone-TextualContent"/>
        <OtherTag ID="TYPE_34" LABEL="AdvertisementZone"/>
        <OtherTag ID="TYPE_35" LABEL="MainZone-List-Continued"/>
        <OtherTag ID="TYPE_36" LABEL="MainZone-Form"/>
        <OtherTag ID="TYPE_37" LABEL="MainZone-Head"/>
        <OtherTag ID="TYPE_38" LABEL="NumberingZone"/>
        <OtherTag ID="TYPE_39" LABEL="TitlePageZone-Index"/>
        <OtherTag ID="TYPE_40" LABEL="MainZone-Sp-Continued"/>
        <OtherTag ID="TYPE_41" LABEL="TableZone"/>
        <OtherTag ID="TYPE_42" LABEL="MainZone-Lg-Continued"/>
    </Tags>
    <Layout>
        <Page WIDTH="1000" HEIGHT="1448" PHYSICAL_IMG_NR="0" ID="page_0">
            <PrintSpace HPOS="0" VPOS="0" WIDTH="1000" HEIGHT="1448">
                <TextBlock ID="block_1" HPOS="247" VPOS="93" WIDTH="203" HEIGHT="36" TAGREFS="TYPE_20">
                    <Shape>
                        <Polygon POINTS="247.07626342773438 93.48026275634766 450.4876708984375 93.48026275634766 450.4876708984375 129.91082763671875 247.07626342773438 129.91082763671875 247.07626342773438 93.48026275634766"/>
                    </Shape>
                    <TextLine ID="line_0" HPOS="248" VPOS="115" WIDTH="201" HEIGHT="17" BASELINE="249 119 449 118" TAGREFS="TYPE_1">
                        <Shape>
                            <Polygon POINTS="441 115 433 115 425 115 417 115 409 115 401 115 393 115 385 115 377 115 369 115 361 115 353 115 345 115 337 115 329 115 320 115 312 115 304 115 296 115 288 115 280 115 272 115 264 115 256 115 248 115 249 119 249 132 448 130 449 118 448 115 441 115"/>
                        </Shape>
                        <String CONTENT=""/>
                    </TextLine>
</TextBlock>
                <TextBlock ID="block_4" HPOS="610" VPOS="99" WIDTH="54" HEIGHT="33" TAGREFS="TYPE_38">
                    <Shape>
                        <Polygon POINTS="610.7598266601562 99.99295806884766 664.4988403320312 99.99295806884766 664.4988403320312 132.11477661132812 610.7598266601562 132.11477661132812 610.7598266601562 99.99295806884766"/>
                    </Shape>
                    <TextLine ID="line_1" HPOS="613" VPOS="93" WIDTH="46" HEIGHT="42" BASELINE="613 119 659 119" TAGREFS="TYPE_1">
                        <Shape>
                            <Polygon POINTS="613 119 613 131 638 135 639 135 659 131 659 119 658 93 613 94 613 119"/>
                        </Shape>
                        <String CONTENT=""/>
                    </TextLine>
</TextBlock>
                <TextBlock ID="block_0" HPOS="73" VPOS="143" WIDTH="594" HEIGHT="1072" TAGREFS="TYPE_10">
                    <Shape>
                        <Polygon POINTS="73.09202575683594 143.30731201171875 667.4327392578125 143.30731201171875 667.4327392578125 1215.2889404296875 73.09202575683594 1215.2889404296875 73.09202575683594 143.30731201171875"/>
                    </Shape>
                    <TextLine ID="line_2" HPOS="75" VPOS="125" WIDTH="583" HEIGHT="48" BASELINE="76 160 658 155" TAGREFS="TYPE_1">
                        <Shape>
                            <Polygon POINTS="76 160 76 173 149 173 149 172 150 172 151 172 155 168 166 172 167 172 168 172 168 172 181 167 251 172 259 172 260 172 261 172 262 172 274 165 367 165 390 165 397 170 398 170 399 170 399 170 401 170 433 165 449 169 450 169 451 169 478 165 492 169 493 169 493 169 575 168 576 168 584 164 588 168 589 168 590 168 591 168 657 168 658 155 655 130 600 131 596 130 589 125 588 125 588 125 572 125 571 125 570 125 555 131 555 131 506 132 504 131 495 127 494 127 442 127 441 127 391 133 386 133 385 133 367 127 366 127 366 127 260 135 252 135 251 135 243 129 242 129 242 129 241 129 185 133 179 128 178 128 177 128 176 128 120 129 119 129 119 129 119 130 112 135 75 136 76 160"/>
                        </Shape>
                        <String CONTENT=""/>
                    </TextLine>

                    <TextLine ID="line_3" HPOS="74" VPOS="163" WIDTH="584" HEIGHT="42" BASELINE="75 191 658 188" TAGREFS="TYPE_1">
                        <Shape>
                            <Polygon POINTS="75 191 75 201 114 205 115 205 115 205 128 201 132 200 143 201 180 204 181 204 296 200 315 199 319 199 345 203 346 203 397 199 406 198 407 199 412 203 413 203 414 203 415 204 511 204 511 203 512 203 529 198 566 202 567 202 567 202 576 197 577 197 585 201 586 201 587 201 612 197 613 197 636 202 637 202 637 202 658 197 658 188 657 169 646 163 645 163 644 163 643 163 627 168 571 164 570 164 569 164 568 164 563 169 526 169 498 164 497 164 497 164 496 164 489 169 426 164 425 164 400 169 384 164 383 164 382 164 382 164 364 170 221 164 220 164 164 171 92 165 91 165 90 165 74 171 75 191"/>
                        </Shape>
                        <String CONTENT=""/>
                    </TextLine>

                    <TextLine ID="line_4" HPOS="74" VPOS="195" WIDTH="584" HEIGHT="43" BASELINE="75 223 658 220" TAGREFS="TYPE_1">
                        <Shape>
                            <Polygon POINTS="75 223 76 238 98 232 190 237 191 237 192 237 203 232 231 236 232 236 259 231 274 236 275 236 275 236 301 231 309 236 310 236 311 236 312 236 366 230 376 234 377 234 378 234 407 230 413 235 414 235 415 235 415 235 458 230 473 234 473 234 474 234 475 234 485 230 574 234 575 234 576 234 576 234 582 230 588 234 589 234 590 234 591 234 615 230 656 234 658 220 656 201 616 201 609 195 608 195 607 195 606 195 510 201 366 196 366 196 338 201 328 197 327 197 326 197 256 201 224 197 223 197 222 197 202 202 191 197 190 197 189 197 146 202 86 197 85 197 84 197 74 202 75 223"/>
                        </Shape>
                        <String CONTENT=""/>
                    </TextLine>

                    <TextLine ID="line_5" HPOS="74" VPOS="226" WIDTH="584" HEIGHT="44" BASELINE="75 257 658 254" TAGREFS="TYPE_1">
                        <Shape>
                            <Polygon POINTS="75 257 75 266 219 270 220 270 221 270 235 265 237 265 251 265 344 269 345 269 409 264 416 264 423 264 495 268 496 268 497 268 510 263 513 263 529 263 629 267 630 267 657 263 658 254 657 232 637 226 636 226 635 226 580 231 551 226 551 226 550 226 549 226 543 231 466 227 465 227 465 227 464 227 456 233 386 233 367 227 366 227 366 227 333 233 237 228 236 228 235 228 226 233 220 229 219 229 218 229 218 229 171 233 156 229 156 229 155 229 119 233 96 229 95 229 94 229 74 234 75 257"/>
                        </Shape>
                        <String CONTENT=""/>
                    </TextLine>

                    <TextLine ID="line_6" HPOS="75" VPOS="260" WIDTH="583" HEIGHT="41" BASELINE="76 289 658 285" TAGREFS="TYPE_1">
                        <Shape>
                            <Polygon POINTS="76 289 76 297 163 301 164 301 164 301 177 297 239 300 240 300 241 300 252 296 253 296 255 296 291 300 292 300 315 296 317 296 318 296 326 300 327 300 328 300 353 296 353 296 362 300 362 300 363 300 424 300 424 300 445 295 447 295 495 295 519 295 540 299 541 299 542 299 557 295 650 298 650 298 651 298 652 298 658 294 658 285 656 262 448 265 440 263 425 260 424 260 423 260 415 263 409 266 387 264 361 262 360 262 341 264 330 266 325 265 312 261 311 261 310 261 309 261 308 261 308 262 304 265 302 267 285 267 272 265 246 262 246 262 245 262 234 266 230 267 218 266 192 263 191 263 190 263 184 266 180 267 157 267 96 263 95 263 75 267 76 289"/>
                        </Shape>
                        <String CONTENT=""/>
                    </TextLine>

                    <TextLine ID="line_7" HPOS="74" VPOS="292" WIDTH="582" HEIGHT="43" BASELINE="75 321 656 318" TAGREFS="TYPE_1">
                        <Shape>
                            <Polygon POINTS="75 321 75 330 131 330 139 335 139 335 140 335 141 335 182 330 203 335 204 335 205 335 230 330 273 334 274 334 275 334 284 329 285 329 287 329 312 334 312 335 359 335 359 334 360 334 361 334 366 330 416 333 417 333 418 333 426 329 427 329 438 329 481 333 482 333 483 333 496 329 500 333 501 333 502 333 502 333 547 329 563 328 567 329 575 333 576 333 576 333 656 329 656 318 654 296 633 292 632 292 631 292 630 292 625 296 623 297 615 296 588 293 587 293 555 297 550 297 547 297 518 292 518 292 495 297 485 293 485 293 462 293 461 293 460 293 460 293 453 298 450 298 425 294 424 294 371 298 359 294 358 294 358 294 316 299 314 299 312 299 253 294 252 294 251 294 251 294 243 299 190 295 189 295 158 299 152 295 151 295 150 295 149 295 113 300 90 295 89 295 88 295 74 300 75 321"/>
                        </Shape>
                        <String CONTENT=""/>
                    </TextLine>

                    <TextLine ID="line_8" HPOS="76" VPOS="324" WIDTH="579" HEIGHT="43" BASELINE="77 353 655 350" TAGREFS="TYPE_1">
                        <Shape>
                            <Polygon POINTS="77 353 78 367 94 362 189 366 190 366 222 362 276 362 283 366 283 366 284 366 285 366 288 366 346 362 403 366 403 366 404 366 405 366 409 362 423 366 423 366 424 366 445 366 502 366 502 366 514 366 539 365 540 365 551 360 567 365 568 365 569 365 570 365 589 360 654 365 655 350 654 330 633 324 632 324 631 324 577 329 550 324 549 324 548 324 547 324 539 330 509 331 411 331 404 325 403 325 403 325 378 325 378 325 336 332 317 332 312 326 311 326 310 326 309 326 283 331 224 326 223 326 222 326 205 332 94 327 93 327 92 327 76 333 77 353"/>
                        </Shape>
                        <String CONTENT=""/>
                    </TextLine>

                    <TextLine ID="line_9" HPOS="74" VPOS="358" WIDTH="581" HEIGHT="41" BASELINE="75 386 655 382" TAGREFS="TYPE_1">
                        <Shape>
                            <Polygon POINTS="75 386 75 394 181 394 191 399 192 399 193 399 228 394 231 394 235 394 263 398 263 398 264 398 265 398 270 394 271 394 293 394 346 398 347 398 348 398 358 394 366 393 400 395 432 397 433 397 559 396 559 396 560 396 561 395 565 392 654 395 655 382 654 363 540 358 539 358 539 358 527 362 510 358 510 358 509 358 480 363 479 363 437 359 436 359 351 364 345 364 340 364 251 360 250 360 215 365 211 365 201 365 112 361 111 361 111 361 110 361 105 365 105 366 74 366 75 386"/>
                        </Shape>
                        <String CONTENT=""/>
                    </TextLine>

                    <TextLine ID="line_10" HPOS="77" VPOS="388" WIDTH="580" HEIGHT="43" BASELINE="78 418 657 415" TAGREFS="TYPE_1">
                        <Shape>
                            <Polygon POINTS="78 418 79 431 85 427 138 427 143 430 144 431 144 431 145 431 146 431 163 430 197 427 205 429 209 431 210 431 211 431 212 431 216 429 223 426 231 429 234 430 235 430 236 431 351 431 351 430 368 427 381 425 429 427 510 429 511 429 656 423 657 415 655 394 586 394 563 388 562 388 561 388 551 393 539 388 539 388 538 388 511 394 510 394 508 394 480 389 479 389 478 389 469 394 468 394 423 394 423 394 399 389 399 389 350 394 344 394 331 394 225 390 224 390 223 390 222 390 218 394 189 394 139 395 138 394 131 390 130 390 129 390 94 390 93 390 92 390 77 394 78 418"/>
                        </Shape>
                        <String CONTENT=""/>
                    </TextLine>

                    <TextLine ID="line_11" HPOS="76" VPOS="421" WIDTH="582" HEIGHT="40" BASELINE="77 449 658 447" TAGREFS="TYPE_1">
                        <Shape>
                            <Polygon POINTS="77 449 77 459 463 461 464 461 657 456 658 447 656 428 632 423 631 423 630 423 621 427 610 427 543 427 534 421 533 421 532 421 531 421 506 425 486 421 485 421 485 421 474 427 456 422 455 422 355 422 354 422 353 422 353 422 347 427 346 427 345 427 325 423 324 423 323 423 322 423 319 427 316 429 268 430 242 430 239 426 235 423 235 423 234 423 234 423 233 423 209 426 189 429 168 426 157 424 156 424 156 424 150 426 139 430 106 430 99 426 94 423 94 423 93 423 92 423 76 425 77 449"/>
                        </Shape>
                        <String CONTENT=""/>
                    </TextLine>

                    <TextLine ID="line_12" HPOS="74" VPOS="453" WIDTH="583" HEIGHT="42" BASELINE="75 483 657 480" TAGREFS="TYPE_1">
                        <Shape>
                            <Polygon POINTS="75 483 75 491 194 494 195 494 222 491 232 490 235 491 246 495 247 495 248 495 249 495 250 495 255 491 257 490 322 490 326 491 339 495 340 495 341 495 370 491 383 489 407 489 409 491 412 494 413 494 414 494 415 495 479 495 479 494 480 494 489 491 494 489 501 491 511 493 512 493 513 493 656 490 657 480 655 460 619 460 607 453 606 453 605 453 604 453 582 460 581 460 580 460 565 455 564 455 504 455 503 455 502 455 502 455 495 459 493 461 445 461 441 459 434 456 433 456 432 456 432 456 431 456 427 459 424 461 406 461 401 459 390 454 390 454 389 454 354 455 353 455 353 455 348 458 344 461 329 458 312 455 312 455 275 458 238 461 207 457 196 456 195 456 194 456 193 456 192 457 185 462 174 457 169 456 168 456 156 456 155 456 154 456 153 456 152 457 145 462 74 457 75 483"/>
                        </Shape>
                        <String CONTENT=""/>
                    </TextLine>

                    <TextLine ID="line_13" HPOS="74" VPOS="486" WIDTH="584" HEIGHT="44" BASELINE="75 515 658 511" TAGREFS="TYPE_1">
                        <Shape>
                            <Polygon POINTS="75 515 75 523 135 523 135 523 148 529 149 529 150 530 176 530 176 529 177 529 199 522 201 522 220 522 221 522 228 528 229 528 230 528 230 528 270 522 271 522 271 522 307 528 308 528 343 527 344 527 358 522 359 522 362 522 426 526 427 526 453 521 456 521 468 521 638 526 639 526 640 526 658 519 658 511 656 492 621 486 620 486 619 486 604 491 481 487 480 487 423 493 403 488 403 488 402 488 341 489 340 489 339 489 333 493 292 489 291 489 290 489 289 489 283 493 174 489 173 489 140 494 92 489 91 489 90 489 74 495 75 515"/>
                        </Shape>
                        <String CONTENT=""/>
                    </TextLine>

                    <TextLine ID="line_14" HPOS="76" VPOS="518" WIDTH="581" HEIGHT="39" BASELINE="77 548 657 544" TAGREFS="TYPE_1">
                        <Shape>
                            <Polygon POINTS="77 548 77 556 655 557 657 544 655 522 622 518 621 518 621 518 620 518 617 522 614 523 592 522 583 521 582 521 576 522 557 525 549 522 541 518 540 518 539 518 539 518 530 522 519 526 499 526 493 522 491 519 490 519 489 519 454 519 453 519 452 519 452 519 448 522 441 526 376 526 370 522 367 520 366 520 366 520 347 520 346 520 345 520 340 522 329 527 288 527 272 522 270 522 269 522 268 522 267 522 264 522 246 527 234 522 230 521 229 521 205 521 204 521 203 521 199 522 187 529 161 529 151 522 148 522 148 522 147 522 140 522 117 527 103 522 100 522 99 522 98 522 76 522 77 548"/>
                        </Shape>
                        <String CONTENT=""/>
                    </TextLine>

                    <TextLine ID="line_15" HPOS="74" VPOS="551" WIDTH="584" HEIGHT="41" BASELINE="74 580 658 576" TAGREFS="TYPE_1">
                        <Shape>
                            <Polygon POINTS="74 580 74 588 181 592 182 592 329 587 363 591 364 591 365 591 377 586 378 586 468 590 469 590 521 585 646 589 647 589 648 589 658 584 658 576 655 552 624 556 615 552 611 551 610 551 609 551 609 551 604 552 593 558 564 558 559 553 556 551 555 551 555 551 554 551 519 554 499 555 488 554 467 551 466 551 465 551 465 551 460 555 456 559 442 559 437 555 432 551 432 551 431 551 416 551 415 551 384 555 361 559 351 556 341 553 340 553 339 553 338 553 329 556 323 559 272 559 269 557 261 552 260 552 259 552 259 552 235 558 230 559 228 558 219 553 218 553 218 553 163 558 156 553 156 553 155 553 132 553 131 553 131 553 130 553 122 559 121 560 74 560 74 580"/>
                        </Shape>
                        <String CONTENT=""/>
                    </TextLine>

                    <TextLine ID="line_16" HPOS="73" VPOS="582" WIDTH="584" HEIGHT="41" BASELINE="74 613 657 609" TAGREFS="TYPE_1">
                        <Shape>
                            <Polygon POINTS="74 613 74 623 656 619 657 609 654 588 639 588 637 588 629 582 628 582 627 582 626 582 625 582 625 582 617 588 616 589 519 589 518 588 510 583 510 583 509 583 485 583 485 583 484 583 473 588 472 589 448 588 316 584 316 584 315 584 303 589 298 591 294 589 282 584 281 584 280 584 279 584 267 589 263 591 236 590 235 589 230 584 229 584 228 584 227 584 164 586 163 586 152 589 145 592 105 592 100 590 92 585 91 585 90 585 73 589 74 613"/>
                        </Shape>
                        <String CONTENT=""/>
                    </TextLine>

                    <TextLine ID="line_17" HPOS="74" VPOS="616" WIDTH="583" HEIGHT="41" BASELINE="74 645 657 642" TAGREFS="TYPE_1">
                        <Shape>
                            <Polygon POINTS="74 645 74 653 158 657 159 657 205 653 222 652 258 652 259 653 263 656 263 656 264 656 265 656 329 653 365 651 369 653 372 655 373 655 374 655 374 656 417 656 417 655 418 655 419 655 422 653 425 651 442 653 470 655 471 655 506 653 537 650 547 653 554 654 555 654 555 654 567 653 579 650 584 653 588 654 589 654 590 654 656 652 657 642 655 622 586 622 571 616 570 616 569 616 568 616 567 616 562 620 530 617 529 617 528 617 512 621 498 617 497 617 497 617 496 617 474 622 448 617 447 617 410 622 400 617 399 617 399 617 398 617 382 621 366 617 366 617 365 617 364 617 346 623 307 617 306 617 274 623 263 617 263 617 262 617 193 618 193 618 179 624 169 620 168 620 168 620 142 624 86 618 86 618 85 618 74 624 74 645"/>
                        </Shape>
                        <String CONTENT=""/>
                    </TextLine>

                    <TextLine ID="line_18" HPOS="77" VPOS="648" WIDTH="581" HEIGHT="38" BASELINE="78 677 658 674" TAGREFS="TYPE_1">
                        <Shape>
                            <Polygon POINTS="78 677 78 684 657 686 658 674 656 652 598 654 594 652 588 649 587 649 586 649 565 652 555 654 553 652 549 649 548 649 547 649 513 648 512 648 492 653 482 655 443 655 436 653 419 649 419 649 418 649 417 649 408 653 406 654 404 653 399 649 398 649 397 649 369 649 368 649 367 649 358 654 353 656 329 656 326 654 322 650 322 649 321 649 320 649 288 649 287 649 267 654 259 655 250 654 222 649 222 649 198 654 188 656 172 654 137 650 136 650 119 654 112 656 108 654 98 651 98 651 97 651 77 654 78 677"/>
                        </Shape>
                        <String CONTENT=""/>
                    </TextLine>

                    <TextLine ID="line_19" HPOS="74" VPOS="681" WIDTH="582" HEIGHT="43" BASELINE="74 711 656 707" TAGREFS="TYPE_1">
                        <Shape>
                            <Polygon POINTS="74 711 74 718 123 724 124 724 125 724 126 724 132 719 159 723 160 723 160 723 171 718 172 718 186 724 187 724 188 724 189 724 189 724 197 718 198 716 366 716 377 717 422 722 423 722 423 722 438 717 440 716 449 717 500 721 501 721 655 715 656 707 654 688 625 681 624 681 623 681 622 681 613 688 436 688 423 682 423 682 422 682 381 689 379 689 378 689 307 682 306 682 271 690 269 690 268 690 254 683 253 683 252 683 221 688 190 683 189 683 168 684 168 684 167 684 159 690 146 684 145 684 144 684 100 688 87 684 86 684 86 684 85 684 74 689 74 711"/>
                        </Shape>
                        <String CONTENT=""/>
                    </TextLine>

                    <TextLine ID="line_20" HPOS="74" VPOS="714" WIDTH="581" HEIGHT="42" BASELINE="74 743 655 740" TAGREFS="TYPE_1">
                        <Shape>
                            <Polygon POINTS="74 743 74 752 133 749 139 752 146 756 147 756 148 756 148 756 149 756 154 752 158 750 197 752 243 756 244 756 245 756 255 752 271 748 311 748 325 753 331 755 332 755 333 755 342 753 366 748 439 753 460 755 461 755 471 754 510 748 654 754 655 740 654 721 620 714 619 714 618 714 600 721 506 721 493 714 492 714 491 714 451 722 413 722 396 715 395 715 288 715 288 715 287 715 275 721 208 715 207 715 206 715 190 723 74 723 74 743"/>
                        </Shape>
                        <String CONTENT=""/>
                    </TextLine>

                    <TextLine ID="line_21" HPOS="74" VPOS="747" WIDTH="581" HEIGHT="41" BASELINE="74 774 655 774" TAGREFS="TYPE_1">
                        <Shape>
                            <Polygon POINTS="74 774 74 782 114 788 115 788 156 784 232 788 233 788 234 788 246 783 279 788 279 788 280 788 298 783 299 783 300 783 338 788 339 788 378 784 428 788 429 788 430 788 443 783 444 783 458 783 639 788 640 788 641 788 655 783 655 774 654 752 625 753 619 752 596 747 595 747 594 747 584 752 582 753 580 752 567 747 566 747 534 747 534 747 533 747 518 752 515 753 497 752 435 749 434 749 433 749 432 749 427 752 426 754 329 754 329 753 320 747 320 747 319 747 273 747 272 747 238 753 236 754 183 754 182 753 156 747 156 747 155 747 154 747 142 753 135 747 134 747 133 747 103 747 102 747 74 753 74 774"/>
                        </Shape>
                        <String CONTENT=""/>
                    </TextLine>

                    <TextLine ID="line_22" HPOS="73" VPOS="779" WIDTH="580" HEIGHT="42" BASELINE="74 807 653 806" TAGREFS="TYPE_1">
                        <Shape>
                            <Polygon POINTS="74 807 74 815 143 820 144 820 189 815 192 815 200 820 201 820 201 820 202 821 230 821 230 820 231 820 244 815 245 815 248 815 311 820 312 820 336 815 359 820 360 820 361 820 370 814 371 814 374 814 399 819 400 819 427 814 429 814 431 814 446 819 447 819 448 819 497 814 501 814 502 814 517 819 518 819 518 819 519 819 539 814 539 814 543 814 617 819 618 819 652 814 653 806 651 785 569 785 551 780 550 780 549 780 521 785 497 779 497 779 496 779 463 784 453 779 452 779 452 779 451 779 433 785 365 781 364 781 363 781 347 785 346 785 345 785 333 781 333 781 332 781 331 781 330 781 325 785 314 780 313 780 312 780 312 780 311 780 305 785 299 780 298 780 297 780 210 780 209 780 209 780 197 785 197 785 194 785 158 780 157 780 129 785 127 785 127 785 113 780 112 780 84 780 83 780 82 780 73 784 74 807"/>
                        </Shape>
                        <String CONTENT=""/>
                    </TextLine>

                    <TextLine ID="line_23" HPOS="74" VPOS="812" WIDTH="576" HEIGHT="41" BASELINE="74 839 650 838" TAGREFS="TYPE_1">
                        <Shape>
                            <Polygon POINTS="74 839 74 847 90 852 90 852 91 853 191 853 191 852 192 852 206 849 212 847 218 849 229 852 230 852 230 852 277 849 306 847 326 850 350 852 351 852 352 852 357 850 363 847 374 850 380 851 381 851 382 851 382 851 387 850 398 847 417 850 426 851 427 851 427 851 428 851 429 851 434 847 439 851 440 851 441 851 442 851 443 851 453 851 478 847 521 851 530 851 531 851 532 851 534 851 545 847 556 851 557 851 558 851 559 851 563 851 599 847 648 851 650 838 647 814 581 818 557 814 541 812 540 812 539 812 530 814 519 818 515 815 512 812 511 812 510 812 495 812 494 812 467 816 446 818 442 816 436 812 436 812 435 812 434 812 403 816 385 812 384 812 383 812 382 812 362 817 360 818 359 817 354 813 353 813 353 813 333 813 332 813 331 813 321 818 318 820 263 820 259 818 236 813 235 813 234 813 191 819 190 819 189 819 146 813 145 813 144 813 121 819 85 813 84 813 83 813 82 813 74 818 74 839"/>
                        </Shape>
                        <String CONTENT=""/>
                    </TextLine>

                    <TextLine ID="line_24" HPOS="73" VPOS="846" WIDTH="584" HEIGHT="37" BASELINE="74 872 657 871" TAGREFS="TYPE_1">
                        <Shape>
                            <Polygon POINTS="74 872 74 882 656 883 657 871 654 846 73 847 74 872"/>
                        </Shape>
                        <String CONTENT=""/>
                    </TextLine>

                    <TextLine ID="line_25" HPOS="71" VPOS="876" WIDTH="581" HEIGHT="39" BASELINE="72 904 652 901" TAGREFS="TYPE_1">
                        <Shape>
                            <Polygon POINTS="72 904 72 914 650 915 652 901 650 881 625 881 622 880 609 876 608 876 607 876 606 876 593 880 592 880 579 876 578 876 577 876 576 876 559 880 554 882 509 882 502 880 488 876 487 876 486 876 485 876 485 876 479 880 478 880 474 880 456 876 456 876 455 876 445 880 440 881 431 880 416 876 415 876 400 879 384 882 373 879 365 876 364 876 363 876 347 879 334 880 318 879 300 876 300 876 299 876 295 878 287 882 259 878 251 877 251 877 250 877 249 877 248 878 241 883 213 883 197 878 196 877 195 877 194 877 193 877 192 878 181 882 71 877 72 904"/>
                        </Shape>
                        <String CONTENT=""/>
                    </TextLine>

                    <TextLine ID="line_26" HPOS="74" VPOS="909" WIDTH="580" HEIGHT="41" BASELINE="74 937 654 935" TAGREFS="TYPE_1">
                        <Shape>
                            <Polygon POINTS="74 937 74 946 357 950 358 950 358 950 364 948 372 945 382 948 387 949 388 949 389 949 390 949 394 948 403 945 582 949 597 949 598 949 599 949 607 945 612 949 613 949 613 949 614 950 653 950 654 935 653 913 638 909 637 909 593 909 592 909 592 909 591 909 584 913 583 913 568 913 504 909 473 909 473 909 472 909 471 909 467 912 465 913 389 912 295 909 294 909 293 909 292 909 291 911 286 915 254 915 246 911 242 909 242 909 241 909 240 909 234 911 221 914 74 910 74 937"/>
                        </Shape>
                        <String CONTENT=""/>
                    </TextLine>

                    <TextLine ID="line_27" HPOS="74" VPOS="942" WIDTH="580" HEIGHT="41" BASELINE="74 968 654 966" TAGREFS="TYPE_1">
                        <Shape>
                            <Polygon POINTS="74 968 74 979 137 983 138 983 139 983 146 979 148 978 160 979 193 983 194 983 195 983 205 979 205 978 300 978 302 979 306 983 307 983 308 983 308 983 338 983 338 983 361 979 366 978 372 979 389 982 390 982 410 979 421 977 436 979 466 982 467 982 653 978 654 966 652 947 625 942 624 942 555 946 552 947 516 947 515 946 509 942 508 942 507 942 506 942 506 942 488 946 487 946 486 946 476 942 475 942 474 942 456 946 455 946 454 946 449 942 448 942 448 942 447 942 386 946 378 946 377 946 365 942 364 942 363 942 362 942 353 946 349 948 316 948 313 946 305 942 304 942 304 942 303 942 293 946 289 948 230 948 225 946 217 942 216 942 215 942 214 942 203 946 197 948 135 948 131 946 127 942 127 942 126 942 125 942 74 945 74 968"/>
                        </Shape>
                        <String CONTENT=""/>
                    </TextLine>

                    <TextLine ID="line_28" HPOS="74" VPOS="974" WIDTH="580" HEIGHT="42" BASELINE="74 1002 654 1000" TAGREFS="TYPE_1">
                        <Shape>
                            <Polygon POINTS="74 1002 74 1010 98 1014 99 1014 182 1011 205 1010 209 1011 225 1016 226 1016 226 1016 275 1016 275 1016 275 1016 276 1016 281 1011 337 1014 338 1014 339 1014 348 1011 353 1010 373 1011 424 1015 425 1015 426 1015 434 1011 439 1009 458 1011 485 1015 486 1015 653 1011 654 1000 652 980 600 974 553 974 552 974 551 974 551 974 544 979 543 980 490 980 489 979 474 974 473 974 473 974 405 979 396 979 395 979 386 974 385 974 384 974 383 974 367 979 362 980 352 979 331 976 330 976 329 976 318 979 312 980 310 979 305 975 304 975 304 975 303 975 279 979 275 979 273 979 269 975 268 975 267 975 267 975 233 979 214 981 169 981 167 979 164 975 163 975 162 975 161 975 74 978 74 1002"/>
                        </Shape>
                        <String CONTENT=""/>
                    </TextLine>

                    <TextLine ID="line_29" HPOS="74" VPOS="1008" WIDTH="580" HEIGHT="40" BASELINE="74 1035 654 1031" TAGREFS="TYPE_1">
                        <Shape>
                            <Polygon POINTS="74 1035 74 1044 163 1048 164 1048 285 1043 305 1042 315 1042 369 1046 370 1046 390 1042 391 1042 392 1042 420 1046 421 1046 444 1041 447 1041 448 1041 456 1045 457 1045 458 1046 535 1046 535 1045 653 1040 654 1031 652 1016 594 1009 593 1009 592 1009 581 1015 575 1015 517 1011 516 1011 515 1011 509 1015 506 1016 448 1016 444 1014 428 1008 427 1008 427 1008 426 1008 425 1008 425 1009 419 1014 417 1016 398 1014 350 1009 349 1009 349 1009 339 1013 332 1016 305 1013 277 1010 276 1010 275 1010 275 1010 271 1013 266 1017 243 1013 238 1012 238 1012 225 1013 154 1017 146 1012 144 1011 144 1011 143 1011 142 1011 74 1011 74 1035"/>
                        </Shape>
                        <String CONTENT=""/>
                    </TextLine>

                    <TextLine ID="line_30" HPOS="74" VPOS="1038" WIDTH="580" HEIGHT="41" BASELINE="74 1067 654 1064" TAGREFS="TYPE_1">
                        <Shape>
                            <Polygon POINTS="74 1067 74 1075 160 1079 160 1079 161 1079 162 1079 168 1075 169 1074 288 1074 290 1074 304 1078 304 1078 305 1078 306 1078 307 1078 312 1074 314 1074 345 1078 345 1078 409 1073 416 1073 423 1073 497 1077 497 1077 653 1072 654 1064 652 1044 578 1038 577 1038 576 1038 558 1044 541 1038 540 1038 539 1038 539 1038 524 1042 481 1039 480 1039 479 1039 467 1044 389 1039 388 1039 355 1045 339 1040 338 1040 337 1040 299 1045 292 1040 291 1040 290 1040 267 1040 267 1040 266 1040 251 1045 226 1040 226 1040 225 1040 215 1044 203 1040 202 1040 201 1040 201 1040 200 1040 192 1046 174 1040 173 1040 145 1040 144 1040 144 1040 128 1046 96 1040 95 1040 94 1040 74 1047 74 1067"/>
                        </Shape>
                        <String CONTENT=""/>
                    </TextLine>

                    <TextLine ID="line_31" HPOS="74" VPOS="1071" WIDTH="580" HEIGHT="41" BASELINE="74 1100 654 1097" TAGREFS="TYPE_1">
                        <Shape>
                            <Polygon POINTS="74 1100 75 1112 85 1108 199 1111 202 1111 203 1111 204 1111 220 1107 653 1109 654 1097 653 1078 627 1078 626 1077 616 1071 615 1071 614 1071 591 1071 590 1071 589 1071 573 1077 569 1077 498 1074 497 1074 473 1077 465 1078 462 1077 452 1072 451 1072 450 1072 449 1072 435 1077 432 1079 419 1079 417 1077 411 1073 411 1072 411 1072 410 1072 409 1072 347 1073 346 1073 345 1073 341 1077 337 1080 316 1080 311 1077 304 1073 304 1073 303 1073 219 1073 218 1073 201 1077 187 1080 74 1077 74 1100"/>
                        </Shape>
                        <String CONTENT=""/>
                    </TextLine>

                    <TextLine ID="line_32" HPOS="74" VPOS="1103" WIDTH="580" HEIGHT="40" BASELINE="75 1131 654 1129" TAGREFS="TYPE_1">
                        <Shape>
                            <Polygon POINTS="75 1131 75 1143 192 1139 208 1142 221 1143 222 1143 233 1141 244 1139 254 1141 265 1143 266 1143 281 1141 296 1139 356 1140 444 1143 445 1143 446 1143 458 1139 464 1138 471 1139 486 1142 487 1143 542 1143 542 1142 543 1142 550 1138 551 1138 552 1138 559 1142 560 1142 561 1143 594 1143 594 1142 595 1142 596 1142 600 1138 611 1142 612 1142 613 1142 613 1142 621 1138 641 1142 642 1142 643 1142 654 1137 654 1129 653 1106 633 1103 632 1103 631 1103 624 1106 617 1110 609 1106 602 1103 601 1103 600 1103 600 1103 592 1106 587 1110 563 1110 555 1107 540 1103 539 1103 539 1103 538 1103 528 1107 520 1111 493 1111 482 1108 467 1103 466 1103 465 1103 465 1103 464 1103 458 1108 453 1112 353 1112 339 1109 310 1104 309 1104 308 1104 295 1110 291 1111 287 1110 275 1104 274 1104 273 1104 232 1109 197 1105 197 1105 169 1110 163 1112 160 1110 149 1105 148 1105 119 1105 118 1105 117 1105 102 1111 99 1112 74 1112 75 1131"/>
                        </Shape>
                        <String CONTENT=""/>
                    </TextLine>

                    <TextLine ID="line_33" HPOS="74" VPOS="1137" WIDTH="584" HEIGHT="39" BASELINE="74 1164 658 1164" TAGREFS="TYPE_1">
                        <Shape>
                            <Polygon POINTS="74 1164 74 1176 102 1172 123 1176 124 1176 125 1176 127 1176 168 1172 194 1176 196 1176 197 1176 199 1176 230 1172 290 1176 299 1176 300 1176 307 1176 350 1172 366 1176 368 1176 369 1176 370 1176 375 1176 403 1172 420 1176 424 1176 425 1176 435 1176 470 1172 478 1176 480 1176 481 1176 481 1176 491 1176 521 1172 658 1175 658 1164 658 1144 629 1137 588 1137 588 1137 587 1137 586 1137 580 1142 573 1137 572 1137 572 1137 571 1137 531 1138 530 1138 530 1138 522 1143 520 1144 384 1144 379 1141 374 1137 373 1137 372 1137 323 1137 322 1137 321 1137 313 1140 304 1143 283 1139 267 1137 267 1137 255 1139 237 1143 224 1139 218 1137 218 1137 164 1137 163 1137 162 1137 160 1139 149 1144 115 1144 106 1138 105 1138 104 1138 74 1138 74 1164"/>
                        </Shape>
                        <String CONTENT=""/>
                    </TextLine>

                    <TextLine ID="line_34" HPOS="85" VPOS="1170" WIDTH="570" HEIGHT="49" BASELINE="86 1197 655 1195" TAGREFS="TYPE_1">
                        <Shape>
                            <Polygon POINTS="86 1197 86 1209 107 1209 122 1217 123 1217 123 1217 124 1217 133 1213 140 1218 141 1218 142 1218 143 1218 144 1218 169 1211 184 1218 185 1218 185 1219 219 1219 219 1218 220 1218 221 1218 230 1210 244 1217 245 1217 246 1217 246 1217 260 1214 265 1218 266 1218 267 1218 267 1219 313 1219 313 1218 314 1218 337 1211 358 1217 358 1217 359 1217 360 1217 361 1217 374 1210 407 1210 438 1217 439 1217 440 1217 461 1209 463 1209 530 1209 532 1209 557 1217 558 1217 559 1218 604 1218 604 1217 605 1217 606 1217 613 1211 655 1209 655 1195 654 1172 609 1170 608 1170 607 1170 606 1170 604 1172 596 1177 557 1177 547 1172 541 1170 540 1170 539 1170 539 1170 532 1172 522 1176 518 1172 515 1171 515 1170 514 1170 514 1170 501 1170 500 1170 499 1170 491 1172 481 1176 473 1172 466 1170 465 1170 432 1170 431 1170 430 1170 429 1170 429 1171 426 1173 422 1177 398 1177 393 1173 389 1170 388 1170 387 1170 386 1170 386 1170 377 1173 368 1178 271 1178 263 1175 256 1172 255 1172 255 1172 254 1172 245 1175 236 1177 230 1175 220 1171 219 1171 218 1171 183 1176 166 1177 161 1176 151 1171 150 1171 149 1171 148 1171 135 1176 135 1176 134 1176 104 1171 103 1171 102 1171 85 1176 86 1197"/>
                        </Shape>
                        <String CONTENT=""/>
                    </TextLine>
</TextBlock>
                <TextBlock ID="block_3" HPOS="462" VPOS="1205" WIDTH="74" HEIGHT="38" TAGREFS="TYPE_26">
                    <Shape>
                        <Polygon POINTS="462.343017578125 1205.09375 536.4820556640625 1205.09375 536.4820556640625 1243.3514404296875 462.343017578125 1243.3514404296875 462.343017578125 1205.09375"/>
                    </Shape>
                    <TextLine ID="line_35" HPOS="462" VPOS="1201" WIDTH="72" HEIGHT="49" BASELINE="463 1230 534 1229" TAGREFS="TYPE_1">
                        <Shape>
                            <Polygon POINTS="463 1230 463 1244 534 1250 534 1229 533 1208 500 1201 499 1201 498 1201 497 1201 490 1205 486 1208 462 1205 463 1230"/>
                        </Shape>
                        <String CONTENT=""/>
                    </TextLine>
</TextBlock>
            </PrintSpace>
        </Page>
    </Layout>
</alto>