<?xml version="1.0" encoding="UTF-8"?>
<alto xmlns:xsi="http://www.w3.org/2001/XMLSchema-instance"
    xmlns="http://www.loc.gov/standards/alto/ns-v4#"
    xsi:schemaLocation="http://www.loc.gov/standards/alto/ns-v4# http://www.loc.gov/standards/alto/v4/alto-4-3.xsd">
    <Description>
        <MeasurementUnit>pixel</MeasurementUnit>
        <sourceImageInformation>
            <fileName>2013346.jpeg</fileName>
        </sourceImageInformation>
        <Processing ID="OCR_0">
            <processingCategory>other</processingCategory>
            <processingStepDescription>unknown</processingStepDescription>
            <processingSoftware>
                <softwareName>kraken</softwareName>
                <softwareVersion>4.3.13</softwareVersion>
            </processingSoftware>
        </Processing>
    </Description>
    <Tags>
        <OtherTag ID="TYPE_1" LABEL="DefaultLine"/>
        <OtherTag ID="TYPE_2" LABEL="TableZone"/>
        <OtherTag ID="TYPE_3" LABEL="MainZone-Other"/>
        <OtherTag ID="TYPE_4" LABEL="GraphicZone-FigDesc"/>
        <OtherTag ID="TYPE_5" LABEL="GraphicZone-Decoration"/>
        <OtherTag ID="TYPE_6" LABEL="GraphicZone-TextualContent"/>
        <OtherTag ID="TYPE_7" LABEL="DropCapitalZone"/>
        <OtherTag ID="TYPE_8" LABEL="MainZone-Sp"/>
        <OtherTag ID="TYPE_9" LABEL="MainZone-P"/>
        <OtherTag ID="TYPE_10" LABEL="MarginTextZone-Notes"/>
        <OtherTag ID="TYPE_11" LABEL="MainZone-Signature"/>
        <OtherTag ID="TYPE_12" LABEL="TitlePageZone-Index"/>
        <OtherTag ID="TYPE_13" LABEL="TableZone-Head"/>
        <OtherTag ID="TYPE_14" LABEL="NumberingZone"/>
        <OtherTag ID="TYPE_15" LABEL="GraphicZone-Part"/>
        <OtherTag ID="TYPE_16" LABEL="GraphicZone-Head"/>
        <OtherTag ID="TYPE_17" LABEL="FigureZone-FigDesc"/>
        <OtherTag ID="TYPE_18" LABEL="MainZone-P-Continued"/>
        <OtherTag ID="TYPE_19" LABEL="MainZone-List"/>
        <OtherTag ID="TYPE_20" LABEL="TitlePageZone"/>
        <OtherTag ID="TYPE_21" LABEL="GraphicZone-Maths"/>
        <OtherTag ID="TYPE_22" LABEL="FigureZone"/>
        <OtherTag ID="TYPE_23" LABEL="MainZone-Date"/>
        <OtherTag ID="TYPE_24" LABEL="GraphicZone"/>
        <OtherTag ID="TYPE_25" LABEL="AdvertisementZone"/>
        <OtherTag ID="TYPE_26" LABEL="MainZone-Lg"/>
        <OtherTag ID="TYPE_27" LABEL="QuireMarksZone"/>
        <OtherTag ID="TYPE_28" LABEL="TableZone-Continued"/>
        <OtherTag ID="TYPE_29" LABEL="MainZone-Form"/>
        <OtherTag ID="TYPE_30" LABEL="MainZone-Entry"/>
        <OtherTag ID="TYPE_31" LABEL="MarginTextZone-ManuscriptAddendum"/>
        <OtherTag ID="TYPE_32" LABEL="DigitizationArtefactZone"/>
        <OtherTag ID="TYPE_33" LABEL="MarginTextZone-Notes-Continued"/>
        <OtherTag ID="TYPE_34" LABEL="MainZone-Lg-Continued"/>
        <OtherTag ID="TYPE_35" LABEL="StampZone"/>
        <OtherTag ID="TYPE_36" LABEL="MainZone-Entry-Continued"/>
        <OtherTag ID="TYPE_37" LABEL="MainZone-List-Continued"/>
        <OtherTag ID="TYPE_38" LABEL="MainZone-Head"/>
        <OtherTag ID="TYPE_39" LABEL="MainZone-Sp-Continued"/>
        <OtherTag ID="TYPE_40" LABEL="RunningTitleZone"/>
        <OtherTag ID="TYPE_41" LABEL="FigureZone-Head"/>
        <OtherTag ID="TYPE_42" LABEL="StampZone-Sticker"/>
    </Tags>
    <Layout>
        <Page WIDTH="1000" HEIGHT="1448" PHYSICAL_IMG_NR="0" ID="page_0">
            <PrintSpace HPOS="0" VPOS="0" WIDTH="1000" HEIGHT="1448">
                <TextBlock ID="block_1" HPOS="357" VPOS="84" WIDTH="51" HEIGHT="35" TAGREFS="TYPE_14">
                    <Shape>
                        <Polygon POINTS="357.853271484375 84.4864273071289 408.9193420410156 84.4864273071289 408.9193420410156 119.28960418701172 357.853271484375 119.28960418701172 357.853271484375 84.4864273071289"/>
                    </Shape>
                    <TextLine ID="line_0" HPOS="362" VPOS="97" WIDTH="53" HEIGHT="25" BASELINE="363 109 415 106" TAGREFS="TYPE_1">
                        <Shape>
                            <Polygon POINTS="411 97 403 97 395 97 386 97 378 97 370 97 362 97 363 109 363 122 415 112 415 106 413 97 411 97"/>
                        </Shape>
                        <String CONTENT=""/>
                    </TextLine>
</TextBlock>
                <TextBlock ID="block_5" HPOS="456" VPOS="75" WIDTH="368" HEIGHT="37" TAGREFS="TYPE_40">
                    <Shape>
                        <Polygon POINTS="456.9986877441406 75.69775390625 824.627685546875 75.69775390625 824.627685546875 112.74420928955078 456.9986877441406 112.74420928955078 456.9986877441406 75.69775390625"/>
                    </Shape>
                    <TextLine ID="line_1" HPOS="448" VPOS="84" WIDTH="378" HEIGHT="30" BASELINE="449 105 538 102 826 102" TAGREFS="TYPE_1">
                        <Shape>
                            <Polygon POINTS="746 97 738 97 730 97 722 97 714 97 706 97 698 97 690 97 682 97 674 97 666 97 658 97 650 97 641 97 633 97 625 97 617 97 609 97 601 97 593 97 585 97 577 97 569 97 561 97 553 97 545 97 537 97 529 97 521 97 513 97 505 97 497 97 489 97 481 97 473 97 465 97 456 97 448 97 449 105 449 111 510 114 510 114 511 114 517 111 521 109 527 111 537 114 538 114 539 114 539 114 540 114 543 111 547 109 574 109 576 111 580 114 580 114 581 114 582 114 603 110 607 110 611 110 645 114 646 114 646 114 655 110 657 109 664 110 692 112 693 112 730 109 738 108 739 109 748 113 748 113 749 113 784 108 786 108 786 108 803 113 804 113 805 113 806 113 826 107 826 102 825 84 750 84 749 84 748 84 748 84 747 84 746 97"/>
                        </Shape>
                        <String CONTENT=""/>
                    </TextLine>
</TextBlock>
                <TextBlock ID="block_2" HPOS="357" VPOS="120" WIDTH="580" HEIGHT="292" TAGREFS="TYPE_18">
                    <Shape>
                        <Polygon POINTS="357.0887145996094 120.53681182861328 937.7804565429688 120.53681182861328 937.7804565429688 412.4736022949219 357.0887145996094 412.4736022949219 357.0887145996094 120.53681182861328"/>
                    </Shape>
                    <TextLine ID="line_2" HPOS="357" VPOS="109" WIDTH="578" HEIGHT="48" BASELINE="358 145 935 140" TAGREFS="TYPE_1">
                        <Shape>
                            <Polygon POINTS="358 145 358 156 423 153 437 156 440 157 441 157 442 157 451 156 482 152 502 156 510 157 510 157 522 156 559 152 576 156 578 156 579 156 580 156 586 156 617 152 631 156 633 156 634 156 635 156 636 156 637 156 646 151 689 156 694 156 695 156 695 156 696 156 706 152 715 156 716 156 716 156 717 156 814 155 815 155 816 155 823 150 887 154 888 154 888 154 889 154 896 149 934 154 935 140 934 115 926 110 925 110 925 110 873 110 872 110 872 110 871 110 866 114 839 109 838 109 837 109 821 117 818 119 708 119 707 118 703 114 702 114 701 114 646 111 645 111 644 111 621 119 618 120 580 120 578 119 555 112 554 112 553 112 513 117 506 112 506 112 505 112 504 112 503 112 502 112 496 116 478 113 477 113 477 113 456 119 445 113 444 113 422 113 421 113 420 113 419 113 411 120 395 115 394 115 393 115 357 121 358 145"/>
                        </Shape>
                        <String CONTENT=""/>
                    </TextLine>

                    <TextLine ID="line_3" HPOS="355" VPOS="147" WIDTH="580" HEIGHT="42" BASELINE="356 177 935 172" TAGREFS="TYPE_1">
                        <Shape>
                            <Polygon POINTS="356 177 356 187 449 189 450 189 451 189 459 186 462 185 465 186 475 189 476 189 477 189 512 185 517 185 520 185 541 189 542 189 598 185 603 185 606 185 644 189 645 189 699 185 710 188 711 188 711 188 712 188 713 188 720 184 740 188 741 188 742 188 743 188 749 183 758 187 759 187 760 187 783 183 836 187 837 187 888 182 915 186 916 186 917 186 935 181 935 172 934 151 908 147 907 147 906 147 899 151 895 153 846 153 843 152 835 148 834 148 833 148 832 148 831 148 826 152 824 153 815 152 794 148 793 148 792 148 791 148 786 152 784 154 750 154 748 152 734 148 733 148 732 148 732 148 720 153 719 153 711 148 711 148 710 148 653 148 652 148 651 148 640 153 551 149 551 149 550 149 549 149 542 156 541 156 539 156 512 150 511 150 510 150 510 150 502 156 501 156 460 151 459 151 355 157 356 177"/>
                        </Shape>
                        <String CONTENT=""/>
                    </TextLine>

                    <TextLine ID="line_4" HPOS="355" VPOS="178" WIDTH="579" HEIGHT="44" BASELINE="356 211 934 205" TAGREFS="TYPE_1">
                        <Shape>
                            <Polygon POINTS="356 211 356 222 844 220 933 214 934 205 932 184 888 178 887 178 839 184 839 184 794 179 793 179 767 185 766 185 765 185 754 180 753 180 753 180 752 180 751 180 744 185 743 185 722 181 721 181 685 185 680 186 617 186 617 185 604 181 603 181 602 181 580 186 576 186 574 186 557 182 556 182 530 186 528 186 519 182 518 182 443 182 442 182 441 182 440 182 440 183 436 187 434 189 384 189 383 187 378 183 378 183 377 183 376 183 355 187 356 211"/>
                        </Shape>
                        <String CONTENT=""/>
                    </TextLine>

                    <TextLine ID="line_5" HPOS="356" VPOS="215" WIDTH="578" HEIGHT="41" BASELINE="357 242 934 238" TAGREFS="TYPE_1">
                        <Shape>
                            <Polygon POINTS="357 242 357 256 382 250 545 253 547 253 548 253 549 253 592 249 617 252 627 253 628 253 629 253 631 252 636 249 640 251 642 254 643 254 644 254 645 255 680 255 680 254 699 250 715 248 721 250 728 253 728 253 729 253 749 250 757 249 764 250 787 253 788 253 814 249 825 247 846 248 917 252 918 252 919 252 934 246 934 238 932 216 616 215 615 215 604 216 576 219 502 216 472 215 471 215 460 216 427 220 356 217 357 242"/>
                        </Shape>
                        <String CONTENT=""/>
                    </TextLine>

                    <TextLine ID="line_6" HPOS="356" VPOS="244" WIDTH="578" HEIGHT="40" BASELINE="357 275 934 271" TAGREFS="TYPE_1">
                        <Shape>
                            <Polygon POINTS="357 275 357 284 934 284 934 271 932 251 843 244 842 244 806 251 754 246 753 246 753 246 739 252 708 246 685 246 684 246 683 246 683 246 673 252 640 246 582 246 581 246 580 246 580 246 569 253 557 246 556 246 555 246 502 250 484 247 483 247 482 247 481 247 476 252 452 247 452 247 356 255 357 275"/>
                        </Shape>
                        <String CONTENT=""/>
                    </TextLine>

                    <TextLine ID="line_7" HPOS="358" VPOS="279" WIDTH="575" HEIGHT="41" BASELINE="359 307 933 302" TAGREFS="TYPE_1">
                        <Shape>
                            <Polygon POINTS="753 287 748 279 358 281 359 307 359 320 388 316 427 320 428 320 429 320 430 320 457 315 469 319 469 319 470 320 470 319 471 319 482 315 527 319 533 319 534 319 534 319 536 319 551 314 609 318 619 318 620 318 625 317 646 313 686 316 695 317 695 317 932 313 933 302 930 279 756 279 753 287"/>
                        </Shape>
                        <String CONTENT=""/>
                    </TextLine>

                    <TextLine ID="line_8" HPOS="359" VPOS="310" WIDTH="576" HEIGHT="43" BASELINE="360 340 935 336" TAGREFS="TYPE_1">
                        <Shape>
                            <Polygon POINTS="360 340 360 353 385 353 385 353 386 353 386 353 393 348 465 353 473 353 474 353 475 353 476 353 489 346 641 346 652 351 653 351 654 351 654 351 666 346 719 349 720 349 720 349 728 345 736 350 737 350 738 350 739 351 789 351 818 351 818 350 819 350 863 345 934 349 935 336 934 315 880 310 880 310 879 310 878 310 872 315 783 315 774 310 773 310 773 310 772 310 771 310 770 310 761 316 736 316 706 310 705 310 704 310 686 316 592 311 592 311 510 312 510 312 509 312 501 316 399 312 398 312 359 318 360 340"/>
                        </Shape>
                        <String CONTENT=""/>
                    </TextLine>

                    <TextLine ID="line_9" HPOS="359" VPOS="341" WIDTH="575" HEIGHT="45" BASELINE="360 373 934 368" TAGREFS="TYPE_1">
                        <Shape>
                            <Polygon POINTS="753 363 748 347 739 345 738 345 716 349 707 349 705 349 692 343 691 343 691 343 690 343 677 349 674 350 646 350 642 349 633 344 632 344 631 344 630 344 619 349 615 351 555 351 552 349 542 345 541 345 540 345 495 349 476 345 475 345 474 345 460 349 453 352 444 349 430 345 429 345 428 345 359 349 360 373 360 386 399 382 433 386 440 386 441 386 442 386 444 386 456 381 517 385 533 386 534 386 542 385 569 380 607 384 621 385 622 385 623 385 629 383 641 381 688 382 725 384 726 384 740 382 762 378 827 378 834 381 839 382 839 382 840 382 841 382 848 381 858 378 868 381 878 382 879 382 934 379 934 368 933 348 912 341 911 341 910 341 909 341 909 341 902 347 889 343 888 343 888 343 864 348 864 348 862 348 839 341 838 341 837 341 836 341 835 341 828 348 827 349 803 349 801 348 786 342 786 342 785 342 784 342 783 342 774 348 774 349 773 348 768 344 767 344 766 344 765 344 765 344 764 344 758 349 757 349 753 363"/>
                        </Shape>
                        <String CONTENT=""/>
                    </TextLine>

                    <TextLine ID="line_10" HPOS="358" VPOS="378" WIDTH="62" HEIGHT="41" BASELINE="359 405 420 404" TAGREFS="TYPE_1">
                        <Shape>
                            <Polygon POINTS="359 405 359 419 374 419 375 419 376 419 377 419 380 417 384 414 387 416 392 419 393 419 394 419 395 419 419 413 420 404 418 386 407 386 405 385 397 378 397 378 396 378 395 378 395 378 358 382 359 405"/>
                        </Shape>
                        <String CONTENT=""/>
                    </TextLine>
</TextBlock>
                <TextBlock ID="block_4" HPOS="360" VPOS="422" WIDTH="576" HEIGHT="79" TAGREFS="TYPE_38">
                    <Shape>
                        <Polygon POINTS="360.8279724121094 422.1736145019531 936.9212036132812 422.1736145019531 936.9212036132812 501.1510314941406 360.8279724121094 501.1510314941406 360.8279724121094 422.1736145019531"/>
                    </Shape>
                    <TextLine ID="line_11" HPOS="397" VPOS="412" WIDTH="537" HEIGHT="58" BASELINE="398 452 934 446" TAGREFS="TYPE_1">
                        <Shape>
                            <Polygon POINTS="398 452 398 460 402 464 403 464 403 464 404 464 405 464 414 460 462 460 464 460 469 464 470 464 471 464 472 464 473 464 473 464 478 460 480 458 566 458 572 460 595 469 596 469 596 469 597 469 615 461 640 468 641 468 641 468 675 460 686 458 691 460 707 469 707 469 708 470 753 470 753 469 753 469 754 469 762 462 773 469 773 469 774 469 775 469 857 468 889 461 890 461 891 461 906 468 907 468 908 468 909 468 909 468 916 463 921 467 921 467 922 467 923 467 924 467 934 461 934 446 933 412 858 412 857 412 856 412 855 412 853 415 847 419 839 415 835 414 835 414 834 414 833 414 830 415 811 425 762 426 728 422 728 422 727 422 712 426 694 420 676 415 675 415 630 415 629 415 629 415 628 415 617 423 609 427 575 424 530 420 530 420 529 420 520 425 506 417 506 417 505 417 486 416 485 416 485 416 484 416 475 423 469 418 468 418 467 418 466 418 465 418 465 418 452 428 451 430 426 430 426 429 418 423 417 423 416 423 415 423 415 423 397 429 398 452"/>
                        </Shape>
                        <String CONTENT=""/>
                    </TextLine>

                    <TextLine ID="line_12" HPOS="358" VPOS="460" WIDTH="341" HEIGHT="47" BASELINE="358 489 699 487" TAGREFS="TYPE_1">
                        <Shape>
                            <Polygon POINTS="358 489 359 507 375 501 395 504 396 504 397 504 398 504 403 500 423 500 437 506 438 506 439 507 454 507 454 506 455 506 456 506 456 505 462 500 484 506 485 506 485 507 491 507 522 507 522 506 522 506 548 499 572 499 580 504 581 504 582 504 583 504 613 499 637 503 638 503 666 501 698 505 699 487 698 468 613 463 612 463 611 463 599 466 591 460 590 460 589 460 588 460 555 467 521 461 520 461 484 465 456 461 456 461 455 461 431 468 397 461 396 461 358 468 358 489"/>
                        </Shape>
                        <String CONTENT=""/>
                    </TextLine>
</TextBlock>
                <TextBlock ID="block_0" HPOS="358" VPOS="506" WIDTH="582" HEIGHT="687" TAGREFS="TYPE_9">
                    <Shape>
                        <Polygon POINTS="358.35089111328125 506.8182373046875 940.5638427734375 506.8182373046875 940.5638427734375 1193.4566650390625 358.35089111328125 1193.4566650390625 358.35089111328125 506.8182373046875"/>
                    </Shape>
                    <TextLine ID="line_13" HPOS="387" VPOS="497" WIDTH="548" HEIGHT="46" BASELINE="388 528 935 524" TAGREFS="TYPE_1">
                        <Shape>
                            <Polygon POINTS="388 528 388 543 426 543 426 542 427 542 427 542 433 538 479 541 494 542 495 542 503 541 525 537 572 539 596 541 596 541 597 541 604 539 616 536 670 538 715 540 716 540 934 534 935 524 933 502 916 504 913 501 908 497 907 497 906 497 893 497 893 497 892 497 891 497 884 501 880 505 842 505 836 501 826 497 825 497 824 497 798 501 780 505 774 501 769 498 769 498 768 498 748 498 747 498 746 498 745 498 741 501 738 505 696 505 678 501 666 499 665 499 664 499 663 499 663 500 661 501 656 505 635 501 625 500 624 500 623 500 617 501 605 505 597 501 595 501 594 501 593 501 592 501 592 501 591 501 584 506 522 502 521 502 520 502 509 506 494 501 493 501 492 501 491 501 490 501 489 501 489 501 482 508 462 508 442 501 440 501 439 501 438 501 387 501 388 528"/>
                        </Shape>
                        <String CONTENT=""/>
                    </TextLine>

                    <TextLine ID="line_14" HPOS="358" VPOS="530" WIDTH="577" HEIGHT="45" BASELINE="358 560 935 555" TAGREFS="TYPE_1">
                        <Shape>
                            <Polygon POINTS="358 560 358 569 386 575 387 575 424 570 441 575 442 575 443 575 444 575 455 570 465 574 465 574 466 574 493 569 494 569 522 574 523 574 548 568 551 568 563 568 642 573 643 573 673 568 678 567 682 568 701 572 702 572 725 568 728 567 730 568 739 572 740 572 740 572 769 571 769 571 770 571 775 567 776 567 777 567 785 571 786 571 786 572 838 572 838 571 839 571 848 567 852 566 934 567 935 555 934 534 913 530 913 530 912 530 911 530 908 534 905 536 888 536 876 534 848 530 847 530 847 530 839 534 835 537 686 537 682 536 669 532 668 532 667 532 646 536 646 536 645 536 621 533 620 533 619 533 618 533 613 537 612 538 610 537 602 533 601 533 600 533 575 537 569 538 567 537 554 533 553 533 552 533 551 533 538 538 536 538 534 538 518 534 518 534 517 534 516 534 512 538 510 539 470 539 468 538 455 534 454 534 453 534 417 538 409 539 403 538 367 534 366 534 366 534 358 538 358 560"/>
                        </Shape>
                        <String CONTENT=""/>
                    </TextLine>

                    <TextLine ID="line_15" HPOS="357" VPOS="565" WIDTH="577" HEIGHT="41" BASELINE="358 594 934 589" TAGREFS="TYPE_1">
                        <Shape>
                            <Polygon POINTS="358 594 358 602 470 606 471 606 472 606 484 603 490 601 512 603 539 604 540 604 559 603 584 600 599 603 614 605 615 605 636 603 662 600 675 603 682 604 683 604 683 605 740 605 740 604 781 603 884 599 932 603 934 589 932 569 880 565 879 565 878 565 869 569 869 570 784 570 775 566 774 566 773 566 753 570 734 565 733 565 732 565 732 565 711 571 710 571 707 571 662 565 661 565 660 565 642 570 563 566 563 566 485 571 460 567 460 567 459 567 458 567 449 572 411 567 411 567 410 567 392 573 391 574 357 574 358 594"/>
                        </Shape>
                        <String CONTENT=""/>
                    </TextLine>

                    <TextLine ID="line_16" HPOS="356" VPOS="596" WIDTH="580" HEIGHT="42" BASELINE="357 625 936 621" TAGREFS="TYPE_1">
                        <Shape>
                            <Polygon POINTS="357 625 357 638 379 633 419 638 425 638 426 638 430 638 453 633 465 637 467 638 468 638 469 638 469 638 473 637 490 633 519 633 526 637 526 637 527 637 528 637 529 637 539 637 596 632 617 636 621 637 622 637 634 636 683 632 704 635 710 636 711 637 780 637 780 636 781 636 781 636 783 634 787 631 802 634 810 636 810 636 849 635 850 635 851 635 852 633 858 630 935 633 936 621 934 600 875 596 874 596 873 596 872 596 866 600 855 596 854 596 853 596 852 596 841 600 839 600 748 598 748 598 692 602 683 602 683 602 672 597 671 597 670 597 646 601 633 597 632 597 631 597 630 597 613 602 613 602 572 598 571 598 570 598 561 603 559 604 534 604 534 603 526 598 525 598 524 598 485 598 484 598 483 598 471 604 469 604 469 604 458 599 457 599 456 599 391 604 390 604 377 599 376 599 375 599 374 599 356 604 357 625"/>
                        </Shape>
                        <String CONTENT=""/>
                    </TextLine>

                    <TextLine ID="line_17" HPOS="356" VPOS="625" WIDTH="579" HEIGHT="45" BASELINE="357 658 935 653" TAGREFS="TYPE_1">
                        <Shape>
                            <Polygon POINTS="357 658 357 666 438 670 439 670 440 670 448 666 449 666 452 666 471 670 472 670 473 670 473 670 479 666 480 666 488 666 530 669 531 669 548 666 553 665 558 666 584 670 585 670 586 670 603 665 608 664 620 665 660 669 661 669 680 665 687 663 699 665 728 668 728 668 729 668 741 664 743 664 745 664 768 668 769 668 934 662 935 653 934 633 911 625 910 625 909 625 909 625 887 633 884 633 845 633 806 633 805 632 794 627 793 627 792 627 791 627 790 627 790 628 785 632 784 633 767 634 714 634 709 632 695 627 695 627 694 627 693 627 678 632 670 634 650 632 616 628 615 628 593 632 576 635 563 632 553 629 552 629 551 629 551 629 543 632 534 635 527 632 522 629 521 629 496 629 495 629 494 629 493 629 491 632 485 636 477 632 473 629 472 629 471 629 470 629 461 632 453 633 356 632 357 658"/>
                        </Shape>
                        <String CONTENT=""/>
                    </TextLine>

                    <TextLine ID="line_18" HPOS="356" VPOS="659" WIDTH="579" HEIGHT="44" BASELINE="357 691 935 685" TAGREFS="TYPE_1">
                        <Shape>
                            <Polygon POINTS="357 691 357 699 427 703 428 703 462 699 479 699 486 699 505 703 506 703 506 703 518 699 526 698 551 698 554 699 557 703 558 703 559 703 559 703 560 703 571 699 579 698 587 699 596 703 597 703 598 703 599 703 605 699 613 697 646 699 671 702 672 702 673 702 678 699 687 696 710 699 719 701 720 701 720 701 725 699 738 696 753 699 758 701 759 701 760 701 761 701 765 699 783 695 839 699 848 700 849 700 850 700 851 699 860 695 934 699 935 685 934 666 903 659 902 659 901 659 886 665 795 662 794 662 768 666 760 662 759 662 758 662 710 661 709 661 708 661 707 661 703 665 683 662 683 662 641 667 621 662 621 662 620 662 619 662 602 668 559 662 559 662 501 667 438 663 437 663 418 664 417 664 416 664 409 670 356 670 357 691"/>
                        </Shape>
                        <String CONTENT=""/>
                    </TextLine>

                    <TextLine ID="line_19" HPOS="355" VPOS="691" WIDTH="581" HEIGHT="44" BASELINE="356 724 936 718" TAGREFS="TYPE_1">
                        <Shape>
                            <Polygon POINTS="356 724 356 730 418 734 419 734 489 731 505 730 511 731 544 735 545 735 546 735 555 731 559 729 563 731 575 735 576 735 576 735 577 735 578 735 583 731 585 729 593 731 616 734 617 734 654 731 679 728 716 731 759 733 760 733 773 731 792 727 806 731 810 732 811 732 812 732 915 732 915 732 916 732 918 731 926 726 934 731 936 718 934 698 866 691 865 691 864 691 850 698 847 699 844 698 826 692 825 692 824 692 791 696 777 692 777 692 776 692 775 692 774 692 774 693 769 698 766 700 725 700 720 698 705 693 704 693 703 693 662 698 645 700 641 699 635 694 634 694 633 694 633 694 597 699 575 702 549 702 545 699 541 695 540 695 539 695 539 695 512 699 491 702 484 699 477 695 476 695 475 695 456 699 436 703 423 699 416 697 415 697 415 697 414 697 410 699 402 703 355 699 356 724"/>
                        </Shape>
                        <String CONTENT=""/>
                    </TextLine>

                    <TextLine ID="line_20" HPOS="357" VPOS="724" WIDTH="581" HEIGHT="44" BASELINE="358 756 938 752" TAGREFS="TYPE_1">
                        <Shape>
                            <Polygon POINTS="358 756 358 768 384 764 541 766 585 766 586 766 587 766 589 765 598 762 666 765 704 765 705 765 720 764 739 761 938 761 938 752 937 732 900 732 893 725 893 724 892 724 891 724 890 724 889 724 867 731 842 725 841 725 840 725 839 725 834 729 817 725 816 725 815 725 814 725 814 725 806 730 794 725 793 725 792 725 791 725 777 729 740 728 739 728 738 728 737 728 732 732 706 728 705 728 704 728 693 732 638 726 637 726 601 732 583 727 582 727 581 727 549 733 506 727 505 727 504 727 491 732 483 727 482 727 481 727 481 727 448 728 447 728 446 728 439 734 394 728 393 728 392 728 391 728 382 735 357 735 358 756"/>
                        </Shape>
                        <String CONTENT=""/>
                    </TextLine>

                    <TextLine ID="line_21" HPOS="357" VPOS="756" WIDTH="581" HEIGHT="44" BASELINE="358 788 938 783" TAGREFS="TYPE_1">
                        <Shape>
                            <Polygon POINTS="358 788 358 796 436 796 437 796 441 800 442 800 443 800 444 800 444 800 454 796 456 795 477 796 548 798 549 798 587 795 598 794 600 795 609 798 609 798 610 798 637 795 642 794 657 794 724 798 724 798 937 793 938 783 936 763 896 756 895 756 894 756 893 756 886 763 860 763 851 757 850 757 849 757 848 757 847 757 831 764 769 764 747 756 746 756 745 756 744 756 718 763 691 759 691 759 690 759 689 759 683 764 619 758 618 758 617 758 597 765 584 759 584 759 551 758 550 758 530 759 529 759 528 759 518 765 460 759 460 759 459 759 458 759 452 763 415 760 415 760 357 767 358 788"/>
                        </Shape>
                        <String CONTENT=""/>
                    </TextLine>

                    <TextLine ID="line_22" HPOS="357" VPOS="789" WIDTH="581" HEIGHT="44" BASELINE="358 820 938 815" TAGREFS="TYPE_1">
                        <Shape>
                            <Polygon POINTS="358 820 358 828 442 833 443 833 444 833 458 828 461 827 514 827 516 827 522 831 522 831 523 831 524 831 555 827 564 826 572 827 599 831 600 831 600 831 614 827 617 826 621 827 646 831 647 831 673 826 679 826 685 826 703 830 703 831 740 831 740 830 741 830 742 830 742 830 746 826 748 825 757 826 778 830 779 830 808 830 808 830 809 830 810 830 814 826 816 825 821 826 835 829 836 830 860 830 860 829 860 829 861 829 864 826 867 824 882 826 917 829 917 829 938 825 938 815 937 797 898 789 897 789 844 797 839 798 793 798 791 797 773 790 773 790 772 790 750 791 749 791 748 791 741 797 740 798 740 797 732 793 731 793 730 793 729 793 719 797 716 798 661 798 660 797 649 791 648 791 647 791 614 796 551 793 550 793 549 793 540 797 534 799 527 797 514 793 514 793 513 793 512 793 498 797 497 797 495 797 452 795 451 795 450 795 446 797 440 800 435 797 427 793 426 793 399 793 399 793 398 793 397 793 392 797 387 800 357 798 358 820"/>
                        </Shape>
                        <String CONTENT=""/>
                    </TextLine>

                    <TextLine ID="line_23" HPOS="356" VPOS="826" WIDTH="583" HEIGHT="39" BASELINE="357 851 939 849" TAGREFS="TYPE_1">
                        <Shape>
                            <Polygon POINTS="357 851 357 863 403 859 433 863 447 864 448 864 448 864 449 864 451 863 455 859 494 859 502 863 503 864 504 864 505 864 506 865 535 865 535 864 536 864 537 864 539 863 543 859 555 863 557 863 558 863 559 863 559 863 562 863 576 859 614 863 624 863 625 863 625 863 627 863 635 859 643 863 645 863 646 863 646 863 647 863 650 863 661 859 713 863 728 863 729 863 735 863 753 859 760 863 761 863 761 863 762 863 765 863 783 859 938 862 939 849 938 830 886 826 885 826 884 826 876 830 874 830 872 830 861 826 860 826 860 826 859 826 858 826 854 830 851 832 724 832 722 831 715 828 714 828 713 828 712 828 706 831 703 833 632 833 630 832 625 828 624 828 623 828 622 828 563 831 551 827 551 827 550 827 493 828 492 828 479 833 477 833 395 829 394 829 356 834 357 851"/>
                        </Shape>
                        <String CONTENT=""/>
                    </TextLine>

                    <TextLine ID="line_24" HPOS="357" VPOS="856" WIDTH="581" HEIGHT="39" BASELINE="358 884 938 881" TAGREFS="TYPE_1">
                        <Shape>
                            <Polygon POINTS="358 884 358 895 938 891 938 881 937 863 845 856 844 856 843 856 843 856 835 863 822 863 799 856 798 856 798 856 744 864 725 864 712 857 711 857 665 857 664 857 663 857 662 857 654 863 646 858 645 858 644 858 592 858 591 858 590 858 589 858 581 864 539 860 539 860 491 865 386 859 386 859 385 859 357 866 358 884"/>
                        </Shape>
                        <String CONTENT=""/>
                    </TextLine>

                    <TextLine ID="line_25" HPOS="356" VPOS="890" WIDTH="584" HEIGHT="40" BASELINE="357 917 940 914" TAGREFS="TYPE_1">
                        <Shape>
                            <Polygon POINTS="357 917 357 927 366 929 366 929 367 929 368 929 370 927 374 924 383 927 392 930 393 930 394 930 395 930 395 930 400 927 406 924 430 924 442 927 456 930 457 930 458 930 459 930 460 930 464 926 467 924 493 924 514 926 549 930 550 930 551 930 563 925 571 923 603 923 613 925 632 929 633 929 633 929 642 925 647 923 692 923 706 925 744 929 744 929 778 924 785 923 787 924 798 929 798 929 799 929 831 924 857 929 858 929 859 929 860 929 868 923 869 922 875 923 896 927 897 927 940 922 940 914 938 890 912 896 843 896 824 892 817 890 816 890 815 890 811 892 802 896 749 896 733 892 722 891 721 891 720 891 713 893 702 896 689 893 676 891 675 891 674 891 663 894 653 896 640 894 620 891 619 891 618 891 604 895 598 896 596 895 592 892 592 891 591 891 590 891 589 891 588 891 573 895 567 896 553 896 504 892 503 892 502 892 484 896 480 897 469 896 390 892 390 892 356 898 357 917"/>
                        </Shape>
                        <String CONTENT=""/>
                    </TextLine>

                    <TextLine ID="line_26" HPOS="358" VPOS="921" WIDTH="579" HEIGHT="40" BASELINE="358 949 937 946" TAGREFS="TYPE_1">
                        <Shape>
                            <Polygon POINTS="358 949 358 956 418 961 419 961 446 956 448 956 450 956 477 961 478 961 506 956 507 956 531 961 532 961 567 955 572 955 669 955 670 955 678 960 679 960 679 960 680 960 736 955 744 954 744 955 750 958 751 958 752 958 753 958 809 954 816 954 818 954 837 959 838 959 839 959 899 955 930 959 930 959 931 959 932 959 937 954 937 946 936 928 919 921 918 921 872 921 871 921 870 921 858 927 825 921 824 921 794 927 779 921 778 921 777 921 777 921 776 921 767 928 763 928 742 928 740 928 716 922 715 922 685 928 681 929 662 929 661 928 654 922 654 922 653 922 652 922 628 926 607 922 606 922 605 922 604 922 597 928 596 929 531 929 529 928 522 923 522 923 521 923 520 923 519 923 518 923 512 928 510 929 438 929 436 928 431 923 430 923 429 923 428 923 358 927 358 949"/>
                        </Shape>
                        <String CONTENT=""/>
                    </TextLine>

                    <TextLine ID="line_27" HPOS="357" VPOS="953" WIDTH="580" HEIGHT="42" BASELINE="358 981 937 979" TAGREFS="TYPE_1">
                        <Shape>
                            <Polygon POINTS="358 981 358 992 374 988 386 992 391 994 392 994 393 994 424 992 500 988 510 992 514 994 515 994 516 995 543 995 543 994 543 994 548 992 559 988 571 992 575 993 576 993 576 993 577 993 580 992 588 988 634 991 635 991 636 991 650 987 663 991 667 993 668 993 669 993 670 993 675 991 692 987 716 991 726 993 727 993 763 991 831 988 935 991 937 979 935 961 870 953 869 953 834 960 802 953 802 953 801 953 800 953 791 961 746 961 720 953 720 953 719 953 682 961 653 961 638 954 637 954 607 954 606 954 605 954 592 960 544 954 543 954 543 954 542 954 530 962 514 962 490 954 489 954 489 954 488 954 473 961 462 954 461 954 460 954 440 954 440 954 439 954 438 954 429 962 357 962 358 981"/>
                        </Shape>
                        <String CONTENT=""/>
                    </TextLine>

                    <TextLine ID="line_28" HPOS="357" VPOS="987" WIDTH="580" HEIGHT="38" BASELINE="358 1013 937 1011" TAGREFS="TYPE_1">
                        <Shape>
                            <Polygon POINTS="358 1013 358 1021 365 1025 366 1025 366 1025 367 1025 382 1020 384 1020 386 1020 397 1025 398 1025 399 1025 422 1021 498 1025 499 1025 500 1025 514 1020 515 1020 528 1020 706 1024 707 1024 788 1019 796 1024 797 1024 798 1024 798 1024 839 1019 913 1024 913 1024 914 1024 937 1017 937 1011 934 987 907 993 876 993 869 987 868 987 868 987 848 987 847 987 847 987 846 987 846 987 839 993 666 993 657 988 654 987 654 987 551 987 550 987 549 987 543 990 532 994 519 990 514 988 513 988 512 988 511 988 506 990 494 995 435 995 421 991 412 988 411 988 411 988 395 991 376 994 357 991 358 1013"/>
                        </Shape>
                        <String CONTENT=""/>
                    </TextLine>

                    <TextLine ID="line_29" HPOS="358" VPOS="1018" WIDTH="581" HEIGHT="39" BASELINE="358 1046 939 1044" TAGREFS="TYPE_1">
                        <Shape>
                            <Polygon POINTS="358 1046 358 1057 552 1053 605 1053 610 1057 611 1057 612 1057 613 1057 684 1057 684 1057 685 1057 686 1057 692 1053 775 1056 777 1056 778 1056 779 1056 780 1056 786 1052 813 1056 814 1056 815 1056 939 1055 939 1044 937 1020 907 1024 893 1020 885 1018 884 1018 884 1018 872 1020 861 1022 854 1020 845 1018 844 1018 843 1018 843 1018 842 1018 839 1020 835 1024 807 1024 793 1021 775 1018 774 1018 756 1021 740 1024 721 1022 696 1019 695 1019 679 1023 670 1024 666 1023 657 1019 656 1019 655 1019 626 1023 606 1019 605 1019 604 1019 604 1019 598 1024 596 1025 544 1025 538 1024 514 1020 513 1020 512 1020 511 1020 511 1020 506 1024 505 1026 476 1026 472 1025 432 1020 431 1020 407 1025 400 1020 399 1020 399 1020 380 1020 379 1020 378 1020 358 1026 358 1046"/>
                        </Shape>
                        <String CONTENT=""/>
                    </TextLine>

                    <TextLine ID="line_30" HPOS="359" VPOS="1050" WIDTH="583" HEIGHT="42" BASELINE="360 1078 942 1076" TAGREFS="TYPE_1">
                        <Shape>
                            <Polygon POINTS="360 1078 360 1086 370 1091 370 1091 371 1092 399 1092 399 1091 400 1091 401 1091 401 1090 407 1086 408 1085 412 1086 429 1090 430 1090 473 1086 487 1085 490 1086 503 1091 504 1091 505 1091 539 1086 554 1084 647 1084 652 1086 661 1090 662 1090 662 1091 683 1091 683 1090 684 1090 685 1090 691 1086 694 1085 720 1085 722 1086 728 1090 728 1090 729 1090 730 1090 794 1090 795 1090 804 1086 814 1083 839 1086 862 1090 863 1090 903 1090 903 1090 904 1090 911 1086 920 1083 940 1086 942 1076 940 1055 768 1050 767 1050 766 1050 750 1055 748 1056 745 1056 724 1051 724 1051 723 1051 707 1056 707 1056 706 1056 697 1051 696 1051 695 1051 674 1056 672 1056 670 1056 634 1051 633 1051 602 1056 601 1056 600 1056 575 1051 574 1051 573 1051 556 1056 554 1057 481 1057 480 1057 459 1052 458 1052 433 1057 432 1057 430 1057 396 1052 395 1052 395 1052 394 1052 388 1057 388 1057 359 1057 360 1078"/>
                        </Shape>
                        <String CONTENT=""/>
                    </TextLine>

                    <TextLine ID="line_31" HPOS="359" VPOS="1082" WIDTH="581" HEIGHT="42" BASELINE="360 1110 940 1108" TAGREFS="TYPE_1">
                        <Shape>
                            <Polygon POINTS="360 1110 360 1124 396 1124 396 1123 397 1123 398 1123 402 1119 412 1123 413 1123 414 1124 491 1124 491 1123 492 1123 503 1117 558 1117 618 1117 627 1123 628 1123 629 1123 629 1123 659 1117 806 1122 806 1122 807 1122 821 1116 832 1122 833 1122 834 1123 886 1123 886 1122 887 1122 888 1122 895 1117 904 1122 905 1122 905 1123 939 1123 940 1108 939 1090 923 1082 922 1082 921 1082 890 1090 887 1090 884 1090 855 1083 855 1083 854 1083 853 1083 844 1089 822 1089 793 1090 791 1089 784 1082 783 1082 782 1082 781 1082 751 1089 742 1091 658 1091 654 1089 647 1083 646 1083 646 1083 645 1083 614 1089 603 1090 600 1088 593 1083 592 1083 592 1083 591 1083 546 1084 545 1084 534 1088 525 1091 497 1091 493 1088 489 1084 488 1084 487 1084 486 1084 485 1084 476 1088 470 1090 448 1088 415 1084 402 1084 401 1084 400 1084 399 1084 395 1088 389 1091 359 1088 360 1110"/>
                        </Shape>
                        <String CONTENT=""/>
                    </TextLine>

                    <TextLine ID="line_32" HPOS="359" VPOS="1114" WIDTH="586" HEIGHT="43" BASELINE="360 1143 945 1141" TAGREFS="TYPE_1">
                        <Shape>
                            <Polygon POINTS="360 1143 360 1151 415 1151 416 1151 424 1156 425 1156 426 1156 427 1156 427 1156 438 1151 439 1151 441 1151 466 1156 467 1157 514 1157 514 1156 515 1156 516 1156 522 1151 523 1151 528 1151 544 1155 545 1155 572 1152 587 1151 589 1152 594 1156 595 1156 596 1156 596 1157 620 1157 620 1156 638 1152 651 1150 655 1153 658 1155 659 1155 660 1155 661 1156 684 1156 684 1155 685 1155 686 1155 688 1153 692 1151 695 1153 698 1155 699 1155 699 1155 700 1156 789 1156 789 1155 790 1155 794 1154 804 1150 818 1154 824 1155 825 1155 826 1156 890 1156 890 1155 891 1155 893 1155 905 1150 944 1155 945 1141 943 1117 899 1114 898 1114 897 1114 897 1114 893 1117 889 1120 855 1120 843 1118 822 1114 821 1114 802 1118 794 1119 786 1118 768 1114 767 1114 766 1114 765 1114 759 1118 757 1120 725 1120 723 1118 714 1114 713 1114 712 1114 691 1118 670 1114 669 1114 668 1114 655 1118 651 1121 612 1121 609 1119 602 1114 601 1114 600 1114 523 1114 522 1114 522 1114 521 1114 513 1120 499 1114 498 1114 497 1114 497 1114 496 1114 488 1120 450 1120 440 1114 440 1114 439 1114 438 1114 437 1114 417 1120 404 1114 403 1114 403 1114 402 1114 401 1114 391 1121 359 1121 360 1143"/>
                        </Shape>
                        <String CONTENT=""/>
                    </TextLine>

                    <TextLine ID="line_33" HPOS="359" VPOS="1147" WIDTH="575" HEIGHT="51" BASELINE="360 1175 934 1173" TAGREFS="TYPE_1">
                        <Shape>
                            <Polygon POINTS="360 1175 360 1197 404 1197 405 1197 406 1197 407 1197 407 1197 414 1192 442 1196 449 1197 450 1197 451 1197 453 1196 473 1190 493 1196 500 1197 501 1197 502 1198 568 1198 568 1197 569 1197 570 1197 574 1195 581 1190 589 1194 594 1197 595 1197 596 1197 596 1197 601 1194 610 1189 646 1189 662 1193 673 1197 674 1197 674 1197 690 1193 708 1189 739 1192 774 1197 775 1197 808 1192 827 1189 835 1192 841 1193 842 1193 843 1193 858 1192 872 1189 875 1191 879 1194 879 1195 880 1195 880 1195 881 1195 882 1195 894 1191 900 1189 934 1190 934 1173 934 1153 917 1147 917 1147 916 1147 915 1147 896 1153 876 1153 826 1153 826 1152 810 1147 810 1147 809 1147 808 1147 794 1152 794 1152 793 1152 761 1148 760 1148 710 1152 704 1152 703 1152 694 1147 693 1147 692 1147 656 1152 646 1153 642 1152 633 1148 633 1148 632 1148 631 1148 622 1152 618 1153 609 1151 584 1148 555 1148 554 1148 553 1148 552 1148 549 1151 547 1153 543 1151 532 1148 531 1148 530 1148 502 1151 487 1154 460 1154 457 1151 454 1148 453 1148 452 1148 452 1148 359 1151 360 1175"/>
                        </Shape>
                        <String CONTENT=""/>
                    </TextLine>
</TextBlock>
                <TextBlock ID="block_3" HPOS="823" VPOS="1186" WIDTH="111" HEIGHT="39" TAGREFS="TYPE_27">
                    <Shape>
                        <Polygon POINTS="823.1276245117188 1186.8209228515625 934.431640625 1186.8209228515625 934.431640625 1225.63818359375 823.1276245117188 1225.63818359375 823.1276245117188 1186.8209228515625"/>
                    </Shape>
                    <TextLine ID="line_34" HPOS="823" VPOS="1185" WIDTH="111" HEIGHT="44" BASELINE="823 1207 934 1207" TAGREFS="TYPE_1">
                        <Shape>
                            <Polygon POINTS="823 1207 823 1229 855 1223 860 1226 864 1229 864 1229 865 1229 866 1229 867 1229 868 1229 872 1226 876 1222 888 1225 907 1229 908 1229 909 1229 934 1221 934 1207 933 1185 823 1185 823 1207"/>
                        </Shape>
                        <String CONTENT=""/>
                    </TextLine>
</TextBlock>
            </PrintSpace>
        </Page>
    </Layout>
</alto>