<?xml version="1.0" encoding="UTF-8"?>
<alto xmlns:xsi="http://www.w3.org/2001/XMLSchema-instance"
      xmlns="http://www.loc.gov/standards/alto/ns-v4#"
      xsi:schemaLocation="http://www.loc.gov/standards/alto/ns-v4# http://www.loc.gov/standards/alto/v4/alto-4-2.xsd">
  <Description>
    <MeasurementUnit>pixel</MeasurementUnit>
    <sourceImageInformation>
      <fileName>7325981.jpeg</fileName>
    </sourceImageInformation>
  </Description>
  <Tags>
    <OtherTag ID="BT7" LABEL="CustomZone" DESCRIPTION="block type CustomZone"/><OtherTag ID="BT8" LABEL="DamageZone" DESCRIPTION="block type DamageZone"/><OtherTag ID="BT9" LABEL="DigitizationArtefactZone" DESCRIPTION="block type DigitizationArtefactZone"/><OtherTag ID="BT10" LABEL="DropCapitalZone" DESCRIPTION="block type DropCapitalZone"/><OtherTag ID="BT11" LABEL="GraphicZone" DESCRIPTION="block type GraphicZone"/><OtherTag ID="BT12" LABEL="MainZone" DESCRIPTION="block type MainZone"/><OtherTag ID="BT13" LABEL="MarginTextZone" DESCRIPTION="block type MarginTextZone"/><OtherTag ID="BT14" LABEL="MusicZone" DESCRIPTION="block type MusicZone"/><OtherTag ID="BT15" LABEL="NumberingZone" DESCRIPTION="block type NumberingZone"/><OtherTag ID="BT17" LABEL="QuireMarksZone" DESCRIPTION="block type QuireMarksZone"/><OtherTag ID="BT18" LABEL="RunningTitleZone" DESCRIPTION="block type RunningTitleZone"/><OtherTag ID="BT19" LABEL="SealZone" DESCRIPTION="block type SealZone"/><OtherTag ID="BT20" LABEL="StampZone" DESCRIPTION="block type StampZone"/><OtherTag ID="BT21" LABEL="TableZone" DESCRIPTION="block type TableZone"/><OtherTag ID="BT22" LABEL="TitlePageZone" DESCRIPTION="block type TitlePageZone"/><OtherTag ID="BT2900" LABEL="MainZone-P-Continued" DESCRIPTION="block type MainZone-P-Continued"/><OtherTag ID="BT2901" LABEL="MainZone-Sp" DESCRIPTION="block type MainZone-Sp"/><OtherTag ID="BT2902" LABEL="MarginTextZone-Notes" DESCRIPTION="block type MarginTextZone-Notes"/><OtherTag ID="BT2903" LABEL="MainZone-Head" DESCRIPTION="block type MainZone-Head"/><OtherTag ID="BT2904" LABEL="MainZone-P" DESCRIPTION="block type MainZone-P"/>
    <OtherTag ID="LT7" LABEL="CustomLine" DESCRIPTION="line type CustomLine"/><OtherTag ID="LT8" LABEL="DefaultLine" DESCRIPTION="line type DefaultLine"/><OtherTag ID="LT9" LABEL="DropCapitalLine" DESCRIPTION="line type DropCapitalLine"/><OtherTag ID="LT10" LABEL="HeadingLine" DESCRIPTION="line type HeadingLine"/><OtherTag ID="LT11" LABEL="InterlinearLine" DESCRIPTION="line type InterlinearLine"/><OtherTag ID="LT12" LABEL="MusicLine" DESCRIPTION="line type MusicLine"/>
  </Tags>
  <Layout>
    <Page WIDTH="1000"
          HEIGHT="1547"
          PHYSICAL_IMG_NR="16"
          ID="eSc_dummypage_">
      <PrintSpace HPOS="0"
                  VPOS="0"
                  WIDTH="1000"
                  HEIGHT="1547">
        <TextBlock HPOS="215"
                   VPOS="100"
                   WIDTH="338"
                   HEIGHT="42"
                   ID="block_2"
                   TAGREFS="BT18">
          <Shape><Polygon POINTS="553 100 553 142 215 142 215 100"/></Shape>
          <TextLine ID="line_0"
                    TAGREFS="LT10"
                    BASELINE="220 128 549 132" 
                    HPOS="218"
                    VPOS="96"
                    WIDTH="339"
                    HEIGHT="50">
            <Shape><Polygon POINTS="529 100 516 100 503 100 490 100 477 100 464 100 451 100 438 100 425 100 412 100 400 100 387 100 374 100 361 100 348 100 335 100 322 100 309 100 296 100 283 100 270 100 258 100 245 100 232 100 219 100 219 127 218 141 292 137 331 145 332 145 403 139 423 145 424 145 425 145 509 140 554 146 557 131 557 97 541 96 541 100"/></Shape>
            <String CONTENT="AD TIM. CAP. II."
                    HPOS="218"
                    VPOS="96"
                    WIDTH="339"
                    HEIGHT="50"
                    WC="0.9986387267708778"></String>
          </TextLine>
        </TextBlock>
        <TextBlock HPOS="652"
                   VPOS="108"
                   WIDTH="63"
                   HEIGHT="46"
                   ID="block_0"
                   TAGREFS="BT15">
          <Shape><Polygon POINTS="715 108 715 154 652 154 652 108"/></Shape>
          <TextLine ID="line_1"
                    TAGREFS="LT8"
                    BASELINE="659 136 709 145" 
                    HPOS="655"
                    VPOS="108"
                    WIDTH="55"
                    HEIGHT="46">
            <Shape><Polygon POINTS="701 108 689 108 674 108 661 108 658 135 655 144 705 154 708 144 710 113 701 108"/></Shape>
            <String CONTENT="115"
                    HPOS="655"
                    VPOS="108"
                    WIDTH="55"
                    HEIGHT="46"
                    WC="0.9999165733655294"></String>
          </TextLine>
        </TextBlock>
        <TextBlock HPOS="35"
                   VPOS="149"
                   WIDTH="688"
                   HEIGHT="1142"
                   ID="block_1"
                   TAGREFS="BT2900">
          <Shape><Polygon POINTS="723 158 721 1291 35 1291 39 149"/></Shape>
          <TextLine ID="line_2"
                    TAGREFS="LT8"
                    BASELINE="49 183 714 185" 
                    HPOS="49.0"
                    VPOS="143.0"
                    WIDTH="665.0"
                    HEIGHT="58.0">
            <Shape><Polygon POINTS="49 183 49 194 85 199 85 199 86 199 87 199 93 194 96 193 134 193 136 194 142 199 143 199 144 199 145 200 192 200 192 199 193 199 194 199 202 194 202 194 212 199 213 199 214 199 273 194 282 194 284 194 298 200 299 200 300 200 327 194 331 194 341 194 421 200 422 200 455 195 493 201 494 201 580 195 607 201 607 201 645 196 678 201 679 201 680 201 680 201 689 195 713 195 714 185 713 146 660 153 625 146 625 146 582 154 521 154 510 148 509 148 509 148 508 148 493 153 461 153 449 145 448 145 447 145 447 145 382 152 361 148 360 148 304 152 285 148 284 148 283 148 253 152 232 144 231 144 230 144 190 145 190 145 189 145 182 150 170 145 169 145 168 145 167 145 166 145 156 152 144 144 143 144 142 144 49 143 49 183"/></Shape>
            <String CONTENT="apud Auguſtinum contra Pelagianos inuenies, &amp; pla¬"
                    HPOS="49.0"
                    VPOS="143.0"
                    WIDTH="665.0"
                    HEIGHT="58.0"
                    ></String>
          </TextLine>
          <TextLine ID="line_3"
                    TAGREFS="LT8"
                    BASELINE="48 226 716 228" 
                    HPOS="47.0"
                    VPOS="193.0"
                    WIDTH="669.0"
                    HEIGHT="51.0">
            <Shape><Polygon POINTS="48 226 47 234 118 236 126 241 127 241 128 241 128 241 211 236 220 236 225 236 270 243 271 243 301 237 303 237 304 237 316 243 317 243 318 243 319 243 329 237 331 237 392 237 393 238 399 243 400 243 401 243 402 243 403 243 418 238 423 237 440 238 496 244 496 244 530 244 530 244 531 244 541 239 546 238 550 239 562 244 563 244 564 244 715 240 716 228 716 202 528 195 527 195 527 195 526 195 518 201 517 202 495 202 490 201 455 194 454 194 344 201 336 201 335 201 319 194 319 194 318 194 317 194 297 201 295 201 294 201 271 193 270 193 269 193 235 197 192 193 191 193 190 193 168 200 167 201 141 201 140 200 132 194 131 194 130 194 129 194 128 194 110 200 108 200 48 200 48 226"/></Shape>
            <String CONTENT="ne uerum est. Impij enim non ſaluantur ſed pij tantum."
                    HPOS="47.0"
                    VPOS="193.0"
                    WIDTH="669.0"
                    HEIGHT="51.0"
                    WC="0.9856387244330512"></String>
          </TextLine>
          <TextLine ID="line_4"
                    TAGREFS="LT8"
                    BASELINE="49 269 716 273" 
                    HPOS="48.0"
                    VPOS="235.0"
                    WIDTH="668.0"
                    HEIGHT="54.0">
            <Shape><Polygon POINTS="49 269 48 277 179 278 180 279 191 287 192 287 193 287 194 287 267 287 267 287 268 287 284 281 287 280 295 281 355 287 356 287 398 283 407 287 408 287 409 287 466 283 473 288 474 288 475 288 476 288 477 288 478 288 483 284 492 288 493 288 494 289 562 289 562 288 563 288 574 284 578 282 590 284 616 287 617 287 645 285 668 282 714 285 716 273 715 246 676 246 675 245 658 239 657 239 656 239 631 245 630 245 621 238 620 238 619 238 619 238 618 238 598 245 582 245 553 245 553 244 539 238 539 238 538 238 537 238 523 244 523 245 483 245 478 244 426 237 411 237 410 237 409 237 408 237 398 244 386 237 385 237 384 237 383 237 361 244 360 244 357 244 314 236 313 236 226 242 216 236 215 236 214 236 182 235 181 235 150 242 149 242 49 242 49 269"/></Shape>
            <String CONTENT="Cæterum illi non habent quod Deo qui pro bonitate"
                    HPOS="48.0"
                    VPOS="235.0"
                    WIDTH="668.0"
                    HEIGHT="54.0"
                    WC="0.9982466308438048"></String>
          </TextLine>
          <TextLine ID="line_5"
                    TAGREFS="LT8"
                    BASELINE="48 312 714 317" 
                    HPOS="48.0"
                    VPOS="280.0"
                    WIDTH="666.0"
                    HEIGHT="50.0">
            <Shape><Polygon POINTS="48 312 48 326 165 322 187 326 196 328 197 329 285 329 285 328 296 326 311 323 314 326 316 327 316 328 317 328 318 328 319 328 380 325 437 324 453 325 472 328 473 328 523 325 543 324 549 325 580 330 581 330 662 325 693 330 693 330 694 330 713 324 714 317 713 290 670 283 669 283 644 288 641 289 640 288 634 283 633 283 632 283 631 283 539 287 501 288 497 287 493 282 492 282 491 282 490 282 466 286 465 286 462 286 439 281 438 281 437 281 428 285 422 288 337 288 331 284 329 281 328 281 327 281 326 281 304 283 268 287 255 282 249 281 248 281 247 281 238 282 221 286 211 281 208 281 207 281 206 281 205 281 201 281 182 287 163 281 158 280 157 280 156 280 146 281 111 286 100 280 99 280 98 280 48 280 48 312"/></Shape>
            <String CONTENT="ſua uoluit eos ad agnitionem ueritatis uenire, ſuæ dam¬"
                    HPOS="48.0"
                    VPOS="280.0"
                    WIDTH="666.0"
                    HEIGHT="50.0"
                    ></String>
          </TextLine>
          <TextLine ID="line_6"
                    TAGREFS="LT8"
                    BASELINE="47 357 713 359" 
                    HPOS="46.0"
                    VPOS="324.0"
                    WIDTH="667.0"
                    HEIGHT="50.0">
            <Shape><Polygon POINTS="47 357 46 366 61 372 61 372 62 372 131 368 171 373 172 373 173 373 192 368 225 373 226 373 351 368 380 374 381 374 426 369 461 374 462 374 712 368 713 359 713 333 692 325 691 325 690 325 689 325 672 332 565 327 564 327 564 327 563 327 555 332 554 333 497 333 496 332 488 325 487 325 486 325 485 325 484 325 467 331 454 325 453 325 453 325 404 330 380 324 380 324 379 324 336 330 329 324 328 324 327 324 302 324 301 324 300 324 300 324 291 331 269 324 269 324 268 324 47 330 47 357"/></Shape>
            <String CONTENT="nationis &amp; impietatis culpam impingant. Non enim"
                    HPOS="46.0"
                    VPOS="324.0"
                    WIDTH="667.0"
                    HEIGHT="50.0"
                    WC="0.9933904421826204"></String>
          </TextLine>
          <TextLine ID="line_7"
                    TAGREFS="LT8"
                    BASELINE="48 400 715 403" 
                    HPOS="47.0"
                    VPOS="368.0"
                    WIDTH="668.0"
                    HEIGHT="52.0">
            <Shape><Polygon POINTS="48 400 47 415 96 416 97 416 98 416 98 416 99 415 106 410 134 415 137 415 138 415 139 415 140 415 148 411 156 415 159 416 159 416 160 416 168 415 194 410 208 415 214 417 214 417 215 417 230 415 251 411 317 415 343 415 344 415 352 415 369 411 399 414 426 416 427 416 466 414 490 412 495 414 507 418 508 418 509 418 534 413 541 412 544 413 555 419 556 419 557 419 588 413 590 413 593 413 624 419 625 420 697 420 697 419 698 419 714 412 715 403 715 378 665 371 664 371 619 376 612 377 607 376 584 371 583 371 582 371 568 376 563 377 558 375 537 370 536 370 535 370 534 370 518 375 516 375 513 375 475 370 474 370 473 370 464 374 460 377 407 377 394 373 372 369 371 369 370 369 360 373 354 375 343 373 328 370 327 370 326 370 320 372 315 375 302 372 289 370 288 370 274 372 256 375 245 372 235 369 234 369 233 369 233 369 222 372 210 374 197 372 187 369 186 369 177 371 161 375 127 375 121 371 118 368 117 368 116 368 116 368 103 370 85 373 78 370 74 368 73 368 73 368 48 369 48 400"/></Shape>
            <String CONTENT="ſequitur præſcientiam dei nos ad res impias affige¬"
                    HPOS="47.0"
                    VPOS="368.0"
                    WIDTH="668.0"
                    HEIGHT="52.0"
                    WC="0.9983227217898649"></String>
          </TextLine>
          <TextLine ID="line_8"
                    TAGREFS="LT8"
                    BASELINE="45 444 716 446" 
                    HPOS="44.0"
                    VPOS="412.0"
                    WIDTH="672.0"
                    HEIGHT="51.0">
            <Shape><Polygon POINTS="45 444 44 452 85 459 86 459 87 459 109 454 137 461 138 461 139 462 249 462 249 461 250 461 262 455 335 455 359 460 360 460 361 460 375 455 441 462 442 462 484 458 497 463 498 463 499 463 715 455 716 446 716 421 606 421 603 420 564 414 563 414 562 414 550 420 549 421 503 421 501 420 480 413 479 413 409 413 408 413 407 413 406 413 400 417 390 413 389 413 388 413 387 413 386 413 377 419 360 413 359 413 358 413 357 413 337 419 337 419 336 419 325 413 325 413 286 413 285 413 284 413 283 413 276 419 276 419 269 419 221 414 220 414 175 418 172 418 171 418 152 412 151 412 150 412 149 412 135 418 134 418 103 418 88 418 79 412 78 412 77 412 76 412 45 417 45 444"/></Shape>
            <String CONTENT="reut culpam peccati in Deum reijcere poßimus. Re¬"
                    HPOS="44.0"
                    VPOS="412.0"
                    WIDTH="672.0"
                    HEIGHT="51.0"
                    WC="0.992246003783479"></String>
          </TextLine>
          <TextLine ID="line_9"
                    TAGREFS="LT8"
                    BASELINE="45 487 713 490" 
                    HPOS="44.0"
                    VPOS="456.0"
                    WIDTH="669.0"
                    HEIGHT="51.0">
            <Shape><Polygon POINTS="45 487 44 496 110 504 110 504 165 498 169 498 173 498 202 502 202 502 203 502 215 499 224 505 225 505 226 505 226 505 289 504 290 504 305 500 310 499 331 500 372 503 373 503 418 501 454 500 487 502 546 507 546 507 566 503 579 501 595 503 612 507 613 507 652 504 703 501 710 505 713 490 712 465 618 464 607 458 606 458 582 458 581 458 580 458 579 458 572 464 570 464 519 464 518 464 510 458 509 458 509 458 508 458 507 458 489 463 478 458 477 458 401 458 400 458 399 458 382 463 381 464 314 464 312 463 296 457 295 457 247 457 246 457 245 457 245 457 238 462 236 463 227 462 195 458 194 458 193 458 177 462 176 462 175 462 168 456 167 456 166 456 165 456 165 456 143 461 141 462 140 461 131 456 130 456 129 456 128 456 107 461 102 462 97 461 73 456 72 456 45 460 45 487"/></Shape>
            <String CONTENT="cte enim D. Auguſtinus Tracta. in Ioan.53. Non pro¬"
                    HPOS="44.0"
                    VPOS="456.0"
                    WIDTH="669.0"
                    HEIGHT="51.0"
                    WC="0.9932993732246698"></String>
          </TextLine>
          <TextLine ID="line_10"
                    TAGREFS="LT8"
                    BASELINE="45 535 712 532" 
                    HPOS="44.0"
                    VPOS="500.0"
                    WIDTH="668.0"
                    HEIGHT="53.0">
            <Shape><Polygon POINTS="45 535 45 551 79 545 135 546 143 550 147 552 147 552 148 553 238 553 238 552 252 550 272 545 329 549 355 550 356 550 357 550 361 548 367 545 375 548 387 551 388 551 389 551 390 551 391 551 395 548 400 544 454 547 497 549 498 549 512 546 527 544 549 544 553 546 559 550 560 550 561 550 562 551 679 551 679 550 711 544 712 532 711 507 683 500 682 500 619 506 615 506 614 506 601 500 600 500 570 500 569 500 568 500 567 500 558 505 557 506 543 505 467 501 466 501 466 501 451 505 442 507 383 507 379 504 374 501 374 501 373 501 372 501 329 504 311 505 305 504 294 501 293 501 292 501 275 503 250 507 44 502 45 535"/></Shape>
            <String CONTENT="pterea quenquam deus ad peccandum cogit quia fu¬"
                    HPOS="44.0"
                    VPOS="500.0"
                    WIDTH="668.0"
                    HEIGHT="53.0"
                    WC="0.9928642511367798"></String>
          </TextLine>
          <TextLine ID="line_11"
                    TAGREFS="LT8"
                    BASELINE="43 577 712 575" 
                    HPOS="42.0"
                    VPOS="544.0"
                    WIDTH="670.0"
                    HEIGHT="49.0">
            <Shape><Polygon POINTS="43 577 43 587 79 587 81 587 93 593 94 593 95 593 96 593 110 587 113 587 198 587 202 588 214 593 214 593 215 593 264 593 264 593 265 593 276 589 282 587 358 589 382 590 383 590 384 590 385 590 393 586 400 590 401 590 402 590 403 590 404 590 404 590 412 586 424 590 428 591 429 591 429 591 438 590 461 587 466 590 468 592 469 592 470 592 471 593 499 593 499 592 516 591 574 586 584 591 585 591 654 592 655 592 656 592 656 592 663 587 684 587 711 592 712 575 710 551 614 551 612 550 602 546 601 546 601 546 600 546 599 546 594 550 591 552 527 552 523 550 511 544 510 544 509 544 478 549 467 544 466 544 466 544 465 544 464 544 458 550 457 550 455 550 443 544 442 544 441 544 441 544 440 544 434 550 431 551 420 550 410 548 409 548 397 550 376 552 367 549 355 545 355 545 354 545 329 549 306 553 271 553 264 549 259 545 258 545 257 545 257 545 239 549 222 551 211 549 201 545 200 545 199 545 177 548 148 552 138 548 131 545 130 545 103 545 102 545 101 545 100 545 98 548 92 552 83 548 78 545 77 545 76 545 42 547 43 577"/></Shape>
            <String CONTENT="tura hominum peccata iam nouit. Ipſorum enim præ¬"
                    HPOS="42.0"
                    VPOS="544.0"
                    WIDTH="670.0"
                    HEIGHT="49.0"
                    WC="0.993329364426282"></String>
          </TextLine>
          <TextLine ID="line_12"
                    TAGREFS="LT8"
                    BASELINE="44 621 717 619" 
                    HPOS="43.0"
                    VPOS="586.0"
                    WIDTH="674.0"
                    HEIGHT="54.0">
            <Shape><Polygon POINTS="44 621 45 640 73 632 99 632 114 639 115 639 116 639 120 639 207 633 215 638 216 638 217 638 218 638 219 638 220 637 233 632 268 637 283 639 284 639 295 636 315 632 331 636 342 639 343 639 343 639 344 639 345 639 349 635 353 634 358 635 364 638 365 638 366 638 382 635 405 631 415 635 423 638 423 638 424 638 460 635 490 631 495 634 503 638 503 638 504 638 531 633 545 631 571 631 576 633 590 638 591 638 592 638 624 632 629 631 631 632 642 638 643 638 644 639 672 639 672 638 717 630 717 619 716 593 679 586 678 586 677 586 662 593 662 593 661 593 636 586 635 586 634 586 548 592 529 593 523 592 501 586 500 586 499 586 453 591 434 593 427 591 413 586 412 586 411 586 411 586 392 590 379 594 316 594 304 589 295 587 294 587 294 587 270 589 233 593 43 587 44 621"/></Shape>
            <String CONTENT="ſciuit peceata, non ſua non cuiusquã alterius ſed ipſo¬"
                    HPOS="43.0"
                    VPOS="586.0"
                    WIDTH="674.0"
                    HEIGHT="54.0"
                    WC="0.9933568420154708"></String>
          </TextLine>
          <TextLine ID="line_13"
                    TAGREFS="LT8"
                    BASELINE="44 666 712 663" 
                    HPOS="43.0"
                    VPOS="634.0"
                    WIDTH="669.0"
                    HEIGHT="48.0">
            <Shape><Polygon POINTS="44 666 44 675 80 675 82 676 94 681 95 681 96 682 138 682 138 681 139 681 148 676 151 675 197 677 303 680 304 680 305 680 306 680 309 677 313 674 319 678 326 680 327 680 328 680 329 680 337 678 347 674 514 678 558 679 559 679 560 679 561 679 561 678 568 673 627 673 647 679 648 679 649 679 650 680 711 680 712 663 710 634 656 638 606 634 601 634 553 634 552 634 552 634 551 634 544 638 535 635 533 634 533 634 532 634 463 635 462 635 453 639 43 637 44 666"/></Shape>
            <String CONTENT="rum. Fecerunt ergo peccatum Iudæi, quod eos non"
                    HPOS="43.0"
                    VPOS="634.0"
                    WIDTH="669.0"
                    HEIGHT="48.0"
                    WC="0.9850125731305873"></String>
          </TextLine>
          <TextLine ID="line_14"
                    TAGREFS="LT8"
                    BASELINE="44 709 713 706" 
                    HPOS="43.0"
                    VPOS="673.0"
                    WIDTH="670.0"
                    HEIGHT="52.0">
            <Shape><Polygon POINTS="619 684 614 673 559 673 558 673 558 673 557 673 549 679 539 674 538 674 537 674 536 674 535 674 527 681 504 681 490 673 490 673 489 673 459 674 458 674 441 682 395 682 376 674 375 674 346 674 345 674 344 674 343 674 334 682 288 682 281 677 280 677 279 677 278 677 277 677 265 682 123 675 122 675 43 683 44 709 44 718 91 718 92 718 100 724 101 724 102 724 103 724 104 724 123 718 125 718 126 718 137 724 138 724 139 724 206 719 216 724 217 724 218 725 256 725 256 724 312 723 312 723 313 723 319 718 321 717 331 718 360 721 361 721 383 718 390 717 392 718 404 723 405 723 406 724 429 724 429 723 429 723 430 723 438 718 440 717 442 718 457 723 458 723 459 723 484 718 494 716 525 716 527 718 533 722 533 722 534 722 535 723 565 723 565 722 566 722 567 722 573 718 575 716 578 718 590 722 591 722 592 722 616 718 620 717 711 717 713 706 711 681 662 681 651 673 650 673 650 673 624 673 619 684"/></Shape>
            <String CONTENT="compulit facere, cui peccatum nõ placet, ſed facturos"
                    HPOS="43.0"
                    VPOS="673.0"
                    WIDTH="670.0"
                    HEIGHT="52.0"
                    WC="0.9860558266992923"></String>
          </TextLine>
          <TextLine ID="line_15"
                    TAGREFS="LT8"
                    BASELINE="45 752 715 749" 
                    HPOS="44.0"
                    VPOS="716.0"
                    WIDTH="671.0"
                    HEIGHT="52.0">
            <Shape><Polygon POINTS="45 752 45 765 75 768 76 768 77 768 84 765 91 763 104 765 118 768 119 768 139 764 153 763 169 764 194 768 195 768 196 768 196 768 201 764 202 764 210 764 239 767 239 767 265 764 281 762 291 764 310 767 311 767 329 764 336 762 337 763 342 767 343 767 343 767 344 768 366 768 366 767 367 767 380 763 386 761 393 763 410 766 411 766 451 762 465 761 480 762 545 766 546 766 576 761 582 760 597 761 670 765 671 765 715 759 715 749 713 726 618 726 590 716 589 716 588 716 546 726 502 720 501 720 500 720 479 726 440 717 439 717 402 726 383 718 382 718 320 718 319 718 319 718 302 727 274 721 273 721 247 727 235 721 234 721 176 719 175 719 174 719 145 727 60 719 59 719 58 719 57 719 44 726 45 752"/></Shape>
            <String CONTENT="eſſe prædixit quem nihil latet. Et ludas non ideo pro¬"
                    HPOS="44.0"
                    VPOS="716.0"
                    WIDTH="671.0"
                    HEIGHT="52.0"
                    WC="0.9831808529518269"></String>
          </TextLine>
          <TextLine ID="line_16"
                    TAGREFS="LT8"
                    BASELINE="44 795 712 795" 
                    HPOS="44.0"
                    VPOS="762.0"
                    WIDTH="668.0"
                    HEIGHT="50.0">
            <Shape><Polygon POINTS="44 795 44 803 67 808 68 808 139 804 159 811 159 811 160 811 161 811 174 806 268 811 269 811 269 811 270 811 278 805 313 804 354 808 355 808 355 808 356 808 362 804 399 804 417 811 418 811 419 811 420 811 442 804 458 811 459 811 460 811 526 804 535 811 536 811 537 811 538 812 607 812 607 811 608 811 609 811 620 804 693 808 694 808 695 808 712 803 712 795 711 768 685 769 682 768 674 762 673 762 672 762 557 762 556 762 555 762 554 762 546 768 546 769 490 769 486 768 465 762 464 762 463 762 462 762 445 766 429 762 428 762 427 762 426 762 425 762 417 768 415 770 381 770 380 769 371 762 370 762 369 762 368 762 336 766 294 762 294 762 293 762 292 762 283 769 282 770 204 770 203 769 183 762 182 762 181 762 141 769 133 762 132 762 131 762 82 762 81 762 44 769 44 795"/></Shape>
            <String CONTENT="didit dominum quod ita de eo ſcriptum eſſet, ſed ideo"
                    HPOS="44.0"
                    VPOS="762.0"
                    WIDTH="668.0"
                    HEIGHT="50.0"
                    WC="0.9856611299064925"></String>
          </TextLine>
          <TextLine ID="line_17"
                    TAGREFS="LT8"
                    BASELINE="44 839 708 839" 
                    HPOS="44.0"
                    VPOS="806.0"
                    WIDTH="664.0"
                    HEIGHT="51.0">
            <Shape><Polygon POINTS="44 839 44 850 101 850 109 856 110 856 110 856 111 856 141 851 152 856 153 856 153 857 184 857 184 856 208 850 209 850 218 856 219 856 220 856 220 856 242 851 252 856 253 856 254 856 280 852 319 856 320 856 351 850 355 850 411 850 412 851 421 856 422 856 423 856 423 857 496 857 496 856 527 851 533 850 707 851 708 839 707 810 672 813 664 809 657 806 656 806 617 806 616 806 615 806 614 806 610 809 603 814 555 814 546 809 539 806 539 806 486 806 485 806 484 806 475 808 458 813 439 808 429 806 429 806 428 806 427 806 422 808 411 813 397 808 392 807 392 807 391 807 382 808 371 810 365 807 359 806 358 806 357 806 341 807 311 812 294 807 291 807 290 807 289 807 288 807 288 807 287 807 279 814 201 814 193 809 192 809 191 809 190 809 151 813 141 807 141 806 140 806 139 806 126 806 125 806 124 806 122 807 110 813 92 807 89 806 88 806 87 806 44 806 44 839"/></Shape>
            <String CONTENT="de eo ſcriptum erat quod deus præſciret auaritia &amp;"
                    HPOS="44.0"
                    VPOS="806.0"
                    WIDTH="664.0"
                    HEIGHT="51.0"
                    WC="0.9996945905685425"></String>
          </TextLine>
          <TextLine ID="line_18"
                    TAGREFS="LT8"
                    BASELINE="43 883 715 881" 
                    HPOS="42.0"
                    VPOS="847.0"
                    WIDTH="673.0"
                    HEIGHT="51.0">
            <Shape><Polygon POINTS="43 883 43 894 118 898 119 898 120 898 121 898 123 895 128 892 143 895 148 896 149 896 150 896 151 896 152 895 158 892 245 892 252 895 254 897 255 897 256 897 257 897 275 896 319 892 325 896 326 898 327 898 328 898 329 898 351 898 351 898 352 898 355 896 361 893 389 896 400 897 401 897 402 897 404 896 417 891 498 891 552 897 558 897 558 897 561 897 587 891 607 897 607 897 608 897 609 897 610 897 625 892 713 897 715 881 712 847 668 855 632 848 631 848 601 848 601 848 600 848 599 848 585 856 511 856 503 849 500 848 499 848 498 848 497 848 496 848 492 849 483 856 446 856 421 850 402 848 401 848 355 852 347 852 343 852 325 849 324 849 323 849 312 852 301 856 279 853 252 849 251 849 251 849 244 853 239 856 179 856 174 855 156 849 155 849 154 849 153 849 134 855 132 856 130 855 122 850 121 850 120 850 100 854 61 849 60 849 59 849 42 855 43 883"/></Shape>
            <String CONTENT="deſperatione animum ipſius fore corrumpendum. Ob¬"
                    HPOS="42.0"
                    VPOS="847.0"
                    WIDTH="673.0"
                    HEIGHT="51.0"
                    ></String>
          </TextLine>
          <TextLine ID="line_19"
                    TAGREFS="LT8"
                    BASELINE="45 928 713 925" 
                    HPOS="44.0"
                    VPOS="891.0"
                    WIDTH="669.0"
                    HEIGHT="54.0">
            <Shape><Polygon POINTS="45 928 45 945 126 940 142 944 143 944 144 944 145 944 153 944 208 940 215 943 219 944 220 944 220 944 227 942 245 939 282 942 300 943 300 943 301 943 302 943 304 941 312 937 384 941 443 943 444 943 445 943 452 940 456 937 476 939 491 941 492 941 503 939 516 936 539 938 582 942 582 942 605 937 611 936 617 937 638 941 638 941 639 941 648 937 650 936 712 936 713 925 711 893 684 891 683 891 682 891 678 893 672 897 667 893 664 891 663 891 662 891 635 891 634 891 633 891 624 893 606 898 601 893 598 891 597 891 596 891 576 891 575 891 574 891 564 893 548 898 462 894 461 894 460 894 445 898 436 893 432 892 431 892 430 892 411 893 392 896 362 894 341 892 340 892 339 892 338 892 337 894 330 898 266 899 246 894 240 892 239 892 239 892 238 892 233 894 220 900 197 900 187 894 184 892 183 892 182 892 181 892 174 894 154 900 131 900 124 894 123 893 122 893 122 893 121 893 111 894 78 899 44 895 45 928"/></Shape>
            <String CONTENT="ijcis, Atqui ratione pari conſequetur ut quia uiderit"
                    HPOS="44.0"
                    VPOS="891.0"
                    WIDTH="669.0"
                    HEIGHT="54.0"
                    WC="0.9864540448728597"></String>
          </TextLine>
          <TextLine ID="line_20"
                    TAGREFS="LT8"
                    BASELINE="43 971 713 967" 
                    HPOS="42.0"
                    VPOS="936.0"
                    WIDTH="671.0"
                    HEIGHT="48.0">
            <Shape><Polygon POINTS="43 971 43 979 73 979 75 980 85 984 86 984 87 984 184 980 221 978 287 978 291 980 298 984 299 984 300 984 328 980 337 979 347 980 377 984 378 984 379 984 389 980 397 978 404 980 411 983 411 983 412 983 468 980 546 977 711 980 713 967 711 943 613 936 613 936 612 936 598 942 527 937 526 937 525 937 524 937 516 943 515 944 482 944 478 943 445 937 444 937 387 943 375 944 362 943 313 939 312 939 312 939 311 939 306 943 304 945 243 945 241 943 234 938 233 938 233 938 232 938 205 943 197 945 191 943 177 939 176 939 175 939 174 939 156 943 153 944 153 943 147 939 146 939 145 939 144 939 42 943 43 971"/></Shape>
            <String CONTENT="deus fidelium bona opera prædeſtinarit eos ad uitam"
                    HPOS="42.0"
                    VPOS="936.0"
                    WIDTH="671.0"
                    HEIGHT="48.0"
                    WC="0.9986940213278228"></String>
          </TextLine>
          <TextLine ID="line_21"
                    TAGREFS="LT8"
                    BASELINE="44 1015 716 1012" 
                    HPOS="43.0"
                    VPOS="978.0"
                    WIDTH="673.0"
                    HEIGHT="53.0">
            <Shape><Polygon POINTS="619 986 617 981 613 983 599 988 590 984 582 978 581 978 580 978 543 983 521 978 520 978 519 978 518 978 511 984 508 987 501 984 486 979 485 979 484 979 417 984 393 980 392 980 392 980 377 986 375 987 374 986 365 982 364 982 363 982 331 984 316 979 315 979 314 979 276 988 266 990 246 990 245 988 235 981 234 981 233 981 233 981 232 981 231 981 220 989 218 990 122 990 122 990 102 985 101 985 83 989 70 981 69 981 68 981 67 981 67 981 43 990 44 1015 44 1023 58 1028 59 1028 60 1028 99 1024 118 1031 119 1031 120 1031 121 1031 143 1025 150 1030 151 1030 152 1030 153 1030 153 1030 162 1026 171 1031 172 1031 173 1031 198 1027 214 1031 214 1031 215 1031 216 1031 235 1023 267 1023 288 1030 288 1030 289 1030 421 1025 470 1030 471 1030 472 1030 493 1025 526 1027 527 1027 552 1023 592 1029 593 1029 594 1029 605 1023 716 1021 716 1012 714 982 687 978 687 978 686 978 685 978 680 982 671 987 649 983 629 978 628 978 627 978 622 979 619 986"/></Shape>
            <String CONTENT="æternam, unde conſequatur electionẽ dei pendere à"
                    HPOS="43.0"
                    VPOS="978.0"
                    WIDTH="673.0"
                    HEIGHT="53.0"
                    WC="0.9942024595597211"></String>
          </TextLine>
          <TextLine ID="line_22"
                    TAGREFS="LT8"
                    BASELINE="44 1058 713 1056" 
                    HPOS="43.0"
                    VPOS="1025.0"
                    WIDTH="670.0"
                    HEIGHT="49.0">
            <Shape><Polygon POINTS="44 1058 44 1067 55 1073 56 1073 57 1074 104 1074 104 1073 104 1073 120 1068 122 1067 165 1068 334 1072 335 1072 349 1069 361 1066 374 1069 388 1072 389 1072 390 1072 391 1072 395 1069 401 1066 435 1066 440 1070 441 1071 442 1071 443 1071 444 1071 461 1070 496 1065 514 1070 520 1071 521 1071 521 1071 548 1070 624 1065 711 1070 713 1056 712 1029 705 1025 704 1025 703 1025 702 1025 701 1025 694 1029 689 1033 659 1033 654 1030 648 1027 647 1027 646 1027 645 1027 639 1030 634 1033 568 1033 563 1030 549 1027 548 1027 547 1027 546 1027 534 1031 530 1032 527 1031 508 1025 507 1025 506 1025 505 1025 504 1025 495 1031 493 1033 456 1033 453 1032 445 1026 444 1026 443 1026 442 1026 441 1026 425 1030 403 1026 402 1026 401 1026 400 1026 393 1032 392 1033 279 1033 279 1033 263 1027 262 1027 177 1027 176 1027 175 1027 153 1033 129 1027 128 1027 73 1027 72 1027 71 1027 43 1034 44 1058"/></Shape>
            <String CONTENT="noſtris meritis. Nequaquam. Nam mala quæ ex corru¬"
                    HPOS="43.0"
                    VPOS="1025.0"
                    WIDTH="670.0"
                    HEIGHT="49.0"
                    ></String>
          </TextLine>
          <TextLine ID="line_23"
                    TAGREFS="LT8"
                    BASELINE="46 1102 715 1098" 
                    HPOS="45.0"
                    VPOS="1066.0"
                    WIDTH="670.0"
                    HEIGHT="52.0">
            <Shape><Polygon POINTS="46 1102 46 1118 100 1112 141 1117 153 1118 154 1118 155 1118 159 1116 167 1111 192 1111 253 1114 292 1117 293 1117 294 1117 306 1113 321 1110 333 1113 343 1116 343 1116 344 1116 386 1112 413 1110 419 1112 432 1116 433 1116 434 1116 474 1114 475 1114 476 1114 480 1111 482 1109 486 1111 499 1115 500 1115 501 1115 525 1110 529 1109 530 1110 537 1114 538 1114 539 1114 539 1114 559 1111 578 1115 579 1115 580 1115 581 1115 607 1108 609 1108 616 1108 695 1114 696 1114 697 1114 715 1106 715 1098 713 1073 641 1073 631 1066 630 1066 629 1066 628 1066 601 1070 581 1067 580 1067 579 1067 568 1073 513 1067 512 1067 511 1067 489 1073 458 1067 457 1067 456 1067 441 1072 412 1069 411 1069 312 1075 185 1069 184 1069 184 1069 170 1076 144 1070 84 1070 83 1070 45 1076 46 1102"/></Shape>
            <String CONTENT="ptione &amp; labe primaria uere noſtra ſunt puniuntur"
                    HPOS="45.0"
                    VPOS="1066.0"
                    WIDTH="670.0"
                    HEIGHT="52.0"
                    WC="0.9991675919416"></String>
          </TextLine>
          <TextLine ID="line_24"
                    TAGREFS="LT8"
                    BASELINE="45 1146 714 1142" 
                    HPOS="44.0"
                    VPOS="1109.0"
                    WIDTH="670.0"
                    HEIGHT="52.0">
            <Shape><Polygon POINTS="45 1146 45 1156 144 1156 145 1156 165 1161 166 1161 167 1161 202 1156 210 1155 218 1156 244 1161 245 1161 245 1161 253 1156 256 1155 269 1156 310 1161 311 1161 312 1161 323 1156 326 1155 331 1156 341 1160 342 1160 343 1160 375 1156 399 1155 420 1157 439 1159 440 1159 453 1157 473 1154 506 1157 526 1159 527 1159 550 1157 582 1155 610 1157 619 1158 620 1158 621 1158 624 1157 634 1154 713 1157 714 1142 711 1109 579 1116 561 1111 558 1110 558 1110 517 1110 516 1110 515 1110 513 1112 504 1116 496 1112 495 1110 494 1110 493 1110 492 1110 484 1112 471 1114 458 1112 446 1110 445 1110 444 1110 440 1112 431 1117 409 1112 406 1112 405 1112 398 1112 349 1117 343 1113 340 1111 339 1111 338 1111 312 1111 312 1111 311 1111 310 1111 306 1114 299 1118 266 1118 262 1114 258 1112 257 1112 257 1112 256 1112 255 1112 254 1112 250 1115 245 1118 232 1115 214 1112 182 1112 181 1112 180 1112 179 1112 174 1116 171 1117 159 1116 117 1112 116 1112 116 1112 108 1117 104 1119 68 1119 66 1117 60 1112 59 1112 58 1112 57 1112 56 1112 44 1117 45 1146"/></Shape>
            <String CONTENT="in nobis iuſtitia dei: ſed gratia dei electi ſumus ad uitã"
                    HPOS="44.0"
                    VPOS="1109.0"
                    WIDTH="670.0"
                    HEIGHT="52.0"
                    ></String>
          </TextLine>
          <TextLine ID="line_25"
                    TAGREFS="LT8"
                    BASELINE="47 1189 713 1186" 
                    HPOS="46.0"
                    VPOS="1153.0"
                    WIDTH="667.0"
                    HEIGHT="53.0">
            <Shape><Polygon POINTS="47 1189 47 1199 183 1206 184 1206 184 1206 201 1201 246 1205 247 1205 248 1205 249 1205 259 1198 260 1198 311 1198 326 1205 327 1205 328 1206 360 1206 360 1205 361 1205 370 1201 434 1204 435 1204 435 1204 436 1204 447 1198 460 1204 460 1204 461 1204 462 1204 487 1198 488 1198 517 1204 518 1204 519 1204 520 1204 529 1198 576 1204 577 1204 578 1204 598 1197 600 1197 601 1197 626 1204 627 1204 628 1204 629 1204 630 1204 640 1197 641 1197 712 1197 713 1186 711 1161 643 1153 642 1153 605 1160 588 1153 588 1153 558 1153 558 1153 557 1153 556 1153 546 1161 544 1161 504 1161 503 1161 490 1154 489 1154 488 1154 487 1154 466 1161 464 1161 462 1161 447 1154 447 1154 410 1154 409 1154 408 1154 407 1154 398 1161 397 1161 390 1161 345 1156 344 1156 343 1156 343 1156 337 1161 334 1162 262 1162 259 1161 251 1155 251 1155 250 1155 249 1155 187 1161 160 1163 111 1163 104 1161 87 1155 86 1155 85 1155 46 1160 47 1189"/></Shape>
            <String CONTENT="uon propter opera noſtra, ſed propter ſanguinem"
                    HPOS="46.0"
                    VPOS="1153.0"
                    WIDTH="667.0"
                    HEIGHT="53.0"
                    ></String>
          </TextLine>
          <TextLine ID="line_26"
                    TAGREFS="LT8"
                    BASELINE="46 1233 716 1229" 
                    HPOS="45.0"
                    VPOS="1197.0"
                    WIDTH="671.0"
                    HEIGHT="52.0">
            <Shape><Polygon POINTS="46 1233 47 1247 61 1243 93 1243 101 1247 104 1249 104 1249 105 1249 106 1249 121 1247 142 1243 202 1243 215 1246 228 1248 229 1248 230 1248 231 1248 234 1246 239 1242 255 1246 266 1247 267 1247 268 1247 275 1245 283 1242 290 1245 298 1248 299 1248 300 1248 300 1248 301 1248 306 1245 311 1242 375 1244 496 1247 497 1247 498 1247 499 1247 507 1242 508 1241 509 1242 515 1247 516 1247 517 1247 518 1247 540 1242 548 1241 552 1242 564 1247 564 1247 565 1247 614 1247 614 1247 615 1247 624 1242 662 1247 663 1247 715 1240 716 1229 715 1205 699 1197 699 1197 698 1197 639 1197 638 1197 546 1207 474 1207 460 1198 459 1198 458 1198 435 1198 435 1198 434 1198 433 1198 421 1206 370 1199 369 1199 368 1199 368 1199 355 1207 306 1201 306 1201 305 1201 293 1207 263 1198 263 1198 262 1198 261 1198 260 1198 247 1207 194 1202 193 1202 192 1202 176 1208 176 1209 172 1209 147 1209 126 1199 125 1199 61 1199 60 1199 59 1199 58 1199 45 1206 46 1233"/></Shape>
            <String CONTENT="Chriſti. 2. Timoth. 1. Hæc in præſenti ex uetuſtis ſcri¬"
                    HPOS="45.0"
                    VPOS="1197.0"
                    WIDTH="671.0"
                    HEIGHT="52.0"
                    ></String>
          </TextLine>
          <TextLine ID="line_27"
                    TAGREFS="LT8"
                    BASELINE="47 1278 715 1272" 
                    HPOS="46.0"
                    VPOS="1239.0"
                    WIDTH="669.0"
                    HEIGHT="67.0">
            <Shape><Polygon POINTS="47 1278 47 1300 127 1298 137 1300 164 1306 165 1306 165 1306 166 1306 174 1300 178 1297 191 1297 200 1299 215 1303 216 1303 217 1303 235 1300 246 1305 247 1305 248 1306 323 1306 323 1305 363 1304 364 1304 377 1297 380 1296 390 1297 417 1302 417 1302 418 1302 433 1296 439 1295 456 1295 460 1296 466 1301 466 1301 467 1301 468 1301 514 1296 524 1295 527 1296 539 1301 539 1301 540 1301 561 1296 573 1302 574 1302 575 1303 601 1303 601 1302 602 1302 620 1295 644 1297 645 1297 646 1297 647 1297 651 1294 652 1293 656 1294 685 1302 686 1302 687 1302 687 1302 715 1293 715 1272 712 1244 636 1247 631 1245 619 1239 619 1239 618 1239 617 1239 616 1239 607 1245 603 1247 592 1246 564 1240 564 1240 563 1240 562 1240 553 1246 551 1248 492 1248 489 1247 476 1241 475 1241 474 1241 473 1241 472 1241 465 1247 462 1249 445 1249 441 1247 423 1241 423 1241 422 1241 421 1241 403 1248 399 1249 396 1248 377 1241 376 1241 340 1241 339 1241 338 1241 310 1249 307 1250 306 1249 298 1242 297 1242 296 1242 263 1242 263 1242 262 1242 261 1242 251 1248 238 1242 237 1242 236 1242 192 1250 184 1246 183 1246 182 1246 139 1249 115 1244 114 1244 113 1244 112 1244 105 1249 72 1245 71 1245 70 1245 46 1253 47 1278"/></Shape>
            <String CONTENT="ptoribus præcipuiſ́ religionis noſtræ antiſtitibus pro"
                    HPOS="46.0"
                    VPOS="1239.0"
                    WIDTH="669.0"
                    HEIGHT="67.0"
                    WC="0.9821646928787231"></String>
          </TextLine>
        </TextBlock>
        <TextBlock HPOS="488"
                   VPOS="1297"
                   WIDTH="100"
                   HEIGHT="50"
                   ID="block_3"
                   TAGREFS="BT17">
          <Shape><Polygon POINTS="588 1297 588 1347 488 1347 488 1297"/></Shape>
          <TextLine ID="line_28"
                    TAGREFS="LT8"
                    BASELINE="504 1331 580 1331" 
                    HPOS="503"
                    VPOS="1298"
                    WIDTH="76"
                    HEIGHT="62">
            <Shape><Polygon POINTS="567 1298 561 1298 529 1305 513 1298 503 1298 503 1330 503 1360 526 1360 526 1358 527 1358 529 1358 529 1357 541 1345 578 1352 579 1330 578 1298 567 1298"/></Shape>
            <String CONTENT="P 3"
                    HPOS="503"
                    VPOS="1298"
                    WIDTH="76"
                    HEIGHT="62"
                    ></String>
          </TextLine>
        </TextBlock>
      </PrintSpace>
    </Page>
  </Layout>
</alto>
