<?xml version="1.0" encoding="UTF-8"?>
<alto xmlns:xsi="http://www.w3.org/2001/XMLSchema-instance"
      xmlns="http://www.loc.gov/standards/alto/ns-v4#"
      xsi:schemaLocation="http://www.loc.gov/standards/alto/ns-v4# http://www.loc.gov/standards/alto/v4/alto-4-2.xsd">
  <Description>
    <MeasurementUnit>pixel</MeasurementUnit>
    <sourceImageInformation>
      <fileName>7325966.jpeg</fileName>
    </sourceImageInformation>
  </Description>
  <Tags>
    <OtherTag ID="BT7" LABEL="CustomZone" DESCRIPTION="block type CustomZone"/><OtherTag ID="BT8" LABEL="DamageZone" DESCRIPTION="block type DamageZone"/><OtherTag ID="BT9" LABEL="DigitizationArtefactZone" DESCRIPTION="block type DigitizationArtefactZone"/><OtherTag ID="BT10" LABEL="DropCapitalZone" DESCRIPTION="block type DropCapitalZone"/><OtherTag ID="BT11" LABEL="GraphicZone" DESCRIPTION="block type GraphicZone"/><OtherTag ID="BT12" LABEL="MainZone" DESCRIPTION="block type MainZone"/><OtherTag ID="BT13" LABEL="MarginTextZone" DESCRIPTION="block type MarginTextZone"/><OtherTag ID="BT14" LABEL="MusicZone" DESCRIPTION="block type MusicZone"/><OtherTag ID="BT15" LABEL="NumberingZone" DESCRIPTION="block type NumberingZone"/><OtherTag ID="BT17" LABEL="QuireMarksZone" DESCRIPTION="block type QuireMarksZone"/><OtherTag ID="BT18" LABEL="RunningTitleZone" DESCRIPTION="block type RunningTitleZone"/><OtherTag ID="BT19" LABEL="SealZone" DESCRIPTION="block type SealZone"/><OtherTag ID="BT20" LABEL="StampZone" DESCRIPTION="block type StampZone"/><OtherTag ID="BT21" LABEL="TableZone" DESCRIPTION="block type TableZone"/><OtherTag ID="BT22" LABEL="TitlePageZone" DESCRIPTION="block type TitlePageZone"/><OtherTag ID="BT2900" LABEL="MainZone-P-Continued" DESCRIPTION="block type MainZone-P-Continued"/><OtherTag ID="BT2901" LABEL="MainZone-Sp" DESCRIPTION="block type MainZone-Sp"/><OtherTag ID="BT2902" LABEL="MarginTextZone-Notes" DESCRIPTION="block type MarginTextZone-Notes"/><OtherTag ID="BT2903" LABEL="MainZone-Head" DESCRIPTION="block type MainZone-Head"/><OtherTag ID="BT2904" LABEL="MainZone-P" DESCRIPTION="block type MainZone-P"/>
    <OtherTag ID="LT7" LABEL="CustomLine" DESCRIPTION="line type CustomLine"/><OtherTag ID="LT8" LABEL="DefaultLine" DESCRIPTION="line type DefaultLine"/><OtherTag ID="LT9" LABEL="DropCapitalLine" DESCRIPTION="line type DropCapitalLine"/><OtherTag ID="LT10" LABEL="HeadingLine" DESCRIPTION="line type HeadingLine"/><OtherTag ID="LT11" LABEL="InterlinearLine" DESCRIPTION="line type InterlinearLine"/><OtherTag ID="LT12" LABEL="MusicLine" DESCRIPTION="line type MusicLine"/>
  </Tags>
  <Layout>
    <Page WIDTH="1000"
          HEIGHT="1547"
          PHYSICAL_IMG_NR="1"
          ID="eSc_dummypage_">
      <PrintSpace HPOS="0"
                  VPOS="0"
                  WIDTH="1000"
                  HEIGHT="1547">
        <TextBlock HPOS="351"
                   VPOS="108"
                   WIDTH="470"
                   HEIGHT="39"
                   ID="block_2"
                   TAGREFS="BT18">
          <Shape><Polygon POINTS="821 108 821 147 351 147 351 108"/></Shape>
          <TextLine ID="line_0"
                    TAGREFS="LT8"
                    BASELINE="347 138 819 134" 
                    HPOS="346.0"
                    VPOS="93.0"
                    WIDTH="473.0"
                    HEIGHT="58.0">
            <Shape><Polygon POINTS="347 138 347 151 415 146 427 151 428 151 429 151 429 151 430 151 432 151 449 146 505 150 521 151 522 151 529 150 561 144 610 149 619 150 619 150 620 150 621 150 622 149 631 143 685 149 692 149 693 149 696 149 726 142 741 148 742 148 742 148 819 147 819 134 816 93 737 94 736 94 722 100 705 96 705 96 704 96 703 96 702 96 693 104 615 104 583 97 582 97 582 97 560 104 546 97 546 96 545 96 544 96 543 96 534 97 494 103 457 100 456 100 455 100 435 106 346 100 347 138"/></Shape>
            <String CONTENT="COMMENT. IN L. EPIST."
                    HPOS="346.0"
                    VPOS="93.0"
                    WIDTH="473.0"
                    HEIGHT="58.0"
                    WC="0.9994747695468721"></String>
          </TextLine>
        </TextBlock>
        <TextBlock HPOS="290"
                   VPOS="162"
                   WIDTH="681"
                   HEIGHT="1129"
                   ID="block_1"
                   TAGREFS="BT2900">
          <Shape><Polygon POINTS="971 162 971 1291 290 1291 299 164"/></Shape>
          <TextLine ID="line_1"
                    TAGREFS="LT8"
                    BASELINE="332 192 957 184" 
                    HPOS="332.0"
                    VPOS="147.0"
                    WIDTH="625.0"
                    HEIGHT="59.0">
            <Shape><Polygon POINTS="332 199 470 206 471 206 529 198 553 203 554 203 555 203 556 203 556 202 562 197 575 201 576 201 576 201 638 196 643 196 656 203 657 203 658 204 678 204 678 203 679 203 693 195 694 195 771 195 774 195 798 201 799 201 800 201 831 195 832 195 844 201 845 201 846 201 886 201 886 201 956 193 957 184 956 154 934 147 933 147 891 147 890 147 889 147 873 154 872 154 869 154 822 148 821 148 761 154 742 156 734 154 721 152 720 152 719 152 718 152 716 154 713 157 629 157 621 154 610 151 609 151 608 151 557 152 556 152 544 154 527 158 503 154 490 152 489 152 478 154 456 159 421 156 420 156 349 160 332 155 332 192 332 199"/></Shape>
            <String CONTENT="Proximum sanæ doctrinæ quod ecclesia Christi ha"
                    HPOS="332.0"
                    VPOS="147.0"
                    WIDTH="625.0"
                    HEIGHT="59.0"
                    ></String>
          </TextLine>
          <TextLine ID="eSc_line_59f79ebf"
                    TAGREFS="LT8"
                    BASELINE="299 231 314 234 955 227" 
                    HPOS="298"
                    VPOS="194"
                    WIDTH="656"
                    HEIGHT="56">
            <Shape><Polygon POINTS="298 247 494 250 495 250 535 243 553 250 554 250 556 250 603 242 630 248 632 248 633 248 685 241 695 247 696 247 698 247 699 247 734 241 901 246 903 246 953 238 954 226 950 197 738 201 696 194 695 194 694 194 692 194 681 203 611 203 560 195 558 195 557 195 541 203 496 197 495 197 452 203 429 197 428 197 427 197 425 197 424 197 424 198 416 204 298 198 298 230 298 247"/></Shape>
            <String CONTENT="bet preces sunt sacræ, sub quas refero Cœnam gratu¬"
                    HPOS="298"
                    VPOS="194"
                    WIDTH="656"
                    HEIGHT="56"
                    WC="0.9940911706756143"></String>
          </TextLine>
          <TextLine ID="eSc_line_6cb383a7"
                    TAGREFS="LT8"
                    BASELINE="299 279 957 271" 
                    HPOS="296"
                    VPOS="235"
                    WIDTH="660"
                    HEIGHT="58">
            <Shape><Polygon POINTS="298 278 298 293 956 282 956 270 952 235 734 244 655 238 654 238 652 238 624 246 605 239 603 239 602 239 545 246 458 241 456 241 455 241 441 247 409 241 407 241 406 241 405 241 405 242 403 242 398 248 296 244 298 278"/></Shape>
            <String CONTENT="latoriam sacrificium scilicet laudis &amp; gratiarum acti"
                    HPOS="296"
                    VPOS="235"
                    WIDTH="660"
                    HEIGHT="58"
                    WC="0.9916044248724883"></String>
          </TextLine>
          <TextLine ID="line_4"
                    TAGREFS="LT8"
                    BASELINE="308 327 956 316" 
                    HPOS="305"
                    VPOS="283"
                    WIDTH="649"
                    HEIGHT="56">
            <Shape><Polygon POINTS="307 326 307 339 954 327 954 315 952 284 572 283 571 283 570 283 545 291 394 286 393 286 305 295 307 326"/></Shape>
            <String CONTENT="onis. Et in Actis cap.2.legimus de primitiua ecclesia,"
                    HPOS="305"
                    VPOS="283"
                    WIDTH="649"
                    HEIGHT="56"
                    WC="0.9930915578647896"></String>
          </TextLine>
          <TextLine ID="line_5"
                    TAGREFS="LT8"
                    BASELINE="298 366 959 358" 
                    HPOS="297.0"
                    VPOS="327.0"
                    WIDTH="662.0"
                    HEIGHT="54.0">
            <Shape><Polygon POINTS="298 366 298 375 335 381 336 381 366 374 369 374 380 374 476 379 477 379 478 379 489 373 512 379 513 379 539 372 541 372 544 372 570 376 570 376 571 376 579 372 580 372 588 372 625 375 626 375 646 372 650 371 652 371 663 375 664 375 665 375 666 375 667 375 672 371 673 371 722 371 770 371 825 375 826 375 888 369 944 373 945 373 946 373 959 367 959 358 957 328 901 332 895 329 894 327 893 327 892 327 846 327 845 327 831 330 811 334 752 331 696 329 695 329 694 329 685 332 676 336 661 333 641 330 640 330 639 330 631 334 624 336 575 335 501 331 500 331 499 331 498 331 498 332 493 336 490 338 439 338 437 337 432 333 431 333 430 333 429 333 429 333 416 337 411 340 361 340 349 339 314 334 313 334 312 334 297 339 298 366"/></Shape>
            <String CONTENT="Erant autem perseuerantes in doctrina apostolorum"
                    HPOS="297.0"
                    VPOS="327.0"
                    WIDTH="662.0"
                    HEIGHT="54.0"
                    WC="0.9990112209806636"></String>
          </TextLine>
          <TextLine ID="line_6"
                    TAGREFS="LT8"
                    BASELINE="296 412 961 402" 
                    HPOS="295.0"
                    VPOS="368.0"
                    WIDTH="666.0"
                    HEIGHT="56.0">
            <Shape><Polygon POINTS="296 412 296 424 518 416 565 419 613 421 613 421 614 421 630 417 642 415 670 415 674 416 680 421 680 421 681 421 682 421 738 420 739 420 749 415 754 413 773 415 809 418 810 418 811 418 812 418 819 414 821 412 822 414 828 418 829 418 830 418 831 418 858 413 865 412 870 413 895 416 896 416 928 412 937 416 938 416 938 416 939 416 961 410 961 402 959 376 920 368 920 368 919 368 903 376 834 370 834 370 804 376 756 371 755 371 754 371 733 379 715 372 714 372 713 372 712 372 699 378 680 372 680 372 627 372 626 372 552 381 551 381 550 381 506 375 505 375 504 375 493 379 461 376 460 376 460 376 446 383 445 384 295 385 296 412"/></Shape>
            <String CONTENT="&amp; communicatione &amp; fractione panis &amp; precatio¬"
                    HPOS="295.0"
                    VPOS="368.0"
                    WIDTH="666.0"
                    HEIGHT="56.0"
                    WC="0.988333144913549"></String>
          </TextLine>
          <TextLine ID="line_7"
                    TAGREFS="LT8"
                    BASELINE="295 454 962 445" 
                    HPOS="294.0"
                    VPOS="412.0"
                    WIDTH="668.0"
                    HEIGHT="56.0">
            <Shape><Polygon POINTS="295 454 295 468 319 464 342 467 348 468 349 468 349 468 350 468 351 467 360 462 392 466 400 467 401 467 439 465 537 459 555 463 567 464 568 464 591 462 618 458 632 461 645 463 646 463 647 463 652 460 658 458 688 459 724 462 725 462 797 458 816 461 817 461 818 461 819 461 826 457 828 456 828 457 838 461 839 461 840 461 864 456 867 455 869 456 879 460 880 460 881 460 945 459 946 459 962 453 962 445 960 419 901 412 900 412 899 412 882 419 879 421 838 421 834 419 817 414 816 414 815 414 815 414 799 420 796 421 763 422 734 422 730 420 717 415 717 415 716 415 715 415 714 415 706 420 705 421 705 420 698 415 697 415 696 415 695 415 674 421 665 422 656 421 638 416 637 416 599 421 571 424 546 421 533 420 532 420 524 421 509 425 500 421 492 418 491 418 490 418 437 419 423 422 407 426 392 422 387 421 386 421 386 421 384 422 375 427 354 422 343 421 343 421 294 422 295 454"/></Shape>
            <String CONTENT="nibus. Baptismi autem pauló ante hæc uerba memine¬"
                    HPOS="294.0"
                    VPOS="412.0"
                    WIDTH="668.0"
                    HEIGHT="56.0"
                    WC="0.990252159389795"></String>
          </TextLine>
          <TextLine ID="line_8"
                    TAGREFS="LT8"
                    BASELINE="294 498 961 488" 
                    HPOS="294.0"
                    VPOS="453.0"
                    WIDTH="667.0"
                    HEIGHT="58.0">
            <Shape><Polygon POINTS="835 464 834 460 766 456 766 456 765 456 752 461 738 456 737 456 736 456 686 463 680 464 674 464 628 458 627 458 579 464 566 459 565 459 515 459 514 459 513 459 495 464 473 460 472 460 472 460 457 467 455 467 453 467 433 463 432 463 431 463 430 463 423 467 423 467 405 464 404 464 404 464 403 464 398 468 398 469 366 469 365 468 350 464 349 464 349 464 348 464 335 469 333 470 294 470 294 498 294 507 327 511 328 511 353 507 358 507 360 507 368 511 368 511 369 511 399 507 407 506 492 506 503 506 514 510 515 510 515 510 550 506 605 508 606 508 607 508 622 504 628 502 653 503 724 507 725 507 726 507 727 507 732 502 733 502 735 502 777 506 778 506 779 506 789 501 794 500 808 501 838 505 839 505 868 501 869 501 871 501 891 504 892 504 893 504 902 500 907 498 914 500 923 502 924 502 925 502 961 499 961 488 958 459 926 459 926 459 904 453 903 453 902 453 864 454 863 454 847 461 846 461 837 461 836 460 835 464"/></Shape>
            <String CONTENT="rat Lucas. Proinde satis fuerit ecclesiæ sanctæ si habe¬"
                    HPOS="294.0"
                    VPOS="453.0"
                    WIDTH="667.0"
                    HEIGHT="58.0"
                    WC="0.9756487065127918"></String>
          </TextLine>
          <TextLine ID="line_9"
                    TAGREFS="LT8"
                    BASELINE="295 540 963 533" 
                    HPOS="294.0"
                    VPOS="499.0"
                    WIDTH="669.0"
                    HEIGHT="54.0">
            <Shape><Polygon POINTS="295 540 295 548 361 552 362 552 459 548 485 553 486 553 487 553 488 553 496 547 536 552 537 552 605 546 624 551 625 551 625 551 680 547 711 551 711 551 753 545 769 550 770 550 771 550 879 550 879 550 905 544 926 549 927 549 963 542 963 533 961 501 915 505 895 501 879 499 878 499 877 499 872 501 865 506 845 502 838 501 837 501 836 501 835 501 834 502 828 507 761 508 745 504 732 501 731 501 730 501 703 505 674 510 641 510 636 506 631 502 630 502 629 502 628 502 627 502 619 507 613 510 594 507 566 502 565 502 564 502 552 507 544 512 517 512 513 508 506 503 505 503 504 503 503 503 468 509 461 510 459 509 445 504 444 504 443 504 442 504 430 508 388 504 387 504 386 504 372 508 357 505 356 505 355 505 355 505 354 505 346 511 344 513 340 512 325 507 325 507 324 507 294 512 295 540"/></Shape>
            <String CONTENT="at doctrinam sanam id est euangelicam, prædicantẽ"
                    HPOS="294.0"
                    VPOS="499.0"
                    WIDTH="669.0"
                    HEIGHT="54.0"
                    WC="0.9877110409736634"></String>
          </TextLine>
          <TextLine ID="line_10"
                    TAGREFS="LT8"
                    BASELINE="295 583 961 577" 
                    HPOS="294.0"
                    VPOS="544.0"
                    WIDTH="667.0"
                    HEIGHT="53.0">
            <Shape><Polygon POINTS="295 583 295 590 308 596 309 596 310 597 387 597 387 596 388 596 405 590 407 590 422 590 527 594 528 594 529 594 530 594 535 590 537 589 546 590 575 594 576 594 576 594 577 594 582 590 583 590 595 593 595 593 596 593 641 590 681 587 694 590 704 593 705 593 705 593 706 593 713 590 718 588 722 590 724 593 725 593 726 593 727 593 765 592 766 592 769 590 779 587 821 590 839 592 840 592 854 590 897 586 960 590 961 577 958 544 924 550 824 550 810 545 809 545 809 545 808 545 797 550 684 548 683 548 682 548 674 552 645 546 644 546 580 546 579 546 578 546 576 547 564 553 523 547 520 547 519 547 515 547 478 553 454 548 453 548 453 548 452 548 435 555 402 555 395 549 394 549 393 549 392 549 355 555 294 550 295 583"/></Shape>
            <String CONTENT="in nomine Christi pœnitentiam &amp; peccatorum remis"
                    HPOS="294.0"
                    VPOS="544.0"
                    WIDTH="667.0"
                    HEIGHT="53.0"
                    WC="0.9922084460655848"></String>
          </TextLine>
          <TextLine ID="line_11"
                    TAGREFS="LT8"
                    BASELINE="297 626 963 619" 
                    HPOS="296.0"
                    VPOS="586.0"
                    WIDTH="667.0"
                    HEIGHT="57.0">
            <Shape><Polygon POINTS="297 626 297 643 380 635 392 642 393 642 394 642 395 642 414 635 458 642 460 642 461 642 467 642 563 635 628 637 629 637 630 637 643 633 710 638 711 638 712 638 713 638 739 632 785 637 795 638 796 638 797 638 798 637 809 631 829 636 830 636 831 636 832 636 848 631 868 636 872 637 873 637 874 637 962 635 963 619 961 590 920 586 919 586 918 586 910 590 905 593 893 590 880 587 879 587 878 587 868 590 852 594 781 591 776 591 775 591 773 591 750 595 736 591 727 588 726 588 725 588 724 588 714 591 704 594 699 591 694 588 693 588 693 588 634 588 633 588 632 588 623 592 608 597 582 592 565 589 564 589 564 589 563 589 559 593 556 594 543 593 527 590 527 590 526 590 525 590 522 593 515 598 466 594 466 594 465 594 464 594 458 599 424 593 409 591 408 591 407 591 399 593 378 600 344 600 331 593 327 592 326 592 325 592 296 593 297 626"/></Shape>
            <String CONTENT="sionem, item prophetiam id est lectionem ac expositi"
                    HPOS="296.0"
                    VPOS="586.0"
                    WIDTH="667.0"
                    HEIGHT="57.0"
                    WC="0.9978952018114237"></String>
          </TextLine>
          <TextLine ID="line_12"
                    TAGREFS="LT8"
                    BASELINE="296 670 963 664" 
                    HPOS="295.0"
                    VPOS="631.0"
                    WIDTH="668.0"
                    HEIGHT="56.0">
            <Shape><Polygon POINTS="296 670 296 680 322 686 323 687 339 687 339 686 340 686 341 686 348 680 368 686 368 686 369 686 400 685 401 685 402 685 410 680 456 685 457 685 458 685 476 679 490 684 491 684 492 685 557 685 557 684 558 684 558 684 567 678 568 677 595 677 597 678 611 684 612 684 613 684 638 684 638 684 638 684 657 677 658 676 729 676 736 676 833 682 834 682 834 682 848 675 851 675 937 679 938 679 963 673 963 664 960 631 931 640 810 640 802 634 800 633 799 633 798 633 772 633 771 633 770 633 765 635 755 639 742 635 735 634 734 634 733 634 732 634 728 635 717 642 668 642 661 637 657 635 656 635 656 635 655 635 654 635 647 637 638 642 603 642 593 638 582 635 581 635 580 635 556 639 538 643 512 643 509 640 505 637 504 637 503 637 503 637 483 641 482 641 481 641 472 636 471 636 470 636 469 636 468 636 461 642 460 642 453 642 391 636 390 636 295 644 296 670"/></Shape>
            <String CONTENT="onem scripturarum piam, preces deni &amp; cœnam"
                    HPOS="295.0"
                    VPOS="631.0"
                    WIDTH="668.0"
                    HEIGHT="56.0"
                    WC="0.9857103309848092"></String>
          </TextLine>
          <TextLine ID="line_13"
                    TAGREFS="LT8"
                    BASELINE="299 714 964 707" 
                    HPOS="298.0"
                    VPOS="673.0"
                    WIDTH="666.0"
                    HEIGHT="56.0">
            <Shape><Polygon POINTS="299 714 299 724 351 729 352 729 353 729 363 724 364 723 416 723 417 723 425 728 426 728 427 728 428 729 458 729 458 728 459 728 460 728 460 727 466 722 466 722 484 722 607 726 608 726 630 721 633 721 641 721 713 726 714 726 785 725 785 725 798 719 799 719 804 719 859 724 860 724 861 724 880 718 881 718 882 718 894 723 895 723 895 723 921 718 922 718 948 723 949 723 950 723 964 717 964 707 963 673 926 673 926 673 925 673 924 673 912 680 883 676 882 676 881 676 880 676 872 681 821 676 815 676 815 676 814 676 813 676 796 683 746 683 739 678 736 675 735 675 734 675 733 675 702 678 667 683 659 679 650 676 650 676 649 676 620 680 605 683 592 681 565 677 564 677 541 682 530 684 514 683 472 678 471 678 470 678 469 678 460 684 456 686 410 686 408 685 388 678 387 678 386 678 386 678 385 678 379 684 355 679 354 679 353 679 340 686 339 687 298 687 299 714"/></Shape>
            <String CONTENT="mysticam, quibus addimus eleemosynam at Baptis¬"
                    HPOS="298.0"
                    VPOS="673.0"
                    WIDTH="666.0"
                    HEIGHT="56.0"
                    WC="0.9925820591549078"></String>
          </TextLine>
          <TextLine ID="line_14"
                    TAGREFS="LT8"
                    BASELINE="299 758 966 750" 
                    HPOS="298.0"
                    VPOS="718.0"
                    WIDTH="668.0"
                    HEIGHT="52.0">
            <Shape><Polygon POINTS="299 758 299 770 380 764 416 769 429 770 429 770 430 770 435 768 447 764 502 767 515 767 515 767 516 767 519 766 531 763 584 765 636 767 637 767 674 763 694 761 707 763 737 766 738 766 739 766 753 761 758 760 770 761 815 765 816 765 914 764 914 764 928 758 943 764 944 764 944 764 945 764 966 757 966 750 963 721 930 725 921 721 915 718 914 718 914 718 913 718 899 721 894 722 887 721 870 720 869 720 868 720 862 722 853 727 816 727 761 724 720 722 719 722 718 722 708 725 703 727 700 725 693 721 693 721 692 721 669 721 668 721 668 721 648 727 645 727 589 728 584 727 559 722 521 722 521 722 520 722 519 722 510 728 452 723 451 723 450 723 434 730 432 731 428 731 383 724 382 724 381 724 367 731 351 727 350 727 349 727 298 733 299 758"/></Shape>
            <String CONTENT="mum. De quibus diximus &amp; in 2. &amp; 20.cap. Act. a¬"
                    HPOS="298.0"
                    VPOS="718.0"
                    WIDTH="668.0"
                    HEIGHT="52.0"
                    ></String>
          </TextLine>
          <TextLine ID="line_15"
                    TAGREFS="LT8"
                    BASELINE="300 802 966 794" 
                    HPOS="300.0"
                    VPOS="760.0"
                    WIDTH="666.0"
                    HEIGHT="57.0">
            <Shape><Polygon POINTS="300 802 300 817 434 807 473 807 484 813 489 814 490 814 490 814 532 813 533 813 533 813 534 811 540 807 550 811 552 812 553 812 554 812 561 811 585 806 630 809 673 812 674 812 674 812 675 812 680 807 684 805 697 807 705 808 706 808 738 806 766 804 768 805 775 810 776 810 777 810 778 811 805 811 805 810 806 810 820 804 822 803 826 804 846 807 847 807 848 807 864 803 866 802 869 802 897 809 898 809 966 800 966 794 964 760 903 760 902 760 901 760 901 760 899 761 888 769 878 762 877 761 877 761 876 761 875 761 874 761 869 762 856 765 836 763 825 762 824 762 823 762 820 764 806 770 779 764 766 762 765 762 764 762 752 765 738 769 718 766 706 764 705 764 705 764 700 766 693 770 680 767 674 766 674 766 664 767 631 772 595 769 563 766 562 766 561 766 552 770 548 772 545 770 537 766 536 766 535 766 534 766 521 770 503 765 503 765 502 765 501 765 488 772 484 774 467 772 442 770 441 770 441 770 440 770 434 773 430 776 418 776 417 774 410 768 409 768 408 768 407 768 373 775 371 775 361 768 361 768 360 768 337 768 337 768 336 768 321 773 311 770 310 770 309 770 308 770 307 770 300 774 300 802"/></Shape>
            <String CONTENT="posto. &amp; in 1. ad Corin.11.cap. Certe apud uetustißi¬"
                    HPOS="300.0"
                    VPOS="760.0"
                    WIDTH="666.0"
                    HEIGHT="57.0"
                    ></String>
          </TextLine>
          <TextLine ID="line_16"
                    TAGREFS="LT8"
                    BASELINE="300 843 964 837" 
                    HPOS="299.0"
                    VPOS="804.0"
                    WIDTH="665.0"
                    HEIGHT="52.0">
            <Shape><Polygon POINTS="300 843 300 852 398 851 402 851 427 856 428 856 429 856 443 851 444 851 446 851 497 856 498 856 499 856 518 850 519 849 586 849 588 849 618 855 619 855 619 855 631 849 633 849 635 849 649 854 650 854 650 855 695 855 695 854 696 854 715 849 716 849 789 853 790 853 848 848 870 852 871 852 871 852 881 847 883 846 883 847 895 851 895 851 896 851 934 847 956 851 957 851 957 851 958 851 964 846 964 837 963 807 901 804 900 804 899 804 889 808 883 810 875 808 859 805 858 805 858 805 857 805 852 808 849 812 817 812 786 809 714 806 713 806 654 812 630 813 624 812 611 807 610 807 609 807 608 807 596 813 593 813 585 813 554 807 553 807 552 807 539 813 536 814 508 813 400 809 399 809 373 815 368 817 299 817 300 843"/></Shape>
            <String CONTENT="mas ecclesias in cœtibus sacris plura istis non habuere"
                    HPOS="299.0"
                    VPOS="804.0"
                    WIDTH="665.0"
                    HEIGHT="52.0"
                    ></String>
          </TextLine>
          <TextLine ID="line_17"
                    TAGREFS="LT8"
                    BASELINE="300 886 966 880" 
                    HPOS="300.0"
                    VPOS="845.0"
                    WIDTH="666.0"
                    HEIGHT="57.0">
            <Shape><Polygon POINTS="300 886 300 894 341 898 342 898 343 898 343 898 349 894 373 902 374 902 374 902 375 902 392 894 401 898 402 898 403 898 453 893 470 899 471 899 509 900 510 900 511 900 526 893 542 898 543 898 544 898 545 898 546 898 546 897 552 892 552 892 554 892 588 899 588 899 654 891 658 891 662 891 726 896 727 896 728 896 742 890 742 890 783 890 838 890 847 897 848 897 849 897 850 898 882 898 882 897 925 892 942 896 943 896 944 896 966 887 966 880 964 855 914 855 898 845 897 845 896 845 895 845 895 845 894 845 881 854 858 849 857 849 856 849 840 855 816 846 815 846 815 846 814 846 813 846 797 856 782 856 774 849 773 849 773 849 772 849 714 857 676 857 651 848 650 848 650 848 649 848 627 857 598 849 597 849 556 849 555 849 554 849 524 857 515 849 514 849 513 849 466 849 466 849 465 849 439 859 433 854 432 854 431 854 430 854 402 857 384 850 383 850 382 850 345 856 326 851 325 851 325 851 324 851 300 861 300 886"/></Shape>
            <String CONTENT="Christiani ad iustam institutionem ordinationem́ ec¬"
                    HPOS="300.0"
                    VPOS="845.0"
                    WIDTH="666.0"
                    HEIGHT="57.0"
                    WC="0.9935299383019501"></String>
          </TextLine>
          <TextLine ID="line_18"
                    TAGREFS="LT8"
                    BASELINE="300 930 969 924" 
                    HPOS="299.0"
                    VPOS="891.0"
                    WIDTH="670.0"
                    HEIGHT="56.0">
            <Shape><Polygon POINTS="300 930 300 939 333 947 334 947 335 947 355 941 364 947 365 947 366 947 367 947 392 947 392 947 393 947 415 939 422 943 423 943 423 943 424 943 479 939 486 944 487 944 488 944 521 945 522 945 523 945 524 945 533 939 565 938 583 943 584 943 585 943 586 943 601 938 622 944 623 944 624 945 671 945 671 944 723 938 739 943 740 943 741 943 822 939 831 942 832 942 833 942 834 942 834 942 843 935 843 935 871 935 877 935 937 941 938 941 968 934 969 924 967 898 913 895 912 895 871 899 865 899 864 899 852 892 852 892 851 892 850 892 849 892 848 892 840 897 811 891 810 891 809 891 809 891 796 900 793 900 773 900 772 900 761 892 760 892 760 892 729 892 728 892 727 892 699 900 662 895 661 895 660 895 647 901 647 902 644 902 621 902 607 895 607 895 606 895 574 902 563 893 562 893 561 893 515 893 515 893 514 893 496 903 408 903 394 895 393 895 392 895 392 895 368 900 362 895 361 895 361 895 324 895 323 895 322 895 299 904 300 930"/></Shape>
            <String CONTENT="clesiasticam necessaria. Temporum succeßione &amp; pa¬"
                    HPOS="299.0"
                    VPOS="891.0"
                    WIDTH="670.0"
                    HEIGHT="56.0"
                    ></String>
          </TextLine>
          <TextLine ID="line_19"
                    TAGREFS="LT8"
                    BASELINE="301 972 967 967" 
                    HPOS="300.0"
                    VPOS="934.0"
                    WIDTH="667.0"
                    HEIGHT="55.0">
            <Shape><Polygon POINTS="301 972 301 989 371 989 371 988 372 988 373 988 389 982 398 988 398 988 399 988 400 988 478 987 478 987 479 987 500 981 513 986 514 986 515 986 515 986 527 980 549 986 550 986 551 986 552 986 552 986 561 979 637 979 666 984 667 984 701 980 717 985 719 985 720 985 721 985 722 985 723 985 734 979 765 984 766 984 766 984 767 984 768 984 775 978 800 978 840 984 846 984 846 984 847 984 848 984 856 978 865 984 865 984 866 984 867 984 868 984 920 978 966 983 967 967 965 938 942 934 941 934 940 934 932 938 924 941 907 938 887 934 886 934 885 934 877 938 871 941 858 938 849 936 848 936 847 936 846 936 845 938 837 943 744 943 738 938 736 935 735 935 734 935 733 935 711 938 696 940 683 938 666 935 665 935 664 935 656 938 642 944 614 944 606 938 604 936 603 936 602 936 554 936 553 936 552 936 548 938 535 945 487 945 460 938 457 938 456 938 455 938 453 938 431 946 383 946 300 939 301 972"/></Shape>
            <String CONTENT="storum negligentia factum est ut istorum uestigia uix"
                    HPOS="300.0"
                    VPOS="934.0"
                    WIDTH="667.0"
                    HEIGHT="55.0"
                    WC="0.9929852159518116"></String>
          </TextLine>
          <TextLine ID="line_20"
                    TAGREFS="LT8"
                    BASELINE="301 1015 962 1011" 
                    HPOS="300.0"
                    VPOS="977.0"
                    WIDTH="662.0"
                    HEIGHT="54.0">
            <Shape><Polygon POINTS="301 1015 301 1029 377 1031 378 1031 379 1031 385 1028 392 1026 410 1028 423 1030 424 1030 425 1030 430 1028 437 1026 446 1028 454 1030 455 1030 456 1030 457 1030 464 1027 473 1025 481 1027 490 1030 490 1030 491 1030 506 1027 518 1025 522 1027 529 1030 530 1030 531 1030 596 1026 621 1025 638 1026 694 1029 695 1029 696 1029 697 1029 703 1025 705 1023 717 1025 740 1028 741 1028 742 1028 742 1028 748 1024 750 1023 771 1024 819 1027 820 1027 821 1027 828 1023 829 1022 830 1023 835 1027 836 1027 837 1027 838 1027 861 1023 866 1022 877 1023 932 1027 933 1027 961 1021 962 1011 959 977 924 981 897 978 895 978 894 978 893 978 892 978 883 984 866 978 862 977 861 977 860 977 852 978 840 981 836 978 834 977 833 977 832 977 831 977 796 978 795 978 794 978 791 979 784 986 723 986 711 981 705 979 705 979 704 979 703 979 702 979 699 981 694 986 678 982 665 978 664 978 663 978 641 983 621 986 613 983 601 978 601 978 600 978 599 978 582 984 581 984 566 978 565 978 564 978 564 978 546 984 545 984 542 984 491 979 490 979 457 986 451 987 431 987 343 984 342 984 300 989 301 1015"/></Shape>
            <String CONTENT="appareant, de doctrina prophetia precibus sacris &amp;"
                    HPOS="300.0"
                    VPOS="977.0"
                    WIDTH="662.0"
                    HEIGHT="54.0"
                    WC="0.9679113459587098"></String>
          </TextLine>
          <TextLine ID="line_21"
                    TAGREFS="LT8"
                    BASELINE="301 1058 968 1054" 
                    HPOS="300.0"
                    VPOS="1023.0"
                    WIDTH="668.0"
                    HEIGHT="50.0">
            <Shape><Polygon POINTS="301 1058 301 1066 336 1073 337 1073 382 1068 431 1073 432 1073 433 1073 453 1066 502 1072 503 1072 579 1065 696 1071 697 1071 748 1064 757 1070 758 1070 759 1070 760 1071 797 1071 797 1070 797 1070 809 1064 824 1070 825 1070 826 1070 827 1070 828 1070 835 1063 929 1070 930 1070 968 1062 968 1054 967 1031 946 1023 945 1023 944 1023 912 1028 873 1023 872 1023 871 1023 871 1023 861 1030 797 1025 797 1025 796 1025 784 1032 688 1032 671 1032 654 1025 653 1025 652 1025 651 1025 637 1032 625 1025 625 1025 624 1025 588 1025 587 1025 586 1025 566 1033 565 1033 564 1033 539 1026 539 1026 538 1026 500 1030 483 1026 482 1026 481 1026 480 1026 462 1033 435 1026 435 1026 434 1026 401 1033 399 1033 394 1033 329 1029 328 1029 300 1033 301 1058"/></Shape>
            <String CONTENT="cœna mystica loquor. Nam hæc corrupit auaritia su¬"
                    HPOS="300.0"
                    VPOS="1023.0"
                    WIDTH="668.0"
                    HEIGHT="50.0"
                    WC="0.9986861145496368"></String>
          </TextLine>
          <TextLine ID="line_22"
                    TAGREFS="LT8"
                    BASELINE="304 1103 966 1098" 
                    HPOS="303.0"
                    VPOS="1064.0"
                    WIDTH="663.0"
                    HEIGHT="54.0">
            <Shape><Polygon POINTS="304 1103 304 1118 380 1118 380 1117 381 1117 383 1116 393 1110 426 1110 456 1115 462 1116 463 1116 476 1115 537 1109 563 1109 570 1113 570 1115 571 1115 572 1115 573 1115 574 1115 577 1113 588 1109 625 1113 632 1113 633 1113 634 1113 637 1112 654 1108 665 1112 669 1114 670 1114 671 1114 672 1114 673 1114 675 1112 680 1109 708 1112 723 1113 724 1113 725 1113 731 1112 745 1107 768 1111 779 1112 779 1112 800 1111 828 1108 833 1110 839 1113 840 1113 840 1113 875 1110 892 1108 897 1110 907 1112 907 1112 908 1112 909 1112 916 1109 923 1106 930 1109 937 1112 938 1112 938 1112 966 1108 966 1098 965 1070 954 1064 953 1064 952 1064 951 1064 938 1070 935 1072 908 1072 907 1070 891 1064 890 1064 858 1064 858 1064 857 1064 856 1064 845 1071 843 1072 836 1071 816 1068 815 1068 799 1071 796 1072 793 1071 782 1067 781 1067 780 1067 754 1072 750 1072 747 1072 719 1066 718 1066 717 1066 705 1072 703 1073 698 1072 680 1069 680 1069 679 1069 664 1072 661 1073 657 1072 636 1066 635 1066 634 1066 633 1066 609 1073 604 1074 602 1073 594 1067 593 1067 592 1067 554 1067 553 1067 552 1067 529 1073 522 1075 497 1073 439 1070 438 1070 415 1074 405 1076 404 1074 397 1069 396 1069 395 1069 364 1069 363 1069 362 1069 361 1069 353 1074 351 1076 341 1075 312 1070 312 1070 311 1070 303 1073 304 1103"/></Shape>
            <String CONTENT="perstitio et innouandi studium. Inde enim irrepsere ab"
                    HPOS="303.0"
                    VPOS="1064.0"
                    WIDTH="663.0"
                    HEIGHT="54.0"
                    WC="0.9937575790617201"></String>
          </TextLine>
          <TextLine ID="line_23"
                    TAGREFS="LT8"
                    BASELINE="302 1146 962 1142" 
                    HPOS="301.0"
                    VPOS="1111.0"
                    WIDTH="661.0"
                    HEIGHT="50.0">
            <Shape><Polygon POINTS="302 1146 302 1155 319 1161 319 1161 320 1161 321 1161 339 1155 340 1155 343 1155 413 1161 414 1161 415 1161 434 1154 435 1154 479 1154 480 1154 488 1161 489 1161 490 1161 490 1161 565 1161 565 1161 566 1161 584 1153 585 1153 589 1153 654 1160 655 1160 656 1160 669 1153 797 1159 798 1159 896 1151 899 1151 900 1151 934 1158 935 1158 936 1158 962 1150 962 1142 959 1114 903 1118 898 1114 894 1111 893 1111 892 1111 891 1111 865 1115 853 1117 847 1115 836 1112 835 1112 834 1112 834 1112 833 1112 828 1116 824 1119 792 1119 784 1116 766 1111 766 1111 765 1111 739 1117 730 1119 640 1119 637 1118 624 1112 623 1112 569 1112 568 1112 535 1119 527 1112 526 1112 525 1112 497 1112 496 1112 496 1112 495 1112 486 1119 448 1120 435 1113 434 1113 433 1113 359 1119 324 1113 323 1113 322 1113 301 1121 302 1146"/></Shape>
            <String CONTENT="usus missarum, sacrificia pro mortuis, murmur &amp;"
                    HPOS="301.0"
                    VPOS="1111.0"
                    WIDTH="661.0"
                    HEIGHT="50.0"
                    WC="0.9878000642390962"></String>
          </TextLine>
          <TextLine ID="line_24"
                    TAGREFS="LT8"
                    BASELINE="302 1189 969 1185" 
                    HPOS="301.0"
                    VPOS="1152.0"
                    WIDTH="668.0"
                    HEIGHT="49.0">
            <Shape><Polygon POINTS="302 1189 302 1197 537 1201 538 1201 558 1198 576 1194 726 1194 737 1198 740 1199 741 1199 742 1200 834 1200 834 1199 840 1198 865 1194 967 1198 969 1185 967 1159 913 1152 875 1152 874 1152 873 1152 872 1152 865 1158 710 1153 709 1153 679 1161 634 1161 618 1154 617 1154 616 1154 615 1154 594 1160 579 1154 578 1154 577 1154 576 1154 566 1158 536 1155 535 1155 534 1155 533 1155 526 1161 462 1155 461 1155 417 1161 361 1157 361 1157 301 1162 302 1189"/></Shape>
            <String CONTENT="cantus templorum. Olim in cœtibus sacris paucißimæ"
                    HPOS="301.0"
                    VPOS="1152.0"
                    WIDTH="668.0"
                    HEIGHT="49.0"
                    WC="0.9968050491809844"></String>
          </TextLine>
          <TextLine ID="line_25"
                    TAGREFS="LT8"
                    BASELINE="303 1233 969 1227" 
                    HPOS="302.0"
                    VPOS="1193.0"
                    WIDTH="667.0"
                    HEIGHT="56.0">
            <Shape><Polygon POINTS="303 1233 303 1246 338 1242 344 1246 349 1248 350 1248 351 1249 374 1249 374 1248 374 1248 386 1245 398 1241 406 1245 410 1246 411 1246 411 1246 412 1246 415 1245 423 1241 457 1244 483 1246 484 1246 484 1246 494 1243 507 1241 525 1243 552 1247 552 1247 589 1242 597 1241 601 1242 615 1246 616 1246 617 1246 698 1241 776 1245 777 1245 804 1239 807 1239 814 1239 884 1243 885 1243 886 1243 887 1243 895 1238 896 1237 969 1236 969 1227 968 1199 957 1193 956 1193 901 1193 900 1193 899 1193 898 1193 893 1198 877 1193 876 1193 875 1193 874 1193 853 1201 852 1202 758 1203 754 1202 730 1195 729 1195 728 1195 727 1195 726 1195 714 1203 712 1203 696 1203 595 1200 594 1200 570 1204 567 1204 564 1204 521 1197 521 1197 520 1197 519 1197 510 1202 483 1198 482 1198 445 1204 435 1198 435 1198 434 1198 433 1198 395 1203 336 1198 335 1198 334 1198 302 1207 303 1233"/></Shape>
            <String CONTENT="conspiciebantur Ceremontæ, &amp; quæ erant uel ad do¬"
                    HPOS="302.0"
                    VPOS="1193.0"
                    WIDTH="667.0"
                    HEIGHT="56.0"
                    WC="0.9920078722798095"></String>
          </TextLine>
          <TextLine ID="line_26"
                    TAGREFS="LT8"
                    BASELINE="304 1277 967 1271" 
                    HPOS="303.0"
                    VPOS="1239.0"
                    WIDTH="664.0"
                    HEIGHT="61.0">
            <Shape><Polygon POINTS="304 1277 304 1300 337 1300 338 1300 356 1291 373 1300 374 1300 374 1300 375 1300 376 1300 377 1300 392 1293 412 1297 413 1297 447 1290 466 1297 470 1299 471 1299 472 1300 492 1300 492 1299 493 1299 497 1297 513 1289 523 1296 524 1297 525 1297 526 1297 586 1298 587 1298 619 1294 636 1292 645 1294 653 1295 654 1295 655 1295 660 1293 683 1287 719 1291 720 1291 721 1291 735 1287 742 1291 744 1294 745 1294 746 1294 747 1294 767 1291 798 1286 804 1290 813 1296 814 1296 815 1296 815 1296 816 1296 828 1290 836 1286 965 1286 967 1271 966 1246 953 1239 952 1239 951 1239 950 1239 929 1246 898 1246 889 1239 889 1239 888 1239 887 1239 852 1246 848 1246 844 1246 810 1241 809 1241 809 1241 796 1246 794 1246 793 1246 782 1240 781 1240 780 1240 779 1240 779 1240 779 1241 773 1246 771 1246 757 1241 756 1241 755 1241 754 1241 739 1245 734 1247 704 1245 632 1241 631 1241 631 1241 630 1241 625 1245 621 1248 576 1249 504 1249 499 1245 496 1242 495 1242 494 1242 493 1242 492 1242 484 1245 472 1249 459 1245 453 1243 453 1243 452 1243 444 1245 426 1249 418 1245 417 1243 416 1243 415 1243 414 1243 413 1243 407 1245 396 1247 379 1245 378 1245 377 1245 376 1245 375 1245 368 1250 355 1245 354 1244 353 1244 352 1244 303 1244 304 1277"/></Shape>
            <String CONTENT="ctrinam uel ad preces pertinebant. Omnia uero uul¬"
                    HPOS="303.0"
                    VPOS="1239.0"
                    WIDTH="664.0"
                    HEIGHT="61.0"
                    WC="0.9978490173816681"></String>
          </TextLine>
        </TextBlock>
        <TextBlock HPOS="906"
                   VPOS="1286"
                   WIDTH="67"
                   HEIGHT="54"
                   ID="block_3"
                   TAGREFS="BT17">
          <Shape><Polygon POINTS="973 1286 973 1340 906 1340 906 1286"/></Shape>
          <TextLine ID="line_29"
                    TAGREFS="LT8"
                    BASELINE="911 1319 969 1317" 
                    HPOS="909.0"
                    VPOS="1285.0"
                    WIDTH="60.0"
                    HEIGHT="61.0">
            <Shape><Polygon POINTS="911 1319 911 1345 969 1346 969 1317 966 1285 909 1291 911 1319"/></Shape>
            <String CONTENT="gari"
                    HPOS="909.0"
                    VPOS="1285.0"
                    WIDTH="60.0"
                    HEIGHT="61.0"
                    ></String>
          </TextLine>
        </TextBlock>
        <TextBlock HPOS="161"
                   VPOS="203"
                   WIDTH="134"
                   HEIGHT="120"
                   ID="block_0"
                   TAGREFS="BT2902">
          <Shape><Polygon POINTS="295 203 295 323 161 323 161 203"/></Shape>
          <TextLine ID="line_2"
                    TAGREFS="LT8"
                    BASELINE="161 227 275 227 290 227" 
                    HPOS="160"
                    VPOS="195"
                    WIDTH="129"
                    HEIGHT="40">
            <Shape><Polygon POINTS="160 235 289 235 289 226 287 195 160 198 160 226"/></Shape>
            <String CONTENT="Cœtus ec¬"
                    HPOS="160"
                    VPOS="195"
                    WIDTH="129"
                    HEIGHT="40"
                    WC="0.9979443351427714"></String>
          </TextLine>
          <TextLine ID="line_27"
                    TAGREFS="LT8"
                    BASELINE="159 254 276 254" 
                    HPOS="159"
                    VPOS="229"
                    WIDTH="117"
                    HEIGHT="34">
            <Shape><Polygon POINTS="159 262 275 263 276 254 276 234 201 229 200 229 159 233 159 254"/></Shape>
            <String CONTENT="clesiastici"
                    HPOS="159"
                    VPOS="229"
                    WIDTH="117"
                    HEIGHT="34"
                    WC="0.9964585304260254"></String>
          </TextLine>
          <TextLine ID="line_3"
                    TAGREFS="LT8"
                    BASELINE="161 281 294 279" 
                    HPOS="158"
                    VPOS="255"
                    WIDTH="134"
                    HEIGHT="36">
            <Shape><Polygon POINTS="160 291 292 291 292 278 290 257 158 255 160 279"/></Shape>
            <String CONTENT="ueterũ qua"
                    HPOS="158"
                    VPOS="255"
                    WIDTH="134"
                    HEIGHT="36"
                    WC="0.9827572053129022"></String>
          </TextLine>
          <TextLine ID="line_28"
                    TAGREFS="LT8"
                    BASELINE="162 309 290 311" 
                    HPOS="161"
                    VPOS="287"
                    WIDTH="129"
                    HEIGHT="48">
            <Shape><Polygon POINTS="161 330 227 335 228 335 229 335 230 335 242 327 244 326 249 327 268 330 269 330 289 325 290 311 289 287 162 287 162 309"/></Shape>
            <String CONTENT="les fuerint."
                    HPOS="161"
                    VPOS="287"
                    WIDTH="129"
                    HEIGHT="48"
                    WC="0.9977853000164032"></String>
          </TextLine>
        </TextBlock>
      </PrintSpace>
    </Page>
  </Layout>
</alto>
