<?xml version="1.0" encoding="UTF-8"?>
<alto xmlns:xsi="http://www.w3.org/2001/XMLSchema-instance"
      xmlns="http://www.loc.gov/standards/alto/ns-v4#"
      xsi:schemaLocation="http://www.loc.gov/standards/alto/ns-v4# http://www.loc.gov/standards/alto/v4/alto-4-2.xsd">
  <Description>
    <MeasurementUnit>pixel</MeasurementUnit>
    <sourceImageInformation>
      <fileName>7325972.jpeg</fileName>
    </sourceImageInformation>
  </Description>
  <Tags>
    <OtherTag ID="BT7" LABEL="CustomZone" DESCRIPTION="block type CustomZone"/><OtherTag ID="BT8" LABEL="DamageZone" DESCRIPTION="block type DamageZone"/><OtherTag ID="BT9" LABEL="DigitizationArtefactZone" DESCRIPTION="block type DigitizationArtefactZone"/><OtherTag ID="BT10" LABEL="DropCapitalZone" DESCRIPTION="block type DropCapitalZone"/><OtherTag ID="BT11" LABEL="GraphicZone" DESCRIPTION="block type GraphicZone"/><OtherTag ID="BT12" LABEL="MainZone" DESCRIPTION="block type MainZone"/><OtherTag ID="BT13" LABEL="MarginTextZone" DESCRIPTION="block type MarginTextZone"/><OtherTag ID="BT14" LABEL="MusicZone" DESCRIPTION="block type MusicZone"/><OtherTag ID="BT15" LABEL="NumberingZone" DESCRIPTION="block type NumberingZone"/><OtherTag ID="BT17" LABEL="QuireMarksZone" DESCRIPTION="block type QuireMarksZone"/><OtherTag ID="BT18" LABEL="RunningTitleZone" DESCRIPTION="block type RunningTitleZone"/><OtherTag ID="BT19" LABEL="SealZone" DESCRIPTION="block type SealZone"/><OtherTag ID="BT20" LABEL="StampZone" DESCRIPTION="block type StampZone"/><OtherTag ID="BT21" LABEL="TableZone" DESCRIPTION="block type TableZone"/><OtherTag ID="BT22" LABEL="TitlePageZone" DESCRIPTION="block type TitlePageZone"/><OtherTag ID="BT2900" LABEL="MainZone-P-Continued" DESCRIPTION="block type MainZone-P-Continued"/><OtherTag ID="BT2901" LABEL="MainZone-Sp" DESCRIPTION="block type MainZone-Sp"/><OtherTag ID="BT2902" LABEL="MarginTextZone-Notes" DESCRIPTION="block type MarginTextZone-Notes"/><OtherTag ID="BT2903" LABEL="MainZone-Head" DESCRIPTION="block type MainZone-Head"/><OtherTag ID="BT2904" LABEL="MainZone-P" DESCRIPTION="block type MainZone-P"/>
    <OtherTag ID="LT7" LABEL="CustomLine" DESCRIPTION="line type CustomLine"/><OtherTag ID="LT8" LABEL="DefaultLine" DESCRIPTION="line type DefaultLine"/><OtherTag ID="LT9" LABEL="DropCapitalLine" DESCRIPTION="line type DropCapitalLine"/><OtherTag ID="LT10" LABEL="HeadingLine" DESCRIPTION="line type HeadingLine"/><OtherTag ID="LT11" LABEL="InterlinearLine" DESCRIPTION="line type InterlinearLine"/><OtherTag ID="LT12" LABEL="MusicLine" DESCRIPTION="line type MusicLine"/>
  </Tags>
  <Layout>
    <Page WIDTH="1000"
          HEIGHT="1547"
          PHYSICAL_IMG_NR="7"
          ID="eSc_dummypage_">
      <PrintSpace HPOS="0"
                  VPOS="0"
                  WIDTH="1000"
                  HEIGHT="1547">
        <TextBlock HPOS="384"
                   VPOS="106"
                   WIDTH="488"
                   HEIGHT="41"
                   ID="block_3"
                   TAGREFS="BT18">
          <Shape><Polygon POINTS="872 106 872 147 384 147 384 106"/></Shape>
          <TextLine ID="line_1"
                    TAGREFS="LT10"
                    BASELINE="392 135 862 134" 
                    HPOS="382"
                    VPOS="95"
                    WIDTH="487"
                    HEIGHT="54">
            <Shape><Polygon POINTS="383 144 399 148 400 148 401 148 410 144 414 142 418 144 429 149 430 149 452 145 463 142 476 145 503 149 504 149 519 145 521 145 585 149 586 149 587 149 595 145 601 141 625 141 633 145 642 148 643 148 644 148 657 145 670 141 743 141 751 145 758 148 759 148 760 148 868 145 869 134 868 102 853 95 852 95 834 95 833 95 832 95 831 95 831 96 824 101 766 97 765 97 764 97 760 102 653 102 642 96 641 96 640 96 639 96 619 103 590 103 582 97 581 97 580 97 579 97 568 102 437 96 436 96 435 96 423 103 382 103 383 135"/></Shape>
            <String CONTENT="COMMENT. IN I. EPIST."
                    HPOS="382"
                    VPOS="95"
                    WIDTH="487"
                    HEIGHT="54"
                    ></String>
          </TextLine>
        </TextBlock>
        <TextBlock HPOS="295"
                   VPOS="163"
                   WIDTH="680"
                   HEIGHT="1132"
                   ID="block_2"
                   TAGREFS="BT2900">
          <Shape><Polygon POINTS="975 163 975 1295 295 1295 295 163"/></Shape>
          <TextLine ID="line_2"
                    TAGREFS="LT8"
                    BASELINE="300 192 450 188 963 186" 
                    HPOS="299.0"
                    VPOS="150.0"
                    WIDTH="664.0"
                    HEIGHT="55.0">
            <Shape><Polygon POINTS="300 192 300 205 368 204 368 204 369 204 393 196 482 196 497 201 502 203 503 203 503 203 504 203 505 203 507 201 515 196 539 196 557 201 566 203 567 203 568 204 606 204 606 203 607 203 613 200 622 195 654 195 659 199 666 202 667 202 668 202 717 198 734 196 738 197 755 202 756 202 757 202 758 202 759 202 766 197 768 195 785 195 800 196 844 201 845 201 846 201 846 201 855 196 927 200 928 200 963 193 963 186 962 157 886 157 873 150 872 150 871 150 871 150 870 150 859 157 858 158 809 158 802 158 792 152 791 152 791 152 749 158 746 158 744 158 712 150 711 150 680 157 594 151 593 151 560 158 559 158 534 151 533 151 479 151 478 151 478 151 459 159 458 159 457 159 429 152 429 152 349 152 348 152 315 152 314 152 299 158 300 192"/></Shape>
            <String CONTENT="in faſciculo collecta apud Anglorum mentes in con¬"
                    HPOS="299.0"
                    VPOS="150.0"
                    WIDTH="664.0"
                    HEIGHT="55.0"
                    WC="0.9856697201728821"></String>
          </TextLine>
          <TextLine ID="line_3"
                    TAGREFS="LT8"
                    BASELINE="300 235 963 229" 
                    HPOS="300.0"
                    VPOS="195.0"
                    WIDTH="663.0"
                    HEIGHT="55.0">
            <Shape><Polygon POINTS="300 235 300 250 331 244 380 247 381 247 382 247 395 243 458 243 475 250 477 250 478 250 478 250 482 249 513 242 589 242 596 246 597 246 598 246 599 246 600 246 601 246 607 242 644 248 648 248 649 248 693 247 693 247 716 240 752 240 766 246 767 246 768 246 963 244 963 229 962 198 904 195 903 195 902 195 901 195 896 198 890 202 834 203 819 200 811 197 810 197 809 197 809 197 801 200 791 203 786 200 782 196 781 196 780 196 779 196 779 196 767 200 760 202 752 200 740 196 739 196 738 196 719 201 703 205 656 205 649 201 641 197 640 197 639 197 638 197 625 201 615 205 594 202 570 199 569 199 568 199 567 199 562 202 556 206 501 203 415 199 414 199 413 199 412 199 406 204 404 205 401 204 375 200 374 200 374 200 373 200 367 205 363 207 351 205 314 200 313 200 312 200 300 205 300 235"/></Shape>
            <String CONTENT="ſuetudinem depone. Hæc Gregorius. Ea non profero"
                    HPOS="300.0"
                    VPOS="195.0"
                    WIDTH="663.0"
                    HEIGHT="55.0"
                    WC="0.9960102451344331"></String>
          </TextLine>
          <TextLine ID="line_4"
                    TAGREFS="LT8"
                    BASELINE="300 278 961 275" 
                    HPOS="300.0"
                    VPOS="240.0"
                    WIDTH="661.0"
                    HEIGHT="54.0">
            <Shape><Polygon POINTS="300 278 300 294 335 293 336 293 359 286 376 293 377 293 378 293 379 294 394 294 394 293 395 293 396 293 396 293 408 286 434 286 454 292 460 293 460 293 461 293 472 292 495 287 506 291 511 293 512 293 513 293 514 293 521 291 542 285 569 290 576 291 577 291 578 291 582 289 597 285 613 289 627 293 628 293 629 293 630 293 631 293 636 288 643 284 668 285 673 288 679 292 680 292 680 292 681 292 711 287 733 284 753 287 793 292 794 292 795 292 796 292 796 291 802 286 809 291 809 291 810 291 811 291 837 287 868 291 869 291 870 291 871 291 881 284 883 283 901 283 905 284 926 290 927 290 928 290 960 282 961 275 958 247 891 248 887 247 857 240 856 240 855 240 841 248 840 248 834 248 776 241 775 241 774 241 761 248 752 241 751 241 750 241 749 241 704 249 701 249 699 249 683 243 682 243 681 243 680 243 680 243 674 248 662 241 661 241 631 241 630 241 629 241 604 247 584 243 583 243 582 243 556 250 539 242 539 242 538 242 478 250 452 243 451 243 450 243 449 243 435 248 424 243 423 243 423 243 385 247 368 243 368 243 367 243 366 243 337 251 300 251 300 278"/></Shape>
            <String CONTENT="quod præcipue ijs innitar ſed ut collatione iſtorũ &amp;"
                    HPOS="300.0"
                    VPOS="240.0"
                    WIDTH="661.0"
                    HEIGHT="54.0"
                    WC="0.9870460213355299"></String>
          </TextLine>
          <TextLine ID="line_5"
                    TAGREFS="LT8"
                    BASELINE="302 322 966 317" 
                    HPOS="301.0"
                    VPOS="284.0"
                    WIDTH="665.0"
                    HEIGHT="55.0">
            <Shape><Polygon POINTS="302 322 302 339 354 331 457 331 496 336 509 337 510 337 511 337 515 336 524 330 636 333 725 336 726 336 727 336 728 336 734 331 736 330 746 331 764 335 765 336 853 336 853 335 893 329 895 329 897 329 942 333 943 333 944 333 966 327 966 317 965 290 952 284 951 284 950 284 866 291 852 292 851 291 842 287 841 287 840 287 806 290 798 285 797 285 797 285 763 285 762 285 761 285 760 285 754 290 723 286 723 286 722 286 708 293 707 293 674 293 674 293 661 286 660 286 635 286 634 286 595 287 594 287 593 287 583 293 582 294 513 294 512 294 492 289 491 289 490 289 490 289 489 289 482 294 450 291 449 291 380 295 343 288 342 288 341 288 340 288 331 296 301 296 302 322"/></Shape>
            <String CONTENT="noſtrorum temporum euincam quàm iniquis conditio"
                    HPOS="301.0"
                    VPOS="284.0"
                    WIDTH="665.0"
                    HEIGHT="55.0"
                    WC="0.9897984533893819"></String>
          </TextLine>
          <TextLine ID="line_6"
                    TAGREFS="LT8"
                    BASELINE="301 366 967 361" 
                    HPOS="300.0"
                    VPOS="328.0"
                    WIDTH="667.0"
                    HEIGHT="53.0">
            <Shape><Polygon POINTS="301 366 301 376 317 381 318 381 319 381 319 381 331 376 335 373 493 373 496 375 505 380 506 380 507 380 508 380 546 376 554 379 555 379 556 379 557 379 558 379 564 375 610 379 611 379 648 373 662 372 665 373 673 378 674 378 709 379 710 379 711 379 711 379 718 373 743 379 744 379 745 379 763 372 770 371 779 372 804 378 805 379 855 379 855 378 966 371 967 361 965 335 927 330 926 330 926 330 909 334 901 328 900 328 899 328 898 328 897 328 896 328 889 334 853 336 804 336 788 329 787 329 786 329 785 329 785 329 776 336 744 336 734 330 733 330 732 330 731 330 730 330 730 330 722 336 666 336 634 330 633 330 632 330 615 337 558 337 523 330 522 330 479 337 467 331 466 331 466 331 465 331 449 336 441 331 440 331 439 331 438 331 378 332 377 332 366 338 337 332 337 332 300 339 301 366"/></Shape>
            <String CONTENT="nibus hodie nobiſcum agatur, &amp; quod contra uetus"
                    HPOS="300.0"
                    VPOS="328.0"
                    WIDTH="667.0"
                    HEIGHT="53.0"
                    WC="0.9911292940378189"></String>
          </TextLine>
          <TextLine ID="line_7"
                    TAGREFS="LT8"
                    BASELINE="300 409 969 404" 
                    HPOS="300.0"
                    VPOS="369.0"
                    WIDTH="669.0"
                    HEIGHT="55.0">
            <Shape><Polygon POINTS="300 409 300 418 325 424 326 424 327 424 328 424 334 419 345 423 346 423 347 423 348 423 365 418 366 418 384 424 385 424 386 424 386 424 387 424 396 418 397 418 426 421 427 421 514 417 539 416 543 417 558 422 558 422 559 422 560 422 572 417 574 416 601 417 744 421 745 421 746 421 765 416 768 415 773 416 801 421 802 421 831 415 839 415 841 415 852 421 852 421 853 421 854 421 855 421 861 415 864 414 906 414 909 415 917 419 918 419 919 419 920 419 930 415 938 420 939 420 940 420 968 415 969 404 967 371 927 369 926 369 914 371 894 375 886 372 881 369 880 369 879 369 860 372 831 378 785 378 778 373 773 372 773 372 772 372 771 372 766 373 756 378 701 378 692 374 681 371 680 371 647 371 646 371 609 376 589 379 580 376 562 372 561 372 524 372 523 372 522 372 508 378 502 379 490 378 462 373 461 373 460 373 444 379 440 379 436 379 412 372 411 372 411 372 380 379 374 381 300 381 300 409"/></Shape>
            <String CONTENT="exemplum ritus nobis obtruditur qui non modo nihil"
                    HPOS="300.0"
                    VPOS="369.0"
                    WIDTH="669.0"
                    HEIGHT="55.0"
                    WC="0.9915355145931244"></String>
          </TextLine>
          <TextLine ID="line_8"
                    TAGREFS="LT8"
                    BASELINE="300 453 969 448" 
                    HPOS="300.0"
                    VPOS="415.0"
                    WIDTH="669.0"
                    HEIGHT="52.0">
            <Shape><Polygon POINTS="300 453 300 461 411 460 412 460 421 467 422 467 423 467 423 467 424 467 445 462 468 467 469 467 470 467 483 460 484 460 520 464 521 464 521 464 531 459 564 459 612 459 632 466 633 466 634 466 668 459 683 465 684 465 685 466 745 466 745 465 791 458 794 458 797 458 856 464 857 464 936 464 968 456 969 448 967 421 940 415 939 415 938 415 922 421 886 421 866 415 865 415 865 415 864 415 850 422 797 422 783 415 782 415 781 415 780 415 779 415 769 422 723 422 634 416 633 416 632 416 610 423 601 417 600 417 599 417 598 417 597 417 581 423 571 417 570 417 570 417 539 417 538 417 498 424 484 418 483 418 482 418 411 425 397 419 396 419 341 419 340 419 300 426 300 453"/></Shape>
            <String CONTENT="utilitatis &amp; pietatis habet ſed impietatis &amp; ſuperſti¬"
                    HPOS="300.0"
                    VPOS="415.0"
                    WIDTH="669.0"
                    HEIGHT="52.0"
                    WC="0.9825410456569107"></String>
          </TextLine>
          <TextLine ID="line_9"
                    TAGREFS="LT8"
                    BASELINE="301 497 970 492" 
                    HPOS="300.0"
                    VPOS="462.0"
                    WIDTH="670.0"
                    HEIGHT="51.0">
            <Shape><Polygon POINTS="301 497 301 513 343 507 352 512 352 513 353 513 354 513 355 513 394 513 394 513 395 513 396 513 398 511 404 506 435 506 487 510 517 512 518 512 519 512 527 509 535 507 549 508 566 511 567 511 568 511 573 508 579 505 587 507 595 511 595 511 596 511 597 511 603 507 608 505 634 507 669 510 670 510 671 510 686 506 695 504 733 504 736 505 745 510 746 510 747 510 748 510 766 505 773 503 803 504 912 508 913 508 914 508 927 501 970 501 970 492 968 462 300 466 301 497"/></Shape>
            <String CONTENT="tionis plurimum. Neglecta igitur improbitate &amp; con"
                    HPOS="300.0"
                    VPOS="462.0"
                    WIDTH="670.0"
                    HEIGHT="51.0"
                    WC="0.9991546928882599"></String>
          </TextLine>
          <TextLine ID="line_10"
                    TAGREFS="LT8"
                    BASELINE="300 539 969 534" 
                    HPOS="300.0"
                    VPOS="502.0"
                    WIDTH="669.0"
                    HEIGHT="53.0">
            <Shape><Polygon POINTS="300 539 300 549 357 555 358 555 359 555 360 555 367 550 450 554 451 554 452 554 470 549 484 554 485 554 486 554 487 554 488 554 496 549 521 554 522 554 584 548 728 552 729 552 772 546 951 550 952 550 953 550 969 544 969 534 968 504 900 502 899 502 885 504 856 509 823 505 819 505 818 505 817 505 816 505 808 510 745 510 738 506 736 504 735 504 734 504 699 504 699 504 698 504 697 504 694 507 688 510 564 507 531 507 530 507 525 508 505 512 499 508 496 506 495 506 494 506 445 506 444 506 443 506 436 509 431 512 420 509 408 507 407 507 394 509 381 513 370 510 359 507 358 507 357 507 300 510 300 539"/></Shape>
            <String CONTENT="uitijs aduerſariorum teneamus obſecro ea in cœtu ſan¬"
                    HPOS="300.0"
                    VPOS="502.0"
                    WIDTH="669.0"
                    HEIGHT="53.0"
                    ></String>
          </TextLine>
          <TextLine ID="line_11"
                    TAGREFS="LT8"
                    BASELINE="302 584 970 578" 
                    HPOS="301.0"
                    VPOS="545.0"
                    WIDTH="669.0"
                    HEIGHT="53.0">
            <Shape><Polygon POINTS="302 584 302 598 969 592 970 578 969 552 809 545 808 545 807 545 779 553 777 553 769 553 684 546 683 546 682 546 661 553 609 547 608 547 607 547 593 552 584 548 583 548 582 548 548 553 499 548 498 548 468 555 461 556 456 555 437 549 436 549 435 549 396 555 382 556 367 555 329 550 328 550 301 555 302 584"/></Shape>
            <String CONTENT="ctorum ſine quibus ſanctimonia non perficitur, nem¬"
                    HPOS="301.0"
                    VPOS="545.0"
                    WIDTH="669.0"
                    HEIGHT="53.0"
                    WC="0.9967873283461028"></String>
          </TextLine>
          <TextLine ID="line_12"
                    TAGREFS="LT8"
                    BASELINE="303 628 972 623" 
                    HPOS="302.0"
                    VPOS="590.0"
                    WIDTH="670.0"
                    HEIGHT="55.0">
            <Shape><Polygon POINTS="303 628 304 645 327 638 380 642 380 642 381 642 382 642 387 637 458 637 478 643 478 643 479 643 480 643 499 639 507 643 508 643 509 643 509 643 510 643 511 643 527 636 552 636 561 642 562 642 563 642 564 643 630 643 630 642 631 642 631 642 631 642 639 635 661 635 673 642 674 642 674 642 728 642 728 642 729 642 730 641 746 635 764 640 765 640 766 640 766 640 780 635 798 640 800 641 801 641 802 641 859 640 860 640 861 640 867 635 883 640 884 640 885 640 886 640 895 639 940 635 971 638 972 623 971 598 951 590 950 590 950 590 949 590 930 597 904 590 903 590 902 590 879 594 868 590 867 590 866 590 812 591 811 591 791 599 742 599 729 592 728 592 727 592 726 592 725 592 715 599 533 596 533 596 532 596 521 601 509 601 499 593 498 593 497 593 496 593 443 600 415 593 414 593 413 593 346 594 345 594 344 594 337 600 302 602 303 628"/></Shape>
            <String CONTENT="pe doctrinam ſanam, &amp; preces puras aßiduas́, de"
                    HPOS="302.0"
                    VPOS="590.0"
                    WIDTH="670.0"
                    HEIGHT="55.0"
                    WC="0.990585216631492"></String>
          </TextLine>
          <TextLine ID="line_13"
                    TAGREFS="LT8"
                    BASELINE="302 671 967 666" 
                    HPOS="301.0"
                    VPOS="633.0"
                    WIDTH="666.0"
                    HEIGHT="53.0">
            <Shape><Polygon POINTS="302 671 302 679 334 686 335 686 393 680 404 679 407 680 422 686 423 686 423 686 470 685 471 685 480 681 483 679 486 681 500 685 501 685 502 686 538 686 538 685 539 685 539 685 545 681 548 681 585 684 586 684 587 684 596 681 612 677 703 677 728 682 737 684 738 684 739 684 740 684 742 682 750 677 766 677 773 682 775 684 776 684 777 684 778 684 785 682 804 678 824 683 830 684 831 684 839 683 876 676 892 683 893 683 894 684 966 684 967 666 965 640 942 635 941 635 940 635 939 635 934 640 872 640 841 633 840 633 840 633 839 633 827 641 773 641 751 634 750 634 749 634 748 634 734 641 693 641 673 635 672 635 671 635 670 635 669 635 662 642 646 642 633 635 632 635 631 635 631 635 614 642 539 642 532 635 531 635 530 635 529 635 473 641 435 635 434 635 433 635 410 642 344 636 343 636 343 636 331 642 323 636 322 636 321 636 320 636 319 636 301 642 302 671"/></Shape>
            <String CONTENT="doctrina ſana diſputatum hactenus, de precibus quoq"
                    HPOS="301.0"
                    VPOS="633.0"
                    WIDTH="666.0"
                    HEIGHT="53.0"
                    ></String>
          </TextLine>
          <TextLine ID="line_14"
                    TAGREFS="LT8"
                    BASELINE="304 715 971 708" 
                    HPOS="303.0"
                    VPOS="674.0"
                    WIDTH="668.0"
                    HEIGHT="59.0">
            <Shape><Polygon POINTS="304 715 305 733 321 724 404 724 416 730 417 731 418 731 419 731 428 730 477 723 484 729 486 730 487 730 488 730 489 731 553 731 553 730 569 727 588 723 613 726 635 728 636 728 637 728 644 726 648 724 656 725 677 728 678 728 679 728 687 725 691 723 693 724 704 728 705 728 705 728 731 724 777 727 778 727 803 722 804 722 805 722 886 727 887 727 916 726 917 726 918 726 926 720 928 719 970 719 971 708 969 683 907 683 907 682 891 674 890 674 889 674 889 674 861 682 858 684 824 684 822 682 811 677 810 677 809 677 809 677 791 682 776 676 775 676 774 676 735 682 717 685 704 685 699 682 693 677 692 677 691 677 690 677 657 682 636 685 629 682 620 678 619 678 555 678 554 678 553 678 542 682 535 684 530 682 525 679 524 679 472 678 471 678 470 678 458 682 436 688 386 688 370 683 369 683 368 683 368 683 348 688 337 682 335 680 334 680 333 680 332 680 303 681 304 715"/></Shape>
            <String CONTENT="ſacris cum aliâs ſæpe dictum ſit præſentia Pauli uer¬"
                    HPOS="303.0"
                    VPOS="674.0"
                    WIDTH="668.0"
                    HEIGHT="59.0"
                    ></String>
          </TextLine>
          <TextLine ID="line_15"
                    TAGREFS="LT8"
                    BASELINE="305 758 972 752" 
                    HPOS="304.0"
                    VPOS="719.0"
                    WIDTH="668.0"
                    HEIGHT="55.0">
            <Shape><Polygon POINTS="305 758 305 767 331 774 332 774 422 773 423 773 435 767 446 773 447 773 447 774 491 774 491 773 492 773 493 773 503 765 504 765 508 765 570 770 571 770 594 764 595 764 595 764 621 771 622 771 623 771 624 771 642 764 708 764 733 770 734 770 735 770 736 770 750 763 785 763 787 763 797 770 797 770 798 770 799 770 822 765 840 770 840 770 841 770 842 770 855 763 892 769 893 769 894 769 921 762 945 768 946 768 947 768 948 768 972 760 972 752 970 721 876 719 875 719 874 719 867 722 862 725 778 727 773 723 769 721 768 721 767 721 766 721 766 721 765 721 761 723 756 727 664 727 658 725 652 721 651 721 590 721 589 721 588 721 578 726 571 728 528 727 496 725 496 725 495 725 490 727 482 729 453 727 400 723 399 723 398 723 387 728 382 730 361 728 319 724 318 724 317 724 304 728 305 758"/></Shape>
            <String CONTENT="ba perſtringemus modo. Primum &amp; ante omnia iubet"
                    HPOS="304.0"
                    VPOS="719.0"
                    WIDTH="668.0"
                    HEIGHT="55.0"
                    WC="0.9884451925754547"></String>
          </TextLine>
          <TextLine ID="line_16"
                    TAGREFS="LT8"
                    BASELINE="306 801 970 794" 
                    HPOS="305.0"
                    VPOS="761.0"
                    WIDTH="665.0"
                    HEIGHT="58.0">
            <Shape><Polygon POINTS="306 801 306 819 331 813 374 819 378 819 379 819 380 819 381 819 397 812 446 812 456 817 460 818 460 818 461 818 462 818 466 817 478 811 524 815 545 817 546 817 546 817 554 814 568 810 576 814 579 816 580 816 581 816 601 813 638 809 673 813 706 815 707 815 735 811 748 809 766 810 810 813 811 813 812 813 825 809 830 807 835 809 852 813 852 813 853 814 886 814 886 813 887 813 888 813 896 807 900 807 941 813 942 813 969 806 970 794 969 766 899 761 898 761 866 762 865 762 856 766 852 768 843 766 818 762 817 762 816 762 806 766 801 769 784 767 753 763 752 763 751 763 750 763 744 767 741 770 717 770 703 767 687 764 687 764 670 767 657 770 654 767 650 764 649 764 648 764 647 764 646 764 634 768 624 770 613 768 601 764 601 764 600 764 599 764 590 768 583 770 576 768 568 764 567 764 566 764 516 765 515 765 515 765 511 768 506 771 489 768 472 765 472 765 471 765 470 765 466 769 459 773 418 773 411 769 409 767 408 767 407 767 406 767 405 767 404 767 403 769 397 772 377 769 365 767 364 767 363 767 360 769 352 773 338 769 331 767 331 767 330 767 305 769 306 801"/></Shape>
            <String CONTENT="fieri preces, hoc ipſo oſtendens precibus ſacris nil per"
                    HPOS="305.0"
                    VPOS="761.0"
                    WIDTH="665.0"
                    HEIGHT="58.0"
                    WC="0.9805302524140903"></String>
          </TextLine>
          <TextLine ID="line_17"
                    TAGREFS="LT8"
                    BASELINE="306 846 971 838" 
                    HPOS="306.0"
                    VPOS="805.0"
                    WIDTH="665.0"
                    HEIGHT="57.0">
            <Shape><Polygon POINTS="306 846 307 862 320 857 373 861 379 861 380 861 380 861 381 861 394 855 430 860 439 861 440 861 441 861 443 860 455 853 530 853 543 858 546 859 547 859 548 859 563 857 610 852 650 856 673 858 674 858 674 858 675 858 675 857 678 856 683 851 742 855 778 856 779 856 796 854 816 850 833 853 847 856 848 856 971 850 971 838 970 813 944 805 944 805 943 805 942 805 941 805 929 813 918 806 917 806 916 806 915 806 914 806 883 813 859 807 858 807 858 807 857 807 845 814 791 814 760 814 744 807 743 807 742 807 742 807 723 815 722 815 718 815 674 807 674 807 637 815 633 816 632 815 622 808 621 808 620 808 601 808 601 808 600 808 599 808 588 815 551 813 550 813 529 816 520 819 493 819 490 817 483 810 482 810 481 810 480 810 417 811 417 811 416 811 405 817 402 819 374 819 371 818 360 812 359 812 358 812 326 817 318 812 317 812 316 812 315 812 314 812 313 812 306 816 306 846"/></Shape>
            <String CONTENT="inde neceſſarium &amp; utile eſſe. Præterea tempus deſi¬"
                    HPOS="306.0"
                    VPOS="805.0"
                    WIDTH="665.0"
                    HEIGHT="57.0"
                    WC="0.9984855330907382"></String>
          </TextLine>
          <TextLine ID="eSc_line_ec38bd74"
                    TAGREFS="LT8"
                    BASELINE="306 890 583 885 972 883" 
                    HPOS="304"
                    VPOS="846"
                    WIDTH="667"
                    HEIGHT="60">
            <Shape><Polygon POINTS="305 889 305 906 361 899 419 904 427 898 434 904 456 898 575 903 581 897 668 903 725 895 785 902 792 894 910 901 971 892 971 881 967 854 889 856 877 846 840 856 801 846 792 857 765 857 758 850 735 856 727 848 683 848 618 858 607 849 547 849 526 859 468 850 451 859 366 854 304 862 305 889"/></Shape>
            <String CONTENT="gnat commodum, ut ſcilicet ipſo ſtatim diluculo con¬"
                    HPOS="304"
                    VPOS="846"
                    WIDTH="667"
                    HEIGHT="60"
                    WC="0.9954097729462844"></String>
          </TextLine>
          <TextLine ID="line_19"
                    TAGREFS="LT8"
                    BASELINE="305 934 631 928 963 928" 
                    HPOS="304.0"
                    VPOS="897.0"
                    WIDTH="659.0"
                    HEIGHT="50.0">
            <Shape><Polygon POINTS="305 934 305 941 321 947 322 947 323 947 324 947 338 941 349 946 350 946 351 946 352 946 367 941 368 941 377 941 435 946 436 946 437 946 438 946 444 941 447 939 495 939 533 939 538 941 544 944 545 944 546 944 578 941 616 938 680 941 717 943 718 943 719 943 724 941 737 937 742 941 744 943 745 943 746 943 747 943 770 941 812 938 822 941 825 942 826 942 827 942 933 941 934 941 935 941 942 937 960 941 963 928 962 902 779 897 778 897 748 903 711 898 711 898 710 898 709 898 702 904 676 904 638 898 638 898 572 904 518 899 517 899 516 899 492 906 394 906 327 901 326 901 325 901 304 907 305 934"/></Shape>
            <String CONTENT="ueniant &amp; communes ad Deum profundant preces."
                    HPOS="304.0"
                    VPOS="897.0"
                    WIDTH="659.0"
                    HEIGHT="50.0"
                    WC="0.9915892283121744"></String>
          </TextLine>
          <TextLine ID="line_20"
                    TAGREFS="LT8"
                    BASELINE="306 976 970 970" 
                    HPOS="305.0"
                    VPOS="936.0"
                    WIDTH="665.0"
                    HEIGHT="53.0">
            <Shape><Polygon POINTS="306 976 306 984 397 989 398 989 483 983 484 983 491 988 492 988 493 988 494 988 578 982 589 981 595 981 627 986 628 986 666 981 667 981 670 981 787 984 788 984 789 984 790 984 795 979 796 979 852 979 852 979 872 984 873 984 874 984 875 984 891 979 930 984 931 984 969 978 970 970 969 943 929 936 928 936 927 936 907 942 892 939 891 939 890 939 889 939 872 943 872 944 865 944 760 944 734 938 733 938 732 938 731 938 723 944 641 939 640 939 607 945 591 939 590 939 589 939 528 945 435 941 434 941 397 947 393 948 355 948 355 947 337 941 337 941 336 941 305 947 306 976"/></Shape>
            <String CONTENT="Plinius certè in epiſtola quadam ad Traianum Impe¬"
                    HPOS="305.0"
                    VPOS="936.0"
                    WIDTH="665.0"
                    HEIGHT="53.0"
                    WC="0.9891966230729047"></String>
          </TextLine>
          <TextLine ID="line_21"
                    TAGREFS="LT8"
                    BASELINE="306 1021 972 1013" 
                    HPOS="305.0"
                    VPOS="980.0"
                    WIDTH="667.0"
                    HEIGHT="54.0">
            <Shape><Polygon POINTS="306 1021 306 1028 407 1028 410 1028 439 1034 440 1034 441 1034 453 1028 454 1027 460 1028 492 1033 493 1033 494 1033 504 1028 506 1027 514 1028 543 1031 544 1031 545 1031 546 1031 550 1027 552 1027 595 1027 597 1027 603 1032 604 1032 605 1032 606 1032 649 1027 668 1026 693 1027 743 1031 744 1031 745 1031 754 1027 760 1024 776 1027 792 1030 793 1030 880 1028 881 1028 882 1028 884 1027 889 1023 895 1027 897 1028 898 1028 899 1028 900 1028 972 1026 972 1013 971 987 957 981 956 981 955 981 908 986 900 980 899 980 898 980 871 980 871 980 825 987 809 981 809 981 808 981 807 981 790 988 691 982 690 982 624 983 623 983 601 990 600 990 598 990 550 984 549 984 548 984 521 991 520 991 518 991 495 988 494 988 437 992 433 992 432 992 426 988 425 988 424 988 423 988 423 988 413 992 413 993 305 993 306 1021"/></Shape>
            <String CONTENT="ratorem quæ extat lib. epiſto. Plinij 10. meminit moris"
                    HPOS="305.0"
                    VPOS="980.0"
                    WIDTH="667.0"
                    HEIGHT="54.0"
                    ></String>
          </TextLine>
          <TextLine ID="line_22"
                    TAGREFS="LT8"
                    BASELINE="308 1063 687 1057 974 1057" 
                    HPOS="307.0"
                    VPOS="1024.0"
                    WIDTH="667.0"
                    HEIGHT="55.0">
            <Shape><Polygon POINTS="308 1063 308 1079 361 1078 361 1078 394 1070 456 1077 462 1077 463 1077 464 1077 466 1076 484 1069 552 1070 558 1076 560 1076 561 1076 562 1076 563 1076 564 1076 564 1076 566 1075 580 1068 635 1068 660 1074 667 1075 668 1075 668 1075 674 1073 690 1068 702 1073 703 1073 704 1073 705 1073 705 1073 706 1073 718 1067 742 1067 754 1072 760 1074 760 1074 761 1074 762 1074 763 1074 766 1072 775 1066 785 1071 790 1074 791 1074 791 1074 804 1071 812 1070 880 1070 896 1070 897 1070 898 1070 899 1070 905 1064 915 1070 918 1070 919 1070 920 1070 973 1068 974 1057 973 1030 908 1024 907 1024 907 1024 906 1024 895 1030 895 1031 878 1031 760 1031 743 1024 742 1024 742 1024 741 1024 740 1024 730 1032 730 1033 720 1033 675 1033 650 1025 650 1025 649 1025 648 1025 630 1033 594 1033 572 1026 571 1026 570 1026 570 1026 551 1032 535 1027 534 1027 533 1027 488 1032 449 1027 448 1027 447 1027 447 1027 439 1033 425 1027 424 1027 423 1027 388 1033 376 1028 375 1028 317 1028 316 1028 315 1028 314 1028 307 1033 308 1063"/></Shape>
            <String CONTENT="fuiſſe Chriſtianis ut ſtato die ante lucem conuenirent"
                    HPOS="307.0"
                    VPOS="1024.0"
                    WIDTH="667.0"
                    HEIGHT="55.0"
                    WC="0.9943530140099702"></String>
          </TextLine>
          <TextLine ID="line_23"
                    TAGREFS="LT8"
                    BASELINE="306 1106 974 1100" 
                    HPOS="306.0"
                    VPOS="1065.0"
                    WIDTH="668.0"
                    HEIGHT="56.0">
            <Shape><Polygon POINTS="306 1106 306 1115 321 1121 322 1121 323 1121 324 1121 335 1115 336 1115 343 1115 429 1120 429 1120 457 1114 460 1114 464 1114 495 1120 496 1120 496 1120 511 1114 514 1113 525 1114 566 1118 567 1118 568 1118 576 1114 579 1112 672 1112 674 1113 686 1118 687 1118 687 1118 688 1118 702 1113 707 1112 718 1113 744 1118 745 1118 805 1112 834 1111 840 1112 849 1117 850 1117 851 1117 973 1112 974 1100 973 1070 962 1065 961 1065 960 1065 933 1070 927 1065 926 1065 926 1065 891 1065 890 1065 889 1065 877 1071 871 1075 838 1075 834 1072 818 1066 817 1066 816 1066 815 1066 800 1071 767 1067 766 1067 766 1067 765 1067 756 1073 753 1076 736 1076 729 1074 694 1067 693 1067 644 1075 638 1076 632 1075 592 1068 591 1068 590 1068 589 1068 577 1076 575 1077 556 1077 555 1076 547 1070 546 1070 546 1070 496 1069 496 1069 495 1069 476 1074 465 1070 464 1070 463 1070 462 1070 461 1070 452 1076 433 1073 432 1073 431 1073 430 1073 423 1078 306 1079 306 1106"/></Shape>
            <String CONTENT="carmen́ Chriſto deo dicerent ſecum inuicem, ſeq́ ſa¬"
                    HPOS="306.0"
                    VPOS="1065.0"
                    WIDTH="668.0"
                    HEIGHT="56.0"
                    ></String>
          </TextLine>
          <TextLine ID="line_24"
                    TAGREFS="LT8"
                    BASELINE="307 1150 974 1143" 
                    HPOS="306.0"
                    VPOS="1110.0"
                    WIDTH="668.0"
                    HEIGHT="53.0">
            <Shape><Polygon POINTS="307 1150 307 1157 456 1156 460 1156 491 1163 492 1163 493 1163 494 1163 502 1156 550 1155 572 1155 573 1155 601 1162 601 1162 602 1162 603 1162 626 1155 628 1155 654 1155 655 1155 663 1160 664 1160 665 1160 666 1160 667 1160 679 1156 741 1161 742 1161 783 1153 784 1153 785 1153 815 1160 816 1160 853 1154 862 1159 863 1159 864 1159 865 1160 899 1160 899 1159 923 1154 953 1157 954 1157 955 1157 974 1150 974 1143 971 1118 876 1118 863 1110 862 1110 861 1110 837 1110 836 1110 810 1112 809 1112 809 1112 800 1118 785 1111 784 1111 783 1111 745 1119 705 1112 704 1112 703 1112 674 1120 648 1112 647 1112 609 1112 608 1112 607 1112 607 1112 607 1113 600 1118 571 1113 570 1113 570 1113 569 1113 556 1122 483 1122 455 1114 454 1114 453 1114 453 1114 437 1122 393 1116 392 1116 392 1116 373 1122 356 1117 355 1117 355 1117 306 1125 307 1150"/></Shape>
            <String CONTENT="cramento aliquo non in ſcelus aliquod obſtringerent"
                    HPOS="306.0"
                    VPOS="1110.0"
                    WIDTH="668.0"
                    HEIGHT="53.0"
                    WC="0.9847173246682859"></String>
          </TextLine>
          <TextLine ID="line_25"
                    TAGREFS="LT8"
                    BASELINE="310 1193 975 1187" 
                    HPOS="309.0"
                    VPOS="1154.0"
                    WIDTH="666.0"
                    HEIGHT="53.0">
            <Shape><Polygon POINTS="310 1193 310 1207 344 1202 363 1206 366 1207 367 1207 368 1207 376 1206 405 1203 464 1204 490 1205 491 1205 492 1205 495 1204 503 1200 529 1204 546 1205 547 1205 548 1205 553 1203 559 1200 588 1203 613 1204 614 1204 632 1202 646 1199 657 1201 675 1204 676 1204 695 1200 705 1198 718 1200 744 1204 745 1204 746 1204 764 1199 768 1198 777 1199 814 1203 815 1203 837 1198 840 1198 849 1198 927 1202 928 1202 929 1202 940 1196 975 1195 975 1187 973 1158 952 1154 951 1154 950 1154 950 1154 943 1158 940 1160 846 1160 845 1159 835 1155 834 1155 834 1155 725 1161 715 1161 714 1161 704 1155 703 1155 702 1155 622 1161 618 1161 614 1161 538 1157 537 1157 536 1157 526 1162 500 1157 499 1157 498 1157 481 1163 474 1158 473 1158 472 1158 472 1158 426 1162 404 1158 403 1158 402 1158 391 1164 387 1164 319 1159 318 1159 317 1159 316 1159 309 1162 310 1193"/></Shape>
            <String CONTENT="ſed ne furta latrocinia &amp; adulteria committerent. Et"
                    HPOS="309.0"
                    VPOS="1154.0"
                    WIDTH="666.0"
                    HEIGHT="53.0"
                    WC="0.9803769932343409"></String>
          </TextLine>
          <TextLine ID="line_26"
                    TAGREFS="LT8"
                    BASELINE="312 1237 974 1230" 
                    HPOS="312.0"
                    VPOS="1197.0"
                    WIDTH="662.0"
                    HEIGHT="50.0">
            <Shape><Polygon POINTS="312 1237 312 1245 514 1243 521 1244 548 1247 549 1247 588 1243 597 1242 602 1243 623 1247 624 1247 625 1247 634 1243 635 1242 649 1242 724 1247 725 1247 726 1247 736 1242 737 1241 745 1242 785 1246 786 1246 973 1240 974 1230 973 1205 950 1198 949 1198 948 1198 947 1198 932 1202 890 1197 889 1197 889 1197 869 1204 860 1198 859 1198 858 1198 827 1198 826 1198 825 1198 806 1206 805 1207 702 1207 700 1207 683 1199 682 1199 643 1199 642 1199 607 1206 580 1201 579 1201 578 1201 562 1208 558 1209 540 1208 504 1205 503 1205 466 1208 446 1210 443 1209 429 1202 429 1202 397 1202 396 1202 395 1202 394 1202 384 1209 383 1210 312 1210 312 1237"/></Shape>
            <String CONTENT="Tertullianus conuentus Chriſtianorum nõ ſemel ante"
                    HPOS="312.0"
                    VPOS="1197.0"
                    WIDTH="662.0"
                    HEIGHT="50.0"
                    WC="0.9957006141251209"></String>
          </TextLine>
          <TextLine ID="line_27"
                    TAGREFS="LT8"
                    BASELINE="311 1282 975 1273" 
                    HPOS="310.0"
                    VPOS="1239.0"
                    WIDTH="665.0"
                    HEIGHT="67.0">
            <Shape><Polygon POINTS="311 1282 311 1300 347 1299 350 1301 355 1304 356 1304 357 1304 358 1304 359 1304 370 1300 377 1297 447 1297 451 1299 457 1303 458 1303 459 1303 460 1303 486 1300 496 1305 497 1305 498 1306 547 1306 547 1305 548 1305 580 1296 585 1296 604 1296 606 1296 622 1304 623 1304 624 1304 657 1298 708 1303 709 1303 838 1298 906 1301 907 1301 975 1290 975 1273 973 1246 927 1246 926 1246 909 1239 908 1239 907 1239 907 1239 894 1246 891 1247 860 1247 858 1246 848 1240 847 1240 846 1240 846 1240 817 1246 808 1247 797 1246 775 1241 774 1241 752 1246 739 1249 674 1249 660 1246 646 1242 645 1242 644 1242 644 1242 636 1246 627 1249 568 1246 533 1244 532 1244 521 1246 502 1250 381 1247 380 1247 380 1247 360 1253 310 1247 311 1282"/></Shape>
            <String CONTENT="lucanos cœtus appellat. Quanquam hic nullam ſtatua¬"
                    HPOS="310.0"
                    VPOS="1239.0"
                    WIDTH="665.0"
                    HEIGHT="67.0"
                    ></String>
          </TextLine>
        </TextBlock>
        <TextBlock HPOS="916"
                   VPOS="1294"
                   WIDTH="61"
                   HEIGHT="38"
                   ID="block_4"
                   TAGREFS="BT17">
          <Shape><Polygon POINTS="977 1294 977 1332 916 1332 916 1294"/></Shape>
          <TextLine ID="line_28"
                    TAGREFS="LT8"
                    BASELINE="922 1320 976 1320" 
                    HPOS="915"
                    VPOS="1288"
                    WIDTH="61"
                    HEIGHT="54">
            <Shape><Polygon POINTS="915 1337 952 1335 957 1340 958 1340 958 1341 959 1341 960 1341 961 1342 976 1342 976 1320 975 1288 915 1290 915 1320"/></Shape>
            <String CONTENT="mus"
                    HPOS="915"
                    VPOS="1288"
                    WIDTH="61"
                    HEIGHT="54"
                    WC="0.9998020529747009"></String>
          </TextLine>
        </TextBlock>
        <TextBlock HPOS="166"
                   VPOS="837"
                   WIDTH="128"
                   HEIGHT="67"
                   ID="block_1"
                   TAGREFS="BT2902">
          <Shape><Polygon POINTS="294 837 294 904 168 902 166 837"/></Shape>
          <TextLine ID="line_0"
                    TAGREFS="LT8"
                    BASELINE="173 864 292 859" 
                    HPOS="171"
                    VPOS="825"
                    WIDTH="121"
                    HEIGHT="53">
            <Shape><Polygon POINTS="174 878 194 872 208 876 209 876 210 876 236 870 292 872 292 859 288 825 229 834 225 831 219 827 218 827 217 827 216 827 215 827 214 827 205 833 202 836 171 837 173 864"/></Shape>
            <String CONTENT="Anteluca¬"
                    HPOS="171"
                    VPOS="825"
                    WIDTH="121"
                    HEIGHT="53"
                    ></String>
          </TextLine>
          <TextLine ID="line_18"
                    TAGREFS="LT8"
                    BASELINE="174 892 289 890" 
                    HPOS="171"
                    VPOS="868"
                    WIDTH="116"
                    HEIGHT="49">
            <Shape><Polygon POINTS="172 907 209 907 223 917 224 917 225 917 227 917 287 910 287 889 283 868 171 868 172 890"/></Shape>
            <String CONTENT="ni cœtus."
                    HPOS="171"
                    VPOS="868"
                    WIDTH="116"
                    HEIGHT="49"
                    ></String>
          </TextLine>
        </TextBlock>
      </PrintSpace>
    </Page>
  </Layout>
</alto>
