<?xml version="1.0" encoding="UTF-8"?>
<alto xmlns:xsi="http://www.w3.org/2001/XMLSchema-instance"
      xmlns="http://www.loc.gov/standards/alto/ns-v4#"
      xsi:schemaLocation="http://www.loc.gov/standards/alto/ns-v4# http://www.loc.gov/standards/alto/v4/alto-4-2.xsd">
  <Description>
    <MeasurementUnit>pixel</MeasurementUnit>
    <sourceImageInformation>
      <fileName>7325984.jpeg</fileName>
    </sourceImageInformation>
  </Description>
  <Tags>
    <OtherTag ID="BT7" LABEL="CustomZone" DESCRIPTION="block type CustomZone"/><OtherTag ID="BT8" LABEL="DamageZone" DESCRIPTION="block type DamageZone"/><OtherTag ID="BT9" LABEL="DigitizationArtefactZone" DESCRIPTION="block type DigitizationArtefactZone"/><OtherTag ID="BT10" LABEL="DropCapitalZone" DESCRIPTION="block type DropCapitalZone"/><OtherTag ID="BT11" LABEL="GraphicZone" DESCRIPTION="block type GraphicZone"/><OtherTag ID="BT12" LABEL="MainZone" DESCRIPTION="block type MainZone"/><OtherTag ID="BT13" LABEL="MarginTextZone" DESCRIPTION="block type MarginTextZone"/><OtherTag ID="BT14" LABEL="MusicZone" DESCRIPTION="block type MusicZone"/><OtherTag ID="BT15" LABEL="NumberingZone" DESCRIPTION="block type NumberingZone"/><OtherTag ID="BT17" LABEL="QuireMarksZone" DESCRIPTION="block type QuireMarksZone"/><OtherTag ID="BT18" LABEL="RunningTitleZone" DESCRIPTION="block type RunningTitleZone"/><OtherTag ID="BT19" LABEL="SealZone" DESCRIPTION="block type SealZone"/><OtherTag ID="BT20" LABEL="StampZone" DESCRIPTION="block type StampZone"/><OtherTag ID="BT21" LABEL="TableZone" DESCRIPTION="block type TableZone"/><OtherTag ID="BT22" LABEL="TitlePageZone" DESCRIPTION="block type TitlePageZone"/><OtherTag ID="BT2900" LABEL="MainZone-P-Continued" DESCRIPTION="block type MainZone-P-Continued"/><OtherTag ID="BT2901" LABEL="MainZone-Sp" DESCRIPTION="block type MainZone-Sp"/><OtherTag ID="BT2902" LABEL="MarginTextZone-Notes" DESCRIPTION="block type MarginTextZone-Notes"/><OtherTag ID="BT2903" LABEL="MainZone-Head" DESCRIPTION="block type MainZone-Head"/><OtherTag ID="BT2904" LABEL="MainZone-P" DESCRIPTION="block type MainZone-P"/>
    <OtherTag ID="LT7" LABEL="CustomLine" DESCRIPTION="line type CustomLine"/><OtherTag ID="LT8" LABEL="DefaultLine" DESCRIPTION="line type DefaultLine"/><OtherTag ID="LT9" LABEL="DropCapitalLine" DESCRIPTION="line type DropCapitalLine"/><OtherTag ID="LT10" LABEL="HeadingLine" DESCRIPTION="line type HeadingLine"/><OtherTag ID="LT11" LABEL="InterlinearLine" DESCRIPTION="line type InterlinearLine"/><OtherTag ID="LT12" LABEL="MusicLine" DESCRIPTION="line type MusicLine"/>
  </Tags>
  <Layout>
    <Page WIDTH="1000"
          HEIGHT="1547"
          PHYSICAL_IMG_NR="19"
          ID="eSc_dummypage_">
      <PrintSpace HPOS="0"
                  VPOS="0"
                  WIDTH="1000"
                  HEIGHT="1547">
        <TextBlock HPOS="395"
                   VPOS="91"
                   WIDTH="461"
                   HEIGHT="42"
                   ID="block_3"
                   TAGREFS="BT18">
          <Shape><Polygon POINTS="856 91 856 133 395 133 395 91"/></Shape>
          <TextLine ID="line_2"
                    TAGREFS="LT10"
                    BASELINE="394 123 859 122" 
                    HPOS="393"
                    VPOS="82"
                    WIDTH="466"
                    HEIGHT="51">
            <Shape><Polygon POINTS="394 131 858 133 859 122 858 90 745 90 735 82 734 82 733 82 689 82 688 82 687 82 670 89 646 82 645 82 644 82 621 89 588 83 587 83 569 90 520 85 519 85 518 85 517 85 509 90 496 83 495 83 466 89 456 83 455 83 454 83 422 83 421 83 420 83 393 91 394 123"/></Shape>
            <String CONTENT="COMMENT. IN I. EPIST."
                    HPOS="393"
                    VPOS="82"
                    WIDTH="466"
                    HEIGHT="51"
                    ></String>
          </TextLine>
        </TextBlock>
        <TextBlock HPOS="288"
                   VPOS="147"
                   WIDTH="675"
                   HEIGHT="1114"
                   ID="block_2"
                   TAGREFS="BT2900">
          <Shape><Polygon POINTS="963 147 963 1261 288 1261 288 147"/></Shape>
          <TextLine ID="line_3"
                    TAGREFS="LT8"
                    BASELINE="290 179 951 172" 
                    HPOS="289.0"
                    VPOS="134.0"
                    WIDTH="662.0"
                    HEIGHT="61.0">
            <Shape><Polygon POINTS="290 179 290 195 318 189 365 194 371 194 372 194 376 193 402 188 497 191 537 192 538 192 562 189 596 186 608 189 619 191 619 191 620 191 692 190 712 187 727 184 739 186 758 189 759 189 781 185 789 184 803 185 857 189 858 189 884 183 890 183 950 183 951 172 950 145 868 134 867 134 823 135 822 135 803 145 802 146 779 146 754 145 711 144 701 138 700 138 699 138 699 138 698 138 673 146 668 146 666 146 649 137 648 137 620 137 619 137 619 137 597 146 593 147 583 146 551 140 550 140 510 146 496 148 492 146 480 139 479 139 478 139 478 139 447 140 447 140 434 146 429 149 417 146 405 144 404 144 404 144 394 146 386 149 382 146 374 140 374 140 373 140 372 140 289 146 290 179"/></Shape>
            <String CONTENT="præſens Pauli locus, iam ut ſingula repetamus &amp; ex¬"
                    HPOS="289.0"
                    VPOS="134.0"
                    WIDTH="662.0"
                    HEIGHT="61.0"
                    WC="0.9738832279747608"></String>
          </TextLine>
          <TextLine ID="eSc_line_60e6acad"
                    TAGREFS="LT8"
                    BASELINE="296 218 299 218 359 219 954 216" 
                    HPOS="294"
                    VPOS="183"
                    WIDTH="659"
                    HEIGHT="58">
            <Shape><Polygon POINTS="295 217 295 241 361 230 437 230 446 239 476 230 547 238 558 230 583 239 616 229 640 239 685 239 700 229 789 229 798 238 805 238 812 230 836 238 952 229 953 215 949 185 750 189 726 183 716 189 632 183 624 189 574 184 535 190 504 184 498 192 458 192 418 184 414 184 407 192 343 192 313 184 294 190 295 217"/></Shape>
            <String CONTENT="plicemus diligentius, Vnus inquit est Deus, quo non"
                    HPOS="294"
                    VPOS="183"
                    WIDTH="659"
                    HEIGHT="58"
                    WC="0.9830520234855951"></String>
          </TextLine>
          <TextLine ID="line_5"
                    TAGREFS="LT8"
                    BASELINE="290 264 952 258" 
                    HPOS="289.0"
                    VPOS="226.0"
                    WIDTH="663.0"
                    HEIGHT="55.0">
            <Shape><Polygon POINTS="290 264 290 275 412 275 414 275 430 281 431 281 432 281 472 281 472 281 472 281 473 281 473 280 480 274 481 274 488 274 556 280 557 280 558 280 575 273 576 273 585 273 650 278 650 278 651 278 672 272 674 272 678 272 715 278 716 278 717 278 730 273 803 277 804 277 852 270 857 270 859 270 877 276 877 276 878 277 920 277 920 276 951 269 952 258 950 233 886 226 885 226 884 226 883 226 871 233 871 234 748 235 748 235 733 227 732 227 696 227 695 227 694 227 693 227 683 236 667 236 646 236 645 236 620 228 619 228 619 228 586 233 579 228 578 228 577 228 576 228 555 229 554 229 539 238 514 238 499 230 498 230 497 230 496 230 477 238 439 231 438 231 407 238 385 230 384 230 383 230 289 239 290 264"/></Shape>
            <String CONTENT="excludit uel ſpiritum ſanctum uel filium qui non ſepa¬"
                    HPOS="289.0"
                    VPOS="226.0"
                    WIDTH="663.0"
                    HEIGHT="55.0"
                    ></String>
          </TextLine>
          <TextLine ID="line_6"
                    TAGREFS="LT8"
                    BASELINE="291 308 953 302" 
                    HPOS="290.0"
                    VPOS="269.0"
                    WIDTH="663.0"
                    HEIGHT="54.0">
            <Shape><Polygon POINTS="291 308 291 323 329 317 428 321 446 321 447 321 447 321 449 320 456 317 515 319 541 320 542 320 543 320 546 318 553 316 559 318 564 320 564 320 565 320 626 317 697 314 723 316 760 318 761 318 762 318 775 315 779 314 794 314 856 317 857 317 903 312 908 312 911 312 936 317 937 317 938 317 953 311 953 302 951 269 935 269 934 269 933 269 932 269 918 278 785 275 785 275 759 281 694 281 683 275 674 271 673 271 672 271 671 271 654 275 588 272 588 272 587 272 566 278 553 282 521 282 513 279 492 273 491 273 490 273 490 273 478 279 453 274 385 274 384 274 383 274 358 281 322 278 321 278 290 284 291 308"/></Shape>
            <String CONTENT="ratur à ſubſtautia patris, ſubſtantia autem unus est"
                    HPOS="290.0"
                    VPOS="269.0"
                    WIDTH="663.0"
                    HEIGHT="54.0"
                    WC="0.9983815910681239"></String>
          </TextLine>
          <TextLine ID="line_7"
                    TAGREFS="LT8"
                    BASELINE="290 351 955 346" 
                    HPOS="289.0"
                    VPOS="310.0"
                    WIDTH="666.0"
                    HEIGHT="56.0">
            <Shape><Polygon POINTS="290 351 291 366 312 360 386 365 399 365 400 365 401 365 404 364 419 359 517 362 552 363 552 363 566 361 591 358 606 360 618 363 619 363 656 360 680 358 683 360 687 361 688 361 689 361 690 361 694 360 699 356 858 355 868 356 901 360 902 360 954 354 955 346 954 318 937 310 936 310 881 310 880 310 832 314 796 311 795 311 794 311 778 319 732 319 711 311 711 311 710 311 670 320 621 320 599 312 598 312 597 312 596 312 583 317 545 312 544 312 543 312 525 320 513 312 512 312 511 312 510 312 486 313 485 313 484 313 473 321 411 313 410 313 409 313 408 313 398 322 308 314 307 314 306 314 289 322 290 351"/></Shape>
            <String CONTENT="deus, perſona trinus, unitas ergo illa nontam ad ſub¬"
                    HPOS="289.0"
                    VPOS="310.0"
                    WIDTH="666.0"
                    HEIGHT="56.0"
                    WC="0.9935877806735489"></String>
          </TextLine>
          <TextLine ID="line_8"
                    TAGREFS="LT8"
                    BASELINE="289 394 955 389" 
                    HPOS="288.0"
                    VPOS="355.0"
                    WIDTH="667.0"
                    HEIGHT="56.0">
            <Shape><Polygon POINTS="289 394 290 411 312 403 447 403 474 408 483 409 484 409 493 408 518 403 540 407 550 409 551 409 576 406 624 402 632 405 637 407 638 407 638 407 652 405 673 402 693 404 719 408 720 408 721 408 729 403 731 403 734 403 742 407 743 407 744 408 822 408 822 407 823 407 838 402 839 402 841 402 892 406 893 406 954 399 955 389 952 355 927 356 926 356 926 356 917 362 896 358 895 358 895 358 894 358 887 363 882 359 881 359 880 359 879 359 841 362 831 357 830 357 829 357 828 357 811 364 731 358 730 358 730 358 716 366 692 366 673 358 672 358 671 358 617 366 603 359 602 359 601 359 553 365 535 360 534 360 533 360 533 360 532 360 526 366 517 360 516 360 515 360 480 360 479 360 478 360 478 360 467 366 418 360 417 360 417 360 398 368 328 368 317 360 316 360 315 360 288 360 289 394"/></Shape>
            <String CONTENT="ſtantiam dei refertur quàm ad homines, qui unum id"
                    HPOS="288.0"
                    VPOS="355.0"
                    WIDTH="667.0"
                    HEIGHT="56.0"
                    WC="0.9985455823879615"></String>
          </TextLine>
          <TextLine ID="line_9"
                    TAGREFS="LT8"
                    BASELINE="290 438 956 433" 
                    HPOS="289.0"
                    VPOS="400.0"
                    WIDTH="667.0"
                    HEIGHT="55.0">
            <Shape><Polygon POINTS="290 438 290 451 330 454 331 454 331 454 343 451 364 446 372 451 376 454 377 454 378 454 379 455 401 455 401 454 402 454 409 451 423 445 447 445 460 451 466 453 466 453 467 453 468 453 473 451 486 444 512 444 561 444 571 451 572 452 573 452 574 452 575 452 582 451 631 444 641 451 642 451 643 451 644 451 644 451 645 451 659 443 710 443 728 448 729 448 730 448 772 442 804 442 820 450 821 450 822 450 822 450 837 445 864 450 865 451 955 451 956 433 953 402 921 406 912 402 907 400 907 400 906 400 895 403 882 405 871 403 861 400 860 400 859 400 858 400 847 403 831 408 823 403 820 402 819 402 818 402 808 403 791 408 772 404 750 401 749 401 748 401 739 405 730 409 615 409 596 408 570 404 570 404 550 409 546 409 543 409 518 403 517 403 486 403 485 403 484 403 478 409 476 410 463 409 422 407 421 407 403 410 398 411 392 411 317 404 316 404 315 404 289 412 290 438"/></Shape>
            <String CONTENT="est communem habent Deum. Ita etiã unus id est cõ¬"
                    HPOS="289.0"
                    VPOS="400.0"
                    WIDTH="667.0"
                    HEIGHT="55.0"
                    ></String>
          </TextLine>
          <TextLine ID="line_10"
                    TAGREFS="LT8"
                    BASELINE="290 481 955 476" 
                    HPOS="289.0"
                    VPOS="445.0"
                    WIDTH="666.0"
                    HEIGHT="50.0">
            <Shape><Polygon POINTS="290 481 290 489 386 495 387 495 473 490 499 495 500 495 501 495 520 490 535 495 536 495 537 495 593 489 620 495 621 495 622 495 636 488 653 488 661 494 662 494 662 494 663 494 664 494 665 494 674 489 730 494 731 494 830 493 831 493 855 486 907 492 907 492 908 492 909 492 916 486 923 489 924 489 925 489 955 484 955 476 953 451 902 451 893 446 892 446 891 446 875 449 869 445 868 445 867 445 866 445 824 451 791 446 790 446 736 450 625 446 624 446 582 452 531 447 530 447 501 454 385 454 352 449 351 449 350 449 349 449 342 454 311 451 310 451 289 455 290 481"/></Shape>
            <String CONTENT="munis omnium mediator eſt Chriſtus Ieſus, ut hunc ne¬"
                    HPOS="289.0"
                    VPOS="445.0"
                    WIDTH="666.0"
                    HEIGHT="50.0"
                    ></String>
          </TextLine>
          <TextLine ID="line_11"
                    TAGREFS="LT8"
                    BASELINE="292 524 954 519" 
                    HPOS="291.0"
                    VPOS="487.0"
                    WIDTH="663.0"
                    HEIGHT="51.0">
            <Shape><Polygon POINTS="292 524 292 533 326 533 331 538 332 538 333 538 334 538 420 532 449 531 639 531 642 532 645 536 646 536 647 536 648 536 693 532 723 531 728 532 730 535 731 535 732 535 733 535 734 535 741 532 750 530 761 532 770 535 771 535 772 535 785 532 803 530 809 532 810 534 811 534 812 534 813 534 814 534 815 534 816 532 823 529 851 532 862 534 863 535 916 535 916 534 917 534 920 532 930 529 952 532 954 519 952 495 878 495 877 495 871 489 870 489 869 489 868 489 867 489 866 489 860 494 854 489 853 489 852 489 852 489 851 489 850 489 844 495 843 495 803 495 800 494 792 489 791 489 791 489 790 489 754 494 742 495 740 494 731 487 730 487 730 487 729 487 699 494 686 497 628 497 621 493 613 488 613 488 612 488 611 488 556 489 555 489 554 489 551 493 543 498 522 498 515 492 509 489 509 489 508 489 507 489 506 489 494 492 489 494 486 492 481 489 480 489 479 489 441 489 441 489 440 489 431 492 415 498 398 491 392 489 391 489 345 489 344 489 343 489 338 491 322 496 291 491 292 524"/></Shape>
            <String CONTENT="mo ſibi peculiariter uendicare poßit. Non enim pro"
                    HPOS="291.0"
                    VPOS="487.0"
                    WIDTH="663.0"
                    HEIGHT="51.0"
                    WC="0.9796647453308105"></String>
          </TextLine>
          <TextLine ID="line_12"
                    TAGREFS="LT8"
                    BASELINE="291 567 956 562" 
                    HPOS="290.0"
                    VPOS="529.0"
                    WIDTH="666.0"
                    HEIGHT="56.0">
            <Shape><Polygon POINTS="291 567 291 582 333 577 338 581 339 581 340 581 341 582 399 585 400 585 401 585 409 580 417 576 422 580 426 584 427 584 428 584 429 584 455 580 466 579 477 580 511 584 512 584 513 584 523 579 531 575 538 579 546 583 546 583 547 584 576 584 576 583 577 583 578 583 585 578 588 576 623 574 634 577 651 582 652 582 653 582 654 582 671 578 733 582 734 582 735 582 756 575 763 574 775 575 819 581 820 581 821 581 822 581 830 574 832 573 893 573 895 574 903 578 904 578 905 578 906 578 907 578 914 573 916 573 955 573 956 562 953 531 883 536 865 531 858 530 857 530 856 530 855 530 854 530 852 531 842 538 786 538 775 532 765 529 764 529 734 529 733 529 713 533 703 536 695 533 685 531 684 531 683 531 661 534 638 538 563 538 558 536 552 531 552 531 551 531 519 531 518 531 517 531 516 531 508 536 502 539 452 537 361 532 361 532 360 532 349 538 346 539 340 538 308 532 307 532 306 532 290 538 291 567"/></Shape>
            <String CONTENT="una aliqua gente, ſed pro omnibus ſeſe impendit. Ve¬"
                    HPOS="290.0"
                    VPOS="529.0"
                    WIDTH="666.0"
                    HEIGHT="56.0"
                    WC="0.9854573813768533"></String>
          </TextLine>
          <TextLine ID="line_13"
                    TAGREFS="LT8"
                    BASELINE="291 611 957 606" 
                    HPOS="290.0"
                    VPOS="573.0"
                    WIDTH="667.0"
                    HEIGHT="54.0">
            <Shape><Polygon POINTS="291 611 291 618 381 624 382 624 408 618 487 618 501 626 502 626 503 626 503 627 522 627 522 626 555 619 603 625 604 625 605 625 606 625 617 618 717 624 718 625 742 625 742 624 742 624 743 624 750 619 780 624 781 624 808 618 859 623 860 623 861 623 882 616 901 623 902 623 903 623 957 614 957 606 955 581 913 581 901 573 901 573 900 573 854 573 853 573 852 573 840 578 829 574 828 574 828 574 827 574 811 581 801 576 800 576 760 576 759 576 758 576 742 582 687 582 579 574 578 574 560 576 559 576 558 576 558 577 551 583 450 575 449 575 448 575 447 575 438 584 422 584 385 583 371 576 370 576 369 576 341 580 312 576 312 576 311 576 290 584 291 611"/></Shape>
            <String CONTENT="rũ uidentur hæ̃c quod ipſauis euangelij in ipſis late¬"
                    HPOS="290.0"
                    VPOS="573.0"
                    WIDTH="667.0"
                    HEIGHT="54.0"
                    WC="0.9844503435221585"></String>
          </TextLine>
          <TextLine ID="line_14"
                    TAGREFS="LT8"
                    BASELINE="293 654 959 651" 
                    HPOS="292.0"
                    VPOS="617.0"
                    WIDTH="667.0"
                    HEIGHT="51.0">
            <Shape><Polygon POINTS="293 654 293 661 372 661 374 662 383 666 384 666 385 666 386 666 396 662 399 661 400 662 407 667 408 667 409 667 410 668 432 668 432 667 453 662 462 660 468 663 478 666 479 666 480 666 546 663 595 660 609 663 624 666 625 666 625 666 634 663 646 660 672 664 686 666 687 666 697 664 717 660 747 664 759 666 760 666 760 666 766 664 780 660 787 664 789 666 790 666 791 666 791 666 808 665 867 659 918 665 920 665 920 665 921 665 922 665 931 659 958 665 959 651 957 621 903 617 902 617 901 617 893 621 888 624 832 624 829 622 824 617 823 617 822 617 793 617 792 617 791 617 782 623 778 625 674 625 672 623 664 618 663 618 662 618 640 618 639 618 591 624 582 625 579 624 564 619 564 619 563 619 562 619 544 625 542 625 535 619 534 619 533 619 533 619 532 619 510 625 509 626 464 626 464 625 423 620 422 620 421 620 399 626 398 626 378 620 377 620 336 620 335 620 292 627 293 654"/></Shape>
            <String CONTENT="at altius eſſe repetenda. Mediator non est inter cõſen¬"
                    HPOS="292.0"
                    VPOS="617.0"
                    WIDTH="667.0"
                    HEIGHT="51.0"
                    ></String>
          </TextLine>
          <TextLine ID="line_15"
                    TAGREFS="LT8"
                    BASELINE="290 698 957 693" 
                    HPOS="289.0"
                    VPOS="658.0"
                    WIDTH="668.0"
                    HEIGHT="55.0">
            <Shape><Polygon POINTS="290 698 290 707 330 707 341 712 342 712 343 712 370 708 391 713 392 713 392 713 393 713 406 706 407 706 423 706 430 706 438 712 439 712 440 712 441 713 482 713 482 712 512 705 513 705 516 705 619 711 620 711 621 711 622 711 630 704 631 704 636 704 751 709 752 709 781 703 782 703 784 703 840 709 840 709 957 702 957 693 955 666 909 666 907 666 883 658 882 658 881 658 880 658 867 665 814 659 813 659 812 659 794 666 768 659 767 659 766 659 766 659 737 666 730 668 705 666 663 664 662 664 662 664 651 666 645 668 635 666 594 660 593 660 592 660 591 660 581 667 580 667 569 661 568 661 567 661 527 667 509 670 499 667 480 661 479 661 478 661 413 666 386 662 385 662 384 662 383 662 376 667 372 671 358 667 352 666 351 666 350 666 347 667 341 670 338 667 331 662 331 662 330 662 329 662 289 667 290 698"/></Shape>
            <String CONTENT="tientes ſed dißidentes. Qui enim concordant nullo o¬"
                    HPOS="289.0"
                    VPOS="658.0"
                    WIDTH="668.0"
                    HEIGHT="55.0"
                    WC="0.994849872130614"></String>
          </TextLine>
          <TextLine ID="line_16"
                    TAGREFS="LT8"
                    BASELINE="294 740 957 736" 
                    HPOS="294.0"
                    VPOS="704.0"
                    WIDTH="663.0"
                    HEIGHT="48.0">
            <Shape><Polygon POINTS="294 740 294 752 426 747 438 751 441 752 442 752 443 752 444 752 447 751 454 747 497 750 527 752 528 752 577 749 619 746 622 748 628 751 629 751 630 751 699 747 716 746 726 746 785 750 786 750 787 750 788 750 793 745 794 745 804 745 936 749 937 749 938 749 957 743 957 736 955 710 872 704 871 704 871 704 870 704 863 710 822 710 814 710 772 706 771 706 770 706 762 710 760 711 713 711 712 710 706 705 705 705 705 705 704 705 674 710 666 711 658 710 639 706 638 706 610 710 599 711 580 710 542 707 541 707 483 710 425 713 411 710 401 708 400 708 294 709 294 740"/></Shape>
            <String CONTENT="pus habent conciliatore. Et mediator &amp; conciliator"
                    HPOS="294.0"
                    VPOS="704.0"
                    WIDTH="663.0"
                    HEIGHT="48.0"
                    WC="0.996853883266449"></String>
          </TextLine>
          <TextLine ID="line_17"
                    TAGREFS="LT8"
                    BASELINE="293 783 955 782" 
                    HPOS="292.0"
                    VPOS="744.0"
                    WIDTH="663.0"
                    HEIGHT="56.0">
            <Shape><Polygon POINTS="293 783 293 799 310 795 333 799 338 800 339 800 340 800 341 800 341 799 349 794 365 799 368 800 368 800 369 800 374 799 407 794 468 799 469 799 470 799 512 794 556 799 563 800 564 800 564 800 565 800 565 799 570 795 576 799 577 799 578 799 579 799 638 794 660 798 661 798 700 793 745 793 761 798 762 798 763 798 764 798 785 793 806 799 807 799 808 799 809 799 830 793 845 798 846 798 846 798 914 794 953 799 955 782 952 744 896 752 865 752 852 745 849 744 848 744 847 744 839 745 810 751 797 745 796 745 795 745 794 745 793 745 792 745 785 751 776 746 771 744 770 744 769 744 752 746 736 749 731 747 723 744 723 744 722 744 721 744 712 747 700 752 675 752 668 748 662 744 661 744 660 744 638 744 637 744 636 744 624 748 613 753 580 753 575 749 568 745 567 745 566 745 565 745 564 745 549 750 547 750 546 750 526 745 525 745 465 745 464 745 463 745 442 752 441 752 439 752 408 745 407 745 406 745 405 745 393 752 392 752 389 752 352 747 351 747 350 747 337 753 292 753 293 783"/></Shape>
            <String CONTENT="equipollent, ubi ita mediator est ibi dißidium at"
                    HPOS="292.0"
                    VPOS="744.0"
                    WIDTH="663.0"
                    HEIGHT="56.0"
                    WC="0.9858641379019794"></String>
          </TextLine>
          <TextLine ID="line_18"
                    TAGREFS="LT8"
                    BASELINE="294 826 952 826" 
                    HPOS="294.0"
                    VPOS="794.0"
                    WIDTH="658.0"
                    HEIGHT="47.0">
            <Shape><Polygon POINTS="294 826 294 840 327 836 373 840 376 840 377 840 380 840 417 836 451 840 456 840 457 840 461 840 492 836 506 840 508 840 509 840 509 841 566 841 566 840 567 840 568 840 569 839 574 836 644 836 651 839 654 840 655 840 656 840 674 839 720 836 750 838 766 840 767 840 779 838 798 836 951 837 952 826 952 800 868 800 861 794 860 794 859 794 858 794 802 799 781 794 780 794 779 794 779 794 778 794 769 799 741 794 740 794 739 794 738 794 731 800 706 800 677 794 676 794 652 799 564 794 564 794 563 794 562 794 555 799 541 794 540 794 539 794 516 798 433 794 432 794 431 794 410 799 404 794 403 794 402 794 348 794 347 794 346 794 345 794 337 800 294 800 294 826"/></Shape>
            <String CONTENT="partes ſunt. Et in præſentiarum partes ſunt Deus &amp;"
                    HPOS="294.0"
                    VPOS="794.0"
                    WIDTH="658.0"
                    HEIGHT="47.0"
                    WC="0.9778591442108154"></String>
          </TextLine>
          <TextLine ID="line_19"
                    TAGREFS="LT8"
                    BASELINE="292 870 957 868" 
                    HPOS="291.0"
                    VPOS="833.0"
                    WIDTH="666.0"
                    HEIGHT="53.0">
            <Shape><Polygon POINTS="292 870 292 880 361 884 362 884 363 884 364 884 370 880 371 880 441 880 444 880 504 886 505 886 506 886 520 879 521 879 522 879 539 885 539 885 540 885 613 879 619 879 619 879 637 885 638 885 638 886 705 886 705 885 732 879 736 878 741 878 786 884 787 884 834 879 845 884 846 884 846 885 920 885 920 884 921 884 922 884 931 878 957 878 957 868 956 840 917 840 909 833 908 833 907 833 907 833 870 839 857 833 856 833 786 833 785 833 785 833 769 840 745 840 734 840 733 840 706 835 705 835 621 840 590 834 538 834 537 834 536 834 524 840 509 835 508 835 507 835 506 835 488 841 487 842 392 842 392 841 375 837 374 837 374 837 373 837 361 841 353 836 352 836 351 836 350 836 349 836 331 841 319 835 319 835 318 835 291 841 292 870"/></Shape>
            <String CONTENT="Homo. Hæ inter ſe dißident. Cauſa uero dißidij eſt pec¬"
                    HPOS="291.0"
                    VPOS="833.0"
                    WIDTH="666.0"
                    HEIGHT="53.0"
                    ></String>
          </TextLine>
          <TextLine ID="line_20"
                    TAGREFS="LT8"
                    BASELINE="292 913 957 911" 
                    HPOS="291.0"
                    VPOS="879.0"
                    WIDTH="666.0"
                    HEIGHT="48.0">
            <Shape><Polygon POINTS="292 913 292 922 475 922 476 922 515 926 516 926 517 926 531 922 572 927 573 927 574 927 586 921 587 921 589 921 627 926 628 926 629 926 630 926 638 921 641 921 716 927 717 927 752 921 792 926 793 927 934 927 934 926 935 926 957 919 957 911 956 886 943 879 942 879 941 879 914 885 863 879 862 879 861 879 860 879 852 886 792 886 784 879 783 879 782 879 761 879 760 879 723 880 723 880 722 880 713 886 712 886 679 886 678 886 667 880 666 880 665 880 603 884 572 880 571 880 519 886 511 886 503 886 441 880 441 880 419 885 384 880 383 880 354 886 351 886 349 886 339 881 338 881 337 881 316 886 313 886 312 886 297 880 296 880 295 880 294 880 294 880 294 881 291 883 292 913"/></Shape>
            <String CONTENT="catum. At hoc non expiatur citra mortem &amp; ſangui¬"
                    HPOS="291.0"
                    VPOS="879.0"
                    WIDTH="666.0"
                    HEIGHT="48.0"
                    WC="0.9833700705547722"></String>
          </TextLine>
          <TextLine ID="line_21"
                    TAGREFS="LT8"
                    BASELINE="293 955 959 955" 
                    HPOS="293.0"
                    VPOS="922.0"
                    WIDTH="666.0"
                    HEIGHT="50.0">
            <Shape><Polygon POINTS="293 955 293 966 353 965 357 966 368 972 369 972 370 972 393 972 393 972 394 972 404 966 408 965 417 966 445 972 446 972 447 972 460 966 462 966 463 966 471 972 472 972 472 972 473 972 474 972 475 972 484 966 522 972 523 972 524 972 542 966 546 965 547 966 557 972 558 972 558 972 559 972 595 972 595 972 595 972 596 972 603 966 613 972 613 972 614 972 644 972 644 972 645 972 660 966 682 972 683 972 684 972 685 972 686 972 694 966 745 965 793 965 794 965 810 972 811 972 812 972 866 972 866 972 867 972 868 972 877 965 878 965 959 965 959 955 959 929 925 929 915 922 914 922 914 922 913 922 819 929 802 923 801 923 800 923 759 926 727 922 726 922 725 922 701 929 684 922 683 922 610 922 609 922 564 929 534 922 533 922 533 922 532 922 521 929 493 929 478 923 478 923 477 923 426 929 337 929 311 922 310 922 309 922 308 922 293 929 293 955"/></Shape>
            <String CONTENT="nem. Oportet ita huius dißidij mediatorem cum ho¬"
                    HPOS="293.0"
                    VPOS="922.0"
                    WIDTH="666.0"
                    HEIGHT="50.0"
                    WC="0.9901397538185119"></String>
          </TextLine>
          <TextLine ID="line_22"
                    TAGREFS="LT8"
                    BASELINE="293 1000 957 1000" 
                    HPOS="293.0"
                    VPOS="966.0"
                    WIDTH="664.0"
                    HEIGHT="50.0">
            <Shape><Polygon POINTS="293 1000 293 1010 389 1015 390 1016 429 1016 429 1015 430 1015 441 1011 446 1009 453 1011 475 1015 476 1015 509 1011 522 1009 536 1011 564 1015 564 1015 565 1015 575 1011 576 1010 577 1011 582 1015 583 1015 584 1015 585 1015 586 1015 600 1011 607 1009 618 1011 645 1015 646 1015 687 1011 693 1011 697 1011 740 1015 741 1015 765 1011 778 1009 858 1009 871 1011 895 1015 896 1015 897 1015 906 1011 911 1009 917 1011 923 1014 924 1014 925 1014 957 1011 957 1000 957 971 911 966 910 966 909 966 901 970 862 966 861 966 591 970 533 966 533 966 506 970 460 966 460 966 387 970 361 966 360 966 359 966 358 966 350 971 293 971 293 1000"/></Shape>
            <String CONTENT="minibus participare carne &amp; ſanguine adeo́ &amp; ue¬"
                    HPOS="293.0"
                    VPOS="966.0"
                    WIDTH="664.0"
                    HEIGHT="50.0"
                    ></String>
          </TextLine>
          <TextLine ID="line_23"
                    TAGREFS="LT8"
                    BASELINE="293 1044 957 1041" 
                    HPOS="292.0"
                    VPOS="1007.0"
                    WIDTH="665.0"
                    HEIGHT="52.0">
            <Shape><Polygon POINTS="293 1044 293 1051 429 1051 431 1051 457 1058 458 1058 459 1058 460 1058 472 1052 473 1051 474 1052 488 1058 489 1058 490 1059 509 1059 509 1058 509 1058 510 1058 518 1052 519 1052 554 1057 555 1057 556 1057 570 1052 570 1051 644 1051 653 1053 670 1057 671 1057 672 1057 745 1053 810 1050 822 1054 831 1057 832 1057 833 1057 871 1057 871 1057 871 1057 872 1057 876 1054 882 1051 956 1054 957 1041 955 1015 903 1008 902 1008 901 1008 901 1008 891 1015 890 1015 889 1015 850 1010 849 1010 848 1010 847 1010 842 1015 841 1015 807 1015 805 1015 782 1007 781 1007 780 1007 740 1014 735 1015 730 1014 699 1008 698 1008 697 1008 681 1014 678 1015 671 1014 640 1008 639 1008 638 1008 618 1013 608 1015 594 1013 575 1010 574 1010 573 1010 572 1010 568 1013 563 1016 537 1016 533 1013 527 1008 526 1008 525 1008 524 1008 501 1013 484 1016 472 1013 460 1008 459 1008 458 1008 437 1012 433 1013 430 1012 419 1008 418 1008 417 1008 417 1008 416 1008 411 1012 405 1016 393 1012 383 1008 382 1008 381 1008 292 1011 293 1044"/></Shape>
            <String CONTENT="rum hominem eſſe qui mori &amp; ſanguinem effundere"
                    HPOS="292.0"
                    VPOS="1007.0"
                    WIDTH="665.0"
                    HEIGHT="52.0"
                    WC="0.9910002338125351"></String>
          </TextLine>
          <TextLine ID="line_24"
                    TAGREFS="LT8"
                    BASELINE="294 1087 957 1083" 
                    HPOS="294.0"
                    VPOS="1049.0"
                    WIDTH="663.0"
                    HEIGHT="55.0">
            <Shape><Polygon POINTS="294 1087 294 1103 328 1104 329 1104 330 1104 332 1103 348 1097 416 1097 424 1101 426 1103 427 1103 428 1103 429 1103 429 1103 430 1103 432 1101 438 1096 460 1096 471 1101 476 1103 477 1103 478 1103 501 1100 539 1096 557 1100 570 1102 610 1103 611 1103 612 1103 623 1099 625 1098 634 1099 668 1102 668 1102 669 1102 679 1098 686 1095 697 1098 717 1102 718 1103 749 1103 749 1102 750 1102 751 1102 759 1097 761 1095 767 1097 791 1102 791 1102 877 1101 878 1101 879 1101 888 1095 889 1094 957 1094 957 1083 956 1057 904 1057 904 1056 893 1051 892 1051 891 1051 846 1055 837 1049 836 1049 835 1049 834 1049 796 1056 791 1057 788 1056 766 1049 766 1049 765 1049 733 1056 728 1057 680 1057 679 1056 670 1049 669 1049 668 1049 668 1049 644 1054 626 1049 625 1049 625 1049 624 1049 606 1056 601 1057 595 1056 579 1050 578 1050 577 1050 552 1056 545 1057 538 1056 519 1050 518 1050 517 1050 516 1050 495 1055 465 1050 464 1050 463 1050 462 1050 457 1054 430 1051 429 1051 429 1051 428 1051 422 1056 419 1057 409 1056 370 1051 369 1051 294 1055 294 1087"/></Shape>
            <String CONTENT="poßit. Iam ſi nihil aliud quàm homo ſit &amp; ſanguis e¬"
                    HPOS="294.0"
                    VPOS="1049.0"
                    WIDTH="663.0"
                    HEIGHT="55.0"
                    WC="0.9957030044411713"></String>
          </TextLine>
          <TextLine ID="line_25"
                    TAGREFS="LT8"
                    BASELINE="294 1130 959 1127" 
                    HPOS="294.0"
                    VPOS="1094.0"
                    WIDTH="665.0"
                    HEIGHT="52.0">
            <Shape><Polygon POINTS="294 1130 294 1140 398 1139 401 1141 406 1145 407 1145 408 1145 409 1146 446 1146 446 1145 447 1145 458 1141 461 1140 467 1141 489 1145 490 1145 509 1141 523 1138 536 1142 547 1144 548 1144 549 1144 584 1142 625 1138 644 1142 656 1144 657 1144 658 1144 667 1142 674 1140 703 1142 736 1144 737 1144 738 1144 739 1144 742 1142 750 1137 760 1142 760 1142 761 1142 824 1138 902 1143 920 1143 921 1143 922 1143 923 1143 923 1143 930 1138 957 1143 959 1127 957 1103 928 1103 910 1094 909 1094 908 1094 851 1103 822 1103 803 1095 803 1095 802 1095 801 1095 784 1103 716 1103 652 1103 651 1103 630 1097 629 1097 628 1097 627 1097 604 1103 603 1103 559 1094 558 1094 558 1094 531 1103 517 1094 516 1094 515 1094 515 1094 488 1096 487 1096 473 1104 472 1104 461 1095 460 1095 460 1095 459 1095 417 1096 416 1096 415 1096 409 1101 401 1095 400 1095 399 1095 361 1095 361 1095 360 1095 359 1095 348 1103 307 1097 306 1097 306 1097 294 1102 294 1130"/></Shape>
            <String CONTENT="ius nihil differat à reliquo corruptorum hominũ ſan¬"
                    HPOS="294.0"
                    VPOS="1094.0"
                    WIDTH="665.0"
                    HEIGHT="52.0"
                    WC="0.9957228027008198"></String>
          </TextLine>
          <TextLine ID="line_26"
                    TAGREFS="LT8"
                    BASELINE="295 1173 960 1173" 
                    HPOS="295.0"
                    VPOS="1137.0"
                    WIDTH="665.0"
                    HEIGHT="53.0">
            <Shape><Polygon POINTS="295 1173 295 1189 328 1183 361 1189 369 1190 370 1190 379 1188 408 1183 453 1184 460 1187 462 1190 463 1190 464 1190 465 1190 466 1190 473 1187 490 1183 533 1183 539 1187 543 1190 544 1190 545 1190 546 1190 546 1190 559 1186 574 1183 612 1186 657 1190 658 1190 722 1186 762 1190 763 1190 764 1190 778 1185 781 1183 785 1185 797 1190 798 1190 799 1190 873 1189 874 1189 875 1189 883 1183 884 1183 888 1183 915 1187 916 1187 960 1182 960 1173 960 1144 940 1137 939 1137 918 1137 917 1137 916 1137 915 1137 909 1143 900 1139 899 1139 898 1139 897 1139 896 1139 889 1144 845 1137 844 1137 843 1137 830 1142 797 1137 797 1137 796 1137 795 1137 785 1144 759 1137 758 1137 705 1137 705 1137 704 1137 677 1145 570 1145 539 1137 492 1137 491 1137 490 1137 490 1137 479 1144 447 1138 447 1138 446 1138 433 1144 382 1140 381 1140 380 1140 372 1144 351 1137 350 1137 307 1137 306 1137 306 1137 305 1137 295 1143 295 1173"/></Shape>
            <String CONTENT="guine, non expiabit peccatum dißidij cauſam, imõ ni¬"
                    HPOS="295.0"
                    VPOS="1137.0"
                    WIDTH="665.0"
                    HEIGHT="53.0"
                    WC="0.984077441242506"></String>
          </TextLine>
          <TextLine ID="line_27"
                    TAGREFS="LT8"
                    BASELINE="294 1216 957 1215" 
                    HPOS="294.0"
                    VPOS="1182.0"
                    WIDTH="663.0"
                    HEIGHT="51.0">
            <Shape><Polygon POINTS="294 1216 294 1233 325 1227 384 1227 395 1232 396 1232 397 1232 407 1232 517 1227 532 1230 538 1232 539 1232 539 1232 540 1232 541 1232 543 1230 549 1226 787 1226 791 1228 798 1231 799 1231 800 1232 871 1232 871 1231 957 1225 957 1215 957 1187 946 1182 945 1182 944 1182 944 1182 943 1182 935 1187 930 1191 834 1191 823 1186 821 1186 820 1186 819 1186 818 1186 815 1186 804 1189 794 1186 788 1185 787 1185 786 1185 785 1185 785 1185 783 1186 778 1191 742 1191 728 1186 714 1182 713 1182 712 1182 711 1182 698 1186 682 1191 648 1191 635 1186 626 1182 625 1182 625 1182 595 1186 545 1191 533 1185 530 1183 529 1183 528 1183 454 1185 453 1185 443 1190 427 1184 423 1183 423 1183 422 1183 421 1183 417 1184 398 1191 373 1184 369 1183 368 1183 368 1183 294 1183 294 1216"/></Shape>
            <String CONTENT="ſi Deus quo ſit hic mediator ad deum nequaquam ac¬"
                    HPOS="294.0"
                    VPOS="1182.0"
                    WIDTH="663.0"
                    HEIGHT="51.0"
                    ></String>
          </TextLine>
          <TextLine ID="line_28"
                    TAGREFS="LT8"
                    BASELINE="294 1260 958 1258" 
                    HPOS="293.0"
                    VPOS="1227.0"
                    WIDTH="665.0"
                    HEIGHT="60.0">
            <Shape><Polygon POINTS="294 1260 294 1277 376 1276 379 1277 392 1282 392 1282 393 1282 447 1276 453 1276 453 1276 472 1285 473 1285 513 1287 514 1287 564 1284 564 1284 565 1284 578 1277 608 1286 609 1286 610 1286 611 1286 630 1277 670 1281 671 1281 672 1281 686 1275 692 1275 712 1275 738 1276 752 1285 753 1285 754 1285 754 1285 814 1284 815 1284 828 1278 842 1284 843 1284 910 1285 911 1285 912 1285 936 1273 958 1272 958 1258 955 1228 945 1232 912 1228 906 1228 905 1228 895 1229 851 1232 843 1229 840 1228 840 1228 839 1228 838 1228 837 1228 836 1229 831 1233 760 1233 756 1229 754 1228 753 1228 752 1228 751 1228 750 1228 742 1229 733 1232 723 1230 708 1227 707 1227 675 1230 652 1233 646 1230 636 1227 635 1227 520 1227 519 1227 459 1228 458 1228 457 1228 450 1233 447 1235 402 1235 400 1233 394 1229 393 1229 392 1229 392 1229 391 1229 372 1234 369 1234 366 1234 331 1228 331 1228 330 1228 329 1228 322 1234 321 1235 293 1235 294 1260"/></Shape>
            <String CONTENT="cedere poterit. Oportet enim mediatorem utri par¬"
                    HPOS="293.0"
                    VPOS="1227.0"
                    WIDTH="665.0"
                    HEIGHT="60.0"
                    WC="0.9880916965007782"></String>
          </TextLine>
        </TextBlock>
        <TextBlock HPOS="926"
                   VPOS="1273"
                   WIDTH="33"
                   HEIGHT="41"
                   ID="block_4"
                   TAGREFS="BT17">
          <Shape><Polygon POINTS="959 1273 959 1314 926 1314 926 1273"/></Shape>
          <TextLine ID="line_29"
                    TAGREFS="LT8"
                    BASELINE="932 1303 957 1303" 
                    HPOS="932.0"
                    VPOS="1270.0"
                    WIDTH="25.0"
                    HEIGHT="54.0">
            <Shape><Polygon POINTS="932 1303 932 1324 957 1323 957 1303 957 1271 932 1270 932 1303"/></Shape>
            <String CONTENT="ti"
                    HPOS="932.0"
                    VPOS="1270.0"
                    WIDTH="25.0"
                    HEIGHT="54.0"
                    ></String>
          </TextLine>
        </TextBlock>
        <TextBlock HPOS="158"
                   VPOS="186"
                   WIDTH="126"
                   HEIGHT="38"
                   ID="eSc_textblock_dc610d70"
                   TAGREFS="BT2902">
          <Shape><Polygon POINTS="158 186 158 224 284 224 284 186"/></Shape>
          <TextLine ID="line_4"
                    TAGREFS="LT8"
                    BASELINE="163 213 245 212 285 216" 
                    HPOS="161"
                    VPOS="179"
                    WIDTH="122"
                    HEIGHT="53">
            <Shape><Polygon POINTS="161 230 209 223 227 232 228 232 229 232 230 232 251 223 281 225 283 215 283 179 162 179 162 212"/></Shape>
            <String CONTENT="Vnus deus"
                    HPOS="161"
                    VPOS="179"
                    WIDTH="122"
                    HEIGHT="53"
                    ></String>
          </TextLine>
        </TextBlock>
        <TextBlock HPOS="162"
                   VPOS="644"
                   WIDTH="118"
                   HEIGHT="66"
                   ID="block_1"
                   TAGREFS="BT2902">
          <Shape><Polygon POINTS="280 644 280 710 162 710 162 644"/></Shape>
          <TextLine ID="line_0"
                    TAGREFS="LT8"
                    BASELINE="167 669 279 671" 
                    HPOS="166.0"
                    VPOS="638.0"
                    WIDTH="113.0"
                    HEIGHT="48.0">
            <Shape><Polygon POINTS="167 669 166 677 277 686 279 671 279 645 257 640 257 640 256 640 239 642 228 645 224 642 221 640 221 639 220 639 220 639 219 639 218 639 213 641 204 644 167 638 167 669"/></Shape>
            <String CONTENT="Vnus me¬"
                    HPOS="166.0"
                    VPOS="638.0"
                    WIDTH="113.0"
                    HEIGHT="48.0"
                    ></String>
          </TextLine>
          <TextLine ID="line_1"
                    TAGREFS="LT8"
                    BASELINE="161 699 251 699" 
                    HPOS="161.0"
                    VPOS="673.0"
                    WIDTH="90.0"
                    HEIGHT="54.0">
            <Shape><Polygon POINTS="161 699 161 718 175 718 177 719 184 726 184 727 184 727 185 727 186 727 210 723 220 721 250 727 251 699 251 682 195 673 171 673 171 673 170 673 169 673 161 678 161 699"/></Shape>
            <String CONTENT="diator."
                    HPOS="161.0"
                    VPOS="673.0"
                    WIDTH="90.0"
                    HEIGHT="54.0"
                    ></String>
          </TextLine>
        </TextBlock>
      </PrintSpace>
    </Page>
  </Layout>
</alto>
