<?xml version="1.0" encoding="UTF-8"?>
<alto xmlns:xsi="http://www.w3.org/2001/XMLSchema-instance"
      xmlns="http://www.loc.gov/standards/alto/ns-v4#"
      xsi:schemaLocation="http://www.loc.gov/standards/alto/ns-v4# http://www.loc.gov/standards/alto/v4/alto-4-2.xsd">
  <Description>
    <MeasurementUnit>pixel</MeasurementUnit>
    <sourceImageInformation>
      <fileName>7325982.jpeg</fileName>
    </sourceImageInformation>
  </Description>
  <Tags>
    <OtherTag ID="BT7" LABEL="CustomZone" DESCRIPTION="block type CustomZone"/><OtherTag ID="BT8" LABEL="DamageZone" DESCRIPTION="block type DamageZone"/><OtherTag ID="BT9" LABEL="DigitizationArtefactZone" DESCRIPTION="block type DigitizationArtefactZone"/><OtherTag ID="BT10" LABEL="DropCapitalZone" DESCRIPTION="block type DropCapitalZone"/><OtherTag ID="BT11" LABEL="GraphicZone" DESCRIPTION="block type GraphicZone"/><OtherTag ID="BT12" LABEL="MainZone" DESCRIPTION="block type MainZone"/><OtherTag ID="BT13" LABEL="MarginTextZone" DESCRIPTION="block type MarginTextZone"/><OtherTag ID="BT14" LABEL="MusicZone" DESCRIPTION="block type MusicZone"/><OtherTag ID="BT15" LABEL="NumberingZone" DESCRIPTION="block type NumberingZone"/><OtherTag ID="BT17" LABEL="QuireMarksZone" DESCRIPTION="block type QuireMarksZone"/><OtherTag ID="BT18" LABEL="RunningTitleZone" DESCRIPTION="block type RunningTitleZone"/><OtherTag ID="BT19" LABEL="SealZone" DESCRIPTION="block type SealZone"/><OtherTag ID="BT20" LABEL="StampZone" DESCRIPTION="block type StampZone"/><OtherTag ID="BT21" LABEL="TableZone" DESCRIPTION="block type TableZone"/><OtherTag ID="BT22" LABEL="TitlePageZone" DESCRIPTION="block type TitlePageZone"/><OtherTag ID="BT2900" LABEL="MainZone-P-Continued" DESCRIPTION="block type MainZone-P-Continued"/><OtherTag ID="BT2901" LABEL="MainZone-Sp" DESCRIPTION="block type MainZone-Sp"/><OtherTag ID="BT2902" LABEL="MarginTextZone-Notes" DESCRIPTION="block type MarginTextZone-Notes"/><OtherTag ID="BT2903" LABEL="MainZone-Head" DESCRIPTION="block type MainZone-Head"/><OtherTag ID="BT2904" LABEL="MainZone-P" DESCRIPTION="block type MainZone-P"/>
    <OtherTag ID="LT7" LABEL="CustomLine" DESCRIPTION="line type CustomLine"/><OtherTag ID="LT8" LABEL="DefaultLine" DESCRIPTION="line type DefaultLine"/><OtherTag ID="LT9" LABEL="DropCapitalLine" DESCRIPTION="line type DropCapitalLine"/><OtherTag ID="LT10" LABEL="HeadingLine" DESCRIPTION="line type HeadingLine"/><OtherTag ID="LT11" LABEL="InterlinearLine" DESCRIPTION="line type InterlinearLine"/><OtherTag ID="LT12" LABEL="MusicLine" DESCRIPTION="line type MusicLine"/>
  </Tags>
  <Layout>
    <Page WIDTH="1000"
          HEIGHT="1547"
          PHYSICAL_IMG_NR="17"
          ID="eSc_dummypage_">
      <PrintSpace HPOS="0"
                  VPOS="0"
                  WIDTH="1000"
                  HEIGHT="1547">
        <TextBlock HPOS="379"
                   VPOS="106"
                   WIDTH="480"
                   HEIGHT="43"
                   ID="block_1"
                   TAGREFS="BT18">
          <Shape><Polygon POINTS="859 106 859 149 379 149 379 106"/></Shape>
          <TextLine ID="line_0"
                    TAGREFS="LT10"
                    BASELINE="390 140 852 132" 
                    HPOS="388"
                    VPOS="105"
                    WIDTH="463"
                    HEIGHT="48">
            <Shape><Polygon POINTS="840 105 388 105 389 153 596 152 621 145 682 150 707 144 748 149 775 143 823 148 851 140 847 105 840 105"/></Shape>
            <String CONTENT="COMMENT. IN I. EPIST."
                    HPOS="388"
                    VPOS="105"
                    WIDTH="463"
                    HEIGHT="48"
                    WC="0.9983275731404623"></String>
          </TextLine>
        </TextBlock>
        <TextBlock HPOS="287"
                   VPOS="149"
                   WIDTH="678"
                   HEIGHT="1103"
                   ID="block_2"
                   TAGREFS="BT2900">
          <Shape><Polygon POINTS="965 149 965 1252 287 1252 287 162"/></Shape>
          <TextLine ID="line_1"
                    TAGREFS="LT8"
                    BASELINE="285 196 954 183" 
                    HPOS="283.0"
                    VPOS="146.0"
                    WIDTH="671.0"
                    HEIGHT="67.0">
            <Shape><Polygon POINTS="285 196 285 213 331 204 349 204 364 211 366 212 367 212 368 212 368 212 369 212 370 211 385 203 409 203 419 210 420 210 421 210 422 210 423 210 423 210 439 203 458 209 460 210 461 210 462 210 470 209 501 203 514 208 515 208 515 208 516 208 580 207 581 207 583 207 597 200 608 205 609 205 610 205 611 205 631 199 651 205 655 206 656 206 656 206 668 205 739 196 773 200 773 200 814 195 825 201 828 202 828 202 829 202 837 201 869 194 907 200 916 201 917 201 954 198 954 183 952 152 909 146 908 146 868 152 863 153 854 153 815 151 814 151 773 155 766 155 762 155 727 150 726 150 690 156 685 157 680 157 652 152 651 152 592 158 585 158 584 158 576 152 575 152 574 152 573 152 508 153 507 153 487 160 486 160 484 160 444 156 443 156 411 162 407 162 405 162 389 156 388 156 387 156 355 163 353 163 352 163 333 157 332 157 331 157 283 164 285 196"/></Shape>
            <String CONTENT="ferre libuit. Quod ſi alij melius quiddam reuelatum fu¬"
                    HPOS="283.0"
                    VPOS="146.0"
                    WIDTH="671.0"
                    HEIGHT="67.0"
                    ></String>
          </TextLine>
          <TextLine ID="line_2"
                    TAGREFS="LT8"
                    BASELINE="284 239 953 228" 
                    HPOS="283.0"
                    VPOS="195.0"
                    WIDTH="670.0"
                    HEIGHT="55.0">
            <Shape><Polygon POINTS="284 239 284 250 953 238 953 228 951 201 917 195 916 195 915 195 899 202 897 202 892 202 853 198 852 198 828 202 797 196 797 196 796 196 769 204 768 204 747 197 746 197 745 197 655 206 654 206 645 200 644 200 644 200 591 200 590 200 589 200 579 205 550 201 549 201 548 201 533 208 533 208 527 208 482 203 481 203 480 203 479 203 470 209 468 209 446 206 445 206 444 206 430 210 428 210 425 210 385 203 384 203 348 211 347 211 327 206 326 206 325 206 325 206 313 212 312 213 283 213 284 239"/></Shape>
            <String CONTENT="erit certè cum Auguſtino diſcere quàm docere malo,"
                    HPOS="283.0"
                    VPOS="195.0"
                    WIDTH="670.0"
                    HEIGHT="55.0"
                    WC="0.9837439392621701"></String>
          </TextLine>
          <TextLine ID="line_3"
                    TAGREFS="LT8"
                    BASELINE="285 281 954 269" 
                    HPOS="284.0"
                    VPOS="238.0"
                    WIDTH="670.0"
                    HEIGHT="55.0">
            <Shape><Polygon POINTS="285 281 285 293 954 282 954 269 951 238 927 244 900 239 889 238 889 238 876 240 840 246 824 242 815 239 815 239 814 239 785 240 785 240 784 240 779 243 773 247 756 244 749 243 748 243 739 244 714 249 704 245 697 243 696 243 695 243 694 243 686 245 675 249 638 247 571 244 570 244 551 244 550 244 549 244 543 250 541 251 536 250 528 248 527 248 527 248 526 248 525 248 522 250 519 253 474 253 465 252 441 249 441 249 419 253 416 254 414 253 402 247 401 247 400 247 399 247 379 255 377 255 374 255 348 251 347 251 346 251 331 256 331 256 306 249 306 249 305 249 304 249 284 256 285 281"/></Shape>
            <String CONTENT="dummodo Deus non blaſphemetur et in illũ omnis cul¬"
                    HPOS="284.0"
                    VPOS="238.0"
                    WIDTH="670.0"
                    HEIGHT="55.0"
                    ></String>
          </TextLine>
          <TextLine ID="line_4"
                    TAGREFS="LT8"
                    BASELINE="288 326 954 313" 
                    HPOS="286.0"
                    VPOS="279.0"
                    WIDTH="668.0"
                    HEIGHT="63.0">
            <Shape><Polygon POINTS="288 326 288 342 317 342 317 342 318 342 319 342 337 333 423 332 454 339 458 339 459 339 465 338 527 330 708 334 730 334 730 334 731 334 733 333 748 326 803 332 809 332 809 332 810 332 811 332 828 324 865 324 883 330 883 330 884 330 885 330 887 330 919 323 953 329 954 313 951 279 906 288 883 288 868 281 866 281 865 281 865 281 854 281 819 286 806 283 802 282 801 282 800 282 799 282 798 283 794 287 765 284 748 283 748 283 747 283 740 285 717 291 682 287 671 286 670 286 669 286 665 287 656 292 649 287 643 285 642 285 641 285 620 288 595 294 536 294 528 292 517 287 516 287 515 287 515 287 505 293 502 294 498 293 492 288 491 288 490 288 465 288 464 288 463 288 449 294 444 296 427 294 377 290 376 290 337 298 329 299 286 299 288 326"/></Shape>
            <String CONTENT="pa malitiæ &amp; ſcelerum noſtrorum nõ reijciatur, aut"
                    HPOS="286.0"
                    VPOS="279.0"
                    WIDTH="668.0"
                    HEIGHT="63.0"
                    WC="0.9827126182761847"></String>
          </TextLine>
          <TextLine ID="line_5"
                    TAGREFS="LT8"
                    BASELINE="288 368 956 358" 
                    HPOS="288.0"
                    VPOS="325.0"
                    WIDTH="668.0"
                    HEIGHT="57.0">
            <Shape><Polygon POINTS="288 368 288 381 342 382 343 382 354 380 378 376 419 379 442 380 443 380 444 380 450 379 462 374 483 378 496 379 497 379 498 379 503 377 511 372 565 372 595 375 620 378 621 378 622 378 635 374 645 372 650 374 654 376 655 376 656 376 691 373 733 370 773 372 835 374 836 374 856 370 861 369 865 370 882 373 883 373 883 373 895 369 899 368 955 368 956 358 954 329 921 325 920 325 920 325 919 325 914 330 910 331 896 330 871 326 871 326 836 331 814 334 805 331 791 327 790 327 789 327 749 328 748 328 736 333 730 336 723 333 716 331 715 331 714 331 694 334 676 336 674 335 667 330 666 330 665 330 648 330 647 330 618 336 608 337 598 336 568 332 567 332 566 332 548 337 543 338 539 337 510 331 509 331 509 331 495 338 493 339 488 338 466 336 465 336 464 336 455 339 453 340 449 339 422 333 421 333 420 333 398 341 396 341 392 341 333 335 332 335 288 342 288 368"/></Shape>
            <String CONTENT="noſtris uiribus tribuatur quod reuera illius gratiæ est."
                    HPOS="288.0"
                    VPOS="325.0"
                    WIDTH="668.0"
                    HEIGHT="57.0"
                    WC="0.9748474274362836"></String>
          </TextLine>
          <TextLine ID="line_6"
                    TAGREFS="LT8"
                    BASELINE="288 412 955 399" 
                    HPOS="288.0"
                    VPOS="370.0"
                    WIDTH="667.0"
                    HEIGHT="55.0">
            <Shape><Polygon POINTS="288 412 288 420 359 423 360 423 384 419 408 425 409 425 410 425 411 425 429 419 448 422 449 422 478 417 504 423 505 423 558 417 595 421 596 421 634 421 635 421 636 421 644 415 672 420 673 420 674 420 697 412 757 412 766 416 767 416 768 416 769 416 770 416 778 411 820 417 821 417 919 409 927 414 928 414 929 414 930 414 955 407 955 399 953 372 781 370 780 370 779 370 772 374 767 377 724 377 712 374 692 372 691 372 641 373 640 373 636 375 629 379 599 376 580 374 579 374 534 377 418 383 352 379 349 379 349 379 348 379 329 385 288 379 288 412"/></Shape>
            <String CONTENT="Dominus enim apud Oſeam planis uerbis pronuuti¬"
                    HPOS="288.0"
                    VPOS="370.0"
                    WIDTH="667.0"
                    HEIGHT="55.0"
                    WC="0.9886628795177379"></String>
          </TextLine>
          <TextLine ID="line_7"
                    TAGREFS="LT8"
                    BASELINE="289 455 957 444" 
                    HPOS="288.0"
                    VPOS="410.0"
                    WIDTH="669.0"
                    HEIGHT="60.0">
            <Shape><Polygon POINTS="289 455 289 465 338 470 339 470 379 464 393 463 420 464 493 467 494 467 495 467 511 463 516 461 532 462 574 465 575 465 600 461 611 459 621 461 647 464 648 464 649 464 662 460 666 458 670 460 677 463 678 463 679 463 711 459 721 458 725 459 744 463 745 463 746 463 760 458 762 458 765 458 798 462 799 462 957 455 957 444 957 417 942 410 941 410 940 410 907 418 904 418 898 418 820 414 819 414 818 414 800 418 762 413 761 413 760 413 731 421 700 414 699 414 699 414 684 421 667 417 666 417 665 417 664 417 647 422 646 423 631 423 621 423 613 415 612 415 611 415 610 415 581 420 546 416 545 416 501 417 500 417 484 425 426 425 412 419 411 419 411 419 375 427 365 423 364 423 363 423 288 428 289 455"/></Shape>
            <String CONTENT="at, Perditio tua Iſrael, ſed in me est auxilium tuum. Et"
                    HPOS="288.0"
                    VPOS="410.0"
                    WIDTH="669.0"
                    HEIGHT="60.0"
                    WC="0.9865598859531539"></String>
          </TextLine>
          <TextLine ID="line_8"
                    TAGREFS="LT8"
                    BASELINE="289 497 953 489" 
                    HPOS="288.0"
                    VPOS="455.0"
                    WIDTH="665.0"
                    HEIGHT="56.0">
            <Shape><Polygon POINTS="289 497 289 507 410 511 411 511 445 507 452 506 459 507 485 510 486 510 487 510 497 507 503 504 542 506 586 508 587 508 615 506 653 502 705 506 730 507 731 507 732 507 733 507 735 505 741 501 814 504 815 504 815 504 826 500 876 505 881 505 882 505 883 505 883 505 903 499 952 504 953 489 950 456 926 461 896 457 886 455 885 455 876 457 853 461 816 458 803 457 803 457 802 457 801 457 799 458 791 464 766 464 758 458 755 457 754 457 754 457 753 457 711 459 619 465 611 461 607 459 607 459 606 459 592 461 569 464 561 462 555 459 554 459 553 459 552 459 547 462 537 466 513 462 503 461 503 461 491 463 463 467 438 464 426 462 425 462 424 462 420 464 410 468 288 466 289 497"/></Shape>
            <String CONTENT="in euangelio dicit Chriſtus, Hieruſalem Hieruſalem,"
                    HPOS="288.0"
                    VPOS="455.0"
                    WIDTH="665.0"
                    HEIGHT="56.0"
                    WC="0.9853288858544593"></String>
          </TextLine>
          <TextLine ID="line_9"
                    TAGREFS="LT8"
                    BASELINE="292 542 957 530" 
                    HPOS="291.0"
                    VPOS="501.0"
                    WIDTH="666.0"
                    HEIGHT="57.0">
            <Shape><Polygon POINTS="292 542 292 556 324 558 325 558 325 558 326 558 330 556 339 550 365 555 367 555 368 555 368 555 369 555 387 550 410 554 413 554 414 554 427 553 495 548 543 550 607 553 608 553 609 553 622 548 629 545 635 548 645 552 646 552 647 552 678 546 686 545 694 546 736 550 736 550 778 544 785 543 789 544 806 548 807 548 808 548 809 548 822 543 824 542 833 542 907 548 908 548 957 538 957 530 955 506 894 506 881 501 880 501 879 501 821 507 806 501 805 501 804 501 803 501 803 501 797 507 767 501 766 501 716 509 708 503 707 503 706 503 672 502 671 502 670 502 650 510 634 504 633 504 632 504 631 504 613 511 569 506 568 506 519 513 435 507 434 507 386 515 362 509 361 509 361 509 360 509 337 517 291 517 292 542"/></Shape>
            <String CONTENT="quoties uolui te congregare ſicut gallina congregat"
                    HPOS="291.0"
                    VPOS="501.0"
                    WIDTH="666.0"
                    HEIGHT="57.0"
                    WC="0.9943448129822227"></String>
          </TextLine>
          <TextLine ID="line_10"
                    TAGREFS="LT8"
                    BASELINE="291 586 958 574" 
                    HPOS="290.0"
                    VPOS="540.0"
                    WIDTH="668.0"
                    HEIGHT="60.0">
            <Shape><Polygon POINTS="291 586 291 600 367 595 374 599 376 599 377 599 378 599 386 599 408 595 430 598 444 599 445 599 462 597 502 592 555 594 588 596 589 596 590 596 591 596 594 593 598 590 650 589 674 592 699 594 700 594 736 590 760 587 808 588 896 591 897 591 898 591 907 587 910 585 919 586 947 590 948 590 949 590 958 585 958 574 956 540 918 546 862 543 861 543 860 543 859 543 858 543 850 550 810 544 809 544 809 544 797 550 736 546 700 544 699 544 699 544 698 544 698 544 694 547 690 551 680 548 671 544 670 544 669 544 668 544 659 548 648 553 641 549 640 549 639 549 638 549 630 549 546 555 537 551 526 547 525 547 511 547 510 547 509 547 509 547 502 552 498 555 486 553 450 548 449 548 448 548 447 548 438 555 435 556 425 555 393 549 392 549 392 549 391 549 382 556 380 557 374 556 341 550 340 550 339 550 315 558 313 559 290 559 291 586"/></Shape>
            <String CONTENT="pullos ſuos ſub alas, &amp; tu noluiſti. Item Daniel, Tibi"
                    HPOS="290.0"
                    VPOS="540.0"
                    WIDTH="668.0"
                    HEIGHT="60.0"
                    WC="0.9897561371326447"></String>
          </TextLine>
          <TextLine ID="line_11"
                    TAGREFS="LT8"
                    BASELINE="292 627 958 618" 
                    HPOS="291.0"
                    VPOS="585.0"
                    WIDTH="667.0"
                    HEIGHT="57.0">
            <Shape><Polygon POINTS="292 627 292 640 404 636 409 639 411 642 412 642 413 642 414 642 435 639 449 637 454 639 460 641 460 641 461 641 462 641 466 639 474 635 502 638 518 640 519 640 520 640 524 638 532 635 591 637 624 639 625 639 625 639 632 637 649 633 662 637 666 638 667 638 668 638 717 637 718 637 719 637 720 636 728 632 802 635 823 636 824 636 825 636 828 635 846 630 864 635 865 635 865 635 897 629 957 634 958 618 957 592 945 585 944 585 944 585 943 585 920 591 829 585 828 585 775 586 774 586 756 593 717 587 716 587 715 587 703 593 624 595 590 588 589 588 588 588 575 596 545 596 491 589 490 589 448 597 359 592 358 592 357 592 356 592 347 599 336 594 335 594 334 594 291 599 292 627"/></Shape>
            <String CONTENT="domine inquit iuſtitia, nobis autem confuſio facierum."
                    HPOS="291.0"
                    VPOS="585.0"
                    WIDTH="667.0"
                    HEIGHT="57.0"
                    WC="0.9918218895241067"></String>
          </TextLine>
          <TextLine ID="line_12"
                    TAGREFS="LT8"
                    BASELINE="293 670 960 662" 
                    HPOS="292.0"
                    VPOS="630.0"
                    WIDTH="668.0"
                    HEIGHT="54.0">
            <Shape><Polygon POINTS="293 670 293 684 345 679 424 683 425 683 426 683 441 678 650 680 650 680 711 675 734 679 735 679 884 672 891 677 892 677 893 677 894 678 959 678 960 662 958 634 926 630 926 630 896 634 863 638 850 634 846 633 845 633 844 633 834 635 813 638 789 635 769 632 768 632 767 632 766 632 762 635 754 640 678 640 668 635 663 634 662 634 595 634 594 634 593 634 592 634 588 636 580 642 529 636 522 636 521 636 518 636 497 642 483 637 478 635 477 635 476 635 466 637 435 643 417 637 413 636 412 636 411 636 398 638 358 642 292 639 293 670"/></Shape>
            <String CONTENT="Et Dauid, Ne intres in iudicium cum ſeruo tuo quia"
                    HPOS="292.0"
                    VPOS="630.0"
                    WIDTH="668.0"
                    HEIGHT="54.0"
                    WC="0.9932307434082032"></String>
          </TextLine>
          <TextLine ID="line_13"
                    TAGREFS="LT8"
                    BASELINE="293 714 960 705" 
                    HPOS="292.0"
                    VPOS="673.0"
                    WIDTH="668.0"
                    HEIGHT="56.0">
            <Shape><Polygon POINTS="293 714 294 729 313 723 396 727 416 728 417 728 423 727 451 721 524 726 553 727 554 727 607 726 607 726 608 726 610 724 614 721 620 724 624 725 625 725 625 725 626 725 631 723 640 720 657 723 669 725 670 725 671 725 679 722 693 718 723 718 730 721 735 724 736 724 736 724 750 721 771 717 813 717 818 720 821 722 822 722 822 722 823 722 824 722 828 720 835 716 853 720 861 721 862 721 871 719 894 715 959 717 960 705 958 680 927 680 919 673 918 673 917 673 916 673 915 673 891 680 817 675 816 675 815 675 815 675 807 682 787 682 778 675 777 675 776 675 775 675 774 675 755 682 742 678 741 678 740 678 691 683 639 677 638 677 638 677 619 683 595 678 594 678 593 678 592 678 585 683 538 679 537 679 536 679 535 679 528 684 520 678 519 678 518 678 517 678 516 678 491 685 471 679 470 679 426 679 425 679 292 688 293 714"/></Shape>
            <String CONTENT="non iuſtificabitur in conſpectu tuo omnis uiuens. Non"
                    HPOS="292.0"
                    VPOS="673.0"
                    WIDTH="668.0"
                    HEIGHT="56.0"
                    WC="0.9893172428293048"></String>
          </TextLine>
          <TextLine ID="line_14"
                    TAGREFS="LT8"
                    BASELINE="294 758 961 748" 
                    HPOS="294.0"
                    VPOS="715.0"
                    WIDTH="667.0"
                    HEIGHT="57.0">
            <Shape><Polygon POINTS="294 758 295 772 312 765 477 764 485 768 486 768 487 768 546 763 564 769 564 769 565 769 567 769 633 763 650 768 651 768 652 768 653 768 655 768 674 764 694 767 695 767 696 767 736 760 809 765 810 765 960 764 961 748 959 720 914 715 914 715 913 715 895 721 891 721 890 721 883 715 883 715 882 715 881 715 858 720 840 715 840 715 839 715 838 715 816 721 780 716 779 716 779 716 764 722 725 720 724 720 705 724 704 724 695 718 694 718 693 718 693 718 692 718 680 723 668 718 667 718 666 718 641 722 608 719 607 719 607 719 606 719 595 726 595 726 572 720 571 720 570 720 536 727 534 727 533 727 501 723 500 723 445 727 428 722 427 722 426 722 425 722 413 729 392 729 385 722 384 722 383 722 382 722 381 722 371 727 326 723 325 723 325 723 312 728 306 724 305 724 304 724 303 724 302 724 301 724 294 728 294 758"/></Shape>
            <String CONTENT="nobis domine non nobis, ſed nomini tuo da gloriam. Iu"
                    HPOS="294.0"
                    VPOS="715.0"
                    WIDTH="667.0"
                    HEIGHT="57.0"
                    WC="0.9788150292522503"></String>
          </TextLine>
          <TextLine ID="line_15"
                    TAGREFS="LT8"
                    BASELINE="296 801 962 792" 
                    HPOS="295.0"
                    VPOS="759.0"
                    WIDTH="667.0"
                    HEIGHT="58.0">
            <Shape><Polygon POINTS="296 801 297 817 315 811 355 816 356 816 357 816 358 816 372 811 443 813 444 813 445 813 446 813 451 808 458 813 459 813 460 813 460 813 461 813 476 808 504 813 505 813 506 813 522 807 674 813 693 813 694 813 699 812 723 807 734 812 735 812 736 812 736 812 740 812 773 805 799 811 802 811 803 811 803 811 804 811 818 806 828 809 829 809 830 809 831 809 832 809 837 804 926 803 961 808 962 792 960 765 903 765 888 759 887 759 886 759 885 759 869 765 868 765 866 765 838 759 837 759 836 759 835 759 827 765 826 766 823 765 807 760 806 760 805 760 804 760 803 760 796 765 794 767 760 767 743 765 695 761 694 761 693 761 693 761 685 766 684 766 680 766 650 762 649 762 648 762 635 766 626 769 592 766 564 764 564 764 563 764 562 764 560 766 557 769 553 766 551 764 550 764 549 764 548 764 547 764 546 764 544 766 539 770 519 770 514 767 511 764 510 764 509 764 509 764 508 764 503 767 493 770 460 767 436 764 435 764 435 764 429 767 422 771 411 767 406 765 405 765 375 765 374 765 374 765 369 767 361 771 295 768 296 801"/></Shape>
            <String CONTENT="ſtus est dominus in omnibus uijs ſuis, &amp; ſanctus in o¬"
                    HPOS="295.0"
                    VPOS="759.0"
                    WIDTH="667.0"
                    HEIGHT="58.0"
                    WC="0.9715514867394058"></String>
          </TextLine>
          <TextLine ID="line_16"
                    TAGREFS="LT8"
                    BASELINE="295 845 962 835" 
                    HPOS="294.0"
                    VPOS="802.0"
                    WIDTH="668.0"
                    HEIGHT="57.0">
            <Shape><Polygon POINTS="295 845 295 856 346 859 347 859 369 856 386 853 406 855 433 857 434 857 450 854 465 851 506 853 561 856 562 856 563 856 564 856 569 852 573 849 585 851 604 855 605 855 606 855 620 851 629 849 635 850 643 854 644 854 644 854 725 853 726 853 727 853 732 849 733 849 740 849 793 852 794 852 795 852 796 852 803 848 804 847 806 848 817 851 818 851 819 851 844 847 855 845 867 846 900 850 901 850 901 850 902 850 909 846 912 844 960 844 962 835 959 803 886 809 878 805 876 802 875 802 874 802 873 802 860 805 852 807 843 806 827 803 826 803 825 803 824 803 820 806 814 810 805 807 802 805 801 805 800 805 788 807 778 808 770 807 750 804 749 804 748 804 737 808 730 811 723 808 718 807 717 807 717 807 704 808 682 813 666 809 654 807 653 807 652 807 651 807 648 810 642 813 627 813 624 811 619 807 619 807 618 807 617 807 593 811 588 812 581 812 524 807 523 807 492 813 478 808 478 808 477 808 476 808 462 814 458 817 404 817 394 816 349 810 349 810 294 818 295 845"/></Shape>
            <String CONTENT="mnibus operibus ſuis. Et Paulus, Si adhuc uelatum est"
                    HPOS="294.0"
                    VPOS="802.0"
                    WIDTH="668.0"
                    HEIGHT="57.0"
                    WC="0.9801519906745767"></String>
          </TextLine>
          <TextLine ID="line_17"
                    TAGREFS="LT8"
                    BASELINE="296 888 961 879" 
                    HPOS="295.0"
                    VPOS="846.0"
                    WIDTH="666.0"
                    HEIGHT="56.0">
            <Shape><Polygon POINTS="296 888 296 898 394 902 395 902 491 900 492 900 501 897 506 895 515 897 536 900 537 900 538 900 546 896 551 893 634 893 643 895 656 898 656 898 657 898 718 898 719 898 726 894 733 892 744 894 754 897 755 897 756 897 757 897 766 894 779 891 960 892 961 879 959 849 940 846 939 846 938 846 938 846 934 849 928 853 922 849 920 847 919 847 918 847 917 847 900 849 875 854 858 850 840 847 839 847 838 847 837 847 831 851 826 855 801 852 793 851 792 851 785 852 766 856 748 853 718 849 717 849 676 855 656 857 639 856 598 850 597 850 544 857 532 859 523 858 487 852 486 852 485 852 484 852 477 859 475 860 471 859 441 855 441 855 413 860 404 854 404 854 403 854 379 854 378 854 377 854 355 862 344 855 343 855 343 855 314 855 313 855 312 855 295 862 296 888"/></Shape>
            <String CONTENT="euangelium noſtrum in his qui pereunt uelatum est"
                    HPOS="295.0"
                    VPOS="846.0"
                    WIDTH="666.0"
                    HEIGHT="56.0"
                    WC="0.9916405033092109"></String>
          </TextLine>
          <TextLine ID="line_18"
                    TAGREFS="LT8"
                    BASELINE="296 931 963 923" 
                    HPOS="295.0"
                    VPOS="890.0"
                    WIDTH="668.0"
                    HEIGHT="55.0">
            <Shape><Polygon POINTS="296 931 297 944 311 940 317 944 318 945 319 945 319 945 320 945 321 945 322 945 324 944 329 941 349 943 361 945 362 945 372 943 391 939 406 942 415 944 416 944 429 942 450 938 470 941 483 943 484 943 484 943 491 941 500 938 570 940 665 941 666 941 715 937 742 935 763 936 813 940 814 940 836 935 842 933 963 932 963 923 963 897 938 890 938 890 937 890 891 897 888 897 886 897 871 891 870 891 825 891 824 891 823 891 812 895 760 892 760 892 759 892 745 897 739 899 658 899 649 897 637 893 636 893 635 893 634 893 624 897 615 899 607 897 594 893 593 893 592 893 591 893 584 897 577 900 532 897 503 895 502 895 501 895 496 897 485 902 459 902 453 897 450 895 449 895 448 895 447 895 413 897 328 903 295 898 296 931"/></Shape>
            <String CONTENT="in quibus Deus huius ſæculi excæcauit ſenſus incredu"
                    HPOS="295.0"
                    VPOS="890.0"
                    WIDTH="668.0"
                    HEIGHT="55.0"
                    WC="0.980220799262707"></String>
          </TextLine>
          <TextLine ID="line_19"
                    TAGREFS="LT8"
                    BASELINE="297 974 963 966" 
                    HPOS="296.0"
                    VPOS="935.0"
                    WIDTH="667.0"
                    HEIGHT="53.0">
            <Shape><Polygon POINTS="297 974 297 988 444 981 477 984 496 987 497 987 498 987 509 984 524 980 561 980 568 983 572 985 573 985 574 985 592 983 613 979 641 982 657 983 658 983 659 983 662 981 668 978 717 980 808 984 809 984 834 978 840 977 845 978 866 983 867 983 932 978 941 982 942 982 943 982 944 982 963 975 963 966 963 941 945 936 944 936 944 936 911 941 890 935 889 935 889 935 863 941 847 935 846 935 846 935 845 935 813 942 783 936 782 936 781 936 780 936 770 943 631 944 621 937 620 937 619 937 595 937 594 937 544 938 543 938 542 938 533 944 493 939 492 939 491 939 478 946 420 940 419 940 418 940 417 940 411 945 399 941 398 941 398 941 333 947 306 941 305 941 304 941 303 941 296 946 297 974"/></Shape>
            <String CONTENT="lorum ne illuceſceret illis lumen euangelij. Vt ergo u¬"
                    HPOS="296.0"
                    VPOS="935.0"
                    WIDTH="667.0"
                    HEIGHT="53.0"
                    WC="0.9694674188440496"></String>
          </TextLine>
          <TextLine ID="line_20"
                    TAGREFS="LT8"
                    BASELINE="296 1017 963 1010" 
                    HPOS="295.0"
                    VPOS="977.0"
                    WIDTH="668.0"
                    HEIGHT="55.0">
            <Shape><Polygon POINTS="296 1017 296 1026 352 1031 353 1032 353 1031 418 1026 431 1031 432 1031 433 1031 490 1025 494 1025 495 1025 508 1030 509 1030 509 1030 510 1030 526 1025 540 1031 541 1031 542 1031 543 1031 544 1031 549 1027 590 1030 591 1030 592 1030 605 1026 618 1030 619 1030 619 1030 696 1029 697 1029 710 1023 713 1022 745 1022 748 1023 754 1028 755 1028 756 1028 757 1029 786 1029 786 1028 787 1028 802 1023 806 1021 817 1023 850 1027 851 1027 894 1027 895 1027 903 1022 907 1021 963 1021 963 1010 963 984 938 977 938 977 937 977 906 984 903 984 901 984 872 978 801 978 800 978 748 984 744 984 743 984 733 978 732 978 731 978 691 979 672 984 661 987 583 987 559 984 545 982 544 982 543 982 537 984 525 989 453 989 446 984 445 984 444 984 443 984 436 984 404 987 395 984 389 982 388 982 387 982 386 982 380 984 365 990 319 990 295 984 296 1017"/></Shape>
            <String CONTENT="no uerbo dicam omnia, Lux &amp; ſalus à ſola dei gratia"
                    HPOS="295.0"
                    VPOS="977.0"
                    WIDTH="668.0"
                    HEIGHT="55.0"
                    WC="0.9977747350931168"></String>
          </TextLine>
          <TextLine ID="line_21"
                    TAGREFS="LT8"
                    BASELINE="297 1061 963 1053" 
                    HPOS="296.0"
                    VPOS="1021.0"
                    WIDTH="667.0"
                    HEIGHT="54.0">
            <Shape><Polygon POINTS="297 1061 297 1069 334 1069 336 1069 355 1075 356 1075 357 1075 358 1075 369 1069 371 1068 384 1069 437 1072 438 1072 439 1072 440 1072 444 1068 446 1067 504 1067 509 1068 528 1071 529 1071 530 1071 531 1071 535 1067 536 1067 545 1067 585 1070 586 1070 604 1067 615 1065 627 1067 665 1071 666 1071 667 1071 668 1071 674 1066 677 1064 693 1066 728 1070 729 1070 730 1070 737 1066 741 1064 743 1065 753 1070 754 1070 754 1070 962 1063 963 1053 961 1027 899 1021 898 1021 897 1021 872 1027 820 1021 819 1021 776 1029 714 1029 696 1023 695 1023 694 1023 693 1023 693 1023 684 1029 648 1024 647 1024 646 1024 634 1030 614 1024 613 1024 613 1024 612 1024 591 1031 575 1026 574 1026 573 1026 515 1031 507 1026 506 1026 505 1026 463 1026 462 1026 461 1026 443 1033 398 1033 371 1027 370 1027 296 1034 297 1061"/></Shape>
            <String CONTENT="est, Excæcatio &amp; damnatio à corruptione noſtra."
                    HPOS="296.0"
                    VPOS="1021.0"
                    WIDTH="667.0"
                    HEIGHT="54.0"
                    WC="0.9913618043065071"></String>
          </TextLine>
          <TextLine ID="line_22"
                    TAGREFS="LT8"
                    BASELINE="300 1104 962 1095" 
                    HPOS="299.0"
                    VPOS="1063.0"
                    WIDTH="663.0"
                    HEIGHT="55.0">
            <Shape><Polygon POINTS="300 1104 300 1112 321 1118 322 1118 323 1118 431 1111 496 1116 497 1116 594 1114 631 1108 685 1112 686 1112 728 1107 736 1112 737 1112 738 1112 739 1112 785 1107 830 1111 831 1111 832 1111 833 1111 839 1106 844 1111 845 1111 846 1111 846 1112 895 1112 895 1111 962 1103 962 1095 959 1066 932 1070 923 1066 915 1063 914 1063 914 1063 830 1064 829 1064 818 1068 808 1071 788 1069 762 1065 761 1065 760 1065 750 1070 742 1072 699 1070 683 1070 682 1070 666 1070 629 1074 606 1071 569 1068 568 1068 546 1073 539 1074 536 1073 524 1069 523 1069 522 1069 521 1069 513 1073 510 1075 497 1074 468 1070 467 1070 466 1070 466 1070 460 1074 459 1076 450 1075 431 1071 430 1071 429 1071 422 1075 417 1076 404 1075 365 1070 364 1070 299 1076 300 1104"/></Shape>
            <String CONTENT="Quod uero deus interim excæcare dicitur iuſtitiæ e¬"
                    HPOS="299.0"
                    VPOS="1063.0"
                    WIDTH="663.0"
                    HEIGHT="55.0"
                    WC="0.9869508462793687"></String>
          </TextLine>
          <TextLine ID="line_23"
                    TAGREFS="LT8"
                    BASELINE="299 1148 963 1140" 
                    HPOS="298.0"
                    VPOS="1107.0"
                    WIDTH="665.0"
                    HEIGHT="54.0">
            <Shape><Polygon POINTS="299 1148 299 1158 374 1156 388 1159 402 1161 403 1161 404 1161 404 1161 408 1159 412 1156 473 1158 496 1159 496 1159 503 1158 525 1155 530 1158 532 1160 533 1160 533 1160 534 1160 549 1158 570 1155 582 1158 591 1160 592 1160 593 1160 597 1158 605 1155 655 1157 656 1157 657 1157 658 1157 671 1153 693 1157 699 1158 699 1158 717 1157 782 1153 809 1156 814 1157 815 1157 820 1156 845 1152 855 1156 856 1156 857 1156 963 1155 963 1140 961 1113 834 1113 815 1107 814 1107 813 1107 784 1113 768 1116 760 1113 748 1108 747 1108 746 1108 745 1108 734 1113 723 1118 685 1118 675 1113 667 1109 666 1109 665 1109 664 1109 656 1113 646 1118 582 1118 570 1113 570 1112 569 1112 568 1112 567 1112 566 1112 566 1113 557 1118 523 1113 522 1113 521 1113 507 1119 482 1113 477 1112 476 1112 475 1112 474 1112 473 1112 472 1113 461 1120 434 1120 422 1113 422 1112 421 1112 420 1112 372 1112 371 1112 368 1113 335 1121 319 1113 319 1113 298 1113 299 1148"/></Shape>
            <String CONTENT="ius est, ſecundum quam merito punit inobedientiam"
                    HPOS="298.0"
                    VPOS="1107.0"
                    WIDTH="665.0"
                    HEIGHT="54.0"
                    WC="0.9891583542434537"></String>
          </TextLine>
          <TextLine ID="line_24"
                    TAGREFS="LT8"
                    BASELINE="301 1192 633 1186 951 1188" 
                    HPOS="300.0"
                    VPOS="1153.0"
                    WIDTH="651.0"
                    HEIGHT="52.0">
            <Shape><Polygon POINTS="301 1192 301 1204 405 1205 406 1205 407 1205 408 1205 411 1203 420 1198 503 1198 516 1202 524 1204 525 1204 526 1204 527 1204 533 1202 541 1198 548 1201 554 1204 555 1204 556 1204 578 1201 586 1200 592 1201 612 1204 613 1204 613 1204 624 1201 634 1197 724 1197 729 1199 731 1202 732 1202 733 1202 768 1204 769 1204 800 1203 801 1203 802 1203 808 1198 814 1196 832 1196 834 1198 840 1203 840 1203 841 1203 842 1203 876 1198 880 1198 883 1198 906 1203 907 1203 951 1197 951 1188 950 1160 883 1160 881 1160 847 1153 846 1153 846 1153 845 1153 837 1160 808 1153 768 1153 767 1153 766 1153 748 1161 747 1161 707 1161 707 1161 685 1154 684 1154 683 1154 652 1161 631 1154 630 1154 629 1154 628 1154 627 1154 619 1159 598 1155 597 1155 596 1155 595 1155 585 1161 584 1162 560 1162 544 1162 535 1155 534 1155 533 1155 520 1155 519 1155 518 1155 494 1161 469 1155 468 1155 467 1155 466 1155 454 1161 404 1155 403 1155 402 1155 391 1161 300 1163 301 1192"/></Shape>
            <String CONTENT="&amp; perfidiam noſtram induratione deſperatione &amp;"
                    HPOS="300.0"
                    VPOS="1153.0"
                    WIDTH="651.0"
                    HEIGHT="52.0"
                    WC="0.9924875834713811"></String>
          </TextLine>
          <TextLine ID="line_25"
                    TAGREFS="LT8"
                    BASELINE="300 1234 815 1232" 
                    HPOS="299.0"
                    VPOS="1195.0"
                    WIDTH="516.0"
                    HEIGHT="63.0">
            <Shape><Polygon POINTS="300 1234 300 1247 358 1247 360 1247 365 1252 366 1252 367 1252 368 1252 368 1252 369 1252 374 1247 375 1247 403 1247 406 1247 428 1257 429 1257 429 1258 504 1258 504 1257 505 1257 506 1257 506 1256 510 1253 515 1257 515 1257 516 1257 517 1258 557 1258 557 1257 558 1257 573 1249 580 1246 602 1247 606 1249 615 1256 616 1256 617 1256 618 1257 645 1257 645 1256 646 1256 647 1256 655 1250 659 1246 670 1250 680 1253 681 1253 682 1253 683 1253 695 1250 699 1249 706 1250 722 1253 723 1253 723 1253 724 1253 724 1252 726 1250 731 1246 744 1250 745 1250 746 1250 747 1250 760 1246 766 1251 767 1252 767 1253 768 1253 769 1253 770 1253 779 1251 790 1248 793 1251 800 1256 801 1256 802 1256 803 1256 803 1256 815 1251 815 1232 814 1203 770 1203 750 1196 749 1196 748 1196 713 1203 710 1204 709 1203 701 1196 701 1195 700 1195 699 1195 688 1195 687 1195 687 1195 686 1195 686 1196 678 1204 677 1204 664 1204 662 1204 647 1195 646 1195 582 1195 582 1195 581 1195 567 1200 551 1196 550 1196 549 1196 520 1201 509 1196 509 1196 456 1196 455 1196 454 1196 453 1196 441 1204 388 1199 387 1199 386 1199 386 1199 379 1205 299 1205 300 1234"/></Shape>
            <String CONTENT="cæcitate. Ipſi ſoli gloria in ſæcula, Amen."
                    HPOS="299.0"
                    VPOS="1195.0"
                    WIDTH="516.0"
                    HEIGHT="63.0"
                    WC="0.9901965717936672"></String>
          </TextLine>
        </TextBlock>
        <TextBlock HPOS="890"
                   VPOS="1289"
                   WIDTH="74"
                   HEIGHT="40"
                   ID="block_0"
                   TAGREFS="BT17">
          <Shape><Polygon POINTS="964 1289 964 1329 890 1329 890 1289"/></Shape>
          <TextLine ID="line_26"
                    TAGREFS="LT8"
                    BASELINE="891 1318 963 1317" 
                    HPOS="890.0"
                    VPOS="1279.0"
                    WIDTH="73.0"
                    HEIGHT="56.0">
            <Shape><Polygon POINTS="891 1318 891 1335 962 1331 963 1317 961 1289 924 1289 914 1283 909 1279 908 1279 907 1279 907 1279 890 1279 891 1318"/></Shape>
            <String CONTENT="Vnus"
                    HPOS="890.0"
                    VPOS="1279.0"
                    WIDTH="73.0"
                    HEIGHT="56.0"
                    WC="0.9998682141304016"></String>
          </TextLine>
        </TextBlock>
      </PrintSpace>
    </Page>
  </Layout>
</alto>
