<?xml version="1.0" encoding="UTF-8"?>
<alto xmlns:xsi="http://www.w3.org/2001/XMLSchema-instance"
      xmlns="http://www.loc.gov/standards/alto/ns-v4#"
      xsi:schemaLocation="http://www.loc.gov/standards/alto/ns-v4# http://www.loc.gov/standards/alto/v4/alto-4-2.xsd">
  <Description>
    <MeasurementUnit>pixel</MeasurementUnit>
    <sourceImageInformation>
      <fileName>7325970.jpeg</fileName>
    </sourceImageInformation>
  </Description>
  <Tags>
    <OtherTag ID="BT7" LABEL="CustomZone" DESCRIPTION="block type CustomZone"/><OtherTag ID="BT8" LABEL="DamageZone" DESCRIPTION="block type DamageZone"/><OtherTag ID="BT9" LABEL="DigitizationArtefactZone" DESCRIPTION="block type DigitizationArtefactZone"/><OtherTag ID="BT10" LABEL="DropCapitalZone" DESCRIPTION="block type DropCapitalZone"/><OtherTag ID="BT11" LABEL="GraphicZone" DESCRIPTION="block type GraphicZone"/><OtherTag ID="BT12" LABEL="MainZone" DESCRIPTION="block type MainZone"/><OtherTag ID="BT13" LABEL="MarginTextZone" DESCRIPTION="block type MarginTextZone"/><OtherTag ID="BT14" LABEL="MusicZone" DESCRIPTION="block type MusicZone"/><OtherTag ID="BT15" LABEL="NumberingZone" DESCRIPTION="block type NumberingZone"/><OtherTag ID="BT17" LABEL="QuireMarksZone" DESCRIPTION="block type QuireMarksZone"/><OtherTag ID="BT18" LABEL="RunningTitleZone" DESCRIPTION="block type RunningTitleZone"/><OtherTag ID="BT19" LABEL="SealZone" DESCRIPTION="block type SealZone"/><OtherTag ID="BT20" LABEL="StampZone" DESCRIPTION="block type StampZone"/><OtherTag ID="BT21" LABEL="TableZone" DESCRIPTION="block type TableZone"/><OtherTag ID="BT22" LABEL="TitlePageZone" DESCRIPTION="block type TitlePageZone"/><OtherTag ID="BT2900" LABEL="MainZone-P-Continued" DESCRIPTION="block type MainZone-P-Continued"/><OtherTag ID="BT2901" LABEL="MainZone-Sp" DESCRIPTION="block type MainZone-Sp"/><OtherTag ID="BT2902" LABEL="MarginTextZone-Notes" DESCRIPTION="block type MarginTextZone-Notes"/><OtherTag ID="BT2903" LABEL="MainZone-Head" DESCRIPTION="block type MainZone-Head"/><OtherTag ID="BT2904" LABEL="MainZone-P" DESCRIPTION="block type MainZone-P"/>
    <OtherTag ID="LT7" LABEL="CustomLine" DESCRIPTION="line type CustomLine"/><OtherTag ID="LT8" LABEL="DefaultLine" DESCRIPTION="line type DefaultLine"/><OtherTag ID="LT9" LABEL="DropCapitalLine" DESCRIPTION="line type DropCapitalLine"/><OtherTag ID="LT10" LABEL="HeadingLine" DESCRIPTION="line type HeadingLine"/><OtherTag ID="LT11" LABEL="InterlinearLine" DESCRIPTION="line type InterlinearLine"/><OtherTag ID="LT12" LABEL="MusicLine" DESCRIPTION="line type MusicLine"/>
  </Tags>
  <Layout>
    <Page WIDTH="1000"
          HEIGHT="1547"
          PHYSICAL_IMG_NR="5"
          ID="eSc_dummypage_">
      <PrintSpace HPOS="0"
                  VPOS="0"
                  WIDTH="1000"
                  HEIGHT="1547">
        <TextBlock HPOS="366.10406494140625"
                   VPOS="102.87191009521484"
                   WIDTH="494.38494873046875"
                   HEIGHT="41.02014923095703"
                   ID="block_1"
                   TAGREFS="BT18">
          <Shape><Polygon POINTS="366.104 102.872 860.489 102.872 860.489 143.892 366.104 143.892 366.104 102.872"/></Shape>
          <TextLine ID="line_0"
                    TAGREFS="LT10"
                    BASELINE="373 135 848 128" 
                    HPOS="363"
                    VPOS="90"
                    WIDTH="498"
                    HEIGHT="58">
            <Shape><Polygon POINTS="364 143 443 148 444 148 445 148 461 143 463 143 465 143 480 147 481 147 482 147 552 143 573 142 588 143 623 146 624 146 625 146 629 143 632 141 681 141 685 143 688 146 689 146 690 146 691 146 705 143 714 141 860 142 861 130 858 97 818 97 803 90 788 90 787 90 786 90 785 90 775 97 756 91 755 91 725 91 724 91 723 91 710 98 627 92 626 92 625 92 610 100 609 101 574 101 573 100 562 93 561 93 560 93 559 93 516 99 449 93 448 93 447 93 447 94 440 101 411 94 410 94 372 96 371 96 370 96 363 100 364 135"/></Shape>
            <String CONTENT="COMMENT. IN I. EPIST."
                    HPOS="363"
                    VPOS="90"
                    WIDTH="498"
                    HEIGHT="58"
                    ></String>
          </TextLine>
        </TextBlock>
        <TextBlock HPOS="284.40655517578125"
                   VPOS="160.8000030517578"
                   WIDTH="680.3323974609375"
                   HEIGHT="1128.9180145263672"
                   ID="block_0"
                   TAGREFS="BT2900">
          <Shape><Polygon POINTS="284.407 160.8 964.739 160.8 964.739 1289.72 284.407 1289.72 284.407 160.8"/></Shape>
          <TextLine ID="line_1"
                    TAGREFS="LT8"
                    BASELINE="287 189 692 182 952 182" 
                    HPOS="286.0"
                    VPOS="144.0"
                    WIDTH="666.0"
                    HEIGHT="58.0">
            <Shape><Polygon POINTS="828 170 822 152 785 152 780 151 760 147 760 147 714 152 712 152 711 152 705 146 704 146 703 146 702 146 680 150 573 146 572 146 536 153 534 153 533 153 503 147 502 147 501 147 486 153 483 155 475 154 460 152 460 152 425 154 402 156 393 154 366 149 365 149 364 149 350 155 349 155 349 155 332 150 331 150 331 150 286 155 287 189 287 202 503 195 519 198 538 201 539 201 565 197 578 195 584 197 597 201 598 201 599 201 618 196 626 195 649 195 714 200 715 200 716 200 736 194 742 193 771 194 915 197 916 197 951 189 952 182 951 149 933 144 932 144 932 144 902 150 901 151 879 151 878 150 867 144 866 144 865 144 865 144 852 151 851 152 831 152 828 170"/></Shape>
            <String CONTENT="Poſt iſta autẽ uerba ſubijciebat ſacerdos, Qui pridie"
                    HPOS="286.0"
                    VPOS="144.0"
                    WIDTH="666.0"
                    HEIGHT="58.0"
                    WC="0.9828603113139117"></String>
          </TextLine>
          <TextLine ID="line_2"
                    TAGREFS="LT8"
                    BASELINE="288 232 953 224" 
                    HPOS="287.0"
                    VPOS="191.0"
                    WIDTH="666.0"
                    HEIGHT="58.0">
            <Shape><Polygon POINTS="288 232 288 249 341 241 380 247 384 247 385 247 387 247 416 239 538 238 546 243 549 245 550 245 551 245 552 245 552 245 559 243 565 241 571 243 582 245 582 245 583 245 619 241 639 239 657 240 696 244 697 244 717 239 727 237 736 238 751 243 752 243 753 243 754 243 765 238 769 236 772 238 778 243 779 243 779 243 780 244 805 244 805 243 806 243 817 237 831 242 832 242 833 242 919 241 952 233 953 224 951 198 897 191 896 191 895 191 876 197 813 192 812 192 811 192 810 192 800 200 755 200 731 193 730 193 730 193 729 193 710 200 690 195 689 195 688 195 679 201 607 201 584 195 583 195 582 195 582 195 555 201 509 197 508 197 484 202 473 199 472 199 472 199 381 203 368 199 367 199 366 199 365 199 364 199 357 204 329 198 328 198 287 205 288 232"/></Shape>
            <String CONTENT="quàm pateretur accepit panem, gratias egit, fregit, de"
                    HPOS="287.0"
                    VPOS="191.0"
                    WIDTH="666.0"
                    HEIGHT="58.0"
                    WC="0.9846864678642967"></String>
          </TextLine>
          <TextLine ID="line_3"
                    TAGREFS="LT8"
                    BASELINE="286 275 953 267" 
                    HPOS="285.0"
                    VPOS="233.0"
                    WIDTH="668.0"
                    HEIGHT="58.0">
            <Shape><Polygon POINTS="286 275 286 285 358 291 359 291 395 287 424 290 425 290 426 290 427 290 434 285 435 284 441 285 467 289 468 289 496 285 508 283 521 285 548 288 549 288 570 285 582 282 652 284 728 287 729 287 730 287 730 287 734 284 739 281 746 284 750 286 751 286 752 286 753 286 754 286 755 284 760 281 776 284 785 286 786 286 787 286 795 284 812 279 892 279 901 284 901 284 902 284 903 284 953 283 953 267 951 240 902 240 887 233 886 233 885 233 884 233 883 233 875 240 875 241 788 241 758 235 757 235 727 242 726 242 725 242 675 236 674 236 674 236 649 242 548 238 547 238 519 244 476 238 475 238 433 245 430 245 429 245 424 241 423 241 423 241 362 239 361 239 361 239 349 245 320 240 319 240 285 246 286 275"/></Shape>
            <String CONTENT="dit́ diſcipulis ſuis, dicens, Accipite edite, Hoc eſt cor¬"
                    HPOS="285.0"
                    VPOS="233.0"
                    WIDTH="668.0"
                    HEIGHT="58.0"
                    ></String>
          </TextLine>
          <TextLine ID="line_4"
                    TAGREFS="LT8"
                    BASELINE="288 321 561 314 954 311" 
                    HPOS="287.0"
                    VPOS="279.0"
                    WIDTH="667.0"
                    HEIGHT="58.0">
            <Shape><Polygon POINTS="288 321 288 337 353 330 446 335 447 335 447 335 472 327 503 334 503 334 504 334 532 326 583 330 584 330 719 324 742 328 743 328 763 324 773 330 773 330 774 330 775 330 810 325 834 330 835 330 836 330 852 324 953 328 954 311 952 285 932 281 931 281 898 285 895 285 895 285 877 279 876 279 875 279 874 279 859 285 846 279 845 279 844 279 809 285 804 286 801 286 774 280 773 280 748 286 742 287 736 286 713 281 712 281 711 281 692 286 685 287 666 286 624 282 623 282 622 282 613 287 608 288 604 287 594 282 593 282 592 282 552 287 521 290 505 287 490 284 490 284 489 284 478 287 463 291 441 287 435 287 434 287 429 287 407 291 381 287 373 287 372 287 371 287 367 287 346 293 326 287 320 287 319 287 319 287 315 287 304 292 287 288 288 321"/></Shape>
            <String CONTENT="pus meum quod pro uobis datur. Et reliqua quæ legun¬"
                    HPOS="287.0"
                    VPOS="279.0"
                    WIDTH="667.0"
                    HEIGHT="58.0"
                    ></String>
          </TextLine>
          <TextLine ID="line_5"
                    TAGREFS="LT8"
                    BASELINE="288 363 951 355" 
                    HPOS="288.0"
                    VPOS="324.0"
                    WIDTH="663.0"
                    HEIGHT="54.0">
            <Shape><Polygon POINTS="829 341 826 330 821 327 820 327 819 327 818 327 800 332 775 332 761 325 760 325 760 325 711 332 686 328 685 328 645 332 638 327 637 327 636 327 635 327 601 333 587 328 586 328 585 328 558 334 546 328 546 328 509 328 508 328 507 328 486 335 455 329 454 329 453 329 433 336 408 336 398 330 397 330 396 330 395 330 394 330 381 336 337 330 337 330 336 330 335 330 328 336 300 333 300 333 299 333 288 337 288 363 288 377 312 372 336 377 343 378 344 378 345 378 349 377 368 372 387 376 392 377 392 378 435 378 435 377 435 377 439 376 449 372 493 375 508 376 509 376 515 375 540 370 573 374 582 375 582 375 591 374 623 369 645 373 650 374 651 374 652 374 653 374 654 373 662 368 680 372 681 372 682 372 683 372 684 372 689 367 730 367 745 372 746 372 747 372 748 372 750 372 775 367 787 372 789 372 790 372 791 372 791 372 793 372 809 366 844 372 848 372 849 372 852 372 877 366 895 371 896 371 897 371 950 370 951 355 950 330 928 324 927 324 926 324 890 329 882 324 881 324 880 324 879 324 878 324 857 330 839 324 838 324 837 324 836 324 835 324 834 325 829 341"/></Shape>
            <String CONTENT="tur in euangelio. His magna cum religione peractis,"
                    HPOS="288.0"
                    VPOS="324.0"
                    WIDTH="663.0"
                    HEIGHT="54.0"
                    WC="0.9948690767381706"></String>
          </TextLine>
          <TextLine ID="line_6"
                    TAGREFS="LT8"
                    BASELINE="288 405 954 398" 
                    HPOS="288.0"
                    VPOS="367.0"
                    WIDTH="666.0"
                    HEIGHT="54.0">
            <Shape><Polygon POINTS="829 381 825 370 807 372 780 372 778 372 773 367 772 367 771 367 723 367 722 367 698 372 691 372 684 372 664 368 663 368 638 372 619 374 600 372 580 369 579 369 578 369 570 372 561 374 512 372 473 370 472 370 472 370 471 370 469 372 464 376 370 377 358 372 357 372 356 372 355 372 288 372 288 405 288 421 374 415 435 419 436 419 577 413 588 417 588 417 589 417 621 412 666 416 667 416 727 411 786 415 787 415 788 415 810 410 952 414 954 398 952 372 891 367 890 367 833 370 829 381"/></Shape>
            <String CONTENT="dicebatur oratio Dominica. Id quod Hieronymus quo"
                    HPOS="288.0"
                    VPOS="367.0"
                    WIDTH="666.0"
                    HEIGHT="54.0"
                    WC="0.996178864216318"></String>
          </TextLine>
          <TextLine ID="line_7"
                    TAGREFS="LT8"
                    BASELINE="288 449 954 441" 
                    HPOS="288.0"
                    VPOS="409.0"
                    WIDTH="666.0"
                    HEIGHT="56.0">
            <Shape><Polygon POINTS="829 428 824 412 819 409 818 409 817 409 775 416 745 413 744 413 711 417 680 412 679 412 656 417 631 411 630 411 629 411 628 411 601 418 585 411 584 411 583 411 544 415 512 412 511 412 510 412 509 412 496 420 474 413 473 413 472 413 423 420 378 414 377 414 376 414 349 422 288 422 288 449 288 464 321 465 322 465 323 465 324 465 325 464 331 459 403 464 427 464 428 464 442 463 483 458 515 462 518 462 519 462 520 462 531 457 555 461 564 463 564 463 572 461 596 456 632 460 646 462 647 462 690 461 691 461 693 459 704 455 719 455 725 459 727 461 728 461 729 461 730 461 754 460 755 460 756 460 757 458 764 453 828 453 834 458 836 459 837 459 838 459 839 460 864 460 864 459 865 459 869 458 881 452 904 452 911 457 913 458 914 458 914 458 915 458 954 456 954 441 952 415 916 409 915 409 877 416 833 416 829 428"/></Shape>
            <String CONTENT="que teſtatur lib. aduerſus Pelagianos3. Sed &amp; uulgo"
                    HPOS="288.0"
                    VPOS="409.0"
                    WIDTH="666.0"
                    HEIGHT="56.0"
                    WC="0.9949611600707559"></String>
          </TextLine>
          <TextLine ID="line_8"
                    TAGREFS="LT8"
                    BASELINE="290 493 957 485" 
                    HPOS="289.0"
                    VPOS="453.0"
                    WIDTH="668.0"
                    HEIGHT="54.0">
            <Shape><Polygon POINTS="290 493 290 501 361 507 362 507 424 501 437 501 448 501 486 506 487 506 590 501 661 498 683 501 701 503 702 503 730 501 769 497 784 501 791 502 792 502 793 502 956 500 957 485 956 459 932 453 932 453 931 453 882 458 865 453 864 453 863 453 819 454 818 454 799 459 791 454 791 454 790 454 742 454 742 454 660 462 646 458 645 458 644 458 570 463 563 457 562 457 561 457 520 457 519 457 518 457 492 464 484 458 483 458 482 458 441 458 440 458 439 458 424 464 365 461 364 461 289 466 290 493"/></Shape>
            <String CONTENT="receptum est Apoſtolos tantum ad orationis domini¬"
                    HPOS="289.0"
                    VPOS="453.0"
                    WIDTH="668.0"
                    HEIGHT="54.0"
                    WC="0.9892998969554901"></String>
          </TextLine>
          <TextLine ID="line_9"
                    TAGREFS="LT8"
                    BASELINE="291 536 954 529" 
                    HPOS="290.0"
                    VPOS="497.0"
                    WIDTH="664.0"
                    HEIGHT="55.0">
            <Shape><Polygon POINTS="291 536 292 550 306 546 330 550 348 552 349 552 382 550 436 544 445 549 450 551 451 551 452 551 466 549 486 545 517 549 538 550 539 550 563 548 623 542 683 542 691 547 692 549 693 549 693 549 694 549 707 547 747 542 771 547 777 548 778 548 779 548 779 548 780 547 789 540 809 547 810 547 811 547 812 547 813 547 815 547 828 541 870 544 871 544 871 544 887 539 915 546 918 546 919 546 953 545 954 529 952 505 879 500 878 500 818 505 789 497 788 497 787 497 749 506 733 498 732 498 705 498 704 498 703 498 680 505 662 499 662 499 661 499 621 507 595 500 594 500 539 500 539 500 538 500 519 508 496 508 471 501 470 501 469 501 468 501 435 510 290 511 291 536"/></Shape>
            <String CONTENT="cæ preces conſecraſſe, hoc eſt celebraſſe cœnam my¬"
                    HPOS="290.0"
                    VPOS="497.0"
                    WIDTH="664.0"
                    HEIGHT="55.0"
                    ></String>
          </TextLine>
          <TextLine ID="line_10"
                    TAGREFS="LT8"
                    BASELINE="291 580 956 573" 
                    HPOS="290.0"
                    VPOS="540.0"
                    WIDTH="666.0"
                    HEIGHT="55.0">
            <Shape><Polygon POINTS="291 580 291 595 326 589 356 593 357 593 398 588 424 594 427 594 428 594 429 594 429 594 441 589 454 593 455 593 456 593 457 593 472 587 504 592 505 592 506 592 522 587 536 590 537 590 538 590 586 586 622 592 623 592 716 585 732 591 733 591 734 591 735 591 748 584 775 590 776 590 777 590 788 584 812 589 813 589 864 585 876 589 877 589 877 589 956 588 956 573 954 545 827 540 826 540 825 540 806 546 806 547 765 547 762 547 734 541 733 541 681 548 678 548 676 548 657 543 656 543 656 543 607 547 586 543 585 543 584 543 571 549 570 550 511 550 509 550 500 545 499 545 498 545 497 545 496 545 490 550 490 550 443 550 441 550 422 545 421 545 420 545 419 545 418 545 411 550 410 551 406 550 388 547 387 547 341 551 331 552 330 551 324 546 323 546 322 546 305 546 304 546 303 546 290 551 291 580"/></Shape>
            <String CONTENT="ſticam. Poſt orationem dominicam ſacra myſteria per"
                    HPOS="290.0"
                    VPOS="540.0"
                    WIDTH="666.0"
                    HEIGHT="55.0"
                    WC="0.992309127368179"></String>
          </TextLine>
          <TextLine ID="line_11"
                    TAGREFS="LT8"
                    BASELINE="288 624 953 616" 
                    HPOS="288.0"
                    VPOS="584.0"
                    WIDTH="665.0"
                    HEIGHT="56.0">
            <Shape><Polygon POINTS="829 604 825 591 815 592 747 588 683 585 682 585 681 585 663 590 650 593 640 591 623 586 622 586 621 586 620 586 619 586 612 591 607 594 585 592 570 590 569 590 553 593 536 596 501 596 496 593 479 588 478 588 478 588 477 588 460 594 446 588 445 588 444 588 407 594 351 589 350 589 314 590 313 590 288 597 288 624 288 633 328 640 329 640 374 633 384 639 385 639 386 639 386 640 416 640 416 639 468 633 567 636 568 636 609 631 621 629 636 630 686 635 687 635 714 630 731 635 732 635 733 635 734 635 748 629 754 628 759 629 766 633 767 633 768 633 790 629 801 628 809 629 825 633 826 633 827 633 835 629 840 627 853 629 868 631 869 631 953 628 953 616 950 584 916 591 833 591 829 604"/></Shape>
            <String CONTENT="cipiebat populus, communione́ ſacramentorum cor"
                    HPOS="288.0"
                    VPOS="584.0"
                    WIDTH="665.0"
                    HEIGHT="56.0"
                    WC="0.9815991036593914"></String>
          </TextLine>
          <TextLine ID="line_12"
                    TAGREFS="LT8"
                    BASELINE="289 667 958 660" 
                    HPOS="288.0"
                    VPOS="628.0"
                    WIDTH="670.0"
                    HEIGHT="54.0">
            <Shape><Polygon POINTS="289 667 289 682 319 677 327 682 328 682 329 682 330 682 331 682 351 678 379 681 380 681 380 681 398 675 405 681 406 681 407 681 408 681 409 681 427 676 452 681 454 681 455 681 459 681 490 674 591 679 594 679 595 679 595 679 625 672 665 678 666 678 718 672 758 676 759 676 760 676 760 676 767 672 788 678 789 678 790 678 791 678 812 670 874 670 889 676 889 676 890 677 957 677 958 660 957 634 944 628 944 628 893 628 892 628 891 628 872 634 809 629 809 629 767 635 700 630 699 630 699 630 688 635 631 630 631 630 630 630 607 636 589 632 588 632 588 632 558 636 540 631 539 631 539 631 478 632 478 632 454 638 415 633 414 633 413 633 412 633 405 638 348 635 347 635 288 640 289 667"/></Shape>
            <String CONTENT="poris &amp; ſanguinis dominici in unum corpus coaleſce¬"
                    HPOS="288.0"
                    VPOS="628.0"
                    WIDTH="670.0"
                    HEIGHT="54.0"
                    ></String>
          </TextLine>
          <TextLine ID="line_13"
                    TAGREFS="LT8"
                    BASELINE="288 711 957 703" 
                    HPOS="288.0"
                    VPOS="670.0"
                    WIDTH="669.0"
                    HEIGHT="56.0">
            <Shape><Polygon POINTS="829 689 825 676 803 672 803 672 802 672 779 678 758 672 757 672 756 672 755 672 655 672 654 672 653 672 629 680 583 677 582 677 582 677 581 677 581 678 576 682 505 682 449 675 448 675 447 675 402 675 380 676 379 676 355 684 288 677 288 711 288 720 327 724 328 724 381 719 385 719 397 725 398 725 398 726 436 726 436 725 466 719 472 724 473 724 474 724 475 725 505 725 505 724 535 717 627 722 628 722 680 716 687 721 688 721 689 721 690 722 733 722 733 721 734 721 749 715 800 720 801 720 802 720 803 720 811 714 878 720 879 720 880 720 899 715 947 718 948 718 949 718 950 718 957 712 957 703 953 670 932 677 890 670 885 670 884 670 883 670 882 671 863 678 845 672 844 672 843 672 842 672 841 672 834 678 833 677 829 689"/></Shape>
            <String CONTENT="bat eccleſiaſticum cuius caput Chriſtus est. Cæterum"
                    HPOS="288.0"
                    VPOS="670.0"
                    WIDTH="669.0"
                    HEIGHT="56.0"
                    WC="0.9969656123564794"></String>
          </TextLine>
          <TextLine ID="line_14"
                    TAGREFS="LT8"
                    BASELINE="288 755 956 747" 
                    HPOS="288.0"
                    VPOS="714.0"
                    WIDTH="668.0"
                    HEIGHT="51.0">
            <Shape><Polygon POINTS="829 733 824 719 808 715 807 715 806 715 768 721 745 715 744 715 743 715 742 715 718 722 658 716 657 716 656 716 630 723 611 720 610 720 583 725 537 725 510 718 509 718 509 718 508 718 497 725 380 720 379 720 338 727 316 721 315 721 314 721 313 721 288 727 288 755 288 764 583 765 584 765 618 764 664 760 711 763 731 764 732 764 747 763 782 759 801 762 806 763 807 763 808 763 810 762 827 758 866 762 871 762 871 762 872 762 882 758 954 761 956 747 954 721 917 714 916 714 862 719 847 715 846 715 846 715 845 715 833 719 829 733"/></Shape>
            <String CONTENT="rite ad hunc modum peractis omnibus dimittebatur"
                    HPOS="288.0"
                    VPOS="714.0"
                    WIDTH="668.0"
                    HEIGHT="51.0"
                    WC="0.9938870432476202"></String>
          </TextLine>
          <TextLine ID="line_15"
                    TAGREFS="LT8"
                    BASELINE="288 797 957 790" 
                    HPOS="287.0"
                    VPOS="758.0"
                    WIDTH="670.0"
                    HEIGHT="53.0">
            <Shape><Polygon POINTS="288 797 288 806 341 811 342 811 366 806 374 805 380 806 402 810 403 810 441 806 462 804 489 804 492 806 496 809 496 809 497 809 498 809 534 806 564 803 644 806 704 807 705 807 718 806 746 801 777 806 788 807 789 807 858 806 859 806 861 806 879 801 913 804 914 804 914 804 915 804 921 800 955 805 957 790 954 760 889 764 883 761 876 758 875 758 874 758 856 761 840 764 836 762 834 759 833 759 832 759 785 758 784 758 741 763 717 765 715 764 709 759 708 759 707 759 706 759 705 759 690 764 681 766 673 764 657 760 656 760 656 760 637 764 630 766 627 764 620 760 619 760 619 760 618 760 617 760 597 765 588 768 533 768 531 766 522 762 521 762 521 762 520 762 519 762 512 766 511 767 510 766 501 763 500 763 499 763 498 763 485 767 484 767 482 767 450 762 449 762 427 763 426 763 425 763 417 768 417 769 411 768 377 763 376 763 287 770 288 797"/></Shape>
            <String CONTENT="cœtus. Ex his autem omnibus facile colligit Lector nõ"
                    HPOS="287.0"
                    VPOS="758.0"
                    WIDTH="670.0"
                    HEIGHT="53.0"
                    WC="0.9979710225705747"></String>
          </TextLine>
          <TextLine ID="line_16"
                    TAGREFS="LT8"
                    BASELINE="288 841 957 833" 
                    HPOS="287.0"
                    VPOS="800.0"
                    WIDTH="670.0"
                    HEIGHT="57.0">
            <Shape><Polygon POINTS="288 841 288 853 311 852 314 853 325 857 326 857 327 857 372 852 390 850 393 852 404 857 404 857 405 857 406 857 407 857 412 853 444 856 445 856 446 856 447 856 455 851 456 850 464 851 509 856 510 856 533 849 539 849 546 849 564 855 565 855 566 856 643 856 643 855 644 855 657 848 660 847 681 847 683 848 692 854 693 854 693 854 694 854 735 849 742 853 742 853 743 853 744 854 808 854 808 853 809 853 828 846 830 845 834 845 878 852 879 852 880 852 909 844 912 844 957 844 957 833 956 807 906 807 883 800 882 800 881 800 880 800 864 807 810 801 809 801 809 801 808 801 795 808 682 802 681 802 680 802 656 810 642 803 641 803 640 803 612 808 597 803 596 803 595 803 595 803 583 809 570 804 569 804 568 804 527 811 479 805 478 805 478 805 466 809 457 805 456 805 455 805 429 809 405 806 404 806 404 806 403 806 394 813 287 814 288 841"/></Shape>
            <String CONTENT="omnino ſtupidus unde abuſus Miſſæ papiſticæ fluxe¬"
                    HPOS="287.0"
                    VPOS="800.0"
                    WIDTH="670.0"
                    HEIGHT="57.0"
                    WC="0.9857641386985779"></String>
          </TextLine>
          <TextLine ID="line_17"
                    TAGREFS="LT8"
                    BASELINE="287 885 962 876" 
                    HPOS="286.0"
                    VPOS="843.0"
                    WIDTH="676.0"
                    HEIGHT="58.0">
            <Shape><Polygon POINTS="828 864 823 852 804 852 797 848 797 848 796 848 795 848 770 852 746 848 737 846 736 846 736 846 735 846 733 848 726 854 690 854 669 849 655 847 654 847 637 850 613 855 607 850 605 849 604 849 603 849 572 848 571 848 570 848 558 852 548 856 544 852 539 849 539 849 538 849 489 849 488 849 487 849 473 854 466 856 453 855 421 849 420 849 419 849 405 856 402 857 395 856 384 854 383 854 343 857 330 858 328 857 314 851 313 851 312 851 312 851 286 858 287 885 287 895 334 901 335 901 336 901 355 896 364 900 365 900 366 901 421 901 421 900 422 900 423 900 429 894 431 892 539 892 546 893 564 897 564 897 607 893 635 891 650 892 677 897 678 897 679 897 680 897 685 892 686 892 699 892 822 894 822 894 823 894 824 894 828 892 832 888 849 891 867 894 868 894 961 890 962 876 959 843 905 850 861 845 860 845 859 845 846 852 831 852 828 864"/></Shape>
            <String CONTENT="rit, &amp; quàm nihil hodie antiquæ pietatis in hac niſi"
                    HPOS="286.0"
                    VPOS="843.0"
                    WIDTH="676.0"
                    HEIGHT="58.0"
                    WC="0.9907487833274985"></String>
          </TextLine>
          <TextLine ID="line_18"
                    TAGREFS="LT8"
                    BASELINE="289 929 956 920" 
                    HPOS="288.0"
                    VPOS="886.0"
                    WIDTH="668.0"
                    HEIGHT="60.0">
            <Shape><Polygon POINTS="289 929 289 945 315 939 325 944 327 945 328 945 329 946 349 946 349 945 349 945 350 945 352 944 361 938 404 942 406 942 407 942 408 942 409 942 417 937 447 941 461 943 462 943 463 943 464 943 466 941 472 936 497 936 507 940 514 942 515 942 515 942 552 939 584 935 589 938 595 941 596 941 597 941 613 937 625 935 638 936 649 938 650 938 650 938 655 936 661 934 680 935 704 938 705 938 705 938 706 938 711 935 715 933 721 935 732 938 733 938 734 938 761 934 766 933 770 934 788 938 789 938 790 938 791 938 791 938 798 933 804 938 805 938 806 938 807 939 829 939 829 938 830 938 843 931 844 931 848 931 874 935 875 935 912 930 940 935 941 935 942 935 956 929 956 920 953 895 855 895 835 886 834 886 834 886 833 886 819 892 774 887 773 887 773 887 772 887 757 897 729 892 728 892 727 892 712 898 689 889 688 889 687 889 687 889 686 889 671 898 643 898 627 890 626 890 601 890 600 890 599 890 598 890 583 898 569 894 568 894 567 894 509 900 497 892 496 892 496 892 471 892 470 892 438 892 437 892 418 901 349 893 349 893 348 893 329 903 328 903 306 898 305 898 304 898 288 903 289 929"/></Shape>
            <String CONTENT="profunda obſoletaq́ propè nominum ueſtigia cernere"
                    HPOS="288.0"
                    VPOS="886.0"
                    WIDTH="668.0"
                    HEIGHT="60.0"
                    WC="0.9946502692559186"></String>
          </TextLine>
          <TextLine ID="line_19"
                    TAGREFS="LT8"
                    BASELINE="288 971 957 964" 
                    HPOS="288.0"
                    VPOS="931.0"
                    WIDTH="669.0"
                    HEIGHT="56.0">
            <Shape><Polygon POINTS="829 947 826 938 797 935 797 935 796 935 795 935 786 940 774 935 773 934 772 934 771 934 770 934 768 935 759 938 741 935 733 934 732 934 718 935 691 939 664 936 644 935 644 935 643 935 633 937 616 942 594 942 586 938 581 935 580 935 579 935 560 938 536 943 498 943 494 940 492 938 491 938 490 938 490 938 489 938 484 940 479 942 472 940 460 936 459 936 458 936 457 936 447 941 441 943 418 941 375 937 374 937 374 937 361 942 356 944 327 944 326 943 320 938 319 938 319 938 318 938 288 943 288 971 288 982 296 987 297 987 298 987 299 987 460 979 521 985 521 985 555 978 686 984 687 984 687 984 706 977 726 983 727 983 728 984 773 984 773 983 830 976 890 979 891 979 892 979 893 979 898 975 910 981 911 981 912 982 938 982 938 981 939 981 957 973 957 964 955 931 871 939 840 933 838 933 837 933 836 933 835 933 834 934 829 947"/></Shape>
            <String CONTENT="liceat. Canonis cuius initium est, Te igitur clementißi"
                    HPOS="288.0"
                    VPOS="931.0"
                    WIDTH="669.0"
                    HEIGHT="56.0"
                    WC="0.9836902596733786"></String>
          </TextLine>
          <TextLine ID="line_20"
                    TAGREFS="LT8"
                    BASELINE="288 1015 956 1007" 
                    HPOS="288.0"
                    VPOS="974.0"
                    WIDTH="668.0"
                    HEIGHT="54.0">
            <Shape><Polygon POINTS="829 995 826 984 745 984 741 983 731 977 730 977 730 977 729 977 703 983 694 984 676 983 621 977 620 977 567 978 543 983 527 986 517 983 504 978 503 978 503 978 466 983 453 984 442 983 422 979 421 979 404 983 380 989 374 984 374 984 373 984 372 984 371 984 370 984 364 988 288 984 288 1015 288 1028 956 1021 956 1007 954 983 918 983 901 974 900 974 899 974 898 974 897 974 887 983 886 984 832 984 829 995"/></Shape>
            <String CONTENT="me pater, hactenus nullã feci mentionem eò quod cer¬"
                    HPOS="288.0"
                    VPOS="974.0"
                    WIDTH="668.0"
                    HEIGHT="54.0"
                    ></String>
          </TextLine>
          <TextLine ID="line_21"
                    TAGREFS="LT8"
                    BASELINE="288 1058 957 1051" 
                    HPOS="288.0"
                    VPOS="1017.0"
                    WIDTH="669.0"
                    HEIGHT="57.0">
            <Shape><Polygon POINTS="829 1033 826 1025 821 1024 793 1018 792 1018 742 1024 723 1026 708 1024 699 1022 698 1022 666 1024 589 1027 570 1024 554 1021 553 1021 552 1021 552 1021 548 1024 543 1028 527 1028 483 1024 460 1021 459 1021 458 1021 453 1024 440 1030 404 1030 398 1024 396 1022 395 1022 394 1022 372 1022 371 1022 370 1022 366 1024 348 1031 313 1031 288 1024 288 1058 288 1070 356 1074 357 1074 358 1074 359 1074 364 1070 364 1069 423 1069 426 1069 454 1073 455 1073 523 1068 539 1067 568 1068 674 1070 674 1070 707 1066 717 1065 726 1066 760 1070 761 1070 762 1070 763 1070 768 1065 770 1065 784 1065 865 1069 865 1069 957 1063 957 1051 956 1024 885 1017 884 1017 883 1017 883 1017 877 1022 861 1018 860 1018 859 1018 858 1018 858 1018 850 1024 847 1026 832 1026 829 1033"/></Shape>
            <String CONTENT="tum ſit hunc ſero tandem receptum eſſe à quibuſdam"
                    HPOS="288.0"
                    VPOS="1017.0"
                    WIDTH="669.0"
                    HEIGHT="57.0"
                    WC="0.999097510880115"></String>
          </TextLine>
          <TextLine ID="line_22"
                    TAGREFS="LT8"
                    BASELINE="289 1102 958 1094" 
                    HPOS="288.0"
                    VPOS="1062.0"
                    WIDTH="670.0"
                    HEIGHT="53.0">
            <Shape><Polygon POINTS="289 1102 289 1115 512 1108 559 1112 564 1112 565 1112 570 1112 609 1107 642 1112 646 1112 647 1112 648 1112 650 1112 670 1106 705 1111 708 1111 709 1111 713 1111 751 1106 758 1110 759 1110 760 1110 760 1110 768 1110 889 1105 957 1107 958 1094 957 1069 930 1062 929 1062 883 1069 882 1069 881 1069 864 1064 863 1064 862 1064 821 1068 808 1063 807 1063 806 1063 784 1067 773 1063 772 1063 771 1063 770 1063 769 1063 760 1070 734 1063 733 1063 732 1063 709 1070 708 1070 706 1070 687 1063 686 1063 685 1063 684 1063 683 1063 673 1070 672 1070 636 1064 635 1064 634 1064 633 1064 625 1071 623 1071 613 1071 512 1065 511 1065 510 1065 493 1072 490 1073 466 1072 363 1067 362 1067 332 1073 323 1075 288 1074 289 1102"/></Shape>
            <String CONTENT="eccleſijs. Et proculdubio melius hodie haberet cœtus"
                    HPOS="288.0"
                    VPOS="1062.0"
                    WIDTH="670.0"
                    HEIGHT="53.0"
                    WC="0.9896226192896183"></String>
          </TextLine>
          <TextLine ID="line_23"
                    TAGREFS="LT8"
                    BASELINE="289 1144 957 1137" 
                    HPOS="288.0"
                    VPOS="1106.0"
                    WIDTH="669.0"
                    HEIGHT="55.0">
            <Shape><Polygon POINTS="289 1144 289 1154 350 1161 351 1161 402 1160 403 1160 404 1160 410 1155 454 1160 455 1160 513 1152 514 1152 515 1152 537 1159 538 1159 539 1159 539 1159 568 1151 569 1151 578 1158 579 1158 580 1158 581 1159 613 1159 613 1158 614 1158 615 1158 622 1153 657 1157 658 1157 659 1157 660 1157 668 1151 683 1157 684 1157 685 1157 714 1152 747 1156 748 1156 748 1156 763 1149 764 1149 787 1153 788 1153 789 1153 790 1153 794 1149 795 1148 891 1148 892 1148 901 1152 901 1152 902 1152 956 1147 957 1137 954 1109 913 1112 903 1109 888 1106 887 1106 886 1106 885 1106 873 1110 865 1112 837 1111 816 1109 815 1109 795 1111 773 1113 763 1112 742 1107 742 1107 699 1112 684 1114 681 1112 671 1107 670 1107 669 1107 601 1108 601 1108 587 1113 539 1108 538 1108 503 1115 469 1109 468 1109 467 1109 447 1117 445 1117 443 1117 415 1110 373 1110 372 1110 288 1118 289 1144"/></Shape>
            <String CONTENT="eccleſiaſticus ſi nunquam fuiſſet receptus. Verum non"
                    HPOS="288.0"
                    VPOS="1106.0"
                    WIDTH="669.0"
                    HEIGHT="55.0"
                    WC="0.984869326060673"></String>
          </TextLine>
          <TextLine ID="line_24"
                    TAGREFS="LT8"
                    BASELINE="289 1189 957 1180" 
                    HPOS="288.0"
                    VPOS="1149.0"
                    WIDTH="669.0"
                    HEIGHT="54.0">
            <Shape><Polygon POINTS="289 1189 289 1202 371 1203 372 1203 373 1203 374 1203 376 1201 380 1198 387 1201 393 1203 394 1203 395 1203 408 1200 423 1198 471 1199 521 1201 522 1201 523 1201 524 1201 527 1198 529 1197 543 1198 564 1200 564 1200 599 1197 623 1195 625 1197 629 1199 630 1199 631 1199 631 1199 632 1199 644 1197 650 1195 694 1196 813 1198 814 1198 815 1198 823 1193 824 1193 829 1193 889 1197 890 1197 957 1191 957 1180 956 1155 903 1150 902 1150 901 1150 889 1155 829 1151 828 1151 811 1155 797 1149 797 1149 796 1149 795 1149 773 1155 757 1149 756 1149 755 1149 754 1149 737 1158 683 1158 673 1150 672 1150 671 1150 670 1150 669 1150 656 1155 631 1150 631 1150 630 1150 611 1157 594 1151 593 1151 592 1151 544 1160 531 1152 530 1152 529 1152 502 1152 501 1152 453 1161 423 1154 422 1154 396 1160 385 1154 384 1154 383 1154 359 1158 312 1155 312 1155 311 1155 288 1163 289 1189"/></Shape>
            <String CONTENT="est inſtitutum noſtrum de his in præſentiarum agere"
                    HPOS="288.0"
                    VPOS="1149.0"
                    WIDTH="669.0"
                    HEIGHT="54.0"
                    WC="0.9905133527867934"></String>
          </TextLine>
          <TextLine ID="line_25"
                    TAGREFS="LT8"
                    BASELINE="292 1233 957 1223" 
                    HPOS="291.0"
                    VPOS="1192.0"
                    WIDTH="666.0"
                    HEIGHT="55.0">
            <Shape><Polygon POINTS="292 1233 292 1247 360 1241 397 1241 407 1246 410 1247 411 1247 411 1247 412 1247 417 1245 432 1241 487 1244 516 1245 517 1245 518 1245 519 1245 521 1243 526 1240 594 1238 601 1241 604 1243 605 1243 606 1243 607 1243 613 1241 622 1238 664 1241 705 1242 706 1242 707 1242 708 1242 711 1239 716 1236 766 1238 834 1241 835 1241 836 1241 847 1236 852 1235 854 1236 858 1240 859 1240 860 1240 861 1240 957 1234 957 1223 955 1198 917 1192 916 1192 915 1192 894 1198 893 1199 849 1199 840 1199 818 1192 817 1192 816 1192 815 1192 815 1192 808 1198 803 1193 802 1193 801 1193 774 1192 773 1192 773 1192 755 1199 754 1200 749 1199 714 1193 713 1193 712 1193 692 1200 688 1201 679 1200 633 1195 632 1195 603 1201 592 1203 577 1201 539 1196 539 1196 491 1202 467 1204 447 1202 412 1198 411 1198 291 1203 292 1233"/></Shape>
            <String CONTENT="prolixius, cum quædam &amp; in epiſto. ad Hebr. annota¬"
                    HPOS="291.0"
                    VPOS="1192.0"
                    WIDTH="666.0"
                    HEIGHT="55.0"
                    WC="0.9932276653308495"></String>
          </TextLine>
          <TextLine ID="line_26"
                    TAGREFS="LT8"
                    BASELINE="291 1277 959 1269" 
                    HPOS="290.0"
                    VPOS="1234.0"
                    WIDTH="669.0"
                    HEIGHT="70.0">
            <Shape><Polygon POINTS="291 1277 291 1302 364 1304 365 1304 366 1304 367 1304 374 1300 386 1293 398 1299 401 1301 402 1301 403 1301 404 1301 404 1301 406 1299 416 1292 486 1291 517 1296 519 1296 520 1296 521 1296 521 1296 534 1290 574 1290 592 1295 618 1301 619 1301 619 1301 639 1294 650 1290 656 1293 669 1300 670 1300 671 1300 672 1300 690 1296 713 1300 714 1300 715 1300 716 1300 722 1295 734 1300 735 1300 736 1300 777 1295 786 1299 787 1299 788 1299 809 1295 883 1298 883 1298 884 1298 916 1287 919 1286 958 1286 959 1269 956 1234 930 1241 899 1235 892 1234 891 1234 890 1234 889 1234 889 1235 880 1241 743 1239 742 1239 705 1243 699 1239 694 1236 693 1236 693 1236 692 1236 691 1236 684 1240 676 1243 670 1240 665 1237 664 1237 663 1237 645 1241 631 1242 618 1241 588 1237 587 1237 586 1237 576 1241 570 1245 550 1242 517 1238 516 1238 515 1238 515 1238 509 1243 505 1246 486 1244 442 1239 441 1239 411 1244 406 1240 405 1240 404 1240 366 1240 365 1240 364 1240 363 1240 355 1247 354 1247 349 1247 319 1241 319 1241 318 1241 290 1247 291 1277"/></Shape>
            <String CONTENT="rim. Hæc in hunc finem hunc in locum annotare libuit"
                    HPOS="290.0"
                    VPOS="1234.0"
                    WIDTH="669.0"
                    HEIGHT="70.0"
                    WC="0.9950647411438135"></String>
          </TextLine>
        </TextBlock>
        <TextBlock HPOS="919.2588500976562"
                   VPOS="1285.5908203125"
                   WIDTH="40.9403076171875"
                   HEIGHT="42.7945556640625"
                   ID="block_2"
                   TAGREFS="BT17">
          <Shape><Polygon POINTS="919.259 1285.59 960.199 1285.59 960.199 1328.39 919.259 1328.39 919.259 1285.59"/></Shape>
          <TextLine ID="line_27"
                    TAGREFS="LT8"
                    BASELINE="922 1314 958 1314" 
                    HPOS="922.0"
                    VPOS="1280.0"
                    WIDTH="36.0"
                    HEIGHT="50.0">
            <Shape><Polygon POINTS="922 1314 923 1330 939 1326 957 1330 958 1314 958 1284 922 1280 922 1314"/></Shape>
            <String CONTENT="ut"
                    HPOS="922.0"
                    VPOS="1280.0"
                    WIDTH="36.0"
                    HEIGHT="50.0"
                    WC="0.9724436402320862"></String>
          </TextLine>
        </TextBlock>
      </PrintSpace>
    </Page>
  </Layout>
</alto>
