<?xml version="1.0" encoding="UTF-8"?>
<alto xmlns:xsi="http://www.w3.org/2001/XMLSchema-instance"
      xmlns="http://www.loc.gov/standards/alto/ns-v4#"
      xsi:schemaLocation="http://www.loc.gov/standards/alto/ns-v4# http://www.loc.gov/standards/alto/v4/alto-4-2.xsd">
  <Description>
    <MeasurementUnit>pixel</MeasurementUnit>
    <sourceImageInformation>
      <fileName>6293989.jpg</fileName>
    </sourceImageInformation>
  </Description>
  <Tags>
    <OtherTag ID="BT7" LABEL="CustomZone" DESCRIPTION="block type CustomZone"/><OtherTag ID="BT8" LABEL="DamageZone" DESCRIPTION="block type DamageZone"/><OtherTag ID="BT9" LABEL="DigitizationArtefactZone" DESCRIPTION="block type DigitizationArtefactZone"/><OtherTag ID="BT10" LABEL="DropCapitalZone" DESCRIPTION="block type DropCapitalZone"/><OtherTag ID="BT11" LABEL="GraphicZone" DESCRIPTION="block type GraphicZone"/><OtherTag ID="BT12" LABEL="MainZone" DESCRIPTION="block type MainZone"/><OtherTag ID="BT13" LABEL="MarginTextZone" DESCRIPTION="block type MarginTextZone"/><OtherTag ID="BT14" LABEL="MusicZone" DESCRIPTION="block type MusicZone"/><OtherTag ID="BT15" LABEL="NumberingZone" DESCRIPTION="block type NumberingZone"/><OtherTag ID="BT17" LABEL="QuireMarksZone" DESCRIPTION="block type QuireMarksZone"/><OtherTag ID="BT18" LABEL="RunningTitleZone" DESCRIPTION="block type RunningTitleZone"/><OtherTag ID="BT19" LABEL="SealZone" DESCRIPTION="block type SealZone"/><OtherTag ID="BT20" LABEL="StampZone" DESCRIPTION="block type StampZone"/><OtherTag ID="BT21" LABEL="TableZone" DESCRIPTION="block type TableZone"/><OtherTag ID="BT22" LABEL="TitlePageZone" DESCRIPTION="block type TitlePageZone"/><OtherTag ID="BT3130" LABEL="MainZone-P-Continued" DESCRIPTION="block type MainZone-P-Continued"/><OtherTag ID="BT3131" LABEL="MainZone-Sp" DESCRIPTION="block type MainZone-Sp"/><OtherTag ID="BT3132" LABEL="MainZone-P" DESCRIPTION="block type MainZone-P"/><OtherTag ID="BT3133" LABEL="MarginTextZone-ManuscriptAddendum" DESCRIPTION="block type MarginTextZone-ManuscriptAddendum"/><OtherTag ID="BT3134" LABEL="MainZone-Sp-Continued" DESCRIPTION="block type MainZone-Sp-Continued"/><OtherTag ID="BT3135" LABEL="MainZone-Head" DESCRIPTION="block type MainZone-Head"/><OtherTag ID="BT3136" LABEL="MarginTextZone-Notes" DESCRIPTION="block type MarginTextZone-Notes"/>
    <OtherTag ID="LT7" LABEL="CustomLine" DESCRIPTION="line type CustomLine"/><OtherTag ID="LT8" LABEL="DefaultLine" DESCRIPTION="line type DefaultLine"/><OtherTag ID="LT9" LABEL="DropCapitalLine" DESCRIPTION="line type DropCapitalLine"/><OtherTag ID="LT10" LABEL="HeadingLine" DESCRIPTION="line type HeadingLine"/><OtherTag ID="LT11" LABEL="InterlinearLine" DESCRIPTION="line type InterlinearLine"/><OtherTag ID="LT12" LABEL="MusicLine" DESCRIPTION="line type MusicLine"/>
  </Tags>
  <Layout>
    <Page WIDTH="1000"
          HEIGHT="1466"
          PHYSICAL_IMG_NR="7"
          ID="eSc_dummypage_">
      <PrintSpace HPOS="0"
                  VPOS="0"
                  WIDTH="1000"
                  HEIGHT="1466">
        <TextBlock HPOS="373.1280212402344"
                   VPOS="12.6298189163208"
                   WIDTH="166.73251342773438"
                   HEIGHT="32.95247554779053"
                   ID="block_1"
                   TAGREFS="BT18">
          <Shape><Polygon POINTS="373.128 12.6298 539.861 12.6298 539.861 45.5823 373.128 45.5823 373.128 12.6298"/></Shape>
          <TextLine ID="line_0"
                    TAGREFS="LT8"
                    BASELINE="373 37 543 33" 
                    HPOS="371.0"
                    VPOS="8.0"
                    WIDTH="172.0"
                    HEIGHT="38.0">
            <Shape><Polygon POINTS="373 37 373 46 543 42 543 33 542 16 519 8 518 8 517 8 516 8 515 8 509 13 504 9 503 9 502 9 502 9 501 9 500 9 492 17 491 17 468 17 466 17 456 11 455 11 435 11 434 11 433 11 432 11 427 15 420 10 419 10 418 10 379 10 378 10 378 10 377 10 377 11 371 15 373 37"/></Shape>
            <String CONTENT="CAP. II."
                    HPOS="371.0"
                    VPOS="8.0"
                    WIDTH="172.0"
                    HEIGHT="38.0"
                    WC="0.9942590445280075"></String>
          </TextLine>
        </TextBlock>
        <TextBlock HPOS="788.1641235351562"
                   VPOS="10.900403022766113"
                   WIDTH="38.76617431640625"
                   HEIGHT="26.183581352233887"
                   ID="block_0"
                   TAGREFS="BT15">
          <Shape><Polygon POINTS="788.164 10.9004 826.93 10.9004 826.93 37.084 788.164 37.084 788.164 10.9004"/></Shape>
          <TextLine ID="line_1"
                    TAGREFS="LT8"
                    BASELINE="798 27 817 29" 
                    HPOS="797.0"
                    VPOS="0.0"
                    WIDTH="21.0"
                    HEIGHT="43.0">
            <Shape><Polygon POINTS="807 0 799 0 798 27 797 35 814 43 817 29 818 1 808 0 807 0"/></Shape>
            <String CONTENT="23"
                    HPOS="797.0"
                    VPOS="0.0"
                    WIDTH="21.0"
                    HEIGHT="43.0"
                    ></String>
          </TextLine>
        </TextBlock>
        <TextBlock HPOS="73.63973999023438"
                   VPOS="51.262428283691406"
                   WIDTH="745.2659606933594"
                   HEIGHT="359.46446990966797"
                   ID="block_3"
                   TAGREFS="BT3130">
          <Shape><Polygon POINTS="73.6397 51.2624 818.906 51.2624 818.906 410.727 73.6397 410.727 73.6397 51.2624"/></Shape>
          <TextLine ID="line_2"
                    TAGREFS="LT8"
                    BASELINE="75 78 814 67" 
                    HPOS="74.0"
                    VPOS="40.0"
                    WIDTH="740.0"
                    HEIGHT="51.0">
            <Shape><Polygon POINTS="653 42 646 42 628 47 616 42 616 42 615 42 555 48 537 43 536 43 535 43 484 48 453 52 412 48 405 48 405 48 401 48 379 52 370 48 366 47 365 47 365 47 364 47 359 48 347 53 335 48 327 46 326 46 325 46 325 46 313 49 299 52 290 49 290 49 289 49 288 49 287 49 279 55 243 56 200 56 191 49 190 49 189 49 189 49 186 49 145 56 126 49 124 49 123 49 123 49 74 49 75 78 75 86 98 91 99 91 132 86 302 90 303 90 385 83 469 87 470 87 471 87 482 82 530 81 675 84 676 84 677 84 701 78 756 83 757 83 757 83 776 76 814 75 814 67 813 48 787 41 786 41 762 46 736 40 735 40 735 40 718 48 718 48 703 43 702 43 701 43 700 43 700 43 692 48 691 48 686 48 655 42 653 42"/></Shape>
            <String CONTENT="natum in eorum cerebris, mortuos pro nobis intercedere. Ergo in"
                    HPOS="74.0"
                    VPOS="40.0"
                    WIDTH="740.0"
                    HEIGHT="51.0"
                    WC="0.9887825600684635"></String>
          </TextLine>
          <TextLine ID="line_3"
                    TAGREFS="LT8"
                    BASELINE="76 107 813 96" 
                    HPOS="75.0"
                    VPOS="74.0"
                    WIDTH="738.0"
                    HEIGHT="43.0">
            <Shape><Polygon POINTS="76 107 76 117 812 105 813 96 811 78 770 74 770 74 747 79 738 80 731 79 707 74 706 74 705 74 689 79 683 81 678 80 664 76 663 76 662 76 643 80 636 82 631 81 613 76 612 76 612 76 585 82 582 82 580 82 550 77 549 77 526 82 501 78 500 78 499 78 488 83 478 83 443 85 435 84 392 79 391 79 364 86 362 86 345 86 184 85 183 85 182 85 181 85 176 89 144 83 143 83 142 83 141 83 134 88 110 84 110 84 75 91 76 107"/></Shape>
            <String CONTENT="eo fundare preces noſtras, eſt fidem penitus à Dei inuocatione auel¬"
                    HPOS="75.0"
                    VPOS="74.0"
                    WIDTH="738.0"
                    HEIGHT="43.0"
                    WC="0.9876640015754147"></String>
          </TextLine>
          <TextLine ID="line_4"
                    TAGREFS="LT8"
                    BASELINE="75 137 817 126" 
                    HPOS="74.0"
                    VPOS="103.0"
                    WIDTH="743.0"
                    HEIGHT="45.0">
            <Shape><Polygon POINTS="75 137 75 148 816 136 817 126 815 107 719 103 718 103 718 103 702 108 698 109 689 108 657 104 656 104 620 109 603 110 590 109 569 105 568 105 568 105 556 109 548 111 532 109 519 108 519 108 510 109 495 112 483 109 470 107 469 107 453 109 436 113 423 110 413 108 412 108 411 108 405 110 400 113 372 110 348 109 348 109 347 109 342 111 334 114 318 111 317 111 316 111 312 111 269 115 263 111 261 110 260 110 259 110 259 110 247 112 215 116 188 112 184 112 183 112 182 112 180 112 167 116 154 113 151 112 150 112 149 112 149 112 147 113 140 116 74 114 75 137"/></Shape>
            <String CONTENT="lere. Atqui Paulus regulam Dei ritè inuocandi præſcribit, fidem ex"
                    HPOS="74.0"
                    VPOS="103.0"
                    WIDTH="743.0"
                    HEIGHT="45.0"
                    WC="0.9930365868468782"></String>
          </TextLine>
          <TextLine ID="line_5"
                    TAGREFS="LT8"
                    BASELINE="75 166 345 165 818 154" 
                    HPOS="74.0"
                    VPOS="133.0"
                    WIDTH="744.0"
                    HEIGHT="47.0">
            <Shape><Polygon POINTS="75 166 75 177 201 180 202 180 235 175 236 175 248 179 249 179 250 179 277 175 305 179 306 179 448 171 489 175 490 175 624 167 629 167 630 167 674 172 675 172 725 166 726 165 818 163 818 154 816 136 690 133 689 133 688 133 680 137 674 140 663 137 654 135 653 135 652 135 640 137 625 140 618 137 612 135 611 135 582 135 581 135 581 135 571 138 561 141 533 139 524 138 524 138 516 139 489 143 473 140 462 137 462 137 461 137 453 140 437 144 351 145 295 141 278 140 277 140 277 140 273 142 258 147 226 142 217 141 216 141 215 141 212 142 198 148 165 143 162 143 161 143 74 144 75 166"/></Shape>
            <String CONTENT="verbo Dei conceptã Ro.1o. Meritd itaque repudiamus, quod curioſi"
                    HPOS="74.0"
                    VPOS="133.0"
                    WIDTH="744.0"
                    HEIGHT="47.0"
                    WC="0.9832711577415466"></String>
          </TextLine>
          <TextLine ID="line_6"
                    TAGREFS="LT8"
                    BASELINE="74 196 308 195 816 184" 
                    HPOS="74.0"
                    VPOS="162.0"
                    WIDTH="742.0"
                    HEIGHT="47.0">
            <Shape><Polygon POINTS="74 196 74 206 225 204 226 204 253 209 254 209 255 209 269 203 270 203 271 203 302 208 303 208 365 201 369 201 373 201 439 206 440 206 483 205 484 205 494 200 531 204 532 204 558 200 621 202 622 202 623 202 640 197 643 197 663 197 758 200 759 200 760 200 761 200 766 195 816 194 816 184 814 167 775 162 774 162 740 167 735 168 732 168 713 163 712 163 665 168 650 170 642 169 621 165 621 165 581 169 559 171 555 170 549 166 548 166 547 166 515 167 514 167 513 167 510 170 506 172 475 171 439 168 438 168 418 171 391 175 336 171 312 171 312 171 311 171 308 172 297 176 278 172 273 171 272 171 271 171 270 171 269 172 263 176 234 173 233 173 160 179 140 174 140 174 139 174 74 174 74 196"/></Shape>
            <String CONTENT="homines extra Dei verbum imaginantur. Sed ne prolixior ſim, quàm"
                    HPOS="74.0"
                    VPOS="162.0"
                    WIDTH="742.0"
                    HEIGHT="47.0"
                    WC="0.9942784208517809"></String>
          </TextLine>
          <TextLine ID="line_7"
                    TAGREFS="LT8"
                    BASELINE="74 225 318 224 813 214" 
                    HPOS="73.0"
                    VPOS="191.0"
                    WIDTH="740.0"
                    HEIGHT="49.0">
            <Shape><Polygon POINTS="74 225 74 240 119 235 154 239 154 239 155 239 165 234 252 237 255 237 255 237 257 237 316 232 431 234 437 234 438 234 439 234 440 234 447 229 457 233 458 233 458 233 480 233 519 232 519 232 530 228 813 228 813 214 810 191 771 193 770 193 753 199 713 193 713 193 712 193 711 193 660 201 610 201 577 195 577 195 576 195 526 203 489 197 488 197 435 206 370 206 329 200 328 200 327 200 297 207 253 207 245 201 244 201 243 201 242 201 242 201 222 208 180 202 180 202 140 210 123 203 123 203 122 203 121 203 98 209 73 204 74 225"/></Shape>
            <String CONTENT="loci expoſitio flagitat: ſumma ſit, Chriſto vno fore contentos, qui"
                    HPOS="73.0"
                    VPOS="191.0"
                    WIDTH="740.0"
                    HEIGHT="49.0"
                    WC="0.9969779840156213"></String>
          </TextLine>
          <TextLine ID="line_8"
                    TAGREFS="LT8"
                    BASELINE="75 254 324 254 808 243" 
                    HPOS="74.0"
                    VPOS="219.0"
                    WIDTH="734.0"
                    HEIGHT="49.0">
            <Shape><Polygon POINTS="75 254 75 264 142 268 143 268 233 263 286 266 287 266 288 266 289 266 294 262 295 262 301 262 332 265 333 265 334 265 343 262 348 260 478 260 616 260 617 260 658 258 753 253 806 256 808 243 806 222 779 226 769 222 762 219 762 219 761 219 738 223 725 224 708 223 676 221 675 221 651 224 616 229 565 226 528 223 528 223 527 223 520 227 513 230 483 228 482 228 481 228 480 228 474 232 456 228 444 225 443 225 442 225 434 228 423 232 412 228 405 227 405 227 404 227 403 227 399 228 389 234 345 234 331 230 329 229 328 229 327 229 312 230 255 236 229 232 211 229 211 229 74 234 75 254"/></Shape>
            <String CONTENT="verè didicerint eius officium: mediatores ſibi propria libidine fabri¬"
                    HPOS="74.0"
                    VPOS="219.0"
                    WIDTH="734.0"
                    HEIGHT="49.0"
                    WC="0.9905759549476731"></String>
          </TextLine>
          <TextLine ID="line_9"
                    TAGREFS="LT8"
                    BASELINE="75 285 806 273" 
                    HPOS="74.0"
                    VPOS="252.0"
                    WIDTH="732.0"
                    HEIGHT="44.0">
            <Shape><Polygon POINTS="75 285 75 294 193 292 198 292 229 296 230 296 231 296 232 296 237 292 280 295 281 295 332 290 333 290 379 294 380 294 381 294 392 289 440 293 440 293 466 288 468 288 469 288 492 292 493 292 493 292 506 287 508 287 511 287 544 291 545 291 546 291 558 286 559 286 563 286 595 290 596 290 806 282 806 273 805 253 741 253 740 253 740 253 737 254 731 257 724 254 719 252 718 252 718 252 648 253 612 257 585 259 566 258 543 255 542 255 541 255 534 258 528 260 518 258 495 255 494 255 493 255 486 259 483 261 477 259 465 256 464 256 463 256 462 256 453 260 451 262 387 263 367 262 302 258 301 258 300 258 282 263 279 264 273 264 233 259 232 259 231 259 216 265 215 266 127 267 88 262 87 262 86 262 74 267 75 285"/></Shape>
            <String CONTENT="care eorum eſſe, qui nec Deum nec Chriſtum nouerunt. Vnde conſti"
                    HPOS="74.0"
                    VPOS="252.0"
                    WIDTH="732.0"
                    HEIGHT="44.0"
                    WC="0.9954583309590816"></String>
          </TextLine>
          <TextLine ID="line_10"
                    TAGREFS="LT8"
                    BASELINE="75 315 806 304" 
                    HPOS="74.0"
                    VPOS="281.0"
                    WIDTH="732.0"
                    HEIGHT="46.0">
            <Shape><Polygon POINTS="75 315 75 323 122 327 123 327 123 327 135 323 137 322 143 323 169 326 170 326 171 326 182 322 184 322 224 322 411 323 412 323 424 320 435 318 475 320 512 321 513 321 524 320 540 316 555 319 565 320 566 320 567 320 572 319 581 316 806 316 806 304 805 288 761 281 760 281 704 282 704 282 691 289 691 289 674 289 639 289 625 284 625 284 624 284 554 290 553 290 552 290 527 285 526 285 436 292 432 292 431 292 411 288 410 288 338 294 329 294 327 294 313 288 312 288 312 288 254 294 242 295 233 294 187 289 186 289 185 289 165 295 164 295 163 295 136 290 135 290 134 290 133 290 127 296 125 297 74 297 75 315"/></Shape>
            <String CONTENT="ruo, Papiſtarum doctrinam, quæ &amp; Chriſti patrocinium obſcurat,"
                    HPOS="74.0"
                    VPOS="281.0"
                    WIDTH="732.0"
                    HEIGHT="46.0"
                    WC="0.995407142946797"></String>
          </TextLine>
          <TextLine ID="line_11"
                    TAGREFS="LT8"
                    BASELINE="83 349 800 338" 
                    HPOS="75"
                    VPOS="316"
                    WIDTH="730"
                    HEIGHT="39">
            <Shape><Polygon POINTS="654 333 646 333 638 333 629 333 621 333 613 333 605 333 597 333 589 333 581 333 572 333 564 333 556 333 548 333 540 333 532 333 524 333 515 333 507 333 499 333 491 323 483 333 475 333 466 333 458 333 450 333 442 333 434 333 426 333 418 333 409 333 401 333 393 333 389 320 377 333 371 324 361 333 352 333 344 333 336 333 328 333 320 333 312 326 303 333 295 333 287 323 279 333 271 333 263 333 255 333 246 333 238 333 230 333 222 333 214 333 206 333 198 333 189 333 181 333 173 333 165 333 157 333 149 333 140 333 132 333 124 333 116 333 108 333 100 333 92 333 83 333 75 333 76 344 76 353 240 355 241 355 273 351 275 351 277 351 298 355 299 355 359 349 366 349 371 349 407 353 408 353 409 353 425 348 427 348 449 348 612 350 641 345 645 345 650 345 687 349 688 349 689 349 694 345 740 348 741 348 742 348 743 348 748 343 750 343 804 343 805 333 802 316 691 317 690 317 686 318 664 325 662 333"/></Shape>
            <String CONTENT="imo ferè ſepelit, &amp; fictitios inducit Patronos abſque vſſo ſcripturæ"
                    HPOS="75"
                    VPOS="316"
                    WIDTH="730"
                    HEIGHT="39"
                    ></String>
          </TextLine>
          <TextLine ID="line_12"
                    TAGREFS="LT8"
                    BASELINE="79 373 806 364" 
                    HPOS="79.0"
                    VPOS="340.0"
                    WIDTH="727.0"
                    HEIGHT="49.0">
            <Shape><Polygon POINTS="79 373 79 381 122 389 123 389 154 381 255 387 256 387 321 386 321 386 339 379 383 383 384 383 480 377 553 383 554 383 555 383 565 379 619 382 620 382 664 377 674 381 674 381 675 381 676 381 693 374 709 374 746 373 749 373 776 379 777 379 806 373 806 364 805 345 745 340 744 340 744 340 726 345 726 345 705 341 704 341 673 346 669 346 665 346 625 342 624 342 623 342 610 346 607 346 601 346 566 342 565 342 519 346 502 348 486 347 460 345 459 345 442 347 431 349 427 347 420 345 419 345 418 345 418 345 417 345 414 347 411 349 380 348 329 346 328 346 327 346 322 348 317 351 79 351 79 373"/></Shape>
            <String CONTENT="teſtimonio, tum impiæ diffidentiæ, tum etiam impiæ temetitatis pleᛘ"
                    HPOS="79.0"
                    VPOS="340.0"
                    WIDTH="727.0"
                    HEIGHT="49.0"
                    ></String>
          </TextLine>
          <TextLine ID="line_13"
                    TAGREFS="LT8"
                    BASELINE="81 403 195 402" 
                    HPOS="80.0"
                    VPOS="378.0"
                    WIDTH="115.0"
                    HEIGHT="33.0">
            <Shape><Polygon POINTS="81 403 81 411 195 410 195 402 191 379 185 384 168 380 158 378 158 378 157 378 145 381 134 385 122 383 96 380 95 380 94 380 80 385 81 403"/></Shape>
            <String CONTENT="nam eſſe."
                    HPOS="80.0"
                    VPOS="378.0"
                    WIDTH="115.0"
                    HEIGHT="33.0"
                    WC="0.9999335606892904"></String>
          </TextLine>
        </TextBlock>
        <TextBlock HPOS="78.77313995361328"
                   VPOS="409.2179870605469"
                   WIDTH="738.9099044799805"
                   HEIGHT="654.7511291503906"
                   ID="block_5"
                   TAGREFS="BT3132">
          <Shape><Polygon POINTS="78.7731 409.218 817.683 409.218 817.683 1063.97 78.7731 1063.97 78.7731 409.218"/></Shape>
          <TextLine ID="line_14"
                    TAGREFS="LT8"
                    BASELINE="158 433 810 423" 
                    HPOS="158.0"
                    VPOS="397.0"
                    WIDTH="652.0"
                    HEIGHT="50.0">
            <Shape><Polygon POINTS="158 433 158 441 178 447 179 447 180 447 246 441 270 445 271 445 375 444 424 437 430 437 434 437 477 443 478 443 479 443 480 443 489 436 490 436 497 436 569 441 570 441 626 434 628 434 634 438 634 438 635 438 636 438 663 434 665 434 667 434 693 439 694 439 695 439 696 439 704 433 704 433 708 433 745 438 746 438 747 438 758 432 760 432 809 432 810 423 808 401 770 397 769 397 746 401 730 404 720 402 709 398 708 398 707 398 706 398 705 398 705 399 701 402 697 406 675 406 669 402 663 399 662 399 661 399 660 399 651 402 638 407 562 407 549 403 538 400 537 400 537 400 507 401 506 401 506 401 502 403 496 408 490 403 488 402 487 402 486 402 485 402 484 402 484 402 481 404 475 408 446 405 445 405 444 405 428 409 405 404 398 403 397 403 396 403 394 405 386 409 377 405 373 403 372 403 371 403 362 405 343 409 336 405 333 403 332 403 331 403 321 406 303 409 286 406 281 405 281 405 280 405 277 406 265 409 254 406 250 405 249 405 218 405 217 405 216 405 215 405 213 407 207 410 158 408 158 433"/></Shape>
            <String CONTENT="Qui dedit ſemetipſum.) Non eſt ſuperuacua hoc loco re¬"
                    HPOS="158.0"
                    VPOS="397.0"
                    WIDTH="652.0"
                    HEIGHT="50.0"
                    WC="0.9992126844547413"></String>
          </TextLine>
          <TextLine ID="line_15"
                    TAGREFS="LT8"
                    BASELINE="77 462 815 454" 
                    HPOS="76.0"
                    VPOS="430.0"
                    WIDTH="739.0"
                    HEIGHT="40.0">
            <Shape><Polygon POINTS="77 462 77 470 814 464 815 454 813 430 704 435 625 432 616 432 615 432 614 432 613 432 601 439 570 435 569 435 568 435 558 441 518 442 368 442 357 438 356 438 356 438 355 438 343 443 309 436 308 436 308 436 278 443 214 439 213 439 187 444 171 438 171 438 170 438 169 438 162 441 154 437 152 437 151 437 150 437 149 437 149 437 149 438 142 443 123 438 123 438 122 438 76 438 77 462"/></Shape>
            <String CONTENT="demptionis commemoratio. Sunt enim res neceſſariò coniunctæ,"
                    HPOS="76.0"
                    VPOS="430.0"
                    WIDTH="739.0"
                    HEIGHT="40.0"
                    WC="0.9950839984612386"></String>
          </TextLine>
          <TextLine ID="line_16"
                    TAGREFS="LT8"
                    BASELINE="79 492 815 482" 
                    HPOS="78.0"
                    VPOS="461.0"
                    WIDTH="737.0"
                    HEIGHT="44.0">
            <Shape><Polygon POINTS="665 470 660 463 78 470 79 492 79 500 106 505 107 505 213 500 240 504 241 504 242 504 242 504 251 499 290 504 291 504 292 504 306 499 368 502 369 502 370 502 370 502 378 497 392 502 392 502 393 502 445 501 446 501 447 501 453 497 466 501 467 501 468 501 494 495 530 500 531 500 550 496 694 498 695 498 696 498 696 498 703 492 815 490 815 482 813 461 668 463 665 470"/></Shape>
            <String CONTENT="ſacrificium mortis Chriſti, &amp; perpetua interceſſio: ſuntque duæ ſa¬"
                    HPOS="78.0"
                    VPOS="461.0"
                    WIDTH="737.0"
                    HEIGHT="44.0"
                    WC="0.9916910813815558"></String>
          </TextLine>
          <TextLine ID="line_17"
                    TAGREFS="LT8"
                    BASELINE="79 522 812 511" 
                    HPOS="78.0"
                    VPOS="490.0"
                    WIDTH="734.0"
                    HEIGHT="45.0">
            <Shape><Polygon POINTS="665 500 661 494 634 493 634 493 609 496 603 497 601 496 590 491 590 491 589 491 588 491 587 491 580 496 577 498 571 496 550 492 550 492 498 497 471 500 434 500 430 498 422 494 422 494 421 494 399 498 384 500 371 498 358 495 357 495 339 498 319 501 312 499 304 495 303 495 303 495 302 495 301 495 296 499 290 502 262 499 253 498 252 498 239 499 189 504 174 500 168 498 167 498 167 498 78 500 79 522 79 530 96 535 96 535 97 535 135 530 175 535 176 535 176 535 198 529 227 533 228 533 264 529 359 532 360 532 590 523 642 528 643 528 812 519 812 511 810 495 749 495 748 495 722 490 722 490 721 490 709 495 706 495 667 494 665 500"/></Shape>
            <String CONTENT="cerdotii partes. Nam hac ſignificatione ſacerdos noſter Chriſtus vo¬"
                    HPOS="78.0"
                    VPOS="490.0"
                    WIDTH="734.0"
                    HEIGHT="45.0"
                    WC="0.9823253987466588"></String>
          </TextLine>
          <TextLine ID="line_18"
                    TAGREFS="LT8"
                    BASELINE="80 551 388 549 817 540" 
                    HPOS="79.0"
                    VPOS="521.0"
                    WIDTH="738.0"
                    HEIGHT="41.0">
            <Shape><Polygon POINTS="666 531 663 525 548 528 525 528 522 526 518 522 517 522 516 522 515 522 400 524 399 524 398 524 393 528 391 529 374 528 327 526 326 526 325 526 315 529 310 531 299 530 270 526 269 526 246 531 235 532 220 531 185 527 184 527 183 527 171 532 167 533 158 532 133 528 132 528 79 533 80 551 80 562 817 551 817 540 814 521 669 524 666 531"/></Shape>
            <String CONTENT="catur, quòd ſemel peccata noſtra morte ſua expiauit, vt Deum nobis"
                    HPOS="79.0"
                    VPOS="521.0"
                    WIDTH="738.0"
                    HEIGHT="41.0"
                    ></String>
          </TextLine>
          <TextLine ID="line_19"
                    TAGREFS="LT8"
                    BASELINE="83 581 810 570" 
                    HPOS="82.0"
                    VPOS="548.0"
                    WIDTH="728.0"
                    HEIGHT="47.0">
            <Shape><Polygon POINTS="83 581 83 595 136 594 136 594 137 594 144 589 185 593 190 593 191 593 198 592 251 588 347 590 375 590 376 590 377 590 378 590 378 589 383 586 395 588 402 590 403 590 418 588 440 585 457 588 472 589 473 589 810 579 810 570 808 548 698 549 694 550 668 555 645 550 642 550 641 550 640 550 638 551 618 557 580 557 558 553 557 553 445 559 430 555 429 555 428 555 427 555 417 560 391 556 390 556 389 556 378 560 309 557 308 557 273 561 253 556 251 556 250 556 249 556 242 557 189 564 153 564 140 558 139 557 138 557 137 557 136 557 135 558 117 564 82 559 83 581"/></Shape>
            <String CONTENT="propitium redderet, &amp; nunc ſanctuarium cœli ingreſſus, ad impetranᛘ"
                    HPOS="82.0"
                    VPOS="548.0"
                    WIDTH="728.0"
                    HEIGHT="47.0"
                    ></String>
          </TextLine>
          <TextLine ID="line_20"
                    TAGREFS="LT8"
                    BASELINE="83 611 807 601" 
                    HPOS="83.0"
                    VPOS="576.0"
                    WIDTH="724.0"
                    HEIGHT="43.0">
            <Shape><Polygon POINTS="83 611 83 619 807 611 807 601 805 576 738 583 718 578 713 577 712 577 705 578 683 584 638 584 629 580 628 579 627 579 626 579 615 580 571 585 554 582 541 579 540 579 539 579 530 583 519 586 508 583 506 583 506 583 505 583 499 583 471 587 458 584 451 583 311 583 310 583 281 588 276 590 247 590 246 589 237 585 237 585 236 585 235 585 234 585 228 590 226 591 193 591 189 591 152 585 151 585 150 585 136 592 97 586 96 586 96 586 83 592 83 611"/></Shape>
            <String CONTENT="dã nobis gratiam coram Patre apparet, vt eius nomine exaudiamur."
                    HPOS="83.0"
                    VPOS="576.0"
                    WIDTH="724.0"
                    HEIGHT="43.0"
                    WC="0.9946537999006418"></String>
          </TextLine>
          <TextLine ID="line_21"
                    TAGREFS="LT8"
                    BASELINE="83 640 806 630" 
                    HPOS="83.0"
                    VPOS="606.0"
                    WIDTH="723.0"
                    HEIGHT="48.0">
            <Shape><Polygon POINTS="83 640 83 649 121 654 122 654 123 654 138 648 140 648 145 648 193 653 194 653 249 646 255 646 258 646 284 652 285 652 286 652 286 652 294 647 344 649 345 649 373 645 376 645 378 645 415 650 416 650 466 649 467 649 468 649 477 643 479 643 491 643 607 647 607 647 608 647 626 641 627 641 693 646 694 646 806 638 806 630 805 610 698 606 697 606 678 610 672 611 667 610 649 607 648 607 647 607 638 610 634 612 631 610 627 609 626 609 625 609 599 611 577 613 573 611 567 609 566 609 565 609 564 609 563 609 560 611 558 613 523 612 481 610 480 610 480 610 475 612 471 615 409 615 391 613 376 611 375 611 348 614 303 617 267 614 250 613 249 613 218 614 137 619 83 616 83 640"/></Shape>
            <String CONTENT="Quo melius detegitur ſacrilega Papiſtarum impietas, qui dum in"
                    HPOS="83.0"
                    VPOS="606.0"
                    WIDTH="723.0"
                    HEIGHT="48.0"
                    WC="0.9867578273819338"></String>
          </TextLine>
          <TextLine ID="line_22"
                    TAGREFS="LT8"
                    BASELINE="80 671 805 659" 
                    HPOS="79.0"
                    VPOS="635.0"
                    WIDTH="726.0"
                    HEIGHT="45.0">
            <Shape><Polygon POINTS="666 649 661 640 654 637 653 637 652 637 651 637 651 637 646 640 644 642 591 643 585 641 577 638 576 638 575 638 551 641 541 643 532 642 514 639 513 639 475 642 438 645 383 643 339 641 339 641 338 641 331 644 321 647 310 644 304 642 303 642 303 642 302 642 297 644 285 648 253 645 239 643 238 643 227 645 201 649 190 645 187 644 186 644 185 644 171 645 118 650 79 646 80 671 80 680 804 667 805 659 803 640 771 635 770 635 747 640 742 641 669 641 666 649"/></Shape>
            <String CONTENT="hoc officio ſanctos Chriſto ſocios adiungunt, ſimul ad eos tranſfe¬"
                    HPOS="79.0"
                    VPOS="635.0"
                    WIDTH="726.0"
                    HEIGHT="45.0"
                    WC="0.9881463735850889"></String>
          </TextLine>
          <TextLine ID="line_23"
                    TAGREFS="LT8"
                    BASELINE="81 700 805 689" 
                    HPOS="80.0"
                    VPOS="665.0"
                    WIDTH="725.0"
                    HEIGHT="44.0">
            <Shape><Polygon POINTS="81 700 81 707 322 709 323 709 324 709 339 703 341 703 344 703 371 708 372 708 441 707 442 707 443 707 450 702 453 702 484 706 484 706 508 701 509 701 510 701 525 706 526 706 527 706 579 702 597 705 598 705 700 697 709 697 716 697 788 702 788 702 789 702 805 696 805 689 803 667 768 665 767 665 766 665 759 667 743 672 733 668 732 668 731 668 731 668 696 672 674 669 670 669 669 669 669 669 668 669 663 673 654 670 650 668 649 668 648 668 638 670 630 671 622 671 600 667 599 667 599 667 598 667 594 671 590 674 573 671 554 669 553 669 552 669 542 672 533 675 491 674 459 672 458 672 389 676 338 679 329 677 300 672 299 672 280 676 193 674 192 674 191 674 190 674 181 681 180 681 146 675 145 675 145 675 131 682 101 675 101 675 100 675 80 683 81 700"/></Shape>
            <String CONTENT="runt ſacerdotii gloriam. Lege quartum caput ad Hebræos circa fi¬"
                    HPOS="80.0"
                    VPOS="665.0"
                    WIDTH="725.0"
                    HEIGHT="44.0"
                    WC="0.9989523543044925"></String>
          </TextLine>
          <TextLine ID="line_24"
                    TAGREFS="LT8"
                    BASELINE="82 729 809 720" 
                    HPOS="81.0"
                    VPOS="697.0"
                    WIDTH="728.0"
                    HEIGHT="45.0">
            <Shape><Polygon POINTS="82 729 82 742 110 737 196 741 212 741 213 741 218 740 241 736 269 739 279 740 280 740 299 738 346 734 377 737 395 738 396 738 426 736 458 733 466 735 475 737 476 737 477 737 499 734 515 733 596 733 800 733 801 733 801 733 802 733 809 729 809 720 806 697 702 702 683 697 677 697 676 697 667 697 640 702 617 698 611 697 610 697 603 698 579 703 500 700 479 699 478 699 465 700 411 706 374 701 368 701 367 701 366 701 364 702 343 706 305 702 299 702 299 702 294 702 261 707 233 702 229 702 228 702 119 704 118 704 118 704 110 709 81 705 82 729"/></Shape>
            <String CONTENT="nem &amp; initium quinti. Reperies quod dico, interceſſionem, qua"
                    HPOS="81.0"
                    VPOS="697.0"
                    WIDTH="728.0"
                    HEIGHT="45.0"
                    WC="0.9911176523224252"></String>
          </TextLine>
          <TextLine ID="line_25"
                    TAGREFS="LT8"
                    BASELINE="82 760 808 749" 
                    HPOS="81.0"
                    VPOS="726.0"
                    WIDTH="727.0"
                    HEIGHT="46.0">
            <Shape><Polygon POINTS="82 760 83 772 96 768 130 772 132 772 132 772 133 772 134 772 139 768 160 771 161 771 186 767 265 769 269 769 270 769 271 769 289 764 807 759 808 749 806 726 713 726 713 726 712 726 709 727 701 730 666 728 654 727 653 727 652 727 651 727 651 728 645 731 616 728 599 727 599 727 598 727 591 728 578 732 521 729 509 729 508 729 502 730 476 733 468 730 463 728 462 728 462 728 406 729 405 729 400 731 391 735 363 732 349 730 348 730 328 732 286 737 246 737 240 733 238 732 237 732 237 732 236 732 235 732 230 733 219 737 158 734 134 733 133 733 132 733 126 735 109 739 81 736 82 760"/></Shape>
            <String CONTENT="propitiatur nobis Deus in ſacrificio fundatam eſſe. Quinetiam tota"
                    HPOS="81.0"
                    VPOS="726.0"
                    WIDTH="727.0"
                    HEIGHT="46.0"
                    WC="0.9977236525578932"></String>
          </TextLine>
          <TextLine ID="line_26"
                    TAGREFS="LT8"
                    BASELINE="83 788 810 778" 
                    HPOS="82.0"
                    VPOS="756.0"
                    WIDTH="728.0"
                    HEIGHT="44.0">
            <Shape><Polygon POINTS="83 788 83 795 101 800 102 800 152 795 184 799 185 799 185 799 204 794 205 794 207 794 254 798 255 798 339 794 393 796 394 796 395 796 409 792 411 792 415 792 444 796 445 796 469 792 474 791 479 792 506 795 507 795 538 791 546 790 562 791 627 794 628 794 629 794 639 790 644 789 810 789 810 778 808 756 82 766 83 788"/></Shape>
            <String CONTENT="veteris ſacerdotii ratio hoc demõſtrat. Sequitur ergo nihil ex officio"
                    HPOS="82.0"
                    VPOS="756.0"
                    WIDTH="728.0"
                    HEIGHT="44.0"
                    WC="0.9880122953737286"></String>
          </TextLine>
          <TextLine ID="line_27"
                    TAGREFS="LT8"
                    BASELINE="84 817 810 807" 
                    HPOS="83.0"
                    VPOS="783.0"
                    WIDTH="727.0"
                    HEIGHT="43.0">
            <Shape><Polygon POINTS="84 817 84 825 385 826 386 826 405 822 445 825 446 825 810 816 810 807 808 785 790 789 778 785 769 783 768 783 767 783 698 784 697 784 696 784 693 786 687 791 658 791 650 787 647 785 646 785 645 785 644 785 639 787 625 791 603 787 594 786 594 786 593 786 589 788 578 792 524 792 486 789 465 787 464 787 463 787 459 789 453 793 413 790 390 788 389 788 378 790 354 794 333 790 326 790 325 790 303 790 249 794 224 792 212 790 211 790 211 790 210 790 208 792 201 797 169 792 160 791 159 791 158 791 155 793 143 798 83 794 84 817"/></Shape>
            <String CONTENT="intercedendi à Chriſto tranſeribi poſſe ad alios, quin ſacerdotii titu¬"
                    HPOS="83.0"
                    VPOS="783.0"
                    WIDTH="727.0"
                    HEIGHT="43.0"
                    WC="0.9755896031856537"></String>
          </TextLine>
          <TextLine ID="line_28"
                    TAGREFS="LT8"
                    BASELINE="88 847 814 837" 
                    HPOS="87.0"
                    VPOS="813.0"
                    WIDTH="727.0"
                    HEIGHT="47.0">
            <Shape><Polygon POINTS="88 847 88 855 147 860 148 860 246 855 268 859 268 859 269 859 290 854 362 857 363 857 391 852 793 852 793 851 794 851 814 846 814 837 813 813 756 813 755 813 754 813 753 813 753 814 747 818 731 814 728 814 727 814 726 814 726 814 713 819 683 816 682 816 682 816 681 816 674 820 643 816 634 815 633 815 625 816 602 820 564 817 563 817 563 817 562 817 552 822 471 822 462 819 459 817 458 817 458 817 457 817 453 819 443 824 406 824 400 820 396 818 395 818 394 818 393 818 389 820 381 825 324 825 312 821 308 820 307 820 306 820 293 821 267 825 242 822 232 821 231 821 224 823 207 826 181 824 160 821 159 821 158 821 151 824 142 827 125 825 110 822 110 822 87 825 88 847"/></Shape>
            <String CONTENT="lo nudetur. Præterea cum αντιλυτρον appellat, alias omnes ſatiſfa¬"
                    HPOS="87.0"
                    VPOS="813.0"
                    WIDTH="727.0"
                    HEIGHT="47.0"
                    ></String>
          </TextLine>
          <TextLine ID="eSc_line_e00d0b44"
                    TAGREFS="LT8"
                    BASELINE="89 879 810 871" 
                    HPOS="86"
                    VPOS="845"
                    WIDTH="723"
                    HEIGHT="45">
            <Shape><Polygon POINTS="88 878 88 884 187 890 188 890 251 889 253 889 254 889 254 888 260 883 290 889 292 889 408 880 591 885 592 885 594 885 595 885 603 879 704 884 705 884 706 884 720 878 808 878 809 869 806 846 500 845 498 845 497 845 496 845 488 851 465 846 464 846 393 852 292 847 290 847 289 847 288 847 288 849 282 853 232 849 231 849 169 855 96 850 95 850 94 850 92 850 86 853 88 878"/></Shape>
            <String CONTENT="ctiones eueritit. Quanquam non me latet Papiſtarum argutia: fin¬"
                    HPOS="86"
                    VPOS="845"
                    WIDTH="723"
                    HEIGHT="45"
                    ></String>
          </TextLine>
          <TextLine ID="line_30"
                    TAGREFS="LT8"
                    BASELINE="84 908 811 896" 
                    HPOS="83.0"
                    VPOS="873.0"
                    WIDTH="728.0"
                    HEIGHT="46.0">
            <Shape><Polygon POINTS="662 885 660 881 640 881 638 881 610 876 609 876 608 876 598 882 596 882 536 882 533 882 515 877 514 877 513 877 512 877 499 882 497 883 481 882 400 879 400 879 379 884 374 885 370 884 343 880 343 880 342 880 325 885 320 886 303 885 239 882 238 882 237 882 227 886 223 887 204 886 160 883 159 883 158 883 148 887 145 888 141 887 133 884 132 884 132 884 83 887 84 908 84 919 136 918 136 918 137 918 144 914 173 917 186 919 187 919 201 917 229 913 265 916 286 917 287 917 298 915 315 912 331 915 343 917 343 917 484 914 484 914 491 912 500 908 718 905 724 908 731 910 731 910 732 910 733 910 734 910 738 907 740 906 810 906 811 896 810 879 759 873 758 873 757 873 744 879 682 875 681 875 680 875 679 875 670 881 665 881 664 881 662 885"/></Shape>
            <String CONTENT="gunt enini redemptionis preciumi, quod morte ſua perſoluit Chri¬"
                    HPOS="83.0"
                    VPOS="873.0"
                    WIDTH="728.0"
                    HEIGHT="46.0"
                    WC="0.9911926221102476"></String>
          </TextLine>
          <TextLine ID="line_31"
                    TAGREFS="LT8"
                    BASELINE="83 934 810 926" 
                    HPOS="83.0"
                    VPOS="904.0"
                    WIDTH="727.0"
                    HEIGHT="45.0">
            <Shape><Polygon POINTS="83 934 83 945 121 949 122 949 156 945 166 944 172 945 197 949 198 949 226 945 237 943 246 945 270 948 271 948 272 948 273 948 278 944 282 943 334 943 339 944 345 948 346 948 347 948 424 944 489 941 523 943 545 945 546 945 555 943 573 939 594 943 603 944 603 944 632 943 744 937 809 942 810 926 808 904 733 905 732 905 731 905 724 911 542 912 506 908 495 908 494 908 493 908 488 909 471 914 403 914 393 911 390 909 389 909 388 909 372 911 339 915 331 912 328 910 327 910 296 910 295 910 295 910 288 912 278 916 248 913 220 911 220 911 219 911 208 914 203 915 189 914 148 912 147 912 83 916 83 934"/></Shape>
            <String CONTENT="ſtus, in Baptiſmo nobis applicari, vt deleatur originale peccatum:"
                    HPOS="83.0"
                    VPOS="904.0"
                    WIDTH="727.0"
                    HEIGHT="45.0"
                    ></String>
          </TextLine>
          <TextLine ID="line_32"
                    TAGREFS="LT8"
                    BASELINE="83 966 810 956" 
                    HPOS="83.0"
                    VPOS="933.0"
                    WIDTH="727.0"
                    HEIGHT="47.0">
            <Shape><Polygon POINTS="83 966 83 980 138 980 138 979 139 979 142 978 158 974 222 977 246 978 246 978 247 978 248 978 250 976 258 971 316 970 367 974 383 974 384 974 385 974 391 973 405 970 416 973 419 974 420 974 421 974 438 972 480 968 492 971 502 974 502 974 503 974 530 974 530 974 531 974 538 970 545 967 568 970 594 972 595 972 736 970 810 964 810 956 809 939 763 939 749 933 748 933 748 933 747 933 732 939 714 933 713 933 713 933 712 933 696 939 666 934 665 934 665 934 640 940 582 936 581 936 581 936 580 936 571 942 532 942 480 936 480 936 479 936 478 936 471 942 456 937 455 937 454 937 409 944 305 945 285 940 284 940 283 940 264 944 246 940 246 940 245 940 145 941 83 948 83 966"/></Shape>
            <String CONTENT="poſtea ſariſfactionibus nos reconciliari Deo. Hoc modo, quod erat"
                    HPOS="83.0"
                    VPOS="933.0"
                    WIDTH="727.0"
                    HEIGHT="47.0"
                    WC="0.9977869510650634"></String>
          </TextLine>
          <TextLine ID="line_33"
                    TAGREFS="LT8"
                    BASELINE="84 995 810 985" 
                    HPOS="83.0"
                    VPOS="962.0"
                    WIDTH="727.0"
                    HEIGHT="43.0">
            <Shape><Polygon POINTS="84 995 84 1002 264 1005 265 1005 290 1000 312 1005 312 1005 353 999 356 999 356 999 370 1004 370 1004 371 1004 457 997 466 997 474 997 566 1001 567 1001 568 1001 585 996 586 996 589 996 621 1000 621 1000 622 1000 637 995 638 995 643 995 687 1000 688 1000 713 994 714 994 718 994 775 998 776 998 809 992 810 985 808 970 749 962 748 962 692 970 623 970 608 965 607 965 607 965 606 965 592 970 568 965 567 965 541 970 492 966 491 966 490 966 489 966 480 973 479 973 475 973 387 967 387 967 332 974 324 976 224 976 223 976 213 972 212 972 211 972 211 972 198 976 193 977 190 976 168 970 167 970 167 970 166 970 147 977 144 978 140 977 127 971 127 971 126 971 83 977 84 995"/></Shape>
            <String CONTENT="vniuerſale &amp; perpetuum beneficium, ad exiguum tempus &amp; ſpe¬"
                    HPOS="83.0"
                    VPOS="962.0"
                    WIDTH="727.0"
                    HEIGHT="43.0"
                    WC="0.9801960334939471"></String>
          </TextLine>
          <TextLine ID="line_34"
                    TAGREFS="LT8"
                    BASELINE="83 1025 812 1015" 
                    HPOS="82.0"
                    VPOS="993.0"
                    WIDTH="730.0"
                    HEIGHT="45.0">
            <Shape><Polygon POINTS="83 1025 83 1038 136 1038 136 1037 137 1037 138 1037 146 1033 161 1036 165 1037 166 1037 186 1036 258 1032 333 1035 351 1035 352 1035 357 1034 387 1030 418 1033 424 1034 425 1034 426 1034 429 1033 447 1029 479 1033 485 1033 486 1033 499 1032 568 1027 589 1031 591 1031 592 1031 597 1031 636 1027 649 1031 650 1031 651 1031 651 1031 657 1031 712 1026 725 1030 726 1030 726 1030 727 1030 733 1030 769 1026 811 1028 812 1015 810 998 769 993 768 993 767 993 751 998 748 999 737 998 696 996 696 996 653 999 645 1000 643 1000 629 994 628 994 627 994 626 994 615 1000 612 1001 537 1001 533 1000 516 996 515 996 515 996 491 1000 484 1002 461 1001 385 997 384 997 325 1003 317 1003 314 1003 296 999 295 999 295 999 286 1003 281 1005 266 1003 241 1000 240 1000 239 1000 238 1000 234 1004 232 1005 179 1006 175 1004 171 1001 171 1001 170 1001 142 1000 141 1000 120 1005 107 1007 82 1005 83 1025"/></Shape>
            <String CONTENT="ciem vnam reſtringunt. Sed plenam huius rei tractationem ex In¬"
                    HPOS="82.0"
                    VPOS="993.0"
                    WIDTH="730.0"
                    HEIGHT="45.0"
                    WC="0.9922792987217979"></String>
          </TextLine>
          <TextLine ID="line_35"
                    TAGREFS="LT8"
                    BASELINE="84 1054 271 1054" 
                    HPOS="84.0"
                    VPOS="1029.0"
                    WIDTH="187.0"
                    HEIGHT="40.0">
            <Shape><Polygon POINTS="84 1054 84 1065 88 1069 89 1069 90 1069 91 1069 170 1064 195 1069 196 1069 227 1064 258 1068 259 1068 259 1068 271 1063 271 1054 271 1035 248 1035 248 1035 242 1030 242 1029 241 1029 240 1029 239 1029 211 1035 207 1035 201 1034 171 1031 171 1031 170 1031 169 1031 164 1034 157 1029 156 1029 155 1029 154 1029 84 1032 84 1054"/></Shape>
            <String CONTENT="ſtitutione pete."
                    HPOS="84.0"
                    VPOS="1029.0"
                    WIDTH="187.0"
                    HEIGHT="40.0"
                    WC="0.9979571849107742"></String>
          </TextLine>
        </TextBlock>
        <TextBlock HPOS="85.53579711914062"
                   VPOS="1063.177978515625"
                   WIDTH="729.1041564941406"
                   HEIGHT="239.950439453125"
                   ID="block_4"
                   TAGREFS="BT3132">
          <Shape><Polygon POINTS="85.5358 1063.18 814.64 1063.18 814.64 1303.13 85.5358 1303.13 85.5358 1063.18"/></Shape>
          <TextLine ID="line_36"
                    TAGREFS="LT8"
                    BASELINE="160 1085 810 1075" 
                    HPOS="159.0"
                    VPOS="1049.0"
                    WIDTH="651.0"
                    HEIGHT="51.0">
            <Shape><Polygon POINTS="160 1085 160 1097 195 1100 196 1100 254 1096 266 1095 269 1095 288 1099 289 1099 326 1094 339 1093 353 1094 403 1097 404 1097 405 1097 405 1097 412 1093 414 1092 429 1093 458 1096 459 1096 481 1092 489 1091 493 1092 501 1096 502 1096 502 1096 503 1096 519 1092 527 1090 549 1091 601 1094 602 1094 603 1094 615 1090 616 1090 620 1090 657 1093 658 1093 659 1093 660 1093 664 1089 665 1088 675 1089 709 1092 709 1092 810 1087 810 1075 809 1053 760 1049 759 1049 711 1055 706 1055 704 1055 680 1051 679 1051 678 1051 678 1051 672 1056 671 1057 609 1057 607 1057 583 1053 582 1053 556 1057 551 1058 546 1057 510 1053 509 1053 508 1053 507 1053 501 1058 500 1059 486 1059 389 1056 388 1056 387 1056 387 1056 382 1060 348 1057 347 1057 346 1057 345 1057 340 1062 339 1062 338 1062 273 1057 272 1057 271 1057 259 1063 258 1063 256 1063 218 1058 217 1058 216 1058 215 1058 207 1064 206 1064 166 1060 165 1060 164 1060 163 1060 159 1062 160 1085"/></Shape>
            <String CONTENT="Vt eſſet teſtimonium.) Hoc eſt, vt hæc gratia patefieret"
                    HPOS="159.0"
                    VPOS="1049.0"
                    WIDTH="651.0"
                    HEIGHT="51.0"
                    WC="0.991596445441246"></String>
          </TextLine>
          <TextLine ID="line_37"
                    TAGREFS="LT8"
                    BASELINE="83 1113 466 1112 807 1103" 
                    HPOS="83.0"
                    VPOS="1084.0"
                    WIDTH="724.0"
                    HEIGHT="44.0">
            <Shape><Polygon POINTS="83 1113 83 1123 130 1128 131 1128 203 1122 212 1122 243 1122 526 1123 527 1123 528 1123 545 1118 546 1118 591 1123 592 1123 656 1117 788 1119 789 1119 790 1119 807 1114 807 1103 805 1084 718 1090 704 1085 703 1085 662 1085 661 1085 660 1085 658 1086 642 1091 567 1088 563 1088 562 1088 559 1088 525 1092 493 1088 482 1088 481 1088 480 1088 475 1089 462 1094 319 1095 312 1092 307 1090 306 1090 305 1090 304 1090 299 1092 292 1095 254 1093 209 1091 208 1091 207 1091 207 1091 202 1094 200 1095 189 1094 160 1092 159 1092 158 1092 149 1095 145 1097 140 1095 132 1092 131 1092 130 1092 83 1096 83 1113"/></Shape>
            <String CONTENT="tempore conſtituto. Dixerat, pro omnibus. Quæ parcicula quæſtio¬"
                    HPOS="83.0"
                    VPOS="1084.0"
                    WIDTH="724.0"
                    HEIGHT="44.0"
                    WC="0.9914367999881506"></String>
          </TextLine>
          <TextLine ID="line_38"
                    TAGREFS="LT8"
                    BASELINE="83 1143 810 1136" 
                    HPOS="83.0"
                    VPOS="1114.0"
                    WIDTH="727.0"
                    HEIGHT="44.0">
            <Shape><Polygon POINTS="83 1143 83 1152 129 1158 130 1158 165 1152 237 1158 237 1158 289 1153 302 1157 303 1157 303 1157 405 1156 568 1148 645 1154 646 1154 739 1146 762 1152 763 1152 764 1152 810 1145 810 1136 808 1114 733 1114 732 1114 731 1114 731 1114 720 1120 674 1114 670 1114 669 1114 669 1114 668 1114 652 1121 565 1123 481 1123 443 1117 440 1117 440 1117 437 1117 403 1123 311 1119 308 1119 308 1119 307 1119 281 1124 273 1119 272 1119 271 1119 270 1119 269 1119 268 1119 252 1124 237 1120 237 1120 236 1120 235 1120 234 1120 228 1125 219 1121 218 1121 217 1121 177 1124 171 1120 170 1120 169 1120 168 1120 132 1126 83 1121 83 1143"/></Shape>
            <String CONTENT="nem mouere poterat:cur ergo peculiarem vnum populum elegiſſet"
                    HPOS="83.0"
                    VPOS="1114.0"
                    WIDTH="727.0"
                    HEIGHT="44.0"
                    ></String>
          </TextLine>
          <TextLine ID="line_39"
                    TAGREFS="LT8"
                    BASELINE="85 1173 808 1165" 
                    HPOS="84.0"
                    VPOS="1143.0"
                    WIDTH="724.0"
                    HEIGHT="42.0">
            <Shape><Polygon POINTS="85 1173 85 1181 246 1185 247 1185 248 1185 264 1180 266 1180 268 1180 295 1185 295 1185 327 1180 338 1179 387 1180 505 1182 506 1182 530 1179 548 1176 591 1178 642 1180 643 1180 643 1180 652 1178 664 1175 691 1175 697 1177 701 1180 702 1180 703 1180 808 1176 808 1165 806 1148 686 1143 685 1143 684 1143 666 1148 660 1149 657 1148 653 1145 652 1145 651 1145 651 1145 619 1148 609 1149 608 1148 602 1144 601 1144 600 1144 599 1144 518 1145 488 1149 468 1151 450 1149 432 1146 431 1146 431 1146 430 1146 427 1149 421 1152 229 1150 228 1150 227 1150 218 1155 180 1155 171 1149 170 1149 169 1149 168 1149 167 1149 161 1149 135 1154 84 1150 85 1173"/></Shape>
            <String CONTENT="Deus, ſi omnibus communiter ſe propitium Patrem exhiberet, ac"
                    HPOS="84.0"
                    VPOS="1143.0"
                    WIDTH="724.0"
                    HEIGHT="42.0"
                    WC="0.9895832509290977"></String>
          </TextLine>
          <TextLine ID="line_40"
                    TAGREFS="LT8"
                    BASELINE="86 1201 399 1201 806 1194" 
                    HPOS="85.0"
                    VPOS="1172.0"
                    WIDTH="721.0"
                    HEIGHT="39.0">
            <Shape><Polygon POINTS="86 1201 86 1211 488 1211 489 1211 646 1205 665 1205 672 1205 730 1209 731 1209 805 1203 806 1194 804 1179 753 1172 753 1172 725 1179 723 1179 720 1179 651 1173 651 1173 584 1174 583 1174 566 1180 563 1181 493 1181 490 1180 468 1176 467 1176 466 1176 457 1180 455 1181 453 1180 443 1176 442 1176 441 1176 407 1180 401 1181 398 1180 384 1177 383 1177 383 1177 357 1181 348 1182 346 1181 340 1177 339 1177 339 1177 338 1177 337 1177 322 1181 315 1184 251 1184 247 1181 240 1178 239 1178 238 1178 237 1178 225 1182 218 1184 208 1182 190 1178 189 1178 189 1178 174 1182 165 1185 161 1182 157 1180 156 1180 155 1180 154 1180 85 1182 86 1201"/></Shape>
            <String CONTENT="vna omnibus communis eſſet redempcio in Chriſto. Huic quæſtio¬"
                    HPOS="85.0"
                    VPOS="1172.0"
                    WIDTH="721.0"
                    HEIGHT="39.0"
                    WC="0.9927335131552911"></String>
          </TextLine>
          <TextLine ID="line_41"
                    TAGREFS="LT8"
                    BASELINE="87 1230 807 1225" 
                    HPOS="86.0"
                    VPOS="1202.0"
                    WIDTH="721.0"
                    HEIGHT="44.0">
            <Shape><Polygon POINTS="87 1230 87 1246 118 1240 190 1245 199 1245 200 1245 206 1244 232 1241 360 1242 445 1243 446 1243 491 1241 541 1237 551 1240 564 1242 565 1242 566 1242 573 1239 580 1237 648 1237 653 1238 660 1241 660 1241 661 1242 661 1241 662 1241 669 1238 674 1237 806 1237 807 1225 805 1202 782 1207 740 1202 736 1202 735 1202 735 1202 734 1202 718 1207 607 1205 607 1205 565 1210 519 1210 510 1204 509 1204 508 1204 507 1204 506 1204 506 1204 490 1209 475 1204 473 1204 472 1204 471 1204 471 1204 470 1204 461 1209 428 1205 427 1205 427 1205 426 1205 401 1210 335 1207 334 1207 334 1207 325 1211 267 1206 262 1206 261 1206 255 1206 188 1211 86 1207 87 1230"/></Shape>
            <String CONTENT="ni anſam præcidit, cum reuelandæ gratiæ opportunitatem refert ad"
                    HPOS="86.0"
                    VPOS="1202.0"
                    WIDTH="721.0"
                    HEIGHT="44.0"
                    ></String>
          </TextLine>
          <TextLine ID="line_42"
                    TAGREFS="LT8"
                    BASELINE="87 1261 807 1255" 
                    HPOS="86.0"
                    VPOS="1232.0"
                    WIDTH="721.0"
                    HEIGHT="43.0">
            <Shape><Polygon POINTS="87 1261 87 1270 176 1275 176 1275 211 1271 242 1274 242 1274 261 1270 267 1268 269 1269 277 1273 277 1273 278 1273 319 1269 324 1269 327 1269 356 1273 356 1273 415 1269 448 1267 487 1268 533 1271 534 1271 551 1268 567 1266 572 1268 577 1271 577 1271 578 1271 603 1268 629 1265 652 1268 671 1270 672 1270 673 1270 682 1268 694 1265 806 1267 807 1255 806 1232 722 1232 721 1232 720 1232 719 1232 718 1233 712 1237 652 1233 635 1233 634 1233 610 1234 535 1239 409 1237 348 1236 347 1236 346 1236 339 1237 327 1242 224 1242 206 1240 180 1237 180 1237 179 1237 178 1237 174 1240 171 1242 156 1240 137 1237 136 1237 86 1241 87 1261"/></Shape>
            <String CONTENT="Dei conſilium. Nam ſi hyeme non miramur emarcidas arbores,"
                    HPOS="86.0"
                    VPOS="1232.0"
                    WIDTH="721.0"
                    HEIGHT="43.0"
                    WC="0.986499416417089"></String>
          </TextLine>
          <TextLine ID="line_43"
                    TAGREFS="LT8"
                    BASELINE="85 1290 265 1293 808 1286" 
                    HPOS="84.0"
                    VPOS="1261.0"
                    WIDTH="724.0"
                    HEIGHT="62.0">
            <Shape><Polygon POINTS="85 1290 85 1321 229 1323 229 1323 230 1323 253 1317 263 1315 277 1316 295 1318 295 1318 296 1318 297 1318 300 1316 308 1311 329 1315 347 1318 348 1318 370 1314 409 1306 431 1312 454 1319 455 1319 456 1319 457 1319 484 1311 495 1307 503 1310 513 1313 514 1313 515 1313 543 1309 549 1308 565 1308 634 1309 635 1309 636 1309 637 1309 641 1306 646 1303 720 1303 724 1303 751 1312 752 1312 753 1312 753 1312 781 1302 783 1302 808 1302 808 1286 806 1265 761 1261 760 1261 759 1261 744 1265 743 1265 738 1265 693 1263 692 1263 691 1263 691 1263 687 1266 684 1267 670 1266 638 1263 637 1263 587 1266 575 1267 551 1267 465 1264 464 1264 463 1264 462 1264 458 1267 457 1268 447 1267 432 1265 431 1265 431 1265 424 1268 418 1269 413 1268 406 1265 405 1265 405 1265 393 1268 382 1270 84 1270 85 1290"/></Shape>
            <String CONTENT="agros niue coopertos, prata gelu rigentia: vere aucem reuireſcere."
                    HPOS="84.0"
                    VPOS="1261.0"
                    WIDTH="724.0"
                    HEIGHT="62.0"
                    ></String>
          </TextLine>
        </TextBlock>
        <TextBlock HPOS="656.2278442382812"
                   VPOS="1295.058837890625"
                   WIDTH="80.48931884765625"
                   HEIGHT="45.7210693359375"
                   ID="block_2"
                   TAGREFS="BT17">
          <Shape><Polygon POINTS="656.228 1295.06 736.717 1295.06 736.717 1340.78 656.228 1340.78 656.228 1295.06"/></Shape>
          <TextLine ID="line_44"
                    TAGREFS="LT8"
                    BASELINE="663 1322 731 1325" 
                    HPOS="662.0"
                    VPOS="1292.0"
                    WIDTH="69.0"
                    HEIGHT="51.0">
            <Shape><Polygon POINTS="662 1337 680 1341 681 1341 682 1341 686 1339 696 1335 727 1343 731 1325 731 1299 711 1296 710 1296 709 1296 709 1296 709 1297 698 1305 684 1305 665 1292 663 1322 662 1337"/></Shape>
            <String CONTENT="b 4"
                    HPOS="662.0"
                    VPOS="1292.0"
                    WIDTH="69.0"
                    HEIGHT="51.0"
                    WC="0.999643862247467"></String>
          </TextLine>
        </TextBlock>
      </PrintSpace>
    </Page>
  </Layout>
</alto>
