<?xml version="1.0" encoding="UTF-8"?>
<alto xmlns:xsi="http://www.w3.org/2001/XMLSchema-instance"
      xmlns="http://www.loc.gov/standards/alto/ns-v4#"
      xsi:schemaLocation="http://www.loc.gov/standards/alto/ns-v4# http://www.loc.gov/standards/alto/v4/alto-4-2.xsd">
  <Description>
    <MeasurementUnit>pixel</MeasurementUnit>
    <sourceImageInformation>
      <fileName>6293985.jpg</fileName>
    </sourceImageInformation>
  </Description>
  <Tags>
    <OtherTag ID="BT7" LABEL="CustomZone" DESCRIPTION="block type CustomZone"/><OtherTag ID="BT8" LABEL="DamageZone" DESCRIPTION="block type DamageZone"/><OtherTag ID="BT9" LABEL="DigitizationArtefactZone" DESCRIPTION="block type DigitizationArtefactZone"/><OtherTag ID="BT10" LABEL="DropCapitalZone" DESCRIPTION="block type DropCapitalZone"/><OtherTag ID="BT11" LABEL="GraphicZone" DESCRIPTION="block type GraphicZone"/><OtherTag ID="BT12" LABEL="MainZone" DESCRIPTION="block type MainZone"/><OtherTag ID="BT13" LABEL="MarginTextZone" DESCRIPTION="block type MarginTextZone"/><OtherTag ID="BT14" LABEL="MusicZone" DESCRIPTION="block type MusicZone"/><OtherTag ID="BT15" LABEL="NumberingZone" DESCRIPTION="block type NumberingZone"/><OtherTag ID="BT17" LABEL="QuireMarksZone" DESCRIPTION="block type QuireMarksZone"/><OtherTag ID="BT18" LABEL="RunningTitleZone" DESCRIPTION="block type RunningTitleZone"/><OtherTag ID="BT19" LABEL="SealZone" DESCRIPTION="block type SealZone"/><OtherTag ID="BT20" LABEL="StampZone" DESCRIPTION="block type StampZone"/><OtherTag ID="BT21" LABEL="TableZone" DESCRIPTION="block type TableZone"/><OtherTag ID="BT22" LABEL="TitlePageZone" DESCRIPTION="block type TitlePageZone"/><OtherTag ID="BT3130" LABEL="MainZone-P-Continued" DESCRIPTION="block type MainZone-P-Continued"/><OtherTag ID="BT3131" LABEL="MainZone-Sp" DESCRIPTION="block type MainZone-Sp"/><OtherTag ID="BT3132" LABEL="MainZone-P" DESCRIPTION="block type MainZone-P"/><OtherTag ID="BT3133" LABEL="MarginTextZone-ManuscriptAddendum" DESCRIPTION="block type MarginTextZone-ManuscriptAddendum"/><OtherTag ID="BT3134" LABEL="MainZone-Sp-Continued" DESCRIPTION="block type MainZone-Sp-Continued"/><OtherTag ID="BT3135" LABEL="MainZone-Head" DESCRIPTION="block type MainZone-Head"/><OtherTag ID="BT3136" LABEL="MarginTextZone-Notes" DESCRIPTION="block type MarginTextZone-Notes"/>
    <OtherTag ID="LT7" LABEL="CustomLine" DESCRIPTION="line type CustomLine"/><OtherTag ID="LT8" LABEL="DefaultLine" DESCRIPTION="line type DefaultLine"/><OtherTag ID="LT9" LABEL="DropCapitalLine" DESCRIPTION="line type DropCapitalLine"/><OtherTag ID="LT10" LABEL="HeadingLine" DESCRIPTION="line type HeadingLine"/><OtherTag ID="LT11" LABEL="InterlinearLine" DESCRIPTION="line type InterlinearLine"/><OtherTag ID="LT12" LABEL="MusicLine" DESCRIPTION="line type MusicLine"/>
  </Tags>
  <Layout>
    <Page WIDTH="1000"
          HEIGHT="1466"
          PHYSICAL_IMG_NR="3"
          ID="eSc_dummypage_">
      <PrintSpace HPOS="0"
                  VPOS="0"
                  WIDTH="1000"
                  HEIGHT="1466">
        <TextBlock HPOS="307"
                   VPOS="28"
                   WIDTH="161"
                   HEIGHT="35"
                   ID="block_1"
                   TAGREFS="BT18">
          <Shape><Polygon POINTS="468 28 468 63 307 63 307 28"/></Shape>
          <TextLine ID="line_0"
                    TAGREFS="LT8"
                    BASELINE="307 55 467 51" 
                    HPOS="306.0"
                    VPOS="21.0"
                    WIDTH="161.0"
                    HEIGHT="44.0">
            <Shape><Polygon POINTS="307 55 307 60 324 65 325 65 325 65 378 63 379 63 380 63 380 62 381 62 382 61 383 59 387 61 393 63 394 63 395 63 396 63 396 63 399 61 404 57 466 61 467 51 466 27 434 21 433 21 432 21 431 21 431 21 424 27 338 23 337 23 306 30 307 55"/></Shape>
            <String CONTENT="CAP. II."
                    HPOS="306.0"
                    VPOS="21.0"
                    WIDTH="161.0"
                    HEIGHT="44.0"
                    WC="0.9996936470270157"></String>
          </TextLine>
        </TextBlock>
        <TextBlock HPOS="772"
                   VPOS="23"
                   WIDTH="43"
                   HEIGHT="31"
                   ID="block_0"
                   TAGREFS="BT15">
          <Shape><Polygon POINTS="815 23 815 54 772 54 772 23"/></Shape>
          <TextLine ID="line_1"
                    TAGREFS="LT8"
                    BASELINE="773 43 810 45" 
                    HPOS="772.0"
                    VPOS="1.0"
                    WIDTH="38.0"
                    HEIGHT="56.0">
            <Shape><Polygon POINTS="772 51 808 57 810 45 810 4 774 1 773 43 772 51"/></Shape>
            <String CONTENT="19"
                    HPOS="772.0"
                    VPOS="1.0"
                    WIDTH="38.0"
                    HEIGHT="56.0"
                    WC="0.9999160170555115"></String>
          </TextLine>
        </TextBlock>
        <TextBlock HPOS="53"
                   VPOS="68"
                   WIDTH="754"
                   HEIGHT="595"
                   ID="block_3"
                   TAGREFS="BT3130">
          <Shape><Polygon POINTS="807 68 807 663 64 663 53 70"/></Shape>
          <TextLine ID="line_2"
                    TAGREFS="LT8"
                    BASELINE="65 97 806 85" 
                    HPOS="64.0"
                    VPOS="57.0"
                    WIDTH="742.0"
                    HEIGHT="52.0">
            <Shape><Polygon POINTS="65 97 65 108 186 105 194 106 204 109 205 109 206 109 221 106 233 104 251 105 284 109 285 109 286 109 295 105 297 103 360 101 365 104 370 107 370 107 371 107 372 107 398 103 411 101 414 103 418 106 419 106 420 106 421 107 455 107 455 106 502 101 528 99 536 101 545 104 546 104 546 104 547 104 555 100 563 98 601 100 656 103 657 103 707 102 708 102 715 98 718 96 722 98 726 100 727 100 728 100 806 96 806 85 803 57 787 64 750 58 749 58 748 58 748 58 747 58 735 65 718 65 702 59 698 57 697 57 696 57 689 59 656 66 546 61 534 61 533 61 533 61 531 61 507 70 359 72 324 72 313 66 312 66 312 66 311 66 295 72 277 65 274 64 273 64 273 64 141 66 140 66 140 66 121 72 107 67 106 67 105 67 64 67 65 97"/></Shape>
            <String CONTENT="ſtri nobis eſſe incipiant. Non ergo pro iis tantd̀m, qui iam digni"
                    HPOS="64.0"
                    VPOS="57.0"
                    WIDTH="742.0"
                    HEIGHT="52.0"
                    ></String>
          </TextLine>
          <TextLine ID="line_3"
                    TAGREFS="LT8"
                    BASELINE="60 127 786 116" 
                    HPOS="59.0"
                    VPOS="94.0"
                    WIDTH="727.0"
                    HEIGHT="46.0">
            <Shape><Polygon POINTS="60 127 61 140 80 135 147 138 149 138 149 138 150 138 163 134 201 137 204 137 205 137 206 137 207 137 213 133 307 136 334 136 334 136 335 136 339 135 350 131 370 134 377 135 378 135 378 135 382 134 395 130 467 132 501 133 502 133 786 126 786 116 784 97 712 94 711 94 672 98 657 99 646 98 617 95 616 95 521 99 444 102 425 100 411 98 410 98 409 98 403 100 392 103 332 100 309 100 308 100 302 100 280 105 238 101 227 100 226 100 202 101 94 107 59 103 60 127"/></Shape>
            <String CONTENT="ſunt, orare nos decet: ſed rogandus Deus, vt ex malis bonos faciat."
                    HPOS="59.0"
                    VPOS="94.0"
                    WIDTH="727.0"
                    HEIGHT="46.0"
                    WC="0.9936149751962121"></String>
          </TextLine>
          <TextLine ID="line_4"
                    TAGREFS="LT8"
                    BASELINE="68 156 806 144" 
                    HPOS="67.0"
                    VPOS="121.0"
                    WIDTH="739.0"
                    HEIGHT="47.0">
            <Shape><Polygon POINTS="68 156 68 168 100 164 118 167 122 168 123 168 123 168 124 168 125 167 132 163 189 166 199 166 200 166 217 166 281 162 303 164 320 166 321 166 331 163 348 160 357 163 363 165 364 165 365 165 427 164 427 164 428 164 431 162 435 160 453 162 477 163 478 163 479 163 484 161 491 157 623 156 633 158 647 161 647 161 678 157 700 154 710 157 721 159 722 159 722 159 806 154 806 144 805 127 768 121 767 121 725 127 704 122 704 122 703 122 702 122 686 127 663 122 662 122 611 128 600 123 599 123 599 123 598 123 597 123 588 129 437 126 436 126 383 127 383 127 372 132 339 127 339 127 338 127 337 127 329 133 328 133 326 133 259 129 259 129 258 129 257 129 249 134 227 130 226 130 225 130 224 130 217 135 216 136 202 136 189 136 180 131 179 131 178 131 177 131 165 136 154 131 153 131 152 131 108 136 107 136 106 136 78 131 77 131 76 131 67 136 68 156"/></Shape>
            <String CONTENT="Tenendum enim ſemper iſtud principium: tam ad religionis, quàm"
                    HPOS="67.0"
                    VPOS="121.0"
                    WIDTH="739.0"
                    HEIGHT="47.0"
                    WC="0.9850552640263996"></String>
          </TextLine>
          <TextLine ID="line_5"
                    TAGREFS="LT8"
                    BASELINE="64 185 806 174" 
                    HPOS="63.0"
                    VPOS="149.0"
                    WIDTH="743.0"
                    HEIGHT="46.0">
            <Shape><Polygon POINTS="64 185 64 195 381 195 381 194 432 188 435 188 437 188 465 192 466 192 563 187 572 191 573 191 574 191 575 191 593 186 594 186 594 186 625 189 625 189 666 185 698 189 699 189 700 189 716 184 751 188 752 188 753 188 753 188 760 184 785 188 786 188 787 188 806 182 806 174 803 149 762 150 762 150 748 156 673 152 662 152 661 152 660 152 659 153 643 158 629 153 628 153 627 153 626 153 625 153 624 153 610 158 572 154 559 153 559 153 558 153 555 155 546 158 533 155 532 155 531 155 530 155 524 155 481 160 454 157 436 155 435 155 434 155 429 158 423 161 402 158 381 156 380 156 361 159 346 162 289 161 173 159 172 159 171 159 171 159 165 164 162 165 154 164 126 161 125 161 103 165 100 166 98 166 86 161 85 161 84 161 83 161 63 166 64 185"/></Shape>
            <String CONTENT="ad tranquillitatis &amp; honeſtatis publicæ cuſtodiam deſtinatos eſſe à"
                    HPOS="63.0"
                    VPOS="149.0"
                    WIDTH="743.0"
                    HEIGHT="46.0"
                    WC="0.9904039721278584"></String>
          </TextLine>
          <TextLine ID="line_6"
                    TAGREFS="LT8"
                    BASELINE="65 215 800 201" 
                    HPOS="64.0"
                    VPOS="179.0"
                    WIDTH="736.0"
                    HEIGHT="50.0">
            <Shape><Polygon POINTS="65 215 65 225 106 229 107 229 179 223 194 223 202 223 236 227 237 227 237 227 248 223 251 222 255 223 279 226 280 226 281 226 295 222 299 221 308 221 349 224 350 224 396 220 414 219 436 219 496 222 497 222 550 218 568 216 583 217 621 219 621 219 799 213 800 201 798 184 769 179 768 179 767 179 755 184 713 179 712 179 669 186 666 186 664 186 629 181 629 181 628 181 619 185 590 182 589 182 588 182 587 182 579 187 577 188 568 188 499 184 498 184 462 188 452 191 345 191 343 191 334 187 333 187 332 187 331 187 322 191 318 193 281 192 215 189 215 189 214 189 207 193 205 193 195 193 166 190 165 190 164 190 163 190 159 193 155 195 64 195 65 215"/></Shape>
            <String CONTENT="Deo magiſtratus: non aliter quàm terra procreandis alimentis ordi¬"
                    HPOS="64.0"
                    VPOS="179.0"
                    WIDTH="736.0"
                    HEIGHT="50.0"
                    WC="0.9988241097820338"></String>
          </TextLine>
          <TextLine ID="line_7"
                    TAGREFS="LT8"
                    BASELINE="64 243 323 242 799 232" 
                    HPOS="63.0"
                    VPOS="215.0"
                    WIDTH="736.0"
                    HEIGHT="42.0">
            <Shape><Polygon POINTS="64 243 64 254 156 253 162 253 192 257 193 257 193 257 202 253 203 252 211 252 252 256 253 256 254 256 267 251 268 251 271 251 293 255 294 255 316 250 319 250 329 250 406 254 407 254 473 249 533 251 533 251 534 251 550 247 556 245 564 246 580 249 581 249 673 245 699 244 705 244 739 248 740 248 740 248 751 243 754 242 797 242 799 232 797 215 63 225 64 243"/></Shape>
            <String CONTENT="nata eſt. Quemadmodum itaque pro pane quotidiano orantes, Deum"
                    HPOS="63.0"
                    VPOS="215.0"
                    WIDTH="736.0"
                    HEIGHT="42.0"
                    WC="0.9968542629672635"></String>
          </TextLine>
          <TextLine ID="line_8"
                    TAGREFS="LT8"
                    BASELINE="65 274 796 263" 
                    HPOS="64.0"
                    VPOS="239.0"
                    WIDTH="732.0"
                    HEIGHT="48.0">
            <Shape><Polygon POINTS="65 274 65 283 104 287 105 287 137 283 144 282 207 282 424 282 425 282 426 282 427 282 430 280 434 276 482 276 795 276 796 263 794 245 757 239 757 239 638 241 603 245 589 241 588 241 587 241 586 241 585 241 577 248 547 242 546 242 546 242 527 249 471 244 471 244 424 250 387 245 387 245 386 245 385 245 376 251 326 245 325 245 271 253 210 250 209 250 64 256 65 274"/></Shape>
            <String CONTENT="rogamus, vt terram ſua benedictione fœcundet: fic in illis prioribus"
                    HPOS="64.0"
                    VPOS="239.0"
                    WIDTH="732.0"
                    HEIGHT="48.0"
                    WC="0.9940990148221746"></String>
          </TextLine>
          <TextLine ID="line_9"
                    TAGREFS="LT8"
                    BASELINE="64 302 308 302 792 291" 
                    HPOS="63.0"
                    VPOS="269.0"
                    WIDTH="729.0"
                    HEIGHT="47.0">
            <Shape><Polygon POINTS="64 302 64 316 210 316 210 315 211 315 211 315 215 312 217 311 220 311 230 316 231 316 232 316 288 315 317 310 323 309 331 310 372 313 373 313 374 313 385 308 386 308 388 308 419 312 420 312 460 307 469 306 475 307 511 311 511 311 512 311 513 311 521 306 563 308 564 308 565 308 575 304 576 304 581 304 647 308 647 308 792 299 792 291 791 272 714 269 713 269 713 269 700 272 689 275 672 272 656 271 656 271 643 273 629 276 625 273 622 271 621 271 621 271 620 271 601 273 590 275 579 274 557 272 556 272 555 272 545 274 532 277 515 275 506 273 505 273 504 273 503 273 502 275 497 278 479 275 466 273 466 273 465 273 457 276 443 280 375 280 346 276 336 276 335 276 334 276 334 276 332 276 325 281 299 278 299 278 275 282 268 278 268 278 267 278 266 278 239 283 215 278 211 278 211 278 210 278 209 278 193 284 116 280 113 280 112 280 111 280 110 280 102 285 63 280 64 302"/></Shape>
            <String CONTENT="beneficiis ordinarium medium, quod ſua prouidentia conſtituit, re¬"
                    HPOS="63.0"
                    VPOS="269.0"
                    WIDTH="729.0"
                    HEIGHT="47.0"
                    WC="0.9868734343485399"></String>
          </TextLine>
          <TextLine ID="line_10"
                    TAGREFS="LT8"
                    BASELINE="64 333 794 321" 
                    HPOS="63.0"
                    VPOS="298.0"
                    WIDTH="731.0"
                    HEIGHT="48.0">
            <Shape><Polygon POINTS="64 333 64 346 173 341 229 344 242 344 242 344 243 344 246 343 259 339 284 342 294 343 295 343 295 343 299 342 305 339 357 341 404 342 405 342 405 342 411 339 415 337 506 335 562 335 678 337 678 337 679 337 694 332 696 332 702 332 744 336 744 336 794 329 794 321 792 301 722 298 721 298 700 302 687 306 622 306 619 304 610 300 609 300 608 300 550 301 517 307 510 307 495 307 424 303 423 303 422 303 422 303 414 309 413 309 406 309 356 306 355 306 354 306 353 306 348 310 346 311 306 311 301 311 266 307 265 307 264 307 253 312 248 312 161 307 160 307 159 307 145 314 74 309 74 309 73 309 72 309 63 314 64 333"/></Shape>
            <String CONTENT="ſpicere debemus. Huc accedit, quod ſi beneficiis iſtis, quorum diſpẽſaᛘ"
                    HPOS="63.0"
                    VPOS="298.0"
                    WIDTH="731.0"
                    HEIGHT="48.0"
                    ></String>
          </TextLine>
          <TextLine ID="line_11"
                    TAGREFS="LT8"
                    BASELINE="66 364 792 351" 
                    HPOS="66.0"
                    VPOS="329.0"
                    WIDTH="726.0"
                    HEIGHT="46.0">
            <Shape><Polygon POINTS="66 364 66 371 155 375 156 375 179 371 201 375 202 375 202 375 215 370 246 373 246 373 247 373 264 368 280 373 281 373 281 373 282 373 297 368 297 367 338 367 342 367 427 371 428 371 473 369 474 369 475 369 480 364 481 364 571 363 573 363 609 368 610 368 775 364 775 364 792 359 792 351 791 334 711 329 710 329 709 329 709 329 699 335 668 332 667 332 647 336 616 330 615 330 614 330 594 337 582 337 516 338 515 338 474 333 473 333 406 334 405 334 383 341 381 341 379 341 339 335 338 335 294 342 291 342 289 342 264 337 264 337 263 337 246 343 245 343 242 343 209 337 208 337 207 337 193 344 193 345 134 345 125 341 124 341 123 341 123 341 110 346 109 346 66 346 66 364"/></Shape>
            <String CONTENT="tionem magiſtratibus Paulus aſſignat, deſtituimur: id contingit no¬"
                    HPOS="66.0"
                    VPOS="329.0"
                    WIDTH="726.0"
                    HEIGHT="46.0"
                    WC="0.9869110682117406"></String>
          </TextLine>
          <TextLine ID="line_12"
                    TAGREFS="LT8"
                    BASELINE="69 393 795 382" 
                    HPOS="68.0"
                    VPOS="359.0"
                    WIDTH="727.0"
                    HEIGHT="47.0">
            <Shape><Polygon POINTS="69 393 69 406 162 406 162 405 162 405 166 404 180 400 189 404 190 404 191 404 192 404 196 404 219 400 229 403 233 404 233 404 234 404 235 404 239 403 253 400 372 402 402 402 403 402 404 402 405 401 415 397 436 401 439 401 440 401 440 401 442 401 462 396 526 399 527 399 627 394 733 397 735 397 736 397 737 397 753 392 793 396 795 382 794 365 779 359 779 359 731 359 730 359 729 359 709 365 690 359 689 359 688 359 687 359 687 359 674 366 623 360 622 360 621 360 621 360 610 367 609 368 599 368 585 368 572 360 571 360 570 360 493 362 492 362 491 362 482 368 481 369 458 370 406 370 405 369 387 364 387 364 386 364 350 370 343 371 332 370 278 366 277 366 277 366 267 371 265 372 260 371 231 366 230 366 229 366 210 372 206 373 185 372 79 368 78 368 77 368 68 372 69 393"/></Shape>
            <String CONTENT="ſtra culpa. Inutiles enim magiſtratus nobis reddit ira Dei, non ſecus,"
                    HPOS="68.0"
                    VPOS="359.0"
                    WIDTH="727.0"
                    HEIGHT="47.0"
                    WC="0.9942923579897199"></String>
          </TextLine>
          <TextLine ID="line_13"
                    TAGREFS="LT8"
                    BASELINE="66 422 797 411" 
                    HPOS="66.0"
                    VPOS="389.0"
                    WIDTH="731.0"
                    HEIGHT="46.0">
            <Shape><Polygon POINTS="66 422 66 430 92 435 93 435 217 430 274 427 284 429 299 432 299 432 336 429 347 428 354 429 376 431 377 431 378 431 385 428 392 425 431 428 459 430 460 430 488 427 541 423 550 427 553 428 554 428 555 428 569 427 611 423 631 426 638 427 638 427 648 426 691 421 718 425 718 425 719 425 720 425 744 420 795 425 797 411 796 394 784 389 783 389 782 389 742 394 691 390 691 390 690 390 676 394 647 390 647 390 646 390 645 390 637 395 633 395 588 391 587 391 493 397 471 398 462 397 431 394 430 394 392 398 377 400 66 401 66 422"/></Shape>
            <String CONTENT="ac terram ſterilem. Quare noſtrûm eſt, eiuſmodi flagella deprecari,"
                    HPOS="66.0"
                    VPOS="389.0"
                    WIDTH="731.0"
                    HEIGHT="46.0"
                    WC="0.9987390339374542"></String>
          </TextLine>
          <TextLine ID="line_14"
                    TAGREFS="LT8"
                    BASELINE="67 452 798 441" 
                    HPOS="66.0"
                    VPOS="418.0"
                    WIDTH="732.0"
                    HEIGHT="47.0">
            <Shape><Polygon POINTS="67 452 67 465 136 460 175 464 178 464 179 464 183 464 236 459 277 462 281 462 282 462 283 462 284 462 293 458 338 461 348 461 348 461 349 461 352 460 366 457 384 460 388 460 389 460 396 460 423 456 449 459 459 460 460 460 480 458 528 455 553 457 565 458 566 458 567 458 569 456 576 453 797 452 798 441 797 422 765 418 764 418 745 422 740 424 737 423 731 419 731 419 730 419 686 419 685 419 684 419 675 424 673 425 670 424 660 420 659 420 658 420 657 420 645 424 643 425 632 424 577 421 577 421 576 421 563 425 561 425 557 425 519 421 518 421 466 426 452 428 446 427 431 423 430 423 429 423 410 427 404 429 396 428 370 424 370 424 369 424 352 428 347 430 330 429 284 425 283 425 263 430 259 430 255 430 242 425 242 425 241 425 240 425 228 430 224 431 216 430 186 426 185 426 185 426 176 431 172 433 114 433 108 432 87 428 86 428 66 432 67 452"/></Shape>
            <String CONTENT="quæ peccatis noſtris irrogantur. Præterea hîc officii ſui viciſſim ad¬"
                    HPOS="66.0"
                    VPOS="418.0"
                    WIDTH="732.0"
                    HEIGHT="47.0"
                    WC="0.9834321812844612"></String>
          </TextLine>
          <TextLine ID="line_15"
                    TAGREFS="LT8"
                    BASELINE="67 481 800 470" 
                    HPOS="66.0"
                    VPOS="448.0"
                    WIDTH="734.0"
                    HEIGHT="45.0">
            <Shape><Polygon POINTS="67 481 67 493 799 483 800 470 798 454 744 448 744 448 697 449 696 449 696 449 687 455 632 450 631 450 630 450 613 456 494 452 493 452 459 458 413 455 412 455 314 460 296 455 295 455 295 455 185 457 184 457 183 457 177 462 161 457 160 457 159 457 158 457 138 462 102 459 101 459 66 464 67 481"/></Shape>
            <String CONTENT="monentur principes, &amp; quicunque magiſtratum gerunt. Neque e¬"
                    HPOS="66.0"
                    VPOS="448.0"
                    WIDTH="734.0"
                    HEIGHT="45.0"
                    WC="0.9945156037807464"></String>
          </TextLine>
          <TextLine ID="line_16"
                    TAGREFS="LT8"
                    BASELINE="67 510 805 499" 
                    HPOS="66.0"
                    VPOS="478.0"
                    WIDTH="739.0"
                    HEIGHT="45.0">
            <Shape><Polygon POINTS="67 510 67 520 171 523 172 523 173 523 183 519 185 518 194 519 224 522 224 522 278 518 301 517 310 518 326 521 327 521 328 521 334 517 338 516 382 517 419 518 420 518 421 518 427 517 436 514 493 516 539 517 540 517 610 515 751 509 804 513 805 499 802 480 730 483 718 481 702 478 701 478 684 482 672 484 647 482 612 480 612 480 611 480 602 483 594 486 572 484 542 481 541 481 541 481 527 484 519 487 511 485 495 482 494 482 493 482 493 482 488 485 484 487 466 486 438 482 437 482 436 482 428 487 424 489 384 489 370 487 348 484 347 484 346 484 336 488 330 491 273 491 259 489 228 486 227 486 183 491 166 492 154 491 121 487 120 487 66 492 67 510"/></Shape>
            <String CONTENT="nim ſatis eſt, ſi ius cuique ſuum reddendo, iniurias omnes coerceant"
                    HPOS="66.0"
                    VPOS="478.0"
                    WIDTH="739.0"
                    HEIGHT="45.0"
                    WC="0.9979542388635523"></String>
          </TextLine>
          <TextLine ID="eSc_line_25654009"
                    TAGREFS="LT8"
                    BASELINE="73 544 797 534" 
                    HPOS="70"
                    VPOS="509"
                    WIDTH="725"
                    HEIGHT="46">
            <Shape><Polygon POINTS="73 555 86 549 158 554 160 554 161 554 177 548 248 553 249 553 347 546 426 550 427 550 794 539 795 533 792 509 70 519 72 543"/></Shape>
            <String CONTENT="pacémque foueant:niſi &amp; religionem promouere, &amp; honeſta diſcipli¬"
                    HPOS="70"
                    VPOS="509"
                    WIDTH="725"
                    HEIGHT="46"
                    WC="0.9979384875658787"></String>
          </TextLine>
          <TextLine ID="line_18"
                    TAGREFS="LT8"
                    BASELINE="69 570 800 558" 
                    HPOS="68.0"
                    VPOS="535.0"
                    WIDTH="732.0"
                    HEIGHT="44.0">
            <Shape><Polygon POINTS="655 540 647 540 638 540 630 540 622 540 617 541 611 540 606 540 598 540 590 540 583 540 577 543 563 540 557 540 549 540 537 545 436 542 436 542 386 547 333 542 332 542 275 549 127 547 127 547 68 553 69 570 69 579 328 579 329 579 330 579 338 576 343 574 356 576 377 579 378 579 378 579 390 576 400 574 414 575 432 578 433 578 520 574 643 570 677 573 688 574 689 574 690 574 694 573 709 569 799 571 800 558 799 541 790 535 789 535 788 535 788 535 758 541 734 536 733 536 657 536 655 540"/></Shape>
            <String CONTENT="na mores componere ſtudeant. Neque enim fruſtra hortatur Dauid,"
                    HPOS="68.0"
                    VPOS="535.0"
                    WIDTH="732.0"
                    HEIGHT="44.0"
                    WC="0.9928634923601908"></String>
          </TextLine>
          <TextLine ID="line_19"
                    TAGREFS="LT8"
                    BASELINE="72 599 797 588" 
                    HPOS="71.0"
                    VPOS="566.0"
                    WIDTH="726.0"
                    HEIGHT="44.0">
            <Shape><Polygon POINTS="72 599 72 607 174 610 175 610 176 610 185 605 187 605 192 605 226 610 227 610 322 608 343 604 348 603 369 603 473 605 474 605 475 605 484 601 488 601 497 601 534 605 535 605 797 596 797 588 796 570 696 566 695 566 694 566 685 570 684 570 681 570 653 566 652 566 651 566 642 570 639 571 634 570 611 567 610 567 554 571 531 573 521 572 502 569 502 569 501 569 491 572 484 574 478 572 471 570 470 570 469 570 436 572 403 574 396 573 389 570 388 570 387 570 387 570 386 570 383 573 378 575 369 573 361 571 361 571 360 571 335 574 304 576 294 574 286 572 286 572 285 572 284 572 283 572 281 574 276 577 71 576 72 599"/></Shape>
            <String CONTENT="vt Filium oſculentur nec fruſtra Ieſaias denunciat, fore Eccleſiæ nu¬"
                    HPOS="71.0"
                    VPOS="566.0"
                    WIDTH="726.0"
                    HEIGHT="44.0"
                    WC="0.99291623848072"></String>
          </TextLine>
          <TextLine ID="line_20"
                    TAGREFS="LT8"
                    BASELINE="70 628 797 617" 
                    HPOS="70.0"
                    VPOS="594.0"
                    WIDTH="727.0"
                    HEIGHT="45.0">
            <Shape><Polygon POINTS="70 628 70 637 328 639 329 639 359 634 587 635 588 635 589 635 605 630 606 630 607 630 639 634 640 634 665 629 666 629 669 629 744 632 744 632 797 627 797 617 795 599 772 594 771 594 743 600 740 600 739 600 732 595 731 595 731 595 730 595 729 595 718 600 717 600 703 595 702 595 701 595 700 595 690 601 689 601 683 601 640 596 639 596 585 601 568 597 568 597 567 597 555 602 553 602 484 598 483 598 482 598 471 604 471 604 468 604 433 599 432 599 338 605 325 606 304 606 185 605 184 605 149 609 146 609 144 609 95 605 94 605 70 610 70 628"/></Shape>
            <String CONTENT="tricios. Quare non eſt quod ſibi blandiantur, ſi ad cultum Dei aſſe¬"
                    HPOS="70.0"
                    VPOS="594.0"
                    WIDTH="727.0"
                    HEIGHT="45.0"
                    WC="0.9952669020961312"></String>
          </TextLine>
          <TextLine ID="line_21"
                    TAGREFS="LT8"
                    BASELINE="70 658 522 653" 
                    HPOS="70.0"
                    VPOS="630.0"
                    WIDTH="452.0"
                    HEIGHT="41.0">
            <Shape><Polygon POINTS="70 658 70 667 168 671 169 671 188 667 193 671 193 671 194 671 195 671 249 666 295 670 295 670 360 666 443 668 444 668 444 668 455 663 506 663 515 667 516 667 517 667 518 667 519 667 519 667 522 663 522 653 520 636 447 630 446 630 445 630 444 630 440 634 386 631 385 631 358 636 355 636 349 636 304 632 303 632 303 632 293 636 291 637 288 636 273 632 272 632 271 632 270 632 256 636 253 638 70 638 70 658"/></Shape>
            <String CONTENT="rendum adiutores ſe præbere neglexerint."
                    HPOS="70.0"
                    VPOS="630.0"
                    WIDTH="452.0"
                    HEIGHT="41.0"
                    WC="0.9938715726137162"></String>
          </TextLine>
        </TextBlock>
        <TextBlock HPOS="64"
                   VPOS="664"
                   WIDTH="748"
                   HEIGHT="663"
                   ID="block_5"
                   TAGREFS="BT3132">
          <Shape><Polygon POINTS="809 664 812 1307 64 1327 64 666"/></Shape>
          <TextLine ID="line_22"
                    TAGREFS="LT8"
                    BASELINE="146 689 800 676" 
                    HPOS="145.0"
                    VPOS="653.0"
                    WIDTH="655.0"
                    HEIGHT="49.0">
            <Shape><Polygon POINTS="146 689 146 697 233 702 233 702 272 696 286 694 309 696 362 699 363 699 388 695 408 691 477 691 485 694 492 697 493 697 493 697 509 694 517 693 539 693 568 695 568 695 569 695 576 693 589 689 598 693 601 694 602 694 603 694 625 693 674 689 703 692 710 693 711 693 712 693 713 692 723 686 732 692 733 692 734 692 735 692 753 692 766 691 766 691 767 691 773 686 799 691 800 676 797 653 756 658 749 654 748 653 747 653 746 653 745 653 744 653 739 654 730 658 722 655 714 653 713 653 713 653 712 653 704 656 694 659 685 656 678 653 678 653 677 653 632 654 631 654 619 658 610 660 602 658 587 655 586 655 585 655 577 659 571 662 537 662 513 661 487 658 486 658 485 658 472 662 465 663 462 662 453 658 453 658 452 658 420 663 405 665 396 663 364 659 363 659 362 659 343 665 343 665 342 665 320 661 319 661 318 661 307 666 305 667 297 667 233 662 232 662 231 662 212 668 190 662 189 662 189 662 145 670 146 689"/></Shape>
            <String CONTENT="Hoc enim bonum eſt.) Poſtquam vtile eſſe docuit quod"
                    HPOS="145.0"
                    VPOS="653.0"
                    WIDTH="655.0"
                    HEIGHT="49.0"
                    WC="0.9921088379163009"></String>
          </TextLine>
          <TextLine ID="line_23"
                    TAGREFS="LT8"
                    BASELINE="70 719 798 706" 
                    HPOS="70.0"
                    VPOS="683.0"
                    WIDTH="728.0"
                    HEIGHT="47.0">
            <Shape><Polygon POINTS="70 719 70 730 798 716 798 706 796 689 738 689 736 689 726 683 726 683 725 683 724 683 723 683 704 689 701 690 698 689 670 684 669 684 669 684 651 690 651 690 648 690 584 685 583 685 582 685 561 692 556 693 551 692 524 686 524 686 523 686 507 693 504 693 499 693 481 689 480 689 480 689 479 689 473 693 472 693 471 693 462 688 461 688 460 688 459 688 458 688 451 693 449 695 431 696 327 697 319 695 296 690 295 690 295 690 280 696 274 697 268 696 259 693 259 693 258 693 242 696 233 697 229 697 217 692 216 692 215 692 215 692 214 692 207 697 203 699 191 697 167 693 167 693 166 693 156 697 114 693 113 693 112 693 96 698 88 701 70 699 70 719"/></Shape>
            <String CONTENT="præcipiebat, iam validius argumentum proponit: Deo ita placere."
                    HPOS="70.0"
                    VPOS="683.0"
                    WIDTH="728.0"
                    HEIGHT="47.0"
                    WC="0.9975431069495186"></String>
          </TextLine>
          <TextLine ID="line_24"
                    TAGREFS="LT8"
                    BASELINE="70 748 797 736" 
                    HPOS="70.0"
                    VPOS="716.0"
                    WIDTH="727.0"
                    HEIGHT="43.0">
            <Shape><Polygon POINTS="70 748 70 759 797 745 797 736 795 716 70 727 70 748"/></Shape>
            <String CONTENT="Nam vbi conſtat de eius voluntate, inſtar omnium rationum eſſe noᛘ"
                    HPOS="70.0"
                    VPOS="716.0"
                    WIDTH="727.0"
                    HEIGHT="43.0"
                    ></String>
          </TextLine>
          <TextLine ID="line_25"
                    TAGREFS="LT8"
                    BASELINE="70 777 363 775 797 764" 
                    HPOS="69.0"
                    VPOS="741.0"
                    WIDTH="728.0"
                    HEIGHT="49.0">
            <Shape><Polygon POINTS="70 777 70 786 122 790 123 790 123 790 140 786 146 790 147 790 148 790 149 790 149 790 159 786 178 790 179 790 180 790 197 785 238 785 263 790 264 790 290 785 321 789 322 789 454 780 475 785 475 785 476 785 519 785 574 777 590 783 590 783 591 783 625 782 626 782 627 782 634 777 645 781 646 781 647 782 700 782 700 781 701 781 711 776 776 780 777 780 778 780 797 772 797 764 796 747 744 741 744 741 743 741 731 746 703 744 702 744 701 744 694 748 691 750 626 750 616 748 587 744 586 744 585 744 576 749 571 752 524 752 514 750 496 746 495 746 494 746 485 750 477 753 459 750 447 748 446 748 445 748 439 750 428 753 415 750 408 749 407 749 406 749 400 750 385 755 304 755 291 751 288 750 287 750 286 750 286 750 283 751 276 755 258 751 255 751 254 751 253 751 251 751 233 758 202 752 196 751 195 751 189 752 163 757 154 753 154 752 153 752 152 752 69 753 70 777"/></Shape>
            <String CONTENT="bis debet. Bonum accipit, pro recto &amp; legitimo. Quia autem Dei vo¬"
                    HPOS="69.0"
                    VPOS="741.0"
                    WIDTH="728.0"
                    HEIGHT="49.0"
                    WC="0.9919215178850925"></String>
          </TextLine>
          <TextLine ID="line_26"
                    TAGREFS="LT8"
                    BASELINE="72 807 800 794" 
                    HPOS="71.0"
                    VPOS="776.0"
                    WIDTH="729.0"
                    HEIGHT="44.0">
            <Shape><Polygon POINTS="650 780 642 780 634 780 625 780 617 780 609 780 601 780 594 780 593 780 585 780 577 780 574 780 568 780 560 780 552 780 544 780 536 780 533 780 530 781 528 780 519 780 516 780 513 782 463 782 458 781 455 780 454 780 446 780 439 780 434 781 414 784 396 781 387 780 381 780 380 780 377 781 370 785 314 785 297 782 286 781 286 781 285 781 280 782 271 786 253 783 244 781 243 781 242 781 242 781 239 783 233 787 212 783 204 782 203 782 202 782 199 784 189 788 171 784 167 783 166 783 152 784 103 789 71 785 72 807 72 816 170 816 172 816 193 820 194 820 229 815 229 815 241 820 242 820 242 820 243 820 254 814 255 814 255 814 268 819 269 819 270 819 298 815 328 818 329 818 368 812 374 812 378 812 413 816 414 816 464 810 468 810 471 810 497 815 497 815 498 815 499 815 506 810 532 814 533 814 617 808 626 812 627 812 628 812 680 806 685 806 693 806 766 808 766 808 799 803 800 794 797 776 663 779 657 778 656 777 650 780"/></Shape>
            <String CONTENT="luntas regula eſt, ad quam exigenda ſunt officia noſtra omnia: re¬"
                    HPOS="71.0"
                    VPOS="776.0"
                    WIDTH="729.0"
                    HEIGHT="44.0"
                    WC="0.9811211174184625"></String>
          </TextLine>
          <TextLine ID="line_27"
                    TAGREFS="LT8"
                    BASELINE="74 836 806 825" 
                    HPOS="74.0"
                    VPOS="801.0"
                    WIDTH="732.0"
                    HEIGHT="47.0">
            <Shape><Polygon POINTS="74 836 74 847 162 844 169 847 173 848 174 848 175 848 176 848 181 847 192 843 290 845 334 846 334 846 349 844 382 841 461 843 482 843 483 843 484 843 485 842 495 838 581 842 594 842 595 842 599 842 618 836 762 834 804 838 806 825 804 806 770 801 769 801 687 803 687 803 678 807 664 803 663 803 662 803 661 803 650 808 648 809 643 808 610 803 609 803 608 803 607 803 600 808 541 805 540 805 486 811 459 806 458 806 458 806 437 812 436 812 424 812 340 810 339 810 339 810 338 810 333 814 332 815 284 815 281 815 213 810 212 810 211 810 211 810 202 816 149 811 148 811 147 811 126 817 89 812 88 812 88 812 74 817 74 836"/></Shape>
            <String CONTENT="ctum inde eſſe probat quia Deo acceptum eſt. Sequitur deinde huius"
                    HPOS="74.0"
                    VPOS="801.0"
                    WIDTH="732.0"
                    HEIGHT="47.0"
                    WC="0.9947338176496101"></String>
          </TextLine>
          <TextLine ID="line_28"
                    TAGREFS="LT8"
                    BASELINE="74 866 807 854" 
                    HPOS="74.0"
                    VPOS="832.0"
                    WIDTH="733.0"
                    HEIGHT="46.0">
            <Shape><Polygon POINTS="74 866 74 875 206 878 207 878 270 873 289 873 296 873 317 877 318 877 411 875 412 875 421 873 429 870 446 872 464 874 465 874 466 874 475 872 485 869 565 871 606 872 607 872 607 872 611 871 621 867 668 870 673 870 674 870 678 870 735 865 806 869 807 854 805 833 753 837 745 834 738 832 737 832 736 832 662 833 661 833 650 837 643 839 601 839 595 838 586 834 585 834 585 834 540 835 523 839 515 841 509 839 495 836 494 836 493 836 474 840 466 842 459 841 440 837 440 837 407 841 378 838 378 838 377 838 364 842 361 844 320 844 315 843 291 839 290 839 290 839 273 844 270 845 264 845 223 840 222 840 221 840 209 846 209 847 173 847 172 847 162 842 161 842 160 842 159 842 145 847 97 842 96 842 96 842 74 848 74 866"/></Shape>
            <String CONTENT="etiam ſecundi membri confirmatio quia velit Deus omnes homines"
                    HPOS="74.0"
                    VPOS="832.0"
                    WIDTH="733.0"
                    HEIGHT="46.0"
                    WC="0.9995717665841503"></String>
          </TextLine>
          <TextLine ID="line_29"
                    TAGREFS="LT8"
                    BASELINE="70 895 805 883" 
                    HPOS="70.0"
                    VPOS="864.0"
                    WIDTH="735.0"
                    HEIGHT="44.0">
            <Shape><Polygon POINTS="70 895 70 908 98 904 118 908 122 908 123 908 123 908 124 908 125 908 132 903 166 907 174 908 175 908 185 907 229 901 265 905 276 906 277 906 277 906 281 905 292 900 321 904 330 905 331 905 332 905 336 904 346 900 400 903 427 904 427 904 457 902 506 898 526 900 541 902 542 902 572 899 616 895 632 898 644 900 645 900 646 900 651 898 658 895 668 898 675 899 676 899 677 899 678 899 687 897 699 894 704 897 707 898 708 898 709 898 709 898 713 897 721 894 803 895 805 883 803 864 552 864 551 864 502 869 486 870 469 869 414 867 414 867 347 872 329 873 311 873 233 869 232 869 231 869 230 869 225 873 224 874 216 873 174 870 173 870 70 876 70 895"/></Shape>
            <String CONTENT="ſaluos facere. Quid autem magis æquum, quàm vt huic Dei decreto"
                    HPOS="70.0"
                    VPOS="864.0"
                    WIDTH="735.0"
                    HEIGHT="44.0"
                    WC="0.9896293459460139"></String>
          </TextLine>
          <TextLine ID="line_30"
                    TAGREFS="LT8"
                    BASELINE="71 925 815 913" 
                    HPOS="70.0"
                    VPOS="891.0"
                    WIDTH="745.0"
                    HEIGHT="42.0">
            <Shape><Polygon POINTS="71 925 71 933 442 931 534 926 547 930 548 930 549 930 602 925 603 925 654 928 655 928 766 922 804 926 805 926 806 926 815 921 815 913 814 896 793 891 792 891 792 891 765 896 765 897 709 897 709 897 661 892 660 892 588 898 559 894 559 894 558 894 546 899 545 899 504 895 503 895 466 900 431 896 430 896 392 902 390 902 388 902 372 897 371 897 370 897 370 897 359 902 207 899 207 899 70 906 71 925"/></Shape>
            <String CONTENT="vota noſtra ſubſeruiant? Poſtremd autem, Deo cordi eſſe omnium ſaᛘ"
                    HPOS="70.0"
                    VPOS="891.0"
                    WIDTH="745.0"
                    HEIGHT="42.0"
                    ></String>
          </TextLine>
          <TextLine ID="line_31"
                    TAGREFS="LT8"
                    BASELINE="72 955 782 944" 
                    HPOS="71.0"
                    VPOS="922.0"
                    WIDTH="711.0"
                    HEIGHT="42.0">
            <Shape><Polygon POINTS="72 955 72 964 508 961 509 961 518 957 519 957 530 957 599 960 599 960 600 960 615 956 618 956 626 956 672 959 673 959 781 953 782 944 780 928 727 922 726 922 726 922 713 928 712 928 681 923 680 923 679 923 669 928 669 929 652 929 576 926 575 926 558 929 551 930 549 929 543 926 542 926 541 926 510 926 509 926 469 930 453 931 441 930 421 927 420 927 419 927 408 930 397 933 71 933 72 955"/></Shape>
            <String CONTENT="lutem demonſtrat, quia omnes ad veritatis ſuæ agnitionem vocet."
                    HPOS="71.0"
                    VPOS="922.0"
                    WIDTH="711.0"
                    HEIGHT="42.0"
                    WC="0.9914503485437424"></String>
          </TextLine>
          <TextLine ID="line_32"
                    TAGREFS="LT8"
                    BASELINE="72 983 806 974" 
                    HPOS="71.0"
                    VPOS="951.0"
                    WIDTH="735.0"
                    HEIGHT="44.0">
            <Shape><Polygon POINTS="72 983 72 994 375 995 376 995 431 990 440 989 456 989 559 992 560 992 587 987 590 987 702 986 705 986 733 990 734 990 806 984 806 974 805 957 745 951 744 951 699 956 629 952 628 952 627 952 626 952 616 959 585 959 574 953 573 953 572 953 543 960 523 954 522 954 521 954 471 955 378 962 377 962 376 962 350 957 349 957 348 957 331 961 317 956 317 956 316 956 315 956 302 964 280 964 268 957 267 957 266 957 221 964 194 958 193 958 193 958 171 965 146 961 145 961 122 965 110 960 109 960 80 960 79 960 79 960 78 960 71 964 72 983"/></Shape>
            <String CONTENT="Argumentum eſt à poſteriori. Nam ſi Dei potentia eſt Euangelium"
                    HPOS="71.0"
                    VPOS="951.0"
                    WIDTH="735.0"
                    HEIGHT="44.0"
                    WC="0.9986583013087511"></String>
          </TextLine>
          <TextLine ID="line_33"
                    TAGREFS="LT8"
                    BASELINE="70 1013 339 1012 806 1003" 
                    HPOS="70.0"
                    VPOS="982.0"
                    WIDTH="736.0"
                    HEIGHT="45.0">
            <Shape><Polygon POINTS="70 1013 71 1027 83 1022 201 1025 230 1025 231 1025 386 1021 607 1014 612 1016 619 1018 620 1018 621 1018 621 1018 629 1015 633 1014 649 1015 704 1018 704 1018 705 1018 713 1013 716 1012 805 1011 806 1003 803 982 781 986 759 982 756 982 755 982 754 982 753 982 744 987 603 984 590 984 589 984 588 984 587 984 574 990 497 991 466 987 465 987 389 992 344 987 341 987 340 987 339 987 339 987 331 993 300 988 299 988 298 988 297 988 278 994 256 989 255 989 228 993 195 990 194 990 158 996 126 991 125 991 124 991 123 991 123 991 114 996 70 991 70 1013"/></Shape>
            <String CONTENT="in ſalutem omni credenti: certum eſt inuitari omnes ad ſpem vitæ"
                    HPOS="70.0"
                    VPOS="982.0"
                    WIDTH="736.0"
                    HEIGHT="45.0"
                    WC="0.998807773925364"></String>
          </TextLine>
          <TextLine ID="line_34"
                    TAGREFS="LT8"
                    BASELINE="70 1044 805 1031" 
                    HPOS="70.0"
                    VPOS="1009.0"
                    WIDTH="735.0"
                    HEIGHT="45.0">
            <Shape><Polygon POINTS="70 1044 70 1053 286 1054 286 1054 356 1053 357 1053 371 1048 374 1048 390 1048 500 1050 501 1050 502 1050 519 1045 520 1045 522 1045 545 1049 546 1049 584 1044 589 1044 592 1044 609 1048 610 1048 611 1048 621 1044 623 1044 688 1046 689 1046 752 1041 762 1040 765 1040 784 1044 784 1044 804 1040 805 1031 803 1014 771 1009 770 1009 720 1015 716 1015 713 1015 684 1012 683 1012 632 1016 622 1017 618 1017 594 1012 593 1012 592 1012 582 1017 581 1018 567 1017 502 1013 502 1013 481 1018 475 1019 462 1018 415 1015 414 1015 386 1019 370 1022 355 1020 330 1017 329 1017 328 1017 321 1020 316 1022 282 1021 247 1019 246 1019 230 1022 213 1024 207 1022 201 1019 200 1019 199 1019 198 1019 190 1022 182 1025 168 1022 158 1021 158 1021 157 1021 156 1021 154 1022 149 1026 70 1024 70 1044"/></Shape>
            <String CONTENT="æternæ, quibus Euangelium offertur. Denique ſieut vocatio docu¬"
                    HPOS="70.0"
                    VPOS="1009.0"
                    WIDTH="735.0"
                    HEIGHT="45.0"
                    WC="0.9906912871769497"></String>
          </TextLine>
          <TextLine ID="eSc_line_a34de55e"
                    TAGREFS="LT8"
                    BASELINE="71 1075 802 1061" 
                    HPOS="69"
                    VPOS="1039"
                    WIDTH="732"
                    HEIGHT="44">
            <Shape><Polygon POINTS="70 1073 70 1083 801 1072 801 1060 798 1039 484 1040 482 1040 465 1046 402 1042 400 1042 399 1042 382 1048 336 1043 334 1043 185 1051 135 1046 134 1046 69 1054 70 1073"/></Shape>
            <String CONTENT="mentum eſt arcanæ electionis: ita quos facit Deus Euangelii ſui pan¬"
                    HPOS="69"
                    VPOS="1039"
                    WIDTH="732"
                    HEIGHT="44"
                    WC="0.9893693731111639"></String>
          </TextLine>
          <TextLine ID="line_36"
                    TAGREFS="LT8"
                    BASELINE="70 1104 801 1090" 
                    HPOS="70.0"
                    VPOS="1066.0"
                    WIDTH="731.0"
                    HEIGHT="50.0">
            <Shape><Polygon POINTS="70 1104 70 1116 801 1101 801 1090 799 1071 756 1071 749 1066 748 1066 748 1066 747 1066 746 1066 745 1066 738 1072 736 1072 731 1072 693 1068 692 1068 667 1073 660 1074 640 1073 575 1070 574 1070 533 1075 528 1075 522 1075 471 1072 471 1072 455 1075 444 1079 374 1079 368 1077 361 1074 360 1074 359 1074 336 1077 314 1080 268 1078 231 1076 230 1076 208 1079 176 1083 70 1081 70 1104"/></Shape>
            <String CONTENT="ticipes, eos ad ſalutis poſſeſſionem admittit. Quia Euangelium iuſti¬"
                    HPOS="70.0"
                    VPOS="1066.0"
                    WIDTH="731.0"
                    HEIGHT="50.0"
                    WC="0.986166599004165"></String>
          </TextLine>
          <TextLine ID="line_37"
                    TAGREFS="LT8"
                    BASELINE="70 1132 798 1121" 
                    HPOS="69.0"
                    VPOS="1099.0"
                    WIDTH="729.0"
                    HEIGHT="42.0">
            <Shape><Polygon POINTS="70 1132 70 1141 480 1140 480 1140 481 1140 487 1135 488 1135 494 1135 537 1139 537 1139 560 1134 562 1134 566 1134 611 1137 612 1137 612 1137 613 1137 620 1133 622 1133 668 1136 669 1136 736 1132 737 1132 743 1136 744 1136 744 1136 745 1136 797 1130 798 1121 797 1103 685 1099 684 1099 683 1099 674 1104 672 1105 667 1104 633 1100 632 1100 631 1100 618 1105 616 1106 614 1105 603 1101 603 1101 602 1101 572 1106 563 1106 550 1106 498 1102 497 1102 497 1102 485 1106 483 1107 475 1106 450 1104 449 1104 433 1107 423 1110 295 1110 290 1109 283 1106 282 1106 281 1106 281 1106 273 1109 267 1111 226 1110 164 1107 163 1107 162 1107 154 1110 149 1112 146 1110 140 1108 139 1108 138 1108 137 1108 132 1111 127 1113 69 1112 70 1132"/></Shape>
            <String CONTENT="tiam Dei nobis reuelat: quæ certus eſt in vitam ingreſſus. Hinc appa¬"
                    HPOS="69.0"
                    VPOS="1099.0"
                    WIDTH="729.0"
                    HEIGHT="42.0"
                    WC="0.9878642006196837"></String>
          </TextLine>
          <TextLine ID="line_38"
                    TAGREFS="LT8"
                    BASELINE="70 1162 800 1151" 
                    HPOS="70.0"
                    VPOS="1128.0"
                    WIDTH="730.0"
                    HEIGHT="48.0">
            <Shape><Polygon POINTS="70 1162 70 1170 124 1176 125 1176 345 1167 349 1167 351 1167 405 1171 406 1171 475 1170 476 1170 485 1166 487 1165 490 1166 506 1170 507 1170 508 1170 509 1170 518 1165 521 1163 613 1163 616 1164 629 1168 630 1168 631 1168 670 1163 688 1162 799 1162 800 1151 797 1129 773 1133 761 1130 757 1128 756 1128 755 1128 658 1130 639 1132 612 1136 594 1133 577 1131 577 1131 576 1131 575 1131 571 1133 566 1137 515 1137 502 1135 488 1132 488 1132 487 1132 486 1132 482 1136 479 1137 473 1136 466 1134 466 1134 465 1134 464 1134 460 1136 456 1138 445 1136 436 1135 436 1135 391 1137 350 1140 334 1139 298 1136 297 1136 296 1136 284 1140 280 1141 273 1140 241 1136 240 1136 239 1136 225 1141 224 1142 181 1142 178 1142 153 1137 152 1137 151 1137 140 1143 70 1144 70 1162"/></Shape>
            <String CONTENT="ret, quàm pueriliter hallucinentur, qui locum hunc prædeſtinationi"
                    HPOS="70.0"
                    VPOS="1128.0"
                    WIDTH="730.0"
                    HEIGHT="48.0"
                    WC="0.9963031064218549"></String>
          </TextLine>
          <TextLine ID="line_39"
                    TAGREFS="LT8"
                    BASELINE="73 1192 324 1190 672 1181 798 1182" 
                    HPOS="70"
                    VPOS="1158"
                    WIDTH="727"
                    HEIGHT="44">
            <Shape><Polygon POINTS="72 1191 72 1202 611 1198 612 1198 613 1198 623 1192 689 1197 690 1197 795 1188 797 1181 795 1159 552 1158 551 1158 495 1165 486 1159 485 1159 484 1159 482 1159 481 1159 480 1159 480 1160 473 1167 344 1169 295 1163 294 1163 293 1163 275 1170 221 1164 220 1164 218 1164 199 1171 151 1165 150 1165 149 1165 127 1172 70 1167 72 1191"/></Shape>
            <String CONTENT="opponunt. Si Deus, inquiunt, omnes indifferenter vult ſaluos fieri:"
                    HPOS="70"
                    VPOS="1158"
                    WIDTH="727"
                    HEIGHT="44"
                    WC="0.9928928159955722"></String>
          </TextLine>
          <TextLine ID="line_40"
                    TAGREFS="LT8"
                    BASELINE="73 1220 339 1220 798 1210" 
                    HPOS="72.0"
                    VPOS="1187.0"
                    WIDTH="726.0"
                    HEIGHT="42.0">
            <Shape><Polygon POINTS="73 1220 73 1229 460 1228 594 1222 614 1221 619 1221 651 1224 651 1224 652 1224 653 1224 658 1220 660 1220 665 1220 704 1224 704 1224 705 1224 718 1220 720 1220 723 1220 753 1223 754 1223 797 1218 798 1210 797 1192 783 1187 782 1187 781 1187 753 1192 711 1188 710 1188 709 1188 709 1188 702 1193 679 1189 678 1189 656 1193 632 1189 631 1189 630 1189 629 1189 623 1193 594 1190 593 1190 528 1195 512 1191 511 1191 511 1191 461 1197 443 1193 442 1193 396 1198 387 1193 386 1193 385 1193 308 1199 268 1195 267 1195 266 1195 246 1200 176 1197 175 1197 152 1201 78 1198 77 1198 76 1198 75 1198 72 1201 73 1220"/></Shape>
            <String CONTENT="falſum eſt, alios ad ſalutem, alios ad exitium æterno eius conſilio eſſe"
                    HPOS="72.0"
                    VPOS="1187.0"
                    WIDTH="726.0"
                    HEIGHT="42.0"
                    WC="0.9943179099096192"></String>
          </TextLine>
          <TextLine ID="line_41"
                    TAGREFS="LT8"
                    BASELINE="76 1253 799 1239" 
                    HPOS="75.0"
                    VPOS="1215.0"
                    WIDTH="724.0"
                    HEIGHT="49.0">
            <Shape><Polygon POINTS="76 1253 76 1264 365 1260 366 1260 373 1257 376 1255 379 1257 387 1259 387 1259 388 1259 458 1259 459 1259 468 1255 469 1255 470 1255 487 1258 488 1258 488 1258 498 1254 502 1252 634 1250 638 1250 669 1255 670 1255 729 1249 755 1253 756 1253 799 1246 799 1239 797 1215 754 1220 643 1218 588 1218 587 1218 586 1218 581 1220 574 1223 563 1220 554 1219 553 1219 552 1219 548 1221 541 1224 502 1222 462 1220 461 1220 460 1220 459 1220 456 1223 453 1226 414 1226 374 1225 300 1224 299 1224 299 1224 289 1228 286 1228 279 1228 254 1224 253 1224 252 1224 242 1228 240 1229 223 1229 120 1227 119 1227 118 1227 118 1227 111 1232 95 1228 94 1228 93 1228 92 1228 75 1233 76 1253"/></Shape>
            <String CONTENT="prædeſtinatos. Aliquid fortè dicerent, Si Paulus hîc de ſingulis homi"
                    HPOS="75.0"
                    VPOS="1215.0"
                    WIDTH="724.0"
                    HEIGHT="49.0"
                    WC="0.9899335260122595"></String>
          </TextLine>
          <TextLine ID="line_42"
                    TAGREFS="LT8"
                    BASELINE="77 1282 800 1268" 
                    HPOS="76.0"
                    VPOS="1246.0"
                    WIDTH="724.0"
                    HEIGHT="50.0">
            <Shape><Polygon POINTS="77 1282 77 1291 83 1296 84 1296 85 1296 86 1296 118 1290 119 1290 120 1290 158 1295 158 1295 159 1295 177 1290 203 1294 204 1294 205 1294 213 1290 229 1294 229 1294 230 1294 331 1292 415 1284 416 1284 417 1284 458 1290 459 1290 499 1283 514 1286 515 1286 515 1286 516 1286 526 1282 535 1288 536 1288 537 1288 537 1288 538 1288 564 1281 584 1286 585 1286 633 1280 654 1286 655 1286 656 1286 656 1286 674 1279 705 1285 706 1285 707 1285 719 1278 756 1284 757 1284 800 1276 800 1268 797 1246 670 1253 658 1249 655 1248 654 1248 653 1248 586 1249 585 1249 581 1251 576 1254 559 1251 544 1250 543 1250 542 1250 534 1252 525 1256 396 1258 387 1256 374 1254 374 1254 373 1254 365 1257 363 1258 335 1258 267 1257 266 1257 251 1260 245 1261 223 1261 118 1258 118 1258 76 1264 77 1282"/></Shape>
            <String CONTENT="nibus ageret. Quanquam tunc quoque non deeſſet ſolutio. Nam etſi"
                    HPOS="76.0"
                    VPOS="1246.0"
                    WIDTH="724.0"
                    HEIGHT="50.0"
                    WC="0.9921784289181232"></String>
          </TextLine>
          <TextLine ID="line_43"
                    TAGREFS="LT8"
                    BASELINE="71 1315 800 1300" 
                    HPOS="70.0"
                    VPOS="1275.0"
                    WIDTH="730.0"
                    HEIGHT="68.0">
            <Shape><Polygon POINTS="71 1315 71 1343 198 1330 233 1337 246 1339 246 1339 247 1339 259 1336 274 1332 289 1334 301 1337 302 1337 334 1333 337 1333 338 1333 352 1337 352 1337 353 1337 430 1336 431 1336 449 1330 475 1335 475 1335 476 1335 491 1329 509 1334 510 1334 511 1334 541 1334 541 1334 559 1324 573 1328 574 1328 575 1328 576 1328 590 1322 597 1320 602 1322 608 1325 609 1325 610 1325 611 1325 625 1321 638 1317 700 1317 764 1318 765 1318 800 1313 800 1300 798 1279 711 1275 710 1275 709 1275 709 1275 701 1280 700 1281 688 1280 625 1277 624 1277 623 1277 614 1281 612 1282 599 1281 553 1278 552 1278 484 1280 484 1280 470 1283 461 1286 449 1284 431 1281 430 1281 429 1281 422 1284 419 1286 411 1284 395 1281 394 1281 393 1281 387 1285 383 1286 370 1285 352 1282 351 1282 350 1282 344 1286 338 1289 70 1289 71 1315"/></Shape>
            <String CONTENT="Dei voluntas non ex occultis ipſius iudiciis æſtimanda eſt, vbi exter"
                    HPOS="70.0"
                    VPOS="1275.0"
                    WIDTH="730.0"
                    HEIGHT="68.0"
                    WC="0.9901721313379813"></String>
          </TextLine>
        </TextBlock>
        <TextBlock HPOS="657"
                   VPOS="1312"
                   WIDTH="71"
                   HEIGHT="33"
                   ID="block_2"
                   TAGREFS="BT17">
          <Shape><Polygon POINTS="728 1312 728 1345 657 1345 657 1312"/></Shape>
          <TextLine ID="line_44"
                    TAGREFS="LT8"
                    BASELINE="669 1334 722 1334" 
                    HPOS="668"
                    VPOS="1312"
                    WIDTH="53"
                    HEIGHT="47">
            <Shape><Polygon POINTS="668 1312 668 1332 668 1359 721 1354 721 1332 720 1312 683 1314 677 1312 668 1312"/></Shape>
            <String CONTENT="b 2"
                    HPOS="668"
                    VPOS="1312"
                    WIDTH="53"
                    HEIGHT="47"
                    ></String>
          </TextLine>
        </TextBlock>
        <TextBlock HPOS="804"
                   VPOS="1151"
                   WIDTH="59"
                   HEIGHT="89"
                   ID="eSc_textblock_9484e606"
                   TAGREFS="BT3133">
          <Shape><Polygon POINTS="863 1151 863 1207 836 1197 804 1240 814 1154"/></Shape>
          <TextLine ID="eSc_line_cb16518e"
                    TAGREFS="LT8"
                    BASELINE="815 1184 852 1182" 
                    HPOS="814"
                    VPOS="1152"
                    WIDTH="36"
                    HEIGHT="78">
            <Shape><Polygon POINTS="814 1230 847 1226 850 1181 849 1152 817 1154 817 1178"/></Shape>
            <String CONTENT="§.d."
                    HPOS="814"
                    VPOS="1152"
                    WIDTH="36"
                    HEIGHT="78"
                    ></String>
          </TextLine>
        </TextBlock>
      </PrintSpace>
    </Page>
  </Layout>
</alto>
