<?xml version="1.0" encoding="UTF-8"?>
<alto xmlns:xsi="http://www.w3.org/2001/XMLSchema-instance"
      xmlns="http://www.loc.gov/standards/alto/ns-v4#"
      xsi:schemaLocation="http://www.loc.gov/standards/alto/ns-v4# http://www.loc.gov/standards/alto/v4/alto-4-2.xsd">
  <Description>
    <MeasurementUnit>pixel</MeasurementUnit>
    <sourceImageInformation>
      <fileName>6293993.jpg</fileName>
    </sourceImageInformation>
  </Description>
  <Tags>
    <OtherTag ID="BT7" LABEL="CustomZone" DESCRIPTION="block type CustomZone"/><OtherTag ID="BT8" LABEL="DamageZone" DESCRIPTION="block type DamageZone"/><OtherTag ID="BT9" LABEL="DigitizationArtefactZone" DESCRIPTION="block type DigitizationArtefactZone"/><OtherTag ID="BT10" LABEL="DropCapitalZone" DESCRIPTION="block type DropCapitalZone"/><OtherTag ID="BT11" LABEL="GraphicZone" DESCRIPTION="block type GraphicZone"/><OtherTag ID="BT12" LABEL="MainZone" DESCRIPTION="block type MainZone"/><OtherTag ID="BT13" LABEL="MarginTextZone" DESCRIPTION="block type MarginTextZone"/><OtherTag ID="BT14" LABEL="MusicZone" DESCRIPTION="block type MusicZone"/><OtherTag ID="BT15" LABEL="NumberingZone" DESCRIPTION="block type NumberingZone"/><OtherTag ID="BT17" LABEL="QuireMarksZone" DESCRIPTION="block type QuireMarksZone"/><OtherTag ID="BT18" LABEL="RunningTitleZone" DESCRIPTION="block type RunningTitleZone"/><OtherTag ID="BT19" LABEL="SealZone" DESCRIPTION="block type SealZone"/><OtherTag ID="BT20" LABEL="StampZone" DESCRIPTION="block type StampZone"/><OtherTag ID="BT21" LABEL="TableZone" DESCRIPTION="block type TableZone"/><OtherTag ID="BT22" LABEL="TitlePageZone" DESCRIPTION="block type TitlePageZone"/><OtherTag ID="BT3130" LABEL="MainZone-P-Continued" DESCRIPTION="block type MainZone-P-Continued"/><OtherTag ID="BT3131" LABEL="MainZone-Sp" DESCRIPTION="block type MainZone-Sp"/><OtherTag ID="BT3132" LABEL="MainZone-P" DESCRIPTION="block type MainZone-P"/><OtherTag ID="BT3133" LABEL="MarginTextZone-ManuscriptAddendum" DESCRIPTION="block type MarginTextZone-ManuscriptAddendum"/><OtherTag ID="BT3134" LABEL="MainZone-Sp-Continued" DESCRIPTION="block type MainZone-Sp-Continued"/><OtherTag ID="BT3135" LABEL="MainZone-Head" DESCRIPTION="block type MainZone-Head"/><OtherTag ID="BT3136" LABEL="MarginTextZone-Notes" DESCRIPTION="block type MarginTextZone-Notes"/>
    <OtherTag ID="LT7" LABEL="CustomLine" DESCRIPTION="line type CustomLine"/><OtherTag ID="LT8" LABEL="DefaultLine" DESCRIPTION="line type DefaultLine"/><OtherTag ID="LT9" LABEL="DropCapitalLine" DESCRIPTION="line type DropCapitalLine"/><OtherTag ID="LT10" LABEL="HeadingLine" DESCRIPTION="line type HeadingLine"/><OtherTag ID="LT11" LABEL="InterlinearLine" DESCRIPTION="line type InterlinearLine"/><OtherTag ID="LT12" LABEL="MusicLine" DESCRIPTION="line type MusicLine"/>
  </Tags>
  <Layout>
    <Page WIDTH="1000"
          HEIGHT="1466"
          PHYSICAL_IMG_NR="11"
          ID="eSc_dummypage_">
      <PrintSpace HPOS="0"
                  VPOS="0"
                  WIDTH="1000"
                  HEIGHT="1466">
        <TextBlock HPOS="323"
                   VPOS="21"
                   WIDTH="167"
                   HEIGHT="32"
                   ID="block_1"
                   TAGREFS="BT18">
          <Shape><Polygon POINTS="490 21 490 53 323 53 323 21"/></Shape>
          <TextLine ID="line_0"
                    TAGREFS="LT8"
                    BASELINE="321 43 490 43" 
                    HPOS="321.0"
                    VPOS="17.0"
                    WIDTH="169.0"
                    HEIGHT="38.0">
            <Shape><Polygon POINTS="321 43 321 55 490 49 490 43 490 21 440 17 439 17 438 17 437 17 437 17 433 21 432 22 412 22 410 21 404 17 403 17 402 17 401 17 351 21 333 17 332 17 331 17 330 17 321 21 321 43"/></Shape>
            <String CONTENT="CAP. II."
                    HPOS="321.0"
                    VPOS="17.0"
                    WIDTH="169.0"
                    HEIGHT="38.0"
                    WC="0.9997212588787079"></String>
          </TextLine>
        </TextBlock>
        <TextBlock HPOS="755"
                   VPOS="20"
                   WIDTH="42"
                   HEIGHT="33"
                   ID="block_0"
                   TAGREFS="BT15">
          <Shape><Polygon POINTS="797 20 797 53 755 53 755 20"/></Shape>
          <TextLine ID="line_1"
                    TAGREFS="LT8"
                    BASELINE="759 43 788 47" 
                    HPOS="756"
                    VPOS="20"
                    WIDTH="31"
                    HEIGHT="38">
            <Shape><Polygon POINTS="784 20 772 20 760 20 757 42 756 48 782 58 787 46 787 20 784 20"/></Shape>
            <String CONTENT="27"
                    HPOS="756"
                    VPOS="20"
                    WIDTH="31"
                    HEIGHT="38"
                    WC="0.9999838471412659"></String>
          </TextLine>
        </TextBlock>
        <TextBlock HPOS="61"
                   VPOS="61"
                   WIDTH="734"
                   HEIGHT="95"
                   ID="block_2"
                   TAGREFS="BT3130">
          <Shape><Polygon POINTS="795 61 795 156 61 156 61 61"/></Shape>
          <TextLine ID="line_2"
                    TAGREFS="LT8"
                    BASELINE="57 87 792 80" 
                    HPOS="56.0"
                    VPOS="52.0"
                    WIDTH="736.0"
                    HEIGHT="45.0">
            <Shape><Polygon POINTS="643 60 634 60 626 60 618 60 610 60 602 60 594 60 585 60 577 60 569 60 561 60 553 60 545 60 537 60 528 60 520 60 512 60 504 60 496 60 488 60 480 60 471 60 463 60 455 60 447 60 439 60 431 60 422 60 414 60 413 60 406 60 398 60 390 60 382 60 374 60 365 60 357 60 349 60 341 60 333 60 325 60 318 60 314 61 239 61 224 60 219 60 211 60 202 60 194 60 186 60 178 60 173 60 163 61 127 60 121 60 113 60 105 60 96 60 88 60 80 60 72 60 64 60 56 63 57 87 57 97 146 97 147 97 148 97 153 93 328 95 392 96 392 96 393 96 398 94 409 92 417 94 422 96 422 96 423 96 435 94 453 91 457 94 458 95 459 95 460 95 461 95 462 95 466 93 475 91 497 93 515 95 515 95 532 92 552 90 565 92 576 94 577 94 591 92 611 89 622 92 629 93 629 93 630 93 792 89 792 80 792 57 783 52 782 52 781 52 780 52 698 57 643 57 643 60"/></Shape>
            <String CONTENT="Margaritæ, &amp; aurea monilia: non quod vetitus ſit in totum auri vel"
                    HPOS="56.0"
                    VPOS="52.0"
                    WIDTH="736.0"
                    HEIGHT="45.0"
                    WC="0.9930427273114523"></String>
          </TextLine>
          <TextLine ID="line_3"
                    TAGREFS="LT8"
                    BASELINE="58 117 793 109" 
                    HPOS="57.0"
                    VPOS="83.0"
                    WIDTH="736.0"
                    HEIGHT="46.0">
            <Shape><Polygon POINTS="58 117 59 129 74 125 113 129 119 129 120 129 121 129 123 128 140 124 269 127 301 127 302 127 317 127 356 123 376 126 383 127 384 127 385 127 387 126 396 122 422 125 427 126 428 126 429 126 431 125 440 122 457 125 462 126 463 126 524 125 525 125 527 124 534 121 792 121 793 109 792 88 755 83 754 83 730 88 716 83 715 83 714 83 713 83 699 89 698 89 696 89 670 84 669 84 669 84 647 89 609 85 608 85 572 90 551 85 550 85 550 85 549 85 548 85 543 90 506 91 496 86 495 86 494 86 493 86 481 91 468 87 467 87 466 87 421 92 396 87 396 87 362 92 321 87 321 87 320 87 299 93 283 88 282 88 221 88 220 88 137 95 71 92 70 92 70 92 57 96 58 117"/></Shape>
            <String CONTENT="Margaritarũ vſus, ſed quod hæc vbicũque refulgent ſecũ, ferè trahũt"
                    HPOS="57.0"
                    VPOS="83.0"
                    WIDTH="736.0"
                    HEIGHT="46.0"
                    WC="0.982466502322091"></String>
          </TextLine>
          <TextLine ID="line_4"
                    TAGREFS="LT8"
                    BASELINE="60 146 796 138" 
                    HPOS="59.0"
                    VPOS="115.0"
                    WIDTH="737.0"
                    HEIGHT="41.0">
            <Shape><Polygon POINTS="638 126 629 126 621 126 613 126 605 126 597 126 589 126 581 126 572 126 564 126 556 126 548 126 540 126 532 126 524 126 515 126 507 126 499 126 491 126 483 126 475 126 466 126 458 126 450 126 442 126 434 126 426 126 418 126 409 126 401 126 393 126 385 126 377 126 369 126 361 126 352 126 344 126 336 126 328 126 320 126 312 126 303 126 295 126 287 126 279 126 271 126 263 126 255 126 249 126 246 126 238 126 230 126 222 126 214 126 206 126 198 126 189 126 181 126 173 126 165 126 157 126 149 126 140 126 132 126 124 126 118 127 101 126 100 126 92 126 83 126 75 126 67 126 61 126 59 127 60 146 60 156 796 149 796 138 794 121 722 115 721 115 658 121 642 117 641 117 640 117 638 117 638 126"/></Shape>
            <String CONTENT="alia mala quæ dixi, &amp; ex ambitionis fõte naſcũtur aut impudiciuæ."
                    HPOS="59.0"
                    VPOS="115.0"
                    WIDTH="737.0"
                    HEIGHT="41.0"
                    WC="0.9976788109807826"></String>
          </TextLine>
        </TextBlock>
        <TextBlock HPOS="62"
                   VPOS="155"
                   WIDTH="733"
                   HEIGHT="117"
                   ID="block_3"
                   TAGREFS="BT3132">
          <Shape><Polygon POINTS="795 155 795 272 62 272 62 155"/></Shape>
          <TextLine ID="line_5"
                    TAGREFS="LT8"
                    BASELINE="96 174 795 167" 
                    HPOS="96.0"
                    VPOS="144.0"
                    WIDTH="699.0"
                    HEIGHT="42.0">
            <Shape><Polygon POINTS="96 174 96 181 161 186 162 186 162 186 181 181 184 181 191 181 240 185 241 185 291 181 308 180 315 181 334 184 334 184 354 181 366 179 427 179 431 181 435 184 436 184 436 184 437 184 438 184 439 184 442 181 447 179 488 181 520 183 521 183 522 183 527 181 536 178 541 181 544 182 545 182 546 182 546 182 550 181 561 178 668 181 690 181 691 181 745 181 748 180 748 180 749 180 756 176 793 180 795 167 793 149 744 144 744 144 718 148 692 144 691 144 691 144 690 144 683 149 680 149 620 144 619 144 594 149 590 149 585 149 542 145 541 145 510 149 502 150 495 149 470 146 469 146 451 149 444 152 96 152 96 174"/></Shape>
            <String CONTENT="Quod decet mulieres.) Nam certè cultũ honeſtæ &amp; piæ mulie"
                    HPOS="96.0"
                    VPOS="144.0"
                    WIDTH="699.0"
                    HEIGHT="42.0"
                    WC="0.9907299462011305"></String>
          </TextLine>
          <TextLine ID="line_6"
                    TAGREFS="LT8"
                    BASELINE="61 205 794 196" 
                    HPOS="61.0"
                    VPOS="173.0"
                    WIDTH="733.0"
                    HEIGHT="39.0">
            <Shape><Polygon POINTS="61 205 61 212 794 207 794 196 792 178 712 178 700 173 699 173 698 173 670 178 662 173 661 173 660 173 660 173 659 173 642 179 597 174 596 174 595 174 576 179 528 175 528 175 527 175 510 179 410 176 409 176 409 176 393 182 392 182 392 182 372 179 371 179 298 183 261 178 260 178 232 184 120 185 109 180 108 180 71 180 70 180 70 180 61 184 61 205"/></Shape>
            <String CONTENT="ris à meretricio differre oportet. Illæ autem ſunt diſcretionis notæ,"
                    HPOS="61.0"
                    VPOS="173.0"
                    WIDTH="733.0"
                    HEIGHT="39.0"
                    WC="0.9901084201676505"></String>
          </TextLine>
          <TextLine ID="line_7"
                    TAGREFS="LT8"
                    BASELINE="63 233 792 225" 
                    HPOS="62.0"
                    VPOS="201.0"
                    WIDTH="730.0"
                    HEIGHT="47.0">
            <Shape><Polygon POINTS="63 233 63 243 70 247 71 247 72 248 127 248 127 247 127 247 128 247 136 242 221 245 222 245 251 241 278 245 279 245 308 241 354 245 355 245 356 245 368 240 426 244 427 244 500 243 501 243 502 243 509 238 511 238 554 242 555 242 555 242 572 237 574 237 587 237 718 240 719 240 720 240 730 236 731 236 792 236 792 225 791 207 753 201 753 201 718 207 715 208 628 208 625 207 607 203 607 203 606 203 605 203 587 208 585 208 581 208 548 204 547 204 546 204 546 204 540 208 539 209 482 210 456 208 422 206 421 206 409 209 400 210 392 209 383 206 382 206 381 206 365 209 352 211 337 209 321 206 294 206 293 206 292 206 291 206 288 209 284 211 252 209 220 207 219 207 218 207 211 210 202 213 174 210 159 208 158 208 158 208 151 210 134 214 62 210 63 233"/></Shape>
            <String CONTENT="quas poſuit. Et ſi operibus teſtanda eſt pietas, in veſtitu etiam caſto¬"
                    HPOS="62.0"
                    VPOS="201.0"
                    WIDTH="730.0"
                    HEIGHT="47.0"
                    WC="0.9959982203112708"></String>
          </TextLine>
          <TextLine ID="line_8"
                    TAGREFS="LT8"
                    BASELINE="63 263 379 260" 
                    HPOS="62.0"
                    VPOS="237.0"
                    WIDTH="317.0"
                    HEIGHT="39.0">
            <Shape><Polygon POINTS="223 237 204 241 203 241 200 241 149 238 148 238 147 238 146 238 140 242 139 243 62 243 63 263 63 275 173 272 183 272 210 276 211 276 235 272 239 271 245 271 292 275 293 275 294 275 305 270 373 274 374 274 374 274 375 274 375 273 379 269 379 260 378 241 224 237 223 237"/></Shape>
            <String CONTENT="apparere hæc profeſſio debet."
                    HPOS="62.0"
                    VPOS="237.0"
                    WIDTH="317.0"
                    HEIGHT="39.0"
                    WC="0.990692153059203"></String>
          </TextLine>
        </TextBlock>
        <TextBlock HPOS="58"
                   VPOS="269"
                   WIDTH="746"
                   HEIGHT="298"
                   ID="block_7"
                   TAGREFS="BT3135">
          <Shape><Polygon POINTS="799 269 804 567 68 567 58 273"/></Shape>
          <TextLine ID="line_9"
                    TAGREFS="LT8"
                    BASELINE="151 298 788 290" 
                    HPOS="150.0"
                    VPOS="257.0"
                    WIDTH="638.0"
                    HEIGHT="54.0">
            <Shape><Polygon POINTS="151 298 151 311 174 307 193 311 198 311 198 311 199 311 202 311 215 306 246 310 255 311 255 311 267 310 290 307 317 308 341 310 342 310 358 307 372 306 405 307 458 308 458 308 459 308 465 306 470 303 475 305 481 307 482 307 483 307 484 307 484 307 487 305 490 302 499 305 510 307 511 307 511 307 541 304 560 302 572 303 595 307 596 307 597 307 598 307 602 302 603 302 661 300 677 301 721 305 722 305 722 305 723 305 731 300 731 299 788 298 788 290 786 257 635 258 634 258 627 260 596 269 587 266 586 266 585 266 524 270 491 263 490 263 448 271 429 264 418 260 418 260 417 260 396 264 365 272 311 272 295 267 294 267 293 267 260 273 233 268 220 266 220 266 219 266 210 268 196 272 179 269 161 266 160 266 159 266 150 269 151 298"/></Shape>
            <String CONTENT="Mulier in quiete diſcat, cum omni ſubiectioᛘ"
                    HPOS="150.0"
                    VPOS="257.0"
                    WIDTH="638.0"
                    HEIGHT="54.0"
                    ></String>
          </TextLine>
          <TextLine ID="line_10"
                    TAGREFS="LT8"
                    BASELINE="64 336 788 327" 
                    HPOS="63.0"
                    VPOS="300.0"
                    WIDTH="725.0"
                    HEIGHT="49.0">
            <Shape><Polygon POINTS="64 336 64 349 131 344 176 348 193 349 193 349 194 349 195 349 197 347 204 343 218 347 223 348 224 348 224 348 250 346 300 342 328 345 348 346 349 346 350 346 355 344 361 341 403 341 418 343 438 346 439 346 440 346 451 342 459 340 499 342 574 344 575 344 576 344 587 339 590 338 604 339 647 342 647 342 648 342 649 342 656 338 657 337 660 338 682 342 683 343 711 343 711 342 712 342 713 342 720 337 759 342 760 342 788 335 788 327 786 300 718 307 657 302 656 302 656 302 652 302 500 309 404 305 398 305 397 305 396 305 385 311 354 306 353 306 352 306 352 306 325 311 303 307 303 307 183 313 149 308 146 308 145 308 145 308 144 308 123 314 63 310 64 336"/></Shape>
            <String CONTENT="ne. Docere autem mulieri non permitto, neque"
                    HPOS="63.0"
                    VPOS="300.0"
                    WIDTH="725.0"
                    HEIGHT="49.0"
                    WC="0.998535773970864"></String>
          </TextLine>
          <TextLine ID="line_11"
                    TAGREFS="LT8"
                    BASELINE="68 373 792 364" 
                    HPOS="67.0"
                    VPOS="337.0"
                    WIDTH="725.0"
                    HEIGHT="49.0">
            <Shape><Polygon POINTS="68 373 68 386 200 381 437 382 445 382 446 382 448 382 487 377 499 381 500 381 501 381 595 377 791 378 792 364 791 342 727 337 726 337 689 337 688 337 675 343 661 337 660 337 660 337 629 344 629 345 505 346 491 340 490 340 464 340 463 340 429 346 347 343 346 343 308 348 298 342 297 342 274 342 273 342 273 342 272 342 263 349 262 349 199 343 198 343 158 350 114 346 113 346 67 351 68 373"/></Shape>
            <String CONTENT="imperioſam eſſe in virum, ſed quietam eſſe. Adam"
                    HPOS="67.0"
                    VPOS="337.0"
                    WIDTH="725.0"
                    HEIGHT="49.0"
                    WC="0.9953226322929064"></String>
          </TextLine>
          <TextLine ID="line_12"
                    TAGREFS="LT8"
                    BASELINE="67 409 798 402" 
                    HPOS="66.0"
                    VPOS="373.0"
                    WIDTH="732.0"
                    HEIGHT="47.0">
            <Shape><Polygon POINTS="653 394 649 380 649 381 644 377 643 376 642 376 641 376 640 376 639 376 635 377 629 380 620 377 610 375 609 375 608 375 607 375 600 377 589 382 541 382 534 378 533 377 532 377 531 377 476 376 475 376 475 376 474 376 471 378 463 384 440 384 433 379 430 377 429 377 428 377 409 377 408 377 407 377 401 379 390 384 366 379 356 377 356 377 355 377 348 379 330 384 286 380 268 378 268 378 267 378 266 378 264 380 257 385 232 381 231 381 146 387 122 387 111 381 109 380 108 380 107 380 106 380 104 381 96 384 66 381 67 409 67 420 798 412 798 402 797 377 788 373 787 373 786 373 785 373 775 377 766 379 753 377 733 373 732 373 712 377 699 379 687 377 668 374 667 374 666 374 658 377 657 377 653 394"/></Shape>
            <String CONTENT="enim creatus fuit prior, deinde Eua. Et Adam non"
                    HPOS="66.0"
                    VPOS="373.0"
                    WIDTH="732.0"
                    HEIGHT="47.0"
                    WC="0.9919583511849245"></String>
          </TextLine>
          <TextLine ID="line_13"
                    TAGREFS="LT8"
                    BASELINE="67 446 797 438" 
                    HPOS="66.0"
                    VPOS="410.0"
                    WIDTH="731.0"
                    HEIGHT="50.0">
            <Shape><Polygon POINTS="653 430 649 417 625 417 613 415 608 413 607 413 607 413 597 415 584 416 581 415 577 412 577 412 576 412 575 412 559 415 542 419 469 419 454 415 450 414 449 414 449 414 448 414 447 414 445 415 438 420 395 420 386 416 382 414 381 414 380 414 379 414 376 416 368 419 359 416 355 414 354 414 353 414 344 416 325 420 315 416 311 414 310 414 309 414 276 415 275 415 274 415 273 416 266 421 246 416 238 415 237 415 225 416 186 421 163 416 158 416 158 416 66 416 67 446 67 455 86 460 87 460 88 460 88 460 96 455 96 454 100 455 115 459 116 459 117 459 152 454 161 453 168 454 207 459 208 459 233 453 235 453 236 453 259 458 259 458 308 452 316 452 360 452 678 454 679 454 680 454 699 448 754 452 755 452 797 446 797 438 795 414 746 416 736 414 716 410 715 410 714 410 703 414 696 417 656 417 653 430"/></Shape>
            <String CONTENT="fuit deceptus, ſed mulier decepta, tranſgreſſionis"
                    HPOS="66.0"
                    VPOS="410.0"
                    WIDTH="731.0"
                    HEIGHT="50.0"
                    WC="0.9993895208835601"></String>
          </TextLine>
          <TextLine ID="line_14"
                    TAGREFS="LT8"
                    BASELINE="69 483 800 477" 
                    HPOS="68.0"
                    VPOS="451.0"
                    WIDTH="732.0"
                    HEIGHT="41.0">
            <Shape><Polygon POINTS="655 459 647 459 638 459 630 459 622 459 614 459 606 459 598 459 590 459 581 459 573 459 565 459 557 459 549 459 541 459 533 459 524 459 516 459 508 459 500 459 492 459 484 459 475 459 467 459 459 459 451 459 443 459 435 459 427 459 418 459 410 459 402 459 394 459 386 459 378 459 378 459 370 459 361 459 353 459 345 459 338 459 334 460 329 459 321 459 312 459 304 459 296 459 288 459 280 459 272 459 264 459 255 459 247 459 239 459 231 459 223 459 215 459 207 459 200 459 195 460 193 460 192 460 181 459 174 459 166 459 158 459 149 459 141 459 133 459 125 459 123 459 104 460 100 459 92 459 84 459 83 459 68 462 69 483 69 492 799 488 800 477 797 451 708 457 685 457 678 452 677 452 676 452 675 452 674 452 660 452 657 452 655 459"/></Shape>
            <String CONTENT="rea fuit. Seruabitur autem per generationem, ſi"
                    HPOS="68.0"
                    VPOS="451.0"
                    WIDTH="732.0"
                    HEIGHT="41.0"
                    WC="0.9904798028316903"></String>
          </TextLine>
          <TextLine ID="line_15"
                    TAGREFS="LT8"
                    BASELINE="67 521 801 513" 
                    HPOS="66.0"
                    VPOS="487.0"
                    WIDTH="735.0"
                    HEIGHT="48.0">
            <Shape><Polygon POINTS="67 521 67 531 124 535 125 535 193 531 199 531 200 531 211 535 212 535 213 535 248 531 255 531 260 531 280 535 281 535 370 531 416 529 424 531 434 533 435 533 436 533 556 532 557 532 565 530 574 528 608 530 636 531 637 531 638 531 641 530 648 526 801 529 801 513 800 493 748 488 748 488 747 488 746 488 739 493 680 493 659 487 658 487 657 487 656 487 638 494 623 487 622 487 585 487 584 487 583 487 558 495 541 488 541 488 540 488 499 489 498 489 497 489 488 495 394 496 381 490 380 490 319 490 318 490 317 490 308 495 255 491 254 491 253 491 229 499 177 499 151 491 150 491 149 491 66 500 67 521"/></Shape>
            <String CONTENT="manſerint in fide, &amp; charitate, &amp; ſanctificatione, cum"
                    HPOS="66.0"
                    VPOS="487.0"
                    WIDTH="735.0"
                    HEIGHT="48.0"
                    WC="0.9929141457434054"></String>
          </TextLine>
          <TextLine ID="line_16"
                    TAGREFS="LT8"
                    BASELINE="70 558 279 557" 
                    HPOS="69.0"
                    VPOS="527.0"
                    WIDTH="210.0"
                    HEIGHT="47.0">
            <Shape><Polygon POINTS="70 558 70 566 110 574 111 574 149 574 149 574 150 574 167 568 173 566 176 568 182 573 183 573 184 573 185 573 185 573 186 573 192 568 194 566 204 568 215 571 216 571 217 571 218 571 219 571 222 569 225 566 237 569 252 573 253 573 254 573 255 573 255 573 255 572 259 569 263 566 277 569 279 557 277 537 248 537 247 536 227 527 226 527 188 527 187 527 186 527 161 535 153 538 126 538 120 535 107 528 106 528 105 528 105 528 104 528 97 533 92 529 92 528 92 528 91 528 90 528 89 528 69 533 70 558"/></Shape>
            <String CONTENT="temperantia."
                    HPOS="69.0"
                    VPOS="527.0"
                    WIDTH="210.0"
                    HEIGHT="47.0"
                    WC="0.9983396629492441"></String>
          </TextLine>
        </TextBlock>
        <TextBlock HPOS="70"
                   VPOS="563"
                   WIDTH="742"
                   HEIGHT="746"
                   ID="block_6"
                   TAGREFS="BT3132">
          <Shape><Polygon POINTS="812 563 810 1302 70 1309 73 563"/></Shape>
          <TextLine ID="line_17"
                    TAGREFS="LT8"
                    BASELINE="155 589 800 582" 
                    HPOS="154.0"
                    VPOS="555.0"
                    WIDTH="646.0"
                    HEIGHT="46.0">
            <Shape><Polygon POINTS="155 589 155 596 223 601 224 601 224 601 225 601 233 596 235 596 255 596 405 599 405 599 466 594 505 598 506 598 506 598 515 594 639 596 640 596 687 591 690 591 691 591 717 596 718 596 799 589 800 582 798 555 737 555 736 555 735 555 735 555 734 556 725 562 693 562 682 557 680 556 679 556 678 556 665 557 639 561 610 559 585 557 584 557 569 560 550 565 519 565 511 561 502 558 502 558 501 558 500 558 489 561 479 565 467 562 451 558 450 558 449 558 435 563 426 566 406 563 387 561 386 561 385 561 376 564 368 566 360 565 345 561 344 561 343 561 335 565 334 566 295 567 292 566 283 562 282 562 281 562 260 567 258 567 255 567 239 562 238 562 237 562 214 568 213 568 211 568 194 562 193 562 193 562 154 569 155 589"/></Shape>
            <String CONTENT="Poſtquam de veſtitu locutus eſt, nunc addit, qua ſe modeſtia"
                    HPOS="154.0"
                    VPOS="555.0"
                    WIDTH="646.0"
                    HEIGHT="46.0"
                    WC="0.9955490897099177"></String>
          </TextLine>
          <TextLine ID="line_18"
                    TAGREFS="LT8"
                    BASELINE="73 621 797 610" 
                    HPOS="72.0"
                    VPOS="585.0"
                    WIDTH="725.0"
                    HEIGHT="49.0">
            <Shape><Polygon POINTS="73 621 73 634 131 628 158 632 159 632 194 627 388 628 441 628 442 628 458 627 497 623 510 626 517 627 518 627 797 620 797 610 795 585 739 592 683 592 671 588 669 587 668 587 667 587 660 588 627 593 573 590 550 588 550 588 531 591 497 595 457 592 423 590 422 590 422 590 409 593 397 597 340 597 324 595 299 592 299 592 298 592 289 596 284 598 260 596 225 594 224 594 224 594 212 597 207 599 202 598 183 593 182 593 138 599 126 601 118 600 80 595 79 595 79 595 78 595 72 598 73 621"/></Shape>
            <String CONTENT="gerere in ſacro cœtu debeant mulieres. Ac primum iubet eas placiᛘ"
                    HPOS="72.0"
                    VPOS="585.0"
                    WIDTH="725.0"
                    HEIGHT="49.0"
                    ></String>
          </TextLine>
          <TextLine ID="line_19"
                    TAGREFS="LT8"
                    BASELINE="71 649 797 640" 
                    HPOS="70.0"
                    VPOS="617.0"
                    WIDTH="727.0"
                    HEIGHT="46.0">
            <Shape><Polygon POINTS="71 649 71 658 114 663 115 663 140 658 145 657 146 658 151 660 152 660 153 660 242 656 257 656 260 656 297 662 298 662 299 662 299 662 308 657 345 659 346 659 401 654 409 653 412 653 431 660 432 660 433 660 499 655 531 659 532 659 665 658 797 648 797 640 796 621 753 617 753 617 732 621 724 623 715 621 696 618 696 618 695 618 684 622 680 623 676 622 665 618 664 618 663 618 662 618 653 622 650 623 629 622 590 619 589 619 555 623 530 625 510 623 479 620 478 620 477 620 470 623 464 626 455 623 445 621 444 621 444 621 443 621 436 623 431 626 396 624 349 622 348 622 348 622 337 625 332 626 324 625 308 623 307 623 306 623 305 623 302 625 298 627 276 625 257 623 256 623 229 626 190 629 162 626 140 624 140 624 70 627 71 649"/></Shape>
            <String CONTENT="dè diſcere. Nam quies ſilentium ſignificat, ne loquendi vices ſibi"
                    HPOS="70.0"
                    VPOS="617.0"
                    WIDTH="727.0"
                    HEIGHT="46.0"
                    WC="0.989981939543539"></String>
          </TextLine>
          <TextLine ID="line_20"
                    TAGREFS="LT8"
                    BASELINE="72 680 796 671" 
                    HPOS="71.0"
                    VPOS="647.0"
                    WIDTH="725.0"
                    HEIGHT="45.0">
            <Shape><Polygon POINTS="72 680 72 688 191 692 192 692 251 686 259 685 271 685 359 689 360 689 361 689 374 684 375 684 379 684 412 689 413 689 414 689 425 684 447 688 448 688 493 683 498 682 501 682 517 687 518 687 519 687 608 686 795 678 796 671 794 648 719 647 718 647 718 647 713 649 693 653 637 649 635 649 634 649 634 649 612 656 483 657 472 653 471 653 471 653 431 658 382 652 377 652 376 652 375 652 374 652 363 658 329 653 328 653 327 653 311 659 274 659 264 653 262 653 261 653 260 653 251 653 214 658 203 654 202 653 201 653 200 653 142 654 141 654 140 655 127 662 102 655 101 655 101 655 100 655 71 655 72 680"/></Shape>
            <String CONTENT="vſurpent in publico. Quod ſtatim clarius exponit, dum eas vetat"
                    HPOS="71.0"
                    VPOS="647.0"
                    WIDTH="725.0"
                    HEIGHT="45.0"
                    WC="0.9929940019335065"></String>
          </TextLine>
          <TextLine ID="line_21"
                    TAGREFS="LT8"
                    BASELINE="71 710 797 700" 
                    HPOS="70.0"
                    VPOS="675.0"
                    WIDTH="727.0"
                    HEIGHT="45.0">
            <Shape><Polygon POINTS="71 710 71 720 133 715 265 717 312 718 312 718 313 718 319 716 330 714 346 716 354 717 355 717 797 708 797 700 796 679 761 675 760 675 759 675 748 679 740 681 726 679 708 675 707 675 688 679 674 682 669 680 665 676 665 676 664 676 663 676 662 676 653 680 647 681 640 680 628 676 627 676 626 676 598 680 559 684 537 680 524 678 524 678 497 680 430 687 387 681 373 680 372 680 371 680 367 681 354 688 329 681 323 680 322 680 310 682 251 689 220 682 217 682 216 682 215 682 214 682 189 691 105 691 92 684 92 684 70 684 71 710"/></Shape>
            <String CONTENT="docere. Non vt illis auferat munus inſtituendæ familiæ: ſed"
                    HPOS="70.0"
                    VPOS="675.0"
                    WIDTH="727.0"
                    HEIGHT="45.0"
                    WC="0.9946001606472468"></String>
          </TextLine>
          <TextLine ID="line_22"
                    TAGREFS="LT8"
                    BASELINE="71 739 798 730" 
                    HPOS="70.0"
                    VPOS="705.0"
                    WIDTH="728.0"
                    HEIGHT="41.0">
            <Shape><Polygon POINTS="71 739 71 746 798 738 798 730 797 709 734 705 733 705 732 705 720 709 715 711 670 710 603 708 602 708 582 711 567 712 561 711 553 708 552 708 551 708 539 711 532 712 518 711 488 708 487 708 486 708 475 711 465 714 438 711 403 709 402 709 341 713 317 714 312 713 300 711 299 711 299 711 289 713 279 715 254 713 229 711 229 711 186 712 185 712 181 714 176 717 70 715 71 739"/></Shape>
            <String CONTENT="tantùm vt à munere docendi arceat, quod ſolis viris Deus mandauit,"
                    HPOS="70.0"
                    VPOS="705.0"
                    WIDTH="728.0"
                    HEIGHT="41.0"
                    ></String>
          </TextLine>
          <TextLine ID="line_23"
                    TAGREFS="LT8"
                    BASELINE="74 769 797 759" 
                    HPOS="73.0"
                    VPOS="736.0"
                    WIDTH="724.0"
                    HEIGHT="43.0">
            <Shape><Polygon POINTS="74 769 74 779 254 774 287 776 319 777 320 777 321 777 326 775 332 773 343 775 361 777 362 777 363 777 370 774 375 772 397 774 434 776 435 776 451 773 458 772 498 772 598 774 599 774 617 770 620 770 625 770 674 773 675 773 676 773 687 769 688 769 722 772 723 772 796 767 797 759 795 739 726 736 726 736 706 739 699 741 696 739 687 736 686 736 685 736 684 736 669 740 660 741 637 740 603 737 602 737 601 737 594 740 587 742 568 741 546 738 545 738 528 741 513 743 507 741 502 738 501 738 500 738 499 738 493 741 487 744 464 741 444 739 444 739 443 739 436 741 427 745 401 741 383 740 383 740 357 742 313 746 288 742 279 741 278 741 267 743 239 746 208 743 196 742 195 742 194 742 192 743 181 748 159 744 155 743 154 743 73 744 74 769"/></Shape>
            <String CONTENT="Qua de re tractauimus in epiſtola ad Corinthios priore. Si quis De¬"
                    HPOS="73.0"
                    VPOS="736.0"
                    WIDTH="724.0"
                    HEIGHT="43.0"
                    WC="0.9903769012707383"></String>
          </TextLine>
          <TextLine ID="line_24"
                    TAGREFS="LT8"
                    BASELINE="72 798 801 788" 
                    HPOS="71.0"
                    VPOS="763.0"
                    WIDTH="730.0"
                    HEIGHT="46.0">
            <Shape><Polygon POINTS="72 798 72 806 132 809 132 809 267 803 280 803 281 803 287 808 288 808 289 808 290 808 370 807 371 807 384 802 386 802 391 802 435 807 436 807 503 800 510 800 511 800 526 805 527 805 528 805 570 800 617 804 618 804 800 796 801 788 799 770 741 763 740 763 710 770 709 770 708 770 687 764 686 764 685 764 660 770 657 771 656 770 643 765 643 765 642 765 615 771 607 772 574 772 571 771 558 766 557 766 556 766 555 766 538 771 531 772 517 771 497 768 496 768 495 768 488 771 484 772 451 771 421 770 420 770 405 772 373 775 311 772 273 770 272 770 271 770 265 772 253 776 226 772 215 771 215 771 214 771 211 772 204 776 158 772 143 772 142 772 141 772 140 772 140 772 130 779 102 779 93 772 92 772 92 772 91 772 71 772 72 798"/></Shape>
            <String CONTENT="botam &amp; ſimiles obiiciat, quas aliquando gubernando populo Dei"
                    HPOS="71.0"
                    VPOS="763.0"
                    WIDTH="730.0"
                    HEIGHT="46.0"
                    WC="0.9979799159111515"></String>
          </TextLine>
          <TextLine ID="line_25"
                    TAGREFS="LT8"
                    BASELINE="76 827 805 819" 
                    HPOS="75.0"
                    VPOS="794.0"
                    WIDTH="730.0"
                    HEIGHT="45.0">
            <Shape><Polygon POINTS="76 827 76 834 148 839 149 839 149 839 162 834 164 833 172 834 206 838 207 838 239 834 250 833 257 833 274 838 275 838 293 833 295 833 316 833 426 836 427 836 444 833 462 830 484 833 503 835 504 835 505 835 506 835 509 833 514 829 519 833 521 834 522 834 523 834 524 834 566 833 662 827 779 827 803 831 805 819 803 799 755 794 754 794 753 794 753 794 745 799 734 794 733 794 732 794 731 794 720 799 717 801 708 799 681 795 680 795 641 800 625 802 617 800 605 797 604 797 603 797 579 800 574 801 570 800 550 797 550 797 549 797 539 801 534 803 528 801 515 797 515 797 514 797 457 798 456 798 445 801 438 803 423 802 401 798 400 798 400 798 399 798 394 802 389 805 366 806 265 806 255 803 249 800 248 800 247 800 223 803 188 807 75 804 76 827"/></Shape>
            <String CONTENT="mandato præfectas legimus: reſponſio eſt facilis: extraordinariis Dei"
                    HPOS="75.0"
                    VPOS="794.0"
                    WIDTH="730.0"
                    HEIGHT="45.0"
                    WC="0.9913519698640575"></String>
          </TextLine>
          <TextLine ID="line_26"
                    TAGREFS="LT8"
                    BASELINE="76 855 806 847" 
                    HPOS="75.0"
                    VPOS="826.0"
                    WIDTH="731.0"
                    HEIGHT="38.0">
            <Shape><Polygon POINTS="76 855 76 864 733 860 734 860 742 856 805 860 806 847 804 826 75 832 76 855"/></Shape>
            <String CONTENT="factis non euerti communem politiam, cui nos voluit alligatos . Er¬"
                    HPOS="75.0"
                    VPOS="826.0"
                    WIDTH="731.0"
                    HEIGHT="38.0"
                    WC="0.9790106131069696"></String>
          </TextLine>
          <TextLine ID="line_27"
                    TAGREFS="LT8"
                    BASELINE="77 886 809 878" 
                    HPOS="76.0"
                    VPOS="854.0"
                    WIDTH="733.0"
                    HEIGHT="45.0">
            <Shape><Polygon POINTS="77 886 77 899 107 894 131 898 132 898 229 893 236 897 237 897 237 897 238 897 269 892 295 896 296 896 297 896 308 892 367 895 368 895 402 891 482 895 483 895 528 890 644 893 645 893 646 893 665 888 726 892 726 892 758 887 764 891 765 891 766 891 766 892 808 892 809 878 807 859 731 854 731 854 730 854 710 859 667 855 666 855 570 860 566 860 563 860 488 856 487 856 486 856 485 856 480 861 479 861 477 861 424 857 423 857 422 857 422 857 414 861 225 860 224 860 147 864 140 864 136 864 89 860 88 860 88 860 76 864 77 886"/></Shape>
            <String CONTENT="go ſi aliquando prophetandi &amp; docendi locum tenuerunt mulieres,"
                    HPOS="76.0"
                    VPOS="854.0"
                    WIDTH="733.0"
                    HEIGHT="45.0"
                    WC="0.9995578196313646"></String>
          </TextLine>
          <TextLine ID="line_28"
                    TAGREFS="LT8"
                    BASELINE="74 917 809 908" 
                    HPOS="73.0"
                    VPOS="883.0"
                    WIDTH="736.0"
                    HEIGHT="46.0">
            <Shape><Polygon POINTS="74 917 74 925 116 929 117 929 149 925 156 924 163 924 205 928 206 928 207 928 207 928 212 924 214 923 246 924 333 926 334 926 334 926 342 923 346 921 352 922 367 926 368 926 401 922 419 921 435 922 466 925 467 925 494 921 508 920 519 921 540 924 541 924 575 921 594 919 598 921 604 923 605 923 606 923 674 922 675 922 682 920 689 917 807 918 809 908 807 887 751 883 750 883 709 888 705 888 702 888 675 884 674 884 674 884 660 889 658 889 651 889 611 885 610 885 576 890 571 890 559 890 475 886 474 886 473 886 463 891 461 891 415 887 414 887 414 887 403 891 400 892 387 891 340 888 339 888 288 893 272 894 256 893 207 890 206 890 177 894 171 895 164 894 141 891 140 891 140 891 139 891 134 895 132 895 125 895 103 891 102 891 73 895 74 917"/></Shape>
            <String CONTENT="ídque Dei Spiritu excitatæ: potuit hoc, qui ab omni lege immunis eſt."
                    HPOS="73.0"
                    VPOS="883.0"
                    WIDTH="736.0"
                    HEIGHT="46.0"
                    ></String>
          </TextLine>
          <TextLine ID="line_29"
                    TAGREFS="LT8"
                    BASELINE="74 946 806 937" 
                    HPOS="74.0"
                    VPOS="913.0"
                    WIDTH="732.0"
                    HEIGHT="43.0">
            <Shape><Polygon POINTS="74 946 74 956 806 948 806 937 805 918 756 913 755 913 754 913 739 918 737 918 734 918 691 914 691 914 690 914 689 914 682 918 659 915 658 915 617 919 604 920 590 919 547 916 546 916 546 916 545 916 539 919 537 920 523 919 477 917 476 917 475 917 470 920 465 921 450 920 429 917 428 917 409 920 393 923 350 923 346 921 343 918 343 918 342 918 341 918 330 921 321 922 299 921 278 919 277 919 277 919 270 921 259 924 247 921 243 920 242 920 210 920 209 920 208 920 207 920 206 921 201 925 181 921 176 921 175 921 165 921 126 926 74 922 74 946"/></Shape>
            <String CONTENT="Sed quia hoc ſingulare eſt, non pugnat cum perpetua &amp; vſitata poli¬"
                    HPOS="74.0"
                    VPOS="913.0"
                    WIDTH="732.0"
                    HEIGHT="43.0"
                    WC="0.994833161581808"></String>
          </TextLine>
          <TextLine ID="line_30"
                    TAGREFS="LT8"
                    BASELINE="74 977 808 967" 
                    HPOS="74.0"
                    VPOS="942.0"
                    WIDTH="734.0"
                    HEIGHT="46.0">
            <Shape><Polygon POINTS="74 977 74 984 109 988 110 988 110 988 111 988 118 984 118 984 132 984 256 987 257 987 258 987 268 983 272 981 381 980 629 980 742 980 743 980 744 980 745 979 754 975 760 979 761 979 762 979 762 979 807 978 808 967 806 948 762 942 762 942 761 942 745 948 744 948 742 948 686 943 685 943 581 949 581 949 572 944 572 944 571 944 570 944 569 944 551 950 546 951 528 950 493 948 493 948 492 948 486 950 482 952 410 952 404 951 396 948 395 948 394 948 393 948 386 951 378 954 330 954 326 951 321 948 320 948 319 948 318 948 317 948 304 952 294 955 256 955 249 952 245 950 244 950 243 950 233 952 220 954 214 952 207 949 207 949 206 949 143 950 142 950 141 950 139 952 132 956 74 953 74 977"/></Shape>
            <String CONTENT="tia. Addit quod proximum eſt officio docendi: ne ſibi authoritatem"
                    HPOS="74.0"
                    VPOS="942.0"
                    WIDTH="734.0"
                    HEIGHT="46.0"
                    WC="0.9957899234511636"></String>
          </TextLine>
          <TextLine ID="line_31"
                    TAGREFS="LT8"
                    BASELINE="74 1006 810 996" 
                    HPOS="74.0"
                    VPOS="973.0"
                    WIDTH="736.0"
                    HEIGHT="40.0">
            <Shape><Polygon POINTS="74 1006 74 1013 809 1003 810 996 807 974 681 977 660 975 628 973 627 973 596 976 563 979 530 977 513 975 512 975 493 977 465 979 458 977 451 975 450 975 449 975 449 975 448 975 445 977 440 981 410 978 396 976 395 976 394 976 389 978 379 982 373 978 371 977 370 977 370 977 343 977 342 977 341 977 340 977 339 978 332 982 302 978 291 978 290 978 283 978 256 983 222 979 214 978 213 978 212 978 209 979 193 984 178 980 177 980 176 980 133 985 74 981 74 1006"/></Shape>
            <String CONTENT="ſumant in viros. Nam iſta eſt ratio,eur docere prohibeantur: quia"
                    HPOS="74.0"
                    VPOS="973.0"
                    WIDTH="736.0"
                    HEIGHT="40.0"
                    WC="0.9820464372634887"></String>
          </TextLine>
          <TextLine ID="line_32"
                    TAGREFS="LT8"
                    BASELINE="75 1035 811 1025" 
                    HPOS="74.0"
                    VPOS="1001.0"
                    WIDTH="737.0"
                    HEIGHT="48.0">
            <Shape><Polygon POINTS="75 1035 75 1044 167 1044 168 1044 181 1049 182 1049 183 1049 184 1049 196 1044 198 1043 268 1043 274 1047 275 1047 276 1047 277 1048 320 1048 320 1047 351 1042 379 1046 380 1046 381 1046 397 1041 400 1040 475 1040 479 1040 503 1044 504 1044 811 1035 811 1025 810 1007 801 1001 801 1001 800 1001 780 1001 779 1001 694 1009 687 1009 687 1009 677 1002 676 1002 675 1002 627 1002 626 1002 625 1002 603 1009 599 1010 563 1011 480 1011 475 1009 471 1006 471 1006 470 1006 469 1006 449 1009 433 1012 424 1009 412 1005 411 1005 382 1005 381 1005 362 1009 361 1009 355 1009 259 1007 258 1007 243 1010 233 1012 222 1010 207 1008 206 1008 205 1008 198 1010 185 1015 74 1011 75 1035"/></Shape>
            <String CONTENT="hoc non patitur earum conditio. Subiectæ enim ſunt docere autem"
                    HPOS="74.0"
                    VPOS="1001.0"
                    WIDTH="737.0"
                    HEIGHT="48.0"
                    WC="0.9949339807979645"></String>
          </TextLine>
          <TextLine ID="line_33"
                    TAGREFS="LT8"
                    BASELINE="76 1065 810 1055" 
                    HPOS="75.0"
                    VPOS="1032.0"
                    WIDTH="735.0"
                    HEIGHT="46.0">
            <Shape><Polygon POINTS="76 1065 76 1072 118 1078 119 1078 120 1078 131 1072 132 1072 196 1077 197 1077 246 1075 247 1075 258 1070 261 1070 268 1070 296 1075 297 1075 380 1075 381 1075 392 1070 392 1069 442 1067 459 1069 502 1073 503 1073 528 1068 529 1068 530 1068 556 1072 557 1072 558 1072 559 1072 565 1067 567 1066 576 1067 601 1071 602 1071 603 1071 615 1067 620 1066 626 1067 637 1070 638 1070 638 1070 639 1070 646 1066 649 1066 810 1066 810 1055 806 1032 785 1037 740 1033 732 1033 731 1033 718 1034 654 1040 636 1035 626 1034 625 1034 625 1034 620 1036 611 1040 538 1038 529 1038 528 1038 515 1039 441 1043 422 1040 395 1037 394 1037 393 1037 384 1041 378 1044 367 1042 346 1038 345 1038 344 1038 326 1043 318 1044 306 1043 273 1039 272 1039 178 1044 99 1041 98 1041 97 1041 75 1048 76 1065"/></Shape>
            <String CONTENT="eſt poteſtatis, vel ſuperioris gradus. Quanquam videtur ratio non"
                    HPOS="75.0"
                    VPOS="1032.0"
                    WIDTH="735.0"
                    HEIGHT="46.0"
                    WC="0.9892156811860892"></String>
          </TextLine>
          <TextLine ID="line_34"
                    TAGREFS="LT8"
                    BASELINE="75 1093 809 1084" 
                    HPOS="74.0"
                    VPOS="1062.0"
                    WIDTH="735.0"
                    HEIGHT="44.0">
            <Shape><Polygon POINTS="621 1064 612 1064 612 1064 611 1065 604 1069 540 1071 498 1071 483 1066 475 1065 475 1065 474 1065 473 1065 464 1067 446 1071 354 1069 352 1069 352 1069 332 1073 315 1069 305 1067 304 1067 303 1067 299 1070 290 1073 285 1070 282 1068 281 1068 281 1068 259 1068 258 1068 257 1068 253 1070 245 1075 174 1075 165 1071 159 1069 158 1069 158 1069 145 1071 127 1075 108 1072 93 1070 92 1070 74 1072 75 1093 75 1106 104 1101 171 1104 188 1105 189 1105 189 1105 193 1104 209 1100 334 1101 407 1102 408 1102 446 1100 478 1097 526 1098 607 1100 608 1100 609 1100 618 1097 623 1095 660 1096 735 1098 736 1098 737 1098 738 1098 743 1094 745 1093 759 1094 799 1097 800 1097 801 1097 809 1093 809 1084 807 1062 675 1062 674 1062 674 1062 673 1062 671 1064 668 1066 637 1065 626 1064 621 1064"/></Shape>
            <String CONTENT="ſatis firma:cum Prophetæ quoque &amp; doctores regibus ſint ſubiecti,"
                    HPOS="74.0"
                    VPOS="1062.0"
                    WIDTH="735.0"
                    HEIGHT="44.0"
                    WC="0.9920334476691026"></String>
          </TextLine>
          <TextLine ID="line_35"
                    TAGREFS="LT8"
                    BASELINE="74 1124 805 1114" 
                    HPOS="74.0"
                    VPOS="1089.0"
                    WIDTH="731.0"
                    HEIGHT="47.0">
            <Shape><Polygon POINTS="74 1124 74 1132 133 1136 134 1136 135 1136 150 1132 490 1132 491 1132 568 1126 681 1129 682 1129 805 1122 805 1114 803 1094 787 1090 786 1090 760 1094 741 1089 740 1089 740 1089 739 1089 726 1095 726 1096 688 1096 680 1090 679 1090 678 1090 678 1090 645 1096 644 1096 643 1096 619 1091 618 1091 617 1091 616 1091 610 1097 609 1097 606 1097 565 1092 564 1092 563 1092 554 1097 553 1097 546 1097 501 1094 500 1094 499 1094 485 1098 484 1098 483 1098 466 1093 465 1093 464 1093 381 1100 371 1100 367 1100 335 1095 334 1095 302 1101 299 1101 295 1101 251 1096 251 1096 164 1102 160 1102 158 1102 129 1097 128 1097 74 1103 74 1124"/></Shape>
            <String CONTENT="aliíſque magiſtratibus. Reſpondeo, nihil eſſe abſurdi, quin præſit ali¬"
                    HPOS="74.0"
                    VPOS="1089.0"
                    WIDTH="731.0"
                    HEIGHT="47.0"
                    WC="0.9909355300996039"></String>
          </TextLine>
          <TextLine ID="line_36"
                    TAGREFS="LT8"
                    BASELINE="76 1153 805 1145" 
                    HPOS="75.0"
                    VPOS="1120.0"
                    WIDTH="730.0"
                    HEIGHT="42.0">
            <Shape><Polygon POINTS="76 1153 76 1162 510 1160 653 1154 659 1154 660 1154 704 1158 704 1158 734 1154 790 1157 791 1157 792 1157 805 1152 805 1145 803 1126 760 1120 759 1120 732 1126 730 1126 725 1126 674 1121 674 1121 647 1126 641 1128 599 1128 597 1126 587 1122 586 1122 585 1122 506 1127 472 1128 451 1127 422 1124 421 1124 420 1124 419 1124 416 1127 413 1129 395 1127 374 1124 373 1124 372 1124 367 1127 361 1130 347 1127 336 1125 335 1125 312 1128 273 1131 242 1128 228 1126 227 1126 226 1126 221 1128 210 1132 183 1128 176 1127 149 1127 148 1127 147 1127 146 1127 145 1128 137 1132 75 1128 76 1153"/></Shape>
            <String CONTENT="quis, &amp; ſimul pareat, ſecundùm diuerſos repectus. Sed in muliere"
                    HPOS="75.0"
                    VPOS="1120.0"
                    WIDTH="730.0"
                    HEIGHT="42.0"
                    WC="0.998970471895658"></String>
          </TextLine>
          <TextLine ID="line_37"
                    TAGREFS="LT8"
                    BASELINE="76 1182 804 1174" 
                    HPOS="75.0"
                    VPOS="1150.0"
                    WIDTH="729.0"
                    HEIGHT="47.0">
            <Shape><Polygon POINTS="76 1182 76 1193 167 1191 172 1193 180 1195 181 1195 182 1195 183 1195 195 1192 200 1191 205 1192 219 1196 220 1196 220 1197 220 1196 221 1196 237 1192 240 1190 320 1189 322 1190 329 1194 330 1194 330 1194 331 1194 358 1189 367 1189 374 1189 400 1193 400 1193 512 1193 612 1191 612 1191 613 1191 620 1186 621 1186 621 1186 664 1190 665 1190 689 1185 707 1190 708 1190 709 1190 804 1183 804 1174 802 1155 732 1150 731 1150 679 1155 658 1151 657 1151 656 1151 641 1156 638 1157 628 1156 585 1152 585 1152 559 1157 552 1158 544 1157 513 1153 512 1153 511 1153 496 1157 490 1158 482 1158 459 1154 458 1154 438 1158 429 1160 357 1160 354 1158 351 1156 350 1156 349 1156 348 1156 328 1158 314 1160 310 1158 301 1155 300 1155 299 1155 299 1155 298 1155 292 1158 289 1161 273 1159 248 1156 247 1156 227 1159 211 1162 189 1159 169 1158 168 1158 150 1160 130 1163 75 1161 76 1182"/></Shape>
            <String CONTENT="id non valet, quæ natura, hoc eſt, ordinaria Dei lege, ad parendum naᛘ"
                    HPOS="75.0"
                    VPOS="1150.0"
                    WIDTH="729.0"
                    HEIGHT="47.0"
                    ></String>
          </TextLine>
          <TextLine ID="line_38"
                    TAGREFS="LT8"
                    BASELINE="79 1212 801 1202" 
                    HPOS="79.0"
                    VPOS="1181.0"
                    WIDTH="722.0"
                    HEIGHT="43.0">
            <Shape><Polygon POINTS="79 1212 79 1220 113 1224 114 1224 138 1220 142 1220 154 1220 214 1223 215 1223 215 1223 225 1219 226 1219 227 1219 237 1223 237 1223 238 1223 265 1219 270 1218 297 1218 437 1220 438 1220 478 1215 483 1215 484 1215 497 1220 498 1220 499 1220 570 1218 571 1218 578 1215 579 1214 580 1215 585 1218 585 1218 586 1218 587 1218 588 1218 598 1215 599 1214 610 1214 660 1217 660 1217 682 1213 688 1212 692 1213 704 1216 704 1216 705 1216 800 1211 801 1202 798 1186 737 1186 722 1181 721 1181 720 1181 669 1187 658 1182 657 1182 620 1182 619 1182 618 1182 607 1188 566 1184 565 1184 564 1184 563 1184 557 1188 550 1184 549 1184 548 1184 444 1190 438 1190 433 1190 352 1186 352 1186 303 1192 302 1192 300 1192 259 1187 259 1187 203 1193 198 1193 198 1193 189 1189 188 1189 140 1189 139 1189 138 1189 118 1193 98 1189 97 1189 96 1189 79 1194 79 1212"/></Shape>
            <String CONTENT="ta eſt. Nam γυναικοκρατιαν omnes prudentes ſemper inſtar por¬"
                    HPOS="79.0"
                    VPOS="1181.0"
                    WIDTH="722.0"
                    HEIGHT="43.0"
                    WC="0.9934510197795805"></String>
          </TextLine>
          <TextLine ID="line_39"
                    TAGREFS="LT8"
                    BASELINE="79 1242 805 1233" 
                    HPOS="79.0"
                    VPOS="1210.0"
                    WIDTH="726.0"
                    HEIGHT="40.0">
            <Shape><Polygon POINTS="79 1242 79 1250 430 1250 431 1250 659 1243 663 1243 665 1243 720 1247 721 1247 805 1241 805 1233 802 1211 740 1214 731 1211 726 1210 725 1210 724 1210 723 1210 717 1211 704 1215 687 1212 673 1210 672 1210 671 1210 660 1212 647 1215 610 1213 578 1211 577 1211 577 1211 571 1214 564 1217 511 1217 504 1215 498 1213 497 1213 497 1213 469 1215 440 1218 428 1216 409 1213 409 1213 382 1217 378 1217 377 1217 371 1213 370 1213 370 1213 369 1213 347 1217 339 1219 336 1218 328 1214 327 1214 326 1214 286 1218 279 1219 264 1219 152 1215 151 1215 79 1221 79 1242"/></Shape>
            <String CONTENT="tenti repudiarunt. Quare, cœlum quodammodo terræ miſcebitur, ſi"
                    HPOS="79.0"
                    VPOS="1210.0"
                    WIDTH="726.0"
                    HEIGHT="40.0"
                    WC="0.9988099289318871"></String>
          </TextLine>
          <TextLine ID="line_40"
                    TAGREFS="LT8"
                    BASELINE="79 1269 804 1264" 
                    HPOS="78.0"
                    VPOS="1240.0"
                    WIDTH="726.0"
                    HEIGHT="42.0">
            <Shape><Polygon POINTS="79 1269 79 1278 180 1282 180 1282 221 1278 232 1277 242 1278 279 1281 280 1281 325 1277 342 1277 356 1277 387 1281 387 1281 408 1277 420 1276 802 1276 804 1264 803 1245 793 1240 792 1240 766 1240 766 1240 765 1240 755 1245 753 1246 751 1245 735 1241 734 1241 733 1241 732 1241 722 1246 721 1246 719 1246 705 1241 704 1241 704 1241 674 1246 672 1246 671 1246 660 1241 660 1241 612 1241 612 1241 611 1241 598 1246 594 1247 564 1246 472 1242 471 1242 471 1242 470 1242 463 1247 460 1249 372 1249 365 1247 344 1243 343 1243 343 1243 330 1248 328 1248 299 1248 116 1245 115 1245 78 1249 79 1269"/></Shape>
            <String CONTENT="docendi ius arripiant mulieres. Iubet ergo eas quieſcere, hoc eſt,ſe"
                    HPOS="78.0"
                    VPOS="1240.0"
                    WIDTH="726.0"
                    HEIGHT="42.0"
                    WC="0.9945413163479637"></String>
          </TextLine>
          <TextLine ID="line_41"
                    TAGREFS="LT8"
                    BASELINE="80 1302 438 1296" 
                    HPOS="79.0"
                    VPOS="1272.0"
                    WIDTH="359.0"
                    HEIGHT="38.0">
            <Shape><Polygon POINTS="80 1302 80 1310 386 1310 386 1309 437 1303 438 1296 436 1279 367 1279 361 1273 361 1272 360 1272 359 1272 338 1272 337 1272 306 1280 305 1280 304 1280 255 1274 254 1274 253 1274 252 1274 244 1279 220 1276 220 1276 219 1276 218 1276 213 1280 207 1275 206 1275 205 1275 184 1275 183 1275 182 1275 163 1281 161 1282 158 1281 131 1276 130 1276 129 1276 128 1276 120 1282 119 1283 79 1283 80 1302"/></Shape>
            <String CONTENT="continere intra ſuum ordinem."
                    HPOS="79.0"
                    VPOS="1272.0"
                    WIDTH="359.0"
                    HEIGHT="38.0"
                    WC="0.9965095211719645"></String>
          </TextLine>
        </TextBlock>
        <TextBlock HPOS="159"
                   VPOS="1307"
                   WIDTH="647"
                   HEIGHT="37"
                   ID="block_8"
                   TAGREFS="BT3132">
          <Shape><Polygon POINTS="806 1307 806 1344 159 1344 159 1307"/></Shape>
          <TextLine ID="line_42"
                    TAGREFS="LT8"
                    BASELINE="161 1329 804 1322" 
                    HPOS="160.0"
                    VPOS="1296.0"
                    WIDTH="644.0"
                    HEIGHT="51.0">
            <Shape><Polygon POINTS="161 1329 161 1343 267 1339 276 1342 293 1347 294 1347 295 1347 295 1347 316 1342 326 1338 358 1341 384 1343 385 1343 386 1343 393 1340 402 1338 416 1338 420 1340 428 1346 429 1346 430 1346 431 1347 459 1347 459 1346 460 1346 461 1346 468 1340 475 1346 476 1346 477 1346 478 1346 593 1340 639 1343 640 1343 641 1343 651 1339 656 1343 657 1343 658 1343 659 1344 723 1344 723 1343 747 1343 748 1343 765 1334 766 1334 803 1334 804 1322 802 1303 726 1296 725 1296 724 1296 696 1303 643 1297 642 1297 641 1297 616 1305 530 1305 482 1299 481 1299 480 1299 480 1299 467 1306 456 1299 455 1299 433 1299 432 1299 401 1307 400 1307 396 1307 326 1301 325 1301 292 1307 285 1302 284 1302 283 1302 246 1301 246 1301 207 1308 206 1308 205 1308 186 1302 185 1302 185 1302 184 1302 160 1308 161 1329"/></Shape>
            <String CONTENT="Adam enim creatus.) Videtur hæc parum valida eſſe ſubie¬"
                    HPOS="160.0"
                    VPOS="1296.0"
                    WIDTH="644.0"
                    HEIGHT="51.0"
                    WC="0.989113279751369"></String>
          </TextLine>
        </TextBlock>
        <TextBlock HPOS="812"
                   VPOS="1305"
                   WIDTH="34"
                   HEIGHT="51"
                   ID="block_5"
                   TAGREFS="BT3133">
          <Shape><Polygon POINTS="846 1305 846 1356 812 1356 812 1305"/></Shape>
          <TextLine ID="line_43"
                    TAGREFS="LT8"
                    BASELINE="820 1323 831 1322" 
                    HPOS="819"
                    VPOS="1303"
                    WIDTH="13"
                    HEIGHT="52">
            <Shape><Polygon POINTS="823 1355 832 1351 831 1322 828 1303 819 1303 820 1323"/></Shape>
            <String CONTENT=""
                    HPOS="819"
                    VPOS="1303"
                    WIDTH="13"
                    HEIGHT="52"
                    ></String>
          </TextLine>
        </TextBlock>
      </PrintSpace>
    </Page>
  </Layout>
</alto>
