<?xml version="1.0" encoding="UTF-8"?>
<alto xmlns:xsi="http://www.w3.org/2001/XMLSchema-instance"
      xmlns="http://www.loc.gov/standards/alto/ns-v4#"
      xsi:schemaLocation="http://www.loc.gov/standards/alto/ns-v4# http://www.loc.gov/standards/alto/v4/alto-4-2.xsd">
  <Description>
    <MeasurementUnit>pixel</MeasurementUnit>
    <sourceImageInformation>
      <fileName>6293987.jpg</fileName>
    </sourceImageInformation>
  </Description>
  <Tags>
    <OtherTag ID="BT7" LABEL="CustomZone" DESCRIPTION="block type CustomZone"/><OtherTag ID="BT8" LABEL="DamageZone" DESCRIPTION="block type DamageZone"/><OtherTag ID="BT9" LABEL="DigitizationArtefactZone" DESCRIPTION="block type DigitizationArtefactZone"/><OtherTag ID="BT10" LABEL="DropCapitalZone" DESCRIPTION="block type DropCapitalZone"/><OtherTag ID="BT11" LABEL="GraphicZone" DESCRIPTION="block type GraphicZone"/><OtherTag ID="BT12" LABEL="MainZone" DESCRIPTION="block type MainZone"/><OtherTag ID="BT13" LABEL="MarginTextZone" DESCRIPTION="block type MarginTextZone"/><OtherTag ID="BT14" LABEL="MusicZone" DESCRIPTION="block type MusicZone"/><OtherTag ID="BT15" LABEL="NumberingZone" DESCRIPTION="block type NumberingZone"/><OtherTag ID="BT17" LABEL="QuireMarksZone" DESCRIPTION="block type QuireMarksZone"/><OtherTag ID="BT18" LABEL="RunningTitleZone" DESCRIPTION="block type RunningTitleZone"/><OtherTag ID="BT19" LABEL="SealZone" DESCRIPTION="block type SealZone"/><OtherTag ID="BT20" LABEL="StampZone" DESCRIPTION="block type StampZone"/><OtherTag ID="BT21" LABEL="TableZone" DESCRIPTION="block type TableZone"/><OtherTag ID="BT22" LABEL="TitlePageZone" DESCRIPTION="block type TitlePageZone"/><OtherTag ID="BT3130" LABEL="MainZone-P-Continued" DESCRIPTION="block type MainZone-P-Continued"/><OtherTag ID="BT3131" LABEL="MainZone-Sp" DESCRIPTION="block type MainZone-Sp"/><OtherTag ID="BT3132" LABEL="MainZone-P" DESCRIPTION="block type MainZone-P"/><OtherTag ID="BT3133" LABEL="MarginTextZone-ManuscriptAddendum" DESCRIPTION="block type MarginTextZone-ManuscriptAddendum"/><OtherTag ID="BT3134" LABEL="MainZone-Sp-Continued" DESCRIPTION="block type MainZone-Sp-Continued"/><OtherTag ID="BT3135" LABEL="MainZone-Head" DESCRIPTION="block type MainZone-Head"/><OtherTag ID="BT3136" LABEL="MarginTextZone-Notes" DESCRIPTION="block type MarginTextZone-Notes"/>
    <OtherTag ID="LT7" LABEL="CustomLine" DESCRIPTION="line type CustomLine"/><OtherTag ID="LT8" LABEL="DefaultLine" DESCRIPTION="line type DefaultLine"/><OtherTag ID="LT9" LABEL="DropCapitalLine" DESCRIPTION="line type DropCapitalLine"/><OtherTag ID="LT10" LABEL="HeadingLine" DESCRIPTION="line type HeadingLine"/><OtherTag ID="LT11" LABEL="InterlinearLine" DESCRIPTION="line type InterlinearLine"/><OtherTag ID="LT12" LABEL="MusicLine" DESCRIPTION="line type MusicLine"/>
  </Tags>
  <Layout>
    <Page WIDTH="1000"
          HEIGHT="1466"
          PHYSICAL_IMG_NR="5"
          ID="eSc_dummypage_">
      <PrintSpace HPOS="0"
                  VPOS="0"
                  WIDTH="1000"
                  HEIGHT="1466">
        <TextBlock HPOS="319"
                   VPOS="14"
                   WIDTH="159"
                   HEIGHT="32"
                   ID="block_1"
                   TAGREFS="BT18">
          <Shape><Polygon POINTS="478 14 478 46 319 46 319 14"/></Shape>
          <TextLine ID="line_0"
                    TAGREFS="LT8"
                    BASELINE="317 37 479 37" 
                    HPOS="317.0"
                    VPOS="11.0"
                    WIDTH="162.0"
                    HEIGHT="33.0">
            <Shape><Polygon POINTS="317 37 317 44 479 43 479 37 479 18 466 18 466 17 459 12 459 11 458 11 458 11 457 11 456 11 434 17 433 18 404 18 403 17 392 11 392 11 391 11 324 11 323 11 322 11 321 11 317 14 317 37"/></Shape>
            <String CONTENT="CAP. II."
                    HPOS="317.0"
                    VPOS="11.0"
                    WIDTH="162.0"
                    HEIGHT="33.0"
                    WC="0.9987996816635132"></String>
          </TextLine>
        </TextBlock>
        <TextBlock HPOS="787"
                   VPOS="16"
                   WIDTH="39"
                   HEIGHT="29"
                   ID="block_0"
                   TAGREFS="BT15">
          <Shape><Polygon POINTS="826 16 826 45 787 45 787 16"/></Shape>
          <TextLine ID="line_1"
                    TAGREFS="LT8"
                    BASELINE="792 34 821 38" 
                    HPOS="790.0"
                    VPOS="11.0"
                    WIDTH="33.0"
                    HEIGHT="45.0">
            <Shape><Polygon POINTS="792 34 790 47 816 56 821 38 823 15 795 11 792 34"/></Shape>
            <String CONTENT="21"
                    HPOS="790.0"
                    VPOS="11.0"
                    WIDTH="33.0"
                    HEIGHT="45.0"
                    WC="0.9999140501022339"></String>
          </TextLine>
        </TextBlock>
        <TextBlock HPOS="62"
                   VPOS="51"
                   WIDTH="750"
                   HEIGHT="394"
                   ID="block_3"
                   TAGREFS="BT3130">
          <Shape><Polygon POINTS="812 51 812 443 62 445 71 51"/></Shape>
          <TextLine ID="line_2"
                    TAGREFS="LT8"
                    BASELINE="71 78 814 73" 
                    HPOS="70.0"
                    VPOS="48.0"
                    WIDTH="744.0"
                    HEIGHT="44.0">
            <Shape><Polygon POINTS="71 78 71 92 109 87 141 92 142 92 143 92 196 86 235 91 237 91 238 91 245 91 325 85 334 90 334 90 335 90 336 91 407 91 407 90 417 88 443 84 468 88 478 89 479 90 533 90 533 89 534 89 539 87 546 84 550 87 553 89 554 89 555 89 555 89 594 87 637 83 775 83 782 84 797 87 798 87 799 87 814 83 814 73 812 55 768 49 767 49 766 49 753 54 753 55 710 55 709 54 700 48 700 48 699 48 698 48 697 48 676 54 672 56 619 56 616 54 607 49 607 49 606 49 577 54 564 57 515 57 508 54 495 50 494 50 493 50 461 54 455 54 451 54 434 51 433 51 432 51 426 53 419 57 387 57 383 53 378 51 378 51 377 51 376 51 375 51 365 53 354 57 339 53 326 51 325 51 252 52 251 52 247 53 237 58 176 58 165 53 163 52 162 52 162 52 161 52 160 52 159 53 153 58 119 58 110 53 110 52 109 52 108 52 107 52 70 52 71 78"/></Shape>
            <String CONTENT="ſciant cum omnibus ſibi eſſe coniunctionem, quia vnus ſit omnium"
                    HPOS="70.0"
                    VPOS="48.0"
                    WIDTH="744.0"
                    HEIGHT="44.0"
                    WC="0.997430358082056"></String>
          </TextLine>
          <TextLine ID="line_3"
                    TAGREFS="LT8"
                    BASELINE="72 108 813 103" 
                    HPOS="71.0"
                    VPOS="80.0"
                    WIDTH="742.0"
                    HEIGHT="38.0">
            <Shape><Polygon POINTS="72 108 72 118 689 118 689 117 691 117 709 113 811 116 813 103 811 80 777 80 776 80 775 80 775 80 763 86 754 80 753 80 753 80 689 80 688 80 687 80 687 80 685 81 678 86 648 82 640 81 639 81 638 81 637 82 628 87 616 82 612 81 612 81 611 81 610 81 609 81 607 83 600 87 564 87 488 83 446 82 445 82 444 82 440 84 431 89 314 89 301 86 287 83 286 83 264 87 245 89 236 87 224 83 224 83 223 83 207 87 194 90 187 87 179 84 178 84 177 84 176 84 164 87 155 90 128 88 84 85 83 85 83 85 71 88 72 108"/></Shape>
            <String CONTENT="Deus: vt ſciant non in perpetuum à ſpe ſalutis excluſos, qui ſub eiuſ"
                    HPOS="71.0"
                    VPOS="80.0"
                    WIDTH="742.0"
                    HEIGHT="38.0"
                    WC="0.9895364650658198"></String>
          </TextLine>
          <TextLine ID="line_4"
                    TAGREFS="LT8"
                    BASELINE="72 136 813 131" 
                    HPOS="71.0"
                    VPOS="111.0"
                    WIDTH="742.0"
                    HEIGHT="40.0">
            <Shape><Polygon POINTS="72 136 72 145 159 145 160 145 176 151 177 151 178 151 179 151 190 146 242 150 243 150 244 150 261 144 262 144 269 144 386 149 387 149 387 149 388 149 395 144 396 144 414 148 415 148 467 143 473 143 475 143 488 149 489 149 490 149 533 149 533 149 534 149 547 143 563 148 564 148 565 148 566 148 580 143 624 148 625 148 625 148 636 143 688 148 689 148 722 141 724 141 725 141 738 147 739 147 740 147 812 140 813 131 810 111 71 115 72 136"/></Shape>
            <String CONTENT="dem Dei ſunt poteſtate. Idem ſibi vult quod de vno mediatore con¬"
                    HPOS="71.0"
                    VPOS="111.0"
                    WIDTH="742.0"
                    HEIGHT="40.0"
                    WC="0.986240697824038"></String>
          </TextLine>
          <TextLine ID="line_5"
                    TAGREFS="LT8"
                    BASELINE="71 166 814 162" 
                    HPOS="70.0"
                    VPOS="140.0"
                    WIDTH="744.0"
                    HEIGHT="39.0">
            <Shape><Polygon POINTS="71 166 71 173 94 179 95 179 219 179 219 179 243 175 366 178 367 178 395 175 414 172 475 175 498 175 499 175 505 175 526 171 635 171 643 175 644 175 645 175 646 175 647 175 648 175 668 171 813 175 814 162 813 144 718 140 717 140 667 144 651 144 632 144 572 140 572 140 533 144 515 145 497 144 466 141 465 141 420 144 399 145 389 144 368 141 367 141 366 141 365 141 361 144 357 146 345 144 330 142 330 142 318 144 309 146 70 145 71 166"/></Shape>
            <String CONTENT="tinuò ſubiicit. Nam ſicuti vnus eſt Deus omnium creator &amp; pater:"
                    HPOS="70.0"
                    VPOS="140.0"
                    WIDTH="744.0"
                    HEIGHT="39.0"
                    WC="0.9976755628219017"></String>
          </TextLine>
          <TextLine ID="line_6"
                    TAGREFS="LT8"
                    BASELINE="70 195 811 191" 
                    HPOS="70.0"
                    VPOS="168.0"
                    WIDTH="741.0"
                    HEIGHT="38.0">
            <Shape><Polygon POINTS="70 195 70 206 811 206 811 191 810 175 661 168 660 168 660 168 639 174 631 175 627 174 619 169 618 169 587 169 586 169 585 169 573 173 566 175 535 173 512 171 511 171 486 173 434 176 422 172 413 170 412 170 381 170 380 170 351 171 350 171 349 171 347 172 338 178 275 178 247 171 239 171 238 171 237 171 233 171 215 178 199 174 198 174 198 174 156 177 138 171 137 171 136 171 136 171 114 178 70 171 70 195"/></Shape>
            <String CONTENT="ita vnicum mediatorem eſſe dicit, per quem acceſſus nobis ad Deum"
                    HPOS="70.0"
                    VPOS="168.0"
                    WIDTH="741.0"
                    HEIGHT="38.0"
                    WC="0.9885680868075444"></String>
          </TextLine>
          <TextLine ID="line_7"
                    TAGREFS="LT8"
                    BASELINE="71 226 806 219" 
                    HPOS="70.0"
                    VPOS="197.0"
                    WIDTH="736.0"
                    HEIGHT="42.0">
            <Shape><Polygon POINTS="71 226 71 239 163 234 175 238 176 238 177 238 178 238 250 237 387 233 398 234 419 237 420 237 421 237 431 234 440 232 473 233 526 236 527 236 656 230 671 230 674 230 703 234 704 234 704 234 715 229 716 228 806 228 806 219 804 199 766 201 759 199 752 197 751 197 750 197 727 199 699 202 687 199 682 198 681 198 680 198 679 198 675 199 665 202 653 200 644 197 643 197 643 197 630 200 612 203 569 200 544 198 543 198 542 198 537 200 525 204 436 201 407 200 406 200 405 200 403 201 394 205 363 201 351 200 350 200 349 200 348 200 347 201 343 204 319 201 311 201 310 201 309 201 308 201 299 206 267 201 256 201 255 201 255 201 254 201 253 201 246 206 229 201 226 201 225 201 224 201 224 201 223 201 212 207 162 207 70 203 71 226"/></Shape>
            <String CONTENT="patet. Atque hunc mediatorem non vni tantùm genti vel paucis hoᛘ"
                    HPOS="70.0"
                    VPOS="197.0"
                    WIDTH="736.0"
                    HEIGHT="42.0"
                    ></String>
          </TextLine>
          <TextLine ID="line_8"
                    TAGREFS="LT8"
                    BASELINE="71 256 803 250" 
                    HPOS="70.0"
                    VPOS="227.0"
                    WIDTH="733.0"
                    HEIGHT="43.0">
            <Shape><Polygon POINTS="71 256 71 270 279 268 285 267 313 263 365 267 382 267 383 267 383 267 387 267 396 263 455 266 480 267 480 267 481 267 484 265 491 262 499 265 502 266 502 266 503 266 504 266 508 265 520 262 802 262 803 250 801 232 757 227 757 227 756 227 746 232 705 227 704 227 704 227 689 233 592 233 581 228 581 228 580 228 528 233 491 228 490 228 489 228 488 228 480 234 384 229 383 229 383 229 365 235 290 230 289 230 288 230 273 236 259 231 258 231 257 231 169 237 158 232 157 232 156 232 155 232 142 237 135 232 134 232 133 232 101 232 100 232 70 237 71 256"/></Shape>
            <String CONTENT="minibus certæ conditionis eſſe datum, ſed omnibus. Nam ſacrificii,"
                    HPOS="70.0"
                    VPOS="227.0"
                    WIDTH="733.0"
                    HEIGHT="43.0"
                    WC="0.9870811240239576"></String>
          </TextLine>
          <TextLine ID="line_9"
                    TAGREFS="LT8"
                    BASELINE="72 285 802 279" 
                    HPOS="71.0"
                    VPOS="257.0"
                    WIDTH="731.0"
                    HEIGHT="41.0">
            <Shape><Polygon POINTS="72 285 72 294 162 298 162 298 205 294 209 294 211 294 250 298 251 298 290 293 294 293 295 293 303 297 303 297 304 297 305 297 313 293 317 293 387 296 388 296 389 296 390 296 395 292 396 291 437 291 449 291 521 295 522 295 523 295 536 290 537 290 537 290 542 294 543 294 544 294 545 295 587 295 587 294 616 290 621 289 630 289 692 294 693 294 801 288 802 279 801 263 726 257 726 257 725 257 704 263 704 263 688 258 687 258 620 258 619 258 618 258 599 263 596 263 590 263 539 258 538 258 537 258 528 263 526 264 504 263 444 261 444 261 431 264 425 265 422 264 412 260 411 260 410 260 409 260 402 264 399 266 359 266 356 264 347 260 346 260 345 260 286 261 285 261 272 264 267 266 264 264 255 261 255 261 254 261 253 261 242 265 236 267 220 265 193 262 193 262 171 265 154 267 130 265 104 263 103 263 71 265 72 285"/></Shape>
            <String CONTENT="quo peccata expiauit, fructum ad omnes pertinere. Particula vniuer¬"
                    HPOS="71.0"
                    VPOS="257.0"
                    WIDTH="731.0"
                    HEIGHT="41.0"
                    WC="0.99171366264571"></String>
          </TextLine>
          <TextLine ID="line_10"
                    TAGREFS="LT8"
                    BASELINE="70 316 803 308" 
                    HPOS="69.0"
                    VPOS="284.0"
                    WIDTH="734.0"
                    HEIGHT="44.0">
            <Shape><Polygon POINTS="70 316 70 324 215 328 215 328 216 328 217 328 224 323 293 323 312 327 313 327 470 324 471 324 485 320 524 324 524 324 693 323 803 316 803 308 801 284 752 290 678 287 677 287 647 291 611 286 607 286 606 286 605 286 604 286 594 290 541 287 528 287 528 287 522 288 499 292 463 289 452 288 451 288 450 288 447 289 433 294 392 294 377 290 372 289 371 289 370 289 370 289 366 290 357 295 268 295 247 292 231 289 230 289 229 289 222 293 213 297 150 297 144 294 138 291 137 291 136 291 69 294 70 316"/></Shape>
            <String CONTENT="ſalis ſemper ad hominum genera referri debet non ad perſonas. Acſiᛘ"
                    HPOS="69.0"
                    VPOS="284.0"
                    WIDTH="734.0"
                    HEIGHT="44.0"
                    ></String>
          </TextLine>
          <TextLine ID="line_11"
                    TAGREFS="LT8"
                    BASELINE="71 345 806 339" 
                    HPOS="70.0"
                    VPOS="316.0"
                    WIDTH="736.0"
                    HEIGHT="39.0">
            <Shape><Polygon POINTS="71 345 71 355 569 355 569 355 580 354 625 350 689 354 697 354 698 354 701 354 726 349 804 353 806 339 804 320 713 316 713 316 696 320 687 321 674 320 651 316 651 316 566 320 487 323 472 320 462 318 461 318 448 320 430 323 411 320 396 318 395 318 384 320 368 324 328 320 317 320 317 320 306 320 261 324 250 320 247 320 246 320 190 320 189 320 189 320 185 320 172 325 70 321 71 345"/></Shape>
            <String CONTENT="dixiſſet: Non ſolos Iudæos, ſed Gentiles quoque: non ſolos plebeios,"
                    HPOS="70.0"
                    VPOS="316.0"
                    WIDTH="736.0"
                    HEIGHT="39.0"
                    WC="0.9991125411847058"></String>
          </TextLine>
          <TextLine ID="line_12"
                    TAGREFS="LT8"
                    BASELINE="74 374 801 367" 
                    HPOS="73.0"
                    VPOS="344.0"
                    WIDTH="728.0"
                    HEIGHT="43.0">
            <Shape><Polygon POINTS="660 350 651 350 643 350 635 350 627 350 619 350 611 350 603 350 594 350 586 350 578 350 570 350 566 350 563 351 557 351 550 351 544 350 537 350 529 350 521 350 513 350 505 350 497 350 488 350 480 350 480 350 463 351 435 352 429 351 423 350 423 350 415 350 407 350 405 350 400 351 394 354 323 354 319 351 315 350 309 350 308 350 303 351 296 355 258 355 252 352 246 350 244 350 236 350 235 350 214 352 195 354 186 352 174 350 173 350 73 352 74 374 74 385 196 387 197 387 222 383 230 382 237 383 261 386 262 386 263 386 273 382 277 381 281 382 297 386 298 386 299 386 299 386 315 382 316 382 318 382 363 386 364 386 365 386 365 386 371 381 374 381 387 381 440 385 440 385 441 385 459 381 462 380 468 381 491 383 492 383 555 379 574 378 581 379 611 383 612 383 660 378 667 377 673 377 713 382 713 382 714 382 715 382 722 377 724 377 731 377 772 381 773 381 801 376 801 367 800 350 724 344 723 344 722 344 704 350 704 350 696 350 660 348 660 350"/></Shape>
            <String CONTENT="ſed etiam principes redemptos eſſe morte Chriſti. Cum itaque com¬"
                    HPOS="73.0"
                    VPOS="344.0"
                    WIDTH="728.0"
                    HEIGHT="43.0"
                    WC="0.9912672281265259"></String>
          </TextLine>
          <TextLine ID="line_13"
                    TAGREFS="LT8"
                    BASELINE="74 403 801 397" 
                    HPOS="73.0"
                    VPOS="375.0"
                    WIDTH="728.0"
                    HEIGHT="42.0">
            <Shape><Polygon POINTS="74 403 75 417 81 412 237 412 243 416 247 417 248 417 249 417 250 417 251 417 254 415 259 412 290 415 308 416 309 416 325 415 354 411 378 414 394 416 395 416 396 416 402 414 412 411 431 413 444 415 444 415 470 413 508 410 514 412 519 415 520 415 521 415 534 412 543 411 561 412 587 414 588 414 601 412 610 410 800 410 801 397 799 381 773 381 759 375 758 375 714 375 713 375 713 375 712 375 705 381 697 377 696 377 696 377 695 377 682 381 636 376 635 376 634 376 616 382 528 377 527 377 497 383 466 377 445 377 444 377 444 377 430 384 375 381 374 381 345 385 334 379 334 379 333 379 288 384 267 379 266 379 265 379 264 379 264 379 253 386 228 380 227 380 226 380 212 386 162 386 152 382 151 382 150 382 73 387 74 403"/></Shape>
            <String CONTENT="mune mortis ſuæ beneficium omnibus eſſe velit: iniuriam illi faci¬"
                    HPOS="73.0"
                    VPOS="375.0"
                    WIDTH="728.0"
                    HEIGHT="42.0"
                    WC="0.9785427098924463"></String>
          </TextLine>
          <TextLine ID="line_14"
                    TAGREFS="LT8"
                    BASELINE="74 433 642 430" 
                    HPOS="74.0"
                    VPOS="406.0"
                    WIDTH="568.0"
                    HEIGHT="41.0">
            <Shape><Polygon POINTS="74 433 74 443 356 447 357 447 388 443 466 446 467 446 495 442 500 441 504 441 531 445 532 445 641 440 642 430 640 412 614 406 613 406 612 406 597 411 572 406 502 406 501 406 500 406 499 406 494 411 356 413 336 408 335 408 334 408 283 413 273 408 272 408 271 408 270 408 248 413 217 408 216 408 189 408 188 408 187 408 187 409 180 414 155 409 154 409 154 409 153 409 147 415 130 415 106 408 105 408 105 408 74 415 74 433"/></Shape>
            <String CONTENT="unt, qui opinione ſua quempiam arcent à ſpe ſalutis."
                    HPOS="74.0"
                    VPOS="406.0"
                    WIDTH="568.0"
                    HEIGHT="41.0"
                    WC="0.9849661228791723"></String>
          </TextLine>
        </TextBlock>
        <TextBlock HPOS="68"
                   VPOS="443"
                   WIDTH="748"
                   HEIGHT="878"
                   ID="block_4"
                   TAGREFS="BT3132">
          <Shape><Polygon POINTS="816 443 816 1292 72 1321 68 451"/></Shape>
          <TextLine ID="line_15"
                    TAGREFS="LT8"
                    BASELINE="151 462 802 456" 
                    HPOS="150.0"
                    VPOS="434.0"
                    WIDTH="652.0"
                    HEIGHT="43.0">
            <Shape><Polygon POINTS="151 462 151 470 221 477 222 477 255 470 258 470 260 470 283 476 284 476 285 476 297 470 300 469 336 469 352 470 390 475 391 475 517 474 518 474 519 474 524 470 530 467 540 470 550 474 550 474 551 474 552 474 561 470 570 467 574 470 576 472 577 472 577 472 578 472 579 472 583 470 589 468 603 470 614 472 615 472 616 472 621 470 634 466 667 470 690 473 691 473 691 473 700 470 712 467 731 470 744 472 744 472 745 472 749 470 759 465 792 465 799 470 802 456 801 434 777 434 776 434 775 434 775 434 767 439 755 435 754 435 753 435 665 440 638 434 636 434 635 434 634 434 633 434 612 441 592 435 591 435 590 435 588 435 521 442 503 436 502 436 502 436 501 436 481 440 438 436 430 436 429 436 428 436 427 437 409 443 396 438 395 438 394 438 334 443 262 438 254 438 253 438 245 438 180 444 150 439 151 462"/></Shape>
            <String CONTENT="Homo Ieſus.) Hominem dum prædicat, non negat eſſe"
                    HPOS="150.0"
                    VPOS="434.0"
                    WIDTH="652.0"
                    HEIGHT="43.0"
                    WC="0.9892509616151148"></String>
          </TextLine>
          <TextLine ID="line_16"
                    TAGREFS="LT8"
                    BASELINE="74 494 809 484" 
                    HPOS="73.0"
                    VPOS="461.0"
                    WIDTH="736.0"
                    HEIGHT="46.0">
            <Shape><Polygon POINTS="74 494 74 507 186 507 186 506 197 504 212 501 235 504 254 505 255 505 275 503 293 500 301 502 309 504 310 504 311 504 312 504 312 504 317 502 321 500 447 500 685 500 686 500 809 492 809 484 807 469 773 461 772 461 743 469 740 469 738 469 715 465 714 465 668 468 657 464 656 464 656 464 655 464 638 469 634 469 631 469 618 466 617 466 583 469 557 471 553 469 546 465 545 465 544 465 543 465 533 469 527 471 502 469 470 467 469 467 455 469 437 474 352 474 341 469 333 467 332 467 331 467 330 467 319 470 302 474 278 470 264 468 264 468 251 470 236 473 184 470 159 469 158 469 158 469 157 469 156 470 149 474 142 470 141 470 140 470 140 470 136 470 110 474 73 471 74 494"/></Shape>
            <String CONTENT="Deum: ſed cum vinculum notare vellet noſtræ cum Deo coniuncti¬"
                    HPOS="73.0"
                    VPOS="461.0"
                    WIDTH="736.0"
                    HEIGHT="46.0"
                    WC="0.9994328185435264"></String>
          </TextLine>
          <TextLine ID="line_17"
                    TAGREFS="LT8"
                    BASELINE="73 522 808 514" 
                    HPOS="72.0"
                    VPOS="492.0"
                    WIDTH="736.0"
                    HEIGHT="43.0">
            <Shape><Polygon POINTS="73 522 73 531 234 535 235 535 268 530 271 530 274 530 317 534 317 534 808 524 808 514 806 494 724 492 723 492 722 492 722 492 718 495 713 499 687 499 679 495 675 494 674 494 674 494 673 494 670 495 662 500 604 496 564 494 563 494 563 494 562 494 558 497 555 499 539 497 519 495 519 495 518 495 511 497 502 501 465 498 435 495 434 495 418 499 396 504 284 504 272 500 259 497 259 497 258 497 257 497 249 501 243 504 158 504 150 502 135 499 134 499 133 499 126 503 121 505 72 504 73 522"/></Shape>
            <String CONTENT="onis, humanæ potius naturæ meminit, quàm diuinæ. Quod ſedulo"
                    HPOS="72.0"
                    VPOS="492.0"
                    WIDTH="736.0"
                    HEIGHT="43.0"
                    WC="0.9980209616364025"></String>
          </TextLine>
          <TextLine ID="line_18"
                    TAGREFS="LT8"
                    BASELINE="73 551 807 544" 
                    HPOS="72.0"
                    VPOS="522.0"
                    WIDTH="735.0"
                    HEIGHT="43.0">
            <Shape><Polygon POINTS="73 551 73 561 163 565 164 565 310 563 311 563 319 560 322 559 356 560 437 562 438 562 453 559 465 557 806 557 807 544 806 527 784 522 784 522 726 522 726 522 725 522 710 527 709 529 647 529 646 528 632 522 631 522 630 522 629 522 629 522 621 528 620 529 613 528 576 523 575 523 521 529 509 530 488 529 398 525 397 525 396 525 387 530 386 531 347 531 327 530 271 526 270 526 246 526 245 526 244 526 238 531 235 532 220 531 179 526 178 526 177 526 162 531 158 533 123 533 120 531 114 527 113 527 112 527 111 527 72 531 73 551"/></Shape>
            <String CONTENT="obſeruandum eſt. Hinc enim factum eſt ab initio, vt homines ſibi hos"
                    HPOS="72.0"
                    VPOS="522.0"
                    WIDTH="735.0"
                    HEIGHT="43.0"
                    WC="0.9796297629089916"></String>
          </TextLine>
          <TextLine ID="line_19"
                    TAGREFS="LT8"
                    BASELINE="74 582 804 573" 
                    HPOS="74.0"
                    VPOS="551.0"
                    WIDTH="730.0"
                    HEIGHT="44.0">
            <Shape><Polygon POINTS="74 582 74 592 248 595 249 595 273 590 279 589 289 590 338 594 339 594 379 588 382 588 383 588 393 593 394 593 395 593 396 593 409 588 410 588 417 588 466 592 466 592 467 592 468 592 476 587 477 587 478 587 490 592 491 592 492 592 534 586 538 586 541 586 566 591 567 591 670 590 700 584 763 588 764 588 804 582 804 573 802 557 775 552 775 552 774 552 773 552 766 557 748 551 748 551 747 551 681 557 669 558 660 557 607 553 606 553 557 558 537 560 529 558 515 554 515 554 514 554 488 558 470 561 424 561 418 558 410 555 409 555 409 555 393 558 378 561 349 558 329 557 328 557 316 559 296 562 269 559 257 557 256 557 242 559 218 561 211 559 207 557 207 557 206 557 205 557 204 557 202 559 198 562 189 559 186 558 185 558 185 558 177 559 158 562 148 559 145 558 144 558 143 558 74 559 74 582"/></Shape>
            <String CONTENT="vel illos fingendo mediatores, longius à Deo receſſerint, quia hoc er¬"
                    HPOS="74.0"
                    VPOS="551.0"
                    WIDTH="730.0"
                    HEIGHT="44.0"
                    WC="0.9882427168564057"></String>
          </TextLine>
          <TextLine ID="line_20"
                    TAGREFS="LT8"
                    BASELINE="76 611 804 603" 
                    HPOS="75.0"
                    VPOS="584.0"
                    WIDTH="729.0"
                    HEIGHT="41.0">
            <Shape><Polygon POINTS="76 611 76 620 135 625 136 625 136 625 149 619 149 619 158 623 158 623 159 623 200 619 219 624 220 624 220 624 221 624 237 619 290 623 291 623 292 623 312 618 356 623 356 623 395 617 396 617 429 622 430 622 470 616 511 621 512 621 543 615 568 620 568 620 607 615 654 619 655 619 656 619 656 619 661 615 684 618 685 618 686 618 704 613 804 611 804 603 802 584 546 584 546 584 545 584 544 584 541 586 537 590 511 590 492 587 481 585 480 585 468 587 453 589 430 588 412 586 411 586 397 588 365 592 283 588 250 588 249 588 241 589 220 594 188 594 179 589 176 588 176 588 175 588 163 590 130 594 75 591 76 611"/></Shape>
            <String CONTENT="rore præoccupati, Deum procul abeſſe, quo ſe verterent neſciebant."
                    HPOS="75.0"
                    VPOS="584.0"
                    WIDTH="729.0"
                    HEIGHT="41.0"
                    WC="0.9984968467192217"></String>
          </TextLine>
          <TextLine ID="line_21"
                    TAGREFS="LT8"
                    BASELINE="72 641 801 632" 
                    HPOS="71.0"
                    VPOS="609.0"
                    WIDTH="730.0"
                    HEIGHT="46.0">
            <Shape><Polygon POINTS="72 641 72 650 107 650 108 650 119 655 120 655 121 655 142 650 148 649 153 650 173 654 174 654 240 650 263 649 281 649 320 653 321 653 321 653 333 649 342 647 351 649 359 652 360 652 361 652 378 649 393 647 431 649 468 651 469 651 470 651 475 649 481 645 504 649 515 650 516 650 602 649 629 648 735 642 800 647 801 632 800 614 740 609 740 609 739 609 738 609 730 614 727 616 678 616 676 614 669 610 668 610 667 610 666 610 665 610 665 610 658 614 656 616 641 614 608 611 607 611 607 611 596 614 590 618 533 618 507 615 479 612 478 612 428 615 368 619 329 615 314 614 313 614 302 616 262 621 251 616 251 616 250 616 249 616 234 621 206 616 204 616 203 616 198 616 132 620 71 617 72 641"/></Shape>
            <String CONTENT="Huic malo Paulus medetur, cum nobis Deum quaſi præſentem ſiſtit:"
                    HPOS="71.0"
                    VPOS="609.0"
                    WIDTH="730.0"
                    HEIGHT="46.0"
                    WC="0.9919682973995805"></String>
          </TextLine>
          <TextLine ID="line_22"
                    TAGREFS="LT8"
                    BASELINE="71 670 803 662" 
                    HPOS="70.0"
                    VPOS="640.0"
                    WIDTH="733.0"
                    HEIGHT="45.0">
            <Shape><Polygon POINTS="71 670 71 685 97 680 123 684 124 684 182 680 193 684 193 684 194 684 195 684 211 680 224 684 225 684 226 684 339 682 340 682 354 677 376 682 378 682 379 682 380 682 382 682 401 676 427 681 429 681 430 681 432 681 466 677 484 680 485 680 486 680 487 680 502 675 530 680 534 680 535 680 540 680 574 675 607 679 608 679 609 679 641 674 802 676 803 662 801 645 742 640 741 640 740 640 724 645 718 646 704 645 668 641 667 641 623 645 607 648 513 648 511 647 503 643 502 643 502 643 481 647 472 649 453 647 409 644 408 644 407 644 396 648 392 649 378 648 348 645 348 645 330 649 325 649 311 649 271 645 270 645 269 645 256 649 251 650 223 649 150 646 149 646 70 650 71 670"/></Shape>
            <String CONTENT="quia ad nos vſque deſcendit, ne ſupra nubes quærendus eſſet. Idem"
                    HPOS="70.0"
                    VPOS="640.0"
                    WIDTH="733.0"
                    HEIGHT="45.0"
                    WC="0.9843477478394141"></String>
          </TextLine>
          <TextLine ID="line_23"
                    TAGREFS="LT8"
                    BASELINE="70 700 799 691" 
                    HPOS="70.0"
                    VPOS="670.0"
                    WIDTH="729.0"
                    HEIGHT="44.0">
            <Shape><Polygon POINTS="70 700 70 709 118 714 118 714 194 708 204 707 209 707 242 712 243 712 295 706 299 706 308 711 309 711 310 711 374 706 377 706 380 706 445 710 446 710 591 705 665 707 666 707 798 700 799 691 797 675 733 670 732 670 699 674 633 671 632 671 631 671 630 671 624 675 622 676 617 675 598 671 597 671 550 676 526 679 464 679 456 676 447 674 446 674 445 674 444 674 444 674 440 676 436 679 433 677 429 674 428 674 427 674 400 674 399 674 398 674 397 674 393 677 389 680 312 680 306 678 303 675 303 675 302 675 301 675 286 678 264 681 230 678 209 676 208 676 167 679 106 682 70 680 70 700"/></Shape>
            <String CONTENT="ergo hîc dicitur, quod quarto ad Hebræos capite: Non habemus Pon¬"
                    HPOS="70.0"
                    VPOS="670.0"
                    WIDTH="729.0"
                    HEIGHT="44.0"
                    WC="0.9841785033543905"></String>
          </TextLine>
          <TextLine ID="line_24"
                    TAGREFS="LT8"
                    BASELINE="71 729 799 720" 
                    HPOS="70.0"
                    VPOS="702.0"
                    WIDTH="729.0"
                    HEIGHT="39.0">
            <Shape><Polygon POINTS="71 729 71 741 525 738 526 738 538 734 540 734 544 734 586 737 587 737 588 737 598 733 601 733 609 733 638 737 638 737 639 737 651 733 651 733 653 733 671 736 672 736 798 730 799 720 797 702 334 705 334 705 333 705 327 709 325 710 318 709 283 706 282 706 263 710 259 711 124 712 120 712 79 708 79 708 78 708 70 711 71 729"/></Shape>
            <String CONTENT="tificeni, qui compati infirmitatibus noſtris nequeat: cum tentatus"
                    HPOS="70.0"
                    VPOS="702.0"
                    WIDTH="729.0"
                    HEIGHT="39.0"
                    WC="0.9864272177219391"></String>
          </TextLine>
          <TextLine ID="line_25"
                    TAGREFS="LT8"
                    BASELINE="72 759 800 750" 
                    HPOS="71.0"
                    VPOS="728.0"
                    WIDTH="729.0"
                    HEIGHT="44.0">
            <Shape><Polygon POINTS="72 759 72 768 216 772 217 772 392 765 403 765 404 765 418 770 418 770 419 770 508 769 643 763 660 762 661 762 675 767 676 767 677 767 678 767 687 762 690 762 726 767 726 767 727 767 743 761 744 761 799 761 800 750 798 735 726 728 726 728 687 734 673 730 672 730 671 730 670 730 652 736 650 736 644 736 596 730 595 730 594 730 580 736 577 737 564 736 512 732 511 732 511 732 510 732 505 737 449 737 448 737 438 732 437 732 436 732 436 732 422 737 417 738 389 737 328 733 327 733 326 733 314 737 310 738 306 737 291 733 290 733 290 733 269 737 268 737 265 737 227 734 226 734 225 734 224 734 220 737 215 741 175 738 139 736 138 736 71 738 72 759"/></Shape>
            <String CONTENT="fuerit per omnia. Et ſanè ſi id omnium animis inſideret: porrigi no¬"
                    HPOS="71.0"
                    VPOS="728.0"
                    WIDTH="729.0"
                    HEIGHT="44.0"
                    WC="0.9974045563435209"></String>
          </TextLine>
          <TextLine ID="line_26"
                    TAGREFS="LT8"
                    BASELINE="72 788 801 780" 
                    HPOS="71.0"
                    VPOS="759.0"
                    WIDTH="730.0"
                    HEIGHT="39.0">
            <Shape><Polygon POINTS="72 788 72 798 581 798 581 797 650 791 660 790 667 790 726 795 727 795 728 795 746 790 748 790 800 790 801 780 799 765 744 759 744 759 743 759 742 759 735 763 706 760 705 760 704 760 685 765 683 765 682 765 657 760 656 760 656 760 645 765 643 767 581 767 572 765 551 762 550 762 520 766 503 768 459 768 454 766 445 763 444 763 444 763 443 763 436 766 431 768 401 766 378 764 318 764 317 764 307 767 289 770 71 768 72 788"/></Shape>
            <String CONTENT="bis fraternam manum à filio Dei, &amp; naturæ ſocietate nobis coniun¬"
                    HPOS="71.0"
                    VPOS="759.0"
                    WIDTH="730.0"
                    HEIGHT="39.0"
                    WC="0.9856815961274233"></String>
          </TextLine>
          <TextLine ID="line_27"
                    TAGREFS="LT8"
                    BASELINE="75 817 804 810" 
                    HPOS="74.0"
                    VPOS="787.0"
                    WIDTH="730.0"
                    HEIGHT="45.0">
            <Shape><Polygon POINTS="75 817 75 832 101 827 114 831 115 831 116 831 201 825 269 829 289 829 290 829 298 829 323 824 414 826 478 828 479 828 530 824 560 822 563 824 568 826 569 826 570 826 612 825 631 822 644 820 756 820 758 820 772 825 773 825 774 825 775 825 775 825 782 820 783 820 804 820 804 810 801 787 781 793 750 788 745 787 744 787 740 788 713 794 687 789 683 788 682 788 682 788 680 789 669 794 638 795 577 790 561 789 560 789 559 789 554 790 536 794 516 790 509 790 508 790 432 790 431 790 431 790 429 792 420 798 397 798 348 798 333 793 326 791 325 791 325 791 283 792 282 792 281 792 279 794 271 798 261 794 259 794 259 794 258 794 257 794 255 794 242 799 154 800 101 799 97 796 94 794 93 794 92 794 92 794 74 796 75 817"/></Shape>
            <String CONTENT="ctum, vt nos ex hac noſtra tam abiecta conditione in cœlum vſque"
                    HPOS="74.0"
                    VPOS="787.0"
                    WIDTH="730.0"
                    HEIGHT="45.0"
                    WC="0.9930428871884942"></String>
          </TextLine>
          <TextLine ID="line_28"
                    TAGREFS="LT8"
                    BASELINE="78 847 807 838" 
                    HPOS="77.0"
                    VPOS="816.0"
                    WIDTH="730.0"
                    HEIGHT="44.0">
            <Shape><Polygon POINTS="78 847 78 857 202 860 202 860 247 855 259 855 265 855 290 859 291 859 352 854 370 853 386 854 441 857 442 857 561 851 588 851 595 851 625 855 625 855 656 851 663 850 710 850 711 850 718 854 718 854 719 854 720 854 806 848 807 838 806 823 740 816 740 816 739 816 738 816 728 823 727 823 726 823 713 817 712 817 711 817 710 817 700 821 672 817 671 817 670 817 658 823 656 824 653 823 641 818 640 818 639 818 638 818 629 823 627 825 588 825 579 823 561 820 560 820 559 820 550 823 546 825 370 827 356 824 348 821 348 821 303 821 302 821 289 824 268 828 245 824 234 822 233 822 217 824 184 828 77 825 78 847"/></Shape>
            <String CONTENT="attollat, quis non rectâ hanc viam tenere mallet, quàm in deuiis ſa¬"
                    HPOS="77.0"
                    VPOS="816.0"
                    WIDTH="730.0"
                    HEIGHT="44.0"
                    WC="0.9763064503669738"></String>
          </TextLine>
          <TextLine ID="line_29"
                    TAGREFS="LT8"
                    BASELINE="75 877 810 869" 
                    HPOS="74.0"
                    VPOS="847.0"
                    WIDTH="736.0"
                    HEIGHT="43.0">
            <Shape><Polygon POINTS="75 877 75 890 216 890 216 889 217 889 223 886 231 884 252 886 263 887 264 887 274 886 295 883 319 886 343 887 343 887 367 885 385 882 400 884 424 886 425 886 568 885 569 885 585 881 590 880 594 881 606 884 607 884 607 884 669 880 722 883 723 883 724 883 740 878 740 877 810 877 810 869 808 852 744 847 744 847 702 852 701 852 700 852 609 848 608 848 607 848 590 853 586 854 577 853 525 849 524 849 524 849 506 854 502 855 496 854 466 850 466 850 445 854 438 856 396 856 393 855 387 851 386 851 385 851 384 851 362 855 352 856 338 855 303 851 302 851 281 855 270 857 262 855 249 852 248 852 247 852 207 853 207 853 206 853 202 855 198 858 74 857 75 877"/></Shape>
            <String CONTENT="lebris vagari? Proinde quoties orandus eſt Deus, ſi in mentem venit"
                    HPOS="74.0"
                    VPOS="847.0"
                    WIDTH="736.0"
                    HEIGHT="43.0"
                    WC="0.9849961248796377"></String>
          </TextLine>
          <TextLine ID="line_30"
                    TAGREFS="LT8"
                    BASELINE="72 907 806 897" 
                    HPOS="71.0"
                    VPOS="874.0"
                    WIDTH="735.0"
                    HEIGHT="47.0">
            <Shape><Polygon POINTS="72 907 72 916 131 921 132 921 132 921 141 917 174 920 175 920 176 920 185 916 229 919 230 919 279 914 310 918 311 918 312 918 328 913 348 917 348 917 407 913 559 915 560 915 619 909 625 909 627 909 639 912 640 912 641 912 710 908 714 908 715 908 721 912 722 912 722 912 723 913 723 912 724 912 725 912 731 908 731 908 805 907 806 897 804 880 779 874 779 874 778 874 777 874 769 880 768 881 738 882 675 882 673 881 666 876 665 876 665 876 646 876 645 876 644 876 632 881 630 882 623 882 574 877 573 877 549 882 548 882 525 877 524 877 502 882 493 884 449 882 406 882 405 882 375 883 339 886 330 884 312 880 312 880 311 880 301 884 295 887 257 887 253 885 246 882 246 882 245 882 219 885 204 886 200 885 193 882 192 882 191 882 190 882 189 882 185 885 180 888 168 885 158 882 157 882 156 882 71 886 72 907"/></Shape>
            <String CONTENT="ſublimis illa &amp; inacceſſa maieſtas: ne eius formidine abſterreamur, ſi¬"
                    HPOS="71.0"
                    VPOS="874.0"
                    WIDTH="735.0"
                    HEIGHT="47.0"
                    WC="0.9913550925926423"></String>
          </TextLine>
          <TextLine ID="line_31"
                    TAGREFS="LT8"
                    BASELINE="73 938 805 928" 
                    HPOS="72.0"
                    VPOS="905.0"
                    WIDTH="733.0"
                    HEIGHT="43.0">
            <Shape><Polygon POINTS="73 938 73 948 290 948 291 948 347 944 357 943 369 943 437 947 438 947 490 942 503 941 541 941 677 943 678 943 678 943 688 939 690 939 691 939 700 943 701 943 702 943 727 939 729 939 731 939 776 942 777 942 805 937 805 928 803 911 744 905 743 905 742 905 726 911 726 912 682 912 674 911 630 907 629 907 629 907 617 912 615 912 598 912 547 908 546 908 546 908 545 908 540 912 537 913 519 912 488 910 488 910 461 912 432 915 421 912 408 910 407 910 374 912 342 916 309 913 287 912 286 912 275 913 252 917 229 913 219 912 218 912 181 914 92 918 72 915 73 938"/></Shape>
            <String CONTENT="mul occurrat etiam homo Chriſtus qui comiter nos inuitat, nósque"
                    HPOS="72.0"
                    VPOS="905.0"
                    WIDTH="733.0"
                    HEIGHT="43.0"
                    WC="0.9892688008455129"></String>
          </TextLine>
          <TextLine ID="line_32"
                    TAGREFS="LT8"
                    BASELINE="74 967 804 956" 
                    HPOS="74.0"
                    VPOS="934.0"
                    WIDTH="730.0"
                    HEIGHT="46.0">
            <Shape><Polygon POINTS="74 967 74 976 123 980 123 980 124 980 125 980 131 975 136 979 136 979 137 979 138 979 176 975 182 974 188 974 225 978 226 978 227 978 228 978 233 974 233 974 236 974 260 978 261 978 283 973 286 973 292 973 333 977 334 977 361 972 362 972 364 972 382 976 383 976 479 970 493 970 495 970 505 974 506 974 506 974 647 972 692 971 693 971 694 971 700 966 701 966 708 966 750 970 751 970 803 965 804 956 802 940 718 934 718 934 717 934 697 940 697 941 645 943 613 943 610 941 595 936 594 936 594 936 542 937 541 937 529 942 524 943 513 942 491 938 490 938 489 938 488 938 483 942 479 945 74 945 74 967"/></Shape>
            <String CONTENT="veluti manu prehenſat, qui Patrem ex formidabili ac tremendo pro¬"
                    HPOS="74.0"
                    VPOS="934.0"
                    WIDTH="730.0"
                    HEIGHT="46.0"
                    WC="0.9838168281775255"></String>
          </TextLine>
          <TextLine ID="line_33"
                    TAGREFS="LT8"
                    BASELINE="74 997 809 987" 
                    HPOS="73.0"
                    VPOS="965.0"
                    WIDTH="736.0"
                    HEIGHT="45.0">
            <Shape><Polygon POINTS="74 997 74 1010 189 1004 232 1007 242 1008 242 1008 247 1007 267 1003 290 1006 298 1007 299 1007 312 1005 341 1002 348 1005 352 1006 353 1006 354 1006 355 1006 359 1005 365 1002 441 1003 519 1004 519 1004 581 1000 615 998 622 999 638 1002 638 1002 639 1002 653 999 656 998 656 998 663 1001 664 1001 665 1001 665 1001 674 998 677 996 809 995 809 987 808 970 793 965 792 965 792 965 791 965 790 965 783 970 757 970 751 970 750 970 703 965 702 965 701 965 700 965 691 971 690 971 656 966 656 966 655 966 638 972 636 972 630 972 589 967 588 967 563 972 559 973 555 972 537 969 537 969 536 969 527 973 524 974 515 973 484 969 483 969 482 969 466 973 461 974 453 974 431 970 430 970 429 970 417 974 410 975 392 974 357 970 356 970 356 970 355 970 350 974 347 977 311 977 308 974 300 971 299 971 299 971 298 971 297 971 292 974 288 977 259 975 229 973 229 973 73 976 74 997"/></Shape>
            <String CONTENT="pitium &amp; facilem nobis reddat. Hæc ſola clauis eſt, qua nobis ianua"
                    HPOS="73.0"
                    VPOS="965.0"
                    WIDTH="736.0"
                    HEIGHT="45.0"
                    WC="0.9984806820527831"></String>
          </TextLine>
          <TextLine ID="line_34"
                    TAGREFS="LT8"
                    BASELINE="74 1025 807 1015" 
                    HPOS="74.0"
                    VPOS="994.0"
                    WIDTH="733.0"
                    HEIGHT="46.0">
            <Shape><Polygon POINTS="74 1025 74 1035 116 1039 117 1039 185 1034 185 1034 193 1040 194 1040 195 1040 196 1040 245 1039 246 1039 267 1032 268 1032 269 1032 277 1038 278 1038 279 1038 280 1039 306 1039 306 1038 333 1031 335 1031 338 1031 370 1037 370 1037 440 1036 614 1028 633 1027 702 1027 704 1027 718 1031 719 1031 720 1031 751 1026 754 1026 756 1026 770 1031 771 1031 772 1031 773 1031 774 1031 782 1026 783 1026 806 1026 807 1015 806 1000 753 994 753 994 752 994 741 1000 740 1000 678 996 678 996 598 1001 597 1001 585 996 584 996 583 996 551 1002 549 1002 539 1002 396 999 395 999 365 1005 361 1005 357 1005 323 1000 322 1000 321 1000 312 1004 136 1002 135 1002 74 1007 74 1025"/></Shape>
            <String CONTENT="cœleſtis Regni reſeratur, vt appareamus cum fiducia in Dei conſpe¬"
                    HPOS="74.0"
                    VPOS="994.0"
                    WIDTH="733.0"
                    HEIGHT="46.0"
                    WC="0.9902849685062062"></String>
          </TextLine>
          <TextLine ID="line_35"
                    TAGREFS="LT8"
                    BASELINE="74 1055 807 1045" 
                    HPOS="73.0"
                    VPOS="1023.0"
                    WIDTH="734.0"
                    HEIGHT="47.0">
            <Shape><Polygon POINTS="74 1055 75 1068 79 1065 110 1068 132 1070 133 1070 161 1066 196 1063 247 1066 296 1067 297 1067 298 1067 308 1064 318 1062 324 1064 330 1066 330 1066 331 1067 370 1067 370 1066 370 1066 371 1066 375 1063 377 1062 398 1062 481 1065 482 1065 501 1061 506 1060 513 1061 538 1064 539 1064 540 1064 541 1064 547 1060 549 1059 563 1060 603 1062 604 1062 605 1062 620 1059 626 1057 636 1058 669 1062 669 1062 735 1057 744 1062 744 1062 745 1062 806 1055 807 1045 806 1030 746 1023 745 1023 744 1023 723 1029 686 1024 685 1024 647 1031 616 1026 616 1026 582 1031 569 1026 568 1026 568 1026 567 1026 548 1033 500 1033 429 1029 428 1029 427 1029 416 1035 350 1035 318 1029 317 1029 317 1029 299 1035 257 1030 256 1030 255 1030 231 1036 209 1031 208 1031 207 1031 179 1037 135 1031 134 1031 83 1032 83 1032 82 1032 73 1037 74 1055"/></Shape>
            <String CONTENT="ctum. Proinde etiam videmus Sathanam omnibus ſeculis hunc lapi¬"
                    HPOS="73.0"
                    VPOS="1023.0"
                    WIDTH="734.0"
                    HEIGHT="47.0"
                    WC="0.99388202126064"></String>
          </TextLine>
          <TextLine ID="line_36"
                    TAGREFS="LT8"
                    BASELINE="74 1084 515 1081 803 1074" 
                    HPOS="73.0"
                    VPOS="1055.0"
                    WIDTH="730.0"
                    HEIGHT="43.0">
            <Shape><Polygon POINTS="74 1084 74 1092 85 1097 86 1097 87 1097 110 1092 110 1092 130 1098 131 1098 132 1098 196 1091 202 1091 215 1091 375 1095 376 1095 377 1095 396 1088 397 1088 400 1088 447 1094 448 1094 500 1092 501 1092 519 1087 520 1087 528 1087 646 1092 647 1092 802 1083 803 1074 801 1060 749 1056 748 1056 698 1060 695 1060 692 1060 647 1055 647 1055 646 1055 629 1060 624 1062 615 1061 586 1056 585 1056 549 1061 546 1061 545 1061 537 1057 536 1057 535 1057 534 1057 524 1061 518 1064 321 1066 313 1062 310 1060 309 1060 277 1060 277 1060 276 1060 270 1062 258 1066 216 1062 201 1061 200 1061 191 1062 176 1065 160 1062 153 1062 152 1062 151 1062 148 1062 132 1067 73 1063 74 1084"/></Shape>
            <String CONTENT="dem voluiſſe, vt inde homines auerteret. Omitto quàm variis arti¬"
                    HPOS="73.0"
                    VPOS="1055.0"
                    WIDTH="730.0"
                    HEIGHT="43.0"
                    WC="0.9900678071108732"></String>
          </TextLine>
          <TextLine ID="line_37"
                    TAGREFS="LT8"
                    BASELINE="74 1114 804 1104" 
                    HPOS="73.0"
                    VPOS="1083.0"
                    WIDTH="731.0"
                    HEIGHT="45.0">
            <Shape><Polygon POINTS="74 1114 74 1123 105 1128 106 1128 194 1122 196 1122 197 1122 293 1126 294 1126 321 1121 349 1125 350 1125 378 1119 378 1119 387 1124 387 1124 388 1124 389 1125 438 1125 438 1124 803 1114 804 1104 803 1088 792 1083 792 1083 791 1083 651 1089 608 1091 562 1089 471 1087 470 1087 446 1090 424 1093 405 1090 384 1088 383 1088 383 1088 382 1088 378 1091 373 1095 310 1095 294 1091 286 1089 286 1089 285 1089 272 1091 256 1093 222 1092 197 1090 196 1090 187 1092 165 1096 134 1092 133 1092 132 1092 120 1097 73 1092 74 1114"/></Shape>
            <String CONTENT="bus, ante Chriſti aduentum, diſtraxerit hominum mentes, ad media"
                    HPOS="73.0"
                    VPOS="1083.0"
                    WIDTH="731.0"
                    HEIGHT="45.0"
                    WC="0.9962802603840828"></String>
          </TextLine>
          <TextLine ID="line_38"
                    TAGREFS="LT8"
                    BASELINE="74 1144 802 1134" 
                    HPOS="74.0"
                    VPOS="1111.0"
                    WIDTH="728.0"
                    HEIGHT="47.0">
            <Shape><Polygon POINTS="74 1144 74 1154 182 1158 183 1158 184 1158 195 1154 199 1152 244 1152 246 1154 253 1158 254 1158 255 1158 255 1158 438 1156 454 1152 470 1149 484 1152 491 1154 492 1154 493 1154 493 1154 497 1152 507 1147 681 1145 696 1149 696 1149 697 1149 698 1149 713 1145 729 1151 731 1152 732 1152 733 1152 734 1152 735 1152 735 1151 746 1145 801 1150 802 1134 801 1111 755 1111 754 1111 753 1111 751 1112 740 1116 725 1112 722 1112 722 1112 721 1112 720 1112 719 1112 719 1113 713 1117 702 1113 700 1112 699 1112 698 1112 634 1113 633 1113 628 1114 615 1119 528 1119 523 1117 521 1115 520 1115 519 1115 519 1115 518 1115 517 1115 515 1117 510 1120 437 1121 402 1119 356 1117 355 1117 327 1121 315 1123 307 1121 286 1118 286 1118 251 1123 249 1123 248 1123 237 1119 236 1119 235 1119 210 1123 99 1120 98 1120 74 1126 74 1144"/></Shape>
            <String CONTENT="comminiſcenda, quibus ad Deum peruenirent. Iam ab Eccleſiæ Chriᛘ"
                    HPOS="74.0"
                    VPOS="1111.0"
                    WIDTH="728.0"
                    HEIGHT="47.0"
                    ></String>
          </TextLine>
          <TextLine ID="line_39"
                    TAGREFS="LT8"
                    BASELINE="74 1173 801 1164" 
                    HPOS="74.0"
                    VPOS="1143.0"
                    WIDTH="727.0"
                    HEIGHT="45.0">
            <Shape><Polygon POINTS="74 1173 74 1187 101 1183 129 1187 136 1188 137 1188 168 1186 279 1180 313 1184 334 1185 334 1185 335 1185 343 1183 352 1180 370 1182 387 1185 387 1185 469 1184 470 1184 479 1180 485 1177 505 1180 534 1183 535 1183 536 1183 544 1179 549 1176 565 1178 598 1182 599 1182 599 1182 600 1182 607 1177 611 1176 639 1176 718 1180 719 1180 720 1180 721 1180 729 1175 730 1175 734 1175 771 1178 772 1178 801 1173 801 1164 799 1145 754 1143 753 1143 731 1145 706 1149 687 1146 672 1144 671 1144 670 1144 665 1146 660 1149 598 1149 592 1147 590 1145 590 1145 589 1145 537 1145 536 1145 523 1148 501 1151 481 1148 470 1146 469 1146 458 1148 438 1153 265 1154 218 1150 207 1149 206 1149 205 1149 202 1150 189 1156 132 1156 74 1152 74 1173"/></Shape>
            <String CONTENT="ſtianæ exordio, cum nuper apparuiſſet Chriſtus cum tam præclaro"
                    HPOS="74.0"
                    VPOS="1143.0"
                    WIDTH="727.0"
                    HEIGHT="45.0"
                    WC="0.9958629418933203"></String>
          </TextLine>
          <TextLine ID="line_40"
                    TAGREFS="LT8"
                    BASELINE="77 1204 798 1193" 
                    HPOS="76.0"
                    VPOS="1174.0"
                    WIDTH="722.0"
                    HEIGHT="44.0">
            <Shape><Polygon POINTS="77 1204 77 1215 118 1218 118 1218 119 1218 129 1215 140 1211 154 1215 158 1215 159 1215 163 1214 180 1211 215 1213 230 1214 231 1214 232 1214 236 1213 246 1210 255 1212 261 1214 262 1214 263 1214 274 1212 290 1209 303 1211 323 1215 324 1215 325 1215 325 1215 330 1211 335 1208 361 1208 365 1210 369 1213 370 1213 370 1213 371 1213 393 1210 406 1207 410 1209 416 1211 417 1211 418 1212 462 1212 462 1211 463 1211 464 1211 468 1208 470 1207 480 1207 539 1211 540 1211 564 1206 566 1206 568 1206 583 1211 584 1211 585 1211 673 1206 734 1208 735 1208 735 1208 759 1202 762 1202 797 1202 798 1193 797 1178 601 1174 600 1174 599 1174 580 1179 541 1175 540 1175 515 1179 493 1176 492 1176 491 1176 479 1182 460 1177 459 1177 458 1177 458 1177 436 1184 281 1185 231 1180 230 1180 229 1180 208 1185 180 1180 180 1180 179 1180 155 1186 87 1182 86 1182 85 1182 84 1182 76 1187 77 1204"/></Shape>
            <String CONTENT="pignore: &amp; adhuc in terris ex eius ore ſuauiſſima illa vox propemo¬"
                    HPOS="76.0"
                    VPOS="1174.0"
                    WIDTH="722.0"
                    HEIGHT="44.0"
                    WC="0.9796553085099405"></String>
          </TextLine>
          <TextLine ID="line_41"
                    TAGREFS="LT8"
                    BASELINE="77 1233 801 1224" 
                    HPOS="76.0"
                    VPOS="1202.0"
                    WIDTH="725.0"
                    HEIGHT="42.0">
            <Shape><Polygon POINTS="77 1233 77 1241 220 1244 221 1244 243 1240 348 1242 348 1242 371 1237 374 1237 379 1237 408 1241 409 1241 559 1236 589 1235 598 1235 656 1239 656 1239 657 1239 674 1234 677 1233 801 1233 801 1224 801 1208 788 1202 787 1202 735 1202 734 1202 733 1202 732 1202 723 1208 674 1202 674 1202 673 1202 653 1210 581 1210 439 1205 438 1205 437 1205 424 1211 365 1212 347 1207 346 1207 345 1207 320 1212 294 1207 293 1207 292 1207 277 1213 241 1207 240 1207 239 1207 220 1214 155 1208 154 1208 105 1215 90 1209 89 1209 88 1209 88 1209 76 1215 77 1233"/></Shape>
            <String CONTENT="dum reſonaret: Venite ad me omnes, &amp; c.erant tamen quidam fallenᛘ"
                    HPOS="76.0"
                    VPOS="1202.0"
                    WIDTH="725.0"
                    HEIGHT="42.0"
                    ></String>
          </TextLine>
          <TextLine ID="line_42"
                    TAGREFS="LT8"
                    BASELINE="79 1262 801 1252" 
                    HPOS="78.0"
                    VPOS="1230.0"
                    WIDTH="723.0"
                    HEIGHT="47.0">
            <Shape><Polygon POINTS="79 1262 79 1272 109 1277 110 1277 162 1271 166 1271 167 1271 184 1276 185 1276 185 1276 253 1270 262 1274 263 1274 264 1275 314 1275 314 1274 315 1274 329 1268 330 1268 333 1268 361 1273 362 1273 363 1273 383 1268 385 1268 393 1268 445 1271 446 1271 491 1267 500 1266 506 1266 559 1271 559 1271 587 1270 588 1270 589 1270 595 1265 596 1265 599 1265 678 1269 679 1269 800 1262 801 1252 799 1237 746 1230 745 1230 744 1230 727 1236 682 1232 682 1232 681 1232 665 1237 662 1238 653 1237 605 1233 604 1233 603 1233 603 1233 595 1237 593 1240 578 1240 575 1237 564 1233 563 1233 563 1233 562 1233 561 1233 555 1238 552 1241 526 1241 522 1238 512 1233 511 1233 511 1233 439 1234 438 1234 430 1238 422 1242 378 1242 312 1239 311 1239 310 1239 281 1243 244 1239 229 1237 228 1237 218 1239 189 1245 159 1239 153 1238 152 1238 145 1239 121 1244 78 1240 79 1262"/></Shape>
            <String CONTENT="di artifices, qui Angelos pro mediatoribus obtruderent ipſius loco:"
                    HPOS="78.0"
                    VPOS="1230.0"
                    WIDTH="723.0"
                    HEIGHT="47.0"
                    WC="0.9912227356611792"></String>
          </TextLine>
          <TextLine ID="line_43"
                    TAGREFS="LT8"
                    BASELINE="79 1292 802 1284" 
                    HPOS="78"
                    VPOS="1260"
                    WIDTH="724"
                    HEIGHT="56">
            <Shape><Polygon POINTS="79 1315 136 1311 159 1316 167 1316 225 1316 226 1316 227 1316 228 1315 234 1311 285 1313 286 1313 304 1307 365 1313 374 1314 381 1313 400 1310 411 1313 415 1314 416 1314 417 1314 432 1313 464 1310 496 1312 511 1313 512 1313 521 1312 548 1307 559 1311 560 1311 561 1311 562 1311 577 1304 616 1307 658 1303 757 1306 758 1306 759 1306 765 1302 801 1309 802 1284 801 1267 789 1260 788 1260 787 1260 765 1267 602 1268 592 1263 591 1263 590 1263 552 1268 513 1263 512 1263 462 1268 453 1264 452 1264 451 1264 435 1268 399 1264 398 1264 397 1264 396 1264 387 1270 363 1267 362 1267 361 1267 350 1271 306 1265 305 1265 304 1265 289 1272 215 1272 207 1267 206 1267 205 1267 204 1267 176 1272 158 1267 157 1267 156 1267 155 1267 147 1273 104 1269 103 1269 78 1274 79 1292"/></Shape>
            <String CONTENT="quemadmodum ex Epiſtola ad Coloſſenſes colligere promptum eſt."
                    HPOS="78"
                    VPOS="1260"
                    WIDTH="724"
                    HEIGHT="56"
                    WC="0.988706385897052"></String>
          </TextLine>
        </TextBlock>
        <TextBlock HPOS="656"
                   VPOS="1296"
                   WIDTH="69"
                   HEIGHT="40"
                   ID="block_2"
                   TAGREFS="BT17">
          <Shape><Polygon POINTS="725 1296 725 1336 656 1336 656 1296"/></Shape>
          <TextLine ID="line_44"
                    TAGREFS="LT8"
                    BASELINE="664 1323 722 1326" 
                    HPOS="661"
                    VPOS="1296"
                    WIDTH="60"
                    HEIGHT="51">
            <Shape><Polygon POINTS="665 1296 663 1321 661 1347 691 1342 717 1347 721 1325 720 1297 684 1299 676 1296 665 1296"/></Shape>
            <String CONTENT="b 3"
                    HPOS="661"
                    VPOS="1296"
                    WIDTH="60"
                    HEIGHT="51"
                    ></String>
          </TextLine>
        </TextBlock>
      </PrintSpace>
    </Page>
  </Layout>
</alto>
