<?xml version="1.0" encoding="UTF-8"?>
<alto xmlns:xsi="http://www.w3.org/2001/XMLSchema-instance"
      xmlns="http://www.loc.gov/standards/alto/ns-v4#"
      xsi:schemaLocation="http://www.loc.gov/standards/alto/ns-v4# http://www.loc.gov/standards/alto/v4/alto-4-2.xsd">
  <Description>
    <MeasurementUnit>pixel</MeasurementUnit>
    <sourceImageInformation>
      <fileName>6293990.jpg</fileName>
    </sourceImageInformation>
  </Description>
  <Tags>
    <OtherTag ID="BT7" LABEL="CustomZone" DESCRIPTION="block type CustomZone"/><OtherTag ID="BT8" LABEL="DamageZone" DESCRIPTION="block type DamageZone"/><OtherTag ID="BT9" LABEL="DigitizationArtefactZone" DESCRIPTION="block type DigitizationArtefactZone"/><OtherTag ID="BT10" LABEL="DropCapitalZone" DESCRIPTION="block type DropCapitalZone"/><OtherTag ID="BT11" LABEL="GraphicZone" DESCRIPTION="block type GraphicZone"/><OtherTag ID="BT12" LABEL="MainZone" DESCRIPTION="block type MainZone"/><OtherTag ID="BT13" LABEL="MarginTextZone" DESCRIPTION="block type MarginTextZone"/><OtherTag ID="BT14" LABEL="MusicZone" DESCRIPTION="block type MusicZone"/><OtherTag ID="BT15" LABEL="NumberingZone" DESCRIPTION="block type NumberingZone"/><OtherTag ID="BT17" LABEL="QuireMarksZone" DESCRIPTION="block type QuireMarksZone"/><OtherTag ID="BT18" LABEL="RunningTitleZone" DESCRIPTION="block type RunningTitleZone"/><OtherTag ID="BT19" LABEL="SealZone" DESCRIPTION="block type SealZone"/><OtherTag ID="BT20" LABEL="StampZone" DESCRIPTION="block type StampZone"/><OtherTag ID="BT21" LABEL="TableZone" DESCRIPTION="block type TableZone"/><OtherTag ID="BT22" LABEL="TitlePageZone" DESCRIPTION="block type TitlePageZone"/><OtherTag ID="BT3130" LABEL="MainZone-P-Continued" DESCRIPTION="block type MainZone-P-Continued"/><OtherTag ID="BT3131" LABEL="MainZone-Sp" DESCRIPTION="block type MainZone-Sp"/><OtherTag ID="BT3132" LABEL="MainZone-P" DESCRIPTION="block type MainZone-P"/><OtherTag ID="BT3133" LABEL="MarginTextZone-ManuscriptAddendum" DESCRIPTION="block type MarginTextZone-ManuscriptAddendum"/><OtherTag ID="BT3134" LABEL="MainZone-Sp-Continued" DESCRIPTION="block type MainZone-Sp-Continued"/><OtherTag ID="BT3135" LABEL="MainZone-Head" DESCRIPTION="block type MainZone-Head"/><OtherTag ID="BT3136" LABEL="MarginTextZone-Notes" DESCRIPTION="block type MarginTextZone-Notes"/>
    <OtherTag ID="LT7" LABEL="CustomLine" DESCRIPTION="line type CustomLine"/><OtherTag ID="LT8" LABEL="DefaultLine" DESCRIPTION="line type DefaultLine"/><OtherTag ID="LT9" LABEL="DropCapitalLine" DESCRIPTION="line type DropCapitalLine"/><OtherTag ID="LT10" LABEL="HeadingLine" DESCRIPTION="line type HeadingLine"/><OtherTag ID="LT11" LABEL="InterlinearLine" DESCRIPTION="line type InterlinearLine"/><OtherTag ID="LT12" LABEL="MusicLine" DESCRIPTION="line type MusicLine"/>
  </Tags>
  <Layout>
    <Page WIDTH="1000"
          HEIGHT="1466"
          PHYSICAL_IMG_NR="8"
          ID="eSc_dummypage_">
      <PrintSpace HPOS="0"
                  VPOS="0"
                  WIDTH="1000"
                  HEIGHT="1466">
        <TextBlock HPOS="173"
                   VPOS="22"
                   WIDTH="41"
                   HEIGHT="25"
                   ID="block_4"
                   TAGREFS="BT15">
          <Shape><Polygon POINTS="214 22 214 47 173 47 173 22"/></Shape>
          <TextLine ID="line_0"
                    TAGREFS="LT8"
                    BASELINE="178 38 212 37" 
                    HPOS="183"
                    VPOS="7"
                    WIDTH="29"
                    HEIGHT="49">
            <Shape><Polygon POINTS="196 56 197 56 198 56 211 49 212 37 212 9 185 7 185 35 183 52"/></Shape>
            <String CONTENT="24"
                    HPOS="183"
                    VPOS="7"
                    WIDTH="29"
                    HEIGHT="49"
                    ></String>
          </TextLine>
        </TextBlock>
        <TextBlock HPOS="440"
                   VPOS="18"
                   WIDTH="224"
                   HEIGHT="28"
                   ID="block_0"
                   TAGREFS="BT18">
          <Shape><Polygon POINTS="664 18 664 46 440 46 440 18"/></Shape>
          <TextLine ID="line_1"
                    TAGREFS="LT8"
                    BASELINE="444 38 666 38" 
                    HPOS="444.0"
                    VPOS="10.0"
                    WIDTH="222.0"
                    HEIGHT="39.0">
            <Shape><Polygon POINTS="444 38 444 47 478 43 504 46 526 48 527 48 528 48 528 48 531 46 533 44 536 46 543 48 544 48 545 48 583 45 603 43 604 45 607 48 607 48 608 48 609 48 610 49 638 49 638 48 666 43 666 38 666 10 444 10 444 38"/></Shape>
            <String CONTENT="I. TIMOTH."
                    HPOS="444.0"
                    VPOS="10.0"
                    WIDTH="222.0"
                    HEIGHT="39.0"
                    WC="0.9995142996311188"></String>
          </TextLine>
        </TextBlock>
        <TextBlock HPOS="170"
                   VPOS="53"
                   WIDTH="745"
                   HEIGHT="447"
                   ID="block_5"
                   TAGREFS="BT3130">
          <Shape><Polygon POINTS="915 53 915 500 170 497 182 53"/></Shape>
          <TextLine ID="line_2"
                    TAGREFS="LT8"
                    BASELINE="185 75 913 79" 
                    HPOS="185.0"
                    VPOS="49.0"
                    WIDTH="728.0"
                    HEIGHT="43.0">
            <Shape><Polygon POINTS="185 75 185 89 202 90 203 90 204 90 205 90 215 84 349 90 368 91 369 91 389 91 545 85 561 91 563 92 563 92 564 92 573 92 643 86 664 92 665 92 665 92 666 92 671 92 722 88 728 92 730 92 731 92 731 92 732 92 734 92 750 87 785 92 786 92 812 87 823 92 823 92 824 92 825 92 826 92 827 92 840 87 890 87 911 92 913 79 912 52 880 52 879 52 878 52 877 52 871 57 842 52 841 52 841 52 831 57 819 52 819 52 818 52 763 52 762 52 758 52 734 57 724 52 721 51 720 51 719 51 718 51 713 52 700 58 649 58 627 52 616 51 616 51 603 53 589 56 577 53 566 51 565 51 564 51 559 53 549 57 497 57 492 53 486 50 485 50 484 50 484 50 483 50 468 54 457 57 444 54 437 52 436 52 436 52 430 54 421 57 414 54 404 50 403 50 402 50 401 50 387 54 378 57 286 57 279 55 251 49 251 49 250 49 236 55 233 56 185 56 185 75"/></Shape>
            <String CONTENT="quæ ad tempus quodammodo emortua fuerant, quia ordinatæ ſunt à"
                    HPOS="185.0"
                    VPOS="49.0"
                    WIDTH="728.0"
                    HEIGHT="43.0"
                    WC="0.9799318947489299"></String>
          </TextLine>
          <TextLine ID="line_3"
                    TAGREFS="LT8"
                    BASELINE="187 105 912 108" 
                    HPOS="186.0"
                    VPOS="84.0"
                    WIDTH="726.0"
                    HEIGHT="34.0">
            <Shape><Polygon POINTS="187 105 186 113 206 118 207 118 911 115 912 108 911 91 834 91 833 90 822 85 821 85 820 85 719 89 683 90 677 88 661 84 660 84 628 84 627 84 626 84 625 84 620 88 618 89 616 88 607 84 606 84 605 84 587 87 580 89 573 87 561 84 560 84 514 84 513 84 512 84 511 84 507 87 504 89 187 85 187 105"/></Shape>
            <String CONTENT="Deo temporum vices: cur non ipſius prouidentiæ in aliis idem iuris"
                    HPOS="186.0"
                    VPOS="84.0"
                    WIDTH="726.0"
                    HEIGHT="34.0"
                    WC="0.9948382702740756"></String>
          </TextLine>
          <TextLine ID="line_4"
                    TAGREFS="LT8"
                    BASELINE="186 134 913 137" 
                    HPOS="185.0"
                    VPOS="113.0"
                    WIDTH="728.0"
                    HEIGHT="40.0">
            <Shape><Polygon POINTS="186 134 185 143 240 149 241 149 319 144 331 144 338 145 369 150 370 150 484 147 549 145 658 145 666 149 671 151 672 151 673 151 707 149 771 147 785 151 790 152 791 152 792 152 804 151 843 147 852 152 853 152 854 152 854 153 912 153 913 137 911 115 888 120 823 115 822 115 821 115 820 115 813 121 733 121 690 116 689 116 669 119 662 114 661 114 660 114 660 114 659 114 640 119 590 114 589 114 588 114 587 114 550 119 515 114 515 114 514 114 501 118 488 114 488 114 487 114 486 114 482 114 455 119 372 119 344 114 339 113 338 113 326 114 281 118 275 114 274 113 273 113 273 113 272 113 186 113 186 134"/></Shape>
            <String CONTENT="concedemus? An propterea Deum incõſtantiæ arguemus, quia quod"
                    HPOS="185.0"
                    VPOS="113.0"
                    WIDTH="728.0"
                    HEIGHT="40.0"
                    WC="0.9929755099358097"></String>
          </TextLine>
          <TextLine ID="line_5"
                    TAGREFS="LT8"
                    BASELINE="186 165 914 168" 
                    HPOS="185.0"
                    VPOS="142.0"
                    WIDTH="729.0"
                    HEIGHT="40.0">
            <Shape><Polygon POINTS="186 165 185 174 228 179 229 179 229 179 243 175 274 179 275 179 389 175 400 180 400 180 401 180 506 175 510 175 511 175 550 181 551 182 593 182 593 181 594 181 604 176 656 180 657 180 701 176 719 181 720 181 721 181 722 181 731 176 760 182 761 182 786 177 810 182 811 182 913 176 914 168 914 151 862 150 853 144 852 144 851 144 850 144 850 144 829 149 695 145 694 145 654 149 647 144 646 144 645 144 644 144 603 149 594 144 593 144 549 143 548 143 521 148 451 143 450 143 449 143 440 148 392 148 368 148 367 148 356 142 355 142 354 142 271 147 270 147 261 143 260 143 198 142 197 142 196 142 186 146 186 165"/></Shape>
            <String CONTENT="ſemper apud ſe decretumfixum eſt habuit, ſuo tempore profert in me"
                    HPOS="185.0"
                    VPOS="142.0"
                    WIDTH="729.0"
                    HEIGHT="40.0"
                    WC="0.971814493338267"></String>
          </TextLine>
          <TextLine ID="line_6"
                    TAGREFS="LT8"
                    BASELINE="185 194 911 197" 
                    HPOS="184.0"
                    VPOS="171.0"
                    WIDTH="727.0"
                    HEIGHT="39.0">
            <Shape><Polygon POINTS="185 194 184 201 224 208 224 209 312 209 312 208 312 208 334 203 454 209 455 209 456 209 470 204 515 204 549 210 550 210 550 210 569 205 666 209 667 209 710 205 729 210 730 210 731 210 761 206 885 210 885 210 911 205 911 197 911 179 777 174 776 174 754 177 744 179 732 177 711 173 710 173 565 175 400 177 374 172 365 171 365 171 364 171 361 172 354 176 260 172 259 172 226 176 185 171 185 194"/></Shape>
            <String CONTENT="dium? Quare &amp; ſi hoc repentinum mundo accidit &amp; minimè expe¬"
                    HPOS="184.0"
                    VPOS="171.0"
                    WIDTH="727.0"
                    HEIGHT="39.0"
                    WC="0.9903462431469902"></String>
          </TextLine>
          <TextLine ID="line_7"
                    TAGREFS="LT8"
                    BASELINE="182 224 910 226" 
                    HPOS="181.0"
                    VPOS="202.0"
                    WIDTH="729.0"
                    HEIGHT="35.0">
            <Shape><Polygon POINTS="182 224 181 232 195 237 196 237 197 237 909 236 910 226 908 206 794 208 787 206 776 203 775 203 775 203 774 203 773 203 769 206 766 208 761 206 750 203 749 203 696 203 695 203 694 203 687 206 683 209 624 209 608 206 581 203 580 203 559 206 550 208 546 206 537 203 537 203 536 203 504 206 496 207 488 206 455 202 454 202 453 202 444 206 443 208 392 208 387 206 365 202 365 202 364 202 352 207 351 207 350 207 343 202 343 202 342 202 299 202 298 202 297 202 296 202 290 207 289 208 254 208 251 207 234 202 233 202 233 202 232 202 220 207 218 207 216 207 193 202 193 202 192 202 182 206 182 224"/></Shape>
            <String CONTENT="ctatum, quod Chriſtus Iudæis ac Gentibus promiſcuè redemptor ap¬"
                    HPOS="181.0"
                    VPOS="202.0"
                    WIDTH="729.0"
                    HEIGHT="35.0"
                    WC="0.9932539279644306"></String>
          </TextLine>
          <TextLine ID="line_8"
                    TAGREFS="LT8"
                    BASELINE="180 256 910 256" 
                    HPOS="180.0"
                    VPOS="232.0"
                    WIDTH="730.0"
                    HEIGHT="37.0">
            <Shape><Polygon POINTS="180 256 180 269 910 265 910 256 910 238 872 238 871 237 863 232 862 232 861 232 860 232 859 232 841 237 839 237 828 237 735 232 734 232 687 236 667 237 664 236 658 232 657 232 656 232 607 232 606 232 605 232 604 232 599 235 594 238 574 238 563 235 550 232 550 232 549 232 548 232 539 234 530 237 523 234 518 232 517 232 467 232 466 232 466 232 460 234 450 237 326 232 315 232 314 232 311 232 265 237 235 232 233 232 232 232 231 232 230 232 213 237 205 232 204 232 203 232 180 232 180 256"/></Shape>
            <String CONTENT="paruit: ne tamen putemus ſubitum hoc fuiſſe Deo: ſed potius admi¬"
                    HPOS="180.0"
                    VPOS="232.0"
                    WIDTH="730.0"
                    HEIGHT="37.0"
                    WC="0.9842747770822965"></String>
          </TextLine>
          <TextLine ID="line_9"
                    TAGREFS="LT8"
                    BASELINE="179 284 909 286" 
                    HPOS="178.0"
                    VPOS="261.0"
                    WIDTH="731.0"
                    HEIGHT="39.0">
            <Shape><Polygon POINTS="179 284 178 293 194 298 195 298 196 298 197 298 211 294 214 293 217 294 234 298 235 298 236 298 369 298 369 298 370 298 377 295 383 293 392 295 405 298 405 298 406 298 414 295 422 293 431 295 440 298 441 298 442 298 541 296 665 294 718 294 728 298 731 299 732 299 733 299 734 299 739 298 753 294 802 298 804 298 805 298 806 298 819 294 826 299 827 299 828 299 828 300 908 300 909 286 909 268 886 263 885 263 700 267 678 263 677 263 676 263 665 267 646 262 645 262 644 262 643 262 627 266 586 262 585 262 366 265 360 261 359 261 358 261 357 261 334 265 204 261 203 261 179 265 179 284"/></Shape>
            <String CONTENT="rabili eius prouidentiæ diſcamus ſubiicere ſenſus omnes noſtros. Ita"
                    HPOS="178.0"
                    VPOS="261.0"
                    WIDTH="731.0"
                    HEIGHT="39.0"
                    WC="0.9841955488218981"></String>
          </TextLine>
          <TextLine ID="line_10"
                    TAGREFS="LT8"
                    BASELINE="177 316 907 314" 
                    HPOS="176.0"
                    VPOS="291.0"
                    WIDTH="731.0"
                    HEIGHT="38.0">
            <Shape><Polygon POINTS="177 316 177 324 192 329 193 329 193 329 194 329 211 324 215 324 286 324 288 324 295 329 295 329 296 329 297 329 368 329 368 329 369 329 382 325 388 324 399 325 419 329 420 329 421 329 432 325 436 324 442 325 459 329 460 329 461 329 467 325 471 324 502 324 513 326 525 329 526 329 542 326 558 324 583 326 599 328 599 328 600 328 601 328 603 326 608 323 710 323 732 327 737 328 738 328 748 327 798 323 822 328 824 328 825 329 907 329 907 314 906 297 876 291 875 291 853 296 852 296 850 296 788 291 788 291 787 291 773 296 771 296 759 296 678 291 678 291 677 291 664 295 660 297 591 297 588 294 581 291 580 291 579 291 556 294 545 296 537 294 528 292 527 292 526 292 525 292 520 294 515 297 511 294 507 292 506 292 506 292 505 292 504 292 495 294 483 298 444 298 440 294 437 292 436 292 436 292 435 292 434 292 427 294 418 296 400 294 387 292 387 292 386 292 385 292 383 294 378 297 372 294 370 292 369 292 368 292 262 292 261 292 260 292 259 292 259 293 251 297 176 293 177 316"/></Shape>
            <String CONTENT="fiet, vt nihil quod ab ipſo prodierit nobis non ſit maximè tempeſti¬"
                    HPOS="176.0"
                    VPOS="291.0"
                    WIDTH="731.0"
                    HEIGHT="38.0"
                    WC="0.9800542903983075"></String>
          </TextLine>
          <TextLine ID="line_11"
                    TAGREFS="LT8"
                    BASELINE="178 342 908 344" 
                    HPOS="177.0"
                    VPOS="324.0"
                    WIDTH="731.0"
                    HEIGHT="35.0">
            <Shape><Polygon POINTS="178 342 177 355 296 358 297 358 314 355 324 353 341 355 371 358 372 358 390 355 400 353 410 355 431 358 432 358 550 355 589 359 590 359 590 359 603 355 638 359 638 359 660 355 677 359 678 359 678 359 679 359 688 354 786 354 829 354 830 354 862 359 863 359 907 353 908 344 907 327 178 324 178 342"/></Shape>
            <String CONTENT="uum. Ideo frequenter apud Paulum occurrit hæc admonitio: præ¬"
                    HPOS="177.0"
                    VPOS="324.0"
                    WIDTH="731.0"
                    HEIGHT="35.0"
                    WC="0.9918322709740185"></String>
          </TextLine>
          <TextLine ID="line_12"
                    TAGREFS="LT8"
                    BASELINE="177 373 913 374" 
                    HPOS="176.0"
                    VPOS="350.0"
                    WIDTH="737.0"
                    HEIGHT="40.0">
            <Shape><Polygon POINTS="177 373 176 381 213 389 214 389 305 387 306 387 315 383 356 389 357 389 443 385 470 388 471 388 495 383 496 383 497 383 545 390 546 390 659 390 659 390 660 390 677 384 693 390 694 390 695 390 716 390 716 390 717 390 718 390 726 384 746 389 747 389 748 389 748 389 761 384 762 384 838 384 840 384 854 389 855 389 856 389 857 389 872 384 873 384 911 384 913 374 911 354 706 355 693 352 690 351 689 351 688 351 670 352 611 355 586 351 582 351 581 351 577 351 546 355 515 351 507 351 506 351 493 351 440 355 394 351 390 351 389 351 387 351 360 355 314 351 313 351 277 355 271 351 270 351 269 351 268 351 268 351 267 351 261 355 223 351 222 351 221 351 212 355 177 350 177 373"/></Shape>
            <String CONTENT="ſertim eum de Gentium vocatione agitur, quæ ſua nouitate multos"
                    HPOS="176.0"
                    VPOS="350.0"
                    WIDTH="737.0"
                    HEIGHT="40.0"
                    WC="0.9995357696972196"></String>
          </TextLine>
          <TextLine ID="line_13"
                    TAGREFS="LT8"
                    BASELINE="179 403 912 402" 
                    HPOS="178.0"
                    VPOS="380.0"
                    WIDTH="734.0"
                    HEIGHT="36.0">
            <Shape><Polygon POINTS="179 403 179 412 194 416 195 416 196 416 197 416 198 416 205 412 206 412 209 412 239 416 240 416 260 412 263 412 349 412 351 412 361 416 362 416 363 416 471 412 487 412 489 412 506 416 506 416 507 416 571 412 580 412 583 412 599 416 600 416 634 412 647 411 660 412 694 416 695 416 912 412 912 402 911 386 832 380 832 380 831 380 819 386 819 386 817 386 790 380 789 380 757 385 752 386 746 385 720 380 719 380 718 380 709 385 707 386 634 386 627 384 611 380 610 380 609 380 608 380 607 380 602 384 600 386 544 386 528 383 515 381 514 381 485 383 466 385 453 383 439 381 438 381 437 381 431 383 418 386 400 382 389 381 388 381 371 382 348 385 310 382 290 381 289 381 288 381 283 381 270 386 259 381 258 381 257 381 256 381 252 381 218 386 178 381 179 403"/></Shape>
            <String CONTENT="tunc percellebat, &amp; quaſi reddebat attonitos. Quibus hac ſolutio¬"
                    HPOS="178.0"
                    VPOS="380.0"
                    WIDTH="734.0"
                    HEIGHT="36.0"
                    WC="0.9920413448260381"></String>
          </TextLine>
          <TextLine ID="line_14"
                    TAGREFS="LT8"
                    BASELINE="182 433 911 433" 
                    HPOS="182.0"
                    VPOS="409.0"
                    WIDTH="729.0"
                    HEIGHT="37.0">
            <Shape><Polygon POINTS="691 410 691 410 687 410 679 410 671 410 663 410 660 410 653 413 648 415 643 413 634 410 630 410 628 410 619 413 612 415 601 412 587 410 586 410 585 410 585 410 581 412 577 415 537 412 498 410 492 410 484 410 482 410 477 412 469 416 392 416 386 412 383 410 378 410 375 410 366 412 347 415 333 412 328 410 321 410 312 410 304 410 296 410 288 410 280 410 273 410 272 411 265 415 182 411 182 433 182 446 911 443 911 433 910 415 785 415 783 414 776 409 775 409 775 409 774 409 720 413 700 415 696 413 692 410 691 410"/></Shape>
            <String CONTENT="ne non ſatiſfit, Deum occulta ſua ſapientia diſtribuiſſe temporum"
                    HPOS="182.0"
                    VPOS="409.0"
                    WIDTH="729.0"
                    HEIGHT="37.0"
                    WC="0.9986245558812068"></String>
          </TextLine>
          <TextLine ID="line_15"
                    TAGREFS="LT8"
                    BASELINE="186 460 911 465" 
                    HPOS="185.0"
                    VPOS="437.0"
                    WIDTH="726.0"
                    HEIGHT="43.0">
            <Shape><Polygon POINTS="186 460 185 469 231 474 232 474 281 471 289 475 290 475 290 475 291 475 306 472 340 478 341 478 380 474 430 478 431 478 431 478 445 472 446 472 449 472 507 478 508 479 555 479 555 478 556 478 568 474 578 478 579 478 580 478 581 478 590 473 590 473 593 473 621 479 621 479 651 475 707 479 708 479 709 479 723 474 749 479 750 479 751 479 765 474 766 474 766 474 780 479 781 479 782 479 802 474 805 474 806 474 816 480 817 480 818 480 840 475 841 475 910 475 911 465 911 447 894 440 893 440 841 440 840 440 839 440 838 440 829 446 818 440 817 440 766 439 765 439 738 443 715 439 714 439 713 439 701 445 700 446 700 445 691 440 691 440 690 440 689 440 688 440 669 445 665 446 575 446 572 444 565 441 564 441 563 441 563 441 557 444 555 445 548 444 531 441 530 441 529 441 524 443 521 445 452 445 444 443 423 438 422 438 403 443 398 443 392 443 370 438 370 438 335 442 322 443 318 442 308 437 307 437 306 437 305 437 292 442 286 444 271 444 267 441 261 437 260 437 259 437 259 437 258 437 257 437 251 441 246 443 233 441 208 437 207 437 186 440 186 460"/></Shape>
            <String CONTENT="vices: hi aliquando experientur, quo tempore ocioſum fuiſſe putant,"
                    HPOS="185.0"
                    VPOS="437.0"
                    WIDTH="726.0"
                    HEIGHT="43.0"
                    WC="0.9969570022910389"></String>
          </TextLine>
          <TextLine ID="eSc_line_d429d7c4"
                    TAGREFS="LT8"
                    BASELINE="194 490 471 492" 
                    HPOS="191"
                    VPOS="465"
                    WIDTH="279"
                    HEIGHT="39">
            <Shape><Polygon POINTS="191 498 468 504 470 491 469 470 193 465 193 489"/></Shape>
            <String CONTENT="fabricaſſe inferos curioſis."
                    HPOS="191"
                    VPOS="465"
                    WIDTH="279"
                    HEIGHT="39"
                    WC="0.9968392827681133"></String>
          </TextLine>
        </TextBlock>
        <TextBlock HPOS="184"
                   VPOS="503"
                   WIDTH="735"
                   HEIGHT="359"
                   ID="block_1"
                   TAGREFS="BT3132">
          <Shape><Polygon POINTS="919 503 919 862 184 862 184 506"/></Shape>
          <TextLine ID="line_16"
                    TAGREFS="LT8"
                    BASELINE="264 521 911 523" 
                    HPOS="264.0"
                    VPOS="495.0"
                    WIDTH="647.0"
                    HEIGHT="40.0">
            <Shape><Polygon POINTS="264 521 264 532 317 534 318 534 324 533 342 529 348 533 349 534 350 534 351 534 352 535 386 535 386 534 387 534 389 533 403 529 412 533 414 534 414 534 415 534 416 534 418 533 429 530 461 533 462 533 462 533 480 529 546 534 558 535 559 535 559 535 560 535 560 534 566 530 610 530 647 535 650 535 651 535 651 535 652 535 657 531 682 534 682 534 683 534 693 530 716 535 717 535 718 535 718 535 739 531 819 535 819 535 856 531 909 535 911 523 910 496 878 496 877 496 876 496 863 504 830 504 817 496 816 496 815 496 814 496 778 503 758 496 757 496 757 496 743 496 701 497 700 497 690 503 621 503 585 496 578 495 577 495 572 496 554 500 515 496 504 495 503 495 502 495 499 496 486 500 457 496 448 495 447 495 446 495 443 496 431 501 409 496 400 495 399 495 398 495 394 496 386 501 363 496 356 495 355 495 354 495 351 496 339 501 264 497 264 521"/></Shape>
            <String CONTENT="In quod poſitus ſum.) Ne temere, vt multi ſolent, de re ſibi"
                    HPOS="264.0"
                    VPOS="495.0"
                    WIDTH="647.0"
                    HEIGHT="40.0"
                    WC="0.9929193665583929"></String>
          </TextLine>
          <TextLine ID="line_17"
                    TAGREFS="LT8"
                    BASELINE="187 552 911 552" 
                    HPOS="187.0"
                    VPOS="526.0"
                    WIDTH="724.0"
                    HEIGHT="40.0">
            <Shape><Polygon POINTS="187 552 187 566 911 562 911 552 911 533 885 526 885 526 884 526 863 532 774 526 749 526 748 526 748 526 735 532 723 526 722 526 722 526 721 526 720 526 711 532 696 528 695 528 694 528 656 532 599 526 599 526 598 526 597 526 589 531 564 527 563 527 563 527 546 532 519 526 519 526 518 526 517 526 509 532 500 526 499 526 498 526 392 526 391 526 365 533 305 533 230 526 229 526 187 532 187 552"/></Shape>
            <String CONTENT="parum comperta aſſerere videatur: ſe ad hoc prædicat diuinitus ordi¬"
                    HPOS="187.0"
                    VPOS="526.0"
                    WIDTH="724.0"
                    HEIGHT="40.0"
                    WC="0.9971747223068687"></String>
          </TextLine>
          <TextLine ID="line_18"
                    TAGREFS="LT8"
                    BASELINE="185 579 911 580" 
                    HPOS="185.0"
                    VPOS="561.0"
                    WIDTH="726.0"
                    HEIGHT="36.0">
            <Shape><Polygon POINTS="185 579 185 590 210 596 211 596 269 592 484 596 484 596 507 592 549 596 550 597 618 597 618 596 619 596 620 596 625 592 663 596 664 596 762 592 852 596 853 596 854 596 869 592 881 596 881 596 882 596 911 592 911 580 910 561 185 561 185 579"/></Shape>
            <String CONTENT="natum, vt Gentes prius à regno Dei alienas ad Euangelii participatioᛘ"
                    HPOS="185.0"
                    VPOS="561.0"
                    WIDTH="726.0"
                    HEIGHT="36.0"
                    ></String>
          </TextLine>
          <TextLine ID="line_19"
                    TAGREFS="LT8"
                    BASELINE="185 610 916 610" 
                    HPOS="185.0"
                    VPOS="588.0"
                    WIDTH="731.0"
                    HEIGHT="31.0">
            <Shape><Polygon POINTS="185 610 185 619 916 619 916 610 916 592 898 588 898 588 897 588 835 592 833 593 679 593 677 592 651 588 651 588 619 592 615 592 611 592 583 588 582 588 562 592 559 592 550 592 504 588 503 588 484 592 480 592 480 592 475 588 474 588 473 588 472 588 471 588 458 592 454 592 449 592 427 588 426 588 425 588 412 592 408 592 399 592 367 588 366 588 365 588 355 592 351 593 289 593 286 592 280 588 279 588 278 588 185 591 185 610"/></Shape>
            <String CONTENT="nem adducat. Nam Apoſtolatus eius ad Gentes, certum erat diui¬"
                    HPOS="185.0"
                    VPOS="588.0"
                    WIDTH="731.0"
                    HEIGHT="31.0"
                    WC="0.991088217304599"></String>
          </TextLine>
          <TextLine ID="line_20"
                    TAGREFS="LT8"
                    BASELINE="184 638 915 640" 
                    HPOS="183.0"
                    VPOS="615.0"
                    WIDTH="732.0"
                    HEIGHT="38.0">
            <Shape><Polygon POINTS="183 648 215 653 216 653 247 649 261 653 262 653 263 653 634 649 641 653 642 653 643 653 643 653 682 649 716 653 717 653 914 649 915 640 914 622 892 622 891 621 885 616 884 616 883 616 840 616 839 616 838 616 837 616 831 621 829 621 805 616 804 616 771 620 770 620 765 616 764 616 763 616 695 616 694 616 693 616 692 616 687 620 685 621 657 619 606 617 605 617 582 619 562 621 553 618 541 616 541 616 540 616 539 616 532 618 528 621 427 621 409 618 389 615 388 615 387 615 378 618 370 619 359 618 345 615 344 615 343 615 337 618 330 620 325 617 322 615 321 615 321 615 320 615 319 615 314 617 307 620 293 617 283 615 282 615 281 615 281 615 279 617 273 620 220 617 207 616 207 616 206 616 204 616 190 620 185 616 184 638 183 648"/></Shape>
            <String CONTENT="næ vocationis fundamentum. Et ideo tantopere in ipſo aſſerendo la¬"
                    HPOS="183.0"
                    VPOS="615.0"
                    WIDTH="732.0"
                    HEIGHT="38.0"
                    WC="0.9945943346529296"></String>
          </TextLine>
          <TextLine ID="line_21"
                    TAGREFS="LT8"
                    BASELINE="184 667 914 670" 
                    HPOS="183.0"
                    VPOS="645.0"
                    WIDTH="731.0"
                    HEIGHT="41.0">
            <Shape><Polygon POINTS="184 667 183 676 207 684 208 684 209 684 250 679 260 684 261 684 262 684 312 684 312 684 313 684 324 678 325 678 368 684 369 684 409 684 409 684 410 684 411 684 418 679 420 678 430 679 475 684 476 684 501 680 506 679 515 680 553 684 554 684 583 680 595 679 617 680 670 685 671 686 696 686 696 685 697 685 704 681 708 680 718 681 734 684 735 684 735 684 743 682 748 680 753 682 761 685 762 685 762 685 763 685 774 682 782 680 800 682 821 685 822 685 823 685 830 683 838 680 912 683 914 670 912 647 867 651 642 646 641 646 436 650 380 645 379 645 378 645 366 649 320 645 319 645 224 649 184 645 184 667"/></Shape>
            <String CONTENT="borat: vt certè apud multos non abſque difficultate recipiebatur. Iuſ"
                    HPOS="183.0"
                    VPOS="645.0"
                    WIDTH="731.0"
                    HEIGHT="41.0"
                    WC="0.9941672112260546"></String>
          </TextLine>
          <TextLine ID="line_22"
                    TAGREFS="LT8"
                    BASELINE="184 697 914 698" 
                    HPOS="183.0"
                    VPOS="675.0"
                    WIDTH="731.0"
                    HEIGHT="35.0">
            <Shape><Polygon POINTS="184 697 183 706 912 710 914 698 913 683 875 676 874 676 810 681 797 682 794 681 784 676 784 676 783 676 782 676 766 680 751 676 750 676 749 676 748 676 734 680 727 683 632 683 622 680 612 676 612 676 611 676 610 676 609 676 606 679 600 683 559 683 550 679 543 675 542 675 507 675 506 675 506 675 501 678 495 681 384 676 352 675 352 675 351 675 349 676 338 681 326 675 325 675 325 675 324 675 323 675 322 675 312 682 269 682 259 675 259 675 258 675 257 675 256 675 235 680 184 675 184 697"/></Shape>
            <String CONTENT="iurandum vel obteſtationem adhibet, vt in re maximè ſeria, docto¬"
                    HPOS="183.0"
                    VPOS="675.0"
                    WIDTH="731.0"
                    HEIGHT="35.0"
                    WC="0.9972367548581326"></String>
          </TextLine>
          <TextLine ID="line_23"
                    TAGREFS="LT8"
                    BASELINE="187 732 913 728" 
                    HPOS="184"
                    VPOS="701"
                    WIDTH="727"
                    HEIGHT="39">
            <Shape><Polygon POINTS="185 731 185 740 910 735 911 726 909 708 760 701 744 707 737 701 731 701 717 709 643 709 606 701 592 709 559 709 550 701 488 709 476 702 451 708 399 702 388 709 366 703 325 709 319 703 189 703 184 707 185 731"/></Shape>
            <String CONTENT="rem ſe eſſe Gentium: ídque in fide &amp; veritate. Quæ duo bonam con¬"
                    HPOS="184"
                    VPOS="701"
                    WIDTH="727"
                    HEIGHT="39"
                    ></String>
          </TextLine>
          <TextLine ID="line_24"
                    TAGREFS="LT8"
                    BASELINE="184 758 915 758" 
                    HPOS="184.0"
                    VPOS="734.0"
                    WIDTH="731.0"
                    HEIGHT="40.0">
            <Shape><Polygon POINTS="184 758 184 768 201 773 202 773 202 773 203 773 216 769 262 769 263 769 271 773 272 773 273 774 352 774 352 773 353 773 362 770 365 769 367 770 382 773 383 773 383 773 384 773 392 770 393 769 396 770 409 773 409 773 410 773 433 770 440 769 447 770 462 773 462 773 463 773 475 770 480 769 484 770 491 773 492 773 493 774 621 774 621 773 621 773 627 771 632 769 637 772 641 773 642 773 643 773 655 772 669 769 914 772 915 758 914 734 833 739 725 735 706 734 705 734 704 734 702 735 689 739 647 735 635 734 598 734 597 734 596 734 595 734 594 735 588 739 550 736 534 734 533 734 524 736 502 739 471 736 455 734 454 734 453 734 453 734 450 736 444 740 378 740 369 737 362 734 361 734 361 734 342 737 325 738 318 737 311 734 310 734 309 734 294 737 283 738 273 737 259 734 258 734 245 737 234 739 225 737 215 734 214 734 213 734 184 737 184 758"/></Shape>
            <String CONTENT="ſcientiam ſignificant. Sed eam quoque fultam eſſe oportet certitudiᛘ"
                    HPOS="184.0"
                    VPOS="734.0"
                    WIDTH="731.0"
                    HEIGHT="40.0"
                    ></String>
          </TextLine>
          <TextLine ID="line_25"
                    TAGREFS="LT8"
                    BASELINE="185 787 912 787" 
                    HPOS="185.0"
                    VPOS="765.0"
                    WIDTH="727.0"
                    HEIGHT="31.0">
            <Shape><Polygon POINTS="185 787 185 795 911 796 912 787 912 771 880 771 872 765 872 765 871 765 870 765 843 769 832 765 831 765 830 765 829 765 817 770 791 765 790 765 744 770 674 765 673 765 672 765 653 770 629 765 629 765 599 771 519 771 511 765 511 765 510 765 509 765 468 769 440 765 439 765 438 765 437 765 429 771 374 771 329 765 328 765 286 770 221 765 220 765 220 765 219 765 210 771 185 771 185 787"/></Shape>
            <String CONTENT="ne diuinæ voluntatis. Proinde non tantùm ſincero affectu ſe Gen¬"
                    HPOS="185.0"
                    VPOS="765.0"
                    WIDTH="727.0"
                    HEIGHT="31.0"
                    WC="0.993982576406919"></String>
          </TextLine>
          <TextLine ID="line_26"
                    TAGREFS="LT8"
                    BASELINE="187 817 915 817" 
                    HPOS="187.0"
                    VPOS="794.0"
                    WIDTH="728.0"
                    HEIGHT="39.0">
            <Shape><Polygon POINTS="187 817 187 830 239 833 240 833 251 831 269 828 303 831 323 833 324 833 325 833 325 833 328 831 334 828 359 831 365 832 366 832 367 832 369 831 378 828 392 831 397 833 398 833 399 833 415 831 455 828 462 832 463 833 464 833 465 833 466 833 475 832 501 828 509 832 511 833 512 833 513 833 524 832 553 829 575 832 581 833 582 833 594 832 646 828 665 832 669 833 669 833 670 833 671 832 681 828 713 828 752 833 756 833 757 833 757 833 758 833 774 828 826 828 914 833 915 817 915 799 894 794 893 794 892 794 858 800 828 800 814 794 814 794 813 794 753 799 733 794 732 794 731 794 695 799 675 794 674 794 674 794 673 794 651 799 641 794 640 794 639 794 595 798 587 794 586 794 585 794 547 794 546 794 519 799 500 794 499 794 498 794 497 794 485 800 457 800 437 794 436 794 436 794 435 794 421 800 357 800 340 794 339 794 339 794 338 794 324 799 298 794 297 794 251 798 238 794 237 794 200 794 199 794 198 794 187 799 187 817"/></Shape>
            <String CONTENT="tibus Euangelium prædicare intelligit: ſed etiam ſana &amp; intrepida"
                    HPOS="187.0"
                    VPOS="794.0"
                    WIDTH="728.0"
                    HEIGHT="39.0"
                    WC="0.9945613723534804"></String>
          </TextLine>
          <TextLine ID="line_27"
                    TAGREFS="LT8"
                    BASELINE="193 846 737 848" 
                    HPOS="192.0"
                    VPOS="822.0"
                    WIDTH="545.0"
                    HEIGHT="44.0">
            <Shape><Polygon POINTS="193 846 192 855 251 864 251 864 283 857 303 863 304 863 305 863 343 858 374 865 374 865 375 866 417 866 417 865 418 865 433 860 458 865 458 866 542 866 542 865 593 859 639 866 640 866 641 866 642 866 650 860 654 864 655 864 656 864 656 864 657 864 678 859 736 859 737 848 736 829 612 824 611 824 572 828 565 828 564 828 557 823 556 823 555 823 555 823 527 827 526 827 523 827 405 823 404 823 378 827 374 827 373 827 362 822 361 822 361 822 360 822 343 826 343 826 308 822 308 822 307 822 295 826 294 826 293 826 274 822 273 822 193 825 193 846"/></Shape>
            <String CONTENT="conſcientia: eò quòd nihil agat niſi Dei mandato."
                    HPOS="192.0"
                    VPOS="822.0"
                    WIDTH="545.0"
                    HEIGHT="44.0"
                    ></String>
          </TextLine>
        </TextBlock>
        <TextBlock HPOS="192"
                   VPOS="885"
                   WIDTH="730"
                   HEIGHT="267"
                   ID="block_2"
                   TAGREFS="BT3135">
          <Shape><Polygon POINTS="922 885 922 1152 192 1152 192 885"/></Shape>
          <TextLine ID="line_28"
                    TAGREFS="LT8"
                    BASELINE="282 913 913 911" 
                    HPOS="281.0"
                    VPOS="880.0"
                    WIDTH="632.0"
                    HEIGHT="44.0">
            <Shape><Polygon POINTS="282 913 282 923 911 924 913 911 912 888 897 880 896 880 895 880 894 880 879 887 867 881 866 881 832 880 831 880 830 880 829 880 819 887 818 889 776 889 773 886 760 880 759 880 731 880 731 880 730 880 709 886 700 889 687 886 677 883 676 883 675 883 674 883 669 886 663 890 581 890 573 885 568 881 567 881 566 881 565 881 564 881 563 881 559 885 553 889 529 884 525 884 524 884 524 884 523 884 516 890 490 891 444 891 431 883 429 882 428 882 427 882 427 882 422 883 410 886 405 883 405 882 404 882 403 882 402 882 401 882 400 883 387 890 374 883 371 882 370 882 370 882 369 882 365 883 357 886 348 882 345 882 344 882 343 882 281 882 282 913"/></Shape>
            <String CONTENT="Volo igitur orare viros in omni loco, ſuſtol¬"
                    HPOS="281.0"
                    VPOS="880.0"
                    WIDTH="632.0"
                    HEIGHT="44.0"
                    WC="0.9778414381874933"></String>
          </TextLine>
          <TextLine ID="line_29"
                    TAGREFS="LT8"
                    BASELINE="189 949 885 949" 
                    HPOS="189.0"
                    VPOS="920.0"
                    WIDTH="696.0"
                    HEIGHT="45.0">
            <Shape><Polygon POINTS="189 949 189 958 242 964 243 964 270 960 277 965 277 965 278 965 279 965 280 965 301 959 343 963 344 963 378 959 402 965 403 965 404 965 429 961 593 965 594 965 635 959 696 965 696 965 715 965 715 965 716 965 717 965 724 959 738 965 739 965 740 965 740 965 759 959 802 959 813 964 814 964 854 965 855 965 885 958 885 949 885 928 770 928 762 926 720 920 719 920 664 924 655 920 654 920 653 920 652 920 636 925 626 927 593 924 570 922 569 922 557 924 532 927 526 923 521 920 520 920 519 920 489 920 488 920 488 920 487 920 482 923 474 928 375 928 337 921 327 920 326 920 316 921 286 925 263 921 259 920 258 920 257 920 255 920 237 925 228 920 227 920 226 920 189 920 189 949"/></Shape>
            <String CONTENT="lentes puras manus, abſque ira, &amp; diſceptatione."
                    HPOS="189.0"
                    VPOS="920.0"
                    WIDTH="696.0"
                    HEIGHT="45.0"
                    WC="0.9929035951693853"></String>
          </TextLine>
          <TextLine ID="line_30"
                    TAGREFS="LT8"
                    BASELINE="192 984 914 987" 
                    HPOS="191.0"
                    VPOS="958.0"
                    WIDTH="723.0"
                    HEIGHT="38.0">
            <Shape><Polygon POINTS="754 961 746 962 738 962 730 962 722 962 713 962 705 962 704 962 700 965 674 965 669 962 665 962 656 962 648 962 640 962 632 962 625 962 620 963 605 962 599 962 591 962 583 962 575 962 567 962 559 962 550 962 542 962 534 962 526 962 518 962 510 962 506 962 500 963 494 962 493 962 485 962 477 962 469 962 461 962 453 962 444 962 436 962 435 962 432 963 400 963 398 962 396 962 387 962 379 962 378 962 371 962 363 962 355 962 347 962 339 962 330 962 322 962 314 962 306 962 298 962 295 962 290 962 281 962 273 962 265 962 257 962 249 962 241 962 233 962 224 962 216 962 208 962 200 962 192 962 192 984 191 993 912 996 914 987 913 958 833 958 832 958 832 958 817 963 789 958 787 958 786 958 785 958 784 958 778 963 771 958 770 958 770 958 769 958 765 958 755 959 754 961"/></Shape>
            <String CONTENT="Conſimiliter &amp; mulieres in amictu modeſto cum"
                    HPOS="191.0"
                    VPOS="958.0"
                    WIDTH="723.0"
                    HEIGHT="38.0"
                    WC="0.9915242009692722"></String>
          </TextLine>
          <TextLine ID="line_31"
                    TAGREFS="LT8"
                    BASELINE="196 1022 915 1024" 
                    HPOS="195.0"
                    VPOS="994.0"
                    WIDTH="720.0"
                    HEIGHT="46.0">
            <Shape><Polygon POINTS="196 1022 195 1031 221 1038 222 1039 318 1039 318 1038 319 1038 329 1033 344 1038 345 1038 346 1038 347 1038 348 1038 356 1033 378 1038 378 1038 405 1035 514 1039 515 1039 515 1039 532 1034 559 1039 559 1039 623 1034 675 1040 676 1040 677 1040 678 1040 685 1035 716 1040 717 1040 718 1040 718 1040 726 1035 767 1040 768 1040 793 1035 914 1035 915 1024 915 1004 888 997 887 997 886 997 841 1002 821 996 820 996 787 996 786 996 785 996 770 1003 674 995 674 995 630 996 629 996 611 1002 608 1002 560 1002 550 995 549 995 548 995 547 995 546 995 528 1002 527 1002 437 1001 387 1001 365 994 365 994 318 994 317 994 317 994 297 1000 295 1001 196 1000 196 1022"/></Shape>
            <String CONTENT="verecundia &amp; temperantia ornare ſemetipſas, non"
                    HPOS="195.0"
                    VPOS="994.0"
                    WIDTH="720.0"
                    HEIGHT="46.0"
                    WC="0.9860944037741803"></String>
          </TextLine>
          <TextLine ID="line_32"
                    TAGREFS="LT8"
                    BASELINE="195 1061 917 1061" 
                    HPOS="195.0"
                    VPOS="1032.0"
                    WIDTH="722.0"
                    HEIGHT="43.0">
            <Shape><Polygon POINTS="195 1061 195 1069 286 1074 287 1074 288 1074 297 1070 343 1070 352 1074 352 1074 353 1074 373 1070 418 1074 418 1074 419 1074 431 1070 472 1074 473 1074 474 1074 475 1074 481 1070 528 1074 529 1074 554 1070 584 1074 585 1075 633 1075 633 1074 634 1074 634 1074 640 1070 656 1074 657 1074 658 1074 699 1070 900 1074 901 1074 902 1074 917 1069 917 1061 917 1040 887 1032 886 1032 806 1034 806 1034 792 1039 791 1039 770 1039 753 1039 743 1032 742 1032 741 1032 723 1032 722 1032 722 1032 721 1032 712 1039 710 1040 638 1040 635 1038 612 1032 611 1032 610 1032 552 1038 541 1040 395 1040 387 1037 365 1032 365 1032 299 1033 298 1033 297 1033 290 1037 289 1038 287 1037 277 1032 277 1032 246 1032 245 1032 244 1032 229 1037 223 1039 195 1037 195 1061"/></Shape>
            <String CONTENT="tortis crinibus, aut auro, aut Margaritis, aut veſti¬"
                    HPOS="195.0"
                    VPOS="1032.0"
                    WIDTH="722.0"
                    HEIGHT="43.0"
                    WC="0.9972889727016665"></String>
          </TextLine>
          <TextLine ID="line_33"
                    TAGREFS="LT8"
                    BASELINE="193 1097 920 1098" 
                    HPOS="192.0"
                    VPOS="1067.0"
                    WIDTH="728.0"
                    HEIGHT="45.0">
            <Shape><Polygon POINTS="193 1097 192 1106 203 1111 204 1111 205 1111 237 1106 249 1111 250 1111 251 1112 315 1112 315 1111 316 1111 335 1106 342 1111 343 1111 343 1111 344 1112 382 1112 382 1111 383 1111 394 1106 395 1106 423 1111 424 1112 485 1112 485 1111 486 1111 497 1106 498 1106 506 1106 580 1111 581 1111 604 1107 611 1111 612 1111 612 1111 613 1111 614 1111 622 1107 641 1112 642 1112 643 1112 682 1107 684 1107 738 1107 739 1107 747 1112 748 1112 748 1112 749 1112 796 1107 801 1107 806 1107 862 1111 863 1111 919 1107 920 1098 920 1074 762 1068 761 1068 739 1073 737 1073 734 1073 687 1068 687 1068 686 1068 674 1073 674 1074 628 1074 622 1073 583 1068 582 1068 563 1073 560 1073 558 1073 543 1067 542 1067 506 1067 505 1067 504 1067 503 1067 496 1072 496 1073 447 1073 446 1072 440 1067 439 1067 438 1067 437 1067 193 1071 193 1097"/></Shape>
            <String CONTENT="tu ſumptuoſo: ſed quod decet mulieres profitentes"
                    HPOS="192.0"
                    VPOS="1067.0"
                    WIDTH="728.0"
                    HEIGHT="45.0"
                    WC="0.9951916300520605"></String>
          </TextLine>
          <TextLine ID="line_34"
                    TAGREFS="LT8"
                    BASELINE="193 1135 556 1136" 
                    HPOS="193.0"
                    VPOS="1104.0"
                    WIDTH="363.0"
                    HEIGHT="59.0">
            <Shape><Polygon POINTS="193 1135 193 1157 231 1161 232 1161 233 1161 233 1161 237 1158 245 1151 288 1149 297 1157 297 1158 298 1158 299 1158 313 1158 358 1161 359 1161 360 1161 361 1161 361 1160 361 1159 373 1149 453 1149 480 1161 481 1162 482 1162 483 1163 528 1163 528 1162 529 1162 530 1162 530 1161 534 1158 555 1162 556 1136 555 1114 510 1114 509 1113 495 1105 494 1105 493 1105 493 1105 492 1105 471 1112 468 1113 461 1112 431 1109 431 1109 414 1112 408 1113 406 1112 399 1106 399 1105 398 1105 397 1105 396 1105 369 1111 364 1112 348 1112 348 1111 341 1105 341 1104 340 1104 339 1104 317 1104 317 1104 316 1104 304 1110 292 1104 291 1104 210 1104 209 1104 208 1104 193 1109 193 1135"/></Shape>
            <String CONTENT="pietatem per bona opera."
                    HPOS="193.0"
                    VPOS="1104.0"
                    WIDTH="363.0"
                    HEIGHT="59.0"
                    WC="0.9981463551521301"></String>
          </TextLine>
        </TextBlock>
        <TextBlock HPOS="193"
                   VPOS="1182"
                   WIDTH="733"
                   HEIGHT="129"
                   ID="block_3"
                   TAGREFS="BT3132">
          <Shape><Polygon POINTS="926 1182 926 1311 193 1311 193 1182"/></Shape>
          <TextLine ID="line_35"
                    TAGREFS="LT8"
                    BASELINE="270 1202 897 1206" 
                    HPOS="269.0"
                    VPOS="1172.0"
                    WIDTH="628.0"
                    HEIGHT="49.0">
            <Shape><Polygon POINTS="270 1202 269 1211 402 1219 403 1219 459 1213 521 1220 522 1220 545 1220 545 1220 546 1220 546 1220 554 1214 572 1220 572 1220 573 1220 633 1214 675 1220 676 1220 724 1215 737 1220 738 1220 739 1221 787 1221 787 1220 821 1215 841 1221 842 1221 843 1221 844 1221 862 1215 896 1215 897 1206 896 1186 879 1186 876 1185 858 1176 857 1176 856 1176 855 1176 854 1176 842 1185 840 1186 831 1185 819 1182 819 1182 818 1182 812 1184 807 1185 804 1184 793 1178 792 1178 792 1178 791 1178 775 1183 770 1185 762 1183 740 1178 740 1178 739 1178 738 1178 733 1182 729 1185 713 1182 710 1181 709 1181 703 1181 660 1185 649 1180 637 1175 636 1175 577 1175 576 1175 575 1175 566 1179 556 1183 546 1178 542 1176 541 1176 541 1176 540 1176 534 1178 519 1182 509 1177 508 1177 507 1177 506 1177 485 1185 396 1185 367 1176 366 1176 365 1176 365 1176 355 1182 343 1175 342 1175 341 1175 340 1175 318 1178 270 1172 270 1202"/></Shape>
            <String CONTENT="Volo igitur.) Pendet hæcillatio ex proxima ſententia."
                    HPOS="269.0"
                    VPOS="1172.0"
                    WIDTH="628.0"
                    HEIGHT="49.0"
                    WC="0.994252842552257"></String>
          </TextLine>
          <TextLine ID="line_36"
                    TAGREFS="LT8"
                    BASELINE="193 1231 918 1234" 
                    HPOS="192.0"
                    VPOS="1204.0"
                    WIDTH="726.0"
                    HEIGHT="42.0">
            <Shape><Polygon POINTS="193 1231 192 1243 916 1246 918 1234 917 1218 885 1211 885 1211 884 1211 872 1217 869 1219 789 1219 778 1215 770 1213 770 1213 769 1213 760 1215 743 1218 737 1214 735 1212 734 1212 733 1212 732 1212 719 1214 696 1217 682 1213 669 1209 668 1209 667 1209 666 1209 665 1209 660 1213 651 1218 607 1213 606 1213 605 1213 590 1218 568 1211 563 1210 563 1210 562 1210 555 1211 519 1217 477 1211 476 1211 441 1214 436 1210 435 1210 434 1210 433 1210 408 1215 392 1211 392 1211 391 1211 390 1211 379 1216 370 1210 369 1210 368 1210 367 1210 366 1210 348 1215 328 1208 327 1208 326 1208 325 1208 305 1214 294 1207 293 1207 292 1207 291 1207 250 1211 233 1205 233 1205 193 1204 193 1231"/></Shape>
            <String CONTENT="Nam, vt in Epiſtola ad Galatas vidimus, Spiritu adoptionis prædi¬"
                    HPOS="192.0"
                    VPOS="1204.0"
                    WIDTH="726.0"
                    HEIGHT="42.0"
                    WC="0.9927894757344172"></String>
          </TextLine>
          <TextLine ID="line_37"
                    TAGREFS="LT8"
                    BASELINE="193 1260 920 1264" 
                    HPOS="193.0"
                    VPOS="1239.0"
                    WIDTH="727.0"
                    HEIGHT="40.0">
            <Shape><Polygon POINTS="193 1260 193 1269 262 1270 276 1276 277 1276 277 1277 312 1277 312 1276 312 1276 321 1271 322 1271 323 1271 338 1277 339 1277 559 1277 560 1277 561 1277 572 1274 577 1272 580 1274 585 1277 585 1277 586 1277 587 1277 608 1274 621 1272 624 1274 628 1278 629 1278 629 1278 630 1278 665 1275 685 1273 733 1273 742 1276 749 1278 750 1278 751 1278 763 1276 773 1274 776 1277 779 1279 780 1279 781 1279 782 1279 919 1277 920 1264 919 1248 776 1242 775 1242 775 1242 763 1246 761 1246 756 1246 740 1242 739 1242 738 1242 731 1246 728 1247 633 1247 612 1244 589 1241 588 1241 541 1243 488 1246 473 1242 464 1240 463 1240 462 1240 422 1242 349 1245 327 1241 319 1239 318 1239 293 1240 221 1243 193 1239 193 1260"/></Shape>
            <String CONTENT="tos eſſe nos oportet, vt Deum ritè inuocemus. Poſtquam ergo"
                    HPOS="193.0"
                    VPOS="1239.0"
                    WIDTH="727.0"
                    HEIGHT="40.0"
                    WC="0.9834646254777908"></String>
          </TextLine>
          <TextLine ID="line_38"
                    TAGREFS="LT8"
                    BASELINE="195 1290 528 1295 922 1294" 
                    HPOS="195.0"
                    VPOS="1267.0"
                    WIDTH="727.0"
                    HEIGHT="52.0">
            <Shape><Polygon POINTS="195 1290 195 1315 226 1307 290 1307 308 1313 308 1313 309 1313 332 1308 342 1312 343 1312 343 1312 344 1312 345 1312 352 1307 370 1315 372 1316 373 1316 374 1316 407 1316 407 1316 408 1316 409 1316 409 1315 420 1308 493 1315 515 1316 516 1316 528 1315 568 1308 593 1315 603 1317 603 1317 604 1318 633 1318 633 1317 634 1317 641 1315 652 1311 660 1315 666 1317 667 1317 668 1317 691 1316 691 1316 696 1315 707 1309 732 1315 749 1318 750 1319 797 1319 797 1318 798 1318 806 1315 814 1310 920 1314 922 1294 921 1275 907 1270 906 1270 905 1270 904 1270 892 1274 889 1275 876 1274 830 1271 829 1271 828 1271 820 1273 815 1275 813 1273 807 1270 806 1270 806 1270 805 1270 804 1270 803 1270 799 1273 796 1276 770 1276 762 1272 748 1269 748 1269 747 1269 704 1272 685 1273 680 1272 673 1269 672 1269 671 1269 670 1269 669 1269 666 1272 661 1275 634 1275 629 1272 627 1269 626 1269 625 1269 625 1269 560 1271 444 1273 433 1269 431 1268 430 1268 429 1268 425 1269 405 1273 365 1268 363 1268 362 1268 361 1268 338 1272 325 1268 325 1268 324 1268 323 1268 319 1268 282 1272 271 1268 270 1268 195 1267 195 1290"/></Shape>
            <String CONTENT="Chriſti gratiam omnibus expoſuit, ideôque ſe Gentibus datum eſſe"
                    HPOS="195.0"
                    VPOS="1267.0"
                    WIDTH="727.0"
                    HEIGHT="52.0"
                    WC="0.9900564771432143"></String>
          </TextLine>
        </TextBlock>
        <TextBlock HPOS="823"
                   VPOS="1306"
                   WIDTH="97"
                   HEIGHT="33"
                   ID="block_6"
                   TAGREFS="BT17">
          <Shape><Polygon POINTS="920 1306 920 1339 823 1339 823 1306"/></Shape>
          <TextLine ID="line_39"
                    TAGREFS="LT8"
                    BASELINE="820 1326 918 1324" 
                    HPOS="819.0"
                    VPOS="1301.0"
                    WIDTH="99.0"
                    HEIGHT="41.0">
            <Shape><Polygon POINTS="820 1326 820 1338 885 1342 885 1342 886 1342 887 1342 896 1336 896 1335 917 1334 918 1324 916 1307 885 1301 884 1301 883 1301 876 1305 872 1307 867 1304 859 1302 858 1302 857 1302 819 1303 820 1326"/></Shape>
            <String CONTENT="Apoſto¬"
                    HPOS="819.0"
                    VPOS="1301.0"
                    WIDTH="99.0"
                    HEIGHT="41.0"
                    WC="0.99947589635849"></String>
          </TextLine>
        </TextBlock>
      </PrintSpace>
    </Page>
  </Layout>
</alto>
