<?xml version="1.0" encoding="UTF-8"?>
<alto xmlns:xsi="http://www.w3.org/2001/XMLSchema-instance"
      xmlns="http://www.loc.gov/standards/alto/ns-v4#"
      xsi:schemaLocation="http://www.loc.gov/standards/alto/ns-v4# http://www.loc.gov/standards/alto/v4/alto-4-2.xsd">
  <Description>
    <MeasurementUnit>pixel</MeasurementUnit>
    <sourceImageInformation>
      <fileName>6293986.jpg</fileName>
    </sourceImageInformation>
  </Description>
  <Tags>
    <OtherTag ID="BT7" LABEL="CustomZone" DESCRIPTION="block type CustomZone"/><OtherTag ID="BT8" LABEL="DamageZone" DESCRIPTION="block type DamageZone"/><OtherTag ID="BT9" LABEL="DigitizationArtefactZone" DESCRIPTION="block type DigitizationArtefactZone"/><OtherTag ID="BT10" LABEL="DropCapitalZone" DESCRIPTION="block type DropCapitalZone"/><OtherTag ID="BT11" LABEL="GraphicZone" DESCRIPTION="block type GraphicZone"/><OtherTag ID="BT12" LABEL="MainZone" DESCRIPTION="block type MainZone"/><OtherTag ID="BT13" LABEL="MarginTextZone" DESCRIPTION="block type MarginTextZone"/><OtherTag ID="BT14" LABEL="MusicZone" DESCRIPTION="block type MusicZone"/><OtherTag ID="BT15" LABEL="NumberingZone" DESCRIPTION="block type NumberingZone"/><OtherTag ID="BT17" LABEL="QuireMarksZone" DESCRIPTION="block type QuireMarksZone"/><OtherTag ID="BT18" LABEL="RunningTitleZone" DESCRIPTION="block type RunningTitleZone"/><OtherTag ID="BT19" LABEL="SealZone" DESCRIPTION="block type SealZone"/><OtherTag ID="BT20" LABEL="StampZone" DESCRIPTION="block type StampZone"/><OtherTag ID="BT21" LABEL="TableZone" DESCRIPTION="block type TableZone"/><OtherTag ID="BT22" LABEL="TitlePageZone" DESCRIPTION="block type TitlePageZone"/><OtherTag ID="BT3130" LABEL="MainZone-P-Continued" DESCRIPTION="block type MainZone-P-Continued"/><OtherTag ID="BT3131" LABEL="MainZone-Sp" DESCRIPTION="block type MainZone-Sp"/><OtherTag ID="BT3132" LABEL="MainZone-P" DESCRIPTION="block type MainZone-P"/><OtherTag ID="BT3133" LABEL="MarginTextZone-ManuscriptAddendum" DESCRIPTION="block type MarginTextZone-ManuscriptAddendum"/><OtherTag ID="BT3134" LABEL="MainZone-Sp-Continued" DESCRIPTION="block type MainZone-Sp-Continued"/><OtherTag ID="BT3135" LABEL="MainZone-Head" DESCRIPTION="block type MainZone-Head"/><OtherTag ID="BT3136" LABEL="MarginTextZone-Notes" DESCRIPTION="block type MarginTextZone-Notes"/>
    <OtherTag ID="LT7" LABEL="CustomLine" DESCRIPTION="line type CustomLine"/><OtherTag ID="LT8" LABEL="DefaultLine" DESCRIPTION="line type DefaultLine"/><OtherTag ID="LT9" LABEL="DropCapitalLine" DESCRIPTION="line type DropCapitalLine"/><OtherTag ID="LT10" LABEL="HeadingLine" DESCRIPTION="line type HeadingLine"/><OtherTag ID="LT11" LABEL="InterlinearLine" DESCRIPTION="line type InterlinearLine"/><OtherTag ID="LT12" LABEL="MusicLine" DESCRIPTION="line type MusicLine"/>
  </Tags>
  <Layout>
    <Page WIDTH="1000"
          HEIGHT="1466"
          PHYSICAL_IMG_NR="4"
          ID="eSc_dummypage_">
      <PrintSpace HPOS="0"
                  VPOS="0"
                  WIDTH="1000"
                  HEIGHT="1466">
        <TextBlock HPOS="175"
                   VPOS="44"
                   WIDTH="41"
                   HEIGHT="29"
                   ID="block_1"
                   TAGREFS="BT15">
          <Shape><Polygon POINTS="216 44 216 73 175 73 175 44"/></Shape>
          <TextLine ID="line_0"
                    TAGREFS="LT8"
                    BASELINE="177 64 216 61" 
                    HPOS="175.0"
                    VPOS="37.0"
                    WIDTH="42.0"
                    HEIGHT="44.0">
            <Shape><Polygon POINTS="177 64 178 81 217 75 216 61 214 39 175 37 177 64"/></Shape>
            <String CONTENT="80"
                    HPOS="175.0"
                    VPOS="37.0"
                    WIDTH="42.0"
                    HEIGHT="44.0"
                    ></String>
          </TextLine>
        </TextBlock>
        <TextBlock HPOS="440"
                   VPOS="34"
                   WIDTH="230"
                   HEIGHT="35"
                   ID="block_2"
                   TAGREFS="BT18">
          <Shape><Polygon POINTS="670 34 670 69 440 69 440 34"/></Shape>
          <TextLine ID="line_1"
                    TAGREFS="LT8"
                    BASELINE="444 60 671 57" 
                    HPOS="444.0"
                    VPOS="28.0"
                    WIDTH="227.0"
                    HEIGHT="41.0">
            <Shape><Polygon POINTS="444 60 444 66 612 69 612 69 613 69 619 67 636 63 643 67 643 68 644 68 645 68 646 68 671 67 671 57 669 33 613 28 612 28 612 28 593 33 588 34 581 33 563 30 563 30 562 30 561 30 558 33 555 35 550 33 541 30 540 30 539 30 507 33 485 35 444 34 444 60"/></Shape>
            <String CONTENT="I. TIMOTH."
                    HPOS="444.0"
                    VPOS="28.0"
                    WIDTH="227.0"
                    HEIGHT="41.0"
                    WC="0.9998468577861785"></String>
          </TextLine>
        </TextBlock>
        <TextBlock HPOS="187"
                   VPOS="78"
                   WIDTH="740"
                   HEIGHT="662"
                   ID="block_4"
                   TAGREFS="BT3130">
          <Shape><Polygon POINTS="927 78 927 740 187 740 187 78"/></Shape>
          <TextLine ID="line_2"
                    TAGREFS="LT8"
                    BASELINE="188 104 923 99" 
                    HPOS="187.0"
                    VPOS="70.0"
                    WIDTH="736.0"
                    HEIGHT="43.0">
            <Shape><Polygon POINTS="188 104 188 113 922 110 923 99 921 72 908 70 907 70 907 70 901 72 886 78 837 73 802 70 801 70 801 70 800 70 795 74 794 74 789 74 770 72 770 72 769 72 766 74 756 79 608 76 599 76 599 76 595 76 553 80 513 77 448 72 447 72 446 72 432 79 426 82 413 82 407 79 396 73 396 73 395 73 357 79 350 80 326 79 308 79 299 74 299 74 298 74 211 74 210 74 209 74 187 81 188 104"/></Shape>
            <String CONTENT="nis ſignis eam nobis patefacit: non tamen propterea ſequitur, quin"
                    HPOS="187.0"
                    VPOS="70.0"
                    WIDTH="736.0"
                    HEIGHT="43.0"
                    WC="0.995406810984467"></String>
          </TextLine>
          <TextLine ID="line_3"
                    TAGREFS="LT8"
                    BASELINE="188 133 922 128" 
                    HPOS="187.0"
                    VPOS="105.0"
                    WIDTH="735.0"
                    HEIGHT="39.0">
            <Shape><Polygon POINTS="188 133 188 140 308 144 309 144 337 140 906 140 907 140 907 140 922 135 922 128 920 110 847 105 846 105 845 105 826 109 802 105 801 105 801 105 800 105 794 110 792 110 777 105 776 105 775 105 775 105 762 110 760 111 737 111 735 110 729 105 728 105 727 105 726 105 671 110 653 111 644 110 623 106 588 106 587 106 586 106 585 106 580 110 578 111 572 110 555 106 554 106 553 106 552 106 547 110 544 112 540 110 533 107 533 107 532 107 481 110 431 113 412 110 397 108 396 108 396 108 390 110 382 113 355 110 334 108 334 108 321 110 299 114 187 110 188 133"/></Shape>
            <String CONTENT="conſtitutum intus habeat, quid de ſingulis hominibus fieri velit. Cæ¬"
                    HPOS="187.0"
                    VPOS="105.0"
                    WIDTH="735.0"
                    HEIGHT="39.0"
                    WC="0.9936446305634319"></String>
          </TextLine>
          <TextLine ID="line_4"
                    TAGREFS="LT8"
                    BASELINE="191 162 923 158" 
                    HPOS="190.0"
                    VPOS="134.0"
                    WIDTH="733.0"
                    HEIGHT="38.0">
            <Shape><Polygon POINTS="191 162 191 172 892 172 892 171 922 166 923 158 921 140 863 134 837 134 836 134 835 134 834 134 827 139 795 135 794 135 793 135 775 140 760 135 759 135 758 135 695 140 682 135 682 135 635 135 634 135 634 135 633 135 622 141 609 136 608 136 607 136 579 140 538 136 537 136 537 136 521 141 483 136 482 136 481 136 463 142 422 137 422 137 421 137 402 142 381 136 380 136 379 136 335 143 325 139 324 139 323 139 291 143 284 138 283 138 282 138 281 138 281 138 280 138 275 141 230 137 229 137 229 137 228 137 219 144 190 144 191 162"/></Shape>
            <String CONTENT="terùm id, quia nihil ad præſentem locum facit, prætereo. Nam Apo¬"
                    HPOS="190.0"
                    VPOS="134.0"
                    WIDTH="733.0"
                    HEIGHT="38.0"
                    WC="0.9983961049354437"></String>
          </TextLine>
          <TextLine ID="line_5"
                    TAGREFS="LT8"
                    BASELINE="191 192 925 188" 
                    HPOS="190.0"
                    VPOS="164.0"
                    WIDTH="735.0"
                    HEIGHT="42.0">
            <Shape><Polygon POINTS="191 192 191 199 202 205 203 205 204 205 229 200 242 204 242 204 243 204 244 204 253 200 263 205 264 205 264 206 360 206 360 205 479 201 501 204 502 204 558 198 867 202 868 202 869 202 881 197 894 202 895 202 896 202 925 196 925 188 924 170 909 164 908 164 907 164 907 164 890 170 839 170 819 164 818 164 817 164 816 164 800 169 748 164 748 164 747 164 735 170 674 165 673 165 672 165 652 170 629 165 629 165 628 165 613 171 537 171 532 171 509 166 508 166 507 166 491 171 390 171 378 166 378 166 377 166 306 171 305 171 304 171 229 167 228 167 227 167 218 171 202 166 202 166 201 166 200 166 190 171 191 192"/></Shape>
            <String CONTENT="ſtolus ſimpliciter intelligit, nullum mundi ordinem à ſalute excludi:"
                    HPOS="190.0"
                    VPOS="164.0"
                    WIDTH="735.0"
                    HEIGHT="42.0"
                    WC="0.9897138697760446"></String>
          </TextLine>
          <TextLine ID="line_6"
                    TAGREFS="LT8"
                    BASELINE="191 222 924 219" 
                    HPOS="190.0"
                    VPOS="197.0"
                    WIDTH="734.0"
                    HEIGHT="39.0">
            <Shape><Polygon POINTS="191 222 191 236 300 230 339 235 339 235 340 235 359 229 370 235 371 235 372 235 418 230 462 234 462 234 463 234 478 228 519 232 519 232 555 228 567 234 568 234 568 234 597 228 653 228 665 234 665 234 666 234 667 234 680 228 702 232 703 232 730 228 792 228 801 232 802 232 803 232 862 228 922 233 924 219 923 201 913 197 912 197 911 197 884 201 752 197 751 197 750 197 749 197 743 201 678 201 515 197 514 197 493 201 463 197 462 197 433 202 220 198 220 198 190 203 191 222"/></Shape>
            <String CONTENT="quia omnibus ſine exceptione Euangelium proponi Deus velit. Eſt"
                    HPOS="190.0"
                    VPOS="197.0"
                    WIDTH="734.0"
                    HEIGHT="39.0"
                    WC="0.9941160858623566"></String>
          </TextLine>
          <TextLine ID="line_7"
                    TAGREFS="LT8"
                    BASELINE="189 253 654 248 921 250" 
                    HPOS="188.0"
                    VPOS="223.0"
                    WIDTH="733.0"
                    HEIGHT="41.0">
            <Shape><Polygon POINTS="189 253 189 259 315 264 316 264 346 259 349 259 352 259 372 263 373 263 427 259 443 258 449 259 462 263 463 263 502 259 516 258 527 259 557 263 558 263 559 263 569 259 575 258 591 259 616 262 617 262 636 259 648 258 920 258 921 250 920 230 866 230 847 223 846 223 845 223 845 223 833 228 797 224 797 224 796 224 776 230 775 231 735 231 734 230 721 224 720 224 719 224 663 229 651 225 651 225 650 225 649 225 638 230 623 225 622 225 621 225 581 230 570 232 564 230 549 226 548 226 547 226 524 230 512 226 511 226 511 226 510 226 501 231 498 232 493 231 475 226 475 226 474 226 473 226 458 231 454 232 449 231 431 227 431 227 405 231 392 232 385 231 370 227 370 227 369 227 334 231 313 233 188 232 189 253"/></Shape>
            <String CONTENT="autem Euangelii prædicatio viuifica. Meritò itaque colligit, Deum"
                    HPOS="188.0"
                    VPOS="223.0"
                    WIDTH="733.0"
                    HEIGHT="41.0"
                    WC="0.9950263229283419"></String>
          </TextLine>
          <TextLine ID="line_8"
                    TAGREFS="LT8"
                    BASELINE="187 282 728 277 918 279" 
                    HPOS="186.0"
                    VPOS="254.0"
                    WIDTH="732.0"
                    HEIGHT="40.0">
            <Shape><Polygon POINTS="187 282 187 294 917 288 918 279 916 258 767 258 741 254 740 254 740 254 731 258 723 254 722 254 722 254 721 254 720 254 707 258 701 254 700 254 700 254 645 254 644 254 608 259 592 254 591 254 537 254 537 254 536 254 512 261 511 261 510 261 493 255 492 255 459 255 458 255 458 255 446 261 396 256 396 256 395 256 382 262 381 262 370 256 369 256 349 256 348 256 348 256 347 256 339 262 303 257 303 257 276 263 273 263 230 263 229 263 207 257 206 257 205 257 204 257 186 262 187 282"/></Shape>
            <String CONTENT="omnes pariter ſalutis participatione dignari. At de hominum gene¬"
                    HPOS="186.0"
                    VPOS="254.0"
                    WIDTH="732.0"
                    HEIGHT="40.0"
                    WC="0.9905719867119422"></String>
          </TextLine>
          <TextLine ID="line_9"
                    TAGREFS="LT8"
                    BASELINE="186 312 918 307" 
                    HPOS="185.0"
                    VPOS="284.0"
                    WIDTH="733.0"
                    HEIGHT="40.0">
            <Shape><Polygon POINTS="186 312 186 320 361 324 361 324 362 324 372 320 381 318 385 320 389 324 390 324 391 324 392 324 531 323 532 323 541 320 558 316 736 316 756 320 762 321 762 321 773 320 815 315 916 320 918 307 916 289 886 284 885 284 885 284 884 284 876 289 875 289 816 289 816 289 804 284 803 284 802 284 801 284 791 289 790 289 788 289 775 285 774 285 773 285 722 289 720 289 718 289 672 284 671 284 621 290 617 290 616 290 569 285 568 285 568 285 546 291 544 291 541 291 510 285 509 285 483 289 435 285 434 285 433 285 415 292 414 292 405 292 308 286 307 286 275 293 273 293 268 293 202 287 202 287 201 287 185 292 186 312"/></Shape>
            <String CONTENT="ribus, non ſingulis perſonis ſermo eſt. Nihil enim aliud intendit."
                    HPOS="185.0"
                    VPOS="284.0"
                    WIDTH="733.0"
                    HEIGHT="40.0"
                    WC="0.9902794171463359"></String>
          </TextLine>
          <TextLine ID="line_10"
                    TAGREFS="LT8"
                    BASELINE="187 341 919 336" 
                    HPOS="186.0"
                    VPOS="313.0"
                    WIDTH="733.0"
                    HEIGHT="41.0">
            <Shape><Polygon POINTS="187 341 187 350 266 354 267 354 295 350 310 348 317 350 327 353 328 353 329 353 330 353 336 350 341 347 590 346 643 350 674 351 674 351 718 350 821 345 832 350 832 350 833 350 834 350 918 349 919 336 917 318 797 313 796 313 770 319 769 319 763 319 686 314 685 314 684 314 674 320 673 320 666 320 583 315 582 315 552 320 551 320 550 320 524 316 524 316 523 316 513 320 492 317 491 317 325 321 318 316 317 316 317 316 316 316 315 316 314 316 307 321 278 317 277 317 242 322 210 317 209 317 208 317 186 323 187 341"/></Shape>
            <String CONTENT="quàm principes in hoc numero includere. Quòd autem his quoque"
                    HPOS="186.0"
                    VPOS="313.0"
                    WIDTH="733.0"
                    HEIGHT="41.0"
                    WC="0.9954313626365056"></String>
          </TextLine>
          <TextLine ID="line_11"
                    TAGREFS="LT8"
                    BASELINE="188 370 923 366" 
                    HPOS="187.0"
                    VPOS="343.0"
                    WIDTH="736.0"
                    HEIGHT="35.0">
            <Shape><Polygon POINTS="188 370 188 378 922 377 923 366 921 349 775 343 775 343 774 343 755 348 742 344 741 344 740 344 740 344 730 349 629 344 628 344 570 345 569 345 557 351 383 351 374 346 374 346 373 346 339 346 338 346 337 346 336 346 328 351 285 346 284 346 283 346 263 351 249 346 248 346 247 346 246 346 246 346 237 352 187 352 188 370"/></Shape>
            <String CONTENT="Euangelii doctrinam communem eſſe velit Deus, conſtat ex teſtimoᛘ"
                    HPOS="187.0"
                    VPOS="343.0"
                    WIDTH="736.0"
                    HEIGHT="35.0"
                    ></String>
          </TextLine>
          <TextLine ID="line_12"
                    TAGREFS="LT8"
                    BASELINE="189 400 925 396" 
                    HPOS="188.0"
                    VPOS="374.0"
                    WIDTH="737.0"
                    HEIGHT="39.0">
            <Shape><Polygon POINTS="189 400 189 413 233 408 245 412 246 412 246 412 388 408 472 412 473 412 506 407 515 411 516 411 517 411 542 407 592 411 593 411 631 406 679 410 680 410 681 410 689 406 812 409 813 409 907 405 923 409 925 396 924 376 356 374 356 374 329 379 329 380 324 380 247 380 208 375 207 375 207 375 188 380 189 400"/></Shape>
            <String CONTENT="niis iam citatis, &amp; ſimilibus. Neque enim de nihilo dictum eſt: Nunc"
                    HPOS="188.0"
                    VPOS="374.0"
                    WIDTH="737.0"
                    HEIGHT="39.0"
                    WC="0.9929796097909703"></String>
          </TextLine>
          <TextLine ID="line_13"
                    TAGREFS="LT8"
                    BASELINE="192 429 924 425" 
                    HPOS="191.0"
                    VPOS="402.0"
                    WIDTH="733.0"
                    HEIGHT="39.0">
            <Shape><Polygon POINTS="192 429 192 441 281 437 325 440 337 441 338 441 344 440 370 436 437 439 457 440 458 440 470 439 510 435 922 435 924 425 923 408 905 402 904 402 903 402 846 407 839 402 838 402 837 402 815 402 814 402 779 408 776 408 773 408 742 403 741 403 740 403 722 408 721 408 720 408 709 403 708 403 707 403 706 403 693 408 692 408 691 408 666 403 665 403 665 403 656 407 643 403 642 403 641 403 640 403 630 408 629 408 625 408 610 403 609 403 608 403 572 408 563 408 559 408 545 403 544 403 543 403 501 408 483 410 439 410 436 408 431 404 431 404 430 404 429 404 428 404 421 408 418 409 412 408 399 404 398 404 397 404 377 408 369 409 365 408 355 404 354 404 353 404 312 408 295 409 287 408 273 405 273 405 191 408 192 429"/></Shape>
            <String CONTENT="Reges intelligite. In ſumma, indicare Paulus voluit, non eſſe conſi¬"
                    HPOS="191.0"
                    VPOS="402.0"
                    WIDTH="733.0"
                    HEIGHT="39.0"
                    WC="0.9887184176374885"></String>
          </TextLine>
          <TextLine ID="line_14"
                    TAGREFS="LT8"
                    BASELINE="192 459 534 456 925 457" 
                    HPOS="191.0"
                    VPOS="431.0"
                    WIDTH="734.0"
                    HEIGHT="37.0">
            <Shape><Polygon POINTS="192 459 192 468 924 468 925 457 924 438 887 431 886 431 885 431 864 437 840 431 762 431 762 431 761 431 744 437 743 437 686 431 685 431 632 433 631 433 630 433 624 437 621 438 589 438 587 437 580 432 579 432 578 432 577 432 577 432 559 437 556 438 554 437 543 432 542 432 541 432 541 432 540 432 533 437 531 438 502 438 500 437 488 432 488 432 487 432 460 437 453 438 443 437 398 432 359 432 358 432 357 432 356 432 349 437 347 438 280 438 277 437 268 433 268 433 267 433 266 433 252 437 247 438 224 438 222 437 216 433 215 433 215 433 214 433 191 436 192 459"/></Shape>
            <String CONTENT="derandum, quales tunc eſſent principes: ſed quales eſſe Deus vellet."
                    HPOS="191.0"
                    VPOS="431.0"
                    WIDTH="734.0"
                    HEIGHT="37.0"
                    WC="0.998194455223925"></String>
          </TextLine>
          <TextLine ID="line_15"
                    TAGREFS="LT8"
                    BASELINE="188 488 926 485" 
                    HPOS="187.0"
                    VPOS="460.0"
                    WIDTH="739.0"
                    HEIGHT="42.0">
            <Shape><Polygon POINTS="188 488 188 499 370 502 371 502 372 502 381 498 383 496 397 497 427 500 428 500 447 497 453 496 466 497 528 501 529 501 552 496 557 495 566 496 609 500 610 500 684 495 686 495 687 495 715 500 716 500 717 500 718 500 726 495 762 495 788 495 788 495 811 500 812 500 813 500 826 495 834 500 835 500 836 500 837 500 906 500 906 500 907 500 926 493 926 485 925 465 851 460 850 460 850 460 849 460 842 465 779 465 763 460 762 460 762 460 722 465 712 461 711 461 710 461 709 461 700 466 634 466 607 461 607 461 573 465 559 461 558 461 557 461 556 461 555 461 546 467 507 467 501 462 500 462 499 462 451 462 450 462 449 462 449 462 442 466 426 462 425 462 424 462 299 466 224 463 224 463 187 468 188 488"/></Shape>
            <String CONTENT="Eſt autem officium charitatis, quoſcunque vocatione ſua complecti¬"
                    HPOS="187.0"
                    VPOS="460.0"
                    WIDTH="739.0"
                    HEIGHT="42.0"
                    WC="0.9957311993295496"></String>
          </TextLine>
          <TextLine ID="line_16"
                    TAGREFS="LT8"
                    BASELINE="198 517 924 513" 
                    HPOS="197.0"
                    VPOS="491.0"
                    WIDTH="727.0"
                    HEIGHT="39.0">
            <Shape><Polygon POINTS="198 517 198 530 213 525 304 529 305 529 336 525 370 528 370 528 371 528 380 524 466 524 471 528 472 528 473 528 474 528 520 524 545 528 546 528 568 523 728 527 729 527 730 527 731 527 745 522 784 526 785 527 882 527 882 526 883 526 893 522 922 526 924 513 921 494 812 495 799 495 762 491 761 491 760 491 759 491 753 495 752 496 716 496 713 495 703 491 702 491 666 491 665 491 608 496 599 496 599 496 591 491 590 491 590 491 563 491 562 491 529 496 524 498 453 498 452 497 441 492 440 492 380 492 379 492 378 492 369 497 281 498 255 493 254 493 197 499 198 517"/></Shape>
            <String CONTENT="tur Deus, eorum ſalutis curam ſtudiúmque ſuſcipere: ídque piis vo¬"
                    HPOS="197.0"
                    VPOS="491.0"
                    WIDTH="727.0"
                    HEIGHT="39.0"
                    WC="0.974574880564914"></String>
          </TextLine>
          <TextLine ID="line_17"
                    TAGREFS="LT8"
                    BASELINE="198 547 924 544" 
                    HPOS="198.0"
                    VPOS="522.0"
                    WIDTH="726.0"
                    HEIGHT="37.0">
            <Shape><Polygon POINTS="198 547 198 556 333 555 342 556 376 559 377 559 393 555 400 554 411 555 438 558 439 558 500 555 517 554 525 555 559 558 559 558 560 558 561 558 565 554 567 553 572 554 585 557 586 557 587 557 596 554 600 553 712 553 718 554 741 557 742 557 743 557 744 557 749 553 752 553 762 553 787 557 788 557 923 553 924 544 921 525 866 526 861 525 852 522 851 522 850 522 802 526 784 526 781 526 772 522 771 522 770 522 770 522 759 526 758 526 756 526 729 522 728 522 727 522 718 526 713 528 629 528 625 526 612 522 611 522 561 522 560 522 559 522 537 527 533 528 528 527 511 522 511 522 449 522 449 522 423 528 422 528 419 528 394 522 393 522 392 522 378 528 376 529 370 528 339 523 338 523 337 523 336 523 329 529 327 530 284 530 282 529 255 523 255 523 254 523 236 529 217 523 216 523 215 523 215 523 198 529 198 547"/></Shape>
            <String CONTENT="tis teſtari. Atque huc pertinet, quòd Deum vocat noſtrum ſaluato¬"
                    HPOS="198.0"
                    VPOS="522.0"
                    WIDTH="726.0"
                    HEIGHT="37.0"
                    WC="0.9875986756700458"></String>
          </TextLine>
          <TextLine ID="line_18"
                    TAGREFS="LT8"
                    BASELINE="198 576 926 574" 
                    HPOS="197.0"
                    VPOS="550.0"
                    WIDTH="729.0"
                    HEIGHT="38.0">
            <Shape><Polygon POINTS="198 576 198 586 801 583 814 587 814 587 815 588 925 588 926 574 925 555 656 550 656 550 636 554 623 550 622 550 621 550 621 550 605 554 575 550 574 550 550 555 538 551 537 551 537 551 509 555 411 551 410 551 359 555 352 551 352 551 351 551 264 551 264 551 263 551 254 556 197 556 198 576"/></Shape>
            <String CONTENT="rem. Vnde enim nobis ſalus, niſi ex gratuita Dei beneficentia? Atqui"
                    HPOS="197.0"
                    VPOS="550.0"
                    WIDTH="729.0"
                    HEIGHT="38.0"
                    WC="0.9816139489412308"></String>
          </TextLine>
          <TextLine ID="line_19"
                    TAGREFS="LT8"
                    BASELINE="197 608 928 602" 
                    HPOS="196.0"
                    VPOS="579.0"
                    WIDTH="732.0"
                    HEIGHT="39.0">
            <Shape><Polygon POINTS="197 608 197 617 342 618 343 618 343 618 344 618 348 615 352 613 405 613 448 614 488 616 488 616 505 614 519 612 543 614 595 617 596 617 618 613 622 612 625 613 640 616 641 616 642 616 643 616 651 612 654 611 666 612 704 615 704 615 705 615 720 611 725 610 745 611 822 615 823 615 927 609 928 602 925 583 751 584 744 583 718 579 717 579 716 579 706 583 703 586 581 586 577 584 571 580 570 580 569 580 568 580 568 580 558 585 556 585 550 585 509 580 508 580 420 586 385 588 380 586 370 582 369 582 368 582 196 587 197 608"/></Shape>
            <String CONTENT="Deus idem qui iam nos ſalutis fecit compotes, ad eos quoque grati¬"
                    HPOS="196.0"
                    VPOS="579.0"
                    WIDTH="732.0"
                    HEIGHT="39.0"
                    WC="0.9928050411470009"></String>
          </TextLine>
          <TextLine ID="eSc_line_4783e43e"
                    TAGREFS="LT8"
                    BASELINE="194 636 929 632" 
                    HPOS="191"
                    VPOS="605"
                    WIDTH="736"
                    HEIGHT="44">
            <Shape><Polygon POINTS="193 635 193 643 435 649 436 649 437 649 459 643 927 643 927 631 925 613 794 605 793 605 792 605 767 612 608 607 607 607 606 607 605 607 599 612 592 607 591 607 590 607 589 607 536 613 501 607 500 607 498 607 484 613 347 608 345 608 344 608 343 608 336 614 284 608 283 608 282 608 260 614 246 608 245 608 244 608 191 615 193 635"/></Shape>
            <String CONTENT="am ſuam extendere aliquando poterit. Qui iam nos ad ſe traxit, po¬"
                    HPOS="191"
                    VPOS="605"
                    WIDTH="736"
                    HEIGHT="44"
                    WC="0.9951565076004375"></String>
          </TextLine>
          <TextLine ID="line_21"
                    TAGREFS="LT8"
                    BASELINE="195 666 927 662" 
                    HPOS="194.0"
                    VPOS="637.0"
                    WIDTH="733.0"
                    HEIGHT="38.0">
            <Shape><Polygon POINTS="195 666 195 675 927 675 927 662 925 642 876 643 873 642 864 637 863 637 831 637 830 637 829 637 821 641 806 637 805 637 804 637 803 637 790 643 789 644 753 644 746 643 711 638 710 638 585 645 574 645 573 645 563 639 562 639 539 639 538 639 537 639 523 645 523 645 511 645 494 645 343 640 342 640 341 640 322 646 322 647 303 647 281 647 234 640 233 640 194 647 195 666"/></Shape>
            <String CONTENT="terit illos nobiſcum adducere. Fadurumi autem pro confeſſo ſumit:"
                    HPOS="194.0"
                    VPOS="637.0"
                    WIDTH="733.0"
                    HEIGHT="38.0"
                    WC="0.9888276283557599"></String>
          </TextLine>
          <TextLine ID="line_22"
                    TAGREFS="LT8"
                    BASELINE="197 694 926 692" 
                    HPOS="196.0"
                    VPOS="668.0"
                    WIDTH="730.0"
                    HEIGHT="43.0">
            <Shape><Polygon POINTS="197 694 197 711 240 705 253 710 254 710 255 710 255 710 256 710 264 705 299 710 301 710 302 710 303 710 326 705 335 709 336 709 337 709 378 705 409 709 414 709 415 709 419 708 440 704 451 708 452 708 453 708 453 708 458 708 498 704 511 707 515 709 516 709 517 710 582 710 582 709 602 706 621 704 646 706 682 709 682 709 699 706 709 703 723 705 744 708 745 708 925 702 926 692 925 673 808 668 807 668 776 672 766 668 766 668 765 668 743 672 735 668 734 668 733 668 732 668 716 672 700 668 699 668 698 668 697 668 682 673 681 673 669 673 440 669 439 669 438 669 420 674 418 674 406 674 284 670 283 670 196 674 197 694"/></Shape>
            <String CONTENT="quia Prophetarum vaticiniis ita prædictum erat, de vniuerſis tam or¬"
                    HPOS="196.0"
                    VPOS="668.0"
                    WIDTH="730.0"
                    HEIGHT="43.0"
                    WC="0.986068341661902"></String>
          </TextLine>
          <TextLine ID="line_23"
                    TAGREFS="LT8"
                    BASELINE="198 725 486 723" 
                    HPOS="197.0"
                    VPOS="699.0"
                    WIDTH="289.0"
                    HEIGHT="42.0">
            <Shape><Polygon POINTS="198 725 198 737 233 734 242 737 255 741 256 741 257 741 363 740 364 740 365 740 372 734 373 733 389 733 390 733 399 739 400 739 400 739 401 739 431 733 431 733 440 739 441 739 442 739 443 739 444 739 444 739 455 732 486 731 486 723 484 706 444 699 444 699 387 706 325 700 325 700 294 706 218 701 217 701 216 701 197 707 198 725"/></Shape>
            <String CONTENT="dinibus, quàm nationibus."
                    HPOS="197.0"
                    VPOS="699.0"
                    WIDTH="289.0"
                    HEIGHT="42.0"
                    WC="0.9917471981965579"></String>
          </TextLine>
        </TextBlock>
        <TextBlock HPOS="203"
                   VPOS="773"
                   WIDTH="732"
                   HEIGHT="226"
                   ID="block_5"
                   TAGREFS="BT3135">
          <Shape><Polygon POINTS="935 773 935 999 203 999 203 773"/></Shape>
          <TextLine ID="line_24"
                    TAGREFS="LT8"
                    BASELINE="287 800 926 798" 
                    HPOS="286.0"
                    VPOS="768.0"
                    WIDTH="640.0"
                    HEIGHT="45.0">
            <Shape><Polygon POINTS="287 800 287 813 365 809 522 812 594 812 594 812 595 812 600 811 607 808 925 808 926 798 925 776 881 768 817 768 816 768 815 768 814 768 805 774 804 775 797 774 771 770 770 770 770 770 759 773 755 776 717 776 713 773 706 768 705 768 704 768 665 768 665 768 664 768 663 768 656 772 653 776 622 776 616 772 607 768 607 768 606 768 605 768 594 772 585 776 488 776 480 771 480 770 479 770 478 770 440 768 439 768 438 768 433 770 419 776 402 770 396 768 396 768 395 768 394 768 393 768 392 770 382 776 356 772 356 772 334 776 327 771 326 771 325 771 286 769 287 800"/></Shape>
            <String CONTENT="Vnus enim Deus, vnus &amp; mediator Dei &amp; ho¬"
                    HPOS="286.0"
                    VPOS="768.0"
                    WIDTH="640.0"
                    HEIGHT="45.0"
                    WC="0.9859319183884597"></String>
          </TextLine>
          <TextLine ID="line_25"
                    TAGREFS="LT8"
                    BASELINE="210 840 922 842" 
                    HPOS="207"
                    VPOS="805"
                    WIDTH="714"
                    HEIGHT="47">
            <Shape><Polygon POINTS="209 839 207 846 562 846 572 852 920 846 921 841 920 814 888 807 841 813 786 806 782 806 776 812 767 806 695 806 619 813 596 806 591 806 584 812 577 806 534 812 519 805 487 812 460 805 416 813 348 813 339 805 312 812 242 805 209 811 209 839"/></Shape>
            <String CONTENT="minum, homo Chriſtus Ieſus, qui dedit ſemetip¬"
                    HPOS="207"
                    VPOS="805"
                    WIDTH="714"
                    HEIGHT="47"
                    WC="0.9992254402326501"></String>
          </TextLine>
          <TextLine ID="line_26"
                    TAGREFS="LT8"
                    BASELINE="205 873 930 875" 
                    HPOS="205.0"
                    VPOS="847.0"
                    WIDTH="725.0"
                    HEIGHT="40.0">
            <Shape><Polygon POINTS="205 873 205 885 376 882 394 886 398 886 399 886 409 886 450 882 542 886 553 886 554 886 555 886 555 886 568 882 682 886 701 887 702 887 716 887 793 883 819 887 821 887 822 887 823 887 833 883 893 883 929 887 930 875 929 848 205 847 205 873"/></Shape>
            <String CONTENT="ſum precium redemptionis pro omnibus, vt eſſet"
                    HPOS="205.0"
                    VPOS="847.0"
                    WIDTH="725.0"
                    HEIGHT="40.0"
                    WC="0.994288638882015"></String>
          </TextLine>
          <TextLine ID="line_27"
                    TAGREFS="LT8"
                    BASELINE="202 911 926 911" 
                    HPOS="202.0"
                    VPOS="882.0"
                    WIDTH="724.0"
                    HEIGHT="41.0">
            <Shape><Polygon POINTS="202 911 202 923 926 922 926 911 926 890 894 890 894 889 883 882 882 882 881 882 881 882 880 882 856 888 801 882 800 882 775 888 769 889 766 888 757 882 756 882 736 882 735 882 735 882 721 887 715 889 691 887 665 885 665 885 640 886 605 889 592 886 578 882 577 882 577 882 576 882 569 886 563 890 535 890 528 886 524 882 524 882 523 882 522 882 521 882 513 885 504 888 484 885 467 882 466 882 455 885 434 889 405 884 394 882 393 882 392 882 389 884 378 890 268 890 258 882 257 882 256 882 202 882 202 911"/></Shape>
            <String CONTENT="teſtimonium temporibus ſuis, in quod poſitus ſum"
                    HPOS="202.0"
                    VPOS="882.0"
                    WIDTH="724.0"
                    HEIGHT="41.0"
                    WC="0.994050366183122"></String>
          </TextLine>
          <TextLine ID="line_28"
                    TAGREFS="LT8"
                    BASELINE="202 948 923 949" 
                    HPOS="201.0"
                    VPOS="917.0"
                    WIDTH="722.0"
                    HEIGHT="44.0">
            <Shape><Polygon POINTS="202 948 201 959 288 960 289 960 290 960 290 960 306 955 371 960 376 960 377 960 381 960 431 955 474 960 475 960 476 960 477 960 493 954 517 958 518 958 541 954 614 960 615 960 657 956 741 959 742 959 743 959 760 955 835 955 845 959 845 959 846 959 880 955 921 961 923 949 922 926 902 926 901 925 891 918 890 918 889 918 889 918 843 924 834 918 833 918 832 918 780 918 779 918 779 918 768 924 766 925 758 924 709 918 689 918 688 918 687 918 687 918 678 923 676 925 673 923 660 919 659 919 658 919 618 923 600 925 590 923 562 917 561 917 515 918 515 918 507 922 503 925 453 925 449 922 443 917 442 917 441 917 409 917 408 917 407 917 399 921 394 924 380 921 365 919 365 919 337 921 303 924 290 921 284 920 283 920 276 921 257 924 202 921 202 948"/></Shape>
            <String CONTENT="præco &amp; Apoſtolus. Veritatem dico in Chriſto,"
                    HPOS="201.0"
                    VPOS="917.0"
                    WIDTH="722.0"
                    HEIGHT="44.0"
                    WC="0.9996876968277826"></String>
          </TextLine>
          <TextLine ID="line_29"
                    TAGREFS="LT8"
                    BASELINE="203 986 886 984" 
                    HPOS="202.0"
                    VPOS="955.0"
                    WIDTH="684.0"
                    HEIGHT="46.0">
            <Shape><Polygon POINTS="203 986 203 996 275 996 277 996 283 1000 284 1000 285 1000 286 1000 286 1000 287 1000 292 996 295 996 358 996 370 997 396 1001 397 1001 398 1001 406 997 411 996 438 996 441 998 446 1001 447 1001 448 1001 449 1001 472 998 479 997 482 998 493 1001 494 1001 495 1001 511 998 526 995 621 995 630 999 633 1000 634 1000 634 1001 799 1001 799 1000 800 1000 801 1000 814 996 885 1000 886 984 885 962 770 962 770 961 760 955 759 955 758 955 757 955 716 959 709 955 709 955 708 955 660 955 659 955 658 955 638 961 637 961 603 961 598 961 586 955 585 955 585 955 550 961 543 962 534 961 514 957 513 957 476 961 468 961 466 961 453 956 453 956 452 956 451 956 433 961 430 961 427 961 410 956 409 956 409 956 408 956 392 961 386 962 374 961 345 956 344 956 322 961 321 961 320 961 311 956 310 956 309 956 283 961 272 962 202 961 203 986"/></Shape>
            <String CONTENT="non mentior, Doctor Gentium in fide &amp; veritate."
                    HPOS="202.0"
                    VPOS="955.0"
                    WIDTH="684.0"
                    HEIGHT="46.0"
                    WC="0.9906677514948743"></String>
          </TextLine>
        </TextBlock>
        <TextBlock HPOS="205"
                   VPOS="1021"
                   WIDTH="733"
                   HEIGHT="307"
                   ID="block_6"
                   TAGREFS="BT3132">
          <Shape><Polygon POINTS="938 1021 938 1328 205 1328 205 1021"/></Shape>
          <TextLine ID="line_30"
                    TAGREFS="LT8"
                    BASELINE="285 1046 929 1044" 
                    HPOS="284.0"
                    VPOS="1018.0"
                    WIDTH="645.0"
                    HEIGHT="40.0">
            <Shape><Polygon POINTS="285 1046 285 1056 479 1053 484 1057 486 1058 487 1058 488 1058 488 1058 489 1058 495 1057 506 1054 516 1057 522 1058 523 1058 524 1058 537 1057 564 1053 587 1057 597 1058 598 1058 599 1058 599 1058 601 1057 606 1054 669 1057 682 1057 682 1057 683 1057 684 1057 691 1053 713 1053 731 1057 731 1057 732 1057 733 1057 735 1057 756 1053 766 1057 766 1057 767 1057 770 1057 794 1053 810 1057 810 1057 811 1058 928 1058 929 1044 928 1025 903 1018 903 1018 902 1018 859 1024 856 1025 779 1025 778 1023 766 1018 766 1018 765 1018 764 1018 754 1023 753 1025 735 1025 733 1023 727 1018 726 1018 726 1018 710 1018 709 1018 709 1018 708 1018 702 1023 700 1024 693 1023 673 1020 672 1020 671 1020 660 1023 656 1024 654 1022 647 1018 647 1018 646 1018 607 1018 606 1018 605 1018 590 1022 581 1026 548 1026 542 1022 537 1019 536 1019 535 1019 534 1019 528 1022 523 1024 511 1022 496 1019 495 1019 482 1022 466 1025 284 1021 285 1046"/></Shape>
            <String CONTENT="Vnus Deus.) Parum valida in ſpeciem foret hæc ratio:"
                    HPOS="284.0"
                    VPOS="1018.0"
                    WIDTH="645.0"
                    HEIGHT="40.0"
                    WC="0.9891049712896347"></String>
          </TextLine>
          <TextLine ID="line_31"
                    TAGREFS="LT8"
                    BASELINE="205 1077 932 1075" 
                    HPOS="204.0"
                    VPOS="1049.0"
                    WIDTH="728.0"
                    HEIGHT="41.0">
            <Shape><Polygon POINTS="205 1077 205 1090 242 1084 273 1088 273 1088 296 1084 374 1084 381 1088 382 1088 383 1088 383 1088 448 1083 512 1087 513 1087 550 1083 566 1088 569 1088 570 1088 571 1088 586 1088 626 1084 643 1087 654 1088 655 1088 656 1088 661 1087 675 1083 691 1087 695 1088 696 1088 696 1088 697 1088 701 1087 713 1084 756 1086 783 1088 784 1088 799 1086 816 1084 825 1086 833 1088 834 1088 835 1088 931 1084 932 1075 929 1053 836 1055 832 1053 827 1049 826 1049 825 1049 795 1049 794 1049 793 1049 792 1049 786 1054 784 1055 777 1054 753 1049 753 1049 730 1054 725 1055 723 1054 713 1049 713 1049 712 1049 711 1049 702 1054 700 1056 643 1056 636 1055 611 1050 610 1050 584 1055 579 1056 574 1055 549 1050 548 1050 547 1050 533 1055 531 1057 490 1057 489 1056 481 1050 480 1050 480 1050 457 1050 456 1050 455 1050 444 1056 440 1056 362 1051 361 1051 334 1057 332 1057 330 1057 311 1051 310 1051 309 1051 235 1055 219 1051 218 1051 217 1051 216 1051 204 1056 205 1077"/></Shape>
            <String CONTENT="Deum ideo velle omnes ſaluos eſſe, quia vnus eſt. Chryſoſtomus, &amp;"
                    HPOS="204.0"
                    VPOS="1049.0"
                    WIDTH="728.0"
                    HEIGHT="41.0"
                    WC="0.9841498934305631"></String>
          </TextLine>
          <TextLine ID="line_32"
                    TAGREFS="LT8"
                    BASELINE="204 1106 625 1103 931 1106" 
                    HPOS="203.0"
                    VPOS="1079.0"
                    WIDTH="728.0"
                    HEIGHT="40.0">
            <Shape><Polygon POINTS="204 1106 205 1119 223 1114 242 1118 243 1118 265 1114 317 1118 318 1118 319 1118 330 1114 408 1114 415 1118 416 1118 417 1118 418 1118 418 1118 437 1114 514 1118 525 1118 526 1118 601 1117 602 1117 603 1117 609 1113 677 1117 685 1117 686 1117 689 1117 713 1113 744 1116 750 1117 751 1117 930 1115 931 1106 930 1085 700 1079 700 1079 699 1079 678 1085 621 1080 621 1080 579 1085 568 1080 568 1080 567 1080 566 1080 550 1086 541 1080 541 1080 540 1080 539 1080 504 1084 468 1080 467 1080 466 1080 458 1084 427 1080 427 1080 398 1086 388 1081 387 1081 336 1080 335 1080 334 1080 317 1087 262 1087 253 1080 252 1080 251 1080 231 1080 230 1080 229 1080 203 1087 204 1106"/></Shape>
            <String CONTENT="poſt eum alii ſic accipiũt: non eſſe plures Deos, ſicuti idololatræ com"
                    HPOS="203.0"
                    VPOS="1079.0"
                    WIDTH="728.0"
                    HEIGHT="40.0"
                    WC="0.9898479208350182"></String>
          </TextLine>
          <TextLine ID="line_33"
                    TAGREFS="LT8"
                    BASELINE="202 1136 930 1132" 
                    HPOS="202.0"
                    VPOS="1108.0"
                    WIDTH="728.0"
                    HEIGHT="41.0">
            <Shape><Polygon POINTS="202 1136 202 1145 257 1149 258 1149 299 1145 305 1145 308 1145 323 1149 324 1149 325 1149 370 1145 386 1144 425 1145 484 1147 484 1147 485 1147 491 1145 496 1143 501 1145 506 1147 506 1147 507 1147 508 1147 515 1145 523 1143 527 1145 531 1148 532 1148 533 1148 533 1148 597 1145 628 1144 634 1145 642 1147 643 1147 643 1147 644 1147 652 1145 664 1142 680 1145 692 1147 693 1147 815 1146 816 1146 819 1145 827 1141 929 1145 930 1132 929 1111 806 1108 806 1108 749 1112 734 1113 728 1112 705 1108 704 1108 704 1108 703 1108 697 1112 696 1113 682 1113 610 1109 609 1109 608 1109 593 1113 590 1114 524 1114 521 1114 493 1109 492 1109 466 1113 440 1110 440 1110 439 1110 426 1114 425 1114 424 1114 417 1110 416 1110 415 1110 375 1110 374 1110 344 1114 339 1115 327 1114 252 1110 251 1110 202 1115 202 1136"/></Shape>
            <String CONTENT="miniſcuntur. Sed aliud fuiſſe Pauli conſilium arbitror: vt hîc ſit taci¬"
                    HPOS="202.0"
                    VPOS="1108.0"
                    WIDTH="728.0"
                    HEIGHT="41.0"
                    WC="0.9933290285606907"></String>
          </TextLine>
          <TextLine ID="line_34"
                    TAGREFS="LT8"
                    BASELINE="202 1166 929 1162" 
                    HPOS="202.0"
                    VPOS="1140.0"
                    WIDTH="727.0"
                    HEIGHT="38.0">
            <Shape><Polygon POINTS="202 1166 202 1172 268 1172 269 1172 277 1178 277 1178 278 1178 279 1178 307 1172 310 1172 312 1172 329 1177 330 1177 330 1177 331 1177 344 1172 348 1171 353 1172 371 1177 372 1177 373 1177 396 1172 402 1171 409 1172 431 1177 431 1177 502 1172 536 1171 542 1172 549 1175 550 1175 550 1175 551 1175 559 1172 567 1171 572 1172 580 1176 581 1176 581 1176 638 1176 638 1176 644 1172 650 1170 656 1172 662 1175 663 1175 664 1175 678 1172 687 1171 698 1172 719 1176 720 1176 779 1175 780 1175 784 1172 790 1170 820 1172 835 1174 836 1174 837 1174 839 1172 844 1170 848 1172 850 1175 851 1175 852 1175 853 1175 928 1172 929 1162 927 1145 876 1140 876 1140 875 1140 866 1145 864 1145 748 1145 744 1145 719 1140 718 1140 691 1145 687 1145 682 1145 657 1140 656 1140 609 1145 593 1145 568 1145 506 1141 506 1141 449 1145 427 1145 406 1145 375 1142 374 1142 362 1145 346 1147 324 1145 308 1142 307 1142 296 1145 286 1146 281 1145 277 1142 276 1142 275 1142 202 1144 202 1166"/></Shape>
            <String CONTENT="ta comparatio vnius Dei cum toto mundo diuerſisque nationibus."
                    HPOS="202.0"
                    VPOS="1140.0"
                    WIDTH="727.0"
                    HEIGHT="38.0"
                    WC="0.9986278770431396"></String>
          </TextLine>
          <TextLine ID="line_35"
                    TAGREFS="LT8"
                    BASELINE="204 1193 930 1193" 
                    HPOS="204.0"
                    VPOS="1169.0"
                    WIDTH="726.0"
                    HEIGHT="38.0">
            <Shape><Polygon POINTS="204 1193 204 1205 683 1202 703 1203 781 1207 782 1207 877 1202 881 1202 881 1202 903 1207 903 1207 929 1202 930 1193 929 1176 901 1169 900 1169 875 1175 874 1175 873 1175 859 1169 859 1169 777 1169 776 1169 775 1169 764 1174 762 1175 752 1174 697 1169 696 1169 696 1169 687 1174 684 1176 592 1176 588 1173 580 1169 579 1169 578 1169 554 1172 539 1175 530 1172 518 1169 517 1169 516 1169 515 1169 515 1169 510 1172 506 1176 475 1176 469 1172 462 1169 462 1169 461 1169 460 1169 449 1172 436 1175 417 1171 404 1170 403 1170 402 1170 401 1170 399 1171 393 1175 383 1171 381 1171 380 1171 379 1171 374 1171 357 1175 352 1171 349 1169 348 1169 348 1169 347 1169 346 1169 341 1171 335 1174 330 1171 327 1169 326 1169 325 1169 293 1169 292 1169 291 1169 290 1169 288 1171 282 1175 204 1171 204 1193"/></Shape>
            <String CONTENT="Quemadmodum &amp; tertio capite ad Romanos: Nunquid Iudæorum"
                    HPOS="204.0"
                    VPOS="1169.0"
                    WIDTH="726.0"
                    HEIGHT="38.0"
                    WC="0.9920753900493894"></String>
          </TextLine>
          <TextLine ID="line_36"
                    TAGREFS="LT8"
                    BASELINE="202 1224 932 1222" 
                    HPOS="202.0"
                    VPOS="1198.0"
                    WIDTH="730.0"
                    HEIGHT="39.0">
            <Shape><Polygon POINTS="202 1224 202 1232 375 1236 376 1236 396 1233 405 1232 409 1233 418 1237 418 1237 419 1237 484 1233 506 1233 523 1233 561 1237 562 1237 563 1237 572 1234 581 1231 604 1234 620 1236 621 1236 633 1234 653 1231 694 1231 700 1234 702 1236 703 1236 704 1236 704 1237 844 1237 844 1236 850 1235 871 1231 882 1235 885 1236 885 1236 886 1236 887 1236 889 1235 903 1232 930 1235 932 1222 930 1204 872 1198 872 1198 692 1202 638 1203 631 1202 613 1198 612 1198 597 1202 590 1203 582 1202 567 1198 566 1198 537 1202 511 1204 485 1201 466 1199 466 1199 465 1199 457 1201 447 1203 434 1201 423 1199 422 1199 422 1199 417 1201 406 1204 369 1201 352 1199 351 1199 330 1200 276 1204 202 1200 202 1224"/></Shape>
            <String CONTENT="Deus tantùm? An non &amp; Gentium? Imo vnus Deus, qui iuſtificat"
                    HPOS="202.0"
                    VPOS="1198.0"
                    WIDTH="730.0"
                    HEIGHT="39.0"
                    ></String>
          </TextLine>
          <TextLine ID="line_37"
                    TAGREFS="LT8"
                    BASELINE="202 1252 933 1252" 
                    HPOS="202.0"
                    VPOS="1229.0"
                    WIDTH="731.0"
                    HEIGHT="39.0">
            <Shape><Polygon POINTS="202 1252 202 1260 249 1266 250 1266 251 1266 251 1266 259 1261 365 1261 388 1267 389 1267 390 1267 391 1267 410 1261 461 1265 462 1265 462 1265 475 1262 488 1267 488 1267 489 1267 512 1262 520 1267 521 1267 522 1267 523 1267 573 1263 623 1267 624 1267 651 1261 680 1267 681 1267 682 1267 698 1263 766 1267 767 1267 797 1261 819 1267 820 1267 821 1268 876 1268 876 1267 933 1260 933 1252 933 1230 681 1233 650 1229 647 1229 646 1229 639 1229 582 1233 555 1229 553 1229 552 1229 550 1229 517 1233 430 1229 425 1229 424 1229 419 1229 330 1233 275 1229 274 1229 273 1229 273 1229 237 1233 202 1229 202 1252"/></Shape>
            <String CONTENT="Circunciſionem ex fide, &amp; præputium per fidem. Ergo vtcunque in"
                    HPOS="202.0"
                    VPOS="1229.0"
                    WIDTH="731.0"
                    HEIGHT="39.0"
                    WC="0.9899894424847194"></String>
          </TextLine>
          <TextLine ID="line_38"
                    TAGREFS="LT8"
                    BASELINE="204 1282 935 1282" 
                    HPOS="204.0"
                    VPOS="1259.0"
                    WIDTH="731.0"
                    HEIGHT="36.0">
            <Shape><Polygon POINTS="204 1282 204 1291 340 1291 349 1295 350 1295 351 1295 378 1291 380 1291 472 1291 475 1291 488 1295 489 1295 490 1295 935 1292 935 1282 935 1264 894 1259 893 1259 871 1264 869 1264 802 1264 800 1264 784 1259 783 1259 782 1259 762 1263 758 1264 753 1263 725 1259 724 1259 688 1263 678 1264 669 1263 646 1259 645 1259 644 1259 629 1262 623 1264 612 1262 587 1259 586 1259 585 1259 585 1259 581 1262 577 1264 531 1264 526 1262 520 1259 519 1259 519 1259 518 1259 506 1262 497 1264 481 1261 461 1259 460 1259 447 1261 436 1264 429 1261 422 1259 422 1259 368 1259 367 1259 366 1259 360 1261 352 1264 204 1260 204 1282"/></Shape>
            <String CONTENT="hominibus tunc eſſes diuerſitas, quia multi ordines alieni erant à fi¬"
                    HPOS="204.0"
                    VPOS="1259.0"
                    WIDTH="731.0"
                    HEIGHT="36.0"
                    WC="0.9975576652607447"></String>
          </TextLine>
          <TextLine ID="line_39"
                    TAGREFS="LT8"
                    BASELINE="205 1312 933 1311" 
                    HPOS="204.0"
                    VPOS="1286.0"
                    WIDTH="729.0"
                    HEIGHT="48.0">
            <Shape><Polygon POINTS="205 1312 206 1334 234 1325 290 1325 309 1331 310 1331 311 1331 344 1326 361 1333 361 1333 362 1334 471 1334 471 1333 472 1333 473 1333 484 1325 566 1325 578 1332 579 1332 580 1332 581 1332 653 1331 654 1331 681 1325 704 1329 705 1329 706 1329 719 1325 727 1331 728 1332 729 1332 730 1332 731 1332 746 1331 792 1327 809 1330 817 1332 818 1332 819 1332 819 1332 821 1330 831 1325 869 1325 931 1329 933 1311 930 1290 834 1291 829 1290 810 1286 810 1286 809 1286 797 1290 793 1291 784 1290 737 1286 736 1286 710 1291 707 1291 705 1291 696 1287 695 1287 694 1287 693 1287 684 1290 612 1286 611 1286 573 1291 567 1293 496 1293 494 1292 482 1287 481 1287 480 1287 480 1287 479 1287 471 1292 471 1292 466 1292 428 1288 427 1288 401 1292 400 1292 398 1292 341 1287 340 1287 299 1292 288 1287 287 1287 286 1287 286 1287 269 1292 251 1287 250 1287 249 1287 248 1287 234 1292 212 1287 211 1287 211 1287 210 1287 204 1290 205 1312"/></Shape>
            <String CONTENT="de, multæ que gentes: ad vnitatem Dei fideles reuocat Paulus: vt"
                    HPOS="204.0"
                    VPOS="1286.0"
                    WIDTH="729.0"
                    HEIGHT="48.0"
                    WC="0.9936328856274486"></String>
          </TextLine>
        </TextBlock>
        <TextBlock HPOS="859"
                   VPOS="1321"
                   WIDTH="74"
                   HEIGHT="34"
                   ID="block_3"
                   TAGREFS="BT17">
          <Shape><Polygon POINTS="933 1321 933 1355 859 1355 859 1321"/></Shape>
          <TextLine ID="line_40"
                    TAGREFS="LT8"
                    BASELINE="856 1342 930 1342" 
                    HPOS="856.0"
                    VPOS="1321.0"
                    WIDTH="74.0"
                    HEIGHT="41.0">
            <Shape><Polygon POINTS="856 1342 856 1355 878 1362 879 1362 880 1362 895 1359 911 1356 929 1362 930 1342 930 1323 856 1321 856 1342"/></Shape>
            <String CONTENT="ſciant"
                    HPOS="856.0"
                    VPOS="1321.0"
                    WIDTH="74.0"
                    HEIGHT="41.0"
                    WC="0.9997811019420624"></String>
          </TextLine>
        </TextBlock>
      </PrintSpace>
    </Page>
  </Layout>
</alto>
