<?xml version="1.0" encoding="UTF-8"?>
<alto xmlns:xsi="http://www.w3.org/2001/XMLSchema-instance"
      xmlns="http://www.loc.gov/standards/alto/ns-v4#"
      xsi:schemaLocation="http://www.loc.gov/standards/alto/ns-v4# http://www.loc.gov/standards/alto/v4/alto-4-2.xsd">
  <Description>
    <MeasurementUnit>pixel</MeasurementUnit>
    <sourceImageInformation>
      <fileName>6293996.jpg</fileName>
    </sourceImageInformation>
  </Description>
  <Tags>
    <OtherTag ID="BT7" LABEL="CustomZone" DESCRIPTION="block type CustomZone"/><OtherTag ID="BT8" LABEL="DamageZone" DESCRIPTION="block type DamageZone"/><OtherTag ID="BT9" LABEL="DigitizationArtefactZone" DESCRIPTION="block type DigitizationArtefactZone"/><OtherTag ID="BT10" LABEL="DropCapitalZone" DESCRIPTION="block type DropCapitalZone"/><OtherTag ID="BT11" LABEL="GraphicZone" DESCRIPTION="block type GraphicZone"/><OtherTag ID="BT12" LABEL="MainZone" DESCRIPTION="block type MainZone"/><OtherTag ID="BT13" LABEL="MarginTextZone" DESCRIPTION="block type MarginTextZone"/><OtherTag ID="BT14" LABEL="MusicZone" DESCRIPTION="block type MusicZone"/><OtherTag ID="BT15" LABEL="NumberingZone" DESCRIPTION="block type NumberingZone"/><OtherTag ID="BT17" LABEL="QuireMarksZone" DESCRIPTION="block type QuireMarksZone"/><OtherTag ID="BT18" LABEL="RunningTitleZone" DESCRIPTION="block type RunningTitleZone"/><OtherTag ID="BT19" LABEL="SealZone" DESCRIPTION="block type SealZone"/><OtherTag ID="BT20" LABEL="StampZone" DESCRIPTION="block type StampZone"/><OtherTag ID="BT21" LABEL="TableZone" DESCRIPTION="block type TableZone"/><OtherTag ID="BT22" LABEL="TitlePageZone" DESCRIPTION="block type TitlePageZone"/><OtherTag ID="BT3130" LABEL="MainZone-P-Continued" DESCRIPTION="block type MainZone-P-Continued"/><OtherTag ID="BT3131" LABEL="MainZone-Sp" DESCRIPTION="block type MainZone-Sp"/><OtherTag ID="BT3132" LABEL="MainZone-P" DESCRIPTION="block type MainZone-P"/><OtherTag ID="BT3133" LABEL="MarginTextZone-ManuscriptAddendum" DESCRIPTION="block type MarginTextZone-ManuscriptAddendum"/><OtherTag ID="BT3134" LABEL="MainZone-Sp-Continued" DESCRIPTION="block type MainZone-Sp-Continued"/><OtherTag ID="BT3135" LABEL="MainZone-Head" DESCRIPTION="block type MainZone-Head"/><OtherTag ID="BT3136" LABEL="MarginTextZone-Notes" DESCRIPTION="block type MarginTextZone-Notes"/>
    <OtherTag ID="LT7" LABEL="CustomLine" DESCRIPTION="line type CustomLine"/><OtherTag ID="LT8" LABEL="DefaultLine" DESCRIPTION="line type DefaultLine"/><OtherTag ID="LT9" LABEL="DropCapitalLine" DESCRIPTION="line type DropCapitalLine"/><OtherTag ID="LT10" LABEL="HeadingLine" DESCRIPTION="line type HeadingLine"/><OtherTag ID="LT11" LABEL="InterlinearLine" DESCRIPTION="line type InterlinearLine"/><OtherTag ID="LT12" LABEL="MusicLine" DESCRIPTION="line type MusicLine"/>
  </Tags>
  <Layout>
    <Page WIDTH="1000"
          HEIGHT="1466"
          PHYSICAL_IMG_NR="14"
          ID="eSc_dummypage_">
      <PrintSpace HPOS="0"
                  VPOS="0"
                  WIDTH="1000"
                  HEIGHT="1466">
        <TextBlock HPOS="193"
                   VPOS="50"
                   WIDTH="36"
                   HEIGHT="27"
                   ID="block_2"
                   TAGREFS="BT15">
          <Shape><Polygon POINTS="229 50 229 77 193 77 193 50"/></Shape>
          <TextLine ID="line_0"
                    TAGREFS="LT8"
                    BASELINE="199 70 201 70 223 67" 
                    HPOS="195"
                    VPOS="50"
                    WIDTH="28"
                    HEIGHT="31">
            <Shape><Polygon POINTS="206 50 195 50 198 69 199 81 223 79 222 65 217 50 206 50"/></Shape>
            <String CONTENT="30"
                    HPOS="195"
                    VPOS="50"
                    WIDTH="28"
                    HEIGHT="31"
                    ></String>
          </TextLine>
        </TextBlock>
        <TextBlock HPOS="461"
                   VPOS="40"
                   WIDTH="232"
                   HEIGHT="31"
                   ID="block_4"
                   TAGREFS="BT18">
          <Shape><Polygon POINTS="693 40 693 71 461 71 461 40"/></Shape>
          <TextLine ID="line_1"
                    TAGREFS="LT8"
                    BASELINE="462 64 696 61" 
                    HPOS="462"
                    VPOS="30"
                    WIDTH="234"
                    HEIGHT="45">
            <Shape><Polygon POINTS="462 64 462 75 488 70 502 74 506 75 506 75 507 75 534 73 554 71 560 72 578 74 579 74 580 74 586 71 591 68 649 68 651 69 656 72 657 72 658 72 659 72 696 66 696 61 695 38 638 30 638 30 637 30 618 38 617 38 616 38 579 31 578 31 577 31 577 31 577 32 571 39 570 39 569 39 546 32 545 32 544 32 512 33 511 33 511 33 502 39 499 40 462 39 462 64"/></Shape>
            <String CONTENT="I. TIMOTH."
                    HPOS="462"
                    VPOS="30"
                    WIDTH="234"
                    HEIGHT="45"
                    ></String>
          </TextLine>
        </TextBlock>
        <TextBlock HPOS="178"
                   VPOS="83"
                   WIDTH="754"
                   HEIGHT="131"
                   ID="block_0"
                   TAGREFS="BT3130">
          <Shape><Polygon POINTS="932 83 932 214 178 214 192 83"/></Shape>
          <TextLine ID="line_2"
                    TAGREFS="LT8"
                    BASELINE="202 107 588 103 929 106" 
                    HPOS="202"
                    VPOS="75"
                    WIDTH="727"
                    HEIGHT="40">
            <Shape><Polygon POINTS="202 107 202 114 927 115 929 106 927 75 863 83 805 79 804 79 766 82 754 75 753 75 753 75 752 75 745 76 696 82 681 76 678 75 678 75 677 75 670 76 645 80 636 77 635 77 634 77 634 77 620 83 598 76 596 76 595 76 594 76 586 76 534 81 504 77 497 76 496 76 495 76 493 77 475 83 414 78 414 78 387 84 227 84 202 79 202 107"/></Shape>
            <String CONTENT="bus adiungit ſandificationem, quæ totam vitæ puritatem continet,"
                    HPOS="202"
                    VPOS="75"
                    WIDTH="727"
                    HEIGHT="40"
                    WC="0.9860806372016668"></String>
          </TextLine>
          <TextLine ID="line_3"
                    TAGREFS="LT8"
                    BASELINE="201 140 548 133 930 133" 
                    HPOS="200"
                    VPOS="109"
                    WIDTH="730"
                    HEIGHT="44">
            <Shape><Polygon POINTS="201 140 201 150 252 153 253 153 274 149 292 147 301 149 311 152 312 152 312 153 312 152 313 152 325 149 332 147 358 149 380 149 381 149 392 148 408 145 413 148 419 151 420 151 421 152 445 152 445 151 471 147 485 144 507 146 537 149 538 149 539 149 540 149 544 145 547 144 599 144 602 144 608 149 609 149 610 149 611 149 669 145 700 149 701 149 731 143 738 142 770 142 772 142 780 148 781 148 782 148 783 148 876 147 930 140 930 133 929 114 841 114 826 110 825 110 824 110 823 110 815 114 770 111 769 111 735 115 702 109 629 109 629 109 628 109 612 116 592 116 583 109 582 109 581 109 548 109 547 109 546 109 546 109 537 116 509 110 459 110 458 110 458 110 438 118 436 118 432 118 392 111 392 111 391 111 374 115 348 112 348 112 347 112 329 118 327 119 325 118 305 114 304 114 303 114 303 114 286 119 283 121 235 121 233 119 220 113 220 113 219 113 218 113 200 119 201 140"/></Shape>
            <String CONTENT="dignam Chriſtianis mulieribus. Poſtremo ſequitur temperantia, cu¬"
                    HPOS="200"
                    VPOS="109"
                    WIDTH="730"
                    HEIGHT="44"
                    WC="0.996301938020266"></String>
          </TextLine>
          <TextLine ID="line_4"
                    TAGREFS="LT8"
                    BASELINE="201 172 590 163 929 165" 
                    HPOS="200"
                    VPOS="140"
                    WIDTH="729"
                    HEIGHT="45">
            <Shape><Polygon POINTS="201 172 201 179 240 185 241 185 242 185 256 179 258 179 267 179 310 182 311 182 329 179 344 176 393 179 463 183 464 183 465 183 476 179 488 174 562 174 574 179 575 179 576 179 577 179 577 179 578 179 594 175 619 179 635 181 636 181 650 179 681 172 700 179 706 180 707 180 708 180 709 180 713 179 733 171 766 171 785 179 788 179 789 179 790 179 799 179 835 173 928 178 929 165 928 145 881 145 874 140 873 140 872 140 872 140 871 140 850 145 815 141 814 141 775 146 732 140 731 140 694 147 678 142 678 142 677 142 620 146 609 141 608 141 607 141 521 145 496 142 495 142 475 146 373 144 372 144 371 144 346 151 346 152 345 152 295 152 284 146 283 146 282 146 281 146 281 146 272 153 200 153 201 172"/></Shape>
            <String CONTENT="ius pauloante meminerat, de veſtitu loquens. Sed nunc eam latius"
                    HPOS="200"
                    VPOS="140"
                    WIDTH="729"
                    HEIGHT="45"
                    WC="0.9845847385004163"></String>
          </TextLine>
          <TextLine ID="line_5"
                    TAGREFS="LT8"
                    BASELINE="201 203 513 196" 
                    HPOS="200"
                    VPOS="177"
                    WIDTH="313"
                    HEIGHT="39">
            <Shape><Polygon POINTS="510 185 502 185 493 185 485 185 477 185 469 185 461 185 453 185 444 185 436 185 428 185 420 185 412 185 404 185 396 185 387 185 379 185 371 185 363 185 355 191 352 182 340 177 339 177 339 177 319 181 305 177 304 177 303 177 220 179 219 179 200 184 201 203 201 210 221 216 222 216 223 216 251 210 269 215 270 215 271 215 323 210 338 215 339 215 339 215 376 209 432 212 433 212 434 212 435 212 446 205 513 203 513 196 511 185 510 185"/></Shape>
            <String CONTENT="ad alias vitæ partes extendit."
                    HPOS="200"
                    VPOS="177"
                    WIDTH="313"
                    HEIGHT="39"
                    WC="0.9900894880294799"></String>
          </TextLine>
        </TextBlock>
        <TextBlock HPOS="436"
                   VPOS="228"
                   WIDTH="250"
                   HEIGHT="42"
                   ID="block_1"
                   TAGREFS="BT3135">
          <Shape><Polygon POINTS="686 228 686 270 436 270 436 228"/></Shape>
          <TextLine ID="line_6"
                    TAGREFS="LT8"
                    BASELINE="436 258 682 255" 
                    HPOS="436"
                    VPOS="234"
                    WIDTH="246"
                    HEIGHT="38">
            <Shape><Polygon POINTS="672 234 664 234 656 234 647 234 639 234 631 234 623 234 615 234 612 234 585 236 579 234 574 234 566 234 558 234 556 234 551 237 543 234 541 234 533 234 525 234 517 234 509 234 502 234 495 235 493 234 493 234 484 234 476 234 475 234 475 235 469 234 468 234 460 234 452 234 444 234 441 234 436 237 436 258 436 267 445 272 446 272 447 272 492 267 511 265 525 265 528 267 531 270 531 271 532 271 533 271 533 271 534 271 541 267 545 266 559 267 571 269 572 269 572 269 577 268 589 264 682 269 682 255 682 236 678 234 672 234"/></Shape>
            <String CONTENT="CAPVT. III."
                    HPOS="436"
                    VPOS="234"
                    WIDTH="246"
                    HEIGHT="38"
                    WC="0.9982579079541293"></String>
          </TextLine>
        </TextBlock>
        <TextBlock HPOS="199"
                   VPOS="304"
                   WIDTH="140"
                   HEIGHT="138"
                   ID="eSc_textblock_4f349627"
                   TAGREFS="BT10">
          <Shape><Polygon POINTS="199 304 202 439 339 442 339 307"/></Shape>
          <TextLine ID="eSc_line_707db614"
                    TAGREFS="LT9"
                    BASELINE="214 422 331 423" 
                    HPOS="210"
                    VPOS="302"
                    WIDTH="120"
                    HEIGHT="145">
            <Shape><Polygon POINTS="212 443 327 447 330 422 327 302 210 312 213 421"/></Shape>
            <String CONTENT="C"
                    HPOS="210"
                    VPOS="302"
                    WIDTH="120"
                    HEIGHT="145"
                    ></String>
          </TextLine>
        </TextBlock>
        <TextBlock HPOS="198"
                   VPOS="287"
                   WIDTH="737"
                   HEIGHT="576"
                   ID="block_9"
                   TAGREFS="BT3135">
          <Shape><Polygon POINTS="935 287 935 863 198 863 198 287"/></Shape>
          <TextLine ID="line_7"
                    TAGREFS="LT8"
                    BASELINE="336 325 634 319 925 320" 
                    HPOS="335"
                    VPOS="283"
                    WIDTH="590"
                    HEIGHT="54">
            <Shape><Polygon POINTS="336 325 336 337 387 337 388 337 389 337 401 330 416 336 417 336 418 336 418 336 419 336 429 329 462 333 462 333 521 329 541 335 542 335 543 335 544 335 551 334 595 329 608 333 613 335 614 335 615 335 616 335 616 335 618 333 621 331 646 333 649 333 650 333 651 333 651 333 658 328 668 333 673 334 674 334 674 334 686 332 709 327 728 331 730 331 731 331 731 331 740 328 744 331 748 333 748 333 749 333 750 333 751 333 762 330 768 329 772 330 779 333 779 333 780 334 832 334 832 333 854 329 869 325 874 329 881 333 882 333 883 333 884 333 925 327 925 320 923 291 834 291 833 291 818 283 817 283 750 283 749 283 724 289 689 284 688 284 687 284 667 293 665 294 660 293 611 285 610 285 609 285 585 294 582 295 547 295 546 294 529 285 528 285 528 285 527 285 526 285 513 294 497 286 497 286 496 286 443 292 420 286 419 286 418 286 418 286 398 294 384 289 383 289 383 289 382 289 367 295 365 296 364 295 351 291 350 291 349 291 348 291 335 294 336 325"/></Shape>
            <String CONTENT="ERTVS ſermo: Si quis epiſcopatum"
                    HPOS="335"
                    VPOS="283"
                    WIDTH="590"
                    HEIGHT="54"
                    WC="0.9971093367785215"></String>
          </TextLine>
          <TextLine ID="line_8"
                    TAGREFS="LT8"
                    BASELINE="340 364 659 355 925 357" 
                    HPOS="339"
                    VPOS="326"
                    WIDTH="586"
                    HEIGHT="51">
            <Shape><Polygon POINTS="340 364 340 370 348 376 349 376 350 376 351 377 400 377 400 376 401 376 427 368 464 375 465 375 498 368 505 367 509 368 526 374 527 374 528 374 582 368 594 372 594 372 595 372 596 372 597 372 603 368 607 365 621 365 626 368 633 373 634 373 634 373 635 373 660 368 677 364 924 367 925 357 924 333 849 329 848 329 829 333 820 326 819 326 819 326 818 326 788 331 729 327 728 327 700 328 700 328 679 335 629 329 628 329 627 329 626 329 618 336 594 333 593 333 565 337 520 330 519 330 519 330 502 337 471 337 414 331 413 331 412 331 396 339 365 335 365 335 339 340 340 364"/></Shape>
            <String CONTENT="appetit, præclarum opus deſiderat. Oporᛘ"
                    HPOS="339"
                    VPOS="326"
                    WIDTH="586"
                    HEIGHT="51"
                    ></String>
          </TextLine>
          <TextLine ID="line_9"
                    TAGREFS="LT8"
                    BASELINE="343 399 589 394 932 392" 
                    HPOS="342"
                    VPOS="362"
                    WIDTH="590"
                    HEIGHT="51">
            <Shape><Polygon POINTS="343 399 343 413 377 413 377 412 378 412 378 412 386 406 400 412 401 412 402 412 403 412 485 412 486 412 487 412 488 411 496 404 513 411 515 411 515 411 516 411 517 411 518 411 532 404 553 410 557 411 558 411 559 411 559 411 560 411 562 410 573 403 591 403 600 409 601 409 602 409 603 409 605 409 648 403 667 408 670 409 671 409 672 409 679 408 713 402 755 406 756 406 757 406 773 402 781 407 783 408 784 408 784 408 785 408 797 407 820 403 825 406 827 408 828 408 828 408 829 408 830 408 837 406 854 402 930 404 932 392 929 362 907 369 811 364 787 363 786 363 785 363 784 363 784 364 783 364 779 368 747 365 732 364 731 364 731 364 730 364 728 365 722 370 674 366 667 366 666 366 662 367 633 373 582 373 565 368 556 366 555 366 555 366 554 366 545 368 536 371 532 368 526 366 525 366 502 366 502 366 501 366 500 366 495 369 491 372 479 370 471 368 470 368 469 368 466 370 456 374 342 373 343 399"/></Shape>
            <String CONTENT="tet ergo epiſcopum irreprehenſibilem eſᛘ"
                    HPOS="342"
                    VPOS="362"
                    WIDTH="590"
                    HEIGHT="51"
                    ></String>
          </TextLine>
          <TextLine ID="line_10"
                    TAGREFS="LT8"
                    BASELINE="342 434 595 430 931 431" 
                    HPOS="341"
                    VPOS="403"
                    WIDTH="590"
                    HEIGHT="44">
            <Shape><Polygon POINTS="342 434 342 447 387 447 388 447 389 447 394 443 414 447 416 447 417 447 418 447 418 447 427 442 443 446 444 446 444 446 445 446 446 446 454 441 493 446 504 447 505 447 506 447 509 445 519 441 532 444 533 444 533 444 577 440 643 443 699 446 700 446 700 446 701 446 705 443 709 440 718 442 731 444 731 444 745 442 757 439 768 441 779 443 779 443 836 440 856 439 858 440 865 445 866 445 867 445 867 446 906 446 906 445 907 445 931 438 931 431 929 406 799 408 768 406 721 403 720 403 676 407 647 409 635 407 621 403 620 403 601 407 588 409 559 408 531 405 530 405 518 408 505 410 501 408 496 404 495 404 494 404 493 404 493 404 492 404 488 408 484 410 463 408 447 406 446 406 431 408 414 410 408 408 402 406 401 406 400 406 390 408 380 410 370 408 352 404 352 404 351 404 341 408 342 434"/></Shape>
            <String CONTENT="ſe, vnius vxoris maritum, ſobrium, tempeᛘ"
                    HPOS="341"
                    VPOS="403"
                    WIDTH="590"
                    HEIGHT="44"
                    ></String>
          </TextLine>
          <TextLine ID="line_11"
                    TAGREFS="LT8"
                    BASELINE="206 477 582 468 930 469" 
                    HPOS="205"
                    VPOS="437"
                    WIDTH="725"
                    HEIGHT="50">
            <Shape><Polygon POINTS="206 477 206 486 404 487 405 487 405 487 406 487 411 483 414 481 416 482 421 486 422 486 422 486 423 486 438 482 446 481 459 482 484 485 485 485 486 485 487 485 491 482 497 478 538 481 592 484 593 484 594 484 610 480 621 477 682 477 690 478 704 482 705 482 706 482 707 482 718 478 723 475 888 475 889 475 903 479 903 479 904 479 929 474 930 469 929 445 866 445 865 445 851 437 850 437 850 437 849 437 814 438 813 438 793 446 753 441 753 441 730 446 714 438 713 438 713 438 673 445 619 439 618 439 617 439 594 445 586 440 585 440 585 440 584 440 491 442 490 442 489 442 483 447 472 442 471 442 428 442 427 442 427 442 407 451 406 451 389 451 237 447 236 447 205 452 206 477"/></Shape>
            <String CONTENT="rantem, compoſitum, hoſpitalem, aptum ad docenᛘ"
                    HPOS="205"
                    VPOS="437"
                    WIDTH="725"
                    HEIGHT="50"
                    ></String>
          </TextLine>
          <TextLine ID="line_12"
                    TAGREFS="LT8"
                    BASELINE="206 513 638 504 932 504" 
                    HPOS="205"
                    VPOS="476"
                    WIDTH="727"
                    HEIGHT="50">
            <Shape><Polygon POINTS="206 513 206 522 302 526 303 526 336 522 411 525 412 525 413 525 426 520 429 519 439 520 464 522 465 522 466 522 466 522 471 519 474 517 577 517 585 518 602 522 603 522 621 517 634 515 673 517 727 520 728 520 778 519 779 519 786 516 792 513 832 515 873 517 874 517 903 517 904 517 909 514 915 511 931 513 932 504 931 480 907 476 906 476 905 476 889 480 888 481 713 482 710 482 680 476 679 476 642 482 628 477 627 477 626 477 574 483 533 478 533 478 507 483 416 480 415 480 414 480 401 486 396 487 392 486 381 482 380 482 379 482 378 482 363 486 355 489 295 489 288 487 275 482 274 482 273 482 273 482 262 487 258 489 250 487 231 483 230 483 205 487 206 513"/></Shape>
            <String CONTENT="dum, non vinolentum, non percuſſorem, non turpi¬"
                    HPOS="205"
                    VPOS="476"
                    WIDTH="727"
                    HEIGHT="50"
                    WC="0.9920314289629459"></String>
          </TextLine>
          <TextLine ID="line_13"
                    TAGREFS="LT8"
                    BASELINE="205 551 614 541 927 544" 
                    HPOS="204"
                    VPOS="512"
                    WIDTH="723"
                    HEIGHT="51">
            <Shape><Polygon POINTS="205 551 205 562 264 563 265 563 271 562 287 558 297 561 299 562 299 562 300 562 401 561 402 561 403 561 404 561 409 557 427 561 430 561 431 561 440 561 540 553 593 559 598 559 599 559 599 559 600 559 611 552 665 557 665 557 666 557 667 557 674 550 739 550 805 556 806 556 926 555 927 544 925 520 841 520 802 512 801 512 741 521 674 513 674 513 673 513 672 513 659 522 658 522 656 522 632 517 631 517 599 521 579 515 578 515 536 515 535 515 484 516 484 516 483 516 476 520 404 517 403 517 347 525 333 527 284 527 281 526 269 520 268 520 268 520 267 520 266 520 258 526 254 527 204 526 205 551"/></Shape>
            <String CONTENT="ter lucri cupidum, ſed æquum, alienum à pugnis,"
                    HPOS="204"
                    VPOS="512"
                    WIDTH="723"
                    HEIGHT="51"
                    WC="0.985169002165397"></String>
          </TextLine>
          <TextLine ID="line_14"
                    TAGREFS="LT8"
                    BASELINE="202 589 593 579 927 579" 
                    HPOS="201"
                    VPOS="547"
                    WIDTH="726"
                    HEIGHT="54">
            <Shape><Polygon POINTS="202 589 202 601 221 597 398 597 398 596 426 591 508 596 512 596 513 596 514 596 515 596 528 588 566 588 926 589 927 579 925 553 847 554 845 553 833 547 832 547 832 547 831 547 830 547 819 553 801 550 801 550 759 554 719 548 718 548 580 558 572 558 571 558 558 552 557 552 556 552 536 556 526 552 525 552 524 552 524 552 506 559 505 561 464 561 463 560 440 553 440 553 439 553 438 553 422 561 421 561 418 561 375 557 374 557 374 557 356 561 352 562 343 562 256 556 255 556 255 556 254 556 245 562 233 557 232 557 231 557 230 557 201 564 202 589"/></Shape>
            <String CONTENT="alienũ ab auaritia, qui domui ſuæ bene præſit, qui"
                    HPOS="201"
                    VPOS="547"
                    WIDTH="726"
                    HEIGHT="54"
                    WC="0.9873806834220886"></String>
          </TextLine>
          <TextLine ID="line_15"
                    TAGREFS="LT8"
                    BASELINE="196 628 604 616 932 617" 
                    HPOS="195"
                    VPOS="587"
                    WIDTH="737"
                    HEIGHT="50">
            <Shape><Polygon POINTS="196 628 196 637 669 626 721 630 722 630 804 629 806 629 829 624 862 627 863 627 863 627 872 623 930 627 932 617 930 592 762 593 749 587 748 587 712 587 711 587 710 587 689 593 659 590 658 590 657 590 643 595 627 588 626 588 625 588 581 595 567 592 566 592 565 592 564 592 563 592 555 596 527 590 526 590 498 594 428 592 427 592 427 592 412 600 396 601 380 601 374 601 287 594 286 594 286 594 268 602 267 602 216 596 215 596 215 596 195 602 196 628"/></Shape>
            <String CONTENT="filios habeat in ſubiectione, cum omni reuerentia."
                    HPOS="195"
                    VPOS="587"
                    WIDTH="737"
                    HEIGHT="50"
                    WC="0.9907006847858429"></String>
          </TextLine>
          <TextLine ID="line_16"
                    TAGREFS="LT8"
                    BASELINE="198 666 642 653 929 653" 
                    HPOS="198"
                    VPOS="623"
                    WIDTH="731"
                    HEIGHT="57">
            <Shape><Polygon POINTS="198 666 199 675 207 673 214 675 229 680 229 680 230 680 299 675 394 677 395 677 427 670 429 670 430 670 442 676 443 676 444 676 475 669 486 667 495 668 508 671 509 671 528 667 540 666 549 667 563 670 564 670 565 670 572 667 577 665 586 667 622 672 623 672 624 672 645 665 651 663 678 664 744 667 744 667 745 667 753 662 756 661 818 660 821 661 844 668 845 668 845 668 890 667 891 667 906 659 929 658 929 653 929 627 828 623 828 623 827 623 826 623 819 629 787 629 777 624 776 624 775 624 749 630 736 624 735 624 691 623 691 623 690 623 689 623 682 628 609 625 608 625 607 625 591 634 555 634 534 627 533 627 533 627 532 627 506 633 469 628 468 628 467 628 449 636 414 630 413 630 412 630 392 637 392 638 361 639 321 639 320 639 309 632 308 632 308 632 280 632 279 632 237 640 235 640 234 640 215 633 214 633 213 633 212 633 198 640 198 666"/></Shape>
            <String CONTENT="Quòd ſi quis propriæ domui præeſſe non nouit: Ecᛘ"
                    HPOS="198"
                    VPOS="623"
                    WIDTH="731"
                    HEIGHT="57"
                    ></String>
          </TextLine>
          <TextLine ID="line_17"
                    TAGREFS="LT8"
                    BASELINE="197 703 577 691 931 691" 
                    HPOS="197"
                    VPOS="660"
                    WIDTH="734"
                    HEIGHT="53">
            <Shape><Polygon POINTS="237 702 229 702 220 702 212 702 204 702 200 702 197 703 197 713 321 712 324 712 352 707 360 711 361 711 361 711 480 710 481 710 482 710 495 702 623 701 668 706 669 706 669 706 686 700 711 706 713 706 713 706 716 706 748 699 819 702 819 702 820 702 821 702 829 697 841 703 842 703 843 703 931 702 931 691 930 669 912 665 911 665 911 665 910 665 909 665 903 670 903 671 880 671 876 671 823 663 823 663 822 663 807 669 770 664 770 664 769 664 762 667 744 660 743 660 718 660 718 660 717 660 703 666 670 661 669 661 631 667 611 662 610 662 609 662 560 667 534 663 533 663 533 663 510 673 496 664 495 664 494 664 480 664 480 664 418 675 354 671 353 671 352 671 330 677 305 671 304 671 303 671 279 682 241 682 237 702"/></Shape>
            <String CONTENT="Cicſiam Dei quomodo curabit? Non nouitium, ne"
                    HPOS="197"
                    VPOS="660"
                    WIDTH="734"
                    HEIGHT="53"
                    ></String>
          </TextLine>
          <TextLine ID="line_18"
                    TAGREFS="LT8"
                    BASELINE="205 741 569 728 912 727" 
                    HPOS="204"
                    VPOS="701"
                    WIDTH="708"
                    HEIGHT="49">
            <Shape><Polygon POINTS="758 717 750 719 742 719 734 719 726 719 718 719 709 719 701 719 693 719 685 719 677 719 669 719 660 719 652 719 644 719 636 719 628 719 620 719 612 719 603 719 595 719 587 719 579 719 571 719 563 719 555 719 546 719 538 719 530 719 522 719 514 719 506 719 497 719 489 719 481 719 473 719 465 719 457 719 449 719 440 719 432 719 424 719 416 719 408 719 400 719 392 719 383 719 375 719 367 719 359 719 358 719 351 719 343 719 334 719 333 719 325 721 317 719 310 719 302 719 294 719 286 719 277 719 269 719 261 719 253 719 245 719 237 719 229 719 220 719 212 719 204 719 205 741 205 750 612 737 635 738 674 741 674 741 675 741 688 737 694 736 713 737 770 739 770 739 813 734 819 733 819 733 827 737 828 737 828 737 896 737 897 737 912 731 912 727 911 710 896 710 884 701 883 701 882 701 856 701 855 701 801 706 774 702 773 702 772 702 771 702 760 709 758 717"/></Shape>
            <String CONTENT="inflatus in condemnationem incidat Diaboli."
                    HPOS="204"
                    VPOS="701"
                    WIDTH="708"
                    HEIGHT="49"
                    ></String>
          </TextLine>
          <TextLine ID="line_19"
                    TAGREFS="LT8"
                    BASELINE="202 778 590 765 928 763" 
                    HPOS="202"
                    VPOS="729"
                    WIDTH="726"
                    HEIGHT="58">
            <Shape><Polygon POINTS="202 778 202 787 356 787 378 784 405 779 427 782 439 784 440 784 440 784 449 781 458 779 463 781 469 784 470 784 471 784 471 784 480 781 488 776 550 776 566 778 575 780 576 780 597 777 621 775 625 776 631 780 632 780 633 780 650 776 664 773 709 774 800 777 801 777 837 771 840 771 841 771 854 776 854 776 855 776 884 772 913 775 914 775 915 775 928 768 928 763 925 729 907 734 895 730 894 730 894 730 893 730 892 730 881 737 864 733 863 733 863 733 798 739 783 733 780 733 779 733 779 733 778 733 777 733 776 733 770 737 754 734 752 734 751 734 746 735 706 741 698 736 696 734 695 734 694 734 663 734 662 734 646 737 636 740 622 738 610 737 609 737 608 737 604 739 595 743 556 741 510 737 509 737 508 737 498 742 497 743 496 742 489 738 488 738 488 738 487 738 431 739 401 746 388 749 202 751 202 778"/></Shape>
            <String CONTENT="Oportet autem illum &amp; bonum teſtimonium habeᛘ"
                    HPOS="202"
                    VPOS="729"
                    WIDTH="726"
                    HEIGHT="58"
                    ></String>
          </TextLine>
          <TextLine ID="line_20"
                    TAGREFS="LT8"
                    BASELINE="206 815 617 803 929 803" 
                    HPOS="205"
                    VPOS="772"
                    WIDTH="724"
                    HEIGHT="57">
            <Shape><Polygon POINTS="759 783 757 778 722 772 722 772 651 781 613 775 612 775 612 775 592 781 550 776 550 776 491 784 471 777 470 777 469 777 468 777 449 785 425 785 420 785 392 781 392 781 391 781 374 787 280 788 263 781 262 781 261 781 260 781 246 790 205 790 206 815 206 827 247 829 248 829 249 829 254 827 264 821 291 821 373 825 405 826 406 826 407 826 411 825 422 819 431 823 432 823 433 823 467 818 478 824 480 825 481 825 482 825 533 824 534 824 535 824 537 823 541 820 546 822 549 824 550 824 550 824 551 824 555 822 568 816 679 814 703 819 704 819 735 815 767 817 768 817 769 817 770 817 776 813 808 813 816 818 817 818 818 818 819 818 929 816 929 803 927 776 884 776 876 772 876 772 875 772 874 772 818 777 770 772 770 772 769 772 768 772 762 776 759 783"/></Shape>
            <String CONTENT="re ab extraneis:ne in probrum incidat &amp; laqueum"
                    HPOS="205"
                    VPOS="772"
                    WIDTH="724"
                    HEIGHT="57"
                    WC="0.9792126937115446"></String>
          </TextLine>
          <TextLine ID="line_21"
                    TAGREFS="LT8"
                    BASELINE="207 854 354 851" 
                    HPOS="206"
                    VPOS="818"
                    WIDTH="148"
                    HEIGHT="52">
            <Shape><Polygon POINTS="207 854 207 869 246 870 246 870 247 870 258 865 271 859 281 863 281 863 282 863 354 856 354 851 352 825 333 825 333 824 327 819 327 818 326 818 325 818 325 818 298 823 288 825 282 823 273 819 273 819 272 819 271 819 264 822 258 825 206 821 207 854"/></Shape>
            <String CONTENT="Diaboli."
                    HPOS="206"
                    VPOS="818"
                    WIDTH="148"
                    HEIGHT="52"
                    WC="0.9999937564134598"></String>
          </TextLine>
        </TextBlock>
        <TextBlock HPOS="202"
                   VPOS="882"
                   WIDTH="729"
                   HEIGHT="187"
                   ID="block_8"
                   TAGREFS="BT3132">
          <Shape><Polygon POINTS="931 882 931 1069 202 1069 202 882"/></Shape>
          <TextLine ID="line_22"
                    TAGREFS="LT8"
                    BASELINE="279 914 663 903 925 904" 
                    HPOS="277"
                    VPOS="873"
                    WIDTH="648"
                    HEIGHT="52">
            <Shape><Polygon POINTS="279 914 279 920 357 925 358 925 359 925 360 925 367 920 405 924 405 924 439 919 449 917 458 918 488 922 489 922 519 918 534 916 562 917 603 920 603 920 604 920 605 920 608 917 611 915 617 917 622 918 623 918 624 918 650 917 703 912 722 916 728 917 729 917 730 917 731 917 731 916 736 912 747 916 751 917 752 917 753 917 786 917 786 917 787 917 788 917 790 915 796 912 802 915 804 916 805 916 806 916 814 915 837 912 924 913 925 904 924 873 866 879 839 874 831 873 830 873 829 873 828 873 827 875 818 880 801 875 800 875 799 875 798 875 797 875 795 876 781 880 776 876 774 874 773 874 772 874 771 874 757 877 736 881 723 877 713 875 713 875 712 875 711 875 703 878 693 882 674 879 656 877 656 877 655 877 649 879 645 882 637 880 622 877 621 877 541 878 516 879 515 879 515 879 509 883 505 886 439 887 434 885 427 882 427 882 426 882 425 882 413 886 403 888 392 886 363 882 362 882 334 882 334 882 322 888 319 890 277 890 279 914"/></Shape>
            <String CONTENT="Certus ſermo.) Quod Chryſoſtomus clauſulam eſſe putat"
                    HPOS="277"
                    VPOS="873"
                    WIDTH="648"
                    HEIGHT="52"
                    WC="0.9909746298250163"></String>
          </TextLine>
          <TextLine ID="line_23"
                    TAGREFS="LT8"
                    BASELINE="198 944 666 932 924 930" 
                    HPOS="197"
                    VPOS="906"
                    WIDTH="727"
                    HEIGHT="47">
            <Shape><Polygon POINTS="198 944 198 953 359 952 360 952 365 951 376 948 385 951 389 952 390 952 391 952 400 951 425 946 431 950 432 950 433 950 434 950 454 949 541 945 558 948 568 948 568 948 569 948 572 947 581 943 721 943 722 943 722 943 731 939 923 939 924 930 921 909 845 910 841 910 819 906 819 906 818 906 805 910 800 912 778 911 739 908 738 908 737 908 727 911 720 913 711 912 693 908 692 908 668 912 655 914 640 912 616 909 616 909 615 909 614 909 610 912 606 916 571 913 538 911 537 911 521 914 497 918 475 914 462 912 461 912 446 915 417 920 396 916 396 916 257 921 197 918 198 944"/></Shape>
            <String CONTENT="ſuperioris doctrinæ, mihi nomplacet. Solet enim Paulus hanc for¬"
                    HPOS="197"
                    VPOS="906"
                    WIDTH="727"
                    HEIGHT="47"
                    WC="0.9913176130503416"></String>
          </TextLine>
          <TextLine ID="line_24"
                    TAGREFS="LT8"
                    BASELINE="200 976 672 961 926 961" 
                    HPOS="199"
                    VPOS="933"
                    WIDTH="727"
                    HEIGHT="53">
            <Shape><Polygon POINTS="200 976 200 986 297 986 311 984 372 978 424 982 435 983 436 983 441 982 470 975 491 980 493 981 494 981 495 981 534 980 535 980 537 979 550 974 590 977 590 977 591 977 607 972 654 974 655 974 708 970 925 970 926 961 925 933 875 940 798 937 779 936 778 936 745 939 664 945 657 942 653 939 652 939 651 939 604 940 587 943 569 948 528 946 471 943 470 943 436 944 436 944 422 949 418 951 396 950 321 948 320 948 319 948 302 953 299 954 290 954 243 951 242 951 242 951 232 956 231 956 199 956 200 976"/></Shape>
            <String CONTENT="mulam præfando magis vſurpare. Deinde non erat illic tantæ af¬"
                    HPOS="199"
                    VPOS="933"
                    WIDTH="727"
                    HEIGHT="53"
                    WC="0.9941329138894235"></String>
          </TextLine>
          <TextLine ID="line_25"
                    TAGREFS="LT8"
                    BASELINE="202 1006 643 991 925 990" 
                    HPOS="202"
                    VPOS="965"
                    WIDTH="723"
                    HEIGHT="53">
            <Shape><Polygon POINTS="202 1006 202 1018 336 1009 348 1013 348 1013 349 1013 350 1013 365 1008 378 1012 378 1012 379 1012 380 1012 396 1007 418 1011 427 1013 427 1013 440 1010 470 1005 509 1008 510 1008 621 1001 634 1004 645 1006 646 1006 680 1002 705 1000 708 1001 713 1005 714 1005 715 1005 716 1005 769 1000 770 1000 772 1000 911 1000 911 1000 912 1000 925 994 925 990 924 968 841 965 841 965 840 965 828 970 828 970 827 970 817 965 816 965 815 965 788 970 781 971 769 970 726 967 725 967 696 972 685 974 675 972 654 969 653 969 558 974 491 978 475 976 460 974 459 974 422 977 382 981 353 978 334 977 333 977 332 977 328 979 321 983 202 982 202 1006"/></Shape>
            <String CONTENT="firmationis vſus. Quod autem nunc dicturus eſt, plus habet ali¬"
                    HPOS="202"
                    VPOS="965"
                    WIDTH="723"
                    HEIGHT="53"
                    WC="0.9844314285687038"></String>
          </TextLine>
          <TextLine ID="line_26"
                    TAGREFS="LT8"
                    BASELINE="207 1035 639 1022 925 1020" 
                    HPOS="207"
                    VPOS="998"
                    WIDTH="718"
                    HEIGHT="51">
            <Shape><Polygon POINTS="207 1035 207 1046 233 1049 234 1049 235 1049 246 1045 259 1042 268 1045 275 1048 276 1048 277 1048 349 1046 365 1043 387 1038 405 1042 412 1043 413 1043 414 1043 419 1041 435 1037 443 1041 449 1044 450 1044 451 1044 452 1044 459 1040 469 1036 491 1040 506 1042 507 1042 508 1042 517 1039 531 1035 608 1035 620 1036 636 1040 637 1040 638 1040 647 1036 656 1032 670 1035 675 1036 676 1036 696 1035 753 1030 784 1033 814 1035 814 1035 815 1035 826 1031 833 1029 840 1031 848 1035 849 1035 850 1035 925 1029 925 1020 922 998 638 1000 597 1005 595 1005 594 1005 565 1001 564 1001 487 1008 485 1008 484 1008 458 1004 457 1004 456 1004 455 1004 448 1009 422 1005 421 1005 386 1010 384 1010 383 1010 332 1007 331 1007 330 1007 312 1012 279 1008 278 1008 207 1014 207 1035"/></Shape>
            <String CONTENT="quantò ponderis. Sit igitur præfatio, ad notandam rei grauitatem"
                    HPOS="207"
                    VPOS="998"
                    WIDTH="718"
                    HEIGHT="51"
                    ></String>
          </TextLine>
        </TextBlock>
        <TextBlock HPOS="204"
                   VPOS="1064"
                   WIDTH="733"
                   HEIGHT="276"
                   ID="block_3"
                   TAGREFS="BT3132">
          <Shape><Polygon POINTS="937 1064 937 1324 204 1340 204 1064"/></Shape>
          <TextLine ID="line_27"
                    TAGREFS="LT8"
                    BASELINE="208 1067 298 1064" 
                    HPOS="207"
                    VPOS="1039"
                    WIDTH="91"
                    HEIGHT="46">
            <Shape><Polygon POINTS="208 1067 208 1085 298 1078 298 1064 296 1046 249 1039 248 1039 247 1039 231 1044 228 1045 207 1044 208 1067"/></Shape>
            <String CONTENT="habita."
                    HPOS="207"
                    VPOS="1039"
                    WIDTH="91"
                    HEIGHT="46"
                    WC="0.9977444240025112"></String>
          </TextLine>
          <TextLine ID="line_28"
                    TAGREFS="LT8"
                    BASELINE="289 1093 620 1082 928 1079" 
                    HPOS="289"
                    VPOS="1050"
                    WIDTH="639"
                    HEIGHT="52">
            <Shape><Polygon POINTS="378 1089 370 1089 361 1089 353 1089 345 1089 337 1089 329 1091 321 1091 312 1091 304 1091 296 1092 292 1092 289 1093 289 1101 389 1102 390 1102 391 1102 396 1099 403 1096 418 1099 434 1101 435 1101 436 1101 444 1098 450 1095 453 1098 454 1098 455 1098 456 1098 466 1097 510 1093 539 1096 568 1098 568 1098 569 1098 577 1095 584 1092 619 1094 639 1095 640 1095 664 1092 699 1089 709 1092 720 1095 721 1095 722 1095 748 1091 760 1089 790 1090 876 1092 876 1092 928 1086 928 1079 926 1059 883 1055 882 1055 881 1055 868 1060 867 1061 867 1061 853 1050 852 1050 851 1050 850 1050 850 1050 849 1050 835 1059 803 1054 802 1054 770 1062 730 1053 729 1053 680 1060 638 1053 638 1053 614 1058 586 1054 585 1054 585 1054 568 1058 485 1057 484 1057 438 1066 404 1058 403 1058 402 1058 401 1058 379 1070 378 1089"/></Shape>
            <String CONTENT="Si quis epiſcopatum.) Quoniam mulieribus interdixerat"
                    HPOS="289"
                    VPOS="1050"
                    WIDTH="639"
                    HEIGHT="52"
                    ></String>
          </TextLine>
          <TextLine ID="line_29"
                    TAGREFS="LT8"
                    BASELINE="204 1123 592 1112 930 1109" 
                    HPOS="203"
                    VPOS="1083"
                    WIDTH="727"
                    HEIGHT="49">
            <Shape><Polygon POINTS="204 1123 204 1132 438 1132 438 1131 461 1128 478 1125 613 1125 683 1125 684 1125 691 1124 711 1120 723 1123 726 1124 727 1124 728 1124 734 1123 752 1120 846 1122 866 1122 867 1122 867 1122 868 1122 874 1117 929 1120 930 1109 928 1083 889 1088 880 1084 879 1084 878 1084 839 1089 823 1085 821 1085 820 1085 819 1085 819 1085 818 1085 810 1090 805 1086 804 1086 803 1086 802 1086 800 1086 775 1089 762 1087 750 1085 749 1085 748 1085 748 1085 745 1088 741 1090 665 1090 572 1089 571 1089 570 1089 560 1092 551 1096 532 1093 522 1092 521 1092 520 1092 519 1092 518 1094 515 1097 511 1094 506 1091 506 1091 505 1091 478 1091 477 1091 476 1091 467 1095 462 1097 455 1096 449 1094 448 1094 447 1094 434 1097 422 1098 416 1097 404 1093 403 1093 402 1093 401 1093 400 1093 396 1097 394 1099 327 1100 325 1099 320 1096 319 1096 318 1096 317 1096 317 1096 316 1096 309 1100 307 1101 256 1101 255 1101 243 1097 242 1097 242 1097 203 1102 204 1123"/></Shape>
            <String CONTENT="officium docendi ſumpta inde occaſione, nunc de epiſcopatu ipſo diſᛘ"
                    HPOS="203"
                    VPOS="1083"
                    WIDTH="727"
                    HEIGHT="49"
                    ></String>
          </TextLine>
          <TextLine ID="line_30"
                    TAGREFS="LT8"
                    BASELINE="202 1154 582 1142 929 1138" 
                    HPOS="201"
                    VPOS="1113"
                    WIDTH="728"
                    HEIGHT="53">
            <Shape><Polygon POINTS="202 1154 202 1166 216 1161 266 1163 267 1163 268 1163 268 1163 274 1159 299 1163 300 1163 340 1163 400 1161 401 1161 416 1155 495 1154 519 1158 521 1158 522 1158 600 1157 612 1156 612 1156 629 1150 929 1149 929 1138 928 1118 871 1113 870 1113 869 1113 868 1113 861 1119 830 1115 829 1115 828 1115 819 1119 812 1114 811 1114 810 1114 810 1114 757 1121 756 1121 752 1121 616 1119 616 1119 581 1123 508 1121 507 1121 506 1121 506 1121 498 1126 457 1123 456 1123 431 1128 431 1128 414 1123 413 1123 412 1123 411 1123 393 1129 392 1129 332 1125 331 1125 295 1132 293 1132 290 1132 223 1128 222 1128 221 1128 201 1133 202 1154"/></Shape>
            <String CONTENT="ſerit. Primò, quò melius appareat, quàm non ſine cauſa mulieres"
                    HPOS="201"
                    VPOS="1113"
                    WIDTH="728"
                    HEIGHT="53"
                    WC="0.9856769713488492"></String>
          </TextLine>
          <TextLine ID="line_31"
                    TAGREFS="LT8"
                    BASELINE="202 1183 598 1171 929 1167" 
                    HPOS="202"
                    VPOS="1142"
                    WIDTH="727"
                    HEIGHT="52">
            <Shape><Polygon POINTS="202 1183 202 1194 379 1191 380 1191 392 1187 405 1190 405 1190 406 1190 407 1190 416 1186 476 1189 488 1189 488 1189 489 1189 491 1189 502 1184 571 1186 572 1186 572 1186 581 1181 720 1179 729 1183 730 1183 731 1183 731 1183 742 1179 776 1183 778 1183 779 1183 779 1183 792 1177 838 1177 928 1180 929 1167 927 1145 874 1142 873 1142 845 1147 837 1149 833 1147 826 1144 825 1144 824 1144 823 1144 811 1148 806 1149 798 1149 773 1145 772 1145 742 1149 732 1151 722 1150 682 1146 682 1146 642 1153 633 1154 626 1153 600 1149 599 1149 599 1149 582 1154 580 1154 575 1154 547 1151 546 1151 525 1155 521 1156 515 1156 461 1151 460 1151 430 1152 429 1152 428 1152 418 1158 417 1159 363 1159 352 1155 351 1155 350 1155 314 1161 312 1161 308 1161 229 1157 228 1157 227 1157 202 1163 202 1183"/></Shape>
            <String CONTENT="admittere noluerit ad ipſum exercendum: deinde, ne ſolas mulieres"
                    HPOS="202"
                    VPOS="1142"
                    WIDTH="727"
                    HEIGHT="52"
                    WC="0.9879326288516704"></String>
          </TextLine>
          <TextLine ID="line_32"
                    TAGREFS="LT8"
                    BASELINE="202 1212 616 1201 929 1198" 
                    HPOS="202"
                    VPOS="1172"
                    WIDTH="727"
                    HEIGHT="52">
            <Shape><Polygon POINTS="202 1212 202 1224 287 1218 391 1219 460 1219 461 1219 462 1219 466 1216 472 1213 494 1215 503 1216 504 1216 523 1215 555 1211 560 1214 564 1215 565 1215 566 1215 567 1215 576 1213 586 1211 597 1212 610 1215 611 1215 681 1210 700 1209 705 1209 733 1213 734 1213 735 1213 735 1213 742 1208 743 1207 748 1208 770 1212 770 1212 801 1207 803 1207 805 1207 850 1211 850 1211 851 1211 863 1206 904 1209 905 1209 906 1209 929 1202 929 1198 927 1178 874 1178 863 1172 862 1172 861 1172 860 1172 834 1179 826 1173 825 1173 824 1173 823 1173 789 1178 665 1176 664 1176 663 1176 636 1184 597 1178 596 1178 506 1180 460 1188 443 1181 442 1181 441 1181 440 1181 421 1189 408 1184 407 1184 406 1184 405 1184 387 1189 387 1190 370 1190 286 1191 277 1186 276 1186 275 1186 274 1186 273 1186 259 1193 202 1193 202 1212"/></Shape>
            <String CONTENT="arcendo viros omnes promiſcuè admittere videatur: tertiò quia ex¬"
                    HPOS="202"
                    VPOS="1172"
                    WIDTH="727"
                    HEIGHT="52"
                    WC="0.9903015805714166"></String>
          </TextLine>
          <TextLine ID="line_33"
                    TAGREFS="LT8"
                    BASELINE="202 1242 611 1231 931 1227" 
                    HPOS="202"
                    VPOS="1202"
                    WIDTH="729"
                    HEIGHT="52">
            <Shape><Polygon POINTS="202 1242 202 1254 318 1247 350 1251 355 1251 356 1251 393 1250 394 1250 395 1250 395 1250 401 1246 423 1250 427 1250 427 1250 434 1249 476 1243 566 1242 586 1246 590 1246 591 1246 592 1246 594 1246 612 1242 645 1245 649 1245 650 1245 657 1245 720 1239 931 1239 931 1227 929 1207 867 1202 867 1202 866 1202 865 1202 858 1207 858 1208 853 1208 553 1208 552 1208 551 1208 535 1214 481 1210 480 1210 480 1210 479 1210 471 1215 471 1216 436 1216 434 1216 320 1213 319 1213 202 1221 202 1242"/></Shape>
            <String CONTENT="pediebat, Timotheum &amp; alios admoneri, quanta in eligendis epiſco¬"
                    HPOS="202"
                    VPOS="1202"
                    WIDTH="729"
                    HEIGHT="52"
                    WC="0.9908151599077079"></String>
          </TextLine>
          <TextLine ID="line_34"
                    TAGREFS="LT8"
                    BASELINE="203 1272 686 1259 933 1259" 
                    HPOS="202"
                    VPOS="1232"
                    WIDTH="731"
                    HEIGHT="53">
            <Shape><Polygon POINTS="203 1272 203 1285 261 1278 275 1283 276 1283 277 1283 387 1275 468 1277 469 1277 508 1272 531 1277 532 1277 533 1277 533 1277 559 1271 579 1276 580 1276 581 1276 625 1276 659 1275 660 1275 660 1275 674 1268 737 1267 757 1270 758 1270 779 1266 788 1271 789 1271 790 1271 850 1266 860 1270 861 1270 862 1270 933 1268 933 1259 932 1237 912 1237 911 1237 899 1232 898 1232 898 1232 897 1232 896 1232 887 1238 886 1239 850 1240 830 1240 829 1239 818 1233 817 1233 816 1233 772 1240 728 1236 727 1236 726 1236 712 1242 661 1237 660 1237 660 1237 644 1242 634 1237 633 1237 632 1237 631 1237 630 1237 621 1243 609 1238 608 1238 607 1238 547 1239 546 1239 533 1245 511 1240 511 1240 510 1240 509 1240 500 1246 453 1242 453 1242 452 1242 429 1248 407 1242 406 1242 405 1242 405 1242 392 1249 392 1250 387 1250 344 1250 333 1244 332 1244 331 1244 330 1244 317 1250 300 1245 299 1245 299 1245 298 1245 297 1245 290 1250 268 1246 268 1246 267 1246 253 1250 221 1246 220 1246 220 1246 202 1253 203 1272"/></Shape>
            <String CONTENT="pis religio ſeruanda eſſet. Talis ergo eſtcontextus, mea ſententia,"
                    HPOS="202"
                    VPOS="1232"
                    WIDTH="731"
                    HEIGHT="53"
                    WC="0.9912742153922124"></String>
          </TextLine>
          <TextLine ID="line_35"
                    TAGREFS="LT8"
                    BASELINE="203 1301 682 1290 934 1287" 
                    HPOS="202"
                    VPOS="1265"
                    WIDTH="732"
                    HEIGHT="47">
            <Shape><Polygon POINTS="203 1301 203 1312 245 1307 277 1311 278 1311 279 1311 296 1307 510 1307 513 1307 513 1306 514 1306 515 1306 519 1302 547 1305 548 1305 595 1300 623 1303 624 1303 625 1303 638 1299 660 1303 661 1303 662 1303 678 1298 934 1297 934 1287 932 1268 841 1269 841 1269 828 1265 828 1265 827 1265 803 1270 801 1270 800 1270 763 1265 762 1265 762 1265 761 1265 751 1271 749 1272 723 1272 722 1272 674 1267 674 1267 673 1267 663 1272 617 1270 616 1270 616 1270 606 1274 556 1269 555 1269 480 1277 475 1278 459 1278 453 1278 441 1272 440 1272 440 1272 439 1272 427 1278 376 1273 375 1273 374 1273 357 1279 338 1274 337 1274 336 1274 335 1274 334 1274 325 1281 283 1281 280 1281 279 1281 242 1276 241 1276 202 1283 203 1301"/></Shape>
            <String CONTENT="acſi diceret Paulus, adeo non eſſe idontas mulieres obeundæ tantæ"
                    HPOS="202"
                    VPOS="1265"
                    WIDTH="732"
                    HEIGHT="47"
                    WC="0.9813305863967309"></String>
          </TextLine>
          <TextLine ID="line_36"
                    TAGREFS="LT8"
                    BASELINE="202 1331 585 1322 937 1318" 
                    HPOS="201"
                    VPOS="1292"
                    WIDTH="736"
                    HEIGHT="57">
            <Shape><Polygon POINTS="202 1331 202 1347 256 1342 272 1347 278 1349 279 1349 280 1349 281 1349 287 1347 301 1341 347 1345 380 1347 381 1347 382 1347 383 1347 387 1343 394 1339 406 1343 407 1343 408 1343 409 1343 412 1343 432 1339 440 1343 448 1346 449 1346 449 1346 563 1344 605 1338 625 1335 652 1337 698 1339 699 1339 700 1339 708 1335 711 1334 718 1335 741 1340 742 1341 790 1341 790 1340 837 1332 842 1331 846 1331 880 1337 881 1337 937 1329 937 1318 935 1295 868 1292 867 1292 867 1292 858 1296 857 1296 852 1296 792 1294 792 1294 791 1294 778 1298 776 1298 759 1298 642 1296 641 1296 201 1307 202 1331"/></Shape>
            <String CONTENT="functioni, vt ne viris quidem ipſis indiſcriminatim patefieri aditum"
                    HPOS="201"
                    VPOS="1292"
                    WIDTH="736"
                    HEIGHT="57"
                    WC="0.9842658226980883"></String>
          </TextLine>
        </TextBlock>
        <TextBlock HPOS="863"
                   VPOS="1332"
                   WIDTH="69"
                   HEIGHT="33"
                   ID="block_6"
                   TAGREFS="BT17">
          <Shape><Polygon POINTS="932 1332 932 1365 863 1365 863 1332"/></Shape>
          <TextLine ID="line_37"
                    TAGREFS="LT8"
                    BASELINE="862 1349 926 1349" 
                    HPOS="862"
                    VPOS="1330"
                    WIDTH="64"
                    HEIGHT="51">
            <Shape><Polygon POINTS="862 1349 863 1381 907 1369 925 1370 926 1349 925 1330 862 1330 862 1349"/></Shape>
            <String CONTENT="opor¬"
                    HPOS="862"
                    VPOS="1330"
                    WIDTH="64"
                    HEIGHT="51"
                    WC="0.9998679041862488"></String>
          </TextLine>
        </TextBlock>
      </PrintSpace>
    </Page>
  </Layout>
</alto>
