<?xml version="1.0" encoding="UTF-8"?>
<alto xmlns:xsi="http://www.w3.org/2001/XMLSchema-instance"
    xmlns="http://www.loc.gov/standards/alto/ns-v4#"
    xsi:schemaLocation="http://www.loc.gov/standards/alto/ns-v4# http://www.loc.gov/standards/alto/v4/alto-4-3.xsd">
    <Description>
        <MeasurementUnit>pixel</MeasurementUnit>
        <sourceImageInformation>
            <fileName>2013161.jpeg</fileName>
        </sourceImageInformation>
        <Processing ID="OCR_0">
            <processingCategory>other</processingCategory>
            <processingStepDescription>unknown</processingStepDescription>
            <processingSoftware>
                <softwareName>kraken</softwareName>
                <softwareVersion>4.3.13</softwareVersion>
            </processingSoftware>
        </Processing>
    </Description>
    <Tags>
        <OtherTag ID="TYPE_1" LABEL="DefaultLine"/>
        <OtherTag ID="TYPE_2" LABEL="MarginTextZone-ManuscriptAddendum"/>
        <OtherTag ID="TYPE_3" LABEL="TitlePageZone"/>
        <OtherTag ID="TYPE_4" LABEL="StampZone-Sticker"/>
        <OtherTag ID="TYPE_5" LABEL="StampZone"/>
        <OtherTag ID="TYPE_6" LABEL="MainZone-Entry-Continued"/>
        <OtherTag ID="TYPE_7" LABEL="GraphicZone-Maths"/>
        <OtherTag ID="TYPE_8" LABEL="FigureZone"/>
        <OtherTag ID="TYPE_9" LABEL="MainZone-Signature"/>
        <OtherTag ID="TYPE_10" LABEL="MainZone-P-Continued"/>
        <OtherTag ID="TYPE_11" LABEL="GraphicZone-Decoration"/>
        <OtherTag ID="TYPE_12" LABEL="MainZone-Date"/>
        <OtherTag ID="TYPE_13" LABEL="MainZone-Other"/>
        <OtherTag ID="TYPE_14" LABEL="TableZone-Continued"/>
        <OtherTag ID="TYPE_15" LABEL="MarginTextZone-Notes-Continued"/>
        <OtherTag ID="TYPE_16" LABEL="FigureZone-FigDesc"/>
        <OtherTag ID="TYPE_17" LABEL="MarginTextZone-Notes"/>
        <OtherTag ID="TYPE_18" LABEL="DropCapitalZone"/>
        <OtherTag ID="TYPE_19" LABEL="GraphicZone"/>
        <OtherTag ID="TYPE_20" LABEL="RunningTitleZone"/>
        <OtherTag ID="TYPE_21" LABEL="GraphicZone-FigDesc"/>
        <OtherTag ID="TYPE_22" LABEL="MainZone-Lg"/>
        <OtherTag ID="TYPE_23" LABEL="FigureZone-Head"/>
        <OtherTag ID="TYPE_24" LABEL="MainZone-P"/>
        <OtherTag ID="TYPE_25" LABEL="GraphicZone-Head"/>
        <OtherTag ID="TYPE_26" LABEL="QuireMarksZone"/>
        <OtherTag ID="TYPE_27" LABEL="MainZone-Sp"/>
        <OtherTag ID="TYPE_28" LABEL="MainZone-List"/>
        <OtherTag ID="TYPE_29" LABEL="GraphicZone-Part"/>
        <OtherTag ID="TYPE_30" LABEL="DigitizationArtefactZone"/>
        <OtherTag ID="TYPE_31" LABEL="MainZone-Entry"/>
        <OtherTag ID="TYPE_32" LABEL="TableZone-Head"/>
        <OtherTag ID="TYPE_33" LABEL="GraphicZone-TextualContent"/>
        <OtherTag ID="TYPE_34" LABEL="AdvertisementZone"/>
        <OtherTag ID="TYPE_35" LABEL="MainZone-List-Continued"/>
        <OtherTag ID="TYPE_36" LABEL="MainZone-Form"/>
        <OtherTag ID="TYPE_37" LABEL="MainZone-Head"/>
        <OtherTag ID="TYPE_38" LABEL="NumberingZone"/>
        <OtherTag ID="TYPE_39" LABEL="TitlePageZone-Index"/>
        <OtherTag ID="TYPE_40" LABEL="MainZone-Sp-Continued"/>
        <OtherTag ID="TYPE_41" LABEL="TableZone"/>
        <OtherTag ID="TYPE_42" LABEL="MainZone-Lg-Continued"/>
    </Tags>
    <Layout>
        <Page WIDTH="1000" HEIGHT="1448" PHYSICAL_IMG_NR="0" ID="page_0">
            <PrintSpace HPOS="0" VPOS="0" WIDTH="1000" HEIGHT="1448">
                <TextBlock ID="block_1" HPOS="237" VPOS="92" WIDTH="169" HEIGHT="33" TAGREFS="TYPE_20">
                    <Shape>
                        <Polygon POINTS="237.25424194335938 92.0647201538086 406.320556640625 92.0647201538086 406.320556640625 125.19551086425781 237.25424194335938 125.19551086425781 237.25424194335938 92.0647201538086"/>
                    </Shape>
                    <TextLine ID="line_0" HPOS="234" VPOS="102" WIDTH="172" HEIGHT="23" BASELINE="235 117 406 115" TAGREFS="TYPE_1">
                        <Shape>
                            <Polygon POINTS="235 117 235 123 404 125 406 115 403 102 234 102 235 117"/>
                        </Shape>
                        <String CONTENT=""/>
                    </TextLine>
</TextBlock>
                <TextBlock ID="block_3" HPOS="571" VPOS="98" WIDTH="57" HEIGHT="33" TAGREFS="TYPE_38">
                    <Shape>
                        <Polygon POINTS="571.6602783203125 98.96302032470703 628.8609619140625 98.96302032470703 628.8609619140625 131.0831756591797 571.6602783203125 131.0831756591797 571.6602783203125 98.96302032470703"/>
                    </Shape>
                    <TextLine ID="line_1" HPOS="572" VPOS="90" WIDTH="53" HEIGHT="42" BASELINE="572 118 625 119" TAGREFS="TYPE_1">
                        <Shape>
                            <Polygon POINTS="572 118 572 126 599 132 600 132 625 127 625 119 625 90 572 94 572 118"/>
                        </Shape>
                        <String CONTENT=""/>
                    </TextLine>
</TextBlock>
                <TextBlock ID="block_0" HPOS="41" VPOS="127" WIDTH="586" HEIGHT="717" TAGREFS="TYPE_10">
                    <Shape>
                        <Polygon POINTS="41.285701751708984 127.58381652832031 627.64794921875 127.58381652832031 627.64794921875 844.7489624023438 41.285701751708984 844.7489624023438 41.285701751708984 127.58381652832031"/>
                    </Shape>
                    <TextLine ID="line_2" HPOS="46" VPOS="123" WIDTH="576" HEIGHT="45" BASELINE="47 155 622 152" TAGREFS="TYPE_1">
                        <Shape>
                            <Polygon POINTS="47 155 47 163 60 168 61 168 61 168 99 163 105 163 116 163 207 168 208 168 274 163 294 162 310 163 353 167 353 167 354 167 362 163 366 162 369 163 378 166 378 166 379 166 380 166 392 163 397 162 400 163 408 167 409 167 410 167 434 163 439 163 621 163 622 152 621 131 575 131 559 123 559 123 558 123 525 129 488 123 487 123 464 124 463 124 462 124 452 131 359 124 358 124 323 131 312 124 312 124 311 124 295 124 294 124 293 124 269 132 249 132 240 125 239 125 238 125 238 125 205 131 143 125 142 125 141 125 119 132 102 125 102 125 101 125 46 132 47 155"/>
                        </Shape>
                        <String CONTENT=""/>
                    </TextLine>

                    <TextLine ID="line_3" HPOS="47" VPOS="160" WIDTH="578" HEIGHT="41" BASELINE="47 188 625 186" TAGREFS="TYPE_1">
                        <Shape>
                            <Polygon POINTS="624 168 580 160 579 160 547 167 546 167 544 167 522 160 521 160 520 160 489 166 484 168 412 168 410 166 396 160 395 160 395 160 347 165 326 168 267 168 263 165 259 160 258 160 257 160 212 160 211 160 210 160 209 160 204 164 198 168 188 164 176 160 175 160 88 160 87 160 86 160 76 164 61 168 47 164 47 188 48 201 65 195 238 198 312 200 313 200 335 197 361 194 373 197 382 199 382 199 383 200 428 200 428 199 429 199 430 199 434 196 437 194 445 196 459 199 460 199 625 193 625 186 624 168"/>
                        </Shape>
                        <String CONTENT=""/>
                    </TextLine>

                    <TextLine ID="line_4" HPOS="47" VPOS="193" WIDTH="577" HEIGHT="40" BASELINE="48 220 624 218" TAGREFS="TYPE_1">
                        <Shape>
                            <Polygon POINTS="48 220 48 228 105 233 106 233 129 229 135 228 154 229 234 233 235 233 236 233 237 233 242 229 246 227 255 229 269 232 270 232 315 229 347 227 374 230 407 232 407 232 421 230 434 227 456 230 472 231 473 231 473 231 477 230 484 226 622 230 624 218 622 201 543 201 526 193 526 193 525 193 524 193 506 201 461 201 438 193 437 193 436 193 436 193 418 201 415 201 291 194 290 194 289 194 266 201 205 195 204 195 203 195 187 201 175 195 174 195 155 195 154 195 153 195 138 201 122 195 121 195 88 195 87 195 86 195 86 195 76 201 47 201 48 220"/>
                        </Shape>
                        <String CONTENT=""/>
                    </TextLine>

                    <TextLine ID="line_5" HPOS="47" VPOS="230" WIDTH="581" HEIGHT="33" BASELINE="47 252 628 252" TAGREFS="TYPE_1">
                        <Shape>
                            <Polygon POINTS="47 252 47 262 627 263 628 252 627 230 47 230 47 252"/>
                        </Shape>
                        <String CONTENT=""/>
                    </TextLine>

                    <TextLine ID="line_6" HPOS="49" VPOS="257" WIDTH="574" HEIGHT="39" BASELINE="49 283 623 283" TAGREFS="TYPE_1">
                        <Shape>
                            <Polygon POINTS="49 283 49 296 114 292 120 296 121 296 122 296 123 296 123 296 124 296 138 292 161 296 164 296 165 296 166 296 167 296 175 292 222 295 234 296 235 296 248 295 292 292 301 295 304 296 305 296 306 296 307 296 310 295 320 292 359 294 382 296 382 296 383 296 389 294 398 292 450 294 496 296 497 296 623 292 623 283 623 265 611 265 602 257 601 257 600 257 600 257 574 261 551 257 550 257 549 257 534 265 482 265 469 257 469 257 468 257 467 257 466 257 465 257 455 264 444 257 443 257 442 257 441 257 440 257 431 261 399 257 398 257 397 257 384 264 312 264 298 259 297 259 296 259 296 259 295 259 288 265 260 265 233 259 232 259 231 259 230 259 222 264 213 258 213 258 212 258 108 257 107 257 106 257 92 265 49 265 49 283"/>
                        </Shape>
                        <String CONTENT=""/>
                    </TextLine>

                    <TextLine ID="line_7" HPOS="47" VPOS="291" WIDTH="578" HEIGHT="40" BASELINE="47 317 625 317" TAGREFS="TYPE_1">
                        <Shape>
                            <Polygon POINTS="47 317 47 324 72 330 73 330 132 325 135 325 139 325 186 329 187 329 211 325 214 325 215 325 222 330 223 330 224 330 225 331 267 331 267 330 268 330 269 330 276 326 277 325 287 326 338 330 339 330 340 330 355 326 357 326 361 326 403 330 403 330 404 330 405 330 409 326 410 326 411 326 415 330 416 330 417 330 418 330 442 327 452 325 625 327 625 317 625 297 609 292 609 292 608 292 607 292 606 292 600 298 598 298 562 298 561 297 552 291 551 291 551 291 537 291 536 291 535 291 534 291 534 292 528 297 527 298 501 298 500 297 493 291 492 291 491 291 446 291 445 291 444 291 444 291 437 296 427 296 410 298 390 298 389 296 382 291 382 291 381 291 292 291 291 291 290 291 271 296 263 298 185 298 181 295 176 291 175 291 174 291 152 291 152 291 151 291 150 291 145 295 141 297 47 295 47 317"/>
                        </Shape>
                        <String CONTENT=""/>
                    </TextLine>

                    <TextLine ID="line_8" HPOS="48" VPOS="322" WIDTH="575" HEIGHT="39" BASELINE="49 348 623 347" TAGREFS="TYPE_1">
                        <Shape>
                            <Polygon POINTS="49 348 49 361 93 356 174 360 175 360 176 360 187 356 195 360 196 360 197 361 244 361 244 360 245 360 246 360 252 356 335 359 352 360 353 360 368 359 427 356 459 359 473 360 474 360 481 358 493 356 510 358 519 360 520 360 622 357 623 347 622 329 604 322 603 322 585 322 584 322 584 322 583 322 576 329 559 329 550 322 549 322 548 322 547 322 469 328 436 322 436 322 435 322 434 322 424 329 387 329 369 322 368 322 367 322 344 328 337 323 337 322 337 322 336 322 335 322 296 327 270 322 269 322 268 322 250 328 208 322 207 322 206 322 205 322 205 323 199 329 177 329 166 322 165 322 164 322 164 322 144 327 125 322 124 322 123 322 123 322 122 322 113 329 48 329 49 348"/>
                        </Shape>
                        <String CONTENT=""/>
                    </TextLine>

                    <TextLine ID="line_9" HPOS="47" VPOS="354" WIDTH="578" HEIGHT="41" BASELINE="48 382 625 380" TAGREFS="TYPE_1">
                        <Shape>
                            <Polygon POINTS="48 382 48 395 78 390 164 390 172 394 172 394 173 394 174 394 176 394 197 390 215 394 218 394 219 394 225 394 252 390 263 394 266 394 267 394 267 394 285 394 340 389 358 393 364 394 365 394 453 394 453 394 454 394 455 394 456 391 460 389 492 391 524 394 525 394 526 394 535 391 542 389 547 390 553 394 554 394 555 394 555 394 567 390 575 389 583 390 598 394 599 394 624 390 625 380 624 362 602 354 601 354 600 354 600 354 599 354 590 362 536 362 522 354 521 354 508 354 507 354 506 354 506 354 497 361 497 362 346 362 345 361 337 354 337 354 336 354 335 354 334 354 315 361 312 362 273 362 271 361 263 355 262 355 261 355 260 355 228 361 221 362 174 362 172 361 160 355 159 355 158 355 47 360 48 382"/>
                        </Shape>
                        <String CONTENT=""/>
                    </TextLine>

                    <TextLine ID="line_10" HPOS="45" VPOS="385" WIDTH="580" HEIGHT="42" BASELINE="46 414 625 411" TAGREFS="TYPE_1">
                        <Shape>
                            <Polygon POINTS="46 414 46 423 127 427 127 427 128 427 138 423 140 423 144 423 163 427 164 427 164 427 165 427 172 423 174 422 232 422 236 423 242 427 243 427 244 427 320 427 320 427 320 427 331 423 341 421 349 424 355 426 356 426 357 426 358 426 366 424 378 421 396 424 409 426 410 426 411 426 415 424 421 422 510 424 547 425 547 425 556 424 597 420 624 424 625 411 623 391 574 385 573 385 572 385 572 385 564 391 563 392 525 392 525 391 516 385 515 385 514 385 498 385 497 385 497 385 484 392 476 392 420 392 419 392 409 386 408 386 407 386 407 386 362 390 334 386 333 386 302 393 300 393 296 393 242 388 241 388 218 393 201 386 201 386 200 386 199 386 198 386 188 394 187 394 166 394 165 394 158 387 157 387 156 387 61 387 60 387 59 387 45 393 46 414"/>
                        </Shape>
                        <String CONTENT=""/>
                    </TextLine>

                    <TextLine ID="line_11" HPOS="44" VPOS="419" WIDTH="580" HEIGHT="42" BASELINE="45 446 624 444" TAGREFS="TYPE_1">
                        <Shape>
                            <Polygon POINTS="45 446 45 456 127 460 128 460 129 460 140 456 142 456 143 456 150 460 151 460 152 460 152 461 190 461 190 460 191 460 200 456 226 460 227 460 319 455 328 455 329 455 346 460 347 460 348 460 349 460 349 460 355 455 356 455 393 455 394 455 403 460 404 460 405 460 406 460 422 455 490 459 491 459 492 459 493 459 498 454 530 454 557 459 558 459 559 459 559 459 568 454 601 454 613 459 614 459 615 459 616 459 617 459 624 453 624 444 622 423 596 419 595 419 594 419 584 423 581 424 501 424 490 423 463 419 462 419 461 419 450 422 446 423 441 422 430 419 429 419 428 419 427 419 415 422 405 424 370 422 338 419 337 419 337 419 336 419 333 422 329 424 238 421 211 420 210 420 209 420 207 421 192 425 170 420 167 420 166 420 165 420 164 420 157 426 117 426 44 420 45 446"/>
                        </Shape>
                        <String CONTENT=""/>
                    </TextLine>

                    <TextLine ID="line_12" HPOS="45" VPOS="453" WIDTH="579" HEIGHT="41" BASELINE="45 478 624 478" TAGREFS="TYPE_1">
                        <Shape>
                            <Polygon POINTS="45 478 45 493 114 493 115 493 115 493 117 493 129 489 143 493 146 493 147 493 148 493 153 493 175 489 201 493 209 493 210 494 292 494 292 493 293 493 297 493 311 489 330 493 338 493 339 493 340 493 345 492 359 489 367 492 369 493 370 493 370 493 378 492 412 489 417 492 419 493 419 493 420 493 421 493 432 492 456 489 482 489 489 492 491 493 492 493 493 493 493 493 511 492 542 489 572 489 576 492 578 493 579 493 580 493 580 493 624 491 624 478 623 458 592 458 590 458 584 453 584 453 583 453 582 453 510 458 501 458 497 458 476 453 475 453 445 458 443 458 441 458 425 453 424 453 423 453 400 457 394 453 393 453 392 453 350 453 349 453 349 453 336 458 335 459 272 459 271 458 250 453 249 453 215 458 214 458 213 458 193 453 193 453 192 453 45 458 45 478"/>
                        </Shape>
                        <String CONTENT=""/>
                    </TextLine>

                    <TextLine ID="line_13" HPOS="42" VPOS="483" WIDTH="580" HEIGHT="42" BASELINE="43 511 622 508" TAGREFS="TYPE_1">
                        <Shape>
                            <Polygon POINTS="43 511 43 520 111 524 111 524 112 524 113 524 118 521 120 519 141 519 144 521 150 524 151 524 152 524 152 525 186 525 186 524 187 524 188 524 188 523 191 521 192 520 213 521 261 523 262 523 283 521 308 518 319 521 327 523 328 523 329 523 329 523 330 523 330 522 332 521 335 518 354 518 361 522 362 522 362 522 363 522 364 522 373 522 397 518 433 522 444 522 445 522 446 522 448 522 460 518 505 521 506 521 555 517 579 522 580 522 580 522 581 522 591 517 596 522 597 522 598 522 599 522 621 522 622 508 620 486 579 489 576 486 572 484 572 483 572 483 571 483 543 483 543 483 542 483 541 483 537 487 534 489 497 489 493 487 481 483 481 483 480 483 415 488 390 489 382 488 358 484 357 484 356 484 346 489 344 489 342 489 331 484 330 484 329 484 176 490 151 491 149 490 143 485 142 485 141 485 123 485 122 485 121 485 120 485 112 490 57 487 57 487 56 487 42 490 43 511"/>
                        </Shape>
                        <String CONTENT=""/>
                    </TextLine>

                    <TextLine ID="line_14" HPOS="43" VPOS="514" WIDTH="579" HEIGHT="40" BASELINE="44 543 622 540" TAGREFS="TYPE_1">
                        <Shape>
                            <Polygon POINTS="44 543 44 554 621 551 622 540 621 521 590 514 589 514 588 514 571 520 547 514 547 514 546 514 545 514 534 518 522 514 522 514 521 514 520 514 519 514 512 520 465 514 464 514 463 514 462 514 462 515 455 521 430 514 429 514 428 514 399 519 383 514 382 514 382 514 381 514 367 520 333 514 332 514 331 514 330 514 318 522 307 515 306 515 265 515 264 515 263 515 263 515 253 522 234 517 234 517 233 517 232 517 221 522 181 522 164 522 145 516 144 516 144 516 143 516 142 516 131 522 131 523 128 523 95 523 85 516 84 516 83 516 56 516 55 516 54 516 43 522 44 543"/>
                        </Shape>
                        <String CONTENT=""/>
                    </TextLine>

                    <TextLine ID="line_15" HPOS="41" VPOS="549" WIDTH="581" HEIGHT="41" BASELINE="42 575 622 572" TAGREFS="TYPE_1">
                        <Shape>
                            <Polygon POINTS="42 575 42 584 123 589 124 589 147 584 152 589 153 589 154 589 155 590 186 590 186 589 285 584 320 588 321 588 350 584 382 588 382 588 407 583 417 587 418 587 419 587 419 587 432 583 454 588 455 588 456 588 456 588 462 583 537 587 538 587 539 587 548 582 561 587 562 587 563 588 600 588 600 587 601 587 622 580 622 572 621 552 523 549 522 549 473 553 465 553 462 553 444 549 444 549 443 549 442 549 436 553 434 553 412 549 411 549 411 549 398 553 397 553 395 553 339 549 338 549 337 549 320 554 317 554 306 554 201 550 200 550 199 550 183 554 102 551 102 551 101 551 91 555 50 551 49 551 49 551 41 554 42 575"/>
                        </Shape>
                        <String CONTENT=""/>
                    </TextLine>

                    <TextLine ID="line_16" HPOS="41" VPOS="579" WIDTH="580" HEIGHT="43" BASELINE="41 608 621 604" TAGREFS="TYPE_1">
                        <Shape>
                            <Polygon POINTS="41 608 41 622 76 617 112 621 115 621 116 621 117 621 118 621 127 617 177 620 178 620 205 616 227 620 240 621 241 621 242 621 248 619 257 616 264 619 271 621 271 621 272 621 273 621 283 618 296 615 336 615 339 617 341 619 341 619 342 619 343 619 344 619 350 617 360 615 369 617 384 621 385 621 434 616 448 615 449 616 457 620 458 620 459 621 500 621 500 620 501 620 511 615 514 613 528 614 575 619 576 619 621 612 621 604 619 584 551 584 549 583 540 580 539 580 539 580 538 580 524 583 521 584 518 583 508 579 507 579 506 579 506 579 505 579 499 583 497 584 494 583 488 580 487 580 486 580 460 583 451 584 448 583 438 580 437 580 436 580 436 580 425 583 419 584 417 583 413 580 412 580 411 580 411 580 410 580 409 580 405 583 401 585 288 585 278 582 272 580 271 580 271 580 270 580 263 582 248 586 141 582 135 582 134 582 133 582 132 582 126 586 115 582 115 582 114 582 113 582 102 587 97 582 96 582 95 582 41 582 41 608"/>
                        </Shape>
                        <String CONTENT=""/>
                    </TextLine>

                    <TextLine ID="line_17" HPOS="41" VPOS="612" WIDTH="580" HEIGHT="41" BASELINE="41 639 621 639" TAGREFS="TYPE_1">
                        <Shape>
                            <Polygon POINTS="41 639 41 647 108 652 109 652 135 648 139 648 144 648 169 652 170 652 171 652 177 649 179 648 185 649 211 652 212 652 213 652 226 649 230 648 234 649 246 652 246 652 247 653 337 653 337 652 338 652 339 652 342 649 345 648 356 649 370 652 370 653 424 653 424 652 425 652 428 650 433 648 441 650 447 652 448 652 448 652 460 650 476 648 492 650 500 652 501 652 502 652 506 651 515 648 620 651 621 639 621 619 592 619 585 612 584 612 584 612 583 612 582 612 568 617 559 612 558 612 557 612 533 617 502 612 502 612 501 612 500 612 492 617 481 612 481 612 480 612 479 612 478 612 471 619 407 619 328 612 327 612 326 612 325 612 317 618 296 613 295 613 271 618 256 612 255 612 255 612 254 612 240 619 207 619 200 612 199 612 198 612 197 612 197 612 179 617 148 612 147 612 109 619 82 619 74 613 74 613 73 613 72 613 41 618 41 639"/>
                        </Shape>
                        <String CONTENT=""/>
                    </TextLine>

                    <TextLine ID="line_18" HPOS="40" VPOS="643" WIDTH="579" HEIGHT="43" BASELINE="41 672 619 670" TAGREFS="TYPE_1">
                        <Shape>
                            <Polygon POINTS="41 672 41 683 171 682 172 682 176 686 177 686 178 686 179 686 233 686 233 686 305 682 320 681 335 681 424 685 425 685 535 680 565 684 566 684 567 684 567 684 572 680 596 684 596 684 619 678 619 670 617 649 578 649 576 649 568 643 567 643 567 643 566 643 565 643 550 649 547 649 542 649 512 643 511 643 510 643 491 649 486 649 475 649 434 643 433 643 432 643 432 643 424 648 419 651 358 651 354 648 350 644 349 644 349 644 348 644 347 644 337 648 328 650 303 647 274 644 273 644 272 644 265 647 259 649 251 647 241 644 240 644 239 644 223 647 213 649 191 647 168 645 167 645 166 645 165 645 163 646 156 651 148 646 147 646 146 646 145 646 144 646 144 646 138 650 121 646 116 645 115 645 111 646 91 651 84 646 82 645 82 645 81 645 80 645 40 645 41 672"/>
                        </Shape>
                        <String CONTENT=""/>
                    </TextLine>

                    <TextLine ID="line_19" HPOS="41" VPOS="679" WIDTH="576" HEIGHT="40" BASELINE="41 703 617 705" TAGREFS="TYPE_1">
                        <Shape>
                            <Polygon POINTS="484 682 476 682 468 682 460 682 452 682 444 682 436 682 427 682 419 682 415 682 394 682 393 682 391 682 387 682 379 682 378 682 377 682 376 682 367 682 363 682 355 682 347 682 339 682 331 682 323 682 318 682 315 682 314 682 313 682 311 682 307 682 299 682 291 682 287 682 283 682 281 682 168 682 168 682 162 682 154 682 146 682 138 682 130 682 122 682 114 682 106 682 98 682 90 682 82 682 74 682 65 682 57 682 49 682 41 682 41 703 41 711 51 717 52 717 53 717 53 717 68 713 89 717 90 717 159 713 242 718 243 718 309 714 424 714 435 719 436 719 436 719 616 714 617 705 616 684 588 679 587 679 500 683 492 683 491 683 488 682 484 682"/>
                        </Shape>
                        <String CONTENT=""/>
                    </TextLine>

                    <TextLine ID="line_20" HPOS="43" VPOS="711" WIDTH="575" HEIGHT="39" BASELINE="43 735 618 735" TAGREFS="TYPE_1">
                        <Shape>
                            <Polygon POINTS="43 735 43 745 52 750 53 750 53 750 81 745 118 749 119 749 144 745 162 750 163 750 164 750 255 746 279 750 280 750 304 745 312 750 312 750 313 750 314 750 315 750 316 750 321 745 352 745 358 750 359 750 360 750 361 750 362 750 369 746 374 750 375 750 376 750 377 750 423 746 469 750 469 750 511 745 514 745 518 745 550 749 551 749 551 749 562 745 563 745 567 745 601 750 602 750 603 750 618 745 618 735 618 717 584 711 583 711 563 715 559 711 558 711 557 711 556 711 555 711 536 716 426 711 425 711 424 711 423 711 418 717 390 717 382 711 382 711 381 711 353 711 353 711 352 711 340 716 329 711 329 711 305 711 304 711 275 717 205 717 187 711 186 711 112 711 111 711 111 711 94 716 66 711 65 711 65 711 43 716 43 735"/>
                        </Shape>
                        <String CONTENT=""/>
                    </TextLine>

                    <TextLine ID="line_21" HPOS="41" VPOS="742" WIDTH="576" HEIGHT="41" BASELINE="41 767 617 769" TAGREFS="TYPE_1">
                        <Shape>
                            <Polygon POINTS="41 767 41 781 72 777 147 781 157 781 158 781 159 781 160 781 176 777 189 780 194 781 195 781 196 781 222 780 266 777 275 780 286 782 287 782 288 782 300 780 311 777 324 780 342 782 343 782 344 782 351 779 357 777 370 779 391 782 392 782 422 779 430 778 433 779 446 783 447 783 448 783 497 779 525 783 526 783 526 783 527 783 534 778 535 778 617 778 617 769 617 751 600 744 600 744 599 744 576 749 562 744 561 744 497 744 497 744 496 744 495 744 485 750 485 750 395 750 393 750 382 743 381 743 380 743 379 743 378 743 360 749 360 750 312 750 312 749 304 743 303 743 302 743 301 743 270 749 267 749 264 749 232 745 231 745 207 748 195 742 194 742 193 742 193 742 176 748 154 742 153 742 76 742 75 742 41 748 41 767"/>
                        </Shape>
                        <String CONTENT=""/>
                    </TextLine>

                    <TextLine ID="line_22" HPOS="42" VPOS="774" WIDTH="575" HEIGHT="43" BASELINE="43 800 617 802" TAGREFS="TYPE_1">
                        <Shape>
                            <Polygon POINTS="43 800 42 809 58 815 59 815 60 815 94 810 119 815 119 815 143 810 144 810 147 810 172 814 173 814 174 814 181 811 183 810 190 811 217 814 218 814 218 814 228 812 232 810 234 812 238 815 238 815 239 815 240 815 262 812 269 811 271 812 279 816 279 816 280 816 306 813 320 811 353 814 390 816 390 816 404 814 426 811 458 811 462 815 464 817 465 817 465 817 466 817 467 817 470 815 477 812 485 815 489 817 489 817 490 817 510 816 563 812 616 817 617 802 617 778 603 776 602 776 601 776 600 776 597 778 589 783 576 778 571 777 570 777 569 777 568 777 563 778 550 783 540 778 534 776 534 776 533 776 532 776 531 776 529 778 522 784 463 784 444 779 430 776 429 776 428 776 427 776 423 779 417 783 389 783 371 779 345 775 344 775 343 775 342 775 336 780 332 783 282 783 279 780 273 775 272 775 271 775 246 775 245 775 244 775 243 775 237 780 234 782 224 781 193 774 192 774 122 780 56 774 55 774 54 774 43 780 43 800"/>
                        </Shape>
                        <String CONTENT=""/>
                    </TextLine>

                    <TextLine ID="line_23" HPOS="41" VPOS="806" WIDTH="221" HEIGHT="41" BASELINE="41 833 262 833" TAGREFS="TYPE_1">
                        <Shape>
                            <Polygon POINTS="41 833 41 842 80 847 81 847 138 847 138 847 139 847 139 847 139 846 142 843 144 843 261 845 262 833 262 814 152 806 151 806 150 806 149 806 145 810 140 813 135 809 135 808 134 808 133 808 132 808 121 809 74 813 41 806 41 833"/>
                        </Shape>
                        <String CONTENT=""/>
                    </TextLine>
</TextBlock>
                <TextBlock ID="block_2" HPOS="36" VPOS="847" WIDTH="584" HEIGHT="359" TAGREFS="TYPE_24">
                    <Shape>
                        <Polygon POINTS="36.657684326171875 847.6912841796875 620.869384765625 847.6912841796875 620.869384765625 1206.4139404296875 36.657684326171875 1206.4139404296875 36.657684326171875 847.6912841796875"/>
                    </Shape>
                    <TextLine ID="line_24" HPOS="72" VPOS="841" WIDTH="545" HEIGHT="42" BASELINE="72 866 617 866" TAGREFS="TYPE_1">
                        <Shape>
                            <Polygon POINTS="72 866 72 875 89 882 90 882 90 883 126 883 126 882 127 882 127 882 136 876 137 876 187 880 188 880 238 876 249 876 253 876 279 882 279 882 311 876 317 876 325 876 351 880 352 880 387 877 402 876 404 877 410 882 411 882 411 882 412 882 413 882 426 877 429 876 462 876 464 877 469 881 469 882 469 882 470 882 471 882 502 878 507 877 510 878 522 882 522 882 523 882 524 882 531 878 534 876 541 878 559 882 559 882 617 878 617 866 617 847 602 841 601 841 600 841 522 845 494 841 493 841 493 841 492 841 486 846 484 847 473 846 446 843 445 843 444 843 444 843 440 845 438 847 368 847 360 844 351 841 350 841 349 841 349 841 341 844 332 847 315 843 300 841 300 841 299 841 298 841 295 843 291 847 258 847 247 843 245 842 244 842 243 842 242 842 240 843 229 847 218 843 213 841 213 841 212 841 199 842 160 847 148 842 147 841 146 841 145 841 144 841 143 842 131 847 108 847 98 841 98 841 97 841 72 841 72 866"/>
                        </Shape>
                        <String CONTENT=""/>
                    </TextLine>

                    <TextLine ID="line_25" HPOS="40" VPOS="875" WIDTH="577" HEIGHT="32" BASELINE="40 898 617 898" TAGREFS="TYPE_1">
                        <Shape>
                            <Polygon POINTS="40 898 40 907 617 907 617 898 616 880 596 880 594 880 588 875 587 875 586 875 585 875 584 875 570 880 566 880 552 880 518 876 518 876 517 876 516 876 513 879 510 881 450 881 448 878 444 876 444 875 443 875 442 875 441 875 422 878 417 879 415 878 408 875 407 875 334 875 333 875 333 875 323 877 310 880 306 877 304 875 303 875 302 875 301 875 300 875 295 877 288 880 281 876 276 875 275 875 275 875 274 875 269 876 260 881 178 881 171 876 170 875 169 875 168 875 150 875 149 875 148 875 148 875 147 876 139 881 87 881 40 875 40 898"/>
                        </Shape>
                        <String CONTENT=""/>
                    </TextLine>

                    <TextLine ID="line_26" HPOS="39" VPOS="905" WIDTH="576" HEIGHT="40" BASELINE="39 931 615 931" TAGREFS="TYPE_1">
                        <Shape>
                            <Polygon POINTS="39 931 39 940 152 940 157 944 158 944 159 944 160 945 210 945 210 944 211 944 212 944 218 940 219 940 279 940 279 940 285 944 286 944 287 944 288 944 615 940 615 931 615 913 588 913 588 912 580 905 580 905 579 905 578 905 577 905 557 912 555 913 387 913 382 909 371 905 370 905 370 905 369 905 354 909 348 911 341 909 331 905 330 905 219 905 218 905 205 907 182 912 152 906 141 905 140 905 139 905 134 906 116 912 103 906 101 905 100 905 99 905 39 905 39 931"/>
                        </Shape>
                        <String CONTENT=""/>
                    </TextLine>

                    <TextLine ID="line_27" HPOS="37" VPOS="936" WIDTH="580" HEIGHT="40" BASELINE="38 962 617 963" TAGREFS="TYPE_1">
                        <Shape>
                            <Polygon POINTS="38 962 37 971 102 975 103 975 104 975 112 972 117 970 127 972 139 974 139 974 158 973 179 970 193 973 205 975 206 975 207 975 208 975 210 973 213 970 327 970 371 970 379 974 383 976 384 976 385 976 422 974 493 972 522 976 528 976 529 976 530 976 531 976 543 971 616 976 617 963 617 945 596 937 595 937 515 937 514 937 514 937 503 942 501 944 498 942 491 937 490 937 489 937 489 937 488 937 479 942 465 937 465 937 464 937 463 937 449 942 442 945 339 945 333 940 328 937 327 937 326 937 309 937 308 937 308 937 307 937 304 940 299 943 258 939 242 937 241 937 240 937 239 937 238 938 231 944 191 944 180 937 177 937 176 937 137 937 136 937 135 937 134 937 118 943 104 937 103 937 102 937 102 937 83 941 38 936 38 962"/>
                        </Shape>
                        <String CONTENT=""/>
                    </TextLine>

                    <TextLine ID="line_28" HPOS="37" VPOS="968" WIDTH="581" HEIGHT="40" BASELINE="37 994 618 995" TAGREFS="TYPE_1">
                        <Shape>
                            <Polygon POINTS="37 994 37 1003 104 1007 105 1007 251 1003 279 1003 283 1003 304 1007 304 1007 324 1003 327 1003 329 1003 339 1008 340 1008 341 1008 360 1004 404 1004 409 1008 410 1008 411 1008 411 1008 617 1003 618 995 618 976 596 976 596 975 581 969 580 969 580 969 538 974 495 969 494 969 493 969 482 974 479 976 453 976 451 974 444 969 444 969 443 969 442 969 441 969 432 974 427 976 396 976 391 973 383 969 382 969 382 969 363 973 362 973 354 969 353 969 353 969 352 969 351 969 345 973 341 975 331 973 315 968 314 968 313 968 294 972 286 974 275 972 262 970 261 970 260 970 259 970 256 972 251 975 209 975 202 971 196 968 195 968 194 968 193 968 184 971 171 974 37 970 37 994"/>
                        </Shape>
                        <String CONTENT=""/>
                    </TextLine>

                    <TextLine ID="line_29" HPOS="37" VPOS="1003" WIDTH="581" HEIGHT="40" BASELINE="37 1028 618 1028" TAGREFS="TYPE_1">
                        <Shape>
                            <Polygon POINTS="37 1028 37 1036 95 1042 96 1042 97 1042 107 1037 109 1036 203 1036 205 1037 213 1042 213 1042 214 1042 215 1042 251 1037 262 1036 309 1036 312 1037 320 1042 321 1042 322 1042 353 1038 362 1036 370 1038 391 1042 392 1043 421 1043 421 1042 422 1042 433 1038 438 1036 458 1036 462 1038 469 1042 470 1042 471 1042 490 1038 492 1038 495 1038 528 1042 529 1042 618 1038 618 1028 618 1011 583 1011 583 1010 574 1003 573 1003 572 1003 572 1003 571 1003 556 1010 544 1004 543 1004 543 1004 515 1010 514 1010 510 1010 468 1006 467 1006 366 1009 339 1010 337 1009 322 1003 321 1003 320 1003 294 1007 263 1003 263 1003 240 1009 234 1010 229 1009 209 1003 208 1003 207 1003 182 1008 174 1003 173 1003 172 1003 172 1003 148 1007 135 1003 135 1003 134 1003 133 1003 121 1008 116 1010 84 1010 82 1008 78 1004 78 1003 77 1003 76 1003 75 1003 37 1007 37 1028"/>
                        </Shape>
                        <String CONTENT=""/>
                    </TextLine>

                    <TextLine ID="line_30" HPOS="37" VPOS="1032" WIDTH="578" HEIGHT="41" BASELINE="38 1058 615 1060" TAGREFS="TYPE_1">
                        <Shape>
                            <Polygon POINTS="38 1058 37 1067 47 1072 48 1072 49 1072 74 1067 78 1067 136 1067 138 1068 162 1073 163 1073 164 1073 177 1068 181 1067 279 1067 283 1069 292 1073 293 1073 294 1073 315 1069 325 1067 329 1069 333 1071 333 1071 334 1071 364 1069 375 1069 377 1069 386 1073 386 1073 387 1073 432 1073 433 1073 434 1073 438 1069 441 1068 500 1068 505 1070 511 1073 512 1073 513 1073 535 1070 551 1068 563 1070 577 1073 578 1073 614 1070 615 1060 614 1033 599 1033 598 1033 597 1033 596 1033 596 1034 589 1040 522 1040 511 1033 510 1033 510 1033 509 1033 508 1033 507 1033 489 1040 450 1034 444 1033 428 1033 427 1033 427 1033 426 1033 425 1034 418 1040 387 1034 380 1033 346 1033 345 1033 345 1033 342 1034 334 1039 313 1035 301 1032 248 1032 247 1032 246 1032 238 1035 226 1040 209 1040 204 1035 201 1032 200 1032 199 1032 198 1032 176 1033 176 1033 175 1033 172 1036 168 1039 147 1036 131 1033 130 1033 129 1033 128 1033 125 1036 119 1040 104 1040 98 1036 93 1032 92 1032 91 1032 90 1032 90 1032 89 1032 84 1036 80 1039 70 1036 59 1032 58 1032 57 1032 38 1036 38 1058"/>
                        </Shape>
                        <String CONTENT=""/>
                    </TextLine>

                    <TextLine ID="line_31" HPOS="37" VPOS="1067" WIDTH="579" HEIGHT="40" BASELINE="37 1092 616 1094" TAGREFS="TYPE_1">
                        <Shape>
                            <Polygon POINTS="37 1092 37 1103 76 1106 77 1106 89 1104 107 1101 116 1104 121 1106 122 1106 123 1106 176 1106 176 1106 176 1106 181 1104 194 1101 232 1105 244 1106 245 1106 246 1106 246 1106 247 1105 253 1101 315 1101 324 1105 326 1106 327 1106 328 1107 420 1107 420 1106 421 1106 422 1106 423 1106 431 1102 567 1102 572 1106 573 1106 574 1106 575 1107 615 1107 616 1094 615 1073 556 1068 555 1068 530 1073 526 1073 519 1073 478 1068 477 1068 477 1068 465 1073 464 1073 460 1073 439 1068 438 1068 437 1068 436 1068 431 1073 429 1074 403 1074 391 1073 337 1068 336 1068 335 1068 334 1068 329 1073 327 1073 251 1073 249 1073 239 1067 238 1067 238 1067 202 1073 199 1073 198 1073 185 1067 184 1067 183 1067 182 1067 164 1073 162 1073 114 1073 112 1073 105 1067 104 1067 103 1067 102 1067 102 1067 82 1073 80 1073 37 1073 37 1092"/>
                        </Shape>
                        <String CONTENT=""/>
                    </TextLine>

                    <TextLine ID="line_32" HPOS="37" VPOS="1098" WIDTH="577" HEIGHT="41" BASELINE="37 1123 614 1125" TAGREFS="TYPE_1">
                        <Shape>
                            <Polygon POINTS="37 1123 37 1137 69 1132 99 1132 108 1137 111 1138 111 1138 112 1138 135 1136 199 1132 230 1135 250 1138 251 1138 271 1135 297 1132 310 1135 326 1139 327 1139 362 1139 362 1139 362 1139 363 1139 369 1135 372 1133 432 1133 434 1134 440 1139 440 1139 441 1139 442 1139 485 1139 485 1139 485 1139 502 1134 504 1133 506 1134 528 1139 529 1139 583 1139 583 1139 613 1132 614 1125 613 1106 576 1101 576 1101 544 1106 526 1100 526 1100 525 1100 524 1100 511 1106 493 1099 492 1099 435 1099 434 1099 433 1099 432 1099 423 1106 423 1106 420 1106 385 1102 384 1102 347 1106 340 1106 323 1106 316 1099 316 1098 315 1098 314 1098 313 1098 281 1104 253 1098 252 1098 223 1105 222 1105 222 1105 182 1098 181 1098 154 1105 153 1105 152 1105 134 1101 133 1101 97 1105 92 1105 91 1105 80 1098 79 1098 78 1098 78 1098 77 1098 69 1105 67 1105 37 1105 37 1123"/>
                        </Shape>
                        <String CONTENT=""/>
                    </TextLine>

                    <TextLine ID="line_33" HPOS="35" VPOS="1131" WIDTH="578" HEIGHT="42" BASELINE="36 1157 613 1159" TAGREFS="TYPE_1">
                        <Shape>
                            <Polygon POINTS="36 1157 35 1164 60 1165 71 1172 72 1172 73 1172 168 1166 172 1166 173 1166 199 1172 200 1172 201 1172 213 1166 214 1166 215 1166 227 1170 228 1170 229 1170 248 1167 252 1166 255 1167 269 1172 270 1172 271 1172 306 1168 324 1172 325 1172 325 1173 384 1173 384 1172 385 1172 386 1172 392 1168 395 1167 456 1167 461 1168 471 1172 472 1172 473 1172 492 1168 494 1168 495 1168 499 1172 500 1172 501 1172 502 1172 612 1169 613 1159 613 1139 591 1131 590 1131 589 1131 555 1139 515 1139 507 1131 506 1131 506 1131 487 1131 486 1131 485 1131 471 1139 444 1139 427 1131 427 1131 426 1131 425 1131 403 1138 391 1131 390 1131 390 1131 389 1131 377 1138 324 1138 309 1131 308 1131 289 1131 288 1131 288 1131 287 1131 279 1137 188 1131 187 1131 148 1137 135 1131 134 1131 62 1131 61 1131 61 1131 36 1137 36 1157"/>
                        </Shape>
                        <String CONTENT=""/>
                    </TextLine>

                    <TextLine ID="line_34" HPOS="35" VPOS="1164" WIDTH="577" HEIGHT="50" BASELINE="35 1189 612 1192" TAGREFS="TYPE_1">
                        <Shape>
                            <Polygon POINTS="35 1189 35 1207 76 1206 78 1207 82 1211 82 1212 83 1212 84 1212 85 1213 99 1213 99 1212 100 1212 111 1207 113 1207 114 1207 125 1212 126 1212 127 1212 127 1212 128 1212 134 1207 135 1207 139 1207 170 1212 171 1212 172 1212 181 1207 189 1204 196 1207 205 1212 205 1212 230 1213 230 1213 231 1213 232 1213 239 1207 244 1205 273 1207 312 1211 312 1211 313 1211 326 1207 337 1205 419 1205 432 1207 461 1213 462 1214 487 1214 487 1213 488 1213 489 1213 496 1207 497 1207 515 1213 516 1213 517 1214 563 1214 563 1213 563 1213 576 1207 580 1205 585 1207 595 1211 596 1211 596 1211 597 1211 611 1207 612 1192 612 1172 598 1165 597 1165 596 1165 569 1171 534 1165 534 1165 506 1171 496 1165 495 1165 494 1165 493 1165 477 1170 473 1165 472 1165 471 1165 419 1164 418 1164 417 1164 402 1169 371 1164 370 1164 370 1164 347 1171 341 1171 291 1171 291 1170 285 1165 284 1165 283 1165 283 1165 282 1165 281 1165 276 1170 252 1170 230 1170 229 1170 209 1164 209 1164 208 1164 81 1169 77 1169 76 1169 69 1164 68 1164 67 1164 46 1164 45 1164 45 1164 35 1168 35 1189"/>
                        </Shape>
                        <String CONTENT=""/>
                    </TextLine>
</TextBlock>
            </PrintSpace>
        </Page>
    </Layout>
</alto>