<?xml version="1.0" encoding="UTF-8"?>
<alto xmlns:xsi="http://www.w3.org/2001/XMLSchema-instance"
    xmlns="http://www.loc.gov/standards/alto/ns-v4#"
    xsi:schemaLocation="http://www.loc.gov/standards/alto/ns-v4# http://www.loc.gov/standards/alto/v4/alto-4-3.xsd">
    <Description>
        <MeasurementUnit>pixel</MeasurementUnit>
        <sourceImageInformation>
            <fileName>6293988.jpg</fileName>
        </sourceImageInformation>
        <Processing ID="OCR_0">
            <processingCategory>other</processingCategory>
            <processingStepDescription>unknown</processingStepDescription>
            <processingSoftware>
                <softwareName>kraken</softwareName>
                <softwareVersion>4.3.13</softwareVersion>
            </processingSoftware>
        </Processing>
    </Description>
    <Tags>
        <OtherTag ID="TYPE_1" LABEL="DefaultLine"/>
        <OtherTag ID="TYPE_2" LABEL="TableZone-Continued"/>
        <OtherTag ID="TYPE_3" LABEL="MainZone-Sp-Continued"/>
        <OtherTag ID="TYPE_4" LABEL="GraphicZone-Decoration"/>
        <OtherTag ID="TYPE_5" LABEL="TitlePageZone-Index"/>
        <OtherTag ID="TYPE_6" LABEL="FigureZone"/>
        <OtherTag ID="TYPE_7" LABEL="MainZone-Head"/>
        <OtherTag ID="TYPE_8" LABEL="DigitizationArtefactZone"/>
        <OtherTag ID="TYPE_9" LABEL="MainZone-List-Continued"/>
        <OtherTag ID="TYPE_10" LABEL="StampZone-Sticker"/>
        <OtherTag ID="TYPE_11" LABEL="GraphicZone-Head"/>
        <OtherTag ID="TYPE_12" LABEL="NumberingZone"/>
        <OtherTag ID="TYPE_13" LABEL="MarginTextZone-Notes-Continued"/>
        <OtherTag ID="TYPE_14" LABEL="GraphicZone-FigDesc"/>
        <OtherTag ID="TYPE_15" LABEL="MarginTextZone-Notes"/>
        <OtherTag ID="TYPE_16" LABEL="MainZone-Other"/>
        <OtherTag ID="TYPE_17" LABEL="TableZone-Head"/>
        <OtherTag ID="TYPE_18" LABEL="GraphicZone"/>
        <OtherTag ID="TYPE_19" LABEL="MainZone-Entry"/>
        <OtherTag ID="TYPE_20" LABEL="MainZone-Form"/>
        <OtherTag ID="TYPE_21" LABEL="RunningTitleZone"/>
        <OtherTag ID="TYPE_22" LABEL="MainZone-Lg"/>
        <OtherTag ID="TYPE_23" LABEL="MainZone-Entry-Continued"/>
        <OtherTag ID="TYPE_24" LABEL="MainZone-Signature"/>
        <OtherTag ID="TYPE_25" LABEL="DropCapitalZone"/>
        <OtherTag ID="TYPE_26" LABEL="AdvertisementZone"/>
        <OtherTag ID="TYPE_27" LABEL="TitlePageZone"/>
        <OtherTag ID="TYPE_28" LABEL="GraphicZone-TextualContent"/>
        <OtherTag ID="TYPE_29" LABEL="QuireMarksZone"/>
        <OtherTag ID="TYPE_30" LABEL="MainZone-Date"/>
        <OtherTag ID="TYPE_31" LABEL="TableZone"/>
        <OtherTag ID="TYPE_32" LABEL="FigureZone-Head"/>
        <OtherTag ID="TYPE_33" LABEL="StampZone"/>
        <OtherTag ID="TYPE_34" LABEL="MainZone-Lg-Continued"/>
        <OtherTag ID="TYPE_35" LABEL="GraphicZone-Part"/>
        <OtherTag ID="TYPE_36" LABEL="MainZone-P-Continued"/>
        <OtherTag ID="TYPE_37" LABEL="MainZone-Sp"/>
        <OtherTag ID="TYPE_38" LABEL="GraphicZone-Maths"/>
        <OtherTag ID="TYPE_39" LABEL="MarginTextZone-ManuscriptAddendum"/>
        <OtherTag ID="TYPE_40" LABEL="MainZone-P"/>
        <OtherTag ID="TYPE_41" LABEL="FigureZone-FigDesc"/>
        <OtherTag ID="TYPE_42" LABEL="MainZone-List"/>
    </Tags>
    <Layout>
        <Page WIDTH="1000" HEIGHT="1466" PHYSICAL_IMG_NR="0" ID="page_0">
            <PrintSpace HPOS="0" VPOS="0" WIDTH="1000" HEIGHT="1466">
                <TextBlock ID="block_0" HPOS="167" VPOS="32" WIDTH="38" HEIGHT="29" TAGREFS="TYPE_12">
                    <Shape>
                        <Polygon POINTS="167.1764373779297 32.87981414794922 205.30532836914062 32.87981414794922 205.30532836914062 61.488739013671875 167.1764373779297 61.488739013671875 167.1764373779297 32.87981414794922"/>
                    </Shape>
                    <TextLine ID="line_0" HPOS="167" VPOS="22" WIDTH="41" HEIGHT="39" BASELINE="169 52 208 51" TAGREFS="TYPE_1">
                        <Shape>
                            <Polygon POINTS="169 52 169 61 207 57 208 51 207 24 167 22 169 52"/>
                        </Shape>
                        <String CONTENT=""/>
                    </TextLine>
</TextBlock>
                <TextBlock ID="textblock_2">
                    
                    <TextLine ID="line_1" HPOS="155" VPOS="904" WIDTH="26" HEIGHT="45" BASELINE="156 928 180 926" TAGREFS="TYPE_1">
                        <Shape>
                            <Polygon POINTS="171 904 162 904 155 916 156 928 157 949 181 947 180 926 179 905 176 904 171 904"/>
                        </Shape>
                        <String CONTENT=""/>
                    </TextLine>

                </TextBlock>
                <TextBlock ID="block_1" HPOS="421" VPOS="30" WIDTH="235" HEIGHT="33" TAGREFS="TYPE_21">
                    <Shape>
                        <Polygon POINTS="421.6078186035156 30.81741714477539 656.28662109375 30.81741714477539 656.28662109375 63.32455062866211 421.6078186035156 63.32455062866211 421.6078186035156 30.81741714477539"/>
                    </Shape>
                    <TextLine ID="line_2" HPOS="425" VPOS="22" WIDTH="231" HEIGHT="46" BASELINE="425 55 656 52" TAGREFS="TYPE_1">
                        <Shape>
                            <Polygon POINTS="425 68 450 63 475 67 476 67 477 68 532 68 532 67 533 67 533 67 533 66 534 66 537 63 542 66 543 66 544 66 545 66 546 66 546 66 561 62 567 65 568 67 569 67 570 67 571 67 572 67 577 65 591 61 596 65 597 66 598 66 599 66 599 66 656 64 656 52 654 30 607 22 606 22 570 29 567 29 562 28 533 23 532 23 531 23 530 23 530 24 525 27 524 29 521 27 515 23 514 23 513 23 512 23 511 23 503 27 500 29 497 27 493 24 492 24 491 24 490 24 489 24 481 26 468 31 435 31 426 26 425 55 425 68"/>
                        </Shape>
                        <String CONTENT=""/>
                    </TextLine>
</TextBlock>
                <TextBlock ID="textblock_4">
                    
                    <TextLine ID="line_3" HPOS="179" VPOS="68" WIDTH="733" HEIGHT="41" BASELINE="180 95 912 91" TAGREFS="TYPE_1">
                        <Shape>
                            <Polygon POINTS="749 80 741 80 733 80 725 80 717 80 709 80 700 80 692 80 684 80 676 80 668 80 660 80 651 80 643 80 635 80 627 80 619 80 611 80 603 80 594 80 586 80 578 80 570 80 562 80 554 80 546 80 537 80 529 80 521 80 513 80 505 80 497 80 488 80 480 80 472 80 464 80 456 80 448 80 440 80 431 80 423 80 415 80 407 80 399 80 391 80 383 80 374 80 366 80 358 80 350 80 342 80 334 80 325 80 317 80 309 80 301 80 293 80 285 80 277 80 268 80 260 80 252 80 244 80 236 80 228 80 220 80 211 80 203 80 195 80 187 80 179 80 180 95 180 109 219 103 233 108 233 108 234 109 237 109 291 109 291 108 295 108 327 102 344 107 346 107 347 107 348 107 351 107 374 102 429 105 453 107 453 107 454 107 455 107 458 105 462 102 481 105 486 105 487 105 488 105 488 105 488 105 495 101 548 104 591 106 592 106 614 103 634 100 652 103 669 105 670 105 711 102 734 100 741 101 764 105 765 105 823 105 823 105 835 100 837 100 844 100 885 105 886 105 911 99 912 91 911 68 782 68 781 68 766 70 749 72 749 80"/>
                        </Shape>
                        <String CONTENT=""/>
                    </TextLine>

                </TextBlock>
                <TextBlock ID="block_3" HPOS="182" VPOS="98" WIDTH="743" HEIGHT="1264" TAGREFS="TYPE_36">
                    <Shape>
                        <Polygon POINTS="182.0142822265625 98.7878646850586 925.89794921875 98.7878646850586 925.89794921875 1362.82763671875 182.0142822265625 1362.82763671875 182.0142822265625 98.7878646850586"/>
                    </Shape>
                    <TextLine ID="line_4" HPOS="179" VPOS="98" WIDTH="732" HEIGHT="39" BASELINE="180 124 911 120" TAGREFS="TYPE_1">
                        <Shape>
                            <Polygon POINTS="180 124 180 137 214 132 320 136 351 136 352 136 352 136 357 136 371 131 405 135 418 136 419 136 431 134 452 131 492 133 537 136 537 136 554 132 564 131 590 131 592 132 597 136 598 136 599 136 599 136 751 131 794 134 795 134 822 130 828 134 829 134 830 134 831 135 874 135 874 134 911 127 911 120 911 104 898 99 897 99 896 99 858 103 844 98 843 98 842 98 841 98 824 103 762 99 762 99 761 99 752 103 751 104 747 103 723 100 722 100 680 103 670 104 667 103 651 99 651 99 650 99 649 99 648 99 641 103 640 104 637 103 620 99 619 99 618 99 592 103 582 105 576 103 567 100 566 100 565 100 550 103 541 105 538 103 532 100 531 100 530 100 497 103 471 105 447 103 423 100 422 100 384 103 343 105 334 103 328 100 327 100 326 100 325 100 321 103 314 106 299 103 295 102 294 102 293 102 290 103 281 106 272 103 268 101 268 101 267 101 266 101 262 103 253 106 238 103 233 101 232 101 231 101 230 101 226 103 214 106 179 103 180 124"/>
                        </Shape>
                        <String CONTENT=""/>
                    </TextLine>

                    <TextLine ID="line_5" HPOS="181" VPOS="131" WIDTH="731" HEIGHT="38" BASELINE="182 155 912 150" TAGREFS="TYPE_1">
                        <Shape>
                            <Polygon POINTS="182 155 182 163 270 163 271 163 277 168 278 168 279 168 280 169 302 169 302 168 303 168 316 163 321 162 370 163 431 165 432 165 433 165 440 162 446 161 451 162 460 166 461 166 462 166 506 162 511 162 515 162 546 166 546 166 567 162 572 162 577 162 592 165 593 165 607 162 618 160 633 162 656 166 656 166 695 162 709 161 714 162 728 165 729 165 730 165 740 162 743 161 745 162 752 165 753 165 753 165 797 162 811 161 813 162 819 164 819 164 820 164 821 164 826 162 832 158 845 162 858 164 859 164 911 161 912 150 910 131 181 134 182 155"/>
                        </Shape>
                        <String CONTENT=""/>
                    </TextLine>

                    <TextLine ID="line_6" HPOS="182" VPOS="156" WIDTH="730" HEIGHT="41" BASELINE="183 184 912 179" TAGREFS="TYPE_1">
                        <Shape>
                            <Polygon POINTS="753 171 748 161 681 158 625 157 625 157 607 160 590 162 561 160 524 158 524 158 487 162 467 163 461 162 453 159 452 159 451 159 409 162 403 162 399 162 339 158 338 158 337 158 328 163 326 164 310 164 201 159 200 159 199 159 182 165 183 184 183 193 267 197 268 197 315 193 329 192 333 193 345 196 346 196 347 197 426 197 426 196 427 196 427 196 432 193 434 192 442 193 473 196 474 196 475 196 486 193 490 191 493 193 499 195 500 195 501 196 620 196 620 195 621 195 627 192 632 190 643 192 656 194 656 194 672 192 684 190 911 191 912 179 910 156 884 161 792 158 791 158 790 158 758 162 757 161 753 171"/>
                        </Shape>
                        <String CONTENT=""/>
                    </TextLine>

                    <TextLine ID="line_7" HPOS="181" VPOS="186" WIDTH="731" HEIGHT="36" BASELINE="182 215 912 210" TAGREFS="TYPE_1">
                        <Shape>
                            <Polygon POINTS="182 215 182 222 911 221 912 210 909 186 891 191 816 188 815 188 788 193 743 193 730 187 729 187 728 187 727 187 631 188 630 188 611 193 577 188 577 188 545 194 513 189 512 189 471 194 458 188 457 188 456 188 435 188 434 188 433 188 432 188 422 195 356 189 351 189 350 189 347 189 315 194 279 190 278 190 277 190 277 190 255 196 181 191 182 215"/>
                        </Shape>
                        <String CONTENT=""/>
                    </TextLine>

                    <TextLine ID="line_8" HPOS="179" VPOS="214" WIDTH="733" HEIGHT="39" BASELINE="180 244 912 239" TAGREFS="TYPE_1">
                        <Shape>
                            <Polygon POINTS="180 244 180 253 912 248 912 239 909 215 891 219 879 215 877 214 876 214 847 214 846 214 841 215 821 219 797 215 791 214 790 214 784 215 762 220 755 215 754 215 753 215 753 215 693 215 692 215 691 215 688 215 665 221 626 215 623 215 596 215 595 215 594 215 594 215 581 221 492 216 488 216 487 216 486 216 472 223 416 223 374 223 359 218 358 218 357 218 356 218 356 218 348 223 299 223 179 218 180 244"/>
                        </Shape>
                        <String CONTENT=""/>
                    </TextLine>

                    <TextLine ID="line_9" HPOS="178" VPOS="245" WIDTH="733" HEIGHT="39" BASELINE="179 273 911 267" TAGREFS="TYPE_1">
                        <Shape>
                            <Polygon POINTS="179 273 179 282 596 284 597 284 650 279 653 279 656 279 695 283 696 283 717 278 720 278 727 278 779 282 780 282 911 276 911 267 909 245 753 250 740 245 736 245 735 245 735 245 718 246 679 250 673 246 671 245 670 245 617 245 616 245 603 246 555 251 546 246 544 246 543 246 542 246 541 246 541 246 541 247 532 252 488 252 398 247 387 247 386 247 385 247 384 247 374 253 291 248 287 248 286 248 286 248 285 248 275 254 178 249 179 273"/>
                        </Shape>
                        <String CONTENT=""/>
                    </TextLine>

                    <TextLine ID="line_10" HPOS="178" VPOS="276" WIDTH="733" HEIGHT="35" BASELINE="179 302 911 298" TAGREFS="TYPE_1">
                        <Shape>
                            <Polygon POINTS="179 302 179 310 726 311 727 311 728 311 738 307 740 307 910 307 911 298 909 281 762 276 761 276 760 276 748 280 631 276 630 276 629 276 613 281 599 277 599 277 598 277 597 277 588 282 528 282 501 277 500 277 446 282 418 277 417 277 375 282 365 277 364 277 363 277 362 277 351 283 350 284 294 284 293 283 280 278 279 278 278 278 242 283 242 283 222 278 221 278 220 278 220 278 219 278 213 282 207 278 207 278 206 278 205 278 178 283 179 302"/>
                        </Shape>
                        <String CONTENT=""/>
                    </TextLine>

                    <TextLine ID="line_11" HPOS="179" VPOS="304" WIDTH="732" HEIGHT="40" BASELINE="180 332 911 327" TAGREFS="TYPE_1">
                        <Shape>
                            <Polygon POINTS="180 332 180 340 268 344 269 344 361 339 367 339 368 339 383 343 384 343 385 343 510 338 512 338 513 338 544 342 545 342 656 337 670 337 696 337 897 340 898 340 898 340 911 335 911 327 910 310 876 304 875 304 788 310 669 305 668 305 636 311 516 311 505 307 504 307 503 307 502 307 481 311 383 307 383 307 382 307 371 313 330 313 302 307 301 307 300 307 282 313 267 308 266 308 265 308 219 312 197 308 196 308 195 308 179 314 180 332"/>
                        </Shape>
                        <String CONTENT=""/>
                    </TextLine>

                    <TextLine ID="line_12" HPOS="179" VPOS="333" WIDTH="736" HEIGHT="42" BASELINE="180 361 915 356" TAGREFS="TYPE_1">
                        <Shape>
                            <Polygon POINTS="180 361 180 373 191 369 234 373 262 375 263 375 264 375 270 373 276 369 348 368 364 371 380 374 381 374 403 371 425 368 466 370 521 373 522 373 543 369 556 367 616 368 617 368 623 373 624 373 625 373 625 373 709 368 837 371 838 371 839 371 848 367 879 371 880 371 914 364 915 356 913 339 854 339 843 333 842 333 841 333 770 339 766 339 763 339 718 334 718 334 693 339 669 334 669 334 668 334 653 339 620 335 619 335 618 335 617 335 610 340 608 340 589 340 427 336 427 336 396 341 386 342 361 342 359 341 354 337 353 337 352 337 352 337 333 341 328 342 325 341 314 337 313 337 312 337 273 337 273 337 272 337 266 341 264 342 255 341 235 337 234 337 179 341 180 361"/>
                        </Shape>
                        <String CONTENT=""/>
                    </TextLine>

                    <TextLine ID="line_13" HPOS="180" VPOS="363" WIDTH="737" HEIGHT="40" BASELINE="180 390 917 386" TAGREFS="TYPE_1">
                        <Shape>
                            <Polygon POINTS="180 390 180 400 563 403 563 403 634 398 641 398 642 398 647 402 648 402 649 402 650 403 758 403 758 402 891 397 900 401 901 401 902 401 903 401 917 396 917 386 915 367 815 368 811 368 784 363 783 363 782 363 770 368 768 369 665 369 664 368 646 364 645 364 612 369 607 369 601 364 600 364 599 364 566 364 565 364 462 370 457 370 456 370 432 365 431 365 408 369 328 365 327 365 246 371 191 366 190 366 189 366 180 371 180 390"/>
                        </Shape>
                        <String CONTENT=""/>
                    </TextLine>

                    <TextLine ID="line_14" HPOS="182" VPOS="395" WIDTH="733" HEIGHT="38" BASELINE="183 419 915 415" TAGREFS="TYPE_1">
                        <Shape>
                            <Polygon POINTS="753 403 750 399 740 400 731 400 729 400 719 395 718 395 665 395 664 395 631 400 620 402 497 402 493 400 486 396 485 396 484 396 484 396 473 400 469 401 466 400 457 397 456 397 397 397 396 397 396 397 387 400 381 402 370 400 353 397 352 397 308 400 264 403 182 400 183 419 183 431 292 428 298 431 302 433 303 433 303 433 330 430 368 427 403 427 409 430 415 432 416 432 417 433 450 433 450 432 451 432 457 429 461 427 541 428 718 430 718 430 772 425 773 425 774 425 882 430 883 430 915 423 915 415 913 400 873 395 872 395 872 395 871 395 863 399 799 395 798 395 754 399 753 403"/>
                        </Shape>
                        <String CONTENT=""/>
                    </TextLine>

                    <TextLine ID="line_15" HPOS="185" VPOS="421" WIDTH="729" HEIGHT="41" BASELINE="185 449 914 445" TAGREFS="TYPE_1">
                        <Shape>
                            <Polygon POINTS="185 449 185 457 197 462 198 462 198 462 336 458 359 457 362 458 377 461 378 461 378 461 420 458 430 457 438 458 464 460 465 460 466 460 472 458 476 456 493 458 519 460 520 460 538 458 550 456 580 458 611 460 612 460 612 460 616 458 622 456 913 458 914 445 911 425 881 426 880 425 873 421 872 421 872 421 871 421 804 425 790 426 784 425 762 422 762 422 740 426 733 427 726 426 703 422 702 422 701 422 685 426 681 427 674 426 649 423 648 423 549 427 522 428 514 427 476 423 475 423 475 423 458 428 453 429 425 428 334 424 334 424 333 424 324 429 321 430 288 430 286 429 279 425 278 425 277 425 277 425 185 429 185 449"/>
                        </Shape>
                        <String CONTENT=""/>
                    </TextLine>

                    <TextLine ID="line_16" HPOS="189" VPOS="452" WIDTH="726" HEIGHT="39" BASELINE="189 478 915 475" TAGREFS="TYPE_1">
                        <Shape>
                            <Polygon POINTS="189 478 189 491 245 487 333 490 350 491 351 491 360 490 401 486 408 490 409 490 409 490 410 490 412 490 430 486 519 489 542 490 543 490 555 489 599 485 637 488 645 489 646 489 672 488 763 485 785 487 792 488 792 488 797 487 815 484 823 487 826 488 827 488 828 488 836 487 860 484 913 487 915 475 913 457 838 457 831 452 830 452 829 452 828 452 794 456 788 452 788 452 787 452 786 452 731 457 730 458 674 458 644 458 614 452 613 452 583 457 568 453 568 453 567 453 527 458 525 458 524 458 509 453 508 453 373 453 372 453 371 453 361 457 295 454 294 454 252 459 251 459 251 459 228 454 227 454 189 459 189 478"/>
                        </Shape>
                        <String CONTENT=""/>
                    </TextLine>

                    <TextLine ID="line_17" HPOS="189" VPOS="482" WIDTH="727" HEIGHT="38" BASELINE="190 508 916 504" TAGREFS="TYPE_1">
                        <Shape>
                            <Polygon POINTS="190 508 190 516 354 516 370 520 370 520 371 520 372 520 387 515 389 515 392 515 403 519 404 519 405 519 496 515 501 515 503 515 551 519 552 519 553 519 564 514 566 514 577 514 648 518 649 518 716 514 717 514 732 518 733 518 734 518 915 513 916 504 914 488 863 488 863 487 849 482 848 482 847 482 821 487 819 488 726 488 711 487 671 483 670 483 669 483 660 487 656 488 646 487 619 483 618 483 617 483 609 487 605 489 533 490 492 490 487 487 484 484 484 484 483 484 482 484 481 484 475 487 467 489 434 487 408 484 407 484 392 486 368 489 189 486 190 508"/>
                        </Shape>
                        <String CONTENT=""/>
                    </TextLine>

                    <TextLine ID="line_18" HPOS="189" VPOS="511" WIDTH="726" HEIGHT="36" BASELINE="190 536 915 535" TAGREFS="TYPE_1">
                        <Shape>
                            <Polygon POINTS="190 536 190 547 914 547 915 535 913 517 885 511 885 511 884 511 871 517 857 517 762 517 762 516 748 512 747 512 746 512 745 512 737 516 729 511 728 511 727 511 726 511 726 511 710 516 709 516 661 511 660 511 607 515 592 511 591 511 590 511 558 516 550 517 542 516 508 512 507 512 465 516 461 516 460 516 450 512 449 512 396 512 395 512 394 512 393 512 387 516 385 517 338 517 334 516 325 512 324 512 323 512 299 516 290 517 232 517 229 516 224 512 224 512 223 512 222 512 189 515 190 536"/>
                        </Shape>
                        <String CONTENT=""/>
                    </TextLine>

                    <TextLine ID="line_19" HPOS="189" VPOS="540" WIDTH="727" HEIGHT="38" BASELINE="190 567 916 563" TAGREFS="TYPE_1">
                        <Shape>
                            <Polygon POINTS="190 567 190 578 916 574 916 563 914 540 857 545 821 541 811 540 810 540 801 541 769 546 688 543 635 541 634 541 634 541 625 544 614 547 605 544 596 541 595 541 537 541 537 541 536 541 528 545 524 547 476 546 335 542 334 542 189 549 190 567"/>
                        </Shape>
                        <String CONTENT=""/>
                    </TextLine>

                    <TextLine ID="line_20" HPOS="188" VPOS="570" WIDTH="732" HEIGHT="37" BASELINE="189 596 920 593" TAGREFS="TYPE_1">
                        <Shape>
                            <Polygon POINTS="189 596 189 603 367 607 368 607 919 602 920 593 917 574 851 575 845 574 835 570 834 570 833 570 832 570 832 570 828 574 824 576 790 576 785 574 775 570 774 570 773 570 772 570 757 574 752 575 748 574 739 570 738 570 737 570 711 574 698 577 541 577 526 575 497 572 496 572 495 572 480 576 475 577 470 576 458 572 458 572 457 572 440 576 435 577 430 576 414 572 413 572 412 572 319 577 291 578 273 577 211 573 211 573 188 577 189 596"/>
                        </Shape>
                        <String CONTENT=""/>
                    </TextLine>

                    <TextLine ID="line_21" HPOS="186" VPOS="600" WIDTH="733" HEIGHT="40" BASELINE="187 626 919 622" TAGREFS="TYPE_1">
                        <Shape>
                            <Polygon POINTS="187 626 187 635 278 640 279 640 280 640 297 635 356 639 356 639 357 639 374 634 375 634 427 634 449 634 478 639 479 639 533 638 533 638 545 633 588 638 589 638 660 633 692 637 693 637 694 637 708 633 756 637 757 637 805 632 839 636 840 636 841 636 850 632 883 636 884 636 919 630 919 622 917 604 844 600 843 600 824 604 816 605 812 604 801 600 801 600 771 600 770 600 747 604 735 607 629 607 624 605 613 601 612 601 612 601 581 605 560 608 448 608 423 605 390 602 389 602 294 603 293 603 281 606 271 609 260 606 246 603 245 603 244 603 231 606 222 609 186 607 187 626"/>
                        </Shape>
                        <String CONTENT=""/>
                    </TextLine>

                    <TextLine ID="line_22" HPOS="186" VPOS="629" WIDTH="731" HEIGHT="42" BASELINE="187 655 917 651" TAGREFS="TYPE_1">
                        <Shape>
                            <Polygon POINTS="187 655 188 671 206 665 279 670 287 670 288 670 291 670 313 665 322 669 323 669 324 670 383 670 383 669 384 669 385 669 386 668 393 664 427 667 442 669 443 669 505 667 590 663 605 666 624 668 625 668 642 665 651 663 669 664 708 667 709 667 709 667 722 664 728 662 733 663 745 667 746 667 747 667 780 663 793 662 916 662 917 651 916 634 844 629 843 629 797 633 791 629 790 629 789 629 788 629 788 629 787 629 780 633 760 630 759 630 726 634 719 634 718 634 712 629 711 629 710 629 668 629 667 629 666 629 655 634 654 634 653 634 647 631 647 631 646 631 616 634 601 636 568 636 565 634 559 630 559 630 558 630 557 630 536 634 527 635 515 634 488 631 488 631 487 631 479 634 473 636 467 634 459 631 458 631 458 631 428 634 414 635 402 634 379 631 378 631 365 634 356 636 330 634 305 632 304 632 303 632 303 632 299 634 295 636 268 634 248 632 247 632 246 632 240 634 231 636 186 634 187 655"/>
                        </Shape>
                        <String CONTENT=""/>
                    </TextLine>

                    <TextLine ID="line_23" HPOS="186" VPOS="659" WIDTH="730" HEIGHT="41" BASELINE="187 686 916 681" TAGREFS="TYPE_1">
                        <Shape>
                            <Polygon POINTS="187 686 187 695 307 700 308 700 308 700 325 694 326 694 340 694 449 698 450 698 506 693 509 693 517 698 518 698 519 698 519 699 549 699 549 698 550 698 550 698 559 693 569 697 570 697 571 697 607 693 609 693 611 693 648 697 649 697 650 697 669 693 697 696 698 696 752 692 753 692 753 692 760 697 761 697 762 697 762 697 787 697 787 697 842 691 845 691 849 691 893 696 894 696 894 696 916 690 916 681 914 662 731 663 728 662 719 659 718 659 718 659 624 663 607 664 600 664 565 660 564 660 563 660 552 664 550 665 542 664 511 661 511 661 510 661 496 665 493 665 491 665 471 661 471 661 402 666 393 666 391 666 376 662 375 662 374 662 347 666 346 666 345 666 329 662 328 662 327 662 306 667 303 667 293 667 221 662 220 662 220 662 211 667 198 662 198 662 197 662 196 662 186 666 187 686"/>
                        </Shape>
                        <String CONTENT=""/>
                    </TextLine>

                    <TextLine ID="line_24" HPOS="188" VPOS="689" WIDTH="728" HEIGHT="39" BASELINE="189 715 916 710" TAGREFS="TYPE_1">
                        <Shape>
                            <Polygon POINTS="189 715 189 724 405 723 406 723 416 728 417 728 488 728 488 728 520 728 521 728 532 722 533 722 543 728 544 728 545 728 604 728 604 728 768 726 769 726 770 726 778 720 779 720 806 720 858 720 881 725 882 725 916 719 916 710 915 694 812 689 811 689 779 695 624 695 604 690 603 690 603 690 602 690 585 696 510 691 509 691 463 692 462 692 453 697 444 693 443 693 442 693 441 693 423 697 400 692 399 692 398 692 397 692 390 697 363 693 362 693 361 693 352 697 345 693 344 693 343 693 296 693 295 693 267 698 208 693 207 693 207 693 188 699 189 715"/>
                        </Shape>
                        <String CONTENT=""/>
                    </TextLine>

                    <TextLine ID="line_25" HPOS="189" VPOS="715" WIDTH="730" HEIGHT="46" BASELINE="189 746 919 741" TAGREFS="TYPE_1">
                        <Shape>
                            <Polygon POINTS="189 746 190 761 220 753 358 753 370 758 370 758 371 758 372 758 373 758 380 752 433 752 444 757 444 757 445 757 462 754 492 757 502 758 502 758 511 757 537 753 547 756 548 756 549 756 550 756 550 756 551 756 560 751 586 755 601 758 602 758 614 755 621 754 638 754 673 758 674 758 733 757 752 753 762 751 768 753 780 757 781 757 782 757 817 756 818 756 831 752 838 750 845 752 855 756 856 756 857 757 884 757 884 756 918 750 919 741 916 715 884 720 863 715 857 715 856 715 855 715 853 715 842 721 795 722 576 719 575 719 430 724 415 720 408 718 407 718 334 718 333 718 332 718 321 721 317 723 189 723 189 746"/>
                        </Shape>
                        <String CONTENT=""/>
                    </TextLine>

                    <TextLine ID="line_26" HPOS="189" VPOS="747" WIDTH="728" HEIGHT="41" BASELINE="189 775 917 770" TAGREFS="TYPE_1">
                        <Shape>
                            <Polygon POINTS="189 775 189 782 308 788 309 788 674 780 685 785 686 785 687 785 781 785 781 785 782 785 797 779 877 784 878 784 917 777 917 770 915 750 784 752 776 750 766 747 766 747 765 747 748 750 738 753 589 753 572 750 555 748 555 748 537 750 515 754 493 750 480 749 480 749 440 750 361 754 354 750 352 750 351 750 311 750 310 750 302 750 274 755 261 750 259 750 259 750 258 750 189 750 189 775"/>
                        </Shape>
                        <String CONTENT=""/>
                    </TextLine>

                    <TextLine ID="line_27" HPOS="192" VPOS="776" WIDTH="726" HEIGHT="40" BASELINE="193 805 918 799" TAGREFS="TYPE_1">
                        <Shape>
                            <Polygon POINTS="754 792 751 784 589 785 585 783 580 779 579 779 578 779 577 779 557 783 548 785 537 783 503 778 502 778 466 784 453 785 446 784 429 779 428 779 427 779 427 779 408 784 407 784 406 784 381 780 380 780 379 780 365 785 359 786 349 785 325 780 325 780 249 781 248 781 247 781 241 785 239 786 231 785 203 781 202 781 202 781 192 785 193 805 193 816 918 807 918 799 916 781 814 776 813 776 812 776 800 781 797 784 757 784 754 792"/>
                        </Shape>
                        <String CONTENT=""/>
                    </TextLine>

                    <TextLine ID="line_28" HPOS="193" VPOS="807" WIDTH="729" HEIGHT="40" BASELINE="194 833 922 829" TAGREFS="TYPE_1">
                        <Shape>
                            <Polygon POINTS="194 833 194 843 422 847 423 847 424 847 425 847 431 842 431 842 436 842 513 846 514 846 547 842 550 842 555 846 556 846 557 846 558 847 630 847 630 846 679 842 766 845 767 845 768 845 769 845 776 840 777 840 792 840 885 844 885 844 921 839 922 829 920 808 788 807 787 807 786 807 785 807 781 810 775 813 755 810 743 808 742 808 741 808 736 810 728 813 707 811 688 808 687 808 656 812 634 813 629 812 621 808 620 808 619 808 596 812 592 812 589 812 572 808 571 808 570 808 554 812 547 814 545 812 539 808 538 808 537 808 517 808 516 808 515 808 515 808 508 813 506 815 480 815 472 813 449 809 448 809 447 809 429 814 425 815 408 814 321 810 320 810 319 810 318 810 310 816 309 816 298 812 297 812 296 812 244 816 219 810 218 810 217 810 193 816 194 833"/>
                        </Shape>
                        <String CONTENT=""/>
                    </TextLine>

                    <TextLine ID="line_29" HPOS="194" VPOS="834" WIDTH="731" HEIGHT="43" BASELINE="195 864 925 858" TAGREFS="TYPE_1">
                        <Shape>
                            <Polygon POINTS="195 864 195 877 380 872 449 873 502 875 502 875 503 875 510 873 515 871 524 873 538 875 539 875 741 873 761 869 767 869 781 869 832 873 832 873 924 867 925 858 921 834 902 840 836 840 784 835 779 835 778 835 775 835 744 841 601 837 585 837 585 837 584 837 583 837 573 841 544 838 542 838 541 838 541 838 528 843 433 843 390 838 383 838 382 838 343 839 342 839 330 844 276 840 275 840 274 840 273 840 262 845 251 840 250 840 249 840 194 840 195 864"/>
                        </Shape>
                        <String CONTENT=""/>
                    </TextLine>

                    <TextLine ID="line_30" HPOS="193" VPOS="864" WIDTH="730" HEIGHT="44" BASELINE="193 895 923 886" TAGREFS="TYPE_1">
                        <Shape>
                            <Polygon POINTS="193 895 193 904 270 903 273 903 289 908 290 908 290 908 345 903 378 907 378 907 409 901 412 901 413 901 422 906 423 906 424 907 479 907 479 906 480 906 480 906 487 900 568 900 613 904 614 904 718 898 743 903 744 903 849 902 923 895 923 886 921 868 894 864 893 864 892 864 881 868 871 871 813 871 806 868 799 865 798 865 797 865 797 865 796 865 792 868 788 871 728 869 706 868 705 868 700 869 681 873 660 869 649 867 648 867 647 867 642 869 629 874 595 874 583 869 579 868 578 868 577 868 577 868 572 869 563 873 484 875 396 870 387 870 387 870 374 870 249 876 193 872 193 895"/>
                        </Shape>
                        <String CONTENT=""/>
                    </TextLine>

                    <TextLine ID="line_31" HPOS="189" VPOS="895" WIDTH="732" HEIGHT="44" BASELINE="189 925 921 917" TAGREFS="TYPE_1">
                        <Shape>
                            <Polygon POINTS="751 904 743 904 735 904 726 904 718 904 710 904 702 904 694 904 686 904 678 904 669 904 661 904 653 904 645 904 637 904 629 904 621 904 612 904 604 904 596 904 588 904 580 904 572 904 563 904 555 904 547 904 539 904 531 904 523 904 515 904 506 904 498 904 490 904 482 904 474 904 466 904 458 904 449 904 441 904 433 904 425 904 406 905 397 904 392 904 384 904 376 904 368 904 360 904 352 904 343 904 339 904 335 905 331 906 328 905 323 904 319 904 311 904 303 904 295 904 286 904 278 904 270 904 268 904 260 905 246 904 246 904 237 904 229 904 221 904 213 904 205 904 197 904 189 907 189 925 189 939 263 932 311 935 312 935 491 930 499 934 505 936 506 936 506 937 552 937 552 936 582 932 589 931 591 932 603 935 603 935 604 935 770 934 771 934 788 928 792 926 801 927 839 933 840 933 920 925 921 917 920 898 897 895 896 895 895 895 887 898 883 899 879 898 872 895 871 895 870 895 848 899 837 900 833 899 826 895 825 895 782 895 781 895 758 899 753 900 751 904"/>
                        </Shape>
                        <String CONTENT=""/>
                    </TextLine>

                    <TextLine ID="line_32" HPOS="190" VPOS="923" WIDTH="730" HEIGHT="42" BASELINE="191 953 920 947" TAGREFS="TYPE_1">
                        <Shape>
                            <Polygon POINTS="753 941 748 932 697 932 692 930 678 926 678 926 677 926 676 926 662 931 659 932 654 931 633 927 632 927 631 927 620 932 616 933 611 932 587 926 586 926 585 926 569 932 567 933 564 932 550 929 549 929 548 929 513 933 506 934 504 933 483 926 482 926 481 926 480 926 480 926 470 934 469 934 436 935 405 935 405 934 390 927 389 927 388 927 353 931 241 929 240 929 239 929 229 933 215 929 214 929 213 929 212 929 190 937 191 953 191 965 628 965 628 964 629 964 647 960 735 963 736 963 801 957 822 962 823 962 823 962 824 962 825 962 833 956 907 960 907 960 908 960 920 955 920 947 918 928 877 923 876 923 876 923 864 928 859 930 850 929 835 926 834 926 833 926 821 929 813 931 809 929 801 924 800 924 799 924 798 924 797 924 784 930 779 932 756 932 753 941"/>
                        </Shape>
                        <String CONTENT=""/>
                    </TextLine>

                    <TextLine ID="line_33" HPOS="193" VPOS="954" WIDTH="727" HEIGHT="41" BASELINE="193 983 920 978" TAGREFS="TYPE_1">
                        <Shape>
                            <Polygon POINTS="193 983 193 993 293 991 302 993 308 995 308 995 309 995 320 993 334 990 344 992 349 994 350 994 351 994 403 991 449 990 474 991 519 993 519 993 550 990 562 989 585 990 676 992 677 992 708 988 714 987 733 987 828 991 828 991 920 985 920 978 920 960 901 954 900 954 899 954 850 958 831 954 830 954 829 954 819 958 799 954 798 954 797 954 778 959 744 955 744 955 743 955 732 960 731 960 729 960 692 955 691 955 661 960 654 961 568 961 566 960 558 956 557 956 556 956 533 960 524 961 510 960 488 957 487 957 469 960 458 961 454 960 446 956 445 956 444 956 373 960 310 963 300 960 295 958 294 958 258 958 257 958 256 958 252 960 246 963 193 961 193 983"/>
                        </Shape>
                        <String CONTENT=""/>
                    </TextLine>

                    <TextLine ID="line_34" HPOS="196" VPOS="985" WIDTH="724" HEIGHT="41" BASELINE="197 1012 920 1007" TAGREFS="TYPE_1">
                        <Shape>
                            <Polygon POINTS="197 1012 197 1021 245 1026 246 1026 246 1026 255 1021 257 1020 317 1020 343 1021 417 1024 418 1024 437 1021 446 1019 451 1021 461 1024 462 1024 462 1024 484 1021 493 1019 498 1021 509 1024 510 1024 511 1024 560 1020 590 1018 600 1020 615 1023 616 1023 639 1020 655 1018 660 1020 667 1023 668 1023 669 1023 817 1021 818 1021 820 1020 828 1017 835 1020 837 1021 838 1021 839 1021 845 1020 859 1017 875 1020 886 1022 887 1022 920 1019 920 1007 919 985 841 985 840 985 837 985 814 990 745 986 719 985 718 985 718 985 717 985 715 987 708 991 677 992 546 992 533 988 529 987 528 987 492 987 491 987 490 987 487 988 480 992 457 989 441 987 440 987 440 987 435 989 427 993 401 989 388 987 387 987 387 987 383 989 375 994 320 994 308 990 300 988 299 988 299 988 287 991 268 995 236 995 230 991 227 988 226 988 225 988 224 988 196 991 197 1012"/>
                        </Shape>
                        <String CONTENT=""/>
                    </TextLine>

                    <TextLine ID="line_35" HPOS="196" VPOS="1013" WIDTH="724" HEIGHT="43" BASELINE="197 1042 920 1035" TAGREFS="TYPE_1">
                        <Shape>
                            <Polygon POINTS="197 1042 197 1052 268 1051 270 1052 285 1056 286 1056 286 1056 287 1056 288 1056 295 1051 297 1050 307 1051 336 1054 337 1054 338 1054 348 1051 350 1050 352 1051 370 1055 370 1055 371 1055 372 1055 384 1050 385 1050 387 1050 409 1054 410 1054 444 1050 449 1054 450 1054 451 1054 452 1054 453 1054 468 1049 472 1049 525 1049 529 1049 557 1053 558 1053 704 1048 726 1052 727 1052 728 1052 745 1048 819 1051 820 1051 821 1051 831 1046 890 1050 891 1050 919 1044 920 1035 918 1016 863 1014 862 1014 861 1014 856 1016 844 1019 831 1016 822 1013 821 1013 820 1013 819 1013 819 1013 815 1016 810 1019 759 1020 746 1016 745 1016 744 1016 744 1016 741 1016 707 1021 660 1017 660 1017 659 1017 647 1022 612 1022 597 1016 589 1013 588 1013 587 1013 586 1013 585 1013 582 1016 573 1022 519 1022 500 1017 493 1014 492 1014 491 1014 490 1014 489 1014 487 1017 478 1022 462 1017 459 1016 458 1016 431 1016 431 1016 430 1016 427 1017 411 1022 402 1017 400 1015 399 1015 398 1015 397 1015 387 1017 370 1020 314 1017 293 1016 292 1016 251 1017 251 1017 249 1017 230 1024 216 1017 215 1017 215 1017 214 1017 196 1017 197 1042"/>
                        </Shape>
                        <String CONTENT=""/>
                    </TextLine>

                    <TextLine ID="line_36" HPOS="196" VPOS="1043" WIDTH="727" HEIGHT="42" BASELINE="197 1071 923 1066" TAGREFS="TYPE_1">
                        <Shape>
                            <Polygon POINTS="197 1071 197 1084 279 1079 296 1083 305 1084 306 1084 307 1084 312 1083 323 1079 380 1079 386 1082 392 1084 392 1084 393 1085 418 1085 418 1084 444 1081 467 1078 474 1080 479 1083 480 1083 480 1083 481 1083 489 1080 497 1078 503 1080 511 1084 512 1084 513 1084 514 1084 523 1080 528 1078 536 1079 549 1084 550 1084 550 1084 551 1084 552 1084 559 1079 560 1079 576 1079 612 1081 613 1081 614 1081 620 1079 625 1077 640 1079 679 1083 680 1083 708 1078 717 1076 722 1078 736 1082 737 1082 738 1083 795 1083 795 1082 922 1075 923 1066 920 1043 800 1049 721 1049 707 1045 698 1044 697 1044 696 1044 690 1046 678 1049 635 1046 614 1045 613 1045 578 1047 531 1050 473 1049 396 1047 396 1047 377 1050 371 1051 366 1050 344 1046 343 1046 283 1051 204 1047 203 1047 202 1047 202 1047 196 1050 197 1071"/>
                        </Shape>
                        <String CONTENT=""/>
                    </TextLine>

                    <TextLine ID="line_37" HPOS="195" VPOS="1074" WIDTH="700" HEIGHT="40" BASELINE="196 1101 895 1097" TAGREFS="TYPE_1">
                        <Shape>
                            <Polygon POINTS="196 1101 196 1109 235 1114 236 1114 237 1114 237 1114 245 1109 246 1109 253 1109 316 1113 317 1113 317 1113 318 1113 325 1109 326 1109 367 1112 368 1112 369 1112 383 1108 385 1108 389 1108 424 1113 425 1113 426 1113 444 1108 445 1108 447 1108 464 1113 465 1113 466 1114 536 1114 536 1113 537 1113 558 1107 560 1107 573 1107 674 1112 674 1112 730 1106 737 1106 781 1106 806 1106 813 1111 814 1111 814 1111 815 1111 894 1106 895 1097 892 1074 876 1079 852 1074 849 1074 848 1074 847 1074 846 1075 837 1079 801 1075 796 1075 795 1075 785 1075 718 1081 614 1081 607 1078 599 1075 598 1075 559 1075 558 1075 557 1075 547 1079 543 1079 537 1079 519 1075 518 1075 517 1075 509 1079 504 1081 471 1079 399 1075 398 1075 368 1081 361 1082 357 1081 343 1076 342 1076 310 1076 309 1076 308 1076 293 1082 292 1082 289 1082 220 1076 220 1076 219 1076 195 1083 196 1101"/>
                        </Shape>
                        <String CONTENT=""/>
                    </TextLine>

                    <TextLine ID="line_38" HPOS="194" VPOS="1104" WIDTH="730" HEIGHT="40" BASELINE="195 1130 924 1127" TAGREFS="TYPE_1">
                        <Shape>
                            <Polygon POINTS="195 1130 195 1139 295 1138 304 1139 352 1144 352 1144 378 1138 384 1137 395 1138 444 1143 444 1143 514 1139 558 1143 559 1143 625 1137 714 1142 715 1142 824 1136 828 1136 830 1136 860 1141 861 1141 862 1141 884 1136 907 1141 907 1141 908 1141 909 1141 924 1135 924 1127 922 1111 837 1104 837 1104 836 1104 822 1110 804 1104 803 1104 802 1104 770 1110 741 1104 740 1104 740 1104 713 1111 710 1112 556 1112 554 1111 546 1106 546 1106 545 1106 544 1106 497 1111 484 1112 480 1111 466 1106 465 1106 464 1106 463 1106 449 1111 445 1113 414 1113 409 1111 395 1106 394 1106 393 1106 367 1111 356 1113 346 1111 327 1107 326 1107 325 1107 312 1111 304 1113 296 1111 281 1106 280 1106 259 1106 259 1106 258 1106 257 1106 251 1111 248 1112 242 1111 220 1106 220 1106 194 1110 195 1130"/>
                        </Shape>
                        <String CONTENT=""/>
                    </TextLine>

                    <TextLine ID="line_39" HPOS="193" VPOS="1132" WIDTH="729" HEIGHT="42" BASELINE="194 1159 922 1156" TAGREFS="TYPE_1">
                        <Shape>
                            <Polygon POINTS="194 1159 194 1168 217 1174 218 1174 219 1174 229 1168 230 1168 286 1168 287 1168 295 1174 296 1174 297 1174 298 1174 336 1168 350 1172 351 1172 352 1172 352 1172 361 1168 415 1168 427 1173 427 1173 428 1174 490 1174 490 1173 491 1173 504 1167 532 1167 557 1173 558 1173 921 1165 922 1156 920 1137 866 1134 865 1134 840 1137 831 1138 824 1137 799 1132 798 1132 704 1138 678 1140 600 1140 595 1138 575 1134 574 1134 549 1138 540 1140 533 1138 511 1134 511 1134 510 1134 494 1139 490 1140 485 1139 470 1134 469 1134 468 1134 467 1134 458 1139 456 1141 419 1141 416 1139 403 1134 402 1134 401 1134 400 1134 381 1139 374 1141 369 1139 357 1136 356 1136 356 1136 337 1139 330 1141 326 1139 317 1135 316 1135 202 1135 201 1135 200 1135 199 1135 193 1137 194 1159"/>
                        </Shape>
                        <String CONTENT=""/>
                    </TextLine>

                    <TextLine ID="line_40" HPOS="193" VPOS="1162" WIDTH="730" HEIGHT="40" BASELINE="193 1188 923 1185" TAGREFS="TYPE_1">
                        <Shape>
                            <Polygon POINTS="193 1188 193 1198 213 1196 220 1198 233 1202 233 1202 234 1202 235 1202 236 1202 242 1198 245 1196 280 1196 303 1198 370 1202 370 1202 371 1202 383 1197 384 1196 386 1197 393 1200 394 1200 395 1200 413 1197 417 1196 428 1197 497 1201 498 1201 527 1197 550 1201 551 1201 602 1195 612 1194 616 1195 629 1200 629 1200 630 1201 739 1201 739 1200 740 1200 750 1195 890 1198 891 1198 922 1193 923 1185 920 1162 883 1167 801 1163 801 1163 800 1163 787 1168 691 1164 691 1164 690 1164 678 1168 668 1164 667 1164 666 1164 665 1164 649 1169 634 1166 633 1166 556 1170 506 1164 505 1164 504 1164 503 1164 494 1170 375 1164 374 1164 347 1170 321 1165 321 1165 320 1165 305 1171 287 1165 286 1165 286 1165 249 1171 193 1165 193 1188"/>
                        </Shape>
                        <String CONTENT=""/>
                    </TextLine>

                    <TextLine ID="line_41" HPOS="193" VPOS="1192" WIDTH="732" HEIGHT="41" BASELINE="193 1219 925 1214" TAGREFS="TYPE_1">
                        <Shape>
                            <Polygon POINTS="193 1219 193 1233 216 1227 315 1227 330 1232 331 1233 332 1233 333 1233 352 1232 460 1226 487 1231 493 1232 494 1232 500 1231 522 1226 580 1230 592 1231 593 1231 610 1230 684 1225 715 1229 722 1230 723 1230 731 1229 757 1226 771 1229 777 1230 778 1230 790 1229 815 1226 849 1228 863 1229 863 1229 864 1229 867 1228 880 1224 923 1228 925 1214 923 1193 766 1192 766 1192 765 1192 764 1192 761 1194 753 1199 701 1199 690 1195 682 1193 682 1193 681 1193 680 1193 674 1195 664 1199 557 1201 502 1201 495 1197 491 1193 490 1193 489 1193 488 1193 472 1197 466 1198 457 1197 440 1195 440 1195 439 1195 438 1195 436 1197 430 1201 419 1197 411 1194 410 1194 409 1194 409 1194 402 1198 394 1201 373 1198 358 1195 357 1195 356 1195 350 1198 341 1201 336 1198 331 1194 330 1194 330 1194 329 1194 302 1195 301 1195 300 1195 296 1198 291 1202 277 1198 263 1195 262 1195 247 1198 240 1200 234 1198 224 1195 223 1195 222 1195 193 1198 193 1219"/>
                        </Shape>
                        <String CONTENT=""/>
                    </TextLine>

                    <TextLine ID="line_42" HPOS="192" VPOS="1222" WIDTH="734" HEIGHT="38" BASELINE="193 1247 926 1245" TAGREFS="TYPE_1">
                        <Shape>
                            <Polygon POINTS="193 1247 193 1256 436 1260 436 1260 462 1256 463 1256 464 1256 489 1259 490 1259 491 1259 492 1259 497 1256 497 1255 498 1256 506 1259 506 1259 507 1259 926 1255 926 1245 925 1224 885 1222 884 1222 874 1224 847 1228 806 1224 790 1222 789 1222 788 1222 784 1224 775 1228 757 1224 748 1222 748 1222 747 1222 741 1224 728 1228 711 1224 702 1222 701 1222 667 1224 666 1224 665 1224 658 1229 599 1229 563 1224 551 1223 550 1223 535 1224 492 1228 484 1224 484 1224 483 1224 482 1224 481 1224 480 1224 480 1224 479 1224 471 1229 436 1229 418 1224 415 1224 414 1224 414 1224 413 1224 409 1224 392 1228 373 1224 367 1224 366 1224 365 1224 363 1224 352 1229 328 1224 321 1224 321 1224 192 1224 193 1247"/>
                        </Shape>
                        <String CONTENT=""/>
                    </TextLine>

                    <TextLine ID="line_43" HPOS="193" VPOS="1252" WIDTH="734" HEIGHT="40" BASELINE="193 1275 687 1277 927 1273" TAGREFS="TYPE_1">
                        <Shape>
                            <Polygon POINTS="193 1275 193 1286 207 1291 207 1291 208 1291 237 1286 383 1291 384 1291 442 1287 456 1291 457 1291 458 1292 640 1292 640 1291 641 1291 654 1286 696 1291 696 1291 697 1291 709 1286 721 1291 722 1291 722 1291 750 1286 814 1286 840 1291 841 1291 841 1291 853 1286 878 1291 879 1291 926 1286 927 1273 925 1252 658 1257 644 1252 643 1252 590 1252 590 1252 589 1252 575 1257 562 1252 561 1252 560 1252 516 1257 461 1252 460 1252 459 1252 438 1258 365 1258 336 1252 335 1252 334 1252 316 1257 279 1252 278 1252 277 1252 266 1257 251 1253 250 1253 249 1253 225 1257 193 1252 193 1275"/>
                        </Shape>
                        <String CONTENT=""/>
                    </TextLine>

                    <TextLine ID="line_44" HPOS="193" VPOS="1282" WIDTH="732" HEIGHT="48" BASELINE="193 1305 645 1308 925 1304" TAGREFS="TYPE_1">
                        <Shape>
                            <Polygon POINTS="193 1305 194 1329 226 1319 281 1323 290 1328 295 1329 296 1329 297 1329 363 1329 364 1329 368 1326 373 1325 381 1326 393 1329 394 1329 395 1329 396 1329 407 1326 429 1320 470 1325 490 1328 491 1328 532 1325 543 1324 546 1325 566 1329 567 1329 568 1329 595 1324 596 1324 597 1324 632 1329 633 1329 634 1329 651 1323 653 1322 658 1323 678 1326 679 1326 717 1322 739 1320 745 1321 769 1329 770 1329 770 1330 802 1330 802 1329 803 1329 804 1329 816 1321 819 1320 924 1320 925 1304 922 1283 845 1288 783 1284 760 1282 759 1282 758 1282 753 1284 742 1288 699 1284 691 1284 691 1284 687 1284 669 1288 652 1285 645 1283 644 1283 643 1283 643 1283 640 1285 634 1289 532 1289 517 1286 500 1282 499 1282 498 1282 486 1286 476 1289 396 1289 381 1286 349 1282 348 1282 348 1282 330 1286 325 1288 323 1286 317 1282 316 1282 315 1282 266 1282 265 1282 264 1282 264 1282 257 1287 255 1288 193 1288 193 1305"/>
                        </Shape>
                        <String CONTENT=""/>
                    </TextLine>
</TextBlock>
                <TextBlock ID="block_2" HPOS="845" VPOS="1317" WIDTH="80" HEIGHT="30" TAGREFS="TYPE_29">
                    <Shape>
                        <Polygon POINTS="845.477783203125 1317.977294921875 925.8505859375 1317.977294921875 925.8505859375 1347.9635009765625 845.477783203125 1347.9635009765625 845.477783203125 1317.977294921875"/>
                    </Shape>
                    <TextLine ID="line_45" HPOS="845" VPOS="1312" WIDTH="80" HEIGHT="44" BASELINE="845 1336 925 1334" TAGREFS="TYPE_1">
                        <Shape>
                            <Polygon POINTS="845 1336 845 1356 892 1348 924 1355 925 1334 922 1312 845 1316 845 1336"/>
                        </Shape>
                        <String CONTENT=""/>
                    </TextLine>
</TextBlock>
            </PrintSpace>
        </Page>
    </Layout>
</alto>