<?xml version="1.0" encoding="UTF-8"?>
<alto xmlns:xsi="http://www.w3.org/2001/XMLSchema-instance"
    xmlns="http://www.loc.gov/standards/alto/ns-v4#"
    xsi:schemaLocation="http://www.loc.gov/standards/alto/ns-v4# http://www.loc.gov/standards/alto/v4/alto-4-3.xsd">
    <Description>
        <MeasurementUnit>pixel</MeasurementUnit>
        <sourceImageInformation>
            <fileName>6293995.jpg</fileName>
        </sourceImageInformation>
        <Processing ID="OCR_0">
            <processingCategory>other</processingCategory>
            <processingStepDescription>unknown</processingStepDescription>
            <processingSoftware>
                <softwareName>kraken</softwareName>
                <softwareVersion>4.3.13</softwareVersion>
            </processingSoftware>
        </Processing>
    </Description>
    <Tags>
        <OtherTag ID="TYPE_1" LABEL="DefaultLine"/>
        <OtherTag ID="TYPE_2" LABEL="TableZone-Continued"/>
        <OtherTag ID="TYPE_3" LABEL="MainZone-Sp-Continued"/>
        <OtherTag ID="TYPE_4" LABEL="GraphicZone-Decoration"/>
        <OtherTag ID="TYPE_5" LABEL="TitlePageZone-Index"/>
        <OtherTag ID="TYPE_6" LABEL="FigureZone"/>
        <OtherTag ID="TYPE_7" LABEL="MainZone-Head"/>
        <OtherTag ID="TYPE_8" LABEL="DigitizationArtefactZone"/>
        <OtherTag ID="TYPE_9" LABEL="MainZone-List-Continued"/>
        <OtherTag ID="TYPE_10" LABEL="StampZone-Sticker"/>
        <OtherTag ID="TYPE_11" LABEL="GraphicZone-Head"/>
        <OtherTag ID="TYPE_12" LABEL="NumberingZone"/>
        <OtherTag ID="TYPE_13" LABEL="MarginTextZone-Notes-Continued"/>
        <OtherTag ID="TYPE_14" LABEL="GraphicZone-FigDesc"/>
        <OtherTag ID="TYPE_15" LABEL="MarginTextZone-Notes"/>
        <OtherTag ID="TYPE_16" LABEL="MainZone-Other"/>
        <OtherTag ID="TYPE_17" LABEL="TableZone-Head"/>
        <OtherTag ID="TYPE_18" LABEL="GraphicZone"/>
        <OtherTag ID="TYPE_19" LABEL="MainZone-Entry"/>
        <OtherTag ID="TYPE_20" LABEL="MainZone-Form"/>
        <OtherTag ID="TYPE_21" LABEL="RunningTitleZone"/>
        <OtherTag ID="TYPE_22" LABEL="MainZone-Lg"/>
        <OtherTag ID="TYPE_23" LABEL="MainZone-Entry-Continued"/>
        <OtherTag ID="TYPE_24" LABEL="MainZone-Signature"/>
        <OtherTag ID="TYPE_25" LABEL="DropCapitalZone"/>
        <OtherTag ID="TYPE_26" LABEL="AdvertisementZone"/>
        <OtherTag ID="TYPE_27" LABEL="TitlePageZone"/>
        <OtherTag ID="TYPE_28" LABEL="GraphicZone-TextualContent"/>
        <OtherTag ID="TYPE_29" LABEL="QuireMarksZone"/>
        <OtherTag ID="TYPE_30" LABEL="MainZone-Date"/>
        <OtherTag ID="TYPE_31" LABEL="TableZone"/>
        <OtherTag ID="TYPE_32" LABEL="FigureZone-Head"/>
        <OtherTag ID="TYPE_33" LABEL="StampZone"/>
        <OtherTag ID="TYPE_34" LABEL="MainZone-Lg-Continued"/>
        <OtherTag ID="TYPE_35" LABEL="GraphicZone-Part"/>
        <OtherTag ID="TYPE_36" LABEL="MainZone-P-Continued"/>
        <OtherTag ID="TYPE_37" LABEL="MainZone-Sp"/>
        <OtherTag ID="TYPE_38" LABEL="GraphicZone-Maths"/>
        <OtherTag ID="TYPE_39" LABEL="MarginTextZone-ManuscriptAddendum"/>
        <OtherTag ID="TYPE_40" LABEL="MainZone-P"/>
        <OtherTag ID="TYPE_41" LABEL="FigureZone-FigDesc"/>
        <OtherTag ID="TYPE_42" LABEL="MainZone-List"/>
    </Tags>
    <Layout>
        <Page WIDTH="1000" HEIGHT="1466" PHYSICAL_IMG_NR="0" ID="page_0">
            <PrintSpace HPOS="0" VPOS="0" WIDTH="1000" HEIGHT="1466">
                <TextBlock ID="block_1" HPOS="350" VPOS="21" WIDTH="157" HEIGHT="32" TAGREFS="TYPE_21">
                    <Shape>
                        <Polygon POINTS="350.85589599609375 21.766653060913086 507.12701416015625 21.766653060913086 507.12701416015625 53.97127914428711 350.85589599609375 53.97127914428711 350.85589599609375 21.766653060913086"/>
                    </Shape>
                    <TextLine ID="line_0" HPOS="349" VPOS="1" WIDTH="157" HEIGHT="55" BASELINE="350 45 506 43" TAGREFS="TYPE_1">
                        <Shape>
                            <Polygon POINTS="350 45 350 52 414 56 414 56 506 51 506 43 504 1 349 1 350 45"/>
                        </Shape>
                        <String CONTENT=""/>
                    </TextLine>
</TextBlock>
                <TextBlock ID="block_0" HPOS="764" VPOS="22" WIDTH="47" HEIGHT="32" TAGREFS="TYPE_12">
                    <Shape>
                        <Polygon POINTS="764.6934814453125 22.66545295715332 811.0104370117188 22.66545295715332 811.0104370117188 54.14957809448242 764.6934814453125 54.14957809448242 764.6934814453125 22.66545295715332"/>
                    </Shape>
                    <TextLine ID="line_1" HPOS="770" VPOS="13" WIDTH="34" HEIGHT="54" BASELINE="771 42 804 44" TAGREFS="TYPE_1">
                        <Shape>
                            <Polygon POINTS="771 42 770 61 801 67 804 44 804 13 772 14 771 42"/>
                        </Shape>
                        <String CONTENT=""/>
                    </TextLine>
</TextBlock>
                <TextBlock ID="block_2" HPOS="63" VPOS="65" WIDTH="741" HEIGHT="387" TAGREFS="TYPE_36">
                    <Shape>
                        <Polygon POINTS="63.66420364379883 65.43632507324219 804.185546875 65.43632507324219 804.185546875 452.2832946777344 63.66420364379883 452.2832946777344 63.66420364379883 65.43632507324219"/>
                    </Shape>
                    <TextLine ID="line_2" HPOS="57" VPOS="53" WIDTH="740" HEIGHT="48" BASELINE="58 92 546 84 797 86" TAGREFS="TYPE_1">
                        <Shape>
                            <Polygon POINTS="58 92 58 98 189 101 189 101 222 96 226 96 229 96 264 100 264 100 290 96 293 96 299 96 334 99 334 99 374 95 379 95 383 95 427 99 427 99 428 99 444 94 445 94 451 94 504 98 505 98 506 98 524 93 527 93 533 93 590 97 591 97 592 97 606 92 607 92 618 92 754 96 755 96 797 90 797 86 796 61 748 61 747 61 732 53 731 53 702 53 701 53 700 53 678 61 676 61 673 61 631 55 630 55 629 55 611 61 611 62 577 62 574 62 537 55 537 55 536 55 508 62 505 63 502 62 485 57 484 57 484 57 450 63 443 65 361 65 357 64 325 57 324 57 323 57 305 64 303 65 300 64 282 58 281 58 281 58 229 64 214 58 213 58 212 58 57 65 58 92"/>
                        </Shape>
                        <String CONTENT=""/>
                    </TextLine>

                    <TextLine ID="line_3" HPOS="58" VPOS="87" WIDTH="742" HEIGHT="44" BASELINE="59 121 556 114 800 115" TAGREFS="TYPE_1">
                        <Shape>
                            <Polygon POINTS="59 121 59 131 236 131 237 131 238 130 247 125 290 125 354 128 356 128 356 128 357 128 366 124 420 124 432 127 438 129 439 129 440 129 440 129 441 129 444 127 449 124 456 127 459 128 460 128 461 129 519 129 519 128 520 128 526 126 534 122 552 126 563 127 564 127 581 125 601 122 800 122 800 115 799 93 775 87 775 87 774 87 773 87 751 94 749 94 744 94 674 89 674 89 645 94 641 95 638 94 617 89 616 89 616 89 615 89 604 95 603 95 599 95 567 90 566 90 565 90 564 90 558 95 556 96 546 95 509 91 508 91 507 91 490 95 484 96 482 95 474 91 473 91 451 91 450 91 449 91 439 96 434 97 418 96 389 92 388 92 338 96 334 96 334 96 324 92 323 92 322 92 304 96 288 100 241 100 234 96 227 93 226 93 225 93 203 96 178 100 58 97 59 121"/>
                        </Shape>
                        <String CONTENT=""/>
                    </TextLine>

                    <TextLine ID="line_4" HPOS="60" VPOS="118" WIDTH="742" HEIGHT="44" BASELINE="61 149 567 143 802 144" TAGREFS="TYPE_1">
                        <Shape>
                            <Polygon POINTS="61 149 61 162 321 155 394 159 402 159 403 159 404 159 405 159 411 154 528 158 528 158 529 158 530 158 531 158 537 153 560 158 562 158 563 158 563 158 564 158 585 153 801 155 802 144 801 124 741 124 739 124 710 118 709 118 709 118 708 118 700 124 699 124 670 119 589 119 588 119 550 125 541 126 518 125 428 121 427 121 427 121 414 126 408 127 395 126 380 123 379 123 356 126 338 127 334 126 327 122 326 122 325 122 271 126 232 130 189 130 184 127 179 124 178 124 177 124 163 127 146 130 131 127 118 124 117 124 60 127 61 149"/>
                        </Shape>
                        <String CONTENT=""/>
                    </TextLine>

                    <TextLine ID="line_5" HPOS="61" VPOS="148" WIDTH="740" HEIGHT="45" BASELINE="61 180 473 173 801 173" TAGREFS="TYPE_1">
                        <Shape>
                            <Polygon POINTS="61 180 61 193 229 185 353 188 419 188 420 188 421 188 427 186 436 183 451 185 463 188 464 188 532 184 589 181 644 182 774 184 775 184 800 179 801 173 800 153 727 149 726 149 726 149 725 149 718 153 718 153 710 153 681 153 660 148 660 148 659 148 566 149 565 149 564 149 558 153 533 149 533 149 532 149 531 149 524 154 435 150 434 150 433 150 414 156 412 156 409 156 376 151 375 151 374 151 359 156 356 157 352 156 326 152 325 152 287 157 280 158 263 157 179 153 178 153 177 153 168 158 157 153 156 153 155 153 154 153 145 158 145 158 144 158 129 154 128 154 127 154 102 158 97 159 93 158 74 154 74 154 73 154 61 158 61 180"/>
                        </Shape>
                        <String CONTENT=""/>
                    </TextLine>

                    <TextLine ID="line_6" HPOS="61" VPOS="178" WIDTH="736" HEIGHT="43" BASELINE="62 210 370 204 797 201" TAGREFS="TYPE_1">
                        <Shape>
                            <Polygon POINTS="62 210 62 221 133 220 134 220 154 215 188 219 189 219 189 219 193 219 284 214 292 218 293 218 294 219 343 219 343 218 347 217 368 213 462 215 488 216 488 216 489 216 493 215 506 211 544 215 556 215 557 215 572 214 610 210 637 213 652 215 653 215 797 210 797 201 796 184 732 184 713 178 712 178 711 178 676 184 665 178 665 178 664 178 617 184 586 179 585 179 585 179 570 185 557 179 556 179 555 179 555 179 538 185 508 180 507 180 506 180 495 186 444 180 444 180 410 187 378 181 378 181 255 188 244 183 243 183 211 183 210 183 166 190 61 191 62 210"/>
                        </Shape>
                        <String CONTENT=""/>
                    </TextLine>

                    <TextLine ID="line_7" HPOS="62" VPOS="206" WIDTH="735" HEIGHT="46" BASELINE="63 240 383 233 797 230" TAGREFS="TYPE_1">
                        <Shape>
                            <Polygon POINTS="63 240 63 252 119 252 119 251 120 251 121 251 121 250 129 245 167 250 172 250 173 250 179 250 214 245 237 249 241 250 242 250 242 250 245 249 259 244 275 248 276 248 277 248 277 248 288 244 373 246 374 246 394 242 480 245 488 245 488 245 496 245 565 241 576 244 580 245 581 245 581 245 605 244 664 239 684 242 692 244 693 244 796 241 797 230 795 210 722 206 721 206 660 210 651 206 650 206 649 206 567 212 565 212 563 212 521 208 520 208 519 208 519 208 513 213 512 213 511 213 464 209 463 209 387 215 386 215 384 215 352 210 351 210 330 215 324 210 323 210 322 210 321 210 298 215 257 211 256 211 255 211 238 216 200 212 199 212 198 212 183 217 149 213 149 213 126 218 80 214 79 214 79 214 62 219 63 240"/>
                        </Shape>
                        <String CONTENT=""/>
                    </TextLine>

                    <TextLine ID="line_8" HPOS="62" VPOS="237" WIDTH="731" HEIGHT="43" BASELINE="63 269 492 262 793 260" TAGREFS="TYPE_1">
                        <Shape>
                            <Polygon POINTS="63 269 63 280 118 280 118 280 118 280 119 280 126 275 289 277 307 277 308 277 308 277 309 277 324 272 352 276 353 276 354 276 356 276 394 272 475 275 479 275 480 275 480 275 507 270 541 274 542 274 543 274 544 274 559 269 792 271 793 260 792 241 616 237 616 237 615 237 596 243 596 244 594 244 578 244 569 237 568 237 568 237 567 237 566 237 550 242 493 238 493 238 431 239 430 239 410 245 372 240 371 240 309 241 308 241 290 247 290 248 267 248 264 248 249 241 248 241 247 241 246 241 226 248 225 248 223 248 153 243 152 243 151 243 141 248 128 243 127 243 127 243 126 243 125 243 115 250 114 250 111 250 80 245 79 245 79 245 62 250 63 269"/>
                        </Shape>
                        <String CONTENT=""/>
                    </TextLine>

                    <TextLine ID="line_9" HPOS="62" VPOS="267" WIDTH="730" HEIGHT="41" BASELINE="63 299 390 292 792 289" TAGREFS="TYPE_1">
                        <Shape>
                            <Polygon POINTS="63 299 63 308 791 300 792 289 790 272 642 269 641 269 625 272 621 273 620 272 607 267 607 267 606 267 605 267 594 273 594 274 556 274 554 273 515 267 515 267 514 267 513 267 506 272 497 268 497 268 496 268 385 269 384 269 373 275 370 276 365 275 350 270 349 270 321 270 321 270 275 276 255 279 214 279 209 276 198 272 198 272 197 272 141 273 140 273 132 277 125 280 101 280 96 277 89 273 88 273 88 273 87 273 62 277 63 299"/>
                        </Shape>
                        <String CONTENT=""/>
                    </TextLine>

                    <TextLine ID="line_10" HPOS="63" VPOS="295" WIDTH="732" HEIGHT="43" BASELINE="64 329 425 321 795 321" TAGREFS="TYPE_1">
                        <Shape>
                            <Polygon POINTS="64 329 64 338 321 331 559 329 584 332 608 333 609 333 610 333 616 331 619 329 652 330 717 333 718 333 794 328 795 321 794 301 745 295 744 295 613 302 598 302 592 302 556 297 555 297 555 297 537 302 532 302 520 302 475 298 474 298 450 302 442 303 428 302 393 298 392 298 371 302 370 302 367 302 352 299 351 299 350 299 343 302 340 304 330 302 312 299 311 299 310 299 303 302 297 305 63 304 64 329"/>
                        </Shape>
                        <String CONTENT=""/>
                    </TextLine>

                    <TextLine ID="line_11" HPOS="67" VPOS="324" WIDTH="741" HEIGHT="47" BASELINE="68 359 405 351 808 348" TAGREFS="TYPE_1">
                        <Shape>
                            <Polygon POINTS="68 359 68 366 117 371 118 371 118 371 128 365 129 365 140 365 209 369 210 369 211 369 220 364 221 364 352 363 362 368 363 368 364 368 405 362 407 362 409 362 441 366 442 366 443 366 444 366 450 361 463 361 509 360 512 360 539 365 540 365 573 359 577 359 583 359 646 364 647 364 647 364 660 359 662 358 666 359 690 363 691 363 712 358 713 358 718 358 779 362 780 362 807 356 808 348 806 328 779 324 779 324 778 324 770 328 770 328 759 328 686 325 685 325 668 329 661 329 647 329 611 326 610 326 609 326 608 326 604 329 602 330 570 329 489 326 488 326 488 326 479 330 474 332 457 330 428 327 427 327 427 327 426 327 422 330 420 331 392 330 307 329 306 329 279 332 246 335 220 332 211 331 210 331 204 332 188 336 177 332 173 331 172 331 171 331 171 331 167 333 156 336 67 333 68 359"/>
                        </Shape>
                        <String CONTENT=""/>
                    </TextLine>

                    <TextLine ID="line_12" HPOS="68" VPOS="359" WIDTH="730" HEIGHT="36" BASELINE="69 388 463 381 798 378" TAGREFS="TYPE_1">
                        <Shape>
                            <Polygon POINTS="655 368 647 368 638 368 630 368 622 368 614 368 606 368 598 368 590 368 581 368 573 368 565 368 557 368 549 368 541 368 533 368 524 368 516 368 508 368 500 368 492 368 484 368 475 368 467 368 459 368 451 368 443 368 435 368 427 368 418 368 410 368 402 368 394 368 386 368 378 368 370 368 361 368 353 368 345 368 337 368 329 368 321 368 312 368 304 368 296 368 288 368 280 368 272 368 264 368 255 368 247 368 239 368 231 368 223 368 215 368 207 368 198 368 190 368 182 368 174 368 166 368 158 368 149 368 141 368 133 368 125 368 117 368 109 368 101 368 92 368 84 368 76 368 68 368 69 388 69 395 797 386 798 378 797 362 665 359 665 359 664 359 657 360 655 368"/>
                        </Shape>
                        <String CONTENT=""/>
                    </TextLine>

                    <TextLine ID="line_13" HPOS="68" VPOS="386" WIDTH="734" HEIGHT="45" BASELINE="69 416 802 409" TAGREFS="TYPE_1">
                        <Shape>
                            <Polygon POINTS="69 416 69 431 118 431 118 430 118 430 119 430 130 425 221 429 222 429 259 423 289 429 292 429 293 429 297 429 330 423 358 428 361 428 361 428 364 428 395 421 468 421 477 426 478 426 479 426 480 426 502 420 558 420 594 424 594 424 623 421 634 425 634 425 635 425 636 425 639 425 667 419 691 425 694 425 695 425 802 423 802 409 800 387 712 392 702 389 696 386 696 386 658 386 657 386 656 386 656 386 651 390 647 392 609 390 585 389 584 389 571 390 550 394 537 391 519 388 518 388 491 392 472 395 401 394 231 390 230 390 229 390 207 397 205 397 201 397 152 391 151 391 150 391 140 397 89 395 88 395 68 399 69 416"/>
                        </Shape>
                        <String CONTENT=""/>
                    </TextLine>

                    <TextLine ID="line_14" HPOS="70" VPOS="419" WIDTH="286" HEIGHT="41" BASELINE="70 447 356 442" TAGREFS="TYPE_1">
                        <Shape>
                            <Polygon POINTS="70 447 70 457 99 460 100 460 101 460 108 456 113 455 114 456 117 459 118 459 118 459 119 459 136 456 149 454 154 456 163 459 164 459 165 459 166 459 180 455 189 453 196 455 211 458 212 458 213 458 222 454 227 452 233 454 246 457 246 457 247 457 268 453 275 452 279 452 290 456 290 456 291 456 292 456 303 452 308 451 317 452 340 456 341 456 342 456 356 451 356 442 355 425 322 425 309 419 308 419 308 419 307 419 295 425 294 425 268 420 267 420 266 420 250 424 237 421 237 421 236 421 235 421 234 421 234 421 229 425 229 426 226 425 205 421 204 421 203 421 194 426 193 426 193 426 182 421 181 421 180 421 180 421 166 426 160 428 153 426 137 422 136 422 136 422 109 426 93 429 70 427 70 447"/>
                        </Shape>
                        <String CONTENT=""/>
                    </TextLine>
</TextBlock>
                <TextBlock ID="block_4" HPOS="69" VPOS="452" WIDTH="743" HEIGHT="562" TAGREFS="TYPE_40">
                    <Shape>
                        <Polygon POINTS="69.79837799072266 452.87017822265625 812.4381103515625 452.87017822265625 812.4381103515625 1014.03173828125 69.79837799072266 1014.03173828125 69.79837799072266 452.87017822265625"/>
                    </Shape>
                    <TextLine ID="line_15" HPOS="142" VPOS="440" WIDTH="664" HEIGHT="46" BASELINE="143 475 412 470 806 469" TAGREFS="TYPE_1">
                        <Shape>
                            <Polygon POINTS="143 475 143 482 224 486 224 486 225 486 238 481 241 481 246 481 283 485 284 485 420 480 440 479 442 479 451 483 452 483 453 484 522 484 522 483 523 483 536 478 537 478 546 478 616 482 616 482 806 476 806 469 806 449 774 440 773 440 772 440 771 440 751 446 712 440 711 440 710 440 687 447 665 441 665 441 664 441 663 441 646 448 619 441 618 441 617 441 616 441 616 441 601 450 572 442 571 442 570 442 569 442 543 450 519 443 519 443 518 443 480 450 427 443 426 443 388 443 387 443 387 443 374 451 305 447 304 447 303 447 290 451 281 446 281 446 280 446 279 446 278 446 266 452 265 453 142 453 143 475"/>
                        </Shape>
                        <String CONTENT=""/>
                    </TextLine>

                    <TextLine ID="line_16" HPOS="69" VPOS="474" WIDTH="739" HEIGHT="39" BASELINE="70 507 396 500 808 497" TAGREFS="TYPE_1">
                        <Shape>
                            <Polygon POINTS="70 507 70 513 807 505 808 497 806 478 729 478 728 478 718 474 718 474 717 474 716 474 704 478 701 479 696 478 672 474 671 474 648 479 641 480 617 479 559 476 558 476 557 476 545 479 538 481 530 479 513 477 512 477 511 477 505 480 500 482 459 480 407 478 406 478 405 478 405 478 401 480 397 482 371 480 353 479 352 479 344 481 326 484 299 481 286 479 285 479 255 481 188 486 180 482 180 481 179 481 178 481 177 481 69 482 70 507"/>
                        </Shape>
                        <String CONTENT=""/>
                    </TextLine>

                    <TextLine ID="line_17" HPOS="70" VPOS="504" WIDTH="738" HEIGHT="44" BASELINE="70 536 431 530 808 528" TAGREFS="TYPE_1">
                        <Shape>
                            <Polygon POINTS="70 536 70 548 143 548 144 548 154 544 196 547 198 547 198 547 199 547 220 541 258 545 259 545 298 539 421 539 437 544 441 544 442 544 443 544 444 544 446 544 456 539 471 543 474 544 475 544 475 544 480 543 496 539 509 543 514 544 515 544 515 544 527 542 549 539 612 541 651 542 652 542 653 542 657 540 669 536 701 539 716 541 717 541 732 539 763 535 807 538 808 528 806 509 678 504 678 504 636 511 541 511 532 507 531 507 530 507 529 507 515 512 416 508 415 508 414 508 405 512 369 508 368 508 335 513 257 509 256 509 255 509 242 514 222 509 221 509 220 509 220 509 206 515 124 511 123 511 70 517 70 536"/>
                        </Shape>
                        <String CONTENT=""/>
                    </TextLine>

                    <TextLine ID="line_18" HPOS="71" VPOS="534" WIDTH="734" HEIGHT="45" BASELINE="72 566 456 559 805 557" TAGREFS="TYPE_1">
                        <Shape>
                            <Polygon POINTS="72 566 72 579 220 572 234 576 238 577 239 577 240 577 247 575 267 571 342 574 368 574 369 574 377 573 396 570 415 572 431 574 431 574 432 574 433 574 436 572 441 569 526 568 564 568 568 570 576 573 577 573 577 573 602 569 614 567 625 569 654 572 655 572 678 567 684 566 696 567 734 570 735 570 735 570 736 570 742 566 744 566 749 566 783 570 784 570 784 570 805 565 805 557 803 539 761 534 760 534 759 534 758 534 750 539 741 539 709 540 707 539 700 535 699 535 698 535 697 535 675 539 673 540 670 539 655 535 654 535 653 535 599 540 581 542 570 540 543 536 542 536 523 540 513 543 502 541 482 537 481 537 459 541 444 544 434 541 421 538 420 538 419 538 312 539 294 542 264 547 233 547 226 542 224 540 223 540 222 540 221 540 207 543 180 547 165 543 159 541 158 541 158 541 149 543 126 548 71 544 72 566"/>
                        </Shape>
                        <String CONTENT=""/>
                    </TextLine>

                    <TextLine ID="line_19" HPOS="70" VPOS="565" WIDTH="732" HEIGHT="41" BASELINE="71 596 406 589 802 588" TAGREFS="TYPE_1">
                        <Shape>
                            <Polygon POINTS="71 596 71 601 147 606 148 606 149 606 167 601 168 601 173 601 225 605 226 605 227 605 239 601 242 601 260 601 321 604 321 604 322 604 328 601 332 599 342 601 353 603 354 603 371 601 391 598 413 601 435 603 436 603 476 601 536 596 576 600 592 601 593 601 600 600 619 596 801 599 802 588 801 569 722 565 721 565 692 569 683 565 682 565 682 565 681 565 680 565 674 570 673 570 655 570 583 570 550 566 549 566 548 566 547 566 540 571 507 571 498 566 497 566 497 566 496 566 472 570 461 566 460 566 459 566 458 566 445 572 445 573 436 573 416 573 381 567 380 567 379 567 360 573 346 568 345 568 344 568 273 572 226 569 225 569 224 569 211 574 170 570 169 570 168 570 146 575 146 576 70 576 71 596"/>
                        </Shape>
                        <String CONTENT=""/>
                    </TextLine>

                    <TextLine ID="line_20" HPOS="70" VPOS="592" WIDTH="730" HEIGHT="39" BASELINE="71 624 800 616" TAGREFS="TYPE_1">
                        <Shape>
                            <Polygon POINTS="71 624 71 631 799 627 800 616 798 599 726 592 726 592 725 592 709 599 708 599 664 593 663 593 662 593 661 593 653 600 651 601 605 601 603 600 582 594 581 594 581 594 509 601 491 601 486 601 471 596 471 596 470 596 469 596 453 601 449 601 432 601 366 596 365 596 365 596 364 596 358 601 356 602 342 601 317 599 317 599 303 601 289 604 281 601 270 598 269 598 268 598 237 601 211 605 176 605 171 602 167 599 166 599 165 599 164 599 163 599 154 602 143 605 136 602 132 600 131 600 130 600 70 602 71 624"/>
                        </Shape>
                        <String CONTENT=""/>
                    </TextLine>

                    <TextLine ID="line_21" HPOS="69" VPOS="620" WIDTH="732" HEIGHT="46" BASELINE="70 654 801 646" TAGREFS="TYPE_1">
                        <Shape>
                            <Polygon POINTS="70 654 70 665 132 666 132 666 140 665 163 660 184 664 189 665 189 665 194 664 216 659 285 662 286 662 286 662 287 662 293 658 298 662 299 662 299 662 300 662 324 658 343 662 345 663 346 663 347 663 351 662 374 658 421 662 427 662 428 662 431 662 455 657 555 661 560 661 561 661 563 661 603 656 624 660 625 660 649 656 748 658 748 658 749 658 758 654 799 658 801 646 799 623 765 620 764 620 763 620 752 623 747 625 741 624 728 621 727 621 726 621 718 624 710 627 683 625 667 623 666 623 656 625 642 628 634 626 628 623 627 623 626 623 601 626 574 629 568 627 559 623 559 623 510 623 509 623 508 623 496 627 490 631 458 631 453 628 444 623 444 623 443 623 442 623 424 628 369 624 368 624 367 624 354 630 350 632 343 630 320 625 319 625 318 625 298 631 297 631 277 626 276 626 275 626 274 626 258 632 255 632 251 632 226 626 225 626 196 632 191 633 187 632 156 627 155 627 126 633 123 635 69 635 70 654"/>
                        </Shape>
                        <String CONTENT=""/>
                    </TextLine>

                    <TextLine ID="line_22" HPOS="69" VPOS="652" WIDTH="732" HEIGHT="45" BASELINE="70 685 431 678 801 676" TAGREFS="TYPE_1">
                        <Shape>
                            <Polygon POINTS="70 685 70 697 136 697 136 697 148 696 170 692 201 695 215 696 216 696 224 694 240 691 251 693 256 695 257 695 258 695 268 693 290 690 324 693 351 694 352 694 352 694 360 692 368 689 383 692 402 694 403 694 404 694 417 691 427 689 473 690 515 691 515 691 527 689 537 687 544 689 554 692 555 692 555 693 604 693 604 692 627 687 634 686 643 687 678 690 679 690 680 690 689 686 691 685 707 685 779 689 780 689 801 684 801 676 800 655 664 652 663 652 625 656 605 652 604 652 603 652 603 652 594 658 549 658 538 653 537 653 537 653 445 658 434 654 433 654 432 654 374 659 328 656 327 656 326 656 315 660 276 656 275 656 274 656 264 661 80 659 79 659 79 659 69 663 70 685"/>
                        </Shape>
                        <String CONTENT=""/>
                    </TextLine>

                    <TextLine ID="line_23" HPOS="70" VPOS="682" WIDTH="733" HEIGHT="42" BASELINE="70 713 803 705" TAGREFS="TYPE_1">
                        <Shape>
                            <Polygon POINTS="70 713 70 724 213 724 214 724 215 724 220 723 229 718 292 718 343 718 355 721 361 723 362 723 363 723 364 723 369 721 380 716 436 716 449 720 452 721 453 721 453 721 460 720 480 716 801 716 803 705 801 688 772 683 771 683 749 687 742 682 741 682 740 682 740 682 739 682 718 688 682 683 681 683 655 689 509 690 480 685 479 685 364 686 363 686 347 690 290 687 289 687 70 695 70 713"/>
                        </Shape>
                        <String CONTENT=""/>
                    </TextLine>

                    <TextLine ID="line_24" HPOS="69" VPOS="711" WIDTH="734" HEIGHT="44" BASELINE="70 745 361 738 803 735" TAGREFS="TYPE_1">
                        <Shape>
                            <Polygon POINTS="70 745 70 755 139 750 188 754 189 754 189 754 207 750 256 753 257 753 258 753 276 748 802 746 803 735 801 711 743 717 722 712 716 711 715 711 714 711 713 711 712 713 704 718 684 718 642 714 617 712 616 712 616 712 609 715 599 719 564 719 557 716 550 713 549 713 548 713 533 716 519 719 511 717 503 715 502 715 502 715 501 715 493 717 485 719 481 718 477 715 476 715 475 715 437 715 436 715 436 715 427 719 424 719 422 719 413 715 412 715 411 715 381 719 370 721 364 719 343 715 343 715 342 715 325 720 321 723 227 723 225 723 210 719 209 719 208 719 207 719 207 719 201 724 199 724 178 718 177 718 176 718 127 724 126 724 83 719 82 719 81 719 69 724 70 745"/>
                        </Shape>
                        <String CONTENT=""/>
                    </TextLine>

                    <TextLine ID="line_25" HPOS="70" VPOS="741" WIDTH="734" HEIGHT="45" BASELINE="70 775 378 768 804 765" TAGREFS="TYPE_1">
                        <Shape>
                            <Polygon POINTS="70 775 70 780 79 785 79 785 80 785 81 786 107 786 107 785 142 780 198 785 198 785 230 779 235 778 256 779 336 781 337 781 338 781 348 778 354 776 387 778 414 780 415 780 427 778 444 776 454 778 466 781 466 781 467 781 468 781 469 781 474 778 477 776 519 778 527 778 528 778 529 778 550 774 574 778 585 780 586 780 587 780 594 778 608 774 627 778 633 779 634 779 634 779 637 778 645 773 653 778 656 779 656 779 657 779 665 778 689 773 712 778 715 778 716 778 804 777 804 765 802 744 729 741 728 741 700 745 694 746 692 745 683 741 682 741 682 741 628 746 611 747 596 746 547 742 546 742 491 748 477 749 475 748 466 744 465 744 464 744 444 748 441 749 428 749 343 745 342 745 302 750 298 750 293 750 242 746 242 746 241 746 240 746 233 751 233 752 204 752 202 751 195 747 194 747 193 747 193 747 192 747 191 747 184 752 183 752 172 752 96 749 95 749 70 753 70 775"/>
                        </Shape>
                        <String CONTENT=""/>
                    </TextLine>

                    <TextLine ID="line_26" HPOS="74" VPOS="768" WIDTH="732" HEIGHT="46" BASELINE="74 803 409 797 806 795" TAGREFS="TYPE_1">
                        <Shape>
                            <Polygon POINTS="74 803 74 808 110 814 111 814 249 809 305 812 306 812 307 812 330 807 339 811 340 811 341 811 464 805 466 805 467 805 566 809 567 809 568 809 578 803 610 803 627 803 629 803 770 807 770 807 806 801 806 795 803 775 727 776 726 776 711 768 710 768 709 768 709 768 687 773 649 771 648 771 647 771 647 771 641 775 618 769 617 769 616 769 616 769 594 777 593 777 590 777 555 770 554 770 553 770 527 777 493 772 493 772 492 772 471 776 431 772 431 772 306 772 229 774 229 774 209 781 161 777 160 777 159 777 158 777 150 782 149 783 74 783 74 803"/>
                        </Shape>
                        <String CONTENT=""/>
                    </TextLine>

                    <TextLine ID="line_27" HPOS="75" VPOS="807" WIDTH="733" HEIGHT="37" BASELINE="76 833 390 826 808 824" TAGREFS="TYPE_1">
                        <Shape>
                            <Polygon POINTS="597 825 589 825 581 825 572 825 564 825 556 825 548 825 540 825 532 825 524 825 515 825 507 825 499 825 491 825 483 825 475 825 466 825 458 825 450 825 442 825 434 825 426 825 418 825 409 825 401 825 393 825 385 825 377 825 369 826 361 826 352 826 344 826 336 826 328 826 320 826 312 826 303 826 295 826 287 826 279 826 271 826 263 826 255 826 246 826 238 826 230 826 222 826 214 826 206 826 198 826 189 826 181 826 173 826 165 826 157 826 149 826 140 826 132 826 124 826 116 826 108 826 100 826 92 826 83 826 75 826 76 833 76 844 411 835 480 837 543 838 544 838 667 833 708 832 715 833 744 836 745 836 807 830 808 824 806 809 612 807 612 807 611 807 601 810 597 825"/>
                        </Shape>
                        <String CONTENT=""/>
                    </TextLine>

                    <TextLine ID="line_28" HPOS="76" VPOS="829" WIDTH="733" HEIGHT="44" BASELINE="77 863 392 855 809 853" TAGREFS="TYPE_1">
                        <Shape>
                            <Polygon POINTS="77 863 77 873 808 863 809 853 807 834 763 834 751 829 750 829 749 829 748 829 740 833 618 829 617 829 616 829 602 836 581 831 581 831 580 831 512 835 487 831 486 831 443 838 343 833 343 833 342 833 324 839 227 834 226 834 225 834 207 841 192 837 191 837 190 837 189 837 189 837 183 842 76 842 77 863"/>
                        </Shape>
                        <String CONTENT=""/>
                    </TextLine>

                    <TextLine ID="line_29" HPOS="74" VPOS="857" WIDTH="735" HEIGHT="47" BASELINE="74 893 418 885 809 883" TAGREFS="TYPE_1">
                        <Shape>
                            <Polygon POINTS="74 893 75 904 88 900 123 904 137 904 138 904 139 904 143 903 155 899 176 903 181 904 182 904 203 903 261 899 303 901 317 902 317 902 318 902 321 901 335 895 364 900 368 901 369 901 370 901 372 900 396 895 551 899 567 899 568 899 570 899 596 892 660 895 660 895 661 895 662 895 668 891 700 896 701 896 725 892 807 895 809 883 806 857 779 864 753 860 752 860 719 864 706 859 705 859 704 859 651 865 616 860 615 860 614 860 613 860 602 865 577 860 577 860 576 860 564 867 524 867 513 861 512 861 511 861 478 867 403 862 395 862 394 862 378 863 229 870 206 864 202 864 202 864 201 864 199 864 185 872 125 872 74 867 74 893"/>
                        </Shape>
                        <String CONTENT=""/>
                    </TextLine>

                    <TextLine ID="line_30" HPOS="74" VPOS="888" WIDTH="734" HEIGHT="41" BASELINE="74 922 483 914 808 912" TAGREFS="TYPE_1">
                        <Shape>
                            <Polygon POINTS="74 922 74 929 808 922 808 912 806 895 765 895 764 895 753 888 753 888 752 888 751 888 750 888 736 895 699 890 698 890 697 890 696 890 687 896 657 896 610 890 609 890 608 890 590 897 590 898 475 899 454 892 453 892 453 892 452 892 429 899 405 893 404 893 315 899 305 894 304 894 303 894 246 895 245 895 244 895 233 902 218 895 217 895 190 895 189 895 189 895 188 895 182 899 148 896 147 896 146 896 134 903 74 904 74 922"/>
                        </Shape>
                        <String CONTENT=""/>
                    </TextLine>

                    <TextLine ID="line_31" HPOS="74" VPOS="917" WIDTH="732" HEIGHT="46" BASELINE="74 952 405 945 806 942" TAGREFS="TYPE_1">
                        <Shape>
                            <Polygon POINTS="660 918 659 917 577 924 546 919 546 919 488 926 487 926 485 926 458 921 457 921 456 921 440 926 358 922 357 922 356 922 337 927 310 922 309 922 308 922 295 929 277 929 250 929 249 929 193 924 192 924 166 925 165 925 164 925 157 930 132 930 120 926 119 926 118 926 74 931 74 952 74 963 202 962 202 962 204 962 220 957 235 961 238 962 239 962 240 962 251 961 286 957 302 961 303 961 304 961 305 961 317 956 337 961 340 961 341 961 342 961 343 961 343 960 352 955 431 954 447 958 448 958 449 958 488 953 607 956 608 956 609 956 621 952 645 956 646 956 672 956 712 956 712 956 713 956 713 956 721 952 805 954 806 942 805 921 729 917 728 917 727 917 714 922 713 922 712 922 665 917 664 917 661 917 660 918"/>
                        </Shape>
                        <String CONTENT=""/>
                    </TextLine>

                    <TextLine ID="line_32" HPOS="74" VPOS="948" WIDTH="733" HEIGHT="48" BASELINE="74 980 807 973" TAGREFS="TYPE_1">
                        <Shape>
                            <Polygon POINTS="74 980 74 988 118 996 118 996 119 996 132 991 164 993 165 993 166 993 167 993 174 988 228 988 239 993 240 993 241 993 271 988 313 994 314 994 315 994 337 987 361 994 362 994 363 994 364 994 376 987 396 994 396 994 397 994 481 993 521 985 566 991 567 991 599 986 607 991 607 991 608 991 609 992 629 992 629 991 629 991 660 983 743 990 744 990 807 981 807 973 806 954 764 954 757 949 757 949 756 949 755 949 737 952 731 948 731 948 730 948 729 948 682 954 669 949 669 949 668 949 642 954 579 950 578 950 537 955 537 955 536 955 481 951 480 951 443 956 434 956 417 956 356 952 356 952 355 952 354 952 348 956 346 958 317 959 290 959 287 956 282 953 281 953 281 953 280 953 253 956 235 959 74 958 74 980"/>
                        </Shape>
                        <String CONTENT=""/>
                    </TextLine>

                    <TextLine ID="line_33" HPOS="76" VPOS="985" WIDTH="161" HEIGHT="38" BASELINE="77 1012 237 1009" TAGREFS="TYPE_1">
                        <Shape>
                            <Polygon POINTS="77 1012 77 1023 236 1018 237 1009 236 991 213 985 212 985 211 985 211 985 195 991 194 991 193 991 170 985 169 985 168 985 167 985 154 991 153 992 151 991 140 986 139 986 138 986 137 986 120 991 118 992 76 992 77 1012"/>
                        </Shape>
                        <String CONTENT=""/>
                    </TextLine>
</TextBlock>
                <TextBlock ID="block_3" HPOS="76" VPOS="1014" WIDTH="736" HEIGHT="305" TAGREFS="TYPE_40">
                    <Shape>
                        <Polygon POINTS="76.55530548095703 1014.50244140625 812.4521484375 1014.50244140625 812.4521484375 1319.717041015625 76.55530548095703 1319.717041015625 76.55530548095703 1014.50244140625"/>
                    </Shape>
                    <TextLine ID="line_34" HPOS="154" VPOS="1005" WIDTH="655" HEIGHT="48" BASELINE="154 1039 809 1031" TAGREFS="TYPE_1">
                        <Shape>
                            <Polygon POINTS="154 1039 154 1047 201 1053 202 1053 202 1053 220 1049 271 1052 272 1052 306 1046 335 1051 336 1051 337 1051 352 1044 354 1044 434 1044 435 1044 448 1049 449 1049 449 1050 481 1050 481 1049 482 1049 483 1049 492 1043 493 1043 499 1043 543 1046 544 1046 576 1042 578 1042 580 1042 603 1048 604 1048 605 1048 620 1041 621 1041 629 1047 629 1047 630 1047 631 1048 656 1048 656 1047 657 1047 678 1042 682 1046 683 1046 684 1046 685 1046 722 1041 731 1044 732 1044 733 1044 734 1044 743 1040 744 1040 746 1040 774 1045 775 1045 808 1039 809 1031 807 1006 748 1005 748 1005 718 1008 676 1012 645 1009 613 1006 612 1006 563 1011 556 1011 555 1011 547 1007 546 1007 546 1007 545 1007 535 1011 529 1013 504 1012 455 1009 454 1009 426 1013 414 1016 370 1016 368 1014 351 1009 350 1009 349 1009 348 1009 334 1015 331 1016 330 1015 314 1010 313 1010 312 1010 280 1015 237 1011 236 1011 235 1011 219 1018 218 1018 217 1018 171 1012 170 1012 169 1012 154 1018 154 1039"/>
                        </Shape>
                        <String CONTENT=""/>
                    </TextLine>

                    <TextLine ID="line_35" HPOS="77" VPOS="1038" WIDTH="733" HEIGHT="45" BASELINE="78 1070 810 1062" TAGREFS="TYPE_1">
                        <Shape>
                            <Polygon POINTS="78 1070 78 1079 123 1078 127 1079 142 1083 143 1083 144 1083 205 1078 233 1076 237 1078 241 1081 242 1081 242 1081 243 1082 275 1082 275 1081 276 1081 277 1081 281 1078 284 1075 291 1078 297 1079 298 1079 299 1079 332 1077 374 1075 389 1077 405 1079 405 1079 406 1079 407 1079 411 1077 416 1074 446 1076 470 1079 471 1079 471 1079 476 1076 483 1073 511 1076 526 1078 527 1078 551 1076 586 1073 595 1075 600 1077 601 1077 602 1077 613 1075 636 1072 664 1075 676 1076 677 1076 693 1075 749 1070 810 1074 810 1062 810 1043 794 1038 793 1038 753 1038 752 1038 751 1038 750 1038 742 1043 650 1040 649 1040 648 1040 634 1044 613 1040 612 1040 612 1040 599 1044 544 1040 543 1040 492 1041 491 1041 476 1047 395 1047 378 1043 378 1043 377 1043 310 1048 280 1044 279 1044 278 1044 265 1049 210 1049 145 1045 144 1045 77 1051 78 1070"/>
                        </Shape>
                        <String CONTENT=""/>
                    </TextLine>

                    <TextLine ID="line_36" HPOS="77" VPOS="1069" WIDTH="729" HEIGHT="41" BASELINE="78 1100 806 1092" TAGREFS="TYPE_1">
                        <Shape>
                            <Polygon POINTS="78 1100 78 1110 806 1101 806 1092 803 1069 659 1075 607 1070 602 1070 601 1070 600 1070 599 1070 590 1075 546 1071 541 1071 540 1071 539 1071 538 1071 532 1075 483 1072 478 1072 477 1072 475 1072 440 1078 392 1075 391 1075 361 1079 335 1074 334 1074 333 1074 332 1074 331 1074 312 1079 282 1075 281 1075 281 1075 280 1075 279 1075 271 1080 205 1080 182 1075 180 1075 179 1075 178 1075 177 1075 169 1080 136 1077 135 1077 110 1081 77 1077 78 1100"/>
                        </Shape>
                        <String CONTENT=""/>
                    </TextLine>

                    <TextLine ID="line_37" HPOS="79" VPOS="1097" WIDTH="724" HEIGHT="44" BASELINE="79 1128 803 1122" TAGREFS="TYPE_1">
                        <Shape>
                            <Polygon POINTS="79 1128 79 1141 136 1136 159 1140 168 1141 169 1141 180 1139 203 1136 212 1139 215 1140 216 1140 217 1140 304 1139 305 1139 309 1137 317 1133 365 1136 400 1138 401 1138 419 1135 441 1132 486 1134 518 1136 519 1136 519 1136 525 1133 532 1131 595 1131 602 1132 621 1136 621 1136 622 1136 640 1132 644 1131 651 1132 678 1134 679 1134 695 1131 699 1130 704 1131 733 1135 734 1135 802 1128 803 1122 802 1103 788 1097 788 1097 787 1097 760 1102 740 1097 739 1097 738 1097 709 1103 707 1103 702 1103 623 1098 622 1098 594 1103 589 1105 553 1105 551 1103 542 1099 541 1099 541 1099 540 1099 532 1103 529 1105 516 1103 481 1100 480 1100 404 1104 350 1106 346 1104 343 1101 342 1101 341 1101 340 1101 339 1101 330 1104 320 1106 293 1104 265 1101 264 1101 252 1104 237 1107 218 1104 206 1102 205 1102 118 1103 118 1103 114 1104 106 1108 79 1105 79 1128"/>
                        </Shape>
                        <String CONTENT=""/>
                    </TextLine>

                    <TextLine ID="line_38" HPOS="78" VPOS="1126" WIDTH="723" HEIGHT="41" BASELINE="79 1158 801 1149" TAGREFS="TYPE_1">
                        <Shape>
                            <Polygon POINTS="79 1158 79 1166 437 1167 438 1167 439 1167 455 1162 497 1166 498 1166 543 1161 700 1163 700 1163 701 1163 702 1163 709 1159 784 1163 785 1163 786 1163 801 1157 801 1149 799 1132 745 1126 744 1126 744 1126 727 1132 726 1132 725 1132 687 1127 687 1127 658 1132 655 1132 653 1132 641 1128 640 1128 639 1128 609 1132 607 1132 604 1132 584 1128 583 1128 550 1132 461 1129 460 1129 459 1129 444 1133 437 1135 394 1133 319 1131 318 1131 304 1134 293 1136 247 1134 206 1132 205 1132 189 1135 169 1137 78 1136 79 1158"/>
                        </Shape>
                        <String CONTENT=""/>
                    </TextLine>

                    <TextLine ID="line_39" HPOS="76" VPOS="1156" WIDTH="724" HEIGHT="39" BASELINE="77 1189 595 1180 800 1181" TAGREFS="TYPE_1">
                        <Shape>
                            <Polygon POINTS="77 1189 77 1195 800 1188 800 1181 799 1162 766 1156 765 1156 764 1156 763 1156 756 1162 755 1163 728 1163 726 1162 708 1156 707 1156 706 1156 705 1156 692 1162 690 1163 688 1162 680 1158 679 1158 678 1158 678 1158 670 1162 668 1163 665 1162 649 1156 648 1156 647 1156 647 1156 629 1162 622 1163 610 1162 574 1157 573 1157 529 1162 521 1163 514 1162 481 1158 480 1158 480 1158 471 1162 463 1165 433 1163 402 1159 401 1159 400 1159 394 1163 384 1167 370 1163 367 1162 366 1162 365 1162 365 1162 364 1162 363 1163 356 1167 311 1167 303 1163 301 1161 300 1161 299 1161 267 1161 266 1161 265 1161 264 1161 263 1163 258 1167 244 1163 241 1162 240 1162 239 1162 238 1162 236 1163 220 1169 125 1170 76 1163 77 1189"/>
                        </Shape>
                        <String CONTENT=""/>
                    </TextLine>

                    <TextLine ID="line_40" HPOS="79" VPOS="1189" WIDTH="720" HEIGHT="38" BASELINE="79 1217 799 1210" TAGREFS="TYPE_1">
                        <Shape>
                            <Polygon POINTS="79 1217 79 1225 308 1227 308 1227 334 1223 340 1222 352 1223 397 1226 398 1226 432 1222 439 1221 457 1221 540 1224 541 1224 624 1220 644 1219 654 1219 703 1223 704 1223 798 1217 799 1210 797 1189 547 1193 526 1192 487 1189 486 1189 485 1189 474 1193 468 1194 436 1193 361 1191 361 1191 360 1191 359 1191 354 1195 352 1195 338 1195 241 1192 240 1192 79 1198 79 1217"/>
                        </Shape>
                        <String CONTENT=""/>
                    </TextLine>

                    <TextLine ID="line_41" HPOS="81" VPOS="1215" WIDTH="719" HEIGHT="43" BASELINE="82 1246 490 1241 800 1241" TAGREFS="TYPE_1">
                        <Shape>
                            <Polygon POINTS="82 1246 82 1253 93 1258 94 1258 95 1258 131 1254 170 1258 171 1258 266 1253 280 1252 286 1252 317 1256 318 1256 348 1252 357 1251 800 1251 800 1241 798 1215 739 1216 738 1216 723 1222 652 1217 633 1216 632 1216 621 1218 604 1220 577 1219 556 1217 555 1217 555 1217 550 1219 538 1224 520 1220 514 1218 513 1218 512 1218 509 1220 502 1224 478 1220 464 1218 463 1218 462 1218 457 1220 446 1225 386 1225 378 1221 370 1219 370 1219 369 1219 368 1219 361 1222 351 1226 278 1226 271 1223 266 1221 265 1221 264 1221 253 1224 237 1226 224 1224 207 1220 206 1220 205 1220 196 1224 190 1226 177 1224 163 1223 162 1223 139 1225 118 1227 110 1225 92 1222 91 1222 90 1222 81 1225 82 1246"/>
                        </Shape>
                        <String CONTENT=""/>
                    </TextLine>

                    <TextLine ID="line_42" HPOS="83" VPOS="1245" WIDTH="715" HEIGHT="45" BASELINE="83 1277 798 1269" TAGREFS="TYPE_1">
                        <Shape>
                            <Polygon POINTS="83 1277 83 1286 101 1290 102 1290 103 1290 118 1286 124 1283 254 1282 259 1284 266 1286 267 1286 268 1286 285 1283 291 1282 296 1283 311 1287 312 1287 312 1287 348 1283 354 1287 355 1287 356 1287 356 1288 400 1288 400 1287 400 1287 413 1281 415 1280 480 1280 524 1280 524 1281 532 1286 533 1286 533 1286 534 1286 535 1286 548 1281 558 1286 559 1286 559 1286 709 1284 709 1284 719 1279 774 1283 775 1283 775 1283 798 1277 798 1269 797 1251 721 1245 720 1245 719 1245 705 1251 686 1246 685 1246 684 1246 633 1252 628 1252 626 1252 614 1247 613 1247 612 1247 589 1250 559 1246 559 1246 558 1246 557 1246 550 1250 487 1249 486 1249 485 1249 484 1249 478 1253 475 1253 435 1248 434 1248 433 1248 414 1253 411 1254 410 1253 403 1248 402 1248 401 1248 400 1248 377 1253 339 1249 339 1249 338 1249 318 1254 311 1255 301 1254 277 1250 276 1250 252 1254 241 1256 230 1255 215 1251 215 1251 201 1255 192 1256 177 1255 149 1251 148 1251 126 1255 112 1257 105 1255 95 1251 94 1251 93 1251 92 1251 83 1255 83 1277"/>
                        </Shape>
                        <String CONTENT=""/>
                    </TextLine>

                    <TextLine ID="line_43" HPOS="83" VPOS="1275" WIDTH="715" HEIGHT="57" BASELINE="83 1306 798 1299" TAGREFS="TYPE_1">
                        <Shape>
                            <Polygon POINTS="83 1306 83 1322 97 1331 98 1331 99 1331 100 1332 113 1332 113 1331 114 1331 114 1331 130 1321 132 1320 177 1320 181 1321 223 1330 224 1330 290 1329 291 1329 303 1325 342 1329 343 1329 343 1329 358 1322 366 1326 367 1326 368 1326 397 1321 440 1329 440 1329 441 1329 468 1317 470 1317 471 1317 490 1324 491 1324 492 1324 493 1324 511 1317 528 1328 528 1328 529 1328 530 1328 577 1323 612 1327 613 1327 644 1325 645 1325 646 1325 658 1316 797 1314 798 1299 797 1281 714 1275 713 1275 713 1275 694 1281 440 1277 440 1277 439 1277 438 1277 431 1282 406 1280 405 1280 405 1280 388 1284 361 1278 360 1278 359 1278 341 1285 237 1280 236 1280 235 1280 234 1280 224 1286 186 1286 173 1280 172 1280 171 1280 171 1280 145 1286 115 1281 114 1281 83 1287 83 1306"/>
                        </Shape>
                        <String CONTENT=""/>
                    </TextLine>
</TextBlock>
            </PrintSpace>
        </Page>
    </Layout>
</alto>