<?xml version="1.0" encoding="UTF-8"?>
<alto xmlns:xsi="http://www.w3.org/2001/XMLSchema-instance"
    xmlns="http://www.loc.gov/standards/alto/ns-v4#"
    xsi:schemaLocation="http://www.loc.gov/standards/alto/ns-v4# http://www.loc.gov/standards/alto/v4/alto-4-3.xsd">
    <Description>
        <MeasurementUnit>pixel</MeasurementUnit>
        <sourceImageInformation>
            <fileName>6293991.jpg</fileName>
        </sourceImageInformation>
        <Processing ID="OCR_0">
            <processingCategory>other</processingCategory>
            <processingStepDescription>unknown</processingStepDescription>
            <processingSoftware>
                <softwareName>kraken</softwareName>
                <softwareVersion>4.3.13</softwareVersion>
            </processingSoftware>
        </Processing>
    </Description>
    <Tags>
        <OtherTag ID="TYPE_1" LABEL="DefaultLine"/>
        <OtherTag ID="TYPE_2" LABEL="TableZone-Continued"/>
        <OtherTag ID="TYPE_3" LABEL="MainZone-Sp-Continued"/>
        <OtherTag ID="TYPE_4" LABEL="GraphicZone-Decoration"/>
        <OtherTag ID="TYPE_5" LABEL="TitlePageZone-Index"/>
        <OtherTag ID="TYPE_6" LABEL="FigureZone"/>
        <OtherTag ID="TYPE_7" LABEL="MainZone-Head"/>
        <OtherTag ID="TYPE_8" LABEL="DigitizationArtefactZone"/>
        <OtherTag ID="TYPE_9" LABEL="MainZone-List-Continued"/>
        <OtherTag ID="TYPE_10" LABEL="StampZone-Sticker"/>
        <OtherTag ID="TYPE_11" LABEL="GraphicZone-Head"/>
        <OtherTag ID="TYPE_12" LABEL="NumberingZone"/>
        <OtherTag ID="TYPE_13" LABEL="MarginTextZone-Notes-Continued"/>
        <OtherTag ID="TYPE_14" LABEL="GraphicZone-FigDesc"/>
        <OtherTag ID="TYPE_15" LABEL="MarginTextZone-Notes"/>
        <OtherTag ID="TYPE_16" LABEL="MainZone-Other"/>
        <OtherTag ID="TYPE_17" LABEL="TableZone-Head"/>
        <OtherTag ID="TYPE_18" LABEL="GraphicZone"/>
        <OtherTag ID="TYPE_19" LABEL="MainZone-Entry"/>
        <OtherTag ID="TYPE_20" LABEL="MainZone-Form"/>
        <OtherTag ID="TYPE_21" LABEL="RunningTitleZone"/>
        <OtherTag ID="TYPE_22" LABEL="MainZone-Lg"/>
        <OtherTag ID="TYPE_23" LABEL="MainZone-Entry-Continued"/>
        <OtherTag ID="TYPE_24" LABEL="MainZone-Signature"/>
        <OtherTag ID="TYPE_25" LABEL="DropCapitalZone"/>
        <OtherTag ID="TYPE_26" LABEL="AdvertisementZone"/>
        <OtherTag ID="TYPE_27" LABEL="TitlePageZone"/>
        <OtherTag ID="TYPE_28" LABEL="GraphicZone-TextualContent"/>
        <OtherTag ID="TYPE_29" LABEL="QuireMarksZone"/>
        <OtherTag ID="TYPE_30" LABEL="MainZone-Date"/>
        <OtherTag ID="TYPE_31" LABEL="TableZone"/>
        <OtherTag ID="TYPE_32" LABEL="FigureZone-Head"/>
        <OtherTag ID="TYPE_33" LABEL="StampZone"/>
        <OtherTag ID="TYPE_34" LABEL="MainZone-Lg-Continued"/>
        <OtherTag ID="TYPE_35" LABEL="GraphicZone-Part"/>
        <OtherTag ID="TYPE_36" LABEL="MainZone-P-Continued"/>
        <OtherTag ID="TYPE_37" LABEL="MainZone-Sp"/>
        <OtherTag ID="TYPE_38" LABEL="GraphicZone-Maths"/>
        <OtherTag ID="TYPE_39" LABEL="MarginTextZone-ManuscriptAddendum"/>
        <OtherTag ID="TYPE_40" LABEL="MainZone-P"/>
        <OtherTag ID="TYPE_41" LABEL="FigureZone-FigDesc"/>
        <OtherTag ID="TYPE_42" LABEL="MainZone-List"/>
    </Tags>
    <Layout>
        <Page WIDTH="1000" HEIGHT="1466" PHYSICAL_IMG_NR="0" ID="page_0">
            <PrintSpace HPOS="0" VPOS="0" WIDTH="1000" HEIGHT="1466">
                <TextBlock ID="block_1" HPOS="325" VPOS="13" WIDTH="163" HEIGHT="32" TAGREFS="TYPE_21">
                    <Shape>
                        <Polygon POINTS="325.1513977050781 13.840439796447754 488.32861328125 13.840439796447754 488.32861328125 45.471317291259766 325.1513977050781 45.471317291259766 325.1513977050781 13.840439796447754"/>
                    </Shape>
                    <TextLine ID="line_0" HPOS="325" VPOS="0" WIDTH="159" HEIGHT="44" BASELINE="325 32 484 34" TAGREFS="TYPE_1">
                        <Shape>
                            <Polygon POINTS="400 0 400 0 325 4 325 32 325 44 483 44 484 34 483 6 458 1 458 1 421 5 416 5 414 5 401 0 400 0"/>
                        </Shape>
                        <String CONTENT=""/>
                    </TextLine>
</TextBlock>
                <TextBlock ID="block_3" HPOS="69" VPOS="51" WIDTH="739" HEIGHT="389" TAGREFS="TYPE_36">
                    <Shape>
                        <Polygon POINTS="69.26268005371094 51.646575927734375 808.3522338867188 51.646575927734375 808.3522338867188 440.96368408203125 69.26268005371094 440.96368408203125 69.26268005371094 51.646575927734375"/>
                    </Shape>
                    <TextLine ID="line_1" HPOS="63" VPOS="47" WIDTH="745" HEIGHT="44" BASELINE="64 79 808 74" TAGREFS="TYPE_1">
                        <Shape>
                            <Polygon POINTS="64 79 64 91 188 85 277 88 298 89 299 89 310 88 347 84 449 87 502 87 502 87 528 86 565 83 574 85 581 87 581 87 582 87 599 85 616 83 628 84 643 87 644 87 807 82 808 74 806 52 788 48 788 48 693 52 686 47 685 47 684 47 683 47 472 53 446 48 445 48 444 48 434 54 433 55 405 55 383 55 372 49 371 49 370 49 370 49 351 55 262 55 250 50 249 50 248 50 247 50 246 50 238 56 167 56 112 51 111 51 110 51 110 51 103 56 76 52 75 52 74 52 63 56 64 79"/>
                        </Shape>
                        <String CONTENT=""/>
                    </TextLine>

                    <TextLine ID="line_2" HPOS="64" VPOS="80" WIDTH="743" HEIGHT="35" BASELINE="65 107 807 103" TAGREFS="TYPE_1">
                        <Shape>
                            <Polygon POINTS="65 107 65 114 806 115 807 103 805 80 746 81 745 81 744 81 738 85 722 81 719 80 718 80 718 80 717 80 713 81 698 85 687 81 683 80 682 80 682 80 554 81 553 81 545 83 534 86 523 83 511 81 510 81 509 81 502 83 494 87 418 85 356 83 356 83 355 83 348 86 343 88 230 88 229 87 214 83 213 83 212 83 64 89 65 107"/>
                        </Shape>
                        <String CONTENT=""/>
                    </TextLine>

                    <TextLine ID="line_3" HPOS="66" VPOS="109" WIDTH="740" HEIGHT="41" BASELINE="66 137 806 131" TAGREFS="TYPE_1">
                        <Shape>
                            <Polygon POINTS="66 137 66 150 89 146 147 149 167 150 167 150 168 150 172 149 183 145 272 148 317 149 318 149 319 149 323 147 328 144 387 144 429 145 488 148 488 148 489 148 490 148 494 144 497 143 509 144 533 147 534 147 700 146 700 146 718 141 719 141 722 141 786 145 787 145 788 145 806 140 806 131 804 114 714 109 713 109 687 114 582 110 581 110 519 114 488 109 488 109 487 109 486 109 480 114 475 109 474 109 473 109 420 109 419 109 418 109 408 114 395 109 394 109 393 109 358 116 326 110 325 110 276 117 255 112 254 112 253 112 252 112 233 117 221 111 220 111 220 111 115 115 98 112 97 112 66 118 66 137"/>
                        </Shape>
                        <String CONTENT=""/>
                    </TextLine>

                    <TextLine ID="line_4" HPOS="65" VPOS="140" WIDTH="739" HEIGHT="39" BASELINE="66 166 804 162" TAGREFS="TYPE_1">
                        <Shape>
                            <Polygon POINTS="66 166 66 173 114 179 114 179 190 179 190 179 191 179 202 174 211 179 212 179 213 179 251 178 251 178 264 172 265 171 457 171 458 171 493 177 493 177 494 177 517 171 519 171 523 171 559 176 559 176 560 176 561 176 568 172 625 175 626 175 674 170 680 170 687 170 760 175 761 175 803 169 804 162 801 144 613 144 579 140 578 140 552 144 511 140 511 140 510 140 509 140 502 145 398 141 397 141 396 141 383 145 321 142 321 142 320 142 319 142 313 146 305 142 304 142 246 142 246 142 245 142 244 142 238 146 213 142 212 142 169 147 100 143 99 143 65 148 66 166"/>
                        </Shape>
                        <String CONTENT=""/>
                    </TextLine>

                    <TextLine ID="line_5" HPOS="66" VPOS="167" WIDTH="738" HEIGHT="37" BASELINE="66 197 804 191" TAGREFS="TYPE_1">
                        <Shape>
                            <Polygon POINTS="66 197 66 204 803 202 804 191 801 167 757 172 713 168 698 167 697 167 690 169 677 171 644 170 632 169 631 169 630 169 629 170 622 173 604 170 592 168 591 168 580 171 564 174 558 171 554 169 553 169 502 169 501 169 500 169 493 171 484 175 446 172 398 170 397 170 396 170 387 174 380 175 373 174 361 171 360 171 359 171 358 171 357 171 353 174 350 175 333 175 295 171 294 171 293 171 280 175 274 177 169 178 127 178 97 178 85 172 84 172 83 172 83 172 66 178 66 197"/>
                        </Shape>
                        <String CONTENT=""/>
                    </TextLine>

                    <TextLine ID="line_6" HPOS="65" VPOS="195" WIDTH="737" HEIGHT="44" BASELINE="66 227 802 220" TAGREFS="TYPE_1">
                        <Shape>
                            <Polygon POINTS="66 227 66 239 80 235 120 238 121 238 122 238 126 238 249 233 291 236 325 238 326 238 344 235 361 232 369 235 376 237 377 237 378 238 422 238 422 237 422 237 431 234 439 232 457 233 481 237 482 237 617 236 618 236 632 231 636 230 640 231 654 235 655 235 656 235 656 235 666 231 669 229 710 229 716 230 735 234 736 234 801 228 802 220 801 201 772 201 762 195 762 195 761 195 760 195 727 200 677 196 676 196 675 196 664 201 655 197 654 197 653 197 652 197 642 201 640 201 634 201 611 198 610 198 609 198 599 201 594 202 583 201 567 199 566 199 532 201 497 203 483 201 459 197 458 197 458 197 449 201 443 203 424 201 405 199 404 199 403 199 396 201 391 203 387 201 381 198 380 198 342 198 341 198 327 201 317 203 281 201 257 200 256 200 255 200 252 201 242 206 186 201 168 200 167 200 154 201 107 206 99 201 99 201 98 201 97 201 96 201 65 201 66 227"/>
                        </Shape>
                        <String CONTENT=""/>
                    </TextLine>

                    <TextLine ID="line_7" HPOS="67" VPOS="227" WIDTH="734" HEIGHT="40" BASELINE="68 256 801 250" TAGREFS="TYPE_1">
                        <Shape>
                            <Polygon POINTS="68 256 68 263 123 267 123 267 211 263 222 263 229 263 274 267 275 267 276 267 289 263 293 262 799 262 801 250 799 232 718 227 718 227 717 227 709 231 682 228 681 228 642 232 627 228 626 228 625 228 589 232 424 229 423 229 392 233 386 229 385 229 384 229 383 229 293 234 280 230 279 230 278 230 243 235 179 231 178 231 177 231 176 231 170 235 115 232 114 232 91 236 76 232 75 232 74 232 74 232 73 232 67 235 68 256"/>
                        </Shape>
                        <String CONTENT=""/>
                    </TextLine>

                    <TextLine ID="line_8" HPOS="67" VPOS="255" WIDTH="733" HEIGHT="43" BASELINE="68 285 800 279" TAGREFS="TYPE_1">
                        <Shape>
                            <Polygon POINTS="68 285 68 294 105 293 111 294 128 298 129 298 151 294 162 292 201 292 205 294 210 297 211 297 211 297 212 297 237 294 254 291 291 294 315 294 316 294 349 293 409 290 414 293 417 295 418 295 418 295 419 295 439 293 465 289 521 293 546 294 547 294 800 291 800 279 798 261 749 255 748 255 748 255 738 260 727 255 726 255 726 255 725 255 708 261 706 261 704 261 682 257 682 257 651 261 648 261 647 261 637 255 636 255 635 255 634 255 615 261 611 262 580 261 453 257 453 257 452 257 438 262 431 263 422 262 409 258 409 258 408 258 401 262 397 263 370 262 339 259 338 259 325 262 313 264 305 262 295 258 295 258 294 258 274 262 259 264 244 262 229 259 228 259 215 262 200 265 187 262 177 259 176 259 176 259 134 260 133 260 127 262 114 266 67 263 68 285"/>
                        </Shape>
                        <String CONTENT=""/>
                    </TextLine>

                    <TextLine ID="line_9" HPOS="68" VPOS="285" WIDTH="731" HEIGHT="43" BASELINE="69 316 799 309" TAGREFS="TYPE_1">
                        <Shape>
                            <Polygon POINTS="69 316 69 324 154 328 154 328 155 328 167 324 171 323 192 324 235 326 236 326 251 324 262 322 270 324 281 326 282 326 283 326 284 326 287 324 290 322 317 324 351 325 352 325 368 324 387 321 409 324 432 325 433 325 470 323 515 320 520 323 522 324 523 324 524 324 524 324 525 324 529 323 538 320 683 323 706 323 707 323 708 323 709 323 724 318 797 322 799 309 797 290 772 285 771 285 748 290 745 290 744 290 737 285 736 285 735 285 735 285 655 290 636 291 632 290 617 285 616 285 616 285 615 285 614 285 607 290 603 292 581 290 545 287 544 287 526 290 512 293 497 290 476 287 475 287 449 290 424 294 418 290 413 288 412 288 411 288 396 290 386 292 370 290 346 288 345 288 283 289 272 290 246 295 156 295 146 290 145 290 144 290 143 290 142 290 141 290 132 296 110 291 106 290 105 290 105 290 102 291 88 294 68 291 69 316"/>
                        </Shape>
                        <String CONTENT=""/>
                    </TextLine>

                    <TextLine ID="line_10" HPOS="69" VPOS="316" WIDTH="730" HEIGHT="41" BASELINE="70 345 799 340" TAGREFS="TYPE_1">
                        <Shape>
                            <Polygon POINTS="70 345 70 352 144 357 145 357 145 357 159 352 160 352 170 352 304 356 305 356 325 351 330 351 349 351 423 355 424 355 425 355 434 351 437 350 477 350 480 351 486 355 487 355 488 355 488 355 489 355 499 351 502 350 509 351 537 355 537 355 578 351 594 349 605 351 631 354 632 355 666 355 666 354 667 354 668 354 673 350 674 349 679 350 693 353 694 353 695 353 704 350 709 348 797 349 799 340 797 321 769 316 768 316 767 316 754 320 747 316 746 316 745 316 744 316 675 321 533 317 532 317 531 317 519 322 467 317 466 317 432 323 320 318 319 318 318 318 307 324 299 319 298 319 297 319 296 319 295 319 277 324 106 320 105 320 69 325 70 345"/>
                        </Shape>
                        <String CONTENT=""/>
                    </TextLine>

                    <TextLine ID="line_11" HPOS="70" VPOS="350" WIDTH="733" HEIGHT="32" BASELINE="71 374 803 369" TAGREFS="TYPE_1">
                        <Shape>
                            <Polygon POINTS="657 359 649 359 641 359 633 359 625 359 616 359 608 359 600 359 592 359 584 359 576 359 568 359 559 359 551 359 543 359 535 359 527 359 519 359 511 359 502 359 494 359 486 359 478 359 470 359 462 359 453 359 445 359 437 359 429 359 421 359 413 359 405 359 396 359 388 359 380 359 372 359 364 359 356 359 348 359 339 359 331 359 323 359 315 359 307 359 299 359 290 359 282 359 274 359 266 359 258 359 250 359 242 359 233 359 225 359 217 359 209 359 201 359 193 359 185 359 176 359 168 359 160 359 152 359 144 359 136 359 127 359 119 359 111 359 103 359 95 359 87 359 79 359 70 359 71 374 71 382 681 382 681 381 693 381 767 377 801 381 803 369 802 355 792 350 791 350 790 350 753 354 710 350 709 350 679 355 679 355 659 355 657 359"/>
                        </Shape>
                        <String CONTENT=""/>
                    </TextLine>

                    <TextLine ID="line_12" HPOS="71" VPOS="375" WIDTH="732" HEIGHT="37" BASELINE="72 403 803 400" TAGREFS="TYPE_1">
                        <Shape>
                            <Polygon POINTS="72 403 72 412 802 411 803 400 800 375 788 379 766 376 765 376 764 376 763 376 755 381 737 376 736 376 656 375 655 375 644 377 625 381 619 377 617 376 616 376 616 376 569 376 568 376 556 378 542 381 536 378 530 376 529 376 528 376 500 379 488 380 481 379 464 376 463 376 462 376 448 379 436 382 428 380 420 377 419 377 418 377 418 377 405 380 395 382 386 380 373 377 372 377 371 377 348 381 338 383 276 383 272 381 251 377 251 377 250 377 238 382 236 384 188 384 186 383 171 377 171 377 170 377 169 377 168 377 159 383 157 383 114 379 114 379 71 384 72 403"/>
                        </Shape>
                        <String CONTENT=""/>
                    </TextLine>

                    <TextLine ID="line_13" HPOS="71" VPOS="407" WIDTH="603" HEIGHT="39" BASELINE="72 433 674 430" TAGREFS="TYPE_1">
                        <Shape>
                            <Polygon POINTS="72 433 72 446 93 442 220 444 254 445 255 445 260 444 275 441 384 443 471 444 472 444 473 444 480 442 485 440 673 440 674 430 672 412 568 412 567 411 552 407 551 407 550 407 497 411 488 411 487 411 478 407 477 407 476 407 475 407 475 407 471 410 469 412 462 410 447 408 446 408 417 410 398 412 343 410 273 408 273 408 249 409 215 412 71 409 72 433"/>
                        </Shape>
                        <String CONTENT=""/>
                    </TextLine>
</TextBlock>
                <TextBlock ID="block_5" HPOS="74" VPOS="441" WIDTH="740" HEIGHT="566" TAGREFS="TYPE_40">
                    <Shape>
                        <Polygon POINTS="74.19869232177734 441.4290771484375 814.7412109375 441.4290771484375 814.7412109375 1007.29248046875 74.19869232177734 1007.29248046875 74.19869232177734 441.4290771484375"/>
                    </Shape>
                    <TextLine ID="line_14" HPOS="148" VPOS="434" WIDTH="661" HEIGHT="35" BASELINE="149 462 809 459" TAGREFS="TYPE_1">
                        <Shape>
                            <Polygon POINTS="149 462 149 469 808 467 809 459 807 438 668 434 667 434 650 438 642 441 574 441 567 438 550 435 497 435 497 435 496 435 484 438 476 442 400 442 396 439 392 437 391 437 390 437 352 439 312 442 293 439 279 438 278 438 277 438 277 438 274 439 271 442 257 439 246 438 245 438 244 438 237 439 229 442 226 439 223 437 222 437 221 437 220 437 148 439 149 462"/>
                        </Shape>
                        <String CONTENT=""/>
                    </TextLine>

                    <TextLine ID="line_15" HPOS="72" VPOS="465" WIDTH="738" HEIGHT="35" BASELINE="73 491 810 487" TAGREFS="TYPE_1">
                        <Shape>
                            <Polygon POINTS="73 491 73 500 809 496 810 487 808 470 654 465 653 465 630 470 612 465 612 465 611 465 570 470 559 465 558 465 557 465 556 465 537 470 515 465 514 465 480 472 440 472 431 466 431 466 430 466 429 466 365 472 228 467 227 467 226 467 225 467 216 473 111 468 110 468 72 474 73 491"/>
                        </Shape>
                        <String CONTENT=""/>
                    </TextLine>

                    <TextLine ID="line_16" HPOS="72" VPOS="495" WIDTH="740" HEIGHT="39" BASELINE="73 522 812 518" TAGREFS="TYPE_1">
                        <Shape>
                            <Polygon POINTS="73 522 73 530 250 530 251 531 259 534 259 534 260 534 282 531 294 529 313 531 354 534 355 534 356 534 369 531 379 528 417 531 455 533 456 533 473 531 491 528 509 531 521 532 522 532 523 532 527 531 536 527 547 531 553 532 554 532 555 532 579 531 618 528 644 531 659 532 660 532 669 531 692 526 702 531 704 531 704 531 705 531 706 531 709 531 722 527 811 531 812 518 810 495 72 500 73 522"/>
                        </Shape>
                        <String CONTENT=""/>
                    </TextLine>

                    <TextLine ID="line_17" HPOS="72" VPOS="524" WIDTH="738" HEIGHT="37" BASELINE="73 552 810 547" TAGREFS="TYPE_1">
                        <Shape>
                            <Polygon POINTS="73 552 73 561 809 557 810 547 808 529 716 524 715 524 688 529 685 529 675 529 590 525 589 525 567 529 562 530 560 529 552 526 551 526 550 526 503 529 493 530 483 529 441 526 440 526 440 526 428 530 425 531 421 530 413 526 412 526 355 526 354 526 353 526 352 526 348 530 345 531 72 531 73 552"/>
                        </Shape>
                        <String CONTENT=""/>
                    </TextLine>

                    <TextLine ID="line_18" HPOS="73" VPOS="553" WIDTH="734" HEIGHT="40" BASELINE="74 582 807 576" TAGREFS="TYPE_1">
                        <Shape>
                            <Polygon POINTS="74 582 74 589 171 593 171 593 172 593 173 593 179 589 182 588 806 588 807 576 806 559 791 553 790 553 789 553 752 558 740 553 739 553 702 553 701 553 700 553 686 559 685 559 674 553 673 553 672 553 671 553 661 559 660 560 629 560 628 559 610 553 609 553 608 553 607 553 597 559 594 560 524 560 522 559 507 554 506 554 506 554 484 559 474 561 414 561 410 559 405 555 405 555 404 555 403 555 374 559 352 561 343 559 334 556 333 556 332 556 308 559 281 563 225 563 211 559 202 557 201 557 200 557 173 559 131 562 120 559 116 557 115 557 114 557 114 557 110 559 102 561 73 559 74 582"/>
                        </Shape>
                        <String CONTENT=""/>
                    </TextLine>

                    <TextLine ID="line_19" HPOS="74" VPOS="583" WIDTH="730" HEIGHT="39" BASELINE="75 612 804 606" TAGREFS="TYPE_1">
                        <Shape>
                            <Polygon POINTS="75 612 75 618 268 622 268 622 269 622 284 618 294 622 295 622 295 622 296 622 311 618 336 622 337 622 393 617 396 617 405 621 405 621 406 622 490 622 490 621 803 614 804 606 802 589 769 583 704 583 704 583 703 583 702 583 696 587 581 584 581 584 580 584 568 590 526 584 525 584 524 584 524 584 515 590 497 587 497 587 496 587 495 587 488 591 459 585 458 585 420 591 406 585 405 585 405 585 404 585 385 592 291 586 290 586 263 587 262 587 261 587 253 592 204 587 203 587 155 593 120 588 119 588 74 594 75 612"/>
                        </Shape>
                        <String CONTENT=""/>
                    </TextLine>

                    <TextLine ID="line_20" HPOS="74" VPOS="611" WIDTH="729" HEIGHT="39" BASELINE="74 641 803 636" TAGREFS="TYPE_1">
                        <Shape>
                            <Polygon POINTS="74 641 74 650 802 646 803 636 801 616 628 616 627 616 609 611 608 611 607 611 584 616 580 617 572 616 524 612 523 612 522 612 521 612 515 617 511 617 492 614 491 614 490 614 489 614 484 617 483 618 470 617 427 613 426 613 425 613 412 617 409 618 405 617 391 613 390 613 389 613 339 614 339 614 330 617 327 618 315 618 290 614 289 614 288 614 278 618 273 619 266 618 259 615 259 615 258 615 234 618 217 619 214 618 210 614 209 614 208 614 207 614 191 618 186 618 74 618 74 641"/>
                        </Shape>
                        <String CONTENT=""/>
                    </TextLine>

                    <TextLine ID="line_21" HPOS="73" VPOS="642" WIDTH="730" HEIGHT="41" BASELINE="74 671 803 666" TAGREFS="TYPE_1">
                        <Shape>
                            <Polygon POINTS="74 671 74 682 102 678 165 681 193 683 194 683 209 681 233 678 273 680 301 682 302 682 303 682 309 680 321 676 342 680 353 681 354 681 355 681 359 680 366 676 405 679 437 681 438 681 451 679 466 675 499 675 505 678 511 680 511 680 512 680 539 678 569 675 581 677 590 680 591 680 592 680 607 677 621 675 627 677 634 680 635 680 636 680 637 680 648 676 654 675 660 676 678 680 678 680 694 676 701 675 713 676 736 679 737 679 802 675 803 666 801 648 692 642 691 642 666 648 577 643 576 643 575 643 558 649 528 644 528 644 527 644 526 644 519 649 477 645 476 645 475 645 465 649 455 644 454 644 453 644 453 644 435 649 427 645 426 645 425 645 391 645 390 645 367 649 292 645 291 645 290 645 290 645 282 650 223 650 195 645 194 645 73 652 74 671"/>
                        </Shape>
                        <String CONTENT=""/>
                    </TextLine>

                    <TextLine ID="line_22" HPOS="72" VPOS="671" WIDTH="730" HEIGHT="38" BASELINE="73 700 802 694" TAGREFS="TYPE_1">
                        <Shape>
                            <Polygon POINTS="73 700 73 709 697 709 697 708 698 708 699 708 704 703 705 703 709 703 736 707 737 707 801 702 802 694 801 676 778 672 777 672 761 676 758 676 757 676 748 671 747 671 746 671 745 671 732 676 731 677 681 677 678 676 674 672 673 672 672 672 611 672 610 672 594 676 585 678 582 676 578 673 577 673 577 673 576 673 551 676 540 677 534 676 523 673 522 673 521 673 487 676 453 679 429 676 410 674 409 674 399 676 382 680 335 676 317 675 316 675 315 675 314 675 312 676 306 680 268 676 259 675 259 675 254 676 227 680 190 676 184 675 183 675 179 676 151 681 140 676 139 676 138 676 105 680 72 676 73 700"/>
                        </Shape>
                        <String CONTENT=""/>
                    </TextLine>

                    <TextLine ID="line_23" HPOS="72" VPOS="702" WIDTH="734" HEIGHT="40" BASELINE="73 729 806 724" TAGREFS="TYPE_1">
                        <Shape>
                            <Polygon POINTS="73 729 74 742 86 738 259 741 316 741 317 741 806 733 806 724 804 706 710 702 709 702 635 706 629 706 625 706 580 702 579 702 497 707 493 707 491 707 466 703 465 703 387 708 382 708 378 708 343 704 342 704 319 709 315 709 306 709 250 705 249 705 248 705 237 709 224 705 223 705 222 705 221 705 212 709 171 706 171 706 114 710 112 710 111 710 91 706 90 706 89 706 72 710 73 729"/>
                        </Shape>
                        <String CONTENT=""/>
                    </TextLine>

                    <TextLine ID="line_24" HPOS="74" VPOS="732" WIDTH="731" HEIGHT="40" BASELINE="75 759 805 754" TAGREFS="TYPE_1">
                        <Shape>
                            <Polygon POINTS="75 759 75 769 204 772 205 772 232 769 260 767 287 769 308 771 308 771 309 771 314 769 321 767 325 769 330 771 330 771 331 771 332 771 337 769 344 767 371 769 387 770 387 770 388 770 389 770 390 769 395 766 453 766 490 768 511 770 511 770 512 770 513 770 515 768 519 765 530 768 533 769 533 769 534 769 535 769 537 768 549 765 599 768 615 769 616 769 628 768 673 764 803 768 805 754 803 737 661 732 660 732 660 732 640 737 600 737 594 733 593 733 592 733 591 733 507 737 392 733 391 733 358 738 338 734 226 734 225 734 224 734 224 734 218 739 208 735 207 735 207 735 124 739 101 735 100 735 74 740 75 759"/>
                        </Shape>
                        <String CONTENT=""/>
                    </TextLine>

                    <TextLine ID="line_25" HPOS="76" VPOS="761" WIDTH="730" HEIGHT="40" BASELINE="77 788 806 784" TAGREFS="TYPE_1">
                        <Shape>
                            <Polygon POINTS="77 788 77 801 171 796 242 800 243 800 244 800 256 795 312 798 312 798 424 794 467 799 472 799 473 799 478 799 516 794 585 798 596 798 597 798 604 798 645 794 805 796 806 784 806 768 784 761 784 761 783 761 743 767 731 761 731 761 730 761 705 767 687 761 686 761 685 761 622 762 621 762 621 762 612 768 561 762 560 762 559 762 549 768 533 763 532 763 531 763 505 768 434 764 433 764 383 768 370 763 369 763 368 763 321 769 223 763 222 763 221 763 200 770 179 767 178 767 76 771 77 788"/>
                        </Shape>
                        <String CONTENT=""/>
                    </TextLine>

                    <TextLine ID="line_26" HPOS="80" VPOS="790" WIDTH="728" HEIGHT="41" BASELINE="81 817 808 813" TAGREFS="TYPE_1">
                        <Shape>
                            <Polygon POINTS="81 817 81 831 137 826 207 829 207 829 257 825 277 829 281 829 282 829 283 829 284 829 284 829 290 825 299 829 302 829 303 829 303 829 340 829 436 825 440 827 442 829 443 829 444 829 444 829 515 829 515 829 532 826 545 824 551 825 559 828 559 828 560 829 660 829 660 828 682 824 689 823 696 824 713 827 713 827 807 822 808 813 806 795 689 790 688 790 656 795 655 795 653 795 579 791 578 791 544 795 533 791 532 791 531 791 501 796 499 796 494 796 392 792 392 792 391 792 379 796 374 792 373 792 372 792 371 792 370 792 358 797 357 797 352 797 287 793 286 793 286 793 270 797 269 797 158 794 157 794 156 794 155 794 149 798 149 798 80 798 81 817"/>
                        </Shape>
                        <String CONTENT=""/>
                    </TextLine>

                    <TextLine ID="line_27" HPOS="82" VPOS="828" WIDTH="730" HEIGHT="32" BASELINE="83 848 812 843" TAGREFS="TYPE_1">
                        <Shape>
                            <Polygon POINTS="660 841 652 842 644 842 636 842 628 842 620 842 612 842 603 842 595 842 587 842 579 842 571 842 563 842 555 842 546 842 538 842 530 842 522 842 514 842 506 842 497 842 489 842 481 842 473 842 465 842 457 842 449 842 440 842 432 842 424 842 416 842 408 842 400 842 392 842 383 842 375 842 367 842 359 842 351 842 343 842 334 842 326 842 318 842 310 842 302 842 294 842 286 842 277 842 269 842 261 842 253 842 245 842 237 842 229 842 220 842 212 842 204 842 196 842 188 842 180 842 171 842 163 842 155 842 147 842 139 842 131 842 123 842 114 842 106 842 98 842 90 842 82 842 83 848 83 860 447 854 492 855 567 858 568 858 568 858 584 854 590 853 609 854 684 857 685 857 721 852 722 852 729 856 730 856 731 856 731 857 784 857 784 856 812 851 812 843 810 828 725 828 724 828 723 828 722 828 722 829 717 832 711 829 709 828 709 828 708 828 665 829 665 829 664 829 660 841"/>
                        </Shape>
                        <String CONTENT=""/>
                    </TextLine>

                    <TextLine ID="line_28" HPOS="82" VPOS="850" WIDTH="729" HEIGHT="35" BASELINE="83 878 198 875 811 873" TAGREFS="TYPE_1">
                        <Shape>
                            <Polygon POINTS="83 878 83 884 752 885 753 885 811 880 811 873 810 854 757 850 757 850 756 850 742 854 739 855 736 854 728 851 727 851 726 851 726 851 725 851 720 854 718 855 619 855 616 855 589 851 588 851 587 851 576 855 559 851 559 851 558 851 550 855 549 856 486 856 484 855 458 851 457 851 456 851 455 851 449 855 393 852 392 852 392 852 391 852 385 856 384 857 325 857 294 857 256 852 255 852 255 852 234 857 233 857 231 857 153 853 152 853 82 858 83 878"/>
                        </Shape>
                        <String CONTENT=""/>
                    </TextLine>

                    <TextLine ID="line_29" HPOS="78" VPOS="878" WIDTH="732" HEIGHT="41" BASELINE="79 908 810 903" TAGREFS="TYPE_1">
                        <Shape>
                            <Polygon POINTS="79 908 79 919 101 915 149 918 149 918 150 918 152 918 216 914 233 917 237 918 238 918 239 918 240 918 241 917 246 913 321 913 367 916 398 917 399 917 481 917 482 917 488 914 493 912 558 913 687 916 687 916 736 915 737 915 738 915 743 911 744 911 748 911 790 915 791 915 792 915 810 910 810 903 808 885 687 878 687 878 660 885 658 885 655 885 618 879 617 879 616 879 602 885 601 885 593 879 592 879 591 879 572 879 571 879 515 880 515 880 505 885 503 886 496 885 467 881 466 881 466 881 465 881 458 885 457 886 449 885 427 882 426 882 425 882 424 882 419 885 417 886 409 885 391 881 390 881 346 885 320 888 287 888 280 885 269 882 268 882 268 882 267 882 255 885 246 887 231 885 222 884 221 884 203 885 162 888 157 885 151 882 150 882 149 882 130 885 110 888 78 886 79 908"/>
                        </Shape>
                        <String CONTENT=""/>
                    </TextLine>

                    <TextLine ID="line_30" HPOS="78" VPOS="908" WIDTH="731" HEIGHT="38" BASELINE="79 938 809 931" TAGREFS="TYPE_1">
                        <Shape>
                            <Polygon POINTS="79 938 79 946 808 939 809 931 807 912 755 908 754 908 703 912 690 908 689 908 688 908 687 908 687 908 681 913 649 913 640 908 639 908 638 908 638 908 624 913 605 908 604 908 603 908 603 908 591 913 577 908 577 908 576 908 575 908 559 913 535 908 534 908 533 908 523 914 498 909 497 909 497 909 496 909 490 913 484 910 484 910 483 910 437 915 395 910 394 910 353 914 331 911 330 911 330 911 319 916 296 911 295 911 259 916 170 912 169 912 140 917 105 913 105 913 78 918 79 938"/>
                        </Shape>
                        <String CONTENT=""/>
                    </TextLine>

                    <TextLine ID="line_31" HPOS="79" VPOS="938" WIDTH="730" HEIGHT="43" BASELINE="79 966 809 961" TAGREFS="TYPE_1">
                        <Shape>
                            <Polygon POINTS="79 966 79 981 112 974 132 980 133 980 134 980 167 974 196 980 199 980 200 980 237 979 238 979 252 973 270 973 280 978 280 979 281 979 281 979 282 979 290 978 334 973 352 978 355 978 356 978 356 979 380 979 380 978 381 978 382 978 383 978 389 974 428 977 440 978 440 978 447 977 480 971 526 975 527 975 578 972 589 975 592 976 593 976 594 976 621 974 692 970 807 972 809 961 807 943 787 938 786 938 765 943 762 943 761 943 750 938 749 938 748 938 748 938 736 943 735 943 700 943 699 943 688 938 687 938 687 938 686 938 675 943 673 944 602 944 599 943 587 939 586 939 585 939 585 939 569 943 561 944 551 943 533 939 532 939 531 939 520 943 514 945 481 945 478 943 474 939 473 939 472 939 471 939 471 939 461 943 458 943 458 943 453 939 452 939 451 939 450 939 405 940 404 940 395 943 386 945 358 943 327 940 326 940 325 940 325 940 321 943 315 947 286 947 281 943 279 941 278 941 277 941 277 941 276 941 270 943 264 945 261 943 259 941 258 941 257 941 256 941 240 943 220 945 196 943 181 942 180 942 180 942 179 942 177 943 171 947 79 943 79 966"/>
                        </Shape>
                        <String CONTENT=""/>
                    </TextLine>

                    <TextLine ID="line_32" HPOS="79" VPOS="969" WIDTH="718" HEIGHT="40" BASELINE="80 996 797 992" TAGREFS="TYPE_1">
                        <Shape>
                            <Polygon POINTS="80 996 81 1009 94 1004 797 1003 797 992 796 974 654 969 653 969 652 969 636 974 629 970 629 970 628 970 556 970 555 970 555 970 545 974 544 974 542 974 519 970 518 970 517 970 516 970 510 974 508 975 503 974 484 970 422 970 421 970 420 970 410 974 408 975 405 974 393 970 392 970 392 970 373 974 365 976 357 974 341 971 340 971 321 974 312 976 79 975 80 996"/>
                        </Shape>
                        <String CONTENT=""/>
                    </TextLine>
</TextBlock>
                <TextBlock ID="textblock_4">
                    
                    <TextLine ID="line_33" HPOS="82" VPOS="996" WIDTH="634" HEIGHT="42" BASELINE="83 1026 716 1022" TAGREFS="TYPE_1">
                        <Shape>
                            <Polygon POINTS="83 1026 83 1035 224 1037 225 1037 239 1035 251 1033 255 1035 257 1037 258 1037 259 1037 259 1038 306 1038 306 1037 307 1037 312 1035 317 1033 350 1035 371 1036 372 1036 383 1035 405 1032 442 1035 461 1036 462 1036 468 1035 484 1031 494 1035 496 1035 497 1035 497 1035 506 1035 546 1031 573 1035 578 1035 579 1035 583 1035 605 1031 714 1035 716 1022 714 1003 614 996 613 996 612 996 590 1003 588 1003 586 1003 571 997 570 997 569 997 541 1003 538 1003 533 1003 478 997 477 997 476 997 463 1003 462 1004 459 1003 449 998 448 998 447 998 446 998 445 998 439 1003 436 1005 379 1005 375 1003 361 999 360 999 359 999 358 999 357 999 353 1003 352 1003 350 1003 317 1000 316 1000 302 1003 293 1005 273 1005 269 1003 264 999 263 999 262 999 261 999 227 1003 208 1005 194 1003 174 1000 173 1000 172 1000 158 1003 150 1005 142 1003 130 1000 129 1000 128 1000 82 1003 83 1026"/>
                        </Shape>
                        <String CONTENT=""/>
                    </TextLine>

                </TextBlock>
                <TextBlock ID="block_4" HPOS="82" VPOS="1034" WIDTH="730" HEIGHT="267" TAGREFS="TYPE_40">
                    <Shape>
                        <Polygon POINTS="82.40306091308594 1034.5794677734375 812.262939453125 1034.5794677734375 812.262939453125 1301.688720703125 82.40306091308594 1301.688720703125 82.40306091308594 1034.5794677734375"/>
                    </Shape>
                    <TextLine ID="line_34" HPOS="152" VPOS="1027" WIDTH="658" HEIGHT="40" BASELINE="153 1055 722 1052 810 1055" TAGREFS="TYPE_1">
                        <Shape>
                            <Polygon POINTS="153 1055 153 1062 180 1067 181 1067 275 1063 284 1063 295 1063 381 1066 382 1066 383 1066 383 1066 387 1064 389 1062 425 1064 488 1066 488 1066 489 1066 497 1064 504 1062 575 1064 612 1066 613 1066 628 1065 670 1061 810 1065 810 1055 809 1031 687 1032 684 1031 673 1027 672 1027 671 1027 670 1027 669 1027 664 1031 661 1034 649 1034 647 1031 642 1027 641 1027 640 1027 639 1027 601 1032 596 1032 592 1032 543 1027 542 1027 541 1027 523 1033 520 1033 516 1033 482 1028 481 1028 451 1033 447 1034 445 1033 434 1028 433 1028 432 1028 348 1032 328 1028 327 1028 326 1028 314 1035 313 1035 267 1035 267 1035 251 1030 251 1030 250 1030 232 1033 180 1029 179 1029 178 1029 152 1035 153 1055"/>
                        </Shape>
                        <String CONTENT=""/>
                    </TextLine>

                    <TextLine ID="line_35" HPOS="80" VPOS="1060" WIDTH="729" HEIGHT="33" BASELINE="81 1084 809 1082" TAGREFS="TYPE_1">
                        <Shape>
                            <Polygon POINTS="81 1084 81 1091 808 1093 809 1082 807 1065 786 1060 785 1060 784 1060 771 1064 770 1065 768 1064 757 1060 757 1060 756 1060 722 1064 716 1066 658 1066 656 1064 647 1060 647 1060 646 1060 600 1064 589 1065 587 1064 581 1060 581 1060 580 1060 579 1060 489 1064 440 1066 432 1064 422 1061 421 1061 420 1061 396 1063 378 1066 292 1066 288 1063 282 1061 281 1061 281 1061 280 1061 270 1063 259 1066 247 1063 238 1062 237 1062 237 1062 232 1063 224 1066 171 1066 165 1063 162 1061 161 1061 160 1061 159 1061 146 1063 131 1066 80 1063 81 1084"/>
                        </Shape>
                        <String CONTENT=""/>
                    </TextLine>

                    <TextLine ID="line_36" HPOS="83" VPOS="1088" WIDTH="723" HEIGHT="35" BASELINE="83 1114 806 1112" TAGREFS="TYPE_1">
                        <Shape>
                            <Polygon POINTS="83 1114 83 1123 806 1122 806 1112 804 1095 622 1088 621 1088 544 1089 543 1089 532 1095 502 1095 494 1089 493 1089 493 1089 492 1089 460 1094 445 1088 444 1088 444 1088 443 1088 442 1088 433 1096 412 1096 403 1089 402 1089 401 1089 400 1089 400 1089 383 1095 317 1089 316 1089 315 1089 314 1089 304 1096 277 1096 236 1089 235 1089 209 1095 198 1089 198 1089 176 1089 176 1089 175 1089 162 1095 136 1089 136 1089 135 1089 134 1089 125 1095 99 1089 98 1089 97 1089 83 1095 83 1114"/>
                        </Shape>
                        <String CONTENT=""/>
                    </TextLine>

                    <TextLine ID="line_37" HPOS="83" VPOS="1121" WIDTH="722" HEIGHT="33" BASELINE="83 1143 805 1141" TAGREFS="TYPE_1">
                        <Shape>
                            <Polygon POINTS="83 1143 83 1154 805 1153 805 1141 803 1121 83 1121 83 1143"/>
                        </Shape>
                        <String CONTENT=""/>
                    </TextLine>

                    <TextLine ID="line_38" HPOS="82" VPOS="1147" WIDTH="721" HEIGHT="38" BASELINE="83 1173 538 1170 803 1173" TAGREFS="TYPE_1">
                        <Shape>
                            <Polygon POINTS="83 1173 83 1180 103 1185 104 1185 206 1180 232 1180 234 1180 244 1185 245 1185 246 1185 286 1180 292 1180 313 1180 435 1185 436 1185 463 1181 485 1179 801 1182 803 1173 802 1153 785 1148 784 1148 784 1148 783 1148 782 1148 774 1154 685 1154 657 1147 537 1147 536 1147 535 1147 524 1154 495 1154 447 1147 446 1147 445 1147 431 1154 402 1149 401 1149 400 1149 390 1154 351 1154 336 1148 335 1148 334 1148 295 1154 189 1154 157 1149 156 1149 121 1154 96 1148 95 1148 94 1148 82 1154 83 1173"/>
                        </Shape>
                        <String CONTENT=""/>
                    </TextLine>

                    <TextLine ID="line_39" HPOS="82" VPOS="1178" WIDTH="721" HEIGHT="35" BASELINE="83 1202 600 1199 803 1203" TAGREFS="TYPE_1">
                        <Shape>
                            <Polygon POINTS="83 1202 83 1211 801 1213 803 1203 802 1184 514 1178 513 1178 475 1184 475 1185 455 1185 402 1185 390 1178 389 1178 388 1178 387 1178 387 1178 377 1185 339 1185 330 1178 330 1178 329 1178 310 1178 309 1178 308 1178 296 1185 260 1185 233 1178 232 1178 231 1178 218 1184 192 1180 191 1180 150 1184 137 1179 136 1179 136 1179 135 1179 125 1184 106 1180 105 1180 82 1185 83 1202"/>
                        </Shape>
                        <String CONTENT=""/>
                    </TextLine>

                    <TextLine ID="line_40" HPOS="85" VPOS="1207" WIDTH="718" HEIGHT="33" BASELINE="85 1231 803 1231" TAGREFS="TYPE_1">
                        <Shape>
                            <Polygon POINTS="85 1231 85 1240 803 1239 803 1231 803 1214 660 1207 612 1207 612 1207 611 1207 593 1212 590 1213 587 1212 562 1207 495 1207 494 1207 493 1207 475 1212 471 1213 467 1212 453 1207 452 1207 451 1207 450 1207 433 1211 428 1213 425 1211 418 1209 418 1209 417 1209 396 1211 384 1213 382 1211 376 1207 375 1207 374 1207 374 1207 355 1211 346 1214 303 1214 295 1211 278 1207 277 1207 277 1207 276 1207 266 1211 261 1214 206 1214 198 1211 189 1207 188 1207 187 1207 186 1207 185 1207 180 1211 176 1213 162 1211 139 1207 138 1207 85 1210 85 1231"/>
                        </Shape>
                        <String CONTENT=""/>
                    </TextLine>

                    <TextLine ID="line_41" HPOS="87" VPOS="1237" WIDTH="717" HEIGHT="35" BASELINE="88 1261 609 1259 804 1263" TAGREFS="TYPE_1">
                        <Shape>
                            <Polygon POINTS="88 1261 88 1272 803 1271 804 1263 803 1242 367 1237 366 1237 365 1237 356 1242 287 1242 264 1237 264 1237 232 1241 222 1237 221 1237 167 1237 166 1237 122 1241 98 1237 97 1237 96 1237 87 1241 88 1261"/>
                        </Shape>
                        <String CONTENT=""/>
                    </TextLine>

                    <TextLine ID="line_42" HPOS="84" VPOS="1265" WIDTH="719" HEIGHT="47" BASELINE="85 1290 803 1292" TAGREFS="TYPE_1">
                        <Shape>
                            <Polygon POINTS="85 1290 84 1302 141 1311 142 1311 177 1309 178 1309 179 1309 189 1303 190 1302 212 1302 214 1303 233 1311 234 1311 235 1312 314 1312 314 1311 315 1311 339 1303 356 1312 356 1312 357 1312 549 1303 559 1303 559 1303 583 1312 584 1312 585 1312 615 1308 639 1312 640 1312 641 1312 661 1303 675 1309 676 1309 677 1309 678 1309 696 1303 729 1308 730 1308 731 1308 747 1304 758 1309 759 1309 760 1309 802 1303 803 1292 802 1274 762 1273 753 1267 752 1267 751 1267 732 1267 731 1267 731 1267 730 1267 721 1273 720 1273 719 1273 705 1267 704 1267 704 1267 654 1272 644 1273 642 1272 634 1267 634 1267 633 1267 632 1267 612 1271 563 1266 563 1266 475 1271 438 1273 401 1273 396 1270 395 1268 394 1268 393 1268 392 1268 381 1270 362 1272 352 1269 339 1266 339 1266 338 1266 337 1266 328 1269 322 1272 308 1269 293 1267 292 1267 291 1267 282 1269 273 1272 263 1268 256 1267 255 1267 255 1267 254 1267 250 1268 243 1272 185 1272 176 1268 168 1265 167 1265 167 1265 166 1265 156 1268 142 1272 85 1268 85 1290"/>
                        </Shape>
                        <String CONTENT=""/>
                    </TextLine>
</TextBlock>
                <TextBlock ID="block_2" HPOS="649" VPOS="1300" WIDTH="81" HEIGHT="43" TAGREFS="TYPE_29">
                    <Shape>
                        <Polygon POINTS="649.174560546875 1300.39013671875 730.6680908203125 1300.39013671875 730.6680908203125 1343.009033203125 649.174560546875 1343.009033203125 649.174560546875 1300.39013671875"/>
                    </Shape>
                    <TextLine ID="line_43" HPOS="710" VPOS="1299" WIDTH="6" HEIGHT="52" BASELINE="710 1329 716 1329" TAGREFS="TYPE_1">
                        <Shape>
                            <Polygon POINTS="710 1329 710 1348 714 1351 716 1329 716 1299 710 1299 710 1329"/>
                        </Shape>
                        <String CONTENT=""/>
                    </TextLine>
</TextBlock>
            </PrintSpace>
        </Page>
    </Layout>
</alto>