<?xml version="1.0" encoding="UTF-8"?>
<alto xmlns:xsi="http://www.w3.org/2001/XMLSchema-instance"
    xmlns="http://www.loc.gov/standards/alto/ns-v4#"
    xsi:schemaLocation="http://www.loc.gov/standards/alto/ns-v4# http://www.loc.gov/standards/alto/v4/alto-4-3.xsd">
    <Description>
        <MeasurementUnit>pixel</MeasurementUnit>
        <sourceImageInformation>
            <fileName>bsb10313792_00043.jpg</fileName>
        </sourceImageInformation>
        <Processing ID="OCR_0">
            <processingCategory>other</processingCategory>
            <processingStepDescription>unknown</processingStepDescription>
            <processingSoftware>
                <softwareName>kraken</softwareName>
                <softwareVersion>4.3.13</softwareVersion>
            </processingSoftware>
        </Processing>
    </Description>
    <Tags>
        <OtherTag ID="TYPE_1" LABEL="DefaultLine"/>
        <OtherTag ID="TYPE_2" LABEL="MainZone-Other"/>
        <OtherTag ID="TYPE_3" LABEL="RunningTitleZone"/>
        <OtherTag ID="TYPE_4" LABEL="QuireMarksZone"/>
        <OtherTag ID="TYPE_5" LABEL="MarginTextZone-Notes-Continued"/>
        <OtherTag ID="TYPE_6" LABEL="MarginTextZone-Notes"/>
        <OtherTag ID="TYPE_7" LABEL="GraphicZone-TextualContent"/>
        <OtherTag ID="TYPE_8" LABEL="DigitizationArtefactZone"/>
        <OtherTag ID="TYPE_9" LABEL="TableZone-Continued"/>
        <OtherTag ID="TYPE_10" LABEL="MainZone-Lg"/>
        <OtherTag ID="TYPE_11" LABEL="MainZone-Head"/>
        <OtherTag ID="TYPE_12" LABEL="StampZone"/>
        <OtherTag ID="TYPE_13" LABEL="MainZone-Form"/>
        <OtherTag ID="TYPE_14" LABEL="MainZone-List-Continued"/>
        <OtherTag ID="TYPE_15" LABEL="MainZone-Signature"/>
        <OtherTag ID="TYPE_16" LABEL="MarginTextZone-ManuscriptAddendum"/>
        <OtherTag ID="TYPE_17" LABEL="MainZone-P-Continued"/>
        <OtherTag ID="TYPE_18" LABEL="StampZone-Sticker"/>
        <OtherTag ID="TYPE_19" LABEL="TableZone-Head"/>
        <OtherTag ID="TYPE_20" LABEL="GraphicZone-Decoration"/>
        <OtherTag ID="TYPE_21" LABEL="DropCapitalZone"/>
        <OtherTag ID="TYPE_22" LABEL="NumberingZone"/>
        <OtherTag ID="TYPE_23" LABEL="FigureZone-Head"/>
        <OtherTag ID="TYPE_24" LABEL="TitlePageZone"/>
        <OtherTag ID="TYPE_25" LABEL="GraphicZone-Maths"/>
        <OtherTag ID="TYPE_26" LABEL="MainZone-Entry-Continued"/>
        <OtherTag ID="TYPE_27" LABEL="MainZone-Sp"/>
        <OtherTag ID="TYPE_28" LABEL="MainZone-Entry"/>
        <OtherTag ID="TYPE_29" LABEL="GraphicZone-Part"/>
        <OtherTag ID="TYPE_30" LABEL="GraphicZone"/>
        <OtherTag ID="TYPE_31" LABEL="MainZone-Sp-Continued"/>
        <OtherTag ID="TYPE_32" LABEL="TableZone"/>
        <OtherTag ID="TYPE_33" LABEL="TitlePageZone-Index"/>
        <OtherTag ID="TYPE_34" LABEL="AdvertisementZone"/>
        <OtherTag ID="TYPE_35" LABEL="MainZone-Date"/>
        <OtherTag ID="TYPE_36" LABEL="FigureZone-FigDesc"/>
        <OtherTag ID="TYPE_37" LABEL="GraphicZone-Head"/>
        <OtherTag ID="TYPE_38" LABEL="MainZone-List"/>
        <OtherTag ID="TYPE_39" LABEL="MainZone-P"/>
        <OtherTag ID="TYPE_40" LABEL="MainZone-Lg-Continued"/>
        <OtherTag ID="TYPE_41" LABEL="FigureZone"/>
        <OtherTag ID="TYPE_42" LABEL="GraphicZone-FigDesc"/>
    </Tags>
    <Layout>
        <Page WIDTH="1082" HEIGHT="1757" PHYSICAL_IMG_NR="0" ID="page_0">
            <PrintSpace HPOS="0" VPOS="0" WIDTH="1082" HEIGHT="1757">
                <TextBlock ID="block_0" HPOS="153" VPOS="69" WIDTH="629" HEIGHT="45" TAGREFS="TYPE_3">
                    <Shape>
                        <Polygon POINTS="153.64891052246094 69.44754791259766 782.0001831054688 69.44754791259766 782.0001831054688 114.7938232421875 153.64891052246094 114.7938232421875 153.64891052246094 69.44754791259766"/>
                    </Shape>
                    <TextLine ID="line_0" HPOS="156" VPOS="67" WIDTH="633" HEIGHT="53" BASELINE="156 102 789 106" TAGREFS="TYPE_1">
                        <Shape>
                            <Polygon POINTS="760 68 750 68 741 68 731 68 721 68 711 68 702 68 692 68 682 68 672 68 663 68 653 68 651 68 643 68 633 68 624 68 614 68 604 68 594 68 593 68 584 68 575 68 565 68 555 68 545 68 536 68 526 68 516 68 506 68 497 68 487 68 477 68 467 68 457 68 448 68 438 68 428 68 418 68 409 68 399 68 389 68 379 68 370 68 360 68 350 68 340 68 331 68 321 68 311 68 301 68 291 68 282 68 272 68 262 68 252 68 243 68 233 68 223 68 213 68 204 68 194 68 184 68 174 68 165 68 156 68 156 102 156 115 238 110 295 110 308 115 313 117 314 117 315 117 329 115 349 112 369 115 380 117 381 117 382 117 387 115 398 111 411 115 416 117 417 117 418 117 436 115 467 111 471 115 474 117 474 118 475 118 476 118 477 118 491 115 504 112 538 115 573 118 574 118 575 118 581 115 586 112 625 112 631 115 644 119 645 119 646 120 678 120 678 119 679 119 680 119 685 115 688 113 700 115 729 119 730 119 788 114 789 106 789 69 760 67 760 68"/>
                        </Shape>
                        <String CONTENT=""/>
                    </TextLine>
</TextBlock>
                <TextBlock ID="block_3" HPOS="833" VPOS="80" WIDTH="42" HEIGHT="44" TAGREFS="TYPE_22">
                    <Shape>
                        <Polygon POINTS="833.2411499023438 80.76810455322266 875.3944702148438 80.76810455322266 875.3944702148438 124.56689453125 833.2411499023438 124.56689453125 833.2411499023438 80.76810455322266"/>
                    </Shape>
                    <TextLine ID="line_1" HPOS="832" VPOS="77" WIDTH="33" HEIGHT="46" BASELINE="835 112 865 110" TAGREFS="TYPE_1">
                        <Shape>
                            <Polygon POINTS="853 88 842 79 832 79 835 112 835 123 865 122 865 110 862 77 853 77 853 88"/>
                        </Shape>
                        <String CONTENT=""/>
                    </TextLine>
</TextBlock>
                <TextBlock ID="block_2" HPOS="69" VPOS="132" WIDTH="813" HEIGHT="1340" TAGREFS="TYPE_17">
                    <Shape>
                        <Polygon POINTS="69.2723617553711 132.29019165039062 882.0204467773438 132.29019165039062 882.0204467773438 1472.4736328125 69.2723617553711 1472.4736328125 69.2723617553711 132.29019165039062"/>
                    </Shape>
                    <TextLine ID="line_2" HPOS="63" VPOS="123" WIDTH="809" HEIGHT="56" BASELINE="64 154 872 160" TAGREFS="TYPE_1">
                        <Shape>
                            <Polygon POINTS="855 129 845 129 835 129 826 129 816 129 806 129 796 129 795 129 755 131 738 131 730 130 722 129 718 129 708 129 699 129 689 129 683 129 682 130 680 131 604 131 548 130 547 129 542 129 533 129 523 129 513 129 503 129 494 129 484 129 474 129 469 129 464 129 455 129 445 129 435 129 425 129 416 129 406 129 396 129 386 129 376 129 367 129 357 129 347 129 337 129 328 129 318 129 308 129 298 129 289 129 279 129 269 129 259 129 249 129 240 129 230 129 220 129 210 129 201 129 191 129 181 129 171 129 162 129 152 129 142 129 132 129 123 129 113 129 103 129 93 129 83 129 74 129 73 123 64 123 64 154 63 168 211 174 212 174 213 174 223 168 230 165 258 168 294 173 295 173 296 173 313 168 323 166 331 168 349 175 350 175 351 175 352 175 369 168 376 166 404 168 450 173 451 173 452 173 453 173 458 168 463 166 588 166 592 168 608 176 609 176 610 176 681 169 713 176 714 176 732 172 739 178 740 178 741 178 742 179 762 179 762 178 763 178 764 178 778 169 804 169 821 177 822 177 823 177 824 177 837 169 871 168 872 160 872 131 859 126 858 126 857 126 855 126 855 129"/>
                        </Shape>
                        <String CONTENT=""/>
                    </TextLine>

                    <TextLine ID="line_3" HPOS="60" VPOS="167" WIDTH="809" HEIGHT="58" BASELINE="61 204 869 206" TAGREFS="TYPE_1">
                        <Shape>
                            <Polygon POINTS="61 204 60 222 132 224 133 224 134 224 141 222 150 219 157 222 162 224 163 224 164 225 237 225 237 224 238 224 245 221 255 217 341 217 348 221 355 224 356 224 357 225 385 225 385 224 428 220 464 217 481 220 508 225 509 225 510 225 524 220 529 218 536 220 556 225 557 225 558 225 588 219 597 218 619 218 622 219 629 225 630 225 631 225 632 225 633 225 653 219 657 218 710 218 713 218 735 225 736 225 737 225 785 219 809 225 810 225 811 225 868 217 869 206 869 175 860 169 859 169 858 169 857 169 856 169 855 169 845 175 732 170 731 170 667 174 644 175 640 174 632 168 631 168 630 168 575 168 574 168 531 172 501 175 486 172 464 167 463 167 462 167 448 171 441 173 438 171 433 167 432 167 431 167 430 167 429 167 419 171 413 174 406 171 399 167 398 167 338 167 337 167 336 167 330 170 322 173 298 169 281 167 280 167 269 169 248 174 241 169 239 167 238 167 237 167 236 167 228 169 212 172 195 168 188 167 187 167 186 167 183 168 168 175 91 175 61 167 61 204"/>
                        </Shape>
                        <String CONTENT=""/>
                    </TextLine>

                    <TextLine ID="line_4" HPOS="64" VPOS="216" WIDTH="806" HEIGHT="59" BASELINE="65 254 602 253 870 258" TAGREFS="TYPE_1">
                        <Shape>
                            <Polygon POINTS="65 254 64 264 124 273 125 274 169 274 169 273 170 273 186 267 201 272 202 272 203 272 204 272 219 266 224 265 250 265 254 267 263 273 264 273 265 273 266 273 305 267 311 267 314 268 332 273 333 273 334 273 335 273 345 268 349 266 365 268 384 271 385 271 386 271 394 269 406 265 414 269 418 271 419 271 420 271 439 269 457 267 461 269 467 274 468 274 469 274 470 274 518 270 570 266 670 266 721 273 734 274 735 274 736 274 737 274 738 273 748 267 797 272 798 272 827 266 839 274 840 274 841 274 842 275 869 275 870 258 868 221 846 225 841 221 836 217 835 217 834 217 833 217 832 217 822 221 807 227 711 227 705 222 699 217 698 217 697 217 593 217 592 217 591 217 574 222 568 224 563 222 550 217 549 217 514 217 513 217 512 217 511 217 504 223 503 224 502 223 498 219 497 219 496 219 495 219 494 219 493 219 488 223 482 227 462 227 436 223 391 218 390 218 315 224 297 225 295 224 283 216 282 216 281 216 252 216 251 216 188 225 183 225 182 225 167 217 166 217 136 216 135 216 134 216 133 216 123 223 98 218 97 218 96 218 95 218 85 225 85 226 65 226 65 254"/>
                        </Shape>
                        <String CONTENT=""/>
                    </TextLine>

                    <TextLine ID="line_5" HPOS="62" VPOS="262" WIDTH="806" HEIGHT="63" BASELINE="63 303 666 303 868 308" TAGREFS="TYPE_1">
                        <Shape>
                            <Polygon POINTS="63 303 62 313 94 323 95 323 96 324 125 324 125 323 126 323 142 315 157 322 158 322 159 322 160 322 179 315 194 323 195 323 196 323 197 323 217 316 220 315 303 315 309 317 325 323 326 323 327 323 392 318 431 315 446 319 465 324 466 324 467 324 529 320 586 316 686 316 695 322 697 324 698 324 699 324 700 324 701 324 706 322 723 316 738 323 741 324 742 324 743 324 750 323 787 316 818 324 821 324 822 325 867 325 868 308 868 273 858 267 857 267 856 267 855 267 814 273 813 273 788 264 787 264 743 264 742 264 741 264 722 272 721 272 719 272 686 265 685 265 650 270 608 264 607 264 606 264 587 270 585 270 581 270 543 264 542 264 541 264 530 269 519 273 467 273 461 268 456 263 455 263 454 263 378 263 377 263 376 263 367 266 350 272 317 265 302 263 301 263 300 263 299 263 296 265 287 273 145 273 116 266 115 266 114 266 101 272 89 263 88 263 87 263 63 262 63 303"/>
                        </Shape>
                        <String CONTENT=""/>
                    </TextLine>

                    <TextLine ID="line_6" HPOS="63" VPOS="311" WIDTH="805" HEIGHT="59" BASELINE="64 353 868 356" TAGREFS="TYPE_1">
                        <Shape>
                            <Polygon POINTS="64 353 63 361 84 368 85 368 86 368 258 364 294 363 303 364 332 369 333 369 482 367 598 364 655 368 663 368 664 368 666 368 684 365 691 368 694 370 695 370 696 370 697 370 707 368 735 365 786 365 800 370 802 370 803 370 804 370 808 370 835 365 866 370 868 356 867 326 809 313 713 313 712 313 711 313 691 324 688 325 684 324 651 313 650 313 599 312 547 312 546 312 545 312 526 322 522 324 506 322 477 318 476 318 444 321 417 324 413 321 400 312 399 312 398 312 397 312 396 312 367 321 353 324 303 323 297 320 276 311 275 311 274 311 225 319 201 323 64 318 64 353"/>
                        </Shape>
                        <String CONTENT=""/>
                    </TextLine>

                    <TextLine ID="line_7" HPOS="63" VPOS="362" WIDTH="807" HEIGHT="59" BASELINE="64 402 870 405" TAGREFS="TYPE_1">
                        <Shape>
                            <Polygon POINTS="64 402 63 410 103 419 104 420 247 420 247 419 298 413 323 411 327 414 332 417 332 417 333 417 334 417 335 417 345 414 352 412 500 412 510 416 519 420 520 420 521 421 586 421 586 420 617 417 663 413 703 418 723 421 724 421 725 421 726 421 729 419 737 413 767 419 768 419 769 420 769 419 770 419 800 413 809 420 810 420 811 420 812 421 869 421 870 405 869 367 749 364 749 364 720 367 701 370 694 367 682 363 681 363 680 363 679 363 678 363 670 367 668 369 666 368 659 363 658 363 657 363 504 362 503 362 502 362 488 368 482 371 476 368 469 367 468 367 467 367 466 367 457 369 444 372 431 369 403 362 402 362 401 362 400 362 386 369 379 373 341 373 327 369 289 362 288 362 249 370 241 371 64 371 64 402"/>
                        </Shape>
                        <String CONTENT=""/>
                    </TextLine>

                    <TextLine ID="line_8" HPOS="65" VPOS="410" WIDTH="806" HEIGHT="62" BASELINE="66 450 871 452" TAGREFS="TYPE_1">
                        <Shape>
                            <Polygon POINTS="66 450 65 460 83 470 84 470 85 471 233 471 233 470 234 470 249 462 250 462 325 463 327 463 339 470 340 470 341 470 342 470 357 464 377 470 378 470 379 470 380 470 396 464 404 462 455 463 457 465 468 471 469 471 470 471 503 466 515 464 523 466 540 471 541 471 541 471 570 467 591 463 605 467 619 471 620 471 621 472 645 472 645 471 646 471 647 471 652 468 661 463 765 463 805 470 810 470 811 470 814 470 840 463 868 470 871 452 871 420 772 411 771 411 770 411 741 419 731 422 722 419 699 411 698 411 697 411 696 411 675 419 667 423 586 423 581 419 576 417 575 417 574 417 558 419 539 422 533 419 516 411 515 411 467 410 395 410 394 410 393 410 371 419 364 422 332 422 328 419 311 410 310 410 309 410 281 415 252 410 251 410 250 410 233 417 194 411 193 411 192 411 174 419 168 421 66 419 66 450"/>
                        </Shape>
                        <String CONTENT=""/>
                    </TextLine>

                    <TextLine ID="line_9" HPOS="76" VPOS="462" WIDTH="795" HEIGHT="57" BASELINE="77 499 871 502" TAGREFS="TYPE_1">
                        <Shape>
                            <Polygon POINTS="77 499 76 512 204 517 205 517 244 512 259 511 263 512 273 517 274 517 275 517 276 517 287 512 291 511 339 511 352 512 390 518 391 519 439 519 439 518 440 518 441 518 449 512 450 512 451 512 462 518 463 518 464 518 629 513 678 519 679 519 870 512 871 502 871 472 857 464 856 464 855 464 731 468 713 464 712 464 711 464 710 464 699 471 696 472 669 470 620 467 619 467 591 470 577 471 574 470 564 463 563 463 562 463 521 463 520 463 519 463 504 469 499 472 454 472 448 469 434 463 433 463 432 463 431 463 413 468 403 471 395 468 382 463 381 463 380 463 379 463 361 468 349 471 340 468 329 463 328 463 327 463 326 463 325 463 318 468 316 469 314 468 306 462 305 462 304 462 303 462 302 462 291 467 284 470 219 467 180 465 179 465 166 466 135 470 129 466 124 462 124 462 123 462 122 462 121 462 109 466 96 470 77 466 77 499"/>
                        </Shape>
                        <String CONTENT=""/>
                    </TextLine>

                    <TextLine ID="line_10" HPOS="82" VPOS="510" WIDTH="787" HEIGHT="58" BASELINE="83 548 869 550" TAGREFS="TYPE_1">
                        <Shape>
                            <Polygon POINTS="83 548 82 557 123 559 138 567 139 567 140 567 218 562 237 567 238 567 239 567 240 567 241 567 253 559 334 564 335 564 336 564 350 559 372 567 373 567 374 568 431 568 431 567 432 567 450 561 482 568 483 568 530 560 582 568 583 568 584 568 604 563 675 568 676 568 677 568 699 560 753 565 754 565 782 560 824 568 825 568 868 559 869 550 868 522 844 521 830 511 829 511 828 511 793 511 792 511 791 511 769 521 768 521 728 516 727 516 684 521 681 521 678 521 625 511 624 511 560 516 549 512 548 512 547 512 546 512 545 512 533 521 532 521 529 521 499 515 498 515 497 515 486 521 485 521 484 521 475 516 474 516 473 516 441 520 419 510 418 510 417 510 416 510 399 515 388 510 387 510 313 510 312 510 311 510 310 510 299 519 244 520 221 520 220 520 203 510 202 510 201 510 150 519 121 510 120 510 119 510 118 510 117 510 102 520 83 520 83 548"/>
                        </Shape>
                        <String CONTENT=""/>
                    </TextLine>

                    <TextLine ID="line_11" HPOS="83" VPOS="561" WIDTH="785" HEIGHT="58" BASELINE="84 596 868 601" TAGREFS="TYPE_1">
                        <Shape>
                            <Polygon POINTS="84 596 83 608 247 616 248 617 371 617 371 616 372 616 386 611 416 616 416 616 417 616 433 612 519 612 527 617 528 617 529 617 530 617 553 612 648 618 649 618 650 618 661 612 670 617 671 617 672 617 709 612 724 619 725 619 726 619 727 619 752 613 838 619 839 619 867 612 868 601 865 564 844 569 757 565 756 565 755 565 754 565 748 570 628 565 623 565 622 565 621 565 603 571 594 565 591 563 590 563 589 563 554 562 553 562 503 565 478 567 460 566 423 562 422 562 421 562 413 566 403 570 369 566 341 563 340 563 311 566 289 569 285 567 277 561 276 561 275 561 274 561 242 567 233 568 84 568 84 596"/>
                        </Shape>
                        <String CONTENT=""/>
                    </TextLine>

                    <TextLine ID="line_12" HPOS="83" VPOS="606" WIDTH="786" HEIGHT="63" BASELINE="84 645 869 651" TAGREFS="TYPE_1">
                        <Shape>
                            <Polygon POINTS="84 645 83 656 92 662 93 662 94 662 95 662 96 662 112 654 113 654 163 666 221 667 222 668 287 668 287 667 288 667 301 660 308 666 309 666 310 666 311 666 312 666 332 655 343 664 344 664 345 664 346 664 347 664 348 664 357 657 388 665 389 665 390 665 437 657 476 669 477 669 478 669 528 659 564 664 565 664 566 664 581 659 592 667 593 667 594 667 617 668 618 668 619 668 637 659 726 658 732 658 733 658 758 665 759 665 760 665 795 660 819 665 820 665 868 658 869 651 868 612 819 616 812 612 811 612 810 612 754 612 744 612 743 612 742 612 720 623 666 615 665 615 609 619 592 610 591 610 590 610 552 610 551 610 550 610 532 619 516 614 515 614 514 614 439 621 416 612 415 612 414 612 413 612 412 612 399 622 371 622 346 612 345 612 344 612 343 612 342 612 332 620 295 612 294 612 293 612 292 612 283 618 214 620 156 620 127 607 126 607 84 606 84 645"/>
                        </Shape>
                        <String CONTENT=""/>
                    </TextLine>

                    <TextLine ID="line_13" HPOS="89" VPOS="657" WIDTH="780" HEIGHT="59" BASELINE="89 695 869 699" TAGREFS="TYPE_1">
                        <Shape>
                            <Polygon POINTS="869 668 839 659 838 659 837 659 810 665 798 659 797 659 755 659 754 659 715 667 703 669 654 667 653 666 631 658 630 658 629 658 628 658 612 666 606 668 598 666 574 658 573 658 572 658 530 663 512 658 511 658 510 658 509 658 498 664 491 668 458 664 406 657 376 657 375 657 374 657 362 663 352 667 319 662 294 659 293 659 292 659 286 662 275 666 217 666 204 661 194 658 193 658 192 658 191 658 182 661 170 664 156 660 141 657 140 657 139 657 129 660 112 666 90 660 89 695 89 712 157 707 174 712 177 713 178 713 179 713 205 712 282 708 295 712 303 714 304 714 305 715 409 715 409 714 410 714 419 711 429 708 435 711 439 714 440 714 441 714 442 714 463 711 477 709 480 711 484 715 485 715 486 715 487 716 528 716 528 715 529 715 530 715 535 711 537 709 541 711 552 715 553 715 554 715 555 715 571 711 578 709 589 711 620 715 621 715 650 710 660 709 673 710 720 715 721 715 750 710 752 710 755 710 812 715 813 715 814 715 829 710 838 715 839 715 840 715 868 709 869 699 869 668"/>
                        </Shape>
                        <String CONTENT=""/>
                    </TextLine>

                    <TextLine ID="line_14" HPOS="89" VPOS="710" WIDTH="779" HEIGHT="59" BASELINE="89 748 868 748" TAGREFS="TYPE_1">
                        <Shape>
                            <Polygon POINTS="89 748 89 763 141 760 153 763 166 767 167 767 168 768 234 768 234 767 235 767 236 767 241 763 242 762 245 763 259 767 260 767 261 767 262 767 278 763 287 760 292 762 305 768 306 768 307 769 356 769 356 768 357 768 358 768 365 762 368 760 374 762 392 768 393 768 394 768 395 768 409 762 414 760 452 760 455 762 460 766 461 766 462 766 463 766 464 766 479 761 485 760 496 761 520 765 521 765 543 761 551 760 553 761 563 768 564 768 565 768 566 768 621 763 630 768 631 768 632 769 699 769 699 768 700 768 701 768 711 760 713 760 739 760 742 760 785 768 786 768 787 768 803 760 868 760 868 748 868 710 834 710 833 710 832 710 832 710 821 717 796 710 795 710 794 710 793 710 772 717 742 710 739 710 694 710 693 710 692 710 691 710 675 718 617 718 593 711 589 710 588 710 539 710 538 710 537 710 536 710 535 711 525 717 504 711 499 710 498 710 497 710 480 711 428 718 289 718 272 713 266 711 265 711 264 711 263 711 256 713 241 717 234 713 230 710 229 710 228 710 227 710 212 713 192 717 89 714 89 748"/>
                        </Shape>
                        <String CONTENT=""/>
                    </TextLine>

                    <TextLine ID="line_15" HPOS="81" VPOS="757" WIDTH="788" HEIGHT="58" BASELINE="82 794 869 799" TAGREFS="TYPE_1">
                        <Shape>
                            <Polygon POINTS="82 794 81 806 264 812 265 812 332 807 344 807 352 808 398 813 399 813 535 808 553 808 557 808 583 814 584 814 585 814 586 814 592 809 602 814 603 814 604 814 704 809 709 809 711 809 741 815 742 815 868 809 869 799 869 770 849 762 848 762 847 762 799 763 798 763 786 768 782 770 776 768 756 762 755 762 754 762 705 767 683 769 678 767 667 761 666 761 633 761 632 761 631 761 623 766 616 770 557 770 543 764 531 760 530 760 529 760 528 760 518 764 507 769 446 769 434 762 433 762 432 762 431 762 430 762 429 762 421 769 399 769 385 762 379 759 378 759 377 759 376 759 369 761 350 767 302 760 291 759 290 759 289 759 288 759 287 760 277 768 249 768 235 759 234 758 233 758 232 758 231 758 216 759 129 766 117 758 116 758 115 758 82 757 82 794"/>
                        </Shape>
                        <String CONTENT=""/>
                    </TextLine>

                    <TextLine ID="line_16" HPOS="77" VPOS="803" WIDTH="791" HEIGHT="61" BASELINE="78 843 868 845" TAGREFS="TYPE_1">
                        <Shape>
                            <Polygon POINTS="78 843 77 854 102 862 103 862 104 862 105 862 119 857 127 862 128 862 129 862 130 863 286 863 286 862 287 862 299 858 357 861 358 861 359 861 371 856 449 862 450 862 451 862 463 856 486 863 487 863 488 863 519 857 577 857 588 863 589 863 590 863 591 864 618 864 618 863 619 863 620 863 628 857 657 862 658 862 659 862 684 857 772 857 783 863 784 863 785 863 786 863 867 856 868 845 868 814 842 807 841 807 840 807 820 811 762 805 761 805 760 805 759 805 748 813 744 815 712 812 655 807 654 807 653 807 640 811 627 815 590 810 554 806 553 806 537 810 513 815 504 809 499 805 498 805 497 805 445 805 444 805 443 805 435 808 419 815 381 815 372 807 371 806 370 806 369 806 337 804 336 804 335 804 328 806 305 814 291 806 287 804 286 804 285 804 284 804 280 806 262 815 218 815 199 807 198 807 197 807 196 807 182 815 152 815 132 804 131 804 78 803 78 843"/>
                        </Shape>
                        <String CONTENT=""/>
                    </TextLine>

                    <TextLine ID="line_17" HPOS="74" VPOS="854" WIDTH="795" HEIGHT="57" BASELINE="75 895 869 893" TAGREFS="TYPE_1">
                        <Shape>
                            <Polygon POINTS="75 895 75 904 105 910 106 910 132 905 176 910 177 911 303 911 303 910 304 910 313 905 319 910 320 910 321 910 322 911 407 911 407 910 431 905 458 910 459 910 490 904 592 904 599 909 600 909 601 909 602 910 664 910 664 909 665 909 665 909 673 904 756 909 757 909 786 904 791 909 792 909 793 909 794 910 835 910 835 909 869 902 869 893 868 859 855 855 854 855 853 855 852 855 832 859 832 859 826 855 825 855 824 855 823 855 822 855 812 859 806 863 785 863 777 859 759 854 758 854 757 854 756 854 755 854 747 859 744 862 720 862 715 860 707 855 706 855 705 855 679 854 678 854 677 854 676 854 666 860 665 861 660 860 628 854 627 854 626 854 625 854 617 860 615 862 596 862 593 860 584 854 583 854 582 854 568 854 567 854 510 861 500 862 497 861 472 854 471 854 470 854 357 862 338 863 336 862 326 855 325 855 324 855 323 855 322 855 308 862 295 856 294 856 293 856 292 856 291 856 280 862 278 864 185 864 183 863 149 855 148 855 147 855 74 863 75 895"/>
                        </Shape>
                        <String CONTENT=""/>
                    </TextLine>

                    <TextLine ID="line_18" HPOS="77" VPOS="902" WIDTH="791" HEIGHT="61" BASELINE="78 941 352 945 868 940" TAGREFS="TYPE_1">
                        <Shape>
                            <Polygon POINTS="78 941 78 960 152 956 192 960 219 963 220 963 221 963 232 960 246 956 272 959 302 963 303 963 304 963 305 963 311 959 318 955 347 955 358 958 370 962 371 962 372 962 373 962 385 958 394 955 399 958 407 962 408 962 409 963 480 963 480 962 481 962 493 957 530 962 531 962 575 956 589 954 700 954 704 954 732 960 733 960 734 960 749 955 765 961 766 961 767 961 793 956 837 960 838 960 839 960 868 952 868 940 867 911 838 902 837 902 836 902 780 911 766 914 715 914 711 912 698 903 697 903 696 903 624 903 623 903 622 903 588 912 584 913 581 912 539 903 538 903 513 904 512 904 511 904 500 913 499 915 323 915 321 914 293 905 292 905 291 905 250 914 246 915 244 914 227 905 226 905 188 905 187 905 186 905 160 915 158 916 133 916 132 915 121 906 120 906 119 906 118 906 87 907 86 907 85 907 77 913 78 941"/>
                        </Shape>
                        <String CONTENT=""/>
                    </TextLine>

                    <TextLine ID="line_19" HPOS="82" VPOS="951" WIDTH="786" HEIGHT="62" BASELINE="83 993 868 990" TAGREFS="TYPE_1">
                        <Shape>
                            <Polygon POINTS="83 993 83 1005 114 1005 123 1011 124 1011 124 1011 125 1011 126 1011 136 1006 146 1012 147 1012 148 1012 149 1012 172 1007 190 1012 191 1012 192 1013 258 1013 258 1012 259 1012 269 1007 341 1012 342 1012 343 1012 368 1006 462 1011 463 1011 490 1006 509 1011 510 1011 511 1011 612 1003 756 1003 798 1010 799 1010 868 1001 868 990 866 962 783 960 758 951 757 951 707 951 707 951 706 951 687 960 636 951 635 951 634 951 609 960 603 962 563 962 560 960 546 954 545 954 544 954 543 954 532 960 530 961 527 960 512 952 511 952 510 952 476 954 475 954 474 954 466 959 463 961 461 959 455 956 454 956 453 956 427 959 415 961 412 959 402 952 401 952 400 952 399 952 355 959 346 960 344 959 336 954 335 954 334 954 255 954 254 954 253 954 252 954 247 958 240 964 226 964 218 958 213 954 212 954 211 954 210 954 209 954 197 958 181 963 82 958 83 993"/>
                        </Shape>
                        <String CONTENT=""/>
                    </TextLine>

                    <TextLine ID="line_20" HPOS="87" VPOS="1003" WIDTH="783" HEIGHT="59" BASELINE="87 1041 870 1041" TAGREFS="TYPE_1">
                        <Shape>
                            <Polygon POINTS="87 1041 87 1056 158 1061 159 1061 160 1061 173 1056 178 1055 189 1056 225 1061 226 1061 255 1056 263 1055 270 1056 293 1061 294 1061 295 1061 296 1061 302 1056 305 1054 318 1056 340 1059 341 1059 358 1056 368 1054 372 1056 382 1061 383 1061 384 1062 415 1062 415 1061 473 1056 493 1054 497 1055 508 1061 509 1061 510 1062 567 1062 567 1061 568 1061 588 1055 594 1054 600 1055 624 1061 624 1061 625 1061 626 1061 634 1055 636 1054 638 1055 647 1059 648 1059 649 1059 670 1055 677 1054 754 1054 757 1055 768 1059 769 1059 770 1059 870 1054 870 1041 870 1013 857 1006 856 1006 855 1006 854 1006 853 1006 852 1006 839 1015 816 1015 793 1003 792 1003 751 1003 750 1003 749 1003 727 1011 717 1003 716 1003 715 1003 714 1003 686 1008 645 1003 644 1003 643 1003 624 1012 614 1008 613 1008 612 1008 586 1013 566 1003 565 1003 513 1003 512 1003 511 1003 510 1003 503 1008 456 1004 455 1004 454 1004 438 1013 435 1014 430 1013 412 1006 411 1006 410 1006 409 1006 408 1006 400 1012 397 1015 354 1015 349 1012 331 1003 330 1003 329 1003 328 1003 327 1003 313 1012 308 1014 87 1011 87 1041"/>
                        </Shape>
                        <String CONTENT=""/>
                    </TextLine>

                    <TextLine ID="line_21" HPOS="86" VPOS="1050" WIDTH="785" HEIGHT="53" BASELINE="87 1087 286 1093 871 1090" TAGREFS="TYPE_1">
                        <Shape>
                            <Polygon POINTS="87 1087 87 1103 869 1103 871 1090 869 1060 806 1059 794 1050 793 1050 792 1050 791 1050 749 1051 749 1051 748 1051 738 1057 704 1051 703 1051 702 1051 680 1059 676 1060 632 1060 631 1059 621 1051 620 1051 619 1051 618 1051 547 1059 533 1060 520 1059 484 1054 483 1054 482 1054 481 1054 474 1059 473 1060 471 1059 462 1051 461 1051 460 1051 416 1051 416 1051 415 1051 390 1058 387 1059 384 1058 364 1051 363 1051 362 1051 361 1051 360 1051 350 1058 348 1060 343 1058 323 1051 322 1051 321 1051 320 1051 319 1051 307 1058 304 1060 290 1058 242 1051 241 1051 240 1051 219 1058 215 1059 212 1058 205 1054 204 1054 203 1054 202 1054 193 1058 188 1060 171 1058 150 1055 149 1055 148 1055 142 1058 138 1060 133 1058 121 1051 120 1051 119 1051 86 1057 87 1087"/>
                        </Shape>
                        <String CONTENT=""/>
                    </TextLine>

                    <TextLine ID="line_22" HPOS="87" VPOS="1099" WIDTH="785" HEIGHT="62" BASELINE="88 1137 233 1142 872 1143" TAGREFS="TYPE_1">
                        <Shape>
                            <Polygon POINTS="860 1103 858 1101 841 1101 840 1101 839 1101 838 1101 826 1109 800 1101 799 1101 759 1101 758 1101 757 1101 756 1101 745 1109 698 1103 697 1103 696 1103 695 1103 687 1110 665 1110 646 1102 645 1102 644 1102 643 1102 642 1102 629 1109 604 1101 603 1101 602 1101 601 1101 600 1101 585 1110 559 1110 544 1101 543 1100 542 1100 541 1100 524 1100 523 1100 522 1100 521 1100 520 1101 508 1108 483 1101 479 1100 478 1100 455 1100 454 1100 453 1100 452 1100 451 1101 438 1109 338 1109 326 1101 325 1100 324 1100 323 1100 322 1100 321 1100 316 1101 302 1104 250 1102 249 1102 249 1102 248 1102 238 1107 191 1101 178 1100 177 1100 176 1100 173 1101 161 1107 143 1101 136 1099 135 1099 134 1099 88 1101 88 1137 87 1150 242 1159 243 1159 277 1154 355 1159 356 1159 401 1153 411 1152 422 1153 473 1159 474 1159 514 1154 522 1153 528 1154 556 1160 557 1160 600 1154 613 1153 626 1155 663 1160 664 1160 696 1155 710 1153 725 1155 751 1160 752 1161 786 1161 786 1160 787 1160 794 1156 799 1153 870 1156 872 1143 871 1101 861 1101 860 1103"/>
                        </Shape>
                        <String CONTENT=""/>
                    </TextLine>

                    <TextLine ID="line_23" HPOS="86" VPOS="1153" WIDTH="786" HEIGHT="56" BASELINE="87 1185 253 1190 872 1188" TAGREFS="TYPE_1">
                        <Shape>
                            <Polygon POINTS="87 1185 87 1202 200 1202 210 1208 211 1208 212 1208 213 1208 239 1203 273 1208 274 1208 275 1208 276 1208 285 1202 389 1208 390 1208 391 1208 392 1208 402 1201 411 1208 412 1208 413 1208 414 1209 465 1209 465 1208 466 1208 467 1208 474 1203 488 1208 489 1208 490 1208 491 1208 492 1208 501 1201 502 1201 538 1201 539 1201 554 1208 555 1208 556 1209 630 1209 630 1208 661 1201 662 1201 664 1201 775 1208 776 1208 777 1208 790 1202 830 1208 831 1208 871 1200 872 1188 871 1162 843 1153 842 1153 841 1153 758 1158 751 1153 750 1153 749 1153 684 1153 683 1153 645 1160 634 1162 580 1162 576 1159 573 1156 572 1156 571 1156 570 1156 569 1156 561 1159 556 1161 552 1159 545 1154 544 1154 543 1154 542 1154 523 1159 511 1162 309 1162 302 1156 298 1153 297 1153 296 1153 262 1153 261 1153 260 1153 254 1156 245 1162 165 1162 153 1155 148 1153 147 1153 146 1153 86 1154 87 1185"/>
                        </Shape>
                        <String CONTENT=""/>
                    </TextLine>

                    <TextLine ID="line_24" HPOS="88" VPOS="1199" WIDTH="786" HEIGHT="61" BASELINE="88 1234 304 1240 874 1240" TAGREFS="TYPE_1">
                        <Shape>
                            <Polygon POINTS="860 1209 857 1204 807 1208 786 1202 781 1201 780 1201 779 1201 768 1202 729 1207 719 1202 717 1201 716 1201 632 1201 631 1201 630 1201 629 1201 619 1210 590 1210 536 1201 534 1201 533 1201 532 1201 518 1209 468 1209 453 1200 452 1200 451 1200 450 1200 449 1200 448 1200 432 1209 355 1209 334 1201 333 1201 332 1201 292 1206 283 1200 283 1199 282 1199 281 1199 280 1199 274 1199 223 1207 202 1199 201 1199 200 1199 199 1199 198 1199 197 1199 175 1207 88 1199 88 1234 88 1249 148 1249 166 1255 167 1255 168 1255 169 1255 183 1249 201 1257 202 1257 203 1258 254 1258 254 1257 255 1257 256 1257 263 1252 316 1256 317 1256 318 1256 332 1251 343 1256 344 1256 345 1256 374 1250 400 1258 401 1258 402 1258 403 1258 417 1253 423 1258 424 1258 425 1258 426 1258 452 1253 516 1258 517 1258 518 1258 542 1251 612 1257 613 1257 702 1251 712 1259 713 1259 714 1259 715 1260 766 1260 766 1259 767 1259 788 1251 833 1259 834 1259 835 1259 836 1259 846 1251 873 1250 874 1240 873 1203 862 1203 860 1209"/>
                        </Shape>
                        <String CONTENT=""/>
                    </TextLine>

                    <TextLine ID="line_25" HPOS="90" VPOS="1248" WIDTH="784" HEIGHT="61" BASELINE="90 1284 263 1289 874 1289" TAGREFS="TYPE_1">
                        <Shape>
                            <Polygon POINTS="90 1284 90 1299 155 1299 167 1307 168 1307 169 1307 170 1307 171 1307 202 1299 203 1299 236 1307 237 1307 238 1308 325 1308 325 1307 326 1307 338 1301 381 1299 395 1299 397 1299 419 1308 420 1308 421 1308 476 1303 529 1308 530 1308 531 1308 549 1301 613 1300 624 1300 626 1300 653 1306 654 1306 692 1300 694 1300 697 1300 740 1308 741 1309 821 1309 821 1308 822 1308 837 1301 873 1301 874 1289 874 1260 843 1250 842 1250 841 1250 840 1250 819 1259 805 1249 804 1249 803 1249 802 1249 758 1258 753 1259 748 1258 713 1250 595 1249 594 1249 593 1249 592 1249 583 1256 581 1259 546 1261 474 1261 462 1254 456 1251 455 1251 454 1251 438 1254 408 1260 373 1253 344 1248 317 1248 316 1248 315 1248 314 1248 308 1252 298 1260 253 1260 241 1253 240 1253 239 1253 238 1253 237 1253 228 1260 185 1260 149 1250 142 1249 141 1249 90 1249 90 1284"/>
                        </Shape>
                        <String CONTENT=""/>
                    </TextLine>

                    <TextLine ID="line_26" HPOS="79" VPOS="1297" WIDTH="795" HEIGHT="62" BASELINE="80 1340 874 1336" TAGREFS="TYPE_1">
                        <Shape>
                            <Polygon POINTS="80 1340 80 1350 184 1350 185 1350 205 1359 206 1359 207 1359 208 1359 223 1353 277 1359 278 1359 320 1358 321 1358 337 1350 358 1358 359 1358 360 1358 434 1353 475 1358 476 1358 519 1357 520 1357 521 1357 535 1348 538 1348 578 1356 579 1356 627 1349 657 1355 658 1355 688 1348 692 1348 740 1348 741 1348 753 1355 754 1355 755 1355 756 1355 757 1355 772 1348 785 1352 786 1352 787 1352 816 1348 817 1348 834 1356 835 1356 836 1356 837 1356 838 1356 851 1348 873 1347 874 1336 873 1305 834 1299 833 1299 749 1304 715 1297 714 1297 713 1297 698 1304 674 1297 673 1297 672 1297 671 1297 662 1302 605 1298 604 1298 603 1298 577 1305 571 1307 519 1307 517 1305 508 1298 507 1298 506 1298 505 1298 479 1303 399 1299 398 1299 397 1299 384 1305 380 1307 361 1305 304 1299 303 1299 302 1299 284 1305 274 1308 146 1308 142 1305 135 1300 134 1300 133 1300 132 1300 79 1305 80 1340"/>
                        </Shape>
                        <String CONTENT=""/>
                    </TextLine>

                    <TextLine ID="line_27" HPOS="71" VPOS="1348" WIDTH="804" HEIGHT="63" BASELINE="72 1393 875 1385" TAGREFS="TYPE_1">
                        <Shape>
                            <Polygon POINTS="72 1393 72 1411 186 1403 233 1409 248 1410 249 1410 297 1409 298 1409 302 1407 313 1403 330 1407 336 1408 337 1408 338 1408 343 1407 363 1401 452 1405 510 1407 511 1407 512 1407 513 1407 518 1404 523 1400 541 1403 552 1405 553 1405 577 1403 614 1398 620 1402 624 1405 624 1405 625 1405 626 1406 648 1406 648 1405 649 1405 650 1405 655 1401 659 1398 673 1401 681 1402 682 1402 703 1400 737 1397 743 1400 748 1402 749 1402 749 1402 750 1402 751 1402 754 1399 758 1396 810 1396 814 1398 819 1402 820 1402 821 1402 822 1402 823 1402 839 1398 840 1398 860 1403 861 1403 862 1403 863 1403 875 1397 875 1385 874 1356 855 1348 854 1348 853 1348 769 1354 727 1349 726 1349 725 1349 706 1357 689 1350 688 1350 649 1350 648 1350 557 1359 556 1359 539 1351 538 1351 537 1351 475 1360 473 1360 472 1360 418 1353 417 1353 416 1353 399 1361 398 1361 381 1355 380 1355 379 1355 352 1361 338 1356 337 1356 336 1356 208 1363 203 1363 185 1355 184 1355 159 1355 158 1355 157 1355 138 1364 137 1364 135 1364 97 1356 96 1356 95 1356 71 1363 72 1393"/>
                        </Shape>
                        <String CONTENT=""/>
                    </TextLine>

                    <TextLine ID="line_28" HPOS="69" VPOS="1420" WIDTH="805" HEIGHT="41" BASELINE="70 1442 874 1433" TAGREFS="TYPE_1">
                        <Shape>
                            <Polygon POINTS="860 1429 850 1429 840 1429 831 1429 821 1429 811 1429 801 1429 791 1429 782 1429 772 1429 762 1429 752 1429 743 1429 733 1429 723 1429 713 1429 704 1429 694 1429 684 1429 674 1429 665 1429 655 1429 645 1429 635 1429 625 1429 616 1429 606 1429 596 1429 586 1429 577 1429 567 1429 557 1429 547 1429 538 1429 528 1429 518 1429 508 1429 499 1429 489 1429 479 1429 469 1429 459 1429 450 1429 440 1429 430 1429 420 1429 411 1429 401 1429 391 1429 381 1429 372 1429 362 1429 352 1429 342 1429 332 1429 323 1429 313 1429 303 1429 293 1429 284 1429 274 1429 264 1429 254 1429 245 1429 235 1429 225 1429 215 1429 206 1429 196 1429 188 1429 186 1429 176 1429 166 1429 158 1429 155 1430 154 1430 137 1429 137 1429 127 1429 118 1429 108 1429 98 1429 88 1429 79 1429 77 1428 69 1430 70 1442 70 1453 155 1461 156 1461 157 1461 158 1461 167 1453 247 1460 248 1460 280 1459 281 1459 282 1459 291 1453 367 1458 368 1458 369 1458 370 1458 380 1451 431 1455 432 1455 433 1455 448 1450 467 1456 468 1456 469 1456 470 1456 491 1450 514 1457 515 1457 516 1457 572 1456 573 1456 590 1449 647 1455 648 1455 682 1448 692 1455 693 1455 694 1455 695 1455 772 1447 781 1453 782 1453 783 1453 784 1453 818 1446 819 1446 856 1453 857 1453 858 1453 874 1445 874 1433 872 1420 862 1420 860 1429"/>
                        </Shape>
                        <String CONTENT=""/>
                    </TextLine>
</TextBlock>
                <TextBlock ID="block_4" HPOS="71" VPOS="1463" WIDTH="812" HEIGHT="105" TAGREFS="TYPE_28">
                    <Shape>
                        <Polygon POINTS="71.95548248291016 1463.5333251953125 883.3258056640625 1463.5333251953125 883.3258056640625 1568.370849609375 71.95548248291016 1568.370849609375 71.95548248291016 1463.5333251953125"/>
                    </Shape>
                    <TextLine ID="line_29" HPOS="130" VPOS="1444" WIDTH="743" HEIGHT="76" BASELINE="132 1498 873 1483" TAGREFS="TYPE_1">
                        <Shape>
                            <Polygon POINTS="132 1498 132 1513 239 1510 245 1512 256 1517 257 1517 258 1517 259 1517 272 1511 281 1508 300 1509 303 1511 316 1520 317 1520 318 1520 319 1520 345 1515 378 1519 379 1519 416 1518 416 1518 417 1518 430 1508 431 1508 435 1508 471 1511 472 1511 473 1511 485 1507 486 1507 501 1513 502 1513 503 1513 504 1513 518 1510 571 1515 572 1515 573 1515 618 1504 628 1501 636 1503 644 1506 645 1506 646 1506 699 1503 718 1511 719 1511 720 1511 721 1511 746 1501 751 1506 752 1506 753 1506 754 1506 755 1506 769 1502 787 1511 788 1511 789 1511 824 1511 824 1511 825 1511 826 1511 840 1500 873 1497 873 1483 872 1450 823 1444 822 1444 821 1444 806 1451 805 1452 765 1452 762 1452 737 1446 736 1446 682 1452 625 1448 624 1448 624 1448 607 1455 606 1455 593 1449 592 1449 591 1449 555 1450 554 1450 553 1450 546 1456 545 1456 535 1456 335 1454 334 1454 263 1462 258 1462 256 1462 239 1457 238 1457 237 1457 236 1457 218 1463 216 1463 213 1463 180 1457 179 1457 178 1457 177 1457 168 1464 167 1465 130 1465 132 1498"/>
                        </Shape>
                        <String CONTENT=""/>
                    </TextLine>

                    <TextLine ID="line_30" HPOS="69" VPOS="1507" WIDTH="317" HEIGHT="84" BASELINE="70 1553 386 1551" TAGREFS="TYPE_1">
                        <Shape>
                            <Polygon POINTS="70 1553 70 1591 145 1591 145 1590 146 1590 147 1590 155 1583 166 1574 171 1579 171 1580 172 1580 173 1580 174 1580 225 1568 261 1574 269 1575 270 1575 283 1572 312 1565 317 1569 323 1574 324 1574 325 1574 354 1575 355 1575 356 1575 386 1563 386 1551 384 1519 362 1518 347 1509 346 1509 345 1509 344 1509 343 1509 325 1518 323 1520 284 1520 279 1518 248 1511 247 1511 246 1511 245 1511 244 1511 236 1515 220 1511 219 1511 218 1511 217 1511 202 1518 197 1520 179 1519 179 1518 166 1508 166 1507 166 1507 165 1507 107 1507 106 1507 105 1507 104 1507 104 1508 94 1516 87 1512 86 1512 85 1512 84 1512 69 1516 70 1553"/>
                        </Shape>
                        <String CONTENT=""/>
                    </TextLine>
</TextBlock>
                <TextBlock ID="block_1" HPOS="634" VPOS="1561" WIDTH="48" HEIGHT="54" TAGREFS="TYPE_4">
                    <Shape>
                        <Polygon POINTS="634.62646484375 1561.30224609375 682.6672973632812 1561.30224609375 682.6672973632812 1615.3875732421875 634.62646484375 1615.3875732421875 634.62646484375 1561.30224609375"/>
                    </Shape>
                    <TextLine ID="line_31" HPOS="644" VPOS="1556" WIDTH="24" HEIGHT="58" BASELINE="644 1596 668 1596" TAGREFS="TYPE_1">
                        <Shape>
                            <Polygon POINTS="644 1596 644 1606 666 1614 668 1596 667 1556 644 1557 644 1596"/>
                        </Shape>
                        <String CONTENT=""/>
                    </TextLine>
</TextBlock>
            </PrintSpace>
        </Page>
    </Layout>
</alto>