<?xml version="1.0" encoding="UTF-8"?>
<alto xmlns:xsi="http://www.w3.org/2001/XMLSchema-instance"
    xmlns="http://www.loc.gov/standards/alto/ns-v4#"
    xsi:schemaLocation="http://www.loc.gov/standards/alto/ns-v4# http://www.loc.gov/standards/alto/v4/alto-4-3.xsd">
    <Description>
        <MeasurementUnit>pixel</MeasurementUnit>
        <sourceImageInformation>
            <fileName>bsb10313792_00052.jpg</fileName>
        </sourceImageInformation>
        <Processing ID="OCR_0">
            <processingCategory>other</processingCategory>
            <processingStepDescription>unknown</processingStepDescription>
            <processingSoftware>
                <softwareName>kraken</softwareName>
                <softwareVersion>4.3.13</softwareVersion>
            </processingSoftware>
        </Processing>
    </Description>
    <Tags>
        <OtherTag ID="TYPE_1" LABEL="DefaultLine"/>
        <OtherTag ID="TYPE_2" LABEL="MainZone-Other"/>
        <OtherTag ID="TYPE_3" LABEL="RunningTitleZone"/>
        <OtherTag ID="TYPE_4" LABEL="QuireMarksZone"/>
        <OtherTag ID="TYPE_5" LABEL="MarginTextZone-Notes-Continued"/>
        <OtherTag ID="TYPE_6" LABEL="MarginTextZone-Notes"/>
        <OtherTag ID="TYPE_7" LABEL="GraphicZone-TextualContent"/>
        <OtherTag ID="TYPE_8" LABEL="DigitizationArtefactZone"/>
        <OtherTag ID="TYPE_9" LABEL="TableZone-Continued"/>
        <OtherTag ID="TYPE_10" LABEL="MainZone-Lg"/>
        <OtherTag ID="TYPE_11" LABEL="MainZone-Head"/>
        <OtherTag ID="TYPE_12" LABEL="StampZone"/>
        <OtherTag ID="TYPE_13" LABEL="MainZone-Form"/>
        <OtherTag ID="TYPE_14" LABEL="MainZone-List-Continued"/>
        <OtherTag ID="TYPE_15" LABEL="MainZone-Signature"/>
        <OtherTag ID="TYPE_16" LABEL="MarginTextZone-ManuscriptAddendum"/>
        <OtherTag ID="TYPE_17" LABEL="MainZone-P-Continued"/>
        <OtherTag ID="TYPE_18" LABEL="StampZone-Sticker"/>
        <OtherTag ID="TYPE_19" LABEL="TableZone-Head"/>
        <OtherTag ID="TYPE_20" LABEL="GraphicZone-Decoration"/>
        <OtherTag ID="TYPE_21" LABEL="DropCapitalZone"/>
        <OtherTag ID="TYPE_22" LABEL="NumberingZone"/>
        <OtherTag ID="TYPE_23" LABEL="FigureZone-Head"/>
        <OtherTag ID="TYPE_24" LABEL="TitlePageZone"/>
        <OtherTag ID="TYPE_25" LABEL="GraphicZone-Maths"/>
        <OtherTag ID="TYPE_26" LABEL="MainZone-Entry-Continued"/>
        <OtherTag ID="TYPE_27" LABEL="MainZone-Sp"/>
        <OtherTag ID="TYPE_28" LABEL="MainZone-Entry"/>
        <OtherTag ID="TYPE_29" LABEL="GraphicZone-Part"/>
        <OtherTag ID="TYPE_30" LABEL="GraphicZone"/>
        <OtherTag ID="TYPE_31" LABEL="MainZone-Sp-Continued"/>
        <OtherTag ID="TYPE_32" LABEL="TableZone"/>
        <OtherTag ID="TYPE_33" LABEL="TitlePageZone-Index"/>
        <OtherTag ID="TYPE_34" LABEL="AdvertisementZone"/>
        <OtherTag ID="TYPE_35" LABEL="MainZone-Date"/>
        <OtherTag ID="TYPE_36" LABEL="FigureZone-FigDesc"/>
        <OtherTag ID="TYPE_37" LABEL="GraphicZone-Head"/>
        <OtherTag ID="TYPE_38" LABEL="MainZone-List"/>
        <OtherTag ID="TYPE_39" LABEL="MainZone-P"/>
        <OtherTag ID="TYPE_40" LABEL="MainZone-Lg-Continued"/>
        <OtherTag ID="TYPE_41" LABEL="FigureZone"/>
        <OtherTag ID="TYPE_42" LABEL="GraphicZone-FigDesc"/>
    </Tags>
    <Layout>
        <Page WIDTH="1046" HEIGHT="1753" PHYSICAL_IMG_NR="0" ID="page_0">
            <PrintSpace HPOS="0" VPOS="0" WIDTH="1046" HEIGHT="1753">
                <TextBlock ID="block_0" HPOS="376" VPOS="69" WIDTH="453" HEIGHT="47" TAGREFS="TYPE_3">
                    <Shape>
                        <Polygon POINTS="376.6490783691406 69.35575866699219 829.59521484375 69.35575866699219 829.59521484375 116.88372802734375 376.6490783691406 116.88372802734375 376.6490783691406 69.35575866699219"/>
                    </Shape>
                    <TextLine ID="line_0" HPOS="375" VPOS="62" WIDTH="451" HEIGHT="59" BASELINE="376 107 826 101" TAGREFS="TYPE_1">
                        <Shape>
                            <Polygon POINTS="804 68 794 68 784 68 775 68 765 68 755 68 746 68 736 68 726 68 716 68 707 68 697 68 687 68 677 68 668 68 658 68 648 68 638 68 629 68 619 68 609 68 599 68 590 68 580 68 570 68 560 68 551 68 541 68 531 68 522 68 512 68 502 68 492 68 486 68 375 69 376 107 376 115 442 121 443 121 520 114 527 114 533 114 595 119 596 119 597 119 619 113 622 113 628 113 674 118 675 118 826 111 826 101 823 62 804 62 804 68"/>
                        </Shape>
                        <String CONTENT=""/>
                    </TextLine>
</TextBlock>
                <TextBlock ID="block_3" HPOS="202" VPOS="88" WIDTH="51" HEIGHT="39" TAGREFS="TYPE_22">
                    <Shape>
                        <Polygon POINTS="202.25918579101562 88.81239318847656 253.50791931152344 88.81239318847656 253.50791931152344 127.99105834960938 202.25918579101562 127.99105834960938 202.25918579101562 88.81239318847656"/>
                    </Shape>
                    <TextLine ID="line_1" HPOS="211" VPOS="86" WIDTH="37" HEIGHT="40" BASELINE="212 111 248 113" TAGREFS="TYPE_1">
                        <Shape>
                            <Polygon POINTS="232 86 223 86 213 86 212 111 211 123 246 126 248 113 248 89 234 86 232 86"/>
                        </Shape>
                        <String CONTENT=""/>
                    </TextLine>
</TextBlock>
                <TextBlock ID="block_2" HPOS="201" VPOS="125" WIDTH="801" HEIGHT="646" TAGREFS="TYPE_17">
                    <Shape>
                        <Polygon POINTS="201.77804565429688 125.03665161132812 1002.000244140625 125.03665161132812 1002.000244140625 771.0350952148438 201.77804565429688 771.0350952148438 201.77804565429688 125.03665161132812"/>
                    </Shape>
                    <TextLine ID="line_2" HPOS="202" VPOS="115" WIDTH="786" HEIGHT="65" BASELINE="203 164 988 154" TAGREFS="TYPE_1">
                        <Shape>
                            <Polygon POINTS="971 122 962 122 952 122 942 122 933 122 923 122 913 122 903 122 894 122 884 122 874 122 865 122 862 125 861 126 829 127 792 125 747 122 738 122 728 122 718 122 709 122 699 122 689 122 680 122 669 124 635 122 631 122 621 122 613 122 600 126 585 131 531 131 515 126 497 122 494 122 485 122 475 122 465 122 455 122 446 122 436 122 426 122 416 122 407 122 397 122 393 122 378 127 358 133 341 127 328 122 327 122 319 122 309 122 299 122 298 122 298 122 297 122 296 122 289 127 278 134 202 128 203 164 203 179 281 172 297 178 298 178 298 178 299 178 300 178 302 178 318 173 360 177 368 177 369 177 370 177 372 176 388 171 405 176 418 180 419 180 420 180 421 180 435 175 448 171 468 175 477 176 478 176 488 174 518 169 554 173 594 178 595 178 639 172 673 167 705 171 750 176 751 176 822 175 823 175 824 175 832 168 835 168 875 166 878 167 891 174 892 174 893 174 894 174 908 167 926 173 927 173 928 173 929 173 942 166 943 166 988 166 988 154 987 123 973 115 972 115 971 115 971 122"/>
                        </Shape>
                        <String CONTENT=""/>
                    </TextLine>

                    <TextLine ID="line_3" HPOS="203" VPOS="164" WIDTH="784" HEIGHT="66" BASELINE="204 213 987 203" TAGREFS="TYPE_1">
                        <Shape>
                            <Polygon POINTS="204 213 204 226 231 223 251 227 269 230 270 230 291 226 300 224 308 226 321 229 322 229 323 229 359 225 374 223 380 224 392 228 393 228 394 228 395 228 408 224 417 222 448 223 500 227 501 227 502 227 516 223 523 220 544 222 575 225 576 225 598 221 605 220 611 221 629 225 630 225 631 225 661 220 674 218 687 220 722 224 723 224 771 223 772 223 773 223 781 218 783 217 789 218 828 223 829 223 830 223 849 217 851 216 852 217 860 223 861 223 862 223 863 223 895 223 895 223 896 223 909 216 911 215 918 216 950 220 951 220 986 214 987 203 985 177 908 164 907 164 906 164 880 173 855 165 854 165 853 165 852 165 828 178 827 178 824 178 767 167 766 167 765 167 764 167 749 178 748 178 742 178 713 178 704 171 703 171 702 171 701 171 700 171 699 171 688 179 687 180 636 180 634 179 620 172 619 172 618 172 617 172 616 172 610 177 566 169 565 169 564 169 538 180 534 181 530 180 503 170 502 170 501 170 500 170 481 180 476 183 421 183 414 181 390 171 389 171 388 171 342 172 341 172 340 172 330 181 325 184 298 184 293 181 272 173 271 173 218 173 217 173 216 173 215 173 203 180 204 213"/>
                        </Shape>
                        <String CONTENT=""/>
                    </TextLine>

                    <TextLine ID="line_4" HPOS="205" VPOS="215" WIDTH="780" HEIGHT="63" BASELINE="206 261 985 252" TAGREFS="TYPE_1">
                        <Shape>
                            <Polygon POINTS="206 261 206 273 257 272 260 273 274 278 275 278 276 278 277 278 290 272 293 271 304 272 337 276 338 276 364 271 373 270 379 271 407 276 408 276 448 270 456 269 463 270 491 275 492 275 493 275 494 275 503 269 504 269 512 269 586 274 587 274 588 274 589 274 597 268 597 268 604 268 727 271 728 271 729 271 741 266 757 271 758 271 759 271 760 271 782 265 784 265 790 265 858 270 859 270 859 270 860 270 870 264 885 268 886 268 887 268 927 263 931 263 933 263 966 269 967 269 968 269 985 262 985 252 983 224 933 224 913 215 912 215 911 215 910 215 893 224 892 224 854 224 816 223 800 217 799 217 769 217 768 217 767 217 746 224 742 225 740 224 731 218 730 218 729 218 728 218 727 218 709 224 701 226 689 224 663 219 662 219 623 224 617 224 614 224 598 219 597 219 597 219 596 219 595 219 588 224 583 227 575 224 566 221 565 221 564 221 545 224 516 229 505 224 502 223 501 223 500 223 491 224 467 229 450 224 449 224 448 224 448 224 435 231 391 231 342 224 329 223 328 223 327 223 326 223 324 224 312 231 269 224 263 223 262 223 205 223 206 261"/>
                        </Shape>
                        <String CONTENT=""/>
                    </TextLine>

                    <TextLine ID="line_5" HPOS="206" VPOS="263" WIDTH="778" HEIGHT="69" BASELINE="207 314 984 300" TAGREFS="TYPE_1">
                        <Shape>
                            <Polygon POINTS="207 314 207 332 327 322 361 328 363 328 364 329 412 329 412 328 413 328 416 327 430 320 501 324 538 326 539 326 540 326 548 323 560 318 591 322 605 323 606 323 639 320 686 316 693 319 704 323 705 323 706 323 707 323 719 318 727 315 754 317 806 321 807 321 808 321 809 321 818 315 819 315 826 315 916 319 917 319 983 310 984 300 981 271 844 272 842 272 819 263 818 263 817 263 816 263 799 272 796 273 793 272 776 265 775 265 712 265 711 265 710 265 696 273 691 275 665 273 597 267 596 267 595 267 594 267 586 274 584 276 560 277 539 274 506 269 505 269 504 269 492 274 483 279 454 275 437 272 436 272 435 272 430 275 420 280 410 275 403 271 402 271 401 271 400 271 387 275 372 280 354 275 344 273 343 273 342 273 341 273 334 276 326 278 321 276 316 273 315 273 314 273 284 276 242 280 206 277 207 314"/>
                        </Shape>
                        <String CONTENT=""/>
                    </TextLine>

                    <TextLine ID="line_6" HPOS="206" VPOS="314" WIDTH="776" HEIGHT="64" BASELINE="207 361 982 350" TAGREFS="TYPE_1">
                        <Shape>
                            <Polygon POINTS="207 361 207 378 241 378 242 378 243 378 251 372 447 375 448 375 489 369 535 372 536 372 601 368 609 373 610 373 611 373 612 373 613 373 648 367 683 372 685 372 686 372 687 372 700 366 732 372 733 372 734 372 735 372 773 365 796 369 797 369 888 364 907 370 909 370 910 370 911 370 912 370 915 369 940 363 981 368 982 350 980 322 930 322 913 314 912 314 911 314 910 314 889 322 874 317 873 317 872 317 831 323 830 323 829 323 800 315 799 315 798 315 797 315 784 322 755 316 754 316 753 316 752 316 742 324 741 324 708 319 707 319 668 325 667 325 666 325 639 317 638 317 637 317 636 317 623 324 608 318 607 318 606 318 562 326 557 327 550 326 492 319 491 319 490 319 473 327 472 328 471 327 459 320 458 320 457 320 421 320 420 320 419 320 403 328 401 329 395 328 348 321 347 321 346 321 345 321 345 322 337 329 336 331 300 331 298 329 281 322 280 322 279 322 278 322 256 330 252 331 206 331 207 361"/>
                        </Shape>
                        <String CONTENT=""/>
                    </TextLine>

                    <TextLine ID="line_7" HPOS="208" VPOS="363" WIDTH="768" HEIGHT="65" BASELINE="209 410 976 399" TAGREFS="TYPE_1">
                        <Shape>
                            <Polygon POINTS="209 410 209 428 248 422 255 427 256 427 257 427 258 427 259 427 273 421 324 426 334 427 335 427 336 427 338 426 356 420 386 424 387 424 388 424 401 419 491 423 514 424 515 424 516 424 519 423 530 417 562 422 571 423 572 423 573 423 577 422 593 416 638 421 655 422 656 422 657 422 661 420 671 415 682 420 685 421 686 421 687 421 688 421 691 420 700 415 739 419 754 420 755 420 768 418 803 413 850 417 868 418 869 418 976 414 976 399 974 370 937 363 936 363 935 363 915 370 895 365 894 365 893 365 892 365 880 371 877 372 799 372 797 372 785 365 784 365 784 365 783 365 719 366 718 366 717 366 704 374 703 374 699 374 667 369 666 369 665 369 664 369 654 374 653 375 652 374 637 368 636 368 612 368 611 368 610 368 584 374 558 371 557 371 556 371 540 376 501 372 500 372 464 378 462 378 460 378 422 371 421 371 382 377 336 372 336 372 335 372 306 378 227 377 226 377 225 377 208 382 209 410"/>
                        </Shape>
                        <String CONTENT=""/>
                    </TextLine>

                    <TextLine ID="line_8" HPOS="206" VPOS="411" WIDTH="774" HEIGHT="65" BASELINE="207 460 980 449" TAGREFS="TYPE_1">
                        <Shape>
                            <Polygon POINTS="207 460 207 475 293 476 294 476 295 476 299 474 306 470 328 473 343 475 344 475 345 475 346 475 349 473 355 469 376 472 398 475 399 475 400 475 410 471 418 468 436 471 456 474 457 474 458 474 459 474 463 470 467 468 491 470 536 473 537 473 538 473 552 468 560 466 583 468 627 472 628 472 629 472 630 472 637 467 640 465 657 466 695 470 696 470 697 470 698 470 703 465 706 464 717 465 759 470 760 470 797 464 802 463 807 463 838 469 839 469 904 461 911 461 946 461 954 461 969 467 970 467 971 467 971 467 972 467 980 461 980 449 977 411 930 412 929 412 928 412 917 420 876 413 872 413 871 413 870 413 869 413 856 422 833 414 832 414 831 414 768 414 767 414 750 416 733 419 700 418 658 416 657 416 656 416 655 416 652 419 643 425 586 421 585 421 584 421 582 421 523 427 514 422 509 420 508 420 507 420 485 423 461 427 448 424 434 421 433 421 432 421 422 425 410 430 206 430 207 460"/>
                        </Shape>
                        <String CONTENT=""/>
                    </TextLine>

                    <TextLine ID="line_9" HPOS="207" VPOS="464" WIDTH="781" HEIGHT="61" BASELINE="208 510 988 497" TAGREFS="TYPE_1">
                        <Shape>
                            <Polygon POINTS="208 510 208 521 218 525 219 525 220 525 221 525 222 525 229 521 273 524 274 524 275 524 291 520 386 523 387 523 388 523 389 523 398 518 406 522 407 522 408 522 409 522 459 517 462 517 465 517 502 522 503 522 540 516 543 516 554 516 687 519 688 519 988 510 988 497 986 473 929 468 928 468 870 473 839 467 838 467 837 467 836 467 824 475 815 475 781 475 780 475 749 464 748 464 747 464 717 465 716 465 688 476 686 477 683 476 658 469 657 469 656 469 655 469 624 477 620 478 618 477 594 467 593 467 592 467 591 467 590 467 581 473 563 468 562 468 561 468 452 469 451 469 425 480 421 482 372 482 349 481 238 473 237 473 236 473 207 482 208 510"/>
                        </Shape>
                        <String CONTENT=""/>
                    </TextLine>

                    <TextLine ID="line_10" HPOS="210" VPOS="512" WIDTH="784" HEIGHT="60" BASELINE="211 556 994 550" TAGREFS="TYPE_1">
                        <Shape>
                            <Polygon POINTS="211 556 211 566 242 565 245 566 254 572 255 572 256 572 257 572 448 571 448 571 472 564 478 563 492 564 547 569 548 569 549 569 563 563 565 563 571 563 618 568 619 568 649 563 654 562 656 563 669 569 670 569 671 570 732 570 732 569 733 569 754 562 767 568 768 568 769 568 770 568 786 561 788 561 790 561 811 566 812 566 813 566 830 561 831 561 836 561 896 565 896 565 897 565 906 560 908 560 993 560 994 550 992 517 966 512 965 512 930 517 911 520 902 518 885 512 884 512 883 512 882 512 881 512 874 518 870 521 838 521 826 518 803 513 802 513 772 519 770 519 769 519 734 513 733 513 732 513 709 520 692 520 572 522 560 522 522 515 521 515 520 515 519 515 508 522 505 523 441 523 436 522 421 518 420 518 419 518 418 518 408 522 407 523 406 522 397 516 396 516 395 516 373 516 372 516 330 523 324 524 322 523 311 517 310 517 309 517 284 517 283 517 210 524 211 556"/>
                        </Shape>
                        <String CONTENT=""/>
                    </TextLine>

                    <TextLine ID="line_11" HPOS="210" VPOS="560" WIDTH="784" HEIGHT="66" BASELINE="211 606 994 597" TAGREFS="TYPE_1">
                        <Shape>
                            <Polygon POINTS="211 606 211 617 266 626 267 626 268 626 285 619 303 624 304 624 305 624 306 624 307 624 315 618 329 625 330 625 331 626 382 626 382 625 417 617 426 624 427 624 428 624 429 625 471 625 471 624 509 615 570 622 571 622 572 622 589 614 643 622 644 622 702 613 783 620 784 620 784 620 817 611 820 611 824 611 869 616 870 616 871 616 885 611 953 615 954 615 994 609 994 597 992 564 934 560 933 560 933 560 932 560 926 565 919 570 873 570 861 566 851 562 850 562 849 562 848 562 839 566 831 571 803 571 796 567 789 562 788 562 787 562 786 562 754 567 735 562 734 562 733 562 732 562 731 562 723 569 721 571 672 572 665 570 647 563 646 563 645 563 589 564 588 564 563 572 556 575 499 575 494 573 469 566 468 566 467 566 431 573 400 566 399 566 398 566 397 566 383 575 382 576 342 576 301 576 291 569 290 569 289 569 288 569 287 569 274 574 263 569 262 569 261 569 210 578 211 606"/>
                        </Shape>
                        <String CONTENT=""/>
                    </TextLine>

                    <TextLine ID="line_12" HPOS="210" VPOS="610" WIDTH="781" HEIGHT="63" BASELINE="211 655 991 645" TAGREFS="TYPE_1">
                        <Shape>
                            <Polygon POINTS="211 655 211 670 261 668 268 670 286 673 287 673 288 673 342 668 357 667 360 668 371 671 372 671 373 671 423 667 446 665 464 666 509 670 510 670 511 670 521 665 523 664 528 665 542 669 543 669 544 669 545 669 556 665 558 664 559 665 564 669 565 669 566 669 567 670 653 670 653 669 654 669 676 663 680 662 690 662 755 668 756 668 757 668 770 662 799 667 800 667 801 667 813 661 829 667 830 667 831 667 873 662 908 666 909 666 910 666 911 666 911 665 919 659 959 665 960 665 991 657 991 645 989 618 915 610 914 610 913 610 912 610 899 618 898 618 856 613 855 613 809 619 807 619 806 619 787 612 786 612 785 612 743 619 733 614 732 614 731 614 730 614 729 614 722 619 709 613 709 613 708 613 707 613 706 613 698 620 675 620 633 613 632 613 631 613 620 619 611 613 610 613 609 613 608 613 585 618 496 615 495 615 494 615 493 615 485 622 483 623 468 622 383 616 382 616 381 616 360 623 359 623 357 623 314 619 313 619 285 624 282 624 279 624 246 618 245 618 244 618 243 618 235 624 233 625 210 625 211 655"/>
                        </Shape>
                        <String CONTENT=""/>
                    </TextLine>

                    <TextLine ID="line_13" HPOS="211" VPOS="657" WIDTH="785" HEIGHT="68" BASELINE="212 706 996 696" TAGREFS="TYPE_1">
                        <Shape>
                            <Polygon POINTS="212 706 212 717 270 717 288 725 289 725 290 725 400 715 402 715 403 715 433 723 434 723 435 723 436 723 469 714 471 714 475 714 517 719 518 719 539 715 553 721 554 721 555 721 597 713 604 712 628 712 630 713 638 719 639 719 640 719 641 719 642 719 643 719 651 713 653 712 658 712 702 718 703 718 704 718 716 712 718 711 724 712 752 717 753 717 754 717 769 711 773 710 776 711 787 718 788 718 789 719 830 719 830 718 831 718 848 711 856 717 857 717 858 717 859 718 917 718 917 717 946 716 947 716 948 716 957 710 959 708 962 710 971 715 972 715 973 715 974 715 996 709 996 696 993 663 961 666 956 663 949 657 948 657 947 657 924 657 923 657 922 657 902 664 892 667 882 664 872 661 871 661 870 661 869 661 868 661 863 664 858 668 817 668 803 665 789 661 788 661 787 661 786 661 771 665 754 669 726 666 681 660 680 660 625 661 624 661 604 667 590 671 569 667 538 662 537 662 536 662 535 662 527 668 523 671 507 668 485 663 451 663 450 663 449 663 448 663 442 669 436 673 408 673 400 669 389 664 388 664 374 664 373 664 373 664 372 664 365 670 359 673 327 670 290 666 289 666 288 666 287 666 281 671 275 675 253 675 245 671 237 666 236 666 235 666 234 666 211 671 212 706"/>
                        </Shape>
                        <String CONTENT=""/>
                    </TextLine>

                    <TextLine ID="line_14" HPOS="213" VPOS="733" WIDTH="597" HEIGHT="40" BASELINE="214 753 810 748" TAGREFS="TYPE_1">
                        <Shape>
                            <Polygon POINTS="758 748 748 748 739 748 729 748 719 748 709 748 700 748 690 748 680 748 671 748 661 748 651 748 641 748 632 748 622 748 612 748 602 748 593 748 583 748 573 748 563 748 554 748 544 748 534 748 524 748 515 750 505 750 495 750 485 750 476 750 466 750 456 750 447 750 437 750 427 750 417 750 408 750 398 750 388 750 378 750 369 750 359 750 349 750 339 750 330 750 320 750 310 750 300 750 291 750 281 750 271 750 261 750 252 750 242 750 232 750 223 750 213 750 214 753 214 767 224 773 225 773 226 773 270 765 275 765 278 765 296 771 297 771 298 771 336 766 388 772 389 772 390 772 409 764 410 764 411 764 432 768 433 768 479 764 487 763 489 763 505 771 506 771 507 772 540 772 540 771 541 771 542 771 542 770 550 763 581 768 582 768 583 768 599 762 602 762 606 762 649 770 650 770 651 770 652 770 662 762 703 769 704 769 736 761 738 761 739 761 751 766 752 766 753 766 809 760 810 748 807 733 760 734 758 748"/>
                        </Shape>
                        <String CONTENT=""/>
                    </TextLine>
</TextBlock>
                <TextBlock ID="block_4" HPOS="214" VPOS="770" WIDTH="790" HEIGHT="294" TAGREFS="TYPE_39">
                    <Shape>
                        <Polygon POINTS="214.440673828125 770.412353515625 1004.3594360351562 770.412353515625 1004.3594360351562 1064.7860107421875 214.440673828125 1064.7860107421875 214.440673828125 770.412353515625"/>
                    </Shape>
                    <TextLine ID="line_15" HPOS="260" VPOS="758" WIDTH="732" HEIGHT="62" BASELINE="261 805 992 796" TAGREFS="TYPE_1">
                        <Shape>
                            <Polygon POINTS="261 805 261 819 365 815 371 817 377 820 378 820 379 820 380 820 386 817 392 814 438 816 502 819 503 819 504 819 521 814 529 812 536 814 542 816 543 816 544 816 571 813 597 811 617 813 665 817 666 817 667 817 668 817 674 812 693 816 694 816 771 809 782 809 787 809 826 814 827 814 828 814 829 814 837 808 838 808 842 808 901 814 902 814 933 807 973 813 974 813 975 813 992 805 992 796 991 764 982 758 981 758 980 758 931 758 930 758 929 758 914 765 907 770 866 770 857 765 847 762 846 762 845 762 844 762 833 765 825 768 819 766 813 763 812 763 811 763 810 763 809 763 806 766 800 769 749 766 747 766 747 766 746 766 713 771 700 766 687 761 686 761 685 761 684 761 674 766 663 772 651 767 650 767 649 767 576 773 559 767 558 767 557 767 556 767 537 773 516 766 515 766 514 766 513 766 512 766 511 766 501 775 448 775 437 766 435 764 434 764 433 764 432 764 431 764 423 766 402 773 388 766 385 765 384 765 383 765 382 765 379 766 368 771 352 766 347 765 346 765 345 765 260 766 261 805"/>
                        </Shape>
                        <String CONTENT=""/>
                    </TextLine>

                    <TextLine ID="line_16" HPOS="216" VPOS="806" WIDTH="780" HEIGHT="64" BASELINE="217 853 996 846" TAGREFS="TYPE_1">
                        <Shape>
                            <Polygon POINTS="217 853 217 863 327 870 328 870 459 868 460 868 461 868 468 863 510 868 511 868 558 861 560 861 565 861 640 867 641 867 642 867 663 860 665 860 674 860 769 866 770 866 771 866 772 866 781 859 782 859 785 859 816 864 817 864 874 859 886 858 888 859 899 864 900 864 901 864 902 864 903 864 911 858 912 858 922 863 923 863 924 863 958 858 961 858 963 858 984 864 985 864 986 864 987 864 988 864 996 858 996 846 995 813 982 807 981 807 926 806 925 806 880 813 874 814 872 813 865 807 864 807 863 807 778 807 777 807 747 814 727 818 709 814 691 809 690 809 689 809 663 814 637 819 626 814 620 812 619 812 618 812 599 814 585 816 575 814 550 809 549 809 548 809 527 814 502 820 428 817 427 817 326 823 307 823 296 815 295 814 294 814 293 814 292 814 291 814 290 814 288 815 282 819 261 815 241 812 240 812 216 815 217 853"/>
                        </Shape>
                        <String CONTENT=""/>
                    </TextLine>

                    <TextLine ID="line_17" HPOS="215" VPOS="856" WIDTH="775" HEIGHT="66" BASELINE="216 903 990 895" TAGREFS="TYPE_1">
                        <Shape>
                            <Polygon POINTS="216 903 216 913 241 922 242 922 243 922 282 913 298 920 299 920 300 920 334 913 385 921 386 921 446 920 447 920 460 914 470 919 471 919 472 920 531 920 531 919 579 910 593 916 594 916 595 916 596 916 612 909 613 909 650 914 651 914 652 914 653 914 662 908 663 908 682 917 683 917 684 918 722 918 722 917 723 917 744 908 899 912 900 912 901 912 917 906 934 912 935 912 936 912 989 904 990 895 987 864 956 865 953 864 931 856 930 856 929 856 893 857 892 857 877 864 859 857 858 857 819 857 818 857 817 857 799 866 796 868 767 868 765 866 759 861 758 861 757 861 756 861 727 866 701 858 700 858 699 858 659 863 611 860 610 860 609 860 608 860 601 865 560 859 559 859 558 859 527 870 525 870 523 870 509 864 508 864 507 864 506 864 505 864 497 870 496 871 431 871 428 871 386 861 385 861 384 861 365 871 316 864 315 864 314 864 298 872 278 868 277 868 276 868 262 873 261 873 241 866 240 866 239 866 238 866 215 873 216 903"/>
                        </Shape>
                        <String CONTENT=""/>
                    </TextLine>

                    <TextLine ID="line_18" HPOS="214" VPOS="904" WIDTH="779" HEIGHT="66" BASELINE="215 953 993 943" TAGREFS="TYPE_1">
                        <Shape>
                            <Polygon POINTS="215 953 215 963 273 970 274 970 275 970 305 963 306 963 343 969 344 969 421 964 441 969 442 969 443 969 485 961 488 961 491 961 516 968 517 968 518 968 585 961 603 959 639 960 753 965 754 965 755 965 775 959 784 957 802 959 839 963 840 964 898 964 898 963 922 958 935 955 943 958 955 962 956 962 957 962 958 962 969 958 975 955 992 957 993 943 990 912 957 914 953 912 941 904 940 904 939 904 913 904 912 904 871 913 862 915 845 914 758 906 757 906 702 915 677 908 676 908 675 908 674 908 661 915 652 908 651 908 650 908 611 908 610 908 563 917 528 909 527 909 526 909 525 909 514 919 512 921 498 921 496 919 484 910 483 910 482 910 481 910 480 910 444 920 438 922 371 922 370 921 348 912 347 912 346 912 345 912 344 912 333 922 330 922 308 917 307 917 306 917 291 922 288 924 214 924 215 953"/>
                        </Shape>
                        <String CONTENT=""/>
                    </TextLine>

                    <TextLine ID="line_19" HPOS="216" VPOS="956" WIDTH="780" HEIGHT="64" BASELINE="217 1002 996 995" TAGREFS="TYPE_1">
                        <Shape>
                            <Polygon POINTS="217 1002 217 1020 288 1020 288 1019 289 1019 290 1019 290 1018 298 1012 310 1017 311 1017 312 1017 313 1017 328 1011 377 1017 391 1018 392 1018 393 1018 397 1016 410 1011 436 1016 444 1017 445 1017 446 1017 447 1017 448 1016 453 1012 490 1015 508 1016 509 1016 522 1014 556 1009 567 1014 573 1016 574 1016 575 1016 597 1013 626 1009 642 1012 660 1016 661 1016 679 1012 696 1008 709 1011 718 1014 719 1014 720 1014 721 1014 733 1011 745 1008 783 1010 849 1014 850 1014 851 1014 861 1009 865 1007 878 1008 913 1013 914 1013 915 1013 916 1013 924 1008 927 1007 933 1008 953 1013 954 1013 955 1013 956 1013 967 1007 969 1007 995 1007 996 995 994 956 958 956 957 956 956 956 930 966 909 960 908 960 907 960 906 960 905 960 897 966 845 961 844 961 843 961 821 967 797 958 795 957 794 957 793 957 714 959 713 959 681 967 665 959 664 959 663 959 662 959 661 959 659 959 622 969 572 969 555 963 554 963 553 963 552 963 533 970 496 970 484 964 483 964 482 964 450 969 402 962 390 961 389 961 388 961 382 963 363 969 347 963 344 962 343 962 342 962 341 962 337 963 314 971 305 966 304 966 303 966 302 966 301 966 283 970 254 964 244 962 243 962 216 964 217 1002"/>
                        </Shape>
                        <String CONTENT=""/>
                    </TextLine>

                    <TextLine ID="line_20" HPOS="219" VPOS="1038" WIDTH="236" HEIGHT="32" BASELINE="219 1050 455 1050" TAGREFS="TYPE_1">
                        <Shape>
                            <Polygon POINTS="219 1050 219 1059 259 1067 260 1067 295 1062 302 1068 302 1069 303 1069 304 1069 305 1070 334 1070 334 1069 335 1069 351 1061 352 1060 378 1060 379 1061 388 1068 388 1069 389 1069 390 1069 391 1069 455 1061 455 1050 454 1038 219 1038 219 1050"/>
                        </Shape>
                        <String CONTENT=""/>
                    </TextLine>
</TextBlock>
                <TextBlock ID="block_5" HPOS="215" VPOS="1064" WIDTH="795" HEIGHT="484" TAGREFS="TYPE_39">
                    <Shape>
                        <Polygon POINTS="215.4757080078125 1064.5035400390625 1010.9229125976562 1064.5035400390625 1010.9229125976562 1548.1741943359375 215.4757080078125 1548.1741943359375 215.4757080078125 1064.5035400390625"/>
                    </Shape>
                    <TextLine ID="line_21" HPOS="262" VPOS="1050" WIDTH="738" HEIGHT="66" BASELINE="263 1099 1000 1093" TAGREFS="TYPE_1">
                        <Shape>
                            <Polygon POINTS="263 1099 263 1109 316 1109 320 1110 340 1116 341 1116 342 1116 343 1116 362 1110 366 1109 412 1110 568 1114 569 1114 570 1114 571 1114 575 1110 579 1107 631 1106 651 1111 659 1112 660 1112 661 1112 665 1111 675 1106 724 1111 750 1113 751 1113 752 1113 753 1113 753 1112 755 1111 762 1105 815 1111 827 1112 828 1112 835 1111 857 1107 863 1111 864 1112 865 1112 866 1112 867 1112 877 1111 910 1107 949 1111 950 1111 951 1111 952 1111 953 1111 960 1106 998 1111 1000 1093 999 1060 978 1050 977 1050 976 1050 975 1050 974 1050 960 1059 910 1054 909 1054 877 1060 856 1053 855 1053 854 1053 853 1053 834 1061 797 1061 722 1052 721 1052 720 1052 707 1060 671 1061 638 1052 637 1052 636 1052 635 1052 614 1061 576 1061 560 1053 559 1053 558 1053 456 1054 383 1065 308 1065 281 1055 280 1055 279 1055 278 1055 277 1055 262 1064 263 1099"/>
                        </Shape>
                        <String CONTENT=""/>
                    </TextLine>

                    <TextLine ID="line_22" HPOS="213" VPOS="1106" WIDTH="791" HEIGHT="59" BASELINE="214 1149 1004 1143" TAGREFS="TYPE_1">
                        <Shape>
                            <Polygon POINTS="982 1135 976 1112 867 1114 861 1112 849 1106 848 1106 847 1106 846 1106 831 1112 823 1115 818 1112 807 1106 806 1106 805 1106 804 1106 784 1112 772 1115 747 1112 738 1111 737 1111 729 1112 704 1116 695 1112 687 1108 686 1108 623 1107 622 1107 580 1108 579 1108 578 1108 573 1112 565 1118 495 1118 485 1112 481 1110 480 1110 479 1110 478 1110 472 1112 458 1118 410 1112 379 1109 378 1109 377 1109 366 1112 354 1116 348 1112 345 1110 344 1110 343 1110 246 1110 245 1110 244 1110 239 1113 231 1117 213 1113 214 1149 214 1158 237 1165 238 1165 239 1165 269 1158 273 1158 278 1158 324 1165 325 1165 326 1165 348 1158 354 1157 443 1157 450 1158 474 1164 475 1164 476 1164 492 1158 500 1156 560 1156 563 1158 569 1163 570 1163 571 1163 572 1163 573 1163 586 1158 594 1156 611 1158 637 1162 638 1163 703 1163 703 1162 704 1162 713 1158 720 1156 726 1158 734 1162 735 1162 736 1162 767 1158 789 1156 816 1158 844 1161 845 1161 846 1161 847 1161 850 1158 857 1155 877 1158 878 1158 879 1158 880 1158 886 1154 908 1158 916 1160 917 1160 1003 1158 1004 1143 1001 1112 987 1112 982 1135"/>
                        </Shape>
                        <String CONTENT=""/>
                    </TextLine>

                    <TextLine ID="line_23" HPOS="215" VPOS="1154" WIDTH="789" HEIGHT="61" BASELINE="216 1197 1004 1193" TAGREFS="TYPE_1">
                        <Shape>
                            <Polygon POINTS="984 1183 979 1163 971 1163 952 1154 951 1154 950 1154 949 1154 929 1163 890 1163 878 1154 877 1154 876 1154 858 1154 857 1154 856 1154 821 1163 802 1156 801 1156 800 1156 799 1156 784 1164 695 1164 650 1156 649 1156 648 1156 624 1164 602 1158 601 1158 458 1156 457 1156 456 1156 455 1156 444 1164 433 1156 432 1156 431 1156 378 1156 377 1156 376 1156 375 1156 362 1166 304 1157 303 1157 302 1157 280 1166 236 1161 235 1161 234 1161 215 1167 216 1197 216 1208 365 1215 366 1215 367 1215 383 1208 466 1208 495 1214 496 1214 591 1213 592 1213 603 1207 604 1207 605 1207 625 1213 626 1213 627 1214 687 1214 687 1213 725 1212 726 1212 727 1212 736 1207 738 1206 802 1206 804 1206 813 1212 814 1212 815 1212 816 1212 853 1206 861 1205 868 1206 892 1211 893 1211 1003 1205 1004 1193 1002 1163 989 1163 984 1183"/>
                        </Shape>
                        <String CONTENT=""/>
                    </TextLine>

                    <TextLine ID="line_24" HPOS="216" VPOS="1209" WIDTH="785" HEIGHT="56" BASELINE="217 1245 1001 1241" TAGREFS="TYPE_1">
                        <Shape>
                            <Polygon POINTS="217 1245 218 1265 227 1260 268 1264 269 1264 270 1264 271 1264 280 1257 309 1264 310 1264 311 1264 312 1264 323 1257 395 1264 398 1264 399 1264 400 1264 416 1256 455 1263 456 1263 457 1263 484 1256 558 1263 559 1263 560 1263 560 1263 578 1256 606 1263 607 1263 608 1263 609 1263 633 1258 735 1262 736 1262 737 1262 738 1262 747 1256 760 1261 761 1261 762 1261 763 1261 776 1255 801 1262 802 1262 803 1262 804 1262 805 1262 816 1254 949 1261 950 1261 951 1261 976 1254 998 1261 1001 1241 998 1212 947 1216 934 1212 926 1209 925 1209 924 1209 883 1212 829 1216 816 1212 805 1209 804 1209 803 1209 802 1209 791 1212 776 1218 724 1218 717 1213 717 1212 716 1212 715 1212 714 1212 709 1213 686 1217 641 1213 608 1210 607 1210 563 1211 562 1211 559 1213 549 1219 444 1219 436 1214 434 1212 433 1212 432 1212 431 1212 430 1212 424 1214 410 1219 398 1214 393 1212 392 1212 358 1212 357 1212 356 1212 355 1212 353 1214 345 1220 309 1220 296 1214 290 1212 289 1212 288 1212 287 1212 279 1214 265 1218 216 1215 217 1245"/>
                        </Shape>
                        <String CONTENT=""/>
                    </TextLine>

                    <TextLine ID="line_25" HPOS="216" VPOS="1254" WIDTH="785" HEIGHT="58" BASELINE="217 1294 1001 1291" TAGREFS="TYPE_1">
                        <Shape>
                            <Polygon POINTS="217 1294 217 1308 323 1306 338 1308 373 1312 374 1312 424 1307 427 1307 428 1307 448 1312 449 1312 450 1312 539 1306 547 1306 553 1306 641 1311 642 1311 643 1311 644 1311 652 1305 655 1305 683 1310 684 1310 728 1305 742 1310 743 1310 744 1311 821 1311 821 1310 859 1305 872 1310 873 1310 874 1311 926 1311 926 1310 927 1310 939 1304 1001 1303 1001 1291 998 1264 917 1264 916 1264 904 1256 903 1256 902 1256 901 1256 900 1256 885 1261 869 1257 868 1257 867 1257 866 1257 865 1257 857 1264 857 1265 810 1265 796 1265 746 1254 745 1254 744 1254 724 1265 722 1265 672 1255 671 1255 628 1265 608 1255 607 1255 499 1255 498 1255 497 1255 476 1266 449 1260 448 1260 379 1266 364 1256 363 1256 362 1256 312 1256 311 1256 310 1256 309 1256 297 1265 243 1260 242 1260 241 1260 216 1267 217 1294"/>
                        </Shape>
                        <String CONTENT=""/>
                    </TextLine>

                    <TextLine ID="line_26" HPOS="218" VPOS="1305" WIDTH="780" HEIGHT="61" BASELINE="218 1344 998 1340" TAGREFS="TYPE_1">
                        <Shape>
                            <Polygon POINTS="218 1366 256 1358 369 1358 404 1363 410 1364 411 1364 412 1364 414 1363 425 1357 432 1363 433 1363 434 1363 435 1363 442 1363 480 1359 505 1362 527 1364 528 1364 587 1363 588 1363 596 1360 605 1356 615 1360 623 1363 624 1363 625 1363 626 1363 638 1359 652 1356 666 1359 684 1363 685 1363 686 1363 699 1358 709 1355 726 1358 743 1361 744 1361 759 1357 771 1355 825 1356 828 1356 839 1362 840 1362 841 1362 997 1353 998 1340 996 1310 967 1305 966 1305 965 1305 947 1310 938 1312 930 1310 913 1305 912 1305 911 1305 910 1305 897 1309 889 1313 797 1313 775 1309 749 1305 748 1305 747 1305 747 1305 740 1309 737 1311 709 1309 687 1308 686 1308 678 1309 652 1314 611 1309 584 1306 583 1306 562 1309 526 1315 520 1310 519 1310 518 1310 517 1310 448 1315 440 1309 438 1307 437 1307 436 1307 408 1307 407 1307 406 1307 405 1307 403 1309 392 1315 319 1309 304 1308 303 1308 302 1308 300 1309 288 1315 261 1310 260 1310 259 1310 241 1316 218 1309 218 1344 218 1366"/>
                        </Shape>
                        <String CONTENT=""/>
                    </TextLine>

                    <TextLine ID="line_27" HPOS="214" VPOS="1354" WIDTH="778" HEIGHT="59" BASELINE="215 1393 992 1389" TAGREFS="TYPE_1">
                        <Shape>
                            <Polygon POINTS="215 1393 215 1407 371 1413 372 1413 448 1408 459 1412 460 1412 461 1412 462 1412 479 1407 484 1406 491 1407 518 1412 519 1412 576 1407 602 1405 617 1407 644 1411 645 1412 731 1412 731 1411 732 1411 733 1411 739 1407 740 1406 747 1407 778 1411 779 1411 780 1411 790 1407 798 1404 990 1406 992 1389 990 1362 926 1354 925 1354 924 1354 911 1361 905 1364 864 1364 851 1361 816 1354 815 1354 814 1354 790 1360 772 1365 742 1360 711 1355 710 1355 709 1355 694 1360 678 1364 645 1359 634 1358 633 1358 625 1359 593 1367 540 1367 532 1361 531 1361 530 1361 529 1361 528 1361 513 1366 500 1358 497 1356 496 1356 495 1356 473 1356 472 1356 471 1356 463 1358 434 1367 320 1367 304 1359 303 1359 302 1359 301 1359 287 1366 214 1357 215 1393"/>
                        </Shape>
                        <String CONTENT=""/>
                    </TextLine>

                    <TextLine ID="line_28" HPOS="217" VPOS="1403" WIDTH="783" HEIGHT="61" BASELINE="217 1442 1000 1442" TAGREFS="TYPE_1">
                        <Shape>
                            <Polygon POINTS="217 1442 217 1454 262 1461 263 1461 344 1457 357 1463 358 1463 359 1463 360 1463 373 1458 386 1463 387 1463 388 1464 590 1464 590 1463 591 1463 606 1458 664 1463 665 1463 666 1463 677 1458 685 1455 738 1455 747 1458 756 1462 757 1462 758 1462 759 1462 760 1462 765 1459 772 1455 862 1459 903 1461 904 1461 913 1460 938 1455 954 1460 957 1461 958 1461 959 1461 960 1461 963 1460 978 1455 997 1460 1000 1442 998 1412 953 1413 949 1411 937 1403 936 1403 935 1403 874 1403 873 1403 872 1403 859 1409 845 1403 844 1403 843 1403 777 1405 776 1405 775 1405 768 1410 761 1414 649 1414 635 1409 619 1403 618 1403 564 1403 563 1403 562 1403 561 1403 554 1408 545 1414 470 1414 462 1407 458 1404 457 1404 456 1404 455 1404 440 1407 422 1411 412 1407 404 1403 403 1403 402 1403 401 1403 393 1407 381 1413 364 1407 362 1406 361 1406 360 1406 359 1406 357 1407 337 1414 272 1414 251 1406 242 1403 241 1403 240 1403 217 1405 217 1442"/>
                        </Shape>
                        <String CONTENT=""/>
                    </TextLine>

                    <TextLine ID="line_29" HPOS="219" VPOS="1456" WIDTH="492" HEIGHT="56" BASELINE="220 1491 711 1493" TAGREFS="TYPE_1">
                        <Shape>
                            <Polygon POINTS="220 1491 219 1504 260 1511 261 1511 326 1504 334 1504 337 1504 362 1511 363 1511 364 1512 443 1512 443 1511 444 1511 462 1505 473 1512 474 1512 475 1512 476 1512 504 1507 518 1512 519 1512 520 1512 521 1512 522 1512 532 1505 559 1511 560 1511 560 1511 561 1511 572 1505 710 1505 711 1493 710 1465 655 1460 654 1460 653 1460 640 1464 635 1466 630 1464 612 1457 611 1457 580 1457 579 1457 578 1457 577 1457 566 1464 561 1467 479 1467 472 1464 456 1457 455 1457 454 1457 453 1457 452 1457 444 1463 441 1466 417 1466 414 1463 406 1456 405 1456 404 1456 403 1456 402 1456 377 1463 376 1463 374 1463 325 1456 324 1456 220 1462 220 1491"/>
                        </Shape>
                        <String CONTENT=""/>
                    </TextLine>

                    <TextLine ID="line_30" HPOS="267" VPOS="1498" WIDTH="735" HEIGHT="72" BASELINE="268 1542 1002 1536" TAGREFS="TYPE_1">
                        <Shape>
                            <Polygon POINTS="268 1542 269 1563 281 1560 291 1563 312 1570 313 1570 314 1570 341 1567 342 1567 343 1567 349 1562 352 1560 359 1562 385 1570 386 1570 387 1570 456 1565 466 1569 467 1569 468 1569 517 1565 583 1568 584 1568 585 1568 607 1559 610 1558 613 1559 633 1568 634 1568 635 1568 682 1558 689 1557 694 1558 715 1565 716 1565 717 1565 718 1565 735 1558 747 1566 747 1566 748 1566 749 1566 750 1566 774 1557 775 1557 776 1557 791 1566 792 1566 793 1566 794 1567 845 1567 845 1566 892 1556 896 1555 1001 1555 1002 1536 999 1498 821 1509 795 1499 792 1498 791 1498 790 1498 789 1498 785 1499 745 1511 716 1511 699 1500 699 1499 698 1499 697 1499 649 1499 648 1499 647 1499 646 1499 645 1500 636 1506 586 1501 585 1501 584 1501 583 1501 575 1508 560 1503 560 1503 559 1503 558 1503 557 1503 546 1512 510 1513 486 1513 463 1501 462 1501 461 1501 460 1501 459 1501 458 1501 436 1509 419 1502 418 1502 417 1502 416 1502 386 1512 368 1504 367 1504 366 1504 365 1504 364 1504 351 1513 267 1503 268 1542"/>
                        </Shape>
                        <String CONTENT=""/>
                    </TextLine>
</TextBlock>
                <TextBlock ID="block_1" HPOS="838" VPOS="1556" WIDTH="168" HEIGHT="57" TAGREFS="TYPE_4">
                    <Shape>
                        <Polygon POINTS="838.986572265625 1556.8829345703125 1006.302978515625 1556.8829345703125 1006.302978515625 1613.3790283203125 838.986572265625 1613.3790283203125 838.986572265625 1556.8829345703125"/>
                    </Shape>
                    <TextLine ID="line_31" HPOS="843" VPOS="1555" WIDTH="160" HEIGHT="60" BASELINE="843 1588 1003 1588" TAGREFS="TYPE_1">
                        <Shape>
                            <Polygon POINTS="843 1588 843 1611 916 1615 917 1615 918 1615 919 1615 921 1613 929 1608 933 1612 934 1612 935 1612 936 1612 937 1612 938 1612 945 1606 972 1606 1001 1615 1003 1588 1003 1561 987 1555 986 1555 985 1555 984 1555 966 1562 909 1562 867 1555 866 1555 865 1555 843 1561 843 1588"/>
                        </Shape>
                        <String CONTENT=""/>
                    </TextLine>
</TextBlock>
            </PrintSpace>
        </Page>
    </Layout>
</alto>