<?xml version="1.0" encoding="UTF-8"?>
<alto xmlns:xsi="http://www.w3.org/2001/XMLSchema-instance"
    xmlns="http://www.loc.gov/standards/alto/ns-v4#"
    xsi:schemaLocation="http://www.loc.gov/standards/alto/ns-v4# http://www.loc.gov/standards/alto/v4/alto-4-3.xsd">
    <Description>
        <MeasurementUnit>pixel</MeasurementUnit>
        <sourceImageInformation>
            <fileName>bsb10313792_00039.jpg</fileName>
        </sourceImageInformation>
        <Processing ID="OCR_0">
            <processingCategory>other</processingCategory>
            <processingStepDescription>unknown</processingStepDescription>
            <processingSoftware>
                <softwareName>kraken</softwareName>
                <softwareVersion>4.3.13</softwareVersion>
            </processingSoftware>
        </Processing>
    </Description>
    <Tags>
        <OtherTag ID="TYPE_1" LABEL="DefaultLine"/>
        <OtherTag ID="TYPE_2" LABEL="MainZone-Other"/>
        <OtherTag ID="TYPE_3" LABEL="RunningTitleZone"/>
        <OtherTag ID="TYPE_4" LABEL="QuireMarksZone"/>
        <OtherTag ID="TYPE_5" LABEL="MarginTextZone-Notes-Continued"/>
        <OtherTag ID="TYPE_6" LABEL="MarginTextZone-Notes"/>
        <OtherTag ID="TYPE_7" LABEL="GraphicZone-TextualContent"/>
        <OtherTag ID="TYPE_8" LABEL="DigitizationArtefactZone"/>
        <OtherTag ID="TYPE_9" LABEL="TableZone-Continued"/>
        <OtherTag ID="TYPE_10" LABEL="MainZone-Lg"/>
        <OtherTag ID="TYPE_11" LABEL="MainZone-Head"/>
        <OtherTag ID="TYPE_12" LABEL="StampZone"/>
        <OtherTag ID="TYPE_13" LABEL="MainZone-Form"/>
        <OtherTag ID="TYPE_14" LABEL="MainZone-List-Continued"/>
        <OtherTag ID="TYPE_15" LABEL="MainZone-Signature"/>
        <OtherTag ID="TYPE_16" LABEL="MarginTextZone-ManuscriptAddendum"/>
        <OtherTag ID="TYPE_17" LABEL="MainZone-P-Continued"/>
        <OtherTag ID="TYPE_18" LABEL="StampZone-Sticker"/>
        <OtherTag ID="TYPE_19" LABEL="TableZone-Head"/>
        <OtherTag ID="TYPE_20" LABEL="GraphicZone-Decoration"/>
        <OtherTag ID="TYPE_21" LABEL="DropCapitalZone"/>
        <OtherTag ID="TYPE_22" LABEL="NumberingZone"/>
        <OtherTag ID="TYPE_23" LABEL="FigureZone-Head"/>
        <OtherTag ID="TYPE_24" LABEL="TitlePageZone"/>
        <OtherTag ID="TYPE_25" LABEL="GraphicZone-Maths"/>
        <OtherTag ID="TYPE_26" LABEL="MainZone-Entry-Continued"/>
        <OtherTag ID="TYPE_27" LABEL="MainZone-Sp"/>
        <OtherTag ID="TYPE_28" LABEL="MainZone-Entry"/>
        <OtherTag ID="TYPE_29" LABEL="GraphicZone-Part"/>
        <OtherTag ID="TYPE_30" LABEL="GraphicZone"/>
        <OtherTag ID="TYPE_31" LABEL="MainZone-Sp-Continued"/>
        <OtherTag ID="TYPE_32" LABEL="TableZone"/>
        <OtherTag ID="TYPE_33" LABEL="TitlePageZone-Index"/>
        <OtherTag ID="TYPE_34" LABEL="AdvertisementZone"/>
        <OtherTag ID="TYPE_35" LABEL="MainZone-Date"/>
        <OtherTag ID="TYPE_36" LABEL="FigureZone-FigDesc"/>
        <OtherTag ID="TYPE_37" LABEL="GraphicZone-Head"/>
        <OtherTag ID="TYPE_38" LABEL="MainZone-List"/>
        <OtherTag ID="TYPE_39" LABEL="MainZone-P"/>
        <OtherTag ID="TYPE_40" LABEL="MainZone-Lg-Continued"/>
        <OtherTag ID="TYPE_41" LABEL="FigureZone"/>
        <OtherTag ID="TYPE_42" LABEL="GraphicZone-FigDesc"/>
    </Tags>
    <Layout>
        <Page WIDTH="1060" HEIGHT="1746" PHYSICAL_IMG_NR="0" ID="page_0">
            <PrintSpace HPOS="0" VPOS="0" WIDTH="1060" HEIGHT="1746">
                <TextBlock ID="block_0" HPOS="137" VPOS="81" WIDTH="659" HEIGHT="53" TAGREFS="TYPE_3">
                    <Shape>
                        <Polygon POINTS="137.33172607421875 81.52962493896484 796.67724609375 81.52962493896484 796.67724609375 134.8052978515625 137.33172607421875 134.8052978515625 137.33172607421875 81.52962493896484"/>
                    </Shape>
                    <TextLine ID="line_0" HPOS="142" VPOS="79" WIDTH="717" HEIGHT="57" BASELINE="143 121 379 118 859 124" TAGREFS="TYPE_1">
                        <Shape>
                            <Polygon POINTS="688 79 687 79 626 84 599 79 598 79 597 79 573 87 565 90 542 90 538 86 532 81 531 81 530 81 530 81 529 81 518 86 515 87 512 86 494 79 492 79 486 79 478 85 473 89 448 85 413 79 404 79 395 79 385 79 381 79 341 83 328 84 326 83 320 79 317 79 308 79 304 82 296 88 271 88 264 82 260 79 259 79 249 79 247 79 244 81 234 87 198 81 187 79 181 79 171 79 162 79 160 80 152 83 143 80 143 121 142 131 206 132 207 132 208 132 209 132 218 126 298 126 307 131 308 131 309 131 310 131 311 131 326 126 354 132 357 133 358 133 359 133 365 132 407 127 423 133 424 133 425 133 426 133 430 133 463 128 477 133 480 134 481 134 482 134 489 133 508 129 527 133 532 134 533 134 534 134 537 133 554 128 595 133 607 135 608 135 609 135 613 133 626 129 646 134 648 134 649 134 650 134 654 134 680 129 721 134 730 135 731 135 732 135 734 134 741 131 763 134 779 136 780 136 781 136 787 134 803 129 816 134 820 136 821 136 822 136 858 134 859 124 859 92 802 92 800 91 783 84 782 84 781 84 715 87 689 79 688 79"/>
                        </Shape>
                        <String CONTENT=""/>
                    </TextLine>
</TextBlock>
                <TextBlock ID="block_2" HPOS="65" VPOS="141" WIDTH="803" HEIGHT="910" TAGREFS="TYPE_17">
                    <Shape>
                        <Polygon POINTS="65.8639144897461 141.962158203125 868.9403076171875 141.962158203125 868.9403076171875 1051.212890625 65.8639144897461 1051.212890625 65.8639144897461 141.962158203125"/>
                    </Shape>
                    <TextLine ID="line_1" HPOS="53" VPOS="135" WIDTH="808" HEIGHT="59" BASELINE="54 177 274 173 861 176" TAGREFS="TYPE_1">
                        <Shape>
                            <Polygon POINTS="839 137 829 137 820 137 810 137 800 137 798 137 792 143 787 147 736 147 720 142 700 137 694 137 684 137 671 142 659 147 644 147 637 142 630 137 626 137 619 137 608 141 596 147 453 147 444 140 439 137 431 137 426 137 413 140 392 145 370 144 365 140 362 137 354 137 344 137 334 137 325 137 315 137 305 137 296 137 286 137 276 137 266 137 257 137 247 137 245 137 243 139 233 146 204 146 191 138 188 137 179 137 169 137 165 137 161 138 133 145 54 138 54 177 53 191 147 192 148 192 161 191 193 186 213 190 224 192 225 192 226 192 231 190 244 184 345 184 354 189 359 192 360 192 361 192 362 192 389 189 410 186 443 186 448 188 457 193 458 193 459 193 460 193 471 188 476 186 488 188 508 191 509 191 510 191 521 187 529 185 536 187 553 193 554 193 555 193 580 187 590 185 662 185 664 186 669 190 670 190 671 190 672 190 747 186 759 193 760 193 761 193 761 194 799 194 799 193 860 184 861 176 861 142 850 135 849 135 848 135 840 135 839 137"/>
                        </Shape>
                        <String CONTENT=""/>
                    </TextLine>

                    <TextLine ID="line_2" HPOS="60" VPOS="182" WIDTH="801" HEIGHT="60" BASELINE="61 224 861 226" TAGREFS="TYPE_1">
                        <Shape>
                            <Polygon POINTS="61 224 60 234 68 240 69 240 70 240 71 241 227 241 227 240 264 233 270 232 363 232 365 234 371 238 372 238 373 238 374 238 411 234 421 233 424 234 440 240 441 240 442 240 467 234 474 233 496 234 571 240 572 240 595 235 603 233 610 235 628 241 629 241 629 242 672 242 672 241 673 241 688 235 695 233 751 233 758 236 772 241 773 241 774 241 860 236 861 226 860 183 811 183 810 183 809 183 785 194 763 187 762 187 761 187 761 187 760 187 751 194 730 184 729 184 728 184 728 184 704 194 681 184 678 183 677 183 676 183 675 183 674 183 673 184 652 196 559 196 544 191 543 191 542 191 507 195 467 186 452 182 451 182 420 182 419 182 418 182 417 182 411 186 403 193 383 194 352 187 333 182 332 182 331 182 331 182 315 187 302 192 295 187 286 182 285 182 284 182 234 182 233 182 232 182 221 188 207 195 118 195 109 189 100 182 99 182 99 182 98 182 61 189 61 224"/>
                        </Shape>
                        <String CONTENT=""/>
                    </TextLine>

                    <TextLine ID="line_3" HPOS="61" VPOS="234" WIDTH="800" HEIGHT="57" BASELINE="62 274 861 272" TAGREFS="TYPE_1">
                        <Shape>
                            <Polygon POINTS="62 274 62 284 120 290 121 290 122 290 136 285 138 284 140 285 154 291 155 291 156 291 217 291 218 291 231 285 232 284 236 285 266 291 267 291 268 291 281 285 312 291 313 291 314 291 315 291 323 285 325 284 335 285 378 289 379 289 472 285 523 283 527 285 533 291 534 291 535 291 536 291 537 291 558 285 563 284 568 285 591 291 592 291 593 291 656 286 717 291 718 291 719 291 732 285 739 283 764 285 802 289 803 289 861 285 861 272 860 247 762 247 761 246 737 234 736 234 735 234 716 235 715 235 714 235 700 246 698 246 633 246 632 245 612 234 611 234 575 234 574 234 573 234 572 234 556 245 554 246 534 245 525 244 511 234 510 234 509 234 508 234 451 235 450 235 430 244 426 245 423 244 406 237 405 237 404 237 403 237 389 243 362 240 361 240 360 240 350 243 339 247 319 243 276 235 231 235 230 235 229 235 208 243 196 248 105 248 98 242 89 235 88 235 87 235 86 235 85 235 61 241 62 274"/>
                        </Shape>
                        <String CONTENT=""/>
                    </TextLine>

                    <TextLine ID="line_4" HPOS="61" VPOS="280" WIDTH="799" HEIGHT="59" BASELINE="62 324 860 320" TAGREFS="TYPE_1">
                        <Shape>
                            <Polygon POINTS="62 324 62 333 135 339 136 339 137 339 156 333 157 332 281 332 284 332 319 338 320 338 321 338 322 338 330 332 331 332 361 332 378 338 379 338 380 338 465 337 466 337 481 331 503 337 504 337 505 337 549 332 581 336 582 336 609 330 610 330 611 330 629 336 630 336 631 336 690 330 828 335 828 335 859 328 860 320 858 282 828 280 828 280 827 280 823 282 805 291 708 291 667 282 660 281 659 281 658 281 657 281 656 282 640 292 589 292 577 283 576 283 575 283 574 283 573 283 572 283 558 291 541 286 540 286 539 286 538 286 526 290 511 283 509 282 508 282 507 282 506 282 505 282 504 283 492 292 450 283 443 282 399 282 398 282 397 282 397 282 396 283 385 290 329 283 321 283 320 283 319 283 318 283 318 284 302 293 262 293 245 284 244 283 243 283 242 283 225 283 224 283 188 284 187 284 186 284 171 295 148 295 116 284 115 284 114 284 113 284 61 284 62 324"/>
                        </Shape>
                        <String CONTENT=""/>
                    </TextLine>

                    <TextLine ID="line_5" HPOS="61" VPOS="330" WIDTH="799" HEIGHT="57" BASELINE="62 372 860 369" TAGREFS="TYPE_1">
                        <Shape>
                            <Polygon POINTS="62 372 62 381 239 387 240 387 293 381 317 387 318 387 319 387 351 380 355 380 408 380 409 380 425 386 426 386 427 386 539 380 541 380 564 386 565 386 566 386 567 386 581 380 617 385 618 385 619 385 631 380 647 385 648 385 649 385 677 380 828 385 829 385 859 378 860 369 858 342 796 330 795 330 795 330 766 341 755 332 754 332 753 332 724 330 723 330 722 330 700 342 674 342 664 335 663 335 662 335 662 335 609 341 599 334 598 334 597 334 596 334 596 334 577 342 576 343 530 343 529 342 497 331 496 331 496 331 439 336 422 331 421 331 420 331 419 331 400 341 379 342 375 342 374 342 358 331 357 331 356 331 340 331 339 331 272 342 265 344 247 344 245 342 229 332 228 332 227 332 149 332 148 332 147 332 146 332 131 342 129 343 61 343 62 372"/>
                        </Shape>
                        <String CONTENT=""/>
                    </TextLine>

                    <TextLine ID="line_6" HPOS="62" VPOS="380" WIDTH="799" HEIGHT="60" BASELINE="62 421 861 421" TAGREFS="TYPE_1">
                        <Shape>
                            <Polygon POINTS="62 421 62 437 148 439 149 439 150 439 158 436 165 434 182 436 202 439 203 439 220 436 247 430 266 435 279 439 280 439 281 439 282 439 294 435 309 430 373 430 397 434 427 439 428 439 429 439 450 433 463 430 470 433 483 439 484 439 485 440 516 440 516 439 517 439 533 432 541 430 563 432 596 436 597 436 598 436 599 436 606 432 609 430 623 432 658 436 659 436 684 431 690 430 695 431 725 439 726 439 727 440 774 440 774 439 775 439 776 439 787 432 843 439 844 439 845 439 861 429 861 421 861 383 828 380 827 380 826 380 825 380 822 383 811 389 683 389 674 383 673 382 672 382 671 382 670 382 669 382 666 383 652 388 631 383 619 380 618 380 596 383 548 389 531 383 525 380 524 380 497 380 496 380 496 380 495 380 491 383 483 388 465 383 456 380 455 380 454 380 453 380 445 383 427 389 406 383 397 380 396 380 365 380 364 380 364 380 363 380 359 383 351 388 342 383 337 380 336 380 335 380 295 380 294 380 293 380 286 383 273 389 232 383 210 380 209 380 208 380 199 383 183 389 62 384 62 421"/>
                        </Shape>
                        <String CONTENT=""/>
                    </TextLine>

                    <TextLine ID="line_7" HPOS="66" VPOS="429" WIDTH="796" HEIGHT="58" BASELINE="66 470 862 468" TAGREFS="TYPE_1">
                        <Shape>
                            <Polygon POINTS="66 470 66 485 109 482 120 486 121 486 122 486 123 487 225 487 225 486 241 485 283 481 302 485 314 486 315 486 331 484 352 481 382 484 414 486 415 486 442 483 464 480 473 483 482 485 483 485 484 485 485 485 496 483 505 480 515 482 530 485 530 485 531 485 532 485 547 482 553 481 563 482 600 485 601 485 602 485 613 481 617 480 648 481 776 485 777 485 862 478 862 468 861 441 797 429 796 429 795 429 755 440 754 440 753 440 723 429 722 429 721 429 720 429 699 440 698 441 633 441 631 439 615 429 614 429 613 429 612 429 579 430 578 430 560 439 559 439 554 439 448 430 447 430 446 430 430 438 424 441 418 438 407 434 406 434 405 434 404 434 403 434 397 438 392 442 324 442 318 438 308 431 307 431 306 431 265 430 198 430 198 430 197 430 196 430 186 437 181 441 171 437 159 432 158 432 157 432 156 432 155 432 148 437 141 441 66 437 66 470"/>
                        </Shape>
                        <String CONTENT=""/>
                    </TextLine>

                    <TextLine ID="line_8" HPOS="74" VPOS="481" WIDTH="785" HEIGHT="56" BASELINE="74 517 859 517" TAGREFS="TYPE_1">
                        <Shape>
                            <Polygon POINTS="74 537 288 537 288 536 298 534 323 529 335 534 341 536 342 536 343 536 344 536 345 536 348 534 356 529 385 533 392 534 393 534 394 534 397 533 414 529 421 533 425 536 426 536 427 536 428 537 449 537 449 536 450 536 451 536 456 533 462 529 540 532 659 536 660 536 661 536 681 530 687 529 699 530 754 536 755 536 756 536 757 536 763 531 806 535 807 535 859 528 859 517 859 481 834 481 833 481 832 481 831 481 821 487 809 484 808 484 807 484 806 484 805 484 796 490 765 485 764 485 744 489 733 481 732 481 731 481 730 481 728 481 704 485 692 482 691 482 690 482 689 482 688 482 675 490 662 481 662 481 661 481 660 481 657 481 615 490 573 481 569 481 534 481 533 481 532 481 530 482 509 491 495 491 480 482 480 481 479 481 478 481 450 481 449 481 448 481 447 481 446 482 430 490 296 485 295 485 254 490 220 483 219 483 218 483 217 483 210 488 206 485 205 485 204 485 203 485 91 490 75 483 74 517 74 537"/>
                        </Shape>
                        <String CONTENT=""/>
                    </TextLine>

                    <TextLine ID="line_9" HPOS="81" VPOS="527" WIDTH="778" HEIGHT="60" BASELINE="81 566 859 568" TAGREFS="TYPE_1">
                        <Shape>
                            <Polygon POINTS="81 566 81 583 165 579 178 583 184 585 185 585 186 586 270 586 270 585 271 585 278 582 289 579 335 579 343 582 349 585 350 585 351 586 382 586 382 585 383 585 397 582 410 579 468 579 474 582 482 585 483 585 484 585 546 582 570 580 573 581 586 586 587 586 588 587 657 587 657 586 658 586 670 581 689 586 690 586 691 586 692 586 703 581 712 584 713 584 714 584 715 584 728 580 730 580 858 580 859 568 858 528 814 528 813 528 812 528 787 541 726 541 693 533 692 533 691 533 674 540 621 530 613 529 612 529 611 529 607 530 593 536 580 531 574 528 573 528 523 528 522 528 521 528 507 531 474 540 451 532 436 527 435 527 434 527 433 527 432 527 426 532 419 537 390 533 384 532 383 532 374 533 333 538 323 533 308 527 307 527 306 527 275 533 266 527 265 527 265 527 223 527 222 527 221 527 220 527 211 535 204 540 115 540 110 536 99 527 99 527 98 527 97 527 96 527 81 534 81 566"/>
                        </Shape>
                        <String CONTENT=""/>
                    </TextLine>

                    <TextLine ID="line_10" HPOS="82" VPOS="574" WIDTH="778" HEIGHT="61" BASELINE="83 613 860 618" TAGREFS="TYPE_1">
                        <Shape>
                            <Polygon POINTS="83 613 82 622 213 631 214 631 341 625 403 632 404 632 455 626 593 626 615 634 616 634 617 634 674 628 682 634 683 634 684 634 685 634 686 634 701 629 729 635 730 635 779 629 834 635 835 635 836 635 859 628 860 618 860 590 826 590 825 589 810 579 809 579 808 579 756 579 755 579 754 579 753 579 741 587 717 581 716 581 715 581 714 581 701 587 699 588 697 587 684 578 683 578 682 578 666 578 665 578 664 578 663 578 651 586 647 589 624 589 614 585 586 577 585 577 584 577 541 584 523 587 518 583 509 577 508 577 507 577 471 576 470 576 447 577 446 577 445 577 436 582 430 587 410 587 403 582 396 576 395 576 394 576 393 576 392 576 379 582 368 586 337 584 332 581 326 575 325 575 324 575 323 575 322 575 309 581 297 585 197 585 187 578 182 574 181 574 180 574 165 574 164 574 163 574 162 574 156 578 145 584 112 577 98 574 97 574 83 576 83 613"/>
                        </Shape>
                        <String CONTENT=""/>
                    </TextLine>

                    <TextLine ID="line_11" HPOS="82" VPOS="622" WIDTH="777" HEIGHT="63" BASELINE="83 660 200 665 859 666" TAGREFS="TYPE_1">
                        <Shape>
                            <Polygon POINTS="83 660 82 673 175 681 176 681 195 678 210 683 211 683 212 683 235 679 258 683 259 683 260 683 285 675 286 675 325 682 326 682 327 682 340 675 341 675 343 675 367 679 368 679 369 679 384 675 387 675 389 675 405 679 406 679 407 679 471 676 492 675 495 676 512 684 513 684 514 684 547 678 588 683 589 683 618 677 624 676 629 677 664 684 665 685 726 685 726 684 727 684 728 684 737 678 761 684 762 684 763 684 796 678 798 678 801 678 835 682 836 682 858 678 859 666 858 636 794 636 792 635 764 624 763 624 762 624 747 625 746 625 745 625 734 634 732 636 666 636 662 633 653 625 652 625 651 625 650 625 614 631 596 624 596 624 595 624 594 624 567 631 553 635 535 631 500 623 439 623 438 623 437 623 436 623 427 629 420 634 413 629 403 623 402 623 401 623 400 623 362 624 361 624 352 628 341 635 324 635 313 628 307 624 306 624 305 624 304 624 303 624 295 628 277 634 254 627 244 624 243 624 242 624 241 624 240 624 236 627 231 630 227 627 223 624 222 624 221 624 220 624 197 626 193 627 192 627 191 627 181 634 140 634 124 625 118 622 117 622 116 622 83 624 83 660"/>
                        </Shape>
                        <String CONTENT=""/>
                    </TextLine>

                    <TextLine ID="line_12" HPOS="85" VPOS="675" WIDTH="776" HEIGHT="58" BASELINE="86 711 861 714" TAGREFS="TYPE_1">
                        <Shape>
                            <Polygon POINTS="86 711 85 722 113 728 114 728 159 725 166 731 167 731 168 731 169 731 170 731 191 726 200 731 201 731 288 732 289 732 290 732 291 732 298 726 329 732 330 732 370 725 375 725 440 725 442 726 450 732 451 732 452 732 453 732 479 727 484 726 490 727 517 731 518 731 543 727 552 726 560 727 584 733 585 733 860 730 861 714 861 690 832 679 831 679 830 679 829 679 792 688 789 689 785 688 764 682 763 682 762 682 761 682 743 687 736 689 728 687 716 683 715 683 714 683 713 683 706 687 701 689 660 689 656 685 643 677 642 677 641 677 640 677 639 677 621 685 613 688 600 684 592 682 591 682 590 682 575 684 545 688 538 683 536 681 535 681 534 681 533 681 523 683 515 684 506 682 473 676 421 676 420 676 419 676 418 676 411 680 407 684 402 680 397 677 397 677 396 677 395 677 394 677 381 680 364 685 336 679 331 679 331 679 330 679 328 679 312 688 281 688 186 687 166 676 165 675 165 675 164 675 86 675 86 711"/>
                        </Shape>
                        <String CONTENT=""/>
                    </TextLine>

                    <TextLine ID="line_13" HPOS="84" VPOS="723" WIDTH="775" HEIGHT="60" BASELINE="84 759 218 764 859 764" TAGREFS="TYPE_1">
                        <Shape>
                            <Polygon POINTS="84 759 84 774 168 774 170 775 179 781 180 781 181 781 182 781 183 781 198 776 224 782 225 782 226 782 248 776 250 775 253 776 265 780 266 780 267 780 301 776 306 776 307 776 316 782 317 782 318 782 319 782 344 776 354 775 372 775 377 776 386 782 387 782 388 782 389 782 414 777 429 775 475 778 509 780 510 780 511 780 516 778 521 776 524 778 527 781 528 781 529 781 530 781 546 778 573 775 599 779 615 782 616 782 643 780 685 776 701 780 707 782 708 782 709 783 858 783 859 764 859 733 846 724 845 724 844 724 843 724 790 733 788 734 723 734 719 732 696 724 695 724 695 724 694 724 693 724 683 732 682 733 616 733 611 730 604 726 603 726 602 726 568 724 567 724 566 724 556 730 549 734 525 734 518 729 510 724 509 724 508 724 488 724 487 724 455 728 418 733 409 727 405 724 404 724 403 724 378 724 377 724 376 724 366 727 346 734 263 734 245 725 242 724 241 724 183 723 182 723 181 723 178 724 165 729 151 724 149 723 148 723 147 723 146 723 145 723 137 729 130 723 129 723 128 723 84 723 84 759"/>
                        </Shape>
                        <String CONTENT=""/>
                    </TextLine>

                    <TextLine ID="line_14" HPOS="79" VPOS="772" WIDTH="778" HEIGHT="61" BASELINE="80 808 857 814" TAGREFS="TYPE_1">
                        <Shape>
                            <Polygon POINTS="80 808 79 819 210 829 360 830 361 830 394 824 416 830 417 830 418 830 419 830 439 824 445 823 467 824 514 828 515 828 516 828 526 825 530 824 533 825 546 831 547 831 548 832 655 832 655 831 656 831 663 827 668 825 721 825 725 828 728 831 728 832 729 832 730 832 731 832 732 832 746 828 755 826 774 828 795 831 796 831 797 831 803 829 811 826 815 829 820 833 821 833 822 833 823 833 856 829 857 814 855 785 810 786 793 784 743 776 742 776 741 776 728 783 724 785 719 783 701 776 700 776 699 776 662 782 662 782 654 776 653 776 652 776 630 776 629 776 629 776 609 781 597 785 576 781 540 775 539 775 506 780 483 785 469 785 463 779 456 774 455 774 454 774 411 774 410 774 409 774 393 779 378 783 306 777 296 777 295 777 294 777 293 777 283 782 184 782 176 776 170 772 169 772 168 772 167 772 80 775 80 808"/>
                        </Shape>
                        <String CONTENT=""/>
                    </TextLine>

                    <TextLine ID="line_15" HPOS="76" VPOS="820" WIDTH="754" HEIGHT="60" BASELINE="77 858 830 861" TAGREFS="TYPE_1">
                        <Shape>
                            <Polygon POINTS="77 858 76 873 114 871 133 874 150 878 151 879 202 879 202 878 227 874 239 873 253 874 282 878 283 878 304 874 321 871 328 873 337 879 338 879 339 879 370 873 385 872 417 873 485 878 486 878 487 878 504 873 511 872 518 873 537 879 538 879 539 880 578 880 578 879 579 879 595 873 596 873 597 873 614 880 615 880 616 880 671 873 674 873 677 873 709 879 710 879 711 879 729 873 730 873 732 873 794 880 795 880 795 880 796 880 807 873 829 873 830 861 830 836 793 830 792 830 771 834 767 835 766 834 753 823 752 823 751 823 704 823 703 823 702 823 670 832 660 835 649 832 625 823 624 823 587 823 586 823 558 830 540 834 534 829 526 822 525 822 524 822 523 822 522 822 504 829 490 835 384 835 339 827 338 827 337 827 317 834 259 834 241 823 240 822 239 822 238 822 237 822 236 822 233 823 209 833 181 823 180 823 179 823 178 823 167 828 157 821 156 821 155 821 77 820 77 858"/>
                        </Shape>
                        <String CONTENT=""/>
                    </TextLine>

                    <TextLine ID="line_16" HPOS="93" VPOS="871" WIDTH="768" HEIGHT="59" BASELINE="94 911 861 908" TAGREFS="TYPE_1">
                        <Shape>
                            <Polygon POINTS="94 911 94 922 131 928 132 928 165 923 167 923 168 923 186 930 187 930 188 930 189 930 209 923 212 923 330 923 333 924 346 930 347 930 348 930 349 930 365 925 368 924 373 925 395 929 396 929 397 929 406 925 412 922 416 925 420 928 421 928 422 928 423 928 424 928 430 925 439 922 486 926 520 928 521 928 522 928 528 926 538 922 609 922 630 927 637 928 638 928 645 927 667 921 685 927 688 928 689 928 690 929 860 929 861 908 859 880 806 880 805 879 787 871 786 871 785 871 784 871 765 879 763 879 751 879 671 873 670 873 669 873 661 878 658 879 656 878 641 871 640 871 620 871 619 871 618 871 617 871 606 877 600 881 483 881 468 876 452 872 451 872 394 872 393 872 392 872 383 875 372 881 354 881 346 875 342 873 341 873 340 873 284 873 283 873 282 873 281 873 278 874 266 881 232 874 223 873 222 873 221 873 220 873 218 874 205 882 175 882 159 873 156 873 155 873 154 873 93 873 94 911"/>
                        </Shape>
                        <String CONTENT=""/>
                    </TextLine>

                    <TextLine ID="line_17" HPOS="79" VPOS="920" WIDTH="780" HEIGHT="59" BASELINE="80 959 859 956" TAGREFS="TYPE_1">
                        <Shape>
                            <Polygon POINTS="80 959 80 970 157 970 175 979 176 979 177 979 249 971 263 970 291 971 398 978 399 978 431 973 442 971 449 973 462 977 463 977 463 977 464 977 475 973 486 970 551 974 586 976 587 976 600 974 641 969 689 975 705 977 706 977 859 976 859 956 856 929 763 929 760 928 742 920 741 920 740 920 696 927 685 929 682 927 672 920 671 920 670 920 640 920 639 920 638 920 617 927 615 927 611 927 574 921 573 921 551 926 533 931 482 931 466 926 451 921 450 921 449 921 448 921 434 925 421 930 415 925 410 921 409 921 408 921 359 921 358 921 357 921 350 925 345 927 335 925 325 922 324 922 323 922 322 922 321 922 318 924 307 932 264 932 254 924 252 922 251 922 250 922 235 922 234 922 233 922 228 924 202 931 168 923 161 922 160 922 152 923 116 931 79 923 80 959"/>
                        </Shape>
                        <String CONTENT=""/>
                    </TextLine>

                    <TextLine ID="line_18" HPOS="82" VPOS="966" WIDTH="775" HEIGHT="62" BASELINE="83 1005 857 1007" TAGREFS="TYPE_1">
                        <Shape>
                            <Polygon POINTS="83 1005 82 1016 149 1024 150 1024 151 1024 169 1019 197 1026 198 1026 198 1026 257 1019 260 1019 269 1025 270 1025 271 1025 272 1025 298 1024 299 1024 309 1020 313 1018 316 1020 326 1025 327 1025 328 1025 352 1020 364 1018 367 1021 370 1023 371 1023 372 1023 373 1023 394 1021 411 1019 415 1021 421 1026 422 1026 423 1026 424 1026 425 1026 426 1026 432 1021 435 1020 471 1022 508 1024 509 1024 517 1023 535 1019 548 1023 559 1027 560 1027 561 1027 588 1024 603 1022 619 1024 639 1027 640 1027 641 1027 647 1025 658 1020 716 1026 735 1027 736 1027 743 1026 771 1019 789 1027 790 1027 791 1027 792 1028 856 1028 857 1007 856 979 824 979 823 978 793 968 792 968 791 968 790 968 767 977 764 978 756 977 710 970 709 970 708 970 707 970 699 976 696 977 683 975 662 973 661 973 652 975 638 978 631 974 617 968 616 968 561 968 560 968 559 968 558 968 550 973 544 977 528 973 507 968 506 968 458 967 457 967 421 971 416 971 415 971 411 968 410 968 409 968 408 968 407 968 397 970 379 977 368 970 366 969 365 969 364 969 340 967 339 967 338 967 328 970 298 978 263 978 238 969 237 969 236 969 235 969 234 969 219 978 147 978 130 970 129 970 83 966 83 1005"/>
                        </Shape>
                        <String CONTENT=""/>
                    </TextLine>
</TextBlock>
                <TextBlock ID="textblock_3">
                    
                    <TextLine ID="line_19" HPOS="81" VPOS="1028" WIDTH="770" HEIGHT="54" BASELINE="82 1054 851 1058" TAGREFS="TYPE_1">
                        <Shape>
                            <Polygon POINTS="558 1044 548 1044 547 1044 538 1044 529 1044 519 1044 511 1044 509 1044 499 1044 490 1044 480 1044 470 1044 461 1044 451 1044 441 1044 431 1044 422 1044 412 1044 402 1044 393 1044 383 1044 373 1044 364 1044 354 1044 344 1044 334 1044 325 1044 315 1044 305 1044 296 1044 286 1044 276 1044 266 1044 257 1044 247 1044 237 1044 228 1044 218 1044 208 1044 198 1044 189 1044 179 1044 169 1044 160 1044 150 1044 140 1044 131 1044 121 1044 119 1037 82 1037 82 1054 81 1067 120 1068 132 1076 132 1076 133 1076 134 1076 179 1070 216 1076 217 1076 218 1076 229 1070 230 1070 231 1070 252 1078 253 1078 254 1078 296 1071 300 1071 303 1072 323 1079 324 1079 325 1079 326 1079 338 1072 339 1072 340 1072 359 1078 360 1078 361 1078 362 1078 378 1073 389 1070 410 1073 431 1077 432 1077 448 1074 455 1073 460 1074 474 1080 475 1080 476 1080 477 1080 488 1075 496 1071 594 1071 607 1077 608 1077 609 1077 610 1077 632 1071 651 1078 659 1081 660 1081 661 1082 850 1082 851 1058 850 1034 825 1029 579 1028 578 1028 577 1028 563 1035 559 1036 558 1044"/>
                        </Shape>
                        <String CONTENT=""/>
                    </TextLine>

                </TextBlock>
                <TextBlock ID="block_1" HPOS="118" VPOS="1076" WIDTH="464" HEIGHT="54" TAGREFS="TYPE_11">
                    <Shape>
                        <Polygon POINTS="118.80859375 1076.9373779296875 582.6773681640625 1076.9373779296875 582.6773681640625 1130.8253173828125 118.80859375 1130.8253173828125 118.80859375 1076.9373779296875"/>
                    </Shape>
                    <TextLine ID="line_20" HPOS="125" VPOS="1094" WIDTH="466" HEIGHT="37" BASELINE="126 1113 591 1111" TAGREFS="TYPE_1">
                        <Shape>
                            <Polygon POINTS="562 1094 555 1099 527 1094 523 1094 517 1094 511 1098 506 1094 503 1094 501 1094 496 1099 448 1099 442 1094 435 1094 434 1094 419 1098 414 1094 406 1094 397 1099 384 1094 377 1094 375 1094 354 1099 353 1099 335 1094 334 1094 333 1094 332 1094 331 1094 325 1099 323 1099 245 1094 244 1094 243 1094 231 1099 201 1094 200 1094 199 1094 198 1094 198 1095 193 1099 193 1100 176 1100 175 1100 155 1094 154 1094 153 1094 125 1099 126 1113 126 1122 145 1130 146 1130 147 1131 165 1131 165 1130 165 1130 166 1130 176 1122 178 1121 196 1122 297 1130 298 1130 298 1130 299 1130 299 1129 307 1122 319 1122 320 1122 354 1130 355 1130 356 1130 373 1122 377 1120 383 1122 397 1126 397 1126 398 1126 399 1126 407 1122 412 1120 449 1120 455 1122 476 1129 477 1129 478 1130 566 1130 566 1129 567 1129 591 1121 591 1111 590 1099 570 1094 562 1094"/>
                        </Shape>
                        <String CONTENT=""/>
                    </TextLine>
</TextBlock>
                <TextBlock ID="block_4" HPOS="72" VPOS="1127" WIDTH="803" HEIGHT="502" TAGREFS="TYPE_39">
                    <Shape>
                        <Polygon POINTS="72.5467758178711 1127.460693359375 875.6580810546875 1127.460693359375 875.6580810546875 1629.6177978515625 72.5467758178711 1629.6177978515625 72.5467758178711 1127.460693359375"/>
                    </Shape>
                    <TextLine ID="line_21" HPOS="117" VPOS="1117" WIDTH="743" HEIGHT="64" BASELINE="118 1162 860 1165" TAGREFS="TYPE_1">
                        <Shape>
                            <Polygon POINTS="117 1169 187 1177 188 1177 386 1173 481 1172 487 1175 493 1179 494 1179 495 1179 496 1179 496 1179 507 1175 514 1173 559 1173 565 1176 572 1179 573 1179 574 1179 589 1176 607 1173 614 1177 617 1179 618 1179 619 1179 620 1179 657 1177 711 1175 718 1178 720 1180 721 1180 722 1180 723 1181 790 1181 790 1180 795 1180 818 1175 858 1180 860 1165 857 1124 847 1129 833 1124 828 1122 828 1122 827 1122 814 1124 797 1126 789 1123 778 1120 777 1120 776 1120 775 1120 769 1123 754 1131 699 1131 687 1123 686 1123 685 1123 684 1123 683 1123 664 1128 656 1122 652 1119 651 1119 650 1119 649 1119 648 1119 638 1122 620 1127 605 1121 598 1119 597 1119 596 1119 596 1119 589 1121 574 1127 563 1121 558 1119 557 1119 556 1119 539 1121 493 1127 463 1120 457 1119 456 1119 455 1119 453 1120 434 1130 389 1130 371 1122 370 1122 369 1122 317 1126 307 1119 306 1119 305 1119 304 1119 303 1119 302 1119 288 1129 265 1129 247 1118 246 1117 245 1117 244 1117 190 1117 189 1117 188 1117 186 1117 155 1127 119 1117 118 1162 117 1169"/>
                        </Shape>
                        <String CONTENT=""/>
                    </TextLine>

                    <TextLine ID="line_22" HPOS="84" VPOS="1169" WIDTH="778" HEIGHT="61" BASELINE="84 1206 257 1213 862 1211" TAGREFS="TYPE_1">
                        <Shape>
                            <Polygon POINTS="84 1223 117 1223 120 1224 131 1229 132 1229 132 1229 133 1229 150 1224 154 1223 165 1224 215 1229 216 1230 273 1230 273 1229 274 1229 288 1225 295 1223 349 1223 360 1226 376 1229 377 1229 378 1229 404 1226 424 1223 438 1226 456 1229 457 1229 484 1227 511 1223 533 1227 551 1229 552 1230 599 1230 599 1229 600 1229 605 1228 614 1223 668 1228 693 1229 694 1229 861 1228 862 1211 861 1179 808 1169 807 1169 806 1169 783 1178 782 1178 781 1178 769 1170 768 1170 767 1170 766 1170 726 1177 718 1178 717 1177 706 1169 705 1169 704 1169 703 1169 655 1175 643 1169 642 1169 641 1169 640 1169 624 1176 619 1178 615 1176 605 1169 604 1169 603 1169 602 1169 601 1169 588 1174 544 1172 543 1172 542 1172 541 1172 537 1175 530 1179 494 1179 485 1174 474 1169 473 1169 472 1169 471 1169 457 1174 448 1177 444 1174 438 1169 437 1169 436 1169 416 1169 415 1169 414 1169 401 1173 389 1177 376 1173 364 1169 363 1169 362 1169 361 1169 360 1169 355 1173 347 1179 298 1179 289 1172 286 1169 285 1169 284 1169 257 1169 256 1169 255 1169 250 1171 236 1179 195 1179 185 1171 183 1169 182 1169 181 1169 180 1169 179 1169 174 1171 154 1177 84 1170 84 1206 84 1223"/>
                        </Shape>
                        <String CONTENT=""/>
                    </TextLine>

                    <TextLine ID="line_23" HPOS="79" VPOS="1221" WIDTH="784" HEIGHT="62" BASELINE="80 1256 863 1262" TAGREFS="TYPE_1">
                        <Shape>
                            <Polygon POINTS="80 1256 79 1267 110 1277 111 1277 112 1277 113 1277 132 1269 193 1278 194 1278 227 1272 235 1278 236 1278 237 1278 238 1278 285 1273 313 1278 314 1278 315 1278 326 1273 344 1279 345 1279 346 1279 347 1279 364 1271 390 1271 425 1280 426 1280 528 1281 529 1281 566 1273 604 1278 605 1278 606 1278 607 1278 614 1273 673 1278 674 1278 767 1275 791 1283 792 1283 793 1283 862 1274 863 1262 863 1232 839 1227 838 1227 837 1227 836 1227 835 1227 828 1232 827 1233 730 1233 726 1231 711 1224 710 1224 644 1223 643 1223 587 1228 571 1223 570 1223 569 1223 568 1223 554 1229 548 1232 503 1232 497 1229 486 1225 485 1225 484 1225 483 1225 472 1229 469 1230 466 1229 456 1222 455 1222 454 1222 453 1222 417 1228 406 1230 394 1228 357 1221 356 1221 312 1222 311 1222 300 1228 296 1230 231 1230 221 1227 203 1221 202 1221 201 1221 200 1221 186 1227 179 1228 80 1226 80 1256"/>
                        </Shape>
                        <String CONTENT=""/>
                    </TextLine>

                    <TextLine ID="line_24" HPOS="76" VPOS="1271" WIDTH="788" HEIGHT="60" BASELINE="77 1304 244 1310 864 1311" TAGREFS="TYPE_1">
                        <Shape>
                            <Polygon POINTS="77 1304 76 1318 159 1319 180 1327 181 1327 182 1327 219 1324 234 1328 235 1328 236 1328 282 1320 356 1329 357 1329 418 1321 451 1329 452 1329 453 1329 483 1325 496 1329 496 1329 497 1330 569 1330 569 1329 570 1329 571 1329 580 1324 611 1330 612 1331 642 1331 642 1330 643 1330 656 1324 663 1330 664 1330 665 1330 666 1331 725 1331 725 1330 726 1330 747 1322 767 1322 781 1329 782 1329 783 1329 784 1329 785 1329 814 1322 863 1322 864 1311 864 1282 854 1277 853 1277 852 1277 828 1282 802 1273 801 1273 706 1273 705 1273 704 1273 703 1273 691 1282 690 1283 650 1283 648 1281 635 1273 634 1273 633 1273 632 1273 631 1273 604 1281 603 1281 579 1281 559 1281 543 1273 542 1273 541 1273 540 1273 525 1281 523 1282 463 1282 458 1280 423 1272 422 1272 389 1280 387 1280 385 1280 365 1273 364 1273 364 1273 298 1279 285 1280 279 1279 246 1271 245 1271 244 1271 219 1278 212 1281 139 1281 134 1278 124 1273 123 1273 122 1273 77 1277 77 1304"/>
                        </Shape>
                        <String CONTENT=""/>
                    </TextLine>

                    <TextLine ID="line_25" HPOS="68" VPOS="1316" WIDTH="796" HEIGHT="64" BASELINE="68 1356 864 1360" TAGREFS="TYPE_1">
                        <Shape>
                            <Polygon POINTS="68 1356 69 1375 94 1367 116 1375 121 1377 122 1377 123 1377 159 1375 205 1373 225 1375 245 1378 246 1378 247 1378 248 1378 252 1375 258 1372 288 1375 289 1375 290 1375 291 1375 332 1368 368 1375 388 1379 389 1380 463 1380 463 1379 463 1379 474 1375 494 1369 508 1369 518 1375 522 1379 523 1379 524 1379 525 1379 526 1379 536 1375 553 1370 862 1375 864 1360 863 1321 831 1321 830 1321 829 1321 804 1332 749 1331 732 1321 731 1321 730 1321 729 1321 728 1321 706 1332 660 1326 659 1326 625 1331 602 1320 601 1320 600 1320 549 1331 520 1320 519 1320 518 1320 517 1320 501 1325 489 1319 488 1319 487 1319 486 1319 438 1331 409 1331 392 1319 391 1319 390 1319 389 1319 388 1319 371 1327 314 1318 313 1318 312 1318 275 1330 228 1330 199 1329 180 1317 179 1317 178 1317 144 1317 143 1317 142 1317 132 1323 120 1317 119 1317 68 1316 68 1356"/>
                        </Shape>
                        <String CONTENT=""/>
                    </TextLine>

                    <TextLine ID="line_26" HPOS="66" VPOS="1370" WIDTH="798" HEIGHT="58" BASELINE="67 1405 864 1408" TAGREFS="TYPE_1">
                        <Shape>
                            <Polygon POINTS="67 1405 66 1418 116 1423 117 1423 118 1423 130 1419 133 1419 239 1423 240 1423 298 1419 308 1419 311 1419 332 1426 333 1426 334 1427 429 1427 429 1426 430 1426 430 1426 439 1420 457 1426 458 1426 459 1426 594 1421 596 1421 613 1426 614 1426 677 1427 678 1427 679 1427 680 1427 690 1421 691 1421 764 1421 766 1421 776 1427 777 1427 778 1427 779 1428 829 1428 829 1427 830 1427 831 1427 838 1422 854 1427 855 1427 856 1427 857 1427 858 1427 863 1422 864 1408 862 1373 808 1374 807 1374 790 1383 777 1383 764 1373 763 1372 762 1372 761 1372 671 1372 670 1372 669 1372 668 1372 666 1373 651 1383 637 1383 625 1374 623 1372 622 1372 621 1372 620 1372 610 1374 580 1381 563 1374 556 1371 555 1371 554 1371 553 1371 547 1374 534 1381 523 1374 516 1371 515 1371 514 1371 513 1371 499 1374 473 1381 372 1380 365 1375 360 1371 359 1371 358 1371 332 1370 331 1370 302 1375 277 1381 167 1381 150 1376 123 1370 122 1370 121 1370 104 1376 95 1380 67 1377 67 1405"/>
                        </Shape>
                        <String CONTENT=""/>
                    </TextLine>

                    <TextLine ID="line_27" HPOS="67" VPOS="1418" WIDTH="797" HEIGHT="60" BASELINE="67 1455 864 1456" TAGREFS="TYPE_1">
                        <Shape>
                            <Polygon POINTS="67 1455 67 1466 96 1465 102 1467 128 1474 129 1474 130 1474 188 1469 205 1476 206 1476 207 1477 308 1477 308 1476 309 1476 310 1476 321 1468 346 1472 347 1472 368 1468 377 1466 385 1468 417 1476 418 1476 419 1476 420 1476 421 1476 432 1468 434 1467 437 1468 446 1471 447 1471 448 1471 449 1471 456 1468 463 1465 479 1468 524 1477 525 1478 596 1478 596 1477 596 1477 597 1477 610 1469 615 1466 715 1466 726 1469 735 1472 736 1472 737 1472 738 1472 744 1469 751 1466 789 1466 794 1469 798 1473 799 1473 800 1473 801 1473 802 1473 809 1469 816 1466 862 1469 864 1456 863 1430 798 1430 798 1429 788 1422 787 1422 786 1422 785 1422 751 1425 732 1419 731 1419 662 1419 661 1419 660 1419 634 1426 623 1419 622 1419 621 1419 559 1419 558 1419 557 1419 533 1429 532 1430 480 1430 478 1429 457 1418 456 1418 390 1418 389 1418 388 1418 357 1428 356 1428 325 1422 324 1422 323 1422 312 1426 291 1419 290 1419 289 1419 288 1419 251 1428 249 1429 233 1429 232 1428 219 1420 218 1420 217 1420 216 1420 215 1420 195 1425 152 1420 151 1420 150 1420 125 1428 67 1428 67 1455"/>
                        </Shape>
                        <String CONTENT=""/>
                    </TextLine>

                    <TextLine ID="line_28" HPOS="69" VPOS="1463" WIDTH="798" HEIGHT="60" BASELINE="69 1500 216 1505 867 1503" TAGREFS="TYPE_1">
                        <Shape>
                            <Polygon POINTS="69 1515 165 1522 165 1522 382 1515 408 1515 415 1515 470 1522 471 1523 535 1523 535 1522 567 1515 570 1515 572 1515 587 1521 588 1521 589 1521 590 1521 614 1515 618 1515 622 1515 663 1522 664 1522 713 1515 718 1515 721 1515 746 1522 747 1522 748 1522 749 1522 750 1522 758 1517 789 1520 790 1520 866 1515 867 1503 864 1463 788 1464 787 1464 786 1464 765 1477 738 1470 737 1470 736 1470 660 1477 642 1464 641 1464 640 1464 619 1464 618 1464 617 1464 592 1478 535 1478 517 1464 516 1464 515 1464 462 1464 461 1464 460 1464 459 1464 441 1478 364 1478 345 1464 344 1464 343 1464 324 1464 323 1464 322 1464 293 1477 247 1477 228 1470 227 1470 226 1470 225 1470 224 1470 212 1478 182 1478 156 1464 155 1464 154 1464 124 1471 106 1464 105 1464 69 1464 69 1500 69 1515"/>
                        </Shape>
                        <String CONTENT=""/>
                    </TextLine>

                    <TextLine ID="line_29" HPOS="74" VPOS="1514" WIDTH="796" HEIGHT="59" BASELINE="74 1552 870 1554" TAGREFS="TYPE_1">
                        <Shape>
                            <Polygon POINTS="74 1552 74 1569 108 1564 139 1569 147 1570 148 1570 191 1569 333 1564 341 1568 347 1571 348 1571 349 1572 395 1572 395 1571 396 1571 397 1571 400 1568 404 1565 419 1568 438 1571 439 1571 465 1568 485 1565 496 1567 513 1571 514 1571 515 1571 516 1571 520 1567 524 1565 594 1565 606 1567 636 1572 637 1573 692 1573 692 1572 693 1572 694 1572 701 1566 702 1566 707 1566 756 1572 757 1572 758 1572 759 1572 766 1566 767 1566 869 1566 870 1554 870 1527 849 1521 848 1521 847 1521 744 1526 728 1526 728 1526 706 1516 705 1516 704 1516 661 1522 646 1516 645 1516 605 1515 555 1515 554 1515 553 1515 530 1524 528 1526 494 1526 491 1524 470 1515 469 1515 424 1515 423 1515 422 1515 405 1523 401 1525 331 1525 327 1522 313 1514 312 1514 311 1514 275 1514 274 1514 273 1514 272 1514 260 1521 209 1517 208 1517 207 1517 206 1517 199 1521 196 1525 169 1525 163 1521 145 1514 144 1514 143 1514 142 1514 123 1521 115 1524 74 1521 74 1552"/>
                        </Shape>
                        <String CONTENT=""/>
                    </TextLine>

                    <TextLine ID="line_30" HPOS="70" VPOS="1565" WIDTH="798" HEIGHT="67" BASELINE="71 1600 868 1606" TAGREFS="TYPE_1">
                        <Shape>
                            <Polygon POINTS="71 1600 70 1617 85 1617 90 1618 117 1628 118 1628 119 1628 198 1624 231 1629 232 1629 233 1629 234 1629 248 1619 252 1616 278 1616 285 1619 303 1627 304 1627 305 1627 349 1619 354 1618 356 1619 380 1630 381 1630 382 1630 446 1626 501 1631 502 1631 503 1631 504 1631 520 1619 526 1619 539 1618 541 1619 567 1631 568 1631 569 1631 601 1626 614 1632 615 1632 616 1632 617 1632 636 1623 693 1625 694 1625 695 1625 695 1625 702 1619 703 1619 730 1619 761 1619 776 1627 777 1627 778 1627 779 1627 792 1620 855 1625 856 1625 857 1625 867 1619 868 1606 868 1580 793 1570 792 1570 751 1578 603 1578 575 1568 574 1568 573 1568 492 1576 450 1567 348 1567 347 1567 346 1567 336 1572 315 1568 314 1568 313 1568 291 1574 273 1567 272 1567 271 1567 214 1574 95 1565 94 1565 93 1565 71 1573 71 1600"/>
                        </Shape>
                        <String CONTENT=""/>
                    </TextLine>
</TextBlock>
            </PrintSpace>
        </Page>
    </Layout>
</alto>