<?xml version="1.0" encoding="UTF-8"?>
<alto xmlns:xsi="http://www.w3.org/2001/XMLSchema-instance"
      xmlns="http://www.loc.gov/standards/alto/ns-v4#"
      xsi:schemaLocation="http://www.loc.gov/standards/alto/ns-v4# http://www.loc.gov/standards/alto/v4/alto-4-2.xsd">
  <Description>
    <MeasurementUnit>pixel</MeasurementUnit>
    <sourceImageInformation>
      <fileName>952826.jpg</fileName>
    </sourceImageInformation>
  </Description>
  <Tags>
    <OtherTag ID="BT7" LABEL="CustomZone" DESCRIPTION="block type CustomZone"/><OtherTag ID="BT8" LABEL="DamageZone" DESCRIPTION="block type DamageZone"/><OtherTag ID="BT9" LABEL="DigitizationArtefactZone" DESCRIPTION="block type DigitizationArtefactZone"/><OtherTag ID="BT10" LABEL="DropCapitalZone" DESCRIPTION="block type DropCapitalZone"/><OtherTag ID="BT11" LABEL="GraphicZone" DESCRIPTION="block type GraphicZone"/><OtherTag ID="BT12" LABEL="MainZone" DESCRIPTION="block type MainZone"/><OtherTag ID="BT13" LABEL="MarginTextZone" DESCRIPTION="block type MarginTextZone"/><OtherTag ID="BT14" LABEL="MusicZone" DESCRIPTION="block type MusicZone"/><OtherTag ID="BT15" LABEL="NumberingZone" DESCRIPTION="block type NumberingZone"/><OtherTag ID="BT17" LABEL="QuireMarksZone" DESCRIPTION="block type QuireMarksZone"/><OtherTag ID="BT18" LABEL="RunningTitleZone" DESCRIPTION="block type RunningTitleZone"/><OtherTag ID="BT19" LABEL="SealZone" DESCRIPTION="block type SealZone"/><OtherTag ID="BT20" LABEL="StampZone" DESCRIPTION="block type StampZone"/><OtherTag ID="BT21" LABEL="TableZone" DESCRIPTION="block type TableZone"/><OtherTag ID="BT22" LABEL="TitlePageZone" DESCRIPTION="block type TitlePageZone"/><OtherTag ID="BT3108" LABEL="MainZone-P-Continued" DESCRIPTION="block type MainZone-P-Continued"/><OtherTag ID="BT3109" LABEL="MainZone-P" DESCRIPTION="block type MainZone-P"/><OtherTag ID="BT3110" LABEL="MainZone-Sp-Continued" DESCRIPTION="block type MainZone-Sp-Continued"/><OtherTag ID="BT3111" LABEL="MainZone-Sp" DESCRIPTION="block type MainZone-Sp"/><OtherTag ID="BT3112" LABEL="MainZone-Head" DESCRIPTION="block type MainZone-Head"/><OtherTag ID="BT3115" LABEL="MainZone-Entry" DESCRIPTION="block type MainZone-Entry"/>
    <OtherTag ID="LT7" LABEL="CustomLine" DESCRIPTION="line type CustomLine"/><OtherTag ID="LT8" LABEL="DefaultLine" DESCRIPTION="line type DefaultLine"/><OtherTag ID="LT9" LABEL="DropCapitalLine" DESCRIPTION="line type DropCapitalLine"/><OtherTag ID="LT10" LABEL="HeadingLine" DESCRIPTION="line type HeadingLine"/><OtherTag ID="LT11" LABEL="InterlinearLine" DESCRIPTION="line type InterlinearLine"/><OtherTag ID="LT12" LABEL="MusicLine" DESCRIPTION="line type MusicLine"/>
  </Tags>
  <Layout>
    <Page WIDTH="1000"
          HEIGHT="1490"
          PHYSICAL_IMG_NR="21"
          ID="eSc_dummypage_">
      <PrintSpace HPOS="0"
                  VPOS="0"
                  WIDTH="1000"
                  HEIGHT="1490">
        <TextBlock HPOS="294"
                   VPOS="124"
                   WIDTH="52"
                   HEIGHT="43"
                   ID="eSc_textblock_e0ec6d01"
                   TAGREFS="BT15">
          <Shape><Polygon POINTS="294 124 294 167 346 167 346 124"/></Shape>
          <TextLine ID="line_0"
                    TAGREFS="LT8"
                    BASELINE="302 148 337 149" 
                    HPOS="301"
                    VPOS="112"
                    WIDTH="35"
                    HEIGHT="59">
            <Shape><Polygon POINTS="301 170 335 171 336 147 336 117 301 112 301 147"/></Shape>
            <String CONTENT="62"
                    HPOS="301"
                    VPOS="112"
                    WIDTH="35"
                    HEIGHT="59"
                    WC="0.9999973177909851"></String>
          </TextLine>
        </TextBlock>
        <TextBlock HPOS="364"
                   VPOS="120"
                   WIDTH="466"
                   HEIGHT="56"
                   ID="block_0"
                   TAGREFS="BT18">
          <Shape><Polygon POINTS="830 120 830 176 364 167 368 120"/></Shape>
          <TextLine ID="eSc_line_3b45db04"
                    TAGREFS="LT8"
                    BASELINE="378 150 492 152 672 162 826 165" 
                    HPOS="376"
                    VPOS="120"
                    WIDTH="448"
                    HEIGHT="55">
            <Shape><Polygon POINTS="539 120 526 120 514 120 501 120 489 120 477 120 464 120 452 120 439 120 427 120 414 120 402 120 390 120 377 120 377 149 376 160 822 175 824 163 824 135 720 124 719 124 686 130 672 122 670 122 669 122 616 127 541 120 539 120"/></Shape>
            <String CONTENT="COMMEN. IN PRIOREM"
                    HPOS="376"
                    VPOS="120"
                    WIDTH="448"
                    HEIGHT="55"
                    WC="0.9997777541478475"></String>
          </TextLine>
        </TextBlock>
        <TextBlock HPOS="295"
                   VPOS="180"
                   WIDTH="622"
                   HEIGHT="199"
                   ID="block_4"
                   TAGREFS="BT3108">
          <Shape><Polygon POINTS="917 180 917 379 295 370 312 180"/></Shape>
          <TextLine ID="line_1"
                    TAGREFS="LT8"
                    BASELINE="318 202 448 205 918 224" 
                    HPOS="317.0"
                    VPOS="169.0"
                    WIDTH="601.0"
                    HEIGHT="69.0">
            <Shape><Polygon POINTS="757 194 756 192 753 192 735 186 728 183 727 183 726 183 672 184 635 185 629 183 620 180 620 180 619 180 603 182 584 186 578 182 571 177 570 177 569 177 568 177 567 177 557 181 549 184 476 182 458 182 453 178 444 172 443 172 442 172 442 172 419 176 390 169 389 169 389 169 373 176 370 177 319 175 318 202 317 210 349 216 350 216 350 216 361 212 423 214 449 222 450 222 451 222 451 222 452 222 458 218 462 222 463 222 464 222 465 222 492 219 518 225 519 225 519 225 520 225 527 221 575 221 576 221 587 227 588 227 589 227 590 227 674 226 705 232 706 232 742 227 749 233 749 234 750 234 750 234 751 234 752 234 764 230 789 235 790 235 791 235 807 230 816 236 817 236 817 236 853 238 854 238 917 233 918 224 918 192 884 189 884 189 875 190 837 196 822 188 817 186 816 186 784 185 783 185 783 185 782 185 778 187 772 192 757 192 757 194"/></Shape>
            <String CONTENT="excellentiam, non colloquium tulißet, niſi in grati¬"
                    HPOS="317.0"
                    VPOS="169.0"
                    WIDTH="601.0"
                    HEIGHT="69.0"
                    ></String>
          </TextLine>
          <TextLine ID="line_2"
                    TAGREFS="LT8"
                    BASELINE="317 242 450 245 849 263 917 262" 
                    HPOS="317.0"
                    VPOS="215.0"
                    WIDTH="600.0"
                    HEIGHT="62.0">
            <Shape><Polygon POINTS="317 242 317 251 430 254 439 256 461 261 462 261 483 258 490 257 494 258 505 263 506 263 507 263 559 260 574 260 576 261 581 266 582 266 583 266 584 266 606 263 611 262 621 263 677 270 678 270 765 269 771 269 772 269 778 273 778 274 778 274 779 274 836 277 837 277 916 273 917 262 916 241 831 234 831 234 807 236 800 237 796 236 778 230 777 230 776 230 748 234 743 235 735 234 706 228 705 228 684 231 680 232 677 231 659 225 658 225 617 224 616 224 615 224 601 228 599 229 596 228 578 221 577 221 576 221 547 225 539 220 538 220 538 220 537 220 511 225 509 225 460 224 459 222 452 217 452 216 451 216 451 216 450 216 427 221 420 216 420 215 419 215 418 215 418 215 317 216 317 242"/></Shape>
            <String CONTENT="am mulieris, conſortis, amicæ, cui cum hæc placere"
                    HPOS="317.0"
                    VPOS="215.0"
                    WIDTH="600.0"
                    HEIGHT="62.0"
                    WC="0.9930361366271973"></String>
          </TextLine>
          <TextLine ID="line_3"
                    TAGREFS="LT8"
                    BASELINE="315 281 914 302" 
                    HPOS="314.0"
                    VPOS="251.0"
                    WIDTH="600.0"
                    HEIGHT="63.0">
            <Shape><Polygon POINTS="315 281 314 290 342 296 343 296 399 294 408 300 409 300 410 300 411 300 503 299 514 303 514 303 515 303 540 299 543 299 546 299 591 307 591 307 611 302 615 302 626 302 706 311 707 311 757 307 765 307 768 308 781 313 782 313 783 314 913 314 914 302 914 280 806 278 803 276 794 271 793 271 793 271 792 271 791 271 785 275 784 276 753 276 750 274 730 265 730 265 729 265 728 265 709 273 707 273 699 273 667 269 666 269 644 271 641 271 639 271 615 261 614 261 613 261 586 264 544 259 543 259 524 262 514 258 513 258 512 258 511 258 491 265 453 255 452 255 451 255 451 255 433 259 372 259 362 252 361 252 360 252 337 251 336 251 336 251 315 259 315 281"/></Shape>
            <String CONTENT="uideret, Adam, delitias ſuas contriſtare non pote¬"
                    HPOS="314.0"
                    VPOS="251.0"
                    WIDTH="600.0"
                    HEIGHT="63.0"
                    WC="0.9897063934803009"></String>
          </TextLine>
          <TextLine ID="line_4"
                    TAGREFS="LT8"
                    BASELINE="315 321 489 325 837 341 913 341" 
                    HPOS="314.0"
                    VPOS="312.0"
                    WIDTH="599.0"
                    HEIGHT="45.0">
            <Shape><Polygon POINTS="754 317 745 314 737 314 729 314 721 314 712 314 704 314 701 314 700 316 697 317 692 316 686 314 679 314 671 314 663 314 654 314 646 314 638 314 629 314 621 314 613 314 605 314 596 314 588 314 580 314 572 314 563 314 555 314 547 314 538 314 530 314 522 314 514 314 505 314 497 314 489 314 480 314 472 314 464 314 456 314 447 314 439 314 431 314 423 314 414 314 406 314 398 314 389 314 381 314 373 314 365 314 356 314 348 314 347 314 315 321 314 329 370 338 370 338 371 338 390 333 434 341 435 341 528 339 550 346 551 346 552 346 578 341 579 341 597 347 598 347 599 347 640 343 642 343 649 349 649 350 650 350 651 350 688 350 689 350 690 350 691 350 698 346 699 346 778 348 779 349 784 353 785 353 786 353 787 353 788 353 801 350 802 350 802 350 831 357 831 357 832 357 912 354 913 341 913 321 860 317 860 317 859 317 858 317 855 319 853 321 850 319 847 317 846 317 846 317 845 317 844 317 836 319 829 321 826 318 822 316 822 315 822 315 821 315 755 312 754 317"/></Shape>
            <String CONTENT="rat, ſed acquieuit roganti mulieri attendens, præceᛘ"
                    HPOS="314.0"
                    VPOS="312.0"
                    WIDTH="599.0"
                    HEIGHT="45.0"
                    ></String>
          </TextLine>
          <TextLine ID="line_5"
                    TAGREFS="LT8"
                    BASELINE="317 362 657 371" 
                    HPOS="316.0"
                    VPOS="339.0"
                    WIDTH="341.0"
                    HEIGHT="43.0">
            <Shape><Polygon POINTS="532 339 531 339 530 339 509 342 504 343 502 342 497 339 490 339 483 341 481 342 479 341 469 339 466 339 457 339 453 339 446 341 441 341 433 341 424 339 424 339 416 339 408 339 399 339 391 339 383 339 375 339 366 339 358 339 350 339 341 339 333 339 325 339 317 339 317 362 316 376 385 379 386 379 393 377 408 374 417 378 421 379 422 379 423 379 442 378 470 375 475 378 479 381 480 381 480 381 507 382 508 382 509 382 519 379 523 378 525 379 536 382 537 382 538 382 656 379 657 371 657 347 622 341 621 341 604 346 601 346 536 344 536 343 533 340 533 340 533 339 532 339"/></Shape>
            <String CONTENT="pti oblitus &amp; parum curius."
                    HPOS="316.0"
                    VPOS="339.0"
                    WIDTH="341.0"
                    HEIGHT="43.0"
                    WC="0.9944672231320981"></String>
          </TextLine>
        </TextBlock>
        <TextBlock HPOS="275"
                   VPOS="377"
                   WIDTH="648"
                   HEIGHT="798"
                   ID="block_1"
                   TAGREFS="BT3109">
          <Shape><Polygon POINTS="923 396 916 1175 275 1169 298 377"/></Shape>
          <TextLine ID="line_6"
                    TAGREFS="LT8"
                    BASELINE="346 402 529 406 791 418 906 419" 
                    HPOS="346.0"
                    VPOS="370.0"
                    WIDTH="560.0"
                    HEIGHT="64.0">
            <Shape><Polygon POINTS="346 402 346 409 378 416 379 416 413 413 416 413 418 413 439 418 440 418 441 418 460 415 463 414 467 415 486 420 487 420 488 420 504 417 509 416 515 418 533 422 533 422 572 422 572 422 573 422 574 422 577 420 581 418 616 419 620 422 625 425 625 425 626 425 627 425 639 422 650 421 675 424 699 427 700 427 750 427 835 427 904 434 906 419 906 394 895 394 894 394 886 386 885 386 884 386 884 386 840 390 816 384 815 384 814 384 813 384 794 390 791 391 735 389 734 388 722 382 721 382 721 382 689 386 672 379 671 379 615 377 615 377 586 383 583 384 580 383 560 376 559 376 558 376 527 378 519 374 518 374 517 374 491 379 480 374 480 374 479 374 478 374 466 379 451 371 450 371 449 371 448 371 433 377 415 370 414 370 413 370 384 376 384 376 375 370 374 370 373 370 372 370 371 370 370 370 364 375 346 375 346 402"/></Shape>
            <String CONTENT="Mulier ſeducta, obnoxia facta eſt præuaricatiõi ]"
                    HPOS="346.0"
                    VPOS="370.0"
                    WIDTH="560.0"
                    HEIGHT="64.0"
                    ></String>
          </TextLine>
          <TextLine ID="line_7"
                    TAGREFS="LT8"
                    BASELINE="346 443 449 443 755 456 909 458" 
                    HPOS="345.0"
                    VPOS="409.0"
                    WIDTH="564.0"
                    HEIGHT="66.0">
            <Shape><Polygon POINTS="346 443 345 449 424 456 425 456 456 453 457 453 458 453 463 457 464 457 465 457 466 457 509 455 512 455 513 455 539 463 540 463 541 464 573 464 573 463 574 463 588 457 589 457 622 458 646 459 662 467 663 467 663 467 664 467 681 461 711 469 711 469 712 469 855 467 883 475 884 475 884 475 885 475 908 467 909 458 909 435 879 427 878 427 877 427 876 427 869 433 868 433 844 427 843 427 842 427 816 432 813 432 811 432 763 422 762 422 728 428 706 424 705 424 704 424 698 427 691 422 690 422 689 422 688 422 667 427 666 427 665 427 641 418 640 418 620 418 619 418 618 418 617 418 609 425 598 425 589 417 588 417 587 417 586 417 586 417 568 422 548 416 547 416 546 416 545 416 528 422 511 414 510 414 509 414 509 414 508 414 498 421 469 421 394 410 393 410 392 410 391 410 382 417 368 409 367 409 366 409 365 409 346 416 346 443"/></Shape>
            <String CONTENT="Seducta mendacijs, inuidia, dolo, blaſphemia diaᛘ"
                    HPOS="345.0"
                    VPOS="409.0"
                    WIDTH="564.0"
                    HEIGHT="66.0"
                    ></String>
          </TextLine>
          <TextLine ID="line_8"
                    TAGREFS="LT8"
                    BASELINE="310 480 910 499" 
                    HPOS="309.0"
                    VPOS="448.0"
                    WIDTH="601.0"
                    HEIGHT="61.0">
            <Shape><Polygon POINTS="756 493 752 471 744 471 740 467 731 461 730 461 730 461 729 461 697 466 687 466 675 465 646 459 645 459 644 459 644 459 639 463 634 466 616 466 611 461 605 457 605 457 604 457 572 456 571 456 554 459 528 463 506 456 497 454 496 454 495 454 471 455 399 459 372 451 370 450 369 450 311 448 310 480 309 492 384 492 399 495 413 499 414 499 415 499 422 496 428 494 463 494 468 497 472 500 473 500 474 500 475 500 494 498 508 496 539 499 596 504 597 504 615 501 621 499 624 501 628 504 628 505 629 505 629 505 630 505 650 502 653 501 655 502 660 506 661 506 662 506 663 506 692 503 701 502 702 503 710 508 711 508 711 508 712 508 746 504 753 509 754 509 754 509 755 509 909 508 910 499 910 475 869 472 861 466 860 466 860 466 859 466 858 466 841 472 839 472 796 472 793 470 788 465 787 465 786 465 785 465 784 465 783 465 778 469 776 471 762 471 756 493"/></Shape>
            <String CONTENT="boli &amp; permißione, diſpenſatione́ diuina. Non¬"
                    HPOS="309.0"
                    VPOS="448.0"
                    WIDTH="601.0"
                    HEIGHT="61.0"
                    WC="0.9956138996367759"></String>
          </TextLine>
          <TextLine ID="line_9"
                    TAGREFS="LT8"
                    BASELINE="310 519 911 538" 
                    HPOS="309.0"
                    VPOS="490.0"
                    WIDTH="602.0"
                    HEIGHT="62.0">
            <Shape><Polygon POINTS="756 532 752 510 736 510 730 508 718 504 717 504 716 504 669 505 642 506 633 504 605 498 605 498 604 498 587 503 578 504 554 503 553 501 548 497 548 496 548 496 547 496 546 496 526 499 492 495 491 495 490 495 480 498 476 499 475 498 471 495 471 494 470 494 469 494 468 494 433 496 423 497 410 495 376 491 375 491 361 494 344 497 339 493 335 490 334 490 333 490 332 490 310 491 310 519 309 533 372 532 391 537 399 538 399 538 400 538 401 538 402 538 404 537 411 533 427 538 435 539 436 539 437 539 447 538 466 534 480 538 491 542 492 542 493 542 531 539 566 538 578 541 596 545 596 545 597 546 628 546 628 545 629 545 635 542 639 540 701 541 714 543 754 550 754 550 778 546 806 551 807 551 807 551 817 547 831 552 831 552 832 552 910 547 911 538 911 514 897 510 896 510 895 510 868 513 858 506 857 506 856 506 855 506 820 511 814 512 761 510 756 532"/></Shape>
            <String CONTENT="dum iuſta, ſed iuſticiæ originem nacta, qua proficere"
                    HPOS="309.0"
                    VPOS="490.0"
                    WIDTH="602.0"
                    HEIGHT="62.0"
                    WC="0.9907238472182796"></String>
          </TextLine>
          <TextLine ID="line_10"
                    TAGREFS="LT8"
                    BASELINE="309 558 908 577" 
                    HPOS="308.0"
                    VPOS="528.0"
                    WIDTH="600.0"
                    HEIGHT="61.0">
            <Shape><Polygon POINTS="309 558 308 568 366 576 367 576 437 573 438 573 439 573 464 580 465 580 466 580 466 580 487 575 501 581 502 581 503 581 538 578 543 582 543 582 544 582 545 582 546 582 560 577 595 584 596 584 596 584 615 579 615 579 672 580 673 581 698 587 699 587 700 587 723 582 725 582 727 582 750 589 751 589 752 589 908 588 908 577 908 555 827 547 826 547 826 547 825 547 818 552 817 552 780 552 779 551 772 544 771 544 770 544 769 544 735 549 733 549 731 549 701 540 700 540 699 540 657 543 650 538 649 538 649 538 648 538 647 538 622 545 610 545 586 545 586 544 572 536 571 536 570 536 569 536 523 543 519 543 516 543 478 534 477 534 476 534 459 540 442 536 442 536 441 536 425 539 424 539 423 539 388 530 387 530 386 530 385 530 365 538 356 529 355 529 355 529 336 528 335 528 334 528 309 535 309 558"/></Shape>
            <String CONTENT="debuißet et progredi, gracia dei præſente, et præᛘ"
                    HPOS="308.0"
                    VPOS="528.0"
                    WIDTH="600.0"
                    HEIGHT="61.0"
                    ></String>
          </TextLine>
          <TextLine ID="line_11"
                    TAGREFS="LT8"
                    BASELINE="307 598 908 617" 
                    HPOS="307.0"
                    VPOS="571.0"
                    WIDTH="601.0"
                    HEIGHT="60.0">
            <Shape><Polygon POINTS="307 598 307 606 332 615 333 615 334 615 376 610 402 610 413 617 414 617 415 617 416 617 442 612 515 613 543 621 543 621 544 621 572 618 577 622 578 622 579 622 580 622 620 617 672 625 673 625 745 621 755 628 756 628 757 628 758 628 794 624 880 631 881 631 907 625 908 617 908 593 814 591 813 591 803 586 802 586 802 586 742 588 737 588 736 588 725 582 725 582 724 582 723 582 705 587 702 587 700 587 673 581 673 581 605 584 596 584 592 583 570 577 569 577 568 577 524 581 518 581 511 581 471 575 470 575 447 579 446 579 439 574 438 574 437 574 437 574 436 574 424 578 423 578 352 576 351 576 346 571 346 571 345 571 344 571 343 571 336 576 335 576 307 575 307 598"/></Shape>
            <String CONTENT="cepto acepto retroceßit, tranſgreßa mandatum et"
                    HPOS="307.0"
                    VPOS="571.0"
                    WIDTH="601.0"
                    HEIGHT="60.0"
                    WC="0.9982909179748373"></String>
          </TextLine>
          <TextLine ID="line_12"
                    TAGREFS="LT8"
                    BASELINE="304 637 908 656" 
                    HPOS="304.0"
                    VPOS="610.0"
                    WIDTH="604.0"
                    HEIGHT="60.0">
            <Shape><Polygon POINTS="304 637 304 652 318 648 354 653 363 654 364 654 365 654 366 653 375 649 405 654 408 654 408 654 410 654 434 651 444 655 448 657 449 657 450 657 451 657 454 655 461 652 548 654 552 658 553 659 554 659 555 659 556 659 557 659 560 658 566 655 577 658 591 662 592 662 593 662 613 659 617 658 618 659 620 662 620 662 620 663 621 663 622 663 623 663 653 660 670 658 678 660 697 665 697 665 698 665 699 665 710 661 712 660 714 661 721 666 722 666 723 666 724 666 744 662 749 661 754 662 775 668 776 668 777 668 778 668 788 663 801 668 802 668 855 670 855 670 907 665 908 656 908 634 841 632 817 623 816 623 815 623 814 623 795 629 744 620 743 620 718 625 685 621 684 621 644 624 635 617 634 617 634 617 595 616 594 616 565 623 563 623 545 623 527 614 526 614 525 614 495 620 461 614 460 614 418 616 409 610 408 610 408 610 407 610 304 615 304 637"/></Shape>
            <String CONTENT="uerbis dei non credens, ſed primo infidelitatis pecᛘ"
                    HPOS="304.0"
                    VPOS="610.0"
                    WIDTH="604.0"
                    HEIGHT="60.0"
                    WC="0.9898342077548687"></String>
          </TextLine>
          <TextLine ID="line_13"
                    TAGREFS="LT8"
                    BASELINE="302 677 793 694 906 693" 
                    HPOS="302.0"
                    VPOS="648.0"
                    WIDTH="604.0"
                    HEIGHT="60.0">
            <Shape><Polygon POINTS="302 677 302 686 358 694 359 694 428 691 458 697 459 697 530 694 531 694 533 694 596 701 597 701 654 698 681 705 682 705 682 705 745 701 754 707 755 707 756 707 781 708 782 708 808 704 836 708 836 708 905 706 906 693 905 674 883 674 882 673 873 666 872 666 871 666 870 666 870 666 857 672 856 672 855 672 840 666 839 666 838 666 837 666 823 671 822 671 783 671 782 670 773 665 772 665 771 665 740 668 736 668 735 668 708 660 707 660 706 660 706 660 692 666 657 658 656 658 622 664 621 664 620 664 592 658 591 658 506 658 483 653 482 653 481 653 461 658 430 658 392 658 391 657 375 649 374 649 334 648 333 648 332 648 331 648 322 654 302 654 302 677"/></Shape>
            <String CONTENT="cato ſuperata, ſuperbia, auaritia, gu’a et luxuria de¬"
                    HPOS="302.0"
                    VPOS="648.0"
                    WIDTH="604.0"
                    HEIGHT="60.0"
                    WC="0.9895552352622703"></String>
          </TextLine>
          <TextLine ID="line_14"
                    TAGREFS="LT8"
                    BASELINE="302 717 518 722 744 732 907 734" 
                    HPOS="302.0"
                    VPOS="688.0"
                    WIDTH="605.0"
                    HEIGHT="61.0">
            <Shape><Polygon POINTS="302 717 302 726 322 727 331 735 332 735 333 735 334 735 335 735 355 730 382 736 383 736 384 736 399 730 399 730 414 735 415 735 416 735 440 732 447 737 448 737 449 737 450 737 451 737 462 733 465 732 517 733 520 735 530 740 531 740 532 740 533 740 546 735 551 735 552 736 561 742 562 742 562 742 563 742 564 742 583 737 591 735 613 735 617 739 625 744 626 744 627 744 628 744 658 740 676 738 697 741 707 743 708 743 709 743 711 742 716 740 722 742 734 747 735 747 905 749 907 734 907 711 876 711 876 710 865 703 865 703 864 703 863 703 862 703 851 709 788 706 780 701 779 701 778 701 778 701 777 701 757 706 756 706 716 697 715 697 714 697 694 705 693 705 692 705 654 696 653 696 653 696 626 702 616 695 615 695 615 695 614 695 577 701 576 701 576 701 545 692 544 692 508 692 507 692 506 692 505 692 497 697 481 692 480 692 480 692 432 697 431 697 429 697 394 688 394 688 393 688 392 688 374 695 353 689 352 689 351 689 302 693 302 717"/></Shape>
            <String CONTENT="cepta fuit, et uiro inſuper inſidiata blanditijs et in¬"
                    HPOS="302.0"
                    VPOS="688.0"
                    WIDTH="605.0"
                    HEIGHT="61.0"
                    WC="0.9803692828525197"></String>
          </TextLine>
          <TextLine ID="line_15"
                    TAGREFS="LT8"
                    BASELINE="299 757 519 762 788 773 904 773" 
                    HPOS="299.0"
                    VPOS="729.0"
                    WIDTH="605.0"
                    HEIGHT="59.0">
            <Shape><Polygon POINTS="299 757 299 772 316 767 357 773 358 773 359 773 361 773 457 771 480 771 485 777 485 778 486 778 487 778 488 778 490 778 514 773 590 779 591 779 607 776 623 781 625 782 626 782 627 782 638 782 677 779 690 783 692 783 693 783 694 783 695 783 696 783 701 779 709 783 711 784 712 784 713 784 728 784 783 782 799 786 800 786 801 786 802 786 802 786 819 782 831 787 834 788 835 788 903 788 904 773 903 753 728 741 727 741 726 741 715 745 712 745 635 745 630 741 621 737 620 737 620 737 547 738 503 739 467 735 438 732 437 732 437 732 436 732 434 734 428 738 401 738 392 732 391 732 390 732 389 732 389 732 375 735 371 731 370 730 370 730 369 730 368 730 367 730 366 730 361 731 346 735 336 730 333 729 332 729 299 729 299 757"/></Shape>
            <String CONTENT="ſtantia traxit in præuaricationem, ut pariter cum ea"
                    HPOS="299.0"
                    VPOS="729.0"
                    WIDTH="605.0"
                    HEIGHT="59.0"
                    WC="0.9870332983823923"></String>
          </TextLine>
          <TextLine ID="line_16"
                    TAGREFS="LT8"
                    BASELINE="300 796 901 812" 
                    HPOS="300.0"
                    VPOS="767.0"
                    WIDTH="601.0"
                    HEIGHT="58.0">
            <Shape><Polygon POINTS="300 796 300 806 322 806 322 806 329 812 330 812 331 812 331 812 353 807 357 807 367 807 423 814 424 814 470 811 475 811 480 811 519 817 520 817 521 817 532 812 535 812 537 813 540 816 541 816 542 816 543 816 554 813 560 812 562 814 568 818 569 818 570 818 571 818 572 818 581 814 584 813 658 814 670 817 691 821 692 821 751 820 780 819 797 821 823 825 824 825 900 824 901 812 901 790 879 790 879 789 871 783 870 783 870 783 869 783 868 783 849 788 847 788 846 788 837 782 836 782 836 782 835 782 834 782 823 788 822 788 802 788 802 787 780 779 779 779 778 779 750 785 746 785 675 784 674 783 654 776 653 776 653 776 652 776 633 783 631 783 629 783 602 774 601 774 600 774 564 778 516 773 515 773 514 773 504 778 417 769 416 769 415 769 403 776 392 769 391 769 390 769 389 769 389 769 370 775 370 775 368 775 327 767 326 767 300 773 300 796"/></Shape>
            <String CONTENT="cœperit dubitare ſi uero hæc deus prædixerit, morᛘ"
                    HPOS="300.0"
                    VPOS="767.0"
                    WIDTH="601.0"
                    HEIGHT="58.0"
                    ></String>
          </TextLine>
          <TextLine ID="line_17"
                    TAGREFS="LT8"
                    BASELINE="299 836 902 851" 
                    HPOS="298.0"
                    VPOS="808.0"
                    WIDTH="604.0"
                    HEIGHT="59.0">
            <Shape><Polygon POINTS="299 836 298 845 342 847 350 853 351 853 352 853 353 853 354 853 363 849 368 854 368 855 369 855 370 855 370 855 404 850 500 856 501 856 533 852 567 860 567 860 607 856 617 860 618 860 619 860 659 858 711 863 711 863 759 858 774 863 775 863 776 863 802 859 868 867 869 867 901 860 902 851 902 829 880 829 879 828 871 821 870 821 870 821 869 821 841 826 836 827 808 827 806 826 797 819 796 819 795 819 794 819 793 819 774 825 769 826 737 826 734 823 725 817 725 817 724 817 723 817 722 817 707 822 701 824 682 824 679 821 670 816 669 816 668 816 668 816 667 816 649 821 642 822 630 820 602 814 601 814 580 818 567 821 549 821 545 817 541 814 540 814 539 814 538 814 538 814 537 814 533 817 530 818 512 817 491 814 490 814 483 816 469 818 452 814 435 810 434 810 433 810 432 810 419 813 413 815 409 813 401 809 400 809 360 808 359 808 358 808 352 812 347 813 299 810 299 836"/></Shape>
            <String CONTENT="tem ſcilicet imminere, quà poſt guſtum uideret ſu¬"
                    HPOS="298.0"
                    VPOS="808.0"
                    WIDTH="604.0"
                    HEIGHT="59.0"
                    WC="0.9783722734918782"></String>
          </TextLine>
          <TextLine ID="line_18"
                    TAGREFS="LT8"
                    BASELINE="298 875 900 892" 
                    HPOS="297.0"
                    VPOS="847.0"
                    WIDTH="603.0"
                    HEIGHT="59.0">
            <Shape><Polygon POINTS="298 875 297 889 327 885 391 892 398 892 399 892 399 892 400 892 414 888 419 892 419 893 420 893 421 893 422 893 428 892 447 890 451 893 453 894 454 894 455 894 456 894 470 893 490 891 500 893 508 896 509 896 509 896 510 896 517 894 526 891 534 894 540 897 541 897 542 897 567 895 596 893 614 896 634 899 634 899 635 899 647 897 655 894 659 897 664 900 665 900 666 900 689 901 690 901 714 898 718 898 730 898 830 904 831 904 848 900 850 900 851 900 869 906 870 906 870 906 899 901 900 892 899 865 842 868 826 863 825 863 824 863 823 863 812 867 802 862 799 860 798 860 766 859 765 859 753 861 739 865 731 861 730 860 729 860 728 860 727 860 726 860 721 864 716 860 711 857 711 857 710 857 709 857 684 860 660 863 649 860 636 855 635 855 634 855 634 855 627 859 624 860 614 859 600 856 599 856 589 858 578 860 565 858 539 852 520 852 519 852 519 852 518 852 512 857 511 857 510 856 504 852 504 851 504 851 503 851 502 851 501 851 486 856 480 858 427 857 423 855 415 851 414 851 413 851 396 855 389 855 384 855 359 847 358 847 357 847 298 852 298 875"/></Shape>
            <String CONTENT="peruiuentem, ut ipſe peauret, cui ſemel ſeductrix faᛘ"
                    HPOS="297.0"
                    VPOS="847.0"
                    WIDTH="603.0"
                    HEIGHT="59.0"
                    ></String>
          </TextLine>
          <TextLine ID="line_19"
                    TAGREFS="LT8"
                    BASELINE="298 913 763 929 899 930" 
                    HPOS="298.0"
                    VPOS="884.0"
                    WIDTH="601.0"
                    HEIGHT="60.0">
            <Shape><Polygon POINTS="298 913 298 922 350 930 350 930 351 930 365 926 375 931 376 931 426 932 427 932 427 932 440 927 445 932 446 932 447 932 447 932 467 927 480 934 480 934 481 934 526 930 543 935 543 935 544 935 545 935 558 930 559 930 562 930 617 938 618 938 679 934 688 940 689 940 690 940 691 940 692 940 692 940 697 935 717 942 718 942 719 942 720 942 733 937 794 944 795 944 796 944 815 939 829 944 830 944 831 944 831 944 841 939 898 940 899 930 899 908 852 902 851 902 810 904 798 905 795 904 784 899 783 899 783 899 782 899 781 899 774 903 772 904 697 903 696 901 692 898 692 898 691 898 690 898 677 900 673 901 673 900 666 895 665 895 664 895 663 895 630 898 613 893 612 893 611 893 610 893 600 898 598 898 596 898 576 893 576 893 575 893 500 895 488 895 487 894 481 890 481 889 480 889 480 889 479 889 437 893 432 893 427 893 396 887 395 887 394 887 379 892 377 892 371 891 325 884 324 884 298 889 298 913"/></Shape>
            <String CONTENT="cta, poſt hac directricis et doctoris munus par nun"
                    HPOS="298.0"
                    VPOS="884.0"
                    WIDTH="601.0"
                    HEIGHT="60.0"
                    WC="0.9899978392264422"></String>
          </TextLine>
          <TextLine ID="line_20"
                    TAGREFS="LT8"
                    BASELINE="298 952 499 957 722 968 899 970" 
                    HPOS="297.0"
                    VPOS="925.0"
                    WIDTH="602.0"
                    HEIGHT="61.0">
            <Shape><Polygon POINTS="298 952 297 970 360 971 360 971 361 971 362 971 368 966 374 970 375 970 375 970 376 970 400 966 414 971 415 971 416 971 472 970 480 974 485 975 485 975 486 975 487 975 492 974 505 970 526 975 538 977 539 977 540 977 546 975 556 971 567 975 574 978 575 978 576 978 591 975 610 973 634 976 663 981 743 984 744 984 745 984 745 984 751 979 767 985 768 985 769 985 793 981 803 985 804 985 805 985 806 985 807 985 813 980 827 986 828 986 829 986 899 981 899 970 899 942 836 946 825 942 824 942 823 942 753 944 744 938 742 937 741 937 740 937 740 937 739 937 735 937 719 943 700 937 692 935 692 935 691 935 690 935 683 937 667 942 622 941 602 935 589 932 588 932 587 932 575 934 562 937 550 934 536 930 535 930 534 930 507 933 483 936 470 936 466 932 462 929 462 928 461 928 461 928 460 928 459 928 448 932 441 934 421 932 404 929 403 929 403 929 396 931 389 932 386 931 377 925 376 925 375 925 375 925 298 928 298 952"/></Shape>
            <String CONTENT="quã fuerit, uel æquũ præſtare, uel præſumere. Semel"
                    HPOS="297.0"
                    VPOS="925.0"
                    WIDTH="602.0"
                    HEIGHT="61.0"
                    WC="0.9782752574614759"></String>
          </TextLine>
          <TextLine ID="line_21"
                    TAGREFS="LT8"
                    BASELINE="296 993 897 1010" 
                    HPOS="295.0"
                    VPOS="965.0"
                    WIDTH="602.0"
                    HEIGHT="56.0">
            <Shape><Polygon POINTS="296 993 295 1002 358 1009 359 1009 401 1006 410 1005 437 1005 438 1007 445 1012 446 1012 447 1012 447 1012 448 1012 465 1008 466 1008 473 1013 474 1013 475 1013 475 1013 476 1013 491 1009 524 1014 525 1014 561 1011 569 1010 604 1010 605 1012 610 1016 610 1017 611 1017 612 1017 613 1017 643 1014 644 1014 646 1014 666 1018 667 1018 895 1021 897 1010 896 983 783 984 773 980 764 976 764 976 763 976 762 976 754 980 747 982 698 982 686 978 676 975 675 975 674 975 659 977 653 978 649 977 639 972 639 972 638 972 602 975 586 977 581 975 573 971 572 971 572 971 571 971 561 975 554 977 548 975 537 970 536 970 496 968 495 968 495 968 484 973 480 975 477 973 469 967 468 967 467 967 466 967 427 970 411 966 410 966 409 966 408 966 395 970 376 966 375 966 341 970 328 970 326 969 319 965 318 965 317 965 317 965 296 968 296 993"/></Shape>
            <String CONTENT="tam pernitioſæ ſuaſioni conſentiens Adam, merito"
                    HPOS="295.0"
                    VPOS="965.0"
                    WIDTH="602.0"
                    HEIGHT="56.0"
                    WC="0.9988950987656912"></String>
          </TextLine>
          <TextLine ID="line_22"
                    TAGREFS="LT8"
                    BASELINE="294 1034 449 1036 677 1045 898 1048" 
                    HPOS="293.0"
                    VPOS="1004.0"
                    WIDTH="605.0"
                    HEIGHT="58.0">
            <Shape><Polygon POINTS="294 1034 293 1047 338 1048 339 1048 340 1048 341 1048 350 1043 460 1045 476 1050 482 1052 483 1052 484 1052 485 1052 485 1052 487 1050 494 1047 516 1051 527 1052 528 1052 549 1051 577 1049 589 1052 601 1054 602 1054 603 1054 608 1052 613 1050 629 1052 662 1057 663 1057 682 1052 688 1052 690 1053 695 1057 695 1057 696 1057 697 1057 864 1062 865 1062 889 1062 889 1062 890 1062 891 1062 897 1056 898 1048 898 1026 880 1026 879 1025 866 1017 865 1017 865 1017 864 1017 818 1023 817 1023 801 1017 800 1017 799 1017 798 1017 787 1023 745 1023 745 1022 732 1014 731 1014 730 1014 730 1014 729 1014 706 1021 706 1021 657 1020 653 1020 644 1012 643 1012 642 1012 641 1012 640 1012 621 1018 590 1018 581 1010 580 1010 579 1010 578 1010 577 1010 563 1018 506 1017 506 1016 495 1009 495 1009 494 1009 461 1007 428 1007 427 1007 427 1007 426 1007 417 1014 404 1014 404 1014 393 1005 392 1005 391 1005 390 1005 351 1009 343 1004 342 1004 341 1004 304 1004 303 1004 302 1004 302 1004 294 1009 294 1034"/></Shape>
            <String CONTENT="ſuſpectam habuit omnẽ mulieris informationẽ. Et"
                    HPOS="293.0"
                    VPOS="1004.0"
                    WIDTH="605.0"
                    HEIGHT="58.0"
                    WC="0.9869240181786674"></String>
          </TextLine>
          <TextLine ID="line_23"
                    TAGREFS="LT8"
                    BASELINE="293 1071 610 1083 894 1088" 
                    HPOS="293.0"
                    VPOS="1042.0"
                    WIDTH="601.0"
                    HEIGHT="63.0">
            <Shape><Polygon POINTS="293 1085 304 1091 305 1091 306 1091 337 1085 341 1085 347 1086 397 1093 398 1093 443 1088 451 1087 475 1087 475 1089 483 1095 483 1095 484 1095 485 1095 485 1095 509 1091 538 1096 538 1096 539 1096 560 1091 561 1091 562 1091 575 1098 576 1098 576 1098 598 1094 614 1099 615 1099 689 1101 690 1101 718 1095 725 1100 725 1100 726 1100 727 1100 728 1100 738 1097 776 1104 777 1104 812 1098 841 1104 841 1104 842 1104 854 1100 866 1105 867 1105 868 1105 894 1099 894 1088 894 1058 849 1063 838 1057 837 1057 836 1057 836 1057 835 1057 824 1060 771 1056 770 1056 769 1056 759 1061 745 1054 745 1054 744 1054 719 1060 696 1053 695 1053 694 1053 668 1058 651 1053 650 1053 649 1053 603 1056 596 1051 596 1050 596 1050 595 1050 594 1050 593 1050 576 1056 541 1056 516 1055 508 1047 507 1047 506 1047 505 1047 504 1047 486 1051 455 1046 452 1046 451 1046 448 1046 389 1050 358 1045 357 1045 356 1045 346 1049 331 1043 331 1043 330 1043 329 1043 314 1048 294 1042 293 1071 293 1085"/></Shape>
            <String CONTENT="ipſa experimẽto ſumptæ fragilitatis et inſipiẽtiæ cũ"
                    HPOS="293.0"
                    VPOS="1042.0"
                    WIDTH="601.0"
                    HEIGHT="63.0"
                    WC="0.9946655696088618"></String>
          </TextLine>
          <TextLine ID="line_24"
                    TAGREFS="LT8"
                    BASELINE="293 1113 892 1129" 
                    HPOS="293.0"
                    VPOS="1084.0"
                    WIDTH="599.0"
                    HEIGHT="59.0">
            <Shape><Polygon POINTS="293 1113 293 1124 299 1129 300 1129 301 1129 302 1129 313 1125 315 1124 316 1125 323 1129 324 1129 325 1129 326 1129 370 1126 386 1125 393 1127 408 1131 408 1131 409 1131 433 1128 440 1127 443 1128 456 1133 457 1133 458 1133 459 1133 472 1129 476 1128 519 1129 520 1129 524 1134 525 1134 526 1134 527 1134 574 1131 577 1131 579 1131 608 1137 609 1137 634 1132 636 1132 637 1133 648 1138 649 1138 649 1138 670 1134 682 1139 682 1139 734 1140 735 1140 763 1135 764 1135 765 1135 797 1142 798 1142 825 1138 832 1143 833 1143 834 1143 835 1143 891 1138 892 1129 892 1105 849 1104 830 1096 829 1096 828 1096 803 1102 798 1103 793 1101 782 1098 781 1098 780 1098 743 1100 723 1100 721 1099 716 1095 716 1095 715 1095 714 1095 664 1097 623 1098 617 1095 610 1091 610 1091 609 1091 608 1091 591 1094 578 1097 560 1093 544 1090 543 1090 543 1090 533 1092 521 1095 487 1095 477 1091 471 1087 471 1087 470 1087 458 1090 451 1091 434 1089 408 1086 407 1086 406 1086 400 1087 394 1090 389 1087 384 1085 384 1085 337 1084 336 1084 336 1084 335 1084 334 1085 326 1091 293 1084 293 1113"/></Shape>
            <String CONTENT="perfecta eßet, nunc bis miſera, et admonita ſui præᛘ"
                    HPOS="293.0"
                    VPOS="1084.0"
                    WIDTH="599.0"
                    HEIGHT="59.0"
                    ></String>
          </TextLine>
          <TextLine ID="line_25"
                    TAGREFS="LT8"
                    BASELINE="290 1152 583 1163 813 1166" 
                    HPOS="289.0"
                    VPOS="1121.0"
                    WIDTH="524.0"
                    HEIGHT="69.0">
            <Shape><Polygon POINTS="290 1152 289 1178 346 1180 347 1180 348 1180 349 1180 350 1179 356 1174 383 1179 393 1181 394 1181 394 1181 395 1181 395 1180 396 1179 403 1173 423 1172 435 1180 439 1182 440 1182 441 1182 442 1182 442 1182 449 1180 461 1175 475 1180 489 1184 490 1184 490 1184 491 1184 501 1180 504 1183 504 1184 505 1184 506 1184 538 1185 539 1185 572 1181 598 1177 605 1181 612 1187 613 1187 614 1187 615 1187 649 1187 649 1187 650 1187 651 1187 658 1181 658 1181 659 1181 667 1188 667 1189 668 1189 668 1189 709 1190 710 1190 711 1190 711 1190 723 1182 725 1180 812 1182 813 1166 813 1144 798 1143 789 1136 788 1136 788 1136 787 1136 763 1139 751 1134 750 1134 750 1134 749 1134 726 1140 723 1141 721 1140 710 1133 709 1133 708 1133 707 1133 683 1137 677 1132 676 1132 675 1132 629 1130 628 1130 627 1130 615 1135 609 1138 596 1134 576 1129 575 1129 574 1129 573 1129 572 1129 566 1133 559 1136 517 1136 493 1135 488 1129 485 1127 485 1126 485 1126 484 1126 483 1126 460 1129 439 1130 434 1127 430 1124 429 1124 428 1124 394 1124 393 1124 392 1124 388 1125 375 1131 368 1124 368 1124 367 1124 366 1124 365 1124 365 1124 363 1124 343 1130 291 1121 290 1152"/></Shape>
            <String CONTENT="ſumere doctrinã non audeat ſolidæ ueritatis"
                    HPOS="289.0"
                    VPOS="1121.0"
                    WIDTH="524.0"
                    HEIGHT="69.0"
                    ></String>
          </TextLine>
        </TextBlock>
        <TextBlock HPOS="716"
                   VPOS="1174"
                   WIDTH="180"
                   HEIGHT="54"
                   ID="block_5"
                   TAGREFS="BT17">
          <Shape><Polygon POINTS="896 1174 896 1228 716 1228 716 1174"/></Shape>
          <TextLine ID="line_26"
                    TAGREFS="LT8"
                    BASELINE="720 1206 890 1207" 
                    HPOS="719.0"
                    VPOS="1171.0"
                    WIDTH="171.0"
                    HEIGHT="49.0">
            <Shape><Polygon POINTS="720 1206 719 1220 889 1219 890 1207 889 1177 824 1177 821 1176 803 1171 802 1171 802 1171 801 1171 788 1176 788 1176 787 1176 769 1171 768 1171 767 1171 766 1171 765 1171 759 1176 758 1176 739 1171 738 1171 737 1171 736 1171 720 1175 720 1206"/></Shape>
            <String CONTENT="Saluabitur"
                    HPOS="719.0"
                    VPOS="1171.0"
                    WIDTH="171.0"
                    HEIGHT="49.0"
                    WC="0.9983810007572174"></String>
          </TextLine>
        </TextBlock>
      </PrintSpace>
    </Page>
  </Layout>
</alto>
