<?xml version="1.0" encoding="UTF-8"?>
<alto xmlns:xsi="http://www.w3.org/2001/XMLSchema-instance"
      xmlns="http://www.loc.gov/standards/alto/ns-v4#"
      xsi:schemaLocation="http://www.loc.gov/standards/alto/ns-v4# http://www.loc.gov/standards/alto/v4/alto-4-2.xsd">
  <Description>
    <MeasurementUnit>pixel</MeasurementUnit>
    <sourceImageInformation>
      <fileName>952827.jpg</fileName>
    </sourceImageInformation>
  </Description>
  <Tags>
    <OtherTag ID="BT7" LABEL="CustomZone" DESCRIPTION="block type CustomZone"/><OtherTag ID="BT8" LABEL="DamageZone" DESCRIPTION="block type DamageZone"/><OtherTag ID="BT9" LABEL="DigitizationArtefactZone" DESCRIPTION="block type DigitizationArtefactZone"/><OtherTag ID="BT10" LABEL="DropCapitalZone" DESCRIPTION="block type DropCapitalZone"/><OtherTag ID="BT11" LABEL="GraphicZone" DESCRIPTION="block type GraphicZone"/><OtherTag ID="BT12" LABEL="MainZone" DESCRIPTION="block type MainZone"/><OtherTag ID="BT13" LABEL="MarginTextZone" DESCRIPTION="block type MarginTextZone"/><OtherTag ID="BT14" LABEL="MusicZone" DESCRIPTION="block type MusicZone"/><OtherTag ID="BT15" LABEL="NumberingZone" DESCRIPTION="block type NumberingZone"/><OtherTag ID="BT17" LABEL="QuireMarksZone" DESCRIPTION="block type QuireMarksZone"/><OtherTag ID="BT18" LABEL="RunningTitleZone" DESCRIPTION="block type RunningTitleZone"/><OtherTag ID="BT19" LABEL="SealZone" DESCRIPTION="block type SealZone"/><OtherTag ID="BT20" LABEL="StampZone" DESCRIPTION="block type StampZone"/><OtherTag ID="BT21" LABEL="TableZone" DESCRIPTION="block type TableZone"/><OtherTag ID="BT22" LABEL="TitlePageZone" DESCRIPTION="block type TitlePageZone"/><OtherTag ID="BT3108" LABEL="MainZone-P-Continued" DESCRIPTION="block type MainZone-P-Continued"/><OtherTag ID="BT3109" LABEL="MainZone-P" DESCRIPTION="block type MainZone-P"/><OtherTag ID="BT3110" LABEL="MainZone-Sp-Continued" DESCRIPTION="block type MainZone-Sp-Continued"/><OtherTag ID="BT3111" LABEL="MainZone-Sp" DESCRIPTION="block type MainZone-Sp"/><OtherTag ID="BT3112" LABEL="MainZone-Head" DESCRIPTION="block type MainZone-Head"/><OtherTag ID="BT3115" LABEL="MainZone-Entry" DESCRIPTION="block type MainZone-Entry"/>
    <OtherTag ID="LT7" LABEL="CustomLine" DESCRIPTION="line type CustomLine"/><OtherTag ID="LT8" LABEL="DefaultLine" DESCRIPTION="line type DefaultLine"/><OtherTag ID="LT9" LABEL="DropCapitalLine" DESCRIPTION="line type DropCapitalLine"/><OtherTag ID="LT10" LABEL="HeadingLine" DESCRIPTION="line type HeadingLine"/><OtherTag ID="LT11" LABEL="InterlinearLine" DESCRIPTION="line type InterlinearLine"/><OtherTag ID="LT12" LABEL="MusicLine" DESCRIPTION="line type MusicLine"/>
  </Tags>
  <Layout>
    <Page WIDTH="1000"
          HEIGHT="1490"
          PHYSICAL_IMG_NR="22"
          ID="eSc_dummypage_">
      <PrintSpace HPOS="0"
                  VPOS="0"
                  WIDTH="1000"
                  HEIGHT="1490">
        <TextBlock HPOS="161"
                   VPOS="145"
                   WIDTH="483"
                   HEIGHT="47"
                   ID="block_1"
                   TAGREFS="BT18">
          <Shape><Polygon POINTS="640 145 644 181 161 192 161 145"/></Shape>
          <TextLine ID="line_0"
                    TAGREFS="LT8"
                    BASELINE="170 181 637 169" 
                    HPOS="167"
                    VPOS="145"
                    WIDTH="469"
                    HEIGHT="51">
            <Shape><Polygon POINTS="627 145 614 145 602 145 590 145 577 145 565 145 552 145 540 145 527 145 515 145 503 145 490 145 478 145 465 145 453 145 440 145 428 145 416 145 403 145 398 145 167 146 168 180 168 196 270 194 272 194 273 194 273 193 274 193 278 187 293 193 294 193 295 193 380 186 414 191 416 191 417 191 418 191 431 183 478 189 479 189 480 189 498 182 514 187 515 187 516 187 634 178 636 168 632 145 627 145"/></Shape>
            <String CONTENT="TIMOTHEI EPISTOLAM."
                    HPOS="167"
                    VPOS="145"
                    WIDTH="469"
                    HEIGHT="51"
                    WC="0.9998171737319544"></String>
          </TextLine>
        </TextBlock>
        <TextBlock HPOS="659"
                   VPOS="148"
                   WIDTH="62"
                   HEIGHT="32"
                   ID="eSc_textblock_45df8e61"
                   TAGREFS="BT15">
          <Shape><Polygon POINTS="659 148 659 180 721 180 721 148"/></Shape>
          <TextLine ID="eSc_line_3d72ae14"
                    TAGREFS="LT8"
                    BASELINE="669 168 706 167" 
                    HPOS="665"
                    VPOS="127"
                    WIDTH="40"
                    HEIGHT="61">
            <Shape><Polygon POINTS="668 180 704 188 705 166 703 132 665 127 668 167"/></Shape>
            <String CONTENT="63"
                    HPOS="665"
                    VPOS="127"
                    WIDTH="40"
                    HEIGHT="61"
                    WC="0.9999955296516418"></String>
          </TextLine>
        </TextBlock>
        <TextBlock HPOS="65"
                   VPOS="194"
                   WIDTH="612"
                   HEIGHT="140"
                   ID="block_3"
                   TAGREFS="BT3112">
          <Shape><Polygon POINTS="672 194 677 313 69 334 65 211 65 209"/></Shape>
          <TextLine ID="line_1"
                    TAGREFS="LT8"
                    BASELINE="67 241 342 234 666 218" 
                    HPOS="65.0"
                    VPOS="187.0"
                    WIDTH="601.0"
                    HEIGHT="67.0">
            <Shape><Polygon POINTS="554 221 548 197 514 198 509 195 505 192 504 192 504 192 503 192 502 192 501 192 501 193 499 196 495 200 460 201 451 197 443 192 442 192 442 192 399 193 375 198 346 205 308 202 307 202 307 202 293 208 230 210 201 210 187 203 185 202 184 202 183 202 152 203 151 203 149 204 129 212 119 205 118 205 117 205 116 205 65 206 67 241 67 249 110 249 119 254 120 254 120 254 211 246 255 243 269 245 288 247 289 247 345 242 368 240 372 241 379 244 379 244 380 244 381 244 390 241 403 237 427 240 442 241 443 241 471 239 528 232 538 236 539 237 540 237 541 237 569 236 576 235 610 229 621 234 622 234 623 234 625 234 649 229 665 232 666 218 663 192 636 187 635 187 634 187 634 187 634 187 628 192 627 193 601 195 598 193 591 187 590 187 589 187 588 187 587 187 586 187 581 192 575 189 574 189 573 189 572 189 572 189 572 190 567 193 564 197 557 197 554 221"/></Shape>
            <String CONTENT="Saluabitur autem per filiorum genera¬"
                    HPOS="65.0"
                    VPOS="187.0"
                    WIDTH="601.0"
                    HEIGHT="67.0"
                    WC="0.9985765991984187"></String>
          </TextLine>
          <TextLine ID="line_2"
                    TAGREFS="LT8"
                    BASELINE="78 283 669 268" 
                    HPOS="75"
                    VPOS="227"
                    WIDTH="593"
                    HEIGHT="64">
            <Shape><Polygon POINTS="77 281 77 291 519 275 580 280 627 273 665 278 668 266 665 227 622 227 612 233 603 228 565 234 522 229 511 237 467 230 453 239 424 232 403 243 375 233 363 244 335 235 319 247 219 248 204 239 198 239 187 249 75 249 77 281"/></Shape>
            <String CONTENT="tionem, ſi permanſerint in fide &amp; dilectiᛘ"
                    HPOS="75"
                    VPOS="227"
                    WIDTH="593"
                    HEIGHT="64"
                    ></String>
          </TextLine>
          <TextLine ID="line_3"
                    TAGREFS="LT8"
                    BASELINE="68 319 667 300" 
                    HPOS="67.0"
                    VPOS="269.0"
                    WIDTH="600.0"
                    HEIGHT="63.0">
            <Shape><Polygon POINTS="572 278 567 270 567 270 566 270 565 270 564 270 548 277 538 271 538 271 537 271 536 271 496 273 495 273 495 273 483 280 481 282 410 283 408 283 396 278 395 278 394 278 394 278 376 283 371 284 365 283 348 281 347 281 321 284 310 286 304 285 275 279 274 279 235 287 222 289 216 288 198 282 197 282 197 282 196 282 195 282 187 288 186 288 183 288 149 283 149 283 148 283 128 290 119 293 111 290 105 288 104 288 103 288 102 288 96 291 91 293 67 292 68 319 68 327 93 332 94 332 144 331 144 331 145 331 151 326 172 329 173 329 224 323 225 323 239 327 240 327 240 327 241 327 259 323 379 323 380 323 410 317 411 317 412 317 429 322 430 322 431 322 432 322 432 322 432 321 437 317 437 316 540 313 542 313 556 317 557 317 557 317 667 309 667 300 665 276 605 269 605 269 576 275 573 273 572 278"/></Shape>
            <String CONTENT="one, &amp; ſanctificatione cum ſobrietate."
                    HPOS="67.0"
                    VPOS="269.0"
                    WIDTH="600.0"
                    HEIGHT="63.0"
                    WC="0.9859796511499506"></String>
          </TextLine>
        </TextBlock>
        <TextBlock HPOS="74"
                   VPOS="319"
                   WIDTH="632"
                   HEIGHT="881"
                   ID="block_4"
                   TAGREFS="BT3109">
          <Shape><Polygon POINTS="691 319 706 1185 76 1200 74 336"/></Shape>
          <TextLine ID="line_4"
                    TAGREFS="LT8"
                    BASELINE="123 358 674 338" 
                    HPOS="121.0"
                    VPOS="307.0"
                    WIDTH="553.0"
                    HEIGHT="66.0">
            <Shape><Polygon POINTS="123 358 123 368 133 373 134 373 134 373 167 365 170 365 216 365 235 370 236 370 237 370 238 370 258 363 260 362 262 363 270 367 271 367 272 367 273 367 288 362 288 362 304 367 305 367 306 367 342 360 347 360 351 360 371 364 372 364 373 364 374 364 374 363 379 359 380 357 465 355 470 356 488 360 489 360 522 355 538 352 551 354 572 357 573 357 674 350 674 338 673 316 652 307 651 307 650 307 649 307 649 307 636 315 594 311 593 311 558 319 537 312 536 312 535 312 534 312 512 321 511 321 509 321 446 315 445 315 444 315 443 315 443 316 437 321 431 318 430 318 429 318 428 318 413 324 412 324 409 324 371 322 370 322 370 322 356 326 355 326 331 319 330 319 329 319 328 319 302 327 299 328 296 328 261 322 260 322 259 322 239 330 235 331 230 330 192 324 191 324 121 333 123 358"/></Shape>
            <String CONTENT="Sub dita quidem ſit uiro mulier, et humiliter ſeᛘ"
                    HPOS="121.0"
                    VPOS="307.0"
                    WIDTH="553.0"
                    HEIGHT="66.0"
                    ></String>
          </TextLine>
          <TextLine ID="line_5"
                    TAGREFS="LT8"
                    BASELINE="75 398 672 377" 
                    HPOS="74.0"
                    VPOS="350.0"
                    WIDTH="598.0"
                    HEIGHT="62.0">
            <Shape><Polygon POINTS="570 360 568 358 559 358 545 356 526 353 525 353 524 353 515 356 510 359 508 357 504 354 504 354 503 354 502 354 480 358 454 362 441 359 435 357 434 357 433 357 382 358 365 360 333 366 301 362 295 362 294 362 293 362 293 362 293 363 284 368 250 365 250 365 249 365 238 370 136 367 130 367 129 367 129 367 128 367 117 374 91 374 74 369 75 398 75 412 146 408 147 408 148 408 148 408 152 404 252 405 288 405 289 405 290 405 291 405 293 403 298 399 322 402 336 403 337 403 397 401 398 401 403 398 410 395 415 398 420 400 421 400 422 400 456 399 672 386 672 377 669 353 602 350 601 350 600 350 591 355 585 358 570 358 570 360"/></Shape>
            <String CONTENT="gerat inter uiros et in eccleſia, agnoſcat́ mentis im"
                    HPOS="74.0"
                    VPOS="350.0"
                    WIDTH="598.0"
                    HEIGHT="62.0"
                    WC="0.9769999119970534"></String>
          </TextLine>
          <TextLine ID="line_6"
                    TAGREFS="LT8"
                    BASELINE="74 437 236 434 673 417" 
                    HPOS="72.0"
                    VPOS="387.0"
                    WIDTH="601.0"
                    HEIGHT="65.0">
            <Shape><Polygon POINTS="74 437 74 447 88 452 89 452 90 452 163 450 164 450 187 443 189 443 197 443 298 445 298 445 299 445 322 439 335 443 336 443 336 443 337 443 338 443 338 442 344 437 345 437 346 437 376 442 377 442 378 442 388 436 396 441 397 441 398 441 399 441 451 435 544 436 545 436 546 436 567 429 569 428 639 427 649 432 650 432 651 432 652 432 673 425 673 417 670 393 646 387 645 387 644 387 634 393 589 390 588 390 557 395 549 390 548 390 548 390 547 390 546 390 519 398 518 398 509 398 479 398 466 394 465 394 464 394 463 394 451 400 431 394 430 394 429 394 408 395 407 395 406 395 406 396 401 400 355 398 354 398 353 398 331 404 296 399 295 399 294 399 272 407 271 407 251 401 250 401 250 401 216 403 216 403 215 403 204 409 184 403 183 403 182 403 182 403 159 411 158 411 141 406 140 406 139 406 139 406 114 413 113 413 112 413 82 408 81 408 81 408 80 408 72 412 74 437"/></Shape>
            <String CONTENT="becillitatẽ et inconſtantiã, ut ſibi docendi munus in"
                    HPOS="72.0"
                    VPOS="387.0"
                    WIDTH="601.0"
                    HEIGHT="65.0"
                    WC="0.9792905287309126"></String>
          </TextLine>
          <TextLine ID="line_7"
                    TAGREFS="LT8"
                    BASELINE="76 476 221 475 675 456" 
                    HPOS="75.0"
                    VPOS="426.0"
                    WIDTH="600.0"
                    HEIGHT="65.0">
            <Shape><Polygon POINTS="572 442 569 436 562 437 562 437 548 430 548 430 547 430 546 430 530 438 498 439 485 432 485 432 484 432 465 433 464 433 463 433 463 434 456 441 441 434 440 434 439 434 409 441 372 437 371 437 370 437 337 445 330 440 329 440 328 440 327 440 265 448 264 449 264 449 220 449 212 443 211 443 211 443 210 443 176 450 139 446 139 446 138 446 137 446 137 446 131 451 126 447 125 447 125 447 124 447 123 447 110 453 101 448 100 448 100 448 99 448 98 448 75 456 76 476 76 486 115 486 117 486 139 491 139 491 182 490 182 490 198 484 204 482 214 483 241 487 242 487 243 487 252 483 322 484 323 484 324 484 325 484 330 480 335 476 373 475 420 477 454 478 455 478 538 475 538 475 544 473 563 467 604 467 612 471 613 472 614 472 615 472 615 472 675 469 675 456 673 432 649 426 648 426 647 426 646 426 629 434 611 435 573 436 572 442"/></Shape>
            <String CONTENT="eccleſia nõ arroget:uerũ non à uiris contemnenda"
                    HPOS="75.0"
                    VPOS="426.0"
                    WIDTH="600.0"
                    HEIGHT="65.0"
                    WC="0.9947613828322467"></String>
          </TextLine>
          <TextLine ID="line_8"
                    TAGREFS="LT8"
                    BASELINE="78 515 241 514 360 506 675 495" 
                    HPOS="76.0"
                    VPOS="466.0"
                    WIDTH="599.0"
                    HEIGHT="66.0">
            <Shape><Polygon POINTS="78 515 78 525 91 532 91 532 92 532 202 528 203 528 204 528 204 528 210 523 253 527 254 527 278 522 307 524 308 524 309 524 334 516 335 516 342 516 540 517 541 517 588 508 590 508 598 508 613 508 626 514 627 514 628 514 629 514 629 514 639 506 640 505 674 504 675 495 672 466 612 469 611 469 600 475 591 470 589 469 588 469 587 469 586 469 582 471 560 477 543 472 538 471 537 471 536 471 535 471 534 471 532 472 521 479 484 480 455 476 437 474 436 474 406 478 379 482 361 480 332 477 331 477 331 477 313 482 302 486 255 487 238 486 208 484 207 484 206 484 206 484 206 485 202 488 201 489 187 488 146 486 145 486 119 491 103 485 102 485 101 485 100 485 76 492 78 515"/></Shape>
            <String CONTENT="eſt, quam per generationem liberorum beatam fecit"
                    HPOS="76.0"
                    VPOS="466.0"
                    WIDTH="599.0"
                    HEIGHT="66.0"
                    WC="0.9933584648735669"></String>
          </TextLine>
          <TextLine ID="line_9"
                    TAGREFS="LT8"
                    BASELINE="78 556 675 535" 
                    HPOS="76.0"
                    VPOS="505.0"
                    WIDTH="599.0"
                    HEIGHT="65.0">
            <Shape><Polygon POINTS="78 556 78 565 113 565 114 565 121 570 122 570 123 570 124 570 125 570 125 570 125 569 130 565 131 563 149 563 153 564 173 568 173 568 205 562 206 562 211 567 212 567 213 567 214 567 263 565 284 560 293 558 300 560 316 563 317 563 363 557 389 555 413 557 444 558 445 558 551 555 552 555 552 555 552 554 555 552 558 549 675 549 675 535 671 505 646 514 562 514 555 510 554 510 553 510 552 510 552 510 550 510 529 516 515 512 510 511 509 511 509 511 508 511 507 511 507 512 505 513 500 518 487 514 482 512 481 512 480 512 470 514 448 520 405 521 400 518 400 517 399 517 399 517 398 517 397 517 394 518 384 522 374 519 365 516 364 516 363 516 362 516 351 519 345 522 343 520 339 517 338 517 337 517 336 517 315 521 312 522 309 522 293 519 293 519 292 519 274 523 264 526 249 524 221 521 220 521 219 521 209 526 201 523 200 523 199 523 198 523 187 528 183 528 172 528 144 526 143 526 142 526 129 530 128 530 126 530 99 525 98 525 97 525 76 532 78 556"/></Shape>
            <String CONTENT="dei munificẽtia, et inſigni munere illuſtrauit. Quid"
                    HPOS="76.0"
                    VPOS="505.0"
                    WIDTH="599.0"
                    HEIGHT="65.0"
                    WC="0.9840787964047126"></String>
          </TextLine>
          <TextLine ID="line_10"
                    TAGREFS="LT8"
                    BASELINE="79 595 676 573" 
                    HPOS="77.0"
                    VPOS="546.0"
                    WIDTH="599.0"
                    HEIGHT="59.0">
            <Shape><Polygon POINTS="79 595 79 605 286 603 287 603 294 600 298 597 401 594 462 596 491 596 492 596 552 593 553 593 554 593 554 592 562 588 624 591 629 591 630 591 631 591 633 591 655 585 675 589 676 573 673 546 627 554 594 550 593 550 558 557 467 560 377 558 363 558 362 558 356 559 329 565 317 561 308 558 307 558 307 558 288 562 284 562 278 562 239 561 238 561 237 561 222 565 213 567 208 566 201 562 200 562 199 562 198 562 186 567 181 568 177 567 171 563 170 563 169 563 148 568 142 569 134 569 104 567 103 567 77 571 79 595"/></Shape>
            <String CONTENT="enim admirabilius in rerum natura generatur, quã"
                    HPOS="77.0"
                    VPOS="546.0"
                    WIDTH="599.0"
                    HEIGHT="59.0"
                    ></String>
          </TextLine>
          <TextLine ID="line_11"
                    TAGREFS="LT8"
                    BASELINE="80 635 403 622 681 615" 
                    HPOS="78.0"
                    VPOS="584.0"
                    WIDTH="603.0"
                    HEIGHT="65.0">
            <Shape><Polygon POINTS="80 635 80 645 117 649 118 649 119 649 120 649 128 644 129 644 131 644 142 647 143 647 144 647 161 643 163 643 164 643 171 648 172 648 173 648 173 648 203 642 209 641 214 642 235 644 235 644 261 640 271 639 274 639 283 644 283 644 284 644 307 639 317 637 344 638 400 639 401 639 402 639 413 635 420 634 432 635 457 638 458 638 490 633 495 633 502 633 537 634 538 634 538 634 539 634 543 632 546 629 555 631 570 634 571 634 572 634 578 630 584 628 589 630 595 633 596 633 596 633 681 627 681 615 677 584 658 590 644 586 644 586 643 586 642 586 641 586 633 591 590 588 578 587 577 587 576 587 574 588 566 593 521 591 510 591 509 591 503 591 482 596 471 593 464 591 463 591 462 591 461 591 451 594 434 598 423 596 413 593 413 593 412 593 411 593 399 596 387 600 368 598 358 597 357 597 346 599 330 601 325 600 318 597 317 597 317 597 300 601 290 603 278 602 246 599 245 599 245 599 223 605 219 605 216 605 200 600 199 600 198 600 197 600 181 606 180 607 125 609 100 610 91 605 90 605 89 605 88 605 78 610 80 635"/></Shape>
            <String CONTENT="inutero fœminæ, non tantũ corpus humanũ, ſed et"
                    HPOS="78.0"
                    VPOS="584.0"
                    WIDTH="603.0"
                    HEIGHT="65.0"
                    WC="0.9869183642523629"></String>
          </TextLine>
          <TextLine ID="line_12"
                    TAGREFS="LT8"
                    BASELINE="81 675 331 663 684 653" 
                    HPOS="79.0"
                    VPOS="624.0"
                    WIDTH="605.0"
                    HEIGHT="63.0">
            <Shape><Polygon POINTS="81 675 81 682 125 687 125 687 168 681 173 680 174 680 189 685 190 685 191 685 192 685 203 679 204 679 207 679 237 683 238 683 239 683 257 678 259 677 262 677 275 682 276 682 277 682 322 676 336 675 351 676 398 677 399 677 399 677 400 677 400 677 403 674 407 672 425 673 450 676 451 676 475 672 498 668 519 671 529 672 530 672 531 672 532 672 533 670 538 668 561 670 574 671 575 671 684 666 684 653 680 624 662 630 653 627 652 627 651 627 605 632 596 627 594 626 593 626 592 626 591 626 586 628 573 633 557 629 550 628 549 628 548 628 548 628 548 629 546 629 543 632 520 631 503 630 502 630 501 630 494 632 475 637 451 634 431 632 430 632 406 636 384 640 370 638 354 635 353 635 332 639 328 640 317 640 247 639 246 639 245 639 232 644 230 646 200 647 187 646 131 643 130 643 79 651 81 675"/></Shape>
            <String CONTENT="anima creando infunditur, cuius generationis, nutriᛘ"
                    HPOS="79.0"
                    VPOS="624.0"
                    WIDTH="605.0"
                    HEIGHT="63.0"
                    ></String>
          </TextLine>
          <TextLine ID="line_13"
                    TAGREFS="LT8"
                    BASELINE="83 712 683 693" 
                    HPOS="81.0"
                    VPOS="663.0"
                    WIDTH="602.0"
                    HEIGHT="61.0">
            <Shape><Polygon POINTS="570 672 568 669 559 668 552 666 551 666 526 667 525 667 524 667 521 669 515 672 495 670 478 668 477 668 476 668 475 668 471 672 469 673 465 672 461 670 460 670 459 670 443 672 419 677 399 674 381 672 380 672 379 672 379 672 375 676 372 678 342 679 330 677 307 674 306 674 305 674 291 679 286 681 280 680 269 677 268 677 235 682 227 682 226 682 216 677 215 677 214 677 161 685 159 685 158 685 144 680 143 680 142 680 141 680 129 686 91 681 90 681 89 681 88 681 81 686 83 712 83 724 181 724 195 720 213 716 223 720 228 721 229 721 230 721 247 719 272 715 312 716 362 718 363 718 418 712 448 709 456 711 474 715 475 715 475 715 497 709 505 707 519 708 541 710 542 710 543 710 554 706 559 706 561 706 565 710 566 710 567 710 567 711 630 711 630 710 631 710 645 704 662 707 663 707 663 707 683 701 683 693 680 663 632 663 631 663 629 664 615 670 600 666 600 666 599 666 598 666 576 672 570 670 570 672"/></Shape>
            <String CONTENT="tionis et educationis pariter et inſtructionis offitiũ"
                    HPOS="81.0"
                    VPOS="663.0"
                    WIDTH="602.0"
                    HEIGHT="61.0"
                    WC="0.9934797146103599"></String>
          </TextLine>
          <TextLine ID="line_14"
                    TAGREFS="LT8"
                    BASELINE="84 751 686 733" 
                    HPOS="82.0"
                    VPOS="708.0"
                    WIDTH="604.0"
                    HEIGHT="54.0">
            <Shape><Polygon POINTS="84 751 84 760 164 762 165 762 166 762 178 758 182 756 279 754 281 754 302 758 302 758 331 753 337 752 346 752 379 755 380 755 381 755 390 751 392 750 394 751 408 754 409 754 410 754 411 754 412 754 417 750 418 749 426 749 456 752 457 752 504 747 512 747 520 747 603 749 604 749 686 741 686 733 684 710 494 708 493 708 452 716 423 711 422 711 384 718 366 712 365 712 365 712 364 712 348 719 324 714 323 714 299 719 290 715 289 715 288 715 288 715 275 719 248 716 247 716 246 716 231 723 211 723 201 717 201 717 200 717 199 717 198 717 197 717 189 724 159 719 158 719 158 719 134 726 82 727 84 751"/></Shape>
            <String CONTENT="contulit deus in mulierẽ, et in cunabula pietatis traᛘ"
                    HPOS="82.0"
                    VPOS="708.0"
                    WIDTH="604.0"
                    HEIGHT="54.0"
                    ></String>
          </TextLine>
          <TextLine ID="line_15"
                    TAGREFS="LT8"
                    BASELINE="86 791 682 773" 
                    HPOS="85.0"
                    VPOS="742.0"
                    WIDTH="597.0"
                    HEIGHT="60.0">
            <Shape><Polygon POINTS="86 791 86 800 139 802 139 802 140 802 152 799 158 797 172 798 193 801 194 801 195 801 205 797 213 794 255 794 289 795 328 797 329 797 330 797 341 794 357 790 375 793 383 794 384 794 384 794 389 793 399 789 489 790 500 790 501 790 502 790 503 790 520 785 551 788 558 789 559 789 600 788 601 788 604 788 611 783 622 787 625 788 625 788 626 788 627 788 628 788 629 787 636 781 654 781 681 785 682 773 680 748 629 742 628 742 588 748 576 744 575 744 574 744 573 744 561 750 533 745 532 745 531 745 516 753 409 755 332 751 331 751 273 759 221 754 220 754 219 754 192 762 107 759 106 759 105 759 85 765 86 791"/></Shape>
            <String CONTENT="dẽdæ et pfectus cõmiſit matribus ut et lacte paſcãt."
                    HPOS="85.0"
                    VPOS="742.0"
                    WIDTH="597.0"
                    HEIGHT="60.0"
                    WC="0.9913382085886868"></String>
          </TextLine>
          <TextLine ID="line_16"
                    TAGREFS="LT8"
                    BASELINE="88 831 683 812" 
                    HPOS="86.0"
                    VPOS="780.0"
                    WIDTH="597.0"
                    HEIGHT="61.0">
            <Shape><Polygon POINTS="88 831 88 841 218 835 269 836 305 836 306 836 307 836 313 834 322 831 345 833 372 835 373 835 389 831 399 829 418 830 449 832 450 832 475 828 485 826 504 827 552 829 553 829 574 824 581 823 586 824 604 827 605 827 683 820 683 812 682 786 661 780 660 780 659 780 658 780 658 780 649 787 647 788 639 787 618 782 617 782 589 788 577 792 566 792 562 789 555 783 554 783 553 783 552 783 526 785 525 785 524 785 524 786 519 790 517 793 505 791 495 789 494 789 493 789 492 789 490 791 487 793 484 792 481 790 480 790 480 790 461 792 434 795 415 793 371 789 370 789 370 789 353 795 344 798 317 797 271 793 270 793 269 793 269 793 260 798 259 798 254 793 253 793 252 793 251 793 250 793 233 798 228 800 220 799 198 797 197 797 197 797 196 797 192 800 188 803 177 800 163 797 163 797 162 797 133 797 132 797 131 797 126 802 123 805 114 802 101 798 100 798 100 798 99 798 86 802 88 831"/></Shape>
            <String CONTENT="So lido cibo à uiris nutriantur, &amp; in fide et ſacris"
                    HPOS="86.0"
                    VPOS="780.0"
                    WIDTH="597.0"
                    HEIGHT="61.0"
                    WC="0.9964298482211131"></String>
          </TextLine>
          <TextLine ID="line_17"
                    TAGREFS="LT8"
                    BASELINE="86 868 682 851" 
                    HPOS="86.0"
                    VPOS="822.0"
                    WIDTH="596.0"
                    HEIGHT="61.0">
            <Shape><Polygon POINTS="86 868 86 876 115 883 116 883 210 874 211 874 211 874 264 879 265 879 326 875 327 875 337 870 339 869 346 870 372 873 373 873 374 873 382 869 385 867 454 866 464 867 502 872 503 872 564 865 586 868 586 868 587 868 601 864 607 862 682 862 682 851 681 828 650 822 649 822 628 826 621 822 620 822 620 822 619 822 618 822 601 830 601 831 573 831 562 831 533 825 533 825 532 825 531 825 519 832 518 832 488 826 487 826 486 826 464 834 463 834 462 834 452 831 451 831 451 831 429 835 427 835 427 835 381 829 380 829 379 829 352 837 350 837 348 837 321 831 320 831 291 831 290 831 276 839 275 840 214 841 213 841 186 835 185 835 184 835 165 842 164 842 152 839 151 839 150 839 121 843 104 837 103 837 102 837 101 837 86 843 86 868"/></Shape>
            <String CONTENT="dogmatibus perfecto: audiant et ſequãtur. Curet"
                    HPOS="86.0"
                    VPOS="822.0"
                    WIDTH="596.0"
                    HEIGHT="61.0"
                    WC="0.9911179455618063"></String>
          </TextLine>
          <TextLine ID="line_18"
                    TAGREFS="LT8"
                    BASELINE="90 908 689 892" 
                    HPOS="88.0"
                    VPOS="863.0"
                    WIDTH="601.0"
                    HEIGHT="59.0">
            <Shape><Polygon POINTS="90 908 90 916 120 922 121 922 122 922 134 916 341 916 341 916 373 909 375 909 381 909 456 913 457 913 458 913 470 907 471 907 475 907 524 911 524 911 525 911 526 911 533 906 561 910 562 910 587 905 635 908 636 908 637 908 654 903 658 902 661 903 680 907 681 907 682 907 682 907 689 902 689 892 687 869 662 863 661 863 594 871 571 865 570 865 569 865 568 865 567 865 557 873 520 873 501 867 500 867 500 867 442 874 412 871 411 871 410 871 399 876 379 870 378 870 377 870 376 870 360 877 274 879 252 874 251 874 250 874 250 874 235 881 207 881 186 875 185 875 184 875 131 883 97 879 96 879 96 879 95 879 88 883 90 908"/></Shape>
            <String CONTENT="igitur liberorũ mater, ut in ea quã à teneris unguicuᛘ"
                    HPOS="88.0"
                    VPOS="863.0"
                    WIDTH="601.0"
                    HEIGHT="59.0"
                    ></String>
          </TextLine>
          <TextLine ID="line_19"
                    TAGREFS="LT8"
                    BASELINE="89 947 687 932" 
                    HPOS="87.0"
                    VPOS="903.0"
                    WIDTH="600.0"
                    HEIGHT="54.0">
            <Shape><Polygon POINTS="89 947 89 957 336 956 337 956 350 951 353 950 376 950 464 951 465 951 495 946 500 946 502 946 514 951 515 951 516 951 589 949 687 940 687 932 685 907 619 908 613 908 581 903 580 903 579 903 560 909 556 910 539 909 467 905 466 905 466 905 441 912 432 913 416 912 375 908 374 908 373 908 360 913 355 915 346 913 326 910 326 910 298 914 298 914 297 914 283 911 283 911 282 911 281 911 280 911 280 912 276 915 273 918 257 915 248 914 247 914 246 914 245 914 245 915 245 916 241 919 211 919 206 917 200 913 199 913 198 913 182 913 181 913 180 913 166 918 163 918 159 918 131 914 130 914 129 914 129 914 123 918 117 922 87 919 89 947"/></Shape>
            <String CONTENT="lis à ſe fidem et dilectionẽ dei imbiberunt filij, in eis"
                    HPOS="87.0"
                    VPOS="903.0"
                    WIDTH="600.0"
                    HEIGHT="54.0"
                    ></String>
          </TextLine>
          <TextLine ID="line_20"
                    TAGREFS="LT8"
                    BASELINE="91 988 692 971" 
                    HPOS="90.0"
                    VPOS="942.0"
                    WIDTH="602.0"
                    HEIGHT="57.0">
            <Shape><Polygon POINTS="91 988 91 999 126 995 226 995 300 995 301 995 302 995 302 995 302 994 305 993 307 990 317 992 330 994 331 994 364 991 392 988 456 988 570 988 571 988 619 982 631 981 636 982 655 985 656 985 657 985 658 985 663 981 665 980 692 980 692 971 690 944 668 942 668 942 667 942 663 945 657 948 651 945 646 942 645 942 644 942 644 942 621 942 620 942 606 946 595 951 557 951 552 948 542 944 541 944 540 944 500 950 480 953 476 951 468 946 467 946 466 946 429 947 428 947 427 947 422 952 417 948 416 948 415 948 414 948 376 952 370 949 369 949 368 949 367 949 354 956 350 956 342 956 313 952 312 952 312 952 311 952 306 957 305 958 270 959 266 958 245 952 244 952 243 952 242 952 226 958 211 953 211 953 210 953 209 953 181 961 179 961 174 961 115 958 114 958 113 958 90 964 91 988"/></Shape>
            <String CONTENT="permaneãt, iugiter inculcãdo fidem et timorẽ dei, ut"
                    HPOS="90.0"
                    VPOS="942.0"
                    WIDTH="602.0"
                    HEIGHT="57.0"
                    ></String>
          </TextLine>
          <TextLine ID="line_21"
                    TAGREFS="LT8"
                    BASELINE="90 1031 427 1017 691 1011" 
                    HPOS="88.0"
                    VPOS="977.0"
                    WIDTH="603.0"
                    HEIGHT="66.0">
            <Shape><Polygon POINTS="90 1031 90 1043 117 1037 152 1037 158 1041 159 1042 160 1042 161 1042 162 1042 168 1041 195 1034 262 1033 271 1037 274 1038 274 1038 275 1038 331 1036 331 1036 338 1034 356 1029 392 1032 403 1033 403 1033 404 1033 407 1032 416 1028 439 1030 441 1030 442 1030 443 1030 464 1026 471 1029 475 1031 475 1031 476 1031 527 1027 597 1021 608 1023 613 1025 614 1025 615 1025 691 1020 691 1011 687 977 676 981 629 980 623 980 622 980 621 980 620 980 590 988 580 984 579 984 578 984 577 984 553 990 471 992 458 988 457 988 456 988 414 994 406 989 402 987 401 987 400 987 387 990 360 997 343 997 336 992 334 990 333 990 332 990 331 990 331 990 325 993 312 998 285 994 274 993 273 993 272 993 267 995 256 999 246 996 245 995 244 995 243 995 242 995 240 996 226 1000 201 998 168 994 168 994 99 997 98 997 88 1001 90 1031"/></Shape>
            <String CONTENT="ſancti ſint moribus ab omni contagione criminũ ſibi"
                    HPOS="88.0"
                    VPOS="977.0"
                    WIDTH="603.0"
                    HEIGHT="66.0"
                    ></String>
          </TextLine>
          <TextLine ID="line_22"
                    TAGREFS="LT8"
                    BASELINE="94 1068 691 1050" 
                    HPOS="92.0"
                    VPOS="1022.0"
                    WIDTH="599.0"
                    HEIGHT="62.0">
            <Shape><Polygon POINTS="94 1068 94 1084 124 1078 144 1083 147 1083 148 1083 149 1083 149 1083 149 1082 158 1076 184 1081 185 1081 186 1081 204 1074 259 1078 280 1079 281 1079 282 1079 283 1079 283 1078 285 1076 288 1073 297 1076 301 1077 302 1077 302 1077 303 1077 307 1076 319 1071 329 1075 335 1077 336 1077 336 1077 337 1077 338 1077 343 1074 350 1069 392 1068 399 1071 403 1075 404 1075 405 1075 406 1075 473 1072 497 1067 505 1066 514 1067 545 1071 546 1071 547 1071 556 1067 608 1069 609 1069 610 1069 634 1061 637 1060 691 1058 691 1050 689 1028 648 1022 647 1022 646 1022 631 1028 620 1023 620 1023 619 1023 592 1028 582 1023 581 1023 581 1023 580 1023 579 1023 570 1030 528 1025 527 1025 526 1025 511 1033 489 1033 473 1027 472 1027 471 1027 471 1027 455 1033 418 1028 418 1028 382 1034 365 1030 364 1030 363 1030 362 1030 337 1038 336 1038 299 1038 286 1038 256 1033 255 1033 254 1033 254 1033 254 1034 247 1040 243 1040 159 1037 158 1037 92 1044 94 1068"/></Shape>
            <String CONTENT="perpetuo cauẽtes, carni et ſanguini nõ indulgentes"
                    HPOS="92.0"
                    VPOS="1022.0"
                    WIDTH="599.0"
                    HEIGHT="62.0"
                    WC="0.9976847699055305"></String>
          </TextLine>
          <TextLine ID="line_23"
                    TAGREFS="LT8"
                    BASELINE="95 1108 435 1095 692 1091" 
                    HPOS="93.0"
                    VPOS="1062.0"
                    WIDTH="599.0"
                    HEIGHT="58.0">
            <Shape><Polygon POINTS="95 1108 95 1115 144 1115 147 1115 175 1120 176 1120 233 1113 237 1113 245 1118 245 1118 246 1118 247 1118 284 1117 285 1117 303 1112 314 1109 343 1111 360 1112 361 1112 362 1112 363 1112 365 1110 369 1108 400 1110 413 1110 414 1110 415 1110 418 1110 429 1105 440 1109 448 1112 449 1112 450 1112 451 1112 465 1109 478 1105 495 1108 503 1109 504 1109 504 1109 505 1109 506 1108 513 1104 519 1108 520 1108 521 1108 522 1108 523 1108 524 1108 524 1107 533 1102 550 1107 557 1109 557 1109 558 1109 568 1106 594 1100 624 1105 630 1106 631 1106 632 1106 633 1106 634 1105 642 1099 655 1105 657 1105 658 1105 658 1105 692 1104 692 1091 690 1067 641 1062 640 1062 586 1069 585 1069 584 1069 558 1064 557 1064 557 1064 530 1071 529 1071 524 1071 442 1069 441 1069 358 1075 345 1071 344 1071 343 1071 342 1071 341 1071 341 1071 336 1076 333 1076 285 1072 284 1072 258 1079 255 1079 254 1079 230 1074 230 1074 93 1083 95 1108"/></Shape>
            <String CONTENT="et dei mãdata ꝗbus eos mater pueros edocuit ſemꝑ"
                    HPOS="93.0"
                    VPOS="1062.0"
                    WIDTH="599.0"
                    HEIGHT="58.0"
                    ></String>
          </TextLine>
          <TextLine ID="line_24"
                    TAGREFS="LT8"
                    BASELINE="95 1148 418 1136 696 1130" 
                    HPOS="93.0"
                    VPOS="1102.0"
                    WIDTH="603.0"
                    HEIGHT="56.0">
            <Shape><Polygon POINTS="95 1148 95 1158 130 1154 147 1158 150 1158 151 1158 152 1158 153 1158 153 1158 159 1154 186 1157 197 1158 198 1158 199 1158 205 1156 216 1153 225 1155 233 1158 234 1158 235 1158 254 1154 283 1150 302 1153 317 1155 318 1155 346 1153 346 1153 347 1153 347 1152 348 1152 352 1148 374 1151 389 1153 389 1153 406 1150 431 1145 447 1148 458 1151 459 1151 478 1148 495 1144 503 1147 512 1149 513 1149 514 1149 552 1148 553 1148 559 1145 565 1142 589 1144 611 1146 612 1146 613 1146 620 1143 628 1139 695 1140 696 1130 694 1106 658 1102 658 1102 568 1110 563 1110 562 1110 543 1103 542 1103 541 1103 540 1103 514 1111 512 1111 510 1111 482 1106 481 1106 480 1106 480 1106 471 1111 466 1108 465 1108 464 1108 463 1108 462 1108 456 1113 456 1114 437 1114 420 1114 403 1107 402 1107 401 1107 283 1115 262 1111 261 1111 260 1111 235 1119 232 1119 228 1119 184 1114 183 1114 182 1114 182 1114 182 1115 174 1121 173 1121 173 1121 161 1118 160 1118 159 1118 93 1123 95 1148"/></Shape>
            <String CONTENT="memoria cogitãtes: ſancti ſint et ꝑmaneãt corpore et"
                    HPOS="93.0"
                    VPOS="1102.0"
                    WIDTH="603.0"
                    HEIGHT="56.0"
                    ></String>
          </TextLine>
          <TextLine ID="line_25"
                    TAGREFS="LT8"
                    BASELINE="105 1187 113 1189 692 1171" 
                    HPOS="105.0"
                    VPOS="1141.0"
                    WIDTH="587.0"
                    HEIGHT="70.0">
            <Shape><Polygon POINTS="105 1178 105 1187 106 1211 158 1199 165 1202 166 1202 167 1202 215 1197 244 1204 251 1206 252 1206 268 1203 302 1196 312 1201 318 1204 319 1204 320 1205 343 1205 343 1204 344 1204 360 1199 368 1203 369 1203 370 1203 370 1203 371 1203 371 1202 376 1197 378 1196 407 1196 416 1196 423 1201 423 1201 424 1201 425 1201 525 1198 526 1198 527 1198 538 1190 540 1187 548 1189 576 1196 577 1196 578 1196 602 1187 607 1185 615 1186 658 1192 659 1192 660 1192 661 1192 671 1183 671 1182 692 1182 692 1171 689 1143 623 1146 618 1144 610 1142 609 1142 608 1142 607 1142 606 1142 603 1145 600 1148 593 1145 581 1141 581 1141 580 1141 535 1147 500 1151 474 1148 456 1146 455 1146 454 1146 453 1146 451 1148 446 1153 437 1148 437 1148 436 1148 435 1148 434 1148 432 1149 419 1153 408 1149 399 1147 399 1147 398 1147 397 1147 389 1150 387 1151 382 1150 370 1148 369 1148 368 1148 361 1151 351 1155 326 1151 317 1150 316 1150 315 1150 312 1152 300 1158 269 1158 257 1153 256 1153 255 1153 254 1153 254 1153 253 1153 253 1153 247 1158 211 1160 199 1154 197 1153 197 1153 196 1153 195 1153 192 1154 174 1161 166 1155 165 1154 164 1154 163 1154 163 1154 162 1154 161 1154 160 1155 152 1161 145 1155 144 1155 144 1155 143 1155 110 1156 105 1178"/></Shape>
            <String CONTENT="ſpũ. Sobrietatem in primis curãtes, ut cibo et potu"
                    HPOS="105.0"
                    VPOS="1141.0"
                    WIDTH="587.0"
                    HEIGHT="70.0"
                    ></String>
          </TextLine>
        </TextBlock>
        <TextBlock HPOS="612"
                   VPOS="1184"
                   WIDTH="90"
                   HEIGHT="47"
                   ID="block_2"
                   TAGREFS="BT17">
          <Shape><Polygon POINTS="702 1184 702 1231 612 1231 612 1184"/></Shape>
          <TextLine ID="line_26"
                    TAGREFS="LT8"
                    BASELINE="615 1211 700 1210" 
                    HPOS="615.0"
                    VPOS="1174.0"
                    WIDTH="85.0"
                    HEIGHT="61.0">
            <Shape><Polygon POINTS="615 1211 615 1229 656 1235 657 1235 658 1235 677 1226 687 1230 687 1230 688 1230 689 1230 700 1225 700 1210 698 1174 673 1174 673 1174 672 1174 671 1174 671 1175 668 1177 662 1182 649 1180 626 1176 625 1176 625 1176 624 1176 615 1182 615 1211"/></Shape>
            <String CONTENT="ſomno"
                    HPOS="615.0"
                    VPOS="1174.0"
                    WIDTH="85.0"
                    HEIGHT="61.0"
                    WC="0.9999853849411011"></String>
          </TextLine>
        </TextBlock>
      </PrintSpace>
    </Page>
  </Layout>
</alto>
