<?xml version="1.0" encoding="UTF-8"?>
<alto xmlns:xsi="http://www.w3.org/2001/XMLSchema-instance"
      xmlns="http://www.loc.gov/standards/alto/ns-v4#"
      xsi:schemaLocation="http://www.loc.gov/standards/alto/ns-v4# http://www.loc.gov/standards/alto/v4/alto-4-2.xsd">
  <Description>
    <MeasurementUnit>pixel</MeasurementUnit>
    <sourceImageInformation>
      <fileName>952818.jpg</fileName>
    </sourceImageInformation>
  </Description>
  <Tags>
    <OtherTag ID="BT7" LABEL="CustomZone" DESCRIPTION="block type CustomZone"/><OtherTag ID="BT8" LABEL="DamageZone" DESCRIPTION="block type DamageZone"/><OtherTag ID="BT9" LABEL="DigitizationArtefactZone" DESCRIPTION="block type DigitizationArtefactZone"/><OtherTag ID="BT10" LABEL="DropCapitalZone" DESCRIPTION="block type DropCapitalZone"/><OtherTag ID="BT11" LABEL="GraphicZone" DESCRIPTION="block type GraphicZone"/><OtherTag ID="BT12" LABEL="MainZone" DESCRIPTION="block type MainZone"/><OtherTag ID="BT13" LABEL="MarginTextZone" DESCRIPTION="block type MarginTextZone"/><OtherTag ID="BT14" LABEL="MusicZone" DESCRIPTION="block type MusicZone"/><OtherTag ID="BT15" LABEL="NumberingZone" DESCRIPTION="block type NumberingZone"/><OtherTag ID="BT17" LABEL="QuireMarksZone" DESCRIPTION="block type QuireMarksZone"/><OtherTag ID="BT18" LABEL="RunningTitleZone" DESCRIPTION="block type RunningTitleZone"/><OtherTag ID="BT19" LABEL="SealZone" DESCRIPTION="block type SealZone"/><OtherTag ID="BT20" LABEL="StampZone" DESCRIPTION="block type StampZone"/><OtherTag ID="BT21" LABEL="TableZone" DESCRIPTION="block type TableZone"/><OtherTag ID="BT22" LABEL="TitlePageZone" DESCRIPTION="block type TitlePageZone"/><OtherTag ID="BT3108" LABEL="MainZone-P-Continued" DESCRIPTION="block type MainZone-P-Continued"/><OtherTag ID="BT3109" LABEL="MainZone-P" DESCRIPTION="block type MainZone-P"/><OtherTag ID="BT3110" LABEL="MainZone-Sp-Continued" DESCRIPTION="block type MainZone-Sp-Continued"/><OtherTag ID="BT3111" LABEL="MainZone-Sp" DESCRIPTION="block type MainZone-Sp"/><OtherTag ID="BT3112" LABEL="MainZone-Head" DESCRIPTION="block type MainZone-Head"/><OtherTag ID="BT3115" LABEL="MainZone-Entry" DESCRIPTION="block type MainZone-Entry"/>
    <OtherTag ID="LT7" LABEL="CustomLine" DESCRIPTION="line type CustomLine"/><OtherTag ID="LT8" LABEL="DefaultLine" DESCRIPTION="line type DefaultLine"/><OtherTag ID="LT9" LABEL="DropCapitalLine" DESCRIPTION="line type DropCapitalLine"/><OtherTag ID="LT10" LABEL="HeadingLine" DESCRIPTION="line type HeadingLine"/><OtherTag ID="LT11" LABEL="InterlinearLine" DESCRIPTION="line type InterlinearLine"/><OtherTag ID="LT12" LABEL="MusicLine" DESCRIPTION="line type MusicLine"/>
  </Tags>
  <Layout>
    <Page WIDTH="1000"
          HEIGHT="1490"
          PHYSICAL_IMG_NR="13"
          ID="eSc_dummypage_">
      <PrintSpace HPOS="0"
                  VPOS="0"
                  WIDTH="1000"
                  HEIGHT="1490">
        <TextBlock HPOS="264"
                   VPOS="126"
                   WIDTH="54"
                   HEIGHT="50"
                   ID="eSc_textblock_ab6cba4f"
                   TAGREFS="BT15">
          <Shape><Polygon POINTS="264 126 264 176 318 176 318 126"/></Shape>
          <TextLine ID="line_0"
                    TAGREFS="LT8"
                    BASELINE="276 161 309 161" 
                    HPOS="275"
                    VPOS="124"
                    WIDTH="33"
                    HEIGHT="57">
            <Shape><Polygon POINTS="275 180 306 181 308 160 306 124 275 125 275 160"/></Shape>
            <String CONTENT="54"
                    HPOS="275"
                    VPOS="124"
                    WIDTH="33"
                    HEIGHT="57"
                    WC="0.9999995827674866"></String>
          </TextLine>
        </TextBlock>
        <TextBlock HPOS="351"
                   VPOS="132"
                   WIDTH="446"
                   HEIGHT="43"
                   ID="block_1"
                   TAGREFS="BT18">
          <Shape><Polygon POINTS="797 132 797 175 351 175 351 132"/></Shape>
          <TextLine ID="eSc_line_7fe9b460"
                    TAGREFS="LT10"
                    BASELINE="359 161 786 160" 
                    HPOS="356"
                    VPOS="132"
                    WIDTH="436"
                    HEIGHT="40">
            <Shape><Polygon POINTS="766 132 754 132 741 132 729 132 716 132 704 132 691 132 679 132 667 132 654 132 642 132 629 132 617 132 604 132 592 132 580 132 567 132 555 132 542 132 530 132 518 132 505 132 493 132 480 132 468 132 455 132 443 132 431 132 418 132 406 132 393 132 381 132 368 132 356 132 357 160 357 172 791 171 792 158 790 132 778 132"/></Shape>
            <String CONTENT="COMMEN. IN PRIOREM"
                    HPOS="356"
                    VPOS="132"
                    WIDTH="436"
                    HEIGHT="40"
                    WC="0.9986507164107429"></String>
          </TextLine>
        </TextBlock>
        <TextBlock HPOS="275"
                   VPOS="186"
                   WIDTH="619"
                   HEIGHT="198"
                   ID="block_3"
                   TAGREFS="BT3108">
          <Shape><Polygon POINTS="894 186 894 384 288 384 275 193"/></Shape>
          <TextLine ID="line_1"
                    TAGREFS="LT8"
                    BASELINE="293 214 889 217" 
                    HPOS="292.0"
                    VPOS="181.0"
                    WIDTH="597.0"
                    HEIGHT="50.0">
            <Shape><Polygon POINTS="293 214 292 222 359 228 360 228 360 228 373 224 380 229 381 229 382 229 383 229 438 225 455 230 456 230 456 230 519 225 604 230 605 230 694 225 740 231 741 231 889 225 889 217 889 182 822 182 821 182 820 182 818 183 798 192 763 185 762 185 761 185 738 192 663 192 650 185 648 184 647 184 646 184 645 184 644 184 644 185 638 189 632 185 627 182 626 182 625 182 625 182 585 186 540 191 533 187 522 181 521 181 520 181 519 181 519 181 509 187 502 191 490 187 477 183 476 183 475 183 475 183 474 183 469 187 464 191 444 187 422 184 421 184 403 188 395 190 392 188 381 182 380 182 379 182 379 182 366 187 350 182 350 182 349 182 348 182 325 189 321 190 293 190 293 214"/></Shape>
            <String CONTENT="mnibus, quatenus tranquille uiuere poßent, &amp; ut"
                    HPOS="292.0"
                    VPOS="181.0"
                    WIDTH="597.0"
                    HEIGHT="50.0"
                    WC="0.9875061423220532"></String>
          </TextLine>
          <TextLine ID="line_2"
                    TAGREFS="LT8"
                    BASELINE="289 254 889 256" 
                    HPOS="288.0"
                    VPOS="225.0"
                    WIDTH="601.0"
                    HEIGHT="45.0">
            <Shape><Polygon POINTS="289 254 288 268 887 270 889 256 887 226 814 230 788 226 784 226 783 226 783 226 782 226 774 232 680 228 679 228 548 231 544 228 541 225 540 225 539 225 538 225 538 225 525 229 519 230 512 229 494 225 493 225 492 225 485 229 481 230 477 229 466 225 466 225 434 225 433 225 432 225 423 229 421 231 397 231 395 230 390 225 390 225 389 225 389 225 388 225 387 225 373 230 370 230 361 230 326 225 325 225 289 230 289 254"/></Shape>
            <String CONTENT="ad agnitionẽ ueritatis omnes peruenirent ſaluandi."
                    HPOS="288.0"
                    VPOS="225.0"
                    WIDTH="601.0"
                    HEIGHT="45.0"
                    WC="0.99709894026027"></String>
          </TextLine>
          <TextLine ID="line_3"
                    TAGREFS="LT8"
                    BASELINE="290 293 890 296" 
                    HPOS="290.0"
                    VPOS="264.0"
                    WIDTH="600.0"
                    HEIGHT="46.0">
            <Shape><Polygon POINTS="290 293 290 305 553 302 572 305 596 309 597 309 733 306 759 310 759 310 889 305 890 296 890 268 855 267 854 267 853 267 851 268 842 272 815 268 809 267 808 267 807 267 806 268 795 273 782 273 776 268 775 268 775 267 774 267 774 267 773 267 767 268 740 273 669 273 658 268 655 267 654 267 653 267 653 267 649 268 636 272 630 269 628 266 627 266 626 266 589 265 588 265 587 265 581 269 576 271 533 271 531 269 527 265 526 265 525 265 524 265 494 269 471 271 463 269 453 265 452 265 451 265 425 269 413 270 409 269 397 264 396 264 395 264 394 264 379 269 374 270 357 269 301 264 300 264 299 264 290 269 290 293"/></Shape>
            <String CONTENT="Nunc uiros &amp; mulieres inſtruit, quomo do orandũ"
                    HPOS="290.0"
                    VPOS="264.0"
                    WIDTH="600.0"
                    HEIGHT="46.0"
                    WC="0.9943064885834852"></String>
          </TextLine>
          <TextLine ID="line_4"
                    TAGREFS="LT8"
                    BASELINE="290 331 889 336" 
                    HPOS="289.0"
                    VPOS="309.0"
                    WIDTH="600.0"
                    HEIGHT="41.0">
            <Shape><Polygon POINTS="737 317 729 317 721 317 712 317 704 317 696 317 687 317 679 317 671 317 663 317 654 317 646 317 638 317 629 317 621 317 613 317 605 317 596 317 588 317 580 317 572 317 563 317 555 317 547 317 538 317 530 317 522 317 514 317 505 317 497 317 489 317 480 317 472 317 464 317 456 317 447 317 439 317 431 317 423 317 414 317 406 317 398 317 389 317 381 317 373 317 365 317 356 317 348 317 340 317 331 317 323 317 315 317 307 317 298 317 290 317 290 331 289 341 331 347 332 347 380 342 384 342 384 342 390 347 391 347 392 347 432 348 432 348 433 348 443 343 444 343 447 343 472 348 473 348 504 344 515 343 558 343 562 345 570 349 571 349 572 349 595 346 598 346 629 346 779 350 780 350 781 350 788 349 800 346 888 350 889 336 889 317 856 310 855 310 778 314 771 309 770 309 769 309 769 309 739 312 737 317"/></Shape>
            <String CONTENT="de alijs neceßarijs incidenter, fœminarũ mores in¬"
                    HPOS="289.0"
                    VPOS="309.0"
                    WIDTH="600.0"
                    HEIGHT="41.0"
                    ></String>
          </TextLine>
          <TextLine ID="line_5"
                    TAGREFS="LT8"
                    BASELINE="291 371 591 373" 
                    HPOS="290.0"
                    VPOS="340.0"
                    WIDTH="301.0"
                    HEIGHT="47.0">
            <Shape><Polygon POINTS="291 371 290 384 341 381 355 384 359 385 360 385 360 385 361 385 364 384 374 379 386 384 390 385 391 385 392 385 403 384 434 379 468 379 472 384 475 385 475 386 475 386 476 386 477 387 493 387 493 386 494 386 495 386 495 385 497 383 500 380 508 383 513 384 514 384 514 384 515 384 516 384 518 383 522 380 559 380 562 383 566 386 567 386 567 386 568 386 590 382 591 373 590 349 519 341 518 341 494 346 486 348 480 346 468 343 467 343 466 343 450 346 442 347 439 346 432 341 432 341 431 341 430 341 429 341 417 345 368 340 367 340 366 340 365 340 365 341 361 344 357 347 343 344 335 342 334 342 333 342 330 344 322 346 315 343 306 340 305 340 304 340 291 342 291 371"/></Shape>
            <String CONTENT="ſtituendo, uiros primum."
                    HPOS="290.0"
                    VPOS="340.0"
                    WIDTH="301.0"
                    HEIGHT="47.0"
                    ></String>
          </TextLine>
        </TextBlock>
        <TextBlock HPOS="280"
                   VPOS="383"
                   WIDTH="617"
                   HEIGHT="783"
                   ID="block_4"
                   TAGREFS="BT3109">
          <Shape><Polygon POINTS="897 383 897 1166 287 1166 280 390"/></Shape>
          <TextLine ID="line_6"
                    TAGREFS="LT8"
                    BASELINE="330 411 891 413" 
                    HPOS="329.0"
                    VPOS="379.0"
                    WIDTH="562.0"
                    HEIGHT="48.0">
            <Shape><Polygon POINTS="330 411 329 418 353 425 354 425 355 425 389 419 509 419 622 419 628 422 634 426 635 426 636 426 637 426 648 423 652 422 679 423 743 427 744 427 745 427 750 425 759 421 771 425 776 427 777 427 778 427 787 425 803 422 889 427 891 413 890 381 842 389 772 389 765 383 765 382 764 382 764 382 763 382 668 385 661 381 659 380 658 380 658 380 621 380 620 380 620 380 619 380 617 382 610 387 602 383 601 383 600 383 562 387 554 382 552 380 552 380 551 380 550 380 543 382 524 386 503 382 494 380 493 380 492 380 488 382 479 386 450 386 441 382 434 379 433 379 432 379 417 382 395 386 388 382 383 379 382 379 381 379 380 379 372 382 361 386 330 383 330 411"/></Shape>
            <String CONTENT="Volo uiros orare in omni loco] Nondum ampliſᛘ"
                    HPOS="329.0"
                    VPOS="379.0"
                    WIDTH="562.0"
                    HEIGHT="48.0"
                    ></String>
          </TextLine>
          <TextLine ID="line_7"
                    TAGREFS="LT8"
                    BASELINE="292 450 890 452" 
                    HPOS="291.0"
                    VPOS="419.0"
                    WIDTH="599.0"
                    HEIGHT="49.0">
            <Shape><Polygon POINTS="292 450 291 461 307 466 308 466 309 466 322 461 333 459 365 459 380 461 413 466 413 466 414 466 415 466 420 461 423 459 452 461 476 463 477 463 478 463 483 461 489 459 495 461 508 466 509 466 509 467 558 467 558 466 559 466 572 461 573 461 574 461 582 466 583 466 584 466 585 466 586 466 586 466 594 461 595 460 625 460 630 461 649 466 649 466 650 466 651 466 652 466 659 461 662 460 676 460 681 461 706 467 706 467 707 467 708 467 730 461 730 461 731 461 745 467 745 467 746 467 768 463 780 467 781 467 782 468 852 468 852 467 853 467 854 467 863 461 889 461 890 452 889 428 823 422 822 422 785 427 783 427 769 421 769 421 768 421 767 421 753 427 752 428 722 428 721 427 711 421 711 421 710 421 709 421 708 421 690 426 663 420 662 420 621 427 620 427 576 420 527 420 526 420 525 420 524 420 516 427 498 427 449 420 448 420 447 420 447 420 440 425 433 419 432 419 432 419 431 419 366 426 365 426 362 426 306 419 305 419 304 419 292 425 292 450"/></Shape>
            <String CONTENT="ſima templa erant ſufficiebat locus pro familia, lonᛘ"
                    HPOS="291.0"
                    VPOS="419.0"
                    WIDTH="599.0"
                    HEIGHT="49.0"
                    ></String>
          </TextLine>
          <TextLine ID="line_8"
                    TAGREFS="LT8"
                    BASELINE="295 487 892 492" 
                    HPOS="295.0"
                    VPOS="459.0"
                    WIDTH="597.0"
                    HEIGHT="49.0">
            <Shape><Polygon POINTS="295 487 295 503 361 499 370 504 370 504 371 504 372 504 377 504 408 500 413 504 413 504 414 504 415 504 416 504 423 504 454 498 499 504 513 505 514 505 514 505 518 504 526 499 550 499 562 504 566 505 567 505 567 506 586 506 586 505 586 505 587 505 588 504 595 499 675 499 686 504 692 507 693 507 694 507 695 507 696 507 699 504 705 500 745 500 752 504 755 507 756 507 757 507 758 508 778 508 778 507 779 507 780 507 783 504 788 500 818 500 826 504 830 507 831 507 831 507 891 504 892 492 892 467 871 462 870 462 870 462 824 467 814 468 807 467 771 461 770 461 701 466 688 461 687 461 687 461 649 466 644 466 644 466 637 461 636 461 635 461 634 461 634 461 615 466 610 466 596 466 549 462 548 462 508 465 495 466 472 465 465 465 457 459 456 459 456 459 455 459 423 465 418 465 295 464 295 487"/></Shape>
            <String CONTENT="go tempore in cryptis prædicatũ, ubicũ eccleſia"
                    HPOS="295.0"
                    VPOS="459.0"
                    WIDTH="597.0"
                    HEIGHT="49.0"
                    ></String>
          </TextLine>
          <TextLine ID="line_9"
                    TAGREFS="LT8"
                    BASELINE="291 528 892 531" 
                    HPOS="291.0"
                    VPOS="499.0"
                    WIDTH="601.0"
                    HEIGHT="40.0">
            <Shape><Polygon POINTS="291 528 291 539 891 538 892 531 890 504 745 507 734 504 721 500 720 500 719 500 701 504 697 505 695 504 691 500 690 500 689 500 668 500 667 500 666 500 665 500 665 501 661 504 658 507 631 507 625 504 615 501 615 501 614 501 599 504 595 504 584 504 519 499 518 499 517 499 507 504 504 505 503 504 496 499 495 499 495 499 494 499 493 499 492 499 487 504 485 506 462 506 457 504 439 499 438 499 437 499 437 499 436 499 431 504 421 500 420 500 419 500 389 504 384 504 383 504 375 499 375 499 374 499 344 499 343 499 342 499 341 499 334 504 332 504 291 504 291 528"/></Shape>
            <String CONTENT="erat, duo aut tres ubi locus orationis erat et prædiᛘ"
                    HPOS="291.0"
                    VPOS="499.0"
                    WIDTH="601.0"
                    HEIGHT="40.0"
                    ></String>
          </TextLine>
          <TextLine ID="line_10"
                    TAGREFS="LT8"
                    BASELINE="290 567 891 571" 
                    HPOS="289.0"
                    VPOS="535.0"
                    WIDTH="602.0"
                    HEIGHT="51.0">
            <Shape><Polygon POINTS="290 567 289 575 308 581 309 581 310 582 350 582 350 581 351 581 352 581 360 576 421 582 422 582 480 577 531 583 532 583 564 578 590 584 591 584 679 579 690 585 691 585 692 585 692 585 704 581 721 585 722 585 723 585 724 585 725 585 733 580 786 580 856 586 857 586 890 580 891 571 890 539 846 539 846 539 845 539 844 539 835 546 798 539 790 538 789 538 783 539 759 545 725 540 714 538 713 538 712 538 711 538 710 540 700 546 665 546 653 540 647 538 646 538 645 538 644 538 637 540 627 544 566 544 560 541 555 537 554 537 553 537 552 537 552 537 541 541 531 544 514 541 490 536 489 536 454 537 453 537 442 541 437 543 386 543 384 542 377 535 376 535 375 535 375 535 374 535 373 535 364 542 362 543 357 542 334 538 333 538 332 538 322 542 321 543 290 543 290 567"/></Shape>
            <String CONTENT="cationis. In cubilibus, in agro, in naui, in mõtibus, ſylᛘ"
                    HPOS="289.0"
                    VPOS="535.0"
                    WIDTH="602.0"
                    HEIGHT="51.0"
                    ></String>
          </TextLine>
          <TextLine ID="line_11"
                    TAGREFS="LT8"
                    BASELINE="292 606 889 610" 
                    HPOS="291.0"
                    VPOS="577.0"
                    WIDTH="598.0"
                    HEIGHT="47.0">
            <Shape><Polygon POINTS="292 606 291 615 346 622 347 622 503 619 575 618 582 620 591 624 592 624 593 624 627 621 655 619 684 622 702 624 703 624 712 622 733 619 887 624 889 610 888 586 843 580 842 580 841 580 823 585 820 586 782 586 779 585 768 580 767 580 766 580 765 580 750 585 747 586 745 585 733 579 732 579 731 579 730 579 712 585 711 585 709 585 693 579 692 579 692 579 558 584 546 584 545 584 537 578 536 578 535 578 534 578 487 583 480 584 478 583 462 578 461 578 461 578 460 578 444 583 441 584 399 584 399 583 389 577 389 577 388 577 387 577 346 582 318 577 317 577 317 577 316 577 308 583 307 583 292 583 292 606"/></Shape>
            <String CONTENT="uis, ubi orationis locus, quia ubi dominus, ubi"
                    HPOS="291.0"
                    VPOS="577.0"
                    WIDTH="598.0"
                    HEIGHT="47.0"
                    WC="0.9976814818382264"></String>
          </TextLine>
          <TextLine ID="line_12"
                    TAGREFS="LT8"
                    BASELINE="291 644 891 648" 
                    HPOS="290.0"
                    VPOS="617.0"
                    WIDTH="601.0"
                    HEIGHT="46.0">
            <Shape><Polygon POINTS="290 654 299 660 300 660 301 660 302 660 378 655 396 660 397 660 398 660 451 656 457 661 458 661 459 661 460 662 485 662 485 661 485 661 486 661 493 656 515 656 528 661 528 661 529 661 530 661 550 656 571 661 572 661 572 661 620 657 628 662 629 662 629 662 630 663 704 663 704 662 735 657 745 663 746 663 747 663 890 657 891 648 890 624 759 620 759 620 758 620 751 622 742 625 700 621 668 619 667 619 666 619 665 619 662 621 657 624 629 621 624 620 623 620 618 620 591 624 538 620 511 618 510 618 509 618 509 618 509 619 507 620 502 624 480 624 442 619 424 617 423 617 423 617 422 617 419 619 413 624 381 624 375 619 374 617 373 617 372 617 351 617 350 617 350 617 349 617 348 618 341 624 306 624 292 618 291 644 290 654"/></Shape>
            <String CONTENT="templum dei quod ſumus nos, ubi cor fidele et deᛘ"
                    HPOS="290.0"
                    VPOS="617.0"
                    WIDTH="601.0"
                    HEIGHT="46.0"
                    ></String>
          </TextLine>
          <TextLine ID="line_13"
                    TAGREFS="LT8"
                    BASELINE="290 684 891 688" 
                    HPOS="289.0"
                    VPOS="657.0"
                    WIDTH="602.0"
                    HEIGHT="45.0">
            <Shape><Polygon POINTS="290 684 289 695 294 699 295 699 296 699 297 699 331 693 334 693 370 693 372 693 380 699 381 699 382 699 383 699 405 694 409 693 413 694 436 700 437 700 437 700 470 695 475 694 483 695 533 701 533 701 581 701 581 701 581 701 582 701 590 696 591 695 604 696 659 701 660 701 695 696 704 696 711 696 731 701 732 701 763 697 766 697 771 697 827 702 828 702 847 698 855 696 858 698 865 701 865 701 866 701 890 698 891 688 890 665 833 659 832 659 783 663 770 664 655 664 653 662 647 658 646 658 645 658 644 658 644 658 635 662 633 663 603 663 600 662 595 658 594 658 593 658 554 658 553 658 552 658 552 658 547 661 543 663 533 661 514 657 513 657 512 657 502 660 497 662 486 660 464 657 463 657 290 658 290 684"/></Shape>
            <String CONTENT="uotũ Id Chriſtus docuit: Cum inquit oraueris intra"
                    HPOS="289.0"
                    VPOS="657.0"
                    WIDTH="602.0"
                    HEIGHT="45.0"
                    WC="0.9918043578372282"></String>
          </TextLine>
          <TextLine ID="line_14"
                    TAGREFS="LT8"
                    BASELINE="290 724 890 726" 
                    HPOS="289.0"
                    VPOS="694.0"
                    WIDTH="601.0"
                    HEIGHT="47.0">
            <Shape><Polygon POINTS="290 724 289 732 344 733 355 739 355 739 356 739 461 734 490 740 491 740 518 735 533 739 533 739 534 739 535 739 545 735 612 735 619 740 620 740 620 740 621 740 682 740 682 740 682 740 683 740 689 735 709 740 710 740 711 741 884 741 884 740 884 740 885 740 889 736 890 726 890 703 869 696 868 696 867 696 866 696 841 702 816 696 815 696 814 696 813 696 793 702 793 702 767 696 766 696 765 696 764 696 752 702 751 703 740 703 739 702 731 696 730 696 730 696 729 696 669 701 660 695 659 695 658 695 637 695 636 695 635 695 623 701 593 696 592 696 591 696 591 696 584 701 584 702 554 702 553 701 543 695 542 695 541 695 540 695 480 701 437 701 429 696 428 696 427 696 427 696 404 701 385 694 384 694 322 694 321 694 320 694 319 694 312 701 302 696 302 696 301 696 300 696 290 700 290 724"/></Shape>
            <String CONTENT="cubiculum &amp; ora patrem in abſcondito. Hodie aſueᛘ"
                    HPOS="289.0"
                    VPOS="694.0"
                    WIDTH="601.0"
                    HEIGHT="47.0"
                    ></String>
          </TextLine>
          <TextLine ID="line_15"
                    TAGREFS="LT8"
                    BASELINE="289 763 891 767" 
                    HPOS="288.0"
                    VPOS="734.0"
                    WIDTH="603.0"
                    HEIGHT="44.0">
            <Shape><Polygon POINTS="289 763 288 774 889 778 891 767 891 742 874 737 873 737 872 737 841 741 835 742 833 741 824 736 823 736 822 736 822 736 821 736 813 741 811 742 710 742 708 740 698 735 697 735 697 735 630 740 624 740 623 740 613 735 612 735 611 735 494 740 485 740 484 740 478 735 478 734 477 734 476 734 475 734 475 734 461 738 423 734 422 734 421 734 405 739 374 735 373 735 289 738 289 763"/></Shape>
            <String CONTENT="uerunt multi, ut non niſi in eccleſia orare ualeant,"
                    HPOS="288.0"
                    VPOS="734.0"
                    WIDTH="603.0"
                    HEIGHT="44.0"
                    WC="0.9875619113445282"></String>
          </TextLine>
          <TextLine ID="line_16"
                    TAGREFS="LT8"
                    BASELINE="290 805 890 803" 
                    HPOS="289.0"
                    VPOS="773.0"
                    WIDTH="601.0"
                    HEIGHT="46.0">
            <Shape><Polygon POINTS="290 805 290 812 309 817 310 817 311 817 321 813 323 812 480 812 500 814 541 818 542 818 543 818 551 815 555 812 559 815 564 818 565 818 566 818 567 819 587 819 587 818 588 818 597 815 605 812 610 815 612 816 613 816 614 816 620 815 640 812 646 815 649 817 650 817 651 817 652 817 653 817 653 817 656 816 662 812 741 812 748 816 750 817 750 817 751 817 752 817 889 817 890 803 889 782 785 782 751 773 750 773 750 773 749 773 740 782 725 782 719 776 719 775 718 775 717 775 673 773 672 773 671 773 651 782 602 782 589 774 588 774 542 773 541 773 540 773 539 773 533 778 527 773 526 773 525 773 524 773 524 773 511 780 495 773 495 773 494 773 459 778 394 773 393 773 392 773 391 773 385 778 307 775 307 775 306 775 289 782 290 805"/></Shape>
            <String CONTENT="&amp; exaudiri credant, ſi tamen orant uerè, &amp; non poᛘ"
                    HPOS="289.0"
                    VPOS="773.0"
                    WIDTH="601.0"
                    HEIGHT="46.0"
                    ></String>
          </TextLine>
          <TextLine ID="line_17"
                    TAGREFS="LT8"
                    BASELINE="290 841 891 844" 
                    HPOS="289.0"
                    VPOS="812.0"
                    WIDTH="602.0"
                    HEIGHT="46.0">
            <Shape><Polygon POINTS="290 841 289 851 377 855 378 855 392 851 399 850 401 851 408 855 409 855 410 855 411 855 423 851 426 851 430 851 455 855 456 855 477 851 485 850 498 851 536 856 537 856 538 856 538 856 545 851 546 851 552 851 590 855 591 855 637 851 646 851 649 851 664 856 665 856 666 856 667 856 684 852 691 857 692 857 692 857 693 858 838 858 838 857 839 857 840 857 847 852 890 852 891 844 889 817 755 820 748 817 741 813 740 813 740 813 711 817 702 817 695 817 658 812 658 812 657 812 656 812 651 817 650 817 647 817 625 812 625 812 624 812 615 817 614 817 600 817 555 815 554 815 553 815 548 817 543 819 532 817 503 812 422 812 421 812 420 812 419 812 412 817 411 818 406 817 385 814 384 814 345 817 337 818 335 818 312 812 311 812 310 812 309 812 290 817 290 841"/></Shape>
            <String CONTENT="tius multa ſenſuum &amp; mentis diſtractione numerẽt"
                    HPOS="289.0"
                    VPOS="812.0"
                    WIDTH="602.0"
                    HEIGHT="46.0"
                    WC="0.9855536660369562"></String>
          </TextLine>
          <TextLine ID="line_18"
                    TAGREFS="LT8"
                    BASELINE="290 882 891 884" 
                    HPOS="290.0"
                    VPOS="850.0"
                    WIDTH="601.0"
                    HEIGHT="49.0">
            <Shape><Polygon POINTS="290 882 290 897 430 892 436 896 437 898 438 898 439 898 440 898 467 898 467 898 468 898 469 898 471 896 476 892 526 892 543 895 557 898 557 898 558 898 567 895 576 892 584 894 594 898 595 898 596 899 629 899 629 898 630 898 631 898 636 894 639 893 665 893 668 894 677 898 677 898 678 899 748 899 748 898 749 898 750 898 755 893 757 893 770 893 868 898 869 898 870 898 890 892 891 884 889 857 855 859 851 857 844 851 843 851 842 851 841 851 841 851 830 857 829 857 826 857 812 854 812 854 811 854 799 857 791 859 782 857 755 851 754 851 754 851 753 851 745 857 742 860 678 860 675 857 667 851 666 851 665 851 620 851 619 851 618 851 602 857 597 859 596 857 589 851 589 850 588 850 587 850 562 850 562 850 561 850 560 850 552 857 540 857 511 858 509 857 499 850 498 850 497 850 477 850 476 850 475 850 451 857 448 858 445 857 421 850 420 850 419 850 418 850 418 850 409 857 409 858 355 858 354 857 336 850 335 850 334 850 333 850 318 857 317 858 290 858 290 882"/></Shape>
            <String CONTENT="potius uerba, quàm corde, affectu́ &amp; feruore leuẽᛘ"
                    HPOS="290.0"
                    VPOS="850.0"
                    WIDTH="601.0"
                    HEIGHT="49.0"
                    ></String>
          </TextLine>
          <TextLine ID="line_19"
                    TAGREFS="LT8"
                    BASELINE="291 920 887 923" 
                    HPOS="290.0"
                    VPOS="890.0"
                    WIDTH="597.0"
                    HEIGHT="47.0">
            <Shape><Polygon POINTS="291 920 290 930 296 934 297 934 298 934 298 934 299 934 311 930 317 935 317 935 318 935 319 935 377 930 430 935 431 935 494 931 519 936 519 936 520 936 537 931 542 936 543 936 543 936 544 936 571 932 576 936 576 936 577 936 578 936 608 932 614 937 615 937 615 937 616 937 617 937 638 932 646 937 647 937 648 937 649 937 669 937 669 937 670 937 671 937 677 932 687 937 687 937 688 937 756 932 764 937 764 937 765 937 766 937 813 932 870 937 870 937 871 937 886 932 887 923 884 894 872 898 845 894 834 893 760 893 759 893 759 893 754 894 740 898 687 898 682 894 679 892 678 892 677 892 677 892 649 894 615 898 592 898 587 894 583 891 582 891 581 891 581 891 580 891 567 894 557 897 545 894 526 891 525 891 508 894 496 897 490 894 485 893 484 893 483 893 482 893 481 893 479 894 475 897 393 897 389 894 383 890 382 890 381 890 380 890 379 890 370 894 366 896 362 894 349 890 348 890 347 890 346 890 346 890 339 894 336 896 291 895 291 920"/></Shape>
            <String CONTENT="tur in deum, &amp; in frugilitatum ſuarum defectus &amp;"
                    HPOS="290.0"
                    VPOS="890.0"
                    WIDTH="597.0"
                    HEIGHT="47.0"
                    WC="0.9892926290631294"></String>
          </TextLine>
          <TextLine ID="line_20"
                    TAGREFS="LT8"
                    BASELINE="290 959 891 963" 
                    HPOS="289.0"
                    VPOS="931.0"
                    WIDTH="602.0"
                    HEIGHT="46.0">
            <Shape><Polygon POINTS="290 959 289 968 302 974 303 974 304 974 463 970 502 970 512 971 539 975 540 975 541 975 542 975 545 972 547 970 632 970 889 977 891 963 889 934 841 938 820 934 819 934 818 934 817 934 802 939 746 934 733 933 732 933 731 933 727 934 711 938 654 934 646 934 645 934 644 934 643 934 632 937 629 934 626 932 625 932 625 932 624 932 613 934 598 937 580 935 566 932 565 932 484 935 421 937 418 935 410 931 409 931 408 931 408 931 399 935 397 936 393 935 370 931 370 931 369 931 353 935 350 936 350 935 344 931 343 931 342 931 341 931 290 935 290 959"/></Shape>
            <String CONTENT="miſerias, quarum eonſideratione oratio promoueri"
                    HPOS="289.0"
                    VPOS="931.0"
                    WIDTH="602.0"
                    HEIGHT="46.0"
                    WC="0.9910198089977106"></String>
          </TextLine>
          <TextLine ID="line_21"
                    TAGREFS="LT8"
                    BASELINE="291 998 891 1002" 
                    HPOS="291.0"
                    VPOS="969.0"
                    WIDTH="600.0"
                    HEIGHT="46.0">
            <Shape><Polygon POINTS="291 998 291 1010 643 1010 644 1011 649 1014 650 1014 651 1014 652 1014 720 1011 725 1011 730 1011 772 1015 773 1015 890 1011 891 1002 890 977 873 973 872 973 871 973 870 973 866 976 865 977 862 976 846 974 846 974 831 976 822 978 820 976 812 972 811 972 775 972 774 972 774 972 760 976 757 978 687 978 682 976 665 971 664 971 663 971 663 971 662 971 662 972 657 976 655 977 647 976 621 972 620 972 577 975 567 976 565 975 558 970 557 970 557 970 530 970 529 970 503 975 501 975 500 975 485 970 485 970 456 970 455 970 454 970 453 970 446 975 444 976 412 976 408 975 385 969 384 969 384 969 351 975 350 975 350 975 332 969 331 969 331 969 330 969 329 969 322 975 303 969 302 969 302 969 301 969 291 974 291 998"/></Shape>
            <String CONTENT="debet. In omni inquit loco. Conſecratus eſt homo et"
                    HPOS="291.0"
                    VPOS="969.0"
                    WIDTH="600.0"
                    HEIGHT="46.0"
                    WC="0.9960137851098004"></String>
          </TextLine>
          <TextLine ID="line_22"
                    TAGREFS="LT8"
                    BASELINE="292 1036 891 1041" 
                    HPOS="291.0"
                    VPOS="1007.0"
                    WIDTH="600.0"
                    HEIGHT="50.0">
            <Shape><Polygon POINTS="292 1036 291 1046 303 1052 304 1052 305 1052 380 1047 403 1053 403 1053 404 1053 405 1053 423 1048 445 1052 446 1052 490 1048 511 1054 512 1054 513 1054 572 1050 581 1054 581 1054 706 1056 706 1056 744 1051 749 1055 750 1055 750 1055 751 1055 815 1052 856 1057 857 1057 858 1057 859 1057 865 1052 890 1052 891 1041 890 1011 846 1011 846 1011 845 1011 844 1011 844 1012 837 1018 817 1018 793 1011 790 1010 789 1010 759 1010 758 1010 757 1010 756 1010 755 1011 745 1018 726 1017 721 1011 720 1011 720 1010 719 1010 718 1010 717 1010 716 1010 713 1011 695 1017 686 1013 685 1013 684 1013 683 1013 673 1017 668 1012 668 1012 667 1012 666 1012 608 1017 599 1011 596 1009 596 1009 595 1009 594 1009 582 1012 576 1013 573 1012 567 1009 566 1009 551 1009 550 1009 549 1009 548 1009 545 1012 540 1016 524 1012 516 1009 515 1009 514 1009 514 1009 509 1012 500 1016 445 1016 440 1012 437 1009 437 1009 436 1009 435 1009 434 1009 428 1012 421 1015 418 1012 413 1008 412 1008 411 1008 410 1008 391 1012 381 1014 375 1012 364 1007 363 1007 362 1007 361 1007 351 1012 346 1014 292 1013 292 1036"/></Shape>
            <String CONTENT="mundus totus orationi nõ templo Hieroſolymis, ſed"
                    HPOS="291.0"
                    VPOS="1007.0"
                    WIDTH="600.0"
                    HEIGHT="50.0"
                    WC="0.9907641303539276"></String>
          </TextLine>
          <TextLine ID="line_23"
                    TAGREFS="LT8"
                    BASELINE="289 1076 890 1081" 
                    HPOS="288.0"
                    VPOS="1047.0"
                    WIDTH="602.0"
                    HEIGHT="49.0">
            <Shape><Polygon POINTS="289 1076 288 1090 405 1088 420 1091 432 1093 432 1093 433 1093 434 1093 437 1091 441 1088 476 1088 483 1091 489 1094 490 1094 490 1095 575 1095 575 1094 576 1094 582 1091 587 1089 615 1091 662 1095 663 1095 663 1095 664 1095 670 1091 671 1090 673 1091 677 1095 677 1095 678 1095 729 1095 730 1095 730 1095 742 1091 744 1091 783 1091 807 1091 832 1091 838 1096 839 1096 840 1096 841 1096 889 1091 890 1081 889 1055 855 1057 844 1054 834 1052 833 1052 832 1052 814 1054 790 1057 754 1053 729 1051 728 1051 727 1051 726 1051 725 1052 720 1057 691 1057 670 1052 657 1050 656 1050 655 1050 654 1050 652 1052 645 1056 613 1056 604 1052 600 1050 600 1050 599 1050 598 1050 597 1050 596 1052 592 1055 514 1055 492 1050 480 1048 480 1048 464 1050 433 1053 399 1049 384 1047 383 1047 382 1047 376 1049 363 1052 358 1048 357 1047 356 1047 355 1047 335 1047 334 1047 333 1047 331 1048 320 1052 289 1048 289 1076"/></Shape>
            <String CONTENT="in ſpiritu ct ueritate orandum, id quod docuit domiᛘ"
                    HPOS="288.0"
                    VPOS="1047.0"
                    WIDTH="602.0"
                    HEIGHT="49.0"
                    ></String>
          </TextLine>
          <TextLine ID="line_24"
                    TAGREFS="LT8"
                    BASELINE="292 1115 891 1120" 
                    HPOS="291.0"
                    VPOS="1086.0"
                    WIDTH="600.0"
                    HEIGHT="51.0">
            <Shape><Polygon POINTS="292 1115 291 1125 339 1132 340 1132 379 1127 391 1134 392 1134 393 1134 494 1129 507 1134 508 1134 552 1134 553 1134 554 1134 555 1134 563 1129 591 1135 592 1135 639 1131 648 1135 649 1135 714 1136 715 1136 754 1131 759 1130 764 1131 792 1137 793 1137 822 1132 827 1131 889 1132 891 1120 890 1091 822 1096 794 1090 792 1090 791 1090 790 1090 789 1090 779 1095 714 1090 711 1090 710 1090 709 1090 694 1095 684 1090 683 1089 682 1089 682 1089 681 1089 669 1090 607 1095 596 1090 592 1088 591 1088 591 1088 590 1088 586 1089 571 1094 564 1089 563 1088 562 1088 562 1088 534 1088 533 1088 533 1088 530 1089 519 1094 462 1094 457 1089 456 1088 456 1087 455 1087 454 1087 453 1087 436 1089 397 1093 370 1089 354 1086 353 1086 352 1086 351 1086 348 1089 342 1092 292 1089 292 1115"/></Shape>
            <String CONTENT="nus, &amp; quæ ſe exauditurũ promiſit. Cætera ſunt dei"
                    HPOS="291.0"
                    VPOS="1086.0"
                    WIDTH="600.0"
                    HEIGHT="51.0"
                    WC="0.9840181458230112"></String>
          </TextLine>
          <TextLine ID="line_25"
                    TAGREFS="LT8"
                    BASELINE="291 1157 787 1161" 
                    HPOS="291.0"
                    VPOS="1125.0"
                    WIDTH="496.0"
                    HEIGHT="59.0">
            <Shape><Polygon POINTS="291 1157 291 1181 318 1172 339 1177 340 1177 341 1177 341 1177 365 1170 384 1173 390 1179 392 1181 392 1182 393 1182 394 1182 394 1182 395 1182 403 1179 424 1172 432 1177 433 1177 434 1177 435 1177 436 1177 450 1171 477 1175 478 1175 519 1172 529 1177 538 1182 538 1182 588 1184 589 1184 620 1180 675 1184 676 1184 677 1184 677 1184 693 1174 696 1173 714 1173 716 1174 730 1183 730 1183 731 1183 732 1183 733 1183 754 1173 755 1173 786 1173 787 1161 786 1137 773 1137 772 1136 763 1129 762 1129 761 1129 760 1129 759 1129 733 1135 730 1136 730 1135 724 1130 724 1129 723 1129 722 1129 687 1128 687 1128 686 1128 685 1128 677 1134 676 1136 624 1136 621 1134 617 1130 617 1129 616 1129 615 1129 615 1129 600 1133 596 1134 593 1133 580 1127 579 1127 578 1127 577 1127 567 1132 562 1134 555 1132 540 1127 539 1127 538 1127 538 1127 537 1127 537 1128 533 1131 529 1135 509 1135 504 1131 500 1127 500 1127 499 1127 483 1126 453 1126 452 1126 451 1126 451 1126 451 1127 447 1129 443 1134 420 1134 415 1129 415 1129 414 1129 413 1129 413 1129 408 1129 392 1131 389 1129 388 1126 387 1126 387 1125 386 1125 385 1125 354 1125 353 1125 352 1125 346 1128 332 1132 291 1127 291 1157"/></Shape>
            <String CONTENT="prouidentiæ &amp; benignitati committenda."
                    HPOS="291.0"
                    VPOS="1125.0"
                    WIDTH="496.0"
                    HEIGHT="59.0"
                    WC="0.9671825719507117"></String>
          </TextLine>
        </TextBlock>
        <TextBlock HPOS="771"
                   VPOS="1175"
                   WIDTH="123"
                   HEIGHT="46"
                   ID="block_2"
                   TAGREFS="BT17">
          <Shape><Polygon POINTS="894 1175 894 1221 771 1221 771 1175"/></Shape>
          <TextLine ID="line_26"
                    TAGREFS="LT8"
                    BASELINE="781 1206 888 1201" 
                    HPOS="777"
                    VPOS="1175"
                    WIDTH="109"
                    HEIGHT="56">
            <Shape><Polygon POINTS="877 1175 864 1175 852 1175 839 1175 827 1175 814 1175 802 1175 790 1175 777 1175 780 1205 780 1229 804 1231 806 1231 807 1231 833 1219 886 1226 886 1200 884 1175 877 1175"/></Shape>
            <String CONTENT="Leuantes"
                    HPOS="777"
                    VPOS="1175"
                    WIDTH="109"
                    HEIGHT="56"
                    WC="0.9977458715438843"></String>
          </TextLine>
        </TextBlock>
      </PrintSpace>
    </Page>
  </Layout>
</alto>
