<?xml version="1.0" encoding="UTF-8"?>
<alto xmlns:xsi="http://www.w3.org/2001/XMLSchema-instance"
      xmlns="http://www.loc.gov/standards/alto/ns-v4#"
      xsi:schemaLocation="http://www.loc.gov/standards/alto/ns-v4# http://www.loc.gov/standards/alto/v4/alto-4-2.xsd">
  <Description>
    <MeasurementUnit>pixel</MeasurementUnit>
    <sourceImageInformation>
      <fileName>952821.jpg</fileName>
    </sourceImageInformation>
  </Description>
  <Tags>
    <OtherTag ID="BT7" LABEL="CustomZone" DESCRIPTION="block type CustomZone"/><OtherTag ID="BT8" LABEL="DamageZone" DESCRIPTION="block type DamageZone"/><OtherTag ID="BT9" LABEL="DigitizationArtefactZone" DESCRIPTION="block type DigitizationArtefactZone"/><OtherTag ID="BT10" LABEL="DropCapitalZone" DESCRIPTION="block type DropCapitalZone"/><OtherTag ID="BT11" LABEL="GraphicZone" DESCRIPTION="block type GraphicZone"/><OtherTag ID="BT12" LABEL="MainZone" DESCRIPTION="block type MainZone"/><OtherTag ID="BT13" LABEL="MarginTextZone" DESCRIPTION="block type MarginTextZone"/><OtherTag ID="BT14" LABEL="MusicZone" DESCRIPTION="block type MusicZone"/><OtherTag ID="BT15" LABEL="NumberingZone" DESCRIPTION="block type NumberingZone"/><OtherTag ID="BT17" LABEL="QuireMarksZone" DESCRIPTION="block type QuireMarksZone"/><OtherTag ID="BT18" LABEL="RunningTitleZone" DESCRIPTION="block type RunningTitleZone"/><OtherTag ID="BT19" LABEL="SealZone" DESCRIPTION="block type SealZone"/><OtherTag ID="BT20" LABEL="StampZone" DESCRIPTION="block type StampZone"/><OtherTag ID="BT21" LABEL="TableZone" DESCRIPTION="block type TableZone"/><OtherTag ID="BT22" LABEL="TitlePageZone" DESCRIPTION="block type TitlePageZone"/><OtherTag ID="BT3108" LABEL="MainZone-P-Continued" DESCRIPTION="block type MainZone-P-Continued"/><OtherTag ID="BT3109" LABEL="MainZone-P" DESCRIPTION="block type MainZone-P"/><OtherTag ID="BT3110" LABEL="MainZone-Sp-Continued" DESCRIPTION="block type MainZone-Sp-Continued"/><OtherTag ID="BT3111" LABEL="MainZone-Sp" DESCRIPTION="block type MainZone-Sp"/><OtherTag ID="BT3112" LABEL="MainZone-Head" DESCRIPTION="block type MainZone-Head"/><OtherTag ID="BT3115" LABEL="MainZone-Entry" DESCRIPTION="block type MainZone-Entry"/>
    <OtherTag ID="LT7" LABEL="CustomLine" DESCRIPTION="line type CustomLine"/><OtherTag ID="LT8" LABEL="DefaultLine" DESCRIPTION="line type DefaultLine"/><OtherTag ID="LT9" LABEL="DropCapitalLine" DESCRIPTION="line type DropCapitalLine"/><OtherTag ID="LT10" LABEL="HeadingLine" DESCRIPTION="line type HeadingLine"/><OtherTag ID="LT11" LABEL="InterlinearLine" DESCRIPTION="line type InterlinearLine"/><OtherTag ID="LT12" LABEL="MusicLine" DESCRIPTION="line type MusicLine"/>
  </Tags>
  <Layout>
    <Page WIDTH="1000"
          HEIGHT="1490"
          PHYSICAL_IMG_NR="16"
          ID="eSc_dummypage_">
      <PrintSpace HPOS="0"
                  VPOS="0"
                  WIDTH="1000"
                  HEIGHT="1490">
        <TextBlock HPOS="147"
                   VPOS="139"
                   WIDTH="480"
                   HEIGHT="49"
                   ID="block_1"
                   TAGREFS="BT18">
          <Shape><Polygon POINTS="627 139 627 188 147 188 147 139"/></Shape>
          <TextLine ID="line_0"
                    TAGREFS="LT10"
                    BASELINE="152 179 576 162 620 162" 
                    HPOS="149"
                    VPOS="140"
                    WIDTH="470"
                    HEIGHT="46">
            <Shape><Polygon POINTS="596 140 583 140 571 140 559 140 546 140 534 140 521 140 509 140 496 140 484 140 472 140 459 140 447 140 434 140 422 140 409 140 397 140 385 140 372 140 370 140 342 144 337 140 335 140 322 140 311 140 281 144 275 140 273 140 262 140 202 150 190 142 188 142 187 142 186 142 149 145 151 178 151 186 619 168 619 161 618 140 608 140"/></Shape>
            <String CONTENT="TIMOTHEI EPISTOLAM."
                    HPOS="149"
                    VPOS="140"
                    WIDTH="470"
                    HEIGHT="46"
                    WC="0.9982055707981712"></String>
          </TextLine>
        </TextBlock>
        <TextBlock HPOS="642"
                   VPOS="137"
                   WIDTH="58"
                   HEIGHT="41"
                   ID="eSc_textblock_57eef867"
                   TAGREFS="BT15">
          <Shape><Polygon POINTS="642 137 642 178 700 178 700 137"/></Shape>
          <TextLine ID="eSc_line_29d23ac9"
                    TAGREFS="LT8"
                    BASELINE="650 162 686 164" 
                    HPOS="647"
                    VPOS="130"
                    WIDTH="38"
                    HEIGHT="50">
            <Shape><Polygon POINTS="647 177 683 180 685 163 685 131 650 130 649 161"/></Shape>
            <String CONTENT="67"
                    HPOS="647"
                    VPOS="130"
                    WIDTH="38"
                    HEIGHT="50"
                    WC="0.999981164932251"></String>
          </TextLine>
        </TextBlock>
        <TextBlock HPOS="55"
                   VPOS="188"
                   WIDTH="616"
                   HEIGHT="246"
                   ID="block_4"
                   TAGREFS="BT3108">
          <Shape><Polygon POINTS="669 188 671 419 55 434 55 188"/></Shape>
          <TextLine ID="line_1"
                    TAGREFS="LT8"
                    BASELINE="58 236 665 211" 
                    HPOS="57.0"
                    VPOS="177.0"
                    WIDTH="608.0"
                    HEIGHT="72.0">
            <Shape><Polygon POINTS="554 211 549 191 547 191 538 184 534 182 533 182 533 182 532 182 531 182 519 185 506 189 496 187 486 183 485 183 485 183 429 186 428 186 427 186 421 191 414 195 389 197 368 193 341 189 341 189 302 197 297 197 293 197 259 192 258 192 257 192 237 201 235 201 177 206 168 204 142 199 141 199 140 199 110 207 106 208 104 207 83 201 82 201 81 201 81 201 80 201 68 210 67 211 57 211 58 236 58 245 98 249 99 249 135 247 136 247 137 247 144 242 146 242 154 242 220 244 221 244 221 244 235 239 240 237 243 239 249 241 250 241 250 241 312 235 344 233 355 234 380 237 381 237 409 232 422 230 427 231 437 235 438 235 439 235 440 235 457 230 466 228 497 228 563 230 564 230 585 225 593 223 596 225 601 228 602 228 603 228 604 228 605 228 618 224 625 221 664 221 665 211 662 177 636 186 627 182 626 182 625 182 596 188 588 183 587 183 586 183 586 183 585 183 584 183 584 184 578 190 561 191 556 191 554 211"/></Shape>
            <String CONTENT="ali quatenus quæ lubricitatis &amp; libidinis teſtes certi£"
                    HPOS="57.0"
                    VPOS="177.0"
                    WIDTH="608.0"
                    HEIGHT="72.0"
                    WC="0.988929936018857"></String>
          </TextLine>
          <TextLine ID="line_2"
                    TAGREFS="LT8"
                    BASELINE="58 276 326 263 658 251" 
                    HPOS="57.0"
                    VPOS="222.0"
                    WIDTH="601.0"
                    HEIGHT="67.0">
            <Shape><Polygon POINTS="554 250 548 230 545 230 540 230 524 225 524 225 523 225 522 225 521 225 514 230 512 232 507 230 495 226 495 226 494 226 441 228 410 233 380 238 368 235 361 232 360 232 360 232 318 233 317 233 312 236 302 240 291 236 285 235 284 235 283 235 283 235 278 237 269 242 230 238 223 238 222 238 221 238 221 238 220 239 211 245 168 241 167 241 166 241 154 248 96 249 77 243 76 243 76 243 57 243 58 276 60 289 83 283 108 287 113 288 114 288 142 285 231 278 237 281 240 283 240 283 241 283 242 283 263 279 290 275 324 276 360 278 360 278 427 271 466 268 482 269 524 271 525 271 526 271 548 265 552 264 555 265 565 268 566 268 567 268 610 262 614 262 615 262 626 267 627 267 628 267 657 259 658 251 655 226 598 227 588 222 587 222 586 222 558 227 554 250"/></Shape>
            <String CONTENT="ſunt, uenter &amp; genitalial proximè cito ſpumant &amp;"
                    HPOS="57.0"
                    VPOS="222.0"
                    WIDTH="601.0"
                    HEIGHT="67.0"
                    WC="0.9940668052556564"></String>
          </TextLine>
          <TextLine ID="line_3"
                    TAGREFS="LT8"
                    BASELINE="60 315 660 289" 
                    HPOS="58.0"
                    VPOS="259.0"
                    WIDTH="602.0"
                    HEIGHT="69.0">
            <Shape><Polygon POINTS="60 315 60 324 78 328 79 328 105 322 108 322 111 322 151 325 152 325 153 325 168 320 170 320 173 320 203 322 204 322 205 322 214 318 216 317 235 317 311 318 312 318 312 318 313 318 317 314 318 314 320 314 349 317 350 317 424 313 425 313 441 309 448 307 472 308 520 309 521 309 557 307 558 307 559 307 562 304 565 302 571 304 581 307 582 307 583 307 660 300 660 289 658 259 623 264 602 262 592 261 591 261 591 261 586 263 578 266 572 264 568 262 567 262 567 262 552 264 523 271 482 269 455 267 454 267 453 267 447 270 440 274 435 271 431 268 430 268 429 268 428 268 412 269 411 269 403 273 395 277 368 278 362 275 356 272 355 272 355 272 354 272 343 276 336 279 291 281 287 279 278 274 278 274 277 274 276 274 254 281 250 282 248 281 239 276 238 276 237 276 201 283 182 278 182 278 181 278 180 278 166 286 164 286 163 286 153 281 153 281 152 281 151 281 136 287 134 288 58 291 60 315"/></Shape>
            <String CONTENT="cætera impedimenta præbent fœtibus optatißimis"
                    HPOS="58.0"
                    VPOS="259.0"
                    WIDTH="602.0"
                    HEIGHT="69.0"
                    WC="0.9997213767922443"></String>
          </TextLine>
          <TextLine ID="line_4"
                    TAGREFS="LT8"
                    BASELINE="64 352 663 329" 
                    HPOS="62.0"
                    VPOS="301.0"
                    WIDTH="601.0"
                    HEIGHT="65.0">
            <Shape><Polygon POINTS="64 352 65 366 171 362 172 362 173 362 173 361 173 361 178 355 193 355 211 360 213 360 214 360 215 360 216 360 225 355 230 359 232 360 233 360 234 360 235 360 259 357 279 355 286 355 297 358 298 358 298 358 308 355 322 350 343 353 363 355 364 355 365 355 365 355 365 355 369 352 372 349 376 351 383 355 384 355 384 355 408 350 418 348 422 350 426 351 427 351 427 351 428 351 429 351 432 349 437 346 468 347 533 349 534 349 535 349 536 349 543 343 545 341 576 341 577 341 582 346 583 346 584 346 585 346 619 340 625 339 627 340 639 344 640 344 641 344 642 344 663 337 663 329 661 306 600 301 599 301 556 302 555 302 533 310 502 305 501 305 500 305 489 311 455 307 454 307 453 307 452 307 452 307 445 314 401 315 394 310 394 310 393 310 392 310 391 310 390 310 384 315 365 311 365 311 364 311 363 311 363 312 356 317 321 312 320 312 319 312 298 319 236 315 235 315 235 315 214 322 173 317 173 317 172 317 171 317 162 325 62 328 64 352"/></Shape>
            <String CONTENT="generandis. Inſipientiæ &amp; garrulitatis uitia ſemenᛘ"
                    HPOS="62.0"
                    VPOS="301.0"
                    WIDTH="601.0"
                    HEIGHT="65.0"
                    ></String>
          </TextLine>
          <TextLine ID="line_5"
                    TAGREFS="LT8"
                    BASELINE="62 392 666 370" 
                    HPOS="61.0"
                    VPOS="338.0"
                    WIDTH="605.0"
                    HEIGHT="65.0">
            <Shape><Polygon POINTS="549 354 541 354 533 354 524 354 516 354 508 354 500 354 491 354 483 354 475 354 466 354 458 354 450 354 442 354 433 354 425 354 423 354 398 355 392 354 392 354 384 354 375 354 367 354 359 354 350 354 342 354 334 354 326 354 317 354 309 354 301 354 293 354 284 354 276 354 268 354 261 354 256 359 255 359 254 359 230 354 229 354 228 354 227 354 220 360 219 361 197 362 188 362 142 358 141 358 140 358 114 365 96 359 95 359 94 359 93 359 61 367 62 392 62 403 173 403 174 403 175 403 175 402 177 400 182 397 201 398 211 399 211 399 224 398 249 394 255 397 262 398 263 398 264 398 326 397 327 397 328 397 333 394 336 391 350 393 375 395 375 395 400 390 410 389 417 389 435 393 436 393 437 393 446 389 449 387 451 388 460 392 461 392 461 392 542 384 544 384 546 384 576 388 576 388 577 388 596 382 600 380 666 379 666 370 663 341 645 338 644 338 644 338 643 338 643 339 640 341 637 344 623 342 615 341 615 341 614 341 613 341 612 342 609 345 605 343 601 340 600 340 600 340 599 340 577 341 576 341 566 345 554 350 550 350 549 354"/></Shape>
            <String CONTENT="afferunt, mendatij &amp; litium matres, &amp; nihil ſecreti"
                    HPOS="61.0"
                    VPOS="338.0"
                    WIDTH="605.0"
                    HEIGHT="65.0"
                    WC="0.9840632817324471"></String>
          </TextLine>
          <TextLine ID="line_6"
                    TAGREFS="LT8"
                    BASELINE="65 432 307 420 487 416" 
                    HPOS="63.0"
                    VPOS="386.0"
                    WIDTH="424.0"
                    HEIGHT="60.0">
            <Shape><Polygon POINTS="65 432 66 446 86 442 104 445 106 445 107 445 108 445 110 445 123 439 173 441 191 442 192 442 208 439 236 435 242 437 245 439 246 439 247 439 307 436 307 436 312 433 320 431 373 431 475 431 475 430 476 430 487 424 487 416 484 391 439 392 433 387 432 387 432 387 431 387 430 387 429 387 420 393 404 386 403 386 403 386 402 386 401 386 401 387 394 394 376 394 367 388 366 388 365 388 365 388 331 394 283 391 283 391 282 391 281 391 274 397 264 392 263 392 262 392 234 393 233 393 232 393 232 394 231 394 229 397 212 394 211 394 168 403 149 398 148 398 87 405 74 399 73 399 72 399 72 399 71 399 63 404 65 432"/></Shape>
            <String CONTENT="ſeruare poßint, ſeminaria malorum."
                    HPOS="63.0"
                    VPOS="386.0"
                    WIDTH="424.0"
                    HEIGHT="60.0"
                    WC="0.9981252095278572"></String>
          </TextLine>
        </TextBlock>
        <TextBlock HPOS="56"
                   VPOS="426"
                   WIDTH="628"
                   HEIGHT="171"
                   ID="block_5"
                   TAGREFS="BT3109">
          <Shape><Polygon POINTS="675 426 684 577 58 597 56 447"/></Shape>
          <TextLine ID="line_7"
                    TAGREFS="LT8"
                    BASELINE="104 468 667 446" 
                    HPOS="102.0"
                    VPOS="415.0"
                    WIDTH="565.0"
                    HEIGHT="67.0">
            <Shape><Polygon POINTS="104 468 104 480 146 482 147 482 148 482 159 479 170 475 206 476 254 478 255 478 256 478 269 474 278 471 302 472 332 474 333 474 334 474 335 474 339 471 343 468 386 467 411 468 471 470 471 470 513 463 523 462 533 462 580 466 581 466 667 456 667 446 665 422 645 415 644 415 644 415 625 417 625 417 624 417 624 418 617 423 616 423 583 418 582 418 581 418 581 418 571 425 570 425 569 425 516 421 515 421 514 421 514 421 514 422 509 425 480 423 480 423 479 423 478 423 471 429 470 430 423 431 389 432 371 426 370 426 370 426 369 426 368 426 360 432 342 427 341 427 341 427 298 436 297 436 278 431 278 431 277 431 276 431 260 437 216 432 216 432 215 432 188 440 147 435 146 435 102 443 104 468"/></Shape>
            <String CONTENT="Caſtitate ] Caſtitas ſobrietate naſcitur, &amp; ſunt ſoᛘ"
                    HPOS="102.0"
                    VPOS="415.0"
                    WIDTH="565.0"
                    HEIGHT="67.0"
                    ></String>
          </TextLine>
          <TextLine ID="line_8"
                    TAGREFS="LT8"
                    BASELINE="76 515 658 493" 
                    HPOS="73"
                    VPOS="459"
                    WIDTH="584"
                    HEIGHT="66">
            <Shape><Polygon POINTS="75 514 75 525 655 501 657 492 653 459 365 471 318 466 316 466 315 466 314 466 301 474 279 468 278 468 277 468 275 468 240 476 212 470 211 470 73 481 75 514"/></Shape>
            <String CONTENT="rõres, ut Icliltet, jini fœnane comtime e caſtæ,"
                    HPOS="73"
                    VPOS="459"
                    WIDTH="584"
                    HEIGHT="66"
                    WC="0.9792437273628858"></String>
          </TextLine>
          <TextLine ID="line_9"
                    TAGREFS="LT8"
                    BASELINE="70 548 669 526" 
                    HPOS="68.0"
                    VPOS="497.0"
                    WIDTH="601.0"
                    HEIGHT="65.0">
            <Shape><Polygon POINTS="70 548 70 562 669 541 669 526 667 503 605 497 604 497 603 497 602 497 590 505 570 505 557 499 557 499 556 499 519 500 519 500 518 500 518 501 511 507 495 501 495 501 494 501 457 503 456 503 456 503 444 510 426 504 425 504 424 504 379 505 378 505 361 514 331 514 324 509 323 509 322 509 322 509 321 509 302 514 276 509 275 509 274 509 274 509 274 510 267 516 251 511 250 511 250 511 249 511 221 519 203 512 202 512 201 512 201 512 178 520 93 519 92 519 91 519 68 524 70 548"/></Shape>
            <String CONTENT="temperantes libidines &amp; deſideria ſua inhoneſta ne"
                    HPOS="68.0"
                    VPOS="497.0"
                    WIDTH="601.0"
                    HEIGHT="65.0"
                    WC="0.9975630021095276"></String>
          </TextLine>
          <TextLine ID="line_10"
                    TAGREFS="LT8"
                    BASELINE="75 588 183 586" 
                    HPOS="74.0"
                    VPOS="554.0"
                    WIDTH="109.0"
                    HEIGHT="53.0">
            <Shape><Polygon POINTS="75 588 75 607 140 607 140 606 141 606 142 606 142 605 147 601 149 599 183 598 183 586 182 563 164 554 163 554 163 554 162 554 161 554 149 562 127 562 116 555 115 555 115 555 95 555 94 555 93 555 92 555 92 556 84 564 74 564 75 588"/></Shape>
            <String CONTENT="effluant."
                    HPOS="74.0"
                    VPOS="554.0"
                    WIDTH="109.0"
                    HEIGHT="53.0"
                    WC="0.9979631503423055"></String>
          </TextLine>
        </TextBlock>
        <TextBlock HPOS="77"
                   VPOS="586"
                   WIDTH="628"
                   HEIGHT="202"
                   ID="block_6"
                   TAGREFS="BT3109">
          <Shape><Polygon POINTS="692 586 705 777 77 788 77 593"/></Shape>
          <TextLine ID="line_11"
                    TAGREFS="LT8"
                    BASELINE="112 625 677 605" 
                    HPOS="110.0"
                    VPOS="576.0"
                    WIDTH="567.0"
                    HEIGHT="61.0">
            <Shape><Polygon POINTS="566 592 563 577 557 581 545 585 533 581 533 581 532 581 531 581 530 581 528 582 514 586 502 583 486 580 485 580 485 580 484 580 484 581 480 584 476 587 469 585 464 583 463 583 462 583 442 586 420 589 417 587 413 584 413 584 412 584 411 584 383 589 365 591 362 590 355 585 355 585 354 585 353 585 312 586 311 586 291 593 288 593 284 593 235 589 235 589 234 589 221 596 220 596 218 596 197 591 196 591 195 591 194 591 181 598 180 598 177 598 151 593 150 593 149 593 149 593 139 600 138 600 110 600 112 625 112 634 176 637 177 637 212 632 225 630 228 631 235 634 236 634 237 634 238 634 239 634 244 631 245 630 266 630 327 631 328 631 352 628 370 625 422 626 472 626 473 626 474 626 475 626 477 624 481 621 485 624 489 625 490 625 490 625 491 625 492 625 494 624 498 620 509 623 511 624 512 624 513 624 523 623 563 618 576 621 580 622 581 622 581 622 677 618 677 605 673 576 613 582 589 579 569 576 568 576 567 576 566 592"/></Shape>
            <String CONTENT="Ornantes ſe non in torttis crimbus ] Non comᛘ"
                    HPOS="110.0"
                    VPOS="576.0"
                    WIDTH="567.0"
                    HEIGHT="61.0"
                    ></String>
          </TextLine>
          <TextLine ID="line_12"
                    TAGREFS="LT8"
                    BASELINE="82 674 680 644" 
                    HPOS="79"
                    VPOS="615"
                    WIDTH="600"
                    HEIGHT="69">
            <Shape><Polygon POINTS="81 672 81 684 679 650 679 643 675 615 79 638 81 672"/></Shape>
            <String CONTENT="poſitlone tapiuorant, O morpueaua, auri &amp; ar¬"
                    HPOS="79"
                    VPOS="615"
                    WIDTH="600"
                    HEIGHT="69"
                    WC="0.9795726471477084"></String>
          </TextLine>
          <TextLine ID="line_13"
                    TAGREFS="LT8"
                    BASELINE="80 704 682 683" 
                    HPOS="78.0"
                    VPOS="656.0"
                    WIDTH="604.0"
                    HEIGHT="62.0">
            <Shape><Polygon POINTS="583 658 581 656 576 657 575 657 574 657 574 658 567 664 545 658 544 658 543 658 543 658 528 663 496 659 495 659 495 659 480 666 453 664 452 664 451 664 451 664 445 668 408 663 407 663 406 663 405 663 405 664 398 670 398 671 391 671 368 671 352 664 351 664 350 664 350 664 334 672 293 672 280 667 279 667 278 667 278 667 263 674 230 668 230 668 193 671 192 671 192 671 181 677 168 672 168 672 167 672 166 672 153 677 139 672 138 672 137 672 136 672 135 672 135 672 127 679 127 680 78 681 80 704 80 718 169 716 170 716 171 716 179 710 191 713 192 713 192 713 233 708 247 712 249 712 250 712 250 712 251 712 254 711 272 706 284 711 288 711 289 711 290 711 291 711 297 710 307 706 346 707 392 709 393 709 394 709 408 705 421 701 432 704 439 705 440 705 450 703 465 700 472 702 484 706 485 706 485 706 514 701 533 704 533 704 534 704 535 704 535 703 540 699 544 699 609 701 610 701 610 701 630 695 634 693 682 692 682 683 680 661 630 662 593 656 592 656 584 656 583 658"/></Shape>
            <String CONTENT="genti, ac adulterino colore &amp; cerußa, fucoq́ pere¬"
                    HPOS="78.0"
                    VPOS="656.0"
                    WIDTH="604.0"
                    HEIGHT="62.0"
                    WC="0.9904936611652374"></String>
          </TextLine>
          <TextLine ID="line_14"
                    TAGREFS="LT8"
                    BASELINE="84 743 686 723" 
                    HPOS="82.0"
                    VPOS="694.0"
                    WIDTH="604.0"
                    HEIGHT="64.0">
            <Shape><Polygon POINTS="84 743 84 758 148 756 149 756 184 749 293 750 334 750 335 750 347 748 370 743 393 746 409 748 410 748 438 744 469 740 517 740 584 742 585 742 615 736 620 735 623 736 634 740 634 740 635 740 636 740 648 735 650 734 686 734 686 723 682 694 491 705 428 704 342 703 341 703 341 703 327 708 323 711 265 712 250 711 197 708 197 708 196 708 175 714 155 711 154 711 153 711 135 716 134 716 134 716 123 711 122 711 121 711 120 711 120 711 120 712 114 717 113 718 82 718 84 743"/></Shape>
            <String CONTENT="grino. Iniuriam non faciant formæ naturali, ſed aniᛘ"
                    HPOS="82.0"
                    VPOS="694.0"
                    WIDTH="604.0"
                    HEIGHT="64.0"
                    ></String>
          </TextLine>
          <TextLine ID="line_15"
                    TAGREFS="LT8"
                    BASELINE="83 784 230 777 512 769" 
                    HPOS="81.0"
                    VPOS="742.0"
                    WIDTH="431.0"
                    HEIGHT="57.0">
            <Shape><Polygon POINTS="83 784 83 793 89 798 90 798 91 798 91 799 109 799 109 798 170 795 171 795 187 788 189 788 199 788 254 792 254 792 281 786 337 791 338 791 376 789 377 789 378 789 385 783 387 781 437 780 439 781 447 784 447 784 448 784 449 784 458 780 461 779 467 780 494 784 495 784 495 784 512 778 512 769 509 746 479 746 473 742 472 742 471 742 471 742 441 748 440 748 427 742 426 742 425 742 424 742 412 749 400 744 399 744 399 744 365 750 363 750 353 744 352 744 351 744 350 744 350 744 349 744 341 751 340 751 339 751 306 745 305 745 304 745 303 745 298 751 272 753 263 754 262 754 256 748 256 747 255 747 254 747 242 747 241 747 240 747 240 747 230 754 164 749 163 749 163 749 162 749 149 757 148 757 112 752 111 752 110 752 110 752 101 759 81 759 83 784"/></Shape>
            <String CONTENT="mi pulchritudine uirtute́ ornentur."
                    HPOS="81.0"
                    VPOS="742.0"
                    WIDTH="431.0"
                    HEIGHT="57.0"
                    WC="0.9830311189095179"></String>
          </TextLine>
        </TextBlock>
        <TextBlock HPOS="89"
                   VPOS="780"
                   WIDTH="621"
                   HEIGHT="290"
                   ID="block_8"
                   TAGREFS="BT3109">
          <Shape><Polygon POINTS="708 780 710 1044 89 1070 89 787"/></Shape>
          <TextLine ID="line_16"
                    TAGREFS="LT8"
                    BASELINE="127 821 688 801" 
                    HPOS="125.0"
                    VPOS="772.0"
                    WIDTH="563.0"
                    HEIGHT="59.0">
            <Shape><Polygon POINTS="581 800 577 777 577 777 576 775 575 775 574 775 573 775 572 775 567 777 552 783 500 784 485 781 483 780 482 780 481 780 480 780 477 781 466 784 461 782 456 779 456 779 455 779 433 783 416 786 400 784 378 783 377 783 376 783 375 783 375 783 372 786 369 788 317 788 277 788 276 788 275 788 270 791 265 793 236 792 156 790 155 790 125 797 127 821 127 831 244 826 254 829 257 830 258 830 259 830 259 830 263 829 272 826 278 828 283 830 284 830 285 830 384 826 403 825 449 819 463 822 466 823 466 823 467 823 474 822 507 817 562 820 571 820 572 820 577 819 619 812 653 812 660 816 661 816 662 816 663 816 663 816 664 816 664 815 669 811 687 816 688 801 685 772 662 777 657 773 656 773 655 773 654 773 649 773 619 778 602 775 594 774 593 774 592 774 588 776 583 778 581 800"/></Shape>
            <String CONTENT="Nec auro aut margaritis I Non onerent maritos"
                    HPOS="125.0"
                    VPOS="772.0"
                    WIDTH="563.0"
                    HEIGHT="59.0"
                    WC="0.9970769471592373"></String>
          </TextLine>
          <TextLine ID="line_17"
                    TAGREFS="LT8"
                    BASELINE="90 863 692 839" 
                    HPOS="88.0"
                    VPOS="812.0"
                    WIDTH="604.0"
                    HEIGHT="66.0">
            <Shape><Polygon POINTS="90 863 90 872 104 878 105 878 105 878 151 869 153 869 154 869 166 874 167 874 168 874 168 874 192 868 194 868 197 868 229 871 230 871 230 871 240 867 254 872 255 872 256 872 399 866 400 866 401 866 409 860 414 864 415 864 416 864 417 864 418 864 427 859 428 859 433 859 510 861 511 861 512 861 528 855 529 855 532 855 562 860 562 860 563 860 564 860 564 859 569 854 594 853 607 858 608 858 609 858 610 858 610 858 621 851 622 850 692 848 692 839 691 815 599 812 598 812 597 812 581 819 560 820 532 821 531 821 516 815 515 815 514 815 514 815 491 822 490 822 489 822 432 818 432 818 431 818 430 818 422 825 422 826 419 826 382 826 373 821 372 821 371 821 342 828 341 829 322 829 322 829 315 824 314 824 313 824 312 824 263 831 262 831 246 826 245 826 245 826 210 833 183 828 182 828 152 834 143 830 142 830 141 830 140 830 126 836 105 833 105 833 104 833 88 837 90 863"/></Shape>
            <String CONTENT="impenſis, colligant potius pro hæredibus, uel ſubue¬"
                    HPOS="88.0"
                    VPOS="812.0"
                    WIDTH="604.0"
                    HEIGHT="66.0"
                    WC="0.9757901705228366"></String>
          </TextLine>
          <TextLine ID="line_18"
                    TAGREFS="LT8"
                    BASELINE="102 910 692 888" 
                    HPOS="99"
                    VPOS="848"
                    WIDTH="592"
                    HEIGHT="65">
            <Shape><Polygon POINTS="101 908 101 913 690 894 691 887 685 848 653 856 632 851 631 851 629 851 568 859 552 851 551 851 550 851 428 856 375 866 314 862 313 862 311 862 291 869 275 861 274 861 273 861 272 861 270 861 270 862 260 871 223 871 206 864 204 864 203 864 202 864 186 871 171 865 170 865 168 865 167 865 146 875 99 875 101 908"/></Shape>
            <String CONTENT="niant indigentibus in opera miſericordia. Super a"
                    HPOS="99"
                    VPOS="848"
                    WIDTH="592"
                    HEIGHT="65"
                    ></String>
          </TextLine>
          <TextLine ID="line_19"
                    TAGREFS="LT8"
                    BASELINE="94 940 695 919" 
                    HPOS="92.0"
                    VPOS="893.0"
                    WIDTH="603.0"
                    HEIGHT="58.0">
            <Shape><Polygon POINTS="94 940 94 949 213 951 214 951 235 950 235 950 236 950 244 944 245 944 260 949 261 949 262 949 347 946 348 946 360 940 360 940 368 940 429 943 430 943 431 943 442 939 477 941 478 941 479 941 488 936 489 936 500 941 501 941 502 941 503 941 524 935 528 934 529 934 548 939 549 939 550 939 551 939 574 932 577 932 584 932 628 935 629 935 695 928 695 919 693 898 598 893 597 893 596 893 576 900 536 897 535 897 534 897 524 903 478 900 477 900 476 900 475 900 475 901 471 904 408 903 407 903 381 908 374 902 373 902 372 902 371 902 333 903 332 903 308 910 292 904 291 904 290 904 261 905 260 905 248 912 213 913 190 908 189 908 188 908 164 908 163 908 163 908 153 914 117 911 116 911 115 911 92 918 94 940"/></Shape>
            <String CONTENT="naturali non addant fomenta, non certare mutuum"
                    HPOS="92.0"
                    VPOS="893.0"
                    WIDTH="603.0"
                    HEIGHT="58.0"
                    WC="0.9920676642275871"></String>
          </TextLine>
          <TextLine ID="line_20"
                    TAGREFS="LT8"
                    BASELINE="96 980 685 960" 
                    HPOS="94.0"
                    VPOS="930.0"
                    WIDTH="591.0"
                    HEIGHT="62.0">
            <Shape><Polygon POINTS="96 980 96 989 129 992 129 992 168 987 173 986 176 986 192 991 192 991 193 991 246 985 316 987 317 987 342 981 346 980 373 980 510 980 511 980 685 970 685 960 683 937 650 930 649 930 649 930 619 937 599 932 598 932 597 932 596 932 583 938 568 932 567 932 567 932 566 932 565 932 558 937 536 934 535 934 534 934 533 934 524 941 472 937 471 937 471 937 470 937 460 943 301 942 300 942 299 942 285 949 242 943 241 943 240 943 225 951 199 948 198 948 197 948 186 952 169 946 168 946 168 946 143 946 142 946 129 953 120 950 120 950 119 950 94 956 96 980"/></Shape>
            <String CONTENT="mulieres, niſi modeſtia &amp; maturitate &amp; ſapientia."
                    HPOS="94.0"
                    VPOS="930.0"
                    WIDTH="591.0"
                    HEIGHT="62.0"
                    WC="0.9991941780460124"></String>
          </TextLine>
          <TextLine ID="line_21"
                    TAGREFS="LT8"
                    BASELINE="101 1019 699 998" 
                    HPOS="100.0"
                    VPOS="968.0"
                    WIDTH="599.0"
                    HEIGHT="68.0">
            <Shape><Polygon POINTS="382 1009 374 1009 365 1009 357 1009 352 990 347 988 332 980 331 980 331 980 330 980 296 990 283 993 246 993 245 992 223 985 222 985 221 985 221 985 203 994 201 994 172 994 169 994 149 987 148 987 147 987 146 987 126 994 110 991 109 991 108 991 107 991 100 995 101 1019 101 1036 153 1028 269 1029 321 1029 322 1029 322 1029 323 1029 326 1027 332 1022 345 1026 352 1028 353 1028 354 1028 369 1024 378 1023 384 1023 399 1027 399 1027 400 1027 408 1023 414 1019 419 1022 421 1023 422 1023 423 1023 434 1021 470 1017 478 1019 490 1023 490 1023 491 1023 524 1018 536 1022 537 1022 538 1022 538 1022 556 1016 562 1014 567 1015 579 1020 580 1020 581 1020 581 1020 582 1020 582 1019 588 1014 590 1012 607 1012 616 1013 652 1018 653 1018 699 1009 699 998 697 973 684 968 683 968 682 968 682 968 665 974 662 975 658 975 647 970 646 970 645 970 644 970 644 970 637 975 634 978 615 978 611 976 594 971 593 971 592 971 591 971 567 978 554 973 553 973 552 973 516 980 514 980 512 980 490 978 489 978 488 978 487 978 483 982 480 984 478 982 467 976 466 976 447 976 447 976 446 976 428 984 422 988 386 989 382 1009"/></Shape>
            <String CONTENT="Stultum eſt margaritis uti, aurũ expendendum potiᛘ"
                    HPOS="100.0"
                    VPOS="968.0"
                    WIDTH="599.0"
                    HEIGHT="68.0"
                    ></String>
          </TextLine>
          <TextLine ID="line_22"
                    TAGREFS="LT8"
                    BASELINE="104 1061 296 1053" 
                    HPOS="102.0"
                    VPOS="1025.0"
                    WIDTH="194.0"
                    HEIGHT="51.0">
            <Shape><Polygon POINTS="104 1061 104 1076 132 1076 133 1076 135 1075 147 1069 168 1072 179 1074 180 1074 181 1074 182 1074 185 1071 191 1067 206 1070 223 1072 224 1072 225 1072 225 1072 230 1068 235 1066 245 1067 274 1071 274 1071 275 1071 276 1071 276 1070 283 1065 283 1064 296 1064 296 1053 294 1029 271 1025 270 1025 269 1025 269 1025 269 1026 268 1026 265 1029 230 1027 230 1027 195 1032 173 1028 172 1028 171 1028 160 1033 146 1028 145 1028 144 1028 102 1035 104 1061"/></Shape>
            <String CONTENT="us in pauperes."
                    HPOS="102.0"
                    VPOS="1025.0"
                    WIDTH="194.0"
                    HEIGHT="51.0"
                    WC="0.9685202519098918"></String>
          </TextLine>
        </TextBlock>
        <TextBlock HPOS="108"
                   VPOS="1049"
                   WIDTH="616"
                   HEIGHT="139"
                   ID="block_7"
                   TAGREFS="BT3109">
          <Shape><Polygon POINTS="717 1049 724 1168 108 1188 108 1066"/></Shape>
          <TextLine ID="line_23"
                    TAGREFS="LT8"
                    BASELINE="147 1097 705 1079" 
                    HPOS="146.0"
                    VPOS="1046.0"
                    WIDTH="559.0"
                    HEIGHT="62.0">
            <Shape><Polygon POINTS="147 1105 272 1108 273 1108 274 1108 298 1101 300 1100 304 1100 345 1105 346 1105 346 1105 347 1105 354 1100 372 1103 373 1103 404 1097 407 1097 408 1097 424 1103 425 1103 426 1103 427 1103 451 1096 466 1101 466 1101 467 1101 468 1101 488 1096 509 1100 509 1100 510 1100 523 1094 539 1099 540 1099 541 1099 542 1099 543 1099 552 1092 553 1092 561 1092 628 1096 629 1096 629 1096 639 1091 676 1095 677 1095 677 1095 705 1087 705 1079 702 1051 672 1046 671 1046 670 1046 653 1052 641 1057 596 1057 582 1053 568 1049 567 1049 567 1049 540 1050 539 1050 526 1055 510 1061 490 1057 490 1057 489 1057 488 1057 488 1058 487 1058 485 1062 464 1062 450 1057 440 1053 439 1053 438 1053 418 1057 386 1065 354 1059 337 1057 336 1057 317 1057 317 1057 316 1057 312 1061 301 1067 247 1062 231 1061 230 1061 230 1061 225 1062 209 1071 193 1064 192 1064 192 1064 191 1064 172 1071 146 1065 147 1097 147 1105"/></Shape>
            <String CONTENT="Vel ueſte precioſa ] Veſte non ueſtibus, quod ſuᛘ"
                    HPOS="146.0"
                    VPOS="1046.0"
                    WIDTH="559.0"
                    HEIGHT="62.0"
                    ></String>
          </TextLine>
          <TextLine ID="line_24"
                    TAGREFS="LT8"
                    BASELINE="108 1139 706 1119" 
                    HPOS="106.0"
                    VPOS="1088.0"
                    WIDTH="600.0"
                    HEIGHT="64.0">
            <Shape><Polygon POINTS="108 1139 108 1152 194 1150 195 1150 197 1149 208 1144 269 1146 293 1147 294 1147 307 1144 333 1140 406 1140 480 1141 481 1141 514 1136 533 1134 546 1134 575 1138 576 1138 599 1133 607 1131 623 1132 681 1134 682 1134 682 1134 706 1128 706 1119 702 1088 677 1096 621 1097 607 1091 606 1091 605 1091 602 1091 528 1100 459 1099 458 1099 416 1104 386 1099 382 1099 381 1099 380 1099 379 1099 379 1100 373 1105 357 1100 355 1100 355 1100 354 1100 353 1100 349 1100 324 1107 317 1102 316 1102 315 1102 314 1102 313 1102 301 1107 284 1103 281 1102 280 1102 279 1102 274 1103 253 1108 220 1105 211 1105 210 1105 209 1105 208 1105 207 1105 200 1111 177 1106 173 1106 173 1106 168 1107 139 1113 106 1110 108 1139"/></Shape>
            <String CONTENT="perfluæ Chriſtianos dedecant, &amp; excuſari non poſᛘ"
                    HPOS="106.0"
                    VPOS="1088.0"
                    WIDTH="600.0"
                    HEIGHT="64.0"
                    ></String>
          </TextLine>
          <TextLine ID="line_25"
                    TAGREFS="LT8"
                    BASELINE="111 1178 285 1175 712 1157" 
                    HPOS="110.0"
                    VPOS="1127.0"
                    WIDTH="602.0"
                    HEIGHT="73.0">
            <Shape><Polygon POINTS="111 1178 111 1200 144 1199 144 1199 145 1199 155 1192 168 1196 168 1196 169 1196 170 1196 171 1196 178 1189 250 1188 272 1192 279 1194 280 1194 294 1192 311 1188 350 1188 405 1189 406 1189 407 1189 417 1185 429 1180 467 1182 509 1185 509 1185 510 1185 533 1179 533 1179 534 1179 568 1181 569 1181 570 1181 571 1181 576 1177 576 1176 577 1177 584 1182 585 1182 586 1182 586 1182 587 1182 608 1175 616 1172 623 1174 628 1176 629 1176 629 1176 663 1172 677 1171 677 1172 685 1176 686 1176 687 1176 687 1176 688 1176 712 1169 712 1157 711 1133 696 1127 695 1127 694 1127 693 1127 675 1134 674 1134 643 1130 642 1130 615 1136 612 1136 606 1136 529 1132 528 1132 528 1132 509 1139 507 1141 471 1141 470 1141 459 1136 458 1136 457 1136 456 1136 438 1142 436 1143 435 1142 427 1136 427 1136 426 1136 425 1136 347 1139 346 1139 346 1139 338 1145 336 1147 333 1145 324 1142 323 1142 322 1142 302 1147 293 1148 284 1147 256 1143 255 1143 225 1149 213 1152 203 1150 185 1146 184 1146 183 1146 173 1151 168 1153 157 1152 134 1148 134 1148 110 1153 111 1178"/></Shape>
            <String CONTENT="fint. Non ad luxum ſint, ſed ad neceßitatem. Vnica"
                    HPOS="110.0"
                    VPOS="1127.0"
                    WIDTH="602.0"
                    HEIGHT="73.0"
                    ></String>
          </TextLine>
        </TextBlock>
        <TextBlock HPOS="430"
                   VPOS="1182"
                   WIDTH="102"
                   HEIGHT="39"
                   ID="block_2"
                   TAGREFS="BT17">
          <Shape><Polygon POINTS="532 1182 532 1221 430 1221 430 1182"/></Shape>
          <TextLine ID="line_26"
                    TAGREFS="LT8"
                    BASELINE="439 1209 456 1207" 
                    HPOS="436"
                    VPOS="1182"
                    WIDTH="22"
                    HEIGHT="72">
            <Shape><Polygon POINTS="448 1182 436 1182 438 1208 440 1254 458 1254 455 1206 453 1182 448 1182"/></Shape>
            <String CONTENT="D"
                    HPOS="436"
                    VPOS="1182"
                    WIDTH="22"
                    HEIGHT="72"
                    WC="0.9998812675476074"></String>
          </TextLine>
          <TextLine ID="eSc_line_5cc0ac74"
                    TAGREFS="LT8"
                    BASELINE="510 1206 525 1206" 
                    HPOS="509"
                    VPOS="1182"
                    WIDTH="15"
                    HEIGHT="64">
            <Shape><Polygon POINTS="509 1182 509 1205 509 1246 524 1246 524 1205 522 1182 521 1182"/></Shape>
            <String CONTENT="5"
                    HPOS="509"
                    VPOS="1182"
                    WIDTH="15"
                    HEIGHT="64"
                    ></String>
          </TextLine>
        </TextBlock>
        <TextBlock HPOS="616"
                   VPOS="1171"
                   WIDTH="101"
                   HEIGHT="49"
                   ID="block_3"
                   TAGREFS="BT17">
          <Shape><Polygon POINTS="717 1171 717 1220 616 1220 616 1171"/></Shape>
          <TextLine ID="line_27"
                    TAGREFS="LT8"
                    BASELINE="622 1201 715 1197" 
                    HPOS="619"
                    VPOS="1172"
                    WIDTH="95"
                    HEIGHT="57">
            <Shape><Polygon POINTS="706 1172 694 1172 681 1172 679 1172 619 1173 621 1200 621 1229 714 1218 714 1196 710 1172 706 1172"/></Shape>
            <String CONTENT="quidem"
                    HPOS="619"
                    VPOS="1172"
                    WIDTH="95"
                    HEIGHT="57"
                    WC="0.9990811944007874"></String>
          </TextLine>
        </TextBlock>
      </PrintSpace>
    </Page>
  </Layout>
</alto>
