<?xml version="1.0" encoding="UTF-8"?>
<alto xmlns:xsi="http://www.w3.org/2001/XMLSchema-instance"
      xmlns="http://www.loc.gov/standards/alto/ns-v4#"
      xsi:schemaLocation="http://www.loc.gov/standards/alto/ns-v4# http://www.loc.gov/standards/alto/v4/alto-4-2.xsd">
  <Description>
    <MeasurementUnit>pixel</MeasurementUnit>
    <sourceImageInformation>
      <fileName>952819.jpg</fileName>
    </sourceImageInformation>
  </Description>
  <Tags>
    <OtherTag ID="BT7" LABEL="CustomZone" DESCRIPTION="block type CustomZone"/><OtherTag ID="BT8" LABEL="DamageZone" DESCRIPTION="block type DamageZone"/><OtherTag ID="BT9" LABEL="DigitizationArtefactZone" DESCRIPTION="block type DigitizationArtefactZone"/><OtherTag ID="BT10" LABEL="DropCapitalZone" DESCRIPTION="block type DropCapitalZone"/><OtherTag ID="BT11" LABEL="GraphicZone" DESCRIPTION="block type GraphicZone"/><OtherTag ID="BT12" LABEL="MainZone" DESCRIPTION="block type MainZone"/><OtherTag ID="BT13" LABEL="MarginTextZone" DESCRIPTION="block type MarginTextZone"/><OtherTag ID="BT14" LABEL="MusicZone" DESCRIPTION="block type MusicZone"/><OtherTag ID="BT15" LABEL="NumberingZone" DESCRIPTION="block type NumberingZone"/><OtherTag ID="BT17" LABEL="QuireMarksZone" DESCRIPTION="block type QuireMarksZone"/><OtherTag ID="BT18" LABEL="RunningTitleZone" DESCRIPTION="block type RunningTitleZone"/><OtherTag ID="BT19" LABEL="SealZone" DESCRIPTION="block type SealZone"/><OtherTag ID="BT20" LABEL="StampZone" DESCRIPTION="block type StampZone"/><OtherTag ID="BT21" LABEL="TableZone" DESCRIPTION="block type TableZone"/><OtherTag ID="BT22" LABEL="TitlePageZone" DESCRIPTION="block type TitlePageZone"/><OtherTag ID="BT3108" LABEL="MainZone-P-Continued" DESCRIPTION="block type MainZone-P-Continued"/><OtherTag ID="BT3109" LABEL="MainZone-P" DESCRIPTION="block type MainZone-P"/><OtherTag ID="BT3110" LABEL="MainZone-Sp-Continued" DESCRIPTION="block type MainZone-Sp-Continued"/><OtherTag ID="BT3111" LABEL="MainZone-Sp" DESCRIPTION="block type MainZone-Sp"/><OtherTag ID="BT3112" LABEL="MainZone-Head" DESCRIPTION="block type MainZone-Head"/><OtherTag ID="BT3115" LABEL="MainZone-Entry" DESCRIPTION="block type MainZone-Entry"/>
    <OtherTag ID="LT7" LABEL="CustomLine" DESCRIPTION="line type CustomLine"/><OtherTag ID="LT8" LABEL="DefaultLine" DESCRIPTION="line type DefaultLine"/><OtherTag ID="LT9" LABEL="DropCapitalLine" DESCRIPTION="line type DropCapitalLine"/><OtherTag ID="LT10" LABEL="HeadingLine" DESCRIPTION="line type HeadingLine"/><OtherTag ID="LT11" LABEL="InterlinearLine" DESCRIPTION="line type InterlinearLine"/><OtherTag ID="LT12" LABEL="MusicLine" DESCRIPTION="line type MusicLine"/>
  </Tags>
  <Layout>
    <Page WIDTH="1000"
          HEIGHT="1490"
          PHYSICAL_IMG_NR="14"
          ID="eSc_dummypage_">
      <PrintSpace HPOS="0"
                  VPOS="0"
                  WIDTH="1000"
                  HEIGHT="1490">
        <TextBlock HPOS="157"
                   VPOS="157"
                   WIDTH="479"
                   HEIGHT="42"
                   ID="block_1"
                   TAGREFS="BT18">
          <Shape><Polygon POINTS="636 157 636 199 157 199 157 157"/></Shape>
          <TextLine ID="line_0"
                    TAGREFS="LT10"
                    BASELINE="160 191 626 186" 
                    HPOS="157"
                    VPOS="157"
                    WIDTH="467"
                    HEIGHT="44">
            <Shape><Polygon POINTS="604 157 592 157 580 157 567 157 555 157 542 157 530 157 518 157 505 157 493 157 480 157 468 157 455 157 443 157 431 157 418 157 406 157 393 157 388 157 157 158 159 189 159 194 255 201 257 201 258 201 259 201 259 199 265 194 362 199 363 199 365 199 366 199 376 193 623 193 624 185 621 157 617 157"/></Shape>
            <String CONTENT="TIMOTHEI EPISTOLAM."
                    HPOS="157"
                    VPOS="157"
                    WIDTH="467"
                    HEIGHT="44"
                    WC="0.999939921655153"></String>
          </TextLine>
        </TextBlock>
        <TextBlock HPOS="677"
                   VPOS="154"
                   WIDTH="44"
                   HEIGHT="41"
                   ID="block_0"
                   TAGREFS="BT15">
          <Shape><Polygon POINTS="721 154 721 195 677 195 677 154"/></Shape>
          <TextLine ID="line_1"
                    TAGREFS="LT8"
                    BASELINE="684 180 715 180" 
                    HPOS="683"
                    VPOS="155"
                    WIDTH="31"
                    HEIGHT="51">
            <Shape><Polygon POINTS="708 155 695 155 683 155 683 178 683 201 713 206 714 178 714 155 708 155"/></Shape>
            <String CONTENT="55"
                    HPOS="683"
                    VPOS="155"
                    WIDTH="31"
                    HEIGHT="51"
                    WC="0.9999932050704956"></String>
          </TextLine>
        </TextBlock>
        <TextBlock HPOS="90"
                   VPOS="204"
                   WIDTH="619"
                   HEIGHT="364"
                   ID="block_6"
                   TAGREFS="BT3109">
          <Shape><Polygon POINTS="704 204 709 551 99 568 90 217"/></Shape>
          <TextLine ID="line_2"
                    TAGREFS="LT8"
                    BASELINE="134 244 696 229" 
                    HPOS="132"
                    VPOS="197"
                    WIDTH="564"
                    HEIGHT="57">
            <Shape><Polygon POINTS="580 209 576 199 550 200 549 200 548 200 538 206 532 210 525 206 512 201 511 201 510 201 477 201 476 201 475 201 466 208 462 211 451 209 417 203 416 203 415 203 400 211 394 214 332 215 328 213 322 211 322 211 321 211 297 214 278 217 218 217 215 216 190 210 189 210 188 210 187 210 187 210 177 216 132 219 134 244 134 252 288 254 288 254 339 252 340 252 341 252 346 247 347 247 413 250 414 250 415 250 425 245 426 245 429 245 469 249 470 249 471 249 482 243 483 243 495 243 600 245 601 245 695 237 696 229 693 201 664 206 658 202 651 197 650 197 649 197 634 197 633 197 632 197 618 204 610 207 603 204 593 199 592 199 591 199 582 199 580 209"/></Shape>
            <String CONTENT="Leuantes puras manus] Non lotas Phariſæo¬"
                    HPOS="132"
                    VPOS="197"
                    WIDTH="564"
                    HEIGHT="57"
                    ></String>
          </TextLine>
          <TextLine ID="line_3"
                    TAGREFS="LT8"
                    BASELINE="96 284 697 268" 
                    HPOS="96"
                    VPOS="240"
                    WIDTH="601"
                    HEIGHT="57">
            <Shape><Polygon POINTS="96 284 96 293 191 291 192 291 215 297 216 297 216 297 262 290 274 295 275 295 276 295 346 288 365 293 365 293 366 293 367 293 384 286 413 291 414 291 415 291 427 284 429 284 479 289 480 289 480 289 481 289 481 288 489 283 539 288 540 288 541 288 552 282 564 286 565 286 566 286 636 285 697 276 697 268 695 245 649 240 649 240 648 240 634 246 633 247 541 249 540 249 533 243 533 243 532 243 514 243 514 243 513 243 487 249 462 246 461 246 461 246 460 246 454 251 453 251 450 251 423 246 422 246 392 253 389 253 387 253 365 247 365 247 364 247 344 248 343 248 342 248 333 254 331 255 304 255 263 255 250 250 250 250 249 250 248 250 247 250 242 254 221 251 221 251 220 251 219 251 211 258 209 258 205 258 162 254 161 254 96 260 96 284"/></Shape>
            <String CONTENT="rum more ſed puras à ſanguine proximorum, à fœ¬"
                    HPOS="96"
                    VPOS="240"
                    WIDTH="601"
                    HEIGHT="57"
                    WC="0.9861536828839049"></String>
          </TextLine>
          <TextLine ID="line_4"
                    TAGREFS="LT8"
                    BASELINE="99 322 693 307" 
                    HPOS="97"
                    VPOS="279"
                    WIDTH="596"
                    HEIGHT="57">
            <Shape><Polygon POINTS="99 322 99 332 139 336 139 336 190 331 199 330 205 330 263 335 264 335 395 331 396 331 408 325 409 324 430 324 431 324 442 330 442 330 443 330 505 322 509 322 512 322 558 327 559 327 629 320 653 325 654 325 655 325 656 325 663 319 673 322 674 322 675 322 676 322 693 317 693 307 692 287 658 279 658 279 657 279 631 287 613 281 612 281 611 281 610 281 593 288 591 288 582 288 515 286 514 286 492 290 486 291 483 290 469 286 468 286 467 286 466 286 451 290 422 286 421 286 397 291 376 287 375 287 375 287 364 293 360 294 353 293 345 291 344 291 302 293 262 296 256 294 245 290 244 290 243 290 242 290 233 295 227 298 220 295 209 291 208 291 207 291 97 297 99 322"/></Shape>
            <String CONTENT="dis, libidinoſis́ contractibus, &amp; à munere &amp; uſu¬"
                    HPOS="97"
                    VPOS="279"
                    WIDTH="596"
                    HEIGHT="57"
                    WC="0.9850118242058099"></String>
          </TextLine>
          <TextLine ID="line_5"
                    TAGREFS="LT8"
                    BASELINE="99 362 697 346" 
                    HPOS="98"
                    VPOS="318"
                    WIDTH="599"
                    HEIGHT="54">
            <Shape><Polygon POINTS="99 362 99 372 283 372 283 372 284 372 284 371 288 368 290 366 294 368 306 371 307 371 307 371 347 370 410 365 427 363 457 363 599 364 600 364 600 364 601 364 601 363 606 359 607 357 696 355 697 346 695 322 663 318 663 318 662 318 645 322 630 327 563 328 557 326 547 322 546 322 545 322 544 322 528 326 521 328 510 327 480 323 479 323 439 329 429 331 423 330 404 326 403 326 403 326 381 331 372 334 332 334 328 333 318 329 317 329 317 329 316 329 315 329 308 333 306 335 292 334 267 332 266 332 265 332 258 335 253 336 248 336 223 330 222 330 221 330 221 330 213 336 210 333 209 333 208 333 207 333 206 333 191 337 187 338 182 337 161 331 160 331 159 331 158 331 143 338 98 340 99 362"/></Shape>
            <String CONTENT="ra, ab omni malo opere. Non uult Paulus more Phaᛘ"
                    HPOS="98"
                    VPOS="318"
                    WIDTH="599"
                    HEIGHT="54"
                    ></String>
          </TextLine>
          <TextLine ID="line_6"
                    TAGREFS="LT8"
                    BASELINE="99 402 697 385" 
                    HPOS="98"
                    VPOS="356"
                    WIDTH="599"
                    HEIGHT="61">
            <Shape><Polygon POINTS="99 402 99 412 127 417 128 417 129 417 129 417 138 411 190 410 203 414 204 414 205 414 206 414 223 409 242 413 243 413 244 413 245 413 250 408 251 407 254 408 272 413 273 413 274 413 320 408 331 411 331 411 332 411 333 411 334 411 334 410 340 405 341 404 344 405 366 410 367 410 368 410 383 403 384 403 389 403 422 407 423 407 423 407 436 403 438 402 447 402 505 406 506 406 507 406 528 399 529 399 530 399 542 405 543 405 543 405 592 403 593 403 606 398 608 397 610 397 628 401 629 401 697 394 697 385 696 360 638 356 637 356 636 356 635 356 629 361 625 365 609 362 596 360 596 360 595 360 585 363 572 367 554 367 550 364 546 360 545 360 544 360 485 360 484 360 483 360 470 367 468 368 466 367 458 361 457 361 456 361 456 361 455 361 454 361 446 368 445 369 423 370 408 369 370 364 370 364 369 364 368 364 360 370 360 371 358 370 345 365 344 365 343 365 342 365 341 365 333 371 331 373 311 372 276 370 275 370 207 375 184 377 181 376 158 370 157 370 156 370 125 370 124 370 98 378 99 402"/></Shape>
            <String CONTENT="riſaico manus extendi, ſed more deſiderantium le¬"
                    HPOS="98"
                    VPOS="356"
                    WIDTH="599"
                    HEIGHT="61"
                    WC="0.9992495179176331"></String>
          </TextLine>
          <TextLine ID="line_7"
                    TAGREFS="LT8"
                    BASELINE="100 441 698 426" 
                    HPOS="98"
                    VPOS="399"
                    WIDTH="600"
                    HEIGHT="52">
            <Shape><Polygon POINTS="100 441 100 451 298 451 299 451 394 443 403 442 408 442 451 447 452 447 453 447 475 441 476 441 491 446 492 446 493 446 531 446 532 446 533 446 539 441 559 444 560 444 561 444 562 444 567 439 596 444 597 444 631 437 632 436 698 434 698 426 697 402 678 399 677 399 677 399 671 402 666 404 662 403 655 399 654 399 653 399 653 399 639 403 627 407 562 408 539 406 498 403 497 403 496 403 479 408 473 410 397 412 372 411 307 408 307 408 306 408 305 408 298 413 295 414 283 413 232 409 231 409 188 416 183 417 182 417 166 411 165 411 164 411 163 411 146 418 98 418 100 441"/></Shape>
            <String CONTENT="uare ex affectu petitiones. Non obſunt omnes ce¬"
                    HPOS="98"
                    VPOS="399"
                    WIDTH="600"
                    HEIGHT="52"
                    WC="0.9777943355341753"></String>
          </TextLine>
          <TextLine ID="line_8"
                    TAGREFS="LT8"
                    BASELINE="101 480 697 465" 
                    HPOS="100"
                    VPOS="446"
                    WIDTH="597"
                    HEIGHT="49">
            <Shape><Polygon POINTS="581 467 572 467 564 467 556 467 548 467 539 467 531 467 523 467 514 469 506 469 498 469 490 469 481 469 473 469 465 469 456 469 448 469 440 469 432 469 423 469 415 469 407 469 399 469 390 469 382 469 374 469 365 469 357 469 349 469 341 469 332 469 324 469 316 469 307 469 299 469 291 469 283 469 274 469 266 469 258 469 250 469 241 469 233 469 225 469 216 469 208 469 200 469 192 469 183 469 175 469 167 469 158 469 150 469 142 469 134 469 132 469 129 471 100 471 101 480 102 495 115 490 190 492 215 492 216 492 216 492 219 491 227 487 264 490 283 490 284 490 285 490 290 489 298 485 310 488 319 490 320 490 332 487 345 485 347 486 350 489 350 489 351 489 352 489 368 486 384 483 399 485 413 487 414 487 483 482 520 480 526 480 538 484 539 484 540 484 570 480 580 478 584 479 595 482 596 482 596 482 625 478 663 480 663 480 664 480 665 480 670 476 671 475 697 475 697 465 695 446 586 449 586 449 585 449 584 449 581 467"/></Shape>
            <String CONTENT="rimonæ, malta projant, jeu non mate, &amp; quæ"
                    HPOS="100"
                    VPOS="446"
                    WIDTH="597"
                    HEIGHT="49"
                    WC="0.9599015038637888"></String>
          </TextLine>
          <TextLine ID="line_9"
                    TAGREFS="LT8"
                    BASELINE="101 520 698 505" 
                    HPOS="100"
                    VPOS="475"
                    WIDTH="598"
                    HEIGHT="60">
            <Shape><Polygon POINTS="101 520 101 533 188 534 189 534 190 534 200 530 205 528 208 530 221 535 222 535 223 535 267 534 291 533 292 533 293 533 300 527 302 526 313 527 343 529 344 529 361 525 367 524 371 525 399 531 399 531 400 531 418 526 422 529 423 529 423 529 424 529 425 529 426 529 432 523 433 523 436 523 460 529 461 529 461 529 498 528 546 520 547 520 548 520 572 524 572 524 630 518 632 518 633 518 658 524 659 524 660 524 698 515 698 505 697 483 678 475 677 475 677 475 676 475 654 484 643 480 642 480 641 480 640 480 625 484 614 478 613 478 612 478 611 478 610 478 602 485 588 485 566 478 565 478 564 478 563 478 529 487 528 488 508 488 488 488 466 480 466 480 465 480 464 480 430 489 427 490 346 491 345 491 333 484 332 484 331 484 331 484 304 485 303 485 302 485 297 490 246 486 245 486 245 486 244 486 233 493 230 495 225 493 203 487 202 487 201 487 201 487 200 487 192 494 190 496 152 496 149 495 134 489 134 489 133 489 100 495 101 520"/></Shape>
            <String CONTENT="uel mentis diſtractionem, uel hypocriſim mouere"
                    HPOS="100"
                    VPOS="475"
                    WIDTH="598"
                    HEIGHT="60"
                    WC="0.9832966391076433"></String>
          </TextLine>
          <TextLine ID="line_10"
                    TAGREFS="LT8"
                    BASELINE="105 561 203 558" 
                    HPOS="103"
                    VPOS="527"
                    WIDTH="100"
                    HEIGHT="51">
            <Shape><Polygon POINTS="105 561 105 578 202 569 203 558 201 536 161 527 141 527 140 527 139 527 139 527 129 535 126 537 103 535 105 561"/></Shape>
            <String CONTENT="poßint."
                    HPOS="103"
                    VPOS="527"
                    WIDTH="100"
                    HEIGHT="51"
                    WC="0.9996605600629535"></String>
          </TextLine>
        </TextBlock>
        <TextBlock HPOS="97"
                   VPOS="560"
                   WIDTH="620"
                   HEIGHT="438"
                   ID="block_4"
                   TAGREFS="BT3109">
          <Shape><Polygon POINTS="710 560 717 981 106 998 97 569"/></Shape>
          <TextLine ID="line_11"
                    TAGREFS="LT8"
                    BASELINE="136 599 700 584" 
                    HPOS="134"
                    VPOS="552"
                    WIDTH="566"
                    HEIGHT="56">
            <Shape><Polygon POINTS="136 599 136 608 699 594 700 584 698 557 658 552 657 552 656 552 655 552 648 557 646 558 645 558 640 554 640 553 639 553 639 553 605 553 604 553 573 556 572 556 572 556 572 557 567 561 565 562 510 563 508 562 498 557 497 557 496 557 495 557 472 562 450 557 449 557 448 557 447 557 439 564 437 565 432 565 395 562 394 562 394 562 384 566 383 567 379 567 357 563 356 563 355 563 341 567 341 567 324 561 323 561 322 561 298 562 297 562 296 562 287 569 274 562 273 562 272 562 239 570 198 564 197 564 197 564 196 564 186 571 149 566 149 566 148 566 134 572 136 599"/></Shape>
            <String CONTENT="Sine ira &amp; diſceptatione) Docet nihil à deo"
                    HPOS="134"
                    VPOS="552"
                    WIDTH="566"
                    HEIGHT="56"
                    WC="0.9666905159300024"></String>
          </TextLine>
          <TextLine ID="line_12"
                    TAGREFS="LT8"
                    BASELINE="105 639 702 624" 
                    HPOS="104"
                    VPOS="594"
                    WIDTH="598"
                    HEIGHT="60">
            <Shape><Polygon POINTS="105 639 105 654 164 653 165 653 166 653 173 649 192 653 197 653 197 653 202 652 231 645 313 647 314 647 315 647 329 643 350 646 360 648 360 648 361 648 366 646 374 643 379 645 385 648 386 648 387 648 495 644 496 644 507 640 514 638 532 639 562 643 563 643 564 643 575 638 580 636 596 637 627 639 628 639 629 639 639 635 643 634 647 635 664 639 665 639 701 633 702 624 701 600 650 594 649 594 649 594 648 594 637 602 636 602 629 602 558 598 557 598 557 598 543 605 541 605 466 606 466 606 450 599 449 599 448 599 447 599 447 599 432 607 432 608 419 608 413 608 404 600 403 600 403 600 386 600 385 600 384 600 384 600 373 609 356 603 355 603 355 603 325 610 322 610 319 610 288 604 288 604 264 609 241 605 240 605 240 605 239 605 234 610 215 605 214 605 213 605 212 605 203 612 167 606 166 606 104 615 105 639"/></Shape>
            <String CONTENT="poſtulandum obtine ri, niſi prius proximo concilia¬"
                    HPOS="104"
                    VPOS="594"
                    WIDTH="598"
                    HEIGHT="60"
                    WC="0.996215798106848"></String>
          </TextLine>
          <TextLine ID="line_13"
                    TAGREFS="LT8"
                    BASELINE="105 678 711 663" 
                    HPOS="104"
                    VPOS="634"
                    WIDTH="607"
                    HEIGHT="59">
            <Shape><Polygon POINTS="105 678 105 688 136 693 137 693 228 686 243 685 265 685 388 687 389 687 389 687 390 687 390 686 394 682 418 686 418 686 534 679 567 682 568 682 569 682 580 677 585 675 711 674 711 663 710 639 649 634 648 634 647 634 622 641 621 642 591 642 580 642 560 637 559 637 558 637 507 644 463 639 462 639 461 639 447 644 433 640 432 640 432 640 431 640 430 640 430 641 424 646 424 647 423 647 404 647 397 641 396 641 395 641 394 641 394 641 380 647 322 643 321 643 320 643 319 643 312 648 293 644 293 644 272 644 271 644 270 644 269 644 261 649 176 646 175 646 174 646 155 653 104 654 105 678"/></Shape>
            <String CONTENT="tus Chriſtiana charitate fueris. Solet animum uiro¬"
                    HPOS="104"
                    VPOS="634"
                    WIDTH="607"
                    HEIGHT="59"
                    WC="0.9737670094359154"></String>
          </TextLine>
          <TextLine ID="line_14"
                    TAGREFS="LT8"
                    BASELINE="107 719 270 712 706 703" 
                    HPOS="105"
                    VPOS="675"
                    WIDTH="601"
                    HEIGHT="56">
            <Shape><Polygon POINTS="107 719 107 731 174 730 175 730 176 730 182 725 195 730 196 730 197 730 197 730 213 725 240 730 242 730 243 730 245 730 268 724 284 728 285 728 286 728 355 722 364 726 365 726 365 726 375 726 422 725 423 725 438 720 460 724 461 724 496 718 514 723 514 723 515 723 516 723 517 723 524 717 567 716 575 721 576 721 576 721 577 721 607 716 638 720 639 720 639 720 640 720 649 715 705 719 706 703 703 681 650 681 639 675 638 675 637 675 589 682 514 678 513 678 512 678 511 678 511 679 504 685 478 685 463 679 462 679 461 679 432 680 432 680 431 680 423 687 423 687 422 687 390 681 389 681 362 682 361 682 360 682 353 687 318 682 317 682 284 690 283 690 281 690 270 686 269 686 269 686 211 692 205 692 201 692 172 687 171 687 170 687 169 687 161 692 160 693 105 693 107 719"/></Shape>
            <String CONTENT="rum ira ocupare ſicut ſuperbia mulieres, &amp; inconᛘ"
                    HPOS="105"
                    VPOS="675"
                    WIDTH="601"
                    HEIGHT="56"
                    ></String>
          </TextLine>
          <TextLine ID="line_15"
                    TAGREFS="LT8"
                    BASELINE="107 759 269 752 703 743" 
                    HPOS="105"
                    VPOS="714"
                    WIDTH="598"
                    HEIGHT="55">
            <Shape><Polygon POINTS="107 759 107 765 141 769 142 769 173 764 178 764 185 764 227 767 228 767 259 762 263 762 278 762 459 762 460 762 495 756 500 755 581 754 582 754 595 759 596 759 596 759 702 751 703 743 701 715 674 714 673 714 673 714 672 714 672 715 671 715 665 720 600 717 599 717 557 723 547 718 545 717 544 717 543 717 493 718 486 719 457 725 438 720 436 720 435 720 434 720 433 720 432 720 421 726 388 723 387 723 386 723 385 723 385 724 381 727 358 722 353 721 352 721 351 721 350 722 337 729 307 729 292 724 290 723 289 723 288 723 288 723 287 723 286 724 275 730 206 727 205 727 167 732 149 726 148 726 147 726 146 726 145 726 144 726 135 730 105 728 107 759"/></Shape>
            <String CONTENT="tinentia. Ira autem charitati maximè contraria &amp;"
                    HPOS="105"
                    VPOS="714"
                    WIDTH="598"
                    HEIGHT="55"
                    WC="0.9949450103604064"></String>
          </TextLine>
          <TextLine ID="line_16"
                    TAGREFS="LT8"
                    BASELINE="109 797 707 779" 
                    HPOS="107"
                    VPOS="751"
                    WIDTH="600"
                    HEIGHT="58">
            <Shape><Polygon POINTS="109 797 109 805 164 809 165 809 166 809 183 804 245 805 245 805 246 805 247 805 253 801 254 801 274 805 275 805 314 804 315 804 325 799 421 802 422 802 533 793 537 793 539 793 621 796 622 796 623 796 642 789 707 787 707 779 706 756 673 751 672 751 671 751 670 751 663 757 661 759 629 759 623 758 607 753 606 753 605 753 605 753 604 753 595 759 590 762 576 762 563 759 535 754 534 754 509 755 508 755 507 755 507 756 502 761 501 761 489 757 488 757 487 757 486 757 485 757 480 761 475 765 442 765 437 763 432 759 432 759 431 759 430 759 429 759 422 763 414 767 378 767 360 764 336 760 335 760 334 760 333 760 327 764 321 761 320 761 319 761 318 761 317 761 312 765 308 769 297 766 278 762 278 762 277 762 264 767 255 769 245 767 234 765 233 765 232 765 231 765 228 768 220 772 180 771 177 769 171 765 170 765 169 765 168 765 168 765 158 769 153 771 149 769 141 766 140 766 139 766 139 766 138 766 138 767 134 770 131 772 128 770 126 769 125 769 125 769 124 769 107 770 109 797"/></Shape>
            <String CONTENT="inimica, oratioui locum præcludit omnino. Et"
                    HPOS="107"
                    VPOS="751"
                    WIDTH="600"
                    HEIGHT="58"
                    WC="0.9973267750306563"></String>
          </TextLine>
          <TextLine ID="line_17"
                    TAGREFS="LT8"
                    BASELINE="119 844 699 830" 
                    HPOS="116"
                    VPOS="793"
                    WIDTH="582"
                    HEIGHT="56">
            <Shape><Polygon POINTS="118 843 118 849 698 836 698 829 694 795 585 799 559 793 557 793 556 793 521 800 489 794 488 794 424 803 381 797 380 797 274 807 231 800 229 800 228 800 200 808 131 803 130 803 129 803 127 803 116 809 118 843"/></Shape>
            <String CONTENT="niſt proata reconciuatuos paupiui ſe oraturum"
                    HPOS="116"
                    VPOS="793"
                    WIDTH="582"
                    HEIGHT="56"
                    WC="0.9560273885726929"></String>
          </TextLine>
          <TextLine ID="line_18"
                    TAGREFS="LT8"
                    BASELINE="110 877 708 859" 
                    HPOS="109"
                    VPOS="831"
                    WIDTH="599"
                    HEIGHT="59">
            <Shape><Polygon POINTS="110 877 110 885 134 890 135 890 162 884 165 884 170 884 213 888 214 888 215 888 216 888 216 887 221 883 290 884 291 884 323 879 328 879 346 879 490 879 490 879 529 874 539 878 540 878 541 878 576 873 625 875 625 875 651 869 654 868 708 867 708 859 706 834 628 831 627 831 626 831 625 831 620 836 616 839 599 837 587 836 586 836 568 838 541 841 527 840 495 836 495 836 466 842 456 844 454 842 448 837 447 837 447 837 446 837 383 839 382 839 365 845 362 846 356 845 327 841 326 841 326 841 325 841 317 847 316 849 298 850 252 850 205 850 192 845 191 845 190 845 189 845 177 850 165 845 164 845 163 845 163 845 142 853 141 854 109 854 110 877"/></Shape>
            <String CONTENT="nemo ignoret. Non uult ignoſcere, nec pieta¬"
                    HPOS="109"
                    VPOS="831"
                    WIDTH="599"
                    HEIGHT="59"
                    WC="0.9892245531082153"></String>
          </TextLine>
          <TextLine ID="line_19"
                    TAGREFS="LT8"
                    BASELINE="110 915 711 899" 
                    HPOS="110"
                    VPOS="869"
                    WIDTH="601"
                    HEIGHT="54">
            <Shape><Polygon POINTS="110 915 110 923 330 922 331 922 331 922 331 922 336 918 336 918 360 922 361 922 362 922 363 922 370 918 370 917 379 918 411 920 412 920 456 915 466 914 484 914 580 916 581 916 637 910 647 909 652 909 677 913 678 913 710 908 711 899 710 873 703 869 702 869 701 869 701 869 654 869 653 869 639 874 623 870 622 870 621 870 620 870 620 870 613 875 609 879 493 881 486 879 479 874 478 874 477 874 476 874 466 879 455 883 445 879 436 875 435 875 434 875 433 875 432 875 426 879 418 884 403 880 402 880 361 885 353 881 347 878 346 878 330 878 329 878 302 882 264 889 245 889 235 884 230 881 230 881 229 881 216 884 192 889 177 884 171 883 170 883 169 883 168 883 163 884 150 889 110 886 110 915"/></Shape>
            <String CONTENT="tis dona largri, niſi peaantibus in nos, ante indulſeᛘ"
                    HPOS="110"
                    VPOS="869"
                    WIDTH="601"
                    HEIGHT="54"
                    ></String>
          </TextLine>
          <TextLine ID="line_20"
                    TAGREFS="LT8"
                    BASELINE="111 954 711 939" 
                    HPOS="110"
                    VPOS="908"
                    WIDTH="601"
                    HEIGHT="59">
            <Shape><Polygon POINTS="111 954 111 965 242 967 243 967 244 967 258 961 260 961 262 961 275 966 276 966 277 966 278 966 278 966 285 961 286 960 286 961 293 966 293 966 294 966 295 966 377 964 436 956 446 956 451 956 476 961 477 961 478 961 490 956 553 957 554 957 555 957 556 957 561 953 572 959 573 959 574 959 575 959 576 959 583 954 590 958 591 958 591 958 592 958 593 958 614 953 629 957 629 957 630 957 631 957 645 951 647 950 711 949 711 939 709 908 675 915 624 913 623 913 590 917 575 913 574 913 573 913 572 913 562 918 516 918 510 914 508 913 507 913 506 913 505 913 504 913 500 915 493 918 487 915 480 913 479 913 478 913 437 917 395 922 390 918 385 915 384 915 384 915 383 915 382 915 370 919 360 922 354 920 345 916 344 916 343 916 286 922 262 925 259 923 249 918 248 918 247 918 187 926 173 927 166 927 137 922 136 922 135 922 134 922 126 928 125 929 110 929 111 954"/></Shape>
            <String CONTENT="rimus, niſi fratri offe nſam remiſcrimus &amp; ut nos diᛘ"
                    HPOS="110"
                    VPOS="908"
                    WIDTH="601"
                    HEIGHT="59"
                    ></String>
          </TextLine>
          <TextLine ID="line_21"
                    TAGREFS="LT8"
                    BASELINE="114 993 251 990" 
                    HPOS="112"
                    VPOS="962"
                    WIDTH="139"
                    HEIGHT="40">
            <Shape><Polygon POINTS="114 993 114 1002 250 998 251 990 249 969 214 970 205 967 190 962 189 962 188 962 167 966 146 970 138 965 135 964 134 964 134 964 112 964 114 993"/></Shape>
            <String CONTENT="lexerimus."
                    HPOS="112"
                    VPOS="962"
                    WIDTH="139"
                    HEIGHT="40"
                    WC="0.9997248828411103"></String>
          </TextLine>
        </TextBlock>
        <TextBlock HPOS="116"
                   VPOS="989"
                   WIDTH="607"
                   HEIGHT="217"
                   ID="block_5"
                   TAGREFS="BT3112">
          <Shape><Polygon POINTS="719 989 723 1191 116 1206 116 998"/></Shape>
          <TextLine ID="line_22"
                    TAGREFS="LT8"
                    BASELINE="152 1035 711 1022" 
                    HPOS="150"
                    VPOS="989"
                    WIDTH="560"
                    HEIGHT="51">
            <Shape><Polygon POINTS="684 989 672 989 659 989 647 989 634 989 622 990 616 990 588 993 582 990 572 990 560 990 547 990 535 992 529 992 508 994 504 992 498 992 485 992 473 992 465 992 428 997 400 993 398 993 386 993 375 993 368 998 313 994 311 994 299 994 289 994 284 999 240 995 237 995 224 995 214 995 150 1002 151 1034 151 1040 710 1028 710 1021 708 992 693 989 684 989"/></Shape>
            <String CONTENT="Similiter &amp; mulieres in habitu orna¬"
                    HPOS="150"
                    VPOS="989"
                    WIDTH="560"
                    HEIGHT="51"
                    WC="0.9968583699729707"></String>
          </TextLine>
          <TextLine ID="line_23"
                    TAGREFS="LT8"
                    BASELINE="117 1071 714 1059" 
                    HPOS="116"
                    VPOS="1028"
                    WIDTH="598"
                    HEIGHT="54">
            <Shape><Polygon POINTS="117 1071 117 1082 315 1076 331 1077 351 1080 352 1080 353 1080 354 1080 354 1079 356 1076 359 1075 437 1075 592 1075 593 1075 714 1067 714 1059 712 1031 659 1028 658 1028 658 1028 641 1033 624 1037 607 1033 589 1030 588 1030 569 1034 552 1039 471 1041 447 1041 442 1038 433 1033 432 1033 432 1033 431 1033 430 1033 422 1038 418 1041 416 1038 409 1033 408 1033 408 1033 407 1033 371 1038 356 1034 355 1034 355 1034 319 1042 308 1043 293 1043 236 1037 235 1037 201 1045 196 1046 192 1045 171 1039 170 1039 169 1039 168 1039 156 1046 153 1047 116 1047 117 1071"/></Shape>
            <String CONTENT="to (amictu modeſto) cum uerecundia"
                    HPOS="116"
                    VPOS="1028"
                    WIDTH="598"
                    HEIGHT="54"
                    WC="0.9841404802658978"></String>
          </TextLine>
          <TextLine ID="line_24"
                    TAGREFS="LT8"
                    BASELINE="117 1111 714 1099" 
                    HPOS="116"
                    VPOS="1069"
                    WIDTH="598"
                    HEIGHT="55">
            <Shape><Polygon POINTS="117 1111 117 1122 195 1124 196 1124 197 1124 204 1120 210 1118 238 1119 258 1120 259 1120 259 1120 266 1119 277 1116 289 1118 310 1121 311 1121 328 1117 336 1115 341 1117 351 1119 352 1119 353 1119 379 1116 389 1115 397 1115 421 1119 422 1119 527 1113 552 1116 553 1116 586 1115 587 1115 598 1110 600 1109 689 1108 690 1108 695 1112 696 1112 697 1112 697 1112 698 1112 714 1107 714 1099 712 1074 614 1069 613 1069 612 1069 595 1075 588 1076 579 1075 567 1072 566 1072 565 1072 558 1075 552 1078 473 1079 466 1076 460 1072 459 1072 458 1072 457 1072 445 1076 431 1080 426 1076 424 1074 423 1074 423 1074 422 1074 421 1074 420 1074 418 1076 411 1080 402 1076 394 1073 394 1073 393 1073 353 1074 352 1074 351 1074 351 1075 349 1076 344 1081 328 1076 325 1076 324 1076 323 1076 322 1076 304 1082 252 1077 239 1076 238 1076 237 1076 233 1077 216 1082 199 1078 198 1078 197 1078 116 1078 117 1111"/></Shape>
            <String CONTENT="&amp; ſobrietate (caſtitate) ornantes ſe non"
                    HPOS="116"
                    VPOS="1069"
                    WIDTH="598"
                    HEIGHT="55"
                    WC="0.987015676498413"></String>
          </TextLine>
          <TextLine ID="line_25"
                    TAGREFS="LT8"
                    BASELINE="118 1152 540 1144 713 1137" 
                    HPOS="116"
                    VPOS="1110"
                    WIDTH="597"
                    HEIGHT="53">
            <Shape><Polygon POINTS="118 1152 118 1163 223 1163 224 1163 225 1163 225 1163 230 1160 236 1156 274 1156 317 1156 321 1158 325 1160 326 1160 326 1160 327 1160 349 1157 363 1154 371 1156 389 1160 389 1160 418 1155 452 1158 453 1158 454 1158 466 1153 467 1153 467 1153 472 1158 473 1158 474 1158 475 1158 506 1158 506 1158 507 1158 508 1158 508 1157 514 1152 514 1152 515 1152 543 1157 544 1157 572 1156 573 1156 574 1156 583 1150 585 1149 590 1150 613 1153 614 1153 615 1153 625 1148 627 1148 713 1146 713 1137 711 1110 388 1123 370 1119 369 1119 368 1119 347 1122 339 1117 338 1117 337 1117 336 1117 336 1117 305 1121 258 1119 257 1119 256 1119 247 1123 225 1119 224 1119 223 1119 193 1127 171 1120 170 1120 169 1120 168 1120 153 1128 116 1121 118 1152"/></Shape>
            <String CONTENT="in tortis crinibus, aut auro, aut mar¬"
                    HPOS="116"
                    VPOS="1110"
                    WIDTH="597"
                    HEIGHT="53"
                    WC="0.994372872929824"></String>
          </TextLine>
          <TextLine ID="line_26"
                    TAGREFS="LT8"
                    BASELINE="123 1192 426 1187 714 1177" 
                    HPOS="122"
                    VPOS="1145"
                    WIDTH="592"
                    HEIGHT="68">
            <Shape><Polygon POINTS="123 1213 165 1209 170 1212 171 1212 172 1212 173 1212 173 1212 174 1212 193 1204 229 1210 235 1211 236 1211 237 1211 242 1209 275 1198 305 1198 316 1206 317 1206 317 1206 318 1206 339 1202 351 1205 368 1208 369 1208 370 1208 387 1203 389 1203 390 1203 419 1206 420 1206 421 1206 422 1206 427 1201 433 1196 455 1195 479 1199 509 1205 509 1205 571 1202 572 1202 601 1194 615 1190 713 1189 714 1177 712 1145 697 1145 696 1145 695 1145 694 1145 682 1153 649 1150 649 1150 618 1154 591 1148 591 1148 590 1148 588 1148 538 1157 527 1149 526 1149 525 1149 509 1149 509 1149 508 1149 507 1149 507 1150 499 1158 473 1152 472 1152 471 1152 471 1152 471 1153 464 1159 402 1160 370 1153 368 1153 367 1153 366 1153 365 1153 330 1162 299 1154 298 1154 297 1154 295 1154 260 1163 200 1157 198 1157 197 1157 197 1157 196 1157 196 1158 190 1163 179 1158 178 1158 177 1158 177 1158 176 1158 171 1163 158 1158 157 1158 156 1158 155 1158 138 1166 122 1158 123 1192 123 1213"/></Shape>
            <String CONTENT="garitis, uel ueſte precioſa, ſed quod"
                    HPOS="122"
                    VPOS="1145"
                    WIDTH="592"
                    HEIGHT="68"
                    WC="0.9963090661409739"></String>
          </TextLine>
        </TextBlock>
        <TextBlock HPOS="442"
                   VPOS="1197"
                   WIDTH="123"
                   HEIGHT="43"
                   ID="block_2"
                   TAGREFS="BT17">
          <Shape><Polygon POINTS="565 1197 565 1240 442 1240 442 1197"/></Shape>
          <TextLine ID="line_27"
                    TAGREFS="LT8"
                    BASELINE="456 1227 480 1227" 
                    HPOS="456"
                    VPOS="1189"
                    WIDTH="24"
                    HEIGHT="47">
            <Shape><Polygon POINTS="456 1227 456 1236 480 1235 480 1227 480 1192 456 1189 456 1227"/></Shape>
            <String CONTENT="D"
                    HPOS="456"
                    VPOS="1189"
                    WIDTH="24"
                    HEIGHT="47"
                    ></String>
          </TextLine>
          <TextLine ID="line_28"
                    TAGREFS="LT8"
                    BASELINE="534 1226 552 1225" 
                    HPOS="533"
                    VPOS="1196"
                    WIDTH="19"
                    HEIGHT="44">
            <Shape><Polygon POINTS="534 1226 536 1240 541 1236 551 1239 552 1225 549 1196 533 1200 534 1226"/></Shape>
            <String CONTENT="A"
                    HPOS="533"
                    VPOS="1196"
                    WIDTH="19"
                    HEIGHT="44"
                    WC="0.999910831451416"></String>
          </TextLine>
        </TextBlock>
        <TextBlock HPOS="627"
                   VPOS="1192"
                   WIDTH="89"
                   HEIGHT="39"
                   ID="block_3"
                   TAGREFS="BT17">
          <Shape><Polygon POINTS="716 1192 716 1231 627 1231 627 1192"/></Shape>
          <TextLine ID="line_29"
                    TAGREFS="LT8"
                    BASELINE="635 1221 707 1215" 
                    HPOS="632"
                    VPOS="1192"
                    WIDTH="76"
                    HEIGHT="43">
            <Shape><Polygon POINTS="694 1192 681 1192 669 1192 657 1192 648 1192 632 1192 634 1220 636 1235 708 1231 706 1214 701 1192 694 1192"/></Shape>
            <String CONTENT="decet"
                    HPOS="632"
                    VPOS="1192"
                    WIDTH="76"
                    HEIGHT="43"
                    WC="0.9998968720436097"></String>
          </TextLine>
        </TextBlock>
      </PrintSpace>
    </Page>
  </Layout>
</alto>
