<?xml version="1.0" encoding="UTF-8"?>
<alto xmlns:xsi="http://www.w3.org/2001/XMLSchema-instance"
      xmlns="http://www.loc.gov/standards/alto/ns-v4#"
      xsi:schemaLocation="http://www.loc.gov/standards/alto/ns-v4# http://www.loc.gov/standards/alto/v4/alto-4-2.xsd">
  <Description>
    <MeasurementUnit>pixel</MeasurementUnit>
    <sourceImageInformation>
      <fileName>952811.jpg</fileName>
    </sourceImageInformation>
  </Description>
  <Tags>
    <OtherTag ID="BT7" LABEL="CustomZone" DESCRIPTION="block type CustomZone"/><OtherTag ID="BT8" LABEL="DamageZone" DESCRIPTION="block type DamageZone"/><OtherTag ID="BT9" LABEL="DigitizationArtefactZone" DESCRIPTION="block type DigitizationArtefactZone"/><OtherTag ID="BT10" LABEL="DropCapitalZone" DESCRIPTION="block type DropCapitalZone"/><OtherTag ID="BT11" LABEL="GraphicZone" DESCRIPTION="block type GraphicZone"/><OtherTag ID="BT12" LABEL="MainZone" DESCRIPTION="block type MainZone"/><OtherTag ID="BT13" LABEL="MarginTextZone" DESCRIPTION="block type MarginTextZone"/><OtherTag ID="BT14" LABEL="MusicZone" DESCRIPTION="block type MusicZone"/><OtherTag ID="BT15" LABEL="NumberingZone" DESCRIPTION="block type NumberingZone"/><OtherTag ID="BT17" LABEL="QuireMarksZone" DESCRIPTION="block type QuireMarksZone"/><OtherTag ID="BT18" LABEL="RunningTitleZone" DESCRIPTION="block type RunningTitleZone"/><OtherTag ID="BT19" LABEL="SealZone" DESCRIPTION="block type SealZone"/><OtherTag ID="BT20" LABEL="StampZone" DESCRIPTION="block type StampZone"/><OtherTag ID="BT21" LABEL="TableZone" DESCRIPTION="block type TableZone"/><OtherTag ID="BT22" LABEL="TitlePageZone" DESCRIPTION="block type TitlePageZone"/><OtherTag ID="BT3108" LABEL="MainZone-P-Continued" DESCRIPTION="block type MainZone-P-Continued"/><OtherTag ID="BT3109" LABEL="MainZone-P" DESCRIPTION="block type MainZone-P"/><OtherTag ID="BT3110" LABEL="MainZone-Sp-Continued" DESCRIPTION="block type MainZone-Sp-Continued"/><OtherTag ID="BT3111" LABEL="MainZone-Sp" DESCRIPTION="block type MainZone-Sp"/><OtherTag ID="BT3112" LABEL="MainZone-Head" DESCRIPTION="block type MainZone-Head"/><OtherTag ID="BT3115" LABEL="MainZone-Entry" DESCRIPTION="block type MainZone-Entry"/>
    <OtherTag ID="LT7" LABEL="CustomLine" DESCRIPTION="line type CustomLine"/><OtherTag ID="LT8" LABEL="DefaultLine" DESCRIPTION="line type DefaultLine"/><OtherTag ID="LT9" LABEL="DropCapitalLine" DESCRIPTION="line type DropCapitalLine"/><OtherTag ID="LT10" LABEL="HeadingLine" DESCRIPTION="line type HeadingLine"/><OtherTag ID="LT11" LABEL="InterlinearLine" DESCRIPTION="line type InterlinearLine"/><OtherTag ID="LT12" LABEL="MusicLine" DESCRIPTION="line type MusicLine"/>
  </Tags>
  <Layout>
    <Page WIDTH="1000"
          HEIGHT="1490"
          PHYSICAL_IMG_NR="6"
          ID="eSc_dummypage_">
      <PrintSpace HPOS="0"
                  VPOS="0"
                  WIDTH="1000"
                  HEIGHT="1490">
        <TextBlock HPOS="168"
                   VPOS="141"
                   WIDTH="497"
                   HEIGHT="51"
                   ID="block_1"
                   TAGREFS="BT18">
          <Shape><Polygon POINTS="665 141 665 192 168 192 168 141"/></Shape>
          <TextLine ID="line_0"
                    TAGREFS="LT10"
                    BASELINE="173 181 654 170" 
                    HPOS="172"
                    VPOS="131"
                    WIDTH="482"
                    HEIGHT="67">
            <Shape><Polygon POINTS="173 181 172 150 281 149 286 148 318 138 319 138 379 137 380 137 395 144 400 139 403 139 418 144 419 144 444 135 447 135 461 143 465 144 478 142 513 135 515 135 524 141 528 144 544 144 551 140 562 135 564 135 579 139 620 131 621 131 639 138 648 140 653 140 654 190 653 190 651 190 649 188 637 182 599 182 584 189 581 189 561 183 548 191 546 192 543 192 532 191 501 186 468 192 456 194 390 196 388 196 385 194 377 188 362 192 360 192 322 188 302 195 295 197 293 197 288 196 278 191 267 196 262 198 259 198 256 197 246 190 173 197"/></Shape>
            <String CONTENT="TIMOTHEI EPISTOLAM."
                    HPOS="172"
                    VPOS="131"
                    WIDTH="482"
                    HEIGHT="67"
                    ></String>
          </TextLine>
        </TextBlock>
        <TextBlock HPOS="682"
                   VPOS="142"
                   WIDTH="65"
                   HEIGHT="45"
                   ID="eSc_textblock_afafd778"
                   TAGREFS="BT15">
          <Shape><Polygon POINTS="682 142 682 187 747 187 747 142"/></Shape>
          <TextLine ID="eSc_line_299dc9d4"
                    TAGREFS="LT8"
                    BASELINE="689 169 735 168" 
                    HPOS="688"
                    VPOS="135"
                    WIDTH="47"
                    HEIGHT="54">
            <Shape><Polygon POINTS="733 135 735 168 734 187 721 183 711 188 710 188 689 189 688 138"/></Shape>
            <String CONTENT="47"
                    HPOS="688"
                    VPOS="135"
                    WIDTH="47"
                    HEIGHT="54"
                    WC="0.9999778270721436"></String>
          </TextLine>
        </TextBlock>
        <TextBlock HPOS="63"
                   VPOS="204"
                   WIDTH="350"
                   HEIGHT="45"
                   ID="eSc_textblock_2cfc0e46"
                   TAGREFS="BT3108">
          <Shape><Polygon POINTS="413 204 409 240 63 249 63 204"/></Shape>
          <TextLine ID="line_1"
                    TAGREFS="LT8"
                    BASELINE="68 237 404 230" 
                    HPOS="67"
                    VPOS="196"
                    WIDTH="337"
                    HEIGHT="55">
            <Shape><Polygon POINTS="68 237 68 251 112 245 182 244 204 247 216 249 217 249 237 248 238 248 239 248 239 247 240 245 244 243 288 244 366 245 367 245 403 239 404 230 401 199 395 202 390 199 385 196 384 196 384 196 383 196 363 200 360 201 356 201 332 197 331 197 331 197 330 197 330 197 326 201 323 205 289 206 266 206 264 203 258 198 257 198 256 198 255 198 254 198 238 203 179 200 178 200 140 207 134 208 128 207 82 202 81 202 81 202 67 208 68 237"/></Shape>
            <String CONTENT="nomen Chriſti, tyrannidis́."
                    HPOS="67"
                    VPOS="196"
                    WIDTH="337"
                    HEIGHT="55"
                    WC="0.975039175578526"></String>
          </TextLine>
        </TextBlock>
        <TextBlock HPOS="64"
                   VPOS="236"
                   WIDTH="611"
                   HEIGHT="406"
                   ID="block_3"
                   TAGREFS="BT3109">
          <Shape><Polygon POINTS="675 236 673 625 64 642 66 256"/></Shape>
          <TextLine ID="line_2"
                    TAGREFS="LT8"
                    BASELINE="89 275 670 259" 
                    HPOS="87"
                    VPOS="227"
                    WIDTH="583"
                    HEIGHT="61">
            <Shape><Polygon POINTS="89 275 89 288 234 288 234 287 261 283 279 281 311 282 349 283 350 283 350 283 356 281 365 277 416 276 449 279 466 280 466 280 467 280 475 278 488 275 492 278 492 278 493 278 494 278 495 278 495 278 496 278 497 278 503 273 562 276 579 277 580 277 581 277 581 277 582 276 588 272 606 275 611 276 612 276 635 275 636 275 637 275 637 274 644 269 669 273 670 259 668 227 647 227 646 227 645 227 644 228 630 235 618 229 616 228 615 228 615 228 614 228 610 229 597 235 586 230 583 229 582 229 581 229 557 230 557 230 556 230 556 230 554 231 548 237 519 233 504 231 504 231 503 231 502 231 500 234 493 240 477 240 458 235 443 233 442 233 442 233 441 233 436 236 428 241 366 242 360 240 353 237 352 237 351 237 350 237 341 240 333 243 322 241 308 239 307 239 307 239 298 242 290 245 283 243 264 238 264 238 263 238 216 245 204 247 201 246 192 240 191 240 190 240 161 245 147 241 146 241 145 241 144 241 121 249 87 250 89 275"/></Shape>
            <String CONTENT="Cedet in gloriam magnam religionis noſtræ, imò"
                    HPOS="87"
                    VPOS="227"
                    WIDTH="583"
                    HEIGHT="61"
                    ></String>
          </TextLine>
          <TextLine ID="line_3"
                    TAGREFS="LT8"
                    BASELINE="71 317 665 299" 
                    HPOS="69"
                    VPOS="268"
                    WIDTH="596"
                    HEIGHT="58">
            <Shape><Polygon POINTS="558 296 552 276 548 278 510 273 500 272 500 272 499 272 498 272 496 273 489 279 451 275 437 273 436 273 435 273 427 276 410 281 377 278 359 276 358 276 357 276 356 276 352 278 344 283 305 280 281 278 280 278 279 278 274 282 265 286 240 283 219 280 218 280 217 280 216 280 212 283 206 288 183 284 160 282 159 282 158 282 149 286 142 289 136 287 129 283 128 283 127 283 126 283 111 288 105 289 69 289 71 317 71 326 240 319 259 323 268 325 269 325 279 322 301 317 312 322 317 323 317 323 318 323 319 323 323 322 328 319 340 321 350 322 350 322 351 322 352 322 352 322 354 321 358 316 369 320 372 322 373 322 374 322 401 319 446 316 453 318 456 319 456 319 457 319 458 319 459 319 460 318 466 314 508 317 522 317 523 317 524 317 524 317 524 317 525 317 531 311 562 314 563 314 564 314 581 309 664 312 665 299 662 268 589 276 573 272 572 272 572 272 571 272 562 273 558 296"/></Shape>
            <String CONTENT="&amp; domini dei noſtri, qui per filium ſalualiit nos, ſi"
                    HPOS="69"
                    VPOS="268"
                    WIDTH="596"
                    HEIGHT="58"
                    ></String>
          </TextLine>
          <TextLine ID="line_4"
                    TAGREFS="LT8"
                    BASELINE="71 355 240 348 670 340" 
                    HPOS="70"
                    VPOS="311"
                    WIDTH="600"
                    HEIGHT="56">
            <Shape><Polygon POINTS="558 335 552 316 545 317 521 312 520 312 519 312 508 319 507 319 506 319 490 315 490 315 489 315 488 315 487 315 482 319 466 315 465 315 464 315 398 321 355 317 354 317 353 317 352 317 346 322 326 317 325 317 324 317 323 317 313 322 225 319 225 319 224 319 223 319 214 326 213 326 208 326 160 321 159 321 158 321 147 326 123 322 122 322 121 322 105 327 104 329 70 329 71 355 71 367 110 362 129 366 131 366 132 366 133 366 134 366 151 360 208 365 216 365 216 365 221 364 255 357 319 362 326 362 326 362 327 362 328 362 333 357 401 354 439 359 440 359 497 352 568 356 572 356 573 356 574 356 575 356 586 349 621 349 669 354 670 340 668 316 597 311 596 311 562 315 558 335"/></Shape>
            <String CONTENT="pacifice, manſuete &amp; ſedulo dominis obſéquemur,"
                    HPOS="70"
                    VPOS="311"
                    WIDTH="600"
                    HEIGHT="56"
                    WC="0.9819002685447534"></String>
          </TextLine>
          <TextLine ID="line_5"
                    TAGREFS="LT8"
                    BASELINE="70 394 666 376" 
                    HPOS="69"
                    VPOS="346"
                    WIDTH="597"
                    HEIGHT="62">
            <Shape><Polygon POINTS="70 394 70 408 240 397 259 401 267 403 268 403 291 400 334 394 347 398 350 398 351 398 352 398 360 397 377 394 425 394 495 396 495 396 496 396 497 396 504 391 505 390 512 391 534 394 535 394 536 394 552 389 559 388 570 389 608 393 609 393 665 384 666 376 663 350 650 353 646 350 639 346 639 346 638 346 637 346 608 346 607 346 596 351 592 354 567 353 552 352 551 352 538 354 513 357 506 355 493 350 492 350 491 350 490 350 490 350 480 355 479 357 435 360 431 357 423 352 422 352 421 352 406 352 405 352 404 352 382 359 375 361 370 360 364 357 363 357 362 357 361 357 349 360 341 362 336 360 316 355 315 355 314 355 313 355 305 360 264 356 264 356 263 356 262 356 256 361 235 358 234 358 187 366 179 367 177 366 165 360 164 360 163 360 163 360 133 368 131 368 130 368 95 361 94 361 93 361 69 369 70 394"/></Shape>
            <String CONTENT="ſubiecti omnibus in timore dei, monſtrantes optimi"
                    HPOS="69"
                    VPOS="346"
                    WIDTH="597"
                    HEIGHT="62"
                    WC="0.989113861322403"></String>
          </TextLine>
          <TextLine ID="line_6"
                    TAGREFS="LT8"
                    BASELINE="70 431 668 414" 
                    HPOS="69"
                    VPOS="385"
                    WIDTH="599"
                    HEIGHT="61">
            <Shape><Polygon POINTS="70 431 70 446 105 442 140 444 153 445 153 445 154 445 155 445 155 444 156 444 161 439 201 442 218 443 219 443 241 442 242 442 243 442 245 441 248 438 251 441 253 442 254 442 254 442 255 442 283 439 340 434 392 435 445 437 446 437 447 437 454 433 459 431 469 432 488 436 489 436 509 431 519 428 581 427 586 428 596 432 597 432 598 432 599 432 600 432 604 427 605 427 668 425 668 414 666 393 649 393 635 385 634 385 634 385 633 385 605 394 602 394 599 394 567 389 566 389 565 389 564 389 564 390 557 395 557 396 547 396 543 396 514 389 514 389 513 389 495 397 495 398 454 398 452 398 433 391 432 391 432 391 396 400 393 401 353 401 352 401 341 394 341 394 340 394 339 394 302 401 245 396 244 396 243 396 221 404 206 404 198 398 197 398 197 398 196 398 171 403 125 399 125 399 105 400 104 400 103 400 94 408 93 409 69 409 70 431"/></Shape>
            <String CONTENT="optimas leges ſcriptas in cordibus noſtris. Et ex boᛘ"
                    HPOS="69"
                    VPOS="385"
                    WIDTH="599"
                    HEIGHT="61"
                    ></String>
          </TextLine>
          <TextLine ID="line_7"
                    TAGREFS="LT8"
                    BASELINE="72 471 668 456" 
                    HPOS="70"
                    VPOS="424"
                    WIDTH="598"
                    HEIGHT="58">
            <Shape><Polygon POINTS="72 471 72 480 168 482 168 482 169 482 180 477 183 477 230 480 230 480 231 480 232 480 239 475 242 475 299 479 300 479 336 473 336 473 338 473 402 476 403 476 403 476 404 476 410 471 435 475 436 475 469 471 495 474 496 474 497 474 498 474 498 473 503 469 533 473 534 473 535 473 536 473 543 467 601 466 659 470 660 470 661 470 662 470 668 465 668 456 666 424 642 424 641 424 640 424 639 424 639 425 633 429 625 425 624 425 623 425 622 425 616 426 594 429 568 427 555 427 554 427 553 427 552 427 551 428 542 434 532 429 529 427 528 427 528 427 527 427 526 427 524 429 522 432 514 429 505 427 504 427 504 427 503 427 495 430 483 435 453 432 442 431 441 431 440 431 439 431 439 432 437 432 432 438 400 438 391 434 383 431 382 431 381 431 380 431 379 431 374 435 366 439 352 436 336 432 336 432 335 432 294 437 267 442 201 442 198 442 184 436 183 436 182 436 182 436 168 442 163 444 157 443 138 439 137 439 136 439 135 439 129 444 127 445 120 444 97 442 96 442 70 446 72 471"/></Shape>
            <String CONTENT="nis operibus nos conſiderãtes, glorifiẽat deũ dũ aliᛘ"
                    HPOS="70"
                    VPOS="424"
                    WIDTH="598"
                    HEIGHT="58"
                    ></String>
          </TextLine>
          <TextLine ID="line_8"
                    TAGREFS="LT8"
                    BASELINE="72 509 586 496 665 498" 
                    HPOS="71"
                    VPOS="464"
                    WIDTH="594"
                    HEIGHT="59">
            <Shape><Polygon POINTS="72 509 72 523 97 523 98 523 99 523 109 515 137 519 138 519 139 519 139 519 145 514 165 514 177 521 178 521 179 521 219 514 320 518 322 518 322 518 323 518 351 509 395 508 465 508 476 514 477 514 478 514 490 514 494 514 494 514 495 514 495 514 495 513 502 507 664 509 665 498 663 470 644 464 644 464 643 464 642 464 625 471 608 464 607 464 606 464 585 465 584 465 570 472 569 473 560 473 543 473 530 466 529 466 528 466 528 466 527 466 520 471 497 467 496 467 454 475 453 475 419 469 418 469 360 477 356 477 354 477 326 472 325 472 324 472 312 478 305 471 304 471 303 471 288 471 288 471 287 471 266 479 266 480 245 480 245 480 235 473 235 473 234 473 233 473 180 474 179 474 178 474 166 481 163 481 114 477 113 477 112 477 111 477 104 483 96 479 96 479 95 479 71 483 72 509"/></Shape>
            <String CONTENT="quãdo reſpectu miſericordiæ à deo fuerint uiſitati,"
                    HPOS="71"
                    VPOS="464"
                    WIDTH="594"
                    HEIGHT="59"
                    WC="0.9984592761633531"></String>
          </TextLine>
          <TextLine ID="line_9"
                    TAGREFS="LT8"
                    BASELINE="71 548 663 533" 
                    HPOS="70"
                    VPOS="509"
                    WIDTH="593"
                    HEIGHT="50">
            <Shape><Polygon POINTS="558 527 550 524 542 524 533 524 525 524 517 524 509 524 500 524 492 524 484 524 475 524 467 524 459 524 451 524 442 524 434 524 426 524 418 524 409 524 401 524 393 524 384 524 376 524 368 524 360 524 351 524 343 524 335 524 326 524 318 524 310 524 302 524 293 524 285 524 277 524 269 524 260 524 252 524 244 524 240 524 234 525 230 524 227 524 219 524 211 524 202 524 194 524 186 524 182 524 177 524 169 524 161 524 153 524 144 524 136 524 128 524 120 524 111 524 103 524 95 524 86 524 82 524 70 529 71 548 71 557 177 554 188 556 206 559 207 559 264 554 268 554 269 554 300 557 301 557 322 552 334 550 346 552 365 556 365 556 366 556 375 552 380 548 415 548 419 550 423 553 423 553 424 553 425 553 426 553 438 550 447 547 453 549 463 553 464 553 465 553 485 549 499 546 509 548 525 552 526 552 527 552 537 547 542 546 548 547 562 551 562 551 563 551 663 544 663 533 661 514 639 509 638 509 637 509 582 510 581 510 562 518 560 518 558 527"/></Shape>
            <String CONTENT="et ad cor et piũ religiosu perducti, dominu; deũ noᛘ"
                    HPOS="70"
                    VPOS="509"
                    WIDTH="593"
                    HEIGHT="50"
                    ></String>
          </TextLine>
          <TextLine ID="line_10"
                    TAGREFS="LT8"
                    BASELINE="71 588 311 580 659 573" 
                    HPOS="70"
                    VPOS="544"
                    WIDTH="589"
                    HEIGHT="57">
            <Shape><Polygon POINTS="558 567 553 551 551 552 533 547 521 545 520 545 519 545 519 545 518 545 518 546 514 548 509 553 486 550 485 550 485 550 484 550 484 551 483 551 480 554 453 550 436 548 435 548 418 552 399 555 379 552 355 550 354 550 353 550 346 554 338 558 310 558 294 556 274 552 273 552 272 552 259 557 253 559 247 557 236 552 235 552 235 552 206 558 202 559 201 558 195 553 194 553 193 553 173 553 173 553 143 560 133 562 130 561 124 555 123 555 122 555 105 555 104 555 77 556 76 556 76 556 70 560 71 588 71 601 97 597 196 598 219 598 220 598 221 598 221 598 222 597 230 593 236 596 239 598 240 598 240 598 241 598 247 596 259 592 280 596 296 597 297 597 298 597 304 595 312 590 346 590 360 592 375 596 376 596 377 596 390 591 399 588 451 587 485 588 587 591 588 591 658 581 659 573 656 544 638 551 599 551 584 546 577 544 576 544 576 544 575 544 567 547 562 547 558 567"/></Shape>
            <String CONTENT="ſtrũ ex fidelũ religiõe cognouerint, nobiscũ́ ueneᛘ"
                    HPOS="70"
                    VPOS="544"
                    WIDTH="589"
                    HEIGHT="57"
                    ></String>
          </TextLine>
          <TextLine ID="line_11"
                    TAGREFS="LT8"
                    BASELINE="74 628 301 619 667 611" 
                    HPOS="72"
                    VPOS="581"
                    WIDTH="595"
                    HEIGHT="59">
            <Shape><Polygon POINTS="74 628 74 640 105 640 106 640 107 640 116 634 163 639 169 639 170 639 171 639 172 639 172 638 178 634 220 636 232 637 233 637 242 635 273 630 346 632 393 633 394 633 394 633 400 630 404 628 447 629 512 629 513 629 514 629 527 625 532 624 536 625 551 629 552 629 552 629 564 624 568 623 572 624 585 628 586 628 586 628 610 623 619 621 666 621 667 611 663 581 645 589 623 583 622 583 621 583 620 583 620 583 620 584 613 591 574 591 554 585 550 584 549 584 548 584 548 584 543 586 521 592 503 587 502 587 501 587 500 587 471 592 465 588 461 586 461 586 460 586 459 586 427 590 421 591 417 591 394 587 393 587 392 587 391 587 385 591 381 595 377 592 374 591 373 591 372 591 371 591 368 592 365 594 349 593 298 590 297 590 296 590 282 595 277 591 276 591 275 591 274 591 274 591 273 591 266 596 262 599 248 597 226 595 225 595 225 595 224 595 219 598 217 600 216 599 204 593 203 593 202 593 201 593 201 593 193 600 191 601 159 601 154 601 114 595 113 595 112 595 111 595 111 596 104 602 72 604 74 628"/></Shape>
            <String CONTENT="rari ceperint, ora iõibus noſtris domino cõmendari"
                    HPOS="72"
                    VPOS="581"
                    WIDTH="595"
                    HEIGHT="59"
                    WC="0.9877692575638111"></String>
          </TextLine>
        </TextBlock>
        <TextBlock HPOS="71"
                   VPOS="632"
                   WIDTH="613"
                   HEIGHT="561"
                   ID="eSc_textblock_099b5129"
                   TAGREFS="BT3109">
          <Shape><Polygon POINTS="71 1193 71 647 678 632 684 1178"/></Shape>
          <TextLine ID="line_12"
                    TAGREFS="LT8"
                    BASELINE="105 665 668 650" 
                    HPOS="103"
                    VPOS="621"
                    WIDTH="565"
                    HEIGHT="58">
            <Shape><Polygon POINTS="105 665 105 673 134 679 135 679 187 672 199 671 218 672 291 675 292 675 314 670 324 667 396 667 398 668 402 672 403 672 403 672 404 672 405 672 416 668 419 667 432 668 469 670 470 670 471 670 481 667 491 663 500 666 509 668 509 668 510 668 602 667 603 667 604 667 607 664 613 660 666 663 668 650 666 628 640 621 639 621 639 621 603 629 602 630 570 630 569 630 558 627 548 624 547 624 546 624 545 624 544 624 535 631 534 631 495 625 494 625 493 625 478 633 477 633 470 633 394 628 393 628 392 628 391 628 381 634 379 634 322 629 322 629 279 634 263 631 262 631 261 631 260 631 260 632 254 638 253 639 223 639 221 638 210 633 209 633 208 633 207 633 206 633 197 639 195 640 139 641 135 640 123 636 122 636 121 636 120 636 103 640 105 665"/></Shape>
            <String CONTENT="Omne is hom. ] Eſt enim dominus deus ſummæ boᛘ"
                    HPOS="103"
                    VPOS="621"
                    WIDTH="565"
                    HEIGHT="58"
                    ></String>
          </TextLine>
          <TextLine ID="line_13"
                    TAGREFS="LT8"
                    BASELINE="74 705 351 696 671 691" 
                    HPOS="73"
                    VPOS="661"
                    WIDTH="598"
                    HEIGHT="57">
            <Shape><Polygon POINTS="74 705 74 716 145 718 146 718 165 714 182 711 197 713 204 715 205 715 206 715 211 713 219 709 291 708 305 711 325 714 326 714 349 709 359 707 376 708 397 710 398 710 399 710 399 710 402 707 404 706 463 706 607 707 608 707 609 707 623 701 624 701 625 701 646 706 647 706 648 706 671 700 671 691 669 664 641 661 640 661 639 661 626 665 611 670 504 672 475 669 433 665 432 665 432 665 431 665 424 670 420 673 397 674 360 672 302 668 302 668 301 668 300 668 292 674 287 677 268 677 263 674 254 670 254 670 253 670 181 671 180 671 161 677 147 672 146 672 145 672 144 672 144 672 135 678 131 680 73 680 74 705"/></Shape>
            <String CONTENT="nus et nihil odit eorũ quæ condidit, neminem́ uult"
                    HPOS="73"
                    VPOS="661"
                    WIDTH="598"
                    HEIGHT="57"
                    WC="0.9937240378214762"></String>
          </TextLine>
          <TextLine ID="line_14"
                    TAGREFS="LT8"
                    BASELINE="76 745 317 735 671 730" 
                    HPOS="74"
                    VPOS="699"
                    WIDTH="597"
                    HEIGHT="59">
            <Shape><Polygon POINTS="76 745 76 758 385 745 438 745 442 747 447 750 448 750 449 750 450 750 475 745 485 744 489 745 498 749 499 749 500 749 606 743 654 745 655 745 656 745 671 739 671 730 668 699 625 705 613 701 612 701 611 701 610 701 610 701 609 701 583 709 567 705 567 705 566 705 565 705 548 710 535 704 533 703 533 703 532 703 531 703 529 704 516 711 480 706 471 705 471 705 470 705 466 706 456 712 427 712 416 708 409 706 408 706 408 706 407 706 400 709 390 714 360 714 339 711 313 707 312 707 278 708 277 708 253 714 240 717 236 715 229 710 228 710 227 710 211 710 211 710 177 712 176 712 175 712 168 717 166 719 156 718 129 715 128 715 127 715 126 715 119 719 117 720 74 720 76 745"/></Shape>
            <String CONTENT="perire, adeſt gratia ſua omnibus, ut ueniant ad agniᛘ"
                    HPOS="74"
                    VPOS="699"
                    WIDTH="597"
                    HEIGHT="59"
                    ></String>
          </TextLine>
          <TextLine ID="line_15"
                    TAGREFS="LT8"
                    BASELINE="74 783 671 768" 
                    HPOS="73"
                    VPOS="740"
                    WIDTH="598"
                    HEIGHT="57">
            <Shape><Polygon POINTS="74 783 74 792 97 797 98 797 160 791 174 788 255 788 258 788 264 794 265 794 266 794 267 794 302 793 302 793 303 793 309 788 310 787 315 788 336 793 336 793 337 793 338 793 345 788 345 787 346 787 358 792 359 792 360 792 403 787 432 790 432 790 433 790 434 790 439 785 440 785 451 789 451 789 452 789 453 789 464 785 472 782 490 784 510 788 511 788 532 786 533 786 533 786 533 785 535 783 539 780 560 783 578 786 579 787 604 787 604 786 605 786 605 786 610 783 616 778 669 781 671 768 667 740 660 745 632 741 614 740 613 740 612 740 611 740 608 742 603 745 589 743 576 740 576 740 558 744 533 748 497 745 468 743 467 743 466 743 457 746 447 749 432 747 419 745 418 745 418 745 410 747 400 751 383 748 379 748 378 748 368 749 325 753 314 750 304 747 303 747 302 747 302 747 301 747 296 750 292 754 282 751 270 748 269 748 269 748 244 752 228 754 218 753 203 749 202 749 184 754 168 758 113 758 109 755 105 753 105 753 104 753 103 753 73 756 74 783"/></Shape>
            <String CONTENT="tionem uerit atis, quã per propheticas &amp; euãgelicas"
                    HPOS="73"
                    VPOS="740"
                    WIDTH="598"
                    HEIGHT="57"
                    WC="0.9984777659740088"></String>
          </TextLine>
          <TextLine ID="line_16"
                    TAGREFS="LT8"
                    BASELINE="76 823 249 816 673 807" 
                    HPOS="74"
                    VPOS="777"
                    WIDTH="599"
                    HEIGHT="58">
            <Shape><Polygon POINTS="76 823 76 831 110 835 111 835 169 829 188 827 201 828 239 831 240 831 264 826 271 826 282 826 320 830 321 830 348 825 351 825 355 825 389 827 389 827 390 827 398 824 401 822 421 823 471 826 471 826 472 826 473 826 478 822 479 821 482 822 506 826 507 826 508 826 519 821 524 819 581 818 584 820 589 823 590 823 591 823 591 824 616 824 616 823 672 817 673 807 671 784 653 777 653 777 652 777 651 777 615 786 615 786 614 786 546 779 545 779 544 779 508 788 507 788 472 781 471 781 471 781 436 790 434 791 418 791 412 791 405 785 404 785 403 785 403 785 402 785 387 791 379 788 378 788 377 788 331 793 326 793 315 793 288 793 273 786 272 786 271 786 270 786 269 786 262 793 254 787 253 787 252 787 251 787 214 792 182 788 182 788 156 788 155 788 139 797 138 797 74 797 76 823"/></Shape>
            <String CONTENT="ac apoſtolicas fecit communẽ omnibus. videtur hic"
                    HPOS="74"
                    VPOS="777"
                    WIDTH="599"
                    HEIGHT="58"
                    WC="0.9914022541046142"></String>
          </TextLine>
          <TextLine ID="line_17"
                    TAGREFS="LT8"
                    BASELINE="76 860 674 846" 
                    HPOS="76"
                    VPOS="817"
                    WIDTH="598"
                    HEIGHT="53">
            <Shape><Polygon POINTS="76 860 76 870 190 867 215 868 257 870 258 870 259 870 259 870 259 869 263 867 264 865 277 866 298 869 298 869 299 869 300 869 304 866 307 865 326 865 372 868 373 868 374 868 386 864 390 863 394 864 411 867 412 867 504 861 529 860 543 860 599 863 600 863 674 856 674 846 673 819 658 817 658 817 657 817 651 819 645 822 643 820 639 817 639 817 639 817 638 817 637 817 598 817 597 817 587 821 577 825 542 822 520 821 519 821 505 824 485 827 465 825 433 821 432 821 432 821 413 826 403 829 391 827 363 823 362 823 361 823 360 823 355 828 352 831 299 831 296 831 288 826 287 826 286 826 285 826 267 831 262 832 260 831 250 826 249 826 248 826 211 831 188 826 187 826 150 835 149 836 110 836 108 836 96 830 95 830 94 830 93 830 76 836 76 860"/></Shape>
            <String CONTENT="denuo cõiunctio et, expoſitiué ſumi. Saluos uult fieri"
                    HPOS="76"
                    VPOS="817"
                    WIDTH="598"
                    HEIGHT="53"
                    WC="0.9919293150305748"></String>
          </TextLine>
          <TextLine ID="line_18"
                    TAGREFS="LT8"
                    BASELINE="76 900 678 884" 
                    HPOS="76"
                    VPOS="855"
                    WIDTH="602"
                    HEIGHT="56">
            <Shape><Polygon POINTS="76 900 76 910 225 911 226 911 258 905 267 903 269 904 278 909 279 909 280 909 318 908 355 902 361 901 364 902 375 906 375 906 376 906 377 906 397 901 398 901 399 901 449 905 450 905 451 905 470 898 471 898 480 903 480 903 481 903 521 898 531 903 532 903 533 903 585 898 614 901 615 901 615 901 631 894 653 899 654 899 655 899 678 892 678 884 676 862 644 862 629 855 629 855 628 855 627 855 608 863 591 856 591 856 590 856 589 856 588 856 579 863 553 857 552 857 496 859 495 859 495 859 485 866 474 863 473 863 472 863 376 869 354 863 353 863 352 863 351 863 330 870 317 864 316 864 315 864 314 864 299 872 276 872 264 865 264 865 242 865 241 865 240 865 240 865 234 870 206 866 206 866 181 867 180 867 179 867 168 874 143 868 142 868 141 868 122 869 121 869 120 869 109 876 96 870 96 870 95 870 94 870 76 876 76 900"/></Shape>
            <String CONTENT="et ad agnitionẽ ueritatis uenire, ut nihil ſit aliud a¬"
                    HPOS="76"
                    VPOS="855"
                    WIDTH="602"
                    HEIGHT="56"
                    WC="0.9825944347040994"></String>
          </TextLine>
          <TextLine ID="line_19"
                    TAGREFS="LT8"
                    BASELINE="82 937 673 927" 
                    HPOS="81"
                    VPOS="899"
                    WIDTH="592"
                    HEIGHT="54">
            <Shape><Polygon POINTS="82 937 82 953 173 946 199 951 201 951 202 951 209 951 266 945 297 948 307 949 308 949 385 947 386 947 387 947 389 946 393 943 410 945 423 946 423 946 434 945 455 940 673 938 673 927 670 904 597 904 561 899 560 899 491 906 480 907 478 906 472 902 471 902 471 902 406 902 405 902 404 902 403 902 397 907 362 903 361 903 326 908 307 911 278 911 274 908 266 904 265 904 264 904 264 904 263 904 263 905 259 908 257 911 251 908 241 905 240 905 240 905 239 905 226 909 216 913 156 913 149 910 142 907 141 907 127 907 126 907 125 907 125 907 120 910 115 913 81 911 82 937"/></Shape>
            <String CONTENT="gnoſcere ueritatem quã ſaluũ fieri. Etiã uult omnes"
                    HPOS="81"
                    VPOS="899"
                    WIDTH="592"
                    HEIGHT="54"
                    WC="0.9959970171804782"></String>
          </TextLine>
          <TextLine ID="line_20"
                    TAGREFS="LT8"
                    BASELINE="76 977 672 965" 
                    HPOS="76"
                    VPOS="937"
                    WIDTH="596"
                    HEIGHT="55">
            <Shape><Polygon POINTS="76 977 76 992 115 991 116 991 117 991 123 986 149 990 154 991 155 991 164 990 197 985 223 989 234 990 235 990 235 990 239 988 249 984 260 988 262 988 263 988 264 988 271 987 314 982 358 985 380 986 381 986 391 984 408 980 433 983 450 985 451 985 462 982 479 979 528 980 572 982 573 982 574 982 586 979 596 976 600 979 605 981 606 981 607 981 672 976 672 965 669 939 648 942 639 939 630 937 629 937 629 937 628 937 618 940 605 944 584 941 572 939 572 939 571 939 563 941 545 946 503 942 470 940 469 940 468 940 467 940 467 941 464 943 461 946 451 943 448 943 447 943 447 943 444 944 427 949 387 949 367 946 350 942 349 942 348 942 347 942 341 946 335 950 314 946 307 946 306 946 305 946 304 946 302 946 296 951 269 951 258 948 250 945 249 945 248 945 247 945 239 948 228 952 216 949 206 946 205 946 204 946 203 946 195 949 187 953 180 950 174 946 173 946 173 946 172 946 158 950 145 953 135 951 126 948 125 948 125 948 76 951 76 977"/></Shape>
            <String CONTENT="ſaluos ficri quia uocauit omnes, anũciatur omnibus"
                    HPOS="76"
                    VPOS="937"
                    WIDTH="596"
                    HEIGHT="55"
                    WC="0.9955560413061404"></String>
          </TextLine>
          <TextLine ID="line_21"
                    TAGREFS="LT8"
                    BASELINE="77 1017 673 1004" 
                    HPOS="76"
                    VPOS="975"
                    WIDTH="597"
                    HEIGHT="55">
            <Shape><Polygon POINTS="77 1017 77 1025 101 1030 102 1030 103 1030 116 1025 125 1029 126 1029 127 1029 196 1028 197 1028 211 1024 241 1027 242 1027 243 1027 244 1027 252 1022 253 1021 421 1018 434 1018 473 1023 474 1023 475 1023 490 1018 531 1021 532 1021 564 1016 592 1020 593 1020 673 1013 673 1004 672 983 651 983 640 975 639 975 639 975 638 975 637 975 616 980 593 975 592 975 591 975 576 984 547 978 546 978 545 978 544 978 535 985 451 979 450 979 449 979 433 987 425 983 424 983 423 983 384 986 377 982 376 982 375 982 375 982 374 982 364 988 359 983 358 983 357 983 321 982 320 982 319 982 318 982 313 986 291 982 290 982 289 982 272 991 234 992 175 992 153 985 152 985 116 985 115 985 76 994 77 1017"/></Shape>
            <String CONTENT="Chriſtus, pro omnibus mostuus eſt, omnes ad ſe tra¬"
                    HPOS="76"
                    VPOS="975"
                    WIDTH="597"
                    HEIGHT="55"
                    WC="0.9764350372202256"></String>
          </TextLine>
          <TextLine ID="line_22"
                    TAGREFS="LT8"
                    BASELINE="77 1057 675 1044" 
                    HPOS="76"
                    VPOS="1014"
                    WIDTH="599"
                    HEIGHT="55">
            <Shape><Polygon POINTS="77 1057 77 1069 156 1069 164 1068 197 1062 331 1060 337 1063 340 1065 341 1065 341 1065 342 1065 343 1065 344 1065 346 1062 350 1060 389 1062 429 1063 430 1063 675 1053 675 1044 673 1020 661 1014 660 1014 659 1014 626 1021 622 1023 560 1023 557 1022 548 1018 548 1018 547 1018 527 1022 518 1023 515 1022 509 1017 508 1017 507 1017 506 1017 505 1017 504 1017 496 1022 493 1024 463 1025 455 1023 441 1018 440 1018 428 1018 427 1018 427 1018 426 1018 426 1018 421 1023 419 1024 409 1023 384 1018 384 1018 383 1018 373 1023 371 1023 358 1023 307 1020 306 1020 305 1020 294 1023 284 1026 250 1023 231 1023 230 1023 230 1023 229 1023 229 1023 228 1023 223 1028 216 1023 216 1023 215 1023 214 1023 192 1023 192 1023 182 1024 144 1032 115 1024 112 1024 111 1024 110 1024 110 1024 100 1028 76 1025 77 1057"/></Shape>
            <String CONTENT="hit, pro oibus tradidit ſemetipſum. contẽptores aũt"
                    HPOS="76"
                    VPOS="1014"
                    WIDTH="599"
                    HEIGHT="55"
                    WC="0.9898481009141454"></String>
          </TextLine>
          <TextLine ID="line_23"
                    TAGREFS="LT8"
                    BASELINE="79 1095 675 1083" 
                    HPOS="78"
                    VPOS="1054"
                    WIDTH="597"
                    HEIGHT="56">
            <Shape><Polygon POINTS="79 1095 79 1107 120 1110 120 1110 121 1110 122 1110 125 1106 129 1104 155 1104 173 1105 199 1108 200 1108 201 1108 201 1108 201 1107 205 1105 207 1101 292 1100 308 1102 333 1105 334 1105 376 1100 398 1099 415 1100 452 1103 453 1103 454 1103 463 1099 467 1097 492 1098 546 1101 547 1101 582 1096 596 1095 599 1096 607 1100 608 1100 609 1100 610 1100 621 1095 623 1095 625 1095 634 1099 634 1099 635 1099 675 1094 675 1083 673 1054 588 1063 572 1057 565 1055 564 1055 563 1055 562 1055 555 1057 539 1064 520 1059 512 1057 511 1057 510 1057 509 1057 509 1057 504 1059 496 1065 461 1062 461 1062 460 1062 450 1066 442 1062 437 1059 437 1059 436 1059 435 1059 428 1062 418 1067 406 1062 392 1058 391 1058 390 1058 290 1060 289 1060 288 1060 280 1065 255 1063 254 1063 254 1063 253 1063 247 1068 245 1070 242 1068 225 1062 225 1062 224 1062 223 1062 203 1070 200 1071 162 1072 113 1072 110 1072 100 1064 99 1064 98 1064 97 1064 96 1064 78 1072 79 1095"/></Shape>
            <String CONTENT="dei et negatores nõ cõputẽtur inter oïa, ſed redigẽᛘ"
                    HPOS="78"
                    VPOS="1054"
                    WIDTH="597"
                    HEIGHT="56"
                    ></String>
          </TextLine>
          <TextLine ID="line_24"
                    TAGREFS="LT8"
                    BASELINE="79 1135 674 1122" 
                    HPOS="77"
                    VPOS="1091"
                    WIDTH="597"
                    HEIGHT="56">
            <Shape><Polygon POINTS="79 1135 79 1147 674 1134 674 1122 672 1091 653 1091 653 1091 634 1100 610 1096 610 1096 571 1101 566 1097 565 1097 564 1097 563 1097 562 1097 562 1097 555 1102 534 1099 533 1099 533 1099 518 1103 505 1095 504 1095 504 1095 503 1095 502 1095 479 1105 401 1105 379 1098 376 1097 375 1097 375 1097 367 1099 341 1105 331 1100 328 1099 327 1099 326 1099 326 1099 325 1099 324 1100 317 1105 303 1100 302 1100 302 1100 301 1100 288 1106 278 1101 275 1100 274 1100 274 1100 206 1101 206 1101 201 1103 192 1107 182 1104 177 1102 177 1102 176 1102 175 1102 169 1104 149 1111 77 1107 79 1135"/></Shape>
            <String CONTENT="tur in nihilũ, ſi ſermoincidat quare nõ oẽs beatitudiᛘ"
                    HPOS="77"
                    VPOS="1091"
                    WIDTH="597"
                    HEIGHT="56"
                    ></String>
          </TextLine>
          <TextLine ID="line_25"
                    TAGREFS="LT8"
                    BASELINE="80 1174 678 1163" 
                    HPOS="79"
                    VPOS="1133"
                    WIDTH="599"
                    HEIGHT="66">
            <Shape><Polygon POINTS="80 1174 80 1192 102 1196 103 1196 104 1196 105 1196 112 1192 116 1189 144 1189 148 1192 156 1198 157 1198 158 1198 158 1198 181 1194 196 1199 197 1199 197 1199 198 1199 216 1194 231 1199 232 1199 233 1199 292 1198 293 1198 293 1198 302 1191 307 1187 365 1185 377 1190 378 1190 379 1190 393 1188 396 1191 403 1196 404 1196 405 1196 406 1196 440 1195 441 1195 442 1195 447 1191 447 1190 447 1191 457 1195 458 1195 459 1195 504 1190 509 1190 513 1190 533 1193 534 1193 535 1193 536 1193 539 1190 544 1187 558 1190 560 1190 561 1190 562 1190 562 1190 578 1181 635 1179 677 1189 678 1163 677 1140 655 1133 654 1133 653 1133 653 1133 636 1140 595 1134 594 1134 551 1142 537 1137 536 1137 535 1137 491 1140 466 1136 466 1136 465 1136 447 1140 426 1137 425 1137 424 1137 399 1145 356 1145 351 1141 350 1141 350 1141 349 1141 348 1141 337 1145 331 1140 331 1139 331 1139 330 1139 302 1139 301 1139 300 1139 299 1139 290 1148 266 1148 220 1142 219 1142 218 1142 203 1148 167 1142 166 1142 165 1142 164 1142 153 1149 103 1144 102 1144 101 1144 79 1151 80 1174"/></Shape>
            <String CONTENT="nem aſſequãtur qui ſunt redẽpti, del allegabitur uoᛘ"
                    HPOS="79"
                    VPOS="1133"
                    WIDTH="599"
                    HEIGHT="66"
                    ></String>
          </TextLine>
        </TextBlock>
        <TextBlock HPOS="586"
                   VPOS="1177"
                   WIDTH="92"
                   HEIGHT="43"
                   ID="block_2"
                   TAGREFS="BT17">
          <Shape><Polygon POINTS="678 1177 678 1220 586 1220 586 1177"/></Shape>
          <TextLine ID="line_26"
                    TAGREFS="LT8"
                    BASELINE="588 1205 673 1202" 
                    HPOS="586"
                    VPOS="1174"
                    WIDTH="87"
                    HEIGHT="50">
            <Shape><Polygon POINTS="588 1205 588 1224 673 1211 673 1202 672 1177 620 1174 620 1174 619 1174 618 1174 618 1175 613 1179 595 1175 594 1175 593 1175 592 1175 586 1177 588 1205"/></Shape>
            <String CONTENT="luntas"
                    HPOS="586"
                    VPOS="1174"
                    WIDTH="87"
                    HEIGHT="50"
                    WC="0.9999057153860728"></String>
          </TextLine>
        </TextBlock>
      </PrintSpace>
    </Page>
  </Layout>
</alto>
