<?xml version="1.0" encoding="UTF-8"?>
<alto xmlns:xsi="http://www.w3.org/2001/XMLSchema-instance"
      xmlns="http://www.loc.gov/standards/alto/ns-v4#"
      xsi:schemaLocation="http://www.loc.gov/standards/alto/ns-v4# http://www.loc.gov/standards/alto/v4/alto-4-2.xsd">
  <Description>
    <MeasurementUnit>pixel</MeasurementUnit>
    <sourceImageInformation>
      <fileName>952824.jpg</fileName>
    </sourceImageInformation>
  </Description>
  <Tags>
    <OtherTag ID="BT7" LABEL="CustomZone" DESCRIPTION="block type CustomZone"/><OtherTag ID="BT8" LABEL="DamageZone" DESCRIPTION="block type DamageZone"/><OtherTag ID="BT9" LABEL="DigitizationArtefactZone" DESCRIPTION="block type DigitizationArtefactZone"/><OtherTag ID="BT10" LABEL="DropCapitalZone" DESCRIPTION="block type DropCapitalZone"/><OtherTag ID="BT11" LABEL="GraphicZone" DESCRIPTION="block type GraphicZone"/><OtherTag ID="BT12" LABEL="MainZone" DESCRIPTION="block type MainZone"/><OtherTag ID="BT13" LABEL="MarginTextZone" DESCRIPTION="block type MarginTextZone"/><OtherTag ID="BT14" LABEL="MusicZone" DESCRIPTION="block type MusicZone"/><OtherTag ID="BT15" LABEL="NumberingZone" DESCRIPTION="block type NumberingZone"/><OtherTag ID="BT17" LABEL="QuireMarksZone" DESCRIPTION="block type QuireMarksZone"/><OtherTag ID="BT18" LABEL="RunningTitleZone" DESCRIPTION="block type RunningTitleZone"/><OtherTag ID="BT19" LABEL="SealZone" DESCRIPTION="block type SealZone"/><OtherTag ID="BT20" LABEL="StampZone" DESCRIPTION="block type StampZone"/><OtherTag ID="BT21" LABEL="TableZone" DESCRIPTION="block type TableZone"/><OtherTag ID="BT22" LABEL="TitlePageZone" DESCRIPTION="block type TitlePageZone"/><OtherTag ID="BT3108" LABEL="MainZone-P-Continued" DESCRIPTION="block type MainZone-P-Continued"/><OtherTag ID="BT3109" LABEL="MainZone-P" DESCRIPTION="block type MainZone-P"/><OtherTag ID="BT3110" LABEL="MainZone-Sp-Continued" DESCRIPTION="block type MainZone-Sp-Continued"/><OtherTag ID="BT3111" LABEL="MainZone-Sp" DESCRIPTION="block type MainZone-Sp"/><OtherTag ID="BT3112" LABEL="MainZone-Head" DESCRIPTION="block type MainZone-Head"/><OtherTag ID="BT3115" LABEL="MainZone-Entry" DESCRIPTION="block type MainZone-Entry"/>
    <OtherTag ID="LT7" LABEL="CustomLine" DESCRIPTION="line type CustomLine"/><OtherTag ID="LT8" LABEL="DefaultLine" DESCRIPTION="line type DefaultLine"/><OtherTag ID="LT9" LABEL="DropCapitalLine" DESCRIPTION="line type DropCapitalLine"/><OtherTag ID="LT10" LABEL="HeadingLine" DESCRIPTION="line type HeadingLine"/><OtherTag ID="LT11" LABEL="InterlinearLine" DESCRIPTION="line type InterlinearLine"/><OtherTag ID="LT12" LABEL="MusicLine" DESCRIPTION="line type MusicLine"/>
  </Tags>
  <Layout>
    <Page WIDTH="1000"
          HEIGHT="1490"
          PHYSICAL_IMG_NR="19"
          ID="eSc_dummypage_">
      <PrintSpace HPOS="0"
                  VPOS="0"
                  WIDTH="1000"
                  HEIGHT="1490">
        <TextBlock HPOS="270"
                   VPOS="137"
                   WIDTH="50"
                   HEIGHT="39"
                   ID="eSc_textblock_8e10b721"
                   TAGREFS="BT15">
          <Shape><Polygon POINTS="270 137 270 176 320 176 320 137"/></Shape>
          <TextLine ID="line_0"
                    TAGREFS="LT8"
                    BASELINE="277 161 317 161" 
                    HPOS="275"
                    VPOS="122"
                    WIDTH="41"
                    HEIGHT="71">
            <Shape><Polygon POINTS="314 193 316 160 316 134 277 122 275 160 275 182"/></Shape>
            <String CONTENT="60"
                    HPOS="275"
                    VPOS="122"
                    WIDTH="41"
                    HEIGHT="71"
                    ></String>
          </TextLine>
        </TextBlock>
        <TextBlock HPOS="358"
                   VPOS="137"
                   WIDTH="461"
                   HEIGHT="40"
                   ID="block_0"
                   TAGREFS="BT18">
          <Shape><Polygon POINTS="819 137 819 177 358 177 358 137"/></Shape>
          <TextLine ID="eSc_line_c3bca61c"
                    TAGREFS="LT8"
                    BASELINE="364 165 810 164" 
                    HPOS="363"
                    VPOS="137"
                    WIDTH="446"
                    HEIGHT="40">
            <Shape><Polygon POINTS="798 137 786 137 773 137 761 137 749 137 736 137 724 137 711 137 699 137 686 137 674 137 662 137 649 137 637 137 624 137 612 137 600 137 587 137 575 137 562 137 550 137 537 137 525 137 513 137 500 137 488 137 475 137 463 137 450 137 438 137 426 137 413 137 401 137 388 137 376 137 363 137 363 163 363 172 808 177 809 163 809 137 798 137"/></Shape>
            <String CONTENT="COMMEN. IN PRIOREM"
                    HPOS="363"
                    VPOS="137"
                    WIDTH="446"
                    HEIGHT="40"
                    ></String>
          </TextLine>
        </TextBlock>
        <TextBlock HPOS="280"
                   VPOS="185"
                   WIDTH="622"
                   HEIGHT="844"
                   ID="block_1"
                   TAGREFS="BT3109">
          <Shape><Polygon POINTS="902 185 902 1029 280 1022 289 185"/></Shape>
          <TextLine ID="line_1"
                    TAGREFS="LT8"
                    BASELINE="331 216 899 218" 
                    HPOS="331.0"
                    VPOS="184.0"
                    WIDTH="568.0"
                    HEIGHT="43.0">
            <Shape><Polygon POINTS="331 216 331 227 899 226 899 218 899 193 804 193 802 192 774 186 774 186 730 187 729 187 728 187 728 187 723 192 721 192 697 192 636 188 635 188 634 188 627 191 625 192 624 191 617 185 616 185 615 185 557 185 556 185 555 185 554 185 547 190 544 192 490 192 487 190 475 184 475 184 431 184 430 184 429 184 417 189 413 192 371 192 368 189 358 184 357 184 356 184 331 188 331 216"/></Shape>
            <String CONTENT="Doœre autem mulieri non permitto ] Non au¬"
                    HPOS="331.0"
                    VPOS="184.0"
                    WIDTH="568.0"
                    HEIGHT="43.0"
                    WC="0.9986979904628935"></String>
          </TextLine>
          <TextLine ID="line_2"
                    TAGREFS="LT8"
                    BASELINE="298 255 899 258" 
                    HPOS="298.0"
                    VPOS="225.0"
                    WIDTH="601.0"
                    HEIGHT="44.0">
            <Shape><Polygon POINTS="298 255 298 265 302 269 302 269 303 269 304 269 899 266 899 258 899 235 853 233 848 228 847 228 846 228 846 228 807 233 793 227 793 227 792 227 791 227 790 227 783 234 782 235 762 235 761 234 752 227 751 227 750 227 714 227 713 227 712 227 700 233 692 226 691 226 690 226 689 226 649 233 648 234 587 234 586 233 576 226 575 226 574 226 573 226 572 226 553 233 552 233 505 233 485 233 475 225 475 225 474 225 456 225 455 225 454 225 453 225 445 233 431 233 406 233 406 232 398 225 397 225 396 225 395 225 345 232 344 232 343 232 336 225 335 225 334 225 312 225 311 225 310 225 298 231 298 255"/></Shape>
            <String CONTENT="deo adijcere, in cœtu uirorum, ſic ut liceat eis in ecᛘ"
                    HPOS="298.0"
                    VPOS="225.0"
                    WIDTH="601.0"
                    HEIGHT="44.0"
                    ></String>
          </TextLine>
          <TextLine ID="line_3"
                    TAGREFS="LT8"
                    BASELINE="298 297 897 296" 
                    HPOS="297.0"
                    VPOS="264.0"
                    WIDTH="600.0"
                    HEIGHT="47.0">
            <Shape><Polygon POINTS="298 297 298 307 682 311 682 311 683 311 687 310 695 307 741 310 754 311 754 311 759 310 783 307 895 311 897 296 895 270 866 264 865 264 865 264 864 264 856 270 855 271 853 270 846 266 845 266 844 266 843 266 842 266 837 270 835 272 777 272 774 270 757 264 756 264 755 264 754 264 739 270 736 272 697 272 697 271 689 264 688 264 687 264 687 264 686 264 668 270 654 264 653 264 653 264 652 264 651 264 641 271 640 271 624 266 623 266 622 266 621 266 610 271 609 271 608 271 581 264 523 264 522 264 521 264 520 264 509 272 451 272 441 264 440 264 439 264 438 264 408 269 381 264 380 264 379 264 379 264 371 270 344 264 343 264 342 264 341 264 333 270 323 264 322 264 322 264 321 264 297 272 298 297"/></Shape>
            <String CONTENT="cleſia fœminarum: ſenſu enim infirmæ ſunt &amp; inſtaᛘ"
                    HPOS="297.0"
                    VPOS="264.0"
                    WIDTH="600.0"
                    HEIGHT="47.0"
                    ></String>
          </TextLine>
          <TextLine ID="line_4"
                    TAGREFS="LT8"
                    BASELINE="298 334 899 336" 
                    HPOS="297.0"
                    VPOS="305.0"
                    WIDTH="602.0"
                    HEIGHT="46.0">
            <Shape><Polygon POINTS="298 334 297 346 363 350 364 350 401 346 415 345 427 346 457 350 458 350 459 350 471 346 473 346 477 346 509 350 509 350 560 346 567 346 570 346 588 350 589 350 590 350 591 350 608 346 610 346 692 346 697 346 727 351 728 351 729 351 747 347 796 351 797 351 798 351 807 346 873 351 874 351 899 346 899 336 899 312 879 307 879 307 878 307 877 307 856 312 855 312 831 307 809 307 808 307 807 307 807 307 801 312 800 312 798 312 762 307 761 307 760 307 759 307 754 311 754 312 717 312 714 311 699 306 698 306 697 306 697 306 681 311 680 311 679 311 667 306 666 306 665 306 640 310 636 311 632 310 612 306 581 306 581 306 580 306 579 306 572 310 570 312 541 312 538 310 530 306 529 306 528 306 528 306 517 309 513 311 509 309 499 305 498 305 497 305 496 305 485 309 483 311 416 311 413 309 405 305 404 305 403 305 374 308 359 310 348 308 329 305 328 305 298 307 298 334"/></Shape>
            <String CONTENT="biles. Viros preſbyteros, ſenes habeant, à quibus fœᛘ"
                    HPOS="297.0"
                    VPOS="305.0"
                    WIDTH="602.0"
                    HEIGHT="46.0"
                    ></String>
          </TextLine>
          <TextLine ID="line_5"
                    TAGREFS="LT8"
                    BASELINE="298 373 899 376" 
                    HPOS="298.0"
                    VPOS="346.0"
                    WIDTH="601.0"
                    HEIGHT="44.0">
            <Shape><Polygon POINTS="298 373 298 384 793 390 794 390 898 386 899 376 898 352 800 349 799 349 798 349 790 351 785 353 778 351 759 347 758 347 757 347 756 347 750 351 749 351 744 347 744 346 743 346 742 346 712 346 711 346 711 346 698 351 695 352 692 351 677 346 676 346 675 346 674 346 673 346 668 351 665 353 612 353 610 351 599 346 598 346 521 346 520 346 519 346 519 346 513 350 511 351 346 351 344 350 331 346 331 346 330 346 298 350 298 373"/></Shape>
            <String CONTENT="minarum congregatio inſtruatur publice. Nemo ue¬"
                    HPOS="298.0"
                    VPOS="346.0"
                    WIDTH="601.0"
                    HEIGHT="44.0"
                    WC="0.9927195832133293"></String>
          </TextLine>
          <TextLine ID="line_6"
                    TAGREFS="LT8"
                    BASELINE="297 415 521 413 898 416" 
                    HPOS="296.0"
                    VPOS="384.0"
                    WIDTH="602.0"
                    HEIGHT="48.0">
            <Shape><Polygon POINTS="297 415 296 426 332 429 333 429 334 429 335 429 339 427 342 424 358 427 378 429 379 429 406 427 437 423 468 423 471 427 475 430 476 430 477 430 478 431 554 431 554 430 555 430 564 427 572 424 619 424 624 427 629 430 629 430 630 430 631 430 651 427 658 426 661 427 673 431 673 431 674 431 705 427 720 425 724 427 731 431 732 431 733 432 788 432 788 431 788 431 798 427 803 425 810 427 822 431 823 431 824 431 897 427 898 416 897 388 832 391 817 388 807 385 806 385 805 385 800 388 793 391 781 388 772 385 771 385 770 385 769 385 769 385 765 388 761 392 701 392 698 389 695 386 695 385 694 385 693 385 675 385 674 385 673 385 666 389 661 391 610 391 602 389 586 384 585 384 584 384 583 384 569 389 563 390 551 389 529 386 528 386 506 389 495 390 489 389 468 384 467 384 466 384 456 389 454 390 451 389 437 384 436 384 435 384 341 389 341 389 324 384 323 384 322 384 297 389 297 415"/></Shape>
            <String CONTENT="rò negauerit aliquot pariter conferre poße de audiᛘ"
                    HPOS="296.0"
                    VPOS="384.0"
                    WIDTH="602.0"
                    HEIGHT="48.0"
                    ></String>
          </TextLine>
          <TextLine ID="line_7"
                    TAGREFS="LT8"
                    BASELINE="298 455 709 453 895 456" 
                    HPOS="297.0"
                    VPOS="422.0"
                    WIDTH="598.0"
                    HEIGHT="47.0">
            <Shape><Polygon POINTS="298 455 298 461 340 461 343 462 360 469 360 469 361 469 362 469 379 462 383 461 417 461 422 463 433 467 434 467 435 467 436 467 443 463 447 461 488 461 491 464 497 469 498 469 499 469 500 469 524 464 538 461 552 464 562 466 562 466 575 465 593 461 600 465 610 469 610 469 611 469 670 467 671 467 672 467 673 466 679 461 703 461 711 466 715 469 716 469 716 469 717 469 755 466 779 465 793 466 807 469 808 469 894 467 895 456 894 431 880 431 870 422 869 422 868 422 867 422 866 422 849 431 821 431 806 422 805 422 804 422 745 430 707 422 706 422 679 427 665 422 664 422 663 422 613 427 606 422 605 422 605 422 565 422 564 422 563 422 539 430 484 423 483 423 482 423 481 423 472 431 440 431 422 422 421 422 420 422 419 422 393 429 382 422 381 422 380 422 379 422 379 422 378 422 367 430 310 423 309 423 308 423 307 423 297 429 298 455"/></Shape>
            <String CONTENT="tis &amp; lectis, ac legere ſcripta ſancta in publico, ſic,"
                    HPOS="297.0"
                    VPOS="422.0"
                    WIDTH="598.0"
                    HEIGHT="47.0"
                    WC="0.9938709096475081"></String>
          </TextLine>
          <TextLine ID="line_8"
                    TAGREFS="LT8"
                    BASELINE="296 493 718 492 896 495" 
                    HPOS="295.0"
                    VPOS="462.0"
                    WIDTH="601.0"
                    HEIGHT="47.0">
            <Shape><Polygon POINTS="296 493 295 506 366 509 367 509 368 509 372 506 382 501 394 506 399 509 400 509 401 509 402 509 410 506 429 501 466 506 478 508 479 508 480 508 480 508 482 506 490 501 526 501 539 506 540 506 541 506 542 506 556 501 682 501 695 506 701 509 702 509 703 509 704 509 710 506 720 501 740 506 754 509 754 509 895 505 896 495 895 471 807 471 795 462 794 462 793 462 793 462 792 462 776 471 706 471 693 462 692 462 692 462 647 462 646 462 645 462 644 462 638 466 599 462 598 462 571 467 546 462 545 462 513 468 500 463 499 463 372 462 371 462 296 470 296 493"/></Shape>
            <String CONTENT="ut intelligant. Verum ſine intellectu, orare, legere, caᛘ"
                    HPOS="295.0"
                    VPOS="462.0"
                    WIDTH="601.0"
                    HEIGHT="47.0"
                    ></String>
          </TextLine>
          <TextLine ID="line_9"
                    TAGREFS="LT8"
                    BASELINE="296 533 628 531 893 534" 
                    HPOS="295.0"
                    VPOS="501.0"
                    WIDTH="598.0"
                    HEIGHT="46.0">
            <Shape><Polygon POINTS="296 533 295 539 303 545 304 545 305 545 306 545 307 545 321 540 383 545 384 545 384 545 385 545 394 539 436 539 447 546 448 546 449 546 450 547 486 547 486 546 487 546 498 540 512 546 513 546 514 547 537 547 537 546 538 546 538 546 543 541 555 546 556 546 557 546 557 546 578 540 650 540 668 546 669 546 670 546 671 546 691 540 776 540 783 546 784 546 785 546 786 547 866 547 866 546 892 539 893 534 893 509 759 509 759 508 747 503 746 503 745 503 745 503 735 508 722 502 721 502 721 502 675 506 668 502 668 502 667 502 666 502 639 508 639 508 632 504 631 504 630 504 629 504 606 507 527 502 526 502 505 506 481 502 480 502 480 502 479 502 471 507 427 507 417 501 416 501 415 501 296 507 296 533"/></Shape>
            <String CONTENT="nere, pſallere, opus eſt ſine omni utilitate &amp; maxi¬"
                    HPOS="295.0"
                    VPOS="501.0"
                    WIDTH="598.0"
                    HEIGHT="46.0"
                    WC="0.9976516824502212"></String>
          </TextLine>
          <TextLine ID="line_10"
                    TAGREFS="LT8"
                    BASELINE="294 573 562 570 891 574" 
                    HPOS="294.0"
                    VPOS="539.0"
                    WIDTH="597.0"
                    HEIGHT="49.0">
            <Shape><Polygon POINTS="294 573 294 587 330 587 330 586 331 586 331 586 340 580 348 584 349 584 350 584 372 581 379 586 380 586 381 586 382 586 383 586 384 586 408 580 514 580 537 586 539 586 540 586 541 586 547 586 579 580 594 586 598 587 599 587 600 588 620 588 620 587 620 587 621 587 624 586 631 581 725 581 740 585 749 587 750 587 750 588 789 588 789 587 790 587 796 585 802 582 817 585 836 587 836 587 890 584 891 574 890 548 835 548 835 547 812 540 811 540 810 540 809 540 783 547 782 547 750 543 750 543 721 547 721 547 720 547 697 540 697 540 696 540 658 547 579 539 551 539 550 539 549 539 548 539 540 546 505 539 504 539 449 545 434 539 433 539 432 539 432 539 431 539 421 546 402 543 401 543 370 547 356 542 355 542 355 542 354 542 340 547 294 547 294 573"/></Shape>
            <String CONTENT="ma temporis iactura, ſolaignorantia et pigritia moᛘ"
                    HPOS="294.0"
                    VPOS="539.0"
                    WIDTH="597.0"
                    HEIGHT="49.0"
                    ></String>
          </TextLine>
          <TextLine ID="line_11"
                    TAGREFS="LT8"
                    BASELINE="293 611 613 610 893 613" 
                    HPOS="292.0"
                    VPOS="579.0"
                    WIDTH="601.0"
                    HEIGHT="45.0">
            <Shape><Polygon POINTS="293 611 292 617 315 623 316 623 407 619 430 618 444 619 479 623 480 623 495 620 504 618 545 620 591 623 591 623 592 623 600 621 605 620 607 621 611 624 612 624 613 624 614 624 615 624 615 624 620 621 625 619 891 624 893 613 893 588 826 588 825 587 801 582 800 582 777 586 766 581 765 581 764 581 764 581 750 587 707 580 706 580 706 580 692 586 659 582 658 582 604 587 600 587 599 587 566 580 507 579 488 579 487 579 486 579 471 586 430 579 429 579 389 586 332 579 331 579 331 579 330 579 319 586 293 586 293 611"/></Shape>
            <String CONTENT="nachorum introduxit hæc omnia. Olim doctæ erant"
                    HPOS="292.0"
                    VPOS="579.0"
                    WIDTH="601.0"
                    HEIGHT="45.0"
                    WC="0.9880635636918088"></String>
          </TextLine>
          <TextLine ID="line_12"
                    TAGREFS="LT8"
                    BASELINE="293 652 893 652" 
                    HPOS="293.0"
                    VPOS="620.0"
                    WIDTH="600.0"
                    HEIGHT="43.0">
            <Shape><Polygon POINTS="293 652 293 663 893 660 893 652 893 628 865 623 864 623 834 627 818 622 817 622 817 622 816 622 798 626 776 620 775 620 774 620 774 620 760 626 701 620 701 620 700 620 688 626 615 622 615 622 614 622 613 622 604 628 565 628 557 620 556 620 555 620 554 620 521 626 493 620 492 620 491 620 480 626 449 620 448 620 447 620 435 627 406 627 384 620 383 620 347 620 346 620 293 627 293 652"/></Shape>
            <String CONTENT="moniales &amp; ſeruire hoc poterant, deuotioni. Hodie"
                    HPOS="293.0"
                    VPOS="620.0"
                    WIDTH="600.0"
                    HEIGHT="43.0"
                    WC="0.9939594877009489"></String>
          </TextLine>
          <TextLine ID="line_13"
                    TAGREFS="LT8"
                    BASELINE="291 691 709 689 890 692" 
                    HPOS="290.0"
                    VPOS="659.0"
                    WIDTH="600.0"
                    HEIGHT="40.0">
            <Shape><Polygon POINTS="291 691 291 699 889 699 890 692 889 666 811 666 783 659 783 659 782 659 781 659 771 666 734 666 703 659 702 659 675 665 653 659 653 659 652 659 651 659 628 665 616 659 615 659 586 659 585 659 527 665 519 659 519 659 518 659 495 659 494 659 493 659 481 665 475 659 474 659 473 659 449 659 448 659 447 659 432 665 416 659 415 659 414 659 413 659 413 659 405 666 358 666 346 660 345 660 344 660 290 666 291 691"/></Shape>
            <String CONTENT="non tam obedientia excuſat, quàm dementia culpat."
                    HPOS="290.0"
                    VPOS="659.0"
                    WIDTH="600.0"
                    HEIGHT="40.0"
                    WC="0.9949710428714752"></String>
          </TextLine>
          <TextLine ID="line_14"
                    TAGREFS="LT8"
                    BASELINE="293 730 700 729 892 732" 
                    HPOS="292.0"
                    VPOS="697.0"
                    WIDTH="600.0"
                    HEIGHT="47.0">
            <Shape><Polygon POINTS="293 730 293 739 343 744 344 744 345 744 354 740 356 739 403 740 467 742 468 742 475 740 490 738 514 741 538 744 538 744 539 744 540 744 543 741 548 738 558 741 561 742 562 742 562 742 576 741 634 738 642 742 645 744 646 744 647 744 655 742 673 739 720 743 735 744 736 744 737 744 738 744 739 743 745 739 774 743 779 744 780 744 789 743 842 739 890 744 892 732 891 705 817 705 817 704 796 697 795 697 754 697 754 697 753 697 739 704 738 704 706 700 706 700 705 700 691 704 676 697 675 697 641 697 640 697 639 697 624 704 623 704 616 704 530 700 529 700 528 700 518 704 509 697 508 697 507 697 434 697 433 697 432 697 414 703 401 697 400 697 399 697 399 697 379 704 379 704 377 704 361 697 360 697 360 697 359 697 339 704 336 704 292 704 293 730"/></Shape>
            <String CONTENT="Quid enim inutilius potuerit inſtitui, quid ſtultius ex"
                    HPOS="292.0"
                    VPOS="697.0"
                    WIDTH="600.0"
                    HEIGHT="47.0"
                    WC="0.9963477286425504"></String>
          </TextLine>
          <TextLine ID="line_15"
                    TAGREFS="LT8"
                    BASELINE="291 768 889 771" 
                    HPOS="290.0"
                    VPOS="739.0"
                    WIDTH="599.0"
                    HEIGHT="47.0">
            <Shape><Polygon POINTS="291 768 290 778 317 783 318 784 346 784 346 783 347 783 348 783 356 778 357 778 365 778 423 783 423 783 424 783 425 783 431 778 491 783 492 783 512 778 517 778 523 778 546 782 547 782 572 778 579 778 582 778 603 785 604 785 605 786 628 786 628 785 629 785 629 785 638 778 639 778 674 778 675 778 685 785 686 785 687 785 687 786 725 786 725 785 725 785 745 779 888 779 889 771 888 741 863 746 823 741 821 741 820 741 817 741 782 746 759 741 756 741 755 741 754 741 754 741 740 746 684 742 664 740 663 740 647 742 612 745 596 742 585 740 584 740 547 742 514 745 479 745 476 743 474 740 473 740 472 740 471 740 456 743 445 745 442 743 439 740 439 739 438 739 437 739 437 739 418 743 414 744 409 743 394 739 393 739 392 739 391 739 378 743 375 744 291 744 291 768"/></Shape>
            <String CONTENT="cogitari, quàm ut tantũ temporis expendant in uerᛘ"
                    HPOS="290.0"
                    VPOS="739.0"
                    WIDTH="599.0"
                    HEIGHT="47.0"
                    ></String>
          </TextLine>
          <TextLine ID="line_16"
                    TAGREFS="LT8"
                    BASELINE="289 808 889 811" 
                    HPOS="288.0"
                    VPOS="778.0"
                    WIDTH="601.0"
                    HEIGHT="47.0">
            <Shape><Polygon POINTS="289 808 288 817 348 823 349 824 451 824 451 823 451 823 462 819 464 818 484 819 558 822 559 822 609 820 634 819 638 821 643 824 644 824 644 824 645 824 667 821 673 820 740 820 742 821 745 825 746 825 747 825 748 825 769 821 782 820 887 822 889 811 889 788 856 783 855 783 835 787 826 782 826 782 825 782 824 782 823 782 807 786 802 781 802 781 801 781 800 781 799 781 785 787 730 787 703 780 702 780 701 780 678 786 645 779 644 779 613 786 610 787 542 787 540 785 533 779 533 779 532 779 531 779 479 783 471 778 470 778 469 778 443 778 442 778 442 778 441 778 434 784 432 786 402 786 397 784 379 778 378 778 377 778 351 779 350 779 350 779 345 783 342 786 327 786 325 783 319 778 318 778 317 778 317 778 289 783 289 808"/></Shape>
            <String CONTENT="bis nihil ſignificantibus, &amp; reliquum tempus ab opeᛘ"
                    HPOS="288.0"
                    VPOS="778.0"
                    WIDTH="601.0"
                    HEIGHT="47.0"
                    ></String>
          </TextLine>
          <TextLine ID="line_17"
                    TAGREFS="LT8"
                    BASELINE="298 856 887 859" 
                    HPOS="295"
                    VPOS="815"
                    WIDTH="591"
                    HEIGHT="47">
            <Shape><Polygon POINTS="296 855 295 861 884 862 886 857 885 824 842 817 840 817 839 817 823 823 770 817 768 817 767 817 755 823 556 815 555 815 522 821 472 815 470 815 433 821 407 815 406 815 404 815 403 815 385 821 365 815 363 815 362 815 296 819 296 855"/></Shape>
            <String CONTENT="ri illius fatigatione, otio, &amp; remißione, deperdi, ut"
                    HPOS="295"
                    VPOS="815"
                    WIDTH="591"
                    HEIGHT="47"
                    ></String>
          </TextLine>
          <TextLine ID="line_18"
                    TAGREFS="LT8"
                    BASELINE="288 888 590 887 887 891" 
                    HPOS="288.0"
                    VPOS="859.0"
                    WIDTH="599.0"
                    HEIGHT="44.0">
            <Shape><Polygon POINTS="288 888 288 896 442 902 443 902 560 898 585 903 586 903 651 898 656 898 658 898 673 903 674 903 675 903 676 903 692 898 694 898 770 898 771 899 777 903 778 903 778 903 779 903 886 899 887 891 887 865 873 860 872 860 871 860 822 865 791 860 790 860 789 860 778 865 775 866 767 865 750 862 750 862 728 865 722 865 721 865 710 860 709 860 682 860 681 860 680 860 664 865 663 865 636 860 635 860 594 865 586 865 583 865 574 861 573 861 572 861 572 861 559 865 558 865 551 859 550 859 549 859 522 859 521 859 520 859 509 865 508 865 462 865 461 865 456 860 456 859 455 859 454 859 453 859 452 859 442 865 288 865 288 888"/></Shape>
            <String CONTENT="omne carum tempus longe quàm ſomnium ſit eis in"
                    HPOS="288.0"
                    VPOS="859.0"
                    WIDTH="599.0"
                    HEIGHT="44.0"
                    WC="0.9873277035852274"></String>
          </TextLine>
          <TextLine ID="line_19"
                    TAGREFS="LT8"
                    BASELINE="288 927 886 929" 
                    HPOS="288.0"
                    VPOS="898.0"
                    WIDTH="598.0"
                    HEIGHT="44.0">
            <Shape><Polygon POINTS="288 927 288 942 885 942 886 929 885 906 797 906 795 904 790 901 789 901 788 901 788 901 787 901 786 901 781 904 778 906 706 906 703 903 701 901 700 901 699 901 698 901 697 901 697 901 694 903 692 905 680 903 668 901 668 901 645 903 622 904 620 902 616 899 615 899 615 899 614 899 613 899 603 902 594 904 572 902 552 899 552 899 538 901 518 904 510 901 507 899 506 899 505 899 504 899 501 901 495 904 489 901 486 898 485 898 485 898 484 898 483 898 478 900 471 903 447 900 434 898 433 898 427 900 412 903 407 899 406 898 405 898 404 898 336 898 335 898 334 898 333 898 325 903 318 898 317 898 317 898 288 898 288 927"/></Shape>
            <String CONTENT="fructuoſius &amp;c. Vt autem docere non permittuntur"
                    HPOS="288.0"
                    VPOS="898.0"
                    WIDTH="598.0"
                    HEIGHT="44.0"
                    WC="0.9857708687583605"></String>
          </TextLine>
          <TextLine ID="line_20"
                    TAGREFS="LT8"
                    BASELINE="288 966 887 970" 
                    HPOS="287.0"
                    VPOS="935.0"
                    WIDTH="600.0"
                    HEIGHT="47.0">
            <Shape><Polygon POINTS="288 966 287 975 307 980 307 980 308 980 327 976 334 980 335 980 336 980 408 981 408 981 475 977 477 977 521 977 523 977 532 982 533 982 533 982 534 982 548 978 571 982 572 982 886 980 887 970 887 938 848 938 847 938 846 938 831 945 803 938 802 938 801 938 800 938 799 938 792 944 779 938 778 938 778 938 777 938 776 938 775 938 767 945 718 941 717 941 716 941 706 944 701 939 699 938 699 937 698 937 697 937 697 937 683 939 648 944 637 939 631 937 630 937 599 937 598 937 597 937 596 937 592 940 589 942 585 940 581 937 580 937 579 937 578 937 561 940 554 941 550 940 540 937 539 937 538 937 538 937 530 940 524 943 458 943 454 940 447 936 447 936 446 936 445 936 444 936 429 941 423 942 416 941 404 937 403 937 403 937 402 937 401 937 395 941 393 942 357 942 355 941 349 935 348 935 347 935 346 935 346 935 345 935 337 941 336 942 333 941 312 936 311 936 288 941 288 966"/></Shape>
            <String CONTENT="ita doceri iubentur, ut Chriſtianæ ſint, &amp; dei uerbũ"
                    HPOS="287.0"
                    VPOS="935.0"
                    WIDTH="600.0"
                    HEIGHT="47.0"
                    ></String>
          </TextLine>
          <TextLine ID="line_21"
                    TAGREFS="LT8"
                    BASELINE="288 1006 883 1009" 
                    HPOS="287.0"
                    VPOS="977.0"
                    WIDTH="596.0"
                    HEIGHT="46.0">
            <Shape><Polygon POINTS="288 1006 287 1018 585 1022 586 1022 612 1018 616 1018 617 1018 621 1022 622 1022 623 1022 624 1022 679 1018 706 1023 706 1023 882 1018 883 1009 882 986 846 979 833 979 832 979 831 979 831 979 823 985 822 985 800 979 799 979 798 979 798 979 797 979 790 985 788 986 745 986 742 984 736 979 735 979 735 979 734 979 733 979 716 984 711 985 706 984 690 979 689 979 688 979 687 979 687 979 681 983 680 984 615 985 603 982 584 978 583 978 567 981 553 985 541 981 530 978 529 978 479 977 478 977 477 977 469 980 459 984 454 980 451 978 451 978 450 978 449 978 433 980 405 983 397 979 393 977 392 977 391 977 390 977 389 977 389 978 388 979 382 985 324 985 314 978 313 977 312 977 312 977 311 977 288 977 288 1006"/></Shape>
            <String CONTENT="ignorent minimé. Hic maior querela locum habet."
                    HPOS="287.0"
                    VPOS="977.0"
                    WIDTH="596.0"
                    HEIGHT="46.0"
                    WC="0.9866328798234463"></String>
          </TextLine>
        </TextBlock>
        <TextBlock HPOS="282"
                   VPOS="1022"
                   WIDTH="607"
                   HEIGHT="159"
                   ID="block_2"
                   TAGREFS="BT3109">
          <Shape><Polygon POINTS="889 1022 889 1181 282 1181 282 1022"/></Shape>
          <TextLine ID="line_22"
                    TAGREFS="LT8"
                    BASELINE="325 1046 885 1048" 
                    HPOS="324.0"
                    VPOS="1017.0"
                    WIDTH="561.0"
                    HEIGHT="41.0">
            <Shape><Polygon POINTS="325 1046 324 1056 884 1058 885 1048 885 1024 874 1018 873 1018 872 1018 766 1023 762 1023 760 1023 731 1018 730 1018 730 1018 729 1018 722 1023 721 1024 700 1024 698 1023 678 1018 677 1018 677 1018 648 1023 598 1018 597 1018 596 1018 596 1018 590 1023 590 1023 553 1023 552 1023 545 1018 544 1018 543 1018 543 1018 520 1023 519 1023 519 1023 513 1018 513 1017 512 1017 511 1017 510 1017 464 1021 427 1017 427 1017 426 1017 411 1022 410 1022 394 1017 394 1017 393 1017 370 1022 369 1022 366 1022 345 1017 344 1017 325 1021 325 1046"/></Shape>
            <String CONTENT="Nec dominari in uirum ] Fœdum eßet marito ſuᛘ"
                    HPOS="324.0"
                    VPOS="1017.0"
                    WIDTH="561.0"
                    HEIGHT="41.0"
                    ></String>
          </TextLine>
          <TextLine ID="line_23"
                    TAGREFS="LT8"
                    BASELINE="284 1088 510 1086 878 1091" 
                    HPOS="284.0"
                    VPOS="1057.0"
                    WIDTH="594.0"
                    HEIGHT="48.0">
            <Shape><Polygon POINTS="284 1088 284 1101 350 1097 419 1102 420 1102 421 1102 422 1102 442 1096 494 1100 495 1100 495 1100 507 1096 536 1102 537 1102 562 1098 581 1103 582 1103 583 1103 611 1099 739 1102 740 1102 740 1102 755 1098 785 1105 788 1105 788 1105 809 1105 809 1105 810 1105 811 1105 820 1099 876 1105 878 1091 878 1067 856 1060 855 1060 855 1060 854 1060 853 1060 846 1065 830 1060 829 1060 828 1060 804 1066 802 1066 800 1065 789 1060 788 1060 788 1060 740 1065 734 1065 731 1064 717 1059 716 1059 658 1059 657 1059 639 1063 630 1065 620 1063 609 1061 608 1061 581 1062 559 1064 556 1062 552 1058 551 1058 550 1058 549 1058 548 1058 541 1062 537 1064 465 1064 460 1061 453 1057 452 1057 451 1057 451 1057 442 1061 433 1063 413 1061 387 1057 386 1057 385 1057 377 1060 370 1062 365 1060 358 1057 357 1057 356 1057 337 1059 316 1062 284 1059 284 1088"/></Shape>
            <String CONTENT="perbiæ fomentum, contemptus uiri. Monere potest,"
                    HPOS="284.0"
                    VPOS="1057.0"
                    WIDTH="594.0"
                    HEIGHT="48.0"
                    WC="0.9800822573403517"></String>
          </TextLine>
          <TextLine ID="line_24"
                    TAGREFS="LT8"
                    BASELINE="283 1124 878 1128" 
                    HPOS="282.0"
                    VPOS="1095.0"
                    WIDTH="596.0"
                    HEIGHT="48.0">
            <Shape><Polygon POINTS="283 1124 282 1134 316 1141 317 1141 380 1136 498 1142 499 1142 532 1137 538 1142 539 1142 540 1142 541 1142 594 1138 605 1143 605 1143 606 1143 647 1138 711 1143 712 1143 713 1143 727 1138 735 1143 735 1143 736 1143 737 1143 758 1139 816 1143 817 1143 817 1143 836 1139 854 1143 855 1143 855 1143 856 1143 877 1138 878 1128 877 1105 847 1104 836 1096 836 1096 835 1096 834 1096 833 1096 814 1104 794 1104 787 1097 786 1097 785 1097 784 1097 783 1097 783 1097 775 1104 739 1104 733 1098 732 1098 731 1098 701 1095 700 1095 654 1100 616 1095 615 1095 615 1095 594 1102 572 1095 571 1095 552 1095 552 1095 551 1095 550 1095 542 1101 533 1095 533 1095 532 1095 531 1095 283 1100 283 1124"/></Shape>
            <String CONTENT="rogare blandiri, ſed eſſe in ſilentio, parce loqui &amp;"
                    HPOS="282.0"
                    VPOS="1095.0"
                    WIDTH="596.0"
                    HEIGHT="48.0"
                    WC="0.994393806044872"></String>
          </TextLine>
          <TextLine ID="line_25"
                    TAGREFS="LT8"
                    BASELINE="283 1165 883 1167" 
                    HPOS="283.0"
                    VPOS="1135.0"
                    WIDTH="600.0"
                    HEIGHT="57.0">
            <Shape><Polygon POINTS="283 1165 283 1178 318 1185 319 1185 341 1180 370 1190 370 1190 371 1190 372 1190 393 1182 406 1186 407 1186 408 1186 408 1186 409 1186 415 1181 435 1184 436 1184 437 1184 447 1180 472 1185 473 1185 502 1182 528 1191 528 1191 529 1192 634 1192 634 1191 634 1191 635 1191 645 1183 658 1188 658 1188 702 1191 703 1191 704 1191 718 1187 731 1191 732 1191 733 1191 734 1191 763 1182 855 1182 857 1182 863 1186 864 1186 865 1186 865 1186 882 1182 883 1167 882 1145 837 1145 836 1144 818 1138 817 1138 817 1138 816 1138 805 1143 802 1145 782 1145 779 1143 774 1138 773 1138 772 1138 743 1138 742 1138 741 1138 730 1142 725 1145 696 1145 691 1142 683 1137 682 1137 682 1137 681 1137 680 1137 666 1141 657 1144 614 1144 608 1140 604 1137 603 1137 602 1137 579 1137 578 1137 577 1137 571 1139 562 1143 523 1143 510 1139 505 1137 504 1137 504 1137 503 1137 499 1139 487 1143 481 1139 481 1138 480 1138 480 1138 479 1138 473 1138 432 1143 420 1137 418 1136 417 1136 416 1136 415 1136 412 1137 392 1143 370 1143 355 1136 355 1136 354 1136 352 1136 317 1143 308 1136 307 1136 307 1136 283 1135 283 1165"/></Shape>
            <String CONTENT="breuiter, &amp; cum reuerentia &amp; timore, illico admo¬"
                    HPOS="283.0"
                    VPOS="1135.0"
                    WIDTH="600.0"
                    HEIGHT="57.0"
                    WC="0.9863517235736458"></String>
          </TextLine>
        </TextBlock>
        <TextBlock HPOS="822"
                   VPOS="1186"
                   WIDTH="60"
                   HEIGHT="37"
                   ID="block_5"
                   TAGREFS="BT17">
          <Shape><Polygon POINTS="882 1186 882 1223 822 1223 822 1186"/></Shape>
          <TextLine ID="line_26"
                    TAGREFS="LT8"
                    BASELINE="824 1209 879 1209" 
                    HPOS="824.0"
                    VPOS="1178.0"
                    WIDTH="55.0"
                    HEIGHT="48.0">
            <Shape><Polygon POINTS="824 1209 824 1226 879 1221 879 1209 879 1182 846 1178 846 1178 824 1182 824 1209"/></Shape>
            <String CONTENT="nita"
                    HPOS="824.0"
                    VPOS="1178.0"
                    WIDTH="55.0"
                    HEIGHT="48.0"
                    WC="0.9999030381441116"></String>
          </TextLine>
        </TextBlock>
      </PrintSpace>
    </Page>
  </Layout>
</alto>
