<?xml version="1.0" encoding="UTF-8"?>
<alto xmlns:xsi="http://www.w3.org/2001/XMLSchema-instance"
    xmlns="http://www.loc.gov/standards/alto/ns-v4#"
    xsi:schemaLocation="http://www.loc.gov/standards/alto/ns-v4# http://www.loc.gov/standards/alto/v4/alto-4-3.xsd">
    <Description>
        <MeasurementUnit>pixel</MeasurementUnit>
        <sourceImageInformation>
            <fileName>7326071.jpeg</fileName>
        </sourceImageInformation>
        <Processing ID="OCR_0">
            <processingCategory>other</processingCategory>
            <processingStepDescription>unknown</processingStepDescription>
            <processingSoftware>
                <softwareName>kraken</softwareName>
                <softwareVersion>4.3.13</softwareVersion>
            </processingSoftware>
        </Processing>
    </Description>
    <Tags>
        <OtherTag ID="TYPE_1" LABEL="DefaultLine"/>
        <OtherTag ID="TYPE_2" LABEL="NumberingZone"/>
        <OtherTag ID="TYPE_3" LABEL="MainZone-Entry-Continued"/>
        <OtherTag ID="TYPE_4" LABEL="MainZone-Form"/>
        <OtherTag ID="TYPE_5" LABEL="MainZone-Lg"/>
        <OtherTag ID="TYPE_6" LABEL="DigitizationArtefactZone"/>
        <OtherTag ID="TYPE_7" LABEL="TableZone-Head"/>
        <OtherTag ID="TYPE_8" LABEL="MainZone-Sp"/>
        <OtherTag ID="TYPE_9" LABEL="MainZone-Sp-Continued"/>
        <OtherTag ID="TYPE_10" LABEL="TableZone-Continued"/>
        <OtherTag ID="TYPE_11" LABEL="MarginTextZone-ManuscriptAddendum"/>
        <OtherTag ID="TYPE_12" LABEL="GraphicZone-FigDesc"/>
        <OtherTag ID="TYPE_13" LABEL="MarginTextZone-Notes"/>
        <OtherTag ID="TYPE_14" LABEL="StampZone"/>
        <OtherTag ID="TYPE_15" LABEL="FigureZone"/>
        <OtherTag ID="TYPE_16" LABEL="MainZone-Head"/>
        <OtherTag ID="TYPE_17" LABEL="DropCapitalZone"/>
        <OtherTag ID="TYPE_18" LABEL="MainZone-Date"/>
        <OtherTag ID="TYPE_19" LABEL="MainZone-List-Continued"/>
        <OtherTag ID="TYPE_20" LABEL="FigureZone-Head"/>
        <OtherTag ID="TYPE_21" LABEL="GraphicZone-Head"/>
        <OtherTag ID="TYPE_22" LABEL="MainZone-P"/>
        <OtherTag ID="TYPE_23" LABEL="MainZone-Signature"/>
        <OtherTag ID="TYPE_24" LABEL="TitlePageZone-Index"/>
        <OtherTag ID="TYPE_25" LABEL="MainZone-Lg-Continued"/>
        <OtherTag ID="TYPE_26" LABEL="GraphicZone"/>
        <OtherTag ID="TYPE_27" LABEL="MarginTextZone-Notes-Continued"/>
        <OtherTag ID="TYPE_28" LABEL="GraphicZone-TextualContent"/>
        <OtherTag ID="TYPE_29" LABEL="GraphicZone-Maths"/>
        <OtherTag ID="TYPE_30" LABEL="GraphicZone-Part"/>
        <OtherTag ID="TYPE_31" LABEL="MainZone-Other"/>
        <OtherTag ID="TYPE_32" LABEL="FigureZone-FigDesc"/>
        <OtherTag ID="TYPE_33" LABEL="GraphicZone-Decoration"/>
        <OtherTag ID="TYPE_34" LABEL="MainZone-List"/>
        <OtherTag ID="TYPE_35" LABEL="MainZone-Entry"/>
        <OtherTag ID="TYPE_36" LABEL="AdvertisementZone"/>
        <OtherTag ID="TYPE_37" LABEL="TitlePageZone"/>
        <OtherTag ID="TYPE_38" LABEL="StampZone-Sticker"/>
        <OtherTag ID="TYPE_39" LABEL="MainZone-P-Continued"/>
        <OtherTag ID="TYPE_40" LABEL="TableZone"/>
        <OtherTag ID="TYPE_41" LABEL="RunningTitleZone"/>
        <OtherTag ID="TYPE_42" LABEL="QuireMarksZone"/>
    </Tags>
    <Layout>
        <Page WIDTH="1000" HEIGHT="1547" PHYSICAL_IMG_NR="0" ID="page_0">
            <PrintSpace HPOS="0" VPOS="0" WIDTH="1000" HEIGHT="1547">
                <TextBlock ID="block_4" HPOS="203" VPOS="100" WIDTH="347" HEIGHT="42" TAGREFS="TYPE_41">
                    <Shape>
                        <Polygon POINTS="203.44935607910156 100.8138427734375 550.850341796875 100.8138427734375 550.850341796875 142.31536865234375 203.44935607910156 142.31536865234375 203.44935607910156 100.8138427734375"/>
                    </Shape>
                    <TextLine ID="line_0" HPOS="202" VPOS="91" WIDTH="353" HEIGHT="53" BASELINE="203 134 555 130" TAGREFS="TYPE_1">
                        <Shape>
                            <Polygon POINTS="203 134 203 139 231 144 232 144 264 140 270 144 271 144 272 144 273 144 308 143 309 143 310 143 314 140 319 143 319 143 320 143 321 143 348 139 367 143 368 143 368 143 369 143 380 138 466 142 466 142 467 142 478 137 547 141 548 141 549 141 550 141 555 136 555 130 553 99 538 99 538 98 531 92 531 91 530 91 529 91 528 91 527 91 508 97 502 100 465 100 453 97 443 93 442 93 441 93 441 93 434 96 424 100 405 96 401 95 400 95 396 95 369 101 363 96 363 95 362 95 361 95 319 91 318 91 305 93 269 102 257 92 256 91 255 91 254 91 202 91 203 134"/>
                        </Shape>
                        <String CONTENT=""/>
                    </TextLine>
</TextBlock>
                <TextBlock ID="block_0" HPOS="631" VPOS="94" WIDTH="76" HEIGHT="47" TAGREFS="TYPE_2">
                    <Shape>
                        <Polygon POINTS="631.2059936523438 94.95983123779297 707.4972534179688 94.95983123779297 707.4972534179688 141.6876678466797 631.2059936523438 141.6876678466797 631.2059936523438 94.95983123779297"/>
                    </Shape>
                    <TextLine ID="line_1" HPOS="631" VPOS="88" WIDTH="69" HEIGHT="58" BASELINE="631 131 700 129" TAGREFS="TYPE_1">
                        <Shape>
                            <Polygon POINTS="631 131 631 140 662 146 663 146 700 139 700 129 699 96 668 88 667 88 666 88 665 88 664 88 664 89 656 97 656 98 631 98 631 131"/>
                        </Shape>
                        <String CONTENT=""/>
                    </TextLine>
</TextBlock>
                <TextBlock ID="textblock_3">
                    
                    <TextLine ID="line_2" HPOS="23" VPOS="144" WIDTH="669" HEIGHT="57" BASELINE="24 187 692 180" TAGREFS="TYPE_1">
                        <Shape>
                            <Polygon POINTS="24 187 24 198 147 195 153 196 171 201 171 201 172 201 173 201 194 196 201 195 209 195 238 201 239 201 303 195 313 194 315 195 320 198 321 198 322 198 323 198 358 195 411 199 412 199 413 199 414 199 421 193 437 199 438 199 439 199 524 198 525 198 544 193 583 197 584 197 613 190 692 189 692 180 688 144 665 150 607 145 589 144 588 144 588 144 582 146 566 152 521 152 473 152 466 148 461 146 460 146 460 146 459 146 451 148 437 153 391 153 384 149 376 146 375 146 374 146 345 150 339 151 332 151 288 146 288 146 219 152 189 147 188 147 187 147 167 153 164 154 161 153 141 149 140 149 139 149 138 149 130 154 128 155 122 154 88 149 87 149 86 149 67 155 65 157 23 157 24 187"/>
                        </Shape>
                        <String CONTENT=""/>
                    </TextLine>

                    
                    <TextLine ID="line_3" HPOS="21" VPOS="191" WIDTH="665" HEIGHT="53" BASELINE="22 230 686 224" TAGREFS="TYPE_1">
                        <Shape>
                            <Polygon POINTS="22 230 22 238 102 244 103 244 104 244 117 238 128 244 129 244 130 244 188 244 188 244 232 238 233 237 323 237 324 237 349 242 349 242 426 236 429 236 431 236 494 241 495 241 521 235 523 235 570 235 576 235 588 240 589 240 590 240 591 240 613 234 615 234 617 234 647 239 648 239 685 233 686 224 684 196 661 191 660 191 613 196 588 199 576 196 554 192 553 192 552 192 541 196 536 199 512 197 470 193 469 193 468 193 467 193 461 197 460 198 456 197 448 195 447 195 447 195 446 195 445 195 441 197 436 201 397 201 374 201 367 197 360 194 359 194 358 194 312 195 312 195 311 195 306 198 303 201 298 198 290 195 289 195 267 195 266 195 265 195 257 198 251 202 144 202 120 199 103 196 102 196 21 199 22 230"/>
                        </Shape>
                        <String CONTENT=""/>
                    </TextLine>

                    
                    <TextLine ID="line_4" HPOS="22" VPOS="259" WIDTH="450" HEIGHT="31" BASELINE="23 274 472 269" TAGREFS="TYPE_1">
                        <Shape>
                            <Polygon POINTS="469 259 460 259 452 259 443 259 435 259 426 259 417 259 409 259 400 259 392 259 383 259 374 259 366 259 357 259 349 259 340 259 331 259 323 259 314 259 306 259 297 259 288 259 280 259 271 259 263 259 254 259 245 259 237 259 228 259 220 259 211 259 202 259 194 259 185 259 177 259 168 259 159 259 151 259 142 259 134 259 125 259 116 259 108 259 99 259 91 259 82 259 73 259 65 259 56 259 48 259 39 259 30 259 22 259 23 274 23 288 107 284 122 287 134 290 134 290 135 290 136 290 140 287 147 283 173 287 199 290 200 290 201 290 211 286 220 282 247 285 255 286 256 286 265 285 292 281 317 284 362 288 363 288 364 288 365 288 372 283 456 286 457 286 458 286 472 281 472 269 470 259 469 259"/>
                        </Shape>
                        <String CONTENT=""/>
                    </TextLine>

                </TextBlock>
                <TextBlock ID="block_2" HPOS="18" VPOS="301" WIDTH="676" HEIGHT="156" TAGREFS="TYPE_22">
                    <Shape>
                        <Polygon POINTS="18.54863739013672 301.93475341796875 694.2371826171875 301.93475341796875 694.2371826171875 457.3534851074219 18.54863739013672 457.3534851074219 18.54863739013672 301.93475341796875"/>
                    </Shape>
                    <TextLine ID="line_5" HPOS="77" VPOS="292" WIDTH="614" HEIGHT="58" BASELINE="78 336 691 330" TAGREFS="TYPE_1">
                        <Shape>
                            <Polygon POINTS="78 336 78 345 164 350 165 350 202 345 211 344 220 345 249 349 250 349 251 349 258 345 262 343 269 345 280 348 281 348 282 348 282 348 283 348 288 345 292 343 306 345 330 348 331 348 331 348 340 345 346 342 352 345 355 347 356 347 357 347 372 345 392 342 400 345 408 348 409 348 410 348 423 345 438 342 481 342 486 345 488 347 489 347 490 347 490 347 522 346 523 346 524 346 525 345 530 340 603 340 609 345 610 345 611 345 612 346 635 346 635 345 638 345 660 340 690 344 691 330 687 294 669 299 614 294 602 293 601 293 592 294 546 300 533 294 533 294 532 294 531 294 527 294 498 299 492 294 491 293 490 293 490 293 489 293 488 293 485 294 480 297 458 294 430 292 429 292 429 292 428 292 428 293 425 294 417 303 353 303 341 295 340 295 339 295 314 295 313 295 312 295 296 303 271 295 265 293 264 293 263 293 263 293 262 293 260 295 249 305 163 305 152 305 141 295 140 295 139 295 138 295 77 295 78 336"/>
                        </Shape>
                        <String CONTENT=""/>
                    </TextLine>

                    <TextLine ID="line_6" HPOS="24" VPOS="365" WIDTH="666" HEIGHT="38" BASELINE="24 390 690 385" TAGREFS="TYPE_1">
                        <Shape>
                            <Polygon POINTS="591 384 582 384 574 384 565 384 557 384 548 384 539 384 531 384 522 384 514 384 505 384 496 384 488 384 479 384 471 384 462 384 453 384 445 384 436 384 428 384 419 384 411 384 402 384 393 384 385 384 376 384 368 384 359 384 350 384 342 384 333 384 325 384 316 384 307 384 299 384 290 384 282 384 273 384 264 384 256 384 247 384 239 384 230 384 221 384 213 384 204 384 196 384 187 384 178 384 170 384 161 384 153 384 144 384 135 384 127 384 118 384 110 384 101 384 92 384 84 384 75 384 67 384 58 384 49 384 41 384 32 384 24 384 24 390 24 397 74 403 75 403 76 403 87 397 88 397 94 397 143 402 144 402 164 397 168 397 173 397 197 402 198 402 221 397 222 397 245 402 246 402 247 402 257 397 260 396 290 397 361 400 361 400 396 397 405 396 414 397 443 399 444 399 459 397 470 394 512 396 561 398 562 398 563 398 572 396 580 394 688 395 690 385 688 369 600 365 599 365 598 365 594 366 591 384"/>
                        </Shape>
                        <String CONTENT=""/>
                    </TextLine>

                    <TextLine ID="line_7" HPOS="29" VPOS="400" WIDTH="547" HEIGHT="58" BASELINE="30 444 576 439" TAGREFS="TYPE_1">
                        <Shape>
                            <Polygon POINTS="30 444 30 452 36 458 37 458 38 458 39 458 40 458 60 452 108 456 109 456 110 456 122 451 202 458 203 458 237 450 301 457 302 457 406 449 420 454 421 454 422 454 470 450 483 455 484 455 484 455 485 455 502 447 503 447 503 447 540 454 541 454 576 446 576 439 575 411 447 400 446 400 445 400 444 400 444 401 436 407 414 405 413 405 412 405 399 411 338 404 337 404 289 413 211 402 210 402 165 403 164 403 139 414 121 407 120 407 119 407 118 407 92 415 29 415 30 444"/>
                        </Shape>
                        <String CONTENT=""/>
                    </TextLine>
</TextBlock>
                <TextBlock ID="block_3" HPOS="23" VPOS="446" WIDTH="674" HEIGHT="845" TAGREFS="TYPE_22">
                    <Shape>
                        <Polygon POINTS="23.643802642822266 446.4136657714844 697.9449462890625 446.4136657714844 697.9449462890625 1291.2122802734375 23.643802642822266 1291.2122802734375 23.643802642822266 446.4136657714844"/>
                    </Shape>
                    <TextLine ID="line_8" HPOS="61" VPOS="454" WIDTH="632" HEIGHT="56" BASELINE="62 495 693 488" TAGREFS="TYPE_1">
                        <Shape>
                            <Polygon POINTS="62 495 62 506 185 510 186 510 295 508 296 508 297 508 304 504 306 502 349 501 363 503 393 507 394 507 395 507 406 503 412 501 446 502 473 504 474 504 475 504 482 502 491 500 495 502 499 506 500 506 501 506 502 507 532 507 532 506 533 506 546 501 555 499 615 499 623 501 635 504 636 504 637 504 693 500 693 488 692 462 678 454 677 454 625 454 625 454 624 454 623 454 611 463 567 463 553 455 552 455 552 455 490 456 490 456 489 456 489 457 481 464 480 464 433 464 433 464 413 457 412 457 411 457 411 457 400 461 365 458 364 458 363 458 343 464 340 466 212 466 212 465 193 461 192 461 191 461 190 461 177 466 172 467 165 466 141 463 141 463 140 463 131 466 128 468 124 466 113 461 112 461 76 461 75 461 74 461 61 465 62 495"/>
                        </Shape>
                        <String CONTENT=""/>
                    </TextLine>

                    <TextLine ID="line_9" HPOS="23" VPOS="499" WIDTH="670" HEIGHT="57" BASELINE="24 540 693 531" TAGREFS="TYPE_1">
                        <Shape>
                            <Polygon POINTS="24 540 24 549 51 556 52 556 87 556 87 556 88 556 105 549 153 555 154 555 155 555 156 555 167 548 177 554 178 554 179 555 196 555 196 554 196 554 197 554 205 548 286 553 287 553 288 553 288 553 299 546 349 551 350 551 375 546 394 550 395 550 396 550 443 546 465 550 466 550 596 543 624 549 625 549 693 540 693 531 690 501 653 507 637 502 625 499 624 499 623 499 622 499 607 503 595 506 591 503 587 500 586 500 585 500 557 500 556 500 555 500 539 504 525 508 512 505 506 503 505 503 504 503 503 503 498 505 488 509 476 506 464 502 463 502 462 502 441 507 422 511 372 511 368 508 358 502 357 502 356 502 355 502 355 502 337 508 331 512 222 513 218 511 207 505 206 505 205 505 117 513 111 513 110 513 87 507 86 507 36 507 35 507 34 507 33 507 23 513 24 540"/>
                        </Shape>
                        <String CONTENT=""/>
                    </TextLine>

                    <TextLine ID="line_10" HPOS="24" VPOS="541" WIDTH="672" HEIGHT="59" BASELINE="24 587 696 575" TAGREFS="TYPE_1">
                        <Shape>
                            <Polygon POINTS="24 587 24 599 52 595 58 599 59 599 60 599 61 599 63 599 79 596 99 599 110 600 111 600 112 600 117 599 129 594 147 599 153 599 154 599 168 598 200 594 233 597 242 598 243 598 250 597 288 591 417 593 417 593 442 588 483 594 488 594 489 594 490 594 491 593 508 587 537 593 539 593 540 593 541 593 542 593 558 587 567 593 568 593 569 593 570 593 570 593 580 588 589 593 590 593 591 593 625 592 626 592 645 585 694 591 696 575 693 541 670 550 644 550 603 544 594 542 593 542 582 544 540 553 437 553 421 548 411 545 410 545 409 545 393 549 368 556 333 556 323 550 316 547 315 547 283 547 282 547 282 547 281 547 274 551 224 549 223 549 222 549 208 554 201 556 193 554 187 552 186 552 185 552 184 552 180 555 172 558 157 555 129 550 128 550 87 557 69 560 24 559 24 587"/>
                        </Shape>
                        <String CONTENT=""/>
                    </TextLine>

                    <TextLine ID="line_11" HPOS="24" VPOS="586" WIDTH="670" HEIGHT="56" BASELINE="24 628 694 619" TAGREFS="TYPE_1">
                        <Shape>
                            <Polygon POINTS="24 628 25 642 42 636 62 642 63 642 64 642 66 642 103 635 223 638 278 639 279 639 294 636 315 633 331 635 347 638 348 638 368 635 385 632 393 634 404 637 405 637 406 637 490 636 546 630 560 629 570 630 625 635 626 635 627 635 646 629 670 632 671 632 694 627 694 619 692 591 661 593 656 591 648 586 647 586 646 586 628 586 627 586 626 586 609 592 605 593 601 592 589 587 588 587 560 587 559 587 558 587 558 587 549 593 548 594 515 594 513 593 506 588 505 588 504 588 503 588 503 588 502 588 492 594 488 597 450 597 447 595 432 588 431 588 430 588 374 589 373 589 350 597 346 599 306 599 305 598 294 590 294 590 293 590 292 590 243 591 242 591 210 599 208 599 202 599 121 593 120 593 119 593 118 593 105 601 75 601 74 601 63 596 62 596 61 596 24 602 24 628"/>
                        </Shape>
                        <String CONTENT=""/>
                    </TextLine>

                    <TextLine ID="line_12" HPOS="24" VPOS="629" WIDTH="671" HEIGHT="56" BASELINE="24 671 695 662" TAGREFS="TYPE_1">
                        <Shape>
                            <Polygon POINTS="24 671 24 679 43 685 44 685 45 685 104 681 116 684 116 684 117 684 118 684 129 679 157 684 158 684 203 684 204 684 226 677 314 677 358 682 359 682 360 682 361 682 370 676 413 680 414 680 415 680 427 675 485 678 486 678 487 678 496 674 537 679 538 679 601 678 631 672 683 678 684 678 685 678 686 678 695 672 695 662 694 636 665 629 664 629 663 629 625 636 582 633 581 633 558 637 488 631 487 631 486 631 473 638 331 633 330 633 329 633 328 633 319 640 294 633 294 633 293 633 259 640 158 635 157 635 156 635 126 642 85 639 84 639 83 639 82 639 77 643 49 636 49 636 48 636 47 636 24 644 24 671"/>
                        </Shape>
                        <String CONTENT=""/>
                    </TextLine>

                    <TextLine ID="line_13" HPOS="24" VPOS="672" WIDTH="671" HEIGHT="59" BASELINE="25 715 695 705" TAGREFS="TYPE_1">
                        <Shape>
                            <Polygon POINTS="25 715 25 727 55 725 62 727 79 731 79 731 80 731 81 731 98 726 106 724 115 726 135 730 136 730 137 730 138 730 146 725 147 724 154 725 169 727 170 727 196 724 214 722 218 724 223 728 224 728 225 728 226 729 248 729 248 728 249 728 258 723 260 722 262 723 268 727 269 727 269 727 270 728 304 728 304 727 305 727 306 727 306 727 310 722 311 722 315 722 350 727 351 727 352 727 361 722 447 725 447 725 448 725 465 721 473 718 489 720 521 724 522 724 549 719 560 716 609 716 615 718 628 722 629 722 630 722 695 716 695 705 694 679 676 672 675 672 644 672 644 672 643 672 619 680 567 680 546 673 545 673 544 673 499 681 472 674 472 674 471 674 470 674 453 680 440 675 439 675 438 675 383 676 342 684 307 678 306 678 306 678 288 685 189 686 178 680 177 680 177 680 176 680 175 680 160 686 137 679 136 679 135 679 134 679 113 687 88 680 87 680 86 680 85 680 85 680 85 681 76 688 36 681 35 681 34 681 33 681 24 687 25 715"/>
                        </Shape>
                        <String CONTENT=""/>
                    </TextLine>

                    <TextLine ID="line_14" HPOS="25" VPOS="715" WIDTH="672" HEIGHT="58" BASELINE="26 759 697 749" TAGREFS="TYPE_1">
                        <Shape>
                            <Polygon POINTS="26 759 26 769 88 773 89 773 90 773 91 773 98 768 100 767 104 768 130 773 131 773 192 766 202 765 203 766 212 771 213 771 214 771 214 772 239 772 239 771 239 771 240 771 249 765 251 764 313 764 316 764 332 769 333 769 334 769 361 763 364 763 367 763 392 769 393 769 443 764 472 768 472 768 473 768 484 763 525 765 526 765 527 765 547 760 620 765 621 765 622 765 646 758 665 764 666 764 667 764 697 757 697 749 695 723 648 715 647 715 646 715 645 715 645 716 637 723 584 716 583 716 582 716 557 724 556 724 554 724 472 718 472 718 471 718 470 718 460 725 459 726 452 725 397 720 396 720 395 720 394 720 388 724 368 721 368 721 367 721 355 727 351 727 315 727 219 724 218 724 217 724 202 727 195 729 183 728 140 723 139 723 138 723 117 728 109 731 88 729 47 725 46 725 25 729 26 759"/>
                        </Shape>
                        <String CONTENT=""/>
                    </TextLine>

                    <TextLine ID="line_15" HPOS="26" VPOS="763" WIDTH="671" HEIGHT="54" BASELINE="27 802 697 794" TAGREFS="TYPE_1">
                        <Shape>
                            <Polygon POINTS="27 802 27 810 70 817 71 817 72 817 97 810 119 816 120 816 121 816 157 810 288 814 288 814 374 808 422 813 423 813 472 806 493 812 494 812 495 812 543 811 544 811 563 804 642 809 643 809 697 801 697 794 694 769 589 769 588 769 563 763 562 763 451 769 429 764 428 764 427 764 414 770 412 770 410 770 385 765 384 765 362 770 349 773 313 773 308 770 304 767 303 767 302 767 301 767 282 770 263 773 253 770 245 768 245 768 244 768 243 768 237 770 226 774 207 770 194 768 193 768 180 770 159 775 152 770 148 769 147 769 147 769 138 770 121 775 111 770 107 769 106 769 105 769 104 769 101 770 92 776 26 771 27 802"/>
                        </Shape>
                        <String CONTENT=""/>
                    </TextLine>

                    <TextLine ID="line_16" HPOS="24" VPOS="805" WIDTH="674" HEIGHT="57" BASELINE="24 847 698 837" TAGREFS="TYPE_1">
                        <Shape>
                            <Polygon POINTS="24 847 24 861 134 862 135 862 136 862 146 858 154 856 166 858 182 861 183 861 217 856 249 853 333 854 405 855 406 855 407 855 413 852 417 850 453 851 574 855 575 855 576 855 576 855 582 849 598 854 599 854 600 854 601 854 613 848 624 854 625 854 625 854 678 853 679 853 698 845 698 837 696 808 641 805 640 805 639 805 638 805 631 809 627 812 605 810 588 808 588 808 587 808 582 810 576 813 573 810 568 806 567 806 566 806 545 806 544 806 543 806 530 811 524 813 514 812 490 807 490 807 489 807 488 807 482 812 479 814 436 814 433 813 424 808 423 808 395 808 394 808 393 808 392 808 386 813 384 815 356 816 344 814 307 809 306 809 306 809 289 816 286 817 273 816 215 811 214 811 185 818 184 818 182 818 143 812 142 812 105 816 79 813 79 813 24 820 24 847"/>
                        </Shape>
                        <String CONTENT=""/>
                    </TextLine>

                    <TextLine ID="line_17" HPOS="28" VPOS="849" WIDTH="669" HEIGHT="55" BASELINE="29 889 697 880" TAGREFS="TYPE_1">
                        <Shape>
                            <Polygon POINTS="29 889 29 904 89 898 124 903 134 904 134 904 135 904 141 902 152 898 167 901 171 902 172 902 187 901 238 897 244 899 248 902 249 902 250 902 426 896 449 899 450 899 451 899 452 899 460 894 464 892 514 892 528 892 557 895 558 895 583 892 588 891 590 891 603 896 604 896 605 896 661 890 672 895 673 895 674 895 674 895 697 888 697 880 694 853 659 856 655 853 648 849 647 849 646 849 645 849 607 849 606 849 605 849 598 855 595 857 533 857 522 856 491 851 490 851 490 851 476 856 472 858 467 857 451 852 450 852 449 852 337 853 336 853 324 858 292 855 291 855 290 855 270 861 267 862 260 861 211 855 210 855 209 855 193 862 192 863 148 863 143 863 74 857 73 857 28 865 29 889"/>
                        </Shape>
                        <String CONTENT=""/>
                    </TextLine>

                    <TextLine ID="line_18" HPOS="29" VPOS="893" WIDTH="668" HEIGHT="56" BASELINE="30 932 697 923" TAGREFS="TYPE_1">
                        <Shape>
                            <Polygon POINTS="30 932 30 949 46 941 130 941 153 946 160 947 161 947 162 947 165 946 177 939 250 939 257 943 259 946 260 946 261 946 262 947 282 947 282 946 301 942 326 938 343 941 362 945 363 945 407 944 408 944 409 944 415 940 441 943 442 943 443 943 444 943 451 939 454 936 463 938 480 942 481 943 549 943 549 942 579 935 581 935 609 941 610 941 611 941 625 936 650 940 650 940 697 932 697 923 694 896 638 898 633 897 627 893 626 893 625 893 581 898 552 900 533 898 496 894 496 894 401 901 381 902 380 901 372 896 371 896 370 896 369 896 368 896 358 902 355 904 295 904 280 903 210 898 209 898 208 898 208 898 200 904 198 904 166 898 165 898 165 898 152 905 151 905 149 905 111 899 110 899 29 907 30 932"/>
                        </Shape>
                        <String CONTENT=""/>
                    </TextLine>

                    <TextLine ID="line_19" HPOS="28" VPOS="939" WIDTH="663" HEIGHT="49" BASELINE="29 977 691 968" TAGREFS="TYPE_1">
                        <Shape>
                            <Polygon POINTS="29 977 29 988 691 978 691 968 688 939 28 947 29 977"/>
                        </Shape>
                        <String CONTENT=""/>
                    </TextLine>

                    <TextLine ID="line_20" HPOS="30" VPOS="978" WIDTH="667" HEIGHT="58" BASELINE="31 1021 697 1011" TAGREFS="TYPE_1">
                        <Shape>
                            <Polygon POINTS="31 1021 31 1035 107 1030 125 1033 141 1036 141 1036 142 1036 149 1033 157 1029 190 1032 220 1034 221 1034 222 1034 223 1034 226 1031 231 1027 252 1027 291 1029 347 1033 348 1033 349 1033 359 1027 364 1026 373 1027 392 1032 392 1032 427 1027 437 1025 458 1025 460 1026 465 1030 466 1030 466 1030 467 1030 532 1026 572 1029 573 1029 574 1029 575 1029 582 1024 618 1028 619 1028 619 1028 620 1028 628 1022 681 1027 682 1027 683 1027 697 1020 697 1011 695 984 618 978 617 978 616 978 602 984 601 986 570 986 567 985 546 978 546 978 545 978 544 978 526 986 515 979 514 979 513 979 488 979 487 979 486 979 454 988 452 989 411 989 409 989 392 982 392 982 391 982 390 982 370 989 360 982 359 982 358 982 308 982 307 982 306 982 306 982 295 990 294 990 259 984 258 984 257 984 257 984 248 990 201 992 194 992 193 992 141 984 141 984 91 993 54 986 53 986 52 986 30 995 31 1021"/>
                        </Shape>
                        <String CONTENT=""/>
                    </TextLine>

                    <TextLine ID="line_21" HPOS="29" VPOS="1022" WIDTH="670" HEIGHT="53" BASELINE="30 1062 699 1054" TAGREFS="TYPE_1">
                        <Shape>
                            <Polygon POINTS="30 1062 30 1075 699 1065 699 1054 698 1029 678 1024 677 1024 676 1024 637 1027 624 1022 623 1022 622 1022 621 1022 606 1029 553 1023 552 1023 552 1023 551 1023 540 1030 420 1025 419 1025 418 1025 406 1032 362 1032 334 1026 333 1026 332 1026 318 1033 317 1033 251 1027 251 1027 250 1027 226 1033 226 1033 161 1028 160 1028 159 1028 145 1034 120 1031 119 1031 85 1035 83 1035 81 1035 45 1029 44 1029 43 1029 29 1035 30 1062"/>
                        </Shape>
                        <String CONTENT=""/>
                    </TextLine>

                    <TextLine ID="line_22" HPOS="30" VPOS="1065" WIDTH="672" HEIGHT="59" BASELINE="30 1106 702 1099" TAGREFS="TYPE_1">
                        <Shape>
                            <Polygon POINTS="30 1106 30 1116 93 1117 104 1123 105 1123 106 1123 107 1123 124 1117 136 1123 137 1123 138 1124 174 1124 174 1123 175 1123 176 1123 184 1117 222 1122 223 1122 263 1116 315 1121 316 1121 317 1121 332 1115 402 1120 403 1120 423 1116 471 1119 472 1119 472 1119 488 1112 507 1118 508 1118 509 1119 540 1119 540 1118 541 1118 562 1110 627 1110 682 1117 683 1117 684 1117 702 1108 702 1099 699 1066 641 1070 636 1067 631 1065 631 1065 630 1065 629 1065 624 1067 611 1073 558 1070 558 1070 557 1070 556 1070 551 1074 510 1070 480 1067 479 1067 478 1067 467 1070 457 1074 439 1071 425 1070 424 1070 403 1072 375 1076 351 1073 313 1070 312 1070 312 1070 311 1070 305 1075 301 1077 255 1077 248 1076 236 1072 235 1072 234 1072 211 1076 205 1077 202 1076 183 1070 182 1070 181 1070 113 1078 106 1079 103 1079 68 1072 67 1072 67 1072 66 1072 55 1080 30 1080 30 1106"/>
                        </Shape>
                        <String CONTENT=""/>
                    </TextLine>

                    <TextLine ID="line_23" HPOS="31" VPOS="1110" WIDTH="671" HEIGHT="57" BASELINE="32 1150 702 1142" TAGREFS="TYPE_1">
                        <Shape>
                            <Polygon POINTS="32 1150 32 1163 53 1167 54 1167 55 1167 55 1167 59 1163 62 1161 71 1163 78 1165 79 1165 79 1165 80 1165 87 1163 100 1159 122 1162 142 1166 143 1166 144 1166 145 1166 150 1162 156 1158 188 1158 196 1161 199 1163 200 1163 201 1163 202 1163 206 1161 214 1158 222 1161 231 1165 232 1165 233 1165 264 1161 300 1156 339 1156 346 1160 351 1163 352 1163 353 1163 354 1163 380 1160 386 1159 392 1160 417 1162 417 1162 418 1162 425 1159 435 1155 469 1159 495 1161 496 1161 496 1161 503 1158 513 1154 569 1155 572 1157 575 1160 576 1160 576 1160 577 1160 578 1160 587 1157 596 1155 605 1157 614 1160 615 1160 616 1160 630 1156 650 1152 701 1155 702 1142 700 1117 607 1117 598 1110 597 1110 596 1110 570 1110 570 1110 569 1110 538 1118 478 1118 460 1112 460 1112 459 1112 458 1112 457 1112 447 1119 426 1119 342 1113 341 1113 312 1120 297 1114 296 1114 263 1114 263 1114 262 1114 261 1114 253 1119 233 1114 233 1114 232 1114 231 1114 208 1122 175 1115 174 1115 173 1115 147 1123 111 1123 99 1116 98 1116 98 1116 97 1116 70 1124 58 1118 57 1118 56 1118 55 1118 31 1125 32 1150"/>
                        </Shape>
                        <String CONTENT=""/>
                    </TextLine>

                    <TextLine ID="line_24" HPOS="31" VPOS="1151" WIDTH="671" HEIGHT="54" BASELINE="32 1193 702 1184" TAGREFS="TYPE_1">
                        <Shape>
                            <Polygon POINTS="32 1193 32 1205 458 1205 458 1204 459 1204 477 1198 479 1196 521 1196 582 1196 582 1196 590 1202 591 1202 592 1202 593 1203 615 1203 615 1202 701 1193 702 1184 700 1160 662 1160 641 1151 640 1151 639 1151 581 1161 578 1161 552 1161 552 1161 541 1153 540 1153 539 1153 524 1153 523 1153 486 1160 427 1155 426 1155 425 1155 404 1161 383 1155 382 1155 381 1155 380 1155 366 1161 337 1155 336 1155 283 1164 273 1166 157 1166 155 1165 144 1160 143 1160 142 1160 141 1160 141 1160 134 1165 134 1165 126 1159 125 1159 124 1159 94 1159 93 1159 92 1159 92 1159 80 1166 78 1167 73 1166 58 1160 57 1160 56 1160 55 1160 31 1166 32 1193"/>
                        </Shape>
                        <String CONTENT=""/>
                    </TextLine>

                    <TextLine ID="line_25" HPOS="32" VPOS="1197" WIDTH="665" HEIGHT="56" BASELINE="33 1235 697 1228" TAGREFS="TYPE_1">
                        <Shape>
                            <Polygon POINTS="33 1235 34 1253 50 1245 134 1245 154 1251 155 1251 156 1251 157 1251 158 1251 159 1251 167 1245 203 1250 205 1250 206 1250 208 1250 260 1243 283 1249 285 1249 286 1249 287 1249 292 1249 342 1242 382 1247 392 1248 392 1248 401 1247 429 1242 483 1242 489 1246 490 1247 490 1247 491 1247 492 1247 541 1245 640 1241 645 1243 649 1245 650 1245 650 1245 651 1245 656 1243 668 1239 696 1242 697 1228 693 1197 670 1204 631 1198 622 1197 621 1197 620 1197 619 1197 618 1198 608 1204 568 1199 567 1199 566 1199 563 1199 504 1204 494 1201 487 1198 486 1198 485 1198 484 1198 478 1201 466 1206 441 1202 440 1202 439 1202 438 1202 437 1202 431 1207 293 1208 278 1205 257 1201 257 1201 256 1201 245 1206 238 1209 232 1206 223 1202 222 1202 180 1202 179 1202 152 1208 149 1208 147 1208 121 1203 120 1203 119 1203 97 1209 90 1210 81 1210 49 1204 48 1204 47 1204 32 1209 33 1235"/>
                        </Shape>
                        <String CONTENT=""/>
                    </TextLine>

                    <TextLine ID="line_26" HPOS="31" VPOS="1239" WIDTH="668" HEIGHT="67" BASELINE="32 1283 699 1273" TAGREFS="TYPE_1">
                        <Shape>
                            <Polygon POINTS="32 1283 32 1297 79 1297 79 1297 87 1303 88 1303 89 1303 149 1306 150 1306 151 1306 169 1297 186 1300 187 1300 203 1296 214 1295 240 1296 284 1300 285 1300 286 1300 287 1300 291 1296 294 1294 317 1294 320 1296 326 1301 327 1301 328 1301 329 1301 355 1296 359 1296 361 1296 378 1302 379 1302 380 1303 393 1303 393 1302 394 1302 395 1302 404 1296 405 1294 410 1296 425 1302 426 1302 427 1302 474 1301 475 1301 490 1296 497 1293 510 1295 538 1300 539 1301 576 1301 576 1300 576 1300 577 1300 585 1295 591 1291 610 1295 636 1299 637 1299 638 1299 638 1299 644 1295 653 1289 675 1289 683 1294 687 1298 688 1298 689 1298 690 1298 691 1298 699 1294 699 1273 698 1241 650 1239 650 1239 649 1239 643 1241 625 1248 590 1248 582 1242 582 1242 581 1242 580 1242 579 1242 578 1242 569 1249 546 1249 512 1243 496 1241 496 1241 495 1241 494 1241 491 1244 485 1249 453 1251 366 1251 357 1247 355 1245 355 1245 354 1245 353 1245 344 1247 330 1250 316 1247 302 1244 301 1244 300 1244 288 1247 271 1253 256 1248 245 1245 245 1245 244 1245 180 1246 179 1246 165 1250 150 1254 107 1251 65 1247 64 1247 31 1252 32 1283"/>
                        </Shape>
                        <String CONTENT=""/>
                    </TextLine>
</TextBlock>
                <TextBlock ID="block_1" HPOS="698" VPOS="928" WIDTH="133" HEIGHT="63" TAGREFS="TYPE_13">
                    <Shape>
                        <Polygon POINTS="698.9584350585938 928.2835693359375 831.2335205078125 928.2835693359375 831.2335205078125 991.6458129882812 698.9584350585938 991.6458129882812 698.9584350585938 928.2835693359375"/>
                    </Shape>
                    <TextLine ID="line_27" HPOS="699" VPOS="917" WIDTH="130" HEIGHT="55" BASELINE="701 956 829 953" TAGREFS="TYPE_1">
                        <Shape>
                            <Polygon POINTS="701 956 701 966 748 965 752 968 756 972 756 972 757 972 758 972 759 972 760 972 766 969 771 966 775 969 780 972 781 972 782 972 829 971 829 953 828 924 699 917 701 956"/>
                        </Shape>
                        <String CONTENT=""/>
                    </TextLine>

                    <TextLine ID="line_28" HPOS="700" VPOS="957" WIDTH="60" HEIGHT="56" BASELINE="701 984 760 982" TAGREFS="TYPE_1">
                        <Shape>
                            <Polygon POINTS="701 984 701 1001 759 1013 760 982 759 965 736 957 736 957 735 957 700 959 701 984"/>
                        </Shape>
                        <String CONTENT=""/>
                    </TextLine>
</TextBlock>
            </PrintSpace>
        </Page>
    </Layout>
</alto>