<?xml version="1.0" encoding="UTF-8"?>
<alto xmlns:xsi="http://www.w3.org/2001/XMLSchema-instance"
    xmlns="http://www.loc.gov/standards/alto/ns-v4#"
    xsi:schemaLocation="http://www.loc.gov/standards/alto/ns-v4# http://www.loc.gov/standards/alto/v4/alto-4-3.xsd">
    <Description>
        <MeasurementUnit>pixel</MeasurementUnit>
        <sourceImageInformation>
            <fileName>7326074.jpeg</fileName>
        </sourceImageInformation>
        <Processing ID="OCR_0">
            <processingCategory>other</processingCategory>
            <processingStepDescription>unknown</processingStepDescription>
            <processingSoftware>
                <softwareName>kraken</softwareName>
                <softwareVersion>4.3.13</softwareVersion>
            </processingSoftware>
        </Processing>
    </Description>
    <Tags>
        <OtherTag ID="TYPE_1" LABEL="DefaultLine"/>
        <OtherTag ID="TYPE_2" LABEL="NumberingZone"/>
        <OtherTag ID="TYPE_3" LABEL="MainZone-Entry-Continued"/>
        <OtherTag ID="TYPE_4" LABEL="MainZone-Form"/>
        <OtherTag ID="TYPE_5" LABEL="MainZone-Lg"/>
        <OtherTag ID="TYPE_6" LABEL="DigitizationArtefactZone"/>
        <OtherTag ID="TYPE_7" LABEL="TableZone-Head"/>
        <OtherTag ID="TYPE_8" LABEL="MainZone-Sp"/>
        <OtherTag ID="TYPE_9" LABEL="MainZone-Sp-Continued"/>
        <OtherTag ID="TYPE_10" LABEL="TableZone-Continued"/>
        <OtherTag ID="TYPE_11" LABEL="MarginTextZone-ManuscriptAddendum"/>
        <OtherTag ID="TYPE_12" LABEL="GraphicZone-FigDesc"/>
        <OtherTag ID="TYPE_13" LABEL="MarginTextZone-Notes"/>
        <OtherTag ID="TYPE_14" LABEL="StampZone"/>
        <OtherTag ID="TYPE_15" LABEL="FigureZone"/>
        <OtherTag ID="TYPE_16" LABEL="MainZone-Head"/>
        <OtherTag ID="TYPE_17" LABEL="DropCapitalZone"/>
        <OtherTag ID="TYPE_18" LABEL="MainZone-Date"/>
        <OtherTag ID="TYPE_19" LABEL="MainZone-List-Continued"/>
        <OtherTag ID="TYPE_20" LABEL="FigureZone-Head"/>
        <OtherTag ID="TYPE_21" LABEL="GraphicZone-Head"/>
        <OtherTag ID="TYPE_22" LABEL="MainZone-P"/>
        <OtherTag ID="TYPE_23" LABEL="MainZone-Signature"/>
        <OtherTag ID="TYPE_24" LABEL="TitlePageZone-Index"/>
        <OtherTag ID="TYPE_25" LABEL="MainZone-Lg-Continued"/>
        <OtherTag ID="TYPE_26" LABEL="GraphicZone"/>
        <OtherTag ID="TYPE_27" LABEL="MarginTextZone-Notes-Continued"/>
        <OtherTag ID="TYPE_28" LABEL="GraphicZone-TextualContent"/>
        <OtherTag ID="TYPE_29" LABEL="GraphicZone-Maths"/>
        <OtherTag ID="TYPE_30" LABEL="GraphicZone-Part"/>
        <OtherTag ID="TYPE_31" LABEL="MainZone-Other"/>
        <OtherTag ID="TYPE_32" LABEL="FigureZone-FigDesc"/>
        <OtherTag ID="TYPE_33" LABEL="GraphicZone-Decoration"/>
        <OtherTag ID="TYPE_34" LABEL="MainZone-List"/>
        <OtherTag ID="TYPE_35" LABEL="MainZone-Entry"/>
        <OtherTag ID="TYPE_36" LABEL="AdvertisementZone"/>
        <OtherTag ID="TYPE_37" LABEL="TitlePageZone"/>
        <OtherTag ID="TYPE_38" LABEL="StampZone-Sticker"/>
        <OtherTag ID="TYPE_39" LABEL="MainZone-P-Continued"/>
        <OtherTag ID="TYPE_40" LABEL="TableZone"/>
        <OtherTag ID="TYPE_41" LABEL="RunningTitleZone"/>
        <OtherTag ID="TYPE_42" LABEL="QuireMarksZone"/>
    </Tags>
    <Layout>
        <Page WIDTH="1000" HEIGHT="1547" PHYSICAL_IMG_NR="0" ID="page_0">
            <PrintSpace HPOS="0" VPOS="0" WIDTH="1000" HEIGHT="1547">
                <TextBlock ID="block_2" HPOS="164" VPOS="221" WIDTH="136" HEIGHT="118" TAGREFS="TYPE_13">
                    <Shape>
                        <Polygon POINTS="164.10031127929688 221.80650329589844 300.0340576171875 221.80650329589844 300.0340576171875 339.98126220703125 164.10031127929688 339.98126220703125 164.10031127929688 221.80650329589844"/>
                    </Shape>
                    <TextLine ID="line_0" HPOS="163" VPOS="202" WIDTH="142" HEIGHT="58" BASELINE="165 248 305 242" TAGREFS="TYPE_1">
                        <Shape>
                            <Polygon POINTS="258 227 256 220 214 220 196 213 184 207 183 207 171 207 170 207 169 207 168 207 168 208 163 213 165 248 165 257 203 260 204 260 205 260 223 255 225 254 226 254 238 258 239 258 239 258 240 258 241 258 241 257 242 257 245 253 246 251 268 251 271 251 289 256 290 256 291 256 305 250 305 242 301 202 283 203 282 203 282 203 281 204 258 220 257 220 258 227"/>
                        </Shape>
                        <String CONTENT=""/>
                    </TextLine>

                    <TextLine ID="line_1" HPOS="162" VPOS="248" WIDTH="120" HEIGHT="36" BASELINE="163 275 282 272" TAGREFS="TYPE_1">
                        <Shape>
                            <Polygon POINTS="163 275 163 284 282 280 282 272 279 248 269 252 251 250 241 249 240 249 239 249 239 249 239 250 237 250 232 255 220 252 218 251 217 251 216 251 162 256 163 275"/>
                        </Shape>
                        <String CONTENT=""/>
                    </TextLine>

                    <TextLine ID="line_2" HPOS="164" VPOS="276" WIDTH="131" HEIGHT="35" BASELINE="165 302 295 299" TAGREFS="TYPE_1">
                        <Shape>
                            <Polygon POINTS="165 302 165 311 295 311 295 299 294 281 276 276 276 276 275 276 239 281 224 282 164 281 165 302"/>
                        </Shape>
                        <String CONTENT=""/>
                    </TextLine>

                    <TextLine ID="line_3" HPOS="165" VPOS="303" WIDTH="117" HEIGHT="43" BASELINE="165 330 282 328" TAGREFS="TYPE_1">
                        <Shape>
                            <Polygon POINTS="165 330 165 342 236 346 237 346 238 346 241 344 250 340 282 345 282 328 281 311 247 303 246 303 213 310 208 311 205 310 193 305 192 305 191 305 165 309 165 330"/>
                        </Shape>
                        <String CONTENT=""/>
                    </TextLine>
</TextBlock>
                <TextBlock ID="block_4" HPOS="369" VPOS="138" WIDTH="489" HEIGHT="51" TAGREFS="TYPE_41">
                    <Shape>
                        <Polygon POINTS="369.23492431640625 138.72987365722656 858.20361328125 138.72987365722656 858.20361328125 189.1418914794922 369.23492431640625 189.1418914794922 369.23492431640625 138.72987365722656"/>
                    </Shape>
                    <TextLine ID="line_4" HPOS="373" VPOS="124" WIDTH="485" HEIGHT="71" BASELINE="374 183 858 169" TAGREFS="TYPE_1">
                        <Shape>
                            <Polygon POINTS="374 183 374 189 403 195 404 195 466 188 470 188 478 188 584 190 585 190 611 185 615 184 622 184 664 188 665 188 666 188 674 183 677 182 685 183 704 187 705 187 705 187 706 187 706 186 707 186 710 183 711 181 739 180 858 180 858 169 854 124 762 130 748 128 737 127 736 127 736 127 728 129 700 137 693 130 692 130 691 130 690 130 682 131 611 140 564 136 563 136 562 136 551 141 535 137 523 134 522 134 521 134 521 134 507 138 490 143 481 139 478 138 477 138 476 138 475 138 470 140 460 143 453 140 441 135 440 135 439 135 438 135 437 135 429 141 424 145 373 144 374 183"/>
                        </Shape>
                        <String CONTENT=""/>
                    </TextLine>
</TextBlock>
                <TextBlock ID="block_3" HPOS="301" VPOS="205" WIDTH="673" HEIGHT="1124" TAGREFS="TYPE_39">
                    <Shape>
                        <Polygon POINTS="301.122802734375 205.33563232421875 974.3988037109375 205.33563232421875 974.3988037109375 1329.784912109375 301.122802734375 1329.784912109375 301.122802734375 205.33563232421875"/>
                    </Shape>
                    <TextLine ID="line_5" HPOS="345" VPOS="176" WIDTH="612" HEIGHT="77" BASELINE="347 238 720 223 957 217" TAGREFS="TYPE_1">
                        <Shape>
                            <Polygon POINTS="836 215 828 187 797 187 797 187 773 191 760 186 755 183 754 183 754 183 723 188 719 188 717 188 674 185 674 185 673 185 650 192 638 195 626 193 600 189 599 189 575 189 574 189 573 189 565 195 534 190 533 190 484 201 474 202 469 201 442 194 441 194 441 194 440 194 439 194 429 201 411 196 410 196 409 196 408 196 392 206 391 206 389 206 367 201 366 201 365 201 345 207 347 238 347 246 368 253 369 253 370 253 388 252 389 252 390 252 390 251 398 244 398 244 439 250 440 250 441 250 463 242 464 242 467 242 504 245 505 245 546 239 561 244 562 244 563 244 601 237 603 237 612 237 812 237 813 237 814 237 832 230 852 235 853 235 854 235 855 235 856 235 856 234 864 227 928 232 929 232 930 232 957 223 957 217 954 176 940 176 939 176 938 176 938 176 938 177 923 186 893 183 892 183 891 183 890 183 882 188 840 187 836 215"/>
                        </Shape>
                        <String CONTENT=""/>
                    </TextLine>

                    <TextLine ID="line_6" HPOS="301" VPOS="226" WIDTH="658" HEIGHT="67" BASELINE="303 281 412 280 843 262 959 262" TAGREFS="TYPE_1">
                        <Shape>
                            <Polygon POINTS="303 281 303 293 496 290 527 286 546 283 562 284 592 287 593 287 594 287 601 282 604 281 610 282 626 285 627 285 656 281 667 279 673 280 689 283 690 283 729 277 739 276 748 276 785 280 786 280 829 274 834 273 836 273 849 277 850 277 851 277 884 272 907 275 907 275 958 268 959 262 957 232 909 226 908 226 857 236 854 236 853 236 836 229 835 229 834 229 789 238 785 238 782 238 753 235 752 235 751 235 733 240 732 240 731 240 715 233 714 233 713 233 582 243 504 241 503 241 503 241 486 249 485 250 447 250 446 250 418 244 417 244 417 244 416 244 407 252 397 252 374 253 372 253 312 248 311 248 310 248 309 248 301 253 303 281"/>
                        </Shape>
                        <String CONTENT=""/>
                    </TextLine>

                    <TextLine ID="line_7" HPOS="293" VPOS="270" WIDTH="665" HEIGHT="72" BASELINE="294 328 744 309 958 304" TAGREFS="TYPE_1">
                        <Shape>
                            <Polygon POINTS="294 328 294 336 330 342 331 342 373 334 426 338 427 338 428 338 451 330 453 330 455 330 493 336 494 336 495 336 506 331 540 333 541 333 542 333 558 327 562 325 631 324 639 324 670 329 671 329 720 322 739 319 752 321 766 322 766 322 767 322 774 320 782 317 789 319 802 324 803 324 803 324 804 324 805 324 811 318 815 317 824 318 847 322 848 322 958 313 958 304 956 277 889 270 889 270 839 276 786 275 785 275 785 275 784 275 776 280 738 277 737 277 736 277 711 286 710 286 706 286 565 283 564 283 564 283 540 292 528 287 527 287 527 287 472 295 468 295 467 295 447 287 447 287 446 287 406 289 405 289 404 289 404 290 397 297 384 298 377 299 293 301 294 328"/>
                        </Shape>
                        <String CONTENT=""/>
                    </TextLine>

                    <TextLine ID="line_8" HPOS="298" VPOS="313" WIDTH="661" HEIGHT="71" BASELINE="300 371 834 349 959 347" TAGREFS="TYPE_1">
                        <Shape>
                            <Polygon POINTS="300 371 300 379 386 384 386 384 437 373 439 373 443 373 520 375 521 375 521 375 522 375 528 371 547 377 548 377 549 377 584 376 585 376 586 376 599 367 619 374 619 374 620 374 621 374 651 365 668 372 669 372 670 372 702 371 703 371 704 371 711 365 737 370 738 370 739 370 770 362 786 366 787 366 788 366 789 366 805 359 837 365 838 365 882 358 889 364 890 364 891 364 892 364 910 362 911 362 912 362 912 361 920 354 958 352 959 347 956 317 901 318 901 318 895 313 894 313 893 313 871 313 870 313 869 313 845 319 828 315 827 315 826 315 771 322 693 320 693 320 692 320 670 327 668 328 665 327 651 323 650 323 650 323 649 323 627 329 626 329 625 329 615 325 614 325 613 325 531 332 510 334 508 333 497 329 496 329 496 329 448 336 439 336 432 336 391 332 390 332 389 332 388 332 388 333 382 338 380 339 376 338 359 335 358 335 357 335 344 339 341 341 337 340 330 336 329 336 328 336 298 341 300 371"/>
                        </Shape>
                        <String CONTENT=""/>
                    </TextLine>

                    <TextLine ID="line_9" HPOS="300" VPOS="356" WIDTH="659" HEIGHT="70" BASELINE="301 413 959 390" TAGREFS="TYPE_1">
                        <Shape>
                            <Polygon POINTS="301 413 301 422 349 426 349 426 441 418 472 421 472 421 473 421 497 415 505 414 512 415 533 419 534 419 535 419 536 419 544 414 547 411 569 411 579 412 606 416 607 416 647 410 689 414 690 414 691 414 711 408 717 405 793 403 795 404 803 408 803 408 804 408 805 408 806 408 812 403 814 403 824 403 850 405 851 405 852 405 865 402 870 401 880 401 950 404 951 404 952 404 953 404 959 399 959 390 957 359 933 356 932 356 932 356 918 360 901 364 893 360 887 358 886 358 885 358 884 358 883 358 883 359 881 360 876 366 835 366 805 363 788 361 787 361 786 361 778 364 761 369 748 365 742 363 741 363 740 363 739 363 734 366 723 371 682 372 661 367 654 366 653 366 644 368 615 374 583 372 582 372 539 377 527 372 526 372 525 372 477 377 436 375 423 374 422 374 413 375 371 383 300 379 301 413"/>
                        </Shape>
                        <String CONTENT=""/>
                    </TextLine>

                    <TextLine ID="line_10" HPOS="300" VPOS="401" WIDTH="661" HEIGHT="70" BASELINE="302 457 860 435 961 435" TAGREFS="TYPE_1">
                        <Shape>
                            <Polygon POINTS="302 457 302 465 321 471 322 471 323 471 324 471 325 471 333 465 370 470 371 470 438 468 439 468 460 460 463 459 466 460 483 466 484 466 484 466 485 466 510 458 515 458 530 458 571 459 572 459 573 459 582 456 585 455 588 456 600 460 601 460 601 460 602 460 603 460 609 455 612 453 644 453 649 454 669 459 670 459 671 459 672 459 690 452 695 451 723 452 762 452 763 452 764 452 773 450 779 448 784 449 798 454 799 454 800 454 961 443 961 435 958 401 899 408 854 405 809 403 808 403 807 403 806 403 797 408 791 412 758 413 744 410 724 406 723 406 723 406 722 406 715 411 710 415 692 415 686 413 677 409 676 409 675 409 655 414 624 409 623 409 609 410 608 410 607 410 600 417 598 419 595 417 586 411 585 411 584 411 583 411 549 416 490 415 490 415 489 415 488 415 478 422 477 424 439 425 434 424 393 418 392 418 392 418 367 426 341 422 340 422 300 430 302 457"/>
                        </Shape>
                        <String CONTENT=""/>
                    </TextLine>

                    <TextLine ID="line_11" HPOS="302" VPOS="446" WIDTH="661" HEIGHT="67" BASELINE="304 500 963 477" TAGREFS="TYPE_1">
                        <Shape>
                            <Polygon POINTS="836 475 831 457 808 458 801 454 791 449 790 449 789 449 768 450 767 450 766 450 758 456 757 457 757 456 751 453 750 453 749 453 723 458 722 458 711 452 711 452 710 452 709 452 689 459 681 462 677 459 664 453 663 453 662 453 662 453 647 461 644 463 612 463 575 462 574 462 573 462 563 464 554 466 546 465 505 458 504 458 459 469 454 470 453 469 434 461 433 461 432 461 431 461 430 461 417 470 416 470 414 470 328 464 327 464 326 464 302 474 304 500 304 513 329 513 330 513 331 513 338 507 463 507 506 507 507 507 508 507 515 505 536 500 628 501 696 501 697 501 720 496 730 495 736 495 750 498 751 498 752 498 761 495 768 492 776 494 789 496 790 496 812 492 822 490 830 491 856 495 857 495 858 495 882 489 888 488 894 489 911 491 912 491 938 487 944 491 945 491 946 491 947 491 948 491 963 485 963 477 960 448 860 446 859 446 858 446 846 452 839 456 836 475"/>
                        </Shape>
                        <String CONTENT=""/>
                    </TextLine>

                    <TextLine ID="line_12" HPOS="301" VPOS="484" WIDTH="661" HEIGHT="71" BASELINE="303 543 962 519" TAGREFS="TYPE_1">
                        <Shape>
                            <Polygon POINTS="303 543 303 555 418 547 446 550 469 552 470 552 471 552 472 552 472 551 475 549 478 545 486 548 496 551 496 551 497 551 595 548 596 548 611 543 621 538 653 538 658 541 667 545 668 545 668 545 689 541 742 543 742 543 743 543 769 536 774 534 798 533 802 534 810 538 811 538 812 538 813 538 833 533 840 531 849 532 885 538 886 538 887 538 888 538 896 531 962 527 962 519 958 484 907 493 899 487 898 487 897 487 861 487 860 487 859 487 855 489 840 495 822 490 822 490 821 490 820 490 817 490 785 498 772 493 766 490 765 490 764 490 744 491 743 491 731 495 710 501 681 497 680 497 680 497 679 497 662 502 643 499 624 495 623 495 622 495 607 501 595 505 581 505 576 501 570 497 570 497 569 497 568 497 523 499 522 499 502 506 491 508 470 507 444 505 443 505 442 505 434 508 429 510 427 509 421 507 420 507 419 507 418 507 417 507 417 507 415 509 413 512 364 512 363 512 339 506 338 506 337 506 337 506 322 513 319 515 301 515 303 543"/>
                        </Shape>
                        <String CONTENT=""/>
                    </TextLine>

                    <TextLine ID="line_13" HPOS="305" VPOS="528" WIDTH="662" HEIGHT="72" BASELINE="306 587 967 564" TAGREFS="TYPE_1">
                        <Shape>
                            <Polygon POINTS="838 537 834 532 826 532 825 532 824 532 823 532 822 534 813 540 787 536 780 535 779 535 744 536 743 536 739 538 730 543 717 539 709 537 708 537 707 537 638 538 637 538 619 544 606 547 581 545 538 542 537 542 536 542 518 548 510 550 505 549 490 544 489 544 488 544 487 544 486 544 479 550 478 551 472 550 464 548 463 548 462 548 424 552 409 555 382 555 375 555 366 548 365 548 364 548 363 548 362 548 348 555 324 552 323 552 322 552 305 557 306 587 306 595 356 600 357 600 424 598 425 598 426 598 435 592 436 591 441 591 477 594 478 594 504 589 509 588 513 589 533 594 533 594 534 594 535 594 536 594 545 587 546 587 548 587 577 593 578 593 579 593 580 593 589 587 590 586 596 586 632 590 633 590 634 590 651 584 653 584 660 589 661 589 662 589 662 590 687 590 687 589 708 588 709 588 710 588 710 587 716 582 717 581 735 581 788 583 789 583 814 579 816 579 818 579 838 584 839 584 840 584 967 574 967 564 963 528 921 529 920 529 920 529 920 530 919 530 911 538 892 538 840 533 840 532 838 537"/>
                        </Shape>
                        <String CONTENT=""/>
                    </TextLine>

                    <TextLine ID="line_14" HPOS="306" VPOS="578" WIDTH="658" HEIGHT="66" BASELINE="308 629 964 607" TAGREFS="TYPE_1">
                        <Shape>
                            <Polygon POINTS="308 629 308 638 332 644 333 644 424 635 434 634 437 634 464 639 465 639 518 634 585 635 586 635 631 628 637 627 644 627 707 631 708 631 709 631 719 626 786 629 787 629 788 629 813 621 815 621 816 621 836 627 837 627 838 627 839 627 861 620 863 619 870 625 871 625 871 625 872 625 873 625 892 618 894 618 896 618 931 623 932 623 932 623 933 623 941 617 942 617 964 617 964 607 962 582 941 578 940 578 939 578 938 578 938 579 934 583 933 583 917 583 846 582 845 582 822 586 817 587 815 587 798 580 797 580 797 580 768 587 764 588 761 587 748 582 748 582 747 582 719 589 710 591 695 590 680 588 679 588 650 591 622 593 619 592 610 587 609 587 584 587 583 587 487 591 486 591 469 596 457 600 422 600 417 598 409 593 408 593 407 593 406 593 405 593 398 598 394 601 385 599 372 595 371 595 370 595 369 595 361 599 359 600 354 599 336 596 335 596 306 600 308 629"/>
                        </Shape>
                        <String CONTENT=""/>
                    </TextLine>

                    <TextLine ID="line_15" HPOS="306" VPOS="615" WIDTH="664" HEIGHT="72" BASELINE="308 673 845 654 970 652" TAGREFS="TYPE_1">
                        <Shape>
                            <Polygon POINTS="308 673 308 682 367 681 368 681 383 687 384 687 385 687 414 682 436 686 437 686 471 679 498 684 499 684 500 684 515 676 516 676 528 683 529 683 530 684 549 684 549 683 550 683 567 675 596 681 597 681 598 681 613 676 666 677 667 677 668 677 681 671 683 670 687 671 717 677 717 677 718 677 738 669 742 667 756 668 794 671 795 671 796 671 806 666 807 666 808 666 837 672 838 672 857 672 858 672 858 672 870 664 871 663 874 664 887 669 888 669 889 669 889 669 906 663 912 661 970 661 970 652 968 617 957 615 956 615 955 615 948 617 931 625 898 621 897 621 896 621 883 627 869 620 865 618 864 618 863 618 838 619 837 619 836 619 834 621 822 629 763 631 742 624 742 624 741 624 740 624 714 633 704 625 703 624 702 624 701 624 700 624 617 627 595 629 592 629 591 629 590 629 580 637 559 635 558 635 495 641 453 633 449 633 448 633 447 633 445 634 414 642 401 636 400 636 399 636 351 646 306 638 308 673"/>
                        </Shape>
                        <String CONTENT=""/>
                    </TextLine>

                    <TextLine ID="line_16" HPOS="308" VPOS="660" WIDTH="663" HEIGHT="67" BASELINE="310 717 844 697 971 696" TAGREFS="TYPE_1">
                        <Shape>
                            <Polygon POINTS="310 717 310 726 477 727 478 727 523 718 527 718 527 718 539 724 540 724 541 724 597 722 598 722 599 722 610 715 619 719 620 719 621 719 622 719 633 715 635 715 693 719 694 719 812 708 818 708 823 708 932 710 933 710 971 702 971 696 969 666 934 660 933 660 846 671 836 672 834 671 821 667 820 667 742 667 741 667 740 667 724 673 694 669 693 669 693 669 669 678 668 678 664 678 621 672 620 672 605 672 604 672 603 672 595 680 576 673 575 673 574 673 538 681 501 677 500 677 499 677 498 677 490 684 452 685 435 678 434 678 433 678 432 678 416 686 383 684 382 684 381 684 380 684 380 684 376 689 308 690 310 717"/>
                        </Shape>
                        <String CONTENT=""/>
                    </TextLine>

                    <TextLine ID="line_17" HPOS="310" VPOS="706" WIDTH="661" HEIGHT="69" BASELINE="312 759 971 738" TAGREFS="TYPE_1">
                        <Shape>
                            <Polygon POINTS="312 759 312 775 353 775 353 774 354 774 358 772 373 766 380 771 381 773 382 773 383 773 384 773 385 773 392 771 401 769 407 770 415 772 416 772 417 772 417 772 426 770 444 764 483 767 485 767 486 767 491 767 549 760 576 764 581 764 582 764 582 764 586 763 602 758 624 761 644 764 644 764 734 762 735 762 748 756 751 755 766 755 803 757 804 757 805 757 814 753 818 752 822 753 835 758 836 758 837 758 859 758 860 758 861 758 870 751 871 749 919 748 922 749 943 755 944 755 944 755 945 755 971 746 971 738 968 711 892 712 865 706 864 706 817 712 799 709 798 709 797 709 797 709 785 715 784 716 775 716 711 711 711 711 710 711 709 711 699 718 698 720 657 720 654 720 626 714 625 714 594 721 587 722 576 721 533 717 533 717 494 724 486 725 484 724 477 719 476 719 475 719 474 719 473 719 454 725 448 727 442 725 429 721 428 721 427 721 426 721 413 726 406 728 386 727 346 723 345 723 310 728 312 759"/>
                        </Shape>
                        <String CONTENT=""/>
                    </TextLine>

                    <TextLine ID="line_18" HPOS="312" VPOS="746" WIDTH="662" HEIGHT="73" BASELINE="313 805 860 783 974 783" TAGREFS="TYPE_1">
                        <Shape>
                            <Polygon POINTS="313 805 313 819 346 813 394 816 398 816 399 816 400 816 401 816 408 810 419 814 420 814 421 814 422 814 435 810 446 813 447 814 448 814 449 814 490 813 490 813 492 812 502 807 530 810 539 811 540 811 553 809 588 803 638 805 662 806 662 806 675 803 693 800 708 802 723 804 723 804 724 804 735 801 747 797 787 798 836 800 837 800 877 798 878 798 886 794 889 792 894 794 904 797 905 797 906 797 907 797 907 797 914 793 917 790 973 789 974 783 970 746 952 754 941 749 940 749 939 749 938 749 927 753 890 750 883 749 882 749 881 749 878 750 858 759 819 759 801 753 798 752 797 752 797 752 796 752 795 752 794 753 784 761 760 756 760 756 716 764 671 758 662 758 662 758 588 760 588 760 587 760 587 761 585 762 578 769 561 770 515 764 512 764 511 764 510 764 509 764 495 771 478 766 473 764 472 764 472 764 471 764 466 766 447 775 374 776 363 771 362 771 361 771 361 771 347 777 331 772 326 770 325 770 325 770 312 772 313 805"/>
                        </Shape>
                        <String CONTENT=""/>
                    </TextLine>

                    <TextLine ID="line_19" HPOS="313" VPOS="792" WIDTH="661" HEIGHT="68" BASELINE="315 847 834 828 974 825" TAGREFS="TYPE_1">
                        <Shape>
                            <Polygon POINTS="838 799 835 795 823 801 780 796 779 796 779 796 752 804 739 800 738 800 737 800 679 804 664 801 663 801 662 801 662 801 661 801 661 801 653 808 622 808 616 804 615 804 614 804 613 804 613 804 595 809 583 803 582 803 582 803 520 812 484 807 484 807 483 807 459 814 437 809 436 809 435 809 361 816 338 812 337 812 337 812 313 819 315 847 315 860 374 854 410 857 411 857 412 857 413 857 437 851 502 854 506 854 507 854 618 849 619 849 633 844 693 847 703 847 704 847 705 847 705 847 705 846 711 842 764 844 778 844 779 844 840 842 840 842 842 841 852 837 974 837 974 825 971 797 900 792 899 792 898 792 871 800 860 794 859 794 858 794 840 794 838 799"/>
                        </Shape>
                        <String CONTENT=""/>
                    </TextLine>

                    <TextLine ID="line_20" HPOS="315" VPOS="833" WIDTH="660" HEIGHT="71" BASELINE="317 890 852 871 975 869" TAGREFS="TYPE_1">
                        <Shape>
                            <Polygon POINTS="317 890 317 904 362 904 363 904 364 904 372 898 441 900 466 900 466 900 467 900 474 898 496 892 532 895 533 895 533 895 543 891 578 893 597 895 598 895 620 892 649 887 663 890 680 892 681 892 742 891 768 885 778 883 805 883 869 884 870 884 891 880 895 879 897 879 928 884 929 884 930 884 944 877 965 880 966 880 967 880 968 880 975 876 975 869 971 833 934 842 921 837 920 837 920 837 919 837 891 845 873 839 872 839 871 839 847 840 846 840 846 840 837 847 817 840 813 839 812 839 811 839 766 840 731 842 730 842 718 845 699 851 685 847 680 846 680 846 679 846 678 846 674 848 663 854 616 855 569 853 546 852 546 852 545 852 544 852 541 854 536 857 499 857 496 856 466 850 466 850 414 858 403 854 402 854 401 854 400 854 389 859 368 854 367 854 366 854 365 854 364 854 349 864 315 865 317 890"/>
                        </Shape>
                        <String CONTENT=""/>
                    </TextLine>

                    <TextLine ID="line_21" HPOS="316" VPOS="879" WIDTH="659" HEIGHT="70" BASELINE="318 934 975 911" TAGREFS="TYPE_1">
                        <Shape>
                            <Polygon POINTS="318 934 318 949 353 945 389 947 392 947 393 947 394 947 395 947 395 947 404 939 423 939 488 942 489 942 521 938 540 941 545 942 546 942 595 941 596 941 601 940 622 931 698 930 709 935 710 935 711 935 711 935 717 935 742 929 758 933 764 935 765 935 766 935 766 935 771 933 782 928 791 932 792 933 793 933 794 933 795 933 796 933 797 932 802 928 814 931 822 933 822 933 823 933 824 933 832 930 849 923 911 923 918 927 920 929 921 929 922 929 923 929 975 924 975 911 973 883 924 879 923 879 891 886 881 888 878 886 871 881 871 881 870 881 869 881 822 882 821 882 820 882 811 887 798 883 797 883 797 883 737 892 721 894 716 892 698 886 697 886 696 886 695 886 681 893 662 889 661 889 660 889 646 896 643 898 518 901 517 901 504 894 503 894 503 894 502 894 501 894 492 902 491 903 467 903 466 903 447 895 447 895 446 895 407 903 361 901 360 901 359 901 358 901 351 906 334 899 333 899 332 899 331 899 316 907 318 934"/>
                        </Shape>
                        <String CONTENT=""/>
                    </TextLine>

                    <TextLine ID="line_22" HPOS="319" VPOS="922" WIDTH="656" HEIGHT="69" BASELINE="320 975 975 953" TAGREFS="TYPE_1">
                        <Shape>
                            <Polygon POINTS="320 975 320 991 377 985 386 990 386 990 387 990 391 990 416 984 437 987 439 987 440 987 441 987 460 980 503 984 519 985 520 985 535 983 558 978 570 981 581 984 582 984 582 984 583 984 595 980 614 974 638 978 659 981 660 981 661 981 674 977 688 971 714 971 736 973 764 978 765 978 766 978 766 978 766 977 773 972 775 969 834 967 844 968 870 972 871 972 871 972 872 972 880 967 883 965 975 962 975 953 974 929 935 922 934 922 933 922 920 929 896 923 895 923 895 923 815 932 803 926 803 926 802 926 801 926 782 935 782 935 737 936 723 929 722 929 721 929 642 935 607 932 606 932 605 932 579 941 578 942 539 943 453 945 437 938 436 938 435 938 435 938 422 942 408 939 407 939 406 939 405 939 387 948 319 950 320 975"/>
                        </Shape>
                        <String CONTENT=""/>
                    </TextLine>

                    <TextLine ID="line_23" HPOS="318" VPOS="966" WIDTH="659" HEIGHT="72" BASELINE="319 1021 825 1001 977 999" TAGREFS="TYPE_1">
                        <Shape>
                            <Polygon POINTS="319 1021 320 1038 346 1030 387 1035 388 1035 389 1035 407 1034 408 1034 409 1034 409 1033 417 1027 458 1031 459 1031 486 1026 500 1031 501 1031 502 1031 541 1029 542 1029 543 1029 553 1022 574 1028 575 1028 576 1028 576 1028 577 1028 579 1028 602 1020 629 1020 644 1026 644 1026 645 1026 646 1026 680 1024 687 1023 687 1023 700 1017 751 1021 752 1021 780 1015 803 1019 809 1020 809 1020 810 1020 811 1020 812 1019 820 1015 847 1017 855 1018 856 1018 857 1018 860 1017 880 1009 902 1009 911 1015 911 1015 912 1015 913 1015 914 1015 920 1015 948 1009 976 1012 977 999 975 967 918 966 917 966 916 966 915 966 915 966 912 969 908 972 903 969 898 966 897 966 896 966 895 966 882 970 875 972 871 970 867 968 866 968 865 968 851 971 819 978 795 972 791 972 791 972 790 972 789 972 789 973 780 979 748 980 717 975 704 973 703 973 702 973 695 976 679 983 627 978 625 978 625 978 624 978 608 985 587 982 586 982 585 982 584 982 579 986 550 981 540 979 539 979 539 979 538 979 535 981 524 989 491 990 474 984 471 982 470 982 469 982 468 982 464 984 445 991 432 984 429 984 429 984 428 984 419 985 374 994 318 989 319 1021"/>
                        </Shape>
                        <String CONTENT=""/>
                    </TextLine>

                    <TextLine ID="line_24" HPOS="319" VPOS="1009" WIDTH="656" HEIGHT="70" BASELINE="321 1063 867 1043 975 1043" TAGREFS="TYPE_1">
                        <Shape>
                            <Polygon POINTS="836 1039 831 1021 831 1021 813 1017 812 1017 811 1017 802 1021 797 1022 792 1021 770 1015 769 1015 768 1015 702 1023 668 1027 655 1024 637 1020 636 1020 635 1020 634 1020 633 1020 626 1025 620 1029 601 1026 591 1024 590 1024 589 1024 584 1026 571 1032 545 1032 538 1027 538 1027 537 1027 536 1027 535 1027 534 1027 532 1027 509 1033 492 1028 490 1027 489 1027 488 1027 487 1027 486 1027 485 1028 478 1033 472 1028 471 1027 470 1027 469 1027 468 1027 460 1029 443 1033 427 1030 414 1027 413 1027 398 1030 362 1038 344 1032 342 1031 341 1031 340 1031 319 1032 321 1063 321 1072 338 1079 339 1079 340 1079 387 1070 393 1069 471 1068 484 1074 485 1074 486 1074 487 1074 512 1068 598 1070 599 1070 600 1070 621 1063 628 1061 634 1063 650 1068 650 1068 651 1068 652 1068 672 1061 770 1056 776 1058 786 1063 787 1063 788 1063 871 1056 886 1059 887 1059 888 1059 889 1059 889 1059 895 1054 901 1051 975 1051 975 1043 974 1017 940 1009 939 1009 938 1009 926 1016 913 1009 912 1009 911 1009 851 1020 840 1021 839 1021 836 1039"/>
                        </Shape>
                        <String CONTENT=""/>
                    </TextLine>

                    <TextLine ID="line_25" HPOS="321" VPOS="1054" WIDTH="654" HEIGHT="65" BASELINE="323 1106 975 1083" TAGREFS="TYPE_1">
                        <Shape>
                            <Polygon POINTS="838 1082 833 1063 829 1064 828 1064 828 1064 803 1057 802 1057 801 1057 800 1057 779 1066 779 1066 776 1066 710 1060 709 1060 708 1060 707 1060 694 1069 694 1070 599 1072 586 1065 585 1065 584 1065 583 1065 567 1073 558 1066 557 1066 556 1066 539 1066 539 1066 505 1068 504 1068 503 1068 490 1076 489 1076 485 1076 467 1073 466 1073 426 1078 423 1078 422 1078 401 1071 400 1071 399 1071 375 1072 374 1072 374 1072 364 1080 363 1081 361 1080 334 1074 333 1074 332 1074 331 1074 321 1079 323 1106 323 1116 375 1119 376 1119 402 1114 417 1119 418 1119 419 1119 508 1116 509 1116 520 1110 522 1108 549 1108 551 1109 561 1114 562 1114 563 1114 564 1114 577 1108 579 1107 587 1107 635 1112 636 1112 674 1105 686 1103 696 1104 733 1108 734 1108 735 1108 753 1102 759 1100 769 1101 787 1104 788 1104 807 1100 817 1099 826 1100 854 1104 855 1104 856 1104 874 1098 881 1095 910 1095 914 1097 925 1101 926 1101 926 1101 975 1094 975 1083 973 1060 878 1054 877 1054 841 1061 838 1082"/>
                        </Shape>
                        <String CONTENT=""/>
                    </TextLine>

                    <TextLine ID="line_26" HPOS="322" VPOS="1094" WIDTH="657" HEIGHT="68" BASELINE="323 1149 825 1131 979 1128" TAGREFS="TYPE_1">
                        <Shape>
                            <Polygon POINTS="838 1125 834 1111 822 1104 817 1100 816 1100 815 1100 815 1100 814 1100 797 1106 787 1109 778 1107 754 1102 754 1102 753 1102 736 1110 729 1112 724 1111 707 1104 706 1104 705 1104 633 1116 613 1107 613 1107 612 1107 587 1108 586 1108 585 1108 567 1120 552 1118 551 1118 550 1118 549 1118 545 1122 536 1130 530 1130 528 1141 520 1141 511 1141 503 1141 494 1141 485 1143 477 1143 468 1143 460 1143 451 1143 442 1143 434 1143 425 1143 417 1143 408 1143 399 1143 391 1143 382 1143 374 1143 365 1143 356 1143 348 1143 339 1143 331 1143 322 1143 323 1149 323 1162 352 1157 387 1161 394 1161 395 1161 396 1161 400 1161 423 1155 453 1158 460 1159 460 1159 466 1158 481 1155 533 1155 558 1155 558 1155 559 1155 560 1155 560 1155 561 1155 567 1149 584 1153 585 1153 586 1153 598 1149 606 1153 608 1154 609 1154 610 1154 625 1152 662 1146 691 1149 705 1150 705 1150 722 1148 755 1142 979 1137 979 1128 975 1094 938 1106 915 1106 904 1099 901 1097 901 1097 900 1097 899 1097 853 1099 852 1099 852 1099 847 1102 840 1107 838 1125"/>
                        </Shape>
                        <String CONTENT=""/>
                    </TextLine>

                    <TextLine ID="line_27" HPOS="322" VPOS="1137" WIDTH="658" HEIGHT="71" BASELINE="324 1192 851 1174 980 1172" TAGREFS="TYPE_1">
                        <Shape>
                            <Polygon POINTS="324 1192 324 1208 398 1199 446 1204 447 1204 490 1204 493 1203 494 1203 514 1196 558 1200 558 1200 598 1192 688 1196 689 1196 690 1196 709 1189 718 1195 719 1195 720 1195 721 1195 730 1195 926 1181 979 1186 980 1172 976 1144 933 1145 932 1145 921 1137 920 1137 920 1137 919 1137 848 1143 823 1141 822 1141 822 1141 821 1141 811 1149 810 1150 794 1150 790 1150 745 1143 744 1143 708 1149 688 1146 687 1146 687 1146 664 1154 646 1147 645 1147 644 1147 644 1147 621 1155 619 1156 610 1156 582 1154 581 1154 580 1154 572 1157 570 1158 568 1157 549 1150 548 1150 547 1150 546 1150 530 1158 504 1160 469 1162 441 1162 441 1161 423 1155 423 1155 422 1155 421 1155 399 1163 396 1165 367 1165 364 1164 348 1157 347 1157 346 1157 345 1157 322 1165 324 1192"/>
                        </Shape>
                        <String CONTENT=""/>
                    </TextLine>

                    <TextLine ID="line_28" HPOS="322" VPOS="1181" WIDTH="659" HEIGHT="66" BASELINE="324 1235 981 1214" TAGREFS="TYPE_1">
                        <Shape>
                            <Polygon POINTS="324 1235 324 1243 400 1247 401 1247 436 1240 440 1240 442 1240 472 1244 473 1244 474 1244 487 1239 489 1238 511 1238 664 1238 665 1238 666 1238 679 1234 767 1235 768 1235 796 1229 803 1228 808 1229 831 1232 832 1232 833 1232 847 1227 852 1226 855 1227 868 1230 869 1230 870 1230 900 1225 909 1224 918 1225 953 1229 954 1229 955 1229 956 1229 956 1228 961 1223 963 1222 980 1222 981 1214 979 1186 969 1181 969 1181 968 1181 967 1181 966 1181 950 1186 906 1183 905 1183 904 1183 881 1191 879 1191 872 1191 793 1188 792 1188 791 1188 767 1194 766 1194 735 1189 734 1189 696 1197 694 1197 693 1197 645 1192 644 1192 604 1199 577 1194 576 1194 539 1202 538 1202 537 1202 521 1198 521 1198 520 1198 462 1204 460 1204 458 1204 414 1199 413 1199 412 1199 399 1205 386 1200 385 1200 384 1200 383 1200 382 1200 372 1208 322 1209 324 1235"/>
                        </Shape>
                        <String CONTENT=""/>
                    </TextLine>

                    <TextLine ID="line_29" HPOS="322" VPOS="1225" WIDTH="659" HEIGHT="70" BASELINE="324 1278 981 1257" TAGREFS="TYPE_1">
                        <Shape>
                            <Polygon POINTS="324 1278 325 1295 337 1290 345 1294 347 1295 348 1295 349 1295 422 1292 423 1292 426 1290 435 1285 464 1289 472 1290 472 1290 480 1288 509 1282 550 1285 576 1287 576 1287 577 1287 578 1287 582 1284 586 1281 665 1277 681 1279 700 1283 701 1283 702 1283 711 1278 737 1282 738 1282 739 1282 740 1282 746 1277 749 1274 778 1274 779 1275 785 1280 786 1280 787 1280 788 1280 828 1275 864 1277 865 1277 901 1270 907 1269 914 1269 943 1271 944 1271 944 1271 957 1267 958 1267 967 1272 968 1272 969 1272 969 1272 970 1272 971 1272 981 1266 981 1257 977 1225 920 1227 920 1227 919 1227 902 1235 884 1229 882 1228 881 1228 880 1228 879 1228 877 1229 868 1232 842 1230 828 1229 828 1229 827 1229 821 1231 794 1239 701 1237 700 1237 699 1237 687 1241 680 1237 676 1235 675 1235 674 1235 674 1235 673 1235 667 1237 660 1241 648 1238 638 1236 637 1236 636 1236 630 1239 616 1245 594 1241 582 1238 581 1238 545 1241 544 1241 543 1241 542 1242 534 1247 522 1243 513 1240 512 1240 511 1240 510 1240 493 1244 474 1250 322 1251 324 1278"/>
                        </Shape>
                        <String CONTENT=""/>
                    </TextLine>

                    <TextLine ID="line_30" HPOS="325" VPOS="1271" WIDTH="653" HEIGHT="74" BASELINE="326 1324 978 1302" TAGREFS="TYPE_1">
                        <Shape>
                            <Polygon POINTS="326 1324 326 1345 394 1344 395 1344 398 1343 405 1338 412 1342 413 1343 414 1343 415 1343 416 1343 439 1342 440 1342 441 1342 442 1340 453 1331 488 1331 514 1337 526 1339 527 1339 527 1339 539 1336 558 1330 567 1334 573 1338 574 1338 575 1338 591 1337 592 1337 606 1332 628 1325 687 1324 697 1328 705 1332 705 1332 706 1332 707 1332 717 1327 719 1326 722 1327 730 1332 731 1332 732 1332 733 1332 734 1332 741 1327 765 1331 766 1331 766 1331 780 1324 785 1322 794 1324 826 1329 827 1329 828 1329 845 1321 852 1318 878 1320 894 1320 895 1320 907 1318 918 1316 922 1318 938 1324 939 1324 940 1324 941 1324 942 1324 950 1316 978 1314 978 1302 975 1271 938 1271 937 1271 936 1271 933 1271 925 1277 892 1273 888 1273 887 1273 886 1273 885 1273 874 1279 800 1281 787 1277 778 1274 777 1274 776 1274 775 1274 760 1278 744 1283 702 1280 666 1278 665 1278 664 1278 657 1282 656 1283 650 1282 634 1280 633 1280 632 1280 631 1280 627 1283 623 1286 616 1284 606 1280 605 1280 604 1280 510 1284 509 1284 500 1288 491 1291 481 1289 478 1288 478 1288 477 1288 468 1289 445 1293 437 1290 426 1286 425 1286 424 1286 423 1286 407 1291 396 1296 359 1296 354 1293 349 1290 348 1290 347 1290 346 1290 325 1294 326 1324"/>
                        </Shape>
                        <String CONTENT=""/>
                    </TextLine>
</TextBlock>
                <TextBlock ID="block_5" HPOS="913" VPOS="1321" WIDTH="74" HEIGHT="47" TAGREFS="TYPE_42">
                    <Shape>
                        <Polygon POINTS="913.7789916992188 1321.341552734375 987.5501708984375 1321.341552734375 987.5501708984375 1368.232666015625 913.7789916992188 1368.232666015625 913.7789916992188 1321.341552734375"/>
                    </Shape>
                    <TextLine ID="line_31" HPOS="926" VPOS="1318" WIDTH="11" HEIGHT="54" BASELINE="926 1347 937 1347" TAGREFS="TYPE_1">
                        <Shape>
                            <Polygon POINTS="926 1347 926 1372 937 1369 937 1347 936 1318 926 1320 926 1347"/>
                        </Shape>
                        <String CONTENT=""/>
                    </TextLine>
</TextBlock>
            </PrintSpace>
        </Page>
    </Layout>
</alto>