<?xml version="1.0" encoding="UTF-8"?>
<alto xmlns:xsi="http://www.w3.org/2001/XMLSchema-instance"
    xmlns="http://www.loc.gov/standards/alto/ns-v4#"
    xsi:schemaLocation="http://www.loc.gov/standards/alto/ns-v4# http://www.loc.gov/standards/alto/v4/alto-4-3.xsd">
    <Description>
        <MeasurementUnit>pixel</MeasurementUnit>
        <sourceImageInformation>
            <fileName>7326067.jpeg</fileName>
        </sourceImageInformation>
        <Processing ID="OCR_0">
            <processingCategory>other</processingCategory>
            <processingStepDescription>unknown</processingStepDescription>
            <processingSoftware>
                <softwareName>kraken</softwareName>
                <softwareVersion>4.3.13</softwareVersion>
            </processingSoftware>
        </Processing>
    </Description>
    <Tags>
        <OtherTag ID="TYPE_1" LABEL="DefaultLine"/>
        <OtherTag ID="TYPE_2" LABEL="NumberingZone"/>
        <OtherTag ID="TYPE_3" LABEL="MainZone-Entry-Continued"/>
        <OtherTag ID="TYPE_4" LABEL="MainZone-Form"/>
        <OtherTag ID="TYPE_5" LABEL="MainZone-Lg"/>
        <OtherTag ID="TYPE_6" LABEL="DigitizationArtefactZone"/>
        <OtherTag ID="TYPE_7" LABEL="TableZone-Head"/>
        <OtherTag ID="TYPE_8" LABEL="MainZone-Sp"/>
        <OtherTag ID="TYPE_9" LABEL="MainZone-Sp-Continued"/>
        <OtherTag ID="TYPE_10" LABEL="TableZone-Continued"/>
        <OtherTag ID="TYPE_11" LABEL="MarginTextZone-ManuscriptAddendum"/>
        <OtherTag ID="TYPE_12" LABEL="GraphicZone-FigDesc"/>
        <OtherTag ID="TYPE_13" LABEL="MarginTextZone-Notes"/>
        <OtherTag ID="TYPE_14" LABEL="StampZone"/>
        <OtherTag ID="TYPE_15" LABEL="FigureZone"/>
        <OtherTag ID="TYPE_16" LABEL="MainZone-Head"/>
        <OtherTag ID="TYPE_17" LABEL="DropCapitalZone"/>
        <OtherTag ID="TYPE_18" LABEL="MainZone-Date"/>
        <OtherTag ID="TYPE_19" LABEL="MainZone-List-Continued"/>
        <OtherTag ID="TYPE_20" LABEL="FigureZone-Head"/>
        <OtherTag ID="TYPE_21" LABEL="GraphicZone-Head"/>
        <OtherTag ID="TYPE_22" LABEL="MainZone-P"/>
        <OtherTag ID="TYPE_23" LABEL="MainZone-Signature"/>
        <OtherTag ID="TYPE_24" LABEL="TitlePageZone-Index"/>
        <OtherTag ID="TYPE_25" LABEL="MainZone-Lg-Continued"/>
        <OtherTag ID="TYPE_26" LABEL="GraphicZone"/>
        <OtherTag ID="TYPE_27" LABEL="MarginTextZone-Notes-Continued"/>
        <OtherTag ID="TYPE_28" LABEL="GraphicZone-TextualContent"/>
        <OtherTag ID="TYPE_29" LABEL="GraphicZone-Maths"/>
        <OtherTag ID="TYPE_30" LABEL="GraphicZone-Part"/>
        <OtherTag ID="TYPE_31" LABEL="MainZone-Other"/>
        <OtherTag ID="TYPE_32" LABEL="FigureZone-FigDesc"/>
        <OtherTag ID="TYPE_33" LABEL="GraphicZone-Decoration"/>
        <OtherTag ID="TYPE_34" LABEL="MainZone-List"/>
        <OtherTag ID="TYPE_35" LABEL="MainZone-Entry"/>
        <OtherTag ID="TYPE_36" LABEL="AdvertisementZone"/>
        <OtherTag ID="TYPE_37" LABEL="TitlePageZone"/>
        <OtherTag ID="TYPE_38" LABEL="StampZone-Sticker"/>
        <OtherTag ID="TYPE_39" LABEL="MainZone-P-Continued"/>
        <OtherTag ID="TYPE_40" LABEL="TableZone"/>
        <OtherTag ID="TYPE_41" LABEL="RunningTitleZone"/>
        <OtherTag ID="TYPE_42" LABEL="QuireMarksZone"/>
    </Tags>
    <Layout>
        <Page WIDTH="1000" HEIGHT="1547" PHYSICAL_IMG_NR="0" ID="page_0">
            <PrintSpace HPOS="0" VPOS="0" WIDTH="1000" HEIGHT="1547">
                <TextBlock ID="block_2" HPOS="161" VPOS="102" WIDTH="383" HEIGHT="45" TAGREFS="TYPE_41">
                    <Shape>
                        <Polygon POINTS="161.97776794433594 102.69641876220703 544.8651123046875 102.69641876220703 544.8651123046875 147.0089111328125 161.97776794433594 147.0089111328125 161.97776794433594 102.69641876220703"/>
                    </Shape>
                    <TextLine ID="line_0" HPOS="154" VPOS="86" WIDTH="531" HEIGHT="64" BASELINE="155 138 685 130" TAGREFS="TYPE_1">
                        <Shape>
                            <Polygon POINTS="155 138 155 141 185 150 186 150 187 150 234 141 237 141 240 141 276 148 276 149 331 149 331 148 331 148 349 141 353 140 392 139 400 141 416 146 417 146 417 146 467 141 507 137 527 141 542 144 543 144 544 144 552 141 567 136 588 140 588 140 617 136 629 141 634 143 635 143 636 143 685 140 685 130 684 94 670 86 669 86 668 86 668 86 651 94 643 98 636 94 632 91 631 91 631 91 630 91 629 91 621 94 613 97 608 94 602 91 601 91 601 91 600 91 587 94 564 100 545 94 527 88 526 88 525 88 524 88 513 94 501 101 491 94 485 89 484 89 484 89 483 89 457 94 454 94 452 94 430 90 429 90 429 90 417 94 396 103 343 103 296 94 295 94 294 94 294 94 243 102 220 94 218 93 217 93 216 93 154 93 155 138"/>
                        </Shape>
                        <String CONTENT=""/>
                    </TextLine>
</TextBlock>
                <TextBlock ID="block_1" HPOS="25" VPOS="161" WIDTH="679" HEIGHT="1064" TAGREFS="TYPE_39">
                    <Shape>
                        <Polygon POINTS="25.058008193969727 161.94664001464844 704.7927856445312 161.94664001464844 704.7927856445312 1225.5899658203125 25.058008193969727 1225.5899658203125 25.058008193969727 161.94664001464844"/>
                    </Shape>
                    <TextLine ID="line_1" HPOS="22" VPOS="146" WIDTH="665" HEIGHT="60" BASELINE="23 193 687 180" TAGREFS="TYPE_1">
                        <Shape>
                            <Polygon POINTS="23 193 23 203 153 206 153 206 183 200 185 200 187 200 202 204 202 204 203 204 204 204 214 200 215 199 224 199 284 203 285 203 286 203 287 203 294 198 294 196 334 196 338 196 367 201 368 201 368 201 379 195 380 195 383 195 408 199 409 199 430 195 433 195 436 195 488 199 489 199 490 199 490 199 499 194 531 198 532 198 582 193 631 196 632 196 633 196 634 196 643 190 643 189 687 189 687 180 685 154 554 146 553 146 552 146 552 146 535 156 534 156 519 149 518 149 517 149 516 149 501 156 499 158 463 158 438 158 435 157 421 151 420 151 419 151 418 151 404 158 401 159 365 159 359 158 335 151 334 151 333 151 332 151 315 155 297 151 296 151 295 151 294 151 294 151 282 159 278 161 265 159 233 154 232 154 231 154 220 159 215 163 190 163 180 160 156 153 155 153 154 153 28 156 27 156 26 156 22 159 23 193"/>
                        </Shape>
                        <String CONTENT=""/>
                    </TextLine>

                    <TextLine ID="line_2" HPOS="22" VPOS="191" WIDTH="665" HEIGHT="59" BASELINE="23 237 687 223" TAGREFS="TYPE_1">
                        <Shape>
                            <Polygon POINTS="23 237 23 250 49 245 85 250 93 250 94 250 95 250 96 250 97 250 106 244 133 249 141 250 142 250 155 248 189 242 214 246 229 248 230 248 231 248 240 245 248 243 255 244 262 247 263 247 263 247 386 244 424 239 448 237 457 238 473 243 474 243 475 243 476 243 485 238 489 236 506 238 551 241 552 241 552 241 553 241 561 236 564 234 592 235 673 237 674 237 674 237 687 232 687 223 686 196 597 192 596 192 539 198 538 198 529 191 528 191 527 191 527 191 526 191 511 195 439 195 438 195 437 195 420 200 418 201 416 200 398 194 397 194 396 194 345 201 335 202 326 201 286 196 285 196 284 196 271 202 267 204 251 202 202 198 201 198 200 198 186 204 184 204 182 204 156 199 155 199 154 199 153 199 146 204 142 207 128 205 117 203 116 203 116 203 110 205 100 207 95 205 86 201 85 201 85 201 84 201 69 206 61 208 55 206 48 201 47 201 46 201 22 206 23 237"/>
                        </Shape>
                        <String CONTENT=""/>
                    </TextLine>

                    <TextLine ID="line_3" HPOS="22" VPOS="235" WIDTH="669" HEIGHT="58" BASELINE="23 281 691 268" TAGREFS="TYPE_1">
                        <Shape>
                            <Polygon POINTS="23 281 23 291 106 293 107 293 126 289 138 287 142 288 149 292 150 292 151 292 152 292 159 288 164 285 251 284 257 286 264 289 265 289 266 289 267 289 277 286 282 284 305 285 368 287 369 287 370 287 371 287 377 283 380 281 388 283 411 287 411 287 466 281 481 280 487 281 509 285 509 285 510 285 526 280 529 278 570 278 582 278 644 282 645 282 646 282 659 276 660 276 691 276 691 268 689 236 630 235 629 235 628 235 627 235 625 238 616 244 580 244 567 239 559 236 558 236 558 236 557 236 556 236 552 239 543 246 469 247 440 247 435 244 431 240 430 240 429 240 429 240 428 240 419 244 410 248 393 244 371 240 370 240 329 241 328 241 327 241 318 247 313 250 284 248 251 246 251 246 250 246 239 250 232 251 219 250 167 244 166 244 165 244 165 244 154 251 120 245 119 245 118 245 98 253 87 245 86 245 85 245 69 245 68 245 22 256 23 281"/>
                        </Shape>
                        <String CONTENT=""/>
                    </TextLine>

                    <TextLine ID="line_4" HPOS="23" VPOS="275" WIDTH="668" HEIGHT="63" BASELINE="24 324 691 311" TAGREFS="TYPE_1">
                        <Shape>
                            <Polygon POINTS="24 324 24 338 69 330 131 330 139 336 140 336 141 336 141 336 158 336 158 336 161 336 179 331 260 333 288 333 289 333 290 333 291 333 292 332 296 329 312 331 319 332 319 332 320 332 323 331 337 325 381 330 391 330 392 330 392 330 393 330 394 330 402 324 428 329 435 330 436 330 437 330 438 330 440 329 448 323 473 323 691 323 691 311 688 275 638 278 638 278 624 285 540 282 539 282 461 287 450 281 449 281 448 281 423 281 423 281 397 281 396 281 395 281 389 287 368 282 368 282 367 282 349 288 337 283 337 283 336 283 335 283 334 283 325 291 289 292 279 284 278 284 277 284 276 284 276 284 263 288 246 284 245 284 245 284 244 284 216 293 202 285 201 285 200 285 199 285 175 293 160 289 159 289 159 289 111 295 76 288 23 288 24 324"/>
                        </Shape>
                        <String CONTENT=""/>
                    </TextLine>

                    <TextLine ID="line_5" HPOS="24" VPOS="323" WIDTH="665" HEIGHT="59" BASELINE="24 366 689 355" TAGREFS="TYPE_1">
                        <Shape>
                            <Polygon POINTS="24 366 24 382 71 382 71 381 72 381 74 380 98 374 154 379 160 379 161 379 162 379 164 379 184 372 293 371 306 376 307 376 308 376 355 370 392 375 397 375 398 375 401 375 433 368 471 373 473 373 474 373 478 373 530 367 539 372 540 372 541 372 542 373 586 373 586 372 598 371 642 365 660 370 663 371 664 371 665 371 689 369 689 355 688 329 674 324 673 324 672 324 645 328 635 323 634 323 633 323 534 324 482 331 412 326 411 326 411 326 392 332 374 327 374 327 373 327 372 327 359 334 299 334 282 328 282 328 281 328 280 328 279 328 279 329 271 336 176 336 122 331 122 331 60 338 36 332 36 332 35 332 34 332 33 332 24 337 24 366"/>
                        </Shape>
                        <String CONTENT=""/>
                    </TextLine>

                    <TextLine ID="line_6" HPOS="23" VPOS="366" WIDTH="669" HEIGHT="59" BASELINE="24 411 692 397" TAGREFS="TYPE_1">
                        <Shape>
                            <Polygon POINTS="24 411 24 420 101 425 102 425 103 425 116 419 117 419 120 419 147 424 148 424 185 419 190 418 212 418 315 421 316 421 355 416 377 415 385 416 393 419 394 419 395 419 417 416 447 412 454 415 458 417 459 417 460 417 478 415 516 411 528 415 529 415 530 415 531 415 532 415 537 410 586 415 595 415 595 415 601 414 637 409 661 413 662 413 662 413 663 413 670 408 690 413 692 397 690 372 672 367 671 367 670 367 669 367 664 372 662 373 540 375 539 375 527 366 526 366 525 366 524 366 523 366 493 376 492 377 479 377 478 376 466 369 466 369 465 369 464 369 428 378 426 378 411 369 411 369 410 369 409 369 355 370 355 370 354 370 347 375 331 371 331 371 330 371 329 371 328 371 312 380 312 380 273 372 272 372 247 378 233 372 232 372 231 372 194 374 193 374 170 383 157 375 156 375 155 375 154 375 134 376 133 376 132 376 120 384 69 376 68 376 67 376 67 376 57 382 31 381 30 381 30 381 29 381 23 385 24 411"/>
                        </Shape>
                        <String CONTENT=""/>
                    </TextLine>

                    <TextLine ID="line_7" HPOS="23" VPOS="409" WIDTH="670" HEIGHT="59" BASELINE="24 455 693 442" TAGREFS="TYPE_1">
                        <Shape>
                            <Polygon POINTS="24 455 24 468 90 466 91 466 92 466 98 462 131 465 143 466 144 466 160 464 204 459 358 459 539 459 539 458 539 458 556 453 559 452 576 452 645 455 646 455 693 449 693 442 692 415 649 409 648 409 647 409 646 409 646 409 641 414 607 409 606 409 567 415 557 417 541 416 494 412 493 412 492 412 475 417 467 419 458 417 440 414 439 414 438 414 427 417 419 420 409 418 395 415 394 415 378 418 363 421 358 418 350 415 349 415 349 415 348 415 337 419 330 422 23 422 24 455"/>
                        </Shape>
                        <String CONTENT=""/>
                    </TextLine>

                    <TextLine ID="line_8" HPOS="24" VPOS="452" WIDTH="671" HEIGHT="61" BASELINE="24 497 695 485" TAGREFS="TYPE_1">
                        <Shape>
                            <Polygon POINTS="24 497 24 513 71 512 72 512 86 506 147 511 147 511 183 504 214 510 214 510 215 510 217 510 269 502 295 508 296 508 297 508 298 508 312 501 336 507 337 507 337 507 338 507 361 500 503 499 544 504 550 504 551 504 556 503 584 499 607 502 607 502 608 502 609 502 610 502 617 498 658 501 662 501 663 501 664 501 665 501 681 496 693 501 695 485 693 459 673 459 661 452 660 452 659 452 658 452 636 458 608 453 607 453 607 453 583 461 558 461 543 461 522 455 521 455 488 455 487 455 486 455 485 455 476 462 411 456 411 456 410 456 409 456 399 463 388 457 387 457 386 457 386 457 385 457 374 464 353 464 300 465 299 465 268 459 267 459 197 460 196 460 182 467 177 463 176 463 175 463 174 463 143 467 73 462 72 462 71 462 70 462 70 463 62 470 61 470 24 470 24 497"/>
                        </Shape>
                        <String CONTENT=""/>
                    </TextLine>

                    <TextLine ID="line_9" HPOS="24" VPOS="496" WIDTH="669" HEIGHT="59" BASELINE="25 543 693 529" TAGREFS="TYPE_1">
                        <Shape>
                            <Polygon POINTS="25 543 25 552 91 555 92 555 116 550 128 549 134 550 148 554 149 554 150 554 151 554 160 550 164 547 197 547 220 548 272 551 273 551 274 551 286 546 288 545 290 546 296 550 297 550 298 550 299 550 363 545 441 548 442 548 510 541 526 540 533 541 563 545 564 545 564 545 582 539 585 539 587 539 608 544 609 544 693 537 693 529 692 502 650 496 650 496 649 496 648 496 638 503 637 503 629 503 562 501 561 501 529 505 524 506 523 506 513 500 512 500 483 500 482 500 429 507 425 507 421 507 358 502 357 502 315 503 314 503 313 503 313 504 307 509 292 504 291 504 290 504 289 504 272 511 270 511 263 511 196 506 196 506 195 506 175 513 173 513 171 513 133 507 132 507 98 514 94 515 24 515 25 543"/>
                        </Shape>
                        <String CONTENT=""/>
                    </TextLine>

                    <TextLine ID="line_10" HPOS="26" VPOS="540" WIDTH="670" HEIGHT="56" BASELINE="27 585 696 573" TAGREFS="TYPE_1">
                        <Shape>
                            <Polygon POINTS="27 585 27 593 217 596 218 596 266 589 283 594 284 594 285 594 313 590 360 593 361 593 361 593 362 593 362 593 369 587 408 593 409 593 410 593 430 587 454 592 455 592 456 592 471 586 503 591 504 591 605 583 646 588 647 588 648 588 661 581 696 580 696 573 694 547 661 540 660 540 625 547 606 541 605 541 604 541 544 549 534 542 533 542 533 542 504 542 503 542 451 550 412 544 411 544 411 544 390 551 381 544 380 544 380 544 362 544 361 544 320 545 319 545 319 545 308 554 250 554 237 548 236 548 235 548 234 548 215 553 184 549 183 549 90 556 78 550 77 550 76 550 26 558 27 585"/>
                        </Shape>
                        <String CONTENT=""/>
                    </TextLine>

                    <TextLine ID="line_11" HPOS="26" VPOS="581" WIDTH="670" HEIGHT="61" BASELINE="28 629 696 616" TAGREFS="TYPE_1">
                        <Shape>
                            <Polygon POINTS="28 629 28 641 204 642 205 642 206 642 214 638 222 635 248 638 265 639 266 639 281 637 307 634 333 636 352 638 353 638 373 635 403 632 429 635 443 636 444 636 454 635 474 630 497 634 509 635 510 635 511 635 512 635 515 634 521 629 564 633 579 634 580 634 590 632 619 628 695 630 696 616 694 586 657 581 656 581 627 587 618 588 609 587 583 583 582 583 582 583 581 583 575 588 573 589 570 588 564 585 563 585 562 585 561 585 560 585 555 588 551 591 507 591 502 589 486 585 485 585 484 585 484 585 474 590 470 593 427 593 417 592 383 587 382 587 344 592 316 588 315 588 289 594 287 594 286 594 262 589 261 589 260 589 249 595 247 596 241 595 216 591 215 591 214 591 201 596 198 598 159 598 147 597 71 593 70 593 26 599 28 629"/>
                        </Shape>
                        <String CONTENT=""/>
                    </TextLine>

                    <TextLine ID="line_12" HPOS="28" VPOS="625" WIDTH="669" HEIGHT="63" BASELINE="30 673 697 659" TAGREFS="TYPE_1">
                        <Shape>
                            <Polygon POINTS="30 673 30 682 76 686 77 686 78 686 79 686 83 682 106 688 107 688 108 688 134 683 205 685 206 685 207 685 234 678 282 684 283 684 284 684 304 677 305 677 306 677 338 683 339 683 340 683 368 675 413 674 440 674 459 679 460 679 460 679 497 672 500 672 501 672 512 678 513 678 514 678 656 676 697 668 697 659 695 632 662 625 661 625 660 625 659 625 650 633 649 634 631 634 631 633 618 626 617 626 616 626 615 626 614 626 607 632 582 627 581 627 536 635 532 635 527 635 460 629 460 629 423 637 420 638 419 638 407 631 406 631 405 631 404 631 388 636 355 632 354 632 353 632 339 639 331 635 330 635 329 635 328 635 320 638 264 634 263 634 226 642 223 642 220 642 201 637 200 637 199 637 198 637 184 643 182 643 165 643 76 642 75 642 28 646 30 673"/>
                        </Shape>
                        <String CONTENT=""/>
                    </TextLine>

                    <TextLine ID="line_13" HPOS="30" VPOS="672" WIDTH="669" HEIGHT="61" BASELINE="32 716 699 703" TAGREFS="TYPE_1">
                        <Shape>
                            <Polygon POINTS="32 716 32 733 63 731 64 731 65 731 74 725 140 730 150 731 151 731 152 731 153 731 153 730 165 723 190 729 196 730 197 730 198 730 199 730 199 729 201 728 206 723 243 721 317 725 364 727 365 727 366 727 367 727 372 723 379 719 411 721 447 725 448 725 449 725 462 721 486 724 487 724 488 724 499 719 504 716 532 718 593 721 594 721 628 715 630 715 631 715 655 721 656 721 656 721 699 712 699 703 696 676 647 677 646 677 638 672 638 672 637 672 586 678 584 678 583 678 563 672 562 672 561 672 520 679 516 679 515 679 504 673 503 673 503 673 449 674 417 681 417 681 414 681 366 678 365 678 364 678 355 683 354 683 352 683 322 677 321 677 283 684 279 684 271 684 205 679 204 679 203 679 187 686 185 686 177 686 91 682 90 682 30 689 32 716"/>
                        </Shape>
                        <String CONTENT=""/>
                    </TextLine>

                    <TextLine ID="line_14" HPOS="31" VPOS="714" WIDTH="668" HEIGHT="60" BASELINE="32 759 699 746" TAGREFS="TYPE_1">
                        <Shape>
                            <Polygon POINTS="32 759 32 770 70 773 71 773 72 773 83 770 92 768 95 770 101 774 102 774 103 774 104 774 165 773 189 769 209 765 221 769 233 771 233 771 234 771 235 771 236 771 239 768 244 765 278 768 286 768 287 768 288 768 288 768 299 764 347 767 378 769 379 769 380 769 380 769 384 766 391 762 415 766 423 767 424 767 425 767 428 766 436 761 472 765 484 766 484 766 505 764 564 760 595 764 606 764 607 764 607 764 608 764 609 764 619 758 649 763 650 763 650 763 651 763 668 757 676 763 677 763 678 763 679 763 699 762 699 746 698 719 686 714 685 714 684 714 650 718 607 715 607 715 577 721 572 722 571 721 564 716 564 716 563 716 542 716 541 716 540 716 515 722 509 724 506 723 497 720 496 720 496 720 495 720 494 720 490 723 488 725 376 727 371 726 346 720 345 720 344 720 343 720 335 727 333 728 310 728 308 727 300 721 299 721 298 721 297 721 296 721 282 727 280 728 279 727 263 721 263 721 262 721 209 722 208 722 188 730 186 730 180 730 130 726 129 726 128 726 120 729 110 725 110 725 109 725 31 733 32 759"/>
                        </Shape>
                        <String CONTENT=""/>
                    </TextLine>

                    <TextLine ID="line_15" HPOS="31" VPOS="758" WIDTH="669" HEIGHT="56" BASELINE="33 803 700 789" TAGREFS="TYPE_1">
                        <Shape>
                            <Polygon POINTS="33 803 33 813 240 814 241 814 374 811 394 807 409 805 424 807 448 810 449 810 450 810 459 807 465 804 484 806 511 808 512 808 536 805 554 802 700 802 700 789 698 760 655 764 634 761 610 758 609 758 608 758 600 762 595 764 589 763 579 758 578 758 577 758 576 758 560 764 552 765 546 764 533 759 533 759 532 759 503 764 490 767 485 765 478 761 477 761 450 761 449 761 448 761 447 761 441 766 438 768 430 766 409 762 408 762 407 762 406 762 406 763 401 767 398 769 392 767 377 764 376 764 359 768 351 770 338 769 290 764 289 764 288 764 278 770 275 772 239 772 228 771 190 767 190 767 156 773 151 774 150 773 141 768 141 768 140 768 118 768 117 768 76 775 73 776 70 776 48 770 47 770 46 770 45 770 31 775 33 803"/>
                        </Shape>
                        <String CONTENT=""/>
                    </TextLine>

                    <TextLine ID="line_16" HPOS="34" VPOS="802" WIDTH="670" HEIGHT="61" BASELINE="36 847 704 831" TAGREFS="TYPE_1">
                        <Shape>
                            <Polygon POINTS="36 847 36 860 53 863 54 863 76 859 90 856 92 859 98 862 98 862 99 862 100 862 127 858 183 861 184 861 184 861 185 861 192 856 196 853 228 853 233 855 244 859 245 859 245 859 246 859 261 854 266 852 271 854 283 857 284 857 285 857 315 852 333 849 365 851 442 855 443 855 444 855 460 849 475 854 476 854 477 854 478 854 478 854 478 853 485 848 487 846 494 847 513 850 514 850 515 850 515 850 515 849 519 847 521 845 533 846 591 851 592 851 630 843 631 843 632 843 658 848 659 848 660 848 661 848 668 843 668 842 703 841 704 831 702 807 668 802 668 802 667 802 649 807 642 802 641 802 640 802 639 802 638 802 638 802 629 807 564 805 563 805 543 809 534 805 533 805 533 805 435 811 418 807 417 807 417 807 416 807 415 807 407 813 373 813 372 813 363 808 362 808 361 808 361 808 285 813 260 810 259 810 258 810 249 814 165 813 165 813 34 821 36 847"/>
                        </Shape>
                        <String CONTENT=""/>
                    </TextLine>

                    <TextLine ID="line_17" HPOS="35" VPOS="845" WIDTH="668" HEIGHT="59" BASELINE="36 891 703 878" TAGREFS="TYPE_1">
                        <Shape>
                            <Polygon POINTS="36 891 36 904 88 898 108 902 112 903 113 903 133 901 195 896 204 899 209 901 210 901 211 901 228 898 247 896 288 897 345 898 346 898 372 894 392 892 471 892 634 892 635 892 636 892 648 886 703 885 703 878 701 849 674 845 674 845 673 845 663 849 655 852 643 849 634 848 633 848 601 850 570 853 567 851 563 848 562 848 561 848 524 848 523 848 522 848 510 852 503 855 498 853 489 849 488 849 487 849 452 849 451 849 441 854 434 856 423 854 406 850 405 850 311 856 257 860 250 858 239 854 238 854 237 854 236 854 220 858 211 861 202 859 182 855 181 855 180 855 170 860 165 862 159 860 144 856 143 856 142 856 141 856 124 861 116 862 95 861 45 857 44 857 43 857 35 861 36 891"/>
                        </Shape>
                        <String CONTENT=""/>
                    </TextLine>

                    <TextLine ID="line_18" HPOS="36" VPOS="889" WIDTH="668" HEIGHT="59" BASELINE="37 935 704 921" TAGREFS="TYPE_1">
                        <Shape>
                            <Polygon POINTS="604 920 597 894 573 892 572 892 539 897 535 897 532 897 494 890 493 890 460 897 442 892 441 892 441 892 440 892 421 898 410 901 404 898 392 892 392 892 369 892 368 892 331 894 331 894 330 894 324 899 318 904 269 904 255 900 240 896 239 896 239 896 208 900 180 904 157 901 141 898 140 898 139 898 138 898 134 901 132 903 122 901 99 898 98 898 98 898 87 902 75 905 64 902 54 899 53 899 52 899 36 902 37 935 37 948 118 947 119 947 120 947 133 941 222 945 230 945 231 945 232 945 233 945 248 938 258 942 259 942 260 942 299 938 355 942 361 942 362 942 363 942 364 942 372 935 397 941 399 941 400 941 405 941 454 934 476 934 485 940 486 940 487 940 488 940 493 939 538 932 567 936 568 936 569 936 591 931 608 935 609 935 682 930 703 935 704 921 701 895 654 896 652 895 638 889 638 889 637 889 636 889 621 896 618 897 608 896 604 920"/>
                        </Shape>
                        <String CONTENT=""/>
                    </TextLine>

                    <TextLine ID="line_19" HPOS="36" VPOS="932" WIDTH="670" HEIGHT="57" BASELINE="38 978 706 964" TAGREFS="TYPE_1">
                        <Shape>
                            <Polygon POINTS="38 978 38 989 269 988 270 988 271 988 276 984 281 982 297 984 328 986 329 986 371 982 392 979 402 981 420 984 421 984 422 984 423 984 429 980 431 978 437 980 452 984 453 984 453 984 509 983 510 983 521 978 521 978 525 978 558 980 559 980 582 976 589 975 595 976 626 980 627 980 706 972 706 964 705 938 693 932 692 932 691 932 662 939 660 939 659 939 635 934 634 934 607 940 548 935 547 935 510 941 470 935 469 935 400 937 399 937 398 937 386 945 385 946 305 947 304 947 234 940 233 940 233 940 232 940 222 947 175 941 174 941 173 941 144 949 118 942 117 942 116 942 36 953 38 978"/>
                        </Shape>
                        <String CONTENT=""/>
                    </TextLine>

                    <TextLine ID="line_20" HPOS="37" VPOS="973" WIDTH="671" HEIGHT="61" BASELINE="39 1022 708 1006" TAGREFS="TYPE_1">
                        <Shape>
                            <Polygon POINTS="606 1008 600 984 600 984 554 984 552 984 539 976 539 976 538 976 537 976 536 976 503 984 497 985 490 984 445 978 444 978 443 978 430 985 429 986 428 985 416 979 415 979 414 979 328 981 327 981 326 981 319 987 314 991 263 991 254 988 244 984 243 984 242 984 241 984 226 988 211 994 163 994 153 990 144 985 143 985 142 985 112 990 80 995 72 990 67 988 66 988 65 988 37 990 39 1022 39 1034 214 1027 225 1030 233 1033 233 1033 234 1033 263 1028 286 1026 296 1027 312 1031 313 1031 339 1027 344 1026 349 1026 372 1029 373 1029 406 1024 427 1021 448 1023 496 1027 496 1027 525 1021 533 1019 539 1021 548 1023 549 1023 550 1023 569 1019 571 1019 574 1019 592 1024 593 1024 594 1024 631 1019 657 1022 658 1022 707 1015 708 1006 706 982 678 982 653 973 652 973 651 973 610 981 606 1008"/>
                        </Shape>
                        <String CONTENT=""/>
                    </TextLine>

                    <TextLine ID="line_21" HPOS="41" VPOS="1019" WIDTH="668" HEIGHT="60" BASELINE="42 1067 709 1050" TAGREFS="TYPE_1">
                        <Shape>
                            <Polygon POINTS="42 1067 42 1075 99 1079 100 1079 101 1079 113 1074 116 1073 122 1074 145 1077 146 1077 203 1072 210 1072 214 1072 236 1076 237 1076 277 1071 308 1068 318 1070 325 1073 326 1073 327 1073 353 1070 384 1066 391 1070 393 1070 394 1070 395 1070 396 1070 401 1069 411 1066 419 1069 423 1070 424 1070 425 1070 509 1069 519 1067 543 1063 567 1066 574 1067 575 1067 576 1067 578 1066 595 1061 614 1064 615 1064 646 1059 707 1063 709 1050 706 1024 650 1024 636 1019 635 1019 634 1019 633 1019 621 1025 620 1025 615 1025 583 1022 582 1022 582 1022 575 1025 571 1027 560 1026 512 1020 511 1020 510 1020 509 1020 501 1027 497 1028 483 1027 468 1025 467 1025 466 1025 461 1027 453 1029 447 1027 431 1022 430 1022 429 1022 429 1022 428 1022 420 1027 419 1027 411 1023 410 1023 409 1023 408 1023 397 1027 387 1031 378 1027 371 1026 370 1026 369 1026 368 1026 368 1026 365 1028 360 1033 339 1033 306 1033 292 1029 284 1027 283 1027 282 1027 269 1029 240 1035 221 1030 213 1027 212 1027 211 1027 196 1030 164 1037 141 1031 136 1030 135 1030 134 1030 41 1032 42 1067"/>
                        </Shape>
                        <String CONTENT=""/>
                    </TextLine>

                    <TextLine ID="line_22" HPOS="40" VPOS="1061" WIDTH="670" HEIGHT="62" BASELINE="42 1109 710 1094" TAGREFS="TYPE_1">
                        <Shape>
                            <Polygon POINTS="42 1109 42 1123 117 1116 149 1119 150 1119 151 1119 152 1119 152 1118 156 1115 189 1118 190 1118 210 1114 241 1118 255 1119 256 1119 257 1119 263 1118 276 1112 290 1117 299 1118 300 1118 300 1118 315 1116 339 1111 378 1113 409 1116 410 1116 411 1116 411 1116 417 1112 423 1109 435 1112 440 1112 441 1112 455 1112 493 1107 497 1110 502 1113 503 1113 503 1113 504 1114 522 1114 522 1113 523 1113 524 1113 530 1109 531 1108 533 1109 541 1112 542 1112 543 1112 582 1107 607 1105 623 1106 665 1110 666 1110 709 1103 710 1094 708 1062 646 1061 645 1061 644 1061 638 1063 619 1069 606 1063 602 1062 601 1062 601 1062 600 1062 596 1063 584 1070 558 1070 532 1064 522 1063 521 1063 509 1065 475 1072 437 1066 429 1065 428 1065 427 1065 426 1065 425 1066 415 1074 373 1075 312 1069 302 1068 301 1068 300 1068 300 1068 300 1069 299 1069 290 1076 266 1070 263 1069 263 1069 262 1069 257 1070 217 1079 150 1080 108 1079 101 1073 100 1073 99 1073 98 1073 40 1073 42 1109"/>
                        </Shape>
                        <String CONTENT=""/>
                    </TextLine>

                    <TextLine ID="line_23" HPOS="41" VPOS="1102" WIDTH="671" HEIGHT="64" BASELINE="42 1152 712 1137" TAGREFS="TYPE_1">
                        <Shape>
                            <Polygon POINTS="42 1152 42 1160 70 1165 71 1165 72 1165 89 1160 111 1166 112 1166 113 1166 143 1159 156 1165 157 1165 158 1165 159 1165 178 1158 214 1163 214 1163 215 1163 216 1163 223 1158 238 1163 239 1163 239 1163 265 1162 266 1162 267 1162 276 1156 288 1161 288 1161 289 1161 411 1155 433 1159 434 1159 478 1151 517 1155 518 1155 519 1155 520 1155 528 1150 548 1155 549 1155 595 1149 672 1154 673 1154 712 1145 712 1137 710 1102 668 1110 602 1106 588 1105 587 1105 586 1105 585 1105 583 1106 574 1112 496 1113 488 1109 485 1107 484 1107 484 1107 483 1107 482 1107 474 1110 460 1114 453 1111 448 1108 447 1108 423 1108 423 1108 422 1108 415 1112 405 1116 385 1112 382 1112 381 1112 373 1113 328 1118 304 1115 269 1112 268 1112 267 1112 254 1117 248 1119 242 1118 227 1112 226 1112 226 1112 152 1114 151 1114 133 1120 96 1115 95 1115 94 1115 93 1115 83 1123 41 1124 42 1152"/>
                        </Shape>
                        <String CONTENT=""/>
                    </TextLine>

                    <TextLine ID="line_24" HPOS="42" VPOS="1149" WIDTH="669" HEIGHT="67" BASELINE="44 1195 711 1181" TAGREFS="TYPE_1">
                        <Shape>
                            <Polygon POINTS="44 1195 44 1207 134 1206 136 1207 147 1215 147 1215 148 1215 149 1216 168 1216 168 1215 214 1209 221 1212 222 1212 223 1212 224 1212 248 1205 253 1204 259 1204 292 1212 293 1212 294 1212 310 1207 375 1210 376 1210 429 1202 430 1202 432 1202 459 1209 460 1209 460 1209 497 1208 498 1208 516 1201 540 1207 541 1207 542 1207 585 1206 586 1206 587 1206 597 1199 598 1198 630 1196 710 1197 711 1181 709 1149 650 1149 649 1149 648 1149 644 1150 625 1155 597 1151 584 1149 583 1149 582 1149 578 1151 567 1157 550 1152 546 1151 546 1151 545 1151 544 1151 541 1152 531 1158 515 1153 510 1151 509 1151 509 1151 474 1152 473 1152 470 1154 457 1161 417 1161 386 1155 376 1154 375 1154 364 1155 331 1162 288 1157 278 1156 277 1156 276 1156 276 1156 275 1157 268 1163 256 1158 254 1157 253 1157 252 1157 251 1157 251 1157 250 1158 240 1164 220 1159 214 1157 213 1157 212 1157 177 1160 176 1160 175 1160 165 1166 113 1163 112 1163 79 1167 42 1162 44 1195"/>
                        </Shape>
                        <String CONTENT=""/>
                    </TextLine>
</TextBlock>
                <TextBlock ID="textblock_3">
                    
                    <TextLine ID="line_25" HPOS="43" VPOS="1203" WIDTH="134" HEIGHT="49" BASELINE="45 1241 177 1238" TAGREFS="TYPE_1">
                        <Shape>
                            <Polygon POINTS="45 1241 45 1252 177 1252 177 1238 175 1210 122 1210 102 1206 88 1203 87 1203 86 1203 80 1205 70 1209 43 1204 45 1241"/>
                        </Shape>
                        <String CONTENT=""/>
                    </TextLine>

                </TextBlock>
            </PrintSpace>
        </Page>
    </Layout>
</alto>