<?xml version="1.0" encoding="UTF-8"?>
<alto xmlns:xsi="http://www.w3.org/2001/XMLSchema-instance"
    xmlns="http://www.loc.gov/standards/alto/ns-v4#"
    xsi:schemaLocation="http://www.loc.gov/standards/alto/ns-v4# http://www.loc.gov/standards/alto/v4/alto-4-3.xsd">
    <Description>
        <MeasurementUnit>pixel</MeasurementUnit>
        <sourceImageInformation>
            <fileName>7326073.jpeg</fileName>
        </sourceImageInformation>
        <Processing ID="OCR_0">
            <processingCategory>other</processingCategory>
            <processingStepDescription>unknown</processingStepDescription>
            <processingSoftware>
                <softwareName>kraken</softwareName>
                <softwareVersion>4.3.13</softwareVersion>
            </processingSoftware>
        </Processing>
    </Description>
    <Tags>
        <OtherTag ID="TYPE_1" LABEL="DefaultLine"/>
        <OtherTag ID="TYPE_2" LABEL="NumberingZone"/>
        <OtherTag ID="TYPE_3" LABEL="MainZone-Entry-Continued"/>
        <OtherTag ID="TYPE_4" LABEL="MainZone-Form"/>
        <OtherTag ID="TYPE_5" LABEL="MainZone-Lg"/>
        <OtherTag ID="TYPE_6" LABEL="DigitizationArtefactZone"/>
        <OtherTag ID="TYPE_7" LABEL="TableZone-Head"/>
        <OtherTag ID="TYPE_8" LABEL="MainZone-Sp"/>
        <OtherTag ID="TYPE_9" LABEL="MainZone-Sp-Continued"/>
        <OtherTag ID="TYPE_10" LABEL="TableZone-Continued"/>
        <OtherTag ID="TYPE_11" LABEL="MarginTextZone-ManuscriptAddendum"/>
        <OtherTag ID="TYPE_12" LABEL="GraphicZone-FigDesc"/>
        <OtherTag ID="TYPE_13" LABEL="MarginTextZone-Notes"/>
        <OtherTag ID="TYPE_14" LABEL="StampZone"/>
        <OtherTag ID="TYPE_15" LABEL="FigureZone"/>
        <OtherTag ID="TYPE_16" LABEL="MainZone-Head"/>
        <OtherTag ID="TYPE_17" LABEL="DropCapitalZone"/>
        <OtherTag ID="TYPE_18" LABEL="MainZone-Date"/>
        <OtherTag ID="TYPE_19" LABEL="MainZone-List-Continued"/>
        <OtherTag ID="TYPE_20" LABEL="FigureZone-Head"/>
        <OtherTag ID="TYPE_21" LABEL="GraphicZone-Head"/>
        <OtherTag ID="TYPE_22" LABEL="MainZone-P"/>
        <OtherTag ID="TYPE_23" LABEL="MainZone-Signature"/>
        <OtherTag ID="TYPE_24" LABEL="TitlePageZone-Index"/>
        <OtherTag ID="TYPE_25" LABEL="MainZone-Lg-Continued"/>
        <OtherTag ID="TYPE_26" LABEL="GraphicZone"/>
        <OtherTag ID="TYPE_27" LABEL="MarginTextZone-Notes-Continued"/>
        <OtherTag ID="TYPE_28" LABEL="GraphicZone-TextualContent"/>
        <OtherTag ID="TYPE_29" LABEL="GraphicZone-Maths"/>
        <OtherTag ID="TYPE_30" LABEL="GraphicZone-Part"/>
        <OtherTag ID="TYPE_31" LABEL="MainZone-Other"/>
        <OtherTag ID="TYPE_32" LABEL="FigureZone-FigDesc"/>
        <OtherTag ID="TYPE_33" LABEL="GraphicZone-Decoration"/>
        <OtherTag ID="TYPE_34" LABEL="MainZone-List"/>
        <OtherTag ID="TYPE_35" LABEL="MainZone-Entry"/>
        <OtherTag ID="TYPE_36" LABEL="AdvertisementZone"/>
        <OtherTag ID="TYPE_37" LABEL="TitlePageZone"/>
        <OtherTag ID="TYPE_38" LABEL="StampZone-Sticker"/>
        <OtherTag ID="TYPE_39" LABEL="MainZone-P-Continued"/>
        <OtherTag ID="TYPE_40" LABEL="TableZone"/>
        <OtherTag ID="TYPE_41" LABEL="RunningTitleZone"/>
        <OtherTag ID="TYPE_42" LABEL="QuireMarksZone"/>
    </Tags>
    <Layout>
        <Page WIDTH="1000" HEIGHT="1547" PHYSICAL_IMG_NR="0" ID="page_0">
            <PrintSpace HPOS="0" VPOS="0" WIDTH="1000" HEIGHT="1547">
                <TextBlock ID="block_0" HPOS="672" VPOS="125" WIDTH="67" HEIGHT="44" TAGREFS="TYPE_2">
                    <Shape>
                        <Polygon POINTS="672.5443725585938 125.02871704101562 739.8056640625 125.02871704101562 739.8056640625 169.9907989501953 672.5443725585938 169.9907989501953 672.5443725585938 125.02871704101562"/>
                    </Shape>
                    <TextLine ID="line_0" HPOS="675" VPOS="121" WIDTH="61" HEIGHT="50" BASELINE="675 157 736 157" TAGREFS="TYPE_1">
                        <Shape>
                            <Polygon POINTS="675 157 675 171 736 171 736 157 736 128 698 121 697 121 696 121 695 121 695 122 687 128 687 129 675 129 675 157"/>
                        </Shape>
                        <String CONTENT=""/>
                    </TextLine>
</TextBlock>
                <TextBlock ID="block_3" HPOS="216" VPOS="112" WIDTH="369" HEIGHT="46" TAGREFS="TYPE_41">
                    <Shape>
                        <Polygon POINTS="216.2840118408203 112.31853485107422 585.3201293945312 112.31853485107422 585.3201293945312 158.9110107421875 216.2840118408203 158.9110107421875 216.2840118408203 112.31853485107422"/>
                    </Shape>
                    <TextLine ID="line_1" HPOS="216" VPOS="139" WIDTH="369" HEIGHT="25" BASELINE="217 140 585 152" TAGREFS="TYPE_1">
                        <Shape>
                            <Polygon POINTS="552 140 544 140 535 140 527 140 518 140 509 140 501 140 492 140 484 140 475 140 466 140 458 140 449 140 441 140 432 140 423 140 415 140 406 140 398 140 389 140 380 140 372 140 363 140 355 140 346 140 337 140 329 140 320 140 312 140 303 140 294 140 286 140 277 140 269 140 260 140 251 140 243 140 234 140 225 140 217 139 217 140 216 152 243 150 264 154 265 154 266 154 267 154 268 154 268 153 274 148 300 148 326 156 329 157 330 157 331 157 339 157 380 154 393 158 394 158 395 158 396 158 397 158 398 158 415 152 458 160 460 160 460 160 461 160 462 160 469 155 475 159 476 159 477 159 478 159 527 155 583 164 585 152 584 141 556 140 552 140"/>
                        </Shape>
                        <String CONTENT=""/>
                    </TextLine>
</TextBlock>
                <TextBlock ID="block_2" HPOS="37" VPOS="163" WIDTH="686" HEIGHT="792" TAGREFS="TYPE_39">
                    <Shape>
                        <Polygon POINTS="37.24245071411133 163.1643829345703 723.3079223632812 163.1643829345703 723.3079223632812 955.1054077148438 37.24245071411133 955.1054077148438 37.24245071411133 163.1643829345703"/>
                    </Shape>
                    <TextLine ID="line_2" HPOS="55" VPOS="154" WIDTH="675" HEIGHT="67" BASELINE="55 189 730 206" TAGREFS="TYPE_1">
                        <Shape>
                            <Polygon POINTS="55 189 55 201 74 199 87 202 102 207 103 207 104 207 126 203 141 201 147 203 156 207 157 207 196 209 197 209 198 209 211 205 215 203 223 205 239 208 239 208 240 208 241 208 245 205 248 203 408 206 411 208 417 213 418 213 419 213 481 216 482 216 510 210 512 210 515 210 568 215 569 215 570 215 583 211 585 211 588 211 610 219 611 219 699 221 700 221 701 221 729 214 730 206 730 170 690 169 689 169 688 169 664 176 640 168 639 168 638 168 589 174 576 169 575 169 574 169 573 169 560 173 503 172 453 164 447 163 404 162 404 162 403 162 402 162 392 170 377 170 344 161 340 160 320 160 319 160 319 160 318 160 308 167 298 160 298 159 297 159 296 159 295 159 294 159 293 159 269 166 238 159 237 159 211 165 196 159 196 159 195 159 117 161 98 156 92 154 92 154 91 154 55 154 55 189"/>
                        </Shape>
                        <String CONTENT=""/>
                    </TextLine>

                    <TextLine ID="line_3" HPOS="55" VPOS="200" WIDTH="674" HEIGHT="64" BASELINE="55 232 729 249" TAGREFS="TYPE_1">
                        <Shape>
                            <Polygon POINTS="55 232 55 249 88 243 103 250 104 250 105 250 106 250 107 250 110 250 126 244 159 244 171 250 173 252 174 252 175 252 176 252 190 250 231 246 278 252 295 254 296 254 319 252 349 250 354 253 358 256 359 256 360 256 361 256 389 253 395 253 402 254 445 259 446 259 468 255 480 252 512 252 517 255 530 261 531 261 532 261 564 256 570 255 574 256 592 262 593 262 594 262 635 259 662 264 662 264 663 264 677 259 687 262 688 262 689 262 728 257 729 249 729 224 700 224 699 222 690 214 689 214 688 214 687 214 687 214 676 218 592 213 591 213 590 213 578 219 576 220 553 220 543 217 523 213 522 213 477 214 470 209 469 209 468 209 467 209 443 214 432 216 429 214 423 209 423 209 422 209 421 209 404 213 404 213 398 207 397 207 396 207 373 207 372 207 371 207 356 211 345 214 340 211 338 209 337 209 337 209 336 209 335 209 334 209 333 210 328 214 291 209 284 208 283 208 275 208 235 210 230 207 226 203 225 203 224 203 223 203 200 206 165 210 141 210 133 204 128 201 128 201 127 201 126 201 113 203 99 206 88 202 80 200 79 200 79 200 55 201 55 232"/>
                        </Shape>
                        <String CONTENT=""/>
                    </TextLine>

                    <TextLine ID="line_4" HPOS="52" VPOS="244" WIDTH="671" HEIGHT="63" BASELINE="53 277 723 294" TAGREFS="TYPE_1">
                        <Shape>
                            <Polygon POINTS="620 273 618 264 540 263 538 262 523 254 522 254 452 252 451 252 423 258 404 251 404 251 403 251 402 251 379 257 378 257 376 257 355 250 354 250 353 250 307 255 295 256 293 255 285 248 284 248 283 248 282 248 238 253 220 255 197 255 193 252 187 247 186 247 185 247 163 247 162 247 161 247 160 247 156 250 153 252 143 250 120 246 119 246 118 246 111 250 107 251 83 251 78 249 68 244 67 244 67 244 66 244 53 247 53 277 52 287 97 292 98 292 98 292 110 288 118 287 124 289 137 294 138 294 139 294 163 290 173 288 186 291 220 297 221 297 263 293 285 291 308 292 312 294 319 299 320 299 321 299 322 299 364 295 386 293 398 296 420 302 421 302 527 305 528 305 529 305 546 300 556 298 637 299 644 303 656 307 656 307 657 307 723 305 723 294 723 268 680 258 679 258 630 264 623 264 620 273"/>
                        </Shape>
                        <String CONTENT=""/>
                    </TextLine>

                    <TextLine ID="line_5" HPOS="52" VPOS="290" WIDTH="673" HEIGHT="61" BASELINE="53 322 725 336" TAGREFS="TYPE_1">
                        <Shape>
                            <Polygon POINTS="620 312 616 303 577 306 574 306 570 306 516 299 515 299 484 305 483 305 482 305 466 298 466 298 465 298 435 304 432 304 403 304 402 303 386 296 385 296 384 296 357 302 355 302 355 302 337 295 337 295 336 295 275 300 269 300 269 300 259 295 258 295 257 295 257 295 242 299 241 299 226 294 225 294 224 294 158 298 154 298 141 292 141 292 95 290 94 290 93 290 92 290 86 295 73 290 73 290 72 290 71 290 53 295 53 322 52 331 64 337 65 337 66 337 67 337 84 332 91 330 100 332 137 341 138 341 139 341 153 333 156 332 261 333 268 336 278 339 279 339 280 339 281 339 290 336 295 335 300 336 311 340 312 340 312 340 345 340 351 345 352 345 353 345 354 345 380 339 397 343 398 343 398 343 399 343 414 338 416 338 506 339 511 341 558 349 642 351 643 351 644 351 658 345 724 345 725 336 725 310 692 304 691 304 669 308 668 308 644 301 643 301 642 301 624 302 620 312"/>
                        </Shape>
                        <String CONTENT=""/>
                    </TextLine>

                    <TextLine ID="line_6" HPOS="49" VPOS="331" WIDTH="674" HEIGHT="65" BASELINE="49 368 229 368 723 380" TAGREFS="TYPE_1">
                        <Shape>
                            <Polygon POINTS="49 368 49 383 145 385 146 385 150 384 184 378 239 378 247 385 248 385 249 385 250 385 251 385 251 385 261 379 353 380 363 385 371 390 372 390 373 391 391 391 391 390 392 390 392 390 398 386 403 382 415 386 428 391 429 391 429 391 459 387 488 392 489 392 490 392 511 387 514 386 515 387 523 393 524 393 525 393 526 393 527 393 548 387 549 387 550 387 576 392 576 392 611 387 615 387 616 388 625 395 626 395 627 395 643 396 644 396 723 388 723 380 723 353 712 345 711 345 711 345 710 345 709 345 682 353 648 345 647 345 646 345 632 351 531 345 530 345 529 345 528 345 521 349 482 340 481 340 427 347 404 338 403 338 402 338 401 338 383 345 366 338 365 338 336 337 335 337 305 344 277 336 276 336 233 335 232 335 231 335 203 342 189 338 188 338 187 338 131 341 116 332 116 332 115 332 114 332 86 336 61 331 61 331 60 331 59 331 49 337 49 368"/>
                        </Shape>
                        <String CONTENT=""/>
                    </TextLine>

                    <TextLine ID="line_7" HPOS="49" VPOS="377" WIDTH="671" HEIGHT="62" BASELINE="49 409 720 424" TAGREFS="TYPE_1">
                        <Shape>
                            <Polygon POINTS="49 409 49 424 70 419 79 425 79 425 80 425 116 426 116 426 119 426 150 420 168 427 169 427 170 427 171 427 175 427 234 421 286 428 298 430 299 430 306 429 334 424 345 430 346 430 347 430 348 430 349 430 349 430 355 427 372 430 384 433 385 433 408 431 459 427 489 428 495 433 498 435 499 435 500 435 501 435 527 433 570 429 582 434 588 437 589 437 655 439 656 439 656 439 662 435 668 433 718 436 720 424 720 398 554 395 553 394 530 387 529 387 528 387 468 392 462 392 458 391 420 385 399 385 398 385 398 385 397 385 388 391 387 391 383 390 336 383 335 383 280 388 274 388 271 387 249 381 248 381 247 381 202 384 161 379 160 379 159 379 140 385 138 385 135 385 85 377 85 377 84 377 70 383 69 383 49 383 49 409"/>
                        </Shape>
                        <String CONTENT=""/>
                    </TextLine>

                    <TextLine ID="line_8" HPOS="47" VPOS="420" WIDTH="671" HEIGHT="63" BASELINE="48 453 718 468" TAGREFS="TYPE_1">
                        <Shape>
                            <Polygon POINTS="48 453 47 470 214 475 214 475 226 472 250 468 271 473 288 476 288 476 289 476 298 473 309 469 361 469 369 474 372 475 373 475 374 475 380 474 402 470 418 474 442 480 443 480 467 475 478 472 484 475 495 481 496 481 496 481 524 475 527 475 528 476 538 482 539 482 539 482 561 483 562 483 588 483 588 483 589 483 604 476 605 476 717 476 718 468 718 441 662 434 662 434 661 434 648 439 645 440 644 439 638 433 637 433 636 433 635 433 609 438 601 439 595 437 577 431 576 431 576 431 575 431 561 436 558 437 471 436 466 433 457 428 456 428 455 428 454 428 443 433 439 434 415 432 388 429 387 429 386 429 384 431 379 434 373 430 364 426 363 426 340 426 339 426 338 426 337 426 333 429 328 433 324 428 320 426 319 426 319 426 318 426 306 428 288 432 280 428 274 424 273 424 272 424 271 424 263 427 249 431 208 431 196 425 191 422 190 422 166 421 165 421 145 423 98 428 87 421 84 420 83 420 82 420 48 420 48 453"/>
                        </Shape>
                        <String CONTENT=""/>
                    </TextLine>

                    <TextLine ID="line_9" HPOS="46" VPOS="465" WIDTH="674" HEIGHT="60" BASELINE="47 497 720 510" TAGREFS="TYPE_1">
                        <Shape>
                            <Polygon POINTS="47 497 46 507 92 515 93 515 132 509 135 509 138 509 150 513 151 513 152 513 202 512 218 511 220 512 228 518 229 518 230 518 231 518 232 518 243 513 245 512 269 512 282 513 316 519 317 519 364 516 387 514 394 517 405 521 406 521 477 522 478 522 478 522 485 519 495 516 553 517 559 521 562 524 563 524 564 524 718 525 720 510 718 476 676 483 646 479 645 479 644 479 631 483 622 476 621 476 620 476 619 476 619 476 596 482 570 476 569 476 547 481 505 474 492 472 491 472 476 474 434 478 426 473 424 471 423 471 423 471 422 471 413 473 392 477 370 472 356 470 355 470 321 472 273 476 261 471 251 468 251 468 250 468 211 470 192 472 184 470 167 466 166 466 165 466 165 466 164 466 157 470 153 473 140 470 118 465 98 465 98 465 97 465 96 465 90 470 86 471 47 470 47 497"/>
                        </Shape>
                        <String CONTENT=""/>
                    </TextLine>

                    <TextLine ID="line_10" HPOS="43" VPOS="508" WIDTH="676" HEIGHT="61" BASELINE="44 541 719 555" TAGREFS="TYPE_1">
                        <Shape>
                            <Polygon POINTS="620 531 616 521 613 521 612 521 592 525 586 520 584 519 584 519 583 519 582 519 582 519 568 520 542 524 533 519 529 518 528 518 527 518 505 519 477 522 471 519 464 516 463 516 462 516 448 519 438 521 430 519 420 515 419 515 418 515 399 519 384 521 372 519 357 514 356 514 355 514 355 514 344 518 337 520 305 520 300 518 293 513 292 513 291 513 290 513 263 517 252 519 233 517 168 510 167 510 130 516 126 516 124 516 112 511 111 511 110 511 87 515 79 509 79 508 79 508 78 508 77 508 44 514 44 541 43 556 85 557 85 557 86 557 87 557 94 553 104 557 104 557 105 557 106 557 128 552 197 558 198 558 254 555 263 560 267 562 268 562 269 562 269 562 275 560 288 556 309 560 321 562 322 562 339 561 368 557 375 561 381 564 382 564 383 564 402 562 423 558 444 562 466 566 466 566 503 562 527 561 554 563 581 566 582 566 594 564 602 562 611 564 635 569 636 569 718 565 719 555 717 522 699 527 678 521 674 520 673 520 672 520 671 520 668 521 658 526 623 522 620 531"/>
                        </Shape>
                        <String CONTENT=""/>
                    </TextLine>

                    <TextLine ID="line_11" HPOS="43" VPOS="556" WIDTH="674" HEIGHT="58" BASELINE="44 585 717 598" TAGREFS="TYPE_1">
                        <Shape>
                            <Polygon POINTS="620 576 617 568 610 571 584 571 576 565 575 565 574 565 573 565 493 568 479 562 478 562 478 562 477 562 460 568 436 568 424 561 423 561 423 561 390 566 357 559 356 559 228 562 178 556 177 556 142 562 117 556 116 556 116 556 115 556 95 561 44 561 44 585 43 594 125 601 126 601 127 601 141 597 143 597 144 597 152 603 153 603 153 603 154 603 155 603 170 598 172 597 174 598 185 605 186 605 187 605 233 605 233 605 234 605 249 599 251 599 254 599 267 606 268 606 269 606 292 601 298 599 301 601 313 607 314 607 315 607 349 602 357 601 366 603 394 608 395 608 429 604 441 603 443 605 447 607 447 607 448 607 449 607 492 605 521 605 526 606 537 611 538 611 539 612 568 612 568 611 569 611 570 611 575 607 580 605 588 608 598 612 599 612 600 612 628 609 650 606 659 610 671 614 672 614 673 614 717 611 717 598 717 573 699 568 699 568 698 568 656 571 628 564 627 564 626 564 625 564 625 564 620 576"/>
                        </Shape>
                        <String CONTENT=""/>
                    </TextLine>

                    <TextLine ID="line_12" HPOS="44" VPOS="598" WIDTH="672" HEIGHT="59" BASELINE="44 629 716 643" TAGREFS="TYPE_1">
                        <Shape>
                            <Polygon POINTS="620 622 618 615 609 615 594 608 591 607 590 607 589 607 576 608 522 612 515 607 515 607 514 607 513 607 508 607 470 611 460 607 454 605 453 605 453 605 452 605 447 606 438 611 413 606 398 604 397 604 396 604 391 606 381 610 350 605 340 605 339 605 331 605 314 608 307 605 298 601 297 601 296 601 295 601 282 605 272 607 261 605 242 600 241 600 223 605 213 606 188 604 128 598 128 598 44 602 44 629 44 644 69 640 84 645 86 646 87 646 129 647 130 647 131 647 136 646 154 641 205 646 206 646 207 646 208 646 239 642 254 647 263 649 264 649 265 649 278 647 292 644 385 648 441 650 441 650 449 648 459 647 466 648 478 654 479 654 480 654 503 649 505 649 511 649 632 657 633 657 634 657 656 652 683 656 684 656 715 651 716 643 715 610 675 616 622 615 620 622"/>
                        </Shape>
                        <String CONTENT=""/>
                    </TextLine>

                    <TextLine ID="line_13" HPOS="42" VPOS="642" WIDTH="670" HEIGHT="59" BASELINE="42 672 712 687" TAGREFS="TYPE_1">
                        <Shape>
                            <Polygon POINTS="42 672 42 684 141 683 157 687 166 690 167 690 168 690 169 690 170 690 173 688 179 684 199 684 276 684 285 690 288 693 289 693 290 693 291 693 324 691 337 690 345 691 364 695 365 695 366 695 367 695 370 692 374 689 386 692 396 696 397 696 398 696 430 693 471 690 484 695 485 695 486 695 487 695 488 695 489 695 499 691 507 695 514 698 515 698 515 699 533 699 533 698 534 698 535 698 538 696 543 692 587 692 610 697 615 698 616 698 617 698 620 697 631 695 638 698 644 701 645 701 646 701 711 699 712 687 712 661 674 653 673 653 637 660 633 660 625 659 555 651 554 651 553 651 552 651 544 657 543 658 519 658 517 657 507 649 506 649 505 649 504 649 503 649 490 653 476 648 475 648 474 648 446 655 444 655 433 648 432 648 431 648 430 648 400 654 397 654 392 654 347 647 346 647 304 652 303 652 301 652 270 646 269 646 269 646 257 651 256 651 240 643 239 643 239 643 238 643 220 648 195 642 194 642 193 642 192 642 182 649 181 650 161 650 160 649 152 642 151 642 150 642 149 642 110 642 110 642 109 642 103 648 102 648 42 647 42 672"/>
                        </Shape>
                        <String CONTENT=""/>
                    </TextLine>

                    <TextLine ID="line_14" HPOS="40" VPOS="684" WIDTH="668" HEIGHT="61" BASELINE="41 717 708 729" TAGREFS="TYPE_1">
                        <Shape>
                            <Polygon POINTS="41 717 40 725 49 731 50 731 51 731 52 731 79 726 89 726 153 727 154 727 165 735 165 735 166 735 184 736 184 736 220 730 225 729 226 730 235 737 236 737 237 737 238 738 269 738 269 737 269 737 270 737 277 732 279 730 282 732 290 735 291 735 292 735 293 735 300 733 306 730 333 733 351 735 352 735 353 735 354 735 355 734 361 731 419 731 436 737 447 739 448 739 449 739 460 737 479 733 507 739 526 742 579 743 580 743 588 741 604 738 615 742 619 744 620 744 621 744 637 743 668 740 706 745 708 729 708 703 702 697 702 697 701 697 700 697 699 697 662 702 601 693 601 693 600 693 599 693 588 701 567 701 558 694 557 694 556 694 555 694 484 698 471 690 470 690 469 690 468 690 423 697 422 697 392 697 392 697 374 689 373 689 372 689 371 689 370 689 361 696 337 690 337 690 336 690 293 695 291 695 290 695 281 687 280 687 279 687 278 687 230 693 229 693 184 685 158 685 157 685 156 685 155 685 147 691 146 692 141 691 120 687 119 687 95 690 89 684 89 684 88 684 87 684 86 684 41 689 41 717"/>
                        </Shape>
                        <String CONTENT=""/>
                    </TextLine>

                    <TextLine ID="line_15" HPOS="39" VPOS="727" WIDTH="672" HEIGHT="61" BASELINE="40 760 711 772" TAGREFS="TYPE_1">
                        <Shape>
                            <Polygon POINTS="40 760 39 776 52 777 53 777 54 777 55 777 66 770 84 777 87 778 88 778 89 778 90 778 94 777 117 770 140 776 141 776 141 776 142 776 143 776 152 771 177 771 197 777 200 778 201 778 202 778 202 778 203 777 214 772 276 772 284 778 286 780 287 780 288 780 288 780 297 778 306 776 312 778 327 782 328 782 329 782 359 778 375 776 380 778 387 782 388 782 437 784 438 784 439 784 450 779 453 778 460 779 488 782 489 782 490 782 498 779 502 778 504 779 523 786 524 786 525 786 588 780 597 779 599 780 615 788 616 788 617 788 641 788 641 788 642 788 658 781 673 788 674 788 674 788 711 780 711 772 711 746 668 746 666 745 650 737 650 737 649 737 648 737 622 745 620 745 619 745 607 738 606 738 605 738 570 741 552 735 551 735 550 735 549 735 532 743 519 743 509 743 509 742 492 734 491 734 490 734 448 741 447 741 446 741 423 733 422 733 421 733 356 739 354 739 353 739 337 732 336 732 272 730 271 730 245 736 234 729 233 729 233 729 232 729 190 737 188 737 186 737 163 728 162 728 161 728 160 728 139 736 137 736 120 736 119 735 110 727 109 727 108 727 107 727 106 727 84 734 40 734 40 760"/>
                        </Shape>
                        <String CONTENT=""/>
                    </TextLine>

                    <TextLine ID="line_16" HPOS="39" VPOS="771" WIDTH="674" HEIGHT="60" BASELINE="40 804 713 817" TAGREFS="TYPE_1">
                        <Shape>
                            <Polygon POINTS="40 804 39 814 49 819 50 819 51 819 76 815 84 814 90 815 114 821 115 821 116 821 134 816 134 816 142 822 143 822 144 822 175 823 176 823 237 818 242 818 244 818 260 824 261 824 262 824 290 819 293 819 294 819 308 825 309 825 355 826 355 826 356 826 369 821 380 826 380 826 381 826 382 826 401 821 420 821 477 821 478 822 487 829 488 829 489 829 490 829 530 823 532 823 533 823 549 830 550 830 579 831 580 831 712 825 713 817 711 785 693 790 625 790 582 782 570 781 570 781 569 781 564 782 548 787 531 782 530 782 529 782 527 782 483 786 472 781 469 779 468 779 445 778 444 778 425 780 374 784 361 778 356 776 355 776 355 776 354 776 347 778 326 783 312 777 308 776 307 776 306 776 306 776 299 777 288 780 275 776 264 775 263 775 263 775 259 776 250 782 229 776 228 776 227 776 181 781 163 775 159 774 159 774 158 774 153 775 130 780 88 780 77 773 74 771 73 771 73 771 72 771 40 772 40 804"/>
                        </Shape>
                        <String CONTENT=""/>
                    </TextLine>

                    <TextLine ID="line_17" HPOS="39" VPOS="831" WIDTH="673" HEIGHT="44" BASELINE="39 848 712 860" TAGREFS="TYPE_1">
                        <Shape>
                            <Polygon POINTS="607 833 603 833 587 837 580 833 572 833 564 833 555 833 546 833 539 833 522 835 515 833 512 833 503 833 495 833 486 833 478 833 472 833 469 833 460 833 452 833 443 833 435 833 426 833 417 833 409 833 400 833 392 833 383 833 374 833 366 833 357 833 349 833 340 833 331 833 323 833 314 833 306 833 297 833 288 833 280 833 271 833 263 833 254 833 245 833 237 833 228 833 220 833 211 833 202 833 194 833 185 833 177 833 168 833 159 833 151 833 142 833 134 833 125 833 116 833 108 833 99 833 91 833 82 833 73 833 65 833 56 833 48 833 39 833 39 848 39 861 168 859 184 864 192 867 193 867 194 867 235 865 318 862 326 867 328 868 329 868 330 868 331 868 339 868 364 863 371 868 371 868 372 868 373 868 374 868 378 868 396 865 418 869 432 871 433 871 448 869 487 865 525 871 532 872 533 872 542 871 599 867 612 873 615 874 616 874 617 875 711 875 712 860 711 831 615 831 607 833"/>
                        </Shape>
                        <String CONTENT=""/>
                    </TextLine>

                    <TextLine ID="line_18" HPOS="38" VPOS="860" WIDTH="671" HEIGHT="63" BASELINE="39 892 709 903" TAGREFS="TYPE_1">
                        <Shape>
                            <Polygon POINTS="39 892 38 911 89 907 116 912 122 913 122 913 167 913 174 912 175 912 190 906 208 913 213 915 214 915 214 915 215 915 221 913 245 907 291 907 302 914 306 917 307 917 308 917 390 917 391 917 392 917 392 917 396 915 403 911 444 911 451 915 454 917 455 917 456 917 457 917 474 915 502 911 510 916 520 920 521 920 521 920 522 920 539 916 549 913 552 916 553 917 554 917 555 917 556 917 570 916 587 914 593 916 601 919 601 919 602 919 603 919 613 917 618 915 621 917 631 922 632 922 657 923 658 923 708 917 709 903 709 879 612 877 602 868 601 868 601 868 573 868 572 868 571 868 558 875 533 875 525 868 524 868 523 868 522 868 440 872 398 865 398 865 397 865 369 872 297 872 262 864 261 864 159 865 143 861 142 861 141 861 102 866 79 860 78 860 77 860 39 867 39 892"/>
                        </Shape>
                        <String CONTENT=""/>
                    </TextLine>

                    <TextLine ID="line_19" HPOS="38" VPOS="907" WIDTH="301" HEIGHT="53" BASELINE="39 937 339 940" TAGREFS="TYPE_1">
                        <Shape>
                            <Polygon POINTS="39 937 38 954 52 959 53 959 54 959 83 954 101 952 116 954 144 959 145 959 146 959 147 959 154 954 156 953 159 954 172 959 173 959 174 959 202 953 208 953 208 953 214 959 215 959 216 959 269 960 269 960 338 953 339 940 338 915 239 907 238 907 237 907 220 913 196 907 196 907 195 907 194 907 176 913 175 913 119 913 119 912 106 907 105 907 104 907 104 907 92 912 91 912 90 912 60 907 59 907 39 911 39 937"/>
                        </Shape>
                        <String CONTENT=""/>
                    </TextLine>
</TextBlock>
                <TextBlock ID="block_1" HPOS="33" VPOS="969" WIDTH="682" HEIGHT="382" TAGREFS="TYPE_22">
                    <Shape>
                        <Polygon POINTS="33.02958297729492 969.3549194335938 715.9990234375 969.3549194335938 715.9990234375 1351.2740478515625 33.02958297729492 1351.2740478515625 33.02958297729492 969.3549194335938"/>
                    </Shape>
                    <TextLine ID="line_20" HPOS="108" VPOS="966" WIDTH="598" HEIGHT="66" BASELINE="109 1011 358 1011 706 1020" TAGREFS="TYPE_1">
                        <Shape>
                            <Polygon POINTS="615 1012 613 983 610 984 602 984 552 984 546 982 536 976 535 976 534 976 510 980 498 983 495 980 486 973 485 973 484 973 484 973 483 973 472 979 466 982 421 982 413 978 392 969 392 969 391 969 390 969 368 976 357 969 356 969 355 969 355 969 354 969 353 969 346 973 299 968 298 968 273 974 264 976 257 973 243 969 242 969 241 969 240 969 233 972 231 973 226 972 208 969 207 969 206 969 200 972 190 978 159 975 153 971 145 966 144 966 143 966 142 966 109 969 109 1011 108 1015 127 1024 128 1024 128 1025 177 1025 177 1024 178 1024 202 1018 263 1024 263 1024 288 1020 389 1020 510 1030 511 1030 569 1026 601 1032 601 1032 627 1026 652 1032 653 1032 654 1032 705 1025 706 1020 706 986 655 973 654 973 618 981 615 1012"/>
                        </Shape>
                        <String CONTENT=""/>
                    </TextLine>

                    <TextLine ID="line_21" HPOS="36" VPOS="1023" WIDTH="672" HEIGHT="62" BASELINE="37 1062 708 1071" TAGREFS="TYPE_1">
                        <Shape>
                            <Polygon POINTS="37 1062 36 1070 104 1078 105 1078 155 1072 159 1072 159 1072 173 1078 174 1078 175 1078 214 1073 219 1073 221 1074 242 1080 243 1080 244 1080 290 1075 294 1075 295 1075 307 1080 308 1080 309 1080 337 1076 343 1082 344 1082 345 1082 346 1082 389 1076 401 1076 407 1077 425 1082 426 1082 427 1082 428 1082 429 1082 436 1077 439 1076 472 1076 474 1078 480 1083 481 1083 482 1083 546 1084 546 1084 547 1084 558 1080 564 1078 574 1081 594 1085 595 1085 707 1082 708 1071 708 1043 656 1043 655 1042 638 1028 637 1028 636 1028 635 1028 634 1028 607 1041 607 1041 475 1040 472 1039 404 1025 277 1023 276 1023 251 1028 245 1023 245 1023 244 1023 243 1023 174 1035 173 1035 171 1035 132 1027 131 1027 77 1033 58 1023 57 1023 56 1023 55 1023 37 1032 37 1062"/>
                        </Shape>
                        <String CONTENT=""/>
                    </TextLine>

                    <TextLine ID="line_22" HPOS="36" VPOS="1075" WIDTH="672" HEIGHT="65" BASELINE="36 1114 708 1125" TAGREFS="TYPE_1">
                        <Shape>
                            <Polygon POINTS="36 1114 36 1123 86 1129 87 1129 131 1125 139 1131 140 1131 141 1131 197 1133 198 1133 226 1128 232 1133 233 1133 233 1133 294 1135 386 1136 387 1136 422 1131 424 1131 427 1131 459 1137 460 1137 495 1132 496 1132 515 1137 516 1137 517 1137 546 1133 551 1132 552 1133 558 1138 559 1138 560 1138 605 1140 606 1140 633 1135 638 1134 646 1135 680 1140 681 1140 707 1136 708 1125 708 1095 688 1085 687 1085 687 1085 615 1094 610 1094 607 1094 587 1087 586 1087 585 1087 584 1087 583 1087 573 1093 571 1094 486 1092 485 1091 472 1082 471 1082 470 1082 451 1081 427 1081 426 1081 425 1081 424 1081 412 1089 411 1090 403 1089 374 1086 374 1086 373 1086 367 1088 362 1090 283 1089 279 1087 261 1078 260 1078 259 1078 258 1078 257 1078 248 1086 245 1088 244 1086 233 1077 232 1077 231 1077 208 1077 207 1077 206 1077 205 1077 196 1085 193 1087 182 1084 141 1076 130 1076 129 1076 128 1076 128 1076 118 1083 114 1086 84 1086 79 1082 69 1075 68 1075 67 1075 67 1075 66 1075 53 1082 52 1082 36 1082 36 1114"/>
                        </Shape>
                        <String CONTENT=""/>
                    </TextLine>

                    <TextLine ID="line_23" HPOS="36" VPOS="1127" WIDTH="669" HEIGHT="67" BASELINE="36 1169 705 1179" TAGREFS="TYPE_1">
                        <Shape>
                            <Polygon POINTS="36 1169 36 1179 141 1180 141 1181 157 1187 158 1187 159 1188 555 1188 643 1188 653 1189 687 1194 687 1194 688 1194 704 1190 705 1179 705 1149 682 1149 660 1136 659 1136 658 1136 635 1140 594 1135 593 1135 546 1145 543 1146 542 1145 524 1133 523 1133 522 1133 521 1133 480 1138 479 1138 478 1138 471 1143 470 1145 468 1143 452 1132 451 1132 450 1132 432 1132 431 1132 430 1132 429 1132 413 1143 409 1144 281 1143 271 1139 257 1135 257 1135 256 1135 255 1135 239 1139 227 1142 207 1138 193 1136 192 1136 191 1136 184 1137 177 1139 171 1137 162 1134 161 1134 160 1134 159 1134 148 1137 136 1128 135 1128 134 1128 46 1127 45 1127 44 1127 43 1127 36 1131 36 1169"/>
                        </Shape>
                        <String CONTENT=""/>
                    </TextLine>

                    <TextLine ID="line_24" HPOS="36" VPOS="1184" WIDTH="671" HEIGHT="64" BASELINE="36 1222 707 1232" TAGREFS="TYPE_1">
                        <Shape>
                            <Polygon POINTS="36 1222 36 1231 58 1238 59 1238 60 1238 110 1234 125 1241 126 1241 177 1242 178 1242 179 1242 199 1235 201 1235 202 1235 218 1243 219 1243 220 1244 252 1244 252 1243 253 1243 274 1236 279 1235 382 1236 391 1239 416 1246 417 1246 417 1246 418 1246 441 1241 482 1247 483 1247 557 1243 588 1241 618 1242 619 1244 625 1248 625 1248 626 1248 627 1248 656 1245 687 1241 705 1246 707 1232 706 1192 656 1190 656 1190 644 1191 588 1198 578 1191 576 1188 575 1188 574 1188 548 1188 547 1188 546 1188 539 1191 528 1196 522 1191 518 1187 517 1187 516 1187 464 1186 463 1186 435 1191 404 1196 363 1191 341 1188 340 1188 339 1188 329 1191 319 1193 307 1191 282 1184 281 1184 280 1184 279 1184 260 1191 251 1193 232 1191 208 1187 207 1187 206 1187 197 1191 192 1192 185 1191 175 1187 174 1187 173 1187 172 1187 165 1191 160 1192 36 1191 36 1222"/>
                        </Shape>
                        <String CONTENT=""/>
                    </TextLine>

                    <TextLine ID="line_25" HPOS="36" VPOS="1239" WIDTH="669" HEIGHT="69" BASELINE="37 1277 705 1287" TAGREFS="TYPE_1">
                        <Shape>
                            <Polygon POINTS="37 1277 36 1297 74 1300 75 1300 76 1300 79 1298 88 1293 134 1293 174 1298 198 1302 199 1302 200 1302 212 1299 227 1295 235 1299 238 1300 239 1300 239 1300 256 1299 297 1296 303 1299 305 1301 306 1301 306 1301 343 1304 343 1304 344 1304 345 1304 350 1300 369 1305 370 1305 371 1305 422 1300 438 1298 441 1300 453 1306 454 1306 455 1306 456 1306 475 1300 481 1298 485 1300 501 1307 502 1307 503 1307 552 1301 558 1300 559 1301 568 1308 569 1308 570 1308 570 1308 637 1301 640 1301 641 1301 665 1308 666 1308 667 1308 704 1301 705 1287 705 1258 687 1253 686 1253 685 1253 625 1255 606 1247 605 1247 604 1247 603 1247 577 1255 538 1244 537 1244 536 1244 535 1244 511 1254 478 1249 477 1249 445 1253 428 1245 427 1245 426 1245 381 1248 362 1241 361 1241 361 1241 318 1245 309 1241 308 1241 287 1241 286 1241 285 1241 268 1249 242 1244 241 1244 240 1244 223 1250 205 1239 204 1239 203 1239 177 1239 177 1239 176 1239 175 1239 161 1249 135 1242 134 1242 134 1242 133 1242 122 1247 114 1241 113 1241 112 1241 111 1241 110 1241 110 1241 99 1248 70 1242 69 1242 37 1247 37 1277"/>
                        </Shape>
                        <String CONTENT=""/>
                    </TextLine>

                    <TextLine ID="line_26" HPOS="41" VPOS="1295" WIDTH="174" HEIGHT="65" BASELINE="42 1337 215 1335" TAGREFS="TYPE_1">
                        <Shape>
                            <Polygon POINTS="42 1337 42 1357 67 1355 85 1357 110 1360 110 1360 111 1360 120 1357 132 1351 144 1351 149 1356 151 1357 151 1357 152 1357 153 1357 153 1357 154 1357 159 1356 168 1351 184 1355 193 1357 194 1357 195 1357 214 1354 215 1335 214 1305 190 1296 190 1296 189 1296 188 1296 175 1302 172 1305 130 1305 123 1300 115 1295 114 1295 113 1295 73 1295 73 1295 72 1295 71 1295 71 1296 68 1297 63 1302 41 1296 42 1337"/>
                        </Shape>
                        <String CONTENT=""/>
                    </TextLine>

                    <TextLine ID="line_27" HPOS="543" VPOS="1306" WIDTH="21" HEIGHT="53" BASELINE="543 1335 564 1335" TAGREFS="TYPE_1">
                        <Shape>
                            <Polygon POINTS="543 1335 543 1359 564 1359 564 1335 564 1306 543 1308 543 1335"/>
                        </Shape>
                        <String CONTENT=""/>
                    </TextLine>
</TextBlock>
            </PrintSpace>
        </Page>
    </Layout>
</alto>