<?xml version="1.0" encoding="UTF-8"?>
<alto xmlns:xsi="http://www.w3.org/2001/XMLSchema-instance"
    xmlns="http://www.loc.gov/standards/alto/ns-v4#"
    xsi:schemaLocation="http://www.loc.gov/standards/alto/ns-v4# http://www.loc.gov/standards/alto/v4/alto-4-3.xsd">
    <Description>
        <MeasurementUnit>pixel</MeasurementUnit>
        <sourceImageInformation>
            <fileName>bsb10313792_00177.jpg</fileName>
        </sourceImageInformation>
        <Processing ID="OCR_0">
            <processingCategory>other</processingCategory>
            <processingStepDescription>unknown</processingStepDescription>
            <processingSoftware>
                <softwareName>kraken</softwareName>
                <softwareVersion>4.3.13</softwareVersion>
            </processingSoftware>
        </Processing>
    </Description>
    <Tags>
        <OtherTag ID="TYPE_1" LABEL="DefaultLine"/>
        <OtherTag ID="TYPE_2" LABEL="GraphicZone-TextualContent"/>
        <OtherTag ID="TYPE_3" LABEL="MainZone-Date"/>
        <OtherTag ID="TYPE_4" LABEL="StampZone"/>
        <OtherTag ID="TYPE_5" LABEL="FigureZone"/>
        <OtherTag ID="TYPE_6" LABEL="MainZone-P-Continued"/>
        <OtherTag ID="TYPE_7" LABEL="QuireMarksZone"/>
        <OtherTag ID="TYPE_8" LABEL="MainZone-Other"/>
        <OtherTag ID="TYPE_9" LABEL="MainZone-Entry-Continued"/>
        <OtherTag ID="TYPE_10" LABEL="MainZone-Head"/>
        <OtherTag ID="TYPE_11" LABEL="TableZone"/>
        <OtherTag ID="TYPE_12" LABEL="GraphicZone-Maths"/>
        <OtherTag ID="TYPE_13" LABEL="GraphicZone-Decoration"/>
        <OtherTag ID="TYPE_14" LABEL="TitlePageZone"/>
        <OtherTag ID="TYPE_15" LABEL="GraphicZone"/>
        <OtherTag ID="TYPE_16" LABEL="MarginTextZone-Notes-Continued"/>
        <OtherTag ID="TYPE_17" LABEL="MarginTextZone-Notes"/>
        <OtherTag ID="TYPE_18" LABEL="DropCapitalZone"/>
        <OtherTag ID="TYPE_19" LABEL="DigitizationArtefactZone"/>
        <OtherTag ID="TYPE_20" LABEL="TitlePageZone-Index"/>
        <OtherTag ID="TYPE_21" LABEL="StampZone-Sticker"/>
        <OtherTag ID="TYPE_22" LABEL="TableZone-Continued"/>
        <OtherTag ID="TYPE_23" LABEL="MarginTextZone-ManuscriptAddendum"/>
        <OtherTag ID="TYPE_24" LABEL="MainZone-Sp-Continued"/>
        <OtherTag ID="TYPE_25" LABEL="MainZone-List-Continued"/>
        <OtherTag ID="TYPE_26" LABEL="MainZone-Entry"/>
        <OtherTag ID="TYPE_27" LABEL="RunningTitleZone"/>
        <OtherTag ID="TYPE_28" LABEL="NumberingZone"/>
        <OtherTag ID="TYPE_29" LABEL="TableZone-Head"/>
        <OtherTag ID="TYPE_30" LABEL="AdvertisementZone"/>
        <OtherTag ID="TYPE_31" LABEL="FigureZone-Head"/>
        <OtherTag ID="TYPE_32" LABEL="GraphicZone-Part"/>
        <OtherTag ID="TYPE_33" LABEL="MainZone-Lg"/>
        <OtherTag ID="TYPE_34" LABEL="GraphicZone-Head"/>
        <OtherTag ID="TYPE_35" LABEL="MainZone-List"/>
        <OtherTag ID="TYPE_36" LABEL="FigureZone-FigDesc"/>
        <OtherTag ID="TYPE_37" LABEL="GraphicZone-FigDesc"/>
        <OtherTag ID="TYPE_38" LABEL="MainZone-Form"/>
        <OtherTag ID="TYPE_39" LABEL="MainZone-P"/>
        <OtherTag ID="TYPE_40" LABEL="MainZone-Lg-Continued"/>
        <OtherTag ID="TYPE_41" LABEL="MainZone-Signature"/>
        <OtherTag ID="TYPE_42" LABEL="MainZone-Sp"/>
    </Tags>
    <Layout>
        <Page WIDTH="1049" HEIGHT="1748" PHYSICAL_IMG_NR="0" ID="page_0">
            <PrintSpace HPOS="0" VPOS="0" WIDTH="1049" HEIGHT="1748">
                <TextBlock ID="block_3" HPOS="133" VPOS="47" WIDTH="611" HEIGHT="52" TAGREFS="TYPE_27">
                    <Shape>
                        <Polygon POINTS="133.7984619140625 47.909610748291016 744.34716796875 47.909610748291016 744.34716796875 99.45364379882812 133.7984619140625 99.45364379882812 133.7984619140625 47.909610748291016"/>
                    </Shape>
                    <TextLine ID="line_0" HPOS="135" VPOS="46" WIDTH="713" HEIGHT="64" BASELINE="135 83 848 83" TAGREFS="TYPE_1">
                        <Shape>
                            <Polygon POINTS="679 46 670 46 660 46 655 46 633 51 596 46 592 46 582 46 573 46 563 46 553 46 549 46 545 47 536 46 534 46 524 46 514 46 505 46 501 46 495 51 477 46 475 46 469 46 454 52 443 57 428 57 422 52 414 46 407 46 398 46 393 46 372 50 347 46 339 46 330 46 320 46 310 46 301 46 291 46 281 46 271 46 262 46 252 46 241 50 239 50 237 50 223 46 213 46 203 46 194 46 189 46 177 49 168 51 135 49 135 83 135 96 168 96 169 96 183 102 184 102 185 102 186 102 204 97 207 96 209 97 227 106 228 106 229 106 320 99 364 96 372 100 387 108 388 108 389 108 390 108 403 101 409 107 410 107 411 107 412 107 456 103 464 109 465 109 466 109 467 109 497 104 507 109 508 109 509 110 581 110 581 109 582 109 583 109 590 104 592 103 600 104 624 109 625 109 626 109 627 109 632 105 644 96 677 106 687 109 688 109 689 109 690 109 695 106 708 100 711 103 712 103 713 103 714 103 715 103 743 96 788 96 810 109 811 109 812 109 812 110 848 110 848 83 848 56 821 48 820 48 819 48 818 48 817 48 808 56 807 57 736 57 734 55 722 49 721 49 720 49 690 51 682 46 679 46"/>
                        </Shape>
                        <String CONTENT=""/>
                    </TextLine>
</TextBlock>
                <TextBlock ID="block_0" HPOS="63" VPOS="108" WIDTH="802" HEIGHT="637" TAGREFS="TYPE_6">
                    <Shape>
                        <Polygon POINTS="63.598594665527344 108.33789825439453 865.4459228515625 108.33789825439453 865.4459228515625 745.8086547851562 63.598594665527344 745.8086547851562 63.598594665527344 108.33789825439453"/>
                    </Shape>
                    <TextLine ID="line_1" HPOS="70" VPOS="105" WIDTH="787" HEIGHT="63" BASELINE="71 143 857 146" TAGREFS="TYPE_1">
                        <Shape>
                            <Polygon POINTS="799 105 791 105 777 112 765 105 760 105 750 105 741 105 731 105 725 105 715 112 714 113 684 113 683 112 675 105 673 105 665 105 663 107 656 105 653 105 643 105 637 105 619 112 618 112 617 112 603 105 595 105 585 105 581 105 566 111 555 105 546 105 538 105 536 106 531 105 527 105 517 105 508 105 497 111 473 105 469 105 461 105 426 111 423 111 421 111 402 105 401 105 391 105 381 105 372 105 350 111 311 111 310 111 310 110 300 105 294 105 284 105 274 105 265 105 255 105 245 105 236 105 226 105 216 105 206 105 197 105 187 105 177 105 168 110 167 111 132 111 131 110 121 105 119 105 109 105 100 105 90 105 71 109 71 143 70 160 190 166 191 166 192 166 205 162 225 156 269 156 283 163 286 164 287 164 288 164 289 164 292 163 304 156 332 156 383 164 408 167 409 167 410 167 419 164 437 157 446 164 449 167 450 167 451 167 452 168 474 168 474 167 475 167 480 165 491 158 501 165 504 167 505 167 506 167 507 168 569 168 569 167 570 167 574 165 586 160 595 164 596 164 597 164 598 164 599 164 607 158 642 158 660 166 664 168 665 168 666 168 701 168 701 168 702 168 703 168 705 167 720 158 737 158 749 167 750 168 751 168 752 168 753 168 795 168 795 168 796 168 797 168 811 158 831 158 854 168 857 146 856 113 809 113 809 112 799 105 799 105"/>
                        </Shape>
                        <String CONTENT=""/>
                    </TextLine>

                    <TextLine ID="line_2" HPOS="73" VPOS="153" WIDTH="780" HEIGHT="64" BASELINE="74 190 853 195" TAGREFS="TYPE_1">
                        <Shape>
                            <Polygon POINTS="73 202 97 212 98 212 99 213 141 213 141 212 142 212 143 212 157 204 161 202 176 202 189 204 231 213 232 214 274 214 274 213 275 213 290 206 298 203 356 203 363 208 364 208 365 208 366 208 367 208 369 208 382 203 401 203 407 208 415 214 416 214 417 214 418 214 473 210 541 204 562 211 573 215 574 215 575 215 644 213 821 206 834 216 835 216 836 216 837 217 852 217 853 195 852 164 800 157 799 157 798 157 797 157 788 163 784 165 752 165 742 162 712 157 711 157 710 157 710 157 703 162 699 164 685 162 665 158 664 158 663 158 656 161 651 164 647 161 641 156 640 156 639 156 616 156 615 156 596 161 585 164 485 164 452 159 418 155 417 155 416 155 403 159 386 163 375 158 366 154 365 154 364 154 333 158 300 162 291 157 284 154 283 154 261 154 260 154 259 154 258 154 255 157 249 161 237 157 227 153 226 153 225 153 207 156 184 162 88 162 75 155 74 190 73 202"/>
                        </Shape>
                        <String CONTENT=""/>
                    </TextLine>

                    <TextLine ID="line_3" HPOS="74" VPOS="204" WIDTH="777" HEIGHT="62" BASELINE="74 241 851 241" TAGREFS="TYPE_1">
                        <Shape>
                            <Polygon POINTS="74 241 74 253 190 253 194 255 205 260 206 260 207 260 208 260 226 255 230 254 234 255 256 265 257 265 258 266 305 266 305 265 306 265 325 257 345 261 346 261 347 261 356 257 367 253 380 258 403 265 404 265 405 266 444 266 444 265 445 265 446 265 455 259 465 253 493 253 501 259 502 259 503 259 504 259 524 256 530 260 536 265 537 265 538 265 539 266 615 266 615 265 616 265 622 262 639 253 690 253 705 263 707 265 708 265 709 265 710 266 755 266 755 265 756 265 760 264 794 254 810 265 811 265 812 265 812 266 851 266 851 241 851 214 787 213 761 204 760 204 759 204 758 204 757 204 745 212 742 215 663 215 646 211 632 208 631 208 630 208 622 211 610 214 594 210 566 204 565 204 564 204 543 210 527 214 513 209 512 209 511 209 510 209 507 209 473 213 465 209 458 204 457 204 456 204 455 204 454 204 445 208 433 214 378 209 377 209 347 214 338 207 334 204 333 204 332 204 300 204 299 204 298 204 297 204 294 206 285 213 256 206 251 205 250 205 249 205 247 206 227 214 191 205 185 204 144 204 143 204 142 204 141 204 132 211 74 204 74 241"/>
                        </Shape>
                        <String CONTENT=""/>
                    </TextLine>

                    <TextLine ID="line_4" HPOS="80" VPOS="252" WIDTH="773" HEIGHT="62" BASELINE="80 291 853 291" TAGREFS="TYPE_1">
                        <Shape>
                            <Polygon POINTS="80 291 80 302 138 313 139 314 199 314 199 313 200 313 229 303 231 303 285 303 287 304 303 313 304 313 304 313 305 313 333 312 334 312 335 312 345 304 346 303 348 304 369 313 370 313 371 314 403 314 403 313 404 313 405 313 415 304 418 303 459 303 462 304 478 313 479 313 480 314 528 314 528 313 529 313 530 313 541 305 543 304 544 305 557 313 558 313 559 313 560 314 716 314 716 313 717 313 718 313 727 306 731 303 852 306 853 291 853 263 817 263 817 262 805 252 804 252 803 252 802 252 771 254 770 254 769 254 758 262 746 262 667 262 655 256 654 256 653 256 652 256 638 262 638 263 583 263 581 262 531 252 530 252 529 252 503 259 464 252 463 252 462 252 461 252 448 262 447 262 436 262 403 261 391 252 390 252 389 252 388 252 333 262 330 262 328 262 312 257 311 257 310 257 250 260 232 252 231 252 230 252 186 262 183 262 182 262 168 252 167 252 166 252 121 252 120 252 119 252 118 252 107 260 80 261 80 291"/>
                        </Shape>
                        <String CONTENT=""/>
                    </TextLine>

                    <TextLine ID="line_5" HPOS="74" VPOS="302" WIDTH="775" HEIGHT="62" BASELINE="75 336 849 341" TAGREFS="TYPE_1">
                        <Shape>
                            <Polygon POINTS="74 346 101 359 101 359 102 359 131 353 139 359 140 359 141 359 142 360 185 360 185 359 186 359 187 359 201 349 203 348 229 348 235 350 250 355 251 355 252 355 273 351 281 349 285 351 301 360 302 360 391 361 392 361 393 361 394 361 406 354 410 350 471 350 478 355 485 361 486 361 487 361 488 362 509 362 509 361 510 361 511 361 517 356 527 350 575 350 587 358 593 362 594 362 595 362 596 363 616 363 616 362 617 362 618 362 623 358 634 351 674 351 693 360 696 361 697 361 698 361 706 360 761 352 777 362 778 363 778 363 779 363 780 364 848 364 849 341 848 314 810 305 809 305 758 310 738 305 737 305 736 305 708 311 699 313 693 311 676 304 676 304 675 304 674 304 658 310 620 304 619 304 618 304 617 304 610 310 609 310 598 306 597 306 596 306 573 309 549 312 535 308 514 303 513 303 512 303 511 303 500 308 499 308 490 308 448 304 447 304 446 304 440 307 431 312 399 312 391 306 390 305 389 305 388 305 387 305 375 306 330 310 320 305 318 304 317 304 316 304 315 304 312 305 291 310 283 304 281 302 280 302 279 302 278 302 261 304 219 309 169 303 168 303 167 303 149 310 101 310 76 302 75 336 74 346"/>
                        </Shape>
                        <String CONTENT=""/>
                    </TextLine>

                    <TextLine ID="line_6" HPOS="71" VPOS="349" WIDTH="777" HEIGHT="61" BASELINE="72 386 848 389" TAGREFS="TYPE_1">
                        <Shape>
                            <Polygon POINTS="72 386 71 403 116 407 117 407 118 407 119 407 126 403 134 399 258 399 268 403 278 407 279 407 338 408 338 408 339 408 340 408 348 403 354 400 403 400 412 403 429 408 430 408 431 409 504 409 504 408 505 408 520 403 527 400 531 403 538 408 539 408 540 408 604 409 605 409 606 409 620 403 621 402 623 403 636 409 637 409 638 410 718 410 718 409 719 409 745 403 753 401 764 403 784 405 785 405 786 405 795 403 799 401 846 402 848 389 848 359 826 353 825 353 824 353 794 360 791 360 788 359 759 351 758 351 757 351 696 357 686 351 685 351 684 351 632 351 631 351 630 351 629 351 618 359 617 360 598 360 596 359 589 353 589 352 588 352 587 352 586 352 557 358 542 350 541 350 541 350 540 350 507 359 505 359 503 359 478 350 477 350 476 350 475 350 448 359 446 359 444 359 421 350 420 350 419 350 385 358 381 359 377 358 364 354 363 354 362 354 361 354 360 354 354 358 352 359 277 359 276 358 267 351 266 351 265 351 264 351 234 358 233 358 222 349 221 349 220 349 219 349 218 349 195 358 193 358 189 358 152 353 151 353 72 357 72 386"/>
                        </Shape>
                        <String CONTENT=""/>
                    </TextLine>

                    <TextLine ID="line_7" HPOS="71" VPOS="399" WIDTH="777" HEIGHT="63" BASELINE="71 437 848 437" TAGREFS="TYPE_1">
                        <Shape>
                            <Polygon POINTS="71 437 71 448 106 457 107 457 108 457 126 449 128 449 293 449 302 452 312 457 313 457 314 457 315 457 325 453 332 450 343 453 373 461 374 461 375 462 418 462 418 461 419 461 420 461 426 456 452 461 453 461 526 456 533 456 534 456 543 461 544 461 545 461 546 461 547 461 554 457 568 449 586 449 601 457 607 461 608 461 609 461 609 462 710 462 710 461 710 461 711 461 713 459 726 450 772 449 797 461 798 461 799 461 800 462 848 462 848 437 848 409 778 407 766 399 765 399 764 399 763 399 721 400 720 400 691 407 688 408 677 407 606 402 605 402 572 407 563 408 559 407 537 399 536 399 535 399 476 406 461 408 447 406 404 399 343 399 342 399 341 399 327 405 324 407 322 405 318 403 317 403 316 403 315 403 300 405 285 408 273 405 252 399 251 399 235 399 234 399 233 399 232 399 222 404 215 408 71 404 71 437"/>
                        </Shape>
                        <String CONTENT=""/>
                    </TextLine>

                    <TextLine ID="line_8" HPOS="68" VPOS="449" WIDTH="779" HEIGHT="60" BASELINE="68 486 847 486" TAGREFS="TYPE_1">
                        <Shape>
                            <Polygon POINTS="68 486 70 504 78 499 140 499 147 504 153 508 154 508 155 508 156 509 190 509 190 508 191 508 192 508 199 504 203 500 225 503 258 508 259 509 379 509 379 508 408 502 422 499 470 499 473 501 483 508 484 508 485 508 486 508 513 504 589 508 590 508 591 508 592 508 603 500 606 499 655 499 658 500 676 508 677 508 678 508 679 508 680 508 694 500 722 507 723 507 724 507 760 499 763 499 847 499 847 486 847 460 774 458 761 449 760 449 759 449 736 449 735 449 734 449 708 458 702 460 641 460 618 459 614 456 605 449 604 449 603 449 556 449 555 449 554 449 539 455 528 459 482 454 466 453 465 453 459 454 437 459 425 454 423 453 422 453 421 453 420 453 418 453 400 459 360 453 336 449 335 449 334 449 327 452 313 460 286 460 271 451 267 449 266 449 232 449 231 449 230 449 229 449 227 451 214 460 169 460 156 451 155 451 154 451 153 451 152 451 135 459 107 449 106 449 105 449 68 449 68 486"/>
                        </Shape>
                        <String CONTENT=""/>
                    </TextLine>

                    <TextLine ID="line_9" HPOS="74" VPOS="497" WIDTH="775" HEIGHT="62" BASELINE="75 536 849 534" TAGREFS="TYPE_1">
                        <Shape>
                            <Polygon POINTS="75 536 75 548 117 557 118 557 119 557 148 549 150 549 152 549 179 559 180 559 181 559 217 550 222 549 228 550 254 557 255 557 256 557 257 557 270 551 274 549 348 549 354 552 366 559 367 559 368 559 369 559 370 559 386 554 502 558 503 558 504 558 505 558 510 554 518 548 532 554 540 557 541 557 541 557 542 557 551 554 564 549 575 554 583 558 584 558 585 558 586 558 587 558 592 554 601 548 626 555 638 558 639 558 640 559 747 559 747 558 748 558 751 556 767 548 848 557 849 534 847 507 809 507 809 506 796 497 795 497 794 497 793 497 792 497 755 506 755 507 642 507 642 506 619 497 618 497 595 497 594 497 593 497 592 497 577 506 576 506 575 506 533 504 518 497 517 497 516 497 515 497 496 505 463 497 462 497 461 497 429 504 410 498 409 498 408 498 407 498 406 498 395 506 393 508 348 508 345 506 334 502 333 502 332 502 331 502 321 506 318 508 270 508 268 506 256 498 255 498 254 498 253 498 207 506 205 506 203 506 158 502 157 502 133 506 127 507 126 506 113 498 112 498 111 498 91 498 90 498 89 498 74 504 75 536"/>
                        </Shape>
                        <String CONTENT=""/>
                    </TextLine>

                    <TextLine ID="line_10" HPOS="68" VPOS="547" WIDTH="780" HEIGHT="64" BASELINE="68 583 848 583" TAGREFS="TYPE_1">
                        <Shape>
                            <Polygon POINTS="68 583 68 602 128 607 129 607 130 607 138 603 139 603 152 603 222 607 223 607 224 607 232 604 236 603 240 604 252 607 253 607 254 607 298 605 333 603 341 605 356 610 357 610 358 610 401 605 415 605 427 606 454 610 455 611 571 611 571 610 572 610 573 610 576 607 585 603 617 603 630 608 631 608 632 608 634 608 657 605 675 608 677 609 678 609 847 610 848 583 848 553 757 547 756 547 755 547 754 547 747 552 740 557 628 557 609 551 596 547 595 547 594 547 593 547 592 547 588 551 579 557 442 557 369 549 347 547 346 547 345 547 340 549 320 555 299 548 294 547 293 547 292 547 291 547 288 548 272 555 255 550 254 550 253 550 252 550 251 550 241 556 198 551 197 551 162 556 142 547 141 547 140 547 139 547 138 547 137 547 119 554 104 547 103 547 68 547 68 583"/>
                        </Shape>
                        <String CONTENT=""/>
                    </TextLine>

                    <TextLine ID="line_11" HPOS="67" VPOS="600" WIDTH="779" HEIGHT="58" BASELINE="67 632 846 632" TAGREFS="TYPE_1">
                        <Shape>
                            <Polygon POINTS="67 632 67 647 118 656 119 656 120 656 147 649 163 656 164 656 165 656 166 656 183 651 191 657 192 657 193 657 194 657 241 655 242 655 243 655 250 650 254 648 297 648 304 651 319 657 320 657 321 658 357 658 357 657 358 657 359 657 367 651 368 651 377 651 450 657 451 657 452 657 469 653 487 648 500 653 507 656 508 656 509 656 562 654 688 648 700 656 701 656 702 656 845 657 846 632 846 605 637 600 636 600 513 605 504 600 503 600 502 600 478 605 469 600 468 600 467 600 466 600 457 605 451 600 450 600 449 600 448 600 403 605 387 600 386 600 385 600 323 605 268 600 267 600 233 605 182 600 181 600 139 605 84 600 83 600 82 600 67 605 67 632"/>
                        </Shape>
                        <String CONTENT=""/>
                    </TextLine>

                    <TextLine ID="line_12" HPOS="65" VPOS="644" WIDTH="780" HEIGHT="65" BASELINE="66 679 845 681" TAGREFS="TYPE_1">
                        <Shape>
                            <Polygon POINTS="66 679 65 700 112 707 113 707 149 702 155 702 191 702 192 702 205 707 206 707 207 707 244 703 251 702 286 703 413 707 414 707 437 705 456 702 487 705 521 708 522 709 633 709 633 708 646 706 674 703 684 707 688 708 689 708 690 708 691 708 697 707 715 703 735 707 739 708 740 708 741 709 845 709 845 681 845 654 798 645 797 645 750 653 749 653 748 653 701 648 700 648 699 648 679 653 678 653 677 653 636 645 594 645 593 645 592 645 580 651 536 645 535 645 534 645 509 653 508 653 507 653 482 645 481 645 480 645 479 645 478 645 469 653 468 653 406 653 406 652 372 644 371 644 322 652 320 653 296 653 295 652 285 644 284 644 283 644 282 644 244 652 242 652 240 652 208 647 207 647 171 652 168 652 157 644 156 644 155 644 154 644 124 652 66 652 66 679"/>
                        </Shape>
                        <String CONTENT=""/>
                    </TextLine>

                    <TextLine ID="line_13" HPOS="61" VPOS="712" WIDTH="520" HEIGHT="43" BASELINE="62 730 581 733" TAGREFS="TYPE_1">
                        <Shape>
                            <Polygon POINTS="576 725 567 725 557 725 547 725 538 725 528 725 518 725 508 725 499 725 489 725 479 725 470 725 460 725 450 725 440 725 431 725 421 725 411 725 402 725 392 725 382 725 372 725 363 725 353 725 343 725 334 725 324 725 314 725 304 725 295 725 285 725 275 725 266 725 256 725 246 725 236 725 227 725 217 725 207 725 198 725 188 725 178 725 169 725 159 725 149 725 139 725 130 725 120 725 110 725 101 723 98 712 98 712 97 712 62 712 62 730 61 743 103 744 116 753 117 753 118 753 119 753 165 748 312 754 313 754 314 754 325 749 330 746 333 749 338 754 339 754 340 754 341 754 387 750 394 750 401 750 436 755 437 755 438 755 439 755 443 751 451 747 474 747 479 752 482 754 482 755 483 755 484 755 485 755 486 755 487 755 491 752 497 748 502 753 505 755 506 755 507 755 507 755 508 755 509 755 511 753 520 747 563 747 578 754 581 733 579 725 576 725"/>
                        </Shape>
                        <String CONTENT=""/>
                    </TextLine>
</TextBlock>
                <TextBlock ID="block_1" HPOS="103" VPOS="746" WIDTH="572" HEIGHT="60" TAGREFS="TYPE_10">
                    <Shape>
                        <Polygon POINTS="103.75121307373047 746.9999389648438 675.7704467773438 746.9999389648438 675.7704467773438 806.8763427734375 103.75121307373047 806.8763427734375 103.75121307373047 746.9999389648438"/>
                    </Shape>
                    <TextLine ID="line_14" HPOS="106" VPOS="779" WIDTH="564" HEIGHT="29" BASELINE="107 785 670 787" TAGREFS="TYPE_1">
                        <Shape>
                            <Polygon POINTS="661 779 651 779 642 779 632 779 622 779 612 779 603 779 593 779 583 779 574 779 564 779 554 779 544 779 535 779 525 779 515 779 506 779 496 779 486 779 476 779 467 779 457 779 447 779 438 779 428 779 418 779 408 779 399 779 389 779 379 779 370 779 360 779 350 779 340 779 331 779 321 779 311 779 302 779 292 779 282 779 272 779 263 779 253 779 243 779 234 779 224 779 214 779 204 779 195 779 185 779 175 779 166 779 156 779 146 779 136 779 127 779 117 779 107 779 107 785 106 798 134 806 135 806 135 806 136 806 137 806 149 799 262 799 277 806 278 806 279 806 309 805 310 805 311 805 318 799 340 805 341 805 342 805 343 805 344 805 353 799 387 807 388 807 389 807 390 807 391 807 397 802 418 807 419 807 420 807 478 803 490 807 491 807 492 808 579 808 579 807 580 807 581 807 593 801 643 801 656 806 657 806 658 806 659 806 660 806 669 799 670 787 670 779 661 779"/>
                        </Shape>
                        <String CONTENT=""/>
                    </TextLine>
</TextBlock>
                <TextBlock ID="block_5" HPOS="61" VPOS="802" WIDTH="798" HEIGHT="541" TAGREFS="TYPE_39">
                    <Shape>
                        <Polygon POINTS="61.7135009765625 802.8886108398438 859.9765625 802.8886108398438 859.9765625 1343.4228515625 61.7135009765625 1343.4228515625 61.7135009765625 802.8886108398438"/>
                    </Shape>
                    <TextLine ID="line_15" HPOS="100" VPOS="795" WIDTH="751" HEIGHT="62" BASELINE="101 838 851 835" TAGREFS="TYPE_1">
                        <Shape>
                            <Polygon POINTS="101 838 101 850 257 850 259 851 268 857 269 857 270 857 270 857 372 851 392 850 403 851 444 856 445 856 539 851 601 848 609 851 620 855 621 855 622 855 623 855 633 851 640 849 653 851 676 855 676 855 677 855 686 851 693 848 698 851 702 854 703 854 704 854 705 854 850 851 851 835 848 801 822 805 807 801 796 798 795 798 794 798 776 801 757 805 745 802 723 795 722 795 721 795 720 795 708 802 703 805 663 805 658 803 645 795 644 795 643 795 610 795 609 795 575 804 564 806 474 806 472 805 467 801 466 801 465 801 464 801 439 805 433 806 429 805 403 796 402 796 401 796 400 796 387 801 354 799 353 799 352 799 351 799 343 805 335 799 334 799 333 799 284 799 283 799 282 799 267 806 266 807 236 807 235 806 218 797 217 797 216 797 129 797 128 797 127 797 100 807 101 838"/>
                        </Shape>
                        <String CONTENT=""/>
                    </TextLine>

                    <TextLine ID="line_16" HPOS="62" VPOS="846" WIDTH="787" HEIGHT="60" BASELINE="63 884 849 886" TAGREFS="TYPE_1">
                        <Shape>
                            <Polygon POINTS="63 884 62 900 88 905 89 905 111 901 126 898 132 901 140 905 141 905 142 906 202 906 202 905 203 905 216 901 221 900 229 901 250 905 251 905 277 901 302 898 314 902 326 905 327 905 328 906 422 906 422 905 423 905 431 902 441 898 476 902 507 906 507 906 508 906 518 903 526 900 554 903 570 904 571 904 572 904 575 903 589 899 614 903 635 906 636 906 637 906 638 906 642 903 649 899 775 899 792 904 800 906 801 906 802 906 803 906 804 906 807 904 814 899 835 899 846 904 849 886 849 853 838 847 837 847 766 847 765 847 764 847 763 847 754 853 750 855 698 852 620 848 619 848 600 852 594 853 592 852 584 847 583 847 582 847 559 847 558 847 557 847 556 847 550 852 545 855 391 855 383 851 372 846 372 846 371 846 345 851 342 851 339 851 319 846 318 846 317 846 305 851 296 854 272 850 243 846 199 846 198 846 197 846 188 850 179 854 157 850 150 849 149 849 148 849 146 850 139 853 135 850 131 846 130 846 129 846 128 846 127 846 117 850 113 851 107 850 93 846 92 846 91 846 63 849 63 884"/>
                        </Shape>
                        <String CONTENT=""/>
                    </TextLine>

                    <TextLine ID="line_17" HPOS="63" VPOS="892" WIDTH="787" HEIGHT="61" BASELINE="64 936 850 932" TAGREFS="TYPE_1">
                        <Shape>
                            <Polygon POINTS="64 936 64 948 432 953 433 953 466 950 499 946 549 950 582 952 583 952 584 952 589 950 599 946 615 950 621 951 622 951 629 950 654 945 695 950 698 950 699 950 702 950 745 945 757 950 759 951 760 951 761 951 769 950 800 946 849 950 850 932 849 901 821 892 820 892 819 892 818 892 795 901 761 901 752 894 751 894 750 894 717 892 716 892 715 892 714 892 706 899 697 892 696 892 695 892 653 892 652 892 651 892 650 892 635 901 429 894 428 894 427 894 426 894 413 903 342 903 320 894 319 894 282 894 281 894 280 894 257 904 226 904 212 896 211 896 210 896 151 902 94 895 93 895 92 895 63 904 64 936"/>
                        </Shape>
                        <String CONTENT=""/>
                    </TextLine>

                    <TextLine ID="line_18" HPOS="61" VPOS="941" WIDTH="788" HEIGHT="64" BASELINE="62 984 849 978" TAGREFS="TYPE_1">
                        <Shape>
                            <Polygon POINTS="62 984 62 997 135 997 140 998 172 1005 173 1005 219 998 234 996 255 998 312 1004 313 1004 314 1004 315 1004 322 998 325 995 334 998 344 1002 345 1002 346 1002 347 1002 359 998 371 995 391 998 419 1003 420 1003 446 998 461 996 474 999 491 1002 492 1003 550 1003 550 1002 551 1002 560 999 568 996 575 999 584 1002 585 1002 586 1002 603 999 631 993 847 999 849 978 848 946 830 941 829 941 828 941 827 941 826 941 819 946 814 949 735 949 730 946 721 943 720 943 719 943 718 943 717 943 712 946 707 950 665 950 656 947 641 942 640 942 639 942 638 942 627 947 623 949 620 947 613 942 612 942 611 942 586 942 585 942 584 942 583 942 576 947 573 951 543 951 540 948 534 943 533 943 532 943 531 943 530 943 529 943 524 948 521 950 512 948 494 943 493 943 492 943 468 948 453 951 448 948 444 945 443 945 442 945 441 945 440 945 433 948 425 951 411 948 393 945 392 945 353 949 319 952 307 949 294 945 293 945 292 945 291 945 277 949 274 950 272 949 264 945 263 945 262 945 261 945 260 945 255 949 250 952 226 949 201 947 200 947 199 947 198 947 195 950 190 953 181 950 171 946 170 946 169 946 61 950 62 984"/>
                        </Shape>
                        <String CONTENT=""/>
                    </TextLine>

                    <TextLine ID="line_19" HPOS="61" VPOS="993" WIDTH="784" HEIGHT="57" BASELINE="61 1032 845 1032" TAGREFS="TYPE_1">
                        <Shape>
                            <Polygon POINTS="61 1032 61 1045 310 1050 311 1050 326 1047 338 1045 367 1047 396 1050 397 1050 407 1048 420 1045 468 1048 500 1050 501 1050 502 1050 507 1048 516 1045 563 1049 582 1050 583 1050 594 1049 621 1045 627 1049 628 1050 629 1050 630 1050 631 1050 649 1049 718 1045 737 1050 739 1050 740 1050 741 1050 742 1050 743 1050 760 1045 845 1050 845 1032 845 996 817 999 807 995 800 993 799 993 798 993 782 995 742 1002 728 995 723 993 722 993 624 993 623 993 622 993 621 993 619 995 609 1003 587 1003 566 994 561 993 560 993 559 993 558 993 557 993 556 994 545 1002 519 994 517 994 516 994 515 994 514 994 513 994 502 1002 399 1002 387 994 386 993 385 993 384 993 363 993 362 993 361 993 359 994 343 1000 301 1002 291 996 290 996 289 996 288 996 229 1002 197 993 196 993 195 993 194 993 193 993 192 993 177 1003 94 1003 80 993 79 993 78 993 61 993 61 1032"/>
                        </Shape>
                        <String CONTENT=""/>
                    </TextLine>

                    <TextLine ID="line_20" HPOS="61" VPOS="1039" WIDTH="787" HEIGHT="62" BASELINE="62 1081 848 1076" TAGREFS="TYPE_1">
                        <Shape>
                            <Polygon POINTS="62 1081 62 1093 217 1101 218 1101 219 1101 250 1093 355 1093 367 1100 368 1100 369 1100 370 1100 406 1092 445 1092 462 1099 463 1099 464 1100 530 1100 530 1099 531 1099 545 1093 557 1098 558 1098 559 1098 560 1098 580 1092 588 1098 589 1098 590 1098 591 1099 680 1099 680 1098 733 1090 794 1097 795 1097 796 1097 797 1097 809 1089 848 1088 848 1076 846 1048 797 1041 796 1041 795 1041 778 1048 734 1048 700 1039 699 1039 698 1039 697 1039 679 1048 677 1049 609 1049 608 1048 592 1042 591 1042 590 1042 558 1048 554 1048 551 1048 525 1041 524 1041 523 1041 496 1046 478 1042 477 1042 307 1042 306 1042 305 1042 286 1048 278 1051 205 1051 200 1048 192 1042 191 1042 190 1042 155 1042 154 1042 153 1042 138 1048 128 1051 114 1048 103 1045 102 1045 101 1045 61 1047 62 1081"/>
                        </Shape>
                        <String CONTENT=""/>
                    </TextLine>

                    <TextLine ID="line_21" HPOS="62" VPOS="1090" WIDTH="785" HEIGHT="63" BASELINE="63 1130 847 1127" TAGREFS="TYPE_1">
                        <Shape>
                            <Polygon POINTS="63 1130 63 1144 121 1144 133 1152 134 1152 135 1152 135 1153 203 1153 203 1152 203 1152 204 1152 214 1144 226 1152 227 1152 228 1152 229 1153 319 1153 319 1152 409 1145 446 1151 447 1152 560 1152 560 1151 561 1151 585 1142 604 1147 605 1147 606 1147 607 1147 619 1142 696 1142 737 1150 738 1150 739 1150 758 1144 774 1148 775 1148 776 1148 807 1142 816 1147 817 1147 818 1147 847 1141 847 1127 845 1095 703 1099 698 1096 692 1091 691 1091 690 1091 689 1091 688 1091 687 1091 680 1096 677 1099 643 1099 640 1097 627 1090 626 1090 585 1090 584 1090 583 1090 555 1098 546 1100 541 1098 532 1093 531 1093 530 1093 529 1093 512 1098 508 1099 503 1098 455 1091 454 1091 453 1091 452 1091 441 1099 439 1101 384 1101 383 1100 367 1091 366 1091 339 1091 338 1091 296 1101 294 1101 284 1093 283 1093 282 1093 240 1092 239 1092 238 1092 206 1101 74 1092 73 1092 72 1092 71 1092 62 1100 63 1130"/>
                        </Shape>
                        <String CONTENT=""/>
                    </TextLine>

                    <TextLine ID="line_22" HPOS="65" VPOS="1141" WIDTH="781" HEIGHT="61" BASELINE="66 1176 846 1178" TAGREFS="TYPE_1">
                        <Shape>
                            <Polygon POINTS="66 1176 65 1189 139 1190 151 1200 152 1200 153 1200 154 1201 265 1201 265 1200 266 1200 277 1194 348 1200 349 1200 350 1200 372 1191 434 1191 457 1201 458 1201 459 1202 555 1202 555 1201 556 1201 581 1193 594 1201 595 1201 596 1201 597 1202 636 1202 636 1201 637 1201 656 1192 675 1201 676 1201 676 1201 727 1192 797 1201 798 1201 799 1201 800 1201 815 1192 845 1192 846 1178 845 1150 798 1142 751 1142 750 1142 749 1142 725 1149 715 1142 714 1142 713 1142 712 1142 652 1146 623 1142 622 1142 621 1142 607 1147 569 1142 568 1142 567 1142 552 1148 540 1142 539 1142 538 1142 474 1149 469 1149 464 1149 422 1141 421 1141 375 1142 374 1142 373 1142 366 1148 365 1148 329 1148 234 1148 223 1141 222 1141 221 1141 220 1141 219 1141 194 1148 192 1149 141 1149 140 1148 130 1141 129 1141 128 1141 127 1141 66 1147 66 1176"/>
                        </Shape>
                        <String CONTENT=""/>
                    </TextLine>

                    <TextLine ID="line_23" HPOS="66" VPOS="1190" WIDTH="782" HEIGHT="61" BASELINE="67 1226 848 1228" TAGREFS="TYPE_1">
                        <Shape>
                            <Polygon POINTS="67 1226 66 1240 135 1249 135 1250 245 1250 245 1249 246 1249 247 1249 258 1242 302 1248 303 1248 304 1248 319 1242 343 1249 344 1249 345 1249 382 1248 383 1248 384 1248 394 1242 457 1242 458 1242 476 1248 477 1248 478 1248 519 1243 536 1250 537 1250 538 1250 579 1245 630 1250 631 1250 632 1250 643 1244 653 1249 654 1249 655 1249 656 1249 669 1243 671 1243 745 1250 746 1251 770 1251 770 1250 771 1250 785 1243 786 1243 803 1250 804 1250 805 1250 847 1243 848 1228 848 1199 818 1191 817 1191 816 1191 815 1191 814 1191 806 1197 758 1194 757 1194 756 1194 746 1199 701 1191 700 1191 699 1191 670 1199 669 1199 643 1191 642 1191 642 1191 641 1191 640 1191 628 1199 627 1200 594 1200 593 1199 572 1191 571 1191 570 1191 569 1191 568 1191 558 1199 557 1199 553 1199 486 1192 485 1192 484 1192 461 1199 458 1199 455 1199 419 1190 418 1190 417 1190 395 1196 366 1190 365 1190 364 1190 363 1190 352 1198 293 1190 292 1190 239 1196 214 1190 213 1190 212 1190 211 1190 192 1198 191 1199 105 1199 104 1198 92 1192 91 1192 90 1192 67 1197 67 1226"/>
                        </Shape>
                        <String CONTENT=""/>
                    </TextLine>

                    <TextLine ID="line_24" HPOS="67" VPOS="1241" WIDTH="778" HEIGHT="62" BASELINE="67 1275 845 1277" TAGREFS="TYPE_1">
                        <Shape>
                            <Polygon POINTS="474 1260 465 1260 455 1260 445 1260 436 1260 426 1260 416 1260 406 1260 397 1260 387 1260 377 1260 368 1260 358 1260 348 1260 338 1260 329 1260 319 1260 309 1260 300 1260 290 1260 280 1260 270 1260 261 1260 251 1260 241 1260 232 1260 222 1260 212 1260 203 1260 193 1260 183 1260 173 1260 164 1260 154 1260 144 1260 135 1260 125 1260 115 1260 111 1247 100 1242 99 1242 67 1241 67 1275 67 1299 129 1294 140 1300 146 1302 147 1302 148 1302 163 1300 179 1297 261 1300 331 1302 332 1302 333 1302 334 1302 337 1300 346 1294 392 1299 393 1299 445 1294 469 1300 480 1303 481 1303 482 1303 552 1300 605 1298 616 1300 630 1303 631 1303 632 1303 633 1303 636 1300 643 1295 743 1297 746 1300 749 1303 750 1303 751 1303 752 1303 767 1300 794 1295 844 1300 845 1277 845 1250 797 1243 796 1243 795 1243 794 1243 783 1249 775 1255 766 1249 764 1247 763 1247 762 1247 718 1243 717 1243 656 1247 609 1251 601 1246 595 1243 594 1243 593 1243 501 1243 500 1243 499 1243 498 1243 494 1245 475 1255 474 1260"/>
                        </Shape>
                        <String CONTENT=""/>
                    </TextLine>
</TextBlock>
                <TextBlock ID="block_2" HPOS="115" VPOS="1297" WIDTH="376" HEIGHT="47" TAGREFS="TYPE_10">
                    <Shape>
                        <Polygon POINTS="115.59111022949219 1297.3670654296875 491.0842590332031 1297.3670654296875 491.0842590332031 1344.8173828125 115.59111022949219 1344.8173828125 115.59111022949219 1297.3670654296875"/>
                    </Shape>
                    <TextLine ID="line_25" HPOS="114" VPOS="1310" WIDTH="393" HEIGHT="37" BASELINE="115 1332 507 1334" TAGREFS="TYPE_1">
                        <Shape>
                            <Polygon POINTS="484 1310 480 1310 475 1314 473 1317 431 1317 427 1314 420 1310 416 1310 410 1310 405 1314 401 1317 374 1317 371 1314 365 1310 358 1310 356 1310 340 1314 335 1316 332 1314 325 1310 319 1310 309 1310 300 1310 290 1310 280 1310 270 1310 261 1310 258 1310 252 1314 251 1316 195 1316 193 1314 181 1310 173 1310 164 1310 154 1310 144 1310 135 1310 125 1310 118 1310 115 1312 115 1332 114 1347 506 1346 507 1334 507 1314 492 1310 484 1310"/>
                        </Shape>
                        <String CONTENT=""/>
                    </TextLine>
</TextBlock>
                <TextBlock ID="block_6" HPOS="60" VPOS="1348" WIDTH="795" HEIGHT="202" TAGREFS="TYPE_39">
                    <Shape>
                        <Polygon POINTS="60.779510498046875 1348.9288330078125 855.013671875 1348.9288330078125 855.013671875 1550.91748046875 60.779510498046875 1550.91748046875 60.779510498046875 1348.9288330078125"/>
                    </Shape>
                    <TextLine ID="line_26" HPOS="127" VPOS="1341" WIDTH="722" HEIGHT="62" BASELINE="128 1384 849 1380" TAGREFS="TYPE_1">
                        <Shape>
                            <Polygon POINTS="128 1384 128 1395 166 1403 167 1403 168 1403 192 1396 268 1403 269 1403 270 1403 282 1396 313 1401 314 1401 343 1395 352 1402 353 1402 354 1402 355 1403 378 1403 378 1402 379 1402 380 1402 387 1397 421 1401 422 1401 505 1394 520 1400 521 1400 522 1400 523 1400 548 1394 667 1401 668 1401 669 1401 695 1393 787 1400 788 1400 849 1391 849 1380 847 1349 815 1342 814 1342 813 1342 812 1342 804 1348 804 1349 720 1349 720 1348 705 1341 704 1341 703 1341 673 1347 648 1344 647 1344 646 1344 645 1344 639 1348 637 1349 626 1348 592 1344 591 1344 590 1344 578 1348 576 1348 575 1348 550 1341 549 1341 548 1341 547 1341 531 1348 527 1349 517 1348 478 1342 477 1342 476 1342 460 1347 453 1351 414 1351 408 1347 399 1342 398 1342 397 1342 396 1342 358 1347 351 1348 346 1347 321 1342 320 1342 319 1342 297 1347 285 1350 277 1347 268 1344 267 1344 266 1344 265 1344 257 1347 248 1351 235 1347 218 1343 217 1343 216 1343 127 1346 128 1384"/>
                        </Shape>
                        <String CONTENT=""/>
                    </TextLine>

                    <TextLine ID="line_27" HPOS="57" VPOS="1392" WIDTH="789" HEIGHT="58" BASELINE="58 1432 846 1430" TAGREFS="TYPE_1">
                        <Shape>
                            <Polygon POINTS="58 1432 58 1445 95 1444 112 1445 143 1450 144 1450 145 1450 158 1445 165 1444 188 1445 219 1448 220 1448 221 1448 227 1445 231 1444 250 1445 277 1448 278 1448 302 1445 316 1444 338 1445 396 1450 397 1450 398 1450 399 1450 405 1445 406 1444 408 1445 416 1450 417 1450 418 1450 419 1450 462 1445 481 1443 494 1445 513 1448 514 1448 545 1445 564 1443 567 1445 574 1449 575 1449 575 1449 576 1450 625 1450 625 1449 626 1449 642 1445 648 1443 658 1445 682 1449 683 1449 739 1445 741 1445 743 1445 817 1449 818 1449 845 1444 846 1430 845 1403 810 1402 788 1393 787 1393 786 1393 785 1393 765 1400 741 1392 740 1392 739 1392 668 1399 642 1392 642 1392 641 1392 640 1392 623 1400 618 1402 609 1400 579 1392 578 1392 577 1392 576 1392 563 1399 559 1402 522 1402 497 1399 452 1392 451 1392 426 1398 410 1401 394 1397 386 1396 385 1396 384 1396 381 1397 369 1403 341 1397 323 1393 322 1393 321 1393 314 1396 302 1404 220 1404 208 1395 205 1393 204 1393 203 1393 185 1393 184 1393 183 1393 182 1393 180 1395 175 1399 160 1395 159 1395 158 1395 157 1395 156 1395 145 1403 115 1403 99 1394 98 1393 97 1393 96 1393 95 1393 57 1393 58 1432"/>
                        </Shape>
                        <String CONTENT=""/>
                    </TextLine>

                    <TextLine ID="line_28" HPOS="55" VPOS="1440" WIDTH="791" HEIGHT="57" BASELINE="56 1479 846 1478" TAGREFS="TYPE_1">
                        <Shape>
                            <Polygon POINTS="56 1479 56 1493 194 1491 247 1494 294 1497 295 1497 308 1494 326 1491 343 1495 356 1497 357 1497 369 1495 387 1491 405 1495 416 1497 417 1497 439 1495 484 1490 527 1495 536 1496 537 1496 538 1496 539 1496 539 1495 547 1490 597 1496 605 1496 606 1496 607 1496 608 1496 614 1490 635 1496 637 1496 638 1496 639 1497 845 1497 846 1478 844 1448 807 1448 804 1447 797 1443 796 1443 795 1443 794 1443 768 1447 761 1448 758 1447 749 1440 748 1440 747 1440 746 1440 745 1440 727 1446 722 1448 715 1446 695 1441 694 1441 635 1440 634 1440 633 1440 620 1445 614 1448 593 1445 566 1442 565 1442 564 1442 563 1442 559 1445 553 1449 420 1449 408 1444 402 1441 401 1441 400 1441 399 1441 392 1444 377 1449 362 1444 357 1442 356 1442 355 1442 354 1442 349 1443 328 1449 300 1443 290 1441 289 1441 271 1443 233 1446 223 1442 220 1441 219 1441 148 1441 147 1441 146 1441 145 1441 133 1450 116 1450 90 1441 89 1441 55 1441 56 1479"/>
                        </Shape>
                        <String CONTENT=""/>
                    </TextLine>

                    <TextLine ID="line_29" HPOS="56" VPOS="1486" WIDTH="788" HEIGHT="77" BASELINE="57 1525 844 1530" TAGREFS="TYPE_1">
                        <Shape>
                            <Polygon POINTS="57 1525 56 1543 130 1546 152 1559 153 1559 154 1559 234 1551 247 1560 248 1560 249 1560 250 1561 336 1561 336 1560 366 1553 394 1561 395 1561 396 1562 446 1562 446 1561 447 1561 448 1561 463 1550 480 1559 481 1559 482 1559 483 1559 528 1547 568 1547 581 1556 582 1556 583 1556 584 1556 615 1554 616 1554 617 1554 627 1547 673 1547 714 1563 715 1563 716 1563 717 1563 733 1558 750 1563 751 1563 752 1563 753 1563 754 1563 777 1548 843 1548 844 1530 843 1499 809 1498 794 1490 793 1490 792 1490 791 1490 767 1498 766 1499 737 1499 735 1498 723 1490 722 1490 721 1490 699 1490 698 1490 697 1490 696 1490 686 1497 663 1491 662 1491 661 1491 630 1497 629 1497 618 1489 617 1489 616 1489 615 1489 614 1489 594 1497 593 1497 494 1497 493 1496 481 1488 480 1488 479 1488 478 1488 425 1496 422 1496 421 1496 411 1488 410 1488 409 1488 371 1487 370 1487 369 1487 346 1495 346 1496 253 1496 250 1495 212 1486 211 1486 57 1493 57 1525"/>
                        </Shape>
                        <String CONTENT=""/>
                    </TextLine>
</TextBlock>
            </PrintSpace>
        </Page>
    </Layout>
</alto>