<?xml version="1.0" encoding="UTF-8"?>
<alto xmlns:xsi="http://www.w3.org/2001/XMLSchema-instance"
    xmlns="http://www.loc.gov/standards/alto/ns-v4#"
    xsi:schemaLocation="http://www.loc.gov/standards/alto/ns-v4# http://www.loc.gov/standards/alto/v4/alto-4-3.xsd">
    <Description>
        <MeasurementUnit>pixel</MeasurementUnit>
        <sourceImageInformation>
            <fileName>bsb10313792_00176.jpg</fileName>
        </sourceImageInformation>
        <Processing ID="OCR_0">
            <processingCategory>other</processingCategory>
            <processingStepDescription>unknown</processingStepDescription>
            <processingSoftware>
                <softwareName>kraken</softwareName>
                <softwareVersion>4.3.13</softwareVersion>
            </processingSoftware>
        </Processing>
    </Description>
    <Tags>
        <OtherTag ID="TYPE_1" LABEL="DefaultLine"/>
        <OtherTag ID="TYPE_2" LABEL="MainZone-Other"/>
        <OtherTag ID="TYPE_3" LABEL="RunningTitleZone"/>
        <OtherTag ID="TYPE_4" LABEL="QuireMarksZone"/>
        <OtherTag ID="TYPE_5" LABEL="MarginTextZone-Notes-Continued"/>
        <OtherTag ID="TYPE_6" LABEL="MarginTextZone-Notes"/>
        <OtherTag ID="TYPE_7" LABEL="GraphicZone-TextualContent"/>
        <OtherTag ID="TYPE_8" LABEL="DigitizationArtefactZone"/>
        <OtherTag ID="TYPE_9" LABEL="TableZone-Continued"/>
        <OtherTag ID="TYPE_10" LABEL="MainZone-Lg"/>
        <OtherTag ID="TYPE_11" LABEL="MainZone-Head"/>
        <OtherTag ID="TYPE_12" LABEL="StampZone"/>
        <OtherTag ID="TYPE_13" LABEL="MainZone-Form"/>
        <OtherTag ID="TYPE_14" LABEL="MainZone-List-Continued"/>
        <OtherTag ID="TYPE_15" LABEL="MainZone-Signature"/>
        <OtherTag ID="TYPE_16" LABEL="MarginTextZone-ManuscriptAddendum"/>
        <OtherTag ID="TYPE_17" LABEL="MainZone-P-Continued"/>
        <OtherTag ID="TYPE_18" LABEL="StampZone-Sticker"/>
        <OtherTag ID="TYPE_19" LABEL="TableZone-Head"/>
        <OtherTag ID="TYPE_20" LABEL="GraphicZone-Decoration"/>
        <OtherTag ID="TYPE_21" LABEL="DropCapitalZone"/>
        <OtherTag ID="TYPE_22" LABEL="NumberingZone"/>
        <OtherTag ID="TYPE_23" LABEL="FigureZone-Head"/>
        <OtherTag ID="TYPE_24" LABEL="TitlePageZone"/>
        <OtherTag ID="TYPE_25" LABEL="GraphicZone-Maths"/>
        <OtherTag ID="TYPE_26" LABEL="MainZone-Entry-Continued"/>
        <OtherTag ID="TYPE_27" LABEL="MainZone-Sp"/>
        <OtherTag ID="TYPE_28" LABEL="MainZone-Entry"/>
        <OtherTag ID="TYPE_29" LABEL="GraphicZone-Part"/>
        <OtherTag ID="TYPE_30" LABEL="GraphicZone"/>
        <OtherTag ID="TYPE_31" LABEL="MainZone-Sp-Continued"/>
        <OtherTag ID="TYPE_32" LABEL="TableZone"/>
        <OtherTag ID="TYPE_33" LABEL="TitlePageZone-Index"/>
        <OtherTag ID="TYPE_34" LABEL="AdvertisementZone"/>
        <OtherTag ID="TYPE_35" LABEL="MainZone-Date"/>
        <OtherTag ID="TYPE_36" LABEL="FigureZone-FigDesc"/>
        <OtherTag ID="TYPE_37" LABEL="GraphicZone-Head"/>
        <OtherTag ID="TYPE_38" LABEL="MainZone-List"/>
        <OtherTag ID="TYPE_39" LABEL="MainZone-P"/>
        <OtherTag ID="TYPE_40" LABEL="MainZone-Lg-Continued"/>
        <OtherTag ID="TYPE_41" LABEL="FigureZone"/>
        <OtherTag ID="TYPE_42" LABEL="GraphicZone-FigDesc"/>
    </Tags>
    <Layout>
        <Page WIDTH="1014" HEIGHT="1756" PHYSICAL_IMG_NR="0" ID="page_0">
            <PrintSpace HPOS="0" VPOS="0" WIDTH="1014" HEIGHT="1756">
                <TextBlock ID="block_4" HPOS="196" VPOS="55" WIDTH="71" HEIGHT="43" TAGREFS="TYPE_22">
                    <Shape>
                        <Polygon POINTS="196.69386291503906 55.95036697387695 267.1035461425781 55.95036697387695 267.1035461425781 98.19136047363281 196.69386291503906 98.19136047363281 196.69386291503906 55.95036697387695"/>
                    </Shape>
                    <TextLine ID="line_0" HPOS="199" VPOS="54" WIDTH="73" HEIGHT="48" BASELINE="199 84 272 84" TAGREFS="TYPE_1">
                        <Shape>
                            <Polygon POINTS="238 54 228 54 218 54 208 54 206 54 199 57 199 84 199 99 271 102 272 84 272 58 244 54 238 54"/>
                        </Shape>
                        <String CONTENT=""/>
                    </TextLine>
</TextBlock>
                <TextBlock ID="block_0" HPOS="369" VPOS="49" WIDTH="450" HEIGHT="45" TAGREFS="TYPE_3">
                    <Shape>
                        <Polygon POINTS="369.3435974121094 49.93260192871094 819.6175537109375 49.93260192871094 819.6175537109375 94.94705200195312 369.3435974121094 94.94705200195312 369.3435974121094 49.93260192871094"/>
                    </Shape>
                    <TextLine ID="line_1" HPOS="368" VPOS="41" WIDTH="449" HEIGHT="64" BASELINE="369 83 817 80" TAGREFS="TYPE_1">
                        <Shape>
                            <Polygon POINTS="798 49 788 48 778 48 772 48 769 48 759 48 749 48 739 48 730 48 720 48 710 48 700 48 690 48 681 48 680 48 671 48 661 48 651 48 642 48 637 48 632 48 622 48 612 48 609 48 608 49 583 49 581 48 573 48 564 48 554 48 544 48 534 48 525 48 515 48 505 48 495 48 486 48 476 48 466 48 456 48 446 48 437 48 427 48 417 48 411 48 410 49 405 48 398 48 388 48 378 48 372 48 368 50 369 83 369 105 436 104 437 104 438 104 438 103 443 99 461 104 462 104 463 104 466 104 534 98 568 103 572 103 573 103 580 103 625 98 653 102 666 103 667 103 668 103 673 101 685 97 690 101 691 102 692 102 693 102 694 102 816 99 817 80 816 46 809 41 808 41 807 41 806 41 799 42 798 49"/>
                        </Shape>
                        <String CONTENT=""/>
                    </TextLine>
</TextBlock>
                <TextBlock ID="block_3" HPOS="193" VPOS="99" WIDTH="773" HEIGHT="347" TAGREFS="TYPE_17">
                    <Shape>
                        <Polygon POINTS="193.13682556152344 99.53810119628906 966.2761840820312 99.53810119628906 966.2761840820312 446.4093322753906 193.13682556152344 446.4093322753906 193.13682556152344 99.53810119628906"/>
                    </Shape>
                    <TextLine ID="line_2" HPOS="195" VPOS="97" WIDTH="765" HEIGHT="63" BASELINE="196 140 960 134" TAGREFS="TYPE_1">
                        <Shape>
                            <Polygon POINTS="819 97 810 97 800 97 790 97 784 97 759 107 744 107 730 97 722 97 712 97 702 97 696 97 695 97 676 107 656 97 655 97 654 97 653 97 614 107 607 102 606 102 605 102 604 102 547 107 531 99 530 99 529 99 528 99 527 99 513 108 482 97 481 97 478 97 468 97 458 97 450 97 449 97 448 97 447 97 437 104 323 98 322 98 275 99 274 99 273 99 256 111 195 111 196 140 196 153 242 153 243 153 259 160 260 160 261 160 320 153 325 152 329 152 356 158 357 158 418 152 419 152 430 159 431 159 432 159 433 159 474 155 501 159 502 159 503 159 525 153 576 159 577 159 670 158 671 158 682 153 712 157 713 157 714 157 730 149 731 149 733 149 765 157 766 157 852 156 853 156 854 156 863 150 924 156 925 156 926 156 927 156 938 148 939 148 959 148 960 134 958 106 871 106 857 98 856 98 855 98 854 98 842 104 825 97 819 97"/>
                        </Shape>
                        <String CONTENT=""/>
                    </TextLine>

                    <TextLine ID="line_3" HPOS="195" VPOS="149" WIDTH="769" HEIGHT="61" BASELINE="196 187 964 184" TAGREFS="TYPE_1">
                        <Shape>
                            <Polygon POINTS="196 187 196 201 243 201 244 202 262 209 263 209 264 209 265 209 281 202 302 208 303 208 304 208 355 202 364 201 365 202 378 209 379 209 380 210 397 210 397 209 398 209 399 209 407 202 408 201 412 202 439 208 440 208 486 202 502 200 510 202 521 205 522 205 523 205 541 202 552 200 555 202 560 206 561 206 562 206 563 206 564 206 573 202 578 200 582 202 593 208 594 208 595 208 703 206 704 206 715 202 721 200 725 202 731 207 732 207 733 207 734 207 735 207 736 207 742 202 746 199 764 202 790 207 791 207 792 207 807 202 815 200 828 202 853 207 854 207 855 207 865 202 869 201 873 202 887 207 888 207 889 207 964 202 964 184 962 151 932 149 932 149 931 149 926 151 913 157 896 151 889 149 888 149 853 149 852 149 851 149 845 152 833 157 811 152 802 151 801 151 800 151 799 151 797 153 790 158 737 158 728 153 716 149 715 149 714 149 657 154 618 158 612 155 605 151 604 151 603 151 602 151 591 155 586 157 581 155 565 150 564 150 563 150 562 150 543 156 536 158 533 156 527 150 526 150 525 150 524 150 489 156 455 150 454 150 453 150 452 150 445 157 442 159 427 157 378 151 377 151 376 151 355 158 351 159 343 158 303 153 302 153 301 153 300 153 291 159 290 159 248 159 243 159 232 151 231 151 230 151 207 151 206 151 205 151 204 151 195 157 196 187"/>
                        </Shape>
                        <String CONTENT=""/>
                    </TextLine>

                    <TextLine ID="line_4" HPOS="194" VPOS="195" WIDTH="768" HEIGHT="65" BASELINE="195 236 962 231" TAGREFS="TYPE_1">
                        <Shape>
                            <Polygon POINTS="195 236 196 260 209 253 308 253 324 259 324 259 325 259 326 259 327 259 328 259 351 252 399 252 406 258 407 258 408 258 409 258 410 258 422 252 440 257 441 257 442 257 473 252 484 258 485 258 486 258 486 258 494 257 549 251 580 257 584 257 585 257 961 253 962 231 959 205 892 205 890 204 880 197 879 197 878 197 877 197 856 199 850 195 849 195 848 195 847 195 818 198 817 198 816 198 809 203 804 207 728 207 719 202 704 197 703 197 702 197 675 202 650 207 602 206 595 201 588 197 587 197 586 197 500 197 499 197 498 197 490 200 488 201 486 200 476 198 475 198 474 198 473 198 472 198 469 200 458 209 409 209 382 199 375 198 374 198 373 198 333 199 268 202 194 199 195 236"/>
                        </Shape>
                        <String CONTENT=""/>
                    </TextLine>

                    <TextLine ID="line_5" HPOS="194" VPOS="245" WIDTH="767" HEIGHT="62" BASELINE="195 286 961 280" TAGREFS="TYPE_1">
                        <Shape>
                            <Polygon POINTS="195 286 195 301 292 306 293 306 353 301 354 301 376 307 377 307 378 307 420 302 432 307 433 307 434 307 467 300 470 300 475 300 547 306 548 306 549 306 573 300 577 299 593 299 703 305 704 305 960 297 961 280 958 248 923 252 917 248 913 245 912 245 911 245 870 245 869 245 868 245 854 249 842 253 831 250 819 246 818 246 817 246 816 246 815 246 811 250 803 255 665 255 652 252 628 247 627 247 578 254 566 255 561 254 542 248 541 248 540 248 539 248 525 254 521 257 461 257 459 255 445 250 444 250 443 250 442 250 441 250 433 256 431 257 417 256 332 249 331 249 287 250 286 250 285 250 275 258 222 250 221 250 220 250 194 259 195 286"/>
                        </Shape>
                        <String CONTENT=""/>
                    </TextLine>

                    <TextLine ID="line_6" HPOS="193" VPOS="292" WIDTH="761" HEIGHT="65" BASELINE="194 335 954 328" TAGREFS="TYPE_1">
                        <Shape>
                            <Polygon POINTS="194 335 194 350 347 349 348 349 355 355 356 355 357 355 390 357 391 357 437 349 444 348 445 349 452 354 453 354 454 354 496 356 497 356 540 348 549 347 561 348 621 355 622 355 767 353 795 347 803 345 817 346 867 352 868 352 893 346 901 344 905 346 916 351 917 351 918 351 954 345 954 328 949 294 938 301 924 295 918 292 917 292 916 292 915 292 910 295 897 302 876 302 863 296 854 292 853 292 852 292 851 292 838 296 827 299 814 296 796 293 795 293 768 297 732 304 687 304 678 299 673 297 672 297 671 297 660 299 644 303 638 300 627 294 626 294 625 294 600 300 596 301 592 300 572 295 571 295 570 295 569 295 568 295 560 301 554 305 518 305 512 302 503 296 502 296 501 296 500 296 477 301 465 296 464 296 463 296 462 296 461 296 450 303 446 306 407 306 397 304 374 299 373 299 334 305 332 305 321 297 320 297 319 297 318 297 317 297 316 297 306 303 228 298 227 298 226 298 225 298 212 307 211 308 193 308 194 335"/>
                        </Shape>
                        <String CONTENT=""/>
                    </TextLine>

                    <TextLine ID="line_7" HPOS="193" VPOS="344" WIDTH="754" HEIGHT="59" BASELINE="194 383 947 377" TAGREFS="TYPE_1">
                        <Shape>
                            <Polygon POINTS="194 383 194 399 274 399 281 403 282 403 283 403 283 403 325 399 334 398 343 399 388 403 389 403 412 399 418 398 424 399 447 402 448 402 491 399 503 398 505 399 511 402 512 402 513 402 514 402 595 401 608 399 622 396 631 399 639 401 640 401 641 401 788 400 789 400 793 399 801 395 811 399 814 400 815 400 816 400 817 400 824 399 842 395 946 399 947 377 945 344 880 344 879 344 870 345 819 354 725 354 712 348 703 345 702 345 701 345 685 349 661 354 622 350 584 346 583 346 582 346 581 346 573 351 571 352 564 351 533 347 532 347 531 347 513 352 501 355 484 353 445 347 444 347 378 355 365 356 345 355 248 351 247 351 193 358 194 383"/>
                        </Shape>
                        <String CONTENT=""/>
                    </TextLine>

                    <TextLine ID="line_8" HPOS="195" VPOS="391" WIDTH="740" HEIGHT="64" BASELINE="195 435 935 429" TAGREFS="TYPE_1">
                        <Shape>
                            <Polygon POINTS="262 434 252 434 243 434 233 434 223 434 213 434 203 434 198 434 195 435 195 447 287 447 305 455 306 455 307 455 308 455 326 447 421 450 422 450 439 446 446 445 457 446 496 453 497 453 688 452 689 452 705 446 711 445 736 446 801 451 802 451 831 446 861 442 934 446 935 429 934 401 901 391 900 391 899 391 866 397 850 391 849 391 848 391 777 403 757 407 752 404 733 392 732 392 731 392 730 392 730 392 686 405 677 407 667 405 610 393 609 393 608 393 608 393 596 402 567 407 564 407 562 407 539 399 538 399 537 399 479 404 455 402 446 394 445 394 444 394 443 394 409 395 408 395 383 404 369 395 368 395 367 395 366 395 326 399 320 395 319 395 318 395 317 395 316 395 266 410 262 434"/>
                        </Shape>
                        <String CONTENT=""/>
                    </TextLine>
</TextBlock>
                <TextBlock ID="block_6" HPOS="191" VPOS="448" WIDTH="778" HEIGHT="341" TAGREFS="TYPE_39">
                    <Shape>
                        <Polygon POINTS="191.52047729492188 448.2426452636719 969.6917114257812 448.2426452636719 969.6917114257812 789.4697875976562 191.52047729492188 789.4697875976562 191.52047729492188 448.2426452636719"/>
                    </Shape>
                    <TextLine ID="line_9" HPOS="241" VPOS="439" WIDTH="712" HEIGHT="66" BASELINE="242 483 953 476" TAGREFS="TYPE_1">
                        <Shape>
                            <Polygon POINTS="242 483 242 498 278 505 279 505 280 505 281 505 287 498 296 498 329 497 336 498 361 502 362 502 398 497 403 497 405 497 426 503 427 503 428 503 429 503 445 497 448 496 470 497 565 502 566 502 601 496 613 494 663 494 666 495 672 500 673 500 674 500 675 500 952 493 953 476 950 444 885 450 872 444 859 439 858 439 857 439 856 439 841 444 822 452 778 452 765 445 764 444 763 444 762 444 757 445 723 452 705 445 695 441 694 441 693 441 692 441 691 441 687 445 676 454 607 454 582 446 570 442 569 442 568 442 567 442 567 442 563 446 553 454 536 446 528 442 527 442 527 442 503 446 486 449 476 446 462 442 461 442 460 442 459 442 458 442 458 443 454 446 450 450 443 446 433 442 432 442 431 442 389 443 388 443 375 447 347 455 314 447 299 444 298 444 241 447 242 483"/>
                        </Shape>
                        <String CONTENT=""/>
                    </TextLine>

                    <TextLine ID="line_10" HPOS="195" VPOS="490" WIDTH="766" HEIGHT="63" BASELINE="196 532 701 531 961 524" TAGREFS="TYPE_1">
                        <Shape>
                            <Polygon POINTS="946 495 945 494 891 490 890 490 889 490 888 490 879 496 869 502 820 502 808 497 793 491 792 491 791 491 790 491 773 498 763 502 744 498 740 498 739 498 735 498 717 503 712 499 703 492 702 492 701 492 633 492 632 492 631 492 630 492 616 500 609 505 487 505 484 503 475 499 474 499 473 499 447 503 438 505 436 504 424 495 423 495 422 495 421 495 420 495 394 503 334 494 333 494 294 495 293 495 292 495 282 504 264 498 263 498 262 498 261 498 238 506 215 499 214 499 213 499 212 499 195 506 196 532 196 546 349 546 355 546 405 553 406 553 407 553 429 546 430 546 431 546 444 551 445 551 446 551 483 546 493 545 502 546 535 552 536 553 608 553 608 552 608 552 623 546 628 544 632 546 645 551 646 551 647 552 716 552 716 551 717 551 727 546 729 546 768 550 769 550 770 550 770 550 775 546 778 543 787 546 800 550 801 550 802 550 961 545 961 524 959 495 946 494 946 495"/>
                        </Shape>
                        <String CONTENT=""/>
                    </TextLine>

                    <TextLine ID="line_11" HPOS="192" VPOS="540" WIDTH="767" HEIGHT="64" BASELINE="193 581 669 581 959 574" TAGREFS="TYPE_1">
                        <Shape>
                            <Polygon POINTS="193 581 193 597 290 597 292 597 310 602 311 602 312 602 313 602 330 597 331 597 342 604 343 604 344 604 345 604 386 598 438 603 439 603 440 603 441 603 451 597 454 595 509 595 518 597 538 602 539 602 540 603 651 603 651 602 652 602 670 597 679 594 684 597 693 601 694 601 695 601 958 596 959 574 956 542 911 549 891 544 890 544 889 544 888 544 887 544 880 549 863 542 857 540 856 540 855 540 854 540 853 540 851 542 842 549 815 544 814 544 813 544 799 551 748 551 730 543 728 542 727 542 726 542 714 543 649 552 520 552 498 545 493 543 492 543 491 543 490 543 486 545 467 552 448 545 441 542 440 542 439 542 425 545 401 551 385 545 384 545 383 545 382 545 377 545 344 550 338 546 335 543 334 543 333 543 332 543 192 546 193 581"/>
                        </Shape>
                        <String CONTENT=""/>
                    </TextLine>

                    <TextLine ID="line_12" HPOS="193" VPOS="593" WIDTH="769" HEIGHT="57" BASELINE="194 629 730 631 962 626" TAGREFS="TYPE_1">
                        <Shape>
                            <Polygon POINTS="194 629 194 640 236 642 245 649 246 649 247 649 248 649 249 649 261 644 300 648 301 648 302 648 320 641 323 641 397 648 398 648 399 648 400 648 410 641 412 640 416 641 445 649 446 649 446 649 487 641 490 641 501 649 502 649 503 649 504 649 505 649 523 641 524 641 527 641 571 649 572 649 603 642 634 649 635 650 831 650 831 649 832 649 833 649 842 642 846 640 913 640 918 642 928 647 929 647 930 647 961 642 962 626 960 596 810 593 809 593 808 593 796 597 781 600 761 597 741 593 740 593 739 593 730 597 719 601 470 601 464 598 454 595 453 595 452 595 451 595 444 598 441 599 433 598 393 593 392 593 391 593 390 593 380 598 380 599 317 600 312 599 290 593 289 593 219 593 218 593 217 593 193 599 194 629"/>
                        </Shape>
                        <String CONTENT=""/>
                    </TextLine>

                    <TextLine ID="line_13" HPOS="193" VPOS="638" WIDTH="764" HEIGHT="64" BASELINE="194 679 957 673" TAGREFS="TYPE_1">
                        <Shape>
                            <Polygon POINTS="944 645 940 638 937 638 936 638 935 638 934 638 921 642 907 647 889 643 888 643 887 643 885 643 845 648 835 644 833 643 832 643 831 643 810 644 735 650 670 650 666 647 663 644 662 644 661 644 660 644 630 647 603 650 588 648 542 640 541 640 505 645 479 641 478 641 477 641 476 641 467 646 329 642 328 642 327 642 326 642 314 652 245 643 244 643 193 654 194 679 194 693 249 693 253 693 286 700 287 700 288 700 300 693 302 692 401 692 404 693 416 701 417 701 418 701 419 701 465 693 477 691 479 693 486 698 486 698 487 698 488 698 489 698 501 693 528 701 529 701 530 702 602 702 602 701 603 701 622 692 629 689 633 692 643 700 644 700 645 700 646 701 737 701 737 700 738 700 757 693 772 699 773 699 774 700 825 700 825 699 826 699 851 692 869 687 881 692 895 698 896 698 897 698 956 691 957 673 956 642 946 639 944 645"/>
                        </Shape>
                        <String CONTENT=""/>
                    </TextLine>

                    <TextLine ID="line_14" HPOS="192" VPOS="688" WIDTH="770" HEIGHT="64" BASELINE="193 728 962 723" TAGREFS="TYPE_1">
                        <Shape>
                            <Polygon POINTS="193 728 193 742 323 746 324 746 342 743 353 741 357 743 369 749 370 749 371 749 372 749 383 743 388 741 418 741 428 743 462 752 463 752 464 752 465 752 490 743 492 743 503 743 534 745 535 745 536 745 537 745 539 743 544 740 554 743 573 750 574 750 575 750 609 747 621 752 622 752 623 752 624 752 644 744 650 741 660 744 686 751 687 751 688 751 752 745 772 751 773 751 774 751 961 744 962 723 961 696 936 689 935 689 934 689 933 689 911 696 909 697 779 697 778 697 761 688 760 688 759 688 758 688 757 688 743 697 740 697 699 692 698 692 654 697 626 689 625 689 624 689 623 689 589 698 588 698 582 693 581 693 580 693 579 693 543 697 505 689 504 689 503 689 502 689 494 695 488 690 487 690 486 690 462 690 461 690 426 698 402 690 401 690 345 690 344 690 343 690 326 698 318 692 317 692 316 692 315 692 314 692 313 692 301 700 299 700 258 691 257 691 256 691 233 700 233 701 192 701 193 728"/>
                        </Shape>
                        <String CONTENT=""/>
                    </TextLine>

                    <TextLine ID="line_15" HPOS="195" VPOS="772" WIDTH="516" HEIGHT="25" BASELINE="195 776 711 776" TAGREFS="TYPE_1">
                        <Shape>
                            <Polygon POINTS="702 772 692 772 683 772 673 772 663 772 653 772 644 772 634 772 624 772 614 772 605 772 595 772 585 772 575 772 566 772 556 772 546 772 536 772 527 772 517 772 507 772 497 772 487 772 478 772 468 772 458 772 448 772 439 772 429 772 419 772 409 772 400 772 390 772 380 772 370 772 361 772 351 772 341 772 331 772 322 772 312 772 302 772 292 772 283 772 273 772 263 772 253 772 243 772 234 772 224 772 214 772 204 772 195 772 195 776 195 797 243 797 243 796 243 796 244 796 244 795 250 790 306 790 322 796 324 796 324 796 325 796 332 795 366 791 397 795 407 796 408 796 409 796 410 796 411 795 416 790 424 795 427 796 428 796 429 796 447 795 486 791 498 794 505 796 506 796 507 796 519 794 533 791 548 794 560 796 561 796 580 794 607 790 616 793 624 796 625 796 626 797 648 797 648 796 648 796 649 796 649 795 652 793 655 790 710 792 711 776 711 772 702 772"/>
                        </Shape>
                        <String CONTENT=""/>
                    </TextLine>
</TextBlock>
                <TextBlock ID="block_5" HPOS="188" VPOS="791" WIDTH="781" HEIGHT="532" TAGREFS="TYPE_39">
                    <Shape>
                        <Polygon POINTS="188.93115234375 791.5051879882812 969.57958984375 791.5051879882812 969.57958984375 1323.2183837890625 188.93115234375 1323.2183837890625 188.93115234375 791.5051879882812"/>
                    </Shape>
                    <TextLine ID="line_16" HPOS="222" VPOS="784" WIDTH="735" HEIGHT="64" BASELINE="223 825 957 820" TAGREFS="TYPE_1">
                        <Shape>
                            <Polygon POINTS="223 825 223 841 258 841 259 841 274 848 275 848 276 848 277 848 294 841 295 840 369 840 375 840 417 847 418 847 467 840 468 840 475 845 476 845 477 845 478 845 544 841 562 846 563 846 564 847 662 847 662 846 703 839 710 844 711 844 712 844 791 845 792 845 793 845 809 838 811 838 813 838 842 844 843 844 956 837 957 820 955 789 919 784 918 784 917 784 916 784 910 789 904 794 862 794 847 790 817 784 816 784 815 784 814 784 807 791 804 794 737 794 732 792 724 786 723 786 722 786 691 785 690 785 689 785 669 793 661 795 640 793 609 790 608 790 608 790 594 794 588 795 587 794 577 786 576 786 575 786 574 786 573 786 555 794 553 795 550 794 525 786 524 786 523 786 522 786 521 786 506 795 503 797 443 797 440 796 407 789 406 789 405 789 388 795 372 787 371 787 370 787 369 787 368 787 357 796 323 797 308 788 307 788 306 788 243 788 242 788 241 788 222 797 223 825"/>
                        </Shape>
                        <String CONTENT=""/>
                    </TextLine>

                    <TextLine ID="line_17" HPOS="187" VPOS="836" WIDTH="771" HEIGHT="60" BASELINE="188 876 781 875 958 869" TAGREFS="TYPE_1">
                        <Shape>
                            <Polygon POINTS="188 876 188 889 288 889 322 896 323 896 324 896 324 896 334 889 418 893 419 893 450 888 458 894 459 894 460 894 461 895 510 895 510 894 569 888 579 895 580 895 581 895 582 896 649 896 649 895 650 895 651 895 659 889 678 894 679 894 680 894 718 887 736 894 737 894 738 895 828 895 828 894 829 894 843 887 862 894 863 894 864 894 934 893 935 893 958 885 958 869 957 842 935 836 934 836 933 836 885 841 860 844 794 841 758 839 757 839 730 840 657 844 646 840 642 838 641 838 640 838 631 839 604 845 529 844 515 839 503 836 502 836 501 836 481 838 450 844 443 838 442 838 441 838 440 838 439 838 438 838 422 843 409 838 405 837 404 837 403 837 356 838 249 842 187 838 188 876"/>
                        </Shape>
                        <String CONTENT=""/>
                    </TextLine>

                    <TextLine ID="line_18" HPOS="189" VPOS="884" WIDTH="771" HEIGHT="63" BASELINE="190 924 733 923 960 917" TAGREFS="TYPE_1">
                        <Shape>
                            <Polygon POINTS="190 924 190 937 207 944 208 944 209 944 295 938 322 947 323 947 324 947 324 947 344 940 369 944 370 944 418 937 465 946 466 946 626 940 637 945 638 945 639 945 809 944 810 944 811 944 816 939 823 944 824 944 825 944 826 945 884 945 884 944 885 944 908 934 960 933 960 917 959 893 936 886 935 886 934 886 933 886 921 893 867 893 785 893 784 893 772 885 771 885 770 885 770 885 769 885 753 889 703 884 702 884 701 884 700 884 688 893 686 894 678 893 622 887 621 887 593 894 590 894 587 894 555 884 554 884 553 884 552 884 522 894 517 896 480 896 477 894 460 885 459 885 418 885 417 885 416 885 396 894 393 896 364 896 362 894 352 886 351 886 350 886 349 886 348 886 317 894 310 896 308 894 298 886 297 886 296 886 295 886 294 886 269 894 267 895 264 894 241 886 240 886 239 886 189 894 190 924"/>
                        </Shape>
                        <String CONTENT=""/>
                    </TextLine>

                    <TextLine ID="line_19" HPOS="193" VPOS="933" WIDTH="762" HEIGHT="63" BASELINE="194 976 770 973 955 967" TAGREFS="TYPE_1">
                        <Shape>
                            <Polygon POINTS="194 976 194 996 323 987 341 992 342 992 343 992 372 987 388 993 394 995 395 995 396 995 397 995 398 995 401 993 409 987 420 992 428 996 429 996 430 996 431 996 440 992 443 991 467 991 572 995 573 995 619 989 620 989 674 994 675 994 676 994 677 994 688 987 690 985 694 987 704 994 705 994 706 994 707 994 736 987 756 993 757 993 758 993 759 993 760 993 769 986 772 984 785 986 838 993 839 993 863 992 864 992 865 992 877 984 880 983 954 983 955 967 954 943 936 933 935 933 934 933 837 943 758 935 757 935 756 935 755 935 745 943 737 937 736 937 735 937 734 937 733 937 708 944 707 945 666 945 630 945 613 937 612 937 611 937 610 937 590 945 548 945 522 945 520 945 450 936 449 936 448 936 432 945 407 937 406 937 327 937 326 937 274 938 273 938 272 938 264 944 209 938 208 938 207 938 193 945 194 976"/>
                        </Shape>
                        <String CONTENT=""/>
                    </TextLine>

                    <TextLine ID="line_20" HPOS="191" VPOS="981" WIDTH="765" HEIGHT="61" BASELINE="192 1024 956 1016" TAGREFS="TYPE_1">
                        <Shape>
                            <Polygon POINTS="192 1024 192 1038 241 1036 251 1038 264 1041 265 1041 266 1041 267 1041 276 1037 280 1037 289 1037 324 1042 324 1042 325 1042 326 1042 334 1037 338 1035 358 1035 364 1037 376 1041 377 1041 378 1041 379 1041 380 1041 387 1037 391 1034 411 1034 415 1036 422 1041 423 1041 424 1041 425 1041 426 1041 427 1041 437 1036 438 1036 473 1041 474 1041 519 1035 525 1034 527 1035 539 1040 540 1040 541 1040 542 1040 543 1040 552 1034 555 1032 591 1032 600 1034 631 1039 632 1039 705 1038 706 1038 707 1038 714 1034 749 1038 750 1038 751 1038 775 1031 776 1031 777 1031 807 1037 808 1037 861 1030 870 1029 905 1029 906 1029 923 1037 924 1037 925 1037 926 1037 956 1028 956 1016 955 989 926 981 925 981 874 981 873 981 872 981 871 981 858 989 856 990 844 989 765 982 764 982 763 982 748 990 744 992 600 992 597 990 584 984 583 984 582 984 550 991 538 993 530 991 515 986 514 986 513 986 489 991 475 995 440 995 435 991 428 986 427 986 426 986 397 986 396 986 395 986 382 992 374 995 366 992 356 987 355 987 354 987 322 992 299 995 277 992 246 988 245 988 244 988 231 992 225 994 191 993 192 1024"/>
                        </Shape>
                        <String CONTENT=""/>
                    </TextLine>

                    <TextLine ID="line_21" HPOS="185" VPOS="1028" WIDTH="772" HEIGHT="61" BASELINE="185 1072 957 1065" TAGREFS="TYPE_1">
                        <Shape>
                            <Polygon POINTS="185 1059 185 1072 185 1087 473 1084 475 1084 491 1089 492 1089 493 1089 494 1089 511 1084 518 1082 567 1083 707 1087 708 1087 709 1087 710 1087 718 1081 719 1081 730 1081 845 1086 846 1086 956 1078 957 1065 956 1037 932 1031 931 1031 930 1031 901 1036 876 1028 875 1028 874 1028 873 1028 872 1028 860 1037 845 1037 822 1029 821 1029 820 1029 819 1029 801 1037 713 1030 712 1030 711 1030 710 1030 694 1039 650 1039 627 1030 626 1030 625 1030 624 1030 601 1039 600 1039 576 1039 566 1031 565 1031 564 1031 515 1031 514 1031 513 1031 477 1040 477 1041 463 1041 461 1041 447 1032 446 1032 446 1032 405 1032 405 1032 360 1041 359 1041 357 1041 219 1034 218 1034 217 1034 189 1041 185 1059"/>
                        </Shape>
                        <String CONTENT=""/>
                    </TextLine>

                    <TextLine ID="line_22" HPOS="184" VPOS="1079" WIDTH="779" HEIGHT="59" BASELINE="185 1120 963 1117" TAGREFS="TYPE_1">
                        <Shape>
                            <Polygon POINTS="184 1106 185 1120 185 1133 351 1138 352 1138 353 1138 370 1133 379 1130 384 1132 394 1137 395 1137 396 1137 397 1137 411 1132 420 1130 546 1130 553 1132 571 1137 572 1137 573 1137 574 1137 592 1131 594 1131 595 1131 605 1136 606 1136 607 1137 761 1137 761 1136 804 1130 823 1128 877 1128 886 1130 904 1135 905 1135 906 1135 962 1129 963 1117 962 1085 941 1079 940 1079 939 1079 938 1079 921 1085 911 1089 825 1089 819 1086 810 1082 809 1082 808 1082 753 1087 724 1089 718 1087 701 1081 700 1081 699 1081 698 1081 687 1087 684 1089 679 1087 664 1082 663 1082 662 1082 661 1082 641 1088 635 1089 627 1088 577 1079 576 1079 575 1079 574 1079 561 1089 558 1091 533 1091 507 1089 498 1089 487 1080 486 1080 486 1080 411 1080 410 1080 409 1080 385 1090 385 1091 302 1091 301 1091 285 1081 284 1081 283 1081 283 1081 282 1081 269 1087 257 1081 256 1081 202 1081 201 1081 200 1081 199 1081 189 1087 184 1106"/>
                        </Shape>
                        <String CONTENT=""/>
                    </TextLine>

                    <TextLine ID="line_23" HPOS="185" VPOS="1125" WIDTH="778" HEIGHT="66" BASELINE="185 1169 963 1162" TAGREFS="TYPE_1">
                        <Shape>
                            <Polygon POINTS="185 1157 185 1169 185 1179 247 1181 274 1191 275 1191 276 1191 277 1191 299 1182 332 1181 342 1187 343 1187 344 1187 345 1187 346 1187 347 1187 357 1181 387 1185 388 1185 389 1185 404 1180 411 1178 427 1180 448 1183 449 1183 468 1180 484 1178 488 1180 502 1187 503 1187 504 1187 551 1180 563 1179 567 1180 583 1188 584 1188 585 1189 629 1189 629 1188 630 1188 646 1182 657 1186 658 1186 659 1186 660 1186 661 1186 669 1181 678 1176 725 1176 734 1181 742 1186 743 1186 744 1186 745 1187 786 1187 786 1186 787 1186 788 1186 796 1181 798 1180 800 1181 810 1186 811 1186 811 1187 851 1187 851 1186 851 1186 860 1181 866 1178 873 1181 880 1185 881 1185 882 1185 963 1181 963 1162 960 1125 940 1126 939 1126 938 1126 924 1137 901 1137 879 1126 875 1125 874 1125 873 1125 872 1125 871 1125 869 1127 855 1136 841 1127 840 1127 839 1127 838 1127 837 1127 836 1127 816 1138 770 1138 739 1130 728 1127 727 1127 726 1127 725 1127 721 1130 709 1139 596 1139 572 1138 567 1134 560 1128 559 1128 558 1128 518 1128 517 1128 474 1134 443 1129 442 1129 441 1129 440 1129 427 1137 425 1138 421 1137 396 1130 395 1130 353 1130 352 1130 351 1130 334 1139 327 1139 294 1142 262 1141 240 1140 231 1133 230 1133 229 1133 228 1133 188 1142 185 1157"/>
                        </Shape>
                        <String CONTENT=""/>
                    </TextLine>

                    <TextLine ID="line_24" HPOS="182" VPOS="1177" WIDTH="780" HEIGHT="57" BASELINE="183 1217 962 1215" TAGREFS="TYPE_1">
                        <Shape>
                            <Polygon POINTS="182 1196 183 1217 183 1227 243 1234 244 1234 245 1234 266 1228 271 1227 279 1228 315 1234 316 1234 353 1228 358 1228 362 1228 379 1232 380 1232 381 1232 382 1232 386 1229 389 1227 434 1229 549 1234 550 1234 551 1234 564 1229 573 1226 587 1230 600 1233 601 1233 602 1233 628 1230 651 1227 661 1230 667 1232 668 1232 669 1232 670 1232 671 1232 673 1230 679 1226 694 1230 706 1233 707 1233 708 1233 763 1230 852 1226 960 1231 962 1215 959 1183 937 1186 919 1183 898 1179 897 1179 896 1179 895 1179 891 1183 882 1189 772 1189 755 1184 748 1182 747 1182 746 1182 745 1182 740 1184 735 1186 730 1184 715 1177 714 1177 640 1177 639 1177 580 1185 546 1189 538 1185 533 1182 532 1182 531 1182 513 1185 505 1186 503 1185 488 1178 487 1178 428 1178 427 1178 426 1178 410 1185 348 1178 347 1178 346 1178 323 1186 313 1190 212 1190 207 1187 199 1181 198 1181 197 1181 196 1181 195 1181 186 1184 182 1196"/>
                        </Shape>
                        <String CONTENT=""/>
                    </TextLine>

                    <TextLine ID="line_25" HPOS="182" VPOS="1225" WIDTH="777" HEIGHT="65" BASELINE="183 1263 959 1261" TAGREFS="TYPE_1">
                        <Shape>
                            <Polygon POINTS="182 1240 183 1263 183 1277 364 1277 378 1282 379 1282 380 1282 429 1278 457 1288 458 1288 459 1288 460 1288 484 1277 500 1277 507 1277 529 1286 530 1286 531 1286 532 1286 546 1279 560 1280 571 1289 572 1289 573 1289 574 1290 637 1290 637 1289 638 1289 666 1282 785 1289 786 1289 787 1289 816 1279 839 1289 840 1289 841 1289 876 1283 885 1289 886 1289 887 1289 888 1290 923 1290 923 1289 924 1289 959 1277 959 1261 957 1236 867 1236 842 1226 841 1226 840 1226 839 1226 838 1226 825 1236 765 1236 736 1225 735 1225 734 1225 733 1225 711 1236 676 1236 639 1225 638 1225 637 1225 585 1236 532 1236 498 1226 497 1226 496 1226 462 1232 443 1226 442 1226 387 1226 386 1226 385 1226 365 1234 354 1226 353 1226 352 1226 351 1226 350 1226 329 1232 302 1226 301 1226 300 1226 286 1232 260 1226 259 1226 258 1226 257 1226 246 1235 183 1237 182 1240"/>
                        </Shape>
                        <String CONTENT=""/>
                    </TextLine>

                    <TextLine ID="line_26" HPOS="182" VPOS="1288" WIDTH="255" HEIGHT="44" BASELINE="183 1313 437 1311" TAGREFS="TYPE_1">
                        <Shape>
                            <Polygon POINTS="426 1298 416 1298 406 1298 397 1298 387 1298 377 1298 367 1298 358 1298 348 1298 338 1298 328 1298 319 1298 309 1298 299 1298 289 1298 285 1298 280 1298 270 1298 260 1298 250 1298 241 1298 231 1298 228 1288 228 1288 227 1288 226 1288 182 1291 183 1313 186 1328 189 1324 217 1324 221 1328 225 1331 225 1332 226 1332 227 1332 228 1332 272 1328 319 1323 326 1328 333 1331 334 1331 335 1332 385 1332 385 1331 386 1331 397 1328 407 1324 435 1327 437 1311 434 1298 426 1298"/>
                        </Shape>
                        <String CONTENT=""/>
                    </TextLine>
</TextBlock>
                <TextBlock ID="block_2" HPOS="230" VPOS="1330" WIDTH="371" HEIGHT="56" TAGREFS="TYPE_11">
                    <Shape>
                        <Polygon POINTS="230.5757598876953 1330.552490234375 601.9844970703125 1330.552490234375 601.9844970703125 1386.6304931640625 230.5757598876953 1386.6304931640625 230.5757598876953 1330.552490234375"/>
                    </Shape>
                    <TextLine ID="line_27" HPOS="236" VPOS="1352" WIDTH="366" HEIGHT="35" BASELINE="237 1364 602 1367" TAGREFS="TYPE_1">
                        <Shape>
                            <Polygon POINTS="598 1352 588 1352 578 1352 568 1352 559 1352 549 1352 539 1352 529 1352 520 1352 510 1352 500 1352 490 1352 481 1352 471 1352 461 1352 451 1352 442 1352 432 1352 422 1352 412 1352 403 1352 393 1352 383 1352 373 1352 364 1352 354 1352 344 1352 334 1352 324 1352 315 1352 305 1352 295 1352 285 1352 276 1352 266 1352 256 1352 246 1352 237 1352 237 1364 236 1380 243 1385 243 1385 244 1385 245 1385 246 1385 270 1378 280 1376 344 1376 355 1379 373 1386 374 1386 375 1387 399 1387 399 1386 400 1386 401 1386 401 1385 406 1380 409 1377 417 1380 434 1386 435 1386 436 1386 437 1386 450 1381 457 1378 469 1381 495 1387 496 1387 544 1386 545 1386 546 1386 553 1382 555 1380 558 1382 565 1387 566 1387 567 1387 567 1387 601 1382 602 1367 601 1352 598 1352"/>
                        </Shape>
                        <String CONTENT=""/>
                    </TextLine>
</TextBlock>
                <TextBlock ID="block_7" HPOS="183" VPOS="1385" WIDTH="773" HEIGHT="154" TAGREFS="TYPE_39">
                    <Shape>
                        <Polygon POINTS="183.03445434570312 1385.01416015625 956.0800170898438 1385.01416015625 956.0800170898438 1539.614501953125 183.03445434570312 1539.614501953125 183.03445434570312 1385.01416015625"/>
                    </Shape>
                    <TextLine ID="line_28" HPOS="281" VPOS="1377" WIDTH="667" HEIGHT="64" BASELINE="282 1416 853 1419 948 1414" TAGREFS="TYPE_1">
                        <Shape>
                            <Polygon POINTS="282 1416 281 1427 315 1437 316 1437 317 1437 318 1437 341 1428 388 1438 389 1438 390 1438 391 1438 405 1428 433 1439 434 1439 435 1439 527 1433 540 1438 541 1438 542 1438 543 1438 544 1438 554 1431 565 1439 566 1439 567 1439 567 1440 585 1440 585 1439 586 1439 607 1430 618 1438 619 1438 620 1438 621 1438 664 1433 676 1440 677 1440 678 1440 679 1440 730 1430 755 1439 756 1439 807 1440 808 1441 853 1441 853 1440 854 1440 876 1430 947 1430 948 1414 947 1379 915 1379 914 1379 913 1379 912 1379 900 1389 885 1384 884 1384 883 1384 882 1384 868 1392 784 1392 773 1386 772 1386 771 1386 770 1386 760 1391 715 1379 713 1379 712 1379 711 1379 710 1379 709 1379 682 1390 662 1379 661 1379 660 1379 659 1379 658 1379 657 1379 643 1390 610 1380 609 1380 608 1380 560 1390 547 1380 545 1378 544 1378 543 1378 542 1378 529 1380 471 1390 438 1383 437 1383 436 1383 413 1390 381 1389 371 1380 367 1377 366 1377 365 1377 365 1377 345 1380 330 1383 326 1380 324 1377 323 1377 322 1377 321 1377 282 1380 282 1416"/>
                        </Shape>
                        <String CONTENT=""/>
                    </TextLine>

                    <TextLine ID="line_29" HPOS="180" VPOS="1430" WIDTH="762" HEIGHT="58" BASELINE="181 1466 848 1468 942 1463" TAGREFS="TYPE_1">
                        <Shape>
                            <Polygon POINTS="181 1466 180 1477 227 1485 228 1485 229 1485 243 1478 270 1478 285 1486 286 1486 287 1486 322 1484 323 1484 324 1484 330 1478 358 1485 359 1485 360 1485 400 1478 401 1478 402 1478 462 1487 463 1487 543 1481 556 1487 557 1487 558 1487 607 1481 618 1487 619 1487 620 1487 728 1482 749 1487 750 1487 751 1487 752 1487 778 1479 796 1479 808 1487 809 1487 810 1487 811 1488 876 1488 876 1487 877 1487 900 1479 941 1479 942 1463 941 1439 916 1431 915 1431 877 1431 876 1431 875 1431 874 1431 863 1438 863 1439 862 1438 840 1431 839 1431 838 1431 796 1438 790 1440 722 1440 720 1438 703 1431 702 1431 701 1431 700 1431 671 1438 665 1439 654 1438 610 1433 609 1433 568 1438 557 1439 554 1438 540 1431 539 1431 501 1431 500 1431 499 1431 484 1437 480 1440 449 1440 443 1437 415 1430 414 1430 413 1430 384 1435 351 1430 350 1430 349 1430 348 1430 338 1437 336 1439 286 1439 284 1437 275 1430 274 1430 273 1430 238 1430 237 1430 236 1430 220 1437 217 1438 181 1437 181 1466"/>
                        </Shape>
                        <String CONTENT=""/>
                    </TextLine>

                    <TextLine ID="line_30" HPOS="183" VPOS="1476" WIDTH="767" HEIGHT="77" BASELINE="183 1514 814 1519 950 1514" TAGREFS="TYPE_1">
                        <Shape>
                            <Polygon POINTS="183 1514 183 1549 212 1548 213 1548 236 1537 260 1541 261 1541 262 1541 276 1533 299 1547 299 1548 300 1548 301 1548 302 1548 303 1548 306 1547 341 1537 367 1546 379 1550 380 1550 381 1550 403 1546 418 1551 419 1551 420 1551 421 1551 422 1551 431 1545 450 1533 484 1533 514 1543 538 1552 539 1552 540 1553 652 1553 652 1552 653 1552 654 1552 663 1546 688 1553 689 1553 689 1553 744 1546 745 1546 761 1539 768 1536 804 1538 808 1538 822 1549 823 1549 824 1549 825 1549 875 1537 880 1536 949 1536 950 1514 949 1480 913 1480 912 1480 911 1480 880 1491 863 1485 862 1485 861 1485 814 1490 780 1480 774 1479 773 1479 747 1479 746 1479 745 1479 740 1481 716 1490 701 1485 700 1485 699 1485 577 1488 562 1482 553 1478 552 1478 533 1478 532 1478 531 1478 530 1478 525 1482 514 1488 497 1482 484 1477 483 1477 482 1477 481 1477 470 1482 457 1488 430 1482 408 1478 407 1478 406 1478 405 1478 400 1482 395 1486 390 1482 383 1476 382 1476 381 1476 367 1476 366 1476 365 1476 365 1476 357 1483 351 1487 323 1487 316 1483 302 1476 301 1476 300 1476 299 1476 284 1483 278 1486 248 1483 204 1479 203 1479 183 1483 183 1514"/>
                        </Shape>
                        <String CONTENT=""/>
                    </TextLine>
</TextBlock>
                <TextBlock ID="block_1" HPOS="844" VPOS="1533" WIDTH="109" HEIGHT="44" TAGREFS="TYPE_4">
                    <Shape>
                        <Polygon POINTS="844.71923828125 1533.4835205078125 953.6641845703125 1533.4835205078125 953.6641845703125 1577.7908935546875 844.71923828125 1577.7908935546875 844.71923828125 1533.4835205078125"/>
                    </Shape>
                    <TextLine ID="line_31" HPOS="842" VPOS="1527" WIDTH="104" HEIGHT="71" BASELINE="845 1568 945 1561" TAGREFS="TYPE_1">
                        <Shape>
                            <Polygon POINTS="845 1568 847 1598 889 1590 902 1592 924 1594 925 1594 926 1594 946 1585 945 1561 941 1527 842 1534 845 1568"/>
                        </Shape>
                        <String CONTENT=""/>
                    </TextLine>
</TextBlock>
            </PrintSpace>
        </Page>
    </Layout>
</alto>