<?xml version="1.0" encoding="UTF-8"?>
<alto xmlns:xsi="http://www.w3.org/2001/XMLSchema-instance"
    xmlns="http://www.loc.gov/standards/alto/ns-v4#"
    xsi:schemaLocation="http://www.loc.gov/standards/alto/ns-v4# http://www.loc.gov/standards/alto/v4/alto-4-3.xsd">
    <Description>
        <MeasurementUnit>pixel</MeasurementUnit>
        <sourceImageInformation>
            <fileName>7326080.jpeg</fileName>
        </sourceImageInformation>
        <Processing ID="OCR_0">
            <processingCategory>other</processingCategory>
            <processingStepDescription>unknown</processingStepDescription>
            <processingSoftware>
                <softwareName>kraken</softwareName>
                <softwareVersion>4.3.13</softwareVersion>
            </processingSoftware>
        </Processing>
    </Description>
    <Tags>
        <OtherTag ID="TYPE_1" LABEL="DefaultLine"/>
        <OtherTag ID="TYPE_2" LABEL="MainZone-P"/>
        <OtherTag ID="TYPE_3" LABEL="MarginTextZone-Notes"/>
        <OtherTag ID="TYPE_4" LABEL="NumberingZone"/>
        <OtherTag ID="TYPE_5" LABEL="QuireMarksZone"/>
        <OtherTag ID="TYPE_6" LABEL="MainZone-List-Continued"/>
        <OtherTag ID="TYPE_7" LABEL="MainZone-Entry-Continued"/>
        <OtherTag ID="TYPE_8" LABEL="RunningTitleZone"/>
        <OtherTag ID="TYPE_9" LABEL="MainZone-Entry"/>
        <OtherTag ID="TYPE_10" LABEL="GraphicZone-Maths"/>
        <OtherTag ID="TYPE_11" LABEL="GraphicZone-FigDesc"/>
        <OtherTag ID="TYPE_12" LABEL="MainZone-P-Continued"/>
        <OtherTag ID="TYPE_13" LABEL="TableZone"/>
        <OtherTag ID="TYPE_14" LABEL="FigureZone-FigDesc"/>
        <OtherTag ID="TYPE_15" LABEL="FigureZone-Head"/>
        <OtherTag ID="TYPE_16" LABEL="MainZone-Head"/>
        <OtherTag ID="TYPE_17" LABEL="MainZone-Lg"/>
        <OtherTag ID="TYPE_18" LABEL="DropCapitalZone"/>
        <OtherTag ID="TYPE_19" LABEL="MainZone-Signature"/>
        <OtherTag ID="TYPE_20" LABEL="GraphicZone-Part"/>
        <OtherTag ID="TYPE_21" LABEL="GraphicZone-Decoration"/>
        <OtherTag ID="TYPE_22" LABEL="TitlePageZone-Index"/>
        <OtherTag ID="TYPE_23" LABEL="StampZone-Sticker"/>
        <OtherTag ID="TYPE_24" LABEL="MainZone-Lg-Continued"/>
        <OtherTag ID="TYPE_25" LABEL="MarginTextZone-Notes-Continued"/>
        <OtherTag ID="TYPE_26" LABEL="GraphicZone-Head"/>
        <OtherTag ID="TYPE_27" LABEL="MainZone-Form"/>
        <OtherTag ID="TYPE_28" LABEL="MainZone-Other"/>
        <OtherTag ID="TYPE_29" LABEL="AdvertisementZone"/>
        <OtherTag ID="TYPE_30" LABEL="MainZone-Sp-Continued"/>
        <OtherTag ID="TYPE_31" LABEL="TitlePageZone"/>
        <OtherTag ID="TYPE_32" LABEL="StampZone"/>
        <OtherTag ID="TYPE_33" LABEL="MainZone-Date"/>
        <OtherTag ID="TYPE_34" LABEL="GraphicZone-TextualContent"/>
        <OtherTag ID="TYPE_35" LABEL="TableZone-Continued"/>
        <OtherTag ID="TYPE_36" LABEL="FigureZone"/>
        <OtherTag ID="TYPE_37" LABEL="GraphicZone"/>
        <OtherTag ID="TYPE_38" LABEL="DigitizationArtefactZone"/>
        <OtherTag ID="TYPE_39" LABEL="MarginTextZone-ManuscriptAddendum"/>
        <OtherTag ID="TYPE_40" LABEL="MainZone-Sp"/>
        <OtherTag ID="TYPE_41" LABEL="MainZone-List"/>
        <OtherTag ID="TYPE_42" LABEL="TableZone-Head"/>
    </Tags>
    <Layout>
        <Page WIDTH="1000" HEIGHT="1547" PHYSICAL_IMG_NR="0" ID="page_0">
            <PrintSpace HPOS="0" VPOS="0" WIDTH="1000" HEIGHT="1547">
                <TextBlock ID="block_3" HPOS="336" VPOS="97" WIDTH="478" HEIGHT="40" TAGREFS="TYPE_8">
                    <Shape>
                        <Polygon POINTS="336.3368225097656 97.43035125732422 814.7831420898438 97.43035125732422 814.7831420898438 137.3139190673828 336.3368225097656 137.3139190673828 336.3368225097656 97.43035125732422"/>
                    </Shape>
                    <TextLine ID="line_0" HPOS="334" VPOS="123" WIDTH="482" HEIGHT="14" BASELINE="335 127 816 124" TAGREFS="TYPE_1">
                        <Shape>
                            <Polygon POINTS="807 123 798 123 790 123 781 123 773 123 764 123 755 123 747 123 738 123 730 123 721 123 712 123 704 123 695 123 687 123 678 123 669 123 661 123 652 123 644 123 635 123 626 123 618 123 609 123 601 123 592 123 583 123 575 123 566 123 558 123 549 123 540 123 532 123 523 123 515 123 506 123 497 123 489 123 480 123 472 123 463 123 454 123 446 123 437 123 429 123 420 123 411 123 403 123 394 123 386 123 377 123 368 123 360 123 351 123 343 123 334 123 335 127 335 137 815 134 816 124 815 123 807 123"/>
                        </Shape>
                        <String CONTENT=""/>
                    </TextLine>
</TextBlock>
                <TextBlock ID="block_4" HPOS="286" VPOS="143" WIDTH="673" HEIGHT="383" TAGREFS="TYPE_12">
                    <Shape>
                        <Polygon POINTS="286.7667541503906 143.74278259277344 959.31591796875 143.74278259277344 959.31591796875 526.0933227539062 286.7667541503906 526.0933227539062 286.7667541503906 143.74278259277344"/>
                    </Shape>
                    <TextLine ID="line_1" HPOS="287" VPOS="140" WIDTH="665" HEIGHT="56" BASELINE="288 188 952 186" TAGREFS="TYPE_1">
                        <Shape>
                            <Polygon POINTS="288 188 288 196 951 195 952 186 950 140 908 140 907 140 907 140 906 140 883 148 853 143 852 143 852 143 837 149 780 149 756 142 750 140 749 140 748 140 732 142 712 145 701 143 689 140 688 140 687 140 687 140 684 143 676 149 607 149 587 144 581 142 580 142 579 142 558 144 520 148 515 145 510 141 509 141 509 141 508 141 507 141 500 145 490 150 439 150 434 146 429 141 428 141 427 141 400 141 399 141 398 141 398 141 392 146 391 146 386 146 350 141 349 141 349 141 337 146 330 141 329 141 328 141 327 141 287 146 288 188"/>
                        </Shape>
                        <String CONTENT=""/>
                    </TextLine>

                    <TextLine ID="line_2" HPOS="286" VPOS="199" WIDTH="666" HEIGHT="57" BASELINE="287 242 952 239" TAGREFS="TYPE_1">
                        <Shape>
                            <Polygon POINTS="287 242 287 249 323 254 324 254 325 254 337 250 416 254 417 254 476 250 507 256 508 256 573 249 574 249 575 249 690 255 691 255 692 255 714 249 760 254 760 255 914 255 914 254 952 247 952 239 950 209 920 209 908 199 907 199 907 199 883 199 883 199 882 199 881 199 865 209 835 209 811 199 810 199 780 199 779 199 779 199 778 199 768 206 732 203 731 203 693 209 689 209 687 209 664 200 663 200 662 200 624 206 605 200 604 200 603 200 602 200 601 200 589 209 588 209 581 209 535 205 534 205 533 205 524 208 507 201 506 201 472 201 471 201 470 201 449 209 445 211 318 211 315 209 310 205 309 205 308 205 307 205 286 208 287 242"/>
                        </Shape>
                        <String CONTENT=""/>
                    </TextLine>

                    <TextLine ID="line_3" HPOS="287" VPOS="250" WIDTH="664" HEIGHT="60" BASELINE="288 294 951 293" TAGREFS="TYPE_1">
                        <Shape>
                            <Polygon POINTS="288 294 288 302 349 308 350 308 391 303 401 302 409 303 435 309 436 310 464 310 464 309 465 309 466 309 474 304 485 309 486 309 487 309 518 304 521 304 524 304 546 308 547 308 548 308 560 305 568 302 604 305 664 309 665 310 730 310 730 309 731 309 738 305 745 302 760 305 766 307 767 307 768 307 769 307 770 307 773 305 779 302 815 302 822 306 824 308 825 308 826 308 827 308 828 308 834 306 847 302 857 306 864 309 865 309 865 309 950 306 951 293 950 263 880 258 879 258 878 258 860 262 842 250 841 250 840 250 840 250 839 250 838 250 820 263 801 263 769 250 768 250 706 250 705 250 665 259 653 250 652 250 651 250 608 250 607 250 607 250 586 256 574 250 573 250 511 250 510 250 509 250 496 256 461 250 460 250 460 250 433 262 287 263 288 294"/>
                        </Shape>
                        <String CONTENT=""/>
                    </TextLine>

                    <TextLine ID="line_4" HPOS="288" VPOS="305" WIDTH="662" HEIGHT="55" BASELINE="288 347 950 348" TAGREFS="TYPE_1">
                        <Shape>
                            <Polygon POINTS="288 347 288 354 308 360 309 360 310 360 343 356 374 360 374 360 375 360 376 360 383 356 948 360 950 348 949 318 905 312 904 312 903 312 902 312 895 317 895 317 865 306 865 306 864 306 863 306 849 311 813 306 812 306 811 306 796 313 783 306 782 306 781 306 748 311 713 306 712 306 711 306 711 306 699 315 696 318 623 318 612 314 589 306 588 306 588 306 559 312 551 305 550 305 549 305 548 305 547 305 522 313 509 317 451 317 441 312 429 305 428 305 427 305 426 305 410 311 396 317 346 317 334 311 324 305 323 305 322 305 288 310 288 347"/>
                        </Shape>
                        <String CONTENT=""/>
                    </TextLine>

                    <TextLine ID="line_5" HPOS="286" VPOS="358" WIDTH="667" HEIGHT="57" BASELINE="287 402 953 400" TAGREFS="TYPE_1">
                        <Shape>
                            <Polygon POINTS="287 402 287 410 416 410 421 410 474 415 475 415 476 415 490 410 490 410 494 410 575 415 576 415 628 410 655 415 656 415 707 415 707 415 708 415 709 415 717 409 717 409 730 415 731 415 732 415 867 415 867 415 892 410 920 415 920 415 952 409 953 400 951 368 927 368 927 367 911 358 910 358 909 358 908 358 907 358 889 365 871 360 871 360 790 358 789 358 788 358 787 358 774 367 773 367 743 361 742 361 711 365 699 358 699 358 698 358 631 358 630 358 629 358 628 358 615 366 589 359 588 359 588 359 587 359 572 367 569 369 546 369 544 366 533 359 532 359 531 359 530 359 529 359 502 366 496 369 421 369 417 366 399 359 398 359 374 359 374 359 373 359 357 366 354 369 325 369 321 366 306 359 306 359 305 359 304 359 286 365 287 402"/>
                        </Shape>
                        <String CONTENT=""/>
                    </TextLine>

                    <TextLine ID="line_6" HPOS="286" VPOS="412" WIDTH="666" HEIGHT="61" BASELINE="287 454 952 457" TAGREFS="TYPE_1">
                        <Shape>
                            <Polygon POINTS="287 454 286 466 478 470 479 470 480 470 490 467 501 464 505 467 510 471 511 471 512 471 513 472 577 472 577 471 601 467 610 465 619 467 631 470 631 470 651 467 672 464 689 467 711 470 711 470 712 470 725 467 734 465 819 465 825 467 839 472 840 472 840 473 881 473 881 472 882 472 895 467 901 465 950 467 952 457 951 424 920 419 919 419 918 419 901 423 896 425 894 423 877 413 876 413 875 413 741 413 740 413 656 423 648 424 646 423 631 412 631 412 630 412 599 412 598 412 597 412 596 412 580 423 577 425 518 425 515 423 505 416 504 416 503 416 503 416 455 423 452 423 451 423 432 414 431 414 430 414 429 414 429 414 414 423 412 424 357 424 356 423 334 412 333 412 332 412 331 412 307 423 306 423 287 423 287 454"/>
                        </Shape>
                        <String CONTENT=""/>
                    </TextLine>

                    <TextLine ID="line_7" HPOS="288" VPOS="474" WIDTH="333" HEIGHT="56" BASELINE="289 508 621 509" TAGREFS="TYPE_1">
                        <Shape>
                            <Polygon POINTS="289 508 288 517 296 521 297 521 298 521 328 517 337 522 337 522 338 522 339 522 340 522 341 522 348 517 359 517 369 517 376 523 376 524 377 524 378 524 379 524 380 524 380 524 390 517 416 517 431 517 432 517 445 528 445 529 446 529 447 529 447 529 478 524 489 529 490 529 490 530 546 530 546 529 546 529 547 529 561 518 562 517 565 518 598 525 599 525 600 525 620 518 621 509 619 479 576 479 571 478 556 474 555 474 554 474 553 474 541 478 537 479 526 477 503 475 503 475 489 477 478 479 474 477 468 474 467 474 466 474 438 476 414 479 400 476 387 474 386 474 374 476 355 479 289 476 289 508"/>
                        </Shape>
                        <String CONTENT=""/>
                    </TextLine>
</TextBlock>
                <TextBlock ID="block_0" HPOS="283" VPOS="534" WIDTH="675" HEIGHT="748" TAGREFS="TYPE_2">
                    <Shape>
                        <Polygon POINTS="283.91546630859375 534.3019409179688 958.2053833007812 534.3019409179688 958.2053833007812 1282.9254150390625 283.91546630859375 1282.9254150390625 283.91546630859375 534.3019409179688"/>
                    </Shape>
                    <TextLine ID="line_8" HPOS="153" VPOS="528" WIDTH="801" HEIGHT="58" BASELINE="154 563 954 568" TAGREFS="TYPE_1">
                        <Shape>
                            <Polygon POINTS="153 573 310 574 329 581 330 581 331 581 360 575 422 583 423 583 533 579 584 584 585 584 630 577 644 584 645 584 646 584 739 578 773 585 773 585 828 579 844 586 845 586 846 586 879 580 908 586 909 586 953 578 954 568 954 542 923 533 922 533 921 533 877 538 828 533 828 533 827 533 826 533 815 540 810 543 712 543 703 538 689 531 688 531 687 531 590 536 492 540 474 534 466 531 465 531 422 530 361 530 361 530 360 530 355 531 332 540 289 540 269 530 266 529 265 529 264 529 259 530 218 539 184 539 155 528 154 563 153 573"/>
                        </Shape>
                        <String CONTENT=""/>
                    </TextLine>

                    <TextLine ID="line_9" HPOS="154" VPOS="578" WIDTH="798" HEIGHT="53" BASELINE="155 617 262 617 331 611 952 611" TAGREFS="TYPE_1">
                        <Shape>
                            <Polygon POINTS="155 617 155 625 226 629 226 629 227 629 233 626 238 623 242 626 251 630 252 630 253 630 254 630 264 626 275 621 324 621 331 625 331 625 332 625 333 625 400 621 426 626 450 630 451 630 452 630 453 630 460 626 468 621 534 621 548 626 551 627 552 627 552 627 564 626 601 622 611 626 621 630 622 630 623 630 624 630 639 626 640 626 641 626 650 630 651 630 652 631 769 631 769 630 788 626 806 622 815 626 820 629 821 629 913 630 914 630 914 630 915 630 921 626 932 620 950 626 952 611 951 586 919 578 918 578 917 578 901 586 899 587 895 586 865 579 865 579 818 587 794 590 764 587 695 579 694 579 693 579 674 587 668 590 661 587 652 585 651 585 650 585 633 587 620 590 617 587 604 579 603 579 602 579 601 579 550 586 528 579 527 579 527 579 388 585 377 579 376 579 352 579 351 579 289 590 288 591 154 591 155 617"/>
                        </Shape>
                        <String CONTENT=""/>
                    </TextLine>

                    <TextLine ID="line_10" HPOS="284" VPOS="619" WIDTH="667" HEIGHT="56" BASELINE="285 651 951 656" TAGREFS="TYPE_1">
                        <Shape>
                            <Polygon POINTS="285 651 284 662 317 669 318 669 350 664 434 671 435 671 502 665 561 672 562 672 610 666 640 672 641 672 667 668 674 672 674 672 675 672 734 673 735 673 800 667 828 673 829 673 830 673 831 673 839 667 864 674 865 674 865 675 932 675 932 674 932 674 950 667 951 656 950 623 881 623 880 623 879 623 878 623 862 632 812 627 811 627 740 631 724 624 718 622 717 622 717 622 716 622 704 624 687 629 668 625 659 623 658 623 657 623 656 623 655 625 647 630 612 630 596 625 584 622 583 622 582 622 582 622 574 625 569 628 546 626 507 622 506 622 473 626 454 629 439 626 396 619 395 619 285 627 285 651"/>
                        </Shape>
                        <String CONTENT=""/>
                    </TextLine>

                    <TextLine ID="line_11" HPOS="286" VPOS="666" WIDTH="667" HEIGHT="49" BASELINE="286 698 953 698" TAGREFS="TYPE_1">
                        <Shape>
                            <Polygon POINTS="286 698 286 708 326 708 338 714 339 714 340 714 374 708 413 708 420 713 421 713 422 713 423 713 423 713 438 708 514 712 515 712 563 709 569 713 570 713 570 713 571 713 594 709 600 714 601 714 601 714 602 715 747 715 747 714 748 714 766 708 850 714 851 714 852 714 852 714 861 708 882 713 883 713 883 713 884 713 885 713 892 708 952 707 953 698 952 674 879 674 877 672 858 666 857 666 856 666 855 666 833 672 831 672 828 672 791 666 790 666 789 666 788 666 779 672 776 674 758 674 754 672 748 666 748 666 747 666 746 666 745 666 744 666 739 671 736 674 690 674 683 670 674 666 674 666 619 666 618 666 617 666 616 666 611 669 605 674 545 674 533 668 527 666 526 666 525 666 490 668 459 670 453 667 450 666 449 666 448 666 447 666 442 667 423 673 414 666 413 666 412 666 411 666 396 666 395 666 388 666 349 673 334 666 333 666 286 666 286 698"/>
                        </Shape>
                        <String CONTENT=""/>
                    </TextLine>

                    <TextLine ID="line_12" HPOS="284" VPOS="709" WIDTH="670" HEIGHT="50" BASELINE="284 742 954 742" TAGREFS="TYPE_1">
                        <Shape>
                            <Polygon POINTS="284 742 284 756 397 752 408 756 414 758 415 758 416 758 429 756 448 752 464 755 479 758 480 758 481 758 491 755 495 754 496 755 500 758 501 758 502 758 503 758 573 755 591 754 593 755 601 758 601 758 602 758 655 754 688 752 698 754 714 758 819 758 820 758 842 753 847 752 849 753 856 758 857 758 858 758 858 759 906 759 906 758 954 752 954 742 954 716 931 709 930 709 929 709 895 715 882 709 881 709 825 709 824 709 823 709 822 709 815 715 786 709 785 709 785 709 773 715 770 716 747 715 674 711 674 711 673 711 664 715 660 716 652 715 638 711 638 711 637 711 636 711 627 715 621 717 515 717 481 713 451 710 450 710 449 710 439 713 432 715 426 713 417 709 417 709 416 709 397 713 388 714 377 712 356 709 355 709 355 709 354 709 349 712 346 715 343 712 341 710 340 710 339 710 338 710 337 710 337 710 335 712 332 715 325 712 318 709 317 709 316 709 284 711 284 742"/>
                        </Shape>
                        <String CONTENT=""/>
                    </TextLine>

                    <TextLine ID="line_13" HPOS="284" VPOS="752" WIDTH="667" HEIGHT="49" BASELINE="284 785 951 785" TAGREFS="TYPE_1">
                        <Shape>
                            <Polygon POINTS="284 785 284 799 659 795 702 796 835 801 836 801 837 801 838 801 844 796 936 800 937 800 938 800 951 794 951 785 950 759 932 759 930 758 920 752 919 752 918 752 917 752 889 757 877 752 876 752 875 752 874 752 858 758 854 760 710 760 704 757 693 752 692 752 633 752 632 752 631 752 624 757 619 759 605 756 588 752 547 752 546 752 546 752 545 752 539 756 533 759 510 756 491 752 474 752 473 752 472 752 472 752 468 755 463 759 447 755 437 752 436 752 435 752 435 752 428 755 414 759 397 755 389 752 388 752 387 752 386 752 380 754 364 760 340 760 333 754 332 753 331 753 331 753 330 753 284 753 284 785"/>
                        </Shape>
                        <String CONTENT=""/>
                    </TextLine>

                    <TextLine ID="line_14" HPOS="284" VPOS="794" WIDTH="668" HEIGHT="51" BASELINE="284 828 952 828" TAGREFS="TYPE_1">
                        <Shape>
                            <Polygon POINTS="284 828 284 842 326 837 338 842 345 844 346 844 347 844 348 844 349 844 353 842 361 837 431 837 447 841 460 844 461 844 462 844 463 844 464 844 468 841 472 837 481 840 489 843 490 843 490 843 491 843 501 840 515 837 521 840 526 844 527 844 527 844 528 845 602 845 602 844 635 839 650 837 660 839 681 844 682 844 683 844 712 838 722 837 725 838 736 843 736 843 737 843 765 839 779 844 779 844 780 844 835 840 844 844 845 844 846 844 846 844 847 844 857 837 952 836 952 828 950 795 931 802 914 798 913 798 912 798 889 802 881 795 880 795 879 795 878 795 877 795 861 802 807 802 790 794 788 794 787 794 786 794 785 794 785 794 774 803 749 803 737 794 736 794 736 794 735 794 730 794 701 800 676 794 674 794 673 794 672 794 671 794 653 801 642 797 641 797 640 797 615 802 606 794 605 794 604 794 603 794 602 794 601 794 583 801 570 794 570 794 569 794 568 794 567 794 566 794 555 803 520 803 502 796 501 796 500 796 466 802 441 794 440 794 439 794 438 794 398 802 382 794 381 794 336 794 335 794 334 794 333 794 324 802 314 795 313 795 312 795 284 794 284 828"/>
                        </Shape>
                        <String CONTENT=""/>
                    </TextLine>

                    <TextLine ID="line_15" HPOS="286" VPOS="838" WIDTH="665" HEIGHT="53" BASELINE="286 871 951 871" TAGREFS="TYPE_1">
                        <Shape>
                            <Polygon POINTS="286 871 286 890 316 884 338 890 340 890 341 890 342 891 380 891 380 890 380 890 382 889 393 884 427 884 435 889 437 890 438 890 439 890 440 890 441 890 445 889 459 884 472 888 478 890 478 890 479 890 488 888 505 884 515 888 516 888 517 888 518 888 523 888 550 884 556 887 559 890 560 890 561 890 562 890 588 887 605 886 617 886 642 890 643 890 644 890 653 886 661 884 680 884 683 886 687 890 688 890 689 890 690 890 691 890 704 886 711 884 714 886 722 890 723 890 723 891 787 891 787 890 788 890 789 890 795 885 797 884 951 884 951 871 951 845 930 838 929 838 928 838 831 843 789 838 788 838 787 838 771 845 754 838 754 838 753 838 752 838 751 838 740 846 717 846 702 838 701 838 700 838 699 838 699 838 690 846 657 846 644 838 643 838 642 838 641 838 640 838 630 846 616 846 607 838 606 838 605 838 604 838 603 838 602 838 591 846 533 846 519 840 518 840 517 840 487 845 475 839 474 839 473 839 440 843 380 838 379 838 378 838 377 838 368 845 350 841 349 841 349 841 286 845 286 871"/>
                        </Shape>
                        <String CONTENT=""/>
                    </TextLine>

                    <TextLine ID="line_16" HPOS="283" VPOS="882" WIDTH="667" HEIGHT="52" BASELINE="284 916 950 914" TAGREFS="TYPE_1">
                        <Shape>
                            <Polygon POINTS="284 916 284 934 325 933 326 933 327 933 337 924 364 931 365 931 366 931 367 931 381 924 432 924 451 932 453 933 453 933 454 933 455 933 457 932 480 924 496 932 499 933 500 933 501 933 508 932 546 924 583 929 584 929 610 925 619 930 619 931 619 931 620 931 621 931 622 931 624 930 638 925 670 930 674 930 674 930 675 930 676 930 685 923 711 923 724 928 725 928 726 928 754 924 762 929 766 932 766 932 767 932 768 933 809 933 809 932 810 932 811 932 815 929 821 925 837 929 855 932 856 932 857 932 868 928 880 923 890 928 891 928 892 928 894 928 914 923 949 927 950 914 949 889 909 882 868 882 867 882 866 882 848 888 834 882 834 882 806 882 805 882 804 882 788 889 745 889 730 883 730 883 729 883 728 883 715 888 688 883 687 883 687 883 686 883 680 887 659 884 658 884 615 889 586 885 585 885 548 889 536 883 535 883 534 883 505 888 478 883 478 883 413 887 380 883 380 883 379 883 360 890 283 890 284 916"/>
                        </Shape>
                        <String CONTENT=""/>
                    </TextLine>

                    <TextLine ID="line_17" HPOS="282" VPOS="923" WIDTH="667" HEIGHT="52" BASELINE="282 958 949 958" TAGREFS="TYPE_1">
                        <Shape>
                            <Polygon POINTS="282 958 282 969 309 974 310 974 337 969 341 969 343 969 359 975 360 975 361 975 516 970 546 975 546 975 547 975 548 975 558 969 558 969 610 969 617 969 736 975 736 975 737 975 749 969 750 969 785 973 786 973 835 969 836 969 912 975 913 975 949 968 949 958 949 929 863 923 862 923 861 923 852 929 846 931 834 929 820 926 819 926 818 926 817 926 813 929 809 932 637 932 633 930 623 926 622 926 621 926 601 930 595 931 592 930 576 923 576 923 575 923 553 928 540 923 539 923 539 923 538 923 537 923 527 930 526 931 521 930 489 924 488 924 487 924 475 931 473 932 437 932 435 931 394 923 349 923 349 923 348 923 331 929 302 923 301 923 300 923 282 931 282 958"/>
                        </Shape>
                        <String CONTENT=""/>
                    </TextLine>

                    <TextLine ID="line_18" HPOS="284" VPOS="970" WIDTH="663" HEIGHT="47" BASELINE="284 1001 947 1001" TAGREFS="TYPE_1">
                        <Shape>
                            <Polygon POINTS="284 1001 284 1011 390 1011 420 1016 421 1016 507 1011 552 1011 564 1016 565 1016 566 1017 589 1017 589 1016 590 1016 591 1016 597 1012 601 1015 602 1015 603 1015 604 1015 774 1011 905 1016 906 1016 947 1010 947 1001 947 974 926 970 925 970 924 970 923 970 918 974 915 976 908 974 895 970 894 970 893 970 892 970 883 974 878 977 848 977 840 974 820 970 752 970 751 970 750 970 742 974 738 977 657 977 642 975 580 970 579 970 578 970 566 975 564 977 537 977 535 975 522 970 521 970 521 970 520 970 519 970 510 976 468 976 466 976 456 970 455 970 410 970 409 970 408 970 395 976 394 976 392 976 353 970 352 970 351 970 350 970 343 976 343 977 284 977 284 1001"/>
                        </Shape>
                        <String CONTENT=""/>
                    </TextLine>

                    <TextLine ID="line_19" HPOS="281" VPOS="1009" WIDTH="667" HEIGHT="54" BASELINE="282 1045 948 1043" TAGREFS="TYPE_1">
                        <Shape>
                            <Polygon POINTS="282 1045 282 1054 331 1054 332 1055 339 1061 340 1061 341 1061 342 1061 343 1061 354 1055 355 1054 360 1055 379 1059 380 1059 416 1055 427 1054 429 1055 435 1060 435 1060 436 1060 460 1061 461 1061 508 1056 516 1055 518 1056 530 1062 531 1062 532 1063 552 1063 552 1062 552 1062 564 1056 567 1054 570 1056 578 1062 579 1062 580 1062 581 1062 582 1062 593 1056 597 1054 614 1056 625 1057 626 1057 627 1057 631 1057 639 1053 648 1057 659 1060 660 1060 661 1060 662 1060 673 1057 683 1053 704 1057 730 1061 730 1061 749 1057 766 1053 782 1057 797 1061 797 1061 798 1061 947 1057 948 1043 947 1016 926 1009 926 1009 925 1009 895 1016 892 1017 829 1017 828 1016 819 1009 818 1009 817 1009 816 1009 772 1015 764 1009 763 1009 762 1009 761 1009 760 1009 742 1016 742 1017 660 1017 660 1016 624 1009 623 1009 622 1009 621 1009 612 1017 611 1017 607 1017 564 1010 535 1010 534 1010 533 1010 521 1017 520 1018 464 1018 463 1017 448 1011 447 1011 447 1011 426 1015 394 1010 393 1010 392 1010 379 1017 366 1010 365 1010 341 1010 340 1010 339 1010 328 1016 281 1017 282 1045"/>
                        </Shape>
                        <String CONTENT=""/>
                    </TextLine>

                    <TextLine ID="line_20" HPOS="281" VPOS="1057" WIDTH="666" HEIGHT="49" BASELINE="282 1088 947 1087" TAGREFS="TYPE_1">
                        <Shape>
                            <Polygon POINTS="282 1088 282 1100 314 1106 315 1106 342 1101 375 1106 376 1106 377 1106 389 1100 391 1100 439 1100 441 1100 447 1106 447 1106 448 1106 449 1106 490 1101 524 1106 525 1106 551 1100 556 1100 591 1100 592 1100 598 1106 599 1106 600 1106 601 1106 648 1105 649 1105 650 1105 655 1100 657 1099 662 1100 672 1105 673 1105 674 1105 694 1100 705 1099 752 1099 754 1100 759 1105 760 1105 760 1105 761 1105 785 1100 792 1100 802 1100 830 1105 831 1105 857 1100 871 1099 875 1100 883 1105 884 1105 885 1105 946 1100 947 1087 944 1063 908 1063 904 1062 890 1057 889 1057 889 1057 865 1062 857 1063 848 1062 830 1057 829 1057 828 1057 828 1057 827 1057 819 1062 815 1064 668 1064 662 1060 656 1057 656 1057 655 1057 619 1057 618 1057 617 1057 610 1060 602 1064 560 1060 538 1057 537 1057 536 1057 535 1057 533 1059 525 1064 516 1060 515 1060 515 1060 459 1064 447 1059 443 1057 442 1057 441 1057 433 1059 414 1063 382 1058 371 1057 370 1057 369 1057 368 1057 368 1058 357 1064 342 1058 341 1058 340 1058 339 1058 338 1058 337 1058 319 1064 281 1058 282 1088"/>
                        </Shape>
                        <String CONTENT=""/>
                    </TextLine>

                    <TextLine ID="line_21" HPOS="281" VPOS="1097" WIDTH="667" HEIGHT="51" BASELINE="282 1131 948 1130" TAGREFS="TYPE_1">
                        <Shape>
                            <Polygon POINTS="282 1131 282 1148 306 1141 327 1147 328 1147 329 1147 356 1141 382 1147 384 1147 385 1148 413 1148 413 1147 414 1147 415 1147 425 1141 443 1146 447 1147 447 1147 448 1147 458 1146 497 1141 561 1145 573 1145 574 1145 595 1144 668 1141 678 1143 688 1146 689 1146 690 1146 705 1143 712 1142 725 1143 754 1146 755 1146 774 1143 786 1140 800 1142 826 1146 827 1146 846 1142 854 1140 861 1142 883 1146 884 1146 885 1146 896 1141 899 1140 906 1141 930 1144 931 1144 932 1144 948 1140 948 1130 945 1097 892 1100 891 1100 890 1100 883 1106 846 1106 831 1098 830 1097 829 1097 796 1097 795 1097 794 1097 792 1098 777 1105 762 1098 760 1097 759 1097 758 1097 752 1098 722 1106 645 1106 634 1099 630 1097 629 1097 628 1097 627 1097 626 1097 623 1099 612 1106 586 1100 578 1098 558 1098 557 1098 556 1098 555 1098 553 1100 544 1106 500 1106 491 1100 489 1098 488 1098 487 1098 486 1098 485 1098 478 1100 464 1106 438 1100 431 1100 430 1100 421 1100 394 1105 379 1101 367 1098 366 1098 340 1098 339 1098 338 1098 337 1098 333 1101 331 1103 325 1101 311 1098 310 1098 309 1098 281 1101 282 1131"/>
                        </Shape>
                        <String CONTENT=""/>
                    </TextLine>

                    <TextLine ID="line_22" HPOS="281" VPOS="1142" WIDTH="667" HEIGHT="50" BASELINE="282 1174 948 1175" TAGREFS="TYPE_1">
                        <Shape>
                            <Polygon POINTS="282 1174 281 1181 293 1188 294 1188 294 1188 295 1188 296 1188 304 1183 324 1187 325 1187 325 1187 337 1183 361 1187 361 1187 405 1183 422 1190 423 1190 423 1191 495 1191 495 1190 525 1183 572 1190 573 1190 613 1184 621 1190 621 1191 622 1191 623 1191 624 1192 723 1192 723 1191 723 1191 736 1184 755 1191 756 1191 757 1191 758 1191 767 1186 832 1191 833 1191 834 1191 858 1184 890 1188 891 1188 947 1183 948 1175 947 1152 904 1143 903 1143 902 1143 883 1149 859 1143 858 1143 858 1143 857 1143 837 1151 837 1152 755 1152 754 1151 742 1143 742 1143 741 1143 740 1143 739 1143 738 1143 731 1149 718 1144 717 1144 717 1144 716 1144 695 1151 693 1151 693 1151 666 1143 665 1143 664 1143 663 1143 649 1151 648 1152 631 1152 630 1151 616 1142 615 1142 614 1142 613 1142 613 1142 588 1150 541 1142 540 1142 509 1148 497 1143 496 1143 496 1143 495 1143 484 1149 458 1142 457 1142 413 1142 412 1142 411 1142 397 1148 373 1142 372 1142 320 1142 319 1142 282 1149 282 1174"/>
                        </Shape>
                        <String CONTENT=""/>
                    </TextLine>

                    <TextLine ID="line_23" HPOS="282" VPOS="1186" WIDTH="664" HEIGHT="49" BASELINE="282 1218 946 1218" TAGREFS="TYPE_1">
                        <Shape>
                            <Polygon POINTS="282 1218 282 1229 374 1229 375 1229 394 1235 395 1235 396 1235 397 1235 412 1229 420 1227 460 1229 502 1231 503 1231 516 1229 527 1227 532 1229 547 1235 548 1235 549 1235 590 1235 590 1235 591 1235 604 1229 607 1227 617 1228 640 1231 641 1231 642 1231 651 1228 655 1227 656 1228 664 1234 665 1234 666 1234 667 1234 668 1234 680 1229 689 1233 690 1233 691 1233 727 1228 734 1227 742 1228 800 1235 801 1235 822 1230 909 1235 910 1235 911 1235 912 1235 922 1227 946 1226 946 1218 946 1193 885 1186 865 1186 864 1186 863 1186 862 1186 854 1192 822 1186 821 1186 791 1192 783 1186 782 1186 781 1186 722 1186 721 1186 720 1186 719 1186 709 1193 641 1193 630 1187 629 1187 582 1186 582 1186 581 1186 560 1192 545 1186 544 1186 502 1186 501 1186 500 1186 478 1192 456 1186 455 1186 454 1186 453 1186 435 1192 401 1186 400 1186 399 1186 398 1186 390 1193 358 1193 351 1187 350 1187 349 1187 349 1187 348 1187 337 1193 282 1193 282 1218"/>
                        </Shape>
                        <String CONTENT=""/>
                    </TextLine>

                    <TextLine ID="line_24" HPOS="281" VPOS="1227" WIDTH="667" HEIGHT="61" BASELINE="282 1260 948 1263" TAGREFS="TYPE_1">
                        <Shape>
                            <Polygon POINTS="282 1260 281 1277 363 1285 364 1285 365 1285 393 1277 398 1276 401 1277 416 1285 417 1285 417 1285 459 1282 460 1282 469 1277 472 1276 476 1277 495 1284 496 1284 496 1284 497 1284 521 1277 524 1277 598 1277 600 1277 624 1286 625 1286 738 1287 739 1288 797 1288 797 1287 798 1287 837 1277 870 1284 871 1284 871 1284 893 1277 947 1277 948 1263 946 1232 886 1235 879 1232 875 1229 874 1229 873 1229 872 1229 871 1229 860 1232 847 1235 830 1232 814 1229 813 1229 812 1229 805 1232 797 1236 775 1236 754 1232 725 1228 724 1228 684 1232 677 1233 674 1232 662 1228 662 1228 600 1228 599 1228 598 1228 585 1233 579 1235 561 1233 539 1230 538 1230 435 1233 398 1234 389 1233 331 1227 330 1227 329 1227 328 1227 319 1234 318 1234 317 1234 301 1228 300 1228 300 1228 299 1228 282 1233 282 1260"/>
                        </Shape>
                        <String CONTENT=""/>
                    </TextLine>
</TextBlock>
                <TextBlock ID="block_1" HPOS="153" VPOS="538" WIDTH="134" HEIGHT="151" TAGREFS="TYPE_3">
                    <Shape>
                        <Polygon POINTS="153.91949462890625 538.4102783203125 287.10321044921875 538.4102783203125 287.10321044921875 689.3259887695312 153.91949462890625 689.3259887695312 153.91949462890625 538.4102783203125"/>
                    </Shape>
                    <TextLine ID="line_25" HPOS="153" VPOS="568" WIDTH="133" HEIGHT="35" BASELINE="154 589 286 591" TAGREFS="TYPE_1">
                        <Shape>
                            <Polygon POINTS="154 589 153 598 161 602 162 602 163 602 164 602 202 599 217 598 220 599 223 603 224 603 225 603 226 603 237 600 248 599 284 603 286 591 285 570 154 568 154 589"/>
                        </Shape>
                        <String CONTENT=""/>
                    </TextLine>

                    <TextLine ID="line_26" HPOS="156" VPOS="619" WIDTH="116" HEIGHT="42" BASELINE="157 643 272 648" TAGREFS="TYPE_1">
                        <Shape>
                            <Polygon POINTS="157 643 156 654 197 654 204 655 225 661 226 661 226 661 271 655 272 648 272 627 203 619 202 619 202 619 193 623 157 623 157 643"/>
                        </Shape>
                        <String CONTENT=""/>
                    </TextLine>

                    <TextLine ID="line_27" HPOS="155" VPOS="647" WIDTH="87" HEIGHT="48" BASELINE="156 672 242 674" TAGREFS="TYPE_1">
                        <Shape>
                            <Polygon POINTS="156 672 155 691 222 690 239 695 242 674 242 656 214 656 207 653 190 647 190 647 189 647 156 648 156 672"/>
                        </Shape>
                        <String CONTENT=""/>
                    </TextLine>
</TextBlock>
                <TextBlock ID="block_2" HPOS="863" VPOS="1276" WIDTH="83" HEIGHT="47" TAGREFS="TYPE_5">
                    <Shape>
                        <Polygon POINTS="863.910400390625 1276.057373046875 946.5346069335938 1276.057373046875 946.5346069335938 1323.38330078125 863.910400390625 1323.38330078125 863.910400390625 1276.057373046875"/>
                    </Shape>
                    <TextLine ID="line_28" HPOS="862" VPOS="1271" WIDTH="85" HEIGHT="62" BASELINE="864 1308 947 1305" TAGREFS="TYPE_1">
                        <Shape>
                            <Polygon POINTS="864 1308 864 1326 905 1333 906 1333 947 1332 947 1305 944 1271 926 1278 921 1274 920 1272 920 1271 919 1271 918 1271 901 1271 901 1271 900 1271 899 1271 891 1277 887 1281 862 1281 864 1308"/>
                        </Shape>
                        <String CONTENT=""/>
                    </TextLine>
</TextBlock>
            </PrintSpace>
        </Page>
    </Layout>
</alto>