<?xml version="1.0" encoding="UTF-8"?>
<alto xmlns:xsi="http://www.w3.org/2001/XMLSchema-instance"
    xmlns="http://www.loc.gov/standards/alto/ns-v4#"
    xsi:schemaLocation="http://www.loc.gov/standards/alto/ns-v4# http://www.loc.gov/standards/alto/v4/alto-4-3.xsd">
    <Description>
        <MeasurementUnit>pixel</MeasurementUnit>
        <sourceImageInformation>
            <fileName>bsb10313792_00034.jpg</fileName>
        </sourceImageInformation>
        <Processing ID="OCR_0">
            <processingCategory>other</processingCategory>
            <processingStepDescription>unknown</processingStepDescription>
            <processingSoftware>
                <softwareName>kraken</softwareName>
                <softwareVersion>4.3.13</softwareVersion>
            </processingSoftware>
        </Processing>
    </Description>
    <Tags>
        <OtherTag ID="TYPE_1" LABEL="DefaultLine"/>
        <OtherTag ID="TYPE_2" LABEL="MainZone-Other"/>
        <OtherTag ID="TYPE_3" LABEL="RunningTitleZone"/>
        <OtherTag ID="TYPE_4" LABEL="QuireMarksZone"/>
        <OtherTag ID="TYPE_5" LABEL="MarginTextZone-Notes-Continued"/>
        <OtherTag ID="TYPE_6" LABEL="MarginTextZone-Notes"/>
        <OtherTag ID="TYPE_7" LABEL="GraphicZone-TextualContent"/>
        <OtherTag ID="TYPE_8" LABEL="DigitizationArtefactZone"/>
        <OtherTag ID="TYPE_9" LABEL="TableZone-Continued"/>
        <OtherTag ID="TYPE_10" LABEL="MainZone-Lg"/>
        <OtherTag ID="TYPE_11" LABEL="MainZone-Head"/>
        <OtherTag ID="TYPE_12" LABEL="StampZone"/>
        <OtherTag ID="TYPE_13" LABEL="MainZone-Form"/>
        <OtherTag ID="TYPE_14" LABEL="MainZone-List-Continued"/>
        <OtherTag ID="TYPE_15" LABEL="MainZone-Signature"/>
        <OtherTag ID="TYPE_16" LABEL="MarginTextZone-ManuscriptAddendum"/>
        <OtherTag ID="TYPE_17" LABEL="MainZone-P-Continued"/>
        <OtherTag ID="TYPE_18" LABEL="StampZone-Sticker"/>
        <OtherTag ID="TYPE_19" LABEL="TableZone-Head"/>
        <OtherTag ID="TYPE_20" LABEL="GraphicZone-Decoration"/>
        <OtherTag ID="TYPE_21" LABEL="DropCapitalZone"/>
        <OtherTag ID="TYPE_22" LABEL="NumberingZone"/>
        <OtherTag ID="TYPE_23" LABEL="FigureZone-Head"/>
        <OtherTag ID="TYPE_24" LABEL="TitlePageZone"/>
        <OtherTag ID="TYPE_25" LABEL="GraphicZone-Maths"/>
        <OtherTag ID="TYPE_26" LABEL="MainZone-Entry-Continued"/>
        <OtherTag ID="TYPE_27" LABEL="MainZone-Sp"/>
        <OtherTag ID="TYPE_28" LABEL="MainZone-Entry"/>
        <OtherTag ID="TYPE_29" LABEL="GraphicZone-Part"/>
        <OtherTag ID="TYPE_30" LABEL="GraphicZone"/>
        <OtherTag ID="TYPE_31" LABEL="MainZone-Sp-Continued"/>
        <OtherTag ID="TYPE_32" LABEL="TableZone"/>
        <OtherTag ID="TYPE_33" LABEL="TitlePageZone-Index"/>
        <OtherTag ID="TYPE_34" LABEL="AdvertisementZone"/>
        <OtherTag ID="TYPE_35" LABEL="MainZone-Date"/>
        <OtherTag ID="TYPE_36" LABEL="FigureZone-FigDesc"/>
        <OtherTag ID="TYPE_37" LABEL="GraphicZone-Head"/>
        <OtherTag ID="TYPE_38" LABEL="MainZone-List"/>
        <OtherTag ID="TYPE_39" LABEL="MainZone-P"/>
        <OtherTag ID="TYPE_40" LABEL="MainZone-Lg-Continued"/>
        <OtherTag ID="TYPE_41" LABEL="FigureZone"/>
        <OtherTag ID="TYPE_42" LABEL="GraphicZone-FigDesc"/>
    </Tags>
    <Layout>
        <Page WIDTH="1074" HEIGHT="1756" PHYSICAL_IMG_NR="0" ID="page_0">
            <PrintSpace HPOS="0" VPOS="0" WIDTH="1074" HEIGHT="1756">
                <TextBlock ID="block_3" HPOS="215" VPOS="33" WIDTH="52" HEIGHT="43" TAGREFS="TYPE_22">
                    <Shape>
                        <Polygon POINTS="215.041259765625 33.590606689453125 267.29083251953125 33.590606689453125 267.29083251953125 76.71591186523438 215.041259765625 76.71591186523438 215.041259765625 33.590606689453125"/>
                    </Shape>
                    <TextLine ID="line_0" HPOS="218" VPOS="31" WIDTH="50" HEIGHT="43" BASELINE="218 62 268 62" TAGREFS="TYPE_1">
                        <Shape>
                            <Polygon POINTS="257 33 247 33 242 33 218 34 218 62 218 74 268 74 268 62 267 31 257 31 257 33"/>
                        </Shape>
                        <String CONTENT=""/>
                    </TextLine>
</TextBlock>
                <TextBlock ID="block_0" HPOS="396" VPOS="31" WIDTH="449" HEIGHT="43" TAGREFS="TYPE_3">
                    <Shape>
                        <Polygon POINTS="396.75439453125 31.183544158935547 845.9798583984375 31.183544158935547 845.9798583984375 74.84466552734375 396.75439453125 74.84466552734375 396.75439453125 31.183544158935547"/>
                    </Shape>
                    <TextLine ID="line_1" HPOS="399" VPOS="25" WIDTH="445" HEIGHT="54" BASELINE="399 62 844 62" TAGREFS="TYPE_1">
                        <Shape>
                            <Polygon POINTS="819 31 809 31 799 31 789 31 788 31 780 31 770 31 760 31 750 31 741 31 736 31 731 31 721 31 711 31 702 31 692 31 682 31 672 31 662 31 653 31 643 31 633 31 623 31 619 31 614 31 604 31 594 31 584 31 580 31 575 31 565 31 555 31 545 31 536 31 535 31 526 31 516 31 506 31 496 31 489 31 487 31 477 31 467 31 457 31 448 31 438 31 428 31 418 31 409 31 399 31 399 62 399 75 430 78 431 78 432 78 441 75 450 72 481 75 522 78 523 78 524 78 525 78 530 74 533 72 540 74 556 78 557 78 558 78 578 74 584 72 589 73 602 78 603 78 604 78 605 78 619 73 623 72 625 73 635 78 636 78 637 79 702 79 702 78 737 72 738 72 740 72 771 78 772 78 773 78 774 78 774 77 780 72 814 72 833 78 834 78 835 78 836 78 837 78 844 72 844 62 844 25 820 25 819 31"/>
                        </Shape>
                        <String CONTENT=""/>
                    </TextLine>
</TextBlock>
                <TextBlock ID="block_2" HPOS="207" VPOS="87" WIDTH="807" HEIGHT="293" TAGREFS="TYPE_17">
                    <Shape>
                        <Polygon POINTS="207.44020080566406 87.56420135498047 1014.4820556640625 87.56420135498047 1014.4820556640625 380.85888671875 207.44020080566406 380.85888671875 207.44020080566406 87.56420135498047"/>
                    </Shape>
                    <TextLine ID="line_2" HPOS="211" VPOS="85" WIDTH="795" HEIGHT="56" BASELINE="212 121 1006 119" TAGREFS="TYPE_1">
                        <Shape>
                            <Polygon POINTS="895 85 885 85 875 85 866 85 856 85 846 85 836 85 826 85 817 85 807 85 797 85 792 85 789 87 786 85 778 85 768 85 758 85 748 85 739 85 729 85 719 85 709 85 700 85 695 85 687 90 625 85 621 85 612 85 602 85 592 85 582 85 573 85 563 85 554 85 547 90 501 85 495 85 485 85 475 85 465 85 462 85 445 91 429 85 426 85 416 85 409 85 398 91 371 91 346 85 338 85 329 85 319 85 309 85 299 85 289 85 280 85 270 85 260 85 250 85 244 85 211 92 212 121 212 132 276 132 277 132 287 140 288 140 289 140 289 140 333 133 377 140 378 141 476 141 476 140 477 140 506 131 508 131 604 131 618 138 619 138 619 138 643 134 672 139 673 139 674 139 675 139 684 133 717 138 718 138 752 131 775 137 776 137 777 137 778 137 803 130 804 130 819 136 820 136 821 136 848 130 870 138 871 138 872 138 938 133 945 138 946 138 947 138 948 139 991 139 991 138 991 138 992 138 1006 129 1006 119 1004 90 910 90 900 85 895 85"/>
                        </Shape>
                        <String CONTENT=""/>
                    </TextLine>

                    <TextLine ID="line_3" HPOS="213" VPOS="128" WIDTH="795" HEIGHT="63" BASELINE="213 168 1008 171" TAGREFS="TYPE_1">
                        <Shape>
                            <Polygon POINTS="213 168 213 181 241 181 242 181 251 188 252 188 253 188 254 188 414 183 488 181 495 184 507 189 508 189 509 190 540 190 540 189 541 189 552 185 562 181 583 185 604 189 605 189 606 189 607 189 612 185 619 181 678 186 711 189 712 189 713 189 714 189 716 187 725 181 742 181 777 188 791 190 792 190 805 188 837 182 860 189 865 190 866 190 867 191 888 191 888 190 889 190 890 190 891 189 904 182 951 182 963 190 964 190 965 190 966 190 967 190 968 190 975 185 1006 190 1008 171 1008 142 975 131 974 131 926 131 925 131 924 131 908 140 906 141 901 140 888 136 887 136 886 136 819 138 744 141 736 137 722 130 721 130 617 130 616 130 615 130 614 130 607 135 596 141 489 141 459 140 447 132 445 130 444 130 443 130 442 130 441 130 435 132 410 139 375 130 371 130 371 130 370 130 369 130 363 134 322 129 314 129 313 129 312 129 311 129 299 136 284 129 283 129 282 129 281 129 260 135 213 128 213 168"/>
                        </Shape>
                        <String CONTENT=""/>
                    </TextLine>

                    <TextLine ID="line_4" HPOS="212" VPOS="182" WIDTH="795" HEIGHT="57" BASELINE="212 220 1007 220" TAGREFS="TYPE_1">
                        <Shape>
                            <Polygon POINTS="212 220 212 230 253 236 254 236 330 231 335 231 348 239 349 239 350 239 351 239 425 239 425 239 426 239 427 239 433 234 457 239 458 239 459 239 460 239 470 231 495 231 497 232 517 239 518 239 519 239 520 239 534 234 584 238 585 238 586 238 587 238 594 233 717 239 718 239 719 239 743 232 751 231 786 231 789 233 798 239 799 239 800 239 801 239 862 233 884 231 891 233 907 239 908 239 908 239 1007 233 1007 220 1007 193 971 193 971 192 957 182 956 182 955 182 954 182 925 187 896 182 895 182 894 182 893 182 877 192 875 192 829 187 828 187 827 187 810 192 809 192 792 182 791 182 790 182 767 182 766 182 765 182 764 182 754 190 740 182 739 182 738 182 737 182 719 188 683 182 682 182 681 182 680 182 668 192 667 193 637 193 635 192 622 185 621 185 620 185 619 185 604 191 597 185 596 185 595 185 594 185 593 185 570 191 566 192 557 191 514 187 513 187 479 191 471 192 468 191 448 182 447 182 418 182 417 182 416 182 400 191 399 192 398 191 386 182 385 182 384 182 348 182 347 182 346 182 330 191 327 193 292 193 289 191 279 184 278 184 277 184 276 184 275 184 262 189 249 182 248 182 247 182 212 190 212 220"/>
                        </Shape>
                        <String CONTENT=""/>
                    </TextLine>

                    <TextLine ID="line_5" HPOS="211" VPOS="234" WIDTH="797" HEIGHT="56" BASELINE="211 270 1008 270" TAGREFS="TYPE_1">
                        <Shape>
                            <Polygon POINTS="211 270 211 279 331 280 348 289 349 289 350 290 438 290 438 289 439 289 455 280 456 280 529 280 531 281 541 289 542 289 543 289 544 289 578 282 611 289 612 289 613 289 614 289 626 281 628 280 636 281 664 286 665 286 666 286 683 281 689 280 790 280 801 282 839 289 840 289 1007 282 1008 270 1006 241 910 242 908 241 898 234 897 234 896 234 869 234 868 234 867 234 842 241 836 242 827 241 784 234 784 234 783 234 759 241 757 242 685 242 681 241 621 234 620 234 532 241 519 242 517 241 506 234 505 234 504 234 487 234 486 234 485 234 469 241 467 243 427 243 425 241 410 235 409 235 408 235 350 241 342 242 341 241 329 234 328 234 327 234 288 234 287 234 286 234 285 234 272 241 270 242 211 242 211 270"/>
                        </Shape>
                        <String CONTENT=""/>
                    </TextLine>

                    <TextLine ID="line_6" HPOS="211" VPOS="283" WIDTH="796" HEIGHT="55" BASELINE="212 319 1007 316" TAGREFS="TYPE_1">
                        <Shape>
                            <Polygon POINTS="212 319 212 332 346 330 350 331 363 337 364 337 365 337 394 331 397 331 402 331 450 335 451 335 477 330 487 329 589 329 591 329 608 337 609 337 610 338 670 338 670 337 701 330 711 337 712 337 713 337 714 338 741 338 741 337 777 330 790 336 791 336 792 337 836 337 836 336 837 336 864 328 889 336 890 336 891 336 892 336 909 331 983 336 984 336 985 336 1007 326 1007 316 1005 291 855 285 854 285 853 285 835 290 755 286 754 286 706 291 658 283 657 283 656 283 655 283 643 292 580 292 477 283 476 283 475 283 474 283 463 292 462 292 456 292 227 284 226 284 225 284 211 291 212 319"/>
                        </Shape>
                        <String CONTENT=""/>
                    </TextLine>

                    <TextLine ID="line_7" HPOS="210" VPOS="329" WIDTH="628" HEIGHT="59" BASELINE="211 367 838 365" TAGREFS="TYPE_1">
                        <Shape>
                            <Polygon POINTS="211 367 211 388 254 387 255 387 275 378 316 385 317 385 318 385 343 378 351 385 352 385 353 385 354 385 355 385 363 381 376 385 382 387 383 387 384 387 385 387 389 385 398 380 418 385 422 385 423 385 424 385 427 384 450 378 456 384 459 386 459 387 460 387 461 387 462 387 463 387 472 383 487 378 533 382 554 384 555 384 556 384 565 382 578 378 591 381 595 382 596 382 597 382 614 381 655 377 660 380 668 386 669 386 670 386 671 387 732 387 732 386 733 386 734 386 734 385 742 378 743 377 773 377 774 378 780 383 781 383 782 383 783 383 837 376 838 365 836 340 777 340 771 334 770 334 769 334 768 334 707 339 692 329 691 329 690 329 689 329 648 338 612 334 611 334 610 334 609 334 609 335 604 339 565 335 564 335 522 340 487 338 479 331 479 330 478 330 477 330 452 330 451 330 450 330 449 330 436 339 425 331 424 331 423 331 318 330 317 330 316 330 315 330 307 337 293 332 292 332 291 332 210 341 211 367"/>
                        </Shape>
                        <String CONTENT=""/>
                    </TextLine>
</TextBlock>
                <TextBlock ID="block_1" HPOS="229" VPOS="385" WIDTH="778" HEIGHT="53" TAGREFS="TYPE_11">
                    <Shape>
                        <Polygon POINTS="229.7237548828125 385.4902038574219 1007.2373046875 385.4902038574219 1007.2373046875 438.3896484375 229.7237548828125 438.3896484375 229.7237548828125 385.4902038574219"/>
                    </Shape>
                    <TextLine ID="line_8" HPOS="269" VPOS="380" WIDTH="731" HEIGHT="62" BASELINE="270 423 567 419 1000 421" TAGREFS="TYPE_1">
                        <Shape>
                            <Polygon POINTS="270 423 270 435 302 441 303 441 333 436 337 435 341 436 370 441 371 442 445 442 445 441 446 441 456 437 466 441 467 441 468 441 469 441 470 441 477 436 499 438 500 438 501 438 506 436 510 433 513 436 521 441 522 441 523 441 524 442 538 442 538 441 539 441 551 436 559 432 585 432 590 436 597 441 598 441 599 441 600 442 657 442 657 441 658 441 659 441 666 436 673 432 697 432 704 436 714 441 715 441 716 441 717 442 749 442 749 441 750 441 751 441 757 436 763 432 813 432 821 436 826 439 826 439 827 439 828 439 829 439 830 439 836 436 844 432 915 432 923 436 926 439 927 439 928 439 929 439 930 439 939 436 949 434 998 436 1000 421 999 391 962 391 961 390 947 381 946 381 945 381 944 381 943 381 942 381 927 390 926 391 826 391 826 390 813 380 812 380 811 380 736 380 735 380 734 380 733 380 720 390 719 390 714 390 640 385 639 385 615 390 613 390 611 390 590 383 589 383 588 383 587 383 573 390 559 390 522 390 521 390 508 383 507 383 506 383 505 383 504 383 496 390 494 390 467 384 466 384 442 390 439 390 436 390 414 383 413 383 413 383 412 383 411 383 403 390 402 390 386 380 385 380 384 380 383 380 304 385 281 380 280 380 279 380 278 380 269 386 270 423"/>
                        </Shape>
                        <String CONTENT=""/>
                    </TextLine>
</TextBlock>
                <TextBlock ID="block_4" HPOS="202" VPOS="436" WIDTH="820" HEIGHT="1083" TAGREFS="TYPE_39">
                    <Shape>
                        <Polygon POINTS="202.18435668945312 436.3217468261719 1022.5535278320312 436.3217468261719 1022.5535278320312 1519.710205078125 202.18435668945312 1519.710205078125 202.18435668945312 436.3217468261719"/>
                    </Shape>
                    <TextLine ID="line_9" HPOS="316" VPOS="433" WIDTH="686" HEIGHT="59" BASELINE="317 472 1002 469" TAGREFS="TYPE_1">
                        <Shape>
                            <Polygon POINTS="317 472 319 491 333 482 358 482 371 490 371 491 372 491 373 491 374 492 522 492 522 491 523 491 524 491 528 488 537 482 555 488 561 490 562 490 563 490 578 488 619 481 635 486 636 486 637 486 638 486 648 481 670 486 671 486 702 481 708 486 713 490 714 490 715 490 716 490 742 486 762 482 778 485 795 489 796 489 797 489 808 485 821 480 834 485 848 489 849 489 850 489 932 488 933 488 934 488 941 483 947 480 1000 482 1002 469 1000 443 966 438 965 438 871 441 861 433 860 433 859 433 831 433 830 433 829 433 828 433 828 434 821 439 788 434 787 434 786 434 785 434 778 440 761 437 760 437 759 437 758 437 743 444 731 444 719 434 718 434 717 434 716 434 634 443 574 434 573 434 572 434 571 434 559 442 504 444 495 439 495 439 494 439 493 439 469 444 447 435 446 435 445 435 444 435 443 435 434 442 422 439 421 439 420 439 419 439 406 444 374 435 373 435 335 435 334 435 333 435 332 435 316 443 317 472"/>
                        </Shape>
                        <String CONTENT=""/>
                    </TextLine>

                    <TextLine ID="line_10" HPOS="204" VPOS="481" WIDTH="802" HEIGHT="61" BASELINE="205 523 1006 518" TAGREFS="TYPE_1">
                        <Shape>
                            <Polygon POINTS="205 523 205 541 240 534 278 540 286 541 287 541 295 540 338 533 394 538 395 538 396 538 397 538 427 533 458 537 492 542 493 542 524 536 548 532 598 535 688 541 689 541 690 541 691 541 702 533 706 531 710 533 727 541 728 541 729 541 777 532 780 532 792 540 793 540 794 540 795 541 871 541 871 540 902 539 903 539 917 531 964 537 965 537 966 537 967 537 977 529 978 529 1005 529 1006 518 1003 488 775 490 764 487 747 481 746 481 745 481 744 481 743 481 736 486 732 489 626 491 617 486 606 481 605 481 604 481 582 482 581 482 580 482 576 486 565 493 523 493 512 486 507 482 506 482 505 482 473 482 472 482 444 485 422 488 400 485 395 485 394 485 393 485 391 485 362 493 345 485 340 483 339 483 338 483 204 484 205 523"/>
                        </Shape>
                        <String CONTENT=""/>
                    </TextLine>

                    <TextLine ID="line_11" HPOS="205" VPOS="532" WIDTH="805" HEIGHT="57" BASELINE="206 572 1010 569" TAGREFS="TYPE_1">
                        <Shape>
                            <Polygon POINTS="206 572 206 582 242 582 246 583 266 589 267 589 268 589 314 583 325 582 330 583 349 589 350 589 351 589 393 584 394 584 395 584 472 589 473 589 496 584 508 582 520 584 537 588 537 588 553 585 568 581 576 585 582 588 583 588 584 589 632 589 632 588 633 588 639 585 646 582 739 585 740 585 741 585 750 580 780 585 781 585 860 580 869 587 870 587 871 587 872 588 910 588 910 587 911 587 912 587 930 580 958 587 960 587 961 587 962 587 979 580 1008 587 1010 569 1008 536 939 532 938 532 937 532 936 532 931 536 925 540 867 537 827 535 826 535 826 535 821 537 815 541 753 541 735 538 690 533 689 533 688 533 677 539 672 541 657 539 616 533 615 533 583 534 582 534 581 534 575 540 574 540 573 540 537 533 537 533 477 541 465 542 458 541 424 534 423 534 422 534 408 541 406 542 403 542 372 534 282 534 281 534 280 534 260 543 205 543 206 572"/>
                        </Shape>
                        <String CONTENT=""/>
                    </TextLine>

                    <TextLine ID="line_12" HPOS="204" VPOS="581" WIDTH="806" HEIGHT="58" BASELINE="205 620 1010 617" TAGREFS="TYPE_1">
                        <Shape>
                            <Polygon POINTS="205 620 205 639 282 635 352 638 353 638 354 638 355 638 371 632 384 638 385 638 386 638 388 638 429 632 449 638 450 638 451 638 452 638 453 638 454 638 474 632 487 638 488 638 489 638 525 638 525 638 526 638 527 638 537 631 561 638 562 638 563 638 564 638 571 638 638 631 730 631 754 636 759 637 760 638 822 638 822 637 823 637 824 637 825 636 832 630 860 636 868 637 869 637 870 637 873 636 884 630 924 635 942 637 943 637 1010 634 1010 617 1008 592 950 592 935 581 934 581 933 581 932 581 931 581 905 592 852 592 742 581 741 581 740 581 705 593 678 593 664 584 663 584 662 584 661 584 623 592 603 582 602 582 568 582 567 582 509 592 486 582 485 582 484 582 483 582 482 582 470 590 446 583 445 583 405 583 404 583 403 583 382 591 345 584 344 584 343 584 342 584 329 593 218 583 217 583 216 583 215 583 204 591 205 620"/>
                        </Shape>
                        <String CONTENT=""/>
                    </TextLine>

                    <TextLine ID="line_13" HPOS="205" VPOS="630" WIDTH="804" HEIGHT="60" BASELINE="206 669 1009 667" TAGREFS="TYPE_1">
                        <Shape>
                            <Polygon POINTS="206 669 206 683 247 689 248 689 282 683 289 682 292 683 301 688 302 688 303 688 304 688 313 683 315 683 380 683 381 683 391 688 392 688 393 688 429 683 435 682 437 683 454 689 454 689 455 690 494 690 494 689 524 682 526 682 528 682 548 689 549 689 550 689 551 689 563 683 605 689 606 689 634 684 679 688 680 688 681 688 682 688 691 682 692 681 694 682 712 688 713 688 714 688 901 681 908 681 909 681 918 688 919 688 920 688 921 689 942 689 942 688 943 688 944 688 953 681 1008 681 1009 667 1007 641 890 641 856 630 855 630 854 630 853 630 832 640 779 633 778 633 740 640 710 630 709 630 683 630 682 630 681 630 680 630 665 640 649 640 608 630 607 630 606 630 605 630 583 638 564 631 563 631 465 631 464 631 463 631 442 639 416 631 415 631 414 631 413 631 396 639 369 636 368 636 367 636 345 641 341 641 338 641 291 631 290 631 205 640 206 669"/>
                        </Shape>
                        <String CONTENT=""/>
                    </TextLine>

                    <TextLine ID="line_14" HPOS="204" VPOS="678" WIDTH="804" HEIGHT="59" BASELINE="205 717 1008 718" TAGREFS="TYPE_1">
                        <Shape>
                            <Polygon POINTS="205 717 204 728 236 735 237 736 330 736 330 735 330 735 331 735 339 729 342 727 348 729 366 735 367 735 368 735 369 735 384 729 392 727 404 729 430 735 431 736 543 736 543 735 544 735 555 730 563 727 617 727 622 731 633 736 634 736 635 737 661 737 661 736 662 736 663 736 671 731 676 728 690 731 701 733 702 733 721 731 749 728 756 731 767 736 768 736 769 736 795 731 816 728 948 728 957 732 965 736 966 736 967 736 1007 732 1008 718 1006 688 890 688 887 687 870 679 869 679 820 679 819 679 818 679 817 679 808 687 805 689 746 689 733 686 688 679 687 679 686 679 669 686 663 689 614 689 610 686 601 678 600 678 599 678 530 678 529 678 484 685 470 687 466 685 453 678 452 678 414 678 413 678 413 678 397 685 396 685 395 685 382 678 381 678 355 678 354 678 353 678 352 678 342 684 337 688 235 688 230 684 222 678 221 678 220 678 219 678 218 678 205 683 205 717"/>
                        </Shape>
                        <String CONTENT=""/>
                    </TextLine>

                    <TextLine ID="line_15" HPOS="206" VPOS="733" WIDTH="802" HEIGHT="57" BASELINE="206 766 1008 766" TAGREFS="TYPE_1">
                        <Shape>
                            <Polygon POINTS="206 781 250 780 253 782 263 789 264 789 265 789 266 789 309 783 319 788 320 788 321 788 322 788 345 782 352 780 359 782 379 788 380 788 381 788 382 788 401 782 406 780 412 782 431 789 432 789 433 789 475 783 626 789 627 789 628 789 629 789 638 782 641 780 743 780 747 782 762 789 763 789 764 790 853 790 853 789 854 789 875 782 880 781 884 782 902 789 903 789 904 789 905 789 919 782 925 780 962 780 968 782 979 787 980 787 981 787 1008 782 1008 766 1008 740 792 733 791 733 790 733 789 733 784 738 783 738 754 737 655 734 654 734 641 736 628 739 619 736 611 733 610 733 609 733 608 733 600 736 592 740 480 740 455 735 444 733 443 733 434 735 413 739 408 734 406 733 405 733 404 733 349 733 348 733 347 733 343 734 323 739 314 734 314 733 313 733 312 733 311 733 310 733 307 734 290 739 279 733 278 733 277 733 238 733 237 733 236 733 224 739 207 733 206 766 206 781"/>
                        </Shape>
                        <String CONTENT=""/>
                    </TextLine>

                    <TextLine ID="line_16" HPOS="204" VPOS="783" WIDTH="798" HEIGHT="54" BASELINE="204 816 1002 816" TAGREFS="TYPE_1">
                        <Shape>
                            <Polygon POINTS="204 816 204 827 222 836 223 836 224 836 267 830 276 836 277 836 278 836 279 837 318 837 318 836 319 836 333 829 356 836 357 836 358 836 359 836 371 829 373 828 376 829 394 836 395 836 396 837 531 837 531 836 532 836 533 836 540 831 545 828 554 831 562 834 563 834 564 834 565 834 566 834 570 831 575 828 582 832 592 836 593 836 594 837 660 837 660 836 660 836 667 832 676 828 876 828 888 835 889 835 890 835 891 835 893 835 930 828 951 835 952 835 953 835 954 835 975 828 1000 836 1002 816 1002 790 824 783 823 783 734 789 724 783 723 783 722 783 721 783 655 789 626 783 625 783 624 783 623 783 614 789 515 784 514 784 513 784 512 784 504 790 406 790 381 784 380 784 308 789 279 783 278 783 277 783 252 789 216 783 215 783 214 783 204 788 204 816"/>
                        </Shape>
                        <String CONTENT=""/>
                    </TextLine>

                    <TextLine ID="line_17" HPOS="202" VPOS="825" WIDTH="799" HEIGHT="63" BASELINE="202 866 1001 866" TAGREFS="TYPE_1">
                        <Shape>
                            <Polygon POINTS="202 866 202 881 214 887 215 887 216 887 258 881 269 880 280 881 308 885 309 885 330 881 353 878 361 881 372 887 373 887 374 887 375 887 386 881 390 879 396 881 413 887 414 887 415 887 452 881 454 881 454 881 468 887 469 887 470 888 619 888 619 887 620 887 633 881 637 879 660 881 677 882 678 882 679 882 682 881 690 878 736 878 748 881 759 884 760 884 761 884 762 884 773 881 786 878 892 878 901 881 908 884 909 884 910 884 929 881 948 878 1000 880 1001 866 1001 837 962 837 942 825 941 825 868 825 867 825 867 825 866 825 850 837 807 837 790 825 789 825 788 825 787 825 786 825 761 837 737 837 702 825 701 825 681 825 680 825 679 825 678 825 664 834 641 827 640 827 639 827 638 827 609 835 588 825 587 825 539 825 538 825 537 825 502 836 478 836 463 826 462 826 461 826 460 826 459 826 439 837 393 837 372 825 371 825 371 825 339 832 329 825 328 825 327 825 326 825 283 831 259 825 258 825 257 825 202 836 202 866"/>
                        </Shape>
                        <String CONTENT=""/>
                    </TextLine>

                    <TextLine ID="line_18" HPOS="205" VPOS="876" WIDTH="793" HEIGHT="63" BASELINE="206 916 998 913" TAGREFS="TYPE_1">
                        <Shape>
                            <Polygon POINTS="206 916 207 932 210 929 213 932 223 938 224 938 225 938 226 938 227 938 252 931 255 931 260 931 312 938 313 938 314 938 330 933 347 938 348 938 349 939 452 939 452 938 453 938 484 929 494 927 496 929 502 934 503 934 504 934 505 934 553 929 565 928 568 929 587 937 588 937 589 937 590 937 614 928 619 927 644 928 694 931 695 931 728 928 744 926 749 927 771 936 772 936 773 937 855 937 855 936 856 936 857 936 868 926 869 926 870 926 886 932 887 932 888 932 889 932 890 932 897 927 907 935 908 935 908 935 909 935 910 935 937 926 938 926 997 926 998 913 996 885 965 885 964 884 948 876 947 876 946 876 945 876 928 884 927 885 867 885 866 884 851 876 850 876 849 876 848 876 847 876 822 883 795 876 794 876 793 876 792 876 791 876 779 884 778 885 733 885 729 884 707 877 706 877 705 877 670 881 650 877 649 877 648 877 647 877 646 877 638 883 623 878 622 878 621 878 620 878 619 878 614 884 611 886 533 886 529 883 517 878 516 878 515 878 514 878 500 883 495 885 488 883 464 878 463 878 462 878 409 883 406 883 403 883 370 878 369 878 368 878 356 883 353 884 351 883 342 878 341 878 340 878 339 878 205 882 206 916"/>
                        </Shape>
                        <String CONTENT=""/>
                    </TextLine>

                    <TextLine ID="line_19" HPOS="200" VPOS="927" WIDTH="800" HEIGHT="60" BASELINE="201 963 1000 961" TAGREFS="TYPE_1">
                        <Shape>
                            <Polygon POINTS="201 963 201 978 253 976 261 978 282 985 283 985 284 985 285 985 286 985 293 980 323 986 324 986 325 986 341 978 352 985 353 985 354 985 355 985 384 978 392 976 396 978 413 986 414 986 415 987 542 987 542 986 543 986 576 977 577 977 578 977 598 985 599 985 600 986 630 986 630 985 631 985 632 985 646 977 650 975 715 975 718 977 729 985 730 985 731 985 732 986 797 986 797 985 798 985 831 976 836 975 838 976 851 983 852 983 853 983 854 983 869 976 881 985 882 985 883 985 884 986 907 986 907 985 908 985 929 976 932 975 998 975 1000 961 998 935 964 927 963 927 962 927 936 935 931 937 903 937 900 935 887 927 886 927 885 927 884 927 838 935 832 936 827 935 803 930 802 930 725 936 715 936 713 936 704 929 703 929 702 929 702 929 671 936 668 936 660 936 546 928 545 928 511 936 507 937 493 936 389 930 388 930 387 930 386 930 377 937 351 937 327 937 326 937 299 928 298 928 245 928 244 928 200 937 201 963"/>
                        </Shape>
                        <String CONTENT=""/>
                    </TextLine>

                    <TextLine ID="line_20" HPOS="203" VPOS="973" WIDTH="799" HEIGHT="61" BASELINE="204 1013 1002 1011" TAGREFS="TYPE_1">
                        <Shape>
                            <Polygon POINTS="204 1013 204 1030 275 1027 295 1030 319 1034 320 1034 354 1030 387 1026 403 1030 419 1034 420 1034 421 1034 454 1030 482 1026 495 1029 512 1034 513 1034 514 1034 537 1029 541 1029 548 1029 601 1034 602 1034 603 1034 614 1029 620 1026 628 1029 635 1031 636 1031 637 1031 638 1031 639 1031 641 1029 647 1025 675 1025 681 1029 686 1033 687 1033 688 1033 689 1034 811 1034 811 1033 866 1028 900 1025 909 1028 925 1033 926 1033 927 1033 928 1033 947 1028 953 1026 1000 1027 1002 1011 1000 984 958 973 957 973 933 974 932 974 931 974 917 983 916 983 878 973 877 973 837 973 836 973 835 973 834 973 822 982 819 984 746 984 739 981 710 973 709 973 644 973 643 973 613 980 600 983 595 980 586 974 585 974 584 974 552 974 551 974 550 974 549 974 541 980 533 985 431 985 423 979 422 979 421 979 420 979 419 979 402 984 386 978 380 976 379 976 378 976 377 976 370 978 362 980 352 978 339 975 338 975 337 975 330 978 314 985 270 985 258 977 254 974 253 974 252 974 251 974 203 976 204 1013"/>
                        </Shape>
                        <String CONTENT=""/>
                    </TextLine>

                    <TextLine ID="line_21" HPOS="201" VPOS="1024" WIDTH="803" HEIGHT="57" BASELINE="201 1061 1004 1061" TAGREFS="TYPE_1">
                        <Shape>
                            <Polygon POINTS="201 1061 201 1074 221 1080 222 1080 223 1081 284 1081 284 1080 285 1080 304 1074 306 1074 307 1074 335 1080 336 1080 337 1080 338 1080 348 1074 349 1073 357 1074 385 1077 386 1077 387 1077 396 1074 399 1073 482 1073 485 1074 506 1080 507 1080 508 1081 602 1081 602 1080 603 1080 619 1073 620 1073 627 1073 672 1077 673 1077 705 1073 707 1073 708 1073 718 1080 719 1080 720 1080 721 1081 764 1081 764 1080 765 1080 783 1073 823 1073 850 1073 852 1073 890 1080 891 1080 935 1073 936 1073 975 1080 976 1080 977 1080 978 1080 989 1073 1004 1073 1004 1061 1004 1034 894 1034 892 1032 881 1024 880 1024 879 1024 855 1024 854 1024 853 1024 852 1024 841 1031 824 1024 823 1024 822 1024 821 1024 807 1031 803 1033 783 1031 749 1027 748 1027 747 1027 746 1027 742 1030 737 1033 693 1033 688 1030 680 1024 679 1024 678 1024 660 1024 659 1024 658 1024 657 1024 650 1029 644 1033 638 1029 630 1024 629 1024 628 1024 627 1024 581 1028 541 1032 530 1028 525 1026 524 1026 523 1026 522 1026 519 1028 512 1031 503 1027 495 1024 495 1024 436 1024 435 1024 434 1024 427 1026 413 1032 406 1026 403 1024 402 1024 401 1024 400 1024 399 1024 392 1026 373 1031 336 1025 326 1024 325 1024 324 1024 323 1024 322 1025 313 1032 305 1026 304 1026 303 1026 302 1026 301 1026 285 1031 265 1024 263 1024 262 1024 261 1024 260 1024 259 1024 241 1033 201 1024 201 1061"/>
                        </Shape>
                        <String CONTENT=""/>
                    </TextLine>

                    <TextLine ID="line_22" HPOS="201" VPOS="1073" WIDTH="805" HEIGHT="59" BASELINE="201 1109 1006 1112" TAGREFS="TYPE_1">
                        <Shape>
                            <Polygon POINTS="1005 1083 954 1083 953 1082 938 1075 937 1075 936 1075 935 1075 910 1081 908 1082 899 1081 858 1077 857 1077 856 1077 846 1081 842 1083 758 1083 753 1080 739 1074 738 1074 737 1074 700 1079 693 1080 692 1079 685 1075 684 1075 683 1075 682 1075 681 1075 680 1075 673 1079 670 1081 667 1079 661 1077 660 1077 660 1077 616 1078 565 1081 551 1078 534 1074 533 1074 469 1073 419 1073 418 1073 417 1073 416 1073 412 1077 406 1080 354 1076 313 1073 312 1073 311 1073 304 1076 292 1081 220 1081 202 1075 201 1109 201 1127 300 1121 310 1126 310 1127 311 1127 312 1127 394 1129 395 1129 396 1129 408 1125 424 1120 440 1125 452 1129 453 1129 454 1129 476 1125 505 1119 641 1119 647 1123 649 1125 650 1125 651 1125 652 1125 653 1125 654 1125 656 1123 662 1119 720 1119 725 1122 737 1131 738 1131 739 1131 740 1132 878 1132 878 1131 879 1131 880 1131 893 1121 915 1129 916 1129 917 1129 918 1129 943 1121 952 1126 953 1126 954 1126 1005 1119 1006 1112 1005 1083"/>
                        </Shape>
                        <String CONTENT=""/>
                    </TextLine>

                    <TextLine ID="line_23" HPOS="198" VPOS="1120" WIDTH="805" HEIGHT="59" BASELINE="198 1158 470 1157 1003 1161" TAGREFS="TYPE_1">
                        <Shape>
                            <Polygon POINTS="1002 1133 952 1124 951 1124 856 1131 835 1132 826 1131 801 1126 800 1126 766 1130 753 1131 750 1130 736 1123 735 1123 734 1123 700 1129 688 1131 680 1129 670 1126 669 1126 668 1126 626 1128 593 1130 589 1128 578 1122 578 1122 577 1122 544 1127 529 1130 519 1127 507 1123 506 1123 505 1123 483 1127 473 1128 467 1127 451 1121 450 1121 449 1121 373 1125 343 1127 336 1125 323 1120 322 1120 321 1120 320 1120 319 1120 313 1125 308 1129 267 1129 259 1124 251 1120 250 1120 249 1120 227 1124 205 1128 199 1123 198 1158 198 1176 283 1176 283 1175 284 1175 304 1168 365 1174 366 1174 390 1169 420 1175 429 1176 430 1177 462 1177 462 1176 463 1176 464 1176 466 1174 474 1169 533 1169 540 1174 542 1176 543 1176 544 1176 545 1176 578 1174 639 1170 652 1174 664 1178 665 1178 666 1179 763 1179 763 1178 764 1178 773 1173 776 1172 783 1173 800 1177 801 1177 822 1173 834 1171 851 1173 882 1177 883 1177 932 1173 943 1172 947 1173 973 1179 974 1179 1002 1172 1003 1161 1002 1133"/>
                        </Shape>
                        <String CONTENT=""/>
                    </TextLine>

                    <TextLine ID="line_24" HPOS="201" VPOS="1170" WIDTH="804" HEIGHT="60" BASELINE="201 1206 1005 1210" TAGREFS="TYPE_1">
                        <Shape>
                            <Polygon POINTS="1004 1183 844 1183 840 1180 830 1173 829 1173 828 1173 827 1173 789 1179 777 1181 772 1179 757 1172 756 1172 755 1172 719 1178 712 1179 711 1178 703 1172 702 1172 702 1172 681 1172 680 1172 679 1172 662 1177 655 1179 643 1177 627 1174 626 1174 625 1174 620 1176 612 1181 584 1176 578 1175 577 1175 557 1175 452 1180 442 1174 439 1171 438 1171 437 1171 401 1170 400 1170 399 1170 391 1173 385 1175 364 1172 343 1170 342 1170 341 1170 337 1172 327 1177 314 1172 309 1170 308 1170 307 1170 306 1170 303 1171 288 1180 257 1180 247 1171 246 1171 245 1171 244 1171 243 1171 218 1177 202 1170 201 1206 202 1226 223 1219 257 1219 269 1226 270 1227 271 1227 272 1227 273 1227 297 1226 394 1219 406 1225 412 1228 413 1228 413 1228 497 1224 602 1220 621 1224 647 1229 648 1229 708 1223 724 1222 732 1223 761 1229 762 1229 787 1223 795 1221 799 1223 816 1230 817 1230 818 1230 819 1230 846 1223 933 1230 934 1230 935 1230 947 1224 962 1229 963 1229 964 1229 1004 1221 1005 1210 1004 1183"/>
                        </Shape>
                        <String CONTENT=""/>
                    </TextLine>

                    <TextLine ID="line_25" HPOS="198" VPOS="1217" WIDTH="805" HEIGHT="62" BASELINE="199 1254 1003 1261" TAGREFS="TYPE_1">
                        <Shape>
                            <Polygon POINTS="199 1254 198 1268 258 1273 259 1273 279 1269 303 1265 343 1267 347 1270 351 1274 352 1274 353 1274 354 1274 396 1271 420 1269 425 1271 435 1275 436 1275 437 1275 503 1272 529 1271 533 1272 542 1276 543 1276 544 1277 618 1277 618 1276 619 1276 619 1276 622 1273 630 1268 691 1268 698 1274 699 1274 700 1274 701 1274 702 1274 712 1269 799 1269 814 1275 816 1276 817 1276 818 1276 825 1276 868 1270 887 1270 895 1276 898 1278 899 1278 900 1278 901 1279 931 1279 931 1278 932 1278 936 1277 947 1271 961 1277 966 1278 967 1278 968 1278 1002 1277 1003 1261 1003 1224 980 1223 979 1223 978 1223 976 1224 951 1234 908 1234 893 1224 890 1222 889 1222 888 1222 872 1222 871 1222 870 1222 869 1222 867 1224 854 1233 810 1233 785 1225 774 1221 773 1221 772 1221 771 1221 759 1225 754 1226 731 1225 667 1221 666 1221 665 1221 664 1221 659 1225 650 1231 556 1231 542 1226 521 1219 520 1219 519 1219 518 1219 517 1219 506 1226 500 1230 429 1230 418 1226 390 1218 389 1218 388 1218 345 1227 338 1228 336 1227 326 1219 325 1219 324 1219 297 1218 296 1218 295 1218 272 1226 246 1217 245 1217 244 1217 243 1217 242 1217 228 1227 228 1228 199 1228 199 1254"/>
                        </Shape>
                        <String CONTENT=""/>
                    </TextLine>

                    <TextLine ID="line_26" HPOS="197" VPOS="1267" WIDTH="803" HEIGHT="59" BASELINE="197 1303 1000 1307" TAGREFS="TYPE_1">
                        <Shape>
                            <Polygon POINTS="197 1303 197 1321 262 1317 283 1321 293 1323 294 1323 305 1321 318 1318 324 1321 330 1324 330 1324 542 1325 543 1325 544 1325 545 1325 553 1320 558 1317 599 1317 684 1317 691 1319 702 1323 703 1323 704 1323 724 1319 729 1318 735 1319 772 1325 773 1325 774 1325 793 1318 798 1317 805 1318 831 1324 832 1324 833 1324 834 1324 843 1318 844 1318 871 1318 949 1319 961 1326 962 1326 963 1326 999 1317 1000 1307 999 1280 887 1280 886 1279 873 1270 872 1270 871 1270 844 1270 843 1270 842 1270 816 1279 815 1279 813 1279 789 1269 788 1269 787 1269 711 1278 709 1278 708 1278 681 1269 680 1269 654 1269 653 1269 652 1269 618 1278 616 1278 615 1278 598 1268 597 1268 596 1268 595 1268 540 1274 519 1268 518 1268 517 1268 516 1268 497 1277 465 1277 441 1277 438 1277 389 1267 388 1267 340 1277 328 1267 327 1267 326 1267 300 1267 299 1267 298 1267 297 1267 285 1275 219 1267 218 1267 217 1267 197 1276 197 1303"/>
                        </Shape>
                        <String CONTENT=""/>
                    </TextLine>

                    <TextLine ID="line_27" HPOS="197" VPOS="1316" WIDTH="798" HEIGHT="62" BASELINE="197 1351 995 1356" TAGREFS="TYPE_1">
                        <Shape>
                            <Polygon POINTS="197 1351 198 1373 214 1369 219 1373 220 1374 221 1374 222 1374 223 1375 308 1375 308 1374 316 1372 351 1364 367 1364 377 1372 381 1375 382 1375 383 1375 384 1375 433 1372 521 1365 532 1371 541 1376 542 1376 597 1377 598 1378 676 1378 676 1377 677 1377 678 1377 688 1370 694 1366 752 1369 790 1371 791 1371 792 1371 801 1369 809 1367 815 1369 827 1373 828 1373 829 1373 929 1368 934 1368 935 1368 970 1375 971 1375 972 1375 994 1367 995 1356 995 1326 970 1320 969 1320 968 1320 954 1326 946 1329 940 1326 932 1320 931 1320 930 1320 854 1319 853 1319 852 1319 851 1319 843 1325 837 1329 703 1329 699 1325 693 1321 692 1321 691 1321 669 1321 668 1321 667 1321 666 1321 660 1325 657 1328 634 1325 574 1317 573 1317 572 1317 552 1325 549 1326 546 1325 532 1320 531 1320 530 1320 529 1320 512 1325 503 1327 429 1327 427 1325 422 1321 421 1321 420 1321 419 1321 394 1325 385 1326 382 1325 371 1318 370 1318 369 1318 297 1321 286 1316 285 1316 284 1316 197 1324 197 1351"/>
                        </Shape>
                        <String CONTENT=""/>
                    </TextLine>

                    <TextLine ID="line_28" HPOS="195" VPOS="1365" WIDTH="791" HEIGHT="63" BASELINE="196 1400 986 1407" TAGREFS="TYPE_1">
                        <Shape>
                            <Polygon POINTS="196 1378 196 1400 195 1421 229 1416 245 1422 247 1423 248 1423 352 1425 353 1425 354 1425 361 1421 374 1414 390 1421 399 1425 400 1425 453 1426 454 1426 454 1426 455 1426 463 1421 471 1415 501 1414 517 1420 533 1427 534 1427 535 1428 635 1428 635 1427 636 1427 637 1427 647 1420 651 1417 662 1419 676 1422 677 1422 678 1422 687 1419 698 1416 703 1419 705 1421 706 1421 707 1421 708 1421 727 1419 753 1416 766 1419 788 1424 789 1424 814 1419 823 1417 897 1417 898 1418 925 1428 926 1428 927 1428 985 1417 986 1407 985 1380 861 1380 858 1378 845 1369 844 1369 843 1369 827 1369 826 1369 826 1369 825 1369 814 1377 811 1379 799 1377 754 1370 753 1370 752 1370 740 1376 738 1378 735 1376 721 1368 720 1368 719 1368 718 1368 652 1375 641 1370 640 1370 639 1370 638 1370 624 1375 618 1377 599 1375 577 1372 576 1372 559 1374 546 1376 542 1374 527 1366 526 1366 525 1366 450 1367 449 1367 437 1373 430 1376 398 1376 393 1372 382 1365 381 1365 380 1365 379 1365 378 1365 354 1372 352 1372 343 1365 342 1365 341 1365 340 1365 297 1371 275 1375 240 1375 227 1370 210 1365 209 1365 208 1365 207 1365 199 1368 196 1378"/>
                        </Shape>
                        <String CONTENT=""/>
                    </TextLine>

                    <TextLine ID="line_29" HPOS="196" VPOS="1418" WIDTH="794" HEIGHT="57" BASELINE="197 1451 990 1456" TAGREFS="TYPE_1">
                        <Shape>
                            <Polygon POINTS="197 1451 196 1458 221 1470 222 1470 223 1471 263 1471 263 1470 264 1470 278 1462 288 1470 289 1470 289 1470 386 1471 387 1471 388 1471 405 1462 409 1461 418 1463 436 1466 437 1466 471 1464 513 1461 540 1465 553 1467 554 1467 555 1467 556 1467 558 1466 564 1462 669 1462 678 1468 682 1471 683 1471 684 1471 726 1472 727 1472 728 1472 735 1469 744 1465 750 1470 754 1473 755 1473 756 1473 757 1473 783 1470 795 1469 809 1471 830 1474 831 1474 832 1474 839 1471 858 1465 897 1470 898 1470 926 1464 945 1474 946 1474 947 1474 948 1475 989 1475 990 1456 990 1428 972 1419 971 1419 951 1419 950 1419 950 1419 949 1419 936 1428 936 1429 880 1429 878 1428 866 1419 865 1419 864 1419 830 1418 777 1418 776 1418 775 1418 758 1426 758 1427 731 1427 731 1426 713 1418 712 1418 711 1418 657 1425 650 1426 642 1425 596 1418 595 1418 594 1418 593 1418 583 1425 580 1426 547 1424 478 1420 477 1420 476 1420 469 1423 466 1425 440 1423 389 1419 388 1419 387 1419 374 1422 364 1425 346 1422 331 1420 330 1420 197 1420 197 1451"/>
                        </Shape>
                        <String CONTENT=""/>
                    </TextLine>

                    <TextLine ID="line_30" HPOS="192" VPOS="1461" WIDTH="809" HEIGHT="78" BASELINE="193 1498 1001 1503" TAGREFS="TYPE_1">
                        <Shape>
                            <Polygon POINTS="193 1498 192 1527 241 1535 242 1535 243 1535 244 1535 254 1527 258 1524 264 1527 272 1530 273 1530 274 1530 291 1527 315 1522 358 1526 378 1528 379 1528 401 1526 428 1523 444 1526 498 1536 499 1536 500 1536 519 1525 526 1521 568 1520 575 1525 583 1531 584 1531 585 1531 586 1531 608 1529 631 1537 632 1537 633 1537 664 1533 677 1538 678 1538 679 1539 753 1539 753 1538 754 1538 755 1538 768 1530 797 1538 798 1538 799 1538 800 1538 819 1530 835 1533 836 1533 837 1533 838 1533 854 1523 856 1522 1000 1522 1001 1503 1001 1475 963 1465 962 1465 920 1465 919 1465 918 1465 889 1474 855 1474 822 1474 809 1464 808 1464 807 1464 780 1464 779 1464 778 1464 777 1464 765 1473 748 1464 747 1464 746 1464 710 1472 705 1474 678 1474 676 1472 665 1463 664 1463 663 1463 645 1463 644 1463 643 1463 642 1463 631 1471 629 1473 569 1473 566 1471 554 1463 553 1463 552 1463 510 1462 509 1462 508 1462 484 1470 479 1472 433 1472 429 1469 421 1463 420 1463 419 1463 418 1463 417 1463 416 1463 408 1469 405 1471 388 1469 367 1466 366 1466 365 1466 358 1468 352 1471 346 1468 332 1461 331 1461 330 1461 298 1467 281 1461 280 1461 279 1461 250 1467 246 1468 242 1467 221 1461 220 1461 219 1461 193 1466 193 1498"/>
                        </Shape>
                        <String CONTENT=""/>
                    </TextLine>
</TextBlock>
                <TextBlock ID="textblock_6">
                    
                    <TextLine ID="line_31" HPOS="846" VPOS="1513" WIDTH="156" HEIGHT="74" BASELINE="847 1551 1002 1554" TAGREFS="TYPE_1">
                        <Shape>
                            <Polygon POINTS="847 1551 846 1570 872 1579 873 1579 874 1579 875 1579 890 1572 891 1571 892 1572 911 1586 912 1586 913 1586 914 1587 947 1587 947 1586 948 1586 949 1586 966 1574 970 1572 1000 1575 1002 1554 1002 1520 984 1513 983 1513 982 1513 946 1517 935 1519 931 1517 926 1513 925 1513 924 1513 847 1513 847 1551"/>
                        </Shape>
                        <String CONTENT=""/>
                    </TextLine>

                </TextBlock>
            </PrintSpace>
        </Page>
    </Layout>
</alto>