<?xml version="1.0" encoding="UTF-8"?>
<alto xmlns:xsi="http://www.w3.org/2001/XMLSchema-instance"
    xmlns="http://www.loc.gov/standards/alto/ns-v4#"
    xsi:schemaLocation="http://www.loc.gov/standards/alto/ns-v4# http://www.loc.gov/standards/alto/v4/alto-4-3.xsd">
    <Description>
        <MeasurementUnit>pixel</MeasurementUnit>
        <sourceImageInformation>
            <fileName>bsb10313792_00022.jpg</fileName>
        </sourceImageInformation>
        <Processing ID="OCR_0">
            <processingCategory>other</processingCategory>
            <processingStepDescription>unknown</processingStepDescription>
            <processingSoftware>
                <softwareName>kraken</softwareName>
                <softwareVersion>4.3.13</softwareVersion>
            </processingSoftware>
        </Processing>
    </Description>
    <Tags>
        <OtherTag ID="TYPE_1" LABEL="DefaultLine"/>
        <OtherTag ID="TYPE_2" LABEL="MainZone-Other"/>
        <OtherTag ID="TYPE_3" LABEL="RunningTitleZone"/>
        <OtherTag ID="TYPE_4" LABEL="QuireMarksZone"/>
        <OtherTag ID="TYPE_5" LABEL="MarginTextZone-Notes-Continued"/>
        <OtherTag ID="TYPE_6" LABEL="MarginTextZone-Notes"/>
        <OtherTag ID="TYPE_7" LABEL="GraphicZone-TextualContent"/>
        <OtherTag ID="TYPE_8" LABEL="DigitizationArtefactZone"/>
        <OtherTag ID="TYPE_9" LABEL="TableZone-Continued"/>
        <OtherTag ID="TYPE_10" LABEL="MainZone-Lg"/>
        <OtherTag ID="TYPE_11" LABEL="MainZone-Head"/>
        <OtherTag ID="TYPE_12" LABEL="StampZone"/>
        <OtherTag ID="TYPE_13" LABEL="MainZone-Form"/>
        <OtherTag ID="TYPE_14" LABEL="MainZone-List-Continued"/>
        <OtherTag ID="TYPE_15" LABEL="MainZone-Signature"/>
        <OtherTag ID="TYPE_16" LABEL="MarginTextZone-ManuscriptAddendum"/>
        <OtherTag ID="TYPE_17" LABEL="MainZone-P-Continued"/>
        <OtherTag ID="TYPE_18" LABEL="StampZone-Sticker"/>
        <OtherTag ID="TYPE_19" LABEL="TableZone-Head"/>
        <OtherTag ID="TYPE_20" LABEL="GraphicZone-Decoration"/>
        <OtherTag ID="TYPE_21" LABEL="DropCapitalZone"/>
        <OtherTag ID="TYPE_22" LABEL="NumberingZone"/>
        <OtherTag ID="TYPE_23" LABEL="FigureZone-Head"/>
        <OtherTag ID="TYPE_24" LABEL="TitlePageZone"/>
        <OtherTag ID="TYPE_25" LABEL="GraphicZone-Maths"/>
        <OtherTag ID="TYPE_26" LABEL="MainZone-Entry-Continued"/>
        <OtherTag ID="TYPE_27" LABEL="MainZone-Sp"/>
        <OtherTag ID="TYPE_28" LABEL="MainZone-Entry"/>
        <OtherTag ID="TYPE_29" LABEL="GraphicZone-Part"/>
        <OtherTag ID="TYPE_30" LABEL="GraphicZone"/>
        <OtherTag ID="TYPE_31" LABEL="MainZone-Sp-Continued"/>
        <OtherTag ID="TYPE_32" LABEL="TableZone"/>
        <OtherTag ID="TYPE_33" LABEL="TitlePageZone-Index"/>
        <OtherTag ID="TYPE_34" LABEL="AdvertisementZone"/>
        <OtherTag ID="TYPE_35" LABEL="MainZone-Date"/>
        <OtherTag ID="TYPE_36" LABEL="FigureZone-FigDesc"/>
        <OtherTag ID="TYPE_37" LABEL="GraphicZone-Head"/>
        <OtherTag ID="TYPE_38" LABEL="MainZone-List"/>
        <OtherTag ID="TYPE_39" LABEL="MainZone-P"/>
        <OtherTag ID="TYPE_40" LABEL="MainZone-Lg-Continued"/>
        <OtherTag ID="TYPE_41" LABEL="FigureZone"/>
        <OtherTag ID="TYPE_42" LABEL="GraphicZone-FigDesc"/>
    </Tags>
    <Layout>
        <Page WIDTH="1095" HEIGHT="1743" PHYSICAL_IMG_NR="0" ID="page_0">
            <PrintSpace HPOS="0" VPOS="0" WIDTH="1095" HEIGHT="1743">
                <TextBlock ID="block_4" HPOS="180" VPOS="73" WIDTH="45" HEIGHT="38" TAGREFS="TYPE_22">
                    <Shape>
                        <Polygon POINTS="180.6090850830078 73.73377990722656 225.2147979736328 73.73377990722656 225.2147979736328 111.39905548095703 180.6090850830078 111.39905548095703 180.6090850830078 73.73377990722656"/>
                    </Shape>
                    <TextLine ID="line_0" HPOS="186" VPOS="71" WIDTH="35" HEIGHT="47" BASELINE="186 96 221 96" TAGREFS="TYPE_1">
                        <Shape>
                            <Polygon POINTS="205 71 195 71 192 71 186 73 186 96 187 113 196 110 219 118 221 96 221 74 212 71 205 71"/>
                        </Shape>
                        <String CONTENT=""/>
                    </TextLine>
</TextBlock>
                <TextBlock ID="block_0" HPOS="348" VPOS="60" WIDTH="464" HEIGHT="46" TAGREFS="TYPE_3">
                    <Shape>
                        <Polygon POINTS="348.8289794921875 60.58728790283203 812.211181640625 60.58728790283203 812.211181640625 106.2496337890625 348.8289794921875 106.2496337890625 348.8289794921875 60.58728790283203"/>
                    </Shape>
                    <TextLine ID="line_1" HPOS="349" VPOS="53" WIDTH="459" HEIGHT="55" BASELINE="350 93 808 90" TAGREFS="TYPE_1">
                        <Shape>
                            <Polygon POINTS="785 57 782 57 777 60 741 60 739 59 737 59 727 59 718 59 708 59 698 59 695 59 690 60 672 59 669 59 659 59 650 59 640 59 630 59 621 59 611 59 601 59 592 59 582 59 573 59 572 61 567 59 563 59 553 59 544 59 538 61 531 59 524 59 514 59 504 59 495 59 485 59 462 61 419 59 417 59 407 59 398 59 388 59 378 59 369 59 364 59 349 62 350 93 350 103 359 108 360 108 361 108 386 102 389 102 395 102 448 108 449 108 450 108 451 108 457 103 522 107 523 107 561 103 583 101 588 103 593 106 594 106 594 106 608 103 625 100 656 104 676 106 677 106 678 106 685 104 699 99 807 104 808 90 807 59 796 53 795 53 794 53 793 53 792 53 785 55 785 57"/>
                        </Shape>
                        <String CONTENT=""/>
                    </TextLine>
</TextBlock>
                <TextBlock ID="block_3" HPOS="180" VPOS="114" WIDTH="805" HEIGHT="145" TAGREFS="TYPE_17">
                    <Shape>
                        <Polygon POINTS="180.06544494628906 114.54179382324219 985.3091430664062 114.54179382324219 985.3091430664062 259.4093017578125 180.06544494628906 259.4093017578125 180.06544494628906 114.54179382324219"/>
                    </Shape>
                    <TextLine ID="line_2" HPOS="181" VPOS="107" WIDTH="797" HEIGHT="59" BASELINE="182 152 561 147 978 149" TAGREFS="TYPE_1">
                        <Shape>
                            <Polygon POINTS="946 111 937 111 930 111 925 114 922 115 871 114 772 111 772 111 762 111 752 111 743 111 733 111 723 111 714 111 704 111 694 111 685 111 675 111 665 111 656 111 646 111 636 111 626 111 625 111 616 114 607 118 487 118 479 115 468 111 462 111 452 111 442 111 439 111 418 115 400 118 380 115 355 111 345 111 336 111 332 111 320 114 281 111 278 111 268 111 258 111 249 111 248 111 234 115 226 118 220 115 211 111 210 111 209 111 181 115 182 152 182 159 200 166 201 166 202 166 203 166 220 161 297 166 298 166 299 166 300 166 308 160 310 159 386 159 389 160 400 166 401 166 402 166 439 161 459 158 470 161 483 164 484 164 485 164 486 164 494 161 502 158 530 161 563 165 563 165 564 165 565 165 570 161 574 159 600 162 618 163 619 163 620 163 623 162 631 157 650 162 652 162 653 162 654 162 660 162 717 157 761 162 778 164 779 164 780 164 781 164 782 162 790 156 865 156 976 163 978 149 977 114 946 107 946 111"/>
                        </Shape>
                        <String CONTENT=""/>
                    </TextLine>

                    <TextLine ID="line_3" HPOS="182" VPOS="156" WIDTH="796" HEIGHT="61" BASELINE="183 199 978 196" TAGREFS="TYPE_1">
                        <Shape>
                            <Polygon POINTS="183 199 183 209 250 209 267 215 268 215 269 215 270 215 271 215 281 209 302 209 386 217 387 217 432 209 514 214 515 214 575 208 631 216 632 217 712 217 712 216 744 215 745 215 762 207 858 207 871 215 872 215 873 215 874 216 936 216 936 215 978 205 978 196 976 166 942 166 919 156 918 156 917 156 845 165 833 156 832 156 831 156 780 156 779 156 778 156 762 162 753 156 752 156 751 156 713 156 712 156 711 156 710 156 692 167 649 167 635 157 634 157 633 157 632 157 631 157 607 163 561 157 560 157 559 157 526 166 508 157 507 157 483 157 482 157 481 157 462 162 451 158 450 158 449 158 448 158 431 168 411 168 398 158 397 158 396 158 395 158 365 165 338 159 337 159 277 167 231 158 230 158 229 158 228 158 215 168 182 168 183 199"/>
                        </Shape>
                        <String CONTENT=""/>
                    </TextLine>

                    <TextLine ID="line_4" HPOS="181" VPOS="211" WIDTH="273" HEIGHT="54" BASELINE="181 250 454 247" TAGREFS="TYPE_1">
                        <Shape>
                            <Polygon POINTS="228 249 219 249 209 249 199 249 189 249 183 249 181 250 181 259 191 265 192 265 193 265 264 260 276 259 281 260 299 264 300 264 301 264 311 260 313 259 453 260 454 247 453 229 425 211 424 211 423 211 404 211 403 211 294 221 269 214 268 214 267 214 266 214 231 229 228 249"/>
                        </Shape>
                        <String CONTENT=""/>
                    </TextLine>
</TextBlock>
                <TextBlock ID="block_5" HPOS="178" VPOS="261" WIDTH="812" HEIGHT="449" TAGREFS="TYPE_39">
                    <Shape>
                        <Polygon POINTS="178.9691619873047 261.7286682128906 990.9090576171875 261.7286682128906 990.9090576171875 710.4033203125 178.9691619873047 710.4033203125 178.9691619873047 261.7286682128906"/>
                    </Shape>
                    <TextLine ID="line_5" HPOS="231" VPOS="253" WIDTH="746" HEIGHT="56" BASELINE="232 300 483 295 977 295" TAGREFS="TYPE_1">
                        <Shape>
                            <Polygon POINTS="958 288 950 261 852 261 849 259 842 253 842 253 832 253 822 253 813 253 803 253 802 253 750 256 732 253 725 253 716 253 710 253 686 258 683 258 670 258 593 253 592 253 591 253 583 257 574 262 551 262 540 256 535 253 534 253 533 253 532 253 531 253 521 256 514 258 501 256 482 253 473 253 471 253 463 256 440 263 423 255 422 255 421 255 420 255 414 255 353 263 342 255 340 253 339 253 338 253 337 253 325 254 279 262 231 254 232 300 232 309 977 307 977 295 975 261 960 261 958 288"/>
                        </Shape>
                        <String CONTENT=""/>
                    </TextLine>

                    <TextLine ID="line_6" HPOS="183" VPOS="303" WIDTH="791" HEIGHT="59" BASELINE="184 349 974 341" TAGREFS="TYPE_1">
                        <Shape>
                            <Polygon POINTS="958 336 952 312 900 312 894 311 866 305 865 305 837 311 825 313 822 311 811 303 810 303 809 303 808 303 737 304 736 304 735 304 726 310 720 315 674 316 651 316 643 310 635 305 634 305 633 305 578 305 577 305 576 305 557 309 539 314 519 309 500 305 500 305 469 309 437 313 404 309 383 306 382 306 381 306 374 308 350 316 332 311 331 311 330 311 329 311 312 318 282 314 281 314 250 319 229 308 228 308 183 308 184 349 184 361 445 362 446 362 551 356 582 355 595 356 649 360 650 360 696 354 703 354 709 354 757 359 758 359 838 353 874 358 875 358 876 358 899 352 938 357 938 357 974 350 974 341 971 312 963 312 958 336"/>
                        </Shape>
                        <String CONTENT=""/>
                    </TextLine>

                    <TextLine ID="line_7" HPOS="181" VPOS="349" WIDTH="791" HEIGHT="66" BASELINE="182 398 972 390" TAGREFS="TYPE_1">
                        <Shape>
                            <Polygon POINTS="182 398 182 410 206 408 212 410 223 415 224 415 225 415 226 415 241 410 246 408 255 409 278 413 279 413 280 413 292 409 302 406 360 406 368 408 388 413 389 413 390 413 391 413 406 407 412 405 417 407 434 413 435 413 436 413 476 410 477 410 478 410 483 406 486 404 532 405 604 407 605 407 606 407 615 404 621 402 627 404 652 410 653 410 654 411 678 411 678 410 679 410 680 410 688 404 784 409 785 409 833 401 882 408 883 408 916 402 938 407 938 407 939 407 940 407 972 398 972 390 970 350 948 349 947 349 946 349 945 349 944 350 932 360 882 360 783 354 765 353 764 353 743 355 687 360 674 356 661 352 660 352 659 352 658 352 640 357 619 363 606 358 599 355 598 355 532 353 531 353 500 354 499 354 498 354 489 360 486 363 471 361 451 358 450 358 449 358 438 362 429 365 420 362 405 356 404 356 403 356 368 363 358 365 355 364 344 356 344 356 343 356 342 356 303 361 270 356 269 356 268 356 236 366 181 366 182 398"/>
                        </Shape>
                        <String CONTENT=""/>
                    </TextLine>

                    <TextLine ID="line_8" HPOS="182" VPOS="401" WIDTH="792" HEIGHT="61" BASELINE="183 448 467 442 974 439" TAGREFS="TYPE_1">
                        <Shape>
                            <Polygon POINTS="183 448 183 458 275 462 276 462 277 462 287 458 292 456 297 458 305 461 306 461 307 461 308 461 316 458 319 457 331 458 370 461 371 461 372 461 386 457 395 455 466 455 469 457 473 459 474 459 475 459 476 459 505 456 524 454 528 456 535 459 536 459 537 459 538 459 555 456 562 454 568 456 583 459 584 459 585 459 586 459 597 455 604 453 638 455 705 458 706 458 736 454 749 452 751 454 758 458 759 458 760 458 761 458 973 451 974 439 972 411 953 411 938 401 937 401 936 401 935 401 934 401 933 401 921 411 906 411 885 411 884 411 863 401 862 401 861 401 860 401 859 401 844 411 844 412 810 413 766 413 765 412 744 402 743 402 742 402 741 402 705 412 701 414 688 414 686 412 672 403 671 403 670 403 669 403 668 403 645 411 620 403 619 403 618 403 617 403 579 413 574 414 558 413 433 405 432 405 431 405 430 405 414 414 413 415 406 414 336 406 335 406 236 411 199 407 198 407 197 407 182 414 183 448"/>
                        </Shape>
                        <String CONTENT=""/>
                    </TextLine>

                    <TextLine ID="line_9" HPOS="187" VPOS="451" WIDTH="792" HEIGHT="60" BASELINE="187 495 979 491" TAGREFS="TYPE_1">
                        <Shape>
                            <Polygon POINTS="187 495 187 511 235 505 253 510 254 510 255 510 365 504 433 509 434 509 435 509 449 503 531 509 532 509 533 509 534 509 544 502 594 502 627 508 628 508 629 508 648 502 662 508 663 508 664 508 707 502 723 508 724 508 725 509 777 509 781 509 781 508 782 508 795 501 809 507 810 507 811 507 876 501 977 507 979 491 976 451 931 461 912 461 900 452 899 451 898 451 897 451 896 451 867 452 866 452 864 453 845 460 836 453 835 452 834 452 833 452 809 451 808 451 794 454 762 461 747 455 740 452 739 452 709 452 708 452 707 452 706 452 701 456 694 459 662 457 637 454 636 454 635 454 625 457 610 461 594 458 575 453 574 453 573 453 572 453 571 453 564 458 558 463 489 463 484 459 474 453 473 453 472 453 417 453 416 453 415 453 391 461 383 463 374 461 355 458 354 458 353 458 336 462 331 463 327 462 303 454 302 454 301 454 264 456 263 456 262 456 250 463 219 458 218 458 187 464 187 495"/>
                        </Shape>
                        <String CONTENT=""/>
                    </TextLine>

                    <TextLine ID="line_10" HPOS="185" VPOS="501" WIDTH="795" HEIGHT="59" BASELINE="186 546 478 541 980 541" TAGREFS="TYPE_1">
                        <Shape>
                            <Polygon POINTS="960 531 955 512 910 512 885 502 884 502 883 502 882 502 881 502 870 512 869 513 761 513 760 512 731 501 730 501 665 501 664 501 635 506 582 502 581 502 580 502 545 512 531 502 531 502 530 502 529 502 528 502 496 513 495 513 466 502 465 502 425 502 424 502 423 502 411 507 333 503 332 503 331 503 318 510 307 504 306 504 305 504 304 504 283 514 282 515 204 515 203 514 195 509 194 509 193 509 192 509 191 509 185 512 186 546 186 552 201 558 202 558 203 558 277 552 280 552 297 559 298 559 299 559 300 559 312 554 322 559 323 559 324 560 400 560 400 559 401 559 415 551 416 551 418 551 442 556 443 556 506 551 507 551 522 558 523 558 524 558 559 550 570 550 650 550 652 550 689 557 690 557 743 550 776 557 777 557 829 550 839 557 840 557 841 557 842 558 869 558 869 557 954 556 955 556 980 549 980 541 979 512 965 512 960 531"/>
                        </Shape>
                        <String CONTENT=""/>
                    </TextLine>

                    <TextLine ID="line_11" HPOS="185" VPOS="553" WIDTH="797" HEIGHT="52" BASELINE="186 594 982 589" TAGREFS="TYPE_1">
                        <Shape>
                            <Polygon POINTS="960 578 956 564 882 564 881 564 861 559 860 559 859 559 858 559 845 564 825 554 824 554 823 554 822 554 793 565 792 565 788 565 719 559 718 559 675 565 644 557 643 557 642 557 641 557 626 564 609 553 608 553 607 553 563 553 562 553 561 553 560 553 547 563 506 553 505 553 504 553 480 559 472 554 471 554 470 554 387 554 386 554 385 554 366 562 346 554 345 554 344 554 344 554 313 569 219 569 204 561 203 561 202 561 201 561 185 568 186 594 186 605 981 604 982 589 979 564 963 564 960 578"/>
                        </Shape>
                        <String CONTENT=""/>
                    </TextLine>

                    <TextLine ID="line_12" HPOS="185" VPOS="600" WIDTH="798" HEIGHT="62" BASELINE="186 643 487 640 983 642" TAGREFS="TYPE_1">
                        <Shape>
                            <Polygon POINTS="186 643 186 661 260 655 312 660 313 660 314 660 332 653 371 658 372 658 466 654 475 660 475 661 476 661 477 661 478 661 561 660 562 660 563 660 572 653 715 653 729 659 733 661 734 661 735 661 755 659 816 653 859 658 860 658 861 658 876 653 883 659 886 661 887 661 888 661 889 662 944 662 944 661 945 661 952 658 964 654 982 658 983 642 981 600 934 609 907 601 905 600 904 600 903 600 902 600 901 600 900 601 885 612 648 612 635 606 634 606 633 606 632 606 621 611 613 606 605 600 604 600 603 600 552 600 551 600 550 600 536 607 526 600 525 600 524 600 523 600 500 605 487 600 486 600 485 600 484 600 469 608 462 602 461 602 460 602 459 602 429 606 408 600 407 600 406 600 406 600 391 607 372 600 371 600 370 600 369 600 352 606 344 600 344 600 343 600 246 600 245 600 185 612 186 643"/>
                        </Shape>
                        <String CONTENT=""/>
                    </TextLine>

                    <TextLine ID="line_13" HPOS="187" VPOS="669" WIDTH="263" HEIGHT="44" BASELINE="187 694 450 690" TAGREFS="TYPE_1">
                        <Shape>
                            <Polygon POINTS="448 685 438 685 429 685 419 685 409 685 400 685 390 685 380 685 371 685 361 685 351 685 342 685 332 685 322 685 312 685 303 685 293 685 283 685 274 685 264 685 254 685 245 685 242 672 240 672 237 669 236 669 235 669 234 669 187 669 187 694 187 703 248 713 249 713 322 710 323 710 343 702 344 702 360 710 361 710 362 710 363 710 383 701 385 701 388 701 419 708 420 708 421 708 422 708 422 707 431 701 449 701 450 690 448 685 448 685"/>
                        </Shape>
                        <String CONTENT=""/>
                    </TextLine>
</TextBlock>
                <TextBlock ID="block_2" HPOS="249" VPOS="707" WIDTH="503" HEIGHT="57" TAGREFS="TYPE_11">
                    <Shape>
                        <Polygon POINTS="249.3210906982422 707.5079345703125 752.5105590820312 707.5079345703125 752.5105590820312 764.1654052734375 249.3210906982422 764.1654052734375 249.3210906982422 707.5079345703125"/>
                    </Shape>
                    <TextLine ID="line_14" HPOS="244" VPOS="740" WIDTH="505" HEIGHT="25" BASELINE="245 746 749 743" TAGREFS="TYPE_1">
                        <Shape>
                            <Polygon POINTS="738 740 728 740 719 740 709 740 699 740 689 740 680 740 670 740 660 740 651 740 641 740 631 740 622 740 612 740 602 740 593 740 583 740 573 740 563 740 554 740 544 740 534 740 525 740 515 740 505 740 496 740 486 740 476 740 467 740 457 740 447 740 438 740 428 740 418 740 408 740 399 740 389 740 379 740 370 740 360 740 350 740 341 740 331 740 321 740 312 740 302 740 292 740 282 740 273 740 263 740 253 740 244 740 245 746 245 757 348 757 372 765 373 765 374 765 375 765 386 761 410 765 411 765 437 764 438 764 438 764 438 764 447 756 494 756 507 763 508 763 509 763 545 756 578 764 579 764 580 764 608 760 718 763 719 763 719 763 749 753 749 743 748 740 738 740"/>
                        </Shape>
                        <String CONTENT=""/>
                    </TextLine>
</TextBlock>
                <TextBlock ID="block_6" HPOS="185" VPOS="764" WIDTH="811" HEIGHT="397" TAGREFS="TYPE_39">
                    <Shape>
                        <Polygon POINTS="185.91085815429688 764.0081787109375 996.3533935546875 764.0081787109375 996.3533935546875 1161.0875244140625 185.91085815429688 1161.0875244140625 185.91085815429688 764.0081787109375"/>
                    </Shape>
                    <TextLine ID="line_15" HPOS="264" VPOS="755" WIDTH="717" HEIGHT="53" BASELINE="265 798 981 795" TAGREFS="TYPE_1">
                        <Shape>
                            <Polygon POINTS="265 798 265 808 980 804 981 795 979 767 871 767 869 765 850 755 849 755 848 755 847 755 846 755 810 765 800 767 776 764 754 763 753 763 739 764 718 767 712 764 701 756 700 756 699 756 698 756 697 756 673 764 660 767 614 764 613 764 612 764 600 768 573 768 563 763 553 757 552 757 513 757 512 757 511 757 510 757 502 762 492 768 452 764 451 764 450 764 449 764 441 769 424 761 417 758 416 758 376 758 375 758 375 758 374 758 371 761 367 764 354 761 344 758 344 758 343 758 342 758 336 760 316 768 299 760 295 758 294 758 293 758 264 759 265 798"/>
                        </Shape>
                        <String CONTENT=""/>
                    </TextLine>

                    <TextLine ID="line_16" HPOS="190" VPOS="806" WIDTH="793" HEIGHT="62" BASELINE="191 849 983 842" TAGREFS="TYPE_1">
                        <Shape>
                            <Polygon POINTS="191 849 191 868 211 867 212 867 213 867 223 859 282 865 283 865 321 857 360 864 361 864 362 864 363 864 371 859 405 862 406 862 406 862 407 862 417 856 430 861 431 861 432 861 510 856 520 862 521 862 522 862 523 862 524 862 551 856 582 860 583 860 584 860 585 860 592 856 613 859 614 859 675 855 696 863 697 863 698 864 737 864 737 863 738 863 739 863 752 855 802 854 851 856 862 862 863 862 864 862 865 862 920 857 981 861 983 842 981 816 854 811 853 811 852 811 841 815 835 817 829 815 806 806 805 806 804 806 803 806 802 806 789 815 788 816 755 818 750 815 739 807 738 807 737 807 704 807 703 807 702 807 689 813 685 809 684 809 683 809 682 809 681 809 660 814 654 816 650 814 644 811 643 811 642 811 641 811 640 811 635 814 626 820 584 820 564 814 542 808 541 808 540 808 419 809 418 809 408 813 394 820 303 817 302 817 301 817 281 822 190 813 191 849"/>
                        </Shape>
                        <String CONTENT=""/>
                    </TextLine>

                    <TextLine ID="line_17" HPOS="188" VPOS="857" WIDTH="796" HEIGHT="58" BASELINE="189 899 984 892" TAGREFS="TYPE_1">
                        <Shape>
                            <Polygon POINTS="189 899 190 915 209 909 271 914 288 915 289 915 290 915 294 914 305 910 339 913 354 914 355 914 356 914 360 913 369 908 376 912 377 912 378 912 381 912 446 907 466 911 477 913 478 913 479 913 487 910 499 907 513 910 528 913 529 913 530 913 531 913 535 910 541 906 553 909 562 912 563 912 563 912 564 912 571 909 579 906 610 909 630 910 631 910 632 910 637 908 644 905 651 908 658 911 659 911 660 911 692 907 712 905 725 907 750 910 750 910 751 910 760 906 765 904 795 906 869 910 870 910 983 902 984 892 981 866 951 866 950 866 935 857 934 857 933 857 932 857 914 866 902 866 876 866 859 857 858 857 834 857 833 857 832 857 831 857 817 866 815 867 814 866 796 857 795 857 759 857 758 857 757 857 756 857 743 866 713 858 712 858 711 858 710 858 688 867 686 868 682 867 668 861 667 861 608 859 607 859 606 859 605 859 597 865 568 859 567 859 566 859 537 867 527 871 496 871 491 867 480 860 479 860 478 860 477 860 476 860 451 867 415 860 414 860 413 860 395 868 387 871 364 868 326 863 325 863 324 863 311 868 300 873 246 873 227 869 205 864 204 864 203 864 188 868 189 899"/>
                        </Shape>
                        <String CONTENT=""/>
                    </TextLine>

                    <TextLine ID="line_18" HPOS="187" VPOS="903" WIDTH="798" HEIGHT="60" BASELINE="188 949 985 943" TAGREFS="TYPE_1">
                        <Shape>
                            <Polygon POINTS="188 949 188 962 227 958 246 963 249 963 250 963 250 963 256 962 284 958 398 960 447 961 448 961 449 961 450 961 452 959 457 956 492 959 509 960 510 960 511 960 517 958 531 955 578 958 623 960 624 960 642 957 657 954 757 955 949 957 950 957 984 951 985 943 982 915 790 915 757 903 756 903 755 903 754 903 733 914 693 917 686 917 684 917 662 911 661 911 660 911 659 911 642 917 638 918 565 918 564 917 548 905 547 905 546 905 529 905 528 905 527 905 500 915 483 906 482 906 481 906 339 907 338 907 303 919 300 920 297 919 288 916 287 916 286 916 264 919 263 919 244 908 243 908 242 908 217 908 216 908 215 908 187 918 188 949"/>
                        </Shape>
                        <String CONTENT=""/>
                    </TextLine>

                    <TextLine ID="line_19" HPOS="197" VPOS="957" WIDTH="790" HEIGHT="55" BASELINE="198 998 987 993" TAGREFS="TYPE_1">
                        <Shape>
                            <Polygon POINTS="198 998 198 1012 278 1011 279 1011 280 1011 286 1007 351 1011 352 1011 353 1011 354 1011 361 1006 430 1010 431 1010 525 1004 617 1009 618 1009 619 1009 636 1003 760 1003 805 1009 806 1009 857 1002 875 1008 876 1008 876 1009 986 1009 987 993 986 966 974 960 973 960 972 960 971 960 970 960 964 966 868 966 818 966 800 959 799 959 798 959 797 959 785 964 775 959 774 959 773 959 704 962 674 957 673 957 633 967 631 967 629 967 610 958 609 958 570 958 569 958 568 958 567 958 554 967 552 968 489 968 482 967 453 961 452 961 451 961 450 961 442 967 441 968 404 968 401 967 389 959 388 959 387 959 366 959 365 959 364 959 349 967 344 970 325 970 321 967 311 960 310 960 309 960 308 960 197 967 198 998"/>
                        </Shape>
                        <String CONTENT=""/>
                    </TextLine>

                    <TextLine ID="line_20" HPOS="190" VPOS="1006" WIDTH="790" HEIGHT="52" BASELINE="191 1045 980 1043" TAGREFS="TYPE_1">
                        <Shape>
                            <Polygon POINTS="191 1045 191 1053 473 1058 474 1058 497 1055 512 1053 522 1055 530 1057 531 1057 531 1057 591 1056 712 1052 729 1056 733 1057 734 1057 735 1057 743 1056 775 1052 820 1057 827 1057 828 1057 829 1057 830 1057 841 1052 850 1057 851 1057 852 1057 853 1058 979 1058 980 1043 978 1019 953 1018 934 1006 933 1006 932 1006 893 1006 892 1006 891 1006 861 1017 846 1017 831 1006 830 1006 829 1006 772 1006 771 1006 770 1006 769 1006 757 1015 745 1009 744 1009 743 1009 742 1009 718 1017 716 1017 701 1017 677 1016 661 1006 660 1006 659 1006 625 1006 624 1006 623 1006 583 1016 575 1018 572 1016 558 1007 557 1007 556 1007 524 1007 523 1007 522 1007 500 1015 491 1019 455 1015 441 1014 440 1014 428 1015 392 1019 385 1015 372 1007 371 1007 370 1007 369 1007 368 1007 346 1015 335 1019 323 1014 322 1014 321 1014 320 1014 319 1014 318 1014 308 1020 244 1020 190 1014 191 1045"/>
                        </Shape>
                        <String CONTENT=""/>
                    </TextLine>

                    <TextLine ID="line_21" HPOS="190" VPOS="1052" WIDTH="800" HEIGHT="59" BASELINE="191 1096 475 1092 990 1094" TAGREFS="TYPE_1">
                        <Shape>
                            <Polygon POINTS="191 1096 191 1103 221 1110 222 1111 345 1111 345 1110 389 1104 399 1103 416 1104 494 1110 495 1110 496 1110 511 1104 513 1104 518 1104 562 1110 563 1110 563 1110 577 1104 581 1103 585 1104 598 1110 599 1110 600 1110 601 1110 614 1105 618 1103 709 1103 718 1105 736 1109 737 1109 738 1109 739 1109 745 1105 749 1103 808 1103 812 1105 818 1110 819 1110 820 1110 821 1110 822 1110 840 1105 848 1103 893 1103 897 1105 904 1110 905 1110 906 1110 907 1110 989 1105 990 1094 989 1057 913 1052 912 1052 911 1052 902 1057 891 1063 867 1057 842 1052 841 1052 840 1052 828 1058 816 1064 694 1064 687 1059 685 1057 684 1057 683 1057 682 1057 681 1057 680 1057 678 1059 670 1064 608 1064 601 1059 587 1052 586 1052 529 1052 528 1052 527 1052 503 1060 502 1060 472 1052 471 1052 406 1052 405 1052 404 1052 387 1061 382 1064 331 1064 327 1062 308 1052 307 1052 306 1052 251 1061 236 1053 235 1053 234 1053 190 1062 191 1096"/>
                        </Shape>
                        <String CONTENT=""/>
                    </TextLine>

                    <TextLine ID="line_22" HPOS="193" VPOS="1101" WIDTH="686" HEIGHT="61" BASELINE="194 1147 488 1141 879 1141" TAGREFS="TYPE_1">
                        <Shape>
                            <Polygon POINTS="194 1147 194 1162 262 1162 263 1162 274 1161 297 1156 324 1160 327 1160 328 1160 329 1160 330 1160 341 1153 420 1153 443 1158 464 1162 465 1162 466 1162 484 1157 501 1152 512 1156 523 1161 524 1161 525 1161 553 1156 563 1154 574 1155 607 1160 608 1160 609 1160 625 1154 634 1151 705 1151 711 1153 732 1160 733 1160 734 1160 776 1152 841 1159 842 1159 879 1149 879 1141 877 1112 834 1112 832 1111 820 1101 819 1101 818 1101 817 1101 746 1110 723 1113 710 1110 691 1106 690 1106 671 1110 656 1113 651 1110 642 1102 641 1102 640 1102 639 1102 595 1109 564 1114 548 1109 547 1109 546 1109 545 1109 534 1114 529 1108 523 1103 522 1103 521 1103 520 1103 519 1103 501 1108 495 1110 457 1108 438 1107 438 1107 437 1107 434 1108 409 1116 367 1116 327 1107 317 1105 316 1105 315 1105 309 1107 275 1116 263 1106 262 1105 261 1105 260 1105 259 1105 193 1105 194 1147"/>
                        </Shape>
                        <String CONTENT=""/>
                    </TextLine>
</TextBlock>
                <TextBlock ID="textblock_7">
                    
                    <TextLine ID="line_23" HPOS="234" VPOS="1152" WIDTH="758" HEIGHT="57" BASELINE="235 1193 643 1191 992 1193" TAGREFS="TYPE_1">
                        <Shape>
                            <Polygon POINTS="235 1193 235 1201 297 1208 298 1209 379 1209 379 1208 402 1203 408 1202 418 1203 453 1208 454 1208 494 1204 513 1202 526 1204 546 1208 547 1208 565 1205 583 1201 594 1205 604 1208 605 1208 606 1209 630 1209 630 1208 631 1208 632 1208 635 1205 642 1201 799 1201 807 1207 808 1207 809 1207 810 1207 813 1207 847 1201 890 1207 896 1208 897 1208 905 1208 959 1202 990 1208 992 1193 991 1159 909 1152 908 1152 907 1152 907 1152 898 1159 893 1162 809 1162 799 1160 771 1152 770 1152 769 1152 768 1152 751 1160 749 1162 746 1160 733 1152 732 1152 731 1152 665 1152 664 1152 663 1152 662 1152 654 1160 617 1161 579 1162 577 1161 566 1152 565 1152 564 1152 490 1152 489 1152 488 1152 487 1152 470 1162 463 1162 368 1157 367 1157 309 1162 296 1152 295 1152 294 1152 279 1152 278 1152 277 1152 276 1152 258 1162 234 1162 235 1193"/>
                        </Shape>
                        <String CONTENT=""/>
                    </TextLine>

                    
                    <TextLine ID="line_24" HPOS="192" VPOS="1202" WIDTH="800" HEIGHT="55" BASELINE="192 1242 992 1242" TAGREFS="TYPE_1">
                        <Shape>
                            <Polygon POINTS="192 1242 192 1256 243 1252 267 1256 270 1256 271 1256 272 1256 273 1256 283 1252 338 1252 344 1255 344 1256 345 1256 346 1256 347 1256 348 1256 350 1255 363 1252 379 1255 383 1256 384 1256 385 1256 392 1255 410 1252 429 1255 438 1256 438 1257 509 1257 509 1256 510 1256 511 1256 513 1254 518 1252 534 1254 548 1256 549 1256 571 1254 594 1252 603 1253 612 1256 613 1256 614 1256 646 1253 670 1252 750 1253 938 1256 939 1256 992 1251 992 1242 992 1209 980 1202 979 1202 978 1202 977 1202 976 1202 975 1202 963 1210 874 1210 864 1202 863 1202 862 1202 861 1202 860 1202 845 1208 755 1202 754 1202 715 1210 638 1202 637 1202 636 1202 607 1211 547 1211 533 1202 532 1202 531 1202 531 1202 443 1207 429 1202 428 1202 427 1202 365 1210 352 1202 351 1202 350 1202 256 1202 255 1202 254 1202 225 1210 213 1202 212 1202 211 1202 210 1202 209 1202 192 1210 192 1242"/>
                        </Shape>
                        <String CONTENT=""/>
                    </TextLine>

                    
                    <TextLine ID="line_25" HPOS="191" VPOS="1249" WIDTH="799" HEIGHT="60" BASELINE="192 1290 990 1292" TAGREFS="TYPE_1">
                        <Shape>
                            <Polygon POINTS="191 1303 199 1308 200 1308 201 1308 202 1308 245 1301 256 1300 311 1300 313 1302 321 1308 322 1308 323 1308 324 1308 407 1306 408 1306 409 1306 413 1303 417 1300 433 1303 461 1308 462 1308 485 1303 493 1302 497 1303 506 1308 507 1308 614 1309 615 1309 616 1309 630 1305 643 1301 672 1301 680 1305 688 1309 688 1309 689 1309 690 1309 702 1305 715 1301 727 1305 730 1306 731 1306 732 1306 738 1305 763 1301 770 1306 775 1309 776 1309 777 1309 778 1309 779 1309 789 1306 807 1301 855 1301 876 1307 886 1309 887 1309 888 1309 902 1307 928 1302 988 1307 990 1292 989 1260 921 1260 919 1259 889 1250 888 1250 820 1250 819 1250 818 1250 817 1250 809 1255 761 1250 760 1250 759 1250 743 1257 739 1259 735 1257 717 1250 716 1250 715 1250 687 1251 686 1251 685 1251 676 1257 672 1260 620 1260 612 1256 601 1253 600 1253 599 1253 598 1253 597 1253 593 1256 591 1257 588 1256 581 1253 580 1253 579 1253 578 1253 577 1253 574 1256 570 1259 526 1259 500 1255 462 1251 461 1251 427 1254 399 1258 393 1254 385 1249 384 1249 383 1249 382 1249 358 1254 351 1255 342 1254 315 1250 314 1250 313 1250 304 1253 292 1258 245 1257 236 1253 227 1250 226 1250 225 1250 224 1250 216 1253 202 1258 194 1253 192 1290 191 1303"/>
                        </Shape>
                        <String CONTENT=""/>
                    </TextLine>

                    
                    <TextLine ID="line_26" HPOS="194" VPOS="1301" WIDTH="795" HEIGHT="60" BASELINE="195 1338 989 1341" TAGREFS="TYPE_1">
                        <Shape>
                            <Polygon POINTS="195 1338 194 1349 208 1359 209 1359 210 1359 211 1360 261 1360 261 1359 262 1359 282 1349 460 1360 461 1361 491 1361 491 1360 492 1360 493 1360 503 1351 533 1360 534 1360 535 1360 588 1355 599 1359 600 1359 601 1359 637 1351 643 1350 699 1350 702 1351 729 1361 730 1361 731 1361 732 1361 757 1352 758 1352 786 1361 787 1361 788 1361 789 1361 817 1352 823 1351 833 1352 860 1357 861 1357 862 1357 863 1357 869 1353 872 1351 876 1353 886 1356 887 1356 888 1356 889 1356 896 1353 901 1351 987 1353 989 1341 988 1304 922 1303 921 1303 920 1303 918 1304 903 1311 894 1307 893 1307 892 1307 850 1313 807 1304 799 1303 798 1303 789 1304 769 1308 762 1304 759 1303 758 1303 757 1303 756 1303 755 1303 753 1304 744 1311 726 1304 719 1302 719 1302 688 1302 688 1302 687 1302 681 1305 666 1312 634 1305 620 1302 619 1302 618 1302 607 1305 583 1312 421 1312 400 1306 381 1301 380 1301 306 1301 305 1301 279 1306 255 1311 240 1306 229 1303 228 1303 227 1303 195 1306 195 1338"/>
                        </Shape>
                        <String CONTENT=""/>
                    </TextLine>

                    
                    <TextLine ID="line_27" HPOS="194" VPOS="1348" WIDTH="792" HEIGHT="59" BASELINE="195 1387 986 1389" TAGREFS="TYPE_1">
                        <Shape>
                            <Polygon POINTS="195 1387 194 1402 230 1406 231 1406 232 1406 233 1406 240 1402 247 1399 267 1399 274 1402 284 1406 285 1406 286 1407 422 1407 422 1406 423 1406 424 1406 431 1402 434 1399 443 1402 459 1406 460 1406 461 1406 531 1401 553 1400 563 1401 596 1406 597 1406 673 1401 688 1400 690 1401 712 1406 713 1406 714 1406 715 1406 726 1400 728 1400 775 1400 777 1400 803 1407 804 1407 805 1407 806 1407 807 1407 817 1400 833 1400 852 1400 856 1400 921 1407 922 1407 985 1399 986 1389 986 1357 977 1350 976 1350 975 1350 974 1350 973 1350 965 1354 939 1349 938 1349 938 1349 937 1349 925 1358 923 1360 901 1360 899 1358 887 1349 886 1349 885 1349 829 1349 828 1349 827 1349 826 1349 813 1358 811 1360 718 1360 713 1358 681 1349 680 1349 611 1349 610 1349 609 1349 608 1349 596 1357 547 1358 528 1358 527 1358 514 1350 513 1350 512 1350 511 1350 510 1350 493 1356 476 1348 475 1348 448 1348 447 1348 446 1348 410 1358 407 1358 405 1358 358 1350 357 1350 309 1354 302 1349 301 1349 300 1349 299 1349 298 1349 297 1349 288 1355 250 1350 250 1350 195 1357 195 1387"/>
                        </Shape>
                        <String CONTENT=""/>
                    </TextLine>

                    
                    <TextLine ID="line_28" HPOS="193" VPOS="1400" WIDTH="793" HEIGHT="51" BASELINE="194 1440 986 1437" TAGREFS="TYPE_1">
                        <Shape>
                            <Polygon POINTS="194 1440 194 1451 986 1449 986 1437 984 1409 907 1409 907 1408 895 1400 894 1400 893 1400 856 1400 855 1400 854 1400 836 1407 833 1408 830 1407 813 1403 812 1403 811 1403 810 1403 796 1407 793 1408 789 1407 769 1400 768 1400 767 1400 766 1400 747 1406 742 1409 706 1409 700 1406 690 1401 689 1401 688 1401 688 1401 603 1406 539 1409 531 1406 526 1401 525 1401 524 1401 491 1401 490 1401 489 1401 474 1405 453 1410 354 1404 322 1402 321 1402 320 1402 319 1402 317 1404 309 1410 224 1410 212 1403 212 1402 211 1402 210 1402 209 1402 193 1402 194 1440"/>
                        </Shape>
                        <String CONTENT=""/>
                    </TextLine>

                    
                    <TextLine ID="line_29" HPOS="196" VPOS="1448" WIDTH="735" HEIGHT="58" BASELINE="197 1490 931 1487" TAGREFS="TYPE_1">
                        <Shape>
                            <Polygon POINTS="197 1490 197 1499 284 1499 298 1506 299 1506 300 1506 301 1506 321 1499 351 1506 352 1506 384 1499 439 1506 440 1506 475 1499 509 1505 510 1506 558 1506 558 1505 559 1505 560 1505 565 1500 588 1505 589 1505 590 1505 611 1498 614 1498 620 1498 658 1504 659 1504 696 1498 709 1498 791 1498 794 1498 801 1504 802 1504 803 1504 804 1504 931 1498 931 1487 929 1460 693 1448 692 1448 691 1448 660 1461 433 1461 419 1450 418 1450 417 1450 367 1450 366 1450 365 1450 351 1456 282 1450 281 1450 281 1450 267 1456 248 1450 247 1450 246 1450 245 1450 244 1450 235 1458 196 1462 197 1490"/>
                        </Shape>
                        <String CONTENT=""/>
                    </TextLine>

                    
                    <TextLine ID="line_30" HPOS="199" VPOS="1496" WIDTH="795" HEIGHT="70" BASELINE="199 1538 994 1538" TAGREFS="TYPE_1">
                        <Shape>
                            <Polygon POINTS="199 1538 199 1566 299 1566 299 1565 300 1565 306 1564 328 1559 348 1563 358 1565 359 1566 435 1566 435 1565 436 1565 442 1562 450 1559 458 1561 467 1565 468 1565 469 1566 522 1566 522 1565 523 1565 540 1560 564 1554 611 1554 622 1559 628 1563 629 1563 630 1563 631 1563 632 1563 649 1559 651 1559 652 1559 672 1564 673 1564 674 1564 675 1564 676 1564 685 1559 692 1554 744 1554 750 1557 758 1560 759 1560 760 1560 761 1560 769 1557 775 1554 782 1557 788 1559 789 1559 790 1559 791 1559 800 1557 807 1554 883 1554 889 1555 918 1562 919 1562 920 1562 921 1562 922 1562 934 1554 936 1554 994 1554 994 1538 993 1496 939 1506 815 1506 805 1498 802 1496 801 1496 800 1496 694 1496 693 1496 692 1496 678 1499 667 1502 657 1499 642 1496 641 1496 640 1496 639 1496 627 1500 619 1503 601 1500 571 1496 570 1496 569 1496 568 1496 560 1501 552 1506 526 1506 513 1501 494 1496 493 1496 492 1496 459 1502 449 1504 443 1502 425 1497 424 1497 423 1497 422 1497 406 1502 367 1496 366 1496 315 1504 308 1506 254 1506 253 1505 230 1496 229 1496 228 1496 227 1496 199 1505 199 1538"/>
                        </Shape>
                        <String CONTENT=""/>
                    </TextLine>

                </TextBlock>
                <TextBlock ID="block_1" HPOS="867" VPOS="1549" WIDTH="132" HEIGHT="52" TAGREFS="TYPE_4">
                    <Shape>
                        <Polygon POINTS="867.6516723632812 1549.8843994140625 999.8724975585938 1549.8843994140625 999.8724975585938 1601.578369140625 867.6516723632812 1601.578369140625 867.6516723632812 1549.8843994140625"/>
                    </Shape>
                    <TextLine ID="line_31" HPOS="870" VPOS="1547" WIDTH="121" HEIGHT="55" BASELINE="870 1579 991 1579" TAGREFS="TYPE_1">
                        <Shape>
                            <Polygon POINTS="870 1579 870 1598 990 1602 991 1579 991 1547 870 1547 870 1579"/>
                        </Shape>
                        <String CONTENT=""/>
                    </TextLine>
</TextBlock>
            </PrintSpace>
        </Page>
    </Layout>
</alto>