<?xml version="1.0" encoding="UTF-8"?>
<alto xmlns:xsi="http://www.w3.org/2001/XMLSchema-instance"
    xmlns="http://www.loc.gov/standards/alto/ns-v4#"
    xsi:schemaLocation="http://www.loc.gov/standards/alto/ns-v4# http://www.loc.gov/standards/alto/v4/alto-4-3.xsd">
    <Description>
        <MeasurementUnit>pixel</MeasurementUnit>
        <sourceImageInformation>
            <fileName>bsb10313792_00024.jpg</fileName>
        </sourceImageInformation>
        <Processing ID="OCR_0">
            <processingCategory>other</processingCategory>
            <processingStepDescription>unknown</processingStepDescription>
            <processingSoftware>
                <softwareName>kraken</softwareName>
                <softwareVersion>4.3.13</softwareVersion>
            </processingSoftware>
        </Processing>
    </Description>
    <Tags>
        <OtherTag ID="TYPE_1" LABEL="DefaultLine"/>
        <OtherTag ID="TYPE_2" LABEL="MainZone-P"/>
        <OtherTag ID="TYPE_3" LABEL="TableZone-Continued"/>
        <OtherTag ID="TYPE_4" LABEL="NumberingZone"/>
        <OtherTag ID="TYPE_5" LABEL="MainZone-Entry-Continued"/>
        <OtherTag ID="TYPE_6" LABEL="MainZone-P-Continued"/>
        <OtherTag ID="TYPE_7" LABEL="TitlePageZone"/>
        <OtherTag ID="TYPE_8" LABEL="MarginTextZone-Notes"/>
        <OtherTag ID="TYPE_9" LABEL="GraphicZone-Decoration"/>
        <OtherTag ID="TYPE_10" LABEL="MainZone-Head"/>
        <OtherTag ID="TYPE_11" LABEL="RunningTitleZone"/>
        <OtherTag ID="TYPE_12" LABEL="TableZone-Head"/>
        <OtherTag ID="TYPE_13" LABEL="MainZone-Lg-Continued"/>
        <OtherTag ID="TYPE_14" LABEL="GraphicZone-TextualContent"/>
        <OtherTag ID="TYPE_15" LABEL="StampZone-Sticker"/>
        <OtherTag ID="TYPE_16" LABEL="FigureZone"/>
        <OtherTag ID="TYPE_17" LABEL="StampZone"/>
        <OtherTag ID="TYPE_18" LABEL="QuireMarksZone"/>
        <OtherTag ID="TYPE_19" LABEL="MainZone-Lg"/>
        <OtherTag ID="TYPE_20" LABEL="DigitizationArtefactZone"/>
        <OtherTag ID="TYPE_21" LABEL="MainZone-Entry"/>
        <OtherTag ID="TYPE_22" LABEL="MarginTextZone-Notes-Continued"/>
        <OtherTag ID="TYPE_23" LABEL="MainZone-Form"/>
        <OtherTag ID="TYPE_24" LABEL="AdvertisementZone"/>
        <OtherTag ID="TYPE_25" LABEL="DropCapitalZone"/>
        <OtherTag ID="TYPE_26" LABEL="MainZone-Signature"/>
        <OtherTag ID="TYPE_27" LABEL="MainZone-Sp"/>
        <OtherTag ID="TYPE_28" LABEL="MainZone-Other"/>
        <OtherTag ID="TYPE_29" LABEL="GraphicZone-FigDesc"/>
        <OtherTag ID="TYPE_30" LABEL="TableZone"/>
        <OtherTag ID="TYPE_31" LABEL="FigureZone-Head"/>
        <OtherTag ID="TYPE_32" LABEL="GraphicZone-Head"/>
        <OtherTag ID="TYPE_33" LABEL="MainZone-Sp-Continued"/>
        <OtherTag ID="TYPE_34" LABEL="MainZone-List"/>
        <OtherTag ID="TYPE_35" LABEL="GraphicZone"/>
        <OtherTag ID="TYPE_36" LABEL="GraphicZone-Maths"/>
        <OtherTag ID="TYPE_37" LABEL="TitlePageZone-Index"/>
        <OtherTag ID="TYPE_38" LABEL="FigureZone-FigDesc"/>
        <OtherTag ID="TYPE_39" LABEL="MainZone-Date"/>
        <OtherTag ID="TYPE_40" LABEL="MarginTextZone-ManuscriptAddendum"/>
        <OtherTag ID="TYPE_41" LABEL="MainZone-List-Continued"/>
        <OtherTag ID="TYPE_42" LABEL="GraphicZone-Part"/>
    </Tags>
    <Layout>
        <Page WIDTH="1075" HEIGHT="1739" PHYSICAL_IMG_NR="0" ID="page_0">
            <PrintSpace HPOS="0" VPOS="0" WIDTH="1075" HEIGHT="1739">
                <TextBlock ID="block_3" HPOS="198" VPOS="64" WIDTH="48" HEIGHT="43" TAGREFS="TYPE_4">
                    <Shape>
                        <Polygon POINTS="198.6278533935547 64.9052505493164 246.12838745117188 64.9052505493164 246.12838745117188 107.70387268066406 198.6278533935547 107.70387268066406 198.6278533935547 64.9052505493164"/>
                    </Shape>
                    <TextLine ID="line_0" HPOS="201" VPOS="63" WIDTH="47" HEIGHT="51" BASELINE="203 94 248 92" TAGREFS="TYPE_1">
                        <Shape>
                            <Polygon POINTS="203 94 203 114 248 110 248 92 245 63 201 64 203 94"/>
                        </Shape>
                        <String CONTENT=""/>
                    </TextLine>
</TextBlock>
                <TextBlock ID="block_6" HPOS="363" VPOS="55" WIDTH="453" HEIGHT="47" TAGREFS="TYPE_11">
                    <Shape>
                        <Polygon POINTS="363.30157470703125 55.83245849609375 816.3257446289062 55.83245849609375 816.3257446289062 102.89991760253906 363.30157470703125 102.89991760253906 363.30157470703125 55.83245849609375"/>
                    </Shape>
                    <TextLine ID="line_1" HPOS="365" VPOS="54" WIDTH="449" HEIGHT="56" BASELINE="366 88 814 90" TAGREFS="TYPE_1">
                        <Shape>
                            <Polygon POINTS="597 54 587 54 578 54 568 54 558 54 553 54 549 57 549 58 497 58 495 57 490 54 481 54 471 54 462 54 452 54 444 54 366 57 366 88 365 101 412 108 413 108 414 108 415 108 425 101 429 99 457 99 463 101 478 108 479 108 480 108 481 108 482 108 493 101 496 99 502 101 514 106 515 106 516 106 517 106 518 106 523 101 525 100 527 101 533 107 533 108 534 108 535 108 536 108 537 108 538 108 545 104 549 107 549 108 550 108 551 108 590 109 591 110 609 110 609 109 610 109 610 109 610 108 618 101 620 100 673 100 676 101 687 109 688 109 689 109 690 109 691 109 707 101 711 100 716 101 736 108 737 108 738 108 739 108 755 101 759 100 763 101 776 106 777 106 778 106 813 101 814 90 813 58 599 54 597 54"/>
                        </Shape>
                        <String CONTENT=""/>
                    </TextLine>
</TextBlock>
                <TextBlock ID="block_4" HPOS="194" VPOS="107" WIDTH="802" HEIGHT="307" TAGREFS="TYPE_6">
                    <Shape>
                        <Polygon POINTS="194.5983123779297 107.69782257080078 996.6305541992188 107.69782257080078 996.6305541992188 414.599365234375 194.5983123779297 414.599365234375 194.5983123779297 107.69782257080078"/>
                    </Shape>
                    <TextLine ID="line_2" HPOS="198" VPOS="107" WIDTH="790" HEIGHT="61" BASELINE="199 150 435 145 988 148" TAGREFS="TYPE_1">
                        <Shape>
                            <Polygon POINTS="199 150 198 166 238 167 239 167 240 167 241 167 241 166 254 158 265 162 266 162 267 162 268 162 280 156 344 164 345 164 346 164 376 156 452 161 453 161 454 161 473 156 493 166 494 167 495 167 496 168 522 168 522 167 522 167 524 166 544 156 567 156 586 166 588 167 589 167 590 168 635 168 635 167 636 167 637 167 637 166 649 158 683 166 687 167 688 167 689 167 692 166 728 156 767 156 776 162 777 162 778 162 779 162 780 162 797 156 818 166 820 167 821 167 822 168 886 168 886 167 893 166 953 157 986 166 988 148 987 117 960 117 959 116 930 107 929 107 892 107 891 107 890 107 871 114 852 107 851 107 815 107 814 107 813 107 813 107 801 115 799 116 788 115 745 110 744 110 743 110 735 114 720 107 719 107 718 107 654 114 630 117 607 117 602 114 593 107 592 107 591 107 555 107 554 107 553 107 552 107 545 114 540 116 523 113 516 112 515 112 500 113 466 116 460 113 453 107 452 107 451 107 450 107 449 107 436 113 427 116 313 112 273 110 272 110 265 111 241 116 199 111 199 150"/>
                        </Shape>
                        <String CONTENT=""/>
                    </TextLine>

                    <TextLine ID="line_3" HPOS="197" VPOS="159" WIDTH="791" HEIGHT="53" BASELINE="198 199 470 195 988 196" TAGREFS="TYPE_1">
                        <Shape>
                            <Polygon POINTS="198 199 198 212 257 206 299 211 300 211 358 206 402 211 406 211 406 211 411 211 452 206 483 210 490 211 491 211 514 210 607 205 718 209 771 210 772 210 987 206 988 196 987 169 940 163 939 163 938 163 923 169 794 169 743 159 654 159 653 159 602 169 574 164 573 164 523 169 503 162 502 162 501 162 500 162 481 169 470 160 469 160 468 160 447 160 446 160 445 160 425 167 367 164 366 164 332 169 311 160 310 160 309 160 281 165 246 160 245 160 244 160 243 160 229 170 197 170 198 199"/>
                        </Shape>
                        <String CONTENT=""/>
                    </TextLine>

                    <TextLine ID="line_4" HPOS="198" VPOS="205" WIDTH="790" HEIGHT="61" BASELINE="198 249 463 244 988 248" TAGREFS="TYPE_1">
                        <Shape>
                            <Polygon POINTS="198 249 198 264 249 255 269 264 270 264 271 265 296 265 296 264 297 264 318 255 355 255 371 262 372 262 373 262 374 262 397 255 416 264 417 264 418 264 509 255 633 255 644 263 645 263 646 263 647 263 731 256 745 265 746 265 747 265 748 266 810 266 810 265 811 265 812 265 821 258 837 265 838 265 839 266 922 266 922 265 923 265 924 265 939 256 987 265 988 248 988 219 966 211 965 211 964 211 963 211 939 218 914 217 885 206 884 206 864 206 863 206 862 206 861 206 843 218 770 211 769 211 768 211 754 218 754 219 720 219 720 218 692 206 691 206 575 206 574 206 573 206 553 215 539 207 538 207 537 207 536 207 519 212 510 205 509 205 508 205 507 205 465 210 464 210 464 210 454 217 434 212 433 212 432 212 431 212 414 217 357 211 356 211 355 211 342 215 331 208 330 208 329 208 328 208 285 217 249 207 248 207 247 207 246 207 226 218 198 218 198 249"/>
                        </Shape>
                        <String CONTENT=""/>
                    </TextLine>

                    <TextLine ID="line_5" HPOS="196" VPOS="256" WIDTH="791" HEIGHT="62" BASELINE="197 297 987 291" TAGREFS="TYPE_1">
                        <Shape>
                            <Polygon POINTS="197 297 197 314 224 318 225 318 226 318 235 314 252 308 314 308 323 313 325 314 326 314 327 314 328 314 329 314 333 313 345 307 461 306 468 311 477 316 478 316 479 316 480 317 585 317 585 316 586 316 618 308 633 305 669 308 762 314 763 314 764 314 784 306 787 304 791 306 809 314 810 314 811 315 844 315 844 314 845 314 864 304 865 304 866 304 894 313 895 313 896 314 935 314 935 313 986 302 987 291 984 264 939 264 937 264 924 258 923 258 922 258 921 258 908 264 907 265 802 265 798 264 764 256 763 256 762 256 722 265 720 265 707 256 706 256 705 256 643 256 642 256 641 256 625 265 623 266 615 265 581 260 581 260 554 265 546 267 537 266 498 257 497 257 496 257 495 257 481 266 478 268 457 269 422 269 418 266 408 258 407 258 406 258 406 258 322 266 248 260 247 260 246 260 245 260 235 266 209 259 208 259 207 259 206 259 205 259 196 264 197 297"/>
                        </Shape>
                        <String CONTENT=""/>
                    </TextLine>

                    <TextLine ID="line_6" HPOS="197" VPOS="308" WIDTH="787" HEIGHT="58" BASELINE="198 347 984 342" TAGREFS="TYPE_1">
                        <Shape>
                            <Polygon POINTS="198 347 198 366 250 366 251 366 252 366 268 356 341 360 342 360 385 355 405 363 406 363 406 363 407 363 423 356 446 363 454 365 455 365 456 365 457 365 466 363 499 354 513 362 516 364 517 364 518 364 519 364 520 364 529 361 555 354 601 360 603 360 604 360 605 360 606 360 615 353 651 353 660 359 664 362 665 362 666 362 667 362 668 362 673 359 682 354 719 353 779 353 785 357 793 362 794 362 795 362 796 362 891 361 892 361 893 361 900 355 906 351 928 354 966 360 967 360 968 360 984 353 984 342 982 314 900 309 899 309 898 309 883 313 883 314 781 314 776 313 756 309 755 309 755 309 754 309 753 309 745 313 744 314 741 313 719 308 718 308 683 308 682 308 681 308 668 313 664 315 650 313 624 310 623 310 604 313 588 316 572 313 555 311 554 311 527 313 500 316 492 313 479 309 478 309 477 309 438 310 437 310 436 310 433 313 428 316 398 313 361 310 360 310 301 311 300 311 299 311 296 313 289 318 197 313 198 347"/>
                        </Shape>
                        <String CONTENT=""/>
                    </TextLine>

                    <TextLine ID="line_7" HPOS="202" VPOS="356" WIDTH="775" HEIGHT="61" BASELINE="203 398 419 393 977 391" TAGREFS="TYPE_1">
                        <Shape>
                            <Polygon POINTS="203 398 203 417 248 417 248 416 252 416 299 406 348 414 363 416 364 416 365 416 372 413 394 405 479 405 488 411 489 412 490 412 491 412 492 412 493 412 496 411 519 405 531 410 539 414 540 414 541 414 561 410 588 404 595 409 601 414 602 414 603 414 604 415 691 415 691 414 797 412 798 412 799 412 807 405 809 404 811 405 820 410 821 410 822 410 823 410 842 405 853 402 862 404 877 409 878 409 879 409 880 409 894 404 900 402 933 402 936 403 953 411 954 411 955 411 956 411 977 402 977 391 975 365 912 359 911 359 874 364 873 364 860 359 859 359 858 359 819 364 811 365 805 364 777 357 776 357 775 357 755 364 750 365 745 364 712 356 711 356 665 357 664 357 649 364 645 365 635 364 599 358 598 358 571 363 558 366 552 363 543 359 542 359 541 359 540 359 530 363 522 367 500 363 468 358 467 358 445 363 429 367 403 363 381 360 380 360 379 360 372 363 358 368 345 363 334 359 333 359 285 359 284 359 283 359 276 363 267 367 202 363 203 398"/>
                        </Shape>
                        <String CONTENT=""/>
                    </TextLine>
</TextBlock>
                <TextBlock ID="textblock_4">
                    
                    <TextLine ID="line_8" HPOS="264" VPOS="450" WIDTH="5" HEIGHT="23" BASELINE="264 461 269 461" TAGREFS="TYPE_1">
                        <Shape>
                            <Polygon POINTS="264 450 264 461 264 471 267 473 269 461 269 450 264 450"/>
                        </Shape>
                        <String CONTENT=""/>
                    </TextLine>

                </TextBlock>
                <TextBlock ID="block_5" HPOS="336" VPOS="410" WIDTH="501" HEIGHT="57" TAGREFS="TYPE_10">
                    <Shape>
                        <Polygon POINTS="336.00341796875 410.1853942871094 837.1340942382812 410.1853942871094 837.1340942382812 467.6764221191406 336.00341796875 467.6764221191406 336.00341796875 410.1853942871094"/>
                    </Shape>
                    <TextLine ID="line_9" HPOS="328" VPOS="408" WIDTH="513" HEIGHT="64" BASELINE="329 446 841 448" TAGREFS="TYPE_1">
                        <Shape>
                            <Polygon POINTS="329 446 328 469 399 470 400 470 401 470 405 468 416 462 430 468 435 470 436 470 437 470 438 470 439 470 443 467 450 463 464 467 473 470 474 470 475 470 492 467 500 465 515 466 534 468 535 468 536 468 537 468 539 466 547 460 571 460 576 465 577 465 577 466 578 466 579 466 580 466 581 466 584 465 593 463 600 465 618 470 619 470 620 470 621 470 622 470 629 464 632 462 641 464 657 467 658 467 659 467 660 467 665 464 670 461 699 461 704 463 721 471 722 471 723 472 764 472 764 471 765 471 766 471 782 461 783 461 792 466 793 466 794 466 840 460 841 448 840 419 795 413 794 413 793 413 792 413 786 418 763 409 762 409 761 409 712 411 711 411 699 417 686 410 685 410 684 410 683 410 682 410 682 411 675 417 662 412 661 412 660 412 621 417 585 408 584 408 559 408 558 408 557 408 556 408 556 409 547 417 510 408 483 408 482 408 481 408 460 417 459 418 424 418 423 417 413 411 412 411 411 411 410 411 409 411 408 411 402 417 401 417 399 417 366 411 365 411 329 416 329 446"/>
                        </Shape>
                        <String CONTENT=""/>
                    </TextLine>
</TextBlock>
                <TextBlock ID="block_1" HPOS="198" VPOS="465" WIDTH="798" HEIGHT="194" TAGREFS="TYPE_2">
                    <Shape>
                        <Polygon POINTS="198.15866088867188 465.07391357421875 996.1017456054688 465.07391357421875 996.1017456054688 659.2039794921875 198.15866088867188 659.2039794921875 198.15866088867188 465.07391357421875"/>
                    </Shape>
                    <TextLine ID="line_10" HPOS="247" VPOS="459" WIDTH="741" HEIGHT="61" BASELINE="248 501 988 497" TAGREFS="TYPE_1">
                        <Shape>
                            <Polygon POINTS="248 501 248 513 427 520 428 520 429 520 441 514 550 519 551 519 581 513 588 513 593 513 615 519 616 519 617 519 694 518 695 518 696 518 702 513 705 512 713 513 731 518 732 518 733 518 734 518 752 513 759 512 778 513 816 517 817 518 848 518 848 517 849 517 850 517 855 513 859 511 880 513 908 516 909 516 910 516 911 516 916 513 919 512 921 513 929 517 930 517 931 517 987 513 988 497 986 459 932 466 924 459 923 459 922 459 835 459 834 459 833 459 828 460 801 469 655 469 624 462 614 461 544 461 543 461 542 461 535 463 521 469 467 464 462 464 461 464 460 464 459 464 451 470 396 470 380 465 371 462 370 462 369 462 368 462 361 465 352 469 247 467 248 501"/>
                        </Shape>
                        <String CONTENT=""/>
                    </TextLine>

                    <TextLine ID="line_11" HPOS="198" VPOS="509" WIDTH="795" HEIGHT="60" BASELINE="199 552 444 547 993 547" TAGREFS="TYPE_1">
                        <Shape>
                            <Polygon POINTS="199 552 199 567 315 569 316 569 317 569 326 566 344 560 356 565 362 568 363 568 425 569 426 569 427 569 440 564 447 562 453 564 466 569 467 569 468 569 469 569 479 564 485 560 520 559 580 559 590 562 606 567 607 567 608 567 634 562 646 559 651 561 663 568 664 568 665 568 737 567 738 567 739 567 750 560 753 559 779 559 783 560 807 567 808 567 809 567 849 559 854 558 859 559 897 567 898 567 899 567 917 558 919 558 984 563 985 563 986 563 987 563 993 557 993 547 992 518 874 509 873 509 872 509 843 517 790 509 789 509 788 509 755 517 699 510 698 510 697 510 681 518 570 510 569 510 568 510 567 510 554 517 544 513 543 513 542 513 507 518 494 511 493 511 493 511 470 511 469 511 468 511 445 520 412 520 396 513 395 513 394 513 346 519 333 511 332 511 331 511 305 511 304 511 303 511 302 511 288 519 246 511 245 511 244 511 243 511 231 520 198 520 199 552"/>
                        </Shape>
                        <String CONTENT=""/>
                    </TextLine>

                    <TextLine ID="line_12" HPOS="197" VPOS="555" WIDTH="796" HEIGHT="65" BASELINE="198 601 993 595" TAGREFS="TYPE_1">
                        <Shape>
                            <Polygon POINTS="198 601 198 614 247 614 249 614 257 620 258 620 259 620 260 620 294 614 312 612 359 612 364 614 371 619 372 619 373 619 374 619 438 614 464 613 471 614 492 619 493 619 493 619 494 619 500 614 505 611 515 614 527 619 528 619 529 619 530 619 531 619 537 614 544 610 570 610 579 614 583 618 584 618 585 618 586 619 626 619 626 618 627 618 628 618 632 614 638 611 663 614 682 617 683 617 861 616 862 616 863 616 865 614 871 609 900 614 905 615 906 615 907 615 910 614 929 610 991 614 993 595 991 565 895 559 894 559 893 559 881 563 867 555 866 555 865 555 864 555 841 566 840 566 836 566 795 561 794 561 771 566 756 558 755 558 755 558 754 558 738 563 721 557 720 557 719 557 718 557 696 567 696 568 674 568 673 567 653 556 652 556 651 556 537 557 536 557 520 565 498 558 497 558 449 558 448 558 447 558 421 568 379 562 378 562 337 570 336 570 290 561 290 561 289 561 288 561 272 570 271 570 270 570 256 566 255 566 254 566 197 570 198 601"/>
                        </Shape>
                        <String CONTENT=""/>
                    </TextLine>

                    <TextLine ID="line_13" HPOS="199" VPOS="642" WIDTH="474" HEIGHT="29" BASELINE="200 650 673 647" TAGREFS="TYPE_1">
                        <Shape>
                            <Polygon POINTS="663 642 653 642 643 642 634 642 624 642 614 642 605 642 595 642 585 642 576 642 566 642 556 642 547 642 537 642 527 642 518 642 508 642 498 642 489 642 479 642 469 642 460 642 450 642 440 642 431 642 421 642 411 642 402 642 392 642 382 642 373 642 363 642 353 642 344 642 334 642 324 642 315 642 305 642 295 642 286 642 276 642 266 642 257 642 247 642 237 642 228 642 218 642 208 642 199 642 200 650 200 671 284 671 284 670 285 670 286 670 288 668 301 660 356 660 371 666 377 669 377 669 378 669 379 669 388 666 398 663 421 665 457 669 458 669 459 669 460 669 466 664 470 662 487 664 514 667 515 667 533 663 550 659 579 659 581 662 588 667 588 668 589 668 590 668 591 668 592 668 617 661 623 659 625 661 635 668 636 668 637 668 638 668 673 659 673 647 671 642 663 642"/>
                        </Shape>
                        <String CONTENT=""/>
                    </TextLine>
</TextBlock>
                <TextBlock ID="block_0" HPOS="198" VPOS="664" WIDTH="806" HEIGHT="541" TAGREFS="TYPE_2">
                    <Shape>
                        <Polygon POINTS="198.18751525878906 664.7952270507812 1004.1962280273438 664.7952270507812 1004.1962280273438 1205.554443359375 198.18751525878906 1205.554443359375 198.18751525878906 664.7952270507812"/>
                    </Shape>
                    <TextLine ID="line_14" HPOS="239" VPOS="655" WIDTH="752" HEIGHT="61" BASELINE="240 699 991 694" TAGREFS="TYPE_1">
                        <Shape>
                            <Polygon POINTS="240 699 240 711 377 716 378 716 379 716 380 716 390 711 392 710 407 711 503 715 504 715 505 715 518 710 518 709 560 709 577 710 659 714 660 714 793 713 794 713 806 709 827 712 828 712 829 712 847 708 848 708 850 708 864 712 865 712 866 712 955 708 969 712 970 712 971 712 972 712 991 707 991 694 989 666 934 666 909 655 908 655 907 655 906 655 891 663 881 655 880 655 879 655 848 655 847 655 846 655 845 655 833 666 784 656 723 656 722 656 721 656 720 656 711 663 692 656 691 656 690 656 615 668 574 668 561 657 560 657 559 657 546 657 545 657 544 657 522 668 515 663 514 663 513 663 512 663 475 668 474 668 395 658 394 658 393 658 363 669 362 670 296 670 296 669 268 659 267 659 266 659 265 659 239 669 240 699"/>
                        </Shape>
                        <String CONTENT=""/>
                    </TextLine>

                    <TextLine ID="line_15" HPOS="199" VPOS="709" WIDTH="797" HEIGHT="59" BASELINE="199 750 471 745 996 748" TAGREFS="TYPE_1">
                        <Shape>
                            <Polygon POINTS="199 750 199 760 235 760 236 760 246 767 247 767 248 767 249 767 250 767 273 760 274 760 340 760 341 760 362 767 363 767 364 767 365 767 385 760 387 760 388 760 408 767 409 767 410 768 513 768 513 767 514 767 538 761 539 761 558 767 559 767 560 768 656 768 656 767 657 767 669 762 720 766 721 766 722 766 730 762 733 760 745 762 773 766 774 766 775 766 791 762 799 760 806 762 816 765 817 765 818 765 819 765 825 762 829 760 994 762 996 748 995 713 925 709 924 709 923 709 912 713 902 718 896 713 888 709 887 709 886 709 832 709 831 709 830 709 813 714 801 718 781 714 768 712 767 712 755 714 736 718 727 715 711 709 710 709 681 709 680 709 650 715 637 719 532 719 522 716 491 710 490 710 458 717 451 718 444 717 409 709 408 709 407 709 388 717 385 719 321 719 319 718 305 709 304 709 303 709 268 709 267 709 266 709 265 709 256 716 199 718 199 750"/>
                        </Shape>
                        <String CONTENT=""/>
                    </TextLine>

                    <TextLine ID="line_16" HPOS="197" VPOS="758" WIDTH="794" HEIGHT="56" BASELINE="198 798 991 795" TAGREFS="TYPE_1">
                        <Shape>
                            <Polygon POINTS="198 798 198 808 394 814 395 814 396 814 397 814 406 809 709 813 710 813 711 813 712 813 719 808 835 812 836 812 858 807 876 812 877 812 878 812 902 807 931 812 932 812 933 812 947 807 975 812 976 812 977 812 991 805 991 795 989 768 945 768 944 767 929 758 929 758 928 758 927 758 829 766 813 767 812 766 800 758 799 758 798 758 797 758 762 763 733 758 732 758 731 758 730 758 721 765 716 768 622 764 582 763 581 763 568 764 519 768 500 763 486 759 485 759 484 759 483 759 475 763 473 764 468 763 461 761 460 761 459 761 458 761 457 761 455 763 446 769 427 763 418 760 417 760 386 760 385 760 384 760 383 760 381 762 375 767 350 762 348 762 348 762 347 762 346 762 336 769 302 769 282 761 278 760 277 760 276 760 275 760 271 761 260 765 251 761 249 760 248 760 247 760 197 760 198 798"/>
                        </Shape>
                        <String CONTENT=""/>
                    </TextLine>

                    <TextLine ID="line_17" HPOS="199" VPOS="805" WIDTH="788" HEIGHT="61" BASELINE="200 848 987 845" TAGREFS="TYPE_1">
                        <Shape>
                            <Polygon POINTS="200 848 200 860 273 860 288 866 289 866 290 866 290 866 310 860 314 859 359 859 362 860 378 866 379 866 380 866 381 866 382 866 391 860 393 859 400 860 431 866 432 866 521 865 522 865 532 860 536 859 551 860 591 865 592 865 633 861 658 858 670 861 689 865 690 865 732 861 772 857 825 857 831 861 835 864 836 864 837 864 838 864 839 864 844 861 851 857 895 861 925 864 926 864 943 861 964 858 986 861 987 845 986 817 942 817 941 816 921 805 920 805 919 805 918 805 900 812 880 805 879 805 878 805 877 805 858 815 856 816 854 815 829 805 828 805 827 805 826 805 802 814 797 816 776 814 743 811 742 811 741 811 740 811 737 814 733 816 728 814 717 808 716 808 681 807 680 807 679 807 667 813 657 817 597 812 523 806 522 806 522 806 511 811 497 817 468 813 467 813 466 813 455 819 436 819 424 810 421 808 420 808 419 808 418 808 417 808 413 810 397 819 366 819 352 809 349 807 348 807 348 807 271 807 270 807 269 807 266 808 250 815 231 808 228 807 227 807 226 807 199 807 200 848"/>
                        </Shape>
                        <String CONTENT=""/>
                    </TextLine>

                    <TextLine ID="line_18" HPOS="199" VPOS="855" WIDTH="791" HEIGHT="64" BASELINE="200 899 990 894" TAGREFS="TYPE_1">
                        <Shape>
                            <Polygon POINTS="200 899 200 916 298 912 304 915 309 919 310 919 311 919 312 919 345 915 366 912 371 914 378 918 379 918 380 919 479 919 479 918 540 912 579 910 610 910 614 912 619 915 620 915 621 915 622 915 651 912 673 909 684 912 704 916 705 916 706 916 758 911 767 910 769 911 782 916 783 916 784 917 831 917 831 916 956 909 979 913 980 913 981 913 982 913 990 908 990 894 989 863 962 855 961 855 960 855 959 855 945 862 944 863 937 862 882 855 881 855 880 855 860 862 857 863 853 862 833 855 832 855 831 855 794 857 793 857 792 857 785 862 783 864 768 862 733 856 732 856 731 856 718 862 711 864 674 861 615 857 614 857 613 857 602 861 591 865 541 861 516 859 515 859 503 861 472 866 458 861 451 858 450 858 449 858 448 858 447 858 444 860 435 867 356 867 333 860 329 859 328 859 327 859 298 860 297 860 296 860 287 867 199 860 200 899"/>
                        </Shape>
                        <String CONTENT=""/>
                    </TextLine>

                    <TextLine ID="line_19" HPOS="198" VPOS="909" WIDTH="790" HEIGHT="60" BASELINE="199 948 680 943 988 945" TAGREFS="TYPE_1">
                        <Shape>
                            <Polygon POINTS="199 948 199 963 283 959 290 963 295 968 296 968 297 968 298 969 379 969 379 968 407 963 417 962 420 963 425 966 426 966 427 966 428 966 435 963 448 958 477 963 487 965 488 965 489 965 492 963 502 958 529 963 534 964 535 964 540 963 569 957 603 963 618 966 619 966 639 963 671 959 723 963 724 963 725 963 726 963 733 958 876 963 927 965 928 965 929 965 933 963 953 956 987 963 988 945 987 916 880 916 879 916 853 909 852 909 851 909 816 916 786 910 785 910 735 917 733 917 725 912 724 912 723 912 722 912 721 912 705 916 668 910 667 910 666 910 641 917 599 917 588 910 587 910 586 910 563 910 562 910 561 910 544 914 457 911 456 911 455 911 454 911 444 916 404 911 403 911 402 911 376 919 376 920 356 920 259 920 207 912 206 912 205 912 204 912 204 912 198 917 199 948"/>
                        </Shape>
                        <String CONTENT=""/>
                    </TextLine>

                    <TextLine ID="line_20" HPOS="196" VPOS="955" WIDTH="795" HEIGHT="60" BASELINE="197 997 991 992" TAGREFS="TYPE_1">
                        <Shape>
                            <Polygon POINTS="197 997 197 1009 241 1014 242 1014 243 1014 244 1014 250 1009 251 1009 345 1009 352 1009 413 1015 414 1015 415 1015 416 1015 425 1009 428 1008 501 1008 506 1009 522 1014 522 1014 523 1014 561 1009 579 1007 600 1009 649 1014 650 1014 651 1014 666 1009 674 1006 695 1009 724 1013 725 1013 754 1009 767 1007 774 1009 787 1013 788 1013 789 1014 832 1014 832 1013 833 1013 842 1009 847 1007 853 1009 865 1012 866 1012 867 1012 990 1008 991 992 988 964 918 964 915 963 898 955 897 955 896 955 895 955 876 963 872 964 864 963 826 956 825 956 824 956 812 962 807 965 794 962 767 956 766 956 765 956 752 962 745 965 738 962 726 957 726 957 686 956 685 956 684 956 672 962 663 966 654 961 644 957 643 957 642 957 641 957 626 961 610 965 571 961 533 957 532 957 531 957 530 957 525 961 522 963 498 960 483 959 482 959 481 959 480 959 478 960 467 967 424 960 409 958 408 958 398 960 369 966 349 962 348 962 348 962 347 962 339 969 232 969 216 959 215 959 214 959 196 959 197 997"/>
                        </Shape>
                        <String CONTENT=""/>
                    </TextLine>

                    <TextLine ID="line_21" HPOS="198" VPOS="1008" WIDTH="797" HEIGHT="57" BASELINE="198 1045 995 1045" TAGREFS="TYPE_1">
                        <Shape>
                            <Polygon POINTS="198 1045 198 1063 354 1065 355 1065 377 1062 408 1057 415 1062 418 1064 419 1064 420 1064 421 1064 422 1064 423 1064 426 1061 432 1057 449 1061 458 1063 459 1063 486 1061 532 1057 553 1060 581 1065 581 1065 582 1065 593 1060 600 1057 647 1057 660 1059 686 1065 687 1065 688 1065 710 1059 719 1057 726 1059 743 1063 744 1063 745 1063 777 1059 784 1064 785 1064 786 1064 787 1064 788 1064 789 1064 796 1059 803 1065 804 1065 805 1065 806 1065 917 1058 942 1065 943 1065 944 1065 995 1056 995 1045 995 1017 953 1011 952 1011 951 1011 941 1016 940 1017 845 1017 843 1015 835 1010 834 1010 833 1010 832 1010 831 1010 813 1015 808 1016 774 1015 682 1011 681 1011 658 1014 641 1016 627 1014 606 1010 605 1010 604 1010 603 1010 598 1014 593 1017 538 1017 532 1013 522 1008 522 1008 521 1008 520 1008 501 1013 489 1016 464 1016 461 1012 455 1008 454 1008 453 1008 416 1008 415 1008 414 1008 413 1008 408 1012 402 1016 377 1016 372 1012 367 1008 366 1008 365 1008 297 1008 296 1008 295 1008 294 1008 290 1011 282 1017 260 1017 249 1011 243 1008 242 1008 241 1008 198 1010 198 1045"/>
                        </Shape>
                        <String CONTENT=""/>
                    </TextLine>

                    <TextLine ID="line_22" HPOS="197" VPOS="1054" WIDTH="798" HEIGHT="59" BASELINE="198 1094 567 1091 995 1094" TAGREFS="TYPE_1">
                        <Shape>
                            <Polygon POINTS="198 1094 197 1105 232 1112 233 1112 234 1112 247 1106 285 1112 286 1112 287 1112 313 1106 315 1106 317 1106 342 1112 343 1112 344 1112 345 1112 365 1106 367 1106 370 1107 387 1112 388 1112 389 1113 461 1113 461 1112 462 1112 476 1107 478 1107 480 1107 505 1112 506 1112 586 1108 606 1107 616 1108 653 1112 654 1113 806 1113 806 1112 807 1112 817 1109 827 1106 836 1109 842 1111 842 1111 843 1111 844 1111 853 1110 866 1106 993 1110 995 1094 994 1067 945 1067 936 1060 935 1060 934 1060 933 1060 932 1060 923 1065 908 1054 907 1054 906 1054 846 1054 845 1054 844 1054 843 1054 828 1066 799 1066 783 1058 782 1058 781 1058 780 1058 768 1064 751 1055 750 1055 703 1054 702 1054 701 1054 679 1066 660 1054 659 1054 658 1054 637 1054 636 1054 635 1054 615 1064 599 1060 598 1060 597 1060 545 1065 530 1055 529 1055 528 1055 527 1055 526 1055 509 1061 500 1054 499 1054 498 1054 453 1054 452 1054 451 1054 430 1064 411 1055 410 1055 377 1054 376 1054 375 1054 374 1054 355 1067 242 1067 221 1061 220 1061 219 1061 198 1066 198 1094"/>
                        </Shape>
                        <String CONTENT=""/>
                    </TextLine>

                    <TextLine ID="line_23" HPOS="197" VPOS="1105" WIDTH="796" HEIGHT="60" BASELINE="198 1141 993 1144" TAGREFS="TYPE_1">
                        <Shape>
                            <Polygon POINTS="198 1141 197 1154 250 1162 251 1162 283 1156 328 1162 329 1162 360 1156 361 1156 395 1156 396 1156 403 1162 404 1162 405 1162 406 1162 474 1157 487 1163 488 1163 489 1163 523 1157 525 1157 526 1157 545 1163 546 1163 547 1164 667 1164 667 1163 668 1163 668 1163 675 1158 677 1157 687 1158 727 1164 728 1164 755 1159 766 1164 767 1164 768 1164 769 1164 784 1159 784 1159 785 1159 804 1164 805 1164 806 1165 860 1165 860 1164 861 1164 871 1160 874 1158 991 1160 993 1144 992 1115 926 1115 925 1114 915 1107 914 1107 913 1107 889 1107 888 1107 887 1107 886 1107 877 1113 876 1114 871 1113 841 1107 788 1107 787 1107 756 1112 745 1114 740 1112 727 1106 726 1106 726 1106 671 1111 667 1111 664 1111 638 1106 637 1106 636 1106 635 1106 627 1111 622 1113 612 1111 599 1107 598 1107 597 1107 566 1111 538 1113 522 1110 503 1106 502 1106 501 1106 490 1110 485 1111 479 1110 463 1106 462 1106 461 1106 453 1109 444 1112 406 1109 396 1108 395 1108 394 1108 392 1109 380 1112 367 1108 356 1105 355 1105 311 1105 310 1105 309 1105 303 1108 290 1112 198 1107 198 1141"/>
                        </Shape>
                        <String CONTENT=""/>
                    </TextLine>

                    <TextLine ID="line_24" HPOS="203" VPOS="1164" WIDTH="514" HEIGHT="48" BASELINE="203 1195 334 1190 717 1194" TAGREFS="TYPE_1">
                        <Shape>
                            <Polygon POINTS="668 1164 658 1164 648 1164 639 1164 620 1166 604 1164 600 1164 590 1164 581 1164 571 1164 566 1164 559 1166 552 1167 545 1166 536 1164 532 1164 522 1164 513 1164 503 1164 493 1164 484 1164 474 1164 464 1164 455 1164 445 1164 435 1164 426 1164 416 1164 406 1164 397 1164 387 1164 377 1164 368 1164 358 1164 348 1164 339 1164 329 1164 225 1166 217 1164 213 1164 203 1164 203 1195 203 1206 266 1203 277 1208 282 1210 283 1210 284 1210 293 1208 325 1201 344 1209 349 1211 350 1211 351 1211 352 1211 357 1209 370 1202 396 1202 403 1208 404 1208 405 1208 406 1208 452 1205 462 1210 464 1211 465 1211 466 1211 467 1211 468 1211 470 1210 484 1202 513 1202 532 1210 537 1212 538 1212 539 1212 572 1210 633 1207 715 1211 717 1194 716 1168 682 1168 681 1168 673 1164 668 1164"/>
                        </Shape>
                        <String CONTENT=""/>
                    </TextLine>
</TextBlock>
                <TextBlock ID="block_2" HPOS="193" VPOS="1204" WIDTH="816" HEIGHT="352" TAGREFS="TYPE_2">
                    <Shape>
                        <Polygon POINTS="193.60104370117188 1204.2772216796875 1009.9979248046875 1204.2772216796875 1009.9979248046875 1556.7755126953125 193.60104370117188 1556.7755126953125 193.60104370117188 1204.2772216796875"/>
                    </Shape>
                    <TextLine ID="line_25" HPOS="255" VPOS="1200" WIDTH="735" HEIGHT="61" BASELINE="256 1238 990 1242" TAGREFS="TYPE_1">
                        <Shape>
                            <Polygon POINTS="256 1238 255 1251 310 1258 311 1259 351 1259 351 1258 352 1258 365 1253 398 1258 399 1258 426 1253 465 1259 466 1259 553 1254 561 1259 562 1259 563 1259 645 1260 646 1261 693 1261 693 1260 694 1260 695 1260 704 1254 722 1260 723 1260 724 1260 771 1255 779 1260 780 1260 781 1260 854 1261 855 1261 884 1255 923 1261 924 1261 989 1254 990 1242 989 1212 942 1203 941 1203 940 1203 912 1211 911 1211 909 1211 888 1203 887 1203 847 1203 846 1203 845 1203 831 1210 829 1211 815 1210 778 1206 777 1206 749 1209 741 1210 739 1209 732 1203 731 1203 730 1203 729 1203 728 1203 717 1209 714 1210 701 1209 644 1202 643 1202 610 1208 602 1210 580 1210 577 1208 563 1201 562 1201 446 1201 445 1201 444 1201 431 1206 426 1208 421 1206 407 1200 406 1200 375 1200 374 1200 373 1200 358 1205 351 1208 256 1205 256 1238"/>
                        </Shape>
                        <String CONTENT=""/>
                    </TextLine>

                    <TextLine ID="line_26" HPOS="195" VPOS="1250" WIDTH="798" HEIGHT="62" BASELINE="196 1290 993 1293" TAGREFS="TYPE_1">
                        <Shape>
                            <Polygon POINTS="196 1290 195 1302 235 1311 236 1311 237 1311 254 1304 267 1311 268 1311 269 1311 270 1311 293 1304 346 1304 360 1311 361 1311 362 1311 440 1304 453 1311 454 1311 484 1311 485 1311 571 1305 596 1310 597 1310 648 1305 680 1311 681 1311 682 1311 699 1305 728 1312 729 1312 730 1312 842 1308 882 1312 883 1312 949 1306 967 1311 968 1311 969 1311 970 1311 992 1305 993 1293 992 1262 941 1262 939 1261 933 1256 932 1256 931 1256 930 1256 929 1256 929 1256 924 1260 922 1262 862 1262 858 1259 842 1253 841 1253 840 1253 839 1253 819 1259 812 1261 802 1258 780 1253 779 1253 778 1253 724 1257 711 1258 706 1257 689 1252 688 1252 687 1252 686 1252 672 1256 662 1260 651 1256 638 1252 637 1252 636 1252 610 1255 584 1260 561 1254 546 1252 545 1252 544 1252 535 1254 517 1260 474 1254 454 1251 421 1251 420 1251 419 1251 418 1251 416 1253 406 1259 365 1254 364 1254 336 1259 330 1254 329 1254 328 1254 327 1254 273 1259 248 1251 247 1251 246 1251 245 1251 233 1254 196 1250 196 1290"/>
                        </Shape>
                        <String CONTENT=""/>
                    </TextLine>

                    <TextLine ID="line_27" HPOS="196" VPOS="1301" WIDTH="795" HEIGHT="62" BASELINE="197 1338 991 1341" TAGREFS="TYPE_1">
                        <Shape>
                            <Polygon POINTS="197 1338 196 1349 217 1357 218 1357 219 1357 220 1357 237 1351 268 1357 269 1357 270 1357 283 1351 313 1351 322 1351 323 1351 334 1358 335 1358 336 1358 337 1358 361 1354 411 1360 412 1360 453 1359 454 1359 470 1352 471 1352 474 1352 522 1360 522 1360 599 1354 620 1360 621 1360 622 1360 671 1359 672 1359 682 1354 685 1353 706 1355 759 1359 760 1359 761 1359 776 1355 778 1355 780 1355 799 1362 800 1362 801 1362 827 1356 831 1355 833 1356 845 1362 846 1362 847 1363 893 1363 893 1362 894 1362 907 1357 915 1354 989 1357 991 1341 990 1311 928 1304 927 1304 926 1304 925 1304 916 1310 911 1313 890 1313 876 1310 846 1304 845 1304 844 1304 831 1310 825 1312 804 1310 778 1307 777 1307 675 1310 614 1311 610 1310 594 1302 593 1302 539 1302 538 1302 537 1302 536 1302 524 1310 522 1311 449 1311 446 1310 426 1302 425 1302 424 1302 391 1308 341 1301 340 1301 260 1310 255 1310 253 1310 217 1301 216 1301 215 1301 197 1309 197 1338"/>
                        </Shape>
                        <String CONTENT=""/>
                    </TextLine>

                    <TextLine ID="line_28" HPOS="196" VPOS="1351" WIDTH="788" HEIGHT="60" BASELINE="197 1387 984 1392" TAGREFS="TYPE_1">
                        <Shape>
                            <Polygon POINTS="197 1387 196 1398 237 1408 238 1408 239 1408 257 1400 276 1408 277 1408 278 1408 348 1400 383 1409 384 1409 385 1409 511 1401 556 1410 675 1411 676 1411 677 1411 693 1404 720 1411 721 1411 722 1411 983 1403 984 1392 982 1359 923 1363 910 1359 898 1354 897 1354 896 1354 865 1359 835 1363 827 1359 819 1353 818 1353 817 1353 757 1353 756 1353 755 1353 755 1353 747 1359 745 1360 743 1359 732 1353 731 1353 684 1353 683 1353 682 1353 666 1359 659 1361 653 1359 643 1354 642 1354 592 1352 591 1352 537 1359 516 1361 513 1359 508 1355 508 1354 507 1354 506 1354 505 1354 489 1357 460 1351 459 1351 458 1351 457 1351 447 1359 389 1360 382 1359 353 1351 352 1351 351 1351 350 1351 335 1359 334 1360 246 1360 244 1359 236 1353 235 1353 234 1353 233 1353 197 1358 197 1387"/>
                        </Shape>
                        <String CONTENT=""/>
                    </TextLine>

                    <TextLine ID="line_29" HPOS="197" VPOS="1400" WIDTH="790" HEIGHT="60" BASELINE="198 1438 987 1441" TAGREFS="TYPE_1">
                        <Shape>
                            <Polygon POINTS="198 1438 197 1450 232 1451 241 1458 242 1458 243 1458 244 1459 444 1459 444 1458 445 1458 461 1452 495 1459 496 1459 651 1453 688 1458 689 1458 690 1458 705 1453 730 1460 731 1460 732 1460 733 1460 749 1453 769 1459 770 1459 771 1459 807 1454 841 1460 842 1460 842 1460 854 1454 898 1460 899 1460 900 1460 924 1453 987 1453 987 1441 986 1409 884 1411 878 1408 871 1402 871 1402 870 1402 847 1402 846 1402 845 1402 844 1402 837 1407 831 1411 809 1407 797 1405 796 1405 795 1405 794 1405 792 1407 786 1412 746 1412 717 1406 687 1401 686 1401 685 1401 668 1406 651 1411 618 1411 610 1405 609 1404 608 1404 607 1404 606 1404 596 1405 561 1410 553 1405 552 1403 551 1403 550 1403 516 1401 515 1401 514 1401 504 1404 488 1410 479 1404 475 1401 474 1401 473 1401 472 1401 471 1401 460 1404 444 1408 427 1404 414 1400 413 1400 412 1400 411 1400 405 1403 396 1408 386 1403 379 1400 378 1400 351 1400 350 1400 329 1403 285 1409 261 1402 253 1400 252 1400 251 1400 198 1401 198 1438"/>
                        </Shape>
                        <String CONTENT=""/>
                    </TextLine>

                    <TextLine ID="line_30" HPOS="196" VPOS="1450" WIDTH="795" HEIGHT="58" BASELINE="197 1486 991 1490" TAGREFS="TYPE_1">
                        <Shape>
                            <Polygon POINTS="197 1486 196 1497 356 1498 360 1499 395 1506 396 1506 451 1501 555 1506 556 1506 557 1506 574 1502 581 1500 583 1502 588 1506 589 1506 590 1506 591 1506 592 1506 604 1502 608 1501 627 1502 682 1507 683 1507 707 1503 723 1501 731 1504 742 1507 743 1507 744 1507 766 1504 788 1501 795 1504 803 1508 804 1508 805 1508 990 1506 991 1490 991 1464 925 1459 917 1453 916 1453 915 1453 914 1453 868 1462 867 1462 866 1462 841 1453 840 1453 839 1453 838 1453 804 1461 772 1452 771 1452 636 1452 635 1452 634 1452 633 1452 620 1459 616 1462 601 1462 598 1459 592 1454 591 1454 590 1454 589 1454 588 1454 573 1459 569 1460 566 1459 554 1453 553 1453 552 1453 552 1453 537 1458 531 1461 488 1461 483 1458 472 1451 471 1451 470 1451 469 1451 406 1457 382 1460 275 1460 260 1455 236 1450 235 1450 234 1450 197 1454 197 1486"/>
                        </Shape>
                        <String CONTENT=""/>
                    </TextLine>

                    <TextLine ID="line_31" HPOS="197" VPOS="1495" WIDTH="797" HEIGHT="74" BASELINE="198 1536 994 1540" TAGREFS="TYPE_1">
                        <Shape>
                            <Polygon POINTS="198 1536 197 1566 250 1567 251 1567 252 1567 257 1566 280 1560 332 1565 354 1567 355 1567 356 1567 360 1565 371 1559 395 1562 396 1562 397 1562 409 1557 450 1564 475 1567 476 1567 543 1567 544 1567 557 1563 576 1557 586 1563 598 1568 599 1568 600 1569 677 1569 677 1568 711 1561 727 1558 785 1558 793 1561 811 1567 812 1567 813 1567 813 1567 814 1567 823 1561 845 1567 846 1567 847 1567 848 1567 866 1560 869 1559 993 1559 994 1540 993 1509 948 1499 912 1499 911 1499 910 1499 892 1507 889 1508 886 1507 871 1499 870 1499 869 1499 814 1506 801 1507 794 1505 771 1498 770 1498 769 1498 742 1504 739 1505 737 1504 726 1498 725 1498 724 1498 723 1498 700 1504 697 1504 695 1504 660 1497 659 1497 658 1497 657 1497 648 1503 643 1506 593 1506 581 1502 569 1497 568 1497 567 1497 545 1501 520 1506 430 1505 420 1499 413 1496 412 1496 411 1496 410 1496 404 1499 389 1505 371 1498 361 1495 360 1495 299 1495 298 1495 297 1495 293 1497 280 1504 198 1496 198 1536"/>
                        </Shape>
                        <String CONTENT=""/>
                    </TextLine>
</TextBlock>
                <TextBlock ID="block_7" HPOS="843" VPOS="1554" WIDTH="169" HEIGHT="55" TAGREFS="TYPE_18">
                    <Shape>
                        <Polygon POINTS="843.169921875 1554.552734375 1012.6976318359375 1554.552734375 1012.6976318359375 1609.23681640625 843.169921875 1609.23681640625 843.169921875 1554.552734375"/>
                    </Shape>
                    <TextLine ID="line_32" HPOS="843" VPOS="1549" WIDTH="162" HEIGHT="78" BASELINE="844 1587 1005 1589" TAGREFS="TYPE_1">
                        <Shape>
                            <Polygon POINTS="844 1587 843 1611 871 1617 871 1617 884 1616 906 1613 914 1619 924 1627 925 1627 926 1627 927 1627 928 1627 948 1623 949 1623 1003 1627 1005 1589 1005 1559 965 1559 963 1558 933 1549 932 1549 909 1549 908 1549 907 1549 906 1549 897 1557 879 1551 878 1551 877 1551 844 1556 844 1587"/>
                        </Shape>
                        <String CONTENT=""/>
                    </TextLine>
</TextBlock>
            </PrintSpace>
        </Page>
    </Layout>
</alto>