<?xml version="1.0" encoding="UTF-8"?>
<alto xmlns:xsi="http://www.w3.org/2001/XMLSchema-instance"
    xmlns="http://www.loc.gov/standards/alto/ns-v4#"
    xsi:schemaLocation="http://www.loc.gov/standards/alto/ns-v4# http://www.loc.gov/standards/alto/v4/alto-4-3.xsd">
    <Description>
        <MeasurementUnit>pixel</MeasurementUnit>
        <sourceImageInformation>
            <fileName>bsb10313792_00021.jpg</fileName>
        </sourceImageInformation>
        <Processing ID="OCR_0">
            <processingCategory>other</processingCategory>
            <processingStepDescription>unknown</processingStepDescription>
            <processingSoftware>
                <softwareName>kraken</softwareName>
                <softwareVersion>4.3.13</softwareVersion>
            </processingSoftware>
        </Processing>
    </Description>
    <Tags>
        <OtherTag ID="TYPE_1" LABEL="DefaultLine"/>
        <OtherTag ID="TYPE_2" LABEL="MainZone-Other"/>
        <OtherTag ID="TYPE_3" LABEL="RunningTitleZone"/>
        <OtherTag ID="TYPE_4" LABEL="QuireMarksZone"/>
        <OtherTag ID="TYPE_5" LABEL="MarginTextZone-Notes-Continued"/>
        <OtherTag ID="TYPE_6" LABEL="MarginTextZone-Notes"/>
        <OtherTag ID="TYPE_7" LABEL="GraphicZone-TextualContent"/>
        <OtherTag ID="TYPE_8" LABEL="DigitizationArtefactZone"/>
        <OtherTag ID="TYPE_9" LABEL="TableZone-Continued"/>
        <OtherTag ID="TYPE_10" LABEL="MainZone-Lg"/>
        <OtherTag ID="TYPE_11" LABEL="MainZone-Head"/>
        <OtherTag ID="TYPE_12" LABEL="StampZone"/>
        <OtherTag ID="TYPE_13" LABEL="MainZone-Form"/>
        <OtherTag ID="TYPE_14" LABEL="MainZone-List-Continued"/>
        <OtherTag ID="TYPE_15" LABEL="MainZone-Signature"/>
        <OtherTag ID="TYPE_16" LABEL="MarginTextZone-ManuscriptAddendum"/>
        <OtherTag ID="TYPE_17" LABEL="MainZone-P-Continued"/>
        <OtherTag ID="TYPE_18" LABEL="StampZone-Sticker"/>
        <OtherTag ID="TYPE_19" LABEL="TableZone-Head"/>
        <OtherTag ID="TYPE_20" LABEL="GraphicZone-Decoration"/>
        <OtherTag ID="TYPE_21" LABEL="DropCapitalZone"/>
        <OtherTag ID="TYPE_22" LABEL="NumberingZone"/>
        <OtherTag ID="TYPE_23" LABEL="FigureZone-Head"/>
        <OtherTag ID="TYPE_24" LABEL="TitlePageZone"/>
        <OtherTag ID="TYPE_25" LABEL="GraphicZone-Maths"/>
        <OtherTag ID="TYPE_26" LABEL="MainZone-Entry-Continued"/>
        <OtherTag ID="TYPE_27" LABEL="MainZone-Sp"/>
        <OtherTag ID="TYPE_28" LABEL="MainZone-Entry"/>
        <OtherTag ID="TYPE_29" LABEL="GraphicZone-Part"/>
        <OtherTag ID="TYPE_30" LABEL="GraphicZone"/>
        <OtherTag ID="TYPE_31" LABEL="MainZone-Sp-Continued"/>
        <OtherTag ID="TYPE_32" LABEL="TableZone"/>
        <OtherTag ID="TYPE_33" LABEL="TitlePageZone-Index"/>
        <OtherTag ID="TYPE_34" LABEL="AdvertisementZone"/>
        <OtherTag ID="TYPE_35" LABEL="MainZone-Date"/>
        <OtherTag ID="TYPE_36" LABEL="FigureZone-FigDesc"/>
        <OtherTag ID="TYPE_37" LABEL="GraphicZone-Head"/>
        <OtherTag ID="TYPE_38" LABEL="MainZone-List"/>
        <OtherTag ID="TYPE_39" LABEL="MainZone-P"/>
        <OtherTag ID="TYPE_40" LABEL="MainZone-Lg-Continued"/>
        <OtherTag ID="TYPE_41" LABEL="FigureZone"/>
        <OtherTag ID="TYPE_42" LABEL="GraphicZone-FigDesc"/>
    </Tags>
    <Layout>
        <Page WIDTH="1050" HEIGHT="1756" PHYSICAL_IMG_NR="0" ID="page_0">
            <PrintSpace HPOS="0" VPOS="0" WIDTH="1050" HEIGHT="1756">
                <TextBlock ID="block_0" HPOS="135" VPOS="55" WIDTH="635" HEIGHT="47" TAGREFS="TYPE_3">
                    <Shape>
                        <Polygon POINTS="135.2872772216797 55.456111907958984 770.5811157226562 55.456111907958984 770.5811157226562 102.91422271728516 135.2872772216797 102.91422271728516 135.2872772216797 55.456111907958984"/>
                    </Shape>
                    <TextLine ID="line_0" HPOS="136" VPOS="54" WIDTH="659" HEIGHT="59" BASELINE="136 88 795 90" TAGREFS="TYPE_1">
                        <Shape>
                            <Polygon POINTS="730 54 721 54 711 54 701 54 691 54 682 54 676 54 670 55 664 54 662 54 652 54 643 54 633 54 625 54 621 58 615 54 613 54 604 54 594 54 584 54 578 54 565 56 562 54 555 54 545 54 535 54 525 54 516 54 512 54 506 54 496 54 488 54 485 56 477 54 477 54 467 54 457 54 447 54 445 54 442 57 440 58 432 57 406 54 399 54 389 54 379 54 369 54 360 54 350 54 340 54 330 54 323 56 313 54 311 54 301 54 291 54 289 55 287 54 282 54 272 54 262 54 257 56 252 58 244 56 237 54 233 54 223 54 213 54 203 54 194 54 189 54 182 56 180 56 179 56 174 54 174 54 164 54 155 54 147 54 136 55 136 88 136 110 217 102 227 109 230 112 231 112 232 112 233 113 315 113 315 112 316 112 323 108 335 101 342 107 346 111 347 111 348 111 349 111 350 111 362 107 382 100 457 100 472 105 491 113 492 113 493 113 533 108 576 112 577 112 578 112 579 112 593 104 596 102 600 103 627 113 628 113 629 113 630 113 645 108 685 113 686 113 686 113 708 102 710 101 715 102 754 110 755 110 756 110 773 101 794 101 795 90 794 60 756 60 755 59 735 54 730 54"/>
                        </Shape>
                        <String CONTENT=""/>
                    </TextLine>
</TextBlock>
                <TextBlock ID="block_3" HPOS="825" VPOS="64" WIDTH="45" HEIGHT="43" TAGREFS="TYPE_22">
                    <Shape>
                        <Polygon POINTS="825.2488403320312 64.62821197509766 870.08349609375 64.62821197509766 870.08349609375 107.081298828125 825.2488403320312 107.081298828125 825.2488403320312 64.62821197509766"/>
                    </Shape>
                    <TextLine ID="line_1" HPOS="817" VPOS="78" WIDTH="44" HEIGHT="32" BASELINE="818 90 861 92" TAGREFS="TYPE_1">
                        <Shape>
                            <Polygon POINTS="848 88 844 79 818 78 818 90 817 98 858 110 861 92 861 79 848 79 848 88"/>
                        </Shape>
                        <String CONTENT=""/>
                    </TextLine>
</TextBlock>
                <TextBlock ID="block_2" HPOS="62" VPOS="112" WIDTH="807" HEIGHT="144" TAGREFS="TYPE_17">
                    <Shape>
                        <Polygon POINTS="62.119266510009766 112.76248168945312 869.425048828125 112.76248168945312 869.425048828125 256.84918212890625 62.119266510009766 256.84918212890625 62.119266510009766 112.76248168945312"/>
                    </Shape>
                    <TextLine ID="line_2" HPOS="65" VPOS="110" WIDTH="799" HEIGHT="56" BASELINE="66 148 370 143 864 144" TAGREFS="TYPE_1">
                        <Shape>
                            <Polygon POINTS="836 110 826 110 816 110 807 110 798 110 793 112 789 114 687 114 682 112 675 110 670 110 660 110 657 110 652 113 649 114 642 113 626 110 621 110 611 110 609 110 603 113 600 114 599 113 595 110 592 110 582 110 572 110 563 110 553 110 543 110 540 110 525 113 520 114 519 113 515 110 514 110 504 110 494 110 484 110 475 110 472 110 452 114 449 114 447 114 436 110 436 110 426 110 416 110 415 110 403 114 401 115 288 115 286 115 273 110 270 110 260 110 253 110 236 113 209 110 201 110 192 110 182 110 177 110 144 115 136 110 133 110 123 110 114 110 104 110 94 110 84 110 80 110 65 115 66 148 66 166 105 160 208 162 209 162 210 162 224 157 249 163 250 163 251 163 252 163 253 163 262 157 279 162 280 162 281 162 350 157 377 165 378 165 379 165 380 165 381 165 399 156 484 156 515 164 516 164 517 164 518 164 543 159 583 164 584 164 585 164 608 156 627 164 628 164 629 165 683 165 683 164 684 164 702 156 778 155 802 163 803 163 804 164 863 164 864 144 863 112 846 110 836 110"/>
                        </Shape>
                        <String CONTENT=""/>
                    </TextLine>

                    <TextLine ID="line_3" HPOS="61" VPOS="157" WIDTH="803" HEIGHT="65" BASELINE="62 198 360 192 864 194" TAGREFS="TYPE_1">
                        <Shape>
                            <Polygon POINTS="62 198 63 215 76 211 87 215 107 222 108 222 109 222 144 217 158 222 159 222 160 222 161 222 177 216 201 221 201 221 202 221 216 215 218 214 228 215 299 222 300 222 301 222 322 214 333 210 468 210 476 214 479 215 480 215 481 215 494 214 530 209 554 213 591 221 592 221 593 221 608 213 611 212 614 213 634 221 635 221 636 222 724 222 724 221 756 215 835 221 836 221 837 221 838 221 849 212 853 209 862 212 864 194 863 165 817 165 804 157 803 157 802 157 728 157 727 157 726 157 726 157 714 164 703 157 702 157 701 157 700 157 665 161 635 157 634 157 633 157 619 163 584 158 583 158 582 158 565 164 555 157 554 157 553 157 523 157 522 157 521 157 501 166 500 166 497 166 462 160 461 160 460 160 439 166 299 166 279 159 278 159 277 159 276 159 260 166 212 166 199 158 198 158 197 158 166 158 165 158 164 158 148 166 128 162 127 162 61 167 62 198"/>
                        </Shape>
                        <String CONTENT=""/>
                    </TextLine>

                    <TextLine ID="line_4" HPOS="62" VPOS="211" WIDTH="193" HEIGHT="53" BASELINE="64 247 255 243" TAGREFS="TYPE_1">
                        <Shape>
                            <Polygon POINTS="64 247 64 258 86 264 87 264 88 264 89 264 98 259 205 262 206 262 255 255 255 243 253 216 205 211 204 211 203 211 202 211 196 217 194 217 170 212 169 212 168 212 153 218 151 219 62 219 64 247"/>
                        </Shape>
                        <String CONTENT=""/>
                    </TextLine>
</TextBlock>
                <TextBlock ID="block_5" HPOS="67" VPOS="261" WIDTH="806" HEIGHT="243" TAGREFS="TYPE_39">
                    <Shape>
                        <Polygon POINTS="67.27289581298828 261.0293273925781 873.1057739257812 261.0293273925781 873.1057739257812 504.72100830078125 67.27289581298828 504.72100830078125 67.27289581298828 261.0293273925781"/>
                    </Shape>
                    <TextLine ID="line_5" HPOS="104" VPOS="255" WIDTH="757" HEIGHT="60" BASELINE="105 296 416 290 861 292" TAGREFS="TYPE_1">
                        <Shape>
                            <Polygon POINTS="801 255 800 255 799 255 793 260 777 255 777 255 767 255 758 255 754 255 739 259 731 255 728 255 719 255 709 255 705 255 680 259 679 259 678 259 629 255 621 255 611 255 602 255 600 255 596 259 593 261 577 259 552 255 543 255 533 255 524 255 514 255 504 255 494 255 488 255 484 258 481 261 454 258 431 255 426 255 416 255 406 255 405 255 396 257 379 261 344 257 323 255 322 255 321 255 320 255 318 257 309 263 269 263 258 257 258 256 257 256 256 256 255 256 254 256 252 256 237 263 164 263 153 256 151 255 150 255 149 255 104 255 105 296 105 305 145 312 146 312 147 312 148 312 155 306 157 305 161 306 181 310 182 310 219 306 233 305 236 306 252 314 253 314 254 314 255 314 272 307 275 305 277 307 286 314 287 314 288 314 289 314 332 308 344 314 345 314 346 315 393 315 393 314 394 314 411 307 421 304 560 308 706 313 707 313 761 312 762 312 763 312 766 310 771 305 782 310 787 312 788 312 789 312 790 312 791 312 793 310 804 303 836 303 858 310 861 292 860 261 802 255 801 255"/>
                        </Shape>
                        <String CONTENT=""/>
                    </TextLine>

                    <TextLine ID="line_6" HPOS="64" VPOS="301" WIDTH="800" HEIGHT="58" BASELINE="65 345 531 339 864 340" TAGREFS="TYPE_1">
                        <Shape>
                            <Polygon POINTS="65 345 65 359 863 355 864 340 863 307 838 301 837 301 836 301 825 307 820 310 756 310 752 308 739 303 738 303 737 303 736 303 726 308 721 311 666 311 663 309 648 302 647 302 646 302 646 302 625 309 622 311 532 311 530 310 522 303 521 303 520 303 519 303 486 308 466 303 465 303 464 303 463 303 462 303 448 311 448 312 447 311 439 304 438 304 437 304 401 304 400 304 399 304 398 304 389 310 343 304 342 304 341 304 340 304 329 313 328 313 313 308 312 308 311 308 286 313 266 305 265 305 198 305 197 305 196 305 176 314 176 315 170 315 128 315 91 306 90 306 89 306 64 315 65 345"/>
                        </Shape>
                        <String CONTENT=""/>
                    </TextLine>

                    <TextLine ID="line_7" HPOS="68" VPOS="351" WIDTH="795" HEIGHT="63" BASELINE="69 394 509 389 863 391" TAGREFS="TYPE_1">
                        <Shape>
                            <Polygon POINTS="69 394 69 414 120 414 120 413 121 413 145 405 155 413 156 413 157 413 158 413 160 413 201 405 215 410 216 410 217 410 245 405 257 411 258 411 259 411 260 411 283 404 336 412 338 412 339 413 376 413 376 412 377 412 378 412 395 404 427 404 437 411 438 411 439 411 440 411 441 411 463 404 529 410 530 410 531 410 545 403 565 408 565 408 566 408 612 403 625 411 626 411 627 411 628 411 633 411 668 405 678 410 680 411 681 411 682 411 723 410 724 410 725 410 737 402 753 410 754 410 755 411 807 411 807 410 808 410 809 410 821 404 862 409 863 391 862 360 832 360 831 359 819 351 818 351 817 351 816 351 778 357 730 352 729 352 728 352 727 352 717 359 716 359 715 359 696 352 695 352 694 352 657 359 650 359 648 359 638 352 637 352 636 352 635 352 576 357 535 352 534 352 533 352 532 352 524 358 519 360 510 358 496 353 495 353 441 353 440 353 439 353 428 357 416 361 371 357 369 357 368 357 365 357 280 363 207 363 190 355 186 354 185 354 184 354 173 355 128 361 111 355 109 354 108 354 107 354 68 354 69 394"/>
                        </Shape>
                        <String CONTENT=""/>
                    </TextLine>

                    <TextLine ID="line_8" HPOS="72" VPOS="400" WIDTH="790" HEIGHT="68" BASELINE="73 442 862 439" TAGREFS="TYPE_1">
                        <Shape>
                            <Polygon POINTS="73 442 73 459 119 467 120 468 162 468 162 467 163 467 175 461 191 467 192 467 193 467 194 467 218 459 219 459 232 467 233 467 234 467 235 468 257 468 257 467 258 467 275 459 278 458 412 458 414 459 430 466 431 466 432 467 466 467 466 466 467 466 481 458 489 465 490 465 491 465 492 465 541 458 552 457 555 458 569 465 570 465 571 465 615 460 626 465 627 465 628 465 692 464 693 464 710 458 716 456 731 458 773 463 774 463 775 463 776 463 784 458 788 456 817 456 820 457 833 464 834 464 835 464 862 457 862 439 860 411 765 411 747 400 746 400 745 400 727 400 726 400 726 400 707 409 679 404 678 404 677 404 662 412 601 412 588 401 587 401 586 401 534 401 533 401 491 411 484 405 483 405 482 405 481 405 444 411 421 402 420 402 386 402 385 402 384 402 383 402 366 413 346 413 332 402 331 402 330 402 285 402 284 402 283 402 282 402 276 407 214 403 213 403 212 403 193 414 149 414 127 403 126 403 125 403 124 403 103 414 72 414 73 442"/>
                        </Shape>
                        <String CONTENT=""/>
                    </TextLine>

                    <TextLine ID="line_9" HPOS="81" VPOS="491" WIDTH="161" HEIGHT="24" BASELINE="81 494 242 494" TAGREFS="TYPE_1">
                        <Shape>
                            <Polygon POINTS="238 491 228 491 218 491 208 491 199 491 189 491 179 491 169 491 160 491 150 491 140 491 130 491 121 491 111 491 101 491 91 491 81 491 81 494 81 509 88 515 89 515 90 515 91 515 161 508 174 514 175 514 176 514 177 514 199 508 214 515 215 515 216 515 217 515 242 507 242 494 242 491 238 491"/>
                        </Shape>
                        <String CONTENT=""/>
                    </TextLine>
</TextBlock>
                <TextBlock ID="block_6" HPOS="82" VPOS="503" WIDTH="791" HEIGHT="649" TAGREFS="TYPE_39">
                    <Shape>
                        <Polygon POINTS="82.92330169677734 503.3561096191406 873.7998046875 503.3561096191406 873.7998046875 1152.798583984375 82.92330169677734 1152.798583984375 82.92330169677734 503.3561096191406"/>
                    </Shape>
                    <TextLine ID="line_10" HPOS="108" VPOS="499" WIDTH="753" HEIGHT="64" BASELINE="109 545 428 538 861 539" TAGREFS="TYPE_1">
                        <Shape>
                            <Polygon POINTS="109 545 109 557 135 554 140 557 148 562 149 562 150 562 151 563 191 563 191 562 192 562 193 562 200 557 206 553 226 553 242 557 260 562 261 562 262 562 335 561 336 561 337 561 345 557 355 551 432 551 443 557 445 558 446 558 447 558 448 558 449 558 457 557 476 552 484 557 492 560 493 560 494 560 495 560 506 557 512 555 519 557 531 560 532 560 533 560 534 560 547 557 565 551 589 557 599 558 600 558 601 558 605 557 617 550 656 551 664 557 668 559 669 559 670 559 671 559 766 558 767 558 767 558 770 557 781 550 794 557 800 558 801 558 802 558 860 556 861 539 860 510 834 510 817 499 816 499 815 499 753 499 752 499 751 499 750 499 732 510 698 503 697 503 696 503 695 503 689 508 666 504 665 504 664 504 663 504 655 511 583 511 557 503 556 503 555 503 554 503 540 511 511 511 497 501 496 501 495 501 464 501 463 501 462 501 461 501 447 511 434 503 433 503 432 503 431 503 413 510 397 503 396 503 395 503 394 503 368 512 354 503 353 503 352 503 351 503 293 512 270 502 269 502 268 502 241 503 240 503 239 503 224 513 128 504 127 504 126 504 108 513 109 545"/>
                        </Shape>
                        <String CONTENT=""/>
                    </TextLine>

                    <TextLine ID="line_11" HPOS="87" VPOS="551" WIDTH="776" HEIGHT="61" BASELINE="88 591 863 588" TAGREFS="TYPE_1">
                        <Shape>
                            <Polygon POINTS="88 591 88 605 109 611 110 611 111 611 112 611 123 605 126 604 129 605 145 612 146 612 147 612 148 612 167 605 169 605 171 605 203 612 204 612 235 605 244 603 250 605 264 611 265 611 344 612 345 612 346 612 359 605 365 602 410 602 415 605 419 608 420 608 421 608 422 608 451 605 453 605 454 605 469 611 470 611 471 611 499 605 513 602 518 605 523 607 524 607 525 607 552 605 582 602 586 605 593 610 594 610 595 610 596 611 625 611 625 610 626 610 642 605 652 601 697 601 702 605 709 610 710 610 711 610 712 611 845 611 845 610 846 610 863 604 863 588 860 558 801 560 793 558 786 556 785 556 784 556 783 556 782 556 779 558 776 560 772 558 762 551 761 551 760 551 759 551 716 552 715 552 700 558 692 561 649 561 645 558 635 551 634 551 633 551 632 551 595 552 594 552 577 558 567 560 560 558 546 552 545 552 544 552 446 557 430 558 422 557 381 552 380 552 379 552 368 557 361 560 342 557 322 553 321 553 320 553 319 553 314 557 309 560 289 558 288 558 287 558 269 563 143 563 134 557 130 553 129 553 128 553 127 553 87 556 88 591"/>
                        </Shape>
                        <String CONTENT=""/>
                    </TextLine>

                    <TextLine ID="line_12" HPOS="89" VPOS="600" WIDTH="767" HEIGHT="62" BASELINE="90 638 856 637" TAGREFS="TYPE_1">
                        <Shape>
                            <Polygon POINTS="90 638 90 649 161 653 171 661 172 661 173 661 174 662 200 662 200 661 201 661 201 661 214 651 225 651 241 651 242 651 254 661 255 661 256 661 257 662 331 662 331 661 332 661 349 653 356 649 409 649 417 653 417 654 418 654 419 654 420 654 428 653 473 648 519 653 520 653 551 648 565 655 575 660 576 660 577 661 681 661 681 660 682 660 683 660 686 657 698 648 721 657 728 660 729 660 730 660 743 657 771 650 799 658 800 658 801 658 802 659 855 659 856 637 854 611 750 611 750 610 726 601 726 601 725 601 724 601 723 601 711 610 710 611 671 611 670 610 656 600 655 600 654 600 653 600 600 610 596 610 583 610 561 609 550 600 549 600 548 600 492 600 491 600 490 600 469 609 468 610 467 609 456 601 455 601 454 601 378 601 377 601 343 609 333 612 275 612 270 609 254 601 253 601 252 601 251 601 231 606 175 601 174 601 173 601 155 609 149 611 89 609 90 638"/>
                        </Shape>
                        <String CONTENT=""/>
                    </TextLine>

                    <TextLine ID="line_13" HPOS="88" VPOS="650" WIDTH="772" HEIGHT="60" BASELINE="89 690 860 686" TAGREFS="TYPE_1">
                        <Shape>
                            <Polygon POINTS="89 690 89 702 191 710 192 710 256 704 285 701 360 701 371 704 386 709 387 709 388 709 389 709 400 705 409 700 475 700 511 700 520 705 525 708 525 708 526 708 539 705 563 700 593 700 601 706 604 708 605 708 605 708 606 708 654 706 729 703 858 707 860 686 858 657 808 657 808 656 800 650 799 650 798 650 797 650 796 650 780 656 775 658 753 656 684 650 683 650 682 650 671 656 664 660 573 660 567 656 562 651 561 651 560 651 503 651 502 651 501 651 486 656 473 660 460 655 451 652 450 652 449 652 448 652 439 655 426 660 410 655 399 652 398 652 397 652 396 652 386 655 373 660 276 662 242 662 235 655 233 653 232 653 231 653 230 653 219 655 188 661 170 655 165 653 164 653 163 653 153 655 133 658 88 655 89 690"/>
                        </Shape>
                        <String CONTENT=""/>
                    </TextLine>

                    <TextLine ID="line_14" HPOS="88" VPOS="697" WIDTH="772" HEIGHT="61" BASELINE="89 741 860 734" TAGREFS="TYPE_1">
                        <Shape>
                            <Polygon POINTS="89 741 89 750 121 758 122 758 199 758 199 758 200 758 201 758 211 750 221 757 222 757 223 757 224 758 293 758 293 757 346 756 347 756 348 756 358 749 359 748 445 748 447 749 454 754 455 754 456 754 457 754 496 748 501 748 503 748 522 754 523 754 524 754 525 754 525 754 533 748 535 747 536 748 544 754 545 754 546 754 547 754 577 748 583 747 587 748 604 754 605 754 605 754 664 753 665 753 686 747 691 746 698 747 722 752 723 752 744 747 750 746 759 747 795 752 796 752 860 746 860 734 857 703 837 707 826 703 814 698 813 698 769 697 768 697 724 703 690 709 614 709 605 704 595 699 594 699 542 699 541 699 540 699 524 705 508 710 494 705 481 700 480 700 479 700 478 700 465 705 455 709 427 705 407 703 406 703 405 703 400 706 386 711 323 707 322 707 296 712 271 706 250 702 249 702 248 702 247 702 242 707 235 713 196 714 175 714 162 707 157 704 156 704 155 704 88 707 89 741"/>
                        </Shape>
                        <String CONTENT=""/>
                    </TextLine>

                    <TextLine ID="line_15" HPOS="90" VPOS="745" WIDTH="769" HEIGHT="67" BASELINE="91 791 859 783" TAGREFS="TYPE_1">
                        <Shape>
                            <Polygon POINTS="91 791 91 810 168 804 188 808 204 812 205 812 332 811 333 811 352 805 369 799 446 799 453 802 460 806 461 806 462 806 504 801 542 798 557 800 565 802 566 802 567 802 571 800 575 798 579 800 598 807 599 807 600 807 601 807 617 799 624 797 641 798 679 804 680 804 681 804 696 798 702 796 712 798 739 802 740 802 741 802 759 797 764 795 766 797 781 806 782 806 783 806 784 807 813 807 813 806 814 806 815 806 834 795 858 794 859 783 857 757 812 757 794 745 793 745 792 745 763 745 762 745 724 746 723 746 722 746 707 757 706 758 666 758 650 757 613 753 612 753 563 757 533 758 524 757 506 753 505 753 504 753 489 757 482 758 477 757 460 749 459 749 458 749 430 754 379 749 378 749 377 749 354 757 342 761 282 761 275 757 265 752 264 752 263 752 262 752 261 752 252 757 247 760 242 757 235 751 234 751 233 751 232 751 231 751 214 757 206 759 195 757 178 754 177 754 176 754 169 757 161 761 137 761 131 758 124 752 123 752 122 752 121 752 90 757 91 791"/>
                        </Shape>
                        <String CONTENT=""/>
                    </TextLine>

                    <TextLine ID="line_16" HPOS="84" VPOS="799" WIDTH="778" HEIGHT="61" BASELINE="85 838 862 834" TAGREFS="TYPE_1">
                        <Shape>
                            <Polygon POINTS="85 838 85 853 131 850 155 853 200 860 201 860 236 853 256 849 325 849 337 853 345 855 346 855 347 855 359 852 373 849 387 852 409 858 410 858 411 858 452 856 453 856 461 852 468 849 474 852 481 855 482 855 483 855 484 855 484 855 488 852 494 848 508 852 530 858 531 858 532 858 562 857 563 857 575 852 587 847 614 847 621 851 628 857 629 857 630 857 631 858 658 858 658 857 659 857 660 857 667 851 674 847 690 847 697 851 703 856 704 856 705 856 706 857 778 857 778 856 779 856 791 851 803 846 860 850 862 834 860 808 795 808 794 807 773 801 772 801 771 801 770 801 769 801 762 807 760 808 748 807 725 804 724 804 708 807 693 809 690 806 681 799 680 799 679 799 651 799 650 799 649 799 648 799 641 806 640 807 619 807 611 806 573 799 572 799 571 799 558 806 553 808 522 809 515 805 508 800 507 800 506 800 505 800 462 805 443 807 434 805 424 802 423 802 422 802 421 802 420 802 417 805 411 809 376 804 348 801 347 801 346 801 337 804 317 811 293 805 292 805 291 805 290 805 277 812 165 812 84 803 85 838"/>
                        </Shape>
                        <String CONTENT=""/>
                    </TextLine>

                    <TextLine ID="line_17" HPOS="80" VPOS="846" WIDTH="779" HEIGHT="65" BASELINE="81 888 859 881" TAGREFS="TYPE_1">
                        <Shape>
                            <Polygon POINTS="80 878 81 888 82 910 102 905 158 909 159 909 160 909 161 909 170 902 180 910 181 911 182 911 183 911 184 911 243 910 244 910 247 909 271 901 314 905 315 905 316 905 333 899 367 899 382 908 383 909 384 909 385 909 386 909 451 908 452 908 453 908 466 898 517 898 531 907 532 907 533 907 534 908 556 908 556 907 557 907 558 907 572 897 628 901 629 901 630 901 631 901 639 896 673 896 697 906 698 906 699 906 700 906 767 905 767 905 768 905 785 895 858 904 859 881 857 857 826 857 815 850 814 850 813 850 812 850 763 856 749 846 748 846 747 846 746 846 745 846 718 856 707 847 706 847 705 847 704 847 622 858 621 858 620 858 496 849 495 849 494 849 480 856 459 850 458 850 457 850 456 850 455 850 444 858 425 859 415 853 414 853 413 853 412 853 411 853 395 860 366 850 365 850 316 850 315 850 314 850 313 850 298 859 282 851 282 851 220 851 219 851 218 851 217 851 202 862 171 862 125 862 110 856 109 856 108 856 107 856 84 861 80 878"/>
                        </Shape>
                        <String CONTENT=""/>
                    </TextLine>

                    <TextLine ID="line_18" HPOS="79" VPOS="892" WIDTH="779" HEIGHT="71" BASELINE="80 940 585 931 858 931" TAGREFS="TYPE_1">
                        <Shape>
                            <Polygon POINTS="79 930 80 940 80 952 115 962 116 962 117 963 151 963 151 962 175 961 176 961 177 961 187 955 262 955 263 955 287 950 296 949 300 950 322 959 323 959 323 960 368 960 368 959 411 958 412 958 437 949 443 947 564 947 567 948 590 956 591 956 592 957 652 957 652 956 653 956 673 947 680 944 693 947 718 952 719 952 720 952 732 947 741 943 774 943 781 946 794 953 795 953 796 953 857 945 858 931 857 903 823 903 806 892 805 892 804 892 803 892 802 892 792 897 775 893 774 893 773 893 772 893 771 893 758 904 720 904 711 904 692 894 691 894 661 894 660 894 622 895 621 895 604 904 564 896 563 896 562 896 561 896 546 907 503 907 485 897 484 897 484 897 483 897 442 908 440 908 436 908 372 903 371 903 370 903 369 903 369 904 363 909 363 910 326 910 305 910 274 900 273 900 272 900 271 900 252 910 222 902 221 902 220 902 186 908 165 902 164 902 163 902 162 902 161 902 150 911 139 903 138 903 137 903 108 902 107 902 106 902 83 910 79 930"/>
                        </Shape>
                        <String CONTENT=""/>
                    </TextLine>

                    <TextLine ID="line_19" HPOS="83" VPOS="947" WIDTH="776" HEIGHT="63" BASELINE="84 989 859 980" TAGREFS="TYPE_1">
                        <Shape>
                            <Polygon POINTS="84 989 84 1000 101 1009 102 1009 103 1010 137 1010 137 1009 138 1009 139 1009 148 1001 169 1001 182 1008 183 1008 184 1008 185 1008 199 1002 244 1008 245 1008 246 1008 247 1008 257 1002 281 1007 282 1007 282 1007 307 1001 323 1007 324 1007 325 1007 326 1007 327 1007 336 1000 345 1006 346 1006 347 1006 348 1007 384 1007 384 1006 385 1006 386 1006 395 998 398 997 410 998 435 1001 436 1001 448 998 464 996 485 998 511 1002 512 1002 513 1002 522 998 530 994 631 994 645 998 657 1003 658 1003 659 1003 699 998 742 993 768 998 780 1000 781 1000 858 997 859 980 858 956 843 950 842 950 841 950 840 950 829 956 828 956 784 956 777 956 722 947 721 947 720 947 719 947 710 954 640 955 637 955 636 955 593 949 592 949 563 955 550 957 546 955 538 949 537 949 536 949 514 949 513 949 478 950 477 950 476 950 470 955 467 957 447 955 417 952 416 952 415 952 407 955 396 959 242 962 230 955 229 954 228 954 227 954 226 954 225 954 223 955 201 963 135 963 117 955 116 954 115 954 114 954 83 954 84 989"/>
                        </Shape>
                        <String CONTENT=""/>
                    </TextLine>

                    <TextLine ID="line_20" HPOS="87" VPOS="991" WIDTH="769" HEIGHT="68" BASELINE="88 1037 221 1039 658 1031 856 1033" TAGREFS="TYPE_1">
                        <Shape>
                            <Polygon POINTS="88 1037 88 1050 117 1059 118 1059 119 1059 168 1053 178 1058 179 1058 180 1059 244 1059 244 1058 245 1058 265 1050 277 1046 287 1050 289 1051 290 1051 291 1051 296 1050 325 1045 410 1049 411 1049 412 1049 423 1044 481 1048 482 1048 576 1042 589 1050 590 1050 591 1050 592 1050 650 1041 682 1047 683 1047 684 1047 698 1043 711 1050 712 1050 713 1050 769 1045 787 1050 789 1051 790 1051 791 1051 855 1050 856 1033 854 1004 783 1004 782 1004 766 991 765 991 764 991 736 991 735 991 734 991 733 991 715 1004 713 1005 707 1004 661 997 660 997 625 1005 622 1005 620 1005 581 993 580 993 579 993 578 993 577 993 558 1005 555 1007 549 1005 540 1002 539 1002 538 1002 537 1002 529 1005 526 1006 524 1005 488 994 487 994 486 994 389 996 388 996 364 1006 363 1006 332 996 331 996 330 996 329 996 300 1006 298 1007 296 1006 266 997 265 997 264 997 224 1007 206 1012 171 1012 164 1007 151 998 150 998 149 998 148 998 87 1007 88 1037"/>
                        </Shape>
                        <String CONTENT=""/>
                    </TextLine>

                    <TextLine ID="line_21" HPOS="88" VPOS="1045" WIDTH="772" HEIGHT="72" BASELINE="89 1086 860 1081" TAGREFS="TYPE_1">
                        <Shape>
                            <Polygon POINTS="89 1086 89 1111 119 1107 129 1112 130 1113 131 1113 132 1113 133 1113 135 1112 156 1105 170 1113 179 1117 180 1117 181 1117 208 1117 208 1117 209 1117 222 1113 246 1104 332 1104 358 1113 359 1113 360 1113 361 1113 362 1113 363 1113 382 1104 438 1108 439 1108 462 1103 482 1113 485 1115 486 1115 487 1115 498 1113 521 1108 554 1113 563 1114 564 1114 574 1113 619 1108 635 1113 638 1114 639 1114 640 1115 700 1115 700 1114 701 1114 703 1113 733 1102 767 1113 768 1113 769 1113 770 1113 803 1108 858 1113 860 1081 858 1058 807 1053 798 1045 797 1045 796 1045 751 1045 750 1045 749 1045 748 1045 733 1054 706 1053 705 1053 704 1053 703 1053 699 1056 696 1058 681 1056 644 1050 643 1050 618 1055 611 1056 585 1055 539 1052 538 1052 528 1054 509 1059 494 1054 477 1047 476 1047 412 1047 411 1047 410 1047 400 1053 395 1055 354 1053 353 1053 352 1053 327 1060 294 1056 293 1056 191 1061 168 1050 165 1049 164 1049 163 1049 162 1049 159 1050 136 1058 115 1050 112 1049 111 1049 110 1049 88 1049 89 1086"/>
                        </Shape>
                        <String CONTENT=""/>
                    </TextLine>

                    <TextLine ID="line_22" HPOS="97" VPOS="1115" WIDTH="231" HEIGHT="45" BASELINE="98 1139 328 1137" TAGREFS="TYPE_1">
                        <Shape>
                            <Polygon POINTS="292 1128 282 1128 273 1128 263 1128 253 1128 243 1128 234 1128 224 1128 214 1128 204 1128 195 1128 185 1128 175 1128 165 1128 156 1128 146 1128 136 1128 126 1128 123 1119 97 1117 98 1139 99 1160 121 1153 159 1158 170 1159 171 1159 172 1159 173 1159 173 1158 175 1157 181 1152 220 1152 228 1156 234 1158 235 1158 236 1158 237 1158 251 1155 258 1153 264 1154 287 1158 288 1158 327 1151 328 1137 327 1125 306 1115 305 1115 304 1115 303 1115 302 1115 294 1118 292 1128"/>
                        </Shape>
                        <String CONTENT=""/>
                    </TextLine>
</TextBlock>
                <TextBlock ID="block_1" HPOS="129" VPOS="1156" WIDTH="179" HEIGHT="56" TAGREFS="TYPE_16">
                    <Shape>
                        <Polygon POINTS="129.3822021484375 1156.5721435546875 308.916015625 1156.5721435546875 308.916015625 1212.5167236328125 129.3822021484375 1212.5167236328125 129.3822021484375 1156.5721435546875"/>
                    </Shape>
                    <TextLine ID="line_23" HPOS="132" VPOS="1172" WIDTH="181" HEIGHT="44" BASELINE="133 1194 313 1196" TAGREFS="TYPE_1">
                        <Shape>
                            <Polygon POINTS="299 1172 289 1172 280 1172 270 1172 266 1172 260 1174 255 1175 252 1174 248 1172 241 1172 232 1172 229 1174 227 1174 225 1172 221 1172 211 1172 201 1172 192 1172 182 1172 178 1172 176 1174 174 1174 168 1172 162 1172 153 1172 143 1172 140 1172 133 1173 133 1194 132 1210 190 1215 191 1215 192 1215 211 1209 219 1207 224 1209 240 1216 241 1216 242 1216 242 1216 263 1208 264 1208 265 1208 285 1215 286 1215 287 1215 288 1215 312 1207 313 1196 312 1174 301 1172 299 1172"/>
                        </Shape>
                        <String CONTENT=""/>
                    </TextLine>
</TextBlock>
                <TextBlock ID="block_4" HPOS="79" VPOS="1201" WIDTH="792" HEIGHT="356" TAGREFS="TYPE_39">
                    <Shape>
                        <Polygon POINTS="79.6172866821289 1201.860107421875 871.8921508789062 1201.860107421875 871.8921508789062 1557.9425048828125 79.6172866821289 1557.9425048828125 79.6172866821289 1201.860107421875"/>
                    </Shape>
                    <TextLine ID="line_24" HPOS="126" VPOS="1196" WIDTH="733" HEIGHT="69" BASELINE="128 1245 859 1236" TAGREFS="TYPE_1">
                        <Shape>
                            <Polygon POINTS="128 1245 128 1265 158 1259 169 1264 171 1265 172 1265 173 1265 174 1265 177 1264 189 1260 268 1262 318 1263 319 1263 320 1263 327 1260 348 1254 379 1259 398 1262 399 1262 440 1258 493 1252 513 1256 520 1257 521 1257 522 1257 525 1256 535 1252 541 1255 549 1259 550 1259 551 1259 552 1259 563 1255 572 1251 597 1254 638 1259 639 1259 669 1252 680 1250 690 1252 725 1257 726 1257 802 1249 811 1248 812 1249 820 1255 821 1255 822 1255 823 1255 858 1247 859 1236 854 1197 841 1206 769 1206 755 1199 747 1196 746 1196 712 1196 711 1196 710 1196 709 1196 704 1200 697 1206 677 1207 618 1201 579 1197 578 1197 577 1197 576 1197 570 1202 564 1207 546 1202 537 1200 536 1200 535 1200 534 1200 533 1200 531 1202 526 1207 486 1210 461 1204 447 1200 446 1200 445 1200 444 1200 429 1204 406 1210 383 1205 361 1200 360 1200 300 1201 299 1201 298 1201 292 1206 285 1211 261 1207 253 1206 252 1206 251 1206 250 1206 249 1207 242 1214 174 1214 156 1209 137 1203 136 1203 135 1203 134 1203 133 1203 126 1206 128 1245"/>
                        </Shape>
                        <String CONTENT=""/>
                    </TextLine>

                    <TextLine ID="line_25" HPOS="88" VPOS="1248" WIDTH="770" HEIGHT="65" BASELINE="89 1292 858 1285" TAGREFS="TYPE_1">
                        <Shape>
                            <Polygon POINTS="89 1292 89 1306 307 1313 308 1313 309 1313 331 1307 332 1307 334 1307 390 1312 391 1312 416 1307 435 1303 443 1307 448 1310 449 1310 450 1310 481 1307 492 1306 500 1307 525 1311 525 1311 565 1307 579 1306 593 1307 624 1310 625 1310 626 1310 634 1307 649 1301 709 1307 712 1307 713 1307 714 1307 742 1301 762 1307 765 1308 766 1308 767 1308 767 1308 768 1308 769 1307 781 1300 832 1300 855 1307 858 1285 855 1255 814 1258 808 1254 804 1250 803 1250 802 1250 765 1248 764 1248 737 1254 722 1258 715 1254 705 1249 704 1249 645 1249 644 1249 643 1249 633 1254 621 1261 568 1261 558 1255 557 1255 556 1255 555 1255 544 1261 465 1261 451 1254 449 1253 448 1253 447 1253 446 1253 444 1254 433 1259 424 1254 423 1253 422 1253 421 1253 420 1253 412 1254 391 1257 364 1254 347 1252 346 1252 345 1252 338 1254 305 1263 274 1257 273 1257 272 1257 271 1257 261 1264 228 1264 215 1255 214 1255 213 1255 212 1255 211 1255 191 1265 154 1265 124 1254 123 1254 88 1254 89 1292"/>
                        </Shape>
                        <String CONTENT=""/>
                    </TextLine>

                    <TextLine ID="line_26" HPOS="84" VPOS="1297" WIDTH="777" HEIGHT="65" BASELINE="85 1339 278 1343 861 1334" TAGREFS="TYPE_1">
                        <Shape>
                            <Polygon POINTS="85 1339 85 1354 237 1362 238 1362 239 1362 271 1354 278 1353 292 1354 355 1360 356 1360 394 1354 401 1353 407 1354 429 1358 430 1358 431 1358 442 1354 447 1351 453 1354 463 1358 464 1358 465 1358 466 1358 467 1358 472 1355 500 1359 501 1359 552 1358 553 1358 554 1358 560 1354 565 1350 580 1354 591 1356 592 1356 593 1356 601 1354 612 1350 617 1354 622 1357 623 1357 624 1357 625 1357 626 1357 635 1354 644 1349 675 1348 700 1354 716 1356 717 1357 755 1357 755 1356 756 1356 763 1354 774 1348 785 1354 791 1356 792 1356 793 1356 861 1353 861 1334 860 1307 833 1297 832 1297 792 1297 791 1297 742 1308 738 1309 684 1309 683 1308 666 1299 665 1299 637 1299 636 1299 635 1299 634 1299 619 1309 617 1310 589 1310 571 1309 529 1306 528 1306 492 1310 478 1311 475 1310 456 1301 455 1301 454 1301 453 1301 452 1301 442 1310 423 1301 422 1301 421 1301 371 1311 363 1312 360 1311 337 1302 336 1302 335 1302 334 1302 312 1311 307 1314 237 1314 231 1312 210 1304 209 1304 208 1304 180 1309 169 1304 168 1304 167 1304 166 1304 165 1304 155 1313 154 1313 150 1313 98 1305 97 1305 96 1305 95 1305 84 1311 85 1339"/>
                        </Shape>
                        <String CONTENT=""/>
                    </TextLine>

                    <TextLine ID="line_27" HPOS="80" VPOS="1345" WIDTH="778" HEIGHT="67" BASELINE="80 1394 858 1384" TAGREFS="TYPE_1">
                        <Shape>
                            <Polygon POINTS="850 1380 845 1356 806 1356 804 1355 787 1345 786 1345 785 1345 784 1345 783 1345 761 1355 757 1356 716 1356 715 1355 702 1347 701 1347 700 1347 699 1347 698 1347 677 1355 669 1348 668 1348 667 1348 633 1347 632 1347 579 1355 543 1359 520 1355 495 1349 494 1349 466 1354 456 1356 437 1354 390 1350 389 1350 388 1350 387 1350 381 1354 367 1362 314 1362 293 1355 292 1355 291 1355 290 1355 289 1355 277 1363 210 1363 184 1356 183 1356 182 1356 181 1356 161 1363 136 1354 135 1354 80 1354 80 1394 80 1411 170 1406 191 1409 206 1412 207 1412 296 1411 297 1411 306 1407 314 1404 331 1407 351 1410 352 1410 375 1406 396 1403 417 1405 448 1409 449 1409 450 1409 462 1405 470 1402 495 1404 545 1408 546 1408 547 1408 566 1403 573 1401 611 1401 613 1402 621 1407 622 1407 623 1407 624 1407 687 1400 704 1399 717 1400 765 1405 766 1405 767 1405 779 1399 781 1398 789 1399 832 1404 833 1404 834 1404 858 1397 858 1384 855 1356 853 1356 850 1380"/>
                        </Shape>
                        <String CONTENT=""/>
                    </TextLine>

                    <TextLine ID="line_28" HPOS="76" VPOS="1399" WIDTH="781" HEIGHT="65" BASELINE="77 1443 857 1431" TAGREFS="TYPE_1">
                        <Shape>
                            <Polygon POINTS="76 1421 77 1443 77 1455 115 1463 116 1464 197 1464 197 1463 246 1455 258 1453 280 1454 349 1460 350 1460 351 1460 363 1454 366 1452 415 1454 454 1455 455 1455 456 1455 457 1455 459 1453 464 1450 470 1453 473 1455 474 1455 475 1455 476 1455 482 1453 498 1449 539 1449 546 1453 551 1457 552 1457 553 1457 554 1457 591 1456 592 1456 593 1456 597 1453 605 1448 618 1453 622 1454 623 1454 624 1454 625 1454 629 1453 644 1447 660 1452 668 1455 669 1455 670 1455 683 1452 710 1446 726 1452 730 1454 731 1454 732 1454 857 1451 857 1431 854 1403 704 1404 675 1399 674 1399 673 1399 672 1399 662 1405 661 1406 645 1406 633 1406 622 1399 621 1399 620 1399 619 1399 553 1407 548 1407 547 1407 533 1400 532 1400 496 1400 495 1400 461 1407 454 1402 453 1402 452 1402 451 1402 402 1407 376 1402 375 1402 374 1402 359 1410 358 1410 354 1410 317 1403 316 1403 282 1411 279 1411 275 1411 231 1405 230 1405 154 1413 135 1414 124 1413 81 1407 80 1407 76 1421"/>
                        </Shape>
                        <String CONTENT=""/>
                    </TextLine>

                    <TextLine ID="line_29" HPOS="78" VPOS="1443" WIDTH="781" HEIGHT="68" BASELINE="79 1492 859 1480" TAGREFS="TYPE_1">
                        <Shape>
                            <Polygon POINTS="848 1478 844 1455 825 1455 795 1443 794 1443 793 1443 792 1443 775 1448 747 1444 746 1444 745 1444 722 1455 720 1456 719 1455 695 1445 694 1445 693 1445 666 1447 665 1447 664 1447 654 1455 620 1449 619 1449 618 1449 595 1456 587 1458 577 1456 557 1452 556 1452 532 1456 518 1459 515 1457 504 1448 503 1448 502 1448 468 1448 467 1448 431 1457 425 1458 415 1457 358 1450 357 1450 356 1450 355 1450 344 1458 314 1459 306 1458 273 1451 272 1451 271 1451 254 1458 242 1463 229 1459 228 1459 227 1459 139 1465 110 1459 85 1454 84 1454 83 1454 82 1454 78 1467 79 1492 79 1506 178 1511 179 1511 207 1504 214 1503 220 1504 252 1510 253 1510 326 1509 327 1509 354 1502 358 1500 470 1499 476 1499 515 1505 516 1505 549 1498 551 1498 552 1498 570 1505 571 1505 572 1505 720 1503 721 1503 747 1495 747 1494 859 1492 859 1480 857 1455 850 1455 848 1478"/>
                        </Shape>
                        <String CONTENT=""/>
                    </TextLine>

                    <TextLine ID="line_30" HPOS="80" VPOS="1494" WIDTH="775" HEIGHT="79" BASELINE="80 1542 218 1542 378 1535 855 1531" TAGREFS="TYPE_1">
                        <Shape>
                            <Polygon POINTS="80 1542 80 1563 107 1573 108 1573 109 1573 110 1573 111 1573 125 1564 167 1569 168 1569 192 1564 195 1563 196 1564 207 1571 208 1571 209 1571 210 1571 211 1571 212 1571 220 1565 287 1570 288 1570 289 1570 290 1570 298 1564 301 1562 361 1562 365 1564 374 1570 375 1570 376 1570 377 1571 439 1571 439 1570 463 1564 467 1564 470 1564 492 1569 493 1569 494 1569 511 1565 518 1563 547 1565 588 1567 589 1567 590 1567 597 1565 614 1559 639 1565 645 1566 646 1566 646 1566 649 1565 669 1557 709 1557 756 1565 763 1566 764 1567 793 1567 793 1566 794 1566 795 1566 796 1565 803 1560 808 1565 809 1565 810 1565 811 1566 855 1566 855 1531 853 1504 814 1504 813 1503 797 1494 796 1494 774 1494 773 1494 772 1494 771 1494 761 1503 759 1505 700 1505 693 1503 678 1497 677 1497 676 1497 675 1497 658 1503 651 1506 612 1506 604 1503 593 1498 592 1498 537 1496 536 1496 498 1502 469 1507 454 1502 440 1497 439 1497 438 1497 402 1498 401 1498 393 1502 384 1506 371 1502 360 1498 359 1498 358 1498 357 1498 342 1502 318 1508 302 1501 298 1500 297 1500 296 1500 288 1501 262 1507 250 1501 247 1500 246 1500 245 1500 244 1500 241 1501 217 1510 170 1502 169 1502 168 1502 167 1502 157 1512 125 1512 80 1501 80 1542"/>
                        </Shape>
                        <String CONTENT=""/>
                    </TextLine>
</TextBlock>
            </PrintSpace>
        </Page>
    </Layout>
</alto>