<?xml version="1.0" encoding="UTF-8"?>
<alto xmlns:xsi="http://www.w3.org/2001/XMLSchema-instance"
    xmlns="http://www.loc.gov/standards/alto/ns-v4#"
    xsi:schemaLocation="http://www.loc.gov/standards/alto/ns-v4# http://www.loc.gov/standards/alto/v4/alto-4-3.xsd">
    <Description>
        <MeasurementUnit>pixel</MeasurementUnit>
        <sourceImageInformation>
            <fileName>2013411.jpeg</fileName>
        </sourceImageInformation>
        <Processing ID="OCR_0">
            <processingCategory>other</processingCategory>
            <processingStepDescription>unknown</processingStepDescription>
            <processingSoftware>
                <softwareName>kraken</softwareName>
                <softwareVersion>4.3.13</softwareVersion>
            </processingSoftware>
        </Processing>
    </Description>
    <Tags>
        <OtherTag ID="TYPE_1" LABEL="DefaultLine"/>
        <OtherTag ID="TYPE_2" LABEL="TableZone"/>
        <OtherTag ID="TYPE_3" LABEL="MainZone-Other"/>
        <OtherTag ID="TYPE_4" LABEL="GraphicZone-FigDesc"/>
        <OtherTag ID="TYPE_5" LABEL="GraphicZone-Decoration"/>
        <OtherTag ID="TYPE_6" LABEL="GraphicZone-TextualContent"/>
        <OtherTag ID="TYPE_7" LABEL="DropCapitalZone"/>
        <OtherTag ID="TYPE_8" LABEL="MainZone-Sp"/>
        <OtherTag ID="TYPE_9" LABEL="MainZone-P"/>
        <OtherTag ID="TYPE_10" LABEL="MarginTextZone-Notes"/>
        <OtherTag ID="TYPE_11" LABEL="MainZone-Signature"/>
        <OtherTag ID="TYPE_12" LABEL="TitlePageZone-Index"/>
        <OtherTag ID="TYPE_13" LABEL="TableZone-Head"/>
        <OtherTag ID="TYPE_14" LABEL="NumberingZone"/>
        <OtherTag ID="TYPE_15" LABEL="GraphicZone-Part"/>
        <OtherTag ID="TYPE_16" LABEL="GraphicZone-Head"/>
        <OtherTag ID="TYPE_17" LABEL="FigureZone-FigDesc"/>
        <OtherTag ID="TYPE_18" LABEL="MainZone-P-Continued"/>
        <OtherTag ID="TYPE_19" LABEL="MainZone-List"/>
        <OtherTag ID="TYPE_20" LABEL="TitlePageZone"/>
        <OtherTag ID="TYPE_21" LABEL="GraphicZone-Maths"/>
        <OtherTag ID="TYPE_22" LABEL="FigureZone"/>
        <OtherTag ID="TYPE_23" LABEL="MainZone-Date"/>
        <OtherTag ID="TYPE_24" LABEL="GraphicZone"/>
        <OtherTag ID="TYPE_25" LABEL="AdvertisementZone"/>
        <OtherTag ID="TYPE_26" LABEL="MainZone-Lg"/>
        <OtherTag ID="TYPE_27" LABEL="QuireMarksZone"/>
        <OtherTag ID="TYPE_28" LABEL="TableZone-Continued"/>
        <OtherTag ID="TYPE_29" LABEL="MainZone-Form"/>
        <OtherTag ID="TYPE_30" LABEL="MainZone-Entry"/>
        <OtherTag ID="TYPE_31" LABEL="MarginTextZone-ManuscriptAddendum"/>
        <OtherTag ID="TYPE_32" LABEL="DigitizationArtefactZone"/>
        <OtherTag ID="TYPE_33" LABEL="MarginTextZone-Notes-Continued"/>
        <OtherTag ID="TYPE_34" LABEL="MainZone-Lg-Continued"/>
        <OtherTag ID="TYPE_35" LABEL="StampZone"/>
        <OtherTag ID="TYPE_36" LABEL="MainZone-Entry-Continued"/>
        <OtherTag ID="TYPE_37" LABEL="MainZone-List-Continued"/>
        <OtherTag ID="TYPE_38" LABEL="MainZone-Head"/>
        <OtherTag ID="TYPE_39" LABEL="MainZone-Sp-Continued"/>
        <OtherTag ID="TYPE_40" LABEL="RunningTitleZone"/>
        <OtherTag ID="TYPE_41" LABEL="FigureZone-Head"/>
        <OtherTag ID="TYPE_42" LABEL="StampZone-Sticker"/>
    </Tags>
    <Layout>
        <Page WIDTH="1000" HEIGHT="1448" PHYSICAL_IMG_NR="0" ID="page_0">
            <PrintSpace HPOS="0" VPOS="0" WIDTH="1000" HEIGHT="1448">
                <TextBlock ID="block_2" HPOS="585" VPOS="74" WIDTH="59" HEIGHT="34" TAGREFS="TYPE_14">
                    <Shape>
                        <Polygon POINTS="585.885498046875 74.81719970703125 644.5348510742188 74.81719970703125 644.5348510742188 108.38129425048828 585.885498046875 108.38129425048828 585.885498046875 74.81719970703125"/>
                    </Shape>
                    <TextLine ID="line_0" HPOS="593" VPOS="69" WIDTH="40" HEIGHT="45" BASELINE="593 98 633 98" TAGREFS="TYPE_1">
                        <Shape>
                            <Polygon POINTS="593 98 593 114 633 106 633 98 633 69 593 71 593 98"/>
                        </Shape>
                        <String CONTENT=""/>
                    </TextLine>
</TextBlock>
                <TextBlock ID="block_5" HPOS="222" VPOS="68" WIDTH="201" HEIGHT="32" TAGREFS="TYPE_40">
                    <Shape>
                        <Polygon POINTS="222.32049560546875 68.28217315673828 423.68475341796875 68.28217315673828 423.68475341796875 100.87935638427734 222.32049560546875 100.87935638427734 222.32049560546875 68.28217315673828"/>
                    </Shape>
                    <TextLine ID="line_1" HPOS="222" VPOS="86" WIDTH="200" HEIGHT="14" BASELINE="222 90 422 92" TAGREFS="TYPE_1">
                        <Shape>
                            <Polygon POINTS="415 86 407 86 399 86 390 86 382 86 374 86 366 86 358 86 350 86 342 86 334 86 326 86 318 86 310 86 302 86 294 86 286 86 278 86 270 86 262 86 254 86 246 86 238 86 230 86 222 86 222 90 222 100 421 100 422 92 421 86 415 86"/>
                        </Shape>
                        <String CONTENT=""/>
                    </TextLine>
</TextBlock>
                <TextBlock ID="block_3" HPOS="62" VPOS="106" WIDTH="581" HEIGHT="163" TAGREFS="TYPE_18">
                    <Shape>
                        <Polygon POINTS="62.77802276611328 106.3849105834961 643.17333984375 106.3849105834961 643.17333984375 269.075927734375 62.77802276611328 269.075927734375 62.77802276611328 106.3849105834961"/>
                    </Shape>
                    <TextLine ID="line_2" HPOS="62" VPOS="101" WIDTH="582" HEIGHT="39" BASELINE="62 131 644 131" TAGREFS="TYPE_1">
                        <Shape>
                            <Polygon POINTS="62 140 643 139 644 131 642 103 588 107 545 103 523 101 522 101 522 101 515 103 503 107 496 103 493 101 492 101 491 101 490 101 489 101 489 101 485 103 478 108 432 108 419 103 413 101 412 101 411 101 411 101 410 101 407 103 399 108 376 108 353 103 341 101 341 101 340 101 339 101 336 103 329 107 296 103 276 101 275 101 275 101 270 103 262 108 216 108 209 103 208 102 207 102 206 102 205 102 205 102 201 103 185 107 152 103 131 101 130 101 119 103 108 106 98 103 89 101 88 101 87 101 86 101 79 103 69 106 63 103 62 131 62 140"/>
                        </Shape>
                        <String CONTENT=""/>
                    </TextLine>

                    <TextLine ID="line_3" HPOS="65" VPOS="134" WIDTH="577" HEIGHT="41" BASELINE="65 160 642 163" TAGREFS="TYPE_1">
                        <Shape>
                            <Polygon POINTS="65 160 65 168 90 173 91 173 182 169 258 174 259 174 449 170 474 175 475 175 476 175 489 171 526 175 526 175 592 171 607 175 608 175 609 175 641 170 642 163 641 144 617 144 617 143 601 135 600 135 600 135 566 143 565 143 555 135 555 135 554 135 553 135 516 139 511 135 510 135 510 135 449 135 397 135 396 135 395 135 378 140 371 136 370 136 370 136 369 136 345 139 340 135 339 135 338 135 337 135 337 135 312 143 310 143 308 143 279 135 279 135 278 135 277 135 267 143 265 143 228 143 228 142 217 134 216 134 215 134 214 134 213 134 198 142 197 143 181 143 181 142 168 135 168 135 167 135 166 135 152 142 152 142 65 142 65 160"/>
                        </Shape>
                        <String CONTENT=""/>
                    </TextLine>

                    <TextLine ID="line_4" HPOS="61" VPOS="167" WIDTH="579" HEIGHT="40" BASELINE="62 196 640 194" TAGREFS="TYPE_1">
                        <Shape>
                            <Polygon POINTS="62 196 62 202 78 207 79 207 80 207 81 207 82 207 88 203 258 203 265 207 266 207 267 207 267 207 314 203 349 207 350 207 419 202 619 205 620 205 640 201 640 194 638 168 613 167 612 167 611 167 610 167 609 168 600 174 587 168 582 167 581 167 580 167 580 167 579 167 576 168 570 175 524 175 506 170 495 167 494 167 493 167 493 167 485 170 474 174 467 170 460 167 460 167 459 167 458 167 448 170 441 173 436 171 431 167 430 167 429 167 411 167 411 167 410 167 409 167 403 171 397 175 338 175 332 172 324 168 323 168 300 168 299 168 298 168 297 168 292 172 288 176 230 176 226 173 217 168 216 168 215 168 143 168 142 168 111 174 98 168 98 168 97 168 96 168 95 168 87 175 86 176 61 176 62 196"/>
                        </Shape>
                        <String CONTENT=""/>
                    </TextLine>

                    <TextLine ID="line_5" HPOS="62" VPOS="209" WIDTH="576" HEIGHT="33" BASELINE="63 227 638 226" TAGREFS="TYPE_1">
                        <Shape>
                            <Polygon POINTS="513 219 505 219 497 219 489 219 481 219 473 219 465 219 456 219 448 219 440 219 432 219 424 219 416 219 408 219 400 219 392 219 384 219 376 219 368 219 360 219 352 219 344 219 336 219 328 219 320 219 312 219 304 219 296 219 288 219 279 219 271 219 263 219 255 219 247 219 239 219 231 219 223 219 215 219 207 219 199 219 191 219 183 219 175 219 167 219 159 219 151 219 143 219 135 219 127 219 119 219 111 219 102 219 94 219 86 219 78 219 70 219 62 219 63 227 63 236 135 242 135 242 136 242 146 236 148 236 199 236 200 236 207 242 208 242 209 242 209 242 236 242 236 242 237 242 238 242 246 236 256 242 257 242 258 242 289 242 289 242 290 242 291 242 297 237 376 241 377 241 378 241 394 235 395 235 402 235 459 240 460 240 513 235 515 235 522 240 523 240 524 240 525 240 526 240 536 236 559 241 559 241 560 241 572 236 611 241 612 241 637 234 638 226 637 216 612 209 611 209 522 209 521 209 520 209 519 209 519 209 514 213 513 219"/>
                        </Shape>
                        <String CONTENT=""/>
                    </TextLine>

                    <TextLine ID="line_6" HPOS="62" VPOS="234" WIDTH="236" HEIGHT="41" BASELINE="63 262 298 259" TAGREFS="TYPE_1">
                        <Shape>
                            <Polygon POINTS="63 262 63 275 82 275 82 275 82 275 83 275 94 268 122 273 127 274 128 274 134 273 158 267 170 271 176 274 177 274 178 274 179 274 189 271 200 268 298 268 298 259 296 241 241 241 241 240 224 234 223 234 211 234 210 234 209 234 209 234 209 235 203 240 201 241 197 240 182 238 181 238 170 240 163 242 159 240 148 235 148 235 147 235 123 240 114 242 108 240 97 236 96 236 95 236 62 239 63 262"/>
                        </Shape>
                        <String CONTENT=""/>
                    </TextLine>
</TextBlock>
                <TextBlock ID="block_1" HPOS="64" VPOS="272" WIDTH="578" HEIGHT="445" TAGREFS="TYPE_9">
                    <Shape>
                        <Polygon POINTS="64.26702117919922 272.14923095703125 642.2378540039062 272.14923095703125 642.2378540039062 717.0992431640625 64.26702117919922 717.0992431640625 64.26702117919922 272.14923095703125"/>
                    </Shape>
                    <TextLine ID="line_7" HPOS="84" VPOS="261" WIDTH="554" HEIGHT="44" BASELINE="85 295 181 292 638 290" TAGREFS="TYPE_1">
                        <Shape>
                            <Polygon POINTS="85 295 85 301 144 305 144 305 145 305 154 301 159 299 254 299 263 301 276 304 277 304 304 300 322 299 326 300 334 304 335 304 336 305 370 305 370 304 370 304 381 300 383 300 394 300 425 303 426 303 427 303 434 300 440 298 442 300 445 303 446 303 447 303 448 303 448 303 456 300 462 298 499 300 572 304 573 304 574 304 588 300 595 297 600 300 607 302 608 302 609 302 637 299 638 290 637 271 582 262 581 262 580 262 564 271 539 261 539 261 480 261 479 261 478 261 477 261 465 272 452 272 436 261 436 261 435 261 419 261 419 261 387 262 386 262 367 272 366 273 325 273 324 272 307 262 306 262 305 262 292 262 292 262 291 262 269 273 241 273 182 273 181 273 167 264 166 264 165 264 164 264 164 264 133 273 115 263 114 263 113 263 112 263 84 273 85 295"/>
                        </Shape>
                        <String CONTENT=""/>
                    </TextLine>

                    <TextLine ID="line_8" HPOS="63" VPOS="299" WIDTH="576" HEIGHT="39" BASELINE="64 324 639 322" TAGREFS="TYPE_1">
                        <Shape>
                            <Polygon POINTS="64 324 64 338 98 333 131 337 132 337 133 337 152 333 190 337 195 337 196 337 203 337 256 332 332 336 342 336 343 336 344 336 345 336 358 332 378 335 390 337 390 337 413 335 452 331 463 334 469 336 470 336 471 336 485 334 503 331 516 333 527 336 528 336 638 332 639 322 637 305 604 299 575 299 574 299 573 299 572 299 565 304 565 305 476 305 475 304 467 299 466 299 465 299 465 299 464 299 449 304 445 306 331 306 329 304 324 300 323 300 322 300 321 300 283 304 254 306 232 306 229 303 226 300 226 300 225 300 224 300 212 303 199 306 186 303 176 300 176 300 175 300 148 303 111 306 63 303 64 324"/>
                        </Shape>
                        <String CONTENT=""/>
                    </TextLine>

                    <TextLine ID="line_9" HPOS="65" VPOS="330" WIDTH="573" HEIGHT="40" BASELINE="65 357 638 355" TAGREFS="TYPE_1">
                        <Shape>
                            <Polygon POINTS="65 357 65 365 148 370 148 370 193 365 195 365 197 365 241 369 242 369 263 364 266 364 268 364 283 369 283 369 284 369 285 369 286 369 293 364 295 364 318 364 319 364 325 369 326 369 327 369 328 370 387 370 387 369 388 369 389 369 395 365 440 368 440 368 441 368 456 364 469 368 470 368 471 368 472 368 473 368 478 363 479 363 522 363 525 363 558 368 559 368 597 364 608 368 609 368 609 368 637 362 638 355 637 338 533 338 506 330 506 330 447 330 446 330 406 332 405 332 404 332 395 338 395 339 364 339 363 338 355 331 354 331 353 331 353 331 352 331 329 337 307 331 306 331 305 331 304 331 304 331 293 338 283 331 282 331 281 331 256 331 255 331 255 331 230 338 229 339 134 339 130 338 101 332 100 332 99 332 86 338 85 339 65 339 65 357"/>
                        </Shape>
                        <String CONTENT=""/>
                    </TextLine>

                    <TextLine ID="line_10" HPOS="63" VPOS="363" WIDTH="577" HEIGHT="36" BASELINE="63 389 640 389" TAGREFS="TYPE_1">
                        <Shape>
                            <Polygon POINTS="63 389 63 399 640 399 640 389 640 370 606 370 606 370 587 363 586 363 585 363 549 368 534 365 534 365 533 365 532 365 531 365 523 370 522 370 489 363 488 363 452 365 452 365 451 365 444 370 443 370 412 370 411 370 405 364 405 363 404 363 403 363 403 363 402 363 386 370 384 370 318 370 318 369 310 363 309 363 308 363 308 363 278 369 273 370 230 370 226 369 205 363 205 363 185 363 184 363 183 363 182 363 173 369 171 370 96 370 94 369 87 363 86 363 86 363 85 363 63 368 63 389"/>
                        </Shape>
                        <String CONTENT=""/>
                    </TextLine>

                    <TextLine ID="line_11" HPOS="62" VPOS="394" WIDTH="579" HEIGHT="42" BASELINE="63 422 641 419" TAGREFS="TYPE_1">
                        <Shape>
                            <Polygon POINTS="63 422 63 430 84 430 86 431 91 435 92 435 93 435 94 435 115 431 119 430 120 431 127 436 128 436 129 436 130 436 207 436 207 436 208 436 226 431 227 431 229 431 243 436 244 436 245 436 264 431 306 435 307 435 308 435 308 435 313 431 316 429 356 429 362 431 372 435 373 435 374 435 415 431 426 431 439 431 476 434 477 434 477 434 483 431 489 428 640 431 641 419 640 403 596 403 596 402 587 394 586 394 585 394 547 394 546 394 545 394 524 400 497 394 497 394 496 394 495 394 488 401 487 402 447 403 398 403 393 400 385 395 384 395 383 395 355 399 332 403 300 399 271 395 270 395 269 395 268 395 263 399 259 402 229 404 168 404 144 397 138 396 137 396 136 396 125 397 93 401 86 397 86 396 85 396 84 396 83 396 62 396 63 422"/>
                        </Shape>
                        <String CONTENT=""/>
                    </TextLine>

                    <TextLine ID="line_12" HPOS="63" VPOS="427" WIDTH="577" HEIGHT="41" BASELINE="64 455 640 452" TAGREFS="TYPE_1">
                        <Shape>
                            <Polygon POINTS="64 455 64 468 92 463 148 463 158 467 160 468 160 468 161 468 221 468 221 468 222 468 222 468 223 467 227 464 239 467 242 467 243 467 244 467 246 467 263 462 296 466 304 467 305 467 306 467 307 467 308 466 315 462 342 466 353 467 353 467 369 465 400 462 423 465 439 467 440 467 453 464 473 461 480 464 483 466 484 466 485 467 528 467 528 466 529 466 533 464 539 461 553 464 565 466 566 467 588 467 588 466 589 466 590 466 592 464 596 461 605 464 617 466 618 466 639 463 640 452 637 427 610 433 532 433 521 427 520 427 519 427 518 427 518 427 517 427 517 427 510 432 423 427 421 427 420 427 419 427 409 432 388 427 386 427 386 427 385 427 384 427 377 433 344 427 341 427 340 427 333 427 284 431 264 428 260 427 259 427 259 427 258 427 258 428 251 433 245 429 245 428 244 428 243 428 242 428 242 428 241 428 233 433 209 428 209 428 208 428 207 428 197 434 175 430 174 430 133 433 117 428 115 428 115 428 114 428 111 428 86 434 63 429 64 455"/>
                        </Shape>
                        <String CONTENT=""/>
                    </TextLine>

                    <TextLine ID="line_13" HPOS="62" VPOS="459" WIDTH="578" HEIGHT="40" BASELINE="63 486 640 484" TAGREFS="TYPE_1">
                        <Shape>
                            <Polygon POINTS="63 486 63 494 194 499 195 499 222 494 242 499 242 499 243 499 244 499 266 493 267 493 269 493 295 498 296 498 296 498 313 493 343 498 344 498 395 493 402 498 403 498 403 498 404 499 440 499 440 498 535 493 620 497 621 497 621 497 640 491 640 484 638 465 608 465 608 464 600 459 599 459 598 459 597 459 596 459 584 464 583 465 496 465 494 464 484 459 483 459 482 459 455 464 445 466 364 466 360 464 352 460 351 460 350 460 329 463 316 465 310 463 303 460 302 460 255 460 255 460 254 460 253 460 248 463 243 466 238 463 234 460 234 460 233 460 232 460 212 463 180 466 158 462 148 460 147 460 62 461 63 486"/>
                        </Shape>
                        <String CONTENT=""/>
                    </TextLine>

                    <TextLine ID="line_14" HPOS="63" VPOS="489" WIDTH="576" HEIGHT="47" BASELINE="64 522 639 518" TAGREFS="TYPE_1">
                        <Shape>
                            <Polygon POINTS="64 522 64 536 93 536 93 535 94 535 94 535 102 530 154 534 167 535 168 535 168 535 172 534 188 530 251 534 276 534 277 534 300 533 343 529 372 532 391 534 392 534 429 533 430 533 434 531 440 528 446 531 452 533 452 533 453 533 486 530 527 527 569 527 572 530 576 532 576 532 577 532 578 532 639 528 639 518 637 497 600 497 600 497 588 489 588 489 587 489 552 489 551 489 551 489 550 489 541 497 538 497 514 498 456 498 453 496 448 493 448 493 447 493 446 493 445 493 433 496 427 497 420 496 403 491 402 491 401 491 374 496 357 498 345 495 329 491 328 491 327 491 303 495 290 497 285 495 279 492 278 492 277 492 248 495 237 496 224 495 197 492 196 492 195 492 189 494 175 500 162 495 161 495 160 495 131 500 119 494 115 493 115 493 114 493 63 493 64 522"/>
                        </Shape>
                        <String CONTENT=""/>
                    </TextLine>

                    <TextLine ID="line_15" HPOS="64" VPOS="523" WIDTH="573" HEIGHT="43" BASELINE="65 552 637 549" TAGREFS="TYPE_1">
                        <Shape>
                            <Polygon POINTS="65 552 65 566 82 560 114 565 115 566 176 566 181 566 181 565 182 565 183 565 191 560 277 564 278 564 279 564 293 559 339 564 340 564 341 564 341 564 364 559 383 563 384 563 385 564 461 564 461 563 496 558 585 562 586 562 616 558 635 563 637 549 636 530 559 530 552 525 551 525 551 525 550 525 549 525 531 529 507 523 506 523 506 523 505 523 495 530 475 530 471 530 448 530 384 530 376 524 375 524 374 524 351 524 350 524 349 524 336 529 322 525 321 525 320 525 320 525 309 530 308 530 261 525 260 525 220 529 212 525 211 525 210 525 209 525 195 531 194 531 193 531 178 526 177 526 176 526 176 526 163 530 129 526 128 526 127 526 127 526 119 530 96 527 95 527 64 531 65 552"/>
                        </Shape>
                        <String CONTENT=""/>
                    </TextLine>

                    <TextLine ID="line_16" HPOS="61" VPOS="563" WIDTH="577" HEIGHT="34" BASELINE="62 584 638 581" TAGREFS="TYPE_1">
                        <Shape>
                            <Polygon POINTS="512 580 504 580 496 580 488 580 480 580 472 580 464 580 456 580 448 580 440 580 432 580 423 580 415 580 407 580 399 580 391 580 383 580 375 580 367 580 359 580 351 580 343 580 335 580 327 580 319 580 311 580 303 580 295 580 287 580 279 580 271 580 263 580 255 580 246 580 238 580 230 580 222 580 214 580 206 580 198 580 190 580 182 580 174 580 166 580 158 580 150 580 142 580 134 580 126 580 118 580 110 580 102 580 94 580 86 580 78 580 69 580 61 580 62 584 62 592 202 597 203 597 230 592 239 596 240 596 241 597 284 597 284 596 285 596 286 596 291 592 469 596 470 596 496 591 509 595 510 595 510 595 578 591 621 595 621 595 622 595 638 589 638 581 637 563 524 563 523 563 522 563 522 563 520 565 514 569 512 580"/>
                        </Shape>
                        <String CONTENT=""/>
                    </TextLine>

                    <TextLine ID="line_17" HPOS="64" VPOS="588" WIDTH="570" HEIGHT="41" BASELINE="65 614 634 613" TAGREFS="TYPE_1">
                        <Shape>
                            <Polygon POINTS="65 614 65 624 209 629 210 629 246 624 250 624 251 624 264 629 265 629 266 629 287 624 288 624 295 629 296 629 296 629 297 629 330 629 330 629 331 629 349 624 349 624 355 629 356 629 357 629 358 629 384 629 384 629 407 624 408 624 416 629 417 629 418 629 419 629 448 629 448 629 448 629 459 624 557 624 558 624 604 629 604 629 633 623 634 613 633 594 616 588 615 588 614 588 565 592 538 588 537 588 536 588 535 588 530 593 530 594 476 594 474 593 462 588 461 588 460 588 460 588 446 593 444 593 441 593 415 588 415 588 414 588 413 588 406 592 404 594 351 594 348 592 336 588 335 588 287 588 286 588 285 588 277 592 275 593 268 592 247 588 246 588 246 588 234 592 228 594 180 594 176 592 169 588 168 588 168 588 167 588 156 592 150 593 135 592 110 588 109 588 108 588 98 592 91 593 64 592 65 614"/>
                        </Shape>
                        <String CONTENT=""/>
                    </TextLine>

                    <TextLine ID="line_18" HPOS="63" VPOS="620" WIDTH="574" HEIGHT="42" BASELINE="64 648 637 645" TAGREFS="TYPE_1">
                        <Shape>
                            <Polygon POINTS="64 648 64 662 97 658 635 659 637 645 635 625 476 625 458 620 457 620 456 620 456 620 442 625 441 625 410 621 409 621 363 625 335 621 334 621 333 621 321 625 269 621 268 621 222 621 221 621 220 621 214 626 213 626 210 626 143 621 142 621 141 621 140 621 135 626 135 627 101 627 101 626 89 621 88 621 87 621 63 626 64 648"/>
                        </Shape>
                        <String CONTENT=""/>
                    </TextLine>

                    <TextLine ID="line_19" HPOS="63" VPOS="653" WIDTH="572" HEIGHT="46" BASELINE="64 680 635 679" TAGREFS="TYPE_1">
                        <Shape>
                            <Polygon POINTS="64 680 64 691 103 695 104 695 105 695 106 695 111 691 112 691 236 691 241 691 268 697 269 697 270 697 290 691 293 691 345 691 348 691 373 698 374 698 374 699 461 699 461 698 492 692 502 698 503 698 504 699 574 699 574 698 575 698 590 691 634 691 635 679 633 657 469 653 468 653 467 653 466 653 459 658 456 658 432 658 363 654 362 654 362 654 352 658 349 659 281 659 280 658 275 654 274 654 273 654 272 654 246 658 237 653 236 653 235 653 234 653 195 657 186 653 185 653 185 653 184 653 165 658 157 653 156 653 156 653 129 653 128 653 127 653 111 659 63 659 64 680"/>
                        </Shape>
                        <String CONTENT=""/>
                    </TextLine>

                    <TextLine ID="line_20" HPOS="63" VPOS="684" WIDTH="121" HEIGHT="40" BASELINE="64 713 184 711" TAGREFS="TYPE_1">
                        <Shape>
                            <Polygon POINTS="64 713 64 724 184 719 184 711 182 692 168 692 168 691 159 684 158 684 157 684 156 684 156 684 143 691 137 686 136 686 135 686 135 686 103 690 86 684 85 684 84 684 83 684 63 689 64 713"/>
                        </Shape>
                        <String CONTENT=""/>
                    </TextLine>
</TextBlock>
                <TextBlock ID="block_0" HPOS="64" VPOS="720" WIDTH="576" HEIGHT="458" TAGREFS="TYPE_9">
                    <Shape>
                        <Polygon POINTS="64.94432067871094 720.1935424804688 640.7284545898438 720.1935424804688 640.7284545898438 1178.79296875 64.94432067871094 1178.79296875 64.94432067871094 720.1935424804688"/>
                    </Shape>
                    <TextLine ID="line_21" HPOS="95" VPOS="712" WIDTH="540" HEIGHT="46" BASELINE="96 744 635 743" TAGREFS="TYPE_1">
                        <Shape>
                            <Polygon POINTS="96 744 96 753 117 758 118 758 172 753 176 753 181 753 219 757 220 757 221 757 222 757 228 753 230 753 263 758 263 758 264 758 282 753 283 753 288 753 436 757 437 757 490 752 493 752 494 752 499 757 500 757 501 757 502 757 562 753 573 757 574 757 575 757 576 757 576 757 576 756 581 752 634 752 635 743 634 721 615 712 614 712 555 712 554 712 553 712 552 712 544 718 535 712 534 712 534 712 507 712 506 712 506 712 505 712 495 721 470 721 449 712 448 712 448 712 447 712 446 712 436 721 401 721 391 712 390 712 390 712 378 712 378 712 377 712 353 721 322 713 321 713 320 713 320 713 308 717 273 713 272 713 271 713 255 722 204 722 178 713 177 713 176 713 176 713 175 713 166 720 148 714 148 714 147 714 146 714 131 721 95 722 96 744"/>
                        </Shape>
                        <String CONTENT=""/>
                    </TextLine>

                    <TextLine ID="line_22" HPOS="64" VPOS="749" WIDTH="571" HEIGHT="42" BASELINE="65 777 635 775" TAGREFS="TYPE_1">
                        <Shape>
                            <Polygon POINTS="65 777 65 791 126 786 222 789 254 790 255 790 255 790 259 789 266 785 299 789 312 789 313 789 352 788 403 785 411 787 421 789 422 789 423 789 440 787 448 785 477 786 552 789 553 789 576 785 580 785 585 789 586 789 587 789 588 789 588 789 596 785 597 785 607 789 608 789 609 789 634 784 635 775 633 749 604 753 582 750 577 749 576 749 572 750 545 756 518 756 510 751 507 749 506 749 506 749 505 749 495 751 477 755 463 752 450 749 449 749 407 750 406 750 405 750 405 751 403 752 398 756 377 753 365 752 364 752 363 752 358 753 348 756 340 754 330 751 329 751 329 751 328 751 327 751 323 754 320 757 304 757 292 755 267 750 267 750 266 750 255 755 250 757 235 756 197 751 197 751 160 756 156 757 153 757 134 751 133 751 132 751 131 751 116 757 116 758 64 758 65 777"/>
                        </Shape>
                        <String CONTENT=""/>
                    </TextLine>

                    <TextLine ID="line_23" HPOS="62" VPOS="784" WIDTH="573" HEIGHT="38" BASELINE="63 810 635 808" TAGREFS="TYPE_1">
                        <Shape>
                            <Polygon POINTS="63 810 63 822 634 817 635 808 633 790 576 784 575 784 574 784 562 790 561 791 534 791 533 790 521 784 520 784 502 784 502 784 501 784 488 790 488 791 462 791 449 791 443 786 442 786 441 786 440 786 415 791 413 791 411 791 395 785 395 785 394 785 393 785 392 785 384 791 383 792 358 792 358 791 350 785 350 785 349 785 349 785 316 785 316 785 315 785 314 785 304 791 270 787 269 787 268 787 267 787 260 792 246 792 197 792 197 792 189 785 189 785 188 785 187 785 164 789 147 785 146 785 145 785 144 785 134 791 127 785 126 785 125 785 104 785 103 785 102 785 90 792 75 788 74 788 74 788 73 788 62 791 63 810"/>
                        </Shape>
                        <String CONTENT=""/>
                    </TextLine>

                    <TextLine ID="line_24" HPOS="61" VPOS="816" WIDTH="573" HEIGHT="37" BASELINE="62 843 634 840" TAGREFS="TYPE_1">
                        <Shape>
                            <Polygon POINTS="62 843 62 853 633 849 634 840 632 822 600 822 599 821 589 816 588 816 443 816 442 816 441 816 427 821 421 823 371 823 367 821 361 818 360 818 359 818 358 818 358 818 354 821 352 823 325 823 323 820 319 818 319 817 318 817 317 817 316 817 282 820 251 823 226 820 205 818 205 818 204 818 198 820 190 824 156 824 150 820 147 818 146 818 145 818 144 818 144 818 143 818 139 820 133 823 61 820 62 843"/>
                        </Shape>
                        <String CONTENT=""/>
                    </TextLine>

                    <TextLine ID="line_25" HPOS="62" VPOS="846" WIDTH="573" HEIGHT="43" BASELINE="63 876 635 872" TAGREFS="TYPE_1">
                        <Shape>
                            <Polygon POINTS="63 876 63 889 86 884 135 888 141 888 142 888 143 888 144 888 158 884 164 888 164 888 165 888 166 888 171 888 255 883 312 885 348 887 349 887 371 884 392 882 413 884 443 886 444 886 618 884 619 884 635 880 635 872 633 853 606 852 598 846 597 846 596 846 596 846 543 851 522 847 522 847 521 847 499 852 496 853 492 852 461 847 460 847 460 847 446 852 442 854 432 852 410 849 409 849 408 849 395 852 389 854 386 852 382 848 381 848 380 848 379 848 360 852 348 855 342 852 333 848 332 848 281 848 280 848 279 848 279 848 275 852 271 855 249 855 231 852 215 849 214 849 213 849 202 852 191 855 176 852 158 849 157 849 138 852 120 855 115 852 111 850 110 850 109 850 62 851 63 876"/>
                        </Shape>
                        <String CONTENT=""/>
                    </TextLine>

                    <TextLine ID="line_26" HPOS="62" VPOS="880" WIDTH="574" HEIGHT="40" BASELINE="63 908 636 906" TAGREFS="TYPE_1">
                        <Shape>
                            <Polygon POINTS="63 908 63 916 125 920 126 920 152 916 162 914 177 916 218 920 219 920 251 915 258 914 263 915 280 920 281 920 282 920 283 920 283 920 291 915 364 914 420 914 423 914 453 919 454 919 455 919 465 914 465 913 481 914 594 919 595 919 635 913 636 906 635 888 617 882 617 882 616 882 615 882 614 882 606 888 604 888 559 888 558 888 534 880 534 880 495 880 494 880 493 880 475 888 436 880 436 880 435 880 434 880 425 888 425 888 405 888 366 888 353 880 353 880 352 880 351 880 350 880 331 888 330 888 329 888 306 881 305 881 304 881 304 881 303 881 293 888 292 889 265 889 264 888 256 881 255 881 255 881 193 881 192 881 191 881 190 881 182 888 123 888 114 881 113 881 112 881 86 881 85 881 84 881 62 888 63 908"/>
                        </Shape>
                        <String CONTENT=""/>
                    </TextLine>

                    <TextLine ID="line_27" HPOS="64" VPOS="913" WIDTH="572" HEIGHT="38" BASELINE="65 939 636 937" TAGREFS="TYPE_1">
                        <Shape>
                            <Polygon POINTS="65 939 65 946 98 951 98 951 137 947 145 946 154 947 185 950 185 950 219 947 230 946 236 947 259 951 260 951 296 947 300 947 302 947 315 951 316 951 316 951 317 951 318 951 323 947 325 947 333 947 377 950 378 950 390 948 398 946 410 948 432 950 432 950 451 948 463 946 485 948 518 950 518 950 635 948 636 937 634 919 539 919 522 913 522 913 521 913 520 913 519 913 512 918 492 913 491 913 490 913 465 918 435 913 434 913 406 917 400 913 399 913 399 913 350 913 349 913 349 913 336 917 296 914 296 914 295 914 294 914 288 920 273 920 266 913 265 913 264 913 263 913 263 913 240 919 189 913 189 913 148 919 141 913 140 913 139 913 139 913 112 918 99 913 98 913 98 913 97 913 96 913 96 914 90 920 64 920 65 939"/>
                        </Shape>
                        <String CONTENT=""/>
                    </TextLine>

                    <TextLine ID="line_28" HPOS="62" VPOS="943" WIDTH="574" HEIGHT="43" BASELINE="63 972 636 969" TAGREFS="TYPE_1">
                        <Shape>
                            <Polygon POINTS="63 972 63 980 113 980 139 986 140 986 141 986 160 979 206 979 328 979 332 979 358 984 358 984 399 979 405 979 407 979 419 984 420 984 421 985 474 985 474 984 475 984 484 979 488 983 489 983 489 983 490 983 636 979 636 969 633 944 429 950 403 944 398 943 397 943 396 943 395 943 395 944 386 950 336 946 335 946 307 951 287 945 284 944 283 944 283 944 282 944 279 945 267 948 223 945 209 944 209 944 208 944 207 944 206 945 195 952 181 945 180 945 179 945 178 945 174 945 126 950 118 945 117 945 116 945 115 945 62 945 63 972"/>
                        </Shape>
                        <String CONTENT=""/>
                    </TextLine>

                    <TextLine ID="line_29" HPOS="64" VPOS="975" WIDTH="571" HEIGHT="42" BASELINE="65 1003 635 1000" TAGREFS="TYPE_1">
                        <Shape>
                            <Polygon POINTS="65 1003 65 1012 156 1016 157 1016 177 1012 189 1017 190 1017 191 1017 192 1017 206 1011 207 1011 212 1016 213 1016 213 1016 214 1016 242 1011 246 1011 249 1011 292 1017 292 1017 293 1017 294 1017 294 1016 300 1011 324 1011 325 1011 349 1017 349 1017 350 1017 370 1011 388 1016 389 1016 390 1017 452 1017 452 1016 452 1016 472 1011 479 1016 480 1016 481 1016 481 1016 482 1016 496 1011 534 1016 535 1016 536 1016 551 1010 551 1010 553 1010 572 1014 573 1014 634 1009 635 1000 634 983 618 976 617 976 617 976 616 976 599 982 584 976 584 976 583 976 559 982 558 982 557 982 530 975 530 975 529 975 509 982 506 982 505 982 486 976 485 976 485 976 484 976 483 976 476 981 473 983 444 983 440 981 432 976 431 976 430 976 410 981 400 983 349 983 344 980 339 977 338 977 337 977 308 977 308 977 307 977 306 977 303 980 297 983 246 979 240 979 239 979 238 979 238 979 230 983 225 979 222 977 221 977 220 977 219 977 218 977 213 979 206 983 199 979 197 978 197 978 196 978 165 978 164 978 164 978 163 978 162 979 154 984 64 979 65 1003"/>
                        </Shape>
                        <String CONTENT=""/>
                    </TextLine>

                    <TextLine ID="line_30" HPOS="65" VPOS="1009" WIDTH="572" HEIGHT="35" BASELINE="66 1037 637 1034" TAGREFS="TYPE_1">
                        <Shape>
                            <Polygon POINTS="66 1037 66 1044 636 1042 637 1034 635 1016 588 1009 588 1009 587 1009 568 1016 567 1016 527 1016 527 1016 517 1009 516 1009 515 1009 493 1009 493 1009 456 1010 456 1010 440 1016 440 1017 413 1017 399 1017 390 1010 390 1010 389 1010 376 1010 375 1010 374 1010 374 1010 365 1017 282 1017 277 1013 276 1013 275 1013 275 1013 251 1016 223 1011 222 1011 222 1011 207 1018 189 1018 175 1011 174 1011 173 1011 172 1011 172 1011 172 1012 164 1019 129 1019 105 1011 104 1011 103 1011 65 1019 66 1037"/>
                        </Shape>
                        <String CONTENT=""/>
                    </TextLine>

                    <TextLine ID="line_31" HPOS="65" VPOS="1040" WIDTH="572" HEIGHT="42" BASELINE="65 1069 637 1066" TAGREFS="TYPE_1">
                        <Shape>
                            <Polygon POINTS="65 1069 65 1082 151 1081 152 1081 152 1081 162 1077 195 1081 204 1081 205 1081 210 1081 230 1076 278 1076 282 1079 283 1081 284 1081 285 1081 286 1081 300 1079 323 1076 337 1078 350 1081 351 1081 352 1081 353 1081 356 1078 360 1075 386 1075 413 1077 443 1080 444 1080 444 1080 453 1077 459 1074 563 1074 566 1075 572 1078 573 1078 574 1078 575 1078 582 1075 583 1074 584 1074 589 1078 590 1078 591 1078 592 1078 637 1073 637 1066 636 1042 592 1040 592 1040 582 1042 567 1046 552 1043 538 1040 537 1040 536 1040 530 1043 523 1047 476 1047 469 1044 461 1040 460 1040 390 1040 390 1040 389 1040 388 1040 382 1045 379 1048 336 1048 330 1046 316 1041 315 1041 314 1041 313 1041 304 1046 303 1047 302 1046 296 1044 295 1044 294 1044 279 1047 275 1048 272 1047 259 1041 258 1041 234 1041 233 1041 199 1048 194 1048 190 1048 164 1042 164 1042 163 1042 143 1048 135 1042 135 1042 134 1042 109 1042 108 1042 107 1042 106 1042 98 1049 65 1049 65 1069"/>
                        </Shape>
                        <String CONTENT=""/>
                    </TextLine>

                    <TextLine ID="line_32" HPOS="65" VPOS="1073" WIDTH="572" HEIGHT="38" BASELINE="65 1102 637 1098" TAGREFS="TYPE_1">
                        <Shape>
                            <Polygon POINTS="65 1102 65 1110 411 1111 412 1111 413 1111 421 1107 422 1107 424 1107 442 1111 443 1111 530 1106 542 1106 549 1106 600 1110 601 1110 636 1106 637 1098 635 1081 577 1076 576 1076 576 1076 559 1080 551 1073 551 1073 550 1073 536 1073 535 1073 534 1073 534 1073 534 1074 526 1080 498 1077 497 1077 497 1077 496 1077 489 1081 459 1081 450 1074 449 1074 448 1074 448 1074 418 1081 355 1074 354 1074 353 1074 353 1074 341 1081 324 1077 323 1077 322 1077 321 1077 302 1081 288 1075 288 1075 287 1075 255 1081 249 1076 249 1075 248 1075 247 1075 209 1075 209 1075 208 1075 190 1082 150 1076 149 1076 65 1083 65 1102"/>
                        </Shape>
                        <String CONTENT=""/>
                    </TextLine>

                    <TextLine ID="line_33" HPOS="65" VPOS="1105" WIDTH="573" HEIGHT="42" BASELINE="65 1135 638 1131" TAGREFS="TYPE_1">
                        <Shape>
                            <Polygon POINTS="65 1135 65 1144 293 1147 294 1147 337 1142 348 1141 355 1142 381 1146 382 1146 382 1146 395 1141 397 1141 403 1141 443 1145 444 1145 463 1141 466 1140 528 1140 539 1144 539 1144 540 1144 541 1144 542 1144 549 1140 550 1139 555 1139 596 1144 596 1144 637 1139 638 1131 637 1113 589 1105 588 1105 533 1112 522 1114 493 1114 488 1111 471 1106 470 1106 442 1106 441 1106 440 1106 440 1106 433 1111 431 1113 415 1111 385 1107 384 1107 383 1107 375 1110 367 1114 358 1110 346 1106 345 1106 345 1106 344 1106 343 1106 343 1107 339 1110 335 1114 292 1114 242 1114 235 1110 232 1107 231 1107 230 1107 214 1107 213 1107 213 1107 212 1107 209 1110 201 1114 174 1109 166 1108 165 1108 153 1109 102 1114 94 1109 93 1108 92 1108 91 1108 90 1108 65 1108 65 1135"/>
                        </Shape>
                        <String CONTENT=""/>
                    </TextLine>

                    <TextLine ID="line_34" HPOS="66" VPOS="1138" WIDTH="574" HEIGHT="50" BASELINE="67 1165 640 1164" TAGREFS="TYPE_1">
                        <Shape>
                            <Polygon POINTS="67 1165 67 1179 85 1187 86 1187 86 1188 103 1188 103 1187 104 1187 118 1180 137 1184 138 1184 170 1180 185 1184 185 1184 186 1184 187 1184 203 1180 230 1187 230 1187 231 1188 318 1188 318 1187 319 1187 320 1187 325 1183 352 1187 353 1187 353 1187 354 1187 363 1180 377 1184 378 1184 378 1184 379 1184 387 1180 467 1186 468 1186 469 1186 469 1186 477 1180 479 1179 527 1179 531 1180 547 1185 547 1185 548 1185 549 1185 569 1180 599 1186 600 1186 640 1180 640 1164 639 1145 617 1138 616 1138 521 1138 520 1138 485 1144 457 1139 456 1139 456 1139 455 1139 450 1144 407 1144 401 1144 391 1138 390 1138 390 1138 389 1138 356 1144 352 1145 349 1144 331 1139 330 1139 329 1139 329 1139 320 1144 318 1145 309 1144 275 1141 274 1141 249 1144 242 1145 241 1144 232 1139 231 1139 230 1139 230 1139 229 1139 217 1144 215 1146 196 1146 194 1144 188 1139 187 1139 186 1139 144 1139 143 1139 142 1139 121 1144 118 1145 115 1144 102 1139 101 1139 78 1139 78 1139 77 1139 66 1143 67 1165"/>
                        </Shape>
                        <String CONTENT=""/>
                    </TextLine>
</TextBlock>
                <TextBlock ID="block_4" HPOS="486" VPOS="1176" WIDTH="47" HEIGHT="38" TAGREFS="TYPE_27">
                    <Shape>
                        <Polygon POINTS="486.5506591796875 1176.51123046875 533.0208129882812 1176.51123046875 533.0208129882812 1214.0740966796875 486.5506591796875 1214.0740966796875 486.5506591796875 1176.51123046875"/>
                    </Shape>
                    <TextLine ID="line_35" HPOS="485" VPOS="1166" WIDTH="46" HEIGHT="53" BASELINE="485 1198 531 1200" TAGREFS="TYPE_1">
                        <Shape>
                            <Polygon POINTS="485 1198 485 1215 530 1219 531 1200 531 1172 510 1166 509 1166 508 1166 485 1169 485 1198"/>
                        </Shape>
                        <String CONTENT=""/>
                    </TextLine>
</TextBlock>
            </PrintSpace>
        </Page>
    </Layout>
</alto>