<?xml version="1.0" encoding="UTF-8"?>
<alto xmlns:xsi="http://www.w3.org/2001/XMLSchema-instance"
    xmlns="http://www.loc.gov/standards/alto/ns-v4#"
    xsi:schemaLocation="http://www.loc.gov/standards/alto/ns-v4# http://www.loc.gov/standards/alto/v4/alto-4-3.xsd">
    <Description>
        <MeasurementUnit>pixel</MeasurementUnit>
        <sourceImageInformation>
            <fileName>2013340.jpeg</fileName>
        </sourceImageInformation>
        <Processing ID="OCR_0">
            <processingCategory>other</processingCategory>
            <processingStepDescription>unknown</processingStepDescription>
            <processingSoftware>
                <softwareName>kraken</softwareName>
                <softwareVersion>4.3.13</softwareVersion>
            </processingSoftware>
        </Processing>
    </Description>
    <Tags>
        <OtherTag ID="TYPE_1" LABEL="DefaultLine"/>
        <OtherTag ID="TYPE_2" LABEL="TableZone"/>
        <OtherTag ID="TYPE_3" LABEL="MainZone-Other"/>
        <OtherTag ID="TYPE_4" LABEL="GraphicZone-FigDesc"/>
        <OtherTag ID="TYPE_5" LABEL="GraphicZone-Decoration"/>
        <OtherTag ID="TYPE_6" LABEL="GraphicZone-TextualContent"/>
        <OtherTag ID="TYPE_7" LABEL="DropCapitalZone"/>
        <OtherTag ID="TYPE_8" LABEL="MainZone-Sp"/>
        <OtherTag ID="TYPE_9" LABEL="MainZone-P"/>
        <OtherTag ID="TYPE_10" LABEL="MarginTextZone-Notes"/>
        <OtherTag ID="TYPE_11" LABEL="MainZone-Signature"/>
        <OtherTag ID="TYPE_12" LABEL="TitlePageZone-Index"/>
        <OtherTag ID="TYPE_13" LABEL="TableZone-Head"/>
        <OtherTag ID="TYPE_14" LABEL="NumberingZone"/>
        <OtherTag ID="TYPE_15" LABEL="GraphicZone-Part"/>
        <OtherTag ID="TYPE_16" LABEL="GraphicZone-Head"/>
        <OtherTag ID="TYPE_17" LABEL="FigureZone-FigDesc"/>
        <OtherTag ID="TYPE_18" LABEL="MainZone-P-Continued"/>
        <OtherTag ID="TYPE_19" LABEL="MainZone-List"/>
        <OtherTag ID="TYPE_20" LABEL="TitlePageZone"/>
        <OtherTag ID="TYPE_21" LABEL="GraphicZone-Maths"/>
        <OtherTag ID="TYPE_22" LABEL="FigureZone"/>
        <OtherTag ID="TYPE_23" LABEL="MainZone-Date"/>
        <OtherTag ID="TYPE_24" LABEL="GraphicZone"/>
        <OtherTag ID="TYPE_25" LABEL="AdvertisementZone"/>
        <OtherTag ID="TYPE_26" LABEL="MainZone-Lg"/>
        <OtherTag ID="TYPE_27" LABEL="QuireMarksZone"/>
        <OtherTag ID="TYPE_28" LABEL="TableZone-Continued"/>
        <OtherTag ID="TYPE_29" LABEL="MainZone-Form"/>
        <OtherTag ID="TYPE_30" LABEL="MainZone-Entry"/>
        <OtherTag ID="TYPE_31" LABEL="MarginTextZone-ManuscriptAddendum"/>
        <OtherTag ID="TYPE_32" LABEL="DigitizationArtefactZone"/>
        <OtherTag ID="TYPE_33" LABEL="MarginTextZone-Notes-Continued"/>
        <OtherTag ID="TYPE_34" LABEL="MainZone-Lg-Continued"/>
        <OtherTag ID="TYPE_35" LABEL="StampZone"/>
        <OtherTag ID="TYPE_36" LABEL="MainZone-Entry-Continued"/>
        <OtherTag ID="TYPE_37" LABEL="MainZone-List-Continued"/>
        <OtherTag ID="TYPE_38" LABEL="MainZone-Head"/>
        <OtherTag ID="TYPE_39" LABEL="MainZone-Sp-Continued"/>
        <OtherTag ID="TYPE_40" LABEL="RunningTitleZone"/>
        <OtherTag ID="TYPE_41" LABEL="FigureZone-Head"/>
        <OtherTag ID="TYPE_42" LABEL="StampZone-Sticker"/>
    </Tags>
    <Layout>
        <Page WIDTH="1000" HEIGHT="1448" PHYSICAL_IMG_NR="0" ID="page_0">
            <PrintSpace HPOS="0" VPOS="0" WIDTH="1000" HEIGHT="1448">
                <TextBlock ID="block_2" HPOS="370" VPOS="95" WIDTH="49" HEIGHT="36" TAGREFS="TYPE_14">
                    <Shape>
                        <Polygon POINTS="370.00555419921875 95.41704559326172 419.6905212402344 95.41704559326172 419.6905212402344 131.27215576171875 370.00555419921875 131.27215576171875 370.00555419921875 95.41704559326172"/>
                    </Shape>
                    <TextLine ID="line_0" HPOS="369" VPOS="108" WIDTH="58" HEIGHT="25" BASELINE="369 119 427 119" TAGREFS="TYPE_1">
                        <Shape>
                            <Polygon POINTS="369 119 369 132 401 133 402 133 403 133 427 126 427 119 427 108 369 109 369 119"/>
                        </Shape>
                        <String CONTENT=""/>
                    </TextLine>
</TextBlock>
                <TextBlock ID="block_5" HPOS="497" VPOS="97" WIDTH="356" HEIGHT="33" TAGREFS="TYPE_40">
                    <Shape>
                        <Polygon POINTS="497.81805419921875 97.67231750488281 853.021728515625 97.67231750488281 853.021728515625 130.41140747070312 497.81805419921875 130.41140747070312 497.81805419921875 97.67231750488281"/>
                    </Shape>
                    <TextLine ID="line_1" HPOS="493" VPOS="94" WIDTH="358" HEIGHT="38" BASELINE="494 119 851 121" TAGREFS="TYPE_1">
                        <Shape>
                            <Polygon POINTS="695 108 687 108 679 108 670 108 662 108 654 108 646 108 638 108 630 108 622 108 614 108 606 108 598 108 590 108 582 108 574 108 566 108 558 108 550 108 542 108 534 108 526 108 518 108 510 108 502 108 494 108 494 119 493 132 850 132 851 121 851 95 765 94 764 94 763 94 762 94 757 98 756 99 723 99 717 99 716 99 716 99 715 99 703 107 695 105 695 108"/>
                        </Shape>
                        <String CONTENT=""/>
                    </TextLine>
</TextBlock>
                <TextBlock ID="block_3" HPOS="366" VPOS="134" WIDTH="505" HEIGHT="33" TAGREFS="TYPE_18">
                    <Shape>
                        <Polygon POINTS="366.19964599609375 134.23284912109375 871.9711303710938 134.23284912109375 871.9711303710938 167.39285278320312 366.19964599609375 167.39285278320312 366.19964599609375 134.23284912109375"/>
                    </Shape>
                    <TextLine ID="line_2" HPOS="366" VPOS="132" WIDTH="514" HEIGHT="39" BASELINE="366 156 880 156" TAGREFS="TYPE_1">
                        <Shape>
                            <Polygon POINTS="752 136 744 136 736 136 728 136 727 136 723 137 721 138 696 138 695 137 694 136 687 136 679 136 671 136 663 136 655 136 647 136 642 136 641 137 641 138 613 138 613 137 611 136 607 136 599 136 591 136 583 136 575 136 567 136 559 136 551 136 543 136 543 137 541 136 534 136 526 136 520 136 518 136 510 136 502 136 494 136 486 136 485 136 482 137 481 137 481 137 480 136 478 136 470 136 465 136 465 137 464 137 462 136 462 136 454 136 448 136 447 137 446 137 366 137 366 156 366 171 382 171 382 170 382 170 383 170 383 169 387 165 398 169 399 169 399 169 437 165 452 170 453 170 454 170 455 170 460 170 496 165 592 165 602 168 606 170 607 170 608 170 609 170 613 168 622 166 631 168 638 170 639 170 640 171 683 171 683 170 683 170 690 168 698 165 706 168 713 170 714 170 715 170 716 170 723 168 728 166 735 168 748 170 748 170 778 167 800 165 814 167 832 169 833 169 880 166 880 156 880 138 853 138 852 137 844 132 843 132 843 132 822 132 821 132 820 132 819 132 819 133 814 137 814 138 783 138 782 137 773 132 772 132 771 132 770 132 769 132 764 137 753 133 752 136"/>
                        </Shape>
                        <String CONTENT=""/>
                    </TextLine>
</TextBlock>
                <TextBlock ID="block_1" HPOS="363" VPOS="169" WIDTH="579" HEIGHT="156" TAGREFS="TYPE_9">
                    <Shape>
                        <Polygon POINTS="363.4645080566406 169.30931091308594 942.8887939453125 169.30931091308594 942.8887939453125 325.2532958984375 363.4645080566406 325.2532958984375 363.4645080566406 169.30931091308594"/>
                    </Shape>
                    <TextLine ID="line_3" HPOS="395" VPOS="162" WIDTH="547" HEIGHT="42" BASELINE="395 189 942 189" TAGREFS="TYPE_1">
                        <Shape>
                            <Polygon POINTS="395 189 395 203 416 197 517 197 532 201 538 203 539 203 539 203 540 203 541 203 543 201 550 197 562 201 567 203 568 203 569 203 570 203 576 201 586 197 595 201 600 203 600 203 601 204 645 204 645 203 646 203 646 203 650 201 652 199 654 200 658 203 658 203 659 203 660 203 679 200 685 199 689 200 703 203 703 203 704 204 818 204 818 203 819 203 833 198 835 197 839 198 866 203 867 203 909 197 926 203 927 203 928 203 929 203 942 197 942 189 942 167 922 162 921 162 872 162 871 162 870 162 869 162 860 168 838 168 832 162 831 162 831 162 830 162 829 162 818 167 802 162 802 162 801 162 771 167 739 163 738 163 720 167 707 162 707 162 706 162 678 167 663 162 662 162 662 162 661 162 645 167 638 162 637 162 637 162 539 162 538 162 514 167 490 162 489 162 489 162 488 162 482 167 402 163 401 163 400 163 399 163 395 166 395 189"/>
                        </Shape>
                        <String CONTENT=""/>
                    </TextLine>

                    <TextLine ID="line_4" HPOS="364" VPOS="197" WIDTH="577" HEIGHT="40" BASELINE="364 222 941 222" TAGREFS="TYPE_1">
                        <Shape>
                            <Polygon POINTS="364 222 364 231 407 231 415 235 415 235 416 235 417 235 489 231 509 236 510 236 510 237 538 237 538 236 539 236 539 236 547 231 571 236 572 236 621 235 621 235 622 235 627 231 650 236 650 236 680 232 686 236 687 236 687 236 688 237 854 237 854 236 855 236 864 231 941 230 941 222 941 201 928 197 927 197 926 197 925 197 909 201 904 197 903 197 902 197 901 197 878 201 819 197 818 197 755 201 738 197 737 197 736 197 632 201 544 197 543 197 543 197 531 202 439 202 429 197 428 197 427 197 427 197 414 201 407 197 407 197 406 197 405 197 364 201 364 222"/>
                        </Shape>
                        <String CONTENT=""/>
                    </TextLine>

                    <TextLine ID="line_5" HPOS="367" VPOS="232" WIDTH="575" HEIGHT="37" BASELINE="367 254 942 254" TAGREFS="TYPE_1">
                        <Shape>
                            <Polygon POINTS="367 254 368 269 396 262 434 263 443 268 444 269 444 269 445 269 446 269 447 269 448 269 448 268 459 262 512 262 522 267 522 267 523 267 524 267 531 267 585 262 593 266 597 269 598 269 599 269 600 269 619 268 620 268 621 268 623 266 628 262 641 266 646 267 647 267 648 267 656 265 669 263 674 265 683 269 684 269 685 269 753 264 754 264 761 268 761 268 762 268 847 269 848 269 849 269 862 263 864 262 890 262 891 262 907 269 908 269 909 269 942 261 942 254 942 233 367 232 367 254"/>
                        </Shape>
                        <String CONTENT=""/>
                    </TextLine>

                    <TextLine ID="line_6" HPOS="363" VPOS="262" WIDTH="579" HEIGHT="42" BASELINE="364 284 942 287" TAGREFS="TYPE_1">
                        <Shape>
                            <Polygon POINTS="758 265 750 265 742 265 734 265 726 265 719 265 712 266 711 266 707 265 702 265 694 265 686 265 678 265 670 265 662 265 654 265 646 265 637 265 629 265 621 265 613 265 606 265 592 266 582 266 580 266 578 265 573 265 565 265 559 265 558 266 556 266 536 266 514 265 509 265 501 265 493 265 485 265 477 265 469 265 460 265 452 265 444 265 436 265 428 265 420 265 412 265 404 265 396 265 388 265 380 265 372 265 364 265 364 284 363 296 462 302 463 302 464 302 478 297 514 303 515 303 555 298 563 304 563 304 564 304 565 304 603 304 603 304 604 304 604 304 610 300 617 303 617 303 618 303 619 303 631 298 646 303 647 303 648 303 690 299 698 304 699 304 699 304 700 304 773 300 788 304 789 304 790 304 835 300 864 304 865 304 866 304 880 299 923 303 924 303 925 303 941 298 942 287 941 267 908 262 907 262 851 263 851 263 850 263 844 267 843 267 768 267 765 267 758 264 758 265"/>
                        </Shape>
                        <String CONTENT=""/>
                    </TextLine>

                    <TextLine ID="line_7" HPOS="363" VPOS="289" WIDTH="122" HEIGHT="42" BASELINE="364 317 485 316" TAGREFS="TYPE_1">
                        <Shape>
                            <Polygon POINTS="364 317 364 328 395 325 417 327 465 331 466 331 467 331 485 325 485 316 484 299 433 299 428 295 423 291 423 291 422 291 403 289 403 289 363 290 364 317"/>
                        </Shape>
                        <String CONTENT=""/>
                    </TextLine>
</TextBlock>
                <TextBlock ID="block_0" HPOS="362" VPOS="329" WIDTH="587" HEIGHT="880" TAGREFS="TYPE_9">
                    <Shape>
                        <Polygon POINTS="362.9208984375 329.11016845703125 949.2146606445312 329.11016845703125 949.2146606445312 1209.513916015625 362.9208984375 1209.513916015625 362.9208984375 329.11016845703125"/>
                    </Shape>
                    <TextLine ID="line_8" HPOS="395" VPOS="323" WIDTH="545" HEIGHT="43" BASELINE="395 351 940 350" TAGREFS="TYPE_1">
                        <Shape>
                            <Polygon POINTS="395 351 395 361 418 361 419 361 423 366 424 366 425 366 426 366 427 366 440 362 475 366 476 366 477 366 491 361 493 361 499 361 555 366 556 366 594 366 594 366 595 366 596 366 601 361 602 361 606 361 660 366 661 366 780 362 800 366 801 366 802 366 811 361 812 361 870 366 871 366 890 362 901 366 901 366 902 366 939 360 940 350 939 329 922 323 921 323 921 323 898 329 888 329 853 329 853 328 837 323 836 323 835 323 814 328 813 328 793 323 792 323 768 323 767 323 766 323 765 323 758 328 754 328 711 324 710 324 686 328 683 328 681 328 669 323 668 323 667 323 666 323 654 328 653 328 651 328 640 323 639 323 638 323 616 327 612 328 604 327 567 323 534 323 533 323 532 323 531 323 526 327 525 329 497 329 494 327 489 323 488 323 487 323 486 323 395 326 395 351"/>
                        </Shape>
                        <String CONTENT=""/>
                    </TextLine>

                    <TextLine ID="line_9" HPOS="364" VPOS="357" WIDTH="578" HEIGHT="40" BASELINE="364 382 942 382" TAGREFS="TYPE_1">
                        <Shape>
                            <Polygon POINTS="364 382 364 397 941 393 942 382 942 363 923 357 922 357 921 357 896 362 895 362 888 357 888 357 887 357 886 357 885 357 884 357 877 362 874 362 854 359 853 359 839 362 831 363 823 362 806 357 805 357 804 357 803 357 787 361 778 363 747 361 708 357 707 357 707 357 702 360 696 363 687 360 680 357 679 357 679 357 678 357 677 357 674 360 669 363 607 359 602 359 601 359 600 359 566 363 521 358 506 357 506 357 505 357 504 357 503 357 497 362 491 359 490 359 489 359 460 363 442 357 440 357 440 357 439 357 438 357 436 357 427 362 422 357 421 357 420 357 364 357 364 382"/>
                        </Shape>
                        <String CONTENT=""/>
                    </TextLine>

                    <TextLine ID="line_10" HPOS="364" VPOS="390" WIDTH="578" HEIGHT="41" BASELINE="364 415 942 415" TAGREFS="TYPE_1">
                        <Shape>
                            <Polygon POINTS="364 415 364 425 469 425 497 431 498 431 526 427 541 431 542 431 543 431 576 427 584 431 585 431 586 431 646 427 761 431 761 431 822 425 863 431 864 431 864 431 865 431 872 427 888 430 888 430 941 424 942 415 941 394 895 390 894 390 852 394 838 390 837 390 836 390 835 390 827 394 823 395 818 394 803 390 802 390 802 390 801 390 794 394 790 396 720 396 716 394 705 390 704 390 703 390 686 394 678 396 604 396 600 394 596 390 595 390 594 390 593 390 592 390 580 394 574 395 561 394 534 390 533 390 532 390 518 394 517 394 515 394 497 390 496 390 495 390 482 394 481 394 475 390 474 390 473 390 473 390 364 393 364 415"/>
                        </Shape>
                        <String CONTENT=""/>
                    </TextLine>

                    <TextLine ID="line_11" HPOS="364" VPOS="425" WIDTH="578" HEIGHT="37" BASELINE="365 447 942 448" TAGREFS="TYPE_1">
                        <Shape>
                            <Polygon POINTS="365 447 364 456 433 461 434 461 545 458 582 457 606 459 654 462 654 462 735 460 824 458 940 462 942 448 941 427 365 425 365 447"/>
                        </Shape>
                        <String CONTENT=""/>
                    </TextLine>

                    <TextLine ID="line_12" HPOS="362" VPOS="454" WIDTH="580" HEIGHT="41" BASELINE="363 478 942 480" TAGREFS="TYPE_1">
                        <Shape>
                            <Polygon POINTS="363 478 362 489 396 494 397 494 427 490 461 494 462 494 641 490 652 495 653 495 654 495 742 491 773 495 773 495 911 491 925 495 926 495 927 495 928 495 942 490 942 480 942 460 913 455 912 455 851 459 811 455 810 455 810 455 795 460 794 460 792 460 774 455 773 455 773 455 695 456 695 456 687 459 685 460 612 460 610 459 601 454 600 454 600 454 571 458 511 455 510 455 482 458 475 459 473 458 465 454 465 454 464 454 363 457 363 478"/>
                        </Shape>
                        <String CONTENT=""/>
                    </TextLine>

                    <TextLine ID="line_13" HPOS="362" VPOS="487" WIDTH="580" HEIGHT="41" BASELINE="362 512 942 514" TAGREFS="TYPE_1">
                        <Shape>
                            <Polygon POINTS="362 512 362 520 402 527 403 527 481 522 536 527 537 527 538 527 551 522 598 522 606 526 607 526 608 526 609 526 609 526 617 523 652 528 653 528 680 524 691 528 692 528 693 528 718 523 761 528 761 528 799 523 823 528 823 528 848 522 941 522 942 514 942 495 930 489 929 489 928 489 910 493 904 488 903 488 902 488 873 488 872 488 872 488 871 488 860 494 847 489 846 489 845 489 844 489 829 494 819 488 818 488 818 488 817 488 757 494 753 495 737 495 736 494 728 488 727 488 726 488 725 488 724 488 703 494 702 494 698 494 661 489 660 489 659 489 649 493 631 487 630 487 629 487 629 487 616 493 616 494 554 494 554 493 540 487 539 487 486 487 485 487 485 487 484 487 477 493 476 493 473 493 440 488 440 488 439 488 427 493 426 494 400 494 399 493 392 487 391 487 390 487 371 487 370 487 370 487 369 487 362 491 362 512"/>
                        </Shape>
                        <String CONTENT=""/>
                    </TextLine>

                    <TextLine ID="line_14" HPOS="363" VPOS="520" WIDTH="579" HEIGHT="35" BASELINE="363 545 942 545" TAGREFS="TYPE_1">
                        <Shape>
                            <Polygon POINTS="363 545 363 554 941 555 942 545 942 524 925 520 925 520 924 520 900 524 896 525 892 524 865 520 864 520 864 520 854 524 850 526 814 526 810 524 803 520 802 520 770 520 769 520 769 520 761 524 757 526 748 524 729 521 728 521 728 521 727 521 724 524 720 526 652 526 649 524 645 520 644 520 643 520 642 520 641 520 641 520 636 524 633 526 623 523 605 520 555 520 555 520 540 523 530 526 520 523 507 520 506 520 506 520 481 523 463 526 447 523 427 520 427 520 363 522 363 545"/>
                        </Shape>
                        <String CONTENT=""/>
                    </TextLine>

                    <TextLine ID="line_15" HPOS="366" VPOS="549" WIDTH="577" HEIGHT="42" BASELINE="366 575 943 578" TAGREFS="TYPE_1">
                        <Shape>
                            <Polygon POINTS="366 575 366 584 384 589 385 589 386 590 426 590 426 589 427 589 427 589 432 585 437 589 438 589 439 589 440 590 503 590 503 589 504 589 505 589 510 585 532 589 533 589 613 586 707 590 707 590 731 586 750 591 751 591 752 591 753 591 763 587 773 591 774 591 775 591 942 586 943 578 943 551 835 551 835 551 834 551 818 558 783 558 776 551 775 551 774 551 773 551 682 556 669 551 668 551 667 551 666 551 656 556 625 551 618 550 617 550 617 550 614 551 600 557 567 557 547 552 547 552 546 552 533 555 527 551 526 550 526 549 525 549 524 549 523 549 513 551 501 553 489 551 477 549 477 549 476 549 469 551 453 555 431 551 420 549 419 549 419 549 411 551 403 553 366 551 366 575"/>
                        </Shape>
                        <String CONTENT=""/>
                    </TextLine>

                    <TextLine ID="line_16" HPOS="362" VPOS="584" WIDTH="579" HEIGHT="40" BASELINE="362 608 941 610" TAGREFS="TYPE_1">
                        <Shape>
                            <Polygon POINTS="362 608 362 618 384 623 385 624 385 623 407 619 427 623 427 623 449 619 477 623 478 623 582 619 587 619 595 623 596 623 596 623 647 620 688 624 689 624 723 620 921 624 922 624 923 624 940 619 941 610 940 591 887 584 849 584 848 584 847 584 838 589 836 590 833 589 814 584 814 584 813 584 786 589 777 591 704 591 701 588 696 584 695 584 695 584 694 584 672 585 671 585 670 585 668 588 665 590 620 590 617 588 613 584 612 584 611 584 610 584 609 584 609 584 604 587 601 589 597 587 592 585 592 585 591 585 590 585 585 587 580 589 578 587 574 584 573 584 572 584 572 584 556 587 543 590 515 590 509 586 506 584 506 584 505 584 504 584 503 584 498 586 491 589 486 586 483 584 482 584 481 584 481 584 466 586 446 589 431 585 426 584 425 584 424 584 423 584 419 585 405 589 394 585 389 584 388 584 387 584 362 584 362 608"/>
                        </Shape>
                        <String CONTENT=""/>
                    </TextLine>

                    <TextLine ID="line_17" HPOS="362" VPOS="616" WIDTH="581" HEIGHT="39" BASELINE="362 640 943 641" TAGREFS="TYPE_1">
                        <Shape>
                            <Polygon POINTS="362 640 362 653 621 650 624 652 627 654 628 654 629 654 629 654 630 654 639 652 643 651 665 652 736 655 736 655 820 651 830 651 832 651 856 655 857 655 858 655 859 655 864 651 864 651 942 651 943 641 942 623 901 617 885 617 884 617 884 617 883 617 876 622 876 622 872 622 814 617 794 617 794 617 793 617 792 617 792 617 787 621 786 623 748 623 747 621 742 617 742 617 741 617 740 617 719 617 718 617 717 617 716 617 716 617 712 621 710 622 607 622 603 620 593 616 592 616 592 616 591 616 580 620 578 621 576 620 567 616 567 616 566 616 543 619 534 621 531 619 527 616 526 616 526 616 499 616 498 616 497 616 497 616 493 619 488 622 436 622 430 618 427 616 426 616 425 616 424 616 362 617 362 640"/>
                        </Shape>
                        <String CONTENT=""/>
                    </TextLine>

                    <TextLine ID="line_18" HPOS="362" VPOS="649" WIDTH="582" HEIGHT="37" BASELINE="362 674 944 674" TAGREFS="TYPE_1">
                        <Shape>
                            <Polygon POINTS="362 674 362 682 943 686 944 674 944 655 919 649 918 649 895 654 893 655 876 655 876 654 869 649 868 649 868 649 867 649 866 649 852 654 850 654 831 654 745 649 744 649 744 649 743 649 738 653 735 654 719 652 696 649 695 649 676 652 655 655 542 655 530 650 526 649 525 649 459 649 458 649 457 649 456 649 456 649 456 649 450 655 419 655 403 649 402 649 401 649 362 649 362 674"/>
                        </Shape>
                        <String CONTENT=""/>
                    </TextLine>

                    <TextLine ID="line_19" HPOS="360" VPOS="678" WIDTH="583" HEIGHT="37" BASELINE="361 707 943 705" TAGREFS="TYPE_1">
                        <Shape>
                            <Polygon POINTS="361 707 361 715 942 714 943 705 942 684 908 679 907 679 880 683 868 685 860 683 842 678 841 678 840 678 839 678 839 678 833 682 829 686 777 686 772 682 763 678 762 678 761 678 736 682 732 682 729 682 718 678 717 678 716 678 716 678 704 682 693 685 687 682 683 679 682 679 681 679 658 682 617 686 598 681 592 679 591 679 590 679 589 679 586 681 575 686 519 686 510 680 509 679 508 679 507 679 453 679 452 679 452 679 451 679 440 686 416 686 403 680 402 680 360 679 361 707"/>
                        </Shape>
                        <String CONTENT=""/>
                    </TextLine>

                    <TextLine ID="line_20" HPOS="362" VPOS="713" WIDTH="582" HEIGHT="36" BASELINE="362 740 944 740" TAGREFS="TYPE_1">
                        <Shape>
                            <Polygon POINTS="362 740 362 748 943 749 944 740 943 719 928 719 927 719 919 713 918 713 917 713 917 713 863 717 842 713 841 713 840 713 830 719 821 713 820 713 819 713 792 713 791 713 790 713 777 719 777 719 775 719 755 714 754 714 753 714 753 714 752 714 752 715 746 719 745 720 689 720 688 719 674 713 674 713 673 713 672 713 671 713 662 719 661 720 614 720 613 719 604 713 603 713 602 713 601 713 600 713 600 713 592 719 591 720 531 720 531 719 514 713 514 713 384 713 383 713 382 713 382 713 382 714 374 719 374 720 362 720 362 740"/>
                        </Shape>
                        <String CONTENT=""/>
                    </TextLine>

                    <TextLine ID="line_21" HPOS="362" VPOS="744" WIDTH="582" HEIGHT="41" BASELINE="362 769 944 771" TAGREFS="TYPE_1">
                        <Shape>
                            <Polygon POINTS="362 769 362 778 397 784 398 784 422 780 457 784 458 784 532 780 534 780 537 780 654 785 654 785 943 781 944 771 943 752 921 752 921 752 906 745 905 745 879 745 878 745 877 745 876 745 868 751 867 752 863 751 837 745 836 745 835 745 825 750 824 751 820 750 804 748 803 748 802 748 798 750 794 752 790 750 781 745 780 745 779 745 741 749 732 750 728 749 719 745 718 745 717 745 716 745 716 745 710 748 704 752 662 752 656 748 651 744 650 744 650 744 649 744 648 744 637 748 628 752 607 752 600 748 594 744 593 744 592 744 578 747 558 751 552 747 550 744 549 744 548 744 547 744 538 747 526 749 516 746 510 744 510 744 509 744 508 744 504 746 492 752 390 752 383 745 383 744 382 744 382 744 362 744 362 769"/>
                        </Shape>
                        <String CONTENT=""/>
                    </TextLine>

                    <TextLine ID="line_22" HPOS="364" VPOS="778" WIDTH="580" HEIGHT="40" BASELINE="364 803 944 803" TAGREFS="TYPE_1">
                        <Shape>
                            <Polygon POINTS="364 803 364 812 407 818 407 818 427 813 430 813 442 813 510 817 511 817 562 814 580 814 588 814 604 818 605 818 701 817 702 817 706 816 715 813 720 816 724 818 725 818 726 818 739 816 763 813 808 817 822 818 823 818 823 818 824 818 825 817 831 813 855 813 943 818 944 803 944 785 925 778 924 778 923 778 922 778 897 785 897 785 895 785 875 778 874 778 873 778 820 784 808 785 805 784 794 778 794 778 793 778 792 778 781 783 777 785 773 783 765 780 764 780 763 780 762 780 761 780 757 783 754 785 729 785 723 782 711 778 711 778 710 778 709 778 708 778 703 782 699 785 667 781 654 781 653 781 647 781 629 785 621 781 615 778 614 778 572 778 571 778 570 778 569 778 566 781 561 784 516 785 504 780 501 778 500 778 477 778 476 778 475 778 474 778 473 779 465 785 419 785 407 778 406 778 405 778 364 778 364 803"/>
                        </Shape>
                        <String CONTENT=""/>
                    </TextLine>

                    <TextLine ID="line_23" HPOS="359" VPOS="810" WIDTH="583" HEIGHT="41" BASELINE="360 836 942 835" TAGREFS="TYPE_1">
                        <Shape>
                            <Polygon POINTS="360 836 360 847 514 845 547 847 584 851 584 851 585 851 596 847 604 845 613 847 625 851 626 851 627 851 765 850 766 850 767 850 772 847 774 845 782 847 798 849 798 849 799 849 806 846 810 845 819 846 848 850 849 850 942 845 942 835 940 816 911 816 909 815 897 810 897 810 802 810 801 810 800 810 791 814 787 817 735 817 727 814 716 810 715 810 714 810 713 810 712 810 708 814 704 817 614 817 606 812 603 810 602 810 601 810 584 810 583 810 582 810 581 810 579 812 571 818 551 818 543 812 542 810 541 810 540 810 517 810 516 810 515 810 514 810 514 811 505 818 490 818 482 811 481 810 481 810 480 810 465 810 464 810 463 810 462 810 462 811 454 818 411 818 392 810 391 810 359 810 360 836"/>
                        </Shape>
                        <String CONTENT=""/>
                    </TextLine>

                    <TextLine ID="line_24" HPOS="361" VPOS="842" WIDTH="583" HEIGHT="41" BASELINE="362 867 944 868" TAGREFS="TYPE_1">
                        <Shape>
                            <Polygon POINTS="362 867 361 876 384 881 385 881 411 877 422 881 423 881 423 881 453 877 458 881 459 881 460 881 460 881 496 877 501 877 512 877 574 881 575 881 576 881 583 878 586 877 607 879 653 882 654 883 753 883 753 882 753 882 760 880 769 878 788 880 800 882 801 882 824 881 881 878 892 882 893 882 893 882 894 882 898 882 926 878 942 882 944 868 944 847 939 843 938 843 938 843 921 843 920 843 919 843 918 843 912 847 909 850 830 850 827 847 822 843 821 843 820 843 779 843 778 843 777 843 777 843 772 847 769 849 766 847 758 843 757 843 757 843 756 843 744 847 739 849 629 849 625 847 616 842 615 842 589 842 588 842 588 842 587 842 580 847 578 848 571 847 555 842 554 842 512 842 511 842 510 842 500 846 494 849 463 849 460 846 455 842 454 842 453 842 452 842 452 842 443 846 437 849 419 849 415 846 412 843 412 843 411 843 411 843 410 843 362 845 362 867"/>
                        </Shape>
                        <String CONTENT=""/>
                    </TextLine>

                    <TextLine ID="line_25" HPOS="362" VPOS="876" WIDTH="582" HEIGHT="41" BASELINE="362 901 944 901" TAGREFS="TYPE_1">
                        <Shape>
                            <Polygon POINTS="362 901 362 910 384 916 385 916 407 911 408 911 411 911 477 916 478 916 479 916 493 912 496 911 498 912 508 916 509 916 510 916 531 912 538 911 592 911 595 913 602 916 603 916 604 917 744 917 744 916 744 916 745 916 748 913 753 911 767 914 777 916 777 916 786 914 800 911 805 914 806 916 807 916 808 916 809 916 831 914 879 911 942 915 944 901 944 882 928 876 927 876 926 876 925 876 908 880 876 876 875 876 874 876 873 876 866 881 864 883 843 883 842 881 832 876 831 876 831 876 830 876 829 876 810 881 808 882 802 881 766 876 729 876 728 876 728 876 727 876 719 881 716 882 617 881 616 881 609 876 608 876 607 876 534 876 534 876 533 876 532 876 526 880 523 882 512 880 488 877 487 877 486 877 480 880 477 882 474 880 467 876 466 876 465 876 465 876 464 876 448 880 442 883 395 883 392 880 386 876 386 876 385 876 384 876 362 880 362 901"/>
                        </Shape>
                        <String CONTENT=""/>
                    </TextLine>

                    <TextLine ID="line_26" HPOS="362" VPOS="906" WIDTH="582" HEIGHT="41" BASELINE="362 931 944 933" TAGREFS="TYPE_1">
                        <Shape>
                            <Polygon POINTS="362 940 448 946 449 946 484 942 530 942 535 946 536 946 537 946 538 946 662 942 668 946 669 946 670 946 670 946 671 946 680 942 703 946 703 947 754 947 754 946 755 946 763 942 930 946 931 946 932 946 943 942 944 933 942 911 914 913 884 910 863 908 862 908 861 908 856 910 847 913 818 909 814 909 814 909 810 909 782 913 775 909 772 908 771 908 770 908 769 908 769 908 767 909 761 913 738 909 734 909 733 909 732 909 732 909 722 914 691 914 674 909 672 908 671 908 670 908 670 908 667 909 653 913 547 908 534 907 533 907 532 907 531 907 522 913 474 909 473 909 473 909 458 913 434 907 433 907 432 907 432 907 423 913 389 913 363 906 362 931 362 940"/>
                        </Shape>
                        <String CONTENT=""/>
                    </TextLine>

                    <TextLine ID="line_27" HPOS="364" VPOS="939" WIDTH="580" HEIGHT="42" BASELINE="365 966 944 964" TAGREFS="TYPE_1">
                        <Shape>
                            <Polygon POINTS="365 966 365 976 568 980 569 980 596 976 601 980 602 980 603 980 604 981 648 981 648 980 943 974 944 964 943 945 924 939 923 939 922 939 921 939 911 944 824 939 823 939 823 939 822 939 814 945 790 945 784 939 783 939 782 939 762 939 761 939 713 944 675 939 674 939 674 939 656 944 641 940 641 940 640 940 639 940 638 940 633 945 614 940 613 940 613 940 518 945 512 940 511 940 510 940 483 940 482 940 481 940 463 946 390 946 378 941 378 941 377 941 376 941 364 946 365 966"/>
                        </Shape>
                        <String CONTENT=""/>
                    </TextLine>

                    <TextLine ID="line_28" HPOS="364" VPOS="973" WIDTH="580" HEIGHT="39" BASELINE="364 997 944 997" TAGREFS="TYPE_1">
                        <Shape>
                            <Polygon POINTS="364 997 364 1006 395 1011 396 1011 428 1007 485 1011 485 1011 512 1007 520 1007 525 1007 535 1011 536 1011 537 1011 538 1011 539 1011 543 1008 545 1007 555 1008 572 1011 572 1011 597 1008 619 1007 629 1009 641 1011 642 1011 655 1009 669 1007 695 1009 715 1011 716 1011 716 1011 723 1010 733 1007 746 1010 753 1011 753 1011 754 1011 755 1011 759 1010 769 1007 777 1010 781 1011 781 1011 782 1012 827 1012 827 1011 828 1011 829 1011 830 1011 835 1007 873 1011 880 1011 880 1011 884 1011 916 1007 921 1011 922 1011 923 1011 924 1012 944 1012 944 997 944 979 919 979 919 978 913 973 913 973 912 973 911 973 863 978 859 978 816 978 811 978 805 973 804 973 803 973 802 973 774 977 769 978 761 977 730 974 729 974 728 974 718 977 714 979 617 979 612 976 601 973 600 973 600 973 599 973 588 976 582 979 545 979 542 976 539 973 538 973 537 973 536 973 535 973 524 976 515 978 496 975 470 973 469 973 451 975 434 978 418 975 403 973 403 973 364 974 364 997"/>
                        </Shape>
                        <String CONTENT=""/>
                    </TextLine>

                    <TextLine ID="line_29" HPOS="362" VPOS="1005" WIDTH="581" HEIGHT="40" BASELINE="362 1029 943 1029" TAGREFS="TYPE_1">
                        <Shape>
                            <Polygon POINTS="362 1029 362 1044 397 1040 406 1044 407 1044 407 1044 413 1044 472 1040 510 1044 524 1044 525 1044 531 1044 545 1040 568 1043 582 1044 583 1045 627 1045 627 1044 628 1044 629 1044 630 1043 633 1040 637 1043 641 1044 641 1044 642 1044 657 1042 669 1040 678 1042 688 1044 689 1045 788 1045 788 1044 789 1044 800 1041 803 1040 818 1041 883 1044 884 1044 909 1040 910 1040 925 1044 926 1044 927 1044 928 1044 943 1040 943 1029 943 1011 901 1011 901 1011 894 1005 893 1005 893 1005 892 1005 891 1005 874 1010 829 1005 828 1005 827 1005 827 1005 821 1010 819 1011 740 1011 736 1009 732 1006 731 1006 730 1006 729 1006 728 1006 722 1008 717 1011 668 1011 636 1011 633 1007 629 1005 629 1005 628 1005 582 1005 581 1005 580 1005 576 1007 568 1010 552 1007 542 1005 541 1005 533 1007 515 1011 495 1006 489 1005 488 1005 480 1006 451 1011 433 1006 431 1005 430 1005 429 1005 425 1005 391 1011 362 1005 362 1029"/>
                        </Shape>
                        <String CONTENT=""/>
                    </TextLine>

                    <TextLine ID="line_30" HPOS="362" VPOS="1036" WIDTH="582" HEIGHT="41" BASELINE="362 1062 944 1061" TAGREFS="TYPE_1">
                        <Shape>
                            <Polygon POINTS="362 1062 362 1072 397 1077 398 1077 418 1073 422 1072 461 1073 634 1077 635 1077 654 1073 655 1073 670 1073 784 1077 785 1077 786 1077 786 1077 790 1074 793 1072 804 1074 819 1077 820 1077 832 1074 843 1072 855 1074 864 1076 864 1076 865 1076 866 1076 868 1074 872 1071 887 1074 898 1077 899 1077 943 1074 944 1061 942 1040 799 1036 798 1036 756 1040 732 1036 732 1036 691 1040 665 1036 664 1036 663 1036 652 1040 651 1040 642 1040 538 1036 537 1036 536 1036 535 1036 530 1040 530 1041 489 1041 489 1040 462 1036 461 1036 460 1036 460 1036 453 1040 452 1041 362 1041 362 1062"/>
                        </Shape>
                        <String CONTENT=""/>
                    </TextLine>

                    <TextLine ID="line_31" HPOS="363" VPOS="1069" WIDTH="581" HEIGHT="40" BASELINE="364 1094 944 1093" TAGREFS="TYPE_1">
                        <Shape>
                            <Polygon POINTS="364 1094 364 1104 555 1109 556 1109 557 1109 568 1104 570 1104 621 1109 622 1109 880 1103 882 1103 883 1103 921 1108 922 1108 923 1108 944 1102 944 1093 942 1075 912 1069 911 1069 910 1069 909 1069 901 1074 880 1069 879 1069 878 1069 852 1074 851 1074 823 1074 814 1069 814 1069 813 1069 812 1069 811 1069 792 1074 791 1074 711 1070 711 1070 585 1074 576 1074 575 1074 554 1069 553 1069 524 1074 518 1075 506 1074 456 1069 455 1069 422 1073 412 1070 411 1070 411 1070 410 1070 402 1074 399 1075 395 1074 375 1069 374 1069 374 1069 363 1073 364 1094"/>
                        </Shape>
                        <String CONTENT=""/>
                    </TextLine>

                    <TextLine ID="line_32" HPOS="363" VPOS="1100" WIDTH="582" HEIGHT="39" BASELINE="363 1126 945 1127" TAGREFS="TYPE_1">
                        <Shape>
                            <Polygon POINTS="363 1126 363 1139 944 1138 945 1127 945 1107 885 1101 819 1101 818 1101 818 1101 805 1106 767 1101 766 1101 765 1101 750 1106 748 1106 746 1106 710 1101 709 1101 708 1101 688 1106 687 1106 685 1106 674 1102 674 1102 673 1102 609 1106 608 1106 607 1106 576 1100 575 1100 535 1106 533 1106 427 1106 424 1106 400 1100 399 1100 399 1100 398 1100 398 1101 392 1106 391 1106 363 1106 363 1126"/>
                        </Shape>
                        <String CONTENT=""/>
                    </TextLine>

                    <TextLine ID="line_33" HPOS="364" VPOS="1133" WIDTH="580" HEIGHT="38" BASELINE="364 1158 944 1160" TAGREFS="TYPE_1">
                        <Shape>
                            <Polygon POINTS="364 1158 364 1171 943 1168 944 1160 942 1135 925 1139 909 1135 903 1134 902 1134 901 1134 901 1134 894 1135 880 1139 876 1135 874 1135 874 1134 873 1134 872 1134 856 1134 855 1134 855 1134 847 1135 834 1139 829 1135 827 1135 827 1134 827 1134 826 1134 825 1134 810 1136 791 1139 767 1136 745 1134 744 1134 731 1136 714 1140 654 1140 641 1137 623 1133 622 1133 564 1137 551 1138 546 1137 518 1133 518 1133 517 1133 516 1133 510 1138 510 1138 508 1138 493 1133 493 1133 492 1133 461 1138 454 1139 449 1138 428 1133 427 1133 364 1138 364 1158"/>
                        </Shape>
                        <String CONTENT=""/>
                    </TextLine>

                    <TextLine ID="line_34" HPOS="366" VPOS="1165" WIDTH="577" HEIGHT="48" BASELINE="366 1192 943 1192" TAGREFS="TYPE_1">
                        <Shape>
                            <Polygon POINTS="366 1192 366 1209 412 1212 413 1212 427 1209 444 1205 458 1209 470 1212 471 1212 472 1212 473 1212 482 1209 491 1206 508 1209 530 1212 530 1212 531 1212 532 1212 536 1209 540 1205 609 1205 613 1209 617 1211 617 1212 617 1212 618 1212 619 1213 660 1213 660 1212 661 1212 662 1212 662 1211 666 1208 669 1205 684 1205 691 1208 699 1212 699 1212 700 1212 726 1208 740 1206 771 1208 838 1212 839 1212 839 1212 840 1212 845 1208 848 1205 942 1207 943 1192 942 1171 882 1171 876 1165 876 1165 875 1165 874 1165 873 1165 863 1170 811 1165 810 1165 714 1169 703 1165 702 1165 701 1165 679 1170 662 1165 662 1165 661 1165 630 1170 597 1165 596 1165 559 1170 539 1165 538 1165 537 1165 536 1165 520 1170 506 1165 505 1165 504 1165 503 1165 486 1170 471 1165 470 1165 469 1165 431 1170 424 1165 423 1165 423 1165 391 1165 390 1165 366 1170 366 1192"/>
                        </Shape>
                        <String CONTENT=""/>
                    </TextLine>
</TextBlock>
                <TextBlock ID="block_4" HPOS="846" VPOS="1201" WIDTH="94" HEIGHT="36" TAGREFS="TYPE_27">
                    <Shape>
                        <Polygon POINTS="846.0513916015625 1201.2010498046875 940.2071533203125 1201.2010498046875 940.2071533203125 1237.623046875 846.0513916015625 1237.623046875 846.0513916015625 1201.2010498046875"/>
                    </Shape>
                    <TextLine ID="line_35" HPOS="847" VPOS="1197" WIDTH="98" HEIGHT="53" BASELINE="847 1225 945 1225" TAGREFS="TYPE_1">
                        <Shape>
                            <Polygon POINTS="847 1225 847 1238 873 1239 886 1249 887 1249 888 1249 888 1250 918 1250 918 1249 919 1249 945 1240 945 1225 945 1204 916 1198 915 1198 914 1198 913 1198 909 1201 908 1203 899 1201 879 1197 878 1197 847 1198 847 1225"/>
                        </Shape>
                        <String CONTENT=""/>
                    </TextLine>
</TextBlock>
                <TextBlock ID="textblock_7">
                    
                    <TextLine ID="line_36" HPOS="954" VPOS="1205" WIDTH="5" HEIGHT="34" BASELINE="954 1225 959 1225" TAGREFS="TYPE_1">
                        <Shape>
                            <Polygon POINTS="954 1225 954 1239 959 1238 959 1225 959 1205 954 1205 954 1225"/>
                        </Shape>
                        <String CONTENT=""/>
                    </TextLine>

                </TextBlock>
            </PrintSpace>
        </Page>
    </Layout>
</alto>