<?xml version="1.0" encoding="UTF-8"?>
<alto xmlns:xsi="http://www.w3.org/2001/XMLSchema-instance"
    xmlns="http://www.loc.gov/standards/alto/ns-v4#"
    xsi:schemaLocation="http://www.loc.gov/standards/alto/ns-v4# http://www.loc.gov/standards/alto/v4/alto-4-3.xsd">
    <Description>
        <MeasurementUnit>pixel</MeasurementUnit>
        <sourceImageInformation>
            <fileName>2013323.jpeg</fileName>
        </sourceImageInformation>
        <Processing ID="OCR_0">
            <processingCategory>other</processingCategory>
            <processingStepDescription>unknown</processingStepDescription>
            <processingSoftware>
                <softwareName>kraken</softwareName>
                <softwareVersion>4.3.13</softwareVersion>
            </processingSoftware>
        </Processing>
    </Description>
    <Tags>
        <OtherTag ID="TYPE_1" LABEL="DefaultLine"/>
        <OtherTag ID="TYPE_2" LABEL="TableZone"/>
        <OtherTag ID="TYPE_3" LABEL="MainZone-Other"/>
        <OtherTag ID="TYPE_4" LABEL="GraphicZone-FigDesc"/>
        <OtherTag ID="TYPE_5" LABEL="GraphicZone-Decoration"/>
        <OtherTag ID="TYPE_6" LABEL="GraphicZone-TextualContent"/>
        <OtherTag ID="TYPE_7" LABEL="DropCapitalZone"/>
        <OtherTag ID="TYPE_8" LABEL="MainZone-Sp"/>
        <OtherTag ID="TYPE_9" LABEL="MainZone-P"/>
        <OtherTag ID="TYPE_10" LABEL="MarginTextZone-Notes"/>
        <OtherTag ID="TYPE_11" LABEL="MainZone-Signature"/>
        <OtherTag ID="TYPE_12" LABEL="TitlePageZone-Index"/>
        <OtherTag ID="TYPE_13" LABEL="TableZone-Head"/>
        <OtherTag ID="TYPE_14" LABEL="NumberingZone"/>
        <OtherTag ID="TYPE_15" LABEL="GraphicZone-Part"/>
        <OtherTag ID="TYPE_16" LABEL="GraphicZone-Head"/>
        <OtherTag ID="TYPE_17" LABEL="FigureZone-FigDesc"/>
        <OtherTag ID="TYPE_18" LABEL="MainZone-P-Continued"/>
        <OtherTag ID="TYPE_19" LABEL="MainZone-List"/>
        <OtherTag ID="TYPE_20" LABEL="TitlePageZone"/>
        <OtherTag ID="TYPE_21" LABEL="GraphicZone-Maths"/>
        <OtherTag ID="TYPE_22" LABEL="FigureZone"/>
        <OtherTag ID="TYPE_23" LABEL="MainZone-Date"/>
        <OtherTag ID="TYPE_24" LABEL="GraphicZone"/>
        <OtherTag ID="TYPE_25" LABEL="AdvertisementZone"/>
        <OtherTag ID="TYPE_26" LABEL="MainZone-Lg"/>
        <OtherTag ID="TYPE_27" LABEL="QuireMarksZone"/>
        <OtherTag ID="TYPE_28" LABEL="TableZone-Continued"/>
        <OtherTag ID="TYPE_29" LABEL="MainZone-Form"/>
        <OtherTag ID="TYPE_30" LABEL="MainZone-Entry"/>
        <OtherTag ID="TYPE_31" LABEL="MarginTextZone-ManuscriptAddendum"/>
        <OtherTag ID="TYPE_32" LABEL="DigitizationArtefactZone"/>
        <OtherTag ID="TYPE_33" LABEL="MarginTextZone-Notes-Continued"/>
        <OtherTag ID="TYPE_34" LABEL="MainZone-Lg-Continued"/>
        <OtherTag ID="TYPE_35" LABEL="StampZone"/>
        <OtherTag ID="TYPE_36" LABEL="MainZone-Entry-Continued"/>
        <OtherTag ID="TYPE_37" LABEL="MainZone-List-Continued"/>
        <OtherTag ID="TYPE_38" LABEL="MainZone-Head"/>
        <OtherTag ID="TYPE_39" LABEL="MainZone-Sp-Continued"/>
        <OtherTag ID="TYPE_40" LABEL="RunningTitleZone"/>
        <OtherTag ID="TYPE_41" LABEL="FigureZone-Head"/>
        <OtherTag ID="TYPE_42" LABEL="StampZone-Sticker"/>
    </Tags>
    <Layout>
        <Page WIDTH="1000" HEIGHT="1448" PHYSICAL_IMG_NR="0" ID="page_0">
            <PrintSpace HPOS="0" VPOS="0" WIDTH="1000" HEIGHT="1448">
                <TextBlock ID="block_6" HPOS="202" VPOS="84" WIDTH="195" HEIGHT="35" TAGREFS="TYPE_40">
                    <Shape>
                        <Polygon POINTS="202.9747772216797 84.74260711669922 397.46710205078125 84.74260711669922 397.46710205078125 119.99009704589844 202.9747772216797 119.99009704589844 202.9747772216797 84.74260711669922"/>
                    </Shape>
                    <TextLine ID="line_0" HPOS="202" VPOS="102" WIDTH="196" HEIGHT="21" BASELINE="202 108 398 108" TAGREFS="TYPE_1">
                        <Shape>
                            <Polygon POINTS="395 102 387 102 379 102 371 102 363 102 355 102 347 102 339 102 331 102 323 102 315 102 307 102 299 102 291 102 283 102 275 102 267 102 259 102 251 102 242 102 234 102 226 102 218 102 210 102 202 102 202 108 202 123 255 123 255 122 256 122 257 122 259 120 266 116 279 119 292 122 292 122 312 118 329 115 341 116 359 119 360 119 361 119 362 119 367 115 370 115 398 115 398 108 398 102 395 102"/>
                        </Shape>
                        <String CONTENT=""/>
                    </TextLine>
</TextBlock>
                <TextBlock ID="block_4" HPOS="567" VPOS="91" WIDTH="43" HEIGHT="32" TAGREFS="TYPE_14">
                    <Shape>
                        <Polygon POINTS="567.3693237304688 91.00950622558594 610.96142578125 91.00950622558594 610.96142578125 123.07923126220703 567.3693237304688 123.07923126220703 567.3693237304688 91.00950622558594"/>
                    </Shape>
                    <TextLine ID="line_1" HPOS="565" VPOS="88" WIDTH="47" HEIGHT="35" BASELINE="565 110 612 110" TAGREFS="TYPE_1">
                        <Shape>
                            <Polygon POINTS="565 110 565 122 611 123 612 110 612 88 565 88 565 110"/>
                        </Shape>
                        <String CONTENT=""/>
                    </TextLine>
</TextBlock>
                <TextBlock ID="block_5" HPOS="31" VPOS="126" WIDTH="581" HEIGHT="196" TAGREFS="TYPE_18">
                    <Shape>
                        <Polygon POINTS="31.221736907958984 126.96353912353516 612.8789672851562 126.96353912353516 612.8789672851562 322.0784606933594 31.221736907958984 322.0784606933594 31.221736907958984 126.96353912353516"/>
                    </Shape>
                    <TextLine ID="line_2" HPOS="32" VPOS="119" WIDTH="578" HEIGHT="45" BASELINE="33 149 610 148" TAGREFS="TYPE_1">
                        <Shape>
                            <Polygon POINTS="491 130 489 122 469 127 451 119 450 119 383 119 382 119 382 119 363 127 332 127 323 119 322 119 321 119 227 119 226 119 226 119 225 119 215 128 168 128 155 119 154 119 153 119 119 119 118 119 117 119 99 127 78 127 64 121 63 121 62 121 61 121 61 121 51 128 32 128 33 149 33 158 53 158 53 158 61 164 61 164 62 164 63 164 64 164 78 160 84 164 85 164 86 164 86 164 150 160 196 164 197 164 197 164 209 158 225 158 245 158 262 164 263 164 263 164 264 164 285 158 320 164 320 164 321 164 340 157 341 157 341 157 374 163 375 163 407 157 421 161 422 161 423 161 462 157 473 163 473 163 474 163 526 159 550 163 551 163 551 163 563 157 572 163 573 163 574 163 575 163 576 163 576 163 576 162 583 156 610 156 610 148 609 127 523 127 510 119 509 119 508 119 507 119 491 122 491 130"/>
                        </Shape>
                        <String CONTENT=""/>
                    </TextLine>

                    <TextLine ID="line_3" HPOS="33" VPOS="159" WIDTH="576" HEIGHT="35" BASELINE="34 181 609 180" TAGREFS="TYPE_1">
                        <Shape>
                            <Polygon POINTS="34 181 34 189 72 189 74 189 79 194 80 194 81 194 82 194 123 189 130 189 134 189 157 194 158 194 182 189 186 189 189 189 214 194 215 194 262 190 275 194 276 194 277 194 278 194 279 194 283 189 284 189 294 194 295 194 296 194 378 193 379 193 390 189 395 189 405 189 424 193 425 193 455 189 461 189 463 189 468 193 469 193 469 193 470 193 489 189 497 189 503 189 520 193 521 193 541 189 549 189 608 189 609 180 607 159 33 160 34 181"/>
                        </Shape>
                        <String CONTENT=""/>
                    </TextLine>

                    <TextLine ID="line_4" HPOS="32" VPOS="186" WIDTH="577" HEIGHT="44" BASELINE="33 215 609 211" TAGREFS="TYPE_1">
                        <Shape>
                            <Polygon POINTS="491 200 488 193 465 193 463 192 458 188 457 188 456 188 456 188 455 188 440 192 439 192 437 192 427 187 426 187 425 187 424 187 409 192 403 193 399 191 382 187 382 187 381 187 380 187 379 187 379 188 375 191 373 194 334 194 325 191 312 188 312 188 279 188 278 188 277 188 276 188 272 191 270 193 267 191 266 189 265 189 264 189 263 189 263 189 262 189 260 191 255 194 233 191 223 189 222 189 213 190 193 193 182 190 175 189 174 189 173 189 162 190 136 195 131 190 130 190 130 189 129 189 128 189 127 189 123 190 103 194 32 190 33 215 33 224 79 230 80 230 81 230 82 230 82 229 87 224 88 224 91 224 137 227 138 227 191 223 196 223 197 223 210 227 211 227 212 227 213 227 224 223 225 223 239 228 240 228 241 228 267 223 279 228 280 228 281 228 282 228 303 222 304 222 304 222 315 228 316 228 316 229 365 229 365 228 366 228 378 222 389 227 390 227 390 227 391 227 411 222 411 222 412 222 423 227 424 227 425 227 454 223 470 227 471 227 472 227 473 227 482 222 495 226 496 226 497 227 519 227 519 226 520 226 521 226 526 222 535 226 536 226 537 227 572 227 572 226 608 220 609 211 607 193 582 188 581 188 551 192 543 186 543 186 542 186 541 186 540 186 528 192 528 193 493 193 491 200"/>
                        </Shape>
                        <String CONTENT=""/>
                    </TextLine>

                    <TextLine ID="line_5" HPOS="30" VPOS="219" WIDTH="579" HEIGHT="42" BASELINE="31 246 609 244" TAGREFS="TYPE_1">
                        <Shape>
                            <Polygon POINTS="31 246 31 256 61 254 76 256 97 260 98 260 98 260 106 256 111 254 116 256 125 260 126 260 127 261 189 261 189 260 190 260 205 256 213 255 219 256 233 259 234 259 234 259 235 259 236 259 240 256 244 253 296 253 301 256 305 259 306 259 307 259 308 260 394 260 394 259 395 259 395 259 401 255 405 253 427 255 443 257 444 257 460 255 482 253 487 255 491 257 492 257 493 257 493 257 501 255 514 252 526 255 542 259 543 259 543 259 552 255 560 252 608 255 609 244 609 225 587 219 586 219 585 219 584 219 584 219 577 225 576 225 566 225 490 221 489 221 489 221 473 225 473 225 471 225 456 219 456 219 455 219 454 219 453 219 445 225 444 225 417 220 416 220 347 225 332 226 330 225 323 220 322 220 321 220 320 220 296 225 290 226 283 225 245 220 244 220 243 220 232 225 231 226 230 225 225 220 224 220 223 220 222 220 193 225 188 226 186 225 176 221 176 221 175 221 30 225 31 246"/>
                        </Shape>
                        <String CONTENT=""/>
                    </TextLine>

                    <TextLine ID="line_6" HPOS="32" VPOS="255" WIDTH="577" HEIGHT="40" BASELINE="32 279 609 277" TAGREFS="TYPE_1">
                        <Shape>
                            <Polygon POINTS="490 260 482 260 474 260 466 260 458 260 450 260 442 260 434 260 426 260 418 260 410 260 402 260 394 260 386 260 378 260 370 260 362 260 353 260 345 260 337 260 329 260 321 260 313 260 305 260 297 260 289 260 281 260 273 260 265 260 257 260 249 260 241 260 233 260 225 260 217 260 209 260 201 260 193 260 185 260 176 260 168 260 160 260 152 260 144 260 136 260 128 260 120 260 112 260 104 260 96 260 88 260 80 260 72 260 64 260 56 260 48 260 40 260 32 260 32 279 32 289 69 289 69 289 76 295 77 295 78 295 78 295 102 289 104 289 107 289 155 295 156 295 261 289 271 294 271 294 272 294 273 294 288 290 346 294 347 294 370 289 403 293 404 293 405 293 416 287 417 287 419 287 438 293 439 293 440 293 440 293 457 287 459 287 461 287 497 293 498 293 499 293 514 287 521 293 522 293 522 293 523 294 588 294 588 293 588 293 609 287 609 277 607 255 492 256 490 260"/>
                        </Shape>
                        <String CONTENT=""/>
                    </TextLine>

                    <TextLine ID="line_7" HPOS="31" VPOS="286" WIDTH="364" HEIGHT="38" BASELINE="32 312 395 311" TAGREFS="TYPE_1">
                        <Shape>
                            <Polygon POINTS="32 312 32 324 395 320 395 311 394 292 364 287 363 287 362 287 350 291 323 287 322 287 245 290 226 286 225 286 224 286 203 292 176 286 175 286 174 286 152 292 145 286 144 286 144 286 143 286 142 286 131 290 55 286 54 286 53 286 53 286 53 287 47 292 31 292 32 312"/>
                        </Shape>
                        <String CONTENT=""/>
                    </TextLine>
</TextBlock>
                <TextBlock ID="block_1" HPOS="30" VPOS="323" WIDTH="583" HEIGHT="421" TAGREFS="TYPE_9">
                    <Shape>
                        <Polygon POINTS="30.833972930908203 323.31396484375 613.7156372070312 323.31396484375 613.7156372070312 744.2836303710938 30.833972930908203 744.2836303710938 30.833972930908203 323.31396484375"/>
                    </Shape>
                    <TextLine ID="line_8" HPOS="65" VPOS="315" WIDTH="544" HEIGHT="42" BASELINE="65 344 609 341" TAGREFS="TYPE_1">
                        <Shape>
                            <Polygon POINTS="65 344 65 353 197 357 197 357 219 353 222 353 224 353 239 357 240 357 241 357 242 357 257 353 261 353 265 353 276 357 277 357 278 357 308 353 319 353 322 353 331 357 332 357 333 357 333 357 344 353 346 353 349 353 355 357 356 357 357 357 388 353 398 353 608 353 609 341 609 320 592 315 592 315 591 315 526 320 482 315 481 315 481 315 468 320 457 315 456 315 456 315 455 315 454 315 448 320 432 316 431 316 411 320 320 316 320 316 319 316 318 316 311 320 264 316 263 316 263 316 248 320 237 316 236 316 235 316 234 316 223 321 93 316 92 316 65 322 65 344"/>
                        </Shape>
                        <String CONTENT=""/>
                    </TextLine>

                    <TextLine ID="line_9" HPOS="31" VPOS="348" WIDTH="579" HEIGHT="42" BASELINE="32 377 610 374" TAGREFS="TYPE_1">
                        <Shape>
                            <Polygon POINTS="32 377 32 386 143 390 144 390 144 390 151 386 153 386 197 386 201 386 222 390 223 390 301 386 314 385 315 385 320 389 321 389 322 389 323 390 409 390 409 389 410 389 411 389 418 385 419 384 423 385 444 388 444 388 547 384 551 384 552 384 595 388 596 388 596 388 610 383 610 374 609 353 575 348 574 348 573 348 572 348 567 353 522 353 505 348 504 348 503 348 502 348 502 348 493 353 437 353 427 349 426 349 425 349 424 349 423 349 416 353 415 353 405 353 349 349 349 349 348 349 347 349 341 353 340 354 289 354 288 353 276 349 275 349 224 349 223 349 222 349 205 353 199 354 189 353 165 350 164 350 139 353 128 354 126 353 121 349 120 349 119 349 119 349 31 353 32 377"/>
                        </Shape>
                        <String CONTENT=""/>
                    </TextLine>

                    <TextLine ID="line_10" HPOS="32" VPOS="380" WIDTH="579" HEIGHT="39" BASELINE="33 409 611 407" TAGREFS="TYPE_1">
                        <Shape>
                            <Polygon POINTS="33 409 33 418 609 419 611 407 609 380 584 386 564 380 563 380 563 380 561 380 523 385 493 380 489 380 489 380 488 380 487 380 480 386 440 386 425 381 423 380 423 380 422 380 421 380 420 380 420 381 411 387 332 387 319 382 318 382 317 382 316 382 316 382 308 387 280 387 268 381 267 381 267 381 227 381 226 381 226 381 225 381 225 382 218 387 199 382 198 382 148 382 147 382 146 382 145 382 138 387 98 382 97 382 74 387 66 382 65 382 65 382 64 382 32 382 33 409"/>
                        </Shape>
                        <String CONTENT=""/>
                    </TextLine>

                    <TextLine ID="line_11" HPOS="31" VPOS="413" WIDTH="579" HEIGHT="42" BASELINE="32 442 610 440" TAGREFS="TYPE_1">
                        <Shape>
                            <Polygon POINTS="32 442 32 455 43 451 167 453 202 454 203 454 609 448 610 440 609 418 430 413 429 413 428 413 427 413 422 418 419 419 389 419 321 419 319 418 313 414 312 414 312 414 311 414 262 418 222 421 178 421 174 418 171 415 170 415 169 415 168 415 143 418 118 420 111 418 103 415 102 415 102 415 31 417 32 442"/>
                        </Shape>
                        <String CONTENT=""/>
                    </TextLine>

                    <TextLine ID="line_12" HPOS="36" VPOS="445" WIDTH="573" HEIGHT="40" BASELINE="37 474 609 471" TAGREFS="TYPE_1">
                        <Shape>
                            <Polygon POINTS="37 474 37 485 608 481 609 471 606 445 543 449 498 446 488 445 487 445 486 445 483 446 464 452 411 452 398 447 395 446 395 446 394 446 393 446 390 447 374 451 336 447 322 446 321 446 320 446 320 446 318 448 311 452 288 452 283 448 282 447 281 447 280 447 279 447 279 447 275 448 261 452 224 448 209 447 209 447 208 447 205 448 197 452 167 448 163 448 162 448 161 448 160 448 156 452 36 450 37 474"/>
                        </Shape>
                        <String CONTENT=""/>
                    </TextLine>

                    <TextLine ID="line_13" HPOS="32" VPOS="479" WIDTH="579" HEIGHT="43" BASELINE="32 507 611 503" TAGREFS="TYPE_1">
                        <Shape>
                            <Polygon POINTS="32 507 32 522 73 515 124 520 125 520 126 520 127 520 189 514 238 518 263 520 263 520 318 517 386 513 436 513 438 514 443 518 444 518 444 518 445 518 553 513 555 513 556 513 575 518 576 518 576 518 610 511 611 503 609 484 539 479 539 479 538 479 523 484 497 479 496 479 495 479 485 483 415 480 415 480 378 485 357 481 356 481 355 481 354 481 346 485 345 485 307 481 306 481 305 481 304 481 299 486 280 486 263 486 259 486 189 481 189 481 188 481 187 481 181 487 156 487 149 481 148 481 148 481 147 481 146 481 135 487 52 482 51 482 50 482 32 488 32 507"/>
                        </Shape>
                        <String CONTENT=""/>
                    </TextLine>

                    <TextLine ID="line_14" HPOS="30" VPOS="510" WIDTH="581" HEIGHT="38" BASELINE="31 540 611 536" TAGREFS="TYPE_1">
                        <Shape>
                            <Polygon POINTS="31 540 31 548 611 547 611 536 609 514 530 510 530 510 529 510 514 514 512 515 502 515 436 511 436 511 407 515 382 511 381 511 288 516 282 512 281 512 280 512 279 512 279 512 278 512 271 517 270 518 224 518 217 518 174 513 173 513 148 518 143 519 30 519 31 540"/>
                        </Shape>
                        <String CONTENT=""/>
                    </TextLine>

                    <TextLine ID="line_15" HPOS="31" VPOS="541" WIDTH="579" HEIGHT="43" BASELINE="32 571 610 568" TAGREFS="TYPE_1">
                        <Shape>
                            <Polygon POINTS="32 571 32 584 61 580 137 584 150 584 151 584 152 584 152 584 152 583 158 579 239 579 251 582 255 583 256 583 257 583 258 583 262 581 271 579 283 581 291 583 292 583 304 581 323 578 365 580 401 582 402 582 609 576 610 568 609 548 599 543 598 543 597 543 596 543 588 547 543 547 528 541 527 541 526 541 526 541 509 547 465 541 465 541 412 546 367 542 366 542 366 542 352 549 319 550 287 550 279 543 279 543 278 543 277 543 209 549 190 543 189 543 189 543 188 543 177 547 129 543 128 543 127 543 127 543 119 549 106 544 106 544 105 544 31 551 32 571"/>
                        </Shape>
                        <String CONTENT=""/>
                    </TextLine>

                    <TextLine ID="line_16" HPOS="30" VPOS="584" WIDTH="580" HEIGHT="31" BASELINE="31 604 610 601" TAGREFS="TYPE_1">
                        <Shape>
                            <Polygon POINTS="489 600 481 600 473 600 465 600 456 600 448 600 440 600 432 600 424 600 416 600 408 600 400 600 392 600 384 600 376 600 368 600 360 600 352 600 344 600 336 600 328 600 320 600 312 600 304 600 296 600 288 600 279 600 271 600 263 600 255 600 247 600 239 600 231 600 223 600 215 600 207 600 199 600 191 600 183 600 175 600 167 600 159 600 151 600 143 600 135 600 127 600 119 600 111 600 102 600 94 600 86 600 78 600 70 600 62 600 54 600 46 600 38 600 30 600 31 604 31 611 236 615 237 615 238 615 246 611 255 615 256 615 257 615 258 615 259 615 264 611 444 614 444 614 512 610 591 613 592 613 592 613 610 608 610 601 609 584 502 584 502 584 501 584 500 584 498 585 490 591 489 600"/>
                        </Shape>
                        <String CONTENT=""/>
                    </TextLine>

                    <TextLine ID="line_17" HPOS="31" VPOS="608" WIDTH="577" HEIGHT="37" BASELINE="32 636 608 633" TAGREFS="TYPE_1">
                        <Shape>
                            <Polygon POINTS="32 636 32 645 607 645 608 633 606 614 572 608 571 608 523 613 464 608 463 608 462 608 444 614 443 615 376 615 376 614 361 608 360 608 359 608 358 608 337 614 323 608 322 608 321 608 320 608 320 608 312 615 311 615 285 615 280 615 237 609 236 609 235 609 221 615 220 615 209 609 209 609 208 609 207 609 206 609 198 615 197 615 192 615 113 610 112 610 90 615 85 610 84 610 83 610 55 610 54 610 53 610 53 610 46 615 45 616 31 616 32 636"/>
                        </Shape>
                        <String CONTENT=""/>
                    </TextLine>

                    <TextLine ID="line_18" HPOS="31" VPOS="640" WIDTH="577" HEIGHT="36" BASELINE="32 669 608 666" TAGREFS="TYPE_1">
                        <Shape>
                            <Polygon POINTS="32 669 32 676 607 675 608 666 606 646 536 646 507 640 506 640 506 640 505 640 505 641 498 646 481 646 473 640 473 640 472 640 450 640 449 640 448 640 430 645 390 641 389 641 353 646 353 647 349 647 318 647 307 641 306 641 305 641 304 641 290 647 242 647 228 641 227 641 226 641 226 641 204 647 203 647 202 647 176 641 175 641 121 647 102 641 101 641 49 641 48 641 47 641 31 647 32 669"/>
                        </Shape>
                        <String CONTENT=""/>
                    </TextLine>

                    <TextLine ID="line_19" HPOS="31" VPOS="674" WIDTH="578" HEIGHT="36" BASELINE="32 701 609 699" TAGREFS="TYPE_1">
                        <Shape>
                            <Polygon POINTS="433 678 425 678 417 678 409 678 401 678 393 678 385 678 381 678 380 679 379 679 366 678 361 678 353 678 345 678 337 678 329 678 320 678 313 678 304 680 301 680 300 680 296 678 288 678 280 678 272 678 264 678 256 678 248 678 240 678 234 678 230 680 229 681 193 681 132 681 127 678 127 678 119 678 111 678 103 678 95 678 87 678 79 678 71 678 63 678 55 678 47 678 44 678 31 681 32 701 32 709 607 710 609 699 608 678 594 674 593 674 522 674 522 674 521 674 520 674 520 674 514 678 514 680 443 680 442 679 441 678 433 678"/>
                        </Shape>
                        <String CONTENT=""/>
                    </TextLine>

                    <TextLine ID="line_20" HPOS="32" VPOS="707" WIDTH="502" HEIGHT="39" BASELINE="32 733 534 731" TAGREFS="TYPE_1">
                        <Shape>
                            <Polygon POINTS="32 743 82 741 90 744 98 746 99 746 100 746 101 746 109 744 116 741 145 744 180 746 181 746 181 746 186 744 189 742 192 744 197 746 198 746 199 746 228 744 262 740 265 744 267 744 267 745 267 745 268 745 269 746 308 746 308 745 309 745 314 744 320 740 426 740 432 744 432 744 433 744 434 744 435 745 458 745 458 744 459 744 460 744 460 744 464 740 478 744 479 744 480 744 481 744 496 740 513 744 516 744 517 744 518 744 518 744 520 744 527 740 530 744 534 731 532 713 456 713 453 712 423 707 383 707 382 707 382 707 381 707 375 711 374 712 369 711 349 707 348 707 347 707 339 711 335 713 295 711 263 709 262 709 250 711 230 713 218 710 208 707 207 707 206 707 205 707 205 707 201 710 197 714 154 710 136 708 135 708 135 708 131 710 117 714 111 709 110 709 109 709 72 708 71 708 70 708 68 709 53 714 32 709 32 733 32 743"/>
                        </Shape>
                        <String CONTENT=""/>
                    </TextLine>
</TextBlock>
                <TextBlock ID="block_3" HPOS="29" VPOS="746" WIDTH="582" HEIGHT="95" TAGREFS="TYPE_9">
                    <Shape>
                        <Polygon POINTS="29.20969009399414 746.2413940429688 611.1402587890625 746.2413940429688 611.1402587890625 841.966064453125 29.20969009399414 841.966064453125 29.20969009399414 746.2413940429688"/>
                    </Shape>
                    <TextLine ID="line_21" HPOS="63" VPOS="739" WIDTH="546" HEIGHT="39" BASELINE="64 765 609 764" TAGREFS="TYPE_1">
                        <Shape>
                            <Polygon POINTS="64 765 64 774 229 778 230 778 265 774 266 774 267 774 288 778 288 778 335 774 343 773 351 773 397 777 398 777 399 777 408 773 411 773 416 773 435 777 436 777 454 773 459 773 460 773 467 777 468 777 469 777 469 777 519 773 522 773 524 773 563 777 564 777 565 777 574 773 576 773 607 773 609 764 607 739 571 739 570 739 569 739 568 739 560 744 537 740 533 739 532 739 527 740 504 744 493 740 492 740 491 740 490 740 489 740 488 740 479 745 449 745 444 740 443 740 443 739 442 739 441 739 440 739 440 739 435 741 429 744 426 741 423 739 423 739 422 739 421 739 420 739 415 741 412 743 401 741 382 739 382 739 381 739 374 742 368 744 349 742 330 740 329 740 329 740 321 743 314 746 246 746 242 744 234 740 234 740 233 740 232 740 217 744 212 745 209 744 200 740 199 740 198 740 197 740 197 740 193 744 191 746 152 746 152 745 147 741 146 741 145 741 144 741 96 745 74 740 73 740 72 740 71 740 70 740 63 744 64 765"/>
                        </Shape>
                        <String CONTENT=""/>
                    </TextLine>

                    <TextLine ID="line_22" HPOS="32" VPOS="771" WIDTH="577" HEIGHT="43" BASELINE="32 798 609 798" TAGREFS="TYPE_1">
                        <Shape>
                            <Polygon POINTS="32 798 32 807 64 813 65 814 98 814 98 813 98 813 99 813 106 808 160 813 161 813 198 808 243 808 257 813 258 813 259 814 288 814 288 813 289 813 290 813 297 808 332 812 333 812 374 808 395 813 395 813 396 814 526 814 526 813 547 809 576 813 577 813 609 807 609 798 609 777 580 777 579 776 571 771 570 771 569 771 568 771 567 771 549 776 545 777 523 777 520 776 511 771 510 771 510 771 481 776 473 777 316 777 311 774 303 771 302 771 233 771 232 771 231 771 230 771 226 774 222 777 132 777 127 773 123 771 122 771 121 771 94 771 93 771 92 771 91 771 88 773 83 777 76 773 70 771 69 771 69 771 32 773 32 798"/>
                        </Shape>
                        <String CONTENT=""/>
                    </TextLine>

                    <TextLine ID="line_23" HPOS="28" VPOS="807" WIDTH="409" HEIGHT="38" BASELINE="28 832 437 830" TAGREFS="TYPE_1">
                        <Shape>
                            <Polygon POINTS="28 832 28 843 299 845 300 845 327 840 330 840 333 840 372 844 373 844 413 840 427 844 427 844 428 844 429 844 430 844 437 839 437 830 436 807 28 807 28 832"/>
                        </Shape>
                        <String CONTENT=""/>
                    </TextLine>
</TextBlock>
                <TextBlock ID="block_0" HPOS="28" VPOS="843" WIDTH="581" HEIGHT="257" TAGREFS="TYPE_9">
                    <Shape>
                        <Polygon POINTS="28.767887115478516 843.4049072265625 609.3844604492188 843.4049072265625 609.3844604492188 1100.823974609375 28.767887115478516 1100.823974609375 28.767887115478516 843.4049072265625"/>
                    </Shape>
                    <TextLine ID="line_24" HPOS="59" VPOS="834" WIDTH="550" HEIGHT="44" BASELINE="60 865 609 861" TAGREFS="TYPE_1">
                        <Shape>
                            <Polygon POINTS="60 865 60 872 104 878 105 878 181 874 231 877 232 877 233 877 234 877 240 873 242 872 248 873 278 877 279 877 279 877 291 873 296 872 306 873 328 876 329 876 344 873 349 872 365 873 401 876 402 876 403 876 407 873 411 872 420 873 432 876 432 876 433 876 440 873 447 871 460 873 472 876 473 876 497 873 535 870 607 873 609 861 606 834 388 840 355 838 329 835 329 835 294 839 264 841 236 839 184 836 183 836 182 836 181 836 176 840 175 842 148 842 134 841 84 837 83 837 59 842 60 865"/>
                        </Shape>
                        <String CONTENT=""/>
                    </TextLine>

                    <TextLine ID="line_25" HPOS="28" VPOS="875" WIDTH="580" HEIGHT="35" BASELINE="29 897 608 894" TAGREFS="TYPE_1">
                        <Shape>
                            <Polygon POINTS="487 886 479 886 471 886 463 886 455 886 447 886 439 886 431 886 423 886 415 886 407 886 399 886 390 886 382 886 374 886 366 886 358 886 350 886 342 886 334 886 326 886 318 886 310 886 302 886 294 886 286 886 278 886 270 886 262 886 254 886 246 886 238 886 230 886 222 886 213 886 205 886 197 886 189 886 181 886 173 886 165 886 157 886 149 886 141 886 133 886 125 886 117 886 109 886 101 886 93 886 85 886 77 886 69 886 61 886 53 886 45 886 37 886 28 886 29 897 29 907 222 909 222 909 233 908 245 905 248 908 251 909 251 909 252 909 253 910 318 910 318 909 326 908 341 905 427 908 455 909 456 909 456 909 457 909 458 908 465 904 501 908 503 908 504 908 505 908 506 908 511 904 537 908 538 908 539 908 541 908 591 904 605 908 608 894 606 876 497 875 497 875 496 875 490 876 487 886"/>
                        </Shape>
                        <String CONTENT=""/>
                    </TextLine>

                    <TextLine ID="line_26" HPOS="30" VPOS="904" WIDTH="578" HEIGHT="34" BASELINE="31 929 608 927" TAGREFS="TYPE_1">
                        <Shape>
                            <Polygon POINTS="31 929 31 938 607 938 608 927 605 904 30 905 31 929"/>
                        </Shape>
                        <String CONTENT=""/>
                    </TextLine>

                    <TextLine ID="line_27" HPOS="28" VPOS="932" WIDTH="580" HEIGHT="42" BASELINE="28 962 608 958" TAGREFS="TYPE_1">
                        <Shape>
                            <Polygon POINTS="28 962 28 970 127 974 127 974 128 974 138 970 213 973 214 973 262 968 270 968 277 968 333 973 333 973 334 973 353 968 354 968 374 973 374 973 375 973 376 973 392 967 393 967 394 967 402 971 403 971 403 971 424 967 425 967 426 967 431 972 432 972 432 972 433 973 489 973 489 972 538 971 539 971 539 971 545 966 546 966 547 966 579 971 580 971 580 971 581 971 588 966 607 966 608 958 606 937 571 932 570 932 569 932 552 937 489 937 481 933 481 933 480 933 460 937 423 933 422 933 421 933 409 938 374 938 366 933 366 933 365 933 364 933 363 933 362 933 356 939 329 939 304 933 304 933 280 938 261 933 260 933 259 933 259 933 258 933 258 934 254 937 203 934 202 934 139 940 67 935 66 935 28 941 28 962"/>
                        </Shape>
                        <String CONTENT=""/>
                    </TextLine>

                    <TextLine ID="line_28" HPOS="28" VPOS="964" WIDTH="580" HEIGHT="42" BASELINE="29 994 608 991" TAGREFS="TYPE_1">
                        <Shape>
                            <Polygon POINTS="29 994 29 1002 167 1006 168 1006 168 1006 186 1001 189 1001 199 1001 266 1005 267 1005 267 1005 279 1001 286 1001 437 1004 438 1004 607 999 608 991 605 964 462 970 417 966 390 965 389 965 372 967 355 970 349 967 342 965 341 965 341 965 321 968 306 970 262 969 175 966 174 966 142 966 141 966 140 966 135 971 135 972 86 972 74 972 53 966 52 966 51 966 50 966 28 972 29 994"/>
                        </Shape>
                        <String CONTENT=""/>
                    </TextLine>

                    <TextLine ID="line_29" HPOS="30" VPOS="997" WIDTH="579" HEIGHT="41" BASELINE="31 1025 609 1022" TAGREFS="TYPE_1">
                        <Shape>
                            <Polygon POINTS="31 1025 31 1034 100 1038 101 1038 102 1038 102 1038 108 1034 109 1034 143 1034 148 1034 174 1038 175 1038 222 1033 223 1033 225 1033 256 1037 257 1037 381 1032 423 1036 423 1036 424 1036 442 1032 478 1036 479 1036 480 1036 481 1036 486 1032 491 1036 492 1036 493 1036 493 1036 585 1036 585 1036 609 1030 609 1022 607 1003 575 997 574 997 541 1003 528 999 527 999 526 999 526 999 525 999 520 1003 520 1003 492 1003 491 1003 483 998 482 998 481 998 481 998 447 1002 430 998 429 998 428 998 427 998 412 1003 411 1003 405 1003 351 999 350 999 329 1003 317 1004 303 1002 277 999 276 999 253 1002 248 1003 247 1002 243 999 242 999 242 999 209 999 209 999 208 999 207 999 202 1002 201 1003 199 1002 196 999 195 999 194 999 193 999 179 1002 166 1005 152 1002 143 999 142 999 141 999 140 999 132 1002 119 1005 30 1002 31 1025"/>
                        </Shape>
                        <String CONTENT=""/>
                    </TextLine>

                    <TextLine ID="line_30" HPOS="28" VPOS="1028" WIDTH="580" HEIGHT="41" BASELINE="29 1058 608 1055" TAGREFS="TYPE_1">
                        <Shape>
                            <Polygon POINTS="29 1058 29 1069 607 1067 608 1055 606 1034 534 1028 533 1028 465 1033 428 1036 419 1033 406 1029 405 1029 404 1029 403 1029 391 1033 390 1033 387 1033 367 1029 366 1029 366 1029 351 1033 345 1034 329 1033 292 1030 291 1030 290 1030 281 1032 273 1035 255 1032 238 1031 238 1031 200 1032 199 1032 198 1032 197 1032 193 1037 82 1037 69 1032 65 1031 64 1031 63 1031 28 1032 29 1058"/>
                        </Shape>
                        <String CONTENT=""/>
                    </TextLine>

                    <TextLine ID="line_31" HPOS="30" VPOS="1062" WIDTH="284" HEIGHT="37" BASELINE="31 1090 314 1089" TAGREFS="TYPE_1">
                        <Shape>
                            <Polygon POINTS="31 1090 31 1099 313 1098 314 1089 312 1065 289 1069 279 1065 276 1064 275 1064 275 1064 274 1064 271 1065 259 1069 242 1065 227 1062 226 1062 202 1066 184 1069 177 1066 169 1063 168 1063 134 1063 133 1063 132 1063 131 1063 131 1064 127 1067 125 1070 82 1070 80 1068 74 1063 74 1063 73 1063 45 1063 44 1063 43 1063 30 1068 31 1090"/>
                        </Shape>
                        <String CONTENT=""/>
                    </TextLine>
</TextBlock>
                <TextBlock ID="block_2" HPOS="31" VPOS="1101" WIDTH="579" HEIGHT="101" TAGREFS="TYPE_9">
                    <Shape>
                        <Polygon POINTS="31.274856567382812 1101.0657958984375 610.7394409179688 1101.0657958984375 610.7394409179688 1202.216796875 31.274856567382812 1202.216796875 31.274856567382812 1101.0657958984375"/>
                    </Shape>
                    <TextLine ID="line_32" HPOS="63" VPOS="1094" WIDTH="542" HEIGHT="40" BASELINE="63 1123 605 1123" TAGREFS="TYPE_1">
                        <Shape>
                            <Polygon POINTS="63 1123 63 1132 604 1134 605 1123 605 1101 555 1096 554 1096 506 1099 498 1094 497 1094 497 1094 448 1094 447 1094 446 1094 445 1094 439 1099 436 1101 427 1099 394 1094 393 1094 349 1099 337 1100 325 1098 282 1094 281 1094 280 1094 263 1098 254 1101 242 1098 230 1096 230 1096 229 1096 222 1098 212 1101 63 1098 63 1123"/>
                        </Shape>
                        <String CONTENT=""/>
                    </TextLine>

                    <TextLine ID="line_33" HPOS="29" VPOS="1128" WIDTH="578" HEIGHT="40" BASELINE="30 1155 607 1154" TAGREFS="TYPE_1">
                        <Shape>
                            <Polygon POINTS="30 1155 30 1168 62 1164 96 1168 97 1168 158 1164 193 1168 197 1168 198 1168 199 1168 201 1168 214 1164 256 1167 268 1168 269 1168 291 1167 358 1163 399 1166 416 1167 417 1167 418 1167 422 1165 430 1163 433 1165 435 1167 436 1167 436 1167 437 1167 444 1165 456 1163 471 1165 482 1167 483 1167 606 1164 607 1154 605 1135 555 1135 555 1135 547 1131 546 1131 545 1131 499 1135 493 1135 493 1135 485 1130 485 1130 484 1130 483 1130 482 1130 481 1130 474 1135 473 1135 472 1135 450 1128 449 1128 448 1128 395 1134 384 1135 356 1135 353 1134 345 1128 345 1128 344 1128 343 1128 312 1129 311 1129 300 1133 293 1135 283 1133 262 1129 261 1129 260 1129 247 1133 240 1135 234 1133 225 1129 224 1129 223 1129 186 1133 166 1135 154 1132 135 1129 134 1129 119 1132 110 1135 103 1132 94 1129 94 1129 93 1129 29 1131 30 1155"/>
                        </Shape>
                        <String CONTENT=""/>
                    </TextLine>

                    <TextLine ID="line_34" HPOS="28" VPOS="1160" WIDTH="579" HEIGHT="49" BASELINE="29 1189 607 1186" TAGREFS="TYPE_1">
                        <Shape>
                            <Polygon POINTS="29 1189 30 1209 58 1200 114 1200 130 1208 131 1209 132 1209 133 1209 140 1208 173 1202 191 1207 195 1208 196 1208 197 1208 197 1208 201 1206 222 1199 252 1199 262 1205 264 1208 265 1208 266 1208 267 1208 288 1205 303 1203 312 1205 320 1206 320 1206 321 1206 326 1205 341 1198 360 1204 363 1205 364 1205 365 1205 366 1205 370 1204 384 1200 397 1203 413 1207 414 1207 415 1207 480 1206 481 1206 481 1206 487 1201 493 1197 523 1197 533 1201 549 1206 550 1206 551 1206 606 1199 607 1186 605 1167 572 1167 556 1160 555 1160 555 1160 554 1160 531 1167 469 1167 460 1160 459 1160 458 1160 457 1160 402 1164 363 1160 362 1160 333 1165 319 1160 318 1160 317 1160 287 1161 286 1161 285 1161 285 1162 279 1167 266 1161 265 1161 264 1161 263 1161 246 1166 206 1161 205 1161 205 1161 190 1168 166 1168 151 1162 150 1162 149 1162 148 1162 134 1168 126 1162 125 1162 124 1162 103 1162 102 1162 102 1162 101 1162 91 1169 28 1169 29 1189"/>
                        </Shape>
                        <String CONTENT=""/>
                    </TextLine>
</TextBlock>
            </PrintSpace>
        </Page>
    </Layout>
</alto>