<?xml version="1.0" encoding="UTF-8"?>
<alto xmlns:xsi="http://www.w3.org/2001/XMLSchema-instance"
    xmlns="http://www.loc.gov/standards/alto/ns-v4#"
    xsi:schemaLocation="http://www.loc.gov/standards/alto/ns-v4# http://www.loc.gov/standards/alto/v4/alto-4-3.xsd">
    <Description>
        <MeasurementUnit>pixel</MeasurementUnit>
        <sourceImageInformation>
            <fileName>2013329.jpeg</fileName>
        </sourceImageInformation>
        <Processing ID="OCR_0">
            <processingCategory>other</processingCategory>
            <processingStepDescription>unknown</processingStepDescription>
            <processingSoftware>
                <softwareName>kraken</softwareName>
                <softwareVersion>4.3.13</softwareVersion>
            </processingSoftware>
        </Processing>
    </Description>
    <Tags>
        <OtherTag ID="TYPE_1" LABEL="DefaultLine"/>
        <OtherTag ID="TYPE_2" LABEL="TableZone"/>
        <OtherTag ID="TYPE_3" LABEL="MainZone-Other"/>
        <OtherTag ID="TYPE_4" LABEL="GraphicZone-FigDesc"/>
        <OtherTag ID="TYPE_5" LABEL="GraphicZone-Decoration"/>
        <OtherTag ID="TYPE_6" LABEL="GraphicZone-TextualContent"/>
        <OtherTag ID="TYPE_7" LABEL="DropCapitalZone"/>
        <OtherTag ID="TYPE_8" LABEL="MainZone-Sp"/>
        <OtherTag ID="TYPE_9" LABEL="MainZone-P"/>
        <OtherTag ID="TYPE_10" LABEL="MarginTextZone-Notes"/>
        <OtherTag ID="TYPE_11" LABEL="MainZone-Signature"/>
        <OtherTag ID="TYPE_12" LABEL="TitlePageZone-Index"/>
        <OtherTag ID="TYPE_13" LABEL="TableZone-Head"/>
        <OtherTag ID="TYPE_14" LABEL="NumberingZone"/>
        <OtherTag ID="TYPE_15" LABEL="GraphicZone-Part"/>
        <OtherTag ID="TYPE_16" LABEL="GraphicZone-Head"/>
        <OtherTag ID="TYPE_17" LABEL="FigureZone-FigDesc"/>
        <OtherTag ID="TYPE_18" LABEL="MainZone-P-Continued"/>
        <OtherTag ID="TYPE_19" LABEL="MainZone-List"/>
        <OtherTag ID="TYPE_20" LABEL="TitlePageZone"/>
        <OtherTag ID="TYPE_21" LABEL="GraphicZone-Maths"/>
        <OtherTag ID="TYPE_22" LABEL="FigureZone"/>
        <OtherTag ID="TYPE_23" LABEL="MainZone-Date"/>
        <OtherTag ID="TYPE_24" LABEL="GraphicZone"/>
        <OtherTag ID="TYPE_25" LABEL="AdvertisementZone"/>
        <OtherTag ID="TYPE_26" LABEL="MainZone-Lg"/>
        <OtherTag ID="TYPE_27" LABEL="QuireMarksZone"/>
        <OtherTag ID="TYPE_28" LABEL="TableZone-Continued"/>
        <OtherTag ID="TYPE_29" LABEL="MainZone-Form"/>
        <OtherTag ID="TYPE_30" LABEL="MainZone-Entry"/>
        <OtherTag ID="TYPE_31" LABEL="MarginTextZone-ManuscriptAddendum"/>
        <OtherTag ID="TYPE_32" LABEL="DigitizationArtefactZone"/>
        <OtherTag ID="TYPE_33" LABEL="MarginTextZone-Notes-Continued"/>
        <OtherTag ID="TYPE_34" LABEL="MainZone-Lg-Continued"/>
        <OtherTag ID="TYPE_35" LABEL="StampZone"/>
        <OtherTag ID="TYPE_36" LABEL="MainZone-Entry-Continued"/>
        <OtherTag ID="TYPE_37" LABEL="MainZone-List-Continued"/>
        <OtherTag ID="TYPE_38" LABEL="MainZone-Head"/>
        <OtherTag ID="TYPE_39" LABEL="MainZone-Sp-Continued"/>
        <OtherTag ID="TYPE_40" LABEL="RunningTitleZone"/>
        <OtherTag ID="TYPE_41" LABEL="FigureZone-Head"/>
        <OtherTag ID="TYPE_42" LABEL="StampZone-Sticker"/>
    </Tags>
    <Layout>
        <Page WIDTH="1000" HEIGHT="1448" PHYSICAL_IMG_NR="0" ID="page_0">
            <PrintSpace HPOS="0" VPOS="0" WIDTH="1000" HEIGHT="1448">
                <TextBlock ID="block_2" HPOS="579" VPOS="91" WIDTH="54" HEIGHT="34" TAGREFS="TYPE_14">
                    <Shape>
                        <Polygon POINTS="579.490478515625 91.69023895263672 633.2993774414062 91.69023895263672 633.2993774414062 125.4482421875 579.490478515625 125.4482421875 579.490478515625 91.69023895263672"/>
                    </Shape>
                    <TextLine ID="line_0" HPOS="580" VPOS="81" WIDTH="48" HEIGHT="45" BASELINE="581 110 628 111" TAGREFS="TYPE_1">
                        <Shape>
                            <Polygon POINTS="581 110 580 122 589 126 590 126 591 126 627 124 628 111 627 86 613 87 609 85 604 81 604 81 603 81 602 81 581 84 581 110"/>
                        </Shape>
                        <String CONTENT=""/>
                    </TextLine>
</TextBlock>
                <TextBlock ID="block_6" HPOS="237" VPOS="75" WIDTH="187" HEIGHT="36" TAGREFS="TYPE_40">
                    <Shape>
                        <Polygon POINTS="237.81857299804688 75.64120483398438 424.6834411621094 75.64120483398438 424.6834411621094 111.76207733154297 237.81857299804688 111.76207733154297 237.81857299804688 75.64120483398438"/>
                    </Shape>
                    <TextLine ID="line_1" HPOS="236" VPOS="90" WIDTH="190" HEIGHT="19" BASELINE="237 99 426 101" TAGREFS="TYPE_1">
                        <Shape>
                            <Polygon POINTS="422 90 414 90 406 90 398 90 390 90 382 90 374 90 366 90 358 90 349 90 341 90 333 90 325 90 317 90 309 90 301 90 293 90 285 90 277 90 269 90 261 90 253 90 245 90 237 90 237 99 236 109 425 109 426 101 425 90 422 90"/>
                        </Shape>
                        <String CONTENT=""/>
                    </TextLine>
</TextBlock>
                <TextBlock ID="block_3" HPOS="50" VPOS="112" WIDTH="583" HEIGHT="456" TAGREFS="TYPE_18">
                    <Shape>
                        <Polygon POINTS="50.860496520996094 112.07067108154297 633.8775634765625 112.07067108154297 633.8775634765625 568.0706176757812 50.860496520996094 568.0706176757812 50.860496520996094 112.07067108154297"/>
                    </Shape>
                    <TextLine ID="line_2" HPOS="56" VPOS="102" WIDTH="577" HEIGHT="54" BASELINE="57 135 255 137 633 146" TAGREFS="TYPE_1">
                        <Shape>
                            <Polygon POINTS="57 135 56 141 73 147 74 147 74 147 197 145 208 145 213 145 252 150 253 150 254 150 264 147 267 146 273 147 293 151 294 151 295 151 305 148 310 147 352 147 355 149 362 152 363 152 364 152 382 150 393 148 411 151 440 154 441 154 457 152 468 150 470 152 473 155 474 155 475 155 476 155 491 152 502 151 506 153 513 156 514 156 514 156 528 153 534 152 542 154 554 156 555 156 633 156 633 146 633 118 595 120 579 116 567 113 567 113 566 113 565 113 560 115 553 119 534 119 522 115 514 111 514 111 513 111 492 114 470 116 466 113 464 111 464 111 463 111 462 111 461 111 460 111 454 113 440 117 407 117 393 111 386 109 386 109 385 109 368 111 327 115 317 109 316 109 316 109 315 109 313 109 291 114 283 108 282 107 281 107 280 107 234 106 233 106 232 106 230 106 217 113 195 113 137 104 133 104 132 104 131 104 102 110 57 102 57 135"/>
                        </Shape>
                        <String CONTENT=""/>
                    </TextLine>

                    <TextLine ID="line_3" HPOS="55" VPOS="143" WIDTH="577" HEIGHT="44" BASELINE="56 167 632 177" TAGREFS="TYPE_1">
                        <Shape>
                            <Polygon POINTS="56 167 55 178 630 187 632 177 631 155 577 155 575 153 572 150 571 150 570 150 569 150 555 153 552 153 551 153 544 148 543 148 543 148 542 148 514 152 500 154 490 152 475 148 474 148 473 148 473 148 463 151 456 153 440 151 411 146 410 146 383 149 367 152 350 149 341 148 341 148 322 148 290 150 285 148 278 143 277 143 56 143 56 167"/>
                        </Shape>
                        <String CONTENT=""/>
                    </TextLine>

                    <TextLine ID="line_4" HPOS="54" VPOS="172" WIDTH="577" HEIGHT="50" BASELINE="55 201 631 209" TAGREFS="TYPE_1">
                        <Shape>
                            <Polygon POINTS="55 201 54 210 228 215 229 215 244 213 251 212 255 213 266 217 267 217 267 217 304 213 316 213 318 213 328 218 329 218 329 218 396 214 407 214 409 214 421 219 422 219 423 219 467 215 472 215 477 215 526 221 527 221 557 217 597 222 598 222 630 217 631 209 631 187 599 182 598 182 514 184 496 179 495 179 494 179 432 183 422 183 415 182 370 176 300 176 300 176 299 176 283 180 279 181 275 180 259 175 259 175 258 175 257 175 247 179 245 180 239 179 212 174 211 174 183 178 180 178 179 178 175 174 174 174 173 174 172 174 152 177 144 178 135 176 107 172 106 172 106 172 95 176 91 177 55 176 55 201"/>
                        </Shape>
                        <String CONTENT=""/>
                    </TextLine>

                    <TextLine ID="line_5" HPOS="56" VPOS="207" WIDTH="574" HEIGHT="44" BASELINE="56 234 248 234 630 243" TAGREFS="TYPE_1">
                        <Shape>
                            <Polygon POINTS="56 234 56 243 105 240 141 245 152 246 152 246 175 245 237 242 243 246 245 247 246 247 246 247 247 247 277 246 325 244 386 247 459 251 460 251 629 250 630 243 630 221 614 217 613 217 613 217 555 218 547 214 546 214 545 214 544 214 534 218 527 213 526 213 526 213 525 213 524 213 506 218 476 213 475 213 474 213 460 217 458 218 458 217 452 213 452 212 452 212 451 212 450 212 420 216 418 216 415 216 391 211 390 211 390 211 379 215 375 216 327 216 324 213 319 209 318 209 317 209 316 209 294 213 283 214 266 212 238 208 238 208 217 211 206 212 193 210 170 207 169 207 168 207 160 209 151 212 56 207 56 234"/>
                        </Shape>
                        <String CONTENT=""/>
                    </TextLine>

                    <TextLine ID="line_6" HPOS="56" VPOS="237" WIDTH="574" HEIGHT="47" BASELINE="57 263 630 275" TAGREFS="TYPE_1">
                        <Shape>
                            <Polygon POINTS="57 263 56 276 629 284 630 275 630 255 577 254 577 253 569 246 568 246 567 246 543 246 542 246 541 246 522 252 521 252 517 252 454 244 453 244 415 250 407 243 406 243 405 243 404 243 403 243 386 250 385 250 383 249 369 242 368 242 367 242 320 248 318 248 317 248 303 241 302 241 301 241 300 241 291 245 259 240 259 240 258 240 257 240 257 241 250 246 250 247 231 247 229 246 208 240 207 240 206 240 205 240 188 246 186 246 185 246 161 238 160 238 93 237 92 237 91 237 78 243 57 243 57 263"/>
                        </Shape>
                        <String CONTENT=""/>
                    </TextLine>

                    <TextLine ID="line_7" HPOS="53" VPOS="271" WIDTH="577" HEIGHT="45" BASELINE="54 296 630 306" TAGREFS="TYPE_1">
                        <Shape>
                            <Polygon POINTS="54 296 53 308 629 316 630 306 630 285 515 278 514 278 514 278 502 283 501 283 487 277 486 277 485 277 485 277 465 282 462 283 461 282 453 277 452 277 452 277 451 277 362 280 343 281 340 280 324 275 323 275 322 275 321 275 304 279 301 280 292 279 262 276 261 276 260 276 251 279 249 279 246 279 231 273 230 273 198 272 178 272 177 272 176 272 176 272 168 278 166 279 152 279 150 277 140 271 139 271 139 271 138 271 113 277 111 277 109 277 89 271 88 271 87 271 54 275 54 296"/>
                        </Shape>
                        <String CONTENT=""/>
                    </TextLine>

                    <TextLine ID="line_8" HPOS="53" VPOS="304" WIDTH="576" HEIGHT="44" BASELINE="54 329 629 337" TAGREFS="TYPE_1">
                        <Shape>
                            <Polygon POINTS="54 329 53 336 66 341 67 341 68 341 105 338 120 343 121 343 122 343 155 338 176 344 176 344 177 344 178 344 191 339 205 344 206 344 207 344 227 340 323 341 329 346 329 346 330 346 331 346 357 341 358 341 359 341 366 347 366 347 367 347 368 347 369 347 386 342 387 342 389 342 427 348 427 348 628 346 629 337 628 317 576 311 576 311 540 315 534 316 530 315 511 310 510 310 510 310 453 313 439 314 435 313 420 308 419 308 419 308 382 312 369 313 357 312 331 308 330 308 329 308 320 311 316 312 312 311 304 307 303 307 302 307 286 310 279 312 274 310 264 306 263 306 263 306 231 309 212 311 201 308 189 306 189 306 174 308 160 310 156 308 152 304 151 304 150 304 149 304 54 305 54 329"/>
                        </Shape>
                        <String CONTENT=""/>
                    </TextLine>

                    <TextLine ID="line_9" HPOS="53" VPOS="335" WIDTH="576" HEIGHT="47" BASELINE="53 362 629 370" TAGREFS="TYPE_1">
                        <Shape>
                            <Polygon POINTS="53 362 53 370 69 376 70 376 71 376 157 372 178 378 179 378 180 378 210 373 211 373 263 379 263 379 264 379 283 374 316 380 316 380 341 375 389 381 390 381 390 381 404 376 420 382 421 382 422 382 629 379 629 370 629 346 586 349 566 345 552 343 551 343 551 343 550 343 547 345 543 348 517 345 489 341 488 341 487 341 486 341 482 345 478 346 476 345 473 342 473 341 473 341 472 341 458 341 457 341 456 341 446 344 436 346 432 344 425 341 424 341 423 341 365 343 329 345 324 343 311 338 310 338 309 338 308 338 298 341 263 337 263 337 238 342 232 343 228 342 217 337 216 337 215 337 181 341 172 342 168 341 159 337 158 337 157 337 156 337 144 341 143 341 142 341 135 336 135 336 134 336 133 336 111 341 107 341 106 341 98 335 98 335 97 335 60 335 59 335 58 335 57 335 53 337 53 362"/>
                        </Shape>
                        <String CONTENT=""/>
                    </TextLine>

                    <TextLine ID="line_10" HPOS="53" VPOS="368" WIDTH="576" HEIGHT="45" BASELINE="53 394 629 403" TAGREFS="TYPE_1">
                        <Shape>
                            <Polygon POINTS="53 394 53 403 95 403 98 403 110 407 111 407 111 407 148 404 156 403 167 404 209 409 210 409 246 406 256 405 258 406 263 410 264 410 265 410 266 410 297 407 307 406 310 407 316 410 317 410 318 410 362 408 376 407 378 408 382 411 383 411 384 411 385 411 407 409 419 407 421 409 426 412 427 412 427 412 428 413 629 413 629 403 628 377 590 382 578 376 577 376 576 376 576 376 473 381 460 375 460 375 459 375 427 380 407 374 407 374 406 374 378 379 345 373 345 373 344 373 330 378 312 372 311 372 283 372 283 372 282 372 281 372 272 378 217 378 204 370 203 370 202 370 179 375 172 370 171 370 170 370 169 370 168 370 154 375 114 371 113 371 112 371 111 371 105 375 53 368 53 394"/>
                        </Shape>
                        <String CONTENT=""/>
                    </TextLine>

                    <TextLine ID="line_11" HPOS="53" VPOS="399" WIDTH="575" HEIGHT="48" BASELINE="54 427 628 436" TAGREFS="TYPE_1">
                        <Shape>
                            <Polygon POINTS="53 436 105 436 105 437 113 442 114 442 115 442 115 442 152 438 170 443 171 443 263 444 263 444 302 440 304 440 305 440 367 446 368 446 398 442 399 442 400 442 432 447 433 447 627 445 628 436 627 414 602 414 601 413 595 407 594 407 593 407 592 407 592 407 581 412 579 413 545 413 541 411 524 406 523 406 472 405 471 405 470 405 461 409 458 411 424 411 419 408 410 404 409 404 408 404 407 404 398 407 391 409 382 407 365 403 345 403 345 403 344 403 343 403 340 406 335 409 309 405 302 404 301 404 297 405 280 408 262 403 255 403 255 403 254 403 251 403 237 407 228 403 226 402 225 402 224 402 223 402 222 402 222 403 213 407 200 402 198 402 197 402 197 402 196 402 194 402 178 407 170 401 169 401 168 401 168 401 162 401 113 406 106 400 106 399 105 399 104 399 103 399 99 399 71 403 55 399 54 427 53 436"/>
                        </Shape>
                        <String CONTENT=""/>
                    </TextLine>

                    <TextLine ID="line_12" HPOS="50" VPOS="448" WIDTH="578" HEIGHT="36" BASELINE="50 459 628 468" TAGREFS="TYPE_1">
                        <Shape>
                            <Polygon POINTS="501 456 493 456 485 456 477 456 469 456 460 456 452 456 444 456 436 456 428 456 420 456 412 456 404 456 396 456 388 456 380 456 372 456 364 456 356 456 348 456 340 456 332 456 324 456 316 456 308 456 300 456 292 456 283 456 275 456 267 456 259 456 251 456 243 456 235 456 227 456 219 456 211 456 203 456 195 456 187 456 179 456 171 456 163 456 155 456 147 456 139 456 131 456 123 456 115 456 106 456 98 456 90 456 82 456 74 456 66 456 58 456 50 456 50 459 50 468 80 468 81 468 89 475 90 475 90 475 91 475 139 470 155 477 156 477 156 477 157 477 168 472 179 477 180 477 181 477 181 477 196 470 197 470 213 477 213 477 214 477 235 473 271 477 272 477 273 477 274 477 279 473 312 479 313 480 383 480 383 479 384 479 385 479 393 473 432 479 432 479 433 479 448 474 567 475 575 482 575 483 576 483 576 483 577 484 605 484 605 483 606 483 627 476 628 468 627 449 505 448 504 448 501 456"/>
                        </Shape>
                        <String CONTENT=""/>
                    </TextLine>

                    <TextLine ID="line_13" HPOS="50" VPOS="466" WIDTH="577" HEIGHT="46" BASELINE="51 491 627 499" TAGREFS="TYPE_1">
                        <Shape>
                            <Polygon POINTS="51 491 50 500 340 509 341 509 411 505 439 510 440 510 440 510 449 505 459 510 460 510 460 510 461 510 475 507 569 512 570 512 626 507 627 499 626 481 559 480 558 479 551 473 551 473 551 473 550 473 549 473 520 473 519 473 518 473 513 477 511 479 505 477 482 472 481 472 481 472 480 472 461 477 455 478 447 477 428 471 427 471 390 470 390 470 389 470 388 470 381 475 378 477 368 474 356 472 355 472 354 472 347 474 339 477 335 473 334 473 333 473 333 473 332 473 319 473 297 475 292 473 282 468 281 468 280 468 254 472 229 475 218 471 208 468 207 468 206 468 189 470 167 474 149 469 139 467 139 467 106 466 106 466 105 466 104 466 102 468 98 471 94 468 89 466 88 466 87 466 51 467 51 491"/>
                        </Shape>
                        <String CONTENT=""/>
                    </TextLine>

                    <TextLine ID="line_14" HPOS="49" VPOS="497" WIDTH="576" HEIGHT="48" BASELINE="49 524 625 533" TAGREFS="TYPE_1">
                        <Shape>
                            <Polygon POINTS="49 524 49 530 106 532 118 538 119 538 119 538 156 534 157 534 158 534 169 538 170 538 245 539 246 539 246 539 253 536 255 535 267 536 312 541 312 541 328 538 333 537 349 538 380 542 381 542 382 542 390 539 400 537 456 541 469 542 469 542 475 542 515 538 519 542 519 543 520 543 521 543 522 543 522 543 553 539 624 545 625 533 625 505 548 511 540 505 539 505 539 505 538 505 537 505 536 505 525 510 511 505 509 504 508 504 507 504 506 504 504 505 490 511 469 511 448 505 443 503 442 503 441 503 428 505 414 506 409 505 403 502 403 502 402 502 401 502 395 505 383 509 349 509 343 505 339 501 338 501 337 501 337 501 336 501 328 504 317 508 294 508 279 504 259 500 258 500 257 500 241 504 230 506 189 506 185 504 174 499 173 499 172 499 172 499 162 504 159 505 112 505 111 504 102 497 102 497 101 497 100 497 99 497 82 504 80 504 49 504 49 524"/>
                        </Shape>
                        <String CONTENT=""/>
                    </TextLine>

                    <TextLine ID="line_15" HPOS="47" VPOS="529" WIDTH="215" HEIGHT="43" BASELINE="48 555 262 559" TAGREFS="TYPE_1">
                        <Shape>
                            <Polygon POINTS="48 555 47 563 100 564 114 570 115 570 115 570 140 567 154 571 155 571 242 572 242 572 243 572 261 567 262 559 262 540 230 534 229 534 188 537 154 530 153 530 123 537 100 529 99 529 59 529 58 529 57 529 57 529 48 534 48 555"/>
                        </Shape>
                        <String CONTENT=""/>
                    </TextLine>
</TextBlock>
                <TextBlock ID="block_0" HPOS="44" VPOS="567" WIDTH="582" HEIGHT="421" TAGREFS="TYPE_9">
                    <Shape>
                        <Polygon POINTS="44.82789993286133 567.4536743164062 626.8471069335938 567.4536743164062 626.8471069335938 988.9209594726562 44.82789993286133 988.9209594726562 44.82789993286133 567.4536743164062"/>
                    </Shape>
                    <TextLine ID="line_16" HPOS="78" VPOS="560" WIDTH="547" HEIGHT="50" BASELINE="79 589 625 599" TAGREFS="TYPE_1">
                        <Shape>
                            <Polygon POINTS="79 589 78 600 487 604 488 604 493 608 493 608 494 608 495 608 496 608 506 605 508 605 580 610 581 610 625 606 625 599 625 574 613 569 613 569 612 569 611 569 594 574 593 574 582 566 581 566 580 566 580 566 531 572 527 572 526 571 521 567 521 567 520 567 519 567 478 564 477 564 477 564 463 567 353 562 353 562 352 562 351 562 345 567 342 569 308 569 302 566 300 565 300 565 299 565 293 566 277 568 271 565 263 560 263 560 262 560 261 560 260 560 249 564 241 568 218 568 79 560 79 589"/>
                        </Shape>
                        <String CONTENT=""/>
                    </TextLine>

                    <TextLine ID="line_17" HPOS="45" VPOS="593" WIDTH="580" HEIGHT="51" BASELINE="46 622 291 624 625 632" TAGREFS="TYPE_1">
                        <Shape>
                            <Polygon POINTS="46 622 45 631 623 644 625 632 624 603 579 608 521 608 515 602 514 602 514 601 514 601 513 601 512 601 504 602 467 606 461 601 460 601 460 601 459 601 454 601 429 605 423 601 423 601 422 601 355 598 354 598 331 601 320 602 309 600 282 597 281 597 280 597 272 600 266 603 256 600 246 598 246 598 245 598 244 598 235 600 228 602 199 600 145 596 144 596 122 600 121 600 107 594 106 594 106 594 82 599 67 593 66 593 65 593 65 593 46 599 46 622"/>
                        </Shape>
                        <String CONTENT=""/>
                    </TextLine>

                    <TextLine ID="line_18" HPOS="45" VPOS="628" WIDTH="576" HEIGHT="50" BASELINE="46 653 621 664" TAGREFS="TYPE_1">
                        <Shape>
                            <Polygon POINTS="46 653 45 661 128 670 129 670 203 666 242 671 242 671 243 671 244 671 249 667 252 666 287 666 290 669 292 671 293 671 294 671 295 671 329 670 373 668 411 670 414 673 416 675 417 675 418 675 419 675 436 673 454 671 462 674 468 676 469 676 469 676 470 676 471 676 473 674 479 670 491 675 497 677 497 677 498 677 508 675 528 672 543 677 547 678 547 678 619 678 621 664 621 641 583 641 580 640 570 636 569 636 568 636 530 639 526 639 520 639 488 634 487 634 473 637 469 638 465 637 455 633 454 633 453 633 427 637 416 637 412 636 403 633 402 633 401 633 336 634 301 635 296 633 288 630 288 630 287 630 247 632 220 633 209 631 195 629 194 629 181 631 169 633 46 628 46 653"/>
                        </Shape>
                        <String CONTENT=""/>
                    </TextLine>

                    <TextLine ID="line_19" HPOS="45" VPOS="663" WIDTH="576" HEIGHT="47" BASELINE="46 687 227 687 621 697" TAGREFS="TYPE_1">
                        <Shape>
                            <Polygon POINTS="46 687 45 695 63 699 64 699 374 701 382 701 386 702 580 710 581 710 620 706 621 697 621 676 537 669 536 669 503 673 502 673 501 673 459 667 458 667 425 671 423 671 422 671 407 666 406 666 405 666 355 670 351 670 341 665 341 665 46 663 46 687"/>
                        </Shape>
                        <String CONTENT=""/>
                    </TextLine>

                    <TextLine ID="line_20" HPOS="45" VPOS="692" WIDTH="575" HEIGHT="51" BASELINE="45 718 620 729" TAGREFS="TYPE_1">
                        <Shape>
                            <Polygon POINTS="45 718 45 731 148 730 173 734 181 735 181 735 182 735 185 734 193 731 205 735 208 736 209 736 209 736 227 735 283 732 304 736 308 737 309 737 320 737 371 734 378 738 379 739 380 739 381 739 430 740 431 740 432 740 432 740 441 736 456 740 458 740 459 740 460 740 474 740 533 738 618 743 620 729 620 708 566 707 561 702 560 702 559 702 559 702 558 702 547 706 519 706 502 706 502 705 486 699 485 699 485 699 417 703 415 703 409 699 409 698 408 698 407 698 407 698 362 702 332 696 331 696 330 696 311 701 296 697 296 697 295 697 258 700 255 700 255 700 248 695 247 695 246 695 246 695 198 699 126 692 125 692 102 697 100 697 45 696 45 718"/>
                        </Shape>
                        <String CONTENT=""/>
                    </TextLine>

                    <TextLine ID="line_21" HPOS="45" VPOS="727" WIDTH="574" HEIGHT="48" BASELINE="45 751 619 762" TAGREFS="TYPE_1">
                        <Shape>
                            <Polygon POINTS="45 751 45 761 116 765 117 765 118 765 123 763 127 761 142 763 168 767 169 767 249 765 271 765 276 765 295 769 296 769 296 769 297 769 303 765 304 765 309 766 340 769 341 769 358 766 361 766 363 767 374 771 375 771 376 771 407 767 414 767 422 768 471 773 472 773 473 773 481 769 483 769 537 774 538 774 574 771 579 775 580 775 580 775 581 775 618 770 619 762 619 740 613 736 612 736 611 736 610 736 586 740 530 734 529 734 501 739 479 735 478 735 414 737 386 737 374 731 373 731 372 731 371 731 355 736 315 736 292 729 292 729 273 729 272 729 271 729 271 729 265 734 168 727 168 727 45 730 45 751"/>
                        </Shape>
                        <String CONTENT=""/>
                    </TextLine>

                    <TextLine ID="line_22" HPOS="43" VPOS="758" WIDTH="577" HEIGHT="48" BASELINE="44 784 620 793" TAGREFS="TYPE_1">
                        <Shape>
                            <Polygon POINTS="44 784 43 792 102 798 103 798 139 794 242 801 243 801 244 801 255 797 308 797 316 802 317 802 318 802 319 802 332 798 380 803 381 803 382 803 395 800 572 806 572 806 619 802 620 793 620 773 586 773 585 773 580 768 580 767 579 767 578 767 577 767 576 767 565 772 564 772 486 766 485 766 485 766 470 770 457 765 456 765 456 765 431 770 429 770 428 770 423 765 423 764 422 764 421 764 420 764 384 769 381 769 378 769 353 763 352 763 351 763 334 769 333 769 325 762 324 762 323 762 322 762 288 768 285 768 284 768 275 761 274 761 273 761 272 761 271 761 259 767 246 761 246 761 245 761 244 761 243 761 235 766 168 761 168 761 167 761 156 765 155 765 137 759 136 759 61 758 61 758 60 758 44 763 44 784"/>
                        </Shape>
                        <String CONTENT=""/>
                    </TextLine>

                    <TextLine ID="line_23" HPOS="41" VPOS="795" WIDTH="577" HEIGHT="44" BASELINE="42 816 618 826" TAGREFS="TYPE_1">
                        <Shape>
                            <Polygon POINTS="348 795 342 795 316 798 312 795 308 795 300 795 292 795 283 795 282 795 278 799 275 800 235 800 232 798 225 795 219 795 211 795 203 795 195 795 194 795 187 795 179 795 171 795 163 795 155 795 147 795 139 795 131 795 123 795 115 795 106 795 98 795 90 795 82 795 74 795 66 795 58 795 53 795 42 795 42 816 41 826 102 831 103 831 155 829 171 828 307 830 310 832 317 835 318 835 319 835 338 833 349 831 356 833 366 836 366 836 367 836 394 834 408 833 418 835 432 837 432 837 433 837 434 837 436 835 438 834 440 835 444 838 444 838 445 838 446 838 489 836 528 835 538 837 546 839 547 839 547 839 617 839 618 826 617 804 584 806 579 803 575 800 574 800 573 800 572 800 572 800 563 803 557 805 550 802 535 798 534 798 534 798 498 802 484 803 480 802 469 798 469 798 468 798 467 798 457 802 452 803 378 802 372 800 355 795 348 795"/>
                        </Shape>
                        <String CONTENT=""/>
                    </TextLine>

                    <TextLine ID="line_24" HPOS="41" VPOS="824" WIDTH="576" HEIGHT="48" BASELINE="42 850 617 859" TAGREFS="TYPE_1">
                        <Shape>
                            <Polygon POINTS="42 850 41 861 94 859 107 863 113 864 114 864 185 865 185 865 199 863 217 861 227 863 237 866 238 866 238 866 269 863 298 862 327 864 372 868 373 868 403 865 403 865 404 865 485 870 486 870 508 866 514 871 515 871 516 871 517 872 544 872 544 871 545 871 546 871 554 866 563 872 564 872 565 872 616 866 617 859 616 839 584 839 583 838 565 831 564 831 563 831 522 836 513 837 507 835 493 832 493 832 492 832 444 835 432 835 428 834 407 829 407 829 374 833 358 835 340 832 323 830 322 830 313 831 307 833 304 831 300 828 300 827 300 827 299 827 298 827 275 830 259 833 250 830 244 828 243 828 242 828 227 830 201 832 181 828 166 826 165 826 141 827 106 830 99 826 96 824 95 824 94 824 94 824 93 824 87 826 84 828 80 826 76 824 75 824 74 824 42 825 42 850"/>
                        </Shape>
                        <String CONTENT=""/>
                    </TextLine>

                    <TextLine ID="line_25" HPOS="41" VPOS="856" WIDTH="572" HEIGHT="48" BASELINE="42 881 613 890" TAGREFS="TYPE_1">
                        <Shape>
                            <Polygon POINTS="42 881 41 894 144 892 156 897 156 897 157 897 158 897 160 897 185 892 254 897 255 897 297 894 304 900 305 900 306 900 307 900 311 900 341 895 398 900 406 901 482 902 483 902 484 902 496 898 511 903 513 903 514 903 514 903 518 903 540 900 612 904 613 890 613 870 567 870 567 869 561 864 561 863 560 863 559 863 559 863 532 868 530 868 527 868 509 863 508 863 507 863 465 867 458 867 456 867 448 862 447 862 446 862 423 867 421 867 419 866 406 861 405 861 404 861 320 864 302 865 292 864 250 859 249 859 248 859 238 863 236 863 232 863 197 858 197 858 196 858 185 863 184 863 172 862 94 856 93 856 42 859 42 881"/>
                        </Shape>
                        <String CONTENT=""/>
                    </TextLine>

                    <TextLine ID="line_26" HPOS="41" VPOS="888" WIDTH="575" HEIGHT="48" BASELINE="42 913 616 925" TAGREFS="TYPE_1">
                        <Shape>
                            <Polygon POINTS="42 913 41 921 84 928 85 928 117 924 119 924 127 924 250 931 251 931 305 929 324 928 326 929 334 933 335 933 336 933 359 929 369 929 371 930 374 933 375 933 376 933 377 933 418 931 441 930 444 932 451 935 452 935 452 935 472 933 485 931 492 933 497 935 497 935 614 936 616 925 616 905 599 898 598 898 597 898 547 903 543 903 507 903 507 902 493 896 493 896 492 896 467 901 465 901 465 901 436 895 435 895 434 895 422 900 421 900 412 896 411 896 411 896 375 898 362 893 361 893 360 893 359 893 358 893 353 897 329 892 329 892 297 898 295 898 294 898 279 892 279 892 278 892 277 892 264 895 248 891 247 891 230 891 229 891 228 891 227 891 220 896 219 896 218 896 165 889 164 889 164 889 150 894 136 890 135 890 135 890 100 894 98 894 97 894 79 888 78 888 78 888 42 892 42 913"/>
                        </Shape>
                        <String CONTENT=""/>
                    </TextLine>

                    <TextLine ID="line_27" HPOS="41" VPOS="920" WIDTH="576" HEIGHT="50" BASELINE="41 945 617 954" TAGREFS="TYPE_1">
                        <Shape>
                            <Polygon POINTS="41 945 41 956 53 960 54 960 55 960 56 960 57 960 61 957 64 955 134 955 142 958 150 962 151 962 152 962 164 959 176 957 228 957 238 961 246 963 247 963 248 964 272 964 272 963 273 963 274 963 276 962 281 958 288 962 292 964 293 964 294 964 352 963 420 962 438 966 446 966 447 966 448 966 450 966 459 962 497 966 505 967 506 967 517 967 564 965 568 968 569 969 570 969 571 969 572 970 616 970 617 954 616 936 587 936 585 934 570 929 569 929 568 929 525 933 516 933 433 933 427 930 421 928 420 928 419 928 419 928 418 928 415 930 411 932 397 929 386 928 386 928 379 929 369 931 366 929 362 925 362 925 361 925 360 925 341 928 334 929 333 928 328 925 327 925 326 925 325 925 312 927 293 930 251 926 250 926 234 929 226 925 222 923 222 923 221 923 211 924 197 926 189 924 186 922 185 922 157 922 156 922 156 922 154 922 141 928 120 921 119 921 118 921 117 921 115 921 90 927 41 920 41 945"/>
                        </Shape>
                        <String CONTENT=""/>
                    </TextLine>

                    <TextLine ID="line_28" HPOS="40" VPOS="950" WIDTH="50" HEIGHT="40" BASELINE="41 978 90 979" TAGREFS="TYPE_1">
                        <Shape>
                            <Polygon POINTS="41 978 40 990 89 987 90 979 90 951 60 950 59 950 58 950 57 950 57 950 53 954 51 955 41 955 41 978"/>
                        </Shape>
                        <String CONTENT=""/>
                    </TextLine>
</TextBlock>
                <TextBlock ID="block_1" HPOS="40" VPOS="988" WIDTH="578" HEIGHT="202" TAGREFS="TYPE_9">
                    <Shape>
                        <Polygon POINTS="40.22013473510742 988.5432739257812 618.1552124023438 988.5432739257812 618.1552124023438 1190.5269775390625 40.22013473510742 1190.5269775390625 40.22013473510742 988.5432739257812"/>
                    </Shape>
                    <TextLine ID="line_29" HPOS="69" VPOS="985" WIDTH="546" HEIGHT="47" BASELINE="69 1011 615 1021" TAGREFS="TYPE_1">
                        <Shape>
                            <Polygon POINTS="69 1011 69 1019 81 1024 82 1024 82 1024 83 1024 94 1020 95 1020 100 1020 155 1024 156 1024 185 1021 190 1021 191 1021 195 1025 195 1026 196 1026 197 1026 197 1026 252 1023 259 1023 261 1023 279 1028 279 1028 280 1028 304 1024 309 1024 317 1024 363 1029 364 1029 415 1026 425 1026 444 1027 534 1032 534 1032 614 1030 615 1021 614 999 542 998 538 996 520 991 519 991 518 991 477 995 466 995 460 995 439 990 438 990 416 993 406 995 393 993 370 989 369 989 351 991 341 993 332 991 315 987 314 987 280 990 259 991 250 989 238 986 238 986 237 986 216 988 196 991 69 985 69 1011"/>
                        </Shape>
                        <String CONTENT=""/>
                    </TextLine>

                    <TextLine ID="line_30" HPOS="39" VPOS="1016" WIDTH="574" HEIGHT="52" BASELINE="40 1041 613 1054" TAGREFS="TYPE_1">
                        <Shape>
                            <Polygon POINTS="40 1041 39 1050 119 1052 123 1053 148 1058 148 1058 188 1055 203 1054 208 1056 218 1060 218 1060 219 1061 258 1061 258 1060 273 1057 288 1056 292 1058 296 1061 296 1061 297 1061 298 1061 299 1061 307 1059 312 1057 325 1059 338 1061 339 1061 340 1061 341 1061 342 1060 346 1057 357 1061 366 1063 366 1063 367 1063 388 1061 415 1059 436 1063 447 1065 448 1065 454 1063 470 1060 509 1065 519 1066 612 1068 613 1054 613 1034 561 1028 560 1028 559 1028 546 1032 543 1032 541 1032 535 1027 535 1026 534 1026 534 1026 533 1026 512 1031 510 1031 510 1030 505 1026 505 1025 504 1025 503 1025 502 1025 502 1025 485 1029 480 1031 477 1029 468 1024 467 1024 466 1024 427 1028 407 1029 395 1027 384 1024 383 1024 382 1024 376 1026 368 1028 363 1026 358 1022 358 1022 357 1022 356 1022 333 1024 314 1027 296 1027 293 1024 292 1022 292 1021 291 1021 290 1021 289 1021 279 1023 263 1026 191 1025 186 1020 185 1019 185 1018 184 1018 183 1018 182 1018 172 1020 150 1024 128 1018 124 1017 123 1017 123 1017 116 1018 82 1022 76 1017 75 1017 74 1017 40 1016 40 1041"/>
                        </Shape>
                        <String CONTENT=""/>
                    </TextLine>

                    <TextLine ID="line_31" HPOS="39" VPOS="1049" WIDTH="575" HEIGHT="49" BASELINE="40 1075 614 1086" TAGREFS="TYPE_1">
                        <Shape>
                            <Polygon POINTS="40 1075 39 1085 613 1098 614 1086 614 1065 507 1063 505 1061 498 1057 497 1057 497 1057 496 1057 495 1057 487 1061 484 1062 442 1062 440 1060 436 1057 436 1056 435 1056 434 1056 433 1056 387 1058 357 1060 354 1057 351 1055 351 1054 350 1054 349 1054 349 1054 327 1057 306 1059 300 1056 295 1053 294 1053 293 1053 281 1055 265 1058 249 1054 239 1053 238 1053 238 1053 234 1054 226 1057 219 1053 217 1052 216 1052 215 1052 214 1052 213 1052 207 1053 195 1057 181 1053 174 1051 173 1051 172 1051 164 1053 147 1056 134 1052 130 1050 129 1050 40 1049 40 1075"/>
                        </Shape>
                        <String CONTENT=""/>
                    </TextLine>

                    <TextLine ID="line_32" HPOS="42" VPOS="1081" WIDTH="569" HEIGHT="47" BASELINE="43 1106 611 1118" TAGREFS="TYPE_1">
                        <Shape>
                            <Polygon POINTS="43 1106 42 1118 609 1128 611 1118 611 1098 581 1093 580 1093 537 1096 532 1096 530 1096 522 1090 521 1090 520 1090 519 1090 484 1094 436 1094 428 1088 427 1088 427 1088 407 1087 406 1087 386 1091 368 1086 367 1086 366 1086 289 1090 282 1085 281 1085 280 1085 279 1085 214 1090 205 1083 205 1083 204 1083 203 1083 167 1089 137 1082 83 1081 82 1081 43 1086 43 1106"/>
                        </Shape>
                        <String CONTENT=""/>
                    </TextLine>

                    <TextLine ID="line_33" HPOS="39" VPOS="1114" WIDTH="575" HEIGHT="50" BASELINE="40 1139 614 1151" TAGREFS="TYPE_1">
                        <Shape>
                            <Polygon POINTS="40 1139 39 1151 66 1151 68 1151 82 1156 82 1156 83 1156 115 1152 122 1151 158 1151 160 1153 172 1158 172 1158 173 1158 199 1155 267 1160 267 1160 268 1160 280 1155 281 1155 286 1160 287 1160 288 1160 288 1160 343 1158 373 1162 374 1162 390 1158 397 1157 423 1157 424 1159 429 1163 430 1163 431 1163 432 1163 448 1160 452 1159 460 1160 491 1164 492 1164 613 1163 614 1151 613 1124 565 1129 558 1123 557 1123 556 1123 555 1123 555 1123 542 1128 534 1123 533 1123 532 1123 531 1123 530 1123 529 1123 514 1128 499 1123 497 1122 496 1122 495 1122 489 1123 458 1127 446 1122 444 1121 443 1121 442 1121 428 1122 374 1126 365 1121 362 1119 361 1119 332 1118 331 1118 317 1120 292 1124 248 1119 242 1119 241 1119 236 1119 213 1122 209 1119 208 1118 207 1118 206 1118 205 1118 166 1118 118 1120 115 1118 111 1115 111 1114 111 1114 110 1114 86 1114 85 1114 84 1114 71 1118 67 1118 40 1118 40 1139"/>
                        </Shape>
                        <String CONTENT=""/>
                    </TextLine>

                    <TextLine ID="line_34" HPOS="37" VPOS="1151" WIDTH="575" HEIGHT="50" BASELINE="38 1172 612 1182" TAGREFS="TYPE_1">
                        <Shape>
                            <Polygon POINTS="38 1172 37 1184 71 1189 72 1189 73 1189 80 1186 85 1191 86 1191 86 1191 87 1191 88 1191 100 1188 115 1193 115 1193 116 1193 168 1188 168 1188 185 1195 186 1195 187 1195 207 1191 266 1196 267 1196 267 1196 268 1196 276 1189 286 1197 287 1197 288 1197 288 1197 312 1197 312 1197 313 1197 314 1197 322 1190 324 1190 353 1190 354 1191 372 1198 373 1198 374 1199 396 1199 396 1198 397 1198 408 1192 410 1192 480 1192 481 1193 493 1200 494 1200 495 1200 514 1197 572 1201 573 1201 611 1196 612 1182 611 1159 515 1162 489 1162 484 1156 483 1156 482 1156 481 1156 481 1156 480 1156 469 1161 421 1161 416 1155 415 1155 415 1155 415 1155 414 1155 413 1155 412 1155 410 1155 398 1160 392 1155 392 1155 391 1155 390 1155 390 1155 382 1155 338 1159 322 1154 317 1153 316 1153 316 1153 308 1154 286 1158 279 1154 278 1152 277 1152 276 1152 275 1152 267 1154 248 1157 243 1153 242 1153 242 1153 241 1153 238 1153 217 1156 212 1153 211 1151 210 1151 209 1151 209 1151 201 1152 181 1156 38 1151 38 1172"/>
                        </Shape>
                        <String CONTENT=""/>
                    </TextLine>
</TextBlock>
                <TextBlock ID="block_4" HPOS="435" VPOS="1190" WIDTH="50" HEIGHT="36" TAGREFS="TYPE_27">
                    <Shape>
                        <Polygon POINTS="435.00152587890625 1190.9022216796875 485.5445251464844 1190.9022216796875 485.5445251464844 1226.9107666015625 435.00152587890625 1226.9107666015625 435.00152587890625 1190.9022216796875"/>
                    </Shape>
                    <TextLine ID="line_35" HPOS="433" VPOS="1186" WIDTH="54" HEIGHT="58" BASELINE="433 1213 487 1215" TAGREFS="TYPE_1">
                        <Shape>
                            <Polygon POINTS="433 1213 433 1242 459 1235 470 1243 471 1243 472 1243 473 1244 485 1244 487 1215 487 1189 433 1186 433 1213"/>
                        </Shape>
                        <String CONTENT=""/>
                    </TextLine>
</TextBlock>
            </PrintSpace>
        </Page>
    </Layout>
</alto>