<?xml version="1.0" encoding="UTF-8"?>
<alto xmlns:xsi="http://www.w3.org/2001/XMLSchema-instance"
    xmlns="http://www.loc.gov/standards/alto/ns-v4#"
    xsi:schemaLocation="http://www.loc.gov/standards/alto/ns-v4# http://www.loc.gov/standards/alto/v4/alto-4-3.xsd">
    <Description>
        <MeasurementUnit>pixel</MeasurementUnit>
        <sourceImageInformation>
            <fileName>2013342.jpeg</fileName>
        </sourceImageInformation>
        <Processing ID="OCR_0">
            <processingCategory>other</processingCategory>
            <processingStepDescription>unknown</processingStepDescription>
            <processingSoftware>
                <softwareName>kraken</softwareName>
                <softwareVersion>4.3.13</softwareVersion>
            </processingSoftware>
        </Processing>
    </Description>
    <Tags>
        <OtherTag ID="TYPE_1" LABEL="DefaultLine"/>
        <OtherTag ID="TYPE_2" LABEL="TableZone"/>
        <OtherTag ID="TYPE_3" LABEL="MainZone-Other"/>
        <OtherTag ID="TYPE_4" LABEL="GraphicZone-FigDesc"/>
        <OtherTag ID="TYPE_5" LABEL="GraphicZone-Decoration"/>
        <OtherTag ID="TYPE_6" LABEL="GraphicZone-TextualContent"/>
        <OtherTag ID="TYPE_7" LABEL="DropCapitalZone"/>
        <OtherTag ID="TYPE_8" LABEL="MainZone-Sp"/>
        <OtherTag ID="TYPE_9" LABEL="MainZone-P"/>
        <OtherTag ID="TYPE_10" LABEL="MarginTextZone-Notes"/>
        <OtherTag ID="TYPE_11" LABEL="MainZone-Signature"/>
        <OtherTag ID="TYPE_12" LABEL="TitlePageZone-Index"/>
        <OtherTag ID="TYPE_13" LABEL="TableZone-Head"/>
        <OtherTag ID="TYPE_14" LABEL="NumberingZone"/>
        <OtherTag ID="TYPE_15" LABEL="GraphicZone-Part"/>
        <OtherTag ID="TYPE_16" LABEL="GraphicZone-Head"/>
        <OtherTag ID="TYPE_17" LABEL="FigureZone-FigDesc"/>
        <OtherTag ID="TYPE_18" LABEL="MainZone-P-Continued"/>
        <OtherTag ID="TYPE_19" LABEL="MainZone-List"/>
        <OtherTag ID="TYPE_20" LABEL="TitlePageZone"/>
        <OtherTag ID="TYPE_21" LABEL="GraphicZone-Maths"/>
        <OtherTag ID="TYPE_22" LABEL="FigureZone"/>
        <OtherTag ID="TYPE_23" LABEL="MainZone-Date"/>
        <OtherTag ID="TYPE_24" LABEL="GraphicZone"/>
        <OtherTag ID="TYPE_25" LABEL="AdvertisementZone"/>
        <OtherTag ID="TYPE_26" LABEL="MainZone-Lg"/>
        <OtherTag ID="TYPE_27" LABEL="QuireMarksZone"/>
        <OtherTag ID="TYPE_28" LABEL="TableZone-Continued"/>
        <OtherTag ID="TYPE_29" LABEL="MainZone-Form"/>
        <OtherTag ID="TYPE_30" LABEL="MainZone-Entry"/>
        <OtherTag ID="TYPE_31" LABEL="MarginTextZone-ManuscriptAddendum"/>
        <OtherTag ID="TYPE_32" LABEL="DigitizationArtefactZone"/>
        <OtherTag ID="TYPE_33" LABEL="MarginTextZone-Notes-Continued"/>
        <OtherTag ID="TYPE_34" LABEL="MainZone-Lg-Continued"/>
        <OtherTag ID="TYPE_35" LABEL="StampZone"/>
        <OtherTag ID="TYPE_36" LABEL="MainZone-Entry-Continued"/>
        <OtherTag ID="TYPE_37" LABEL="MainZone-List-Continued"/>
        <OtherTag ID="TYPE_38" LABEL="MainZone-Head"/>
        <OtherTag ID="TYPE_39" LABEL="MainZone-Sp-Continued"/>
        <OtherTag ID="TYPE_40" LABEL="RunningTitleZone"/>
        <OtherTag ID="TYPE_41" LABEL="FigureZone-Head"/>
        <OtherTag ID="TYPE_42" LABEL="StampZone-Sticker"/>
    </Tags>
    <Layout>
        <Page WIDTH="1000" HEIGHT="1448" PHYSICAL_IMG_NR="0" ID="page_0">
            <PrintSpace HPOS="0" VPOS="0" WIDTH="1000" HEIGHT="1448">
                <TextBlock ID="block_1" HPOS="371" VPOS="90" WIDTH="52" HEIGHT="35" TAGREFS="TYPE_14">
                    <Shape>
                        <Polygon POINTS="371.87310791015625 90.15715026855469 423.5843505859375 90.15715026855469 423.5843505859375 125.74162292480469 371.87310791015625 125.74162292480469 371.87310791015625 90.15715026855469"/>
                    </Shape>
                    <TextLine ID="line_0" HPOS="376" VPOS="99" WIDTH="43" HEIGHT="32" BASELINE="378 115 419 112" TAGREFS="TYPE_1">
                        <Shape>
                            <Polygon POINTS="378 115 378 127 398 131 399 131 399 131 419 123 419 112 417 99 376 102 378 115"/>
                        </Shape>
                        <String CONTENT=""/>
                    </TextLine>
</TextBlock>
                <TextBlock ID="block_4" HPOS="499" VPOS="72" WIDTH="384" HEIGHT="41" TAGREFS="TYPE_40">
                    <Shape>
                        <Polygon POINTS="499.6478576660156 72.98216247558594 883.6276245117188 72.98216247558594 883.6276245117188 113.28128814697266 499.6478576660156 113.28128814697266 499.6478576660156 72.98216247558594"/>
                    </Shape>
                    <TextLine ID="line_1" HPOS="499" VPOS="74" WIDTH="384" HEIGHT="42" BASELINE="500 106 883 98" TAGREFS="TYPE_1">
                        <Shape>
                            <Polygon POINTS="757 96 748 96 740 96 732 96 724 96 716 96 708 96 700 96 692 96 684 96 676 96 668 96 660 96 652 96 644 96 636 96 628 96 620 96 612 96 604 96 596 96 588 96 580 96 572 96 563 96 555 96 547 96 539 96 531 96 523 96 515 96 507 96 499 96 500 106 500 111 511 116 512 116 513 116 541 115 542 115 543 115 551 110 551 110 556 110 626 115 627 115 628 115 644 109 669 115 670 115 732 110 773 112 773 112 774 112 792 106 798 105 809 106 831 110 832 110 883 105 883 98 882 80 874 74 873 74 872 74 872 74 768 75 767 75 766 75 757 82 757 96"/>
                        </Shape>
                        <String CONTENT=""/>
                    </TextLine>
</TextBlock>
                <TextBlock ID="block_2" HPOS="365" VPOS="119" WIDTH="583" HEIGHT="748" TAGREFS="TYPE_18">
                    <Shape>
                        <Polygon POINTS="365.8861083984375 119.22758483886719 948.5565185546875 119.22758483886719 948.5565185546875 867.567138671875 365.8861083984375 867.567138671875 365.8861083984375 119.22758483886719"/>
                    </Shape>
                    <TextLine ID="line_2" HPOS="367" VPOS="110" WIDTH="573" HEIGHT="52" BASELINE="368 149 940 136" TAGREFS="TYPE_1">
                        <Shape>
                            <Polygon POINTS="761 131 758 121 743 121 732 113 731 113 730 113 729 113 667 118 654 115 654 115 653 115 652 115 637 122 619 117 618 117 617 117 617 117 598 123 576 118 576 118 575 118 508 124 479 119 478 119 477 119 477 119 462 127 442 127 430 121 429 121 428 121 427 121 427 121 415 128 367 129 368 149 368 156 382 162 383 162 384 162 385 162 409 156 438 161 439 161 468 160 469 160 484 154 625 156 625 156 626 156 640 151 688 156 689 156 761 154 761 154 762 154 773 147 785 147 796 147 797 147 831 151 832 151 833 151 845 146 894 150 895 150 924 145 930 149 930 149 931 149 932 149 933 149 934 149 940 144 940 136 938 117 895 110 872 110 871 110 870 110 869 110 860 119 785 119 775 114 774 114 773 114 773 114 772 114 764 118 761 131"/>
                        </Shape>
                        <String CONTENT=""/>
                    </TextLine>

                    <TextLine ID="line_3" HPOS="366" VPOS="143" WIDTH="575" HEIGHT="50" BASELINE="366 182 637 174 941 170" TAGREFS="TYPE_1">
                        <Shape>
                            <Polygon POINTS="366 193 523 186 665 189 676 189 677 189 683 189 761 181 831 185 835 185 835 185 839 185 896 179 903 184 904 184 905 184 905 184 941 183 941 170 939 150 897 143 896 143 895 143 876 150 872 152 845 152 843 150 839 146 838 146 837 146 836 146 835 146 823 150 818 152 817 150 809 144 808 144 807 144 806 144 776 145 775 145 761 151 754 153 740 151 726 148 725 148 724 148 724 148 720 151 719 152 716 151 713 149 712 149 711 149 711 149 705 151 696 155 637 155 626 152 617 148 617 148 616 148 615 148 609 152 598 156 512 152 482 151 481 151 473 152 442 160 421 152 420 152 419 152 419 152 415 152 386 158 366 153 366 182 366 193"/>
                        </Shape>
                        <String CONTENT=""/>
                    </TextLine>

                    <TextLine ID="line_4" HPOS="368" VPOS="176" WIDTH="574" HEIGHT="51" BASELINE="369 214 942 202" TAGREFS="TYPE_1">
                        <Shape>
                            <Polygon POINTS="369 214 369 222 405 227 406 227 443 226 444 226 444 226 453 221 454 221 673 222 674 222 707 221 707 221 708 221 708 220 713 216 714 215 718 216 749 220 750 220 751 220 761 215 762 214 764 215 776 219 777 219 777 219 778 219 787 214 789 213 795 214 825 218 826 218 848 213 851 213 852 213 858 216 859 216 860 216 860 216 861 216 864 213 866 212 942 212 942 202 940 183 878 176 877 176 876 176 861 185 820 185 800 177 799 177 798 177 798 177 797 177 786 185 757 179 756 179 755 179 754 179 744 187 732 187 712 179 711 179 711 179 633 187 619 182 618 182 617 182 617 182 616 182 605 189 588 182 587 182 586 182 555 187 521 183 520 183 519 183 518 183 507 192 481 193 459 193 446 185 445 185 444 185 444 185 443 185 442 185 430 193 389 186 388 186 387 186 368 193 369 214"/>
                        </Shape>
                        <String CONTENT=""/>
                    </TextLine>

                    <TextLine ID="line_5" HPOS="367" VPOS="210" WIDTH="575" HEIGHT="51" BASELINE="368 246 728 237 942 234" TAGREFS="TYPE_1">
                        <Shape>
                            <Polygon POINTS="761 226 757 216 753 216 733 213 732 213 684 218 669 218 663 218 650 214 649 214 648 214 637 218 632 219 629 218 624 215 623 215 622 215 578 216 577 216 576 216 576 217 574 218 570 222 560 218 557 218 556 218 555 218 555 218 551 219 537 223 525 219 519 218 518 218 518 218 517 218 516 218 514 219 506 224 471 220 462 219 461 219 460 219 460 219 459 220 452 226 401 226 367 222 368 246 368 257 395 261 395 261 396 261 397 261 403 257 404 255 436 255 445 256 463 259 464 259 465 259 477 255 485 253 547 255 558 255 559 255 563 255 588 250 621 254 643 255 644 255 655 253 666 250 669 253 671 255 672 255 673 255 674 255 696 252 720 250 734 251 744 253 744 253 745 253 746 253 748 251 757 246 775 250 776 250 777 250 794 246 814 250 818 251 819 251 825 250 845 246 863 250 864 250 865 250 866 250 867 250 884 245 893 249 895 250 896 250 897 250 942 248 942 234 939 214 896 215 893 214 884 210 883 210 882 210 881 210 872 215 870 215 869 215 855 210 854 210 853 210 831 215 825 217 823 215 814 211 814 211 813 211 775 216 765 217 761 226"/>
                        </Shape>
                        <String CONTENT=""/>
                    </TextLine>

                    <TextLine ID="line_6" HPOS="366" VPOS="243" WIDTH="575" HEIGHT="49" BASELINE="366 280 569 273 941 267" TAGREFS="TYPE_1">
                        <Shape>
                            <Polygon POINTS="366 280 366 292 407 292 407 292 408 292 423 286 443 291 446 291 447 291 448 291 450 290 467 285 482 289 485 290 486 290 487 290 488 290 489 290 489 289 495 285 517 288 527 289 528 289 529 289 530 289 530 288 531 287 535 283 569 283 613 283 617 285 620 287 621 287 621 287 622 287 637 284 649 283 681 283 768 284 769 284 769 284 780 279 783 278 908 276 922 280 923 280 924 280 925 280 941 275 941 267 939 247 880 243 880 243 879 243 867 248 865 249 864 248 851 243 851 243 850 243 849 243 848 243 848 244 843 249 841 250 818 250 724 247 723 247 694 252 687 254 669 254 668 253 661 247 660 247 659 247 658 247 606 248 605 248 583 255 582 255 581 255 572 250 571 250 532 250 531 250 530 250 530 250 522 255 489 250 489 250 488 250 487 250 480 256 478 257 476 257 448 252 447 252 446 252 434 258 433 259 366 259 366 280"/>
                        </Shape>
                        <String CONTENT=""/>
                    </TextLine>

                    <TextLine ID="line_7" HPOS="366" VPOS="273" WIDTH="573" HEIGHT="50" BASELINE="366 312 939 298" TAGREFS="TYPE_1">
                        <Shape>
                            <Polygon POINTS="366 312 366 323 939 310 939 298 937 278 894 279 893 279 886 273 885 273 884 273 884 273 883 273 867 279 865 279 860 279 801 275 800 275 769 281 766 282 765 282 754 276 753 276 753 276 752 276 751 276 744 282 734 278 733 278 732 278 732 278 721 282 683 279 682 279 681 279 680 279 675 283 662 279 661 279 638 279 637 279 637 279 636 279 636 279 630 284 604 279 604 279 564 284 536 281 535 281 534 281 534 281 524 287 522 287 497 282 497 282 496 282 484 288 483 289 446 289 445 289 432 283 432 283 431 283 430 283 429 283 429 284 423 290 366 291 366 312"/>
                        </Shape>
                        <String CONTENT=""/>
                    </TextLine>

                    <TextLine ID="line_8" HPOS="366" VPOS="307" WIDTH="576" HEIGHT="49" BASELINE="367 343 942 332" TAGREFS="TYPE_1">
                        <Shape>
                            <Polygon POINTS="367 343 367 350 392 356 393 356 394 356 408 350 440 355 440 355 479 354 480 354 490 349 491 349 494 349 530 353 531 353 581 348 589 347 598 347 651 351 652 351 690 350 691 350 691 350 697 346 699 345 708 346 735 349 736 349 736 349 745 345 749 344 757 345 776 349 777 349 777 349 790 345 795 343 942 343 942 332 940 311 923 307 922 307 921 307 905 312 899 313 839 313 836 313 820 308 819 308 818 308 818 308 817 308 817 309 812 313 811 314 799 314 739 311 738 311 737 311 727 316 726 316 721 316 686 312 685 312 684 312 683 312 679 316 678 316 660 312 659 312 658 312 572 313 571 313 555 318 531 314 530 314 530 314 529 314 529 315 523 320 523 320 489 320 489 320 449 316 448 316 448 316 447 316 440 321 421 317 420 317 419 317 399 322 382 317 381 317 380 317 379 317 366 322 367 343"/>
                        </Shape>
                        <String CONTENT=""/>
                    </TextLine>

                    <TextLine ID="line_9" HPOS="366" VPOS="340" WIDTH="576" HEIGHT="50" BASELINE="366 376 942 366" TAGREFS="TYPE_1">
                        <Shape>
                            <Polygon POINTS="366 376 366 386 454 390 455 390 482 386 498 383 502 386 505 388 506 388 506 388 507 389 531 389 531 388 532 388 543 385 551 382 595 382 613 384 629 386 629 386 630 386 639 384 650 381 691 383 708 384 709 384 710 384 713 383 725 379 748 382 760 384 761 384 853 382 859 382 877 377 893 381 895 382 896 382 897 382 942 380 942 366 941 345 880 340 880 340 879 340 878 340 872 345 870 347 859 347 856 345 843 341 843 341 806 341 806 341 779 346 772 347 766 346 746 342 745 342 744 342 744 342 738 346 733 349 672 349 659 346 646 344 646 344 645 344 637 347 627 351 617 347 612 345 611 345 584 345 584 345 583 345 577 347 566 353 539 353 518 347 513 346 512 346 511 346 510 346 507 348 495 353 460 349 460 349 438 354 422 348 421 348 420 348 419 348 419 348 418 348 406 355 366 349 366 376"/>
                        </Shape>
                        <String CONTENT=""/>
                    </TextLine>

                    <TextLine ID="line_10" HPOS="365" VPOS="372" WIDTH="577" HEIGHT="48" BASELINE="366 409 942 397" TAGREFS="TYPE_1">
                        <Shape>
                            <Polygon POINTS="366 409 366 415 403 419 403 419 442 415 443 415 457 420 458 420 459 420 488 415 490 415 492 415 507 420 508 420 509 420 510 420 520 415 522 414 524 415 536 418 537 418 538 418 554 415 563 412 579 414 597 416 598 416 599 416 609 414 620 411 632 414 651 417 652 417 653 417 666 413 679 410 703 413 721 415 722 415 777 413 777 413 779 412 788 407 801 412 806 414 806 414 807 414 831 412 891 407 905 411 905 411 906 411 907 411 942 411 942 397 940 378 878 372 877 372 876 372 859 378 840 374 839 374 804 380 802 380 802 380 773 375 772 375 771 375 752 380 744 375 743 375 742 375 711 375 711 375 710 375 709 375 699 382 698 383 667 383 665 383 643 377 642 377 641 377 641 377 623 384 616 378 615 378 614 378 592 378 592 378 591 378 590 378 580 385 578 385 540 379 539 379 509 386 507 386 506 386 486 380 485 380 485 380 484 380 470 386 411 382 410 382 409 382 390 389 390 390 365 390 366 409"/>
                        </Shape>
                        <String CONTENT=""/>
                    </TextLine>

                    <TextLine ID="line_11" HPOS="366" VPOS="404" WIDTH="576" HEIGHT="51" BASELINE="366 442 942 430" TAGREFS="TYPE_1">
                        <Shape>
                            <Polygon POINTS="366 442 366 455 454 448 469 453 469 453 470 453 471 453 477 453 526 447 534 452 534 452 535 452 536 452 565 451 566 451 567 451 574 446 609 450 610 450 611 450 616 450 682 444 693 448 694 448 695 448 695 448 696 448 697 448 717 443 729 448 730 448 731 448 732 448 732 448 733 448 750 444 781 447 786 447 787 447 792 446 827 440 859 445 864 445 864 445 865 445 866 445 866 444 875 439 902 439 941 443 942 430 940 411 916 411 903 404 902 404 901 404 849 410 832 406 831 406 831 406 830 406 829 406 820 411 787 407 786 407 786 407 773 414 757 414 748 414 748 414 713 408 712 408 671 415 670 415 643 410 642 410 559 418 557 418 555 418 504 413 503 413 469 414 468 414 457 419 441 415 440 415 440 415 374 415 374 415 373 415 366 419 366 442"/>
                        </Shape>
                        <String CONTENT=""/>
                    </TextLine>

                    <TextLine ID="line_12" HPOS="365" VPOS="435" WIDTH="577" HEIGHT="51" BASELINE="366 474 942 462" TAGREFS="TYPE_1">
                        <Shape>
                            <Polygon POINTS="366 474 366 482 435 486 436 486 455 481 460 481 464 481 478 485 479 485 480 485 511 481 521 480 529 481 548 484 549 484 550 484 551 484 555 481 559 477 673 476 679 479 681 480 682 480 683 480 683 480 686 479 694 476 700 479 703 480 703 480 704 480 818 478 818 478 820 477 829 474 942 476 942 462 940 441 925 441 924 441 917 435 916 435 915 435 914 435 865 442 860 443 858 443 838 436 837 436 836 436 782 444 777 444 773 444 716 439 715 439 714 439 700 446 699 446 695 446 633 440 633 440 632 440 603 448 592 441 592 441 591 441 590 441 589 441 570 448 569 449 512 450 511 450 499 444 498 444 497 444 467 451 465 451 464 451 439 444 438 444 437 444 365 452 366 474"/>
                        </Shape>
                        <String CONTENT=""/>
                    </TextLine>

                    <TextLine ID="line_13" HPOS="366" VPOS="468" WIDTH="576" HEIGHT="50" BASELINE="367 507 650 499 942 495" TAGREFS="TYPE_1">
                        <Shape>
                            <Polygon POINTS="367 507 367 518 452 514 489 516 506 517 506 517 522 515 562 511 613 514 629 514 629 514 630 514 631 514 632 514 638 510 689 513 698 513 699 513 699 513 701 512 714 508 745 512 751 512 752 512 753 512 753 512 753 511 761 507 777 511 780 511 781 511 781 511 782 511 793 506 808 510 809 510 810 510 906 509 907 509 916 505 941 508 942 495 941 473 930 468 929 468 928 468 908 473 899 475 893 473 873 469 872 469 872 469 860 474 859 475 855 474 839 472 838 472 804 476 789 477 782 477 761 472 760 472 759 472 744 477 741 478 738 477 725 474 724 474 724 474 723 474 714 478 711 480 636 481 634 480 624 475 623 475 622 475 621 475 604 481 603 481 602 481 567 476 567 476 566 476 551 482 551 483 511 483 506 483 411 479 410 479 409 479 408 479 400 485 400 486 366 486 367 507"/>
                        </Shape>
                        <String CONTENT=""/>
                    </TextLine>

                    <TextLine ID="line_14" HPOS="365" VPOS="501" WIDTH="577" HEIGHT="50" BASELINE="366 538 942 527" TAGREFS="TYPE_1">
                        <Shape>
                            <Polygon POINTS="366 538 366 547 408 551 409 551 473 546 474 546 475 546 497 550 497 550 498 550 510 545 513 544 518 545 542 549 543 549 574 544 588 543 601 544 630 547 631 547 632 547 646 543 654 542 660 543 672 546 673 546 674 546 674 546 679 543 683 541 716 543 764 545 765 545 809 543 810 543 814 541 819 538 842 541 858 543 859 543 887 543 887 543 888 543 893 540 902 537 941 539 942 527 942 507 920 501 919 501 918 501 917 501 902 506 896 502 895 502 894 502 893 502 829 507 804 503 803 503 802 503 802 503 792 510 791 510 786 510 725 507 724 507 694 511 692 511 691 511 671 505 670 505 670 505 669 505 646 512 646 513 599 513 586 507 585 507 584 507 538 508 537 508 524 514 523 514 510 509 509 509 508 509 507 509 490 515 489 515 488 515 475 510 474 510 473 510 446 516 443 516 440 516 407 510 406 510 405 510 404 510 395 517 394 518 365 518 366 538"/>
                        </Shape>
                        <String CONTENT=""/>
                    </TextLine>

                    <TextLine ID="line_15" HPOS="365" VPOS="534" WIDTH="577" HEIGHT="48" BASELINE="366 571 672 563 942 559" TAGREFS="TYPE_1">
                        <Shape>
                            <Polygon POINTS="366 571 366 582 526 575 531 578 534 579 534 579 535 579 546 577 567 574 591 576 606 577 607 577 608 577 609 577 609 576 609 576 610 575 612 572 646 572 656 574 668 576 669 576 764 571 791 570 809 570 927 571 928 571 929 571 942 566 942 559 941 541 925 537 925 537 924 537 923 537 908 541 896 534 895 534 894 534 893 534 847 543 845 543 794 543 790 543 783 538 782 538 781 538 781 538 780 538 760 544 759 544 728 537 727 537 693 544 674 539 673 539 672 539 671 539 670 539 662 547 613 547 602 540 601 540 600 540 600 540 526 541 459 543 458 543 457 543 444 551 444 551 365 552 366 571"/>
                        </Shape>
                        <String CONTENT=""/>
                    </TextLine>

                    <TextLine ID="line_16" HPOS="364" VPOS="567" WIDTH="578" HEIGHT="47" BASELINE="365 603 715 594 942 594" TAGREFS="TYPE_1">
                        <Shape>
                            <Polygon POINTS="365 603 365 610 403 614 404 614 435 610 436 610 437 610 452 614 452 614 453 614 454 614 468 610 470 609 473 610 496 614 497 614 497 614 498 614 506 609 507 608 523 609 567 612 568 612 569 612 582 609 591 607 613 608 637 611 638 611 639 611 646 608 654 606 662 608 670 611 671 611 672 611 728 608 818 603 838 607 841 608 842 608 942 606 942 594 940 569 827 572 824 570 823 568 822 568 821 568 780 567 779 567 778 567 777 567 773 571 769 573 758 571 753 570 752 570 751 570 748 571 743 574 735 571 728 568 727 568 726 568 725 568 716 571 705 575 696 571 691 569 690 569 689 569 688 569 679 571 665 575 650 572 642 570 641 570 641 570 640 570 639 570 636 572 629 576 609 572 599 571 598 571 597 571 591 572 575 577 557 573 549 571 548 571 547 571 547 571 545 573 539 578 522 573 518 572 517 572 516 572 508 574 485 578 468 574 462 573 461 573 460 573 458 574 448 580 430 575 427 574 427 574 426 574 425 574 422 575 399 580 364 575 365 603"/>
                        </Shape>
                        <String CONTENT=""/>
                    </TextLine>

                    <TextLine ID="line_17" HPOS="363" VPOS="599" WIDTH="577" HEIGHT="48" BASELINE="364 635 693 626 940 623" TAGREFS="TYPE_1">
                        <Shape>
                            <Polygon POINTS="364 635 364 643 434 642 435 642 450 647 451 647 452 647 477 641 481 641 487 641 517 645 518 645 542 640 548 639 551 640 555 642 556 642 557 642 585 639 599 638 600 639 607 642 608 642 609 642 609 642 623 639 629 637 641 638 677 642 678 642 699 637 707 636 713 637 729 641 730 641 731 641 791 639 792 639 802 636 806 634 814 635 840 639 841 639 842 639 857 634 860 634 861 634 876 638 876 638 877 638 940 633 940 623 938 603 832 604 827 604 810 599 809 599 808 599 763 600 740 604 727 600 726 600 725 600 724 600 711 604 704 607 696 604 685 602 684 602 683 602 683 602 674 605 667 608 661 605 652 602 651 602 650 602 615 603 614 603 613 603 613 604 611 606 607 610 555 610 538 606 531 605 530 605 530 605 529 605 527 607 522 611 500 612 494 608 493 608 493 608 492 608 491 608 483 612 477 608 476 608 475 608 474 608 473 608 473 608 465 612 441 608 437 607 436 607 431 608 393 614 363 608 364 635"/>
                        </Shape>
                        <String CONTENT=""/>
                    </TextLine>

                    <TextLine ID="line_18" HPOS="362" VPOS="630" WIDTH="580" HEIGHT="48" BASELINE="363 669 702 659 942 657" TAGREFS="TYPE_1">
                        <Shape>
                            <Polygon POINTS="363 669 363 675 452 674 464 678 465 678 465 678 537 672 543 672 546 672 565 676 566 676 567 676 567 676 572 672 722 673 723 673 752 668 759 667 765 668 794 671 794 671 825 666 834 666 850 666 901 669 902 669 942 664 942 657 939 636 879 637 876 636 861 630 860 630 860 630 859 630 844 637 843 637 841 637 806 632 805 632 804 632 789 637 782 639 773 637 752 633 751 633 750 633 733 637 725 640 699 638 685 637 684 637 683 637 681 638 674 641 668 638 661 635 660 635 646 635 646 635 645 635 644 635 644 636 640 639 637 642 583 642 578 640 572 637 572 637 571 637 542 637 541 637 540 637 537 640 534 642 508 641 489 639 489 639 488 639 487 639 485 641 478 646 463 646 439 641 432 640 432 640 431 640 430 640 428 641 418 648 391 648 362 642 363 669"/>
                        </Shape>
                        <String CONTENT=""/>
                    </TextLine>

                    <TextLine ID="line_19" HPOS="363" VPOS="664" WIDTH="579" HEIGHT="47" BASELINE="364 700 687 691 942 688" TAGREFS="TYPE_1">
                        <Shape>
                            <Polygon POINTS="492 696 484 696 476 696 468 696 460 696 452 696 444 696 436 696 427 698 419 698 411 698 403 698 395 698 387 698 379 698 371 698 363 698 364 700 364 711 452 707 508 709 539 710 539 710 540 710 541 710 543 708 549 704 572 708 582 709 583 709 654 708 655 708 656 708 658 707 664 702 684 706 685 706 686 706 698 701 720 701 729 706 732 707 732 707 733 707 749 705 810 699 839 703 843 704 843 704 942 702 942 688 940 672 887 672 876 666 875 666 874 666 873 666 859 670 846 664 845 664 844 664 843 664 843 664 835 670 822 665 821 665 820 665 819 665 818 665 807 673 771 666 770 666 769 666 769 666 760 674 731 677 690 667 689 667 649 674 632 668 631 668 630 668 519 670 518 670 518 670 518 671 502 684 502 686 494 686 492 696"/>
                        </Shape>
                        <String CONTENT=""/>
                    </TextLine>

                    <TextLine ID="line_20" HPOS="363" VPOS="699" WIDTH="577" HEIGHT="45" BASELINE="364 733 940 721" TAGREFS="TYPE_1">
                        <Shape>
                            <Polygon POINTS="364 733 364 740 390 744 390 744 391 744 403 740 404 740 415 744 416 744 417 744 453 739 458 739 464 739 516 744 517 744 518 744 518 744 526 739 575 742 576 742 576 742 588 738 592 736 600 738 621 741 622 741 653 737 678 733 750 732 756 736 758 738 759 738 760 738 761 738 770 736 790 732 811 736 817 736 818 736 818 736 819 736 820 736 827 731 840 736 843 736 844 736 845 736 876 736 877 736 878 736 879 735 884 732 888 735 888 736 889 736 890 736 891 736 940 734 940 721 938 703 810 700 810 700 809 700 808 700 803 704 802 705 736 706 735 705 728 699 728 699 727 699 709 699 708 699 707 699 687 705 686 706 685 705 677 700 676 700 675 700 674 700 656 701 655 701 654 701 648 706 646 707 641 706 631 703 630 703 629 703 607 707 594 708 583 707 555 703 555 703 532 707 516 711 512 707 507 704 506 704 506 704 505 704 468 705 467 705 460 708 455 711 447 708 443 707 442 707 441 707 440 707 438 708 430 712 419 709 409 706 408 706 407 706 363 709 364 733"/>
                        </Shape>
                        <String CONTENT=""/>
                    </TextLine>

                    <TextLine ID="line_21" HPOS="364" VPOS="728" WIDTH="576" HEIGHT="48" BASELINE="365 765 940 753" TAGREFS="TYPE_1">
                        <Shape>
                            <Polygon POINTS="365 765 365 776 940 761 940 753 938 734 901 728 900 728 899 728 898 728 898 729 893 734 893 735 862 735 860 735 835 729 834 729 833 729 822 736 821 736 819 736 799 730 798 730 798 730 797 730 786 736 784 736 774 736 718 732 717 732 716 732 699 737 694 738 690 737 672 732 671 732 670 732 625 738 617 739 614 738 602 734 601 734 600 734 538 736 537 736 536 736 536 736 532 740 530 741 528 740 523 736 522 736 522 736 521 736 520 736 519 736 519 737 516 740 513 742 364 742 365 765"/>
                        </Shape>
                        <String CONTENT=""/>
                    </TextLine>

                    <TextLine ID="line_22" HPOS="364" VPOS="761" WIDTH="577" HEIGHT="46" BASELINE="365 797 941 786" TAGREFS="TYPE_1">
                        <Shape>
                            <Polygon POINTS="365 797 365 804 464 807 465 807 505 803 516 802 519 803 533 807 534 807 534 807 535 807 536 807 543 803 545 802 583 802 706 804 707 804 732 802 765 798 806 801 820 802 821 802 829 801 855 796 880 800 887 801 888 801 941 799 941 786 939 767 901 761 901 761 814 768 806 769 805 769 790 763 789 763 788 763 787 763 765 769 762 769 754 769 704 765 703 765 703 765 683 770 682 770 681 770 672 765 671 765 670 765 646 769 631 765 630 765 629 765 549 769 548 769 547 769 543 772 539 774 477 774 471 773 459 769 458 769 457 769 456 769 456 769 456 769 452 773 449 776 432 776 429 773 424 769 423 769 423 769 409 769 408 769 407 769 407 769 407 770 403 773 400 776 364 774 365 797"/>
                        </Shape>
                        <String CONTENT=""/>
                    </TextLine>

                    <TextLine ID="line_23" HPOS="365" VPOS="793" WIDTH="578" HEIGHT="51" BASELINE="366 830 728 822 943 820" TAGREFS="TYPE_1">
                        <Shape>
                            <Polygon POINTS="366 830 366 844 453 838 484 843 488 843 489 843 489 843 490 843 490 842 497 836 572 836 580 840 582 841 583 841 584 841 584 841 586 840 597 835 617 839 621 840 622 840 630 839 674 834 716 838 719 838 720 838 728 838 806 832 822 835 826 836 827 836 890 835 891 835 894 835 904 830 942 833 943 820 942 798 928 793 927 793 926 793 925 793 908 798 893 793 892 793 891 793 851 800 847 800 846 800 831 795 830 795 829 795 805 801 802 801 799 801 761 796 760 796 759 796 744 802 744 802 728 798 728 798 727 798 691 802 690 802 674 798 673 798 672 798 671 798 670 798 664 802 629 798 628 798 587 805 583 805 580 805 555 800 555 800 554 800 541 806 539 806 537 806 512 801 511 801 510 801 497 806 495 806 493 806 471 802 470 802 469 802 452 807 449 807 447 807 422 802 421 802 420 802 407 808 406 809 365 809 366 830"/>
                        </Shape>
                        <String CONTENT=""/>
                    </TextLine>

                    <TextLine ID="line_24" HPOS="365" VPOS="838" WIDTH="117" HEIGHT="39" BASELINE="366 861 482 859" TAGREFS="TYPE_1">
                        <Shape>
                            <Polygon POINTS="366 861 366 869 399 877 399 877 400 877 401 877 401 876 408 870 428 876 429 876 430 876 431 876 441 871 453 876 454 876 455 876 456 876 456 876 456 875 463 868 481 867 482 859 480 838 365 840 366 861"/>
                        </Shape>
                        <String CONTENT=""/>
                    </TextLine>
</TextBlock>
                <TextBlock ID="block_0" HPOS="363" VPOS="868" WIDTH="580" HEIGHT="325" TAGREFS="TYPE_9">
                    <Shape>
                        <Polygon POINTS="363.6179504394531 868.176025390625 943.1289672851562 868.176025390625 943.1289672851562 1193.4068603515625 363.6179504394531 1193.4068603515625 363.6179504394531 868.176025390625"/>
                    </Shape>
                    <TextLine ID="line_25" HPOS="395" VPOS="857" WIDTH="546" HEIGHT="50" BASELINE="395 894 941 884" TAGREFS="TYPE_1">
                        <Shape>
                            <Polygon POINTS="395 894 395 903 439 907 440 907 463 903 472 901 482 903 498 905 499 905 500 905 501 905 503 902 506 900 576 899 599 901 618 904 619 904 636 901 652 899 686 900 712 902 713 902 714 902 720 900 733 896 746 900 750 901 751 901 752 901 849 900 855 899 895 893 940 898 941 884 939 863 913 859 912 859 888 863 850 857 849 857 848 857 832 864 806 858 806 858 805 858 804 858 790 865 769 862 768 862 767 862 757 866 720 861 622 861 621 861 621 861 620 861 609 869 570 869 531 863 530 863 492 864 491 864 490 864 481 872 421 872 407 866 407 866 406 866 405 866 404 866 395 872 395 894"/>
                        </Shape>
                        <String CONTENT=""/>
                    </TextLine>

                    <TextLine ID="line_26" HPOS="366" VPOS="890" WIDTH="574" HEIGHT="51" BASELINE="366 926 940 916" TAGREFS="TYPE_1">
                        <Shape>
                            <Polygon POINTS="366 926 366 941 447 940 459 938 499 932 654 932 820 933 821 933 822 933 823 933 830 927 831 926 833 927 849 931 850 931 851 931 940 923 940 916 938 896 894 890 893 890 893 890 892 890 882 896 881 896 880 896 865 891 864 891 864 891 863 891 851 896 848 897 824 896 726 893 725 893 724 893 724 893 717 898 716 899 711 898 687 894 686 894 685 894 674 899 671 900 663 899 647 896 646 896 646 896 637 899 629 901 596 900 542 896 541 896 478 898 477 898 465 901 452 905 366 903 366 926"/>
                        </Shape>
                        <String CONTENT=""/>
                    </TextLine>

                    <TextLine ID="line_27" HPOS="363" VPOS="921" WIDTH="576" HEIGHT="52" BASELINE="364 958 939 948" TAGREFS="TYPE_1">
                        <Shape>
                            <Polygon POINTS="364 958 364 969 407 973 407 973 408 973 422 968 428 966 443 968 472 971 473 971 473 971 488 967 497 964 643 963 650 965 663 968 664 968 665 968 666 968 673 965 678 962 690 964 709 967 710 967 711 967 718 964 722 962 733 963 751 966 752 966 806 966 807 966 816 962 824 959 827 962 831 965 831 965 832 965 833 965 834 965 835 965 838 962 840 961 855 962 889 964 890 964 891 964 892 964 896 961 901 958 914 958 918 961 921 963 922 963 923 963 924 963 939 960 939 948 937 921 892 929 862 923 859 923 858 923 857 923 856 923 846 929 831 925 831 925 830 925 802 930 748 926 728 925 728 925 727 925 721 927 708 933 667 933 659 929 654 927 654 927 653 927 636 930 623 932 605 931 584 929 584 929 583 929 582 929 580 932 578 933 576 932 572 929 572 929 571 929 538 929 537 929 506 929 505 929 496 934 493 936 490 934 485 930 484 930 483 930 459 930 458 930 457 930 447 935 444 937 363 937 364 958"/>
                        </Shape>
                        <String CONTENT=""/>
                    </TextLine>

                    <TextLine ID="line_28" HPOS="362" VPOS="954" WIDTH="577" HEIGHT="45" BASELINE="363 991 939 982" TAGREFS="TYPE_1">
                        <Shape>
                            <Polygon POINTS="363 991 363 999 785 996 786 996 790 995 801 992 831 995 841 995 842 995 851 995 891 990 938 993 939 982 938 959 898 954 897 954 897 954 883 960 878 962 868 960 839 955 838 955 837 955 836 955 830 961 828 962 824 961 811 957 810 957 810 957 809 957 808 957 802 962 800 962 798 962 789 957 788 957 787 957 786 957 775 962 763 957 762 957 761 957 740 962 726 958 725 958 724 958 724 958 723 958 716 963 714 965 666 965 662 964 646 959 646 959 595 959 594 959 593 959 592 959 583 966 581 967 559 967 558 966 551 960 550 960 549 960 548 960 522 965 498 961 497 961 497 961 473 968 471 969 448 969 445 969 425 962 424 962 423 962 423 962 422 962 413 969 382 965 382 965 381 965 362 970 363 991"/>
                        </Shape>
                        <String CONTENT=""/>
                    </TextLine>

                    <TextLine ID="line_29" HPOS="364" VPOS="989" WIDTH="576" HEIGHT="48" BASELINE="365 1024 940 1012" TAGREFS="TYPE_1">
                        <Shape>
                            <Polygon POINTS="365 1024 365 1032 391 1037 392 1037 393 1037 394 1037 400 1033 443 1036 444 1036 444 1036 445 1036 445 1036 450 1032 450 1031 529 1028 596 1028 600 1030 605 1033 606 1033 607 1033 608 1033 640 1030 661 1028 686 1029 708 1031 709 1031 710 1031 711 1031 713 1029 717 1026 726 1029 732 1031 732 1031 733 1031 805 1029 806 1029 808 1028 818 1024 836 1028 839 1028 840 1028 940 1027 940 1012 938 992 817 989 816 989 815 989 797 995 796 995 776 990 775 990 774 990 714 996 707 991 706 991 705 991 704 991 658 992 657 992 656 992 656 993 650 998 650 998 649 998 610 993 609 993 609 993 608 993 600 999 599 999 568 999 564 999 488 995 487 995 486 995 465 1002 364 1003 365 1024"/>
                        </Shape>
                        <String CONTENT=""/>
                    </TextLine>

                    <TextLine ID="line_30" HPOS="365" VPOS="1022" WIDTH="574" HEIGHT="47" BASELINE="366 1055 939 1045" TAGREFS="TYPE_1">
                        <Shape>
                            <Polygon POINTS="366 1055 366 1069 455 1067 456 1067 456 1067 462 1062 493 1065 493 1065 622 1060 662 1062 686 1064 687 1064 687 1064 694 1061 705 1058 735 1058 740 1061 745 1063 746 1063 747 1063 767 1060 785 1057 792 1060 798 1061 799 1061 800 1061 813 1059 826 1057 835 1058 847 1061 847 1061 860 1058 869 1056 872 1057 875 1061 876 1061 876 1061 877 1061 939 1056 939 1045 937 1026 876 1026 861 1022 860 1022 860 1022 827 1027 826 1027 815 1022 814 1022 814 1022 790 1028 788 1028 787 1028 779 1024 778 1024 777 1024 747 1028 740 1028 736 1028 711 1024 710 1024 683 1028 677 1029 672 1028 652 1025 651 1025 628 1029 621 1030 617 1029 604 1025 604 1025 603 1025 576 1026 575 1026 574 1026 570 1030 568 1031 563 1030 547 1027 546 1027 545 1027 544 1027 541 1030 539 1032 498 1032 491 1031 481 1028 480 1028 479 1028 478 1028 468 1031 460 1033 457 1031 455 1028 454 1028 453 1028 452 1028 452 1028 446 1031 442 1033 431 1032 419 1029 418 1029 365 1032 366 1055"/>
                        </Shape>
                        <String CONTENT=""/>
                    </TextLine>

                    <TextLine ID="line_31" HPOS="363" VPOS="1053" WIDTH="577" HEIGHT="48" BASELINE="364 1088 940 1079" TAGREFS="TYPE_1">
                        <Shape>
                            <Polygon POINTS="364 1088 364 1097 402 1101 403 1101 428 1097 438 1095 444 1097 459 1100 460 1100 460 1100 461 1100 469 1096 472 1094 489 1096 520 1099 521 1099 522 1099 530 1096 536 1094 545 1096 556 1098 557 1098 558 1098 559 1098 559 1098 563 1095 566 1093 633 1092 651 1094 666 1097 666 1097 688 1094 711 1092 716 1094 720 1096 720 1096 721 1096 722 1096 723 1096 725 1094 731 1090 757 1094 768 1095 769 1095 769 1095 773 1094 780 1090 791 1094 794 1094 795 1094 796 1094 797 1094 798 1094 798 1094 803 1090 852 1093 864 1094 864 1094 865 1094 866 1094 867 1093 873 1089 895 1093 897 1093 898 1093 899 1093 900 1093 906 1088 939 1092 940 1079 938 1059 835 1053 834 1053 781 1054 780 1054 765 1061 763 1061 761 1061 734 1055 733 1055 716 1056 715 1056 714 1056 714 1057 708 1061 707 1062 648 1062 644 1061 626 1057 625 1057 625 1057 624 1057 609 1061 605 1064 559 1064 557 1062 553 1059 553 1058 552 1058 551 1058 534 1058 533 1058 532 1058 531 1058 531 1059 526 1063 526 1064 523 1063 514 1059 514 1059 513 1059 494 1063 492 1063 490 1063 468 1059 467 1059 466 1059 457 1063 452 1065 363 1065 364 1088"/>
                        </Shape>
                        <String CONTENT=""/>
                    </TextLine>

                    <TextLine ID="line_32" HPOS="364" VPOS="1085" WIDTH="578" HEIGHT="49" BASELINE="365 1122 942 1110" TAGREFS="TYPE_1">
                        <Shape>
                            <Polygon POINTS="365 1122 365 1133 479 1134 480 1134 481 1134 481 1134 485 1131 494 1127 628 1128 629 1128 671 1123 685 1128 689 1130 690 1130 691 1130 728 1129 729 1129 734 1127 756 1122 836 1127 849 1127 850 1127 851 1127 853 1126 876 1119 893 1125 895 1126 896 1126 897 1126 942 1124 942 1110 941 1092 890 1091 868 1085 868 1085 867 1085 841 1090 780 1086 779 1086 778 1086 777 1086 777 1087 771 1093 769 1094 761 1093 736 1087 736 1087 735 1087 734 1087 726 1093 724 1094 694 1097 662 1097 657 1093 652 1090 651 1090 650 1090 650 1090 587 1090 586 1090 578 1094 567 1099 534 1099 526 1094 525 1093 524 1093 523 1093 522 1093 522 1093 518 1094 500 1100 469 1100 456 1095 456 1095 455 1095 454 1095 439 1101 364 1095 365 1122"/>
                        </Shape>
                        <String CONTENT=""/>
                    </TextLine>

                    <TextLine ID="line_33" HPOS="366" VPOS="1118" WIDTH="575" HEIGHT="48" BASELINE="366 1153 941 1142" TAGREFS="TYPE_1">
                        <Shape>
                            <Polygon POINTS="366 1153 366 1163 433 1166 434 1166 493 1160 498 1160 501 1160 526 1164 526 1164 527 1164 540 1160 541 1160 543 1160 564 1164 565 1164 566 1164 567 1164 572 1159 573 1158 613 1158 616 1158 640 1162 641 1162 641 1162 653 1157 654 1157 657 1157 694 1161 695 1161 695 1161 696 1161 703 1156 703 1156 707 1156 770 1159 771 1159 797 1155 814 1159 814 1159 815 1159 934 1156 934 1156 935 1156 941 1152 941 1142 939 1124 893 1118 892 1118 856 1123 833 1118 832 1118 806 1123 777 1119 776 1119 775 1119 765 1125 745 1120 744 1120 744 1120 743 1120 742 1120 733 1128 692 1128 679 1122 679 1122 678 1122 677 1122 647 1129 612 1123 611 1123 610 1123 609 1123 597 1131 578 1131 568 1124 567 1124 567 1124 566 1124 565 1124 551 1131 489 1125 489 1125 488 1125 487 1125 478 1132 466 1128 465 1128 465 1128 366 1135 366 1153"/>
                        </Shape>
                        <String CONTENT=""/>
                    </TextLine>

                    <TextLine ID="line_34" HPOS="364" VPOS="1150" WIDTH="576" HEIGHT="59" BASELINE="365 1186 940 1174" TAGREFS="TYPE_1">
                        <Shape>
                            <Polygon POINTS="365 1186 365 1201 413 1201 414 1201 424 1206 425 1206 467 1208 468 1208 469 1208 487 1199 488 1199 502 1199 503 1199 515 1206 516 1206 517 1206 543 1209 544 1209 545 1209 546 1209 556 1201 567 1205 568 1205 569 1205 570 1205 571 1205 583 1197 584 1197 584 1197 604 1205 605 1205 606 1205 607 1205 608 1205 617 1199 633 1205 634 1205 635 1205 636 1205 654 1199 679 1206 680 1206 681 1207 709 1207 709 1206 834 1203 835 1203 857 1193 864 1191 875 1193 897 1197 897 1197 898 1197 908 1192 911 1191 939 1192 940 1174 938 1151 876 1155 871 1151 868 1150 868 1150 867 1150 866 1150 865 1150 860 1151 849 1156 806 1156 786 1153 785 1153 784 1153 783 1153 772 1157 747 1154 736 1152 736 1152 735 1152 734 1152 734 1153 733 1154 728 1159 697 1159 667 1155 658 1154 658 1154 657 1154 653 1155 639 1160 627 1155 626 1155 625 1155 625 1155 624 1155 623 1155 623 1156 618 1160 589 1156 582 1155 581 1155 574 1156 540 1162 512 1157 507 1157 506 1157 506 1157 505 1157 505 1158 496 1163 436 1159 429 1159 428 1159 425 1159 389 1165 364 1160 365 1186"/>
                        </Shape>
                        <String CONTENT=""/>
                    </TextLine>
</TextBlock>
                <TextBlock ID="block_3" HPOS="869" VPOS="1191" WIDTH="70" HEIGHT="32" TAGREFS="TYPE_27">
                    <Shape>
                        <Polygon POINTS="869.7097778320312 1191.7642822265625 939.5276489257812 1191.7642822265625 939.5276489257812 1223.93505859375 869.7097778320312 1223.93505859375 869.7097778320312 1191.7642822265625"/>
                    </Shape>
                    <TextLine ID="line_35" HPOS="870" VPOS="1184" WIDTH="68" HEIGHT="52" BASELINE="870 1209 938 1208" TAGREFS="TYPE_1">
                        <Shape>
                            <Polygon POINTS="870 1224 885 1224 888 1225 899 1235 899 1236 900 1236 901 1236 901 1236 938 1230 938 1208 937 1190 914 1184 913 1184 902 1187 888 1190 870 1184 870 1209 870 1224"/>
                        </Shape>
                        <String CONTENT=""/>
                    </TextLine>
</TextBlock>
            </PrintSpace>
        </Page>
    </Layout>
</alto>