<?xml version="1.0" encoding="UTF-8"?>
<alto xmlns:xsi="http://www.w3.org/2001/XMLSchema-instance"
    xmlns="http://www.loc.gov/standards/alto/ns-v4#"
    xsi:schemaLocation="http://www.loc.gov/standards/alto/ns-v4# http://www.loc.gov/standards/alto/v4/alto-4-3.xsd">
    <Description>
        <MeasurementUnit>pixel</MeasurementUnit>
        <sourceImageInformation>
            <fileName>2013271.jpeg</fileName>
        </sourceImageInformation>
        <Processing ID="OCR_0">
            <processingCategory>other</processingCategory>
            <processingStepDescription>unknown</processingStepDescription>
            <processingSoftware>
                <softwareName>kraken</softwareName>
                <softwareVersion>4.3.13</softwareVersion>
            </processingSoftware>
        </Processing>
    </Description>
    <Tags>
        <OtherTag ID="TYPE_1" LABEL="DefaultLine"/>
        <OtherTag ID="TYPE_2" LABEL="TableZone"/>
        <OtherTag ID="TYPE_3" LABEL="MainZone-Other"/>
        <OtherTag ID="TYPE_4" LABEL="GraphicZone-FigDesc"/>
        <OtherTag ID="TYPE_5" LABEL="GraphicZone-Decoration"/>
        <OtherTag ID="TYPE_6" LABEL="GraphicZone-TextualContent"/>
        <OtherTag ID="TYPE_7" LABEL="DropCapitalZone"/>
        <OtherTag ID="TYPE_8" LABEL="MainZone-Sp"/>
        <OtherTag ID="TYPE_9" LABEL="MainZone-P"/>
        <OtherTag ID="TYPE_10" LABEL="MarginTextZone-Notes"/>
        <OtherTag ID="TYPE_11" LABEL="MainZone-Signature"/>
        <OtherTag ID="TYPE_12" LABEL="TitlePageZone-Index"/>
        <OtherTag ID="TYPE_13" LABEL="TableZone-Head"/>
        <OtherTag ID="TYPE_14" LABEL="NumberingZone"/>
        <OtherTag ID="TYPE_15" LABEL="GraphicZone-Part"/>
        <OtherTag ID="TYPE_16" LABEL="GraphicZone-Head"/>
        <OtherTag ID="TYPE_17" LABEL="FigureZone-FigDesc"/>
        <OtherTag ID="TYPE_18" LABEL="MainZone-P-Continued"/>
        <OtherTag ID="TYPE_19" LABEL="MainZone-List"/>
        <OtherTag ID="TYPE_20" LABEL="TitlePageZone"/>
        <OtherTag ID="TYPE_21" LABEL="GraphicZone-Maths"/>
        <OtherTag ID="TYPE_22" LABEL="FigureZone"/>
        <OtherTag ID="TYPE_23" LABEL="MainZone-Date"/>
        <OtherTag ID="TYPE_24" LABEL="GraphicZone"/>
        <OtherTag ID="TYPE_25" LABEL="AdvertisementZone"/>
        <OtherTag ID="TYPE_26" LABEL="MainZone-Lg"/>
        <OtherTag ID="TYPE_27" LABEL="QuireMarksZone"/>
        <OtherTag ID="TYPE_28" LABEL="TableZone-Continued"/>
        <OtherTag ID="TYPE_29" LABEL="MainZone-Form"/>
        <OtherTag ID="TYPE_30" LABEL="MainZone-Entry"/>
        <OtherTag ID="TYPE_31" LABEL="MarginTextZone-ManuscriptAddendum"/>
        <OtherTag ID="TYPE_32" LABEL="DigitizationArtefactZone"/>
        <OtherTag ID="TYPE_33" LABEL="MarginTextZone-Notes-Continued"/>
        <OtherTag ID="TYPE_34" LABEL="MainZone-Lg-Continued"/>
        <OtherTag ID="TYPE_35" LABEL="StampZone"/>
        <OtherTag ID="TYPE_36" LABEL="MainZone-Entry-Continued"/>
        <OtherTag ID="TYPE_37" LABEL="MainZone-List-Continued"/>
        <OtherTag ID="TYPE_38" LABEL="MainZone-Head"/>
        <OtherTag ID="TYPE_39" LABEL="MainZone-Sp-Continued"/>
        <OtherTag ID="TYPE_40" LABEL="RunningTitleZone"/>
        <OtherTag ID="TYPE_41" LABEL="FigureZone-Head"/>
        <OtherTag ID="TYPE_42" LABEL="StampZone-Sticker"/>
    </Tags>
    <Layout>
        <Page WIDTH="1000" HEIGHT="1448" PHYSICAL_IMG_NR="0" ID="page_0">
            <PrintSpace HPOS="0" VPOS="0" WIDTH="1000" HEIGHT="1448">
                <TextBlock ID="block_2" HPOS="594" VPOS="97" WIDTH="50" HEIGHT="35" TAGREFS="TYPE_14">
                    <Shape>
                        <Polygon POINTS="594.0990600585938 97.63772583007812 644.8292236328125 97.63772583007812 644.8292236328125 132.82583618164062 594.0990600585938 132.82583618164062 594.0990600585938 97.63772583007812"/>
                    </Shape>
                    <TextLine ID="line_0" HPOS="592" VPOS="88" WIDTH="47" HEIGHT="45" BASELINE="595 125 639 123" TAGREFS="TYPE_1">
                        <Shape>
                            <Polygon POINTS="595 125 595 133 639 133 639 123 637 94 612 88 611 88 610 88 592 95 595 125"/>
                        </Shape>
                        <String CONTENT=""/>
                    </TextLine>
</TextBlock>
                <TextBlock ID="block_5" HPOS="253" VPOS="92" WIDTH="177" HEIGHT="34" TAGREFS="TYPE_40">
                    <Shape>
                        <Polygon POINTS="253.45643615722656 92.94361114501953 430.87396240234375 92.94361114501953 430.87396240234375 126.91975402832031 253.45643615722656 126.91975402832031 253.45643615722656 92.94361114501953"/>
                    </Shape>
                    <TextLine ID="line_1" HPOS="254" VPOS="101" WIDTH="176" HEIGHT="28" BASELINE="254 117 430 117" TAGREFS="TYPE_1">
                        <Shape>
                            <Polygon POINTS="390 101 382 101 374 101 366 101 358 101 350 101 342 101 334 101 326 101 318 101 310 101 302 101 294 101 286 101 278 101 270 101 262 101 254 101 254 117 254 123 271 129 271 129 272 129 273 129 283 124 314 124 318 128 318 129 319 129 320 129 320 129 349 124 351 124 391 124 392 124 397 129 398 129 399 129 399 129 430 124 430 117 430 102 395 101 390 101"/>
                        </Shape>
                        <String CONTENT=""/>
                    </TextLine>
</TextBlock>
                <TextBlock ID="block_3" HPOS="65" VPOS="125" WIDTH="587" HEIGHT="818" TAGREFS="TYPE_18">
                    <Shape>
                        <Polygon POINTS="65.71878814697266 125.92475128173828 652.2264404296875 125.92475128173828 652.2264404296875 943.6659545898438 65.71878814697266 943.6659545898438 65.71878814697266 125.92475128173828"/>
                    </Shape>
                    <TextLine ID="line_2" HPOS="62" VPOS="127" WIDTH="582" HEIGHT="45" BASELINE="63 159 644 156" TAGREFS="TYPE_1">
                        <Shape>
                            <Polygon POINTS="63 159 63 169 160 166 167 170 167 171 168 171 168 171 169 172 208 172 208 171 209 171 210 170 221 166 249 170 255 171 256 171 262 170 289 165 352 165 368 170 369 170 370 170 370 170 371 170 372 170 379 165 390 170 391 170 392 170 393 170 395 170 422 165 432 170 432 170 433 170 434 170 435 170 436 170 441 165 464 169 465 169 465 169 466 169 472 164 642 169 644 156 641 131 603 134 590 131 564 127 563 127 563 127 543 132 535 134 530 132 517 127 516 127 489 127 489 127 488 127 487 127 480 131 462 127 461 127 460 127 460 127 459 127 451 133 448 135 419 135 416 133 410 127 409 127 408 127 325 127 325 127 324 127 323 127 313 134 300 128 299 128 298 128 297 128 296 128 287 135 286 135 251 135 251 135 238 129 238 129 237 129 209 135 207 135 206 135 189 128 188 128 187 128 186 128 171 135 163 128 162 128 161 128 137 128 136 128 135 128 135 128 125 135 98 131 98 131 62 136 63 159"/>
                        </Shape>
                        <String CONTENT=""/>
                    </TextLine>

                    <TextLine ID="line_3" HPOS="65" VPOS="165" WIDTH="576" HEIGHT="40" BASELINE="65 191 641 188" TAGREFS="TYPE_1">
                        <Shape>
                            <Polygon POINTS="65 191 65 198 106 199 111 204 112 204 113 204 114 205 209 205 209 204 209 204 221 199 241 203 242 203 242 203 243 203 249 198 251 197 259 198 284 203 285 203 286 203 299 198 304 197 353 197 365 198 385 202 386 202 386 202 395 198 400 197 423 198 454 201 455 201 476 198 497 196 544 196 555 198 564 201 565 201 566 201 641 198 641 188 639 165 65 168 65 191"/>
                        </Shape>
                        <String CONTENT=""/>
                    </TextLine>

                    <TextLine ID="line_4" HPOS="65" VPOS="195" WIDTH="578" HEIGHT="42" BASELINE="65 224 643 221" TAGREFS="TYPE_1">
                        <Shape>
                            <Polygon POINTS="65 224 66 235 80 231 100 235 106 236 106 236 117 235 143 232 147 234 148 236 149 236 150 236 151 237 192 237 192 236 193 236 197 234 209 230 219 234 222 235 223 235 224 235 230 234 248 230 275 234 288 235 288 235 297 234 313 230 336 234 353 235 353 235 354 235 355 235 358 233 365 230 641 230 643 221 641 201 607 195 606 195 605 195 604 195 599 201 522 201 498 195 497 195 443 201 438 201 434 201 386 196 385 196 384 196 383 196 378 201 378 201 351 202 299 202 295 201 280 197 279 197 279 197 230 201 229 201 228 201 218 197 218 197 217 197 216 197 215 197 210 201 207 203 136 203 132 201 122 197 121 197 120 197 65 201 65 224"/>
                        </Shape>
                        <String CONTENT=""/>
                    </TextLine>

                    <TextLine ID="line_5" HPOS="64" VPOS="226" WIDTH="581" HEIGHT="42" BASELINE="65 255 645 253" TAGREFS="TYPE_1">
                        <Shape>
                            <Polygon POINTS="65 255 65 262 75 267 76 267 77 267 78 267 78 267 84 263 112 267 113 267 161 263 163 263 164 263 178 267 179 267 180 268 204 268 204 267 205 267 205 267 211 263 212 263 214 263 256 267 257 267 285 263 295 262 306 263 333 267 334 267 355 263 366 262 412 262 416 263 423 267 424 267 425 267 439 263 452 261 473 264 489 266 490 266 491 266 497 264 505 261 523 264 534 266 535 266 536 266 540 264 547 261 555 264 560 266 561 266 562 266 645 264 645 253 644 233 633 228 633 228 632 228 573 232 562 227 561 227 560 227 559 227 559 227 553 233 514 233 503 226 502 226 478 226 477 226 477 226 476 226 468 233 450 233 449 234 446 234 408 234 400 227 399 227 399 227 398 227 367 233 349 227 349 227 306 227 305 227 304 227 292 233 274 227 273 227 272 227 220 234 218 234 216 234 143 228 142 228 141 228 140 228 133 234 133 234 132 234 96 234 83 228 82 228 82 228 81 228 64 234 65 255"/>
                        </Shape>
                        <String CONTENT=""/>
                    </TextLine>

                    <TextLine ID="line_6" HPOS="64" VPOS="258" WIDTH="577" HEIGHT="44" BASELINE="65 288 641 284" TAGREFS="TYPE_1">
                        <Shape>
                            <Polygon POINTS="65 288 65 302 94 297 172 301 202 302 203 302 204 302 209 300 220 296 272 296 283 300 293 302 294 302 295 302 296 302 296 302 296 301 300 299 304 296 348 298 383 300 384 300 399 298 414 295 423 297 428 299 429 299 430 299 469 296 503 295 506 296 512 300 513 300 514 300 514 300 622 300 623 300 641 294 641 284 639 265 564 265 553 258 552 258 551 258 551 258 550 258 538 263 532 258 531 258 530 258 530 258 529 258 528 258 522 263 497 259 497 259 496 259 495 259 484 266 454 266 445 259 444 259 444 259 410 259 409 259 408 259 387 264 343 259 342 259 341 259 324 267 288 267 276 260 275 260 214 260 213 260 191 265 166 261 165 261 164 261 164 261 154 267 94 261 94 261 93 261 64 268 65 288"/>
                        </Shape>
                        <String CONTENT=""/>
                    </TextLine>

                    <TextLine ID="line_7" HPOS="64" VPOS="291" WIDTH="580" HEIGHT="44" BASELINE="65 321 644 318" TAGREFS="TYPE_1">
                        <Shape>
                            <Polygon POINTS="65 321 65 335 102 330 176 334 183 334 184 334 186 334 209 329 239 333 242 333 242 333 643 329 644 318 642 297 536 297 535 296 510 291 510 291 481 292 481 292 480 292 480 292 475 296 473 298 429 298 427 296 420 292 419 292 419 292 418 292 417 292 403 296 399 298 348 298 341 296 332 292 331 292 330 292 329 292 321 296 318 297 313 296 300 292 300 292 299 292 298 292 297 292 292 296 289 297 279 296 254 292 253 292 252 292 246 296 242 297 234 296 215 292 214 292 213 292 205 296 197 299 176 296 160 293 101 293 100 293 99 293 93 296 83 299 64 296 65 321"/>
                        </Shape>
                        <String CONTENT=""/>
                    </TextLine>

                    <TextLine ID="line_8" HPOS="65" VPOS="324" WIDTH="578" HEIGHT="42" BASELINE="65 353 643 350" TAGREFS="TYPE_1">
                        <Shape>
                            <Polygon POINTS="65 353 65 364 95 361 124 364 143 366 144 366 156 363 172 361 202 363 235 366 236 366 256 362 273 360 371 362 536 364 537 364 538 364 550 360 552 359 559 359 604 364 605 364 642 358 643 350 641 330 590 330 565 324 564 324 563 324 551 329 405 324 404 324 403 324 403 324 395 329 327 326 326 326 325 326 314 330 279 324 279 324 249 331 198 325 197 325 165 331 149 325 148 325 148 325 116 329 97 325 96 325 65 332 65 353"/>
                        </Shape>
                        <String CONTENT=""/>
                    </TextLine>

                    <TextLine ID="line_9" HPOS="69" VPOS="355" WIDTH="577" HEIGHT="43" BASELINE="69 386 646 382" TAGREFS="TYPE_1">
                        <Shape>
                            <Polygon POINTS="69 386 69 394 153 398 154 398 193 394 211 398 212 398 213 398 233 393 235 393 242 393 294 397 295 397 324 393 341 397 342 397 343 397 344 397 358 393 436 396 436 396 437 396 450 392 454 396 455 396 456 396 456 397 501 397 501 396 544 391 547 391 551 391 634 395 635 395 636 395 646 390 646 382 644 358 617 355 617 355 616 355 604 358 596 360 592 358 588 355 588 355 587 355 586 355 585 355 577 358 572 360 565 358 555 355 555 355 554 355 553 355 546 358 541 360 526 358 514 357 514 357 491 358 447 361 429 358 415 356 415 356 414 356 413 356 410 358 404 362 341 362 333 358 331 357 330 357 329 357 325 358 307 362 302 358 301 357 300 357 300 357 242 357 241 357 228 358 189 362 160 358 156 357 155 357 152 358 131 362 69 358 69 386"/>
                        </Shape>
                        <String CONTENT=""/>
                    </TextLine>

                    <TextLine ID="line_10" HPOS="64" VPOS="386" WIDTH="581" HEIGHT="45" BASELINE="65 418 645 413" TAGREFS="TYPE_1">
                        <Shape>
                            <Polygon POINTS="65 418 65 427 119 431 120 431 188 427 200 426 201 426 205 430 205 430 206 430 207 431 255 431 255 430 290 425 294 425 301 425 371 428 372 428 437 424 449 428 450 428 451 428 496 423 508 427 509 427 510 427 561 423 635 427 636 427 637 427 637 427 645 422 645 413 643 391 552 386 551 386 551 386 550 386 543 392 542 393 460 393 460 392 451 386 450 386 449 386 448 386 448 386 423 393 421 393 419 393 396 387 395 387 395 387 379 393 353 388 353 388 329 394 327 394 326 394 316 388 315 388 314 388 313 388 312 388 306 394 305 394 303 394 233 389 232 389 185 394 160 389 159 389 158 389 139 394 85 390 84 390 83 390 64 394 65 418"/>
                        </Shape>
                        <String CONTENT=""/>
                    </TextLine>

                    <TextLine ID="line_11" HPOS="65" VPOS="419" WIDTH="581" HEIGHT="44" BASELINE="66 450 646 446" TAGREFS="TYPE_1">
                        <Shape>
                            <Polygon POINTS="66 450 66 459 147 463 148 463 251 458 256 458 258 458 279 462 279 462 319 457 324 457 325 457 333 461 333 461 334 462 395 462 395 461 395 461 396 461 401 457 449 460 450 460 478 456 481 456 483 456 529 460 530 460 646 455 646 446 645 425 617 419 616 419 575 424 559 419 559 419 558 419 530 425 528 425 526 425 496 419 495 419 494 419 493 419 493 420 488 425 487 426 410 426 408 425 390 420 390 420 389 420 362 425 357 426 355 425 349 421 349 421 348 421 303 420 302 420 301 420 300 420 300 421 296 425 293 427 252 427 249 425 242 421 242 421 241 421 240 421 214 425 205 427 194 425 170 422 141 422 140 422 139 422 139 422 134 425 132 427 124 425 103 422 102 422 65 425 66 450"/>
                        </Shape>
                        <String CONTENT=""/>
                    </TextLine>

                    <TextLine ID="line_12" HPOS="64" VPOS="453" WIDTH="582" HEIGHT="38" BASELINE="65 482 646 478" TAGREFS="TYPE_1">
                        <Shape>
                            <Polygon POINTS="65 482 65 491 645 487 646 478 644 458 624 453 623 453 622 453 613 457 593 453 592 453 534 459 527 459 518 459 413 454 412 454 362 460 338 455 337 455 337 455 336 455 328 460 279 456 279 456 278 456 277 456 271 460 254 456 253 456 252 456 199 460 192 456 191 456 190 456 189 456 164 461 95 456 94 456 64 462 65 482"/>
                        </Shape>
                        <String CONTENT=""/>
                    </TextLine>

                    <TextLine ID="line_13" HPOS="65" VPOS="485" WIDTH="586" HEIGHT="43" BASELINE="65 516 651 510" TAGREFS="TYPE_1">
                        <Shape>
                            <Polygon POINTS="65 516 65 525 220 523 223 523 251 528 251 528 314 522 316 522 319 522 357 527 358 527 421 522 428 526 429 526 430 526 431 526 487 526 488 526 506 520 507 520 509 520 524 525 525 525 526 526 577 526 577 525 640 524 641 524 651 518 651 510 650 489 600 485 599 485 533 489 523 489 522 489 507 485 506 485 506 485 474 489 466 490 458 489 433 485 432 485 432 485 423 489 420 491 411 489 393 486 392 486 369 489 357 491 347 489 333 487 333 487 300 489 279 491 256 489 230 488 230 488 229 488 223 489 212 493 65 490 65 516"/>
                        </Shape>
                        <String CONTENT=""/>
                    </TextLine>

                    <TextLine ID="line_14" HPOS="64" VPOS="517" WIDTH="582" HEIGHT="43" BASELINE="65 549 646 543" TAGREFS="TYPE_1">
                        <Shape>
                            <Polygon POINTS="65 549 65 556 147 560 148 560 204 556 230 555 283 555 287 556 290 559 291 559 292 559 292 559 318 556 339 554 363 555 389 558 390 558 390 558 398 555 407 553 414 555 417 557 418 557 419 557 436 555 464 553 489 555 500 556 501 556 502 556 502 556 503 555 507 552 511 555 512 556 513 556 514 556 514 556 531 555 579 552 644 555 646 543 644 522 613 517 613 517 612 517 611 517 603 522 561 522 538 518 537 518 536 518 522 523 452 523 411 518 410 518 385 524 313 519 312 519 272 524 238 520 238 520 193 526 177 521 176 521 176 521 146 526 119 522 118 522 64 527 65 549"/>
                        </Shape>
                        <String CONTENT=""/>
                    </TextLine>

                    <TextLine ID="line_15" HPOS="65" VPOS="548" WIDTH="581" HEIGHT="40" BASELINE="65 580 646 575" TAGREFS="TYPE_1">
                        <Shape>
                            <Polygon POINTS="65 580 65 588 645 587 646 575 644 553 568 553 563 548 563 548 562 548 561 548 560 548 543 553 540 553 535 553 503 548 502 548 502 548 501 548 495 553 493 553 481 549 481 549 480 549 438 553 422 554 418 553 408 549 407 549 407 549 406 549 397 553 391 555 380 553 365 550 364 550 347 553 334 555 283 553 230 551 230 551 202 553 148 557 128 553 125 552 124 552 120 553 96 557 88 553 88 552 87 552 86 552 86 552 65 552 65 580"/>
                        </Shape>
                        <String CONTENT=""/>
                    </TextLine>

                    <TextLine ID="line_16" HPOS="65" VPOS="580" WIDTH="581" HEIGHT="44" BASELINE="65 613 403 608 646 610" TAGREFS="TYPE_1">
                        <Shape>
                            <Polygon POINTS="65 613 65 620 118 624 119 624 249 620 291 619 645 619 646 610 644 580 624 588 579 588 559 581 556 581 555 581 555 581 549 582 522 586 518 583 518 583 517 583 516 583 515 583 514 583 514 584 510 588 485 583 480 582 436 582 435 582 434 582 433 582 431 584 427 586 415 584 405 582 404 582 381 584 346 588 329 585 314 583 313 583 283 586 252 590 205 590 197 588 185 584 184 584 183 584 182 584 173 588 168 590 65 590 65 613"/>
                        </Shape>
                        <String CONTENT=""/>
                    </TextLine>

                    <TextLine ID="line_17" HPOS="66" VPOS="614" WIDTH="578" HEIGHT="38" BASELINE="66 644 644 640" TAGREFS="TYPE_1">
                        <Shape>
                            <Polygon POINTS="66 652 643 649 644 640 642 620 528 614 527 614 487 619 485 619 481 619 440 616 440 616 439 616 438 616 433 619 430 621 425 619 413 615 412 615 411 615 391 619 378 621 372 619 366 616 365 616 364 616 333 619 312 621 306 619 298 616 297 616 296 616 296 616 289 619 282 622 243 618 222 617 221 617 220 617 216 618 208 623 77 623 66 618 66 644 66 652"/>
                        </Shape>
                        <String CONTENT=""/>
                    </TextLine>

                    <TextLine ID="line_18" HPOS="66" VPOS="645" WIDTH="580" HEIGHT="43" BASELINE="67 677 646 673" TAGREFS="TYPE_1">
                        <Shape>
                            <Polygon POINTS="67 677 67 688 95 684 149 687 152 687 153 687 155 687 183 683 254 686 271 686 271 686 645 681 646 673 644 652 629 652 623 646 623 645 622 645 621 645 594 645 593 645 592 645 579 651 567 645 567 645 539 645 539 645 538 645 537 645 528 652 518 646 517 646 516 646 489 650 482 646 481 646 481 646 437 646 436 646 436 646 427 650 415 646 414 646 413 646 374 647 374 647 373 647 366 653 265 648 264 648 263 648 252 654 241 648 240 648 239 648 238 648 238 648 228 654 181 654 143 649 142 649 141 649 123 654 113 649 112 649 111 649 66 655 67 677"/>
                        </Shape>
                        <String CONTENT=""/>
                    </TextLine>

                    <TextLine ID="line_19" HPOS="65" VPOS="678" WIDTH="579" HEIGHT="41" BASELINE="66 709 644 706" TAGREFS="TYPE_1">
                        <Shape>
                            <Polygon POINTS="66 709 66 717 193 719 194 719 195 719 201 718 207 715 213 718 218 719 219 719 220 719 221 719 222 719 224 718 228 715 262 718 288 719 289 719 290 719 291 719 292 718 296 715 358 715 382 718 390 719 391 719 399 718 427 714 489 718 491 718 492 718 493 718 502 714 520 718 521 718 522 719 643 719 644 706 642 686 614 686 601 680 600 680 600 680 599 680 598 680 591 686 567 686 555 678 555 678 554 678 553 678 534 682 519 678 518 678 518 678 440 686 432 679 431 679 430 679 355 679 354 679 353 679 332 687 305 687 296 681 296 681 295 681 294 681 293 681 275 687 248 684 247 684 197 688 188 681 187 681 186 681 170 681 169 681 168 681 168 681 158 689 139 689 124 681 123 681 99 681 98 681 98 681 97 681 90 687 65 689 66 709"/>
                        </Shape>
                        <String CONTENT=""/>
                    </TextLine>

                    <TextLine ID="line_20" HPOS="67" VPOS="711" WIDTH="580" HEIGHT="41" BASELINE="68 740 647 738" TAGREFS="TYPE_1">
                        <Shape>
                            <Polygon POINTS="68 740 68 752 283 747 646 749 647 738 645 714 524 717 518 715 510 711 510 711 475 711 474 711 473 711 466 715 462 718 434 718 432 715 427 713 427 712 427 712 426 712 395 712 394 712 393 712 392 712 388 716 386 718 363 718 361 716 356 712 355 712 354 712 293 712 292 712 292 712 291 712 284 717 284 718 255 719 253 718 249 714 248 714 247 714 226 713 225 713 224 713 223 713 223 714 218 718 217 719 201 719 199 719 191 713 190 713 189 713 170 713 169 713 168 713 168 713 160 719 140 715 139 715 67 719 68 740"/>
                        </Shape>
                        <String CONTENT=""/>
                    </TextLine>

                    <TextLine ID="line_21" HPOS="66" VPOS="750" WIDTH="579" HEIGHT="35" BASELINE="67 774 645 771" TAGREFS="TYPE_1">
                        <Shape>
                            <Polygon POINTS="517 760 509 760 501 760 493 760 485 760 477 760 469 760 460 760 452 760 444 760 436 760 428 760 420 760 412 760 404 760 396 760 388 760 380 760 372 760 364 760 356 760 348 760 340 760 332 760 324 760 316 760 308 760 300 760 292 760 283 760 275 760 267 760 259 760 251 760 243 760 235 760 227 760 219 760 211 760 203 760 195 760 187 760 179 760 171 760 163 760 155 760 147 760 139 760 131 760 123 760 115 760 106 760 98 760 90 760 82 760 74 760 66 760 67 774 67 782 167 785 168 785 251 781 280 780 297 781 354 785 355 785 407 780 419 779 421 780 432 784 432 784 433 784 495 779 510 778 525 779 596 783 596 783 644 777 645 771 643 756 616 750 530 750 530 750 519 752 517 760"/>
                        </Shape>
                        <String CONTENT=""/>
                    </TextLine>

                    <TextLine ID="line_22" HPOS="65" VPOS="776" WIDTH="581" HEIGHT="43" BASELINE="66 807 646 802" TAGREFS="TYPE_1">
                        <Shape>
                            <Polygon POINTS="66 807 66 814 78 819 79 819 80 819 105 814 106 814 108 814 156 819 156 819 229 814 230 814 230 814 259 818 259 818 260 818 275 813 276 813 280 813 325 818 326 818 327 818 344 813 380 817 381 817 382 817 382 817 389 812 390 811 467 811 469 811 485 816 486 816 487 816 579 810 586 810 588 810 611 815 612 815 646 810 646 802 645 783 588 783 553 776 552 776 551 776 538 783 456 777 455 777 435 777 434 777 433 777 423 785 355 785 342 778 341 778 298 778 297 778 296 778 275 785 260 778 259 778 259 778 258 778 235 785 169 779 168 779 168 779 167 779 162 783 135 780 134 780 133 780 115 786 65 787 66 807"/>
                        </Shape>
                        <String CONTENT=""/>
                    </TextLine>

                    <TextLine ID="line_23" HPOS="61" VPOS="809" WIDTH="587" HEIGHT="45" BASELINE="61 839 648 835" TAGREFS="TYPE_1">
                        <Shape>
                            <Polygon POINTS="503 813 495 813 487 813 479 813 471 813 463 813 460 813 437 815 432 813 431 813 423 813 415 813 413 813 411 814 404 813 399 813 390 813 382 813 376 813 368 816 360 813 358 813 350 813 342 813 334 813 326 813 321 813 315 816 304 813 302 813 294 813 287 813 275 817 275 818 255 818 245 818 236 813 230 813 222 813 213 813 205 813 197 813 189 813 181 813 173 813 164 818 163 818 61 818 61 839 61 854 121 854 121 853 122 853 123 853 123 852 130 847 187 851 188 851 189 851 200 847 222 851 232 852 233 853 263 853 263 852 263 852 268 850 276 847 318 849 344 851 345 851 345 851 351 849 358 846 366 848 374 851 374 851 375 852 404 852 404 851 430 851 431 851 432 851 436 847 441 845 490 845 493 847 502 851 502 851 503 851 532 846 538 845 539 846 546 850 547 850 547 850 548 851 592 851 592 850 592 850 593 850 601 844 647 843 648 835 646 814 572 814 571 814 542 809 541 809 540 809 525 815 524 815 522 815 508 813 503 813"/>
                        </Shape>
                        <String CONTENT=""/>
                    </TextLine>

                    <TextLine ID="line_24" HPOS="65" VPOS="841" WIDTH="582" HEIGHT="43" BASELINE="65 872 647 867" TAGREFS="TYPE_1">
                        <Shape>
                            <Polygon POINTS="65 872 65 878 131 884 132 884 201 879 217 878 218 879 226 883 227 883 228 883 259 879 263 879 267 879 296 883 297 883 298 883 308 879 315 877 646 880 647 867 646 848 599 848 594 843 593 843 592 843 592 843 591 843 590 843 584 848 550 848 534 841 534 841 533 841 532 841 531 841 521 848 521 849 506 849 485 849 479 843 479 843 478 843 477 843 477 843 476 843 462 847 441 842 440 842 440 842 439 842 426 848 415 843 414 843 413 843 412 843 390 849 390 850 366 850 346 850 320 843 320 843 319 843 318 843 317 843 317 843 310 849 266 843 265 843 264 843 263 843 255 850 254 851 240 851 240 850 227 843 226 843 198 843 197 843 197 843 189 847 133 844 132 844 131 844 114 849 83 846 82 846 82 846 65 851 65 872"/>
                        </Shape>
                        <String CONTENT=""/>
                    </TextLine>

                    <TextLine ID="line_25" HPOS="65" VPOS="875" WIDTH="581" HEIGHT="43" BASELINE="66 904 646 900" TAGREFS="TYPE_1">
                        <Shape>
                            <Polygon POINTS="66 904 66 913 82 918 83 918 84 918 85 918 98 913 145 917 146 917 172 913 181 912 188 913 202 917 203 917 204 917 229 913 238 912 241 913 246 917 247 917 248 917 249 918 276 918 276 917 277 917 278 917 278 917 282 913 284 912 291 913 308 917 308 917 309 917 318 913 325 911 332 913 342 917 343 917 344 917 369 917 369 917 370 917 377 913 382 911 395 913 411 917 412 917 413 917 423 913 433 910 467 910 477 913 484 916 485 916 485 916 515 913 539 912 563 913 581 915 582 915 583 915 584 915 585 913 591 910 597 913 600 915 601 915 602 915 645 913 646 900 643 881 497 881 494 880 486 875 485 875 485 875 484 875 483 875 467 879 448 875 448 875 447 875 434 880 429 881 419 880 395 876 394 876 393 876 392 876 386 880 382 882 370 880 353 876 353 876 334 876 333 876 333 876 333 877 330 879 327 882 317 879 311 877 310 877 309 877 295 879 271 882 259 879 251 876 250 876 249 876 248 876 244 879 237 883 231 879 229 876 228 876 227 876 212 876 211 876 210 876 209 876 207 878 201 884 173 884 166 878 165 877 164 877 164 877 140 877 139 877 139 877 138 877 137 878 129 883 120 878 119 877 118 877 117 877 65 877 66 904"/>
                        </Shape>
                        <String CONTENT=""/>
                    </TextLine>

                    <TextLine ID="line_26" HPOS="66" VPOS="907" WIDTH="276" HEIGHT="42" BASELINE="67 937 342 933" TAGREFS="TYPE_1">
                        <Shape>
                            <Polygon POINTS="67 937 67 946 176 949 176 949 177 949 178 949 178 948 179 948 181 944 185 944 216 948 217 948 218 948 218 948 218 947 219 947 222 944 222 943 269 943 270 943 285 947 286 947 287 947 341 942 342 933 341 910 319 907 318 907 304 910 296 912 293 910 288 907 288 907 287 907 286 907 285 907 284 907 279 910 275 913 221 910 198 909 197 909 197 909 193 910 181 913 156 910 146 909 145 909 139 910 119 915 66 911 67 937"/>
                        </Shape>
                        <String CONTENT=""/>
                    </TextLine>
</TextBlock>
                <TextBlock ID="block_1" HPOS="68" VPOS="944" WIDTH="580" HEIGHT="66" TAGREFS="TYPE_9">
                    <Shape>
                        <Polygon POINTS="68.32122039794922 944.865234375 648.8718872070312 944.865234375 648.8718872070312 1010.2107543945312 68.32122039794922 1010.2107543945312 68.32122039794922 944.865234375"/>
                    </Shape>
                    <TextLine ID="line_27" HPOS="98" VPOS="937" WIDTH="550" HEIGHT="46" BASELINE="98 968 648 965" TAGREFS="TYPE_1">
                        <Shape>
                            <Polygon POINTS="98 968 98 976 120 983 121 983 122 983 123 983 136 978 194 981 195 981 235 976 260 982 261 982 262 982 263 982 271 976 308 976 320 982 320 982 321 982 359 978 454 981 455 981 456 981 456 981 463 976 469 981 470 981 471 981 472 981 503 977 521 980 522 980 522 980 523 980 530 974 551 980 551 980 552 981 621 981 621 980 622 980 648 973 648 965 645 937 623 943 614 939 613 939 613 939 612 939 611 939 605 944 560 944 548 937 547 937 547 937 510 937 510 937 473 937 472 937 468 939 453 944 431 939 420 937 419 937 419 937 411 940 398 944 385 940 384 940 383 940 382 940 382 940 381 940 372 944 366 940 364 938 363 938 362 938 362 938 361 938 353 941 337 946 276 946 271 942 267 938 267 938 266 938 242 938 242 938 241 938 232 942 224 946 215 942 213 942 212 942 211 942 210 942 209 942 209 942 204 946 174 943 156 942 155 942 154 942 149 943 145 945 143 943 137 939 136 939 135 939 135 939 134 939 133 939 127 944 126 944 123 944 104 940 103 940 102 940 102 940 98 942 98 968"/>
                        </Shape>
                        <String CONTENT=""/>
                    </TextLine>

                    <TextLine ID="line_28" HPOS="68" VPOS="971" WIDTH="165" HEIGHT="45" BASELINE="69 1001 233 999" TAGREFS="TYPE_1">
                        <Shape>
                            <Polygon POINTS="69 1001 69 1016 101 1016 102 1016 102 1016 102 1015 103 1015 106 1011 119 1015 122 1016 123 1016 123 1016 124 1016 127 1015 144 1010 163 1013 170 1015 171 1015 172 1015 176 1013 184 1009 232 1011 233 999 231 977 187 971 186 971 185 971 185 971 185 972 180 976 87 973 86 973 86 973 68 978 69 1001"/>
                        </Shape>
                        <String CONTENT=""/>
                    </TextLine>
</TextBlock>
                <TextBlock ID="block_0" HPOS="69" VPOS="1010" WIDTH="584" HEIGHT="196" TAGREFS="TYPE_9">
                    <Shape>
                        <Polygon POINTS="69.8282699584961 1010.7411499023438 653.2498168945312 1010.7411499023438 653.2498168945312 1206.2467041015625 69.8282699584961 1206.2467041015625 69.8282699584961 1010.7411499023438"/>
                    </Shape>
                    <TextLine ID="line_29" HPOS="100" VPOS="1002" WIDTH="547" HEIGHT="42" BASELINE="101 1033 294 1029 647 1029" TAGREFS="TYPE_1">
                        <Shape>
                            <Polygon POINTS="101 1033 101 1042 169 1039 174 1041 176 1043 176 1043 177 1043 178 1044 223 1044 223 1043 235 1041 247 1039 256 1040 267 1043 268 1043 284 1040 299 1038 324 1040 355 1042 356 1042 389 1039 402 1038 404 1039 408 1042 409 1042 410 1042 411 1042 428 1039 436 1037 446 1038 468 1041 469 1042 573 1042 573 1041 574 1041 588 1037 595 1041 596 1041 596 1041 597 1041 646 1036 647 1029 646 1007 599 1007 597 1007 586 1002 585 1002 584 1002 584 1002 569 1007 566 1008 562 1007 547 1002 547 1002 546 1002 545 1002 544 1002 536 1007 534 1009 506 1009 505 1007 499 1003 499 1002 498 1002 497 1002 471 1002 470 1002 444 1007 434 1009 408 1009 407 1007 402 1003 402 1003 401 1003 400 1003 386 1003 386 1003 385 1003 384 1003 378 1007 375 1010 349 1010 346 1007 341 1003 340 1003 339 1003 338 1003 303 1007 290 1009 268 1009 267 1007 263 1003 262 1003 261 1003 260 1003 226 1007 226 1007 225 1007 214 1004 213 1004 213 1004 212 1004 204 1007 199 1010 182 1007 150 1003 149 1003 148 1003 148 1003 141 1007 139 1009 100 1008 101 1033"/>
                        </Shape>
                        <String CONTENT=""/>
                    </TextLine>

                    <TextLine ID="line_30" HPOS="69" VPOS="1035" WIDTH="580" HEIGHT="42" BASELINE="69 1065 649 1061" TAGREFS="TYPE_1">
                        <Shape>
                            <Polygon POINTS="69 1065 69 1073 166 1077 167 1077 305 1073 390 1071 395 1073 399 1076 400 1076 401 1076 402 1076 411 1073 425 1070 460 1073 477 1075 478 1075 496 1073 541 1069 547 1073 548 1074 549 1074 550 1074 551 1075 593 1075 593 1074 594 1074 596 1073 609 1069 619 1073 621 1074 621 1074 622 1074 648 1073 649 1061 647 1040 625 1035 624 1035 623 1035 613 1040 572 1040 560 1035 559 1035 559 1035 529 1040 519 1035 518 1035 485 1035 484 1035 454 1040 446 1035 445 1035 444 1035 417 1035 416 1035 395 1036 395 1036 394 1036 394 1036 387 1041 302 1036 301 1036 300 1036 300 1036 289 1042 230 1036 230 1036 168 1043 128 1037 127 1037 127 1037 110 1043 81 1037 80 1037 79 1037 78 1037 69 1042 69 1065"/>
                        </Shape>
                        <String CONTENT=""/>
                    </TextLine>

                    <TextLine ID="line_31" HPOS="69" VPOS="1068" WIDTH="581" HEIGHT="42" BASELINE="69 1098 650 1093" TAGREFS="TYPE_1">
                        <Shape>
                            <Polygon POINTS="69 1098 69 1106 113 1110 114 1110 212 1106 246 1110 247 1110 422 1104 455 1108 456 1108 615 1103 639 1106 640 1106 641 1106 641 1106 650 1102 650 1093 647 1072 616 1073 610 1072 600 1068 599 1068 598 1068 597 1068 596 1068 592 1072 589 1073 579 1072 564 1069 563 1069 563 1069 552 1072 543 1074 536 1072 526 1069 526 1069 525 1069 524 1069 517 1072 514 1073 502 1073 473 1069 473 1069 472 1069 463 1073 454 1075 445 1073 435 1069 434 1069 433 1069 432 1069 422 1073 414 1076 288 1076 282 1073 273 1070 272 1070 271 1070 239 1073 212 1077 202 1074 193 1071 192 1071 191 1071 175 1074 164 1076 153 1074 138 1072 137 1072 69 1074 69 1098"/>
                        </Shape>
                        <String CONTENT=""/>
                    </TextLine>

                    <TextLine ID="line_32" HPOS="69" VPOS="1102" WIDTH="579" HEIGHT="40" BASELINE="70 1128 648 1125" TAGREFS="TYPE_1">
                        <Shape>
                            <Polygon POINTS="70 1128 70 1138 193 1142 194 1142 195 1142 205 1138 296 1141 297 1141 405 1136 411 1136 415 1136 462 1140 463 1140 464 1140 465 1140 469 1136 586 1139 587 1139 620 1135 636 1139 637 1139 637 1139 638 1139 648 1135 648 1125 646 1102 326 1102 325 1102 325 1102 324 1102 318 1105 317 1106 316 1105 308 1102 307 1102 306 1102 261 1106 259 1106 258 1106 245 1102 244 1102 243 1102 221 1106 216 1102 215 1102 214 1102 213 1102 176 1106 175 1106 174 1106 80 1102 79 1102 78 1102 69 1106 70 1128"/>
                        </Shape>
                        <String CONTENT=""/>
                    </TextLine>

                    <TextLine ID="line_33" HPOS="70" VPOS="1132" WIDTH="580" HEIGHT="44" BASELINE="71 1162 650 1158" TAGREFS="TYPE_1">
                        <Shape>
                            <Polygon POINTS="71 1162 71 1172 185 1176 186 1176 187 1176 205 1171 207 1171 211 1171 243 1175 244 1175 245 1175 246 1175 252 1171 253 1170 308 1170 309 1170 317 1174 318 1174 319 1175 400 1175 400 1174 423 1170 473 1173 474 1173 475 1173 485 1169 493 1173 494 1173 495 1173 496 1173 508 1169 511 1169 595 1172 596 1172 596 1172 597 1172 602 1168 650 1168 650 1158 649 1138 603 1132 602 1132 601 1132 585 1137 569 1132 568 1132 567 1132 567 1132 556 1137 502 1133 502 1133 501 1133 500 1133 492 1138 432 1135 431 1135 430 1135 413 1139 325 1134 324 1134 323 1134 322 1134 316 1139 266 1135 265 1135 264 1135 263 1135 256 1139 214 1135 213 1135 213 1135 199 1139 188 1135 187 1135 186 1135 143 1139 91 1135 90 1135 90 1135 70 1141 71 1162"/>
                        </Shape>
                        <String CONTENT=""/>
                    </TextLine>

                    <TextLine ID="line_34" HPOS="72" VPOS="1165" WIDTH="577" HEIGHT="48" BASELINE="73 1193 649 1190" TAGREFS="TYPE_1">
                        <Shape>
                            <Polygon POINTS="73 1193 74 1212 83 1206 100 1212 103 1213 104 1213 105 1213 142 1213 142 1213 143 1213 146 1212 164 1204 217 1204 236 1204 252 1211 254 1212 255 1212 255 1212 259 1211 280 1208 308 1211 309 1211 310 1211 311 1211 324 1205 335 1210 336 1210 337 1210 337 1210 358 1204 378 1209 378 1209 379 1209 380 1209 399 1203 473 1211 477 1211 477 1211 478 1211 479 1211 505 1202 647 1210 649 1190 646 1165 581 1170 564 1166 560 1165 559 1165 559 1165 550 1166 527 1170 488 1168 477 1167 476 1167 471 1168 456 1172 412 1172 405 1168 396 1166 395 1166 395 1166 394 1166 393 1166 389 1169 385 1172 333 1172 299 1170 218 1167 218 1167 186 1172 182 1172 174 1172 84 1168 83 1168 82 1168 72 1172 73 1193"/>
                        </Shape>
                        <String CONTENT=""/>
                    </TextLine>
</TextBlock>
                <TextBlock ID="block_4" HPOS="476" VPOS="1203" WIDTH="70" HEIGHT="37" TAGREFS="TYPE_27">
                    <Shape>
                        <Polygon POINTS="476.46771240234375 1203.913818359375 546.0425415039062 1203.913818359375 546.0425415039062 1240.70361328125 476.46771240234375 1240.70361328125 476.46771240234375 1203.913818359375"/>
                    </Shape>
                    <TextLine ID="line_35" HPOS="474" VPOS="1197" WIDTH="69" HEIGHT="57" BASELINE="475 1225 543 1224" TAGREFS="TYPE_1">
                        <Shape>
                            <Polygon POINTS="475 1225 475 1246 508 1246 510 1246 516 1253 516 1254 517 1254 518 1254 518 1254 543 1248 543 1224 541 1197 474 1203 475 1225"/>
                        </Shape>
                        <String CONTENT=""/>
                    </TextLine>
</TextBlock>
            </PrintSpace>
        </Page>
    </Layout>
</alto>