<?xml version="1.0" encoding="UTF-8"?>
<alto xmlns:xsi="http://www.w3.org/2001/XMLSchema-instance"
    xmlns="http://www.loc.gov/standards/alto/ns-v4#"
    xsi:schemaLocation="http://www.loc.gov/standards/alto/ns-v4# http://www.loc.gov/standards/alto/v4/alto-4-3.xsd">
    <Description>
        <MeasurementUnit>pixel</MeasurementUnit>
        <sourceImageInformation>
            <fileName>2013266.jpeg</fileName>
        </sourceImageInformation>
        <Processing ID="OCR_0">
            <processingCategory>other</processingCategory>
            <processingStepDescription>unknown</processingStepDescription>
            <processingSoftware>
                <softwareName>kraken</softwareName>
                <softwareVersion>4.3.13</softwareVersion>
            </processingSoftware>
        </Processing>
    </Description>
    <Tags>
        <OtherTag ID="TYPE_1" LABEL="DefaultLine"/>
        <OtherTag ID="TYPE_2" LABEL="TableZone"/>
        <OtherTag ID="TYPE_3" LABEL="MainZone-Other"/>
        <OtherTag ID="TYPE_4" LABEL="GraphicZone-FigDesc"/>
        <OtherTag ID="TYPE_5" LABEL="GraphicZone-Decoration"/>
        <OtherTag ID="TYPE_6" LABEL="GraphicZone-TextualContent"/>
        <OtherTag ID="TYPE_7" LABEL="DropCapitalZone"/>
        <OtherTag ID="TYPE_8" LABEL="MainZone-Sp"/>
        <OtherTag ID="TYPE_9" LABEL="MainZone-P"/>
        <OtherTag ID="TYPE_10" LABEL="MarginTextZone-Notes"/>
        <OtherTag ID="TYPE_11" LABEL="MainZone-Signature"/>
        <OtherTag ID="TYPE_12" LABEL="TitlePageZone-Index"/>
        <OtherTag ID="TYPE_13" LABEL="TableZone-Head"/>
        <OtherTag ID="TYPE_14" LABEL="NumberingZone"/>
        <OtherTag ID="TYPE_15" LABEL="GraphicZone-Part"/>
        <OtherTag ID="TYPE_16" LABEL="GraphicZone-Head"/>
        <OtherTag ID="TYPE_17" LABEL="FigureZone-FigDesc"/>
        <OtherTag ID="TYPE_18" LABEL="MainZone-P-Continued"/>
        <OtherTag ID="TYPE_19" LABEL="MainZone-List"/>
        <OtherTag ID="TYPE_20" LABEL="TitlePageZone"/>
        <OtherTag ID="TYPE_21" LABEL="GraphicZone-Maths"/>
        <OtherTag ID="TYPE_22" LABEL="FigureZone"/>
        <OtherTag ID="TYPE_23" LABEL="MainZone-Date"/>
        <OtherTag ID="TYPE_24" LABEL="GraphicZone"/>
        <OtherTag ID="TYPE_25" LABEL="AdvertisementZone"/>
        <OtherTag ID="TYPE_26" LABEL="MainZone-Lg"/>
        <OtherTag ID="TYPE_27" LABEL="QuireMarksZone"/>
        <OtherTag ID="TYPE_28" LABEL="TableZone-Continued"/>
        <OtherTag ID="TYPE_29" LABEL="MainZone-Form"/>
        <OtherTag ID="TYPE_30" LABEL="MainZone-Entry"/>
        <OtherTag ID="TYPE_31" LABEL="MarginTextZone-ManuscriptAddendum"/>
        <OtherTag ID="TYPE_32" LABEL="DigitizationArtefactZone"/>
        <OtherTag ID="TYPE_33" LABEL="MarginTextZone-Notes-Continued"/>
        <OtherTag ID="TYPE_34" LABEL="MainZone-Lg-Continued"/>
        <OtherTag ID="TYPE_35" LABEL="StampZone"/>
        <OtherTag ID="TYPE_36" LABEL="MainZone-Entry-Continued"/>
        <OtherTag ID="TYPE_37" LABEL="MainZone-List-Continued"/>
        <OtherTag ID="TYPE_38" LABEL="MainZone-Head"/>
        <OtherTag ID="TYPE_39" LABEL="MainZone-Sp-Continued"/>
        <OtherTag ID="TYPE_40" LABEL="RunningTitleZone"/>
        <OtherTag ID="TYPE_41" LABEL="FigureZone-Head"/>
        <OtherTag ID="TYPE_42" LABEL="StampZone-Sticker"/>
    </Tags>
    <Layout>
        <Page WIDTH="1000" HEIGHT="1448" PHYSICAL_IMG_NR="0" ID="page_0">
            <PrintSpace HPOS="0" VPOS="0" WIDTH="1000" HEIGHT="1448">
                <TextBlock ID="block_3" HPOS="364" VPOS="81" WIDTH="47" HEIGHT="35" TAGREFS="TYPE_14">
                    <Shape>
                        <Polygon POINTS="364.85382080078125 81.50132751464844 411.4720458984375 81.50132751464844 411.4720458984375 116.54519653320312 364.85382080078125 116.54519653320312 364.85382080078125 81.50132751464844"/>
                    </Shape>
                    <TextLine ID="line_0" HPOS="374" VPOS="93" WIDTH="34" HEIGHT="25" BASELINE="375 104 408 103" TAGREFS="TYPE_1">
                        <Shape>
                            <Polygon POINTS="399 93 390 93 386 93 374 94 375 104 375 118 408 115 408 103 406 93 399 93"/>
                        </Shape>
                        <String CONTENT=""/>
                    </TextLine>
</TextBlock>
                <TextBlock ID="block_6" HPOS="473" VPOS="72" WIDTH="384" HEIGHT="37" TAGREFS="TYPE_40">
                    <Shape>
                        <Polygon POINTS="473.52783203125 72.73898315429688 857.0449829101562 72.73898315429688 857.0449829101562 109.2154769897461 473.52783203125 109.2154769897461 473.52783203125 72.73898315429688"/>
                    </Shape>
                    <TextLine ID="line_1" HPOS="471" VPOS="74" WIDTH="390" HEIGHT="37" BASELINE="472 101 861 95" TAGREFS="TYPE_1">
                        <Shape>
                            <Polygon POINTS="761 91 753 93 744 93 736 93 728 93 720 93 712 93 704 93 696 93 688 93 680 93 672 93 664 93 656 93 648 93 640 93 632 93 624 93 616 93 608 93 600 93 592 93 584 93 576 93 567 93 559 93 551 93 543 93 535 93 527 93 519 93 511 93 503 93 495 93 487 93 479 93 471 93 472 101 472 105 512 110 513 110 543 105 546 105 555 111 555 111 556 111 557 111 558 111 573 106 602 111 603 111 604 111 604 111 613 106 668 110 669 110 670 110 687 104 694 102 699 104 712 109 713 109 714 110 736 110 736 109 737 109 748 104 753 102 777 102 780 104 784 107 784 108 785 108 786 108 786 108 861 103 861 95 857 81 855 83 851 81 843 74 842 74 841 74 840 74 767 75 766 75 765 75 761 78 761 91"/>
                        </Shape>
                        <String CONTENT=""/>
                    </TextLine>
</TextBlock>
                <TextBlock ID="block_4" HPOS="365" VPOS="115" WIDTH="581" HEIGHT="130" TAGREFS="TYPE_18">
                    <Shape>
                        <Polygon POINTS="365.88360595703125 115.54149627685547 946.5072631835938 115.54149627685547 946.5072631835938 245.28627014160156 365.88360595703125 245.28627014160156 365.88360595703125 115.54149627685547"/>
                    </Shape>
                    <TextLine ID="line_2" HPOS="365" VPOS="103" WIDTH="581" HEIGHT="51" BASELINE="366 142 946 134" TAGREFS="TYPE_1">
                        <Shape>
                            <Polygon POINTS="366 142 366 154 423 148 484 148 492 153 493 153 493 153 494 154 514 154 514 153 514 153 532 148 543 152 543 152 544 152 545 152 546 152 553 147 603 152 604 152 604 152 616 146 622 152 623 152 624 152 625 152 644 152 644 152 645 152 646 152 668 145 696 150 697 150 698 150 718 144 770 149 771 149 772 149 784 145 823 148 823 148 824 148 825 148 831 143 843 148 843 148 844 148 845 148 861 143 876 148 876 148 877 148 895 148 924 148 925 148 925 148 930 143 944 148 946 134 944 109 912 103 911 103 872 110 867 111 862 110 830 103 829 103 828 103 805 111 802 111 794 111 755 108 754 108 753 108 753 108 748 112 746 113 687 113 686 113 674 106 673 106 672 106 654 106 654 106 638 106 637 106 637 106 629 114 628 115 607 115 596 115 567 108 566 108 565 108 547 113 487 108 486 108 365 118 366 142"/>
                        </Shape>
                        <String CONTENT=""/>
                    </TextLine>

                    <TextLine ID="line_3" HPOS="366" VPOS="140" WIDTH="578" HEIGHT="46" BASELINE="367 174 944 167" TAGREFS="TYPE_1">
                        <Shape>
                            <Polygon POINTS="367 174 367 186 444 180 484 180 493 185 493 185 494 185 495 185 496 185 497 185 512 179 523 183 524 183 525 183 559 178 641 182 653 182 654 182 654 182 655 181 664 177 681 181 683 181 683 181 684 181 685 181 685 181 689 177 726 181 739 181 740 181 770 180 855 175 868 178 874 180 875 180 876 180 876 180 883 178 895 174 904 177 905 178 906 178 907 178 943 176 944 167 943 145 934 140 933 140 932 140 931 140 917 145 914 146 908 146 860 141 859 141 858 141 843 146 815 141 814 141 814 141 813 141 804 147 802 148 761 148 761 148 756 143 755 143 754 143 753 143 753 143 752 143 745 148 744 148 743 148 726 143 725 143 724 143 724 143 703 148 687 143 687 143 686 143 666 147 650 143 649 143 648 143 635 149 607 144 606 144 605 144 584 151 529 151 517 145 516 145 515 145 514 145 493 152 493 152 492 152 449 146 448 146 448 146 429 152 409 147 408 147 407 147 366 153 367 174"/>
                        </Shape>
                        <String CONTENT=""/>
                    </TextLine>

                    <TextLine ID="line_4" HPOS="366" VPOS="179" WIDTH="577" HEIGHT="41" BASELINE="367 208 943 199" TAGREFS="TYPE_1">
                        <Shape>
                            <Polygon POINTS="761 198 753 198 744 198 736 198 728 198 720 198 712 198 704 198 696 198 688 198 680 198 672 198 664 198 656 198 648 198 640 198 632 198 624 198 616 198 608 198 600 198 592 198 584 198 576 198 567 198 559 198 551 198 543 198 535 198 527 198 519 198 511 198 503 198 495 198 487 198 479 198 471 198 463 198 455 198 447 198 439 198 431 198 423 198 415 198 407 198 399 198 390 198 382 198 374 198 366 198 367 208 367 218 418 220 419 220 419 220 429 218 440 214 450 217 458 219 459 219 460 219 460 219 466 217 473 213 477 217 478 218 479 218 480 218 481 219 504 219 504 218 505 218 512 216 524 212 682 210 734 213 745 214 746 214 747 214 748 214 748 213 755 209 763 213 765 214 766 214 767 214 780 213 811 210 854 213 864 213 865 213 866 213 867 213 873 208 883 212 884 213 885 213 886 213 943 211 943 199 942 184 936 179 935 179 934 179 893 179 892 179 891 179 880 184 872 180 871 180 870 180 785 181 784 181 770 189 761 193 761 198"/>
                        </Shape>
                        <String CONTENT=""/>
                    </TextLine>

                    <TextLine ID="line_5" HPOS="372" VPOS="209" WIDTH="334" HEIGHT="41" BASELINE="373 239 706 234" TAGREFS="TYPE_1">
                        <Shape>
                            <Polygon POINTS="373 239 373 250 467 245 485 250 486 250 487 250 489 250 514 244 534 249 534 249 535 249 537 249 555 245 586 248 589 248 590 248 591 248 592 248 596 244 607 248 609 248 609 248 610 248 611 248 613 247 629 242 704 246 706 234 705 214 684 209 683 209 683 209 644 213 610 209 609 209 561 216 450 213 449 213 448 213 433 218 423 213 422 213 421 213 420 213 419 213 414 218 372 219 373 239"/>
                        </Shape>
                        <String CONTENT=""/>
                    </TextLine>
</TextBlock>
                <TextBlock ID="block_0" HPOS="364" VPOS="246" WIDTH="584" HEIGHT="324" TAGREFS="TYPE_9">
                    <Shape>
                        <Polygon POINTS="364.8317565917969 246.20803833007812 948.2938232421875 246.20803833007812 948.2938232421875 570.4610595703125 364.8317565917969 570.4610595703125 364.8317565917969 246.20803833007812"/>
                    </Shape>
                    <TextLine ID="line_6" HPOS="398" VPOS="237" WIDTH="550" HEIGHT="45" BASELINE="399 269 948 265" TAGREFS="TYPE_1">
                        <Shape>
                            <Polygon POINTS="399 269 399 279 446 282 447 282 448 282 460 278 465 277 474 278 502 282 503 282 504 282 505 282 510 278 514 275 559 275 570 277 597 281 598 281 599 281 600 281 600 280 604 276 606 275 622 275 623 276 628 280 629 280 629 280 630 281 649 281 649 280 650 280 659 275 662 275 673 275 717 279 718 279 719 279 720 279 724 275 748 278 748 278 768 274 771 274 776 274 824 279 825 279 826 279 837 273 839 273 883 273 892 273 912 279 913 279 913 279 948 271 948 265 945 240 931 243 917 240 902 237 901 237 901 237 887 241 877 243 872 241 864 237 864 237 863 237 812 238 811 238 802 242 798 244 794 242 786 238 785 238 784 238 783 238 764 242 763 242 748 238 747 238 746 238 724 242 702 238 701 238 700 238 699 238 691 244 689 245 686 244 669 238 668 238 667 238 666 238 666 238 666 239 659 244 658 246 609 246 607 245 596 240 595 240 594 240 593 240 592 240 592 241 587 246 586 246 540 246 539 246 530 239 529 239 528 239 513 239 512 239 511 239 510 239 502 246 502 247 489 247 489 246 473 240 473 240 446 240 445 240 444 240 434 245 407 241 407 241 406 241 405 241 398 246 399 269"/>
                        </Shape>
                        <String CONTENT=""/>
                    </TextLine>

                    <TextLine ID="line_7" HPOS="368" VPOS="270" WIDTH="579" HEIGHT="41" BASELINE="369 304 947 296" TAGREFS="TYPE_1">
                        <Shape>
                            <Polygon POINTS="369 304 369 311 947 306 947 296 946 274 940 270 939 270 938 270 921 270 920 270 919 270 909 275 908 276 906 275 899 270 898 270 897 270 897 270 839 271 838 271 826 275 816 279 786 275 761 273 761 273 760 273 759 273 756 275 751 279 714 276 713 276 643 280 624 276 612 274 611 274 610 274 609 274 607 276 600 282 585 282 572 276 564 274 563 274 563 274 562 274 561 274 558 276 551 282 530 277 522 275 521 275 520 275 505 277 487 279 469 277 468 277 467 277 466 277 465 277 459 282 452 278 451 278 450 278 431 282 368 278 369 304"/>
                        </Shape>
                        <String CONTENT=""/>
                    </TextLine>

                    <TextLine ID="line_8" HPOS="366" VPOS="301" WIDTH="580" HEIGHT="48" BASELINE="367 337 946 328" TAGREFS="TYPE_1">
                        <Shape>
                            <Polygon POINTS="367 337 367 349 420 343 463 348 467 348 468 348 474 348 526 341 602 345 629 345 629 345 641 344 667 340 690 343 695 343 696 343 697 343 699 342 707 339 716 342 720 344 720 344 721 344 774 342 775 342 779 341 788 337 817 340 837 341 838 341 946 337 946 328 943 308 874 308 871 308 852 301 851 301 851 301 850 301 849 301 843 305 811 303 810 303 810 303 809 303 809 304 803 308 802 310 785 311 762 311 759 308 749 303 748 303 748 303 747 303 746 303 745 303 736 308 732 311 707 309 690 308 689 308 688 308 684 309 678 312 672 309 663 305 662 305 637 304 636 304 635 304 634 304 626 309 625 310 623 309 607 305 606 305 605 305 604 305 596 310 595 310 594 310 587 305 586 305 585 305 584 305 584 305 583 305 576 310 569 313 556 310 541 306 540 306 539 306 506 310 474 315 460 315 456 311 452 308 452 308 451 308 450 308 366 311 367 337"/>
                        </Shape>
                        <String CONTENT=""/>
                    </TextLine>

                    <TextLine ID="line_9" HPOS="367" VPOS="335" WIDTH="580" HEIGHT="47" BASELINE="368 368 947 362" TAGREFS="TYPE_1">
                        <Shape>
                            <Polygon POINTS="368 368 368 382 454 380 455 380 470 374 478 379 478 380 479 380 480 380 481 381 511 381 511 380 512 380 514 378 525 374 565 374 577 378 583 379 584 379 584 379 585 379 591 377 602 373 613 377 617 378 618 378 619 378 635 376 662 372 688 375 712 378 713 378 714 378 720 374 724 372 757 374 814 376 815 376 816 376 831 372 836 370 842 371 852 374 853 374 946 369 947 362 946 342 928 335 927 335 926 335 925 335 903 341 874 336 873 336 848 340 823 336 823 336 822 336 821 336 815 340 810 336 809 336 808 336 807 336 806 336 806 336 794 343 777 337 777 337 776 337 775 337 753 343 733 337 732 337 732 337 731 337 730 337 730 337 722 344 665 340 664 340 663 340 662 340 654 345 623 345 613 338 613 338 612 338 597 338 596 338 596 338 581 345 566 339 565 339 520 339 519 339 518 339 505 346 422 341 421 341 367 348 368 368"/>
                        </Shape>
                        <String CONTENT=""/>
                    </TextLine>

                    <TextLine ID="line_10" HPOS="366" VPOS="366" WIDTH="581" HEIGHT="48" BASELINE="367 401 947 394" TAGREFS="TYPE_1">
                        <Shape>
                            <Polygon POINTS="367 401 367 414 482 414 482 413 483 413 485 412 496 408 530 412 536 412 537 412 541 411 561 407 589 411 593 411 594 411 597 411 618 407 663 411 669 411 670 411 670 411 671 411 676 407 686 411 687 411 687 411 688 411 691 411 715 406 783 409 784 409 785 409 883 403 946 407 947 394 945 366 893 371 839 368 827 368 827 368 826 368 824 369 812 375 726 375 718 371 716 370 716 370 715 370 714 370 713 370 708 371 699 375 692 371 688 370 687 370 687 370 686 370 678 372 663 377 624 377 617 374 611 371 610 371 609 371 609 371 608 371 605 374 600 377 566 377 563 374 560 371 559 371 559 371 558 371 527 375 508 378 471 378 466 377 458 373 457 373 456 373 456 373 455 373 450 377 449 378 366 378 367 401"/>
                        </Shape>
                        <String CONTENT=""/>
                    </TextLine>

                    <TextLine ID="line_11" HPOS="366" VPOS="401" WIDTH="581" HEIGHT="45" BASELINE="366 434 947 427" TAGREFS="TYPE_1">
                        <Shape>
                            <Polygon POINTS="366 434 366 445 399 442 413 445 419 446 419 446 420 446 423 445 431 441 470 441 477 444 481 446 481 446 482 446 506 444 542 440 551 444 557 445 558 445 559 445 578 443 600 440 633 442 659 444 660 444 661 444 662 444 663 442 667 439 679 442 687 444 688 444 689 444 690 444 694 441 701 438 711 441 716 443 716 443 717 443 753 442 753 442 754 442 756 440 761 437 946 438 947 427 945 407 879 407 877 407 862 401 861 401 831 401 831 401 830 401 811 408 810 408 808 408 787 402 786 402 786 402 785 402 784 402 777 408 776 408 746 403 745 403 744 403 721 409 720 410 670 410 668 410 657 403 656 403 655 403 654 403 643 409 577 404 576 404 542 409 495 405 494 405 493 405 471 411 428 406 427 406 366 413 366 434"/>
                        </Shape>
                        <String CONTENT=""/>
                    </TextLine>

                    <TextLine ID="line_12" HPOS="366" VPOS="440" WIDTH="580" HEIGHT="39" BASELINE="367 466 946 459" TAGREFS="TYPE_1">
                        <Shape>
                            <Polygon POINTS="761 457 753 457 744 457 736 457 728 457 720 457 712 457 704 457 696 457 688 457 680 457 672 457 664 457 656 457 648 457 640 457 632 457 624 457 616 457 608 457 600 457 592 457 584 457 576 457 567 457 559 457 551 457 543 457 535 457 527 457 519 457 511 457 503 457 495 457 487 457 479 457 471 457 463 457 455 457 447 457 439 457 431 457 423 457 415 457 407 457 399 457 390 457 382 457 374 457 366 457 367 466 367 478 386 474 403 478 410 479 411 479 419 477 439 473 473 477 493 478 494 478 518 476 560 471 591 471 598 474 604 477 605 477 606 477 607 477 615 473 625 470 671 470 678 473 687 476 687 476 688 476 715 472 732 469 738 471 748 475 749 475 750 475 795 470 821 468 839 469 880 473 881 473 882 473 894 468 897 468 946 468 946 459 943 440 793 441 792 441 791 441 789 444 787 445 782 444 775 442 774 442 773 442 773 442 765 444 764 444 761 457"/>
                        </Shape>
                        <String CONTENT=""/>
                    </TextLine>

                    <TextLine ID="line_13" HPOS="364" VPOS="464" WIDTH="581" HEIGHT="46" BASELINE="365 498 945 490" TAGREFS="TYPE_1">
                        <Shape>
                            <Polygon POINTS="365 498 365 510 536 510 536 509 537 509 544 505 548 505 552 505 562 509 563 509 563 509 652 508 693 503 696 503 697 503 705 507 706 507 707 507 707 507 708 507 713 503 763 506 764 506 827 501 831 501 832 501 843 505 844 505 845 505 846 505 863 501 917 504 917 504 945 498 945 490 943 471 919 465 918 465 917 465 907 471 867 471 848 464 847 464 847 464 846 464 828 470 817 466 816 466 815 466 814 466 814 466 805 473 770 473 761 466 761 466 760 466 759 466 758 466 745 471 732 466 731 466 730 466 729 466 728 466 719 473 683 473 654 467 654 467 653 467 638 474 629 468 629 468 628 468 627 468 581 473 545 468 544 468 543 468 543 468 537 473 530 470 530 470 529 470 480 477 465 470 464 470 427 470 426 470 425 470 407 475 393 471 392 471 391 471 390 471 364 478 365 498"/>
                        </Shape>
                        <String CONTENT=""/>
                    </TextLine>

                    <TextLine ID="line_14" HPOS="366" VPOS="497" WIDTH="583" HEIGHT="46" BASELINE="366 531 949 524" TAGREFS="TYPE_1">
                        <Shape>
                            <Polygon POINTS="366 531 366 539 444 543 445 543 446 543 460 538 461 538 464 538 494 543 495 543 520 538 523 538 532 538 603 542 604 542 626 537 630 536 632 537 640 541 641 541 641 542 685 542 685 541 741 535 756 534 769 535 818 539 818 539 948 533 949 524 947 503 912 503 897 497 897 497 896 497 851 501 777 498 777 498 776 498 755 505 753 505 753 505 741 499 740 499 740 499 739 499 720 505 720 505 719 505 695 499 694 499 693 499 692 499 685 505 683 506 645 506 644 505 638 501 637 501 637 501 636 501 635 501 625 505 623 506 604 505 505 501 504 501 503 501 502 501 496 507 493 509 429 509 427 507 422 503 421 503 420 503 374 503 373 503 372 503 371 503 366 506 366 531"/>
                        </Shape>
                        <String CONTENT=""/>
                    </TextLine>

                    <TextLine ID="line_15" HPOS="368" VPOS="532" WIDTH="384" HEIGHT="45" BASELINE="369 563 752 557" TAGREFS="TYPE_1">
                        <Shape>
                            <Polygon POINTS="369 563 370 577 390 572 427 575 429 575 430 575 431 575 432 575 438 571 536 570 547 572 557 574 558 574 559 574 559 574 559 573 560 573 561 571 563 569 583 571 604 573 605 573 684 571 685 571 686 571 690 568 691 567 697 567 737 571 738 571 739 571 752 566 752 557 750 537 694 533 693 533 644 538 643 538 637 533 637 532 636 532 635 532 612 532 611 532 610 532 588 538 588 538 584 538 526 534 526 534 494 540 490 540 487 540 465 536 464 536 463 536 462 536 462 537 461 537 459 540 458 542 440 542 437 540 423 535 423 535 422 535 368 541 369 563"/>
                        </Shape>
                        <String CONTENT=""/>
                    </TextLine>
</TextBlock>
                <TextBlock ID="block_1" HPOS="365" VPOS="568" WIDTH="586" HEIGHT="485" TAGREFS="TYPE_9">
                    <Shape>
                        <Polygon POINTS="365.84033203125 568.6624755859375 951.800537109375 568.6624755859375 951.800537109375 1053.0072021484375 365.84033203125 1053.0072021484375 365.84033203125 568.6624755859375"/>
                    </Shape>
                    <TextLine ID="line_16" HPOS="399" VPOS="562" WIDTH="550" HEIGHT="41" BASELINE="399 595 949 588" TAGREFS="TYPE_1">
                        <Shape>
                            <Polygon POINTS="399 595 399 603 948 596 949 588 947 567 913 562 912 562 873 567 855 562 854 562 853 562 852 562 839 567 818 562 817 562 816 562 815 562 810 566 806 563 806 563 805 563 774 563 773 563 773 563 762 568 707 568 688 563 687 563 687 563 686 563 669 569 668 569 667 569 631 564 630 564 581 570 580 570 569 565 568 565 536 565 535 565 458 571 453 571 450 571 417 567 416 567 415 567 399 571 399 595"/>
                        </Shape>
                        <String CONTENT=""/>
                    </TextLine>

                    <TextLine ID="line_17" HPOS="365" VPOS="595" WIDTH="584" HEIGHT="44" BASELINE="366 627 949 621" TAGREFS="TYPE_1">
                        <Shape>
                            <Polygon POINTS="366 627 366 639 513 633 538 636 545 637 546 637 555 636 584 632 600 635 607 636 608 636 750 632 876 629 888 629 926 633 927 633 948 628 949 621 946 596 827 599 814 596 806 595 805 595 804 595 800 596 791 600 774 596 769 596 768 596 759 596 728 600 646 597 634 597 633 597 633 597 632 597 626 601 613 597 612 597 611 597 610 597 609 597 608 597 592 601 523 598 514 598 513 598 512 598 510 598 493 603 483 599 482 599 481 599 457 603 421 600 420 600 419 600 419 600 412 604 365 600 366 627"/>
                        </Shape>
                        <String CONTENT=""/>
                    </TextLine>

                    <TextLine ID="line_18" HPOS="366" VPOS="625" WIDTH="584" HEIGHT="46" BASELINE="366 660 950 653" TAGREFS="TYPE_1">
                        <Shape>
                            <Polygon POINTS="366 660 366 670 422 671 423 671 432 670 448 666 458 669 464 670 465 670 465 670 481 669 501 666 519 668 549 670 550 670 596 666 625 664 663 665 752 668 753 668 811 662 821 662 827 662 877 666 878 666 879 666 880 666 888 661 897 666 898 666 899 666 900 666 909 661 926 665 927 665 928 665 929 665 950 659 950 653 948 632 925 632 919 626 918 626 917 626 917 626 916 626 908 630 897 625 897 625 896 625 895 625 894 625 882 632 826 625 825 625 824 625 823 625 818 630 761 626 760 626 759 626 758 626 745 634 732 634 724 627 724 627 723 627 722 627 721 627 705 633 696 627 695 627 695 627 694 627 693 627 670 635 615 635 596 629 596 629 568 629 567 629 567 629 566 629 566 629 558 637 526 637 508 629 507 629 506 629 506 629 490 637 444 630 443 630 406 637 388 631 387 631 386 631 386 631 366 638 366 660"/>
                        </Shape>
                        <String CONTENT=""/>
                    </TextLine>

                    <TextLine ID="line_19" HPOS="366" VPOS="661" WIDTH="581" HEIGHT="45" BASELINE="366 691 947 685" TAGREFS="TYPE_1">
                        <Shape>
                            <Polygon POINTS="366 691 366 706 392 705 393 705 394 705 394 704 399 699 412 703 413 703 414 703 524 699 539 703 541 703 542 703 543 703 543 703 546 703 559 698 591 702 606 703 607 703 608 703 616 701 633 697 661 697 668 700 673 703 674 703 674 703 675 703 676 703 679 700 683 697 707 699 732 702 732 702 733 702 740 699 745 696 748 699 752 702 753 702 753 702 754 703 771 703 771 702 799 698 815 695 827 697 848 701 849 701 930 700 931 700 947 695 947 685 946 666 893 662 893 662 832 666 823 666 819 666 786 661 786 661 785 661 771 666 768 667 691 667 691 666 684 662 683 662 683 662 682 662 681 662 668 666 662 668 632 666 577 663 576 663 532 666 521 667 518 666 508 664 507 664 506 664 506 664 505 664 502 666 500 668 494 666 484 664 483 664 482 664 481 664 481 664 477 666 472 670 456 666 444 665 443 665 442 665 437 666 430 670 423 666 418 665 417 665 416 665 366 666 366 691"/>
                        </Shape>
                        <String CONTENT=""/>
                    </TextLine>

                    <TextLine ID="line_20" HPOS="366" VPOS="691" WIDTH="584" HEIGHT="46" BASELINE="366 725 950 718" TAGREFS="TYPE_1">
                        <Shape>
                            <Polygon POINTS="366 725 366 732 414 737 415 737 499 731 507 731 512 731 559 736 559 736 560 736 580 730 582 730 583 730 612 735 613 735 613 735 625 729 625 729 637 729 751 733 752 733 786 729 872 732 872 732 873 732 874 732 880 728 896 731 897 731 897 731 898 731 905 726 938 731 939 731 940 731 941 731 950 725 950 718 947 693 858 697 842 695 820 691 819 691 783 695 765 698 760 696 751 693 750 693 749 693 715 697 713 697 711 697 691 693 691 693 690 693 689 693 683 698 682 699 677 698 665 694 664 694 663 694 611 699 580 695 579 695 549 700 543 701 535 700 497 697 497 697 496 697 495 697 489 702 488 702 484 702 442 696 441 696 440 696 440 696 429 703 428 703 366 703 366 725"/>
                        </Shape>
                        <String CONTENT=""/>
                    </TextLine>

                    <TextLine ID="line_21" HPOS="365" VPOS="724" WIDTH="584" HEIGHT="45" BASELINE="366 756 949 750" TAGREFS="TYPE_1">
                        <Shape>
                            <Polygon POINTS="366 756 366 764 422 769 423 769 456 764 461 763 468 763 516 768 517 768 518 768 535 763 538 762 539 763 549 767 550 767 551 767 551 767 567 762 569 762 576 767 576 767 577 767 578 767 579 767 591 763 639 766 640 766 641 766 657 761 659 761 670 761 736 765 737 765 758 761 761 761 763 761 779 765 780 765 781 765 816 761 823 760 827 761 848 765 849 765 850 765 868 760 873 759 880 760 901 764 902 764 948 759 949 750 948 730 935 724 934 724 934 724 933 724 919 729 874 724 873 724 872 724 855 731 854 731 848 731 794 725 794 725 729 732 724 732 723 732 716 725 715 725 714 725 696 725 695 725 647 732 641 732 637 732 617 726 616 726 615 726 614 726 591 732 585 734 521 734 518 732 511 729 510 729 471 728 470 728 469 728 452 733 445 736 403 736 399 733 393 729 392 729 391 729 390 729 365 733 366 756"/>
                        </Shape>
                        <String CONTENT=""/>
                    </TextLine>

                    <TextLine ID="line_22" HPOS="365" VPOS="756" WIDTH="584" HEIGHT="45" BASELINE="366 788 949 782" TAGREFS="TYPE_1">
                        <Shape>
                            <Polygon POINTS="366 788 366 801 448 796 479 800 481 800 481 800 485 800 534 795 948 795 949 782 946 757 903 761 893 758 888 756 887 756 886 756 863 758 844 761 833 759 817 756 816 756 815 756 814 756 814 757 811 760 808 763 781 763 773 760 765 757 765 757 745 757 744 757 744 757 743 757 739 761 736 763 728 761 715 757 714 757 713 757 712 757 700 761 699 761 696 761 644 758 643 758 642 758 641 758 635 763 633 764 624 763 607 761 606 761 605 761 604 761 602 763 600 765 555 765 553 764 536 759 535 759 534 759 506 765 503 765 502 765 493 761 492 761 491 761 466 765 448 760 448 760 447 760 446 760 419 766 385 762 384 762 383 762 365 767 366 788"/>
                        </Shape>
                        <String CONTENT=""/>
                    </TextLine>

                    <TextLine ID="line_23" HPOS="370" VPOS="788" WIDTH="581" HEIGHT="47" BASELINE="370 821 951 815" TAGREFS="TYPE_1">
                        <Shape>
                            <Polygon POINTS="764 802 761 795 758 795 739 793 738 793 668 796 644 797 641 796 629 790 628 790 627 790 626 790 625 790 619 796 617 798 598 798 595 796 588 791 587 791 586 791 585 791 523 795 501 792 500 792 499 792 488 797 485 798 481 797 470 792 469 792 469 792 370 797 370 821 371 835 395 829 447 834 450 834 451 834 452 834 452 834 460 828 476 833 477 833 477 833 506 829 530 833 534 833 535 833 536 833 539 833 558 827 592 830 592 830 619 826 637 831 638 831 639 831 640 831 646 831 688 826 716 830 720 830 721 830 722 830 724 830 732 826 754 830 761 830 762 830 773 830 804 825 839 828 854 830 855 830 950 826 951 815 950 795 899 795 880 788 879 788 878 788 877 788 849 795 847 795 845 795 791 789 790 789 771 789 770 789 769 789 764 802"/>
                        </Shape>
                        <String CONTENT=""/>
                    </TextLine>

                    <TextLine ID="line_24" HPOS="366" VPOS="829" WIDTH="586" HEIGHT="36" BASELINE="366 852 952 847" TAGREFS="TYPE_1">
                        <Shape>
                            <Polygon POINTS="760 848 752 848 744 848 736 848 728 848 720 848 711 848 703 848 695 848 687 848 679 848 671 848 663 848 655 848 647 848 639 848 631 848 623 848 615 848 607 848 599 848 591 848 583 848 575 848 567 850 559 850 551 850 543 850 534 850 526 850 518 850 510 850 502 850 494 850 486 850 478 850 470 850 462 850 454 850 446 850 438 850 430 850 422 850 414 850 406 850 398 850 390 850 382 850 374 850 366 850 366 852 366 865 403 860 423 863 424 863 474 859 481 863 481 864 482 864 483 864 484 865 510 865 510 864 510 864 513 863 519 859 588 859 618 862 638 863 639 863 640 863 641 863 643 861 648 858 672 858 707 860 740 863 740 863 773 859 794 857 802 859 813 862 814 862 814 862 845 858 864 856 884 858 930 861 930 861 952 856 952 847 950 830 772 829 771 829 770 829 769 829 765 833 763 834 760 848"/>
                        </Shape>
                        <String CONTENT=""/>
                    </TextLine>

                    <TextLine ID="line_25" HPOS="366" VPOS="853" WIDTH="585" HEIGHT="47" BASELINE="367 887 951 880" TAGREFS="TYPE_1">
                        <Shape>
                            <Polygon POINTS="367 887 367 900 403 894 431 899 436 900 437 900 444 899 477 893 504 898 512 899 513 899 534 897 596 892 606 896 609 897 610 897 611 897 625 896 668 891 758 893 806 895 807 895 840 892 888 888 950 890 951 880 949 853 828 855 827 855 827 855 827 855 826 855 820 860 802 856 798 855 797 855 792 856 771 861 754 857 748 856 748 856 747 856 743 858 731 862 722 858 716 855 716 855 715 855 624 856 623 856 622 856 617 860 613 863 605 861 588 856 588 856 587 856 586 856 585 856 585 857 580 861 577 863 559 862 514 857 514 857 513 857 512 857 506 863 503 865 436 865 434 865 422 859 421 859 420 859 419 859 419 859 419 860 412 865 412 866 366 866 367 887"/>
                        </Shape>
                        <String CONTENT=""/>
                    </TextLine>

                    <TextLine ID="line_26" HPOS="369" VPOS="886" WIDTH="581" HEIGHT="45" BASELINE="370 918 950 912" TAGREFS="TYPE_1">
                        <Shape>
                            <Polygon POINTS="370 918 370 931 516 925 949 923 950 912 948 893 884 886 883 886 836 887 835 887 835 887 827 893 826 894 803 894 800 893 780 888 779 888 778 888 777 888 777 888 769 893 767 894 760 894 702 888 701 888 700 888 699 888 691 894 688 896 669 896 667 894 661 888 660 888 659 888 658 888 625 890 625 890 624 890 624 891 620 894 618 896 616 894 606 889 605 889 604 889 572 895 558 896 537 895 520 893 519 893 509 895 492 897 485 895 480 892 479 892 478 892 452 895 419 898 406 895 389 892 388 892 369 895 370 918"/>
                        </Shape>
                        <String CONTENT=""/>
                    </TextLine>

                    <TextLine ID="line_27" HPOS="367" VPOS="918" WIDTH="583" HEIGHT="45" BASELINE="368 950 950 943" TAGREFS="TYPE_1">
                        <Shape>
                            <Polygon POINTS="368 950 368 963 452 962 453 962 454 962 460 958 482 962 485 962 486 962 487 962 488 962 495 957 569 957 579 959 584 961 584 961 585 961 586 961 587 961 587 960 588 959 592 956 631 958 658 960 658 960 659 960 669 958 680 955 730 957 791 958 792 958 793 958 794 958 797 955 798 954 812 955 854 958 855 958 949 952 950 943 948 925 884 918 883 918 858 923 808 919 807 919 806 919 806 919 797 925 730 926 722 923 721 923 720 923 650 927 637 921 636 921 635 921 634 921 633 921 625 928 605 928 598 921 597 921 596 921 596 921 550 922 549 922 548 922 540 928 532 922 531 922 530 922 513 922 512 922 456 929 440 925 440 925 439 925 438 925 432 929 398 924 397 924 396 924 395 924 388 929 380 926 379 926 378 926 378 926 367 929 368 950"/>
                        </Shape>
                        <String CONTENT=""/>
                    </TextLine>

                    <TextLine ID="line_28" HPOS="366" VPOS="951" WIDTH="585" HEIGHT="45" BASELINE="366 983 951 978" TAGREFS="TYPE_1">
                        <Shape>
                            <Polygon POINTS="366 983 366 992 427 996 427 996 462 991 477 990 488 991 516 995 517 995 518 995 528 991 530 990 530 991 536 995 537 995 538 995 539 995 620 995 621 995 639 990 641 989 644 990 656 995 657 995 658 995 658 995 670 989 674 988 676 989 687 994 688 994 689 994 718 989 722 988 723 989 730 994 731 994 732 994 732 995 756 995 756 994 757 994 776 988 779 987 822 987 824 987 851 993 852 993 853 993 872 987 875 987 950 987 951 978 950 953 802 951 802 951 801 951 792 954 785 958 702 958 695 956 682 952 681 952 680 952 679 952 679 952 672 956 641 953 641 953 640 953 639 953 634 957 631 960 588 960 585 958 578 953 577 953 576 953 556 953 555 953 555 953 554 953 547 958 546 959 543 958 534 956 533 956 532 956 518 959 512 961 456 961 455 960 448 954 447 954 446 954 424 954 423 954 423 954 422 954 416 959 400 955 399 955 399 955 366 961 366 983"/>
                        </Shape>
                        <String CONTENT=""/>
                    </TextLine>

                    <TextLine ID="line_29" HPOS="366" VPOS="983" WIDTH="582" HEIGHT="43" BASELINE="367 1016 948 1010" TAGREFS="TYPE_1">
                        <Shape>
                            <Polygon POINTS="367 1016 367 1024 598 1026 599 1026 600 1026 607 1024 616 1020 625 1024 630 1025 631 1025 632 1025 633 1025 633 1025 636 1024 640 1020 701 1020 719 1023 728 1024 729 1024 767 1024 768 1024 769 1024 769 1023 773 1020 796 1023 808 1024 809 1024 818 1022 839 1019 863 1022 870 1023 871 1023 872 1023 874 1022 887 1018 947 1021 948 1010 946 991 897 983 897 983 896 983 863 991 863 992 852 992 818 992 806 984 805 984 804 984 803 984 802 984 802 984 790 991 779 985 778 985 777 985 777 985 762 992 708 985 707 985 707 985 689 993 689 994 656 994 656 993 629 986 628 986 627 986 626 986 625 986 612 994 611 995 554 995 549 995 533 987 532 987 531 987 530 987 511 994 488 994 480 987 479 987 478 987 477 987 431 988 430 988 429 988 423 993 375 988 374 988 374 988 373 988 366 993 367 1016"/>
                        </Shape>
                        <String CONTENT=""/>
                    </TextLine>

                    <TextLine ID="line_30" HPOS="366" VPOS="1018" WIDTH="330" HEIGHT="43" BASELINE="367 1046 696 1043" TAGREFS="TYPE_1">
                        <Shape>
                            <Polygon POINTS="367 1046 367 1060 390 1061 391 1061 392 1061 393 1061 394 1060 400 1056 440 1058 463 1060 464 1060 465 1060 465 1060 469 1057 473 1055 477 1057 481 1060 482 1060 483 1061 516 1061 516 1060 517 1060 526 1057 531 1054 533 1056 535 1058 535 1059 536 1059 537 1059 538 1059 565 1055 571 1055 575 1055 610 1059 611 1059 633 1053 637 1053 696 1052 696 1043 695 1024 650 1018 649 1018 648 1018 647 1018 647 1019 641 1024 579 1024 572 1020 572 1019 572 1019 571 1019 555 1019 555 1019 554 1019 553 1019 544 1025 493 1025 481 1021 481 1021 480 1021 479 1021 463 1025 449 1020 448 1020 448 1020 447 1020 432 1024 379 1020 378 1020 378 1020 366 1026 367 1046"/>
                        </Shape>
                        <String CONTENT=""/>
                    </TextLine>
</TextBlock>
                <TextBlock ID="block_2" HPOS="359" VPOS="1056" WIDTH="592" HEIGHT="132" TAGREFS="TYPE_9">
                    <Shape>
                        <Polygon POINTS="359.3371276855469 1056.8828125 951.8916625976562 1056.8828125 951.8916625976562 1188.9576416015625 359.3371276855469 1188.9576416015625 359.3371276855469 1056.8828125"/>
                    </Shape>
                    <TextLine ID="line_31" HPOS="395" VPOS="1049" WIDTH="555" HEIGHT="39" BASELINE="395 1077 950 1074" TAGREFS="TYPE_1">
                        <Shape>
                            <Polygon POINTS="395 1077 395 1088 949 1085 950 1074 948 1055 923 1049 922 1049 869 1054 861 1055 860 1054 854 1049 853 1049 852 1049 816 1049 815 1049 814 1049 814 1049 814 1050 809 1054 808 1056 805 1054 796 1050 795 1050 794 1050 794 1050 781 1054 775 1057 749 1057 747 1054 742 1050 741 1050 740 1050 740 1050 700 1054 671 1057 662 1054 654 1051 653 1051 625 1051 624 1051 623 1051 617 1053 610 1057 569 1057 563 1053 560 1052 559 1052 559 1052 558 1052 550 1053 532 1058 487 1058 479 1053 476 1052 475 1052 474 1052 462 1053 432 1057 420 1053 416 1052 415 1052 415 1052 395 1053 395 1077"/>
                        </Shape>
                        <String CONTENT=""/>
                    </TextLine>

                    <TextLine ID="line_32" HPOS="362" VPOS="1082" WIDTH="586" HEIGHT="42" BASELINE="363 1111 948 1107" TAGREFS="TYPE_1">
                        <Shape>
                            <Polygon POINTS="363 1111 363 1118 479 1124 480 1124 481 1124 481 1124 487 1119 507 1122 508 1122 509 1122 518 1118 518 1118 528 1123 529 1123 530 1124 596 1124 596 1123 597 1123 598 1123 605 1117 606 1117 628 1117 629 1117 635 1123 636 1123 637 1123 637 1123 638 1123 650 1117 650 1117 659 1120 660 1120 661 1120 707 1117 717 1116 727 1116 813 1122 814 1122 814 1122 825 1116 838 1121 839 1121 839 1121 868 1117 892 1121 893 1121 947 1114 948 1107 946 1088 927 1088 925 1087 914 1082 913 1082 913 1082 888 1087 884 1089 794 1089 787 1087 776 1083 775 1083 774 1083 773 1083 773 1083 767 1087 765 1088 751 1087 736 1086 736 1086 727 1086 708 1090 646 1086 598 1084 597 1084 596 1084 592 1086 583 1091 530 1091 522 1086 521 1085 520 1085 519 1085 518 1085 518 1085 517 1085 516 1086 511 1089 480 1086 479 1086 427 1091 410 1087 409 1087 408 1087 407 1087 399 1091 387 1086 386 1086 362 1086 363 1111"/>
                        </Shape>
                        <String CONTENT=""/>
                    </TextLine>

                    <TextLine ID="line_33" HPOS="362" VPOS="1112" WIDTH="588" HEIGHT="44" BASELINE="362 1143 950 1139" TAGREFS="TYPE_1">
                        <Shape>
                            <Polygon POINTS="362 1143 362 1153 366 1156 366 1156 367 1156 368 1156 390 1151 459 1156 460 1156 489 1155 490 1155 491 1155 497 1151 498 1151 514 1155 514 1155 515 1155 550 1151 559 1150 640 1150 641 1151 646 1155 646 1155 647 1155 648 1155 649 1155 658 1151 662 1149 666 1151 672 1154 673 1154 674 1154 691 1151 699 1149 707 1151 723 1154 724 1154 724 1154 736 1151 741 1149 746 1151 754 1153 755 1153 756 1154 816 1154 816 1153 817 1153 823 1151 827 1149 835 1151 851 1153 851 1153 875 1151 901 1147 949 1150 950 1139 947 1112 846 1119 828 1114 827 1114 827 1114 826 1114 825 1114 818 1120 785 1120 772 1114 769 1114 768 1114 767 1114 766 1114 762 1115 748 1120 739 1115 736 1114 736 1114 735 1114 720 1116 679 1120 663 1117 651 1114 650 1114 650 1114 642 1117 633 1121 611 1118 609 1118 608 1118 596 1118 528 1122 523 1119 516 1116 515 1116 482 1116 481 1116 481 1116 464 1120 455 1123 449 1121 439 1117 438 1117 437 1117 436 1117 423 1121 421 1122 415 1122 375 1117 374 1117 374 1117 362 1121 362 1143"/>
                        </Shape>
                        <String CONTENT=""/>
                    </TextLine>

                    <TextLine ID="line_34" HPOS="355" VPOS="1147" WIDTH="593" HEIGHT="50" BASELINE="356 1174 948 1172" TAGREFS="TYPE_1">
                        <Shape>
                            <Polygon POINTS="356 1174 356 1189 474 1189 476 1189 487 1196 488 1196 489 1196 489 1196 507 1191 531 1197 532 1197 566 1189 574 1188 646 1188 650 1189 666 1196 667 1196 668 1197 750 1197 750 1196 751 1196 764 1189 767 1188 771 1189 787 1195 788 1195 789 1196 851 1196 851 1195 874 1189 884 1188 894 1189 909 1192 909 1192 947 1189 948 1172 946 1152 833 1152 831 1151 825 1147 824 1147 823 1147 823 1147 822 1147 821 1147 814 1151 811 1152 780 1151 716 1147 715 1147 714 1147 713 1147 710 1151 706 1154 674 1154 670 1150 667 1147 666 1147 666 1147 665 1147 646 1150 627 1152 618 1150 610 1147 609 1147 609 1147 597 1150 588 1151 569 1149 551 1147 551 1147 536 1149 501 1154 416 1148 408 1148 407 1148 405 1148 374 1154 355 1148 356 1174"/>
                        </Shape>
                        <String CONTENT=""/>
                    </TextLine>
</TextBlock>
                <TextBlock ID="block_5" HPOS="869" VPOS="1186" WIDTH="81" HEIGHT="33" TAGREFS="TYPE_27">
                    <Shape>
                        <Polygon POINTS="869.9550170898438 1186.2301025390625 950.56982421875 1186.2301025390625 950.56982421875 1219.962158203125 869.9550170898438 1219.962158203125 869.9550170898438 1186.2301025390625"/>
                    </Shape>
                    <TextLine ID="line_35" HPOS="866" VPOS="1184" WIDTH="82" HEIGHT="44" BASELINE="868 1205 948 1203" TAGREFS="TYPE_1">
                        <Shape>
                            <Polygon POINTS="868 1205 868 1222 893 1228 893 1228 894 1228 917 1221 921 1221 947 1221 948 1203 946 1184 866 1186 868 1205"/>
                        </Shape>
                        <String CONTENT=""/>
                    </TextLine>
</TextBlock>
            </PrintSpace>
        </Page>
    </Layout>
</alto>