<?xml version="1.0" encoding="UTF-8"?>
<alto xmlns:xsi="http://www.w3.org/2001/XMLSchema-instance"
    xmlns="http://www.loc.gov/standards/alto/ns-v4#"
    xsi:schemaLocation="http://www.loc.gov/standards/alto/ns-v4# http://www.loc.gov/standards/alto/v4/alto-4-3.xsd">
    <Description>
        <MeasurementUnit>pixel</MeasurementUnit>
        <sourceImageInformation>
            <fileName>2013279.jpeg</fileName>
        </sourceImageInformation>
        <Processing ID="OCR_0">
            <processingCategory>other</processingCategory>
            <processingStepDescription>unknown</processingStepDescription>
            <processingSoftware>
                <softwareName>kraken</softwareName>
                <softwareVersion>4.3.13</softwareVersion>
            </processingSoftware>
        </Processing>
    </Description>
    <Tags>
        <OtherTag ID="TYPE_1" LABEL="DefaultLine"/>
        <OtherTag ID="TYPE_2" LABEL="TableZone"/>
        <OtherTag ID="TYPE_3" LABEL="MainZone-Other"/>
        <OtherTag ID="TYPE_4" LABEL="GraphicZone-FigDesc"/>
        <OtherTag ID="TYPE_5" LABEL="GraphicZone-Decoration"/>
        <OtherTag ID="TYPE_6" LABEL="GraphicZone-TextualContent"/>
        <OtherTag ID="TYPE_7" LABEL="DropCapitalZone"/>
        <OtherTag ID="TYPE_8" LABEL="MainZone-Sp"/>
        <OtherTag ID="TYPE_9" LABEL="MainZone-P"/>
        <OtherTag ID="TYPE_10" LABEL="MarginTextZone-Notes"/>
        <OtherTag ID="TYPE_11" LABEL="MainZone-Signature"/>
        <OtherTag ID="TYPE_12" LABEL="TitlePageZone-Index"/>
        <OtherTag ID="TYPE_13" LABEL="TableZone-Head"/>
        <OtherTag ID="TYPE_14" LABEL="NumberingZone"/>
        <OtherTag ID="TYPE_15" LABEL="GraphicZone-Part"/>
        <OtherTag ID="TYPE_16" LABEL="GraphicZone-Head"/>
        <OtherTag ID="TYPE_17" LABEL="FigureZone-FigDesc"/>
        <OtherTag ID="TYPE_18" LABEL="MainZone-P-Continued"/>
        <OtherTag ID="TYPE_19" LABEL="MainZone-List"/>
        <OtherTag ID="TYPE_20" LABEL="TitlePageZone"/>
        <OtherTag ID="TYPE_21" LABEL="GraphicZone-Maths"/>
        <OtherTag ID="TYPE_22" LABEL="FigureZone"/>
        <OtherTag ID="TYPE_23" LABEL="MainZone-Date"/>
        <OtherTag ID="TYPE_24" LABEL="GraphicZone"/>
        <OtherTag ID="TYPE_25" LABEL="AdvertisementZone"/>
        <OtherTag ID="TYPE_26" LABEL="MainZone-Lg"/>
        <OtherTag ID="TYPE_27" LABEL="QuireMarksZone"/>
        <OtherTag ID="TYPE_28" LABEL="TableZone-Continued"/>
        <OtherTag ID="TYPE_29" LABEL="MainZone-Form"/>
        <OtherTag ID="TYPE_30" LABEL="MainZone-Entry"/>
        <OtherTag ID="TYPE_31" LABEL="MarginTextZone-ManuscriptAddendum"/>
        <OtherTag ID="TYPE_32" LABEL="DigitizationArtefactZone"/>
        <OtherTag ID="TYPE_33" LABEL="MarginTextZone-Notes-Continued"/>
        <OtherTag ID="TYPE_34" LABEL="MainZone-Lg-Continued"/>
        <OtherTag ID="TYPE_35" LABEL="StampZone"/>
        <OtherTag ID="TYPE_36" LABEL="MainZone-Entry-Continued"/>
        <OtherTag ID="TYPE_37" LABEL="MainZone-List-Continued"/>
        <OtherTag ID="TYPE_38" LABEL="MainZone-Head"/>
        <OtherTag ID="TYPE_39" LABEL="MainZone-Sp-Continued"/>
        <OtherTag ID="TYPE_40" LABEL="RunningTitleZone"/>
        <OtherTag ID="TYPE_41" LABEL="FigureZone-Head"/>
        <OtherTag ID="TYPE_42" LABEL="StampZone-Sticker"/>
    </Tags>
    <Layout>
        <Page WIDTH="1000" HEIGHT="1448" PHYSICAL_IMG_NR="0" ID="page_0">
            <PrintSpace HPOS="0" VPOS="0" WIDTH="1000" HEIGHT="1448">
                <TextBlock ID="block_4" HPOS="590" VPOS="85" WIDTH="41" HEIGHT="32" TAGREFS="TYPE_14">
                    <Shape>
                        <Polygon POINTS="590.02783203125 85.5841293334961 631.0921630859375 85.5841293334961 631.0921630859375 117.0518569946289 590.02783203125 117.0518569946289 590.02783203125 85.5841293334961"/>
                    </Shape>
                    <TextLine ID="line_0" HPOS="588" VPOS="71" WIDTH="40" HEIGHT="50" BASELINE="589 103 627 106" TAGREFS="TYPE_1">
                        <Shape>
                            <Polygon POINTS="589 103 588 112 625 121 627 106 628 71 609 75 591 72 589 103"/>
                        </Shape>
                        <String CONTENT=""/>
                    </TextLine>
</TextBlock>
                <TextBlock ID="block_6" HPOS="213" VPOS="73" WIDTH="182" HEIGHT="35" TAGREFS="TYPE_40">
                    <Shape>
                        <Polygon POINTS="213.58563232421875 73.75133514404297 395.88690185546875 73.75133514404297 395.88690185546875 108.0749282836914 213.58563232421875 108.0749282836914 213.58563232421875 73.75133514404297"/>
                    </Shape>
                    <TextLine ID="line_1" HPOS="214" VPOS="94" WIDTH="181" HEIGHT="17" BASELINE="215 96 395 99" TAGREFS="TYPE_1">
                        <Shape>
                            <Polygon POINTS="392 94 384 94 376 94 368 94 360 94 352 94 344 94 336 94 328 94 320 94 312 94 304 94 296 94 288 94 279 94 271 94 263 94 255 94 247 94 239 94 231 94 223 94 215 94 215 96 214 106 316 106 326 110 327 110 328 110 329 110 330 110 350 106 394 111 395 99 395 94 392 94"/>
                        </Shape>
                        <String CONTENT=""/>
                    </TextLine>
</TextBlock>
                <TextBlock ID="block_5" HPOS="49" VPOS="116" WIDTH="579" HEIGHT="77" TAGREFS="TYPE_18">
                    <Shape>
                        <Polygon POINTS="49.426273345947266 116.16098022460938 628.731201171875 116.16098022460938 628.731201171875 193.102783203125 49.426273345947266 193.102783203125 49.426273345947266 116.16098022460938"/>
                    </Shape>
                    <TextLine ID="line_2" HPOS="49" VPOS="111" WIDTH="577" HEIGHT="51" BASELINE="50 140 626 146" TAGREFS="TYPE_1">
                        <Shape>
                            <Polygon POINTS="50 140 49 156 61 157 62 157 63 157 64 157 64 156 74 149 143 149 151 156 152 157 152 157 153 157 154 157 155 157 158 156 179 150 193 155 194 155 195 155 196 155 214 150 233 150 243 156 250 159 251 159 251 159 252 159 262 156 268 154 277 156 296 160 297 160 366 160 366 160 367 160 368 160 374 155 379 152 386 155 391 157 392 157 393 157 450 156 460 161 461 161 462 162 499 162 499 161 500 161 518 155 522 153 536 155 611 162 612 162 613 162 613 162 625 154 626 146 625 118 594 122 568 117 563 116 562 116 561 116 559 117 548 121 542 117 540 115 539 115 539 115 538 115 537 115 534 117 524 122 500 122 460 116 440 114 439 114 438 114 437 114 434 116 427 120 389 120 383 115 381 114 381 113 380 113 379 113 378 113 356 115 316 119 309 115 308 113 307 113 306 113 305 113 304 113 300 115 292 119 218 119 202 114 194 111 193 111 193 111 192 111 185 114 171 118 148 114 132 111 131 111 118 113 109 115 50 113 50 140"/>
                        </Shape>
                        <String CONTENT=""/>
                    </TextLine>

                    <TextLine ID="line_3" HPOS="50" VPOS="167" WIDTH="339" HEIGHT="25" BASELINE="51 177 389 179" TAGREFS="TYPE_1">
                        <Shape>
                            <Polygon POINTS="51 177 50 189 80 185 115 189 129 190 130 190 137 189 152 185 205 188 283 192 284 192 285 192 294 188 348 191 349 191 349 191 350 191 350 190 354 186 388 185 389 179 388 168 51 167 51 177"/>
                        </Shape>
                        <String CONTENT=""/>
                    </TextLine>
</TextBlock>
                <TextBlock ID="block_0" HPOS="49" VPOS="207" WIDTH="581" HEIGHT="358" TAGREFS="TYPE_9">
                    <Shape>
                        <Polygon POINTS="49.44289016723633 207.23251342773438 630.254638671875 207.23251342773438 630.254638671875 565.7166137695312 49.44289016723633 565.7166137695312 49.44289016723633 207.23251342773438"/>
                    </Shape>
                    <TextLine ID="line_4" HPOS="78" VPOS="198" WIDTH="551" HEIGHT="47" BASELINE="78 228 629 234" TAGREFS="TYPE_1">
                        <Shape>
                            <Polygon POINTS="78 228 78 242 144 243 145 243 146 243 147 243 157 238 220 243 247 245 248 245 628 243 629 234 629 211 521 210 519 209 510 202 510 202 509 202 508 202 507 202 485 208 472 201 471 201 470 201 469 201 449 208 441 201 440 201 440 201 411 201 411 201 410 201 409 201 402 207 395 201 395 201 394 201 393 201 392 201 362 201 361 201 360 201 354 206 348 203 347 203 346 203 345 203 345 203 339 206 336 209 316 209 312 206 300 201 299 201 298 201 277 205 274 206 273 205 266 200 265 200 264 200 238 200 238 200 237 200 236 200 229 205 226 206 205 205 176 202 176 202 175 202 171 204 166 206 161 204 148 198 148 198 147 198 78 202 78 228"/>
                        </Shape>
                        <String CONTENT=""/>
                    </TextLine>

                    <TextLine ID="line_5" HPOS="51" VPOS="236" WIDTH="577" HEIGHT="43" BASELINE="52 260 628 266" TAGREFS="TYPE_1">
                        <Shape>
                            <Polygon POINTS="51 268 226 276 227 276 280 272 298 271 304 273 314 276 315 276 316 276 352 274 374 272 378 274 387 278 388 278 389 279 419 279 419 278 419 278 425 275 429 273 442 275 463 279 464 279 490 276 513 274 626 278 628 266 628 246 444 239 444 239 374 242 323 243 320 241 317 238 316 238 316 238 315 238 314 238 307 240 300 242 291 240 283 238 282 238 281 238 263 239 235 242 182 242 175 238 173 237 172 237 172 237 171 237 148 238 67 241 53 236 52 260 51 268"/>
                        </Shape>
                        <String CONTENT=""/>
                    </TextLine>

                    <TextLine ID="line_6" HPOS="49" VPOS="267" WIDTH="577" HEIGHT="45" BASELINE="50 292 626 298" TAGREFS="TYPE_1">
                        <Shape>
                            <Polygon POINTS="50 292 49 301 85 302 90 307 90 307 91 307 92 307 119 303 132 308 133 308 134 308 194 304 213 308 214 308 215 308 249 304 267 308 267 308 268 308 352 305 461 311 462 311 487 307 573 307 586 312 587 312 588 312 625 307 626 298 625 279 600 273 600 273 599 273 598 273 592 278 592 279 551 279 550 278 539 271 538 271 537 271 513 271 512 271 511 271 497 277 497 277 495 277 452 271 452 271 403 276 399 276 386 276 353 275 345 269 344 269 343 269 342 269 300 272 296 269 296 268 296 268 295 268 294 268 255 274 246 269 246 269 245 269 244 269 226 272 201 268 200 268 199 268 198 268 191 274 184 267 183 267 182 267 131 267 131 267 130 267 117 271 102 267 102 267 101 267 100 267 90 272 50 272 50 292"/>
                        </Shape>
                        <String CONTENT=""/>
                    </TextLine>

                    <TextLine ID="line_7" HPOS="49" VPOS="300" WIDTH="576" HEIGHT="44" BASELINE="49 325 625 330" TAGREFS="TYPE_1">
                        <Shape>
                            <Polygon POINTS="49 325 49 333 77 340 78 340 135 335 143 335 147 336 172 341 173 341 174 341 184 336 185 336 193 337 243 341 244 341 301 338 337 337 342 339 349 342 350 342 351 342 425 341 526 338 623 344 625 330 624 311 554 311 552 309 544 306 543 306 543 306 542 306 532 309 529 310 526 309 513 304 512 304 511 304 469 308 458 309 455 308 444 304 444 304 443 304 418 308 412 308 411 308 405 303 404 303 403 303 403 303 369 307 367 307 366 307 351 303 350 303 349 303 279 306 263 306 259 305 245 302 244 302 243 302 242 302 236 305 231 307 223 305 209 301 208 301 207 301 206 301 205 301 201 304 200 305 194 304 173 301 172 301 172 301 171 301 166 304 163 306 155 304 142 300 141 300 120 300 119 300 119 300 118 300 115 304 111 306 49 303 49 325"/>
                        </Shape>
                        <String CONTENT=""/>
                    </TextLine>

                    <TextLine ID="line_8" HPOS="50" VPOS="333" WIDTH="575" HEIGHT="40" BASELINE="51 358 625 362" TAGREFS="TYPE_1">
                        <Shape>
                            <Polygon POINTS="51 358 50 366 78 372 78 372 139 368 166 373 167 373 625 370 625 362 625 343 497 342 495 341 480 336 479 336 478 336 452 337 452 337 451 337 447 341 445 341 440 341 419 337 418 337 417 337 416 337 413 341 411 341 386 341 382 340 361 335 301 335 300 335 300 335 289 339 284 341 256 338 221 336 220 336 189 337 167 339 162 337 152 333 151 333 150 333 149 333 135 337 133 337 129 337 105 333 104 333 51 336 51 358"/>
                        </Shape>
                        <String CONTENT=""/>
                    </TextLine>

                    <TextLine ID="line_9" HPOS="47" VPOS="366" WIDTH="579" HEIGHT="41" BASELINE="48 391 626 394" TAGREFS="TYPE_1">
                        <Shape>
                            <Polygon POINTS="48 391 47 401 53 405 53 405 54 405 55 405 207 402 235 406 236 406 255 402 356 407 357 407 478 403 479 403 497 407 497 407 498 407 518 403 625 403 626 394 625 376 574 376 572 374 553 369 552 369 551 369 551 369 550 369 542 374 539 376 498 376 459 375 456 373 451 368 450 368 449 368 448 368 448 368 433 373 431 373 428 372 411 368 411 368 410 368 409 368 408 368 403 372 400 375 343 375 338 371 335 368 334 368 333 368 333 368 235 369 234 369 234 369 226 373 200 369 185 366 185 366 184 366 177 368 164 372 156 368 155 366 154 366 153 366 48 366 48 391"/>
                        </Shape>
                        <String CONTENT=""/>
                    </TextLine>

                    <TextLine ID="line_10" HPOS="46" VPOS="399" WIDTH="580" HEIGHT="38" BASELINE="47 423 626 427" TAGREFS="TYPE_1">
                        <Shape>
                            <Polygon POINTS="47 423 46 431 63 437 64 437 65 437 625 436 626 427 625 404 47 399 47 423"/>
                        </Shape>
                        <String CONTENT=""/>
                    </TextLine>

                    <TextLine ID="line_11" HPOS="47" VPOS="443" WIDTH="579" HEIGHT="31" BASELINE="48 458 626 460" TAGREFS="TYPE_1">
                        <Shape>
                            <Polygon POINTS="498 456 490 456 482 456 474 456 466 456 458 456 450 456 442 456 434 456 426 456 418 456 410 456 402 456 394 456 386 456 378 456 370 456 362 456 353 456 345 456 337 456 329 456 321 456 313 456 305 456 297 456 289 456 281 456 273 456 265 456 257 456 249 456 241 456 233 456 225 456 217 456 209 456 201 456 193 456 185 456 176 456 168 456 160 456 152 456 144 456 136 456 128 456 120 456 112 456 104 456 96 456 88 456 80 456 72 456 64 456 56 456 48 456 48 458 47 465 105 473 106 473 106 473 123 468 154 472 155 472 156 472 165 467 167 467 204 467 208 468 222 473 222 473 223 473 275 468 293 468 300 469 313 473 314 473 315 473 316 473 327 469 337 467 343 470 350 473 351 473 352 474 415 474 415 473 415 473 416 473 419 471 423 468 538 468 548 473 550 473 551 473 551 473 563 473 608 469 624 473 626 460 625 444 504 443 503 443 502 443 502 443 498 456"/>
                        </Shape>
                        <String CONTENT=""/>
                    </TextLine>

                    <TextLine ID="line_12" HPOS="48" VPOS="464" WIDTH="577" HEIGHT="40" BASELINE="48 489 625 493" TAGREFS="TYPE_1">
                        <Shape>
                            <Polygon POINTS="48 489 48 499 394 498 411 502 413 502 414 502 426 502 497 499 510 503 513 503 514 503 514 504 625 504 625 493 625 473 510 473 506 471 491 466 490 466 418 466 417 466 416 466 403 469 394 472 361 468 320 465 319 465 318 465 317 465 313 468 310 470 307 468 301 465 300 465 300 465 299 465 291 468 282 471 275 468 268 464 267 464 267 464 266 464 259 468 251 471 218 471 209 467 205 464 204 464 172 464 171 464 170 464 169 464 167 466 161 469 134 465 120 464 119 464 119 464 115 465 106 469 97 464 94 464 94 464 93 464 48 464 48 489"/>
                        </Shape>
                        <String CONTENT=""/>
                    </TextLine>

                    <TextLine ID="line_13" HPOS="45" VPOS="494" WIDTH="580" HEIGHT="44" BASELINE="46 522 625 525" TAGREFS="TYPE_1">
                        <Shape>
                            <Polygon POINTS="46 522 45 530 70 535 71 535 152 531 179 530 197 532 234 536 235 536 265 533 284 531 293 534 303 536 304 536 304 536 347 534 395 532 403 535 407 537 408 537 409 537 423 535 448 532 452 536 454 537 455 537 456 537 456 537 473 536 514 533 522 537 525 538 526 538 526 538 624 538 625 525 624 504 605 504 604 503 595 497 594 497 593 497 592 497 592 497 576 503 576 504 481 504 474 501 455 496 454 496 453 496 429 501 399 496 398 496 397 496 396 496 390 501 386 503 354 503 346 500 333 496 332 496 331 496 330 496 320 499 315 495 314 495 313 495 312 495 312 495 311 495 304 500 301 501 297 499 291 495 290 495 289 495 288 495 288 495 277 499 271 501 259 499 240 495 201 495 201 495 200 495 193 498 189 501 182 498 173 494 172 494 172 494 148 497 123 501 98 501 91 497 86 494 85 494 84 494 46 496 46 522"/>
                        </Shape>
                        <String CONTENT=""/>
                    </TextLine>

                    <TextLine ID="line_14" HPOS="44" VPOS="529" WIDTH="260" HEIGHT="38" BASELINE="45 556 304 554" TAGREFS="TYPE_1">
                        <Shape>
                            <Polygon POINTS="45 556 45 565 132 563 141 564 159 567 160 567 182 563 189 563 191 563 201 567 201 567 202 567 226 563 234 562 247 563 291 567 292 567 292 567 304 562 304 554 304 535 289 529 288 529 288 529 287 529 286 529 279 535 278 536 228 536 222 536 213 529 213 529 212 529 211 529 188 534 183 530 183 529 182 529 181 529 162 529 161 529 160 529 160 529 151 536 151 537 110 537 109 537 102 530 102 530 102 530 101 530 68 530 67 530 66 530 65 530 65 530 60 535 53 531 52 531 51 531 50 531 49 531 44 534 45 556"/>
                        </Shape>
                        <String CONTENT=""/>
                    </TextLine>
</TextBlock>
                <TextBlock ID="block_1" HPOS="43" VPOS="566" WIDTH="583" HEIGHT="324" TAGREFS="TYPE_9">
                    <Shape>
                        <Polygon POINTS="43.3809700012207 566.1012573242188 626.013916015625 566.1012573242188 626.013916015625 890.525634765625 43.3809700012207 890.525634765625 43.3809700012207 566.1012573242188"/>
                    </Shape>
                    <TextLine ID="line_15" HPOS="78" VPOS="560" WIDTH="543" HEIGHT="43" BASELINE="78 588 621 590" TAGREFS="TYPE_1">
                        <Shape>
                            <Polygon POINTS="78 588 78 593 94 600 94 600 95 600 216 596 246 595 288 597 341 600 341 600 358 598 382 596 386 599 388 600 388 601 389 601 390 601 390 601 427 599 476 596 483 600 485 602 486 602 487 602 488 603 508 603 508 602 509 602 510 602 511 600 515 597 530 601 534 602 535 602 536 602 542 601 562 596 620 602 621 590 621 569 585 569 584 568 574 562 573 562 572 562 546 562 545 562 544 562 534 567 531 568 521 567 498 564 497 564 478 567 461 568 454 566 440 561 440 561 415 561 414 561 413 561 412 561 407 565 403 568 333 568 329 564 325 562 325 561 325 561 324 561 323 561 293 563 252 567 240 563 234 560 233 560 232 560 231 560 224 563 210 567 150 567 141 561 140 560 139 560 139 560 138 560 133 561 108 565 78 560 78 588"/>
                        </Shape>
                        <String CONTENT=""/>
                    </TextLine>

                    <TextLine ID="line_16" HPOS="43" VPOS="593" WIDTH="581" HEIGHT="42" BASELINE="44 621 398 620 624 623" TAGREFS="TYPE_1">
                        <Shape>
                            <Polygon POINTS="44 621 43 627 53 632 53 632 54 632 55 632 69 628 78 634 78 634 79 634 80 634 124 628 157 633 158 633 159 633 160 633 166 628 218 628 232 633 233 633 234 633 234 633 249 628 258 632 259 632 259 632 260 632 261 632 267 628 341 628 352 634 353 634 353 634 354 635 491 635 491 634 492 634 493 634 502 629 535 629 549 634 550 634 551 635 610 635 610 634 611 634 623 627 624 623 623 600 526 600 512 593 511 593 510 593 510 593 494 600 479 593 478 593 449 593 448 593 448 593 447 593 440 599 418 595 417 595 416 595 399 600 389 593 388 593 387 593 337 593 337 593 336 593 335 593 335 594 328 600 287 600 274 593 273 593 247 593 246 593 246 593 226 600 206 593 205 593 174 593 173 593 172 593 158 600 133 595 132 595 131 595 131 595 125 600 70 600 57 593 57 593 56 593 55 593 44 599 44 621"/>
                        </Shape>
                        <String CONTENT=""/>
                    </TextLine>

                    <TextLine ID="line_17" HPOS="43" VPOS="628" WIDTH="580" HEIGHT="41" BASELINE="44 652 623 654" TAGREFS="TYPE_1">
                        <Shape>
                            <Polygon POINTS="502 649 497 633 455 631 454 631 453 631 443 634 440 635 356 635 353 634 329 629 329 629 246 633 240 633 234 629 234 628 234 628 233 628 232 628 231 628 221 632 212 628 211 628 210 628 177 632 156 628 156 628 155 628 154 628 146 633 144 633 96 628 95 628 94 628 85 633 82 633 44 633 44 652 43 659 105 660 117 666 118 666 119 666 119 666 139 661 140 661 231 661 234 662 248 668 249 668 250 668 276 662 279 662 281 662 294 668 295 668 296 669 321 669 321 668 322 668 332 662 334 662 345 663 378 668 379 668 622 666 623 654 622 636 543 629 525 629 524 629 523 629 522 629 522 630 517 635 516 635 510 635 506 634 502 649"/>
                        </Shape>
                        <String CONTENT=""/>
                    </TextLine>

                    <TextLine ID="line_18" HPOS="42" VPOS="659" WIDTH="579" HEIGHT="42" BASELINE="43 684 621 688" TAGREFS="TYPE_1">
                        <Shape>
                            <Polygon POINTS="43 684 42 693 115 698 115 698 116 698 131 694 138 692 226 692 234 694 259 699 260 699 261 699 270 695 272 693 273 695 279 699 279 699 279 699 280 699 281 699 307 695 311 694 314 695 329 699 330 699 331 699 396 695 403 695 404 695 423 700 423 700 424 700 479 695 487 695 489 695 502 700 503 700 504 700 531 695 532 695 540 701 541 701 542 701 543 701 595 697 603 701 604 701 604 701 605 701 621 695 621 688 621 668 579 662 578 662 577 662 561 667 560 667 556 667 499 662 498 662 443 666 435 662 434 662 433 662 432 662 419 666 418 666 414 666 382 662 382 662 381 662 370 666 341 661 341 661 209 665 196 665 193 665 158 659 157 659 43 663 43 684"/>
                        </Shape>
                        <String CONTENT=""/>
                    </TextLine>

                    <TextLine ID="line_19" HPOS="42" VPOS="699" WIDTH="578" HEIGHT="34" BASELINE="43 715 620 719" TAGREFS="TYPE_1">
                        <Shape>
                            <Polygon POINTS="493 717 485 717 477 717 469 717 460 717 452 717 444 717 436 717 428 717 420 717 412 717 404 717 397 715 389 715 381 715 373 715 365 715 357 715 349 715 341 715 333 715 325 715 316 715 308 715 300 715 292 715 284 715 276 715 268 715 260 715 252 715 244 715 236 715 227 715 219 715 211 715 203 715 195 715 187 715 179 715 171 715 163 715 155 715 147 715 139 715 131 715 123 715 115 715 112 706 105 701 103 699 102 699 102 699 101 699 43 699 43 715 42 728 152 730 153 730 170 728 187 726 217 728 259 731 259 731 308 728 330 727 332 728 336 732 337 732 337 732 338 732 376 728 382 728 383 728 389 732 390 732 390 732 391 732 430 728 476 732 477 732 520 728 532 732 533 732 534 733 603 733 603 732 604 732 619 728 620 719 620 707 611 702 610 702 609 702 501 702 500 702 499 702 498 702 497 703 493 717"/>
                        </Shape>
                        <String CONTENT=""/>
                    </TextLine>

                    <TextLine ID="line_20" HPOS="41" VPOS="724" WIDTH="580" HEIGHT="43" BASELINE="41 750 621 754" TAGREFS="TYPE_1">
                        <Shape>
                            <Polygon POINTS="41 750 41 757 57 764 58 764 59 765 101 765 101 764 102 764 115 759 151 759 171 765 172 765 172 765 173 765 186 760 221 760 232 765 233 765 234 765 310 761 325 765 326 765 327 765 354 761 355 761 396 766 397 766 436 761 531 767 532 767 620 762 621 754 620 731 606 728 605 728 604 728 596 730 588 732 580 730 570 727 569 727 568 727 567 727 567 727 563 730 559 732 547 730 535 728 534 728 522 729 504 732 482 729 468 727 467 727 446 728 414 732 390 728 373 725 372 725 340 728 292 731 279 727 273 724 272 724 271 724 261 727 245 730 224 726 213 724 213 724 203 726 182 730 176 725 175 724 174 724 173 724 172 724 148 725 65 729 41 724 41 750"/>
                        </Shape>
                        <String CONTENT=""/>
                    </TextLine>

                    <TextLine ID="line_21" HPOS="42" VPOS="756" WIDTH="578" HEIGHT="44" BASELINE="43 782 620 786" TAGREFS="TYPE_1">
                        <Shape>
                            <Polygon POINTS="43 782 42 791 50 797 51 797 52 797 53 797 96 791 113 797 114 797 115 797 139 791 157 798 158 798 159 798 271 792 273 792 275 792 337 798 337 798 388 794 395 799 396 799 397 799 398 800 441 800 441 799 465 793 481 799 481 799 482 799 505 794 619 794 620 786 619 766 588 760 587 760 586 760 585 760 578 765 578 766 516 766 514 765 500 759 499 759 498 759 408 765 400 765 399 765 390 758 390 758 389 758 388 758 387 758 371 763 345 758 345 758 344 758 343 758 337 764 336 764 310 758 309 758 253 763 252 763 251 763 223 757 222 757 186 763 183 763 181 763 159 756 158 756 157 756 43 761 43 782"/>
                        </Shape>
                        <String CONTENT=""/>
                    </TextLine>

                    <TextLine ID="line_22" HPOS="41" VPOS="789" WIDTH="576" HEIGHT="42" BASELINE="41 814 617 818" TAGREFS="TYPE_1">
                        <Shape>
                            <Polygon POINTS="41 814 41 822 56 829 57 829 57 830 87 830 87 829 88 829 98 824 116 829 117 829 118 829 160 828 161 828 169 824 185 829 185 829 186 829 283 825 294 830 295 830 296 830 353 826 368 830 369 830 370 830 440 826 481 831 481 831 554 826 588 831 588 831 617 826 617 818 617 798 571 798 570 798 561 792 560 792 559 792 559 792 558 792 542 798 540 798 526 798 525 798 518 792 518 792 517 792 516 792 485 796 473 791 473 791 472 791 434 797 432 797 431 797 418 791 417 791 416 791 366 795 332 791 331 791 330 791 320 795 281 790 280 790 258 795 254 796 251 795 227 790 226 790 197 795 189 796 181 795 146 789 145 789 102 794 93 795 90 794 81 789 80 789 79 789 78 789 78 789 72 794 69 795 41 794 41 814"/>
                        </Shape>
                        <String CONTENT=""/>
                    </TextLine>

                    <TextLine ID="line_23" HPOS="39" VPOS="823" WIDTH="579" HEIGHT="44" BASELINE="39 847 618 851" TAGREFS="TYPE_1">
                        <Shape>
                            <Polygon POINTS="39 847 39 861 57 859 80 862 102 864 102 864 103 864 108 862 114 859 119 862 123 864 124 864 165 865 166 865 167 865 168 865 172 862 174 861 177 862 187 865 188 865 189 865 201 862 213 859 226 862 241 865 242 865 242 865 243 865 247 863 251 859 271 863 294 866 295 866 296 866 296 866 300 863 304 860 328 860 342 863 361 866 362 866 375 863 386 860 409 863 440 867 440 867 468 863 486 861 555 862 556 863 560 867 561 867 562 867 563 867 617 863 618 851 618 831 597 826 596 826 596 826 595 826 594 826 587 830 586 830 469 830 469 830 463 825 463 824 462 824 461 824 425 824 424 824 423 824 413 829 411 830 403 829 359 823 358 823 358 823 342 828 339 829 330 828 287 823 286 823 39 825 39 847"/>
                        </Shape>
                        <String CONTENT=""/>
                    </TextLine>

                    <TextLine ID="line_24" HPOS="39" VPOS="854" WIDTH="88" HEIGHT="38" BASELINE="40 881 127 880" TAGREFS="TYPE_1">
                        <Shape>
                            <Polygon POINTS="40 881 40 892 127 891 127 880 126 864 94 863 91 861 81 854 80 854 79 854 78 854 39 855 40 881"/>
                        </Shape>
                        <String CONTENT=""/>
                    </TextLine>
</TextBlock>
                <TextBlock ID="block_3" HPOS="40" VPOS="891" WIDTH="580" HEIGHT="131" TAGREFS="TYPE_9">
                    <Shape>
                        <Polygon POINTS="40.57825469970703 891.489990234375 620.1871948242188 891.489990234375 620.1871948242188 1022.0654296875 40.57825469970703 1022.0654296875 40.57825469970703 891.489990234375"/>
                    </Shape>
                    <TextLine ID="line_25" HPOS="69" VPOS="884" WIDTH="548" HEIGHT="45" BASELINE="69 913 617 916" TAGREFS="TYPE_1">
                        <Shape>
                            <Polygon POINTS="69 913 69 924 403 922 404 923 408 927 409 927 410 927 411 927 431 923 432 923 438 928 439 928 440 928 483 929 484 929 485 929 495 923 526 923 531 923 532 923 562 929 563 929 563 929 576 923 596 929 596 929 597 929 598 929 616 922 617 916 616 895 489 895 488 892 481 887 481 886 480 886 479 886 478 886 457 887 456 887 456 887 448 892 445 894 419 894 415 892 408 887 407 887 407 887 406 887 370 891 367 891 366 891 353 886 352 886 351 886 350 886 349 886 349 887 345 891 342 893 320 893 312 890 300 885 299 885 298 885 273 889 257 892 252 889 248 885 247 885 246 885 177 885 176 885 176 885 169 888 166 889 165 888 161 884 160 884 160 884 159 884 135 888 125 888 119 887 106 884 105 884 104 884 98 887 90 891 69 887 69 913"/>
                        </Shape>
                        <String CONTENT=""/>
                    </TextLine>

                    <TextLine ID="line_26" HPOS="38" VPOS="920" WIDTH="579" HEIGHT="38" BASELINE="39 945 617 948" TAGREFS="TYPE_1">
                        <Shape>
                            <Polygon POINTS="39 945 38 956 616 958 617 948 617 928 566 929 563 927 558 922 557 922 556 922 555 922 531 926 518 929 507 926 490 922 489 922 489 922 488 922 484 926 481 929 473 926 469 925 469 925 468 925 459 925 444 928 439 925 432 921 431 921 430 921 378 925 329 928 274 928 263 924 255 921 255 921 222 921 222 921 221 921 220 921 218 923 212 927 131 927 124 922 122 920 121 920 120 920 119 920 39 921 39 945"/>
                        </Shape>
                        <String CONTENT=""/>
                    </TextLine>

                    <TextLine ID="line_27" HPOS="37" VPOS="952" WIDTH="580" HEIGHT="43" BASELINE="38 977 617 980" TAGREFS="TYPE_1">
                        <Shape>
                            <Polygon POINTS="38 977 37 987 213 991 213 991 222 990 234 987 238 990 242 991 242 991 243 991 255 991 278 987 286 991 290 992 291 992 292 992 302 991 322 987 333 991 336 992 337 992 337 992 338 992 341 991 349 988 422 988 431 992 433 993 434 993 435 993 452 992 514 989 522 993 524 994 525 994 526 995 617 995 617 980 617 962 587 954 586 954 546 961 544 961 543 961 528 954 527 954 526 954 526 954 509 961 507 961 489 961 373 956 372 956 341 959 334 960 333 959 327 954 327 954 326 954 325 954 325 954 324 954 306 959 304 960 269 960 267 959 250 953 249 953 219 953 218 953 218 953 217 953 209 958 182 952 181 952 139 957 117 953 116 953 115 953 115 953 108 957 61 952 60 952 38 957 38 977"/>
                        </Shape>
                        <String CONTENT=""/>
                    </TextLine>

                    <TextLine ID="line_28" HPOS="39" VPOS="984" WIDTH="211" HEIGHT="41" BASELINE="39 1011 250 1011" TAGREFS="TYPE_1">
                        <Shape>
                            <Polygon POINTS="39 1011 39 1019 54 1025 55 1025 56 1025 102 1020 131 1020 147 1025 148 1025 148 1025 250 1019 250 1011 250 992 230 985 230 985 205 985 204 985 203 985 202 985 202 986 197 991 195 992 159 991 156 990 148 984 147 984 146 984 145 984 144 984 133 989 124 993 90 993 78 987 73 984 72 984 71 984 39 985 39 1011"/>
                        </Shape>
                        <String CONTENT=""/>
                    </TextLine>
</TextBlock>
                <TextBlock ID="block_2" HPOS="36" VPOS="1022" WIDTH="583" HEIGHT="168" TAGREFS="TYPE_9">
                    <Shape>
                        <Polygon POINTS="36.89570999145508 1022.10595703125 619.7557983398438 1022.10595703125 619.7557983398438 1190.94091796875 36.89570999145508 1190.94091796875 36.89570999145508 1022.10595703125"/>
                    </Shape>
                    <TextLine ID="line_29" HPOS="72" VPOS="1016" WIDTH="545" HEIGHT="43" BASELINE="73 1042 617 1045" TAGREFS="TYPE_1">
                        <Shape>
                            <Polygon POINTS="73 1042 72 1050 103 1056 104 1056 250 1052 255 1057 256 1057 257 1057 258 1057 259 1057 279 1051 281 1051 289 1051 388 1056 389 1056 440 1052 460 1057 461 1057 462 1057 506 1053 529 1058 530 1058 530 1059 562 1059 562 1058 563 1058 563 1058 563 1057 570 1053 604 1058 604 1058 605 1058 616 1052 617 1045 615 1018 592 1019 592 1019 591 1019 582 1026 542 1026 510 1018 507 1018 506 1018 501 1018 469 1022 463 1019 460 1017 459 1017 458 1017 457 1017 456 1017 455 1019 448 1024 434 1019 430 1017 429 1017 428 1017 427 1017 422 1019 404 1024 366 1019 345 1016 344 1016 320 1017 319 1017 315 1020 307 1024 260 1020 209 1016 208 1016 207 1016 194 1020 186 1024 99 1024 95 1021 88 1016 87 1016 86 1016 86 1016 85 1016 73 1020 73 1042"/>
                        </Shape>
                        <String CONTENT=""/>
                    </TextLine>

                    <TextLine ID="line_30" HPOS="38" VPOS="1049" WIDTH="575" HEIGHT="43" BASELINE="39 1075 613 1078" TAGREFS="TYPE_1">
                        <Shape>
                            <Polygon POINTS="39 1075 38 1089 54 1090 55 1090 56 1090 57 1090 66 1084 139 1084 176 1090 183 1090 184 1091 226 1091 226 1090 226 1090 227 1090 237 1085 271 1090 275 1090 276 1090 277 1090 278 1090 288 1085 303 1090 304 1090 304 1090 305 1090 308 1090 334 1086 345 1090 347 1091 348 1091 349 1091 349 1091 350 1091 350 1090 351 1090 357 1086 372 1086 380 1090 380 1091 381 1091 382 1091 382 1092 427 1092 427 1091 428 1091 429 1091 436 1086 459 1086 468 1091 469 1092 469 1092 470 1092 471 1092 472 1092 476 1091 495 1086 612 1091 613 1078 613 1060 550 1060 549 1059 527 1052 526 1052 506 1052 505 1052 504 1052 490 1058 470 1051 469 1051 376 1051 375 1051 374 1051 358 1058 358 1058 356 1058 326 1050 325 1050 325 1050 324 1050 323 1050 313 1057 302 1050 301 1050 300 1050 300 1050 284 1054 274 1050 273 1050 272 1050 271 1050 258 1057 257 1057 159 1057 158 1057 150 1053 149 1053 148 1053 148 1053 135 1057 117 1049 116 1049 115 1049 115 1049 94 1057 92 1057 39 1057 39 1075"/>
                        </Shape>
                        <String CONTENT=""/>
                    </TextLine>

                    <TextLine ID="line_31" HPOS="40" VPOS="1081" WIDTH="573" HEIGHT="46" BASELINE="40 1106 613 1110" TAGREFS="TYPE_1">
                        <Shape>
                            <Polygon POINTS="40 1106 40 1122 98 1116 126 1122 135 1123 136 1123 152 1122 180 1118 187 1122 192 1123 193 1123 271 1124 271 1124 272 1124 283 1121 295 1118 316 1121 341 1125 342 1125 343 1125 353 1121 360 1118 422 1118 436 1120 469 1126 469 1126 470 1126 490 1120 493 1119 494 1120 502 1126 503 1126 504 1126 505 1126 547 1120 548 1120 549 1120 580 1127 581 1127 613 1119 613 1110 613 1091 511 1085 510 1085 510 1085 493 1090 490 1090 481 1090 412 1084 411 1084 386 1090 382 1090 381 1089 368 1084 367 1084 328 1084 327 1084 326 1084 325 1084 319 1089 318 1089 303 1089 178 1085 177 1085 154 1088 148 1088 115 1088 115 1087 106 1081 106 1081 105 1081 104 1081 40 1086 40 1106"/>
                        </Shape>
                        <String CONTENT=""/>
                    </TextLine>

                    <TextLine ID="line_32" HPOS="33" VPOS="1116" WIDTH="583" HEIGHT="42" BASELINE="34 1141 616 1144" TAGREFS="TYPE_1">
                        <Shape>
                            <Polygon POINTS="34 1141 33 1152 139 1155 139 1155 140 1155 149 1153 153 1151 155 1153 157 1155 158 1155 159 1155 195 1156 196 1156 197 1156 205 1153 206 1152 214 1153 245 1156 246 1156 275 1153 284 1152 295 1153 338 1157 339 1157 492 1154 509 1158 510 1158 510 1158 615 1153 616 1144 614 1119 573 1123 559 1119 557 1118 556 1118 511 1118 510 1118 510 1118 508 1119 497 1123 476 1119 467 1118 466 1118 443 1119 395 1123 386 1119 384 1118 383 1118 382 1118 368 1119 323 1123 300 1119 283 1117 262 1117 261 1117 260 1117 259 1117 257 1119 254 1123 178 1123 173 1119 165 1116 164 1116 144 1116 143 1116 142 1116 141 1116 137 1119 135 1121 34 1120 34 1141"/>
                        </Shape>
                        <String CONTENT=""/>
                    </TextLine>

                    <TextLine ID="line_33" HPOS="36" VPOS="1148" WIDTH="578" HEIGHT="50" BASELINE="36 1174 614 1176" TAGREFS="TYPE_1">
                        <Shape>
                            <Polygon POINTS="36 1174 37 1196 61 1188 90 1188 113 1195 118 1197 119 1197 119 1197 127 1195 156 1188 168 1193 168 1193 169 1193 243 1188 251 1193 251 1194 252 1194 253 1194 254 1194 262 1193 279 1192 285 1193 296 1197 296 1197 297 1197 298 1197 308 1193 322 1188 353 1191 355 1192 360 1197 360 1197 361 1197 362 1197 362 1198 490 1198 490 1197 518 1191 526 1189 553 1189 556 1190 572 1197 573 1197 574 1197 613 1189 614 1176 613 1153 521 1150 520 1150 519 1150 518 1150 517 1152 513 1155 498 1151 487 1150 486 1150 477 1151 465 1155 325 1155 304 1150 301 1150 300 1150 294 1150 247 1154 242 1150 241 1150 240 1150 198 1149 197 1149 197 1149 196 1149 180 1154 116 1150 115 1150 70 1154 36 1148 36 1174"/>
                        </Shape>
                        <String CONTENT=""/>
                    </TextLine>
</TextBlock>
            </PrintSpace>
        </Page>
    </Layout>
</alto>