<?xml version="1.0" encoding="UTF-8"?>
<alto xmlns:xsi="http://www.w3.org/2001/XMLSchema-instance"
      xmlns="http://www.loc.gov/standards/alto/ns-v4#"
      xsi:schemaLocation="http://www.loc.gov/standards/alto/ns-v4# http://www.loc.gov/standards/alto/v4/alto-4-2.xsd">
  <Description>
    <MeasurementUnit>pixel</MeasurementUnit>
    <sourceImageInformation>
      <fileName>bsb00027764_00157.jpg</fileName>
    </sourceImageInformation>
  </Description>
  <Tags>
    <OtherTag ID="BT7" LABEL="CustomZone" DESCRIPTION="block type CustomZone"/><OtherTag ID="BT8" LABEL="DamageZone" DESCRIPTION="block type DamageZone"/><OtherTag ID="BT9" LABEL="DigitizationArtefactZone" DESCRIPTION="block type DigitizationArtefactZone"/><OtherTag ID="BT10" LABEL="DropCapitalZone" DESCRIPTION="block type DropCapitalZone"/><OtherTag ID="BT11" LABEL="GraphicZone" DESCRIPTION="block type GraphicZone"/><OtherTag ID="BT12" LABEL="MainZone" DESCRIPTION="block type MainZone"/><OtherTag ID="BT13" LABEL="MarginTextZone" DESCRIPTION="block type MarginTextZone"/><OtherTag ID="BT14" LABEL="MusicZone" DESCRIPTION="block type MusicZone"/><OtherTag ID="BT15" LABEL="NumberingZone" DESCRIPTION="block type NumberingZone"/><OtherTag ID="BT17" LABEL="QuireMarksZone" DESCRIPTION="block type QuireMarksZone"/><OtherTag ID="BT18" LABEL="RunningTitleZone" DESCRIPTION="block type RunningTitleZone"/><OtherTag ID="BT19" LABEL="SealZone" DESCRIPTION="block type SealZone"/><OtherTag ID="BT20" LABEL="StampZone" DESCRIPTION="block type StampZone"/><OtherTag ID="BT21" LABEL="TableZone" DESCRIPTION="block type TableZone"/><OtherTag ID="BT22" LABEL="TitlePageZone" DESCRIPTION="block type TitlePageZone"/><OtherTag ID="BT3014" LABEL="MainZone-P-Continued" DESCRIPTION="block type MainZone-P-Continued"/><OtherTag ID="BT3015" LABEL="MainZone-Sp-Continued" DESCRIPTION="block type MainZone-Sp-Continued"/><OtherTag ID="BT3016" LABEL="MainZone-Sp" DESCRIPTION="block type MainZone-Sp"/><OtherTag ID="BT3017" LABEL="MainZone-P" DESCRIPTION="block type MainZone-P"/><OtherTag ID="BT3018" LABEL="MarginTextZone-ManuscriptAddendum" DESCRIPTION="block type MarginTextZone-ManuscriptAddendum"/><OtherTag ID="BT3019" LABEL="MarginTextZone-Notes" DESCRIPTION="block type MarginTextZone-Notes"/><OtherTag ID="BT3020" LABEL="MainZone-Head" DESCRIPTION="block type MainZone-Head"/><OtherTag ID="BT3021" LABEL="text" DESCRIPTION="block type text"/>
    <OtherTag ID="LT7" LABEL="CustomLine" DESCRIPTION="line type CustomLine"/><OtherTag ID="LT8" LABEL="DefaultLine" DESCRIPTION="line type DefaultLine"/><OtherTag ID="LT9" LABEL="DropCapitalLine" DESCRIPTION="line type DropCapitalLine"/><OtherTag ID="LT10" LABEL="HeadingLine" DESCRIPTION="line type HeadingLine"/><OtherTag ID="LT11" LABEL="InterlinearLine" DESCRIPTION="line type InterlinearLine"/><OtherTag ID="LT12" LABEL="MusicLine" DESCRIPTION="line type MusicLine"/><OtherTag ID="LT952" LABEL="default" DESCRIPTION="line type default"/>
  </Tags>
  <Layout>
    <Page WIDTH="1177"
          HEIGHT="1883"
          PHYSICAL_IMG_NR="2"
          ID="eSc_dummypage_">
      <PrintSpace HPOS="0"
                  VPOS="0"
                  WIDTH="1177"
                  HEIGHT="1883">
        <TextBlock HPOS="35"
                   VPOS="165"
                   WIDTH="647"
                   HEIGHT="58"
                   ID="block_3"
                   TAGREFS="BT18">
          <Shape><Polygon POINTS="682 165 678 223 35 223 35 171"/></Shape>
          <TextLine ID="eSc_line_d45392e1"
                    TAGREFS="LT10"
                    BASELINE="707 203 770 202" 
                    HPOS="703"
                    VPOS="133"
                    WIDTH="65"
                    HEIGHT="88">
            <Shape><Polygon POINTS="706 202 706 221 768 214 768 200 764 133 703 133 706 202"/></Shape>
            <String CONTENT="79"
                    HPOS="703"
                    VPOS="133"
                    WIDTH="65"
                    HEIGHT="88"
                    ></String>
          </TextLine>
          <TextLine ID="line_0"
                    TAGREFS="LT10"
                    BASELINE="36 213 682 203" 
                    HPOS="32"
                    VPOS="166"
                    WIDTH="649"
                    HEIGHT="63">
            <Shape><Polygon POINTS="676 196 660 166 637 166 629 166 613 166 597 166 582 166 566 166 550 166 535 166 519 166 503 166 488 166 483 167 477 166 472 166 456 167 440 167 431 167 426 171 268 171 243 167 236 169 221 169 205 169 189 169 174 169 158 169 142 169 112 174 81 169 80 169 64 169 48 169 40 167 32 172 34 211 34 225 462 229 464 229 681 214 681 202 677 194 676 196"/></Shape>
            <String CONTENT="IN EPI. PAVLI AD TIM. I."
                    HPOS="32"
                    VPOS="166"
                    WIDTH="649"
                    HEIGHT="63"
                    ></String>
          </TextLine>
        </TextBlock>
        <TextBlock HPOS="8"
                   VPOS="231"
                   WIDTH="802"
                   HEIGHT="604"
                   ID="block_1"
                   TAGREFS="BT3014">
          <Shape><Polygon POINTS="810 231 810 835 8 835 8 231"/></Shape>
          <TextLine ID="line_1"
                    TAGREFS="LT8"
                    BASELINE="14 273 494 269 794 259" 
                    HPOS="13.0"
                    VPOS="242.0"
                    WIDTH="781.0"
                    HEIGHT="49.0">
            <Shape><Polygon POINTS="787 242 777 242 766 242 756 242 745 242 735 242 725 242 714 242 704 242 693 242 683 242 672 242 662 242 651 242 641 242 630 242 620 242 609 242 599 242 589 242 578 242 575 242 468 243 463 242 453 242 442 242 432 242 421 242 413 242 405 243 399 243 391 242 390 242 379 242 369 242 358 242 348 242 347 242 345 243 344 243 341 242 337 242 327 242 317 242 309 242 305 243 297 245 291 243 288 242 285 242 275 242 265 242 259 244 252 245 227 244 192 242 191 242 180 242 170 242 160 242 149 242 139 242 128 242 118 242 108 242 13 245 14 273 14 286 71 291 72 291 73 291 86 285 91 284 140 284 145 284 174 289 175 289 235 283 249 282 257 283 296 288 297 288 298 288 312 282 315 281 319 282 335 287 336 287 337 287 447 286 517 285 518 285 519 285 526 280 585 284 586 284 677 276 686 276 690 276 734 282 735 282 736 282 750 275 752 275 794 275 794 259 790 242 787 242"/></Shape>
            <String CONTENT="E eorumuxorù, liberorum &amp; familiæ, cap.3. Septi¬"
                    HPOS="13.0"
                    VPOS="242.0"
                    WIDTH="781.0"
                    HEIGHT="49.0"
                    WC="0.9947995263703016"></String>
          </TextLine>
          <TextLine ID="line_2"
                    TAGREFS="LT8"
                    BASELINE="12 319 333 321 798 312" 
                    HPOS="12.0"
                    VPOS="278.0"
                    WIDTH="786.0"
                    HEIGHT="63.0">
            <Shape><Polygon POINTS="12 300 12 319 12 334 19 339 20 339 21 339 23 341 87 341 87 339 88 339 115 332 116 332 133 338 134 338 136 338 137 338 157 332 182 338 183 338 184 338 305 333 321 337 322 337 323 337 358 331 425 336 426 336 467 330 486 335 487 335 488 335 489 335 490 335 498 329 535 333 536 333 797 325 798 312 796 282 706 278 705 278 704 278 693 283 686 286 675 283 667 280 666 280 665 280 646 283 623 287 618 283 614 280 613 280 612 280 577 279 576 279 575 279 562 284 555 287 547 284 534 279 533 279 532 279 531 279 530 279 524 284 518 288 482 285 460 283 459 283 446 285 424 289 374 286 343 284 342 284 311 286 269 290 253 287 225 282 224 282 223 282 222 282 215 287 210 291 188 288 156 283 155 283 131 288 123 290 116 288 98 284 97 284 96 284 95 284 94 284 86 289 80 292 15 290 12 300"/></Shape>
            <String CONTENT="mus, doctrina dæmoniorum. Satis hodie notus locus,"
                    HPOS="12.0"
                    VPOS="278.0"
                    WIDTH="786.0"
                    HEIGHT="63.0"
                    WC="0.9838199377059936"></String>
          </TextLine>
          <TextLine ID="line_3"
                    TAGREFS="LT8"
                    BASELINE="13 369 348 371 798 361" 
                    HPOS="13.0"
                    VPOS="328.0"
                    WIDTH="785.0"
                    HEIGHT="64.0">
            <Shape><Polygon POINTS="13 386 18 391 19 391 20 391 50 392 51 392 224 382 253 390 254 390 255 390 324 383 394 388 395 388 396 388 420 381 429 388 431 388 432 388 433 389 477 389 477 388 478 388 496 379 538 387 539 387 540 387 571 378 662 386 663 386 664 386 694 376 798 375 798 361 796 329 760 328 759 328 758 328 756 329 744 335 727 329 722 328 721 328 680 328 678 328 670 330 638 337 561 331 549 330 548 330 538 331 470 339 373 332 363 332 361 332 360 332 359 332 348 341 327 336 326 336 289 343 218 343 201 334 199 333 198 333 197 333 174 334 167 335 166 335 165 335 155 344 104 344 13 336 13 369 13 386"/></Shape>
            <String CONTENT="cap.4. Octauus, pietatẽ ad omnia ualere, parũ uero"
                    HPOS="13.0"
                    VPOS="328.0"
                    WIDTH="785.0"
                    HEIGHT="64.0"
                    WC="0.9704484286216589"></String>
          </TextLine>
          <TextLine ID="line_4"
                    TAGREFS="LT8"
                    BASELINE="15 419 369 421 799 413" 
                    HPOS="15.0"
                    VPOS="380.0"
                    WIDTH="784.0"
                    HEIGHT="61.0">
            <Shape><Polygon POINTS="15 433 122 441 123 441 164 432 166 432 167 432 184 440 185 440 186 441 240 441 240 440 337 439 338 439 366 429 368 429 372 429 417 437 418 437 503 428 508 428 512 428 580 437 581 437 582 437 602 427 603 427 664 427 693 436 694 436 695 436 696 436 725 426 798 425 799 413 797 386 765 380 764 380 763 380 754 386 750 388 747 386 740 380 739 380 738 380 695 380 694 380 693 380 682 386 677 389 607 389 599 387 584 381 583 381 582 381 581 381 569 387 559 390 542 387 523 382 522 382 521 382 506 387 494 390 466 387 434 383 433 383 432 383 431 383 426 387 421 392 331 392 322 388 317 386 315 386 314 386 299 388 278 391 266 388 255 384 254 384 253 384 252 384 251 384 245 388 237 394 145 394 137 389 130 386 129 386 128 386 127 386 126 386 126 387 123 389 118 394 15 390 15 419 15 433"/></Shape>
            <String CONTENT="torporis exercitationem, locus magis neceſſarius,"
                    HPOS="15.0"
                    VPOS="380.0"
                    WIDTH="784.0"
                    HEIGHT="61.0"
                    WC="0.9944650190217155"></String>
          </TextLine>
          <TextLine ID="line_5"
                    TAGREFS="LT8"
                    BASELINE="20 467 267 471 803 462" 
                    HPOS="20.0"
                    VPOS="429.0"
                    WIDTH="783.0"
                    HEIGHT="61.0">
            <Shape><Polygon POINTS="20 490 55 484 112 489 122 489 123 489 124 489 127 488 149 483 169 488 175 489 176 489 177 489 189 487 212 483 235 486 247 488 249 488 250 488 254 486 260 483 275 486 290 488 291 488 445 482 564 478 584 480 628 484 629 484 704 478 712 483 713 483 714 483 715 483 716 483 733 477 734 475 802 474 803 462 801 435 756 429 755 429 681 435 654 437 630 436 566 432 564 432 519 437 505 438 496 437 473 433 472 433 445 437 433 439 412 438 380 435 379 435 378 435 368 438 359 441 20 441 20 467 20 490"/></Shape>
            <String CONTENT="quàm uideatur, cap, 4. Nonus, de uiduis, cap, 5. Deci¬"
                    HPOS="20.0"
                    VPOS="429.0"
                    WIDTH="783.0"
                    HEIGHT="61.0"
                    WC="0.9861299807375128"></String>
          </TextLine>
          <TextLine ID="line_6"
                    TAGREFS="LT8"
                    BASELINE="17 515 258 522 800 511" 
                    HPOS="17.0"
                    VPOS="474.0"
                    WIDTH="783.0"
                    HEIGHT="67.0">
            <Shape><Polygon POINTS="17 531 104 541 105 541 106 541 137 533 148 540 149 540 150 540 151 540 152 540 174 535 187 540 188 540 189 540 275 539 320 530 324 529 328 529 368 537 369 537 435 529 460 526 510 528 549 530 550 530 551 530 555 528 562 524 654 524 684 527 732 533 733 533 799 526 800 511 797 474 753 480 743 475 742 475 741 475 740 475 739 475 729 482 715 475 714 475 713 475 712 475 685 483 573 477 556 477 555 477 554 477 551 478 523 485 486 479 481 478 480 478 466 479 392 485 353 480 348 480 347 480 346 480 345 480 332 488 281 488 268 481 267 481 266 481 265 481 258 481 190 489 17 485 17 515 17 531"/></Shape>
            <String CONTENT="mus, quod neceſſaria uitæ debẽtur doctoribus ab ipſis"
                    HPOS="17.0"
                    VPOS="474.0"
                    WIDTH="783.0"
                    HEIGHT="67.0"
                    WC="0.9971842136647966"></String>
          </TextLine>
          <TextLine ID="line_7"
                    TAGREFS="LT8"
                    BASELINE="18 566 231 571 803 558" 
                    HPOS="17.0"
                    VPOS="524.0"
                    WIDTH="786.0"
                    HEIGHT="66.0">
            <Shape><Polygon POINTS="18 566 18 581 54 581 78 590 79 590 80 590 139 582 148 586 149 586 150 586 151 586 152 586 157 581 174 587 175 587 176 587 259 586 260 586 261 586 267 581 326 585 327 585 426 575 490 582 491 582 492 582 519 573 521 573 522 573 546 577 547 577 574 572 575 572 576 572 597 580 598 580 599 580 600 580 601 580 609 573 624 578 625 578 626 578 627 578 643 571 648 571 726 575 727 575 803 568 803 558 801 532 760 526 759 526 758 526 757 526 748 532 738 525 737 525 736 525 735 525 685 533 680 533 676 533 638 524 637 524 597 525 596 525 595 525 587 531 582 527 581 527 580 527 579 527 459 528 458 528 457 528 446 535 443 537 436 535 416 529 415 529 414 529 413 529 397 535 392 537 388 535 371 529 370 529 369 529 304 536 264 541 167 541 161 537 154 532 153 532 152 532 151 532 150 532 134 537 120 542 106 538 92 533 91 533 89 533 17 538 18 566"/></Shape>
            <String CONTENT="auditoribus, cap. 6.Vndecimus, de accuſatione &amp; iu¬"
                    HPOS="17.0"
                    VPOS="524.0"
                    WIDTH="786.0"
                    HEIGHT="66.0"
                    WC="0.9900968659157846"></String>
          </TextLine>
          <TextLine ID="line_8"
                    TAGREFS="LT8"
                    BASELINE="20 614 210 620 807 605" 
                    HPOS="19.0"
                    VPOS="570.0"
                    WIDTH="788.0"
                    HEIGHT="70.0">
            <Shape><Polygon POINTS="20 614 20 629 78 629 127 640 128 640 178 631 189 637 190 637 191 637 282 636 283 636 299 627 311 636 312 636 313 636 314 636 315 636 345 628 365 634 366 634 367 634 368 634 369 634 380 625 433 628 434 628 512 621 523 628 524 628 525 628 526 628 569 623 586 630 587 630 589 630 676 618 677 618 700 628 702 628 703 628 759 627 760 627 807 615 807 605 803 572 777 580 765 572 762 570 761 570 760 570 759 570 758 570 751 572 727 582 709 582 697 573 694 571 693 571 692 571 691 571 673 574 619 583 587 575 579 573 578 573 577 573 576 573 575 573 572 575 564 579 534 576 516 574 515 574 514 574 513 574 511 576 500 585 471 577 465 575 464 575 463 575 447 577 388 586 246 585 245 585 244 585 243 585 237 592 184 593 125 593 107 582 106 582 105 582 104 582 19 583 20 614"/></Shape>
            <String CONTENT="dicio in peccantes, cap.5. Duodecimus, quod ne ſer¬"
                    HPOS="19.0"
                    VPOS="570.0"
                    WIDTH="788.0"
                    HEIGHT="70.0"
                    WC="0.9946901614849384"></String>
          </TextLine>
          <TextLine ID="line_9"
                    TAGREFS="LT8"
                    BASELINE="21 662 148 669 284 669 807 655" 
                    HPOS="20.0"
                    VPOS="622.0"
                    WIDTH="787.0"
                    HEIGHT="67.0">
            <Shape><Polygon POINTS="21 662 21 681 124 689 125 689 126 689 127 689 139 681 160 688 161 688 162 688 163 688 178 683 219 687 220 687 221 687 238 678 241 677 245 678 269 686 270 686 272 686 333 685 397 677 438 672 444 676 451 682 453 682 454 682 455 683 486 683 486 682 487 682 488 682 488 681 493 676 499 672 553 675 592 677 593 677 594 677 603 675 620 670 630 674 637 677 638 677 639 677 640 677 641 677 645 674 650 670 734 667 806 672 807 655 804 622 685 630 647 625 646 625 645 625 631 631 562 626 551 625 550 625 549 625 546 626 523 634 374 637 361 629 360 629 359 629 333 629 332 629 331 629 330 629 318 638 278 632 277 632 225 640 140 633 139 633 138 633 107 642 78 634 77 634 76 634 75 634 74 634 64 641 20 636 21 662"/></Shape>
            <String CONTENT="ui, ne diuites alieni ſunt à regno cœlorum, etiam in"
                    HPOS="20.0"
                    VPOS="622.0"
                    WIDTH="787.0"
                    HEIGHT="67.0"
                    WC="0.9883508450455136"></String>
          </TextLine>
          <TextLine ID="line_10"
                    TAGREFS="LT8"
                    BASELINE="24 719 306 719 806 705" 
                    HPOS="21.0"
                    VPOS="666.0"
                    WIDTH="785.0"
                    HEIGHT="75.0">
            <Shape><Polygon POINTS="24 719 24 733 69 741 70 741 165 731 186 738 187 738 188 738 189 738 190 738 199 732 249 737 250 737 251 737 252 737 252 736 261 729 304 736 305 736 399 734 400 734 431 726 439 733 440 733 441 733 442 733 479 727 490 732 491 732 492 732 493 732 516 723 632 729 634 729 635 729 636 729 646 720 646 719 686 719 690 719 758 726 759 726 760 726 776 717 777 717 806 717 806 705 803 672 710 676 705 673 696 666 695 666 694 666 693 666 692 666 691 666 683 673 676 678 620 681 608 673 601 668 600 668 599 668 598 668 597 668 584 674 583 674 581 674 556 669 555 669 554 669 532 674 492 685 459 675 458 675 457 675 456 675 455 675 454 675 445 681 438 675 435 673 434 673 433 673 432 673 408 676 377 679 366 676 358 674 357 674 356 674 345 676 301 687 278 683 277 683 276 683 254 690 171 691 159 684 157 684 156 684 155 684 154 684 121 692 102 679 101 679 100 679 99 679 21 679 24 719"/></Shape>
            <String CONTENT="ipſa ſeruitute, &amp; in ipſis diuitijs, modò ſequantur quæ"
                    HPOS="21.0"
                    VPOS="666.0"
                    WIDTH="785.0"
                    HEIGHT="75.0"
                    WC="0.9936335384845734"></String>
          </TextLine>
          <TextLine ID="line_11"
                    TAGREFS="LT8"
                    BASELINE="24 761 275 768 808 753" 
                    HPOS="23.0"
                    VPOS="718.0"
                    WIDTH="785.0"
                    HEIGHT="71.0">
            <Shape><Polygon POINTS="24 761 24 780 69 780 101 789 102 789 103 789 167 780 244 787 245 787 380 783 381 783 408 776 514 782 515 782 516 782 550 770 587 776 589 776 590 776 614 769 648 775 649 775 698 768 713 778 714 778 715 778 716 779 735 779 735 778 736 778 760 766 808 764 808 753 805 718 702 729 669 721 668 721 612 729 596 724 595 724 594 724 593 724 574 735 556 735 539 724 538 724 537 724 536 724 535 724 534 724 517 736 423 736 402 729 401 729 400 729 399 729 398 729 389 737 357 730 356 730 355 730 354 730 346 736 320 733 319 733 244 741 126 741 101 732 100 732 99 732 23 732 24 761"/></Shape>
            <String CONTENT="Paulus monet, cap.6. Præterea qua comitate agendũ"
                    HPOS="23.0"
                    VPOS="718.0"
                    WIDTH="785.0"
                    HEIGHT="71.0"
                    WC="0.987509468793869"></String>
          </TextLine>
          <TextLine ID="line_12"
                    TAGREFS="LT8"
                    BASELINE="24 810 118 818 286 820 689 805" 
                    HPOS="23.0"
                    VPOS="767.0"
                    WIDTH="666.0"
                    HEIGHT="77.0">
            <Shape><Polygon POINTS="24 810 24 834 80 833 84 834 105 844 106 844 107 844 108 844 109 844 123 834 137 844 138 844 139 844 140 844 141 844 164 834 185 842 186 842 187 842 238 834 280 841 281 841 367 838 368 838 387 828 392 825 440 825 448 827 483 835 484 835 485 835 486 835 508 828 518 834 519 834 521 834 522 834 523 834 541 825 542 824 547 824 576 829 577 829 578 829 579 829 587 824 593 821 605 823 626 827 627 827 628 827 629 827 637 823 641 820 647 822 658 826 659 826 660 826 661 826 662 826 667 822 671 820 688 821 689 805 687 777 654 767 653 767 652 767 651 767 621 775 580 768 579 768 578 768 577 768 563 778 558 782 544 779 532 776 531 776 530 776 529 776 528 776 528 777 526 779 521 783 489 779 487 779 486 779 485 779 484 779 479 784 469 779 465 777 464 777 463 777 462 777 461 777 461 778 459 779 453 784 428 779 425 779 424 779 423 779 422 779 406 785 392 779 390 779 389 779 388 779 387 779 386 779 376 785 360 780 359 780 358 780 357 780 331 787 324 781 323 781 322 781 284 781 283 781 242 789 208 782 207 782 147 793 125 793 112 784 111 784 110 784 109 784 87 788 65 781 64 781 63 781 62 781 23 781 24 810"/></Shape>
            <String CONTENT="lit cum omnibus, principium cap. 5. oſtendit."
                    HPOS="23.0"
                    VPOS="767.0"
                    WIDTH="666.0"
                    HEIGHT="77.0"
                    WC="0.9788857552740309"></String>
          </TextLine>
        </TextBlock>
        <TextBlock HPOS="27"
                   VPOS="958"
                   WIDTH="807"
                   HEIGHT="461"
                   ID="block_2"
                   TAGREFS="BT3017">
          <Shape><Polygon POINTS="834 958 832 1405 29 1419 27 976"/></Shape>
          <TextLine ID="line_13"
                    TAGREFS="LT8"
                    BASELINE="289 886 533 876" 
                    HPOS="287.0"
                    VPOS="833.0"
                    WIDTH="246.0"
                    HEIGHT="62.0">
            <Shape><Polygon POINTS="289 886 289 895 505 882 507 883 516 888 517 888 518 888 519 888 533 881 533 876 528 833 501 848 464 848 453 840 453 838 451 838 450 838 449 838 439 841 432 842 431 841 425 836 424 836 423 836 422 836 421 836 408 843 402 845 390 844 344 840 343 840 342 840 341 840 341 841 333 848 332 850 306 851 305 851 300 846 299 846 298 846 297 846 296 846 295 846 287 849 289 886"/></Shape>
            <String CONTENT="CAPVT I."
                    HPOS="287.0"
                    VPOS="833.0"
                    WIDTH="246.0"
                    HEIGHT="62.0"
                    WC="0.9997771233320236"></String>
          </TextLine>
          <TextLine ID="line_14"
                    TAGREFS="LT8"
                    BASELINE="84 955 310 955 758 937" 
                    HPOS="82"
                    VPOS="888"
                    WIDTH="676"
                    HEIGHT="85">
            <Shape><Polygon POINTS="131 964 132 964 153 973 154 973 155 973 156 973 183 967 195 972 196 972 197 972 250 966 281 970 282 970 397 961 406 965 408 965 409 965 410 965 429 958 445 965 446 965 447 965 448 965 472 957 541 958 542 958 544 958 545 958 545 957 546 957 550 951 550 950 580 949 583 950 595 955 596 955 597 955 598 955 614 949 630 957 631 957 632 957 665 951 674 958 675 958 676 958 677 958 678 958 696 948 757 944 758 937 756 903 718 902 698 888 697 888 696 888 695 888 694 888 693 888 670 903 667 905 659 903 610 890 609 890 608 890 582 895 529 893 528 893 527 893 526 893 513 903 480 896 479 896 478 896 461 904 443 913 420 904 399 897 398 897 397 897 396 897 395 897 385 904 377 910 363 904 355 902 354 902 353 902 352 902 351 902 349 904 335 917 214 920 192 905 190 903 189 903 188 903 187 903 170 904 169 904 168 904 167 905 149 918 132 918 120 906 120 905 119 905 118 905 117 905 82 906 84 955 84 964"/></Shape>
            <String CONTENT="Paulus apoſtolus Ieſu Chriſti."
                    HPOS="82"
                    VPOS="888"
                    WIDTH="676"
                    HEIGHT="85"
                    WC="0.9989159444967906"></String>
          </TextLine>
          <TextLine ID="line_16"
                    TAGREFS="LT9"
                    BASELINE="48 1063 121 1071" 
                    HPOS="45"
                    VPOS="1016"
                    WIDTH="75"
                    HEIGHT="69">
            <Shape><Polygon POINTS="45 1070 116 1085 120 1070 119 1051 98 1049 51 1016 47 1062 45 1070"/></Shape>
            <String CONTENT="H"
                    HPOS="45"
                    VPOS="1016"
                    WIDTH="75"
                    HEIGHT="69"
                    ></String>
          </TextLine>
          <TextLine ID="line_15"
                    TAGREFS="LT8"
                    BASELINE="136 1014 808 991" 
                    HPOS="133"
                    VPOS="958"
                    WIDTH="672"
                    HEIGHT="74">
            <Shape><Polygon POINTS="792 958 619 961 568 965 541 963 488 965 484 968 400 966 359 968 353 972 262 969 257 976 216 971 211 977 189 971 133 979 134 1032 805 1002 803 958 792 958"/></Shape>
            <String CONTENT="Ac inſcriptione ſuum uerbum commendat Ti¬"
                    HPOS="133"
                    VPOS="958"
                    WIDTH="672"
                    HEIGHT="74"
                    WC="0.9959118177251118"></String>
          </TextLine>
          <TextLine ID="eSc_line_4d6fecce"
                    TAGREFS="LT8"
                    BASELINE="136 1064 811 1038" 
                    HPOS="131"
                    VPOS="994"
                    WIDTH="678"
                    HEIGHT="82">
            <Shape><Polygon POINTS="134 1063 134 1076 690 1062 808 1049 809 1037 803 994 748 1008 687 999 685 999 659 1001 657 1001 655 1001 655 1002 643 1013 613 1002 612 1002 610 1002 608 1002 564 1016 489 1007 488 1007 408 1021 390 1013 389 1013 387 1013 386 1013 384 1013 365 1026 221 1029 197 1019 196 1019 194 1019 131 1032 134 1063"/></Shape>
            <String CONTENT="motheo, &amp; omnibus lecturis epiſtolã, ut certi¬"
                    HPOS="131"
                    VPOS="994"
                    WIDTH="678"
                    HEIGHT="82"
                    ></String>
          </TextLine>
          <TextLine ID="line_17"
                    TAGREFS="LT8"
                    BASELINE="35 1103 315 1108 810 1086" 
                    HPOS="34.0"
                    VPOS="1050.0"
                    WIDTH="776.0"
                    HEIGHT="77.0">
            <Shape><Polygon POINTS="35 1103 35 1124 72 1120 124 1120 129 1122 140 1127 141 1127 142 1127 287 1119 354 1122 355 1122 356 1122 357 1122 366 1115 386 1121 387 1121 388 1121 389 1121 410 1113 411 1113 416 1113 485 1115 486 1115 532 1108 540 1107 544 1107 572 1116 573 1116 574 1116 575 1116 604 1108 630 1113 631 1113 632 1113 634 1113 647 1104 649 1103 652 1104 680 1113 681 1113 682 1113 683 1113 723 1101 727 1100 810 1098 810 1086 808 1058 789 1050 788 1050 787 1050 685 1061 670 1062 668 1061 655 1055 654 1055 653 1055 652 1055 627 1062 606 1068 577 1062 548 1058 547 1058 546 1058 535 1063 525 1069 516 1063 515 1062 514 1062 513 1062 480 1061 479 1061 478 1061 469 1064 458 1069 441 1064 424 1061 423 1061 422 1061 421 1061 415 1065 401 1074 365 1074 358 1069 357 1069 356 1069 355 1069 354 1069 353 1069 344 1075 331 1067 328 1064 327 1064 326 1064 325 1064 309 1067 247 1078 218 1069 215 1068 214 1068 213 1068 212 1068 210 1069 189 1080 140 1081 127 1075 126 1075 125 1075 124 1075 107 1079 34 1072 35 1103"/></Shape>
            <String CONTENT="ſimus hoc eſſe uerbũ dei, nõ hominis: quandoquidẽ do¬"
                    HPOS="34.0"
                    VPOS="1050.0"
                    WIDTH="776.0"
                    HEIGHT="77.0"
                    ></String>
          </TextLine>
          <TextLine ID="line_18"
                    TAGREFS="LT8"
                    BASELINE="36 1148 141 1158 289 1159 811 1138" 
                    HPOS="34.0"
                    VPOS="1099.0"
                    WIDTH="777.0"
                    HEIGHT="77.0">
            <Shape><Polygon POINTS="36 1148 36 1170 124 1173 125 1173 126 1173 138 1167 139 1167 159 1176 160 1176 161 1176 162 1176 163 1176 171 1170 395 1170 395 1169 473 1159 512 1165 513 1165 514 1165 549 1154 572 1163 573 1163 574 1163 575 1163 594 1155 604 1160 605 1160 606 1160 668 1152 687 1160 688 1160 689 1160 690 1160 705 1154 725 1158 726 1158 727 1158 728 1158 738 1150 753 1158 754 1158 755 1158 811 1145 811 1138 806 1099 793 1104 645 1104 637 1104 636 1104 635 1104 634 1104 617 1117 605 1112 604 1112 603 1112 602 1112 601 1112 592 1118 570 1106 569 1106 568 1106 567 1106 566 1106 566 1107 556 1116 535 1108 534 1108 533 1108 532 1108 531 1108 531 1109 523 1116 495 1109 494 1109 493 1109 492 1109 492 1110 484 1119 458 1123 385 1117 383 1117 382 1117 359 1126 318 1121 317 1121 284 1128 256 1122 255 1122 254 1122 229 1131 130 1133 94 1122 93 1122 92 1122 34 1122 36 1148"/></Shape>
            <String CONTENT="ctrinas et mandata hominum reijcit deus in Eſaia, &amp;"
                    HPOS="34.0"
                    VPOS="1099.0"
                    WIDTH="777.0"
                    HEIGHT="77.0"
                    WC="0.9992700873636732"></String>
          </TextLine>
          <TextLine ID="line_19"
                    TAGREFS="LT8"
                    BASELINE="41 1200 163 1208 318 1208 518 1195 817 1186" 
                    HPOS="39.0"
                    VPOS="1148.0"
                    WIDTH="778.0"
                    HEIGHT="79.0">
            <Shape><Polygon POINTS="41 1200 41 1217 88 1217 101 1227 102 1227 103 1227 104 1227 105 1227 121 1218 147 1222 148 1222 149 1222 150 1222 157 1217 198 1224 199 1224 420 1211 474 1217 476 1217 553 1205 556 1205 557 1205 622 1213 623 1213 675 1201 677 1201 678 1201 706 1207 707 1207 708 1207 729 1200 729 1199 816 1197 817 1186 815 1150 777 1148 776 1148 775 1148 767 1151 755 1155 750 1151 748 1149 747 1149 745 1149 744 1149 699 1150 698 1150 692 1152 677 1159 666 1153 665 1153 664 1153 663 1153 662 1153 648 1165 607 1154 597 1152 596 1152 595 1152 589 1154 556 1168 522 1156 518 1155 517 1155 516 1155 515 1155 514 1155 513 1156 496 1167 463 1170 443 1160 442 1160 441 1160 440 1160 397 1174 361 1165 360 1165 359 1165 358 1165 357 1165 338 1175 209 1174 208 1174 207 1174 190 1180 171 1172 170 1172 169 1172 168 1172 152 1181 138 1181 118 1166 117 1166 116 1166 115 1166 39 1167 41 1200"/></Shape>
            <String CONTENT="Chriſtus in euang. &amp; lex nõ patitur aliquid addi uera¬"
                    HPOS="39.0"
                    VPOS="1148.0"
                    WIDTH="778.0"
                    HEIGHT="79.0"
                    ></String>
          </TextLine>
          <TextLine ID="line_20"
                    TAGREFS="LT8"
                    BASELINE="37 1246 150 1256 277 1257 817 1236" 
                    HPOS="36.0"
                    VPOS="1198.0"
                    WIDTH="781.0"
                    HEIGHT="75.0">
            <Shape><Polygon POINTS="37 1246 37 1268 367 1273 368 1273 426 1261 445 1265 446 1265 447 1265 448 1265 463 1260 492 1268 493 1268 494 1268 495 1268 496 1268 514 1254 546 1261 547 1261 548 1261 570 1254 587 1264 589 1264 590 1264 591 1265 631 1265 631 1264 632 1264 649 1256 690 1262 691 1262 692 1262 693 1262 715 1248 730 1253 731 1253 732 1253 733 1253 734 1253 740 1248 755 1252 756 1252 757 1252 817 1243 817 1236 813 1206 748 1209 742 1207 734 1200 733 1200 732 1200 696 1198 695 1198 651 1206 634 1201 632 1201 631 1201 630 1201 618 1209 617 1209 600 1201 599 1201 598 1201 597 1201 581 1209 576 1212 569 1210 554 1205 553 1205 552 1205 551 1205 537 1210 534 1211 529 1210 498 1205 496 1205 495 1205 481 1211 476 1213 461 1211 440 1209 439 1209 438 1209 431 1212 418 1217 406 1212 400 1210 399 1210 398 1210 397 1210 396 1210 396 1211 394 1213 385 1221 327 1222 314 1214 313 1214 312 1214 311 1214 310 1214 283 1224 165 1228 106 1217 102 1217 101 1217 36 1218 37 1246"/></Shape>
            <String CONTENT="bo dei. Dicit ergo ſe apoſtolũ eſſe Chriſti, &amp; ſibi com¬"
                    HPOS="36.0"
                    VPOS="1198.0"
                    WIDTH="781.0"
                    HEIGHT="75.0"
                    WC="0.9972408100178367"></String>
          </TextLine>
          <TextLine ID="line_21"
                    TAGREFS="LT8"
                    BASELINE="42 1295 124 1304 276 1306 813 1285" 
                    HPOS="40.0"
                    VPOS="1250.0"
                    WIDTH="773.0"
                    HEIGHT="79.0">
            <Shape><Polygon POINTS="42 1295 42 1319 129 1318 130 1318 171 1329 172 1329 173 1329 174 1329 196 1318 214 1327 215 1327 216 1327 341 1314 379 1322 380 1322 381 1322 408 1312 501 1319 502 1319 642 1301 644 1301 662 1311 663 1311 664 1311 665 1311 698 1305 731 1311 732 1311 733 1311 767 1297 768 1296 813 1295 813 1285 811 1259 702 1250 700 1250 699 1250 698 1250 687 1260 685 1262 630 1262 627 1261 621 1257 620 1257 619 1257 618 1257 617 1257 606 1261 597 1266 561 1266 552 1262 534 1254 533 1254 532 1254 531 1254 510 1262 496 1268 485 1263 474 1258 473 1258 472 1258 432 1263 368 1273 313 1266 312 1266 311 1266 296 1275 278 1266 277 1266 276 1266 275 1266 274 1266 261 1277 237 1278 212 1278 192 1267 189 1265 188 1265 187 1265 186 1265 177 1267 136 1278 116 1268 114 1267 112 1267 111 1267 40 1268 42 1295"/></Shape>
            <String CONTENT="miſſum eſſe apoſtolatum, id eſt officiũ euangelij præ¬"
                    HPOS="40.0"
                    VPOS="1250.0"
                    WIDTH="773.0"
                    HEIGHT="79.0"
                    WC="0.9843324877999046"></String>
          </TextLine>
          <TextLine ID="line_22"
                    TAGREFS="LT8"
                    BASELINE="37 1342 149 1353 309 1354 819 1336" 
                    HPOS="36.0"
                    VPOS="1297.0"
                    WIDTH="783.0"
                    HEIGHT="77.0">
            <Shape><Polygon POINTS="37 1342 37 1366 222 1366 239 1374 240 1374 241 1374 313 1372 314 1372 315 1372 325 1366 332 1371 333 1371 334 1371 335 1371 336 1371 363 1363 380 1370 381 1370 382 1370 428 1369 429 1369 431 1369 442 1360 482 1367 483 1367 484 1367 485 1367 492 1360 503 1366 504 1366 505 1366 506 1366 536 1357 556 1364 557 1364 558 1364 559 1364 560 1364 571 1355 598 1360 599 1360 658 1356 682 1363 683 1363 684 1363 685 1363 711 1354 717 1358 718 1358 719 1358 720 1358 721 1358 722 1358 735 1350 738 1349 742 1350 771 1360 772 1360 773 1360 774 1360 793 1354 803 1358 804 1358 805 1358 806 1358 807 1358 819 1349 819 1336 816 1297 718 1307 691 1300 690 1300 689 1300 688 1300 664 1313 563 1320 515 1320 504 1312 503 1312 502 1312 501 1312 500 1312 485 1321 360 1324 345 1313 344 1313 343 1313 342 1313 341 1313 327 1321 313 1311 312 1311 311 1311 310 1311 309 1311 278 1327 210 1327 199 1319 198 1319 197 1319 196 1319 168 1324 153 1314 152 1314 151 1314 150 1314 88 1321 36 1317 37 1342"/></Shape>
            <String CONTENT="dicandi à deo. quaſi diceret, non uenio mea referre, ſed"
                    HPOS="36.0"
                    VPOS="1297.0"
                    WIDTH="783.0"
                    HEIGHT="77.0"
                    WC="0.995407457937274"></String>
          </TextLine>
          <TextLine ID="line_23"
                    TAGREFS="LT8"
                    BASELINE="40 1395 251 1404 490 1400" 
                    HPOS="39.0"
                    VPOS="1360.0"
                    WIDTH="451.0"
                    HEIGHT="64.0">
            <Shape><Polygon POINTS="40 1395 39 1418 128 1412 159 1418 173 1421 174 1421 191 1418 210 1414 217 1418 225 1422 227 1422 228 1422 229 1422 240 1417 243 1416 249 1417 272 1423 273 1423 274 1424 373 1424 373 1423 489 1414 490 1400 488 1376 443 1373 436 1366 436 1365 435 1365 434 1365 388 1365 387 1365 386 1365 385 1365 372 1373 369 1375 357 1375 355 1373 347 1365 347 1364 346 1364 345 1364 344 1364 343 1364 325 1371 308 1366 307 1366 306 1366 279 1371 267 1374 179 1374 168 1369 149 1362 148 1362 108 1362 107 1362 106 1362 93 1367 83 1371 69 1367 50 1360 49 1360 48 1360 47 1360 46 1360 40 1364 40 1395"/></Shape>
            <String CONTENT="quæ mihi commiſſa ſunt à deo."
                    HPOS="39.0"
                    VPOS="1360.0"
                    WIDTH="451.0"
                    HEIGHT="64.0"
                    WC="0.9738330443700155"></String>
          </TextLine>
        </TextBlock>
        <TextBlock HPOS="27"
                   VPOS="1407"
                   WIDTH="812"
                   HEIGHT="117"
                   ID="block_4"
                   TAGREFS="BT3017">
          <Shape><Polygon POINTS="839 1407 833 1524 27 1524 27 1417"/></Shape>
          <TextLine ID="line_24"
                    TAGREFS="LT8"
                    BASELINE="42 1447 355 1453 821 1436" 
                    HPOS="41.0"
                    VPOS="1400.0"
                    WIDTH="780.0"
                    HEIGHT="73.0">
            <Shape><Polygon POINTS="42 1447 42 1462 126 1462 145 1473 146 1473 147 1473 148 1473 149 1473 150 1473 150 1472 160 1464 174 1469 175 1469 176 1469 177 1469 204 1462 247 1467 249 1467 250 1467 265 1461 307 1470 308 1470 416 1468 417 1468 442 1462 449 1467 450 1467 451 1467 453 1467 560 1465 561 1465 562 1465 574 1458 610 1464 612 1464 699 1453 713 1462 714 1462 715 1462 716 1462 717 1462 718 1462 737 1449 821 1447 821 1436 820 1413 794 1400 793 1400 791 1400 790 1400 767 1410 744 1400 743 1400 742 1400 629 1402 628 1402 597 1417 595 1418 591 1418 562 1412 561 1412 560 1412 548 1418 534 1407 533 1407 532 1407 502 1405 501 1405 500 1405 463 1420 460 1421 440 1421 368 1418 367 1418 366 1418 365 1418 358 1422 356 1424 237 1425 233 1425 160 1412 159 1412 95 1413 94 1413 41 1428 42 1447"/></Shape>
            <String CONTENT="Deũ ſaluatorẽ uocat, quia ipſe per Chriſtũ ſeruat,"
                    HPOS="41.0"
                    VPOS="1400.0"
                    WIDTH="780.0"
                    HEIGHT="73.0"
                    WC="0.9899971451399461"></String>
          </TextLine>
          <TextLine ID="line_25"
                    TAGREFS="LT8"
                    BASELINE="40 1492 151 1501 335 1503 825 1487" 
                    HPOS="39.0"
                    VPOS="1482.0"
                    WIDTH="786.0"
                    HEIGHT="46.0">
            <Shape><Polygon POINTS="813 1482 803 1482 793 1482 782 1482 772 1482 761 1482 751 1482 740 1482 730 1482 719 1482 709 1482 698 1482 688 1482 677 1482 667 1482 657 1482 646 1482 636 1482 625 1482 615 1482 604 1482 594 1482 583 1482 573 1482 562 1482 552 1482 541 1482 531 1482 521 1482 510 1482 500 1482 489 1482 479 1482 468 1482 458 1482 447 1482 437 1482 426 1482 416 1482 405 1482 395 1482 385 1482 374 1482 364 1482 353 1482 343 1482 332 1482 322 1482 311 1482 301 1482 290 1482 280 1482 269 1482 259 1482 249 1482 238 1482 228 1482 217 1482 207 1482 196 1482 186 1482 175 1482 165 1482 154 1482 144 1482 133 1482 123 1482 112 1482 102 1482 92 1482 81 1482 71 1482 60 1482 50 1482 39 1482 40 1492 41 1517 162 1516 216 1528 217 1528 218 1528 219 1528 233 1515 246 1514 249 1514 277 1527 278 1527 320 1528 321 1528 372 1518 439 1525 440 1525 441 1525 458 1515 473 1524 474 1524 476 1524 589 1522 590 1522 591 1522 606 1510 657 1515 658 1515 659 1515 692 1506 699 1504 706 1506 741 1516 742 1516 743 1516 825 1503 825 1487 823 1482 813 1482"/></Shape>
            <String CONTENT="qune jatuat nos: &amp; ficut dicitur de Epne.l.Jttirhoras"
                    HPOS="39.0"
                    VPOS="1482.0"
                    WIDTH="786.0"
                    HEIGHT="46.0"
                    WC="0.9434417019475181"></String>
          </TextLine>
        </TextBlock>
        <TextBlock HPOS="273"
                   VPOS="844"
                   WIDTH="271"
                   HEIGHT="52"
                   ID="eSc_textblock_253bfb6a"
                   TAGREFS="BT3020">
          <Shape><Polygon POINTS="273 844 273 896 544 896 544 844"/></Shape>
        </TextBlock>
        <TextBlock HPOS="74"
                   VPOS="889"
                   WIDTH="688"
                   HEIGHT="80"
                   ID="eSc_textblock_8765a1b6"
                   TAGREFS="BT3020">
          <Shape><Polygon POINTS="74 889 74 969 758 959 762 889"/></Shape>
        </TextBlock>
        <TextBlock HPOS="33"
                   VPOS="967"
                   WIDTH="101"
                   HEIGHT="116"
                   ID="eSc_textblock_022bab5d"
                   TAGREFS="BT10">
          <Shape><Polygon POINTS="33 967 37 1068 134 1083 134 967"/></Shape>
        </TextBlock>
        <TextBlock HPOS="698"
                   VPOS="164"
                   WIDTH="74"
                   HEIGHT="60"
                   ID="eSc_textblock_9341e3bc"
                   TAGREFS="BT15">
          <Shape><Polygon POINTS="772 224 772 164 698 164 698 224"/></Shape>
        </TextBlock>
      </PrintSpace>
    </Page>
  </Layout>
</alto>
