<?xml version="1.0" encoding="UTF-8"?>
<alto xmlns:xsi="http://www.w3.org/2001/XMLSchema-instance"
      xmlns="http://www.loc.gov/standards/alto/ns-v4#"
      xsi:schemaLocation="http://www.loc.gov/standards/alto/ns-v4# http://www.loc.gov/standards/alto/v4/alto-4-2.xsd">
  <Description>
    <MeasurementUnit>pixel</MeasurementUnit>
    <sourceImageInformation>
      <fileName>bsb00027764_00161.jpg</fileName>
    </sourceImageInformation>
  </Description>
  <Tags>
    <OtherTag ID="BT7" LABEL="CustomZone" DESCRIPTION="block type CustomZone"/><OtherTag ID="BT8" LABEL="DamageZone" DESCRIPTION="block type DamageZone"/><OtherTag ID="BT9" LABEL="DigitizationArtefactZone" DESCRIPTION="block type DigitizationArtefactZone"/><OtherTag ID="BT10" LABEL="DropCapitalZone" DESCRIPTION="block type DropCapitalZone"/><OtherTag ID="BT11" LABEL="GraphicZone" DESCRIPTION="block type GraphicZone"/><OtherTag ID="BT12" LABEL="MainZone" DESCRIPTION="block type MainZone"/><OtherTag ID="BT13" LABEL="MarginTextZone" DESCRIPTION="block type MarginTextZone"/><OtherTag ID="BT14" LABEL="MusicZone" DESCRIPTION="block type MusicZone"/><OtherTag ID="BT15" LABEL="NumberingZone" DESCRIPTION="block type NumberingZone"/><OtherTag ID="BT17" LABEL="QuireMarksZone" DESCRIPTION="block type QuireMarksZone"/><OtherTag ID="BT18" LABEL="RunningTitleZone" DESCRIPTION="block type RunningTitleZone"/><OtherTag ID="BT19" LABEL="SealZone" DESCRIPTION="block type SealZone"/><OtherTag ID="BT20" LABEL="StampZone" DESCRIPTION="block type StampZone"/><OtherTag ID="BT21" LABEL="TableZone" DESCRIPTION="block type TableZone"/><OtherTag ID="BT22" LABEL="TitlePageZone" DESCRIPTION="block type TitlePageZone"/><OtherTag ID="BT3014" LABEL="MainZone-P-Continued" DESCRIPTION="block type MainZone-P-Continued"/><OtherTag ID="BT3015" LABEL="MainZone-Sp-Continued" DESCRIPTION="block type MainZone-Sp-Continued"/><OtherTag ID="BT3016" LABEL="MainZone-Sp" DESCRIPTION="block type MainZone-Sp"/><OtherTag ID="BT3017" LABEL="MainZone-P" DESCRIPTION="block type MainZone-P"/><OtherTag ID="BT3018" LABEL="MarginTextZone-ManuscriptAddendum" DESCRIPTION="block type MarginTextZone-ManuscriptAddendum"/><OtherTag ID="BT3019" LABEL="MarginTextZone-Notes" DESCRIPTION="block type MarginTextZone-Notes"/><OtherTag ID="BT3020" LABEL="MainZone-Head" DESCRIPTION="block type MainZone-Head"/><OtherTag ID="BT3021" LABEL="text" DESCRIPTION="block type text"/>
    <OtherTag ID="LT7" LABEL="CustomLine" DESCRIPTION="line type CustomLine"/><OtherTag ID="LT8" LABEL="DefaultLine" DESCRIPTION="line type DefaultLine"/><OtherTag ID="LT9" LABEL="DropCapitalLine" DESCRIPTION="line type DropCapitalLine"/><OtherTag ID="LT10" LABEL="HeadingLine" DESCRIPTION="line type HeadingLine"/><OtherTag ID="LT11" LABEL="InterlinearLine" DESCRIPTION="line type InterlinearLine"/><OtherTag ID="LT12" LABEL="MusicLine" DESCRIPTION="line type MusicLine"/><OtherTag ID="LT952" LABEL="default" DESCRIPTION="line type default"/>
  </Tags>
  <Layout>
    <Page WIDTH="1177"
          HEIGHT="1883"
          PHYSICAL_IMG_NR="6"
          ID="eSc_dummypage_">
      <PrintSpace HPOS="0"
                  VPOS="0"
                  WIDTH="1177"
                  HEIGHT="1883">
        <TextBlock HPOS="90"
                   VPOS="160"
                   WIDTH="695"
                   HEIGHT="55"
                   ID="block_4"
                   TAGREFS="BT18">
          <Shape><Polygon POINTS="785 160 785 215 90 215 90 160"/></Shape>
          <TextLine ID="line_0"
                    TAGREFS="LT8"
                    BASELINE="96 197 772 200" 
                    HPOS="94"
                    VPOS="160"
                    WIDTH="676"
                    HEIGHT="70">
            <Shape><Polygon POINTS="753 160 95 160 94 225 177 227 194 214 249 225 318 218 337 227 370 214 411 214 429 229 434 230 555 230 590 216 612 224 662 216 674 229 682 229 695 221 767 224 770 163 753 160"/></Shape>
            <String CONTENT="IN EPI. PAV. AD TIM. PRI."
                    HPOS="94"
                    VPOS="160"
                    WIDTH="676"
                    HEIGHT="70"
                    ></String>
          </TextLine>
          <TextLine ID="eSc_line_a4de323f"
                    TAGREFS="LT8"
                    BASELINE="795 200 846 200" 
                    HPOS="794"
                    VPOS="134"
                    WIDTH="51"
                    HEIGHT="95">
            <Shape><Polygon POINTS="794 199 794 224 822 229 823 229 825 229 845 218 845 199 845 145 794 134 794 199"/></Shape>
            <String CONTENT="81"
                    HPOS="794"
                    VPOS="134"
                    WIDTH="51"
                    HEIGHT="95"
                    ></String>
          </TextLine>
        </TextBlock>
        <TextBlock HPOS="59"
                   VPOS="221"
                   WIDTH="808"
                   HEIGHT="1300"
                   ID="block_2"
                   TAGREFS="BT3014">
          <Shape><Polygon POINTS="867 221 867 1521 59 1521 59 221"/></Shape>
          <TextLine ID="line_1"
                    TAGREFS="LT8"
                    BASELINE="60 263 846 263" 
                    HPOS="60.0"
                    VPOS="230.0"
                    WIDTH="786.0"
                    HEIGHT="50.0">
            <Shape><Polygon POINTS="834 232 824 232 817 232 816 233 811 232 803 232 793 232 782 232 772 232 761 232 751 232 740 232 730 232 719 232 709 232 698 232 695 232 677 233 670 232 667 232 657 232 646 232 636 232 630 232 628 234 585 234 582 232 573 232 562 232 552 232 541 232 531 232 519 232 510 232 500 232 490 232 479 233 474 232 468 232 458 232 447 232 440 232 435 234 380 234 378 232 374 232 364 232 353 232 343 232 332 232 324 232 322 233 310 232 301 232 290 232 280 232 269 232 259 232 249 232 238 232 234 232 228 233 216 232 207 232 196 232 186 232 175 232 165 232 154 232 144 232 133 232 131 232 126 233 124 232 123 232 112 232 102 232 92 232 81 232 71 232 60 230 60 263 61 280 88 273 131 273 141 280 142 280 143 280 144 280 145 280 173 275 234 279 235 279 236 279 237 279 246 273 304 273 313 280 314 280 315 280 317 280 319 280 356 273 391 280 393 280 394 280 399 280 472 273 529 279 530 280 599 280 599 279 600 279 601 279 609 273 659 279 660 279 661 279 672 273 743 273 781 280 786 280 787 280 846 279 846 263 846 233 841 232 834 232"/></Shape>
            <String CONTENT="ficta. Nam, ut inquit, quod à talibus aberrauerunt,"
                    HPOS="60.0"
                    VPOS="230.0"
                    WIDTH="786.0"
                    HEIGHT="50.0"
                    WC="0.9811593649479059"></String>
          </TextLine>
          <TextLine ID="line_2"
                    TAGREFS="LT8"
                    BASELINE="59 313 848 310" 
                    HPOS="58.0"
                    VPOS="270.0"
                    WIDTH="790.0"
                    HEIGHT="59.0">
            <Shape><Polygon POINTS="59 313 59 328 321 322 378 326 398 327 399 327 416 326 448 322 459 325 472 329 473 329 474 329 500 325 509 323 518 324 544 329 545 329 594 324 602 323 616 323 708 328 709 328 768 322 777 321 784 321 838 328 839 328 840 328 841 328 848 322 848 310 846 280 802 275 801 275 779 280 777 280 776 280 757 270 756 270 755 270 754 270 722 280 721 280 708 270 707 270 706 270 705 270 669 279 657 270 655 270 654 270 598 270 597 270 596 270 595 270 582 280 580 282 441 282 438 280 419 273 418 273 417 273 416 273 415 273 404 280 403 280 358 271 357 271 298 280 297 280 258 273 257 273 256 273 255 273 243 280 241 282 238 280 220 273 219 273 218 273 162 281 156 281 153 281 126 273 125 273 124 273 94 279 81 273 80 273 79 273 78 273 58 279 59 313"/></Shape>
            <String CONTENT="deflexerũt ad uaniloquium, &amp;c. Sed de his hactenus."
                    HPOS="58.0"
                    VPOS="270.0"
                    WIDTH="790.0"
                    HEIGHT="59.0"
                    WC="0.9984558281990198"></String>
          </TextLine>
          <TextLine ID="line_3"
                    TAGREFS="LT8"
                    BASELINE="79 364 850 361" 
                    HPOS="78.0"
                    VPOS="323.0"
                    WIDTH="772.0"
                    HEIGHT="58.0">
            <Shape><Polygon POINTS="79 364 79 372 118 373 128 381 129 381 130 381 131 381 213 372 221 372 334 372 337 372 361 379 363 379 364 379 365 379 379 372 380 372 431 372 432 372 444 381 445 381 446 381 447 381 448 381 471 372 476 371 479 372 500 380 501 380 502 380 503 380 522 375 546 380 547 380 548 380 564 372 567 371 569 372 580 380 581 380 582 380 583 380 709 373 766 380 767 380 768 380 800 372 801 372 834 380 835 380 836 380 838 380 839 380 850 372 850 361 848 333 807 333 796 323 795 323 794 323 766 323 765 323 764 323 742 333 662 333 646 323 645 323 644 323 612 323 610 323 609 323 608 323 592 333 544 333 535 327 534 327 533 327 532 327 531 327 521 332 504 324 503 324 502 324 501 324 486 331 465 323 464 323 463 323 390 333 374 325 373 325 372 325 371 325 350 332 325 324 324 324 254 324 253 324 252 324 214 334 171 334 129 324 128 324 78 334 79 364"/></Shape>
            <String CONTENT="Alij uero docti ex ſacra ſcriptura, ſciunt non fiden¬"
                    HPOS="78.0"
                    VPOS="323.0"
                    WIDTH="772.0"
                    HEIGHT="58.0"
                    ></String>
          </TextLine>
          <TextLine ID="line_4"
                    TAGREFS="LT8"
                    BASELINE="61 413 852 413" 
                    HPOS="61.0"
                    VPOS="371.0"
                    WIDTH="791.0"
                    HEIGHT="59.0">
            <Shape><Polygon POINTS="61 413 61 426 177 429 178 429 233 425 284 422 293 425 305 429 306 429 307 429 308 429 320 425 328 422 342 425 363 429 364 429 365 429 366 429 371 425 375 422 478 422 488 424 513 429 514 429 540 423 548 422 555 423 578 429 579 429 580 429 660 423 661 423 662 423 695 429 696 430 810 430 810 429 852 421 852 413 852 381 798 374 797 374 796 374 775 380 767 382 748 380 718 377 717 377 688 380 663 382 652 380 628 373 627 373 626 373 625 373 624 373 614 379 608 383 575 383 571 379 566 375 564 375 563 375 562 375 561 375 553 379 550 380 548 379 529 371 528 371 527 371 526 371 495 379 493 379 491 379 470 371 469 371 310 371 309 371 308 371 284 378 267 382 255 377 240 372 239 372 238 372 237 372 225 377 215 382 61 377 61 413"/></Shape>
            <String CONTENT="dum operibus, ſed ſoli dei miſericordiæ, &amp; quidem"
                    HPOS="61.0"
                    VPOS="371.0"
                    WIDTH="791.0"
                    HEIGHT="59.0"
                    WC="0.9992433701242719"></String>
          </TextLine>
          <TextLine ID="line_5"
                    TAGREFS="LT8"
                    BASELINE="62 464 374 460 851 462" 
                    HPOS="61.0"
                    VPOS="419.0"
                    WIDTH="790.0"
                    HEIGHT="60.0">
            <Shape><Polygon POINTS="62 464 62 473 146 471 150 473 154 478 155 478 156 478 157 479 188 479 188 478 242 473 267 471 280 473 308 478 309 478 310 478 311 478 319 472 320 472 329 472 375 477 376 477 377 477 378 477 385 472 387 471 391 472 406 478 408 478 409 478 410 478 411 478 418 472 419 471 503 471 505 472 511 478 512 478 513 478 514 479 556 479 556 478 584 471 589 471 594 471 634 477 635 477 636 477 646 471 647 471 662 478 663 478 664 478 729 472 828 478 829 478 830 478 851 470 851 462 850 433 825 433 810 422 809 422 808 422 807 422 806 422 794 427 784 421 783 421 782 421 781 421 780 421 779 421 761 432 737 424 736 424 735 424 734 424 733 424 722 433 653 433 628 423 627 423 626 423 583 432 555 419 554 419 458 419 457 419 456 419 436 427 416 419 415 419 309 419 308 419 307 419 282 433 231 433 213 421 212 421 211 421 210 421 209 421 199 425 180 420 179 420 178 420 177 420 152 432 105 423 104 423 61 433 62 464"/></Shape>
            <String CONTENT="recte: ſed curioſi &amp; ſuperſtitioſi inania uocabula in¬"
                    HPOS="61.0"
                    VPOS="419.0"
                    WIDTH="790.0"
                    HEIGHT="60.0"
                    WC="0.998271471924252"></String>
          </TextLine>
          <TextLine ID="line_6"
                    TAGREFS="LT8"
                    BASELINE="63 513 445 508 854 512" 
                    HPOS="62.0"
                    VPOS="473.0"
                    WIDTH="792.0"
                    HEIGHT="57.0">
            <Shape><Polygon POINTS="63 513 63 520 155 529 156 530 233 530 233 529 234 529 254 522 258 520 263 522 283 527 284 527 285 527 320 522 332 520 338 523 361 529 363 529 364 529 365 529 366 529 374 523 382 517 564 517 576 523 581 526 582 526 583 527 583 526 584 526 590 523 601 517 637 524 671 529 672 529 673 529 686 524 688 523 689 524 695 529 696 529 697 529 698 529 742 524 754 523 759 524 774 529 775 529 776 529 777 529 789 524 790 524 852 524 854 512 853 481 820 473 819 473 789 480 764 474 763 474 762 474 749 480 735 473 734 473 733 473 584 480 559 473 558 473 557 473 556 473 536 479 484 473 483 473 482 473 467 480 459 473 458 473 457 473 347 473 346 473 314 480 264 473 263 473 262 473 261 473 253 480 130 475 129 475 62 481 63 513"/></Shape>
            <String CONTENT="ueniunt, quæ literæ ſacræ non nouerunt, &amp; ſcientiam"
                    HPOS="62.0"
                    VPOS="473.0"
                    WIDTH="792.0"
                    HEIGHT="57.0"
                    WC="0.9938620083472308"></String>
          </TextLine>
          <TextLine ID="line_7"
                    TAGREFS="LT8"
                    BASELINE="64 562 513 557 854 561" 
                    HPOS="63.0"
                    VPOS="517.0"
                    WIDTH="791.0"
                    HEIGHT="62.0">
            <Shape><Polygon POINTS="64 562 64 570 319 578 320 578 321 578 338 570 377 570 389 578 390 578 391 578 392 579 417 579 417 578 418 578 419 578 433 569 435 569 463 569 464 569 474 577 476 577 477 577 478 577 531 569 535 569 645 569 646 569 680 577 681 577 682 577 683 577 684 577 694 571 829 576 830 576 831 576 854 568 854 561 852 528 781 529 777 527 761 517 760 517 759 517 758 517 757 517 720 527 713 529 705 527 690 523 689 523 688 523 634 524 621 517 620 517 619 517 587 523 477 517 476 517 474 517 459 524 378 518 377 518 376 518 353 526 342 531 133 531 115 526 106 524 105 524 104 524 103 524 99 526 92 529 86 526 79 520 78 520 77 520 76 520 75 520 63 525 64 562"/></Shape>
            <String CONTENT="iactant, contra quos in fine epiſtolæ dicit, deuitãs pro"
                    HPOS="63.0"
                    VPOS="517.0"
                    WIDTH="791.0"
                    HEIGHT="62.0"
                    WC="0.9861138494391191"></String>
          </TextLine>
          <TextLine ID="line_8"
                    TAGREFS="LT8"
                    BASELINE="64 614 538 607 856 613" 
                    HPOS="63.0"
                    VPOS="569.0"
                    WIDTH="793.0"
                    HEIGHT="60.0">
            <Shape><Polygon POINTS="64 614 65 629 93 622 112 627 114 627 115 627 177 621 244 628 245 628 299 621 370 627 371 627 372 627 387 620 420 626 421 626 422 626 423 626 433 620 511 620 538 627 539 627 540 627 541 627 544 627 584 619 621 619 630 626 631 626 632 626 634 626 660 621 716 626 719 626 720 626 721 626 722 626 731 620 854 625 856 613 853 570 816 579 662 572 586 569 585 569 530 570 529 570 528 570 523 574 516 577 464 575 363 570 361 570 360 570 338 576 321 581 304 577 291 574 290 574 289 574 288 574 282 577 274 582 126 582 122 579 105 571 104 571 80 571 79 571 78 571 63 578 64 614"/></Shape>
            <String CONTENT="phanas uocum inanitates. Item fabulas ſequuntur, id"
                    HPOS="63.0"
                    VPOS="569.0"
                    WIDTH="793.0"
                    HEIGHT="60.0"
                    WC="0.9599803703672746"></String>
          </TextLine>
          <TextLine ID="line_9"
                    TAGREFS="LT8"
                    BASELINE="66 663 856 658" 
                    HPOS="65.0"
                    VPOS="620.0"
                    WIDTH="791.0"
                    HEIGHT="57.0">
            <Shape><Polygon POINTS="66 663 66 671 83 677 84 677 85 677 86 677 102 671 104 671 105 671 119 676 120 676 222 677 223 677 385 672 494 669 500 673 503 675 504 675 505 675 506 676 535 676 535 675 536 675 544 673 559 668 641 668 660 673 664 674 665 674 666 674 667 674 668 674 669 673 675 668 745 667 854 673 856 658 854 624 714 624 713 624 712 624 707 625 694 629 686 626 672 620 671 620 670 620 619 627 613 627 608 627 554 620 553 620 552 620 524 628 514 630 500 628 467 624 466 624 465 624 464 624 459 629 457 631 426 631 422 629 391 621 390 621 389 621 353 623 352 623 351 623 338 630 338 631 337 630 331 625 330 625 329 625 288 622 287 622 286 622 261 631 261 632 213 632 212 632 201 625 200 625 199 625 160 623 159 623 157 623 128 632 116 624 115 624 114 624 85 623 84 623 83 623 82 623 65 632 66 663"/></Shape>
            <String CONTENT="eſt, alia extra ſacras literas: qualia multa commenti"
                    HPOS="65.0"
                    VPOS="620.0"
                    WIDTH="791.0"
                    HEIGHT="57.0"
                    WC="0.9881286351185925"></String>
          </TextLine>
          <TextLine ID="line_10"
                    TAGREFS="LT8"
                    BASELINE="68 714 857 708" 
                    HPOS="66.0"
                    VPOS="666.0"
                    WIDTH="791.0"
                    HEIGHT="64.0">
            <Shape><Polygon POINTS="68 714 69 730 84 722 180 728 197 729 198 729 239 728 390 720 445 724 458 724 459 724 467 723 496 719 504 723 507 726 508 726 509 726 510 726 529 722 552 719 570 722 593 726 594 726 638 721 667 717 766 717 773 719 785 723 786 723 787 723 856 717 857 708 855 669 799 666 798 666 797 666 789 669 773 675 747 669 733 666 732 666 731 666 718 669 690 676 681 669 677 667 676 667 675 667 674 667 673 667 665 669 651 673 646 669 643 667 642 667 641 667 640 667 625 669 609 672 602 669 595 667 594 667 593 667 578 670 539 677 505 670 494 668 493 668 492 668 486 670 460 678 381 673 380 673 345 678 334 670 332 669 331 669 330 669 329 669 328 669 323 671 299 681 238 681 228 673 227 673 225 673 224 673 179 681 66 672 68 714"/></Shape>
            <String CONTENT="ſunt Iudæi, qualia etiam multa noſtri habent quaſi hi¬"
                    HPOS="66.0"
                    VPOS="666.0"
                    WIDTH="791.0"
                    HEIGHT="64.0"
                    ></String>
          </TextLine>
          <TextLine ID="line_11"
                    TAGREFS="LT8"
                    BASELINE="64 762 857 756" 
                    HPOS="63.0"
                    VPOS="721.0"
                    WIDTH="794.0"
                    HEIGHT="59.0">
            <Shape><Polygon POINTS="64 762 66 780 79 773 213 777 272 779 273 779 315 776 372 770 377 775 381 778 382 778 383 778 385 779 431 779 431 778 478 773 504 769 508 772 514 777 515 777 516 777 517 777 547 772 553 770 558 772 592 777 593 777 594 777 615 770 621 768 634 769 680 776 681 776 719 768 726 767 736 767 813 775 815 775 857 765 857 756 854 723 740 728 730 723 726 721 725 721 670 721 669 721 668 721 661 723 647 728 622 723 606 721 605 721 604 721 600 723 587 731 564 731 552 723 551 723 550 723 549 723 546 723 523 729 500 723 491 722 490 722 489 722 488 722 487 723 478 731 449 731 335 724 330 724 329 724 328 724 303 732 246 727 245 727 193 733 63 726 64 762"/></Shape>
            <String CONTENT="ſtoriam. Et præterea genealogias quærunt nũquam"
                    HPOS="63.0"
                    VPOS="721.0"
                    WIDTH="794.0"
                    HEIGHT="59.0"
                    WC="0.9992441187302271"></String>
          </TextLine>
          <TextLine ID="line_12"
                    TAGREFS="LT8"
                    BASELINE="68 810 261 813 855 803" 
                    HPOS="66.0"
                    VPOS="766.0"
                    WIDTH="789.0"
                    HEIGHT="63.0">
            <Shape><Polygon POINTS="68 810 69 829 82 823 190 828 206 828 207 828 216 827 260 823 277 827 282 828 283 828 284 828 321 826 451 819 460 825 461 825 462 825 463 826 504 826 504 825 505 825 507 824 522 818 557 822 558 822 591 815 624 823 626 823 627 823 628 823 629 823 663 814 717 822 720 822 721 822 722 822 723 822 739 814 750 821 751 821 752 821 753 822 761 822 785 822 785 821 786 821 787 821 797 814 854 820 855 803 853 774 823 766 822 766 768 773 759 766 758 766 757 766 756 766 718 774 716 774 715 774 707 766 706 766 705 766 673 766 672 766 642 774 631 776 626 774 610 766 609 766 608 766 607 766 606 766 595 774 591 776 585 774 572 768 571 768 570 768 569 768 568 768 559 774 555 774 513 769 512 769 511 769 510 769 504 774 496 778 457 778 451 774 447 770 446 770 445 770 444 770 443 770 442 770 437 774 428 779 396 774 386 773 385 773 383 773 378 774 355 780 317 774 292 770 291 770 290 770 284 774 274 780 212 782 182 774 175 773 174 773 173 773 172 773 171 773 170 774 160 782 130 774 128 774 127 774 126 774 66 774 68 810"/></Shape>
            <String CONTENT="finiendas, id eſt de quibus ex ſacris literis non potes"
                    HPOS="66.0"
                    VPOS="766.0"
                    WIDTH="789.0"
                    HEIGHT="63.0"
                    WC="0.989707840572704"></String>
          </TextLine>
          <TextLine ID="line_13"
                    TAGREFS="LT8"
                    BASELINE="74 860 300 863 642 853 851 853" 
                    HPOS="73.0"
                    VPOS="815.0"
                    WIDTH="778.0"
                    HEIGHT="61.0">
            <Shape><Polygon POINTS="74 860 74 874 394 876 395 876 429 868 434 868 539 866 542 867 558 872 559 872 560 872 561 872 562 872 570 866 584 866 638 864 649 865 717 872 718 872 719 872 744 863 745 863 750 863 824 870 825 870 826 870 851 860 851 853 850 825 783 815 782 815 781 815 763 824 761 825 760 824 749 820 748 820 747 820 688 824 687 824 665 817 664 817 663 817 662 817 641 824 631 827 609 824 563 818 562 818 561 818 560 818 552 824 546 829 521 829 501 824 477 819 476 819 474 819 462 824 455 827 447 824 438 820 437 820 401 820 400 820 399 820 398 820 392 824 383 829 351 825 350 825 284 831 275 825 274 825 273 825 272 825 270 825 269 825 261 832 140 833 127 824 126 824 125 824 73 824 74 860"/></Shape>
            <String CONTENT="eſſe certus, quas alius ſic, alius aliter computat, &amp;"
                    HPOS="73.0"
                    VPOS="815.0"
                    WIDTH="778.0"
                    HEIGHT="61.0"
                    WC="0.9895407827395313"></String>
          </TextLine>
          <TextLine ID="line_14"
                    TAGREFS="LT8"
                    BASELINE="74 908 291 912 854 899" 
                    HPOS="73.0"
                    VPOS="861.0"
                    WIDTH="781.0"
                    HEIGHT="72.0">
            <Shape><Polygon POINTS="74 908 74 926 86 933 87 933 88 933 89 933 91 933 100 925 101 924 102 925 118 933 119 933 120 933 176 932 177 932 191 924 216 931 217 931 218 931 247 924 290 929 291 929 340 920 344 920 345 920 356 928 357 928 358 928 359 929 381 929 381 928 382 928 383 928 383 927 393 919 394 919 441 919 453 926 454 926 455 926 456 927 505 927 505 926 545 917 567 925 568 925 569 925 570 925 586 916 654 915 755 913 759 913 815 921 816 921 817 921 854 911 854 899 852 863 734 861 733 861 732 861 731 861 727 865 717 872 698 872 690 866 687 863 686 863 685 863 684 863 683 863 682 863 677 866 670 870 662 866 659 865 658 865 657 865 655 865 650 866 630 873 616 867 608 864 607 864 569 864 568 864 567 864 566 864 560 868 551 874 517 869 509 868 508 868 507 868 506 868 506 869 505 869 498 875 457 871 456 871 324 877 310 873 298 869 297 869 296 869 295 869 284 873 274 879 204 879 193 875 184 872 183 872 182 872 180 872 168 876 154 880 149 876 142 871 141 871 140 871 139 871 73 877 74 908"/></Shape>
            <String CONTENT="quiſ ſua præfert: quæ, inqt, quæſtiones &amp; dubiũ ge¬"
                    HPOS="73.0"
                    VPOS="861.0"
                    WIDTH="781.0"
                    HEIGHT="72.0"
                    ></String>
          </TextLine>
          <TextLine ID="line_15"
                    TAGREFS="LT8"
                    BASELINE="71 954 313 960 856 949" 
                    HPOS="70.0"
                    VPOS="914.0"
                    WIDTH="786.0"
                    HEIGHT="63.0">
            <Shape><Polygon POINTS="71 954 71 967 221 977 222 977 284 971 327 976 328 976 329 976 343 970 413 974 414 974 415 974 416 974 427 967 504 969 505 969 546 963 551 963 558 963 664 971 665 971 666 971 667 971 682 962 703 962 711 962 720 969 721 969 722 969 763 970 764 970 765 970 766 970 781 961 783 960 788 961 808 965 809 965 810 965 811 965 817 961 818 960 818 961 824 965 825 965 826 965 827 965 856 960 856 949 854 922 800 914 799 914 737 922 657 916 655 916 654 916 629 922 605 916 604 916 603 916 602 916 573 924 510 918 509 918 508 918 488 925 488 926 476 926 453 926 426 918 425 918 424 918 385 919 383 919 382 919 371 927 359 927 312 927 311 927 302 920 301 920 300 920 267 920 266 920 265 920 246 928 245 928 237 928 164 924 163 924 134 929 133 929 131 929 94 922 93 922 92 922 70 929 71 954"/></Shape>
            <String CONTENT="nerant, &amp; nullam ædificationem. Item ſunt, quorum"
                    HPOS="70.0"
                    VPOS="914.0"
                    WIDTH="786.0"
                    HEIGHT="63.0"
                    WC="0.9974959529176051"></String>
          </TextLine>
          <TextLine ID="line_16"
                    TAGREFS="LT8"
                    BASELINE="74 1004 297 1010 547 1003 858 1001" 
                    HPOS="73.0"
                    VPOS="965.0"
                    WIDTH="785.0"
                    HEIGHT="60.0">
            <Shape><Polygon POINTS="74 1004 74 1016 104 1015 107 1016 117 1024 118 1024 119 1024 120 1025 275 1025 275 1024 376 1023 429 1015 438 1014 448 1015 519 1022 521 1022 522 1022 541 1014 542 1014 552 1014 631 1018 632 1018 655 1014 660 1013 661 1013 676 1022 677 1022 678 1022 680 1022 703 1013 708 1012 713 1013 733 1019 734 1019 735 1019 736 1019 749 1013 751 1012 755 1013 768 1017 770 1017 771 1017 857 1012 858 1001 856 965 799 965 798 965 797 965 796 965 774 976 737 976 722 966 721 966 720 966 719 966 718 966 717 966 710 972 649 967 629 966 628 966 627 966 626 966 624 968 615 974 585 968 574 966 573 966 572 966 564 968 546 976 529 969 526 968 525 968 524 968 515 969 482 974 471 970 465 967 464 967 425 967 424 967 423 967 412 970 393 978 374 978 367 971 364 968 363 968 361 968 360 968 359 968 348 971 329 978 244 978 235 973 224 969 223 969 222 969 221 969 213 973 204 979 148 979 141 974 128 968 127 968 126 968 125 968 111 974 107 977 102 974 88 970 87 970 86 970 85 970 73 974 74 1004"/></Shape>
            <String CONTENT="magnus eſt numerus, qui magno animi negotio, nihil"
                    HPOS="73.0"
                    VPOS="965.0"
                    WIDTH="785.0"
                    HEIGHT="60.0"
                    WC="0.9953625249862671"></String>
          </TextLine>
          <TextLine ID="line_17"
                    TAGREFS="LT8"
                    BASELINE="73 1053 302 1059 858 1048" 
                    HPOS="72.0"
                    VPOS="1011.0"
                    WIDTH="786.0"
                    HEIGHT="67.0">
            <Shape><Polygon POINTS="73 1053 73 1073 103 1078 104 1078 105 1078 106 1078 115 1073 120 1069 149 1069 172 1072 216 1077 217 1077 290 1076 345 1068 352 1068 359 1068 435 1074 436 1074 437 1074 461 1065 463 1065 471 1065 517 1069 518 1069 519 1069 531 1064 535 1063 542 1064 591 1072 592 1072 593 1072 615 1063 617 1061 719 1061 742 1061 756 1068 757 1068 758 1068 759 1068 786 1060 834 1069 835 1069 836 1069 858 1058 858 1048 856 1011 834 1011 833 1011 832 1011 816 1021 806 1014 805 1014 804 1014 803 1014 802 1014 801 1014 790 1023 757 1023 698 1013 697 1013 696 1013 695 1013 673 1019 582 1015 581 1015 580 1015 544 1025 453 1019 451 1019 450 1019 449 1019 440 1027 394 1017 392 1017 391 1017 390 1017 389 1017 371 1029 330 1029 318 1018 317 1018 315 1018 314 1018 313 1018 312 1018 280 1030 221 1031 146 1031 129 1022 128 1022 127 1022 126 1022 72 1022 73 1053"/></Shape>
            <String CONTENT="niſi uanas quæſtiones ſequuntur ex ſacris literis, nuſ¬"
                    HPOS="72.0"
                    VPOS="1011.0"
                    WIDTH="786.0"
                    HEIGHT="67.0"
                    ></String>
          </TextLine>
          <TextLine ID="line_18"
                    TAGREFS="LT8"
                    BASELINE="74 1104 280 1109 858 1096" 
                    HPOS="73.0"
                    VPOS="1062.0"
                    WIDTH="785.0"
                    HEIGHT="63.0">
            <Shape><Polygon POINTS="74 1104 74 1124 155 1119 182 1122 208 1125 209 1125 343 1119 360 1123 361 1123 363 1123 364 1123 378 1117 382 1115 542 1112 577 1113 685 1117 686 1117 687 1117 688 1117 696 1110 745 1116 747 1116 748 1116 763 1109 803 1115 804 1115 858 1105 858 1096 856 1070 799 1064 798 1064 753 1070 741 1071 738 1070 717 1062 716 1062 715 1062 663 1068 654 1063 653 1063 652 1063 651 1063 637 1071 631 1073 620 1071 596 1065 595 1065 594 1065 578 1071 571 1073 564 1071 554 1068 553 1068 552 1068 522 1071 478 1076 424 1072 389 1069 388 1069 387 1069 380 1072 369 1078 300 1079 265 1073 256 1071 255 1071 254 1071 253 1071 253 1072 252 1073 242 1080 199 1073 192 1072 191 1072 190 1072 189 1072 188 1073 176 1081 73 1074 74 1104"/></Shape>
            <String CONTENT="quam nõ hæſitantes, dum etiam nodum inſcirpo quæ¬"
                    HPOS="73.0"
                    VPOS="1062.0"
                    WIDTH="785.0"
                    HEIGHT="63.0"
                    WC="0.983600070476532"></String>
          </TextLine>
          <TextLine ID="line_19"
                    TAGREFS="LT8"
                    BASELINE="74 1152 355 1158 859 1147" 
                    HPOS="73.0"
                    VPOS="1109.0"
                    WIDTH="786.0"
                    HEIGHT="65.0">
            <Shape><Polygon POINTS="74 1152 74 1167 107 1167 108 1167 118 1174 119 1174 120 1174 121 1174 122 1174 150 1167 165 1173 166 1173 167 1174 254 1174 254 1173 514 1164 529 1170 530 1170 531 1170 532 1170 562 1163 673 1166 674 1166 675 1166 676 1166 683 1160 741 1160 742 1160 768 1167 770 1167 771 1167 858 1158 859 1147 855 1113 842 1116 836 1113 832 1109 831 1109 830 1109 829 1109 813 1113 794 1118 785 1114 779 1110 778 1110 717 1110 716 1110 715 1110 714 1110 710 1115 708 1117 702 1115 691 1112 690 1112 689 1112 688 1112 680 1116 666 1122 617 1123 592 1117 575 1113 574 1113 532 1113 531 1113 530 1113 508 1118 495 1121 483 1119 456 1114 455 1114 454 1114 436 1120 428 1122 424 1120 415 1115 414 1115 413 1115 412 1115 411 1115 404 1120 398 1125 382 1120 377 1119 376 1119 375 1119 374 1119 367 1121 346 1127 192 1127 186 1124 182 1121 180 1121 179 1121 178 1121 152 1124 124 1128 115 1125 102 1120 101 1120 100 1120 73 1125 74 1152"/></Shape>
            <String CONTENT="runt: interim uero quàm certiſſimam uident ſanam"
                    HPOS="73.0"
                    VPOS="1109.0"
                    WIDTH="786.0"
                    HEIGHT="65.0"
                    WC="0.9990913040783941"></String>
          </TextLine>
          <TextLine ID="line_20"
                    TAGREFS="LT8"
                    BASELINE="75 1199 214 1207 352 1207 859 1197" 
                    HPOS="74.0"
                    VPOS="1160.0"
                    WIDTH="785.0"
                    HEIGHT="64.0">
            <Shape><Polygon POINTS="75 1199 75 1216 176 1216 235 1224 236 1224 237 1224 272 1215 274 1215 284 1223 285 1223 286 1223 287 1223 385 1216 485 1221 486 1221 514 1215 525 1213 544 1215 581 1219 582 1219 583 1219 584 1219 591 1215 596 1212 604 1215 617 1219 618 1219 619 1219 620 1219 637 1215 651 1210 712 1209 727 1214 728 1214 729 1214 763 1208 781 1213 782 1213 783 1213 821 1207 858 1214 859 1197 858 1169 843 1162 842 1162 841 1162 796 1168 774 1160 773 1160 772 1160 771 1160 770 1160 758 1169 757 1170 755 1169 734 1160 733 1160 732 1160 690 1169 674 1172 667 1169 652 1162 651 1162 650 1162 596 1167 569 1162 568 1162 512 1163 511 1163 494 1169 473 1176 408 1170 406 1170 405 1170 389 1177 250 1174 249 1174 187 1180 171 1171 170 1171 74 1169 75 1199"/></Shape>
            <String CONTENT="doctrinã, &amp; apertû Euangeliũ, id eſt luce clariores:"
                    HPOS="74.0"
                    VPOS="1160.0"
                    WIDTH="785.0"
                    HEIGHT="64.0"
                    WC="0.9910415129228072"></String>
          </TextLine>
          <TextLine ID="line_21"
                    TAGREFS="LT8"
                    BASELINE="76 1249 319 1257 862 1248" 
                    HPOS="76.0"
                    VPOS="1208.0"
                    WIDTH="786.0"
                    HEIGHT="68.0">
            <Shape><Polygon POINTS="76 1265 136 1265 145 1271 146 1271 147 1271 148 1271 168 1266 193 1276 194 1276 195 1276 293 1275 324 1268 391 1274 392 1274 469 1262 537 1268 538 1268 539 1268 553 1262 577 1272 578 1272 579 1273 625 1273 625 1272 626 1272 627 1272 638 1263 650 1268 651 1268 652 1268 653 1268 669 1260 760 1260 768 1265 770 1265 771 1265 772 1265 773 1265 788 1260 802 1269 803 1269 804 1269 805 1271 833 1271 833 1269 834 1269 862 1258 862 1248 858 1215 827 1216 821 1214 798 1208 797 1208 796 1208 795 1208 777 1214 764 1220 737 1220 727 1214 715 1209 714 1209 713 1209 585 1210 584 1210 571 1214 552 1220 479 1217 478 1217 426 1222 386 1214 374 1212 373 1212 372 1212 364 1214 330 1223 261 1223 245 1217 244 1217 243 1217 173 1224 159 1215 157 1215 156 1215 76 1214 76 1249 76 1265"/></Shape>
            <String CONTENT="dei Chriſti́ promiſſiones in utriuſ inſtrumenti pa¬"
                    HPOS="76.0"
                    VPOS="1208.0"
                    WIDTH="786.0"
                    HEIGHT="68.0"
                    ></String>
          </TextLine>
          <TextLine ID="line_22"
                    TAGREFS="LT8"
                    BASELINE="77 1302 373 1306 859 1298" 
                    HPOS="77.0"
                    VPOS="1261.0"
                    WIDTH="782.0"
                    HEIGHT="63.0">
            <Shape><Polygon POINTS="77 1316 301 1324 302 1324 303 1324 324 1314 343 1323 344 1323 345 1324 401 1324 401 1323 440 1314 507 1322 508 1322 562 1312 639 1321 640 1321 641 1321 642 1321 653 1312 697 1318 698 1318 699 1318 714 1310 721 1317 722 1317 723 1317 725 1317 726 1317 751 1310 767 1317 768 1317 770 1317 858 1308 859 1298 858 1271 832 1263 831 1263 830 1263 793 1269 774 1263 773 1263 772 1263 771 1263 757 1269 756 1271 754 1269 740 1261 739 1261 738 1261 737 1261 736 1261 722 1267 630 1262 629 1262 628 1262 627 1262 619 1268 599 1263 598 1263 597 1263 596 1263 581 1268 576 1271 572 1268 562 1263 561 1263 560 1263 559 1263 541 1268 527 1274 460 1274 447 1267 436 1263 435 1263 434 1263 395 1264 394 1264 393 1264 390 1267 381 1274 317 1269 315 1269 314 1269 303 1276 227 1276 217 1267 216 1267 215 1267 190 1267 189 1267 146 1275 118 1266 117 1266 77 1266 77 1302 77 1316"/></Shape>
            <String CONTENT="gina relinquunt. Qui in hoc periculo ſunt, ut ueren¬"
                    HPOS="77.0"
                    VPOS="1261.0"
                    WIDTH="782.0"
                    HEIGHT="63.0"
                    WC="0.9796939010803516"></String>
          </TextLine>
          <TextLine ID="line_23"
                    TAGREFS="LT8"
                    BASELINE="77 1346 254 1356 862 1348" 
                    HPOS="77.0"
                    VPOS="1310.0"
                    WIDTH="785.0"
                    HEIGHT="64.0">
            <Shape><Polygon POINTS="77 1365 120 1365 143 1374 144 1374 145 1374 187 1367 228 1374 229 1374 275 1368 284 1374 285 1374 286 1374 287 1374 330 1369 417 1373 418 1373 419 1373 420 1373 429 1366 464 1373 465 1373 524 1372 525 1372 546 1365 617 1368 618 1368 653 1360 681 1366 682 1366 862 1357 862 1348 861 1321 842 1310 841 1310 840 1310 793 1321 788 1321 777 1320 675 1311 674 1311 673 1311 658 1320 593 1323 567 1319 553 1317 552 1317 551 1317 550 1317 548 1319 541 1324 498 1324 487 1318 479 1313 478 1313 477 1313 476 1313 474 1313 468 1318 459 1325 313 1325 293 1318 292 1318 291 1318 290 1318 277 1324 253 1318 252 1318 251 1318 250 1318 229 1325 211 1318 210 1318 209 1318 208 1318 207 1318 196 1326 182 1316 180 1316 179 1316 77 1316 77 1346 77 1365"/></Shape>
            <String CONTENT="dum ſit eis, ne dum pugnas ſequuntur uerborum, reli¬"
                    HPOS="77.0"
                    VPOS="1310.0"
                    WIDTH="785.0"
                    HEIGHT="64.0"
                    WC="0.9981772773540937"></String>
          </TextLine>
          <TextLine ID="line_24"
                    TAGREFS="LT8"
                    BASELINE="79 1393 258 1405 862 1397" 
                    HPOS="79.0"
                    VPOS="1358.0"
                    WIDTH="783.0"
                    HEIGHT="65.0">
            <Shape><Polygon POINTS="79 1414 145 1414 146 1414 157 1420 159 1420 160 1420 161 1420 180 1415 206 1423 207 1423 208 1423 209 1423 225 1416 262 1423 263 1423 379 1416 396 1422 397 1422 398 1422 463 1416 516 1422 517 1422 658 1413 695 1416 696 1416 697 1416 698 1416 705 1411 706 1411 720 1411 778 1413 795 1420 796 1420 797 1420 798 1420 818 1411 826 1416 827 1416 828 1416 829 1416 861 1410 862 1397 858 1358 801 1365 779 1360 778 1360 777 1360 751 1368 736 1362 735 1362 734 1362 733 1362 707 1370 672 1359 671 1359 670 1359 669 1359 640 1371 622 1365 621 1365 620 1365 582 1371 570 1362 569 1362 568 1362 533 1360 530 1360 529 1360 528 1360 527 1360 512 1373 450 1373 434 1362 433 1362 432 1362 431 1362 372 1374 237 1374 228 1366 227 1366 225 1366 224 1366 223 1366 191 1374 166 1364 165 1364 79 1364 79 1393 79 1414"/></Shape>
            <String CONTENT="ctis illis, ex quibus ædificari poſſent, tandem incipiãt"
                    HPOS="79.0"
                    VPOS="1358.0"
                    WIDTH="783.0"
                    HEIGHT="65.0"
                    ></String>
          </TextLine>
          <TextLine ID="line_25"
                    TAGREFS="LT8"
                    BASELINE="79 1443 282 1455 865 1446" 
                    HPOS="78.0"
                    VPOS="1409.0"
                    WIDTH="787.0"
                    HEIGHT="62.0">
            <Shape><Polygon POINTS="79 1443 79 1462 183 1462 184 1462 192 1469 193 1469 194 1469 195 1469 196 1469 211 1465 235 1471 236 1471 237 1471 292 1464 302 1470 303 1470 304 1470 391 1471 392 1471 480 1463 511 1469 512 1469 625 1463 652 1469 653 1469 654 1469 655 1469 676 1460 690 1468 691 1468 692 1468 693 1468 694 1468 726 1459 774 1468 775 1468 864 1457 865 1446 861 1409 823 1418 786 1409 785 1409 784 1409 783 1409 782 1409 781 1409 752 1418 714 1410 710 1409 709 1409 708 1409 705 1410 669 1419 636 1414 635 1414 585 1421 555 1417 554 1417 553 1417 552 1417 545 1422 517 1415 516 1415 515 1415 482 1423 406 1423 364 1412 363 1412 361 1412 360 1412 337 1424 280 1424 261 1413 260 1413 259 1413 258 1413 222 1420 196 1413 195 1413 194 1413 78 1413 79 1443"/></Shape>
            <String CONTENT="de ueritate ſacræ ſcripturæ dubitare. Et dũ umbram"
                    HPOS="78.0"
                    VPOS="1409.0"
                    WIDTH="787.0"
                    HEIGHT="62.0"
                    WC="0.9737992497051463"></String>
          </TextLine>
          <TextLine ID="line_26"
                    TAGREFS="LT8"
                    BASELINE="79 1498 360 1505 858 1493" 
                    HPOS="78.0"
                    VPOS="1456.0"
                    WIDTH="780.0"
                    HEIGHT="75.0">
            <Shape><Polygon POINTS="79 1498 79 1531 123 1531 124 1531 125 1531 137 1521 172 1519 202 1519 212 1526 213 1526 214 1526 215 1526 216 1526 237 1519 285 1525 286 1525 287 1525 305 1518 317 1526 317 1527 318 1527 319 1527 320 1527 334 1526 377 1522 385 1525 393 1528 394 1528 395 1529 451 1529 451 1528 523 1522 621 1526 622 1526 623 1526 640 1517 641 1517 642 1517 666 1525 667 1525 668 1525 669 1525 693 1516 696 1514 733 1514 739 1515 785 1523 786 1523 787 1523 816 1513 816 1512 858 1511 858 1493 857 1466 839 1458 838 1458 785 1456 784 1456 783 1456 759 1465 757 1466 754 1465 737 1462 736 1462 735 1462 734 1462 730 1465 720 1472 672 1472 655 1465 640 1459 639 1459 638 1459 612 1465 594 1469 587 1465 584 1462 583 1462 582 1462 581 1462 580 1462 571 1465 542 1475 496 1475 480 1473 467 1464 460 1459 459 1459 458 1459 457 1459 456 1459 443 1464 434 1468 411 1464 409 1464 408 1464 406 1464 405 1464 396 1472 265 1476 245 1470 244 1470 243 1470 242 1470 230 1477 221 1470 220 1470 219 1470 218 1470 193 1475 174 1463 173 1463 172 1463 78 1463 79 1498"/></Shape>
            <String CONTENT="ſequũtur, ut canis Acſopicus, ueritatẽ &amp; rem ipſam:"
                    HPOS="78.0"
                    VPOS="1456.0"
                    WIDTH="780.0"
                    HEIGHT="75.0"
                    ></String>
          </TextLine>
        </TextBlock>
        <TextBlock HPOS="795"
                   VPOS="164"
                   WIDTH="53"
                   HEIGHT="52"
                   ID="eSc_textblock_42da06af"
                   TAGREFS="BT15">
          <Shape><Polygon POINTS="795 164 795 216 848 216 848 164"/></Shape>
        </TextBlock>
      </PrintSpace>
    </Page>
  </Layout>
</alto>
