<?xml version="1.0" encoding="UTF-8"?>
<alto xmlns:xsi="http://www.w3.org/2001/XMLSchema-instance"
    xmlns="http://www.loc.gov/standards/alto/ns-v4#"
    xsi:schemaLocation="http://www.loc.gov/standards/alto/ns-v4# http://www.loc.gov/standards/alto/v4/alto-4-3.xsd">
    <Description>
        <MeasurementUnit>pixel</MeasurementUnit>
        <sourceImageInformation>
            <fileName>2013396.jpeg</fileName>
        </sourceImageInformation>
        <Processing ID="OCR_0">
            <processingCategory>other</processingCategory>
            <processingStepDescription>unknown</processingStepDescription>
            <processingSoftware>
                <softwareName>kraken</softwareName>
                <softwareVersion>4.3.13</softwareVersion>
            </processingSoftware>
        </Processing>
    </Description>
    <Tags>
        <OtherTag ID="TYPE_1" LABEL="DefaultLine"/>
        <OtherTag ID="TYPE_2" LABEL="TableZone"/>
        <OtherTag ID="TYPE_3" LABEL="MainZone-Other"/>
        <OtherTag ID="TYPE_4" LABEL="GraphicZone-FigDesc"/>
        <OtherTag ID="TYPE_5" LABEL="GraphicZone-Decoration"/>
        <OtherTag ID="TYPE_6" LABEL="GraphicZone-TextualContent"/>
        <OtherTag ID="TYPE_7" LABEL="DropCapitalZone"/>
        <OtherTag ID="TYPE_8" LABEL="MainZone-Sp"/>
        <OtherTag ID="TYPE_9" LABEL="MainZone-P"/>
        <OtherTag ID="TYPE_10" LABEL="MarginTextZone-Notes"/>
        <OtherTag ID="TYPE_11" LABEL="MainZone-Signature"/>
        <OtherTag ID="TYPE_12" LABEL="TitlePageZone-Index"/>
        <OtherTag ID="TYPE_13" LABEL="TableZone-Head"/>
        <OtherTag ID="TYPE_14" LABEL="NumberingZone"/>
        <OtherTag ID="TYPE_15" LABEL="GraphicZone-Part"/>
        <OtherTag ID="TYPE_16" LABEL="GraphicZone-Head"/>
        <OtherTag ID="TYPE_17" LABEL="FigureZone-FigDesc"/>
        <OtherTag ID="TYPE_18" LABEL="MainZone-P-Continued"/>
        <OtherTag ID="TYPE_19" LABEL="MainZone-List"/>
        <OtherTag ID="TYPE_20" LABEL="TitlePageZone"/>
        <OtherTag ID="TYPE_21" LABEL="GraphicZone-Maths"/>
        <OtherTag ID="TYPE_22" LABEL="FigureZone"/>
        <OtherTag ID="TYPE_23" LABEL="MainZone-Date"/>
        <OtherTag ID="TYPE_24" LABEL="GraphicZone"/>
        <OtherTag ID="TYPE_25" LABEL="AdvertisementZone"/>
        <OtherTag ID="TYPE_26" LABEL="MainZone-Lg"/>
        <OtherTag ID="TYPE_27" LABEL="QuireMarksZone"/>
        <OtherTag ID="TYPE_28" LABEL="TableZone-Continued"/>
        <OtherTag ID="TYPE_29" LABEL="MainZone-Form"/>
        <OtherTag ID="TYPE_30" LABEL="MainZone-Entry"/>
        <OtherTag ID="TYPE_31" LABEL="MarginTextZone-ManuscriptAddendum"/>
        <OtherTag ID="TYPE_32" LABEL="DigitizationArtefactZone"/>
        <OtherTag ID="TYPE_33" LABEL="MarginTextZone-Notes-Continued"/>
        <OtherTag ID="TYPE_34" LABEL="MainZone-Lg-Continued"/>
        <OtherTag ID="TYPE_35" LABEL="StampZone"/>
        <OtherTag ID="TYPE_36" LABEL="MainZone-Entry-Continued"/>
        <OtherTag ID="TYPE_37" LABEL="MainZone-List-Continued"/>
        <OtherTag ID="TYPE_38" LABEL="MainZone-Head"/>
        <OtherTag ID="TYPE_39" LABEL="MainZone-Sp-Continued"/>
        <OtherTag ID="TYPE_40" LABEL="RunningTitleZone"/>
        <OtherTag ID="TYPE_41" LABEL="FigureZone-Head"/>
        <OtherTag ID="TYPE_42" LABEL="StampZone-Sticker"/>
    </Tags>
    <Layout>
        <Page WIDTH="1000" HEIGHT="1448" PHYSICAL_IMG_NR="0" ID="page_0">
            <PrintSpace HPOS="0" VPOS="0" WIDTH="1000" HEIGHT="1448">
                <TextBlock ID="block_4" HPOS="467" VPOS="75" WIDTH="388" HEIGHT="35" TAGREFS="TYPE_40">
                    <Shape>
                        <Polygon POINTS="467.2410583496094 75.31190490722656 855.2843017578125 75.31190490722656 855.2843017578125 110.51319885253906 467.2410583496094 110.51319885253906 467.2410583496094 75.31190490722656"/>
                    </Shape>
                    <TextLine ID="line_0" HPOS="358" VPOS="80" WIDTH="497" HEIGHT="34" BASELINE="358 102 855 98" TAGREFS="TYPE_1">
                        <Shape>
                            <Polygon POINTS="744 94 736 94 728 94 720 94 711 94 703 94 695 94 687 94 679 94 671 94 663 94 655 94 647 94 639 94 631 94 623 94 615 94 607 94 599 94 591 94 583 94 575 94 567 94 559 94 551 94 543 94 534 94 526 94 518 94 510 94 502 94 494 94 486 94 478 94 470 94 462 94 454 94 446 94 438 94 430 94 422 94 414 94 406 94 398 94 390 94 382 94 374 94 366 94 358 94 358 102 358 114 407 113 407 113 408 113 408 112 415 106 446 106 469 113 470 113 471 113 472 113 497 106 502 110 503 110 504 110 505 110 543 106 563 111 563 111 564 111 565 111 580 106 601 112 603 112 604 112 604 112 608 111 624 108 704 111 729 111 730 111 731 111 734 111 755 104 769 104 776 110 776 111 777 111 777 111 778 111 854 109 855 98 853 80 769 80 769 80 768 80 764 82 744 90 744 94"/>
                        </Shape>
                        <String CONTENT=""/>
                    </TextLine>
</TextBlock>
                <TextBlock ID="block_2" HPOS="355" VPOS="116" WIDTH="579" HEIGHT="259" TAGREFS="TYPE_18">
                    <Shape>
                        <Polygon POINTS="355.2562255859375 116.35960388183594 934.0717163085938 116.35960388183594 934.0717163085938 375.21893310546875 355.2562255859375 375.21893310546875 355.2562255859375 116.35960388183594"/>
                    </Shape>
                    <TextLine ID="line_1" HPOS="354" VPOS="108" WIDTH="580" HEIGHT="47" BASELINE="355 140 934 136" TAGREFS="TYPE_1">
                        <Shape>
                            <Polygon POINTS="355 140 355 149 449 155 450 155 451 155 473 148 475 148 485 148 545 152 546 152 641 148 649 153 650 153 650 153 651 154 681 154 681 153 682 153 692 148 736 152 737 152 764 147 765 147 767 147 806 152 806 152 832 146 835 146 840 146 911 152 912 152 913 152 934 145 934 136 933 116 888 116 879 108 878 108 877 108 876 108 852 112 841 108 840 108 839 108 839 108 816 116 790 109 790 109 789 109 763 113 748 109 748 109 747 109 700 118 662 118 646 110 646 110 645 110 585 118 567 111 566 111 471 111 470 111 439 118 423 112 423 112 422 112 421 112 405 119 375 114 374 114 374 114 354 119 355 140"/>
                        </Shape>
                        <String CONTENT=""/>
                    </TextLine>

                    <TextLine ID="line_2" HPOS="353" VPOS="143" WIDTH="585" HEIGHT="46" BASELINE="353 173 938 169" TAGREFS="TYPE_1">
                        <Shape>
                            <Polygon POINTS="353 173 353 187 382 189 383 189 384 189 385 189 388 187 395 183 437 183 451 186 466 189 467 189 468 189 479 185 489 182 502 185 518 189 518 189 519 189 520 189 526 185 529 183 595 181 644 181 646 183 656 188 657 188 658 188 658 188 668 184 674 188 675 188 676 188 677 188 706 184 792 187 793 187 794 187 794 187 802 181 818 186 819 186 820 186 876 181 909 185 910 185 938 178 938 169 938 151 923 143 922 143 921 143 921 143 903 150 861 147 860 147 802 151 791 151 789 151 770 144 769 144 769 144 717 150 703 152 658 152 655 150 647 145 646 145 646 145 645 145 594 149 578 146 577 146 576 146 576 146 572 149 569 147 568 147 567 147 567 147 566 147 557 150 551 152 543 150 531 146 530 146 530 146 497 150 469 154 443 154 436 150 430 147 429 147 428 147 353 149 353 173"/>
                        </Shape>
                        <String CONTENT=""/>
                    </TextLine>

                    <TextLine ID="line_3" HPOS="353" VPOS="178" WIDTH="581" HEIGHT="43" BASELINE="353 205 934 202" TAGREFS="TYPE_1">
                        <Shape>
                            <Polygon POINTS="353 205 353 220 385 215 401 220 403 220 403 220 404 221 469 221 469 220 477 219 499 214 530 218 540 219 541 219 547 218 563 214 571 218 573 218 574 218 575 218 590 218 627 214 634 217 641 219 641 219 642 219 710 218 711 218 711 218 714 216 716 214 728 216 754 218 755 218 774 215 788 213 798 214 809 218 810 218 810 218 811 218 821 214 827 213 907 213 909 213 913 218 914 218 915 218 916 218 917 218 934 213 934 202 933 185 868 178 867 178 866 178 856 184 848 179 847 179 847 179 846 179 814 185 727 185 702 180 701 180 700 180 699 180 691 185 654 185 646 179 645 179 644 179 643 179 589 180 588 180 588 180 580 185 542 180 541 180 540 180 518 185 504 180 503 180 502 180 502 180 501 180 496 184 470 181 469 181 469 181 460 185 427 181 427 181 426 181 407 186 388 181 387 181 386 181 353 187 353 205"/>
                        </Shape>
                        <String CONTENT=""/>
                    </TextLine>

                    <TextLine ID="line_4" HPOS="353" VPOS="209" WIDTH="581" HEIGHT="41" BASELINE="353 238 934 234" TAGREFS="TYPE_1">
                        <Shape>
                            <Polygon POINTS="353 238 353 246 636 250 637 250 654 248 678 245 686 248 690 250 691 250 691 250 742 250 742 250 743 250 744 250 744 249 749 246 820 249 830 249 831 249 834 249 871 244 878 249 879 249 880 249 880 249 881 249 882 249 888 245 932 249 934 234 932 216 888 209 823 209 823 209 822 209 814 213 788 209 787 209 786 209 770 217 641 217 618 210 617 210 617 210 616 210 604 216 586 210 585 210 584 210 584 210 583 210 573 218 535 218 498 210 497 210 497 210 470 218 387 211 386 211 353 218 353 238"/>
                        </Shape>
                        <String CONTENT=""/>
                    </TextLine>

                    <TextLine ID="line_5" HPOS="353" VPOS="242" WIDTH="578" HEIGHT="41" BASELINE="354 269 931 267" TAGREFS="TYPE_1">
                        <Shape>
                            <Polygon POINTS="354 269 354 283 392 283 393 283 394 283 395 283 395 283 403 278 435 283 444 283 445 283 452 282 471 277 589 277 605 281 613 283 613 283 614 283 615 283 623 281 633 279 645 280 658 283 659 283 660 283 669 280 675 279 678 280 680 283 681 283 682 283 683 283 735 283 735 283 736 283 736 283 736 282 740 279 742 277 748 279 753 282 754 282 755 282 767 279 776 278 783 279 792 282 793 282 794 282 930 278 931 267 930 248 909 242 908 242 884 242 883 242 882 242 881 242 875 246 868 242 868 242 867 242 834 242 833 242 794 247 793 247 757 242 756 242 755 242 737 247 735 248 734 247 727 242 726 242 725 242 724 242 724 242 723 242 716 247 715 248 709 247 682 243 681 243 680 243 670 247 670 248 585 248 583 247 576 242 575 242 574 242 573 242 534 247 517 250 420 250 412 247 399 243 399 243 398 243 353 246 354 269"/>
                        </Shape>
                        <String CONTENT=""/>
                    </TextLine>

                    <TextLine ID="line_6" HPOS="353" VPOS="283" WIDTH="581" HEIGHT="32" BASELINE="353 302 934 300" TAGREFS="TYPE_1">
                        <Shape>
                            <Polygon POINTS="747 300 739 300 731 300 723 300 715 300 707 300 699 300 691 300 683 300 674 300 666 300 658 300 650 300 642 300 634 300 626 300 618 300 610 300 602 300 594 300 586 300 578 300 570 300 562 300 554 300 546 300 538 300 530 300 522 300 514 300 506 300 497 300 489 300 481 300 473 300 465 300 457 300 449 300 441 300 433 300 425 300 417 300 409 300 401 300 393 300 385 300 377 300 369 300 361 300 353 300 353 302 353 311 518 315 519 315 590 311 600 315 600 315 601 315 602 315 616 311 810 314 810 314 855 310 913 314 914 314 915 314 934 308 934 300 932 283 769 283 768 283 767 283 766 283 764 285 761 287 757 285 754 283 753 283 753 283 752 283 750 283 747 300"/>
                        </Shape>
                        <String CONTENT=""/>
                    </TextLine>

                    <TextLine ID="line_7" HPOS="356" VPOS="306" WIDTH="575" HEIGHT="46" BASELINE="357 334 931 332" TAGREFS="TYPE_1">
                        <Shape>
                            <Polygon POINTS="357 334 357 345 407 345 410 346 421 350 422 350 423 350 423 350 424 350 431 346 433 345 469 345 472 347 480 352 481 352 481 352 482 352 506 347 510 346 516 347 547 352 547 352 567 347 576 345 585 347 599 351 600 351 600 351 601 351 611 348 615 346 617 348 621 351 622 351 623 351 624 352 687 352 687 351 687 351 694 348 696 347 701 348 712 351 713 351 714 351 715 351 722 349 733 345 762 349 775 350 776 350 792 349 821 346 859 349 873 350 874 350 875 350 876 350 876 349 883 345 930 349 931 332 929 311 913 313 905 311 898 308 897 308 897 308 896 308 895 308 891 311 887 314 836 314 831 311 822 306 821 306 820 306 819 306 818 306 813 311 810 314 798 314 791 311 777 306 777 306 776 306 775 306 774 306 768 311 765 313 732 314 721 311 707 307 707 307 687 307 686 307 685 307 684 307 679 311 676 314 664 311 646 307 576 307 575 307 574 307 573 307 567 312 563 314 554 312 539 308 538 308 518 308 517 308 516 308 515 308 510 312 505 316 443 316 438 312 432 308 432 308 431 308 430 308 429 308 417 312 415 312 413 312 400 308 399 308 399 308 356 312 357 334"/>
                        </Shape>
                        <String CONTENT=""/>
                    </TextLine>

                    <TextLine ID="line_8" HPOS="355" VPOS="340" WIDTH="87" HEIGHT="37" BASELINE="356 366 442 365" TAGREFS="TYPE_1">
                        <Shape>
                            <Polygon POINTS="356 366 356 376 440 377 442 365 440 345 408 340 407 340 407 340 406 340 402 343 395 347 374 347 355 341 356 366"/>
                        </Shape>
                        <String CONTENT=""/>
                    </TextLine>
</TextBlock>
                <TextBlock ID="block_0" HPOS="350" VPOS="374" WIDTH="583" HEIGHT="820" TAGREFS="TYPE_9">
                    <Shape>
                        <Polygon POINTS="350.379638671875 374.7135925292969 933.6890869140625 374.7135925292969 933.6890869140625 1194.1392822265625 350.379638671875 1194.1392822265625 350.379638671875 374.7135925292969"/>
                    </Shape>
                    <TextLine ID="line_9" HPOS="386" VPOS="371" WIDTH="544" HEIGHT="40" BASELINE="387 399 930 397" TAGREFS="TYPE_1">
                        <Shape>
                            <Polygon POINTS="387 399 387 410 929 411 930 397 929 376 839 371 838 371 837 371 826 376 823 378 759 378 758 376 753 372 753 371 752 371 751 371 724 371 723 371 722 371 721 371 715 376 713 378 613 378 611 377 604 372 604 372 603 372 602 372 551 377 539 378 507 378 506 377 500 372 499 372 498 372 497 372 433 377 424 378 420 378 391 372 390 372 390 372 389 372 389 373 386 374 387 399"/>
                        </Shape>
                        <String CONTENT=""/>
                    </TextLine>

                    <TextLine ID="line_10" HPOS="353" VPOS="406" WIDTH="579" HEIGHT="39" BASELINE="353 431 932 429" TAGREFS="TYPE_1">
                        <Shape>
                            <Polygon POINTS="353 431 353 440 367 445 368 445 369 445 412 440 417 440 433 440 633 445 633 445 634 445 635 445 642 440 644 440 691 440 693 440 700 444 701 444 702 444 740 440 743 440 744 440 763 444 764 444 765 445 910 445 910 444 911 444 932 439 932 429 930 411 763 406 762 406 719 410 713 406 712 406 711 406 711 406 710 406 700 410 572 407 572 407 571 407 570 407 564 411 358 407 358 407 357 407 356 407 353 408 353 431"/>
                        </Shape>
                        <String CONTENT=""/>
                    </TextLine>

                    <TextLine ID="line_11" HPOS="353" VPOS="438" WIDTH="580" HEIGHT="40" BASELINE="353 463 933 463" TAGREFS="TYPE_1">
                        <Shape>
                            <Polygon POINTS="353 463 353 474 932 478 933 463 932 440 793 442 779 440 757 438 756 438 722 441 707 442 697 441 674 438 674 438 673 438 672 438 669 441 667 443 596 443 592 441 579 438 578 438 577 438 544 442 539 442 535 442 519 438 518 438 518 438 509 442 508 442 503 442 467 438 466 438 465 438 457 442 453 442 403 438 403 438 353 442 353 463"/>
                        </Shape>
                        <String CONTENT=""/>
                    </TextLine>

                    <TextLine ID="line_12" HPOS="355" VPOS="473" WIDTH="576" HEIGHT="37" BASELINE="356 494 931 497" TAGREFS="TYPE_1">
                        <Shape>
                            <Polygon POINTS="356 494 355 504 377 509 378 509 542 505 555 510 555 510 556 510 719 506 740 510 740 510 930 506 931 497 930 473 356 473 356 494"/>
                        </Shape>
                        <String CONTENT=""/>
                    </TextLine>

                    <TextLine ID="line_13" HPOS="354" VPOS="503" WIDTH="577" HEIGHT="35" BASELINE="354 527 931 527" TAGREFS="TYPE_1">
                        <Shape>
                            <Polygon POINTS="354 527 354 538 931 538 931 527 931 508 838 503 837 503 836 503 835 503 828 508 686 508 646 503 645 503 614 507 585 503 584 503 584 503 583 503 577 508 524 508 484 503 483 503 463 507 447 503 446 503 445 503 399 507 372 503 371 503 370 503 354 507 354 527"/>
                        </Shape>
                        <String CONTENT=""/>
                    </TextLine>

                    <TextLine ID="line_14" HPOS="353" VPOS="534" WIDTH="577" HEIGHT="41" BASELINE="353 561 930 561" TAGREFS="TYPE_1">
                        <Shape>
                            <Polygon POINTS="353 561 353 571 930 575 930 561 930 540 893 535 893 535 874 539 873 539 864 534 863 534 862 534 861 534 843 539 842 539 840 539 826 534 825 534 824 534 787 539 781 540 761 540 760 538 755 534 754 534 753 534 753 534 752 534 736 538 734 539 732 538 722 534 721 534 720 534 687 538 676 539 667 538 643 534 596 534 595 534 594 534 593 534 588 538 587 538 579 538 552 534 499 534 498 534 497 534 497 534 493 537 492 538 489 537 485 535 485 535 484 535 483 535 482 535 481 537 477 539 353 537 353 561"/>
                        </Shape>
                        <String CONTENT=""/>
                    </TextLine>

                    <TextLine ID="line_15" HPOS="354" VPOS="568" WIDTH="575" HEIGHT="38" BASELINE="355 590 929 592" TAGREFS="TYPE_1">
                        <Shape>
                            <Polygon POINTS="355 590 354 600 372 605 373 605 374 605 432 601 438 605 439 605 440 605 440 605 613 602 652 606 653 606 734 602 744 606 744 606 745 606 888 602 897 606 898 606 899 606 928 601 929 592 927 568 355 569 355 590"/>
                        </Shape>
                        <String CONTENT=""/>
                    </TextLine>

                    <TextLine ID="line_16" HPOS="352" VPOS="596" WIDTH="580" HEIGHT="43" BASELINE="353 625 932 623" TAGREFS="TYPE_1">
                        <Shape>
                            <Polygon POINTS="353 625 353 635 430 635 431 635 435 639 436 639 436 639 437 639 460 635 469 634 482 636 514 639 514 639 515 639 527 636 534 634 559 636 596 639 597 639 598 639 599 639 602 637 605 634 625 634 633 637 640 639 641 639 641 639 653 637 666 633 670 637 672 638 673 638 674 638 674 638 675 638 679 637 687 633 692 637 692 637 693 637 694 637 695 638 753 638 753 637 753 637 754 637 764 633 778 637 779 637 780 637 781 637 781 637 786 633 818 638 823 638 824 638 825 638 826 638 831 633 839 638 840 638 841 638 842 639 931 639 932 623 930 599 913 596 913 596 912 596 907 598 899 601 885 598 879 597 878 597 877 597 873 598 862 602 855 598 851 596 851 596 850 596 838 598 814 602 809 598 807 596 806 596 806 596 805 596 791 598 761 602 741 598 733 596 732 596 718 598 683 602 674 598 670 596 670 596 669 596 658 598 623 603 592 597 588 597 587 597 586 597 585 597 576 603 510 599 510 599 483 603 433 597 432 597 431 597 430 597 420 603 415 598 415 598 414 598 394 597 390 597 390 597 389 597 388 597 381 603 374 597 373 597 372 597 352 597 353 625"/>
                        </Shape>
                        <String CONTENT=""/>
                    </TextLine>

                    <TextLine ID="line_17" HPOS="351" VPOS="631" WIDTH="580" HEIGHT="39" BASELINE="352 658 931 656" TAGREFS="TYPE_1">
                        <Shape>
                            <Polygon POINTS="352 658 352 669 930 670 931 656 929 636 876 636 874 635 868 631 868 631 867 631 866 631 865 631 852 635 848 637 795 637 790 635 777 631 776 631 775 631 719 634 701 635 691 634 664 631 663 631 662 631 651 634 639 637 606 633 584 632 583 632 567 633 541 637 531 633 530 633 529 633 528 633 527 633 526 633 518 637 480 633 473 633 473 633 472 633 470 633 457 637 444 633 440 632 439 632 438 632 437 632 436 632 436 633 429 637 417 633 415 632 414 632 413 632 405 633 378 636 351 633 352 658"/>
                        </Shape>
                        <String CONTENT=""/>
                    </TextLine>

                    <TextLine ID="line_18" HPOS="350" VPOS="662" WIDTH="582" HEIGHT="44" BASELINE="351 690 932 687" TAGREFS="TYPE_1">
                        <Shape>
                            <Polygon POINTS="351 690 351 703 382 700 386 703 388 705 389 705 390 705 390 706 422 706 422 705 423 705 427 703 436 700 477 700 483 703 485 705 486 705 487 705 488 705 489 705 493 703 497 701 522 703 543 705 544 705 545 705 551 703 566 699 613 699 620 703 621 704 621 704 622 704 623 705 665 705 665 704 666 704 669 703 682 699 724 703 733 704 734 704 740 703 766 699 863 699 930 703 932 687 930 663 859 667 837 663 830 662 829 662 823 663 802 667 785 663 779 662 778 662 777 662 767 663 736 667 729 663 729 662 728 662 728 662 727 662 726 662 725 663 717 666 687 663 681 662 680 662 679 662 679 663 669 668 647 663 646 663 608 668 585 663 582 662 581 662 574 663 516 669 494 663 493 663 442 663 441 663 440 663 421 669 413 663 412 663 411 663 350 663 351 690"/>
                        </Shape>
                        <String CONTENT=""/>
                    </TextLine>

                    <TextLine ID="line_19" HPOS="350" VPOS="696" WIDTH="582" HEIGHT="40" BASELINE="351 723 932 721" TAGREFS="TYPE_1">
                        <Shape>
                            <Polygon POINTS="351 723 351 733 485 731 506 734 512 735 513 735 514 735 517 734 530 731 543 734 552 736 553 736 554 736 555 736 563 734 572 732 579 734 580 735 581 735 582 735 591 734 629 731 635 734 637 736 638 736 639 736 640 736 650 735 667 731 687 735 694 736 695 736 702 735 726 730 744 735 748 736 748 736 749 736 750 736 754 735 773 730 799 735 805 736 806 736 932 735 932 721 930 703 901 703 897 702 881 697 880 697 880 697 879 697 878 697 872 702 870 703 847 703 845 702 839 696 838 696 837 696 810 696 809 696 808 696 807 696 801 701 798 703 777 703 773 701 768 696 767 696 766 696 746 696 745 696 744 696 736 700 732 703 716 703 708 700 696 696 695 696 695 696 694 696 682 700 674 703 664 700 650 696 649 696 648 696 647 696 646 696 646 697 642 700 638 703 586 703 577 699 573 698 572 698 572 698 563 699 539 703 519 699 514 698 513 698 512 698 511 698 510 699 503 704 486 704 477 699 473 697 473 697 434 697 433 697 432 697 432 697 431 698 423 704 397 704 389 698 388 697 387 697 386 697 386 697 350 697 351 723"/>
                        </Shape>
                        <String CONTENT=""/>
                    </TextLine>

                    <TextLine ID="line_20" HPOS="356" VPOS="728" WIDTH="574" HEIGHT="37" BASELINE="357 756 930 753" TAGREFS="TYPE_1">
                        <Shape>
                            <Polygon POINTS="357 756 357 764 928 765 930 753 928 735 908 730 907 730 906 730 905 730 899 735 782 735 761 728 761 728 760 728 759 728 758 728 751 734 716 729 715 729 714 729 713 729 706 735 704 735 686 729 685 729 649 729 648 729 647 729 636 735 635 735 634 735 621 729 620 729 619 729 537 733 521 730 520 730 519 730 508 735 505 736 498 735 475 730 474 730 473 730 460 735 459 735 458 735 452 730 452 730 451 730 450 730 356 734 357 756"/>
                        </Shape>
                        <String CONTENT=""/>
                    </TextLine>

                    <TextLine ID="line_21" HPOS="351" VPOS="761" WIDTH="578" HEIGHT="37" BASELINE="352 786 929 788" TAGREFS="TYPE_1">
                        <Shape>
                            <Polygon POINTS="352 786 351 793 418 798 419 798 441 794 480 798 481 798 481 798 498 794 499 794 501 794 544 798 545 798 928 797 929 788 928 767 874 761 873 761 872 761 858 766 853 768 847 766 828 762 827 762 827 762 826 762 821 766 818 769 695 769 691 766 685 761 684 761 683 761 660 761 659 761 658 761 658 761 651 766 641 761 640 761 639 761 638 761 628 766 625 768 592 768 590 766 576 761 575 761 547 761 546 761 545 761 534 766 532 767 528 766 512 762 511 762 510 762 489 766 484 767 482 766 473 761 473 761 472 761 471 761 424 765 403 761 403 761 402 761 383 765 374 761 373 761 372 761 371 761 352 765 352 786"/>
                        </Shape>
                        <String CONTENT=""/>
                    </TextLine>

                    <TextLine ID="line_22" HPOS="353" VPOS="792" WIDTH="577" HEIGHT="40" BASELINE="353 818 930 819" TAGREFS="TYPE_1">
                        <Shape>
                            <Polygon POINTS="353 818 353 830 436 827 485 830 511 831 512 831 513 831 519 830 533 826 553 830 566 831 567 831 600 829 629 827 633 829 641 832 641 832 642 832 643 832 654 829 660 827 672 829 694 831 695 831 707 828 713 827 717 828 728 832 729 832 730 832 731 832 732 832 736 828 738 827 740 828 748 831 748 831 749 831 800 828 811 827 814 827 827 832 827 832 828 832 829 832 841 827 843 827 846 827 883 832 884 832 929 826 930 819 929 801 886 801 886 800 868 793 868 793 867 793 866 793 852 800 840 795 839 795 839 795 838 795 822 800 808 793 807 793 806 793 806 793 805 793 796 800 795 801 743 801 742 800 734 793 733 793 732 793 699 793 698 793 697 793 696 793 686 800 684 801 668 801 666 800 641 792 640 792 596 792 595 792 594 792 593 792 585 798 555 792 555 792 554 792 553 792 543 799 543 800 479 800 478 799 461 792 460 792 460 792 439 796 382 792 382 792 353 798 353 818"/>
                        </Shape>
                        <String CONTENT=""/>
                    </TextLine>

                    <TextLine ID="line_23" HPOS="350" VPOS="824" WIDTH="580" HEIGHT="41" BASELINE="351 852 930 850" TAGREFS="TYPE_1">
                        <Shape>
                            <Polygon POINTS="351 852 351 865 376 859 404 864 405 864 406 864 416 859 451 864 452 864 453 864 457 864 546 859 600 859 606 863 607 863 608 863 609 863 609 863 614 863 635 859 666 863 678 863 679 863 709 862 769 859 929 859 930 850 929 832 834 832 813 826 812 826 811 826 763 830 746 824 745 824 744 824 744 824 716 832 715 832 714 832 700 825 699 825 699 825 698 825 682 830 655 825 654 825 654 825 653 825 645 832 635 825 634 825 633 825 633 825 558 832 542 834 526 834 522 832 513 826 512 826 511 826 510 826 510 826 494 832 491 834 476 834 474 832 467 826 466 826 465 826 381 826 380 826 350 831 351 852"/>
                        </Shape>
                        <String CONTENT=""/>
                    </TextLine>

                    <TextLine ID="line_24" HPOS="349" VPOS="856" WIDTH="581" HEIGHT="43" BASELINE="350 884 930 886" TAGREFS="TYPE_1">
                        <Shape>
                            <Polygon POINTS="350 884 349 896 370 897 371 897 372 897 373 897 374 896 382 892 409 896 410 896 460 892 484 896 489 896 490 896 505 896 555 892 570 895 580 897 581 897 582 897 587 895 594 892 614 892 631 895 652 898 653 898 654 898 654 898 659 894 662 892 672 894 695 898 695 898 728 894 750 898 751 899 805 899 805 898 806 898 806 898 810 894 816 898 817 898 818 898 818 898 819 898 837 894 880 898 880 898 881 898 893 892 893 892 930 892 930 886 930 857 880 857 880 857 879 857 878 857 872 862 860 857 858 857 857 857 856 857 855 857 854 857 838 864 742 864 736 859 734 857 733 857 732 857 732 857 731 857 730 857 728 859 720 864 693 864 687 859 685 857 684 857 683 857 683 857 668 859 661 860 655 859 640 856 639 856 638 856 629 859 620 863 614 859 607 856 606 856 605 856 604 856 594 860 586 863 530 863 520 861 502 857 502 857 501 857 493 861 489 863 440 863 438 862 427 856 426 856 425 856 390 862 389 862 378 856 377 856 376 856 350 862 350 884"/>
                        </Shape>
                        <String CONTENT=""/>
                    </TextLine>

                    <TextLine ID="line_25" HPOS="349" VPOS="888" WIDTH="581" HEIGHT="37" BASELINE="349 917 930 915" TAGREFS="TYPE_1">
                        <Shape>
                            <Polygon POINTS="349 917 349 925 930 923 930 915 928 893 709 896 706 894 693 888 692 888 670 888 669 888 668 888 649 894 585 889 584 889 584 889 583 889 575 895 559 889 558 889 557 889 498 893 477 889 477 889 476 889 467 893 448 889 447 889 446 889 445 889 434 896 432 896 386 889 385 889 349 896 349 917"/>
                        </Shape>
                        <String CONTENT=""/>
                    </TextLine>

                    <TextLine ID="line_26" HPOS="349" VPOS="923" WIDTH="581" HEIGHT="39" BASELINE="349 948 930 948" TAGREFS="TYPE_1">
                        <Shape>
                            <Polygon POINTS="349 948 349 957 477 957 480 958 486 962 487 962 488 962 489 962 489 962 502 958 506 957 509 958 520 962 521 962 522 962 522 962 534 958 535 958 536 958 541 962 542 962 543 962 543 962 544 962 556 958 557 958 559 958 572 961 572 961 573 961 574 961 576 958 579 957 590 958 611 962 612 962 638 959 659 957 929 962 930 948 929 925 824 929 811 925 806 923 806 923 805 923 797 925 781 928 754 925 743 923 742 923 741 923 738 925 727 929 630 929 592 924 586 923 585 923 584 923 584 923 584 924 577 929 547 929 534 923 532 923 531 923 530 923 530 923 529 923 529 924 522 929 421 929 412 923 411 923 411 923 349 923 349 948"/>
                        </Shape>
                        <String CONTENT=""/>
                    </TextLine>

                    <TextLine ID="line_27" HPOS="348" VPOS="955" WIDTH="582" HEIGHT="36" BASELINE="349 981 930 979" TAGREFS="TYPE_1">
                        <Shape>
                            <Polygon POINTS="349 981 349 990 928 991 930 979 928 962 815 962 768 955 767 955 717 961 704 955 703 955 703 955 702 955 701 955 691 962 670 962 655 955 654 955 654 955 626 962 613 956 612 956 611 956 563 962 542 956 541 956 540 956 539 956 523 962 511 956 510 956 510 956 438 961 431 956 430 956 429 956 428 956 401 960 373 956 372 956 371 956 348 962 349 981"/>
                        </Shape>
                        <String CONTENT=""/>
                    </TextLine>

                    <TextLine ID="line_28" HPOS="348" VPOS="987" WIDTH="582" HEIGHT="41" BASELINE="348 1012 930 1012" TAGREFS="TYPE_1">
                        <Shape>
                            <Polygon POINTS="348 1012 348 1022 461 1022 465 1023 481 1027 481 1027 482 1028 557 1028 557 1027 558 1027 559 1027 563 1024 565 1022 573 1024 592 1027 593 1027 617 1024 632 1022 648 1024 667 1027 668 1027 695 1024 724 1022 735 1024 742 1027 743 1027 744 1027 744 1027 751 1025 761 1022 771 1025 777 1027 777 1027 778 1027 801 1025 835 1023 839 1026 840 1027 841 1027 842 1027 843 1027 853 1026 877 1023 930 1026 930 1012 930 992 913 987 912 987 911 987 910 987 889 992 707 987 706 987 705 987 704 987 699 993 665 993 631 987 630 987 629 987 629 987 621 993 594 993 560 987 559 987 559 987 558 987 550 992 504 988 503 988 472 992 451 987 450 987 449 987 448 987 433 992 410 987 409 987 408 987 407 987 401 992 374 988 373 988 348 992 348 1012"/>
                        </Shape>
                        <String CONTENT=""/>
                    </TextLine>

                    <TextLine ID="line_29" HPOS="347" VPOS="1020" WIDTH="585" HEIGHT="38" BASELINE="347 1045 932 1045" TAGREFS="TYPE_1">
                        <Shape>
                            <Polygon POINTS="347 1045 347 1058 932 1057 932 1045 932 1025 915 1020 914 1020 913 1020 888 1026 829 1026 788 1026 788 1025 775 1020 774 1020 707 1020 706 1020 705 1020 695 1025 695 1026 666 1026 666 1025 659 1020 658 1020 658 1020 657 1020 618 1025 616 1026 599 1026 599 1025 593 1020 592 1020 592 1020 591 1020 563 1025 561 1025 559 1025 540 1020 539 1020 539 1020 512 1025 510 1025 500 1025 409 1021 408 1021 381 1025 378 1025 377 1025 367 1020 366 1020 366 1020 347 1024 347 1045"/>
                        </Shape>
                        <String CONTENT=""/>
                    </TextLine>

                    <TextLine ID="line_30" HPOS="348" VPOS="1050" WIDTH="582" HEIGHT="38" BASELINE="348 1076 930 1078" TAGREFS="TYPE_1">
                        <Shape>
                            <Polygon POINTS="348 1076 348 1088 930 1088 930 1078 930 1056 833 1052 832 1052 831 1052 822 1056 815 1058 758 1058 753 1056 744 1052 743 1052 742 1052 741 1052 727 1056 721 1057 654 1057 649 1056 633 1051 633 1051 632 1051 631 1051 630 1051 625 1056 622 1057 577 1057 574 1056 566 1051 565 1051 564 1051 543 1055 530 1050 529 1050 528 1050 527 1050 514 1056 513 1056 512 1056 506 1050 505 1050 504 1050 485 1050 484 1050 483 1050 482 1050 476 1056 474 1057 437 1057 436 1056 430 1050 429 1050 428 1050 407 1050 407 1050 406 1050 405 1050 397 1056 395 1056 348 1056 348 1076"/>
                        </Shape>
                        <String CONTENT=""/>
                    </TextLine>

                    <TextLine ID="line_31" HPOS="346" VPOS="1083" WIDTH="584" HEIGHT="40" BASELINE="347 1109 930 1110" TAGREFS="TYPE_1">
                        <Shape>
                            <Polygon POINTS="347 1109 346 1120 928 1123 930 1110 929 1090 888 1084 888 1084 843 1085 843 1085 834 1090 833 1090 831 1090 815 1085 814 1085 814 1085 782 1089 777 1090 775 1089 766 1084 765 1084 765 1084 744 1089 740 1090 736 1089 721 1084 720 1084 720 1084 719 1084 703 1089 699 1090 696 1089 687 1084 686 1084 685 1084 650 1088 642 1089 641 1088 634 1083 633 1083 633 1083 632 1083 631 1083 617 1088 613 1089 608 1088 589 1084 588 1084 567 1087 559 1089 557 1087 552 1084 552 1083 551 1083 551 1083 550 1083 530 1087 521 1090 499 1090 494 1087 487 1083 486 1083 462 1083 461 1083 460 1083 460 1083 455 1086 451 1089 347 1086 347 1109"/>
                        </Shape>
                        <String CONTENT=""/>
                    </TextLine>

                    <TextLine ID="line_32" HPOS="346" VPOS="1114" WIDTH="589" HEIGHT="42" BASELINE="347 1141 935 1143" TAGREFS="TYPE_1">
                        <Shape>
                            <Polygon POINTS="347 1141 346 1150 374 1155 374 1156 414 1156 414 1155 415 1155 415 1155 420 1151 604 1155 604 1155 624 1153 640 1151 658 1154 680 1156 681 1156 732 1155 790 1152 934 1156 935 1143 934 1123 901 1123 901 1122 886 1115 885 1115 884 1115 884 1115 858 1122 839 1115 839 1115 838 1115 736 1122 728 1122 725 1122 695 1115 694 1115 693 1115 683 1121 641 1114 640 1114 639 1114 638 1114 633 1119 623 1114 622 1114 621 1114 583 1120 572 1114 571 1114 544 1114 543 1114 516 1121 515 1121 514 1121 491 1114 490 1114 489 1114 489 1114 470 1121 463 1114 462 1114 461 1114 432 1114 431 1114 430 1114 414 1121 412 1121 347 1121 347 1141"/>
                        </Shape>
                        <String CONTENT=""/>
                    </TextLine>

                    <TextLine ID="line_33" HPOS="349" VPOS="1147" WIDTH="579" HEIGHT="50" BASELINE="350 1173 928 1175" TAGREFS="TYPE_1">
                        <Shape>
                            <Polygon POINTS="350 1173 349 1186 371 1188 380 1196 381 1196 382 1196 382 1197 419 1197 419 1196 420 1196 421 1196 428 1189 453 1188 493 1193 494 1193 495 1193 509 1188 534 1196 534 1196 535 1196 536 1196 565 1188 596 1196 639 1197 640 1197 671 1197 671 1197 672 1197 701 1188 725 1196 726 1196 727 1196 728 1196 748 1188 764 1197 765 1197 765 1197 802 1191 827 1195 827 1195 828 1195 829 1195 839 1188 842 1188 869 1192 870 1192 871 1192 872 1192 876 1188 877 1188 926 1188 928 1175 927 1154 842 1148 841 1148 840 1148 839 1148 834 1152 831 1154 806 1154 800 1152 784 1148 783 1148 757 1151 743 1153 732 1151 719 1148 718 1148 717 1148 710 1151 703 1153 683 1151 665 1148 664 1148 654 1150 641 1153 636 1150 633 1147 632 1147 631 1147 630 1147 619 1150 605 1153 529 1153 511 1148 506 1147 505 1147 496 1148 456 1152 447 1147 446 1147 445 1147 444 1147 444 1147 443 1147 429 1152 418 1147 417 1147 416 1147 415 1147 378 1152 350 1147 350 1173"/>
                        </Shape>
                        <String CONTENT=""/>
                    </TextLine>
</TextBlock>
                <TextBlock ID="block_3" HPOS="841" VPOS="1185" WIDTH="88" HEIGHT="38" TAGREFS="TYPE_27">
                    <Shape>
                        <Polygon POINTS="841.394287109375 1185.90771484375 929.8114624023438 1185.90771484375 929.8114624023438 1223.2474365234375 841.394287109375 1223.2474365234375 841.394287109375 1185.90771484375"/>
                    </Shape>
                    <TextLine ID="line_34" HPOS="839" VPOS="1182" WIDTH="89" HEIGHT="39" BASELINE="839 1209 928 1207" TAGREFS="TYPE_1">
                        <Shape>
                            <Polygon POINTS="839 1209 839 1220 926 1221 928 1207 927 1187 910 1182 909 1182 909 1182 890 1185 881 1187 839 1184 839 1209"/>
                        </Shape>
                        <String CONTENT=""/>
                    </TextLine>
</TextBlock>
            </PrintSpace>
        </Page>
    </Layout>
</alto>