<?xml version="1.0" encoding="UTF-8"?>
<alto xmlns:xsi="http://www.w3.org/2001/XMLSchema-instance"
    xmlns="http://www.loc.gov/standards/alto/ns-v4#"
    xsi:schemaLocation="http://www.loc.gov/standards/alto/ns-v4# http://www.loc.gov/standards/alto/v4/alto-4-3.xsd">
    <Description>
        <MeasurementUnit>pixel</MeasurementUnit>
        <sourceImageInformation>
            <fileName>2013392.jpeg</fileName>
        </sourceImageInformation>
        <Processing ID="OCR_0">
            <processingCategory>other</processingCategory>
            <processingStepDescription>unknown</processingStepDescription>
            <processingSoftware>
                <softwareName>kraken</softwareName>
                <softwareVersion>4.3.13</softwareVersion>
            </processingSoftware>
        </Processing>
    </Description>
    <Tags>
        <OtherTag ID="TYPE_1" LABEL="DefaultLine"/>
        <OtherTag ID="TYPE_2" LABEL="TableZone"/>
        <OtherTag ID="TYPE_3" LABEL="MainZone-Other"/>
        <OtherTag ID="TYPE_4" LABEL="GraphicZone-FigDesc"/>
        <OtherTag ID="TYPE_5" LABEL="GraphicZone-Decoration"/>
        <OtherTag ID="TYPE_6" LABEL="GraphicZone-TextualContent"/>
        <OtherTag ID="TYPE_7" LABEL="DropCapitalZone"/>
        <OtherTag ID="TYPE_8" LABEL="MainZone-Sp"/>
        <OtherTag ID="TYPE_9" LABEL="MainZone-P"/>
        <OtherTag ID="TYPE_10" LABEL="MarginTextZone-Notes"/>
        <OtherTag ID="TYPE_11" LABEL="MainZone-Signature"/>
        <OtherTag ID="TYPE_12" LABEL="TitlePageZone-Index"/>
        <OtherTag ID="TYPE_13" LABEL="TableZone-Head"/>
        <OtherTag ID="TYPE_14" LABEL="NumberingZone"/>
        <OtherTag ID="TYPE_15" LABEL="GraphicZone-Part"/>
        <OtherTag ID="TYPE_16" LABEL="GraphicZone-Head"/>
        <OtherTag ID="TYPE_17" LABEL="FigureZone-FigDesc"/>
        <OtherTag ID="TYPE_18" LABEL="MainZone-P-Continued"/>
        <OtherTag ID="TYPE_19" LABEL="MainZone-List"/>
        <OtherTag ID="TYPE_20" LABEL="TitlePageZone"/>
        <OtherTag ID="TYPE_21" LABEL="GraphicZone-Maths"/>
        <OtherTag ID="TYPE_22" LABEL="FigureZone"/>
        <OtherTag ID="TYPE_23" LABEL="MainZone-Date"/>
        <OtherTag ID="TYPE_24" LABEL="GraphicZone"/>
        <OtherTag ID="TYPE_25" LABEL="AdvertisementZone"/>
        <OtherTag ID="TYPE_26" LABEL="MainZone-Lg"/>
        <OtherTag ID="TYPE_27" LABEL="QuireMarksZone"/>
        <OtherTag ID="TYPE_28" LABEL="TableZone-Continued"/>
        <OtherTag ID="TYPE_29" LABEL="MainZone-Form"/>
        <OtherTag ID="TYPE_30" LABEL="MainZone-Entry"/>
        <OtherTag ID="TYPE_31" LABEL="MarginTextZone-ManuscriptAddendum"/>
        <OtherTag ID="TYPE_32" LABEL="DigitizationArtefactZone"/>
        <OtherTag ID="TYPE_33" LABEL="MarginTextZone-Notes-Continued"/>
        <OtherTag ID="TYPE_34" LABEL="MainZone-Lg-Continued"/>
        <OtherTag ID="TYPE_35" LABEL="StampZone"/>
        <OtherTag ID="TYPE_36" LABEL="MainZone-Entry-Continued"/>
        <OtherTag ID="TYPE_37" LABEL="MainZone-List-Continued"/>
        <OtherTag ID="TYPE_38" LABEL="MainZone-Head"/>
        <OtherTag ID="TYPE_39" LABEL="MainZone-Sp-Continued"/>
        <OtherTag ID="TYPE_40" LABEL="RunningTitleZone"/>
        <OtherTag ID="TYPE_41" LABEL="FigureZone-Head"/>
        <OtherTag ID="TYPE_42" LABEL="StampZone-Sticker"/>
    </Tags>
    <Layout>
        <Page WIDTH="1000" HEIGHT="1448" PHYSICAL_IMG_NR="0" ID="page_0">
            <PrintSpace HPOS="0" VPOS="0" WIDTH="1000" HEIGHT="1448">
                <TextBlock ID="block_1" HPOS="380" VPOS="68" WIDTH="53" HEIGHT="37" TAGREFS="TYPE_14">
                    <Shape>
                        <Polygon POINTS="380.5855407714844 68.99610900878906 433.0082092285156 68.99610900878906 433.0082092285156 105.6500473022461 380.5855407714844 105.6500473022461 380.5855407714844 68.99610900878906"/>
                    </Shape>
                    <TextLine ID="line_0" HPOS="381" VPOS="87" WIDTH="71" HEIGHT="20" BASELINE="381 94 452 94" TAGREFS="TYPE_1">
                        <Shape>
                            <Polygon POINTS="445 87 437 87 429 87 421 87 413 87 405 87 397 87 389 87 381 87 381 94 381 101 388 107 389 107 390 107 390 107 452 100 452 94 452 87 445 87"/>
                        </Shape>
                        <String CONTENT=""/>
                    </TextLine>
</TextBlock>
                <TextBlock ID="block_5" HPOS="492" VPOS="70" WIDTH="362" HEIGHT="37" TAGREFS="TYPE_40">
                    <Shape>
                        <Polygon POINTS="492.4507751464844 70.51925659179688 854.9366455078125 70.51925659179688 854.9366455078125 107.0469741821289 492.4507751464844 107.0469741821289 492.4507751464844 70.51925659179688"/>
                    </Shape>
                    <TextLine ID="line_1" HPOS="481" VPOS="75" WIDTH="376" HEIGHT="35" BASELINE="482 94 857 98" TAGREFS="TYPE_1">
                        <Shape>
                            <Polygon POINTS="756 87 748 87 740 87 732 87 724 87 716 87 707 87 699 87 691 87 683 87 675 87 667 87 659 87 651 87 643 87 635 87 627 87 619 87 611 87 603 87 595 87 587 87 579 87 571 87 563 87 555 87 547 87 539 87 530 87 522 87 514 87 506 87 498 87 490 87 482 87 482 94 481 101 493 107 493 107 494 107 534 102 576 108 576 108 577 108 578 108 587 102 612 108 613 108 658 102 680 109 681 109 682 109 757 103 762 103 765 103 784 107 785 107 802 104 813 110 814 110 814 110 856 104 857 98 857 75 769 75 769 75 768 75 767 75 765 77 756 81 756 87"/>
                        </Shape>
                        <String CONTENT=""/>
                    </TextLine>
</TextBlock>
                <TextBlock ID="block_2" HPOS="372" VPOS="108" WIDTH="574" HEIGHT="616" TAGREFS="TYPE_18">
                    <Shape>
                        <Polygon POINTS="372.9737243652344 108.97103118896484 946.4978637695312 108.97103118896484 946.4978637695312 724.89501953125 372.9737243652344 724.89501953125 372.9737243652344 108.97103118896484"/>
                    </Shape>
                    <TextLine ID="line_2" HPOS="377" VPOS="100" WIDTH="569" HEIGHT="49" BASELINE="377 129 946 136" TAGREFS="TYPE_1">
                        <Shape>
                            <Polygon POINTS="377 129 377 141 410 137 433 142 440 143 441 143 477 142 563 139 570 142 573 143 574 143 575 143 584 142 599 139 633 142 654 143 655 143 666 142 679 140 688 142 704 146 705 147 726 147 726 146 727 146 728 146 732 142 733 141 738 142 757 147 757 147 849 143 852 143 863 148 864 148 864 148 888 143 904 148 905 148 905 149 934 149 934 148 935 148 945 143 946 136 946 111 932 106 931 106 930 106 908 111 901 112 897 111 883 106 882 106 815 105 814 105 814 105 799 111 791 113 777 110 754 106 753 106 753 106 742 110 736 113 720 113 717 110 713 106 712 106 711 106 711 106 710 106 701 110 693 112 683 110 661 103 660 103 659 103 658 103 658 103 650 110 647 112 631 112 626 109 618 105 617 105 617 105 616 105 615 105 609 109 606 111 598 109 581 106 580 106 580 106 572 109 567 111 566 109 559 102 559 102 558 102 557 102 556 102 533 106 517 102 516 102 515 102 504 108 503 109 502 108 488 104 487 104 486 104 485 104 477 108 475 110 445 110 444 108 432 100 432 100 431 100 430 100 377 107 377 129"/>
                        </Shape>
                        <String CONTENT=""/>
                    </TextLine>

                    <TextLine ID="line_3" HPOS="374" VPOS="137" WIDTH="572" HEIGHT="43" BASELINE="374 162 946 168" TAGREFS="TYPE_1">
                        <Shape>
                            <Polygon POINTS="374 162 374 169 390 175 391 175 392 175 418 170 421 170 425 171 448 174 448 174 449 174 450 174 453 171 454 170 455 171 460 175 461 175 462 175 463 175 464 175 471 172 473 171 502 171 504 172 510 176 510 176 511 176 512 176 563 173 592 172 639 174 686 177 687 177 687 177 691 176 698 172 704 176 709 178 710 178 711 178 724 176 742 173 750 176 754 178 755 178 828 179 829 179 835 178 857 174 944 180 946 168 946 149 932 149 931 148 922 141 921 141 921 141 920 141 887 148 882 148 866 148 865 148 858 141 858 140 857 140 856 140 855 140 836 141 835 141 835 141 835 142 829 147 828 148 794 148 792 146 783 139 782 139 781 139 781 139 756 145 755 145 729 139 728 139 728 139 711 144 702 147 676 147 673 143 668 139 667 139 666 139 666 139 642 143 625 146 621 143 617 139 617 138 616 138 615 138 561 138 560 138 559 138 559 138 555 142 549 145 502 145 493 140 486 137 485 137 485 137 484 137 477 140 467 144 374 139 374 162"/>
                        </Shape>
                        <String CONTENT=""/>
                    </TextLine>

                    <TextLine ID="line_4" HPOS="374" VPOS="168" WIDTH="572" HEIGHT="40" BASELINE="375 195 946 200" TAGREFS="TYPE_1">
                        <Shape>
                            <Polygon POINTS="375 195 374 202 385 207 386 207 386 207 415 204 470 208 471 208 945 207 946 200 945 181 923 181 922 180 915 174 914 174 913 174 913 174 912 174 911 174 904 180 903 180 895 180 886 180 872 172 871 172 870 172 869 172 868 172 857 180 856 180 845 174 844 174 843 174 843 174 842 174 835 179 810 175 809 175 773 179 768 179 765 179 740 171 740 171 696 171 695 171 695 171 694 171 686 178 685 179 671 179 670 178 652 170 651 170 650 170 650 170 627 177 617 170 616 170 615 170 557 169 556 169 526 171 525 171 524 171 524 172 518 176 518 177 473 177 472 176 464 169 464 168 463 168 462 168 461 168 430 170 429 170 419 176 418 176 375 176 375 195"/>
                        </Shape>
                        <String CONTENT=""/>
                    </TextLine>

                    <TextLine ID="line_5" HPOS="374" VPOS="203" WIDTH="572" HEIGHT="41" BASELINE="374 226 946 232" TAGREFS="TYPE_1">
                        <Shape>
                            <Polygon POINTS="374 226 374 234 454 234 460 236 475 240 476 240 477 240 520 237 537 235 543 237 555 241 555 241 556 241 580 237 588 236 590 238 594 241 595 241 596 241 596 241 628 238 631 238 632 238 640 242 641 242 641 242 663 238 740 242 741 242 742 242 750 239 754 238 778 238 782 239 790 243 790 243 791 243 792 243 806 240 813 238 828 240 865 244 866 244 946 241 946 232 946 209 906 207 905 207 905 207 904 207 903 208 896 213 863 207 853 206 852 206 851 206 847 207 832 212 812 207 808 206 807 206 802 207 783 210 774 206 771 205 770 205 769 205 769 205 768 205 766 206 759 211 707 211 703 208 703 207 702 207 701 207 700 207 673 210 651 205 646 205 646 205 645 205 642 205 629 210 592 205 583 204 582 204 581 204 580 204 580 205 572 210 538 210 501 204 493 203 493 203 487 204 457 209 374 203 374 226"/>
                        </Shape>
                        <String CONTENT=""/>
                    </TextLine>

                    <TextLine ID="line_6" HPOS="373" VPOS="234" WIDTH="572" HEIGHT="44" BASELINE="374 259 945 265" TAGREFS="TYPE_1">
                        <Shape>
                            <Polygon POINTS="374 259 373 267 390 272 390 272 391 272 440 268 444 268 446 268 472 273 473 273 506 270 513 269 518 270 541 274 542 274 573 271 586 270 600 271 625 275 626 275 627 275 637 272 643 271 680 273 731 276 732 276 761 275 798 272 813 275 819 277 820 277 821 277 847 276 905 274 915 278 916 278 917 278 917 278 918 278 919 278 926 274 942 278 945 265 944 243 928 239 927 239 926 239 925 239 925 240 921 242 919 246 897 246 888 242 874 238 873 238 872 238 872 238 860 242 855 244 849 242 839 238 839 238 838 238 837 238 824 242 818 244 810 242 798 238 797 238 768 238 767 238 766 238 759 242 756 243 732 242 695 238 695 238 694 238 687 241 685 242 682 241 673 237 672 237 641 236 641 236 606 241 596 242 585 240 551 235 551 235 529 240 528 240 527 240 517 234 516 234 515 234 456 239 445 240 442 239 426 234 425 234 424 234 374 238 374 259"/>
                        </Shape>
                        <String CONTENT=""/>
                    </TextLine>

                    <TextLine ID="line_7" HPOS="374" VPOS="265" WIDTH="569" HEIGHT="46" BASELINE="374 291 943 297" TAGREFS="TYPE_1">
                        <Shape>
                            <Polygon POINTS="374 291 374 297 404 303 405 303 406 303 414 299 557 304 558 304 572 301 578 300 583 302 602 308 603 308 604 308 626 308 626 308 627 308 637 303 641 301 645 303 658 308 659 308 660 308 713 304 715 304 718 304 772 309 773 309 773 309 786 306 797 303 823 306 850 310 851 311 919 311 919 310 920 310 921 310 922 308 926 305 942 308 943 297 942 278 915 273 914 273 884 276 877 277 874 276 860 271 859 271 858 271 857 271 842 275 839 276 834 275 816 272 815 272 765 274 730 275 718 273 692 268 691 268 691 268 682 273 679 274 669 272 636 267 635 267 634 267 622 271 615 274 605 271 588 267 588 267 587 267 586 267 577 271 572 273 566 271 556 267 555 267 529 267 528 267 527 267 526 267 522 270 515 273 492 273 488 269 484 266 483 266 482 266 444 265 444 265 443 265 442 265 437 268 432 271 423 268 416 265 415 265 415 265 374 267 374 291"/>
                        </Shape>
                        <String CONTENT=""/>
                    </TextLine>

                    <TextLine ID="line_8" HPOS="371" VPOS="297" WIDTH="575" HEIGHT="44" BASELINE="372 324 946 330" TAGREFS="TYPE_1">
                        <Shape>
                            <Polygon POINTS="372 324 371 330 384 336 385 336 386 336 440 332 443 332 444 332 463 337 464 337 465 337 502 333 508 333 509 333 514 337 514 337 515 337 516 337 600 335 632 334 641 336 660 339 661 339 741 337 817 337 944 341 946 330 945 303 875 309 849 304 848 304 806 308 798 302 798 302 798 301 797 301 796 301 795 301 794 301 791 302 776 308 725 302 713 301 712 301 711 301 711 301 710 302 701 308 661 308 635 302 621 300 620 300 601 302 578 305 550 302 514 298 514 298 513 298 497 302 488 304 481 302 470 298 469 298 469 298 436 302 435 302 434 302 428 297 427 297 427 297 382 297 382 297 381 297 372 300 372 324"/>
                        </Shape>
                        <String CONTENT=""/>
                    </TextLine>

                    <TextLine ID="line_9" HPOS="372" VPOS="329" WIDTH="573" HEIGHT="45" BASELINE="373 354 945 361" TAGREFS="TYPE_1">
                        <Shape>
                            <Polygon POINTS="373 354 372 364 406 368 407 368 426 365 432 364 434 365 444 370 444 370 445 370 446 370 459 365 460 365 464 365 491 370 492 370 493 370 505 366 508 365 541 365 542 366 551 370 552 370 553 370 582 366 587 366 589 366 603 371 604 371 604 371 629 368 659 372 660 372 680 368 734 373 735 373 814 370 827 374 828 374 829 374 830 374 846 370 889 374 890 374 944 369 945 361 944 342 882 342 880 341 860 333 859 333 858 333 857 333 843 341 843 341 826 341 825 341 817 333 816 333 815 333 802 333 801 333 769 337 722 332 721 332 720 332 696 339 695 339 693 339 679 332 678 332 677 332 676 332 664 338 662 339 658 338 621 331 602 331 601 331 600 331 600 331 592 337 591 338 560 338 559 337 548 330 547 330 547 330 546 330 497 335 485 329 485 329 484 329 437 334 430 329 429 329 428 329 397 329 396 329 395 329 395 329 385 335 383 336 373 335 373 354"/>
                        </Shape>
                        <String CONTENT=""/>
                    </TextLine>

                    <TextLine ID="line_10" HPOS="372" VPOS="363" WIDTH="572" HEIGHT="45" BASELINE="372 388 944 394" TAGREFS="TYPE_1">
                        <Shape>
                            <Polygon POINTS="372 388 372 403 444 398 455 402 456 402 456 402 457 402 471 399 478 404 479 404 480 404 481 404 487 404 533 401 553 405 556 405 557 405 558 405 559 405 576 399 612 405 617 406 618 406 619 406 621 405 636 400 664 405 665 405 691 402 699 406 701 407 702 407 703 407 703 407 704 407 704 406 711 403 728 407 731 407 732 407 732 407 733 407 740 403 773 407 781 407 781 407 782 407 785 407 803 403 841 407 843 407 844 407 845 407 846 407 865 403 892 408 895 408 896 408 899 408 926 403 942 408 944 394 944 375 931 368 930 368 930 368 913 368 912 368 911 368 910 368 901 375 859 367 847 367 847 367 846 367 845 367 837 374 819 367 818 367 818 367 786 374 785 374 677 374 675 374 624 366 623 366 564 372 563 372 562 372 553 365 552 365 551 365 535 364 534 364 534 364 514 370 477 367 476 367 475 367 460 371 459 371 458 371 447 363 446 363 445 363 444 363 372 370 372 388"/>
                        </Shape>
                        <String CONTENT=""/>
                    </TextLine>

                    <TextLine ID="line_11" HPOS="370" VPOS="398" WIDTH="573" HEIGHT="42" BASELINE="371 420 943 425" TAGREFS="TYPE_1">
                        <Shape>
                            <Polygon POINTS="371 420 370 428 395 436 396 436 397 436 398 436 415 430 462 430 469 436 469 436 469 436 470 436 471 436 472 436 491 431 530 436 531 436 556 431 608 437 609 437 652 434 696 438 697 438 698 438 707 434 824 439 825 439 826 439 844 434 894 440 895 440 942 433 943 425 942 407 911 408 905 406 897 402 896 402 895 402 894 402 893 402 888 406 882 410 861 410 854 405 847 401 846 401 845 401 844 401 843 401 843 401 836 405 830 408 691 404 690 404 674 407 661 403 650 399 649 399 648 399 647 399 646 399 641 403 636 406 625 403 621 402 620 402 619 402 614 403 596 407 576 402 561 399 514 399 514 399 513 399 506 401 497 404 489 401 482 399 481 399 481 399 480 399 475 401 470 403 465 401 456 398 456 398 455 398 371 399 371 420"/>
                        </Shape>
                        <String CONTENT=""/>
                    </TextLine>

                    <TextLine ID="line_12" HPOS="370" VPOS="427" WIDTH="572" HEIGHT="44" BASELINE="371 452 942 459" TAGREFS="TYPE_1">
                        <Shape>
                            <Polygon POINTS="371 452 370 460 384 465 385 465 386 465 386 465 397 461 477 461 477 462 483 466 484 466 485 466 485 466 561 463 563 463 563 463 585 468 586 468 646 464 646 464 658 468 659 468 660 468 766 465 799 470 800 470 839 466 845 470 846 470 847 470 847 470 888 467 928 471 929 471 930 471 941 466 942 459 941 433 923 433 922 433 921 433 921 433 913 440 893 433 893 433 892 433 891 433 872 440 799 440 785 433 783 432 782 432 781 432 773 433 728 438 712 433 705 431 704 431 703 431 686 433 656 437 643 437 639 433 636 431 636 430 635 430 634 430 633 430 633 430 625 433 620 435 613 433 604 431 603 431 602 431 601 431 596 433 588 436 576 433 570 431 569 431 534 431 534 431 533 431 532 431 530 433 527 436 524 433 514 428 514 428 513 428 512 428 499 433 485 428 485 428 484 428 483 428 471 433 467 435 463 433 453 430 452 430 452 430 451 430 450 430 444 433 443 434 442 433 436 428 436 427 436 427 435 427 434 427 371 433 371 452"/>
                        </Shape>
                        <String CONTENT=""/>
                    </TextLine>

                    <TextLine ID="line_13" HPOS="370" VPOS="459" WIDTH="572" HEIGHT="42" BASELINE="371 485 942 492" TAGREFS="TYPE_1">
                        <Shape>
                            <Polygon POINTS="371 485 370 493 435 499 941 501 942 492 942 473 918 466 917 466 917 466 916 466 893 473 892 473 798 473 798 472 788 464 787 464 786 464 786 464 785 464 758 472 757 472 756 471 744 463 744 463 743 463 742 463 741 463 725 471 724 471 707 463 707 463 706 463 705 463 693 468 687 464 687 464 686 464 685 464 684 464 668 468 646 462 646 462 645 462 644 462 643 462 634 469 633 470 577 470 576 468 555 460 554 460 522 460 522 460 521 460 520 460 508 468 507 468 500 468 434 459 387 459 386 459 386 459 371 465 371 485"/>
                        </Shape>
                        <String CONTENT=""/>
                    </TextLine>

                    <TextLine ID="line_14" HPOS="370" VPOS="494" WIDTH="571" HEIGHT="42" BASELINE="370 517 941 522" TAGREFS="TYPE_1">
                        <Shape>
                            <Polygon POINTS="370 517 370 525 395 531 395 531 396 531 407 528 427 532 428 532 429 532 452 526 539 534 539 534 647 530 673 534 752 535 753 535 753 535 767 530 768 530 769 530 794 534 795 534 865 531 918 536 919 536 940 531 941 522 941 505 918 498 917 498 917 498 916 498 905 504 905 505 871 505 869 503 861 497 860 497 860 497 859 497 858 497 837 503 835 503 831 503 794 497 793 497 792 497 781 502 777 503 684 502 683 501 677 496 676 496 675 496 674 496 674 496 656 501 654 501 650 500 615 495 614 495 613 495 598 499 567 495 567 495 566 495 565 495 559 499 555 501 535 501 533 498 526 494 526 494 525 494 524 494 523 494 510 498 509 498 508 498 494 494 493 494 493 494 370 496 370 517"/>
                        </Shape>
                        <String CONTENT=""/>
                    </TextLine>

                    <TextLine ID="line_15" HPOS="368" VPOS="525" WIDTH="574" HEIGHT="43" BASELINE="369 549 942 556" TAGREFS="TYPE_1">
                        <Shape>
                            <Polygon POINTS="369 549 368 557 380 562 381 562 382 562 522 560 558 560 941 568 942 556 942 538 823 537 823 536 814 530 814 530 813 530 812 530 811 530 798 535 798 536 751 536 718 535 716 534 710 529 709 529 708 529 707 529 707 529 693 534 692 534 679 528 678 528 677 528 641 533 630 534 626 532 614 527 613 527 613 527 576 531 563 533 557 531 544 526 543 526 543 526 524 530 517 532 509 530 493 526 492 526 491 526 444 529 441 529 431 525 430 525 429 525 428 525 427 525 423 529 420 530 416 529 407 525 407 525 406 525 369 527 369 549"/>
                        </Shape>
                        <String CONTENT=""/>
                    </TextLine>

                    <TextLine ID="line_16" HPOS="370" VPOS="567" WIDTH="570" HEIGHT="34" BASELINE="370 581 940 588" TAGREFS="TYPE_1">
                        <Shape>
                            <Polygon POINTS="757 580 748 582 740 582 732 582 724 582 716 582 708 582 700 582 692 582 684 582 676 582 668 582 660 582 652 582 644 582 636 582 628 582 620 582 612 582 604 582 596 582 588 582 580 582 572 582 563 582 555 582 547 582 539 582 531 582 523 582 515 582 506 582 498 582 490 582 482 582 474 582 466 582 458 582 450 582 442 582 435 580 427 580 419 580 411 580 403 580 395 580 386 580 378 580 370 580 370 581 370 590 387 596 388 596 389 596 426 592 433 591 439 592 461 596 462 596 488 592 496 592 498 593 506 597 507 597 508 597 544 594 559 592 564 594 574 598 575 598 576 598 591 595 598 593 612 595 637 599 638 599 687 596 730 595 938 601 940 588 940 572 934 568 933 568 932 568 931 568 879 572 870 568 869 568 783 567 782 567 764 567 763 567 762 567 760 568 757 580"/>
                        </Shape>
                        <String CONTENT=""/>
                    </TextLine>

                    <TextLine ID="line_17" HPOS="366" VPOS="589" WIDTH="576" HEIGHT="44" BASELINE="367 613 942 620" TAGREFS="TYPE_1">
                        <Shape>
                            <Polygon POINTS="367 613 366 620 379 625 380 625 381 625 419 621 438 628 439 628 440 628 492 622 506 622 512 628 512 629 513 629 514 629 514 629 561 628 562 628 575 623 576 623 578 623 617 629 617 629 618 629 637 624 637 624 639 624 659 630 660 630 661 630 711 625 832 632 833 632 855 627 860 626 864 627 889 633 890 633 942 628 942 620 942 598 800 599 788 596 772 593 771 593 770 593 769 593 766 596 764 599 728 599 708 596 678 592 677 592 676 592 662 596 655 597 629 596 567 591 566 591 525 595 513 596 511 595 502 590 502 590 501 590 471 594 466 595 462 594 440 589 439 589 367 593 367 613"/>
                        </Shape>
                        <String CONTENT=""/>
                    </TextLine>

                    <TextLine ID="line_18" HPOS="367" VPOS="621" WIDTH="574" HEIGHT="46" BASELINE="368 645 941 653" TAGREFS="TYPE_1">
                        <Shape>
                            <Polygon POINTS="368 645 367 654 392 661 393 661 394 661 422 655 423 655 425 655 460 662 460 662 461 662 462 662 468 658 517 662 518 662 543 658 552 657 563 658 588 663 589 663 609 660 622 658 650 661 686 665 687 665 687 665 695 662 701 659 734 659 781 659 787 664 789 666 790 666 790 666 791 666 792 666 798 664 813 660 844 666 852 666 939 667 941 653 941 634 929 628 928 628 927 628 901 633 857 629 856 629 823 632 815 633 810 632 784 625 783 625 757 631 749 632 726 632 724 630 719 625 719 625 718 625 717 625 716 625 694 629 687 631 664 629 633 626 633 626 614 628 600 629 596 628 588 624 588 624 587 624 571 627 567 628 562 627 541 623 540 623 493 625 456 628 446 625 432 621 432 621 406 621 405 621 404 621 403 621 399 624 396 627 392 624 388 621 387 621 386 621 386 621 368 623 368 645"/>
                        </Shape>
                        <String CONTENT=""/>
                    </TextLine>

                    <TextLine ID="line_19" HPOS="366" VPOS="652" WIDTH="574" HEIGHT="47" BASELINE="366 678 940 684" TAGREFS="TYPE_1">
                        <Shape>
                            <Polygon POINTS="366 678 366 686 382 687 388 693 388 694 389 694 390 694 390 694 391 694 411 688 412 688 413 688 448 694 449 694 470 689 473 689 473 690 483 695 484 695 485 695 531 695 531 695 532 695 540 691 543 690 576 691 662 697 662 697 663 697 664 697 669 694 671 692 686 694 696 695 697 695 704 695 724 691 728 695 730 697 730 698 731 698 732 698 732 698 753 695 786 692 797 697 798 697 799 697 800 697 805 697 839 693 853 698 855 699 856 699 938 699 940 684 940 666 844 665 842 663 835 658 835 658 834 658 833 658 811 662 802 664 798 662 787 657 786 657 786 657 756 661 743 662 737 661 726 656 725 656 724 656 724 656 713 660 705 662 625 662 618 658 617 657 617 657 616 657 581 654 580 654 562 656 520 661 508 655 505 654 504 654 503 654 502 654 502 654 501 654 493 661 480 661 366 652 366 678"/>
                        </Shape>
                        <String CONTENT=""/>
                    </TextLine>

                    <TextLine ID="line_20" HPOS="365" VPOS="683" WIDTH="157" HEIGHT="47" BASELINE="366 710 522 712" TAGREFS="TYPE_1">
                        <Shape>
                            <Polygon POINTS="365 724 393 728 394 728 395 728 404 724 412 720 443 720 445 723 451 728 451 729 452 729 452 729 484 730 485 730 485 730 486 730 498 722 499 722 522 722 522 712 522 693 508 688 507 688 506 688 483 691 472 692 469 690 465 686 465 685 465 685 464 685 463 685 462 685 454 689 447 693 423 693 411 686 407 684 407 684 406 684 405 684 400 686 383 690 366 683 366 710 365 724"/>
                        </Shape>
                        <String CONTENT=""/>
                    </TextLine>
</TextBlock>
                <TextBlock ID="block_0" HPOS="364" VPOS="723" WIDTH="576" HEIGHT="457" TAGREFS="TYPE_9">
                    <Shape>
                        <Polygon POINTS="364.4971618652344 723.0770874023438 940.4310302734375 723.0770874023438 940.4310302734375 1180.348876953125 364.4971618652344 1180.348876953125 364.4971618652344 723.0770874023438"/>
                    </Shape>
                    <TextLine ID="line_21" HPOS="399" VPOS="716" WIDTH="541" HEIGHT="48" BASELINE="399 744 940 749" TAGREFS="TYPE_1">
                        <Shape>
                            <Polygon POINTS="399 744 399 757 785 757 794 757 863 763 864 764 933 764 933 763 934 763 934 763 939 758 940 749 938 721 919 728 864 728 840 728 833 721 833 720 832 720 831 720 810 720 809 720 808 720 807 720 795 728 779 720 777 719 777 719 776 719 766 719 723 723 692 719 683 719 683 719 682 719 681 719 680 719 668 727 649 727 634 719 632 718 631 718 630 718 629 718 626 719 611 726 555 726 518 719 514 718 494 718 493 718 493 718 492 718 481 724 452 724 444 718 443 716 442 716 441 716 440 716 440 716 439 716 437 718 427 724 399 718 399 744"/>
                        </Shape>
                        <String CONTENT=""/>
                    </TextLine>

                    <TextLine ID="line_22" HPOS="366" VPOS="754" WIDTH="574" HEIGHT="42" BASELINE="366 775 940 782" TAGREFS="TYPE_1">
                        <Shape>
                            <Polygon POINTS="366 775 366 783 449 786 455 791 456 791 456 791 457 791 484 788 493 792 493 792 494 792 532 786 534 786 535 786 558 791 559 791 598 788 621 793 621 793 622 793 645 788 647 788 748 788 764 790 812 796 813 796 939 793 940 782 940 761 366 754 366 775"/>
                        </Shape>
                        <String CONTENT=""/>
                    </TextLine>

                    <TextLine ID="line_23" HPOS="365" VPOS="784" WIDTH="573" HEIGHT="44" BASELINE="365 807 938 814" TAGREFS="TYPE_1">
                        <Shape>
                            <Polygon POINTS="365 807 365 821 463 818 472 822 474 822 475 822 476 822 477 822 479 822 486 818 492 822 494 823 495 823 496 823 497 823 505 822 520 818 572 822 596 823 597 823 598 823 601 822 607 819 614 822 620 824 621 824 621 824 641 822 660 820 664 822 668 825 669 825 670 825 720 826 721 826 722 826 736 822 743 821 761 822 810 827 811 827 868 822 874 822 875 822 885 828 886 828 887 828 938 822 938 814 938 796 910 789 909 789 885 794 866 789 865 789 864 789 864 789 855 794 853 795 818 795 814 793 794 788 793 788 792 788 764 793 757 793 686 793 679 791 661 786 660 786 659 786 636 790 628 792 625 790 618 787 617 787 617 787 592 789 580 791 577 789 572 785 572 785 571 785 570 785 569 785 555 789 553 789 549 789 525 785 524 785 523 785 522 785 517 789 514 790 495 788 473 785 472 785 471 785 463 788 456 789 454 787 450 785 450 784 449 784 448 784 448 784 365 785 365 807"/>
                        </Shape>
                        <String CONTENT=""/>
                    </TextLine>

                    <TextLine ID="line_24" HPOS="366" VPOS="814" WIDTH="573" HEIGHT="45" BASELINE="367 839 939 846" TAGREFS="TYPE_1">
                        <Shape>
                            <Polygon POINTS="367 839 366 847 379 853 380 853 381 853 413 848 503 855 504 855 610 851 622 855 623 855 624 855 669 851 684 857 685 857 686 858 733 858 733 857 734 857 744 852 763 858 764 858 853 859 854 859 855 859 866 855 897 859 898 859 899 859 900 859 909 855 938 855 939 846 939 828 920 828 920 827 913 822 913 821 912 821 911 821 910 821 888 826 876 820 876 820 875 820 823 826 811 826 765 826 762 824 749 818 748 818 748 818 747 818 736 824 734 826 713 826 711 823 707 820 707 820 706 820 705 820 704 820 692 823 685 825 665 825 662 822 657 818 656 818 655 818 654 818 654 818 641 822 636 824 631 822 620 817 619 817 618 817 588 818 588 818 587 818 584 821 581 823 573 821 555 816 554 816 553 816 552 816 551 816 544 821 540 823 506 823 501 820 495 815 494 815 493 815 493 815 461 819 445 821 427 818 399 814 399 814 367 817 367 839"/>
                        </Shape>
                        <String CONTENT=""/>
                    </TextLine>

                    <TextLine ID="line_25" HPOS="362" VPOS="848" WIDTH="576" HEIGHT="47" BASELINE="363 872 938 879" TAGREFS="TYPE_1">
                        <Shape>
                            <Polygon POINTS="363 872 362 881 399 886 400 886 429 883 434 883 435 883 447 889 448 889 448 889 485 884 492 884 510 885 570 890 571 890 572 890 572 890 576 886 580 884 604 887 620 888 621 888 629 888 650 885 656 888 664 892 665 892 666 892 682 888 695 886 710 889 722 892 723 892 724 892 784 892 785 892 786 892 786 891 790 888 798 892 801 892 802 892 802 892 818 892 854 890 867 893 873 894 874 894 875 894 876 894 876 893 884 888 904 888 910 893 910 894 911 894 912 894 913 895 937 895 938 879 938 860 913 854 912 854 911 854 893 857 853 853 852 853 851 853 839 859 839 859 785 859 784 858 777 852 777 852 776 852 775 852 774 852 760 857 757 859 725 859 650 858 643 855 633 851 633 851 632 851 603 854 578 856 523 856 514 851 506 849 506 849 505 849 483 851 450 855 440 851 435 848 434 848 433 848 363 848 363 872"/>
                        </Shape>
                        <String CONTENT=""/>
                    </TextLine>

                    <TextLine ID="line_26" HPOS="364" VPOS="882" WIDTH="574" HEIGHT="42" BASELINE="364 905 938 909" TAGREFS="TYPE_1">
                        <Shape>
                            <Polygon POINTS="364 905 364 918 386 914 400 918 403 919 403 919 404 919 417 918 465 915 473 918 477 920 477 920 478 920 556 918 650 916 666 917 694 921 695 921 724 917 732 917 740 917 767 922 768 922 884 918 895 923 896 923 897 924 930 924 930 923 931 923 932 923 937 918 938 909 937 892 909 886 909 886 885 891 884 891 817 891 817 890 806 885 805 885 804 885 687 889 676 889 674 889 650 884 650 884 649 884 630 888 630 889 587 889 586 888 580 884 580 884 579 884 578 884 577 884 561 888 559 888 518 888 517 888 495 883 494 883 464 888 460 888 458 888 448 882 447 882 446 882 364 886 364 905"/>
                        </Shape>
                        <String CONTENT=""/>
                    </TextLine>

                    <TextLine ID="line_27" HPOS="362" VPOS="913" WIDTH="576" HEIGHT="44" BASELINE="362 937 938 943" TAGREFS="TYPE_1">
                        <Shape>
                            <Polygon POINTS="362 937 362 945 382 951 382 951 383 951 384 951 395 946 406 946 432 946 469 946 469 947 476 952 477 952 477 952 478 952 500 948 505 947 506 948 510 951 510 952 510 952 511 952 512 952 547 949 552 949 557 949 588 954 588 954 589 954 590 954 594 950 596 949 633 949 658 951 687 954 687 954 700 952 716 950 723 953 729 955 730 955 731 955 732 955 739 953 748 950 760 954 767 955 768 955 769 955 791 954 842 951 860 955 867 957 868 957 868 957 872 956 886 952 936 957 938 943 938 923 925 918 924 918 923 918 922 918 921 918 915 922 866 918 865 918 864 918 864 918 856 923 855 923 839 919 839 919 838 919 812 922 806 923 799 922 766 917 765 917 765 917 748 921 745 922 658 922 656 921 645 915 644 915 643 915 588 920 579 921 576 920 556 914 555 914 555 914 517 919 512 920 510 919 499 913 498 913 497 913 464 919 461 919 459 919 435 913 434 913 433 913 362 917 362 937"/>
                        </Shape>
                        <String CONTENT=""/>
                    </TextLine>

                    <TextLine ID="line_28" HPOS="362" VPOS="946" WIDTH="573" HEIGHT="44" BASELINE="363 969 935 976" TAGREFS="TYPE_1">
                        <Shape>
                            <Polygon POINTS="363 969 362 976 395 981 395 981 421 978 424 978 425 978 436 983 436 983 437 983 474 979 481 979 490 979 524 983 525 983 526 983 526 983 530 980 532 979 545 981 577 984 578 984 597 982 611 980 616 983 623 986 624 986 625 986 625 986 634 983 637 982 673 983 744 987 745 987 786 986 861 983 869 988 872 989 872 989 873 990 934 990 935 976 934 954 363 946 363 969"/>
                        </Shape>
                        <String CONTENT=""/>
                    </TextLine>

                    <TextLine ID="line_29" HPOS="361" VPOS="976" WIDTH="575" HEIGHT="45" BASELINE="361 1000 936 1006" TAGREFS="TYPE_1">
                        <Shape>
                            <Polygon POINTS="361 1000 361 1014 448 1011 453 1015 459 1017 460 1017 460 1017 484 1015 510 1011 546 1015 586 1018 587 1018 588 1018 598 1015 607 1012 624 1015 652 1019 653 1019 654 1019 666 1015 671 1013 674 1015 679 1017 680 1017 681 1017 701 1015 704 1015 711 1020 712 1020 713 1020 714 1020 777 1019 778 1019 786 1015 786 1015 788 1015 808 1020 809 1020 810 1020 827 1016 832 1020 833 1020 834 1020 835 1020 867 1017 872 1021 872 1021 873 1021 874 1021 935 1015 936 1006 936 988 916 982 915 982 884 981 884 981 883 981 882 981 876 986 849 980 848 980 847 980 829 986 696 986 686 979 685 979 684 979 683 979 683 979 664 984 641 979 641 979 640 979 639 979 632 984 559 984 518 977 517 977 460 983 438 976 437 976 436 976 369 977 368 977 367 977 361 980 361 1000"/>
                        </Shape>
                        <String CONTENT=""/>
                    </TextLine>

                    <TextLine ID="line_30" HPOS="362" VPOS="1008" WIDTH="575" HEIGHT="46" BASELINE="362 1034 937 1040" TAGREFS="TYPE_1">
                        <Shape>
                            <Polygon POINTS="362 1034 362 1048 393 1042 406 1048 407 1048 407 1048 434 1042 553 1043 582 1051 585 1051 586 1051 593 1051 659 1045 738 1053 744 1053 745 1053 746 1053 747 1053 754 1046 769 1053 770 1053 771 1053 772 1053 795 1047 803 1053 804 1053 805 1053 806 1053 808 1053 832 1048 838 1053 839 1053 839 1053 856 1053 878 1054 879 1054 880 1054 880 1054 889 1050 935 1054 937 1040 936 1020 794 1012 793 1012 792 1012 777 1018 774 1020 724 1020 721 1018 712 1011 711 1011 711 1011 710 1011 709 1011 690 1017 687 1018 580 1018 576 1016 564 1010 563 1010 563 1010 562 1010 543 1016 534 1010 533 1010 532 1010 503 1009 502 1009 502 1009 481 1015 479 1016 478 1015 469 1009 469 1009 468 1009 467 1009 466 1009 453 1013 435 1008 434 1008 379 1008 378 1008 378 1008 362 1013 362 1034"/>
                        </Shape>
                        <String CONTENT=""/>
                    </TextLine>

                    <TextLine ID="line_31" HPOS="362" VPOS="1041" WIDTH="574" HEIGHT="44" BASELINE="362 1065 936 1070" TAGREFS="TYPE_1">
                        <Shape>
                            <Polygon POINTS="362 1065 362 1079 410 1075 436 1079 436 1079 466 1076 475 1079 478 1081 479 1081 480 1081 481 1081 481 1081 482 1079 488 1076 514 1076 521 1079 525 1081 526 1081 526 1081 527 1081 533 1079 540 1077 558 1079 572 1081 572 1081 573 1081 578 1079 584 1077 596 1079 609 1082 609 1082 629 1079 644 1077 651 1079 661 1082 662 1082 738 1083 739 1083 740 1083 748 1079 750 1078 753 1079 760 1083 761 1083 761 1083 762 1083 772 1080 826 1084 827 1084 848 1079 851 1079 851 1079 858 1085 859 1085 860 1085 860 1085 935 1079 936 1070 935 1053 898 1053 898 1052 885 1045 884 1045 884 1045 883 1045 882 1045 875 1051 847 1051 847 1051 828 1044 827 1044 827 1044 806 1048 793 1044 792 1044 791 1044 790 1044 790 1044 780 1051 779 1051 778 1051 761 1044 761 1044 760 1044 759 1044 744 1050 744 1051 707 1051 707 1050 691 1043 690 1043 689 1043 688 1043 670 1049 658 1043 658 1043 636 1043 635 1043 634 1043 633 1043 625 1049 625 1049 594 1049 594 1048 588 1044 588 1044 587 1044 586 1044 585 1044 572 1048 561 1042 560 1042 559 1042 532 1042 531 1042 530 1042 518 1048 507 1041 506 1041 506 1041 505 1041 462 1048 460 1048 457 1048 430 1042 429 1042 428 1042 415 1047 378 1042 378 1042 377 1042 362 1046 362 1065"/>
                        </Shape>
                        <String CONTENT=""/>
                    </TextLine>

                    <TextLine ID="line_32" HPOS="361" VPOS="1073" WIDTH="574" HEIGHT="45" BASELINE="362 1097 935 1103" TAGREFS="TYPE_1">
                        <Shape>
                            <Polygon POINTS="362 1097 361 1107 387 1110 388 1110 389 1110 399 1108 405 1106 413 1108 436 1113 437 1113 438 1113 439 1113 444 1108 446 1107 504 1107 509 1109 524 1114 525 1114 526 1114 565 1109 575 1108 582 1109 610 1114 611 1114 612 1114 626 1110 634 1114 635 1114 636 1114 637 1114 637 1114 644 1110 646 1109 654 1110 682 1113 683 1113 704 1110 708 1110 711 1110 731 1116 732 1116 732 1116 789 1112 794 1116 794 1117 794 1117 795 1117 796 1117 816 1113 821 1117 822 1117 823 1117 823 1117 862 1114 874 1118 875 1118 876 1118 913 1118 913 1118 913 1118 934 1111 935 1103 934 1085 838 1085 836 1083 823 1077 822 1077 821 1077 797 1083 792 1084 786 1083 760 1077 759 1077 711 1082 708 1082 707 1082 684 1076 683 1076 683 1076 653 1081 649 1082 647 1081 635 1075 634 1075 633 1075 594 1081 589 1081 588 1081 578 1074 577 1074 576 1074 576 1074 575 1074 574 1074 565 1081 544 1074 543 1074 543 1074 542 1074 521 1081 519 1081 518 1081 501 1073 500 1073 499 1073 451 1080 447 1080 446 1080 433 1073 432 1073 432 1073 407 1077 382 1073 381 1073 380 1073 362 1078 362 1097"/>
                        </Shape>
                        <String CONTENT=""/>
                    </TextLine>

                    <TextLine ID="line_33" HPOS="359" VPOS="1103" WIDTH="577" HEIGHT="45" BASELINE="360 1129 936 1135" TAGREFS="TYPE_1">
                        <Shape>
                            <Polygon POINTS="360 1129 359 1139 366 1143 367 1143 368 1143 369 1143 381 1139 386 1143 386 1143 387 1143 388 1143 389 1143 400 1139 401 1139 535 1143 536 1143 537 1143 549 1140 553 1144 554 1144 555 1144 555 1144 627 1141 646 1146 647 1146 648 1146 703 1142 723 1147 724 1147 724 1147 848 1143 864 1148 864 1148 865 1148 935 1143 936 1135 936 1115 925 1109 925 1109 924 1109 923 1109 922 1109 905 1116 905 1116 864 1116 860 1115 819 1108 818 1108 793 1114 792 1114 790 1114 740 1110 740 1110 739 1110 732 1113 729 1114 725 1113 698 1106 625 1106 625 1106 624 1106 609 1111 604 1112 599 1110 576 1105 576 1105 575 1105 547 1110 538 1111 533 1110 521 1105 520 1105 519 1105 518 1105 507 1110 503 1111 432 1111 420 1108 409 1106 408 1106 407 1106 403 1107 399 1110 394 1107 383 1103 382 1103 382 1103 360 1106 360 1129"/>
                        </Shape>
                        <String CONTENT=""/>
                    </TextLine>

                    <TextLine ID="line_34" HPOS="361" VPOS="1136" WIDTH="573" HEIGHT="69" BASELINE="362 1162 934 1168" TAGREFS="TYPE_1">
                        <Shape>
                            <Polygon POINTS="361 1176 405 1183 406 1183 407 1183 407 1183 413 1179 416 1177 521 1177 541 1185 551 1189 552 1189 553 1189 569 1188 586 1197 587 1197 588 1197 621 1193 622 1193 623 1193 628 1190 637 1184 657 1189 658 1189 658 1189 685 1185 696 1193 701 1197 702 1197 703 1197 703 1197 741 1196 781 1194 788 1198 789 1199 790 1199 790 1199 791 1199 796 1199 810 1197 814 1200 819 1204 820 1204 821 1204 932 1205 934 1168 934 1148 913 1143 912 1143 911 1143 880 1147 875 1147 873 1147 864 1143 864 1143 863 1143 862 1143 855 1147 852 1147 745 1146 744 1144 736 1139 736 1139 735 1139 734 1139 714 1144 705 1146 699 1143 685 1139 684 1139 683 1139 683 1139 667 1143 659 1145 641 1143 607 1138 606 1138 580 1142 561 1144 557 1141 553 1138 552 1138 551 1138 551 1138 505 1140 444 1143 430 1139 423 1136 422 1136 421 1136 403 1139 377 1142 362 1138 362 1162 361 1176"/>
                        </Shape>
                        <String CONTENT=""/>
                    </TextLine>
</TextBlock>
                <TextBlock ID="block_3" HPOS="870" VPOS="1179" WIDTH="62" HEIGHT="34" TAGREFS="TYPE_27">
                    <Shape>
                        <Polygon POINTS="870.4462280273438 1179.805419921875 932.79150390625 1179.805419921875 932.79150390625 1213.14697265625 870.4462280273438 1213.14697265625 870.4462280273438 1179.805419921875"/>
                    </Shape>
                    <TextLine ID="line_35" HPOS="868" VPOS="1176" WIDTH="66" HEIGHT="43" BASELINE="868 1202 934 1202" TAGREFS="TYPE_1">
                        <Shape>
                            <Polygon POINTS="868 1202 868 1219 901 1213 934 1219 934 1202 934 1183 909 1183 909 1182 895 1176 894 1176 876 1176 876 1176 875 1176 874 1176 868 1180 868 1202"/>
                        </Shape>
                        <String CONTENT=""/>
                    </TextLine>
</TextBlock>
            </PrintSpace>
        </Page>
    </Layout>
</alto>