<?xml version="1.0" encoding="UTF-8"?>
<alto xmlns:xsi="http://www.w3.org/2001/XMLSchema-instance"
    xmlns="http://www.loc.gov/standards/alto/ns-v4#"
    xsi:schemaLocation="http://www.loc.gov/standards/alto/ns-v4# http://www.loc.gov/standards/alto/v4/alto-4-3.xsd">
    <Description>
        <MeasurementUnit>pixel</MeasurementUnit>
        <sourceImageInformation>
            <fileName>2013398.jpeg</fileName>
        </sourceImageInformation>
        <Processing ID="OCR_0">
            <processingCategory>other</processingCategory>
            <processingStepDescription>unknown</processingStepDescription>
            <processingSoftware>
                <softwareName>kraken</softwareName>
                <softwareVersion>4.3.13</softwareVersion>
            </processingSoftware>
        </Processing>
    </Description>
    <Tags>
        <OtherTag ID="TYPE_1" LABEL="DefaultLine"/>
        <OtherTag ID="TYPE_2" LABEL="TableZone"/>
        <OtherTag ID="TYPE_3" LABEL="MainZone-Other"/>
        <OtherTag ID="TYPE_4" LABEL="GraphicZone-FigDesc"/>
        <OtherTag ID="TYPE_5" LABEL="GraphicZone-Decoration"/>
        <OtherTag ID="TYPE_6" LABEL="GraphicZone-TextualContent"/>
        <OtherTag ID="TYPE_7" LABEL="DropCapitalZone"/>
        <OtherTag ID="TYPE_8" LABEL="MainZone-Sp"/>
        <OtherTag ID="TYPE_9" LABEL="MainZone-P"/>
        <OtherTag ID="TYPE_10" LABEL="MarginTextZone-Notes"/>
        <OtherTag ID="TYPE_11" LABEL="MainZone-Signature"/>
        <OtherTag ID="TYPE_12" LABEL="TitlePageZone-Index"/>
        <OtherTag ID="TYPE_13" LABEL="TableZone-Head"/>
        <OtherTag ID="TYPE_14" LABEL="NumberingZone"/>
        <OtherTag ID="TYPE_15" LABEL="GraphicZone-Part"/>
        <OtherTag ID="TYPE_16" LABEL="GraphicZone-Head"/>
        <OtherTag ID="TYPE_17" LABEL="FigureZone-FigDesc"/>
        <OtherTag ID="TYPE_18" LABEL="MainZone-P-Continued"/>
        <OtherTag ID="TYPE_19" LABEL="MainZone-List"/>
        <OtherTag ID="TYPE_20" LABEL="TitlePageZone"/>
        <OtherTag ID="TYPE_21" LABEL="GraphicZone-Maths"/>
        <OtherTag ID="TYPE_22" LABEL="FigureZone"/>
        <OtherTag ID="TYPE_23" LABEL="MainZone-Date"/>
        <OtherTag ID="TYPE_24" LABEL="GraphicZone"/>
        <OtherTag ID="TYPE_25" LABEL="AdvertisementZone"/>
        <OtherTag ID="TYPE_26" LABEL="MainZone-Lg"/>
        <OtherTag ID="TYPE_27" LABEL="QuireMarksZone"/>
        <OtherTag ID="TYPE_28" LABEL="TableZone-Continued"/>
        <OtherTag ID="TYPE_29" LABEL="MainZone-Form"/>
        <OtherTag ID="TYPE_30" LABEL="MainZone-Entry"/>
        <OtherTag ID="TYPE_31" LABEL="MarginTextZone-ManuscriptAddendum"/>
        <OtherTag ID="TYPE_32" LABEL="DigitizationArtefactZone"/>
        <OtherTag ID="TYPE_33" LABEL="MarginTextZone-Notes-Continued"/>
        <OtherTag ID="TYPE_34" LABEL="MainZone-Lg-Continued"/>
        <OtherTag ID="TYPE_35" LABEL="StampZone"/>
        <OtherTag ID="TYPE_36" LABEL="MainZone-Entry-Continued"/>
        <OtherTag ID="TYPE_37" LABEL="MainZone-List-Continued"/>
        <OtherTag ID="TYPE_38" LABEL="MainZone-Head"/>
        <OtherTag ID="TYPE_39" LABEL="MainZone-Sp-Continued"/>
        <OtherTag ID="TYPE_40" LABEL="RunningTitleZone"/>
        <OtherTag ID="TYPE_41" LABEL="FigureZone-Head"/>
        <OtherTag ID="TYPE_42" LABEL="StampZone-Sticker"/>
    </Tags>
    <Layout>
        <Page WIDTH="1000" HEIGHT="1448" PHYSICAL_IMG_NR="0" ID="page_0">
            <PrintSpace HPOS="0" VPOS="0" WIDTH="1000" HEIGHT="1448">
                <TextBlock ID="block_5" HPOS="463" VPOS="71" WIDTH="375" HEIGHT="37" TAGREFS="TYPE_40">
                    <Shape>
                        <Polygon POINTS="463.5634765625 71.86785125732422 838.6333618164062 71.86785125732422 838.6333618164062 108.38970184326172 463.5634765625 108.38970184326172 463.5634765625 71.86785125732422"/>
                    </Shape>
                    <TextLine ID="line_0" HPOS="356" VPOS="76" WIDTH="483" HEIGHT="37" BASELINE="357 99 839 97" TAGREFS="TYPE_1">
                        <Shape>
                            <Polygon POINTS="742 92 734 92 726 92 718 92 710 92 702 92 694 92 686 92 678 92 670 92 662 92 654 92 646 92 637 92 629 92 621 92 613 92 605 92 597 92 589 92 581 92 573 92 565 92 557 92 549 92 541 92 533 92 525 92 517 92 509 92 501 92 493 92 485 92 477 92 469 92 460 92 452 92 444 92 436 92 428 92 420 92 412 92 404 92 396 92 388 92 380 92 372 92 364 92 356 92 357 99 357 113 399 112 399 112 400 112 400 111 408 105 459 105 491 111 494 111 495 111 496 111 497 111 518 104 552 106 558 110 559 111 560 111 561 111 562 111 576 110 599 106 631 109 671 111 672 111 673 111 680 108 690 103 707 107 721 111 722 111 738 110 739 110 740 110 743 106 748 103 777 106 824 111 825 111 826 111 839 105 839 97 838 76 750 76 749 76 748 76 744 78 743 78 742 92"/>
                        </Shape>
                        <String CONTENT=""/>
                    </TextLine>
</TextBlock>
                <TextBlock ID="block_3" HPOS="353" VPOS="114" WIDTH="576" HEIGHT="196" TAGREFS="TYPE_18">
                    <Shape>
                        <Polygon POINTS="353.10235595703125 114.11956024169922 929.8754272460938 114.11956024169922 929.8754272460938 310.9307861328125 353.10235595703125 310.9307861328125 353.10235595703125 114.11956024169922"/>
                    </Shape>
                    <TextLine ID="line_1" HPOS="352" VPOS="107" WIDTH="576" HEIGHT="46" BASELINE="353 138 928 135" TAGREFS="TYPE_1">
                        <Shape>
                            <Polygon POINTS="746 119 744 114 666 114 662 113 640 108 639 108 605 114 602 114 599 114 544 108 543 108 483 109 482 109 469 115 441 111 440 111 414 115 407 111 407 111 406 111 405 111 352 115 353 138 353 152 389 148 402 152 403 152 403 152 404 152 405 152 407 152 425 148 444 152 448 152 449 153 514 153 514 152 514 152 518 151 526 148 556 150 574 152 575 152 576 152 579 150 586 147 633 147 639 149 645 152 646 152 646 152 672 148 684 148 688 148 699 152 699 152 700 152 701 152 702 152 705 148 707 146 736 146 785 148 891 151 892 151 927 145 928 135 925 111 884 113 876 111 864 108 863 108 862 108 861 108 853 111 849 114 798 114 790 112 763 107 762 107 761 107 761 107 753 112 751 114 748 114 746 119"/>
                        </Shape>
                        <String CONTENT=""/>
                    </TextLine>

                    <TextLine ID="line_2" HPOS="350" VPOS="144" WIDTH="578" HEIGHT="41" BASELINE="351 171 928 169" TAGREFS="TYPE_1">
                        <Shape>
                            <Polygon POINTS="351 171 351 181 360 185 361 185 362 185 386 180 390 180 423 181 537 184 538 184 587 182 641 180 645 182 647 185 648 185 649 185 650 185 862 185 862 185 863 185 864 185 872 180 880 185 880 185 881 185 882 185 927 185 928 169 927 151 905 144 905 144 904 144 903 144 883 151 839 151 832 144 831 144 831 144 747 144 746 144 745 144 744 144 737 151 640 151 608 145 607 145 606 145 595 151 581 145 580 145 580 145 579 145 567 149 547 146 546 146 545 146 544 146 539 151 517 145 516 145 515 145 514 145 502 151 467 147 466 147 465 147 451 151 428 145 427 145 363 145 362 145 362 145 350 151 351 171"/>
                        </Shape>
                        <String CONTENT=""/>
                    </TextLine>

                    <TextLine ID="line_3" HPOS="350" VPOS="176" WIDTH="578" HEIGHT="43" BASELINE="351 204 928 201" TAGREFS="TYPE_1">
                        <Shape>
                            <Polygon POINTS="351 204 351 219 393 213 499 218 516 218 517 218 545 218 550 217 551 217 551 217 557 212 603 216 604 216 707 212 717 215 723 218 724 218 724 218 927 213 928 201 925 181 762 182 759 181 746 178 745 178 744 178 744 178 736 182 733 184 687 184 684 182 669 176 668 176 667 176 666 176 655 182 655 183 654 182 647 176 646 176 646 176 580 176 580 176 541 181 514 177 514 177 513 177 502 183 496 178 496 177 495 177 494 177 415 177 415 177 414 177 413 177 407 183 385 177 384 177 383 177 350 185 351 204"/>
                        </Shape>
                        <String CONTENT=""/>
                    </TextLine>

                    <TextLine ID="line_4" HPOS="353" VPOS="210" WIDTH="573" HEIGHT="39" BASELINE="353 235 926 235" TAGREFS="TYPE_1">
                        <Shape>
                            <Polygon POINTS="353 235 353 242 365 249 366 249 366 249 395 243 395 243 414 247 415 247 442 243 446 243 448 244 467 249 468 249 469 249 469 249 483 244 486 243 530 243 533 245 543 249 543 249 544 249 545 249 559 245 567 243 663 243 671 246 679 249 679 249 680 249 698 246 711 245 716 246 720 249 721 249 722 249 723 249 724 249 726 247 732 243 738 247 739 248 740 248 740 248 741 248 742 248 744 247 753 243 759 247 760 248 761 248 761 248 872 249 872 249 873 249 874 249 884 243 925 249 926 235 926 216 905 210 905 210 904 210 903 210 891 216 875 210 874 210 873 210 847 215 821 210 820 210 819 210 818 210 811 217 770 217 762 211 761 211 761 211 760 211 759 211 758 211 753 217 685 217 658 210 658 210 657 210 638 216 625 210 624 210 623 210 622 210 608 215 573 210 572 210 528 215 516 210 515 210 514 210 514 210 493 216 485 210 485 210 484 210 483 210 482 210 466 215 436 210 436 210 435 210 423 216 366 212 365 212 364 212 353 216 353 235"/>
                        </Shape>
                        <String CONTENT=""/>
                    </TextLine>

                    <TextLine ID="line_5" HPOS="352" VPOS="246" WIDTH="573" HEIGHT="38" BASELINE="352 268 925 268" TAGREFS="TYPE_1">
                        <Shape>
                            <Polygon POINTS="738 250 731 250 730 250 724 250 722 250 714 250 706 250 698 250 690 250 682 250 674 250 666 250 658 250 650 250 641 250 633 250 625 250 617 250 609 250 601 250 596 250 593 250 585 250 577 250 569 250 561 250 553 250 551 250 548 251 527 251 526 250 521 250 513 250 505 250 497 250 489 250 481 250 473 250 467 250 465 250 456 250 448 250 440 250 432 250 424 250 416 250 408 250 400 250 395 250 392 250 384 250 376 250 368 250 360 250 352 250 352 268 352 279 374 283 375 283 376 283 389 280 401 277 507 277 513 281 514 282 514 282 515 282 516 282 517 282 518 281 527 277 557 277 564 281 567 283 567 283 568 283 569 284 639 284 639 283 640 283 641 283 642 282 647 279 673 282 689 283 690 283 703 283 751 277 758 283 759 283 760 283 761 283 761 284 819 284 819 283 820 283 821 283 830 279 924 283 925 268 925 251 888 246 887 246 800 250 792 250 791 250 779 246 778 246 777 246 745 249 738 250"/>
                        </Shape>
                        <String CONTENT=""/>
                    </TextLine>

                    <TextLine ID="line_6" HPOS="352" VPOS="271" WIDTH="249" HEIGHT="43" BASELINE="353 297 601 299" TAGREFS="TYPE_1">
                        <Shape>
                            <Polygon POINTS="353 297 352 312 411 312 411 312 412 312 422 308 447 308 454 312 456 312 456 312 457 312 458 312 459 312 463 312 475 308 479 311 481 313 482 313 483 313 484 314 502 314 502 313 503 313 504 313 504 312 506 311 509 308 600 310 601 299 600 280 577 280 577 279 562 272 561 272 522 272 521 272 520 272 501 279 473 272 473 272 435 277 421 271 420 271 419 271 419 271 401 279 394 272 394 271 393 271 392 271 391 271 390 271 376 279 375 279 353 279 353 297"/>
                        </Shape>
                        <String CONTENT=""/>
                    </TextLine>
</TextBlock>
                <TextBlock ID="block_1" HPOS="348" VPOS="311" WIDTH="580" HEIGHT="451" TAGREFS="TYPE_9">
                    <Shape>
                        <Polygon POINTS="348.5113525390625 311.7243347167969 928.6206665039062 311.7243347167969 928.6206665039062 762.6608276367188 348.5113525390625 762.6608276367188 348.5113525390625 311.7243347167969"/>
                    </Shape>
                    <TextLine ID="line_7" HPOS="384" VPOS="305" WIDTH="541" HEIGHT="44" BASELINE="384 333 925 333" TAGREFS="TYPE_1">
                        <Shape>
                            <Polygon POINTS="384 333 385 348 399 342 454 342 460 347 460 347 461 347 462 347 514 342 539 348 543 349 544 349 570 349 570 349 571 349 572 349 572 348 582 342 630 342 641 348 642 349 643 349 644 349 645 349 647 348 666 342 695 348 699 349 699 349 770 349 770 349 771 349 773 348 790 343 925 348 925 333 925 310 835 305 834 305 833 305 832 305 827 309 824 312 781 312 773 308 761 305 761 305 760 305 759 305 749 308 742 311 731 308 715 305 714 305 713 305 712 305 709 308 705 312 687 312 678 308 668 305 667 305 666 305 666 305 660 308 655 311 640 308 633 307 632 307 631 307 628 308 619 311 614 308 611 305 610 305 609 305 523 305 522 305 522 305 521 305 521 306 519 308 514 312 486 312 474 307 469 305 468 305 467 305 466 305 462 307 454 312 416 312 407 307 404 305 403 305 403 305 384 306 384 333"/>
                        </Shape>
                        <String CONTENT=""/>
                    </TextLine>

                    <TextLine ID="line_8" HPOS="350" VPOS="339" WIDTH="575" HEIGHT="42" BASELINE="351 363 925 365" TAGREFS="TYPE_1">
                        <Shape>
                            <Polygon POINTS="351 363 350 374 382 379 383 379 540 377 635 375 638 378 641 380 641 380 642 380 643 381 695 381 695 380 696 380 697 380 699 378 704 376 923 380 925 365 924 345 876 340 875 340 852 345 847 346 802 346 798 344 787 340 786 340 786 340 764 344 755 346 639 346 636 343 632 340 632 339 631 339 630 339 629 339 596 343 578 345 551 345 547 342 543 339 542 339 541 339 478 339 477 339 477 339 470 342 464 345 457 341 450 339 449 339 432 339 431 339 430 339 429 339 426 341 420 345 351 341 351 363"/>
                        </Shape>
                        <String CONTENT=""/>
                    </TextLine>

                    <TextLine ID="line_9" HPOS="350" VPOS="374" WIDTH="575" HEIGHT="39" BASELINE="350 398 925 398" TAGREFS="TYPE_1">
                        <Shape>
                            <Polygon POINTS="350 398 350 412 395 407 419 412 423 412 423 412 424 412 426 412 436 407 490 407 495 411 496 412 497 412 497 412 498 413 543 413 543 412 544 412 545 412 547 411 551 407 562 411 567 412 568 412 569 413 687 413 687 412 687 412 693 409 697 407 706 409 723 412 724 413 797 413 797 412 798 412 798 412 803 408 805 407 812 408 848 412 849 412 850 412 861 407 862 407 864 407 884 412 884 412 925 407 925 398 925 378 901 374 900 374 872 378 858 374 857 374 802 374 802 374 801 374 800 374 794 378 791 378 749 374 748 374 730 378 728 378 726 378 707 374 707 374 706 374 692 378 691 378 683 378 629 374 629 374 628 374 613 377 610 378 603 377 567 374 567 374 566 374 553 377 550 378 463 378 461 377 457 374 456 374 456 374 455 374 438 377 431 378 350 377 350 398"/>
                        </Shape>
                        <String CONTENT=""/>
                    </TextLine>

                    <TextLine ID="line_10" HPOS="349" VPOS="403" WIDTH="576" HEIGHT="42" BASELINE="350 430 925 428" TAGREFS="TYPE_1">
                        <Shape>
                            <Polygon POINTS="350 430 351 445 367 440 446 444 447 444 448 444 448 444 453 440 486 440 506 444 507 444 508 445 532 445 532 444 533 444 534 444 539 440 570 444 571 444 572 444 586 440 613 444 613 444 614 444 615 444 652 439 682 444 683 444 768 444 768 444 769 444 769 444 773 440 781 444 781 444 782 444 847 444 847 444 848 444 864 439 883 444 884 444 884 444 906 439 923 444 925 428 925 408 918 403 917 403 917 403 916 403 915 403 897 408 874 403 873 403 828 408 784 403 783 403 782 403 765 409 690 409 637 403 637 403 636 403 617 409 615 410 576 410 576 409 568 404 567 404 567 404 566 404 565 404 547 409 546 409 542 409 496 404 495 404 469 409 468 409 467 409 456 404 456 404 455 404 422 409 419 409 415 409 389 404 388 404 387 404 374 409 373 409 366 404 366 404 365 404 364 404 363 404 349 408 350 430"/>
                        </Shape>
                        <String CONTENT=""/>
                    </TextLine>

                    <TextLine ID="line_11" HPOS="350" VPOS="436" WIDTH="575" HEIGHT="41" BASELINE="350 462 925 462" TAGREFS="TYPE_1">
                        <Shape>
                            <Polygon POINTS="350 462 350 472 381 477 382 477 382 477 399 473 440 477 441 477 469 473 470 473 471 473 488 477 489 477 489 477 512 473 513 473 521 477 522 477 522 477 523 477 557 473 560 473 563 473 593 477 594 477 648 473 657 473 662 473 686 477 687 477 925 473 925 462 925 442 897 436 866 436 865 436 864 436 864 436 856 441 779 437 778 437 777 437 760 441 741 437 740 437 676 441 642 436 641 436 596 441 582 436 581 436 580 436 555 441 542 436 541 436 540 436 539 436 539 436 533 441 493 441 454 436 453 436 452 436 436 441 423 436 422 436 421 436 420 436 408 441 364 436 363 436 362 436 350 441 350 462"/>
                        </Shape>
                        <String CONTENT=""/>
                    </TextLine>

                    <TextLine ID="line_12" HPOS="349" VPOS="471" WIDTH="574" HEIGHT="35" BASELINE="349 493 923 495" TAGREFS="TYPE_1">
                        <Shape>
                            <Polygon POINTS="349 493 349 506 922 505 923 495 922 473 349 471 349 493"/>
                        </Shape>
                        <String CONTENT=""/>
                    </TextLine>

                    <TextLine ID="line_13" HPOS="348" VPOS="501" WIDTH="573" HEIGHT="41" BASELINE="349 526 921 528" TAGREFS="TYPE_1">
                        <Shape>
                            <Polygon POINTS="349 526 348 539 483 541 484 541 503 539 532 536 561 538 586 541 587 541 609 538 632 536 642 538 658 542 658 542 677 538 681 538 697 538 775 542 776 542 830 538 841 537 852 538 906 542 907 542 908 542 921 537 921 528 921 507 779 501 778 501 777 501 766 505 762 506 759 505 753 501 752 501 751 501 750 501 749 501 746 505 744 506 725 505 695 501 694 501 693 501 692 501 690 504 687 507 654 507 645 504 635 501 634 501 633 501 580 503 520 505 489 501 477 501 477 501 476 501 475 501 474 501 468 506 440 506 434 501 434 501 433 501 432 501 406 501 405 501 404 501 403 501 390 505 349 501 349 526"/>
                        </Shape>
                        <String CONTENT=""/>
                    </TextLine>

                    <TextLine ID="line_14" HPOS="348" VPOS="533" WIDTH="573" HEIGHT="39" BASELINE="349 559 921 558" TAGREFS="TYPE_1">
                        <Shape>
                            <Polygon POINTS="349 559 349 571 920 572 921 558 920 538 867 534 866 534 865 534 857 538 856 538 855 538 838 533 837 533 836 533 835 533 824 538 823 538 823 538 799 533 798 533 763 538 755 533 754 533 753 533 753 533 752 533 751 533 746 538 654 538 636 533 635 533 634 533 633 533 621 538 620 538 607 534 606 534 605 534 584 538 583 538 581 538 518 534 517 534 493 538 469 534 469 534 468 534 452 538 431 534 430 534 429 534 412 538 407 534 406 534 405 534 404 534 348 539 349 559"/>
                        </Shape>
                        <String CONTENT=""/>
                    </TextLine>

                    <TextLine ID="line_15" HPOS="348" VPOS="566" WIDTH="573" HEIGHT="38" BASELINE="348 591 921 591" TAGREFS="TYPE_1">
                        <Shape>
                            <Polygon POINTS="348 591 348 604 921 604 921 591 921 571 893 566 893 566 850 570 737 566 736 566 710 570 684 566 683 566 683 566 669 570 656 566 655 566 654 566 654 566 643 571 584 571 579 566 578 566 577 566 524 566 523 566 482 570 473 566 472 566 471 566 470 566 460 570 454 566 453 566 452 566 452 566 451 566 450 566 444 571 392 571 372 566 371 566 348 570 348 591"/>
                        </Shape>
                        <String CONTENT=""/>
                    </TextLine>

                    <TextLine ID="line_16" HPOS="347" VPOS="602" WIDTH="572" HEIGHT="37" BASELINE="348 625 919 623" TAGREFS="TYPE_1">
                        <Shape>
                            <Polygon POINTS="733 614 725 614 717 614 709 614 701 614 693 614 685 614 677 614 669 614 661 614 653 614 645 614 637 614 629 614 621 614 613 614 604 614 596 614 588 614 580 614 572 614 564 614 556 614 548 614 540 614 532 614 524 614 516 614 508 614 500 614 492 614 484 614 476 614 468 614 460 614 452 614 444 614 436 614 427 614 419 614 411 614 403 614 395 614 387 614 379 614 371 614 363 614 355 614 347 614 348 625 348 638 476 635 496 638 502 639 502 639 509 638 538 634 548 638 549 638 550 638 551 638 584 634 602 638 604 638 604 638 607 638 638 634 917 637 919 623 917 602 760 602 759 602 758 602 748 605 735 608 733 614"/>
                        </Shape>
                        <String CONTENT=""/>
                    </TextLine>

                    <TextLine ID="line_17" HPOS="350" VPOS="631" WIDTH="572" HEIGHT="40" BASELINE="350 656 922 656" TAGREFS="TYPE_1">
                        <Shape>
                            <Polygon POINTS="350 656 350 666 362 670 363 670 364 670 424 666 458 670 459 670 497 666 540 670 541 671 671 671 671 670 672 670 683 666 872 670 872 670 873 670 887 666 895 670 896 670 897 670 922 666 922 656 922 637 889 631 888 631 888 631 871 636 870 636 853 631 852 631 851 631 784 636 777 636 774 636 753 631 696 631 695 631 695 631 682 635 679 636 601 636 600 635 595 631 594 631 593 631 592 631 592 631 579 635 575 636 567 635 544 631 543 631 493 634 470 636 406 636 403 634 399 631 398 631 397 631 396 631 350 633 350 656"/>
                        </Shape>
                        <String CONTENT=""/>
                    </TextLine>

                    <TextLine ID="line_18" HPOS="344" VPOS="661" WIDTH="577" HEIGHT="40" BASELINE="345 689 921 687" TAGREFS="TYPE_1">
                        <Shape>
                            <Polygon POINTS="345 689 345 701 921 699 921 687 920 667 889 661 888 661 888 661 868 666 800 662 799 662 777 666 755 661 754 661 753 661 710 665 683 661 682 661 681 661 661 666 624 663 623 663 602 667 588 662 588 662 587 662 586 662 585 662 579 667 552 663 551 663 551 663 543 667 534 662 534 662 533 662 482 662 481 662 450 666 399 662 399 662 344 668 345 689"/>
                        </Shape>
                        <String CONTENT=""/>
                    </TextLine>

                    <TextLine ID="line_19" HPOS="345" VPOS="695" WIDTH="576" HEIGHT="43" BASELINE="345 722 921 722" TAGREFS="TYPE_1">
                        <Shape>
                            <Polygon POINTS="345 722 345 738 400 733 409 738 410 738 411 738 411 738 415 738 442 733 481 737 494 738 495 738 504 737 526 733 547 736 559 738 560 738 561 738 567 736 576 733 596 736 614 738 615 738 630 736 645 733 662 736 686 738 687 738 709 735 721 733 766 734 903 738 904 738 905 738 921 732 921 722 921 703 740 695 740 695 712 702 706 697 706 696 705 696 704 696 703 696 687 699 672 695 671 695 670 695 670 695 669 695 658 703 617 703 600 696 599 696 598 696 597 696 584 702 555 697 555 697 507 702 491 695 490 695 452 695 451 695 425 700 392 696 391 696 390 696 373 702 358 698 357 698 356 698 355 698 345 702 345 722"/>
                        </Shape>
                        <String CONTENT=""/>
                    </TextLine>

                    <TextLine ID="line_20" HPOS="346" VPOS="729" WIDTH="304" HEIGHT="40" BASELINE="347 752 650 755" TAGREFS="TYPE_1">
                        <Shape>
                            <Polygon POINTS="347 752 346 764 382 767 383 767 384 767 385 767 388 764 390 762 394 764 400 767 401 767 402 767 417 764 426 762 434 764 451 768 452 768 452 768 453 768 453 767 457 764 458 763 486 763 488 764 493 768 494 768 495 768 496 768 522 764 528 763 533 764 556 769 557 769 558 769 559 769 564 764 588 768 588 768 650 763 650 755 650 735 643 731 642 731 641 731 641 731 640 731 625 736 624 736 622 736 601 731 600 731 600 731 584 736 583 736 581 735 569 731 568 731 567 731 542 735 540 735 539 735 510 731 509 731 485 735 483 735 482 735 478 731 478 730 477 730 477 730 476 730 415 733 409 729 408 729 407 729 407 729 347 733 347 752"/>
                        </Shape>
                        <String CONTENT=""/>
                    </TextLine>
</TextBlock>
                <TextBlock ID="block_0" HPOS="341" VPOS="763" WIDTH="580" HEIGHT="426" TAGREFS="TYPE_9">
                    <Shape>
                        <Polygon POINTS="341.88818359375 763.7894897460938 921.8778686523438 763.7894897460938 921.8778686523438 1189.3536376953125 341.88818359375 1189.3536376953125 341.88818359375 763.7894897460938"/>
                    </Shape>
                    <TextLine ID="line_21" HPOS="376" VPOS="758" WIDTH="545" HEIGHT="44" BASELINE="376 785 921 788" TAGREFS="TYPE_1">
                        <Shape>
                            <Polygon POINTS="376 785 376 798 691 796 699 797 716 800 717 800 718 800 729 797 733 796 736 797 743 801 744 801 744 802 825 802 825 801 858 797 859 797 860 797 876 801 876 801 877 801 920 796 921 788 920 760 892 760 891 760 890 760 889 760 884 765 833 765 821 760 820 760 819 760 818 760 795 765 760 760 757 760 756 760 753 760 722 764 716 760 716 760 715 760 714 760 713 760 711 760 696 764 671 760 662 759 661 759 654 760 637 764 531 764 526 761 521 758 520 758 519 758 456 759 455 759 454 759 452 761 448 763 376 761 376 785"/>
                        </Shape>
                        <String CONTENT=""/>
                    </TextLine>

                    <TextLine ID="line_22" HPOS="345" VPOS="793" WIDTH="573" HEIGHT="42" BASELINE="345 818 918 818" TAGREFS="TYPE_1">
                        <Shape>
                            <Polygon POINTS="345 818 345 828 366 834 367 835 399 835 399 834 400 834 401 834 409 829 504 833 505 833 562 830 567 834 567 834 568 834 569 834 599 829 633 834 634 834 662 829 670 834 671 834 672 834 673 834 711 830 735 834 736 834 736 834 737 834 744 829 766 834 767 834 768 834 783 830 790 834 790 834 791 834 792 835 876 835 876 834 877 834 888 829 918 829 918 818 918 801 885 793 884 793 884 793 867 800 865 801 843 801 842 799 831 793 830 793 829 793 828 793 827 793 820 799 818 801 748 801 745 798 738 793 737 793 736 793 667 793 666 793 666 793 658 797 653 800 627 800 619 796 612 793 611 793 610 793 580 796 554 798 547 795 543 793 542 793 541 793 540 793 533 795 518 801 493 801 479 794 475 793 474 793 473 793 473 793 472 793 470 794 463 800 444 796 443 796 442 796 428 800 409 793 407 793 407 793 406 793 405 793 403 793 382 798 345 793 345 818"/>
                        </Shape>
                        <String CONTENT=""/>
                    </TextLine>

                    <TextLine ID="line_23" HPOS="342" VPOS="824" WIDTH="576" HEIGHT="42" BASELINE="342 849 918 851" TAGREFS="TYPE_1">
                        <Shape>
                            <Polygon POINTS="342 849 342 862 485 859 494 863 496 863 497 863 497 863 498 863 499 863 506 860 556 863 573 864 574 864 575 864 578 863 591 860 613 863 617 864 618 864 619 864 620 864 620 863 626 860 725 860 730 864 731 865 732 865 732 865 733 866 803 866 803 865 804 865 805 865 812 861 864 865 868 865 868 865 869 865 878 861 917 865 918 851 917 831 872 832 867 830 855 826 855 826 854 826 853 826 852 826 848 830 845 833 810 833 794 830 777 826 777 826 776 826 775 826 775 827 773 829 769 833 727 833 715 828 707 826 706 826 705 826 704 826 703 826 700 828 695 832 666 832 658 827 654 826 653 826 652 826 651 826 650 826 649 827 644 831 604 831 599 827 598 826 598 826 597 826 596 826 548 826 547 826 547 826 545 826 534 831 475 826 467 825 466 825 462 825 427 830 408 825 407 825 407 825 406 825 394 830 342 824 342 849"/>
                        </Shape>
                        <String CONTENT=""/>
                    </TextLine>

                    <TextLine ID="line_24" HPOS="342" VPOS="858" WIDTH="575" HEIGHT="42" BASELINE="342 884 917 884" TAGREFS="TYPE_1">
                        <Shape>
                            <Polygon POINTS="342 884 342 894 408 894 409 894 414 899 415 899 415 899 416 899 440 895 445 894 474 894 477 895 482 899 483 899 484 899 485 899 485 899 496 895 497 895 499 895 514 899 515 899 516 899 559 896 574 895 578 896 587 899 588 899 588 899 589 899 599 896 608 894 623 896 640 899 641 900 701 900 701 899 702 899 706 897 714 894 740 897 753 899 753 900 855 900 855 899 855 899 856 899 864 894 917 899 917 884 917 865 894 864 884 858 884 858 883 858 882 858 881 858 864 864 864 865 826 865 826 864 814 859 814 859 813 859 783 864 782 864 761 858 761 858 760 858 759 858 744 864 744 865 731 865 730 864 721 858 720 858 720 858 719 858 691 864 689 865 660 865 659 864 645 858 644 858 590 858 589 858 588 858 588 858 580 864 579 865 500 865 499 864 485 858 484 858 483 858 456 864 455 864 453 864 437 858 436 858 436 858 375 864 369 864 367 864 349 858 349 858 348 858 347 858 346 858 342 861 342 884"/>
                        </Shape>
                        <String CONTENT=""/>
                    </TextLine>

                    <TextLine ID="line_25" HPOS="340" VPOS="890" WIDTH="579" HEIGHT="41" BASELINE="341 915 919 917" TAGREFS="TYPE_1">
                        <Shape>
                            <Polygon POINTS="341 915 340 925 366 930 366 930 392 926 444 930 445 930 446 930 459 926 491 930 492 930 629 926 641 931 641 931 642 931 643 931 661 927 678 931 679 931 679 931 707 927 734 931 735 931 918 926 919 917 919 895 899 891 898 891 897 891 885 895 881 896 877 895 866 891 865 891 864 891 864 891 863 891 857 895 854 896 817 896 811 895 798 891 798 891 797 891 762 895 750 896 748 895 742 891 741 891 740 891 740 891 739 891 732 895 731 895 728 895 712 891 711 891 711 891 703 895 701 896 694 895 672 891 671 891 670 891 670 891 664 895 661 896 630 896 625 895 612 890 611 890 610 890 589 894 568 890 567 890 567 890 566 890 560 895 559 896 523 896 516 895 472 890 471 890 470 890 459 895 458 895 453 890 452 890 452 890 433 890 432 890 432 890 431 890 423 895 422 896 396 896 391 895 363 890 362 890 341 894 341 915"/>
                        </Shape>
                        <String CONTENT=""/>
                    </TextLine>

                    <TextLine ID="line_26" HPOS="339" VPOS="924" WIDTH="579" HEIGHT="40" BASELINE="340 948 918 950" TAGREFS="TYPE_1">
                        <Shape>
                            <Polygon POINTS="340 948 339 957 436 962 436 962 437 962 445 958 457 963 458 963 459 964 480 964 480 963 481 963 481 963 486 958 487 958 491 958 554 963 555 963 596 959 609 958 617 959 639 964 640 964 917 962 918 950 917 930 876 925 875 925 874 925 859 929 856 929 851 929 817 925 816 925 784 929 769 929 675 927 599 925 598 925 572 926 493 929 476 925 473 925 472 925 460 925 373 929 340 924 340 948"/>
                        </Shape>
                        <String CONTENT=""/>
                    </TextLine>

                    <TextLine ID="line_27" HPOS="339" VPOS="955" WIDTH="578" HEIGHT="41" BASELINE="340 980 917 982" TAGREFS="TYPE_1">
                        <Shape>
                            <Polygon POINTS="340 980 339 989 358 995 359 995 360 995 385 991 390 995 391 995 392 995 393 996 444 996 444 995 444 995 445 995 451 991 540 991 555 995 555 995 556 995 602 991 629 996 629 996 706 995 707 995 707 995 712 991 736 995 736 995 737 995 738 995 743 991 748 996 749 996 750 996 751 996 917 991 917 982 917 962 905 956 904 956 903 956 866 962 848 956 847 956 847 956 816 962 802 956 801 956 800 956 775 962 769 957 769 956 768 956 767 956 752 956 751 956 750 956 729 962 728 962 629 962 628 962 607 955 606 955 584 955 583 955 582 955 581 955 572 961 547 961 541 955 540 955 539 955 510 955 510 955 509 955 494 961 494 962 390 962 390 961 383 955 382 955 382 955 381 955 340 960 340 980"/>
                        </Shape>
                        <String CONTENT=""/>
                    </TextLine>

                    <TextLine ID="line_28" HPOS="338" VPOS="987" WIDTH="580" HEIGHT="41" BASELINE="339 1011 918 1014" TAGREFS="TYPE_1">
                        <Shape>
                            <Polygon POINTS="339 1011 338 1020 390 1021 397 1026 398 1026 399 1026 399 1026 400 1026 418 1022 435 1022 465 1022 466 1022 472 1026 473 1026 473 1026 474 1026 506 1022 510 1022 513 1022 531 1027 532 1027 533 1027 648 1024 676 1023 691 1024 737 1028 738 1028 739 1028 749 1024 751 1024 753 1024 761 1028 762 1028 763 1028 786 1024 794 1024 798 1024 810 1028 810 1028 811 1028 917 1025 918 1014 917 989 893 993 870 989 865 988 864 988 864 988 863 988 862 989 854 994 828 990 827 990 827 990 826 990 819 995 762 995 757 990 757 990 756 990 755 990 754 990 739 994 729 989 725 987 724 987 724 987 723 987 716 989 703 994 617 994 609 990 604 987 604 987 569 987 568 987 567 987 567 987 564 990 559 994 535 994 531 990 528 987 528 987 527 987 526 987 474 987 473 987 473 987 472 987 472 987 469 990 465 993 436 993 432 990 429 987 429 987 428 987 427 987 410 987 409 987 408 987 407 987 403 990 399 993 364 993 359 991 352 987 351 987 350 987 349 987 339 990 339 1011"/>
                        </Shape>
                        <String CONTENT=""/>
                    </TextLine>

                    <TextLine ID="line_29" HPOS="340" VPOS="1020" WIDTH="577" HEIGHT="41" BASELINE="340 1045 917 1045" TAGREFS="TYPE_1">
                        <Shape>
                            <Polygon POINTS="340 1045 340 1056 372 1061 373 1061 395 1057 396 1057 427 1061 428 1061 448 1057 449 1057 507 1057 508 1057 512 1061 513 1061 514 1061 514 1061 532 1057 534 1057 539 1061 540 1061 541 1061 542 1061 572 1057 576 1057 578 1057 588 1061 589 1061 590 1061 641 1061 641 1061 642 1061 643 1061 648 1057 649 1057 651 1057 667 1061 668 1061 917 1057 917 1045 917 1027 816 1021 815 1021 814 1021 805 1025 803 1026 802 1025 794 1020 794 1020 793 1020 792 1020 758 1024 757 1024 734 1020 733 1020 732 1020 716 1024 708 1027 692 1027 688 1024 683 1020 682 1020 681 1020 680 1020 679 1020 670 1024 666 1027 637 1027 633 1024 629 1020 629 1020 628 1020 627 1020 626 1020 625 1020 620 1023 615 1026 598 1023 588 1021 587 1021 586 1021 582 1023 572 1027 513 1027 507 1022 505 1020 504 1020 503 1020 502 1020 502 1020 493 1022 479 1025 474 1021 473 1020 472 1020 471 1020 428 1020 427 1020 420 1021 396 1026 386 1020 386 1020 385 1020 384 1020 383 1020 340 1020 340 1045"/>
                        </Shape>
                        <String CONTENT=""/>
                    </TextLine>

                    <TextLine ID="line_30" HPOS="337" VPOS="1051" WIDTH="580" HEIGHT="41" BASELINE="337 1077 917 1078" TAGREFS="TYPE_1">
                        <Shape>
                            <Polygon POINTS="337 1077 337 1087 347 1092 348 1092 349 1092 917 1089 917 1078 917 1058 905 1052 905 1052 904 1052 872 1057 835 1052 834 1052 833 1052 823 1057 810 1053 810 1053 809 1053 716 1057 708 1053 707 1053 707 1053 706 1053 705 1053 704 1053 696 1058 662 1058 654 1052 653 1052 652 1052 651 1052 650 1052 633 1057 618 1051 617 1051 617 1051 616 1051 615 1051 608 1057 583 1051 582 1051 518 1057 512 1052 512 1051 511 1051 510 1051 465 1051 464 1051 463 1051 462 1051 455 1057 426 1057 416 1051 415 1051 415 1051 414 1051 385 1055 349 1051 349 1051 348 1051 337 1056 337 1077"/>
                        </Shape>
                        <String CONTENT=""/>
                    </TextLine>

                    <TextLine ID="line_31" HPOS="338" VPOS="1083" WIDTH="579" HEIGHT="41" BASELINE="339 1108 917 1111" TAGREFS="TYPE_1">
                        <Shape>
                            <Polygon POINTS="339 1108 338 1119 915 1124 917 1111 916 1091 880 1086 879 1086 836 1090 833 1090 831 1090 810 1086 810 1086 809 1086 794 1090 792 1090 691 1090 690 1090 683 1085 682 1085 681 1085 680 1085 610 1089 603 1084 602 1084 601 1084 600 1084 543 1089 539 1089 534 1089 469 1083 469 1083 440 1088 438 1088 339 1088 339 1108"/>
                        </Shape>
                        <String CONTENT=""/>
                    </TextLine>

                    <TextLine ID="line_32" HPOS="335" VPOS="1121" WIDTH="579" HEIGHT="37" BASELINE="335 1141 914 1143" TAGREFS="TYPE_1">
                        <Shape>
                            <Polygon POINTS="335 1141 335 1155 497 1152 515 1155 528 1157 529 1157 545 1155 560 1153 588 1155 624 1157 625 1157 625 1157 634 1155 641 1153 680 1155 768 1158 769 1158 860 1154 863 1154 864 1154 880 1158 881 1158 882 1158 913 1153 914 1143 914 1121 335 1121 335 1141"/>
                        </Shape>
                        <String CONTENT=""/>
                    </TextLine>

                    <TextLine ID="line_33" HPOS="336" VPOS="1152" WIDTH="578" HEIGHT="45" BASELINE="336 1173 914 1176" TAGREFS="TYPE_1">
                        <Shape>
                            <Polygon POINTS="336 1173 337 1194 351 1190 358 1194 358 1195 359 1195 360 1195 361 1195 378 1194 423 1191 435 1193 443 1195 444 1195 444 1195 452 1193 475 1187 489 1192 490 1192 491 1192 493 1192 530 1188 573 1192 608 1195 609 1195 625 1191 641 1188 649 1191 658 1195 658 1195 659 1195 698 1190 716 1188 723 1190 741 1196 742 1196 743 1196 744 1196 753 1190 761 1197 762 1197 763 1197 764 1197 799 1189 803 1188 805 1189 810 1194 811 1194 812 1194 813 1194 830 1192 839 1197 840 1197 841 1197 842 1197 863 1188 864 1188 913 1188 914 1176 913 1152 336 1152 336 1173"/>
                        </Shape>
                        <String CONTENT=""/>
                    </TextLine>
</TextBlock>
                <TextBlock ID="block_4" HPOS="857" VPOS="1185" WIDTH="57" HEIGHT="35" TAGREFS="TYPE_27">
                    <Shape>
                        <Polygon POINTS="857.8670654296875 1185.7669677734375 914.8523559570312 1185.7669677734375 914.8523559570312 1220.66845703125 857.8670654296875 1220.66845703125 857.8670654296875 1185.7669677734375"/>
                    </Shape>
                    <TextLine ID="line_34" HPOS="857" VPOS="1186" WIDTH="60" HEIGHT="39" BASELINE="857 1209 917 1209" TAGREFS="TYPE_1">
                        <Shape>
                            <Polygon POINTS="857 1209 857 1225 917 1221 917 1209 917 1186 857 1186 857 1209"/>
                        </Shape>
                        <String CONTENT=""/>
                    </TextLine>
</TextBlock>
            </PrintSpace>
        </Page>
    </Layout>
</alto>