<?xml version="1.0" encoding="UTF-8"?>
<alto xmlns:xsi="http://www.w3.org/2001/XMLSchema-instance"
    xmlns="http://www.loc.gov/standards/alto/ns-v4#"
    xsi:schemaLocation="http://www.loc.gov/standards/alto/ns-v4# http://www.loc.gov/standards/alto/v4/alto-4-3.xsd">
    <Description>
        <MeasurementUnit>pixel</MeasurementUnit>
        <sourceImageInformation>
            <fileName>bsb00027764_00192.jpg</fileName>
        </sourceImageInformation>
        <Processing ID="OCR_0">
            <processingCategory>other</processingCategory>
            <processingStepDescription>unknown</processingStepDescription>
            <processingSoftware>
                <softwareName>kraken</softwareName>
                <softwareVersion>4.3.13</softwareVersion>
            </processingSoftware>
        </Processing>
    </Description>
    <Tags>
        <OtherTag ID="TYPE_1" LABEL="DefaultLine"/>
        <OtherTag ID="TYPE_2" LABEL="GraphicZone-Maths"/>
        <OtherTag ID="TYPE_3" LABEL="TitlePageZone-Index"/>
        <OtherTag ID="TYPE_4" LABEL="MainZone-Lg"/>
        <OtherTag ID="TYPE_5" LABEL="MainZone-Date"/>
        <OtherTag ID="TYPE_6" LABEL="QuireMarksZone"/>
        <OtherTag ID="TYPE_7" LABEL="MainZone-Entry-Continued"/>
        <OtherTag ID="TYPE_8" LABEL="MainZone-Entry"/>
        <OtherTag ID="TYPE_9" LABEL="MainZone-P-Continued"/>
        <OtherTag ID="TYPE_10" LABEL="NumberingZone"/>
        <OtherTag ID="TYPE_11" LABEL="GraphicZone-TextualContent"/>
        <OtherTag ID="TYPE_12" LABEL="TableZone-Continued"/>
        <OtherTag ID="TYPE_13" LABEL="MainZone-Signature"/>
        <OtherTag ID="TYPE_14" LABEL="MainZone-Sp"/>
        <OtherTag ID="TYPE_15" LABEL="FigureZone-FigDesc"/>
        <OtherTag ID="TYPE_16" LABEL="RunningTitleZone"/>
        <OtherTag ID="TYPE_17" LABEL="TableZone"/>
        <OtherTag ID="TYPE_18" LABEL="MainZone-P"/>
        <OtherTag ID="TYPE_19" LABEL="TitlePageZone"/>
        <OtherTag ID="TYPE_20" LABEL="GraphicZone"/>
        <OtherTag ID="TYPE_21" LABEL="MainZone-Lg-Continued"/>
        <OtherTag ID="TYPE_22" LABEL="MainZone-Head"/>
        <OtherTag ID="TYPE_23" LABEL="DigitizationArtefactZone"/>
        <OtherTag ID="TYPE_24" LABEL="MainZone-Form"/>
        <OtherTag ID="TYPE_25" LABEL="MainZone-Sp-Continued"/>
        <OtherTag ID="TYPE_26" LABEL="GraphicZone-Head"/>
        <OtherTag ID="TYPE_27" LABEL="StampZone-Sticker"/>
        <OtherTag ID="TYPE_28" LABEL="FigureZone-Head"/>
        <OtherTag ID="TYPE_29" LABEL="MainZone-Other"/>
        <OtherTag ID="TYPE_30" LABEL="GraphicZone-Part"/>
        <OtherTag ID="TYPE_31" LABEL="DropCapitalZone"/>
        <OtherTag ID="TYPE_32" LABEL="MarginTextZone-ManuscriptAddendum"/>
        <OtherTag ID="TYPE_33" LABEL="FigureZone"/>
        <OtherTag ID="TYPE_34" LABEL="StampZone"/>
        <OtherTag ID="TYPE_35" LABEL="MainZone-List"/>
        <OtherTag ID="TYPE_36" LABEL="GraphicZone-Decoration"/>
        <OtherTag ID="TYPE_37" LABEL="AdvertisementZone"/>
        <OtherTag ID="TYPE_38" LABEL="TableZone-Head"/>
        <OtherTag ID="TYPE_39" LABEL="MarginTextZone-Notes"/>
        <OtherTag ID="TYPE_40" LABEL="GraphicZone-FigDesc"/>
        <OtherTag ID="TYPE_41" LABEL="MarginTextZone-Notes-Continued"/>
        <OtherTag ID="TYPE_42" LABEL="MainZone-List-Continued"/>
    </Tags>
    <Layout>
        <Page WIDTH="1203" HEIGHT="1884" PHYSICAL_IMG_NR="0" ID="page_0">
            <PrintSpace HPOS="0" VPOS="0" WIDTH="1203" HEIGHT="1884">
                <TextBlock ID="block_2" HPOS="386" VPOS="144" WIDTH="725" HEIGHT="58" TAGREFS="TYPE_16">
                    <Shape>
                        <Polygon POINTS="386.25103759765625 144.67691040039062 1111.1317138671875 144.67691040039062 1111.1317138671875 202.33169555664062 386.25103759765625 202.33169555664062 386.25103759765625 144.67691040039062"/>
                    </Shape>
                    <TextLine ID="line_0" HPOS="382" VPOS="151" WIDTH="729" HEIGHT="57" BASELINE="383 191 568 190 874 176 982 177 1111 188" TAGREFS="TYPE_1">
                        <Shape>
                            <Polygon POINTS="1103 151 1093 151 1082 151 1072 151 1061 151 1051 151 1040 151 1030 151 1020 151 1010 151 999 151 989 151 978 151 968 151 958 151 947 151 946 151 937 151 926 151 916 151 912 151 905 151 895 151 884 151 874 151 863 151 853 151 845 151 843 153 797 153 793 151 790 151 780 151 769 151 759 151 748 151 738 151 727 151 717 151 706 151 696 151 685 151 675 151 664 151 654 151 643 151 633 151 622 151 612 151 602 151 600 151 588 158 571 151 570 151 560 151 549 151 548 151 531 155 480 151 476 151 465 151 461 151 429 160 406 153 403 154 402 153 382 161 383 191 383 205 478 208 479 208 504 204 543 197 560 204 564 205 565 205 566 205 585 203 633 197 655 203 663 204 664 204 665 204 666 204 669 202 678 195 701 202 709 204 710 204 711 204 713 204 720 202 749 192 785 198 786 198 787 198 809 189 894 188 965 196 966 196 967 196 968 196 981 187 1038 197 1039 197 1040 197 1111 196 1111 188 1110 151 1103 151"/>
                        </Shape>
                        <String CONTENT=""/>
                    </TextLine>
</TextBlock>
                <TextBlock ID="block_5" HPOS="359" VPOS="200" WIDTH="656" HEIGHT="67" TAGREFS="TYPE_25">
                    <Shape>
                        <Polygon POINTS="359.1655578613281 200.9065399169922 1015.2423095703125 200.9065399169922 1015.2423095703125 267.3792419433594 359.1655578613281 267.3792419433594 359.1655578613281 200.9065399169922"/>
                    </Shape>
                    <TextLine ID="line_1" HPOS="350" VPOS="210" WIDTH="662" HEIGHT="65" BASELINE="352 255 583 249 840 234 1012 232" TAGREFS="TYPE_1">
                        <Shape>
                            <Polygon POINTS="989 210 978 210 968 210 958 210 947 210 937 210 926 210 916 210 905 210 895 210 884 210 874 210 863 210 853 210 842 210 832 210 821 210 811 210 800 210 790 210 780 210 774 210 773 211 737 211 732 210 727 210 717 210 706 210 696 210 685 210 682 210 675 210 664 210 654 210 643 210 633 210 632 210 624 213 615 216 600 214 575 210 570 210 560 210 549 210 540 210 539 210 538 210 538 211 532 216 531 216 517 211 516 211 515 211 514 211 503 216 496 220 479 217 457 213 456 213 455 213 454 213 447 218 441 222 424 222 419 219 415 216 415 215 414 215 413 215 412 215 350 220 352 255 352 266 379 275 380 275 381 275 460 263 465 263 470 263 508 270 509 270 558 267 559 267 560 267 560 266 566 261 599 266 600 266 602 266 616 259 619 258 627 259 658 264 659 264 660 264 676 259 706 262 707 262 708 262 709 262 709 261 715 257 718 253 772 252 780 255 786 257 787 257 788 257 789 257 797 254 808 251 815 254 825 258 826 258 827 258 828 258 842 253 855 249 862 253 867 255 869 255 870 256 910 256 910 255 911 255 924 251 940 245 1011 248 1012 232 992 210 989 210"/>
                        </Shape>
                        <String CONTENT=""/>
                    </TextLine>
</TextBlock>
                <TextBlock ID="block_1" HPOS="353" VPOS="261" WIDTH="796" HEIGHT="476" TAGREFS="TYPE_14">
                    <Shape>
                        <Polygon POINTS="353.95263671875 261.86102294921875 1149.2529296875 261.86102294921875 1149.2529296875 737.5029296875 353.95263671875 737.5029296875 353.95263671875 261.86102294921875"/>
                    </Shape>
                    <TextLine ID="line_2" HPOS="571" VPOS="274" WIDTH="369" HEIGHT="47" BASELINE="573 307 940 292" TAGREFS="TYPE_1">
                        <Shape>
                            <Polygon POINTS="938 274 927 274 917 274 906 274 896 274 885 274 875 274 864 274 854 274 843 274 833 274 822 274 815 274 793 276 752 279 747 277 743 274 739 274 728 274 718 274 707 274 697 274 686 274 676 274 665 274 655 274 644 274 639 274 633 279 630 281 628 279 622 275 622 274 621 274 620 274 619 274 571 280 573 307 573 316 596 321 597 321 741 308 747 308 748 308 767 314 768 314 769 314 816 305 818 305 820 305 885 308 886 308 887 308 888 308 888 307 895 301 940 299 940 292 938 274 938 274"/>
                        </Shape>
                        <String CONTENT=""/>
                    </TextLine>

                    <TextLine ID="line_3" HPOS="382" VPOS="305" WIDTH="761" HEIGHT="87" BASELINE="384 372 904 349 1033 353 1143 367" TAGREFS="TYPE_1">
                        <Shape>
                            <Polygon POINTS="384 372 385 392 427 379 443 390 444 390 446 390 447 390 448 390 461 386 474 390 478 391 479 391 480 391 481 391 482 391 484 389 499 382 575 382 576 382 577 382 578 382 588 373 608 383 609 383 610 383 611 383 612 383 622 375 630 380 631 380 632 380 633 380 634 380 635 380 635 379 641 374 680 375 681 375 682 375 713 365 856 361 881 368 882 368 883 368 916 363 942 372 943 372 944 372 989 367 990 367 991 367 1003 359 1038 371 1039 371 1040 371 1041 371 1057 366 1065 372 1066 372 1067 372 1068 372 1142 369 1143 367 1140 311 1000 316 996 315 975 306 974 306 973 306 972 306 971 306 959 315 917 305 916 305 867 314 845 308 844 308 843 308 785 312 784 312 783 312 772 320 771 320 754 311 753 311 727 311 726 311 725 311 724 311 716 319 697 314 696 314 695 314 694 314 678 322 676 323 669 322 635 317 634 317 633 317 613 323 609 323 542 322 541 322 540 322 539 322 536 325 530 328 514 326 476 320 475 320 474 320 473 320 463 327 382 328 384 372"/>
                        </Shape>
                        <String CONTENT=""/>
                    </TextLine>

                    <TextLine ID="line_4" HPOS="354" VPOS="357" WIDTH="730" HEIGHT="84" BASELINE="357 423 568 416 810 400 970 399 1084 405" TAGREFS="TYPE_1">
                        <Shape>
                            <Polygon POINTS="357 423 357 441 386 441 386 440 387 440 388 440 388 439 395 433 409 439 410 439 411 439 412 439 419 438 462 433 491 436 494 436 495 436 496 436 497 436 508 429 523 433 524 433 525 433 575 424 608 432 609 432 610 432 611 432 612 432 625 422 688 418 705 425 706 425 707 425 708 425 733 417 759 427 760 427 761 427 762 427 763 427 780 415 787 419 788 419 789 419 845 413 867 422 869 422 870 423 872 423 895 423 895 422 896 422 897 422 917 410 961 409 978 419 979 419 981 419 982 419 986 419 1021 413 1083 415 1084 405 1081 368 1038 369 1037 369 1021 357 1020 357 1019 357 1018 357 1017 357 1000 364 974 357 973 357 972 357 917 369 890 361 889 361 867 361 866 361 865 361 864 361 847 371 802 363 800 363 799 363 755 375 709 366 708 366 672 368 671 368 670 368 653 380 620 369 619 369 618 369 617 369 583 385 549 376 548 376 547 376 546 376 545 376 527 387 526 388 498 388 438 389 424 379 422 379 421 379 420 379 419 379 395 387 370 384 369 384 368 384 367 384 354 390 357 423"/>
                        </Shape>
                        <String CONTENT=""/>
                    </TextLine>

                    <TextLine ID="line_5" HPOS="392" VPOS="414" WIDTH="742" HEIGHT="80" BASELINE="394 482 614 467 847 459 1022 461 1134 476" TAGREFS="TYPE_1">
                        <Shape>
                            <Polygon POINTS="394 482 394 487 407 494 408 494 409 494 522 491 523 491 543 485 555 482 570 485 576 486 577 486 578 486 580 486 581 485 590 478 658 475 681 481 682 481 683 481 684 481 685 481 700 472 734 471 763 471 796 482 805 485 806 485 807 485 808 485 809 485 813 482 835 468 879 474 880 474 881 474 898 467 952 471 953 471 954 471 976 465 1062 479 1070 480 1071 480 1133 478 1134 476 1132 428 1060 428 1059 428 1025 414 1023 414 1022 414 973 424 889 417 888 417 887 417 876 422 831 418 830 418 829 418 828 418 815 427 788 419 787 419 786 419 785 419 762 428 742 422 741 422 740 422 739 422 708 431 706 432 648 432 637 432 636 432 635 432 634 432 634 433 628 438 611 437 604 432 592 423 591 423 590 423 589 423 588 423 558 432 532 440 463 441 447 433 439 430 438 430 437 430 436 430 435 430 431 433 425 438 416 433 410 430 409 430 408 430 392 433 394 482"/>
                        </Shape>
                        <String CONTENT=""/>
                    </TextLine>

                    <TextLine ID="line_6" HPOS="385" VPOS="473" WIDTH="753" HEIGHT="80" BASELINE="386 539 676 519 827 514 982 516 1138 530" TAGREFS="TYPE_1">
                        <Shape>
                            <Polygon POINTS="386 539 386 544 401 553 402 553 403 553 404 553 456 552 457 552 458 552 471 545 515 546 516 546 517 546 518 546 525 542 528 540 531 541 538 544 539 544 540 544 554 541 566 539 570 541 582 547 583 547 584 547 585 547 586 547 593 541 600 533 683 532 702 539 703 539 704 539 705 539 723 531 732 539 740 545 741 545 742 545 743 545 744 545 745 545 752 539 764 530 796 539 797 539 798 539 799 539 800 539 802 539 820 528 863 528 880 535 881 535 882 535 883 535 922 526 956 526 970 536 972 539 973 539 974 539 975 540 997 540 997 539 998 539 999 539 999 537 1001 536 1010 529 1020 536 1022 537 1023 537 1025 537 1026 537 1037 535 1059 532 1135 534 1138 530 1135 488 1051 489 999 473 998 473 997 473 996 473 995 473 969 488 932 476 931 476 878 475 877 475 853 476 852 476 827 488 804 482 803 482 802 482 800 482 781 491 727 479 726 479 657 490 634 482 633 482 600 482 599 482 598 482 597 482 584 491 550 486 549 486 548 486 547 486 523 503 522 503 521 503 427 494 426 494 425 494 424 494 407 505 385 506 386 539"/>
                        </Shape>
                        <String CONTENT=""/>
                    </TextLine>

                    <TextLine ID="line_7" HPOS="353" VPOS="526" WIDTH="786" HEIGHT="77" BASELINE="355 588 629 570 856 564 1032 567 1139 579" TAGREFS="TYPE_1">
                        <Shape>
                            <Polygon POINTS="355 588 355 603 388 603 388 602 389 602 390 602 403 593 413 600 414 600 415 600 416 600 446 594 470 600 472 600 473 600 474 600 475 600 476 600 502 589 523 597 524 597 525 597 526 597 555 585 566 591 567 591 568 591 569 591 570 591 581 586 609 591 610 591 611 591 638 580 660 585 661 585 759 578 772 587 773 587 774 587 775 587 776 587 798 576 934 576 954 587 955 587 956 587 958 587 959 587 982 573 1019 584 1020 584 1021 584 1022 584 1023 584 1037 575 1064 585 1065 585 1066 585 1139 582 1139 579 1137 539 1073 539 1072 539 1041 526 1040 526 1039 526 1038 526 1027 531 1004 528 1003 528 1001 528 1000 528 993 534 970 528 969 528 968 528 967 528 966 528 955 535 882 539 856 533 855 533 854 533 853 533 847 540 831 531 830 531 829 531 828 531 818 535 790 530 789 530 704 540 693 541 685 540 651 534 650 534 649 534 648 534 641 540 637 544 612 545 549 542 548 542 547 542 546 542 532 550 480 548 479 548 478 548 477 548 465 555 409 547 408 547 407 547 391 551 375 542 374 542 373 542 353 542 355 588"/>
                        </Shape>
                        <String CONTENT=""/>
                    </TextLine>

                    <TextLine ID="line_8" HPOS="352" VPOS="573" WIDTH="782" HEIGHT="76" BASELINE="353 637 575 622 861 614 999 616 1134 630" TAGREFS="TYPE_1">
                        <Shape>
                            <Polygon POINTS="353 637 353 646 394 649 395 649 420 645 443 642 461 645 475 647 476 647 477 647 486 644 519 635 541 640 542 640 543 640 544 640 555 634 561 639 562 639 563 639 564 639 565 639 566 639 574 634 622 637 624 637 660 630 694 641 695 641 696 641 697 641 698 641 698 640 708 631 728 639 729 639 730 639 731 639 761 629 786 632 787 632 788 632 806 626 838 636 839 636 840 636 905 624 953 629 954 629 986 623 1001 631 1003 631 1004 631 1005 631 1006 631 1017 622 1035 636 1036 636 1037 636 1038 636 1134 634 1134 630 1132 587 1054 576 1053 576 1052 576 1051 576 1037 588 1017 574 1016 574 1015 574 1014 574 1013 574 1012 574 994 588 967 573 966 573 965 573 896 574 812 576 811 576 787 589 730 584 729 584 728 584 703 595 653 580 652 580 624 580 622 580 621 580 588 595 558 592 557 592 530 597 518 588 517 588 516 588 515 588 514 588 500 591 486 586 485 586 484 586 483 586 482 586 457 600 457 601 352 602 353 637"/>
                        </Shape>
                        <String CONTENT=""/>
                    </TextLine>

                    <TextLine ID="line_9" HPOS="351" VPOS="628" WIDTH="786" HEIGHT="76" BASELINE="352 685 489 676 805 665 983 666 1137 680" TAGREFS="TYPE_1">
                        <Shape>
                            <Polygon POINTS="352 685 353 704 372 694 395 703 396 703 397 703 398 703 453 684 479 693 480 693 481 693 482 693 494 689 504 698 505 698 506 698 507 698 508 698 538 687 576 698 577 698 578 698 580 698 606 688 624 696 625 696 626 696 627 696 628 696 652 680 663 688 664 688 665 688 666 688 667 688 688 678 761 678 789 685 790 685 791 685 792 685 825 677 848 685 849 685 850 685 851 685 875 677 919 677 929 683 930 683 931 683 932 683 933 683 960 677 991 690 992 690 993 690 994 690 1017 683 1034 694 1035 694 1036 694 1037 694 1135 693 1137 680 1134 640 1060 640 1059 640 1037 629 1036 629 1035 629 975 637 963 628 962 628 961 628 943 628 942 628 941 628 924 635 907 628 906 628 905 628 904 628 903 628 894 635 859 629 858 629 814 638 742 630 741 630 740 630 717 641 706 637 705 637 704 637 679 642 663 636 662 636 661 636 660 636 648 643 635 633 634 633 633 633 632 633 631 633 612 643 606 646 587 643 527 633 506 633 505 633 504 633 503 633 487 644 479 648 351 645 352 685"/>
                        </Shape>
                        <String CONTENT=""/>
                    </TextLine>

                    <TextLine ID="line_10" HPOS="352" VPOS="683" WIDTH="396" HEIGHT="65" BASELINE="354 733 527 724 748 719" TAGREFS="TYPE_1">
                        <Shape>
                            <Polygon POINTS="354 733 354 748 416 739 437 746 441 747 442 747 443 747 455 745 503 736 543 742 557 743 558 743 559 743 560 743 562 741 570 734 624 732 639 737 645 739 647 739 648 739 649 739 661 736 685 730 747 732 748 719 745 690 689 691 680 684 680 683 679 683 678 683 677 683 651 684 650 684 649 684 634 693 620 685 619 685 618 685 617 685 616 685 588 696 585 696 446 691 444 691 443 691 442 691 430 700 370 697 369 697 368 697 352 703 354 733"/>
                        </Shape>
                        <String CONTENT=""/>
                    </TextLine>
</TextBlock>
                <TextBlock ID="block_4" HPOS="351" VPOS="774" WIDTH="803" HEIGHT="223" TAGREFS="TYPE_18">
                    <Shape>
                        <Polygon POINTS="351.6361999511719 774.318603515625 1154.5037841796875 774.318603515625 1154.5037841796875 997.208251953125 351.6361999511719 997.208251953125 351.6361999511719 774.318603515625"/>
                    </Shape>
                    <TextLine ID="line_11" HPOS="448" VPOS="729" WIDTH="586" HEIGHT="71" BASELINE="450 785 810 774 1034 774" TAGREFS="TYPE_1">
                        <Shape>
                            <Polygon POINTS="450 785 450 792 598 800 599 800 600 800 637 790 673 798 674 798 675 798 676 798 676 797 687 788 732 791 733 791 734 791 748 786 758 792 759 792 760 792 761 792 762 792 763 792 773 786 817 795 818 795 819 795 820 795 820 794 830 783 869 783 897 794 898 794 899 794 924 793 925 793 926 793 941 783 1021 791 1022 791 1023 791 1025 791 1025 790 1034 779 1034 774 1033 741 961 741 949 734 948 734 947 734 946 734 945 734 937 741 934 741 900 734 899 734 898 734 880 741 877 742 875 741 866 735 865 735 864 735 863 735 817 741 816 741 815 741 780 729 778 729 748 729 747 729 718 730 717 730 696 742 685 747 664 746 659 742 649 732 648 732 647 732 610 732 609 732 608 732 585 742 566 749 520 749 513 742 504 734 503 734 502 734 501 734 448 742 450 785"/>
                        </Shape>
                        <String CONTENT=""/>
                    </TextLine>

                    <TextLine ID="line_12" HPOS="377" VPOS="811" WIDTH="761" HEIGHT="45" BASELINE="379 841 926 830 1138 842" TAGREFS="TYPE_1">
                        <Shape>
                            <Polygon POINTS="1100 811 1089 811 1079 811 1068 811 1058 811 1048 811 1037 811 1027 811 1016 811 1006 811 995 811 985 811 976 811 969 813 965 813 956 813 934 811 932 811 922 811 911 811 901 811 890 811 880 811 875 811 837 813 820 814 818 814 812 811 807 811 796 811 786 811 775 811 765 811 754 811 744 811 733 811 723 811 713 811 702 811 692 811 681 811 672 811 667 814 666 816 664 814 660 811 650 811 639 811 629 811 618 811 608 811 597 811 587 811 578 815 574 817 570 815 562 811 555 811 545 811 535 811 524 811 514 811 503 811 493 811 489 811 433 816 429 816 428 816 420 811 419 811 409 811 398 811 388 811 381 811 377 813 379 841 379 856 480 846 499 851 500 851 501 851 502 851 522 845 553 845 566 854 567 854 568 854 569 854 570 854 571 854 571 853 580 846 610 855 612 855 613 855 614 855 620 855 695 843 732 854 734 854 736 854 737 854 738 854 739 854 754 843 866 846 867 846 869 846 880 841 916 841 933 848 934 848 936 848 937 848 960 841 978 848 979 848 981 848 982 848 993 843 1035 850 1036 850 1037 850 1137 849 1138 842 1137 812 1107 811 1100 811"/>
                        </Shape>
                        <String CONTENT=""/>
                    </TextLine>

                    <TextLine ID="line_13" HPOS="347" VPOS="843" WIDTH="796" HEIGHT="62" BASELINE="348 890 880 879 1143 892" TAGREFS="TYPE_1">
                        <Shape>
                            <Polygon POINTS="348 890 348 905 403 905 404 905 418 898 485 905 486 905 487 905 488 905 503 895 530 899 531 899 532 899 544 893 589 904 590 904 649 891 721 895 722 895 897 890 909 898 910 898 911 898 912 898 914 898 915 898 923 890 972 889 1019 901 1020 901 1021 901 1022 901 1035 894 1058 901 1059 901 1060 901 1142 900 1143 892 1142 855 976 855 959 843 958 843 956 843 932 843 931 843 930 843 929 843 921 848 802 844 800 844 799 844 773 855 762 846 761 846 760 846 759 846 758 846 744 854 706 846 705 846 625 857 622 857 621 857 597 846 596 846 595 846 559 847 558 847 557 847 545 857 497 847 496 847 495 847 475 858 472 860 429 860 426 858 403 847 402 847 401 847 399 847 398 847 384 857 347 858 348 890"/>
                        </Shape>
                        <String CONTENT=""/>
                    </TextLine>

                    <TextLine ID="line_14" HPOS="349" VPOS="893" WIDTH="794" HEIGHT="63" BASELINE="350 940 705 930 914 929 1143 940" TAGREFS="TYPE_1">
                        <Shape>
                            <Polygon POINTS="350 940 350 956 573 956 573 955 574 955 578 954 619 943 687 950 688 950 689 950 713 942 751 942 766 951 767 951 768 951 769 951 770 951 771 951 782 944 793 953 794 954 795 954 796 954 797 954 798 954 802 953 826 940 890 940 965 940 988 951 992 953 993 953 994 953 1004 951 1026 947 1141 950 1143 940 1142 908 1063 902 1062 902 1061 902 1045 908 1044 908 1043 908 988 898 987 898 946 905 931 894 930 894 929 894 928 894 927 894 915 899 907 893 906 893 905 893 904 893 733 902 710 894 709 894 708 894 657 895 656 895 655 895 632 910 578 902 577 902 576 902 552 910 533 904 532 904 531 904 483 908 455 896 454 896 453 896 452 896 422 911 405 907 404 907 403 907 349 912 350 940"/>
                        </Shape>
                        <String CONTENT=""/>
                    </TextLine>

                    <TextLine ID="line_15" HPOS="349" VPOS="942" WIDTH="637" HEIGHT="62" BASELINE="350 990 759 979 986 980" TAGREFS="TYPE_1">
                        <Shape>
                            <Polygon POINTS="350 990 350 1004 435 1004 441 1003 466 997 473 1002 474 1003 475 1003 476 1003 477 1003 478 1003 482 1002 501 996 518 1001 522 1002 523 1002 524 1002 541 1000 581 996 595 999 606 1001 607 1001 608 1001 616 998 633 993 648 998 655 1000 656 1000 657 1000 658 1000 664 997 673 993 752 995 781 995 782 995 783 995 788 994 803 990 837 992 862 994 863 994 864 994 871 992 878 989 889 991 915 996 916 996 986 988 986 980 984 950 903 951 901 950 896 945 895 945 894 945 893 945 892 945 876 950 873 951 872 950 865 945 865 944 864 944 863 944 862 944 861 944 849 949 819 942 818 942 817 942 816 942 815 942 804 950 771 943 770 943 769 943 750 951 744 953 698 951 605 946 604 946 603 946 589 951 574 958 495 958 480 952 471 948 470 948 469 948 468 948 459 952 444 959 417 952 408 950 407 950 406 950 405 950 404 950 404 951 402 952 395 958 382 952 375 950 374 950 373 950 349 952 350 990"/>
                        </Shape>
                        <String CONTENT=""/>
                    </TextLine>
</TextBlock>
                <TextBlock ID="textblock_5">
                    
                    <TextLine ID="line_16" HPOS="375" VPOS="1002" WIDTH="736" HEIGHT="65" BASELINE="376 1048 722 1040 945 1040 1111 1049" TAGREFS="TYPE_1">
                        <Shape>
                            <Polygon POINTS="1098 1044 1087 1044 1077 1044 1066 1044 1056 1044 1045 1044 1035 1044 1025 1044 1014 1042 1004 1042 993 1042 990 1023 948 1002 947 1002 946 1002 921 1007 912 1002 911 1002 910 1002 843 1002 842 1002 670 1004 636 1010 635 1010 634 1010 619 1021 616 1042 606 1042 595 1042 585 1042 574 1042 564 1042 553 1042 543 1042 532 1044 522 1044 511 1044 501 1044 491 1044 480 1044 470 1044 459 1044 449 1044 438 1044 428 1044 417 1044 407 1044 396 1044 386 1044 375 1044 376 1048 376 1055 387 1055 401 1066 402 1066 403 1066 404 1067 516 1067 516 1066 517 1066 544 1056 554 1052 572 1057 604 1063 605 1063 606 1063 607 1063 615 1057 622 1051 695 1051 718 1058 725 1060 726 1060 727 1060 728 1060 729 1060 731 1058 744 1051 806 1051 815 1059 815 1060 816 1060 817 1060 818 1060 819 1060 821 1059 848 1050 892 1050 910 1060 917 1063 918 1063 919 1063 941 1061 1004 1052 1014 1060 1015 1060 1016 1060 1017 1060 1052 1055 1071 1062 1072 1062 1073 1063 1111 1063 1111 1049 1105 1044 1098 1044"/>
                        </Shape>
                        <String CONTENT=""/>
                    </TextLine>

                </TextBlock>
                <TextBlock ID="block_3" HPOS="344" VPOS="1060" WIDTH="806" HEIGHT="463" TAGREFS="TYPE_18">
                    <Shape>
                        <Polygon POINTS="344.5586242675781 1060.6314697265625 1150.2523193359375 1060.6314697265625 1150.2523193359375 1523.8885498046875 344.5586242675781 1523.8885498046875 344.5586242675781 1060.6314697265625"/>
                    </Shape>
                    <TextLine ID="line_17" HPOS="377" VPOS="1060" WIDTH="764" HEIGHT="59" BASELINE="379 1104 879 1094 1141 1107" TAGREFS="TYPE_1">
                        <Shape>
                            <Polygon POINTS="379 1104 379 1109 411 1118 412 1118 413 1119 544 1119 544 1118 545 1118 562 1110 565 1109 577 1110 613 1115 614 1115 615 1115 616 1115 621 1111 625 1108 629 1111 639 1117 640 1117 641 1117 642 1118 669 1118 669 1117 670 1117 684 1111 693 1108 798 1112 819 1112 820 1112 823 1112 851 1107 859 1112 863 1115 864 1115 865 1115 866 1115 867 1115 875 1112 887 1107 914 1112 919 1113 920 1113 931 1112 992 1107 1013 1113 1025 1116 1026 1116 1027 1116 1140 1113 1141 1107 1139 1069 1049 1069 1048 1069 1020 1060 1019 1060 1018 1060 896 1065 873 1060 872 1060 871 1060 870 1060 847 1066 835 1061 834 1061 833 1061 770 1067 705 1061 704 1061 541 1071 489 1062 488 1062 487 1062 486 1062 475 1072 424 1072 412 1065 411 1065 410 1065 409 1065 377 1072 379 1104"/>
                        </Shape>
                        <String CONTENT=""/>
                    </TextLine>

                    <TextLine ID="line_18" HPOS="347" VPOS="1110" WIDTH="797" HEIGHT="62" BASELINE="348 1153 914 1146 1144 1159" TAGREFS="TYPE_1">
                        <Shape>
                            <Polygon POINTS="1028 1110 1025 1110 1011 1114 996 1110 986 1110 982 1110 971 1118 969 1120 947 1120 944 1118 925 1110 923 1110 912 1110 903 1110 873 1114 814 1110 808 1110 797 1110 787 1110 777 1110 759 1116 696 1110 693 1110 682 1110 680 1110 660 1119 657 1120 651 1119 628 1115 627 1115 599 1119 594 1120 592 1119 581 1110 577 1110 572 1110 553 1119 551 1120 548 1119 507 1110 504 1110 498 1110 484 1120 482 1120 463 1120 434 1119 422 1111 421 1111 420 1111 419 1111 418 1111 392 1119 364 1111 363 1111 362 1111 361 1111 360 1111 347 1117 348 1153 348 1159 381 1171 382 1171 383 1172 447 1172 447 1171 448 1171 461 1163 489 1171 491 1171 492 1171 493 1171 526 1161 537 1159 541 1162 554 1171 555 1171 557 1171 558 1171 559 1171 591 1162 606 1159 637 1163 674 1168 675 1168 676 1168 677 1168 681 1163 688 1158 724 1163 725 1163 726 1163 727 1163 738 1156 903 1156 962 1164 963 1164 964 1164 965 1164 974 1158 1012 1167 1142 1169 1144 1159 1142 1118 1056 1119 1053 1118 1034 1110 1028 1110"/>
                        </Shape>
                        <String CONTENT=""/>
                    </TextLine>

                    <TextLine ID="line_19" HPOS="350" VPOS="1158" WIDTH="793" HEIGHT="66" BASELINE="351 1204 919 1196 1143 1205" TAGREFS="TYPE_1">
                        <Shape>
                            <Polygon POINTS="351 1204 351 1224 453 1222 454 1222 455 1222 468 1213 493 1212 519 1222 520 1222 521 1222 522 1222 523 1222 542 1210 588 1217 589 1217 662 1208 732 1208 756 1218 758 1218 759 1218 760 1218 777 1209 812 1214 813 1214 814 1214 828 1207 907 1207 943 1217 951 1219 952 1219 953 1220 990 1220 990 1219 991 1219 999 1216 1017 1209 1028 1216 1032 1219 1033 1219 1034 1219 1035 1219 1142 1214 1143 1205 1141 1171 1027 1171 1012 1159 1011 1159 1010 1159 1009 1159 954 1171 905 1158 904 1158 903 1158 755 1159 754 1159 737 1168 650 1159 649 1159 648 1159 647 1159 633 1168 621 1162 620 1162 619 1162 570 1172 537 1167 536 1167 535 1167 517 1174 476 1168 475 1168 435 1173 413 1163 412 1163 411 1163 385 1168 370 1162 369 1162 368 1162 367 1162 366 1162 350 1174 351 1204"/>
                        </Shape>
                        <String CONTENT=""/>
                    </TextLine>

                    <TextLine ID="line_20" HPOS="349" VPOS="1209" WIDTH="793" HEIGHT="63" BASELINE="350 1254 894 1246 1142 1258" TAGREFS="TYPE_1">
                        <Shape>
                            <Polygon POINTS="350 1254 350 1272 411 1269 412 1269 413 1269 425 1262 539 1271 540 1271 592 1260 606 1266 607 1266 608 1266 609 1266 622 1260 658 1260 683 1269 684 1269 685 1269 686 1269 709 1260 763 1260 777 1267 778 1267 780 1267 781 1267 806 1259 839 1265 840 1265 889 1259 908 1267 909 1267 910 1267 911 1267 930 1259 945 1269 946 1269 947 1269 948 1270 995 1270 995 1269 996 1269 1013 1262 1036 1268 1037 1268 1038 1269 1141 1269 1142 1258 1141 1220 1063 1220 1048 1213 1046 1213 1045 1213 1044 1213 1027 1217 1013 1209 1012 1209 1011 1209 1010 1209 1009 1209 996 1220 975 1220 971 1220 932 1209 931 1209 930 1209 929 1209 901 1219 879 1209 878 1209 799 1209 798 1209 797 1209 771 1217 730 1210 729 1210 728 1210 727 1210 710 1221 698 1210 697 1210 696 1210 695 1210 694 1210 679 1217 661 1210 660 1210 659 1210 620 1219 590 1210 589 1210 588 1210 587 1210 559 1222 530 1212 529 1212 528 1212 527 1212 526 1212 510 1222 433 1215 432 1215 431 1215 406 1223 349 1223 350 1254"/>
                        </Shape>
                        <String CONTENT=""/>
                    </TextLine>

                    <TextLine ID="line_21" HPOS="348" VPOS="1260" WIDTH="793" HEIGHT="62" BASELINE="349 1306 881 1296 1141 1306" TAGREFS="TYPE_1">
                        <Shape>
                            <Polygon POINTS="349 1306 349 1322 395 1317 427 1321 428 1321 429 1321 430 1321 437 1316 459 1320 460 1320 461 1320 462 1320 472 1314 507 1317 508 1317 509 1317 510 1317 516 1312 543 1320 544 1320 545 1320 580 1314 607 1319 608 1319 609 1319 621 1312 632 1320 633 1320 634 1320 635 1320 639 1320 656 1319 657 1319 688 1311 774 1311 807 1317 808 1317 809 1317 828 1310 890 1310 919 1318 920 1318 921 1318 923 1318 970 1309 1017 1317 1018 1317 1140 1316 1141 1306 1139 1271 1011 1271 988 1260 987 1260 986 1260 985 1260 953 1270 933 1263 932 1263 931 1263 930 1263 906 1269 899 1264 898 1264 897 1264 788 1261 787 1261 713 1262 711 1262 688 1273 642 1262 641 1262 640 1262 639 1262 618 1272 577 1267 576 1267 575 1267 562 1273 549 1265 548 1265 547 1265 546 1265 545 1265 520 1274 476 1264 475 1264 474 1264 451 1275 366 1264 365 1264 364 1264 363 1264 348 1273 349 1306"/>
                        </Shape>
                        <String CONTENT=""/>
                    </TextLine>

                    <TextLine ID="line_22" HPOS="346" VPOS="1309" WIDTH="796" HEIGHT="63" BASELINE="347 1356 917 1347 1142 1357" TAGREFS="TYPE_1">
                        <Shape>
                            <Polygon POINTS="347 1356 347 1372 381 1366 572 1370 573 1370 574 1370 619 1361 669 1367 670 1367 671 1367 685 1361 744 1360 759 1365 760 1365 761 1365 870 1359 1140 1364 1142 1357 1140 1318 1039 1318 1026 1312 1025 1312 1023 1312 1022 1312 1007 1318 985 1309 984 1309 950 1309 949 1309 948 1309 926 1318 890 1309 889 1309 888 1309 887 1309 870 1314 821 1310 820 1310 819 1310 818 1310 802 1320 770 1310 769 1310 768 1310 767 1310 750 1315 733 1310 732 1310 731 1310 730 1310 706 1318 687 1311 686 1311 629 1311 628 1311 627 1311 598 1322 597 1322 596 1322 575 1312 574 1312 573 1312 572 1312 541 1321 495 1313 494 1313 493 1313 461 1324 459 1324 455 1324 391 1314 390 1314 346 1324 347 1356"/>
                        </Shape>
                        <String CONTENT=""/>
                    </TextLine>

                    <TextLine ID="line_23" HPOS="347" VPOS="1361" WIDTH="797" HEIGHT="64" BASELINE="348 1406 789 1398 1144 1402" TAGREFS="TYPE_1">
                        <Shape>
                            <Polygon POINTS="348 1406 348 1425 392 1424 393 1424 394 1424 406 1416 435 1423 436 1423 437 1423 438 1423 455 1416 541 1422 543 1422 544 1422 546 1422 611 1415 625 1421 630 1423 631 1423 632 1423 633 1423 641 1421 673 1411 711 1411 727 1419 734 1422 736 1422 737 1422 738 1422 746 1419 765 1410 805 1410 882 1410 894 1416 895 1416 896 1416 897 1416 907 1410 941 1415 942 1415 991 1409 999 1415 1008 1420 1009 1420 1010 1420 1011 1420 1144 1411 1144 1402 1142 1373 1061 1373 1037 1361 1036 1361 1035 1361 984 1373 950 1364 949 1364 948 1364 929 1367 921 1361 920 1361 919 1361 841 1361 840 1361 839 1361 808 1370 776 1362 775 1362 774 1362 724 1375 705 1362 704 1362 703 1362 652 1362 651 1362 587 1363 586 1363 585 1363 573 1373 513 1371 511 1371 510 1371 496 1377 437 1371 436 1371 435 1371 434 1371 429 1375 412 1364 411 1364 410 1364 409 1364 408 1364 382 1377 347 1378 348 1406"/>
                        </Shape>
                        <String CONTENT=""/>
                    </TextLine>

                    <TextLine ID="line_24" HPOS="346" VPOS="1411" WIDTH="795" HEIGHT="60" BASELINE="347 1454 743 1448 1141 1452" TAGREFS="TYPE_1">
                        <Shape>
                            <Polygon POINTS="347 1454 347 1471 438 1471 438 1470 439 1470 460 1463 494 1470 495 1470 496 1470 497 1470 520 1462 555 1467 557 1467 652 1462 674 1470 675 1470 676 1470 677 1470 678 1470 692 1462 744 1467 745 1467 746 1467 747 1467 747 1466 753 1461 1139 1469 1141 1452 1140 1423 1029 1423 1008 1411 1007 1411 939 1411 938 1411 937 1411 904 1420 880 1411 879 1411 878 1411 877 1411 862 1417 848 1411 847 1411 845 1411 844 1411 807 1422 754 1411 753 1411 752 1411 731 1421 708 1413 707 1413 674 1413 673 1413 672 1413 671 1413 661 1421 588 1423 518 1413 517 1413 516 1413 478 1423 444 1413 443 1413 442 1413 441 1413 426 1420 387 1416 386 1416 346 1424 347 1454"/>
                        </Shape>
                        <String CONTENT=""/>
                    </TextLine>

                    <TextLine ID="line_25" HPOS="346" VPOS="1461" WIDTH="797" HEIGHT="72" BASELINE="347 1505 911 1499 1143 1505" TAGREFS="TYPE_1">
                        <Shape>
                            <Polygon POINTS="347 1505 347 1519 371 1524 372 1524 411 1520 426 1519 431 1520 462 1533 463 1533 464 1533 515 1528 568 1533 569 1533 597 1528 719 1532 720 1532 750 1526 782 1518 815 1526 820 1527 821 1527 822 1527 825 1526 849 1517 955 1517 976 1528 982 1531 983 1531 984 1532 1008 1532 1008 1531 1009 1531 1015 1529 1051 1516 1099 1530 1100 1530 1101 1530 1102 1531 1142 1531 1143 1505 1141 1471 932 1471 923 1470 855 1461 810 1461 809 1461 808 1461 777 1470 769 1472 719 1471 718 1470 706 1462 705 1462 704 1462 703 1462 653 1468 644 1462 643 1462 642 1462 606 1462 605 1462 604 1462 573 1470 561 1473 552 1470 537 1463 536 1463 535 1463 533 1463 532 1463 521 1470 515 1473 448 1471 446 1470 433 1464 432 1464 431 1464 430 1464 411 1470 407 1471 405 1470 396 1463 395 1463 394 1463 393 1463 346 1469 347 1505"/>
                        </Shape>
                        <String CONTENT=""/>
                    </TextLine>
</TextBlock>
                <TextBlock ID="block_0" HPOS="1033" VPOS="1522" WIDTH="109" HEIGHT="54" TAGREFS="TYPE_6">
                    <Shape>
                        <Polygon POINTS="1033.4588623046875 1522.9749755859375 1142.64404296875 1522.9749755859375 1142.64404296875 1576.1004638671875 1033.4588623046875 1576.1004638671875 1033.4588623046875 1522.9749755859375"/>
                    </Shape>
                    <TextLine ID="line_26" HPOS="1029" VPOS="1521" WIDTH="109" HEIGHT="57" BASELINE="1030 1554 1138 1557" TAGREFS="TYPE_1">
                        <Shape>
                            <Polygon POINTS="1030 1554 1029 1570 1064 1567 1082 1573 1100 1578 1101 1578 1102 1578 1137 1574 1138 1557 1138 1530 1098 1522 1097 1522 1072 1527 1068 1522 1067 1522 1067 1521 1066 1521 1065 1521 1064 1521 1030 1526 1030 1554"/>
                        </Shape>
                        <String CONTENT=""/>
                    </TextLine>
</TextBlock>
            </PrintSpace>
        </Page>
    </Layout>
</alto>