<?xml version="1.0" encoding="UTF-8"?>
<alto xmlns:xsi="http://www.w3.org/2001/XMLSchema-instance"
    xmlns="http://www.loc.gov/standards/alto/ns-v4#"
    xsi:schemaLocation="http://www.loc.gov/standards/alto/ns-v4# http://www.loc.gov/standards/alto/v4/alto-4-3.xsd">
    <Description>
        <MeasurementUnit>pixel</MeasurementUnit>
        <sourceImageInformation>
            <fileName>bsb00027764_00182.jpg</fileName>
        </sourceImageInformation>
        <Processing ID="OCR_0">
            <processingCategory>other</processingCategory>
            <processingStepDescription>unknown</processingStepDescription>
            <processingSoftware>
                <softwareName>kraken</softwareName>
                <softwareVersion>4.3.13</softwareVersion>
            </processingSoftware>
        </Processing>
    </Description>
    <Tags>
        <OtherTag ID="TYPE_1" LABEL="DefaultLine"/>
        <OtherTag ID="TYPE_2" LABEL="GraphicZone-Maths"/>
        <OtherTag ID="TYPE_3" LABEL="TitlePageZone-Index"/>
        <OtherTag ID="TYPE_4" LABEL="MainZone-Lg"/>
        <OtherTag ID="TYPE_5" LABEL="MainZone-Date"/>
        <OtherTag ID="TYPE_6" LABEL="QuireMarksZone"/>
        <OtherTag ID="TYPE_7" LABEL="MainZone-Entry-Continued"/>
        <OtherTag ID="TYPE_8" LABEL="MainZone-Entry"/>
        <OtherTag ID="TYPE_9" LABEL="MainZone-P-Continued"/>
        <OtherTag ID="TYPE_10" LABEL="NumberingZone"/>
        <OtherTag ID="TYPE_11" LABEL="GraphicZone-TextualContent"/>
        <OtherTag ID="TYPE_12" LABEL="TableZone-Continued"/>
        <OtherTag ID="TYPE_13" LABEL="MainZone-Signature"/>
        <OtherTag ID="TYPE_14" LABEL="MainZone-Sp"/>
        <OtherTag ID="TYPE_15" LABEL="FigureZone-FigDesc"/>
        <OtherTag ID="TYPE_16" LABEL="RunningTitleZone"/>
        <OtherTag ID="TYPE_17" LABEL="TableZone"/>
        <OtherTag ID="TYPE_18" LABEL="MainZone-P"/>
        <OtherTag ID="TYPE_19" LABEL="TitlePageZone"/>
        <OtherTag ID="TYPE_20" LABEL="GraphicZone"/>
        <OtherTag ID="TYPE_21" LABEL="MainZone-Lg-Continued"/>
        <OtherTag ID="TYPE_22" LABEL="MainZone-Head"/>
        <OtherTag ID="TYPE_23" LABEL="DigitizationArtefactZone"/>
        <OtherTag ID="TYPE_24" LABEL="MainZone-Form"/>
        <OtherTag ID="TYPE_25" LABEL="MainZone-Sp-Continued"/>
        <OtherTag ID="TYPE_26" LABEL="GraphicZone-Head"/>
        <OtherTag ID="TYPE_27" LABEL="StampZone-Sticker"/>
        <OtherTag ID="TYPE_28" LABEL="FigureZone-Head"/>
        <OtherTag ID="TYPE_29" LABEL="MainZone-Other"/>
        <OtherTag ID="TYPE_30" LABEL="GraphicZone-Part"/>
        <OtherTag ID="TYPE_31" LABEL="DropCapitalZone"/>
        <OtherTag ID="TYPE_32" LABEL="MarginTextZone-ManuscriptAddendum"/>
        <OtherTag ID="TYPE_33" LABEL="FigureZone"/>
        <OtherTag ID="TYPE_34" LABEL="StampZone"/>
        <OtherTag ID="TYPE_35" LABEL="MainZone-List"/>
        <OtherTag ID="TYPE_36" LABEL="GraphicZone-Decoration"/>
        <OtherTag ID="TYPE_37" LABEL="AdvertisementZone"/>
        <OtherTag ID="TYPE_38" LABEL="TableZone-Head"/>
        <OtherTag ID="TYPE_39" LABEL="MarginTextZone-Notes"/>
        <OtherTag ID="TYPE_40" LABEL="GraphicZone-FigDesc"/>
        <OtherTag ID="TYPE_41" LABEL="MarginTextZone-Notes-Continued"/>
        <OtherTag ID="TYPE_42" LABEL="MainZone-List-Continued"/>
    </Tags>
    <Layout>
        <Page WIDTH="1203" HEIGHT="1884" PHYSICAL_IMG_NR="0" ID="page_0">
            <PrintSpace HPOS="0" VPOS="0" WIDTH="1203" HEIGHT="1884">
                <TextBlock ID="block_2" HPOS="382" VPOS="139" WIDTH="735" HEIGHT="61" TAGREFS="TYPE_16">
                    <Shape>
                        <Polygon POINTS="382.265625 139.99237060546875 1117.3028564453125 139.99237060546875 1117.3028564453125 200.38345336914062 382.265625 200.38345336914062 382.265625 139.99237060546875"/>
                    </Shape>
                    <TextLine ID="line_0" HPOS="384" VPOS="145" WIDTH="723" HEIGHT="60" BASELINE="385 184 896 175 1009 180 1107 189" TAGREFS="TYPE_1">
                        <Shape>
                            <Polygon POINTS="1105 146 1095 146 1084 146 1075 146 1064 146 1054 146 1043 146 1033 146 1022 146 1012 146 1001 146 991 146 981 146 970 146 960 146 949 146 939 146 928 146 918 146 907 146 897 146 886 146 876 146 865 146 855 146 844 146 834 146 823 146 813 146 803 146 792 146 782 146 771 146 761 146 750 146 740 146 729 146 719 146 708 146 698 146 687 146 681 146 677 149 676 149 675 149 665 146 656 146 645 146 635 146 625 146 614 146 613 146 585 150 578 150 577 150 572 146 562 146 551 146 542 146 531 148 519 146 509 146 499 146 488 146 478 146 468 146 458 146 457 146 447 146 436 146 426 146 415 146 405 146 404 145 396 151 396 152 384 152 385 184 385 196 456 196 457 196 471 204 472 204 473 204 474 204 502 196 503 196 504 196 524 205 525 205 526 205 570 197 613 189 625 197 630 202 631 202 632 202 633 202 634 202 648 197 659 194 672 197 686 202 687 202 688 202 715 197 731 195 737 197 744 202 745 202 746 202 747 202 748 202 753 198 762 192 769 195 770 195 771 195 772 195 797 187 854 187 869 194 870 194 871 194 872 194 889 187 937 191 938 191 939 191 956 186 973 188 985 199 986 199 986 200 987 200 988 200 989 200 1106 199 1107 189 1106 146 1105 146"/>
                        </Shape>
                        <String CONTENT=""/>
                    </TextLine>
</TextBlock>
                <TextBlock ID="block_1" HPOS="348" VPOS="204" WIDTH="809" HEIGHT="1306" TAGREFS="TYPE_9">
                    <Shape>
                        <Polygon POINTS="348.56329345703125 204.72645568847656 1157.854736328125 204.72645568847656 1157.854736328125 1510.217529296875 348.56329345703125 1510.217529296875 348.56329345703125 204.72645568847656"/>
                    </Shape>
                    <TextLine ID="line_1" HPOS="345" VPOS="214" WIDTH="788" HEIGHT="48" BASELINE="346 250 888 236 1133 251" TAGREFS="TYPE_1">
                        <Shape>
                            <Polygon POINTS="1129 214 1119 214 1108 214 1099 214 1088 214 1078 214 1067 214 1057 214 1046 214 1036 214 1026 214 1015 214 1005 214 994 214 984 214 973 214 963 214 952 214 942 214 931 214 921 214 910 214 900 214 889 214 879 214 869 214 858 214 848 214 837 214 827 214 816 214 806 214 795 214 785 214 784 214 782 215 776 214 774 214 764 214 753 214 743 214 732 214 722 214 721 214 718 215 715 214 711 214 701 214 691 214 680 214 676 214 672 215 670 214 659 214 649 214 644 214 638 214 628 214 617 214 607 214 596 214 587 214 574 218 563 214 554 214 544 214 540 214 529 219 528 219 525 219 499 214 492 214 481 214 471 214 469 214 441 220 437 221 404 221 403 220 390 214 387 214 376 214 375 214 345 220 346 250 346 261 584 262 585 262 598 260 631 254 687 259 708 261 709 261 710 261 718 259 749 251 923 254 924 254 925 254 948 249 1017 257 1027 258 1028 258 1133 256 1133 251 1132 214 1129 214"/>
                        </Shape>
                        <String CONTENT=""/>
                    </TextLine>

                    <TextLine ID="line_2" HPOS="349" VPOS="248" WIDTH="785" HEIGHT="68" BASELINE="350 301 906 286 1134 303" TAGREFS="TYPE_1">
                        <Shape>
                            <Polygon POINTS="350 301 350 311 522 316 523 316 524 316 525 316 531 311 537 308 568 311 587 312 588 312 589 312 590 312 592 311 599 306 636 309 637 309 638 309 660 302 788 299 805 299 817 308 818 308 819 308 820 308 821 308 822 308 839 298 875 298 1133 308 1134 303 1133 261 1041 261 1023 250 1022 250 1021 250 964 248 963 248 962 248 931 258 876 249 875 249 787 250 786 250 785 250 771 260 745 255 744 255 743 255 742 255 733 261 715 251 714 251 713 251 711 251 697 258 671 254 670 254 669 254 667 254 656 261 642 257 641 257 640 257 639 257 620 262 603 266 571 262 520 255 519 255 518 255 495 262 478 267 349 263 350 301"/>
                        </Shape>
                        <String CONTENT=""/>
                    </TextLine>

                    <TextLine ID="line_3" HPOS="349" VPOS="301" WIDTH="783" HEIGHT="64" BASELINE="350 351 546 348 791 335 925 335 1132 349" TAGREFS="TYPE_1">
                        <Shape>
                            <Polygon POINTS="350 351 350 365 513 365 514 365 515 365 523 359 550 364 551 364 552 364 568 356 613 362 614 362 615 362 632 353 659 364 660 364 661 364 662 364 706 349 729 359 730 359 731 359 732 359 733 359 748 348 874 352 875 352 987 347 1023 362 1025 362 1026 362 1027 362 1057 355 1064 362 1065 362 1066 362 1067 362 1131 361 1132 349 1131 314 1060 314 1040 301 1039 301 1038 301 1037 301 1036 301 1013 314 1012 314 1011 314 978 301 977 301 925 301 924 301 841 308 748 302 747 302 662 314 640 317 592 317 589 314 586 310 585 310 584 310 583 310 569 314 559 316 554 314 546 307 545 307 544 307 543 307 542 307 541 307 531 314 525 318 479 318 468 314 444 306 443 306 442 306 419 308 418 308 417 308 412 314 407 317 380 317 376 314 368 306 367 306 366 306 365 306 364 306 349 312 350 351"/>
                        </Shape>
                        <String CONTENT=""/>
                    </TextLine>

                    <TextLine ID="line_4" HPOS="351" VPOS="347" WIDTH="788" HEIGHT="75" BASELINE="353 404 800 385 953 387 1139 396" TAGREFS="TYPE_1">
                        <Shape>
                            <Polygon POINTS="363 386 358 371 351 372 353 404 353 419 369 422 370 422 371 422 381 419 405 411 418 418 422 420 424 420 425 420 426 420 431 418 447 412 458 416 459 416 460 416 503 410 533 410 544 416 548 418 549 418 550 418 551 418 552 418 555 416 572 406 636 408 637 408 638 408 655 400 670 408 671 408 672 408 673 408 693 399 703 404 704 404 705 404 842 396 870 406 871 406 872 406 873 406 910 394 933 394 951 408 952 408 953 408 954 408 963 408 1042 401 1137 404 1139 396 1137 359 1019 361 1018 361 1001 348 1000 348 999 348 947 347 946 347 945 347 918 359 861 349 860 349 827 356 751 352 750 352 749 352 748 352 737 360 667 360 666 360 665 360 649 366 634 356 633 356 632 356 631 356 630 356 614 365 591 356 590 356 589 356 542 357 541 357 507 370 503 371 496 370 461 364 460 364 459 364 437 371 426 375 417 371 397 363 396 363 395 363 367 369 363 386"/>
                        </Shape>
                        <String CONTENT=""/>
                    </TextLine>

                    <TextLine ID="line_5" HPOS="352" VPOS="398" WIDTH="782" HEIGHT="66" BASELINE="353 453 516 449 743 435 930 435 1134 447" TAGREFS="TYPE_1">
                        <Shape>
                            <Polygon POINTS="353 453 353 463 485 464 486 464 498 463 541 457 587 461 588 461 589 461 630 449 648 454 649 454 650 454 651 454 662 447 760 446 776 454 777 454 778 454 816 446 833 453 834 453 835 453 890 445 920 451 921 451 965 445 998 460 999 460 1000 461 1020 461 1020 460 1021 460 1022 460 1034 451 1132 459 1134 447 1133 411 1105 405 1104 405 1053 408 1028 399 1027 399 1026 399 985 408 940 398 939 398 938 398 937 398 929 404 892 398 890 398 889 398 864 405 857 398 856 398 855 398 755 398 754 398 753 398 728 411 650 399 649 399 648 399 615 414 591 406 590 406 589 406 588 406 574 411 561 407 560 407 559 407 558 407 557 407 557 408 548 414 461 408 460 408 459 408 436 416 352 416 353 453"/>
                        </Shape>
                        <String CONTENT=""/>
                    </TextLine>

                    <TextLine ID="line_6" HPOS="352" VPOS="444" WIDTH="790" HEIGHT="77" BASELINE="354 505 733 484 959 485 1142 498" TAGREFS="TYPE_1">
                        <Shape>
                            <Polygon POINTS="354 505 354 510 388 521 389 521 390 521 437 520 515 509 539 506 548 509 572 517 573 517 574 517 575 517 606 508 635 501 665 507 666 507 667 507 669 507 678 500 705 500 719 506 720 506 721 506 722 506 723 506 736 498 799 497 811 505 812 505 813 505 814 505 815 505 816 505 828 498 837 504 838 504 839 504 840 504 841 504 858 495 883 495 941 504 942 504 943 504 969 495 1019 505 1023 505 1025 505 1142 503 1142 498 1140 453 1059 454 1051 449 1050 449 1049 449 1048 449 983 455 961 444 960 444 959 444 895 457 839 447 838 447 777 457 763 450 762 450 761 450 760 450 740 457 720 450 719 450 718 450 661 451 608 453 607 453 606 453 594 463 552 465 535 455 533 455 532 455 531 455 530 455 483 467 446 460 444 460 443 460 427 467 413 461 412 461 411 461 410 461 409 461 394 471 352 471 354 505"/>
                        </Shape>
                        <String CONTENT=""/>
                    </TextLine>

                    <TextLine ID="line_7" HPOS="352" VPOS="496" WIDTH="787" HEIGHT="70" BASELINE="353 552 743 533 929 533 1139 545" TAGREFS="TYPE_1">
                        <Shape>
                            <Polygon POINTS="363 531 362 519 352 522 353 552 353 563 428 566 429 566 430 566 438 562 443 559 484 561 504 562 505 562 511 561 566 548 588 552 589 552 654 546 674 552 675 552 676 552 843 542 909 542 919 550 920 550 921 550 922 550 923 550 956 542 973 553 974 554 975 554 976 554 977 554 1139 550 1139 545 1137 506 1017 508 1016 508 1000 499 999 499 998 499 997 499 962 505 942 496 941 496 940 496 939 496 909 506 867 498 840 498 839 498 838 498 837 498 830 504 791 499 790 499 789 499 767 506 741 500 740 500 739 500 678 504 677 504 663 511 639 503 638 503 637 503 592 504 591 504 590 504 577 513 550 504 549 504 548 504 547 504 515 519 493 510 492 510 491 510 421 521 420 521 396 511 395 511 394 511 393 511 367 518 363 531"/>
                        </Shape>
                        <String CONTENT=""/>
                    </TextLine>

                    <TextLine ID="line_8" HPOS="353" VPOS="545" WIDTH="782" HEIGHT="70" BASELINE="355 600 785 582 959 584 1135 596" TAGREFS="TYPE_1">
                        <Shape>
                            <Polygon POINTS="365 579 361 570 353 570 355 600 355 615 446 613 447 613 448 613 455 608 488 612 489 612 491 612 520 598 581 602 582 602 618 596 627 602 628 602 629 602 630 602 753 593 796 598 797 598 798 598 799 598 806 593 845 597 847 597 848 597 869 591 904 600 905 600 906 600 907 600 926 591 963 602 964 602 965 602 966 602 992 593 1033 601 1034 601 1135 599 1135 596 1133 555 1023 556 982 545 981 545 979 545 978 545 945 555 912 545 911 545 910 545 848 555 796 547 795 547 746 548 745 548 728 555 710 549 709 549 708 549 657 550 656 550 639 558 599 551 598 551 597 551 575 559 551 552 550 552 549 552 548 552 520 564 509 559 508 559 507 559 506 559 488 566 462 557 461 557 460 557 459 557 458 557 440 569 438 570 367 570 365 579"/>
                        </Shape>
                        <String CONTENT=""/>
                    </TextLine>

                    <TextLine ID="line_9" HPOS="354" VPOS="598" WIDTH="790" HEIGHT="62" BASELINE="355 649 525 639 769 633 948 633 1144 642" TAGREFS="TYPE_1">
                        <Shape>
                            <Polygon POINTS="355 649 355 660 441 655 456 660 457 660 458 660 459 660 460 660 461 660 470 654 509 659 510 659 511 659 513 659 551 648 598 658 599 658 600 658 602 658 615 648 639 652 640 652 641 652 659 644 702 654 703 654 704 654 705 654 718 642 808 642 865 648 866 648 917 642 938 655 939 655 940 655 941 655 942 655 989 641 1021 653 1022 653 1023 653 1025 653 1054 643 1065 653 1066 653 1067 653 1142 654 1144 642 1143 609 809 598 808 598 699 599 698 599 675 610 595 601 594 601 593 601 565 610 518 601 517 601 516 601 492 613 489 614 354 614 355 649"/>
                        </Shape>
                        <String CONTENT=""/>
                    </TextLine>

                    <TextLine ID="line_10" HPOS="351" VPOS="644" WIDTH="791" HEIGHT="69" BASELINE="352 697 793 682 943 682 1142 694" TAGREFS="TYPE_1">
                        <Shape>
                            <Polygon POINTS="352 697 352 707 388 713 389 713 390 713 411 707 433 701 447 707 458 712 459 712 460 712 461 712 473 707 488 699 555 706 559 706 560 706 562 706 585 703 591 706 600 710 602 710 603 710 604 710 613 706 629 698 760 693 799 705 802 705 803 705 804 705 805 705 806 705 828 692 890 693 915 703 916 703 917 703 918 703 944 692 977 698 978 698 1003 692 1033 703 1034 703 1035 703 1141 702 1142 694 1140 656 1053 656 1041 648 1040 648 1039 648 1038 648 1037 648 1014 657 976 644 975 644 974 644 973 644 972 644 964 651 936 644 934 644 819 645 777 646 776 646 749 656 675 652 674 652 673 652 672 652 661 660 588 654 587 654 351 666 352 697"/>
                        </Shape>
                        <String CONTENT=""/>
                    </TextLine>

                    <TextLine ID="line_11" HPOS="353" VPOS="694" WIDTH="787" HEIGHT="67" BASELINE="354 744 855 731 970 732 1140 742" TAGREFS="TYPE_1">
                        <Shape>
                            <Polygon POINTS="354 744 354 756 419 761 420 761 421 761 434 756 449 750 485 754 486 754 487 754 511 747 567 751 568 751 569 751 570 751 575 746 589 753 590 753 591 753 633 746 702 752 703 752 704 752 719 748 729 753 730 753 731 753 732 753 764 743 796 753 803 755 804 755 805 755 806 755 807 755 809 753 826 742 855 753 859 754 860 754 861 754 862 754 863 754 865 753 881 744 906 747 907 747 908 747 909 747 917 741 1139 750 1140 742 1138 705 1006 706 969 694 968 694 967 694 966 694 937 703 921 696 920 696 919 696 871 697 870 697 850 704 807 698 806 698 805 698 777 705 756 701 755 701 754 701 722 710 698 704 697 704 696 704 695 704 676 709 663 700 662 700 661 700 660 700 628 706 607 701 606 701 605 701 604 701 603 701 591 708 571 702 570 702 569 702 568 702 567 702 552 712 536 712 488 702 487 702 486 702 443 712 420 708 419 708 353 716 354 744"/>
                        </Shape>
                        <String CONTENT=""/>
                    </TextLine>

                    <TextLine ID="line_12" HPOS="354" VPOS="744" WIDTH="787" HEIGHT="64" BASELINE="355 791 768 781 953 781 1141 789" TAGREFS="TYPE_1">
                        <Shape>
                            <Polygon POINTS="355 791 355 808 395 799 442 806 443 806 444 806 478 797 495 805 496 805 497 805 536 798 546 803 547 803 548 803 549 803 550 803 562 795 588 804 589 804 590 805 635 805 635 804 636 804 662 793 756 792 807 792 815 797 816 797 817 797 818 797 819 797 820 797 830 791 923 791 942 801 943 801 944 801 945 801 994 790 1031 800 1032 800 1033 800 1140 799 1141 789 1139 755 1043 755 1042 755 1020 744 1019 744 1018 744 1017 744 996 754 986 748 985 748 984 748 983 748 956 752 946 747 945 747 944 747 943 747 942 747 932 754 862 747 861 747 860 747 836 755 775 745 774 745 737 753 700 746 699 746 698 746 675 756 670 758 666 756 656 747 655 747 654 747 581 747 580 747 578 747 560 756 555 758 549 756 522 748 521 748 505 748 504 748 503 748 502 748 493 756 491 758 486 756 472 750 471 750 470 750 469 750 444 756 441 757 438 756 427 752 426 752 425 752 424 752 422 752 417 756 412 761 402 756 386 750 385 750 384 750 354 756 355 791"/>
                        </Shape>
                        <String CONTENT=""/>
                    </TextLine>

                    <TextLine ID="line_13" HPOS="352" VPOS="791" WIDTH="789" HEIGHT="62" BASELINE="353 838 939 831 1141 840" TAGREFS="TYPE_1">
                        <Shape>
                            <Polygon POINTS="353 838 353 847 429 853 430 853 431 853 447 848 460 844 487 848 520 853 521 853 563 848 611 843 664 848 671 848 672 848 673 848 674 848 689 842 715 847 716 847 717 847 718 847 725 842 770 842 800 848 803 848 804 848 809 848 916 841 945 848 949 849 950 849 951 849 952 849 953 849 954 848 968 841 992 841 1014 848 1016 849 1017 849 1018 849 1140 848 1141 840 1140 804 1057 804 1027 797 1026 797 1025 797 1009 804 992 791 991 791 990 791 989 791 926 798 914 792 912 792 911 792 910 792 876 801 859 791 858 791 857 791 856 791 802 801 773 801 763 792 762 792 761 792 760 792 648 793 647 793 625 805 616 799 615 799 614 799 613 799 612 799 587 806 568 794 567 794 566 794 541 793 540 793 539 793 502 808 447 797 446 797 444 797 443 797 430 805 386 802 385 802 352 809 353 838"/>
                        </Shape>
                        <String CONTENT=""/>
                    </TextLine>

                    <TextLine ID="line_14" HPOS="353" VPOS="843" WIDTH="790" HEIGHT="62" BASELINE="354 887 911 880 1143 888" TAGREFS="TYPE_1">
                        <Shape>
                            <Polygon POINTS="354 887 354 905 410 893 430 904 431 904 432 904 433 904 434 904 444 896 489 902 491 902 538 892 624 892 635 899 636 899 637 899 689 892 705 903 706 903 707 903 708 903 709 903 734 891 772 891 788 902 789 902 790 902 791 902 792 902 807 893 861 891 879 896 880 896 881 896 882 896 896 890 929 890 945 899 946 899 947 899 948 899 966 891 1014 901 1015 901 1016 901 1142 900 1143 888 1142 853 1068 847 1067 847 1066 847 1065 847 1065 848 1060 853 1060 854 996 854 996 853 946 843 945 843 944 843 910 853 888 843 887 843 886 843 837 844 836 844 818 853 798 844 797 844 796 844 749 853 693 845 692 845 647 855 572 845 571 845 570 845 550 856 495 856 418 846 417 846 353 857 354 887"/>
                        </Shape>
                        <String CONTENT=""/>
                    </TextLine>

                    <TextLine ID="line_15" HPOS="351" VPOS="893" WIDTH="790" HEIGHT="58" BASELINE="352 936 923 929 1141 943" TAGREFS="TYPE_1">
                        <Shape>
                            <Polygon POINTS="352 936 352 945 362 951 363 951 364 951 365 951 405 943 412 942 414 943 426 951 427 951 428 951 429 951 484 944 496 943 513 944 575 950 576 950 577 950 593 945 599 943 609 945 619 947 620 947 648 945 720 939 733 946 742 950 743 950 744 950 745 950 753 946 767 939 864 939 890 947 892 947 893 947 936 942 948 948 952 950 953 950 954 950 955 950 960 948 969 943 975 948 977 950 978 950 979 950 981 950 982 950 989 948 1008 943 1022 949 1025 949 1026 949 1027 950 1140 950 1141 943 1140 904 1040 904 1019 893 1018 893 1017 893 1016 893 1015 893 1000 903 968 895 967 895 893 901 871 894 870 894 869 894 784 903 771 894 770 894 769 894 768 894 670 904 636 895 635 895 634 895 633 895 616 905 615 905 614 905 591 898 590 898 589 898 538 904 486 895 485 895 484 895 455 904 444 895 443 895 442 895 412 895 411 895 351 905 352 936"/>
                        </Shape>
                        <String CONTENT=""/>
                    </TextLine>

                    <TextLine ID="line_16" HPOS="353" VPOS="942" WIDTH="790" HEIGHT="60" BASELINE="354 985 897 978 1143 991" TAGREFS="TYPE_1">
                        <Shape>
                            <Polygon POINTS="354 985 354 996 404 1001 405 1001 431 997 444 995 460 997 491 1002 492 1002 514 998 550 990 620 996 621 996 699 990 737 999 738 999 739 999 740 999 741 999 742 999 754 990 798 994 799 994 800 994 802 994 808 989 927 989 947 1000 948 1001 949 1001 950 1001 951 1001 952 1001 954 1000 975 993 990 1001 991 1001 992 1001 993 1001 997 1001 1019 996 1141 1001 1143 991 1142 955 972 955 962 948 961 948 960 948 959 948 934 952 917 944 916 944 915 944 870 949 845 942 844 942 788 942 787 942 718 943 717 943 716 943 708 949 685 943 684 943 683 943 620 953 557 943 555 943 554 943 528 953 499 943 498 943 497 943 421 955 367 950 366 950 365 950 353 955 354 985"/>
                        </Shape>
                        <String CONTENT=""/>
                    </TextLine>

                    <TextLine ID="line_17" HPOS="352" VPOS="991" WIDTH="787" HEIGHT="61" BASELINE="353 1035 898 1028 1139 1041" TAGREFS="TYPE_1">
                        <Shape>
                            <Polygon POINTS="353 1035 353 1052 407 1042 464 1050 465 1050 466 1050 468 1050 483 1041 522 1042 536 1051 537 1051 538 1051 539 1051 540 1051 567 1041 600 1050 602 1050 603 1050 604 1050 605 1050 618 1042 684 1042 706 1051 707 1051 708 1051 709 1051 710 1051 727 1041 810 1041 835 1050 836 1050 837 1050 838 1050 863 1043 887 1051 888 1051 889 1051 890 1051 892 1051 906 1041 929 1041 971 1051 972 1051 973 1052 1138 1052 1139 1041 1137 1003 968 1003 966 1003 911 991 910 991 834 1000 804 991 803 991 682 991 681 991 680 991 655 1000 643 991 642 991 641 991 611 991 610 991 609 991 591 999 554 991 553 991 552 991 535 1000 508 993 507 993 506 993 505 993 479 1003 430 991 429 991 428 991 427 991 426 991 409 1004 352 1004 353 1035"/>
                        </Shape>
                        <String CONTENT=""/>
                    </TextLine>

                    <TextLine ID="line_18" HPOS="352" VPOS="1042" WIDTH="790" HEIGHT="58" BASELINE="353 1084 915 1078 1142 1090" TAGREFS="TYPE_1">
                        <Shape>
                            <Polygon POINTS="353 1084 353 1100 397 1090 437 1095 438 1095 439 1095 455 1089 575 1095 576 1095 763 1089 785 1099 786 1099 787 1099 788 1099 807 1089 831 1089 853 1099 854 1099 855 1099 856 1099 901 1089 926 1099 927 1099 928 1099 929 1099 930 1099 961 1088 1000 1094 1001 1094 1003 1094 1010 1090 1023 1097 1025 1097 1026 1099 1141 1099 1142 1090 1141 1053 997 1053 969 1042 968 1042 928 1042 927 1042 822 1052 803 1047 802 1047 800 1047 760 1051 736 1044 734 1044 733 1044 652 1050 642 1043 641 1043 640 1043 639 1043 638 1043 615 1048 589 1043 588 1043 518 1053 494 1053 481 1043 480 1043 479 1043 478 1043 427 1053 370 1043 369 1043 368 1043 367 1043 352 1051 353 1084"/>
                        </Shape>
                        <String CONTENT=""/>
                    </TextLine>

                    <TextLine ID="line_19" HPOS="352" VPOS="1090" WIDTH="791" HEIGHT="59" BASELINE="353 1134 856 1127 1143 1139" TAGREFS="TYPE_1">
                        <Shape>
                            <Polygon POINTS="353 1134 353 1149 432 1141 471 1147 472 1147 473 1147 497 1139 516 1146 517 1146 518 1146 519 1146 520 1146 530 1138 564 1147 565 1147 566 1147 567 1147 568 1147 576 1140 605 1145 606 1145 607 1145 626 1138 665 1138 679 1148 680 1148 681 1148 682 1148 683 1148 713 1138 753 1138 766 1146 767 1146 768 1146 769 1146 818 1138 947 1138 975 1147 979 1148 981 1148 982 1148 1142 1146 1143 1139 1142 1105 1035 1105 1009 1090 1008 1090 1007 1090 938 1099 926 1090 925 1090 924 1090 905 1090 904 1090 903 1090 878 1101 855 1090 854 1090 789 1090 788 1090 787 1090 764 1103 746 1090 745 1090 744 1090 707 1090 706 1090 705 1090 680 1097 651 1094 650 1094 649 1094 648 1094 634 1104 594 1095 593 1095 592 1095 577 1100 553 1090 552 1090 551 1090 550 1090 518 1104 487 1097 486 1097 429 1104 417 1094 416 1094 415 1094 373 1090 372 1090 371 1090 370 1090 352 1102 353 1134"/>
                        </Shape>
                        <String CONTENT=""/>
                    </TextLine>

                    <TextLine ID="line_20" HPOS="350" VPOS="1140" WIDTH="794" HEIGHT="57" BASELINE="351 1184 880 1177 1144 1186" TAGREFS="TYPE_1">
                        <Shape>
                            <Polygon POINTS="351 1184 351 1196 499 1191 521 1196 525 1197 526 1197 527 1197 528 1197 531 1196 549 1189 615 1194 616 1194 686 1187 700 1193 701 1193 702 1193 703 1193 718 1187 800 1187 834 1195 839 1196 840 1196 841 1196 842 1196 842 1195 854 1186 901 1186 918 1186 930 1195 931 1195 932 1195 933 1195 934 1195 955 1186 988 1195 989 1195 990 1195 991 1195 1143 1194 1144 1186 1142 1153 1032 1153 1030 1153 1014 1148 1013 1148 1012 1148 988 1153 986 1153 984 1153 933 1144 932 1144 898 1150 849 1140 687 1140 686 1140 685 1140 684 1140 676 1147 642 1142 641 1142 640 1142 639 1142 629 1150 619 1144 618 1144 617 1144 616 1144 615 1144 614 1144 614 1145 605 1152 575 1147 574 1147 573 1147 547 1154 514 1146 513 1146 511 1146 458 1152 421 1141 420 1141 419 1141 418 1141 392 1153 369 1145 368 1145 367 1145 366 1145 350 1152 351 1184"/>
                        </Shape>
                        <String CONTENT=""/>
                    </TextLine>

                    <TextLine ID="line_21" HPOS="350" VPOS="1187" WIDTH="794" HEIGHT="62" BASELINE="351 1235 924 1227 1144 1239" TAGREFS="TYPE_1">
                        <Shape>
                            <Polygon POINTS="351 1235 351 1244 396 1249 397 1249 398 1249 417 1245 426 1243 434 1245 455 1249 456 1249 457 1249 468 1245 480 1240 559 1240 571 1245 582 1249 583 1249 584 1249 585 1249 598 1245 621 1239 683 1239 698 1245 702 1247 703 1247 704 1247 718 1245 762 1239 790 1244 791 1244 792 1244 804 1238 911 1238 926 1244 927 1244 928 1244 966 1238 977 1246 978 1247 979 1247 981 1247 982 1247 1143 1246 1144 1239 1142 1200 1061 1200 1060 1200 1053 1194 1052 1194 1051 1194 989 1187 988 1187 894 1200 876 1193 875 1193 874 1193 873 1193 845 1200 822 1189 821 1189 820 1189 819 1189 805 1194 775 1189 774 1189 773 1189 744 1200 700 1189 699 1189 698 1189 697 1189 685 1194 678 1189 677 1189 676 1189 626 1189 625 1189 624 1189 584 1202 560 1191 559 1191 499 1190 498 1190 497 1190 478 1196 471 1190 470 1190 469 1190 433 1190 432 1190 431 1190 405 1203 350 1203 351 1235"/>
                        </Shape>
                        <String CONTENT=""/>
                    </TextLine>

                    <TextLine ID="line_22" HPOS="346" VPOS="1239" WIDTH="797" HEIGHT="60" BASELINE="347 1286 889 1277 1143 1287" TAGREFS="TYPE_1">
                        <Shape>
                            <Polygon POINTS="347 1286 347 1293 415 1299 416 1299 458 1294 474 1292 479 1294 492 1299 493 1299 494 1299 517 1294 531 1291 577 1294 609 1296 610 1296 630 1294 670 1290 682 1294 691 1297 692 1297 693 1297 708 1294 738 1289 804 1295 813 1295 814 1295 815 1295 816 1295 826 1288 898 1288 959 1295 962 1295 995 1296 996 1296 997 1296 998 1296 999 1295 1007 1290 1014 1295 1015 1296 1016 1296 1017 1296 1018 1296 1142 1295 1143 1287 1141 1249 1003 1249 996 1248 985 1244 984 1244 983 1244 982 1244 971 1247 967 1249 965 1247 952 1239 951 1239 950 1239 949 1239 906 1245 876 1239 875 1239 704 1240 703 1240 702 1240 694 1246 688 1249 677 1246 661 1241 660 1241 659 1241 658 1241 657 1241 650 1245 640 1251 588 1245 550 1241 549 1241 498 1242 497 1242 489 1244 469 1252 346 1244 347 1286"/>
                        </Shape>
                        <String CONTENT=""/>
                    </TextLine>

                    <TextLine ID="line_23" HPOS="350" VPOS="1290" WIDTH="792" HEIGHT="60" BASELINE="351 1336 815 1328 1142 1336" TAGREFS="TYPE_1">
                        <Shape>
                            <Polygon POINTS="351 1336 351 1344 426 1350 427 1350 428 1350 441 1346 454 1341 501 1346 548 1350 549 1350 578 1346 606 1342 619 1347 633 1350 634 1350 635 1350 636 1350 637 1350 642 1347 653 1339 672 1347 676 1348 677 1348 678 1348 679 1348 683 1347 702 1339 835 1339 852 1344 853 1344 854 1344 855 1344 866 1338 975 1338 989 1348 990 1348 991 1348 992 1348 995 1348 1027 1341 1034 1348 1035 1348 1036 1348 1037 1349 1141 1349 1142 1336 1141 1304 1043 1304 1023 1291 1022 1291 1021 1291 1020 1291 1019 1291 977 1302 964 1290 963 1290 962 1290 938 1290 937 1290 936 1290 907 1302 885 1291 884 1291 883 1291 784 1299 669 1291 667 1291 666 1291 636 1301 613 1292 612 1292 611 1292 610 1292 586 1305 585 1305 584 1305 541 1292 540 1292 539 1292 538 1292 510 1305 484 1295 483 1295 482 1295 457 1301 425 1294 424 1294 422 1294 397 1305 397 1306 350 1306 351 1336"/>
                        </Shape>
                        <String CONTENT=""/>
                    </TextLine>

                    <TextLine ID="line_24" HPOS="349" VPOS="1342" WIDTH="792" HEIGHT="59" BASELINE="350 1386 904 1378 1141 1388" TAGREFS="TYPE_1">
                        <Shape>
                            <Polygon POINTS="350 1386 350 1401 425 1394 434 1400 435 1400 436 1400 437 1401 473 1401 473 1400 539 1391 547 1396 548 1396 549 1396 550 1396 599 1393 610 1399 611 1399 612 1399 613 1399 717 1389 786 1389 794 1396 795 1396 796 1396 797 1396 798 1396 799 1396 805 1392 833 1398 834 1398 878 1388 920 1388 936 1397 937 1397 938 1397 939 1397 968 1388 1031 1397 1033 1397 1034 1397 1140 1396 1141 1388 1139 1353 1011 1353 1007 1352 975 1342 974 1342 973 1342 925 1349 878 1343 877 1343 876 1343 853 1352 851 1353 850 1352 844 1347 843 1347 842 1347 841 1347 814 1349 806 1343 805 1343 804 1343 803 1343 755 1352 753 1352 751 1352 719 1344 718 1344 686 1352 681 1353 675 1352 648 1344 647 1344 620 1344 619 1344 618 1344 617 1344 607 1352 605 1353 599 1352 574 1344 573 1344 572 1344 571 1344 557 1352 555 1352 551 1352 510 1346 509 1346 468 1352 435 1357 408 1357 398 1352 387 1346 386 1346 385 1346 349 1351 350 1386"/>
                        </Shape>
                        <String CONTENT=""/>
                    </TextLine>

                    <TextLine ID="line_25" HPOS="350" VPOS="1389" WIDTH="788" HEIGHT="64" BASELINE="351 1438 887 1428 1138 1439" TAGREFS="TYPE_1">
                        <Shape>
                            <Polygon POINTS="351 1438 351 1453 417 1443 489 1449 491 1449 522 1442 536 1447 537 1447 538 1447 573 1442 644 1448 645 1448 702 1441 753 1443 763 1450 764 1450 765 1450 766 1450 767 1450 768 1450 784 1441 800 1450 802 1450 803 1450 804 1450 805 1450 834 1440 900 1440 925 1448 926 1448 927 1448 928 1448 939 1443 977 1448 978 1448 979 1448 1010 1440 1043 1448 1044 1448 1045 1448 1137 1447 1138 1439 1137 1398 1040 1391 1039 1391 1005 1398 994 1389 993 1389 992 1389 971 1389 970 1389 969 1389 943 1398 865 1392 864 1392 863 1392 850 1398 836 1391 835 1391 804 1391 803 1391 736 1392 734 1392 733 1392 724 1400 723 1400 719 1400 654 1395 653 1395 652 1395 651 1395 643 1400 641 1401 621 1401 525 1397 524 1397 494 1401 487 1402 483 1401 456 1394 455 1394 454 1394 453 1394 436 1402 435 1403 407 1403 406 1402 397 1395 396 1395 395 1395 362 1394 361 1394 360 1394 359 1394 350 1399 351 1438"/>
                        </Shape>
                        <String CONTENT=""/>
                    </TextLine>

                    <TextLine ID="line_26" HPOS="347" VPOS="1441" WIDTH="795" HEIGHT="68" BASELINE="348 1485 927 1481 1142 1488" TAGREFS="TYPE_1">
                        <Shape>
                            <Polygon POINTS="348 1485 348 1496 408 1508 409 1508 410 1508 433 1498 435 1497 540 1497 548 1499 575 1508 576 1508 577 1509 679 1509 679 1508 680 1508 692 1501 694 1500 706 1501 766 1508 767 1508 768 1508 786 1503 805 1497 841 1501 842 1501 843 1501 860 1496 970 1497 982 1505 984 1507 985 1507 986 1507 987 1508 1142 1508 1142 1488 1141 1453 1059 1453 1030 1441 1029 1441 1028 1441 983 1451 941 1441 940 1441 887 1441 886 1441 885 1441 871 1448 857 1441 856 1441 830 1441 829 1441 828 1441 827 1441 812 1450 760 1452 742 1444 741 1444 740 1444 695 1450 674 1442 673 1442 672 1442 671 1442 638 1454 611 1454 595 1446 594 1446 593 1446 592 1446 574 1450 563 1442 562 1442 561 1442 521 1442 520 1442 519 1442 498 1453 418 1448 417 1448 416 1448 408 1452 392 1443 391 1443 390 1443 389 1443 388 1443 387 1443 372 1454 347 1454 348 1485"/>
                        </Shape>
                        <String CONTENT=""/>
                    </TextLine>
</TextBlock>
                <TextBlock ID="block_0" HPOS="512" VPOS="1517" WIDTH="42" HEIGHT="32" TAGREFS="TYPE_6">
                    <Shape>
                        <Polygon POINTS="512.7935791015625 1517.4698486328125 554.5469970703125 1517.4698486328125 554.5469970703125 1549.4720458984375 512.7935791015625 1549.4720458984375 512.7935791015625 1517.4698486328125"/>
                    </Shape>
                    <TextLine ID="line_27" HPOS="528" VPOS="1513" WIDTH="7" HEIGHT="67" BASELINE="528 1532 535 1532" TAGREFS="TYPE_1">
                        <Shape>
                            <Polygon POINTS="528 1532 528 1579 533 1580 535 1532 535 1514 528 1513 528 1532"/>
                        </Shape>
                        <String CONTENT=""/>
                    </TextLine>
</TextBlock>
            </PrintSpace>
        </Page>
    </Layout>
</alto>