<?xml version="1.0" encoding="UTF-8"?>
<alto xmlns:xsi="http://www.w3.org/2001/XMLSchema-instance"
    xmlns="http://www.loc.gov/standards/alto/ns-v4#"
    xsi:schemaLocation="http://www.loc.gov/standards/alto/ns-v4# http://www.loc.gov/standards/alto/v4/alto-4-3.xsd">
    <Description>
        <MeasurementUnit>pixel</MeasurementUnit>
        <sourceImageInformation>
            <fileName>2013265.jpeg</fileName>
        </sourceImageInformation>
        <Processing ID="OCR_0">
            <processingCategory>other</processingCategory>
            <processingStepDescription>unknown</processingStepDescription>
            <processingSoftware>
                <softwareName>kraken</softwareName>
                <softwareVersion>4.3.13</softwareVersion>
            </processingSoftware>
        </Processing>
    </Description>
    <Tags>
        <OtherTag ID="TYPE_1" LABEL="DefaultLine"/>
        <OtherTag ID="TYPE_2" LABEL="TableZone"/>
        <OtherTag ID="TYPE_3" LABEL="MainZone-Other"/>
        <OtherTag ID="TYPE_4" LABEL="GraphicZone-FigDesc"/>
        <OtherTag ID="TYPE_5" LABEL="GraphicZone-Decoration"/>
        <OtherTag ID="TYPE_6" LABEL="GraphicZone-TextualContent"/>
        <OtherTag ID="TYPE_7" LABEL="DropCapitalZone"/>
        <OtherTag ID="TYPE_8" LABEL="MainZone-Sp"/>
        <OtherTag ID="TYPE_9" LABEL="MainZone-P"/>
        <OtherTag ID="TYPE_10" LABEL="MarginTextZone-Notes"/>
        <OtherTag ID="TYPE_11" LABEL="MainZone-Signature"/>
        <OtherTag ID="TYPE_12" LABEL="TitlePageZone-Index"/>
        <OtherTag ID="TYPE_13" LABEL="TableZone-Head"/>
        <OtherTag ID="TYPE_14" LABEL="NumberingZone"/>
        <OtherTag ID="TYPE_15" LABEL="GraphicZone-Part"/>
        <OtherTag ID="TYPE_16" LABEL="GraphicZone-Head"/>
        <OtherTag ID="TYPE_17" LABEL="FigureZone-FigDesc"/>
        <OtherTag ID="TYPE_18" LABEL="MainZone-P-Continued"/>
        <OtherTag ID="TYPE_19" LABEL="MainZone-List"/>
        <OtherTag ID="TYPE_20" LABEL="TitlePageZone"/>
        <OtherTag ID="TYPE_21" LABEL="GraphicZone-Maths"/>
        <OtherTag ID="TYPE_22" LABEL="FigureZone"/>
        <OtherTag ID="TYPE_23" LABEL="MainZone-Date"/>
        <OtherTag ID="TYPE_24" LABEL="GraphicZone"/>
        <OtherTag ID="TYPE_25" LABEL="AdvertisementZone"/>
        <OtherTag ID="TYPE_26" LABEL="MainZone-Lg"/>
        <OtherTag ID="TYPE_27" LABEL="QuireMarksZone"/>
        <OtherTag ID="TYPE_28" LABEL="TableZone-Continued"/>
        <OtherTag ID="TYPE_29" LABEL="MainZone-Form"/>
        <OtherTag ID="TYPE_30" LABEL="MainZone-Entry"/>
        <OtherTag ID="TYPE_31" LABEL="MarginTextZone-ManuscriptAddendum"/>
        <OtherTag ID="TYPE_32" LABEL="DigitizationArtefactZone"/>
        <OtherTag ID="TYPE_33" LABEL="MarginTextZone-Notes-Continued"/>
        <OtherTag ID="TYPE_34" LABEL="MainZone-Lg-Continued"/>
        <OtherTag ID="TYPE_35" LABEL="StampZone"/>
        <OtherTag ID="TYPE_36" LABEL="MainZone-Entry-Continued"/>
        <OtherTag ID="TYPE_37" LABEL="MainZone-List-Continued"/>
        <OtherTag ID="TYPE_38" LABEL="MainZone-Head"/>
        <OtherTag ID="TYPE_39" LABEL="MainZone-Sp-Continued"/>
        <OtherTag ID="TYPE_40" LABEL="RunningTitleZone"/>
        <OtherTag ID="TYPE_41" LABEL="FigureZone-Head"/>
        <OtherTag ID="TYPE_42" LABEL="StampZone-Sticker"/>
    </Tags>
    <Layout>
        <Page WIDTH="1000" HEIGHT="1448" PHYSICAL_IMG_NR="0" ID="page_0">
            <PrintSpace HPOS="0" VPOS="0" WIDTH="1000" HEIGHT="1448">
                <TextBlock ID="block_3" HPOS="602" VPOS="84" WIDTH="42" HEIGHT="35" TAGREFS="TYPE_14">
                    <Shape>
                        <Polygon POINTS="602.85693359375 84.32528686523438 644.3284301757812 84.32528686523438 644.3284301757812 119.97972869873047 602.85693359375 119.97972869873047 602.85693359375 84.32528686523438"/>
                    </Shape>
                    <TextLine ID="line_0" HPOS="600" VPOS="81" WIDTH="43" HEIGHT="44" BASELINE="602 111 643 110" TAGREFS="TYPE_1">
                        <Shape>
                            <Polygon POINTS="602 111 602 121 642 125 643 110 641 81 600 81 602 111"/>
                        </Shape>
                        <String CONTENT=""/>
                    </TextLine>
</TextBlock>
                <TextBlock ID="block_6" HPOS="215" VPOS="76" WIDTH="183" HEIGHT="34" TAGREFS="TYPE_40">
                    <Shape>
                        <Polygon POINTS="215.9071807861328 76.20622253417969 398.85614013671875 76.20622253417969 398.85614013671875 110.93204498291016 215.9071807861328 110.93204498291016 215.9071807861328 76.20622253417969"/>
                    </Shape>
                    <TextLine ID="line_1" HPOS="214" VPOS="94" WIDTH="134" HEIGHT="17" BASELINE="215 101 348 100" TAGREFS="TYPE_1">
                        <Shape>
                            <Polygon POINTS="343 94 335 94 327 94 319 94 311 94 303 94 295 94 287 94 279 94 271 94 263 94 255 94 246 94 238 94 230 94 222 94 214 94 215 101 215 107 283 111 283 111 315 107 333 111 333 111 334 111 335 111 348 106 348 100 346 94 343 94"/>
                        </Shape>
                        <String CONTENT=""/>
                    </TextLine>

                    <TextLine ID="line_2" HPOS="368" VPOS="94" WIDTH="31" HEIGHT="17" BASELINE="368 101 399 101" TAGREFS="TYPE_1">
                        <Shape>
                            <Polygon POINTS="392 94 384 94 376 94 368 94 368 101 368 111 399 110 399 101 399 94 392 94"/>
                        </Shape>
                        <String CONTENT=""/>
                    </TextLine>
</TextBlock>
                <TextBlock ID="block_4" HPOS="62" VPOS="117" WIDTH="583" HEIGHT="133" TAGREFS="TYPE_18">
                    <Shape>
                        <Polygon POINTS="62.28917694091797 117.24543762207031 645.7252807617188 117.24543762207031 645.7252807617188 250.6031494140625 62.28917694091797 250.6031494140625 62.28917694091797 117.24543762207031"/>
                    </Shape>
                    <TextLine ID="line_3" HPOS="75" VPOS="112" WIDTH="566" HEIGHT="46" BASELINE="76 143 279 141 641 143" TAGREFS="TYPE_1">
                        <Shape>
                            <Polygon POINTS="76 143 75 155 102 156 103 156 104 156 105 156 105 156 106 155 111 151 156 155 172 156 172 156 173 156 178 155 196 151 218 155 219 155 289 152 294 155 296 157 297 157 298 157 299 157 300 157 308 155 322 152 332 155 337 157 338 157 339 157 349 155 366 152 372 155 376 157 377 157 378 157 378 157 385 155 397 152 411 155 419 157 420 157 421 157 439 155 469 152 476 155 480 157 481 157 481 158 506 158 506 157 506 157 507 157 510 155 514 152 543 155 566 157 567 157 641 155 641 143 640 119 541 119 540 119 528 113 527 113 526 113 526 113 506 119 505 119 503 119 486 113 485 113 435 113 434 113 433 113 417 119 415 119 413 119 390 113 389 113 388 113 387 113 375 119 374 120 340 120 339 119 331 113 330 113 329 113 297 113 296 113 296 113 281 119 279 119 218 119 205 112 204 112 101 112 100 112 99 112 98 112 89 119 76 119 76 143"/>
                        </Shape>
                        <String CONTENT=""/>
                    </TextLine>

                    <TextLine ID="line_4" HPOS="64" VPOS="148" WIDTH="577" HEIGHT="38" BASELINE="64 174 641 176" TAGREFS="TYPE_1">
                        <Shape>
                            <Polygon POINTS="64 174 64 186 641 184 641 176 641 156 610 151 609 151 609 151 608 151 603 155 603 156 571 156 570 155 559 149 558 149 557 149 528 153 511 149 510 149 510 149 509 149 497 155 495 156 434 156 431 154 417 149 416 149 415 149 351 154 342 154 341 153 333 148 333 148 332 148 331 148 302 152 286 148 285 148 284 148 283 148 283 148 276 153 275 154 269 153 242 148 242 148 221 153 218 153 217 153 203 148 202 148 201 148 176 152 166 154 162 152 154 149 153 149 152 149 152 149 151 149 146 152 144 154 141 152 133 148 132 148 131 148 131 148 117 152 114 153 113 152 109 149 108 149 107 149 106 149 106 149 105 149 102 152 99 154 64 152 64 174"/>
                        </Shape>
                        <String CONTENT=""/>
                    </TextLine>

                    <TextLine ID="line_5" HPOS="63" VPOS="189" WIDTH="578" HEIGHT="31" BASELINE="63 206 641 208" TAGREFS="TYPE_1">
                        <Shape>
                            <Polygon POINTS="513 201 505 201 497 201 489 201 481 201 473 201 465 201 456 201 448 201 440 201 432 201 424 201 416 201 408 201 400 201 392 201 384 201 376 201 368 201 360 201 352 201 344 201 336 201 328 201 320 201 312 201 304 201 296 201 288 201 279 201 271 201 263 201 255 201 247 201 239 201 231 201 223 201 215 201 207 201 199 201 191 201 183 201 175 201 167 201 159 201 151 201 143 201 135 201 127 201 119 201 111 201 102 201 94 201 86 201 78 201 70 201 63 201 63 206 63 220 641 220 641 208 641 189 521 189 520 189 519 189 518 189 518 189 516 190 513 201"/>
                        </Shape>
                        <String CONTENT=""/>
                    </TextLine>

                    <TextLine ID="line_6" HPOS="62" VPOS="212" WIDTH="436" HEIGHT="42" BASELINE="63 238 498 239" TAGREFS="TYPE_1">
                        <Shape>
                            <Polygon POINTS="63 238 62 250 81 247 86 251 87 252 88 252 89 252 90 252 90 252 91 252 92 251 100 247 115 247 119 251 119 251 119 252 120 252 121 252 122 252 141 250 186 247 196 250 201 252 202 252 203 252 204 252 208 250 213 247 230 250 245 252 246 252 246 252 247 252 251 250 255 247 279 247 285 250 293 253 294 253 295 254 343 254 343 253 344 253 356 249 359 248 369 249 418 253 419 253 477 248 483 253 484 253 485 253 485 253 486 253 497 247 498 239 497 220 475 220 474 219 465 213 465 213 464 213 463 213 419 218 411 219 408 218 399 213 399 213 398 213 397 213 396 213 391 218 389 220 376 220 374 218 369 213 369 213 368 213 367 213 366 213 335 218 319 219 271 216 238 214 237 214 236 214 231 216 222 218 219 215 216 213 216 212 215 212 214 212 213 212 213 212 200 215 187 218 168 214 154 212 153 212 152 212 146 214 137 218 131 214 129 212 128 212 127 212 127 212 126 212 121 214 115 216 63 213 63 238"/>
                        </Shape>
                        <String CONTENT=""/>
                    </TextLine>
</TextBlock>
                <TextBlock ID="block_1" HPOS="62" VPOS="250" WIDTH="581" HEIGHT="419" TAGREFS="TYPE_9">
                    <Shape>
                        <Polygon POINTS="62.250282287597656 250.6277618408203 643.2843017578125 250.6277618408203 643.2843017578125 669.0916748046875 62.250282287597656 669.0916748046875 62.250282287597656 250.6277618408203"/>
                    </Shape>
                    <TextLine ID="line_7" HPOS="94" VPOS="243" WIDTH="547" HEIGHT="39" BASELINE="95 271 641 272" TAGREFS="TYPE_1">
                        <Shape>
                            <Polygon POINTS="95 271 94 280 640 282 641 272 641 251 609 245 608 245 534 250 512 250 510 249 504 245 503 245 502 245 471 245 470 245 469 245 463 248 459 250 429 248 411 246 411 246 405 247 392 250 379 247 368 244 367 244 366 244 353 246 338 250 276 246 250 244 249 244 248 244 247 244 246 245 242 249 221 245 219 245 218 245 218 245 197 250 181 244 181 244 180 244 179 244 178 244 177 244 166 250 134 250 95 243 95 271"/>
                        </Shape>
                        <String CONTENT=""/>
                    </TextLine>

                    <TextLine ID="line_8" HPOS="63" VPOS="275" WIDTH="578" HEIGHT="39" BASELINE="64 303 641 305" TAGREFS="TYPE_1">
                        <Shape>
                            <Polygon POINTS="64 303 63 312 639 314 641 305 639 280 531 283 514 280 504 279 503 279 502 279 497 280 490 283 487 280 484 277 483 277 482 277 481 277 465 280 456 282 453 280 446 276 445 276 444 276 412 280 411 280 411 280 407 276 406 276 405 276 373 276 372 276 333 280 318 282 312 280 296 276 296 276 295 276 294 276 293 276 288 280 287 282 255 282 191 282 189 281 176 275 175 275 174 275 123 280 115 275 114 275 113 275 112 275 111 275 102 280 97 275 96 275 95 275 75 275 74 275 74 275 64 280 64 303"/>
                        </Shape>
                        <String CONTENT=""/>
                    </TextLine>

                    <TextLine ID="line_9" HPOS="62" VPOS="309" WIDTH="578" HEIGHT="41" BASELINE="63 335 640 337" TAGREFS="TYPE_1">
                        <Shape>
                            <Polygon POINTS="63 335 62 345 352 350 353 350 372 346 377 350 378 350 378 350 379 350 401 346 457 350 458 350 639 345 640 337 639 315 506 310 505 310 460 314 456 314 454 314 436 310 436 310 376 314 366 314 364 314 351 309 350 309 349 309 317 313 316 314 111 314 110 313 102 309 101 309 100 309 63 312 63 335"/>
                        </Shape>
                        <String CONTENT=""/>
                    </TextLine>

                    <TextLine ID="line_10" HPOS="62" VPOS="341" WIDTH="579" HEIGHT="39" BASELINE="63 368 641 370" TAGREFS="TYPE_1">
                        <Shape>
                            <Polygon POINTS="63 368 62 375 117 380 118 380 640 378 641 370 640 349 605 349 604 349 596 343 596 343 595 343 594 343 545 347 519 343 518 343 477 349 473 349 469 349 434 342 433 342 389 343 388 343 378 348 378 349 303 349 302 348 296 343 296 343 295 343 294 343 293 343 281 348 279 348 278 348 256 341 255 341 255 341 209 346 201 341 201 341 200 341 174 341 173 341 172 341 172 341 163 347 160 347 81 341 80 341 79 341 63 346 63 368"/>
                        </Shape>
                        <String CONTENT=""/>
                    </TextLine>

                    <TextLine ID="line_11" HPOS="60" VPOS="373" WIDTH="578" HEIGHT="41" BASELINE="61 400 638 403" TAGREFS="TYPE_1">
                        <Shape>
                            <Polygon POINTS="61 400 60 407 74 412 74 412 75 412 152 409 223 413 224 414 637 414 638 403 637 382 612 375 611 375 610 375 609 375 609 376 603 381 557 375 556 375 534 381 531 382 494 382 492 380 483 376 482 376 481 376 481 376 473 380 465 374 464 374 463 374 462 374 430 379 419 374 419 374 418 374 399 378 385 375 384 375 383 375 382 375 382 375 377 379 375 380 304 379 303 378 288 374 287 374 286 374 285 374 275 378 274 378 263 374 263 374 262 374 217 378 214 378 206 373 205 373 205 373 204 373 180 377 166 373 165 373 164 373 140 377 135 378 130 377 102 373 102 373 61 376 61 400"/>
                        </Shape>
                        <String CONTENT=""/>
                    </TextLine>

                    <TextLine ID="line_12" HPOS="62" VPOS="407" WIDTH="577" HEIGHT="39" BASELINE="62 433 639 433" TAGREFS="TYPE_1">
                        <Shape>
                            <Polygon POINTS="62 433 62 446 639 446 639 433 639 413 603 413 602 412 592 407 591 407 590 407 549 411 537 407 536 407 535 407 534 407 534 407 527 412 526 412 510 407 510 407 509 407 473 411 467 412 460 411 424 407 383 407 382 407 382 407 372 411 369 412 366 411 352 407 351 407 312 407 312 407 311 407 298 411 293 412 289 411 280 407 279 407 279 407 257 411 246 412 238 411 223 407 222 407 222 407 203 410 192 412 62 410 62 433"/>
                        </Shape>
                        <String CONTENT=""/>
                    </TextLine>

                    <TextLine ID="line_13" HPOS="61" VPOS="439" WIDTH="579" HEIGHT="38" BASELINE="61 466 640 466" TAGREFS="TYPE_1">
                        <Shape>
                            <Polygon POINTS="61 466 61 475 639 477 640 466 639 445 627 446 625 444 617 439 617 439 616 439 615 439 614 439 598 444 594 446 589 444 575 440 574 440 573 440 572 440 564 444 563 445 563 444 555 439 554 439 553 439 552 439 551 439 532 444 525 447 436 447 424 444 399 439 308 439 308 439 307 439 298 444 294 446 290 444 284 439 283 439 283 439 282 439 281 439 268 444 259 447 213 447 208 443 203 439 202 439 201 439 201 439 200 439 187 443 185 444 181 443 168 439 168 439 167 439 166 439 152 443 150 443 148 443 128 439 127 439 61 442 61 466"/>
                        </Shape>
                        <String CONTENT=""/>
                    </TextLine>

                    <TextLine ID="line_14" HPOS="61" VPOS="471" WIDTH="578" HEIGHT="40" BASELINE="61 497 639 498" TAGREFS="TYPE_1">
                        <Shape>
                            <Polygon POINTS="61 497 61 510 98 510 98 510 99 510 100 510 101 510 106 506 172 510 205 510 205 510 217 509 234 506 249 509 260 510 261 510 271 509 283 506 313 508 358 511 358 511 359 511 360 511 365 508 367 506 383 508 411 510 412 510 465 507 481 506 488 507 515 511 516 511 517 511 534 506 536 506 539 506 561 511 562 511 563 511 576 506 576 506 638 506 639 498 638 479 603 479 603 478 594 472 593 472 592 472 519 472 518 472 518 472 506 477 483 472 482 472 481 472 481 472 471 478 455 472 454 472 422 472 421 472 420 472 402 478 400 479 362 479 358 478 332 472 331 472 330 472 329 472 322 477 322 478 277 478 276 477 246 471 246 471 206 477 205 477 197 472 196 472 195 472 194 472 175 476 169 471 168 471 168 471 167 471 61 477 61 497"/>
                        </Shape>
                        <String CONTENT=""/>
                    </TextLine>

                    <TextLine ID="line_15" HPOS="59" VPOS="503" WIDTH="579" HEIGHT="40" BASELINE="60 529 638 532" TAGREFS="TYPE_1">
                        <Shape>
                            <Polygon POINTS="60 529 59 536 637 543 638 532 637 506 514 512 499 506 493 505 493 505 492 505 453 507 385 511 374 507 366 505 366 505 365 505 364 505 358 507 349 511 337 508 326 504 325 504 325 504 281 508 254 510 247 508 237 504 236 504 235 504 234 504 226 508 222 511 205 511 193 509 164 503 163 503 162 503 161 503 154 509 152 510 122 510 119 509 106 503 106 503 105 503 104 503 103 503 94 509 92 510 60 510 60 529"/>
                        </Shape>
                        <String CONTENT=""/>
                    </TextLine>

                    <TextLine ID="line_16" HPOS="58" VPOS="539" WIDTH="581" HEIGHT="36" BASELINE="58 563 639 563" TAGREFS="TYPE_1">
                        <Shape>
                            <Polygon POINTS="58 563 59 575 74 571 128 575 137 575 138 575 144 575 172 571 183 575 185 575 186 575 187 575 188 575 190 575 197 571 209 574 216 575 217 575 234 574 268 571 277 574 283 575 283 575 284 575 304 573 328 571 358 573 394 575 395 575 415 572 427 571 477 571 618 575 619 575 620 575 639 570 639 563 639 546 592 546 565 539 536 546 474 539 411 546 394 539 311 539 297 546 285 539 244 544 232 539 217 546 187 539 159 546 133 539 121 546 58 546 58 563"/>
                        </Shape>
                        <String CONTENT=""/>
                    </TextLine>

                    <TextLine ID="line_17" HPOS="59" VPOS="569" WIDTH="585" HEIGHT="36" BASELINE="59 595 644 595" TAGREFS="TYPE_1">
                        <Shape>
                            <Polygon POINTS="59 595 59 605 644 604 644 595 644 575 619 570 618 570 594 575 588 575 583 575 568 571 567 571 567 571 566 571 565 571 559 575 557 575 555 575 547 570 546 570 545 570 544 570 532 574 522 569 522 569 419 569 419 569 418 569 402 575 400 575 400 575 393 569 392 569 391 569 378 569 377 569 376 569 375 569 368 575 366 576 340 576 338 575 329 569 329 569 328 569 327 569 296 575 263 569 263 569 262 569 243 575 242 575 241 575 209 570 209 570 208 570 207 570 200 575 199 576 59 576 59 595"/>
                        </Shape>
                        <String CONTENT=""/>
                    </TextLine>

                    <TextLine ID="line_18" HPOS="49" VPOS="600" WIDTH="590" HEIGHT="41" BASELINE="49 627 639 629" TAGREFS="TYPE_1">
                        <Shape>
                            <Polygon POINTS="49 627 49 636 176 636 178 636 189 640 189 640 190 640 222 637 229 636 235 637 265 641 266 641 289 637 292 637 340 637 341 637 345 641 346 641 347 641 348 641 412 637 433 637 436 637 443 641 444 641 444 641 484 637 491 637 493 638 506 641 506 641 507 641 638 638 639 629 637 603 471 608 453 604 440 600 439 600 438 600 427 604 417 607 411 604 403 600 403 600 402 600 401 600 390 604 386 605 373 604 342 600 341 600 341 600 334 604 330 606 323 604 309 600 308 600 308 600 307 600 306 600 301 604 296 608 271 608 265 604 257 601 256 601 255 601 255 601 254 601 249 604 246 607 242 604 234 600 234 600 233 600 232 600 231 600 230 600 224 604 169 600 168 600 168 600 152 605 148 606 143 605 115 600 115 600 114 600 103 605 102 606 97 605 76 602 75 602 49 605 49 627"/>
                        </Shape>
                        <String CONTENT=""/>
                    </TextLine>

                    <TextLine ID="line_19" HPOS="56" VPOS="632" WIDTH="245" HEIGHT="38" BASELINE="57 659 301 658" TAGREFS="TYPE_1">
                        <Shape>
                            <Polygon POINTS="57 659 57 669 153 670 154 670 168 667 175 666 181 666 196 670 197 670 215 666 218 666 218 666 222 670 223 670 224 670 225 670 280 670 280 670 281 670 301 664 301 658 300 639 255 632 254 632 253 632 232 639 200 639 185 633 185 633 184 633 183 633 182 633 178 636 173 632 172 632 172 632 126 632 125 632 124 632 123 632 123 633 117 637 92 632 91 632 56 638 57 659"/>
                        </Shape>
                        <String CONTENT=""/>
                    </TextLine>
</TextBlock>
                <TextBlock ID="block_0" HPOS="57" VPOS="668" WIDTH="581" HEIGHT="421" TAGREFS="TYPE_9">
                    <Shape>
                        <Polygon POINTS="57.169002532958984 668.7424926757812 638.6824951171875 668.7424926757812 638.6824951171875 1089.20458984375 57.169002532958984 1089.20458984375 57.169002532958984 668.7424926757812"/>
                    </Shape>
                    <TextLine ID="line_20" HPOS="94" VPOS="662" WIDTH="542" HEIGHT="46" BASELINE="94 691 636 694" TAGREFS="TYPE_1">
                        <Shape>
                            <Polygon POINTS="94 691 94 699 104 706 105 706 106 706 106 706 139 700 177 706 178 706 179 706 180 706 189 700 201 700 239 700 242 701 249 706 250 706 251 706 251 706 271 702 272 702 275 702 353 707 354 707 355 707 364 703 370 701 427 701 432 704 434 707 435 707 436 707 485 707 486 707 487 707 492 705 496 703 510 706 521 707 522 707 522 707 528 706 542 703 551 707 555 707 555 707 556 708 635 708 636 694 636 672 614 672 614 671 600 664 599 664 598 664 597 664 585 670 576 664 576 664 575 664 574 664 549 669 528 664 527 664 526 664 526 664 512 670 509 670 505 670 489 664 488 664 487 664 486 664 471 668 436 664 436 664 435 664 423 668 415 671 379 671 371 667 362 663 362 663 325 663 324 663 323 663 317 666 308 671 283 671 279 667 279 666 279 666 278 666 277 666 215 670 205 664 201 662 201 662 200 662 193 664 167 670 158 663 157 663 156 663 94 662 94 691"/>
                        </Shape>
                        <String CONTENT=""/>
                    </TextLine>

                    <TextLine ID="line_21" HPOS="58" VPOS="697" WIDTH="577" HEIGHT="43" BASELINE="59 723 635 727" TAGREFS="TYPE_1">
                        <Shape>
                            <Polygon POINTS="59 723 58 731 76 736 77 736 78 736 151 732 173 732 226 732 229 734 234 737 235 737 236 737 237 738 263 738 263 737 264 737 265 737 269 734 271 732 278 735 289 738 290 738 291 738 292 738 299 735 303 733 396 733 455 734 460 737 461 739 462 739 463 739 464 739 485 738 518 736 590 740 604 740 604 740 605 740 606 740 618 736 633 740 635 727 634 706 609 700 608 700 585 705 584 705 583 705 546 700 545 700 508 704 496 699 495 699 494 699 493 699 479 704 478 705 437 705 436 704 431 699 430 699 429 699 404 699 347 699 346 699 345 699 345 699 340 703 339 703 315 699 314 699 295 703 292 703 292 703 282 698 281 698 280 698 257 703 256 703 218 703 217 703 207 698 206 698 205 698 205 698 190 703 189 703 187 703 174 697 173 697 172 697 59 701 59 723"/>
                        </Shape>
                        <String CONTENT=""/>
                    </TextLine>

                    <TextLine ID="line_22" HPOS="57" VPOS="730" WIDTH="579" HEIGHT="43" BASELINE="58 756 636 760" TAGREFS="TYPE_1">
                        <Shape>
                            <Polygon POINTS="58 756 57 765 67 770 68 770 69 770 69 770 70 770 78 765 99 765 160 765 162 765 176 771 177 771 178 771 210 766 212 766 213 766 245 771 246 771 280 767 287 766 294 767 337 772 337 772 360 768 366 772 366 772 367 772 368 772 448 768 462 768 464 769 475 773 476 773 477 773 507 769 515 768 520 769 538 773 539 773 539 773 635 769 636 760 635 736 611 733 610 733 609 733 604 736 599 738 584 736 576 735 575 735 568 736 554 739 539 736 526 733 525 733 524 733 523 733 519 736 514 739 481 739 465 736 449 733 448 733 434 736 423 737 415 736 400 732 399 732 399 732 363 736 345 737 341 736 337 732 337 732 336 732 293 732 292 732 292 732 285 735 282 736 275 735 261 732 260 732 248 735 242 736 235 735 220 731 219 731 218 731 218 731 217 731 217 732 213 735 210 737 174 737 135 736 132 735 126 730 125 730 124 730 123 730 58 734 58 756"/>
                        </Shape>
                        <String CONTENT=""/>
                    </TextLine>

                    <TextLine ID="line_23" HPOS="57" VPOS="764" WIDTH="577" HEIGHT="42" BASELINE="58 789 634 791" TAGREFS="TYPE_1">
                        <Shape>
                            <Polygon POINTS="58 789 57 803 90 804 90 804 91 804 93 804 105 799 144 804 148 804 149 804 155 804 207 799 216 803 217 803 218 803 218 803 228 799 263 804 265 804 266 804 267 804 267 804 274 799 295 799 317 804 318 804 319 804 368 800 406 805 411 805 411 805 412 805 414 805 430 800 438 805 439 805 440 805 440 806 475 806 475 805 478 805 522 800 551 805 553 805 554 805 555 805 588 800 633 805 634 791 634 770 613 765 612 765 611 765 566 769 558 770 554 769 532 765 439 765 438 765 437 765 421 769 415 771 359 771 353 769 337 764 337 764 336 764 335 764 323 769 320 770 256 770 254 769 245 764 244 764 213 764 213 764 212 764 211 764 205 768 203 770 156 770 151 768 139 764 138 764 137 764 136 764 126 768 120 769 58 768 58 789"/>
                        </Shape>
                        <String CONTENT=""/>
                    </TextLine>

                    <TextLine ID="line_24" HPOS="57" VPOS="795" WIDTH="578" HEIGHT="44" BASELINE="57 821 635 824" TAGREFS="TYPE_1">
                        <Shape>
                            <Polygon POINTS="57 821 57 835 201 831 226 837 230 837 230 837 242 837 333 832 371 838 376 838 377 838 378 838 379 838 399 833 448 837 449 837 481 833 489 838 489 839 490 839 491 839 492 839 496 838 520 834 545 839 548 839 549 839 555 839 617 834 633 839 635 824 634 801 573 798 572 798 556 800 543 802 522 800 489 797 489 797 473 800 466 802 460 800 450 797 449 797 448 797 448 797 441 800 438 802 432 800 416 797 415 797 395 800 385 802 381 800 373 797 372 797 371 797 370 797 358 800 354 802 226 802 221 800 202 795 201 795 201 795 200 795 185 800 184 801 136 801 135 800 130 795 129 795 128 795 127 795 57 799 57 821"/>
                        </Shape>
                        <String CONTENT=""/>
                    </TextLine>

                    <TextLine ID="line_25" HPOS="55" VPOS="829" WIDTH="579" HEIGHT="40" BASELINE="56 854 634 855" TAGREFS="TYPE_1">
                        <Shape>
                            <Polygon POINTS="56 854 55 865 400 869 401 869 410 867 423 865 428 867 431 869 432 869 432 869 433 869 437 867 445 865 519 865 604 869 616 869 617 869 617 869 618 869 625 865 631 869 634 855 634 834 620 830 619 830 618 830 574 834 566 835 563 834 553 830 552 830 551 830 514 834 505 835 478 834 392 830 391 830 390 830 382 833 379 835 376 833 368 830 367 830 366 830 366 830 353 833 346 835 341 833 327 829 326 829 325 829 325 829 312 833 308 835 271 835 267 833 257 829 256 829 255 829 255 829 245 833 241 834 234 832 217 830 216 830 197 832 187 834 181 832 171 829 170 829 169 829 155 832 148 834 145 832 141 829 140 829 139 829 139 829 138 829 137 829 134 832 133 833 130 832 119 829 119 829 118 829 101 832 91 834 86 832 82 830 81 830 80 830 56 831 56 854"/>
                        </Shape>
                        <String CONTENT=""/>
                    </TextLine>

                    <TextLine ID="line_26" HPOS="56" VPOS="870" WIDTH="577" HEIGHT="28" BASELINE="57 885 633 888" TAGREFS="TYPE_1">
                        <Shape>
                            <Polygon POINTS="507 880 499 880 491 880 483 880 475 880 467 880 459 880 451 880 443 880 435 880 427 880 419 880 411 880 403 880 395 880 386 880 378 880 370 880 362 880 354 880 346 880 338 880 330 880 322 880 314 880 306 880 298 880 290 880 282 880 274 880 266 880 258 880 250 880 242 880 234 880 226 880 218 880 209 880 201 880 193 880 185 880 177 880 169 880 161 880 153 880 145 880 137 880 129 880 121 880 113 880 105 880 97 880 89 880 81 880 73 880 65 880 57 880 57 885 56 893 65 898 66 898 67 898 633 896 633 888 633 871 511 870 510 870 507 880"/>
                        </Shape>
                        <String CONTENT=""/>
                    </TextLine>

                    <TextLine ID="line_27" HPOS="55" VPOS="892" WIDTH="579" HEIGHT="41" BASELINE="56 918 634 921" TAGREFS="TYPE_1">
                        <Shape>
                            <Polygon POINTS="56 918 55 925 74 931 74 931 75 931 135 927 148 931 148 931 149 931 195 927 200 927 201 927 214 932 215 932 216 933 325 933 325 932 325 932 339 929 342 928 343 929 348 933 349 933 349 933 350 933 351 933 365 929 366 929 369 929 391 933 392 933 410 929 415 929 432 929 494 933 495 933 525 930 535 929 539 930 547 933 548 933 549 933 633 931 634 921 634 900 624 894 623 894 595 894 594 894 593 894 592 894 585 899 555 894 555 894 554 894 543 899 543 900 506 900 505 899 489 893 489 893 488 893 487 893 473 898 419 893 419 893 418 893 407 898 407 898 374 893 373 893 255 897 246 897 246 897 239 892 238 892 238 892 200 892 199 892 198 892 183 896 137 892 136 892 56 896 56 918"/>
                        </Shape>
                        <String CONTENT=""/>
                    </TextLine>

                    <TextLine ID="line_28" HPOS="55" VPOS="923" WIDTH="578" HEIGHT="43" BASELINE="55 950 633 953" TAGREFS="TYPE_1">
                        <Shape>
                            <Polygon POINTS="55 950 55 962 199 959 242 962 269 964 270 964 302 962 337 960 341 962 347 965 348 965 349 965 362 962 368 961 371 962 379 965 380 965 381 965 435 962 454 961 462 962 489 966 490 966 589 962 590 962 607 966 608 966 609 966 633 961 633 953 633 933 611 925 610 925 609 925 609 925 594 932 593 932 592 932 567 927 566 927 536 931 528 932 526 931 517 926 516 926 515 926 514 926 514 926 509 930 506 932 496 930 456 925 455 925 394 929 383 929 380 929 365 925 364 925 363 925 362 925 355 929 350 931 347 929 345 927 345 927 344 927 343 927 318 928 269 930 265 927 263 925 263 925 262 925 261 925 260 925 246 927 226 930 212 926 200 923 199 923 131 923 131 923 130 923 121 925 103 929 55 925 55 950"/>
                        </Shape>
                        <String CONTENT=""/>
                    </TextLine>

                    <TextLine ID="line_29" HPOS="56" VPOS="958" WIDTH="578" HEIGHT="41" BASELINE="56 984 634 984" TAGREFS="TYPE_1">
                        <Shape>
                            <Polygon POINTS="56 984 56 993 124 998 125 998 144 994 151 998 152 998 152 998 153 998 173 994 174 994 189 998 190 998 191 999 253 999 253 998 254 998 255 998 260 994 261 994 263 994 315 998 316 998 634 994 634 984 634 964 549 959 548 959 524 963 506 958 505 958 504 958 503 958 502 958 495 962 443 958 442 958 441 958 440 958 432 964 398 964 362 958 362 958 339 962 318 958 317 958 316 958 316 958 303 963 297 958 297 958 296 958 296 958 239 958 238 958 175 963 152 958 152 958 151 958 129 962 106 958 106 958 56 963 56 984"/>
                        </Shape>
                        <String CONTENT=""/>
                    </TextLine>

                    <TextLine ID="line_30" HPOS="56" VPOS="991" WIDTH="578" HEIGHT="39" BASELINE="56 1015 634 1017" TAGREFS="TYPE_1">
                        <Shape>
                            <Polygon POINTS="56 1015 56 1028 574 1026 575 1026 591 1030 592 1030 592 1030 633 1025 634 1017 633 998 441 991 440 991 398 996 396 996 394 996 322 992 321 992 320 992 320 992 313 996 312 997 263 997 260 996 233 991 232 991 209 995 209 995 185 991 184 991 160 995 160 995 159 995 148 991 148 991 147 991 146 991 136 995 135 995 133 995 98 991 97 991 56 995 56 1015"/>
                        </Shape>
                        <String CONTENT=""/>
                    </TextLine>

                    <TextLine ID="line_31" HPOS="57" VPOS="1020" WIDTH="576" HEIGHT="41" BASELINE="57 1047 633 1049" TAGREFS="TYPE_1">
                        <Shape>
                            <Polygon POINTS="633 1028 608 1022 607 1022 443 1025 370 1026 368 1024 365 1021 364 1021 363 1021 362 1021 362 1021 353 1024 348 1025 344 1024 338 1021 337 1021 337 1021 300 1023 250 1026 236 1022 229 1020 228 1020 227 1020 226 1020 219 1022 207 1025 181 1022 176 1021 175 1021 165 1021 102 1025 94 1020 94 1020 93 1020 92 1020 91 1020 90 1020 76 1025 58 1020 57 1047 57 1061 633 1059 633 1049 633 1028"/>
                        </Shape>
                        <String CONTENT=""/>
                    </TextLine>

                    <TextLine ID="line_32" HPOS="56" VPOS="1056" WIDTH="415" HEIGHT="38" BASELINE="57 1080 471 1081" TAGREFS="TYPE_1">
                        <Shape>
                            <Polygon POINTS="56 1091 204 1093 205 1093 205 1093 207 1093 218 1088 225 1093 226 1093 226 1093 227 1093 232 1093 268 1089 286 1093 289 1094 290 1094 291 1094 292 1094 292 1094 292 1093 298 1089 432 1089 469 1094 471 1081 470 1065 414 1060 413 1060 412 1060 405 1063 402 1065 306 1065 299 1061 288 1057 288 1057 255 1056 254 1056 234 1060 192 1056 191 1056 190 1056 181 1059 172 1062 155 1059 138 1056 137 1056 136 1056 135 1056 133 1058 127 1064 117 1058 114 1056 113 1056 112 1056 111 1056 86 1057 85 1057 84 1057 83 1057 78 1062 57 1057 57 1080 56 1091"/>
                        </Shape>
                        <String CONTENT=""/>
                    </TextLine>
</TextBlock>
                <TextBlock ID="block_2" HPOS="54" VPOS="1093" WIDTH="581" HEIGHT="99" TAGREFS="TYPE_9">
                    <Shape>
                        <Polygon POINTS="54.70451736450195 1093.523193359375 635.3892211914062 1093.523193359375 635.3892211914062 1192.5401611328125 54.70451736450195 1192.5401611328125 54.70451736450195 1093.523193359375"/>
                    </Shape>
                    <TextLine ID="line_33" HPOS="89" VPOS="1085" WIDTH="544" HEIGHT="42" BASELINE="90 1111 633 1114" TAGREFS="TYPE_1">
                        <Shape>
                            <Polygon POINTS="90 1111 89 1120 106 1126 106 1126 107 1126 179 1125 180 1125 181 1125 186 1121 187 1121 189 1121 212 1126 213 1126 276 1122 283 1122 286 1122 311 1127 312 1127 340 1123 345 1122 345 1123 352 1127 353 1127 353 1127 354 1127 354 1127 355 1127 356 1127 362 1123 363 1122 367 1123 386 1127 386 1127 407 1123 415 1122 440 1123 508 1127 509 1127 526 1123 529 1123 535 1124 566 1127 567 1127 567 1127 576 1124 581 1123 632 1124 633 1114 633 1090 586 1086 585 1086 584 1086 572 1090 563 1093 485 1093 471 1090 440 1086 376 1086 375 1086 315 1090 297 1091 295 1090 288 1086 288 1086 287 1086 264 1085 263 1085 263 1085 247 1090 246 1090 246 1090 239 1086 238 1086 238 1086 237 1086 236 1086 223 1090 222 1090 220 1090 207 1086 206 1086 205 1086 141 1090 131 1090 129 1090 108 1085 107 1085 106 1085 106 1085 90 1090 90 1111"/>
                        </Shape>
                        <String CONTENT=""/>
                    </TextLine>

                    <TextLine ID="line_34" HPOS="54" VPOS="1118" WIDTH="579" HEIGHT="39" BASELINE="54 1145 633 1147" TAGREFS="TYPE_1">
                        <Shape>
                            <Polygon POINTS="54 1145 54 1157 632 1155 633 1147 633 1126 596 1119 596 1119 595 1119 584 1125 584 1125 582 1125 558 1119 557 1119 522 1124 512 1125 510 1123 504 1119 503 1119 502 1119 502 1119 475 1123 472 1123 470 1123 458 1119 457 1119 456 1119 432 1123 414 1125 409 1123 406 1120 405 1120 404 1120 403 1120 373 1122 356 1123 353 1122 345 1118 344 1118 343 1118 342 1118 334 1121 325 1125 292 1125 286 1121 283 1118 283 1118 282 1118 281 1118 280 1118 275 1120 267 1125 233 1125 189 1119 181 1118 180 1118 179 1118 178 1118 178 1119 170 1125 127 1125 118 1119 117 1119 116 1119 54 1118 54 1145"/>
                        </Shape>
                        <String CONTENT=""/>
                    </TextLine>

                    <TextLine ID="line_35" HPOS="54" VPOS="1150" WIDTH="579" HEIGHT="51" BASELINE="55 1176 633 1180" TAGREFS="TYPE_1">
                        <Shape>
                            <Polygon POINTS="55 1176 54 1196 68 1197 69 1197 69 1197 70 1197 72 1196 83 1189 94 1196 99 1198 100 1198 101 1199 156 1199 156 1198 156 1198 164 1195 176 1190 192 1194 193 1194 193 1194 216 1189 230 1194 242 1199 242 1199 243 1199 296 1194 304 1199 304 1199 305 1199 306 1200 330 1200 330 1199 331 1199 332 1199 339 1193 344 1190 357 1193 362 1194 363 1194 364 1194 367 1193 375 1190 382 1193 399 1200 399 1200 400 1201 439 1201 439 1200 440 1200 469 1192 478 1190 515 1190 517 1192 522 1196 522 1196 523 1196 524 1196 525 1196 526 1196 531 1192 533 1191 558 1191 559 1191 573 1197 574 1197 575 1197 633 1190 633 1180 633 1160 609 1152 609 1152 584 1152 584 1152 583 1152 568 1160 567 1160 567 1160 550 1154 549 1154 548 1154 547 1154 539 1158 532 1152 531 1152 530 1152 506 1152 505 1152 504 1152 503 1152 493 1158 491 1160 487 1158 469 1151 468 1151 467 1151 466 1151 445 1158 440 1159 434 1158 411 1153 411 1153 410 1153 409 1153 404 1157 402 1160 378 1160 368 1156 343 1151 342 1151 341 1151 325 1156 320 1158 261 1155 225 1154 224 1154 223 1154 221 1155 214 1158 205 1155 190 1150 189 1150 127 1150 127 1150 126 1150 114 1153 102 1157 90 1153 88 1152 87 1152 86 1152 55 1152 55 1176"/>
                        </Shape>
                        <String CONTENT=""/>
                    </TextLine>
</TextBlock>
                <TextBlock ID="block_5" HPOS="482" VPOS="1194" WIDTH="46" HEIGHT="33" TAGREFS="TYPE_27">
                    <Shape>
                        <Polygon POINTS="482.205810546875 1194.7828369140625 528.3915405273438 1194.7828369140625 528.3915405273438 1227.1011962890625 482.205810546875 1227.1011962890625 482.205810546875 1194.7828369140625"/>
                    </Shape>
                    <TextLine ID="line_36" HPOS="483" VPOS="1189" WIDTH="43" HEIGHT="39" BASELINE="485 1213 526 1211" TAGREFS="TYPE_1">
                        <Shape>
                            <Polygon POINTS="485 1213 485 1228 526 1228 526 1211 525 1189 483 1189 485 1213"/>
                        </Shape>
                        <String CONTENT=""/>
                    </TextLine>
</TextBlock>
            </PrintSpace>
        </Page>
    </Layout>
</alto>