<?xml version="1.0" encoding="UTF-8"?>
<alto xmlns:xsi="http://www.w3.org/2001/XMLSchema-instance"
    xmlns="http://www.loc.gov/standards/alto/ns-v4#"
    xsi:schemaLocation="http://www.loc.gov/standards/alto/ns-v4# http://www.loc.gov/standards/alto/v4/alto-4-3.xsd">
    <Description>
        <MeasurementUnit>pixel</MeasurementUnit>
        <sourceImageInformation>
            <fileName>2013327.jpeg</fileName>
        </sourceImageInformation>
        <Processing ID="OCR_0">
            <processingCategory>other</processingCategory>
            <processingStepDescription>unknown</processingStepDescription>
            <processingSoftware>
                <softwareName>kraken</softwareName>
                <softwareVersion>4.3.13</softwareVersion>
            </processingSoftware>
        </Processing>
    </Description>
    <Tags>
        <OtherTag ID="TYPE_1" LABEL="DefaultLine"/>
        <OtherTag ID="TYPE_2" LABEL="TableZone"/>
        <OtherTag ID="TYPE_3" LABEL="MainZone-Other"/>
        <OtherTag ID="TYPE_4" LABEL="GraphicZone-FigDesc"/>
        <OtherTag ID="TYPE_5" LABEL="GraphicZone-Decoration"/>
        <OtherTag ID="TYPE_6" LABEL="GraphicZone-TextualContent"/>
        <OtherTag ID="TYPE_7" LABEL="DropCapitalZone"/>
        <OtherTag ID="TYPE_8" LABEL="MainZone-Sp"/>
        <OtherTag ID="TYPE_9" LABEL="MainZone-P"/>
        <OtherTag ID="TYPE_10" LABEL="MarginTextZone-Notes"/>
        <OtherTag ID="TYPE_11" LABEL="MainZone-Signature"/>
        <OtherTag ID="TYPE_12" LABEL="TitlePageZone-Index"/>
        <OtherTag ID="TYPE_13" LABEL="TableZone-Head"/>
        <OtherTag ID="TYPE_14" LABEL="NumberingZone"/>
        <OtherTag ID="TYPE_15" LABEL="GraphicZone-Part"/>
        <OtherTag ID="TYPE_16" LABEL="GraphicZone-Head"/>
        <OtherTag ID="TYPE_17" LABEL="FigureZone-FigDesc"/>
        <OtherTag ID="TYPE_18" LABEL="MainZone-P-Continued"/>
        <OtherTag ID="TYPE_19" LABEL="MainZone-List"/>
        <OtherTag ID="TYPE_20" LABEL="TitlePageZone"/>
        <OtherTag ID="TYPE_21" LABEL="GraphicZone-Maths"/>
        <OtherTag ID="TYPE_22" LABEL="FigureZone"/>
        <OtherTag ID="TYPE_23" LABEL="MainZone-Date"/>
        <OtherTag ID="TYPE_24" LABEL="GraphicZone"/>
        <OtherTag ID="TYPE_25" LABEL="AdvertisementZone"/>
        <OtherTag ID="TYPE_26" LABEL="MainZone-Lg"/>
        <OtherTag ID="TYPE_27" LABEL="QuireMarksZone"/>
        <OtherTag ID="TYPE_28" LABEL="TableZone-Continued"/>
        <OtherTag ID="TYPE_29" LABEL="MainZone-Form"/>
        <OtherTag ID="TYPE_30" LABEL="MainZone-Entry"/>
        <OtherTag ID="TYPE_31" LABEL="MarginTextZone-ManuscriptAddendum"/>
        <OtherTag ID="TYPE_32" LABEL="DigitizationArtefactZone"/>
        <OtherTag ID="TYPE_33" LABEL="MarginTextZone-Notes-Continued"/>
        <OtherTag ID="TYPE_34" LABEL="MainZone-Lg-Continued"/>
        <OtherTag ID="TYPE_35" LABEL="StampZone"/>
        <OtherTag ID="TYPE_36" LABEL="MainZone-Entry-Continued"/>
        <OtherTag ID="TYPE_37" LABEL="MainZone-List-Continued"/>
        <OtherTag ID="TYPE_38" LABEL="MainZone-Head"/>
        <OtherTag ID="TYPE_39" LABEL="MainZone-Sp-Continued"/>
        <OtherTag ID="TYPE_40" LABEL="RunningTitleZone"/>
        <OtherTag ID="TYPE_41" LABEL="FigureZone-Head"/>
        <OtherTag ID="TYPE_42" LABEL="StampZone-Sticker"/>
    </Tags>
    <Layout>
        <Page WIDTH="1000" HEIGHT="1448" PHYSICAL_IMG_NR="0" ID="page_0">
            <PrintSpace HPOS="0" VPOS="0" WIDTH="1000" HEIGHT="1448">
                <TextBlock ID="block_3" HPOS="567" VPOS="96" WIDTH="45" HEIGHT="33" TAGREFS="TYPE_14">
                    <Shape>
                        <Polygon POINTS="567.1251220703125 96.29073333740234 612.9409790039062 96.29073333740234 612.9409790039062 129.37440490722656 567.1251220703125 129.37440490722656 567.1251220703125 96.29073333740234"/>
                    </Shape>
                    <TextLine ID="line_0" HPOS="571" VPOS="78" WIDTH="34" HEIGHT="53" BASELINE="572 119 604 120" TAGREFS="TYPE_1">
                        <Shape>
                            <Polygon POINTS="572 119 571 127 603 131 604 120 605 82 573 78 572 119"/>
                        </Shape>
                        <String CONTENT=""/>
                    </TextLine>
</TextBlock>
                <TextBlock ID="block_5" HPOS="243" VPOS="83" WIDTH="191" HEIGHT="36" TAGREFS="TYPE_40">
                    <Shape>
                        <Polygon POINTS="243.34109497070312 83.75306701660156 434.643310546875 83.75306701660156 434.643310546875 119.9625244140625 243.34109497070312 119.9625244140625 243.34109497070312 83.75306701660156"/>
                    </Shape>
                    <TextLine ID="line_1" HPOS="245" VPOS="102" WIDTH="189" HEIGHT="21" BASELINE="246 107 434 111" TAGREFS="TYPE_1">
                        <Shape>
                            <Polygon POINTS="431 102 423 102 415 102 407 102 399 102 390 102 382 102 374 102 366 102 358 102 350 102 342 102 334 102 326 102 318 102 310 102 302 102 294 102 286 102 278 102 270 102 262 102 254 102 246 102 246 107 245 112 289 119 290 119 309 116 320 115 323 117 329 121 329 121 330 121 331 121 332 121 340 118 346 115 352 119 357 122 358 122 358 122 359 122 360 122 369 119 380 116 385 120 386 121 386 122 387 122 388 122 432 123 434 111 433 102 431 102"/>
                        </Shape>
                        <String CONTENT=""/>
                    </TextLine>
</TextBlock>
                <TextBlock ID="block_4" HPOS="31" VPOS="126" WIDTH="577" HEIGHT="129" TAGREFS="TYPE_18">
                    <Shape>
                        <Polygon POINTS="31.288389205932617 126.60432434082031 608.7047729492188 126.60432434082031 608.7047729492188 255.7379913330078 31.288389205932617 255.7379913330078 31.288389205932617 126.60432434082031"/>
                    </Shape>
                    <TextLine ID="line_2" HPOS="34" VPOS="115" WIDTH="575" HEIGHT="49" BASELINE="34 146 609 151" TAGREFS="TYPE_1">
                        <Shape>
                            <Polygon POINTS="34 146 34 156 61 154 69 156 80 160 81 160 82 160 82 160 83 160 88 156 93 154 188 154 195 158 197 159 197 159 198 159 199 159 200 159 201 158 206 155 234 159 239 159 240 159 246 159 288 156 297 160 304 162 305 162 306 162 307 162 312 160 322 156 344 156 349 160 352 163 353 163 353 163 354 163 355 163 364 160 377 156 400 160 418 164 419 164 609 163 609 151 608 123 543 125 526 123 506 119 506 119 492 123 484 124 481 123 475 119 474 119 473 119 473 119 444 122 437 123 426 122 371 118 370 118 343 122 333 123 324 122 295 117 294 117 267 121 257 123 247 121 222 116 222 116 161 120 151 121 148 120 131 115 130 115 102 115 102 115 101 115 91 120 90 121 34 120 34 146"/>
                        </Shape>
                        <String CONTENT=""/>
                    </TextLine>

                    <TextLine ID="line_3" HPOS="33" VPOS="152" WIDTH="577" HEIGHT="45" BASELINE="34 176 610 185" TAGREFS="TYPE_1">
                        <Shape>
                            <Polygon POINTS="34 176 33 184 108 190 109 190 133 186 136 186 156 187 249 192 250 192 251 192 259 189 263 188 267 189 273 193 274 193 275 193 302 190 321 189 349 191 380 194 381 194 416 193 454 191 459 193 460 195 461 195 462 195 463 195 473 194 491 192 517 195 526 196 526 196 527 196 529 195 537 192 548 196 551 197 552 197 553 197 609 197 610 185 609 159 562 164 552 158 551 158 551 158 550 158 541 158 472 163 436 158 423 156 422 156 421 156 417 158 407 162 371 158 370 158 370 158 369 158 368 158 363 161 355 158 350 156 349 156 349 156 348 156 341 158 327 161 298 160 295 157 292 155 292 155 291 155 290 155 222 157 180 159 172 157 150 152 149 152 121 153 120 153 119 153 114 157 112 158 110 157 98 152 98 152 97 152 96 152 82 157 80 157 34 157 34 176"/>
                        </Shape>
                        <String CONTENT=""/>
                    </TextLine>

                    <TextLine ID="line_4" HPOS="35" VPOS="200" WIDTH="575" HEIGHT="30" BASELINE="35 208 610 216" TAGREFS="TYPE_1">
                        <Shape>
                            <Polygon POINTS="485 205 477 205 469 205 461 205 453 205 445 205 437 205 429 205 421 205 413 205 405 205 397 205 389 205 381 205 373 205 365 205 357 205 349 205 341 205 333 205 325 205 316 205 308 205 300 205 292 205 284 205 276 205 268 205 260 205 252 205 244 205 236 205 228 205 220 205 212 205 204 205 196 205 188 205 180 205 172 205 164 205 156 205 148 205 139 205 131 205 123 205 115 205 107 205 99 205 91 205 83 205 75 205 67 205 59 205 51 205 43 205 35 205 35 208 35 221 206 221 223 224 234 226 235 226 246 224 265 222 300 225 323 227 324 227 333 226 345 223 362 226 368 227 369 227 370 227 370 227 371 226 376 223 384 226 387 228 388 228 389 228 422 227 486 226 492 229 494 230 495 230 496 230 497 230 500 229 507 226 546 230 559 230 560 230 567 230 593 226 608 230 610 216 609 200 486 201 485 205"/>
                        </Shape>
                        <String CONTENT=""/>
                    </TextLine>

                    <TextLine ID="line_5" HPOS="33" VPOS="217" WIDTH="436" HEIGHT="43" BASELINE="34 241 469 246" TAGREFS="TYPE_1">
                        <Shape>
                            <Polygon POINTS="34 241 33 251 40 255 41 255 41 255 83 251 93 250 94 251 97 255 98 255 98 256 98 256 99 256 100 256 123 251 128 250 144 251 187 255 188 255 203 252 208 251 209 252 215 256 216 256 217 256 218 256 246 253 253 252 254 253 259 257 259 258 260 258 261 258 262 258 337 255 342 259 343 259 344 259 417 260 418 260 468 255 469 246 467 223 398 226 388 222 383 221 382 221 382 221 381 221 375 222 365 226 357 222 351 220 350 220 349 220 349 220 348 220 345 222 341 226 308 226 300 222 290 219 289 219 256 218 255 218 255 218 254 218 249 222 246 226 227 226 224 222 218 218 218 218 217 218 216 218 215 218 202 222 198 224 197 222 193 218 193 218 192 218 191 218 157 217 144 217 144 217 143 217 142 217 142 218 137 222 135 223 86 223 85 222 80 218 80 217 79 217 78 217 78 217 34 222 34 241"/>
                        </Shape>
                        <String CONTENT=""/>
                    </TextLine>
</TextBlock>
                <TextBlock ID="block_0" HPOS="30" VPOS="255" WIDTH="582" HEIGHT="327" TAGREFS="TYPE_9">
                    <Shape>
                        <Polygon POINTS="30.42319679260254 255.4975128173828 612.4305419921875 255.4975128173828 612.4305419921875 582.8329467773438 30.42319679260254 582.8329467773438 30.42319679260254 255.4975128173828"/>
                    </Shape>
                    <TextLine ID="line_6" HPOS="68" VPOS="248" WIDTH="542" HEIGHT="47" BASELINE="69 275 610 283" TAGREFS="TYPE_1">
                        <Shape>
                            <Polygon POINTS="69 275 68 283 94 289 94 289 168 285 176 290 176 290 177 290 178 290 197 286 207 291 208 291 209 291 209 291 221 286 269 292 270 292 355 287 369 293 370 293 370 293 404 288 416 293 417 293 418 294 469 294 469 293 470 293 482 289 488 294 488 295 489 295 489 295 490 295 609 290 610 283 610 254 547 253 546 253 545 253 544 253 534 259 522 255 521 255 520 255 490 260 485 255 484 255 483 255 482 255 441 259 432 252 431 252 430 252 429 252 428 252 411 259 405 253 404 253 403 253 403 253 402 253 386 257 382 252 381 252 380 252 379 252 378 252 378 252 370 258 350 258 344 251 343 251 343 250 342 250 341 250 341 250 340 250 337 251 314 258 269 253 268 253 267 253 256 257 155 255 148 250 146 248 145 248 144 248 144 248 143 248 139 250 129 255 69 250 69 275"/>
                        </Shape>
                        <String CONTENT=""/>
                    </TextLine>

                    <TextLine ID="line_7" HPOS="33" VPOS="282" WIDTH="576" HEIGHT="46" BASELINE="34 306 609 316" TAGREFS="TYPE_1">
                        <Shape>
                            <Polygon POINTS="493 291 490 288 456 288 455 288 454 288 438 293 437 293 436 293 427 287 426 287 425 287 392 292 387 292 380 292 322 286 321 286 320 286 309 291 308 291 307 291 286 285 285 285 284 285 263 290 261 290 259 290 234 284 233 284 232 284 218 289 217 289 101 287 101 287 90 282 90 282 89 282 34 285 34 306 33 316 115 315 141 318 161 320 162 320 163 320 169 318 176 316 193 319 219 322 220 322 251 320 264 318 267 320 271 323 272 323 273 323 274 323 290 320 298 318 300 320 306 324 307 324 308 324 308 324 327 320 334 319 337 320 342 324 343 324 344 324 345 325 410 325 410 324 411 324 417 321 418 320 419 321 423 325 424 325 425 325 426 325 464 321 470 321 471 322 476 326 476 327 477 327 477 327 478 327 510 324 520 328 521 328 522 328 544 323 608 323 609 316 609 296 591 291 590 291 589 291 563 295 558 290 557 290 556 290 517 289 494 288 493 291"/>
                        </Shape>
                        <String CONTENT=""/>
                    </TextLine>

                    <TextLine ID="line_8" HPOS="32" VPOS="313" WIDTH="574" HEIGHT="48" BASELINE="33 339 606 347" TAGREFS="TYPE_1">
                        <Shape>
                            <Polygon POINTS="33 339 32 346 99 352 100 352 129 349 135 349 137 349 154 354 155 354 230 355 230 355 231 355 243 352 249 350 255 352 267 356 267 356 268 356 372 355 484 353 491 357 493 359 493 359 494 359 495 359 508 358 536 355 551 359 555 360 555 360 556 361 605 361 606 347 604 324 492 326 481 321 477 320 477 320 476 320 475 320 472 320 460 325 440 320 435 319 434 319 393 319 392 319 391 319 390 320 377 324 345 319 341 318 341 318 340 318 338 318 321 323 304 318 302 317 301 317 300 317 296 317 279 320 262 317 258 316 257 316 254 317 229 322 211 318 210 318 209 318 164 321 129 321 119 315 119 315 118 315 117 315 91 320 78 314 78 314 33 313 33 339"/>
                        </Shape>
                        <String CONTENT=""/>
                    </TextLine>

                    <TextLine ID="line_9" HPOS="33" VPOS="346" WIDTH="576" HEIGHT="47" BASELINE="34 372 609 380" TAGREFS="TYPE_1">
                        <Shape>
                            <Polygon POINTS="34 372 33 381 334 389 335 389 349 387 374 385 424 389 447 390 448 390 448 390 452 390 465 386 515 386 520 390 520 391 521 391 522 391 522 391 527 391 551 387 563 391 565 392 566 392 567 393 609 393 609 380 609 361 578 361 576 360 559 353 559 353 558 353 538 357 533 353 532 353 531 353 530 353 501 358 494 359 410 358 407 357 400 351 399 351 399 351 378 350 378 350 341 354 319 350 318 350 317 350 316 350 311 354 301 349 300 349 300 349 299 349 288 354 284 357 265 357 258 353 245 349 244 349 243 349 225 353 214 355 207 353 197 349 197 349 196 349 195 349 186 352 180 355 156 355 152 351 147 347 146 347 145 347 144 347 124 351 109 353 70 353 66 349 62 346 61 346 61 346 60 346 34 349 34 372"/>
                        </Shape>
                        <String CONTENT=""/>
                    </TextLine>

                    <TextLine ID="line_10" HPOS="33" VPOS="378" WIDTH="576" HEIGHT="43" BASELINE="34 404 609 412" TAGREFS="TYPE_1">
                        <Shape>
                            <Polygon POINTS="34 404 33 411 379 421 380 421 609 419 609 412 609 392 511 391 510 390 494 383 493 383 493 383 492 383 477 389 462 385 461 385 460 385 419 388 409 382 408 382 368 382 367 382 339 388 337 388 329 382 328 382 327 382 326 382 264 385 252 380 251 380 251 380 201 383 193 379 192 379 191 379 190 379 177 386 176 386 149 386 148 386 128 378 127 378 127 378 94 385 92 385 83 378 82 378 82 378 81 378 34 383 34 404"/>
                        </Shape>
                        <String CONTENT=""/>
                    </TextLine>

                    <TextLine ID="line_11" HPOS="35" VPOS="411" WIDTH="574" HEIGHT="46" BASELINE="36 437 609 446" TAGREFS="TYPE_1">
                        <Shape>
                            <Polygon POINTS="36 437 35 446 41 450 41 450 42 450 43 450 71 446 72 446 118 446 118 447 123 451 123 451 124 451 125 451 168 448 193 452 193 452 221 449 275 453 276 453 429 452 450 452 451 452 460 456 460 456 461 456 495 452 500 452 504 452 533 457 534 457 609 454 609 446 608 424 493 424 489 423 484 418 483 418 482 418 481 418 460 421 435 417 434 417 433 417 432 417 427 422 424 424 402 424 398 422 390 416 390 416 389 416 388 416 387 416 386 416 380 421 378 423 354 423 349 421 336 415 335 415 334 415 301 419 277 415 276 415 220 419 209 420 206 419 193 413 192 413 191 413 86 418 82 418 75 412 75 411 74 411 74 411 73 411 72 411 60 418 59 418 36 418 36 437"/>
                        </Shape>
                        <String CONTENT=""/>
                    </TextLine>

                    <TextLine ID="line_12" HPOS="32" VPOS="458" WIDTH="578" HEIGHT="31" BASELINE="32 469 610 476" TAGREFS="TYPE_1">
                        <Shape>
                            <Polygon POINTS="483 468 475 468 467 468 459 468 451 468 443 468 435 468 427 468 419 468 411 468 403 468 395 468 386 468 378 468 370 468 362 468 354 468 346 468 338 468 330 468 322 468 314 468 306 468 298 468 290 468 282 468 274 468 266 468 258 468 250 468 242 468 234 468 226 468 218 468 209 468 201 468 193 468 185 468 177 468 169 468 161 468 153 468 145 468 137 468 129 468 121 468 113 468 105 468 97 468 89 468 81 468 73 468 65 468 57 468 49 468 41 468 32 468 32 469 32 478 266 485 267 485 267 485 281 481 358 481 362 481 369 486 370 486 370 486 371 486 391 482 392 482 393 482 411 487 412 487 413 487 462 483 463 483 476 488 477 488 477 488 535 484 558 489 559 489 609 484 610 476 609 459 488 458 487 458 486 458 483 468"/>
                        </Shape>
                        <String CONTENT=""/>
                    </TextLine>

                    <TextLine ID="line_13" HPOS="30" VPOS="476" WIDTH="577" HEIGHT="45" BASELINE="31 501 607 508" TAGREFS="TYPE_1">
                        <Shape>
                            <Polygon POINTS="31 501 30 510 57 515 57 515 145 513 158 513 164 513 193 517 193 517 223 514 233 514 238 514 252 518 253 518 289 515 310 514 313 516 318 518 319 518 320 518 350 517 374 515 605 521 607 508 606 489 559 489 555 488 544 484 543 484 543 484 542 484 535 487 525 481 524 481 523 481 487 486 475 488 472 486 468 482 467 482 466 482 465 482 465 482 453 485 452 485 448 481 447 481 446 481 445 481 412 484 390 480 390 480 368 483 350 486 340 483 333 481 333 481 332 481 331 481 327 482 320 486 247 486 159 478 142 477 141 477 136 478 104 484 94 477 94 477 93 477 31 476 31 501"/>
                        </Shape>
                        <String CONTENT=""/>
                    </TextLine>

                    <TextLine ID="line_14" HPOS="33" VPOS="508" WIDTH="575" HEIGHT="49" BASELINE="34 533 608 543" TAGREFS="TYPE_1">
                        <Shape>
                            <Polygon POINTS="34 533 33 547 103 549 104 549 115 548 156 543 185 548 193 550 194 550 210 548 249 545 257 549 263 551 264 551 265 551 266 551 276 549 283 547 287 549 292 551 292 551 293 551 294 551 295 551 296 549 300 546 313 549 332 553 333 553 368 549 380 548 509 548 511 550 522 556 522 556 523 556 560 557 561 557 607 550 608 543 608 524 577 517 576 517 529 522 526 522 514 515 514 515 513 515 512 515 511 515 500 521 492 515 491 515 490 515 467 515 466 515 465 515 465 515 456 521 456 522 418 522 382 521 381 520 370 513 370 513 369 513 368 513 324 518 306 512 305 512 304 512 278 518 275 518 267 518 177 510 160 510 160 510 159 510 158 510 149 516 148 516 126 509 125 509 124 509 92 514 74 508 73 508 72 508 71 508 70 508 60 514 59 514 34 514 34 533"/>
                        </Shape>
                        <String CONTENT=""/>
                    </TextLine>

                    <TextLine ID="line_15" HPOS="31" VPOS="542" WIDTH="486" HEIGHT="38" BASELINE="32 567 517 571" TAGREFS="TYPE_1">
                        <Shape>
                            <Polygon POINTS="32 567 31 580 516 580 517 571 517 553 495 548 494 548 476 552 475 552 474 552 467 546 467 545 466 545 465 545 455 545 454 545 453 545 452 545 452 546 446 551 445 553 422 553 324 552 316 549 295 543 294 543 293 543 246 547 226 543 226 543 168 543 167 543 166 543 156 547 154 547 106 542 105 542 104 542 92 546 82 549 77 546 74 543 73 543 72 543 71 543 70 543 64 545 51 549 32 545 32 567"/>
                        </Shape>
                        <String CONTENT=""/>
                    </TextLine>
</TextBlock>
                <TextBlock ID="block_1" HPOS="27" VPOS="582" WIDTH="580" HEIGHT="421" TAGREFS="TYPE_9">
                    <Shape>
                        <Polygon POINTS="27.030643463134766 582.1317138671875 607.7056884765625 582.1317138671875 607.7056884765625 1003.115966796875 27.030643463134766 1003.115966796875 27.030643463134766 582.1317138671875"/>
                    </Shape>
                    <TextLine ID="line_16" HPOS="63" VPOS="572" WIDTH="544" HEIGHT="47" BASELINE="64 600 607 608" TAGREFS="TYPE_1">
                        <Shape>
                            <Polygon POINTS="63 608 68 612 69 612 69 612 70 612 89 609 150 613 151 613 152 613 161 609 187 614 188 614 238 610 266 614 267 614 304 611 317 616 318 616 319 616 320 616 330 612 380 617 381 617 407 612 504 618 505 618 526 614 528 614 529 614 555 619 555 619 606 615 607 608 607 586 576 586 574 585 563 578 563 578 562 578 561 578 535 584 483 576 482 576 481 576 456 583 452 584 452 583 444 576 444 576 443 576 442 576 441 576 427 582 425 583 424 582 416 576 415 576 415 576 414 576 413 576 400 582 397 583 392 582 366 575 366 575 328 575 327 575 326 575 325 575 317 580 315 582 311 580 303 576 302 576 301 576 300 576 292 580 287 582 246 582 234 579 213 573 213 573 212 573 187 577 172 572 171 572 170 572 169 572 157 577 151 580 121 580 115 576 104 572 103 572 102 572 86 575 72 579 65 575 64 600 63 608"/>
                        </Shape>
                        <String CONTENT=""/>
                    </TextLine>

                    <TextLine ID="line_17" HPOS="29" VPOS="604" WIDTH="578" HEIGHT="45" BASELINE="30 631 607 640" TAGREFS="TYPE_1">
                        <Shape>
                            <Polygon POINTS="30 631 29 641 605 649 607 640 606 620 555 621 548 618 541 616 540 616 539 616 527 618 518 620 515 618 504 611 503 611 502 611 502 611 466 617 454 619 448 617 432 610 431 610 430 610 386 614 379 609 378 609 378 609 336 608 335 608 334 608 318 615 313 617 310 614 300 608 300 608 299 608 298 608 274 614 265 616 259 613 251 611 250 611 249 611 226 613 209 615 202 612 185 606 184 606 183 606 182 606 164 612 158 614 122 614 119 612 115 608 115 607 114 607 113 607 94 605 44 604 43 604 42 604 30 609 30 631"/>
                        </Shape>
                        <String CONTENT=""/>
                    </TextLine>

                    <TextLine ID="line_18" HPOS="29" VPOS="636" WIDTH="577" HEIGHT="46" BASELINE="30 666 222 666 606 674" TAGREFS="TYPE_1">
                        <Shape>
                            <Polygon POINTS="30 666 29 674 604 682 606 674 606 648 565 645 564 645 543 647 518 649 514 646 512 645 511 645 510 645 510 645 501 646 490 649 483 646 478 645 477 645 477 645 476 645 471 646 462 649 453 646 440 642 440 642 439 642 438 642 437 642 433 645 430 648 373 648 367 645 354 641 353 641 333 641 332 641 331 641 330 641 325 645 323 646 320 645 309 641 308 641 308 641 281 645 271 645 257 644 200 638 165 638 164 638 164 638 153 643 152 644 143 643 90 637 89 637 88 637 65 642 52 636 51 636 50 636 49 636 30 641 30 666"/>
                        </Shape>
                        <String CONTENT=""/>
                    </TextLine>

                    <TextLine ID="line_19" HPOS="28" VPOS="671" WIDTH="578" HEIGHT="47" BASELINE="28 698 164 697 606 707" TAGREFS="TYPE_1">
                        <Shape>
                            <Polygon POINTS="28 698 28 703 156 710 156 710 181 707 186 706 189 707 198 711 199 711 200 711 247 707 252 707 255 707 275 712 275 712 299 708 301 708 303 708 316 713 316 713 317 713 372 710 373 710 374 710 399 715 400 715 422 711 423 711 423 711 473 715 474 715 475 715 476 715 482 711 497 716 497 716 498 716 549 713 572 718 572 718 605 713 606 707 606 679 539 678 539 678 538 678 523 684 506 678 506 678 505 678 504 678 502 678 487 681 456 678 449 677 448 677 448 677 446 678 437 682 415 677 413 677 412 677 409 677 378 681 258 679 246 675 234 672 234 672 218 672 218 672 217 672 216 672 213 675 209 678 185 678 181 674 177 671 176 671 176 671 175 671 28 673 28 698"/>
                        </Shape>
                        <String CONTENT=""/>
                    </TextLine>

                    <TextLine ID="line_20" HPOS="26" VPOS="704" WIDTH="578" HEIGHT="44" BASELINE="27 729 604 737" TAGREFS="TYPE_1">
                        <Shape>
                            <Polygon POINTS="27 729 26 736 37 741 37 741 38 741 80 738 143 743 144 743 257 740 548 748 549 748 604 744 604 737 604 718 569 717 558 711 557 711 556 711 508 715 499 710 498 710 497 710 429 708 428 708 403 714 344 708 343 708 315 711 308 707 307 707 306 707 305 707 304 707 283 712 283 713 258 713 257 712 246 706 246 706 245 706 244 706 243 706 231 711 230 711 140 704 139 704 27 708 27 729"/>
                        </Shape>
                        <String CONTENT=""/>
                    </TextLine>

                    <TextLine ID="line_21" HPOS="27" VPOS="736" WIDTH="577" HEIGHT="49" BASELINE="28 761 604 772" TAGREFS="TYPE_1">
                        <Shape>
                            <Polygon POINTS="28 761 27 771 65 775 65 775 90 773 102 771 119 773 160 777 161 777 162 777 173 773 176 773 239 773 245 774 263 779 263 779 264 779 304 775 309 775 312 775 337 781 338 781 339 781 340 781 345 776 346 776 349 776 408 781 409 781 451 778 470 783 471 783 472 783 546 779 559 785 559 785 560 785 604 779 604 772 604 748 585 745 584 745 584 745 577 747 559 752 530 752 520 746 515 744 514 744 514 744 498 746 472 750 449 745 448 745 448 745 446 745 414 748 409 744 408 744 407 744 407 744 406 744 405 744 403 744 397 748 390 744 383 741 382 741 382 741 381 741 380 741 377 744 374 745 353 744 308 740 308 740 307 740 306 740 302 743 298 746 252 746 242 742 234 739 234 739 199 738 198 738 197 738 197 738 193 741 189 744 103 744 90 740 71 736 70 736 28 739 28 761"/>
                        </Shape>
                        <String CONTENT=""/>
                    </TextLine>

                    <TextLine ID="line_22" HPOS="28" VPOS="771" WIDTH="576" HEIGHT="43" BASELINE="28 795 604 802" TAGREFS="TYPE_1">
                        <Shape>
                            <Polygon POINTS="28 795 28 806 212 805 230 807 252 810 253 810 280 807 299 806 313 807 338 811 339 811 362 808 371 806 376 808 387 812 388 812 389 813 433 813 433 812 434 812 444 808 446 807 448 808 460 813 460 813 461 813 492 809 531 814 532 814 603 808 604 802 603 782 563 782 562 781 552 777 551 777 551 777 520 781 516 781 507 774 506 774 506 774 505 774 504 774 491 780 489 781 465 781 463 780 457 774 457 773 456 773 456 773 455 773 454 773 439 779 432 773 432 773 431 773 430 773 398 777 388 773 387 773 386 773 386 773 370 777 321 773 320 773 320 773 306 777 301 778 287 777 243 771 171 771 170 771 169 771 168 771 164 774 160 777 110 777 103 773 98 771 97 771 96 771 95 771 87 773 78 776 28 773 28 795"/>
                        </Shape>
                        <String CONTENT=""/>
                    </TextLine>

                    <TextLine ID="line_23" HPOS="28" VPOS="806" WIDTH="576" HEIGHT="41" BASELINE="28 826 604 835" TAGREFS="TYPE_1">
                        <Shape>
                            <Polygon POINTS="448 806 447 806 405 810 385 806 382 806 377 806 365 812 363 812 362 812 348 806 342 806 334 806 326 806 323 806 304 808 292 806 286 806 278 806 270 806 267 806 263 809 252 806 246 806 238 806 231 806 227 810 226 810 201 810 199 809 195 806 189 806 181 806 173 806 166 806 156 808 149 809 99 809 98 807 97 806 93 806 85 806 77 806 76 806 73 807 69 807 67 806 61 806 53 806 45 806 37 806 28 806 28 826 28 835 61 835 61 835 80 842 81 842 82 842 118 836 119 836 120 836 132 843 133 843 134 843 223 838 227 838 228 838 232 842 233 842 234 842 286 844 287 844 288 844 307 839 349 846 350 846 389 840 390 840 405 847 406 847 407 847 454 843 460 847 461 847 462 847 463 847 493 842 494 842 519 847 520 847 521 847 530 843 603 843 604 835 604 816 541 815 540 814 531 808 530 808 530 808 529 808 476 814 472 814 470 814 448 806 448 806"/>
                        </Shape>
                        <String CONTENT=""/>
                    </TextLine>

                    <TextLine ID="line_24" HPOS="28" VPOS="835" WIDTH="576" HEIGHT="45" BASELINE="28 859 604 867" TAGREFS="TYPE_1">
                        <Shape>
                            <Polygon POINTS="28 859 28 867 65 867 65 867 73 872 74 872 74 872 75 872 76 872 90 868 168 872 169 872 197 869 201 869 201 869 209 875 210 875 211 875 212 875 255 870 258 870 263 870 316 876 317 876 340 872 388 877 389 877 430 874 516 879 517 879 518 879 533 875 551 880 552 880 553 880 604 874 604 867 604 848 538 847 529 840 528 840 527 840 526 840 494 841 493 841 493 841 486 846 458 842 457 842 436 846 432 846 430 846 405 839 404 839 335 838 334 838 333 838 323 843 311 837 310 837 309 837 279 843 240 836 217 836 216 836 215 836 202 843 201 843 188 836 187 836 186 836 185 836 175 842 151 837 150 837 124 841 110 835 109 835 108 835 107 835 95 841 94 841 93 841 68 835 67 835 66 835 65 835 57 840 45 835 45 835 44 835 43 835 28 839 28 859"/>
                        </Shape>
                        <String CONTENT=""/>
                    </TextLine>

                    <TextLine ID="line_25" HPOS="27" VPOS="864" WIDTH="575" HEIGHT="50" BASELINE="28 891 602 901" TAGREFS="TYPE_1">
                        <Shape>
                            <Polygon POINTS="28 891 27 897 39 903 40 903 41 903 65 900 71 905 71 905 72 905 73 905 74 906 91 906 91 905 92 905 93 905 101 900 102 900 159 900 165 901 190 907 191 907 210 903 216 902 223 903 251 909 252 909 271 905 306 909 307 909 308 909 308 909 313 906 314 905 318 906 337 910 337 910 351 907 362 905 371 908 380 911 381 911 382 911 417 909 469 906 489 911 494 913 495 913 496 913 509 912 556 908 600 914 602 901 602 880 563 880 562 880 550 873 549 873 548 873 477 878 470 878 466 878 425 871 424 871 294 873 288 868 287 868 286 868 285 868 259 872 249 867 248 867 247 867 246 867 228 873 193 873 180 867 179 867 178 867 126 872 111 865 111 865 110 865 109 865 91 871 73 864 72 864 71 864 28 870 28 891"/>
                        </Shape>
                        <String CONTENT=""/>
                    </TextLine>

                    <TextLine ID="line_26" HPOS="26" VPOS="899" WIDTH="577" HEIGHT="45" BASELINE="27 924 603 931" TAGREFS="TYPE_1">
                        <Shape>
                            <Polygon POINTS="27 924 26 931 78 933 90 938 91 938 92 938 152 933 152 933 171 939 172 939 172 939 194 934 219 940 220 940 221 940 239 935 277 935 288 941 288 941 289 941 319 936 320 936 320 936 411 942 412 942 445 938 477 943 478 943 529 940 539 944 539 944 540 944 602 939 603 931 603 914 476 913 475 912 459 903 458 903 457 903 400 907 394 902 393 902 392 902 391 902 390 902 390 902 378 911 372 911 366 911 366 910 356 902 355 902 354 902 353 902 321 909 270 903 269 903 239 906 219 900 218 900 218 900 217 900 196 907 184 900 183 900 182 900 181 900 154 903 149 899 148 899 148 899 147 899 122 905 115 899 115 899 114 899 94 899 94 899 93 899 92 899 83 906 27 906 27 924"/>
                        </Shape>
                        <String CONTENT=""/>
                    </TextLine>

                    <TextLine ID="line_27" HPOS="27" VPOS="930" WIDTH="574" HEIGHT="45" BASELINE="27 958 222 958 601 964" TAGREFS="TYPE_1">
                        <Shape>
                            <Polygon POINTS="27 958 27 970 87 965 107 971 108 971 109 971 111 971 152 966 185 972 188 972 189 972 193 972 237 967 246 972 246 973 246 973 247 973 281 974 282 974 283 974 283 974 284 973 292 968 333 973 347 974 348 974 364 973 395 970 414 974 424 975 425 975 436 974 464 970 600 974 601 964 601 944 546 943 538 936 537 936 536 936 451 935 450 935 424 941 386 934 386 934 346 939 340 934 340 933 339 933 338 933 337 933 314 937 299 933 298 933 297 933 296 933 283 939 261 939 253 933 252 933 251 933 251 933 217 938 205 932 204 932 203 932 76 936 65 930 65 930 64 930 63 930 62 930 55 937 27 937 27 958"/>
                        </Shape>
                        <String CONTENT=""/>
                    </TextLine>

                    <TextLine ID="line_28" HPOS="28" VPOS="963" WIDTH="449" HEIGHT="45" BASELINE="28 988 477 995" TAGREFS="TYPE_1">
                        <Shape>
                            <Polygon POINTS="28 988 28 1000 74 995 86 1002 89 1003 90 1003 90 1003 96 1002 112 998 116 1002 117 1002 117 1003 118 1003 119 1003 152 1003 153 1003 154 1003 158 1002 173 997 179 1002 181 1003 181 1004 181 1004 182 1004 183 1004 193 1003 215 998 251 1003 277 1006 278 1006 293 1003 310 999 319 1003 320 1003 321 1003 322 1003 370 1003 445 1003 447 1003 451 1007 451 1008 452 1008 452 1008 453 1008 476 1003 477 995 477 976 436 976 436 975 428 969 428 968 427 968 427 968 426 968 425 968 412 974 411 974 370 967 370 967 369 967 350 973 325 966 324 966 283 966 283 966 282 966 270 972 257 966 256 966 255 966 231 971 213 966 212 966 211 966 210 966 200 971 199 972 178 972 176 970 162 964 161 964 141 964 140 964 139 964 139 964 130 970 129 970 127 970 101 963 100 963 99 963 74 969 28 969 28 988"/>
                        </Shape>
                        <String CONTENT=""/>
                    </TextLine>
</TextBlock>
                <TextBlock ID="block_2" HPOS="26" VPOS="1002" WIDTH="578" HEIGHT="202" TAGREFS="TYPE_9">
                    <Shape>
                        <Polygon POINTS="26.804401397705078 1002.7608032226562 604.8290405273438 1002.7608032226562 604.8290405273438 1204.97802734375 26.804401397705078 1204.97802734375 26.804401397705078 1002.7608032226562"/>
                    </Shape>
                    <TextLine ID="line_29" HPOS="57" VPOS="993" WIDTH="544" HEIGHT="47" BASELINE="58 1021 601 1028" TAGREFS="TYPE_1">
                        <Shape>
                            <Polygon POINTS="58 1021 57 1028 127 1035 127 1035 224 1032 238 1032 241 1032 255 1036 255 1036 256 1036 284 1033 336 1037 337 1037 337 1037 346 1034 349 1033 354 1034 373 1037 374 1037 399 1035 409 1034 414 1035 427 1039 427 1039 428 1039 429 1039 440 1036 443 1035 479 1035 483 1036 488 1040 489 1040 489 1040 490 1040 600 1038 601 1028 600 1007 563 1007 561 1006 542 999 541 999 506 999 505 999 504 999 503 999 503 999 497 1004 495 1007 483 1007 479 1003 469 998 469 998 468 998 467 998 466 998 465 998 459 1003 456 1006 421 1006 373 1005 359 1001 344 996 343 996 286 995 285 995 284 995 277 999 268 1003 259 998 257 997 256 997 255 997 255 997 252 998 245 1001 242 998 239 995 239 995 238 995 238 995 237 995 236 995 227 997 218 1000 210 997 206 995 205 995 205 995 196 996 185 999 172 995 168 995 168 995 167 995 161 995 130 1001 58 993 58 1021"/>
                        </Shape>
                        <String CONTENT=""/>
                    </TextLine>

                    <TextLine ID="line_30" HPOS="25" VPOS="1027" WIDTH="575" HEIGHT="46" BASELINE="26 1054 600 1061" TAGREFS="TYPE_1">
                        <Shape>
                            <Polygon POINTS="26 1054 25 1061 64 1067 65 1067 94 1062 97 1062 99 1062 122 1068 123 1068 169 1064 174 1064 176 1064 181 1069 182 1069 183 1069 184 1069 216 1069 216 1069 217 1069 229 1065 234 1064 238 1065 245 1069 246 1069 246 1069 276 1066 292 1065 313 1067 340 1070 341 1070 361 1068 385 1065 598 1073 600 1061 600 1040 550 1040 547 1039 534 1034 534 1034 533 1034 514 1038 510 1039 506 1038 494 1032 493 1032 493 1032 469 1037 458 1039 455 1036 448 1032 448 1032 447 1032 381 1031 380 1031 379 1031 370 1035 366 1036 359 1034 349 1031 348 1031 347 1031 346 1031 345 1031 342 1034 337 1037 304 1033 296 1032 296 1032 292 1032 266 1036 250 1032 242 1029 241 1029 240 1029 239 1029 234 1032 226 1036 191 1030 181 1029 181 1029 175 1030 151 1035 107 1030 106 1030 106 1030 98 1033 86 1028 85 1028 84 1028 83 1028 82 1028 82 1028 65 1033 59 1028 59 1028 58 1028 57 1028 26 1027 26 1054"/>
                        </Shape>
                        <String CONTENT=""/>
                    </TextLine>

                    <TextLine ID="line_31" HPOS="24" VPOS="1059" WIDTH="577" HEIGHT="47" BASELINE="24 1086 601 1094" TAGREFS="TYPE_1">
                        <Shape>
                            <Polygon POINTS="24 1086 24 1098 59 1099 60 1099 65 1098 82 1094 95 1098 101 1100 102 1100 102 1100 111 1098 124 1096 142 1098 157 1101 158 1101 202 1099 237 1098 252 1099 279 1102 279 1102 280 1102 289 1099 295 1098 301 1099 312 1103 312 1103 313 1103 352 1100 370 1098 378 1100 397 1104 398 1104 418 1100 423 1099 425 1100 432 1105 432 1105 433 1105 434 1105 474 1101 482 1100 518 1101 531 1101 543 1106 543 1106 544 1106 600 1101 601 1094 601 1075 565 1075 563 1073 543 1066 543 1066 542 1066 469 1071 440 1073 436 1070 431 1065 431 1065 430 1065 429 1065 386 1065 386 1065 385 1065 377 1069 371 1071 274 1071 263 1065 256 1062 255 1062 255 1062 238 1065 222 1067 200 1064 190 1062 189 1062 189 1062 188 1062 187 1063 180 1069 158 1069 145 1062 142 1061 141 1061 102 1061 102 1061 101 1061 100 1061 83 1068 24 1059 24 1086"/>
                        </Shape>
                        <String CONTENT=""/>
                    </TextLine>

                    <TextLine ID="line_32" HPOS="24" VPOS="1093" WIDTH="576" HEIGHT="46" BASELINE="25 1118 600 1127" TAGREFS="TYPE_1">
                        <Shape>
                            <Polygon POINTS="25 1118 24 1126 59 1131 60 1131 82 1127 90 1132 90 1132 91 1132 147 1133 148 1133 148 1133 149 1133 155 1129 198 1134 199 1134 279 1131 292 1131 296 1131 312 1135 313 1135 314 1135 353 1132 366 1131 371 1132 386 1136 387 1136 388 1136 403 1133 408 1132 469 1132 473 1135 484 1138 485 1138 485 1138 506 1135 514 1134 526 1135 548 1139 549 1139 600 1136 600 1127 600 1107 529 1102 528 1102 501 1105 500 1105 499 1105 479 1098 478 1098 477 1098 437 1104 428 1105 417 1103 370 1097 369 1097 288 1101 260 1102 247 1101 230 1098 229 1098 228 1098 227 1098 224 1100 222 1102 165 1102 158 1099 140 1094 139 1094 139 1094 119 1098 82 1093 82 1093 53 1094 52 1094 51 1094 46 1097 43 1099 25 1097 25 1118"/>
                        </Shape>
                        <String CONTENT=""/>
                    </TextLine>

                    <TextLine ID="line_33" HPOS="26" VPOS="1127" WIDTH="572" HEIGHT="45" BASELINE="26 1151 598 1160" TAGREFS="TYPE_1">
                        <Shape>
                            <Polygon POINTS="26 1151 26 1164 369 1164 415 1166 540 1172 541 1172 597 1167 598 1160 596 1135 543 1140 523 1133 520 1132 519 1132 518 1132 518 1132 517 1132 516 1133 508 1140 485 1140 473 1132 471 1131 470 1131 469 1131 441 1131 440 1131 434 1132 392 1138 383 1131 382 1131 382 1131 381 1131 349 1130 348 1130 347 1130 343 1131 319 1137 296 1130 292 1129 291 1129 290 1129 289 1129 288 1129 288 1130 279 1136 198 1136 172 1128 171 1128 170 1128 169 1128 168 1128 168 1128 152 1135 137 1127 134 1127 133 1127 132 1127 131 1127 131 1127 129 1127 119 1134 102 1130 101 1130 100 1130 99 1130 82 1134 26 1127 26 1151"/>
                        </Shape>
                        <String CONTENT=""/>
                    </TextLine>

                    <TextLine ID="line_34" HPOS="24" VPOS="1156" WIDTH="574" HEIGHT="61" BASELINE="25 1184 598 1192" TAGREFS="TYPE_1">
                        <Shape>
                            <Polygon POINTS="25 1184 24 1197 74 1194 151 1201 152 1201 201 1197 225 1205 226 1205 227 1205 228 1205 229 1205 230 1205 251 1197 345 1197 359 1205 360 1205 361 1205 378 1205 386 1210 391 1214 392 1214 393 1214 394 1214 460 1213 499 1212 596 1217 598 1192 596 1168 521 1168 514 1167 498 1163 497 1163 497 1163 496 1163 495 1163 490 1167 487 1168 437 1168 434 1166 423 1161 422 1161 421 1161 420 1161 411 1166 411 1167 409 1166 402 1161 401 1161 400 1161 399 1161 378 1165 372 1167 368 1165 355 1160 354 1160 353 1160 353 1160 336 1165 332 1166 328 1165 312 1160 311 1160 310 1160 283 1164 279 1165 275 1164 255 1159 254 1159 253 1159 252 1159 239 1164 238 1165 199 1165 198 1164 193 1159 193 1158 192 1158 191 1158 111 1157 111 1157 110 1157 99 1161 80 1156 79 1156 78 1156 78 1156 59 1162 58 1162 25 1162 25 1184"/>
                        </Shape>
                        <String CONTENT=""/>
                    </TextLine>
</TextBlock>
            </PrintSpace>
        </Page>
    </Layout>
</alto>o>>