<?xml version="1.0" encoding="UTF-8"?>
<alto xmlns:xsi="http://www.w3.org/2001/XMLSchema-instance"
    xmlns="http://www.loc.gov/standards/alto/ns-v4#"
    xsi:schemaLocation="http://www.loc.gov/standards/alto/ns-v4# http://www.loc.gov/standards/alto/v4/alto-4-3.xsd">
    <Description>
        <MeasurementUnit>pixel</MeasurementUnit>
        <sourceImageInformation>
            <fileName>7325939.jpeg</fileName>
        </sourceImageInformation>
        <Processing ID="OCR_0">
            <processingCategory>other</processingCategory>
            <processingStepDescription>unknown</processingStepDescription>
            <processingSoftware>
                <softwareName>kraken</softwareName>
                <softwareVersion>4.3.13</softwareVersion>
            </processingSoftware>
        </Processing>
    </Description>
    <Tags>
        <OtherTag ID="TYPE_1" LABEL="DefaultLine"/>
        <OtherTag ID="TYPE_2" LABEL="NumberingZone"/>
        <OtherTag ID="TYPE_3" LABEL="MainZone-Entry-Continued"/>
        <OtherTag ID="TYPE_4" LABEL="MainZone-Form"/>
        <OtherTag ID="TYPE_5" LABEL="MainZone-Lg"/>
        <OtherTag ID="TYPE_6" LABEL="DigitizationArtefactZone"/>
        <OtherTag ID="TYPE_7" LABEL="TableZone-Head"/>
        <OtherTag ID="TYPE_8" LABEL="MainZone-Sp"/>
        <OtherTag ID="TYPE_9" LABEL="MainZone-Sp-Continued"/>
        <OtherTag ID="TYPE_10" LABEL="TableZone-Continued"/>
        <OtherTag ID="TYPE_11" LABEL="MarginTextZone-ManuscriptAddendum"/>
        <OtherTag ID="TYPE_12" LABEL="GraphicZone-FigDesc"/>
        <OtherTag ID="TYPE_13" LABEL="MarginTextZone-Notes"/>
        <OtherTag ID="TYPE_14" LABEL="StampZone"/>
        <OtherTag ID="TYPE_15" LABEL="FigureZone"/>
        <OtherTag ID="TYPE_16" LABEL="MainZone-Head"/>
        <OtherTag ID="TYPE_17" LABEL="DropCapitalZone"/>
        <OtherTag ID="TYPE_18" LABEL="MainZone-Date"/>
        <OtherTag ID="TYPE_19" LABEL="MainZone-List-Continued"/>
        <OtherTag ID="TYPE_20" LABEL="FigureZone-Head"/>
        <OtherTag ID="TYPE_21" LABEL="GraphicZone-Head"/>
        <OtherTag ID="TYPE_22" LABEL="MainZone-P"/>
        <OtherTag ID="TYPE_23" LABEL="MainZone-Signature"/>
        <OtherTag ID="TYPE_24" LABEL="TitlePageZone-Index"/>
        <OtherTag ID="TYPE_25" LABEL="MainZone-Lg-Continued"/>
        <OtherTag ID="TYPE_26" LABEL="GraphicZone"/>
        <OtherTag ID="TYPE_27" LABEL="MarginTextZone-Notes-Continued"/>
        <OtherTag ID="TYPE_28" LABEL="GraphicZone-TextualContent"/>
        <OtherTag ID="TYPE_29" LABEL="GraphicZone-Maths"/>
        <OtherTag ID="TYPE_30" LABEL="GraphicZone-Part"/>
        <OtherTag ID="TYPE_31" LABEL="MainZone-Other"/>
        <OtherTag ID="TYPE_32" LABEL="FigureZone-FigDesc"/>
        <OtherTag ID="TYPE_33" LABEL="GraphicZone-Decoration"/>
        <OtherTag ID="TYPE_34" LABEL="MainZone-List"/>
        <OtherTag ID="TYPE_35" LABEL="MainZone-Entry"/>
        <OtherTag ID="TYPE_36" LABEL="AdvertisementZone"/>
        <OtherTag ID="TYPE_37" LABEL="TitlePageZone"/>
        <OtherTag ID="TYPE_38" LABEL="StampZone-Sticker"/>
        <OtherTag ID="TYPE_39" LABEL="MainZone-P-Continued"/>
        <OtherTag ID="TYPE_40" LABEL="TableZone"/>
        <OtherTag ID="TYPE_41" LABEL="RunningTitleZone"/>
        <OtherTag ID="TYPE_42" LABEL="QuireMarksZone"/>
    </Tags>
    <Layout>
        <Page WIDTH="1000" HEIGHT="1547" PHYSICAL_IMG_NR="0" ID="page_0">
            <PrintSpace HPOS="0" VPOS="0" WIDTH="1000" HEIGHT="1547">
                <TextBlock ID="block_0" HPOS="621" VPOS="94" WIDTH="62" HEIGHT="46" TAGREFS="TYPE_2">
                    <Shape>
                        <Polygon POINTS="621.533203125 94.12571716308594 683.3642578125 94.12571716308594 683.3642578125 140.1454315185547 621.533203125 140.1454315185547 621.533203125 94.12571716308594"/>
                    </Shape>
                    <TextLine ID="line_0" HPOS="626" VPOS="84" WIDTH="53" HEIGHT="57" BASELINE="626 124 679 124" TAGREFS="TYPE_1">
                        <Shape>
                            <Polygon POINTS="626 141 679 141 679 124 678 84 645 90 627 84 626 124 626 141"/>
                        </Shape>
                        <String CONTENT=""/>
                    </TextLine>
</TextBlock>
                <TextBlock ID="block_7" HPOS="198" VPOS="87" WIDTH="322" HEIGHT="39" TAGREFS="TYPE_41">
                    <Shape>
                        <Polygon POINTS="198.98794555664062 87.31864166259766 520.5011596679688 87.31864166259766 520.5011596679688 126.43510437011719 198.98794555664062 126.43510437011719 198.98794555664062 87.31864166259766"/>
                    </Shape>
                    <TextLine ID="line_1" HPOS="196" VPOS="79" WIDTH="329" HEIGHT="55" BASELINE="197 116 525 118" TAGREFS="TYPE_1">
                        <Shape>
                            <Polygon POINTS="197 116 196 126 215 127 224 134 225 134 226 134 226 134 241 134 241 134 242 134 243 134 243 133 249 128 251 128 290 133 291 133 311 129 319 128 331 129 361 134 361 134 393 131 402 130 404 131 408 134 409 134 410 134 411 134 524 134 525 118 525 88 479 79 478 79 478 79 463 87 462 87 460 87 431 79 430 79 397 79 396 79 395 79 394 79 386 86 385 87 355 87 353 85 331 79 331 79 330 79 268 80 267 80 266 80 260 85 257 87 233 87 230 85 226 81 225 81 224 81 223 81 197 84 197 116"/>
                        </Shape>
                        <String CONTENT=""/>
                    </TextLine>
</TextBlock>
                <TextBlock ID="block_2" HPOS="27" VPOS="137" WIDTH="667" HEIGHT="425" TAGREFS="TYPE_9">
                    <Shape>
                        <Polygon POINTS="27.911453247070312 137.46141052246094 694.4920654296875 137.46141052246094 694.4920654296875 562.8241577148438 27.911453247070312 562.8241577148438 27.911453247070312 137.46141052246094"/>
                    </Shape>
                    <TextLine ID="line_2" HPOS="27" VPOS="134" WIDTH="667" HEIGHT="53" BASELINE="28 168 694 171" TAGREFS="TYPE_1">
                        <Shape>
                            <Polygon POINTS="28 168 27 178 68 184 69 184 144 180 153 180 159 180 194 185 195 185 216 181 220 181 238 182 319 185 319 185 320 185 326 183 330 181 343 183 365 186 366 186 431 184 497 182 504 185 507 186 508 186 509 186 544 185 648 183 693 187 694 171 693 140 634 143 622 140 613 136 612 136 611 136 595 140 574 144 563 140 555 136 554 136 553 136 552 136 552 136 546 140 540 143 534 140 533 139 532 139 531 139 525 140 509 143 497 140 483 135 482 135 481 135 480 135 470 140 462 143 447 140 432 137 431 137 417 140 402 143 398 140 395 137 394 137 393 137 392 137 360 140 337 142 326 140 301 134 300 134 300 134 287 140 282 143 250 143 246 140 234 134 233 134 130 134 129 134 128 134 115 140 104 134 103 134 102 134 101 134 89 140 87 141 82 140 55 137 55 137 28 140 28 168"/>
                        </Shape>
                        <String CONTENT=""/>
                    </TextLine>

                    <TextLine ID="line_3" HPOS="30" VPOS="180" WIDTH="663" HEIGHT="52" BASELINE="30 214 693 214" TAGREFS="TYPE_1">
                        <Shape>
                            <Polygon POINTS="30 214 30 232 50 232 50 232 51 232 52 232 61 226 85 231 86 231 141 226 148 231 149 232 150 232 151 232 152 232 217 232 217 232 218 232 221 230 226 227 240 230 251 232 251 232 262 230 281 226 329 229 358 231 359 231 360 231 364 228 370 226 388 228 405 231 406 231 423 228 429 227 431 228 443 232 444 232 445 232 497 232 497 232 498 232 499 232 504 227 505 227 585 232 586 232 587 232 604 226 610 232 611 232 612 232 613 232 663 232 663 232 693 225 693 214 693 188 665 181 664 181 663 181 652 187 642 180 641 180 640 180 622 180 621 180 620 180 619 180 611 187 513 183 512 183 490 187 481 180 480 180 479 180 478 180 478 180 464 187 460 187 430 186 423 180 422 180 421 180 397 180 396 180 395 180 394 180 386 187 385 188 354 188 353 187 345 180 344 180 343 180 343 180 301 185 290 180 289 180 288 180 288 180 268 187 267 187 265 187 232 181 231 181 230 181 229 181 220 187 219 188 200 188 198 187 177 180 177 180 156 180 155 180 154 180 153 180 143 187 142 187 141 187 112 180 111 180 85 181 85 181 74 187 73 187 30 187 30 214"/>
                        </Shape>
                        <String CONTENT=""/>
                    </TextLine>

                    <TextLine ID="line_4" HPOS="29" VPOS="224" WIDTH="667" HEIGHT="50" BASELINE="29 255 696 259" TAGREFS="TYPE_1">
                        <Shape>
                            <Polygon POINTS="29 255 29 269 161 266 172 270 174 271 175 271 176 271 194 270 284 267 311 271 317 272 318 272 338 271 429 268 449 272 454 273 455 273 470 272 520 269 552 273 564 274 565 274 574 273 595 269 694 273 696 259 694 230 671 233 655 230 646 227 645 227 644 227 630 230 607 233 595 230 588 227 588 227 587 227 586 227 577 230 563 233 553 230 546 226 545 226 544 226 526 230 509 232 491 230 472 226 472 226 450 230 430 232 418 230 403 226 402 226 401 226 400 226 386 230 377 232 370 230 359 226 358 226 357 226 356 226 346 230 339 232 297 232 292 230 283 225 282 225 221 225 220 225 177 230 162 231 145 230 82 224 81 224 80 224 79 224 73 230 72 230 29 230 29 255"/>
                        </Shape>
                        <String CONTENT=""/>
                    </TextLine>

                    <TextLine ID="line_5" HPOS="28" VPOS="267" WIDTH="669" HEIGHT="50" BASELINE="29 299 697 302" TAGREFS="TYPE_1">
                        <Shape>
                            <Polygon POINTS="29 299 28 307 48 308 56 315 57 315 58 315 59 316 83 316 83 315 84 315 85 315 93 309 123 315 124 315 125 315 145 309 146 309 206 309 215 309 239 316 239 316 240 316 276 310 280 310 337 310 343 311 372 317 373 317 374 317 392 311 394 311 398 311 441 317 442 317 478 312 533 317 533 317 696 313 697 302 695 270 586 275 562 269 561 269 560 269 559 269 533 275 507 269 503 269 503 269 494 269 426 274 419 269 418 269 417 269 381 269 380 269 380 269 362 274 240 274 228 268 227 268 226 268 226 268 209 272 197 268 196 267 195 267 194 267 193 267 192 268 183 272 89 267 83 267 82 267 80 267 55 272 29 267 29 299"/>
                        </Shape>
                        <String CONTENT=""/>
                    </TextLine>

                    <TextLine ID="line_6" HPOS="30" VPOS="311" WIDTH="667" HEIGHT="51" BASELINE="30 342 697 346" TAGREFS="TYPE_1">
                        <Shape>
                            <Polygon POINTS="30 342 30 359 67 360 68 360 69 360 71 359 81 354 126 359 137 360 138 360 172 359 267 354 272 358 275 360 276 360 276 360 277 361 349 361 349 360 350 360 362 357 372 355 379 357 391 361 392 361 392 361 418 357 426 356 432 357 450 360 451 360 452 360 460 357 464 355 466 357 470 360 471 360 472 360 472 360 473 360 485 357 486 357 488 357 547 362 548 362 549 362 562 356 563 356 696 356 697 346 697 321 619 313 618 313 617 313 616 313 606 320 587 313 586 313 585 313 584 313 564 320 563 320 561 320 530 312 487 312 486 312 485 312 466 319 466 319 465 319 430 312 429 312 429 312 413 319 412 320 387 320 386 319 378 313 377 313 376 313 375 313 374 313 353 318 353 319 316 319 315 318 307 313 306 313 306 313 305 313 304 313 303 313 296 318 295 319 256 319 251 318 195 311 194 311 138 311 137 311 124 317 123 317 104 312 104 312 103 312 102 312 88 317 87 317 30 317 30 342"/>
                        </Shape>
                        <String CONTENT=""/>
                    </TextLine>

                    <TextLine ID="line_7" HPOS="27" VPOS="354" WIDTH="668" HEIGHT="52" BASELINE="28 385 695 389" TAGREFS="TYPE_1">
                        <Shape>
                            <Polygon POINTS="28 385 27 395 49 397 56 403 57 403 58 403 59 404 131 404 131 403 132 403 147 397 163 403 164 403 165 403 188 398 194 397 200 398 220 404 220 404 221 405 285 405 285 404 286 404 287 404 293 400 297 397 311 397 319 400 331 404 332 404 333 404 360 401 378 398 382 401 388 405 389 405 390 405 391 405 410 402 426 398 453 403 469 404 470 404 471 404 474 403 483 398 504 398 534 403 540 404 541 404 546 403 565 399 590 404 591 404 592 404 594 404 631 401 644 405 647 406 648 406 649 406 650 406 652 405 677 399 693 406 695 389 693 359 361 361 349 359 334 355 333 355 292 359 280 360 275 359 257 355 256 355 234 359 225 360 221 359 214 355 214 355 73 354 73 354 28 359 28 385"/>
                        </Shape>
                        <String CONTENT=""/>
                    </TextLine>

                    <TextLine ID="line_8" HPOS="28" VPOS="394" WIDTH="665" HEIGHT="58" BASELINE="28 429 693 433" TAGREFS="TYPE_1">
                        <Shape>
                            <Polygon POINTS="28 429 28 441 91 441 92 441 103 449 104 449 104 449 105 450 165 450 165 449 166 449 167 449 177 442 178 441 190 442 246 450 247 450 330 446 398 451 398 451 399 451 416 445 422 443 436 445 462 449 463 449 478 446 489 443 495 446 506 451 507 451 508 451 509 451 509 451 516 446 519 444 526 446 541 451 542 451 543 451 544 451 552 446 558 444 575 444 579 446 585 452 586 452 587 452 588 452 605 452 605 452 606 452 614 447 620 444 634 447 650 451 650 451 651 451 660 447 668 445 692 447 693 433 693 403 665 397 664 397 663 397 662 397 656 402 652 405 637 405 624 402 609 397 608 397 607 397 571 401 531 404 521 400 514 397 513 397 512 397 511 397 510 397 507 400 502 404 478 404 427 399 401 397 400 397 388 398 361 403 319 397 304 396 303 396 302 396 300 397 288 403 224 398 223 398 195 403 171 396 169 395 168 395 167 395 166 395 165 396 148 402 141 396 141 396 140 396 139 396 138 396 123 403 56 403 47 395 46 395 45 395 28 394 28 429"/>
                        </Shape>
                        <String CONTENT=""/>
                    </TextLine>

                    <TextLine ID="line_9" HPOS="27" VPOS="441" WIDTH="666" HEIGHT="50" BASELINE="28 473 693 476" TAGREFS="TYPE_1">
                        <Shape>
                            <Polygon POINTS="28 473 27 485 46 489 47 489 67 486 97 482 105 486 109 488 110 488 110 488 119 486 141 482 190 486 191 486 217 482 282 487 283 487 304 483 313 488 317 489 318 489 319 489 335 488 370 483 380 488 383 489 384 489 385 490 416 490 416 489 417 489 417 489 419 489 429 483 445 483 465 489 471 490 472 490 472 491 491 491 491 490 492 490 493 490 495 489 502 483 607 489 625 490 626 490 627 490 629 489 638 484 656 489 656 489 657 489 658 489 679 483 689 490 693 476 692 451 664 444 663 444 662 444 662 444 656 449 645 443 644 443 644 443 595 449 568 443 567 443 566 443 552 450 552 451 532 451 531 450 518 443 517 443 471 442 402 442 401 442 400 442 399 442 390 449 390 450 312 450 311 449 306 445 306 445 305 445 304 445 214 448 205 441 204 441 203 441 202 441 90 448 85 448 84 448 76 441 75 441 74 441 48 441 47 441 46 441 28 447 28 473"/>
                        </Shape>
                        <String CONTENT=""/>
                    </TextLine>

                    <TextLine ID="line_10" HPOS="30" VPOS="496" WIDTH="663" HEIGHT="46" BASELINE="30 518 693 520" TAGREFS="TYPE_1">
                        <Shape>
                            <Polygon POINTS="597 504 588 504 580 504 571 504 570 504 565 506 560 504 554 504 546 504 537 504 528 504 520 504 511 504 506 504 503 507 476 507 472 504 468 504 460 504 451 504 442 504 434 504 425 504 417 504 408 504 405 506 381 506 379 504 374 504 365 504 356 504 355 504 352 505 349 504 348 504 339 504 331 504 322 504 319 505 316 504 313 504 305 504 296 504 288 504 279 504 271 504 268 505 198 505 197 504 193 504 184 504 176 504 167 504 159 504 155 504 150 504 141 504 133 504 124 504 116 504 107 504 98 504 90 504 81 504 73 504 67 504 64 504 55 504 47 504 38 504 30 504 30 518 30 538 77 535 83 539 84 540 85 540 85 540 86 541 129 541 129 540 130 540 131 540 132 539 140 534 186 539 197 540 198 540 205 539 234 534 246 539 251 541 251 541 252 541 261 539 278 536 288 539 291 541 292 541 293 542 344 542 344 541 345 541 346 541 348 539 353 535 398 534 411 540 413 541 414 541 415 541 416 541 418 540 427 536 450 540 458 541 459 541 460 541 460 541 461 540 470 535 562 535 571 540 572 540 573 540 574 540 588 535 654 535 664 540 666 542 667 542 668 542 668 542 693 540 693 520 693 499 600 496 599 496 597 504"/>
                        </Shape>
                        <String CONTENT=""/>
                    </TextLine>
</TextBlock>
                <TextBlock ID="block_1" HPOS="26" VPOS="583" WIDTH="676" HEIGHT="578" TAGREFS="TYPE_8">
                    <Shape>
                        <Polygon POINTS="26.263652801513672 583.2940673828125 702.0382080078125 583.2940673828125 702.0382080078125 1161.7120361328125 26.263652801513672 1161.7120361328125 26.263652801513672 583.2940673828125"/>
                    </Shape>
                    <TextLine ID="line_11" HPOS="128" VPOS="573" WIDTH="460" HEIGHT="56" BASELINE="129 608 588 611" TAGREFS="TYPE_1">
                        <Shape>
                            <Polygon POINTS="129 608 128 619 140 626 141 626 141 626 142 626 220 623 273 627 274 627 299 622 319 627 319 627 320 627 321 627 332 622 352 627 353 627 354 627 355 627 355 627 363 621 364 621 376 628 377 628 378 628 379 628 399 622 404 621 468 621 470 623 475 627 475 628 476 628 477 628 478 628 478 628 486 623 494 629 495 629 496 629 496 629 497 629 508 623 511 622 587 624 588 611 588 582 545 577 544 577 521 581 519 581 517 581 500 576 499 576 498 576 477 581 474 581 473 581 461 574 460 574 460 574 459 574 458 574 451 580 438 574 437 574 436 574 364 578 350 574 349 574 349 574 282 580 276 580 274 580 244 573 243 573 242 573 221 578 208 574 207 574 206 574 205 574 204 574 204 574 199 579 129 579 129 608"/>
                        </Shape>
                        <String CONTENT=""/>
                    </TextLine>

                    <TextLine ID="line_12" HPOS="269" VPOS="618" WIDTH="212" HEIGHT="56" BASELINE="270 655 481 654" TAGREFS="TYPE_1">
                        <Shape>
                            <Polygon POINTS="270 655 270 670 352 667 362 670 379 673 380 674 444 674 444 673 445 673 446 673 452 669 454 667 479 668 481 654 479 629 462 629 441 618 440 618 439 618 417 623 404 619 403 619 402 619 401 619 400 619 400 620 392 627 361 629 344 618 343 618 343 618 342 618 307 623 292 618 291 618 290 618 289 618 269 629 270 655"/>
                        </Shape>
                        <String CONTENT=""/>
                    </TextLine>

                    <TextLine ID="line_13" HPOS="93" VPOS="672" WIDTH="603" HEIGHT="67" BASELINE="94 724 378 721 696 725" TAGREFS="TYPE_1">
                        <Shape>
                            <Polygon POINTS="94 724 93 729 118 737 119 737 120 737 195 730 219 728 226 730 233 733 234 733 235 733 282 731 309 730 324 731 355 734 356 734 403 732 447 729 453 732 462 738 463 738 464 738 465 739 538 739 538 738 539 738 548 733 552 730 589 729 600 733 603 734 604 734 605 734 613 733 638 729 694 733 696 725 696 684 666 684 665 683 643 673 642 673 641 673 591 679 571 673 570 673 570 673 569 673 554 681 552 683 549 681 536 673 535 673 534 673 533 673 504 680 503 680 453 673 453 673 452 673 451 673 442 679 437 683 392 682 386 678 374 673 373 673 353 673 352 673 351 673 339 678 326 684 290 684 276 678 265 672 264 672 263 672 235 674 234 674 229 677 219 682 202 677 202 677 201 677 200 677 189 683 150 683 142 675 141 675 141 674 141 674 140 674 139 674 94 674 94 724"/>
                        </Shape>
                        <String CONTENT=""/>
                    </TextLine>

                    <TextLine ID="line_14" HPOS="28" VPOS="733" WIDTH="669" HEIGHT="63" BASELINE="29 774 697 780" TAGREFS="TYPE_1">
                        <Shape>
                            <Polygon POINTS="29 774 28 787 75 788 76 788 77 788 79 788 89 783 114 788 131 791 132 791 148 788 169 785 264 785 272 789 276 793 277 793 278 793 279 794 307 794 307 793 308 793 309 793 312 790 319 786 334 790 340 792 341 792 342 792 343 792 347 790 359 786 465 786 481 792 490 794 490 794 601 796 602 796 622 794 646 789 660 794 661 794 662 794 662 794 663 794 664 794 673 788 694 794 697 780 697 751 672 751 671 750 650 736 650 736 649 736 598 735 572 735 571 735 570 735 570 735 553 748 545 744 544 744 543 744 542 744 526 748 521 749 493 747 440 745 439 745 424 746 415 748 411 746 381 733 380 733 380 733 333 742 319 733 318 733 317 733 245 733 245 733 244 733 243 733 226 744 223 746 129 746 123 743 107 735 106 735 105 735 71 741 61 738 60 738 59 738 58 738 57 738 51 742 48 744 29 742 29 774"/>
                        </Shape>
                        <String CONTENT=""/>
                    </TextLine>

                    <TextLine ID="line_15" HPOS="26" VPOS="787" WIDTH="673" HEIGHT="57" BASELINE="27 828 699 833" TAGREFS="TYPE_1">
                        <Shape>
                            <Polygon POINTS="26 837 43 843 44 843 45 843 87 839 251 844 252 844 698 843 699 833 699 799 652 791 651 791 650 791 636 797 634 799 559 800 552 796 538 790 537 790 536 790 501 794 475 789 474 789 473 789 458 794 447 799 438 794 428 789 427 789 426 789 425 789 416 794 408 799 366 799 355 793 349 790 349 790 348 790 347 790 337 793 318 798 296 792 282 788 281 788 280 788 279 788 270 792 254 798 209 798 201 791 197 788 196 788 196 788 141 787 141 787 140 787 139 787 134 790 125 797 55 797 28 788 27 828 26 837"/>
                        </Shape>
                        <String CONTENT=""/>
                    </TextLine>

                    <TextLine ID="line_16" HPOS="29" VPOS="841" WIDTH="668" HEIGHT="60" BASELINE="30 881 697 886" TAGREFS="TYPE_1">
                        <Shape>
                            <Polygon POINTS="30 881 29 889 44 894 45 894 46 894 188 892 202 898 203 898 204 898 269 892 269 892 290 898 291 898 292 898 350 893 362 892 366 893 384 899 385 899 386 899 423 894 429 893 434 894 453 898 454 898 455 898 468 894 472 893 474 894 486 900 487 900 488 900 489 900 509 895 513 894 526 895 587 901 588 901 696 897 697 886 696 855 655 855 655 854 636 844 635 844 615 844 614 844 613 844 613 844 600 854 599 854 559 854 559 853 546 843 546 843 545 843 544 843 485 851 473 843 472 843 472 843 471 843 428 852 426 853 388 853 387 852 363 842 362 842 361 842 305 847 259 842 258 842 257 842 239 850 238 850 171 847 163 841 162 841 161 841 160 841 159 841 133 849 30 849 30 881"/>
                        </Shape>
                        <String CONTENT=""/>
                    </TextLine>

                    <TextLine ID="line_17" HPOS="30" VPOS="893" WIDTH="667" HEIGHT="60" BASELINE="30 935 697 941" TAGREFS="TYPE_1">
                        <Shape>
                            <Polygon POINTS="30 935 30 943 55 950 55 950 56 950 136 946 142 951 143 951 144 951 145 952 212 952 212 951 213 951 214 951 220 946 245 950 245 950 362 947 373 951 374 951 374 951 438 947 475 953 476 953 507 948 603 948 611 953 612 953 613 953 613 953 614 953 625 948 696 948 697 941 696 910 619 910 617 908 613 904 612 904 611 904 610 904 573 907 554 908 549 906 524 897 523 897 522 897 480 904 459 901 458 901 457 901 449 904 442 907 435 904 414 896 413 896 269 896 269 896 268 896 253 901 246 904 176 904 168 899 166 898 165 898 165 898 164 898 163 898 163 899 156 904 141 900 141 900 140 900 79 902 73 897 67 893 67 893 66 893 65 893 30 896 30 935"/>
                        </Shape>
                        <String CONTENT=""/>
                    </TextLine>

                    <TextLine ID="line_18" HPOS="30" VPOS="946" WIDTH="671" HEIGHT="69" BASELINE="31 989 701 995" TAGREFS="TYPE_1">
                        <Shape>
                            <Polygon POINTS="31 989 30 996 63 996 72 1004 73 1004 73 1004 74 1004 75 1004 104 997 139 997 161 1008 162 1008 163 1008 164 1008 181 1002 190 1009 191 1009 192 1009 193 1009 257 1008 289 1000 325 1012 326 1012 327 1013 382 1013 382 1012 383 1012 404 1002 419 1008 420 1008 421 1008 453 1004 477 1013 478 1013 509 1014 510 1015 553 1015 553 1014 554 1014 582 1002 636 1007 637 1007 700 1002 701 995 701 966 677 966 675 965 660 956 659 956 658 956 657 956 638 963 635 964 496 964 490 959 478 951 478 951 477 951 476 951 453 953 452 953 451 953 445 958 437 963 361 963 350 955 349 955 349 955 348 955 347 955 337 959 324 954 309 948 308 948 228 948 227 948 226 948 218 951 202 956 194 950 191 947 190 947 190 947 149 947 148 947 147 947 145 948 135 954 131 950 130 950 129 950 128 950 98 957 84 950 83 950 31 946 31 989"/>
                        </Shape>
                        <String CONTENT=""/>
                    </TextLine>

                    <TextLine ID="line_19" HPOS="30" VPOS="1015" WIDTH="668" HEIGHT="52" BASELINE="31 1045 698 1047" TAGREFS="TYPE_1">
                        <Shape>
                            <Polygon POINTS="556 1019 547 1019 539 1019 530 1019 521 1019 513 1019 504 1019 496 1019 487 1019 478 1019 470 1019 467 1019 461 1019 453 1019 444 1019 435 1019 427 1019 419 1019 418 1020 412 1019 410 1019 401 1019 392 1019 384 1019 375 1019 369 1019 367 1020 345 1019 341 1019 332 1019 324 1019 315 1019 306 1019 298 1019 289 1019 281 1019 272 1019 263 1019 255 1019 246 1019 238 1019 229 1019 220 1019 212 1019 203 1019 200 1019 195 1019 186 1019 177 1019 169 1019 160 1019 152 1019 143 1019 134 1019 126 1019 117 1019 109 1019 100 1019 92 1019 83 1019 74 1019 66 1019 57 1019 49 1019 40 1019 31 1019 31 1045 30 1057 43 1065 44 1065 45 1065 46 1066 73 1066 73 1065 74 1065 75 1065 88 1057 195 1065 196 1066 236 1066 236 1065 237 1065 253 1059 279 1065 280 1065 325 1062 331 1066 331 1066 332 1066 333 1066 334 1066 348 1061 398 1066 398 1066 447 1060 451 1060 455 1060 495 1067 496 1067 496 1067 511 1061 516 1059 527 1061 548 1065 549 1065 568 1062 581 1059 696 1063 698 1047 697 1015 662 1015 662 1015 661 1015 650 1021 638 1015 638 1015 637 1015 635 1015 586 1021 557 1019 556 1019"/>
                        </Shape>
                        <String CONTENT=""/>
                    </TextLine>

                    <TextLine ID="line_20" HPOS="34" VPOS="1059" WIDTH="660" HEIGHT="61" BASELINE="34 1098 694 1102" TAGREFS="TYPE_1">
                        <Shape>
                            <Polygon POINTS="592 1101 588 1075 570 1075 563 1069 555 1062 554 1062 553 1062 521 1062 520 1062 519 1062 518 1062 510 1068 503 1074 481 1074 472 1068 465 1063 464 1063 463 1063 462 1063 461 1063 450 1068 437 1072 429 1068 418 1061 417 1061 417 1061 398 1061 397 1061 396 1061 395 1061 386 1067 377 1073 343 1073 335 1067 327 1061 326 1061 325 1061 325 1061 324 1061 306 1067 291 1071 280 1066 265 1060 264 1060 263 1060 236 1066 231 1067 226 1066 208 1063 207 1063 176 1066 147 1069 141 1065 128 1059 128 1059 110 1059 110 1059 109 1059 108 1059 99 1065 98 1066 34 1065 34 1098 34 1116 95 1106 104 1111 105 1111 106 1111 185 1107 201 1114 202 1114 202 1114 236 1107 256 1114 267 1118 268 1118 299 1118 300 1119 379 1119 379 1118 380 1118 380 1118 390 1112 394 1110 404 1112 430 1118 431 1118 432 1118 453 1112 464 1109 476 1112 492 1115 493 1115 494 1115 507 1112 516 1109 531 1111 582 1119 583 1119 584 1119 602 1113 621 1120 622 1120 623 1120 624 1120 625 1120 631 1115 657 1117 658 1117 693 1109 694 1102 693 1070 670 1074 656 1069 638 1063 638 1063 637 1063 636 1063 635 1063 625 1069 616 1075 596 1075 592 1101"/>
                        </Shape>
                        <String CONTENT=""/>
                    </TextLine>

                    <TextLine ID="line_21" HPOS="30" VPOS="1112" WIDTH="530" HEIGHT="58" BASELINE="30 1152 560 1157" TAGREFS="TYPE_1">
                        <Shape>
                            <Polygon POINTS="30 1152 30 1158 46 1166 47 1166 48 1166 49 1166 73 1160 122 1166 122 1166 123 1166 140 1161 208 1169 208 1170 236 1170 236 1169 237 1169 238 1169 247 1163 265 1169 266 1169 267 1169 294 1163 310 1169 311 1169 312 1169 312 1169 313 1169 321 1164 327 1169 327 1170 328 1170 329 1170 330 1170 331 1170 341 1165 345 1169 345 1170 346 1170 347 1170 348 1170 402 1165 450 1170 451 1170 452 1170 461 1166 466 1163 558 1167 560 1157 560 1126 521 1126 519 1125 472 1114 471 1114 392 1122 319 1113 319 1113 318 1113 297 1124 295 1124 294 1123 256 1112 255 1112 254 1112 253 1112 221 1123 220 1123 220 1123 196 1112 195 1112 194 1112 167 1117 138 1112 137 1112 136 1112 135 1112 122 1121 85 1115 85 1115 30 1120 30 1152"/>
                        </Shape>
                        <String CONTENT=""/>
                    </TextLine>
</TextBlock>
                <TextBlock ID="block_5" HPOS="25" VPOS="1185" WIDTH="667" HEIGHT="98" TAGREFS="TYPE_22">
                    <Shape>
                        <Polygon POINTS="25.557409286499023 1185.90478515625 692.904541015625 1185.90478515625 692.904541015625 1283.2008056640625 25.557409286499023 1283.2008056640625 25.557409286499023 1185.90478515625"/>
                    </Shape>
                    <TextLine ID="line_22" HPOS="73" VPOS="1182" WIDTH="758" HEIGHT="55" BASELINE="74 1214 635 1218 708 1212 831 1210" TAGREFS="TYPE_1">
                        <Shape>
                            <Polygon POINTS="74 1214 73 1222 83 1226 84 1226 85 1226 105 1222 108 1222 109 1222 127 1231 128 1231 128 1231 174 1228 205 1235 206 1235 306 1235 306 1235 344 1226 430 1235 431 1235 432 1235 460 1227 505 1236 506 1237 595 1237 595 1236 595 1236 626 1225 650 1236 650 1236 651 1236 652 1236 683 1225 830 1225 831 1210 829 1192 797 1186 796 1186 759 1191 750 1192 687 1192 683 1190 675 1186 674 1186 674 1186 631 1190 618 1191 615 1190 606 1185 605 1185 480 1185 479 1185 461 1189 455 1190 447 1189 418 1184 417 1184 417 1184 404 1188 398 1190 391 1188 374 1185 373 1185 358 1188 349 1190 346 1188 340 1184 339 1184 338 1184 337 1184 337 1184 322 1188 316 1189 305 1187 272 1183 271 1183 252 1187 247 1189 147 1189 133 1186 101 1182 100 1182 74 1186 74 1214"/>
                        </Shape>
                        <String CONTENT=""/>
                    </TextLine>

                    <TextLine ID="line_23" HPOS="36" VPOS="1222" WIDTH="798" HEIGHT="77" BASELINE="36 1265 75 1260 202 1260 834 1270" TAGREFS="TYPE_1">
                        <Shape>
                            <Polygon POINTS="828 1239 826 1239 818 1241 680 1241 662 1234 653 1230 652 1230 651 1230 650 1230 639 1233 635 1234 620 1233 580 1229 579 1229 564 1232 542 1235 527 1231 518 1229 517 1229 516 1229 515 1229 508 1230 482 1237 465 1229 464 1229 463 1229 462 1229 461 1229 460 1229 446 1235 401 1229 400 1229 375 1235 307 1235 239 1225 235 1225 234 1225 233 1225 233 1225 204 1233 179 1224 178 1224 177 1224 177 1224 144 1232 126 1223 125 1223 124 1223 76 1231 62 1222 61 1222 61 1222 36 1222 36 1265 36 1285 206 1291 207 1291 208 1291 219 1286 222 1284 317 1284 326 1286 343 1292 344 1292 345 1292 346 1292 358 1286 368 1282 380 1286 401 1294 402 1294 403 1294 435 1286 453 1283 465 1287 490 1296 491 1296 492 1296 493 1296 521 1287 530 1284 572 1284 577 1287 589 1295 590 1295 591 1295 592 1295 593 1295 614 1287 619 1285 648 1285 657 1287 711 1299 711 1299 712 1299 731 1291 791 1296 792 1296 833 1287 834 1270 832 1237 828 1238 828 1239"/>
                        </Shape>
                        <String CONTENT=""/>
                    </TextLine>
</TextBlock>
                <TextBlock ID="textblock_6">
                    
                    <TextLine ID="line_24" HPOS="793" VPOS="162" WIDTH="31" HEIGHT="45" BASELINE="795 183 822 180" TAGREFS="TYPE_1">
                        <Shape>
                            <Polygon POINTS="795 183 797 207 824 202 822 180 819 162 793 170 795 183"/>
                        </Shape>
                        <String CONTENT=""/>
                    </TextLine>

                </TextBlock>
                <TextBlock ID="block_3" HPOS="694" VPOS="1158" WIDTH="139" HEIGHT="126" TAGREFS="TYPE_13">
                    <Shape>
                        <Polygon POINTS="694.8201293945312 1158.1236572265625 833.6014404296875 1158.1236572265625 833.6014404296875 1284.1810302734375 694.8201293945312 1284.1810302734375 694.8201293945312 1158.1236572265625"/>
                    </Shape>
                    <TextLine ID="line_25" HPOS="693" VPOS="1152" WIDTH="136" HEIGHT="44" BASELINE="694 1186 829 1183" TAGREFS="TYPE_1">
                        <Shape>
                            <Polygon POINTS="694 1186 694 1196 829 1190 829 1183 828 1159 794 1152 793 1152 792 1152 791 1152 784 1157 779 1160 746 1156 745 1156 723 1161 714 1155 714 1154 713 1154 712 1154 693 1154 694 1186"/>
                        </Shape>
                        <String CONTENT=""/>
                    </TextLine>

                    <TextLine ID="line_26" HPOS="695" VPOS="1216" WIDTH="137" HEIGHT="35" BASELINE="696 1241 832 1238" TAGREFS="TYPE_1">
                        <Shape>
                            <Polygon POINTS="696 1241 696 1247 785 1251 785 1251 832 1244 832 1238 830 1217 715 1216 714 1216 713 1216 695 1220 696 1241"/>
                        </Shape>
                        <String CONTENT=""/>
                    </TextLine>
</TextBlock>
            </PrintSpace>
        </Page>
    </Layout>
</alto>