<?xml version="1.0" encoding="UTF-8"?>
<alto xmlns:xsi="http://www.w3.org/2001/XMLSchema-instance"
    xmlns="http://www.loc.gov/standards/alto/ns-v4#"
    xsi:schemaLocation="http://www.loc.gov/standards/alto/ns-v4# http://www.loc.gov/standards/alto/v4/alto-4-3.xsd">
    <Description>
        <MeasurementUnit>pixel</MeasurementUnit>
        <sourceImageInformation>
            <fileName>7325944.jpeg</fileName>
        </sourceImageInformation>
        <Processing ID="OCR_0">
            <processingCategory>other</processingCategory>
            <processingStepDescription>unknown</processingStepDescription>
            <processingSoftware>
                <softwareName>kraken</softwareName>
                <softwareVersion>4.3.13</softwareVersion>
            </processingSoftware>
        </Processing>
    </Description>
    <Tags>
        <OtherTag ID="TYPE_1" LABEL="DefaultLine"/>
        <OtherTag ID="TYPE_2" LABEL="NumberingZone"/>
        <OtherTag ID="TYPE_3" LABEL="MainZone-Entry-Continued"/>
        <OtherTag ID="TYPE_4" LABEL="MainZone-Form"/>
        <OtherTag ID="TYPE_5" LABEL="MainZone-Lg"/>
        <OtherTag ID="TYPE_6" LABEL="DigitizationArtefactZone"/>
        <OtherTag ID="TYPE_7" LABEL="TableZone-Head"/>
        <OtherTag ID="TYPE_8" LABEL="MainZone-Sp"/>
        <OtherTag ID="TYPE_9" LABEL="MainZone-Sp-Continued"/>
        <OtherTag ID="TYPE_10" LABEL="TableZone-Continued"/>
        <OtherTag ID="TYPE_11" LABEL="MarginTextZone-ManuscriptAddendum"/>
        <OtherTag ID="TYPE_12" LABEL="GraphicZone-FigDesc"/>
        <OtherTag ID="TYPE_13" LABEL="MarginTextZone-Notes"/>
        <OtherTag ID="TYPE_14" LABEL="StampZone"/>
        <OtherTag ID="TYPE_15" LABEL="FigureZone"/>
        <OtherTag ID="TYPE_16" LABEL="MainZone-Head"/>
        <OtherTag ID="TYPE_17" LABEL="DropCapitalZone"/>
        <OtherTag ID="TYPE_18" LABEL="MainZone-Date"/>
        <OtherTag ID="TYPE_19" LABEL="MainZone-List-Continued"/>
        <OtherTag ID="TYPE_20" LABEL="FigureZone-Head"/>
        <OtherTag ID="TYPE_21" LABEL="GraphicZone-Head"/>
        <OtherTag ID="TYPE_22" LABEL="MainZone-P"/>
        <OtherTag ID="TYPE_23" LABEL="MainZone-Signature"/>
        <OtherTag ID="TYPE_24" LABEL="TitlePageZone-Index"/>
        <OtherTag ID="TYPE_25" LABEL="MainZone-Lg-Continued"/>
        <OtherTag ID="TYPE_26" LABEL="GraphicZone"/>
        <OtherTag ID="TYPE_27" LABEL="MarginTextZone-Notes-Continued"/>
        <OtherTag ID="TYPE_28" LABEL="GraphicZone-TextualContent"/>
        <OtherTag ID="TYPE_29" LABEL="GraphicZone-Maths"/>
        <OtherTag ID="TYPE_30" LABEL="GraphicZone-Part"/>
        <OtherTag ID="TYPE_31" LABEL="MainZone-Other"/>
        <OtherTag ID="TYPE_32" LABEL="FigureZone-FigDesc"/>
        <OtherTag ID="TYPE_33" LABEL="GraphicZone-Decoration"/>
        <OtherTag ID="TYPE_34" LABEL="MainZone-List"/>
        <OtherTag ID="TYPE_35" LABEL="MainZone-Entry"/>
        <OtherTag ID="TYPE_36" LABEL="AdvertisementZone"/>
        <OtherTag ID="TYPE_37" LABEL="TitlePageZone"/>
        <OtherTag ID="TYPE_38" LABEL="StampZone-Sticker"/>
        <OtherTag ID="TYPE_39" LABEL="MainZone-P-Continued"/>
        <OtherTag ID="TYPE_40" LABEL="TableZone"/>
        <OtherTag ID="TYPE_41" LABEL="RunningTitleZone"/>
        <OtherTag ID="TYPE_42" LABEL="QuireMarksZone"/>
    </Tags>
    <Layout>
        <Page WIDTH="1000" HEIGHT="1547" PHYSICAL_IMG_NR="0" ID="page_0">
            <PrintSpace HPOS="0" VPOS="0" WIDTH="1000" HEIGHT="1547">
                <TextBlock ID="block_4" HPOS="167" VPOS="514" WIDTH="98" HEIGHT="30" TAGREFS="TYPE_13">
                    <Shape>
                        <Polygon POINTS="167.2351531982422 514.5618896484375 265.82220458984375 514.5618896484375 265.82220458984375 544.9105224609375 167.2351531982422 544.9105224609375 167.2351531982422 514.5618896484375"/>
                    </Shape>
                    <TextLine ID="line_0" HPOS="163" VPOS="495" WIDTH="105" HEIGHT="59" BASELINE="164 537 268 536" TAGREFS="TYPE_1">
                        <Shape>
                            <Polygon POINTS="164 537 164 548 196 554 197 554 198 554 209 550 214 549 267 552 268 536 263 507 259 512 226 512 214 501 208 496 208 496 207 496 206 496 205 496 196 499 193 500 163 495 164 537"/>
                        </Shape>
                        <String CONTENT=""/>
                    </TextLine>
</TextBlock>
                <TextBlock ID="textblock_2">
                    
                    <TextLine ID="line_1" HPOS="173" VPOS="594" WIDTH="23" HEIGHT="41" BASELINE="175 617 196 619" TAGREFS="TYPE_1">
                        <Shape>
                            <Polygon POINTS="175 617 173 635 193 635 196 619 196 598 176 594 175 617"/>
                        </Shape>
                        <String CONTENT=""/>
                    </TextLine>

                </TextBlock>
                <TextBlock ID="block_6" HPOS="374" VPOS="111" WIDTH="488" HEIGHT="39" TAGREFS="TYPE_41">
                    <Shape>
                        <Polygon POINTS="374.0982971191406 111.2913589477539 862.0452880859375 111.2913589477539 862.0452880859375 150.7725830078125 374.0982971191406 150.7725830078125 374.0982971191406 111.2913589477539"/>
                    </Shape>
                    <TextLine ID="line_2" HPOS="373" VPOS="100" WIDTH="489" HEIGHT="54" BASELINE="374 142 862 139" TAGREFS="TYPE_1">
                        <Shape>
                            <Polygon POINTS="374 142 374 154 417 153 418 153 419 153 419 152 423 149 473 152 484 153 485 153 486 153 489 152 500 148 549 152 569 152 570 152 570 152 571 152 573 151 576 148 635 150 696 152 697 152 698 152 706 148 711 147 716 148 728 152 729 152 730 152 768 147 781 146 793 147 847 151 848 151 849 151 862 146 862 139 859 106 813 107 809 106 791 100 791 100 790 100 789 100 773 106 771 107 769 106 754 102 753 102 752 102 719 107 711 108 711 107 702 101 701 101 700 101 699 101 668 106 616 101 615 101 528 107 512 102 511 102 510 102 509 102 509 102 503 106 466 103 466 103 465 103 464 103 455 108 441 104 441 104 440 104 439 104 429 110 428 110 373 110 374 142"/>
                        </Shape>
                        <String CONTENT=""/>
                    </TextLine>
</TextBlock>
                <TextBlock ID="block_5" HPOS="289" VPOS="165" WIDTH="674" HEIGHT="1133" TAGREFS="TYPE_39">
                    <Shape>
                        <Polygon POINTS="289.7149963378906 165.0245819091797 963.7223510742188 165.0245819091797 963.7223510742188 1298.6292724609375 289.7149963378906 1298.6292724609375 289.7149963378906 165.0245819091797"/>
                    </Shape>
                    <TextLine ID="line_3" HPOS="290" VPOS="155" WIDTH="666" HEIGHT="58" BASELINE="291 195 956 192" TAGREFS="TYPE_1">
                        <Shape>
                            <Polygon POINTS="291 195 291 209 348 213 349 213 349 213 350 213 355 209 360 206 380 206 392 209 407 213 408 213 409 213 433 208 436 208 441 208 484 212 485 212 486 212 495 208 502 205 530 205 534 207 539 212 540 212 541 212 542 213 590 213 590 212 591 212 592 212 598 207 602 204 622 204 627 207 630 209 631 209 631 209 632 209 633 209 639 207 646 204 656 207 666 209 667 209 668 209 680 207 691 204 694 207 696 208 697 208 698 208 699 208 718 207 732 205 741 206 769 211 770 211 834 206 862 203 869 205 884 210 885 210 886 210 887 210 888 210 894 206 926 210 926 210 955 204 956 192 954 158 910 155 909 155 908 155 901 158 894 163 798 163 785 158 777 156 776 156 775 156 774 156 765 158 752 163 747 158 746 158 745 158 744 158 654 156 653 156 652 156 645 159 638 163 631 159 625 157 624 157 623 157 607 159 592 162 572 159 549 157 548 157 547 157 546 157 543 159 535 165 480 165 467 160 458 157 457 157 456 157 455 157 447 160 433 166 380 166 372 160 369 158 368 158 368 158 367 158 290 160 291 195"/>
                        </Shape>
                        <String CONTENT=""/>
                    </TextLine>

                    <TextLine ID="line_4" HPOS="290" VPOS="202" WIDTH="665" HEIGHT="53" BASELINE="291 239 955 234" TAGREFS="TYPE_1">
                        <Shape>
                            <Polygon POINTS="291 239 291 255 383 254 384 254 385 254 395 250 472 252 506 253 507 253 508 253 511 251 521 247 533 251 534 251 535 251 536 251 543 251 576 247 582 250 583 252 584 252 585 252 586 252 587 252 594 250 605 247 638 250 656 250 657 250 689 249 736 245 744 248 754 250 754 250 755 250 756 250 766 247 773 245 779 247 793 250 794 250 795 250 839 246 856 244 871 245 922 250 923 250 954 244 955 234 952 208 806 208 805 208 794 202 793 202 792 202 756 207 745 202 744 202 743 202 742 202 729 207 664 203 663 203 662 203 652 208 650 209 648 208 623 203 622 203 582 209 571 210 562 209 535 205 534 205 533 205 533 205 526 209 525 210 523 209 517 204 516 204 515 204 515 204 514 204 494 209 485 211 453 209 395 206 394 206 290 209 291 239"/>
                        </Shape>
                        <String CONTENT=""/>
                    </TextLine>

                    <TextLine ID="line_5" HPOS="289" VPOS="246" WIDTH="667" HEIGHT="51" BASELINE="290 282 956 277" TAGREFS="TYPE_1">
                        <Shape>
                            <Polygon POINTS="290 282 290 292 336 292 337 292 351 297 352 297 353 297 392 291 401 290 489 290 490 290 509 296 510 296 511 296 638 288 649 288 652 288 688 294 689 294 718 289 731 294 732 294 733 294 783 287 819 293 820 293 849 287 886 293 887 293 956 285 956 277 954 254 877 246 877 246 876 246 846 254 841 256 824 256 822 254 816 249 815 249 815 249 814 249 785 255 782 255 781 255 773 248 772 248 771 248 770 248 769 248 768 248 760 255 760 256 672 256 669 255 650 248 649 248 648 248 647 248 633 255 631 256 630 255 611 249 610 249 609 249 582 254 575 249 574 249 573 249 511 249 510 249 488 253 475 250 474 250 473 250 472 250 453 256 449 257 441 256 424 253 423 253 406 256 397 258 390 256 380 253 379 253 378 253 377 253 367 256 361 258 350 256 332 254 331 254 289 256 290 282"/>
                        </Shape>
                        <String CONTENT=""/>
                    </TextLine>

                    <TextLine ID="line_6" HPOS="292" VPOS="288" WIDTH="664" HEIGHT="52" BASELINE="293 326 956 321" TAGREFS="TYPE_1">
                        <Shape>
                            <Polygon POINTS="293 326 293 336 365 340 366 340 367 340 375 336 379 335 388 336 413 339 414 339 415 339 416 339 422 336 424 334 447 335 484 337 485 337 521 334 537 333 539 334 547 338 548 338 549 339 582 339 582 338 614 333 617 333 619 333 653 337 654 337 655 337 656 337 662 332 662 332 688 332 692 332 730 337 730 337 731 337 732 337 740 331 741 331 747 331 804 336 805 336 871 330 932 336 932 336 933 336 956 329 956 321 954 296 877 296 877 295 867 288 866 288 865 288 865 288 864 288 863 288 855 295 854 295 841 295 771 292 770 292 756 294 747 296 742 294 726 288 725 288 724 288 723 288 723 288 714 294 709 297 703 294 690 288 689 288 650 288 649 288 626 293 615 296 607 293 594 289 593 289 592 289 591 289 578 293 569 296 558 293 548 290 547 290 546 290 546 290 534 293 512 299 493 293 484 290 484 290 483 290 482 290 475 293 468 295 465 293 462 290 461 290 460 290 435 290 434 290 433 290 429 293 416 299 373 299 355 292 353 291 352 291 351 291 292 291 293 326"/>
                        </Shape>
                        <String CONTENT=""/>
                    </TextLine>

                    <TextLine ID="line_7" HPOS="292" VPOS="331" WIDTH="663" HEIGHT="55" BASELINE="293 370 955 366" TAGREFS="TYPE_1">
                        <Shape>
                            <Polygon POINTS="293 370 293 379 313 379 315 380 330 386 331 386 331 386 361 380 366 379 369 380 400 386 401 386 458 385 459 385 471 380 475 379 535 380 629 383 630 383 652 380 675 378 702 380 735 384 736 384 753 380 767 378 786 380 808 384 809 384 826 380 849 376 891 376 902 380 906 382 907 382 907 382 954 380 955 366 953 337 920 331 919 331 918 331 898 337 893 338 890 337 880 331 879 331 854 331 853 331 852 331 852 331 843 336 831 331 830 331 829 331 776 332 775 332 764 337 761 338 759 337 749 332 748 332 748 332 718 337 714 337 713 337 708 333 707 333 706 333 705 333 705 333 696 337 694 337 690 337 665 333 664 333 663 333 654 337 646 341 614 341 608 337 600 333 599 333 598 333 576 337 555 342 500 342 490 337 485 335 484 335 484 335 461 337 419 342 411 337 411 336 411 336 410 336 409 336 404 337 381 342 292 337 293 370"/>
                        </Shape>
                        <String CONTENT=""/>
                    </TextLine>

                    <TextLine ID="line_8" HPOS="292" VPOS="379" WIDTH="665" HEIGHT="50" BASELINE="293 412 957 409" TAGREFS="TYPE_1">
                        <Shape>
                            <Polygon POINTS="293 412 293 429 338 425 398 428 410 428 411 428 415 428 445 422 475 427 486 428 487 428 488 428 495 427 515 421 638 421 650 425 660 428 661 428 662 428 682 424 688 423 689 424 693 428 694 428 695 428 696 428 735 428 735 428 736 428 745 423 750 421 793 422 883 427 884 427 885 427 896 421 925 427 926 427 956 420 957 409 955 386 909 385 901 379 900 379 899 379 874 379 873 379 872 379 871 379 863 385 764 379 763 379 762 379 749 385 706 381 705 381 705 381 693 387 675 387 665 379 664 379 663 379 662 379 662 379 638 387 600 387 568 379 567 379 566 379 550 385 514 379 513 379 474 380 473 380 461 387 436 387 428 381 427 381 426 381 425 381 424 381 410 386 392 381 392 381 391 381 390 381 371 387 357 383 356 383 355 383 292 388 293 412"/>
                        </Shape>
                        <String CONTENT=""/>
                    </TextLine>

                    <TextLine ID="line_9" HPOS="292" VPOS="419" WIDTH="664" HEIGHT="50" BASELINE="293 457 956 452" TAGREFS="TYPE_1">
                        <Shape>
                            <Polygon POINTS="293 457 293 469 411 464 466 467 511 469 512 469 513 469 518 466 524 464 536 466 551 469 552 469 579 465 596 464 612 465 640 468 641 468 666 464 678 463 688 464 717 468 718 468 719 468 735 464 741 462 760 463 819 467 820 467 847 462 853 461 858 462 874 466 875 466 876 466 877 466 877 466 883 461 885 461 889 461 933 466 934 466 935 466 956 460 956 452 955 427 943 419 942 419 941 419 940 419 939 419 915 427 903 419 902 419 901 419 901 419 863 425 786 420 785 420 785 420 767 425 723 421 723 421 722 421 693 428 623 425 622 425 621 425 620 425 614 430 602 430 594 422 593 422 592 422 591 422 590 422 579 428 566 421 565 421 531 421 530 421 503 427 452 422 451 422 450 422 449 422 439 431 329 431 305 427 304 427 303 427 292 431 293 457"/>
                        </Shape>
                        <String CONTENT=""/>
                    </TextLine>

                    <TextLine ID="line_10" HPOS="293" VPOS="462" WIDTH="664" HEIGHT="53" BASELINE="294 501 957 495" TAGREFS="TYPE_1">
                        <Shape>
                            <Polygon POINTS="294 501 294 512 407 508 417 512 425 515 426 515 427 515 442 512 458 508 478 512 500 515 501 515 502 515 503 515 508 512 515 507 525 512 530 513 531 513 532 513 543 512 564 507 628 507 633 511 636 513 637 513 638 513 638 514 706 514 706 513 719 511 745 506 784 511 786 511 787 511 788 511 789 511 806 507 811 511 813 513 814 513 815 513 815 513 901 512 901 512 904 511 914 506 955 510 957 495 955 471 924 471 913 462 912 462 911 462 889 462 889 462 846 471 844 472 757 472 757 471 742 463 741 463 740 463 739 463 701 464 700 464 699 464 688 472 687 472 681 472 637 469 636 469 614 472 609 473 607 472 594 466 593 466 592 466 591 466 590 466 581 472 579 473 548 473 548 472 536 464 535 464 534 464 515 464 514 464 479 472 459 465 458 465 404 465 403 465 369 472 343 466 342 466 341 466 340 466 332 472 310 468 309 468 308 468 293 473 294 501"/>
                        </Shape>
                        <String CONTENT=""/>
                    </TextLine>

                    <TextLine ID="line_11" HPOS="290" VPOS="507" WIDTH="667" HEIGHT="52" BASELINE="291 542 957 539" TAGREFS="TYPE_1">
                        <Shape>
                            <Polygon POINTS="291 542 291 556 374 559 375 559 441 556 489 553 507 555 534 558 535 558 575 555 582 554 584 554 595 558 596 558 597 558 662 554 663 554 730 558 730 558 731 558 748 553 754 551 773 552 828 556 828 556 862 551 867 551 870 551 892 557 893 557 894 557 895 557 912 551 913 551 956 551 957 539 955 513 924 508 923 508 875 513 870 513 860 507 859 507 858 507 858 507 857 507 845 513 835 513 734 509 733 509 699 513 695 513 693 513 680 507 679 507 678 507 677 507 656 513 655 513 650 513 576 507 576 507 518 513 510 514 484 514 482 514 474 508 473 508 472 508 431 508 430 508 429 508 429 508 423 513 394 508 393 508 392 508 392 508 386 513 373 508 372 508 371 508 342 514 341 515 290 515 291 542"/>
                        </Shape>
                        <String CONTENT=""/>
                    </TextLine>

                    <TextLine ID="line_12" HPOS="292" VPOS="552" WIDTH="663" HEIGHT="53" BASELINE="293 587 955 583" TAGREFS="TYPE_1">
                        <Shape>
                            <Polygon POINTS="293 587 294 605 311 598 341 598 355 604 356 604 357 604 358 604 377 599 401 604 403 604 404 604 404 604 405 604 433 597 466 597 478 603 478 603 479 603 482 603 595 596 604 602 605 602 606 602 607 602 608 602 639 596 674 600 674 600 675 600 690 595 728 595 741 601 742 601 742 601 743 602 818 602 818 601 819 601 820 601 821 600 831 594 859 594 867 599 867 600 868 600 869 600 870 600 900 599 901 599 901 599 908 594 953 599 955 583 953 559 890 559 871 552 870 552 869 552 868 552 855 559 843 559 821 559 815 559 742 553 741 553 740 553 739 553 730 559 730 560 682 560 682 559 664 554 663 554 662 554 662 554 650 559 649 561 594 561 590 560 562 554 561 554 560 554 549 560 547 561 544 560 527 555 527 555 504 555 503 555 503 555 493 560 491 561 489 560 475 555 474 555 473 555 435 560 423 562 390 560 330 557 329 557 328 557 327 557 323 561 321 562 319 561 309 556 308 556 307 556 306 556 292 560 293 587"/>
                        </Shape>
                        <String CONTENT=""/>
                    </TextLine>

                    <TextLine ID="line_13" HPOS="293" VPOS="595" WIDTH="658" HEIGHT="52" BASELINE="294 632 617 628 951 629" TAGREFS="TYPE_1">
                        <Shape>
                            <Polygon POINTS="294 632 294 640 361 646 362 646 363 646 364 646 369 642 373 645 374 645 374 645 375 645 376 645 377 645 382 641 383 640 431 640 436 642 450 646 451 646 452 647 490 647 490 646 527 642 532 642 539 642 574 645 575 645 576 645 576 645 580 642 584 639 593 642 601 645 601 645 602 645 632 642 654 641 669 642 686 645 687 645 687 645 692 643 699 639 733 643 744 644 745 644 746 644 748 643 759 638 809 638 816 643 816 644 817 644 818 644 819 645 840 645 840 644 841 644 842 644 851 638 883 638 891 644 892 644 893 644 894 645 950 645 951 629 950 595 887 595 886 595 885 595 884 595 884 596 876 601 852 596 846 595 845 595 837 596 814 601 792 597 782 595 781 595 770 598 748 603 600 603 593 599 586 598 585 598 584 598 567 600 559 601 558 600 550 597 549 597 548 597 547 597 539 600 536 603 473 603 463 602 429 597 429 597 428 597 415 602 413 603 405 603 359 599 358 599 357 599 356 599 350 603 344 599 343 599 343 599 342 599 293 604 294 632"/>
                        </Shape>
                        <String CONTENT=""/>
                    </TextLine>

                    <TextLine ID="line_14" HPOS="293" VPOS="636" WIDTH="664" HEIGHT="52" BASELINE="294 674 957 668" TAGREFS="TYPE_1">
                        <Shape>
                            <Polygon POINTS="294 674 294 685 496 688 496 688 497 688 509 684 509 684 514 684 552 688 552 688 553 688 554 688 561 684 562 684 621 687 622 687 623 687 640 683 641 683 642 683 671 687 672 687 673 687 687 683 822 685 822 685 856 680 861 680 866 680 893 684 894 684 895 684 895 684 902 680 904 680 931 684 932 684 956 679 957 668 956 644 931 636 930 636 929 636 899 643 890 636 889 636 889 636 861 636 860 636 859 636 838 644 818 637 817 637 816 637 736 642 687 638 686 638 685 638 670 646 598 640 597 640 596 640 585 646 544 642 543 642 542 642 541 642 534 646 515 640 515 640 514 640 513 640 499 647 465 642 464 642 463 642 452 648 417 644 416 644 349 648 340 642 339 642 338 642 315 642 314 642 313 642 293 649 294 674"/>
                        </Shape>
                        <String CONTENT=""/>
                    </TextLine>

                    <TextLine ID="line_15" HPOS="293" VPOS="681" WIDTH="664" HEIGHT="51" BASELINE="294 718 957 712" TAGREFS="TYPE_1">
                        <Shape>
                            <Polygon POINTS="294 718 294 732 410 727 461 730 482 732 483 732 484 732 488 730 500 726 570 729 576 729 576 729 580 729 619 725 625 729 625 730 626 730 627 730 628 730 644 728 684 724 694 728 698 729 699 729 699 729 700 729 705 728 717 724 742 727 754 729 755 729 756 729 760 727 767 723 777 727 780 728 781 728 782 729 848 729 848 728 849 728 856 727 868 723 956 725 957 712 955 687 907 687 892 681 891 681 890 681 889 681 889 681 882 687 858 687 856 687 841 681 840 681 840 681 839 681 838 681 829 688 809 688 766 681 766 681 689 682 688 682 670 689 669 690 631 690 568 690 557 684 556 684 555 684 554 684 553 684 546 690 522 690 504 684 503 684 503 684 502 684 490 689 442 684 441 684 441 684 440 684 433 690 407 690 392 684 391 684 390 684 389 684 373 690 317 685 316 685 315 685 293 691 294 718"/>
                        </Shape>
                        <String CONTENT=""/>
                    </TextLine>

                    <TextLine ID="line_16" HPOS="295" VPOS="726" WIDTH="662" HEIGHT="51" BASELINE="296 761 957 756" TAGREFS="TYPE_1">
                        <Shape>
                            <Polygon POINTS="296 761 296 777 325 772 434 776 447 776 448 776 458 775 506 771 512 775 515 776 515 776 516 776 517 776 521 774 528 770 588 773 625 775 626 775 672 772 708 770 725 771 748 773 748 773 749 773 757 770 764 769 814 770 927 772 928 772 957 767 957 756 955 728 905 731 901 728 898 726 897 726 896 726 860 726 859 726 823 730 802 732 785 730 758 727 757 727 730 731 717 733 710 731 696 727 695 727 694 727 661 732 653 733 649 732 626 727 625 727 542 733 537 733 536 733 517 728 516 728 515 728 410 735 404 735 401 735 309 730 308 730 307 730 295 735 296 761"/>
                        </Shape>
                        <String CONTENT=""/>
                    </TextLine>

                    <TextLine ID="line_17" HPOS="294" VPOS="769" WIDTH="663" HEIGHT="51" BASELINE="294 807 957 799" TAGREFS="TYPE_1">
                        <Shape>
                            <Polygon POINTS="827 782 823 773 807 776 764 772 742 770 741 770 740 770 739 770 739 771 737 773 732 776 696 773 668 771 668 771 667 771 666 771 662 774 657 777 615 775 591 774 590 774 570 776 546 778 543 776 536 773 535 773 534 773 515 777 508 778 478 777 368 775 367 775 337 780 315 776 314 776 313 776 294 781 294 807 294 820 322 820 322 819 323 819 337 813 355 818 355 818 356 818 357 818 368 812 447 812 495 818 497 818 498 818 499 818 515 811 557 817 558 817 558 817 559 817 589 810 625 816 625 816 809 814 810 814 842 807 871 813 871 813 957 813 957 799 955 769 911 774 865 770 856 770 855 770 846 770 829 772 827 782"/>
                        </Shape>
                        <String CONTENT=""/>
                    </TextLine>

                    <TextLine ID="line_18" HPOS="294" VPOS="809" WIDTH="665" HEIGHT="54" BASELINE="295 849 959 843" TAGREFS="TYPE_1">
                        <Shape>
                            <Polygon POINTS="295 849 295 863 958 853 959 843 958 816 938 809 938 809 937 809 899 815 877 809 876 809 875 809 874 809 859 816 803 810 802 810 760 815 725 811 724 811 723 811 705 818 674 812 673 812 672 812 671 812 662 818 598 813 597 813 596 813 595 813 588 818 578 814 577 814 576 814 515 819 499 813 498 813 497 813 496 813 496 813 485 819 397 816 396 816 347 821 333 815 332 815 331 815 294 822 295 849"/>
                        </Shape>
                        <String CONTENT=""/>
                    </TextLine>

                    <TextLine ID="line_19" HPOS="295" VPOS="854" WIDTH="662" HEIGHT="53" BASELINE="296 892 957 886" TAGREFS="TYPE_1">
                        <Shape>
                            <Polygon POINTS="828 864 826 859 796 855 795 855 794 855 793 855 786 861 785 861 769 856 768 856 767 856 766 856 754 861 752 862 748 861 729 856 728 856 727 856 726 856 711 861 706 862 696 861 659 856 658 856 657 856 656 856 651 861 650 862 648 861 641 856 640 856 639 856 594 856 593 856 592 856 581 861 574 864 522 864 517 861 512 857 511 857 510 857 509 857 509 857 495 861 482 865 451 865 447 861 443 858 442 858 441 858 441 858 440 858 430 861 419 864 397 861 392 861 392 861 391 861 390 861 390 862 386 865 295 862 296 892 296 902 373 907 374 907 374 907 390 901 392 901 398 901 442 906 443 906 444 906 455 901 460 901 567 904 568 904 569 904 584 899 587 899 594 899 654 904 655 904 703 898 705 898 708 898 742 904 743 904 744 904 745 904 752 898 773 902 773 903 773 902 797 898 799 898 803 898 861 903 862 903 939 902 940 902 957 896 957 886 956 861 915 861 897 854 896 854 895 854 895 854 877 860 865 854 864 854 863 854 862 854 839 861 836 861 833 861 829 860 828 864"/>
                        </Shape>
                        <String CONTENT=""/>
                    </TextLine>

                    <TextLine ID="line_20" HPOS="165" VPOS="897" WIDTH="793" HEIGHT="54" BASELINE="165 931 958 929" TAGREFS="TYPE_1">
                        <Shape>
                            <Polygon POINTS="165 931 165 948 196 943 294 943 303 947 310 951 311 951 312 951 406 947 414 947 418 947 473 951 474 951 475 951 490 946 496 944 533 946 564 947 564 947 572 945 584 942 592 945 605 950 606 950 607 951 631 951 631 950 632 950 653 945 662 942 677 944 719 950 720 950 721 950 734 944 736 942 739 944 748 950 748 950 749 950 750 951 821 951 821 950 822 950 847 943 865 950 865 950 866 951 914 951 914 950 958 941 958 929 956 904 924 904 921 904 900 897 899 897 898 897 770 904 760 904 759 904 743 897 742 897 657 897 656 897 656 897 635 904 634 904 621 899 620 899 619 899 619 899 598 904 596 904 595 904 554 898 476 898 475 898 474 898 458 904 455 906 361 906 357 904 343 900 343 900 342 900 341 900 330 904 327 906 245 906 241 904 217 900 216 900 165 904 165 931"/>
                        </Shape>
                        <String CONTENT=""/>
                    </TextLine>

                    <TextLine ID="line_21" HPOS="295" VPOS="941" WIDTH="662" HEIGHT="54" BASELINE="296 979 957 972" TAGREFS="TYPE_1">
                        <Shape>
                            <Polygon POINTS="828 953 826 946 826 947 824 947 819 947 799 944 798 944 781 947 770 948 759 947 724 941 723 941 723 941 722 941 714 947 712 947 700 947 668 944 668 944 667 944 661 947 656 949 649 947 638 942 637 942 636 942 635 942 634 942 627 947 620 951 595 951 590 947 586 943 585 943 584 943 556 943 555 943 554 943 553 943 549 947 542 951 504 947 503 947 502 947 501 947 500 947 495 952 459 952 453 947 451 945 450 945 449 945 414 945 413 945 412 945 411 945 410 947 401 953 341 953 295 947 296 979 296 990 309 995 310 995 311 995 312 995 321 990 322 990 324 990 340 994 341 994 342 994 343 994 352 990 353 990 367 990 434 992 435 992 451 990 464 988 582 990 708 991 709 991 710 991 717 990 732 985 753 990 760 990 760 990 798 990 906 985 956 989 957 972 956 947 877 947 876 947 839 941 838 941 837 941 832 942 828 953"/>
                        </Shape>
                        <String CONTENT=""/>
                    </TextLine>

                    <TextLine ID="line_22" HPOS="296" VPOS="984" WIDTH="661" HEIGHT="54" BASELINE="297 1021 957 1016" TAGREFS="TYPE_1">
                        <Shape>
                            <Polygon POINTS="297 1021 297 1038 380 1036 381 1036 407 1029 466 1029 483 1036 484 1036 484 1036 520 1028 558 1028 565 1033 566 1033 567 1033 568 1033 608 1028 618 1035 619 1035 619 1035 620 1035 624 1035 681 1028 731 1034 736 1034 736 1034 741 1034 784 1027 826 1033 830 1033 831 1033 832 1033 833 1033 854 1026 888 1033 889 1033 890 1033 893 1033 934 1027 956 1032 957 1016 956 991 912 984 911 984 910 984 891 991 773 991 752 985 751 985 750 985 749 985 735 992 695 986 694 986 693 986 671 992 664 986 663 986 662 986 642 986 641 986 640 986 623 993 615 987 614 987 613 987 545 987 544 987 543 987 542 987 535 992 519 990 518 990 517 990 501 995 463 995 446 988 445 988 444 988 443 988 430 994 360 989 359 989 296 996 297 1021"/>
                        </Shape>
                        <String CONTENT=""/>
                    </TextLine>

                    <TextLine ID="line_23" HPOS="294" VPOS="1027" WIDTH="664" HEIGHT="55" BASELINE="295 1065 958 1059" TAGREFS="TYPE_1">
                        <Shape>
                            <Polygon POINTS="295 1065 295 1076 312 1081 313 1081 314 1081 315 1081 321 1076 322 1076 364 1076 365 1076 388 1082 389 1082 467 1076 470 1076 483 1081 484 1081 484 1081 566 1075 582 1074 595 1075 656 1079 656 1079 688 1074 694 1073 698 1074 715 1078 716 1078 717 1078 744 1073 748 1073 749 1073 764 1078 765 1078 766 1078 766 1078 767 1078 775 1073 777 1072 788 1073 832 1077 833 1077 874 1076 875 1076 876 1076 881 1072 883 1071 922 1071 925 1072 933 1076 934 1076 935 1076 958 1071 958 1059 956 1033 934 1033 933 1033 926 1027 926 1027 925 1027 924 1027 898 1033 896 1033 895 1033 863 1027 862 1027 834 1034 820 1034 766 1036 708 1036 707 1035 691 1029 690 1029 689 1029 638 1034 578 1030 577 1030 576 1030 563 1037 562 1038 519 1038 518 1037 509 1031 508 1031 507 1031 484 1031 483 1031 420 1038 418 1038 417 1038 389 1032 388 1032 387 1032 368 1039 367 1039 294 1039 295 1065"/>
                        </Shape>
                        <String CONTENT=""/>
                    </TextLine>

                    <TextLine ID="line_24" HPOS="296" VPOS="1072" WIDTH="659" HEIGHT="53" BASELINE="297 1109 955 1104" TAGREFS="TYPE_1">
                        <Shape>
                            <Polygon POINTS="297 1109 297 1125 406 1116 477 1122 491 1123 492 1123 493 1123 494 1123 496 1122 504 1116 512 1121 513 1122 514 1122 515 1122 515 1122 528 1121 588 1115 607 1119 615 1122 616 1122 617 1122 618 1122 625 1119 638 1114 657 1118 658 1118 659 1118 661 1118 689 1115 694 1118 695 1119 696 1119 697 1119 698 1119 720 1118 762 1114 802 1116 844 1118 845 1118 879 1115 904 1112 911 1114 927 1119 928 1119 929 1119 954 1113 955 1104 952 1078 901 1079 900 1078 890 1072 889 1072 889 1072 888 1072 887 1072 886 1072 877 1078 877 1079 877 1078 869 1075 868 1075 867 1075 827 1079 817 1080 815 1079 803 1073 802 1073 778 1073 777 1073 776 1073 775 1073 767 1080 766 1081 624 1082 623 1082 609 1075 608 1075 518 1075 517 1075 516 1075 503 1082 490 1078 490 1078 489 1078 448 1082 406 1076 405 1076 404 1076 388 1081 306 1080 306 1080 305 1080 296 1083 297 1109"/>
                        </Shape>
                        <String CONTENT=""/>
                    </TextLine>

                    <TextLine ID="line_25" HPOS="295" VPOS="1115" WIDTH="665" HEIGHT="50" BASELINE="296 1152 960 1147" TAGREFS="TYPE_1">
                        <Shape>
                            <Polygon POINTS="296 1152 296 1161 516 1165 517 1165 582 1160 586 1160 588 1160 626 1164 627 1164 628 1164 641 1160 799 1162 800 1162 828 1158 842 1162 843 1162 844 1162 845 1162 865 1157 867 1157 959 1157 960 1147 958 1121 927 1115 926 1115 926 1115 914 1120 895 1116 895 1116 894 1116 893 1116 879 1121 877 1121 727 1118 726 1118 725 1118 715 1123 714 1123 713 1123 685 1118 684 1118 683 1118 670 1123 628 1117 627 1117 595 1124 594 1124 530 1119 529 1119 528 1119 527 1119 523 1124 509 1120 509 1120 508 1120 479 1125 470 1118 469 1118 468 1118 432 1118 431 1118 430 1118 429 1118 421 1124 340 1119 339 1119 295 1126 296 1152"/>
                        </Shape>
                        <String CONTENT=""/>
                    </TextLine>

                    <TextLine ID="line_26" HPOS="295" VPOS="1157" WIDTH="665" HEIGHT="53" BASELINE="296 1200 314 1196 423 1193 960 1191" TAGREFS="TYPE_1">
                        <Shape>
                            <Polygon POINTS="296 1200 296 1204 313 1210 314 1210 315 1210 355 1210 355 1210 366 1204 390 1210 391 1210 430 1205 441 1210 441 1210 442 1210 478 1204 482 1204 484 1204 503 1210 503 1210 504 1210 505 1210 525 1204 528 1204 534 1204 554 1207 555 1207 584 1204 602 1203 662 1203 666 1204 672 1209 673 1209 674 1209 674 1209 697 1204 699 1204 701 1204 733 1209 734 1209 735 1209 736 1209 741 1204 744 1202 777 1202 782 1204 787 1208 788 1208 789 1208 790 1208 791 1208 801 1204 809 1202 812 1204 816 1208 817 1208 818 1208 819 1208 960 1204 960 1191 958 1160 919 1157 918 1157 899 1160 882 1163 877 1161 875 1158 874 1158 873 1158 872 1158 846 1161 832 1162 827 1161 816 1158 815 1158 815 1158 785 1161 760 1165 755 1162 747 1158 746 1158 745 1158 744 1158 729 1162 728 1162 668 1159 668 1159 667 1159 655 1164 650 1167 586 1167 582 1165 577 1161 576 1161 576 1161 575 1161 574 1161 558 1165 552 1167 469 1167 466 1167 443 1160 442 1160 441 1160 418 1161 417 1161 417 1161 408 1167 407 1168 389 1168 388 1167 379 1161 378 1161 377 1161 376 1161 350 1167 327 1161 326 1161 325 1161 325 1161 295 1168 296 1200"/>
                        </Shape>
                        <String CONTENT=""/>
                    </TextLine>

                    <TextLine ID="line_27" HPOS="297" VPOS="1200" WIDTH="663" HEIGHT="55" BASELINE="298 1240 960 1233" TAGREFS="TYPE_1">
                        <Shape>
                            <Polygon POINTS="298 1240 298 1248 309 1254 310 1254 379 1255 380 1255 404 1250 428 1254 429 1254 429 1254 430 1254 440 1248 532 1253 533 1253 533 1253 534 1253 543 1248 564 1253 564 1253 604 1247 606 1247 607 1247 621 1253 622 1253 623 1253 624 1253 647 1247 650 1246 699 1246 699 1246 708 1252 709 1252 710 1252 711 1252 711 1252 734 1246 739 1244 815 1244 820 1245 834 1249 834 1249 835 1249 836 1249 837 1249 842 1245 844 1244 846 1245 856 1250 857 1250 858 1250 959 1244 960 1233 958 1205 901 1200 900 1200 899 1200 880 1206 876 1207 875 1206 871 1203 870 1203 869 1203 868 1203 867 1203 866 1203 863 1206 861 1208 806 1208 805 1207 795 1203 794 1203 793 1203 792 1203 780 1207 778 1208 770 1207 735 1204 734 1204 733 1204 720 1208 719 1208 718 1208 689 1203 688 1203 555 1210 518 1204 517 1204 516 1204 505 1210 504 1210 388 1205 387 1205 386 1205 386 1205 376 1212 326 1206 325 1206 325 1206 297 1213 298 1240"/>
                        </Shape>
                        <String CONTENT=""/>
                    </TextLine>

                    <TextLine ID="line_28" HPOS="300" VPOS="1244" WIDTH="658" HEIGHT="67" BASELINE="300 1284 958 1277" TAGREFS="TYPE_1">
                        <Shape>
                            <Polygon POINTS="300 1284 300 1311 374 1302 386 1307 386 1307 387 1307 388 1307 398 1302 429 1302 437 1308 438 1308 439 1308 440 1308 466 1305 475 1308 481 1310 482 1310 483 1310 541 1309 542 1309 543 1309 548 1306 558 1301 574 1306 587 1309 588 1309 588 1309 589 1309 590 1309 595 1305 597 1304 608 1305 663 1308 664 1308 707 1303 725 1308 726 1308 727 1308 728 1308 740 1302 746 1298 786 1300 883 1306 884 1306 885 1306 919 1297 922 1296 957 1296 958 1277 957 1252 908 1244 907 1244 871 1252 868 1252 858 1244 858 1244 857 1244 835 1244 834 1244 834 1244 815 1252 810 1253 792 1252 763 1249 762 1249 747 1252 733 1253 730 1252 723 1247 722 1247 721 1247 720 1247 719 1247 711 1250 701 1246 700 1246 674 1246 674 1246 673 1246 662 1252 656 1255 630 1255 625 1252 619 1247 619 1247 618 1247 617 1247 616 1247 604 1252 591 1255 577 1252 566 1248 565 1248 564 1248 564 1248 563 1248 559 1252 554 1254 527 1252 526 1252 525 1252 524 1252 517 1256 501 1252 490 1248 489 1248 446 1248 445 1248 444 1248 437 1252 424 1257 300 1252 300 1284"/>
                        </Shape>
                        <String CONTENT=""/>
                    </TextLine>
</TextBlock>
                <TextBlock ID="block_3" HPOS="170" VPOS="1183" WIDTH="120" HEIGHT="38" TAGREFS="TYPE_13">
                    <Shape>
                        <Polygon POINTS="170.3427734375 1183.5989990234375 290.90460205078125 1183.5989990234375 290.90460205078125 1221.65234375 170.3427734375 1221.65234375 170.3427734375 1183.5989990234375"/>
                    </Shape>
                    <TextLine ID="line_29" HPOS="167" VPOS="1166" WIDTH="121" HEIGHT="65" BASELINE="169 1209 288 1204" TAGREFS="TYPE_1">
                        <Shape>
                            <Polygon POINTS="169 1209 170 1231 208 1230 208 1230 209 1230 209 1229 210 1229 215 1223 230 1228 238 1229 239 1229 239 1229 240 1229 248 1226 259 1222 287 1222 288 1204 285 1167 260 1166 259 1166 258 1166 257 1166 251 1170 251 1171 251 1170 245 1167 245 1167 244 1167 243 1167 242 1167 228 1173 219 1177 214 1174 202 1169 201 1169 200 1169 199 1169 198 1169 198 1170 190 1177 189 1180 167 1180 169 1209"/>
                        </Shape>
                        <String CONTENT=""/>
                    </TextLine>
</TextBlock>
                <TextBlock ID="block_7" HPOS="913" VPOS="1296" WIDTH="48" HEIGHT="37" TAGREFS="TYPE_42">
                    <Shape>
                        <Polygon POINTS="913.176513671875 1296.2696533203125 961.1099243164062 1296.2696533203125 961.1099243164062 1333.8299560546875 913.176513671875 1333.8299560546875 913.176513671875 1296.2696533203125"/>
                    </Shape>
                    <TextLine ID="line_30" HPOS="914" VPOS="1284" WIDTH="48" HEIGHT="62" BASELINE="914 1322 962 1322" TAGREFS="TYPE_1">
                        <Shape>
                            <Polygon POINTS="914 1322 914 1343 961 1346 962 1322 960 1284 938 1294 914 1294 914 1322"/>
                        </Shape>
                        <String CONTENT=""/>
                    </TextLine>
</TextBlock>
            </PrintSpace>
        </Page>
    </Layout>
</alto>