<?xml version="1.0" encoding="UTF-8"?>
<alto xmlns:xsi="http://www.w3.org/2001/XMLSchema-instance"
    xmlns="http://www.loc.gov/standards/alto/ns-v4#"
    xsi:schemaLocation="http://www.loc.gov/standards/alto/ns-v4# http://www.loc.gov/standards/alto/v4/alto-4-3.xsd">
    <Description>
        <MeasurementUnit>pixel</MeasurementUnit>
        <sourceImageInformation>
            <fileName>7325953.jpeg</fileName>
        </sourceImageInformation>
        <Processing ID="OCR_0">
            <processingCategory>other</processingCategory>
            <processingStepDescription>unknown</processingStepDescription>
            <processingSoftware>
                <softwareName>kraken</softwareName>
                <softwareVersion>4.3.13</softwareVersion>
            </processingSoftware>
        </Processing>
    </Description>
    <Tags>
        <OtherTag ID="TYPE_1" LABEL="DefaultLine"/>
        <OtherTag ID="TYPE_2" LABEL="NumberingZone"/>
        <OtherTag ID="TYPE_3" LABEL="MainZone-Entry-Continued"/>
        <OtherTag ID="TYPE_4" LABEL="MainZone-Form"/>
        <OtherTag ID="TYPE_5" LABEL="MainZone-Lg"/>
        <OtherTag ID="TYPE_6" LABEL="DigitizationArtefactZone"/>
        <OtherTag ID="TYPE_7" LABEL="TableZone-Head"/>
        <OtherTag ID="TYPE_8" LABEL="MainZone-Sp"/>
        <OtherTag ID="TYPE_9" LABEL="MainZone-Sp-Continued"/>
        <OtherTag ID="TYPE_10" LABEL="TableZone-Continued"/>
        <OtherTag ID="TYPE_11" LABEL="MarginTextZone-ManuscriptAddendum"/>
        <OtherTag ID="TYPE_12" LABEL="GraphicZone-FigDesc"/>
        <OtherTag ID="TYPE_13" LABEL="MarginTextZone-Notes"/>
        <OtherTag ID="TYPE_14" LABEL="StampZone"/>
        <OtherTag ID="TYPE_15" LABEL="FigureZone"/>
        <OtherTag ID="TYPE_16" LABEL="MainZone-Head"/>
        <OtherTag ID="TYPE_17" LABEL="DropCapitalZone"/>
        <OtherTag ID="TYPE_18" LABEL="MainZone-Date"/>
        <OtherTag ID="TYPE_19" LABEL="MainZone-List-Continued"/>
        <OtherTag ID="TYPE_20" LABEL="FigureZone-Head"/>
        <OtherTag ID="TYPE_21" LABEL="GraphicZone-Head"/>
        <OtherTag ID="TYPE_22" LABEL="MainZone-P"/>
        <OtherTag ID="TYPE_23" LABEL="MainZone-Signature"/>
        <OtherTag ID="TYPE_24" LABEL="TitlePageZone-Index"/>
        <OtherTag ID="TYPE_25" LABEL="MainZone-Lg-Continued"/>
        <OtherTag ID="TYPE_26" LABEL="GraphicZone"/>
        <OtherTag ID="TYPE_27" LABEL="MarginTextZone-Notes-Continued"/>
        <OtherTag ID="TYPE_28" LABEL="GraphicZone-TextualContent"/>
        <OtherTag ID="TYPE_29" LABEL="GraphicZone-Maths"/>
        <OtherTag ID="TYPE_30" LABEL="GraphicZone-Part"/>
        <OtherTag ID="TYPE_31" LABEL="MainZone-Other"/>
        <OtherTag ID="TYPE_32" LABEL="FigureZone-FigDesc"/>
        <OtherTag ID="TYPE_33" LABEL="GraphicZone-Decoration"/>
        <OtherTag ID="TYPE_34" LABEL="MainZone-List"/>
        <OtherTag ID="TYPE_35" LABEL="MainZone-Entry"/>
        <OtherTag ID="TYPE_36" LABEL="AdvertisementZone"/>
        <OtherTag ID="TYPE_37" LABEL="TitlePageZone"/>
        <OtherTag ID="TYPE_38" LABEL="StampZone-Sticker"/>
        <OtherTag ID="TYPE_39" LABEL="MainZone-P-Continued"/>
        <OtherTag ID="TYPE_40" LABEL="TableZone"/>
        <OtherTag ID="TYPE_41" LABEL="RunningTitleZone"/>
        <OtherTag ID="TYPE_42" LABEL="QuireMarksZone"/>
    </Tags>
    <Layout>
        <Page WIDTH="1000" HEIGHT="1547" PHYSICAL_IMG_NR="0" ID="page_0">
            <PrintSpace HPOS="0" VPOS="0" WIDTH="1000" HEIGHT="1547">
                <TextBlock ID="block_2" HPOS="243" VPOS="103" WIDTH="328" HEIGHT="41" TAGREFS="TYPE_41">
                    <Shape>
                        <Polygon POINTS="243.8387451171875 103.22200012207031 571.7645874023438 103.22200012207031 571.7645874023438 144.69281005859375 243.8387451171875 144.69281005859375 243.8387451171875 103.22200012207031"/>
                    </Shape>
                    <TextLine ID="line_0" HPOS="242" VPOS="92" WIDTH="330" HEIGHT="58" BASELINE="243 135 572 132" TAGREFS="TYPE_1">
                        <Shape>
                            <Polygon POINTS="243 135 243 147 291 150 292 150 293 150 294 150 298 146 305 142 322 142 329 146 331 147 332 147 333 147 334 147 347 145 356 143 358 145 361 147 361 148 362 148 363 148 403 149 404 149 404 149 405 149 405 148 411 143 413 140 440 140 444 142 455 148 456 148 457 149 489 149 489 148 490 148 509 140 514 140 572 140 572 132 570 97 541 92 540 92 539 92 539 92 532 97 527 101 521 97 512 93 511 93 510 93 484 98 478 99 476 98 465 94 464 94 463 94 462 94 461 94 461 95 457 98 453 103 402 103 392 99 376 93 375 93 329 93 328 93 327 93 313 98 298 94 297 94 296 94 295 94 294 94 287 100 263 97 262 97 242 101 243 135"/>
                        </Shape>
                        <String CONTENT=""/>
                    </TextLine>
</TextBlock>
                <TextBlock ID="block_0" HPOS="694" VPOS="104" WIDTH="64" HEIGHT="44" TAGREFS="TYPE_2">
                    <Shape>
                        <Polygon POINTS="694.4653930664062 104.03468322753906 758.3604125976562 104.03468322753906 758.3604125976562 148.33676147460938 694.4653930664062 148.33676147460938 694.4653930664062 104.03468322753906"/>
                    </Shape>
                    <TextLine ID="line_1" HPOS="693" VPOS="103" WIDTH="57" HEIGHT="53" BASELINE="693 136 750 136" TAGREFS="TYPE_1">
                        <Shape>
                            <Polygon POINTS="693 136 693 154 724 156 725 156 726 156 750 149 750 136 749 103 693 103 693 136"/>
                        </Shape>
                        <String CONTENT=""/>
                    </TextLine>
</TextBlock>
                <TextBlock ID="block_1" HPOS="47" VPOS="161" WIDTH="679" HEIGHT="1092" TAGREFS="TYPE_39">
                    <Shape>
                        <Polygon POINTS="47.852264404296875 161.7923126220703 726.5302734375 161.7923126220703 726.5302734375 1253.716552734375 47.852264404296875 1253.716552734375 47.852264404296875 161.7923126220703"/>
                    </Shape>
                    <TextLine ID="line_2" HPOS="54" VPOS="145" WIDTH="667" HEIGHT="60" BASELINE="55 190 721 184" TAGREFS="TYPE_1">
                        <Shape>
                            <Polygon POINTS="55 190 55 205 112 205 112 204 113 204 114 204 115 203 122 197 150 197 215 197 223 201 224 201 225 201 226 201 226 201 227 201 245 196 294 196 312 200 325 202 325 202 326 202 333 200 343 195 429 195 437 197 448 201 449 201 450 201 451 201 452 201 456 197 459 195 467 197 489 201 490 201 560 195 563 195 576 200 577 200 578 200 640 195 692 199 693 199 720 192 721 184 719 156 696 156 696 155 670 145 669 145 668 145 619 146 618 146 601 154 600 155 595 154 558 147 557 147 556 147 555 147 546 154 543 157 528 158 460 158 454 153 446 147 445 147 444 147 443 147 442 147 424 153 410 158 392 158 383 152 379 150 378 150 377 150 376 150 350 152 300 158 286 152 277 148 276 148 276 148 255 152 233 156 196 152 175 149 174 149 173 149 168 152 161 154 147 152 146 152 145 152 144 152 134 161 101 161 82 151 80 150 79 150 79 150 54 150 55 190"/>
                        </Shape>
                        <String CONTENT=""/>
                    </TextLine>

                    <TextLine ID="line_3" HPOS="55" VPOS="194" WIDTH="663" HEIGHT="57" BASELINE="55 232 718 229" TAGREFS="TYPE_1">
                        <Shape>
                            <Polygon POINTS="55 232 55 245 108 250 109 250 110 250 124 245 128 244 129 245 136 250 137 250 138 250 139 251 161 251 161 250 162 250 186 244 190 244 191 244 206 250 207 250 208 251 276 251 276 250 301 250 302 250 303 250 311 243 315 240 327 240 332 243 347 250 348 250 349 250 349 250 350 250 361 243 366 240 396 242 436 244 437 244 438 244 446 242 450 239 530 239 533 240 540 246 541 246 542 246 543 246 544 246 545 246 553 240 556 239 611 239 613 239 630 249 631 249 631 250 673 250 673 249 674 249 674 249 683 243 704 245 705 245 705 245 718 238 718 229 716 201 668 201 667 201 650 194 649 194 622 194 621 194 620 194 606 201 605 201 564 194 544 194 543 194 542 194 529 201 497 194 496 194 459 201 438 195 437 195 436 195 404 202 404 202 364 196 363 196 362 196 342 202 282 202 266 195 265 195 202 195 202 195 201 195 181 201 153 195 152 195 151 195 124 204 55 204 55 232"/>
                        </Shape>
                        <String CONTENT=""/>
                    </TextLine>

                    <TextLine ID="line_4" HPOS="55" VPOS="242" WIDTH="664" HEIGHT="48" BASELINE="55 275 719 272" TAGREFS="TYPE_1">
                        <Shape>
                            <Polygon POINTS="55 275 56 290 81 283 116 283 130 289 131 289 132 289 133 289 144 283 165 287 165 287 233 283 263 287 275 289 276 289 288 287 319 282 334 287 335 287 336 287 337 287 337 287 345 282 389 282 398 286 404 288 404 288 405 289 471 289 471 288 472 288 472 288 478 285 482 282 505 285 534 287 535 287 552 284 560 281 600 281 603 283 608 287 609 287 610 287 611 287 718 281 719 272 717 248 575 242 574 242 573 242 572 242 567 247 518 248 495 249 466 249 465 248 456 243 455 243 454 243 383 243 382 243 381 243 365 248 364 248 362 248 314 243 313 243 276 248 271 249 268 248 251 244 250 244 249 244 220 248 215 249 213 248 199 244 198 244 197 244 174 249 170 249 166 249 138 244 137 244 103 249 98 249 95 249 68 244 67 244 67 244 55 248 55 275"/>
                        </Shape>
                        <String CONTENT=""/>
                    </TextLine>

                    <TextLine ID="line_5" HPOS="53" VPOS="283" WIDTH="662" HEIGHT="49" BASELINE="54 320 715 317" TAGREFS="TYPE_1">
                        <Shape>
                            <Polygon POINTS="54 320 54 332 714 325 715 317 713 286 680 283 680 283 679 283 671 286 653 293 616 293 605 287 597 283 596 283 595 283 573 287 567 288 560 287 532 284 531 284 530 284 515 288 512 289 511 288 506 285 505 285 504 285 503 285 455 288 404 284 404 284 403 284 387 290 377 295 319 295 315 292 313 290 312 290 312 290 311 290 290 292 266 294 263 293 254 285 253 285 252 285 251 285 251 285 237 289 219 285 218 285 217 285 216 285 188 293 181 296 53 296 54 320"/>
                        </Shape>
                        <String CONTENT=""/>
                    </TextLine>

                    <TextLine ID="line_6" HPOS="54" VPOS="326" WIDTH="667" HEIGHT="53" BASELINE="55 365 435 360 721 362" TAGREFS="TYPE_1">
                        <Shape>
                            <Polygon POINTS="55 365 55 373 141 379 141 379 142 379 155 373 157 373 159 373 194 379 195 379 196 379 196 379 202 373 203 373 213 373 332 378 333 378 334 378 335 378 340 373 342 372 352 373 392 376 392 376 393 376 394 376 398 372 401 372 447 372 455 372 478 377 479 378 557 378 557 377 558 377 558 377 564 372 568 371 618 371 619 372 625 376 625 376 626 376 627 376 720 372 721 362 720 330 693 326 692 326 691 326 690 326 684 330 680 334 668 330 653 326 652 326 651 326 650 326 650 326 644 331 640 335 562 335 558 332 554 328 553 328 552 328 499 327 498 327 472 333 463 336 397 336 394 334 380 328 379 328 311 328 310 328 309 328 294 335 294 336 293 335 284 328 283 328 282 328 282 328 246 332 225 328 224 328 223 328 208 335 197 329 196 329 196 329 195 329 194 329 184 336 182 336 151 330 150 330 149 330 131 336 100 331 99 331 98 331 98 331 91 337 54 337 55 365"/>
                        </Shape>
                        <String CONTENT=""/>
                    </TextLine>

                    <TextLine ID="line_7" HPOS="52" VPOS="368" WIDTH="671" HEIGHT="56" BASELINE="53 409 723 404" TAGREFS="TYPE_1">
                        <Shape>
                            <Polygon POINTS="53 409 53 421 79 416 109 421 135 424 136 424 163 420 186 416 190 420 194 422 195 422 196 422 196 422 214 420 237 415 247 419 258 423 259 423 260 424 295 424 295 423 296 423 297 423 303 419 308 415 312 419 315 421 316 421 317 421 318 421 328 419 341 415 347 418 352 421 353 421 430 422 431 422 453 421 454 421 463 417 470 414 490 417 497 418 498 418 512 417 542 414 546 416 552 421 553 421 554 421 555 422 588 422 588 421 588 421 605 416 615 413 663 413 672 415 687 421 688 421 689 421 723 415 723 404 720 368 685 377 635 377 617 370 614 369 613 369 613 369 612 369 610 370 596 377 485 377 466 372 453 370 452 370 439 372 418 378 392 373 370 371 369 371 368 371 354 374 343 377 319 375 297 373 296 373 295 373 294 373 292 376 287 379 255 376 196 372 196 372 195 372 175 377 142 372 141 372 141 372 140 372 130 379 128 380 52 380 53 409"/>
                        </Shape>
                        <String CONTENT=""/>
                    </TextLine>

                    <TextLine ID="line_8" HPOS="55" VPOS="415" WIDTH="661" HEIGHT="55" BASELINE="55 452 716 449" TAGREFS="TYPE_1">
                        <Shape>
                            <Polygon POINTS="55 452 56 470 73 464 128 469 128 469 171 464 184 469 185 469 186 469 187 469 202 464 245 468 245 468 276 463 293 468 294 468 294 468 363 463 388 468 389 469 454 469 454 468 455 468 456 468 463 464 496 466 497 466 521 462 568 467 569 467 669 462 680 467 680 467 681 468 715 468 716 449 712 416 693 424 535 424 523 416 521 415 521 415 520 415 496 415 496 415 478 416 477 416 476 416 466 424 444 420 443 420 413 424 404 420 404 420 403 420 371 424 359 417 358 416 357 416 356 416 295 416 294 416 289 417 257 425 245 417 245 417 244 417 208 417 208 417 207 417 206 417 194 425 179 417 178 417 177 417 177 417 176 417 175 417 155 426 125 426 116 420 115 420 114 420 113 420 112 420 92 425 79 417 78 417 77 417 76 417 55 417 55 452"/>
                        </Shape>
                        <String CONTENT=""/>
                    </TextLine>

                    <TextLine ID="line_9" HPOS="53" VPOS="458" WIDTH="668" HEIGHT="53" BASELINE="54 495 721 491" TAGREFS="TYPE_1">
                        <Shape>
                            <Polygon POINTS="54 495 54 511 97 504 132 510 134 510 135 510 139 510 170 505 198 509 202 509 203 509 216 508 268 505 279 507 286 509 287 509 288 509 288 509 292 507 300 502 354 502 360 506 361 507 362 507 363 507 364 507 365 507 366 507 368 506 373 502 404 506 420 507 421 507 422 507 426 505 434 502 441 505 452 508 453 508 453 508 454 508 466 504 471 503 473 504 479 507 480 507 481 507 508 504 513 503 517 503 539 507 540 507 541 507 558 503 564 501 569 502 585 507 586 507 587 507 612 502 619 501 634 501 674 505 674 505 720 500 721 491 719 464 633 464 632 464 625 458 624 458 623 458 588 458 588 458 587 458 572 464 570 464 567 464 556 459 555 459 554 459 530 464 524 464 520 464 504 459 503 459 503 459 502 459 501 459 496 464 494 464 485 464 456 459 455 459 454 459 453 459 448 464 444 466 384 466 378 463 370 460 369 460 327 460 326 460 325 460 325 460 320 463 314 467 221 467 215 463 213 461 212 461 211 461 187 461 186 461 185 461 182 463 174 467 53 463 54 495"/>
                        </Shape>
                        <String CONTENT=""/>
                    </TextLine>

                    <TextLine ID="line_10" HPOS="53" VPOS="503" WIDTH="670" HEIGHT="51" BASELINE="54 539 384 536 723 538" TAGREFS="TYPE_1">
                        <Shape>
                            <Polygon POINTS="54 539 54 554 93 553 94 553 95 553 104 546 175 547 190 553 190 553 191 553 192 553 208 546 246 546 262 552 263 553 264 553 265 554 320 554 320 553 321 553 324 552 337 546 359 551 365 553 366 553 367 553 381 551 428 545 570 545 580 550 581 550 582 550 585 550 611 546 623 550 634 552 635 552 636 553 662 553 662 552 662 552 668 549 674 546 721 548 723 538 722 503 660 503 659 503 658 503 657 503 657 504 650 508 623 504 619 504 618 504 617 504 616 504 606 512 570 512 556 505 550 503 549 503 548 503 547 503 540 506 525 512 449 512 443 507 439 503 438 503 437 503 401 503 400 503 399 503 387 508 378 513 346 513 337 508 324 504 323 504 322 504 321 504 310 509 304 512 299 509 288 504 288 504 287 504 244 510 230 513 148 513 147 512 125 504 124 504 123 504 122 504 113 509 104 505 104 505 103 505 53 513 54 539"/>
                        </Shape>
                        <String CONTENT=""/>
                    </TextLine>

                    <TextLine ID="line_11" HPOS="55" VPOS="545" WIDTH="666" HEIGHT="54" BASELINE="55 583 721 578" TAGREFS="TYPE_1">
                        <Shape>
                            <Polygon POINTS="55 583 55 599 192 597 193 597 216 591 232 596 233 596 233 596 234 596 248 591 272 596 275 596 276 596 279 596 311 591 319 595 320 595 321 595 322 595 334 590 372 594 386 596 387 596 388 596 392 594 404 589 422 593 427 595 428 595 429 595 437 593 458 589 472 593 473 593 474 593 532 588 548 592 559 594 560 594 561 594 562 594 565 592 571 588 578 592 584 594 585 594 586 595 609 595 609 594 610 594 611 594 611 593 614 591 619 587 719 589 721 578 718 550 687 552 681 550 673 545 672 545 671 545 650 550 641 552 632 550 623 548 622 548 621 548 620 548 613 550 607 554 543 554 540 551 536 548 535 548 534 548 533 548 515 552 508 553 503 552 487 547 486 547 429 547 428 547 427 547 413 553 411 554 406 553 391 550 390 550 389 550 388 550 388 551 386 554 384 556 324 556 321 554 302 548 301 548 300 548 190 552 166 549 165 549 123 551 122 551 122 551 115 557 55 557 55 583"/>
                        </Shape>
                        <String CONTENT=""/>
                    </TextLine>

                    <TextLine ID="line_12" HPOS="55" VPOS="589" WIDTH="668" HEIGHT="53" BASELINE="55 627 723 622" TAGREFS="TYPE_1">
                        <Shape>
                            <Polygon POINTS="55 627 55 636 140 636 141 636 150 642 151 642 152 642 153 642 165 636 168 635 174 636 193 641 194 641 226 636 235 635 243 636 266 641 267 641 319 636 344 635 359 636 379 639 380 639 380 639 390 636 398 634 402 636 404 638 404 638 405 638 406 638 430 636 463 634 476 636 490 639 490 639 533 636 571 634 588 636 602 638 603 638 617 636 633 634 721 635 723 622 721 595 690 590 689 590 688 590 679 594 673 590 672 590 671 590 670 590 577 595 566 589 565 589 516 589 515 589 515 589 514 589 509 593 477 590 476 590 444 595 418 590 417 590 417 590 404 596 391 590 390 590 389 590 348 597 335 592 334 592 277 591 276 591 234 592 233 592 233 592 226 598 206 592 205 592 204 592 203 592 182 598 175 592 174 592 173 592 172 592 171 592 158 599 88 593 87 593 55 599 55 627"/>
                        </Shape>
                        <String CONTENT=""/>
                    </TextLine>

                    <TextLine ID="line_13" HPOS="54" VPOS="633" WIDTH="669" HEIGHT="53" BASELINE="55 671 723 666" TAGREFS="TYPE_1">
                        <Shape>
                            <Polygon POINTS="55 671 55 684 111 680 119 684 127 686 128 686 128 686 129 686 138 683 142 682 153 683 181 686 182 686 215 682 232 680 234 682 239 685 239 685 240 685 241 685 269 682 276 681 277 681 288 685 289 685 290 685 313 681 327 678 332 681 341 684 342 684 343 685 371 685 371 684 372 684 381 680 386 678 389 680 398 684 399 684 400 684 401 684 417 680 423 678 430 679 449 683 450 683 542 678 548 678 549 678 564 684 564 684 565 684 566 684 567 684 574 678 575 678 578 678 604 683 605 683 629 678 633 677 638 678 676 683 677 683 678 683 679 683 688 677 689 677 722 677 723 666 721 635 670 633 669 633 653 636 634 640 629 636 626 634 625 634 625 634 566 634 565 634 564 634 556 637 547 642 423 642 413 639 398 635 398 635 397 635 343 640 318 642 312 641 301 636 300 636 300 636 269 641 257 642 229 642 120 636 119 636 54 643 55 671"/>
                        </Shape>
                        <String CONTENT=""/>
                    </TextLine>

                    <TextLine ID="line_14" HPOS="55" VPOS="678" WIDTH="668" HEIGHT="52" BASELINE="55 715 723 709" TAGREFS="TYPE_1">
                        <Shape>
                            <Polygon POINTS="55 715 55 730 98 730 98 729 98 729 99 729 99 728 106 724 169 727 170 727 171 727 181 721 203 727 205 727 206 727 211 727 254 722 265 726 275 728 276 728 276 728 301 727 302 727 303 727 307 725 313 721 337 724 355 727 355 727 356 727 362 723 365 722 369 723 380 726 380 726 381 726 382 726 383 726 383 725 386 723 390 720 404 722 425 727 426 727 427 727 445 721 454 719 499 719 517 721 572 726 573 726 574 726 593 721 635 725 636 725 692 718 706 725 707 725 708 725 709 725 710 725 723 717 723 709 722 684 711 678 710 678 709 678 668 684 621 678 620 678 619 678 597 684 504 678 503 678 503 678 481 686 422 686 392 679 391 679 390 679 389 679 380 687 356 687 348 680 347 680 346 680 345 680 269 687 205 681 204 681 203 681 202 681 192 688 165 688 96 682 95 682 55 689 55 715"/>
                        </Shape>
                        <String CONTENT=""/>
                    </TextLine>

                    <TextLine ID="line_15" HPOS="56" VPOS="721" WIDTH="663" HEIGHT="51" BASELINE="57 758 421 754 719 756" TAGREFS="TYPE_1">
                        <Shape>
                            <Polygon POINTS="57 758 57 768 148 772 149 772 150 772 158 769 165 764 293 764 306 769 314 771 315 771 316 771 332 769 361 764 369 769 373 771 374 771 374 771 375 772 418 772 418 771 438 770 439 770 440 770 441 770 449 764 569 764 591 770 595 770 595 770 596 770 597 770 598 770 598 770 599 770 606 764 662 770 663 770 664 770 665 770 680 763 717 770 719 756 718 729 622 729 622 728 612 721 611 721 610 721 609 721 608 721 588 728 586 730 546 730 543 728 521 722 520 722 519 722 518 722 503 728 500 729 495 728 459 722 458 722 407 723 406 723 390 728 383 731 345 731 342 728 335 723 334 723 333 723 332 723 288 728 278 729 274 728 259 723 258 723 257 723 257 723 240 728 231 731 190 731 186 728 181 724 180 724 179 724 178 724 177 724 165 728 159 730 157 728 152 724 151 724 150 724 120 724 119 724 118 724 117 724 111 728 107 730 56 728 57 758"/>
                        </Shape>
                        <String CONTENT=""/>
                    </TextLine>

                    <TextLine ID="line_16" HPOS="55" VPOS="766" WIDTH="668" HEIGHT="49" BASELINE="56 801 723 796" TAGREFS="TYPE_1">
                        <Shape>
                            <Polygon POINTS="56 801 56 814 216 810 237 813 260 815 261 815 288 812 307 809 313 812 323 815 324 815 325 815 362 811 364 811 366 811 388 815 389 815 439 814 440 814 455 809 460 808 468 809 497 814 498 814 530 810 611 813 612 813 613 813 630 809 648 813 649 813 650 813 650 813 658 807 661 807 691 813 692 813 723 806 723 796 721 770 650 771 643 770 633 766 632 766 631 766 631 766 630 766 626 770 623 772 527 772 519 770 512 767 511 767 510 767 490 770 475 771 464 770 449 767 448 767 447 767 447 767 443 770 439 773 429 770 426 769 425 769 424 769 423 769 421 770 413 773 402 770 393 767 392 767 392 767 391 767 390 767 386 770 384 771 374 770 363 768 362 768 361 768 357 770 349 775 283 775 276 770 275 769 274 769 273 769 228 769 227 769 226 769 224 770 212 776 166 776 55 770 56 801"/>
                        </Shape>
                        <String CONTENT=""/>
                    </TextLine>

                    <TextLine ID="line_17" HPOS="55" VPOS="807" WIDTH="670" HEIGHT="53" BASELINE="56 845 725 840" TAGREFS="TYPE_1">
                        <Shape>
                            <Polygon POINTS="56 845 56 860 168 852 184 858 185 858 186 858 187 858 188 858 189 858 198 852 252 856 276 858 276 858 277 858 278 858 278 857 280 856 285 852 319 856 335 856 336 856 355 855 392 850 437 853 496 856 497 856 498 856 499 856 499 856 504 851 507 849 515 851 533 856 533 856 606 856 606 856 607 856 621 850 690 855 691 855 692 855 693 855 700 848 725 847 725 840 723 814 647 807 646 807 645 807 644 807 633 814 631 814 613 814 611 814 592 807 591 807 590 807 589 807 588 807 579 814 578 814 573 814 539 811 539 811 506 814 494 815 490 814 469 808 468 808 467 808 466 808 452 814 448 816 304 816 296 814 283 812 282 812 282 812 281 812 277 814 275 817 270 814 262 810 261 810 260 810 212 814 186 817 172 814 151 811 150 811 55 814 56 845"/>
                        </Shape>
                        <String CONTENT=""/>
                    </TextLine>

                    <TextLine ID="line_18" HPOS="56" VPOS="850" WIDTH="668" HEIGHT="53" BASELINE="57 890 320 886 724 886" TAGREFS="TYPE_1">
                        <Shape>
                            <Polygon POINTS="57 890 57 900 165 898 186 900 206 903 207 903 221 900 246 897 307 900 332 902 333 902 334 902 339 900 353 897 359 900 361 902 361 902 362 902 363 903 394 903 394 902 395 902 396 902 398 900 404 897 437 900 438 900 439 900 457 896 473 900 475 901 476 901 477 902 477 901 478 901 479 900 495 896 509 900 511 901 512 901 513 901 518 900 546 896 565 900 568 901 569 901 570 901 570 901 572 900 587 896 625 900 625 900 658 895 674 900 675 900 676 900 677 900 695 895 723 900 724 886 723 856 635 857 625 856 589 850 588 850 588 850 587 850 577 856 574 859 488 859 486 857 478 851 478 851 477 851 476 851 431 856 410 851 409 851 369 856 312 852 311 852 310 852 309 852 299 859 298 859 294 859 204 853 203 853 165 859 115 853 114 853 113 853 98 861 56 861 57 890"/>
                        </Shape>
                        <String CONTENT=""/>
                    </TextLine>

                    <TextLine ID="line_19" HPOS="55" VPOS="895" WIDTH="669" HEIGHT="51" BASELINE="56 934 392 929 724 930" TAGREFS="TYPE_1">
                        <Shape>
                            <Polygon POINTS="56 934 56 946 108 940 178 940 184 944 185 944 186 944 187 944 222 939 358 944 363 944 364 944 365 944 390 938 443 943 444 943 465 939 503 943 506 943 507 943 513 943 614 938 723 941 724 930 723 902 625 902 610 895 609 895 568 895 567 895 566 895 552 903 552 903 551 903 535 896 534 896 533 896 533 896 511 903 510 903 509 903 483 897 482 897 481 897 461 903 408 896 407 896 406 896 385 904 384 904 383 904 366 897 365 897 364 897 363 897 349 903 333 897 332 897 331 897 331 897 330 897 321 904 321 904 306 904 306 904 273 897 272 897 271 897 253 904 208 898 207 898 166 904 141 898 141 898 106 898 105 898 104 898 104 898 93 904 64 899 63 899 62 899 61 899 55 903 56 934"/>
                        </Shape>
                        <String CONTENT=""/>
                    </TextLine>

                    <TextLine ID="line_20" HPOS="56" VPOS="936" WIDTH="668" HEIGHT="57" BASELINE="57 979 323 973 724 971" TAGREFS="TYPE_1">
                        <Shape>
                            <Polygon POINTS="57 979 57 986 74 993 75 993 76 993 77 993 97 986 98 986 202 992 203 992 204 992 227 984 228 984 229 984 251 989 252 989 314 984 317 984 319 984 355 990 356 990 357 990 358 990 364 986 392 990 393 990 394 990 409 983 409 982 437 982 438 982 452 988 453 988 509 989 510 989 630 980 631 980 632 980 660 987 661 987 662 987 723 978 724 971 722 941 611 942 610 942 597 936 596 936 595 936 552 943 548 943 547 943 539 937 539 937 538 937 510 937 509 937 509 937 493 943 490 944 484 943 438 938 437 938 436 938 435 938 428 944 426 946 382 946 380 945 360 939 359 939 358 939 294 940 263 946 257 947 251 946 218 941 217 941 216 941 199 947 197 947 191 947 143 943 142 943 141 943 128 947 122 948 114 947 83 943 82 943 56 947 57 979"/>
                        </Shape>
                        <String CONTENT=""/>
                    </TextLine>

                    <TextLine ID="line_21" HPOS="56" VPOS="984" WIDTH="668" HEIGHT="50" BASELINE="57 1020 724 1016" TAGREFS="TYPE_1">
                        <Shape>
                            <Polygon POINTS="57 1020 57 1034 89 1033 90 1033 91 1033 98 1028 159 1033 165 1033 166 1033 167 1033 168 1033 181 1028 195 1033 196 1033 196 1033 197 1033 198 1033 204 1027 260 1027 274 1032 277 1033 278 1033 279 1033 280 1033 281 1033 282 1032 289 1027 356 1031 388 1032 389 1032 390 1032 391 1032 393 1030 398 1027 412 1030 419 1031 420 1031 445 1029 483 1027 499 1028 526 1032 527 1032 723 1025 724 1016 723 992 575 984 574 984 573 984 549 992 479 991 472 985 472 985 471 985 470 985 431 991 423 985 423 985 422 985 392 985 392 985 391 985 390 985 379 993 300 987 299 987 298 987 285 993 276 986 276 986 275 986 274 986 273 986 257 993 237 988 236 988 235 988 206 994 153 987 152 987 115 994 79 989 79 989 78 989 56 995 57 1020"/>
                        </Shape>
                        <String CONTENT=""/>
                    </TextLine>

                    <TextLine ID="line_22" HPOS="58" VPOS="1025" WIDTH="668" HEIGHT="51" BASELINE="59 1063 726 1059" TAGREFS="TYPE_1">
                        <Shape>
                            <Polygon POINTS="59 1063 59 1071 68 1076 69 1076 70 1076 127 1072 183 1076 184 1076 184 1076 197 1070 198 1070 236 1070 256 1070 263 1076 263 1076 264 1076 265 1076 333 1070 352 1070 435 1070 439 1070 449 1074 450 1074 451 1074 481 1070 502 1069 546 1069 550 1070 554 1074 555 1074 556 1074 557 1074 591 1070 623 1068 638 1070 650 1073 650 1073 651 1073 656 1070 660 1069 668 1070 677 1073 678 1073 679 1073 725 1070 726 1059 724 1025 694 1025 693 1025 693 1025 692 1025 673 1032 658 1026 656 1025 656 1025 632 1025 631 1025 631 1025 630 1025 628 1027 620 1031 601 1027 592 1025 591 1025 590 1025 586 1027 575 1033 530 1033 517 1028 509 1026 509 1026 508 1026 507 1026 506 1026 503 1028 498 1033 472 1033 466 1029 460 1026 460 1026 459 1026 458 1026 440 1029 422 1033 394 1030 361 1027 360 1027 359 1027 358 1027 351 1031 347 1033 337 1032 329 1030 328 1030 327 1030 326 1030 324 1032 319 1035 231 1035 225 1033 192 1027 191 1027 147 1035 143 1035 137 1035 91 1032 90 1032 58 1036 59 1063"/>
                        </Shape>
                        <String CONTENT=""/>
                    </TextLine>

                    <TextLine ID="line_23" HPOS="57" VPOS="1069" WIDTH="666" HEIGHT="49" BASELINE="58 1107 723 1105" TAGREFS="TYPE_1">
                        <Shape>
                            <Polygon POINTS="58 1107 58 1114 341 1118 342 1118 343 1118 349 1116 359 1113 382 1116 401 1118 402 1118 440 1117 514 1112 533 1117 536 1118 537 1118 538 1118 544 1117 571 1113 721 1118 723 1105 721 1078 668 1078 644 1071 644 1071 643 1071 621 1075 607 1069 606 1069 605 1069 566 1077 501 1069 500 1069 451 1070 450 1070 449 1070 442 1075 343 1070 343 1070 342 1070 324 1078 281 1073 280 1073 279 1073 262 1079 208 1072 208 1072 207 1072 190 1080 142 1080 130 1073 129 1073 128 1073 128 1073 116 1079 84 1070 83 1070 82 1070 81 1070 80 1070 69 1080 57 1080 58 1107"/>
                        </Shape>
                        <String CONTENT=""/>
                    </TextLine>

                    <TextLine ID="line_24" HPOS="56" VPOS="1111" WIDTH="668" HEIGHT="56" BASELINE="57 1151 724 1146" TAGREFS="TYPE_1">
                        <Shape>
                            <Polygon POINTS="57 1151 57 1161 91 1167 92 1167 92 1167 107 1161 110 1159 168 1159 172 1160 192 1166 193 1166 194 1167 245 1167 245 1166 245 1166 257 1161 272 1166 273 1166 274 1166 275 1166 276 1166 276 1165 282 1159 284 1158 288 1159 307 1163 308 1163 342 1158 346 1158 348 1158 362 1164 363 1164 364 1164 474 1160 492 1164 493 1164 494 1164 495 1164 514 1157 516 1156 521 1157 564 1163 565 1163 566 1163 581 1156 584 1156 647 1162 648 1162 723 1155 724 1146 722 1118 689 1118 688 1118 668 1111 668 1111 667 1111 666 1111 650 1118 650 1119 607 1119 606 1119 595 1112 595 1112 594 1112 593 1112 592 1112 578 1118 545 1112 544 1112 543 1112 542 1112 532 1119 531 1120 480 1120 478 1120 466 1112 466 1112 465 1112 464 1112 463 1112 445 1120 444 1120 441 1120 409 1116 408 1116 383 1120 369 1115 368 1115 368 1115 367 1115 352 1121 343 1113 342 1113 341 1113 294 1113 294 1113 245 1121 232 1114 231 1114 190 1114 190 1114 189 1114 188 1114 175 1122 100 1115 99 1115 98 1115 98 1115 85 1123 85 1124 56 1124 57 1151"/>
                        </Shape>
                        <String CONTENT=""/>
                    </TextLine>

                    <TextLine ID="line_25" HPOS="61" VPOS="1156" WIDTH="660" HEIGHT="56" BASELINE="61 1194 721 1190" TAGREFS="TYPE_1">
                        <Shape>
                            <Polygon POINTS="61 1194 61 1210 102 1205 109 1210 110 1211 111 1211 112 1211 113 1212 138 1212 138 1211 139 1211 140 1211 141 1210 147 1205 173 1205 203 1210 211 1210 212 1210 213 1210 214 1210 214 1210 222 1204 340 1208 341 1208 342 1208 343 1208 349 1204 375 1209 380 1210 380 1210 381 1210 383 1209 398 1204 443 1209 453 1210 453 1210 454 1210 455 1210 456 1209 464 1203 575 1209 588 1209 588 1209 644 1208 645 1208 646 1208 654 1202 691 1208 692 1208 693 1208 693 1208 706 1203 718 1208 721 1190 718 1161 683 1162 680 1161 672 1156 671 1156 649 1156 648 1156 647 1156 646 1156 639 1161 638 1162 622 1161 564 1157 564 1157 563 1157 546 1161 539 1163 533 1161 515 1157 514 1157 513 1157 490 1162 484 1163 478 1162 461 1157 460 1157 460 1157 459 1157 441 1162 432 1164 396 1162 332 1159 331 1159 304 1162 293 1164 284 1162 263 1159 263 1159 221 1163 192 1166 185 1163 177 1160 177 1160 176 1160 61 1163 61 1194"/>
                        </Shape>
                        <String CONTENT=""/>
                    </TextLine>

                    <TextLine ID="line_26" HPOS="58" VPOS="1203" WIDTH="448" HEIGHT="56" BASELINE="58 1239 506 1239" TAGREFS="TYPE_1">
                        <Shape>
                            <Polygon POINTS="58 1239 58 1253 151 1253 159 1254 184 1259 184 1259 185 1259 186 1259 191 1255 196 1252 203 1255 212 1259 213 1259 214 1259 214 1259 222 1255 233 1251 257 1252 261 1256 264 1259 265 1259 266 1259 267 1259 268 1259 276 1256 291 1251 315 1256 316 1256 317 1256 318 1256 325 1251 392 1251 419 1251 433 1258 435 1259 435 1259 436 1259 506 1259 506 1239 506 1210 484 1203 483 1203 482 1203 481 1203 480 1203 470 1210 428 1205 427 1205 392 1210 374 1203 374 1203 373 1203 372 1203 357 1210 294 1210 283 1203 282 1203 282 1203 217 1203 216 1203 215 1203 214 1203 214 1204 207 1210 196 1210 190 1204 190 1203 189 1203 188 1203 172 1203 171 1203 171 1203 170 1203 159 1210 141 1204 141 1204 140 1204 58 1210 58 1239"/>
                        </Shape>
                        <String CONTENT=""/>
                    </TextLine>
</TextBlock>
                <TextBlock ID="block_3" HPOS="503" VPOS="1300" WIDTH="92" HEIGHT="47" TAGREFS="TYPE_42">
                    <Shape>
                        <Polygon POINTS="503.04339599609375 1300.7525634765625 595.6314086914062 1300.7525634765625 595.6314086914062 1347.93408203125 503.04339599609375 1347.93408203125 503.04339599609375 1300.7525634765625"/>
                    </Shape>
                    <TextLine ID="line_27" HPOS="511" VPOS="1292" WIDTH="15" HEIGHT="50" BASELINE="512 1326 526 1327" TAGREFS="TYPE_1">
                        <Shape>
                            <Polygon POINTS="512 1326 511 1342 524 1341 526 1327 526 1292 514 1292 512 1326"/>
                        </Shape>
                        <String CONTENT=""/>
                    </TextLine>
</TextBlock>
            </PrintSpace>
        </Page>
    </Layout>
</alto>