<?xml version="1.0" encoding="UTF-8"?>
<alto xmlns:xsi="http://www.w3.org/2001/XMLSchema-instance"
    xmlns="http://www.loc.gov/standards/alto/ns-v4#"
    xsi:schemaLocation="http://www.loc.gov/standards/alto/ns-v4# http://www.loc.gov/standards/alto/v4/alto-4-3.xsd">
    <Description>
        <MeasurementUnit>pixel</MeasurementUnit>
        <sourceImageInformation>
            <fileName>7325952.jpeg</fileName>
        </sourceImageInformation>
        <Processing ID="OCR_0">
            <processingCategory>other</processingCategory>
            <processingStepDescription>unknown</processingStepDescription>
            <processingSoftware>
                <softwareName>kraken</softwareName>
                <softwareVersion>4.3.13</softwareVersion>
            </processingSoftware>
        </Processing>
    </Description>
    <Tags>
        <OtherTag ID="TYPE_1" LABEL="DefaultLine"/>
        <OtherTag ID="TYPE_2" LABEL="NumberingZone"/>
        <OtherTag ID="TYPE_3" LABEL="MainZone-Entry-Continued"/>
        <OtherTag ID="TYPE_4" LABEL="MainZone-Form"/>
        <OtherTag ID="TYPE_5" LABEL="MainZone-Lg"/>
        <OtherTag ID="TYPE_6" LABEL="DigitizationArtefactZone"/>
        <OtherTag ID="TYPE_7" LABEL="TableZone-Head"/>
        <OtherTag ID="TYPE_8" LABEL="MainZone-Sp"/>
        <OtherTag ID="TYPE_9" LABEL="MainZone-Sp-Continued"/>
        <OtherTag ID="TYPE_10" LABEL="TableZone-Continued"/>
        <OtherTag ID="TYPE_11" LABEL="MarginTextZone-ManuscriptAddendum"/>
        <OtherTag ID="TYPE_12" LABEL="GraphicZone-FigDesc"/>
        <OtherTag ID="TYPE_13" LABEL="MarginTextZone-Notes"/>
        <OtherTag ID="TYPE_14" LABEL="StampZone"/>
        <OtherTag ID="TYPE_15" LABEL="FigureZone"/>
        <OtherTag ID="TYPE_16" LABEL="MainZone-Head"/>
        <OtherTag ID="TYPE_17" LABEL="DropCapitalZone"/>
        <OtherTag ID="TYPE_18" LABEL="MainZone-Date"/>
        <OtherTag ID="TYPE_19" LABEL="MainZone-List-Continued"/>
        <OtherTag ID="TYPE_20" LABEL="FigureZone-Head"/>
        <OtherTag ID="TYPE_21" LABEL="GraphicZone-Head"/>
        <OtherTag ID="TYPE_22" LABEL="MainZone-P"/>
        <OtherTag ID="TYPE_23" LABEL="MainZone-Signature"/>
        <OtherTag ID="TYPE_24" LABEL="TitlePageZone-Index"/>
        <OtherTag ID="TYPE_25" LABEL="MainZone-Lg-Continued"/>
        <OtherTag ID="TYPE_26" LABEL="GraphicZone"/>
        <OtherTag ID="TYPE_27" LABEL="MarginTextZone-Notes-Continued"/>
        <OtherTag ID="TYPE_28" LABEL="GraphicZone-TextualContent"/>
        <OtherTag ID="TYPE_29" LABEL="GraphicZone-Maths"/>
        <OtherTag ID="TYPE_30" LABEL="GraphicZone-Part"/>
        <OtherTag ID="TYPE_31" LABEL="MainZone-Other"/>
        <OtherTag ID="TYPE_32" LABEL="FigureZone-FigDesc"/>
        <OtherTag ID="TYPE_33" LABEL="GraphicZone-Decoration"/>
        <OtherTag ID="TYPE_34" LABEL="MainZone-List"/>
        <OtherTag ID="TYPE_35" LABEL="MainZone-Entry"/>
        <OtherTag ID="TYPE_36" LABEL="AdvertisementZone"/>
        <OtherTag ID="TYPE_37" LABEL="TitlePageZone"/>
        <OtherTag ID="TYPE_38" LABEL="StampZone-Sticker"/>
        <OtherTag ID="TYPE_39" LABEL="MainZone-P-Continued"/>
        <OtherTag ID="TYPE_40" LABEL="TableZone"/>
        <OtherTag ID="TYPE_41" LABEL="RunningTitleZone"/>
        <OtherTag ID="TYPE_42" LABEL="QuireMarksZone"/>
    </Tags>
    <Layout>
        <Page WIDTH="1000" HEIGHT="1547" PHYSICAL_IMG_NR="0" ID="page_0">
            <PrintSpace HPOS="0" VPOS="0" WIDTH="1000" HEIGHT="1547">
                <TextBlock ID="textblock_1">
                    
                    <TextLine ID="line_0" HPOS="236" VPOS="1260" WIDTH="27" HEIGHT="54" BASELINE="236 1292 263 1292" TAGREFS="TYPE_1">
                        <Shape>
                            <Polygon POINTS="236 1292 237 1314 263 1306 263 1292 263 1262 236 1260 236 1292"/>
                        </Shape>
                        <String CONTENT=""/>
                    </TextLine>

                </TextBlock>
                <TextBlock ID="block_1" HPOS="385" VPOS="115" WIDTH="469" HEIGHT="42" TAGREFS="TYPE_41">
                    <Shape>
                        <Polygon POINTS="385.5945739746094 115.80415344238281 854.6082153320312 115.80415344238281 854.6082153320312 157.7580108642578 385.5945739746094 157.7580108642578 385.5945739746094 115.80415344238281"/>
                    </Shape>
                    <TextLine ID="line_1" HPOS="386" VPOS="113" WIDTH="468" HEIGHT="49" BASELINE="387 150 854 142" TAGREFS="TYPE_1">
                        <Shape>
                            <Polygon POINTS="679 145 670 145 662 145 653 145 644 145 636 145 627 145 619 145 610 145 601 145 593 145 584 145 576 145 567 146 558 146 550 146 541 146 533 146 524 146 515 146 507 146 498 146 490 146 481 146 472 146 464 146 455 146 447 146 438 146 429 146 421 146 412 146 404 146 395 146 386 146 387 150 387 157 438 162 439 162 490 155 496 155 497 155 509 160 509 160 510 160 511 160 528 156 574 159 575 159 576 159 596 153 599 153 601 153 625 158 625 158 668 152 672 152 674 152 707 157 708 157 709 157 719 152 720 152 721 152 749 157 750 157 751 157 770 151 771 151 772 151 797 156 798 156 799 156 812 150 813 150 825 155 826 155 827 155 853 149 854 142 852 113 698 115 697 115 696 115 682 124 680 125 679 145"/>
                        </Shape>
                        <String CONTENT=""/>
                    </TextLine>
</TextBlock>
                <TextBlock ID="block_0" HPOS="291" VPOS="170" WIDTH="676" HEIGHT="1135" TAGREFS="TYPE_39">
                    <Shape>
                        <Polygon POINTS="291.4425354003906 170.3597869873047 967.556640625 170.3597869873047 967.556640625 1305.0169677734375 291.4425354003906 1305.0169677734375 291.4425354003906 170.3597869873047"/>
                    </Shape>
                    <TextLine ID="line_2" HPOS="291" VPOS="154" WIDTH="660" HEIGHT="65" BASELINE="293 205 951 194" TAGREFS="TYPE_1">
                        <Shape>
                            <Polygon POINTS="293 205 293 214 332 214 333 214 340 219 341 219 342 219 343 219 343 219 353 214 355 213 365 214 407 218 408 218 409 218 410 218 417 214 418 212 471 211 474 213 478 215 478 215 479 215 480 215 481 215 488 213 495 210 501 213 509 216 509 216 510 216 537 213 559 209 568 212 576 215 577 215 578 215 598 212 609 210 620 212 635 214 636 214 656 212 669 210 705 211 748 213 748 213 757 211 779 206 811 211 816 211 817 211 818 211 819 211 819 210 829 204 858 204 880 204 889 210 890 210 891 210 892 210 893 210 894 210 907 205 950 209 951 194 950 156 919 154 918 154 917 154 909 157 896 161 878 158 865 155 864 155 802 156 801 156 800 156 794 160 785 166 759 161 748 159 748 159 747 159 746 159 742 162 733 167 706 163 680 158 680 158 679 158 668 164 659 169 595 171 558 171 553 167 540 161 539 161 539 161 538 161 520 168 515 170 511 169 496 164 496 164 495 164 494 164 480 170 475 172 443 172 436 171 417 165 417 165 416 165 415 165 391 171 356 164 355 164 302 167 301 167 300 167 291 172 293 205"/>
                        </Shape>
                        <String CONTENT=""/>
                    </TextLine>

                    <TextLine ID="line_3" HPOS="294" VPOS="207" WIDTH="659" HEIGHT="55" BASELINE="294 249 953 238" TAGREFS="TYPE_1">
                        <Shape>
                            <Polygon POINTS="294 249 294 256 309 262 310 262 311 262 367 257 402 262 403 262 428 258 445 262 446 262 447 262 463 256 469 254 477 256 496 260 496 260 497 260 508 256 513 253 516 256 522 259 523 259 524 259 525 259 526 259 533 256 538 253 566 255 621 259 622 259 623 259 635 255 644 251 659 255 677 258 678 258 679 258 687 254 696 250 730 254 732 254 733 254 734 254 743 250 773 250 782 254 785 255 785 255 786 256 786 255 787 255 790 254 797 250 824 253 841 256 842 256 843 256 844 256 847 253 856 248 878 253 887 255 888 255 889 255 895 253 911 249 951 252 953 238 950 210 889 213 886 211 879 207 878 207 877 207 877 207 852 212 843 214 840 212 828 207 828 207 827 207 826 207 808 211 790 207 789 207 788 207 787 207 786 207 776 214 774 214 744 214 742 214 730 208 730 208 679 208 678 208 641 216 638 217 583 217 582 217 571 210 570 210 570 210 569 210 542 215 531 212 530 212 529 212 528 212 527 212 521 218 512 212 511 212 510 212 509 212 479 218 467 212 466 212 466 212 383 220 323 214 322 214 321 214 294 222 294 249"/>
                        </Shape>
                        <String CONTENT=""/>
                    </TextLine>

                    <TextLine ID="line_4" HPOS="294" VPOS="248" WIDTH="658" HEIGHT="58" BASELINE="295 292 952 280" TAGREFS="TYPE_1">
                        <Shape>
                            <Polygon POINTS="295 292 295 306 343 299 375 305 385 305 386 305 404 304 456 298 488 301 505 303 506 303 518 300 537 296 552 299 558 300 559 300 574 299 603 295 609 298 617 301 618 301 619 301 644 297 659 294 674 296 706 299 707 299 767 293 768 293 769 293 810 298 811 298 812 298 827 292 828 291 831 292 856 297 857 297 901 296 902 296 921 289 921 288 952 287 952 280 950 254 919 248 918 248 917 248 916 248 906 255 902 256 896 255 889 252 888 252 887 252 886 252 878 255 873 256 871 255 858 249 858 249 857 249 809 250 774 256 761 260 708 260 702 258 686 252 685 252 684 252 683 252 682 252 676 257 617 254 616 254 615 254 597 260 591 262 585 260 564 255 563 255 562 255 531 262 520 263 500 262 441 256 440 256 439 256 438 256 438 257 431 263 429 265 413 263 396 262 395 262 364 264 335 267 327 265 312 261 312 261 311 261 310 261 294 265 295 292"/>
                        </Shape>
                        <String CONTENT=""/>
                    </TextLine>

                    <TextLine ID="line_5" HPOS="294" VPOS="291" WIDTH="660" HEIGHT="57" BASELINE="294 335 954 324" TAGREFS="TYPE_1">
                        <Shape>
                            <Polygon POINTS="294 346 355 343 361 345 371 348 372 348 373 348 374 348 385 344 397 341 409 343 426 348 427 348 428 348 441 342 449 340 506 342 580 343 581 343 599 339 605 338 619 339 694 343 695 343 787 341 788 341 800 336 813 341 814 341 815 341 883 340 884 340 902 332 903 331 954 330 954 324 952 297 901 291 901 291 853 293 852 293 852 293 846 298 845 299 833 298 779 293 778 293 754 299 747 300 737 299 709 294 708 294 707 294 690 299 683 301 677 299 660 295 659 295 658 295 657 295 644 300 638 302 614 300 588 299 588 299 571 301 558 303 548 301 531 298 530 298 529 298 528 298 525 301 522 304 493 305 476 305 472 302 468 299 467 299 466 299 466 299 448 302 433 306 378 306 361 304 344 300 343 300 343 300 335 304 331 305 329 304 325 301 325 301 324 301 323 301 311 304 297 307 294 304 294 335 294 346"/>
                        </Shape>
                        <String CONTENT=""/>
                    </TextLine>

                    <TextLine ID="line_6" HPOS="293" VPOS="333" WIDTH="663" HEIGHT="59" BASELINE="294 377 956 368" TAGREFS="TYPE_1">
                        <Shape>
                            <Polygon POINTS="294 377 294 385 357 392 358 392 412 391 413 391 414 391 421 386 461 391 462 391 463 391 478 385 478 384 480 385 490 389 491 389 492 389 531 385 547 390 548 390 549 390 576 383 582 382 583 383 589 387 590 387 591 387 592 387 593 387 607 383 610 382 612 383 618 387 619 387 619 387 620 387 668 383 692 380 717 382 764 385 765 385 785 381 796 379 803 381 822 386 822 386 823 386 841 385 842 385 843 385 849 381 852 379 859 380 876 385 877 385 877 385 909 385 910 385 911 385 916 380 919 378 924 380 929 382 930 382 931 382 956 379 956 368 954 337 921 333 920 333 920 333 907 338 895 343 826 343 815 340 798 335 797 335 797 335 719 336 718 336 699 342 688 346 669 343 656 342 656 342 655 342 654 342 651 343 649 346 645 343 632 336 631 336 631 336 630 336 615 344 609 348 544 348 541 346 528 338 527 338 527 338 526 338 525 338 517 342 510 338 509 338 509 338 508 338 454 342 441 339 441 339 440 339 387 348 293 351 294 377"/>
                        </Shape>
                        <String CONTENT=""/>
                    </TextLine>

                    <TextLine ID="line_7" HPOS="294" VPOS="379" WIDTH="662" HEIGHT="56" BASELINE="295 421 956 411" TAGREFS="TYPE_1">
                        <Shape>
                            <Polygon POINTS="295 421 295 435 460 428 486 431 501 433 502 433 574 429 643 426 646 428 651 430 652 430 653 430 717 429 717 429 730 426 736 424 769 425 864 427 865 427 956 420 956 411 953 386 829 387 814 379 813 379 790 379 789 379 746 380 745 380 744 380 731 390 687 390 671 383 670 383 669 383 668 383 654 391 626 391 612 383 611 383 610 383 609 383 608 383 599 389 582 384 582 384 581 384 580 384 569 390 559 384 558 384 558 384 519 384 518 384 517 384 516 384 506 392 460 389 459 389 423 393 416 387 415 387 414 387 385 386 384 386 383 386 365 394 350 386 349 386 349 386 294 396 295 421"/>
                        </Shape>
                        <String CONTENT=""/>
                    </TextLine>

                    <TextLine ID="line_8" HPOS="293" VPOS="420" WIDTH="664" HEIGHT="56" BASELINE="294 464 957 455" TAGREFS="TYPE_1">
                        <Shape>
                            <Polygon POINTS="294 464 294 476 370 472 469 473 540 474 541 474 542 474 552 471 563 469 591 470 624 473 625 473 673 469 699 467 710 468 733 471 734 471 755 467 763 466 774 467 812 470 813 470 858 465 860 465 861 465 875 470 876 470 877 470 877 470 898 464 899 464 900 464 927 469 928 469 957 463 957 455 955 420 861 421 860 421 859 421 859 422 847 431 822 431 807 423 804 422 803 422 803 422 802 422 797 424 773 432 696 432 680 427 680 427 679 427 678 427 677 427 676 427 667 432 654 428 653 428 652 428 651 428 650 428 645 434 605 434 582 429 557 425 556 425 534 426 533 426 533 426 525 431 521 434 497 434 492 432 485 428 484 428 484 428 483 428 470 433 460 435 451 433 424 427 423 427 423 427 396 434 390 436 368 436 368 435 357 428 356 428 355 428 355 428 293 437 294 464"/>
                        </Shape>
                        <String CONTENT=""/>
                    </TextLine>

                    <TextLine ID="line_9" HPOS="293" VPOS="467" WIDTH="666" HEIGHT="56" BASELINE="294 507 959 499" TAGREFS="TYPE_1">
                        <Shape>
                            <Polygon POINTS="294 507 294 518 340 523 341 523 342 523 358 517 360 517 361 517 380 522 380 522 381 522 382 522 383 522 389 517 391 516 401 517 437 519 438 519 486 515 503 514 505 515 515 520 516 520 517 521 549 521 549 520 576 519 576 519 577 519 584 514 617 519 618 519 619 519 635 513 636 513 744 512 745 512 756 517 757 517 758 518 825 518 825 517 852 516 853 516 854 516 864 510 865 510 891 516 892 516 893 516 905 509 907 509 958 509 959 499 957 474 930 474 917 467 916 467 915 467 914 467 888 474 875 468 874 468 873 468 833 474 765 469 764 469 763 469 742 476 665 470 664 470 626 477 575 471 574 471 573 471 572 471 564 477 547 472 546 472 546 472 545 472 544 472 534 479 454 479 431 473 430 473 429 473 429 473 428 473 417 480 375 474 374 474 374 474 373 474 361 481 333 476 332 476 293 482 294 507"/>
                        </Shape>
                        <String CONTENT=""/>
                    </TextLine>

                    <TextLine ID="line_10" HPOS="295" VPOS="508" WIDTH="663" HEIGHT="56" BASELINE="296 550 958 541" TAGREFS="TYPE_1">
                        <Shape>
                            <Polygon POINTS="296 550 296 558 361 564 361 564 438 557 454 562 455 562 456 563 494 563 494 562 495 562 507 556 536 562 537 562 538 562 561 556 602 556 616 561 617 561 618 561 649 560 650 560 650 560 657 555 684 559 685 559 686 559 696 555 728 558 729 558 730 558 730 558 736 554 754 559 754 559 755 559 756 559 757 559 764 555 806 558 807 558 829 554 888 557 889 557 889 557 904 551 940 556 941 556 942 556 958 550 958 541 956 508 890 513 882 510 881 510 880 510 851 516 840 512 840 512 839 512 838 512 822 519 771 519 760 512 758 511 757 511 756 511 741 511 740 511 739 511 734 513 717 519 711 513 708 511 707 511 706 511 693 511 692 511 653 512 652 512 651 512 648 514 638 521 624 522 457 523 425 519 414 518 413 518 400 519 383 522 373 520 361 518 361 518 360 518 350 520 345 522 341 520 327 516 326 516 325 516 295 521 296 550"/>
                        </Shape>
                        <String CONTENT=""/>
                    </TextLine>

                    <TextLine ID="line_11" HPOS="294" VPOS="554" WIDTH="665" HEIGHT="56" BASELINE="295 594 959 585" TAGREFS="TYPE_1">
                        <Shape>
                            <Polygon POINTS="295 594 295 605 342 610 343 610 343 610 360 605 368 603 375 605 394 609 395 609 429 604 440 602 447 603 470 608 471 608 472 608 472 608 478 603 481 601 498 601 515 602 566 606 567 606 568 606 569 606 576 601 595 606 595 606 596 606 624 600 630 599 641 600 701 605 702 605 703 605 704 605 711 599 711 599 717 599 759 602 760 602 760 602 774 598 778 597 779 598 791 603 791 603 792 604 817 604 817 603 818 603 819 603 826 598 854 602 855 602 882 596 883 596 885 596 928 601 929 601 959 594 959 585 957 559 858 554 857 554 856 554 855 554 849 559 847 560 841 559 824 556 823 556 809 559 802 561 795 559 778 555 777 555 776 555 775 555 765 559 760 562 744 559 717 556 717 556 673 560 635 563 630 560 627 557 626 557 625 557 604 557 603 557 602 557 593 560 578 564 470 561 442 560 441 560 441 560 440 560 439 561 432 567 414 567 402 562 401 562 400 562 399 562 398 562 392 568 361 568 348 562 347 562 346 562 345 562 344 562 337 568 294 562 295 594"/>
                        </Shape>
                        <String CONTENT=""/>
                    </TextLine>

                    <TextLine ID="line_12" HPOS="298" VPOS="598" WIDTH="659" HEIGHT="53" BASELINE="299 638 957 630" TAGREFS="TYPE_1">
                        <Shape>
                            <Polygon POINTS="299 638 299 646 319 651 320 651 362 646 374 645 388 646 440 650 441 650 441 650 451 646 455 644 467 646 492 649 493 649 494 649 495 649 499 646 502 643 540 643 563 646 590 648 591 648 619 645 647 642 691 645 717 647 717 647 742 645 801 641 808 645 809 645 809 645 810 645 811 645 812 645 825 640 956 644 957 630 956 605 907 598 907 598 906 598 895 604 875 600 874 600 846 605 837 599 836 599 835 599 811 599 810 599 809 599 783 606 748 606 739 599 738 599 737 599 736 599 704 604 665 600 664 600 632 607 577 602 576 602 576 602 575 602 565 608 504 603 503 603 467 609 447 603 446 603 445 603 444 603 428 609 348 611 338 605 337 605 337 605 336 605 298 611 299 638"/>
                        </Shape>
                        <String CONTENT=""/>
                    </TextLine>

                    <TextLine ID="line_13" HPOS="297" VPOS="641" WIDTH="665" HEIGHT="54" BASELINE="298 680 962 672" TAGREFS="TYPE_1">
                        <Shape>
                            <Polygon POINTS="298 680 298 690 481 695 482 695 508 689 516 687 539 687 542 689 547 693 548 693 549 693 550 694 629 694 629 693 630 693 647 688 656 685 668 688 687 691 688 691 689 691 701 687 704 687 708 687 736 691 737 691 738 691 752 687 764 684 810 684 814 687 818 690 819 690 820 690 821 690 841 686 861 683 867 686 868 687 869 687 870 687 871 687 878 686 908 682 961 685 962 672 959 642 871 648 863 644 856 641 855 641 854 641 853 641 852 641 848 644 842 649 802 649 792 646 781 642 780 642 779 642 779 642 766 647 754 650 741 647 736 646 736 646 735 646 723 648 693 651 671 648 629 643 628 643 567 651 548 653 542 651 523 645 522 645 496 645 495 645 494 645 493 645 484 652 441 646 441 646 440 646 423 654 422 654 419 654 386 647 385 647 384 647 363 655 362 655 361 655 330 648 329 648 328 648 297 656 298 680"/>
                        </Shape>
                        <String CONTENT=""/>
                    </TextLine>

                    <TextLine ID="line_14" HPOS="300" VPOS="681" WIDTH="660" HEIGHT="58" BASELINE="300 726 960 715" TAGREFS="TYPE_1">
                        <Shape>
                            <Polygon POINTS="300 726 300 739 355 733 397 738 409 739 410 739 449 738 450 738 455 736 470 731 523 734 552 736 553 736 554 736 563 733 576 729 587 733 591 734 592 734 593 734 650 731 689 729 695 730 713 733 714 733 739 729 753 727 763 728 784 733 785 733 785 733 797 727 801 725 865 725 867 726 874 731 875 731 876 731 877 732 904 732 904 731 960 723 960 715 957 681 930 685 924 682 924 681 923 681 922 681 921 681 864 682 863 682 862 682 860 684 847 691 809 684 796 683 795 683 766 684 766 684 765 684 761 686 752 693 737 694 685 694 678 688 674 685 674 685 673 685 659 685 658 685 657 685 656 685 652 689 645 695 628 696 574 696 565 691 560 689 559 689 558 689 558 689 546 692 532 697 451 697 441 695 410 689 409 689 408 689 407 689 407 690 399 696 398 697 388 697 344 694 343 694 300 698 300 726"/>
                        </Shape>
                        <String CONTENT=""/>
                    </TextLine>

                    <TextLine ID="line_15" HPOS="299" VPOS="727" WIDTH="663" HEIGHT="55" BASELINE="300 767 962 759" TAGREFS="TYPE_1">
                        <Shape>
                            <Polygon POINTS="832 733 829 729 829 729 828 729 813 734 812 734 810 734 800 730 799 730 798 730 762 733 741 727 740 727 739 727 693 732 680 728 680 728 679 728 678 728 664 736 663 736 662 736 638 731 637 731 601 736 571 730 570 730 570 730 569 730 558 737 558 738 518 738 517 738 504 731 503 731 472 731 472 731 471 731 470 731 461 738 413 732 412 732 411 732 411 732 399 739 398 739 362 739 360 739 319 733 319 733 318 733 299 739 300 767 300 782 327 776 368 781 372 781 373 781 376 781 405 776 429 780 433 780 434 780 435 780 436 779 447 775 545 777 590 778 591 778 604 776 621 773 677 775 739 776 740 776 741 776 747 773 751 771 773 773 813 776 814 776 961 769 962 759 961 733 942 727 941 727 940 727 939 727 938 727 932 733 931 733 883 733 881 733 875 729 874 729 873 729 872 729 840 733 833 730 832 733"/>
                        </Shape>
                        <String CONTENT=""/>
                    </TextLine>

                    <TextLine ID="line_16" HPOS="298" VPOS="768" WIDTH="664" HEIGHT="57" BASELINE="299 811 962 802" TAGREFS="TYPE_1">
                        <Shape>
                            <Polygon POINTS="299 811 299 819 430 819 432 819 436 823 437 823 438 823 439 823 460 819 464 819 466 819 497 825 498 825 499 825 500 825 509 819 551 825 552 825 552 825 575 818 578 817 590 817 686 823 687 823 687 823 704 818 736 821 737 821 738 821 753 815 754 815 759 815 828 821 828 821 858 816 864 820 865 820 865 820 866 820 905 819 906 819 907 819 914 813 914 813 938 819 938 819 939 819 940 819 962 813 962 802 960 771 895 768 894 768 893 768 892 768 889 771 882 777 833 777 824 772 819 770 818 770 766 770 765 770 764 770 763 770 760 772 754 777 730 778 711 773 703 770 702 770 701 770 700 770 695 773 683 780 664 780 645 773 638 771 638 771 637 771 610 772 609 772 608 772 607 774 597 780 562 776 561 776 494 782 466 776 466 776 465 776 451 782 440 775 439 775 438 775 437 775 436 775 435 775 426 783 394 783 374 776 372 775 371 775 370 775 353 776 348 776 347 776 346 776 337 783 298 776 299 811"/>
                        </Shape>
                        <String CONTENT=""/>
                    </TextLine>

                    <TextLine ID="line_17" HPOS="300" VPOS="811" WIDTH="663" HEIGHT="57" BASELINE="301 855 963 845" TAGREFS="TYPE_1">
                        <Shape>
                            <Polygon POINTS="301 855 301 868 355 867 356 867 357 867 365 862 405 867 416 868 417 868 417 868 418 868 418 867 419 867 423 862 435 866 435 866 436 866 437 866 449 861 537 864 577 865 578 865 579 865 588 862 607 858 633 862 651 864 652 864 669 861 689 857 741 860 773 861 773 861 774 861 779 859 785 856 792 858 800 862 801 862 802 862 840 862 840 862 876 857 889 861 889 861 890 861 891 861 901 856 903 855 915 856 952 860 953 860 954 860 963 855 963 845 960 817 934 818 929 817 910 811 909 811 908 811 907 811 893 817 886 819 871 817 851 813 850 813 849 813 841 817 834 820 777 818 760 817 760 817 742 818 664 822 656 818 650 815 649 815 648 815 618 819 589 821 572 819 557 816 556 816 555 816 548 819 534 825 526 819 524 817 523 817 522 817 482 817 481 817 440 819 429 820 428 820 416 826 401 819 399 819 398 819 398 819 397 819 394 819 376 826 300 820 301 855"/>
                        </Shape>
                        <String CONTENT=""/>
                    </TextLine>

                    <TextLine ID="line_18" HPOS="298" VPOS="855" WIDTH="665" HEIGHT="56" BASELINE="299 897 963 888" TAGREFS="TYPE_1">
                        <Shape>
                            <Polygon POINTS="299 897 299 906 350 911 351 911 352 911 365 906 423 911 423 911 424 911 425 911 433 905 439 910 440 910 441 910 441 911 490 911 490 910 963 898 963 888 961 862 938 862 938 862 928 855 927 855 926 855 926 855 925 855 901 861 836 856 835 856 834 856 834 856 825 862 762 856 761 856 760 856 760 856 746 865 745 865 742 865 708 862 707 862 618 867 610 867 609 867 601 861 600 861 599 861 598 861 597 861 588 865 562 861 561 861 560 861 541 868 540 868 539 868 513 863 512 863 511 863 503 868 478 861 477 861 476 861 442 869 433 869 402 869 385 862 384 862 383 862 382 862 365 869 349 862 349 862 315 862 314 862 313 862 298 869 299 897"/>
                        </Shape>
                        <String CONTENT=""/>
                    </TextLine>

                    <TextLine ID="line_19" HPOS="301" VPOS="899" WIDTH="663" HEIGHT="56" BASELINE="302 941 964 932" TAGREFS="TYPE_1">
                        <Shape>
                            <Polygon POINTS="302 941 303 955 321 949 346 954 348 954 349 954 360 954 500 947 521 950 531 952 532 952 607 951 607 951 614 948 620 946 651 947 698 950 699 950 744 945 766 943 782 944 830 948 831 948 856 943 884 947 885 947 886 947 897 941 898 941 900 941 919 947 920 947 920 947 964 940 964 932 963 909 941 899 940 899 939 899 880 900 879 900 851 909 805 901 804 901 803 901 803 901 790 909 773 904 773 904 772 904 771 904 770 904 759 911 699 906 698 906 697 906 679 911 666 904 665 904 664 904 663 904 652 909 636 904 635 904 634 904 633 904 632 904 624 912 564 914 554 914 543 904 542 904 541 904 518 904 517 904 516 904 498 914 471 914 459 906 458 906 457 906 456 906 401 915 368 906 368 906 367 906 301 917 302 941"/>
                        </Shape>
                        <String CONTENT=""/>
                    </TextLine>

                    <TextLine ID="line_20" HPOS="301" VPOS="941" WIDTH="664" HEIGHT="55" BASELINE="302 984 965 976" TAGREFS="TYPE_1">
                        <Shape>
                            <Polygon POINTS="302 984 302 992 448 996 449 996 450 996 451 996 459 991 496 996 497 996 498 996 508 991 595 995 596 995 597 995 598 995 606 990 637 994 638 994 743 988 794 992 795 992 796 992 818 987 890 991 891 991 965 984 965 976 963 951 930 951 929 950 913 941 912 941 911 941 865 942 826 950 816 952 813 950 802 943 801 943 800 943 799 943 798 943 779 950 773 952 767 950 749 943 748 943 748 943 717 950 702 953 673 950 657 948 656 948 656 948 652 950 644 953 613 950 612 950 611 950 595 954 558 949 541 947 540 947 539 947 532 949 509 955 501 949 499 947 498 947 497 947 448 947 447 947 435 949 403 956 376 951 375 951 374 951 351 957 337 949 337 948 337 948 336 948 335 948 301 948 302 984"/>
                        </Shape>
                        <String CONTENT=""/>
                    </TextLine>

                    <TextLine ID="line_21" HPOS="304" VPOS="986" WIDTH="661" HEIGHT="54" BASELINE="305 1027 965 1019" TAGREFS="TYPE_1">
                        <Shape>
                            <Polygon POINTS="305 1027 305 1040 406 1034 423 1039 425 1039 426 1039 427 1039 431 1039 460 1033 503 1037 518 1038 519 1038 520 1038 523 1037 532 1033 540 1036 543 1037 544 1037 545 1037 558 1036 599 1032 633 1034 657 1036 658 1036 669 1033 682 1031 709 1033 740 1035 741 1035 742 1035 753 1032 760 1030 776 1032 795 1033 796 1033 894 1029 921 1028 923 1028 932 1033 933 1033 934 1033 964 1027 965 1019 963 986 936 991 917 986 916 986 915 986 914 986 914 986 912 986 878 995 826 988 825 988 824 988 803 996 766 988 762 988 761 988 760 988 760 988 742 997 713 997 705 990 705 990 704 990 703 990 668 996 656 991 656 991 655 991 635 995 619 990 618 990 617 990 616 990 595 999 527 999 516 991 515 991 515 991 514 991 509 991 474 993 473 993 472 993 466 998 460 993 460 993 459 993 458 993 457 993 440 998 425 992 424 992 423 992 423 992 422 992 405 996 395 992 394 992 393 992 392 992 388 992 361 996 304 994 305 1027"/>
                        </Shape>
                        <String CONTENT=""/>
                    </TextLine>

                    <TextLine ID="line_22" HPOS="304" VPOS="1030" WIDTH="662" HEIGHT="52" BASELINE="305 1069 966 1063" TAGREFS="TYPE_1">
                        <Shape>
                            <Polygon POINTS="305 1069 305 1076 360 1082 361 1082 398 1076 399 1076 400 1076 492 1082 493 1082 494 1082 514 1076 586 1081 587 1081 588 1081 606 1075 610 1075 763 1079 764 1079 793 1074 804 1078 805 1078 806 1078 846 1074 917 1077 918 1077 919 1077 929 1072 938 1076 938 1076 939 1076 966 1071 966 1063 963 1037 926 1038 924 1037 909 1030 908 1030 907 1030 907 1030 906 1030 897 1037 895 1039 852 1039 849 1038 830 1031 829 1031 797 1031 796 1031 795 1031 794 1031 790 1035 777 1031 776 1031 775 1031 725 1039 722 1039 711 1032 711 1032 710 1032 693 1032 692 1032 691 1032 690 1032 680 1039 680 1040 665 1039 602 1037 601 1037 582 1041 580 1041 579 1041 565 1033 564 1033 542 1033 541 1033 540 1033 539 1033 528 1041 493 1033 492 1033 459 1041 426 1034 425 1034 424 1034 423 1034 411 1042 392 1043 387 1043 369 1035 368 1035 368 1035 367 1035 348 1040 315 1035 314 1035 313 1035 312 1035 304 1041 305 1069"/>
                        </Shape>
                        <String CONTENT=""/>
                    </TextLine>

                    <TextLine ID="line_23" HPOS="306" VPOS="1071" WIDTH="660" HEIGHT="58" BASELINE="306 1114 966 1106" TAGREFS="TYPE_1">
                        <Shape>
                            <Polygon POINTS="830 1082 828 1079 825 1079 775 1073 774 1073 773 1073 773 1073 762 1080 760 1081 736 1080 641 1075 640 1075 639 1075 638 1075 631 1081 627 1082 618 1081 601 1076 600 1076 578 1081 564 1083 557 1081 546 1076 545 1076 544 1076 509 1081 485 1084 470 1082 459 1079 458 1079 457 1079 448 1082 434 1085 429 1082 425 1078 424 1078 423 1078 408 1078 407 1078 406 1078 405 1078 401 1082 397 1085 390 1082 385 1079 384 1079 383 1079 370 1082 359 1084 354 1082 349 1079 348 1079 347 1079 306 1082 306 1114 306 1125 330 1129 331 1129 331 1129 332 1129 337 1125 342 1123 376 1123 386 1125 409 1128 410 1128 449 1123 467 1121 475 1123 492 1127 493 1127 494 1127 495 1127 513 1122 521 1120 532 1122 564 1126 565 1126 628 1125 629 1125 650 1119 654 1118 658 1119 674 1125 675 1125 676 1125 704 1118 710 1118 723 1118 771 1121 772 1121 773 1121 773 1121 779 1117 779 1117 785 1117 833 1123 834 1123 834 1123 851 1116 852 1116 855 1116 907 1119 907 1119 966 1113 966 1106 964 1079 932 1079 918 1071 917 1071 916 1071 841 1079 833 1080 831 1079 830 1082"/>
                        </Shape>
                        <String CONTENT=""/>
                    </TextLine>

                    <TextLine ID="line_24" HPOS="305" VPOS="1118" WIDTH="663" HEIGHT="52" BASELINE="306 1158 968 1148" TAGREFS="TYPE_1">
                        <Shape>
                            <Polygon POINTS="306 1158 306 1170 471 1164 482 1167 492 1169 493 1169 494 1169 495 1169 496 1169 499 1167 503 1164 521 1166 542 1167 543 1167 544 1167 552 1165 558 1163 577 1164 617 1167 618 1167 619 1167 631 1163 638 1161 644 1163 661 1167 662 1167 846 1160 911 1163 912 1163 968 1155 968 1148 966 1124 903 1118 902 1118 901 1118 892 1124 890 1125 834 1125 831 1124 822 1118 821 1118 820 1118 802 1118 801 1118 761 1124 744 1126 728 1124 698 1119 697 1119 696 1119 680 1124 669 1127 612 1125 581 1123 580 1123 579 1123 578 1123 576 1125 570 1130 552 1130 508 1125 490 1123 489 1123 488 1123 484 1125 476 1129 435 1125 423 1124 423 1124 413 1125 358 1132 338 1125 337 1125 305 1125 306 1158"/>
                        </Shape>
                        <String CONTENT=""/>
                    </TextLine>

                    <TextLine ID="line_25" HPOS="306" VPOS="1161" WIDTH="659" HEIGHT="55" BASELINE="306 1200 965 1192" TAGREFS="TYPE_1">
                        <Shape>
                            <Polygon POINTS="306 1200 306 1211 361 1216 362 1216 388 1210 389 1210 392 1210 452 1214 453 1214 453 1214 471 1209 472 1209 472 1209 482 1214 483 1214 484 1214 484 1214 499 1209 504 1207 532 1207 533 1208 542 1214 543 1214 544 1214 545 1215 566 1215 566 1214 567 1214 568 1214 576 1207 577 1206 594 1207 659 1210 660 1210 661 1210 662 1210 668 1205 668 1204 701 1204 706 1205 744 1211 745 1211 746 1211 772 1204 774 1204 789 1204 790 1204 797 1210 797 1210 798 1210 799 1210 800 1210 801 1210 810 1204 823 1210 824 1210 825 1210 898 1210 965 1200 965 1192 963 1167 817 1168 802 1161 801 1161 767 1161 766 1161 766 1161 745 1169 638 1162 638 1162 637 1162 617 1171 555 1164 554 1164 515 1172 505 1165 504 1165 503 1165 455 1165 454 1165 385 1172 349 1167 348 1167 347 1167 346 1167 333 1175 306 1175 306 1200"/>
                        </Shape>
                        <String CONTENT=""/>
                    </TextLine>

                    <TextLine ID="line_26" HPOS="306" VPOS="1204" WIDTH="660" HEIGHT="55" BASELINE="306 1245 966 1237" TAGREFS="TYPE_1">
                        <Shape>
                            <Polygon POINTS="306 1245 306 1254 317 1259 318 1259 319 1259 354 1254 362 1253 365 1254 377 1259 378 1259 379 1259 380 1259 393 1254 398 1253 453 1253 511 1255 512 1255 558 1253 632 1250 693 1253 735 1254 736 1254 736 1254 737 1254 740 1253 747 1248 850 1252 880 1253 881 1253 882 1253 883 1252 894 1247 903 1252 904 1252 905 1252 906 1252 966 1251 966 1237 965 1211 953 1206 952 1206 951 1206 928 1211 906 1204 905 1204 904 1204 903 1204 883 1210 867 1205 866 1205 865 1205 865 1205 864 1205 853 1212 852 1213 838 1213 837 1213 820 1204 819 1204 818 1204 796 1205 795 1205 794 1205 785 1213 784 1214 704 1214 694 1207 693 1207 693 1207 672 1206 671 1206 670 1206 653 1215 652 1215 632 1207 631 1207 631 1207 630 1207 629 1207 616 1215 615 1216 578 1216 524 1216 509 1209 509 1209 478 1209 478 1209 477 1209 448 1217 447 1217 446 1217 434 1210 433 1210 432 1210 431 1210 430 1210 419 1216 410 1210 409 1210 408 1210 380 1210 379 1210 378 1210 346 1218 306 1218 306 1245"/>
                        </Shape>
                        <String CONTENT=""/>
                    </TextLine>

                    <TextLine ID="line_27" HPOS="306" VPOS="1245" WIDTH="659" HEIGHT="66" BASELINE="306 1290 965 1281" TAGREFS="TYPE_1">
                        <Shape>
                            <Polygon POINTS="306 1290 306 1308 365 1311 366 1311 367 1311 375 1307 382 1302 463 1301 470 1304 471 1305 472 1305 472 1305 473 1305 481 1304 509 1300 516 1303 518 1304 519 1304 520 1304 533 1303 553 1301 556 1302 564 1308 565 1308 566 1308 567 1308 621 1308 677 1300 680 1300 682 1300 742 1303 742 1303 743 1303 762 1298 768 1296 772 1297 782 1302 783 1302 885 1304 886 1304 887 1304 888 1304 902 1295 903 1294 965 1293 965 1281 963 1253 899 1245 898 1245 837 1253 832 1253 830 1253 813 1247 812 1247 811 1247 810 1247 809 1247 801 1253 794 1247 793 1247 792 1247 767 1247 766 1247 766 1247 765 1247 754 1253 752 1255 720 1255 718 1253 707 1248 706 1248 705 1248 705 1248 690 1254 686 1255 679 1254 654 1249 653 1249 631 1254 623 1256 619 1254 608 1249 607 1249 607 1249 580 1254 568 1258 515 1258 509 1255 495 1251 494 1251 493 1251 460 1255 435 1259 404 1256 368 1253 368 1253 306 1256 306 1290"/>
                        </Shape>
                        <String CONTENT=""/>
                    </TextLine>
</TextBlock>
            </PrintSpace>
        </Page>
    </Layout>
</alto>